;Scopy version,f4beeb1
;Exported on,mardi vrier 24/02/2026
;Device,M2K
;Nr of samples,8000
;Sample rate,1000
;Tool,Oscilloscope
;Additional Information,
Sample,Time(S),CH1(V)
0,-4.267,0.27986
1,-4.266,0.27986
2,-4.265,0.27986
3,-4.264,0.175529
4,-4.263,0.257255
5,-4.262,0.151185
6,-4.261,0.14423
7,-4.26,0.14423
8,-4.259,0.142491
9,-4.258,0.142491
10,-4.257,0.142491
11,-4.256,0.142491
12,-4.255,0.142491
13,-4.254,0.142491
14,-4.253,0.142491
15,-4.252,0.142491
16,-4.251,0.142491
17,-4.25,0.14423
18,-4.249,0.139013
19,-4.248,0.272905
20,-4.247,0.170313
21,-4.246,0.145969
22,-4.245,0.142491
23,-4.244,0.142491
24,-4.243,0.142491
25,-4.242,0.142491
26,-4.241,0.142491
27,-4.24,0.142491
28,-4.239,0.142491
29,-4.238,0.142491
30,-4.237,0.142491
31,-4.236,0.142491
32,-4.235,0.14423
33,-4.234,0.137275
34,-4.233,0.224217
35,-4.232,0.215523
36,-4.231,0.149447
37,-4.23,0.14423
38,-4.229,0.14423
39,-4.228,0.142491
40,-4.227,0.142491
41,-4.226,0.142491
42,-4.225,0.142491
43,-4.224,0.142491
44,-4.223,0.142491
45,-4.222,0.142491
46,-4.221,0.142491
47,-4.22,0.142491
48,-4.219,0.14423
49,-4.218,0.165096
50,-4.217,0.264211
51,-4.216,0.154663
52,-4.215,0.145969
53,-4.214,0.142491
54,-4.213,0.142491
55,-4.212,0.142491
56,-4.211,0.142491
57,-4.21,0.142491
58,-4.209,0.142491
59,-4.208,0.142491
60,-4.207,0.142491
61,-4.206,0.142491
62,-4.205,0.142491
63,-4.204,0.145969
64,-4.203,0.137275
65,-4.202,0.264211
66,-4.201,0.177268
67,-4.2,0.147708
68,-4.199,0.142491
69,-4.198,0.142491
70,-4.197,0.142491
71,-4.196,0.142491
72,-4.195,0.142491
73,-4.194,0.142491
74,-4.193,0.142491
75,-4.192,0.142491
76,-4.191,0.142491
77,-4.19,0.142491
78,-4.189,0.14423
79,-4.188,0.139013
80,-4.187,0.212045
81,-4.186,0.227695
82,-4.185,0.149447
83,-4.184,0.14423
84,-4.183,0.14423
85,-4.182,0.142491
86,-4.181,0.142491
87,-4.18,0.142491
88,-4.179,0.142491
89,-4.178,0.142491
90,-4.177,0.142491
91,-4.176,0.142491
92,-4.175,0.142491
93,-4.174,0.142491
94,-4.173,0.14423
95,-4.172,0.154663
96,-4.171,0.267688
97,-4.17,0.158141
98,-4.169,0.145969
99,-4.168,0.142491
100,-4.167,0.142491
101,-4.166,0.142491
102,-4.165,0.142491
103,-4.164,0.142491
104,-4.163,0.142491
105,-4.162,0.142491
106,-4.161,0.142491
107,-4.16,0.142491
108,-4.159,0.142491
109,-4.158,0.14423
110,-4.157,0.139013
111,-4.156,0.187701
112,-4.155,0.145969
113,-4.154,0.14423
114,-4.153,0.14423
115,-4.152,0.152924
116,-4.151,0.142491
117,-4.15,0.14423
118,-4.149,0.142491
119,-4.148,0.14423
120,-4.147,0.158141
121,-4.146,0.260733
122,-4.145,0.269427
123,-4.144,0.272905
124,-4.143,0.267688
125,-4.142,0.269427
126,-4.141,0.269427
127,-4.14,0.269427
128,-4.139,0.265949
129,-4.138,0.269427
130,-4.137,0.267688
131,-4.136,0.269427
132,-4.135,0.265949
133,-4.134,0.267688
134,-4.133,0.267688
135,-4.132,0.267688
136,-4.131,0.267688
137,-4.13,0.265949
138,-4.129,0.269427
139,-4.128,0.267688
140,-4.127,0.265949
141,-4.126,0.274644
142,-4.125,0.194657
143,-4.124,0.151185
144,-4.123,0.145969
145,-4.122,0.145969
146,-4.121,0.14423
147,-4.12,0.14423
148,-4.119,0.14423
149,-4.118,0.14423
150,-4.117,0.14423
151,-4.116,0.14423
152,-4.115,0.14423
153,-4.114,0.14423
154,-4.113,0.14423
155,-4.112,0.14423
156,-4.111,0.14423
157,-4.11,0.14423
158,-4.109,0.14423
159,-4.108,0.14423
160,-4.107,0.14423
161,-4.106,0.14423
162,-4.105,0.14423
163,-4.104,0.14423
164,-4.103,0.14423
165,-4.102,0.14423
166,-4.101,0.14423
167,-4.1,0.14423
168,-4.099,0.14423
169,-4.098,0.14423
170,-4.097,0.14423
171,-4.096,0.14423
172,-4.095,0.14423
173,-4.094,0.14423
174,-4.093,0.14423
175,-4.092,0.14423
176,-4.091,0.14423
177,-4.09,0.14423
178,-4.089,0.14423
179,-4.088,0.14423
180,-4.087,0.14423
181,-4.086,0.14423
182,-4.085,0.14423
183,-4.084,0.14423
184,-4.083,0.14423
185,-4.082,0.14423
186,-4.081,0.14423
187,-4.08,0.14423
188,-4.079,0.14423
189,-4.078,0.14423
190,-4.077,0.14423
191,-4.076,0.14423
192,-4.075,0.14423
193,-4.074,0.14423
194,-4.073,0.14423
195,-4.072,0.14423
196,-4.071,0.14423
197,-4.07,0.14423
198,-4.069,0.14423
199,-4.068,0.14423
200,-4.067,0.14423
201,-4.066,0.14423
202,-4.065,0.14423
203,-4.064,0.14423
204,-4.063,0.14423
205,-4.062,0.14423
206,-4.061,0.14423
207,-4.06,0.14423
208,-4.059,0.14423
209,-4.058,0.14423
210,-4.057,0.14423
211,-4.056,0.14423
212,-4.055,0.14423
213,-4.054,0.14423
214,-4.053,0.14423
215,-4.052,0.145969
216,-4.051,0.140752
217,-4.05,0.224217
218,-4.049,0.300727
219,-4.048,0.288555
220,-4.047,0.252039
221,-4.046,0.158141
222,-4.045,0.147708
223,-4.044,0.14423
224,-4.043,0.14423
225,-4.042,0.14423
226,-4.041,0.14423
227,-4.04,0.14423
228,-4.039,0.14423
229,-4.038,0.14423
230,-4.037,0.14423
231,-4.036,0.14423
232,-4.035,0.14423
233,-4.034,0.14423
234,-4.033,0.14423
235,-4.032,0.14423
236,-4.031,0.14423
237,-4.03,0.14423
238,-4.029,0.14423
239,-4.028,0.14423
240,-4.027,0.14423
241,-4.026,0.14423
242,-4.025,0.14423
243,-4.024,0.14423
244,-4.023,0.14423
245,-4.022,0.14423
246,-4.021,0.14423
247,-4.02,0.14423
248,-4.019,0.14423
249,-4.018,0.14423
250,-4.017,0.14423
251,-4.016,0.14423
252,-4.015,0.14423
253,-4.014,0.14423
254,-4.013,0.14423
255,-4.012,0.14423
256,-4.011,0.14423
257,-4.01,0.14423
258,-4.009,0.14423
259,-4.008,0.14423
260,-4.007,0.14423
261,-4.006,0.14423
262,-4.005,0.14423
263,-4.004,0.14423
264,-4.003,0.14423
265,-4.002,0.14423
266,-4.001,0.14423
267,-4,0.14423
268,-3.999,0.14423
269,-3.998,0.14423
270,-3.997,0.14423
271,-3.996,0.14423
272,-3.995,0.14423
273,-3.994,0.14423
274,-3.993,0.14423
275,-3.992,0.14423
276,-3.991,0.14423
277,-3.99,0.14423
278,-3.989,0.14423
279,-3.988,0.14423
280,-3.987,0.14423
281,-3.986,0.14423
282,-3.985,0.14423
283,-3.984,0.14423
284,-3.983,0.14423
285,-3.982,0.14423
286,-3.981,0.14423
287,-3.98,0.14423
288,-3.979,0.14423
289,-3.978,0.14423
290,-3.977,0.145969
291,-3.976,0.140752
292,-3.975,0.220739
293,-3.974,0.300727
294,-3.973,0.290293
295,-3.972,0.255516
296,-3.971,0.158141
297,-3.97,0.147708
298,-3.969,0.14423
299,-3.968,0.14423
300,-3.967,0.14423
301,-3.966,0.14423
302,-3.965,0.14423
303,-3.964,0.14423
304,-3.963,0.14423
305,-3.962,0.14423
306,-3.961,0.14423
307,-3.96,0.14423
308,-3.959,0.14423
309,-3.958,0.14423
310,-3.957,0.14423
311,-3.956,0.14423
312,-3.955,0.14423
313,-3.954,0.14423
314,-3.953,0.14423
315,-3.952,0.14423
316,-3.951,0.14423
317,-3.95,0.14423
318,-3.949,0.14423
319,-3.948,0.14423
320,-3.947,0.14423
321,-3.946,0.14423
322,-3.945,0.14423
323,-3.944,0.14423
324,-3.943,0.14423
325,-3.942,0.14423
326,-3.941,0.14423
327,-3.94,0.14423
328,-3.939,0.14423
329,-3.938,0.14423
330,-3.937,0.14423
331,-3.936,0.14423
332,-3.935,0.14423
333,-3.934,0.14423
334,-3.933,0.14423
335,-3.932,0.14423
336,-3.931,0.14423
337,-3.93,0.14423
338,-3.929,0.14423
339,-3.928,0.14423
340,-3.927,0.14423
341,-3.926,0.14423
342,-3.925,0.14423
343,-3.924,0.14423
344,-3.923,0.14423
345,-3.922,0.14423
346,-3.921,0.14423
347,-3.92,0.14423
348,-3.919,0.14423
349,-3.918,0.14423
350,-3.917,0.14423
351,-3.916,0.14423
352,-3.915,0.14423
353,-3.914,0.14423
354,-3.913,0.14423
355,-3.912,0.14423
356,-3.911,0.14423
357,-3.91,0.14423
358,-3.909,0.14423
359,-3.908,0.14423
360,-3.907,0.14423
361,-3.906,0.14423
362,-3.905,0.14423
363,-3.904,0.14423
364,-3.903,0.14423
365,-3.902,0.145969
366,-3.901,0.140752
367,-3.9,0.219001
368,-3.899,0.300727
369,-3.898,0.290293
370,-3.897,0.257255
371,-3.896,0.15988
372,-3.895,0.145969
373,-3.894,0.145969
374,-3.893,0.145969
375,-3.892,0.14423
376,-3.891,0.14423
377,-3.89,0.14423
378,-3.889,0.14423
379,-3.888,0.14423
380,-3.887,0.14423
381,-3.886,0.14423
382,-3.885,0.14423
383,-3.884,0.14423
384,-3.883,0.14423
385,-3.882,0.14423
386,-3.881,0.14423
387,-3.88,0.14423
388,-3.879,0.14423
389,-3.878,0.14423
390,-3.877,0.14423
391,-3.876,0.14423
392,-3.875,0.14423
393,-3.874,0.14423
394,-3.873,0.14423
395,-3.872,0.14423
396,-3.871,0.14423
397,-3.87,0.14423
398,-3.869,0.14423
399,-3.868,0.14423
400,-3.867,0.14423
401,-3.866,0.14423
402,-3.865,0.14423
403,-3.864,0.14423
404,-3.863,0.14423
405,-3.862,0.14423
406,-3.861,0.14423
407,-3.86,0.14423
408,-3.859,0.14423
409,-3.858,0.14423
410,-3.857,0.14423
411,-3.856,0.14423
412,-3.855,0.14423
413,-3.854,0.14423
414,-3.853,0.14423
415,-3.852,0.14423
416,-3.851,0.14423
417,-3.85,0.14423
418,-3.849,0.14423
419,-3.848,0.14423
420,-3.847,0.14423
421,-3.846,0.14423
422,-3.845,0.14423
423,-3.844,0.14423
424,-3.843,0.14423
425,-3.842,0.14423
426,-3.841,0.14423
427,-3.84,0.14423
428,-3.839,0.14423
429,-3.838,0.14423
430,-3.837,0.14423
431,-3.836,0.14423
432,-3.835,0.14423
433,-3.834,0.14423
434,-3.833,0.14423
435,-3.832,0.14423
436,-3.831,0.14423
437,-3.83,0.14423
438,-3.829,0.14423
439,-3.828,0.14423
440,-3.827,0.145969
441,-3.826,0.140752
442,-3.825,0.213784
443,-3.824,0.298988
444,-3.823,0.290293
445,-3.822,0.258994
446,-3.821,0.15988
447,-3.82,0.149447
448,-3.819,0.14423
449,-3.818,0.14423
450,-3.817,0.14423
451,-3.816,0.14423
452,-3.815,0.14423
453,-3.814,0.14423
454,-3.813,0.14423
455,-3.812,0.14423
456,-3.811,0.14423
457,-3.81,0.14423
458,-3.809,0.14423
459,-3.808,0.14423
460,-3.807,0.14423
461,-3.806,0.14423
462,-3.805,0.14423
463,-3.804,0.14423
464,-3.803,0.14423
465,-3.802,0.14423
466,-3.801,0.14423
467,-3.8,0.14423
468,-3.799,0.14423
469,-3.798,0.14423
470,-3.797,0.14423
471,-3.796,0.14423
472,-3.795,0.14423
473,-3.794,0.14423
474,-3.793,0.14423
475,-3.792,0.14423
476,-3.791,0.14423
477,-3.79,0.14423
478,-3.789,0.14423
479,-3.788,0.14423
480,-3.787,0.14423
481,-3.786,0.14423
482,-3.785,0.14423
483,-3.784,0.14423
484,-3.783,0.14423
485,-3.782,0.14423
486,-3.781,0.14423
487,-3.78,0.14423
488,-3.779,0.14423
489,-3.778,0.14423
490,-3.777,0.14423
491,-3.776,0.14423
492,-3.775,0.14423
493,-3.774,0.14423
494,-3.773,0.14423
495,-3.772,0.14423
496,-3.771,0.14423
497,-3.77,0.14423
498,-3.769,0.14423
499,-3.768,0.14423
500,-3.767,0.14423
501,-3.766,0.14423
502,-3.765,0.14423
503,-3.764,0.14423
504,-3.763,0.14423
505,-3.762,0.14423
506,-3.761,0.14423
507,-3.76,0.14423
508,-3.759,0.14423
509,-3.758,0.14423
510,-3.757,0.14423
511,-3.756,0.14423
512,-3.755,0.14423
513,-3.754,0.14423
514,-3.753,0.14423
515,-3.752,0.145969
516,-3.751,0.140752
517,-3.75,0.212045
518,-3.749,0.297249
519,-3.748,0.290293
520,-3.747,0.262472
521,-3.746,0.163357
522,-3.745,0.147708
523,-3.744,0.145969
524,-3.743,0.145969
525,-3.742,0.14423
526,-3.741,0.14423
527,-3.74,0.14423
528,-3.739,0.14423
529,-3.738,0.14423
530,-3.737,0.14423
531,-3.736,0.14423
532,-3.735,0.14423
533,-3.734,0.14423
534,-3.733,0.14423
535,-3.732,0.14423
536,-3.731,0.14423
537,-3.73,0.14423
538,-3.729,0.14423
539,-3.728,0.14423
540,-3.727,0.14423
541,-3.726,0.14423
542,-3.725,0.14423
543,-3.724,0.14423
544,-3.723,0.14423
545,-3.722,0.14423
546,-3.721,0.14423
547,-3.72,0.14423
548,-3.719,0.14423
549,-3.718,0.14423
550,-3.717,0.14423
551,-3.716,0.14423
552,-3.715,0.14423
553,-3.714,0.14423
554,-3.713,0.14423
555,-3.712,0.14423
556,-3.711,0.14423
557,-3.71,0.14423
558,-3.709,0.14423
559,-3.708,0.14423
560,-3.707,0.14423
561,-3.706,0.14423
562,-3.705,0.14423
563,-3.704,0.14423
564,-3.703,0.14423
565,-3.702,0.14423
566,-3.701,0.14423
567,-3.7,0.14423
568,-3.699,0.14423
569,-3.698,0.14423
570,-3.697,0.14423
571,-3.696,0.14423
572,-3.695,0.14423
573,-3.694,0.14423
574,-3.693,0.14423
575,-3.692,0.14423
576,-3.691,0.14423
577,-3.69,0.14423
578,-3.689,0.14423
579,-3.688,0.14423
580,-3.687,0.14423
581,-3.686,0.14423
582,-3.685,0.14423
583,-3.684,0.14423
584,-3.683,0.14423
585,-3.682,0.14423
586,-3.681,0.14423
587,-3.68,0.14423
588,-3.679,0.14423
589,-3.678,0.14423
590,-3.677,0.145969
591,-3.676,0.142491
592,-3.675,0.206829
593,-3.674,0.297249
594,-3.673,0.292032
595,-3.672,0.265949
596,-3.671,0.163357
597,-3.67,0.147708
598,-3.669,0.14423
599,-3.668,0.14423
600,-3.667,0.14423
601,-3.666,0.14423
602,-3.665,0.14423
603,-3.664,0.14423
604,-3.663,0.14423
605,-3.662,0.14423
606,-3.661,0.14423
607,-3.66,0.14423
608,-3.659,0.14423
609,-3.658,0.14423
610,-3.657,0.14423
611,-3.656,0.14423
612,-3.655,0.14423
613,-3.654,0.14423
614,-3.653,0.14423
615,-3.652,0.14423
616,-3.651,0.14423
617,-3.65,0.14423
618,-3.649,0.14423
619,-3.648,0.14423
620,-3.647,0.14423
621,-3.646,0.14423
622,-3.645,0.14423
623,-3.644,0.14423
624,-3.643,0.14423
625,-3.642,0.14423
626,-3.641,0.14423
627,-3.64,0.14423
628,-3.639,0.14423
629,-3.638,0.14423
630,-3.637,0.14423
631,-3.636,0.14423
632,-3.635,0.14423
633,-3.634,0.14423
634,-3.633,0.14423
635,-3.632,0.14423
636,-3.631,0.14423
637,-3.63,0.14423
638,-3.629,0.14423
639,-3.628,0.14423
640,-3.627,0.14423
641,-3.626,0.14423
642,-3.625,0.14423
643,-3.624,0.14423
644,-3.623,0.14423
645,-3.622,0.14423
646,-3.621,0.14423
647,-3.62,0.14423
648,-3.619,0.14423
649,-3.618,0.14423
650,-3.617,0.14423
651,-3.616,0.14423
652,-3.615,0.14423
653,-3.614,0.14423
654,-3.613,0.14423
655,-3.612,0.14423
656,-3.611,0.14423
657,-3.61,0.14423
658,-3.609,0.14423
659,-3.608,0.14423
660,-3.607,0.14423
661,-3.606,0.14423
662,-3.605,0.14423
663,-3.604,0.14423
664,-3.603,0.14423
665,-3.602,0.145969
666,-3.601,0.142491
667,-3.6,0.199873
668,-3.599,0.297249
669,-3.598,0.292032
670,-3.597,0.269427
671,-3.596,0.166835
672,-3.595,0.147708
673,-3.594,0.145969
674,-3.593,0.145969
675,-3.592,0.14423
676,-3.591,0.14423
677,-3.59,0.14423
678,-3.589,0.14423
679,-3.588,0.14423
680,-3.587,0.14423
681,-3.586,0.14423
682,-3.585,0.14423
683,-3.584,0.14423
684,-3.583,0.14423
685,-3.582,0.14423
686,-3.581,0.14423
687,-3.58,0.14423
688,-3.579,0.14423
689,-3.578,0.14423
690,-3.577,0.14423
691,-3.576,0.14423
692,-3.575,0.14423
693,-3.574,0.14423
694,-3.573,0.14423
695,-3.572,0.14423
696,-3.571,0.14423
697,-3.57,0.14423
698,-3.569,0.14423
699,-3.568,0.14423
700,-3.567,0.14423
701,-3.566,0.14423
702,-3.565,0.14423
703,-3.564,0.14423
704,-3.563,0.14423
705,-3.562,0.14423
706,-3.561,0.14423
707,-3.56,0.14423
708,-3.559,0.14423
709,-3.558,0.14423
710,-3.557,0.14423
711,-3.556,0.14423
712,-3.555,0.14423
713,-3.554,0.14423
714,-3.553,0.14423
715,-3.552,0.14423
716,-3.551,0.14423
717,-3.55,0.14423
718,-3.549,0.14423
719,-3.548,0.14423
720,-3.547,0.14423
721,-3.546,0.14423
722,-3.545,0.14423
723,-3.544,0.14423
724,-3.543,0.14423
725,-3.542,0.14423
726,-3.541,0.14423
727,-3.54,0.14423
728,-3.539,0.14423
729,-3.538,0.14423
730,-3.537,0.14423
731,-3.536,0.14423
732,-3.535,0.14423
733,-3.534,0.14423
734,-3.533,0.14423
735,-3.532,0.14423
736,-3.531,0.14423
737,-3.53,0.14423
738,-3.529,0.14423
739,-3.528,0.14423
740,-3.527,0.145969
741,-3.526,0.14423
742,-3.525,0.194657
743,-3.524,0.292032
744,-3.523,0.29551
745,-3.522,0.272905
746,-3.521,0.168574
747,-3.52,0.145969
748,-3.519,0.145969
749,-3.518,0.145969
750,-3.517,0.14423
751,-3.516,0.14423
752,-3.515,0.14423
753,-3.514,0.14423
754,-3.513,0.14423
755,-3.512,0.14423
756,-3.511,0.14423
757,-3.51,0.14423
758,-3.509,0.14423
759,-3.508,0.14423
760,-3.507,0.14423
761,-3.506,0.14423
762,-3.505,0.14423
763,-3.504,0.14423
764,-3.503,0.14423
765,-3.502,0.14423
766,-3.501,0.14423
767,-3.5,0.14423
768,-3.499,0.14423
769,-3.498,0.14423
770,-3.497,0.14423
771,-3.496,0.14423
772,-3.495,0.14423
773,-3.494,0.14423
774,-3.493,0.14423
775,-3.492,0.14423
776,-3.491,0.14423
777,-3.49,0.14423
778,-3.489,0.14423
779,-3.488,0.14423
780,-3.487,0.14423
781,-3.486,0.14423
782,-3.485,0.14423
783,-3.484,0.14423
784,-3.483,0.14423
785,-3.482,0.14423
786,-3.481,0.14423
787,-3.48,0.14423
788,-3.479,0.14423
789,-3.478,0.14423
790,-3.477,0.14423
791,-3.476,0.14423
792,-3.475,0.14423
793,-3.474,0.14423
794,-3.473,0.14423
795,-3.472,0.14423
796,-3.471,0.14423
797,-3.47,0.14423
798,-3.469,0.14423
799,-3.468,0.14423
800,-3.467,0.14423
801,-3.466,0.14423
802,-3.465,0.14423
803,-3.464,0.14423
804,-3.463,0.14423
805,-3.462,0.14423
806,-3.461,0.14423
807,-3.46,0.14423
808,-3.459,0.14423
809,-3.458,0.14423
810,-3.457,0.14423
811,-3.456,0.14423
812,-3.455,0.14423
813,-3.454,0.14423
814,-3.453,0.14423
815,-3.452,0.145969
816,-3.451,0.142491
817,-3.45,0.191179
818,-3.449,0.290293
819,-3.448,0.29551
820,-3.447,0.274644
821,-3.446,0.170313
822,-3.445,0.147708
823,-3.444,0.145969
824,-3.443,0.145969
825,-3.442,0.14423
826,-3.441,0.14423
827,-3.44,0.14423
828,-3.439,0.14423
829,-3.438,0.14423
830,-3.437,0.14423
831,-3.436,0.14423
832,-3.435,0.14423
833,-3.434,0.14423
834,-3.433,0.14423
835,-3.432,0.14423
836,-3.431,0.14423
837,-3.43,0.14423
838,-3.429,0.14423
839,-3.428,0.14423
840,-3.427,0.14423
841,-3.426,0.14423
842,-3.425,0.14423
843,-3.424,0.14423
844,-3.423,0.14423
845,-3.422,0.14423
846,-3.421,0.14423
847,-3.42,0.14423
848,-3.419,0.14423
849,-3.418,0.14423
850,-3.417,0.14423
851,-3.416,0.14423
852,-3.415,0.14423
853,-3.414,0.14423
854,-3.413,0.14423
855,-3.412,0.14423
856,-3.411,0.14423
857,-3.41,0.14423
858,-3.409,0.14423
859,-3.408,0.14423
860,-3.407,0.14423
861,-3.406,0.14423
862,-3.405,0.14423
863,-3.404,0.14423
864,-3.403,0.14423
865,-3.402,0.14423
866,-3.401,0.14423
867,-3.4,0.14423
868,-3.399,0.14423
869,-3.398,0.14423
870,-3.397,0.14423
871,-3.396,0.14423
872,-3.395,0.14423
873,-3.394,0.14423
874,-3.393,0.14423
875,-3.392,0.14423
876,-3.391,0.14423
877,-3.39,0.14423
878,-3.389,0.14423
879,-3.388,0.14423
880,-3.387,0.14423
881,-3.386,0.14423
882,-3.385,0.14423
883,-3.384,0.14423
884,-3.383,0.14423
885,-3.382,0.14423
886,-3.381,0.14423
887,-3.38,0.14423
888,-3.379,0.14423
889,-3.378,0.14423
890,-3.377,0.145969
891,-3.376,0.14423
892,-3.375,0.185962
893,-3.374,0.288555
894,-3.373,0.29551
895,-3.372,0.278121
896,-3.371,0.17379
897,-3.37,0.149447
898,-3.369,0.145969
899,-3.368,0.145969
900,-3.367,0.14423
901,-3.366,0.14423
902,-3.365,0.14423
903,-3.364,0.14423
904,-3.363,0.14423
905,-3.362,0.14423
906,-3.361,0.14423
907,-3.36,0.14423
908,-3.359,0.14423
909,-3.358,0.14423
910,-3.357,0.14423
911,-3.356,0.14423
912,-3.355,0.14423
913,-3.354,0.14423
914,-3.353,0.14423
915,-3.352,0.14423
916,-3.351,0.14423
917,-3.35,0.14423
918,-3.349,0.14423
919,-3.348,0.14423
920,-3.347,0.14423
921,-3.346,0.14423
922,-3.345,0.14423
923,-3.344,0.14423
924,-3.343,0.14423
925,-3.342,0.14423
926,-3.341,0.14423
927,-3.34,0.14423
928,-3.339,0.14423
929,-3.338,0.14423
930,-3.337,0.14423
931,-3.336,0.14423
932,-3.335,0.14423
933,-3.334,0.14423
934,-3.333,0.14423
935,-3.332,0.14423
936,-3.331,0.14423
937,-3.33,0.14423
938,-3.329,0.14423
939,-3.328,0.14423
940,-3.327,0.14423
941,-3.326,0.14423
942,-3.325,0.14423
943,-3.324,0.14423
944,-3.323,0.14423
945,-3.322,0.14423
946,-3.321,0.14423
947,-3.32,0.14423
948,-3.319,0.14423
949,-3.318,0.14423
950,-3.317,0.14423
951,-3.316,0.14423
952,-3.315,0.14423
953,-3.314,0.14423
954,-3.313,0.14423
955,-3.312,0.14423
956,-3.311,0.14423
957,-3.31,0.14423
958,-3.309,0.14423
959,-3.308,0.14423
960,-3.307,0.14423
961,-3.306,0.14423
962,-3.305,0.14423
963,-3.304,0.14423
964,-3.303,0.14423
965,-3.302,0.145969
966,-3.301,0.14423
967,-3.3,0.184224
968,-3.299,0.288555
969,-3.298,0.29551
970,-3.297,0.27986
971,-3.296,0.172052
972,-3.295,0.149447
973,-3.294,0.145969
974,-3.293,0.145969
975,-3.292,0.14423
976,-3.291,0.14423
977,-3.29,0.14423
978,-3.289,0.14423
979,-3.288,0.14423
980,-3.287,0.14423
981,-3.286,0.14423
982,-3.285,0.14423
983,-3.284,0.14423
984,-3.283,0.14423
985,-3.282,0.14423
986,-3.281,0.14423
987,-3.28,0.14423
988,-3.279,0.14423
989,-3.278,0.14423
990,-3.277,0.14423
991,-3.276,0.14423
992,-3.275,0.14423
993,-3.274,0.14423
994,-3.273,0.14423
995,-3.272,0.14423
996,-3.271,0.14423
997,-3.27,0.14423
998,-3.269,0.14423
999,-3.268,0.14423
1000,-3.267,0.14423
1001,-3.266,0.14423
1002,-3.265,0.14423
1003,-3.264,0.14423
1004,-3.263,0.14423
1005,-3.262,0.14423
1006,-3.261,0.14423
1007,-3.26,0.14423
1008,-3.259,0.14423
1009,-3.258,0.14423
1010,-3.257,0.14423
1011,-3.256,0.14423
1012,-3.255,0.14423
1013,-3.254,0.14423
1014,-3.253,0.14423
1015,-3.252,0.14423
1016,-3.251,0.14423
1017,-3.25,0.14423
1018,-3.249,0.14423
1019,-3.248,0.14423
1020,-3.247,0.14423
1021,-3.246,0.14423
1022,-3.245,0.14423
1023,-3.244,0.14423
1024,-3.243,0.14423
1025,-3.242,0.14423
1026,-3.241,0.14423
1027,-3.24,0.14423
1028,-3.239,0.14423
1029,-3.238,0.14423
1030,-3.237,0.14423
1031,-3.236,0.14423
1032,-3.235,0.14423
1033,-3.234,0.14423
1034,-3.233,0.14423
1035,-3.232,0.14423
1036,-3.231,0.14423
1037,-3.23,0.14423
1038,-3.229,0.14423
1039,-3.228,0.14423
1040,-3.227,0.145969
1041,-3.226,0.14423
1042,-3.225,0.182485
1043,-3.224,0.286816
1044,-3.223,0.297249
1045,-3.222,0.27986
1046,-3.221,0.17379
1047,-3.22,0.149447
1048,-3.219,0.145969
1049,-3.218,0.145969
1050,-3.217,0.14423
1051,-3.216,0.14423
1052,-3.215,0.14423
1053,-3.214,0.14423
1054,-3.213,0.14423
1055,-3.212,0.14423
1056,-3.211,0.14423
1057,-3.21,0.14423
1058,-3.209,0.14423
1059,-3.208,0.14423
1060,-3.207,0.14423
1061,-3.206,0.14423
1062,-3.205,0.14423
1063,-3.204,0.14423
1064,-3.203,0.14423
1065,-3.202,0.14423
1066,-3.201,0.14423
1067,-3.2,0.14423
1068,-3.199,0.14423
1069,-3.198,0.14423
1070,-3.197,0.14423
1071,-3.196,0.14423
1072,-3.195,0.14423
1073,-3.194,0.14423
1074,-3.193,0.14423
1075,-3.192,0.14423
1076,-3.191,0.14423
1077,-3.19,0.14423
1078,-3.189,0.14423
1079,-3.188,0.14423
1080,-3.187,0.14423
1081,-3.186,0.14423
1082,-3.185,0.14423
1083,-3.184,0.14423
1084,-3.183,0.14423
1085,-3.182,0.14423
1086,-3.181,0.14423
1087,-3.18,0.14423
1088,-3.179,0.14423
1089,-3.178,0.14423
1090,-3.177,0.14423
1091,-3.176,0.14423
1092,-3.175,0.14423
1093,-3.174,0.14423
1094,-3.173,0.14423
1095,-3.172,0.14423
1096,-3.171,0.14423
1097,-3.17,0.14423
1098,-3.169,0.14423
1099,-3.168,0.14423
1100,-3.167,0.14423
1101,-3.166,0.14423
1102,-3.165,0.14423
1103,-3.164,0.14423
1104,-3.163,0.14423
1105,-3.162,0.14423
1106,-3.161,0.14423
1107,-3.16,0.14423
1108,-3.159,0.14423
1109,-3.158,0.14423
1110,-3.157,0.14423
1111,-3.156,0.14423
1112,-3.155,0.14423
1113,-3.154,0.14423
1114,-3.153,0.14423
1115,-3.152,0.145969
1116,-3.151,0.14423
1117,-3.15,0.177268
1118,-3.149,0.286816
1119,-3.148,0.297249
1120,-3.147,0.281599
1121,-3.146,0.177268
1122,-3.145,0.149447
1123,-3.144,0.145969
1124,-3.143,0.145969
1125,-3.142,0.14423
1126,-3.141,0.14423
1127,-3.14,0.14423
1128,-3.139,0.14423
1129,-3.138,0.14423
1130,-3.137,0.14423
1131,-3.136,0.14423
1132,-3.135,0.14423
1133,-3.134,0.14423
1134,-3.133,0.14423
1135,-3.132,0.14423
1136,-3.131,0.14423
1137,-3.13,0.14423
1138,-3.129,0.14423
1139,-3.128,0.14423
1140,-3.127,0.14423
1141,-3.126,0.14423
1142,-3.125,0.14423
1143,-3.124,0.14423
1144,-3.123,0.14423
1145,-3.122,0.14423
1146,-3.121,0.14423
1147,-3.12,0.14423
1148,-3.119,0.14423
1149,-3.118,0.14423
1150,-3.117,0.14423
1151,-3.116,0.14423
1152,-3.115,0.14423
1153,-3.114,0.14423
1154,-3.113,0.14423
1155,-3.112,0.14423
1156,-3.111,0.14423
1157,-3.11,0.14423
1158,-3.109,0.14423
1159,-3.108,0.14423
1160,-3.107,0.14423
1161,-3.106,0.14423
1162,-3.105,0.14423
1163,-3.104,0.14423
1164,-3.103,0.14423
1165,-3.102,0.14423
1166,-3.101,0.14423
1167,-3.1,0.14423
1168,-3.099,0.14423
1169,-3.098,0.14423
1170,-3.097,0.14423
1171,-3.096,0.14423
1172,-3.095,0.14423
1173,-3.094,0.14423
1174,-3.093,0.14423
1175,-3.092,0.14423
1176,-3.091,0.14423
1177,-3.09,0.14423
1178,-3.089,0.14423
1179,-3.088,0.14423
1180,-3.087,0.14423
1181,-3.086,0.14423
1182,-3.085,0.14423
1183,-3.084,0.14423
1184,-3.083,0.14423
1185,-3.082,0.14423
1186,-3.081,0.14423
1187,-3.08,0.14423
1188,-3.079,0.14423
1189,-3.078,0.14423
1190,-3.077,0.145969
1191,-3.076,0.145969
1192,-3.075,0.177268
1193,-3.074,0.285077
1194,-3.073,0.297249
1195,-3.072,0.281599
1196,-3.071,0.177268
1197,-3.07,0.149447
1198,-3.069,0.145969
1199,-3.068,0.145969
1200,-3.067,0.14423
1201,-3.066,0.14423
1202,-3.065,0.14423
1203,-3.064,0.14423
1204,-3.063,0.14423
1205,-3.062,0.14423
1206,-3.061,0.14423
1207,-3.06,0.14423
1208,-3.059,0.14423
1209,-3.058,0.14423
1210,-3.057,0.14423
1211,-3.056,0.14423
1212,-3.055,0.14423
1213,-3.054,0.14423
1214,-3.053,0.14423
1215,-3.052,0.14423
1216,-3.051,0.14423
1217,-3.05,0.14423
1218,-3.049,0.14423
1219,-3.048,0.14423
1220,-3.047,0.14423
1221,-3.046,0.14423
1222,-3.045,0.14423
1223,-3.044,0.14423
1224,-3.043,0.14423
1225,-3.042,0.14423
1226,-3.041,0.14423
1227,-3.04,0.14423
1228,-3.039,0.14423
1229,-3.038,0.14423
1230,-3.037,0.14423
1231,-3.036,0.14423
1232,-3.035,0.14423
1233,-3.034,0.14423
1234,-3.033,0.14423
1235,-3.032,0.14423
1236,-3.031,0.14423
1237,-3.03,0.14423
1238,-3.029,0.14423
1239,-3.028,0.14423
1240,-3.027,0.14423
1241,-3.026,0.14423
1242,-3.025,0.14423
1243,-3.024,0.14423
1244,-3.023,0.14423
1245,-3.022,0.14423
1246,-3.021,0.14423
1247,-3.02,0.14423
1248,-3.019,0.14423
1249,-3.018,0.14423
1250,-3.017,0.14423
1251,-3.016,0.14423
1252,-3.015,0.14423
1253,-3.014,0.14423
1254,-3.013,0.14423
1255,-3.012,0.14423
1256,-3.011,0.14423
1257,-3.01,0.14423
1258,-3.009,0.14423
1259,-3.008,0.14423
1260,-3.007,0.14423
1261,-3.006,0.14423
1262,-3.005,0.14423
1263,-3.004,0.14423
1264,-3.003,0.14423
1265,-3.002,0.145969
1266,-3.001,0.145969
1267,-3,0.175529
1268,-2.999,0.286816
1269,-2.998,0.297249
1270,-2.997,0.281599
1271,-2.996,0.177268
1272,-2.995,0.149447
1273,-2.994,0.145969
1274,-2.993,0.145969
1275,-2.992,0.14423
1276,-2.991,0.14423
1277,-2.99,0.14423
1278,-2.989,0.14423
1279,-2.988,0.14423
1280,-2.987,0.14423
1281,-2.986,0.14423
1282,-2.985,0.14423
1283,-2.984,0.14423
1284,-2.983,0.14423
1285,-2.982,0.14423
1286,-2.981,0.14423
1287,-2.98,0.14423
1288,-2.979,0.14423
1289,-2.978,0.14423
1290,-2.977,0.14423
1291,-2.976,0.14423
1292,-2.975,0.14423
1293,-2.974,0.14423
1294,-2.973,0.14423
1295,-2.972,0.14423
1296,-2.971,0.14423
1297,-2.97,0.14423
1298,-2.969,0.14423
1299,-2.968,0.14423
1300,-2.967,0.14423
1301,-2.966,0.14423
1302,-2.965,0.14423
1303,-2.964,0.14423
1304,-2.963,0.14423
1305,-2.962,0.14423
1306,-2.961,0.14423
1307,-2.96,0.14423
1308,-2.959,0.14423
1309,-2.958,0.14423
1310,-2.957,0.14423
1311,-2.956,0.14423
1312,-2.955,0.14423
1313,-2.954,0.14423
1314,-2.953,0.14423
1315,-2.952,0.14423
1316,-2.951,0.14423
1317,-2.95,0.14423
1318,-2.949,0.14423
1319,-2.948,0.14423
1320,-2.947,0.14423
1321,-2.946,0.14423
1322,-2.945,0.14423
1323,-2.944,0.14423
1324,-2.943,0.14423
1325,-2.942,0.14423
1326,-2.941,0.14423
1327,-2.94,0.14423
1328,-2.939,0.14423
1329,-2.938,0.14423
1330,-2.937,0.14423
1331,-2.936,0.14423
1332,-2.935,0.14423
1333,-2.934,0.14423
1334,-2.933,0.14423
1335,-2.932,0.14423
1336,-2.931,0.14423
1337,-2.93,0.14423
1338,-2.929,0.14423
1339,-2.928,0.14423
1340,-2.927,0.145969
1341,-2.926,0.145969
1342,-2.925,0.170313
1343,-2.924,0.285077
1344,-2.923,0.298988
1345,-2.922,0.281599
1346,-2.921,0.182485
1347,-2.92,0.149447
1348,-2.919,0.147708
1349,-2.918,0.14423
1350,-2.917,0.14423
1351,-2.916,0.14423
1352,-2.915,0.14423
1353,-2.914,0.14423
1354,-2.913,0.14423
1355,-2.912,0.14423
1356,-2.911,0.14423
1357,-2.91,0.14423
1358,-2.909,0.14423
1359,-2.908,0.14423
1360,-2.907,0.14423
1361,-2.906,0.14423
1362,-2.905,0.14423
1363,-2.904,0.14423
1364,-2.903,0.14423
1365,-2.902,0.14423
1366,-2.901,0.14423
1367,-2.9,0.14423
1368,-2.899,0.14423
1369,-2.898,0.14423
1370,-2.897,0.14423
1371,-2.896,0.14423
1372,-2.895,0.14423
1373,-2.894,0.14423
1374,-2.893,0.14423
1375,-2.892,0.14423
1376,-2.891,0.14423
1377,-2.89,0.14423
1378,-2.889,0.14423
1379,-2.888,0.14423
1380,-2.887,0.14423
1381,-2.886,0.14423
1382,-2.885,0.14423
1383,-2.884,0.14423
1384,-2.883,0.14423
1385,-2.882,0.14423
1386,-2.881,0.14423
1387,-2.88,0.14423
1388,-2.879,0.14423
1389,-2.878,0.14423
1390,-2.877,0.14423
1391,-2.876,0.14423
1392,-2.875,0.14423
1393,-2.874,0.14423
1394,-2.873,0.14423
1395,-2.872,0.14423
1396,-2.871,0.14423
1397,-2.87,0.14423
1398,-2.869,0.14423
1399,-2.868,0.14423
1400,-2.867,0.14423
1401,-2.866,0.14423
1402,-2.865,0.14423
1403,-2.864,0.14423
1404,-2.863,0.14423
1405,-2.862,0.14423
1406,-2.861,0.14423
1407,-2.86,0.14423
1408,-2.859,0.14423
1409,-2.858,0.14423
1410,-2.857,0.14423
1411,-2.856,0.14423
1412,-2.855,0.14423
1413,-2.854,0.14423
1414,-2.853,0.14423
1415,-2.852,0.14423
1416,-2.851,0.14423
1417,-2.85,0.168574
1418,-2.849,0.281599
1419,-2.848,0.298988
1420,-2.847,0.283338
1421,-2.846,0.185962
1422,-2.845,0.149447
1423,-2.844,0.145969
1424,-2.843,0.145969
1425,-2.842,0.14423
1426,-2.841,0.14423
1427,-2.84,0.14423
1428,-2.839,0.14423
1429,-2.838,0.14423
1430,-2.837,0.14423
1431,-2.836,0.14423
1432,-2.835,0.14423
1433,-2.834,0.14423
1434,-2.833,0.14423
1435,-2.832,0.14423
1436,-2.831,0.14423
1437,-2.83,0.14423
1438,-2.829,0.14423
1439,-2.828,0.14423
1440,-2.827,0.14423
1441,-2.826,0.14423
1442,-2.825,0.14423
1443,-2.824,0.14423
1444,-2.823,0.14423
1445,-2.822,0.14423
1446,-2.821,0.14423
1447,-2.82,0.14423
1448,-2.819,0.14423
1449,-2.818,0.14423
1450,-2.817,0.14423
1451,-2.816,0.14423
1452,-2.815,0.14423
1453,-2.814,0.14423
1454,-2.813,0.14423
1455,-2.812,0.14423
1456,-2.811,0.14423
1457,-2.81,0.14423
1458,-2.809,0.14423
1459,-2.808,0.14423
1460,-2.807,0.14423
1461,-2.806,0.14423
1462,-2.805,0.14423
1463,-2.804,0.14423
1464,-2.803,0.14423
1465,-2.802,0.14423
1466,-2.801,0.14423
1467,-2.8,0.14423
1468,-2.799,0.14423
1469,-2.798,0.14423
1470,-2.797,0.14423
1471,-2.796,0.14423
1472,-2.795,0.14423
1473,-2.794,0.14423
1474,-2.793,0.14423
1475,-2.792,0.14423
1476,-2.791,0.14423
1477,-2.79,0.14423
1478,-2.789,0.14423
1479,-2.788,0.14423
1480,-2.787,0.14423
1481,-2.786,0.14423
1482,-2.785,0.14423
1483,-2.784,0.14423
1484,-2.783,0.14423
1485,-2.782,0.14423
1486,-2.781,0.14423
1487,-2.78,0.14423
1488,-2.779,0.14423
1489,-2.778,0.14423
1490,-2.777,0.145969
1491,-2.776,0.145969
1492,-2.775,0.166835
1493,-2.774,0.27986
1494,-2.773,0.300727
1495,-2.772,0.283338
1496,-2.771,0.18944
1497,-2.77,0.149447
1498,-2.769,0.145969
1499,-2.768,0.145969
1500,-2.767,0.14423
1501,-2.766,0.14423
1502,-2.765,0.14423
1503,-2.764,0.14423
1504,-2.763,0.14423
1505,-2.762,0.14423
1506,-2.761,0.14423
1507,-2.76,0.14423
1508,-2.759,0.14423
1509,-2.758,0.14423
1510,-2.757,0.14423
1511,-2.756,0.14423
1512,-2.755,0.14423
1513,-2.754,0.14423
1514,-2.753,0.14423
1515,-2.752,0.14423
1516,-2.751,0.14423
1517,-2.75,0.14423
1518,-2.749,0.14423
1519,-2.748,0.14423
1520,-2.747,0.14423
1521,-2.746,0.14423
1522,-2.745,0.14423
1523,-2.744,0.14423
1524,-2.743,0.14423
1525,-2.742,0.14423
1526,-2.741,0.14423
1527,-2.74,0.14423
1528,-2.739,0.14423
1529,-2.738,0.14423
1530,-2.737,0.14423
1531,-2.736,0.14423
1532,-2.735,0.14423
1533,-2.734,0.14423
1534,-2.733,0.14423
1535,-2.732,0.14423
1536,-2.731,0.14423
1537,-2.73,0.14423
1538,-2.729,0.14423
1539,-2.728,0.14423
1540,-2.727,0.14423
1541,-2.726,0.14423
1542,-2.725,0.14423
1543,-2.724,0.14423
1544,-2.723,0.14423
1545,-2.722,0.14423
1546,-2.721,0.14423
1547,-2.72,0.14423
1548,-2.719,0.14423
1549,-2.718,0.14423
1550,-2.717,0.14423
1551,-2.716,0.14423
1552,-2.715,0.14423
1553,-2.714,0.14423
1554,-2.713,0.14423
1555,-2.712,0.14423
1556,-2.711,0.14423
1557,-2.71,0.14423
1558,-2.709,0.14423
1559,-2.708,0.14423
1560,-2.707,0.14423
1561,-2.706,0.14423
1562,-2.705,0.14423
1563,-2.704,0.14423
1564,-2.703,0.14423
1565,-2.702,0.14423
1566,-2.701,0.145969
1567,-2.7,0.166835
1568,-2.699,0.27986
1569,-2.698,0.300727
1570,-2.697,0.283338
1571,-2.696,0.18944
1572,-2.695,0.151185
1573,-2.694,0.147708
1574,-2.693,0.14423
1575,-2.692,0.14423
1576,-2.691,0.14423
1577,-2.69,0.14423
1578,-2.689,0.14423
1579,-2.688,0.14423
1580,-2.687,0.14423
1581,-2.686,0.14423
1582,-2.685,0.14423
1583,-2.684,0.14423
1584,-2.683,0.14423
1585,-2.682,0.14423
1586,-2.681,0.14423
1587,-2.68,0.14423
1588,-2.679,0.14423
1589,-2.678,0.14423
1590,-2.677,0.14423
1591,-2.676,0.14423
1592,-2.675,0.14423
1593,-2.674,0.14423
1594,-2.673,0.14423
1595,-2.672,0.14423
1596,-2.671,0.14423
1597,-2.67,0.14423
1598,-2.669,0.14423
1599,-2.668,0.14423
1600,-2.667,0.14423
1601,-2.666,0.14423
1602,-2.665,0.14423
1603,-2.664,0.14423
1604,-2.663,0.14423
1605,-2.662,0.14423
1606,-2.661,0.14423
1607,-2.66,0.14423
1608,-2.659,0.14423
1609,-2.658,0.14423
1610,-2.657,0.14423
1611,-2.656,0.14423
1612,-2.655,0.14423
1613,-2.654,0.14423
1614,-2.653,0.14423
1615,-2.652,0.14423
1616,-2.651,0.14423
1617,-2.65,0.14423
1618,-2.649,0.14423
1619,-2.648,0.14423
1620,-2.647,0.14423
1621,-2.646,0.14423
1622,-2.645,0.14423
1623,-2.644,0.14423
1624,-2.643,0.14423
1625,-2.642,0.14423
1626,-2.641,0.14423
1627,-2.64,0.14423
1628,-2.639,0.14423
1629,-2.638,0.14423
1630,-2.637,0.14423
1631,-2.636,0.14423
1632,-2.635,0.14423
1633,-2.634,0.14423
1634,-2.633,0.14423
1635,-2.632,0.14423
1636,-2.631,0.14423
1637,-2.63,0.14423
1638,-2.629,0.14423
1639,-2.628,0.14423
1640,-2.627,0.14423
1641,-2.626,0.145969
1642,-2.625,0.166835
1643,-2.624,0.276383
1644,-2.623,0.298988
1645,-2.622,0.278121
1646,-2.621,0.276383
1647,-2.62,0.307682
1648,-2.619,0.312898
1649,-2.618,0.31116
1650,-2.617,0.314637
1651,-2.616,0.312898
1652,-2.615,0.312898
1653,-2.614,0.314637
1654,-2.613,0.312898
1655,-2.612,0.312898
1656,-2.611,0.314637
1657,-2.61,0.31116
1658,-2.609,0.314637
1659,-2.608,0.314637
1660,-2.607,0.31116
1661,-2.606,0.314637
1662,-2.605,0.312898
1663,-2.604,0.312898
1664,-2.603,0.314637
1665,-2.602,0.312898
1666,-2.601,0.314637
1667,-2.6,0.314637
1668,-2.599,0.31116
1669,-2.598,0.314637
1670,-2.597,0.314637
1671,-2.596,0.31116
1672,-2.595,0.314637
1673,-2.594,0.312898
1674,-2.593,0.312898
1675,-2.592,0.314637
1676,-2.591,0.312898
1677,-2.59,0.312898
1678,-2.589,0.314637
1679,-2.588,0.31116
1680,-2.587,0.318115
1681,-2.586,0.312898
1682,-2.585,0.312898
1683,-2.584,0.318115
1684,-2.583,0.314637
1685,-2.582,0.314637
1686,-2.581,0.312898
1687,-2.58,0.314637
1688,-2.579,0.312898
1689,-2.578,0.312898
1690,-2.577,0.314637
1691,-2.576,0.312898
1692,-2.575,0.312898
1693,-2.574,0.314637
1694,-2.573,0.31116
1695,-2.572,0.314637
1696,-2.571,0.312898
1697,-2.57,0.312898
1698,-2.569,0.314637
1699,-2.568,0.312898
1700,-2.567,0.312898
1701,-2.566,0.314637
1702,-2.565,0.314637
1703,-2.564,0.27986
1704,-2.563,0.267688
1705,-2.562,0.281599
1706,-2.561,0.283338
1707,-2.56,0.314637
1708,-2.559,0.210306
1709,-2.558,0.151185
1710,-2.557,0.14423
1711,-2.556,0.14423
1712,-2.555,0.142491
1713,-2.554,0.142491
1714,-2.553,0.142491
1715,-2.552,0.142491
1716,-2.551,0.142491
1717,-2.55,0.142491
1718,-2.549,0.142491
1719,-2.548,0.142491
1720,-2.547,0.142491
1721,-2.546,0.142491
1722,-2.545,0.14423
1723,-2.544,0.139013
1724,-2.543,0.219001
1725,-2.542,0.220739
1726,-2.541,0.149447
1727,-2.54,0.14423
1728,-2.539,0.14423
1729,-2.538,0.142491
1730,-2.537,0.142491
1731,-2.536,0.142491
1732,-2.535,0.142491
1733,-2.534,0.142491
1734,-2.533,0.142491
1735,-2.532,0.142491
1736,-2.531,0.142491
1737,-2.53,0.142491
1738,-2.529,0.14423
1739,-2.528,0.15988
1740,-2.527,0.267688
1741,-2.526,0.154663
1742,-2.525,0.145969
1743,-2.524,0.142491
1744,-2.523,0.142491
1745,-2.522,0.142491
1746,-2.521,0.142491
1747,-2.52,0.142491
1748,-2.519,0.142491
1749,-2.518,0.142491
1750,-2.517,0.142491
1751,-2.516,0.142491
1752,-2.515,0.142491
1753,-2.514,0.14423
1754,-2.513,0.137275
1755,-2.512,0.260733
1756,-2.511,0.182485
1757,-2.51,0.147708
1758,-2.509,0.142491
1759,-2.508,0.142491
1760,-2.507,0.142491
1761,-2.506,0.142491
1762,-2.505,0.142491
1763,-2.504,0.142491
1764,-2.503,0.142491
1765,-2.502,0.142491
1766,-2.501,0.142491
1767,-2.5,0.142491
1768,-2.499,0.14423
1769,-2.498,0.140752
1770,-2.497,0.20509
1771,-2.496,0.23465
1772,-2.495,0.151185
1773,-2.494,0.14423
1774,-2.493,0.14423
1775,-2.492,0.142491
1776,-2.491,0.142491
1777,-2.49,0.142491
1778,-2.489,0.142491
1779,-2.488,0.142491
1780,-2.487,0.142491
1781,-2.486,0.142491
1782,-2.485,0.142491
1783,-2.484,0.142491
1784,-2.483,0.145969
1785,-2.482,0.149447
1786,-2.481,0.269427
1787,-2.48,0.15988
1788,-2.479,0.147708
1789,-2.478,0.142491
1790,-2.477,0.142491
1791,-2.476,0.142491
1792,-2.475,0.142491
1793,-2.474,0.142491
1794,-2.473,0.142491
1795,-2.472,0.142491
1796,-2.471,0.142491
1797,-2.47,0.142491
1798,-2.469,0.142491
1799,-2.468,0.14423
1800,-2.467,0.135536
1801,-2.466,0.252039
1802,-2.465,0.192918
1803,-2.464,0.147708
1804,-2.463,0.14423
1805,-2.462,0.14423
1806,-2.461,0.142491
1807,-2.46,0.142491
1808,-2.459,0.142491
1809,-2.458,0.142491
1810,-2.457,0.142491
1811,-2.456,0.142491
1812,-2.455,0.142491
1813,-2.454,0.142491
1814,-2.453,0.14423
1815,-2.452,0.142491
1816,-2.451,0.18944
1817,-2.45,0.245083
1818,-2.449,0.149447
1819,-2.448,0.14423
1820,-2.447,0.14423
1821,-2.446,0.142491
1822,-2.445,0.142491
1823,-2.444,0.142491
1824,-2.443,0.142491
1825,-2.442,0.142491
1826,-2.441,0.142491
1827,-2.44,0.142491
1828,-2.439,0.142491
1829,-2.438,0.142491
1830,-2.437,0.14423
1831,-2.436,0.152924
1832,-2.435,0.175529
1833,-2.434,0.14423
1834,-2.433,0.142491
1835,-2.432,0.152924
1836,-2.431,0.145969
1837,-2.43,0.142491
1838,-2.429,0.142491
1839,-2.428,0.14423
1840,-2.427,0.142491
1841,-2.426,0.184224
1842,-2.425,0.265949
1843,-2.424,0.269427
1844,-2.423,0.269427
1845,-2.422,0.269427
1846,-2.421,0.269427
1847,-2.42,0.269427
1848,-2.419,0.269427
1849,-2.418,0.269427
1850,-2.417,0.269427
1851,-2.416,0.269427
1852,-2.415,0.269427
1853,-2.414,0.269427
1854,-2.413,0.269427
1855,-2.412,0.269427
1856,-2.411,0.269427
1857,-2.41,0.269427
1858,-2.409,0.269427
1859,-2.408,0.269427
1860,-2.407,0.269427
1861,-2.406,0.267688
1862,-2.405,0.269427
1863,-2.404,0.172052
1864,-2.403,0.149447
1865,-2.402,0.147708
1866,-2.401,0.14423
1867,-2.4,0.14423
1868,-2.399,0.14423
1869,-2.398,0.14423
1870,-2.397,0.14423
1871,-2.396,0.14423
1872,-2.395,0.14423
1873,-2.394,0.14423
1874,-2.393,0.14423
1875,-2.392,0.14423
1876,-2.391,0.14423
1877,-2.39,0.14423
1878,-2.389,0.14423
1879,-2.388,0.14423
1880,-2.387,0.14423
1881,-2.386,0.14423
1882,-2.385,0.14423
1883,-2.384,0.14423
1884,-2.383,0.14423
1885,-2.382,0.14423
1886,-2.381,0.14423
1887,-2.38,0.14423
1888,-2.379,0.14423
1889,-2.378,0.14423
1890,-2.377,0.14423
1891,-2.376,0.14423
1892,-2.375,0.14423
1893,-2.374,0.14423
1894,-2.373,0.14423
1895,-2.372,0.14423
1896,-2.371,0.14423
1897,-2.37,0.14423
1898,-2.369,0.14423
1899,-2.368,0.14423
1900,-2.367,0.14423
1901,-2.366,0.14423
1902,-2.365,0.14423
1903,-2.364,0.14423
1904,-2.363,0.14423
1905,-2.362,0.14423
1906,-2.361,0.14423
1907,-2.36,0.14423
1908,-2.359,0.14423
1909,-2.358,0.14423
1910,-2.357,0.14423
1911,-2.356,0.14423
1912,-2.355,0.14423
1913,-2.354,0.14423
1914,-2.353,0.14423
1915,-2.352,0.14423
1916,-2.351,0.14423
1917,-2.35,0.14423
1918,-2.349,0.14423
1919,-2.348,0.14423
1920,-2.347,0.14423
1921,-2.346,0.14423
1922,-2.345,0.14423
1923,-2.344,0.14423
1924,-2.343,0.14423
1925,-2.342,0.14423
1926,-2.341,0.14423
1927,-2.34,0.14423
1928,-2.339,0.14423
1929,-2.338,0.14423
1930,-2.337,0.14423
1931,-2.336,0.14423
1932,-2.335,0.14423
1933,-2.334,0.14423
1934,-2.333,0.14423
1935,-2.332,0.14423
1936,-2.331,0.145969
1937,-2.33,0.151185
1938,-2.329,0.265949
1939,-2.328,0.304204
1940,-2.327,0.286816
1941,-2.326,0.210306
1942,-2.325,0.151185
1943,-2.324,0.147708
1944,-2.323,0.14423
1945,-2.322,0.14423
1946,-2.321,0.14423
1947,-2.32,0.14423
1948,-2.319,0.14423
1949,-2.318,0.14423
1950,-2.317,0.14423
1951,-2.316,0.14423
1952,-2.315,0.14423
1953,-2.314,0.14423
1954,-2.313,0.14423
1955,-2.312,0.14423
1956,-2.311,0.14423
1957,-2.31,0.14423
1958,-2.309,0.14423
1959,-2.308,0.14423
1960,-2.307,0.14423
1961,-2.306,0.14423
1962,-2.305,0.14423
1963,-2.304,0.14423
1964,-2.303,0.14423
1965,-2.302,0.14423
1966,-2.301,0.14423
1967,-2.3,0.14423
1968,-2.299,0.14423
1969,-2.298,0.14423
1970,-2.297,0.14423
1971,-2.296,0.14423
1972,-2.295,0.14423
1973,-2.294,0.14423
1974,-2.293,0.14423
1975,-2.292,0.14423
1976,-2.291,0.14423
1977,-2.29,0.14423
1978,-2.289,0.14423
1979,-2.288,0.14423
1980,-2.287,0.14423
1981,-2.286,0.14423
1982,-2.285,0.14423
1983,-2.284,0.14423
1984,-2.283,0.14423
1985,-2.282,0.14423
1986,-2.281,0.14423
1987,-2.28,0.14423
1988,-2.279,0.14423
1989,-2.278,0.14423
1990,-2.277,0.14423
1991,-2.276,0.14423
1992,-2.275,0.14423
1993,-2.274,0.14423
1994,-2.273,0.14423
1995,-2.272,0.14423
1996,-2.271,0.14423
1997,-2.27,0.14423
1998,-2.269,0.14423
1999,-2.268,0.14423
2000,-2.267,0.14423
2001,-2.266,0.14423
2002,-2.265,0.14423
2003,-2.264,0.14423
2004,-2.263,0.14423
2005,-2.262,0.14423
2006,-2.261,0.14423
2007,-2.26,0.14423
2008,-2.259,0.14423
2009,-2.258,0.14423
2010,-2.257,0.14423
2011,-2.256,0.145969
2012,-2.255,0.151185
2013,-2.254,0.262472
2014,-2.253,0.304204
2015,-2.252,0.286816
2016,-2.251,0.210306
2017,-2.25,0.151185
2018,-2.249,0.147708
2019,-2.248,0.14423
2020,-2.247,0.14423
2021,-2.246,0.14423
2022,-2.245,0.14423
2023,-2.244,0.14423
2024,-2.243,0.14423
2025,-2.242,0.14423
2026,-2.241,0.14423
2027,-2.24,0.14423
2028,-2.239,0.14423
2029,-2.238,0.14423
2030,-2.237,0.14423
2031,-2.236,0.14423
2032,-2.235,0.14423
2033,-2.234,0.14423
2034,-2.233,0.14423
2035,-2.232,0.14423
2036,-2.231,0.14423
2037,-2.23,0.14423
2038,-2.229,0.14423
2039,-2.228,0.14423
2040,-2.227,0.14423
2041,-2.226,0.14423
2042,-2.225,0.14423
2043,-2.224,0.14423
2044,-2.223,0.14423
2045,-2.222,0.14423
2046,-2.221,0.14423
2047,-2.22,0.14423
2048,-2.219,0.14423
2049,-2.218,0.14423
2050,-2.217,0.14423
2051,-2.216,0.14423
2052,-2.215,0.14423
2053,-2.214,0.14423
2054,-2.213,0.14423
2055,-2.212,0.14423
2056,-2.211,0.14423
2057,-2.21,0.14423
2058,-2.209,0.14423
2059,-2.208,0.14423
2060,-2.207,0.14423
2061,-2.206,0.14423
2062,-2.205,0.14423
2063,-2.204,0.14423
2064,-2.203,0.14423
2065,-2.202,0.14423
2066,-2.201,0.14423
2067,-2.2,0.14423
2068,-2.199,0.14423
2069,-2.198,0.14423
2070,-2.197,0.14423
2071,-2.196,0.14423
2072,-2.195,0.14423
2073,-2.194,0.14423
2074,-2.193,0.14423
2075,-2.192,0.14423
2076,-2.191,0.14423
2077,-2.19,0.14423
2078,-2.189,0.14423
2079,-2.188,0.14423
2080,-2.187,0.14423
2081,-2.186,0.14423
2082,-2.185,0.14423
2083,-2.184,0.14423
2084,-2.183,0.14423
2085,-2.182,0.14423
2086,-2.181,0.145969
2087,-2.18,0.147708
2088,-2.179,0.262472
2089,-2.178,0.304204
2090,-2.177,0.286816
2091,-2.176,0.212045
2092,-2.175,0.151185
2093,-2.174,0.147708
2094,-2.173,0.14423
2095,-2.172,0.14423
2096,-2.171,0.14423
2097,-2.17,0.14423
2098,-2.169,0.14423
2099,-2.168,0.14423
2100,-2.167,0.14423
2101,-2.166,0.14423
2102,-2.165,0.14423
2103,-2.164,0.14423
2104,-2.163,0.14423
2105,-2.162,0.14423
2106,-2.161,0.14423
2107,-2.16,0.14423
2108,-2.159,0.14423
2109,-2.158,0.14423
2110,-2.157,0.14423
2111,-2.156,0.14423
2112,-2.155,0.14423
2113,-2.154,0.14423
2114,-2.153,0.14423
2115,-2.152,0.14423
2116,-2.151,0.14423
2117,-2.15,0.14423
2118,-2.149,0.14423
2119,-2.148,0.14423
2120,-2.147,0.14423
2121,-2.146,0.14423
2122,-2.145,0.14423
2123,-2.144,0.14423
2124,-2.143,0.14423
2125,-2.142,0.14423
2126,-2.141,0.14423
2127,-2.14,0.14423
2128,-2.139,0.14423
2129,-2.138,0.14423
2130,-2.137,0.14423
2131,-2.136,0.14423
2132,-2.135,0.14423
2133,-2.134,0.14423
2134,-2.133,0.14423
2135,-2.132,0.14423
2136,-2.131,0.14423
2137,-2.13,0.14423
2138,-2.129,0.14423
2139,-2.128,0.14423
2140,-2.127,0.14423
2141,-2.126,0.14423
2142,-2.125,0.14423
2143,-2.124,0.14423
2144,-2.123,0.14423
2145,-2.122,0.14423
2146,-2.121,0.14423
2147,-2.12,0.14423
2148,-2.119,0.14423
2149,-2.118,0.14423
2150,-2.117,0.14423
2151,-2.116,0.14423
2152,-2.115,0.14423
2153,-2.114,0.14423
2154,-2.113,0.14423
2155,-2.112,0.14423
2156,-2.111,0.14423
2157,-2.11,0.14423
2158,-2.109,0.14423
2159,-2.108,0.14423
2160,-2.107,0.14423
2161,-2.106,0.145969
2162,-2.105,0.149447
2163,-2.104,0.258994
2164,-2.103,0.304204
2165,-2.102,0.285077
2166,-2.101,0.215523
2167,-2.1,0.151185
2168,-2.099,0.147708
2169,-2.098,0.14423
2170,-2.097,0.14423
2171,-2.096,0.14423
2172,-2.095,0.14423
2173,-2.094,0.14423
2174,-2.093,0.14423
2175,-2.092,0.14423
2176,-2.091,0.14423
2177,-2.09,0.14423
2178,-2.089,0.14423
2179,-2.088,0.14423
2180,-2.087,0.14423
2181,-2.086,0.14423
2182,-2.085,0.14423
2183,-2.084,0.14423
2184,-2.083,0.14423
2185,-2.082,0.14423
2186,-2.081,0.14423
2187,-2.08,0.14423
2188,-2.079,0.14423
2189,-2.078,0.14423
2190,-2.077,0.14423
2191,-2.076,0.14423
2192,-2.075,0.14423
2193,-2.074,0.14423
2194,-2.073,0.14423
2195,-2.072,0.14423
2196,-2.071,0.14423
2197,-2.07,0.14423
2198,-2.069,0.14423
2199,-2.068,0.14423
2200,-2.067,0.14423
2201,-2.066,0.14423
2202,-2.065,0.14423
2203,-2.064,0.14423
2204,-2.063,0.14423
2205,-2.062,0.14423
2206,-2.061,0.14423
2207,-2.06,0.14423
2208,-2.059,0.14423
2209,-2.058,0.14423
2210,-2.057,0.14423
2211,-2.056,0.14423
2212,-2.055,0.14423
2213,-2.054,0.14423
2214,-2.053,0.14423
2215,-2.052,0.14423
2216,-2.051,0.14423
2217,-2.05,0.14423
2218,-2.049,0.14423
2219,-2.048,0.14423
2220,-2.047,0.14423
2221,-2.046,0.14423
2222,-2.045,0.14423
2223,-2.044,0.14423
2224,-2.043,0.14423
2225,-2.042,0.14423
2226,-2.041,0.14423
2227,-2.04,0.14423
2228,-2.039,0.14423
2229,-2.038,0.14423
2230,-2.037,0.14423
2231,-2.036,0.14423
2232,-2.035,0.14423
2233,-2.034,0.14423
2234,-2.033,0.14423
2235,-2.032,0.14423
2236,-2.031,0.145969
2237,-2.03,0.147708
2238,-2.029,0.260733
2239,-2.028,0.304204
2240,-2.027,0.288555
2241,-2.026,0.215523
2242,-2.025,0.151185
2243,-2.024,0.147708
2244,-2.023,0.14423
2245,-2.022,0.14423
2246,-2.021,0.14423
2247,-2.02,0.14423
2248,-2.019,0.14423
2249,-2.018,0.14423
2250,-2.017,0.14423
2251,-2.016,0.14423
2252,-2.015,0.14423
2253,-2.014,0.14423
2254,-2.013,0.14423
2255,-2.012,0.14423
2256,-2.011,0.14423
2257,-2.01,0.14423
2258,-2.009,0.14423
2259,-2.008,0.14423
2260,-2.007,0.14423
2261,-2.006,0.14423
2262,-2.005,0.14423
2263,-2.004,0.14423
2264,-2.003,0.14423
2265,-2.002,0.14423
2266,-2.001,0.14423
2267,-2,0.14423
2268,-1.999,0.14423
2269,-1.998,0.14423
2270,-1.997,0.14423
2271,-1.996,0.14423
2272,-1.995,0.14423
2273,-1.994,0.14423
2274,-1.993,0.14423
2275,-1.992,0.14423
2276,-1.991,0.14423
2277,-1.99,0.14423
2278,-1.989,0.14423
2279,-1.988,0.14423
2280,-1.987,0.14423
2281,-1.986,0.14423
2282,-1.985,0.14423
2283,-1.984,0.14423
2284,-1.983,0.14423
2285,-1.982,0.14423
2286,-1.981,0.14423
2287,-1.98,0.14423
2288,-1.979,0.14423
2289,-1.978,0.14423
2290,-1.977,0.14423
2291,-1.976,0.14423
2292,-1.975,0.14423
2293,-1.974,0.14423
2294,-1.973,0.14423
2295,-1.972,0.14423
2296,-1.971,0.14423
2297,-1.97,0.14423
2298,-1.969,0.14423
2299,-1.968,0.14423
2300,-1.967,0.14423
2301,-1.966,0.14423
2302,-1.965,0.14423
2303,-1.964,0.14423
2304,-1.963,0.14423
2305,-1.962,0.14423
2306,-1.961,0.14423
2307,-1.96,0.14423
2308,-1.959,0.14423
2309,-1.958,0.14423
2310,-1.957,0.14423
2311,-1.956,0.145969
2312,-1.955,0.147708
2313,-1.954,0.257255
2314,-1.953,0.304204
2315,-1.952,0.288555
2316,-1.951,0.217262
2317,-1.95,0.152924
2318,-1.949,0.147708
2319,-1.948,0.14423
2320,-1.947,0.14423
2321,-1.946,0.14423
2322,-1.945,0.14423
2323,-1.944,0.14423
2324,-1.943,0.14423
2325,-1.942,0.14423
2326,-1.941,0.14423
2327,-1.94,0.14423
2328,-1.939,0.14423
2329,-1.938,0.14423
2330,-1.937,0.14423
2331,-1.936,0.14423
2332,-1.935,0.14423
2333,-1.934,0.14423
2334,-1.933,0.14423
2335,-1.932,0.14423
2336,-1.931,0.14423
2337,-1.93,0.14423
2338,-1.929,0.14423
2339,-1.928,0.14423
2340,-1.927,0.14423
2341,-1.926,0.14423
2342,-1.925,0.14423
2343,-1.924,0.14423
2344,-1.923,0.14423
2345,-1.922,0.14423
2346,-1.921,0.14423
2347,-1.92,0.14423
2348,-1.919,0.14423
2349,-1.918,0.14423
2350,-1.917,0.14423
2351,-1.916,0.14423
2352,-1.915,0.14423
2353,-1.914,0.14423
2354,-1.913,0.14423
2355,-1.912,0.14423
2356,-1.911,0.14423
2357,-1.91,0.14423
2358,-1.909,0.14423
2359,-1.908,0.14423
2360,-1.907,0.14423
2361,-1.906,0.14423
2362,-1.905,0.14423
2363,-1.904,0.14423
2364,-1.903,0.14423
2365,-1.902,0.14423
2366,-1.901,0.14423
2367,-1.9,0.14423
2368,-1.899,0.14423
2369,-1.898,0.14423
2370,-1.897,0.14423
2371,-1.896,0.14423
2372,-1.895,0.14423
2373,-1.894,0.14423
2374,-1.893,0.14423
2375,-1.892,0.14423
2376,-1.891,0.14423
2377,-1.89,0.14423
2378,-1.889,0.14423
2379,-1.888,0.14423
2380,-1.887,0.14423
2381,-1.886,0.14423
2382,-1.885,0.14423
2383,-1.884,0.14423
2384,-1.883,0.14423
2385,-1.882,0.14423
2386,-1.881,0.145969
2387,-1.88,0.145969
2388,-1.879,0.255516
2389,-1.878,0.305943
2390,-1.877,0.288555
2391,-1.876,0.219001
2392,-1.875,0.152924
2393,-1.874,0.145969
2394,-1.873,0.14423
2395,-1.872,0.14423
2396,-1.871,0.14423
2397,-1.87,0.14423
2398,-1.869,0.14423
2399,-1.868,0.14423
2400,-1.867,0.14423
2401,-1.866,0.14423
2402,-1.865,0.14423
2403,-1.864,0.14423
2404,-1.863,0.14423
2405,-1.862,0.14423
2406,-1.861,0.14423
2407,-1.86,0.14423
2408,-1.859,0.14423
2409,-1.858,0.14423
2410,-1.857,0.14423
2411,-1.856,0.14423
2412,-1.855,0.14423
2413,-1.854,0.14423
2414,-1.853,0.14423
2415,-1.852,0.14423
2416,-1.851,0.14423
2417,-1.85,0.14423
2418,-1.849,0.14423
2419,-1.848,0.14423
2420,-1.847,0.14423
2421,-1.846,0.14423
2422,-1.845,0.14423
2423,-1.844,0.14423
2424,-1.843,0.14423
2425,-1.842,0.14423
2426,-1.841,0.14423
2427,-1.84,0.14423
2428,-1.839,0.14423
2429,-1.838,0.14423
2430,-1.837,0.14423
2431,-1.836,0.14423
2432,-1.835,0.14423
2433,-1.834,0.14423
2434,-1.833,0.14423
2435,-1.832,0.14423
2436,-1.831,0.14423
2437,-1.83,0.14423
2438,-1.829,0.14423
2439,-1.828,0.14423
2440,-1.827,0.14423
2441,-1.826,0.14423
2442,-1.825,0.14423
2443,-1.824,0.14423
2444,-1.823,0.14423
2445,-1.822,0.14423
2446,-1.821,0.14423
2447,-1.82,0.14423
2448,-1.819,0.14423
2449,-1.818,0.14423
2450,-1.817,0.14423
2451,-1.816,0.14423
2452,-1.815,0.14423
2453,-1.814,0.14423
2454,-1.813,0.14423
2455,-1.812,0.14423
2456,-1.811,0.14423
2457,-1.81,0.14423
2458,-1.809,0.14423
2459,-1.808,0.14423
2460,-1.807,0.14423
2461,-1.806,0.145969
2462,-1.805,0.145969
2463,-1.804,0.252039
2464,-1.803,0.305943
2465,-1.802,0.286816
2466,-1.801,0.222478
2467,-1.8,0.152924
2468,-1.799,0.147708
2469,-1.798,0.14423
2470,-1.797,0.14423
2471,-1.796,0.14423
2472,-1.795,0.14423
2473,-1.794,0.14423
2474,-1.793,0.14423
2475,-1.792,0.14423
2476,-1.791,0.14423
2477,-1.79,0.14423
2478,-1.789,0.14423
2479,-1.788,0.14423
2480,-1.787,0.14423
2481,-1.786,0.14423
2482,-1.785,0.14423
2483,-1.784,0.14423
2484,-1.783,0.14423
2485,-1.782,0.14423
2486,-1.781,0.14423
2487,-1.78,0.14423
2488,-1.779,0.14423
2489,-1.778,0.14423
2490,-1.777,0.14423
2491,-1.776,0.14423
2492,-1.775,0.14423
2493,-1.774,0.14423
2494,-1.773,0.14423
2495,-1.772,0.14423
2496,-1.771,0.14423
2497,-1.77,0.14423
2498,-1.769,0.14423
2499,-1.768,0.14423
2500,-1.767,0.14423
2501,-1.766,0.14423
2502,-1.765,0.14423
2503,-1.764,0.14423
2504,-1.763,0.14423
2505,-1.762,0.14423
2506,-1.761,0.14423
2507,-1.76,0.14423
2508,-1.759,0.14423
2509,-1.758,0.14423
2510,-1.757,0.14423
2511,-1.756,0.14423
2512,-1.755,0.14423
2513,-1.754,0.14423
2514,-1.753,0.14423
2515,-1.752,0.14423
2516,-1.751,0.14423
2517,-1.75,0.14423
2518,-1.749,0.14423
2519,-1.748,0.14423
2520,-1.747,0.14423
2521,-1.746,0.14423
2522,-1.745,0.14423
2523,-1.744,0.14423
2524,-1.743,0.14423
2525,-1.742,0.14423
2526,-1.741,0.14423
2527,-1.74,0.14423
2528,-1.739,0.14423
2529,-1.738,0.14423
2530,-1.737,0.14423
2531,-1.736,0.14423
2532,-1.735,0.14423
2533,-1.734,0.14423
2534,-1.733,0.14423
2535,-1.732,0.14423
2536,-1.731,0.145969
2537,-1.73,0.14423
2538,-1.729,0.2503
2539,-1.728,0.304204
2540,-1.727,0.288555
2541,-1.726,0.227695
2542,-1.725,0.152924
2543,-1.724,0.147708
2544,-1.723,0.14423
2545,-1.722,0.14423
2546,-1.721,0.14423
2547,-1.72,0.14423
2548,-1.719,0.14423
2549,-1.718,0.14423
2550,-1.717,0.14423
2551,-1.716,0.14423
2552,-1.715,0.14423
2553,-1.714,0.14423
2554,-1.713,0.14423
2555,-1.712,0.14423
2556,-1.711,0.14423
2557,-1.71,0.14423
2558,-1.709,0.14423
2559,-1.708,0.14423
2560,-1.707,0.14423
2561,-1.706,0.14423
2562,-1.705,0.14423
2563,-1.704,0.14423
2564,-1.703,0.14423
2565,-1.702,0.14423
2566,-1.701,0.14423
2567,-1.7,0.14423
2568,-1.699,0.14423
2569,-1.698,0.14423
2570,-1.697,0.14423
2571,-1.696,0.14423
2572,-1.695,0.14423
2573,-1.694,0.14423
2574,-1.693,0.14423
2575,-1.692,0.14423
2576,-1.691,0.14423
2577,-1.69,0.14423
2578,-1.689,0.14423
2579,-1.688,0.14423
2580,-1.687,0.14423
2581,-1.686,0.14423
2582,-1.685,0.14423
2583,-1.684,0.14423
2584,-1.683,0.14423
2585,-1.682,0.14423
2586,-1.681,0.14423
2587,-1.68,0.14423
2588,-1.679,0.14423
2589,-1.678,0.14423
2590,-1.677,0.14423
2591,-1.676,0.14423
2592,-1.675,0.14423
2593,-1.674,0.14423
2594,-1.673,0.14423
2595,-1.672,0.14423
2596,-1.671,0.14423
2597,-1.67,0.14423
2598,-1.669,0.14423
2599,-1.668,0.14423
2600,-1.667,0.14423
2601,-1.666,0.14423
2602,-1.665,0.14423
2603,-1.664,0.14423
2604,-1.663,0.14423
2605,-1.662,0.14423
2606,-1.661,0.14423
2607,-1.66,0.14423
2608,-1.659,0.14423
2609,-1.658,0.14423
2610,-1.657,0.14423
2611,-1.656,0.145969
2612,-1.655,0.14423
2613,-1.654,0.245083
2614,-1.653,0.302465
2615,-1.652,0.288555
2616,-1.651,0.231172
2617,-1.65,0.152924
2618,-1.649,0.147708
2619,-1.648,0.14423
2620,-1.647,0.14423
2621,-1.646,0.14423
2622,-1.645,0.14423
2623,-1.644,0.14423
2624,-1.643,0.14423
2625,-1.642,0.14423
2626,-1.641,0.14423
2627,-1.64,0.14423
2628,-1.639,0.14423
2629,-1.638,0.14423
2630,-1.637,0.14423
2631,-1.636,0.14423
2632,-1.635,0.14423
2633,-1.634,0.14423
2634,-1.633,0.14423
2635,-1.632,0.14423
2636,-1.631,0.14423
2637,-1.63,0.14423
2638,-1.629,0.14423
2639,-1.628,0.14423
2640,-1.627,0.14423
2641,-1.626,0.14423
2642,-1.625,0.14423
2643,-1.624,0.14423
2644,-1.623,0.14423
2645,-1.622,0.14423
2646,-1.621,0.14423
2647,-1.62,0.14423
2648,-1.619,0.14423
2649,-1.618,0.14423
2650,-1.617,0.14423
2651,-1.616,0.14423
2652,-1.615,0.14423
2653,-1.614,0.14423
2654,-1.613,0.14423
2655,-1.612,0.14423
2656,-1.611,0.14423
2657,-1.61,0.14423
2658,-1.609,0.14423
2659,-1.608,0.14423
2660,-1.607,0.14423
2661,-1.606,0.14423
2662,-1.605,0.14423
2663,-1.604,0.14423
2664,-1.603,0.14423
2665,-1.602,0.14423
2666,-1.601,0.14423
2667,-1.6,0.14423
2668,-1.599,0.14423
2669,-1.598,0.14423
2670,-1.597,0.14423
2671,-1.596,0.14423
2672,-1.595,0.14423
2673,-1.594,0.14423
2674,-1.593,0.14423
2675,-1.592,0.14423
2676,-1.591,0.14423
2677,-1.59,0.14423
2678,-1.589,0.14423
2679,-1.588,0.14423
2680,-1.587,0.14423
2681,-1.586,0.14423
2682,-1.585,0.14423
2683,-1.584,0.14423
2684,-1.583,0.14423
2685,-1.582,0.14423
2686,-1.581,0.145969
2687,-1.58,0.14423
2688,-1.579,0.241606
2689,-1.578,0.304204
2690,-1.577,0.288555
2691,-1.576,0.232911
2692,-1.575,0.151185
2693,-1.574,0.147708
2694,-1.573,0.14423
2695,-1.572,0.14423
2696,-1.571,0.14423
2697,-1.57,0.14423
2698,-1.569,0.14423
2699,-1.568,0.14423
2700,-1.567,0.14423
2701,-1.566,0.14423
2702,-1.565,0.14423
2703,-1.564,0.14423
2704,-1.563,0.14423
2705,-1.562,0.14423
2706,-1.561,0.14423
2707,-1.56,0.14423
2708,-1.559,0.14423
2709,-1.558,0.14423
2710,-1.557,0.14423
2711,-1.556,0.14423
2712,-1.555,0.14423
2713,-1.554,0.14423
2714,-1.553,0.14423
2715,-1.552,0.14423
2716,-1.551,0.14423
2717,-1.55,0.14423
2718,-1.549,0.14423
2719,-1.548,0.14423
2720,-1.547,0.14423
2721,-1.546,0.14423
2722,-1.545,0.14423
2723,-1.544,0.14423
2724,-1.543,0.14423
2725,-1.542,0.14423
2726,-1.541,0.14423
2727,-1.54,0.14423
2728,-1.539,0.14423
2729,-1.538,0.14423
2730,-1.537,0.14423
2731,-1.536,0.14423
2732,-1.535,0.14423
2733,-1.534,0.14423
2734,-1.533,0.14423
2735,-1.532,0.14423
2736,-1.531,0.14423
2737,-1.53,0.14423
2738,-1.529,0.14423
2739,-1.528,0.14423
2740,-1.527,0.14423
2741,-1.526,0.14423
2742,-1.525,0.14423
2743,-1.524,0.14423
2744,-1.523,0.14423
2745,-1.522,0.14423
2746,-1.521,0.14423
2747,-1.52,0.14423
2748,-1.519,0.14423
2749,-1.518,0.14423
2750,-1.517,0.14423
2751,-1.516,0.14423
2752,-1.515,0.14423
2753,-1.514,0.14423
2754,-1.513,0.14423
2755,-1.512,0.14423
2756,-1.511,0.14423
2757,-1.51,0.14423
2758,-1.509,0.14423
2759,-1.508,0.14423
2760,-1.507,0.14423
2761,-1.506,0.145969
2762,-1.505,0.142491
2763,-1.504,0.239867
2764,-1.503,0.302465
2765,-1.502,0.286816
2766,-1.501,0.238128
2767,-1.5,0.152924
2768,-1.499,0.147708
2769,-1.498,0.14423
2770,-1.497,0.14423
2771,-1.496,0.14423
2772,-1.495,0.14423
2773,-1.494,0.14423
2774,-1.493,0.14423
2775,-1.492,0.14423
2776,-1.491,0.14423
2777,-1.49,0.14423
2778,-1.489,0.14423
2779,-1.488,0.14423
2780,-1.487,0.14423
2781,-1.486,0.14423
2782,-1.485,0.14423
2783,-1.484,0.14423
2784,-1.483,0.14423
2785,-1.482,0.14423
2786,-1.481,0.14423
2787,-1.48,0.14423
2788,-1.479,0.14423
2789,-1.478,0.14423
2790,-1.477,0.14423
2791,-1.476,0.14423
2792,-1.475,0.14423
2793,-1.474,0.14423
2794,-1.473,0.14423
2795,-1.472,0.14423
2796,-1.471,0.14423
2797,-1.47,0.14423
2798,-1.469,0.14423
2799,-1.468,0.14423
2800,-1.467,0.14423
2801,-1.466,0.14423
2802,-1.465,0.14423
2803,-1.464,0.14423
2804,-1.463,0.14423
2805,-1.462,0.14423
2806,-1.461,0.14423
2807,-1.46,0.14423
2808,-1.459,0.14423
2809,-1.458,0.14423
2810,-1.457,0.14423
2811,-1.456,0.14423
2812,-1.455,0.14423
2813,-1.454,0.14423
2814,-1.453,0.14423
2815,-1.452,0.14423
2816,-1.451,0.14423
2817,-1.45,0.14423
2818,-1.449,0.14423
2819,-1.448,0.14423
2820,-1.447,0.14423
2821,-1.446,0.14423
2822,-1.445,0.14423
2823,-1.444,0.14423
2824,-1.443,0.14423
2825,-1.442,0.14423
2826,-1.441,0.14423
2827,-1.44,0.14423
2828,-1.439,0.14423
2829,-1.438,0.14423
2830,-1.437,0.14423
2831,-1.436,0.14423
2832,-1.435,0.14423
2833,-1.434,0.14423
2834,-1.433,0.14423
2835,-1.432,0.14423
2836,-1.431,0.145969
2837,-1.43,0.142491
2838,-1.429,0.238128
2839,-1.428,0.304204
2840,-1.427,0.286816
2841,-1.426,0.238128
2842,-1.425,0.152924
2843,-1.424,0.147708
2844,-1.423,0.14423
2845,-1.422,0.14423
2846,-1.421,0.14423
2847,-1.42,0.14423
2848,-1.419,0.14423
2849,-1.418,0.14423
2850,-1.417,0.14423
2851,-1.416,0.14423
2852,-1.415,0.14423
2853,-1.414,0.14423
2854,-1.413,0.14423
2855,-1.412,0.14423
2856,-1.411,0.14423
2857,-1.41,0.14423
2858,-1.409,0.14423
2859,-1.408,0.14423
2860,-1.407,0.14423
2861,-1.406,0.14423
2862,-1.405,0.14423
2863,-1.404,0.14423
2864,-1.403,0.14423
2865,-1.402,0.14423
2866,-1.401,0.14423
2867,-1.4,0.14423
2868,-1.399,0.14423
2869,-1.398,0.14423
2870,-1.397,0.14423
2871,-1.396,0.14423
2872,-1.395,0.14423
2873,-1.394,0.14423
2874,-1.393,0.14423
2875,-1.392,0.14423
2876,-1.391,0.14423
2877,-1.39,0.14423
2878,-1.389,0.14423
2879,-1.388,0.14423
2880,-1.387,0.14423
2881,-1.386,0.14423
2882,-1.385,0.14423
2883,-1.384,0.14423
2884,-1.383,0.14423
2885,-1.382,0.14423
2886,-1.381,0.14423
2887,-1.38,0.14423
2888,-1.379,0.14423
2889,-1.378,0.14423
2890,-1.377,0.14423
2891,-1.376,0.14423
2892,-1.375,0.14423
2893,-1.374,0.14423
2894,-1.373,0.14423
2895,-1.372,0.14423
2896,-1.371,0.14423
2897,-1.37,0.14423
2898,-1.369,0.14423
2899,-1.368,0.14423
2900,-1.367,0.14423
2901,-1.366,0.14423
2902,-1.365,0.14423
2903,-1.364,0.14423
2904,-1.363,0.14423
2905,-1.362,0.14423
2906,-1.361,0.14423
2907,-1.36,0.14423
2908,-1.359,0.14423
2909,-1.358,0.14423
2910,-1.357,0.14423
2911,-1.356,0.145969
2912,-1.355,0.14423
2913,-1.354,0.23465
2914,-1.353,0.302465
2915,-1.352,0.288555
2916,-1.351,0.241606
2917,-1.35,0.154663
2918,-1.349,0.147708
2919,-1.348,0.14423
2920,-1.347,0.14423
2921,-1.346,0.14423
2922,-1.345,0.14423
2923,-1.344,0.14423
2924,-1.343,0.14423
2925,-1.342,0.14423
2926,-1.341,0.14423
2927,-1.34,0.14423
2928,-1.339,0.14423
2929,-1.338,0.14423
2930,-1.337,0.14423
2931,-1.336,0.14423
2932,-1.335,0.14423
2933,-1.334,0.14423
2934,-1.333,0.14423
2935,-1.332,0.14423
2936,-1.331,0.14423
2937,-1.33,0.14423
2938,-1.329,0.14423
2939,-1.328,0.14423
2940,-1.327,0.14423
2941,-1.326,0.14423
2942,-1.325,0.14423
2943,-1.324,0.14423
2944,-1.323,0.14423
2945,-1.322,0.14423
2946,-1.321,0.14423
2947,-1.32,0.14423
2948,-1.319,0.14423
2949,-1.318,0.14423
2950,-1.317,0.14423
2951,-1.316,0.14423
2952,-1.315,0.14423
2953,-1.314,0.14423
2954,-1.313,0.14423
2955,-1.312,0.14423
2956,-1.311,0.14423
2957,-1.31,0.14423
2958,-1.309,0.14423
2959,-1.308,0.14423
2960,-1.307,0.14423
2961,-1.306,0.14423
2962,-1.305,0.14423
2963,-1.304,0.14423
2964,-1.303,0.14423
2965,-1.302,0.14423
2966,-1.301,0.14423
2967,-1.3,0.14423
2968,-1.299,0.14423
2969,-1.298,0.14423
2970,-1.297,0.14423
2971,-1.296,0.14423
2972,-1.295,0.14423
2973,-1.294,0.14423
2974,-1.293,0.14423
2975,-1.292,0.14423
2976,-1.291,0.14423
2977,-1.29,0.14423
2978,-1.289,0.14423
2979,-1.288,0.14423
2980,-1.287,0.14423
2981,-1.286,0.14423
2982,-1.285,0.14423
2983,-1.284,0.14423
2984,-1.283,0.14423
2985,-1.282,0.14423
2986,-1.281,0.145969
2987,-1.28,0.142491
2988,-1.279,0.231172
2989,-1.278,0.302465
2990,-1.277,0.288555
2991,-1.276,0.246822
2992,-1.275,0.154663
2993,-1.274,0.147708
2994,-1.273,0.14423
2995,-1.272,0.14423
2996,-1.271,0.14423
2997,-1.27,0.14423
2998,-1.269,0.14423
2999,-1.268,0.14423
3000,-1.267,0.14423
3001,-1.266,0.14423
3002,-1.265,0.14423
3003,-1.264,0.14423
3004,-1.263,0.14423
3005,-1.262,0.14423
3006,-1.261,0.14423
3007,-1.26,0.14423
3008,-1.259,0.14423
3009,-1.258,0.14423
3010,-1.257,0.14423
3011,-1.256,0.14423
3012,-1.255,0.14423
3013,-1.254,0.14423
3014,-1.253,0.14423
3015,-1.252,0.14423
3016,-1.251,0.14423
3017,-1.25,0.14423
3018,-1.249,0.14423
3019,-1.248,0.14423
3020,-1.247,0.14423
3021,-1.246,0.14423
3022,-1.245,0.14423
3023,-1.244,0.14423
3024,-1.243,0.14423
3025,-1.242,0.14423
3026,-1.241,0.14423
3027,-1.24,0.14423
3028,-1.239,0.14423
3029,-1.238,0.14423
3030,-1.237,0.14423
3031,-1.236,0.14423
3032,-1.235,0.14423
3033,-1.234,0.14423
3034,-1.233,0.14423
3035,-1.232,0.14423
3036,-1.231,0.14423
3037,-1.23,0.14423
3038,-1.229,0.14423
3039,-1.228,0.14423
3040,-1.227,0.14423
3041,-1.226,0.14423
3042,-1.225,0.14423
3043,-1.224,0.14423
3044,-1.223,0.14423
3045,-1.222,0.14423
3046,-1.221,0.14423
3047,-1.22,0.14423
3048,-1.219,0.14423
3049,-1.218,0.14423
3050,-1.217,0.14423
3051,-1.216,0.14423
3052,-1.215,0.14423
3053,-1.214,0.14423
3054,-1.213,0.14423
3055,-1.212,0.14423
3056,-1.211,0.14423
3057,-1.21,0.14423
3058,-1.209,0.14423
3059,-1.208,0.14423
3060,-1.207,0.14423
3061,-1.206,0.145969
3062,-1.205,0.140752
3063,-1.204,0.227695
3064,-1.203,0.302465
3065,-1.202,0.288555
3066,-1.201,0.252039
3067,-1.2,0.158141
3068,-1.199,0.147708
3069,-1.198,0.14423
3070,-1.197,0.14423
3071,-1.196,0.14423
3072,-1.195,0.14423
3073,-1.194,0.14423
3074,-1.193,0.14423
3075,-1.192,0.14423
3076,-1.191,0.14423
3077,-1.19,0.14423
3078,-1.189,0.14423
3079,-1.188,0.14423
3080,-1.187,0.14423
3081,-1.186,0.14423
3082,-1.185,0.14423
3083,-1.184,0.14423
3084,-1.183,0.14423
3085,-1.182,0.14423
3086,-1.181,0.14423
3087,-1.18,0.14423
3088,-1.179,0.14423
3089,-1.178,0.14423
3090,-1.177,0.14423
3091,-1.176,0.14423
3092,-1.175,0.14423
3093,-1.174,0.14423
3094,-1.173,0.14423
3095,-1.172,0.14423
3096,-1.171,0.14423
3097,-1.17,0.14423
3098,-1.169,0.14423
3099,-1.168,0.14423
3100,-1.167,0.14423
3101,-1.166,0.14423
3102,-1.165,0.14423
3103,-1.164,0.14423
3104,-1.163,0.14423
3105,-1.162,0.14423
3106,-1.161,0.14423
3107,-1.16,0.14423
3108,-1.159,0.14423
3109,-1.158,0.14423
3110,-1.157,0.14423
3111,-1.156,0.14423
3112,-1.155,0.14423
3113,-1.154,0.14423
3114,-1.153,0.14423
3115,-1.152,0.14423
3116,-1.151,0.14423
3117,-1.15,0.14423
3118,-1.149,0.14423
3119,-1.148,0.14423
3120,-1.147,0.14423
3121,-1.146,0.14423
3122,-1.145,0.14423
3123,-1.144,0.14423
3124,-1.143,0.14423
3125,-1.142,0.14423
3126,-1.141,0.14423
3127,-1.14,0.14423
3128,-1.139,0.14423
3129,-1.138,0.14423
3130,-1.137,0.14423
3131,-1.136,0.14423
3132,-1.135,0.14423
3133,-1.134,0.14423
3134,-1.133,0.14423
3135,-1.132,0.14423
3136,-1.131,0.145969
3137,-1.13,0.140752
3138,-1.129,0.220739
3139,-1.128,0.300727
3140,-1.127,0.290293
3141,-1.126,0.255516
3142,-1.125,0.158141
3143,-1.124,0.147708
3144,-1.123,0.145969
3145,-1.122,0.145969
3146,-1.121,0.14423
3147,-1.12,0.14423
3148,-1.119,0.14423
3149,-1.118,0.14423
3150,-1.117,0.14423
3151,-1.116,0.14423
3152,-1.115,0.14423
3153,-1.114,0.14423
3154,-1.113,0.14423
3155,-1.112,0.14423
3156,-1.111,0.14423
3157,-1.11,0.14423
3158,-1.109,0.14423
3159,-1.108,0.14423
3160,-1.107,0.14423
3161,-1.106,0.14423
3162,-1.105,0.14423
3163,-1.104,0.14423
3164,-1.103,0.14423
3165,-1.102,0.14423
3166,-1.101,0.14423
3167,-1.1,0.14423
3168,-1.099,0.14423
3169,-1.098,0.14423
3170,-1.097,0.14423
3171,-1.096,0.14423
3172,-1.095,0.14423
3173,-1.094,0.14423
3174,-1.093,0.14423
3175,-1.092,0.14423
3176,-1.091,0.14423
3177,-1.09,0.14423
3178,-1.089,0.14423
3179,-1.088,0.14423
3180,-1.087,0.14423
3181,-1.086,0.14423
3182,-1.085,0.14423
3183,-1.084,0.14423
3184,-1.083,0.14423
3185,-1.082,0.14423
3186,-1.081,0.14423
3187,-1.08,0.14423
3188,-1.079,0.14423
3189,-1.078,0.14423
3190,-1.077,0.14423
3191,-1.076,0.14423
3192,-1.075,0.14423
3193,-1.074,0.14423
3194,-1.073,0.14423
3195,-1.072,0.14423
3196,-1.071,0.14423
3197,-1.07,0.14423
3198,-1.069,0.14423
3199,-1.068,0.14423
3200,-1.067,0.14423
3201,-1.066,0.14423
3202,-1.065,0.14423
3203,-1.064,0.14423
3204,-1.063,0.14423
3205,-1.062,0.14423
3206,-1.061,0.14423
3207,-1.06,0.14423
3208,-1.059,0.14423
3209,-1.058,0.14423
3210,-1.057,0.14423
3211,-1.056,0.145969
3212,-1.055,0.140752
3213,-1.054,0.217262
3214,-1.053,0.300727
3215,-1.052,0.290293
3216,-1.051,0.258994
3217,-1.05,0.15988
3218,-1.049,0.147708
3219,-1.048,0.145969
3220,-1.047,0.145969
3221,-1.046,0.14423
3222,-1.045,0.14423
3223,-1.044,0.14423
3224,-1.043,0.14423
3225,-1.042,0.14423
3226,-1.041,0.14423
3227,-1.04,0.14423
3228,-1.039,0.14423
3229,-1.038,0.14423
3230,-1.037,0.14423
3231,-1.036,0.14423
3232,-1.035,0.14423
3233,-1.034,0.14423
3234,-1.033,0.14423
3235,-1.032,0.14423
3236,-1.031,0.14423
3237,-1.03,0.14423
3238,-1.029,0.14423
3239,-1.028,0.14423
3240,-1.027,0.14423
3241,-1.026,0.14423
3242,-1.025,0.14423
3243,-1.024,0.14423
3244,-1.023,0.14423
3245,-1.022,0.14423
3246,-1.021,0.14423
3247,-1.02,0.14423
3248,-1.019,0.14423
3249,-1.018,0.14423
3250,-1.017,0.14423
3251,-1.016,0.14423
3252,-1.015,0.14423
3253,-1.014,0.14423
3254,-1.013,0.14423
3255,-1.012,0.14423
3256,-1.011,0.14423
3257,-1.01,0.14423
3258,-1.009,0.14423
3259,-1.008,0.14423
3260,-1.007,0.14423
3261,-1.006,0.14423
3262,-1.005,0.14423
3263,-1.004,0.14423
3264,-1.003,0.14423
3265,-1.002,0.14423
3266,-1.001,0.14423
3267,-1,0.14423
3268,-0.999,0.14423
3269,-0.998,0.14423
3270,-0.997,0.14423
3271,-0.996,0.14423
3272,-0.995,0.14423
3273,-0.994,0.14423
3274,-0.993,0.14423
3275,-0.992,0.14423
3276,-0.991,0.14423
3277,-0.99,0.14423
3278,-0.989,0.14423
3279,-0.988,0.14423
3280,-0.987,0.14423
3281,-0.986,0.14423
3282,-0.985,0.14423
3283,-0.984,0.14423
3284,-0.983,0.14423
3285,-0.982,0.14423
3286,-0.981,0.145969
3287,-0.98,0.142491
3288,-0.979,0.213784
3289,-0.978,0.298988
3290,-0.977,0.292032
3291,-0.976,0.260733
3292,-0.975,0.15988
3293,-0.974,0.147708
3294,-0.973,0.145969
3295,-0.972,0.145969
3296,-0.971,0.14423
3297,-0.97,0.14423
3298,-0.969,0.14423
3299,-0.968,0.14423
3300,-0.967,0.14423
3301,-0.966,0.14423
3302,-0.965,0.14423
3303,-0.964,0.14423
3304,-0.963,0.14423
3305,-0.962,0.14423
3306,-0.961,0.14423
3307,-0.96,0.14423
3308,-0.959,0.14423
3309,-0.958,0.14423
3310,-0.957,0.14423
3311,-0.956,0.14423
3312,-0.955,0.14423
3313,-0.954,0.14423
3314,-0.953,0.14423
3315,-0.952,0.14423
3316,-0.951,0.14423
3317,-0.95,0.14423
3318,-0.949,0.14423
3319,-0.948,0.14423
3320,-0.947,0.14423
3321,-0.946,0.14423
3322,-0.945,0.14423
3323,-0.944,0.14423
3324,-0.943,0.14423
3325,-0.942,0.14423
3326,-0.941,0.14423
3327,-0.94,0.14423
3328,-0.939,0.14423
3329,-0.938,0.14423
3330,-0.937,0.14423
3331,-0.936,0.14423
3332,-0.935,0.14423
3333,-0.934,0.14423
3334,-0.933,0.14423
3335,-0.932,0.14423
3336,-0.931,0.14423
3337,-0.93,0.14423
3338,-0.929,0.14423
3339,-0.928,0.14423
3340,-0.927,0.14423
3341,-0.926,0.14423
3342,-0.925,0.14423
3343,-0.924,0.14423
3344,-0.923,0.14423
3345,-0.922,0.14423
3346,-0.921,0.14423
3347,-0.92,0.14423
3348,-0.919,0.14423
3349,-0.918,0.14423
3350,-0.917,0.14423
3351,-0.916,0.14423
3352,-0.915,0.14423
3353,-0.914,0.14423
3354,-0.913,0.14423
3355,-0.912,0.14423
3356,-0.911,0.14423
3357,-0.91,0.14423
3358,-0.909,0.14423
3359,-0.908,0.14423
3360,-0.907,0.14423
3361,-0.906,0.145969
3362,-0.905,0.140752
3363,-0.904,0.210306
3364,-0.903,0.29551
3365,-0.902,0.290293
3366,-0.901,0.269427
3367,-0.9,0.292032
3368,-0.899,0.312898
3369,-0.898,0.312898
3370,-0.897,0.31116
3371,-0.896,0.318115
3372,-0.895,0.31116
3373,-0.894,0.314637
3374,-0.893,0.314637
3375,-0.892,0.31116
3376,-0.891,0.314637
3377,-0.89,0.312898
3378,-0.889,0.312898
3379,-0.888,0.314637
3380,-0.887,0.312898
3381,-0.886,0.312898
3382,-0.885,0.314637
3383,-0.884,0.31116
3384,-0.883,0.314637
3385,-0.882,0.314637
3386,-0.881,0.31116
3387,-0.88,0.314637
3388,-0.879,0.314637
3389,-0.878,0.312898
3390,-0.877,0.314637
3391,-0.876,0.312898
3392,-0.875,0.312898
3393,-0.874,0.314637
3394,-0.873,0.31116
3395,-0.872,0.31116
3396,-0.871,0.318115
3397,-0.87,0.31116
3398,-0.869,0.314637
3399,-0.868,0.312898
3400,-0.867,0.312898
3401,-0.866,0.314637
3402,-0.865,0.312898
3403,-0.864,0.312898
3404,-0.863,0.314637
3405,-0.862,0.312898
3406,-0.861,0.312898
3407,-0.86,0.314637
3408,-0.859,0.31116
3409,-0.858,0.314637
3410,-0.857,0.314637
3411,-0.856,0.31116
3412,-0.855,0.314637
3413,-0.854,0.312898
3414,-0.853,0.312898
3415,-0.852,0.314637
3416,-0.851,0.312898
3417,-0.85,0.312898
3418,-0.849,0.314637
3419,-0.848,0.312898
3420,-0.847,0.312898
3421,-0.846,0.312898
3422,-0.845,0.305943
3423,-0.844,0.260733
3424,-0.843,0.27986
3425,-0.842,0.281599
3426,-0.841,0.300727
3427,-0.84,0.283338
3428,-0.839,0.15988
3429,-0.838,0.147708
3430,-0.837,0.142491
3431,-0.836,0.142491
3432,-0.835,0.142491
3433,-0.834,0.142491
3434,-0.833,0.142491
3435,-0.832,0.142491
3436,-0.831,0.142491
3437,-0.83,0.142491
3438,-0.829,0.142491
3439,-0.828,0.142491
3440,-0.827,0.142491
3441,-0.826,0.142491
3442,-0.825,0.14423
3443,-0.824,0.147708
3444,-0.823,0.272905
3445,-0.822,0.161618
3446,-0.821,0.145969
3447,-0.82,0.142491
3448,-0.819,0.142491
3449,-0.818,0.142491
3450,-0.817,0.142491
3451,-0.816,0.142491
3452,-0.815,0.142491
3453,-0.814,0.142491
3454,-0.813,0.142491
3455,-0.812,0.142491
3456,-0.811,0.142491
3457,-0.81,0.14423
3458,-0.809,0.137275
3459,-0.808,0.246822
3460,-0.807,0.196395
3461,-0.806,0.147708
3462,-0.805,0.14423
3463,-0.804,0.14423
3464,-0.803,0.142491
3465,-0.802,0.142491
3466,-0.801,0.142491
3467,-0.8,0.142491
3468,-0.799,0.142491
3469,-0.798,0.142491
3470,-0.797,0.142491
3471,-0.796,0.142491
3472,-0.795,0.142491
3473,-0.794,0.142491
3474,-0.793,0.185962
3475,-0.792,0.252039
3476,-0.791,0.151185
3477,-0.79,0.142491
3478,-0.789,0.14423
3479,-0.788,0.142491
3480,-0.787,0.142491
3481,-0.786,0.142491
3482,-0.785,0.142491
3483,-0.784,0.142491
3484,-0.783,0.142491
3485,-0.782,0.142491
3486,-0.781,0.142491
3487,-0.78,0.142491
3488,-0.779,0.14423
3489,-0.778,0.142491
3490,-0.777,0.272905
3491,-0.776,0.166835
3492,-0.775,0.145969
3493,-0.774,0.142491
3494,-0.773,0.142491
3495,-0.772,0.142491
3496,-0.771,0.142491
3497,-0.77,0.142491
3498,-0.769,0.142491
3499,-0.768,0.142491
3500,-0.767,0.142491
3501,-0.766,0.142491
3502,-0.765,0.142491
3503,-0.764,0.14423
3504,-0.763,0.137275
3505,-0.762,0.23465
3506,-0.761,0.206829
3507,-0.76,0.147708
3508,-0.759,0.14423
3509,-0.758,0.14423
3510,-0.757,0.142491
3511,-0.756,0.142491
3512,-0.755,0.142491
3513,-0.754,0.142491
3514,-0.753,0.142491
3515,-0.752,0.142491
3516,-0.751,0.142491
3517,-0.75,0.142491
3518,-0.749,0.142491
3519,-0.748,0.142491
3520,-0.747,0.172052
3521,-0.746,0.258994
3522,-0.745,0.152924
3523,-0.744,0.145969
3524,-0.743,0.142491
3525,-0.742,0.142491
3526,-0.741,0.142491
3527,-0.74,0.142491
3528,-0.739,0.142491
3529,-0.738,0.142491
3530,-0.737,0.142491
3531,-0.736,0.142491
3532,-0.735,0.142491
3533,-0.734,0.142491
3534,-0.733,0.14423
3535,-0.732,0.139013
3536,-0.731,0.267688
3537,-0.73,0.172052
3538,-0.729,0.147708
3539,-0.728,0.142491
3540,-0.727,0.142491
3541,-0.726,0.142491
3542,-0.725,0.142491
3543,-0.724,0.142491
3544,-0.723,0.142491
3545,-0.722,0.142491
3546,-0.721,0.142491
3547,-0.72,0.142491
3548,-0.719,0.142491
3549,-0.718,0.14423
3550,-0.717,0.139013
3551,-0.716,0.187701
3552,-0.715,0.149447
3553,-0.714,0.14423
3554,-0.713,0.142491
3555,-0.712,0.158141
3556,-0.711,0.142491
3557,-0.71,0.14423
3558,-0.709,0.142491
3559,-0.708,0.14423
3560,-0.707,0.140752
3561,-0.706,0.246822
3562,-0.705,0.267688
3563,-0.704,0.272905
3564,-0.703,0.267688
3565,-0.702,0.269427
3566,-0.701,0.269427
3567,-0.7,0.269427
3568,-0.699,0.269427
3569,-0.698,0.269427
3570,-0.697,0.269427
3571,-0.696,0.269427
3572,-0.695,0.269427
3573,-0.694,0.269427
3574,-0.693,0.269427
3575,-0.692,0.269427
3576,-0.691,0.269427
3577,-0.69,0.269427
3578,-0.689,0.269427
3579,-0.688,0.269427
3580,-0.687,0.269427
3581,-0.686,0.269427
3582,-0.685,0.224217
3583,-0.684,0.152924
3584,-0.683,0.147708
3585,-0.682,0.145969
3586,-0.681,0.145969
3587,-0.68,0.14423
3588,-0.679,0.14423
3589,-0.678,0.14423
3590,-0.677,0.14423
3591,-0.676,0.14423
3592,-0.675,0.14423
3593,-0.674,0.14423
3594,-0.673,0.14423
3595,-0.672,0.14423
3596,-0.671,0.14423
3597,-0.67,0.14423
3598,-0.669,0.14423
3599,-0.668,0.14423
3600,-0.667,0.14423
3601,-0.666,0.14423
3602,-0.665,0.14423
3603,-0.664,0.14423
3604,-0.663,0.14423
3605,-0.662,0.14423
3606,-0.661,0.14423
3607,-0.66,0.14423
3608,-0.659,0.14423
3609,-0.658,0.14423
3610,-0.657,0.14423
3611,-0.656,0.14423
3612,-0.655,0.14423
3613,-0.654,0.14423
3614,-0.653,0.14423
3615,-0.652,0.14423
3616,-0.651,0.14423
3617,-0.65,0.14423
3618,-0.649,0.14423
3619,-0.648,0.14423
3620,-0.647,0.14423
3621,-0.646,0.14423
3622,-0.645,0.14423
3623,-0.644,0.14423
3624,-0.643,0.14423
3625,-0.642,0.14423
3626,-0.641,0.14423
3627,-0.64,0.14423
3628,-0.639,0.14423
3629,-0.638,0.14423
3630,-0.637,0.14423
3631,-0.636,0.14423
3632,-0.635,0.14423
3633,-0.634,0.14423
3634,-0.633,0.14423
3635,-0.632,0.14423
3636,-0.631,0.14423
3637,-0.63,0.14423
3638,-0.629,0.14423
3639,-0.628,0.14423
3640,-0.627,0.14423
3641,-0.626,0.14423
3642,-0.625,0.14423
3643,-0.624,0.14423
3644,-0.623,0.14423
3645,-0.622,0.14423
3646,-0.621,0.14423
3647,-0.62,0.14423
3648,-0.619,0.14423
3649,-0.618,0.14423
3650,-0.617,0.14423
3651,-0.616,0.14423
3652,-0.615,0.14423
3653,-0.614,0.14423
3654,-0.613,0.14423
3655,-0.612,0.145969
3656,-0.611,0.140752
3657,-0.61,0.213784
3658,-0.609,0.298988
3659,-0.608,0.290293
3660,-0.607,0.260733
3661,-0.606,0.15988
3662,-0.605,0.147708
3663,-0.604,0.145969
3664,-0.603,0.145969
3665,-0.602,0.14423
3666,-0.601,0.14423
3667,-0.6,0.14423
3668,-0.599,0.14423
3669,-0.598,0.14423
3670,-0.597,0.14423
3671,-0.596,0.14423
3672,-0.595,0.14423
3673,-0.594,0.14423
3674,-0.593,0.14423
3675,-0.592,0.14423
3676,-0.591,0.14423
3677,-0.59,0.14423
3678,-0.589,0.14423
3679,-0.588,0.14423
3680,-0.587,0.14423
3681,-0.586,0.14423
3682,-0.585,0.14423
3683,-0.584,0.14423
3684,-0.583,0.14423
3685,-0.582,0.14423
3686,-0.581,0.14423
3687,-0.58,0.14423
3688,-0.579,0.14423
3689,-0.578,0.14423
3690,-0.577,0.14423
3691,-0.576,0.14423
3692,-0.575,0.14423
3693,-0.574,0.14423
3694,-0.573,0.14423
3695,-0.572,0.14423
3696,-0.571,0.14423
3697,-0.57,0.14423
3698,-0.569,0.14423
3699,-0.568,0.14423
3700,-0.567,0.14423
3701,-0.566,0.14423
3702,-0.565,0.14423
3703,-0.564,0.14423
3704,-0.563,0.14423
3705,-0.562,0.14423
3706,-0.561,0.14423
3707,-0.56,0.14423
3708,-0.559,0.14423
3709,-0.558,0.14423
3710,-0.557,0.14423
3711,-0.556,0.14423
3712,-0.555,0.14423
3713,-0.554,0.14423
3714,-0.553,0.14423
3715,-0.552,0.14423
3716,-0.551,0.14423
3717,-0.55,0.14423
3718,-0.549,0.14423
3719,-0.548,0.14423
3720,-0.547,0.14423
3721,-0.546,0.14423
3722,-0.545,0.14423
3723,-0.544,0.14423
3724,-0.543,0.14423
3725,-0.542,0.14423
3726,-0.541,0.14423
3727,-0.54,0.14423
3728,-0.539,0.14423
3729,-0.538,0.14423
3730,-0.537,0.145969
3731,-0.536,0.142491
3732,-0.535,0.208567
3733,-0.534,0.297249
3734,-0.533,0.292032
3735,-0.532,0.262472
3736,-0.531,0.163357
3737,-0.53,0.147708
3738,-0.529,0.145969
3739,-0.528,0.145969
3740,-0.527,0.14423
3741,-0.526,0.14423
3742,-0.525,0.14423
3743,-0.524,0.14423
3744,-0.523,0.14423
3745,-0.522,0.14423
3746,-0.521,0.14423
3747,-0.52,0.14423
3748,-0.519,0.14423
3749,-0.518,0.14423
3750,-0.517,0.14423
3751,-0.516,0.14423
3752,-0.515,0.14423
3753,-0.514,0.14423
3754,-0.513,0.14423
3755,-0.512,0.14423
3756,-0.511,0.14423
3757,-0.51,0.14423
3758,-0.509,0.14423
3759,-0.508,0.14423
3760,-0.507,0.14423
3761,-0.506,0.14423
3762,-0.505,0.14423
3763,-0.504,0.14423
3764,-0.503,0.14423
3765,-0.502,0.14423
3766,-0.501,0.14423
3767,-0.5,0.14423
3768,-0.499,0.14423
3769,-0.498,0.14423
3770,-0.497,0.14423
3771,-0.496,0.14423
3772,-0.495,0.14423
3773,-0.494,0.14423
3774,-0.493,0.14423
3775,-0.492,0.14423
3776,-0.491,0.14423
3777,-0.49,0.14423
3778,-0.489,0.14423
3779,-0.488,0.14423
3780,-0.487,0.14423
3781,-0.486,0.14423
3782,-0.485,0.14423
3783,-0.484,0.14423
3784,-0.483,0.14423
3785,-0.482,0.14423
3786,-0.481,0.14423
3787,-0.48,0.14423
3788,-0.479,0.14423
3789,-0.478,0.14423
3790,-0.477,0.14423
3791,-0.476,0.14423
3792,-0.475,0.14423
3793,-0.474,0.14423
3794,-0.473,0.14423
3795,-0.472,0.14423
3796,-0.471,0.14423
3797,-0.47,0.14423
3798,-0.469,0.14423
3799,-0.468,0.14423
3800,-0.467,0.14423
3801,-0.466,0.14423
3802,-0.465,0.14423
3803,-0.464,0.14423
3804,-0.463,0.14423
3805,-0.462,0.145969
3806,-0.461,0.142491
3807,-0.46,0.20509
3808,-0.459,0.297249
3809,-0.458,0.292032
3810,-0.457,0.267688
3811,-0.456,0.163357
3812,-0.455,0.147708
3813,-0.454,0.145969
3814,-0.453,0.145969
3815,-0.452,0.14423
3816,-0.451,0.14423
3817,-0.45,0.14423
3818,-0.449,0.14423
3819,-0.448,0.14423
3820,-0.447,0.14423
3821,-0.446,0.14423
3822,-0.445,0.14423
3823,-0.444,0.14423
3824,-0.443,0.14423
3825,-0.442,0.14423
3826,-0.441,0.14423
3827,-0.44,0.14423
3828,-0.439,0.14423
3829,-0.438,0.14423
3830,-0.437,0.14423
3831,-0.436,0.14423
3832,-0.435,0.14423
3833,-0.434,0.14423
3834,-0.433,0.14423
3835,-0.432,0.14423
3836,-0.431,0.14423
3837,-0.43,0.14423
3838,-0.429,0.14423
3839,-0.428,0.14423
3840,-0.427,0.14423
3841,-0.426,0.14423
3842,-0.425,0.14423
3843,-0.424,0.14423
3844,-0.423,0.14423
3845,-0.422,0.14423
3846,-0.421,0.14423
3847,-0.42,0.14423
3848,-0.419,0.14423
3849,-0.418,0.14423
3850,-0.417,0.14423
3851,-0.416,0.14423
3852,-0.415,0.14423
3853,-0.414,0.14423
3854,-0.413,0.14423
3855,-0.412,0.14423
3856,-0.411,0.14423
3857,-0.41,0.14423
3858,-0.409,0.14423
3859,-0.408,0.14423
3860,-0.407,0.14423
3861,-0.406,0.14423
3862,-0.405,0.14423
3863,-0.404,0.14423
3864,-0.403,0.14423
3865,-0.402,0.14423
3866,-0.401,0.14423
3867,-0.4,0.14423
3868,-0.399,0.14423
3869,-0.398,0.14423
3870,-0.397,0.14423
3871,-0.396,0.14423
3872,-0.395,0.14423
3873,-0.394,0.14423
3874,-0.393,0.14423
3875,-0.392,0.14423
3876,-0.391,0.14423
3877,-0.39,0.14423
3878,-0.389,0.14423
3879,-0.388,0.14423
3880,-0.387,0.145969
3881,-0.386,0.142491
3882,-0.385,0.198134
3883,-0.384,0.297249
3884,-0.383,0.292032
3885,-0.382,0.269427
3886,-0.381,0.165096
3887,-0.38,0.147708
3888,-0.379,0.145969
3889,-0.378,0.145969
3890,-0.377,0.14423
3891,-0.376,0.14423
3892,-0.375,0.14423
3893,-0.374,0.14423
3894,-0.373,0.14423
3895,-0.372,0.14423
3896,-0.371,0.14423
3897,-0.37,0.14423
3898,-0.369,0.14423
3899,-0.368,0.14423
3900,-0.367,0.14423
3901,-0.366,0.14423
3902,-0.365,0.14423
3903,-0.364,0.14423
3904,-0.363,0.14423
3905,-0.362,0.14423
3906,-0.361,0.14423
3907,-0.36,0.14423
3908,-0.359,0.14423
3909,-0.358,0.14423
3910,-0.357,0.14423
3911,-0.356,0.14423
3912,-0.355,0.14423
3913,-0.354,0.14423
3914,-0.353,0.14423
3915,-0.352,0.14423
3916,-0.351,0.14423
3917,-0.35,0.14423
3918,-0.349,0.14423
3919,-0.348,0.14423
3920,-0.347,0.14423
3921,-0.346,0.14423
3922,-0.345,0.14423
3923,-0.344,0.14423
3924,-0.343,0.14423
3925,-0.342,0.14423
3926,-0.341,0.14423
3927,-0.34,0.14423
3928,-0.339,0.14423
3929,-0.338,0.14423
3930,-0.337,0.14423
3931,-0.336,0.14423
3932,-0.335,0.14423
3933,-0.334,0.14423
3934,-0.333,0.14423
3935,-0.332,0.14423
3936,-0.331,0.14423
3937,-0.33,0.14423
3938,-0.329,0.14423
3939,-0.328,0.14423
3940,-0.327,0.14423
3941,-0.326,0.14423
3942,-0.325,0.14423
3943,-0.324,0.14423
3944,-0.323,0.14423
3945,-0.322,0.14423
3946,-0.321,0.14423
3947,-0.32,0.14423
3948,-0.319,0.14423
3949,-0.318,0.14423
3950,-0.317,0.14423
3951,-0.316,0.14423
3952,-0.315,0.14423
3953,-0.314,0.14423
3954,-0.313,0.14423
3955,-0.312,0.145969
3956,-0.311,0.14423
3957,-0.31,0.194657
3958,-0.309,0.292032
3959,-0.308,0.292032
3960,-0.307,0.272905
3961,-0.306,0.166835
3962,-0.305,0.147708
3963,-0.304,0.145969
3964,-0.303,0.145969
3965,-0.302,0.14423
3966,-0.301,0.14423
3967,-0.3,0.14423
3968,-0.299,0.14423
3969,-0.298,0.14423
3970,-0.297,0.14423
3971,-0.296,0.14423
3972,-0.295,0.14423
3973,-0.294,0.14423
3974,-0.293,0.14423
3975,-0.292,0.14423
3976,-0.291,0.14423
3977,-0.29,0.14423
3978,-0.289,0.14423
3979,-0.288,0.14423
3980,-0.287,0.14423
3981,-0.286,0.14423
3982,-0.285,0.14423
3983,-0.284,0.14423
3984,-0.283,0.14423
3985,-0.282,0.14423
3986,-0.281,0.14423
3987,-0.28,0.14423
3988,-0.279,0.14423
3989,-0.278,0.14423
3990,-0.277,0.14423
3991,-0.276,0.14423
3992,-0.275,0.14423
3993,-0.274,0.14423
3994,-0.273,0.14423
3995,-0.272,0.14423
3996,-0.271,0.14423
3997,-0.27,0.14423
3998,-0.269,0.14423
3999,-0.268,0.14423
4000,-0.267,0.14423
4001,-0.266,0.14423
4002,-0.265,0.14423
4003,-0.264,0.14423
4004,-0.263,0.14423
4005,-0.262,0.14423
4006,-0.261,0.14423
4007,-0.26,0.14423
4008,-0.259,0.14423
4009,-0.258,0.14423
4010,-0.257,0.14423
4011,-0.256,0.14423
4012,-0.255,0.14423
4013,-0.254,0.14423
4014,-0.253,0.14423
4015,-0.252,0.14423
4016,-0.251,0.14423
4017,-0.25,0.14423
4018,-0.249,0.14423
4019,-0.248,0.14423
4020,-0.247,0.14423
4021,-0.246,0.14423
4022,-0.245,0.14423
4023,-0.244,0.14423
4024,-0.243,0.14423
4025,-0.242,0.14423
4026,-0.241,0.14423
4027,-0.24,0.14423
4028,-0.239,0.14423
4029,-0.238,0.14423
4030,-0.237,0.145969
4031,-0.236,0.14423
4032,-0.235,0.191179
4033,-0.234,0.290293
4034,-0.233,0.29551
4035,-0.232,0.276383
4036,-0.231,0.168574
4037,-0.23,0.147708
4038,-0.229,0.145969
4039,-0.228,0.145969
4040,-0.227,0.14423
4041,-0.226,0.14423
4042,-0.225,0.14423
4043,-0.224,0.14423
4044,-0.223,0.14423
4045,-0.222,0.14423
4046,-0.221,0.14423
4047,-0.22,0.14423
4048,-0.219,0.14423
4049,-0.218,0.14423
4050,-0.217,0.14423
4051,-0.216,0.14423
4052,-0.215,0.14423
4053,-0.214,0.14423
4054,-0.213,0.14423
4055,-0.212,0.14423
4056,-0.211,0.14423
4057,-0.21,0.14423
4058,-0.209,0.14423
4059,-0.208,0.14423
4060,-0.207,0.14423
4061,-0.206,0.14423
4062,-0.205,0.14423
4063,-0.204,0.14423
4064,-0.203,0.14423
4065,-0.202,0.14423
4066,-0.201,0.14423
4067,-0.2,0.14423
4068,-0.199,0.14423
4069,-0.198,0.14423
4070,-0.197,0.14423
4071,-0.196,0.14423
4072,-0.195,0.14423
4073,-0.194,0.14423
4074,-0.193,0.14423
4075,-0.192,0.14423
4076,-0.191,0.14423
4077,-0.19,0.14423
4078,-0.189,0.14423
4079,-0.188,0.14423
4080,-0.187,0.14423
4081,-0.186,0.14423
4082,-0.185,0.14423
4083,-0.184,0.14423
4084,-0.183,0.14423
4085,-0.182,0.14423
4086,-0.181,0.14423
4087,-0.18,0.14423
4088,-0.179,0.14423
4089,-0.178,0.14423
4090,-0.177,0.14423
4091,-0.176,0.14423
4092,-0.175,0.14423
4093,-0.174,0.14423
4094,-0.173,0.14423
4095,-0.172,0.14423
4096,-0.171,0.14423
4097,-0.17,0.14423
4098,-0.169,0.14423
4099,-0.168,0.14423
4100,-0.167,0.14423
4101,-0.166,0.14423
4102,-0.165,0.14423
4103,-0.164,0.14423
4104,-0.163,0.14423
4105,-0.162,0.145969
4106,-0.161,0.142491
4107,-0.16,0.18944
4108,-0.159,0.290293
4109,-0.158,0.29551
4110,-0.157,0.276383
4111,-0.156,0.172052
4112,-0.155,0.147708
4113,-0.154,0.145969
4114,-0.153,0.145969
4115,-0.152,0.14423
4116,-0.151,0.14423
4117,-0.15,0.14423
4118,-0.149,0.14423
4119,-0.148,0.14423
4120,-0.147,0.14423
4121,-0.146,0.14423
4122,-0.145,0.14423
4123,-0.144,0.14423
4124,-0.143,0.14423
4125,-0.142,0.14423
4126,-0.141,0.14423
4127,-0.14,0.14423
4128,-0.139,0.14423
4129,-0.138,0.14423
4130,-0.137,0.14423
4131,-0.136,0.14423
4132,-0.135,0.14423
4133,-0.134,0.14423
4134,-0.133,0.14423
4135,-0.132,0.14423
4136,-0.131,0.14423
4137,-0.13,0.14423
4138,-0.129,0.14423
4139,-0.128,0.14423
4140,-0.127,0.14423
4141,-0.126,0.14423
4142,-0.125,0.14423
4143,-0.124,0.14423
4144,-0.123,0.14423
4145,-0.122,0.14423
4146,-0.121,0.14423
4147,-0.12,0.14423
4148,-0.119,0.14423
4149,-0.118,0.14423
4150,-0.117,0.14423
4151,-0.116,0.14423
4152,-0.115,0.14423
4153,-0.114,0.14423
4154,-0.113,0.14423
4155,-0.112,0.14423
4156,-0.111,0.14423
4157,-0.11,0.14423
4158,-0.109,0.14423
4159,-0.108,0.14423
4160,-0.107,0.14423
4161,-0.106,0.14423
4162,-0.105,0.14423
4163,-0.104,0.14423
4164,-0.103,0.14423
4165,-0.102,0.14423
4166,-0.101,0.14423
4167,-0.1,0.14423
4168,-0.099,0.14423
4169,-0.098,0.14423
4170,-0.097,0.14423
4171,-0.096,0.14423
4172,-0.095,0.14423
4173,-0.094,0.14423
4174,-0.093,0.14423
4175,-0.092,0.14423
4176,-0.091,0.14423
4177,-0.09,0.14423
4178,-0.089,0.14423
4179,-0.088,0.14423
4180,-0.087,0.145969
4181,-0.086,0.14423
4182,-0.085,0.184224
4183,-0.084,0.288555
4184,-0.083,0.297249
4185,-0.082,0.27986
4186,-0.081,0.17379
4187,-0.08,0.149447
4188,-0.079,0.145969
4189,-0.078,0.145969
4190,-0.077,0.14423
4191,-0.076,0.14423
4192,-0.075,0.14423
4193,-0.074,0.14423
4194,-0.073,0.14423
4195,-0.072,0.14423
4196,-0.071,0.14423
4197,-0.07,0.14423
4198,-0.069,0.14423
4199,-0.068,0.14423
4200,-0.067,0.14423
4201,-0.066,0.14423
4202,-0.065,0.14423
4203,-0.064,0.14423
4204,-0.063,0.14423
4205,-0.062,0.14423
4206,-0.061,0.14423
4207,-0.06,0.14423
4208,-0.059,0.14423
4209,-0.058,0.14423
4210,-0.057,0.14423
4211,-0.056,0.14423
4212,-0.055,0.14423
4213,-0.054,0.14423
4214,-0.053,0.14423
4215,-0.052,0.14423
4216,-0.051,0.14423
4217,-0.05,0.14423
4218,-0.049,0.14423
4219,-0.048,0.14423
4220,-0.047,0.14423
4221,-0.046,0.14423
4222,-0.045,0.14423
4223,-0.044,0.14423
4224,-0.043,0.14423
4225,-0.042,0.14423
4226,-0.041,0.14423
4227,-0.04,0.14423
4228,-0.039,0.14423
4229,-0.038,0.14423
4230,-0.037,0.14423
4231,-0.036,0.14423
4232,-0.035,0.14423
4233,-0.034,0.14423
4234,-0.033,0.14423
4235,-0.032,0.14423
4236,-0.031,0.14423
4237,-0.03,0.14423
4238,-0.029,0.14423
4239,-0.028,0.14423
4240,-0.027,0.14423
4241,-0.026,0.14423
4242,-0.025,0.14423
4243,-0.024,0.14423
4244,-0.023,0.14423
4245,-0.022,0.14423
4246,-0.021,0.14423
4247,-0.02,0.14423
4248,-0.019,0.14423
4249,-0.018,0.14423
4250,-0.017,0.14423
4251,-0.016,0.14423
4252,-0.015,0.14423
4253,-0.014,0.14423
4254,-0.013,0.14423
4255,-0.012,0.145969
4256,-0.011,0.14423
4257,-0.01,0.177268
4258,-0.009,0.286816
4259,-0.008,0.297249
4260,-0.007,0.281599
4261,-0.006,0.177268
4262,-0.005,0.149447
4263,-0.004,0.145969
4264,-0.003,0.145969
4265,-0.002,0.14423
4266,-0.001,0.14423
4267,0,0.14423
4268,0.001,0.14423
4269,0.002,0.14423
4270,0.003,0.14423
4271,0.004,0.14423
4272,0.005,0.14423
4273,0.006,0.14423
4274,0.007,0.14423
4275,0.008,0.14423
4276,0.009,0.14423
4277,0.01,0.14423
4278,0.011,0.14423
4279,0.012,0.14423
4280,0.013,0.14423
4281,0.014,0.14423
4282,0.015,0.14423
4283,0.016,0.14423
4284,0.017,0.14423
4285,0.018,0.14423
4286,0.019,0.14423
4287,0.02,0.14423
4288,0.021,0.14423
4289,0.022,0.14423
4290,0.023,0.14423
4291,0.024,0.14423
4292,0.025,0.14423
4293,0.026,0.14423
4294,0.027,0.14423
4295,0.028,0.14423
4296,0.029,0.14423
4297,0.03,0.14423
4298,0.031,0.14423
4299,0.032,0.14423
4300,0.033,0.14423
4301,0.034,0.14423
4302,0.035,0.14423
4303,0.036,0.14423
4304,0.037,0.14423
4305,0.038,0.14423
4306,0.039,0.14423
4307,0.04,0.14423
4308,0.041,0.14423
4309,0.042,0.14423
4310,0.043,0.14423
4311,0.044,0.14423
4312,0.045,0.14423
4313,0.046,0.14423
4314,0.047,0.14423
4315,0.048,0.14423
4316,0.049,0.14423
4317,0.05,0.14423
4318,0.051,0.14423
4319,0.052,0.14423
4320,0.053,0.14423
4321,0.054,0.14423
4322,0.055,0.14423
4323,0.056,0.14423
4324,0.057,0.14423
4325,0.058,0.14423
4326,0.059,0.14423
4327,0.06,0.14423
4328,0.061,0.14423
4329,0.062,0.14423
4330,0.063,0.145969
4331,0.064,0.145969
4332,0.065,0.175529
4333,0.066,0.285077
4334,0.067,0.297249
4335,0.068,0.281599
4336,0.069,0.177268
4337,0.07,0.149447
4338,0.071,0.145969
4339,0.072,0.145969
4340,0.073,0.14423
4341,0.074,0.14423
4342,0.075,0.14423
4343,0.076,0.14423
4344,0.077,0.14423
4345,0.078,0.14423
4346,0.079,0.14423
4347,0.08,0.14423
4348,0.081,0.14423
4349,0.082,0.14423
4350,0.083,0.14423
4351,0.084,0.14423
4352,0.085,0.14423
4353,0.086,0.14423
4354,0.087,0.14423
4355,0.088,0.14423
4356,0.089,0.14423
4357,0.09,0.14423
4358,0.091,0.14423
4359,0.092,0.14423
4360,0.093,0.14423
4361,0.094,0.14423
4362,0.095,0.14423
4363,0.096,0.14423
4364,0.097,0.14423
4365,0.098,0.14423
4366,0.099,0.14423
4367,0.1,0.14423
4368,0.101,0.14423
4369,0.102,0.14423
4370,0.103,0.14423
4371,0.104,0.14423
4372,0.105,0.14423
4373,0.106,0.14423
4374,0.107,0.14423
4375,0.108,0.14423
4376,0.109,0.14423
4377,0.11,0.14423
4378,0.111,0.14423
4379,0.112,0.14423
4380,0.113,0.14423
4381,0.114,0.14423
4382,0.115,0.14423
4383,0.116,0.14423
4384,0.117,0.14423
4385,0.118,0.14423
4386,0.119,0.14423
4387,0.12,0.14423
4388,0.121,0.14423
4389,0.122,0.14423
4390,0.123,0.14423
4391,0.124,0.14423
4392,0.125,0.14423
4393,0.126,0.14423
4394,0.127,0.14423
4395,0.128,0.14423
4396,0.129,0.14423
4397,0.13,0.14423
4398,0.131,0.14423
4399,0.132,0.14423
4400,0.133,0.14423
4401,0.134,0.14423
4402,0.135,0.14423
4403,0.136,0.14423
4404,0.137,0.14423
4405,0.138,0.145969
4406,0.139,0.145969
4407,0.14,0.172052
4408,0.141,0.281599
4409,0.142,0.298988
4410,0.143,0.283338
4411,0.144,0.182485
4412,0.145,0.149447
4413,0.146,0.145969
4414,0.147,0.145969
4415,0.148,0.14423
4416,0.149,0.14423
4417,0.15,0.14423
4418,0.151,0.14423
4419,0.152,0.14423
4420,0.153,0.14423
4421,0.154,0.14423
4422,0.155,0.14423
4423,0.156,0.14423
4424,0.157,0.14423
4425,0.158,0.14423
4426,0.159,0.14423
4427,0.16,0.14423
4428,0.161,0.14423
4429,0.162,0.14423
4430,0.163,0.14423
4431,0.164,0.14423
4432,0.165,0.14423
4433,0.166,0.14423
4434,0.167,0.14423
4435,0.168,0.14423
4436,0.169,0.14423
4437,0.17,0.14423
4438,0.171,0.14423
4439,0.172,0.14423
4440,0.173,0.14423
4441,0.174,0.14423
4442,0.175,0.14423
4443,0.176,0.14423
4444,0.177,0.14423
4445,0.178,0.14423
4446,0.179,0.14423
4447,0.18,0.14423
4448,0.181,0.14423
4449,0.182,0.14423
4450,0.183,0.14423
4451,0.184,0.14423
4452,0.185,0.14423
4453,0.186,0.14423
4454,0.187,0.14423
4455,0.188,0.14423
4456,0.189,0.14423
4457,0.19,0.14423
4458,0.191,0.14423
4459,0.192,0.14423
4460,0.193,0.14423
4461,0.194,0.14423
4462,0.195,0.14423
4463,0.196,0.14423
4464,0.197,0.14423
4465,0.198,0.14423
4466,0.199,0.14423
4467,0.2,0.14423
4468,0.201,0.14423
4469,0.202,0.14423
4470,0.203,0.14423
4471,0.204,0.14423
4472,0.205,0.14423
4473,0.206,0.14423
4474,0.207,0.14423
4475,0.208,0.14423
4476,0.209,0.14423
4477,0.21,0.14423
4478,0.211,0.14423
4479,0.212,0.14423
4480,0.213,0.14423
4481,0.214,0.145969
4482,0.215,0.166835
4483,0.216,0.27986
4484,0.217,0.300727
4485,0.218,0.285077
4486,0.219,0.187701
4487,0.22,0.149447
4488,0.221,0.147708
4489,0.222,0.14423
4490,0.223,0.14423
4491,0.224,0.14423
4492,0.225,0.14423
4493,0.226,0.14423
4494,0.227,0.14423
4495,0.228,0.14423
4496,0.229,0.14423
4497,0.23,0.14423
4498,0.231,0.14423
4499,0.232,0.14423
4500,0.233,0.14423
4501,0.234,0.14423
4502,0.235,0.14423
4503,0.236,0.14423
4504,0.237,0.14423
4505,0.238,0.14423
4506,0.239,0.14423
4507,0.24,0.14423
4508,0.241,0.14423
4509,0.242,0.14423
4510,0.243,0.14423
4511,0.244,0.14423
4512,0.245,0.14423
4513,0.246,0.14423
4514,0.247,0.14423
4515,0.248,0.14423
4516,0.249,0.14423
4517,0.25,0.14423
4518,0.251,0.14423
4519,0.252,0.14423
4520,0.253,0.14423
4521,0.254,0.14423
4522,0.255,0.14423
4523,0.256,0.14423
4524,0.257,0.14423
4525,0.258,0.14423
4526,0.259,0.14423
4527,0.26,0.14423
4528,0.261,0.14423
4529,0.262,0.14423
4530,0.263,0.14423
4531,0.264,0.14423
4532,0.265,0.14423
4533,0.266,0.14423
4534,0.267,0.14423
4535,0.268,0.14423
4536,0.269,0.14423
4537,0.27,0.14423
4538,0.271,0.14423
4539,0.272,0.14423
4540,0.273,0.14423
4541,0.274,0.14423
4542,0.275,0.14423
4543,0.276,0.14423
4544,0.277,0.14423
4545,0.278,0.14423
4546,0.279,0.14423
4547,0.28,0.14423
4548,0.281,0.14423
4549,0.282,0.14423
4550,0.283,0.14423
4551,0.284,0.14423
4552,0.285,0.14423
4553,0.286,0.14423
4554,0.287,0.14423
4555,0.288,0.14423
4556,0.289,0.145969
4557,0.29,0.165096
4558,0.291,0.278121
4559,0.292,0.300727
4560,0.293,0.285077
4561,0.294,0.191179
4562,0.295,0.149447
4563,0.296,0.147708
4564,0.297,0.14423
4565,0.298,0.14423
4566,0.299,0.14423
4567,0.3,0.14423
4568,0.301,0.14423
4569,0.302,0.14423
4570,0.303,0.14423
4571,0.304,0.14423
4572,0.305,0.14423
4573,0.306,0.14423
4574,0.307,0.14423
4575,0.308,0.14423
4576,0.309,0.14423
4577,0.31,0.14423
4578,0.311,0.14423
4579,0.312,0.14423
4580,0.313,0.14423
4581,0.314,0.14423
4582,0.315,0.14423
4583,0.316,0.14423
4584,0.317,0.14423
4585,0.318,0.14423
4586,0.319,0.14423
4587,0.32,0.14423
4588,0.321,0.14423
4589,0.322,0.14423
4590,0.323,0.14423
4591,0.324,0.14423
4592,0.325,0.14423
4593,0.326,0.14423
4594,0.327,0.14423
4595,0.328,0.14423
4596,0.329,0.14423
4597,0.33,0.14423
4598,0.331,0.14423
4599,0.332,0.14423
4600,0.333,0.14423
4601,0.334,0.14423
4602,0.335,0.14423
4603,0.336,0.14423
4604,0.337,0.14423
4605,0.338,0.14423
4606,0.339,0.14423
4607,0.34,0.14423
4608,0.341,0.14423
4609,0.342,0.14423
4610,0.343,0.14423
4611,0.344,0.14423
4612,0.345,0.14423
4613,0.346,0.14423
4614,0.347,0.14423
4615,0.348,0.14423
4616,0.349,0.14423
4617,0.35,0.14423
4618,0.351,0.14423
4619,0.352,0.14423
4620,0.353,0.14423
4621,0.354,0.14423
4622,0.355,0.14423
4623,0.356,0.14423
4624,0.357,0.14423
4625,0.358,0.14423
4626,0.359,0.14423
4627,0.36,0.14423
4628,0.361,0.14423
4629,0.362,0.14423
4630,0.363,0.14423
4631,0.364,0.145969
4632,0.365,0.163357
4633,0.366,0.276383
4634,0.367,0.300727
4635,0.368,0.285077
4636,0.369,0.194657
4637,0.37,0.149447
4638,0.371,0.145969
4639,0.372,0.145969
4640,0.373,0.14423
4641,0.374,0.14423
4642,0.375,0.14423
4643,0.376,0.14423
4644,0.377,0.14423
4645,0.378,0.14423
4646,0.379,0.14423
4647,0.38,0.14423
4648,0.381,0.14423
4649,0.382,0.14423
4650,0.383,0.14423
4651,0.384,0.14423
4652,0.385,0.14423
4653,0.386,0.14423
4654,0.387,0.14423
4655,0.388,0.14423
4656,0.389,0.14423
4657,0.39,0.14423
4658,0.391,0.14423
4659,0.392,0.14423
4660,0.393,0.14423
4661,0.394,0.14423
4662,0.395,0.14423
4663,0.396,0.14423
4664,0.397,0.14423
4665,0.398,0.14423
4666,0.399,0.14423
4667,0.4,0.14423
4668,0.401,0.14423
4669,0.402,0.14423
4670,0.403,0.14423
4671,0.404,0.14423
4672,0.405,0.14423
4673,0.406,0.14423
4674,0.407,0.14423
4675,0.408,0.14423
4676,0.409,0.14423
4677,0.41,0.14423
4678,0.411,0.14423
4679,0.412,0.14423
4680,0.413,0.14423
4681,0.414,0.14423
4682,0.415,0.14423
4683,0.416,0.14423
4684,0.417,0.14423
4685,0.418,0.14423
4686,0.419,0.14423
4687,0.42,0.14423
4688,0.421,0.14423
4689,0.422,0.14423
4690,0.423,0.14423
4691,0.424,0.14423
4692,0.425,0.14423
4693,0.426,0.14423
4694,0.427,0.14423
4695,0.428,0.14423
4696,0.429,0.14423
4697,0.43,0.14423
4698,0.431,0.14423
4699,0.432,0.14423
4700,0.433,0.14423
4701,0.434,0.14423
4702,0.435,0.14423
4703,0.436,0.14423
4704,0.437,0.14423
4705,0.438,0.14423
4706,0.439,0.145969
4707,0.44,0.158141
4708,0.441,0.274644
4709,0.442,0.298988
4710,0.443,0.285077
4711,0.444,0.198134
4712,0.445,0.151185
4713,0.446,0.145969
4714,0.447,0.14423
4715,0.448,0.14423
4716,0.449,0.14423
4717,0.45,0.14423
4718,0.451,0.14423
4719,0.452,0.14423
4720,0.453,0.14423
4721,0.454,0.14423
4722,0.455,0.14423
4723,0.456,0.14423
4724,0.457,0.14423
4725,0.458,0.14423
4726,0.459,0.14423
4727,0.46,0.14423
4728,0.461,0.14423
4729,0.462,0.14423
4730,0.463,0.14423
4731,0.464,0.14423
4732,0.465,0.14423
4733,0.466,0.14423
4734,0.467,0.14423
4735,0.468,0.14423
4736,0.469,0.14423
4737,0.47,0.14423
4738,0.471,0.14423
4739,0.472,0.14423
4740,0.473,0.14423
4741,0.474,0.14423
4742,0.475,0.14423
4743,0.476,0.14423
4744,0.477,0.14423
4745,0.478,0.14423
4746,0.479,0.14423
4747,0.48,0.14423
4748,0.481,0.14423
4749,0.482,0.14423
4750,0.483,0.14423
4751,0.484,0.14423
4752,0.485,0.14423
4753,0.486,0.14423
4754,0.487,0.14423
4755,0.488,0.14423
4756,0.489,0.14423
4757,0.49,0.14423
4758,0.491,0.14423
4759,0.492,0.14423
4760,0.493,0.14423
4761,0.494,0.14423
4762,0.495,0.14423
4763,0.496,0.14423
4764,0.497,0.14423
4765,0.498,0.14423
4766,0.499,0.14423
4767,0.5,0.14423
4768,0.501,0.14423
4769,0.502,0.14423
4770,0.503,0.14423
4771,0.504,0.14423
4772,0.505,0.14423
4773,0.506,0.14423
4774,0.507,0.14423
4775,0.508,0.14423
4776,0.509,0.14423
4777,0.51,0.14423
4778,0.511,0.14423
4779,0.512,0.14423
4780,0.513,0.14423
4781,0.514,0.145969
4782,0.515,0.15988
4783,0.516,0.272905
4784,0.517,0.302465
4785,0.518,0.285077
4786,0.519,0.198134
4787,0.52,0.151185
4788,0.521,0.145969
4789,0.522,0.14423
4790,0.523,0.14423
4791,0.524,0.14423
4792,0.525,0.14423
4793,0.526,0.14423
4794,0.527,0.14423
4795,0.528,0.14423
4796,0.529,0.14423
4797,0.53,0.14423
4798,0.531,0.14423
4799,0.532,0.14423
4800,0.533,0.14423
4801,0.534,0.14423
4802,0.535,0.14423
4803,0.536,0.14423
4804,0.537,0.14423
4805,0.538,0.14423
4806,0.539,0.14423
4807,0.54,0.14423
4808,0.541,0.14423
4809,0.542,0.14423
4810,0.543,0.14423
4811,0.544,0.14423
4812,0.545,0.14423
4813,0.546,0.14423
4814,0.547,0.14423
4815,0.548,0.14423
4816,0.549,0.14423
4817,0.55,0.14423
4818,0.551,0.14423
4819,0.552,0.14423
4820,0.553,0.14423
4821,0.554,0.14423
4822,0.555,0.14423
4823,0.556,0.14423
4824,0.557,0.14423
4825,0.558,0.14423
4826,0.559,0.14423
4827,0.56,0.14423
4828,0.561,0.14423
4829,0.562,0.14423
4830,0.563,0.14423
4831,0.564,0.14423
4832,0.565,0.14423
4833,0.566,0.14423
4834,0.567,0.14423
4835,0.568,0.14423
4836,0.569,0.14423
4837,0.57,0.14423
4838,0.571,0.14423
4839,0.572,0.14423
4840,0.573,0.14423
4841,0.574,0.14423
4842,0.575,0.14423
4843,0.576,0.14423
4844,0.577,0.14423
4845,0.578,0.14423
4846,0.579,0.14423
4847,0.58,0.14423
4848,0.581,0.14423
4849,0.582,0.14423
4850,0.583,0.14423
4851,0.584,0.14423
4852,0.585,0.14423
4853,0.586,0.14423
4854,0.587,0.14423
4855,0.588,0.14423
4856,0.589,0.145969
4857,0.59,0.152924
4858,0.591,0.269427
4859,0.592,0.302465
4860,0.593,0.286816
4861,0.594,0.20509
4862,0.595,0.152924
4863,0.596,0.147708
4864,0.597,0.14423
4865,0.598,0.14423
4866,0.599,0.14423
4867,0.6,0.14423
4868,0.601,0.14423
4869,0.602,0.14423
4870,0.603,0.14423
4871,0.604,0.14423
4872,0.605,0.14423
4873,0.606,0.14423
4874,0.607,0.14423
4875,0.608,0.14423
4876,0.609,0.14423
4877,0.61,0.14423
4878,0.611,0.14423
4879,0.612,0.14423
4880,0.613,0.14423
4881,0.614,0.14423
4882,0.615,0.14423
4883,0.616,0.14423
4884,0.617,0.14423
4885,0.618,0.14423
4886,0.619,0.14423
4887,0.62,0.14423
4888,0.621,0.14423
4889,0.622,0.14423
4890,0.623,0.14423
4891,0.624,0.14423
4892,0.625,0.14423
4893,0.626,0.14423
4894,0.627,0.14423
4895,0.628,0.14423
4896,0.629,0.14423
4897,0.63,0.14423
4898,0.631,0.14423
4899,0.632,0.14423
4900,0.633,0.14423
4901,0.634,0.14423
4902,0.635,0.14423
4903,0.636,0.14423
4904,0.637,0.14423
4905,0.638,0.14423
4906,0.639,0.14423
4907,0.64,0.14423
4908,0.641,0.14423
4909,0.642,0.14423
4910,0.643,0.14423
4911,0.644,0.14423
4912,0.645,0.14423
4913,0.646,0.14423
4914,0.647,0.14423
4915,0.648,0.14423
4916,0.649,0.14423
4917,0.65,0.14423
4918,0.651,0.14423
4919,0.652,0.14423
4920,0.653,0.14423
4921,0.654,0.14423
4922,0.655,0.14423
4923,0.656,0.14423
4924,0.657,0.14423
4925,0.658,0.14423
4926,0.659,0.14423
4927,0.66,0.14423
4928,0.661,0.14423
4929,0.662,0.14423
4930,0.663,0.14423
4931,0.664,0.145969
4932,0.665,0.152924
4933,0.666,0.264211
4934,0.667,0.304204
4935,0.668,0.286816
4936,0.669,0.206829
4937,0.67,0.151185
4938,0.671,0.147708
4939,0.672,0.14423
4940,0.673,0.14423
4941,0.674,0.14423
4942,0.675,0.14423
4943,0.676,0.14423
4944,0.677,0.14423
4945,0.678,0.14423
4946,0.679,0.14423
4947,0.68,0.14423
4948,0.681,0.14423
4949,0.682,0.14423
4950,0.683,0.14423
4951,0.684,0.14423
4952,0.685,0.14423
4953,0.686,0.14423
4954,0.687,0.14423
4955,0.688,0.14423
4956,0.689,0.14423
4957,0.69,0.14423
4958,0.691,0.14423
4959,0.692,0.14423
4960,0.693,0.14423
4961,0.694,0.14423
4962,0.695,0.14423
4963,0.696,0.14423
4964,0.697,0.14423
4965,0.698,0.14423
4966,0.699,0.14423
4967,0.7,0.14423
4968,0.701,0.14423
4969,0.702,0.14423
4970,0.703,0.14423
4971,0.704,0.14423
4972,0.705,0.14423
4973,0.706,0.14423
4974,0.707,0.14423
4975,0.708,0.14423
4976,0.709,0.14423
4977,0.71,0.14423
4978,0.711,0.14423
4979,0.712,0.14423
4980,0.713,0.14423
4981,0.714,0.14423
4982,0.715,0.14423
4983,0.716,0.14423
4984,0.717,0.14423
4985,0.718,0.14423
4986,0.719,0.14423
4987,0.72,0.14423
4988,0.721,0.14423
4989,0.722,0.14423
4990,0.723,0.14423
4991,0.724,0.14423
4992,0.725,0.14423
4993,0.726,0.14423
4994,0.727,0.14423
4995,0.728,0.14423
4996,0.729,0.14423
4997,0.73,0.14423
4998,0.731,0.14423
4999,0.732,0.14423
5000,0.733,0.14423
5001,0.734,0.14423
5002,0.735,0.14423
5003,0.736,0.14423
5004,0.737,0.14423
5005,0.738,0.14423
5006,0.739,0.145969
5007,0.74,0.147708
5008,0.741,0.262472
5009,0.742,0.302465
5010,0.743,0.288555
5011,0.744,0.212045
5012,0.745,0.151185
5013,0.746,0.147708
5014,0.747,0.14423
5015,0.748,0.14423
5016,0.749,0.14423
5017,0.75,0.14423
5018,0.751,0.14423
5019,0.752,0.14423
5020,0.753,0.14423
5021,0.754,0.14423
5022,0.755,0.14423
5023,0.756,0.14423
5024,0.757,0.14423
5025,0.758,0.14423
5026,0.759,0.14423
5027,0.76,0.14423
5028,0.761,0.14423
5029,0.762,0.14423
5030,0.763,0.14423
5031,0.764,0.14423
5032,0.765,0.14423
5033,0.766,0.14423
5034,0.767,0.14423
5035,0.768,0.14423
5036,0.769,0.14423
5037,0.77,0.14423
5038,0.771,0.14423
5039,0.772,0.14423
5040,0.773,0.14423
5041,0.774,0.14423
5042,0.775,0.14423
5043,0.776,0.14423
5044,0.777,0.14423
5045,0.778,0.14423
5046,0.779,0.14423
5047,0.78,0.14423
5048,0.781,0.14423
5049,0.782,0.14423
5050,0.783,0.14423
5051,0.784,0.14423
5052,0.785,0.14423
5053,0.786,0.14423
5054,0.787,0.14423
5055,0.788,0.14423
5056,0.789,0.14423
5057,0.79,0.14423
5058,0.791,0.14423
5059,0.792,0.14423
5060,0.793,0.14423
5061,0.794,0.14423
5062,0.795,0.14423
5063,0.796,0.14423
5064,0.797,0.14423
5065,0.798,0.14423
5066,0.799,0.14423
5067,0.8,0.14423
5068,0.801,0.14423
5069,0.802,0.14423
5070,0.803,0.14423
5071,0.804,0.14423
5072,0.805,0.14423
5073,0.806,0.14423
5074,0.807,0.14423
5075,0.808,0.14423
5076,0.809,0.14423
5077,0.81,0.14423
5078,0.811,0.14423
5079,0.812,0.14423
5080,0.813,0.14423
5081,0.814,0.145969
5082,0.815,0.149447
5083,0.816,0.257255
5084,0.817,0.302465
5085,0.818,0.281599
5086,0.819,0.269427
5087,0.82,0.305943
5088,0.821,0.31116
5089,0.822,0.312898
5090,0.823,0.312898
5091,0.824,0.312898
5092,0.825,0.312898
5093,0.826,0.314637
5094,0.827,0.312898
5095,0.828,0.312898
5096,0.829,0.314637
5097,0.83,0.312898
5098,0.831,0.312898
5099,0.832,0.314637
5100,0.833,0.312898
5101,0.834,0.312898
5102,0.835,0.314637
5103,0.836,0.31116
5104,0.837,0.314637
5105,0.838,0.312898
5106,0.839,0.312898
5107,0.84,0.314637
5108,0.841,0.312898
5109,0.842,0.314637
5110,0.843,0.314637
5111,0.844,0.31116
5112,0.845,0.314637
5113,0.846,0.314637
5114,0.847,0.312898
5115,0.848,0.312898
5116,0.849,0.312898
5117,0.85,0.312898
5118,0.851,0.314637
5119,0.852,0.312898
5120,0.853,0.312898
5121,0.854,0.314637
5122,0.855,0.31116
5123,0.856,0.314637
5124,0.857,0.314637
5125,0.858,0.31116
5126,0.859,0.314637
5127,0.86,0.312898
5128,0.861,0.312898
5129,0.862,0.314637
5130,0.863,0.312898
5131,0.864,0.312898
5132,0.865,0.318115
5133,0.866,0.312898
5134,0.867,0.312898
5135,0.868,0.314637
5136,0.869,0.312898
5137,0.87,0.312898
5138,0.871,0.312898
5139,0.872,0.312898
5140,0.873,0.314637
5141,0.874,0.314637
5142,0.875,0.281599
5143,0.876,0.264211
5144,0.877,0.283338
5145,0.878,0.285077
5146,0.879,0.312898
5147,0.88,0.219001
5148,0.881,0.151185
5149,0.882,0.14423
5150,0.883,0.14423
5151,0.884,0.142491
5152,0.885,0.142491
5153,0.886,0.142491
5154,0.887,0.142491
5155,0.888,0.142491
5156,0.889,0.142491
5157,0.89,0.142491
5158,0.891,0.142491
5159,0.892,0.142491
5160,0.893,0.142491
5161,0.894,0.14423
5162,0.895,0.139013
5163,0.896,0.208567
5164,0.897,0.231172
5165,0.898,0.149447
5166,0.899,0.14423
5167,0.9,0.14423
5168,0.901,0.142491
5169,0.902,0.142491
5170,0.903,0.142491
5171,0.904,0.142491
5172,0.905,0.142491
5173,0.906,0.142491
5174,0.907,0.142491
5175,0.908,0.142491
5176,0.909,0.142491
5177,0.91,0.14423
5178,0.911,0.152924
5179,0.912,0.272905
5180,0.913,0.15988
5181,0.914,0.145969
5182,0.915,0.142491
5183,0.916,0.142491
5184,0.917,0.142491
5185,0.918,0.142491
5186,0.919,0.142491
5187,0.92,0.142491
5188,0.921,0.142491
5189,0.922,0.142491
5190,0.923,0.142491
5191,0.924,0.142491
5192,0.925,0.14423
5193,0.926,0.135536
5194,0.927,0.253778
5195,0.928,0.18944
5196,0.929,0.149447
5197,0.93,0.142491
5198,0.931,0.142491
5199,0.932,0.142491
5200,0.933,0.142491
5201,0.934,0.142491
5202,0.935,0.142491
5203,0.936,0.142491
5204,0.937,0.142491
5205,0.938,0.142491
5206,0.939,0.142491
5207,0.94,0.14423
5208,0.941,0.142491
5209,0.942,0.192918
5210,0.943,0.243344
5211,0.944,0.151185
5212,0.945,0.14423
5213,0.946,0.14423
5214,0.947,0.142491
5215,0.948,0.142491
5216,0.949,0.142491
5217,0.95,0.142491
5218,0.951,0.142491
5219,0.952,0.142491
5220,0.953,0.142491
5221,0.954,0.142491
5222,0.955,0.142491
5223,0.956,0.145969
5224,0.957,0.14423
5225,0.958,0.274644
5226,0.959,0.161618
5227,0.96,0.145969
5228,0.961,0.142491
5229,0.962,0.142491
5230,0.963,0.142491
5231,0.964,0.142491
5232,0.965,0.142491
5233,0.966,0.142491
5234,0.967,0.142491
5235,0.968,0.142491
5236,0.969,0.142491
5237,0.97,0.142491
5238,0.971,0.14423
5239,0.972,0.135536
5240,0.973,0.241606
5241,0.974,0.199873
5242,0.975,0.147708
5243,0.976,0.14423
5244,0.977,0.14423
5245,0.978,0.142491
5246,0.979,0.142491
5247,0.98,0.142491
5248,0.981,0.142491
5249,0.982,0.142491
5250,0.983,0.142491
5251,0.984,0.142491
5252,0.985,0.142491
5253,0.986,0.142491
5254,0.987,0.142491
5255,0.988,0.180746
5256,0.989,0.253778
5257,0.99,0.151185
5258,0.991,0.142491
5259,0.992,0.14423
5260,0.993,0.142491
5261,0.994,0.142491
5262,0.995,0.142491
5263,0.996,0.142491
5264,0.997,0.142491
5265,0.998,0.142491
5266,0.999,0.142491
5267,1,0.142491
5268,1.001,0.142491
5269,1.002,0.14423
5270,1.003,0.147708
5271,1.004,0.180746
5272,1.005,0.145969
5273,1.006,0.142491
5274,1.007,0.147708
5275,1.008,0.149447
5276,1.009,0.142491
5277,1.01,0.142491
5278,1.011,0.142491
5279,1.012,0.142491
5280,1.013,0.175529
5281,1.014,0.264211
5282,1.015,0.269427
5283,1.016,0.269427
5284,1.017,0.269427
5285,1.018,0.269427
5286,1.019,0.269427
5287,1.02,0.269427
5288,1.021,0.269427
5289,1.022,0.269427
5290,1.023,0.269427
5291,1.024,0.267688
5292,1.025,0.269427
5293,1.026,0.269427
5294,1.027,0.269427
5295,1.028,0.267688
5296,1.029,0.269427
5297,1.03,0.267688
5298,1.031,0.267688
5299,1.032,0.269427
5300,1.033,0.267688
5301,1.034,0.269427
5302,1.035,0.180746
5303,1.036,0.149447
5304,1.037,0.145969
5305,1.038,0.145969
5306,1.039,0.14423
5307,1.04,0.14423
5308,1.041,0.14423
5309,1.042,0.14423
5310,1.043,0.14423
5311,1.044,0.14423
5312,1.045,0.14423
5313,1.046,0.14423
5314,1.047,0.14423
5315,1.048,0.14423
5316,1.049,0.14423
5317,1.05,0.14423
5318,1.051,0.14423
5319,1.052,0.14423
5320,1.053,0.14423
5321,1.054,0.14423
5322,1.055,0.14423
5323,1.056,0.14423
5324,1.057,0.14423
5325,1.058,0.14423
5326,1.059,0.14423
5327,1.06,0.14423
5328,1.061,0.14423
5329,1.062,0.14423
5330,1.063,0.14423
5331,1.064,0.14423
5332,1.065,0.14423
5333,1.066,0.14423
5334,1.067,0.14423
5335,1.068,0.14423
5336,1.069,0.14423
5337,1.07,0.14423
5338,1.071,0.14423
5339,1.072,0.14423
5340,1.073,0.14423
5341,1.074,0.14423
5342,1.075,0.14423
5343,1.076,0.14423
5344,1.077,0.14423
5345,1.078,0.14423
5346,1.079,0.14423
5347,1.08,0.14423
5348,1.081,0.14423
5349,1.082,0.14423
5350,1.083,0.14423
5351,1.084,0.14423
5352,1.085,0.14423
5353,1.086,0.14423
5354,1.087,0.14423
5355,1.088,0.14423
5356,1.089,0.14423
5357,1.09,0.14423
5358,1.091,0.14423
5359,1.092,0.14423
5360,1.093,0.14423
5361,1.094,0.14423
5362,1.095,0.14423
5363,1.096,0.14423
5364,1.097,0.14423
5365,1.098,0.14423
5366,1.099,0.14423
5367,1.1,0.14423
5368,1.101,0.14423
5369,1.102,0.14423
5370,1.103,0.14423
5371,1.104,0.14423
5372,1.105,0.14423
5373,1.106,0.14423
5374,1.107,0.14423
5375,1.108,0.145969
5376,1.109,0.14423
5377,1.11,0.253778
5378,1.111,0.302465
5379,1.112,0.288555
5380,1.113,0.222478
5381,1.114,0.152924
5382,1.115,0.145969
5383,1.116,0.14423
5384,1.117,0.14423
5385,1.118,0.14423
5386,1.119,0.14423
5387,1.12,0.14423
5388,1.121,0.14423
5389,1.122,0.14423
5390,1.123,0.14423
5391,1.124,0.14423
5392,1.125,0.14423
5393,1.126,0.14423
5394,1.127,0.14423
5395,1.128,0.14423
5396,1.129,0.14423
5397,1.13,0.14423
5398,1.131,0.14423
5399,1.132,0.14423
5400,1.133,0.14423
5401,1.134,0.14423
5402,1.135,0.14423
5403,1.136,0.14423
5404,1.137,0.14423
5405,1.138,0.14423
5406,1.139,0.14423
5407,1.14,0.14423
5408,1.141,0.14423
5409,1.142,0.14423
5410,1.143,0.14423
5411,1.144,0.14423
5412,1.145,0.14423
5413,1.146,0.14423
5414,1.147,0.14423
5415,1.148,0.14423
5416,1.149,0.14423
5417,1.15,0.14423
5418,1.151,0.14423
5419,1.152,0.14423
5420,1.153,0.14423
5421,1.154,0.14423
5422,1.155,0.14423
5423,1.156,0.14423
5424,1.157,0.14423
5425,1.158,0.14423
5426,1.159,0.14423
5427,1.16,0.14423
5428,1.161,0.14423
5429,1.162,0.14423
5430,1.163,0.14423
5431,1.164,0.14423
5432,1.165,0.14423
5433,1.166,0.14423
5434,1.167,0.14423
5435,1.168,0.14423
5436,1.169,0.14423
5437,1.17,0.14423
5438,1.171,0.14423
5439,1.172,0.14423
5440,1.173,0.14423
5441,1.174,0.14423
5442,1.175,0.14423
5443,1.176,0.14423
5444,1.177,0.14423
5445,1.178,0.14423
5446,1.179,0.14423
5447,1.18,0.14423
5448,1.181,0.14423
5449,1.182,0.14423
5450,1.183,0.145969
5451,1.184,0.14423
5452,1.185,0.2503
5453,1.186,0.304204
5454,1.187,0.288555
5455,1.188,0.229434
5456,1.189,0.151185
5457,1.19,0.147708
5458,1.191,0.14423
5459,1.192,0.14423
5460,1.193,0.14423
5461,1.194,0.14423
5462,1.195,0.14423
5463,1.196,0.14423
5464,1.197,0.14423
5465,1.198,0.14423
5466,1.199,0.14423
5467,1.2,0.14423
5468,1.201,0.14423
5469,1.202,0.14423
5470,1.203,0.14423
5471,1.204,0.14423
5472,1.205,0.14423
5473,1.206,0.14423
5474,1.207,0.14423
5475,1.208,0.14423
5476,1.209,0.14423
5477,1.21,0.14423
5478,1.211,0.14423
5479,1.212,0.14423
5480,1.213,0.14423
5481,1.214,0.14423
5482,1.215,0.14423
5483,1.216,0.14423
5484,1.217,0.14423
5485,1.218,0.14423
5486,1.219,0.14423
5487,1.22,0.14423
5488,1.221,0.14423
5489,1.222,0.14423
5490,1.223,0.14423
5491,1.224,0.14423
5492,1.225,0.14423
5493,1.226,0.14423
5494,1.227,0.14423
5495,1.228,0.14423
5496,1.229,0.14423
5497,1.23,0.14423
5498,1.231,0.14423
5499,1.232,0.14423
5500,1.233,0.14423
5501,1.234,0.14423
5502,1.235,0.14423
5503,1.236,0.14423
5504,1.237,0.14423
5505,1.238,0.14423
5506,1.239,0.14423
5507,1.24,0.14423
5508,1.241,0.14423
5509,1.242,0.14423
5510,1.243,0.14423
5511,1.244,0.14423
5512,1.245,0.14423
5513,1.246,0.14423
5514,1.247,0.14423
5515,1.248,0.14423
5516,1.249,0.14423
5517,1.25,0.14423
5518,1.251,0.14423
5519,1.252,0.14423
5520,1.253,0.14423
5521,1.254,0.14423
5522,1.255,0.14423
5523,1.256,0.14423
5524,1.257,0.14423
5525,1.258,0.145969
5526,1.259,0.14423
5527,1.26,0.245083
5528,1.261,0.304204
5529,1.262,0.288555
5530,1.263,0.231172
5531,1.264,0.152924
5532,1.265,0.147708
5533,1.266,0.14423
5534,1.267,0.14423
5535,1.268,0.14423
5536,1.269,0.14423
5537,1.27,0.14423
5538,1.271,0.14423
5539,1.272,0.14423
5540,1.273,0.14423
5541,1.274,0.14423
5542,1.275,0.14423
5543,1.276,0.14423
5544,1.277,0.14423
5545,1.278,0.14423
5546,1.279,0.14423
5547,1.28,0.14423
5548,1.281,0.14423
5549,1.282,0.14423
5550,1.283,0.14423
5551,1.284,0.14423
5552,1.285,0.14423
5553,1.286,0.14423
5554,1.287,0.14423
5555,1.288,0.14423
5556,1.289,0.14423
5557,1.29,0.14423
5558,1.291,0.14423
5559,1.292,0.14423
5560,1.293,0.14423
5561,1.294,0.14423
5562,1.295,0.14423
5563,1.296,0.14423
5564,1.297,0.14423
5565,1.298,0.14423
5566,1.299,0.14423
5567,1.3,0.14423
5568,1.301,0.14423
5569,1.302,0.14423
5570,1.303,0.14423
5571,1.304,0.14423
5572,1.305,0.14423
5573,1.306,0.14423
5574,1.307,0.14423
5575,1.308,0.14423
5576,1.309,0.14423
5577,1.31,0.14423
5578,1.311,0.14423
5579,1.312,0.14423
5580,1.313,0.14423
5581,1.314,0.14423
5582,1.315,0.14423
5583,1.316,0.14423
5584,1.317,0.14423
5585,1.318,0.14423
5586,1.319,0.14423
5587,1.32,0.14423
5588,1.321,0.14423
5589,1.322,0.14423
5590,1.323,0.14423
5591,1.324,0.14423
5592,1.325,0.14423
5593,1.326,0.14423
5594,1.327,0.14423
5595,1.328,0.14423
5596,1.329,0.14423
5597,1.33,0.14423
5598,1.331,0.14423
5599,1.332,0.14423
5600,1.333,0.145969
5601,1.334,0.14423
5602,1.335,0.243344
5603,1.336,0.304204
5604,1.337,0.286816
5605,1.338,0.23465
5606,1.339,0.151185
5607,1.34,0.147708
5608,1.341,0.14423
5609,1.342,0.14423
5610,1.343,0.14423
5611,1.344,0.14423
5612,1.345,0.14423
5613,1.346,0.14423
5614,1.347,0.14423
5615,1.348,0.14423
5616,1.349,0.14423
5617,1.35,0.14423
5618,1.351,0.14423
5619,1.352,0.14423
5620,1.353,0.14423
5621,1.354,0.14423
5622,1.355,0.14423
5623,1.356,0.14423
5624,1.357,0.14423
5625,1.358,0.14423
5626,1.359,0.14423
5627,1.36,0.14423
5628,1.361,0.14423
5629,1.362,0.14423
5630,1.363,0.14423
5631,1.364,0.14423
5632,1.365,0.14423
5633,1.366,0.14423
5634,1.367,0.14423
5635,1.368,0.14423
5636,1.369,0.14423
5637,1.37,0.14423
5638,1.371,0.14423
5639,1.372,0.14423
5640,1.373,0.14423
5641,1.374,0.14423
5642,1.375,0.14423
5643,1.376,0.14423
5644,1.377,0.14423
5645,1.378,0.14423
5646,1.379,0.14423
5647,1.38,0.14423
5648,1.381,0.14423
5649,1.382,0.14423
5650,1.383,0.14423
5651,1.384,0.14423
5652,1.385,0.14423
5653,1.386,0.14423
5654,1.387,0.14423
5655,1.388,0.14423
5656,1.389,0.14423
5657,1.39,0.14423
5658,1.391,0.14423
5659,1.392,0.14423
5660,1.393,0.14423
5661,1.394,0.14423
5662,1.395,0.14423
5663,1.396,0.14423
5664,1.397,0.14423
5665,1.398,0.14423
5666,1.399,0.14423
5667,1.4,0.14423
5668,1.401,0.14423
5669,1.402,0.14423
5670,1.403,0.14423
5671,1.404,0.14423
5672,1.405,0.14423
5673,1.406,0.14423
5674,1.407,0.14423
5675,1.408,0.145969
5676,1.409,0.142491
5677,1.41,0.239867
5678,1.411,0.302465
5679,1.412,0.288555
5680,1.413,0.236389
5681,1.414,0.154663
5682,1.415,0.147708
5683,1.416,0.14423
5684,1.417,0.14423
5685,1.418,0.14423
5686,1.419,0.14423
5687,1.42,0.14423
5688,1.421,0.14423
5689,1.422,0.14423
5690,1.423,0.14423
5691,1.424,0.14423
5692,1.425,0.14423
5693,1.426,0.14423
5694,1.427,0.14423
5695,1.428,0.14423
5696,1.429,0.14423
5697,1.43,0.14423
5698,1.431,0.14423
5699,1.432,0.14423
5700,1.433,0.14423
5701,1.434,0.14423
5702,1.435,0.14423
5703,1.436,0.14423
5704,1.437,0.14423
5705,1.438,0.14423
5706,1.439,0.14423
5707,1.44,0.14423
5708,1.441,0.14423
5709,1.442,0.14423
5710,1.443,0.14423
5711,1.444,0.14423
5712,1.445,0.14423
5713,1.446,0.14423
5714,1.447,0.14423
5715,1.448,0.14423
5716,1.449,0.14423
5717,1.45,0.14423
5718,1.451,0.14423
5719,1.452,0.14423
5720,1.453,0.14423
5721,1.454,0.14423
5722,1.455,0.14423
5723,1.456,0.14423
5724,1.457,0.14423
5725,1.458,0.14423
5726,1.459,0.14423
5727,1.46,0.14423
5728,1.461,0.14423
5729,1.462,0.14423
5730,1.463,0.14423
5731,1.464,0.14423
5732,1.465,0.14423
5733,1.466,0.14423
5734,1.467,0.14423
5735,1.468,0.14423
5736,1.469,0.14423
5737,1.47,0.14423
5738,1.471,0.14423
5739,1.472,0.14423
5740,1.473,0.14423
5741,1.474,0.14423
5742,1.475,0.14423
5743,1.476,0.14423
5744,1.477,0.14423
5745,1.478,0.14423
5746,1.479,0.14423
5747,1.48,0.14423
5748,1.481,0.14423
5749,1.482,0.14423
5750,1.483,0.145969
5751,1.484,0.142491
5752,1.485,0.23465
5753,1.486,0.304204
5754,1.487,0.288555
5755,1.488,0.241606
5756,1.489,0.154663
5757,1.49,0.147708
5758,1.491,0.14423
5759,1.492,0.14423
5760,1.493,0.14423
5761,1.494,0.14423
5762,1.495,0.14423
5763,1.496,0.14423
5764,1.497,0.14423
5765,1.498,0.14423
5766,1.499,0.14423
5767,1.5,0.14423
5768,1.501,0.14423
5769,1.502,0.14423
5770,1.503,0.14423
5771,1.504,0.14423
5772,1.505,0.14423
5773,1.506,0.14423
5774,1.507,0.14423
5775,1.508,0.14423
5776,1.509,0.14423
5777,1.51,0.14423
5778,1.511,0.14423
5779,1.512,0.14423
5780,1.513,0.14423
5781,1.514,0.14423
5782,1.515,0.14423
5783,1.516,0.14423
5784,1.517,0.14423
5785,1.518,0.14423
5786,1.519,0.14423
5787,1.52,0.14423
5788,1.521,0.14423
5789,1.522,0.14423
5790,1.523,0.14423
5791,1.524,0.14423
5792,1.525,0.14423
5793,1.526,0.14423
5794,1.527,0.14423
5795,1.528,0.14423
5796,1.529,0.14423
5797,1.53,0.14423
5798,1.531,0.14423
5799,1.532,0.14423
5800,1.533,0.14423
5801,1.534,0.14423
5802,1.535,0.14423
5803,1.536,0.14423
5804,1.537,0.14423
5805,1.538,0.14423
5806,1.539,0.14423
5807,1.54,0.14423
5808,1.541,0.14423
5809,1.542,0.14423
5810,1.543,0.14423
5811,1.544,0.14423
5812,1.545,0.14423
5813,1.546,0.14423
5814,1.547,0.14423
5815,1.548,0.14423
5816,1.549,0.14423
5817,1.55,0.14423
5818,1.551,0.14423
5819,1.552,0.14423
5820,1.553,0.14423
5821,1.554,0.14423
5822,1.555,0.14423
5823,1.556,0.14423
5824,1.557,0.14423
5825,1.558,0.145969
5826,1.559,0.140752
5827,1.56,0.232911
5828,1.561,0.302465
5829,1.562,0.288555
5830,1.563,0.243344
5831,1.564,0.154663
5832,1.565,0.147708
5833,1.566,0.14423
5834,1.567,0.14423
5835,1.568,0.14423
5836,1.569,0.14423
5837,1.57,0.14423
5838,1.571,0.14423
5839,1.572,0.14423
5840,1.573,0.14423
5841,1.574,0.14423
5842,1.575,0.14423
5843,1.576,0.14423
5844,1.577,0.14423
5845,1.578,0.14423
5846,1.579,0.14423
5847,1.58,0.14423
5848,1.581,0.14423
5849,1.582,0.14423
5850,1.583,0.14423
5851,1.584,0.14423
5852,1.585,0.14423
5853,1.586,0.14423
5854,1.587,0.14423
5855,1.588,0.14423
5856,1.589,0.14423
5857,1.59,0.14423
5858,1.591,0.14423
5859,1.592,0.14423
5860,1.593,0.14423
5861,1.594,0.14423
5862,1.595,0.14423
5863,1.596,0.14423
5864,1.597,0.14423
5865,1.598,0.14423
5866,1.599,0.14423
5867,1.6,0.14423
5868,1.601,0.14423
5869,1.602,0.14423
5870,1.603,0.14423
5871,1.604,0.14423
5872,1.605,0.14423
5873,1.606,0.14423
5874,1.607,0.14423
5875,1.608,0.14423
5876,1.609,0.14423
5877,1.61,0.14423
5878,1.611,0.14423
5879,1.612,0.14423
5880,1.613,0.14423
5881,1.614,0.14423
5882,1.615,0.14423
5883,1.616,0.14423
5884,1.617,0.14423
5885,1.618,0.14423
5886,1.619,0.14423
5887,1.62,0.14423
5888,1.621,0.14423
5889,1.622,0.14423
5890,1.623,0.14423
5891,1.624,0.14423
5892,1.625,0.14423
5893,1.626,0.14423
5894,1.627,0.14423
5895,1.628,0.14423
5896,1.629,0.14423
5897,1.63,0.14423
5898,1.631,0.14423
5899,1.632,0.14423
5900,1.633,0.145969
5901,1.634,0.140752
5902,1.635,0.231172
5903,1.636,0.302465
5904,1.637,0.288555
5905,1.638,0.246822
5906,1.639,0.158141
5907,1.64,0.147708
5908,1.641,0.14423
5909,1.642,0.14423
5910,1.643,0.14423
5911,1.644,0.14423
5912,1.645,0.14423
5913,1.646,0.14423
5914,1.647,0.14423
5915,1.648,0.14423
5916,1.649,0.14423
5917,1.65,0.14423
5918,1.651,0.14423
5919,1.652,0.14423
5920,1.653,0.14423
5921,1.654,0.14423
5922,1.655,0.14423
5923,1.656,0.14423
5924,1.657,0.14423
5925,1.658,0.14423
5926,1.659,0.14423
5927,1.66,0.14423
5928,1.661,0.14423
5929,1.662,0.14423
5930,1.663,0.14423
5931,1.664,0.14423
5932,1.665,0.14423
5933,1.666,0.14423
5934,1.667,0.14423
5935,1.668,0.14423
5936,1.669,0.14423
5937,1.67,0.14423
5938,1.671,0.14423
5939,1.672,0.14423
5940,1.673,0.14423
5941,1.674,0.14423
5942,1.675,0.14423
5943,1.676,0.14423
5944,1.677,0.14423
5945,1.678,0.14423
5946,1.679,0.14423
5947,1.68,0.14423
5948,1.681,0.14423
5949,1.682,0.14423
5950,1.683,0.14423
5951,1.684,0.14423
5952,1.685,0.14423
5953,1.686,0.14423
5954,1.687,0.14423
5955,1.688,0.14423
5956,1.689,0.14423
5957,1.69,0.14423
5958,1.691,0.14423
5959,1.692,0.14423
5960,1.693,0.14423
5961,1.694,0.14423
5962,1.695,0.14423
5963,1.696,0.14423
5964,1.697,0.14423
5965,1.698,0.14423
5966,1.699,0.14423
5967,1.7,0.14423
5968,1.701,0.14423
5969,1.702,0.14423
5970,1.703,0.14423
5971,1.704,0.14423
5972,1.705,0.14423
5973,1.706,0.14423
5974,1.707,0.14423
5975,1.708,0.145969
5976,1.709,0.140752
5977,1.71,0.227695
5978,1.711,0.302465
5979,1.712,0.292032
5980,1.713,0.246822
5981,1.714,0.158141
5982,1.715,0.147708
5983,1.716,0.14423
5984,1.717,0.14423
5985,1.718,0.14423
5986,1.719,0.14423
5987,1.72,0.14423
5988,1.721,0.14423
5989,1.722,0.14423
5990,1.723,0.14423
5991,1.724,0.14423
5992,1.725,0.14423
5993,1.726,0.14423
5994,1.727,0.14423
5995,1.728,0.14423
5996,1.729,0.14423
5997,1.73,0.14423
5998,1.731,0.14423
5999,1.732,0.14423
6000,1.733,0.14423
6001,1.734,0.14423
6002,1.735,0.14423
6003,1.736,0.14423
6004,1.737,0.14423
6005,1.738,0.14423
6006,1.739,0.14423
6007,1.74,0.14423
6008,1.741,0.14423
6009,1.742,0.14423
6010,1.743,0.14423
6011,1.744,0.14423
6012,1.745,0.14423
6013,1.746,0.14423
6014,1.747,0.14423
6015,1.748,0.14423
6016,1.749,0.14423
6017,1.75,0.14423
6018,1.751,0.14423
6019,1.752,0.14423
6020,1.753,0.14423
6021,1.754,0.14423
6022,1.755,0.14423
6023,1.756,0.14423
6024,1.757,0.14423
6025,1.758,0.14423
6026,1.759,0.14423
6027,1.76,0.14423
6028,1.761,0.14423
6029,1.762,0.14423
6030,1.763,0.14423
6031,1.764,0.14423
6032,1.765,0.14423
6033,1.766,0.14423
6034,1.767,0.14423
6035,1.768,0.14423
6036,1.769,0.14423
6037,1.77,0.14423
6038,1.771,0.14423
6039,1.772,0.14423
6040,1.773,0.14423
6041,1.774,0.14423
6042,1.775,0.14423
6043,1.776,0.14423
6044,1.777,0.14423
6045,1.778,0.14423
6046,1.779,0.14423
6047,1.78,0.14423
6048,1.781,0.14423
6049,1.782,0.14423
6050,1.783,0.145969
6051,1.784,0.140752
6052,1.785,0.224217
6053,1.786,0.300727
6054,1.787,0.290293
6055,1.788,0.2503
6056,1.789,0.158141
6057,1.79,0.147708
6058,1.791,0.14423
6059,1.792,0.14423
6060,1.793,0.14423
6061,1.794,0.14423
6062,1.795,0.14423
6063,1.796,0.14423
6064,1.797,0.14423
6065,1.798,0.14423
6066,1.799,0.14423
6067,1.8,0.14423
6068,1.801,0.14423
6069,1.802,0.14423
6070,1.803,0.14423
6071,1.804,0.14423
6072,1.805,0.14423
6073,1.806,0.14423
6074,1.807,0.14423
6075,1.808,0.14423
6076,1.809,0.14423
6077,1.81,0.14423
6078,1.811,0.14423
6079,1.812,0.14423
6080,1.813,0.14423
6081,1.814,0.14423
6082,1.815,0.14423
6083,1.816,0.14423
6084,1.817,0.14423
6085,1.818,0.14423
6086,1.819,0.14423
6087,1.82,0.14423
6088,1.821,0.14423
6089,1.822,0.14423
6090,1.823,0.14423
6091,1.824,0.14423
6092,1.825,0.14423
6093,1.826,0.14423
6094,1.827,0.14423
6095,1.828,0.14423
6096,1.829,0.14423
6097,1.83,0.14423
6098,1.831,0.14423
6099,1.832,0.14423
6100,1.833,0.14423
6101,1.834,0.14423
6102,1.835,0.14423
6103,1.836,0.14423
6104,1.837,0.14423
6105,1.838,0.14423
6106,1.839,0.14423
6107,1.84,0.14423
6108,1.841,0.14423
6109,1.842,0.14423
6110,1.843,0.14423
6111,1.844,0.14423
6112,1.845,0.14423
6113,1.846,0.14423
6114,1.847,0.14423
6115,1.848,0.14423
6116,1.849,0.14423
6117,1.85,0.14423
6118,1.851,0.14423
6119,1.852,0.14423
6120,1.853,0.14423
6121,1.854,0.14423
6122,1.855,0.14423
6123,1.856,0.14423
6124,1.857,0.14423
6125,1.858,0.145969
6126,1.859,0.140752
6127,1.86,0.219001
6128,1.861,0.300727
6129,1.862,0.290293
6130,1.863,0.257255
6131,1.864,0.161618
6132,1.865,0.147708
6133,1.866,0.14423
6134,1.867,0.14423
6135,1.868,0.14423
6136,1.869,0.14423
6137,1.87,0.14423
6138,1.871,0.14423
6139,1.872,0.14423
6140,1.873,0.14423
6141,1.874,0.14423
6142,1.875,0.14423
6143,1.876,0.14423
6144,1.877,0.14423
6145,1.878,0.14423
6146,1.879,0.14423
6147,1.88,0.14423
6148,1.881,0.14423
6149,1.882,0.14423
6150,1.883,0.14423
6151,1.884,0.14423
6152,1.885,0.14423
6153,1.886,0.14423
6154,1.887,0.14423
6155,1.888,0.14423
6156,1.889,0.14423
6157,1.89,0.14423
6158,1.891,0.14423
6159,1.892,0.14423
6160,1.893,0.14423
6161,1.894,0.14423
6162,1.895,0.14423
6163,1.896,0.14423
6164,1.897,0.14423
6165,1.898,0.14423
6166,1.899,0.14423
6167,1.9,0.14423
6168,1.901,0.14423
6169,1.902,0.14423
6170,1.903,0.14423
6171,1.904,0.14423
6172,1.905,0.14423
6173,1.906,0.14423
6174,1.907,0.14423
6175,1.908,0.14423
6176,1.909,0.14423
6177,1.91,0.14423
6178,1.911,0.14423
6179,1.912,0.14423
6180,1.913,0.14423
6181,1.914,0.14423
6182,1.915,0.14423
6183,1.916,0.14423
6184,1.917,0.14423
6185,1.918,0.14423
6186,1.919,0.14423
6187,1.92,0.14423
6188,1.921,0.14423
6189,1.922,0.14423
6190,1.923,0.14423
6191,1.924,0.14423
6192,1.925,0.14423
6193,1.926,0.14423
6194,1.927,0.14423
6195,1.928,0.14423
6196,1.929,0.14423
6197,1.93,0.14423
6198,1.931,0.14423
6199,1.932,0.14423
6200,1.933,0.145969
6201,1.934,0.142491
6202,1.935,0.213784
6203,1.936,0.300727
6204,1.937,0.288555
6205,1.938,0.260733
6206,1.939,0.15988
6207,1.94,0.147708
6208,1.941,0.145969
6209,1.942,0.145969
6210,1.943,0.14423
6211,1.944,0.14423
6212,1.945,0.14423
6213,1.946,0.14423
6214,1.947,0.14423
6215,1.948,0.14423
6216,1.949,0.14423
6217,1.95,0.14423
6218,1.951,0.14423
6219,1.952,0.14423
6220,1.953,0.14423
6221,1.954,0.14423
6222,1.955,0.14423
6223,1.956,0.14423
6224,1.957,0.14423
6225,1.958,0.14423
6226,1.959,0.14423
6227,1.96,0.14423
6228,1.961,0.14423
6229,1.962,0.14423
6230,1.963,0.14423
6231,1.964,0.14423
6232,1.965,0.14423
6233,1.966,0.14423
6234,1.967,0.14423
6235,1.968,0.14423
6236,1.969,0.14423
6237,1.97,0.14423
6238,1.971,0.14423
6239,1.972,0.14423
6240,1.973,0.14423
6241,1.974,0.14423
6242,1.975,0.14423
6243,1.976,0.14423
6244,1.977,0.14423
6245,1.978,0.14423
6246,1.979,0.14423
6247,1.98,0.14423
6248,1.981,0.14423
6249,1.982,0.14423
6250,1.983,0.14423
6251,1.984,0.14423
6252,1.985,0.14423
6253,1.986,0.14423
6254,1.987,0.14423
6255,1.988,0.14423
6256,1.989,0.14423
6257,1.99,0.14423
6258,1.991,0.14423
6259,1.992,0.14423
6260,1.993,0.14423
6261,1.994,0.14423
6262,1.995,0.14423
6263,1.996,0.14423
6264,1.997,0.14423
6265,1.998,0.14423
6266,1.999,0.14423
6267,2,0.14423
6268,2.001,0.14423
6269,2.002,0.14423
6270,2.003,0.14423
6271,2.004,0.14423
6272,2.005,0.14423
6273,2.006,0.14423
6274,2.007,0.14423
6275,2.008,0.145969
6276,2.009,0.142491
6277,2.01,0.208567
6278,2.011,0.298988
6279,2.012,0.290293
6280,2.013,0.262472
6281,2.014,0.163357
6282,2.015,0.147708
6283,2.016,0.145969
6284,2.017,0.145969
6285,2.018,0.14423
6286,2.019,0.14423
6287,2.02,0.14423
6288,2.021,0.14423
6289,2.022,0.14423
6290,2.023,0.14423
6291,2.024,0.14423
6292,2.025,0.14423
6293,2.026,0.14423
6294,2.027,0.14423
6295,2.028,0.14423
6296,2.029,0.14423
6297,2.03,0.14423
6298,2.031,0.14423
6299,2.032,0.14423
6300,2.033,0.14423
6301,2.034,0.14423
6302,2.035,0.14423
6303,2.036,0.14423
6304,2.037,0.14423
6305,2.038,0.14423
6306,2.039,0.14423
6307,2.04,0.14423
6308,2.041,0.14423
6309,2.042,0.14423
6310,2.043,0.14423
6311,2.044,0.14423
6312,2.045,0.14423
6313,2.046,0.14423
6314,2.047,0.14423
6315,2.048,0.14423
6316,2.049,0.14423
6317,2.05,0.14423
6318,2.051,0.14423
6319,2.052,0.14423
6320,2.053,0.14423
6321,2.054,0.14423
6322,2.055,0.14423
6323,2.056,0.14423
6324,2.057,0.14423
6325,2.058,0.14423
6326,2.059,0.14423
6327,2.06,0.14423
6328,2.061,0.14423
6329,2.062,0.14423
6330,2.063,0.14423
6331,2.064,0.14423
6332,2.065,0.14423
6333,2.066,0.14423
6334,2.067,0.14423
6335,2.068,0.14423
6336,2.069,0.14423
6337,2.07,0.14423
6338,2.071,0.14423
6339,2.072,0.14423
6340,2.073,0.14423
6341,2.074,0.14423
6342,2.075,0.14423
6343,2.076,0.14423
6344,2.077,0.14423
6345,2.078,0.14423
6346,2.079,0.14423
6347,2.08,0.14423
6348,2.081,0.14423
6349,2.082,0.14423
6350,2.083,0.145969
6351,2.084,0.142491
6352,2.085,0.20509
6353,2.086,0.297249
6354,2.087,0.292032
6355,2.088,0.265949
6356,2.089,0.163357
6357,2.09,0.147708
6358,2.091,0.145969
6359,2.092,0.145969
6360,2.093,0.14423
6361,2.094,0.14423
6362,2.095,0.14423
6363,2.096,0.14423
6364,2.097,0.14423
6365,2.098,0.14423
6366,2.099,0.14423
6367,2.1,0.14423
6368,2.101,0.14423
6369,2.102,0.14423
6370,2.103,0.14423
6371,2.104,0.14423
6372,2.105,0.14423
6373,2.106,0.14423
6374,2.107,0.14423
6375,2.108,0.14423
6376,2.109,0.14423
6377,2.11,0.14423
6378,2.111,0.14423
6379,2.112,0.14423
6380,2.113,0.14423
6381,2.114,0.14423
6382,2.115,0.14423
6383,2.116,0.14423
6384,2.117,0.14423
6385,2.118,0.14423
6386,2.119,0.14423
6387,2.12,0.14423
6388,2.121,0.14423
6389,2.122,0.14423
6390,2.123,0.14423
6391,2.124,0.14423
6392,2.125,0.14423
6393,2.126,0.14423
6394,2.127,0.14423
6395,2.128,0.14423
6396,2.129,0.14423
6397,2.13,0.14423
6398,2.131,0.14423
6399,2.132,0.14423
6400,2.133,0.14423
6401,2.134,0.14423
6402,2.135,0.14423
6403,2.136,0.14423
6404,2.137,0.14423
6405,2.138,0.14423
6406,2.139,0.14423
6407,2.14,0.14423
6408,2.141,0.14423
6409,2.142,0.14423
6410,2.143,0.14423
6411,2.144,0.14423
6412,2.145,0.14423
6413,2.146,0.14423
6414,2.147,0.14423
6415,2.148,0.14423
6416,2.149,0.14423
6417,2.15,0.14423
6418,2.151,0.14423
6419,2.152,0.14423
6420,2.153,0.14423
6421,2.154,0.14423
6422,2.155,0.14423
6423,2.156,0.14423
6424,2.157,0.14423
6425,2.158,0.145969
6426,2.159,0.142491
6427,2.16,0.196395
6428,2.161,0.29551
6429,2.162,0.292032
6430,2.163,0.269427
6431,2.164,0.166835
6432,2.165,0.147708
6433,2.166,0.145969
6434,2.167,0.145969
6435,2.168,0.14423
6436,2.169,0.14423
6437,2.17,0.14423
6438,2.171,0.14423
6439,2.172,0.14423
6440,2.173,0.14423
6441,2.174,0.14423
6442,2.175,0.14423
6443,2.176,0.14423
6444,2.177,0.14423
6445,2.178,0.14423
6446,2.179,0.14423
6447,2.18,0.14423
6448,2.181,0.14423
6449,2.182,0.14423
6450,2.183,0.14423
6451,2.184,0.14423
6452,2.185,0.14423
6453,2.186,0.14423
6454,2.187,0.14423
6455,2.188,0.14423
6456,2.189,0.14423
6457,2.19,0.14423
6458,2.191,0.14423
6459,2.192,0.14423
6460,2.193,0.14423
6461,2.194,0.14423
6462,2.195,0.14423
6463,2.196,0.14423
6464,2.197,0.14423
6465,2.198,0.14423
6466,2.199,0.14423
6467,2.2,0.14423
6468,2.201,0.14423
6469,2.202,0.14423
6470,2.203,0.14423
6471,2.204,0.14423
6472,2.205,0.14423
6473,2.206,0.14423
6474,2.207,0.14423
6475,2.208,0.14423
6476,2.209,0.14423
6477,2.21,0.14423
6478,2.211,0.14423
6479,2.212,0.14423
6480,2.213,0.14423
6481,2.214,0.14423
6482,2.215,0.14423
6483,2.216,0.14423
6484,2.217,0.14423
6485,2.218,0.14423
6486,2.219,0.14423
6487,2.22,0.14423
6488,2.221,0.14423
6489,2.222,0.14423
6490,2.223,0.14423
6491,2.224,0.14423
6492,2.225,0.14423
6493,2.226,0.14423
6494,2.227,0.14423
6495,2.228,0.14423
6496,2.229,0.14423
6497,2.23,0.14423
6498,2.231,0.14423
6499,2.232,0.14423
6500,2.233,0.145969
6501,2.234,0.142491
6502,2.235,0.192918
6503,2.236,0.292032
6504,2.237,0.292032
6505,2.238,0.276383
6506,2.239,0.168574
6507,2.24,0.147708
6508,2.241,0.145969
6509,2.242,0.145969
6510,2.243,0.14423
6511,2.244,0.14423
6512,2.245,0.14423
6513,2.246,0.14423
6514,2.247,0.14423
6515,2.248,0.14423
6516,2.249,0.14423
6517,2.25,0.14423
6518,2.251,0.14423
6519,2.252,0.14423
6520,2.253,0.14423
6521,2.254,0.14423
6522,2.255,0.14423
6523,2.256,0.14423
6524,2.257,0.14423
6525,2.258,0.14423
6526,2.259,0.14423
6527,2.26,0.14423
6528,2.261,0.14423
6529,2.262,0.14423
6530,2.263,0.14423
6531,2.264,0.14423
6532,2.265,0.14423
6533,2.266,0.14423
6534,2.267,0.14423
6535,2.268,0.14423
6536,2.269,0.14423
6537,2.27,0.14423
6538,2.271,0.14423
6539,2.272,0.14423
6540,2.273,0.14423
6541,2.274,0.14423
6542,2.275,0.14423
6543,2.276,0.14423
6544,2.277,0.14423
6545,2.278,0.14423
6546,2.279,0.14423
6547,2.28,0.14423
6548,2.281,0.14423
6549,2.282,0.14423
6550,2.283,0.14423
6551,2.284,0.14423
6552,2.285,0.14423
6553,2.286,0.14423
6554,2.287,0.14423
6555,2.288,0.14423
6556,2.289,0.14423
6557,2.29,0.14423
6558,2.291,0.14423
6559,2.292,0.14423
6560,2.293,0.14423
6561,2.294,0.14423
6562,2.295,0.14423
6563,2.296,0.14423
6564,2.297,0.14423
6565,2.298,0.14423
6566,2.299,0.14423
6567,2.3,0.14423
6568,2.301,0.14423
6569,2.302,0.14423
6570,2.303,0.14423
6571,2.304,0.14423
6572,2.305,0.14423
6573,2.306,0.14423
6574,2.307,0.14423
6575,2.308,0.145969
6576,2.309,0.142491
6577,2.31,0.18944
6578,2.311,0.288555
6579,2.312,0.29551
6580,2.313,0.276383
6581,2.314,0.172052
6582,2.315,0.149447
6583,2.316,0.145969
6584,2.317,0.145969
6585,2.318,0.14423
6586,2.319,0.14423
6587,2.32,0.14423
6588,2.321,0.14423
6589,2.322,0.14423
6590,2.323,0.14423
6591,2.324,0.14423
6592,2.325,0.14423
6593,2.326,0.14423
6594,2.327,0.14423
6595,2.328,0.14423
6596,2.329,0.14423
6597,2.33,0.14423
6598,2.331,0.14423
6599,2.332,0.14423
6600,2.333,0.14423
6601,2.334,0.14423
6602,2.335,0.14423
6603,2.336,0.14423
6604,2.337,0.14423
6605,2.338,0.14423
6606,2.339,0.14423
6607,2.34,0.14423
6608,2.341,0.14423
6609,2.342,0.14423
6610,2.343,0.14423
6611,2.344,0.14423
6612,2.345,0.14423
6613,2.346,0.14423
6614,2.347,0.14423
6615,2.348,0.14423
6616,2.349,0.14423
6617,2.35,0.14423
6618,2.351,0.14423
6619,2.352,0.14423
6620,2.353,0.14423
6621,2.354,0.14423
6622,2.355,0.14423
6623,2.356,0.14423
6624,2.357,0.14423
6625,2.358,0.14423
6626,2.359,0.14423
6627,2.36,0.14423
6628,2.361,0.14423
6629,2.362,0.14423
6630,2.363,0.14423
6631,2.364,0.14423
6632,2.365,0.14423
6633,2.366,0.14423
6634,2.367,0.14423
6635,2.368,0.14423
6636,2.369,0.14423
6637,2.37,0.14423
6638,2.371,0.14423
6639,2.372,0.14423
6640,2.373,0.14423
6641,2.374,0.14423
6642,2.375,0.14423
6643,2.376,0.14423
6644,2.377,0.14423
6645,2.378,0.14423
6646,2.379,0.14423
6647,2.38,0.14423
6648,2.381,0.14423
6649,2.382,0.14423
6650,2.383,0.145969
6651,2.384,0.14423
6652,2.385,0.185962
6653,2.386,0.290293
6654,2.387,0.297249
6655,2.388,0.278121
6656,2.389,0.17379
6657,2.39,0.149447
6658,2.391,0.145969
6659,2.392,0.145969
6660,2.393,0.14423
6661,2.394,0.14423
6662,2.395,0.14423
6663,2.396,0.14423
6664,2.397,0.14423
6665,2.398,0.14423
6666,2.399,0.14423
6667,2.4,0.14423
6668,2.401,0.14423
6669,2.402,0.14423
6670,2.403,0.14423
6671,2.404,0.14423
6672,2.405,0.14423
6673,2.406,0.14423
6674,2.407,0.14423
6675,2.408,0.14423
6676,2.409,0.14423
6677,2.41,0.14423
6678,2.411,0.14423
6679,2.412,0.14423
6680,2.413,0.14423
6681,2.414,0.14423
6682,2.415,0.14423
6683,2.416,0.14423
6684,2.417,0.14423
6685,2.418,0.14423
6686,2.419,0.14423
6687,2.42,0.14423
6688,2.421,0.14423
6689,2.422,0.14423
6690,2.423,0.14423
6691,2.424,0.14423
6692,2.425,0.14423
6693,2.426,0.14423
6694,2.427,0.14423
6695,2.428,0.14423
6696,2.429,0.14423
6697,2.43,0.14423
6698,2.431,0.14423
6699,2.432,0.14423
6700,2.433,0.14423
6701,2.434,0.14423
6702,2.435,0.14423
6703,2.436,0.14423
6704,2.437,0.14423
6705,2.438,0.14423
6706,2.439,0.14423
6707,2.44,0.14423
6708,2.441,0.14423
6709,2.442,0.14423
6710,2.443,0.14423
6711,2.444,0.14423
6712,2.445,0.14423
6713,2.446,0.14423
6714,2.447,0.14423
6715,2.448,0.14423
6716,2.449,0.14423
6717,2.45,0.14423
6718,2.451,0.14423
6719,2.452,0.14423
6720,2.453,0.14423
6721,2.454,0.14423
6722,2.455,0.14423
6723,2.456,0.14423
6724,2.457,0.14423
6725,2.458,0.145969
6726,2.459,0.14423
6727,2.46,0.177268
6728,2.461,0.288555
6729,2.462,0.297249
6730,2.463,0.27986
6731,2.464,0.17379
6732,2.465,0.149447
6733,2.466,0.145969
6734,2.467,0.145969
6735,2.468,0.14423
6736,2.469,0.14423
6737,2.47,0.14423
6738,2.471,0.14423
6739,2.472,0.14423
6740,2.473,0.14423
6741,2.474,0.14423
6742,2.475,0.14423
6743,2.476,0.14423
6744,2.477,0.14423
6745,2.478,0.14423
6746,2.479,0.14423
6747,2.48,0.14423
6748,2.481,0.14423
6749,2.482,0.14423
6750,2.483,0.14423
6751,2.484,0.14423
6752,2.485,0.14423
6753,2.486,0.14423
6754,2.487,0.14423
6755,2.488,0.14423
6756,2.489,0.14423
6757,2.49,0.14423
6758,2.491,0.14423
6759,2.492,0.14423
6760,2.493,0.14423
6761,2.494,0.14423
6762,2.495,0.14423
6763,2.496,0.14423
6764,2.497,0.14423
6765,2.498,0.14423
6766,2.499,0.14423
6767,2.5,0.14423
6768,2.501,0.14423
6769,2.502,0.14423
6770,2.503,0.14423
6771,2.504,0.14423
6772,2.505,0.14423
6773,2.506,0.14423
6774,2.507,0.14423
6775,2.508,0.14423
6776,2.509,0.14423
6777,2.51,0.14423
6778,2.511,0.14423
6779,2.512,0.14423
6780,2.513,0.14423
6781,2.514,0.14423
6782,2.515,0.14423
6783,2.516,0.14423
6784,2.517,0.14423
6785,2.518,0.14423
6786,2.519,0.14423
6787,2.52,0.14423
6788,2.521,0.14423
6789,2.522,0.14423
6790,2.523,0.14423
6791,2.524,0.14423
6792,2.525,0.14423
6793,2.526,0.14423
6794,2.527,0.14423
6795,2.528,0.14423
6796,2.529,0.14423
6797,2.53,0.14423
6798,2.531,0.14423
6799,2.532,0.14423
6800,2.533,0.145969
6801,2.534,0.145969
6802,2.535,0.175529
6803,2.536,0.281599
6804,2.537,0.297249
6805,2.538,0.278121
6806,2.539,0.27986
6807,2.54,0.31116
6808,2.541,0.312898
6809,2.542,0.31116
6810,2.543,0.314637
6811,2.544,0.312898
6812,2.545,0.312898
6813,2.546,0.314637
6814,2.547,0.312898
6815,2.548,0.312898
6816,2.549,0.314637
6817,2.55,0.31116
6818,2.551,0.314637
6819,2.552,0.314637
6820,2.553,0.31116
6821,2.554,0.314637
6822,2.555,0.312898
6823,2.556,0.312898
6824,2.557,0.314637
6825,2.558,0.312898
6826,2.559,0.312898
6827,2.56,0.314637
6828,2.561,0.31116
6829,2.562,0.314637
6830,2.563,0.312898
6831,2.564,0.312898
6832,2.565,0.312898
6833,2.566,0.312898
6834,2.567,0.312898
6835,2.568,0.314637
6836,2.569,0.312898
6837,2.57,0.312898
6838,2.571,0.314637
6839,2.572,0.31116
6840,2.573,0.314637
6841,2.574,0.312898
6842,2.575,0.312898
6843,2.576,0.314637
6844,2.577,0.314637
6845,2.578,0.31116
6846,2.579,0.314637
6847,2.58,0.312898
6848,2.581,0.312898
6849,2.582,0.314637
6850,2.583,0.312898
6851,2.584,0.312898
6852,2.585,0.314637
6853,2.586,0.31116
6854,2.587,0.314637
6855,2.588,0.314637
6856,2.589,0.31116
6857,2.59,0.314637
6858,2.591,0.312898
6859,2.592,0.312898
6860,2.593,0.312898
6861,2.594,0.314637
6862,2.595,0.281599
6863,2.596,0.264211
6864,2.597,0.283338
6865,2.598,0.285077
6866,2.599,0.312898
6867,2.6,0.217262
6868,2.601,0.149447
6869,2.602,0.14423
6870,2.603,0.14423
6871,2.604,0.142491
6872,2.605,0.142491
6873,2.606,0.142491
6874,2.607,0.142491
6875,2.608,0.142491
6876,2.609,0.142491
6877,2.61,0.142491
6878,2.611,0.142491
6879,2.612,0.142491
6880,2.613,0.142491
6881,2.614,0.14423
6882,2.615,0.139013
6883,2.616,0.212045
6884,2.617,0.229434
6885,2.618,0.149447
6886,2.619,0.14423
6887,2.62,0.14423
6888,2.621,0.142491
6889,2.622,0.142491
6890,2.623,0.142491
6891,2.624,0.142491
6892,2.625,0.142491
6893,2.626,0.142491
6894,2.627,0.142491
6895,2.628,0.142491
6896,2.629,0.142491
6897,2.63,0.14423
6898,2.631,0.152924
6899,2.632,0.267688
6900,2.633,0.158141
6901,2.634,0.145969
6902,2.635,0.142491
6903,2.636,0.142491
6904,2.637,0.142491
6905,2.638,0.142491
6906,2.639,0.142491
6907,2.64,0.142491
6908,2.641,0.142491
6909,2.642,0.142491
6910,2.643,0.142491
6911,2.644,0.142491
6912,2.645,0.14423
6913,2.646,0.135536
6914,2.647,0.257255
6915,2.648,0.187701
6916,2.649,0.147708
6917,2.65,0.142491
6918,2.651,0.142491
6919,2.652,0.142491
6920,2.653,0.142491
6921,2.654,0.142491
6922,2.655,0.142491
6923,2.656,0.142491
6924,2.657,0.142491
6925,2.658,0.142491
6926,2.659,0.142491
6927,2.66,0.14423
6928,2.661,0.140752
6929,2.662,0.196395
6930,2.663,0.238128
6931,2.664,0.151185
6932,2.665,0.14423
6933,2.666,0.14423
6934,2.667,0.142491
6935,2.668,0.142491
6936,2.669,0.142491
6937,2.67,0.142491
6938,2.671,0.142491
6939,2.672,0.142491
6940,2.673,0.142491
6941,2.674,0.142491
6942,2.675,0.142491
6943,2.676,0.14423
6944,2.677,0.147708
6945,2.678,0.274644
6946,2.679,0.161618
6947,2.68,0.145969
6948,2.681,0.142491
6949,2.682,0.142491
6950,2.683,0.142491
6951,2.684,0.142491
6952,2.685,0.142491
6953,2.686,0.142491
6954,2.687,0.142491
6955,2.688,0.142491
6956,2.689,0.142491
6957,2.69,0.142491
6958,2.691,0.14423
6959,2.692,0.137275
6960,2.693,0.246822
6961,2.694,0.198134
6962,2.695,0.147708
6963,2.696,0.142491
6964,2.697,0.142491
6965,2.698,0.142491
6966,2.699,0.142491
6967,2.7,0.142491
6968,2.701,0.142491
6969,2.702,0.142491
6970,2.703,0.142491
6971,2.704,0.142491
6972,2.705,0.142491
6973,2.706,0.142491
6974,2.707,0.142491
6975,2.708,0.185962
6976,2.709,0.252039
6977,2.71,0.151185
6978,2.711,0.142491
6979,2.712,0.14423
6980,2.713,0.142491
6981,2.714,0.142491
6982,2.715,0.142491
6983,2.716,0.142491
6984,2.717,0.142491
6985,2.718,0.142491
6986,2.719,0.142491
6987,2.72,0.142491
6988,2.721,0.142491
6989,2.722,0.14423
6990,2.723,0.147708
6991,2.724,0.180746
6992,2.725,0.145969
6993,2.726,0.14423
6994,2.727,0.149447
6995,2.728,0.149447
6996,2.729,0.142491
6997,2.73,0.142491
6998,2.731,0.142491
6999,2.732,0.140752
7000,2.733,0.180746
7001,2.734,0.264211
7002,2.735,0.272905
7003,2.736,0.269427
7004,2.737,0.269427
7005,2.738,0.267688
7006,2.739,0.269427
7007,2.74,0.269427
7008,2.741,0.269427
7009,2.742,0.269427
7010,2.743,0.267688
7011,2.744,0.267688
7012,2.745,0.269427
7013,2.746,0.269427
7014,2.747,0.267688
7015,2.748,0.272905
7016,2.749,0.265949
7017,2.75,0.267688
7018,2.751,0.267688
7019,2.752,0.269427
7020,2.753,0.267688
7021,2.754,0.269427
7022,2.755,0.175529
7023,2.756,0.149447
7024,2.757,0.145969
7025,2.758,0.145969
7026,2.759,0.14423
7027,2.76,0.14423
7028,2.761,0.14423
7029,2.762,0.14423
7030,2.763,0.14423
7031,2.764,0.14423
7032,2.765,0.14423
7033,2.766,0.14423
7034,2.767,0.14423
7035,2.768,0.14423
7036,2.769,0.14423
7037,2.77,0.14423
7038,2.771,0.14423
7039,2.772,0.14423
7040,2.773,0.14423
7041,2.774,0.14423
7042,2.775,0.14423
7043,2.776,0.14423
7044,2.777,0.14423
7045,2.778,0.14423
7046,2.779,0.14423
7047,2.78,0.14423
7048,2.781,0.14423
7049,2.782,0.14423
7050,2.783,0.14423
7051,2.784,0.14423
7052,2.785,0.14423
7053,2.786,0.14423
7054,2.787,0.14423
7055,2.788,0.14423
7056,2.789,0.14423
7057,2.79,0.14423
7058,2.791,0.14423
7059,2.792,0.14423
7060,2.793,0.14423
7061,2.794,0.14423
7062,2.795,0.14423
7063,2.796,0.14423
7064,2.797,0.14423
7065,2.798,0.14423
7066,2.799,0.14423
7067,2.8,0.14423
7068,2.801,0.14423
7069,2.802,0.14423
7070,2.803,0.14423
7071,2.804,0.14423
7072,2.805,0.14423
7073,2.806,0.14423
7074,2.807,0.14423
7075,2.808,0.14423
7076,2.809,0.14423
7077,2.81,0.14423
7078,2.811,0.14423
7079,2.812,0.14423
7080,2.813,0.14423
7081,2.814,0.14423
7082,2.815,0.14423
7083,2.816,0.14423
7084,2.817,0.14423
7085,2.818,0.14423
7086,2.819,0.14423
7087,2.82,0.14423
7088,2.821,0.14423
7089,2.822,0.14423
7090,2.823,0.14423
7091,2.824,0.14423
7092,2.825,0.14423
7093,2.826,0.14423
7094,2.827,0.14423
7095,2.828,0.145969
7096,2.829,0.147708
7097,2.83,0.257255
7098,2.831,0.302465
7099,2.832,0.286816
7100,2.833,0.215523
7101,2.834,0.151185
7102,2.835,0.147708
7103,2.836,0.14423
7104,2.837,0.14423
7105,2.838,0.14423
7106,2.839,0.14423
7107,2.84,0.14423
7108,2.841,0.14423
7109,2.842,0.14423
7110,2.843,0.14423
7111,2.844,0.14423
7112,2.845,0.14423
7113,2.846,0.14423
7114,2.847,0.14423
7115,2.848,0.14423
7116,2.849,0.14423
7117,2.85,0.14423
7118,2.851,0.14423
7119,2.852,0.14423
7120,2.853,0.14423
7121,2.854,0.14423
7122,2.855,0.14423
7123,2.856,0.14423
7124,2.857,0.14423
7125,2.858,0.14423
7126,2.859,0.14423
7127,2.86,0.14423
7128,2.861,0.14423
7129,2.862,0.14423
7130,2.863,0.14423
7131,2.864,0.14423
7132,2.865,0.14423
7133,2.866,0.14423
7134,2.867,0.14423
7135,2.868,0.14423
7136,2.869,0.14423
7137,2.87,0.14423
7138,2.871,0.14423
7139,2.872,0.14423
7140,2.873,0.14423
7141,2.874,0.14423
7142,2.875,0.14423
7143,2.876,0.14423
7144,2.877,0.14423
7145,2.878,0.14423
7146,2.879,0.14423
7147,2.88,0.14423
7148,2.881,0.14423
7149,2.882,0.14423
7150,2.883,0.14423
7151,2.884,0.14423
7152,2.885,0.14423
7153,2.886,0.14423
7154,2.887,0.14423
7155,2.888,0.14423
7156,2.889,0.14423
7157,2.89,0.14423
7158,2.891,0.14423
7159,2.892,0.14423
7160,2.893,0.14423
7161,2.894,0.14423
7162,2.895,0.14423
7163,2.896,0.14423
7164,2.897,0.14423
7165,2.898,0.14423
7166,2.899,0.14423
7167,2.9,0.14423
7168,2.901,0.14423
7169,2.902,0.14423
7170,2.903,0.145969
7171,2.904,0.145969
7172,2.905,0.252039
7173,2.906,0.304204
7174,2.907,0.286816
7175,2.908,0.224217
7176,2.909,0.152924
7177,2.91,0.145969
7178,2.911,0.14423
7179,2.912,0.14423
7180,2.913,0.14423
7181,2.914,0.14423
7182,2.915,0.14423
7183,2.916,0.14423
7184,2.917,0.14423
7185,2.918,0.14423
7186,2.919,0.14423
7187,2.92,0.14423
7188,2.921,0.14423
7189,2.922,0.14423
7190,2.923,0.14423
7191,2.924,0.14423
7192,2.925,0.14423
7193,2.926,0.14423
7194,2.927,0.14423
7195,2.928,0.14423
7196,2.929,0.14423
7197,2.93,0.14423
7198,2.931,0.14423
7199,2.932,0.14423
7200,2.933,0.14423
7201,2.934,0.14423
7202,2.935,0.14423
7203,2.936,0.14423
7204,2.937,0.14423
7205,2.938,0.14423
7206,2.939,0.14423
7207,2.94,0.14423
7208,2.941,0.14423
7209,2.942,0.14423
7210,2.943,0.14423
7211,2.944,0.14423
7212,2.945,0.14423
7213,2.946,0.14423
7214,2.947,0.14423
7215,2.948,0.14423
7216,2.949,0.14423
7217,2.95,0.14423
7218,2.951,0.14423
7219,2.952,0.14423
7220,2.953,0.14423
7221,2.954,0.14423
7222,2.955,0.14423
7223,2.956,0.14423
7224,2.957,0.14423
7225,2.958,0.14423
7226,2.959,0.14423
7227,2.96,0.14423
7228,2.961,0.14423
7229,2.962,0.14423
7230,2.963,0.14423
7231,2.964,0.14423
7232,2.965,0.14423
7233,2.966,0.14423
7234,2.967,0.14423
7235,2.968,0.14423
7236,2.969,0.14423
7237,2.97,0.14423
7238,2.971,0.14423
7239,2.972,0.14423
7240,2.973,0.14423
7241,2.974,0.14423
7242,2.975,0.14423
7243,2.976,0.14423
7244,2.977,0.14423
7245,2.978,0.145969
7246,2.979,0.14423
7247,2.98,0.246822
7248,2.981,0.304204
7249,2.982,0.288555
7250,2.983,0.229434
7251,2.984,0.151185
7252,2.985,0.147708
7253,2.986,0.14423
7254,2.987,0.14423
7255,2.988,0.14423
7256,2.989,0.14423
7257,2.99,0.14423
7258,2.991,0.14423
7259,2.992,0.14423
7260,2.993,0.14423
7261,2.994,0.14423
7262,2.995,0.14423
7263,2.996,0.14423
7264,2.997,0.14423
7265,2.998,0.14423
7266,2.999,0.14423
7267,3,0.14423
7268,3.001,0.14423
7269,3.002,0.14423
7270,3.003,0.14423
7271,3.004,0.14423
7272,3.005,0.14423
7273,3.006,0.14423
7274,3.007,0.14423
7275,3.008,0.14423
7276,3.009,0.14423
7277,3.01,0.14423
7278,3.011,0.14423
7279,3.012,0.14423
7280,3.013,0.14423
7281,3.014,0.14423
7282,3.015,0.14423
7283,3.016,0.14423
7284,3.017,0.14423
7285,3.018,0.14423
7286,3.019,0.14423
7287,3.02,0.14423
7288,3.021,0.14423
7289,3.022,0.14423
7290,3.023,0.14423
7291,3.024,0.14423
7292,3.025,0.14423
7293,3.026,0.14423
7294,3.027,0.14423
7295,3.028,0.14423
7296,3.029,0.14423
7297,3.03,0.14423
7298,3.031,0.14423
7299,3.032,0.14423
7300,3.033,0.14423
7301,3.034,0.14423
7302,3.035,0.14423
7303,3.036,0.14423
7304,3.037,0.14423
7305,3.038,0.14423
7306,3.039,0.14423
7307,3.04,0.14423
7308,3.041,0.14423
7309,3.042,0.14423
7310,3.043,0.14423
7311,3.044,0.14423
7312,3.045,0.14423
7313,3.046,0.14423
7314,3.047,0.14423
7315,3.048,0.14423
7316,3.049,0.14423
7317,3.05,0.14423
7318,3.051,0.14423
7319,3.052,0.14423
7320,3.053,0.145969
7321,3.054,0.14423
7322,3.055,0.243344
7323,3.056,0.304204
7324,3.057,0.288555
7325,3.058,0.232911
7326,3.059,0.151185
7327,3.06,0.147708
7328,3.061,0.14423
7329,3.062,0.14423
7330,3.063,0.14423
7331,3.064,0.14423
7332,3.065,0.14423
7333,3.066,0.14423
7334,3.067,0.14423
7335,3.068,0.14423
7336,3.069,0.14423
7337,3.07,0.14423
7338,3.071,0.14423
7339,3.072,0.14423
7340,3.073,0.14423
7341,3.074,0.14423
7342,3.075,0.14423
7343,3.076,0.14423
7344,3.077,0.14423
7345,3.078,0.14423
7346,3.079,0.14423
7347,3.08,0.14423
7348,3.081,0.14423
7349,3.082,0.14423
7350,3.083,0.14423
7351,3.084,0.14423
7352,3.085,0.14423
7353,3.086,0.14423
7354,3.087,0.14423
7355,3.088,0.14423
7356,3.089,0.14423
7357,3.09,0.14423
7358,3.091,0.14423
7359,3.092,0.14423
7360,3.093,0.14423
7361,3.094,0.14423
7362,3.095,0.14423
7363,3.096,0.14423
7364,3.097,0.14423
7365,3.098,0.14423
7366,3.099,0.14423
7367,3.1,0.14423
7368,3.101,0.14423
7369,3.102,0.14423
7370,3.103,0.14423
7371,3.104,0.14423
7372,3.105,0.14423
7373,3.106,0.14423
7374,3.107,0.14423
7375,3.108,0.14423
7376,3.109,0.14423
7377,3.11,0.14423
7378,3.111,0.14423
7379,3.112,0.14423
7380,3.113,0.14423
7381,3.114,0.14423
7382,3.115,0.14423
7383,3.116,0.14423
7384,3.117,0.14423
7385,3.118,0.14423
7386,3.119,0.14423
7387,3.12,0.14423
7388,3.121,0.14423
7389,3.122,0.14423
7390,3.123,0.14423
7391,3.124,0.14423
7392,3.125,0.14423
7393,3.126,0.14423
7394,3.127,0.14423
7395,3.128,0.145969
7396,3.129,0.142491
7397,3.13,0.238128
7398,3.131,0.302465
7399,3.132,0.288555
7400,3.133,0.238128
7401,3.134,0.152924
7402,3.135,0.147708
7403,3.136,0.14423
7404,3.137,0.14423
7405,3.138,0.14423
7406,3.139,0.14423
7407,3.14,0.14423
7408,3.141,0.14423
7409,3.142,0.14423
7410,3.143,0.14423
7411,3.144,0.14423
7412,3.145,0.14423
7413,3.146,0.14423
7414,3.147,0.14423
7415,3.148,0.14423
7416,3.149,0.14423
7417,3.15,0.14423
7418,3.151,0.14423
7419,3.152,0.14423
7420,3.153,0.14423
7421,3.154,0.14423
7422,3.155,0.14423
7423,3.156,0.14423
7424,3.157,0.14423
7425,3.158,0.14423
7426,3.159,0.14423
7427,3.16,0.14423
7428,3.161,0.14423
7429,3.162,0.14423
7430,3.163,0.14423
7431,3.164,0.14423
7432,3.165,0.14423
7433,3.166,0.14423
7434,3.167,0.14423
7435,3.168,0.14423
7436,3.169,0.14423
7437,3.17,0.14423
7438,3.171,0.14423
7439,3.172,0.14423
7440,3.173,0.14423
7441,3.174,0.14423
7442,3.175,0.14423
7443,3.176,0.14423
7444,3.177,0.14423
7445,3.178,0.14423
7446,3.179,0.14423
7447,3.18,0.14423
7448,3.181,0.14423
7449,3.182,0.14423
7450,3.183,0.14423
7451,3.184,0.14423
7452,3.185,0.14423
7453,3.186,0.14423
7454,3.187,0.14423
7455,3.188,0.14423
7456,3.189,0.14423
7457,3.19,0.14423
7458,3.191,0.14423
7459,3.192,0.14423
7460,3.193,0.14423
7461,3.194,0.14423
7462,3.195,0.14423
7463,3.196,0.14423
7464,3.197,0.14423
7465,3.198,0.14423
7466,3.199,0.14423
7467,3.2,0.14423
7468,3.201,0.14423
7469,3.202,0.14423
7470,3.203,0.145969
7471,3.204,0.142491
7472,3.205,0.232911
7473,3.206,0.302465
7474,3.207,0.288555
7475,3.208,0.243344
7476,3.209,0.154663
7477,3.21,0.147708
7478,3.211,0.14423
7479,3.212,0.14423
7480,3.213,0.14423
7481,3.214,0.14423
7482,3.215,0.14423
7483,3.216,0.14423
7484,3.217,0.14423
7485,3.218,0.14423
7486,3.219,0.14423
7487,3.22,0.14423
7488,3.221,0.14423
7489,3.222,0.14423
7490,3.223,0.14423
7491,3.224,0.14423
7492,3.225,0.14423
7493,3.226,0.14423
7494,3.227,0.14423
7495,3.228,0.14423
7496,3.229,0.14423
7497,3.23,0.14423
7498,3.231,0.14423
7499,3.232,0.14423
7500,3.233,0.14423
7501,3.234,0.14423
7502,3.235,0.14423
7503,3.236,0.14423
7504,3.237,0.14423
7505,3.238,0.14423
7506,3.239,0.14423
7507,3.24,0.14423
7508,3.241,0.14423
7509,3.242,0.14423
7510,3.243,0.14423
7511,3.244,0.14423
7512,3.245,0.14423
7513,3.246,0.14423
7514,3.247,0.14423
7515,3.248,0.14423
7516,3.249,0.14423
7517,3.25,0.14423
7518,3.251,0.14423
7519,3.252,0.14423
7520,3.253,0.14423
7521,3.254,0.14423
7522,3.255,0.14423
7523,3.256,0.14423
7524,3.257,0.14423
7525,3.258,0.14423
7526,3.259,0.14423
7527,3.26,0.14423
7528,3.261,0.14423
7529,3.262,0.14423
7530,3.263,0.14423
7531,3.264,0.14423
7532,3.265,0.14423
7533,3.266,0.14423
7534,3.267,0.14423
7535,3.268,0.14423
7536,3.269,0.14423
7537,3.27,0.14423
7538,3.271,0.14423
7539,3.272,0.14423
7540,3.273,0.14423
7541,3.274,0.14423
7542,3.275,0.14423
7543,3.276,0.14423
7544,3.277,0.14423
7545,3.278,0.145969
7546,3.279,0.140752
7547,3.28,0.227695
7548,3.281,0.302465
7549,3.282,0.288555
7550,3.283,0.2503
7551,3.284,0.158141
7552,3.285,0.147708
7553,3.286,0.14423
7554,3.287,0.14423
7555,3.288,0.14423
7556,3.289,0.14423
7557,3.29,0.14423
7558,3.291,0.14423
7559,3.292,0.14423
7560,3.293,0.14423
7561,3.294,0.14423
7562,3.295,0.14423
7563,3.296,0.14423
7564,3.297,0.14423
7565,3.298,0.14423
7566,3.299,0.14423
7567,3.3,0.14423
7568,3.301,0.14423
7569,3.302,0.14423
7570,3.303,0.14423
7571,3.304,0.14423
7572,3.305,0.14423
7573,3.306,0.14423
7574,3.307,0.14423
7575,3.308,0.14423
7576,3.309,0.14423
7577,3.31,0.14423
7578,3.311,0.14423
7579,3.312,0.14423
7580,3.313,0.14423
7581,3.314,0.14423
7582,3.315,0.14423
7583,3.316,0.14423
7584,3.317,0.14423
7585,3.318,0.14423
7586,3.319,0.14423
7587,3.32,0.14423
7588,3.321,0.14423
7589,3.322,0.14423
7590,3.323,0.14423
7591,3.324,0.14423
7592,3.325,0.14423
7593,3.326,0.14423
7594,3.327,0.14423
7595,3.328,0.14423
7596,3.329,0.14423
7597,3.33,0.14423
7598,3.331,0.14423
7599,3.332,0.14423
7600,3.333,0.14423
7601,3.334,0.14423
7602,3.335,0.14423
7603,3.336,0.14423
7604,3.337,0.14423
7605,3.338,0.14423
7606,3.339,0.14423
7607,3.34,0.14423
7608,3.341,0.14423
7609,3.342,0.14423
7610,3.343,0.14423
7611,3.344,0.14423
7612,3.345,0.14423
7613,3.346,0.14423
7614,3.347,0.14423
7615,3.348,0.14423
7616,3.349,0.14423
7617,3.35,0.14423
7618,3.351,0.14423
7619,3.352,0.14423
7620,3.353,0.145969
7621,3.354,0.142491
7622,3.355,0.219001
7623,3.356,0.300727
7624,3.357,0.290293
7625,3.358,0.255516
7626,3.359,0.15988
7627,3.36,0.145969
7628,3.361,0.145969
7629,3.362,0.145969
7630,3.363,0.14423
7631,3.364,0.14423
7632,3.365,0.14423
7633,3.366,0.14423
7634,3.367,0.14423
7635,3.368,0.14423
7636,3.369,0.14423
7637,3.37,0.14423
7638,3.371,0.14423
7639,3.372,0.14423
7640,3.373,0.14423
7641,3.374,0.14423
7642,3.375,0.14423
7643,3.376,0.14423
7644,3.377,0.14423
7645,3.378,0.14423
7646,3.379,0.14423
7647,3.38,0.14423
7648,3.381,0.14423
7649,3.382,0.14423
7650,3.383,0.14423
7651,3.384,0.14423
7652,3.385,0.14423
7653,3.386,0.14423
7654,3.387,0.14423
7655,3.388,0.14423
7656,3.389,0.14423
7657,3.39,0.14423
7658,3.391,0.14423
7659,3.392,0.14423
7660,3.393,0.14423
7661,3.394,0.14423
7662,3.395,0.14423
7663,3.396,0.14423
7664,3.397,0.14423
7665,3.398,0.14423
7666,3.399,0.14423
7667,3.4,0.14423
7668,3.401,0.14423
7669,3.402,0.14423
7670,3.403,0.14423
7671,3.404,0.14423
7672,3.405,0.14423
7673,3.406,0.14423
7674,3.407,0.14423
7675,3.408,0.14423
7676,3.409,0.14423
7677,3.41,0.14423
7678,3.411,0.14423
7679,3.412,0.14423
7680,3.413,0.14423
7681,3.414,0.14423
7682,3.415,0.14423
7683,3.416,0.14423
7684,3.417,0.14423
7685,3.418,0.14423
7686,3.419,0.14423
7687,3.42,0.14423
7688,3.421,0.14423
7689,3.422,0.14423
7690,3.423,0.14423
7691,3.424,0.14423
7692,3.425,0.14423
7693,3.426,0.14423
7694,3.427,0.14423
7695,3.428,0.145969
7696,3.429,0.140752
7697,3.43,0.212045
7698,3.431,0.298988
7699,3.432,0.290293
7700,3.433,0.260733
7701,3.434,0.15988
7702,3.435,0.147708
7703,3.436,0.145969
7704,3.437,0.145969
7705,3.438,0.14423
7706,3.439,0.14423
7707,3.44,0.14423
7708,3.441,0.14423
7709,3.442,0.14423
7710,3.443,0.14423
7711,3.444,0.14423
7712,3.445,0.14423
7713,3.446,0.14423
7714,3.447,0.14423
7715,3.448,0.14423
7716,3.449,0.14423
7717,3.45,0.14423
7718,3.451,0.14423
7719,3.452,0.14423
7720,3.453,0.14423
7721,3.454,0.14423
7722,3.455,0.14423
7723,3.456,0.14423
7724,3.457,0.14423
7725,3.458,0.14423
7726,3.459,0.14423
7727,3.46,0.14423
7728,3.461,0.14423
7729,3.462,0.14423
7730,3.463,0.14423
7731,3.464,0.14423
7732,3.465,0.14423
7733,3.466,0.14423
7734,3.467,0.14423
7735,3.468,0.14423
7736,3.469,0.14423
7737,3.47,0.14423
7738,3.471,0.14423
7739,3.472,0.14423
7740,3.473,0.14423
7741,3.474,0.14423
7742,3.475,0.14423
7743,3.476,0.14423
7744,3.477,0.14423
7745,3.478,0.14423
7746,3.479,0.14423
7747,3.48,0.14423
7748,3.481,0.14423
7749,3.482,0.14423
7750,3.483,0.14423
7751,3.484,0.14423
7752,3.485,0.14423
7753,3.486,0.14423
7754,3.487,0.14423
7755,3.488,0.14423
7756,3.489,0.14423
7757,3.49,0.14423
7758,3.491,0.14423
7759,3.492,0.14423
7760,3.493,0.14423
7761,3.494,0.14423
7762,3.495,0.14423
7763,3.496,0.14423
7764,3.497,0.14423
7765,3.498,0.14423
7766,3.499,0.14423
7767,3.5,0.14423
7768,3.501,0.14423
7769,3.502,0.14423
7770,3.503,0.145969
7771,3.504,0.142491
7772,3.505,0.206829
7773,3.506,0.297249
7774,3.507,0.292032
7775,3.508,0.264211
7776,3.509,0.163357
7777,3.51,0.147708
7778,3.511,0.145969
7779,3.512,0.145969
7780,3.513,0.14423
7781,3.514,0.14423
7782,3.515,0.14423
7783,3.516,0.14423
7784,3.517,0.14423
7785,3.518,0.14423
7786,3.519,0.14423
7787,3.52,0.14423
7788,3.521,0.14423
7789,3.522,0.14423
7790,3.523,0.14423
7791,3.524,0.14423
7792,3.525,0.14423
7793,3.526,0.14423
7794,3.527,0.14423
7795,3.528,0.14423
7796,3.529,0.14423
7797,3.53,0.14423
7798,3.531,0.14423
7799,3.532,0.14423
7800,3.533,0.14423
7801,3.534,0.14423
7802,3.535,0.14423
7803,3.536,0.14423
7804,3.537,0.14423
7805,3.538,0.14423
7806,3.539,0.14423
7807,3.54,0.14423
7808,3.541,0.14423
7809,3.542,0.14423
7810,3.543,0.14423
7811,3.544,0.14423
7812,3.545,0.14423
7813,3.546,0.14423
7814,3.547,0.14423
7815,3.548,0.14423
7816,3.549,0.14423
7817,3.55,0.14423
7818,3.551,0.14423
7819,3.552,0.14423
7820,3.553,0.14423
7821,3.554,0.14423
7822,3.555,0.14423
7823,3.556,0.14423
7824,3.557,0.14423
7825,3.558,0.14423
7826,3.559,0.14423
7827,3.56,0.14423
7828,3.561,0.14423
7829,3.562,0.14423
7830,3.563,0.14423
7831,3.564,0.14423
7832,3.565,0.14423
7833,3.566,0.14423
7834,3.567,0.14423
7835,3.568,0.14423
7836,3.569,0.14423
7837,3.57,0.14423
7838,3.571,0.14423
7839,3.572,0.14423
7840,3.573,0.14423
7841,3.574,0.14423
7842,3.575,0.14423
7843,3.576,0.14423
7844,3.577,0.14423
7845,3.578,0.145969
7846,3.579,0.142491
7847,3.58,0.199873
7848,3.581,0.29551
7849,3.582,0.292032
7850,3.583,0.267688
7851,3.584,0.165096
7852,3.585,0.147708
7853,3.586,0.145969
7854,3.587,0.145969
7855,3.588,0.14423
7856,3.589,0.14423
7857,3.59,0.14423
7858,3.591,0.14423
7859,3.592,0.14423
7860,3.593,0.14423
7861,3.594,0.14423
7862,3.595,0.14423
7863,3.596,0.14423
7864,3.597,0.14423
7865,3.598,0.14423
7866,3.599,0.14423
7867,3.6,0.14423
7868,3.601,0.14423
7869,3.602,0.14423
7870,3.603,0.14423
7871,3.604,0.14423
7872,3.605,0.14423
7873,3.606,0.14423
7874,3.607,0.14423
7875,3.608,0.14423
7876,3.609,0.14423
7877,3.61,0.14423
7878,3.611,0.14423
7879,3.612,0.14423
7880,3.613,0.14423
7881,3.614,0.14423
7882,3.615,0.14423
7883,3.616,0.14423
7884,3.617,0.14423
7885,3.618,0.14423
7886,3.619,0.14423
7887,3.62,0.14423
7888,3.621,0.14423
7889,3.622,0.14423
7890,3.623,0.14423
7891,3.624,0.14423
7892,3.625,0.14423
7893,3.626,0.14423
7894,3.627,0.14423
7895,3.628,0.14423
7896,3.629,0.14423
7897,3.63,0.14423
7898,3.631,0.14423
7899,3.632,0.14423
7900,3.633,0.14423
7901,3.634,0.14423
7902,3.635,0.14423
7903,3.636,0.14423
7904,3.637,0.14423
7905,3.638,0.14423
7906,3.639,0.14423
7907,3.64,0.14423
7908,3.641,0.14423
7909,3.642,0.14423
7910,3.643,0.14423
7911,3.644,0.14423
7912,3.645,0.14423
7913,3.646,0.14423
7914,3.647,0.14423
7915,3.648,0.14423
7916,3.649,0.14423
7917,3.65,0.14423
7918,3.651,0.14423
7919,3.652,0.14423
7920,3.653,0.145969
7921,3.654,0.142491
7922,3.655,0.191179
7923,3.656,0.292032
7924,3.657,0.29551
7925,3.658,0.274644
7926,3.659,0.170313
7927,3.66,0.147708
7928,3.661,0.145969
7929,3.662,0.145969
7930,3.663,0.14423
7931,3.664,0.14423
7932,3.665,0.14423
7933,3.666,0.14423
7934,3.667,0.14423
7935,3.668,0.14423
7936,3.669,0.14423
7937,3.67,0.14423
7938,3.671,0.14423
7939,3.672,0.14423
7940,3.673,0.14423
7941,3.674,0.14423
7942,3.675,0.14423
7943,3.676,0.14423
7944,3.677,0.14423
7945,3.678,0.14423
7946,3.679,0.14423
7947,3.68,0.14423
7948,3.681,0.14423
7949,3.682,0.14423
7950,3.683,0.14423
7951,3.684,0.14423
7952,3.685,0.14423
7953,3.686,0.14423
7954,3.687,0.14423
7955,3.688,0.14423
7956,3.689,0.14423
7957,3.69,0.14423
7958,3.691,0.14423
7959,3.692,0.14423
7960,3.693,0.14423
7961,3.694,0.14423
7962,3.695,0.14423
7963,3.696,0.14423
7964,3.697,0.14423
7965,3.698,0.14423
7966,3.699,0.14423
7967,3.7,0.14423
7968,3.701,0.14423
7969,3.702,0.14423
7970,3.703,0.14423
7971,3.704,0.14423
7972,3.705,0.14423
7973,3.706,0.14423
7974,3.707,0.14423
7975,3.708,0.14423
7976,3.709,0.14423
7977,3.71,0.14423
7978,3.711,0.14423
7979,3.712,0.14423
7980,3.713,0.14423
7981,3.714,0.14423
7982,3.715,0.14423
7983,3.716,0.14423
7984,3.717,0.14423
7985,3.718,0.14423
7986,3.719,0.14423
7987,3.72,0.14423
7988,3.721,0.14423
7989,3.722,0.14423
7990,3.723,0.14423
7991,3.724,0.14423
7992,3.725,0.14423
7993,3.726,0.14423
7994,3.727,0.14423
7995,3.728,0.145969
7996,3.729,0.14423
7997,3.73,0.184224
7998,3.731,0.288555
7999,3.732,0.29551
