;Scopy version,f4beeb1
;Exported on,mardirier 24/02/2026
;Device,M2K
;Nr of samples,8000
;Sample rate,1000
;Tool,Oscilloscope
;Additional Information,
Sample,Time(S),CH1(V)
0,-4.28,0.297249
1,-4.279,0.29551
2,-4.278,0.269427
3,-4.277,0.149447
4,-4.276,0.147708
5,-4.275,0.14423
6,-4.274,0.14423
7,-4.273,0.14423
8,-4.272,0.14423
9,-4.271,0.14423
10,-4.27,0.14423
11,-4.269,0.14423
12,-4.268,0.14423
13,-4.267,0.14423
14,-4.266,0.14423
15,-4.265,0.14423
16,-4.264,0.14423
17,-4.263,0.14423
18,-4.262,0.14423
19,-4.261,0.14423
20,-4.26,0.14423
21,-4.259,0.14423
22,-4.258,0.14423
23,-4.257,0.14423
24,-4.256,0.14423
25,-4.255,0.14423
26,-4.254,0.14423
27,-4.253,0.14423
28,-4.252,0.14423
29,-4.251,0.14423
30,-4.25,0.14423
31,-4.249,0.14423
32,-4.248,0.14423
33,-4.247,0.14423
34,-4.246,0.14423
35,-4.245,0.14423
36,-4.244,0.14423
37,-4.243,0.14423
38,-4.242,0.14423
39,-4.241,0.14423
40,-4.24,0.14423
41,-4.239,0.14423
42,-4.238,0.14423
43,-4.237,0.14423
44,-4.236,0.14423
45,-4.235,0.14423
46,-4.234,0.14423
47,-4.233,0.14423
48,-4.232,0.14423
49,-4.231,0.14423
50,-4.23,0.14423
51,-4.229,0.14423
52,-4.228,0.14423
53,-4.227,0.14423
54,-4.226,0.14423
55,-4.225,0.14423
56,-4.224,0.14423
57,-4.223,0.14423
58,-4.222,0.14423
59,-4.221,0.14423
60,-4.22,0.14423
61,-4.219,0.14423
62,-4.218,0.14423
63,-4.217,0.14423
64,-4.216,0.14423
65,-4.215,0.14423
66,-4.214,0.14423
67,-4.213,0.14423
68,-4.212,0.14423
69,-4.211,0.14423
70,-4.21,0.14423
71,-4.209,0.145969
72,-4.208,0.14423
73,-4.207,0.182485
74,-4.206,0.288555
75,-4.205,0.297249
76,-4.204,0.278121
77,-4.203,0.175529
78,-4.202,0.149447
79,-4.201,0.147708
80,-4.2,0.14423
81,-4.199,0.14423
82,-4.198,0.14423
83,-4.197,0.14423
84,-4.196,0.14423
85,-4.195,0.14423
86,-4.194,0.14423
87,-4.193,0.14423
88,-4.192,0.14423
89,-4.191,0.14423
90,-4.19,0.14423
91,-4.189,0.14423
92,-4.188,0.14423
93,-4.187,0.14423
94,-4.186,0.14423
95,-4.185,0.14423
96,-4.184,0.14423
97,-4.183,0.14423
98,-4.182,0.14423
99,-4.181,0.14423
100,-4.18,0.14423
101,-4.179,0.14423
102,-4.178,0.14423
103,-4.177,0.14423
104,-4.176,0.14423
105,-4.175,0.14423
106,-4.174,0.14423
107,-4.173,0.14423
108,-4.172,0.14423
109,-4.171,0.14423
110,-4.17,0.14423
111,-4.169,0.14423
112,-4.168,0.14423
113,-4.167,0.14423
114,-4.166,0.14423
115,-4.165,0.14423
116,-4.164,0.14423
117,-4.163,0.14423
118,-4.162,0.14423
119,-4.161,0.14423
120,-4.16,0.14423
121,-4.159,0.14423
122,-4.158,0.14423
123,-4.157,0.14423
124,-4.156,0.14423
125,-4.155,0.14423
126,-4.154,0.14423
127,-4.153,0.14423
128,-4.152,0.14423
129,-4.151,0.14423
130,-4.15,0.14423
131,-4.149,0.14423
132,-4.148,0.14423
133,-4.147,0.14423
134,-4.146,0.14423
135,-4.145,0.14423
136,-4.144,0.14423
137,-4.143,0.14423
138,-4.142,0.14423
139,-4.141,0.14423
140,-4.14,0.14423
141,-4.139,0.14423
142,-4.138,0.14423
143,-4.137,0.14423
144,-4.136,0.14423
145,-4.135,0.14423
146,-4.134,0.145969
147,-4.133,0.14423
148,-4.132,0.177268
149,-4.131,0.286816
150,-4.13,0.300727
151,-4.129,0.27986
152,-4.128,0.177268
153,-4.127,0.149447
154,-4.126,0.147708
155,-4.125,0.14423
156,-4.124,0.14423
157,-4.123,0.14423
158,-4.122,0.14423
159,-4.121,0.14423
160,-4.12,0.14423
161,-4.119,0.14423
162,-4.118,0.14423
163,-4.117,0.14423
164,-4.116,0.14423
165,-4.115,0.14423
166,-4.114,0.14423
167,-4.113,0.14423
168,-4.112,0.14423
169,-4.111,0.14423
170,-4.11,0.14423
171,-4.109,0.14423
172,-4.108,0.14423
173,-4.107,0.14423
174,-4.106,0.14423
175,-4.105,0.14423
176,-4.104,0.14423
177,-4.103,0.14423
178,-4.102,0.14423
179,-4.101,0.14423
180,-4.1,0.14423
181,-4.099,0.14423
182,-4.098,0.14423
183,-4.097,0.14423
184,-4.096,0.14423
185,-4.095,0.14423
186,-4.094,0.14423
187,-4.093,0.14423
188,-4.092,0.14423
189,-4.091,0.14423
190,-4.09,0.14423
191,-4.089,0.14423
192,-4.088,0.14423
193,-4.087,0.14423
194,-4.086,0.14423
195,-4.085,0.14423
196,-4.084,0.14423
197,-4.083,0.14423
198,-4.082,0.14423
199,-4.081,0.14423
200,-4.08,0.14423
201,-4.079,0.14423
202,-4.078,0.14423
203,-4.077,0.14423
204,-4.076,0.14423
205,-4.075,0.14423
206,-4.074,0.14423
207,-4.073,0.14423
208,-4.072,0.14423
209,-4.071,0.14423
210,-4.07,0.14423
211,-4.069,0.14423
212,-4.068,0.14423
213,-4.067,0.14423
214,-4.066,0.14423
215,-4.065,0.14423
216,-4.064,0.14423
217,-4.063,0.14423
218,-4.062,0.14423
219,-4.061,0.14423
220,-4.06,0.14423
221,-4.059,0.145969
222,-4.058,0.145969
223,-4.057,0.175529
224,-4.056,0.283338
225,-4.055,0.298988
226,-4.054,0.281599
227,-4.053,0.177268
228,-4.052,0.149447
229,-4.051,0.145969
230,-4.05,0.145969
231,-4.049,0.14423
232,-4.048,0.14423
233,-4.047,0.14423
234,-4.046,0.14423
235,-4.045,0.14423
236,-4.044,0.14423
237,-4.043,0.14423
238,-4.042,0.14423
239,-4.041,0.14423
240,-4.04,0.14423
241,-4.039,0.14423
242,-4.038,0.14423
243,-4.037,0.14423
244,-4.036,0.14423
245,-4.035,0.14423
246,-4.034,0.14423
247,-4.033,0.14423
248,-4.032,0.14423
249,-4.031,0.14423
250,-4.03,0.14423
251,-4.029,0.14423
252,-4.028,0.14423
253,-4.027,0.14423
254,-4.026,0.14423
255,-4.025,0.14423
256,-4.024,0.14423
257,-4.023,0.14423
258,-4.022,0.14423
259,-4.021,0.14423
260,-4.02,0.14423
261,-4.019,0.14423
262,-4.018,0.14423
263,-4.017,0.14423
264,-4.016,0.14423
265,-4.015,0.14423
266,-4.014,0.14423
267,-4.013,0.14423
268,-4.012,0.14423
269,-4.011,0.14423
270,-4.01,0.14423
271,-4.009,0.14423
272,-4.008,0.14423
273,-4.007,0.14423
274,-4.006,0.14423
275,-4.005,0.14423
276,-4.004,0.14423
277,-4.003,0.14423
278,-4.002,0.14423
279,-4.001,0.14423
280,-4,0.14423
281,-3.999,0.14423
282,-3.998,0.14423
283,-3.997,0.14423
284,-3.996,0.14423
285,-3.995,0.14423
286,-3.994,0.14423
287,-3.993,0.14423
288,-3.992,0.14423
289,-3.991,0.14423
290,-3.99,0.14423
291,-3.989,0.14423
292,-3.988,0.14423
293,-3.987,0.14423
294,-3.986,0.14423
295,-3.985,0.14423
296,-3.984,0.145969
297,-3.983,0.145969
298,-3.982,0.172052
299,-3.981,0.283338
300,-3.98,0.300727
301,-3.979,0.283338
302,-3.978,0.184224
303,-3.977,0.149447
304,-3.976,0.147708
305,-3.975,0.14423
306,-3.974,0.14423
307,-3.973,0.14423
308,-3.972,0.14423
309,-3.971,0.14423
310,-3.97,0.14423
311,-3.969,0.14423
312,-3.968,0.14423
313,-3.967,0.14423
314,-3.966,0.14423
315,-3.965,0.14423
316,-3.964,0.14423
317,-3.963,0.14423
318,-3.962,0.14423
319,-3.961,0.14423
320,-3.96,0.14423
321,-3.959,0.14423
322,-3.958,0.14423
323,-3.957,0.14423
324,-3.956,0.14423
325,-3.955,0.14423
326,-3.954,0.14423
327,-3.953,0.14423
328,-3.952,0.14423
329,-3.951,0.14423
330,-3.95,0.14423
331,-3.949,0.14423
332,-3.948,0.14423
333,-3.947,0.14423
334,-3.946,0.14423
335,-3.945,0.14423
336,-3.944,0.14423
337,-3.943,0.14423
338,-3.942,0.14423
339,-3.941,0.14423
340,-3.94,0.14423
341,-3.939,0.14423
342,-3.938,0.14423
343,-3.937,0.14423
344,-3.936,0.14423
345,-3.935,0.14423
346,-3.934,0.14423
347,-3.933,0.14423
348,-3.932,0.14423
349,-3.931,0.14423
350,-3.93,0.14423
351,-3.929,0.14423
352,-3.928,0.14423
353,-3.927,0.14423
354,-3.926,0.14423
355,-3.925,0.14423
356,-3.924,0.14423
357,-3.923,0.14423
358,-3.922,0.14423
359,-3.921,0.14423
360,-3.92,0.14423
361,-3.919,0.14423
362,-3.918,0.14423
363,-3.917,0.14423
364,-3.916,0.14423
365,-3.915,0.14423
366,-3.914,0.14423
367,-3.913,0.14423
368,-3.912,0.14423
369,-3.911,0.14423
370,-3.91,0.14423
371,-3.909,0.145969
372,-3.908,0.145969
373,-3.907,0.168574
374,-3.906,0.281599
375,-3.905,0.302465
376,-3.904,0.283338
377,-3.903,0.185962
378,-3.902,0.151185
379,-3.901,0.147708
380,-3.9,0.14423
381,-3.899,0.14423
382,-3.898,0.14423
383,-3.897,0.14423
384,-3.896,0.14423
385,-3.895,0.14423
386,-3.894,0.14423
387,-3.893,0.14423
388,-3.892,0.14423
389,-3.891,0.14423
390,-3.89,0.14423
391,-3.889,0.14423
392,-3.888,0.14423
393,-3.887,0.14423
394,-3.886,0.14423
395,-3.885,0.14423
396,-3.884,0.14423
397,-3.883,0.14423
398,-3.882,0.14423
399,-3.881,0.14423
400,-3.88,0.14423
401,-3.879,0.14423
402,-3.878,0.14423
403,-3.877,0.14423
404,-3.876,0.14423
405,-3.875,0.14423
406,-3.874,0.14423
407,-3.873,0.14423
408,-3.872,0.14423
409,-3.871,0.14423
410,-3.87,0.14423
411,-3.869,0.14423
412,-3.868,0.14423
413,-3.867,0.14423
414,-3.866,0.14423
415,-3.865,0.14423
416,-3.864,0.14423
417,-3.863,0.14423
418,-3.862,0.14423
419,-3.861,0.14423
420,-3.86,0.14423
421,-3.859,0.14423
422,-3.858,0.14423
423,-3.857,0.14423
424,-3.856,0.14423
425,-3.855,0.14423
426,-3.854,0.14423
427,-3.853,0.14423
428,-3.852,0.14423
429,-3.851,0.14423
430,-3.85,0.14423
431,-3.849,0.14423
432,-3.848,0.14423
433,-3.847,0.14423
434,-3.846,0.14423
435,-3.845,0.14423
436,-3.844,0.14423
437,-3.843,0.14423
438,-3.842,0.14423
439,-3.841,0.14423
440,-3.84,0.14423
441,-3.839,0.14423
442,-3.838,0.14423
443,-3.837,0.14423
444,-3.836,0.14423
445,-3.835,0.14423
446,-3.834,0.14423
447,-3.833,0.145969
448,-3.832,0.166835
449,-3.831,0.278121
450,-3.83,0.300727
451,-3.829,0.283338
452,-3.828,0.18944
453,-3.827,0.151185
454,-3.826,0.147708
455,-3.825,0.14423
456,-3.824,0.14423
457,-3.823,0.14423
458,-3.822,0.14423
459,-3.821,0.14423
460,-3.82,0.14423
461,-3.819,0.14423
462,-3.818,0.14423
463,-3.817,0.14423
464,-3.816,0.14423
465,-3.815,0.14423
466,-3.814,0.14423
467,-3.813,0.14423
468,-3.812,0.14423
469,-3.811,0.14423
470,-3.81,0.14423
471,-3.809,0.14423
472,-3.808,0.14423
473,-3.807,0.14423
474,-3.806,0.14423
475,-3.805,0.14423
476,-3.804,0.14423
477,-3.803,0.14423
478,-3.802,0.14423
479,-3.801,0.14423
480,-3.8,0.14423
481,-3.799,0.14423
482,-3.798,0.14423
483,-3.797,0.14423
484,-3.796,0.14423
485,-3.795,0.14423
486,-3.794,0.14423
487,-3.793,0.14423
488,-3.792,0.14423
489,-3.791,0.14423
490,-3.79,0.14423
491,-3.789,0.14423
492,-3.788,0.14423
493,-3.787,0.14423
494,-3.786,0.14423
495,-3.785,0.14423
496,-3.784,0.14423
497,-3.783,0.14423
498,-3.782,0.14423
499,-3.781,0.14423
500,-3.78,0.14423
501,-3.779,0.14423
502,-3.778,0.14423
503,-3.777,0.14423
504,-3.776,0.14423
505,-3.775,0.14423
506,-3.774,0.14423
507,-3.773,0.14423
508,-3.772,0.14423
509,-3.771,0.14423
510,-3.77,0.14423
511,-3.769,0.14423
512,-3.768,0.14423
513,-3.767,0.14423
514,-3.766,0.14423
515,-3.765,0.14423
516,-3.764,0.14423
517,-3.763,0.14423
518,-3.762,0.14423
519,-3.761,0.14423
520,-3.76,0.14423
521,-3.759,0.14423
522,-3.758,0.145969
523,-3.757,0.163357
524,-3.756,0.276383
525,-3.755,0.300727
526,-3.754,0.285077
527,-3.753,0.191179
528,-3.752,0.149447
529,-3.751,0.147708
530,-3.75,0.14423
531,-3.749,0.14423
532,-3.748,0.14423
533,-3.747,0.14423
534,-3.746,0.14423
535,-3.745,0.14423
536,-3.744,0.14423
537,-3.743,0.14423
538,-3.742,0.14423
539,-3.741,0.14423
540,-3.74,0.14423
541,-3.739,0.14423
542,-3.738,0.14423
543,-3.737,0.14423
544,-3.736,0.14423
545,-3.735,0.14423
546,-3.734,0.14423
547,-3.733,0.14423
548,-3.732,0.14423
549,-3.731,0.14423
550,-3.73,0.14423
551,-3.729,0.14423
552,-3.728,0.14423
553,-3.727,0.14423
554,-3.726,0.14423
555,-3.725,0.14423
556,-3.724,0.14423
557,-3.723,0.14423
558,-3.722,0.14423
559,-3.721,0.14423
560,-3.72,0.14423
561,-3.719,0.14423
562,-3.718,0.14423
563,-3.717,0.14423
564,-3.716,0.14423
565,-3.715,0.14423
566,-3.714,0.14423
567,-3.713,0.14423
568,-3.712,0.14423
569,-3.711,0.14423
570,-3.71,0.14423
571,-3.709,0.14423
572,-3.708,0.14423
573,-3.707,0.14423
574,-3.706,0.14423
575,-3.705,0.14423
576,-3.704,0.14423
577,-3.703,0.14423
578,-3.702,0.14423
579,-3.701,0.14423
580,-3.7,0.14423
581,-3.699,0.14423
582,-3.698,0.14423
583,-3.697,0.14423
584,-3.696,0.14423
585,-3.695,0.14423
586,-3.694,0.14423
587,-3.693,0.14423
588,-3.692,0.14423
589,-3.691,0.14423
590,-3.69,0.14423
591,-3.689,0.14423
592,-3.688,0.14423
593,-3.687,0.14423
594,-3.686,0.14423
595,-3.685,0.14423
596,-3.684,0.14423
597,-3.683,0.145969
598,-3.682,0.161618
599,-3.681,0.276383
600,-3.68,0.300727
601,-3.679,0.285077
602,-3.678,0.194657
603,-3.677,0.151185
604,-3.676,0.147708
605,-3.675,0.14423
606,-3.674,0.14423
607,-3.673,0.14423
608,-3.672,0.14423
609,-3.671,0.14423
610,-3.67,0.14423
611,-3.669,0.14423
612,-3.668,0.14423
613,-3.667,0.14423
614,-3.666,0.14423
615,-3.665,0.14423
616,-3.664,0.14423
617,-3.663,0.14423
618,-3.662,0.14423
619,-3.661,0.14423
620,-3.66,0.14423
621,-3.659,0.14423
622,-3.658,0.14423
623,-3.657,0.14423
624,-3.656,0.14423
625,-3.655,0.14423
626,-3.654,0.14423
627,-3.653,0.14423
628,-3.652,0.14423
629,-3.651,0.14423
630,-3.65,0.14423
631,-3.649,0.14423
632,-3.648,0.14423
633,-3.647,0.14423
634,-3.646,0.14423
635,-3.645,0.14423
636,-3.644,0.14423
637,-3.643,0.14423
638,-3.642,0.14423
639,-3.641,0.14423
640,-3.64,0.14423
641,-3.639,0.14423
642,-3.638,0.14423
643,-3.637,0.14423
644,-3.636,0.14423
645,-3.635,0.14423
646,-3.634,0.14423
647,-3.633,0.14423
648,-3.632,0.14423
649,-3.631,0.14423
650,-3.63,0.14423
651,-3.629,0.14423
652,-3.628,0.14423
653,-3.627,0.14423
654,-3.626,0.14423
655,-3.625,0.14423
656,-3.624,0.14423
657,-3.623,0.14423
658,-3.622,0.14423
659,-3.621,0.14423
660,-3.62,0.14423
661,-3.619,0.14423
662,-3.618,0.14423
663,-3.617,0.14423
664,-3.616,0.14423
665,-3.615,0.14423
666,-3.614,0.14423
667,-3.613,0.14423
668,-3.612,0.14423
669,-3.611,0.14423
670,-3.61,0.14423
671,-3.609,0.14423
672,-3.608,0.145969
673,-3.607,0.15988
674,-3.606,0.272905
675,-3.605,0.302465
676,-3.604,0.285077
677,-3.603,0.198134
678,-3.602,0.151185
679,-3.601,0.145969
680,-3.6,0.145969
681,-3.599,0.145969
682,-3.598,0.14423
683,-3.597,0.14423
684,-3.596,0.14423
685,-3.595,0.14423
686,-3.594,0.14423
687,-3.593,0.14423
688,-3.592,0.14423
689,-3.591,0.14423
690,-3.59,0.14423
691,-3.589,0.14423
692,-3.588,0.14423
693,-3.587,0.14423
694,-3.586,0.14423
695,-3.585,0.14423
696,-3.584,0.14423
697,-3.583,0.14423
698,-3.582,0.14423
699,-3.581,0.14423
700,-3.58,0.14423
701,-3.579,0.14423
702,-3.578,0.14423
703,-3.577,0.14423
704,-3.576,0.14423
705,-3.575,0.14423
706,-3.574,0.14423
707,-3.573,0.14423
708,-3.572,0.14423
709,-3.571,0.14423
710,-3.57,0.14423
711,-3.569,0.14423
712,-3.568,0.14423
713,-3.567,0.14423
714,-3.566,0.14423
715,-3.565,0.14423
716,-3.564,0.14423
717,-3.563,0.14423
718,-3.562,0.14423
719,-3.561,0.14423
720,-3.56,0.14423
721,-3.559,0.14423
722,-3.558,0.14423
723,-3.557,0.14423
724,-3.556,0.14423
725,-3.555,0.14423
726,-3.554,0.14423
727,-3.553,0.14423
728,-3.552,0.14423
729,-3.551,0.14423
730,-3.55,0.14423
731,-3.549,0.14423
732,-3.548,0.14423
733,-3.547,0.14423
734,-3.546,0.14423
735,-3.545,0.14423
736,-3.544,0.14423
737,-3.543,0.14423
738,-3.542,0.14423
739,-3.541,0.14423
740,-3.54,0.14423
741,-3.539,0.14423
742,-3.538,0.14423
743,-3.537,0.14423
744,-3.536,0.14423
745,-3.535,0.14423
746,-3.534,0.14423
747,-3.533,0.145969
748,-3.532,0.158141
749,-3.531,0.269427
750,-3.53,0.304204
751,-3.529,0.286816
752,-3.528,0.199873
753,-3.527,0.151185
754,-3.526,0.145969
755,-3.525,0.14423
756,-3.524,0.14423
757,-3.523,0.14423
758,-3.522,0.14423
759,-3.521,0.14423
760,-3.52,0.14423
761,-3.519,0.14423
762,-3.518,0.14423
763,-3.517,0.14423
764,-3.516,0.14423
765,-3.515,0.14423
766,-3.514,0.14423
767,-3.513,0.14423
768,-3.512,0.14423
769,-3.511,0.14423
770,-3.51,0.14423
771,-3.509,0.14423
772,-3.508,0.14423
773,-3.507,0.14423
774,-3.506,0.14423
775,-3.505,0.14423
776,-3.504,0.14423
777,-3.503,0.14423
778,-3.502,0.14423
779,-3.501,0.14423
780,-3.5,0.14423
781,-3.499,0.14423
782,-3.498,0.14423
783,-3.497,0.14423
784,-3.496,0.14423
785,-3.495,0.14423
786,-3.494,0.14423
787,-3.493,0.14423
788,-3.492,0.14423
789,-3.491,0.14423
790,-3.49,0.14423
791,-3.489,0.14423
792,-3.488,0.14423
793,-3.487,0.14423
794,-3.486,0.14423
795,-3.485,0.14423
796,-3.484,0.14423
797,-3.483,0.14423
798,-3.482,0.14423
799,-3.481,0.14423
800,-3.48,0.14423
801,-3.479,0.14423
802,-3.478,0.14423
803,-3.477,0.14423
804,-3.476,0.14423
805,-3.475,0.14423
806,-3.474,0.14423
807,-3.473,0.14423
808,-3.472,0.14423
809,-3.471,0.14423
810,-3.47,0.14423
811,-3.469,0.14423
812,-3.468,0.14423
813,-3.467,0.14423
814,-3.466,0.14423
815,-3.465,0.14423
816,-3.464,0.14423
817,-3.463,0.14423
818,-3.462,0.14423
819,-3.461,0.14423
820,-3.46,0.14423
821,-3.459,0.14423
822,-3.458,0.145969
823,-3.457,0.152924
824,-3.456,0.267688
825,-3.455,0.304204
826,-3.454,0.285077
827,-3.453,0.201612
828,-3.452,0.152924
829,-3.451,0.147708
830,-3.45,0.14423
831,-3.449,0.14423
832,-3.448,0.14423
833,-3.447,0.14423
834,-3.446,0.14423
835,-3.445,0.14423
836,-3.444,0.14423
837,-3.443,0.14423
838,-3.442,0.14423
839,-3.441,0.14423
840,-3.44,0.14423
841,-3.439,0.14423
842,-3.438,0.14423
843,-3.437,0.14423
844,-3.436,0.14423
845,-3.435,0.14423
846,-3.434,0.14423
847,-3.433,0.14423
848,-3.432,0.14423
849,-3.431,0.14423
850,-3.43,0.14423
851,-3.429,0.14423
852,-3.428,0.14423
853,-3.427,0.14423
854,-3.426,0.14423
855,-3.425,0.14423
856,-3.424,0.14423
857,-3.423,0.14423
858,-3.422,0.14423
859,-3.421,0.14423
860,-3.42,0.14423
861,-3.419,0.14423
862,-3.418,0.14423
863,-3.417,0.14423
864,-3.416,0.14423
865,-3.415,0.14423
866,-3.414,0.14423
867,-3.413,0.14423
868,-3.412,0.14423
869,-3.411,0.14423
870,-3.41,0.14423
871,-3.409,0.14423
872,-3.408,0.14423
873,-3.407,0.14423
874,-3.406,0.14423
875,-3.405,0.14423
876,-3.404,0.14423
877,-3.403,0.14423
878,-3.402,0.14423
879,-3.401,0.14423
880,-3.4,0.14423
881,-3.399,0.14423
882,-3.398,0.14423
883,-3.397,0.14423
884,-3.396,0.14423
885,-3.395,0.14423
886,-3.394,0.14423
887,-3.393,0.14423
888,-3.392,0.14423
889,-3.391,0.14423
890,-3.39,0.14423
891,-3.389,0.14423
892,-3.388,0.14423
893,-3.387,0.14423
894,-3.386,0.14423
895,-3.385,0.14423
896,-3.384,0.14423
897,-3.383,0.145969
898,-3.382,0.154663
899,-3.381,0.265949
900,-3.38,0.304204
901,-3.379,0.286816
902,-3.378,0.206829
903,-3.377,0.151185
904,-3.376,0.147708
905,-3.375,0.14423
906,-3.374,0.14423
907,-3.373,0.14423
908,-3.372,0.14423
909,-3.371,0.14423
910,-3.37,0.14423
911,-3.369,0.14423
912,-3.368,0.14423
913,-3.367,0.14423
914,-3.366,0.14423
915,-3.365,0.14423
916,-3.364,0.14423
917,-3.363,0.14423
918,-3.362,0.14423
919,-3.361,0.14423
920,-3.36,0.14423
921,-3.359,0.14423
922,-3.358,0.14423
923,-3.357,0.14423
924,-3.356,0.14423
925,-3.355,0.14423
926,-3.354,0.14423
927,-3.353,0.14423
928,-3.352,0.14423
929,-3.351,0.14423
930,-3.35,0.14423
931,-3.349,0.14423
932,-3.348,0.14423
933,-3.347,0.14423
934,-3.346,0.14423
935,-3.345,0.14423
936,-3.344,0.14423
937,-3.343,0.14423
938,-3.342,0.14423
939,-3.341,0.14423
940,-3.34,0.14423
941,-3.339,0.14423
942,-3.338,0.14423
943,-3.337,0.14423
944,-3.336,0.14423
945,-3.335,0.14423
946,-3.334,0.14423
947,-3.333,0.14423
948,-3.332,0.14423
949,-3.331,0.14423
950,-3.33,0.14423
951,-3.329,0.14423
952,-3.328,0.14423
953,-3.327,0.14423
954,-3.326,0.14423
955,-3.325,0.14423
956,-3.324,0.14423
957,-3.323,0.14423
958,-3.322,0.14423
959,-3.321,0.14423
960,-3.32,0.14423
961,-3.319,0.14423
962,-3.318,0.14423
963,-3.317,0.14423
964,-3.316,0.14423
965,-3.315,0.14423
966,-3.314,0.14423
967,-3.313,0.14423
968,-3.312,0.14423
969,-3.311,0.14423
970,-3.31,0.14423
971,-3.309,0.14423
972,-3.308,0.145969
973,-3.307,0.152924
974,-3.306,0.264211
975,-3.305,0.304204
976,-3.304,0.286816
977,-3.303,0.206829
978,-3.302,0.151185
979,-3.301,0.145969
980,-3.3,0.145969
981,-3.299,0.145969
982,-3.298,0.14423
983,-3.297,0.14423
984,-3.296,0.14423
985,-3.295,0.14423
986,-3.294,0.14423
987,-3.293,0.14423
988,-3.292,0.14423
989,-3.291,0.14423
990,-3.29,0.14423
991,-3.289,0.14423
992,-3.288,0.14423
993,-3.287,0.14423
994,-3.286,0.14423
995,-3.285,0.14423
996,-3.284,0.14423
997,-3.283,0.14423
998,-3.282,0.14423
999,-3.281,0.14423
1000,-3.28,0.14423
1001,-3.279,0.14423
1002,-3.278,0.14423
1003,-3.277,0.14423
1004,-3.276,0.14423
1005,-3.275,0.14423
1006,-3.274,0.14423
1007,-3.273,0.14423
1008,-3.272,0.14423
1009,-3.271,0.14423
1010,-3.27,0.14423
1011,-3.269,0.14423
1012,-3.268,0.14423
1013,-3.267,0.14423
1014,-3.266,0.14423
1015,-3.265,0.14423
1016,-3.264,0.14423
1017,-3.263,0.14423
1018,-3.262,0.14423
1019,-3.261,0.14423
1020,-3.26,0.14423
1021,-3.259,0.14423
1022,-3.258,0.14423
1023,-3.257,0.14423
1024,-3.256,0.14423
1025,-3.255,0.14423
1026,-3.254,0.14423
1027,-3.253,0.14423
1028,-3.252,0.14423
1029,-3.251,0.14423
1030,-3.25,0.14423
1031,-3.249,0.14423
1032,-3.248,0.14423
1033,-3.247,0.14423
1034,-3.246,0.14423
1035,-3.245,0.14423
1036,-3.244,0.14423
1037,-3.243,0.14423
1038,-3.242,0.14423
1039,-3.241,0.14423
1040,-3.24,0.14423
1041,-3.239,0.14423
1042,-3.238,0.14423
1043,-3.237,0.14423
1044,-3.236,0.14423
1045,-3.235,0.14423
1046,-3.234,0.14423
1047,-3.233,0.145969
1048,-3.232,0.151185
1049,-3.231,0.262472
1050,-3.23,0.304204
1051,-3.229,0.286816
1052,-3.228,0.210306
1053,-3.227,0.152924
1054,-3.226,0.147708
1055,-3.225,0.14423
1056,-3.224,0.14423
1057,-3.223,0.14423
1058,-3.222,0.14423
1059,-3.221,0.14423
1060,-3.22,0.14423
1061,-3.219,0.14423
1062,-3.218,0.14423
1063,-3.217,0.14423
1064,-3.216,0.14423
1065,-3.215,0.14423
1066,-3.214,0.14423
1067,-3.213,0.14423
1068,-3.212,0.14423
1069,-3.211,0.14423
1070,-3.21,0.14423
1071,-3.209,0.14423
1072,-3.208,0.14423
1073,-3.207,0.14423
1074,-3.206,0.14423
1075,-3.205,0.14423
1076,-3.204,0.14423
1077,-3.203,0.14423
1078,-3.202,0.14423
1079,-3.201,0.14423
1080,-3.2,0.14423
1081,-3.199,0.14423
1082,-3.198,0.14423
1083,-3.197,0.14423
1084,-3.196,0.14423
1085,-3.195,0.14423
1086,-3.194,0.14423
1087,-3.193,0.14423
1088,-3.192,0.14423
1089,-3.191,0.14423
1090,-3.19,0.14423
1091,-3.189,0.14423
1092,-3.188,0.14423
1093,-3.187,0.14423
1094,-3.186,0.14423
1095,-3.185,0.14423
1096,-3.184,0.14423
1097,-3.183,0.14423
1098,-3.182,0.14423
1099,-3.181,0.14423
1100,-3.18,0.14423
1101,-3.179,0.14423
1102,-3.178,0.14423
1103,-3.177,0.14423
1104,-3.176,0.14423
1105,-3.175,0.14423
1106,-3.174,0.14423
1107,-3.173,0.14423
1108,-3.172,0.14423
1109,-3.171,0.14423
1110,-3.17,0.14423
1111,-3.169,0.14423
1112,-3.168,0.14423
1113,-3.167,0.14423
1114,-3.166,0.14423
1115,-3.165,0.14423
1116,-3.164,0.14423
1117,-3.163,0.14423
1118,-3.162,0.14423
1119,-3.161,0.14423
1120,-3.16,0.14423
1121,-3.159,0.14423
1122,-3.158,0.145969
1123,-3.157,0.149447
1124,-3.156,0.258994
1125,-3.155,0.305943
1126,-3.154,0.286816
1127,-3.153,0.213784
1128,-3.152,0.151185
1129,-3.151,0.147708
1130,-3.15,0.14423
1131,-3.149,0.14423
1132,-3.148,0.14423
1133,-3.147,0.14423
1134,-3.146,0.14423
1135,-3.145,0.14423
1136,-3.144,0.14423
1137,-3.143,0.14423
1138,-3.142,0.14423
1139,-3.141,0.14423
1140,-3.14,0.14423
1141,-3.139,0.14423
1142,-3.138,0.14423
1143,-3.137,0.14423
1144,-3.136,0.14423
1145,-3.135,0.14423
1146,-3.134,0.14423
1147,-3.133,0.14423
1148,-3.132,0.14423
1149,-3.131,0.14423
1150,-3.13,0.14423
1151,-3.129,0.14423
1152,-3.128,0.14423
1153,-3.127,0.14423
1154,-3.126,0.14423
1155,-3.125,0.14423
1156,-3.124,0.14423
1157,-3.123,0.14423
1158,-3.122,0.14423
1159,-3.121,0.14423
1160,-3.12,0.14423
1161,-3.119,0.14423
1162,-3.118,0.14423
1163,-3.117,0.14423
1164,-3.116,0.14423
1165,-3.115,0.14423
1166,-3.114,0.14423
1167,-3.113,0.14423
1168,-3.112,0.14423
1169,-3.111,0.14423
1170,-3.11,0.14423
1171,-3.109,0.14423
1172,-3.108,0.14423
1173,-3.107,0.14423
1174,-3.106,0.14423
1175,-3.105,0.14423
1176,-3.104,0.14423
1177,-3.103,0.14423
1178,-3.102,0.14423
1179,-3.101,0.14423
1180,-3.1,0.14423
1181,-3.099,0.14423
1182,-3.098,0.14423
1183,-3.097,0.14423
1184,-3.096,0.14423
1185,-3.095,0.14423
1186,-3.094,0.14423
1187,-3.093,0.14423
1188,-3.092,0.14423
1189,-3.091,0.14423
1190,-3.09,0.14423
1191,-3.089,0.14423
1192,-3.088,0.14423
1193,-3.087,0.14423
1194,-3.086,0.14423
1195,-3.085,0.14423
1196,-3.084,0.14423
1197,-3.083,0.145969
1198,-3.082,0.147708
1199,-3.081,0.257255
1200,-3.08,0.304204
1201,-3.079,0.283338
1202,-3.078,0.267688
1203,-3.077,0.304204
1204,-3.076,0.309421
1205,-3.075,0.309421
1206,-3.074,0.309421
1207,-3.073,0.309421
1208,-3.072,0.309421
1209,-3.071,0.309421
1210,-3.07,0.309421
1211,-3.069,0.309421
1212,-3.068,0.309421
1213,-3.067,0.309421
1214,-3.066,0.309421
1215,-3.065,0.309421
1216,-3.064,0.307682
1217,-3.063,0.312898
1218,-3.062,0.307682
1219,-3.061,0.309421
1220,-3.06,0.309421
1221,-3.059,0.309421
1222,-3.058,0.31116
1223,-3.057,0.307682
1224,-3.056,0.307682
1225,-3.055,0.31116
1226,-3.054,0.309421
1227,-3.053,0.309421
1228,-3.052,0.309421
1229,-3.051,0.309421
1230,-3.05,0.309421
1231,-3.049,0.309421
1232,-3.048,0.309421
1233,-3.047,0.309421
1234,-3.046,0.309421
1235,-3.045,0.307682
1236,-3.044,0.312898
1237,-3.043,0.307682
1238,-3.042,0.309421
1239,-3.041,0.309421
1240,-3.04,0.309421
1241,-3.039,0.309421
1242,-3.038,0.309421
1243,-3.037,0.309421
1244,-3.036,0.31116
1245,-3.035,0.309421
1246,-3.034,0.309421
1247,-3.033,0.309421
1248,-3.032,0.309421
1249,-3.031,0.307682
1250,-3.03,0.312898
1251,-3.029,0.307682
1252,-3.028,0.309421
1253,-3.027,0.309421
1254,-3.026,0.307682
1255,-3.025,0.31116
1256,-3.024,0.31116
1257,-3.023,0.29551
1258,-3.022,0.257255
1259,-3.021,0.260733
1260,-3.02,0.264211
1261,-3.019,0.262472
1262,-3.018,0.262472
1263,-3.017,0.264211
1264,-3.016,0.260733
1265,-3.015,0.264211
1266,-3.014,0.264211
1267,-3.013,0.260733
1268,-3.012,0.264211
1269,-3.011,0.262472
1270,-3.01,0.262472
1271,-3.009,0.264211
1272,-3.008,0.260733
1273,-3.007,0.264211
1274,-3.006,0.264211
1275,-3.005,0.260733
1276,-3.004,0.264211
1277,-3.003,0.262472
1278,-3.002,0.262472
1279,-3.001,0.264211
1280,-3,0.260733
1281,-2.999,0.264211
1282,-2.998,0.264211
1283,-2.997,0.260733
1284,-2.996,0.264211
1285,-2.995,0.262472
1286,-2.994,0.262472
1287,-2.993,0.264211
1288,-2.992,0.260733
1289,-2.991,0.264211
1290,-2.99,0.262472
1291,-2.989,0.260733
1292,-2.988,0.264211
1293,-2.987,0.260733
1294,-2.986,0.264211
1295,-2.985,0.264211
1296,-2.984,0.260733
1297,-2.983,0.264211
1298,-2.982,0.264211
1299,-2.981,0.260733
1300,-2.98,0.264211
1301,-2.979,0.260733
1302,-2.978,0.264211
1303,-2.977,0.264211
1304,-2.976,0.260733
1305,-2.975,0.264211
1306,-2.974,0.264211
1307,-2.973,0.260733
1308,-2.972,0.264211
1309,-2.971,0.262472
1310,-2.97,0.262472
1311,-2.969,0.264211
1312,-2.968,0.260733
1313,-2.967,0.264211
1314,-2.966,0.264211
1315,-2.965,0.260733
1316,-2.964,0.264211
1317,-2.963,0.260733
1318,-2.962,0.264211
1319,-2.961,0.264211
1320,-2.96,0.260733
1321,-2.959,0.264211
1322,-2.958,0.262472
1323,-2.957,0.262472
1324,-2.956,0.262472
1325,-2.955,0.260733
1326,-2.954,0.264211
1327,-2.953,0.264211
1328,-2.952,0.260733
1329,-2.951,0.262472
1330,-2.95,0.264211
1331,-2.949,0.260733
1332,-2.948,0.264211
1333,-2.947,0.260733
1334,-2.946,0.264211
1335,-2.945,0.264211
1336,-2.944,0.260733
1337,-2.943,0.264211
1338,-2.942,0.262472
1339,-2.941,0.260733
1340,-2.94,0.264211
1341,-2.939,0.260733
1342,-2.938,0.264211
1343,-2.937,0.264211
1344,-2.936,0.260733
1345,-2.935,0.264211
1346,-2.934,0.262472
1347,-2.933,0.260733
1348,-2.932,0.264211
1349,-2.931,0.260733
1350,-2.93,0.264211
1351,-2.929,0.264211
1352,-2.928,0.260733
1353,-2.927,0.264211
1354,-2.926,0.264211
1355,-2.925,0.260733
1356,-2.924,0.264211
1357,-2.923,0.260733
1358,-2.922,0.264211
1359,-2.921,0.264211
1360,-2.92,0.260733
1361,-2.919,0.264211
1362,-2.918,0.262472
1363,-2.917,0.262472
1364,-2.916,0.264211
1365,-2.915,0.260733
1366,-2.914,0.264211
1367,-2.913,0.264211
1368,-2.912,0.260733
1369,-2.911,0.264211
1370,-2.91,0.262472
1371,-2.909,0.262472
1372,-2.908,0.262472
1373,-2.907,0.260733
1374,-2.906,0.264211
1375,-2.905,0.264211
1376,-2.904,0.260733
1377,-2.903,0.264211
1378,-2.902,0.262472
1379,-2.901,0.262472
1380,-2.9,0.264211
1381,-2.899,0.262472
1382,-2.898,0.262472
1383,-2.897,0.264211
1384,-2.896,0.260733
1385,-2.895,0.264211
1386,-2.894,0.262472
1387,-2.893,0.262472
1388,-2.892,0.262472
1389,-2.891,0.260733
1390,-2.89,0.264211
1391,-2.889,0.264211
1392,-2.888,0.260733
1393,-2.887,0.264211
1394,-2.886,0.267688
1395,-2.885,0.305943
1396,-2.884,0.260733
1397,-2.883,0.154663
1398,-2.882,0.145969
1399,-2.881,0.142491
1400,-2.88,0.142491
1401,-2.879,0.142491
1402,-2.878,0.142491
1403,-2.877,0.142491
1404,-2.876,0.142491
1405,-2.875,0.142491
1406,-2.874,0.142491
1407,-2.873,0.142491
1408,-2.872,0.142491
1409,-2.871,0.142491
1410,-2.87,0.142491
1411,-2.869,0.14423
1412,-2.868,0.166835
1413,-2.867,0.264211
1414,-2.866,0.152924
1415,-2.865,0.145969
1416,-2.864,0.142491
1417,-2.863,0.142491
1418,-2.862,0.142491
1419,-2.861,0.142491
1420,-2.86,0.142491
1421,-2.859,0.142491
1422,-2.858,0.142491
1423,-2.857,0.142491
1424,-2.856,0.142491
1425,-2.855,0.142491
1426,-2.854,0.14423
1427,-2.853,0.137275
1428,-2.852,0.267688
1429,-2.851,0.175529
1430,-2.85,0.145969
1431,-2.849,0.142491
1432,-2.848,0.142491
1433,-2.847,0.142491
1434,-2.846,0.142491
1435,-2.845,0.142491
1436,-2.844,0.142491
1437,-2.843,0.142491
1438,-2.842,0.142491
1439,-2.841,0.142491
1440,-2.84,0.142491
1441,-2.839,0.14423
1442,-2.838,0.140752
1443,-2.837,0.213784
1444,-2.836,0.224217
1445,-2.835,0.149447
1446,-2.834,0.14423
1447,-2.833,0.14423
1448,-2.832,0.142491
1449,-2.831,0.142491
1450,-2.83,0.142491
1451,-2.829,0.142491
1452,-2.828,0.142491
1453,-2.827,0.142491
1454,-2.826,0.142491
1455,-2.825,0.142491
1456,-2.824,0.142491
1457,-2.823,0.14423
1458,-2.822,0.154663
1459,-2.821,0.269427
1460,-2.82,0.158141
1461,-2.819,0.145969
1462,-2.818,0.142491
1463,-2.817,0.142491
1464,-2.816,0.142491
1465,-2.815,0.142491
1466,-2.814,0.142491
1467,-2.813,0.142491
1468,-2.812,0.142491
1469,-2.811,0.142491
1470,-2.81,0.142491
1471,-2.809,0.142491
1472,-2.808,0.14423
1473,-2.807,0.135536
1474,-2.806,0.258994
1475,-2.805,0.187701
1476,-2.804,0.147708
1477,-2.803,0.142491
1478,-2.802,0.142491
1479,-2.801,0.142491
1480,-2.8,0.142491
1481,-2.799,0.142491
1482,-2.798,0.142491
1483,-2.797,0.142491
1484,-2.796,0.142491
1485,-2.795,0.142491
1486,-2.794,0.142491
1487,-2.793,0.14423
1488,-2.792,0.140752
1489,-2.791,0.198134
1490,-2.79,0.239867
1491,-2.789,0.151185
1492,-2.788,0.14423
1493,-2.787,0.14423
1494,-2.786,0.142491
1495,-2.785,0.142491
1496,-2.784,0.142491
1497,-2.783,0.142491
1498,-2.782,0.142491
1499,-2.781,0.142491
1500,-2.78,0.142491
1501,-2.779,0.142491
1502,-2.778,0.142491
1503,-2.777,0.14423
1504,-2.776,0.147708
1505,-2.775,0.272905
1506,-2.774,0.161618
1507,-2.773,0.145969
1508,-2.772,0.142491
1509,-2.771,0.142491
1510,-2.77,0.142491
1511,-2.769,0.142491
1512,-2.768,0.142491
1513,-2.767,0.142491
1514,-2.766,0.142491
1515,-2.765,0.142491
1516,-2.764,0.142491
1517,-2.763,0.142491
1518,-2.762,0.14423
1519,-2.761,0.139013
1520,-2.76,0.18944
1521,-2.759,0.145969
1522,-2.758,0.14423
1523,-2.757,0.14423
1524,-2.756,0.152924
1525,-2.755,0.142491
1526,-2.754,0.14423
1527,-2.753,0.142491
1528,-2.752,0.14423
1529,-2.751,0.151185
1530,-2.75,0.258994
1531,-2.749,0.267688
1532,-2.748,0.269427
1533,-2.747,0.269427
1534,-2.746,0.269427
1535,-2.745,0.269427
1536,-2.744,0.269427
1537,-2.743,0.269427
1538,-2.742,0.269427
1539,-2.741,0.269427
1540,-2.74,0.269427
1541,-2.739,0.269427
1542,-2.738,0.269427
1543,-2.737,0.269427
1544,-2.736,0.269427
1545,-2.735,0.269427
1546,-2.734,0.269427
1547,-2.733,0.269427
1548,-2.732,0.269427
1549,-2.731,0.267688
1550,-2.73,0.272905
1551,-2.729,0.20509
1552,-2.728,0.151185
1553,-2.727,0.147708
1554,-2.726,0.14423
1555,-2.725,0.14423
1556,-2.724,0.14423
1557,-2.723,0.14423
1558,-2.722,0.14423
1559,-2.721,0.14423
1560,-2.72,0.14423
1561,-2.719,0.14423
1562,-2.718,0.14423
1563,-2.717,0.14423
1564,-2.716,0.14423
1565,-2.715,0.14423
1566,-2.714,0.14423
1567,-2.713,0.14423
1568,-2.712,0.14423
1569,-2.711,0.14423
1570,-2.71,0.14423
1571,-2.709,0.14423
1572,-2.708,0.14423
1573,-2.707,0.14423
1574,-2.706,0.14423
1575,-2.705,0.14423
1576,-2.704,0.14423
1577,-2.703,0.14423
1578,-2.702,0.14423
1579,-2.701,0.14423
1580,-2.7,0.14423
1581,-2.699,0.14423
1582,-2.698,0.14423
1583,-2.697,0.14423
1584,-2.696,0.14423
1585,-2.695,0.14423
1586,-2.694,0.14423
1587,-2.693,0.14423
1588,-2.692,0.14423
1589,-2.691,0.14423
1590,-2.69,0.14423
1591,-2.689,0.14423
1592,-2.688,0.14423
1593,-2.687,0.14423
1594,-2.686,0.14423
1595,-2.685,0.14423
1596,-2.684,0.14423
1597,-2.683,0.14423
1598,-2.682,0.14423
1599,-2.681,0.14423
1600,-2.68,0.14423
1601,-2.679,0.14423
1602,-2.678,0.14423
1603,-2.677,0.14423
1604,-2.676,0.14423
1605,-2.675,0.14423
1606,-2.674,0.14423
1607,-2.673,0.14423
1608,-2.672,0.14423
1609,-2.671,0.14423
1610,-2.67,0.14423
1611,-2.669,0.14423
1612,-2.668,0.14423
1613,-2.667,0.14423
1614,-2.666,0.14423
1615,-2.665,0.14423
1616,-2.664,0.14423
1617,-2.663,0.14423
1618,-2.662,0.14423
1619,-2.661,0.14423
1620,-2.66,0.14423
1621,-2.659,0.14423
1622,-2.658,0.14423
1623,-2.657,0.14423
1624,-2.656,0.145969
1625,-2.655,0.140752
1626,-2.654,0.224217
1627,-2.653,0.300727
1628,-2.652,0.288555
1629,-2.651,0.253778
1630,-2.65,0.158141
1631,-2.649,0.145969
1632,-2.648,0.145969
1633,-2.647,0.145969
1634,-2.646,0.14423
1635,-2.645,0.14423
1636,-2.644,0.14423
1637,-2.643,0.14423
1638,-2.642,0.14423
1639,-2.641,0.14423
1640,-2.64,0.14423
1641,-2.639,0.14423
1642,-2.638,0.14423
1643,-2.637,0.14423
1644,-2.636,0.14423
1645,-2.635,0.14423
1646,-2.634,0.14423
1647,-2.633,0.14423
1648,-2.632,0.14423
1649,-2.631,0.14423
1650,-2.63,0.14423
1651,-2.629,0.14423
1652,-2.628,0.14423
1653,-2.627,0.14423
1654,-2.626,0.14423
1655,-2.625,0.14423
1656,-2.624,0.14423
1657,-2.623,0.14423
1658,-2.622,0.14423
1659,-2.621,0.14423
1660,-2.62,0.14423
1661,-2.619,0.14423
1662,-2.618,0.14423
1663,-2.617,0.14423
1664,-2.616,0.14423
1665,-2.615,0.14423
1666,-2.614,0.14423
1667,-2.613,0.14423
1668,-2.612,0.14423
1669,-2.611,0.14423
1670,-2.61,0.14423
1671,-2.609,0.14423
1672,-2.608,0.14423
1673,-2.607,0.14423
1674,-2.606,0.14423
1675,-2.605,0.14423
1676,-2.604,0.14423
1677,-2.603,0.14423
1678,-2.602,0.14423
1679,-2.601,0.14423
1680,-2.6,0.14423
1681,-2.599,0.14423
1682,-2.598,0.14423
1683,-2.597,0.14423
1684,-2.596,0.14423
1685,-2.595,0.14423
1686,-2.594,0.14423
1687,-2.593,0.14423
1688,-2.592,0.14423
1689,-2.591,0.14423
1690,-2.59,0.14423
1691,-2.589,0.14423
1692,-2.588,0.14423
1693,-2.587,0.14423
1694,-2.586,0.14423
1695,-2.585,0.14423
1696,-2.584,0.14423
1697,-2.583,0.14423
1698,-2.582,0.14423
1699,-2.581,0.145969
1700,-2.58,0.140752
1701,-2.579,0.219001
1702,-2.578,0.300727
1703,-2.577,0.290293
1704,-2.576,0.257255
1705,-2.575,0.15988
1706,-2.574,0.147708
1707,-2.573,0.145969
1708,-2.572,0.145969
1709,-2.571,0.14423
1710,-2.57,0.14423
1711,-2.569,0.14423
1712,-2.568,0.14423
1713,-2.567,0.14423
1714,-2.566,0.14423
1715,-2.565,0.14423
1716,-2.564,0.14423
1717,-2.563,0.14423
1718,-2.562,0.14423
1719,-2.561,0.14423
1720,-2.56,0.14423
1721,-2.559,0.14423
1722,-2.558,0.14423
1723,-2.557,0.14423
1724,-2.556,0.14423
1725,-2.555,0.14423
1726,-2.554,0.14423
1727,-2.553,0.14423
1728,-2.552,0.14423
1729,-2.551,0.14423
1730,-2.55,0.14423
1731,-2.549,0.14423
1732,-2.548,0.14423
1733,-2.547,0.14423
1734,-2.546,0.14423
1735,-2.545,0.14423
1736,-2.544,0.14423
1737,-2.543,0.14423
1738,-2.542,0.14423
1739,-2.541,0.14423
1740,-2.54,0.14423
1741,-2.539,0.14423
1742,-2.538,0.14423
1743,-2.537,0.14423
1744,-2.536,0.14423
1745,-2.535,0.14423
1746,-2.534,0.14423
1747,-2.533,0.14423
1748,-2.532,0.14423
1749,-2.531,0.14423
1750,-2.53,0.14423
1751,-2.529,0.14423
1752,-2.528,0.14423
1753,-2.527,0.14423
1754,-2.526,0.14423
1755,-2.525,0.14423
1756,-2.524,0.14423
1757,-2.523,0.14423
1758,-2.522,0.14423
1759,-2.521,0.14423
1760,-2.52,0.14423
1761,-2.519,0.14423
1762,-2.518,0.14423
1763,-2.517,0.14423
1764,-2.516,0.14423
1765,-2.515,0.14423
1766,-2.514,0.14423
1767,-2.513,0.14423
1768,-2.512,0.14423
1769,-2.511,0.14423
1770,-2.51,0.14423
1771,-2.509,0.14423
1772,-2.508,0.14423
1773,-2.507,0.14423
1774,-2.506,0.145969
1775,-2.505,0.142491
1776,-2.504,0.213784
1777,-2.503,0.298988
1778,-2.502,0.290293
1779,-2.501,0.260733
1780,-2.5,0.15988
1781,-2.499,0.147708
1782,-2.498,0.145969
1783,-2.497,0.145969
1784,-2.496,0.14423
1785,-2.495,0.14423
1786,-2.494,0.14423
1787,-2.493,0.14423
1788,-2.492,0.14423
1789,-2.491,0.14423
1790,-2.49,0.14423
1791,-2.489,0.14423
1792,-2.488,0.14423
1793,-2.487,0.14423
1794,-2.486,0.14423
1795,-2.485,0.14423
1796,-2.484,0.14423
1797,-2.483,0.14423
1798,-2.482,0.14423
1799,-2.481,0.14423
1800,-2.48,0.14423
1801,-2.479,0.14423
1802,-2.478,0.14423
1803,-2.477,0.14423
1804,-2.476,0.14423
1805,-2.475,0.14423
1806,-2.474,0.14423
1807,-2.473,0.14423
1808,-2.472,0.14423
1809,-2.471,0.14423
1810,-2.47,0.14423
1811,-2.469,0.14423
1812,-2.468,0.14423
1813,-2.467,0.14423
1814,-2.466,0.14423
1815,-2.465,0.14423
1816,-2.464,0.14423
1817,-2.463,0.14423
1818,-2.462,0.14423
1819,-2.461,0.14423
1820,-2.46,0.14423
1821,-2.459,0.14423
1822,-2.458,0.14423
1823,-2.457,0.14423
1824,-2.456,0.14423
1825,-2.455,0.14423
1826,-2.454,0.14423
1827,-2.453,0.14423
1828,-2.452,0.14423
1829,-2.451,0.14423
1830,-2.45,0.14423
1831,-2.449,0.14423
1832,-2.448,0.14423
1833,-2.447,0.14423
1834,-2.446,0.14423
1835,-2.445,0.14423
1836,-2.444,0.14423
1837,-2.443,0.14423
1838,-2.442,0.14423
1839,-2.441,0.14423
1840,-2.44,0.14423
1841,-2.439,0.14423
1842,-2.438,0.14423
1843,-2.437,0.14423
1844,-2.436,0.14423
1845,-2.435,0.14423
1846,-2.434,0.14423
1847,-2.433,0.14423
1848,-2.432,0.14423
1849,-2.431,0.145969
1850,-2.43,0.140752
1851,-2.429,0.210306
1852,-2.428,0.298988
1853,-2.427,0.292032
1854,-2.426,0.264211
1855,-2.425,0.161618
1856,-2.424,0.147708
1857,-2.423,0.145969
1858,-2.422,0.145969
1859,-2.421,0.14423
1860,-2.42,0.14423
1861,-2.419,0.14423
1862,-2.418,0.14423
1863,-2.417,0.14423
1864,-2.416,0.14423
1865,-2.415,0.14423
1866,-2.414,0.14423
1867,-2.413,0.14423
1868,-2.412,0.14423
1869,-2.411,0.14423
1870,-2.41,0.14423
1871,-2.409,0.14423
1872,-2.408,0.14423
1873,-2.407,0.14423
1874,-2.406,0.14423
1875,-2.405,0.14423
1876,-2.404,0.14423
1877,-2.403,0.14423
1878,-2.402,0.14423
1879,-2.401,0.14423
1880,-2.4,0.14423
1881,-2.399,0.14423
1882,-2.398,0.14423
1883,-2.397,0.14423
1884,-2.396,0.14423
1885,-2.395,0.14423
1886,-2.394,0.14423
1887,-2.393,0.14423
1888,-2.392,0.14423
1889,-2.391,0.14423
1890,-2.39,0.14423
1891,-2.389,0.14423
1892,-2.388,0.14423
1893,-2.387,0.14423
1894,-2.386,0.14423
1895,-2.385,0.14423
1896,-2.384,0.14423
1897,-2.383,0.14423
1898,-2.382,0.14423
1899,-2.381,0.14423
1900,-2.38,0.14423
1901,-2.379,0.14423
1902,-2.378,0.14423
1903,-2.377,0.14423
1904,-2.376,0.14423
1905,-2.375,0.14423
1906,-2.374,0.14423
1907,-2.373,0.14423
1908,-2.372,0.14423
1909,-2.371,0.14423
1910,-2.37,0.14423
1911,-2.369,0.14423
1912,-2.368,0.14423
1913,-2.367,0.14423
1914,-2.366,0.14423
1915,-2.365,0.14423
1916,-2.364,0.14423
1917,-2.363,0.14423
1918,-2.362,0.14423
1919,-2.361,0.14423
1920,-2.36,0.14423
1921,-2.359,0.14423
1922,-2.358,0.14423
1923,-2.357,0.14423
1924,-2.356,0.145969
1925,-2.355,0.142491
1926,-2.354,0.20509
1927,-2.353,0.298988
1928,-2.352,0.292032
1929,-2.351,0.267688
1930,-2.35,0.163357
1931,-2.349,0.147708
1932,-2.348,0.145969
1933,-2.347,0.145969
1934,-2.346,0.14423
1935,-2.345,0.14423
1936,-2.344,0.14423
1937,-2.343,0.14423
1938,-2.342,0.14423
1939,-2.341,0.14423
1940,-2.34,0.14423
1941,-2.339,0.14423
1942,-2.338,0.14423
1943,-2.337,0.14423
1944,-2.336,0.14423
1945,-2.335,0.14423
1946,-2.334,0.14423
1947,-2.333,0.14423
1948,-2.332,0.14423
1949,-2.331,0.14423
1950,-2.33,0.14423
1951,-2.329,0.14423
1952,-2.328,0.14423
1953,-2.327,0.14423
1954,-2.326,0.14423
1955,-2.325,0.14423
1956,-2.324,0.14423
1957,-2.323,0.14423
1958,-2.322,0.14423
1959,-2.321,0.14423
1960,-2.32,0.14423
1961,-2.319,0.14423
1962,-2.318,0.14423
1963,-2.317,0.14423
1964,-2.316,0.14423
1965,-2.315,0.14423
1966,-2.314,0.14423
1967,-2.313,0.14423
1968,-2.312,0.14423
1969,-2.311,0.14423
1970,-2.31,0.14423
1971,-2.309,0.14423
1972,-2.308,0.14423
1973,-2.307,0.14423
1974,-2.306,0.14423
1975,-2.305,0.14423
1976,-2.304,0.14423
1977,-2.303,0.14423
1978,-2.302,0.14423
1979,-2.301,0.14423
1980,-2.3,0.14423
1981,-2.299,0.14423
1982,-2.298,0.14423
1983,-2.297,0.14423
1984,-2.296,0.14423
1985,-2.295,0.14423
1986,-2.294,0.14423
1987,-2.293,0.14423
1988,-2.292,0.14423
1989,-2.291,0.14423
1990,-2.29,0.14423
1991,-2.289,0.14423
1992,-2.288,0.14423
1993,-2.287,0.14423
1994,-2.286,0.14423
1995,-2.285,0.14423
1996,-2.284,0.14423
1997,-2.283,0.14423
1998,-2.282,0.14423
1999,-2.281,0.145969
2000,-2.28,0.140752
2001,-2.279,0.201612
2002,-2.278,0.29551
2003,-2.277,0.29551
2004,-2.276,0.267688
2005,-2.275,0.165096
2006,-2.274,0.147708
2007,-2.273,0.145969
2008,-2.272,0.145969
2009,-2.271,0.14423
2010,-2.27,0.14423
2011,-2.269,0.14423
2012,-2.268,0.14423
2013,-2.267,0.14423
2014,-2.266,0.14423
2015,-2.265,0.14423
2016,-2.264,0.14423
2017,-2.263,0.14423
2018,-2.262,0.14423
2019,-2.261,0.14423
2020,-2.26,0.14423
2021,-2.259,0.14423
2022,-2.258,0.14423
2023,-2.257,0.14423
2024,-2.256,0.14423
2025,-2.255,0.14423
2026,-2.254,0.14423
2027,-2.253,0.14423
2028,-2.252,0.14423
2029,-2.251,0.14423
2030,-2.25,0.14423
2031,-2.249,0.14423
2032,-2.248,0.14423
2033,-2.247,0.14423
2034,-2.246,0.14423
2035,-2.245,0.14423
2036,-2.244,0.14423
2037,-2.243,0.14423
2038,-2.242,0.14423
2039,-2.241,0.14423
2040,-2.24,0.14423
2041,-2.239,0.14423
2042,-2.238,0.14423
2043,-2.237,0.14423
2044,-2.236,0.14423
2045,-2.235,0.14423
2046,-2.234,0.14423
2047,-2.233,0.14423
2048,-2.232,0.14423
2049,-2.231,0.14423
2050,-2.23,0.14423
2051,-2.229,0.14423
2052,-2.228,0.14423
2053,-2.227,0.14423
2054,-2.226,0.14423
2055,-2.225,0.14423
2056,-2.224,0.14423
2057,-2.223,0.14423
2058,-2.222,0.14423
2059,-2.221,0.14423
2060,-2.22,0.14423
2061,-2.219,0.14423
2062,-2.218,0.14423
2063,-2.217,0.14423
2064,-2.216,0.14423
2065,-2.215,0.14423
2066,-2.214,0.14423
2067,-2.213,0.14423
2068,-2.212,0.14423
2069,-2.211,0.14423
2070,-2.21,0.14423
2071,-2.209,0.14423
2072,-2.208,0.14423
2073,-2.207,0.14423
2074,-2.206,0.145969
2075,-2.205,0.142491
2076,-2.204,0.199873
2077,-2.203,0.29551
2078,-2.202,0.29551
2079,-2.201,0.269427
2080,-2.2,0.165096
2081,-2.199,0.147708
2082,-2.198,0.147708
2083,-2.197,0.14423
2084,-2.196,0.14423
2085,-2.195,0.14423
2086,-2.194,0.14423
2087,-2.193,0.14423
2088,-2.192,0.14423
2089,-2.191,0.14423
2090,-2.19,0.14423
2091,-2.189,0.14423
2092,-2.188,0.14423
2093,-2.187,0.14423
2094,-2.186,0.14423
2095,-2.185,0.14423
2096,-2.184,0.14423
2097,-2.183,0.14423
2098,-2.182,0.14423
2099,-2.181,0.14423
2100,-2.18,0.14423
2101,-2.179,0.14423
2102,-2.178,0.14423
2103,-2.177,0.14423
2104,-2.176,0.14423
2105,-2.175,0.14423
2106,-2.174,0.14423
2107,-2.173,0.14423
2108,-2.172,0.14423
2109,-2.171,0.14423
2110,-2.17,0.14423
2111,-2.169,0.14423
2112,-2.168,0.14423
2113,-2.167,0.14423
2114,-2.166,0.14423
2115,-2.165,0.14423
2116,-2.164,0.14423
2117,-2.163,0.14423
2118,-2.162,0.14423
2119,-2.161,0.14423
2120,-2.16,0.14423
2121,-2.159,0.14423
2122,-2.158,0.14423
2123,-2.157,0.14423
2124,-2.156,0.14423
2125,-2.155,0.14423
2126,-2.154,0.14423
2127,-2.153,0.14423
2128,-2.152,0.14423
2129,-2.151,0.14423
2130,-2.15,0.14423
2131,-2.149,0.14423
2132,-2.148,0.14423
2133,-2.147,0.14423
2134,-2.146,0.14423
2135,-2.145,0.14423
2136,-2.144,0.14423
2137,-2.143,0.14423
2138,-2.142,0.14423
2139,-2.141,0.14423
2140,-2.14,0.14423
2141,-2.139,0.14423
2142,-2.138,0.14423
2143,-2.137,0.14423
2144,-2.136,0.14423
2145,-2.135,0.14423
2146,-2.134,0.14423
2147,-2.133,0.14423
2148,-2.132,0.14423
2149,-2.131,0.145969
2150,-2.13,0.142491
2151,-2.129,0.196395
2152,-2.128,0.29551
2153,-2.127,0.29551
2154,-2.126,0.269427
2155,-2.125,0.166835
2156,-2.124,0.151185
2157,-2.123,0.147708
2158,-2.122,0.14423
2159,-2.121,0.14423
2160,-2.12,0.14423
2161,-2.119,0.14423
2162,-2.118,0.14423
2163,-2.117,0.14423
2164,-2.116,0.14423
2165,-2.115,0.14423
2166,-2.114,0.14423
2167,-2.113,0.14423
2168,-2.112,0.14423
2169,-2.111,0.14423
2170,-2.11,0.14423
2171,-2.109,0.14423
2172,-2.108,0.14423
2173,-2.107,0.14423
2174,-2.106,0.14423
2175,-2.105,0.14423
2176,-2.104,0.14423
2177,-2.103,0.14423
2178,-2.102,0.14423
2179,-2.101,0.14423
2180,-2.1,0.14423
2181,-2.099,0.14423
2182,-2.098,0.14423
2183,-2.097,0.14423
2184,-2.096,0.14423
2185,-2.095,0.14423
2186,-2.094,0.14423
2187,-2.093,0.14423
2188,-2.092,0.14423
2189,-2.091,0.14423
2190,-2.09,0.14423
2191,-2.089,0.14423
2192,-2.088,0.14423
2193,-2.087,0.14423
2194,-2.086,0.14423
2195,-2.085,0.14423
2196,-2.084,0.14423
2197,-2.083,0.14423
2198,-2.082,0.14423
2199,-2.081,0.14423
2200,-2.08,0.14423
2201,-2.079,0.14423
2202,-2.078,0.14423
2203,-2.077,0.14423
2204,-2.076,0.14423
2205,-2.075,0.14423
2206,-2.074,0.14423
2207,-2.073,0.14423
2208,-2.072,0.14423
2209,-2.071,0.14423
2210,-2.07,0.14423
2211,-2.069,0.14423
2212,-2.068,0.14423
2213,-2.067,0.14423
2214,-2.066,0.14423
2215,-2.065,0.14423
2216,-2.064,0.14423
2217,-2.063,0.14423
2218,-2.062,0.14423
2219,-2.061,0.14423
2220,-2.06,0.14423
2221,-2.059,0.14423
2222,-2.058,0.14423
2223,-2.057,0.14423
2224,-2.056,0.145969
2225,-2.055,0.142491
2226,-2.054,0.192918
2227,-2.053,0.29551
2228,-2.052,0.29551
2229,-2.051,0.272905
2230,-2.05,0.168574
2231,-2.049,0.147708
2232,-2.048,0.147708
2233,-2.047,0.14423
2234,-2.046,0.14423
2235,-2.045,0.14423
2236,-2.044,0.14423
2237,-2.043,0.14423
2238,-2.042,0.14423
2239,-2.041,0.14423
2240,-2.04,0.14423
2241,-2.039,0.14423
2242,-2.038,0.14423
2243,-2.037,0.14423
2244,-2.036,0.14423
2245,-2.035,0.14423
2246,-2.034,0.14423
2247,-2.033,0.14423
2248,-2.032,0.14423
2249,-2.031,0.14423
2250,-2.03,0.14423
2251,-2.029,0.14423
2252,-2.028,0.14423
2253,-2.027,0.14423
2254,-2.026,0.14423
2255,-2.025,0.14423
2256,-2.024,0.14423
2257,-2.023,0.14423
2258,-2.022,0.14423
2259,-2.021,0.14423
2260,-2.02,0.14423
2261,-2.019,0.14423
2262,-2.018,0.14423
2263,-2.017,0.14423
2264,-2.016,0.14423
2265,-2.015,0.14423
2266,-2.014,0.14423
2267,-2.013,0.14423
2268,-2.012,0.14423
2269,-2.011,0.14423
2270,-2.01,0.14423
2271,-2.009,0.14423
2272,-2.008,0.14423
2273,-2.007,0.14423
2274,-2.006,0.14423
2275,-2.005,0.14423
2276,-2.004,0.14423
2277,-2.003,0.14423
2278,-2.002,0.14423
2279,-2.001,0.14423
2280,-2,0.14423
2281,-1.999,0.14423
2282,-1.998,0.14423
2283,-1.997,0.14423
2284,-1.996,0.14423
2285,-1.995,0.14423
2286,-1.994,0.14423
2287,-1.993,0.14423
2288,-1.992,0.14423
2289,-1.991,0.14423
2290,-1.99,0.14423
2291,-1.989,0.14423
2292,-1.988,0.14423
2293,-1.987,0.14423
2294,-1.986,0.14423
2295,-1.985,0.14423
2296,-1.984,0.14423
2297,-1.983,0.14423
2298,-1.982,0.14423
2299,-1.981,0.145969
2300,-1.98,0.14423
2301,-1.979,0.191179
2302,-1.978,0.290293
2303,-1.977,0.298988
2304,-1.976,0.276383
2305,-1.975,0.170313
2306,-1.974,0.149447
2307,-1.973,0.145969
2308,-1.972,0.145969
2309,-1.971,0.14423
2310,-1.97,0.14423
2311,-1.969,0.14423
2312,-1.968,0.14423
2313,-1.967,0.14423
2314,-1.966,0.14423
2315,-1.965,0.14423
2316,-1.964,0.14423
2317,-1.963,0.14423
2318,-1.962,0.14423
2319,-1.961,0.14423
2320,-1.96,0.14423
2321,-1.959,0.14423
2322,-1.958,0.14423
2323,-1.957,0.14423
2324,-1.956,0.14423
2325,-1.955,0.14423
2326,-1.954,0.14423
2327,-1.953,0.14423
2328,-1.952,0.14423
2329,-1.951,0.14423
2330,-1.95,0.14423
2331,-1.949,0.14423
2332,-1.948,0.14423
2333,-1.947,0.14423
2334,-1.946,0.14423
2335,-1.945,0.14423
2336,-1.944,0.14423
2337,-1.943,0.14423
2338,-1.942,0.14423
2339,-1.941,0.14423
2340,-1.94,0.14423
2341,-1.939,0.14423
2342,-1.938,0.14423
2343,-1.937,0.14423
2344,-1.936,0.14423
2345,-1.935,0.14423
2346,-1.934,0.14423
2347,-1.933,0.14423
2348,-1.932,0.14423
2349,-1.931,0.14423
2350,-1.93,0.14423
2351,-1.929,0.14423
2352,-1.928,0.14423
2353,-1.927,0.14423
2354,-1.926,0.14423
2355,-1.925,0.14423
2356,-1.924,0.14423
2357,-1.923,0.14423
2358,-1.922,0.14423
2359,-1.921,0.14423
2360,-1.92,0.14423
2361,-1.919,0.14423
2362,-1.918,0.14423
2363,-1.917,0.14423
2364,-1.916,0.14423
2365,-1.915,0.14423
2366,-1.914,0.14423
2367,-1.913,0.14423
2368,-1.912,0.14423
2369,-1.911,0.14423
2370,-1.91,0.14423
2371,-1.909,0.14423
2372,-1.908,0.14423
2373,-1.907,0.14423
2374,-1.906,0.145969
2375,-1.905,0.14423
2376,-1.904,0.185962
2377,-1.903,0.288555
2378,-1.902,0.298988
2379,-1.901,0.278121
2380,-1.9,0.17379
2381,-1.899,0.149447
2382,-1.898,0.147708
2383,-1.897,0.14423
2384,-1.896,0.14423
2385,-1.895,0.14423
2386,-1.894,0.14423
2387,-1.893,0.14423
2388,-1.892,0.14423
2389,-1.891,0.14423
2390,-1.89,0.14423
2391,-1.889,0.14423
2392,-1.888,0.14423
2393,-1.887,0.14423
2394,-1.886,0.14423
2395,-1.885,0.14423
2396,-1.884,0.14423
2397,-1.883,0.14423
2398,-1.882,0.14423
2399,-1.881,0.14423
2400,-1.88,0.14423
2401,-1.879,0.14423
2402,-1.878,0.14423
2403,-1.877,0.14423
2404,-1.876,0.14423
2405,-1.875,0.14423
2406,-1.874,0.14423
2407,-1.873,0.14423
2408,-1.872,0.14423
2409,-1.871,0.14423
2410,-1.87,0.14423
2411,-1.869,0.14423
2412,-1.868,0.14423
2413,-1.867,0.14423
2414,-1.866,0.14423
2415,-1.865,0.14423
2416,-1.864,0.14423
2417,-1.863,0.14423
2418,-1.862,0.14423
2419,-1.861,0.14423
2420,-1.86,0.14423
2421,-1.859,0.14423
2422,-1.858,0.14423
2423,-1.857,0.14423
2424,-1.856,0.14423
2425,-1.855,0.14423
2426,-1.854,0.14423
2427,-1.853,0.14423
2428,-1.852,0.14423
2429,-1.851,0.14423
2430,-1.85,0.14423
2431,-1.849,0.14423
2432,-1.848,0.14423
2433,-1.847,0.14423
2434,-1.846,0.14423
2435,-1.845,0.14423
2436,-1.844,0.14423
2437,-1.843,0.14423
2438,-1.842,0.14423
2439,-1.841,0.14423
2440,-1.84,0.14423
2441,-1.839,0.14423
2442,-1.838,0.14423
2443,-1.837,0.14423
2444,-1.836,0.14423
2445,-1.835,0.14423
2446,-1.834,0.14423
2447,-1.833,0.14423
2448,-1.832,0.14423
2449,-1.831,0.145969
2450,-1.83,0.14423
2451,-1.829,0.184224
2452,-1.828,0.285077
2453,-1.827,0.297249
2454,-1.826,0.278121
2455,-1.825,0.175529
2456,-1.824,0.149447
2457,-1.823,0.147708
2458,-1.822,0.14423
2459,-1.821,0.14423
2460,-1.82,0.14423
2461,-1.819,0.14423
2462,-1.818,0.14423
2463,-1.817,0.14423
2464,-1.816,0.14423
2465,-1.815,0.14423
2466,-1.814,0.14423
2467,-1.813,0.14423
2468,-1.812,0.14423
2469,-1.811,0.14423
2470,-1.81,0.14423
2471,-1.809,0.14423
2472,-1.808,0.14423
2473,-1.807,0.14423
2474,-1.806,0.14423
2475,-1.805,0.14423
2476,-1.804,0.14423
2477,-1.803,0.14423
2478,-1.802,0.14423
2479,-1.801,0.14423
2480,-1.8,0.14423
2481,-1.799,0.14423
2482,-1.798,0.14423
2483,-1.797,0.14423
2484,-1.796,0.14423
2485,-1.795,0.14423
2486,-1.794,0.14423
2487,-1.793,0.14423
2488,-1.792,0.14423
2489,-1.791,0.14423
2490,-1.79,0.14423
2491,-1.789,0.14423
2492,-1.788,0.14423
2493,-1.787,0.14423
2494,-1.786,0.14423
2495,-1.785,0.14423
2496,-1.784,0.14423
2497,-1.783,0.14423
2498,-1.782,0.14423
2499,-1.781,0.14423
2500,-1.78,0.14423
2501,-1.779,0.14423
2502,-1.778,0.14423
2503,-1.777,0.14423
2504,-1.776,0.14423
2505,-1.775,0.14423
2506,-1.774,0.14423
2507,-1.773,0.14423
2508,-1.772,0.14423
2509,-1.771,0.14423
2510,-1.77,0.14423
2511,-1.769,0.14423
2512,-1.768,0.14423
2513,-1.767,0.14423
2514,-1.766,0.14423
2515,-1.765,0.14423
2516,-1.764,0.14423
2517,-1.763,0.14423
2518,-1.762,0.14423
2519,-1.761,0.14423
2520,-1.76,0.14423
2521,-1.759,0.14423
2522,-1.758,0.14423
2523,-1.757,0.14423
2524,-1.756,0.145969
2525,-1.755,0.145969
2526,-1.754,0.175529
2527,-1.753,0.286816
2528,-1.752,0.298988
2529,-1.751,0.281599
2530,-1.75,0.177268
2531,-1.749,0.151185
2532,-1.748,0.147708
2533,-1.747,0.14423
2534,-1.746,0.14423
2535,-1.745,0.14423
2536,-1.744,0.14423
2537,-1.743,0.14423
2538,-1.742,0.14423
2539,-1.741,0.14423
2540,-1.74,0.14423
2541,-1.739,0.14423
2542,-1.738,0.14423
2543,-1.737,0.14423
2544,-1.736,0.14423
2545,-1.735,0.14423
2546,-1.734,0.14423
2547,-1.733,0.14423
2548,-1.732,0.14423
2549,-1.731,0.14423
2550,-1.73,0.14423
2551,-1.729,0.14423
2552,-1.728,0.14423
2553,-1.727,0.14423
2554,-1.726,0.14423
2555,-1.725,0.14423
2556,-1.724,0.14423
2557,-1.723,0.14423
2558,-1.722,0.14423
2559,-1.721,0.14423
2560,-1.72,0.14423
2561,-1.719,0.14423
2562,-1.718,0.14423
2563,-1.717,0.14423
2564,-1.716,0.14423
2565,-1.715,0.14423
2566,-1.714,0.14423
2567,-1.713,0.14423
2568,-1.712,0.14423
2569,-1.711,0.14423
2570,-1.71,0.14423
2571,-1.709,0.14423
2572,-1.708,0.14423
2573,-1.707,0.14423
2574,-1.706,0.14423
2575,-1.705,0.14423
2576,-1.704,0.14423
2577,-1.703,0.14423
2578,-1.702,0.14423
2579,-1.701,0.14423
2580,-1.7,0.14423
2581,-1.699,0.14423
2582,-1.698,0.14423
2583,-1.697,0.14423
2584,-1.696,0.14423
2585,-1.695,0.14423
2586,-1.694,0.14423
2587,-1.693,0.14423
2588,-1.692,0.14423
2589,-1.691,0.14423
2590,-1.69,0.14423
2591,-1.689,0.14423
2592,-1.688,0.14423
2593,-1.687,0.14423
2594,-1.686,0.14423
2595,-1.685,0.14423
2596,-1.684,0.14423
2597,-1.683,0.14423
2598,-1.682,0.14423
2599,-1.681,0.145969
2600,-1.68,0.145969
2601,-1.679,0.172052
2602,-1.678,0.283338
2603,-1.677,0.298988
2604,-1.676,0.281599
2605,-1.675,0.182485
2606,-1.674,0.149447
2607,-1.673,0.147708
2608,-1.672,0.14423
2609,-1.671,0.14423
2610,-1.67,0.14423
2611,-1.669,0.14423
2612,-1.668,0.14423
2613,-1.667,0.14423
2614,-1.666,0.14423
2615,-1.665,0.14423
2616,-1.664,0.14423
2617,-1.663,0.14423
2618,-1.662,0.14423
2619,-1.661,0.14423
2620,-1.66,0.14423
2621,-1.659,0.14423
2622,-1.658,0.14423
2623,-1.657,0.14423
2624,-1.656,0.14423
2625,-1.655,0.14423
2626,-1.654,0.14423
2627,-1.653,0.14423
2628,-1.652,0.14423
2629,-1.651,0.14423
2630,-1.65,0.14423
2631,-1.649,0.14423
2632,-1.648,0.14423
2633,-1.647,0.14423
2634,-1.646,0.14423
2635,-1.645,0.14423
2636,-1.644,0.14423
2637,-1.643,0.14423
2638,-1.642,0.14423
2639,-1.641,0.14423
2640,-1.64,0.14423
2641,-1.639,0.14423
2642,-1.638,0.14423
2643,-1.637,0.14423
2644,-1.636,0.14423
2645,-1.635,0.14423
2646,-1.634,0.14423
2647,-1.633,0.14423
2648,-1.632,0.14423
2649,-1.631,0.14423
2650,-1.63,0.14423
2651,-1.629,0.14423
2652,-1.628,0.14423
2653,-1.627,0.14423
2654,-1.626,0.14423
2655,-1.625,0.14423
2656,-1.624,0.14423
2657,-1.623,0.14423
2658,-1.622,0.14423
2659,-1.621,0.14423
2660,-1.62,0.14423
2661,-1.619,0.14423
2662,-1.618,0.14423
2663,-1.617,0.14423
2664,-1.616,0.14423
2665,-1.615,0.14423
2666,-1.614,0.14423
2667,-1.613,0.14423
2668,-1.612,0.14423
2669,-1.611,0.14423
2670,-1.61,0.14423
2671,-1.609,0.14423
2672,-1.608,0.14423
2673,-1.607,0.14423
2674,-1.606,0.14423
2675,-1.605,0.14423
2676,-1.604,0.170313
2677,-1.603,0.278121
2678,-1.602,0.300727
2679,-1.601,0.283338
2680,-1.6,0.185962
2681,-1.599,0.151185
2682,-1.598,0.147708
2683,-1.597,0.14423
2684,-1.596,0.14423
2685,-1.595,0.14423
2686,-1.594,0.14423
2687,-1.593,0.14423
2688,-1.592,0.14423
2689,-1.591,0.14423
2690,-1.59,0.14423
2691,-1.589,0.14423
2692,-1.588,0.14423
2693,-1.587,0.14423
2694,-1.586,0.14423
2695,-1.585,0.14423
2696,-1.584,0.14423
2697,-1.583,0.14423
2698,-1.582,0.14423
2699,-1.581,0.14423
2700,-1.58,0.14423
2701,-1.579,0.14423
2702,-1.578,0.14423
2703,-1.577,0.14423
2704,-1.576,0.14423
2705,-1.575,0.14423
2706,-1.574,0.14423
2707,-1.573,0.14423
2708,-1.572,0.14423
2709,-1.571,0.14423
2710,-1.57,0.14423
2711,-1.569,0.14423
2712,-1.568,0.14423
2713,-1.567,0.14423
2714,-1.566,0.14423
2715,-1.565,0.14423
2716,-1.564,0.14423
2717,-1.563,0.14423
2718,-1.562,0.14423
2719,-1.561,0.14423
2720,-1.56,0.14423
2721,-1.559,0.14423
2722,-1.558,0.14423
2723,-1.557,0.14423
2724,-1.556,0.14423
2725,-1.555,0.14423
2726,-1.554,0.14423
2727,-1.553,0.14423
2728,-1.552,0.14423
2729,-1.551,0.14423
2730,-1.55,0.14423
2731,-1.549,0.14423
2732,-1.548,0.14423
2733,-1.547,0.14423
2734,-1.546,0.14423
2735,-1.545,0.14423
2736,-1.544,0.14423
2737,-1.543,0.14423
2738,-1.542,0.14423
2739,-1.541,0.14423
2740,-1.54,0.14423
2741,-1.539,0.14423
2742,-1.538,0.14423
2743,-1.537,0.14423
2744,-1.536,0.14423
2745,-1.535,0.14423
2746,-1.534,0.14423
2747,-1.533,0.14423
2748,-1.532,0.14423
2749,-1.531,0.14423
2750,-1.53,0.14423
2751,-1.529,0.165096
2752,-1.528,0.278121
2753,-1.527,0.300727
2754,-1.526,0.283338
2755,-1.525,0.191179
2756,-1.524,0.149447
2757,-1.523,0.147708
2758,-1.522,0.14423
2759,-1.521,0.14423
2760,-1.52,0.14423
2761,-1.519,0.14423
2762,-1.518,0.14423
2763,-1.517,0.14423
2764,-1.516,0.14423
2765,-1.515,0.14423
2766,-1.514,0.14423
2767,-1.513,0.14423
2768,-1.512,0.14423
2769,-1.511,0.14423
2770,-1.51,0.14423
2771,-1.509,0.14423
2772,-1.508,0.14423
2773,-1.507,0.14423
2774,-1.506,0.14423
2775,-1.505,0.14423
2776,-1.504,0.14423
2777,-1.503,0.14423
2778,-1.502,0.14423
2779,-1.501,0.14423
2780,-1.5,0.14423
2781,-1.499,0.14423
2782,-1.498,0.14423
2783,-1.497,0.14423
2784,-1.496,0.14423
2785,-1.495,0.14423
2786,-1.494,0.14423
2787,-1.493,0.14423
2788,-1.492,0.14423
2789,-1.491,0.14423
2790,-1.49,0.14423
2791,-1.489,0.14423
2792,-1.488,0.14423
2793,-1.487,0.14423
2794,-1.486,0.14423
2795,-1.485,0.14423
2796,-1.484,0.14423
2797,-1.483,0.14423
2798,-1.482,0.14423
2799,-1.481,0.14423
2800,-1.48,0.14423
2801,-1.479,0.14423
2802,-1.478,0.14423
2803,-1.477,0.14423
2804,-1.476,0.14423
2805,-1.475,0.14423
2806,-1.474,0.14423
2807,-1.473,0.14423
2808,-1.472,0.14423
2809,-1.471,0.14423
2810,-1.47,0.14423
2811,-1.469,0.14423
2812,-1.468,0.14423
2813,-1.467,0.14423
2814,-1.466,0.14423
2815,-1.465,0.14423
2816,-1.464,0.14423
2817,-1.463,0.14423
2818,-1.462,0.14423
2819,-1.461,0.14423
2820,-1.46,0.14423
2821,-1.459,0.14423
2822,-1.458,0.14423
2823,-1.457,0.14423
2824,-1.456,0.14423
2825,-1.455,0.145969
2826,-1.454,0.161618
2827,-1.453,0.276383
2828,-1.452,0.300727
2829,-1.451,0.285077
2830,-1.45,0.194657
2831,-1.449,0.149447
2832,-1.448,0.147708
2833,-1.447,0.14423
2834,-1.446,0.14423
2835,-1.445,0.14423
2836,-1.444,0.14423
2837,-1.443,0.14423
2838,-1.442,0.14423
2839,-1.441,0.14423
2840,-1.44,0.14423
2841,-1.439,0.14423
2842,-1.438,0.14423
2843,-1.437,0.14423
2844,-1.436,0.14423
2845,-1.435,0.14423
2846,-1.434,0.14423
2847,-1.433,0.14423
2848,-1.432,0.14423
2849,-1.431,0.14423
2850,-1.43,0.14423
2851,-1.429,0.14423
2852,-1.428,0.14423
2853,-1.427,0.14423
2854,-1.426,0.14423
2855,-1.425,0.14423
2856,-1.424,0.14423
2857,-1.423,0.14423
2858,-1.422,0.14423
2859,-1.421,0.14423
2860,-1.42,0.14423
2861,-1.419,0.14423
2862,-1.418,0.14423
2863,-1.417,0.14423
2864,-1.416,0.14423
2865,-1.415,0.14423
2866,-1.414,0.14423
2867,-1.413,0.14423
2868,-1.412,0.14423
2869,-1.411,0.14423
2870,-1.41,0.14423
2871,-1.409,0.14423
2872,-1.408,0.14423
2873,-1.407,0.14423
2874,-1.406,0.14423
2875,-1.405,0.14423
2876,-1.404,0.14423
2877,-1.403,0.14423
2878,-1.402,0.14423
2879,-1.401,0.14423
2880,-1.4,0.14423
2881,-1.399,0.14423
2882,-1.398,0.14423
2883,-1.397,0.14423
2884,-1.396,0.14423
2885,-1.395,0.14423
2886,-1.394,0.14423
2887,-1.393,0.14423
2888,-1.392,0.14423
2889,-1.391,0.14423
2890,-1.39,0.14423
2891,-1.389,0.14423
2892,-1.388,0.14423
2893,-1.387,0.14423
2894,-1.386,0.14423
2895,-1.385,0.14423
2896,-1.384,0.14423
2897,-1.383,0.14423
2898,-1.382,0.14423
2899,-1.381,0.14423
2900,-1.38,0.145969
2901,-1.379,0.15988
2902,-1.378,0.272905
2903,-1.377,0.304204
2904,-1.376,0.285077
2905,-1.375,0.198134
2906,-1.374,0.151185
2907,-1.373,0.145969
2908,-1.372,0.145969
2909,-1.371,0.145969
2910,-1.37,0.14423
2911,-1.369,0.14423
2912,-1.368,0.14423
2913,-1.367,0.14423
2914,-1.366,0.14423
2915,-1.365,0.14423
2916,-1.364,0.14423
2917,-1.363,0.14423
2918,-1.362,0.14423
2919,-1.361,0.14423
2920,-1.36,0.14423
2921,-1.359,0.14423
2922,-1.358,0.14423
2923,-1.357,0.14423
2924,-1.356,0.14423
2925,-1.355,0.14423
2926,-1.354,0.14423
2927,-1.353,0.14423
2928,-1.352,0.14423
2929,-1.351,0.14423
2930,-1.35,0.14423
2931,-1.349,0.14423
2932,-1.348,0.14423
2933,-1.347,0.14423
2934,-1.346,0.14423
2935,-1.345,0.14423
2936,-1.344,0.14423
2937,-1.343,0.14423
2938,-1.342,0.14423
2939,-1.341,0.14423
2940,-1.34,0.14423
2941,-1.339,0.14423
2942,-1.338,0.14423
2943,-1.337,0.14423
2944,-1.336,0.14423
2945,-1.335,0.14423
2946,-1.334,0.14423
2947,-1.333,0.14423
2948,-1.332,0.14423
2949,-1.331,0.14423
2950,-1.33,0.14423
2951,-1.329,0.14423
2952,-1.328,0.14423
2953,-1.327,0.14423
2954,-1.326,0.14423
2955,-1.325,0.14423
2956,-1.324,0.14423
2957,-1.323,0.14423
2958,-1.322,0.14423
2959,-1.321,0.14423
2960,-1.32,0.14423
2961,-1.319,0.14423
2962,-1.318,0.14423
2963,-1.317,0.14423
2964,-1.316,0.14423
2965,-1.315,0.14423
2966,-1.314,0.14423
2967,-1.313,0.14423
2968,-1.312,0.14423
2969,-1.311,0.14423
2970,-1.31,0.14423
2971,-1.309,0.14423
2972,-1.308,0.14423
2973,-1.307,0.14423
2974,-1.306,0.14423
2975,-1.305,0.145969
2976,-1.304,0.158141
2977,-1.303,0.269427
2978,-1.302,0.304204
2979,-1.301,0.286816
2980,-1.3,0.199873
2981,-1.299,0.151185
2982,-1.298,0.145969
2983,-1.297,0.145969
2984,-1.296,0.145969
2985,-1.295,0.14423
2986,-1.294,0.14423
2987,-1.293,0.14423
2988,-1.292,0.14423
2989,-1.291,0.14423
2990,-1.29,0.14423
2991,-1.289,0.14423
2992,-1.288,0.14423
2993,-1.287,0.14423
2994,-1.286,0.14423
2995,-1.285,0.14423
2996,-1.284,0.14423
2997,-1.283,0.14423
2998,-1.282,0.14423
2999,-1.281,0.14423
3000,-1.28,0.14423
3001,-1.279,0.14423
3002,-1.278,0.14423
3003,-1.277,0.14423
3004,-1.276,0.14423
3005,-1.275,0.14423
3006,-1.274,0.14423
3007,-1.273,0.14423
3008,-1.272,0.14423
3009,-1.271,0.14423
3010,-1.27,0.14423
3011,-1.269,0.14423
3012,-1.268,0.14423
3013,-1.267,0.14423
3014,-1.266,0.14423
3015,-1.265,0.14423
3016,-1.264,0.14423
3017,-1.263,0.14423
3018,-1.262,0.14423
3019,-1.261,0.14423
3020,-1.26,0.14423
3021,-1.259,0.14423
3022,-1.258,0.14423
3023,-1.257,0.14423
3024,-1.256,0.14423
3025,-1.255,0.14423
3026,-1.254,0.14423
3027,-1.253,0.14423
3028,-1.252,0.14423
3029,-1.251,0.14423
3030,-1.25,0.14423
3031,-1.249,0.14423
3032,-1.248,0.14423
3033,-1.247,0.14423
3034,-1.246,0.14423
3035,-1.245,0.14423
3036,-1.244,0.14423
3037,-1.243,0.14423
3038,-1.242,0.14423
3039,-1.241,0.14423
3040,-1.24,0.14423
3041,-1.239,0.14423
3042,-1.238,0.14423
3043,-1.237,0.14423
3044,-1.236,0.14423
3045,-1.235,0.14423
3046,-1.234,0.14423
3047,-1.233,0.14423
3048,-1.232,0.14423
3049,-1.231,0.14423
3050,-1.23,0.145969
3051,-1.229,0.158141
3052,-1.228,0.265949
3053,-1.227,0.302465
3054,-1.226,0.281599
3055,-1.225,0.272905
3056,-1.224,0.304204
3057,-1.223,0.309421
3058,-1.222,0.309421
3059,-1.221,0.309421
3060,-1.22,0.309421
3061,-1.219,0.309421
3062,-1.218,0.31116
3063,-1.217,0.307682
3064,-1.216,0.31116
3065,-1.215,0.309421
3066,-1.214,0.309421
3067,-1.213,0.31116
3068,-1.212,0.309421
3069,-1.211,0.309421
3070,-1.21,0.312898
3071,-1.209,0.307682
3072,-1.208,0.309421
3073,-1.207,0.309421
3074,-1.206,0.309421
3075,-1.205,0.309421
3076,-1.204,0.309421
3077,-1.203,0.309421
3078,-1.202,0.31116
3079,-1.201,0.309421
3080,-1.2,0.309421
3081,-1.199,0.31116
3082,-1.198,0.307682
3083,-1.197,0.309421
3084,-1.196,0.309421
3085,-1.195,0.309421
3086,-1.194,0.31116
3087,-1.193,0.307682
3088,-1.192,0.309421
3089,-1.191,0.31116
3090,-1.19,0.309421
3091,-1.189,0.31116
3092,-1.188,0.309421
3093,-1.187,0.309421
3094,-1.186,0.309421
3095,-1.185,0.309421
3096,-1.184,0.307682
3097,-1.183,0.31116
3098,-1.182,0.309421
3099,-1.181,0.309421
3100,-1.18,0.312898
3101,-1.179,0.309421
3102,-1.178,0.309421
3103,-1.177,0.309421
3104,-1.176,0.309421
3105,-1.175,0.31116
3106,-1.174,0.309421
3107,-1.173,0.309421
3108,-1.172,0.31116
3109,-1.171,0.309421
3110,-1.17,0.274644
3111,-1.169,0.257255
3112,-1.168,0.264211
3113,-1.167,0.264211
3114,-1.166,0.260733
3115,-1.165,0.264211
3116,-1.164,0.262472
3117,-1.163,0.262472
3118,-1.162,0.264211
3119,-1.161,0.262472
3120,-1.16,0.262472
3121,-1.159,0.265949
3122,-1.158,0.260733
3123,-1.157,0.264211
3124,-1.156,0.262472
3125,-1.155,0.262472
3126,-1.154,0.264211
3127,-1.153,0.262472
3128,-1.152,0.262472
3129,-1.151,0.264211
3130,-1.15,0.260733
3131,-1.149,0.264211
3132,-1.148,0.262472
3133,-1.147,0.262472
3134,-1.146,0.264211
3135,-1.145,0.262472
3136,-1.144,0.262472
3137,-1.143,0.264211
3138,-1.142,0.260733
3139,-1.141,0.264211
3140,-1.14,0.262472
3141,-1.139,0.262472
3142,-1.138,0.264211
3143,-1.137,0.262472
3144,-1.136,0.262472
3145,-1.135,0.264211
3146,-1.134,0.260733
3147,-1.133,0.264211
3148,-1.132,0.262472
3149,-1.131,0.262472
3150,-1.13,0.264211
3151,-1.129,0.262472
3152,-1.128,0.262472
3153,-1.127,0.264211
3154,-1.126,0.260733
3155,-1.125,0.264211
3156,-1.124,0.262472
3157,-1.123,0.262472
3158,-1.122,0.264211
3159,-1.121,0.262472
3160,-1.12,0.262472
3161,-1.119,0.264211
3162,-1.118,0.260733
3163,-1.117,0.264211
3164,-1.116,0.262472
3165,-1.115,0.262472
3166,-1.114,0.264211
3167,-1.113,0.262472
3168,-1.112,0.262472
3169,-1.111,0.264211
3170,-1.11,0.260733
3171,-1.109,0.264211
3172,-1.108,0.262472
3173,-1.107,0.262472
3174,-1.106,0.264211
3175,-1.105,0.262472
3176,-1.104,0.262472
3177,-1.103,0.264211
3178,-1.102,0.260733
3179,-1.101,0.264211
3180,-1.1,0.262472
3181,-1.099,0.262472
3182,-1.098,0.264211
3183,-1.097,0.262472
3184,-1.096,0.262472
3185,-1.095,0.264211
3186,-1.094,0.260733
3187,-1.093,0.264211
3188,-1.092,0.262472
3189,-1.091,0.260733
3190,-1.09,0.264211
3191,-1.089,0.260733
3192,-1.088,0.262472
3193,-1.087,0.264211
3194,-1.086,0.260733
3195,-1.085,0.264211
3196,-1.084,0.262472
3197,-1.083,0.262472
3198,-1.082,0.264211
3199,-1.081,0.260733
3200,-1.08,0.262472
3201,-1.079,0.264211
3202,-1.078,0.260733
3203,-1.077,0.264211
3204,-1.076,0.262472
3205,-1.075,0.262472
3206,-1.074,0.264211
3207,-1.073,0.260733
3208,-1.072,0.264211
3209,-1.071,0.264211
3210,-1.07,0.260733
3211,-1.069,0.264211
3212,-1.068,0.262472
3213,-1.067,0.262472
3214,-1.066,0.264211
3215,-1.065,0.262472
3216,-1.064,0.262472
3217,-1.063,0.264211
3218,-1.062,0.260733
3219,-1.061,0.264211
3220,-1.06,0.262472
3221,-1.059,0.262472
3222,-1.058,0.264211
3223,-1.057,0.262472
3224,-1.056,0.262472
3225,-1.055,0.264211
3226,-1.054,0.260733
3227,-1.053,0.264211
3228,-1.052,0.262472
3229,-1.051,0.262472
3230,-1.05,0.264211
3231,-1.049,0.262472
3232,-1.048,0.262472
3233,-1.047,0.264211
3234,-1.046,0.260733
3235,-1.045,0.264211
3236,-1.044,0.262472
3237,-1.043,0.262472
3238,-1.042,0.264211
3239,-1.041,0.260733
3240,-1.04,0.264211
3241,-1.039,0.264211
3242,-1.038,0.260733
3243,-1.037,0.264211
3244,-1.036,0.262472
3245,-1.035,0.262472
3246,-1.034,0.262472
3247,-1.033,0.278121
3248,-1.032,0.314637
3249,-1.031,0.199873
3250,-1.03,0.147708
3251,-1.029,0.14423
3252,-1.028,0.14423
3253,-1.027,0.142491
3254,-1.026,0.142491
3255,-1.025,0.142491
3256,-1.024,0.142491
3257,-1.023,0.142491
3258,-1.022,0.142491
3259,-1.021,0.142491
3260,-1.02,0.142491
3261,-1.019,0.142491
3262,-1.018,0.142491
3263,-1.017,0.14423
3264,-1.016,0.137275
3265,-1.015,0.232911
3266,-1.014,0.210306
3267,-1.013,0.149447
3268,-1.012,0.14423
3269,-1.011,0.14423
3270,-1.01,0.142491
3271,-1.009,0.142491
3272,-1.008,0.142491
3273,-1.007,0.142491
3274,-1.006,0.142491
3275,-1.005,0.142491
3276,-1.004,0.142491
3277,-1.003,0.142491
3278,-1.002,0.142491
3279,-1.001,0.14423
3280,-1,0.168574
3281,-0.999,0.260733
3282,-0.998,0.152924
3283,-0.997,0.145969
3284,-0.996,0.142491
3285,-0.995,0.142491
3286,-0.994,0.142491
3287,-0.993,0.142491
3288,-0.992,0.142491
3289,-0.991,0.142491
3290,-0.99,0.142491
3291,-0.989,0.142491
3292,-0.988,0.142491
3293,-0.987,0.142491
3294,-0.986,0.14423
3295,-0.985,0.139013
3296,-0.984,0.267688
3297,-0.983,0.17379
3298,-0.982,0.145969
3299,-0.981,0.142491
3300,-0.98,0.142491
3301,-0.979,0.142491
3302,-0.978,0.142491
3303,-0.977,0.142491
3304,-0.976,0.142491
3305,-0.975,0.142491
3306,-0.974,0.142491
3307,-0.973,0.142491
3308,-0.972,0.142491
3309,-0.971,0.14423
3310,-0.97,0.139013
3311,-0.969,0.219001
3312,-0.968,0.222478
3313,-0.967,0.149447
3314,-0.966,0.14423
3315,-0.965,0.14423
3316,-0.964,0.142491
3317,-0.963,0.142491
3318,-0.962,0.142491
3319,-0.961,0.142491
3320,-0.96,0.142491
3321,-0.959,0.142491
3322,-0.958,0.142491
3323,-0.957,0.142491
3324,-0.956,0.142491
3325,-0.955,0.14423
3326,-0.954,0.15988
3327,-0.953,0.267688
3328,-0.952,0.154663
3329,-0.951,0.145969
3330,-0.95,0.142491
3331,-0.949,0.142491
3332,-0.948,0.142491
3333,-0.947,0.142491
3334,-0.946,0.142491
3335,-0.945,0.142491
3336,-0.944,0.142491
3337,-0.943,0.142491
3338,-0.942,0.142491
3339,-0.941,0.142491
3340,-0.94,0.14423
3341,-0.939,0.137275
3342,-0.938,0.260733
3343,-0.937,0.184224
3344,-0.936,0.147708
3345,-0.935,0.142491
3346,-0.934,0.142491
3347,-0.933,0.142491
3348,-0.932,0.142491
3349,-0.931,0.142491
3350,-0.93,0.142491
3351,-0.929,0.142491
3352,-0.928,0.142491
3353,-0.927,0.142491
3354,-0.926,0.142491
3355,-0.925,0.14423
3356,-0.924,0.140752
3357,-0.923,0.20509
3358,-0.922,0.23465
3359,-0.921,0.149447
3360,-0.92,0.14423
3361,-0.919,0.14423
3362,-0.918,0.142491
3363,-0.917,0.142491
3364,-0.916,0.142491
3365,-0.915,0.142491
3366,-0.914,0.142491
3367,-0.913,0.142491
3368,-0.912,0.142491
3369,-0.911,0.142491
3370,-0.91,0.142491
3371,-0.909,0.14423
3372,-0.908,0.158141
3373,-0.907,0.17379
3374,-0.906,0.145969
3375,-0.905,0.142491
3376,-0.904,0.152924
3377,-0.903,0.145969
3378,-0.902,0.142491
3379,-0.901,0.142491
3380,-0.9,0.14423
3381,-0.899,0.140752
3382,-0.898,0.194657
3383,-0.897,0.264211
3384,-0.896,0.269427
3385,-0.895,0.269427
3386,-0.894,0.269427
3387,-0.893,0.269427
3388,-0.892,0.269427
3389,-0.891,0.269427
3390,-0.89,0.269427
3391,-0.889,0.269427
3392,-0.888,0.269427
3393,-0.887,0.269427
3394,-0.886,0.269427
3395,-0.885,0.269427
3396,-0.884,0.269427
3397,-0.883,0.269427
3398,-0.882,0.269427
3399,-0.881,0.269427
3400,-0.88,0.269427
3401,-0.879,0.269427
3402,-0.878,0.267688
3403,-0.877,0.265949
3404,-0.876,0.168574
3405,-0.875,0.149447
3406,-0.874,0.147708
3407,-0.873,0.14423
3408,-0.872,0.14423
3409,-0.871,0.14423
3410,-0.87,0.14423
3411,-0.869,0.14423
3412,-0.868,0.14423
3413,-0.867,0.14423
3414,-0.866,0.14423
3415,-0.865,0.14423
3416,-0.864,0.14423
3417,-0.863,0.14423
3418,-0.862,0.14423
3419,-0.861,0.14423
3420,-0.86,0.14423
3421,-0.859,0.14423
3422,-0.858,0.14423
3423,-0.857,0.14423
3424,-0.856,0.14423
3425,-0.855,0.14423
3426,-0.854,0.14423
3427,-0.853,0.14423
3428,-0.852,0.14423
3429,-0.851,0.14423
3430,-0.85,0.14423
3431,-0.849,0.14423
3432,-0.848,0.14423
3433,-0.847,0.14423
3434,-0.846,0.14423
3435,-0.845,0.14423
3436,-0.844,0.14423
3437,-0.843,0.14423
3438,-0.842,0.14423
3439,-0.841,0.14423
3440,-0.84,0.14423
3441,-0.839,0.14423
3442,-0.838,0.14423
3443,-0.837,0.14423
3444,-0.836,0.14423
3445,-0.835,0.14423
3446,-0.834,0.14423
3447,-0.833,0.14423
3448,-0.832,0.14423
3449,-0.831,0.14423
3450,-0.83,0.14423
3451,-0.829,0.14423
3452,-0.828,0.14423
3453,-0.827,0.14423
3454,-0.826,0.14423
3455,-0.825,0.14423
3456,-0.824,0.14423
3457,-0.823,0.14423
3458,-0.822,0.14423
3459,-0.821,0.14423
3460,-0.82,0.14423
3461,-0.819,0.14423
3462,-0.818,0.14423
3463,-0.817,0.14423
3464,-0.816,0.14423
3465,-0.815,0.14423
3466,-0.814,0.14423
3467,-0.813,0.14423
3468,-0.812,0.14423
3469,-0.811,0.14423
3470,-0.81,0.14423
3471,-0.809,0.14423
3472,-0.808,0.14423
3473,-0.807,0.14423
3474,-0.806,0.14423
3475,-0.805,0.14423
3476,-0.804,0.14423
3477,-0.803,0.145969
3478,-0.802,0.147708
3479,-0.801,0.257255
3480,-0.8,0.302465
3481,-0.799,0.288555
3482,-0.798,0.215523
3483,-0.797,0.151185
3484,-0.796,0.147708
3485,-0.795,0.14423
3486,-0.794,0.14423
3487,-0.793,0.14423
3488,-0.792,0.14423
3489,-0.791,0.14423
3490,-0.79,0.14423
3491,-0.789,0.14423
3492,-0.788,0.14423
3493,-0.787,0.14423
3494,-0.786,0.14423
3495,-0.785,0.14423
3496,-0.784,0.14423
3497,-0.783,0.14423
3498,-0.782,0.14423
3499,-0.781,0.14423
3500,-0.78,0.14423
3501,-0.779,0.14423
3502,-0.778,0.14423
3503,-0.777,0.14423
3504,-0.776,0.14423
3505,-0.775,0.14423
3506,-0.774,0.14423
3507,-0.773,0.14423
3508,-0.772,0.14423
3509,-0.771,0.14423
3510,-0.77,0.14423
3511,-0.769,0.14423
3512,-0.768,0.14423
3513,-0.767,0.14423
3514,-0.766,0.14423
3515,-0.765,0.14423
3516,-0.764,0.14423
3517,-0.763,0.14423
3518,-0.762,0.14423
3519,-0.761,0.14423
3520,-0.76,0.14423
3521,-0.759,0.14423
3522,-0.758,0.14423
3523,-0.757,0.14423
3524,-0.756,0.14423
3525,-0.755,0.14423
3526,-0.754,0.14423
3527,-0.753,0.14423
3528,-0.752,0.14423
3529,-0.751,0.14423
3530,-0.75,0.14423
3531,-0.749,0.14423
3532,-0.748,0.14423
3533,-0.747,0.14423
3534,-0.746,0.14423
3535,-0.745,0.14423
3536,-0.744,0.14423
3537,-0.743,0.14423
3538,-0.742,0.14423
3539,-0.741,0.14423
3540,-0.74,0.14423
3541,-0.739,0.14423
3542,-0.738,0.14423
3543,-0.737,0.14423
3544,-0.736,0.14423
3545,-0.735,0.14423
3546,-0.734,0.14423
3547,-0.733,0.14423
3548,-0.732,0.14423
3549,-0.731,0.14423
3550,-0.73,0.14423
3551,-0.729,0.14423
3552,-0.728,0.145969
3553,-0.727,0.145969
3554,-0.726,0.253778
3555,-0.725,0.304204
3556,-0.724,0.288555
3557,-0.723,0.222478
3558,-0.722,0.152924
3559,-0.721,0.147708
3560,-0.72,0.14423
3561,-0.719,0.14423
3562,-0.718,0.14423
3563,-0.717,0.14423
3564,-0.716,0.14423
3565,-0.715,0.14423
3566,-0.714,0.14423
3567,-0.713,0.14423
3568,-0.712,0.14423
3569,-0.711,0.14423
3570,-0.71,0.14423
3571,-0.709,0.14423
3572,-0.708,0.14423
3573,-0.707,0.14423
3574,-0.706,0.14423
3575,-0.705,0.14423
3576,-0.704,0.14423
3577,-0.703,0.14423
3578,-0.702,0.14423
3579,-0.701,0.14423
3580,-0.7,0.14423
3581,-0.699,0.14423
3582,-0.698,0.14423
3583,-0.697,0.14423
3584,-0.696,0.14423
3585,-0.695,0.14423
3586,-0.694,0.14423
3587,-0.693,0.14423
3588,-0.692,0.14423
3589,-0.691,0.14423
3590,-0.69,0.14423
3591,-0.689,0.14423
3592,-0.688,0.14423
3593,-0.687,0.14423
3594,-0.686,0.14423
3595,-0.685,0.14423
3596,-0.684,0.14423
3597,-0.683,0.14423
3598,-0.682,0.14423
3599,-0.681,0.14423
3600,-0.68,0.14423
3601,-0.679,0.14423
3602,-0.678,0.14423
3603,-0.677,0.14423
3604,-0.676,0.14423
3605,-0.675,0.14423
3606,-0.674,0.14423
3607,-0.673,0.14423
3608,-0.672,0.14423
3609,-0.671,0.14423
3610,-0.67,0.14423
3611,-0.669,0.14423
3612,-0.668,0.14423
3613,-0.667,0.14423
3614,-0.666,0.14423
3615,-0.665,0.14423
3616,-0.664,0.14423
3617,-0.663,0.14423
3618,-0.662,0.14423
3619,-0.661,0.14423
3620,-0.66,0.14423
3621,-0.659,0.14423
3622,-0.658,0.14423
3623,-0.657,0.14423
3624,-0.656,0.14423
3625,-0.655,0.14423
3626,-0.654,0.14423
3627,-0.653,0.145969
3628,-0.652,0.14423
3629,-0.651,0.246822
3630,-0.65,0.304204
3631,-0.649,0.288555
3632,-0.648,0.229434
3633,-0.647,0.152924
3634,-0.646,0.147708
3635,-0.645,0.14423
3636,-0.644,0.14423
3637,-0.643,0.14423
3638,-0.642,0.14423
3639,-0.641,0.14423
3640,-0.64,0.14423
3641,-0.639,0.14423
3642,-0.638,0.14423
3643,-0.637,0.14423
3644,-0.636,0.14423
3645,-0.635,0.14423
3646,-0.634,0.14423
3647,-0.633,0.14423
3648,-0.632,0.14423
3649,-0.631,0.14423
3650,-0.63,0.14423
3651,-0.629,0.14423
3652,-0.628,0.14423
3653,-0.627,0.14423
3654,-0.626,0.14423
3655,-0.625,0.14423
3656,-0.624,0.14423
3657,-0.623,0.14423
3658,-0.622,0.14423
3659,-0.621,0.14423
3660,-0.62,0.14423
3661,-0.619,0.14423
3662,-0.618,0.14423
3663,-0.617,0.14423
3664,-0.616,0.14423
3665,-0.615,0.14423
3666,-0.614,0.14423
3667,-0.613,0.14423
3668,-0.612,0.14423
3669,-0.611,0.14423
3670,-0.61,0.14423
3671,-0.609,0.14423
3672,-0.608,0.14423
3673,-0.607,0.14423
3674,-0.606,0.14423
3675,-0.605,0.14423
3676,-0.604,0.14423
3677,-0.603,0.14423
3678,-0.602,0.14423
3679,-0.601,0.14423
3680,-0.6,0.14423
3681,-0.599,0.14423
3682,-0.598,0.14423
3683,-0.597,0.14423
3684,-0.596,0.14423
3685,-0.595,0.14423
3686,-0.594,0.14423
3687,-0.593,0.14423
3688,-0.592,0.14423
3689,-0.591,0.14423
3690,-0.59,0.14423
3691,-0.589,0.14423
3692,-0.588,0.14423
3693,-0.587,0.14423
3694,-0.586,0.14423
3695,-0.585,0.14423
3696,-0.584,0.14423
3697,-0.583,0.14423
3698,-0.582,0.14423
3699,-0.581,0.14423
3700,-0.58,0.14423
3701,-0.579,0.14423
3702,-0.578,0.145969
3703,-0.577,0.14423
3704,-0.576,0.241606
3705,-0.575,0.304204
3706,-0.574,0.288555
3707,-0.573,0.236389
3708,-0.572,0.154663
3709,-0.571,0.147708
3710,-0.57,0.145969
3711,-0.569,0.145969
3712,-0.568,0.14423
3713,-0.567,0.14423
3714,-0.566,0.14423
3715,-0.565,0.14423
3716,-0.564,0.14423
3717,-0.563,0.14423
3718,-0.562,0.14423
3719,-0.561,0.14423
3720,-0.56,0.14423
3721,-0.559,0.14423
3722,-0.558,0.14423
3723,-0.557,0.14423
3724,-0.556,0.14423
3725,-0.555,0.14423
3726,-0.554,0.14423
3727,-0.553,0.14423
3728,-0.552,0.14423
3729,-0.551,0.14423
3730,-0.55,0.14423
3731,-0.549,0.14423
3732,-0.548,0.14423
3733,-0.547,0.14423
3734,-0.546,0.14423
3735,-0.545,0.14423
3736,-0.544,0.14423
3737,-0.543,0.14423
3738,-0.542,0.14423
3739,-0.541,0.14423
3740,-0.54,0.14423
3741,-0.539,0.14423
3742,-0.538,0.14423
3743,-0.537,0.14423
3744,-0.536,0.14423
3745,-0.535,0.14423
3746,-0.534,0.14423
3747,-0.533,0.14423
3748,-0.532,0.14423
3749,-0.531,0.14423
3750,-0.53,0.14423
3751,-0.529,0.14423
3752,-0.528,0.14423
3753,-0.527,0.14423
3754,-0.526,0.14423
3755,-0.525,0.14423
3756,-0.524,0.14423
3757,-0.523,0.14423
3758,-0.522,0.14423
3759,-0.521,0.14423
3760,-0.52,0.14423
3761,-0.519,0.14423
3762,-0.518,0.14423
3763,-0.517,0.14423
3764,-0.516,0.14423
3765,-0.515,0.14423
3766,-0.514,0.14423
3767,-0.513,0.14423
3768,-0.512,0.14423
3769,-0.511,0.14423
3770,-0.51,0.14423
3771,-0.509,0.14423
3772,-0.508,0.14423
3773,-0.507,0.14423
3774,-0.506,0.14423
3775,-0.505,0.14423
3776,-0.504,0.14423
3777,-0.503,0.145969
3778,-0.502,0.142491
3779,-0.501,0.23465
3780,-0.5,0.305943
3781,-0.499,0.288555
3782,-0.498,0.241606
3783,-0.497,0.154663
3784,-0.496,0.147708
3785,-0.495,0.145969
3786,-0.494,0.145969
3787,-0.493,0.14423
3788,-0.492,0.14423
3789,-0.491,0.14423
3790,-0.49,0.14423
3791,-0.489,0.14423
3792,-0.488,0.14423
3793,-0.487,0.14423
3794,-0.486,0.14423
3795,-0.485,0.14423
3796,-0.484,0.14423
3797,-0.483,0.14423
3798,-0.482,0.14423
3799,-0.481,0.14423
3800,-0.48,0.14423
3801,-0.479,0.14423
3802,-0.478,0.14423
3803,-0.477,0.14423
3804,-0.476,0.14423
3805,-0.475,0.14423
3806,-0.474,0.14423
3807,-0.473,0.14423
3808,-0.472,0.14423
3809,-0.471,0.14423
3810,-0.47,0.14423
3811,-0.469,0.14423
3812,-0.468,0.14423
3813,-0.467,0.14423
3814,-0.466,0.14423
3815,-0.465,0.14423
3816,-0.464,0.14423
3817,-0.463,0.14423
3818,-0.462,0.14423
3819,-0.461,0.14423
3820,-0.46,0.14423
3821,-0.459,0.14423
3822,-0.458,0.14423
3823,-0.457,0.14423
3824,-0.456,0.14423
3825,-0.455,0.14423
3826,-0.454,0.14423
3827,-0.453,0.14423
3828,-0.452,0.14423
3829,-0.451,0.14423
3830,-0.45,0.14423
3831,-0.449,0.14423
3832,-0.448,0.14423
3833,-0.447,0.14423
3834,-0.446,0.14423
3835,-0.445,0.14423
3836,-0.444,0.14423
3837,-0.443,0.14423
3838,-0.442,0.14423
3839,-0.441,0.14423
3840,-0.44,0.14423
3841,-0.439,0.14423
3842,-0.438,0.14423
3843,-0.437,0.14423
3844,-0.436,0.14423
3845,-0.435,0.14423
3846,-0.434,0.14423
3847,-0.433,0.14423
3848,-0.432,0.14423
3849,-0.431,0.14423
3850,-0.43,0.14423
3851,-0.429,0.14423
3852,-0.428,0.145969
3853,-0.427,0.142491
3854,-0.426,0.231172
3855,-0.425,0.304204
3856,-0.424,0.288555
3857,-0.423,0.246822
3858,-0.422,0.158141
3859,-0.421,0.145969
3860,-0.42,0.145969
3861,-0.419,0.145969
3862,-0.418,0.14423
3863,-0.417,0.14423
3864,-0.416,0.14423
3865,-0.415,0.14423
3866,-0.414,0.14423
3867,-0.413,0.14423
3868,-0.412,0.14423
3869,-0.411,0.14423
3870,-0.41,0.14423
3871,-0.409,0.14423
3872,-0.408,0.14423
3873,-0.407,0.14423
3874,-0.406,0.14423
3875,-0.405,0.14423
3876,-0.404,0.14423
3877,-0.403,0.14423
3878,-0.402,0.14423
3879,-0.401,0.14423
3880,-0.4,0.14423
3881,-0.399,0.14423
3882,-0.398,0.14423
3883,-0.397,0.14423
3884,-0.396,0.14423
3885,-0.395,0.14423
3886,-0.394,0.14423
3887,-0.393,0.14423
3888,-0.392,0.14423
3889,-0.391,0.14423
3890,-0.39,0.14423
3891,-0.389,0.14423
3892,-0.388,0.14423
3893,-0.387,0.14423
3894,-0.386,0.14423
3895,-0.385,0.14423
3896,-0.384,0.14423
3897,-0.383,0.14423
3898,-0.382,0.14423
3899,-0.381,0.14423
3900,-0.38,0.14423
3901,-0.379,0.14423
3902,-0.378,0.14423
3903,-0.377,0.14423
3904,-0.376,0.14423
3905,-0.375,0.14423
3906,-0.374,0.14423
3907,-0.373,0.14423
3908,-0.372,0.14423
3909,-0.371,0.14423
3910,-0.37,0.14423
3911,-0.369,0.14423
3912,-0.368,0.14423
3913,-0.367,0.14423
3914,-0.366,0.14423
3915,-0.365,0.14423
3916,-0.364,0.14423
3917,-0.363,0.14423
3918,-0.362,0.14423
3919,-0.361,0.14423
3920,-0.36,0.14423
3921,-0.359,0.14423
3922,-0.358,0.14423
3923,-0.357,0.14423
3924,-0.356,0.14423
3925,-0.355,0.14423
3926,-0.354,0.14423
3927,-0.353,0.145969
3928,-0.352,0.14423
3929,-0.351,0.222478
3930,-0.35,0.304204
3931,-0.349,0.290293
3932,-0.348,0.2503
3933,-0.347,0.158141
3934,-0.346,0.145969
3935,-0.345,0.145969
3936,-0.344,0.145969
3937,-0.343,0.14423
3938,-0.342,0.14423
3939,-0.341,0.14423
3940,-0.34,0.14423
3941,-0.339,0.14423
3942,-0.338,0.14423
3943,-0.337,0.14423
3944,-0.336,0.14423
3945,-0.335,0.14423
3946,-0.334,0.14423
3947,-0.333,0.14423
3948,-0.332,0.14423
3949,-0.331,0.14423
3950,-0.33,0.14423
3951,-0.329,0.14423
3952,-0.328,0.14423
3953,-0.327,0.14423
3954,-0.326,0.14423
3955,-0.325,0.14423
3956,-0.324,0.14423
3957,-0.323,0.14423
3958,-0.322,0.14423
3959,-0.321,0.14423
3960,-0.32,0.14423
3961,-0.319,0.14423
3962,-0.318,0.14423
3963,-0.317,0.14423
3964,-0.316,0.14423
3965,-0.315,0.14423
3966,-0.314,0.14423
3967,-0.313,0.14423
3968,-0.312,0.14423
3969,-0.311,0.14423
3970,-0.31,0.14423
3971,-0.309,0.14423
3972,-0.308,0.14423
3973,-0.307,0.14423
3974,-0.306,0.14423
3975,-0.305,0.14423
3976,-0.304,0.14423
3977,-0.303,0.14423
3978,-0.302,0.14423
3979,-0.301,0.14423
3980,-0.3,0.14423
3981,-0.299,0.14423
3982,-0.298,0.14423
3983,-0.297,0.14423
3984,-0.296,0.14423
3985,-0.295,0.14423
3986,-0.294,0.14423
3987,-0.293,0.14423
3988,-0.292,0.14423
3989,-0.291,0.14423
3990,-0.29,0.14423
3991,-0.289,0.14423
3992,-0.288,0.14423
3993,-0.287,0.14423
3994,-0.286,0.14423
3995,-0.285,0.14423
3996,-0.284,0.14423
3997,-0.283,0.14423
3998,-0.282,0.14423
3999,-0.281,0.14423
4000,-0.28,0.14423
4001,-0.279,0.14423
4002,-0.278,0.145969
4003,-0.277,0.140752
4004,-0.276,0.217262
4005,-0.275,0.300727
4006,-0.274,0.292032
4007,-0.273,0.258994
4008,-0.272,0.15988
4009,-0.271,0.147708
4010,-0.27,0.145969
4011,-0.269,0.145969
4012,-0.268,0.14423
4013,-0.267,0.14423
4014,-0.266,0.14423
4015,-0.265,0.14423
4016,-0.264,0.14423
4017,-0.263,0.14423
4018,-0.262,0.14423
4019,-0.261,0.14423
4020,-0.26,0.14423
4021,-0.259,0.14423
4022,-0.258,0.14423
4023,-0.257,0.14423
4024,-0.256,0.14423
4025,-0.255,0.14423
4026,-0.254,0.14423
4027,-0.253,0.14423
4028,-0.252,0.14423
4029,-0.251,0.14423
4030,-0.25,0.14423
4031,-0.249,0.14423
4032,-0.248,0.14423
4033,-0.247,0.14423
4034,-0.246,0.14423
4035,-0.245,0.14423
4036,-0.244,0.14423
4037,-0.243,0.14423
4038,-0.242,0.14423
4039,-0.241,0.14423
4040,-0.24,0.14423
4041,-0.239,0.14423
4042,-0.238,0.14423
4043,-0.237,0.14423
4044,-0.236,0.14423
4045,-0.235,0.14423
4046,-0.234,0.14423
4047,-0.233,0.14423
4048,-0.232,0.14423
4049,-0.231,0.14423
4050,-0.23,0.14423
4051,-0.229,0.14423
4052,-0.228,0.14423
4053,-0.227,0.14423
4054,-0.226,0.14423
4055,-0.225,0.14423
4056,-0.224,0.14423
4057,-0.223,0.14423
4058,-0.222,0.14423
4059,-0.221,0.14423
4060,-0.22,0.14423
4061,-0.219,0.14423
4062,-0.218,0.14423
4063,-0.217,0.14423
4064,-0.216,0.14423
4065,-0.215,0.14423
4066,-0.214,0.14423
4067,-0.213,0.14423
4068,-0.212,0.14423
4069,-0.211,0.14423
4070,-0.21,0.14423
4071,-0.209,0.14423
4072,-0.208,0.14423
4073,-0.207,0.14423
4074,-0.206,0.14423
4075,-0.205,0.14423
4076,-0.204,0.14423
4077,-0.203,0.145969
4078,-0.202,0.140752
4079,-0.201,0.210306
4080,-0.2,0.298988
4081,-0.199,0.290293
4082,-0.198,0.262472
4083,-0.197,0.163357
4084,-0.196,0.147708
4085,-0.195,0.145969
4086,-0.194,0.145969
4087,-0.193,0.14423
4088,-0.192,0.14423
4089,-0.191,0.14423
4090,-0.19,0.14423
4091,-0.189,0.14423
4092,-0.188,0.14423
4093,-0.187,0.14423
4094,-0.186,0.14423
4095,-0.185,0.14423
4096,-0.184,0.14423
4097,-0.183,0.14423
4098,-0.182,0.14423
4099,-0.181,0.14423
4100,-0.18,0.14423
4101,-0.179,0.14423
4102,-0.178,0.14423
4103,-0.177,0.14423
4104,-0.176,0.14423
4105,-0.175,0.14423
4106,-0.174,0.14423
4107,-0.173,0.14423
4108,-0.172,0.14423
4109,-0.171,0.14423
4110,-0.17,0.14423
4111,-0.169,0.14423
4112,-0.168,0.14423
4113,-0.167,0.14423
4114,-0.166,0.14423
4115,-0.165,0.14423
4116,-0.164,0.14423
4117,-0.163,0.14423
4118,-0.162,0.14423
4119,-0.161,0.14423
4120,-0.16,0.14423
4121,-0.159,0.14423
4122,-0.158,0.14423
4123,-0.157,0.14423
4124,-0.156,0.14423
4125,-0.155,0.14423
4126,-0.154,0.14423
4127,-0.153,0.14423
4128,-0.152,0.14423
4129,-0.151,0.14423
4130,-0.15,0.14423
4131,-0.149,0.14423
4132,-0.148,0.14423
4133,-0.147,0.14423
4134,-0.146,0.14423
4135,-0.145,0.14423
4136,-0.144,0.14423
4137,-0.143,0.14423
4138,-0.142,0.14423
4139,-0.141,0.14423
4140,-0.14,0.14423
4141,-0.139,0.14423
4142,-0.138,0.14423
4143,-0.137,0.14423
4144,-0.136,0.14423
4145,-0.135,0.14423
4146,-0.134,0.14423
4147,-0.133,0.14423
4148,-0.132,0.14423
4149,-0.131,0.14423
4150,-0.13,0.14423
4151,-0.129,0.14423
4152,-0.128,0.145969
4153,-0.127,0.142491
4154,-0.126,0.206829
4155,-0.125,0.297249
4156,-0.124,0.29551
4157,-0.123,0.264211
4158,-0.122,0.165096
4159,-0.121,0.147708
4160,-0.12,0.147708
4161,-0.119,0.14423
4162,-0.118,0.14423
4163,-0.117,0.14423
4164,-0.116,0.14423
4165,-0.115,0.14423
4166,-0.114,0.14423
4167,-0.113,0.14423
4168,-0.112,0.14423
4169,-0.111,0.14423
4170,-0.11,0.14423
4171,-0.109,0.14423
4172,-0.108,0.14423
4173,-0.107,0.14423
4174,-0.106,0.14423
4175,-0.105,0.14423
4176,-0.104,0.14423
4177,-0.103,0.14423
4178,-0.102,0.14423
4179,-0.101,0.14423
4180,-0.1,0.14423
4181,-0.099,0.14423
4182,-0.098,0.14423
4183,-0.097,0.14423
4184,-0.096,0.14423
4185,-0.095,0.14423
4186,-0.094,0.14423
4187,-0.093,0.14423
4188,-0.092,0.14423
4189,-0.091,0.14423
4190,-0.09,0.14423
4191,-0.089,0.14423
4192,-0.088,0.14423
4193,-0.087,0.14423
4194,-0.086,0.14423
4195,-0.085,0.14423
4196,-0.084,0.14423
4197,-0.083,0.14423
4198,-0.082,0.14423
4199,-0.081,0.14423
4200,-0.08,0.14423
4201,-0.079,0.14423
4202,-0.078,0.14423
4203,-0.077,0.14423
4204,-0.076,0.14423
4205,-0.075,0.14423
4206,-0.074,0.14423
4207,-0.073,0.14423
4208,-0.072,0.14423
4209,-0.071,0.14423
4210,-0.07,0.14423
4211,-0.069,0.14423
4212,-0.068,0.14423
4213,-0.067,0.14423
4214,-0.066,0.14423
4215,-0.065,0.14423
4216,-0.064,0.14423
4217,-0.063,0.14423
4218,-0.062,0.14423
4219,-0.061,0.14423
4220,-0.06,0.14423
4221,-0.059,0.14423
4222,-0.058,0.14423
4223,-0.057,0.14423
4224,-0.056,0.14423
4225,-0.055,0.14423
4226,-0.054,0.14423
4227,-0.053,0.145969
4228,-0.052,0.142491
4229,-0.051,0.199873
4230,-0.05,0.29551
4231,-0.049,0.29551
4232,-0.048,0.269427
4233,-0.047,0.165096
4234,-0.046,0.147708
4235,-0.045,0.145969
4236,-0.044,0.145969
4237,-0.043,0.14423
4238,-0.042,0.14423
4239,-0.041,0.14423
4240,-0.04,0.14423
4241,-0.039,0.14423
4242,-0.038,0.14423
4243,-0.037,0.14423
4244,-0.036,0.14423
4245,-0.035,0.14423
4246,-0.034,0.14423
4247,-0.033,0.14423
4248,-0.032,0.14423
4249,-0.031,0.14423
4250,-0.03,0.14423
4251,-0.029,0.14423
4252,-0.028,0.14423
4253,-0.027,0.14423
4254,-0.026,0.14423
4255,-0.025,0.14423
4256,-0.024,0.14423
4257,-0.023,0.14423
4258,-0.022,0.14423
4259,-0.021,0.14423
4260,-0.02,0.14423
4261,-0.019,0.14423
4262,-0.018,0.14423
4263,-0.017,0.14423
4264,-0.016,0.14423
4265,-0.015,0.14423
4266,-0.014,0.14423
4267,-0.013,0.14423
4268,-0.012,0.14423
4269,-0.011,0.14423
4270,-0.01,0.14423
4271,-0.009,0.14423
4272,-0.008,0.14423
4273,-0.007,0.14423
4274,-0.006,0.14423
4275,-0.005,0.14423
4276,-0.004,0.14423
4277,-0.003,0.14423
4278,-0.002,0.14423
4279,-0.001,0.14423
4280,0,0.14423
4281,0.001,0.14423
4282,0.002,0.14423
4283,0.003,0.14423
4284,0.004,0.14423
4285,0.005,0.14423
4286,0.006,0.14423
4287,0.007,0.14423
4288,0.008,0.14423
4289,0.009,0.14423
4290,0.01,0.14423
4291,0.011,0.14423
4292,0.012,0.14423
4293,0.013,0.14423
4294,0.014,0.14423
4295,0.015,0.14423
4296,0.016,0.14423
4297,0.017,0.14423
4298,0.018,0.14423
4299,0.019,0.14423
4300,0.02,0.14423
4301,0.021,0.14423
4302,0.022,0.145969
4303,0.023,0.14423
4304,0.024,0.194657
4305,0.025,0.292032
4306,0.026,0.29551
4307,0.027,0.272905
4308,0.028,0.168574
4309,0.029,0.149447
4310,0.03,0.145969
4311,0.031,0.145969
4312,0.032,0.14423
4313,0.033,0.14423
4314,0.034,0.14423
4315,0.035,0.14423
4316,0.036,0.14423
4317,0.037,0.14423
4318,0.038,0.14423
4319,0.039,0.14423
4320,0.04,0.14423
4321,0.041,0.14423
4322,0.042,0.14423
4323,0.043,0.14423
4324,0.044,0.14423
4325,0.045,0.14423
4326,0.046,0.14423
4327,0.047,0.14423
4328,0.048,0.14423
4329,0.049,0.14423
4330,0.05,0.14423
4331,0.051,0.14423
4332,0.052,0.14423
4333,0.053,0.14423
4334,0.054,0.14423
4335,0.055,0.14423
4336,0.056,0.14423
4337,0.057,0.14423
4338,0.058,0.14423
4339,0.059,0.14423
4340,0.06,0.14423
4341,0.061,0.14423
4342,0.062,0.14423
4343,0.063,0.14423
4344,0.064,0.14423
4345,0.065,0.14423
4346,0.066,0.14423
4347,0.067,0.14423
4348,0.068,0.14423
4349,0.069,0.14423
4350,0.07,0.14423
4351,0.071,0.14423
4352,0.072,0.14423
4353,0.073,0.14423
4354,0.074,0.14423
4355,0.075,0.14423
4356,0.076,0.14423
4357,0.077,0.14423
4358,0.078,0.14423
4359,0.079,0.14423
4360,0.08,0.14423
4361,0.081,0.14423
4362,0.082,0.14423
4363,0.083,0.14423
4364,0.084,0.14423
4365,0.085,0.14423
4366,0.086,0.14423
4367,0.087,0.14423
4368,0.088,0.14423
4369,0.089,0.14423
4370,0.09,0.14423
4371,0.091,0.14423
4372,0.092,0.14423
4373,0.093,0.14423
4374,0.094,0.14423
4375,0.095,0.14423
4376,0.096,0.14423
4377,0.097,0.145969
4378,0.098,0.142491
4379,0.099,0.18944
4380,0.1,0.290293
4381,0.101,0.297249
4382,0.102,0.278121
4383,0.103,0.172052
4384,0.104,0.149447
4385,0.105,0.147708
4386,0.106,0.14423
4387,0.107,0.14423
4388,0.108,0.14423
4389,0.109,0.14423
4390,0.11,0.14423
4391,0.111,0.14423
4392,0.112,0.14423
4393,0.113,0.14423
4394,0.114,0.14423
4395,0.115,0.14423
4396,0.116,0.14423
4397,0.117,0.14423
4398,0.118,0.14423
4399,0.119,0.14423
4400,0.12,0.14423
4401,0.121,0.14423
4402,0.122,0.14423
4403,0.123,0.14423
4404,0.124,0.14423
4405,0.125,0.14423
4406,0.126,0.14423
4407,0.127,0.14423
4408,0.128,0.14423
4409,0.129,0.14423
4410,0.13,0.14423
4411,0.131,0.14423
4412,0.132,0.14423
4413,0.133,0.14423
4414,0.134,0.14423
4415,0.135,0.14423
4416,0.136,0.14423
4417,0.137,0.14423
4418,0.138,0.14423
4419,0.139,0.14423
4420,0.14,0.14423
4421,0.141,0.14423
4422,0.142,0.14423
4423,0.143,0.14423
4424,0.144,0.14423
4425,0.145,0.14423
4426,0.146,0.14423
4427,0.147,0.14423
4428,0.148,0.14423
4429,0.149,0.14423
4430,0.15,0.14423
4431,0.151,0.14423
4432,0.152,0.14423
4433,0.153,0.14423
4434,0.154,0.14423
4435,0.155,0.14423
4436,0.156,0.14423
4437,0.157,0.14423
4438,0.158,0.14423
4439,0.159,0.14423
4440,0.16,0.14423
4441,0.161,0.14423
4442,0.162,0.14423
4443,0.163,0.14423
4444,0.164,0.14423
4445,0.165,0.14423
4446,0.166,0.14423
4447,0.167,0.14423
4448,0.168,0.14423
4449,0.169,0.14423
4450,0.17,0.14423
4451,0.171,0.14423
4452,0.172,0.145969
4453,0.173,0.14423
4454,0.174,0.182485
4455,0.175,0.288555
4456,0.176,0.298988
4457,0.177,0.27986
4458,0.178,0.17379
4459,0.179,0.149447
4460,0.18,0.145969
4461,0.181,0.145969
4462,0.182,0.14423
4463,0.183,0.14423
4464,0.184,0.14423
4465,0.185,0.14423
4466,0.186,0.14423
4467,0.187,0.14423
4468,0.188,0.14423
4469,0.189,0.14423
4470,0.19,0.14423
4471,0.191,0.14423
4472,0.192,0.14423
4473,0.193,0.14423
4474,0.194,0.14423
4475,0.195,0.14423
4476,0.196,0.14423
4477,0.197,0.14423
4478,0.198,0.14423
4479,0.199,0.14423
4480,0.2,0.14423
4481,0.201,0.14423
4482,0.202,0.14423
4483,0.203,0.14423
4484,0.204,0.14423
4485,0.205,0.14423
4486,0.206,0.14423
4487,0.207,0.14423
4488,0.208,0.14423
4489,0.209,0.14423
4490,0.21,0.14423
4491,0.211,0.14423
4492,0.212,0.14423
4493,0.213,0.14423
4494,0.214,0.14423
4495,0.215,0.14423
4496,0.216,0.14423
4497,0.217,0.14423
4498,0.218,0.14423
4499,0.219,0.14423
4500,0.22,0.14423
4501,0.221,0.14423
4502,0.222,0.14423
4503,0.223,0.14423
4504,0.224,0.14423
4505,0.225,0.14423
4506,0.226,0.14423
4507,0.227,0.14423
4508,0.228,0.14423
4509,0.229,0.14423
4510,0.23,0.14423
4511,0.231,0.14423
4512,0.232,0.14423
4513,0.233,0.14423
4514,0.234,0.14423
4515,0.235,0.14423
4516,0.236,0.14423
4517,0.237,0.14423
4518,0.238,0.14423
4519,0.239,0.14423
4520,0.24,0.14423
4521,0.241,0.14423
4522,0.242,0.14423
4523,0.243,0.14423
4524,0.244,0.14423
4525,0.245,0.14423
4526,0.246,0.14423
4527,0.247,0.145969
4528,0.248,0.14423
4529,0.249,0.177268
4530,0.25,0.285077
4531,0.251,0.300727
4532,0.252,0.27986
4533,0.253,0.177268
4534,0.254,0.149447
4535,0.255,0.145969
4536,0.256,0.145969
4537,0.257,0.14423
4538,0.258,0.14423
4539,0.259,0.14423
4540,0.26,0.14423
4541,0.261,0.14423
4542,0.262,0.14423
4543,0.263,0.14423
4544,0.264,0.14423
4545,0.265,0.14423
4546,0.266,0.14423
4547,0.267,0.14423
4548,0.268,0.14423
4549,0.269,0.14423
4550,0.27,0.14423
4551,0.271,0.14423
4552,0.272,0.14423
4553,0.273,0.14423
4554,0.274,0.14423
4555,0.275,0.14423
4556,0.276,0.14423
4557,0.277,0.14423
4558,0.278,0.14423
4559,0.279,0.14423
4560,0.28,0.14423
4561,0.281,0.14423
4562,0.282,0.14423
4563,0.283,0.14423
4564,0.284,0.14423
4565,0.285,0.14423
4566,0.286,0.14423
4567,0.287,0.14423
4568,0.288,0.14423
4569,0.289,0.14423
4570,0.29,0.14423
4571,0.291,0.14423
4572,0.292,0.14423
4573,0.293,0.14423
4574,0.294,0.14423
4575,0.295,0.14423
4576,0.296,0.14423
4577,0.297,0.14423
4578,0.298,0.14423
4579,0.299,0.14423
4580,0.3,0.14423
4581,0.301,0.14423
4582,0.302,0.14423
4583,0.303,0.14423
4584,0.304,0.14423
4585,0.305,0.14423
4586,0.306,0.14423
4587,0.307,0.14423
4588,0.308,0.14423
4589,0.309,0.14423
4590,0.31,0.14423
4591,0.311,0.14423
4592,0.312,0.14423
4593,0.313,0.14423
4594,0.314,0.14423
4595,0.315,0.14423
4596,0.316,0.14423
4597,0.317,0.14423
4598,0.318,0.14423
4599,0.319,0.14423
4600,0.32,0.14423
4601,0.321,0.14423
4602,0.322,0.145969
4603,0.323,0.145969
4604,0.324,0.172052
4605,0.325,0.283338
4606,0.326,0.300727
4607,0.327,0.283338
4608,0.328,0.182485
4609,0.329,0.149447
4610,0.33,0.147708
4611,0.331,0.14423
4612,0.332,0.14423
4613,0.333,0.14423
4614,0.334,0.14423
4615,0.335,0.14423
4616,0.336,0.14423
4617,0.337,0.14423
4618,0.338,0.14423
4619,0.339,0.14423
4620,0.34,0.14423
4621,0.341,0.14423
4622,0.342,0.14423
4623,0.343,0.14423
4624,0.344,0.14423
4625,0.345,0.14423
4626,0.346,0.14423
4627,0.347,0.14423
4628,0.348,0.14423
4629,0.349,0.14423
4630,0.35,0.14423
4631,0.351,0.14423
4632,0.352,0.14423
4633,0.353,0.14423
4634,0.354,0.14423
4635,0.355,0.14423
4636,0.356,0.14423
4637,0.357,0.14423
4638,0.358,0.14423
4639,0.359,0.14423
4640,0.36,0.14423
4641,0.361,0.14423
4642,0.362,0.14423
4643,0.363,0.14423
4644,0.364,0.14423
4645,0.365,0.14423
4646,0.366,0.14423
4647,0.367,0.14423
4648,0.368,0.14423
4649,0.369,0.14423
4650,0.37,0.14423
4651,0.371,0.14423
4652,0.372,0.14423
4653,0.373,0.14423
4654,0.374,0.14423
4655,0.375,0.14423
4656,0.376,0.14423
4657,0.377,0.14423
4658,0.378,0.14423
4659,0.379,0.14423
4660,0.38,0.14423
4661,0.381,0.14423
4662,0.382,0.14423
4663,0.383,0.14423
4664,0.384,0.14423
4665,0.385,0.14423
4666,0.386,0.14423
4667,0.387,0.14423
4668,0.388,0.14423
4669,0.389,0.14423
4670,0.39,0.14423
4671,0.391,0.14423
4672,0.392,0.14423
4673,0.393,0.14423
4674,0.394,0.14423
4675,0.395,0.14423
4676,0.396,0.14423
4677,0.397,0.145969
4678,0.398,0.145969
4679,0.399,0.168574
4680,0.4,0.281599
4681,0.401,0.298988
4682,0.402,0.283338
4683,0.403,0.185962
4684,0.404,0.149447
4685,0.405,0.147708
4686,0.406,0.14423
4687,0.407,0.14423
4688,0.408,0.14423
4689,0.409,0.14423
4690,0.41,0.14423
4691,0.411,0.14423
4692,0.412,0.14423
4693,0.413,0.14423
4694,0.414,0.14423
4695,0.415,0.14423
4696,0.416,0.14423
4697,0.417,0.14423
4698,0.418,0.14423
4699,0.419,0.14423
4700,0.42,0.14423
4701,0.421,0.14423
4702,0.422,0.14423
4703,0.423,0.14423
4704,0.424,0.14423
4705,0.425,0.14423
4706,0.426,0.14423
4707,0.427,0.14423
4708,0.428,0.14423
4709,0.429,0.14423
4710,0.43,0.14423
4711,0.431,0.14423
4712,0.432,0.14423
4713,0.433,0.14423
4714,0.434,0.14423
4715,0.435,0.14423
4716,0.436,0.14423
4717,0.437,0.14423
4718,0.438,0.14423
4719,0.439,0.14423
4720,0.44,0.14423
4721,0.441,0.14423
4722,0.442,0.14423
4723,0.443,0.14423
4724,0.444,0.14423
4725,0.445,0.14423
4726,0.446,0.14423
4727,0.447,0.14423
4728,0.448,0.14423
4729,0.449,0.14423
4730,0.45,0.14423
4731,0.451,0.14423
4732,0.452,0.14423
4733,0.453,0.14423
4734,0.454,0.14423
4735,0.455,0.14423
4736,0.456,0.14423
4737,0.457,0.14423
4738,0.458,0.14423
4739,0.459,0.14423
4740,0.46,0.14423
4741,0.461,0.14423
4742,0.462,0.14423
4743,0.463,0.14423
4744,0.464,0.14423
4745,0.465,0.14423
4746,0.466,0.14423
4747,0.467,0.14423
4748,0.468,0.14423
4749,0.469,0.14423
4750,0.47,0.14423
4751,0.471,0.14423
4752,0.472,0.145969
4753,0.473,0.145969
4754,0.474,0.165096
4755,0.475,0.278121
4756,0.476,0.302465
4757,0.477,0.285077
4758,0.478,0.191179
4759,0.479,0.149447
4760,0.48,0.147708
4761,0.481,0.14423
4762,0.482,0.14423
4763,0.483,0.14423
4764,0.484,0.14423
4765,0.485,0.14423
4766,0.486,0.14423
4767,0.487,0.14423
4768,0.488,0.14423
4769,0.489,0.14423
4770,0.49,0.14423
4771,0.491,0.14423
4772,0.492,0.14423
4773,0.493,0.14423
4774,0.494,0.14423
4775,0.495,0.14423
4776,0.496,0.14423
4777,0.497,0.14423
4778,0.498,0.14423
4779,0.499,0.14423
4780,0.5,0.14423
4781,0.501,0.14423
4782,0.502,0.14423
4783,0.503,0.14423
4784,0.504,0.14423
4785,0.505,0.14423
4786,0.506,0.14423
4787,0.507,0.14423
4788,0.508,0.14423
4789,0.509,0.14423
4790,0.51,0.14423
4791,0.511,0.14423
4792,0.512,0.14423
4793,0.513,0.14423
4794,0.514,0.14423
4795,0.515,0.14423
4796,0.516,0.14423
4797,0.517,0.14423
4798,0.518,0.14423
4799,0.519,0.14423
4800,0.52,0.14423
4801,0.521,0.14423
4802,0.522,0.14423
4803,0.523,0.14423
4804,0.524,0.14423
4805,0.525,0.14423
4806,0.526,0.14423
4807,0.527,0.14423
4808,0.528,0.14423
4809,0.529,0.14423
4810,0.53,0.14423
4811,0.531,0.14423
4812,0.532,0.14423
4813,0.533,0.14423
4814,0.534,0.14423
4815,0.535,0.14423
4816,0.536,0.14423
4817,0.537,0.14423
4818,0.538,0.14423
4819,0.539,0.14423
4820,0.54,0.14423
4821,0.541,0.14423
4822,0.542,0.14423
4823,0.543,0.14423
4824,0.544,0.14423
4825,0.545,0.14423
4826,0.546,0.14423
4827,0.547,0.14423
4828,0.548,0.145969
4829,0.549,0.161618
4830,0.55,0.276383
4831,0.551,0.304204
4832,0.552,0.286816
4833,0.553,0.192918
4834,0.554,0.152924
4835,0.555,0.145969
4836,0.556,0.14423
4837,0.557,0.14423
4838,0.558,0.14423
4839,0.559,0.14423
4840,0.56,0.14423
4841,0.561,0.14423
4842,0.562,0.14423
4843,0.563,0.14423
4844,0.564,0.14423
4845,0.565,0.14423
4846,0.566,0.14423
4847,0.567,0.14423
4848,0.568,0.14423
4849,0.569,0.14423
4850,0.57,0.14423
4851,0.571,0.14423
4852,0.572,0.14423
4853,0.573,0.14423
4854,0.574,0.14423
4855,0.575,0.14423
4856,0.576,0.14423
4857,0.577,0.14423
4858,0.578,0.14423
4859,0.579,0.14423
4860,0.58,0.14423
4861,0.581,0.14423
4862,0.582,0.14423
4863,0.583,0.14423
4864,0.584,0.14423
4865,0.585,0.14423
4866,0.586,0.14423
4867,0.587,0.14423
4868,0.588,0.14423
4869,0.589,0.14423
4870,0.59,0.14423
4871,0.591,0.14423
4872,0.592,0.14423
4873,0.593,0.14423
4874,0.594,0.14423
4875,0.595,0.14423
4876,0.596,0.14423
4877,0.597,0.14423
4878,0.598,0.14423
4879,0.599,0.14423
4880,0.6,0.14423
4881,0.601,0.14423
4882,0.602,0.14423
4883,0.603,0.14423
4884,0.604,0.14423
4885,0.605,0.14423
4886,0.606,0.14423
4887,0.607,0.14423
4888,0.608,0.14423
4889,0.609,0.14423
4890,0.61,0.14423
4891,0.611,0.14423
4892,0.612,0.14423
4893,0.613,0.14423
4894,0.614,0.14423
4895,0.615,0.14423
4896,0.616,0.14423
4897,0.617,0.14423
4898,0.618,0.14423
4899,0.619,0.14423
4900,0.62,0.14423
4901,0.621,0.14423
4902,0.622,0.14423
4903,0.623,0.145969
4904,0.624,0.15988
4905,0.625,0.269427
4906,0.626,0.300727
4907,0.627,0.27986
4908,0.628,0.272905
4909,0.629,0.304204
4910,0.63,0.309421
4911,0.631,0.309421
4912,0.632,0.31116
4913,0.633,0.307682
4914,0.634,0.309421
4915,0.635,0.309421
4916,0.636,0.309421
4917,0.637,0.309421
4918,0.638,0.309421
4919,0.639,0.309421
4920,0.64,0.309421
4921,0.641,0.309421
4922,0.642,0.309421
4923,0.643,0.31116
4924,0.644,0.309421
4925,0.645,0.309421
4926,0.646,0.309421
4927,0.647,0.309421
4928,0.648,0.309421
4929,0.649,0.309421
4930,0.65,0.309421
4931,0.651,0.309421
4932,0.652,0.309421
4933,0.653,0.309421
4934,0.654,0.309421
4935,0.655,0.309421
4936,0.656,0.309421
4937,0.657,0.309421
4938,0.658,0.307682
4939,0.659,0.31116
4940,0.66,0.309421
4941,0.661,0.309421
4942,0.662,0.309421
4943,0.663,0.309421
4944,0.664,0.307682
4945,0.665,0.312898
4946,0.666,0.307682
4947,0.667,0.309421
4948,0.668,0.309421
4949,0.669,0.309421
4950,0.67,0.309421
4951,0.671,0.309421
4952,0.672,0.309421
4953,0.673,0.309421
4954,0.674,0.309421
4955,0.675,0.309421
4956,0.676,0.31116
4957,0.677,0.307682
4958,0.678,0.31116
4959,0.679,0.309421
4960,0.68,0.309421
4961,0.681,0.309421
4962,0.682,0.31116
4963,0.683,0.27986
4964,0.684,0.255516
4965,0.685,0.262472
4966,0.686,0.264211
4967,0.687,0.260733
4968,0.688,0.264211
4969,0.689,0.264211
4970,0.69,0.260733
4971,0.691,0.264211
4972,0.692,0.262472
4973,0.693,0.262472
4974,0.694,0.264211
4975,0.695,0.260733
4976,0.696,0.264211
4977,0.697,0.264211
4978,0.698,0.260733
4979,0.699,0.264211
4980,0.7,0.262472
4981,0.701,0.262472
4982,0.702,0.264211
4983,0.703,0.260733
4984,0.704,0.264211
4985,0.705,0.264211
4986,0.706,0.260733
4987,0.707,0.264211
4988,0.708,0.262472
4989,0.709,0.262472
4990,0.71,0.264211
4991,0.711,0.258994
4992,0.712,0.265949
4993,0.713,0.264211
4994,0.714,0.260733
4995,0.715,0.264211
4996,0.716,0.260733
4997,0.717,0.264211
4998,0.718,0.264211
4999,0.719,0.260733
5000,0.72,0.264211
5001,0.721,0.264211
5002,0.722,0.260733
5003,0.723,0.264211
5004,0.724,0.262472
5005,0.725,0.262472
5006,0.726,0.264211
5007,0.727,0.260733
5008,0.728,0.264211
5009,0.729,0.262472
5010,0.73,0.262472
5011,0.731,0.265949
5012,0.732,0.262472
5013,0.733,0.262472
5014,0.734,0.264211
5015,0.735,0.260733
5016,0.736,0.264211
5017,0.737,0.262472
5018,0.738,0.260733
5019,0.739,0.264211
5020,0.74,0.262472
5021,0.741,0.262472
5022,0.742,0.264211
5023,0.743,0.260733
5024,0.744,0.264211
5025,0.745,0.264211
5026,0.746,0.260733
5027,0.747,0.264211
5028,0.748,0.262472
5029,0.749,0.262472
5030,0.75,0.264211
5031,0.751,0.260733
5032,0.752,0.264211
5033,0.753,0.264211
5034,0.754,0.260733
5035,0.755,0.264211
5036,0.756,0.262472
5037,0.757,0.262472
5038,0.758,0.264211
5039,0.759,0.260733
5040,0.76,0.264211
5041,0.761,0.262472
5042,0.762,0.260733
5043,0.763,0.264211
5044,0.764,0.262472
5045,0.765,0.262472
5046,0.766,0.264211
5047,0.767,0.260733
5048,0.768,0.264211
5049,0.769,0.264211
5050,0.77,0.260733
5051,0.771,0.264211
5052,0.772,0.262472
5053,0.773,0.262472
5054,0.774,0.264211
5055,0.775,0.260733
5056,0.776,0.264211
5057,0.777,0.262472
5058,0.778,0.260733
5059,0.779,0.264211
5060,0.78,0.262472
5061,0.781,0.262472
5062,0.782,0.264211
5063,0.783,0.260733
5064,0.784,0.264211
5065,0.785,0.262472
5066,0.786,0.260733
5067,0.787,0.264211
5068,0.788,0.262472
5069,0.789,0.262472
5070,0.79,0.264211
5071,0.791,0.260733
5072,0.792,0.264211
5073,0.793,0.262472
5074,0.794,0.260733
5075,0.795,0.264211
5076,0.796,0.262472
5077,0.797,0.262472
5078,0.798,0.264211
5079,0.799,0.260733
5080,0.8,0.264211
5081,0.801,0.262472
5082,0.802,0.262472
5083,0.803,0.264211
5084,0.804,0.262472
5085,0.805,0.262472
5086,0.806,0.264211
5087,0.807,0.260733
5088,0.808,0.264211
5089,0.809,0.262472
5090,0.81,0.262472
5091,0.811,0.264211
5092,0.812,0.262472
5093,0.813,0.262472
5094,0.814,0.264211
5095,0.815,0.260733
5096,0.816,0.264211
5097,0.817,0.262472
5098,0.818,0.262472
5099,0.819,0.264211
5100,0.82,0.276383
5101,0.821,0.314637
5102,0.822,0.213784
5103,0.823,0.151185
5104,0.824,0.14423
5105,0.825,0.14423
5106,0.826,0.142491
5107,0.827,0.142491
5108,0.828,0.142491
5109,0.829,0.142491
5110,0.83,0.142491
5111,0.831,0.142491
5112,0.832,0.142491
5113,0.833,0.142491
5114,0.834,0.142491
5115,0.835,0.142491
5116,0.836,0.14423
5117,0.837,0.140752
5118,0.838,0.213784
5119,0.839,0.224217
5120,0.84,0.149447
5121,0.841,0.14423
5122,0.842,0.14423
5123,0.843,0.142491
5124,0.844,0.142491
5125,0.845,0.142491
5126,0.846,0.142491
5127,0.847,0.142491
5128,0.848,0.142491
5129,0.849,0.142491
5130,0.85,0.142491
5131,0.851,0.142491
5132,0.852,0.14423
5133,0.853,0.154663
5134,0.854,0.269427
5135,0.855,0.158141
5136,0.856,0.145969
5137,0.857,0.142491
5138,0.858,0.142491
5139,0.859,0.142491
5140,0.86,0.142491
5141,0.861,0.142491
5142,0.862,0.142491
5143,0.863,0.142491
5144,0.864,0.142491
5145,0.865,0.142491
5146,0.866,0.142491
5147,0.867,0.14423
5148,0.868,0.135536
5149,0.869,0.258994
5150,0.87,0.185962
5151,0.871,0.147708
5152,0.872,0.142491
5153,0.873,0.142491
5154,0.874,0.142491
5155,0.875,0.142491
5156,0.876,0.142491
5157,0.877,0.142491
5158,0.878,0.142491
5159,0.879,0.142491
5160,0.88,0.142491
5161,0.881,0.142491
5162,0.882,0.14423
5163,0.883,0.140752
5164,0.884,0.199873
5165,0.885,0.238128
5166,0.886,0.151185
5167,0.887,0.14423
5168,0.888,0.14423
5169,0.889,0.142491
5170,0.89,0.142491
5171,0.891,0.142491
5172,0.892,0.142491
5173,0.893,0.142491
5174,0.894,0.142491
5175,0.895,0.142491
5176,0.896,0.142491
5177,0.897,0.142491
5178,0.898,0.14423
5179,0.899,0.147708
5180,0.9,0.272905
5181,0.901,0.161618
5182,0.902,0.145969
5183,0.903,0.142491
5184,0.904,0.142491
5185,0.905,0.142491
5186,0.906,0.142491
5187,0.907,0.142491
5188,0.908,0.142491
5189,0.909,0.142491
5190,0.91,0.142491
5191,0.911,0.142491
5192,0.912,0.142491
5193,0.913,0.14423
5194,0.914,0.135536
5195,0.915,0.2503
5196,0.916,0.196395
5197,0.917,0.147708
5198,0.918,0.14423
5199,0.919,0.14423
5200,0.92,0.142491
5201,0.921,0.142491
5202,0.922,0.142491
5203,0.923,0.142491
5204,0.924,0.142491
5205,0.925,0.142491
5206,0.926,0.142491
5207,0.927,0.142491
5208,0.928,0.142491
5209,0.929,0.142491
5210,0.93,0.185962
5211,0.931,0.2503
5212,0.932,0.151185
5213,0.933,0.142491
5214,0.934,0.14423
5215,0.935,0.142491
5216,0.936,0.142491
5217,0.937,0.142491
5218,0.938,0.142491
5219,0.939,0.142491
5220,0.94,0.142491
5221,0.941,0.142491
5222,0.942,0.142491
5223,0.943,0.142491
5224,0.944,0.14423
5225,0.945,0.149447
5226,0.946,0.180746
5227,0.947,0.145969
5228,0.948,0.142491
5229,0.949,0.151185
5230,0.95,0.149447
5231,0.951,0.142491
5232,0.952,0.142491
5233,0.953,0.142491
5234,0.954,0.140752
5235,0.955,0.180746
5236,0.956,0.264211
5237,0.957,0.272905
5238,0.958,0.269427
5239,0.959,0.269427
5240,0.96,0.269427
5241,0.961,0.269427
5242,0.962,0.269427
5243,0.963,0.269427
5244,0.964,0.269427
5245,0.965,0.269427
5246,0.966,0.269427
5247,0.967,0.269427
5248,0.968,0.269427
5249,0.969,0.269427
5250,0.97,0.269427
5251,0.971,0.269427
5252,0.972,0.269427
5253,0.973,0.269427
5254,0.974,0.269427
5255,0.975,0.267688
5256,0.976,0.269427
5257,0.977,0.175529
5258,0.978,0.149447
5259,0.979,0.147708
5260,0.98,0.14423
5261,0.981,0.14423
5262,0.982,0.14423
5263,0.983,0.14423
5264,0.984,0.14423
5265,0.985,0.14423
5266,0.986,0.14423
5267,0.987,0.14423
5268,0.988,0.14423
5269,0.989,0.14423
5270,0.99,0.14423
5271,0.991,0.14423
5272,0.992,0.14423
5273,0.993,0.14423
5274,0.994,0.14423
5275,0.995,0.14423
5276,0.996,0.14423
5277,0.997,0.14423
5278,0.998,0.14423
5279,0.999,0.14423
5280,1,0.14423
5281,1.001,0.14423
5282,1.002,0.14423
5283,1.003,0.14423
5284,1.004,0.14423
5285,1.005,0.14423
5286,1.006,0.14423
5287,1.007,0.14423
5288,1.008,0.14423
5289,1.009,0.14423
5290,1.01,0.14423
5291,1.011,0.14423
5292,1.012,0.14423
5293,1.013,0.14423
5294,1.014,0.14423
5295,1.015,0.14423
5296,1.016,0.14423
5297,1.017,0.14423
5298,1.018,0.14423
5299,1.019,0.14423
5300,1.02,0.14423
5301,1.021,0.14423
5302,1.022,0.14423
5303,1.023,0.14423
5304,1.024,0.14423
5305,1.025,0.14423
5306,1.026,0.14423
5307,1.027,0.14423
5308,1.028,0.14423
5309,1.029,0.14423
5310,1.03,0.14423
5311,1.031,0.14423
5312,1.032,0.14423
5313,1.033,0.14423
5314,1.034,0.14423
5315,1.035,0.14423
5316,1.036,0.14423
5317,1.037,0.14423
5318,1.038,0.14423
5319,1.039,0.14423
5320,1.04,0.14423
5321,1.041,0.14423
5322,1.042,0.14423
5323,1.043,0.14423
5324,1.044,0.14423
5325,1.045,0.14423
5326,1.046,0.14423
5327,1.047,0.14423
5328,1.048,0.14423
5329,1.049,0.14423
5330,1.05,0.145969
5331,1.051,0.147708
5332,1.052,0.257255
5333,1.053,0.304204
5334,1.054,0.286816
5335,1.055,0.217262
5336,1.056,0.152924
5337,1.057,0.145969
5338,1.058,0.14423
5339,1.059,0.14423
5340,1.06,0.14423
5341,1.061,0.14423
5342,1.062,0.14423
5343,1.063,0.14423
5344,1.064,0.14423
5345,1.065,0.14423
5346,1.066,0.14423
5347,1.067,0.14423
5348,1.068,0.14423
5349,1.069,0.14423
5350,1.07,0.14423
5351,1.071,0.14423
5352,1.072,0.14423
5353,1.073,0.14423
5354,1.074,0.14423
5355,1.075,0.14423
5356,1.076,0.14423
5357,1.077,0.14423
5358,1.078,0.14423
5359,1.079,0.14423
5360,1.08,0.14423
5361,1.081,0.14423
5362,1.082,0.14423
5363,1.083,0.14423
5364,1.084,0.14423
5365,1.085,0.14423
5366,1.086,0.14423
5367,1.087,0.14423
5368,1.088,0.14423
5369,1.089,0.14423
5370,1.09,0.14423
5371,1.091,0.14423
5372,1.092,0.14423
5373,1.093,0.14423
5374,1.094,0.14423
5375,1.095,0.14423
5376,1.096,0.14423
5377,1.097,0.14423
5378,1.098,0.14423
5379,1.099,0.14423
5380,1.1,0.14423
5381,1.101,0.14423
5382,1.102,0.14423
5383,1.103,0.14423
5384,1.104,0.14423
5385,1.105,0.14423
5386,1.106,0.14423
5387,1.107,0.14423
5388,1.108,0.14423
5389,1.109,0.14423
5390,1.11,0.14423
5391,1.111,0.14423
5392,1.112,0.14423
5393,1.113,0.14423
5394,1.114,0.14423
5395,1.115,0.14423
5396,1.116,0.14423
5397,1.117,0.14423
5398,1.118,0.14423
5399,1.119,0.14423
5400,1.12,0.14423
5401,1.121,0.14423
5402,1.122,0.14423
5403,1.123,0.14423
5404,1.124,0.14423
5405,1.125,0.145969
5406,1.126,0.145969
5407,1.127,0.255516
5408,1.128,0.304204
5409,1.129,0.288555
5410,1.13,0.220739
5411,1.131,0.152924
5412,1.132,0.147708
5413,1.133,0.14423
5414,1.134,0.14423
5415,1.135,0.14423
5416,1.136,0.14423
5417,1.137,0.14423
5418,1.138,0.14423
5419,1.139,0.14423
5420,1.14,0.14423
5421,1.141,0.14423
5422,1.142,0.14423
5423,1.143,0.14423
5424,1.144,0.14423
5425,1.145,0.14423
5426,1.146,0.14423
5427,1.147,0.14423
5428,1.148,0.14423
5429,1.149,0.14423
5430,1.15,0.14423
5431,1.151,0.14423
5432,1.152,0.14423
5433,1.153,0.14423
5434,1.154,0.14423
5435,1.155,0.14423
5436,1.156,0.14423
5437,1.157,0.14423
5438,1.158,0.14423
5439,1.159,0.14423
5440,1.16,0.14423
5441,1.161,0.14423
5442,1.162,0.14423
5443,1.163,0.14423
5444,1.164,0.14423
5445,1.165,0.14423
5446,1.166,0.14423
5447,1.167,0.14423
5448,1.168,0.14423
5449,1.169,0.14423
5450,1.17,0.14423
5451,1.171,0.14423
5452,1.172,0.14423
5453,1.173,0.14423
5454,1.174,0.14423
5455,1.175,0.14423
5456,1.176,0.14423
5457,1.177,0.14423
5458,1.178,0.14423
5459,1.179,0.14423
5460,1.18,0.14423
5461,1.181,0.14423
5462,1.182,0.14423
5463,1.183,0.14423
5464,1.184,0.14423
5465,1.185,0.14423
5466,1.186,0.14423
5467,1.187,0.14423
5468,1.188,0.14423
5469,1.189,0.14423
5470,1.19,0.14423
5471,1.191,0.14423
5472,1.192,0.14423
5473,1.193,0.14423
5474,1.194,0.14423
5475,1.195,0.14423
5476,1.196,0.14423
5477,1.197,0.14423
5478,1.198,0.14423
5479,1.199,0.14423
5480,1.2,0.145969
5481,1.201,0.14423
5482,1.202,0.246822
5483,1.203,0.305943
5484,1.204,0.288555
5485,1.205,0.227695
5486,1.206,0.152924
5487,1.207,0.147708
5488,1.208,0.14423
5489,1.209,0.14423
5490,1.21,0.14423
5491,1.211,0.14423
5492,1.212,0.14423
5493,1.213,0.14423
5494,1.214,0.14423
5495,1.215,0.14423
5496,1.216,0.14423
5497,1.217,0.14423
5498,1.218,0.14423
5499,1.219,0.14423
5500,1.22,0.14423
5501,1.221,0.14423
5502,1.222,0.14423
5503,1.223,0.14423
5504,1.224,0.14423
5505,1.225,0.14423
5506,1.226,0.14423
5507,1.227,0.14423
5508,1.228,0.14423
5509,1.229,0.14423
5510,1.23,0.14423
5511,1.231,0.14423
5512,1.232,0.14423
5513,1.233,0.14423
5514,1.234,0.14423
5515,1.235,0.14423
5516,1.236,0.14423
5517,1.237,0.14423
5518,1.238,0.14423
5519,1.239,0.14423
5520,1.24,0.14423
5521,1.241,0.14423
5522,1.242,0.14423
5523,1.243,0.14423
5524,1.244,0.14423
5525,1.245,0.14423
5526,1.246,0.14423
5527,1.247,0.14423
5528,1.248,0.14423
5529,1.249,0.14423
5530,1.25,0.14423
5531,1.251,0.14423
5532,1.252,0.14423
5533,1.253,0.14423
5534,1.254,0.14423
5535,1.255,0.14423
5536,1.256,0.14423
5537,1.257,0.14423
5538,1.258,0.14423
5539,1.259,0.14423
5540,1.26,0.14423
5541,1.261,0.14423
5542,1.262,0.14423
5543,1.263,0.14423
5544,1.264,0.14423
5545,1.265,0.14423
5546,1.266,0.14423
5547,1.267,0.14423
5548,1.268,0.14423
5549,1.269,0.14423
5550,1.27,0.14423
5551,1.271,0.14423
5552,1.272,0.14423
5553,1.273,0.14423
5554,1.274,0.14423
5555,1.275,0.145969
5556,1.276,0.14423
5557,1.277,0.243344
5558,1.278,0.304204
5559,1.279,0.286816
5560,1.28,0.23465
5561,1.281,0.151185
5562,1.282,0.147708
5563,1.283,0.145969
5564,1.284,0.145969
5565,1.285,0.14423
5566,1.286,0.14423
5567,1.287,0.14423
5568,1.288,0.14423
5569,1.289,0.14423
5570,1.29,0.14423
5571,1.291,0.14423
5572,1.292,0.14423
5573,1.293,0.14423
5574,1.294,0.14423
5575,1.295,0.14423
5576,1.296,0.14423
5577,1.297,0.14423
5578,1.298,0.14423
5579,1.299,0.14423
5580,1.3,0.14423
5581,1.301,0.14423
5582,1.302,0.14423
5583,1.303,0.14423
5584,1.304,0.14423
5585,1.305,0.14423
5586,1.306,0.14423
5587,1.307,0.14423
5588,1.308,0.14423
5589,1.309,0.14423
5590,1.31,0.14423
5591,1.311,0.14423
5592,1.312,0.14423
5593,1.313,0.14423
5594,1.314,0.14423
5595,1.315,0.14423
5596,1.316,0.14423
5597,1.317,0.14423
5598,1.318,0.14423
5599,1.319,0.14423
5600,1.32,0.14423
5601,1.321,0.14423
5602,1.322,0.14423
5603,1.323,0.14423
5604,1.324,0.14423
5605,1.325,0.14423
5606,1.326,0.14423
5607,1.327,0.14423
5608,1.328,0.14423
5609,1.329,0.14423
5610,1.33,0.14423
5611,1.331,0.14423
5612,1.332,0.14423
5613,1.333,0.14423
5614,1.334,0.14423
5615,1.335,0.14423
5616,1.336,0.14423
5617,1.337,0.14423
5618,1.338,0.14423
5619,1.339,0.14423
5620,1.34,0.14423
5621,1.341,0.14423
5622,1.342,0.14423
5623,1.343,0.14423
5624,1.344,0.14423
5625,1.345,0.14423
5626,1.346,0.14423
5627,1.347,0.14423
5628,1.348,0.14423
5629,1.349,0.14423
5630,1.35,0.145969
5631,1.351,0.142491
5632,1.352,0.238128
5633,1.353,0.304204
5634,1.354,0.288555
5635,1.355,0.239867
5636,1.356,0.154663
5637,1.357,0.147708
5638,1.358,0.145969
5639,1.359,0.145969
5640,1.36,0.14423
5641,1.361,0.14423
5642,1.362,0.14423
5643,1.363,0.14423
5644,1.364,0.14423
5645,1.365,0.14423
5646,1.366,0.14423
5647,1.367,0.14423
5648,1.368,0.14423
5649,1.369,0.14423
5650,1.37,0.14423
5651,1.371,0.14423
5652,1.372,0.14423
5653,1.373,0.14423
5654,1.374,0.14423
5655,1.375,0.14423
5656,1.376,0.14423
5657,1.377,0.14423
5658,1.378,0.14423
5659,1.379,0.14423
5660,1.38,0.14423
5661,1.381,0.14423
5662,1.382,0.14423
5663,1.383,0.14423
5664,1.384,0.14423
5665,1.385,0.14423
5666,1.386,0.14423
5667,1.387,0.14423
5668,1.388,0.14423
5669,1.389,0.14423
5670,1.39,0.14423
5671,1.391,0.14423
5672,1.392,0.14423
5673,1.393,0.14423
5674,1.394,0.14423
5675,1.395,0.14423
5676,1.396,0.14423
5677,1.397,0.14423
5678,1.398,0.14423
5679,1.399,0.14423
5680,1.4,0.14423
5681,1.401,0.14423
5682,1.402,0.14423
5683,1.403,0.14423
5684,1.404,0.14423
5685,1.405,0.14423
5686,1.406,0.14423
5687,1.407,0.14423
5688,1.408,0.14423
5689,1.409,0.14423
5690,1.41,0.14423
5691,1.411,0.14423
5692,1.412,0.14423
5693,1.413,0.14423
5694,1.414,0.14423
5695,1.415,0.14423
5696,1.416,0.14423
5697,1.417,0.14423
5698,1.418,0.14423
5699,1.419,0.14423
5700,1.42,0.14423
5701,1.421,0.14423
5702,1.422,0.14423
5703,1.423,0.14423
5704,1.424,0.14423
5705,1.425,0.145969
5706,1.426,0.142491
5707,1.427,0.231172
5708,1.428,0.304204
5709,1.429,0.288555
5710,1.43,0.246822
5711,1.431,0.158141
5712,1.432,0.145969
5713,1.433,0.145969
5714,1.434,0.145969
5715,1.435,0.14423
5716,1.436,0.14423
5717,1.437,0.14423
5718,1.438,0.14423
5719,1.439,0.14423
5720,1.44,0.14423
5721,1.441,0.14423
5722,1.442,0.14423
5723,1.443,0.14423
5724,1.444,0.14423
5725,1.445,0.14423
5726,1.446,0.14423
5727,1.447,0.14423
5728,1.448,0.14423
5729,1.449,0.14423
5730,1.45,0.14423
5731,1.451,0.14423
5732,1.452,0.14423
5733,1.453,0.14423
5734,1.454,0.14423
5735,1.455,0.14423
5736,1.456,0.14423
5737,1.457,0.14423
5738,1.458,0.14423
5739,1.459,0.14423
5740,1.46,0.14423
5741,1.461,0.14423
5742,1.462,0.14423
5743,1.463,0.14423
5744,1.464,0.14423
5745,1.465,0.14423
5746,1.466,0.14423
5747,1.467,0.14423
5748,1.468,0.14423
5749,1.469,0.14423
5750,1.47,0.14423
5751,1.471,0.14423
5752,1.472,0.14423
5753,1.473,0.14423
5754,1.474,0.14423
5755,1.475,0.14423
5756,1.476,0.14423
5757,1.477,0.14423
5758,1.478,0.14423
5759,1.479,0.14423
5760,1.48,0.14423
5761,1.481,0.14423
5762,1.482,0.14423
5763,1.483,0.14423
5764,1.484,0.14423
5765,1.485,0.14423
5766,1.486,0.14423
5767,1.487,0.14423
5768,1.488,0.14423
5769,1.489,0.14423
5770,1.49,0.14423
5771,1.491,0.14423
5772,1.492,0.14423
5773,1.493,0.14423
5774,1.494,0.14423
5775,1.495,0.14423
5776,1.496,0.14423
5777,1.497,0.14423
5778,1.498,0.14423
5779,1.499,0.14423
5780,1.5,0.145969
5781,1.501,0.140752
5782,1.502,0.222478
5783,1.503,0.300727
5784,1.504,0.290293
5785,1.505,0.253778
5786,1.506,0.158141
5787,1.507,0.145969
5788,1.508,0.145969
5789,1.509,0.145969
5790,1.51,0.14423
5791,1.511,0.14423
5792,1.512,0.14423
5793,1.513,0.14423
5794,1.514,0.14423
5795,1.515,0.14423
5796,1.516,0.14423
5797,1.517,0.14423
5798,1.518,0.14423
5799,1.519,0.14423
5800,1.52,0.14423
5801,1.521,0.14423
5802,1.522,0.14423
5803,1.523,0.14423
5804,1.524,0.14423
5805,1.525,0.14423
5806,1.526,0.14423
5807,1.527,0.14423
5808,1.528,0.14423
5809,1.529,0.14423
5810,1.53,0.14423
5811,1.531,0.14423
5812,1.532,0.14423
5813,1.533,0.14423
5814,1.534,0.14423
5815,1.535,0.14423
5816,1.536,0.14423
5817,1.537,0.14423
5818,1.538,0.14423
5819,1.539,0.14423
5820,1.54,0.14423
5821,1.541,0.14423
5822,1.542,0.14423
5823,1.543,0.14423
5824,1.544,0.14423
5825,1.545,0.14423
5826,1.546,0.14423
5827,1.547,0.14423
5828,1.548,0.14423
5829,1.549,0.14423
5830,1.55,0.14423
5831,1.551,0.14423
5832,1.552,0.14423
5833,1.553,0.14423
5834,1.554,0.14423
5835,1.555,0.14423
5836,1.556,0.14423
5837,1.557,0.14423
5838,1.558,0.14423
5839,1.559,0.14423
5840,1.56,0.14423
5841,1.561,0.14423
5842,1.562,0.14423
5843,1.563,0.14423
5844,1.564,0.14423
5845,1.565,0.14423
5846,1.566,0.14423
5847,1.567,0.14423
5848,1.568,0.14423
5849,1.569,0.14423
5850,1.57,0.14423
5851,1.571,0.14423
5852,1.572,0.14423
5853,1.573,0.14423
5854,1.574,0.14423
5855,1.575,0.145969
5856,1.576,0.140752
5857,1.577,0.213784
5858,1.578,0.298988
5859,1.579,0.292032
5860,1.58,0.260733
5861,1.581,0.15988
5862,1.582,0.147708
5863,1.583,0.145969
5864,1.584,0.145969
5865,1.585,0.14423
5866,1.586,0.14423
5867,1.587,0.14423
5868,1.588,0.14423
5869,1.589,0.14423
5870,1.59,0.14423
5871,1.591,0.14423
5872,1.592,0.14423
5873,1.593,0.14423
5874,1.594,0.14423
5875,1.595,0.14423
5876,1.596,0.14423
5877,1.597,0.14423
5878,1.598,0.14423
5879,1.599,0.14423
5880,1.6,0.14423
5881,1.601,0.14423
5882,1.602,0.14423
5883,1.603,0.14423
5884,1.604,0.14423
5885,1.605,0.14423
5886,1.606,0.14423
5887,1.607,0.14423
5888,1.608,0.14423
5889,1.609,0.14423
5890,1.61,0.14423
5891,1.611,0.14423
5892,1.612,0.14423
5893,1.613,0.14423
5894,1.614,0.14423
5895,1.615,0.14423
5896,1.616,0.14423
5897,1.617,0.14423
5898,1.618,0.14423
5899,1.619,0.14423
5900,1.62,0.14423
5901,1.621,0.14423
5902,1.622,0.14423
5903,1.623,0.14423
5904,1.624,0.14423
5905,1.625,0.14423
5906,1.626,0.14423
5907,1.627,0.14423
5908,1.628,0.14423
5909,1.629,0.14423
5910,1.63,0.14423
5911,1.631,0.14423
5912,1.632,0.14423
5913,1.633,0.14423
5914,1.634,0.14423
5915,1.635,0.14423
5916,1.636,0.14423
5917,1.637,0.14423
5918,1.638,0.14423
5919,1.639,0.14423
5920,1.64,0.14423
5921,1.641,0.14423
5922,1.642,0.14423
5923,1.643,0.14423
5924,1.644,0.14423
5925,1.645,0.14423
5926,1.646,0.14423
5927,1.647,0.14423
5928,1.648,0.14423
5929,1.649,0.14423
5930,1.65,0.145969
5931,1.651,0.142491
5932,1.652,0.206829
5933,1.653,0.297249
5934,1.654,0.292032
5935,1.655,0.264211
5936,1.656,0.163357
5937,1.657,0.147708
5938,1.658,0.145969
5939,1.659,0.145969
5940,1.66,0.14423
5941,1.661,0.14423
5942,1.662,0.14423
5943,1.663,0.14423
5944,1.664,0.14423
5945,1.665,0.14423
5946,1.666,0.14423
5947,1.667,0.14423
5948,1.668,0.14423
5949,1.669,0.14423
5950,1.67,0.14423
5951,1.671,0.14423
5952,1.672,0.14423
5953,1.673,0.14423
5954,1.674,0.14423
5955,1.675,0.14423
5956,1.676,0.14423
5957,1.677,0.14423
5958,1.678,0.14423
5959,1.679,0.14423
5960,1.68,0.14423
5961,1.681,0.14423
5962,1.682,0.14423
5963,1.683,0.14423
5964,1.684,0.14423
5965,1.685,0.14423
5966,1.686,0.14423
5967,1.687,0.14423
5968,1.688,0.14423
5969,1.689,0.14423
5970,1.69,0.14423
5971,1.691,0.14423
5972,1.692,0.14423
5973,1.693,0.14423
5974,1.694,0.14423
5975,1.695,0.14423
5976,1.696,0.14423
5977,1.697,0.14423
5978,1.698,0.14423
5979,1.699,0.14423
5980,1.7,0.14423
5981,1.701,0.14423
5982,1.702,0.14423
5983,1.703,0.14423
5984,1.704,0.14423
5985,1.705,0.14423
5986,1.706,0.14423
5987,1.707,0.14423
5988,1.708,0.14423
5989,1.709,0.14423
5990,1.71,0.14423
5991,1.711,0.14423
5992,1.712,0.14423
5993,1.713,0.14423
5994,1.714,0.14423
5995,1.715,0.14423
5996,1.716,0.14423
5997,1.717,0.14423
5998,1.718,0.14423
5999,1.719,0.14423
6000,1.72,0.14423
6001,1.721,0.14423
6002,1.722,0.14423
6003,1.723,0.14423
6004,1.724,0.14423
6005,1.725,0.145969
6006,1.726,0.142491
6007,1.727,0.199873
6008,1.728,0.29551
6009,1.729,0.29551
6010,1.73,0.269427
6011,1.731,0.166835
6012,1.732,0.147708
6013,1.733,0.145969
6014,1.734,0.145969
6015,1.735,0.14423
6016,1.736,0.14423
6017,1.737,0.14423
6018,1.738,0.14423
6019,1.739,0.14423
6020,1.74,0.14423
6021,1.741,0.14423
6022,1.742,0.14423
6023,1.743,0.14423
6024,1.744,0.14423
6025,1.745,0.14423
6026,1.746,0.14423
6027,1.747,0.14423
6028,1.748,0.14423
6029,1.749,0.14423
6030,1.75,0.14423
6031,1.751,0.14423
6032,1.752,0.14423
6033,1.753,0.14423
6034,1.754,0.14423
6035,1.755,0.14423
6036,1.756,0.14423
6037,1.757,0.14423
6038,1.758,0.14423
6039,1.759,0.14423
6040,1.76,0.14423
6041,1.761,0.14423
6042,1.762,0.14423
6043,1.763,0.14423
6044,1.764,0.14423
6045,1.765,0.14423
6046,1.766,0.14423
6047,1.767,0.14423
6048,1.768,0.14423
6049,1.769,0.14423
6050,1.77,0.14423
6051,1.771,0.14423
6052,1.772,0.14423
6053,1.773,0.14423
6054,1.774,0.14423
6055,1.775,0.14423
6056,1.776,0.14423
6057,1.777,0.14423
6058,1.778,0.14423
6059,1.779,0.14423
6060,1.78,0.14423
6061,1.781,0.14423
6062,1.782,0.14423
6063,1.783,0.14423
6064,1.784,0.14423
6065,1.785,0.14423
6066,1.786,0.14423
6067,1.787,0.14423
6068,1.788,0.14423
6069,1.789,0.14423
6070,1.79,0.14423
6071,1.791,0.14423
6072,1.792,0.14423
6073,1.793,0.14423
6074,1.794,0.14423
6075,1.795,0.14423
6076,1.796,0.14423
6077,1.797,0.14423
6078,1.798,0.14423
6079,1.799,0.14423
6080,1.8,0.145969
6081,1.801,0.142491
6082,1.802,0.192918
6083,1.803,0.292032
6084,1.804,0.29551
6085,1.805,0.274644
6086,1.806,0.168574
6087,1.807,0.149447
6088,1.808,0.147708
6089,1.809,0.14423
6090,1.81,0.14423
6091,1.811,0.14423
6092,1.812,0.14423
6093,1.813,0.14423
6094,1.814,0.14423
6095,1.815,0.14423
6096,1.816,0.14423
6097,1.817,0.14423
6098,1.818,0.14423
6099,1.819,0.14423
6100,1.82,0.14423
6101,1.821,0.14423
6102,1.822,0.14423
6103,1.823,0.14423
6104,1.824,0.14423
6105,1.825,0.14423
6106,1.826,0.14423
6107,1.827,0.14423
6108,1.828,0.14423
6109,1.829,0.14423
6110,1.83,0.14423
6111,1.831,0.14423
6112,1.832,0.14423
6113,1.833,0.14423
6114,1.834,0.14423
6115,1.835,0.14423
6116,1.836,0.14423
6117,1.837,0.14423
6118,1.838,0.14423
6119,1.839,0.14423
6120,1.84,0.14423
6121,1.841,0.14423
6122,1.842,0.14423
6123,1.843,0.14423
6124,1.844,0.14423
6125,1.845,0.14423
6126,1.846,0.14423
6127,1.847,0.14423
6128,1.848,0.14423
6129,1.849,0.14423
6130,1.85,0.14423
6131,1.851,0.14423
6132,1.852,0.14423
6133,1.853,0.14423
6134,1.854,0.14423
6135,1.855,0.14423
6136,1.856,0.14423
6137,1.857,0.14423
6138,1.858,0.14423
6139,1.859,0.14423
6140,1.86,0.14423
6141,1.861,0.14423
6142,1.862,0.14423
6143,1.863,0.14423
6144,1.864,0.14423
6145,1.865,0.14423
6146,1.866,0.14423
6147,1.867,0.14423
6148,1.868,0.14423
6149,1.869,0.14423
6150,1.87,0.14423
6151,1.871,0.14423
6152,1.872,0.14423
6153,1.873,0.14423
6154,1.874,0.14423
6155,1.875,0.145969
6156,1.876,0.142491
6157,1.877,0.18944
6158,1.878,0.290293
6159,1.879,0.297249
6160,1.88,0.278121
6161,1.881,0.172052
6162,1.882,0.149447
6163,1.883,0.147708
6164,1.884,0.14423
6165,1.885,0.14423
6166,1.886,0.14423
6167,1.887,0.14423
6168,1.888,0.14423
6169,1.889,0.14423
6170,1.89,0.14423
6171,1.891,0.14423
6172,1.892,0.14423
6173,1.893,0.14423
6174,1.894,0.14423
6175,1.895,0.14423
6176,1.896,0.14423
6177,1.897,0.14423
6178,1.898,0.14423
6179,1.899,0.14423
6180,1.9,0.14423
6181,1.901,0.14423
6182,1.902,0.14423
6183,1.903,0.14423
6184,1.904,0.14423
6185,1.905,0.14423
6186,1.906,0.14423
6187,1.907,0.14423
6188,1.908,0.14423
6189,1.909,0.14423
6190,1.91,0.14423
6191,1.911,0.14423
6192,1.912,0.14423
6193,1.913,0.14423
6194,1.914,0.14423
6195,1.915,0.14423
6196,1.916,0.14423
6197,1.917,0.14423
6198,1.918,0.14423
6199,1.919,0.14423
6200,1.92,0.14423
6201,1.921,0.14423
6202,1.922,0.14423
6203,1.923,0.14423
6204,1.924,0.14423
6205,1.925,0.14423
6206,1.926,0.14423
6207,1.927,0.14423
6208,1.928,0.14423
6209,1.929,0.14423
6210,1.93,0.14423
6211,1.931,0.14423
6212,1.932,0.14423
6213,1.933,0.14423
6214,1.934,0.14423
6215,1.935,0.14423
6216,1.936,0.14423
6217,1.937,0.14423
6218,1.938,0.14423
6219,1.939,0.14423
6220,1.94,0.14423
6221,1.941,0.14423
6222,1.942,0.14423
6223,1.943,0.14423
6224,1.944,0.14423
6225,1.945,0.14423
6226,1.946,0.14423
6227,1.947,0.14423
6228,1.948,0.14423
6229,1.949,0.14423
6230,1.95,0.145969
6231,1.951,0.14423
6232,1.952,0.182485
6233,1.953,0.288555
6234,1.954,0.297249
6235,1.955,0.281599
6236,1.956,0.17379
6237,1.957,0.149447
6238,1.958,0.147708
6239,1.959,0.14423
6240,1.96,0.14423
6241,1.961,0.14423
6242,1.962,0.14423
6243,1.963,0.14423
6244,1.964,0.14423
6245,1.965,0.14423
6246,1.966,0.14423
6247,1.967,0.14423
6248,1.968,0.14423
6249,1.969,0.14423
6250,1.97,0.14423
6251,1.971,0.14423
6252,1.972,0.14423
6253,1.973,0.14423
6254,1.974,0.14423
6255,1.975,0.14423
6256,1.976,0.14423
6257,1.977,0.14423
6258,1.978,0.14423
6259,1.979,0.14423
6260,1.98,0.14423
6261,1.981,0.14423
6262,1.982,0.14423
6263,1.983,0.14423
6264,1.984,0.14423
6265,1.985,0.14423
6266,1.986,0.14423
6267,1.987,0.14423
6268,1.988,0.14423
6269,1.989,0.14423
6270,1.99,0.14423
6271,1.991,0.14423
6272,1.992,0.14423
6273,1.993,0.14423
6274,1.994,0.14423
6275,1.995,0.14423
6276,1.996,0.14423
6277,1.997,0.14423
6278,1.998,0.14423
6279,1.999,0.14423
6280,2,0.14423
6281,2.001,0.14423
6282,2.002,0.14423
6283,2.003,0.14423
6284,2.004,0.14423
6285,2.005,0.14423
6286,2.006,0.14423
6287,2.007,0.14423
6288,2.008,0.14423
6289,2.009,0.14423
6290,2.01,0.14423
6291,2.011,0.14423
6292,2.012,0.14423
6293,2.013,0.14423
6294,2.014,0.14423
6295,2.015,0.14423
6296,2.016,0.14423
6297,2.017,0.14423
6298,2.018,0.14423
6299,2.019,0.14423
6300,2.02,0.14423
6301,2.021,0.14423
6302,2.022,0.14423
6303,2.023,0.14423
6304,2.024,0.14423
6305,2.025,0.145969
6306,2.026,0.14423
6307,2.027,0.180746
6308,2.028,0.285077
6309,2.029,0.298988
6310,2.03,0.281599
6311,2.031,0.175529
6312,2.032,0.149447
6313,2.033,0.145969
6314,2.034,0.145969
6315,2.035,0.14423
6316,2.036,0.14423
6317,2.037,0.14423
6318,2.038,0.14423
6319,2.039,0.14423
6320,2.04,0.14423
6321,2.041,0.14423
6322,2.042,0.14423
6323,2.043,0.14423
6324,2.044,0.14423
6325,2.045,0.14423
6326,2.046,0.14423
6327,2.047,0.14423
6328,2.048,0.14423
6329,2.049,0.14423
6330,2.05,0.14423
6331,2.051,0.14423
6332,2.052,0.14423
6333,2.053,0.14423
6334,2.054,0.14423
6335,2.055,0.14423
6336,2.056,0.14423
6337,2.057,0.14423
6338,2.058,0.14423
6339,2.059,0.14423
6340,2.06,0.14423
6341,2.061,0.14423
6342,2.062,0.14423
6343,2.063,0.14423
6344,2.064,0.14423
6345,2.065,0.14423
6346,2.066,0.14423
6347,2.067,0.14423
6348,2.068,0.14423
6349,2.069,0.14423
6350,2.07,0.14423
6351,2.071,0.14423
6352,2.072,0.14423
6353,2.073,0.14423
6354,2.074,0.14423
6355,2.075,0.14423
6356,2.076,0.14423
6357,2.077,0.14423
6358,2.078,0.14423
6359,2.079,0.14423
6360,2.08,0.14423
6361,2.081,0.14423
6362,2.082,0.14423
6363,2.083,0.14423
6364,2.084,0.14423
6365,2.085,0.14423
6366,2.086,0.14423
6367,2.087,0.14423
6368,2.088,0.14423
6369,2.089,0.14423
6370,2.09,0.14423
6371,2.091,0.14423
6372,2.092,0.14423
6373,2.093,0.14423
6374,2.094,0.14423
6375,2.095,0.14423
6376,2.096,0.14423
6377,2.097,0.14423
6378,2.098,0.14423
6379,2.099,0.14423
6380,2.1,0.145969
6381,2.101,0.14423
6382,2.102,0.17379
6383,2.103,0.283338
6384,2.104,0.298988
6385,2.105,0.27986
6386,2.106,0.182485
6387,2.107,0.149447
6388,2.108,0.145969
6389,2.109,0.145969
6390,2.11,0.14423
6391,2.111,0.14423
6392,2.112,0.14423
6393,2.113,0.14423
6394,2.114,0.14423
6395,2.115,0.14423
6396,2.116,0.14423
6397,2.117,0.14423
6398,2.118,0.14423
6399,2.119,0.14423
6400,2.12,0.14423
6401,2.121,0.14423
6402,2.122,0.14423
6403,2.123,0.14423
6404,2.124,0.14423
6405,2.125,0.14423
6406,2.126,0.14423
6407,2.127,0.14423
6408,2.128,0.14423
6409,2.129,0.14423
6410,2.13,0.14423
6411,2.131,0.14423
6412,2.132,0.14423
6413,2.133,0.14423
6414,2.134,0.14423
6415,2.135,0.14423
6416,2.136,0.14423
6417,2.137,0.14423
6418,2.138,0.14423
6419,2.139,0.14423
6420,2.14,0.14423
6421,2.141,0.14423
6422,2.142,0.14423
6423,2.143,0.14423
6424,2.144,0.14423
6425,2.145,0.14423
6426,2.146,0.14423
6427,2.147,0.14423
6428,2.148,0.14423
6429,2.149,0.14423
6430,2.15,0.14423
6431,2.151,0.14423
6432,2.152,0.14423
6433,2.153,0.14423
6434,2.154,0.14423
6435,2.155,0.14423
6436,2.156,0.14423
6437,2.157,0.14423
6438,2.158,0.14423
6439,2.159,0.14423
6440,2.16,0.14423
6441,2.161,0.14423
6442,2.162,0.14423
6443,2.163,0.14423
6444,2.164,0.14423
6445,2.165,0.14423
6446,2.166,0.14423
6447,2.167,0.14423
6448,2.168,0.14423
6449,2.169,0.14423
6450,2.17,0.14423
6451,2.171,0.14423
6452,2.172,0.14423
6453,2.173,0.14423
6454,2.174,0.14423
6455,2.175,0.145969
6456,2.176,0.145969
6457,2.177,0.168574
6458,2.178,0.281599
6459,2.179,0.300727
6460,2.18,0.283338
6461,2.181,0.185962
6462,2.182,0.151185
6463,2.183,0.147708
6464,2.184,0.14423
6465,2.185,0.14423
6466,2.186,0.14423
6467,2.187,0.14423
6468,2.188,0.14423
6469,2.189,0.14423
6470,2.19,0.14423
6471,2.191,0.14423
6472,2.192,0.14423
6473,2.193,0.14423
6474,2.194,0.14423
6475,2.195,0.14423
6476,2.196,0.14423
6477,2.197,0.14423
6478,2.198,0.14423
6479,2.199,0.14423
6480,2.2,0.14423
6481,2.201,0.14423
6482,2.202,0.14423
6483,2.203,0.14423
6484,2.204,0.14423
6485,2.205,0.14423
6486,2.206,0.14423
6487,2.207,0.14423
6488,2.208,0.14423
6489,2.209,0.14423
6490,2.21,0.14423
6491,2.211,0.14423
6492,2.212,0.14423
6493,2.213,0.14423
6494,2.214,0.14423
6495,2.215,0.14423
6496,2.216,0.14423
6497,2.217,0.14423
6498,2.218,0.14423
6499,2.219,0.14423
6500,2.22,0.14423
6501,2.221,0.14423
6502,2.222,0.14423
6503,2.223,0.14423
6504,2.224,0.14423
6505,2.225,0.14423
6506,2.226,0.14423
6507,2.227,0.14423
6508,2.228,0.14423
6509,2.229,0.14423
6510,2.23,0.14423
6511,2.231,0.14423
6512,2.232,0.14423
6513,2.233,0.14423
6514,2.234,0.14423
6515,2.235,0.14423
6516,2.236,0.14423
6517,2.237,0.14423
6518,2.238,0.14423
6519,2.239,0.14423
6520,2.24,0.14423
6521,2.241,0.14423
6522,2.242,0.14423
6523,2.243,0.14423
6524,2.244,0.14423
6525,2.245,0.14423
6526,2.246,0.14423
6527,2.247,0.14423
6528,2.248,0.14423
6529,2.249,0.14423
6530,2.25,0.14423
6531,2.251,0.14423
6532,2.252,0.165096
6533,2.253,0.278121
6534,2.254,0.302465
6535,2.255,0.283338
6536,2.256,0.191179
6537,2.257,0.149447
6538,2.258,0.147708
6539,2.259,0.14423
6540,2.26,0.14423
6541,2.261,0.14423
6542,2.262,0.14423
6543,2.263,0.14423
6544,2.264,0.14423
6545,2.265,0.14423
6546,2.266,0.14423
6547,2.267,0.14423
6548,2.268,0.14423
6549,2.269,0.14423
6550,2.27,0.14423
6551,2.271,0.14423
6552,2.272,0.14423
6553,2.273,0.14423
6554,2.274,0.14423
6555,2.275,0.14423
6556,2.276,0.14423
6557,2.277,0.14423
6558,2.278,0.14423
6559,2.279,0.14423
6560,2.28,0.14423
6561,2.281,0.14423
6562,2.282,0.14423
6563,2.283,0.14423
6564,2.284,0.14423
6565,2.285,0.14423
6566,2.286,0.14423
6567,2.287,0.14423
6568,2.288,0.14423
6569,2.289,0.14423
6570,2.29,0.14423
6571,2.291,0.14423
6572,2.292,0.14423
6573,2.293,0.14423
6574,2.294,0.14423
6575,2.295,0.14423
6576,2.296,0.14423
6577,2.297,0.14423
6578,2.298,0.14423
6579,2.299,0.14423
6580,2.3,0.14423
6581,2.301,0.14423
6582,2.302,0.14423
6583,2.303,0.14423
6584,2.304,0.14423
6585,2.305,0.14423
6586,2.306,0.14423
6587,2.307,0.14423
6588,2.308,0.14423
6589,2.309,0.14423
6590,2.31,0.14423
6591,2.311,0.14423
6592,2.312,0.14423
6593,2.313,0.14423
6594,2.314,0.14423
6595,2.315,0.14423
6596,2.316,0.14423
6597,2.317,0.14423
6598,2.318,0.14423
6599,2.319,0.14423
6600,2.32,0.14423
6601,2.321,0.14423
6602,2.322,0.14423
6603,2.323,0.14423
6604,2.324,0.14423
6605,2.325,0.14423
6606,2.326,0.145969
6607,2.327,0.15988
6608,2.328,0.274644
6609,2.329,0.304204
6610,2.33,0.285077
6611,2.331,0.196395
6612,2.332,0.151185
6613,2.333,0.145969
6614,2.334,0.14423
6615,2.335,0.14423
6616,2.336,0.14423
6617,2.337,0.14423
6618,2.338,0.14423
6619,2.339,0.14423
6620,2.34,0.14423
6621,2.341,0.14423
6622,2.342,0.14423
6623,2.343,0.14423
6624,2.344,0.14423
6625,2.345,0.14423
6626,2.346,0.14423
6627,2.347,0.14423
6628,2.348,0.14423
6629,2.349,0.14423
6630,2.35,0.14423
6631,2.351,0.14423
6632,2.352,0.14423
6633,2.353,0.14423
6634,2.354,0.14423
6635,2.355,0.14423
6636,2.356,0.14423
6637,2.357,0.14423
6638,2.358,0.14423
6639,2.359,0.14423
6640,2.36,0.14423
6641,2.361,0.14423
6642,2.362,0.14423
6643,2.363,0.14423
6644,2.364,0.14423
6645,2.365,0.14423
6646,2.366,0.14423
6647,2.367,0.14423
6648,2.368,0.14423
6649,2.369,0.14423
6650,2.37,0.14423
6651,2.371,0.14423
6652,2.372,0.14423
6653,2.373,0.14423
6654,2.374,0.14423
6655,2.375,0.14423
6656,2.376,0.14423
6657,2.377,0.14423
6658,2.378,0.14423
6659,2.379,0.14423
6660,2.38,0.14423
6661,2.381,0.14423
6662,2.382,0.14423
6663,2.383,0.14423
6664,2.384,0.14423
6665,2.385,0.14423
6666,2.386,0.14423
6667,2.387,0.14423
6668,2.388,0.14423
6669,2.389,0.14423
6670,2.39,0.14423
6671,2.391,0.14423
6672,2.392,0.14423
6673,2.393,0.14423
6674,2.394,0.14423
6675,2.395,0.14423
6676,2.396,0.14423
6677,2.397,0.14423
6678,2.398,0.14423
6679,2.399,0.14423
6680,2.4,0.14423
6681,2.401,0.145969
6682,2.402,0.158141
6683,2.403,0.267688
6684,2.404,0.304204
6685,2.405,0.286816
6686,2.406,0.20509
6687,2.407,0.152924
6688,2.408,0.145969
6689,2.409,0.145969
6690,2.41,0.145969
6691,2.411,0.14423
6692,2.412,0.14423
6693,2.413,0.14423
6694,2.414,0.14423
6695,2.415,0.14423
6696,2.416,0.14423
6697,2.417,0.14423
6698,2.418,0.14423
6699,2.419,0.14423
6700,2.42,0.14423
6701,2.421,0.14423
6702,2.422,0.14423
6703,2.423,0.14423
6704,2.424,0.14423
6705,2.425,0.14423
6706,2.426,0.14423
6707,2.427,0.14423
6708,2.428,0.14423
6709,2.429,0.14423
6710,2.43,0.14423
6711,2.431,0.14423
6712,2.432,0.14423
6713,2.433,0.14423
6714,2.434,0.14423
6715,2.435,0.14423
6716,2.436,0.14423
6717,2.437,0.14423
6718,2.438,0.14423
6719,2.439,0.14423
6720,2.44,0.14423
6721,2.441,0.14423
6722,2.442,0.14423
6723,2.443,0.14423
6724,2.444,0.14423
6725,2.445,0.14423
6726,2.446,0.14423
6727,2.447,0.14423
6728,2.448,0.14423
6729,2.449,0.14423
6730,2.45,0.14423
6731,2.451,0.14423
6732,2.452,0.14423
6733,2.453,0.14423
6734,2.454,0.14423
6735,2.455,0.14423
6736,2.456,0.14423
6737,2.457,0.14423
6738,2.458,0.14423
6739,2.459,0.14423
6740,2.46,0.14423
6741,2.461,0.14423
6742,2.462,0.14423
6743,2.463,0.14423
6744,2.464,0.14423
6745,2.465,0.14423
6746,2.466,0.14423
6747,2.467,0.14423
6748,2.468,0.14423
6749,2.469,0.14423
6750,2.47,0.14423
6751,2.471,0.14423
6752,2.472,0.14423
6753,2.473,0.14423
6754,2.474,0.14423
6755,2.475,0.14423
6756,2.476,0.145969
6757,2.477,0.152924
6758,2.478,0.264211
6759,2.479,0.302465
6760,2.48,0.281599
6761,2.481,0.272905
6762,2.482,0.304204
6763,2.483,0.309421
6764,2.484,0.309421
6765,2.485,0.309421
6766,2.486,0.309421
6767,2.487,0.309421
6768,2.488,0.309421
6769,2.489,0.307682
6770,2.49,0.312898
6771,2.491,0.307682
6772,2.492,0.309421
6773,2.493,0.309421
6774,2.494,0.309421
6775,2.495,0.309421
6776,2.496,0.31116
6777,2.497,0.309421
6778,2.498,0.31116
6779,2.499,0.31116
6780,2.5,0.307682
6781,2.501,0.31116
6782,2.502,0.31116
6783,2.503,0.309421
6784,2.504,0.31116
6785,2.505,0.309421
6786,2.506,0.309421
6787,2.507,0.31116
6788,2.508,0.309421
6789,2.509,0.309421
6790,2.51,0.31116
6791,2.511,0.307682
6792,2.512,0.31116
6793,2.513,0.31116
6794,2.514,0.307682
6795,2.515,0.312898
6796,2.516,0.307682
6797,2.517,0.309421
6798,2.518,0.309421
6799,2.519,0.309421
6800,2.52,0.309421
6801,2.521,0.31116
6802,2.522,0.309421
6803,2.523,0.309421
6804,2.524,0.309421
6805,2.525,0.309421
6806,2.526,0.309421
6807,2.527,0.309421
6808,2.528,0.309421
6809,2.529,0.31116
6810,2.53,0.307682
6811,2.531,0.31116
6812,2.532,0.309421
6813,2.533,0.309421
6814,2.534,0.31116
6815,2.535,0.31116
6816,2.536,0.290293
6817,2.537,0.258994
6818,2.538,0.260733
6819,2.539,0.264211
6820,2.54,0.262472
6821,2.541,0.262472
6822,2.542,0.264211
6823,2.543,0.260733
6824,2.544,0.264211
6825,2.545,0.262472
6826,2.546,0.262472
6827,2.547,0.262472
6828,2.548,0.260733
6829,2.549,0.264211
6830,2.55,0.264211
6831,2.551,0.260733
6832,2.552,0.264211
6833,2.553,0.262472
6834,2.554,0.262472
6835,2.555,0.264211
6836,2.556,0.262472
6837,2.557,0.262472
6838,2.558,0.264211
6839,2.559,0.260733
6840,2.56,0.264211
6841,2.561,0.262472
6842,2.562,0.260733
6843,2.563,0.264211
6844,2.564,0.262472
6845,2.565,0.262472
6846,2.566,0.264211
6847,2.567,0.260733
6848,2.568,0.264211
6849,2.569,0.262472
6850,2.57,0.262472
6851,2.571,0.264211
6852,2.572,0.262472
6853,2.573,0.262472
6854,2.574,0.264211
6855,2.575,0.260733
6856,2.576,0.264211
6857,2.577,0.262472
6858,2.578,0.262472
6859,2.579,0.264211
6860,2.58,0.262472
6861,2.581,0.262472
6862,2.582,0.264211
6863,2.583,0.260733
6864,2.584,0.264211
6865,2.585,0.264211
6866,2.586,0.262472
6867,2.587,0.264211
6868,2.588,0.262472
6869,2.589,0.262472
6870,2.59,0.264211
6871,2.591,0.260733
6872,2.592,0.264211
6873,2.593,0.262472
6874,2.594,0.262472
6875,2.595,0.264211
6876,2.596,0.262472
6877,2.597,0.262472
6878,2.598,0.264211
6879,2.599,0.260733
6880,2.6,0.264211
6881,2.601,0.262472
6882,2.602,0.262472
6883,2.603,0.264211
6884,2.604,0.262472
6885,2.605,0.262472
6886,2.606,0.265949
6887,2.607,0.260733
6888,2.608,0.264211
6889,2.609,0.262472
6890,2.61,0.262472
6891,2.611,0.264211
6892,2.612,0.262472
6893,2.613,0.262472
6894,2.614,0.264211
6895,2.615,0.260733
6896,2.616,0.264211
6897,2.617,0.262472
6898,2.618,0.262472
6899,2.619,0.264211
6900,2.62,0.262472
6901,2.621,0.262472
6902,2.622,0.264211
6903,2.623,0.260733
6904,2.624,0.264211
6905,2.625,0.262472
6906,2.626,0.262472
6907,2.627,0.262472
6908,2.628,0.260733
6909,2.629,0.264211
6910,2.63,0.264211
6911,2.631,0.260733
6912,2.632,0.264211
6913,2.633,0.262472
6914,2.634,0.262472
6915,2.635,0.264211
6916,2.636,0.262472
6917,2.637,0.262472
6918,2.638,0.264211
6919,2.639,0.260733
6920,2.64,0.264211
6921,2.641,0.262472
6922,2.642,0.262472
6923,2.643,0.264211
6924,2.644,0.262472
6925,2.645,0.262472
6926,2.646,0.264211
6927,2.647,0.260733
6928,2.648,0.264211
6929,2.649,0.262472
6930,2.65,0.262472
6931,2.651,0.264211
6932,2.652,0.262472
6933,2.653,0.262472
6934,2.654,0.264211
6935,2.655,0.260733
6936,2.656,0.264211
6937,2.657,0.262472
6938,2.658,0.262472
6939,2.659,0.264211
6940,2.66,0.262472
6941,2.661,0.262472
6942,2.662,0.264211
6943,2.663,0.260733
6944,2.664,0.264211
6945,2.665,0.262472
6946,2.666,0.262472
6947,2.667,0.264211
6948,2.668,0.262472
6949,2.669,0.262472
6950,2.67,0.264211
6951,2.671,0.260733
6952,2.672,0.264211
6953,2.673,0.267688
6954,2.674,0.305943
6955,2.675,0.257255
6956,2.676,0.152924
6957,2.677,0.145969
6958,2.678,0.142491
6959,2.679,0.142491
6960,2.68,0.142491
6961,2.681,0.142491
6962,2.682,0.142491
6963,2.683,0.142491
6964,2.684,0.142491
6965,2.685,0.142491
6966,2.686,0.142491
6967,2.687,0.142491
6968,2.688,0.142491
6969,2.689,0.142491
6970,2.69,0.14423
6971,2.691,0.168574
6972,2.692,0.260733
6973,2.693,0.154663
6974,2.694,0.145969
6975,2.695,0.142491
6976,2.696,0.142491
6977,2.697,0.142491
6978,2.698,0.142491
6979,2.699,0.142491
6980,2.7,0.142491
6981,2.701,0.142491
6982,2.702,0.142491
6983,2.703,0.142491
6984,2.704,0.142491
6985,2.705,0.14423
6986,2.706,0.139013
6987,2.707,0.267688
6988,2.708,0.175529
6989,2.709,0.145969
6990,2.71,0.142491
6991,2.711,0.142491
6992,2.712,0.142491
6993,2.713,0.142491
6994,2.714,0.142491
6995,2.715,0.142491
6996,2.716,0.142491
6997,2.717,0.142491
6998,2.718,0.142491
6999,2.719,0.142491
7000,2.72,0.14423
7001,2.721,0.139013
7002,2.722,0.215523
7003,2.723,0.224217
7004,2.724,0.149447
7005,2.725,0.14423
7006,2.726,0.14423
7007,2.727,0.142491
7008,2.728,0.142491
7009,2.729,0.142491
7010,2.73,0.142491
7011,2.731,0.142491
7012,2.732,0.142491
7013,2.733,0.142491
7014,2.734,0.142491
7015,2.735,0.142491
7016,2.736,0.14423
7017,2.737,0.15988
7018,2.738,0.269427
7019,2.739,0.158141
7020,2.74,0.145969
7021,2.741,0.142491
7022,2.742,0.142491
7023,2.743,0.142491
7024,2.744,0.142491
7025,2.745,0.142491
7026,2.746,0.142491
7027,2.747,0.142491
7028,2.748,0.142491
7029,2.749,0.142491
7030,2.75,0.142491
7031,2.751,0.14423
7032,2.752,0.135536
7033,2.753,0.260733
7034,2.754,0.185962
7035,2.755,0.147708
7036,2.756,0.14423
7037,2.757,0.14423
7038,2.758,0.142491
7039,2.759,0.142491
7040,2.76,0.142491
7041,2.761,0.142491
7042,2.762,0.142491
7043,2.763,0.142491
7044,2.764,0.142491
7045,2.765,0.142491
7046,2.766,0.14423
7047,2.767,0.140752
7048,2.768,0.201612
7049,2.769,0.236389
7050,2.77,0.149447
7051,2.771,0.14423
7052,2.772,0.14423
7053,2.773,0.142491
7054,2.774,0.142491
7055,2.775,0.142491
7056,2.776,0.142491
7057,2.777,0.142491
7058,2.778,0.142491
7059,2.779,0.142491
7060,2.78,0.142491
7061,2.781,0.142491
7062,2.782,0.14423
7063,2.783,0.149447
7064,2.784,0.272905
7065,2.785,0.15988
7066,2.786,0.147708
7067,2.787,0.142491
7068,2.788,0.142491
7069,2.789,0.142491
7070,2.79,0.142491
7071,2.791,0.142491
7072,2.792,0.142491
7073,2.793,0.142491
7074,2.794,0.142491
7075,2.795,0.142491
7076,2.796,0.142491
7077,2.797,0.14423
7078,2.798,0.139013
7079,2.799,0.187701
7080,2.8,0.147708
7081,2.801,0.14423
7082,2.802,0.14423
7083,2.803,0.152924
7084,2.804,0.142491
7085,2.805,0.14423
7086,2.806,0.142491
7087,2.807,0.14423
7088,2.808,0.151185
7089,2.809,0.258994
7090,2.81,0.265949
7091,2.811,0.272905
7092,2.812,0.267688
7093,2.813,0.269427
7094,2.814,0.269427
7095,2.815,0.269427
7096,2.816,0.269427
7097,2.817,0.269427
7098,2.818,0.269427
7099,2.819,0.269427
7100,2.82,0.269427
7101,2.821,0.269427
7102,2.822,0.269427
7103,2.823,0.269427
7104,2.824,0.269427
7105,2.825,0.269427
7106,2.826,0.269427
7107,2.827,0.269427
7108,2.828,0.267688
7109,2.829,0.272905
7110,2.83,0.20509
7111,2.831,0.151185
7112,2.832,0.145969
7113,2.833,0.14423
7114,2.834,0.14423
7115,2.835,0.14423
7116,2.836,0.14423
7117,2.837,0.14423
7118,2.838,0.14423
7119,2.839,0.14423
7120,2.84,0.14423
7121,2.841,0.14423
7122,2.842,0.14423
7123,2.843,0.14423
7124,2.844,0.14423
7125,2.845,0.14423
7126,2.846,0.14423
7127,2.847,0.14423
7128,2.848,0.14423
7129,2.849,0.14423
7130,2.85,0.14423
7131,2.851,0.14423
7132,2.852,0.14423
7133,2.853,0.14423
7134,2.854,0.14423
7135,2.855,0.14423
7136,2.856,0.14423
7137,2.857,0.14423
7138,2.858,0.14423
7139,2.859,0.14423
7140,2.86,0.14423
7141,2.861,0.14423
7142,2.862,0.14423
7143,2.863,0.14423
7144,2.864,0.14423
7145,2.865,0.14423
7146,2.866,0.14423
7147,2.867,0.14423
7148,2.868,0.14423
7149,2.869,0.14423
7150,2.87,0.14423
7151,2.871,0.14423
7152,2.872,0.14423
7153,2.873,0.14423
7154,2.874,0.14423
7155,2.875,0.14423
7156,2.876,0.14423
7157,2.877,0.14423
7158,2.878,0.14423
7159,2.879,0.14423
7160,2.88,0.14423
7161,2.881,0.14423
7162,2.882,0.14423
7163,2.883,0.14423
7164,2.884,0.14423
7165,2.885,0.14423
7166,2.886,0.14423
7167,2.887,0.14423
7168,2.888,0.14423
7169,2.889,0.14423
7170,2.89,0.14423
7171,2.891,0.14423
7172,2.892,0.14423
7173,2.893,0.14423
7174,2.894,0.14423
7175,2.895,0.14423
7176,2.896,0.14423
7177,2.897,0.14423
7178,2.898,0.14423
7179,2.899,0.14423
7180,2.9,0.14423
7181,2.901,0.14423
7182,2.902,0.14423
7183,2.903,0.145969
7184,2.904,0.142491
7185,2.905,0.213784
7186,2.906,0.298988
7187,2.907,0.292032
7188,2.908,0.260733
7189,2.909,0.15988
7190,2.91,0.147708
7191,2.911,0.145969
7192,2.912,0.145969
7193,2.913,0.14423
7194,2.914,0.14423
7195,2.915,0.14423
7196,2.916,0.14423
7197,2.917,0.14423
7198,2.918,0.14423
7199,2.919,0.14423
7200,2.92,0.14423
7201,2.921,0.14423
7202,2.922,0.14423
7203,2.923,0.14423
7204,2.924,0.14423
7205,2.925,0.14423
7206,2.926,0.14423
7207,2.927,0.14423
7208,2.928,0.14423
7209,2.929,0.14423
7210,2.93,0.14423
7211,2.931,0.14423
7212,2.932,0.14423
7213,2.933,0.14423
7214,2.934,0.14423
7215,2.935,0.14423
7216,2.936,0.14423
7217,2.937,0.14423
7218,2.938,0.14423
7219,2.939,0.14423
7220,2.94,0.14423
7221,2.941,0.14423
7222,2.942,0.14423
7223,2.943,0.14423
7224,2.944,0.14423
7225,2.945,0.14423
7226,2.946,0.14423
7227,2.947,0.14423
7228,2.948,0.14423
7229,2.949,0.14423
7230,2.95,0.14423
7231,2.951,0.14423
7232,2.952,0.14423
7233,2.953,0.14423
7234,2.954,0.14423
7235,2.955,0.14423
7236,2.956,0.14423
7237,2.957,0.14423
7238,2.958,0.14423
7239,2.959,0.14423
7240,2.96,0.14423
7241,2.961,0.14423
7242,2.962,0.14423
7243,2.963,0.14423
7244,2.964,0.14423
7245,2.965,0.14423
7246,2.966,0.14423
7247,2.967,0.14423
7248,2.968,0.14423
7249,2.969,0.14423
7250,2.97,0.14423
7251,2.971,0.14423
7252,2.972,0.14423
7253,2.973,0.14423
7254,2.974,0.14423
7255,2.975,0.14423
7256,2.976,0.14423
7257,2.977,0.14423
7258,2.978,0.145969
7259,2.979,0.142491
7260,2.98,0.208567
7261,2.981,0.297249
7262,2.982,0.292032
7263,2.983,0.264211
7264,2.984,0.163357
7265,2.985,0.147708
7266,2.986,0.145969
7267,2.987,0.145969
7268,2.988,0.14423
7269,2.989,0.14423
7270,2.99,0.14423
7271,2.991,0.14423
7272,2.992,0.14423
7273,2.993,0.14423
7274,2.994,0.14423
7275,2.995,0.14423
7276,2.996,0.14423
7277,2.997,0.14423
7278,2.998,0.14423
7279,2.999,0.14423
7280,3,0.14423
7281,3.001,0.14423
7282,3.002,0.14423
7283,3.003,0.14423
7284,3.004,0.14423
7285,3.005,0.14423
7286,3.006,0.14423
7287,3.007,0.14423
7288,3.008,0.14423
7289,3.009,0.14423
7290,3.01,0.14423
7291,3.011,0.14423
7292,3.012,0.14423
7293,3.013,0.14423
7294,3.014,0.14423
7295,3.015,0.14423
7296,3.016,0.14423
7297,3.017,0.14423
7298,3.018,0.14423
7299,3.019,0.14423
7300,3.02,0.14423
7301,3.021,0.14423
7302,3.022,0.14423
7303,3.023,0.14423
7304,3.024,0.14423
7305,3.025,0.14423
7306,3.026,0.14423
7307,3.027,0.14423
7308,3.028,0.14423
7309,3.029,0.14423
7310,3.03,0.14423
7311,3.031,0.14423
7312,3.032,0.14423
7313,3.033,0.14423
7314,3.034,0.14423
7315,3.035,0.14423
7316,3.036,0.14423
7317,3.037,0.14423
7318,3.038,0.14423
7319,3.039,0.14423
7320,3.04,0.14423
7321,3.041,0.14423
7322,3.042,0.14423
7323,3.043,0.14423
7324,3.044,0.14423
7325,3.045,0.14423
7326,3.046,0.14423
7327,3.047,0.14423
7328,3.048,0.14423
7329,3.049,0.14423
7330,3.05,0.14423
7331,3.051,0.14423
7332,3.052,0.14423
7333,3.053,0.145969
7334,3.054,0.142491
7335,3.055,0.199873
7336,3.056,0.29551
7337,3.057,0.292032
7338,3.058,0.269427
7339,3.059,0.166835
7340,3.06,0.147708
7341,3.061,0.147708
7342,3.062,0.14423
7343,3.063,0.14423
7344,3.064,0.14423
7345,3.065,0.14423
7346,3.066,0.14423
7347,3.067,0.14423
7348,3.068,0.14423
7349,3.069,0.14423
7350,3.07,0.14423
7351,3.071,0.14423
7352,3.072,0.14423
7353,3.073,0.14423
7354,3.074,0.14423
7355,3.075,0.14423
7356,3.076,0.14423
7357,3.077,0.14423
7358,3.078,0.14423
7359,3.079,0.14423
7360,3.08,0.14423
7361,3.081,0.14423
7362,3.082,0.14423
7363,3.083,0.14423
7364,3.084,0.14423
7365,3.085,0.14423
7366,3.086,0.14423
7367,3.087,0.14423
7368,3.088,0.14423
7369,3.089,0.14423
7370,3.09,0.14423
7371,3.091,0.14423
7372,3.092,0.14423
7373,3.093,0.14423
7374,3.094,0.14423
7375,3.095,0.14423
7376,3.096,0.14423
7377,3.097,0.14423
7378,3.098,0.14423
7379,3.099,0.14423
7380,3.1,0.14423
7381,3.101,0.14423
7382,3.102,0.14423
7383,3.103,0.14423
7384,3.104,0.14423
7385,3.105,0.14423
7386,3.106,0.14423
7387,3.107,0.14423
7388,3.108,0.14423
7389,3.109,0.14423
7390,3.11,0.14423
7391,3.111,0.14423
7392,3.112,0.14423
7393,3.113,0.14423
7394,3.114,0.14423
7395,3.115,0.14423
7396,3.116,0.14423
7397,3.117,0.14423
7398,3.118,0.14423
7399,3.119,0.14423
7400,3.12,0.14423
7401,3.121,0.14423
7402,3.122,0.14423
7403,3.123,0.14423
7404,3.124,0.14423
7405,3.125,0.14423
7406,3.126,0.14423
7407,3.127,0.14423
7408,3.128,0.145969
7409,3.129,0.142491
7410,3.13,0.192918
7411,3.131,0.290293
7412,3.132,0.29551
7413,3.133,0.274644
7414,3.134,0.168574
7415,3.135,0.147708
7416,3.136,0.147708
7417,3.137,0.14423
7418,3.138,0.14423
7419,3.139,0.14423
7420,3.14,0.14423
7421,3.141,0.14423
7422,3.142,0.14423
7423,3.143,0.14423
7424,3.144,0.14423
7425,3.145,0.14423
7426,3.146,0.14423
7427,3.147,0.14423
7428,3.148,0.14423
7429,3.149,0.14423
7430,3.15,0.14423
7431,3.151,0.14423
7432,3.152,0.14423
7433,3.153,0.14423
7434,3.154,0.14423
7435,3.155,0.14423
7436,3.156,0.14423
7437,3.157,0.14423
7438,3.158,0.14423
7439,3.159,0.14423
7440,3.16,0.14423
7441,3.161,0.14423
7442,3.162,0.14423
7443,3.163,0.14423
7444,3.164,0.14423
7445,3.165,0.14423
7446,3.166,0.14423
7447,3.167,0.14423
7448,3.168,0.14423
7449,3.169,0.14423
7450,3.17,0.14423
7451,3.171,0.14423
7452,3.172,0.14423
7453,3.173,0.14423
7454,3.174,0.14423
7455,3.175,0.14423
7456,3.176,0.14423
7457,3.177,0.14423
7458,3.178,0.14423
7459,3.179,0.14423
7460,3.18,0.14423
7461,3.181,0.14423
7462,3.182,0.14423
7463,3.183,0.14423
7464,3.184,0.14423
7465,3.185,0.14423
7466,3.186,0.14423
7467,3.187,0.14423
7468,3.188,0.14423
7469,3.189,0.14423
7470,3.19,0.14423
7471,3.191,0.14423
7472,3.192,0.14423
7473,3.193,0.14423
7474,3.194,0.14423
7475,3.195,0.14423
7476,3.196,0.14423
7477,3.197,0.14423
7478,3.198,0.14423
7479,3.199,0.14423
7480,3.2,0.14423
7481,3.201,0.14423
7482,3.202,0.14423
7483,3.203,0.145969
7484,3.204,0.142491
7485,3.205,0.18944
7486,3.206,0.290293
7487,3.207,0.297249
7488,3.208,0.274644
7489,3.209,0.172052
7490,3.21,0.149447
7491,3.211,0.145969
7492,3.212,0.145969
7493,3.213,0.14423
7494,3.214,0.14423
7495,3.215,0.14423
7496,3.216,0.14423
7497,3.217,0.14423
7498,3.218,0.14423
7499,3.219,0.14423
7500,3.22,0.14423
7501,3.221,0.14423
7502,3.222,0.14423
7503,3.223,0.14423
7504,3.224,0.14423
7505,3.225,0.14423
7506,3.226,0.14423
7507,3.227,0.14423
7508,3.228,0.14423
7509,3.229,0.14423
7510,3.23,0.14423
7511,3.231,0.14423
7512,3.232,0.14423
7513,3.233,0.14423
7514,3.234,0.14423
7515,3.235,0.14423
7516,3.236,0.14423
7517,3.237,0.14423
7518,3.238,0.14423
7519,3.239,0.14423
7520,3.24,0.14423
7521,3.241,0.14423
7522,3.242,0.14423
7523,3.243,0.14423
7524,3.244,0.14423
7525,3.245,0.14423
7526,3.246,0.14423
7527,3.247,0.14423
7528,3.248,0.14423
7529,3.249,0.14423
7530,3.25,0.14423
7531,3.251,0.14423
7532,3.252,0.14423
7533,3.253,0.14423
7534,3.254,0.14423
7535,3.255,0.14423
7536,3.256,0.14423
7537,3.257,0.14423
7538,3.258,0.14423
7539,3.259,0.14423
7540,3.26,0.14423
7541,3.261,0.14423
7542,3.262,0.14423
7543,3.263,0.14423
7544,3.264,0.14423
7545,3.265,0.14423
7546,3.266,0.14423
7547,3.267,0.14423
7548,3.268,0.14423
7549,3.269,0.14423
7550,3.27,0.14423
7551,3.271,0.14423
7552,3.272,0.14423
7553,3.273,0.14423
7554,3.274,0.14423
7555,3.275,0.14423
7556,3.276,0.14423
7557,3.277,0.14423
7558,3.278,0.145969
7559,3.279,0.14423
7560,3.28,0.182485
7561,3.281,0.288555
7562,3.282,0.297249
7563,3.283,0.278121
7564,3.284,0.175529
7565,3.285,0.149447
7566,3.286,0.147708
7567,3.287,0.14423
7568,3.288,0.14423
7569,3.289,0.14423
7570,3.29,0.14423
7571,3.291,0.14423
7572,3.292,0.14423
7573,3.293,0.14423
7574,3.294,0.14423
7575,3.295,0.14423
7576,3.296,0.14423
7577,3.297,0.14423
7578,3.298,0.14423
7579,3.299,0.14423
7580,3.3,0.14423
7581,3.301,0.14423
7582,3.302,0.14423
7583,3.303,0.14423
7584,3.304,0.14423
7585,3.305,0.14423
7586,3.306,0.14423
7587,3.307,0.14423
7588,3.308,0.14423
7589,3.309,0.14423
7590,3.31,0.14423
7591,3.311,0.14423
7592,3.312,0.14423
7593,3.313,0.14423
7594,3.314,0.14423
7595,3.315,0.14423
7596,3.316,0.14423
7597,3.317,0.14423
7598,3.318,0.14423
7599,3.319,0.14423
7600,3.32,0.14423
7601,3.321,0.14423
7602,3.322,0.14423
7603,3.323,0.14423
7604,3.324,0.14423
7605,3.325,0.14423
7606,3.326,0.14423
7607,3.327,0.14423
7608,3.328,0.14423
7609,3.329,0.14423
7610,3.33,0.14423
7611,3.331,0.14423
7612,3.332,0.14423
7613,3.333,0.14423
7614,3.334,0.14423
7615,3.335,0.14423
7616,3.336,0.14423
7617,3.337,0.14423
7618,3.338,0.14423
7619,3.339,0.14423
7620,3.34,0.14423
7621,3.341,0.14423
7622,3.342,0.14423
7623,3.343,0.14423
7624,3.344,0.14423
7625,3.345,0.14423
7626,3.346,0.14423
7627,3.347,0.14423
7628,3.348,0.14423
7629,3.349,0.14423
7630,3.35,0.14423
7631,3.351,0.14423
7632,3.352,0.14423
7633,3.353,0.145969
7634,3.354,0.145969
7635,3.355,0.177268
7636,3.356,0.285077
7637,3.357,0.300727
7638,3.358,0.27986
7639,3.359,0.177268
7640,3.36,0.149447
7641,3.361,0.147708
7642,3.362,0.14423
7643,3.363,0.14423
7644,3.364,0.14423
7645,3.365,0.14423
7646,3.366,0.14423
7647,3.367,0.14423
7648,3.368,0.14423
7649,3.369,0.14423
7650,3.37,0.14423
7651,3.371,0.14423
7652,3.372,0.14423
7653,3.373,0.14423
7654,3.374,0.14423
7655,3.375,0.14423
7656,3.376,0.14423
7657,3.377,0.14423
7658,3.378,0.14423
7659,3.379,0.14423
7660,3.38,0.14423
7661,3.381,0.14423
7662,3.382,0.14423
7663,3.383,0.14423
7664,3.384,0.14423
7665,3.385,0.14423
7666,3.386,0.14423
7667,3.387,0.14423
7668,3.388,0.14423
7669,3.389,0.14423
7670,3.39,0.14423
7671,3.391,0.14423
7672,3.392,0.14423
7673,3.393,0.14423
7674,3.394,0.14423
7675,3.395,0.14423
7676,3.396,0.14423
7677,3.397,0.14423
7678,3.398,0.14423
7679,3.399,0.14423
7680,3.4,0.14423
7681,3.401,0.14423
7682,3.402,0.14423
7683,3.403,0.14423
7684,3.404,0.14423
7685,3.405,0.14423
7686,3.406,0.14423
7687,3.407,0.14423
7688,3.408,0.14423
7689,3.409,0.14423
7690,3.41,0.14423
7691,3.411,0.14423
7692,3.412,0.14423
7693,3.413,0.14423
7694,3.414,0.14423
7695,3.415,0.14423
7696,3.416,0.14423
7697,3.417,0.14423
7698,3.418,0.14423
7699,3.419,0.14423
7700,3.42,0.14423
7701,3.421,0.14423
7702,3.422,0.14423
7703,3.423,0.14423
7704,3.424,0.14423
7705,3.425,0.14423
7706,3.426,0.14423
7707,3.427,0.14423
7708,3.428,0.145969
7709,3.429,0.145969
7710,3.43,0.172052
7711,3.431,0.283338
7712,3.432,0.298988
7713,3.433,0.283338
7714,3.434,0.182485
7715,3.435,0.149447
7716,3.436,0.147708
7717,3.437,0.14423
7718,3.438,0.14423
7719,3.439,0.14423
7720,3.44,0.14423
7721,3.441,0.14423
7722,3.442,0.14423
7723,3.443,0.14423
7724,3.444,0.14423
7725,3.445,0.14423
7726,3.446,0.14423
7727,3.447,0.14423
7728,3.448,0.14423
7729,3.449,0.14423
7730,3.45,0.14423
7731,3.451,0.14423
7732,3.452,0.14423
7733,3.453,0.14423
7734,3.454,0.14423
7735,3.455,0.14423
7736,3.456,0.14423
7737,3.457,0.14423
7738,3.458,0.14423
7739,3.459,0.14423
7740,3.46,0.14423
7741,3.461,0.14423
7742,3.462,0.14423
7743,3.463,0.14423
7744,3.464,0.14423
7745,3.465,0.14423
7746,3.466,0.14423
7747,3.467,0.14423
7748,3.468,0.14423
7749,3.469,0.14423
7750,3.47,0.14423
7751,3.471,0.14423
7752,3.472,0.14423
7753,3.473,0.14423
7754,3.474,0.14423
7755,3.475,0.14423
7756,3.476,0.14423
7757,3.477,0.14423
7758,3.478,0.14423
7759,3.479,0.14423
7760,3.48,0.14423
7761,3.481,0.14423
7762,3.482,0.14423
7763,3.483,0.14423
7764,3.484,0.14423
7765,3.485,0.14423
7766,3.486,0.14423
7767,3.487,0.14423
7768,3.488,0.14423
7769,3.489,0.14423
7770,3.49,0.14423
7771,3.491,0.14423
7772,3.492,0.14423
7773,3.493,0.14423
7774,3.494,0.14423
7775,3.495,0.14423
7776,3.496,0.14423
7777,3.497,0.14423
7778,3.498,0.14423
7779,3.499,0.14423
7780,3.5,0.14423
7781,3.501,0.14423
7782,3.502,0.14423
7783,3.503,0.145969
7784,3.504,0.145969
7785,3.505,0.170313
7786,3.506,0.27986
7787,3.507,0.302465
7788,3.508,0.283338
7789,3.509,0.185962
7790,3.51,0.149447
7791,3.511,0.145969
7792,3.512,0.145969
7793,3.513,0.14423
7794,3.514,0.14423
7795,3.515,0.14423
7796,3.516,0.14423
7797,3.517,0.14423
7798,3.518,0.14423
7799,3.519,0.14423
7800,3.52,0.14423
7801,3.521,0.14423
7802,3.522,0.14423
7803,3.523,0.14423
7804,3.524,0.14423
7805,3.525,0.14423
7806,3.526,0.14423
7807,3.527,0.14423
7808,3.528,0.14423
7809,3.529,0.14423
7810,3.53,0.14423
7811,3.531,0.14423
7812,3.532,0.14423
7813,3.533,0.14423
7814,3.534,0.14423
7815,3.535,0.14423
7816,3.536,0.14423
7817,3.537,0.14423
7818,3.538,0.14423
7819,3.539,0.14423
7820,3.54,0.14423
7821,3.541,0.14423
7822,3.542,0.14423
7823,3.543,0.14423
7824,3.544,0.14423
7825,3.545,0.14423
7826,3.546,0.14423
7827,3.547,0.14423
7828,3.548,0.14423
7829,3.549,0.14423
7830,3.55,0.14423
7831,3.551,0.14423
7832,3.552,0.14423
7833,3.553,0.14423
7834,3.554,0.14423
7835,3.555,0.14423
7836,3.556,0.14423
7837,3.557,0.14423
7838,3.558,0.14423
7839,3.559,0.14423
7840,3.56,0.14423
7841,3.561,0.14423
7842,3.562,0.14423
7843,3.563,0.14423
7844,3.564,0.14423
7845,3.565,0.14423
7846,3.566,0.14423
7847,3.567,0.14423
7848,3.568,0.14423
7849,3.569,0.14423
7850,3.57,0.14423
7851,3.571,0.14423
7852,3.572,0.14423
7853,3.573,0.14423
7854,3.574,0.14423
7855,3.575,0.14423
7856,3.576,0.14423
7857,3.577,0.14423
7858,3.578,0.145969
7859,3.579,0.145969
7860,3.58,0.166835
7861,3.581,0.27986
7862,3.582,0.302465
7863,3.583,0.283338
7864,3.584,0.18944
7865,3.585,0.151185
7866,3.586,0.147708
7867,3.587,0.14423
7868,3.588,0.14423
7869,3.589,0.14423
7870,3.59,0.14423
7871,3.591,0.14423
7872,3.592,0.14423
7873,3.593,0.14423
7874,3.594,0.14423
7875,3.595,0.14423
7876,3.596,0.14423
7877,3.597,0.14423
7878,3.598,0.14423
7879,3.599,0.14423
7880,3.6,0.14423
7881,3.601,0.14423
7882,3.602,0.14423
7883,3.603,0.14423
7884,3.604,0.14423
7885,3.605,0.14423
7886,3.606,0.14423
7887,3.607,0.14423
7888,3.608,0.14423
7889,3.609,0.14423
7890,3.61,0.14423
7891,3.611,0.14423
7892,3.612,0.14423
7893,3.613,0.14423
7894,3.614,0.14423
7895,3.615,0.14423
7896,3.616,0.14423
7897,3.617,0.14423
7898,3.618,0.14423
7899,3.619,0.14423
7900,3.62,0.14423
7901,3.621,0.14423
7902,3.622,0.14423
7903,3.623,0.14423
7904,3.624,0.14423
7905,3.625,0.14423
7906,3.626,0.14423
7907,3.627,0.14423
7908,3.628,0.14423
7909,3.629,0.14423
7910,3.63,0.14423
7911,3.631,0.14423
7912,3.632,0.14423
7913,3.633,0.14423
7914,3.634,0.14423
7915,3.635,0.14423
7916,3.636,0.14423
7917,3.637,0.14423
7918,3.638,0.14423
7919,3.639,0.14423
7920,3.64,0.14423
7921,3.641,0.14423
7922,3.642,0.14423
7923,3.643,0.14423
7924,3.644,0.14423
7925,3.645,0.14423
7926,3.646,0.14423
7927,3.647,0.14423
7928,3.648,0.14423
7929,3.649,0.14423
7930,3.65,0.14423
7931,3.651,0.14423
7932,3.652,0.14423
7933,3.653,0.14423
7934,3.654,0.14423
7935,3.655,0.165096
7936,3.656,0.278121
7937,3.657,0.300727
7938,3.658,0.283338
7939,3.659,0.18944
7940,3.66,0.151185
7941,3.661,0.147708
7942,3.662,0.14423
7943,3.663,0.14423
7944,3.664,0.14423
7945,3.665,0.14423
7946,3.666,0.14423
7947,3.667,0.14423
7948,3.668,0.14423
7949,3.669,0.14423
7950,3.67,0.14423
7951,3.671,0.14423
7952,3.672,0.14423
7953,3.673,0.14423
7954,3.674,0.14423
7955,3.675,0.14423
7956,3.676,0.14423
7957,3.677,0.14423
7958,3.678,0.14423
7959,3.679,0.14423
7960,3.68,0.14423
7961,3.681,0.14423
7962,3.682,0.14423
7963,3.683,0.14423
7964,3.684,0.14423
7965,3.685,0.14423
7966,3.686,0.14423
7967,3.687,0.14423
7968,3.688,0.14423
7969,3.689,0.14423
7970,3.69,0.14423
7971,3.691,0.14423
7972,3.692,0.14423
7973,3.693,0.14423
7974,3.694,0.14423
7975,3.695,0.14423
7976,3.696,0.14423
7977,3.697,0.14423
7978,3.698,0.14423
7979,3.699,0.14423
7980,3.7,0.14423
7981,3.701,0.14423
7982,3.702,0.14423
7983,3.703,0.14423
7984,3.704,0.14423
7985,3.705,0.14423
7986,3.706,0.14423
7987,3.707,0.14423
7988,3.708,0.14423
7989,3.709,0.14423
7990,3.71,0.14423
7991,3.711,0.14423
7992,3.712,0.14423
7993,3.713,0.14423
7994,3.714,0.14423
7995,3.715,0.14423
7996,3.716,0.14423
7997,3.717,0.14423
7998,3.718,0.14423
7999,3.719,0.14423
