;Scopy version,f4beeb1
;Exported on,vendredi octobre 10/10/2025
;Device,M2K
;Nr of samples,16000
;Sample rate,1000
;Tool,Oscilloscope
;Additional Information,
Sample,Time(S),CH1(V)
3137,-9.863,0.119058
3138,-9.862,0.119058
3139,-9.861,0.119058
3140,-9.86,0.119058
3141,-9.859,0.119058
3142,-9.858,0.119058
3143,-9.857,0.119058
3144,-9.856,0.119058
3145,-9.855,0.119058
3146,-9.854,0.119058
3147,-9.853,0.119058
3148,-9.852,0.119058
3149,-9.851,0.119058
3150,-9.85,0.119058
3151,-9.849,0.119058
3152,-9.848,0.119058
3153,-9.847,0.119058
3154,-9.846,0.119058
3155,-9.845,0.119058
3156,-9.844,0.119058
3157,-9.843,0.119058
3158,-9.842,0.119058
3159,-9.841,0.119058
3160,-9.84,0.119058
3161,-9.839,0.119058
3162,-9.838,0.119058
3163,-9.837,0.119058
3164,-9.836,0.119058
3165,-9.835,0.119058
3166,-9.834,0.119058
3167,-9.833,0.119058
3168,-9.832,0.119058
3169,-9.831,0.119058
3170,-9.83,0.119058
3171,-9.829,0.119058
3172,-9.828,0.119058
3173,-9.827,0.119058
3174,-9.826,0.119058
3175,-9.825,0.119058
3176,-9.824,0.119058
3177,-9.823,0.119058
3178,-9.822,0.119058
3179,-9.821,0.119058
3180,-9.82,0.119058
3181,-9.819,0.119058
3182,-9.818,0.119058
3183,-9.817,0.119058
3184,-9.816,0.119058
3185,-9.815,0.119058
3186,-9.814,0.119058
3187,-9.813,0.119058
3188,-9.812,0.119058
3189,-9.811,0.119058
3190,-9.81,0.119058
3191,-9.809,0.119058
3192,-9.808,0.119058
3193,-9.807,0.119058
3194,-9.806,0.119058
3195,-9.805,0.119058
3196,-9.804,0.119058
3197,-9.803,0.119058
3198,-9.802,0.119058
3199,-9.801,0.119058
3200,-9.8,0.119058
3201,-9.799,0.119058
3202,-9.798,0.119058
3203,-9.797,0.119058
3204,-9.796,0.119058
3205,-9.795,0.119058
3206,-9.794,0.119058
3207,-9.793,0.119058
3208,-9.792,0.119058
3209,-9.791,0.119058
3210,-9.79,0.119058
3211,-9.789,0.119058
3212,-9.788,0.119058
3213,-9.787,0.119058
3214,-9.786,0.119058
3215,-9.785,0.119058
3216,-9.784,0.119058
3217,-9.783,0.119058
3218,-9.782,0.119058
3219,-9.781,0.119058
3220,-9.78,0.119058
3221,-9.779,0.119058
3222,-9.778,0.119058
3223,-9.777,0.119058
3224,-9.776,0.119058
3225,-9.775,0.119058
3226,-9.774,0.119058
3227,-9.773,0.119058
3228,-9.772,0.119058
3229,-9.771,0.119058
3230,-9.77,0.119058
3231,-9.769,0.119058
3232,-9.768,0.119058
3233,-9.767,0.119058
3234,-9.766,0.119058
3235,-9.765,0.119058
3236,-9.764,0.119058
3237,-9.763,0.119058
3238,-9.762,0.119058
3239,-9.761,0.119058
3240,-9.76,0.119058
3241,-9.759,0.119058
3242,-9.758,0.119058
3243,-9.757,0.119058
3244,-9.756,0.119058
3245,-9.755,0.119058
3246,-9.754,0.119058
3247,-9.753,0.119058
3248,-9.752,0.119058
3249,-9.751,0.119058
3250,-9.75,0.119058
3251,-9.749,0.119058
3252,-9.748,0.119058
3253,-9.747,0.119058
3254,-9.746,0.119058
3255,-9.745,0.119058
3256,-9.744,0.119058
3257,-9.743,0.119058
3258,-9.742,0.119058
3259,-9.741,0.119058
3260,-9.74,0.119058
3261,-9.739,0.119058
3262,-9.738,0.119058
3263,-9.737,0.119058
3264,-9.736,0.119058
3265,-9.735,0.119058
3266,-9.734,0.119058
3267,-9.733,0.119058
3268,-9.732,0.119058
3269,-9.731,0.119058
3270,-9.73,0.119058
3271,-9.729,0.119058
3272,-9.728,0.119058
3273,-9.727,0.119058
3274,-9.726,0.119058
3275,-9.725,0.119058
3276,-9.724,0.119058
3277,-9.723,0.119058
3278,-9.722,0.119058
3279,-9.721,0.119058
3280,-9.72,0.119058
3281,-9.719,0.119058
3282,-9.718,0.119058
3283,-9.717,0.119058
3284,-9.716,0.119058
3285,-9.715,0.119058
3286,-9.714,0.119058
3287,-9.713,0.119058
3288,-9.712,0.119058
3289,-9.711,0.119058
3290,-9.71,0.119058
3291,-9.709,0.119058
3292,-9.708,0.119058
3293,-9.707,0.119058
3294,-9.706,0.119058
3295,-9.705,0.119058
3296,-9.704,0.119058
3297,-9.703,0.119058
3298,-9.702,0.119058
3299,-9.701,0.119058
3300,-9.7,0.119058
3301,-9.699,0.119058
3302,-9.698,0.119058
3303,-9.697,0.119058
3304,-9.696,0.119058
3305,-9.695,0.119058
3306,-9.694,0.119058
3307,-9.693,0.119058
3308,-9.692,0.119058
3309,-9.691,0.119058
3310,-9.69,0.119058
3311,-9.689,0.119058
3312,-9.688,0.119058
3313,-9.687,0.119058
3314,-9.686,0.119058
3315,-9.685,0.119058
3316,-9.684,0.119058
3317,-9.683,0.119058
3318,-9.682,0.119058
3319,-9.681,0.119058
3320,-9.68,0.119058
3321,-9.679,0.119058
3322,-9.678,0.119058
3323,-9.677,0.119058
3324,-9.676,0.119058
3325,-9.675,0.119058
3326,-9.674,0.119058
3327,-9.673,0.119058
3328,-9.672,0.119058
3329,-9.671,0.119058
3330,-9.67,0.119058
3331,-9.669,0.119058
3332,-9.668,0.119058
3333,-9.667,0.119058
3334,-9.666,0.119058
3335,-9.665,0.119058
3336,-9.664,0.119058
3337,-9.663,0.119058
3338,-9.662,0.119058
3339,-9.661,0.119058
3340,-9.66,0.119058
3341,-9.659,0.119058
3342,-9.658,0.119058
3343,-9.657,0.119058
3344,-9.656,0.119058
3345,-9.655,0.119058
3346,-9.654,0.119058
3347,-9.653,0.119058
3348,-9.652,0.119058
3349,-9.651,0.119058
3350,-9.65,0.119058
3351,-9.649,0.119058
3352,-9.648,0.119058
3353,-9.647,0.119058
3354,-9.646,0.119058
3355,-9.645,0.119058
3356,-9.644,0.119058
3357,-9.643,0.119058
3358,-9.642,0.119058
3359,-9.641,0.119058
3360,-9.64,0.119058
3361,-9.639,0.119058
3362,-9.638,0.119058
3363,-9.637,0.119058
3364,-9.636,0.119058
3365,-9.635,0.119058
3366,-9.634,0.119058
3367,-9.633,0.119058
3368,-9.632,0.119058
3369,-9.631,0.119058
3370,-9.63,0.119058
3371,-9.629,0.119058
3372,-9.628,0.119058
3373,-9.627,0.119058
3374,-9.626,0.119058
3375,-9.625,0.119058
3376,-9.624,0.119058
3377,-9.623,0.119058
3378,-9.622,0.119058
3379,-9.621,0.119058
3380,-9.62,0.119058
3381,-9.619,0.119058
3382,-9.618,0.119058
3383,-9.617,0.119058
3384,-9.616,0.119058
3385,-9.615,0.119058
3386,-9.614,0.119058
3387,-9.613,0.119058
3388,-9.612,0.119058
3389,-9.611,0.119058
3390,-9.61,0.119058
3391,-9.609,0.119058
3392,-9.608,0.119058
3393,-9.607,0.119058
3394,-9.606,0.119058
3395,-9.605,0.119058
3396,-9.604,0.119058
3397,-9.603,0.119058
3398,-9.602,0.119058
3399,-9.601,0.119058
3400,-9.6,0.119058
3401,-9.599,0.119058
3402,-9.598,0.119058
3403,-9.597,0.119058
3404,-9.596,0.119058
3405,-9.595,0.119058
3406,-9.594,0.119058
3407,-9.593,0.119058
3408,-9.592,0.119058
3409,-9.591,0.119058
3410,-9.59,0.119058
3411,-9.589,0.119058
3412,-9.588,0.119058
3413,-9.587,0.119058
3414,-9.586,0.119058
3415,-9.585,0.119058
3416,-9.584,0.119058
3417,-9.583,0.119058
3418,-9.582,0.119058
3419,-9.581,0.119058
3420,-9.58,0.119058
3421,-9.579,0.119058
3422,-9.578,0.119058
3423,-9.577,0.119058
3424,-9.576,0.119058
3425,-9.575,0.119058
3426,-9.574,0.119058
3427,-9.573,0.119058
3428,-9.572,0.119058
3429,-9.571,0.119058
3430,-9.57,0.119058
3431,-9.569,0.119058
3432,-9.568,0.119058
3433,-9.567,0.119058
3434,-9.566,0.119058
3435,-9.565,0.119058
3436,-9.564,0.119058
3437,-9.563,0.119058
3438,-9.562,0.119058
3439,-9.561,0.119058
3440,-9.56,0.119058
3441,-9.559,0.119058
3442,-9.558,0.119058
3443,-9.557,0.119058
3444,-9.556,0.119058
3445,-9.555,0.119058
3446,-9.554,0.119058
3447,-9.553,0.119058
3448,-9.552,0.119058
3449,-9.551,0.119058
3450,-9.55,0.119058
3451,-9.549,0.119058
3452,-9.548,0.119058
3453,-9.547,0.119058
3454,-9.546,0.119058
3455,-9.545,0.119058
3456,-9.544,0.119058
3457,-9.543,0.119058
3458,-9.542,0.119058
3459,-9.541,0.119058
3460,-9.54,0.119058
3461,-9.539,0.119058
3462,-9.538,0.119058
3463,-9.537,0.119058
3464,-9.536,0.119058
3465,-9.535,0.119058
3466,-9.534,0.119058
3467,-9.533,0.119058
3468,-9.532,0.119058
3469,-9.531,0.119058
3470,-9.53,0.119058
3471,-9.529,0.119058
3472,-9.528,0.119058
3473,-9.527,0.119058
3474,-9.526,0.119058
3475,-9.525,0.119058
3476,-9.524,0.119058
3477,-9.523,0.119058
3478,-9.522,0.119058
3479,-9.521,0.119058
3480,-9.52,0.119058
3481,-9.519,0.119058
3482,-9.518,0.119058
3483,-9.517,0.119058
3484,-9.516,0.119058
3485,-9.515,0.119058
3486,-9.514,0.119058
3487,-9.513,0.119058
3488,-9.512,0.119058
3489,-9.511,0.119058
3490,-9.51,0.119058
3491,-9.509,0.119058
3492,-9.508,0.119058
3493,-9.507,0.119058
3494,-9.506,0.119058
3495,-9.505,0.119058
3496,-9.504,0.119058
3497,-9.503,0.119058
3498,-9.502,0.119058
3499,-9.501,0.119058
3500,-9.5,0.119058
3501,-9.499,0.119058
3502,-9.498,0.119058
3503,-9.497,0.119058
3504,-9.496,0.119058
3505,-9.495,0.119058
3506,-9.494,0.119058
3507,-9.493,0.119058
3508,-9.492,0.119058
3509,-9.491,0.119058
3510,-9.49,0.119058
3511,-9.489,0.119058
3512,-9.488,0.119058
3513,-9.487,0.119058
3514,-9.486,0.119058
3515,-9.485,0.119058
3516,-9.484,0.119058
3517,-9.483,0.119058
3518,-9.482,0.119058
3519,-9.481,0.119058
3520,-9.48,0.119058
3521,-9.479,0.119058
3522,-9.478,0.119058
3523,-9.477,0.119058
3524,-9.476,0.119058
3525,-9.475,0.119058
3526,-9.474,0.119058
3527,-9.473,0.119058
3528,-9.472,0.119058
3529,-9.471,0.119058
3530,-9.47,0.119058
3531,-9.469,0.119058
3532,-9.468,0.119058
3533,-9.467,0.119058
3534,-9.466,0.119058
3535,-9.465,0.119058
3536,-9.464,0.119058
3537,-9.463,0.119058
3538,-9.462,0.119058
3539,-9.461,0.119058
3540,-9.46,0.119058
3541,-9.459,0.119058
3542,-9.458,0.119058
3543,-9.457,0.119058
3544,-9.456,0.119058
3545,-9.455,0.119058
3546,-9.454,0.119058
3547,-9.453,0.119058
3548,-9.452,0.119058
3549,-9.451,0.119058
3550,-9.45,0.119058
3551,-9.449,0.119058
3552,-9.448,0.119058
3553,-9.447,0.119058
3554,-9.446,0.119058
3555,-9.445,0.119058
3556,-9.444,0.119058
3557,-9.443,0.119058
3558,-9.442,0.119058
3559,-9.441,0.119058
3560,-9.44,0.119058
3561,-9.439,0.119058
3562,-9.438,0.119058
3563,-9.437,0.119058
3564,-9.436,0.119058
3565,-9.435,0.119058
3566,-9.434,0.119058
3567,-9.433,0.119058
3568,-9.432,0.119058
3569,-9.431,0.119058
3570,-9.43,0.119058
3571,-9.429,0.119058
3572,-9.428,0.119058
3573,-9.427,0.119058
3574,-9.426,0.119058
3575,-9.425,0.119058
3576,-9.424,0.119058
3577,-9.423,0.119058
3578,-9.422,0.119058
3579,-9.421,0.119058
3580,-9.42,0.119058
3581,-9.419,0.119058
3582,-9.418,0.119058
3583,-9.417,0.119058
3584,-9.416,0.119058
3585,-9.415,0.119058
3586,-9.414,0.119058
3587,-9.413,0.119058
3588,-9.412,0.119058
3589,-9.411,0.119058
3590,-9.41,0.119058
3591,-9.409,0.119058
3592,-9.408,0.119058
3593,-9.407,0.119058
3594,-9.406,0.119058
3595,-9.405,0.119058
3596,-9.404,0.119058
3597,-9.403,0.119058
3598,-9.402,0.119058
3599,-9.401,0.119058
3600,-9.4,0.119058
3601,-9.399,0.119058
3602,-9.398,0.119058
3603,-9.397,0.119058
3604,-9.396,0.119058
3605,-9.395,0.119058
3606,-9.394,0.119058
3607,-9.393,0.119058
3608,-9.392,0.119058
3609,-9.391,0.119058
3610,-9.39,0.119058
3611,-9.389,0.119058
3612,-9.388,0.119058
3613,-9.387,0.119058
3614,-9.386,0.119058
3615,-9.385,0.119058
3616,-9.384,0.119058
3617,-9.383,0.119058
3618,-9.382,0.119058
3619,-9.381,0.119058
3620,-9.38,0.119058
3621,-9.379,0.119058
3622,-9.378,0.119058
3623,-9.377,0.119058
3624,-9.376,0.119058
3625,-9.375,0.119058
3626,-9.374,0.119058
3627,-9.373,0.119058
3628,-9.372,0.119058
3629,-9.371,0.119058
3630,-9.37,0.119058
3631,-9.369,0.119058
3632,-9.368,0.119058
3633,-9.367,0.119058
3634,-9.366,0.119058
3635,-9.365,0.119058
3636,-9.364,0.119058
3637,-9.363,0.119058
3638,-9.362,0.119058
3639,-9.361,0.119058
3640,-9.36,0.119058
3641,-9.359,0.119058
3642,-9.358,0.119058
3643,-9.357,0.119058
3644,-9.356,0.119058
3645,-9.355,0.119058
3646,-9.354,0.119058
3647,-9.353,0.119058
3648,-9.352,0.119058
3649,-9.351,0.119058
3650,-9.35,0.119058
3651,-9.349,0.119058
3652,-9.348,0.119058
3653,-9.347,0.119058
3654,-9.346,0.119058
3655,-9.345,0.119058
3656,-9.344,0.119058
3657,-9.343,0.119058
3658,-9.342,0.119058
3659,-9.341,0.119058
3660,-9.34,0.119058
3661,-9.339,0.119058
3662,-9.338,0.119058
3663,-9.337,0.119058
3664,-9.336,0.119058
3665,-9.335,0.119058
3666,-9.334,0.119058
3667,-9.333,0.119058
3668,-9.332,0.119058
3669,-9.331,0.119058
3670,-9.33,0.119058
3671,-9.329,0.119058
3672,-9.328,0.119058
3673,-9.327,0.119058
3674,-9.326,0.119058
3675,-9.325,0.119058
3676,-9.324,0.119058
3677,-9.323,0.119058
3678,-9.322,0.119058
3679,-9.321,0.119058
3680,-9.32,0.119058
3681,-9.319,0.119058
3682,-9.318,0.119058
3683,-9.317,0.119058
3684,-9.316,0.119058
3685,-9.315,0.119058
3686,-9.314,0.119058
3687,-9.313,0.119058
3688,-9.312,0.119058
3689,-9.311,0.119058
3690,-9.31,0.119058
3691,-9.309,0.119058
3692,-9.308,0.119058
3693,-9.307,0.119058
3694,-9.306,0.119058
3695,-9.305,0.119058
3696,-9.304,0.119058
3697,-9.303,0.119058
3698,-9.302,0.119058
3699,-9.301,0.119058
3700,-9.3,0.119058
3701,-9.299,0.119058
3702,-9.298,0.119058
3703,-9.297,0.119058
3704,-9.296,0.119058
3705,-9.295,0.119058
3706,-9.294,0.119058
3707,-9.293,0.119058
3708,-9.292,0.119058
3709,-9.291,0.119058
3710,-9.29,0.119058
3711,-9.289,0.119058
3712,-9.288,0.119058
3713,-9.287,0.119058
3714,-9.286,0.119058
3715,-9.285,0.119058
3716,-9.284,0.119058
3717,-9.283,0.119058
3718,-9.282,0.119058
3719,-9.281,0.119058
3720,-9.28,0.119058
3721,-9.279,0.119058
3722,-9.278,0.119058
3723,-9.277,0.119058
3724,-9.276,0.119058
3725,-9.275,0.119058
3726,-9.274,0.119058
3727,-9.273,0.119058
3728,-9.272,0.119058
3729,-9.271,0.119058
3730,-9.27,0.119058
3731,-9.269,0.119058
3732,-9.268,0.119058
3733,-9.267,0.119058
3734,-9.266,0.119058
3735,-9.265,0.119058
3736,-9.264,0.119058
3737,-9.263,0.119058
3738,-9.262,0.119058
3739,-9.261,0.119058
3740,-9.26,0.119058
3741,-9.259,0.119058
3742,-9.258,0.119058
3743,-9.257,0.119058
3744,-9.256,0.119058
3745,-9.255,0.119058
3746,-9.254,0.119058
3747,-9.253,0.119058
3748,-9.252,0.119058
3749,-9.251,0.119058
3750,-9.25,0.119058
3751,-9.249,0.119058
3752,-9.248,0.119058
3753,-9.247,0.119058
3754,-9.246,0.119058
3755,-9.245,0.119058
3756,-9.244,0.119058
3757,-9.243,0.119058
3758,-9.242,0.119058
3759,-9.241,0.119058
3760,-9.24,0.119058
3761,-9.239,0.119058
3762,-9.238,0.119058
3763,-9.237,0.119058
3764,-9.236,0.119058
3765,-9.235,0.119058
3766,-9.234,0.119058
3767,-9.233,0.119058
3768,-9.232,0.119058
3769,-9.231,0.119058
3770,-9.23,0.119058
3771,-9.229,0.119058
3772,-9.228,0.119058
3773,-9.227,0.119058
3774,-9.226,0.119058
3775,-9.225,0.119058
3776,-9.224,0.119058
3777,-9.223,0.119058
3778,-9.222,0.119058
3779,-9.221,0.119058
3780,-9.22,0.119058
3781,-9.219,0.119058
3782,-9.218,0.119058
3783,-9.217,0.119058
3784,-9.216,0.119058
3785,-9.215,0.119058
3786,-9.214,0.119058
3787,-9.213,0.119058
3788,-9.212,0.119058
3789,-9.211,0.119058
3790,-9.21,0.119058
3791,-9.209,0.119058
3792,-9.208,0.119058
3793,-9.207,0.119058
3794,-9.206,0.119058
3795,-9.205,0.119058
3796,-9.204,0.119058
3797,-9.203,0.119058
3798,-9.202,0.119058
3799,-9.201,0.119058
3800,-9.2,0.119058
3801,-9.199,0.119058
3802,-9.198,0.119058
3803,-9.197,0.119058
3804,-9.196,0.119058
3805,-9.195,0.119058
3806,-9.194,0.119058
3807,-9.193,0.119058
3808,-9.192,0.119058
3809,-9.191,0.119058
3810,-9.19,0.119058
3811,-9.189,0.119058
3812,-9.188,0.119058
3813,-9.187,0.119058
3814,-9.186,0.119058
3815,-9.185,0.119058
3816,-9.184,0.119058
3817,-9.183,0.119058
3818,-9.182,0.119058
3819,-9.181,0.119058
3820,-9.18,0.119058
3821,-9.179,0.119058
3822,-9.178,0.119058
3823,-9.177,0.119058
3824,-9.176,0.119058
3825,-9.175,0.119058
3826,-9.174,0.119058
3827,-9.173,0.119058
3828,-9.172,0.119058
3829,-9.171,0.119058
3830,-9.17,0.119058
3831,-9.169,0.119058
3832,-9.168,0.119058
3833,-9.167,0.119058
3834,-9.166,0.119058
3835,-9.165,0.119058
3836,-9.164,0.119058
3837,-9.163,0.119058
3838,-9.162,0.119058
3839,-9.161,0.119058
3840,-9.16,0.119058
3841,-9.159,0.119058
3842,-9.158,0.119058
3843,-9.157,0.119058
3844,-9.156,0.119058
3845,-9.155,0.119058
3846,-9.154,0.119058
3847,-9.153,0.119058
3848,-9.152,0.119058
3849,-9.151,0.119058
3850,-9.15,0.119058
3851,-9.149,0.119058
3852,-9.148,0.119058
3853,-9.147,0.119058
3854,-9.146,0.119058
3855,-9.145,0.119058
3856,-9.144,0.119058
3857,-9.143,0.119058
3858,-9.142,0.119058
3859,-9.141,0.119058
3860,-9.14,0.119058
3861,-9.139,0.119058
3862,-9.138,0.119058
3863,-9.137,0.119058
3864,-9.136,0.119058
3865,-9.135,0.119058
3866,-9.134,0.119058
3867,-9.133,0.119058
3868,-9.132,0.119058
3869,-9.131,0.119058
3870,-9.13,0.119058
3871,-9.129,0.119058
3872,-9.128,0.119058
3873,-9.127,0.119058
3874,-9.126,0.119058
3875,-9.125,0.119058
3876,-9.124,0.119058
3877,-9.123,0.119058
3878,-9.122,0.119058
3879,-9.121,0.119058
3880,-9.12,0.119058
3881,-9.119,0.119058
3882,-9.118,0.119058
3883,-9.117,0.119058
3884,-9.116,0.119058
3885,-9.115,0.119058
3886,-9.114,0.119058
3887,-9.113,0.119058
3888,-9.112,0.119058
3889,-9.111,0.119058
3890,-9.11,0.119058
3891,-9.109,0.119058
3892,-9.108,0.119058
3893,-9.107,0.119058
3894,-9.106,0.119058
3895,-9.105,0.119058
3896,-9.104,0.119058
3897,-9.103,0.119058
3898,-9.102,0.119058
3899,-9.101,0.119058
3900,-9.1,0.119058
3901,-9.099,0.119058
3902,-9.098,0.119058
3903,-9.097,0.119058
3904,-9.096,0.119058
3905,-9.095,0.119058
3906,-9.094,0.119058
3907,-9.093,0.119058
3908,-9.092,0.119058
3909,-9.091,0.119058
3910,-9.09,0.119058
3911,-9.089,0.119058
3912,-9.088,0.119058
3913,-9.087,0.119058
3914,-9.086,0.119058
3915,-9.085,0.119058
3916,-9.084,0.119058
3917,-9.083,0.119058
3918,-9.082,0.119058
3919,-9.081,0.119058
3920,-9.08,0.119058
3921,-9.079,0.119058
3922,-9.078,0.119058
3923,-9.077,0.119058
3924,-9.076,0.119058
3925,-9.075,0.119058
3926,-9.074,0.119058
3927,-9.073,0.119058
3928,-9.072,0.119058
3929,-9.071,0.119058
3930,-9.07,0.119058
3931,-9.069,0.119058
3932,-9.068,0.119058
3933,-9.067,0.119058
3934,-9.066,0.119058
3935,-9.065,0.119058
3936,-9.064,0.119058
3937,-9.063,0.119058
3938,-9.062,0.119058
3939,-9.061,0.119058
3940,-9.06,0.119058
3941,-9.059,0.119058
3942,-9.058,0.119058
3943,-9.057,0.119058
3944,-9.056,0.119058
3945,-9.055,0.119058
3946,-9.054,0.119058
3947,-9.053,0.119058
3948,-9.052,0.119058
3949,-9.051,0.119058
3950,-9.05,0.119058
3951,-9.049,0.119058
3952,-9.048,0.119058
3953,-9.047,0.119058
3954,-9.046,0.119058
3955,-9.045,0.119058
3956,-9.044,0.119058
3957,-9.043,0.119058
3958,-9.042,0.119058
3959,-9.041,0.119058
3960,-9.04,0.119058
3961,-9.039,0.119058
3962,-9.038,0.119058
3963,-9.037,0.119058
3964,-9.036,0.119058
3965,-9.035,0.119058
3966,-9.034,0.119058
3967,-9.033,0.119058
3968,-9.032,0.119058
3969,-9.031,0.119058
3970,-9.03,0.119058
3971,-9.029,0.119058
3972,-9.028,0.119058
3973,-9.027,0.119058
3974,-9.026,0.119058
3975,-9.025,0.119058
3976,-9.024,0.119058
3977,-9.023,0.119058
3978,-9.022,0.119058
3979,-9.021,0.119058
3980,-9.02,0.119058
3981,-9.019,0.119058
3982,-9.018,0.119058
3983,-9.017,0.119058
3984,-9.016,0.119058
3985,-9.015,0.119058
3986,-9.014,0.119058
3987,-9.013,0.119058
3988,-9.012,0.119058
3989,-9.011,0.119058
3990,-9.01,0.119058
3991,-9.009,0.119058
3992,-9.008,0.119058
3993,-9.007,0.119058
3994,-9.006,0.119058
3995,-9.005,0.119058
3996,-9.004,0.119058
3997,-9.003,0.119058
3998,-9.002,0.119058
3999,-9.001,0.119058
4000,-9,0.119058
4001,-8.999,0.119058
4002,-8.998,0.119058
4003,-8.997,0.119058
4004,-8.996,0.119058
4005,-8.995,0.119058
4006,-8.994,0.119058
4007,-8.993,0.119058
4008,-8.992,0.119058
4009,-8.991,0.119058
4010,-8.99,0.119058
4011,-8.989,0.119058
4012,-8.988,0.119058
4013,-8.987,0.119058
4014,-8.986,0.119058
4015,-8.985,0.119058
4016,-8.984,0.119058
4017,-8.983,0.119058
4018,-8.982,0.119058
4019,-8.981,0.119058
4020,-8.98,0.119058
4021,-8.979,0.119058
4022,-8.978,0.119058
4023,-8.977,0.119058
4024,-8.976,0.119058
4025,-8.975,0.119058
4026,-8.974,0.119058
4027,-8.973,0.119058
4028,-8.972,0.119058
4029,-8.971,0.119058
4030,-8.97,0.119058
4031,-8.969,0.119058
4032,-8.968,0.119058
4033,-8.967,0.119058
4034,-8.966,0.119058
4035,-8.965,0.119058
4036,-8.964,0.119058
4037,-8.963,0.119058
4038,-8.962,0.119058
4039,-8.961,0.119058
4040,-8.96,0.119058
4041,-8.959,0.119058
4042,-8.958,0.119058
4043,-8.957,0.119058
4044,-8.956,0.119058
4045,-8.955,0.119058
4046,-8.954,0.119058
4047,-8.953,0.119058
4048,-8.952,0.119058
4049,-8.951,0.119058
4050,-8.95,0.119058
4051,-8.949,0.119058
4052,-8.948,0.119058
4053,-8.947,0.119058
4054,-8.946,0.119058
4055,-8.945,0.119058
4056,-8.944,0.119058
4057,-8.943,0.119058
4058,-8.942,0.119058
4059,-8.941,0.119058
4060,-8.94,0.119058
4061,-8.939,0.119058
4062,-8.938,0.119058
4063,-8.937,0.119058
4064,-8.936,0.119058
4065,-8.935,0.119058
4066,-8.934,0.119058
4067,-8.933,0.119058
4068,-8.932,0.119058
4069,-8.931,0.119058
4070,-8.93,0.119058
4071,-8.929,0.119058
4072,-8.928,0.119058
4073,-8.927,0.119058
4074,-8.926,0.119058
4075,-8.925,0.119058
4076,-8.924,0.119058
4077,-8.923,0.119058
4078,-8.922,0.119058
4079,-8.921,0.119058
4080,-8.92,0.119058
4081,-8.919,0.119058
4082,-8.918,0.119058
4083,-8.917,0.119058
4084,-8.916,0.119058
4085,-8.915,0.119058
4086,-8.914,0.119058
4087,-8.913,0.119058
4088,-8.912,0.119058
4089,-8.911,0.119058
4090,-8.91,0.119058
4091,-8.909,0.119058
4092,-8.908,0.119058
4093,-8.907,0.119058
4094,-8.906,0.119058
4095,-8.905,0.119058
4096,-8.904,0.119058
4097,-8.903,0.119058
4098,-8.902,0.119058
4099,-8.901,0.119058
4100,-8.9,0.119058
4101,-8.899,0.119058
4102,-8.898,0.119058
4103,-8.897,0.119058
4104,-8.896,0.119058
4105,-8.895,0.119058
4106,-8.894,0.119058
4107,-8.893,0.119058
4108,-8.892,0.119058
4109,-8.891,0.119058
4110,-8.89,0.119058
4111,-8.889,0.119058
4112,-8.888,0.119058
4113,-8.887,0.119058
4114,-8.886,0.119058
4115,-8.885,0.119058
4116,-8.884,0.119058
4117,-8.883,0.119058
4118,-8.882,0.119058
4119,-8.881,0.119058
4120,-8.88,0.119058
4121,-8.879,0.119058
4122,-8.878,0.119058
4123,-8.877,0.119058
4124,-8.876,0.119058
4125,-8.875,0.119058
4126,-8.874,0.119058
4127,-8.873,0.119058
4128,-8.872,0.119058
4129,-8.871,0.119058
4130,-8.87,0.119058
4131,-8.869,0.119058
4132,-8.868,0.119058
4133,-8.867,0.119058
4134,-8.866,0.119058
4135,-8.865,0.119058
4136,-8.864,0.119058
4137,-8.863,0.119058
4138,-8.862,0.119058
4139,-8.861,0.119058
4140,-8.86,0.119058
4141,-8.859,0.119058
4142,-8.858,0.119058
4143,-8.857,0.119058
4144,-8.856,0.119058
4145,-8.855,0.119058
4146,-8.854,0.119058
4147,-8.853,0.119058
4148,-8.852,0.119058
4149,-8.851,0.119058
4150,-8.85,0.119058
4151,-8.849,0.119058
4152,-8.848,0.119058
4153,-8.847,0.119058
4154,-8.846,0.119058
4155,-8.845,0.119058
4156,-8.844,0.119058
4157,-8.843,0.119058
4158,-8.842,0.119058
4159,-8.841,0.119058
4160,-8.84,0.119058
4161,-8.839,0.119058
4162,-8.838,0.119058
4163,-8.837,0.119058
4164,-8.836,0.119058
4165,-8.835,0.119058
4166,-8.834,0.119058
4167,-8.833,0.119058
4168,-8.832,0.119058
4169,-8.831,0.119058
4170,-8.83,0.119058
4171,-8.829,0.119058
4172,-8.828,0.119058
4173,-8.827,0.119058
4174,-8.826,0.119058
4175,-8.825,0.119058
4176,-8.824,0.119058
4177,-8.823,0.119058
4178,-8.822,0.119058
4179,-8.821,0.119058
4180,-8.82,0.119058
4181,-8.819,0.119058
4182,-8.818,0.119058
4183,-8.817,0.119058
4184,-8.816,0.119058
4185,-8.815,0.119058
4186,-8.814,0.119058
4187,-8.813,0.119058
4188,-8.812,0.119058
4189,-8.811,0.119058
4190,-8.81,0.119058
4191,-8.809,0.119058
4192,-8.808,0.119058
4193,-8.807,0.119058
4194,-8.806,0.119058
4195,-8.805,0.119058
4196,-8.804,0.119058
4197,-8.803,0.119058
4198,-8.802,0.119058
4199,-8.801,0.119058
4200,-8.8,0.119058
4201,-8.799,0.119058
4202,-8.798,0.119058
4203,-8.797,0.119058
4204,-8.796,0.119058
4205,-8.795,0.119058
4206,-8.794,0.119058
4207,-8.793,0.119058
4208,-8.792,0.119058
4209,-8.791,0.119058
4210,-8.79,0.119058
4211,-8.789,0.119058
4212,-8.788,0.119058
4213,-8.787,0.119058
4214,-8.786,0.119058
4215,-8.785,0.119058
4216,-8.784,0.119058
4217,-8.783,0.119058
4218,-8.782,0.119058
4219,-8.781,0.119058
4220,-8.78,0.119058
4221,-8.779,0.119058
4222,-8.778,0.119058
4223,-8.777,0.119058
4224,-8.776,0.119058
4225,-8.775,0.119058
4226,-8.774,0.119058
4227,-8.773,0.119058
4228,-8.772,0.119058
4229,-8.771,0.119058
4230,-8.77,0.119058
4231,-8.769,0.119058
4232,-8.768,0.119058
4233,-8.767,0.119058
4234,-8.766,0.119058
4235,-8.765,0.119058
4236,-8.764,0.119058
4237,-8.763,0.119058
4238,-8.762,0.119058
4239,-8.761,0.119058
4240,-8.76,0.119058
4241,-8.759,0.119058
4242,-8.758,0.119058
4243,-8.757,0.119058
4244,-8.756,0.119058
4245,-8.755,0.119058
4246,-8.754,0.119058
4247,-8.753,0.119058
4248,-8.752,0.119058
4249,-8.751,0.119058
4250,-8.75,0.119058
4251,-8.749,0.119058
4252,-8.748,0.119058
4253,-8.747,0.119058
4254,-8.746,0.119058
4255,-8.745,0.119058
4256,-8.744,0.119058
4257,-8.743,0.119058
4258,-8.742,0.119058
4259,-8.741,0.119058
4260,-8.74,0.119058
4261,-8.739,0.119058
4262,-8.738,0.119058
4263,-8.737,0.119058
4264,-8.736,0.119058
4265,-8.735,0.119058
4266,-8.734,0.119058
4267,-8.733,0.119058
4268,-8.732,0.119058
4269,-8.731,0.119058
4270,-8.73,0.119058
4271,-8.729,0.119058
4272,-8.728,0.119058
4273,-8.727,0.119058
4274,-8.726,0.119058
4275,-8.725,0.119058
4276,-8.724,0.119058
4277,-8.723,0.119058
4278,-8.722,0.119058
4279,-8.721,0.119058
4280,-8.72,0.119058
4281,-8.719,0.119058
4282,-8.718,0.119058
4283,-8.717,0.119058
4284,-8.716,0.119058
4285,-8.715,0.119058
4286,-8.714,0.119058
4287,-8.713,0.119058
4288,-8.712,0.119058
4289,-8.711,0.119058
4290,-8.71,0.119058
4291,-8.709,0.119058
4292,-8.708,0.119058
4293,-8.707,0.119058
4294,-8.706,0.119058
4295,-8.705,0.119058
4296,-8.704,0.119058
4297,-8.703,0.119058
4298,-8.702,0.119058
4299,-8.701,0.119058
4300,-8.7,0.119058
4301,-8.699,0.119058
4302,-8.698,0.119058
4303,-8.697,0.119058
4304,-8.696,0.119058
4305,-8.695,0.119058
4306,-8.694,0.119058
4307,-8.693,0.119058
4308,-8.692,0.119058
4309,-8.691,0.119058
4310,-8.69,0.119058
4311,-8.689,0.119058
4312,-8.688,0.119058
4313,-8.687,0.119058
4314,-8.686,0.119058
4315,-8.685,0.119058
4316,-8.684,0.119058
4317,-8.683,0.119058
4318,-8.682,0.119058
4319,-8.681,0.119058
4320,-8.68,0.119058
4321,-8.679,0.119058
4322,-8.678,0.119058
4323,-8.677,0.119058
4324,-8.676,0.119058
4325,-8.675,0.119058
4326,-8.674,0.119058
4327,-8.673,0.119058
4328,-8.672,0.119058
4329,-8.671,0.119058
4330,-8.67,0.119058
4331,-8.669,0.119058
4332,-8.668,0.119058
4333,-8.667,0.119058
4334,-8.666,0.119058
4335,-8.665,0.119058
4336,-8.664,0.119058
4337,-8.663,0.119058
4338,-8.662,0.119058
4339,-8.661,0.119058
4340,-8.66,0.119058
4341,-8.659,0.119058
4342,-8.658,0.119058
4343,-8.657,0.119058
4344,-8.656,0.119058
4345,-8.655,0.119058
4346,-8.654,0.119058
4347,-8.653,0.119058
4348,-8.652,0.119058
4349,-8.651,0.119058
4350,-8.65,0.119058
4351,-8.649,0.119058
4352,-8.648,0.119058
4353,-8.647,0.119058
4354,-8.646,0.119058
4355,-8.645,0.119058
4356,-8.644,0.119058
4357,-8.643,0.119058
4358,-8.642,0.119058
4359,-8.641,0.119058
4360,-8.64,0.119058
4361,-8.639,0.119058
4362,-8.638,0.119058
4363,-8.637,0.119058
4364,-8.636,0.119058
4365,-8.635,0.119058
4366,-8.634,0.119058
4367,-8.633,0.119058
4368,-8.632,0.119058
4369,-8.631,0.119058
4370,-8.63,0.119058
4371,-8.629,0.119058
4372,-8.628,0.119058
4373,-8.627,0.119058
4374,-8.626,0.119058
4375,-8.625,0.119058
4376,-8.624,0.119058
4377,-8.623,0.119058
4378,-8.622,0.119058
4379,-8.621,0.119058
4380,-8.62,0.119058
4381,-8.619,0.119058
4382,-8.618,0.119058
4383,-8.617,0.119058
4384,-8.616,0.119058
4385,-8.615,0.119058
4386,-8.614,0.119058
4387,-8.613,0.119058
4388,-8.612,0.119058
4389,-8.611,0.119058
4390,-8.61,0.119058
4391,-8.609,0.119058
4392,-8.608,0.119058
4393,-8.607,0.119058
4394,-8.606,0.119058
4395,-8.605,0.119058
4396,-8.604,0.119058
4397,-8.603,0.119058
4398,-8.602,0.119058
4399,-8.601,0.119058
4400,-8.6,0.119058
4401,-8.599,0.119058
4402,-8.598,0.119058
4403,-8.597,0.119058
4404,-8.596,0.119058
4405,-8.595,0.119058
4406,-8.594,0.119058
4407,-8.593,0.119058
4408,-8.592,0.119058
4409,-8.591,0.119058
4410,-8.59,0.119058
4411,-8.589,0.119058
4412,-8.588,0.119058
4413,-8.587,0.119058
4414,-8.586,0.119058
4415,-8.585,0.119058
4416,-8.584,0.119058
4417,-8.583,0.119058
4418,-8.582,0.119058
4419,-8.581,0.119058
4420,-8.58,0.119058
4421,-8.579,0.119058
4422,-8.578,0.119058
4423,-8.577,0.119058
4424,-8.576,0.119058
4425,-8.575,0.119058
4426,-8.574,0.119058
4427,-8.573,0.119058
4428,-8.572,0.119058
4429,-8.571,0.119058
4430,-8.57,0.119058
4431,-8.569,0.119058
4432,-8.568,0.119058
4433,-8.567,0.119058
4434,-8.566,0.119058
4435,-8.565,0.119058
4436,-8.564,0.119058
4437,-8.563,0.119058
4438,-8.562,0.119058
4439,-8.561,0.119058
4440,-8.56,0.119058
4441,-8.559,0.119058
4442,-8.558,0.119058
4443,-8.557,0.119058
4444,-8.556,0.119058
4445,-8.555,0.119058
4446,-8.554,0.119058
4447,-8.553,0.119058
4448,-8.552,0.119058
4449,-8.551,0.119058
4450,-8.55,0.119058
4451,-8.549,0.119058
4452,-8.548,0.119058
4453,-8.547,0.119058
4454,-8.546,0.119058
4455,-8.545,0.119058
4456,-8.544,0.119058
4457,-8.543,0.119058
4458,-8.542,0.119058
4459,-8.541,0.119058
4460,-8.54,0.119058
4461,-8.539,0.119058
4462,-8.538,0.119058
4463,-8.537,0.119058
4464,-8.536,0.119058
4465,-8.535,0.119058
4466,-8.534,0.119058
4467,-8.533,0.119058
4468,-8.532,0.119058
4469,-8.531,0.119058
4470,-8.53,0.119058
4471,-8.529,0.119058
4472,-8.528,0.119058
4473,-8.527,0.119058
4474,-8.526,0.119058
4475,-8.525,0.119058
4476,-8.524,0.119058
4477,-8.523,0.119058
4478,-8.522,0.119058
4479,-8.521,0.119058
4480,-8.52,0.119058
4481,-8.519,0.119058
4482,-8.518,0.119058
4483,-8.517,0.119058
4484,-8.516,0.119058
4485,-8.515,0.119058
4486,-8.514,0.119058
4487,-8.513,0.119058
4488,-8.512,0.119058
4489,-8.511,0.119058
4490,-8.51,0.119058
4491,-8.509,0.119058
4492,-8.508,0.119058
4493,-8.507,0.119058
4494,-8.506,0.119058
4495,-8.505,0.119058
4496,-8.504,0.119058
4497,-8.503,0.119058
4498,-8.502,0.119058
4499,-8.501,0.119058
4500,-8.5,0.119058
4501,-8.499,0.119058
4502,-8.498,0.119058
4503,-8.497,0.119058
4504,-8.496,0.119058
4505,-8.495,0.119058
4506,-8.494,0.119058
4507,-8.493,0.119058
4508,-8.492,0.119058
4509,-8.491,0.119058
4510,-8.49,0.119058
4511,-8.489,0.119058
4512,-8.488,0.119058
4513,-8.487,0.119058
4514,-8.486,0.119058
4515,-8.485,0.119058
4516,-8.484,0.119058
4517,-8.483,0.119058
4518,-8.482,0.119058
4519,-8.481,0.119058
4520,-8.48,0.119058
4521,-8.479,0.119058
4522,-8.478,0.119058
4523,-8.477,0.119058
4524,-8.476,0.119058
4525,-8.475,0.119058
4526,-8.474,0.119058
4527,-8.473,0.119058
4528,-8.472,0.119058
4529,-8.471,0.119058
4530,-8.47,0.119058
4531,-8.469,0.119058
4532,-8.468,0.119058
4533,-8.467,0.119058
4534,-8.466,0.119058
4535,-8.465,0.119058
4536,-8.464,0.119058
4537,-8.463,0.119058
4538,-8.462,0.119058
4539,-8.461,0.119058
4540,-8.46,0.119058
4541,-8.459,0.119058
4542,-8.458,0.119058
4543,-8.457,0.119058
4544,-8.456,0.119058
4545,-8.455,0.119058
4546,-8.454,0.119058
4547,-8.453,0.119058
4548,-8.452,0.119058
4549,-8.451,0.119058
4550,-8.45,0.119058
4551,-8.449,0.119058
4552,-8.448,0.119058
4553,-8.447,0.119058
4554,-8.446,0.119058
4555,-8.445,0.119058
4556,-8.444,0.119058
4557,-8.443,0.119058
4558,-8.442,0.119058
4559,-8.441,0.119058
4560,-8.44,0.119058
4561,-8.439,0.119058
4562,-8.438,0.119058
4563,-8.437,0.119058
4564,-8.436,0.119058
4565,-8.435,0.119058
4566,-8.434,0.119058
4567,-8.433,0.119058
4568,-8.432,0.119058
4569,-8.431,0.119058
4570,-8.43,0.119058
4571,-8.429,0.119058
4572,-8.428,0.119058
4573,-8.427,0.119058
4574,-8.426,0.119058
4575,-8.425,0.119058
4576,-8.424,0.119058
4577,-8.423,0.119058
4578,-8.422,0.119058
4579,-8.421,0.119058
4580,-8.42,0.119058
4581,-8.419,0.119058
4582,-8.418,0.119058
4583,-8.417,0.119058
4584,-8.416,0.119058
4585,-8.415,0.119058
4586,-8.414,0.119058
4587,-8.413,0.119058
4588,-8.412,0.119058
4589,-8.411,0.119058
4590,-8.41,0.119058
4591,-8.409,0.119058
4592,-8.408,0.119058
4593,-8.407,0.119058
4594,-8.406,0.119058
4595,-8.405,0.119058
4596,-8.404,0.119058
4597,-8.403,0.119058
4598,-8.402,0.119058
4599,-8.401,0.119058
4600,-8.4,0.119058
4601,-8.399,0.119058
4602,-8.398,0.119058
4603,-8.397,0.119058
4604,-8.396,0.119058
4605,-8.395,0.119058
4606,-8.394,0.119058
4607,-8.393,0.119058
4608,-8.392,0.119058
4609,-8.391,0.119058
4610,-8.39,0.119058
4611,-8.389,0.119058
4612,-8.388,0.119058
4613,-8.387,0.119058
4614,-8.386,0.119058
4615,-8.385,0.119058
4616,-8.384,0.119058
4617,-8.383,0.119058
4618,-8.382,0.119058
4619,-8.381,0.119058
4620,-8.38,0.119058
4621,-8.379,0.119058
4622,-8.378,0.119058
4623,-8.377,0.119058
4624,-8.376,0.119058
4625,-8.375,0.119058
4626,-8.374,0.119058
4627,-8.373,0.119058
4628,-8.372,0.119058
4629,-8.371,0.119058
4630,-8.37,0.119058
4631,-8.369,0.119058
4632,-8.368,0.119058
4633,-8.367,0.119058
4634,-8.366,0.119058
4635,-8.365,0.119058
4636,-8.364,0.119058
4637,-8.363,0.119058
4638,-8.362,0.119058
4639,-8.361,0.119058
4640,-8.36,0.119058
4641,-8.359,0.119058
4642,-8.358,0.119058
4643,-8.357,0.119058
4644,-8.356,0.119058
4645,-8.355,0.119058
4646,-8.354,0.119058
4647,-8.353,0.119058
4648,-8.352,0.119058
4649,-8.351,0.119058
4650,-8.35,0.119058
4651,-8.349,0.119058
4652,-8.348,0.119058
4653,-8.347,0.119058
4654,-8.346,0.119058
4655,-8.345,0.119058
4656,-8.344,0.119058
4657,-8.343,0.119058
4658,-8.342,0.119058
4659,-8.341,0.119058
4660,-8.34,0.119058
4661,-8.339,0.119058
4662,-8.338,0.119058
4663,-8.337,0.119058
4664,-8.336,0.119058
4665,-8.335,0.119058
4666,-8.334,0.119058
4667,-8.333,0.119058
4668,-8.332,0.119058
4669,-8.331,0.119058
4670,-8.33,0.119058
4671,-8.329,0.119058
4672,-8.328,0.119058
4673,-8.327,0.119058
4674,-8.326,0.119058
4675,-8.325,0.119058
4676,-8.324,0.119058
4677,-8.323,0.119058
4678,-8.322,0.119058
4679,-8.321,0.119058
4680,-8.32,0.119058
4681,-8.319,0.119058
4682,-8.318,0.119058
4683,-8.317,0.119058
4684,-8.316,0.119058
4685,-8.315,0.119058
4686,-8.314,0.119058
4687,-8.313,0.119058
4688,-8.312,0.119058
4689,-8.311,0.119058
4690,-8.31,0.119058
4691,-8.309,0.119058
4692,-8.308,0.119058
4693,-8.307,0.119058
4694,-8.306,0.119058
4695,-8.305,0.119058
4696,-8.304,0.119058
4697,-8.303,0.119058
4698,-8.302,0.119058
4699,-8.301,0.119058
4700,-8.3,0.119058
4701,-8.299,0.119058
4702,-8.298,0.119058
4703,-8.297,0.119058
4704,-8.296,0.119058
4705,-8.295,0.119058
4706,-8.294,0.119058
4707,-8.293,0.119058
4708,-8.292,0.119058
4709,-8.291,0.119058
4710,-8.29,0.119058
4711,-8.289,0.119058
4712,-8.288,0.119058
4713,-8.287,0.119058
4714,-8.286,0.119058
4715,-8.285,0.119058
4716,-8.284,0.119058
4717,-8.283,0.119058
4718,-8.282,0.119058
4719,-8.281,0.119058
4720,-8.28,0.119058
4721,-8.279,0.119058
4722,-8.278,0.119058
4723,-8.277,0.119058
4724,-8.276,0.119058
4725,-8.275,0.119058
4726,-8.274,0.119058
4727,-8.273,0.119058
4728,-8.272,0.119058
4729,-8.271,0.119058
4730,-8.27,0.119058
4731,-8.269,0.119058
4732,-8.268,0.119058
4733,-8.267,0.119058
4734,-8.266,0.119058
4735,-8.265,0.119058
4736,-8.264,0.119058
4737,-8.263,0.119058
4738,-8.262,0.119058
4739,-8.261,0.119058
4740,-8.26,0.119058
4741,-8.259,0.119058
4742,-8.258,0.119058
4743,-8.257,0.119058
4744,-8.256,0.119058
4745,-8.255,0.119058
4746,-8.254,0.119058
4747,-8.253,0.119058
4748,-8.252,0.119058
4749,-8.251,0.119058
4750,-8.25,0.119058
4751,-8.249,0.119058
4752,-8.248,0.119058
4753,-8.247,0.119058
4754,-8.246,0.119058
4755,-8.245,0.119058
4756,-8.244,0.119058
4757,-8.243,0.119058
4758,-8.242,0.119058
4759,-8.241,0.119058
4760,-8.24,0.119058
4761,-8.239,0.119058
4762,-8.238,0.119058
4763,-8.237,0.119058
4764,-8.236,0.119058
4765,-8.235,0.119058
4766,-8.234,0.119058
4767,-8.233,0.119058
4768,-8.232,0.119058
4769,-8.231,0.119058
4770,-8.23,0.119058
4771,-8.229,0.119058
4772,-8.228,0.119058
4773,-8.227,0.119058
4774,-8.226,0.119058
4775,-8.225,0.119058
4776,-8.224,0.119058
4777,-8.223,0.119058
4778,-8.222,0.119058
4779,-8.221,0.119058
4780,-8.22,0.119058
4781,-8.219,0.119058
4782,-8.218,0.119058
4783,-8.217,0.119058
4784,-8.216,0.119058
4785,-8.215,0.119058
4786,-8.214,0.119058
4787,-8.213,0.119058
4788,-8.212,0.119058
4789,-8.211,0.119058
4790,-8.21,0.119058
4791,-8.209,0.119058
4792,-8.208,0.119058
4793,-8.207,0.119058
4794,-8.206,0.119058
4795,-8.205,0.119058
4796,-8.204,0.119058
4797,-8.203,0.119058
4798,-8.202,0.119058
4799,-8.201,0.119058
4800,-8.2,0.119058
4801,-8.199,0.119058
4802,-8.198,0.119058
4803,-8.197,0.119058
4804,-8.196,0.119058
4805,-8.195,0.119058
4806,-8.194,0.119058
4807,-8.193,0.119058
4808,-8.192,0.119058
4809,-8.191,0.119058
4810,-8.19,0.119058
4811,-8.189,0.119058
4812,-8.188,0.119058
4813,-8.187,0.119058
4814,-8.186,0.119058
4815,-8.185,0.119058
4816,-8.184,0.119058
4817,-8.183,0.119058
4818,-8.182,0.119058
4819,-8.181,0.119058
4820,-8.18,0.119058
4821,-8.179,0.119058
4822,-8.178,0.119058
4823,-8.177,0.119058
4824,-8.176,0.119058
4825,-8.175,0.119058
4826,-8.174,0.119058
4827,-8.173,0.119058
4828,-8.172,0.119058
4829,-8.171,0.119058
4830,-8.17,0.119058
4831,-8.169,0.119058
4832,-8.168,0.119058
4833,-8.167,0.119058
4834,-8.166,0.119058
4835,-8.165,0.119058
4836,-8.164,0.119058
4837,-8.163,0.119058
4838,-8.162,0.119058
4839,-8.161,0.119058
4840,-8.16,0.119058
4841,-8.159,0.119058
4842,-8.158,0.119058
4843,-8.157,0.119058
4844,-8.156,0.119058
4845,-8.155,0.119058
4846,-8.154,0.119058
4847,-8.153,0.119058
4848,-8.152,0.119058
4849,-8.151,0.119058
4850,-8.15,0.119058
4851,-8.149,0.119058
4852,-8.148,0.119058
4853,-8.147,0.119058
4854,-8.146,0.119058
4855,-8.145,0.119058
4856,-8.144,0.119058
4857,-8.143,0.119058
4858,-8.142,0.119058
4859,-8.141,0.119058
4860,-8.14,0.119058
4861,-8.139,0.119058
4862,-8.138,0.119058
4863,-8.137,0.119058
4864,-8.136,0.119058
4865,-8.135,0.119058
4866,-8.134,0.119058
4867,-8.133,0.119058
4868,-8.132,0.119058
4869,-8.131,0.119058
4870,-8.13,0.119058
4871,-8.129,0.119058
4872,-8.128,0.119058
4873,-8.127,0.119058
4874,-8.126,0.119058
4875,-8.125,0.119058
4876,-8.124,0.119058
4877,-8.123,0.119058
4878,-8.122,0.119058
4879,-8.121,0.119058
4880,-8.12,0.119058
4881,-8.119,0.119058
4882,-8.118,0.119058
4883,-8.117,0.119058
4884,-8.116,0.119058
4885,-8.115,0.119058
4886,-8.114,0.119058
4887,-8.113,0.119058
4888,-8.112,0.119058
4889,-8.111,0.119058
4890,-8.11,0.119058
4891,-8.109,0.119058
4892,-8.108,0.119058
4893,-8.107,0.119058
4894,-8.106,0.119058
4895,-8.105,0.119058
4896,-8.104,0.119058
4897,-8.103,0.119058
4898,-8.102,0.119058
4899,-8.101,0.119058
4900,-8.1,0.119058
4901,-8.099,0.119058
4902,-8.098,0.119058
4903,-8.097,0.119058
4904,-8.096,0.119058
4905,-8.095,0.119058
4906,-8.094,0.119058
4907,-8.093,0.119058
4908,-8.092,0.119058
4909,-8.091,0.119058
4910,-8.09,0.119058
4911,-8.089,0.119058
4912,-8.088,0.119058
4913,-8.087,0.119058
4914,-8.086,0.119058
4915,-8.085,0.119058
4916,-8.084,0.119058
4917,-8.083,0.119058
4918,-8.082,0.119058
4919,-8.081,0.119058
4920,-8.08,0.119058
4921,-8.079,0.119058
4922,-8.078,0.119058
4923,-8.077,0.119058
4924,-8.076,0.119058
4925,-8.075,0.119058
4926,-8.074,0.119058
4927,-8.073,0.119058
4928,-8.072,0.119058
4929,-8.071,0.119058
4930,-8.07,0.119058
4931,-8.069,0.119058
4932,-8.068,0.119058
4933,-8.067,0.119058
4934,-8.066,0.119058
4935,-8.065,0.119058
4936,-8.064,0.119058
4937,-8.063,0.119058
4938,-8.062,0.119058
4939,-8.061,0.119058
4940,-8.06,0.119058
4941,-8.059,0.119058
4942,-8.058,0.119058
4943,-8.057,0.119058
4944,-8.056,0.119058
4945,-8.055,0.119058
4946,-8.054,0.119058
4947,-8.053,0.119058
4948,-8.052,0.119058
4949,-8.051,0.119058
4950,-8.05,0.119058
4951,-8.049,0.119058
4952,-8.048,0.119058
4953,-8.047,0.119058
4954,-8.046,0.119058
4955,-8.045,0.119058
4956,-8.044,0.119058
4957,-8.043,0.119058
4958,-8.042,0.119058
4959,-8.041,0.119058
4960,-8.04,0.119058
4961,-8.039,0.119058
4962,-8.038,0.119058
4963,-8.037,0.119058
4964,-8.036,0.119058
4965,-8.035,0.119058
4966,-8.034,0.119058
4967,-8.033,0.119058
4968,-8.032,0.119058
4969,-8.031,0.119058
4970,-8.03,0.119058
4971,-8.029,0.119058
4972,-8.028,0.119058
4973,-8.027,0.119058
4974,-8.026,0.119058
4975,-8.025,0.119058
4976,-8.024,0.119058
4977,-8.023,0.119058
4978,-8.022,0.119058
4979,-8.021,0.119058
4980,-8.02,0.119058
4981,-8.019,0.119058
4982,-8.018,0.119058
4983,-8.017,0.119058
4984,-8.016,0.119058
4985,-8.015,0.119058
4986,-8.014,0.119058
4987,-8.013,0.119058
4988,-8.012,0.119058
4989,-8.011,0.119058
4990,-8.01,0.119058
4991,-8.009,0.119058
4992,-8.008,0.119058
4993,-8.007,0.119058
4994,-8.006,0.119058
4995,-8.005,0.119058
4996,-8.004,0.119058
4997,-8.003,0.119058
4998,-8.002,0.119058
4999,-8.001,0.119058
5000,-8,0.119058
5001,-7.999,0.119058
5002,-7.998,0.119058
5003,-7.997,0.119058
5004,-7.996,0.119058
5005,-7.995,0.119058
5006,-7.994,0.119058
5007,-7.993,0.119058
5008,-7.992,0.119058
5009,-7.991,0.119058
5010,-7.99,0.119058
5011,-7.989,0.119058
5012,-7.988,0.119058
5013,-7.987,0.119058
5014,-7.986,0.119058
5015,-7.985,0.119058
5016,-7.984,0.119058
5017,-7.983,0.119058
5018,-7.982,0.119058
5019,-7.981,0.119058
5020,-7.98,0.119058
5021,-7.979,0.119058
5022,-7.978,0.119058
5023,-7.977,0.119058
5024,-7.976,0.119058
5025,-7.975,0.119058
5026,-7.974,0.119058
5027,-7.973,0.119058
5028,-7.972,0.119058
5029,-7.971,0.119058
5030,-7.97,0.119058
5031,-7.969,0.119058
5032,-7.968,0.119058
5033,-7.967,0.119058
5034,-7.966,0.119058
5035,-7.965,0.119058
5036,-7.964,0.119058
5037,-7.963,0.119058
5038,-7.962,0.119058
5039,-7.961,0.119058
5040,-7.96,0.119058
5041,-7.959,0.119058
5042,-7.958,0.119058
5043,-7.957,0.119058
5044,-7.956,0.119058
5045,-7.955,0.119058
5046,-7.954,0.119058
5047,-7.953,0.119058
5048,-7.952,0.119058
5049,-7.951,0.119058
5050,-7.95,0.119058
5051,-7.949,0.119058
5052,-7.948,0.119058
5053,-7.947,0.119058
5054,-7.946,0.119058
5055,-7.945,0.119058
5056,-7.944,0.119058
5057,-7.943,0.119058
5058,-7.942,0.119058
5059,-7.941,0.119058
5060,-7.94,0.119058
5061,-7.939,0.119058
5062,-7.938,0.119058
5063,-7.937,0.119058
5064,-7.936,0.119058
5065,-7.935,0.119058
5066,-7.934,0.119058
5067,-7.933,0.119058
5068,-7.932,0.119058
5069,-7.931,0.119058
5070,-7.93,0.119058
5071,-7.929,0.119058
5072,-7.928,0.119058
5073,-7.927,0.119058
5074,-7.926,0.119058
5075,-7.925,0.119058
5076,-7.924,0.119058
5077,-7.923,0.119058
5078,-7.922,0.119058
5079,-7.921,0.119058
5080,-7.92,0.119058
5081,-7.919,0.119058
5082,-7.918,0.119058
5083,-7.917,0.119058
5084,-7.916,0.119058
5085,-7.915,0.119058
5086,-7.914,0.119058
5087,-7.913,0.119058
5088,-7.912,0.119058
5089,-7.911,0.119058
5090,-7.91,0.119058
5091,-7.909,0.119058
5092,-7.908,0.119058
5093,-7.907,0.119058
5094,-7.906,0.119058
5095,-7.905,0.119058
5096,-7.904,0.119058
5097,-7.903,0.119058
5098,-7.902,0.119058
5099,-7.901,0.119058
5100,-7.9,0.119058
5101,-7.899,0.119058
5102,-7.898,0.119058
5103,-7.897,0.119058
5104,-7.896,0.119058
5105,-7.895,0.119058
5106,-7.894,0.119058
5107,-7.893,0.119058
5108,-7.892,0.119058
5109,-7.891,0.119058
5110,-7.89,0.119058
5111,-7.889,0.119058
5112,-7.888,0.119058
5113,-7.887,0.119058
5114,-7.886,0.119058
5115,-7.885,0.119058
5116,-7.884,0.119058
5117,-7.883,0.119058
5118,-7.882,0.119058
5119,-7.881,0.119058
5120,-7.88,0.119058
5121,-7.879,0.119058
5122,-7.878,0.119058
5123,-7.877,0.119058
5124,-7.876,0.119058
5125,-7.875,0.119058
5126,-7.874,0.119058
5127,-7.873,0.119058
5128,-7.872,0.119058
5129,-7.871,0.119058
5130,-7.87,0.119058
5131,-7.869,0.119058
5132,-7.868,0.119058
5133,-7.867,0.119058
5134,-7.866,0.119058
5135,-7.865,0.119058
5136,-7.864,0.119058
5137,-7.863,0.119058
5138,-7.862,0.119058
5139,-7.861,0.119058
5140,-7.86,0.119058
5141,-7.859,0.119058
5142,-7.858,0.119058
5143,-7.857,0.119058
5144,-7.856,0.119058
5145,-7.855,0.119058
5146,-7.854,0.119058
5147,-7.853,0.119058
5148,-7.852,0.119058
5149,-7.851,0.119058
5150,-7.85,0.119058
5151,-7.849,0.119058
5152,-7.848,0.119058
5153,-7.847,0.119058
5154,-7.846,0.119058
5155,-7.845,0.119058
5156,-7.844,0.119058
5157,-7.843,0.119058
5158,-7.842,0.119058
5159,-7.841,0.119058
5160,-7.84,0.119058
5161,-7.839,0.119058
5162,-7.838,0.119058
5163,-7.837,0.119058
5164,-7.836,0.119058
5165,-7.835,0.119058
5166,-7.834,0.119058
5167,-7.833,0.119058
5168,-7.832,0.119058
5169,-7.831,0.119058
5170,-7.83,0.119058
5171,-7.829,0.119058
5172,-7.828,0.119058
5173,-7.827,0.119058
5174,-7.826,0.119058
5175,-7.825,0.119058
5176,-7.824,0.119058
5177,-7.823,0.119058
5178,-7.822,0.119058
5179,-7.821,0.119058
5180,-7.82,0.119058
5181,-7.819,0.119058
5182,-7.818,0.119058
5183,-7.817,0.119058
5184,-7.816,0.119058
5185,-7.815,0.119058
5186,-7.814,0.119058
5187,-7.813,0.119058
5188,-7.812,0.119058
5189,-7.811,0.119058
5190,-7.81,0.119058
5191,-7.809,0.119058
5192,-7.808,0.119058
5193,-7.807,0.119058
5194,-7.806,0.119058
5195,-7.805,0.119058
5196,-7.804,0.119058
5197,-7.803,0.119058
5198,-7.802,0.119058
5199,-7.801,0.119058
5200,-7.8,0.119058
5201,-7.799,0.119058
5202,-7.798,0.119058
5203,-7.797,0.119058
5204,-7.796,0.119058
5205,-7.795,0.119058
5206,-7.794,0.119058
5207,-7.793,0.119058
5208,-7.792,0.119058
5209,-7.791,0.119058
5210,-7.79,0.119058
5211,-7.789,0.119058
5212,-7.788,0.119058
5213,-7.787,0.119058
5214,-7.786,0.119058
5215,-7.785,0.119058
5216,-7.784,0.119058
5217,-7.783,0.119058
5218,-7.782,0.119058
5219,-7.781,0.119058
5220,-7.78,0.119058
5221,-7.779,0.119058
5222,-7.778,0.119058
5223,-7.777,0.119058
5224,-7.776,0.119058
5225,-7.775,0.119058
5226,-7.774,0.119058
5227,-7.773,0.119058
5228,-7.772,0.119058
5229,-7.771,0.119058
5230,-7.77,0.119058
5231,-7.769,0.119058
5232,-7.768,0.119058
5233,-7.767,0.119058
5234,-7.766,0.119058
5235,-7.765,0.119058
5236,-7.764,0.119058
5237,-7.763,0.119058
5238,-7.762,0.119058
5239,-7.761,0.119058
5240,-7.76,0.119058
5241,-7.759,0.119058
5242,-7.758,0.119058
5243,-7.757,0.119058
5244,-7.756,0.119058
5245,-7.755,0.119058
5246,-7.754,0.119058
5247,-7.753,0.119058
5248,-7.752,0.119058
5249,-7.751,0.119058
5250,-7.75,0.119058
5251,-7.749,0.119058
5252,-7.748,0.119058
5253,-7.747,0.119058
5254,-7.746,0.119058
5255,-7.745,0.119058
5256,-7.744,0.119058
5257,-7.743,0.119058
5258,-7.742,0.119058
5259,-7.741,0.119058
5260,-7.74,0.119058
5261,-7.739,0.119058
5262,-7.738,0.119058
5263,-7.737,0.119058
5264,-7.736,0.119058
5265,-7.735,0.119058
5266,-7.734,0.119058
5267,-7.733,0.119058
5268,-7.732,0.119058
5269,-7.731,0.119058
5270,-7.73,0.119058
5271,-7.729,0.119058
5272,-7.728,0.119058
5273,-7.727,0.119058
5274,-7.726,0.119058
5275,-7.725,0.119058
5276,-7.724,0.119058
5277,-7.723,0.119058
5278,-7.722,0.119058
5279,-7.721,0.119058
5280,-7.72,0.119058
5281,-7.719,0.119058
5282,-7.718,0.119058
5283,-7.717,0.119058
5284,-7.716,0.119058
5285,-7.715,0.119058
5286,-7.714,0.119058
5287,-7.713,0.119058
5288,-7.712,0.119058
5289,-7.711,0.119058
5290,-7.71,0.119058
5291,-7.709,0.119058
5292,-7.708,0.119058
5293,-7.707,0.119058
5294,-7.706,0.119058
5295,-7.705,0.119058
5296,-7.704,0.119058
5297,-7.703,0.119058
5298,-7.702,0.119058
5299,-7.701,0.119058
5300,-7.7,0.119058
5301,-7.699,0.119058
5302,-7.698,0.119058
5303,-7.697,0.119058
5304,-7.696,0.119058
5305,-7.695,0.119058
5306,-7.694,0.119058
5307,-7.693,0.119058
5308,-7.692,0.119058
5309,-7.691,0.119058
5310,-7.69,0.119058
5311,-7.689,0.119058
5312,-7.688,0.119058
5313,-7.687,0.119058
5314,-7.686,0.119058
5315,-7.685,0.119058
5316,-7.684,0.119058
5317,-7.683,0.119058
5318,-7.682,0.119058
5319,-7.681,0.119058
5320,-7.68,0.119058
5321,-7.679,0.119058
5322,-7.678,0.119058
5323,-7.677,0.119058
5324,-7.676,0.119058
5325,-7.675,0.119058
5326,-7.674,0.119058
5327,-7.673,0.119058
5328,-7.672,0.119058
5329,-7.671,0.119058
5330,-7.67,0.119058
5331,-7.669,0.119058
5332,-7.668,0.119058
5333,-7.667,0.119058
5334,-7.666,0.119058
5335,-7.665,0.119058
5336,-7.664,0.119058
5337,-7.663,0.119058
5338,-7.662,0.119058
5339,-7.661,0.119058
5340,-7.66,0.119058
5341,-7.659,0.119058
5342,-7.658,0.119058
5343,-7.657,0.119058
5344,-7.656,0.119058
5345,-7.655,0.119058
5346,-7.654,0.119058
5347,-7.653,0.119058
5348,-7.652,0.119058
5349,-7.651,0.119058
5350,-7.65,0.119058
5351,-7.649,0.119058
5352,-7.648,0.119058
5353,-7.647,0.119058
5354,-7.646,0.119058
5355,-7.645,0.119058
5356,-7.644,0.119058
5357,-7.643,0.119058
5358,-7.642,0.119058
5359,-7.641,0.119058
5360,-7.64,0.119058
5361,-7.639,0.119058
5362,-7.638,0.119058
5363,-7.637,0.119058
5364,-7.636,0.119058
5365,-7.635,0.119058
5366,-7.634,0.119058
5367,-7.633,0.119058
5368,-7.632,0.119058
5369,-7.631,0.119058
5370,-7.63,0.119058
5371,-7.629,0.119058
5372,-7.628,0.119058
5373,-7.627,0.119058
5374,-7.626,0.119058
5375,-7.625,0.119058
5376,-7.624,0.119058
5377,-7.623,0.119058
5378,-7.622,0.119058
5379,-7.621,0.119058
5380,-7.62,0.119058
5381,-7.619,0.119058
5382,-7.618,0.119058
5383,-7.617,0.119058
5384,-7.616,0.119058
5385,-7.615,0.119058
5386,-7.614,0.119058
5387,-7.613,0.119058
5388,-7.612,0.119058
5389,-7.611,0.119058
5390,-7.61,0.119058
5391,-7.609,0.119058
5392,-7.608,0.119058
5393,-7.607,0.119058
5394,-7.606,0.119058
5395,-7.605,0.119058
5396,-7.604,0.119058
5397,-7.603,0.119058
5398,-7.602,0.119058
5399,-7.601,0.119058
5400,-7.6,0.119058
5401,-7.599,0.119058
5402,-7.598,0.119058
5403,-7.597,0.119058
5404,-7.596,0.119058
5405,-7.595,0.119058
5406,-7.594,0.119058
5407,-7.593,0.119058
5408,-7.592,0.119058
5409,-7.591,0.119058
5410,-7.59,0.119058
5411,-7.589,0.119058
5412,-7.588,0.119058
5413,-7.587,0.119058
5414,-7.586,0.119058
5415,-7.585,0.119058
5416,-7.584,0.119058
5417,-7.583,0.119058
5418,-7.582,0.119058
5419,-7.581,0.119058
5420,-7.58,0.119058
5421,-7.579,0.119058
5422,-7.578,0.119058
5423,-7.577,0.119058
5424,-7.576,0.119058
5425,-7.575,0.119058
5426,-7.574,0.119058
5427,-7.573,0.119058
5428,-7.572,0.119058
5429,-7.571,0.119058
5430,-7.57,0.119058
5431,-7.569,0.119058
5432,-7.568,0.119058
5433,-7.567,0.119058
5434,-7.566,0.119058
5435,-7.565,0.119058
5436,-7.564,0.119058
5437,-7.563,0.119058
5438,-7.562,0.119058
5439,-7.561,0.119058
5440,-7.56,0.119058
5441,-7.559,0.119058
5442,-7.558,0.119058
5443,-7.557,0.119058
5444,-7.556,0.119058
5445,-7.555,0.119058
5446,-7.554,0.119058
5447,-7.553,0.119058
5448,-7.552,0.119058
5449,-7.551,0.119058
5450,-7.55,0.119058
5451,-7.549,0.119058
5452,-7.548,0.119058
5453,-7.547,0.119058
5454,-7.546,0.119058
5455,-7.545,0.119058
5456,-7.544,0.119058
5457,-7.543,0.119058
5458,-7.542,0.119058
5459,-7.541,0.119058
5460,-7.54,0.119058
5461,-7.539,0.119058
5462,-7.538,0.119058
5463,-7.537,0.119058
5464,-7.536,0.119058
5465,-7.535,0.119058
5466,-7.534,0.119058
5467,-7.533,0.119058
5468,-7.532,0.119058
5469,-7.531,0.119058
5470,-7.53,0.119058
5471,-7.529,0.119058
5472,-7.528,0.119058
5473,-7.527,0.119058
5474,-7.526,0.119058
5475,-7.525,0.119058
5476,-7.524,0.119058
5477,-7.523,0.119058
5478,-7.522,0.119058
5479,-7.521,0.119058
5480,-7.52,0.119058
5481,-7.519,0.119058
5482,-7.518,0.119058
5483,-7.517,0.119058
5484,-7.516,0.119058
5485,-7.515,0.119058
5486,-7.514,0.119058
5487,-7.513,0.119058
5488,-7.512,0.119058
5489,-7.511,0.119058
5490,-7.51,0.119058
5491,-7.509,0.119058
5492,-7.508,0.119058
5493,-7.507,0.119058
5494,-7.506,0.119058
5495,-7.505,0.119058
5496,-7.504,0.119058
5497,-7.503,0.119058
5498,-7.502,0.119058
5499,-7.501,0.119058
5500,-7.5,0.119058
5501,-7.499,0.119058
5502,-7.498,0.119058
5503,-7.497,0.119058
5504,-7.496,0.119058
5505,-7.495,0.119058
5506,-7.494,0.119058
5507,-7.493,0.119058
5508,-7.492,0.119058
5509,-7.491,0.119058
5510,-7.49,0.119058
5511,-7.489,0.119058
5512,-7.488,0.119058
5513,-7.487,0.119058
5514,-7.486,0.119058
5515,-7.485,0.119058
5516,-7.484,0.119058
5517,-7.483,0.119058
5518,-7.482,0.119058
5519,-7.481,0.119058
5520,-7.48,0.119058
5521,-7.479,0.119058
5522,-7.478,0.119058
5523,-7.477,0.119058
5524,-7.476,0.119058
5525,-7.475,0.119058
5526,-7.474,0.119058
5527,-7.473,0.119058
5528,-7.472,0.119058
5529,-7.471,0.119058
5530,-7.47,0.119058
5531,-7.469,0.119058
5532,-7.468,0.119058
5533,-7.467,0.119058
5534,-7.466,0.119058
5535,-7.465,0.119058
5536,-7.464,0.119058
5537,-7.463,0.119058
5538,-7.462,0.119058
5539,-7.461,0.119058
5540,-7.46,0.119058
5541,-7.459,0.119058
5542,-7.458,0.119058
5543,-7.457,0.119058
5544,-7.456,0.119058
5545,-7.455,0.119058
5546,-7.454,0.119058
5547,-7.453,0.119058
5548,-7.452,0.119058
5549,-7.451,0.119058
5550,-7.45,0.119058
5551,-7.449,0.119058
5552,-7.448,0.119058
5553,-7.447,0.119058
5554,-7.446,0.119058
5555,-7.445,0.119058
5556,-7.444,0.119058
5557,-7.443,0.119058
5558,-7.442,0.119058
5559,-7.441,0.119058
5560,-7.44,0.119058
5561,-7.439,0.119058
5562,-7.438,0.119058
5563,-7.437,0.119058
5564,-7.436,0.119058
5565,-7.435,0.119058
5566,-7.434,0.119058
5567,-7.433,0.119058
5568,-7.432,0.119058
5569,-7.431,0.119058
5570,-7.43,0.119058
5571,-7.429,0.119058
5572,-7.428,0.119058
5573,-7.427,0.119058
5574,-7.426,0.119058
5575,-7.425,0.119058
5576,-7.424,0.119058
5577,-7.423,0.119058
5578,-7.422,0.119058
5579,-7.421,0.119058
5580,-7.42,0.119058
5581,-7.419,0.119058
5582,-7.418,0.119058
5583,-7.417,0.119058
5584,-7.416,0.119058
5585,-7.415,0.119058
5586,-7.414,0.119058
5587,-7.413,0.119058
5588,-7.412,0.119058
5589,-7.411,0.119058
5590,-7.41,0.119058
5591,-7.409,0.119058
5592,-7.408,0.119058
5593,-7.407,0.119058
5594,-7.406,0.119058
5595,-7.405,0.119058
5596,-7.404,0.119058
5597,-7.403,0.119058
5598,-7.402,0.119058
5599,-7.401,0.119058
5600,-7.4,0.119058
5601,-7.399,0.119058
5602,-7.398,0.119058
5603,-7.397,0.119058
5604,-7.396,0.119058
5605,-7.395,0.119058
5606,-7.394,0.119058
5607,-7.393,0.119058
5608,-7.392,0.119058
5609,-7.391,0.119058
5610,-7.39,0.119058
5611,-7.389,0.119058
5612,-7.388,0.119058
5613,-7.387,0.119058
5614,-7.386,0.119058
5615,-7.385,0.119058
5616,-7.384,0.119058
5617,-7.383,0.119058
5618,-7.382,0.119058
5619,-7.381,0.119058
5620,-7.38,0.119058
5621,-7.379,0.119058
5622,-7.378,0.119058
5623,-7.377,0.119058
5624,-7.376,0.119058
5625,-7.375,0.119058
5626,-7.374,0.119058
5627,-7.373,0.119058
5628,-7.372,0.119058
5629,-7.371,0.119058
5630,-7.37,0.119058
5631,-7.369,0.119058
5632,-7.368,0.119058
5633,-7.367,0.119058
5634,-7.366,0.119058
5635,-7.365,0.119058
5636,-7.364,0.119058
5637,-7.363,0.119058
5638,-7.362,0.119058
5639,-7.361,0.119058
5640,-7.36,0.119058
5641,-7.359,0.119058
5642,-7.358,0.119058
5643,-7.357,0.119058
5644,-7.356,0.119058
5645,-7.355,0.119058
5646,-7.354,0.119058
5647,-7.353,0.119058
5648,-7.352,0.119058
5649,-7.351,0.119058
5650,-7.35,0.119058
5651,-7.349,0.119058
5652,-7.348,0.119058
5653,-7.347,0.119058
5654,-7.346,0.119058
5655,-7.345,0.119058
5656,-7.344,0.119058
5657,-7.343,0.119058
5658,-7.342,0.119058
5659,-7.341,0.119058
5660,-7.34,0.119058
5661,-7.339,0.119058
5662,-7.338,0.119058
5663,-7.337,0.119058
5664,-7.336,0.119058
5665,-7.335,0.119058
5666,-7.334,0.119058
5667,-7.333,0.119058
5668,-7.332,0.119058
5669,-7.331,0.119058
5670,-7.33,0.119058
5671,-7.329,0.119058
5672,-7.328,0.119058
5673,-7.327,0.119058
5674,-7.326,0.119058
5675,-7.325,0.119058
5676,-7.324,0.119058
5677,-7.323,0.119058
5678,-7.322,0.119058
5679,-7.321,0.119058
5680,-7.32,0.119058
5681,-7.319,0.119058
5682,-7.318,0.119058
5683,-7.317,0.119058
5684,-7.316,0.119058
5685,-7.315,0.119058
5686,-7.314,0.119058
5687,-7.313,0.119058
5688,-7.312,0.119058
5689,-7.311,0.119058
5690,-7.31,0.119058
5691,-7.309,0.119058
5692,-7.308,0.119058
5693,-7.307,0.119058
5694,-7.306,0.119058
5695,-7.305,0.119058
5696,-7.304,0.119058
5697,-7.303,0.119058
5698,-7.302,0.119058
5699,-7.301,0.119058
5700,-7.3,0.119058
5701,-7.299,0.119058
5702,-7.298,0.119058
5703,-7.297,0.119058
5704,-7.296,0.119058
5705,-7.295,0.119058
5706,-7.294,0.119058
5707,-7.293,0.119058
5708,-7.292,0.119058
5709,-7.291,0.119058
5710,-7.29,0.119058
5711,-7.289,0.119058
5712,-7.288,0.119058
5713,-7.287,0.119058
5714,-7.286,0.119058
5715,-7.285,0.119058
5716,-7.284,0.119058
5717,-7.283,0.119058
5718,-7.282,0.119058
5719,-7.281,0.119058
5720,-7.28,0.119058
5721,-7.279,0.119058
5722,-7.278,0.119058
5723,-7.277,0.119058
5724,-7.276,0.119058
5725,-7.275,0.119058
5726,-7.274,0.119058
5727,-7.273,0.119058
5728,-7.272,0.119058
5729,-7.271,0.119058
5730,-7.27,0.119058
5731,-7.269,0.119058
5732,-7.268,0.119058
5733,-7.267,0.119058
5734,-7.266,0.119058
5735,-7.265,0.119058
5736,-7.264,0.119058
5737,-7.263,0.119058
5738,-7.262,0.119058
5739,-7.261,0.119058
5740,-7.26,0.119058
5741,-7.259,0.119058
5742,-7.258,0.119058
5743,-7.257,0.119058
5744,-7.256,0.119058
5745,-7.255,0.119058
5746,-7.254,0.119058
5747,-7.253,0.119058
5748,-7.252,0.119058
5749,-7.251,0.119058
5750,-7.25,0.119058
5751,-7.249,0.119058
5752,-7.248,0.119058
5753,-7.247,0.119058
5754,-7.246,0.119058
5755,-7.245,0.119058
5756,-7.244,0.119058
5757,-7.243,0.119058
5758,-7.242,0.119058
5759,-7.241,0.119058
5760,-7.24,0.119058
5761,-7.239,0.119058
5762,-7.238,0.119058
5763,-7.237,0.119058
5764,-7.236,0.119058
5765,-7.235,0.119058
5766,-7.234,0.119058
5767,-7.233,0.119058
5768,-7.232,0.119058
5769,-7.231,0.119058
5770,-7.23,0.119058
5771,-7.229,0.119058
5772,-7.228,0.119058
5773,-7.227,0.119058
5774,-7.226,0.119058
5775,-7.225,0.119058
5776,-7.224,0.119058
5777,-7.223,0.119058
5778,-7.222,0.119058
5779,-7.221,0.119058
5780,-7.22,0.119058
5781,-7.219,0.119058
5782,-7.218,0.119058
5783,-7.217,0.119058
5784,-7.216,0.119058
5785,-7.215,0.119058
5786,-7.214,0.119058
5787,-7.213,0.119058
5788,-7.212,0.119058
5789,-7.211,0.119058
5790,-7.21,0.119058
5791,-7.209,0.119058
5792,-7.208,0.119058
5793,-7.207,0.119058
5794,-7.206,0.119058
5795,-7.205,0.119058
5796,-7.204,0.119058
5797,-7.203,0.119058
5798,-7.202,0.119058
5799,-7.201,0.119058
5800,-7.2,0.119058
5801,-7.199,0.119058
5802,-7.198,0.119058
5803,-7.197,0.119058
5804,-7.196,0.119058
5805,-7.195,0.119058
5806,-7.194,0.119058
5807,-7.193,0.119058
5808,-7.192,0.119058
5809,-7.191,0.119058
5810,-7.19,0.119058
5811,-7.189,0.119058
5812,-7.188,0.119058
5813,-7.187,0.119058
5814,-7.186,0.119058
5815,-7.185,0.119058
5816,-7.184,0.119058
5817,-7.183,0.119058
5818,-7.182,0.119058
5819,-7.181,0.119058
5820,-7.18,0.119058
5821,-7.179,0.119058
5822,-7.178,0.119058
5823,-7.177,0.119058
5824,-7.176,0.119058
5825,-7.175,0.119058
5826,-7.174,0.119058
5827,-7.173,0.119058
5828,-7.172,0.119058
5829,-7.171,0.119058
5830,-7.17,0.119058
5831,-7.169,0.119058
5832,-7.168,0.119058
5833,-7.167,0.119058
5834,-7.166,0.119058
5835,-7.165,0.119058
5836,-7.164,0.119058
5837,-7.163,0.119058
5838,-7.162,0.119058
5839,-7.161,0.119058
5840,-7.16,0.119058
5841,-7.159,0.119058
5842,-7.158,0.119058
5843,-7.157,0.119058
5844,-7.156,0.119058
5845,-7.155,0.119058
5846,-7.154,0.119058
5847,-7.153,0.119058
5848,-7.152,0.119058
5849,-7.151,0.119058
5850,-7.15,0.119058
5851,-7.149,0.119058
5852,-7.148,0.119058
5853,-7.147,0.119058
5854,-7.146,0.119058
5855,-7.145,0.119058
5856,-7.144,0.119058
5857,-7.143,0.119058
5858,-7.142,0.119058
5859,-7.141,0.119058
5860,-7.14,0.119058
5861,-7.139,0.119058
5862,-7.138,0.119058
5863,-7.137,0.119058
5864,-7.136,0.119058
5865,-7.135,0.119058
5866,-7.134,0.119058
5867,-7.133,0.119058
5868,-7.132,0.119058
5869,-7.131,0.119058
5870,-7.13,0.119058
5871,-7.129,0.119058
5872,-7.128,0.119058
5873,-7.127,0.119058
5874,-7.126,0.119058
5875,-7.125,0.119058
5876,-7.124,0.119058
5877,-7.123,0.119058
5878,-7.122,0.119058
5879,-7.121,0.119058
5880,-7.12,0.119058
5881,-7.119,0.119058
5882,-7.118,0.119058
5883,-7.117,0.119058
5884,-7.116,0.119058
5885,-7.115,0.119058
5886,-7.114,0.119058
5887,-7.113,0.119058
5888,-7.112,0.119058
5889,-7.111,0.119058
5890,-7.11,0.119058
5891,-7.109,0.119058
5892,-7.108,0.119058
5893,-7.107,0.119058
5894,-7.106,0.119058
5895,-7.105,0.119058
5896,-7.104,0.119058
5897,-7.103,0.119058
5898,-7.102,0.119058
5899,-7.101,0.119058
5900,-7.1,0.119058
5901,-7.099,0.119058
5902,-7.098,0.119058
5903,-7.097,0.119058
5904,-7.096,0.119058
5905,-7.095,0.119058
5906,-7.094,0.119058
5907,-7.093,0.119058
5908,-7.092,0.119058
5909,-7.091,0.119058
5910,-7.09,0.119058
5911,-7.089,0.119058
5912,-7.088,0.119058
5913,-7.087,0.119058
5914,-7.086,0.119058
5915,-7.085,0.119058
5916,-7.084,0.119058
5917,-7.083,0.119058
5918,-7.082,0.119058
5919,-7.081,0.119058
5920,-7.08,0.119058
5921,-7.079,0.119058
5922,-7.078,0.119058
5923,-7.077,0.119058
5924,-7.076,0.119058
5925,-7.075,0.119058
5926,-7.074,0.119058
5927,-7.073,0.119058
5928,-7.072,0.119058
5929,-7.071,0.119058
5930,-7.07,0.119058
5931,-7.069,0.119058
5932,-7.068,0.119058
5933,-7.067,0.119058
5934,-7.066,0.119058
5935,-7.065,0.119058
5936,-7.064,0.119058
5937,-7.063,0.119058
5938,-7.062,0.119058
5939,-7.061,0.119058
5940,-7.06,0.119058
5941,-7.059,0.119058
5942,-7.058,0.119058
5943,-7.057,0.119058
5944,-7.056,0.119058
5945,-7.055,0.119058
5946,-7.054,0.119058
5947,-7.053,0.119058
5948,-7.052,0.119058
5949,-7.051,0.119058
5950,-7.05,0.119058
5951,-7.049,0.119058
5952,-7.048,0.119058
5953,-7.047,0.119058
5954,-7.046,0.119058
5955,-7.045,0.119058
5956,-7.044,0.119058
5957,-7.043,0.119058
5958,-7.042,0.119058
5959,-7.041,0.119058
5960,-7.04,0.119058
5961,-7.039,0.119058
5962,-7.038,0.119058
5963,-7.037,0.119058
5964,-7.036,0.119058
5965,-7.035,0.119058
5966,-7.034,0.119058
5967,-7.033,0.119058
5968,-7.032,0.119058
5969,-7.031,0.119058
5970,-7.03,0.119058
5971,-7.029,0.119058
5972,-7.028,0.119058
5973,-7.027,0.119058
5974,-7.026,0.119058
5975,-7.025,0.119058
5976,-7.024,0.119058
5977,-7.023,0.119058
5978,-7.022,0.119058
5979,-7.021,0.119058
5980,-7.02,0.119058
5981,-7.019,0.119058
5982,-7.018,0.119058
5983,-7.017,0.119058
5984,-7.016,0.119058
5985,-7.015,0.119058
5986,-7.014,0.119058
5987,-7.013,0.119058
5988,-7.012,0.119058
5989,-7.011,0.119058
5990,-7.01,0.119058
5991,-7.009,0.119058
5992,-7.008,0.119058
5993,-7.007,0.119058
5994,-7.006,0.119058
5995,-7.005,0.119058
5996,-7.004,0.119058
5997,-7.003,0.119058
5998,-7.002,0.119058
5999,-7.001,0.119058
6000,-7,0.119058
6001,-6.999,0.119058
6002,-6.998,0.119058
6003,-6.997,0.119058
6004,-6.996,0.119058
6005,-6.995,0.119058
6006,-6.994,0.119058
6007,-6.993,0.119058
6008,-6.992,0.119058
6009,-6.991,0.119058
6010,-6.99,0.119058
6011,-6.989,0.119058
6012,-6.988,0.119058
6013,-6.987,0.119058
6014,-6.986,0.119058
6015,-6.985,0.119058
6016,-6.984,0.119058
6017,-6.983,0.119058
6018,-6.982,0.119058
6019,-6.981,0.119058
6020,-6.98,0.119058
6021,-6.979,0.119058
6022,-6.978,0.119058
6023,-6.977,0.119058
6024,-6.976,0.119058
6025,-6.975,0.119058
6026,-6.974,0.119058
6027,-6.973,0.119058
6028,-6.972,0.119058
6029,-6.971,0.119058
6030,-6.97,0.119058
6031,-6.969,0.119058
6032,-6.968,0.119058
6033,-6.967,0.119058
6034,-6.966,0.119058
6035,-6.965,0.119058
6036,-6.964,0.119058
6037,-6.963,0.119058
6038,-6.962,0.119058
6039,-6.961,0.119058
6040,-6.96,0.119058
6041,-6.959,0.119058
6042,-6.958,0.119058
6043,-6.957,0.119058
6044,-6.956,0.119058
6045,-6.955,0.119058
6046,-6.954,0.119058
6047,-6.953,0.119058
6048,-6.952,0.119058
6049,-6.951,0.119058
6050,-6.95,0.119058
6051,-6.949,0.119058
6052,-6.948,0.119058
6053,-6.947,0.119058
6054,-6.946,0.119058
6055,-6.945,0.119058
6056,-6.944,0.119058
6057,-6.943,0.119058
6058,-6.942,0.119058
6059,-6.941,0.119058
6060,-6.94,0.119058
6061,-6.939,0.119058
6062,-6.938,0.119058
6063,-6.937,0.119058
6064,-6.936,0.119058
6065,-6.935,0.119058
6066,-6.934,0.119058
6067,-6.933,0.119058
6068,-6.932,0.119058
6069,-6.931,0.119058
6070,-6.93,0.119058
6071,-6.929,0.119058
6072,-6.928,0.119058
6073,-6.927,0.119058
6074,-6.926,0.119058
6075,-6.925,0.119058
6076,-6.924,0.119058
6077,-6.923,0.119058
6078,-6.922,0.119058
6079,-6.921,0.119058
6080,-6.92,0.119058
6081,-6.919,0.119058
6082,-6.918,0.119058
6083,-6.917,0.119058
6084,-6.916,0.119058
6085,-6.915,0.119058
6086,-6.914,0.119058
6087,-6.913,0.119058
6088,-6.912,0.119058
6089,-6.911,0.119058
6090,-6.91,0.119058
6091,-6.909,0.119058
6092,-6.908,0.119058
6093,-6.907,0.119058
6094,-6.906,0.119058
6095,-6.905,0.119058
6096,-6.904,0.119058
6097,-6.903,0.119058
6098,-6.902,0.119058
6099,-6.901,0.119058
6100,-6.9,0.119058
6101,-6.899,0.119058
6102,-6.898,0.119058
6103,-6.897,0.119058
6104,-6.896,0.119058
6105,-6.895,0.119058
6106,-6.894,0.119058
6107,-6.893,0.119058
6108,-6.892,0.119058
6109,-6.891,0.119058
6110,-6.89,0.119058
6111,-6.889,0.119058
6112,-6.888,0.119058
6113,-6.887,0.119058
6114,-6.886,0.119058
6115,-6.885,0.119058
6116,-6.884,0.119058
6117,-6.883,0.119058
6118,-6.882,0.119058
6119,-6.881,0.119058
6120,-6.88,0.119058
6121,-6.879,0.119058
6122,-6.878,0.119058
6123,-6.877,0.119058
6124,-6.876,0.119058
6125,-6.875,0.119058
6126,-6.874,0.119058
6127,-6.873,0.119058
6128,-6.872,0.119058
6129,-6.871,0.119058
6130,-6.87,0.119058
6131,-6.869,0.119058
6132,-6.868,0.119058
6133,-6.867,0.119058
6134,-6.866,0.119058
6135,-6.865,0.119058
6136,-6.864,0.119058
6137,-6.863,0.119058
6138,-6.862,0.119058
6139,-6.861,0.119058
6140,-6.86,0.119058
6141,-6.859,0.119058
6142,-6.858,0.119058
6143,-6.857,0.119058
6144,-6.856,0.119058
6145,-6.855,0.119058
6146,-6.854,0.119058
6147,-6.853,0.119058
6148,-6.852,0.119058
6149,-6.851,0.119058
6150,-6.85,0.119058
6151,-6.849,0.119058
6152,-6.848,0.119058
6153,-6.847,0.119058
6154,-6.846,0.119058
6155,-6.845,0.119058
6156,-6.844,0.119058
6157,-6.843,0.119058
6158,-6.842,0.119058
6159,-6.841,0.119058
6160,-6.84,0.119058
6161,-6.839,0.119058
6162,-6.838,0.119058
6163,-6.837,0.119058
6164,-6.836,0.119058
6165,-6.835,0.119058
6166,-6.834,0.119058
6167,-6.833,0.119058
6168,-6.832,0.119058
6169,-6.831,0.119058
6170,-6.83,0.119058
6171,-6.829,0.119058
6172,-6.828,0.119058
6173,-6.827,0.119058
6174,-6.826,0.119058
6175,-6.825,0.119058
6176,-6.824,0.119058
6177,-6.823,0.119058
6178,-6.822,0.119058
6179,-6.821,0.119058
6180,-6.82,0.119058
6181,-6.819,0.119058
6182,-6.818,0.119058
6183,-6.817,0.119058
6184,-6.816,0.119058
6185,-6.815,0.119058
6186,-6.814,0.119058
6187,-6.813,0.119058
6188,-6.812,0.119058
6189,-6.811,0.119058
6190,-6.81,0.119058
6191,-6.809,0.119058
6192,-6.808,0.119058
6193,-6.807,0.119058
6194,-6.806,0.119058
6195,-6.805,0.119058
6196,-6.804,0.119058
6197,-6.803,0.119058
6198,-6.802,0.119058
6199,-6.801,0.119058
6200,-6.8,0.119058
6201,-6.799,0.119058
6202,-6.798,0.119058
6203,-6.797,0.119058
6204,-6.796,0.119058
6205,-6.795,0.119058
6206,-6.794,0.119058
6207,-6.793,0.119058
6208,-6.792,0.119058
6209,-6.791,0.119058
6210,-6.79,0.119058
6211,-6.789,0.119058
6212,-6.788,0.119058
6213,-6.787,0.119058
6214,-6.786,0.119058
6215,-6.785,0.119058
6216,-6.784,0.119058
6217,-6.783,0.119058
6218,-6.782,0.119058
6219,-6.781,0.119058
6220,-6.78,0.119058
6221,-6.779,0.119058
6222,-6.778,0.119058
6223,-6.777,0.119058
6224,-6.776,0.119058
6225,-6.775,0.119058
6226,-6.774,0.119058
6227,-6.773,0.119058
6228,-6.772,0.119058
6229,-6.771,0.119058
6230,-6.77,0.119058
6231,-6.769,0.119058
6232,-6.768,0.119058
6233,-6.767,0.119058
6234,-6.766,0.119058
6235,-6.765,0.119058
6236,-6.764,0.119058
6237,-6.763,0.119058
6238,-6.762,0.119058
6239,-6.761,0.119058
6240,-6.76,0.119058
6241,-6.759,0.119058
6242,-6.758,0.119058
6243,-6.757,0.119058
6244,-6.756,0.119058
6245,-6.755,0.119058
6246,-6.754,0.119058
6247,-6.753,0.119058
6248,-6.752,0.119058
6249,-6.751,0.119058
6250,-6.75,0.119058
6251,-6.749,0.119058
6252,-6.748,0.119058
6253,-6.747,0.119058
6254,-6.746,0.119058
6255,-6.745,0.119058
6256,-6.744,0.119058
6257,-6.743,0.119058
6258,-6.742,0.119058
6259,-6.741,0.119058
6260,-6.74,0.119058
6261,-6.739,0.119058
6262,-6.738,0.119058
6263,-6.737,0.119058
6264,-6.736,0.119058
6265,-6.735,0.119058
6266,-6.734,0.119058
6267,-6.733,0.119058
6268,-6.732,0.119058
6269,-6.731,0.119058
6270,-6.73,0.119058
6271,-6.729,0.119058
6272,-6.728,0.119058
6273,-6.727,0.119058
6274,-6.726,0.119058
6275,-6.725,0.119058
6276,-6.724,0.119058
6277,-6.723,0.119058
6278,-6.722,0.119058
6279,-6.721,0.119058
6280,-6.72,0.119058
6281,-6.719,0.119058
6282,-6.718,0.119058
6283,-6.717,0.119058
6284,-6.716,0.119058
6285,-6.715,0.119058
6286,-6.714,0.119058
6287,-6.713,0.119058
6288,-6.712,0.119058
6289,-6.711,0.119058
6290,-6.71,0.119058
6291,-6.709,0.119058
6292,-6.708,0.119058
6293,-6.707,0.119058
6294,-6.706,0.119058
6295,-6.705,0.119058
6296,-6.704,0.119058
6297,-6.703,0.119058
6298,-6.702,0.119058
6299,-6.701,0.119058
6300,-6.7,0.119058
6301,-6.699,0.119058
6302,-6.698,0.119058
6303,-6.697,0.119058
6304,-6.696,0.119058
6305,-6.695,0.119058
6306,-6.694,0.119058
6307,-6.693,0.119058
6308,-6.692,0.119058
6309,-6.691,0.119058
6310,-6.69,0.119058
6311,-6.689,0.119058
6312,-6.688,0.119058
6313,-6.687,0.119058
6314,-6.686,0.119058
6315,-6.685,0.119058
6316,-6.684,0.119058
6317,-6.683,0.119058
6318,-6.682,0.119058
6319,-6.681,0.119058
6320,-6.68,0.119058
6321,-6.679,0.119058
6322,-6.678,0.119058
6323,-6.677,0.119058
6324,-6.676,0.119058
6325,-6.675,0.119058
6326,-6.674,0.119058
6327,-6.673,0.119058
6328,-6.672,0.119058
6329,-6.671,0.119058
6330,-6.67,0.119058
6331,-6.669,0.119058
6332,-6.668,0.119058
6333,-6.667,0.119058
6334,-6.666,0.119058
6335,-6.665,0.119058
6336,-6.664,0.119058
6337,-6.663,0.119058
6338,-6.662,0.119058
6339,-6.661,0.119058
6340,-6.66,0.119058
6341,-6.659,0.119058
6342,-6.658,0.119058
6343,-6.657,0.119058
6344,-6.656,0.119058
6345,-6.655,0.119058
6346,-6.654,0.119058
6347,-6.653,0.119058
6348,-6.652,0.119058
6349,-6.651,0.119058
6350,-6.65,0.119058
6351,-6.649,0.119058
6352,-6.648,0.119058
6353,-6.647,0.119058
6354,-6.646,0.119058
6355,-6.645,0.119058
6356,-6.644,0.119058
6357,-6.643,0.119058
6358,-6.642,0.119058
6359,-6.641,0.119058
6360,-6.64,0.119058
6361,-6.639,0.119058
6362,-6.638,0.119058
6363,-6.637,0.119058
6364,-6.636,0.119058
6365,-6.635,0.119058
6366,-6.634,0.119058
6367,-6.633,0.119058
6368,-6.632,0.119058
6369,-6.631,0.119058
6370,-6.63,0.119058
6371,-6.629,0.119058
6372,-6.628,0.119058
6373,-6.627,0.119058
6374,-6.626,0.119058
6375,-6.625,0.119058
6376,-6.624,0.119058
6377,-6.623,0.119058
6378,-6.622,0.119058
6379,-6.621,0.119058
6380,-6.62,0.119058
6381,-6.619,0.119058
6382,-6.618,0.119058
6383,-6.617,0.119058
6384,-6.616,0.119058
6385,-6.615,0.119058
6386,-6.614,0.119058
6387,-6.613,0.119058
6388,-6.612,0.119058
6389,-6.611,0.119058
6390,-6.61,0.119058
6391,-6.609,0.119058
6392,-6.608,0.119058
6393,-6.607,0.119058
6394,-6.606,0.119058
6395,-6.605,0.119058
6396,-6.604,0.119058
6397,-6.603,0.119058
6398,-6.602,0.119058
6399,-6.601,0.119058
6400,-6.6,0.119058
6401,-6.599,0.119058
6402,-6.598,0.119058
6403,-6.597,0.119058
6404,-6.596,0.119058
6405,-6.595,0.119058
6406,-6.594,0.119058
6407,-6.593,0.119058
6408,-6.592,0.119058
6409,-6.591,0.119058
6410,-6.59,0.119058
6411,-6.589,0.119058
6412,-6.588,0.119058
6413,-6.587,0.119058
6414,-6.586,0.119058
6415,-6.585,0.119058
6416,-6.584,0.119058
6417,-6.583,0.119058
6418,-6.582,0.119058
6419,-6.581,0.119058
6420,-6.58,0.119058
6421,-6.579,0.119058
6422,-6.578,0.119058
6423,-6.577,0.119058
6424,-6.576,0.119058
6425,-6.575,0.119058
6426,-6.574,0.119058
6427,-6.573,0.119058
6428,-6.572,0.119058
6429,-6.571,0.119058
6430,-6.57,0.119058
6431,-6.569,0.119058
6432,-6.568,0.119058
6433,-6.567,0.119058
6434,-6.566,0.119058
6435,-6.565,0.119058
6436,-6.564,0.119058
6437,-6.563,0.119058
6438,-6.562,0.119058
6439,-6.561,0.119058
6440,-6.56,0.119058
6441,-6.559,0.119058
6442,-6.558,0.119058
6443,-6.557,0.119058
6444,-6.556,0.119058
6445,-6.555,0.119058
6446,-6.554,0.119058
6447,-6.553,0.119058
6448,-6.552,0.119058
6449,-6.551,0.119058
6450,-6.55,0.119058
6451,-6.549,0.119058
6452,-6.548,0.119058
6453,-6.547,0.119058
6454,-6.546,0.119058
6455,-6.545,0.119058
6456,-6.544,0.119058
6457,-6.543,0.119058
6458,-6.542,0.119058
6459,-6.541,0.119058
6460,-6.54,0.119058
6461,-6.539,0.119058
6462,-6.538,0.119058
6463,-6.537,0.119058
6464,-6.536,0.119058
6465,-6.535,0.119058
6466,-6.534,0.119058
6467,-6.533,0.119058
6468,-6.532,0.119058
6469,-6.531,0.119058
6470,-6.53,0.119058
6471,-6.529,0.119058
6472,-6.528,0.119058
6473,-6.527,0.119058
6474,-6.526,0.119058
6475,-6.525,0.119058
6476,-6.524,0.119058
6477,-6.523,0.119058
6478,-6.522,0.119058
6479,-6.521,0.119058
6480,-6.52,0.119058
6481,-6.519,0.119058
6482,-6.518,0.119058
6483,-6.517,0.119058
6484,-6.516,0.119058
6485,-6.515,0.119058
6486,-6.514,0.119058
6487,-6.513,0.119058
6488,-6.512,0.119058
6489,-6.511,0.119058
6490,-6.51,0.119058
6491,-6.509,0.119058
6492,-6.508,0.119058
6493,-6.507,0.119058
6494,-6.506,0.119058
6495,-6.505,0.119058
6496,-6.504,0.119058
6497,-6.503,0.119058
6498,-6.502,0.119058
6499,-6.501,0.119058
6500,-6.5,0.119058
6501,-6.499,0.119058
6502,-6.498,0.119058
6503,-6.497,0.119058
6504,-6.496,0.119058
6505,-6.495,0.119058
6506,-6.494,0.119058
6507,-6.493,0.119058
6508,-6.492,0.119058
6509,-6.491,0.119058
6510,-6.49,0.119058
6511,-6.489,0.119058
6512,-6.488,0.119058
6513,-6.487,0.119058
6514,-6.486,0.119058
6515,-6.485,0.119058
6516,-6.484,0.119058
6517,-6.483,0.119058
6518,-6.482,0.119058
6519,-6.481,0.119058
6520,-6.48,0.119058
6521,-6.479,0.119058
6522,-6.478,0.119058
6523,-6.477,0.119058
6524,-6.476,0.119058
6525,-6.475,0.119058
6526,-6.474,0.119058
6527,-6.473,0.119058
6528,-6.472,0.119058
6529,-6.471,0.119058
6530,-6.47,0.119058
6531,-6.469,0.119058
6532,-6.468,0.119058
6533,-6.467,0.119058
6534,-6.466,0.119058
6535,-6.465,0.119058
6536,-6.464,0.119058
6537,-6.463,0.119058
6538,-6.462,0.119058
6539,-6.461,0.119058
6540,-6.46,0.119058
6541,-6.459,0.119058
6542,-6.458,0.119058
6543,-6.457,0.119058
6544,-6.456,0.119058
6545,-6.455,0.119058
6546,-6.454,0.119058
6547,-6.453,0.119058
6548,-6.452,0.119058
6549,-6.451,0.119058
6550,-6.45,0.119058
6551,-6.449,0.119058
6552,-6.448,0.119058
6553,-6.447,0.119058
6554,-6.446,0.119058
6555,-6.445,0.119058
6556,-6.444,0.119058
6557,-6.443,0.119058
6558,-6.442,0.119058
6559,-6.441,0.119058
6560,-6.44,0.119058
6561,-6.439,0.119058
6562,-6.438,0.119058
6563,-6.437,0.119058
6564,-6.436,0.119058
6565,-6.435,0.119058
6566,-6.434,0.119058
6567,-6.433,0.119058
6568,-6.432,0.119058
6569,-6.431,0.119058
6570,-6.43,0.119058
6571,-6.429,0.119058
6572,-6.428,0.119058
6573,-6.427,0.119058
6574,-6.426,0.119058
6575,-6.425,0.119058
6576,-6.424,0.119058
6577,-6.423,0.119058
6578,-6.422,0.119058
6579,-6.421,0.119058
6580,-6.42,0.119058
6581,-6.419,0.119058
6582,-6.418,0.119058
6583,-6.417,0.119058
6584,-6.416,0.119058
6585,-6.415,0.119058
6586,-6.414,0.119058
6587,-6.413,0.119058
6588,-6.412,0.119058
6589,-6.411,0.119058
6590,-6.41,0.119058
6591,-6.409,0.119058
6592,-6.408,0.119058
6593,-6.407,0.119058
6594,-6.406,0.119058
6595,-6.405,0.119058
6596,-6.404,0.119058
6597,-6.403,0.119058
6598,-6.402,0.119058
6599,-6.401,0.119058
6600,-6.4,0.119058
6601,-6.399,0.119058
6602,-6.398,0.119058
6603,-6.397,0.119058
6604,-6.396,0.119058
6605,-6.395,0.119058
6606,-6.394,0.119058
6607,-6.393,0.119058
6608,-6.392,0.119058
6609,-6.391,0.119058
6610,-6.39,0.119058
6611,-6.389,0.119058
6612,-6.388,0.119058
6613,-6.387,0.119058
6614,-6.386,0.119058
6615,-6.385,0.119058
6616,-6.384,0.119058
6617,-6.383,0.119058
6618,-6.382,0.119058
6619,-6.381,0.119058
6620,-6.38,0.119058
6621,-6.379,0.119058
6622,-6.378,0.119058
6623,-6.377,0.119058
6624,-6.376,0.119058
6625,-6.375,0.119058
6626,-6.374,0.119058
6627,-6.373,0.119058
6628,-6.372,0.119058
6629,-6.371,0.119058
6630,-6.37,0.119058
6631,-6.369,0.119058
6632,-6.368,0.119058
6633,-6.367,0.119058
6634,-6.366,0.119058
6635,-6.365,0.119058
6636,-6.364,0.119058
6637,-6.363,0.119058
6638,-6.362,0.119058
6639,-6.361,0.119058
6640,-6.36,0.119058
6641,-6.359,0.119058
6642,-6.358,0.119058
6643,-6.357,0.119058
6644,-6.356,0.119058
6645,-6.355,0.119058
6646,-6.354,0.119058
6647,-6.353,0.119058
6648,-6.352,0.119058
6649,-6.351,0.119058
6650,-6.35,0.119058
6651,-6.349,0.119058
6652,-6.348,0.119058
6653,-6.347,0.119058
6654,-6.346,0.119058
6655,-6.345,0.119058
6656,-6.344,0.119058
6657,-6.343,0.119058
6658,-6.342,0.119058
6659,-6.341,0.119058
6660,-6.34,0.119058
6661,-6.339,0.119058
6662,-6.338,0.119058
6663,-6.337,0.119058
6664,-6.336,0.119058
6665,-6.335,0.119058
6666,-6.334,0.119058
6667,-6.333,0.119058
6668,-6.332,0.119058
6669,-6.331,0.119058
6670,-6.33,0.119058
6671,-6.329,0.119058
6672,-6.328,0.119058
6673,-6.327,0.119058
6674,-6.326,0.119058
6675,-6.325,0.119058
6676,-6.324,0.119058
6677,-6.323,0.119058
6678,-6.322,0.119058
6679,-6.321,0.119058
6680,-6.32,0.119058
6681,-6.319,0.119058
6682,-6.318,0.119058
6683,-6.317,0.119058
6684,-6.316,0.119058
6685,-6.315,0.119058
6686,-6.314,0.119058
6687,-6.313,0.119058
6688,-6.312,0.119058
6689,-6.311,0.119058
6690,-6.31,0.119058
6691,-6.309,0.119058
6692,-6.308,0.119058
6693,-6.307,0.119058
6694,-6.306,0.119058
6695,-6.305,0.119058
6696,-6.304,0.119058
6697,-6.303,0.119058
6698,-6.302,0.119058
6699,-6.301,0.119058
6700,-6.3,0.119058
6701,-6.299,0.119058
6702,-6.298,0.119058
6703,-6.297,0.119058
6704,-6.296,0.119058
6705,-6.295,0.119058
6706,-6.294,0.119058
6707,-6.293,0.119058
6708,-6.292,0.119058
6709,-6.291,0.119058
6710,-6.29,0.119058
6711,-6.289,0.119058
6712,-6.288,0.119058
6713,-6.287,0.119058
6714,-6.286,0.119058
6715,-6.285,0.119058
6716,-6.284,0.119058
6717,-6.283,0.119058
6718,-6.282,0.119058
6719,-6.281,0.119058
6720,-6.28,0.119058
6721,-6.279,0.119058
6722,-6.278,0.119058
6723,-6.277,0.119058
6724,-6.276,0.119058
6725,-6.275,0.119058
6726,-6.274,0.119058
6727,-6.273,0.119058
6728,-6.272,0.119058
6729,-6.271,0.119058
6730,-6.27,0.119058
6731,-6.269,0.119058
6732,-6.268,0.119058
6733,-6.267,0.119058
6734,-6.266,0.119058
6735,-6.265,0.119058
6736,-6.264,0.119058
6737,-6.263,0.119058
6738,-6.262,0.119058
6739,-6.261,0.119058
6740,-6.26,0.119058
6741,-6.259,0.119058
6742,-6.258,0.119058
6743,-6.257,0.119058
6744,-6.256,0.119058
6745,-6.255,0.119058
6746,-6.254,0.119058
6747,-6.253,0.119058
6748,-6.252,0.119058
6749,-6.251,0.119058
6750,-6.25,0.119058
6751,-6.249,0.119058
6752,-6.248,0.119058
6753,-6.247,0.119058
6754,-6.246,0.119058
6755,-6.245,0.119058
6756,-6.244,0.119058
6757,-6.243,0.119058
6758,-6.242,0.119058
6759,-6.241,0.119058
6760,-6.24,0.119058
6761,-6.239,0.119058
6762,-6.238,0.119058
6763,-6.237,0.119058
6764,-6.236,0.119058
6765,-6.235,0.119058
6766,-6.234,0.119058
6767,-6.233,0.119058
6768,-6.232,0.119058
6769,-6.231,0.119058
6770,-6.23,0.119058
6771,-6.229,0.119058
6772,-6.228,0.119058
6773,-6.227,0.119058
6774,-6.226,0.119058
6775,-6.225,0.119058
6776,-6.224,0.119058
6777,-6.223,0.119058
6778,-6.222,0.119058
6779,-6.221,0.119058
6780,-6.22,0.119058
6781,-6.219,0.119058
6782,-6.218,0.119058
6783,-6.217,0.119058
6784,-6.216,0.119058
6785,-6.215,0.119058
6786,-6.214,0.119058
6787,-6.213,0.119058
6788,-6.212,0.119058
6789,-6.211,0.119058
6790,-6.21,0.119058
6791,-6.209,0.119058
6792,-6.208,0.119058
6793,-6.207,0.119058
6794,-6.206,0.119058
6795,-6.205,0.119058
6796,-6.204,0.119058
6797,-6.203,0.119058
6798,-6.202,0.119058
6799,-6.201,0.119058
6800,-6.2,0.119058
6801,-6.199,0.119058
6802,-6.198,0.119058
6803,-6.197,0.119058
6804,-6.196,0.119058
6805,-6.195,0.119058
6806,-6.194,0.119058
6807,-6.193,0.119058
6808,-6.192,0.119058
6809,-6.191,0.119058
6810,-6.19,0.119058
6811,-6.189,0.119058
6812,-6.188,0.119058
6813,-6.187,0.119058
6814,-6.186,0.119058
6815,-6.185,0.119058
6816,-6.184,0.119058
6817,-6.183,0.119058
6818,-6.182,0.119058
6819,-6.181,0.119058
6820,-6.18,0.119058
6821,-6.179,0.119058
6822,-6.178,0.119058
6823,-6.177,0.119058
6824,-6.176,0.119058
6825,-6.175,0.119058
6826,-6.174,0.119058
6827,-6.173,0.119058
6828,-6.172,0.119058
6829,-6.171,0.119058
6830,-6.17,0.119058
6831,-6.169,0.119058
6832,-6.168,0.119058
6833,-6.167,0.119058
6834,-6.166,0.119058
6835,-6.165,0.119058
6836,-6.164,0.119058
6837,-6.163,0.119058
6838,-6.162,0.119058
6839,-6.161,0.119058
6840,-6.16,0.119058
6841,-6.159,0.119058
6842,-6.158,0.119058
6843,-6.157,0.119058
6844,-6.156,0.119058
6845,-6.155,0.119058
6846,-6.154,0.119058
6847,-6.153,0.119058
6848,-6.152,0.119058
6849,-6.151,0.119058
6850,-6.15,0.119058
6851,-6.149,0.119058
6852,-6.148,0.119058
6853,-6.147,0.119058
6854,-6.146,0.119058
6855,-6.145,0.119058
6856,-6.144,0.119058
6857,-6.143,0.119058
6858,-6.142,0.119058
6859,-6.141,0.119058
6860,-6.14,0.119058
6861,-6.139,0.119058
6862,-6.138,0.119058
6863,-6.137,0.119058
6864,-6.136,0.119058
6865,-6.135,0.119058
6866,-6.134,0.119058
6867,-6.133,0.119058
6868,-6.132,0.119058
6869,-6.131,0.119058
6870,-6.13,0.119058
6871,-6.129,0.119058
6872,-6.128,0.119058
6873,-6.127,0.119058
6874,-6.126,0.119058
6875,-6.125,0.119058
6876,-6.124,0.119058
6877,-6.123,0.119058
6878,-6.122,0.119058
6879,-6.121,0.119058
6880,-6.12,0.119058
6881,-6.119,0.119058
6882,-6.118,0.119058
6883,-6.117,0.119058
6884,-6.116,0.119058
6885,-6.115,0.119058
6886,-6.114,0.119058
6887,-6.113,0.119058
6888,-6.112,0.119058
6889,-6.111,0.119058
6890,-6.11,0.119058
6891,-6.109,0.119058
6892,-6.108,0.119058
6893,-6.107,0.119058
6894,-6.106,0.119058
6895,-6.105,0.119058
6896,-6.104,0.119058
6897,-6.103,0.119058
6898,-6.102,0.119058
6899,-6.101,0.119058
6900,-6.1,0.119058
6901,-6.099,0.119058
6902,-6.098,0.119058
6903,-6.097,0.119058
6904,-6.096,0.119058
6905,-6.095,0.119058
6906,-6.094,0.119058
6907,-6.093,0.119058
6908,-6.092,0.119058
6909,-6.091,0.119058
6910,-6.09,0.119058
6911,-6.089,0.119058
6912,-6.088,0.119058
6913,-6.087,0.119058
6914,-6.086,0.119058
6915,-6.085,0.119058
6916,-6.084,0.119058
6917,-6.083,0.119058
6918,-6.082,0.119058
6919,-6.081,0.119058
6920,-6.08,0.119058
6921,-6.079,0.119058
6922,-6.078,0.119058
6923,-6.077,0.119058
6924,-6.076,0.119058
6925,-6.075,0.119058
6926,-6.074,0.119058
6927,-6.073,0.119058
6928,-6.072,0.119058
6929,-6.071,0.119058
6930,-6.07,0.119058
6931,-6.069,0.119058
6932,-6.068,0.119058
6933,-6.067,0.119058
6934,-6.066,0.119058
6935,-6.065,0.119058
6936,-6.064,0.119058
6937,-6.063,0.119058
6938,-6.062,0.119058
6939,-6.061,0.119058
6940,-6.06,0.119058
6941,-6.059,0.119058
6942,-6.058,0.119058
6943,-6.057,0.119058
6944,-6.056,0.119058
6945,-6.055,0.119058
6946,-6.054,0.119058
6947,-6.053,0.119058
6948,-6.052,0.119058
6949,-6.051,0.119058
6950,-6.05,0.119058
6951,-6.049,0.119058
6952,-6.048,0.119058
6953,-6.047,0.119058
6954,-6.046,0.119058
6955,-6.045,0.119058
6956,-6.044,0.119058
6957,-6.043,0.119058
6958,-6.042,0.119058
6959,-6.041,0.119058
6960,-6.04,0.119058
6961,-6.039,0.119058
6962,-6.038,0.119058
6963,-6.037,0.119058
6964,-6.036,0.119058
6965,-6.035,0.119058
6966,-6.034,0.119058
6967,-6.033,0.119058
6968,-6.032,0.119058
6969,-6.031,0.119058
6970,-6.03,0.119058
6971,-6.029,0.119058
6972,-6.028,0.119058
6973,-6.027,0.119058
6974,-6.026,0.119058
6975,-6.025,0.119058
6976,-6.024,0.119058
6977,-6.023,0.119058
6978,-6.022,0.119058
6979,-6.021,0.119058
6980,-6.02,0.119058
6981,-6.019,0.119058
6982,-6.018,0.119058
6983,-6.017,0.119058
6984,-6.016,0.119058
6985,-6.015,0.119058
6986,-6.014,0.119058
6987,-6.013,0.119058
6988,-6.012,0.119058
6989,-6.011,0.119058
6990,-6.01,0.119058
6991,-6.009,0.119058
6992,-6.008,0.119058
6993,-6.007,0.119058
6994,-6.006,0.119058
6995,-6.005,0.119058
6996,-6.004,0.119058
6997,-6.003,0.119058
6998,-6.002,0.119058
6999,-6.001,0.119058
7000,-6,0.119058
7001,-5.999,0.119058
7002,-5.998,0.119058
7003,-5.997,0.119058
7004,-5.996,0.119058
7005,-5.995,0.119058
7006,-5.994,0.119058
7007,-5.993,0.119058
7008,-5.992,0.119058
7009,-5.991,0.119058
7010,-5.99,0.119058
7011,-5.989,0.119058
7012,-5.988,0.119058
7013,-5.987,0.119058
7014,-5.986,0.119058
7015,-5.985,0.119058
7016,-5.984,0.119058
7017,-5.983,0.119058
7018,-5.982,0.119058
7019,-5.981,0.119058
7020,-5.98,0.119058
7021,-5.979,0.119058
7022,-5.978,0.119058
7023,-5.977,0.119058
7024,-5.976,0.119058
7025,-5.975,0.119058
7026,-5.974,0.119058
7027,-5.973,0.119058
7028,-5.972,0.119058
7029,-5.971,0.119058
7030,-5.97,0.119058
7031,-5.969,0.119058
7032,-5.968,0.119058
7033,-5.967,0.119058
7034,-5.966,0.119058
7035,-5.965,0.119058
7036,-5.964,0.119058
7037,-5.963,0.119058
7038,-5.962,0.119058
7039,-5.961,0.119058
7040,-5.96,0.119058
7041,-5.959,0.119058
7042,-5.958,0.119058
7043,-5.957,0.119058
7044,-5.956,0.119058
7045,-5.955,0.119058
7046,-5.954,0.119058
7047,-5.953,0.119058
7048,-5.952,0.119058
7049,-5.951,0.119058
7050,-5.95,0.119058
7051,-5.949,0.119058
7052,-5.948,0.119058
7053,-5.947,0.119058
7054,-5.946,0.119058
7055,-5.945,0.119058
7056,-5.944,0.119058
7057,-5.943,0.119058
7058,-5.942,0.119058
7059,-5.941,0.119058
7060,-5.94,0.119058
7061,-5.939,0.119058
7062,-5.938,0.119058
7063,-5.937,0.119058
7064,-5.936,0.119058
7065,-5.935,0.119058
7066,-5.934,0.119058
7067,-5.933,0.119058
7068,-5.932,0.119058
7069,-5.931,0.119058
7070,-5.93,0.119058
7071,-5.929,0.119058
7072,-5.928,0.119058
7073,-5.927,0.119058
7074,-5.926,0.119058
7075,-5.925,0.119058
7076,-5.924,0.119058
7077,-5.923,0.119058
7078,-5.922,0.119058
7079,-5.921,0.119058
7080,-5.92,0.119058
7081,-5.919,0.119058
7082,-5.918,0.119058
7083,-5.917,0.119058
7084,-5.916,0.119058
7085,-5.915,0.119058
7086,-5.914,0.119058
7087,-5.913,0.119058
7088,-5.912,0.119058
7089,-5.911,0.119058
7090,-5.91,0.119058
7091,-5.909,0.119058
7092,-5.908,0.119058
7093,-5.907,0.119058
7094,-5.906,0.119058
7095,-5.905,0.119058
7096,-5.904,0.119058
7097,-5.903,0.119058
7098,-5.902,0.119058
7099,-5.901,0.119058
7100,-5.9,0.119058
7101,-5.899,0.119058
7102,-5.898,0.119058
7103,-5.897,0.119058
7104,-5.896,0.119058
7105,-5.895,0.119058
7106,-5.894,0.119058
7107,-5.893,0.119058
7108,-5.892,0.119058
7109,-5.891,0.119058
7110,-5.89,0.119058
7111,-5.889,0.119058
7112,-5.888,0.119058
7113,-5.887,0.119058
7114,-5.886,0.119058
7115,-5.885,0.119058
7116,-5.884,0.119058
7117,-5.883,0.119058
7118,-5.882,0.119058
7119,-5.881,0.119058
7120,-5.88,0.119058
7121,-5.879,0.119058
7122,-5.878,0.119058
7123,-5.877,0.119058
7124,-5.876,0.119058
7125,-5.875,0.119058
7126,-5.874,0.119058
7127,-5.873,0.119058
7128,-5.872,0.119058
7129,-5.871,0.119058
7130,-5.87,0.119058
7131,-5.869,0.119058
7132,-5.868,0.119058
7133,-5.867,0.119058
7134,-5.866,0.119058
7135,-5.865,0.119058
7136,-5.864,0.119058
7137,-5.863,0.119058
7138,-5.862,0.119058
7139,-5.861,0.119058
7140,-5.86,0.119058
7141,-5.859,0.119058
7142,-5.858,0.119058
7143,-5.857,0.119058
7144,-5.856,0.119058
7145,-5.855,0.119058
7146,-5.854,0.119058
7147,-5.853,0.119058
7148,-5.852,0.119058
7149,-5.851,0.119058
7150,-5.85,0.119058
7151,-5.849,0.119058
7152,-5.848,0.119058
7153,-5.847,0.119058
7154,-5.846,0.119058
7155,-5.845,0.119058
7156,-5.844,0.119058
7157,-5.843,0.119058
7158,-5.842,0.119058
7159,-5.841,0.119058
7160,-5.84,0.119058
7161,-5.839,0.119058
7162,-5.838,0.119058
7163,-5.837,0.119058
7164,-5.836,0.119058
7165,-5.835,0.119058
7166,-5.834,0.119058
7167,-5.833,0.119058
7168,-5.832,0.119058
7169,-5.831,0.119058
7170,-5.83,0.119058
7171,-5.829,0.119058
7172,-5.828,0.119058
7173,-5.827,0.119058
7174,-5.826,0.119058
7175,-5.825,0.119058
7176,-5.824,0.119058
7177,-5.823,0.119058
7178,-5.822,0.119058
7179,-5.821,0.119058
7180,-5.82,0.119058
7181,-5.819,0.119058
7182,-5.818,0.119058
7183,-5.817,0.119058
7184,-5.816,0.119058
7185,-5.815,0.119058
7186,-5.814,0.119058
7187,-5.813,0.119058
7188,-5.812,0.119058
7189,-5.811,0.119058
7190,-5.81,0.119058
7191,-5.809,0.119058
7192,-5.808,0.119058
7193,-5.807,0.119058
7194,-5.806,0.119058
7195,-5.805,0.119058
7196,-5.804,0.119058
7197,-5.803,0.119058
7198,-5.802,0.119058
7199,-5.801,0.119058
7200,-5.8,0.119058
7201,-5.799,0.119058
7202,-5.798,0.119058
7203,-5.797,0.119058
7204,-5.796,0.119058
7205,-5.795,0.119058
7206,-5.794,0.119058
7207,-5.793,0.119058
7208,-5.792,0.119058
7209,-5.791,0.119058
7210,-5.79,0.119058
7211,-5.789,0.119058
7212,-5.788,0.119058
7213,-5.787,0.119058
7214,-5.786,0.119058
7215,-5.785,0.119058
7216,-5.784,0.119058
7217,-5.783,0.119058
7218,-5.782,0.119058
7219,-5.781,0.119058
7220,-5.78,0.119058
7221,-5.779,0.119058
7222,-5.778,0.119058
7223,-5.777,0.119058
7224,-5.776,0.119058
7225,-5.775,0.119058
7226,-5.774,0.119058
7227,-5.773,0.119058
7228,-5.772,0.119058
7229,-5.771,0.119058
7230,-5.77,0.119058
7231,-5.769,0.119058
7232,-5.768,0.119058
7233,-5.767,0.119058
7234,-5.766,0.119058
7235,-5.765,0.119058
7236,-5.764,0.119058
7237,-5.763,0.119058
7238,-5.762,0.119058
7239,-5.761,0.119058
7240,-5.76,0.119058
7241,-5.759,0.119058
7242,-5.758,0.119058
7243,-5.757,0.119058
7244,-5.756,0.119058
7245,-5.755,0.119058
7246,-5.754,0.119058
7247,-5.753,0.119058
7248,-5.752,0.119058
7249,-5.751,0.119058
7250,-5.75,0.119058
7251,-5.749,0.119058
7252,-5.748,0.119058
7253,-5.747,0.119058
7254,-5.746,0.119058
7255,-5.745,0.119058
7256,-5.744,0.119058
7257,-5.743,0.119058
7258,-5.742,0.119058
7259,-5.741,0.119058
7260,-5.74,0.119058
7261,-5.739,0.119058
7262,-5.738,0.119058
7263,-5.737,0.119058
7264,-5.736,0.119058
7265,-5.735,0.119058
7266,-5.734,0.119058
7267,-5.733,0.119058
7268,-5.732,0.119058
7269,-5.731,0.119058
7270,-5.73,0.119058
7271,-5.729,0.119058
7272,-5.728,0.119058
7273,-5.727,0.119058
7274,-5.726,0.119058
7275,-5.725,0.119058
7276,-5.724,0.119058
7277,-5.723,0.119058
7278,-5.722,0.119058
7279,-5.721,0.119058
7280,-5.72,0.119058
7281,-5.719,0.119058
7282,-5.718,0.119058
7283,-5.717,0.119058
7284,-5.716,0.119058
7285,-5.715,0.119058
7286,-5.714,0.119058
7287,-5.713,0.119058
7288,-5.712,0.119058
7289,-5.711,0.119058
7290,-5.71,0.119058
7291,-5.709,0.119058
7292,-5.708,0.119058
7293,-5.707,0.119058
7294,-5.706,0.119058
7295,-5.705,0.119058
7296,-5.704,0.119058
7297,-5.703,0.119058
7298,-5.702,0.119058
7299,-5.701,0.119058
7300,-5.7,0.119058
7301,-5.699,0.119058
7302,-5.698,0.119058
7303,-5.697,0.119058
7304,-5.696,0.119058
7305,-5.695,0.119058
7306,-5.694,0.119058
7307,-5.693,0.119058
7308,-5.692,0.119058
7309,-5.691,0.119058
7310,-5.69,0.119058
7311,-5.689,0.119058
7312,-5.688,0.119058
7313,-5.687,0.119058
7314,-5.686,0.119058
7315,-5.685,0.119058
7316,-5.684,0.119058
7317,-5.683,0.119058
7318,-5.682,0.119058
7319,-5.681,0.119058
7320,-5.68,0.119058
7321,-5.679,0.119058
7322,-5.678,0.119058
7323,-5.677,0.119058
7324,-5.676,0.119058
7325,-5.675,0.119058
7326,-5.674,0.119058
7327,-5.673,0.119058
7328,-5.672,0.119058
7329,-5.671,0.119058
7330,-5.67,0.119058
7331,-5.669,0.119058
7332,-5.668,0.119058
7333,-5.667,0.119058
7334,-5.666,0.119058
7335,-5.665,0.119058
7336,-5.664,0.119058
7337,-5.663,0.119058
7338,-5.662,0.119058
7339,-5.661,0.119058
7340,-5.66,0.119058
7341,-5.659,0.119058
7342,-5.658,0.119058
7343,-5.657,0.119058
7344,-5.656,0.119058
7345,-5.655,0.119058
7346,-5.654,0.119058
7347,-5.653,0.119058
7348,-5.652,0.119058
7349,-5.651,0.119058
7350,-5.65,0.119058
7351,-5.649,0.119058
7352,-5.648,0.119058
7353,-5.647,0.119058
7354,-5.646,0.119058
7355,-5.645,0.119058
7356,-5.644,0.119058
7357,-5.643,0.119058
7358,-5.642,0.119058
7359,-5.641,0.119058
7360,-5.64,0.119058
7361,-5.639,0.119058
7362,-5.638,0.119058
7363,-5.637,0.119058
7364,-5.636,0.119058
7365,-5.635,0.119058
7366,-5.634,0.119058
7367,-5.633,0.119058
7368,-5.632,0.119058
7369,-5.631,0.119058
7370,-5.63,0.119058
7371,-5.629,0.119058
7372,-5.628,0.119058
7373,-5.627,0.119058
7374,-5.626,0.119058
7375,-5.625,0.119058
7376,-5.624,0.119058
7377,-5.623,0.119058
7378,-5.622,0.119058
7379,-5.621,0.119058
7380,-5.62,0.119058
7381,-5.619,0.119058
7382,-5.618,0.119058
7383,-5.617,0.119058
7384,-5.616,0.119058
7385,-5.615,0.119058
7386,-5.614,0.119058
7387,-5.613,0.119058
7388,-5.612,0.119058
7389,-5.611,0.119058
7390,-5.61,0.119058
7391,-5.609,0.119058
7392,-5.608,0.119058
7393,-5.607,0.119058
7394,-5.606,0.119058
7395,-5.605,0.119058
7396,-5.604,0.119058
7397,-5.603,0.119058
7398,-5.602,0.119058
7399,-5.601,0.119058
7400,-5.6,0.119058
7401,-5.599,0.119058
7402,-5.598,0.119058
7403,-5.597,0.119058
7404,-5.596,0.119058
7405,-5.595,0.119058
7406,-5.594,0.119058
7407,-5.593,0.119058
7408,-5.592,0.119058
7409,-5.591,0.119058
7410,-5.59,0.119058
7411,-5.589,0.119058
7412,-5.588,0.119058
7413,-5.587,0.119058
7414,-5.586,0.119058
7415,-5.585,0.119058
7416,-5.584,0.119058
7417,-5.583,0.119058
7418,-5.582,0.119058
7419,-5.581,0.119058
7420,-5.58,0.119058
7421,-5.579,0.119058
7422,-5.578,0.119058
7423,-5.577,0.119058
7424,-5.576,0.119058
7425,-5.575,0.119058
7426,-5.574,0.119058
7427,-5.573,0.119058
7428,-5.572,0.119058
7429,-5.571,0.119058
7430,-5.57,0.119058
7431,-5.569,0.119058
7432,-5.568,0.119058
7433,-5.567,0.119058
7434,-5.566,0.119058
7435,-5.565,0.119058
7436,-5.564,0.119058
7437,-5.563,0.119058
7438,-5.562,0.119058
7439,-5.561,0.119058
7440,-5.56,0.119058
7441,-5.559,0.119058
7442,-5.558,0.119058
7443,-5.557,0.119058
7444,-5.556,0.119058
7445,-5.555,0.119058
7446,-5.554,0.119058
7447,-5.553,0.119058
7448,-5.552,0.119058
7449,-5.551,0.119058
7450,-5.55,0.119058
7451,-5.549,0.119058
7452,-5.548,0.119058
7453,-5.547,0.119058
7454,-5.546,0.119058
7455,-5.545,0.119058
7456,-5.544,0.119058
7457,-5.543,0.119058
7458,-5.542,0.119058
7459,-5.541,0.119058
7460,-5.54,0.119058
7461,-5.539,0.119058
7462,-5.538,0.119058
7463,-5.537,0.119058
7464,-5.536,0.119058
7465,-5.535,0.119058
7466,-5.534,0.119058
7467,-5.533,0.119058
7468,-5.532,0.119058
7469,-5.531,0.119058
7470,-5.53,0.119058
7471,-5.529,0.119058
7472,-5.528,0.119058
7473,-5.527,0.119058
7474,-5.526,0.119058
7475,-5.525,0.119058
7476,-5.524,0.119058
7477,-5.523,0.119058
7478,-5.522,0.119058
7479,-5.521,0.119058
7480,-5.52,0.119058
7481,-5.519,0.119058
7482,-5.518,0.119058
7483,-5.517,0.119058
7484,-5.516,0.119058
7485,-5.515,0.119058
7486,-5.514,0.119058
7487,-5.513,0.119058
7488,-5.512,0.119058
7489,-5.511,0.119058
7490,-5.51,0.119058
7491,-5.509,0.119058
7492,-5.508,0.119058
7493,-5.507,0.119058
7494,-5.506,0.119058
7495,-5.505,0.119058
7496,-5.504,0.119058
7497,-5.503,0.119058
7498,-5.502,0.119058
7499,-5.501,0.119058
7500,-5.5,0.119058
7501,-5.499,0.119058
7502,-5.498,0.119058
7503,-5.497,0.119058
7504,-5.496,0.119058
7505,-5.495,0.119058
7506,-5.494,0.119058
7507,-5.493,0.119058
7508,-5.492,0.119058
7509,-5.491,0.119058
7510,-5.49,0.119058
7511,-5.489,0.119058
7512,-5.488,0.119058
7513,-5.487,0.119058
7514,-5.486,0.119058
7515,-5.485,0.119058
7516,-5.484,0.119058
7517,-5.483,0.119058
7518,-5.482,0.119058
7519,-5.481,0.119058
7520,-5.48,0.119058
7521,-5.479,0.119058
7522,-5.478,0.119058
7523,-5.477,0.119058
7524,-5.476,0.119058
7525,-5.475,0.119058
7526,-5.474,0.119058
7527,-5.473,0.119058
7528,-5.472,0.119058
7529,-5.471,0.119058
7530,-5.47,0.119058
7531,-5.469,0.119058
7532,-5.468,0.119058
7533,-5.467,0.119058
7534,-5.466,0.119058
7535,-5.465,0.119058
7536,-5.464,0.119058
7537,-5.463,0.119058
7538,-5.462,0.119058
7539,-5.461,0.119058
7540,-5.46,0.119058
7541,-5.459,0.119058
7542,-5.458,0.119058
7543,-5.457,0.119058
7544,-5.456,0.119058
7545,-5.455,0.119058
7546,-5.454,0.119058
7547,-5.453,0.119058
7548,-5.452,0.119058
7549,-5.451,0.119058
7550,-5.45,0.119058
7551,-5.449,0.119058
7552,-5.448,0.119058
7553,-5.447,0.119058
7554,-5.446,0.119058
7555,-5.445,0.119058
7556,-5.444,0.119058
7557,-5.443,0.119058
7558,-5.442,0.119058
7559,-5.441,0.119058
7560,-5.44,0.119058
7561,-5.439,0.119058
7562,-5.438,0.119058
7563,-5.437,0.119058
7564,-5.436,0.119058
7565,-5.435,0.119058
7566,-5.434,0.119058
7567,-5.433,0.119058
7568,-5.432,0.119058
7569,-5.431,0.119058
7570,-5.43,0.119058
7571,-5.429,0.119058
7572,-5.428,0.119058
7573,-5.427,0.119058
7574,-5.426,0.119058
7575,-5.425,0.119058
7576,-5.424,0.119058
7577,-5.423,0.119058
7578,-5.422,0.119058
7579,-5.421,0.119058
7580,-5.42,0.119058
7581,-5.419,0.119058
7582,-5.418,0.119058
7583,-5.417,0.119058
7584,-5.416,0.119058
7585,-5.415,0.119058
7586,-5.414,0.119058
7587,-5.413,0.119058
7588,-5.412,0.119058
7589,-5.411,0.119058
7590,-5.41,0.119058
7591,-5.409,0.119058
7592,-5.408,0.119058
7593,-5.407,0.119058
7594,-5.406,0.119058
7595,-5.405,0.119058
7596,-5.404,0.119058
7597,-5.403,0.119058
7598,-5.402,0.119058
7599,-5.401,0.119058
7600,-5.4,0.119058
7601,-5.399,0.119058
7602,-5.398,0.119058
7603,-5.397,0.119058
7604,-5.396,0.119058
7605,-5.395,0.119058
7606,-5.394,0.119058
7607,-5.393,0.119058
7608,-5.392,0.119058
7609,-5.391,0.119058
7610,-5.39,0.119058
7611,-5.389,0.119058
7612,-5.388,0.119058
7613,-5.387,0.119058
7614,-5.386,0.119058
7615,-5.385,0.119058
7616,-5.384,0.119058
7617,-5.383,0.119058
7618,-5.382,0.119058
7619,-5.381,0.119058
7620,-5.38,0.119058
7621,-5.379,0.119058
7622,-5.378,0.119058
7623,-5.377,0.119058
7624,-5.376,0.119058
7625,-5.375,0.119058
7626,-5.374,0.119058
7627,-5.373,0.119058
7628,-5.372,0.119058
7629,-5.371,0.119058
7630,-5.37,0.119058
7631,-5.369,0.119058
7632,-5.368,0.119058
7633,-5.367,0.119058
7634,-5.366,0.119058
7635,-5.365,0.119058
7636,-5.364,0.119058
7637,-5.363,0.119058
7638,-5.362,0.119058
7639,-5.361,0.119058
7640,-5.36,0.119058
7641,-5.359,0.119058
7642,-5.358,0.119058
7643,-5.357,0.119058
7644,-5.356,0.119058
7645,-5.355,0.119058
7646,-5.354,0.119058
7647,-5.353,0.119058
7648,-5.352,0.119058
7649,-5.351,0.119058
7650,-5.35,0.119058
7651,-5.349,0.119058
7652,-5.348,0.119058
7653,-5.347,0.119058
7654,-5.346,0.119058
7655,-5.345,0.119058
7656,-5.344,0.119058
7657,-5.343,0.119058
7658,-5.342,0.119058
7659,-5.341,0.119058
7660,-5.34,0.119058
7661,-5.339,0.119058
7662,-5.338,0.119058
7663,-5.337,0.119058
7664,-5.336,0.119058
7665,-5.335,0.119058
7666,-5.334,0.119058
7667,-5.333,0.119058
7668,-5.332,0.119058
7669,-5.331,0.119058
7670,-5.33,0.119058
7671,-5.329,0.119058
7672,-5.328,0.119058
7673,-5.327,0.119058
7674,-5.326,0.119058
7675,-5.325,0.119058
7676,-5.324,0.119058
7677,-5.323,0.119058
7678,-5.322,0.119058
7679,-5.321,0.119058
7680,-5.32,0.119058
7681,-5.319,0.119058
7682,-5.318,0.119058
7683,-5.317,0.119058
7684,-5.316,0.119058
7685,-5.315,0.119058
7686,-5.314,0.119058
7687,-5.313,0.119058
7688,-5.312,0.119058
7689,-5.311,0.119058
7690,-5.31,0.119058
7691,-5.309,0.119058
7692,-5.308,0.119058
7693,-5.307,0.119058
7694,-5.306,0.119058
7695,-5.305,0.119058
7696,-5.304,0.119058
7697,-5.303,0.119058
7698,-5.302,0.119058
7699,-5.301,0.119058
7700,-5.3,0.119058
7701,-5.299,0.119058
7702,-5.298,0.119058
7703,-5.297,0.119058
7704,-5.296,0.119058
7705,-5.295,0.119058
7706,-5.294,0.119058
7707,-5.293,0.119058
7708,-5.292,0.119058
7709,-5.291,0.119058
7710,-5.29,0.119058
7711,-5.289,0.119058
7712,-5.288,0.119058
7713,-5.287,0.119058
7714,-5.286,0.119058
7715,-5.285,0.119058
7716,-5.284,0.119058
7717,-5.283,0.119058
7718,-5.282,0.119058
7719,-5.281,0.119058
7720,-5.28,0.119058
7721,-5.279,0.119058
7722,-5.278,0.119058
7723,-5.277,0.119058
7724,-5.276,0.119058
7725,-5.275,0.119058
7726,-5.274,0.119058
7727,-5.273,0.119058
7728,-5.272,0.119058
7729,-5.271,0.119058
7730,-5.27,0.119058
7731,-5.269,0.119058
7732,-5.268,0.119058
7733,-5.267,0.119058
7734,-5.266,0.119058
7735,-5.265,0.119058
7736,-5.264,0.119058
7737,-5.263,0.119058
7738,-5.262,0.119058
7739,-5.261,0.119058
7740,-5.26,0.119058
7741,-5.259,0.119058
7742,-5.258,0.119058
7743,-5.257,0.119058
7744,-5.256,0.119058
7745,-5.255,0.119058
7746,-5.254,0.119058
7747,-5.253,0.119058
7748,-5.252,0.119058
7749,-5.251,0.119058
7750,-5.25,0.119058
7751,-5.249,0.119058
7752,-5.248,0.119058
7753,-5.247,0.119058
7754,-5.246,0.119058
7755,-5.245,0.119058
7756,-5.244,0.119058
7757,-5.243,0.119058
7758,-5.242,0.119058
7759,-5.241,0.119058
7760,-5.24,0.119058
7761,-5.239,0.119058
7762,-5.238,0.119058
7763,-5.237,0.119058
7764,-5.236,0.119058
7765,-5.235,0.119058
7766,-5.234,0.119058
7767,-5.233,0.119058
7768,-5.232,0.119058
7769,-5.231,0.119058
7770,-5.23,0.119058
7771,-5.229,0.119058
7772,-5.228,0.119058
7773,-5.227,0.119058
7774,-5.226,0.119058
7775,-5.225,0.119058
7776,-5.224,0.119058
7777,-5.223,0.119058
7778,-5.222,0.119058
7779,-5.221,0.119058
7780,-5.22,0.119058
7781,-5.219,0.119058
7782,-5.218,0.119058
7783,-5.217,0.119058
7784,-5.216,0.119058
7785,-5.215,0.119058
7786,-5.214,0.119058
7787,-5.213,0.119058
7788,-5.212,0.119058
7789,-5.211,0.119058
7790,-5.21,0.119058
7791,-5.209,0.119058
7792,-5.208,0.119058
7793,-5.207,0.119058
7794,-5.206,0.119058
7795,-5.205,0.119058
7796,-5.204,0.119058
7797,-5.203,0.119058
7798,-5.202,0.119058
7799,-5.201,0.119058
7800,-5.2,0.119058
7801,-5.199,0.119058
7802,-5.198,0.119058
7803,-5.197,0.119058
7804,-5.196,0.119058
7805,-5.195,0.119058
7806,-5.194,0.119058
7807,-5.193,0.119058
7808,-5.192,0.119058
7809,-5.191,0.119058
7810,-5.19,0.119058
7811,-5.189,0.119058
7812,-5.188,0.119058
7813,-5.187,0.119058
7814,-5.186,0.119058
7815,-5.185,0.119058
7816,-5.184,0.119058
7817,-5.183,0.119058
7818,-5.182,0.119058
7819,-5.181,0.119058
7820,-5.18,0.119058
7821,-5.179,0.119058
7822,-5.178,0.119058
7823,-5.177,0.119058
7824,-5.176,0.119058
7825,-5.175,0.119058
7826,-5.174,0.119058
7827,-5.173,0.119058
7828,-5.172,0.119058
7829,-5.171,0.119058
7830,-5.17,0.119058
7831,-5.169,0.119058
7832,-5.168,0.119058
7833,-5.167,0.119058
7834,-5.166,0.119058
7835,-5.165,0.119058
7836,-5.164,0.119058
7837,-5.163,0.119058
7838,-5.162,0.119058
7839,-5.161,0.119058
7840,-5.16,0.119058
7841,-5.159,0.119058
7842,-5.158,0.119058
7843,-5.157,0.119058
7844,-5.156,0.119058
7845,-5.155,0.119058
7846,-5.154,0.119058
7847,-5.153,0.119058
7848,-5.152,0.119058
7849,-5.151,0.119058
7850,-5.15,0.119058
7851,-5.149,0.119058
7852,-5.148,0.119058
7853,-5.147,0.119058
7854,-5.146,0.119058
7855,-5.145,0.119058
7856,-5.144,0.119058
7857,-5.143,0.119058
7858,-5.142,0.119058
7859,-5.141,0.119058
7860,-5.14,0.119058
7861,-5.139,0.119058
7862,-5.138,0.119058
7863,-5.137,0.119058
7864,-5.136,0.119058
7865,-5.135,0.119058
7866,-5.134,0.119058
7867,-5.133,0.119058
7868,-5.132,0.119058
7869,-5.131,0.119058
7870,-5.13,0.119058
7871,-5.129,0.119058
7872,-5.128,0.119058
7873,-5.127,0.119058
7874,-5.126,0.119058
7875,-5.125,0.119058
7876,-5.124,0.119058
7877,-5.123,0.119058
7878,-5.122,0.119058
7879,-5.121,0.119058
7880,-5.12,0.119058
7881,-5.119,0.119058
7882,-5.118,0.119058
7883,-5.117,0.119058
7884,-5.116,0.119058
7885,-5.115,0.119058
7886,-5.114,0.119058
7887,-5.113,0.119058
7888,-5.112,0.119058
7889,-5.111,0.119058
7890,-5.11,0.119058
7891,-5.109,0.119058
7892,-5.108,0.119058
7893,-5.107,0.119058
7894,-5.106,0.119058
7895,-5.105,0.119058
7896,-5.104,0.119058
7897,-5.103,0.119058
7898,-5.102,0.119058
7899,-5.101,0.119058
7900,-5.1,0.119058
7901,-5.099,0.119058
7902,-5.098,0.119058
7903,-5.097,0.119058
7904,-5.096,0.119058
7905,-5.095,0.119058
7906,-5.094,0.119058
7907,-5.093,0.119058
7908,-5.092,0.119058
7909,-5.091,0.119058
7910,-5.09,0.119058
7911,-5.089,0.119058
7912,-5.088,0.119058
7913,-5.087,0.119058
7914,-5.086,0.119058
7915,-5.085,0.119058
7916,-5.084,0.119058
7917,-5.083,0.119058
7918,-5.082,0.119058
7919,-5.081,0.119058
7920,-5.08,0.119058
7921,-5.079,0.119058
7922,-5.078,0.119058
7923,-5.077,0.119058
7924,-5.076,0.119058
7925,-5.075,0.119058
7926,-5.074,0.119058
7927,-5.073,0.119058
7928,-5.072,0.119058
7929,-5.071,0.119058
7930,-5.07,0.119058
7931,-5.069,0.119058
7932,-5.068,0.119058
7933,-5.067,0.119058
7934,-5.066,0.119058
7935,-5.065,0.119058
7936,-5.064,0.119058
7937,-5.063,0.119058
7938,-5.062,0.119058
7939,-5.061,0.119058
7940,-5.06,0.119058
7941,-5.059,0.119058
7942,-5.058,0.119058
7943,-5.057,0.119058
7944,-5.056,0.119058
7945,-5.055,0.119058
7946,-5.054,0.119058
7947,-5.053,0.119058
7948,-5.052,0.119058
7949,-5.051,0.119058
7950,-5.05,0.119058
7951,-5.049,0.119058
7952,-5.048,0.119058
7953,-5.047,0.119058
7954,-5.046,0.119058
7955,-5.045,0.119058
7956,-5.044,0.119058
7957,-5.043,0.119058
7958,-5.042,0.119058
7959,-5.041,0.119058
7960,-5.04,0.119058
7961,-5.039,0.119058
7962,-5.038,0.119058
7963,-5.037,0.119058
7964,-5.036,0.119058
7965,-5.035,0.119058
7966,-5.034,0.119058
7967,-5.033,0.119058
7968,-5.032,0.119058
7969,-5.031,0.119058
7970,-5.03,0.119058
7971,-5.029,0.119058
7972,-5.028,0.119058
7973,-5.027,0.119058
7974,-5.026,0.119058
7975,-5.025,0.119058
7976,-5.024,0.119058
7977,-5.023,0.119058
7978,-5.022,0.119058
7979,-5.021,0.119058
7980,-5.02,0.119058
7981,-5.019,0.119058
7982,-5.018,0.119058
7983,-5.017,0.119058
7984,-5.016,0.119058
7985,-5.015,0.119058
7986,-5.014,0.119058
7987,-5.013,0.119058
7988,-5.012,0.119058
7989,-5.011,0.119058
7990,-5.01,0.119058
7991,-5.009,0.119058
7992,-5.008,0.119058
7993,-5.007,0.119058
7994,-5.006,0.119058
7995,-5.005,0.119058
7996,-5.004,0.119058
7997,-5.003,0.119058
7998,-5.002,0.119058
7999,-5.001,0.119058
8000,-5,0.119058
8001,-4.999,0.119058
8002,-4.998,0.119058
8003,-4.997,0.119058
8004,-4.996,0.119058
8005,-4.995,0.119058
8006,-4.994,0.119058
8007,-4.993,0.119058
8008,-4.992,0.119058
8009,-4.991,0.119058
8010,-4.99,0.119058
8011,-4.989,0.119058
8012,-4.988,0.119058
8013,-4.987,0.119058
8014,-4.986,0.119058
8015,-4.985,0.119058
8016,-4.984,0.119058
8017,-4.983,0.119058
8018,-4.982,0.119058
8019,-4.981,0.119058
8020,-4.98,0.119058
8021,-4.979,0.119058
8022,-4.978,0.119058
8023,-4.977,0.119058
8024,-4.976,0.119058
8025,-4.975,0.119058
8026,-4.974,0.119058
8027,-4.973,0.119058
8028,-4.972,0.119058
8029,-4.971,0.119058
8030,-4.97,0.119058
8031,-4.969,0.119058
8032,-4.968,0.119058
8033,-4.967,0.119058
8034,-4.966,0.119058
8035,-4.965,0.119058
8036,-4.964,0.119058
8037,-4.963,0.119058
8038,-4.962,0.119058
8039,-4.961,0.119058
8040,-4.96,0.119058
8041,-4.959,0.119058
8042,-4.958,0.119058
8043,-4.957,0.119058
8044,-4.956,0.119058
8045,-4.955,0.119058
8046,-4.954,0.119058
8047,-4.953,0.119058
8048,-4.952,0.119058
8049,-4.951,0.119058
8050,-4.95,0.119058
8051,-4.949,0.119058
8052,-4.948,0.119058
8053,-4.947,0.119058
8054,-4.946,0.119058
8055,-4.945,0.119058
8056,-4.944,0.119058
8057,-4.943,0.119058
8058,-4.942,0.119058
8059,-4.941,0.119058
8060,-4.94,0.119058
8061,-4.939,0.119058
8062,-4.938,0.119058
8063,-4.937,0.119058
8064,-4.936,0.119058
8065,-4.935,0.119058
8066,-4.934,0.119058
8067,-4.933,0.119058
8068,-4.932,0.119058
8069,-4.931,0.119058
8070,-4.93,0.119058
8071,-4.929,0.119058
8072,-4.928,0.119058
8073,-4.927,0.119058
8074,-4.926,0.119058
8075,-4.925,0.119058
8076,-4.924,0.119058
8077,-4.923,0.119058
8078,-4.922,0.119058
8079,-4.921,0.119058
8080,-4.92,0.119058
8081,-4.919,0.119058
8082,-4.918,0.119058
8083,-4.917,0.119058
8084,-4.916,0.119058
8085,-4.915,0.119058
8086,-4.914,0.119058
8087,-4.913,0.119058
8088,-4.912,0.119058
8089,-4.911,0.119058
8090,-4.91,0.119058
8091,-4.909,0.119058
8092,-4.908,0.119058
8093,-4.907,0.119058
8094,-4.906,0.119058
8095,-4.905,0.119058
8096,-4.904,0.119058
8097,-4.903,0.119058
8098,-4.902,0.11558
8099,-4.901,0.183395
8100,-4.9,0.244255
8101,-4.899,0.25121
8102,-4.898,0.25121
8103,-4.897,0.25121
8104,-4.896,0.25121
8105,-4.895,0.244255
8106,-4.894,0.152096
8107,-4.893,0.136446
8108,-4.892,0.134707
8109,-4.891,0.134707
8110,-4.89,0.134707
8111,-4.889,0.134707
8112,-4.888,0.134707
8113,-4.887,0.134707
8114,-4.886,0.134707
8115,-4.885,0.134707
8116,-4.884,0.134707
8117,-4.883,0.134707
8118,-4.882,0.134707
8119,-4.881,0.134707
8120,-4.88,0.134707
8121,-4.879,0.134707
8122,-4.878,0.134707
8123,-4.877,0.134707
8124,-4.876,0.134707
8125,-4.875,0.134707
8126,-4.874,0.134707
8127,-4.873,0.134707
8128,-4.872,0.134707
8129,-4.871,0.134707
8130,-4.87,0.134707
8131,-4.869,0.134707
8132,-4.868,0.134707
8133,-4.867,0.134707
8134,-4.866,0.134707
8135,-4.865,0.134707
8136,-4.864,0.134707
8137,-4.863,0.134707
8138,-4.862,0.134707
8139,-4.861,0.134707
8140,-4.86,0.134707
8141,-4.859,0.134707
8142,-4.858,0.134707
8143,-4.857,0.134707
8144,-4.856,0.134707
8145,-4.855,0.134707
8146,-4.854,0.134707
8147,-4.853,0.134707
8148,-4.852,0.134707
8149,-4.851,0.134707
8150,-4.85,0.134707
8151,-4.849,0.134707
8152,-4.848,0.134707
8153,-4.847,0.134707
8154,-4.846,0.134707
8155,-4.845,0.134707
8156,-4.844,0.134707
8157,-4.843,0.134707
8158,-4.842,0.134707
8159,-4.841,0.134707
8160,-4.84,0.134707
8161,-4.839,0.134707
8162,-4.838,0.134707
8163,-4.837,0.134707
8164,-4.836,0.134707
8165,-4.835,0.134707
8166,-4.834,0.134707
8167,-4.833,0.134707
8168,-4.832,0.134707
8169,-4.831,0.134707
8170,-4.83,0.134707
8171,-4.829,0.134707
8172,-4.828,0.134707
8173,-4.827,0.134707
8174,-4.826,0.134707
8175,-4.825,0.134707
8176,-4.824,0.134707
8177,-4.823,0.134707
8178,-4.822,0.134707
8179,-4.821,0.134707
8180,-4.82,0.134707
8181,-4.819,0.134707
8182,-4.818,0.134707
8183,-4.817,0.134707
8184,-4.816,0.134707
8185,-4.815,0.134707
8186,-4.814,0.134707
8187,-4.813,0.134707
8188,-4.812,0.134707
8189,-4.811,0.134707
8190,-4.81,0.134707
8191,-4.809,0.134707
8192,-4.808,0.134707
8193,-4.807,0.134707
8194,-4.806,0.134707
8195,-4.805,0.134707
8196,-4.804,0.134707
8197,-4.803,0.134707
8198,-4.802,0.134707
8199,-4.801,0.134707
8200,-4.8,0.134707
8201,-4.799,0.134707
8202,-4.798,0.134707
8203,-4.797,0.134707
8204,-4.796,0.134707
8205,-4.795,0.134707
8206,-4.794,0.134707
8207,-4.793,0.134707
8208,-4.792,0.134707
8209,-4.791,0.134707
8210,-4.79,0.134707
8211,-4.789,0.134707
8212,-4.788,0.134707
8213,-4.787,0.134707
8214,-4.786,0.134707
8215,-4.785,0.134707
8216,-4.784,0.134707
8217,-4.783,0.134707
8218,-4.782,0.134707
8219,-4.781,0.134707
8220,-4.78,0.134707
8221,-4.779,0.134707
8222,-4.778,0.134707
8223,-4.777,0.134707
8224,-4.776,0.134707
8225,-4.775,0.134707
8226,-4.774,0.134707
8227,-4.773,0.134707
8228,-4.772,0.134707
8229,-4.771,0.134707
8230,-4.77,0.134707
8231,-4.769,0.134707
8232,-4.768,0.134707
8233,-4.767,0.134707
8234,-4.766,0.134707
8235,-4.765,0.134707
8236,-4.764,0.134707
8237,-4.763,0.134707
8238,-4.762,0.134707
8239,-4.761,0.134707
8240,-4.76,0.134707
8241,-4.759,0.134707
8242,-4.758,0.134707
8243,-4.757,0.134707
8244,-4.756,0.134707
8245,-4.755,0.134707
8246,-4.754,0.134707
8247,-4.753,0.134707
8248,-4.752,0.134707
8249,-4.751,0.134707
8250,-4.75,0.162529
8251,-4.749,0.25121
8252,-4.748,0.263382
8253,-4.747,0.265121
8254,-4.746,0.265121
8255,-4.745,0.265121
8256,-4.744,0.265121
8257,-4.743,0.268599
8258,-4.742,0.265121
8259,-4.741,0.242516
8260,-4.74,0.150357
8261,-4.739,0.138185
8262,-4.738,0.134707
8263,-4.737,0.134707
8264,-4.736,0.134707
8265,-4.735,0.134707
8266,-4.734,0.134707
8267,-4.733,0.134707
8268,-4.732,0.134707
8269,-4.731,0.134707
8270,-4.73,0.134707
8271,-4.729,0.134707
8272,-4.728,0.134707
8273,-4.727,0.134707
8274,-4.726,0.134707
8275,-4.725,0.134707
8276,-4.724,0.134707
8277,-4.723,0.134707
8278,-4.722,0.134707
8279,-4.721,0.134707
8280,-4.72,0.134707
8281,-4.719,0.134707
8282,-4.718,0.134707
8283,-4.717,0.134707
8284,-4.716,0.134707
8285,-4.715,0.134707
8286,-4.714,0.134707
8287,-4.713,0.134707
8288,-4.712,0.134707
8289,-4.711,0.134707
8290,-4.71,0.134707
8291,-4.709,0.134707
8292,-4.708,0.134707
8293,-4.707,0.134707
8294,-4.706,0.134707
8295,-4.705,0.134707
8296,-4.704,0.134707
8297,-4.703,0.134707
8298,-4.702,0.134707
8299,-4.701,0.134707
8300,-4.7,0.134707
8301,-4.699,0.134707
8302,-4.698,0.134707
8303,-4.697,0.134707
8304,-4.696,0.134707
8305,-4.695,0.134707
8306,-4.694,0.134707
8307,-4.693,0.134707
8308,-4.692,0.134707
8309,-4.691,0.134707
8310,-4.69,0.134707
8311,-4.689,0.134707
8312,-4.688,0.134707
8313,-4.687,0.134707
8314,-4.686,0.134707
8315,-4.685,0.134707
8316,-4.684,0.134707
8317,-4.683,0.134707
8318,-4.682,0.134707
8319,-4.681,0.134707
8320,-4.68,0.134707
8321,-4.679,0.134707
8322,-4.678,0.134707
8323,-4.677,0.134707
8324,-4.676,0.134707
8325,-4.675,0.134707
8326,-4.674,0.134707
8327,-4.673,0.134707
8328,-4.672,0.134707
8329,-4.671,0.134707
8330,-4.67,0.134707
8331,-4.669,0.134707
8332,-4.668,0.134707
8333,-4.667,0.134707
8334,-4.666,0.134707
8335,-4.665,0.134707
8336,-4.664,0.134707
8337,-4.663,0.134707
8338,-4.662,0.134707
8339,-4.661,0.134707
8340,-4.66,0.134707
8341,-4.659,0.134707
8342,-4.658,0.134707
8343,-4.657,0.134707
8344,-4.656,0.134707
8345,-4.655,0.134707
8346,-4.654,0.134707
8347,-4.653,0.134707
8348,-4.652,0.134707
8349,-4.651,0.134707
8350,-4.65,0.134707
8351,-4.649,0.134707
8352,-4.648,0.134707
8353,-4.647,0.134707
8354,-4.646,0.134707
8355,-4.645,0.134707
8356,-4.644,0.134707
8357,-4.643,0.134707
8358,-4.642,0.134707
8359,-4.641,0.134707
8360,-4.64,0.134707
8361,-4.639,0.134707
8362,-4.638,0.134707
8363,-4.637,0.134707
8364,-4.636,0.134707
8365,-4.635,0.134707
8366,-4.634,0.134707
8367,-4.633,0.134707
8368,-4.632,0.134707
8369,-4.631,0.134707
8370,-4.63,0.134707
8371,-4.629,0.134707
8372,-4.628,0.134707
8373,-4.627,0.134707
8374,-4.626,0.134707
8375,-4.625,0.134707
8376,-4.624,0.134707
8377,-4.623,0.134707
8378,-4.622,0.134707
8379,-4.621,0.134707
8380,-4.62,0.134707
8381,-4.619,0.134707
8382,-4.618,0.134707
8383,-4.617,0.134707
8384,-4.616,0.134707
8385,-4.615,0.134707
8386,-4.614,0.134707
8387,-4.613,0.134707
8388,-4.612,0.134707
8389,-4.611,0.134707
8390,-4.61,0.134707
8391,-4.609,0.134707
8392,-4.608,0.134707
8393,-4.607,0.134707
8394,-4.606,0.134707
8395,-4.605,0.134707
8396,-4.604,0.134707
8397,-4.603,0.134707
8398,-4.602,0.134707
8399,-4.601,0.134707
8400,-4.6,0.134707
8401,-4.599,0.134707
8402,-4.598,0.134707
8403,-4.597,0.134707
8404,-4.596,0.134707
8405,-4.595,0.134707
8406,-4.594,0.134707
8407,-4.593,0.134707
8408,-4.592,0.134707
8409,-4.591,0.134707
8410,-4.59,0.134707
8411,-4.589,0.134707
8412,-4.588,0.134707
8413,-4.587,0.134707
8414,-4.586,0.134707
8415,-4.585,0.134707
8416,-4.584,0.134707
8417,-4.583,0.134707
8418,-4.582,0.134707
8419,-4.581,0.134707
8420,-4.58,0.134707
8421,-4.579,0.134707
8422,-4.578,0.134707
8423,-4.577,0.134707
8424,-4.576,0.134707
8425,-4.575,0.134707
8426,-4.574,0.134707
8427,-4.573,0.134707
8428,-4.572,0.134707
8429,-4.571,0.134707
8430,-4.57,0.134707
8431,-4.569,0.134707
8432,-4.568,0.134707
8433,-4.567,0.134707
8434,-4.566,0.134707
8435,-4.565,0.134707
8436,-4.564,0.134707
8437,-4.563,0.134707
8438,-4.562,0.134707
8439,-4.561,0.134707
8440,-4.56,0.134707
8441,-4.559,0.134707
8442,-4.558,0.134707
8443,-4.557,0.134707
8444,-4.556,0.134707
8445,-4.555,0.134707
8446,-4.554,0.134707
8447,-4.553,0.134707
8448,-4.552,0.134707
8449,-4.551,0.134707
8450,-4.55,0.134707
8451,-4.549,0.134707
8452,-4.548,0.134707
8453,-4.547,0.134707
8454,-4.546,0.134707
8455,-4.545,0.134707
8456,-4.544,0.134707
8457,-4.543,0.134707
8458,-4.542,0.134707
8459,-4.541,0.134707
8460,-4.54,0.134707
8461,-4.539,0.134707
8462,-4.538,0.134707
8463,-4.537,0.134707
8464,-4.536,0.134707
8465,-4.535,0.134707
8466,-4.534,0.134707
8467,-4.533,0.134707
8468,-4.532,0.134707
8469,-4.531,0.134707
8470,-4.53,0.134707
8471,-4.529,0.134707
8472,-4.528,0.134707
8473,-4.527,0.134707
8474,-4.526,0.134707
8475,-4.525,0.134707
8476,-4.524,0.134707
8477,-4.523,0.134707
8478,-4.522,0.134707
8479,-4.521,0.134707
8480,-4.52,0.134707
8481,-4.519,0.134707
8482,-4.518,0.134707
8483,-4.517,0.134707
8484,-4.516,0.134707
8485,-4.515,0.134707
8486,-4.514,0.134707
8487,-4.513,0.134707
8488,-4.512,0.134707
8489,-4.511,0.134707
8490,-4.51,0.134707
8491,-4.509,0.134707
8492,-4.508,0.134707
8493,-4.507,0.134707
8494,-4.506,0.134707
8495,-4.505,0.134707
8496,-4.504,0.134707
8497,-4.503,0.134707
8498,-4.502,0.134707
8499,-4.501,0.134707
8500,-4.5,0.134707
8501,-4.499,0.134707
8502,-4.498,0.134707
8503,-4.497,0.134707
8504,-4.496,0.134707
8505,-4.495,0.134707
8506,-4.494,0.134707
8507,-4.493,0.134707
8508,-4.492,0.134707
8509,-4.491,0.134707
8510,-4.49,0.134707
8511,-4.489,0.134707
8512,-4.488,0.134707
8513,-4.487,0.134707
8514,-4.486,0.134707
8515,-4.485,0.134707
8516,-4.484,0.134707
8517,-4.483,0.134707
8518,-4.482,0.134707
8519,-4.481,0.134707
8520,-4.48,0.134707
8521,-4.479,0.134707
8522,-4.478,0.134707
8523,-4.477,0.134707
8524,-4.476,0.134707
8525,-4.475,0.134707
8526,-4.474,0.134707
8527,-4.473,0.134707
8528,-4.472,0.134707
8529,-4.471,0.134707
8530,-4.47,0.134707
8531,-4.469,0.134707
8532,-4.468,0.134707
8533,-4.467,0.134707
8534,-4.466,0.134707
8535,-4.465,0.134707
8536,-4.464,0.134707
8537,-4.463,0.134707
8538,-4.462,0.134707
8539,-4.461,0.134707
8540,-4.46,0.134707
8541,-4.459,0.134707
8542,-4.458,0.134707
8543,-4.457,0.134707
8544,-4.456,0.134707
8545,-4.455,0.134707
8546,-4.454,0.134707
8547,-4.453,0.134707
8548,-4.452,0.134707
8549,-4.451,0.134707
8550,-4.45,0.134707
8551,-4.449,0.134707
8552,-4.448,0.134707
8553,-4.447,0.134707
8554,-4.446,0.134707
8555,-4.445,0.134707
8556,-4.444,0.134707
8557,-4.443,0.134707
8558,-4.442,0.134707
8559,-4.441,0.134707
8560,-4.44,0.134707
8561,-4.439,0.134707
8562,-4.438,0.134707
8563,-4.437,0.134707
8564,-4.436,0.134707
8565,-4.435,0.134707
8566,-4.434,0.134707
8567,-4.433,0.134707
8568,-4.432,0.134707
8569,-4.431,0.134707
8570,-4.43,0.134707
8571,-4.429,0.134707
8572,-4.428,0.134707
8573,-4.427,0.134707
8574,-4.426,0.134707
8575,-4.425,0.134707
8576,-4.424,0.134707
8577,-4.423,0.134707
8578,-4.422,0.134707
8579,-4.421,0.134707
8580,-4.42,0.134707
8581,-4.419,0.134707
8582,-4.418,0.134707
8583,-4.417,0.134707
8584,-4.416,0.134707
8585,-4.415,0.134707
8586,-4.414,0.134707
8587,-4.413,0.134707
8588,-4.412,0.134707
8589,-4.411,0.134707
8590,-4.41,0.134707
8591,-4.409,0.134707
8592,-4.408,0.134707
8593,-4.407,0.134707
8594,-4.406,0.134707
8595,-4.405,0.134707
8596,-4.404,0.134707
8597,-4.403,0.134707
8598,-4.402,0.134707
8599,-4.401,0.134707
8600,-4.4,0.134707
8601,-4.399,0.134707
8602,-4.398,0.134707
8603,-4.397,0.134707
8604,-4.396,0.134707
8605,-4.395,0.134707
8606,-4.394,0.134707
8607,-4.393,0.134707
8608,-4.392,0.134707
8609,-4.391,0.134707
8610,-4.39,0.134707
8611,-4.389,0.134707
8612,-4.388,0.134707
8613,-4.387,0.134707
8614,-4.386,0.134707
8615,-4.385,0.134707
8616,-4.384,0.134707
8617,-4.383,0.134707
8618,-4.382,0.134707
8619,-4.381,0.134707
8620,-4.38,0.134707
8621,-4.379,0.134707
8622,-4.378,0.134707
8623,-4.377,0.134707
8624,-4.376,0.134707
8625,-4.375,0.134707
8626,-4.374,0.134707
8627,-4.373,0.134707
8628,-4.372,0.134707
8629,-4.371,0.134707
8630,-4.37,0.134707
8631,-4.369,0.134707
8632,-4.368,0.134707
8633,-4.367,0.134707
8634,-4.366,0.134707
8635,-4.365,0.134707
8636,-4.364,0.134707
8637,-4.363,0.134707
8638,-4.362,0.134707
8639,-4.361,0.134707
8640,-4.36,0.134707
8641,-4.359,0.134707
8642,-4.358,0.134707
8643,-4.357,0.134707
8644,-4.356,0.134707
8645,-4.355,0.134707
8646,-4.354,0.134707
8647,-4.353,0.134707
8648,-4.352,0.134707
8649,-4.351,0.134707
8650,-4.35,0.134707
8651,-4.349,0.134707
8652,-4.348,0.134707
8653,-4.347,0.134707
8654,-4.346,0.134707
8655,-4.345,0.134707
8656,-4.344,0.134707
8657,-4.343,0.134707
8658,-4.342,0.134707
8659,-4.341,0.134707
8660,-4.34,0.134707
8661,-4.339,0.134707
8662,-4.338,0.134707
8663,-4.337,0.134707
8664,-4.336,0.134707
8665,-4.335,0.134707
8666,-4.334,0.134707
8667,-4.333,0.134707
8668,-4.332,0.134707
8669,-4.331,0.134707
8670,-4.33,0.134707
8671,-4.329,0.134707
8672,-4.328,0.134707
8673,-4.327,0.134707
8674,-4.326,0.134707
8675,-4.325,0.134707
8676,-4.324,0.134707
8677,-4.323,0.134707
8678,-4.322,0.134707
8679,-4.321,0.134707
8680,-4.32,0.134707
8681,-4.319,0.134707
8682,-4.318,0.134707
8683,-4.317,0.134707
8684,-4.316,0.134707
8685,-4.315,0.134707
8686,-4.314,0.134707
8687,-4.313,0.134707
8688,-4.312,0.134707
8689,-4.311,0.134707
8690,-4.31,0.134707
8691,-4.309,0.134707
8692,-4.308,0.134707
8693,-4.307,0.134707
8694,-4.306,0.134707
8695,-4.305,0.134707
8696,-4.304,0.134707
8697,-4.303,0.134707
8698,-4.302,0.134707
8699,-4.301,0.134707
8700,-4.3,0.134707
8701,-4.299,0.134707
8702,-4.298,0.134707
8703,-4.297,0.134707
8704,-4.296,0.134707
8705,-4.295,0.134707
8706,-4.294,0.134707
8707,-4.293,0.134707
8708,-4.292,0.134707
8709,-4.291,0.134707
8710,-4.29,0.134707
8711,-4.289,0.134707
8712,-4.288,0.134707
8713,-4.287,0.134707
8714,-4.286,0.134707
8715,-4.285,0.134707
8716,-4.284,0.134707
8717,-4.283,0.134707
8718,-4.282,0.134707
8719,-4.281,0.134707
8720,-4.28,0.134707
8721,-4.279,0.134707
8722,-4.278,0.134707
8723,-4.277,0.134707
8724,-4.276,0.134707
8725,-4.275,0.134707
8726,-4.274,0.134707
8727,-4.273,0.134707
8728,-4.272,0.134707
8729,-4.271,0.134707
8730,-4.27,0.134707
8731,-4.269,0.134707
8732,-4.268,0.134707
8733,-4.267,0.134707
8734,-4.266,0.134707
8735,-4.265,0.134707
8736,-4.264,0.134707
8737,-4.263,0.134707
8738,-4.262,0.134707
8739,-4.261,0.134707
8740,-4.26,0.134707
8741,-4.259,0.134707
8742,-4.258,0.134707
8743,-4.257,0.134707
8744,-4.256,0.134707
8745,-4.255,0.134707
8746,-4.254,0.134707
8747,-4.253,0.134707
8748,-4.252,0.134707
8749,-4.251,0.134707
8750,-4.25,0.134707
8751,-4.249,0.134707
8752,-4.248,0.134707
8753,-4.247,0.134707
8754,-4.246,0.134707
8755,-4.245,0.134707
8756,-4.244,0.134707
8757,-4.243,0.134707
8758,-4.242,0.134707
8759,-4.241,0.134707
8760,-4.24,0.134707
8761,-4.239,0.134707
8762,-4.238,0.134707
8763,-4.237,0.134707
8764,-4.236,0.134707
8765,-4.235,0.134707
8766,-4.234,0.134707
8767,-4.233,0.134707
8768,-4.232,0.134707
8769,-4.231,0.134707
8770,-4.23,0.134707
8771,-4.229,0.134707
8772,-4.228,0.134707
8773,-4.227,0.134707
8774,-4.226,0.134707
8775,-4.225,0.134707
8776,-4.224,0.134707
8777,-4.223,0.134707
8778,-4.222,0.134707
8779,-4.221,0.134707
8780,-4.22,0.134707
8781,-4.219,0.134707
8782,-4.218,0.134707
8783,-4.217,0.134707
8784,-4.216,0.134707
8785,-4.215,0.134707
8786,-4.214,0.134707
8787,-4.213,0.134707
8788,-4.212,0.134707
8789,-4.211,0.134707
8790,-4.21,0.134707
8791,-4.209,0.134707
8792,-4.208,0.134707
8793,-4.207,0.134707
8794,-4.206,0.134707
8795,-4.205,0.134707
8796,-4.204,0.134707
8797,-4.203,0.134707
8798,-4.202,0.134707
8799,-4.201,0.134707
8800,-4.2,0.134707
8801,-4.199,0.134707
8802,-4.198,0.134707
8803,-4.197,0.134707
8804,-4.196,0.134707
8805,-4.195,0.134707
8806,-4.194,0.134707
8807,-4.193,0.134707
8808,-4.192,0.134707
8809,-4.191,0.134707
8810,-4.19,0.134707
8811,-4.189,0.134707
8812,-4.188,0.134707
8813,-4.187,0.134707
8814,-4.186,0.134707
8815,-4.185,0.134707
8816,-4.184,0.134707
8817,-4.183,0.134707
8818,-4.182,0.134707
8819,-4.181,0.134707
8820,-4.18,0.134707
8821,-4.179,0.134707
8822,-4.178,0.134707
8823,-4.177,0.134707
8824,-4.176,0.134707
8825,-4.175,0.134707
8826,-4.174,0.134707
8827,-4.173,0.134707
8828,-4.172,0.134707
8829,-4.171,0.134707
8830,-4.17,0.134707
8831,-4.169,0.134707
8832,-4.168,0.134707
8833,-4.167,0.134707
8834,-4.166,0.134707
8835,-4.165,0.134707
8836,-4.164,0.134707
8837,-4.163,0.134707
8838,-4.162,0.134707
8839,-4.161,0.134707
8840,-4.16,0.134707
8841,-4.159,0.134707
8842,-4.158,0.134707
8843,-4.157,0.134707
8844,-4.156,0.134707
8845,-4.155,0.134707
8846,-4.154,0.134707
8847,-4.153,0.134707
8848,-4.152,0.134707
8849,-4.151,0.134707
8850,-4.15,0.134707
8851,-4.149,0.134707
8852,-4.148,0.134707
8853,-4.147,0.134707
8854,-4.146,0.134707
8855,-4.145,0.134707
8856,-4.144,0.134707
8857,-4.143,0.134707
8858,-4.142,0.134707
8859,-4.141,0.134707
8860,-4.14,0.134707
8861,-4.139,0.134707
8862,-4.138,0.134707
8863,-4.137,0.134707
8864,-4.136,0.134707
8865,-4.135,0.134707
8866,-4.134,0.134707
8867,-4.133,0.134707
8868,-4.132,0.134707
8869,-4.131,0.134707
8870,-4.13,0.134707
8871,-4.129,0.134707
8872,-4.128,0.134707
8873,-4.127,0.134707
8874,-4.126,0.134707
8875,-4.125,0.134707
8876,-4.124,0.134707
8877,-4.123,0.134707
8878,-4.122,0.134707
8879,-4.121,0.134707
8880,-4.12,0.134707
8881,-4.119,0.134707
8882,-4.118,0.134707
8883,-4.117,0.134707
8884,-4.116,0.134707
8885,-4.115,0.134707
8886,-4.114,0.134707
8887,-4.113,0.134707
8888,-4.112,0.134707
8889,-4.111,0.134707
8890,-4.11,0.134707
8891,-4.109,0.134707
8892,-4.108,0.134707
8893,-4.107,0.134707
8894,-4.106,0.134707
8895,-4.105,0.134707
8896,-4.104,0.134707
8897,-4.103,0.134707
8898,-4.102,0.134707
8899,-4.101,0.134707
8900,-4.1,0.134707
8901,-4.099,0.134707
8902,-4.098,0.134707
8903,-4.097,0.134707
8904,-4.096,0.134707
8905,-4.095,0.134707
8906,-4.094,0.134707
8907,-4.093,0.134707
8908,-4.092,0.134707
8909,-4.091,0.134707
8910,-4.09,0.134707
8911,-4.089,0.134707
8912,-4.088,0.134707
8913,-4.087,0.134707
8914,-4.086,0.134707
8915,-4.085,0.134707
8916,-4.084,0.134707
8917,-4.083,0.134707
8918,-4.082,0.134707
8919,-4.081,0.134707
8920,-4.08,0.134707
8921,-4.079,0.134707
8922,-4.078,0.134707
8923,-4.077,0.134707
8924,-4.076,0.134707
8925,-4.075,0.134707
8926,-4.074,0.134707
8927,-4.073,0.134707
8928,-4.072,0.134707
8929,-4.071,0.134707
8930,-4.07,0.134707
8931,-4.069,0.134707
8932,-4.068,0.134707
8933,-4.067,0.134707
8934,-4.066,0.134707
8935,-4.065,0.134707
8936,-4.064,0.134707
8937,-4.063,0.134707
8938,-4.062,0.134707
8939,-4.061,0.134707
8940,-4.06,0.134707
8941,-4.059,0.134707
8942,-4.058,0.134707
8943,-4.057,0.134707
8944,-4.056,0.134707
8945,-4.055,0.134707
8946,-4.054,0.134707
8947,-4.053,0.134707
8948,-4.052,0.134707
8949,-4.051,0.134707
8950,-4.05,0.134707
8951,-4.049,0.134707
8952,-4.048,0.134707
8953,-4.047,0.134707
8954,-4.046,0.134707
8955,-4.045,0.134707
8956,-4.044,0.134707
8957,-4.043,0.134707
8958,-4.042,0.134707
8959,-4.041,0.134707
8960,-4.04,0.134707
8961,-4.039,0.134707
8962,-4.038,0.134707
8963,-4.037,0.134707
8964,-4.036,0.134707
8965,-4.035,0.134707
8966,-4.034,0.134707
8967,-4.033,0.134707
8968,-4.032,0.134707
8969,-4.031,0.134707
8970,-4.03,0.134707
8971,-4.029,0.134707
8972,-4.028,0.134707
8973,-4.027,0.134707
8974,-4.026,0.134707
8975,-4.025,0.134707
8976,-4.024,0.134707
8977,-4.023,0.134707
8978,-4.022,0.134707
8979,-4.021,0.134707
8980,-4.02,0.134707
8981,-4.019,0.134707
8982,-4.018,0.134707
8983,-4.017,0.134707
8984,-4.016,0.134707
8985,-4.015,0.134707
8986,-4.014,0.134707
8987,-4.013,0.134707
8988,-4.012,0.134707
8989,-4.011,0.134707
8990,-4.01,0.134707
8991,-4.009,0.134707
8992,-4.008,0.134707
8993,-4.007,0.134707
8994,-4.006,0.134707
8995,-4.005,0.134707
8996,-4.004,0.134707
8997,-4.003,0.134707
8998,-4.002,0.134707
8999,-4.001,0.134707
9000,-4,0.134707
9001,-3.999,0.134707
9002,-3.998,0.134707
9003,-3.997,0.134707
9004,-3.996,0.134707
9005,-3.995,0.134707
9006,-3.994,0.134707
9007,-3.993,0.134707
9008,-3.992,0.134707
9009,-3.991,0.134707
9010,-3.99,0.134707
9011,-3.989,0.134707
9012,-3.988,0.134707
9013,-3.987,0.134707
9014,-3.986,0.134707
9015,-3.985,0.134707
9016,-3.984,0.134707
9017,-3.983,0.134707
9018,-3.982,0.134707
9019,-3.981,0.134707
9020,-3.98,0.134707
9021,-3.979,0.134707
9022,-3.978,0.134707
9023,-3.977,0.134707
9024,-3.976,0.134707
9025,-3.975,0.134707
9026,-3.974,0.134707
9027,-3.973,0.134707
9028,-3.972,0.134707
9029,-3.971,0.134707
9030,-3.97,0.134707
9031,-3.969,0.134707
9032,-3.968,0.134707
9033,-3.967,0.134707
9034,-3.966,0.134707
9035,-3.965,0.134707
9036,-3.964,0.134707
9037,-3.963,0.134707
9038,-3.962,0.134707
9039,-3.961,0.134707
9040,-3.96,0.134707
9041,-3.959,0.134707
9042,-3.958,0.134707
9043,-3.957,0.134707
9044,-3.956,0.134707
9045,-3.955,0.134707
9046,-3.954,0.134707
9047,-3.953,0.134707
9048,-3.952,0.134707
9049,-3.951,0.134707
9050,-3.95,0.134707
9051,-3.949,0.134707
9052,-3.948,0.134707
9053,-3.947,0.134707
9054,-3.946,0.134707
9055,-3.945,0.134707
9056,-3.944,0.134707
9057,-3.943,0.134707
9058,-3.942,0.134707
9059,-3.941,0.134707
9060,-3.94,0.134707
9061,-3.939,0.134707
9062,-3.938,0.134707
9063,-3.937,0.134707
9064,-3.936,0.134707
9065,-3.935,0.134707
9066,-3.934,0.134707
9067,-3.933,0.134707
9068,-3.932,0.134707
9069,-3.931,0.134707
9070,-3.93,0.134707
9071,-3.929,0.134707
9072,-3.928,0.134707
9073,-3.927,0.134707
9074,-3.926,0.134707
9075,-3.925,0.134707
9076,-3.924,0.134707
9077,-3.923,0.134707
9078,-3.922,0.134707
9079,-3.921,0.134707
9080,-3.92,0.134707
9081,-3.919,0.132969
9082,-3.918,0.17644
9083,-3.917,0.25121
9084,-3.916,0.256427
9085,-3.915,0.256427
9086,-3.914,0.259905
9087,-3.913,0.259905
9088,-3.912,0.259905
9089,-3.911,0.259905
9090,-3.91,0.259905
9091,-3.909,0.259905
9092,-3.908,0.263382
9093,-3.907,0.263382
9094,-3.906,0.263382
9095,-3.905,0.263382
9096,-3.904,0.263382
9097,-3.903,0.263382
9098,-3.902,0.263382
9099,-3.901,0.263382
9100,-3.9,0.263382
9101,-3.899,0.265121
9102,-3.898,0.265121
9103,-3.897,0.265121
9104,-3.896,0.265121
9105,-3.895,0.263382
9106,-3.894,0.263382
9107,-3.893,0.259905
9108,-3.892,0.263382
9109,-3.891,0.259905
9110,-3.89,0.263382
9111,-3.889,0.265121
9112,-3.888,0.270338
9113,-3.887,0.199045
9114,-3.886,0.141663
9115,-3.885,0.134707
9116,-3.884,0.134707
9117,-3.883,0.134707
9118,-3.882,0.134707
9119,-3.881,0.134707
9120,-3.88,0.134707
9121,-3.879,0.134707
9122,-3.878,0.134707
9123,-3.877,0.134707
9124,-3.876,0.134707
9125,-3.875,0.134707
9126,-3.874,0.134707
9127,-3.873,0.134707
9128,-3.872,0.134707
9129,-3.871,0.134707
9130,-3.87,0.134707
9131,-3.869,0.134707
9132,-3.868,0.134707
9133,-3.867,0.134707
9134,-3.866,0.134707
9135,-3.865,0.134707
9136,-3.864,0.134707
9137,-3.863,0.134707
9138,-3.862,0.134707
9139,-3.861,0.134707
9140,-3.86,0.134707
9141,-3.859,0.134707
9142,-3.858,0.134707
9143,-3.857,0.134707
9144,-3.856,0.134707
9145,-3.855,0.134707
9146,-3.854,0.134707
9147,-3.853,0.134707
9148,-3.852,0.134707
9149,-3.851,0.134707
9150,-3.85,0.134707
9151,-3.849,0.134707
9152,-3.848,0.134707
9153,-3.847,0.134707
9154,-3.846,0.134707
9155,-3.845,0.134707
9156,-3.844,0.134707
9157,-3.843,0.134707
9158,-3.842,0.134707
9159,-3.841,0.134707
9160,-3.84,0.134707
9161,-3.839,0.134707
9162,-3.838,0.134707
9163,-3.837,0.134707
9164,-3.836,0.134707
9165,-3.835,0.134707
9166,-3.834,0.134707
9167,-3.833,0.134707
9168,-3.832,0.134707
9169,-3.831,0.134707
9170,-3.83,0.134707
9171,-3.829,0.134707
9172,-3.828,0.134707
9173,-3.827,0.134707
9174,-3.826,0.134707
9175,-3.825,0.134707
9176,-3.824,0.134707
9177,-3.823,0.134707
9178,-3.822,0.134707
9179,-3.821,0.134707
9180,-3.82,0.134707
9181,-3.819,0.134707
9182,-3.818,0.134707
9183,-3.817,0.134707
9184,-3.816,0.134707
9185,-3.815,0.134707
9186,-3.814,0.134707
9187,-3.813,0.134707
9188,-3.812,0.134707
9189,-3.811,0.134707
9190,-3.81,0.134707
9191,-3.809,0.134707
9192,-3.808,0.134707
9193,-3.807,0.134707
9194,-3.806,0.134707
9195,-3.805,0.134707
9196,-3.804,0.134707
9197,-3.803,0.134707
9198,-3.802,0.134707
9199,-3.801,0.134707
9200,-3.8,0.134707
9201,-3.799,0.134707
9202,-3.798,0.134707
9203,-3.797,0.134707
9204,-3.796,0.134707
9205,-3.795,0.134707
9206,-3.794,0.134707
9207,-3.793,0.134707
9208,-3.792,0.134707
9209,-3.791,0.134707
9210,-3.79,0.134707
9211,-3.789,0.134707
9212,-3.788,0.134707
9213,-3.787,0.134707
9214,-3.786,0.134707
9215,-3.785,0.134707
9216,-3.784,0.134707
9217,-3.783,0.134707
9218,-3.782,0.134707
9219,-3.781,0.134707
9220,-3.78,0.134707
9221,-3.779,0.134707
9222,-3.778,0.134707
9223,-3.777,0.134707
9224,-3.776,0.134707
9225,-3.775,0.134707
9226,-3.774,0.134707
9227,-3.773,0.134707
9228,-3.772,0.134707
9229,-3.771,0.134707
9230,-3.77,0.134707
9231,-3.769,0.134707
9232,-3.768,0.134707
9233,-3.767,0.134707
9234,-3.766,0.134707
9235,-3.765,0.134707
9236,-3.764,0.134707
9237,-3.763,0.134707
9238,-3.762,0.134707
9239,-3.761,0.134707
9240,-3.76,0.134707
9241,-3.759,0.134707
9242,-3.758,0.134707
9243,-3.757,0.134707
9244,-3.756,0.134707
9245,-3.755,0.134707
9246,-3.754,0.134707
9247,-3.753,0.134707
9248,-3.752,0.134707
9249,-3.751,0.134707
9250,-3.75,0.134707
9251,-3.749,0.134707
9252,-3.748,0.134707
9253,-3.747,0.134707
9254,-3.746,0.134707
9255,-3.745,0.134707
9256,-3.744,0.134707
9257,-3.743,0.134707
9258,-3.742,0.134707
9259,-3.741,0.134707
9260,-3.74,0.134707
9261,-3.739,0.134707
9262,-3.738,0.134707
9263,-3.737,0.134707
9264,-3.736,0.134707
9265,-3.735,0.134707
9266,-3.734,0.134707
9267,-3.733,0.134707
9268,-3.732,0.134707
9269,-3.731,0.134707
9270,-3.73,0.134707
9271,-3.729,0.134707
9272,-3.728,0.134707
9273,-3.727,0.134707
9274,-3.726,0.134707
9275,-3.725,0.134707
9276,-3.724,0.134707
9277,-3.723,0.134707
9278,-3.722,0.134707
9279,-3.721,0.134707
9280,-3.72,0.134707
9281,-3.719,0.134707
9282,-3.718,0.134707
9283,-3.717,0.134707
9284,-3.716,0.134707
9285,-3.715,0.134707
9286,-3.714,0.134707
9287,-3.713,0.134707
9288,-3.712,0.134707
9289,-3.711,0.134707
9290,-3.71,0.134707
9291,-3.709,0.134707
9292,-3.708,0.134707
9293,-3.707,0.134707
9294,-3.706,0.134707
9295,-3.705,0.134707
9296,-3.704,0.134707
9297,-3.703,0.134707
9298,-3.702,0.134707
9299,-3.701,0.134707
9300,-3.7,0.134707
9301,-3.699,0.134707
9302,-3.698,0.134707
9303,-3.697,0.134707
9304,-3.696,0.134707
9305,-3.695,0.134707
9306,-3.694,0.134707
9307,-3.693,0.134707
9308,-3.692,0.134707
9309,-3.691,0.134707
9310,-3.69,0.134707
9311,-3.689,0.134707
9312,-3.688,0.134707
9313,-3.687,0.134707
9314,-3.686,0.134707
9315,-3.685,0.134707
9316,-3.684,0.134707
9317,-3.683,0.134707
9318,-3.682,0.134707
9319,-3.681,0.134707
9320,-3.68,0.134707
9321,-3.679,0.134707
9322,-3.678,0.134707
9323,-3.677,0.134707
9324,-3.676,0.134707
9325,-3.675,0.134707
9326,-3.674,0.134707
9327,-3.673,0.134707
9328,-3.672,0.134707
9329,-3.671,0.134707
9330,-3.67,0.134707
9331,-3.669,0.134707
9332,-3.668,0.134707
9333,-3.667,0.134707
9334,-3.666,0.134707
9335,-3.665,0.134707
9336,-3.664,0.134707
9337,-3.663,0.134707
9338,-3.662,0.134707
9339,-3.661,0.134707
9340,-3.66,0.134707
9341,-3.659,0.134707
9342,-3.658,0.134707
9343,-3.657,0.134707
9344,-3.656,0.134707
9345,-3.655,0.134707
9346,-3.654,0.134707
9347,-3.653,0.134707
9348,-3.652,0.134707
9349,-3.651,0.134707
9350,-3.65,0.134707
9351,-3.649,0.134707
9352,-3.648,0.134707
9353,-3.647,0.134707
9354,-3.646,0.134707
9355,-3.645,0.134707
9356,-3.644,0.134707
9357,-3.643,0.134707
9358,-3.642,0.134707
9359,-3.641,0.134707
9360,-3.64,0.134707
9361,-3.639,0.134707
9362,-3.638,0.134707
9363,-3.637,0.134707
9364,-3.636,0.134707
9365,-3.635,0.134707
9366,-3.634,0.134707
9367,-3.633,0.134707
9368,-3.632,0.134707
9369,-3.631,0.134707
9370,-3.63,0.134707
9371,-3.629,0.134707
9372,-3.628,0.134707
9373,-3.627,0.134707
9374,-3.626,0.134707
9375,-3.625,0.134707
9376,-3.624,0.134707
9377,-3.623,0.134707
9378,-3.622,0.134707
9379,-3.621,0.134707
9380,-3.62,0.134707
9381,-3.619,0.134707
9382,-3.618,0.134707
9383,-3.617,0.134707
9384,-3.616,0.134707
9385,-3.615,0.134707
9386,-3.614,0.134707
9387,-3.613,0.134707
9388,-3.612,0.134707
9389,-3.611,0.134707
9390,-3.61,0.134707
9391,-3.609,0.134707
9392,-3.608,0.134707
9393,-3.607,0.134707
9394,-3.606,0.134707
9395,-3.605,0.134707
9396,-3.604,0.134707
9397,-3.603,0.134707
9398,-3.602,0.134707
9399,-3.601,0.134707
9400,-3.6,0.134707
9401,-3.599,0.134707
9402,-3.598,0.134707
9403,-3.597,0.134707
9404,-3.596,0.134707
9405,-3.595,0.134707
9406,-3.594,0.134707
9407,-3.593,0.134707
9408,-3.592,0.134707
9409,-3.591,0.134707
9410,-3.59,0.134707
9411,-3.589,0.134707
9412,-3.588,0.134707
9413,-3.587,0.134707
9414,-3.586,0.134707
9415,-3.585,0.134707
9416,-3.584,0.134707
9417,-3.583,0.134707
9418,-3.582,0.134707
9419,-3.581,0.134707
9420,-3.58,0.134707
9421,-3.579,0.134707
9422,-3.578,0.134707
9423,-3.577,0.134707
9424,-3.576,0.134707
9425,-3.575,0.134707
9426,-3.574,0.134707
9427,-3.573,0.134707
9428,-3.572,0.134707
9429,-3.571,0.134707
9430,-3.57,0.134707
9431,-3.569,0.134707
9432,-3.568,0.134707
9433,-3.567,0.134707
9434,-3.566,0.134707
9435,-3.565,0.134707
9436,-3.564,0.134707
9437,-3.563,0.134707
9438,-3.562,0.134707
9439,-3.561,0.134707
9440,-3.56,0.134707
9441,-3.559,0.134707
9442,-3.558,0.134707
9443,-3.557,0.134707
9444,-3.556,0.134707
9445,-3.555,0.134707
9446,-3.554,0.134707
9447,-3.553,0.134707
9448,-3.552,0.134707
9449,-3.551,0.134707
9450,-3.55,0.134707
9451,-3.549,0.134707
9452,-3.548,0.134707
9453,-3.547,0.134707
9454,-3.546,0.134707
9455,-3.545,0.134707
9456,-3.544,0.134707
9457,-3.543,0.134707
9458,-3.542,0.134707
9459,-3.541,0.134707
9460,-3.54,0.134707
9461,-3.539,0.134707
9462,-3.538,0.134707
9463,-3.537,0.134707
9464,-3.536,0.134707
9465,-3.535,0.134707
9466,-3.534,0.134707
9467,-3.533,0.134707
9468,-3.532,0.134707
9469,-3.531,0.134707
9470,-3.53,0.134707
9471,-3.529,0.134707
9472,-3.528,0.134707
9473,-3.527,0.134707
9474,-3.526,0.134707
9475,-3.525,0.134707
9476,-3.524,0.134707
9477,-3.523,0.134707
9478,-3.522,0.134707
9479,-3.521,0.134707
9480,-3.52,0.134707
9481,-3.519,0.134707
9482,-3.518,0.134707
9483,-3.517,0.134707
9484,-3.516,0.134707
9485,-3.515,0.134707
9486,-3.514,0.134707
9487,-3.513,0.134707
9488,-3.512,0.134707
9489,-3.511,0.134707
9490,-3.51,0.134707
9491,-3.509,0.134707
9492,-3.508,0.134707
9493,-3.507,0.134707
9494,-3.506,0.134707
9495,-3.505,0.134707
9496,-3.504,0.134707
9497,-3.503,0.134707
9498,-3.502,0.134707
9499,-3.501,0.134707
9500,-3.5,0.134707
9501,-3.499,0.134707
9502,-3.498,0.134707
9503,-3.497,0.134707
9504,-3.496,0.134707
9505,-3.495,0.134707
9506,-3.494,0.134707
9507,-3.493,0.134707
9508,-3.492,0.134707
9509,-3.491,0.134707
9510,-3.49,0.134707
9511,-3.489,0.134707
9512,-3.488,0.134707
9513,-3.487,0.134707
9514,-3.486,0.134707
9515,-3.485,0.134707
9516,-3.484,0.134707
9517,-3.483,0.134707
9518,-3.482,0.134707
9519,-3.481,0.134707
9520,-3.48,0.134707
9521,-3.479,0.134707
9522,-3.478,0.134707
9523,-3.477,0.134707
9524,-3.476,0.134707
9525,-3.475,0.134707
9526,-3.474,0.134707
9527,-3.473,0.134707
9528,-3.472,0.134707
9529,-3.471,0.134707
9530,-3.47,0.134707
9531,-3.469,0.134707
9532,-3.468,0.134707
9533,-3.467,0.134707
9534,-3.466,0.134707
9535,-3.465,0.134707
9536,-3.464,0.134707
9537,-3.463,0.134707
9538,-3.462,0.134707
9539,-3.461,0.134707
9540,-3.46,0.134707
9541,-3.459,0.134707
9542,-3.458,0.134707
9543,-3.457,0.134707
9544,-3.456,0.134707
9545,-3.455,0.134707
9546,-3.454,0.134707
9547,-3.453,0.134707
9548,-3.452,0.134707
9549,-3.451,0.134707
9550,-3.45,0.134707
9551,-3.449,0.134707
9552,-3.448,0.134707
9553,-3.447,0.134707
9554,-3.446,0.134707
9555,-3.445,0.134707
9556,-3.444,0.134707
9557,-3.443,0.134707
9558,-3.442,0.134707
9559,-3.441,0.134707
9560,-3.44,0.134707
9561,-3.439,0.134707
9562,-3.438,0.134707
9563,-3.437,0.134707
9564,-3.436,0.134707
9565,-3.435,0.134707
9566,-3.434,0.134707
9567,-3.433,0.134707
9568,-3.432,0.134707
9569,-3.431,0.134707
9570,-3.43,0.134707
9571,-3.429,0.134707
9572,-3.428,0.134707
9573,-3.427,0.134707
9574,-3.426,0.134707
9575,-3.425,0.134707
9576,-3.424,0.134707
9577,-3.423,0.134707
9578,-3.422,0.134707
9579,-3.421,0.134707
9580,-3.42,0.134707
9581,-3.419,0.134707
9582,-3.418,0.134707
9583,-3.417,0.134707
9584,-3.416,0.134707
9585,-3.415,0.134707
9586,-3.414,0.134707
9587,-3.413,0.134707
9588,-3.412,0.134707
9589,-3.411,0.134707
9590,-3.41,0.134707
9591,-3.409,0.134707
9592,-3.408,0.134707
9593,-3.407,0.134707
9594,-3.406,0.134707
9595,-3.405,0.134707
9596,-3.404,0.134707
9597,-3.403,0.134707
9598,-3.402,0.134707
9599,-3.401,0.134707
9600,-3.4,0.134707
9601,-3.399,0.134707
9602,-3.398,0.134707
9603,-3.397,0.134707
9604,-3.396,0.134707
9605,-3.395,0.134707
9606,-3.394,0.134707
9607,-3.393,0.134707
9608,-3.392,0.134707
9609,-3.391,0.134707
9610,-3.39,0.134707
9611,-3.389,0.134707
9612,-3.388,0.134707
9613,-3.387,0.134707
9614,-3.386,0.134707
9615,-3.385,0.134707
9616,-3.384,0.134707
9617,-3.383,0.134707
9618,-3.382,0.134707
9619,-3.381,0.134707
9620,-3.38,0.134707
9621,-3.379,0.134707
9622,-3.378,0.134707
9623,-3.377,0.134707
9624,-3.376,0.134707
9625,-3.375,0.134707
9626,-3.374,0.134707
9627,-3.373,0.134707
9628,-3.372,0.134707
9629,-3.371,0.134707
9630,-3.37,0.134707
9631,-3.369,0.134707
9632,-3.368,0.134707
9633,-3.367,0.134707
9634,-3.366,0.134707
9635,-3.365,0.134707
9636,-3.364,0.134707
9637,-3.363,0.134707
9638,-3.362,0.134707
9639,-3.361,0.134707
9640,-3.36,0.134707
9641,-3.359,0.134707
9642,-3.358,0.134707
9643,-3.357,0.134707
9644,-3.356,0.134707
9645,-3.355,0.134707
9646,-3.354,0.134707
9647,-3.353,0.134707
9648,-3.352,0.134707
9649,-3.351,0.134707
9650,-3.35,0.134707
9651,-3.349,0.134707
9652,-3.348,0.134707
9653,-3.347,0.134707
9654,-3.346,0.134707
9655,-3.345,0.134707
9656,-3.344,0.134707
9657,-3.343,0.134707
9658,-3.342,0.134707
9659,-3.341,0.134707
9660,-3.34,0.134707
9661,-3.339,0.134707
9662,-3.338,0.134707
9663,-3.337,0.134707
9664,-3.336,0.134707
9665,-3.335,0.134707
9666,-3.334,0.134707
9667,-3.333,0.134707
9668,-3.332,0.134707
9669,-3.331,0.134707
9670,-3.33,0.134707
9671,-3.329,0.134707
9672,-3.328,0.134707
9673,-3.327,0.134707
9674,-3.326,0.134707
9675,-3.325,0.134707
9676,-3.324,0.134707
9677,-3.323,0.134707
9678,-3.322,0.134707
9679,-3.321,0.134707
9680,-3.32,0.134707
9681,-3.319,0.134707
9682,-3.318,0.134707
9683,-3.317,0.134707
9684,-3.316,0.134707
9685,-3.315,0.134707
9686,-3.314,0.134707
9687,-3.313,0.134707
9688,-3.312,0.134707
9689,-3.311,0.134707
9690,-3.31,0.134707
9691,-3.309,0.134707
9692,-3.308,0.134707
9693,-3.307,0.134707
9694,-3.306,0.134707
9695,-3.305,0.134707
9696,-3.304,0.134707
9697,-3.303,0.134707
9698,-3.302,0.134707
9699,-3.301,0.134707
9700,-3.3,0.134707
9701,-3.299,0.134707
9702,-3.298,0.134707
9703,-3.297,0.134707
9704,-3.296,0.134707
9705,-3.295,0.134707
9706,-3.294,0.134707
9707,-3.293,0.134707
9708,-3.292,0.134707
9709,-3.291,0.134707
9710,-3.29,0.134707
9711,-3.289,0.134707
9712,-3.288,0.134707
9713,-3.287,0.134707
9714,-3.286,0.134707
9715,-3.285,0.134707
9716,-3.284,0.134707
9717,-3.283,0.134707
9718,-3.282,0.134707
9719,-3.281,0.134707
9720,-3.28,0.134707
9721,-3.279,0.134707
9722,-3.278,0.134707
9723,-3.277,0.134707
9724,-3.276,0.134707
9725,-3.275,0.134707
9726,-3.274,0.134707
9727,-3.273,0.134707
9728,-3.272,0.134707
9729,-3.271,0.134707
9730,-3.27,0.134707
9731,-3.269,0.134707
9732,-3.268,0.134707
9733,-3.267,0.134707
9734,-3.266,0.134707
9735,-3.265,0.134707
9736,-3.264,0.134707
9737,-3.263,0.134707
9738,-3.262,0.134707
9739,-3.261,0.134707
9740,-3.26,0.134707
9741,-3.259,0.134707
9742,-3.258,0.134707
9743,-3.257,0.134707
9744,-3.256,0.134707
9745,-3.255,0.134707
9746,-3.254,0.134707
9747,-3.253,0.134707
9748,-3.252,0.134707
9749,-3.251,0.134707
9750,-3.25,0.134707
9751,-3.249,0.134707
9752,-3.248,0.134707
9753,-3.247,0.134707
9754,-3.246,0.134707
9755,-3.245,0.134707
9756,-3.244,0.134707
9757,-3.243,0.134707
9758,-3.242,0.134707
9759,-3.241,0.134707
9760,-3.24,0.134707
9761,-3.239,0.134707
9762,-3.238,0.134707
9763,-3.237,0.134707
9764,-3.236,0.134707
9765,-3.235,0.134707
9766,-3.234,0.134707
9767,-3.233,0.134707
9768,-3.232,0.134707
9769,-3.231,0.134707
9770,-3.23,0.134707
9771,-3.229,0.134707
9772,-3.228,0.134707
9773,-3.227,0.134707
9774,-3.226,0.134707
9775,-3.225,0.134707
9776,-3.224,0.134707
9777,-3.223,0.134707
9778,-3.222,0.134707
9779,-3.221,0.134707
9780,-3.22,0.134707
9781,-3.219,0.134707
9782,-3.218,0.134707
9783,-3.217,0.134707
9784,-3.216,0.134707
9785,-3.215,0.134707
9786,-3.214,0.134707
9787,-3.213,0.134707
9788,-3.212,0.134707
9789,-3.211,0.134707
9790,-3.21,0.134707
9791,-3.209,0.134707
9792,-3.208,0.134707
9793,-3.207,0.134707
9794,-3.206,0.134707
9795,-3.205,0.134707
9796,-3.204,0.134707
9797,-3.203,0.134707
9798,-3.202,0.134707
9799,-3.201,0.134707
9800,-3.2,0.134707
9801,-3.199,0.134707
9802,-3.198,0.134707
9803,-3.197,0.134707
9804,-3.196,0.134707
9805,-3.195,0.134707
9806,-3.194,0.134707
9807,-3.193,0.134707
9808,-3.192,0.134707
9809,-3.191,0.134707
9810,-3.19,0.134707
9811,-3.189,0.134707
9812,-3.188,0.134707
9813,-3.187,0.134707
9814,-3.186,0.134707
9815,-3.185,0.134707
9816,-3.184,0.134707
9817,-3.183,0.134707
9818,-3.182,0.134707
9819,-3.181,0.134707
9820,-3.18,0.134707
9821,-3.179,0.134707
9822,-3.178,0.134707
9823,-3.177,0.134707
9824,-3.176,0.134707
9825,-3.175,0.134707
9826,-3.174,0.134707
9827,-3.173,0.134707
9828,-3.172,0.134707
9829,-3.171,0.134707
9830,-3.17,0.134707
9831,-3.169,0.134707
9832,-3.168,0.134707
9833,-3.167,0.134707
9834,-3.166,0.134707
9835,-3.165,0.134707
9836,-3.164,0.134707
9837,-3.163,0.134707
9838,-3.162,0.134707
9839,-3.161,0.134707
9840,-3.16,0.134707
9841,-3.159,0.134707
9842,-3.158,0.134707
9843,-3.157,0.134707
9844,-3.156,0.134707
9845,-3.155,0.134707
9846,-3.154,0.134707
9847,-3.153,0.134707
9848,-3.152,0.134707
9849,-3.151,0.134707
9850,-3.15,0.134707
9851,-3.149,0.134707
9852,-3.148,0.134707
9853,-3.147,0.134707
9854,-3.146,0.134707
9855,-3.145,0.134707
9856,-3.144,0.134707
9857,-3.143,0.134707
9858,-3.142,0.134707
9859,-3.141,0.134707
9860,-3.14,0.134707
9861,-3.139,0.134707
9862,-3.138,0.134707
9863,-3.137,0.134707
9864,-3.136,0.134707
9865,-3.135,0.134707
9866,-3.134,0.134707
9867,-3.133,0.134707
9868,-3.132,0.134707
9869,-3.131,0.134707
9870,-3.13,0.134707
9871,-3.129,0.134707
9872,-3.128,0.134707
9873,-3.127,0.134707
9874,-3.126,0.134707
9875,-3.125,0.134707
9876,-3.124,0.134707
9877,-3.123,0.134707
9878,-3.122,0.134707
9879,-3.121,0.134707
9880,-3.12,0.134707
9881,-3.119,0.134707
9882,-3.118,0.134707
9883,-3.117,0.134707
9884,-3.116,0.134707
9885,-3.115,0.134707
9886,-3.114,0.134707
9887,-3.113,0.134707
9888,-3.112,0.134707
9889,-3.111,0.134707
9890,-3.11,0.134707
9891,-3.109,0.134707
9892,-3.108,0.134707
9893,-3.107,0.134707
9894,-3.106,0.134707
9895,-3.105,0.134707
9896,-3.104,0.134707
9897,-3.103,0.134707
9898,-3.102,0.134707
9899,-3.101,0.134707
9900,-3.1,0.134707
9901,-3.099,0.134707
9902,-3.098,0.134707
9903,-3.097,0.134707
9904,-3.096,0.134707
9905,-3.095,0.134707
9906,-3.094,0.134707
9907,-3.093,0.134707
9908,-3.092,0.134707
9909,-3.091,0.134707
9910,-3.09,0.134707
9911,-3.089,0.134707
9912,-3.088,0.134707
9913,-3.087,0.134707
9914,-3.086,0.134707
9915,-3.085,0.134707
9916,-3.084,0.134707
9917,-3.083,0.134707
9918,-3.082,0.134707
9919,-3.081,0.134707
9920,-3.08,0.134707
9921,-3.079,0.134707
9922,-3.078,0.134707
9923,-3.077,0.134707
9924,-3.076,0.134707
9925,-3.075,0.134707
9926,-3.074,0.134707
9927,-3.073,0.134707
9928,-3.072,0.134707
9929,-3.071,0.134707
9930,-3.07,0.134707
9931,-3.069,0.134707
9932,-3.068,0.134707
9933,-3.067,0.134707
9934,-3.066,0.134707
9935,-3.065,0.134707
9936,-3.064,0.134707
9937,-3.063,0.134707
9938,-3.062,0.134707
9939,-3.061,0.134707
9940,-3.06,0.134707
9941,-3.059,0.134707
9942,-3.058,0.134707
9943,-3.057,0.134707
9944,-3.056,0.134707
9945,-3.055,0.134707
9946,-3.054,0.134707
9947,-3.053,0.134707
9948,-3.052,0.134707
9949,-3.051,0.134707
9950,-3.05,0.134707
9951,-3.049,0.134707
9952,-3.048,0.134707
9953,-3.047,0.134707
9954,-3.046,0.134707
9955,-3.045,0.134707
9956,-3.044,0.134707
9957,-3.043,0.134707
9958,-3.042,0.134707
9959,-3.041,0.134707
9960,-3.04,0.134707
9961,-3.039,0.134707
9962,-3.038,0.134707
9963,-3.037,0.134707
9964,-3.036,0.134707
9965,-3.035,0.134707
9966,-3.034,0.134707
9967,-3.033,0.134707
9968,-3.032,0.134707
9969,-3.031,0.134707
9970,-3.03,0.134707
9971,-3.029,0.134707
9972,-3.028,0.134707
9973,-3.027,0.134707
9974,-3.026,0.134707
9975,-3.025,0.134707
9976,-3.024,0.134707
9977,-3.023,0.134707
9978,-3.022,0.134707
9979,-3.021,0.134707
9980,-3.02,0.134707
9981,-3.019,0.134707
9982,-3.018,0.134707
9983,-3.017,0.134707
9984,-3.016,0.134707
9985,-3.015,0.134707
9986,-3.014,0.134707
9987,-3.013,0.134707
9988,-3.012,0.134707
9989,-3.011,0.134707
9990,-3.01,0.134707
9991,-3.009,0.134707
9992,-3.008,0.134707
9993,-3.007,0.134707
9994,-3.006,0.134707
9995,-3.005,0.134707
9996,-3.004,0.134707
9997,-3.003,0.134707
9998,-3.002,0.134707
9999,-3.001,0.134707
10000,-3,0.134707
10001,-2.999,0.134707
10002,-2.998,0.134707
10003,-2.997,0.134707
10004,-2.996,0.134707
10005,-2.995,0.134707
10006,-2.994,0.134707
10007,-2.993,0.134707
10008,-2.992,0.134707
10009,-2.991,0.134707
10010,-2.99,0.134707
10011,-2.989,0.134707
10012,-2.988,0.134707
10013,-2.987,0.134707
10014,-2.986,0.134707
10015,-2.985,0.134707
10016,-2.984,0.134707
10017,-2.983,0.134707
10018,-2.982,0.134707
10019,-2.981,0.134707
10020,-2.98,0.134707
10021,-2.979,0.134707
10022,-2.978,0.134707
10023,-2.977,0.134707
10024,-2.976,0.134707
10025,-2.975,0.134707
10026,-2.974,0.134707
10027,-2.973,0.134707
10028,-2.972,0.134707
10029,-2.971,0.134707
10030,-2.97,0.134707
10031,-2.969,0.134707
10032,-2.968,0.134707
10033,-2.967,0.134707
10034,-2.966,0.134707
10035,-2.965,0.134707
10036,-2.964,0.134707
10037,-2.963,0.134707
10038,-2.962,0.134707
10039,-2.961,0.134707
10040,-2.96,0.134707
10041,-2.959,0.134707
10042,-2.958,0.134707
10043,-2.957,0.134707
10044,-2.956,0.134707
10045,-2.955,0.134707
10046,-2.954,0.134707
10047,-2.953,0.134707
10048,-2.952,0.134707
10049,-2.951,0.134707
10050,-2.95,0.134707
10051,-2.949,0.134707
10052,-2.948,0.134707
10053,-2.947,0.134707
10054,-2.946,0.134707
10055,-2.945,0.134707
10056,-2.944,0.134707
10057,-2.943,0.134707
10058,-2.942,0.13123
10059,-2.941,0.199045
10060,-2.94,0.252949
10061,-2.939,0.259905
10062,-2.938,0.259905
10063,-2.937,0.263382
10064,-2.936,0.263382
10065,-2.935,0.259905
10066,-2.934,0.259905
10067,-2.933,0.259905
10068,-2.932,0.259905
10069,-2.931,0.259905
10070,-2.93,0.259905
10071,-2.929,0.259905
10072,-2.928,0.263382
10073,-2.927,0.259905
10074,-2.926,0.263382
10075,-2.925,0.263382
10076,-2.924,0.263382
10077,-2.923,0.263382
10078,-2.922,0.263382
10079,-2.921,0.263382
10080,-2.92,0.263382
10081,-2.919,0.263382
10082,-2.918,0.263382
10083,-2.917,0.258166
10084,-2.916,0.263382
10085,-2.915,0.263382
10086,-2.914,0.263382
10087,-2.913,0.265121
10088,-2.912,0.265121
10089,-2.911,0.26686
10090,-2.91,0.265121
10091,-2.909,0.265121
10092,-2.908,0.265121
10093,-2.907,0.265121
10094,-2.906,0.26686
10095,-2.905,0.249472
10096,-2.904,0.245994
10097,-2.903,0.245994
10098,-2.902,0.245994
10099,-2.901,0.245994
10100,-2.9,0.245994
10101,-2.899,0.247733
10102,-2.898,0.245994
10103,-2.897,0.245994
10104,-2.896,0.245994
10105,-2.895,0.245994
10106,-2.894,0.247733
10107,-2.893,0.247733
10108,-2.892,0.247733
10109,-2.891,0.247733
10110,-2.89,0.247733
10111,-2.889,0.247733
10112,-2.888,0.247733
10113,-2.887,0.247733
10114,-2.886,0.247733
10115,-2.885,0.247733
10116,-2.884,0.249472
10117,-2.883,0.249472
10118,-2.882,0.249472
10119,-2.881,0.249472
10120,-2.88,0.249472
10121,-2.879,0.247733
10122,-2.878,0.247733
10123,-2.877,0.247733
10124,-2.876,0.247733
10125,-2.875,0.247733
10126,-2.874,0.249472
10127,-2.873,0.268599
10128,-2.872,0.265121
10129,-2.871,0.265121
10130,-2.87,0.265121
10131,-2.869,0.265121
10132,-2.868,0.265121
10133,-2.867,0.265121
10134,-2.866,0.265121
10135,-2.865,0.265121
10136,-2.864,0.265121
10137,-2.863,0.26686
10138,-2.862,0.272077
10139,-2.861,0.272077
10140,-2.86,0.272077
10141,-2.859,0.272077
10142,-2.858,0.272077
10143,-2.857,0.272077
10144,-2.856,0.272077
10145,-2.855,0.272077
10146,-2.854,0.272077
10147,-2.853,0.272077
10148,-2.852,0.272077
10149,-2.851,0.272077
10150,-2.85,0.272077
10151,-2.849,0.272077
10152,-2.848,0.272077
10153,-2.847,0.272077
10154,-2.846,0.273816
10155,-2.845,0.272077
10156,-2.844,0.272077
10157,-2.843,0.272077
10158,-2.842,0.272077
10159,-2.841,0.272077
10160,-2.84,0.272077
10161,-2.839,0.272077
10162,-2.838,0.272077
10163,-2.837,0.272077
10164,-2.836,0.272077
10165,-2.835,0.272077
10166,-2.834,0.272077
10167,-2.833,0.272077
10168,-2.832,0.272077
10169,-2.831,0.272077
10170,-2.83,0.272077
10171,-2.829,0.272077
10172,-2.828,0.272077
10173,-2.827,0.272077
10174,-2.826,0.272077
10175,-2.825,0.272077
10176,-2.824,0.272077
10177,-2.823,0.272077
10178,-2.822,0.272077
10179,-2.821,0.272077
10180,-2.82,0.272077
10181,-2.819,0.273816
10182,-2.818,0.272077
10183,-2.817,0.272077
10184,-2.816,0.272077
10185,-2.815,0.272077
10186,-2.814,0.272077
10187,-2.813,0.272077
10188,-2.812,0.272077
10189,-2.811,0.272077
10190,-2.81,0.272077
10191,-2.809,0.272077
10192,-2.808,0.273816
10193,-2.807,0.273816
10194,-2.806,0.273816
10195,-2.805,0.273816
10196,-2.804,0.272077
10197,-2.803,0.272077
10198,-2.802,0.272077
10199,-2.801,0.272077
10200,-2.8,0.272077
10201,-2.799,0.272077
10202,-2.798,0.272077
10203,-2.797,0.272077
10204,-2.796,0.272077
10205,-2.795,0.272077
10206,-2.794,0.272077
10207,-2.793,0.272077
10208,-2.792,0.272077
10209,-2.791,0.272077
10210,-2.79,0.272077
10211,-2.789,0.273816
10212,-2.788,0.273816
10213,-2.787,0.273816
10214,-2.786,0.272077
10215,-2.785,0.272077
10216,-2.784,0.272077
10217,-2.783,0.275554
10218,-2.782,0.272077
10219,-2.781,0.273816
10220,-2.78,0.272077
10221,-2.779,0.272077
10222,-2.778,0.273816
10223,-2.777,0.272077
10224,-2.776,0.272077
10225,-2.775,0.272077
10226,-2.774,0.272077
10227,-2.773,0.272077
10228,-2.772,0.272077
10229,-2.771,0.272077
10230,-2.77,0.272077
10231,-2.769,0.272077
10232,-2.768,0.272077
10233,-2.767,0.272077
10234,-2.766,0.272077
10235,-2.765,0.272077
10236,-2.764,0.272077
10237,-2.763,0.272077
10238,-2.762,0.272077
10239,-2.761,0.272077
10240,-2.76,0.273816
10241,-2.759,0.272077
10242,-2.758,0.272077
10243,-2.757,0.272077
10244,-2.756,0.272077
10245,-2.755,0.272077
10246,-2.754,0.272077
10247,-2.753,0.272077
10248,-2.752,0.272077
10249,-2.751,0.272077
10250,-2.75,0.272077
10251,-2.749,0.272077
10252,-2.748,0.272077
10253,-2.747,0.272077
10254,-2.746,0.273816
10255,-2.745,0.272077
10256,-2.744,0.272077
10257,-2.743,0.272077
10258,-2.742,0.272077
10259,-2.741,0.273816
10260,-2.74,0.272077
10261,-2.739,0.273816
10262,-2.738,0.273816
10263,-2.737,0.273816
10264,-2.736,0.272077
10265,-2.735,0.272077
10266,-2.734,0.272077
10267,-2.733,0.272077
10268,-2.732,0.273816
10269,-2.731,0.273816
10270,-2.73,0.273816
10271,-2.729,0.273816
10272,-2.728,0.273816
10273,-2.727,0.272077
10274,-2.726,0.273816
10275,-2.725,0.273816
10276,-2.724,0.272077
10277,-2.723,0.272077
10278,-2.722,0.273816
10279,-2.721,0.273816
10280,-2.72,0.272077
10281,-2.719,0.273816
10282,-2.718,0.273816
10283,-2.717,0.270338
10284,-2.716,0.273816
10285,-2.715,0.273816
10286,-2.714,0.272077
10287,-2.713,0.272077
10288,-2.712,0.272077
10289,-2.711,0.272077
10290,-2.71,0.272077
10291,-2.709,0.272077
10292,-2.708,0.272077
10293,-2.707,0.272077
10294,-2.706,0.272077
10295,-2.705,0.272077
10296,-2.704,0.272077
10297,-2.703,0.272077
10298,-2.702,0.272077
10299,-2.701,0.272077
10300,-2.7,0.272077
10301,-2.699,0.272077
10302,-2.698,0.272077
10303,-2.697,0.272077
10304,-2.696,0.272077
10305,-2.695,0.272077
10306,-2.694,0.273816
10307,-2.693,0.273816
10308,-2.692,0.273816
10309,-2.691,0.272077
10310,-2.69,0.272077
10311,-2.689,0.272077
10312,-2.688,0.273816
10313,-2.687,0.273816
10314,-2.686,0.273816
10315,-2.685,0.273816
10316,-2.684,0.272077
10317,-2.683,0.272077
10318,-2.682,0.273816
10319,-2.681,0.273816
10320,-2.68,0.272077
10321,-2.679,0.272077
10322,-2.678,0.272077
10323,-2.677,0.272077
10324,-2.676,0.272077
10325,-2.675,0.272077
10326,-2.674,0.272077
10327,-2.673,0.272077
10328,-2.672,0.273816
10329,-2.671,0.272077
10330,-2.67,0.272077
10331,-2.669,0.272077
10332,-2.668,0.272077
10333,-2.667,0.272077
10334,-2.666,0.275554
10335,-2.665,0.272077
10336,-2.664,0.272077
10337,-2.663,0.272077
10338,-2.662,0.272077
10339,-2.661,0.272077
10340,-2.66,0.272077
10341,-2.659,0.272077
10342,-2.658,0.272077
10343,-2.657,0.272077
10344,-2.656,0.272077
10345,-2.655,0.272077
10346,-2.654,0.272077
10347,-2.653,0.272077
10348,-2.652,0.272077
10349,-2.651,0.272077
10350,-2.65,0.273816
10351,-2.649,0.272077
10352,-2.648,0.273816
10353,-2.647,0.272077
10354,-2.646,0.272077
10355,-2.645,0.272077
10356,-2.644,0.272077
10357,-2.643,0.272077
10358,-2.642,0.272077
10359,-2.641,0.272077
10360,-2.64,0.272077
10361,-2.639,0.272077
10362,-2.638,0.272077
10363,-2.637,0.272077
10364,-2.636,0.272077
10365,-2.635,0.272077
10366,-2.634,0.272077
10367,-2.633,0.272077
10368,-2.632,0.272077
10369,-2.631,0.272077
10370,-2.63,0.272077
10371,-2.629,0.272077
10372,-2.628,0.272077
10373,-2.627,0.272077
10374,-2.626,0.272077
10375,-2.625,0.272077
10376,-2.624,0.272077
10377,-2.623,0.272077
10378,-2.622,0.272077
10379,-2.621,0.272077
10380,-2.62,0.272077
10381,-2.619,0.272077
10382,-2.618,0.272077
10383,-2.617,0.272077
10384,-2.616,0.272077
10385,-2.615,0.272077
10386,-2.614,0.272077
10387,-2.613,0.272077
10388,-2.612,0.272077
10389,-2.611,0.272077
10390,-2.61,0.272077
10391,-2.609,0.272077
10392,-2.608,0.272077
10393,-2.607,0.272077
10394,-2.606,0.272077
10395,-2.605,0.272077
10396,-2.604,0.272077
10397,-2.603,0.272077
10398,-2.602,0.273816
10399,-2.601,0.272077
10400,-2.6,0.272077
10401,-2.599,0.272077
10402,-2.598,0.273816
10403,-2.597,0.273816
10404,-2.596,0.272077
10405,-2.595,0.272077
10406,-2.594,0.272077
10407,-2.593,0.272077
10408,-2.592,0.272077
10409,-2.591,0.272077
10410,-2.59,0.272077
10411,-2.589,0.273816
10412,-2.588,0.273816
10413,-2.587,0.273816
10414,-2.586,0.272077
10415,-2.585,0.275554
10416,-2.584,0.273816
10417,-2.583,0.272077
10418,-2.582,0.272077
10419,-2.581,0.272077
10420,-2.58,0.273816
10421,-2.579,0.273816
10422,-2.578,0.272077
10423,-2.577,0.273816
10424,-2.576,0.272077
10425,-2.575,0.272077
10426,-2.574,0.272077
10427,-2.573,0.272077
10428,-2.572,0.272077
10429,-2.571,0.272077
10430,-2.57,0.272077
10431,-2.569,0.272077
10432,-2.568,0.272077
10433,-2.567,0.272077
10434,-2.566,0.272077
10435,-2.565,0.272077
10436,-2.564,0.272077
10437,-2.563,0.272077
10438,-2.562,0.272077
10439,-2.561,0.272077
10440,-2.56,0.272077
10441,-2.559,0.273816
10442,-2.558,0.273816
10443,-2.557,0.272077
10444,-2.556,0.272077
10445,-2.555,0.272077
10446,-2.554,0.272077
10447,-2.553,0.272077
10448,-2.552,0.272077
10449,-2.551,0.273816
10450,-2.55,0.273816
10451,-2.549,0.273816
10452,-2.548,0.272077
10453,-2.547,0.273816
10454,-2.546,0.272077
10455,-2.545,0.272077
10456,-2.544,0.275554
10457,-2.543,0.272077
10458,-2.542,0.272077
10459,-2.541,0.272077
10460,-2.54,0.272077
10461,-2.539,0.272077
10462,-2.538,0.272077
10463,-2.537,0.272077
10464,-2.536,0.272077
10465,-2.535,0.272077
10466,-2.534,0.272077
10467,-2.533,0.272077
10468,-2.532,0.272077
10469,-2.531,0.272077
10470,-2.53,0.272077
10471,-2.529,0.272077
10472,-2.528,0.272077
10473,-2.527,0.272077
10474,-2.526,0.273816
10475,-2.525,0.273816
10476,-2.524,0.273816
10477,-2.523,0.272077
10478,-2.522,0.272077
10479,-2.521,0.272077
10480,-2.52,0.272077
10481,-2.519,0.272077
10482,-2.518,0.272077
10483,-2.517,0.272077
10484,-2.516,0.272077
10485,-2.515,0.272077
10486,-2.514,0.272077
10487,-2.513,0.272077
10488,-2.512,0.272077
10489,-2.511,0.272077
10490,-2.51,0.272077
10491,-2.509,0.272077
10492,-2.508,0.272077
10493,-2.507,0.272077
10494,-2.506,0.273816
10495,-2.505,0.273816
10496,-2.504,0.273816
10497,-2.503,0.273816
10498,-2.502,0.272077
10499,-2.501,0.272077
10500,-2.5,0.273816
10501,-2.499,0.273816
10502,-2.498,0.273816
10503,-2.497,0.272077
10504,-2.496,0.272077
10505,-2.495,0.272077
10506,-2.494,0.272077
10507,-2.493,0.272077
10508,-2.492,0.272077
10509,-2.491,0.272077
10510,-2.49,0.272077
10511,-2.489,0.273816
10512,-2.488,0.272077
10513,-2.487,0.272077
10514,-2.486,0.273816
10515,-2.485,0.272077
10516,-2.484,0.272077
10517,-2.483,0.272077
10518,-2.482,0.273816
10519,-2.481,0.272077
10520,-2.48,0.272077
10521,-2.479,0.272077
10522,-2.478,0.272077
10523,-2.477,0.273816
10524,-2.476,0.273816
10525,-2.475,0.275554
10526,-2.474,0.272077
10527,-2.473,0.273816
10528,-2.472,0.273816
10529,-2.471,0.273816
10530,-2.47,0.272077
10531,-2.469,0.273816
10532,-2.468,0.273816
10533,-2.467,0.273816
10534,-2.466,0.273816
10535,-2.465,0.273816
10536,-2.464,0.273816
10537,-2.463,0.272077
10538,-2.462,0.273816
10539,-2.461,0.273816
10540,-2.46,0.270338
10541,-2.459,0.275554
10542,-2.458,0.272077
10543,-2.457,0.272077
10544,-2.456,0.272077
10545,-2.455,0.272077
10546,-2.454,0.272077
10547,-2.453,0.272077
10548,-2.452,0.272077
10549,-2.451,0.275554
10550,-2.45,0.270338
10551,-2.449,0.275554
10552,-2.448,0.272077
10553,-2.447,0.272077
10554,-2.446,0.272077
10555,-2.445,0.272077
10556,-2.444,0.272077
10557,-2.443,0.272077
10558,-2.442,0.272077
10559,-2.441,0.272077
10560,-2.44,0.272077
10561,-2.439,0.272077
10562,-2.438,0.272077
10563,-2.437,0.272077
10564,-2.436,0.272077
10565,-2.435,0.272077
10566,-2.434,0.272077
10567,-2.433,0.272077
10568,-2.432,0.272077
10569,-2.431,0.272077
10570,-2.43,0.272077
10571,-2.429,0.272077
10572,-2.428,0.273816
10573,-2.427,0.273816
10574,-2.426,0.272077
10575,-2.425,0.272077
10576,-2.424,0.272077
10577,-2.423,0.273816
10578,-2.422,0.273816
10579,-2.421,0.273816
10580,-2.42,0.273816
10581,-2.419,0.273816
10582,-2.418,0.272077
10583,-2.417,0.273816
10584,-2.416,0.272077
10585,-2.415,0.272077
10586,-2.414,0.272077
10587,-2.413,0.272077
10588,-2.412,0.272077
10589,-2.411,0.272077
10590,-2.41,0.272077
10591,-2.409,0.272077
10592,-2.408,0.272077
10593,-2.407,0.272077
10594,-2.406,0.272077
10595,-2.405,0.272077
10596,-2.404,0.272077
10597,-2.403,0.272077
10598,-2.402,0.272077
10599,-2.401,0.272077
10600,-2.4,0.272077
10601,-2.399,0.272077
10602,-2.398,0.272077
10603,-2.397,0.272077
10604,-2.396,0.272077
10605,-2.395,0.272077
10606,-2.394,0.272077
10607,-2.393,0.272077
10608,-2.392,0.272077
10609,-2.391,0.272077
10610,-2.39,0.272077
10611,-2.389,0.272077
10612,-2.388,0.272077
10613,-2.387,0.272077
10614,-2.386,0.272077
10615,-2.385,0.272077
10616,-2.384,0.272077
10617,-2.383,0.272077
10618,-2.382,0.272077
10619,-2.381,0.272077
10620,-2.38,0.272077
10621,-2.379,0.272077
10622,-2.378,0.272077
10623,-2.377,0.272077
10624,-2.376,0.272077
10625,-2.375,0.272077
10626,-2.374,0.272077
10627,-2.373,0.272077
10628,-2.372,0.272077
10629,-2.371,0.272077
10630,-2.37,0.272077
10631,-2.369,0.272077
10632,-2.368,0.272077
10633,-2.367,0.272077
10634,-2.366,0.272077
10635,-2.365,0.272077
10636,-2.364,0.272077
10637,-2.363,0.272077
10638,-2.362,0.272077
10639,-2.361,0.272077
10640,-2.36,0.272077
10641,-2.359,0.272077
10642,-2.358,0.272077
10643,-2.357,0.272077
10644,-2.356,0.272077
10645,-2.355,0.272077
10646,-2.354,0.272077
10647,-2.353,0.272077
10648,-2.352,0.272077
10649,-2.351,0.272077
10650,-2.35,0.272077
10651,-2.349,0.272077
10652,-2.348,0.272077
10653,-2.347,0.272077
10654,-2.346,0.272077
10655,-2.345,0.272077
10656,-2.344,0.272077
10657,-2.343,0.272077
10658,-2.342,0.272077
10659,-2.341,0.272077
10660,-2.34,0.272077
10661,-2.339,0.272077
10662,-2.338,0.272077
10663,-2.337,0.272077
10664,-2.336,0.272077
10665,-2.335,0.272077
10666,-2.334,0.272077
10667,-2.333,0.272077
10668,-2.332,0.272077
10669,-2.331,0.272077
10670,-2.33,0.272077
10671,-2.329,0.272077
10672,-2.328,0.272077
10673,-2.327,0.272077
10674,-2.326,0.272077
10675,-2.325,0.272077
10676,-2.324,0.272077
10677,-2.323,0.272077
10678,-2.322,0.272077
10679,-2.321,0.272077
10680,-2.32,0.272077
10681,-2.319,0.272077
10682,-2.318,0.272077
10683,-2.317,0.272077
10684,-2.316,0.272077
10685,-2.315,0.272077
10686,-2.314,0.272077
10687,-2.313,0.272077
10688,-2.312,0.272077
10689,-2.311,0.272077
10690,-2.31,0.272077
10691,-2.309,0.272077
10692,-2.308,0.272077
10693,-2.307,0.272077
10694,-2.306,0.272077
10695,-2.305,0.272077
10696,-2.304,0.272077
10697,-2.303,0.272077
10698,-2.302,0.272077
10699,-2.301,0.272077
10700,-2.3,0.272077
10701,-2.299,0.272077
10702,-2.298,0.272077
10703,-2.297,0.272077
10704,-2.296,0.272077
10705,-2.295,0.272077
10706,-2.294,0.272077
10707,-2.293,0.272077
10708,-2.292,0.272077
10709,-2.291,0.272077
10710,-2.29,0.272077
10711,-2.289,0.272077
10712,-2.288,0.272077
10713,-2.287,0.272077
10714,-2.286,0.272077
10715,-2.285,0.272077
10716,-2.284,0.272077
10717,-2.283,0.272077
10718,-2.282,0.272077
10719,-2.281,0.272077
10720,-2.28,0.272077
10721,-2.279,0.272077
10722,-2.278,0.272077
10723,-2.277,0.272077
10724,-2.276,0.272077
10725,-2.275,0.272077
10726,-2.274,0.272077
10727,-2.273,0.272077
10728,-2.272,0.272077
10729,-2.271,0.272077
10730,-2.27,0.272077
10731,-2.269,0.272077
10732,-2.268,0.272077
10733,-2.267,0.272077
10734,-2.266,0.272077
10735,-2.265,0.272077
10736,-2.264,0.272077
10737,-2.263,0.272077
10738,-2.262,0.272077
10739,-2.261,0.272077
10740,-2.26,0.272077
10741,-2.259,0.272077
10742,-2.258,0.272077
10743,-2.257,0.272077
10744,-2.256,0.272077
10745,-2.255,0.272077
10746,-2.254,0.272077
10747,-2.253,0.272077
10748,-2.252,0.272077
10749,-2.251,0.272077
10750,-2.25,0.272077
10751,-2.249,0.272077
10752,-2.248,0.272077
10753,-2.247,0.272077
10754,-2.246,0.272077
10755,-2.245,0.272077
10756,-2.244,0.272077
10757,-2.243,0.272077
10758,-2.242,0.272077
10759,-2.241,0.272077
10760,-2.24,0.273816
10761,-2.239,0.272077
10762,-2.238,0.272077
10763,-2.237,0.272077
10764,-2.236,0.272077
10765,-2.235,0.272077
10766,-2.234,0.272077
10767,-2.233,0.272077
10768,-2.232,0.272077
10769,-2.231,0.272077
10770,-2.23,0.272077
10771,-2.229,0.272077
10772,-2.228,0.272077
10773,-2.227,0.272077
10774,-2.226,0.272077
10775,-2.225,0.272077
10776,-2.224,0.272077
10777,-2.223,0.272077
10778,-2.222,0.272077
10779,-2.221,0.272077
10780,-2.22,0.272077
10781,-2.219,0.272077
10782,-2.218,0.272077
10783,-2.217,0.272077
10784,-2.216,0.272077
10785,-2.215,0.272077
10786,-2.214,0.273816
10787,-2.213,0.273816
10788,-2.212,0.272077
10789,-2.211,0.272077
10790,-2.21,0.272077
10791,-2.209,0.272077
10792,-2.208,0.272077
10793,-2.207,0.272077
10794,-2.206,0.272077
10795,-2.205,0.272077
10796,-2.204,0.272077
10797,-2.203,0.272077
10798,-2.202,0.272077
10799,-2.201,0.273816
10800,-2.2,0.273816
10801,-2.199,0.273816
10802,-2.198,0.272077
10803,-2.197,0.272077
10804,-2.196,0.272077
10805,-2.195,0.272077
10806,-2.194,0.272077
10807,-2.193,0.273816
10808,-2.192,0.270338
10809,-2.191,0.273816
10810,-2.19,0.275554
10811,-2.189,0.272077
10812,-2.188,0.272077
10813,-2.187,0.272077
10814,-2.186,0.272077
10815,-2.185,0.272077
10816,-2.184,0.273816
10817,-2.183,0.273816
10818,-2.182,0.272077
10819,-2.181,0.272077
10820,-2.18,0.272077
10821,-2.179,0.275554
10822,-2.178,0.272077
10823,-2.177,0.272077
10824,-2.176,0.272077
10825,-2.175,0.272077
10826,-2.174,0.272077
10827,-2.173,0.272077
10828,-2.172,0.272077
10829,-2.171,0.272077
10830,-2.17,0.272077
10831,-2.169,0.272077
10832,-2.168,0.272077
10833,-2.167,0.272077
10834,-2.166,0.272077
10835,-2.165,0.272077
10836,-2.164,0.272077
10837,-2.163,0.272077
10838,-2.162,0.273816
10839,-2.161,0.272077
10840,-2.16,0.272077
10841,-2.159,0.272077
10842,-2.158,0.272077
10843,-2.157,0.272077
10844,-2.156,0.272077
10845,-2.155,0.272077
10846,-2.154,0.272077
10847,-2.153,0.272077
10848,-2.152,0.272077
10849,-2.151,0.272077
10850,-2.15,0.272077
10851,-2.149,0.272077
10852,-2.148,0.272077
10853,-2.147,0.272077
10854,-2.146,0.272077
10855,-2.145,0.272077
10856,-2.144,0.272077
10857,-2.143,0.272077
10858,-2.142,0.272077
10859,-2.141,0.272077
10860,-2.14,0.272077
10861,-2.139,0.272077
10862,-2.138,0.272077
10863,-2.137,0.272077
10864,-2.136,0.272077
10865,-2.135,0.272077
10866,-2.134,0.272077
10867,-2.133,0.272077
10868,-2.132,0.272077
10869,-2.131,0.272077
10870,-2.13,0.272077
10871,-2.129,0.272077
10872,-2.128,0.272077
10873,-2.127,0.272077
10874,-2.126,0.272077
10875,-2.125,0.273816
10876,-2.124,0.272077
10877,-2.123,0.272077
10878,-2.122,0.272077
10879,-2.121,0.272077
10880,-2.12,0.272077
10881,-2.119,0.272077
10882,-2.118,0.272077
10883,-2.117,0.272077
10884,-2.116,0.272077
10885,-2.115,0.272077
10886,-2.114,0.272077
10887,-2.113,0.272077
10888,-2.112,0.272077
10889,-2.111,0.272077
10890,-2.11,0.272077
10891,-2.109,0.272077
10892,-2.108,0.272077
10893,-2.107,0.272077
10894,-2.106,0.272077
10895,-2.105,0.272077
10896,-2.104,0.272077
10897,-2.103,0.272077
10898,-2.102,0.272077
10899,-2.101,0.272077
10900,-2.1,0.272077
10901,-2.099,0.272077
10902,-2.098,0.272077
10903,-2.097,0.272077
10904,-2.096,0.272077
10905,-2.095,0.272077
10906,-2.094,0.272077
10907,-2.093,0.272077
10908,-2.092,0.272077
10909,-2.091,0.272077
10910,-2.09,0.272077
10911,-2.089,0.272077
10912,-2.088,0.272077
10913,-2.087,0.272077
10914,-2.086,0.272077
10915,-2.085,0.272077
10916,-2.084,0.272077
10917,-2.083,0.272077
10918,-2.082,0.272077
10919,-2.081,0.272077
10920,-2.08,0.272077
10921,-2.079,0.272077
10922,-2.078,0.272077
10923,-2.077,0.272077
10924,-2.076,0.272077
10925,-2.075,0.272077
10926,-2.074,0.272077
10927,-2.073,0.272077
10928,-2.072,0.272077
10929,-2.071,0.272077
10930,-2.07,0.272077
10931,-2.069,0.272077
10932,-2.068,0.272077
10933,-2.067,0.272077
10934,-2.066,0.272077
10935,-2.065,0.272077
10936,-2.064,0.272077
10937,-2.063,0.273816
10938,-2.062,0.272077
10939,-2.061,0.272077
10940,-2.06,0.272077
10941,-2.059,0.275554
10942,-2.058,0.272077
10943,-2.057,0.273816
10944,-2.056,0.272077
10945,-2.055,0.273816
10946,-2.054,0.273816
10947,-2.053,0.270338
10948,-2.052,0.273816
10949,-2.051,0.273816
10950,-2.05,0.273816
10951,-2.049,0.273816
10952,-2.048,0.273816
10953,-2.047,0.272077
10954,-2.046,0.272077
10955,-2.045,0.273816
10956,-2.044,0.273816
10957,-2.043,0.273816
10958,-2.042,0.273816
10959,-2.041,0.272077
10960,-2.04,0.272077
10961,-2.039,0.272077
10962,-2.038,0.272077
10963,-2.037,0.273816
10964,-2.036,0.273816
10965,-2.035,0.272077
10966,-2.034,0.272077
10967,-2.033,0.272077
10968,-2.032,0.273816
10969,-2.031,0.272077
10970,-2.03,0.272077
10971,-2.029,0.272077
10972,-2.028,0.272077
10973,-2.027,0.272077
10974,-2.026,0.272077
10975,-2.025,0.272077
10976,-2.024,0.272077
10977,-2.023,0.272077
10978,-2.022,0.272077
10979,-2.021,0.272077
10980,-2.02,0.272077
10981,-2.019,0.272077
10982,-2.018,0.272077
10983,-2.017,0.275554
10984,-2.016,0.272077
10985,-2.015,0.272077
10986,-2.014,0.273816
10987,-2.013,0.273816
10988,-2.012,0.272077
10989,-2.011,0.272077
10990,-2.01,0.272077
10991,-2.009,0.272077
10992,-2.008,0.272077
10993,-2.007,0.272077
10994,-2.006,0.272077
10995,-2.005,0.273816
10996,-2.004,0.273816
10997,-2.003,0.272077
10998,-2.002,0.272077
10999,-2.001,0.272077
11000,-2,0.272077
11001,-1.999,0.273816
11002,-1.998,0.273816
11003,-1.997,0.272077
11004,-1.996,0.275554
11005,-1.995,0.272077
11006,-1.994,0.273816
11007,-1.993,0.273816
11008,-1.992,0.273816
11009,-1.991,0.272077
11010,-1.99,0.272077
11011,-1.989,0.273816
11012,-1.988,0.273816
11013,-1.987,0.273816
11014,-1.986,0.273816
11015,-1.985,0.273816
11016,-1.984,0.273816
11017,-1.983,0.273816
11018,-1.982,0.273816
11019,-1.981,0.273816
11020,-1.98,0.273816
11021,-1.979,0.273816
11022,-1.978,0.270338
11023,-1.977,0.273816
11024,-1.976,0.273816
11025,-1.975,0.273816
11026,-1.974,0.272077
11027,-1.973,0.272077
11028,-1.972,0.275554
11029,-1.971,0.272077
11030,-1.97,0.273816
11031,-1.969,0.273816
11032,-1.968,0.273816
11033,-1.967,0.273816
11034,-1.966,0.273816
11035,-1.965,0.273816
11036,-1.964,0.273816
11037,-1.963,0.273816
11038,-1.962,0.273816
11039,-1.961,0.273816
11040,-1.96,0.273816
11041,-1.959,0.275554
11042,-1.958,0.272077
11043,-1.957,0.273816
11044,-1.956,0.272077
11045,-1.955,0.275554
11046,-1.954,0.273816
11047,-1.953,0.273816
11048,-1.952,0.273816
11049,-1.951,0.272077
11050,-1.95,0.272077
11051,-1.949,0.273816
11052,-1.948,0.273816
11053,-1.947,0.273816
11054,-1.946,0.273816
11055,-1.945,0.273816
11056,-1.944,0.272077
11057,-1.943,0.272077
11058,-1.942,0.272077
11059,-1.941,0.272077
11060,-1.94,0.272077
11061,-1.939,0.272077
11062,-1.938,0.272077
11063,-1.937,0.272077
11064,-1.936,0.272077
11065,-1.935,0.272077
11066,-1.934,0.272077
11067,-1.933,0.272077
11068,-1.932,0.272077
11069,-1.931,0.272077
11070,-1.93,0.272077
11071,-1.929,0.272077
11072,-1.928,0.272077
11073,-1.927,0.272077
11074,-1.926,0.272077
11075,-1.925,0.272077
11076,-1.924,0.272077
11077,-1.923,0.272077
11078,-1.922,0.272077
11079,-1.921,0.272077
11080,-1.92,0.272077
11081,-1.919,0.272077
11082,-1.918,0.272077
11083,-1.917,0.272077
11084,-1.916,0.273816
11085,-1.915,0.273816
11086,-1.914,0.273816
11087,-1.913,0.272077
11088,-1.912,0.272077
11089,-1.911,0.273816
11090,-1.91,0.272077
11091,-1.909,0.272077
11092,-1.908,0.275554
11093,-1.907,0.270338
11094,-1.906,0.273816
11095,-1.905,0.272077
11096,-1.904,0.272077
11097,-1.903,0.272077
11098,-1.902,0.272077
11099,-1.901,0.273816
11100,-1.9,0.273816
11101,-1.899,0.273816
11102,-1.898,0.270338
11103,-1.897,0.273816
11104,-1.896,0.275554
11105,-1.895,0.272077
11106,-1.894,0.273816
11107,-1.893,0.273816
11108,-1.892,0.273816
11109,-1.891,0.273816
11110,-1.89,0.273816
11111,-1.889,0.273816
11112,-1.888,0.273816
11113,-1.887,0.273816
11114,-1.886,0.273816
11115,-1.885,0.272077
11116,-1.884,0.272077
11117,-1.883,0.273816
11118,-1.882,0.272077
11119,-1.881,0.275554
11120,-1.88,0.272077
11121,-1.879,0.273816
11122,-1.878,0.273816
11123,-1.877,0.273816
11124,-1.876,0.272077
11125,-1.875,0.272077
11126,-1.874,0.273816
11127,-1.873,0.272077
11128,-1.872,0.272077
11129,-1.871,0.272077
11130,-1.87,0.272077
11131,-1.869,0.272077
11132,-1.868,0.273816
11133,-1.867,0.273816
11134,-1.866,0.273816
11135,-1.865,0.273816
11136,-1.864,0.273816
11137,-1.863,0.273816
11138,-1.862,0.273816
11139,-1.861,0.273816
11140,-1.86,0.273816
11141,-1.859,0.272077
11142,-1.858,0.273816
11143,-1.857,0.270338
11144,-1.856,0.275554
11145,-1.855,0.272077
11146,-1.854,0.272077
11147,-1.853,0.273816
11148,-1.852,0.273816
11149,-1.851,0.272077
11150,-1.85,0.272077
11151,-1.849,0.273816
11152,-1.848,0.273816
11153,-1.847,0.272077
11154,-1.846,0.273816
11155,-1.845,0.273816
11156,-1.844,0.273816
11157,-1.843,0.273816
11158,-1.842,0.273816
11159,-1.841,0.272077
11160,-1.84,0.275554
11161,-1.839,0.273816
11162,-1.838,0.273816
11163,-1.837,0.273816
11164,-1.836,0.272077
11165,-1.835,0.275554
11166,-1.834,0.272077
11167,-1.833,0.273816
11168,-1.832,0.273816
11169,-1.831,0.272077
11170,-1.83,0.272077
11171,-1.829,0.272077
11172,-1.828,0.272077
11173,-1.827,0.272077
11174,-1.826,0.272077
11175,-1.825,0.272077
11176,-1.824,0.272077
11177,-1.823,0.272077
11178,-1.822,0.272077
11179,-1.821,0.272077
11180,-1.82,0.272077
11181,-1.819,0.272077
11182,-1.818,0.272077
11183,-1.817,0.272077
11184,-1.816,0.272077
11185,-1.815,0.272077
11186,-1.814,0.272077
11187,-1.813,0.272077
11188,-1.812,0.272077
11189,-1.811,0.272077
11190,-1.81,0.272077
11191,-1.809,0.272077
11192,-1.808,0.272077
11193,-1.807,0.272077
11194,-1.806,0.272077
11195,-1.805,0.272077
11196,-1.804,0.275554
11197,-1.803,0.272077
11198,-1.802,0.272077
11199,-1.801,0.275554
11200,-1.8,0.272077
11201,-1.799,0.272077
11202,-1.798,0.272077
11203,-1.797,0.272077
11204,-1.796,0.272077
11205,-1.795,0.272077
11206,-1.794,0.272077
11207,-1.793,0.272077
11208,-1.792,0.273816
11209,-1.791,0.273816
11210,-1.79,0.272077
11211,-1.789,0.272077
11212,-1.788,0.272077
11213,-1.787,0.272077
11214,-1.786,0.272077
11215,-1.785,0.272077
11216,-1.784,0.272077
11217,-1.783,0.272077
11218,-1.782,0.272077
11219,-1.781,0.272077
11220,-1.78,0.272077
11221,-1.779,0.272077
11222,-1.778,0.272077
11223,-1.777,0.272077
11224,-1.776,0.272077
11225,-1.775,0.272077
11226,-1.774,0.272077
11227,-1.773,0.273816
11228,-1.772,0.272077
11229,-1.771,0.272077
11230,-1.77,0.272077
11231,-1.769,0.272077
11232,-1.768,0.272077
11233,-1.767,0.272077
11234,-1.766,0.272077
11235,-1.765,0.272077
11236,-1.764,0.272077
11237,-1.763,0.272077
11238,-1.762,0.272077
11239,-1.761,0.272077
11240,-1.76,0.273816
11241,-1.759,0.272077
11242,-1.758,0.273816
11243,-1.757,0.272077
11244,-1.756,0.272077
11245,-1.755,0.275554
11246,-1.754,0.273816
11247,-1.753,0.272077
11248,-1.752,0.275554
11249,-1.751,0.272077
11250,-1.75,0.273816
11251,-1.749,0.272077
11252,-1.748,0.272077
11253,-1.747,0.272077
11254,-1.746,0.273816
11255,-1.745,0.273816
11256,-1.744,0.272077
11257,-1.743,0.272077
11258,-1.742,0.272077
11259,-1.741,0.272077
11260,-1.74,0.272077
11261,-1.739,0.273816
11262,-1.738,0.272077
11263,-1.737,0.272077
11264,-1.736,0.272077
11265,-1.735,0.272077
11266,-1.734,0.272077
11267,-1.733,0.272077
11268,-1.732,0.272077
11269,-1.731,0.272077
11270,-1.73,0.272077
11271,-1.729,0.272077
11272,-1.728,0.272077
11273,-1.727,0.272077
11274,-1.726,0.272077
11275,-1.725,0.272077
11276,-1.724,0.272077
11277,-1.723,0.272077
11278,-1.722,0.272077
11279,-1.721,0.272077
11280,-1.72,0.272077
11281,-1.719,0.272077
11282,-1.718,0.272077
11283,-1.717,0.272077
11284,-1.716,0.272077
11285,-1.715,0.272077
11286,-1.714,0.272077
11287,-1.713,0.272077
11288,-1.712,0.272077
11289,-1.711,0.272077
11290,-1.71,0.272077
11291,-1.709,0.272077
11292,-1.708,0.272077
11293,-1.707,0.272077
11294,-1.706,0.272077
11295,-1.705,0.272077
11296,-1.704,0.272077
11297,-1.703,0.272077
11298,-1.702,0.272077
11299,-1.701,0.272077
11300,-1.7,0.272077
11301,-1.699,0.272077
11302,-1.698,0.272077
11303,-1.697,0.273816
11304,-1.696,0.272077
11305,-1.695,0.272077
11306,-1.694,0.272077
11307,-1.693,0.272077
11308,-1.692,0.272077
11309,-1.691,0.272077
11310,-1.69,0.272077
11311,-1.689,0.272077
11312,-1.688,0.272077
11313,-1.687,0.272077
11314,-1.686,0.272077
11315,-1.685,0.272077
11316,-1.684,0.272077
11317,-1.683,0.273816
11318,-1.682,0.273816
11319,-1.681,0.272077
11320,-1.68,0.273816
11321,-1.679,0.272077
11322,-1.678,0.272077
11323,-1.677,0.272077
11324,-1.676,0.272077
11325,-1.675,0.272077
11326,-1.674,0.272077
11327,-1.673,0.272077
11328,-1.672,0.273816
11329,-1.671,0.273816
11330,-1.67,0.272077
11331,-1.669,0.273816
11332,-1.668,0.272077
11333,-1.667,0.272077
11334,-1.666,0.272077
11335,-1.665,0.272077
11336,-1.664,0.272077
11337,-1.663,0.273816
11338,-1.662,0.273816
11339,-1.661,0.272077
11340,-1.66,0.275554
11341,-1.659,0.272077
11342,-1.658,0.272077
11343,-1.657,0.272077
11344,-1.656,0.273816
11345,-1.655,0.272077
11346,-1.654,0.272077
11347,-1.653,0.272077
11348,-1.652,0.272077
11349,-1.651,0.273816
11350,-1.65,0.273816
11351,-1.649,0.272077
11352,-1.648,0.273816
11353,-1.647,0.272077
11354,-1.646,0.272077
11355,-1.645,0.272077
11356,-1.644,0.272077
11357,-1.643,0.273816
11358,-1.642,0.273816
11359,-1.641,0.273816
11360,-1.64,0.272077
11361,-1.639,0.272077
11362,-1.638,0.272077
11363,-1.637,0.273816
11364,-1.636,0.273816
11365,-1.635,0.273816
11366,-1.634,0.272077
11367,-1.633,0.273816
11368,-1.632,0.273816
11369,-1.631,0.272077
11370,-1.63,0.272077
11371,-1.629,0.272077
11372,-1.628,0.272077
11373,-1.627,0.272077
11374,-1.626,0.272077
11375,-1.625,0.272077
11376,-1.624,0.272077
11377,-1.623,0.272077
11378,-1.622,0.272077
11379,-1.621,0.272077
11380,-1.62,0.272077
11381,-1.619,0.272077
11382,-1.618,0.272077
11383,-1.617,0.272077
11384,-1.616,0.272077
11385,-1.615,0.272077
11386,-1.614,0.272077
11387,-1.613,0.272077
11388,-1.612,0.272077
11389,-1.611,0.272077
11390,-1.61,0.272077
11391,-1.609,0.272077
11392,-1.608,0.272077
11393,-1.607,0.272077
11394,-1.606,0.272077
11395,-1.605,0.272077
11396,-1.604,0.272077
11397,-1.603,0.272077
11398,-1.602,0.272077
11399,-1.601,0.272077
11400,-1.6,0.272077
11401,-1.599,0.272077
11402,-1.598,0.272077
11403,-1.597,0.272077
11404,-1.596,0.272077
11405,-1.595,0.272077
11406,-1.594,0.272077
11407,-1.593,0.272077
11408,-1.592,0.272077
11409,-1.591,0.272077
11410,-1.59,0.272077
11411,-1.589,0.272077
11412,-1.588,0.272077
11413,-1.587,0.272077
11414,-1.586,0.272077
11415,-1.585,0.272077
11416,-1.584,0.272077
11417,-1.583,0.272077
11418,-1.582,0.272077
11419,-1.581,0.272077
11420,-1.58,0.272077
11421,-1.579,0.272077
11422,-1.578,0.272077
11423,-1.577,0.272077
11424,-1.576,0.272077
11425,-1.575,0.272077
11426,-1.574,0.272077
11427,-1.573,0.272077
11428,-1.572,0.272077
11429,-1.571,0.272077
11430,-1.57,0.272077
11431,-1.569,0.272077
11432,-1.568,0.272077
11433,-1.567,0.272077
11434,-1.566,0.272077
11435,-1.565,0.272077
11436,-1.564,0.272077
11437,-1.563,0.272077
11438,-1.562,0.272077
11439,-1.561,0.272077
11440,-1.56,0.272077
11441,-1.559,0.272077
11442,-1.558,0.272077
11443,-1.557,0.272077
11444,-1.556,0.272077
11445,-1.555,0.272077
11446,-1.554,0.272077
11447,-1.553,0.272077
11448,-1.552,0.272077
11449,-1.551,0.272077
11450,-1.55,0.272077
11451,-1.549,0.272077
11452,-1.548,0.272077
11453,-1.547,0.272077
11454,-1.546,0.272077
11455,-1.545,0.272077
11456,-1.544,0.272077
11457,-1.543,0.272077
11458,-1.542,0.272077
11459,-1.541,0.272077
11460,-1.54,0.272077
11461,-1.539,0.272077
11462,-1.538,0.272077
11463,-1.537,0.272077
11464,-1.536,0.272077
11465,-1.535,0.272077
11466,-1.534,0.272077
11467,-1.533,0.272077
11468,-1.532,0.272077
11469,-1.531,0.272077
11470,-1.53,0.272077
11471,-1.529,0.272077
11472,-1.528,0.272077
11473,-1.527,0.272077
11474,-1.526,0.272077
11475,-1.525,0.272077
11476,-1.524,0.272077
11477,-1.523,0.272077
11478,-1.522,0.272077
11479,-1.521,0.272077
11480,-1.52,0.272077
11481,-1.519,0.272077
11482,-1.518,0.272077
11483,-1.517,0.272077
11484,-1.516,0.272077
11485,-1.515,0.273816
11486,-1.514,0.273816
11487,-1.513,0.272077
11488,-1.512,0.272077
11489,-1.511,0.273816
11490,-1.51,0.273816
11491,-1.509,0.273816
11492,-1.508,0.272077
11493,-1.507,0.273816
11494,-1.506,0.272077
11495,-1.505,0.272077
11496,-1.504,0.272077
11497,-1.503,0.273816
11498,-1.502,0.273816
11499,-1.501,0.272077
11500,-1.5,0.273816
11501,-1.499,0.272077
11502,-1.498,0.273816
11503,-1.497,0.272077
11504,-1.496,0.273816
11505,-1.495,0.272077
11506,-1.494,0.272077
11507,-1.493,0.273816
11508,-1.492,0.270338
11509,-1.491,0.275554
11510,-1.49,0.272077
11511,-1.489,0.273816
11512,-1.488,0.273816
11513,-1.487,0.272077
11514,-1.486,0.272077
11515,-1.485,0.272077
11516,-1.484,0.272077
11517,-1.483,0.272077
11518,-1.482,0.272077
11519,-1.481,0.272077
11520,-1.48,0.272077
11521,-1.479,0.272077
11522,-1.478,0.272077
11523,-1.477,0.272077
11524,-1.476,0.272077
11525,-1.475,0.272077
11526,-1.474,0.272077
11527,-1.473,0.272077
11528,-1.472,0.272077
11529,-1.471,0.273816
11530,-1.47,0.273816
11531,-1.469,0.272077
11532,-1.468,0.272077
11533,-1.467,0.272077
11534,-1.466,0.272077
11535,-1.465,0.273816
11536,-1.464,0.273816
11537,-1.463,0.273816
11538,-1.462,0.272077
11539,-1.461,0.272077
11540,-1.46,0.272077
11541,-1.459,0.272077
11542,-1.458,0.272077
11543,-1.457,0.272077
11544,-1.456,0.272077
11545,-1.455,0.273816
11546,-1.454,0.272077
11547,-1.453,0.273816
11548,-1.452,0.273816
11549,-1.451,0.273816
11550,-1.45,0.272077
11551,-1.449,0.272077
11552,-1.448,0.272077
11553,-1.447,0.273816
11554,-1.446,0.272077
11555,-1.445,0.272077
11556,-1.444,0.272077
11557,-1.443,0.272077
11558,-1.442,0.272077
11559,-1.441,0.272077
11560,-1.44,0.272077
11561,-1.439,0.272077
11562,-1.438,0.273816
11563,-1.437,0.273816
11564,-1.436,0.272077
11565,-1.435,0.272077
11566,-1.434,0.272077
11567,-1.433,0.272077
11568,-1.432,0.273816
11569,-1.431,0.272077
11570,-1.43,0.273816
11571,-1.429,0.273816
11572,-1.428,0.272077
11573,-1.427,0.273816
11574,-1.426,0.272077
11575,-1.425,0.272077
11576,-1.424,0.272077
11577,-1.423,0.272077
11578,-1.422,0.272077
11579,-1.421,0.272077
11580,-1.42,0.272077
11581,-1.419,0.272077
11582,-1.418,0.272077
11583,-1.417,0.272077
11584,-1.416,0.272077
11585,-1.415,0.272077
11586,-1.414,0.272077
11587,-1.413,0.272077
11588,-1.412,0.272077
11589,-1.411,0.272077
11590,-1.41,0.272077
11591,-1.409,0.272077
11592,-1.408,0.272077
11593,-1.407,0.272077
11594,-1.406,0.272077
11595,-1.405,0.275554
11596,-1.404,0.272077
11597,-1.403,0.272077
11598,-1.402,0.272077
11599,-1.401,0.272077
11600,-1.4,0.272077
11601,-1.399,0.272077
11602,-1.398,0.272077
11603,-1.397,0.272077
11604,-1.396,0.273816
11605,-1.395,0.273816
11606,-1.394,0.272077
11607,-1.393,0.272077
11608,-1.392,0.272077
11609,-1.391,0.272077
11610,-1.39,0.272077
11611,-1.389,0.272077
11612,-1.388,0.272077
11613,-1.387,0.272077
11614,-1.386,0.272077
11615,-1.385,0.272077
11616,-1.384,0.272077
11617,-1.383,0.272077
11618,-1.382,0.272077
11619,-1.381,0.272077
11620,-1.38,0.272077
11621,-1.379,0.272077
11622,-1.378,0.272077
11623,-1.377,0.275554
11624,-1.376,0.272077
11625,-1.375,0.272077
11626,-1.374,0.272077
11627,-1.373,0.273816
11628,-1.372,0.272077
11629,-1.371,0.273816
11630,-1.37,0.272077
11631,-1.369,0.272077
11632,-1.368,0.272077
11633,-1.367,0.272077
11634,-1.366,0.272077
11635,-1.365,0.272077
11636,-1.364,0.272077
11637,-1.363,0.272077
11638,-1.362,0.275554
11639,-1.361,0.272077
11640,-1.36,0.272077
11641,-1.359,0.272077
11642,-1.358,0.273816
11643,-1.357,0.272077
11644,-1.356,0.272077
11645,-1.355,0.272077
11646,-1.354,0.272077
11647,-1.353,0.272077
11648,-1.352,0.272077
11649,-1.351,0.272077
11650,-1.35,0.272077
11651,-1.349,0.272077
11652,-1.348,0.272077
11653,-1.347,0.272077
11654,-1.346,0.272077
11655,-1.345,0.272077
11656,-1.344,0.273816
11657,-1.343,0.270338
11658,-1.342,0.275554
11659,-1.341,0.272077
11660,-1.34,0.272077
11661,-1.339,0.272077
11662,-1.338,0.272077
11663,-1.337,0.272077
11664,-1.336,0.272077
11665,-1.335,0.272077
11666,-1.334,0.272077
11667,-1.333,0.273816
11668,-1.332,0.272077
11669,-1.331,0.272077
11670,-1.33,0.275554
11671,-1.329,0.272077
11672,-1.328,0.272077
11673,-1.327,0.272077
11674,-1.326,0.272077
11675,-1.325,0.272077
11676,-1.324,0.272077
11677,-1.323,0.272077
11678,-1.322,0.273816
11679,-1.321,0.273816
11680,-1.32,0.272077
11681,-1.319,0.272077
11682,-1.318,0.272077
11683,-1.317,0.272077
11684,-1.316,0.272077
11685,-1.315,0.272077
11686,-1.314,0.272077
11687,-1.313,0.272077
11688,-1.312,0.272077
11689,-1.311,0.272077
11690,-1.31,0.272077
11691,-1.309,0.272077
11692,-1.308,0.272077
11693,-1.307,0.272077
11694,-1.306,0.272077
11695,-1.305,0.272077
11696,-1.304,0.272077
11697,-1.303,0.272077
11698,-1.302,0.272077
11699,-1.301,0.272077
11700,-1.3,0.272077
11701,-1.299,0.272077
11702,-1.298,0.272077
11703,-1.297,0.272077
11704,-1.296,0.272077
11705,-1.295,0.272077
11706,-1.294,0.272077
11707,-1.293,0.272077
11708,-1.292,0.272077
11709,-1.291,0.272077
11710,-1.29,0.273816
11711,-1.289,0.273816
11712,-1.288,0.273816
11713,-1.287,0.270338
11714,-1.286,0.275554
11715,-1.285,0.272077
11716,-1.284,0.272077
11717,-1.283,0.272077
11718,-1.282,0.272077
11719,-1.281,0.272077
11720,-1.28,0.272077
11721,-1.279,0.272077
11722,-1.278,0.272077
11723,-1.277,0.272077
11724,-1.276,0.272077
11725,-1.275,0.272077
11726,-1.274,0.272077
11727,-1.273,0.272077
11728,-1.272,0.272077
11729,-1.271,0.272077
11730,-1.27,0.272077
11731,-1.269,0.272077
11732,-1.268,0.272077
11733,-1.267,0.273816
11734,-1.266,0.273816
11735,-1.265,0.272077
11736,-1.264,0.272077
11737,-1.263,0.272077
11738,-1.262,0.272077
11739,-1.261,0.272077
11740,-1.26,0.272077
11741,-1.259,0.272077
11742,-1.258,0.272077
11743,-1.257,0.272077
11744,-1.256,0.272077
11745,-1.255,0.272077
11746,-1.254,0.272077
11747,-1.253,0.272077
11748,-1.252,0.272077
11749,-1.251,0.272077
11750,-1.25,0.272077
11751,-1.249,0.272077
11752,-1.248,0.272077
11753,-1.247,0.272077
11754,-1.246,0.272077
11755,-1.245,0.272077
11756,-1.244,0.272077
11757,-1.243,0.272077
11758,-1.242,0.272077
11759,-1.241,0.272077
11760,-1.24,0.272077
11761,-1.239,0.272077
11762,-1.238,0.272077
11763,-1.237,0.272077
11764,-1.236,0.272077
11765,-1.235,0.273816
11766,-1.234,0.273816
11767,-1.233,0.272077
11768,-1.232,0.272077
11769,-1.231,0.272077
11770,-1.23,0.272077
11771,-1.229,0.272077
11772,-1.228,0.272077
11773,-1.227,0.272077
11774,-1.226,0.272077
11775,-1.225,0.272077
11776,-1.224,0.272077
11777,-1.223,0.273816
11778,-1.222,0.273816
11779,-1.221,0.273816
11780,-1.22,0.272077
11781,-1.219,0.272077
11782,-1.218,0.272077
11783,-1.217,0.272077
11784,-1.216,0.272077
11785,-1.215,0.272077
11786,-1.214,0.275554
11787,-1.213,0.272077
11788,-1.212,0.272077
11789,-1.211,0.272077
11790,-1.21,0.272077
11791,-1.209,0.272077
11792,-1.208,0.272077
11793,-1.207,0.273816
11794,-1.206,0.273816
11795,-1.205,0.273816
11796,-1.204,0.273816
11797,-1.203,0.272077
11798,-1.202,0.272077
11799,-1.201,0.272077
11800,-1.2,0.272077
11801,-1.199,0.272077
11802,-1.198,0.272077
11803,-1.197,0.273816
11804,-1.196,0.273816
11805,-1.195,0.272077
11806,-1.194,0.272077
11807,-1.193,0.272077
11808,-1.192,0.272077
11809,-1.191,0.272077
11810,-1.19,0.272077
11811,-1.189,0.272077
11812,-1.188,0.272077
11813,-1.187,0.272077
11814,-1.186,0.272077
11815,-1.185,0.272077
11816,-1.184,0.272077
11817,-1.183,0.272077
11818,-1.182,0.272077
11819,-1.181,0.272077
11820,-1.18,0.272077
11821,-1.179,0.272077
11822,-1.178,0.272077
11823,-1.177,0.272077
11824,-1.176,0.272077
11825,-1.175,0.272077
11826,-1.174,0.272077
11827,-1.173,0.272077
11828,-1.172,0.272077
11829,-1.171,0.272077
11830,-1.17,0.272077
11831,-1.169,0.272077
11832,-1.168,0.272077
11833,-1.167,0.272077
11834,-1.166,0.272077
11835,-1.165,0.273816
11836,-1.164,0.273816
11837,-1.163,0.272077
11838,-1.162,0.272077
11839,-1.161,0.275554
11840,-1.16,0.272077
11841,-1.159,0.272077
11842,-1.158,0.272077
11843,-1.157,0.272077
11844,-1.156,0.272077
11845,-1.155,0.272077
11846,-1.154,0.272077
11847,-1.153,0.275554
11848,-1.152,0.272077
11849,-1.151,0.272077
11850,-1.15,0.272077
11851,-1.149,0.272077
11852,-1.148,0.273816
11853,-1.147,0.273816
11854,-1.146,0.273816
11855,-1.145,0.273816
11856,-1.144,0.270338
11857,-1.143,0.273816
11858,-1.142,0.273816
11859,-1.141,0.273816
11860,-1.14,0.273816
11861,-1.139,0.273816
11862,-1.138,0.273816
11863,-1.137,0.273816
11864,-1.136,0.272077
11865,-1.135,0.273816
11866,-1.134,0.273816
11867,-1.133,0.273816
11868,-1.132,0.272077
11869,-1.131,0.275554
11870,-1.13,0.272077
11871,-1.129,0.272077
11872,-1.128,0.272077
11873,-1.127,0.273816
11874,-1.126,0.273816
11875,-1.125,0.273816
11876,-1.124,0.273816
11877,-1.123,0.273816
11878,-1.122,0.273816
11879,-1.121,0.273816
11880,-1.12,0.273816
11881,-1.119,0.272077
11882,-1.118,0.275554
11883,-1.117,0.273816
11884,-1.116,0.273816
11885,-1.115,0.272077
11886,-1.114,0.272077
11887,-1.113,0.272077
11888,-1.112,0.273816
11889,-1.111,0.272077
11890,-1.11,0.273816
11891,-1.109,0.272077
11892,-1.108,0.275554
11893,-1.107,0.273816
11894,-1.106,0.270338
11895,-1.105,0.275554
11896,-1.104,0.270338
11897,-1.103,0.273816
11898,-1.102,0.273816
11899,-1.101,0.275554
11900,-1.1,0.272077
11901,-1.099,0.273816
11902,-1.098,0.273816
11903,-1.097,0.273816
11904,-1.096,0.273816
11905,-1.095,0.273816
11906,-1.094,0.272077
11907,-1.093,0.272077
11908,-1.092,0.272077
11909,-1.091,0.272077
11910,-1.09,0.273816
11911,-1.089,0.272077
11912,-1.088,0.272077
11913,-1.087,0.272077
11914,-1.086,0.272077
11915,-1.085,0.272077
11916,-1.084,0.272077
11917,-1.083,0.272077
11918,-1.082,0.272077
11919,-1.081,0.272077
11920,-1.08,0.272077
11921,-1.079,0.272077
11922,-1.078,0.272077
11923,-1.077,0.272077
11924,-1.076,0.272077
11925,-1.075,0.272077
11926,-1.074,0.272077
11927,-1.073,0.272077
11928,-1.072,0.272077
11929,-1.071,0.272077
11930,-1.07,0.272077
11931,-1.069,0.272077
11932,-1.068,0.272077
11933,-1.067,0.272077
11934,-1.066,0.272077
11935,-1.065,0.272077
11936,-1.064,0.272077
11937,-1.063,0.272077
11938,-1.062,0.272077
11939,-1.061,0.272077
11940,-1.06,0.272077
11941,-1.059,0.272077
11942,-1.058,0.272077
11943,-1.057,0.272077
11944,-1.056,0.272077
11945,-1.055,0.272077
11946,-1.054,0.272077
11947,-1.053,0.272077
11948,-1.052,0.272077
11949,-1.051,0.273816
11950,-1.05,0.272077
11951,-1.049,0.272077
11952,-1.048,0.272077
11953,-1.047,0.273816
11954,-1.046,0.272077
11955,-1.045,0.272077
11956,-1.044,0.272077
11957,-1.043,0.272077
11958,-1.042,0.272077
11959,-1.041,0.272077
11960,-1.04,0.272077
11961,-1.039,0.272077
11962,-1.038,0.272077
11963,-1.037,0.272077
11964,-1.036,0.272077
11965,-1.035,0.272077
11966,-1.034,0.272077
11967,-1.033,0.272077
11968,-1.032,0.272077
11969,-1.031,0.272077
11970,-1.03,0.272077
11971,-1.029,0.272077
11972,-1.028,0.272077
11973,-1.027,0.272077
11974,-1.026,0.272077
11975,-1.025,0.272077
11976,-1.024,0.272077
11977,-1.023,0.272077
11978,-1.022,0.272077
11979,-1.021,0.272077
11980,-1.02,0.272077
11981,-1.019,0.272077
11982,-1.018,0.272077
11983,-1.017,0.272077
11984,-1.016,0.272077
11985,-1.015,0.272077
11986,-1.014,0.272077
11987,-1.013,0.272077
11988,-1.012,0.275554
11989,-1.011,0.272077
11990,-1.01,0.272077
11991,-1.009,0.272077
11992,-1.008,0.272077
11993,-1.007,0.272077
11994,-1.006,0.272077
11995,-1.005,0.272077
11996,-1.004,0.272077
11997,-1.003,0.272077
11998,-1.002,0.272077
11999,-1.001,0.272077
12000,-1,0.272077
12001,-0.999,0.272077
12002,-0.998,0.273816
12003,-0.997,0.273816
12004,-0.996,0.273816
12005,-0.995,0.273816
12006,-0.994,0.270338
12007,-0.993,0.273816
12008,-0.992,0.273816
12009,-0.991,0.272077
12010,-0.99,0.272077
12011,-0.989,0.272077
12012,-0.988,0.272077
12013,-0.987,0.272077
12014,-0.986,0.272077
12015,-0.985,0.272077
12016,-0.984,0.273816
12017,-0.983,0.272077
12018,-0.982,0.272077
12019,-0.981,0.273816
12020,-0.98,0.273816
12021,-0.979,0.273816
12022,-0.978,0.273816
12023,-0.977,0.272077
12024,-0.976,0.272077
12025,-0.975,0.272077
12026,-0.974,0.272077
12027,-0.973,0.273816
12028,-0.972,0.273816
12029,-0.971,0.273816
12030,-0.97,0.273816
12031,-0.969,0.273816
12032,-0.968,0.273816
12033,-0.967,0.272077
12034,-0.966,0.272077
12035,-0.965,0.272077
12036,-0.964,0.272077
12037,-0.963,0.272077
12038,-0.962,0.272077
12039,-0.961,0.273816
12040,-0.96,0.272077
12041,-0.959,0.272077
12042,-0.958,0.272077
12043,-0.957,0.272077
12044,-0.956,0.272077
12045,-0.955,0.272077
12046,-0.954,0.272077
12047,-0.953,0.272077
12048,-0.952,0.272077
12049,-0.951,0.272077
12050,-0.95,0.272077
12051,-0.949,0.273816
12052,-0.948,0.272077
12053,-0.947,0.272077
12054,-0.946,0.272077
12055,-0.945,0.272077
12056,-0.944,0.272077
12057,-0.943,0.272077
12058,-0.942,0.273816
12059,-0.941,0.273816
12060,-0.94,0.273816
12061,-0.939,0.272077
12062,-0.938,0.272077
12063,-0.937,0.272077
12064,-0.936,0.272077
12065,-0.935,0.273816
12066,-0.934,0.273816
12067,-0.933,0.273816
12068,-0.932,0.273816
12069,-0.931,0.273816
12070,-0.93,0.273816
12071,-0.929,0.273816
12072,-0.928,0.270338
12073,-0.927,0.273816
12074,-0.926,0.273816
12075,-0.925,0.273816
12076,-0.924,0.273816
12077,-0.923,0.272077
12078,-0.922,0.272077
12079,-0.921,0.272077
12080,-0.92,0.273816
12081,-0.919,0.273816
12082,-0.918,0.272077
12083,-0.917,0.272077
12084,-0.916,0.273816
12085,-0.915,0.273816
12086,-0.914,0.270338
12087,-0.913,0.273816
12088,-0.912,0.273816
12089,-0.911,0.273816
12090,-0.91,0.273816
12091,-0.909,0.273816
12092,-0.908,0.272077
12093,-0.907,0.275554
12094,-0.906,0.273816
12095,-0.905,0.273816
12096,-0.904,0.273816
12097,-0.903,0.273816
12098,-0.902,0.273816
12099,-0.901,0.272077
12100,-0.9,0.272077
12101,-0.899,0.272077
12102,-0.898,0.275554
12103,-0.897,0.270338
12104,-0.896,0.273816
12105,-0.895,0.272077
12106,-0.894,0.272077
12107,-0.893,0.272077
12108,-0.892,0.273816
12109,-0.891,0.272077
12110,-0.89,0.272077
12111,-0.889,0.272077
12112,-0.888,0.272077
12113,-0.887,0.272077
12114,-0.886,0.272077
12115,-0.885,0.272077
12116,-0.884,0.272077
12117,-0.883,0.273816
12118,-0.882,0.272077
12119,-0.881,0.272077
12120,-0.88,0.272077
12121,-0.879,0.272077
12122,-0.878,0.273816
12123,-0.877,0.273816
12124,-0.876,0.270338
12125,-0.875,0.273816
12126,-0.874,0.272077
12127,-0.873,0.273816
12128,-0.872,0.272077
12129,-0.871,0.272077
12130,-0.87,0.273816
12131,-0.869,0.273816
12132,-0.868,0.273816
12133,-0.867,0.272077
12134,-0.866,0.275554
12135,-0.865,0.273816
12136,-0.864,0.272077
12137,-0.863,0.275554
12138,-0.862,0.273816
12139,-0.861,0.273816
12140,-0.86,0.272077
12141,-0.859,0.272077
12142,-0.858,0.273816
12143,-0.857,0.273816
12144,-0.856,0.273816
12145,-0.855,0.273816
12146,-0.854,0.272077
12147,-0.853,0.272077
12148,-0.852,0.273816
12149,-0.851,0.273816
12150,-0.85,0.273816
12151,-0.849,0.273816
12152,-0.848,0.272077
12153,-0.847,0.272077
12154,-0.846,0.272077
12155,-0.845,0.272077
12156,-0.844,0.273816
12157,-0.843,0.273816
12158,-0.842,0.272077
12159,-0.841,0.272077
12160,-0.84,0.272077
12161,-0.839,0.273816
12162,-0.838,0.272077
12163,-0.837,0.273816
12164,-0.836,0.273816
12165,-0.835,0.273816
12166,-0.834,0.273816
12167,-0.833,0.272077
12168,-0.832,0.272077
12169,-0.831,0.272077
12170,-0.83,0.272077
12171,-0.829,0.272077
12172,-0.828,0.272077
12173,-0.827,0.272077
12174,-0.826,0.272077
12175,-0.825,0.273816
12176,-0.824,0.272077
12177,-0.823,0.272077
12178,-0.822,0.273816
12179,-0.821,0.273816
12180,-0.82,0.273816
12181,-0.819,0.272077
12182,-0.818,0.273816
12183,-0.817,0.273816
12184,-0.816,0.273816
12185,-0.815,0.273816
12186,-0.814,0.272077
12187,-0.813,0.272077
12188,-0.812,0.272077
12189,-0.811,0.272077
12190,-0.81,0.272077
12191,-0.809,0.273816
12192,-0.808,0.270338
12193,-0.807,0.273816
12194,-0.806,0.273816
12195,-0.805,0.273816
12196,-0.804,0.273816
12197,-0.803,0.273816
12198,-0.802,0.273816
12199,-0.801,0.272077
12200,-0.8,0.272077
12201,-0.799,0.272077
12202,-0.798,0.272077
12203,-0.797,0.272077
12204,-0.796,0.272077
12205,-0.795,0.272077
12206,-0.794,0.272077
12207,-0.793,0.273816
12208,-0.792,0.273816
12209,-0.791,0.272077
12210,-0.79,0.275554
12211,-0.789,0.272077
12212,-0.788,0.272077
12213,-0.787,0.272077
12214,-0.786,0.273816
12215,-0.785,0.273816
12216,-0.784,0.272077
12217,-0.783,0.272077
12218,-0.782,0.272077
12219,-0.781,0.273816
12220,-0.78,0.272077
12221,-0.779,0.272077
12222,-0.778,0.272077
12223,-0.777,0.272077
12224,-0.776,0.272077
12225,-0.775,0.272077
12226,-0.774,0.272077
12227,-0.773,0.272077
12228,-0.772,0.272077
12229,-0.771,0.273816
12230,-0.77,0.272077
12231,-0.769,0.272077
12232,-0.768,0.272077
12233,-0.767,0.275554
12234,-0.766,0.273816
12235,-0.765,0.272077
12236,-0.764,0.272077
12237,-0.763,0.272077
12238,-0.762,0.272077
12239,-0.761,0.272077
12240,-0.76,0.272077
12241,-0.759,0.273816
12242,-0.758,0.273816
12243,-0.757,0.273816
12244,-0.756,0.273816
12245,-0.755,0.273816
12246,-0.754,0.273816
12247,-0.753,0.273816
12248,-0.752,0.273816
12249,-0.751,0.272077
12250,-0.75,0.272077
12251,-0.749,0.272077
12252,-0.748,0.272077
12253,-0.747,0.272077
12254,-0.746,0.272077
12255,-0.745,0.272077
12256,-0.744,0.273816
12257,-0.743,0.272077
12258,-0.742,0.273816
12259,-0.741,0.273816
12260,-0.74,0.273816
12261,-0.739,0.273816
12262,-0.738,0.273816
12263,-0.737,0.273816
12264,-0.736,0.273816
12265,-0.735,0.273816
12266,-0.734,0.273816
12267,-0.733,0.273816
12268,-0.732,0.273816
12269,-0.731,0.273816
12270,-0.73,0.272077
12271,-0.729,0.273816
12272,-0.728,0.275554
12273,-0.727,0.273816
12274,-0.726,0.273816
12275,-0.725,0.273816
12276,-0.724,0.273816
12277,-0.723,0.273816
12278,-0.722,0.273816
12279,-0.721,0.275554
12280,-0.72,0.272077
12281,-0.719,0.273816
12282,-0.718,0.273816
12283,-0.717,0.273816
12284,-0.716,0.272077
12285,-0.715,0.273816
12286,-0.714,0.273816
12287,-0.713,0.272077
12288,-0.712,0.275554
12289,-0.711,0.273816
12290,-0.71,0.272077
12291,-0.709,0.275554
12292,-0.708,0.273816
12293,-0.707,0.273816
12294,-0.706,0.273816
12295,-0.705,0.273816
12296,-0.704,0.273816
12297,-0.703,0.273816
12298,-0.702,0.273816
12299,-0.701,0.273816
12300,-0.7,0.273816
12301,-0.699,0.273816
12302,-0.698,0.273816
12303,-0.697,0.273816
12304,-0.696,0.273816
12305,-0.695,0.273816
12306,-0.694,0.273816
12307,-0.693,0.273816
12308,-0.692,0.273816
12309,-0.691,0.273816
12310,-0.69,0.273816
12311,-0.689,0.273816
12312,-0.688,0.273816
12313,-0.687,0.273816
12314,-0.686,0.273816
12315,-0.685,0.273816
12316,-0.684,0.273816
12317,-0.683,0.273816
12318,-0.682,0.273816
12319,-0.681,0.273816
12320,-0.68,0.273816
12321,-0.679,0.273816
12322,-0.678,0.273816
12323,-0.677,0.273816
12324,-0.676,0.273816
12325,-0.675,0.273816
12326,-0.674,0.273816
12327,-0.673,0.273816
12328,-0.672,0.272077
12329,-0.671,0.273816
12330,-0.67,0.273816
12331,-0.669,0.273816
12332,-0.668,0.273816
12333,-0.667,0.273816
12334,-0.666,0.273816
12335,-0.665,0.272077
12336,-0.664,0.272077
12337,-0.663,0.273816
12338,-0.662,0.273816
12339,-0.661,0.272077
12340,-0.66,0.275554
12341,-0.659,0.273816
12342,-0.658,0.273816
12343,-0.657,0.273816
12344,-0.656,0.272077
12345,-0.655,0.275554
12346,-0.654,0.273816
12347,-0.653,0.273816
12348,-0.652,0.273816
12349,-0.651,0.273816
12350,-0.65,0.273816
12351,-0.649,0.272077
12352,-0.648,0.273816
12353,-0.647,0.272077
12354,-0.646,0.272077
12355,-0.645,0.272077
12356,-0.644,0.272077
12357,-0.643,0.272077
12358,-0.642,0.272077
12359,-0.641,0.272077
12360,-0.64,0.272077
12361,-0.639,0.272077
12362,-0.638,0.272077
12363,-0.637,0.272077
12364,-0.636,0.272077
12365,-0.635,0.273816
12366,-0.634,0.273816
12367,-0.633,0.272077
12368,-0.632,0.273816
12369,-0.631,0.272077
12370,-0.63,0.272077
12371,-0.629,0.272077
12372,-0.628,0.272077
12373,-0.627,0.275554
12374,-0.626,0.272077
12375,-0.625,0.272077
12376,-0.624,0.273816
12377,-0.623,0.273816
12378,-0.622,0.273816
12379,-0.621,0.273816
12380,-0.62,0.273816
12381,-0.619,0.273816
12382,-0.618,0.273816
12383,-0.617,0.273816
12384,-0.616,0.273816
12385,-0.615,0.273816
12386,-0.614,0.273816
12387,-0.613,0.273816
12388,-0.612,0.273816
12389,-0.611,0.272077
12390,-0.61,0.275554
12391,-0.609,0.273816
12392,-0.608,0.273816
12393,-0.607,0.275554
12394,-0.606,0.272077
12395,-0.605,0.273816
12396,-0.604,0.272077
12397,-0.603,0.275554
12398,-0.602,0.273816
12399,-0.601,0.273816
12400,-0.6,0.273816
12401,-0.599,0.273816
12402,-0.598,0.273816
12403,-0.597,0.272077
12404,-0.596,0.272077
12405,-0.595,0.272077
12406,-0.594,0.272077
12407,-0.593,0.273816
12408,-0.592,0.272077
12409,-0.591,0.272077
12410,-0.59,0.272077
12411,-0.589,0.272077
12412,-0.588,0.272077
12413,-0.587,0.272077
12414,-0.586,0.273816
12415,-0.585,0.273816
12416,-0.584,0.273816
12417,-0.583,0.273816
12418,-0.582,0.273816
12419,-0.581,0.273816
12420,-0.58,0.273816
12421,-0.579,0.273816
12422,-0.578,0.273816
12423,-0.577,0.273816
12424,-0.576,0.270338
12425,-0.575,0.273816
12426,-0.574,0.273816
12427,-0.573,0.273816
12428,-0.572,0.275554
12429,-0.571,0.272077
12430,-0.57,0.273816
12431,-0.569,0.270338
12432,-0.568,0.273816
12433,-0.567,0.273816
12434,-0.566,0.273816
12435,-0.565,0.273816
12436,-0.564,0.273816
12437,-0.563,0.273816
12438,-0.562,0.273816
12439,-0.561,0.273816
12440,-0.56,0.273816
12441,-0.559,0.272077
12442,-0.558,0.272077
12443,-0.557,0.273816
12444,-0.556,0.273816
12445,-0.555,0.273816
12446,-0.554,0.273816
12447,-0.553,0.272077
12448,-0.552,0.275554
12449,-0.551,0.273816
12450,-0.55,0.273816
12451,-0.549,0.273816
12452,-0.548,0.273816
12453,-0.547,0.273816
12454,-0.546,0.272077
12455,-0.545,0.273816
12456,-0.544,0.272077
12457,-0.543,0.273816
12458,-0.542,0.272077
12459,-0.541,0.273816
12460,-0.54,0.272077
12461,-0.539,0.272077
12462,-0.538,0.272077
12463,-0.537,0.272077
12464,-0.536,0.272077
12465,-0.535,0.272077
12466,-0.534,0.272077
12467,-0.533,0.272077
12468,-0.532,0.272077
12469,-0.531,0.272077
12470,-0.53,0.272077
12471,-0.529,0.272077
12472,-0.528,0.272077
12473,-0.527,0.273816
12474,-0.526,0.272077
12475,-0.525,0.272077
12476,-0.524,0.272077
12477,-0.523,0.272077
12478,-0.522,0.272077
12479,-0.521,0.275554
12480,-0.52,0.272077
12481,-0.519,0.272077
12482,-0.518,0.272077
12483,-0.517,0.272077
12484,-0.516,0.272077
12485,-0.515,0.272077
12486,-0.514,0.272077
12487,-0.513,0.272077
12488,-0.512,0.272077
12489,-0.511,0.275554
12490,-0.51,0.272077
12491,-0.509,0.272077
12492,-0.508,0.272077
12493,-0.507,0.273816
12494,-0.506,0.273816
12495,-0.505,0.273816
12496,-0.504,0.272077
12497,-0.503,0.272077
12498,-0.502,0.275554
12499,-0.501,0.272077
12500,-0.5,0.273816
12501,-0.499,0.273816
12502,-0.498,0.272077
12503,-0.497,0.272077
12504,-0.496,0.272077
12505,-0.495,0.272077
12506,-0.494,0.272077
12507,-0.493,0.275554
12508,-0.492,0.272077
12509,-0.491,0.272077
12510,-0.49,0.272077
12511,-0.489,0.272077
12512,-0.488,0.275554
12513,-0.487,0.272077
12514,-0.486,0.272077
12515,-0.485,0.272077
12516,-0.484,0.272077
12517,-0.483,0.272077
12518,-0.482,0.275554
12519,-0.481,0.270338
12520,-0.48,0.273816
12521,-0.479,0.275554
12522,-0.478,0.272077
12523,-0.477,0.272077
12524,-0.476,0.272077
12525,-0.475,0.273816
12526,-0.474,0.273816
12527,-0.473,0.272077
12528,-0.472,0.272077
12529,-0.471,0.273816
12530,-0.47,0.273816
12531,-0.469,0.272077
12532,-0.468,0.272077
12533,-0.467,0.272077
12534,-0.466,0.272077
12535,-0.465,0.273816
12536,-0.464,0.273816
12537,-0.463,0.272077
12538,-0.462,0.272077
12539,-0.461,0.272077
12540,-0.46,0.272077
12541,-0.459,0.272077
12542,-0.458,0.272077
12543,-0.457,0.272077
12544,-0.456,0.272077
12545,-0.455,0.272077
12546,-0.454,0.272077
12547,-0.453,0.272077
12548,-0.452,0.272077
12549,-0.451,0.272077
12550,-0.45,0.272077
12551,-0.449,0.272077
12552,-0.448,0.272077
12553,-0.447,0.272077
12554,-0.446,0.273816
12555,-0.445,0.272077
12556,-0.444,0.273816
12557,-0.443,0.273816
12558,-0.442,0.272077
12559,-0.441,0.272077
12560,-0.44,0.272077
12561,-0.439,0.273816
12562,-0.438,0.272077
12563,-0.437,0.272077
12564,-0.436,0.275554
12565,-0.435,0.272077
12566,-0.434,0.272077
12567,-0.433,0.272077
12568,-0.432,0.272077
12569,-0.431,0.272077
12570,-0.43,0.272077
12571,-0.429,0.272077
12572,-0.428,0.273816
12573,-0.427,0.273816
12574,-0.426,0.273816
12575,-0.425,0.273816
12576,-0.424,0.272077
12577,-0.423,0.272077
12578,-0.422,0.272077
12579,-0.421,0.273816
12580,-0.42,0.273816
12581,-0.419,0.272077
12582,-0.418,0.272077
12583,-0.417,0.272077
12584,-0.416,0.272077
12585,-0.415,0.272077
12586,-0.414,0.272077
12587,-0.413,0.272077
12588,-0.412,0.273816
12589,-0.411,0.272077
12590,-0.41,0.273816
12591,-0.409,0.275554
12592,-0.408,0.272077
12593,-0.407,0.273816
12594,-0.406,0.273816
12595,-0.405,0.273816
12596,-0.404,0.273816
12597,-0.403,0.273816
12598,-0.402,0.273816
12599,-0.401,0.273816
12600,-0.4,0.273816
12601,-0.399,0.272077
12602,-0.398,0.273816
12603,-0.397,0.272077
12604,-0.396,0.273816
12605,-0.395,0.273816
12606,-0.394,0.273816
12607,-0.393,0.272077
12608,-0.392,0.272077
12609,-0.391,0.272077
12610,-0.39,0.272077
12611,-0.389,0.275554
12612,-0.388,0.272077
12613,-0.387,0.272077
12614,-0.386,0.272077
12615,-0.385,0.272077
12616,-0.384,0.273816
12617,-0.383,0.273816
12618,-0.382,0.273816
12619,-0.381,0.273816
12620,-0.38,0.273816
12621,-0.379,0.273816
12622,-0.378,0.273816
12623,-0.377,0.272077
12624,-0.376,0.273816
12625,-0.375,0.272077
12626,-0.374,0.275554
12627,-0.373,0.273816
12628,-0.372,0.273816
12629,-0.371,0.273816
12630,-0.37,0.272077
12631,-0.369,0.273816
12632,-0.368,0.273816
12633,-0.367,0.273816
12634,-0.366,0.273816
12635,-0.365,0.272077
12636,-0.364,0.272077
12637,-0.363,0.272077
12638,-0.362,0.273816
12639,-0.361,0.272077
12640,-0.36,0.273816
12641,-0.359,0.272077
12642,-0.358,0.272077
12643,-0.357,0.272077
12644,-0.356,0.272077
12645,-0.355,0.273816
12646,-0.354,0.272077
12647,-0.353,0.272077
12648,-0.352,0.272077
12649,-0.351,0.272077
12650,-0.35,0.272077
12651,-0.349,0.272077
12652,-0.348,0.272077
12653,-0.347,0.272077
12654,-0.346,0.272077
12655,-0.345,0.273816
12656,-0.344,0.273816
12657,-0.343,0.272077
12658,-0.342,0.272077
12659,-0.341,0.272077
12660,-0.34,0.272077
12661,-0.339,0.273816
12662,-0.338,0.273816
12663,-0.337,0.272077
12664,-0.336,0.272077
12665,-0.335,0.272077
12666,-0.334,0.272077
12667,-0.333,0.273816
12668,-0.332,0.272077
12669,-0.331,0.272077
12670,-0.33,0.272077
12671,-0.329,0.272077
12672,-0.328,0.272077
12673,-0.327,0.272077
12674,-0.326,0.273816
12675,-0.325,0.272077
12676,-0.324,0.272077
12677,-0.323,0.272077
12678,-0.322,0.272077
12679,-0.321,0.273816
12680,-0.32,0.273816
12681,-0.319,0.272077
12682,-0.318,0.273816
12683,-0.317,0.272077
12684,-0.316,0.272077
12685,-0.315,0.272077
12686,-0.314,0.272077
12687,-0.313,0.272077
12688,-0.312,0.272077
12689,-0.311,0.272077
12690,-0.31,0.273816
12691,-0.309,0.273816
12692,-0.308,0.272077
12693,-0.307,0.275554
12694,-0.306,0.272077
12695,-0.305,0.272077
12696,-0.304,0.272077
12697,-0.303,0.272077
12698,-0.302,0.272077
12699,-0.301,0.272077
12700,-0.3,0.272077
12701,-0.299,0.272077
12702,-0.298,0.272077
12703,-0.297,0.273816
12704,-0.296,0.272077
12705,-0.295,0.273816
12706,-0.294,0.273816
12707,-0.293,0.273816
12708,-0.292,0.272077
12709,-0.291,0.272077
12710,-0.29,0.273816
12711,-0.289,0.273816
12712,-0.288,0.273816
12713,-0.287,0.273816
12714,-0.286,0.272077
12715,-0.285,0.272077
12716,-0.284,0.272077
12717,-0.283,0.272077
12718,-0.282,0.272077
12719,-0.281,0.272077
12720,-0.28,0.273816
12721,-0.279,0.272077
12722,-0.278,0.272077
12723,-0.277,0.273816
12724,-0.276,0.272077
12725,-0.275,0.272077
12726,-0.274,0.272077
12727,-0.273,0.272077
12728,-0.272,0.273816
12729,-0.271,0.272077
12730,-0.27,0.272077
12731,-0.269,0.272077
12732,-0.268,0.272077
12733,-0.267,0.272077
12734,-0.266,0.272077
12735,-0.265,0.272077
12736,-0.264,0.272077
12737,-0.263,0.273816
12738,-0.262,0.272077
12739,-0.261,0.273816
12740,-0.26,0.273816
12741,-0.259,0.273816
12742,-0.258,0.273816
12743,-0.257,0.273816
12744,-0.256,0.273816
12745,-0.255,0.273816
12746,-0.254,0.273816
12747,-0.253,0.273816
12748,-0.252,0.273816
12749,-0.251,0.273816
12750,-0.25,0.273816
12751,-0.249,0.273816
12752,-0.248,0.272077
12753,-0.247,0.272077
12754,-0.246,0.272077
12755,-0.245,0.275554
12756,-0.244,0.270338
12757,-0.243,0.273816
12758,-0.242,0.273816
12759,-0.241,0.273816
12760,-0.24,0.273816
12761,-0.239,0.273816
12762,-0.238,0.272077
12763,-0.237,0.272077
12764,-0.236,0.273816
12765,-0.235,0.273816
12766,-0.234,0.273816
12767,-0.233,0.273816
12768,-0.232,0.273816
12769,-0.231,0.273816
12770,-0.23,0.273816
12771,-0.229,0.272077
12772,-0.228,0.272077
12773,-0.227,0.272077
12774,-0.226,0.272077
12775,-0.225,0.272077
12776,-0.224,0.273816
12777,-0.223,0.273816
12778,-0.222,0.273816
12779,-0.221,0.273816
12780,-0.22,0.273816
12781,-0.219,0.273816
12782,-0.218,0.273816
12783,-0.217,0.273816
12784,-0.216,0.272077
12785,-0.215,0.275554
12786,-0.214,0.273816
12787,-0.213,0.273816
12788,-0.212,0.273816
12789,-0.211,0.275554
12790,-0.21,0.272077
12791,-0.209,0.273816
12792,-0.208,0.272077
12793,-0.207,0.272077
12794,-0.206,0.272077
12795,-0.205,0.272077
12796,-0.204,0.272077
12797,-0.203,0.272077
12798,-0.202,0.272077
12799,-0.201,0.272077
12800,-0.2,0.272077
12801,-0.199,0.275554
12802,-0.198,0.272077
12803,-0.197,0.272077
12804,-0.196,0.272077
12805,-0.195,0.272077
12806,-0.194,0.272077
12807,-0.193,0.272077
12808,-0.192,0.272077
12809,-0.191,0.272077
12810,-0.19,0.272077
12811,-0.189,0.272077
12812,-0.188,0.272077
12813,-0.187,0.273816
12814,-0.186,0.272077
12815,-0.185,0.272077
12816,-0.184,0.272077
12817,-0.183,0.272077
12818,-0.182,0.272077
12819,-0.181,0.272077
12820,-0.18,0.272077
12821,-0.179,0.272077
12822,-0.178,0.272077
12823,-0.177,0.272077
12824,-0.176,0.272077
12825,-0.175,0.272077
12826,-0.174,0.272077
12827,-0.173,0.272077
12828,-0.172,0.272077
12829,-0.171,0.272077
12830,-0.17,0.272077
12831,-0.169,0.272077
12832,-0.168,0.272077
12833,-0.167,0.272077
12834,-0.166,0.272077
12835,-0.165,0.272077
12836,-0.164,0.272077
12837,-0.163,0.272077
12838,-0.162,0.272077
12839,-0.161,0.272077
12840,-0.16,0.272077
12841,-0.159,0.272077
12842,-0.158,0.272077
12843,-0.157,0.272077
12844,-0.156,0.272077
12845,-0.155,0.272077
12846,-0.154,0.272077
12847,-0.153,0.272077
12848,-0.152,0.272077
12849,-0.151,0.272077
12850,-0.15,0.272077
12851,-0.149,0.275554
12852,-0.148,0.272077
12853,-0.147,0.273816
12854,-0.146,0.273816
12855,-0.145,0.273816
12856,-0.144,0.272077
12857,-0.143,0.272077
12858,-0.142,0.272077
12859,-0.141,0.275554
12860,-0.14,0.272077
12861,-0.139,0.273816
12862,-0.138,0.272077
12863,-0.137,0.272077
12864,-0.136,0.273816
12865,-0.135,0.272077
12866,-0.134,0.272077
12867,-0.133,0.272077
12868,-0.132,0.273816
12869,-0.131,0.273816
12870,-0.13,0.273816
12871,-0.129,0.272077
12872,-0.128,0.272077
12873,-0.127,0.272077
12874,-0.126,0.272077
12875,-0.125,0.272077
12876,-0.124,0.272077
12877,-0.123,0.272077
12878,-0.122,0.272077
12879,-0.121,0.272077
12880,-0.12,0.272077
12881,-0.119,0.272077
12882,-0.118,0.272077
12883,-0.117,0.272077
12884,-0.116,0.272077
12885,-0.115,0.272077
12886,-0.114,0.272077
12887,-0.113,0.272077
12888,-0.112,0.272077
12889,-0.111,0.272077
12890,-0.11,0.272077
12891,-0.109,0.272077
12892,-0.108,0.272077
12893,-0.107,0.272077
12894,-0.106,0.272077
12895,-0.105,0.272077
12896,-0.104,0.272077
12897,-0.103,0.272077
12898,-0.102,0.272077
12899,-0.101,0.272077
12900,-0.1,0.272077
12901,-0.099,0.272077
12902,-0.098,0.275554
12903,-0.097,0.273816
12904,-0.096,0.272077
12905,-0.095,0.272077
12906,-0.094,0.275554
12907,-0.093,0.272077
12908,-0.092,0.272077
12909,-0.091,0.272077
12910,-0.09,0.273816
12911,-0.089,0.272077
12912,-0.088,0.272077
12913,-0.087,0.272077
12914,-0.086,0.272077
12915,-0.085,0.272077
12916,-0.084,0.272077
12917,-0.083,0.272077
12918,-0.082,0.272077
12919,-0.081,0.273816
12920,-0.08,0.273816
12921,-0.079,0.273816
12922,-0.078,0.273816
12923,-0.077,0.273816
12924,-0.076,0.273816
12925,-0.075,0.273816
12926,-0.074,0.273816
12927,-0.073,0.273816
12928,-0.072,0.272077
12929,-0.071,0.273816
12930,-0.07,0.272077
12931,-0.069,0.272077
12932,-0.068,0.272077
12933,-0.067,0.272077
12934,-0.066,0.272077
12935,-0.065,0.272077
12936,-0.064,0.272077
12937,-0.063,0.272077
12938,-0.062,0.272077
12939,-0.061,0.272077
12940,-0.06,0.272077
12941,-0.059,0.272077
12942,-0.058,0.272077
12943,-0.057,0.272077
12944,-0.056,0.272077
12945,-0.055,0.272077
12946,-0.054,0.272077
12947,-0.053,0.272077
12948,-0.052,0.272077
12949,-0.051,0.272077
12950,-0.05,0.272077
12951,-0.049,0.272077
12952,-0.048,0.272077
12953,-0.047,0.272077
12954,-0.046,0.272077
12955,-0.045,0.272077
12956,-0.044,0.272077
12957,-0.043,0.272077
12958,-0.042,0.272077
12959,-0.041,0.272077
12960,-0.04,0.272077
12961,-0.039,0.272077
12962,-0.038,0.272077
12963,-0.037,0.272077
12964,-0.036,0.272077
12965,-0.035,0.272077
12966,-0.034,0.272077
12967,-0.033,0.272077
12968,-0.032,0.272077
12969,-0.031,0.272077
12970,-0.03,0.272077
12971,-0.029,0.272077
12972,-0.028,0.272077
12973,-0.027,0.272077
12974,-0.026,0.272077
12975,-0.025,0.272077
12976,-0.024,0.272077
12977,-0.023,0.272077
12978,-0.022,0.272077
12979,-0.021,0.272077
12980,-0.02,0.272077
12981,-0.019,0.272077
12982,-0.018,0.273816
12983,-0.017,0.275554
12984,-0.016,0.275554
12985,-0.015,0.273816
12986,-0.014,0.272077
12987,-0.013,0.272077
12988,-0.012,0.272077
12989,-0.011,0.272077
12990,-0.01,0.273816
12991,-0.009,0.273816
12992,-0.008,0.272077
12993,-0.007,0.272077
12994,-0.006,0.272077
12995,-0.005,0.272077
12996,-0.004,0.272077
12997,-0.003,0.272077
12998,-0.002,0.272077
12999,-0.001,0.272077
13000,0,0.272077
13001,0.001,0.272077
13002,0.002,0.272077
13003,0.003,0.272077
13004,0.004,0.272077
13005,0.005,0.272077
13006,0.006,0.272077
13007,0.007,0.272077
13008,0.008,0.272077
13009,0.009,0.272077
13010,0.01,0.272077
13011,0.011,0.272077
13012,0.012,0.273816
13013,0.013,0.272077
13014,0.014,0.272077
13015,0.015,0.272077
13016,0.016,0.272077
13017,0.017,0.272077
13018,0.018,0.272077
13019,0.019,0.272077
13020,0.02,0.272077
13021,0.021,0.272077
13022,0.022,0.273816
13023,0.023,0.272077
13024,0.024,0.272077
13025,0.025,0.272077
13026,0.026,0.272077
13027,0.027,0.272077
13028,0.028,0.272077
13029,0.029,0.272077
13030,0.03,0.272077
13031,0.031,0.272077
13032,0.032,0.272077
13033,0.033,0.272077
13034,0.034,0.272077
13035,0.035,0.272077
13036,0.036,0.272077
13037,0.037,0.272077
13038,0.038,0.272077
13039,0.039,0.272077
13040,0.04,0.272077
13041,0.041,0.272077
13042,0.042,0.272077
13043,0.043,0.272077
13044,0.044,0.272077
13045,0.045,0.272077
13046,0.046,0.272077
13047,0.047,0.272077
13048,0.048,0.272077
13049,0.049,0.272077
13050,0.05,0.272077
13051,0.051,0.272077
13052,0.052,0.272077
13053,0.053,0.272077
13054,0.054,0.272077
13055,0.055,0.272077
13056,0.056,0.272077
13057,0.057,0.272077
13058,0.058,0.272077
13059,0.059,0.272077
13060,0.06,0.272077
13061,0.061,0.272077
13062,0.062,0.272077
13063,0.063,0.272077
13064,0.064,0.272077
13065,0.065,0.272077
13066,0.066,0.272077
13067,0.067,0.272077
13068,0.068,0.272077
13069,0.069,0.272077
13070,0.07,0.272077
13071,0.071,0.272077
13072,0.072,0.272077
13073,0.073,0.272077
13074,0.074,0.272077
13075,0.075,0.272077
13076,0.076,0.272077
13077,0.077,0.272077
13078,0.078,0.272077
13079,0.079,0.272077
13080,0.08,0.273816
13081,0.081,0.273816
13082,0.082,0.272077
13083,0.083,0.272077
13084,0.084,0.272077
13085,0.085,0.272077
13086,0.086,0.273816
13087,0.087,0.272077
13088,0.088,0.272077
13089,0.089,0.272077
13090,0.09,0.272077
13091,0.091,0.272077
13092,0.092,0.272077
13093,0.093,0.272077
13094,0.094,0.272077
13095,0.095,0.272077
13096,0.096,0.272077
13097,0.097,0.273816
13098,0.098,0.273816
13099,0.099,0.272077
13100,0.1,0.272077
13101,0.101,0.272077
13102,0.102,0.272077
13103,0.103,0.275554
13104,0.104,0.272077
13105,0.105,0.273816
13106,0.106,0.273816
13107,0.107,0.273816
13108,0.108,0.273816
13109,0.109,0.272077
13110,0.11,0.272077
13111,0.111,0.272077
13112,0.112,0.273816
13113,0.113,0.273816
13114,0.114,0.273816
13115,0.115,0.272077
13116,0.116,0.272077
13117,0.117,0.272077
13118,0.118,0.272077
13119,0.119,0.272077
13120,0.12,0.272077
13121,0.121,0.272077
13122,0.122,0.272077
13123,0.123,0.272077
13124,0.124,0.272077
13125,0.125,0.272077
13126,0.126,0.272077
13127,0.127,0.272077
13128,0.128,0.272077
13129,0.129,0.272077
13130,0.13,0.272077
13131,0.131,0.272077
13132,0.132,0.272077
13133,0.133,0.272077
13134,0.134,0.272077
13135,0.135,0.272077
13136,0.136,0.272077
13137,0.137,0.272077
13138,0.138,0.272077
13139,0.139,0.272077
13140,0.14,0.272077
13141,0.141,0.272077
13142,0.142,0.272077
13143,0.143,0.272077
13144,0.144,0.272077
13145,0.145,0.272077
13146,0.146,0.272077
13147,0.147,0.272077
13148,0.148,0.272077
13149,0.149,0.272077
13150,0.15,0.272077
13151,0.151,0.272077
13152,0.152,0.272077
13153,0.153,0.275554
13154,0.154,0.272077
13155,0.155,0.272077
13156,0.156,0.272077
13157,0.157,0.273816
13158,0.158,0.272077
13159,0.159,0.272077
13160,0.16,0.272077
13161,0.161,0.272077
13162,0.162,0.272077
13163,0.163,0.272077
13164,0.164,0.272077
13165,0.165,0.272077
13166,0.166,0.272077
13167,0.167,0.272077
13168,0.168,0.272077
13169,0.169,0.272077
13170,0.17,0.272077
13171,0.171,0.272077
13172,0.172,0.272077
13173,0.173,0.272077
13174,0.174,0.272077
13175,0.175,0.272077
13176,0.176,0.272077
13177,0.177,0.272077
13178,0.178,0.272077
13179,0.179,0.272077
13180,0.18,0.272077
13181,0.181,0.272077
13182,0.182,0.272077
13183,0.183,0.272077
13184,0.184,0.272077
13185,0.185,0.272077
13186,0.186,0.272077
13187,0.187,0.272077
13188,0.188,0.272077
13189,0.189,0.272077
13190,0.19,0.272077
13191,0.191,0.272077
13192,0.192,0.272077
13193,0.193,0.272077
13194,0.194,0.272077
13195,0.195,0.272077
13196,0.196,0.272077
13197,0.197,0.273816
13198,0.198,0.272077
13199,0.199,0.272077
13200,0.2,0.272077
13201,0.201,0.272077
13202,0.202,0.272077
13203,0.203,0.272077
13204,0.204,0.272077
13205,0.205,0.272077
13206,0.206,0.272077
13207,0.207,0.272077
13208,0.208,0.273816
13209,0.209,0.273816
13210,0.21,0.272077
13211,0.211,0.272077
13212,0.212,0.272077
13213,0.213,0.272077
13214,0.214,0.272077
13215,0.215,0.272077
13216,0.216,0.272077
13217,0.217,0.273816
13218,0.218,0.273816
13219,0.219,0.272077
13220,0.22,0.275554
13221,0.221,0.272077
13222,0.222,0.272077
13223,0.223,0.272077
13224,0.224,0.272077
13225,0.225,0.272077
13226,0.226,0.272077
13227,0.227,0.272077
13228,0.228,0.272077
13229,0.229,0.272077
13230,0.23,0.272077
13231,0.231,0.272077
13232,0.232,0.272077
13233,0.233,0.272077
13234,0.234,0.272077
13235,0.235,0.272077
13236,0.236,0.272077
13237,0.237,0.272077
13238,0.238,0.272077
13239,0.239,0.272077
13240,0.24,0.272077
13241,0.241,0.272077
13242,0.242,0.272077
13243,0.243,0.272077
13244,0.244,0.272077
13245,0.245,0.272077
13246,0.246,0.272077
13247,0.247,0.273816
13248,0.248,0.272077
13249,0.249,0.272077
13250,0.25,0.272077
13251,0.251,0.272077
13252,0.252,0.275554
13253,0.253,0.275554
13254,0.254,0.272077
13255,0.255,0.272077
13256,0.256,0.273816
13257,0.257,0.272077
13258,0.258,0.272077
13259,0.259,0.272077
13260,0.26,0.273816
13261,0.261,0.273816
13262,0.262,0.272077
13263,0.263,0.272077
13264,0.264,0.273816
13265,0.265,0.273816
13266,0.266,0.273816
13267,0.267,0.273816
13268,0.268,0.273816
13269,0.269,0.273816
13270,0.27,0.273816
13271,0.271,0.273816
13272,0.272,0.273816
13273,0.273,0.272077
13274,0.274,0.272077
13275,0.275,0.272077
13276,0.276,0.272077
13277,0.277,0.272077
13278,0.278,0.272077
13279,0.279,0.272077
13280,0.28,0.275554
13281,0.281,0.270338
13282,0.282,0.273816
13283,0.283,0.273816
13284,0.284,0.273816
13285,0.285,0.273816
13286,0.286,0.272077
13287,0.287,0.272077
13288,0.288,0.275554
13289,0.289,0.270338
13290,0.29,0.273816
13291,0.291,0.273816
13292,0.292,0.272077
13293,0.293,0.272077
13294,0.294,0.272077
13295,0.295,0.273816
13296,0.296,0.272077
13297,0.297,0.272077
13298,0.298,0.272077
13299,0.299,0.272077
13300,0.3,0.273816
13301,0.301,0.272077
13302,0.302,0.275554
13303,0.303,0.270338
13304,0.304,0.273816
13305,0.305,0.273816
13306,0.306,0.272077
13307,0.307,0.272077
13308,0.308,0.272077
13309,0.309,0.272077
13310,0.31,0.272077
13311,0.311,0.272077
13312,0.312,0.272077
13313,0.313,0.272077
13314,0.314,0.275554
13315,0.315,0.272077
13316,0.316,0.272077
13317,0.317,0.272077
13318,0.318,0.272077
13319,0.319,0.272077
13320,0.32,0.272077
13321,0.321,0.272077
13322,0.322,0.272077
13323,0.323,0.272077
13324,0.324,0.272077
13325,0.325,0.272077
13326,0.326,0.272077
13327,0.327,0.272077
13328,0.328,0.272077
13329,0.329,0.272077
13330,0.33,0.272077
13331,0.331,0.272077
13332,0.332,0.272077
13333,0.333,0.272077
13334,0.334,0.272077
13335,0.335,0.272077
13336,0.336,0.272077
13337,0.337,0.272077
13338,0.338,0.272077
13339,0.339,0.272077
13340,0.34,0.272077
13341,0.341,0.272077
13342,0.342,0.272077
13343,0.343,0.272077
13344,0.344,0.275554
13345,0.345,0.272077
13346,0.346,0.273816
13347,0.347,0.273816
13348,0.348,0.273816
13349,0.349,0.273816
13350,0.35,0.272077
13351,0.351,0.273816
13352,0.352,0.273816
13353,0.353,0.273816
13354,0.354,0.273816
13355,0.355,0.273816
13356,0.356,0.273816
13357,0.357,0.273816
13358,0.358,0.273816
13359,0.359,0.273816
13360,0.36,0.273816
13361,0.361,0.273816
13362,0.362,0.273816
13363,0.363,0.273816
13364,0.364,0.272077
13365,0.365,0.273816
13366,0.366,0.273816
13367,0.367,0.273816
13368,0.368,0.273816
13369,0.369,0.273816
13370,0.37,0.275554
13371,0.371,0.272077
13372,0.372,0.273816
13373,0.373,0.275554
13374,0.374,0.272077
13375,0.375,0.272077
13376,0.376,0.272077
13377,0.377,0.272077
13378,0.378,0.272077
13379,0.379,0.272077
13380,0.38,0.272077
13381,0.381,0.272077
13382,0.382,0.275554
13383,0.383,0.273816
13384,0.384,0.272077
13385,0.385,0.272077
13386,0.386,0.272077
13387,0.387,0.273816
13388,0.388,0.273816
13389,0.389,0.273816
13390,0.39,0.270338
13391,0.391,0.275554
13392,0.392,0.272077
13393,0.393,0.273816
13394,0.394,0.273816
13395,0.395,0.273816
13396,0.396,0.273816
13397,0.397,0.273816
13398,0.398,0.273816
13399,0.399,0.270338
13400,0.4,0.273816
13401,0.401,0.273816
13402,0.402,0.273816
13403,0.403,0.273816
13404,0.404,0.273816
13405,0.405,0.270338
13406,0.406,0.275554
13407,0.407,0.273816
13408,0.408,0.272077
13409,0.409,0.272077
13410,0.41,0.272077
13411,0.411,0.273816
13412,0.412,0.273816
13413,0.413,0.273816
13414,0.414,0.273816
13415,0.415,0.270338
13416,0.416,0.273816
13417,0.417,0.273816
13418,0.418,0.273816
13419,0.419,0.273816
13420,0.42,0.273816
13421,0.421,0.272077
13422,0.422,0.273816
13423,0.423,0.273816
13424,0.424,0.273816
13425,0.425,0.273816
13426,0.426,0.273816
13427,0.427,0.273816
13428,0.428,0.272077
13429,0.429,0.272077
13430,0.43,0.272077
13431,0.431,0.272077
13432,0.432,0.273816
13433,0.433,0.273816
13434,0.434,0.272077
13435,0.435,0.272077
13436,0.436,0.272077
13437,0.437,0.272077
13438,0.438,0.275554
13439,0.439,0.270338
13440,0.44,0.273816
13441,0.441,0.273816
13442,0.442,0.272077
13443,0.443,0.272077
13444,0.444,0.272077
13445,0.445,0.272077
13446,0.446,0.272077
13447,0.447,0.272077
13448,0.448,0.272077
13449,0.449,0.272077
13450,0.45,0.272077
13451,0.451,0.272077
13452,0.452,0.272077
13453,0.453,0.272077
13454,0.454,0.272077
13455,0.455,0.272077
13456,0.456,0.272077
13457,0.457,0.272077
13458,0.458,0.272077
13459,0.459,0.272077
13460,0.46,0.272077
13461,0.461,0.272077
13462,0.462,0.272077
13463,0.463,0.272077
13464,0.464,0.272077
13465,0.465,0.272077
13466,0.466,0.273816
13467,0.467,0.273816
13468,0.468,0.273816
13469,0.469,0.270338
13470,0.47,0.273816
13471,0.471,0.273816
13472,0.472,0.272077
13473,0.473,0.272077
13474,0.474,0.272077
13475,0.475,0.272077
13476,0.476,0.272077
13477,0.477,0.273816
13478,0.478,0.272077
13479,0.479,0.272077
13480,0.48,0.272077
13481,0.481,0.272077
13482,0.482,0.272077
13483,0.483,0.272077
13484,0.484,0.272077
13485,0.485,0.272077
13486,0.486,0.272077
13487,0.487,0.272077
13488,0.488,0.272077
13489,0.489,0.272077
13490,0.49,0.272077
13491,0.491,0.273816
13492,0.492,0.272077
13493,0.493,0.272077
13494,0.494,0.273816
13495,0.495,0.272077
13496,0.496,0.272077
13497,0.497,0.272077
13498,0.498,0.273816
13499,0.499,0.272077
13500,0.5,0.272077
13501,0.501,0.272077
13502,0.502,0.272077
13503,0.503,0.272077
13504,0.504,0.272077
13505,0.505,0.272077
13506,0.506,0.273816
13507,0.507,0.273816
13508,0.508,0.273816
13509,0.509,0.273816
13510,0.51,0.273816
13511,0.511,0.273816
13512,0.512,0.273816
13513,0.513,0.272077
13514,0.514,0.272077
13515,0.515,0.272077
13516,0.516,0.272077
13517,0.517,0.272077
13518,0.518,0.273816
13519,0.519,0.273816
13520,0.52,0.273816
13521,0.521,0.272077
13522,0.522,0.273816
13523,0.523,0.273816
13524,0.524,0.273816
13525,0.525,0.273816
13526,0.526,0.273816
13527,0.527,0.272077
13528,0.528,0.273816
13529,0.529,0.275554
13530,0.53,0.272077
13531,0.531,0.272077
13532,0.532,0.273816
13533,0.533,0.273816
13534,0.534,0.273816
13535,0.535,0.275554
13536,0.536,0.272077
13537,0.537,0.273816
13538,0.538,0.273816
13539,0.539,0.273816
13540,0.54,0.273816
13541,0.541,0.273816
13542,0.542,0.273816
13543,0.543,0.273816
13544,0.544,0.273816
13545,0.545,0.273816
13546,0.546,0.273816
13547,0.547,0.273816
13548,0.548,0.273816
13549,0.549,0.273816
13550,0.55,0.272077
13551,0.551,0.273816
13552,0.552,0.272077
13553,0.553,0.275554
13554,0.554,0.272077
13555,0.555,0.273816
13556,0.556,0.273816
13557,0.557,0.273816
13558,0.558,0.273816
13559,0.559,0.273816
13560,0.56,0.273816
13561,0.561,0.273816
13562,0.562,0.273816
13563,0.563,0.273816
13564,0.564,0.273816
13565,0.565,0.273816
13566,0.566,0.273816
13567,0.567,0.273816
13568,0.568,0.273816
13569,0.569,0.273816
13570,0.57,0.273816
13571,0.571,0.273816
13572,0.572,0.273816
13573,0.573,0.273816
13574,0.574,0.273816
13575,0.575,0.273816
13576,0.576,0.273816
13577,0.577,0.273816
13578,0.578,0.273816
13579,0.579,0.273816
13580,0.58,0.273816
13581,0.581,0.273816
13582,0.582,0.273816
13583,0.583,0.273816
13584,0.584,0.273816
13585,0.585,0.273816
13586,0.586,0.273816
13587,0.587,0.273816
13588,0.588,0.273816
13589,0.589,0.273816
13590,0.59,0.273816
13591,0.591,0.273816
13592,0.592,0.273816
13593,0.593,0.272077
13594,0.594,0.273816
13595,0.595,0.273816
13596,0.596,0.275554
13597,0.597,0.272077
13598,0.598,0.273816
13599,0.599,0.273816
13600,0.6,0.270338
13601,0.601,0.273816
13602,0.602,0.273816
13603,0.603,0.273816
13604,0.604,0.273816
13605,0.605,0.273816
13606,0.606,0.273816
13607,0.607,0.273816
13608,0.608,0.273816
13609,0.609,0.273816
13610,0.61,0.273816
13611,0.611,0.273816
13612,0.612,0.273816
13613,0.613,0.273816
13614,0.614,0.273816
13615,0.615,0.273816
13616,0.616,0.273816
13617,0.617,0.273816
13618,0.618,0.273816
13619,0.619,0.273816
13620,0.62,0.273816
13621,0.621,0.273816
13622,0.622,0.273816
13623,0.623,0.273816
13624,0.624,0.273816
13625,0.625,0.273816
13626,0.626,0.273816
13627,0.627,0.273816
13628,0.628,0.273816
13629,0.629,0.272077
13630,0.63,0.272077
13631,0.631,0.273816
13632,0.632,0.273816
13633,0.633,0.272077
13634,0.634,0.275554
13635,0.635,0.273816
13636,0.636,0.273816
13637,0.637,0.273816
13638,0.638,0.273816
13639,0.639,0.273816
13640,0.64,0.273816
13641,0.641,0.273816
13642,0.642,0.273816
13643,0.643,0.273816
13644,0.644,0.273816
13645,0.645,0.273816
13646,0.646,0.273816
13647,0.647,0.273816
13648,0.648,0.273816
13649,0.649,0.273816
13650,0.65,0.273816
13651,0.651,0.273816
13652,0.652,0.273816
13653,0.653,0.273816
13654,0.654,0.273816
13655,0.655,0.273816
13656,0.656,0.273816
13657,0.657,0.273816
13658,0.658,0.275554
13659,0.659,0.272077
13660,0.66,0.273816
13661,0.661,0.273816
13662,0.662,0.273816
13663,0.663,0.273816
13664,0.664,0.273816
13665,0.665,0.273816
13666,0.666,0.273816
13667,0.667,0.273816
13668,0.668,0.273816
13669,0.669,0.273816
13670,0.67,0.273816
13671,0.671,0.273816
13672,0.672,0.273816
13673,0.673,0.273816
13674,0.674,0.273816
13675,0.675,0.273816
13676,0.676,0.273816
13677,0.677,0.275554
13678,0.678,0.272077
13679,0.679,0.273816
13680,0.68,0.273816
13681,0.681,0.275554
13682,0.682,0.272077
13683,0.683,0.273816
13684,0.684,0.273816
13685,0.685,0.273816
13686,0.686,0.273816
13687,0.687,0.273816
13688,0.688,0.273816
13689,0.689,0.272077
13690,0.69,0.272077
13691,0.691,0.272077
13692,0.692,0.273816
13693,0.693,0.273816
13694,0.694,0.273816
13695,0.695,0.272077
13696,0.696,0.275554
13697,0.697,0.273816
13698,0.698,0.275554
13699,0.699,0.272077
13700,0.7,0.273816
13701,0.701,0.273816
13702,0.702,0.273816
13703,0.703,0.275554
13704,0.704,0.272077
13705,0.705,0.273816
13706,0.706,0.273816
13707,0.707,0.273816
13708,0.708,0.273816
13709,0.709,0.273816
13710,0.71,0.273816
13711,0.711,0.273816
13712,0.712,0.273816
13713,0.713,0.273816
13714,0.714,0.273816
13715,0.715,0.273816
13716,0.716,0.273816
13717,0.717,0.273816
13718,0.718,0.273816
13719,0.719,0.273816
13720,0.72,0.273816
13721,0.721,0.275554
13722,0.722,0.272077
13723,0.723,0.273816
13724,0.724,0.273816
13725,0.725,0.273816
13726,0.726,0.273816
13727,0.727,0.273816
13728,0.728,0.273816
13729,0.729,0.273816
13730,0.73,0.273816
13731,0.731,0.272077
13732,0.732,0.273816
13733,0.733,0.273816
13734,0.734,0.273816
13735,0.735,0.273816
13736,0.736,0.273816
13737,0.737,0.273816
13738,0.738,0.273816
13739,0.739,0.273816
13740,0.74,0.273816
13741,0.741,0.273816
13742,0.742,0.273816
13743,0.743,0.273816
13744,0.744,0.273816
13745,0.745,0.272077
13746,0.746,0.273816
13747,0.747,0.273816
13748,0.748,0.272077
13749,0.749,0.272077
13750,0.75,0.275554
13751,0.751,0.272077
13752,0.752,0.272077
13753,0.753,0.273816
13754,0.754,0.273816
13755,0.755,0.273816
13756,0.756,0.273816
13757,0.757,0.273816
13758,0.758,0.272077
13759,0.759,0.272077
13760,0.76,0.275554
13761,0.761,0.272077
13762,0.762,0.272077
13763,0.763,0.273816
13764,0.764,0.273816
13765,0.765,0.273816
13766,0.766,0.273816
13767,0.767,0.272077
13768,0.768,0.272077
13769,0.769,0.272077
13770,0.77,0.272077
13771,0.771,0.272077
13772,0.772,0.273816
13773,0.773,0.272077
13774,0.774,0.272077
13775,0.775,0.272077
13776,0.776,0.272077
13777,0.777,0.272077
13778,0.778,0.272077
13779,0.779,0.272077
13780,0.78,0.272077
13781,0.781,0.272077
13782,0.782,0.273816
13783,0.783,0.273816
13784,0.784,0.273816
13785,0.785,0.272077
13786,0.786,0.272077
13787,0.787,0.273816
13788,0.788,0.273816
13789,0.789,0.273816
13790,0.79,0.273816
13791,0.791,0.273816
13792,0.792,0.273816
13793,0.793,0.273816
13794,0.794,0.273816
13795,0.795,0.273816
13796,0.796,0.273816
13797,0.797,0.273816
13798,0.798,0.273816
13799,0.799,0.273816
13800,0.8,0.273816
13801,0.801,0.273816
13802,0.802,0.273816
13803,0.803,0.273816
13804,0.804,0.270338
13805,0.805,0.273816
13806,0.806,0.273816
13807,0.807,0.273816
13808,0.808,0.273816
13809,0.809,0.273816
13810,0.81,0.273816
13811,0.811,0.273816
13812,0.812,0.273816
13813,0.813,0.273816
13814,0.814,0.275554
13815,0.815,0.272077
13816,0.816,0.273816
13817,0.817,0.273816
13818,0.818,0.273816
13819,0.819,0.273816
13820,0.82,0.273816
13821,0.821,0.273816
13822,0.822,0.273816
13823,0.823,0.273816
13824,0.824,0.273816
13825,0.825,0.272077
13826,0.826,0.272077
13827,0.827,0.272077
13828,0.828,0.275554
13829,0.829,0.273816
13830,0.83,0.273816
13831,0.831,0.273816
13832,0.832,0.273816
13833,0.833,0.273816
13834,0.834,0.273816
13835,0.835,0.273816
13836,0.836,0.273816
13837,0.837,0.273816
13838,0.838,0.275554
13839,0.839,0.272077
13840,0.84,0.273816
13841,0.841,0.273816
13842,0.842,0.273816
13843,0.843,0.273816
13844,0.844,0.272077
13845,0.845,0.275554
13846,0.846,0.273816
13847,0.847,0.273816
13848,0.848,0.273816
13849,0.849,0.273816
13850,0.85,0.273816
13851,0.851,0.273816
13852,0.852,0.273816
13853,0.853,0.273816
13854,0.854,0.273816
13855,0.855,0.273816
13856,0.856,0.273816
13857,0.857,0.273816
13858,0.858,0.273816
13859,0.859,0.273816
13860,0.86,0.273816
13861,0.861,0.273816
13862,0.862,0.273816
13863,0.863,0.273816
13864,0.864,0.273816
13865,0.865,0.273816
13866,0.866,0.273816
13867,0.867,0.273816
13868,0.868,0.273816
13869,0.869,0.273816
13870,0.87,0.273816
13871,0.871,0.273816
13872,0.872,0.273816
13873,0.873,0.273816
13874,0.874,0.273816
13875,0.875,0.273816
13876,0.876,0.273816
13877,0.877,0.273816
13878,0.878,0.273816
13879,0.879,0.273816
13880,0.88,0.273816
13881,0.881,0.273816
13882,0.882,0.273816
13883,0.883,0.273816
13884,0.884,0.273816
13885,0.885,0.273816
13886,0.886,0.273816
13887,0.887,0.273816
13888,0.888,0.273816
13889,0.889,0.273816
13890,0.89,0.273816
13891,0.891,0.272077
13892,0.892,0.273816
13893,0.893,0.273816
13894,0.894,0.273816
13895,0.895,0.272077
13896,0.896,0.272077
13897,0.897,0.273816
13898,0.898,0.273816
13899,0.899,0.273816
13900,0.9,0.272077
13901,0.901,0.273816
13902,0.902,0.273816
13903,0.903,0.273816
13904,0.904,0.273816
13905,0.905,0.273816
13906,0.906,0.273816
13907,0.907,0.273816
13908,0.908,0.273816
13909,0.909,0.270338
13910,0.91,0.273816
13911,0.911,0.272077
13912,0.912,0.273816
13913,0.913,0.273816
13914,0.914,0.273816
13915,0.915,0.273816
13916,0.916,0.273816
13917,0.917,0.273816
13918,0.918,0.273816
13919,0.919,0.273816
13920,0.92,0.273816
13921,0.921,0.272077
13922,0.922,0.273816
13923,0.923,0.273816
13924,0.924,0.273816
13925,0.925,0.272077
13926,0.926,0.272077
13927,0.927,0.272077
13928,0.928,0.272077
13929,0.929,0.272077
13930,0.93,0.272077
13931,0.931,0.273816
13932,0.932,0.273816
13933,0.933,0.273816
13934,0.934,0.273816
13935,0.935,0.273816
13936,0.936,0.273816
13937,0.937,0.272077
13938,0.938,0.272077
13939,0.939,0.272077
13940,0.94,0.273816
13941,0.941,0.273816
13942,0.942,0.272077
13943,0.943,0.272077
13944,0.944,0.272077
13945,0.945,0.272077
13946,0.946,0.272077
13947,0.947,0.272077
13948,0.948,0.272077
13949,0.949,0.272077
13950,0.95,0.273816
13951,0.951,0.273816
13952,0.952,0.273816
13953,0.953,0.272077
13954,0.954,0.272077
13955,0.955,0.272077
13956,0.956,0.272077
13957,0.957,0.272077
13958,0.958,0.272077
13959,0.959,0.272077
13960,0.96,0.272077
13961,0.961,0.272077
13962,0.962,0.273816
13963,0.963,0.273816
13964,0.964,0.273816
13965,0.965,0.273816
13966,0.966,0.273816
13967,0.967,0.273816
13968,0.968,0.272077
13969,0.969,0.272077
13970,0.97,0.272077
13971,0.971,0.275554
13972,0.972,0.272077
13973,0.973,0.272077
13974,0.974,0.272077
13975,0.975,0.272077
13976,0.976,0.273816
13977,0.977,0.273816
13978,0.978,0.273816
13979,0.979,0.273816
13980,0.98,0.273816
13981,0.981,0.273816
13982,0.982,0.273816
13983,0.983,0.273816
13984,0.984,0.273816
13985,0.985,0.273816
13986,0.986,0.273816
13987,0.987,0.273816
13988,0.988,0.273816
13989,0.989,0.272077
13990,0.99,0.275554
13991,0.991,0.272077
13992,0.992,0.272077
13993,0.993,0.273816
13994,0.994,0.272077
13995,0.995,0.273816
13996,0.996,0.272077
13997,0.997,0.273816
13998,0.998,0.273816
13999,0.999,0.273816
14000,1,0.272077
14001,1.001,0.272077
14002,1.002,0.272077
14003,1.003,0.273816
14004,1.004,0.272077
14005,1.005,0.272077
14006,1.006,0.272077
14007,1.007,0.272077
14008,1.008,0.272077
14009,1.009,0.272077
14010,1.01,0.272077
14011,1.011,0.272077
14012,1.012,0.272077
14013,1.013,0.272077
14014,1.014,0.272077
14015,1.015,0.272077
14016,1.016,0.272077
14017,1.017,0.272077
14018,1.018,0.273816
14019,1.019,0.273816
14020,1.02,0.273816
14021,1.021,0.273816
14022,1.022,0.273816
14023,1.023,0.273816
14024,1.024,0.273816
14025,1.025,0.273816
14026,1.026,0.273816
14027,1.027,0.273816
14028,1.028,0.273816
14029,1.029,0.273816
14030,1.03,0.273816
14031,1.031,0.273816
14032,1.032,0.273816
14033,1.033,0.273816
14034,1.034,0.273816
14035,1.035,0.270338
14036,1.036,0.273816
14037,1.037,0.273816
14038,1.038,0.273816
14039,1.039,0.273816
14040,1.04,0.273816
14041,1.041,0.273816
14042,1.042,0.273816
14043,1.043,0.273816
14044,1.044,0.272077
14045,1.045,0.275554
14046,1.046,0.273816
14047,1.047,0.273816
14048,1.048,0.273816
14049,1.049,0.273816
14050,1.05,0.272077
14051,1.051,0.273816
14052,1.052,0.275554
14053,1.053,0.272077
14054,1.054,0.272077
14055,1.055,0.272077
14056,1.056,0.272077
14057,1.057,0.272077
14058,1.058,0.272077
14059,1.059,0.272077
14060,1.06,0.273816
14061,1.061,0.273816
14062,1.062,0.272077
14063,1.063,0.272077
14064,1.064,0.272077
14065,1.065,0.272077
14066,1.066,0.272077
14067,1.067,0.272077
14068,1.068,0.272077
14069,1.069,0.273816
14070,1.07,0.273816
14071,1.071,0.273816
14072,1.072,0.272077
14073,1.073,0.272077
14074,1.074,0.272077
14075,1.075,0.272077
14076,1.076,0.273816
14077,1.077,0.272077
14078,1.078,0.272077
14079,1.079,0.272077
14080,1.08,0.272077
14081,1.081,0.272077
14082,1.082,0.272077
14083,1.083,0.273816
14084,1.084,0.273816
14085,1.085,0.272077
14086,1.086,0.272077
14087,1.087,0.272077
14088,1.088,0.272077
14089,1.089,0.272077
14090,1.09,0.272077
14091,1.091,0.272077
14092,1.092,0.272077
14093,1.093,0.272077
14094,1.094,0.272077
14095,1.095,0.272077
14096,1.096,0.272077
14097,1.097,0.272077
14098,1.098,0.272077
14099,1.099,0.272077
14100,1.1,0.272077
14101,1.101,0.272077
14102,1.102,0.272077
14103,1.103,0.272077
14104,1.104,0.272077
14105,1.105,0.272077
14106,1.106,0.272077
14107,1.107,0.272077
14108,1.108,0.272077
14109,1.109,0.272077
14110,1.11,0.272077
14111,1.111,0.272077
14112,1.112,0.272077
14113,1.113,0.272077
14114,1.114,0.275554
14115,1.115,0.272077
14116,1.116,0.272077
14117,1.117,0.272077
14118,1.118,0.272077
14119,1.119,0.272077
14120,1.12,0.272077
14121,1.121,0.272077
14122,1.122,0.272077
14123,1.123,0.272077
14124,1.124,0.273816
14125,1.125,0.273816
14126,1.126,0.273816
14127,1.127,0.273816
14128,1.128,0.273816
14129,1.129,0.273816
14130,1.13,0.273816
14131,1.131,0.273816
14132,1.132,0.273816
14133,1.133,0.273816
14134,1.134,0.273816
14135,1.135,0.273816
14136,1.136,0.273816
14137,1.137,0.273816
14138,1.138,0.273816
14139,1.139,0.273816
14140,1.14,0.273816
14141,1.141,0.270338
14142,1.142,0.273816
14143,1.143,0.272077
14144,1.144,0.273816
14145,1.145,0.273816
14146,1.146,0.273816
14147,1.147,0.273816
14148,1.148,0.273816
14149,1.149,0.273816
14150,1.15,0.273816
14151,1.151,0.272077
14152,1.152,0.273816
14153,1.153,0.273816
14154,1.154,0.273816
14155,1.155,0.273816
14156,1.156,0.273816
14157,1.157,0.272077
14158,1.158,0.273816
14159,1.159,0.272077
14160,1.16,0.272077
14161,1.161,0.272077
14162,1.162,0.272077
14163,1.163,0.272077
14164,1.164,0.272077
14165,1.165,0.273816
14166,1.166,0.273816
14167,1.167,0.270338
14168,1.168,0.273816
14169,1.169,0.273816
14170,1.17,0.273816
14171,1.171,0.273816
14172,1.172,0.273816
14173,1.173,0.272077
14174,1.174,0.272077
14175,1.175,0.273816
14176,1.176,0.273816
14177,1.177,0.273816
14178,1.178,0.273816
14179,1.179,0.273816
14180,1.18,0.273816
14181,1.181,0.273816
14182,1.182,0.273816
14183,1.183,0.273816
14184,1.184,0.273816
14185,1.185,0.272077
14186,1.186,0.272077
14187,1.187,0.275554
14188,1.188,0.270338
14189,1.189,0.273816
14190,1.19,0.273816
14191,1.191,0.272077
14192,1.192,0.273816
14193,1.193,0.273816
14194,1.194,0.272077
14195,1.195,0.272077
14196,1.196,0.272077
14197,1.197,0.272077
14198,1.198,0.272077
14199,1.199,0.273816
14200,1.2,0.273816
14201,1.201,0.272077
14202,1.202,0.273816
14203,1.203,0.273816
14204,1.204,0.273816
14205,1.205,0.272077
14206,1.206,0.272077
14207,1.207,0.272077
14208,1.208,0.272077
14209,1.209,0.272077
14210,1.21,0.273816
14211,1.211,0.273816
14212,1.212,0.272077
14213,1.213,0.272077
14214,1.214,0.272077
14215,1.215,0.272077
14216,1.216,0.272077
14217,1.217,0.272077
14218,1.218,0.272077
14219,1.219,0.272077
14220,1.22,0.272077
14221,1.221,0.272077
14222,1.222,0.273816
14223,1.223,0.273816
14224,1.224,0.273816
14225,1.225,0.272077
14226,1.226,0.273816
14227,1.227,0.273816
14228,1.228,0.273816
14229,1.229,0.273816
14230,1.23,0.273816
14231,1.231,0.273816
14232,1.232,0.272077
14233,1.233,0.275554
14234,1.234,0.273816
14235,1.235,0.273816
14236,1.236,0.272077
14237,1.237,0.273816
14238,1.238,0.273816
14239,1.239,0.273816
14240,1.24,0.272077
14241,1.241,0.272077
14242,1.242,0.273816
14243,1.243,0.273816
14244,1.244,0.272077
14245,1.245,0.272077
14246,1.246,0.273816
14247,1.247,0.273816
14248,1.248,0.273816
14249,1.249,0.272077
14250,1.25,0.272077
14251,1.251,0.272077
14252,1.252,0.272077
14253,1.253,0.272077
14254,1.254,0.275554
14255,1.255,0.272077
14256,1.256,0.272077
14257,1.257,0.272077
14258,1.258,0.272077
14259,1.259,0.272077
14260,1.26,0.272077
14261,1.261,0.272077
14262,1.262,0.272077
14263,1.263,0.272077
14264,1.264,0.272077
14265,1.265,0.272077
14266,1.266,0.272077
14267,1.267,0.273816
14268,1.268,0.273816
14269,1.269,0.273816
14270,1.27,0.273816
14271,1.271,0.272077
14272,1.272,0.273816
14273,1.273,0.273816
14274,1.274,0.273816
14275,1.275,0.273816
14276,1.276,0.273816
14277,1.277,0.273816
14278,1.278,0.273816
14279,1.279,0.272077
14280,1.28,0.272077
14281,1.281,0.272077
14282,1.282,0.272077
14283,1.283,0.272077
14284,1.284,0.272077
14285,1.285,0.272077
14286,1.286,0.273816
14287,1.287,0.273816
14288,1.288,0.272077
14289,1.289,0.272077
14290,1.29,0.273816
14291,1.291,0.273816
14292,1.292,0.273816
14293,1.293,0.273816
14294,1.294,0.275554
14295,1.295,0.273816
14296,1.296,0.272077
14297,1.297,0.272077
14298,1.298,0.272077
14299,1.299,0.273816
14300,1.3,0.272077
14301,1.301,0.272077
14302,1.302,0.272077
14303,1.303,0.275554
14304,1.304,0.272077
14305,1.305,0.272077
14306,1.306,0.272077
14307,1.307,0.272077
14308,1.308,0.272077
14309,1.309,0.273816
14310,1.31,0.273816
14311,1.311,0.273816
14312,1.312,0.273816
14313,1.313,0.272077
14314,1.314,0.273816
14315,1.315,0.273816
14316,1.316,0.273816
14317,1.317,0.273816
14318,1.318,0.272077
14319,1.319,0.272077
14320,1.32,0.272077
14321,1.321,0.272077
14322,1.322,0.272077
14323,1.323,0.272077
14324,1.324,0.272077
14325,1.325,0.272077
14326,1.326,0.272077
14327,1.327,0.272077
14328,1.328,0.272077
14329,1.329,0.272077
14330,1.33,0.272077
14331,1.331,0.272077
14332,1.332,0.272077
14333,1.333,0.272077
14334,1.334,0.272077
14335,1.335,0.272077
14336,1.336,0.272077
14337,1.337,0.272077
14338,1.338,0.272077
14339,1.339,0.272077
14340,1.34,0.272077
14341,1.341,0.272077
14342,1.342,0.272077
14343,1.343,0.272077
14344,1.344,0.272077
14345,1.345,0.272077
14346,1.346,0.272077
14347,1.347,0.272077
14348,1.348,0.272077
14349,1.349,0.272077
14350,1.35,0.275554
14351,1.351,0.22165
14352,1.352,0.13123
14353,1.353,0.122536
14354,1.354,0.119058
14355,1.355,0.120797
14356,1.356,0.120797
14357,1.357,0.120797
14358,1.358,0.120797
14359,1.359,0.119058
14360,1.36,0.119058
14361,1.361,0.119058
14362,1.362,0.120797
14363,1.363,0.120797
14364,1.364,0.120797
14365,1.365,0.120797
14366,1.366,0.120797
14367,1.367,0.117319
14368,1.368,0.119058
14369,1.369,0.119058
14370,1.37,0.119058
14371,1.371,0.119058
14372,1.372,0.119058
14373,1.373,0.119058
14374,1.374,0.119058
14375,1.375,0.119058
14376,1.376,0.119058
14377,1.377,0.119058
14378,1.378,0.119058
14379,1.379,0.119058
14380,1.38,0.119058
14381,1.381,0.119058
14382,1.382,0.119058
14383,1.383,0.119058
14384,1.384,0.119058
14385,1.385,0.120797
14386,1.386,0.117319
14387,1.387,0.119058
14388,1.388,0.119058
14389,1.389,0.117319
14390,1.39,0.120797
14391,1.391,0.117319
14392,1.392,0.119058
14393,1.393,0.119058
14394,1.394,0.119058
14395,1.395,0.119058
14396,1.396,0.120797
14397,1.397,0.117319
14398,1.398,0.119058
14399,1.399,0.119058
14400,1.4,0.119058
14401,1.401,0.119058
14402,1.402,0.119058
14403,1.403,0.119058
14404,1.404,0.119058
14405,1.405,0.119058
14406,1.406,0.119058
14407,1.407,0.119058
14408,1.408,0.119058
14409,1.409,0.119058
14410,1.41,0.119058
14411,1.411,0.119058
14412,1.412,0.119058
14413,1.413,0.119058
14414,1.414,0.119058
14415,1.415,0.119058
14416,1.416,0.119058
14417,1.417,0.119058
14418,1.418,0.119058
14419,1.419,0.120797
14420,1.42,0.117319
14421,1.421,0.119058
14422,1.422,0.119058
14423,1.423,0.119058
14424,1.424,0.119058
14425,1.425,0.119058
14426,1.426,0.119058
14427,1.427,0.119058
14428,1.428,0.119058
14429,1.429,0.119058
14430,1.43,0.117319
14431,1.431,0.120797
14432,1.432,0.117319
14433,1.433,0.119058
14434,1.434,0.119058
14435,1.435,0.119058
14436,1.436,0.119058
14437,1.437,0.119058
14438,1.438,0.119058
14439,1.439,0.119058
14440,1.44,0.119058
14441,1.441,0.119058
14442,1.442,0.119058
14443,1.443,0.119058
14444,1.444,0.119058
14445,1.445,0.119058
14446,1.446,0.119058
14447,1.447,0.119058
14448,1.448,0.119058
14449,1.449,0.119058
14450,1.45,0.119058
14451,1.451,0.119058
14452,1.452,0.117319
14453,1.453,0.120797
14454,1.454,0.119058
14455,1.455,0.119058
14456,1.456,0.117319
14457,1.457,0.120797
14458,1.458,0.119058
14459,1.459,0.119058
14460,1.46,0.119058
14461,1.461,0.119058
14462,1.462,0.119058
14463,1.463,0.119058
14464,1.464,0.119058
14465,1.465,0.119058
14466,1.466,0.119058
14467,1.467,0.119058
14468,1.468,0.119058
14469,1.469,0.119058
14470,1.47,0.119058
14471,1.471,0.119058
14472,1.472,0.119058
14473,1.473,0.119058
14474,1.474,0.119058
14475,1.475,0.119058
14476,1.476,0.119058
14477,1.477,0.119058
14478,1.478,0.119058
14479,1.479,0.119058
14480,1.48,0.117319
14481,1.481,0.120797
14482,1.482,0.119058
14483,1.483,0.119058
14484,1.484,0.119058
14485,1.485,0.119058
14486,1.486,0.119058
14487,1.487,0.119058
14488,1.488,0.119058
14489,1.489,0.119058
14490,1.49,0.119058
14491,1.491,0.119058
14492,1.492,0.119058
14493,1.493,0.119058
14494,1.494,0.119058
14495,1.495,0.119058
14496,1.496,0.119058
14497,1.497,0.119058
14498,1.498,0.119058
14499,1.499,0.119058
14500,1.5,0.119058
14501,1.501,0.119058
14502,1.502,0.119058
14503,1.503,0.119058
14504,1.504,0.119058
14505,1.505,0.119058
14506,1.506,0.119058
14507,1.507,0.119058
14508,1.508,0.119058
14509,1.509,0.119058
14510,1.51,0.119058
14511,1.511,0.119058
14512,1.512,0.119058
14513,1.513,0.119058
14514,1.514,0.119058
14515,1.515,0.119058
14516,1.516,0.119058
14517,1.517,0.119058
14518,1.518,0.119058
14519,1.519,0.119058
14520,1.52,0.119058
14521,1.521,0.119058
14522,1.522,0.119058
14523,1.523,0.119058
14524,1.524,0.119058
14525,1.525,0.119058
14526,1.526,0.119058
14527,1.527,0.119058
14528,1.528,0.119058
14529,1.529,0.119058
14530,1.53,0.119058
14531,1.531,0.119058
14532,1.532,0.119058
14533,1.533,0.119058
14534,1.534,0.119058
14535,1.535,0.119058
14536,1.536,0.119058
14537,1.537,0.119058
14538,1.538,0.119058
14539,1.539,0.119058
14540,1.54,0.119058
14541,1.541,0.119058
14542,1.542,0.119058
14543,1.543,0.119058
14544,1.544,0.119058
14545,1.545,0.119058
14546,1.546,0.119058
14547,1.547,0.119058
14548,1.548,0.119058
14549,1.549,0.119058
14550,1.55,0.119058
14551,1.551,0.119058
14552,1.552,0.119058
14553,1.553,0.119058
14554,1.554,0.119058
14555,1.555,0.119058
14556,1.556,0.119058
14557,1.557,0.119058
14558,1.558,0.119058
14559,1.559,0.119058
14560,1.56,0.119058
14561,1.561,0.119058
14562,1.562,0.119058
14563,1.563,0.119058
14564,1.564,0.119058
14565,1.565,0.119058
14566,1.566,0.119058
14567,1.567,0.119058
14568,1.568,0.119058
14569,1.569,0.119058
14570,1.57,0.119058
14571,1.571,0.119058
14572,1.572,0.119058
14573,1.573,0.119058
14574,1.574,0.119058
14575,1.575,0.119058
14576,1.576,0.119058
14577,1.577,0.119058
14578,1.578,0.119058
14579,1.579,0.119058
14580,1.58,0.119058
14581,1.581,0.119058
14582,1.582,0.119058
14583,1.583,0.119058
14584,1.584,0.119058
14585,1.585,0.119058
14586,1.586,0.119058
14587,1.587,0.119058
14588,1.588,0.119058
14589,1.589,0.119058
14590,1.59,0.119058
14591,1.591,0.119058
14592,1.592,0.119058
14593,1.593,0.119058
14594,1.594,0.119058
14595,1.595,0.119058
14596,1.596,0.119058
14597,1.597,0.119058
14598,1.598,0.119058
14599,1.599,0.119058
14600,1.6,0.119058
14601,1.601,0.119058
14602,1.602,0.119058
14603,1.603,0.119058
14604,1.604,0.119058
14605,1.605,0.119058
14606,1.606,0.119058
14607,1.607,0.119058
14608,1.608,0.119058
14609,1.609,0.119058
14610,1.61,0.119058
14611,1.611,0.119058
14612,1.612,0.119058
14613,1.613,0.119058
14614,1.614,0.119058
14615,1.615,0.119058
14616,1.616,0.119058
14617,1.617,0.119058
14618,1.618,0.119058
14619,1.619,0.119058
14620,1.62,0.119058
14621,1.621,0.119058
14622,1.622,0.119058
14623,1.623,0.119058
14624,1.624,0.119058
14625,1.625,0.119058
14626,1.626,0.119058
14627,1.627,0.119058
14628,1.628,0.119058
14629,1.629,0.119058
14630,1.63,0.119058
14631,1.631,0.119058
14632,1.632,0.119058
14633,1.633,0.119058
14634,1.634,0.119058
14635,1.635,0.119058
14636,1.636,0.119058
14637,1.637,0.119058
14638,1.638,0.119058
14639,1.639,0.119058
14640,1.64,0.119058
14641,1.641,0.119058
14642,1.642,0.119058
14643,1.643,0.119058
14644,1.644,0.119058
14645,1.645,0.119058
14646,1.646,0.119058
14647,1.647,0.119058
14648,1.648,0.119058
14649,1.649,0.119058
14650,1.65,0.119058
14651,1.651,0.119058
14652,1.652,0.119058
14653,1.653,0.119058
14654,1.654,0.119058
14655,1.655,0.119058
14656,1.656,0.119058
14657,1.657,0.119058
14658,1.658,0.119058
14659,1.659,0.119058
14660,1.66,0.119058
14661,1.661,0.119058
14662,1.662,0.119058
14663,1.663,0.119058
14664,1.664,0.119058
14665,1.665,0.119058
14666,1.666,0.119058
14667,1.667,0.119058
14668,1.668,0.119058
14669,1.669,0.119058
14670,1.67,0.119058
14671,1.671,0.119058
14672,1.672,0.119058
14673,1.673,0.119058
14674,1.674,0.119058
14675,1.675,0.119058
14676,1.676,0.119058
14677,1.677,0.119058
14678,1.678,0.119058
14679,1.679,0.119058
14680,1.68,0.119058
14681,1.681,0.119058
14682,1.682,0.119058
14683,1.683,0.119058
14684,1.684,0.119058
14685,1.685,0.119058
14686,1.686,0.119058
14687,1.687,0.119058
14688,1.688,0.119058
14689,1.689,0.119058
14690,1.69,0.119058
14691,1.691,0.119058
14692,1.692,0.119058
14693,1.693,0.119058
14694,1.694,0.119058
14695,1.695,0.119058
14696,1.696,0.119058
14697,1.697,0.119058
14698,1.698,0.119058
14699,1.699,0.119058
14700,1.7,0.119058
14701,1.701,0.119058
14702,1.702,0.119058
14703,1.703,0.120797
14704,1.704,0.117319
14705,1.705,0.119058
14706,1.706,0.119058
14707,1.707,0.119058
14708,1.708,0.119058
14709,1.709,0.119058
14710,1.71,0.119058
14711,1.711,0.119058
14712,1.712,0.119058
14713,1.713,0.119058
14714,1.714,0.119058
14715,1.715,0.119058
14716,1.716,0.119058
14717,1.717,0.119058
14718,1.718,0.119058
14719,1.719,0.119058
14720,1.72,0.119058
14721,1.721,0.119058
14722,1.722,0.119058
14723,1.723,0.119058
14724,1.724,0.119058
14725,1.725,0.119058
14726,1.726,0.119058
14727,1.727,0.119058
14728,1.728,0.119058
14729,1.729,0.119058
14730,1.73,0.119058
14731,1.731,0.119058
14732,1.732,0.119058
14733,1.733,0.119058
14734,1.734,0.119058
14735,1.735,0.119058
14736,1.736,0.119058
14737,1.737,0.119058
14738,1.738,0.119058
14739,1.739,0.119058
14740,1.74,0.119058
14741,1.741,0.119058
14742,1.742,0.119058
14743,1.743,0.119058
14744,1.744,0.119058
14745,1.745,0.119058
14746,1.746,0.119058
14747,1.747,0.119058
14748,1.748,0.119058
14749,1.749,0.119058
14750,1.75,0.119058
14751,1.751,0.119058
14752,1.752,0.119058
14753,1.753,0.119058
14754,1.754,0.119058
14755,1.755,0.119058
14756,1.756,0.119058
14757,1.757,0.119058
14758,1.758,0.119058
14759,1.759,0.119058
14760,1.76,0.119058
14761,1.761,0.119058
14762,1.762,0.119058
14763,1.763,0.119058
14764,1.764,0.119058
14765,1.765,0.119058
14766,1.766,0.119058
14767,1.767,0.119058
14768,1.768,0.119058
14769,1.769,0.119058
14770,1.77,0.119058
14771,1.771,0.119058
14772,1.772,0.119058
14773,1.773,0.119058
14774,1.774,0.119058
14775,1.775,0.119058
14776,1.776,0.119058
14777,1.777,0.119058
14778,1.778,0.119058
14779,1.779,0.119058
14780,1.78,0.119058
14781,1.781,0.119058
14782,1.782,0.119058
14783,1.783,0.119058
14784,1.784,0.119058
14785,1.785,0.119058
14786,1.786,0.119058
14787,1.787,0.119058
14788,1.788,0.119058
14789,1.789,0.119058
14790,1.79,0.119058
14791,1.791,0.119058
14792,1.792,0.119058
14793,1.793,0.119058
14794,1.794,0.119058
14795,1.795,0.119058
14796,1.796,0.119058
14797,1.797,0.119058
14798,1.798,0.119058
14799,1.799,0.119058
14800,1.8,0.119058
14801,1.801,0.119058
14802,1.802,0.119058
14803,1.803,0.119058
14804,1.804,0.119058
14805,1.805,0.119058
14806,1.806,0.119058
14807,1.807,0.119058
14808,1.808,0.119058
14809,1.809,0.119058
14810,1.81,0.119058
14811,1.811,0.119058
14812,1.812,0.119058
14813,1.813,0.119058
14814,1.814,0.119058
14815,1.815,0.119058
14816,1.816,0.119058
14817,1.817,0.119058
14818,1.818,0.119058
14819,1.819,0.119058
14820,1.82,0.119058
14821,1.821,0.119058
14822,1.822,0.119058
14823,1.823,0.119058
14824,1.824,0.119058
14825,1.825,0.119058
14826,1.826,0.119058
14827,1.827,0.119058
14828,1.828,0.119058
14829,1.829,0.119058
14830,1.83,0.119058
14831,1.831,0.119058
14832,1.832,0.120797
14833,1.833,0.117319
14834,1.834,0.119058
14835,1.835,0.119058
14836,1.836,0.119058
14837,1.837,0.119058
14838,1.838,0.119058
14839,1.839,0.119058
14840,1.84,0.119058
14841,1.841,0.119058
14842,1.842,0.119058
14843,1.843,0.119058
14844,1.844,0.119058
14845,1.845,0.119058
14846,1.846,0.119058
14847,1.847,0.119058
14848,1.848,0.119058
14849,1.849,0.119058
14850,1.85,0.119058
14851,1.851,0.119058
14852,1.852,0.119058
14853,1.853,0.119058
14854,1.854,0.119058
14855,1.855,0.119058
14856,1.856,0.119058
14857,1.857,0.119058
14858,1.858,0.119058
14859,1.859,0.119058
14860,1.86,0.119058
14861,1.861,0.119058
14862,1.862,0.119058
14863,1.863,0.119058
14864,1.864,0.119058
14865,1.865,0.119058
14866,1.866,0.119058
14867,1.867,0.119058
14868,1.868,0.119058
14869,1.869,0.119058
14870,1.87,0.119058
14871,1.871,0.119058
14872,1.872,0.119058
14873,1.873,0.119058
14874,1.874,0.119058
14875,1.875,0.119058
14876,1.876,0.119058
14877,1.877,0.119058
14878,1.878,0.119058
14879,1.879,0.119058
14880,1.88,0.119058
14881,1.881,0.119058
14882,1.882,0.119058
14883,1.883,0.119058
14884,1.884,0.119058
14885,1.885,0.119058
14886,1.886,0.119058
14887,1.887,0.119058
14888,1.888,0.119058
14889,1.889,0.119058
14890,1.89,0.119058
14891,1.891,0.119058
14892,1.892,0.119058
14893,1.893,0.119058
14894,1.894,0.119058
14895,1.895,0.119058
14896,1.896,0.119058
14897,1.897,0.119058
14898,1.898,0.119058
14899,1.899,0.119058
14900,1.9,0.119058
14901,1.901,0.119058
14902,1.902,0.119058
14903,1.903,0.119058
14904,1.904,0.119058
14905,1.905,0.119058
14906,1.906,0.119058
14907,1.907,0.119058
14908,1.908,0.119058
14909,1.909,0.119058
14910,1.91,0.119058
14911,1.911,0.119058
14912,1.912,0.119058
14913,1.913,0.119058
14914,1.914,0.119058
14915,1.915,0.119058
14916,1.916,0.119058
14917,1.917,0.119058
14918,1.918,0.119058
14919,1.919,0.119058
14920,1.92,0.119058
14921,1.921,0.119058
14922,1.922,0.119058
14923,1.923,0.119058
14924,1.924,0.119058
14925,1.925,0.119058
14926,1.926,0.119058
14927,1.927,0.119058
14928,1.928,0.119058
14929,1.929,0.119058
14930,1.93,0.119058
14931,1.931,0.119058
14932,1.932,0.119058
14933,1.933,0.119058
14934,1.934,0.119058
14935,1.935,0.119058
14936,1.936,0.119058
14937,1.937,0.119058
14938,1.938,0.119058
14939,1.939,0.119058
14940,1.94,0.119058
14941,1.941,0.119058
14942,1.942,0.119058
14943,1.943,0.119058
14944,1.944,0.119058
14945,1.945,0.119058
14946,1.946,0.119058
14947,1.947,0.119058
14948,1.948,0.119058
14949,1.949,0.119058
14950,1.95,0.119058
14951,1.951,0.119058
14952,1.952,0.119058
14953,1.953,0.119058
14954,1.954,0.119058
14955,1.955,0.119058
14956,1.956,0.119058
14957,1.957,0.119058
14958,1.958,0.119058
14959,1.959,0.119058
14960,1.96,0.119058
14961,1.961,0.119058
14962,1.962,0.119058
14963,1.963,0.119058
14964,1.964,0.119058
14965,1.965,0.119058
14966,1.966,0.119058
14967,1.967,0.119058
14968,1.968,0.119058
14969,1.969,0.119058
14970,1.97,0.119058
14971,1.971,0.119058
14972,1.972,0.119058
14973,1.973,0.119058
14974,1.974,0.119058
14975,1.975,0.119058
14976,1.976,0.119058
14977,1.977,0.119058
14978,1.978,0.119058
14979,1.979,0.119058
14980,1.98,0.119058
14981,1.981,0.119058
14982,1.982,0.119058
14983,1.983,0.119058
14984,1.984,0.120797
14985,1.985,0.117319
14986,1.986,0.119058
14987,1.987,0.119058
14988,1.988,0.119058
14989,1.989,0.119058
14990,1.99,0.119058
14991,1.991,0.119058
14992,1.992,0.119058
14993,1.993,0.119058
14994,1.994,0.117319
14995,1.995,0.120797
14996,1.996,0.119058
14997,1.997,0.119058
14998,1.998,0.119058
14999,1.999,0.119058
15000,2,0.119058
15001,2.001,0.119058
15002,2.002,0.119058
15003,2.003,0.119058
15004,2.004,0.119058
15005,2.005,0.117319
15006,2.006,0.120797
15007,2.007,0.117319
15008,2.008,0.120797
15009,2.009,0.119058
15010,2.01,0.119058
15011,2.011,0.119058
15012,2.012,0.119058
15013,2.013,0.119058
15014,2.014,0.119058
15015,2.015,0.119058
15016,2.016,0.119058
15017,2.017,0.119058
15018,2.018,0.117319
15019,2.019,0.120797
15020,2.02,0.120797
15021,2.021,0.120797
15022,2.022,0.120797
15023,2.023,0.120797
15024,2.024,0.119058
15025,2.025,0.119058
15026,2.026,0.119058
15027,2.027,0.117319
15028,2.028,0.120797
15029,2.029,0.117319
15030,2.03,0.120797
15031,2.031,0.117319
15032,2.032,0.119058
15033,2.033,0.119058
15034,2.034,0.119058
15035,2.035,0.119058
15036,2.036,0.119058
15037,2.037,0.117319
15038,2.038,0.120797
15039,2.039,0.119058
15040,2.04,0.119058
15041,2.041,0.119058
15042,2.042,0.119058
15043,2.043,0.119058
15044,2.044,0.119058
15045,2.045,0.117319
15046,2.046,0.120797
15047,2.047,0.119058
15048,2.048,0.119058
15049,2.049,0.119058
15050,2.05,0.119058
15051,2.051,0.117319
15052,2.052,0.120797
15053,2.053,0.119058
15054,2.054,0.119058
15055,2.055,0.117319
15056,2.056,0.120797
15057,2.057,0.119058
15058,2.058,0.117319
15059,2.059,0.120797
15060,2.06,0.119058
15061,2.061,0.119058
15062,2.062,0.119058
15063,2.063,0.119058
15064,2.064,0.119058
15065,2.065,0.119058
15066,2.066,0.119058
15067,2.067,0.119058
15068,2.068,0.120797
15069,2.069,0.117319
15070,2.07,0.119058
15071,2.071,0.119058
15072,2.072,0.119058
15073,2.073,0.119058
15074,2.074,0.119058
15075,2.075,0.119058
15076,2.076,0.119058
15077,2.077,0.119058
15078,2.078,0.119058
15079,2.079,0.119058
15080,2.08,0.119058
15081,2.081,0.119058
15082,2.082,0.119058
15083,2.083,0.119058
15084,2.084,0.119058
15085,2.085,0.119058
15086,2.086,0.119058
15087,2.087,0.119058
15088,2.088,0.119058
15089,2.089,0.119058
15090,2.09,0.119058
15091,2.091,0.119058
15092,2.092,0.119058
15093,2.093,0.119058
15094,2.094,0.119058
15095,2.095,0.119058
15096,2.096,0.119058
15097,2.097,0.119058
15098,2.098,0.119058
15099,2.099,0.119058
15100,2.1,0.119058
15101,2.101,0.119058
15102,2.102,0.119058
15103,2.103,0.119058
15104,2.104,0.119058
15105,2.105,0.119058
15106,2.106,0.119058
15107,2.107,0.119058
15108,2.108,0.119058
15109,2.109,0.119058
15110,2.11,0.119058
15111,2.111,0.119058
15112,2.112,0.119058
15113,2.113,0.119058
15114,2.114,0.119058
15115,2.115,0.119058
15116,2.116,0.119058
15117,2.117,0.119058
15118,2.118,0.119058
15119,2.119,0.119058
15120,2.12,0.119058
15121,2.121,0.119058
15122,2.122,0.119058
15123,2.123,0.119058
15124,2.124,0.119058
15125,2.125,0.119058
15126,2.126,0.119058
15127,2.127,0.119058
15128,2.128,0.119058
15129,2.129,0.119058
15130,2.13,0.119058
15131,2.131,0.119058
15132,2.132,0.119058
15133,2.133,0.119058
15134,2.134,0.119058
15135,2.135,0.119058
15136,2.136,0.119058
15137,2.137,0.119058
15138,2.138,0.119058
15139,2.139,0.119058
15140,2.14,0.119058
15141,2.141,0.119058
15142,2.142,0.119058
15143,2.143,0.119058
15144,2.144,0.119058
15145,2.145,0.119058
15146,2.146,0.119058
15147,2.147,0.119058
15148,2.148,0.119058
15149,2.149,0.119058
15150,2.15,0.119058
15151,2.151,0.119058
15152,2.152,0.119058
15153,2.153,0.119058
15154,2.154,0.119058
15155,2.155,0.119058
15156,2.156,0.119058
15157,2.157,0.119058
15158,2.158,0.119058
15159,2.159,0.119058
15160,2.16,0.119058
15161,2.161,0.119058
15162,2.162,0.119058
15163,2.163,0.119058
15164,2.164,0.119058
15165,2.165,0.119058
15166,2.166,0.119058
15167,2.167,0.120797
15168,2.168,0.117319
15169,2.169,0.119058
15170,2.17,0.119058
15171,2.171,0.119058
15172,2.172,0.119058
15173,2.173,0.119058
15174,2.174,0.119058
15175,2.175,0.119058
15176,2.176,0.119058
15177,2.177,0.119058
15178,2.178,0.119058
15179,2.179,0.119058
15180,2.18,0.119058
15181,2.181,0.119058
15182,2.182,0.119058
15183,2.183,0.119058
15184,2.184,0.119058
15185,2.185,0.119058
15186,2.186,0.119058
15187,2.187,0.119058
15188,2.188,0.119058
15189,2.189,0.119058
15190,2.19,0.119058
15191,2.191,0.119058
15192,2.192,0.119058
15193,2.193,0.119058
15194,2.194,0.119058
15195,2.195,0.119058
15196,2.196,0.119058
15197,2.197,0.119058
15198,2.198,0.119058
15199,2.199,0.119058
15200,2.2,0.119058
15201,2.201,0.119058
15202,2.202,0.119058
15203,2.203,0.119058
15204,2.204,0.119058
15205,2.205,0.119058
15206,2.206,0.119058
15207,2.207,0.119058
15208,2.208,0.119058
15209,2.209,0.119058
15210,2.21,0.119058
15211,2.211,0.119058
15212,2.212,0.119058
15213,2.213,0.119058
15214,2.214,0.119058
15215,2.215,0.119058
15216,2.216,0.119058
15217,2.217,0.119058
15218,2.218,0.119058
15219,2.219,0.119058
15220,2.22,0.119058
15221,2.221,0.119058
15222,2.222,0.119058
15223,2.223,0.119058
15224,2.224,0.119058
15225,2.225,0.119058
15226,2.226,0.119058
15227,2.227,0.119058
15228,2.228,0.119058
15229,2.229,0.119058
15230,2.23,0.119058
15231,2.231,0.119058
15232,2.232,0.119058
15233,2.233,0.119058
15234,2.234,0.119058
15235,2.235,0.119058
15236,2.236,0.119058
15237,2.237,0.119058
15238,2.238,0.119058
15239,2.239,0.119058
15240,2.24,0.119058
15241,2.241,0.119058
15242,2.242,0.119058
15243,2.243,0.119058
15244,2.244,0.119058
15245,2.245,0.119058
15246,2.246,0.119058
15247,2.247,0.119058
15248,2.248,0.119058
15249,2.249,0.119058
15250,2.25,0.119058
15251,2.251,0.119058
15252,2.252,0.119058
15253,2.253,0.119058
15254,2.254,0.119058
15255,2.255,0.119058
15256,2.256,0.119058
15257,2.257,0.119058
15258,2.258,0.119058
15259,2.259,0.119058
15260,2.26,0.119058
15261,2.261,0.119058
15262,2.262,0.119058
15263,2.263,0.119058
15264,2.264,0.119058
15265,2.265,0.119058
15266,2.266,0.119058
15267,2.267,0.119058
15268,2.268,0.119058
15269,2.269,0.119058
15270,2.27,0.119058
15271,2.271,0.119058
15272,2.272,0.119058
15273,2.273,0.119058
15274,2.274,0.119058
15275,2.275,0.119058
15276,2.276,0.119058
15277,2.277,0.119058
15278,2.278,0.119058
15279,2.279,0.119058
15280,2.28,0.119058
15281,2.281,0.119058
15282,2.282,0.119058
15283,2.283,0.119058
15284,2.284,0.119058
15285,2.285,0.119058
15286,2.286,0.119058
15287,2.287,0.119058
15288,2.288,0.119058
15289,2.289,0.119058
15290,2.29,0.119058
15291,2.291,0.119058
15292,2.292,0.119058
15293,2.293,0.119058
15294,2.294,0.119058
15295,2.295,0.119058
15296,2.296,0.119058
15297,2.297,0.119058
15298,2.298,0.119058
15299,2.299,0.119058
15300,2.3,0.119058
15301,2.301,0.119058
15302,2.302,0.119058
15303,2.303,0.119058
15304,2.304,0.119058
15305,2.305,0.119058
15306,2.306,0.119058
15307,2.307,0.119058
15308,2.308,0.119058
15309,2.309,0.119058
15310,2.31,0.119058
15311,2.311,0.119058
15312,2.312,0.119058
15313,2.313,0.119058
15314,2.314,0.119058
15315,2.315,0.119058
15316,2.316,0.119058
15317,2.317,0.119058
15318,2.318,0.119058
15319,2.319,0.119058
15320,2.32,0.119058
15321,2.321,0.119058
15322,2.322,0.119058
15323,2.323,0.119058
15324,2.324,0.119058
15325,2.325,0.119058
15326,2.326,0.119058
15327,2.327,0.119058
15328,2.328,0.119058
15329,2.329,0.119058
15330,2.33,0.119058
15331,2.331,0.119058
15332,2.332,0.119058
15333,2.333,0.119058
15334,2.334,0.119058
15335,2.335,0.119058
15336,2.336,0.119058
15337,2.337,0.119058
15338,2.338,0.119058
15339,2.339,0.119058
15340,2.34,0.119058
15341,2.341,0.119058
15342,2.342,0.119058
15343,2.343,0.119058
15344,2.344,0.119058
15345,2.345,0.119058
15346,2.346,0.119058
15347,2.347,0.119058
15348,2.348,0.119058
15349,2.349,0.119058
15350,2.35,0.119058
15351,2.351,0.119058
15352,2.352,0.119058
15353,2.353,0.119058
15354,2.354,0.119058
15355,2.355,0.119058
15356,2.356,0.119058
15357,2.357,0.119058
15358,2.358,0.119058
15359,2.359,0.119058
15360,2.36,0.119058
15361,2.361,0.119058
15362,2.362,0.119058
15363,2.363,0.119058
15364,2.364,0.119058
15365,2.365,0.119058
15366,2.366,0.119058
15367,2.367,0.119058
15368,2.368,0.119058
15369,2.369,0.119058
15370,2.37,0.119058
15371,2.371,0.119058
15372,2.372,0.119058
15373,2.373,0.119058
15374,2.374,0.119058
15375,2.375,0.119058
15376,2.376,0.119058
15377,2.377,0.119058
15378,2.378,0.119058
15379,2.379,0.119058
15380,2.38,0.119058
15381,2.381,0.119058
15382,2.382,0.119058
15383,2.383,0.119058
15384,2.384,0.119058
15385,2.385,0.119058
15386,2.386,0.119058
15387,2.387,0.119058
15388,2.388,0.119058
15389,2.389,0.119058
15390,2.39,0.119058
15391,2.391,0.119058
15392,2.392,0.117319
15393,2.393,0.120797
15394,2.394,0.117319
15395,2.395,0.119058
15396,2.396,0.119058
15397,2.397,0.119058
15398,2.398,0.119058
15399,2.399,0.119058
15400,2.4,0.119058
15401,2.401,0.119058
15402,2.402,0.119058
15403,2.403,0.119058
15404,2.404,0.119058
15405,2.405,0.119058
15406,2.406,0.119058
15407,2.407,0.119058
15408,2.408,0.119058
15409,2.409,0.119058
15410,2.41,0.119058
15411,2.411,0.119058
15412,2.412,0.119058
15413,2.413,0.119058
15414,2.414,0.119058
15415,2.415,0.119058
15416,2.416,0.119058
15417,2.417,0.119058
15418,2.418,0.119058
15419,2.419,0.119058
15420,2.42,0.119058
15421,2.421,0.119058
15422,2.422,0.119058
15423,2.423,0.119058
15424,2.424,0.119058
15425,2.425,0.119058
15426,2.426,0.119058
15427,2.427,0.119058
15428,2.428,0.119058
15429,2.429,0.119058
15430,2.43,0.119058
15431,2.431,0.119058
15432,2.432,0.119058
15433,2.433,0.119058
15434,2.434,0.119058
15435,2.435,0.119058
15436,2.436,0.119058
15437,2.437,0.119058
15438,2.438,0.119058
15439,2.439,0.119058
15440,2.44,0.119058
15441,2.441,0.119058
15442,2.442,0.119058
15443,2.443,0.119058
15444,2.444,0.119058
15445,2.445,0.119058
15446,2.446,0.119058
15447,2.447,0.119058
15448,2.448,0.119058
15449,2.449,0.119058
15450,2.45,0.119058
15451,2.451,0.119058
15452,2.452,0.119058
15453,2.453,0.119058
15454,2.454,0.119058
15455,2.455,0.119058
15456,2.456,0.119058
15457,2.457,0.119058
15458,2.458,0.119058
15459,2.459,0.119058
15460,2.46,0.119058
15461,2.461,0.119058
15462,2.462,0.119058
15463,2.463,0.119058
15464,2.464,0.119058
15465,2.465,0.119058
15466,2.466,0.119058
15467,2.467,0.119058
15468,2.468,0.119058
15469,2.469,0.119058
15470,2.47,0.119058
15471,2.471,0.119058
15472,2.472,0.119058
15473,2.473,0.119058
15474,2.474,0.119058
15475,2.475,0.119058
15476,2.476,0.119058
15477,2.477,0.119058
15478,2.478,0.119058
15479,2.479,0.119058
15480,2.48,0.119058
15481,2.481,0.119058
15482,2.482,0.119058
15483,2.483,0.119058
15484,2.484,0.119058
15485,2.485,0.119058
15486,2.486,0.119058
15487,2.487,0.119058
15488,2.488,0.119058
15489,2.489,0.119058
15490,2.49,0.119058
15491,2.491,0.119058
15492,2.492,0.119058
15493,2.493,0.119058
15494,2.494,0.119058
15495,2.495,0.119058
15496,2.496,0.119058
15497,2.497,0.119058
15498,2.498,0.119058
15499,2.499,0.119058
15500,2.5,0.119058
15501,2.501,0.119058
15502,2.502,0.119058
15503,2.503,0.119058
15504,2.504,0.119058
15505,2.505,0.119058
15506,2.506,0.119058
15507,2.507,0.119058
15508,2.508,0.119058
15509,2.509,0.119058
15510,2.51,0.119058
15511,2.511,0.119058
15512,2.512,0.119058
15513,2.513,0.119058
15514,2.514,0.119058
15515,2.515,0.119058
15516,2.516,0.119058
15517,2.517,0.119058
15518,2.518,0.119058
15519,2.519,0.119058
15520,2.52,0.119058
15521,2.521,0.119058
15522,2.522,0.119058
15523,2.523,0.119058
15524,2.524,0.119058
15525,2.525,0.119058
15526,2.526,0.119058
15527,2.527,0.119058
15528,2.528,0.119058
15529,2.529,0.119058
15530,2.53,0.119058
15531,2.531,0.119058
15532,2.532,0.119058
15533,2.533,0.119058
15534,2.534,0.119058
15535,2.535,0.119058
15536,2.536,0.119058
15537,2.537,0.119058
15538,2.538,0.119058
15539,2.539,0.119058
15540,2.54,0.119058
15541,2.541,0.119058
15542,2.542,0.119058
15543,2.543,0.119058
15544,2.544,0.119058
15545,2.545,0.119058
15546,2.546,0.119058
15547,2.547,0.119058
15548,2.548,0.119058
15549,2.549,0.119058
15550,2.55,0.119058
15551,2.551,0.119058
15552,2.552,0.119058
15553,2.553,0.119058
15554,2.554,0.119058
15555,2.555,0.119058
15556,2.556,0.119058
15557,2.557,0.119058
15558,2.558,0.119058
15559,2.559,0.119058
15560,2.56,0.119058
15561,2.561,0.119058
15562,2.562,0.119058
15563,2.563,0.119058
15564,2.564,0.119058
15565,2.565,0.119058
15566,2.566,0.119058
15567,2.567,0.119058
15568,2.568,0.119058
15569,2.569,0.119058
15570,2.57,0.119058
15571,2.571,0.119058
15572,2.572,0.119058
15573,2.573,0.119058
15574,2.574,0.119058
15575,2.575,0.119058
15576,2.576,0.119058
15577,2.577,0.119058
15578,2.578,0.119058
15579,2.579,0.119058
15580,2.58,0.119058
15581,2.581,0.119058
15582,2.582,0.119058
15583,2.583,0.119058
15584,2.584,0.119058
15585,2.585,0.119058
15586,2.586,0.119058
15587,2.587,0.119058
15588,2.588,0.119058
15589,2.589,0.119058
15590,2.59,0.119058
15591,2.591,0.119058
15592,2.592,0.119058
15593,2.593,0.119058
15594,2.594,0.119058
15595,2.595,0.119058
15596,2.596,0.119058
15597,2.597,0.119058
15598,2.598,0.119058
15599,2.599,0.119058
15600,2.6,0.119058
15601,2.601,0.119058
15602,2.602,0.119058
15603,2.603,0.119058
15604,2.604,0.119058
15605,2.605,0.119058
15606,2.606,0.119058
15607,2.607,0.119058
15608,2.608,0.119058
15609,2.609,0.119058
15610,2.61,0.119058
15611,2.611,0.119058
15612,2.612,0.119058
15613,2.613,0.119058
15614,2.614,0.119058
15615,2.615,0.119058
15616,2.616,0.119058
15617,2.617,0.119058
15618,2.618,0.119058
15619,2.619,0.119058
15620,2.62,0.119058
15621,2.621,0.119058
15622,2.622,0.119058
15623,2.623,0.119058
15624,2.624,0.119058
15625,2.625,0.119058
15626,2.626,0.119058
15627,2.627,0.119058
15628,2.628,0.119058
15629,2.629,0.119058
15630,2.63,0.119058
15631,2.631,0.119058
15632,2.632,0.119058
15633,2.633,0.119058
15634,2.634,0.119058
15635,2.635,0.119058
15636,2.636,0.119058
15637,2.637,0.119058
15638,2.638,0.119058
15639,2.639,0.119058
15640,2.64,0.119058
15641,2.641,0.119058
15642,2.642,0.119058
15643,2.643,0.119058
15644,2.644,0.119058
15645,2.645,0.119058
15646,2.646,0.119058
15647,2.647,0.119058
15648,2.648,0.119058
15649,2.649,0.119058
15650,2.65,0.119058
15651,2.651,0.119058
15652,2.652,0.119058
15653,2.653,0.119058
15654,2.654,0.119058
15655,2.655,0.119058
15656,2.656,0.119058
15657,2.657,0.119058
15658,2.658,0.119058
15659,2.659,0.119058
15660,2.66,0.119058
15661,2.661,0.119058
15662,2.662,0.119058
15663,2.663,0.119058
15664,2.664,0.119058
15665,2.665,0.119058
15666,2.666,0.119058
15667,2.667,0.119058
15668,2.668,0.119058
15669,2.669,0.119058
15670,2.67,0.119058
15671,2.671,0.119058
15672,2.672,0.119058
15673,2.673,0.119058
15674,2.674,0.119058
15675,2.675,0.119058
15676,2.676,0.119058
15677,2.677,0.119058
15678,2.678,0.119058
15679,2.679,0.119058
15680,2.68,0.119058
15681,2.681,0.119058
15682,2.682,0.119058
15683,2.683,0.119058
15684,2.684,0.119058
15685,2.685,0.119058
15686,2.686,0.119058
15687,2.687,0.119058
15688,2.688,0.119058
15689,2.689,0.119058
15690,2.69,0.119058
15691,2.691,0.119058
15692,2.692,0.119058
15693,2.693,0.119058
15694,2.694,0.119058
15695,2.695,0.119058
15696,2.696,0.119058
15697,2.697,0.119058
15698,2.698,0.119058
15699,2.699,0.119058
15700,2.7,0.119058
15701,2.701,0.119058
15702,2.702,0.119058
15703,2.703,0.119058
15704,2.704,0.119058
15705,2.705,0.119058
15706,2.706,0.119058
15707,2.707,0.119058
15708,2.708,0.119058
15709,2.709,0.119058
15710,2.71,0.119058
15711,2.711,0.119058
15712,2.712,0.119058
15713,2.713,0.119058
15714,2.714,0.119058
15715,2.715,0.119058
15716,2.716,0.119058
15717,2.717,0.119058
15718,2.718,0.119058
15719,2.719,0.119058
15720,2.72,0.119058
15721,2.721,0.119058
15722,2.722,0.119058
15723,2.723,0.119058
15724,2.724,0.119058
15725,2.725,0.119058
15726,2.726,0.119058
15727,2.727,0.119058
15728,2.728,0.119058
15729,2.729,0.119058
15730,2.73,0.119058
15731,2.731,0.119058
15732,2.732,0.119058
15733,2.733,0.119058
15734,2.734,0.119058
15735,2.735,0.119058
15736,2.736,0.119058
15737,2.737,0.119058
15738,2.738,0.119058
15739,2.739,0.119058
15740,2.74,0.119058
15741,2.741,0.119058
15742,2.742,0.119058
15743,2.743,0.119058
15744,2.744,0.119058
15745,2.745,0.119058
15746,2.746,0.119058
15747,2.747,0.119058
15748,2.748,0.119058
15749,2.749,0.119058
15750,2.75,0.119058
15751,2.751,0.119058
15752,2.752,0.119058
15753,2.753,0.119058
15754,2.754,0.119058
15755,2.755,0.119058
15756,2.756,0.119058
15757,2.757,0.119058
15758,2.758,0.119058
15759,2.759,0.119058
15760,2.76,0.119058
15761,2.761,0.119058
15762,2.762,0.119058
15763,2.763,0.119058
15764,2.764,0.119058
15765,2.765,0.119058
15766,2.766,0.119058
15767,2.767,0.119058
15768,2.768,0.119058
15769,2.769,0.119058
15770,2.77,0.119058
15771,2.771,0.119058
15772,2.772,0.119058
15773,2.773,0.119058
15774,2.774,0.119058
15775,2.775,0.119058
15776,2.776,0.119058
15777,2.777,0.119058
15778,2.778,0.119058
15779,2.779,0.119058
15780,2.78,0.119058
15781,2.781,0.119058
15782,2.782,0.119058
15783,2.783,0.119058
15784,2.784,0.119058
15785,2.785,0.119058
15786,2.786,0.119058
15787,2.787,0.119058
15788,2.788,0.119058
15789,2.789,0.119058
15790,2.79,0.119058
15791,2.791,0.119058
15792,2.792,0.119058
15793,2.793,0.119058
15794,2.794,0.119058
15795,2.795,0.119058
15796,2.796,0.119058
15797,2.797,0.119058
15798,2.798,0.119058
15799,2.799,0.119058
15800,2.8,0.119058
15801,2.801,0.119058
15802,2.802,0.119058
15803,2.803,0.119058
15804,2.804,0.119058
15805,2.805,0.119058
15806,2.806,0.119058
15807,2.807,0.119058
15808,2.808,0.119058
15809,2.809,0.119058
15810,2.81,0.119058
15811,2.811,0.119058
15812,2.812,0.119058
15813,2.813,0.119058
15814,2.814,0.119058
15815,2.815,0.119058
15816,2.816,0.119058
15817,2.817,0.119058
15818,2.818,0.119058
15819,2.819,0.119058
15820,2.82,0.119058
15821,2.821,0.119058
15822,2.822,0.119058
15823,2.823,0.119058
15824,2.824,0.119058
15825,2.825,0.119058
15826,2.826,0.119058
15827,2.827,0.119058
15828,2.828,0.119058
15829,2.829,0.119058
15830,2.83,0.119058
15831,2.831,0.119058
15832,2.832,0.119058
15833,2.833,0.119058
15834,2.834,0.119058
15835,2.835,0.119058
15836,2.836,0.119058
15837,2.837,0.119058
15838,2.838,0.119058
15839,2.839,0.119058
15840,2.84,0.119058
15841,2.841,0.119058
15842,2.842,0.119058
15843,2.843,0.119058
15844,2.844,0.119058
15845,2.845,0.119058
15846,2.846,0.119058
15847,2.847,0.119058
15848,2.848,0.119058
15849,2.849,0.119058
15850,2.85,0.119058
15851,2.851,0.119058
15852,2.852,0.119058
15853,2.853,0.119058
15854,2.854,0.119058
15855,2.855,0.119058
15856,2.856,0.119058
15857,2.857,0.119058
15858,2.858,0.119058
15859,2.859,0.119058
15860,2.86,0.119058
15861,2.861,0.119058
15862,2.862,0.119058
15863,2.863,0.119058
15864,2.864,0.119058
15865,2.865,0.119058
15866,2.866,0.119058
15867,2.867,0.119058
15868,2.868,0.119058
15869,2.869,0.119058
15870,2.87,0.119058
15871,2.871,0.119058
15872,2.872,0.119058
15873,2.873,0.119058
15874,2.874,0.119058
15875,2.875,0.119058
15876,2.876,0.119058
15877,2.877,0.119058
15878,2.878,0.119058
15879,2.879,0.119058
15880,2.88,0.119058
15881,2.881,0.119058
15882,2.882,0.119058
15883,2.883,0.119058
15884,2.884,0.119058
15885,2.885,0.119058
15886,2.886,0.119058
15887,2.887,0.119058
15888,2.888,0.119058
15889,2.889,0.119058
15890,2.89,0.119058
15891,2.891,0.119058
15892,2.892,0.119058
15893,2.893,0.119058
15894,2.894,0.119058
15895,2.895,0.119058
15896,2.896,0.119058
15897,2.897,0.119058
15898,2.898,0.119058
15899,2.899,0.119058
15900,2.9,0.119058
15901,2.901,0.119058
15902,2.902,0.119058
15903,2.903,0.119058
15904,2.904,0.119058
15905,2.905,0.119058
15906,2.906,0.119058
15907,2.907,0.119058
15908,2.908,0.119058
15909,2.909,0.119058
15910,2.91,0.119058
15911,2.911,0.119058
15912,2.912,0.119058
15913,2.913,0.119058
15914,2.914,0.119058
15915,2.915,0.119058
15916,2.916,0.119058
15917,2.917,0.119058
15918,2.918,0.119058
15919,2.919,0.119058
15920,2.92,0.119058
15921,2.921,0.119058
15922,2.922,0.119058
15923,2.923,0.119058
15924,2.924,0.119058
15925,2.925,0.119058
15926,2.926,0.119058
15927,2.927,0.119058
15928,2.928,0.119058
15929,2.929,0.119058
15930,2.93,0.119058
15931,2.931,0.119058
15932,2.932,0.119058
15933,2.933,0.119058
15934,2.934,0.119058
15935,2.935,0.119058
15936,2.936,0.119058
15937,2.937,0.119058
15938,2.938,0.119058
15939,2.939,0.119058
15940,2.94,0.119058
15941,2.941,0.119058
15942,2.942,0.119058
15943,2.943,0.119058
15944,2.944,0.119058
15945,2.945,0.119058
15946,2.946,0.119058
15947,2.947,0.119058
15948,2.948,0.119058
15949,2.949,0.119058
15950,2.95,0.119058
15951,2.951,0.119058
15952,2.952,0.119058
15953,2.953,0.119058
15954,2.954,0.119058
15955,2.955,0.119058
15956,2.956,0.119058
15957,2.957,0.119058
15958,2.958,0.119058
15959,2.959,0.119058
15960,2.96,0.119058
15961,2.961,0.119058
15962,2.962,0.119058
15963,2.963,0.119058
15964,2.964,0.119058
15965,2.965,0.119058
15966,2.966,0.119058
15967,2.967,0.119058
15968,2.968,0.119058
15969,2.969,0.119058
15970,2.97,0.119058
15971,2.971,0.119058
15972,2.972,0.119058
15973,2.973,0.119058
15974,2.974,0.119058
15975,2.975,0.119058
15976,2.976,0.119058
15977,2.977,0.119058
15978,2.978,0.119058
15979,2.979,0.119058
15980,2.98,0.119058
15981,2.981,0.119058
15982,2.982,0.119058
15983,2.983,0.119058
15984,2.984,0.119058
15985,2.985,0.119058
15986,2.986,0.119058
15987,2.987,0.119058
15988,2.988,0.119058
15989,2.989,0.119058
15990,2.99,0.119058
15991,2.991,0.119058
15992,2.992,0.119058
15993,2.993,0.119058
15994,2.994,0.119058
15995,2.995,0.119058
15996,2.996,0.119058
15997,2.997,0.119058
15998,2.998,0.119058
15999,2.999,0.119058
