;Scopy version,f4beeb1
;Exported on,lundi octobre 13/10/2025
;Device,M2K
;Nr of samples,16000
;Sample rate,1000
;Tool,Oscilloscope
;Additional Information,
Sample,Time(S),CH1(V),CH2(V)
0,-2.003,0.125841,-0.00538096
1,-2.002,0.125841,-0.00538096
2,-2.001,0.125841,-0.00538096
3,-2,0.125841,-0.00364211
4,-1.999,0.125841,-0.00364211
5,-1.998,0.125841,-0.00364211
6,-1.997,0.125841,-0.00364211
7,-1.996,0.125841,-0.00364211
8,-1.995,0.125841,-0.00364211
9,-1.994,0.125841,-0.00364211
10,-1.993,0.125841,-0.00364211
11,-1.992,0.125841,-0.00364211
12,-1.991,0.125841,-0.00364211
13,-1.99,0.125841,-0.00364211
14,-1.989,0.125841,-0.00364211
15,-1.988,0.125841,-0.00364211
16,-1.987,0.125841,-0.00364211
17,-1.986,0.125841,-0.00538096
18,-1.985,0.125841,-0.00538096
19,-1.984,0.125841,-0.00538096
20,-1.983,0.125841,-0.00538096
21,-1.982,0.125841,-0.00538096
22,-1.981,0.125841,-0.00538096
23,-1.98,0.125841,-0.00538096
24,-1.979,0.125841,-0.00364211
25,-1.978,0.125841,-0.00364211
26,-1.977,0.125841,-0.00364211
27,-1.976,0.125841,-0.00364211
28,-1.975,0.125841,-0.00364211
29,-1.974,0.125841,-0.00364211
30,-1.973,0.125841,-0.00364211
31,-1.972,0.125841,-0.00364211
32,-1.971,0.125841,-0.00364211
33,-1.97,0.125841,-0.00364211
34,-1.969,0.125841,-0.00364211
35,-1.968,0.125841,-0.00364211
36,-1.967,0.125841,-0.00364211
37,-1.966,0.125841,-0.00538096
38,-1.965,0.125841,-0.00538096
39,-1.964,0.125841,-0.00538096
40,-1.963,0.125841,-0.00538096
41,-1.962,0.125841,-0.00538096
42,-1.961,0.125841,-0.00538096
43,-1.96,0.125841,-0.00538096
44,-1.959,0.125841,-0.00364211
45,-1.958,0.125841,-0.00364211
46,-1.957,0.125841,-0.00364211
47,-1.956,0.125841,-0.00364211
48,-1.955,0.125841,-0.00364211
49,-1.954,0.125841,-0.00364211
50,-1.953,0.125841,-0.00364211
51,-1.952,0.125841,-0.00364211
52,-1.951,0.125841,-0.00364211
53,-1.95,0.125841,-0.00364211
54,-1.949,0.125841,-0.00364211
55,-1.948,0.125841,-0.00364211
56,-1.947,0.125841,-0.00364211
57,-1.946,0.125841,-0.00538096
58,-1.945,0.125841,-0.00538096
59,-1.944,0.125841,-0.00538096
60,-1.943,0.125841,-0.00538096
61,-1.942,0.125841,-0.00538096
62,-1.941,0.125841,-0.00538096
63,-1.94,0.125841,-0.00538096
64,-1.939,0.125841,-0.00364211
65,-1.938,0.125841,-0.00364211
66,-1.937,0.125841,-0.00364211
67,-1.936,0.125841,-0.00364211
68,-1.935,0.125841,-0.00364211
69,-1.934,0.125841,-0.00364211
70,-1.933,0.125841,-0.00364211
71,-1.932,0.125841,-0.00364211
72,-1.931,0.125841,-0.00364211
73,-1.93,0.125841,-0.00364211
74,-1.929,0.125841,-0.00364211
75,-1.928,0.125841,-0.00364211
76,-1.927,0.125841,-0.00364211
77,-1.926,0.125841,-0.00538096
78,-1.925,0.125841,-0.00538096
79,-1.924,0.125841,-0.00538096
80,-1.923,0.125841,-0.00538096
81,-1.922,0.125841,-0.00538096
82,-1.921,0.125841,-0.00538096
83,-1.92,0.125841,-0.00538096
84,-1.919,0.125841,-0.00364211
85,-1.918,0.125841,-0.00364211
86,-1.917,0.125841,-0.00364211
87,-1.916,0.125841,-0.00364211
88,-1.915,0.125841,-0.00364211
89,-1.914,0.125841,-0.00364211
90,-1.913,0.125841,-0.00364211
91,-1.912,0.125841,-0.00364211
92,-1.911,0.125841,-0.00364211
93,-1.91,0.125841,-0.00364211
94,-1.909,0.125841,-0.00364211
95,-1.908,0.125841,-0.00364211
96,-1.907,0.125841,-0.00364211
97,-1.906,0.125841,-0.00538096
98,-1.905,0.125841,-0.00538096
99,-1.904,0.125841,-0.00538096
100,-1.903,0.125841,-0.00538096
101,-1.902,0.125841,-0.00538096
102,-1.901,0.125841,-0.00538096
103,-1.9,0.125841,-0.00364211
104,-1.899,0.125841,-0.00364211
105,-1.898,0.125841,-0.00364211
106,-1.897,0.125841,-0.00364211
107,-1.896,0.125841,-0.00364211
108,-1.895,0.125841,-0.00364211
109,-1.894,0.125841,-0.00364211
110,-1.893,0.125841,-0.00364211
111,-1.892,0.125841,-0.00364211
112,-1.891,0.125841,-0.00364211
113,-1.89,0.125841,-0.00364211
114,-1.889,0.125841,-0.00364211
115,-1.888,0.125841,-0.00364211
116,-1.887,0.125841,-0.00364211
117,-1.886,0.125841,-0.00538096
118,-1.885,0.125841,-0.00538096
119,-1.884,0.125841,-0.00538096
120,-1.883,0.125841,-0.00538096
121,-1.882,0.125841,-0.00538096
122,-1.881,0.125841,-0.00538096
123,-1.88,0.125841,-0.00538096
124,-1.879,0.125841,-0.00364211
125,-1.878,0.125841,-0.00364211
126,-1.877,0.125841,-0.00364211
127,-1.876,0.125841,-0.00364211
128,-1.875,0.125841,-0.00364211
129,-1.874,0.125841,-0.00364211
130,-1.873,0.125841,-0.00364211
131,-1.872,0.125841,-0.00364211
132,-1.871,0.125841,-0.00364211
133,-1.87,0.125841,-0.00364211
134,-1.869,0.125841,-0.00364211
135,-1.868,0.125841,-0.00364211
136,-1.867,0.125841,-0.00364211
137,-1.866,0.125841,-0.00538096
138,-1.865,0.125841,-0.00538096
139,-1.864,0.125841,-0.00538096
140,-1.863,0.125841,-0.00538096
141,-1.862,0.125841,-0.00538096
142,-1.861,0.125841,-0.00538096
143,-1.86,0.125841,-0.00538096
144,-1.859,0.125841,-0.00364211
145,-1.858,0.125841,-0.00364211
146,-1.857,0.125841,-0.00364211
147,-1.856,0.125841,-0.00364211
148,-1.855,0.125841,-0.00364211
149,-1.854,0.125841,-0.00364211
150,-1.853,0.125841,-0.00364211
151,-1.852,0.125841,-0.00364211
152,-1.851,0.125841,-0.00364211
153,-1.85,0.125841,-0.00364211
154,-1.849,0.125841,-0.00364211
155,-1.848,0.125841,-0.00364211
156,-1.847,0.125841,-0.00364211
157,-1.846,0.125841,-0.00538096
158,-1.845,0.125841,-0.00538096
159,-1.844,0.125841,-0.00538096
160,-1.843,0.125841,-0.00538096
161,-1.842,0.125841,-0.00538096
162,-1.841,0.125841,-0.00538096
163,-1.84,0.125841,-0.00538096
164,-1.839,0.125841,-0.00364211
165,-1.838,0.125841,-0.00364211
166,-1.837,0.125841,-0.00364211
167,-1.836,0.125841,-0.00364211
168,-1.835,0.125841,-0.00364211
169,-1.834,0.125841,-0.00364211
170,-1.833,0.125841,-0.00364211
171,-1.832,0.125841,-0.00364211
172,-1.831,0.125841,-0.00364211
173,-1.83,0.125841,-0.00364211
174,-1.829,0.125841,-0.00364211
175,-1.828,0.125841,-0.00364211
176,-1.827,0.125841,-0.00364211
177,-1.826,0.125841,-0.00538096
178,-1.825,0.125841,-0.00538096
179,-1.824,0.125841,-0.00538096
180,-1.823,0.125841,-0.00538096
181,-1.822,0.125841,-0.00538096
182,-1.821,0.125841,-0.00538096
183,-1.82,0.125841,-0.00364211
184,-1.819,0.125841,-0.00364211
185,-1.818,0.125841,-0.00364211
186,-1.817,0.125841,-0.00364211
187,-1.816,0.125841,-0.00364211
188,-1.815,0.125841,-0.00364211
189,-1.814,0.125841,-0.00364211
190,-1.813,0.125841,-0.00364211
191,-1.812,0.125841,-0.00364211
192,-1.811,0.125841,-0.00364211
193,-1.81,0.125841,-0.00364211
194,-1.809,0.125841,-0.00364211
195,-1.808,0.125841,-0.00364211
196,-1.807,0.125841,-0.00364211
197,-1.806,0.125841,-0.00538096
198,-1.805,0.125841,-0.00538096
199,-1.804,0.125841,-0.00538096
200,-1.803,0.125841,-0.00538096
201,-1.802,0.125841,-0.00538096
202,-1.801,0.125841,-0.00538096
203,-1.8,0.125841,-0.00538096
204,-1.799,0.125841,-0.00364211
205,-1.798,0.125841,-0.00364211
206,-1.797,0.125841,-0.00364211
207,-1.796,0.125841,-0.00364211
208,-1.795,0.125841,-0.00364211
209,-1.794,0.125841,-0.00364211
210,-1.793,0.125841,-0.00364211
211,-1.792,0.125841,-0.00364211
212,-1.791,0.125841,-0.00364211
213,-1.79,0.125841,-0.00364211
214,-1.789,0.125841,-0.00364211
215,-1.788,0.125841,-0.00364211
216,-1.787,0.125841,-0.00364211
217,-1.786,0.125841,-0.00538096
218,-1.785,0.125841,-0.00538096
219,-1.784,0.125841,-0.00538096
220,-1.783,0.125841,-0.00538096
221,-1.782,0.125841,-0.00538096
222,-1.781,0.125841,-0.00538096
223,-1.78,0.125841,-0.00538096
224,-1.779,0.125841,-0.00538096
225,-1.778,0.125841,-0.00364211
226,-1.777,0.125841,-0.00364211
227,-1.776,0.125841,-0.00364211
228,-1.775,0.125841,-0.00364211
229,-1.774,0.125841,-0.00364211
230,-1.773,0.125841,-0.00364211
231,-1.772,0.125841,-0.00364211
232,-1.771,0.125841,-0.00364211
233,-1.77,0.125841,-0.00364211
234,-1.769,0.125841,-0.00364211
235,-1.768,0.125841,-0.00364211
236,-1.767,0.125841,-0.00364211
237,-1.766,0.125841,-0.00538096
238,-1.765,0.125841,-0.00538096
239,-1.764,0.125841,-0.00538096
240,-1.763,0.125841,-0.00538096
241,-1.762,0.125841,-0.00538096
242,-1.761,0.125841,-0.00364211
243,-1.76,0.125841,-0.00364211
244,-1.759,0.125841,-0.00364211
245,-1.758,0.125841,-0.00364211
246,-1.757,0.125841,-0.00364211
247,-1.756,0.125841,-0.00364211
248,-1.755,0.125841,-0.00364211
249,-1.754,0.125841,-0.00364211
250,-1.753,0.125841,-0.00364211
251,-1.752,0.125841,-0.00364211
252,-1.751,0.125841,-0.00364211
253,-1.75,0.125841,-0.00364211
254,-1.749,0.125841,-0.00364211
255,-1.748,0.125841,-0.00364211
256,-1.747,0.125841,-0.00364211
257,-1.746,0.125841,-0.00538096
258,-1.745,0.125841,-0.00538096
259,-1.744,0.125841,-0.00538096
260,-1.743,0.125841,-0.00538096
261,-1.742,0.125841,-0.00538096
262,-1.741,0.125841,-0.00538096
263,-1.74,0.125841,-0.00538096
264,-1.739,0.125841,-0.00538096
265,-1.738,0.125841,-0.00364211
266,-1.737,0.125841,-0.00364211
267,-1.736,0.125841,-0.00364211
268,-1.735,0.125841,-0.00364211
269,-1.734,0.125841,-0.00364211
270,-1.733,0.125841,-0.00364211
271,-1.732,0.125841,-0.00364211
272,-1.731,0.125841,-0.00364211
273,-1.73,0.125841,-0.00364211
274,-1.729,0.125841,-0.00364211
275,-1.728,0.125841,-0.00364211
276,-1.727,0.125841,-0.00364211
277,-1.726,0.125841,-0.00538096
278,-1.725,0.125841,-0.00538096
279,-1.724,0.125841,-0.00538096
280,-1.723,0.125841,-0.00538096
281,-1.722,0.125841,-0.00538096
282,-1.721,0.125841,-0.00538096
283,-1.72,0.125841,-0.00538096
284,-1.719,0.125841,-0.00538096
285,-1.718,0.125841,-0.00364211
286,-1.717,0.125841,-0.00364211
287,-1.716,0.125841,-0.00364211
288,-1.715,0.125841,-0.00364211
289,-1.714,0.125841,-0.00364211
290,-1.713,0.125841,-0.00364211
291,-1.712,0.125841,-0.00364211
292,-1.711,0.125841,-0.00364211
293,-1.71,0.125841,-0.00364211
294,-1.709,0.125841,-0.00364211
295,-1.708,0.125841,-0.00364211
296,-1.707,0.125841,-0.00364211
297,-1.706,0.125841,-0.00538096
298,-1.705,0.125841,-0.00538096
299,-1.704,0.125841,-0.00538096
300,-1.703,0.125841,-0.00538096
301,-1.702,0.125841,-0.00538096
302,-1.701,0.125841,-0.00538096
303,-1.7,0.125841,-0.00538096
304,-1.699,0.125841,-0.00538096
305,-1.698,0.125841,-0.00538096
306,-1.697,0.125841,-0.00364211
307,-1.696,0.125841,-0.00364211
308,-1.695,0.125841,-0.00364211
309,-1.694,0.125841,-0.00364211
310,-1.693,0.125841,-0.00364211
311,-1.692,0.125841,-0.00364211
312,-1.691,0.125841,-0.00364211
313,-1.69,0.125841,-0.00364211
314,-1.689,0.125841,-0.00364211
315,-1.688,0.125841,-0.00364211
316,-1.687,0.125841,-0.00364211
317,-1.686,0.125841,-0.00538096
318,-1.685,0.125841,-0.00538096
319,-1.684,0.125841,-0.00538096
320,-1.683,0.125841,-0.00538096
321,-1.682,0.125841,-0.00538096
322,-1.681,0.125841,-0.00538096
323,-1.68,0.125841,-0.00538096
324,-1.679,0.125841,-0.00364211
325,-1.678,0.125841,-0.00364211
326,-1.677,0.125841,-0.00364211
327,-1.676,0.125841,-0.00364211
328,-1.675,0.125841,-0.00364211
329,-1.674,0.125841,-0.00364211
330,-1.673,0.125841,-0.00364211
331,-1.672,0.125841,-0.00364211
332,-1.671,0.125841,-0.00364211
333,-1.67,0.125841,-0.00364211
334,-1.669,0.125841,-0.00364211
335,-1.668,0.125841,-0.00364211
336,-1.667,0.125841,-0.00364211
337,-1.666,0.125841,-0.00538096
338,-1.665,0.125841,-0.00538096
339,-1.664,0.125841,-0.00538096
340,-1.663,0.125841,-0.00538096
341,-1.662,0.125841,-0.00538096
342,-1.661,0.125841,-0.00538096
343,-1.66,0.125841,-0.00538096
344,-1.659,0.125841,-0.00538096
345,-1.658,0.125841,-0.00538096
346,-1.657,0.125841,-0.00364211
347,-1.656,0.125841,-0.00364211
348,-1.655,0.125841,-0.00364211
349,-1.654,0.125841,-0.00364211
350,-1.653,0.125841,-0.00364211
351,-1.652,0.125841,-0.00364211
352,-1.651,0.125841,-0.00364211
353,-1.65,0.125841,-0.00364211
354,-1.649,0.125841,-0.00364211
355,-1.648,0.125841,-0.00364211
356,-1.647,0.125841,-0.00538096
357,-1.646,0.125841,-0.00538096
358,-1.645,0.125841,-0.00538096
359,-1.644,0.125841,-0.00538096
360,-1.643,0.125841,-0.00538096
361,-1.642,0.125841,-0.00538096
362,-1.641,0.125841,-0.00538096
363,-1.64,0.125841,-0.00538096
364,-1.639,0.125841,-0.00538096
365,-1.638,0.125841,-0.00364211
366,-1.637,0.125841,-0.00190326
367,-1.636,0.125841,-0.00364211
368,-1.635,0.125841,-0.00364211
369,-1.634,0.125841,-0.00364211
370,-1.633,0.125841,-0.00364211
371,-1.632,0.125841,-0.00364211
372,-1.631,0.125841,-0.00364211
373,-1.63,0.125841,-0.00364211
374,-1.629,0.125841,-0.00364211
375,-1.628,0.125841,-0.00364211
376,-1.627,0.125841,-0.00538096
377,-1.626,0.125841,-0.00538096
378,-1.625,0.125841,-0.00538096
379,-1.624,0.125841,-0.00538096
380,-1.623,0.125841,-0.00538096
381,-1.622,0.125841,-0.00538096
382,-1.621,0.125841,-0.00538096
383,-1.62,0.125841,-0.00538096
384,-1.619,0.125841,-0.00538096
385,-1.618,0.125841,-0.00364211
386,-1.617,0.125841,-0.00364211
387,-1.616,0.125841,-0.00364211
388,-1.615,0.125841,-0.00364211
389,-1.614,0.125841,-0.00364211
390,-1.613,0.125841,-0.00364211
391,-1.612,0.125841,-0.00364211
392,-1.611,0.125841,-0.00364211
393,-1.61,0.125841,-0.00364211
394,-1.609,0.125841,-0.00364211
395,-1.608,0.125841,-0.00364211
396,-1.607,0.125841,-0.00538096
397,-1.606,0.125841,-0.00538096
398,-1.605,0.125841,-0.00538096
399,-1.604,0.125841,-0.00538096
400,-1.603,0.125841,-0.00538096
401,-1.602,0.125841,-0.00538096
402,-1.601,0.125841,-0.00538096
403,-1.6,0.125841,-0.00538096
404,-1.599,0.125841,-0.00538096
405,-1.598,0.125841,-0.00538096
406,-1.597,0.125841,-0.00364211
407,-1.596,0.125841,-0.00364211
408,-1.595,0.125841,-0.00364211
409,-1.594,0.125841,-0.00364211
410,-1.593,0.125841,-0.00364211
411,-1.592,0.125841,-0.00364211
412,-1.591,0.125841,-0.00364211
413,-1.59,0.125841,-0.00364211
414,-1.589,0.125841,-0.00364211
415,-1.588,0.125841,-0.00364211
416,-1.587,0.125841,-0.00364211
417,-1.586,0.125841,-0.00538096
418,-1.585,0.125841,-0.00538096
419,-1.584,0.125841,-0.00538096
420,-1.583,0.125841,-0.00538096
421,-1.582,0.125841,-0.00538096
422,-1.581,0.125841,-0.00538096
423,-1.58,0.125841,-0.00538096
424,-1.579,0.125841,-0.00538096
425,-1.578,0.125841,-0.00538096
426,-1.577,0.125841,-0.00364211
427,-1.576,0.125841,-0.00364211
428,-1.575,0.125841,-0.00364211
429,-1.574,0.125841,-0.00364211
430,-1.573,0.125841,-0.00364211
431,-1.572,0.125841,-0.00364211
432,-1.571,0.125841,-0.00364211
433,-1.57,0.125841,-0.00364211
434,-1.569,0.125841,-0.00364211
435,-1.568,0.125841,-0.00364211
436,-1.567,0.125841,-0.00364211
437,-1.566,0.125841,-0.00538096
438,-1.565,0.125841,-0.00538096
439,-1.564,0.125841,-0.00538096
440,-1.563,0.125841,-0.00538096
441,-1.562,0.125841,-0.00538096
442,-1.561,0.125841,-0.00538096
443,-1.56,0.125841,-0.00538096
444,-1.559,0.125841,-0.00538096
445,-1.558,0.125841,-0.00364211
446,-1.557,0.125841,-0.00364211
447,-1.556,0.125841,-0.00364211
448,-1.555,0.125841,-0.00364211
449,-1.554,0.125841,-0.00364211
450,-1.553,0.125841,-0.00364211
451,-1.552,0.125841,-0.00364211
452,-1.551,0.125841,-0.00364211
453,-1.55,0.125841,-0.00364211
454,-1.549,0.125841,-0.00364211
455,-1.548,0.125841,-0.00364211
456,-1.547,0.125841,-0.00538096
457,-1.546,0.125841,-0.00538096
458,-1.545,0.125841,-0.00538096
459,-1.544,0.125841,-0.00538096
460,-1.543,0.125841,-0.00538096
461,-1.542,0.125841,-0.00538096
462,-1.541,0.125841,-0.00538096
463,-1.54,0.125841,-0.00538096
464,-1.539,0.125841,-0.00538096
465,-1.538,0.125841,-0.00538096
466,-1.537,0.125841,-0.00364211
467,-1.536,0.125841,-0.00364211
468,-1.535,0.125841,-0.00364211
469,-1.534,0.125841,-0.00364211
470,-1.533,0.125841,-0.00364211
471,-1.532,0.125841,-0.00364211
472,-1.531,0.125841,-0.00364211
473,-1.53,0.125841,-0.00364211
474,-1.529,0.125841,-0.00364211
475,-1.528,0.125841,-0.00364211
476,-1.527,0.125841,-0.00364211
477,-1.526,0.125841,-0.00538096
478,-1.525,0.125841,-0.00538096
479,-1.524,0.125841,-0.00538096
480,-1.523,0.125841,-0.00538096
481,-1.522,0.125841,-0.00538096
482,-1.521,0.125841,-0.00538096
483,-1.52,0.125841,-0.00538096
484,-1.519,0.125841,-0.00538096
485,-1.518,0.125841,-0.00364211
486,-1.517,0.125841,-0.00364211
487,-1.516,0.125841,-0.00364211
488,-1.515,0.125841,-0.00364211
489,-1.514,0.125841,-0.00364211
490,-1.513,0.125841,-0.00364211
491,-1.512,0.125841,-0.00364211
492,-1.511,0.125841,-0.00364211
493,-1.51,0.125841,-0.00364211
494,-1.509,0.125841,-0.00364211
495,-1.508,0.125841,-0.00364211
496,-1.507,0.125841,-0.00538096
497,-1.506,0.125841,-0.00538096
498,-1.505,0.125841,-0.00538096
499,-1.504,0.125841,-0.00538096
500,-1.503,0.125841,-0.00538096
501,-1.502,0.125841,-0.00538096
502,-1.501,0.125841,-0.00538096
503,-1.5,0.125841,-0.00538096
504,-1.499,0.125841,-0.00538096
505,-1.498,0.125841,-0.00364211
506,-1.497,0.125841,-0.00538096
507,-1.496,0.125841,-0.00364211
508,-1.495,0.125841,-0.00364211
509,-1.494,0.125841,-0.00364211
510,-1.493,0.125841,-0.00364211
511,-1.492,0.125841,-0.00364211
512,-1.491,0.125841,-0.00364211
513,-1.49,0.125841,-0.00364211
514,-1.489,0.125841,-0.00190326
515,-1.488,0.125841,-0.00364211
516,-1.487,0.125841,-0.00538096
517,-1.486,0.125841,-0.00538096
518,-1.485,0.125841,-0.00538096
519,-1.484,0.125841,-0.00538096
520,-1.483,0.125841,-0.00538096
521,-1.482,0.125841,-0.00538096
522,-1.481,0.125841,-0.00538096
523,-1.48,0.125841,-0.00538096
524,-1.479,0.125841,-0.00538096
525,-1.478,0.125841,-0.00538096
526,-1.477,0.125841,-0.00364211
527,-1.476,0.125841,-0.00364211
528,-1.475,0.125841,-0.00364211
529,-1.474,0.125841,-0.00364211
530,-1.473,0.125841,-0.00364211
531,-1.472,0.125841,-0.00364211
532,-1.471,0.125841,-0.00364211
533,-1.47,0.125841,-0.00364211
534,-1.469,0.125841,-0.00364211
535,-1.468,0.125841,-0.00364211
536,-1.467,0.125841,-0.00364211
537,-1.466,0.125841,-0.00538096
538,-1.465,0.125841,-0.00538096
539,-1.464,0.125841,-0.00538096
540,-1.463,0.125841,-0.00538096
541,-1.462,0.125841,-0.00538096
542,-1.461,0.125841,-0.00538096
543,-1.46,0.125841,-0.00538096
544,-1.459,0.125841,-0.00364211
545,-1.458,0.125841,-0.00364211
546,-1.457,0.125841,-0.00364211
547,-1.456,0.125841,-0.00364211
548,-1.455,0.125841,-0.00364211
549,-1.454,0.125841,-0.00364211
550,-1.453,0.125841,-0.00364211
551,-1.452,0.125841,-0.00364211
552,-1.451,0.125841,-0.00364211
553,-1.45,0.125841,-0.00364211
554,-1.449,0.125841,-0.00364211
555,-1.448,0.125841,-0.00364211
556,-1.447,0.125841,-0.00364211
557,-1.446,0.125841,-0.00538096
558,-1.445,0.125841,-0.00538096
559,-1.444,0.125841,-0.00538096
560,-1.443,0.125841,-0.00538096
561,-1.442,0.125841,-0.00538096
562,-1.441,0.125841,-0.00538096
563,-1.44,0.125841,-0.00538096
564,-1.439,0.125841,-0.00538096
565,-1.438,0.125841,-0.00538096
566,-1.437,0.125841,-0.00364211
567,-1.436,0.125841,-0.00538096
568,-1.435,0.125841,-0.00190326
569,-1.434,0.125841,-0.00364211
570,-1.433,0.125841,-0.00364211
571,-1.432,0.125841,-0.00364211
572,-1.431,0.125841,-0.00364211
573,-1.43,0.125841,-0.00364211
574,-1.429,0.125841,-0.00364211
575,-1.428,0.125841,-0.00364211
576,-1.427,0.125841,-0.00364211
577,-1.426,0.125841,-0.00538096
578,-1.425,0.125841,-0.00538096
579,-1.424,0.125841,-0.00538096
580,-1.423,0.125841,-0.00538096
581,-1.422,0.125841,-0.00538096
582,-1.421,0.125841,-0.00538096
583,-1.42,0.125841,-0.00538096
584,-1.419,0.125841,-0.00538096
585,-1.418,0.125841,-0.00364211
586,-1.417,0.125841,-0.00364211
587,-1.416,0.125841,-0.00364211
588,-1.415,0.125841,-0.00364211
589,-1.414,0.125841,-0.00364211
590,-1.413,0.125841,-0.00364211
591,-1.412,0.125841,-0.00364211
592,-1.411,0.125841,-0.00364211
593,-1.41,0.125841,-0.00364211
594,-1.409,0.125841,-0.00364211
595,-1.408,0.125841,-0.00364211
596,-1.407,0.125841,-0.00538096
597,-1.406,0.125841,-0.00538096
598,-1.405,0.125841,-0.00538096
599,-1.404,0.125841,-0.00538096
600,-1.403,0.125841,-0.00538096
601,-1.402,0.125841,-0.00538096
602,-1.401,0.125841,-0.00538096
603,-1.4,0.125841,-0.00538096
604,-1.399,0.125841,-0.00538096
605,-1.398,0.125841,-0.00364211
606,-1.397,0.125841,-0.00364211
607,-1.396,0.125841,-0.00364211
608,-1.395,0.125841,-0.00364211
609,-1.394,0.125841,-0.00364211
610,-1.393,0.125841,-0.00364211
611,-1.392,0.125841,-0.00364211
612,-1.391,0.125841,-0.00364211
613,-1.39,0.125841,-0.00364211
614,-1.389,0.125841,-0.00364211
615,-1.388,0.125841,-0.00364211
616,-1.387,0.125841,-0.00538096
617,-1.386,0.125841,-0.00538096
618,-1.385,0.125841,-0.00538096
619,-1.384,0.125841,-0.00538096
620,-1.383,0.125841,-0.00538096
621,-1.382,0.125841,-0.00538096
622,-1.381,0.125841,-0.00538096
623,-1.38,0.125841,-0.00538096
624,-1.379,0.125841,-0.00538096
625,-1.378,0.125841,-0.00364211
626,-1.377,0.125841,-0.00364211
627,-1.376,0.125841,-0.00364211
628,-1.375,0.125841,-0.00364211
629,-1.374,0.125841,-0.00364211
630,-1.373,0.125841,-0.00364211
631,-1.372,0.125841,-0.00364211
632,-1.371,0.125841,-0.00364211
633,-1.37,0.125841,-0.00364211
634,-1.369,0.125841,-0.00364211
635,-1.368,0.125841,-0.00364211
636,-1.367,0.125841,-0.00364211
637,-1.366,0.125841,-0.00538096
638,-1.365,0.125841,-0.00538096
639,-1.364,0.125841,-0.00538096
640,-1.363,0.125841,-0.00538096
641,-1.362,0.125841,-0.00538096
642,-1.361,0.125841,-0.00538096
643,-1.36,0.125841,-0.00538096
644,-1.359,0.125841,-0.00538096
645,-1.358,0.125841,-0.00364211
646,-1.357,0.125841,-0.00364211
647,-1.356,0.125841,-0.00364211
648,-1.355,0.125841,-0.00364211
649,-1.354,0.125841,-0.00364211
650,-1.353,0.125841,-0.00364211
651,-1.352,0.125841,-0.00364211
652,-1.351,0.125841,-0.00364211
653,-1.35,0.125841,-0.00364211
654,-1.349,0.125841,-0.00364211
655,-1.348,0.125841,-0.00364211
656,-1.347,0.125841,-0.00364211
657,-1.346,0.125841,-0.00538096
658,-1.345,0.125841,-0.00538096
659,-1.344,0.125841,-0.00538096
660,-1.343,0.125841,-0.00538096
661,-1.342,0.125841,-0.00538096
662,-1.341,0.125841,-0.00538096
663,-1.34,0.125841,-0.00538096
664,-1.339,0.125841,-0.00538096
665,-1.338,0.125841,-0.00364211
666,-1.337,0.125841,-0.00364211
667,-1.336,0.125841,-0.00364211
668,-1.335,0.125841,-0.00364211
669,-1.334,0.125841,-0.00364211
670,-1.333,0.125841,-0.00364211
671,-1.332,0.125841,-0.00364211
672,-1.331,0.125841,-0.00364211
673,-1.33,0.125841,-0.00364211
674,-1.329,0.125841,-0.00364211
675,-1.328,0.125841,-0.00364211
676,-1.327,0.125841,-0.00364211
677,-1.326,0.125841,-0.00538096
678,-1.325,0.125841,-0.00538096
679,-1.324,0.125841,-0.00538096
680,-1.323,0.125841,-0.00538096
681,-1.322,0.125841,-0.00538096
682,-1.321,0.125841,-0.00538096
683,-1.32,0.125841,-0.00538096
684,-1.319,0.125841,-0.00364211
685,-1.318,0.125841,-0.00364211
686,-1.317,0.125841,-0.00364211
687,-1.316,0.125841,-0.00364211
688,-1.315,0.125841,-0.00364211
689,-1.314,0.125841,-0.00364211
690,-1.313,0.125841,-0.00364211
691,-1.312,0.125841,-0.00364211
692,-1.311,0.125841,-0.00364211
693,-1.31,0.125841,-0.00364211
694,-1.309,0.125841,-0.00364211
695,-1.308,0.125841,-0.00364211
696,-1.307,0.125841,-0.00364211
697,-1.306,0.125841,-0.00538096
698,-1.305,0.125841,-0.00538096
699,-1.304,0.125841,-0.00538096
700,-1.303,0.125841,-0.00538096
701,-1.302,0.125841,-0.00538096
702,-1.301,0.125841,-0.00538096
703,-1.3,0.125841,-0.00538096
704,-1.299,0.125841,-0.00364211
705,-1.298,0.125841,-0.00364211
706,-1.297,0.125841,-0.00364211
707,-1.296,0.125841,-0.00364211
708,-1.295,0.125841,-0.00364211
709,-1.294,0.125841,-0.00364211
710,-1.293,0.125841,-0.00364211
711,-1.292,0.125841,-0.00364211
712,-1.291,0.125841,-0.00364211
713,-1.29,0.125841,-0.00364211
714,-1.289,0.125841,-0.00364211
715,-1.288,0.125841,-0.00364211
716,-1.287,0.125841,-0.00364211
717,-1.286,0.125841,-0.00538096
718,-1.285,0.125841,-0.00538096
719,-1.284,0.125841,-0.00538096
720,-1.283,0.125841,-0.00538096
721,-1.282,0.125841,-0.00538096
722,-1.281,0.125841,-0.00538096
723,-1.28,0.125841,-0.00538096
724,-1.279,0.125841,-0.00190326
725,-1.278,0.125841,-0.00538096
726,-1.277,0.125841,-0.00364211
727,-1.276,0.125841,-0.00364211
728,-1.275,0.125841,-0.00364211
729,-1.274,0.125841,-0.00364211
730,-1.273,0.125841,-0.00364211
731,-1.272,0.125841,-0.00364211
732,-1.271,0.125841,-0.00364211
733,-1.27,0.125841,-0.00364211
734,-1.269,0.125841,-0.00364211
735,-1.268,0.125841,-0.00364211
736,-1.267,0.125841,-0.00538096
737,-1.266,0.125841,-0.00538096
738,-1.265,0.125841,-0.00538096
739,-1.264,0.125841,-0.00538096
740,-1.263,0.125841,-0.00538096
741,-1.262,0.125841,-0.00538096
742,-1.261,0.125841,-0.00538096
743,-1.26,0.125841,-0.00364211
744,-1.259,0.125841,-0.00364211
745,-1.258,0.125841,-0.00364211
746,-1.257,0.125841,-0.00364211
747,-1.256,0.125841,-0.00364211
748,-1.255,0.125841,-0.00364211
749,-1.254,0.125841,-0.00364211
750,-1.253,0.125841,-0.00364211
751,-1.252,0.125841,-0.00364211
752,-1.251,0.125841,-0.00364211
753,-1.25,0.125841,-0.00364211
754,-1.249,0.125841,-0.00364211
755,-1.248,0.125841,-0.00364211
756,-1.247,0.125841,-0.00364211
757,-1.246,0.125841,-0.00538096
758,-1.245,0.125841,-0.00538096
759,-1.244,0.125841,-0.00538096
760,-1.243,0.125841,-0.00538096
761,-1.242,0.125841,-0.00538096
762,-1.241,0.125841,-0.00538096
763,-1.24,0.125841,-0.00364211
764,-1.239,0.125841,-0.00364211
765,-1.238,0.125841,-0.00364211
766,-1.237,0.125841,-0.00364211
767,-1.236,0.125841,-0.00364211
768,-1.235,0.125841,-0.00364211
769,-1.234,0.125841,-0.00364211
770,-1.233,0.125841,-0.00364211
771,-1.232,0.125841,-0.00364211
772,-1.231,0.125841,-0.00364211
773,-1.23,0.125841,-0.00364211
774,-1.229,0.125841,-0.00364211
775,-1.228,0.125841,-0.00364211
776,-1.227,0.125841,-0.00364211
777,-1.226,0.125841,-0.00538096
778,-1.225,0.125841,-0.00538096
779,-1.224,0.125841,-0.00538096
780,-1.223,0.125841,-0.00538096
781,-1.222,0.125841,-0.00538096
782,-1.221,0.125841,-0.00538096
783,-1.22,0.125841,-0.00364211
784,-1.219,0.125841,-0.00364211
785,-1.218,0.125841,-0.00364211
786,-1.217,0.125841,-0.00364211
787,-1.216,0.125841,-0.00364211
788,-1.215,0.125841,-0.00364211
789,-1.214,0.125841,-0.00364211
790,-1.213,0.125841,-0.00364211
791,-1.212,0.125841,-0.00364211
792,-1.211,0.125841,-0.00364211
793,-1.21,0.125841,-0.00364211
794,-1.209,0.125841,-0.00364211
795,-1.208,0.125841,-0.00364211
796,-1.207,0.125841,-0.00364211
797,-1.206,0.125841,-0.00538096
798,-1.205,0.125841,-0.00538096
799,-1.204,0.125841,-0.00538096
800,-1.203,0.125841,-0.00538096
801,-1.202,0.125841,-0.00538096
802,-1.201,0.125841,-0.00538096
803,-1.2,0.125841,-0.00364211
804,-1.199,0.125841,-0.00364211
805,-1.198,0.125841,-0.00364211
806,-1.197,0.125841,-0.00364211
807,-1.196,0.125841,-0.00364211
808,-1.195,0.125841,-0.00364211
809,-1.194,0.125841,-0.00364211
810,-1.193,0.125841,-0.00364211
811,-1.192,0.125841,-0.00364211
812,-1.191,0.125841,-0.00364211
813,-1.19,0.125841,-0.00364211
814,-1.189,0.125841,-0.00364211
815,-1.188,0.125841,-0.00364211
816,-1.187,0.125841,-0.00364211
817,-1.186,0.125841,-0.00538096
818,-1.185,0.125841,-0.00538096
819,-1.184,0.125841,-0.00538096
820,-1.183,0.125841,-0.00538096
821,-1.182,0.125841,-0.00538096
822,-1.181,0.125841,-0.00538096
823,-1.18,0.125841,-0.00364211
824,-1.179,0.125841,-0.00364211
825,-1.178,0.125841,-0.00364211
826,-1.177,0.125841,-0.00364211
827,-1.176,0.125841,-0.00364211
828,-1.175,0.125841,-0.00364211
829,-1.174,0.125841,-0.00364211
830,-1.173,0.125841,-0.00364211
831,-1.172,0.125841,-0.00364211
832,-1.171,0.125841,-0.00364211
833,-1.17,0.125841,-0.00364211
834,-1.169,0.125841,-0.00364211
835,-1.168,0.125841,-0.00364211
836,-1.167,0.125841,-0.00538096
837,-1.166,0.125841,-0.00538096
838,-1.165,0.125841,-0.00538096
839,-1.164,0.125841,-0.00538096
840,-1.163,0.125841,-0.00538096
841,-1.162,0.125841,-0.00538096
842,-1.161,0.125841,-0.00538096
843,-1.16,0.125841,-0.00538096
844,-1.159,0.125841,-0.00538096
845,-1.158,0.125841,-0.00538096
846,-1.157,0.125841,-0.00364211
847,-1.156,0.125841,-0.00364211
848,-1.155,0.125841,-0.00364211
849,-1.154,0.125841,-0.00364211
850,-1.153,0.125841,-0.00364211
851,-1.152,0.125841,-0.00364211
852,-1.151,0.125841,-0.00364211
853,-1.15,0.125841,-0.00364211
854,-1.149,0.125841,-0.00364211
855,-1.148,0.125841,-0.00364211
856,-1.147,0.125841,-0.00538096
857,-1.146,0.125841,-0.00538096
858,-1.145,0.125841,-0.00538096
859,-1.144,0.125841,-0.00538096
860,-1.143,0.125841,-0.00538096
861,-1.142,0.125841,-0.00538096
862,-1.141,0.125841,-0.00538096
863,-1.14,0.125841,-0.00538096
864,-1.139,0.125841,-0.00538096
865,-1.138,0.125841,-0.00538096
866,-1.137,0.125841,-0.00364211
867,-1.136,0.125841,-0.00364211
868,-1.135,0.125841,-0.00364211
869,-1.134,0.125841,-0.00364211
870,-1.133,0.125841,-0.00364211
871,-1.132,0.125841,-0.00364211
872,-1.131,0.125841,-0.00364211
873,-1.13,0.125841,-0.00364211
874,-1.129,0.125841,-0.00364211
875,-1.128,0.125841,-0.00364211
876,-1.127,0.125841,-0.00538096
877,-1.126,0.125841,-0.00538096
878,-1.125,0.125841,-0.00538096
879,-1.124,0.125841,-0.00538096
880,-1.123,0.125841,-0.00538096
881,-1.122,0.125841,-0.00538096
882,-1.121,0.125841,-0.00538096
883,-1.12,0.125841,-0.00538096
884,-1.119,0.125841,-0.00538096
885,-1.118,0.125841,-0.00538096
886,-1.117,0.125841,-0.00364211
887,-1.116,0.125841,-0.00364211
888,-1.115,0.125841,-0.00364211
889,-1.114,0.125841,-0.00364211
890,-1.113,0.125841,-0.00364211
891,-1.112,0.125841,-0.00364211
892,-1.111,0.125841,-0.00364211
893,-1.11,0.125841,-0.00364211
894,-1.109,0.125841,-0.00364211
895,-1.108,0.125841,-0.00364211
896,-1.107,0.125841,-0.00364211
897,-1.106,0.125841,-0.00538096
898,-1.105,0.125841,-0.00538096
899,-1.104,0.125841,-0.00538096
900,-1.103,0.125841,-0.00538096
901,-1.102,0.125841,-0.00538096
902,-1.101,0.125841,-0.00538096
903,-1.1,0.125841,-0.00364211
904,-1.099,0.125841,-0.00364211
905,-1.098,0.125841,-0.00364211
906,-1.097,0.125841,-0.00364211
907,-1.096,0.125841,-0.00364211
908,-1.095,0.125841,-0.00364211
909,-1.094,0.125841,-0.00364211
910,-1.093,0.125841,-0.00364211
911,-1.092,0.125841,-0.00364211
912,-1.091,0.125841,-0.00364211
913,-1.09,0.125841,-0.00364211
914,-1.089,0.125841,-0.00364211
915,-1.088,0.125841,-0.00364211
916,-1.087,0.125841,-0.00538096
917,-1.086,0.125841,-0.00538096
918,-1.085,0.125841,-0.00538096
919,-1.084,0.125841,-0.00538096
920,-1.083,0.125841,-0.00538096
921,-1.082,0.125841,-0.00538096
922,-1.081,0.125841,-0.00538096
923,-1.08,0.125841,-0.00364211
924,-1.079,0.125841,-0.00364211
925,-1.078,0.125841,-0.00364211
926,-1.077,0.125841,-0.00364211
927,-1.076,0.125841,-0.00364211
928,-1.075,0.125841,-0.00364211
929,-1.074,0.125841,-0.00364211
930,-1.073,0.125841,-0.00364211
931,-1.072,0.125841,-0.00364211
932,-1.071,0.125841,-0.00364211
933,-1.07,0.125841,-0.00364211
934,-1.069,0.125841,-0.00364211
935,-1.068,0.125841,-0.00364211
936,-1.067,0.125841,-0.00364211
937,-1.066,0.125841,-0.00538096
938,-1.065,0.125841,-0.00538096
939,-1.064,0.125841,-0.00538096
940,-1.063,0.125841,-0.00538096
941,-1.062,0.125841,-0.00538096
942,-1.061,0.125841,-0.00538096
943,-1.06,0.125841,-0.00364211
944,-1.059,0.125841,-0.00364211
945,-1.058,0.125841,-0.00364211
946,-1.057,0.125841,-0.00364211
947,-1.056,0.125841,-0.00364211
948,-1.055,0.125841,-0.00364211
949,-1.054,0.125841,-0.00364211
950,-1.053,0.125841,-0.00364211
951,-1.052,0.125841,-0.00364211
952,-1.051,0.125841,-0.00364211
953,-1.05,0.125841,-0.00364211
954,-1.049,0.125841,-0.00364211
955,-1.048,0.125841,-0.00364211
956,-1.047,0.125841,-0.00364211
957,-1.046,0.125841,-0.00538096
958,-1.045,0.125841,-0.00538096
959,-1.044,0.125841,-0.00538096
960,-1.043,0.125841,-0.00538096
961,-1.042,0.125841,-0.00538096
962,-1.041,0.125841,-0.00538096
963,-1.04,0.125841,-0.00364211
964,-1.039,0.125841,-0.00364211
965,-1.038,0.125841,-0.00364211
966,-1.037,0.125841,-0.00364211
967,-1.036,0.125841,-0.00364211
968,-1.035,0.125841,-0.00364211
969,-1.034,0.125841,-0.00364211
970,-1.033,0.125841,-0.00364211
971,-1.032,0.125841,-0.00364211
972,-1.031,0.125841,-0.00364211
973,-1.03,0.125841,-0.00364211
974,-1.029,0.125841,-0.00364211
975,-1.028,0.125841,-0.00364211
976,-1.027,0.125841,-0.00364211
977,-1.026,0.125841,-0.00538096
978,-1.025,0.125841,-0.00538096
979,-1.024,0.125841,-0.00538096
980,-1.023,0.125841,-0.00538096
981,-1.022,0.125841,-0.00538096
982,-1.021,0.125841,-0.00538096
983,-1.02,0.125841,-0.00538096
984,-1.019,0.125841,-0.00538096
985,-1.018,0.125841,-0.00364211
986,-1.017,0.125841,-0.00364211
987,-1.016,0.125841,-0.00364211
988,-1.015,0.125841,-0.00364211
989,-1.014,0.125841,-0.00364211
990,-1.013,0.125841,-0.00364211
991,-1.012,0.125841,-0.00364211
992,-1.011,0.125841,-0.00364211
993,-1.01,0.125841,-0.00364211
994,-1.009,0.125841,-0.00364211
995,-1.008,0.125841,-0.00364211
996,-1.007,0.125841,-0.00538096
997,-1.006,0.125841,-0.00538096
998,-1.005,0.125841,-0.00538096
999,-1.004,0.125841,-0.00538096
1000,-1.003,0.125841,-0.00538096
1001,-1.002,0.125841,-0.00538096
1002,-1.001,0.125841,-0.00538096
1003,-1,0.125841,-0.00538096
1004,-0.999,0.125841,-0.00190326
1005,-0.998,0.125841,-0.00538096
1006,-0.997,0.125841,-0.00364211
1007,-0.996,0.125841,-0.00364211
1008,-0.995,0.125841,-0.00364211
1009,-0.994,0.125841,-0.00364211
1010,-0.993,0.125841,-0.00364211
1011,-0.992,0.125841,-0.00364211
1012,-0.991,0.125841,-0.00364211
1013,-0.99,0.125841,-0.00364211
1014,-0.989,0.125841,-0.00364211
1015,-0.988,0.125841,-0.00364211
1016,-0.987,0.125841,-0.00538096
1017,-0.986,0.125841,-0.00538096
1018,-0.985,0.125841,-0.00538096
1019,-0.984,0.125841,-0.00538096
1020,-0.983,0.125841,-0.00538096
1021,-0.982,0.125841,-0.00538096
1022,-0.981,0.125841,-0.00538096
1023,-0.98,0.125841,-0.00538096
1024,-0.979,0.125841,-0.00538096
1025,-0.978,0.125841,-0.00538096
1026,-0.977,0.125841,-0.00364211
1027,-0.976,0.125841,-0.00364211
1028,-0.975,0.125841,-0.00364211
1029,-0.974,0.125841,-0.00364211
1030,-0.973,0.125841,-0.00364211
1031,-0.972,0.125841,-0.00364211
1032,-0.971,0.125841,-0.00364211
1033,-0.97,0.125841,-0.00364211
1034,-0.969,0.125841,-0.00364211
1035,-0.968,0.125841,-0.00364211
1036,-0.967,0.125841,-0.00538096
1037,-0.966,0.125841,-0.00538096
1038,-0.965,0.125841,-0.00538096
1039,-0.964,0.125841,-0.00538096
1040,-0.963,0.125841,-0.00538096
1041,-0.962,0.125841,-0.00538096
1042,-0.961,0.125841,-0.00538096
1043,-0.96,0.125841,-0.00538096
1044,-0.959,0.125841,-0.00364211
1045,-0.958,0.125841,-0.00364211
1046,-0.957,0.125841,-0.00364211
1047,-0.956,0.125841,-0.00364211
1048,-0.955,0.125841,-0.00364211
1049,-0.954,0.125841,-0.00364211
1050,-0.953,0.125841,-0.00364211
1051,-0.952,0.125841,-0.00364211
1052,-0.951,0.125841,-0.00364211
1053,-0.95,0.125841,-0.00364211
1054,-0.949,0.125841,-0.00364211
1055,-0.948,0.125841,-0.00364211
1056,-0.947,0.125841,-0.00538096
1057,-0.946,0.125841,-0.00538096
1058,-0.945,0.125841,-0.00538096
1059,-0.944,0.125841,-0.00538096
1060,-0.943,0.125841,-0.00538096
1061,-0.942,0.125841,-0.00538096
1062,-0.941,0.125841,-0.00538096
1063,-0.94,0.125841,-0.00538096
1064,-0.939,0.125841,-0.00538096
1065,-0.938,0.125841,-0.00364211
1066,-0.937,0.125841,-0.00364211
1067,-0.936,0.125841,-0.00364211
1068,-0.935,0.125841,-0.00364211
1069,-0.934,0.125841,-0.00364211
1070,-0.933,0.125841,-0.00364211
1071,-0.932,0.125841,-0.00364211
1072,-0.931,0.125841,-0.00364211
1073,-0.93,0.125841,-0.00364211
1074,-0.929,0.125841,-0.00364211
1075,-0.928,0.125841,-0.00364211
1076,-0.927,0.125841,-0.00538096
1077,-0.926,0.125841,-0.00538096
1078,-0.925,0.125841,-0.00538096
1079,-0.924,0.125841,-0.00538096
1080,-0.923,0.125841,-0.00538096
1081,-0.922,0.125841,-0.00538096
1082,-0.921,0.125841,-0.00538096
1083,-0.92,0.125841,-0.00538096
1084,-0.919,0.125841,-0.00364211
1085,-0.918,0.125841,-0.00364211
1086,-0.917,0.125841,-0.00364211
1087,-0.916,0.125841,-0.00364211
1088,-0.915,0.125841,-0.00364211
1089,-0.914,0.125841,-0.00364211
1090,-0.913,0.125841,-0.00364211
1091,-0.912,0.125841,-0.00364211
1092,-0.911,0.125841,-0.00364211
1093,-0.91,0.125841,-0.00364211
1094,-0.909,0.125841,-0.00364211
1095,-0.908,0.125841,-0.00364211
1096,-0.907,0.125841,-0.00364211
1097,-0.906,0.125841,-0.00538096
1098,-0.905,0.125841,-0.00538096
1099,-0.904,0.125841,-0.00538096
1100,-0.903,0.125841,-0.00538096
1101,-0.902,0.125841,-0.00538096
1102,-0.901,0.125841,-0.00538096
1103,-0.9,0.125841,-0.00364211
1104,-0.899,0.125841,-0.00364211
1105,-0.898,0.125841,-0.00364211
1106,-0.897,0.125841,-0.00364211
1107,-0.896,0.125841,-0.00364211
1108,-0.895,0.125841,-0.00364211
1109,-0.894,0.125841,-0.00364211
1110,-0.893,0.125841,-0.00364211
1111,-0.892,0.125841,-0.00364211
1112,-0.891,0.125841,-0.00364211
1113,-0.89,0.125841,-0.00364211
1114,-0.889,0.125841,-0.00364211
1115,-0.888,0.125841,-0.00364211
1116,-0.887,0.125841,-0.00364211
1117,-0.886,0.125841,-0.00538096
1118,-0.885,0.125841,-0.00538096
1119,-0.884,0.125841,-0.00538096
1120,-0.883,0.125841,-0.00538096
1121,-0.882,0.125841,-0.00538096
1122,-0.881,0.125841,-0.00364211
1123,-0.88,0.125841,-0.00538096
1124,-0.879,0.125841,-0.00364211
1125,-0.878,0.125841,-0.00364211
1126,-0.877,0.125841,-0.00364211
1127,-0.876,0.125841,-0.00364211
1128,-0.875,0.125841,-0.00364211
1129,-0.874,0.125841,-0.00364211
1130,-0.873,0.125841,-0.00364211
1131,-0.872,0.125841,-0.00364211
1132,-0.871,0.125841,-0.00364211
1133,-0.87,0.125841,-0.00364211
1134,-0.869,0.125841,-0.00364211
1135,-0.868,0.125841,-0.00364211
1136,-0.867,0.125841,-0.00538096
1137,-0.866,0.125841,-0.00538096
1138,-0.865,0.125841,-0.00538096
1139,-0.864,0.125841,-0.00538096
1140,-0.863,0.125841,-0.00538096
1141,-0.862,0.125841,-0.00538096
1142,-0.861,0.125841,-0.00538096
1143,-0.86,0.125841,-0.00538096
1144,-0.859,0.125841,-0.00364211
1145,-0.858,0.125841,-0.00364211
1146,-0.857,0.125841,-0.00364211
1147,-0.856,0.125841,-0.00364211
1148,-0.855,0.125841,-0.00364211
1149,-0.854,0.125841,-0.00364211
1150,-0.853,0.125841,-0.00364211
1151,-0.852,0.125841,-0.00364211
1152,-0.851,0.125841,-0.00364211
1153,-0.85,0.125841,-0.00364211
1154,-0.849,0.125841,-0.00364211
1155,-0.848,0.125841,-0.00364211
1156,-0.847,0.125841,-0.00364211
1157,-0.846,0.125841,-0.00538096
1158,-0.845,0.125841,-0.00538096
1159,-0.844,0.125841,-0.00538096
1160,-0.843,0.125841,-0.00538096
1161,-0.842,0.125841,-0.00538096
1162,-0.841,0.125841,-0.00538096
1163,-0.84,0.125841,-0.00364211
1164,-0.839,0.125841,-0.00364211
1165,-0.838,0.125841,-0.00364211
1166,-0.837,0.125841,-0.00364211
1167,-0.836,0.125841,-0.00364211
1168,-0.835,0.125841,-0.00364211
1169,-0.834,0.125841,-0.00364211
1170,-0.833,0.125841,-0.00364211
1171,-0.832,0.125841,-0.00364211
1172,-0.831,0.125841,-0.00364211
1173,-0.83,0.125841,-0.00364211
1174,-0.829,0.125841,-0.00364211
1175,-0.828,0.125841,-0.00364211
1176,-0.827,0.125841,-0.00538096
1177,-0.826,0.125841,-0.00538096
1178,-0.825,0.125841,-0.00538096
1179,-0.824,0.125841,-0.00538096
1180,-0.823,0.125841,-0.00538096
1181,-0.822,0.125841,-0.00538096
1182,-0.821,0.125841,-0.00538096
1183,-0.82,0.125841,-0.00364211
1184,-0.819,0.125841,-0.00364211
1185,-0.818,0.125841,-0.00364211
1186,-0.817,0.125841,-0.00364211
1187,-0.816,0.125841,-0.00364211
1188,-0.815,0.125841,-0.00364211
1189,-0.814,0.125841,-0.00364211
1190,-0.813,0.125841,-0.00364211
1191,-0.812,0.125841,-0.00364211
1192,-0.811,0.125841,-0.00364211
1193,-0.81,0.125841,-0.00364211
1194,-0.809,0.125841,-0.00364211
1195,-0.808,0.125841,-0.00364211
1196,-0.807,0.125841,-0.00538096
1197,-0.806,0.125841,-0.00538096
1198,-0.805,0.125841,-0.00538096
1199,-0.804,0.125841,-0.00538096
1200,-0.803,0.125841,-0.00538096
1201,-0.802,0.125841,-0.00538096
1202,-0.801,0.125841,-0.00538096
1203,-0.8,0.125841,-0.00538096
1204,-0.799,0.125841,-0.00538096
1205,-0.798,0.125841,-0.00364211
1206,-0.797,0.125841,-0.00364211
1207,-0.796,0.125841,-0.00364211
1208,-0.795,0.125841,-0.00364211
1209,-0.794,0.125841,-0.00364211
1210,-0.793,0.125841,-0.00364211
1211,-0.792,0.125841,-0.00364211
1212,-0.791,0.125841,-0.00364211
1213,-0.79,0.125841,-0.00364211
1214,-0.789,0.125841,-0.00364211
1215,-0.788,0.125841,-0.00364211
1216,-0.787,0.125841,-0.00538096
1217,-0.786,0.125841,-0.00538096
1218,-0.785,0.125841,-0.00538096
1219,-0.784,0.125841,-0.00538096
1220,-0.783,0.125841,-0.00538096
1221,-0.782,0.125841,-0.00538096
1222,-0.781,0.125841,-0.00538096
1223,-0.78,0.125841,-0.00538096
1224,-0.779,0.125841,-0.00364211
1225,-0.778,0.125841,-0.00364211
1226,-0.777,0.125841,-0.00364211
1227,-0.776,0.125841,-0.00364211
1228,-0.775,0.125841,-0.00364211
1229,-0.774,0.125841,-0.00364211
1230,-0.773,0.125841,-0.00364211
1231,-0.772,0.125841,-0.00364211
1232,-0.771,0.125841,-0.00364211
1233,-0.77,0.125841,-0.00364211
1234,-0.769,0.125841,-0.00364211
1235,-0.768,0.125841,-0.00364211
1236,-0.767,0.125841,-0.00538096
1237,-0.766,0.125841,-0.00538096
1238,-0.765,0.125841,-0.00538096
1239,-0.764,0.125841,-0.00538096
1240,-0.763,0.125841,-0.00538096
1241,-0.762,0.125841,-0.00538096
1242,-0.761,0.125841,-0.00538096
1243,-0.76,0.125841,-0.00364211
1244,-0.759,0.125841,-0.00364211
1245,-0.758,0.125841,-0.00364211
1246,-0.757,0.125841,-0.00364211
1247,-0.756,0.125841,-0.00364211
1248,-0.755,0.125841,-0.00364211
1249,-0.754,0.125841,-0.00364211
1250,-0.753,0.125841,-0.00364211
1251,-0.752,0.125841,-0.00364211
1252,-0.751,0.125841,-0.00364211
1253,-0.75,0.125841,-0.00364211
1254,-0.749,0.125841,-0.00364211
1255,-0.748,0.125841,-0.00364211
1256,-0.747,0.125841,-0.00538096
1257,-0.746,0.125841,-0.00538096
1258,-0.745,0.125841,-0.00538096
1259,-0.744,0.125841,-0.00538096
1260,-0.743,0.125841,-0.00538096
1261,-0.742,0.125841,-0.00538096
1262,-0.741,0.125841,-0.00538096
1263,-0.74,0.125841,-0.00538096
1264,-0.739,0.125841,-0.00364211
1265,-0.738,0.125841,-0.00364211
1266,-0.737,0.125841,-0.00364211
1267,-0.736,0.125841,-0.00364211
1268,-0.735,0.125841,-0.00364211
1269,-0.734,0.125841,-0.00364211
1270,-0.733,0.125841,-0.00364211
1271,-0.732,0.125841,-0.00364211
1272,-0.731,0.125841,-0.00364211
1273,-0.73,0.125841,-0.00364211
1274,-0.729,0.125841,-0.00364211
1275,-0.728,0.125841,-0.00538096
1276,-0.727,0.125841,-0.00538096
1277,-0.726,0.125841,-0.00538096
1278,-0.725,0.125841,-0.00538096
1279,-0.724,0.125841,-0.00538096
1280,-0.723,0.125841,-0.00538096
1281,-0.722,0.125841,-0.00538096
1282,-0.721,0.125841,-0.00538096
1283,-0.72,0.125841,-0.00538096
1284,-0.719,0.125841,-0.00538096
1285,-0.718,0.125841,-0.00538096
1286,-0.717,0.125841,-0.00364211
1287,-0.716,0.125841,-0.00364211
1288,-0.715,0.125841,-0.00364211
1289,-0.714,0.125841,-0.00364211
1290,-0.713,0.125841,-0.00364211
1291,-0.712,0.125841,-0.00364211
1292,-0.711,0.125841,-0.00364211
1293,-0.71,0.125841,-0.00364211
1294,-0.709,0.125841,-0.00364211
1295,-0.708,0.125841,-0.00364211
1296,-0.707,0.125841,-0.00538096
1297,-0.706,0.125841,-0.00538096
1298,-0.705,0.125841,-0.00538096
1299,-0.704,0.125841,-0.00538096
1300,-0.703,0.125841,-0.00538096
1301,-0.702,0.125841,-0.00538096
1302,-0.701,0.125841,-0.00538096
1303,-0.7,0.125841,-0.00538096
1304,-0.699,0.125841,-0.00538096
1305,-0.698,0.125841,-0.00538096
1306,-0.697,0.125841,-0.00364211
1307,-0.696,0.125841,-0.00364211
1308,-0.695,0.125841,-0.00364211
1309,-0.694,0.125841,-0.00364211
1310,-0.693,0.125841,-0.00364211
1311,-0.692,0.125841,-0.00364211
1312,-0.691,0.125841,-0.00364211
1313,-0.69,0.125841,-0.00364211
1314,-0.689,0.125841,-0.00364211
1315,-0.688,0.125841,-0.00364211
1316,-0.687,0.125841,-0.00538096
1317,-0.686,0.125841,-0.00538096
1318,-0.685,0.125841,-0.00538096
1319,-0.684,0.125841,-0.00538096
1320,-0.683,0.125841,-0.00538096
1321,-0.682,0.125841,-0.00538096
1322,-0.681,0.125841,-0.00538096
1323,-0.68,0.125841,-0.00364211
1324,-0.679,0.125841,-0.00364211
1325,-0.678,0.125841,-0.00364211
1326,-0.677,0.125841,-0.00364211
1327,-0.676,0.125841,-0.00364211
1328,-0.675,0.125841,-0.00364211
1329,-0.674,0.125841,-0.00364211
1330,-0.673,0.125841,-0.00364211
1331,-0.672,0.125841,-0.00364211
1332,-0.671,0.125841,-0.00364211
1333,-0.67,0.125841,-0.00364211
1334,-0.669,0.125841,-0.00364211
1335,-0.668,0.125841,-0.00364211
1336,-0.667,0.125841,-0.00364211
1337,-0.666,0.125841,-0.00538096
1338,-0.665,0.125841,-0.00538096
1339,-0.664,0.125841,-0.00538096
1340,-0.663,0.125841,-0.00538096
1341,-0.662,0.125841,-0.00538096
1342,-0.661,0.125841,-0.00538096
1343,-0.66,0.125841,-0.00538096
1344,-0.659,0.125841,-0.00364211
1345,-0.658,0.125841,-0.00364211
1346,-0.657,0.125841,-0.00364211
1347,-0.656,0.125841,-0.00364211
1348,-0.655,0.125841,-0.00364211
1349,-0.654,0.125841,-0.00364211
1350,-0.653,0.125841,-0.00364211
1351,-0.652,0.125841,-0.00364211
1352,-0.651,0.125841,-0.00364211
1353,-0.65,0.125841,-0.00364211
1354,-0.649,0.125841,-0.00364211
1355,-0.648,0.125841,-0.00364211
1356,-0.647,0.125841,-0.00364211
1357,-0.646,0.125841,-0.00538096
1358,-0.645,0.125841,-0.00538096
1359,-0.644,0.125841,-0.00538096
1360,-0.643,0.125841,-0.00538096
1361,-0.642,0.125841,-0.00538096
1362,-0.641,0.125841,-0.00538096
1363,-0.64,0.125841,-0.00364211
1364,-0.639,0.125841,-0.00364211
1365,-0.638,0.125841,-0.00364211
1366,-0.637,0.125841,-0.00364211
1367,-0.636,0.125841,-0.00364211
1368,-0.635,0.125841,-0.00364211
1369,-0.634,0.125841,-0.00364211
1370,-0.633,0.125841,-0.00364211
1371,-0.632,0.125841,-0.00364211
1372,-0.631,0.125841,-0.00364211
1373,-0.63,0.125841,-0.00364211
1374,-0.629,0.125841,-0.00364211
1375,-0.628,0.125841,-0.00364211
1376,-0.627,0.125841,-0.00364211
1377,-0.626,0.125841,-0.00538096
1378,-0.625,0.125841,-0.00538096
1379,-0.624,0.125841,-0.00538096
1380,-0.623,0.125841,-0.00538096
1381,-0.622,0.125841,-0.00538096
1382,-0.621,0.125841,-0.00538096
1383,-0.62,0.125841,-0.00538096
1384,-0.619,0.125841,-0.00364211
1385,-0.618,0.125841,-0.00364211
1386,-0.617,0.125841,-0.00364211
1387,-0.616,0.125841,-0.00364211
1388,-0.615,0.125841,-0.00364211
1389,-0.614,0.125841,-0.00364211
1390,-0.613,0.125841,-0.00364211
1391,-0.612,0.125841,-0.00364211
1392,-0.611,0.125841,-0.00364211
1393,-0.61,0.125841,-0.00364211
1394,-0.609,0.125841,-0.00364211
1395,-0.608,0.125841,-0.00364211
1396,-0.607,0.125841,-0.00538096
1397,-0.606,0.125841,-0.00538096
1398,-0.605,0.125841,-0.00538096
1399,-0.604,0.125841,-0.00538096
1400,-0.603,0.125841,-0.00538096
1401,-0.602,0.125841,-0.00538096
1402,-0.601,0.125841,-0.00538096
1403,-0.6,0.125841,-0.00364211
1404,-0.599,0.125841,-0.00364211
1405,-0.598,0.125841,-0.00364211
1406,-0.597,0.125841,-0.00364211
1407,-0.596,0.125841,-0.00364211
1408,-0.595,0.125841,-0.00364211
1409,-0.594,0.125841,-0.00364211
1410,-0.593,0.125841,-0.00364211
1411,-0.592,0.125841,-0.00364211
1412,-0.591,0.125841,-0.00364211
1413,-0.59,0.125841,-0.00364211
1414,-0.589,0.125841,-0.00364211
1415,-0.588,0.125841,-0.00364211
1416,-0.587,0.125841,-0.00538096
1417,-0.586,0.125841,-0.00538096
1418,-0.585,0.125841,-0.00538096
1419,-0.584,0.125841,-0.00538096
1420,-0.583,0.125841,-0.00538096
1421,-0.582,0.125841,-0.00538096
1422,-0.581,0.125841,-0.00538096
1423,-0.58,0.125841,-0.00364211
1424,-0.579,0.125841,-0.00538096
1425,-0.578,0.125841,-0.00190326
1426,-0.577,0.125841,-0.00364211
1427,-0.576,0.125841,-0.00364211
1428,-0.575,0.125841,-0.00364211
1429,-0.574,0.125841,-0.00364211
1430,-0.573,0.125841,-0.00364211
1431,-0.572,0.125841,-0.00364211
1432,-0.571,0.125841,-0.00364211
1433,-0.57,0.125841,-0.00364211
1434,-0.569,0.125841,-0.00364211
1435,-0.568,0.125841,-0.00364211
1436,-0.567,0.125841,-0.00538096
1437,-0.566,0.125841,-0.00538096
1438,-0.565,0.125841,-0.00538096
1439,-0.564,0.125841,-0.00538096
1440,-0.563,0.125841,-0.00538096
1441,-0.562,0.125841,-0.00538096
1442,-0.561,0.125841,-0.00538096
1443,-0.56,0.125841,-0.00364211
1444,-0.559,0.125841,-0.00364211
1445,-0.558,0.125841,-0.00538096
1446,-0.557,0.125841,-0.00364211
1447,-0.556,0.125841,-0.00364211
1448,-0.555,0.125841,-0.00364211
1449,-0.554,0.125841,-0.00364211
1450,-0.553,0.125841,-0.00364211
1451,-0.552,0.125841,-0.00364211
1452,-0.551,0.125841,-0.00364211
1453,-0.55,0.125841,-0.00364211
1454,-0.549,0.125841,-0.00364211
1455,-0.548,0.125841,-0.00364211
1456,-0.547,0.125841,-0.00538096
1457,-0.546,0.125841,-0.00538096
1458,-0.545,0.125841,-0.00538096
1459,-0.544,0.125841,-0.00538096
1460,-0.543,0.125841,-0.00538096
1461,-0.542,0.125841,-0.00538096
1462,-0.541,0.125841,-0.00538096
1463,-0.54,0.125841,-0.00538096
1464,-0.539,0.125841,-0.00364211
1465,-0.538,0.125841,-0.00364211
1466,-0.537,0.125841,-0.00364211
1467,-0.536,0.125841,-0.00364211
1468,-0.535,0.125841,-0.00364211
1469,-0.534,0.125841,-0.00364211
1470,-0.533,0.125841,-0.00364211
1471,-0.532,0.125841,-0.00364211
1472,-0.531,0.125841,-0.00364211
1473,-0.53,0.125841,-0.00364211
1474,-0.529,0.125841,-0.00364211
1475,-0.528,0.125841,-0.00364211
1476,-0.527,0.125841,-0.00538096
1477,-0.526,0.125841,-0.00538096
1478,-0.525,0.125841,-0.00538096
1479,-0.524,0.125841,-0.00538096
1480,-0.523,0.125841,-0.00538096
1481,-0.522,0.125841,-0.00538096
1482,-0.521,0.125841,-0.00538096
1483,-0.52,0.125841,-0.00364211
1484,-0.519,0.125841,-0.00364211
1485,-0.518,0.125841,-0.00364211
1486,-0.517,0.125841,-0.00364211
1487,-0.516,0.125841,-0.00364211
1488,-0.515,0.125841,-0.00364211
1489,-0.514,0.125841,-0.00364211
1490,-0.513,0.125841,-0.00364211
1491,-0.512,0.125841,-0.00364211
1492,-0.511,0.125841,-0.00364211
1493,-0.51,0.125841,-0.00364211
1494,-0.509,0.125841,-0.00364211
1495,-0.508,0.125841,-0.00364211
1496,-0.507,0.125841,-0.00538096
1497,-0.506,0.125841,-0.00538096
1498,-0.505,0.125841,-0.00538096
1499,-0.504,0.125841,-0.00538096
1500,-0.503,0.125841,-0.00538096
1501,-0.502,0.125841,-0.00538096
1502,-0.501,0.125841,-0.00538096
1503,-0.5,0.125841,-0.00538096
1504,-0.499,0.125841,-0.00538096
1505,-0.498,0.125841,-0.00364211
1506,-0.497,0.125841,-0.00364211
1507,-0.496,0.125841,-0.00364211
1508,-0.495,0.125841,-0.00364211
1509,-0.494,0.125841,-0.00364211
1510,-0.493,0.125841,-0.00364211
1511,-0.492,0.125841,-0.00364211
1512,-0.491,0.125841,-0.00364211
1513,-0.49,0.125841,-0.00364211
1514,-0.489,0.125841,-0.00364211
1515,-0.488,0.125841,-0.00538096
1516,-0.487,0.125841,-0.00538096
1517,-0.486,0.125841,-0.00538096
1518,-0.485,0.125841,-0.00538096
1519,-0.484,0.125841,-0.00538096
1520,-0.483,0.125841,-0.00538096
1521,-0.482,0.125841,-0.00538096
1522,-0.481,0.125841,-0.00538096
1523,-0.48,0.125841,-0.00538096
1524,-0.479,0.125841,-0.00364211
1525,-0.478,0.125841,-0.00364211
1526,-0.477,0.125841,-0.00364211
1527,-0.476,0.125841,-0.00364211
1528,-0.475,0.125841,-0.00364211
1529,-0.474,0.125841,-0.00364211
1530,-0.473,0.125841,-0.00364211
1531,-0.472,0.125841,-0.00364211
1532,-0.471,0.125841,-0.00364211
1533,-0.47,0.125841,-0.00364211
1534,-0.469,0.125841,-0.00364211
1535,-0.468,0.125841,-0.00364211
1536,-0.467,0.125841,-0.00538096
1537,-0.466,0.125841,-0.00538096
1538,-0.465,0.125841,-0.00538096
1539,-0.464,0.125841,-0.00538096
1540,-0.463,0.125841,-0.00538096
1541,-0.462,0.125841,-0.00538096
1542,-0.461,0.125841,-0.00538096
1543,-0.46,0.125841,-0.00364211
1544,-0.459,0.125841,-0.00364211
1545,-0.458,0.125841,-0.00364211
1546,-0.457,0.125841,-0.00364211
1547,-0.456,0.125841,-0.00364211
1548,-0.455,0.125841,-0.00364211
1549,-0.454,0.125841,-0.00364211
1550,-0.453,0.125841,-0.00364211
1551,-0.452,0.125841,-0.00364211
1552,-0.451,0.125841,-0.00364211
1553,-0.45,0.125841,-0.00364211
1554,-0.449,0.125841,-0.00364211
1555,-0.448,0.125841,-0.00364211
1556,-0.447,0.125841,-0.00538096
1557,-0.446,0.125841,-0.00538096
1558,-0.445,0.125841,-0.00538096
1559,-0.444,0.125841,-0.00538096
1560,-0.443,0.125841,-0.00538096
1561,-0.442,0.125841,-0.00538096
1562,-0.441,0.125841,-0.00538096
1563,-0.44,0.125841,-0.00364211
1564,-0.439,0.125841,-0.00364211
1565,-0.438,0.125841,-0.00364211
1566,-0.437,0.125841,-0.00364211
1567,-0.436,0.125841,-0.00364211
1568,-0.435,0.125841,-0.00364211
1569,-0.434,0.125841,-0.00364211
1570,-0.433,0.125841,-0.00364211
1571,-0.432,0.125841,-0.00364211
1572,-0.431,0.125841,-0.00364211
1573,-0.43,0.125841,-0.00364211
1574,-0.429,0.125841,-0.00364211
1575,-0.428,0.125841,-0.00364211
1576,-0.427,0.125841,-0.00364211
1577,-0.426,0.125841,-0.00538096
1578,-0.425,0.125841,-0.00538096
1579,-0.424,0.125841,-0.00538096
1580,-0.423,0.125841,-0.00538096
1581,-0.422,0.125841,-0.00538096
1582,-0.421,0.125841,-0.00538096
1583,-0.42,0.125841,-0.00538096
1584,-0.419,0.125841,-0.00364211
1585,-0.418,0.125841,-0.00364211
1586,-0.417,0.125841,-0.00364211
1587,-0.416,0.125841,-0.00364211
1588,-0.415,0.125841,-0.00364211
1589,-0.414,0.125841,-0.00364211
1590,-0.413,0.125841,-0.00364211
1591,-0.412,0.125841,-0.00364211
1592,-0.411,0.125841,-0.00364211
1593,-0.41,0.125841,-0.00364211
1594,-0.409,0.125841,-0.00364211
1595,-0.408,0.125841,-0.00364211
1596,-0.407,0.125841,-0.00538096
1597,-0.406,0.125841,-0.00538096
1598,-0.405,0.125841,-0.00538096
1599,-0.404,0.125841,-0.00538096
1600,-0.403,0.125841,-0.00538096
1601,-0.402,0.125841,-0.00538096
1602,-0.401,0.125841,-0.00364211
1603,-0.4,0.125841,-0.00364211
1604,-0.399,0.125841,-0.00364211
1605,-0.398,0.125841,-0.00364211
1606,-0.397,0.125841,-0.00364211
1607,-0.396,0.125841,-0.00364211
1608,-0.395,0.125841,-0.00364211
1609,-0.394,0.125841,-0.00364211
1610,-0.393,0.125841,-0.00364211
1611,-0.392,0.125841,-0.00364211
1612,-0.391,0.125841,-0.00364211
1613,-0.39,0.125841,-0.00364211
1614,-0.389,0.125841,-0.00364211
1615,-0.388,0.125841,-0.00364211
1616,-0.387,0.125841,-0.00538096
1617,-0.386,0.125841,-0.00538096
1618,-0.385,0.125841,-0.00538096
1619,-0.384,0.125841,-0.00538096
1620,-0.383,0.125841,-0.00538096
1621,-0.382,0.125841,-0.00538096
1622,-0.381,0.125841,-0.00538096
1623,-0.38,0.125841,-0.00364211
1624,-0.379,0.125841,-0.00364211
1625,-0.378,0.125841,-0.00364211
1626,-0.377,0.125841,-0.00364211
1627,-0.376,0.125841,-0.00364211
1628,-0.375,0.125841,-0.00364211
1629,-0.374,0.125841,-0.00364211
1630,-0.373,0.125841,-0.00364211
1631,-0.372,0.125841,-0.00364211
1632,-0.371,0.125841,-0.00364211
1633,-0.37,0.125841,-0.00364211
1634,-0.369,0.125841,-0.00364211
1635,-0.368,0.125841,-0.00364211
1636,-0.367,0.125841,-0.00538096
1637,-0.366,0.125841,-0.00538096
1638,-0.365,0.125841,-0.00538096
1639,-0.364,0.125841,-0.00538096
1640,-0.363,0.125841,-0.00538096
1641,-0.362,0.125841,-0.00538096
1642,-0.361,0.125841,-0.00538096
1643,-0.36,0.125841,-0.00538096
1644,-0.359,0.125841,-0.00538096
1645,-0.358,0.125841,-0.00364211
1646,-0.357,0.125841,-0.00364211
1647,-0.356,0.125841,-0.00364211
1648,-0.355,0.125841,-0.00364211
1649,-0.354,0.125841,-0.00364211
1650,-0.353,0.125841,-0.00364211
1651,-0.352,0.125841,-0.00364211
1652,-0.351,0.125841,-0.00364211
1653,-0.35,0.125841,-0.00364211
1654,-0.349,0.125841,-0.00364211
1655,-0.348,0.125841,-0.00364211
1656,-0.347,0.125841,-0.00364211
1657,-0.346,0.125841,-0.00538096
1658,-0.345,0.125841,-0.00538096
1659,-0.344,0.125841,-0.00538096
1660,-0.343,0.125841,-0.00538096
1661,-0.342,0.125841,-0.00538096
1662,-0.341,0.125841,-0.00538096
1663,-0.34,0.125841,-0.00538096
1664,-0.339,0.125841,-0.00364211
1665,-0.338,0.125841,-0.00364211
1666,-0.337,0.125841,-0.00364211
1667,-0.336,0.125841,-0.00364211
1668,-0.335,0.125841,-0.00364211
1669,-0.334,0.125841,-0.00364211
1670,-0.333,0.125841,-0.00364211
1671,-0.332,0.125841,-0.00364211
1672,-0.331,0.125841,-0.00364211
1673,-0.33,0.125841,-0.00364211
1674,-0.329,0.125841,-0.00364211
1675,-0.328,0.125841,-0.00364211
1676,-0.327,0.125841,-0.00538096
1677,-0.326,0.125841,-0.00538096
1678,-0.325,0.125841,-0.00538096
1679,-0.324,0.125841,-0.00538096
1680,-0.323,0.125841,-0.00538096
1681,-0.322,0.125841,-0.00538096
1682,-0.321,0.125841,-0.00538096
1683,-0.32,0.125841,-0.00364211
1684,-0.319,0.125841,-0.00364211
1685,-0.318,0.125841,-0.00364211
1686,-0.317,0.125841,-0.00364211
1687,-0.316,0.125841,-0.00364211
1688,-0.315,0.125841,-0.00364211
1689,-0.314,0.125841,-0.00364211
1690,-0.313,0.125841,-0.00364211
1691,-0.312,0.125841,-0.00364211
1692,-0.311,0.125841,-0.00364211
1693,-0.31,0.125841,-0.00364211
1694,-0.309,0.125841,-0.00364211
1695,-0.308,0.125841,-0.00364211
1696,-0.307,0.125841,-0.00538096
1697,-0.306,0.125841,-0.00538096
1698,-0.305,0.125841,-0.00538096
1699,-0.304,0.125841,-0.00538096
1700,-0.303,0.125841,-0.00538096
1701,-0.302,0.125841,-0.00538096
1702,-0.301,0.125841,-0.00538096
1703,-0.3,0.125841,-0.00364211
1704,-0.299,0.125841,-0.00364211
1705,-0.298,0.125841,-0.00364211
1706,-0.297,0.125841,-0.00364211
1707,-0.296,0.125841,-0.00364211
1708,-0.295,0.125841,-0.00364211
1709,-0.294,0.125841,-0.00364211
1710,-0.293,0.125841,-0.00364211
1711,-0.292,0.125841,-0.00364211
1712,-0.291,0.125841,-0.00364211
1713,-0.29,0.125841,-0.00364211
1714,-0.289,0.125841,-0.00364211
1715,-0.288,0.125841,-0.00364211
1716,-0.287,0.125841,-0.00538096
1717,-0.286,0.125841,-0.00538096
1718,-0.285,0.125841,-0.00538096
1719,-0.284,0.125841,-0.00538096
1720,-0.283,0.125841,-0.00538096
1721,-0.282,0.125841,-0.00538096
1722,-0.281,0.125841,-0.00364211
1723,-0.28,0.125841,-0.00364211
1724,-0.279,0.125841,-0.00364211
1725,-0.278,0.125841,-0.00364211
1726,-0.277,0.125841,-0.00364211
1727,-0.276,0.125841,-0.00364211
1728,-0.275,0.125841,-0.00364211
1729,-0.274,0.125841,-0.00364211
1730,-0.273,0.125841,-0.00364211
1731,-0.272,0.125841,-0.00364211
1732,-0.271,0.125841,-0.00364211
1733,-0.27,0.125841,-0.00364211
1734,-0.269,0.125841,-0.00364211
1735,-0.268,0.125841,-0.00364211
1736,-0.267,0.125841,-0.00538096
1737,-0.266,0.125841,-0.00538096
1738,-0.265,0.125841,-0.00538096
1739,-0.264,0.125841,-0.00538096
1740,-0.263,0.125841,-0.00538096
1741,-0.262,0.125841,-0.00538096
1742,-0.261,0.125841,-0.00538096
1743,-0.26,0.125841,-0.00364211
1744,-0.259,0.125841,-0.00364211
1745,-0.258,0.125841,-0.00364211
1746,-0.257,0.125841,-0.00364211
1747,-0.256,0.125841,-0.00364211
1748,-0.255,0.125841,-0.00364211
1749,-0.254,0.125841,-0.00364211
1750,-0.253,0.125841,-0.00364211
1751,-0.252,0.125841,-0.00364211
1752,-0.251,0.125841,-0.00364211
1753,-0.25,0.125841,-0.00364211
1754,-0.249,0.125841,-0.00364211
1755,-0.248,0.125841,-0.00364211
1756,-0.247,0.125841,-0.00538096
1757,-0.246,0.125841,-0.00538096
1758,-0.245,0.125841,-0.00538096
1759,-0.244,0.125841,-0.00538096
1760,-0.243,0.125841,-0.00538096
1761,-0.242,0.125841,-0.00538096
1762,-0.241,0.125841,-0.00538096
1763,-0.24,0.125841,-0.00364211
1764,-0.239,0.125841,-0.00364211
1765,-0.238,0.125841,-0.00364211
1766,-0.237,0.125841,-0.00364211
1767,-0.236,0.125841,-0.00364211
1768,-0.235,0.125841,-0.00364211
1769,-0.234,0.125841,-0.00364211
1770,-0.233,0.125841,-0.00364211
1771,-0.232,0.125841,-0.00364211
1772,-0.231,0.125841,-0.00364211
1773,-0.23,0.125841,-0.00364211
1774,-0.229,0.125841,-0.00364211
1775,-0.228,0.125841,-0.00364211
1776,-0.227,0.125841,-0.00538096
1777,-0.226,0.125841,-0.00538096
1778,-0.225,0.125841,-0.00538096
1779,-0.224,0.125841,-0.00538096
1780,-0.223,0.125841,-0.00538096
1781,-0.222,0.125841,-0.00538096
1782,-0.221,0.125841,-0.00538096
1783,-0.22,0.125841,-0.00538096
1784,-0.219,0.125841,-0.00364211
1785,-0.218,0.125841,-0.00364211
1786,-0.217,0.125841,-0.00364211
1787,-0.216,0.125841,-0.00364211
1788,-0.215,0.125841,-0.00364211
1789,-0.214,0.125841,-0.00364211
1790,-0.213,0.125841,-0.00364211
1791,-0.212,0.125841,-0.00364211
1792,-0.211,0.125841,-0.00364211
1793,-0.21,0.125841,-0.00364211
1794,-0.209,0.125841,-0.00364211
1795,-0.208,0.125841,-0.00364211
1796,-0.207,0.125841,-0.00538096
1797,-0.206,0.125841,-0.00538096
1798,-0.205,0.125841,-0.00538096
1799,-0.204,0.125841,-0.00538096
1800,-0.203,0.125841,-0.00538096
1801,-0.202,0.125841,-0.00538096
1802,-0.201,0.125841,-0.00538096
1803,-0.2,0.125841,-0.00538096
1804,-0.199,0.125841,-0.00364211
1805,-0.198,0.125841,-0.00364211
1806,-0.197,0.125841,-0.00364211
1807,-0.196,0.125841,-0.00364211
1808,-0.195,0.125841,-0.00364211
1809,-0.194,0.125841,-0.00364211
1810,-0.193,0.125841,-0.00364211
1811,-0.192,0.125841,-0.00364211
1812,-0.191,0.125841,-0.00364211
1813,-0.19,0.125841,-0.00364211
1814,-0.189,0.125841,-0.00364211
1815,-0.188,0.125841,-0.00364211
1816,-0.187,0.125841,-0.00538096
1817,-0.186,0.125841,-0.00538096
1818,-0.185,0.125841,-0.00538096
1819,-0.184,0.125841,-0.00538096
1820,-0.183,0.125841,-0.00538096
1821,-0.182,0.125841,-0.00538096
1822,-0.181,0.125841,-0.00538096
1823,-0.18,0.125841,-0.00364211
1824,-0.179,0.125841,-0.00364211
1825,-0.178,0.125841,-0.00364211
1826,-0.177,0.125841,-0.00364211
1827,-0.176,0.125841,-0.00364211
1828,-0.175,0.125841,-0.00364211
1829,-0.174,0.125841,-0.00364211
1830,-0.173,0.125841,-0.00364211
1831,-0.172,0.125841,-0.00364211
1832,-0.171,0.125841,-0.00364211
1833,-0.17,0.125841,-0.00364211
1834,-0.169,0.125841,-0.00364211
1835,-0.168,0.125841,-0.00364211
1836,-0.167,0.125841,-0.00538096
1837,-0.166,0.125841,-0.00538096
1838,-0.165,0.125841,-0.00538096
1839,-0.164,0.125841,-0.00538096
1840,-0.163,0.125841,-0.00538096
1841,-0.162,0.125841,-0.00538096
1842,-0.161,0.125841,-0.00538096
1843,-0.16,0.125841,-0.00364211
1844,-0.159,0.125841,-0.00364211
1845,-0.158,0.125841,-0.00364211
1846,-0.157,0.125841,-0.00364211
1847,-0.156,0.125841,-0.00364211
1848,-0.155,0.125841,-0.00364211
1849,-0.154,0.125841,-0.00364211
1850,-0.153,0.125841,-0.00364211
1851,-0.152,0.125841,-0.00364211
1852,-0.151,0.125841,-0.00364211
1853,-0.15,0.125841,-0.00364211
1854,-0.149,0.125841,-0.00364211
1855,-0.148,0.125841,-0.00364211
1856,-0.147,0.125841,-0.00538096
1857,-0.146,0.125841,-0.00538096
1858,-0.145,0.125841,-0.00538096
1859,-0.144,0.125841,-0.00538096
1860,-0.143,0.125841,-0.00538096
1861,-0.142,0.125841,-0.00538096
1862,-0.141,0.125841,-0.00364211
1863,-0.14,0.125841,-0.00364211
1864,-0.139,0.125841,-0.00364211
1865,-0.138,0.125841,-0.00364211
1866,-0.137,0.125841,-0.00364211
1867,-0.136,0.125841,-0.00364211
1868,-0.135,0.125841,-0.00364211
1869,-0.134,0.125841,-0.00364211
1870,-0.133,0.125841,-0.00364211
1871,-0.132,0.125841,-0.00364211
1872,-0.131,0.125841,-0.00364211
1873,-0.13,0.125841,-0.00364211
1874,-0.129,0.125841,-0.00364211
1875,-0.128,0.125841,-0.00364211
1876,-0.127,0.125841,-0.00538096
1877,-0.126,0.125841,-0.00538096
1878,-0.125,0.125841,-0.00538096
1879,-0.124,0.125841,-0.00538096
1880,-0.123,0.125841,-0.00538096
1881,-0.122,0.125841,-0.00538096
1882,-0.121,0.125841,-0.00538096
1883,-0.12,0.125841,-0.00364211
1884,-0.119,0.125841,-0.00364211
1885,-0.118,0.125841,-0.00364211
1886,-0.117,0.125841,-0.00364211
1887,-0.116,0.125841,-0.00364211
1888,-0.115,0.125841,-0.00364211
1889,-0.114,0.125841,-0.00364211
1890,-0.113,0.125841,-0.00364211
1891,-0.112,0.125841,-0.00364211
1892,-0.111,0.125841,-0.00364211
1893,-0.11,0.125841,-0.00364211
1894,-0.109,0.125841,-0.00364211
1895,-0.108,0.125841,-0.00364211
1896,-0.107,0.125841,-0.00538096
1897,-0.106,0.125841,-0.00538096
1898,-0.105,0.125841,-0.00538096
1899,-0.104,0.125841,-0.00538096
1900,-0.103,0.125841,-0.00538096
1901,-0.102,0.125841,-0.00538096
1902,-0.101,0.125841,-0.00538096
1903,-0.1,0.125841,-0.00538096
1904,-0.099,0.125841,-0.00364211
1905,-0.098,0.125841,-0.00364211
1906,-0.097,0.125841,-0.00364211
1907,-0.096,0.125841,-0.00364211
1908,-0.095,0.125841,-0.00364211
1909,-0.094,0.125841,-0.00364211
1910,-0.093,0.125841,-0.00364211
1911,-0.092,0.125841,-0.00364211
1912,-0.091,0.125841,-0.00364211
1913,-0.09,0.125841,-0.00364211
1914,-0.089,0.125841,-0.00364211
1915,-0.088,0.125841,-0.00364211
1916,-0.087,0.125841,-0.00538096
1917,-0.086,0.125841,-0.00538096
1918,-0.085,0.125841,-0.00538096
1919,-0.084,0.125841,-0.00538096
1920,-0.083,0.125841,-0.00538096
1921,-0.082,0.125841,-0.00538096
1922,-0.081,0.125841,-0.00538096
1923,-0.08,0.125841,-0.00538096
1924,-0.079,0.125841,-0.00364211
1925,-0.078,0.125841,-0.00364211
1926,-0.077,0.125841,-0.00364211
1927,-0.076,0.125841,-0.00364211
1928,-0.075,0.125841,-0.00364211
1929,-0.074,0.125841,-0.00364211
1930,-0.073,0.125841,-0.00364211
1931,-0.072,0.125841,-0.00364211
1932,-0.071,0.125841,-0.00364211
1933,-0.07,0.125841,-0.00364211
1934,-0.069,0.125841,-0.00364211
1935,-0.068,0.125841,-0.00364211
1936,-0.067,0.125841,-0.00538096
1937,-0.066,0.125841,-0.00538096
1938,-0.065,0.125841,-0.00538096
1939,-0.064,0.125841,-0.00538096
1940,-0.063,0.125841,-0.00538096
1941,-0.062,0.125841,-0.00538096
1942,-0.061,0.125841,-0.00538096
1943,-0.06,0.125841,-0.00364211
1944,-0.059,0.125841,-0.00364211
1945,-0.058,0.125841,-0.00364211
1946,-0.057,0.125841,-0.00364211
1947,-0.056,0.125841,-0.00364211
1948,-0.055,0.125841,-0.00364211
1949,-0.054,0.125841,-0.00364211
1950,-0.053,0.125841,-0.00364211
1951,-0.052,0.125841,-0.00364211
1952,-0.051,0.125841,-0.00364211
1953,-0.05,0.125841,-0.00364211
1954,-0.049,0.125841,-0.00364211
1955,-0.048,0.125841,-0.00364211
1956,-0.047,0.125841,-0.00538096
1957,-0.046,0.125841,-0.00538096
1958,-0.045,0.125841,-0.00538096
1959,-0.044,0.125841,-0.00538096
1960,-0.043,0.125841,-0.00538096
1961,-0.042,0.125841,-0.00538096
1962,-0.041,0.125841,-0.00538096
1963,-0.04,0.125841,-0.00538096
1964,-0.039,0.125841,-0.00364211
1965,-0.038,0.125841,-0.00364211
1966,-0.037,0.125841,-0.00364211
1967,-0.036,0.125841,-0.00364211
1968,-0.035,0.125841,-0.00364211
1969,-0.034,0.125841,-0.00364211
1970,-0.033,0.125841,-0.00364211
1971,-0.032,0.125841,-0.00364211
1972,-0.031,0.125841,-0.00364211
1973,-0.03,0.125841,-0.00364211
1974,-0.029,0.125841,-0.00364211
1975,-0.028,0.125841,-0.00364211
1976,-0.027,0.125841,-0.00538096
1977,-0.026,0.125841,-0.00538096
1978,-0.025,0.125841,-0.00538096
1979,-0.024,0.125841,-0.00538096
1980,-0.023,0.125841,-0.00538096
1981,-0.022,0.125841,-0.00538096
1982,-0.021,0.125841,-0.00538096
1983,-0.02,0.125841,-0.00364211
1984,-0.019,0.125841,-0.00364211
1985,-0.018,0.125841,-0.00364211
1986,-0.017,0.125841,-0.00364211
1987,-0.016,0.125841,-0.00364211
1988,-0.015,0.125841,-0.00364211
1989,-0.014,0.125841,-0.00364211
1990,-0.013,0.125841,-0.00364211
1991,-0.012,0.125841,-0.00364211
1992,-0.011,0.125841,-0.00364211
1993,-0.01,0.125841,-0.00364211
1994,-0.009,0.125841,-0.00364211
1995,-0.008,0.125841,-0.00364211
1996,-0.007,0.125841,-0.00538096
1997,-0.006,0.125841,-0.00538096
1998,-0.005,0.125841,-0.00538096
1999,-0.004,0.125841,-0.00538096
2000,-0.003,0.125841,-0.00538096
2001,-0.002,0.125841,-0.00538096
2002,-0.001,0.125841,-0.00538096
2003,0,0.125841,-0.00538096
2004,0.001,0.162357,-0.00538096
2005,0.002,0.259732,-0.00538096
2006,0.003,0.264949,-0.00538096
2007,0.004,0.268426,-0.00538096
2008,0.005,0.268426,-0.00538096
2009,0.006,0.266688,-0.00538096
2010,0.007,0.270165,-0.00364211
2011,0.008,0.176267,-0.00364211
2012,0.009,0.148446,-0.00364211
2013,0.01,0.144968,-0.00364211
2014,0.011,0.14149,-0.00538096
2015,0.012,0.143229,-0.00538096
2016,0.013,0.143229,-0.00538096
2017,0.014,0.143229,-0.00538096
2018,0.015,0.143229,-0.00538096
2019,0.016,0.143229,-0.00538096
2020,0.017,0.143229,-0.00538096
2021,0.018,0.143229,-0.00538096
2022,0.019,0.143229,-0.00538096
2023,0.02,0.143229,-0.00538096
2024,0.021,0.143229,-0.00538096
2025,0.022,0.143229,-0.00538096
2026,0.023,0.143229,-0.00538096
2027,0.024,0.143229,-0.00538096
2028,0.025,0.143229,-0.00538096
2029,0.026,0.143229,-0.00538096
2030,0.027,0.143229,-0.00364211
2031,0.028,0.143229,-0.00364211
2032,0.029,0.143229,-0.00364211
2033,0.03,0.143229,-0.00538096
2034,0.031,0.143229,-0.00538096
2035,0.032,0.143229,-0.00538096
2036,0.033,0.143229,-0.00538096
2037,0.034,0.143229,-0.00538096
2038,0.035,0.143229,-0.00538096
2039,0.036,0.143229,-0.00538096
2040,0.037,0.143229,-0.00538096
2041,0.038,0.143229,-0.00538096
2042,0.039,0.143229,-0.00538096
2043,0.04,0.143229,-0.00538096
2044,0.041,0.143229,-0.00538096
2045,0.042,0.143229,-0.00538096
2046,0.043,0.143229,-0.00538096
2047,0.044,0.143229,-0.00538096
2048,0.045,0.143229,-0.00538096
2049,0.046,0.143229,-0.00538096
2050,0.047,0.143229,-0.00364211
2051,0.048,0.143229,-0.00364211
2052,0.049,0.143229,-0.00364211
2053,0.05,0.143229,-0.00538096
2054,0.051,0.143229,-0.00538096
2055,0.052,0.143229,-0.00538096
2056,0.053,0.143229,-0.00538096
2057,0.054,0.143229,-0.00538096
2058,0.055,0.143229,-0.00538096
2059,0.056,0.143229,-0.00538096
2060,0.057,0.143229,-0.00538096
2061,0.058,0.143229,-0.00538096
2062,0.059,0.143229,-0.00538096
2063,0.06,0.143229,-0.00538096
2064,0.061,0.143229,-0.00538096
2065,0.062,0.143229,-0.00538096
2066,0.063,0.143229,-0.00538096
2067,0.064,0.143229,-0.00538096
2068,0.065,0.143229,-0.00538096
2069,0.066,0.143229,-0.00538096
2070,0.067,0.143229,-0.00364211
2071,0.068,0.143229,-0.00364211
2072,0.069,0.143229,-0.00364211
2073,0.07,0.143229,-0.00364211
2074,0.071,0.143229,-0.00538096
2075,0.072,0.143229,-0.00538096
2076,0.073,0.143229,-0.00538096
2077,0.074,0.143229,-0.00538096
2078,0.075,0.143229,-0.00538096
2079,0.076,0.143229,-0.00538096
2080,0.077,0.143229,-0.00538096
2081,0.078,0.143229,-0.00538096
2082,0.079,0.143229,-0.00538096
2083,0.08,0.143229,-0.00538096
2084,0.081,0.143229,-0.00538096
2085,0.082,0.143229,-0.00538096
2086,0.083,0.143229,-0.00538096
2087,0.084,0.143229,-0.00538096
2088,0.085,0.143229,-0.00538096
2089,0.086,0.143229,-0.00538096
2090,0.087,0.143229,-0.00364211
2091,0.088,0.143229,-0.00364211
2092,0.089,0.143229,-0.00364211
2093,0.09,0.143229,-0.00538096
2094,0.091,0.143229,-0.00538096
2095,0.092,0.143229,-0.00538096
2096,0.093,0.143229,-0.00538096
2097,0.094,0.143229,-0.00538096
2098,0.095,0.143229,-0.00538096
2099,0.096,0.143229,-0.00538096
2100,0.097,0.143229,-0.00538096
2101,0.098,0.143229,-0.00538096
2102,0.099,0.143229,-0.00538096
2103,0.1,0.143229,-0.00538096
2104,0.101,0.143229,-0.00538096
2105,0.102,0.143229,-0.00538096
2106,0.103,0.143229,-0.00538096
2107,0.104,0.143229,-0.00538096
2108,0.105,0.143229,-0.00538096
2109,0.106,0.143229,-0.00538096
2110,0.107,0.143229,-0.00364211
2111,0.108,0.143229,-0.00364211
2112,0.109,0.143229,-0.00364211
2113,0.11,0.143229,-0.00538096
2114,0.111,0.143229,-0.00538096
2115,0.112,0.143229,-0.00538096
2116,0.113,0.143229,-0.00538096
2117,0.114,0.143229,-0.00538096
2118,0.115,0.143229,-0.00538096
2119,0.116,0.143229,-0.00538096
2120,0.117,0.143229,-0.00538096
2121,0.118,0.143229,-0.00538096
2122,0.119,0.143229,-0.00538096
2123,0.12,0.143229,-0.00538096
2124,0.121,0.143229,-0.00538096
2125,0.122,0.143229,-0.00538096
2126,0.123,0.143229,-0.00538096
2127,0.124,0.143229,-0.00538096
2128,0.125,0.143229,-0.00538096
2129,0.126,0.143229,-0.00538096
2130,0.127,0.143229,-0.00364211
2131,0.128,0.143229,-0.00364211
2132,0.129,0.143229,-0.00364211
2133,0.13,0.143229,-0.00538096
2134,0.131,0.143229,-0.00538096
2135,0.132,0.143229,-0.00538096
2136,0.133,0.143229,-0.00538096
2137,0.134,0.143229,-0.00538096
2138,0.135,0.143229,-0.00538096
2139,0.136,0.143229,-0.00538096
2140,0.137,0.143229,-0.00538096
2141,0.138,0.143229,-0.00538096
2142,0.139,0.143229,-0.00538096
2143,0.14,0.143229,-0.00538096
2144,0.141,0.143229,-0.00538096
2145,0.142,0.143229,-0.00538096
2146,0.143,0.143229,-0.00538096
2147,0.144,0.143229,-0.00538096
2148,0.145,0.143229,-0.00538096
2149,0.146,0.143229,-0.00538096
2150,0.147,0.143229,-0.00364211
2151,0.148,0.143229,-0.00364211
2152,0.149,0.143229,-0.00364211
2153,0.15,0.143229,-0.00538096
2154,0.151,0.143229,-0.00538096
2155,0.152,0.143229,-0.00538096
2156,0.153,0.143229,-0.00538096
2157,0.154,0.143229,-0.00538096
2158,0.155,0.143229,-0.00538096
2159,0.156,0.143229,-0.00538096
2160,0.157,0.143229,-0.00538096
2161,0.158,0.143229,-0.00538096
2162,0.159,0.143229,-0.00538096
2163,0.16,0.143229,-0.00538096
2164,0.161,0.143229,-0.00538096
2165,0.162,0.143229,-0.00538096
2166,0.163,0.143229,-0.00538096
2167,0.164,0.143229,-0.00538096
2168,0.165,0.143229,-0.00538096
2169,0.166,0.143229,-0.00538096
2170,0.167,0.143229,-0.00364211
2171,0.168,0.143229,-0.00364211
2172,0.169,0.143229,-0.00364211
2173,0.17,0.143229,-0.00364211
2174,0.171,0.143229,-0.00538096
2175,0.172,0.143229,-0.00538096
2176,0.173,0.143229,-0.00538096
2177,0.174,0.143229,-0.00538096
2178,0.175,0.143229,-0.00538096
2179,0.176,0.143229,-0.00538096
2180,0.177,0.143229,-0.00538096
2181,0.178,0.143229,-0.00538096
2182,0.179,0.143229,-0.00538096
2183,0.18,0.143229,-0.00538096
2184,0.181,0.143229,-0.00538096
2185,0.182,0.143229,-0.00538096
2186,0.183,0.143229,-0.00538096
2187,0.184,0.143229,-0.00538096
2188,0.185,0.143229,-0.00538096
2189,0.186,0.143229,-0.00538096
2190,0.187,0.143229,-0.00364211
2191,0.188,0.143229,-0.00364211
2192,0.189,0.143229,-0.00364211
2193,0.19,0.143229,-0.00538096
2194,0.191,0.143229,-0.00538096
2195,0.192,0.143229,-0.00538096
2196,0.193,0.143229,-0.00538096
2197,0.194,0.143229,-0.00538096
2198,0.195,0.143229,-0.00538096
2199,0.196,0.143229,-0.00538096
2200,0.197,0.143229,-0.00538096
2201,0.198,0.143229,-0.00538096
2202,0.199,0.143229,-0.00538096
2203,0.2,0.143229,-0.00538096
2204,0.201,0.143229,-0.00538096
2205,0.202,0.143229,-0.00538096
2206,0.203,0.143229,-0.00538096
2207,0.204,0.143229,-0.00538096
2208,0.205,0.143229,-0.00538096
2209,0.206,0.143229,-0.00538096
2210,0.207,0.143229,-0.00364211
2211,0.208,0.143229,-0.00364211
2212,0.209,0.143229,-0.00364211
2213,0.21,0.143229,-0.00538096
2214,0.211,0.143229,-0.00538096
2215,0.212,0.143229,-0.00538096
2216,0.213,0.143229,-0.00538096
2217,0.214,0.143229,-0.00538096
2218,0.215,0.143229,-0.00538096
2219,0.216,0.143229,-0.00538096
2220,0.217,0.143229,-0.00538096
2221,0.218,0.143229,-0.00538096
2222,0.219,0.143229,-0.00538096
2223,0.22,0.143229,-0.00538096
2224,0.221,0.143229,-0.00538096
2225,0.222,0.143229,-0.00538096
2226,0.223,0.143229,-0.00538096
2227,0.224,0.143229,-0.00538096
2228,0.225,0.143229,-0.00538096
2229,0.226,0.143229,-0.00538096
2230,0.227,0.143229,-0.00364211
2231,0.228,0.143229,-0.00364211
2232,0.229,0.143229,-0.00364211
2233,0.23,0.143229,-0.00364211
2234,0.231,0.143229,-0.00538096
2235,0.232,0.143229,-0.00538096
2236,0.233,0.143229,-0.00538096
2237,0.234,0.143229,-0.00538096
2238,0.235,0.143229,-0.00538096
2239,0.236,0.143229,-0.00538096
2240,0.237,0.143229,-0.00538096
2241,0.238,0.143229,-0.00538096
2242,0.239,0.143229,-0.00538096
2243,0.24,0.143229,-0.00538096
2244,0.241,0.143229,-0.00538096
2245,0.242,0.143229,-0.00538096
2246,0.243,0.143229,-0.00538096
2247,0.244,0.143229,-0.00538096
2248,0.245,0.143229,-0.00538096
2249,0.246,0.143229,-0.00538096
2250,0.247,0.143229,-0.00364211
2251,0.248,0.143229,-0.00364211
2252,0.249,0.143229,-0.00364211
2253,0.25,0.143229,-0.00364211
2254,0.251,0.143229,-0.00538096
2255,0.252,0.143229,-0.00538096
2256,0.253,0.143229,-0.00538096
2257,0.254,0.143229,-0.00538096
2258,0.255,0.143229,-0.00538096
2259,0.256,0.143229,-0.00538096
2260,0.257,0.143229,-0.00538096
2261,0.258,0.143229,-0.00538096
2262,0.259,0.143229,-0.00538096
2263,0.26,0.143229,-0.00538096
2264,0.261,0.143229,-0.00538096
2265,0.262,0.143229,-0.00538096
2266,0.263,0.143229,-0.00538096
2267,0.264,0.143229,-0.00538096
2268,0.265,0.143229,-0.00538096
2269,0.266,0.143229,-0.00538096
2270,0.267,0.143229,-0.00364211
2271,0.268,0.143229,-0.00364211
2272,0.269,0.143229,-0.00364211
2273,0.27,0.143229,-0.00364211
2274,0.271,0.143229,-0.00538096
2275,0.272,0.143229,-0.00538096
2276,0.273,0.143229,-0.00538096
2277,0.274,0.143229,-0.00538096
2278,0.275,0.143229,-0.00538096
2279,0.276,0.143229,-0.00538096
2280,0.277,0.143229,-0.00538096
2281,0.278,0.143229,-0.00538096
2282,0.279,0.143229,-0.00538096
2283,0.28,0.143229,-0.00538096
2284,0.281,0.143229,-0.00538096
2285,0.282,0.143229,-0.00538096
2286,0.283,0.143229,-0.00538096
2287,0.284,0.143229,-0.00538096
2288,0.285,0.143229,-0.00538096
2289,0.286,0.143229,-0.00538096
2290,0.287,0.143229,-0.00364211
2291,0.288,0.143229,-0.00364211
2292,0.289,0.143229,-0.00364211
2293,0.29,0.143229,-0.00538096
2294,0.291,0.143229,-0.00538096
2295,0.292,0.143229,-0.00538096
2296,0.293,0.143229,-0.00538096
2297,0.294,0.143229,-0.00538096
2298,0.295,0.143229,-0.00538096
2299,0.296,0.143229,-0.00538096
2300,0.297,0.143229,-0.00538096
2301,0.298,0.143229,-0.00538096
2302,0.299,0.143229,-0.00538096
2303,0.3,0.143229,-0.00538096
2304,0.301,0.143229,-0.00538096
2305,0.302,0.143229,-0.00538096
2306,0.303,0.143229,-0.00538096
2307,0.304,0.143229,-0.00538096
2308,0.305,0.143229,-0.00538096
2309,0.306,0.143229,-0.00538096
2310,0.307,0.143229,-0.00364211
2311,0.308,0.143229,-0.00364211
2312,0.309,0.143229,-0.00364211
2313,0.31,0.143229,-0.00538096
2314,0.311,0.143229,-0.00538096
2315,0.312,0.143229,-0.00538096
2316,0.313,0.143229,-0.00538096
2317,0.314,0.143229,-0.00538096
2318,0.315,0.143229,-0.00538096
2319,0.316,0.143229,-0.00538096
2320,0.317,0.143229,-0.00538096
2321,0.318,0.143229,-0.00538096
2322,0.319,0.143229,-0.00538096
2323,0.32,0.143229,-0.00538096
2324,0.321,0.143229,-0.00538096
2325,0.322,0.143229,-0.00538096
2326,0.323,0.143229,-0.00538096
2327,0.324,0.143229,-0.00538096
2328,0.325,0.143229,-0.00538096
2329,0.326,0.143229,-0.00538096
2330,0.327,0.143229,-0.00364211
2331,0.328,0.143229,-0.00364211
2332,0.329,0.143229,-0.00364211
2333,0.33,0.143229,-0.00364211
2334,0.331,0.143229,-0.00538096
2335,0.332,0.143229,-0.00538096
2336,0.333,0.143229,-0.00538096
2337,0.334,0.143229,-0.00538096
2338,0.335,0.143229,-0.00538096
2339,0.336,0.143229,-0.00538096
2340,0.337,0.143229,-0.00538096
2341,0.338,0.143229,-0.00538096
2342,0.339,0.143229,-0.00538096
2343,0.34,0.143229,-0.00538096
2344,0.341,0.143229,-0.00538096
2345,0.342,0.143229,-0.00538096
2346,0.343,0.143229,-0.00538096
2347,0.344,0.143229,-0.00538096
2348,0.345,0.143229,-0.00538096
2349,0.346,0.143229,-0.00538096
2350,0.347,0.143229,-0.00364211
2351,0.348,0.143229,-0.00364211
2352,0.349,0.143229,-0.00364211
2353,0.35,0.143229,-0.00538096
2354,0.351,0.143229,-0.00538096
2355,0.352,0.143229,-0.00538096
2356,0.353,0.143229,-0.00538096
2357,0.354,0.143229,-0.00538096
2358,0.355,0.143229,-0.00538096
2359,0.356,0.143229,-0.00538096
2360,0.357,0.143229,-0.00538096
2361,0.358,0.143229,-0.00538096
2362,0.359,0.143229,-0.00538096
2363,0.36,0.143229,-0.00538096
2364,0.361,0.143229,-0.00538096
2365,0.362,0.143229,-0.00538096
2366,0.363,0.143229,-0.00538096
2367,0.364,0.143229,-0.00538096
2368,0.365,0.143229,-0.00538096
2369,0.366,0.143229,-0.00538096
2370,0.367,0.143229,-0.00364211
2371,0.368,0.143229,-0.00364211
2372,0.369,0.143229,-0.00364211
2373,0.37,0.143229,-0.00364211
2374,0.371,0.143229,-0.00538096
2375,0.372,0.143229,-0.00538096
2376,0.373,0.143229,-0.00538096
2377,0.374,0.143229,-0.00538096
2378,0.375,0.143229,-0.00538096
2379,0.376,0.143229,-0.00538096
2380,0.377,0.143229,-0.00538096
2381,0.378,0.143229,-0.00538096
2382,0.379,0.143229,-0.00538096
2383,0.38,0.143229,-0.00538096
2384,0.381,0.143229,-0.00538096
2385,0.382,0.143229,-0.00538096
2386,0.383,0.143229,-0.00538096
2387,0.384,0.143229,-0.00538096
2388,0.385,0.143229,-0.00538096
2389,0.386,0.143229,-0.00538096
2390,0.387,0.143229,-0.00364211
2391,0.388,0.143229,-0.00364211
2392,0.389,0.143229,-0.00364211
2393,0.39,0.143229,-0.00364211
2394,0.391,0.143229,-0.00538096
2395,0.392,0.143229,-0.00538096
2396,0.393,0.143229,-0.00538096
2397,0.394,0.143229,-0.00538096
2398,0.395,0.143229,-0.00538096
2399,0.396,0.143229,-0.00538096
2400,0.397,0.143229,-0.00538096
2401,0.398,0.143229,-0.00538096
2402,0.399,0.143229,-0.00538096
2403,0.4,0.143229,-0.00538096
2404,0.401,0.143229,-0.00538096
2405,0.402,0.143229,-0.00538096
2406,0.403,0.143229,-0.00538096
2407,0.404,0.143229,-0.00538096
2408,0.405,0.143229,-0.00538096
2409,0.406,0.143229,-0.00538096
2410,0.407,0.143229,-0.00364211
2411,0.408,0.143229,-0.00364211
2412,0.409,0.143229,-0.00364211
2413,0.41,0.143229,-0.00364211
2414,0.411,0.143229,-0.00538096
2415,0.412,0.143229,-0.00538096
2416,0.413,0.143229,-0.00538096
2417,0.414,0.143229,-0.00538096
2418,0.415,0.143229,-0.00538096
2419,0.416,0.143229,-0.00538096
2420,0.417,0.143229,-0.00538096
2421,0.418,0.143229,-0.00538096
2422,0.419,0.143229,-0.00538096
2423,0.42,0.143229,-0.00538096
2424,0.421,0.143229,-0.00538096
2425,0.422,0.143229,-0.00538096
2426,0.423,0.143229,-0.00538096
2427,0.424,0.143229,-0.00538096
2428,0.425,0.143229,-0.00538096
2429,0.426,0.143229,-0.00538096
2430,0.427,0.143229,-0.00364211
2431,0.428,0.143229,-0.00364211
2432,0.429,0.143229,-0.00364211
2433,0.43,0.143229,-0.00364211
2434,0.431,0.143229,-0.00538096
2435,0.432,0.143229,-0.00538096
2436,0.433,0.143229,-0.00538096
2437,0.434,0.143229,-0.00538096
2438,0.435,0.143229,-0.00538096
2439,0.436,0.143229,-0.00538096
2440,0.437,0.143229,-0.00538096
2441,0.438,0.143229,-0.00538096
2442,0.439,0.143229,-0.00538096
2443,0.44,0.143229,-0.00538096
2444,0.441,0.143229,-0.00538096
2445,0.442,0.143229,-0.00538096
2446,0.443,0.143229,-0.00538096
2447,0.444,0.143229,-0.00538096
2448,0.445,0.143229,-0.00538096
2449,0.446,0.143229,-0.00364211
2450,0.447,0.143229,-0.00364211
2451,0.448,0.143229,-0.00364211
2452,0.449,0.143229,-0.00364211
2453,0.45,0.143229,-0.00364211
2454,0.451,0.143229,-0.00538096
2455,0.452,0.143229,-0.00538096
2456,0.453,0.143229,-0.00538096
2457,0.454,0.143229,-0.00538096
2458,0.455,0.143229,-0.00538096
2459,0.456,0.143229,-0.00538096
2460,0.457,0.143229,-0.00538096
2461,0.458,0.143229,-0.00538096
2462,0.459,0.143229,-0.00538096
2463,0.46,0.143229,-0.00538096
2464,0.461,0.143229,-0.00538096
2465,0.462,0.143229,-0.00538096
2466,0.463,0.143229,-0.00538096
2467,0.464,0.143229,-0.00538096
2468,0.465,0.143229,-0.00538096
2469,0.466,0.143229,-0.00538096
2470,0.467,0.143229,-0.00364211
2471,0.468,0.143229,-0.00364211
2472,0.469,0.143229,-0.00364211
2473,0.47,0.143229,-0.00538096
2474,0.471,0.143229,-0.00538096
2475,0.472,0.143229,-0.00538096
2476,0.473,0.143229,-0.00538096
2477,0.474,0.143229,-0.00538096
2478,0.475,0.143229,-0.00538096
2479,0.476,0.143229,-0.00538096
2480,0.477,0.143229,-0.00538096
2481,0.478,0.143229,-0.00538096
2482,0.479,0.143229,-0.00538096
2483,0.48,0.143229,-0.00538096
2484,0.481,0.143229,-0.00538096
2485,0.482,0.143229,-0.00538096
2486,0.483,0.143229,-0.00538096
2487,0.484,0.143229,-0.00538096
2488,0.485,0.143229,-0.00538096
2489,0.486,0.143229,-0.00538096
2490,0.487,0.143229,-0.00364211
2491,0.488,0.143229,-0.00364211
2492,0.489,0.143229,-0.00364211
2493,0.49,0.143229,-0.00364211
2494,0.491,0.143229,-0.00538096
2495,0.492,0.143229,-0.00538096
2496,0.493,0.143229,-0.00538096
2497,0.494,0.143229,-0.00538096
2498,0.495,0.14149,-0.00538096
2499,0.496,0.174528,-0.00538096
2500,0.497,0.268426,-0.00538096
2501,0.498,0.275382,-0.00538096
2502,0.499,0.27886,-0.00538096
2503,0.5,0.27886,-0.00538096
2504,0.501,0.280598,-0.00538096
2505,0.502,0.280598,-0.00538096
2506,0.503,0.280598,-0.00364211
2507,0.504,0.280598,-0.00364211
2508,0.505,0.280598,-0.00364211
2509,0.506,0.280598,-0.00364211
2510,0.507,0.280598,-0.00364211
2511,0.508,0.27886,-0.00364211
2512,0.509,0.27886,-0.00364211
2513,0.51,0.282337,-0.00364211
2514,0.511,0.280598,-0.00364211
2515,0.512,0.287554,-0.00364211
2516,0.513,0.195395,-0.00538096
2517,0.514,0.146707,-0.00538096
2518,0.515,0.143229,-0.00538096
2519,0.516,0.143229,-0.00538096
2520,0.517,0.143229,-0.00538096
2521,0.518,0.143229,-0.00538096
2522,0.519,0.143229,-0.00538096
2523,0.52,0.143229,-0.00538096
2524,0.521,0.143229,-0.00538096
2525,0.522,0.143229,-0.00538096
2526,0.523,0.143229,-0.00538096
2527,0.524,0.143229,-0.00538096
2528,0.525,0.143229,-0.00538096
2529,0.526,0.143229,-0.00364211
2530,0.527,0.143229,-0.00364211
2531,0.528,0.143229,-0.00364211
2532,0.529,0.143229,-0.00364211
2533,0.53,0.143229,-0.00364211
2534,0.531,0.143229,-0.00364211
2535,0.532,0.143229,-0.00538096
2536,0.533,0.143229,-0.00538096
2537,0.534,0.143229,-0.00538096
2538,0.535,0.143229,-0.00538096
2539,0.536,0.143229,-0.00538096
2540,0.537,0.143229,-0.00538096
2541,0.538,0.143229,-0.00538096
2542,0.539,0.143229,-0.00538096
2543,0.54,0.143229,-0.00538096
2544,0.541,0.143229,-0.00538096
2545,0.542,0.143229,-0.00538096
2546,0.543,0.143229,-0.00538096
2547,0.544,0.143229,-0.00538096
2548,0.545,0.143229,-0.00538096
2549,0.546,0.143229,-0.00364211
2550,0.547,0.143229,-0.00364211
2551,0.548,0.143229,-0.00364211
2552,0.549,0.143229,-0.00364211
2553,0.55,0.143229,-0.00364211
2554,0.551,0.143229,-0.00538096
2555,0.552,0.143229,-0.00538096
2556,0.553,0.143229,-0.00538096
2557,0.554,0.143229,-0.00538096
2558,0.555,0.143229,-0.00538096
2559,0.556,0.143229,-0.00538096
2560,0.557,0.143229,-0.00538096
2561,0.558,0.143229,-0.00538096
2562,0.559,0.143229,-0.00538096
2563,0.56,0.143229,-0.00538096
2564,0.561,0.143229,-0.00538096
2565,0.562,0.143229,-0.00538096
2566,0.563,0.143229,-0.00538096
2567,0.564,0.143229,-0.00538096
2568,0.565,0.143229,-0.00538096
2569,0.566,0.143229,-0.00364211
2570,0.567,0.143229,-0.00364211
2571,0.568,0.143229,-0.00364211
2572,0.569,0.143229,-0.00364211
2573,0.57,0.143229,-0.00364211
2574,0.571,0.143229,-0.00538096
2575,0.572,0.143229,-0.00538096
2576,0.573,0.143229,-0.00538096
2577,0.574,0.143229,-0.00538096
2578,0.575,0.143229,-0.00538096
2579,0.576,0.143229,-0.00538096
2580,0.577,0.143229,-0.00538096
2581,0.578,0.143229,-0.00538096
2582,0.579,0.143229,-0.00538096
2583,0.58,0.143229,-0.00538096
2584,0.581,0.143229,-0.00538096
2585,0.582,0.143229,-0.00538096
2586,0.583,0.143229,-0.00538096
2587,0.584,0.143229,-0.00538096
2588,0.585,0.143229,-0.00538096
2589,0.586,0.143229,-0.00538096
2590,0.587,0.143229,-0.00364211
2591,0.588,0.143229,-0.00364211
2592,0.589,0.143229,-0.00364211
2593,0.59,0.143229,-0.00364211
2594,0.591,0.143229,-0.00538096
2595,0.592,0.143229,-0.00538096
2596,0.593,0.143229,-0.00538096
2597,0.594,0.143229,-0.00538096
2598,0.595,0.143229,-0.00538096
2599,0.596,0.143229,-0.00538096
2600,0.597,0.143229,-0.00538096
2601,0.598,0.143229,-0.00538096
2602,0.599,0.143229,-0.00538096
2603,0.6,0.143229,-0.00538096
2604,0.601,0.143229,-0.00538096
2605,0.602,0.143229,-0.00538096
2606,0.603,0.143229,-0.00538096
2607,0.604,0.143229,-0.00538096
2608,0.605,0.143229,-0.00538096
2609,0.606,0.143229,-0.00364211
2610,0.607,0.143229,-0.00364211
2611,0.608,0.143229,-0.00364211
2612,0.609,0.143229,-0.00364211
2613,0.61,0.143229,-0.00364211
2614,0.611,0.143229,-0.00538096
2615,0.612,0.143229,-0.00538096
2616,0.613,0.143229,-0.00538096
2617,0.614,0.143229,-0.00538096
2618,0.615,0.143229,-0.00538096
2619,0.616,0.143229,-0.00538096
2620,0.617,0.143229,-0.00538096
2621,0.618,0.143229,-0.00538096
2622,0.619,0.143229,-0.00538096
2623,0.62,0.143229,-0.00538096
2624,0.621,0.143229,-0.00538096
2625,0.622,0.143229,-0.00538096
2626,0.623,0.143229,-0.00538096
2627,0.624,0.143229,-0.00538096
2628,0.625,0.143229,-0.00364211
2629,0.626,0.143229,-0.00364211
2630,0.627,0.143229,-0.00364211
2631,0.628,0.143229,-0.00364211
2632,0.629,0.143229,-0.00364211
2633,0.63,0.143229,-0.00364211
2634,0.631,0.143229,-0.00538096
2635,0.632,0.143229,-0.00538096
2636,0.633,0.143229,-0.00538096
2637,0.634,0.143229,-0.00538096
2638,0.635,0.143229,-0.00538096
2639,0.636,0.143229,-0.00538096
2640,0.637,0.143229,-0.00538096
2641,0.638,0.143229,-0.00538096
2642,0.639,0.143229,-0.00538096
2643,0.64,0.143229,-0.00538096
2644,0.641,0.143229,-0.00538096
2645,0.642,0.143229,-0.00538096
2646,0.643,0.143229,-0.00538096
2647,0.644,0.143229,-0.00538096
2648,0.645,0.143229,-0.00538096
2649,0.646,0.143229,-0.00538096
2650,0.647,0.143229,-0.00364211
2651,0.648,0.143229,-0.00364211
2652,0.649,0.143229,-0.00364211
2653,0.65,0.143229,-0.00364211
2654,0.651,0.143229,-0.00538096
2655,0.652,0.143229,-0.00538096
2656,0.653,0.143229,-0.00538096
2657,0.654,0.143229,-0.00538096
2658,0.655,0.143229,-0.00538096
2659,0.656,0.143229,-0.00538096
2660,0.657,0.143229,-0.00538096
2661,0.658,0.143229,-0.00538096
2662,0.659,0.143229,-0.00538096
2663,0.66,0.143229,-0.00538096
2664,0.661,0.143229,-0.00538096
2665,0.662,0.143229,-0.00538096
2666,0.663,0.143229,-0.00538096
2667,0.664,0.143229,-0.00538096
2668,0.665,0.143229,-0.00538096
2669,0.666,0.143229,-0.00364211
2670,0.667,0.143229,-0.00364211
2671,0.668,0.143229,-0.00364211
2672,0.669,0.143229,-0.00364211
2673,0.67,0.143229,-0.00364211
2674,0.671,0.143229,-0.00538096
2675,0.672,0.143229,-0.00538096
2676,0.673,0.143229,-0.00538096
2677,0.674,0.143229,-0.00538096
2678,0.675,0.143229,-0.00538096
2679,0.676,0.143229,-0.00538096
2680,0.677,0.143229,-0.00538096
2681,0.678,0.143229,-0.00538096
2682,0.679,0.143229,-0.00538096
2683,0.68,0.143229,-0.00538096
2684,0.681,0.143229,-0.00538096
2685,0.682,0.143229,-0.00538096
2686,0.683,0.143229,-0.00538096
2687,0.684,0.143229,-0.00538096
2688,0.685,0.143229,-0.00538096
2689,0.686,0.143229,-0.00538096
2690,0.687,0.143229,-0.00364211
2691,0.688,0.143229,-0.00364211
2692,0.689,0.143229,-0.00364211
2693,0.69,0.143229,-0.00364211
2694,0.691,0.143229,-0.00538096
2695,0.692,0.143229,-0.00538096
2696,0.693,0.143229,-0.00538096
2697,0.694,0.143229,-0.00538096
2698,0.695,0.143229,-0.00538096
2699,0.696,0.143229,-0.00538096
2700,0.697,0.143229,-0.00538096
2701,0.698,0.143229,-0.00538096
2702,0.699,0.143229,-0.00538096
2703,0.7,0.143229,-0.00538096
2704,0.701,0.143229,-0.00538096
2705,0.702,0.143229,-0.00538096
2706,0.703,0.143229,-0.00538096
2707,0.704,0.143229,-0.00538096
2708,0.705,0.143229,-0.00538096
2709,0.706,0.143229,-0.00538096
2710,0.707,0.143229,-0.00364211
2711,0.708,0.143229,-0.00364211
2712,0.709,0.143229,-0.00364211
2713,0.71,0.143229,-0.00364211
2714,0.711,0.143229,-0.00538096
2715,0.712,0.143229,-0.00538096
2716,0.713,0.143229,-0.00538096
2717,0.714,0.143229,-0.00538096
2718,0.715,0.143229,-0.00538096
2719,0.716,0.143229,-0.00538096
2720,0.717,0.143229,-0.00538096
2721,0.718,0.143229,-0.00538096
2722,0.719,0.143229,-0.00538096
2723,0.72,0.143229,-0.00538096
2724,0.721,0.143229,-0.00538096
2725,0.722,0.143229,-0.00538096
2726,0.723,0.143229,-0.00538096
2727,0.724,0.143229,-0.00538096
2728,0.725,0.143229,-0.00538096
2729,0.726,0.143229,-0.00538096
2730,0.727,0.143229,-0.00364211
2731,0.728,0.143229,-0.00364211
2732,0.729,0.143229,-0.00364211
2733,0.73,0.143229,-0.00538096
2734,0.731,0.143229,-0.00538096
2735,0.732,0.143229,-0.00538096
2736,0.733,0.143229,-0.00538096
2737,0.734,0.143229,-0.00538096
2738,0.735,0.143229,-0.00538096
2739,0.736,0.143229,-0.00538096
2740,0.737,0.143229,-0.00538096
2741,0.738,0.143229,-0.00538096
2742,0.739,0.143229,-0.00538096
2743,0.74,0.143229,-0.00538096
2744,0.741,0.143229,-0.00538096
2745,0.742,0.143229,-0.00538096
2746,0.743,0.143229,-0.00538096
2747,0.744,0.143229,-0.00538096
2748,0.745,0.143229,-0.00538096
2749,0.746,0.143229,-0.00538096
2750,0.747,0.143229,-0.00364211
2751,0.748,0.143229,-0.00364211
2752,0.749,0.143229,-0.00364211
2753,0.75,0.143229,-0.00538096
2754,0.751,0.143229,-0.00538096
2755,0.752,0.143229,-0.00538096
2756,0.753,0.143229,-0.00538096
2757,0.754,0.143229,-0.00538096
2758,0.755,0.143229,-0.00538096
2759,0.756,0.143229,-0.00538096
2760,0.757,0.143229,-0.00538096
2761,0.758,0.143229,-0.00538096
2762,0.759,0.143229,-0.00538096
2763,0.76,0.143229,-0.00538096
2764,0.761,0.143229,-0.00538096
2765,0.762,0.143229,-0.00538096
2766,0.763,0.143229,-0.00538096
2767,0.764,0.143229,-0.00538096
2768,0.765,0.143229,-0.00538096
2769,0.766,0.143229,-0.00364211
2770,0.767,0.143229,-0.00364211
2771,0.768,0.143229,-0.00364211
2772,0.769,0.143229,-0.00364211
2773,0.77,0.143229,-0.00538096
2774,0.771,0.143229,-0.00538096
2775,0.772,0.143229,-0.00538096
2776,0.773,0.143229,-0.00538096
2777,0.774,0.143229,-0.00538096
2778,0.775,0.143229,-0.00538096
2779,0.776,0.143229,-0.00538096
2780,0.777,0.143229,-0.00538096
2781,0.778,0.143229,-0.00538096
2782,0.779,0.143229,-0.00538096
2783,0.78,0.143229,-0.00538096
2784,0.781,0.143229,-0.00538096
2785,0.782,0.143229,-0.00538096
2786,0.783,0.143229,-0.00538096
2787,0.784,0.143229,-0.00538096
2788,0.785,0.143229,-0.00538096
2789,0.786,0.143229,-0.00538096
2790,0.787,0.143229,-0.00364211
2791,0.788,0.143229,-0.00364211
2792,0.789,0.143229,-0.00364211
2793,0.79,0.143229,-0.00364211
2794,0.791,0.143229,-0.00538096
2795,0.792,0.143229,-0.00538096
2796,0.793,0.143229,-0.00538096
2797,0.794,0.143229,-0.00538096
2798,0.795,0.143229,-0.00538096
2799,0.796,0.143229,-0.00538096
2800,0.797,0.143229,-0.00538096
2801,0.798,0.143229,-0.00538096
2802,0.799,0.143229,-0.00538096
2803,0.8,0.143229,-0.00538096
2804,0.801,0.143229,-0.00538096
2805,0.802,0.143229,-0.00538096
2806,0.803,0.143229,-0.00538096
2807,0.804,0.143229,-0.00538096
2808,0.805,0.143229,-0.00538096
2809,0.806,0.143229,-0.00538096
2810,0.807,0.143229,-0.00364211
2811,0.808,0.143229,-0.00364211
2812,0.809,0.143229,-0.00364211
2813,0.81,0.143229,-0.00538096
2814,0.811,0.143229,-0.00538096
2815,0.812,0.143229,-0.00538096
2816,0.813,0.143229,-0.00538096
2817,0.814,0.143229,-0.00538096
2818,0.815,0.143229,-0.00538096
2819,0.816,0.143229,-0.00538096
2820,0.817,0.143229,-0.00538096
2821,0.818,0.143229,-0.00538096
2822,0.819,0.143229,-0.00538096
2823,0.82,0.143229,-0.00538096
2824,0.821,0.143229,-0.00538096
2825,0.822,0.143229,-0.00538096
2826,0.823,0.143229,-0.00538096
2827,0.824,0.143229,-0.00538096
2828,0.825,0.143229,-0.00538096
2829,0.826,0.143229,-0.00364211
2830,0.827,0.143229,-0.00364211
2831,0.828,0.143229,-0.00364211
2832,0.829,0.143229,-0.00364211
2833,0.83,0.143229,-0.00364211
2834,0.831,0.143229,-0.00538096
2835,0.832,0.143229,-0.00538096
2836,0.833,0.143229,-0.00538096
2837,0.834,0.143229,-0.00538096
2838,0.835,0.143229,-0.00538096
2839,0.836,0.143229,-0.00538096
2840,0.837,0.143229,-0.00538096
2841,0.838,0.143229,-0.00538096
2842,0.839,0.143229,-0.00538096
2843,0.84,0.143229,-0.00538096
2844,0.841,0.143229,-0.00538096
2845,0.842,0.143229,-0.00538096
2846,0.843,0.143229,-0.00538096
2847,0.844,0.143229,-0.00538096
2848,0.845,0.143229,-0.00538096
2849,0.846,0.143229,-0.00364211
2850,0.847,0.143229,-0.00364211
2851,0.848,0.143229,-0.00364211
2852,0.849,0.143229,-0.00364211
2853,0.85,0.143229,-0.00364211
2854,0.851,0.143229,-0.00538096
2855,0.852,0.143229,-0.00538096
2856,0.853,0.143229,-0.00538096
2857,0.854,0.143229,-0.00538096
2858,0.855,0.143229,-0.00538096
2859,0.856,0.143229,-0.00538096
2860,0.857,0.143229,-0.00538096
2861,0.858,0.143229,-0.00538096
2862,0.859,0.143229,-0.00538096
2863,0.86,0.143229,-0.00538096
2864,0.861,0.143229,-0.00538096
2865,0.862,0.143229,-0.00538096
2866,0.863,0.143229,-0.00538096
2867,0.864,0.143229,-0.00538096
2868,0.865,0.143229,-0.00538096
2869,0.866,0.143229,-0.00538096
2870,0.867,0.143229,-0.00364211
2871,0.868,0.143229,-0.00364211
2872,0.869,0.143229,-0.00364211
2873,0.87,0.143229,-0.00538096
2874,0.871,0.143229,-0.00538096
2875,0.872,0.143229,-0.00538096
2876,0.873,0.143229,-0.00538096
2877,0.874,0.143229,-0.00538096
2878,0.875,0.143229,-0.00538096
2879,0.876,0.143229,-0.00538096
2880,0.877,0.143229,-0.00538096
2881,0.878,0.143229,-0.00538096
2882,0.879,0.143229,-0.00538096
2883,0.88,0.143229,-0.00538096
2884,0.881,0.143229,-0.00538096
2885,0.882,0.143229,-0.00538096
2886,0.883,0.143229,-0.00538096
2887,0.884,0.143229,-0.00538096
2888,0.885,0.143229,-0.00538096
2889,0.886,0.143229,-0.00364211
2890,0.887,0.143229,-0.00364211
2891,0.888,0.143229,-0.00364211
2892,0.889,0.143229,-0.00364211
2893,0.89,0.143229,-0.00538096
2894,0.891,0.143229,-0.00538096
2895,0.892,0.143229,-0.00538096
2896,0.893,0.143229,-0.00538096
2897,0.894,0.143229,-0.00538096
2898,0.895,0.143229,-0.00538096
2899,0.896,0.143229,-0.00538096
2900,0.897,0.143229,-0.00538096
2901,0.898,0.143229,-0.00538096
2902,0.899,0.143229,-0.00538096
2903,0.9,0.143229,-0.00538096
2904,0.901,0.143229,-0.00538096
2905,0.902,0.143229,-0.00538096
2906,0.903,0.143229,-0.00538096
2907,0.904,0.143229,-0.00538096
2908,0.905,0.143229,-0.00538096
2909,0.906,0.143229,-0.00364211
2910,0.907,0.143229,-0.00364211
2911,0.908,0.143229,-0.00364211
2912,0.909,0.143229,-0.00364211
2913,0.91,0.143229,-0.00538096
2914,0.911,0.143229,-0.00538096
2915,0.912,0.143229,-0.00538096
2916,0.913,0.143229,-0.00538096
2917,0.914,0.143229,-0.00538096
2918,0.915,0.143229,-0.00538096
2919,0.916,0.143229,-0.00538096
2920,0.917,0.143229,-0.00538096
2921,0.918,0.143229,-0.00538096
2922,0.919,0.143229,-0.00538096
2923,0.92,0.143229,-0.00538096
2924,0.921,0.143229,-0.00538096
2925,0.922,0.143229,-0.00538096
2926,0.923,0.143229,-0.00538096
2927,0.924,0.143229,-0.00538096
2928,0.925,0.143229,-0.00538096
2929,0.926,0.143229,-0.00538096
2930,0.927,0.143229,-0.00364211
2931,0.928,0.143229,-0.00364211
2932,0.929,0.143229,-0.00364211
2933,0.93,0.143229,-0.00364211
2934,0.931,0.143229,-0.00538096
2935,0.932,0.143229,-0.00538096
2936,0.933,0.143229,-0.00538096
2937,0.934,0.143229,-0.00538096
2938,0.935,0.143229,-0.00538096
2939,0.936,0.143229,-0.00538096
2940,0.937,0.143229,-0.00538096
2941,0.938,0.143229,-0.00538096
2942,0.939,0.143229,-0.00538096
2943,0.94,0.143229,-0.00538096
2944,0.941,0.143229,-0.00538096
2945,0.942,0.143229,-0.00538096
2946,0.943,0.143229,-0.00538096
2947,0.944,0.143229,-0.00538096
2948,0.945,0.143229,-0.00538096
2949,0.946,0.143229,-0.00364211
2950,0.947,0.143229,-0.00364211
2951,0.948,0.143229,-0.00364211
2952,0.949,0.143229,-0.00364211
2953,0.95,0.143229,-0.00364211
2954,0.951,0.143229,-0.00538096
2955,0.952,0.143229,-0.00538096
2956,0.953,0.143229,-0.00538096
2957,0.954,0.143229,-0.00538096
2958,0.955,0.143229,-0.00538096
2959,0.956,0.143229,-0.00538096
2960,0.957,0.143229,-0.00538096
2961,0.958,0.143229,-0.00538096
2962,0.959,0.143229,-0.00538096
2963,0.96,0.143229,-0.00538096
2964,0.961,0.143229,-0.00538096
2965,0.962,0.143229,-0.00538096
2966,0.963,0.143229,-0.00538096
2967,0.964,0.143229,-0.00538096
2968,0.965,0.143229,-0.00538096
2969,0.966,0.143229,-0.00538096
2970,0.967,0.143229,-0.00364211
2971,0.968,0.143229,-0.00364211
2972,0.969,0.143229,-0.00364211
2973,0.97,0.143229,-0.00538096
2974,0.971,0.143229,-0.00538096
2975,0.972,0.143229,-0.00538096
2976,0.973,0.143229,-0.00538096
2977,0.974,0.143229,-0.00538096
2978,0.975,0.143229,-0.00538096
2979,0.976,0.143229,-0.00538096
2980,0.977,0.143229,-0.00538096
2981,0.978,0.143229,-0.00538096
2982,0.979,0.143229,-0.00538096
2983,0.98,0.143229,-0.00538096
2984,0.981,0.143229,-0.00538096
2985,0.982,0.143229,-0.00538096
2986,0.983,0.143229,-0.00538096
2987,0.984,0.138013,-0.00538096
2988,0.985,0.230172,-0.00538096
2989,0.986,0.273643,-0.00364211
2990,0.987,0.27886,-0.00364211
2991,0.988,0.27886,-0.00364211
2992,0.989,0.280598,-0.00364211
2993,0.99,0.280598,-0.00364211
2994,0.991,0.280598,-0.00538096
2995,0.992,0.280598,-0.00538096
2996,0.993,0.280598,-0.00538096
2997,0.994,0.280598,-0.00538096
2998,0.995,0.280598,-0.00538096
2999,0.996,0.280598,-0.00538096
3000,0.997,0.280598,-0.00538096
3001,0.998,0.280598,-0.00538096
3002,0.999,0.282337,-0.00538096
3003,1,0.282337,-0.00538096
3004,1.001,0.284076,-0.00538096
3005,1.002,0.282337,-0.00538096
3006,1.003,0.282337,-0.00538096
3007,1.004,0.282337,-0.00538096
3008,1.005,0.282337,-0.00538096
3009,1.006,0.282337,-0.00364211
3010,1.007,0.264949,-0.00364211
3011,1.008,0.261471,-0.00364211
3012,1.009,0.261471,-0.00364211
3013,1.01,0.261471,-0.00364211
3014,1.011,0.261471,-0.00364211
3015,1.012,0.261471,-0.00538096
3016,1.013,0.261471,-0.00538096
3017,1.014,0.261471,-0.00538096
3018,1.015,0.261471,-0.00538096
3019,1.016,0.261471,-0.00538096
3020,1.017,0.264949,-0.00538096
3021,1.018,0.264949,-0.00538096
3022,1.019,0.264949,-0.00538096
3023,1.02,0.26321,-0.00538096
3024,1.021,0.26321,-0.00538096
3025,1.022,0.268426,-0.00538096
3026,1.023,0.289293,-0.00538096
3027,1.024,0.284076,-0.00538096
3028,1.025,0.285815,-0.00538096
3029,1.026,0.284076,-0.00364211
3030,1.027,0.284076,-0.00364211
3031,1.028,0.287554,-0.00364211
3032,1.029,0.29277,-0.00364211
3033,1.03,0.29277,-0.00364211
3034,1.031,0.29277,-0.00538096
3035,1.032,0.29277,-0.00538096
3036,1.033,0.29277,-0.00538096
3037,1.034,0.29277,-0.00538096
3038,1.035,0.29277,-0.00538096
3039,1.036,0.29277,-0.00538096
3040,1.037,0.29277,-0.00538096
3041,1.038,0.29277,-0.00538096
3042,1.039,0.29277,-0.00538096
3043,1.04,0.29277,-0.00538096
3044,1.041,0.29277,-0.00538096
3045,1.042,0.29277,-0.00538096
3046,1.043,0.29277,-0.00538096
3047,1.044,0.29277,-0.00538096
3048,1.045,0.29277,-0.00538096
3049,1.046,0.29277,-0.00364211
3050,1.047,0.29277,-0.00364211
3051,1.048,0.29277,-0.00364211
3052,1.049,0.29277,-0.00364211
3053,1.05,0.29277,-0.00364211
3054,1.051,0.29277,-0.00538096
3055,1.052,0.29277,-0.00538096
3056,1.053,0.29277,-0.00538096
3057,1.054,0.29277,-0.00538096
3058,1.055,0.29277,-0.00538096
3059,1.056,0.29277,-0.00538096
3060,1.057,0.29277,-0.00538096
3061,1.058,0.29277,-0.00538096
3062,1.059,0.29277,-0.00538096
3063,1.06,0.29277,-0.00538096
3064,1.061,0.29277,-0.00538096
3065,1.062,0.29277,-0.00538096
3066,1.063,0.29277,-0.00538096
3067,1.064,0.29277,-0.00364211
3068,1.065,0.29277,-0.00364211
3069,1.066,0.29277,-0.00364211
3070,1.067,0.29277,-0.00364211
3071,1.068,0.29277,-0.00364211
3072,1.069,0.29277,-0.00364211
3073,1.07,0.29277,-0.00364211
3074,1.071,0.29277,-0.00538096
3075,1.072,0.29277,-0.00538096
3076,1.073,0.29277,-0.00538096
3077,1.074,0.29277,-0.00538096
3078,1.075,0.29277,-0.00538096
3079,1.076,0.29277,-0.00538096
3080,1.077,0.29277,-0.00538096
3081,1.078,0.29277,-0.00538096
3082,1.079,0.29277,-0.00538096
3083,1.08,0.29277,-0.00538096
3084,1.081,0.29277,-0.00538096
3085,1.082,0.29277,-0.00538096
3086,1.083,0.29277,-0.00538096
3087,1.084,0.29277,-0.00538096
3088,1.085,0.29277,-0.00538096
3089,1.086,0.29277,-0.00364211
3090,1.087,0.29277,-0.00364211
3091,1.088,0.29277,-0.00364211
3092,1.089,0.29277,-0.00364211
3093,1.09,0.29277,-0.00364211
3094,1.091,0.29277,-0.00538096
3095,1.092,0.29277,-0.00538096
3096,1.093,0.29277,-0.00538096
3097,1.094,0.29277,-0.00538096
3098,1.095,0.29277,-0.00538096
3099,1.096,0.29277,-0.00538096
3100,1.097,0.29277,-0.00538096
3101,1.098,0.29277,-0.00538096
3102,1.099,0.29277,-0.00538096
3103,1.1,0.29277,-0.00538096
3104,1.101,0.29277,-0.00538096
3105,1.102,0.29277,-0.00538096
3106,1.103,0.29277,-0.00538096
3107,1.104,0.29277,-0.00538096
3108,1.105,0.29277,-0.00538096
3109,1.106,0.29277,-0.00364211
3110,1.107,0.29277,-0.00364211
3111,1.108,0.29277,-0.00364211
3112,1.109,0.29277,-0.00364211
3113,1.11,0.29277,-0.00364211
3114,1.111,0.29277,-0.00538096
3115,1.112,0.29277,-0.00538096
3116,1.113,0.29277,-0.00538096
3117,1.114,0.29277,-0.00538096
3118,1.115,0.29277,-0.00538096
3119,1.116,0.29277,-0.00538096
3120,1.117,0.29277,-0.00538096
3121,1.118,0.29277,-0.00538096
3122,1.119,0.29277,-0.00538096
3123,1.12,0.29277,-0.00538096
3124,1.121,0.29277,-0.00538096
3125,1.122,0.29277,-0.00538096
3126,1.123,0.29277,-0.00538096
3127,1.124,0.29277,-0.00538096
3128,1.125,0.29277,-0.00538096
3129,1.126,0.29277,-0.00364211
3130,1.127,0.29277,-0.00364211
3131,1.128,0.29277,-0.00364211
3132,1.129,0.29277,-0.00364211
3133,1.13,0.29277,-0.00364211
3134,1.131,0.29277,-0.00538096
3135,1.132,0.29277,-0.00538096
3136,1.133,0.29277,-0.00538096
3137,1.134,0.29277,-0.00538096
3138,1.135,0.29277,-0.00538096
3139,1.136,0.29277,-0.00538096
3140,1.137,0.29277,-0.00538096
3141,1.138,0.29277,-0.00538096
3142,1.139,0.29277,-0.00538096
3143,1.14,0.29277,-0.00538096
3144,1.141,0.29277,-0.00538096
3145,1.142,0.29277,-0.00538096
3146,1.143,0.29277,-0.00538096
3147,1.144,0.29277,-0.00538096
3148,1.145,0.29277,-0.00364211
3149,1.146,0.29277,-0.00364211
3150,1.147,0.29277,-0.00364211
3151,1.148,0.29277,-0.00364211
3152,1.149,0.29277,-0.00364211
3153,1.15,0.29277,-0.00364211
3154,1.151,0.29277,-0.00364211
3155,1.152,0.29277,-0.00538096
3156,1.153,0.29277,-0.00538096
3157,1.154,0.29277,-0.00538096
3158,1.155,0.29277,-0.00538096
3159,1.156,0.29277,-0.00538096
3160,1.157,0.29277,-0.00538096
3161,1.158,0.29277,-0.00538096
3162,1.159,0.29277,-0.00538096
3163,1.16,0.29277,-0.00538096
3164,1.161,0.29277,-0.00538096
3165,1.162,0.29277,-0.00538096
3166,1.163,0.29277,-0.00364211
3167,1.164,0.29277,-0.00538096
3168,1.165,0.29277,-0.00538096
3169,1.166,0.29277,-0.00364211
3170,1.167,0.29277,-0.00364211
3171,1.168,0.29277,-0.00364211
3172,1.169,0.29277,-0.00364211
3173,1.17,0.29277,-0.00364211
3174,1.171,0.29277,-0.00364211
3175,1.172,0.29277,-0.00538096
3176,1.173,0.29277,-0.00538096
3177,1.174,0.29277,-0.00538096
3178,1.175,0.29277,-0.00538096
3179,1.176,0.29277,-0.00538096
3180,1.177,0.29277,-0.00538096
3181,1.178,0.29277,-0.00538096
3182,1.179,0.29277,-0.00538096
3183,1.18,0.29277,-0.00538096
3184,1.181,0.29277,-0.00538096
3185,1.182,0.29277,-0.00538096
3186,1.183,0.29277,-0.00538096
3187,1.184,0.29277,-0.00190326
3188,1.185,0.29277,-0.00538096
3189,1.186,0.29277,-0.00364211
3190,1.187,0.29277,-0.00364211
3191,1.188,0.29277,-0.00364211
3192,1.189,0.29277,-0.00364211
3193,1.19,0.29277,-0.00364211
3194,1.191,0.29277,-0.00364211
3195,1.192,0.29277,-0.00538096
3196,1.193,0.29277,-0.00538096
3197,1.194,0.29277,-0.00538096
3198,1.195,0.29277,-0.00538096
3199,1.196,0.29277,-0.00538096
3200,1.197,0.29277,-0.00538096
3201,1.198,0.29277,-0.00538096
3202,1.199,0.29277,-0.00538096
3203,1.2,0.29277,-0.00538096
3204,1.201,0.29277,-0.00538096
3205,1.202,0.29277,-0.00538096
3206,1.203,0.29277,-0.00364211
3207,1.204,0.29277,-0.00364211
3208,1.205,0.29277,-0.00364211
3209,1.206,0.29277,-0.00364211
3210,1.207,0.29277,-0.00364211
3211,1.208,0.29277,-0.00364211
3212,1.209,0.29277,-0.00364211
3213,1.21,0.29277,-0.00364211
3214,1.211,0.29277,-0.00538096
3215,1.212,0.29277,-0.00538096
3216,1.213,0.29277,-0.00538096
3217,1.214,0.29277,-0.00538096
3218,1.215,0.29277,-0.00538096
3219,1.216,0.29277,-0.00538096
3220,1.217,0.29277,-0.00538096
3221,1.218,0.29277,-0.00538096
3222,1.219,0.29277,-0.00538096
3223,1.22,0.29277,-0.00538096
3224,1.221,0.29277,-0.00538096
3225,1.222,0.29277,-0.00364211
3226,1.223,0.29277,-0.00364211
3227,1.224,0.29277,-0.00364211
3228,1.225,0.29277,-0.00364211
3229,1.226,0.29277,-0.00364211
3230,1.227,0.29277,-0.00364211
3231,1.228,0.29277,-0.00364211
3232,1.229,0.29277,-0.00364211
3233,1.23,0.29277,-0.00190326
3234,1.231,0.29277,-0.00364211
3235,1.232,0.29277,-0.00538096
3236,1.233,0.29277,-0.00538096
3237,1.234,0.29277,-0.00538096
3238,1.235,0.29277,-0.00538096
3239,1.236,0.29277,-0.00538096
3240,1.237,0.29277,-0.00538096
3241,1.238,0.29277,-0.00538096
3242,1.239,0.29277,-0.00538096
3243,1.24,0.29277,-0.00538096
3244,1.241,0.29277,-0.00538096
3245,1.242,0.29277,-0.00538096
3246,1.243,0.29277,-0.00538096
3247,1.244,0.29277,-0.00538096
3248,1.245,0.29277,-0.00364211
3249,1.246,0.29277,-0.00364211
3250,1.247,0.29277,-0.00364211
3251,1.248,0.29277,-0.00364211
3252,1.249,0.29277,-0.00364211
3253,1.25,0.29277,-0.00364211
3254,1.251,0.29277,-0.00364211
3255,1.252,0.29277,-0.00538096
3256,1.253,0.29277,-0.00538096
3257,1.254,0.29277,-0.00538096
3258,1.255,0.29277,-0.00538096
3259,1.256,0.29277,-0.00538096
3260,1.257,0.29277,-0.00538096
3261,1.258,0.29277,-0.00538096
3262,1.259,0.29277,-0.00538096
3263,1.26,0.29277,-0.00538096
3264,1.261,0.29277,-0.00538096
3265,1.262,0.29277,-0.00538096
3266,1.263,0.29277,-0.00538096
3267,1.264,0.29277,-0.00364211
3268,1.265,0.29277,-0.00364211
3269,1.266,0.29277,-0.00364211
3270,1.267,0.29277,-0.00364211
3271,1.268,0.29277,-0.00364211
3272,1.269,0.29277,-0.00364211
3273,1.27,0.29277,-0.00364211
3274,1.271,0.29277,-0.00364211
3275,1.272,0.29277,-0.00538096
3276,1.273,0.29277,-0.00538096
3277,1.274,0.29277,-0.00538096
3278,1.275,0.29277,-0.00538096
3279,1.276,0.29277,-0.00538096
3280,1.277,0.29277,-0.00538096
3281,1.278,0.29277,-0.00538096
3282,1.279,0.29277,-0.00538096
3283,1.28,0.29277,-0.00538096
3284,1.281,0.29277,-0.00364211
3285,1.282,0.29277,-0.00364211
3286,1.283,0.29277,-0.00364211
3287,1.284,0.29277,-0.00364211
3288,1.285,0.29277,-0.00364211
3289,1.286,0.29277,-0.00364211
3290,1.287,0.29277,-0.00364211
3291,1.288,0.29277,-0.00364211
3292,1.289,0.29277,-0.00364211
3293,1.29,0.29277,-0.00364211
3294,1.291,0.29277,-0.00364211
3295,1.292,0.29277,-0.00538096
3296,1.293,0.29277,-0.00538096
3297,1.294,0.29277,-0.00538096
3298,1.295,0.29277,-0.00538096
3299,1.296,0.29277,-0.00538096
3300,1.297,0.29277,-0.00538096
3301,1.298,0.29277,-0.00538096
3302,1.299,0.29277,-0.00538096
3303,1.3,0.29277,-0.00538096
3304,1.301,0.29277,-0.00538096
3305,1.302,0.29277,-0.00538096
3306,1.303,0.29277,-0.00538096
3307,1.304,0.29277,-0.00538096
3308,1.305,0.29277,-0.00364211
3309,1.306,0.29277,-0.00364211
3310,1.307,0.29277,-0.00364211
3311,1.308,0.29277,-0.00364211
3312,1.309,0.29277,-0.00364211
3313,1.31,0.29277,-0.00364211
3314,1.311,0.29277,-0.00364211
3315,1.312,0.29277,-0.00538096
3316,1.313,0.29277,-0.00538096
3317,1.314,0.29277,-0.00538096
3318,1.315,0.29277,-0.00538096
3319,1.316,0.29277,-0.00538096
3320,1.317,0.29277,-0.00538096
3321,1.318,0.29277,-0.00538096
3322,1.319,0.29277,-0.00538096
3323,1.32,0.29277,-0.00538096
3324,1.321,0.29277,-0.00538096
3325,1.322,0.29277,-0.00538096
3326,1.323,0.29277,-0.00538096
3327,1.324,0.29277,-0.00538096
3328,1.325,0.29277,-0.00538096
3329,1.326,0.29277,-0.00364211
3330,1.327,0.29277,-0.00364211
3331,1.328,0.29277,-0.00364211
3332,1.329,0.29277,-0.00364211
3333,1.33,0.29277,-0.00364211
3334,1.331,0.29277,-0.00538096
3335,1.332,0.29277,-0.00538096
3336,1.333,0.29277,-0.00538096
3337,1.334,0.29277,-0.00538096
3338,1.335,0.29277,-0.00538096
3339,1.336,0.29277,-0.00538096
3340,1.337,0.29277,-0.00538096
3341,1.338,0.29277,-0.00538096
3342,1.339,0.29277,-0.00538096
3343,1.34,0.29277,-0.00538096
3344,1.341,0.29277,-0.00538096
3345,1.342,0.29277,-0.00538096
3346,1.343,0.29277,-0.00538096
3347,1.344,0.29277,-0.00538096
3348,1.345,0.29277,-0.00364211
3349,1.346,0.29277,-0.00364211
3350,1.347,0.29277,-0.00364211
3351,1.348,0.29277,-0.00364211
3352,1.349,0.29277,-0.00364211
3353,1.35,0.29277,-0.00364211
3354,1.351,0.29277,-0.00538096
3355,1.352,0.29277,-0.00538096
3356,1.353,0.29277,-0.00538096
3357,1.354,0.29277,-0.00538096
3358,1.355,0.29277,-0.00538096
3359,1.356,0.29277,-0.00538096
3360,1.357,0.29277,-0.00538096
3361,1.358,0.29277,-0.00538096
3362,1.359,0.29277,-0.00538096
3363,1.36,0.29277,-0.00538096
3364,1.361,0.29277,-0.00538096
3365,1.362,0.29277,-0.00538096
3366,1.363,0.29277,-0.00538096
3367,1.364,0.29277,-0.00538096
3368,1.365,0.29277,-0.00538096
3369,1.366,0.29277,-0.00364211
3370,1.367,0.29277,-0.00364211
3371,1.368,0.29277,-0.00364211
3372,1.369,0.29277,-0.00364211
3373,1.37,0.29277,-0.00364211
3374,1.371,0.29277,-0.00538096
3375,1.372,0.29277,-0.00538096
3376,1.373,0.29277,-0.00538096
3377,1.374,0.29277,-0.00538096
3378,1.375,0.29277,-0.00538096
3379,1.376,0.29277,-0.00538096
3380,1.377,0.29277,-0.00538096
3381,1.378,0.29277,-0.00538096
3382,1.379,0.29277,-0.00538096
3383,1.38,0.29277,-0.00538096
3384,1.381,0.29277,-0.00538096
3385,1.382,0.29277,-0.00538096
3386,1.383,0.29277,-0.00538096
3387,1.384,0.29277,-0.00364211
3388,1.385,0.29277,-0.00364211
3389,1.386,0.29277,-0.00364211
3390,1.387,0.29277,-0.00364211
3391,1.388,0.29277,-0.00364211
3392,1.389,0.29277,-0.00364211
3393,1.39,0.29277,-0.00364211
3394,1.391,0.29277,-0.00538096
3395,1.392,0.29277,-0.00538096
3396,1.393,0.29277,-0.00538096
3397,1.394,0.29277,-0.00538096
3398,1.395,0.29277,-0.00538096
3399,1.396,0.29277,-0.00538096
3400,1.397,0.29277,-0.00538096
3401,1.398,0.29277,-0.00538096
3402,1.399,0.29277,-0.00538096
3403,1.4,0.29277,-0.00538096
3404,1.401,0.29277,-0.00538096
3405,1.402,0.29277,-0.00538096
3406,1.403,0.29277,-0.00538096
3407,1.404,0.29277,-0.00538096
3408,1.405,0.29277,-0.00364211
3409,1.406,0.29277,-0.00364211
3410,1.407,0.29277,-0.00364211
3411,1.408,0.29277,-0.00364211
3412,1.409,0.29277,-0.00364211
3413,1.41,0.29277,-0.00364211
3414,1.411,0.29277,-0.00538096
3415,1.412,0.29277,-0.00538096
3416,1.413,0.29277,-0.00538096
3417,1.414,0.29277,-0.00538096
3418,1.415,0.29277,-0.00538096
3419,1.416,0.29277,-0.00538096
3420,1.417,0.29277,-0.00538096
3421,1.418,0.29277,-0.00538096
3422,1.419,0.29277,-0.00538096
3423,1.42,0.29277,-0.00538096
3424,1.421,0.29277,-0.00538096
3425,1.422,0.29277,-0.00538096
3426,1.423,0.29277,-0.00538096
3427,1.424,0.29277,-0.00364211
3428,1.425,0.29277,-0.00364211
3429,1.426,0.29277,-0.00364211
3430,1.427,0.29277,-0.00364211
3431,1.428,0.29277,-0.00364211
3432,1.429,0.29277,-0.00364211
3433,1.43,0.29277,-0.00364211
3434,1.431,0.29277,-0.00538096
3435,1.432,0.29277,-0.00538096
3436,1.433,0.29277,-0.00538096
3437,1.434,0.29277,-0.00538096
3438,1.435,0.29277,-0.00538096
3439,1.436,0.29277,-0.00538096
3440,1.437,0.29277,-0.00538096
3441,1.438,0.29277,-0.00538096
3442,1.439,0.29277,-0.00538096
3443,1.44,0.29277,-0.00538096
3444,1.441,0.29277,-0.00538096
3445,1.442,0.29277,-0.00538096
3446,1.443,0.29277,-0.00364211
3447,1.444,0.29277,-0.00364211
3448,1.445,0.29277,-0.00364211
3449,1.446,0.29277,-0.00364211
3450,1.447,0.29277,-0.00364211
3451,1.448,0.29277,-0.00364211
3452,1.449,0.29277,-0.00364211
3453,1.45,0.29277,-0.00364211
3454,1.451,0.29277,-0.00364211
3455,1.452,0.29277,-0.00538096
3456,1.453,0.29277,-0.00538096
3457,1.454,0.29277,-0.00538096
3458,1.455,0.29277,-0.00538096
3459,1.456,0.29277,-0.00538096
3460,1.457,0.29277,-0.00538096
3461,1.458,0.29277,-0.00538096
3462,1.459,0.29277,-0.00538096
3463,1.46,0.29277,-0.00538096
3464,1.461,0.29277,-0.00538096
3465,1.462,0.29277,-0.00364211
3466,1.463,0.29277,-0.00364211
3467,1.464,0.29277,-0.00364211
3468,1.465,0.29277,-0.00364211
3469,1.466,0.29277,-0.00364211
3470,1.467,0.29277,-0.00364211
3471,1.468,0.29277,-0.00364211
3472,1.469,0.29277,-0.00364211
3473,1.47,0.29277,-0.00364211
3474,1.471,0.29277,-0.00538096
3475,1.472,0.29277,-0.00538096
3476,1.473,0.29277,-0.00538096
3477,1.474,0.29277,-0.00538096
3478,1.475,0.29277,-0.00538096
3479,1.476,0.29277,-0.00538096
3480,1.477,0.29277,-0.00538096
3481,1.478,0.29277,-0.00538096
3482,1.479,0.29277,-0.00538096
3483,1.48,0.29277,-0.00538096
3484,1.481,0.29277,-0.00538096
3485,1.482,0.29277,-0.00538096
3486,1.483,0.29277,-0.00538096
3487,1.484,0.29277,-0.00364211
3488,1.485,0.29277,-0.00538096
3489,1.486,0.29277,-0.00190326
3490,1.487,0.29277,-0.00364211
3491,1.488,0.29277,-0.00364211
3492,1.489,0.29277,-0.00364211
3493,1.49,0.29277,-0.00364211
3494,1.491,0.29277,-0.00364211
3495,1.492,0.29277,-0.00538096
3496,1.493,0.29277,-0.00538096
3497,1.494,0.29277,-0.00538096
3498,1.495,0.29277,-0.00538096
3499,1.496,0.29277,-0.00538096
3500,1.497,0.29277,-0.00538096
3501,1.498,0.29277,-0.00538096
3502,1.499,0.29277,-0.00538096
3503,1.5,0.29277,-0.00538096
3504,1.501,0.29277,-0.00538096
3505,1.502,0.29277,-0.00538096
3506,1.503,0.29277,-0.00364211
3507,1.504,0.29277,-0.00364211
3508,1.505,0.29277,-0.00364211
3509,1.506,0.29277,-0.00364211
3510,1.507,0.29277,-0.00364211
3511,1.508,0.29277,-0.00364211
3512,1.509,0.29277,-0.00364211
3513,1.51,0.29277,-0.00364211
3514,1.511,0.29277,-0.00538096
3515,1.512,0.29277,-0.00538096
3516,1.513,0.29277,-0.00538096
3517,1.514,0.29277,-0.00538096
3518,1.515,0.29277,-0.00538096
3519,1.516,0.29277,-0.00538096
3520,1.517,0.29277,-0.00538096
3521,1.518,0.29277,-0.00538096
3522,1.519,0.29277,-0.00538096
3523,1.52,0.29277,-0.00538096
3524,1.521,0.29277,-0.00538096
3525,1.522,0.29277,-0.00538096
3526,1.523,0.29277,-0.00538096
3527,1.524,0.29277,-0.00538096
3528,1.525,0.29277,-0.00538096
3529,1.526,0.29277,-0.00364211
3530,1.527,0.29277,-0.00364211
3531,1.528,0.29277,-0.00364211
3532,1.529,0.29277,-0.00364211
3533,1.53,0.29277,-0.00364211
3534,1.531,0.29277,-0.00538096
3535,1.532,0.29277,-0.00538096
3536,1.533,0.29277,-0.00538096
3537,1.534,0.29277,-0.00538096
3538,1.535,0.29277,-0.00538096
3539,1.536,0.29277,-0.00538096
3540,1.537,0.29277,-0.00538096
3541,1.538,0.29277,-0.00538096
3542,1.539,0.29277,-0.00538096
3543,1.54,0.29277,-0.00538096
3544,1.541,0.29277,-0.00538096
3545,1.542,0.29277,-0.00538096
3546,1.543,0.29277,-0.00538096
3547,1.544,0.29277,-0.00538096
3548,1.545,0.29277,-0.00364211
3549,1.546,0.29277,-0.00364211
3550,1.547,0.29277,-0.00364211
3551,1.548,0.29277,-0.00364211
3552,1.549,0.29277,-0.00364211
3553,1.55,0.29277,-0.00364211
3554,1.551,0.29277,-0.00538096
3555,1.552,0.29277,-0.00538096
3556,1.553,0.29277,-0.00538096
3557,1.554,0.29277,-0.00538096
3558,1.555,0.29277,-0.00538096
3559,1.556,0.29277,-0.00538096
3560,1.557,0.29277,-0.00538096
3561,1.558,0.29277,-0.00538096
3562,1.559,0.29277,-0.00538096
3563,1.56,0.29277,-0.00538096
3564,1.561,0.29277,-0.00538096
3565,1.562,0.29277,-0.00538096
3566,1.563,0.29277,-0.00538096
3567,1.564,0.29277,-0.00538096
3568,1.565,0.29277,-0.00538096
3569,1.566,0.29277,-0.00364211
3570,1.567,0.29277,-0.00364211
3571,1.568,0.29277,-0.00364211
3572,1.569,0.29277,-0.00364211
3573,1.57,0.29277,-0.00364211
3574,1.571,0.29277,-0.00538096
3575,1.572,0.29277,-0.00538096
3576,1.573,0.29277,-0.00538096
3577,1.574,0.29277,-0.00538096
3578,1.575,0.29277,-0.00538096
3579,1.576,0.29277,-0.00538096
3580,1.577,0.29277,-0.00538096
3581,1.578,0.29277,-0.00538096
3582,1.579,0.29277,-0.00538096
3583,1.58,0.29277,-0.00538096
3584,1.581,0.29277,-0.00538096
3585,1.582,0.29277,-0.00538096
3586,1.583,0.29277,-0.00538096
3587,1.584,0.29277,-0.00538096
3588,1.585,0.29277,-0.00538096
3589,1.586,0.29277,-0.00364211
3590,1.587,0.29277,-0.00364211
3591,1.588,0.29277,-0.00364211
3592,1.589,0.29277,-0.00364211
3593,1.59,0.29277,-0.00364211
3594,1.591,0.29277,-0.00538096
3595,1.592,0.29277,-0.00538096
3596,1.593,0.29277,-0.00538096
3597,1.594,0.29277,-0.00538096
3598,1.595,0.29277,-0.00538096
3599,1.596,0.29277,-0.00538096
3600,1.597,0.29277,-0.00538096
3601,1.598,0.29277,-0.00538096
3602,1.599,0.29277,-0.00538096
3603,1.6,0.29277,-0.00538096
3604,1.601,0.29277,-0.00538096
3605,1.602,0.29277,-0.00538096
3606,1.603,0.29277,-0.00538096
3607,1.604,0.29277,-0.00538096
3608,1.605,0.29277,-0.00538096
3609,1.606,0.29277,-0.00364211
3610,1.607,0.29277,-0.00364211
3611,1.608,0.29277,-0.00364211
3612,1.609,0.29277,-0.00364211
3613,1.61,0.29277,-0.00364211
3614,1.611,0.29277,-0.00538096
3615,1.612,0.29277,-0.00538096
3616,1.613,0.29277,-0.00538096
3617,1.614,0.29277,-0.00538096
3618,1.615,0.29277,-0.00538096
3619,1.616,0.29277,-0.00538096
3620,1.617,0.29277,-0.00538096
3621,1.618,0.29277,-0.00538096
3622,1.619,0.29277,-0.00538096
3623,1.62,0.29277,-0.00538096
3624,1.621,0.29277,-0.00538096
3625,1.622,0.29277,-0.00364211
3626,1.623,0.29277,-0.00364211
3627,1.624,0.29277,-0.00364211
3628,1.625,0.29277,-0.00538096
3629,1.626,0.29277,-0.00364211
3630,1.627,0.29277,-0.00364211
3631,1.628,0.29277,-0.00364211
3632,1.629,0.29277,-0.00364211
3633,1.63,0.29277,-0.00364211
3634,1.631,0.29277,-0.00364211
3635,1.632,0.29277,-0.00538096
3636,1.633,0.29277,-0.00538096
3637,1.634,0.29277,-0.00538096
3638,1.635,0.29277,-0.00538096
3639,1.636,0.29277,-0.00538096
3640,1.637,0.29277,-0.00538096
3641,1.638,0.29277,-0.00538096
3642,1.639,0.29277,-0.00538096
3643,1.64,0.29277,-0.00538096
3644,1.641,0.29277,-0.00538096
3645,1.642,0.29277,-0.00364211
3646,1.643,0.29277,-0.00364211
3647,1.644,0.29277,-0.00364211
3648,1.645,0.29277,-0.00364211
3649,1.646,0.29277,-0.00364211
3650,1.647,0.29277,-0.00364211
3651,1.648,0.29277,-0.00364211
3652,1.649,0.29277,-0.00364211
3653,1.65,0.29277,-0.00190326
3654,1.651,0.29277,-0.00364211
3655,1.652,0.29277,-0.00538096
3656,1.653,0.29277,-0.00538096
3657,1.654,0.29277,-0.00538096
3658,1.655,0.29277,-0.00538096
3659,1.656,0.29277,-0.00538096
3660,1.657,0.29277,-0.00538096
3661,1.658,0.29277,-0.00538096
3662,1.659,0.29277,-0.00538096
3663,1.66,0.29277,-0.00538096
3664,1.661,0.29277,-0.00538096
3665,1.662,0.29277,-0.00364211
3666,1.663,0.29277,-0.00364211
3667,1.664,0.29277,-0.00538096
3668,1.665,0.29277,-0.00364211
3669,1.666,0.29277,-0.00364211
3670,1.667,0.29277,-0.00364211
3671,1.668,0.29277,-0.00364211
3672,1.669,0.29277,-0.00364211
3673,1.67,0.29277,-0.00364211
3674,1.671,0.29277,-0.00538096
3675,1.672,0.29277,-0.00538096
3676,1.673,0.29277,-0.00538096
3677,1.674,0.29277,-0.00538096
3678,1.675,0.29277,-0.00538096
3679,1.676,0.29277,-0.00538096
3680,1.677,0.29277,-0.00538096
3681,1.678,0.29277,-0.00538096
3682,1.679,0.29277,-0.00538096
3683,1.68,0.29277,-0.00538096
3684,1.681,0.29277,-0.00538096
3685,1.682,0.29277,-0.00538096
3686,1.683,0.29277,-0.00538096
3687,1.684,0.29277,-0.00538096
3688,1.685,0.29277,-0.00364211
3689,1.686,0.29277,-0.00364211
3690,1.687,0.29277,-0.00364211
3691,1.688,0.29277,-0.00364211
3692,1.689,0.29277,-0.00364211
3693,1.69,0.29277,-0.00364211
3694,1.691,0.29277,-0.00538096
3695,1.692,0.29277,-0.00538096
3696,1.693,0.29277,-0.00538096
3697,1.694,0.29277,-0.00538096
3698,1.695,0.29277,-0.00538096
3699,1.696,0.29277,-0.00538096
3700,1.697,0.29277,-0.00538096
3701,1.698,0.29277,-0.00538096
3702,1.699,0.29277,-0.00538096
3703,1.7,0.29277,-0.00538096
3704,1.701,0.29277,-0.00538096
3705,1.702,0.29277,-0.00538096
3706,1.703,0.29277,-0.00538096
3707,1.704,0.29277,-0.00538096
3708,1.705,0.29277,-0.00538096
3709,1.706,0.29277,-0.00364211
3710,1.707,0.29277,-0.00364211
3711,1.708,0.29277,-0.00364211
3712,1.709,0.29277,-0.00364211
3713,1.71,0.29277,-0.00364211
3714,1.711,0.29277,-0.00538096
3715,1.712,0.29277,-0.00538096
3716,1.713,0.29277,-0.00538096
3717,1.714,0.29277,-0.00538096
3718,1.715,0.29277,-0.00538096
3719,1.716,0.29277,-0.00538096
3720,1.717,0.29277,-0.00538096
3721,1.718,0.29277,-0.00538096
3722,1.719,0.29277,-0.00538096
3723,1.72,0.29277,-0.00538096
3724,1.721,0.29277,-0.00538096
3725,1.722,0.29277,-0.00538096
3726,1.723,0.29277,-0.00538096
3727,1.724,0.29277,-0.00538096
3728,1.725,0.29277,-0.00538096
3729,1.726,0.29277,-0.00364211
3730,1.727,0.29277,-0.00364211
3731,1.728,0.29277,-0.00364211
3732,1.729,0.29277,-0.00364211
3733,1.73,0.29277,-0.00364211
3734,1.731,0.29277,-0.00538096
3735,1.732,0.29277,-0.00538096
3736,1.733,0.29277,-0.00538096
3737,1.734,0.29277,-0.00538096
3738,1.735,0.29277,-0.00538096
3739,1.736,0.29277,-0.00538096
3740,1.737,0.29277,-0.00538096
3741,1.738,0.29277,-0.00538096
3742,1.739,0.29277,-0.00538096
3743,1.74,0.29277,-0.00538096
3744,1.741,0.29277,-0.00538096
3745,1.742,0.29277,-0.00538096
3746,1.743,0.29277,-0.00538096
3747,1.744,0.29277,-0.00538096
3748,1.745,0.29277,-0.00538096
3749,1.746,0.29277,-0.00364211
3750,1.747,0.29277,-0.00364211
3751,1.748,0.29277,-0.00364211
3752,1.749,0.29277,-0.00364211
3753,1.75,0.29277,-0.00538096
3754,1.751,0.29277,-0.00538096
3755,1.752,0.29277,-0.00538096
3756,1.753,0.29277,-0.00538096
3757,1.754,0.29277,-0.00538096
3758,1.755,0.29277,-0.00538096
3759,1.756,0.29277,-0.00538096
3760,1.757,0.29277,-0.00538096
3761,1.758,0.29277,-0.00538096
3762,1.759,0.29277,-0.00538096
3763,1.76,0.29277,-0.00538096
3764,1.761,0.29277,-0.00538096
3765,1.762,0.29277,-0.00538096
3766,1.763,0.29277,-0.00538096
3767,1.764,0.29277,-0.00538096
3768,1.765,0.29277,-0.00538096
3769,1.766,0.29277,-0.00364211
3770,1.767,0.29277,-0.00364211
3771,1.768,0.29277,-0.00364211
3772,1.769,0.29277,-0.00364211
3773,1.77,0.29277,-0.00538096
3774,1.771,0.29277,-0.00538096
3775,1.772,0.29277,-0.00538096
3776,1.773,0.29277,-0.00538096
3777,1.774,0.29277,-0.00538096
3778,1.775,0.29277,-0.00538096
3779,1.776,0.29277,-0.00538096
3780,1.777,0.29277,-0.00538096
3781,1.778,0.29277,-0.00538096
3782,1.779,0.29277,-0.00538096
3783,1.78,0.29277,-0.00538096
3784,1.781,0.29277,-0.00538096
3785,1.782,0.29277,-0.00538096
3786,1.783,0.29277,-0.00538096
3787,1.784,0.29277,-0.00538096
3788,1.785,0.29277,-0.00538096
3789,1.786,0.29277,-0.00364211
3790,1.787,0.29277,-0.00364211
3791,1.788,0.29277,-0.00364211
3792,1.789,0.29277,-0.00364211
3793,1.79,0.29277,-0.00364211
3794,1.791,0.29277,-0.00538096
3795,1.792,0.29277,-0.00538096
3796,1.793,0.29277,-0.00538096
3797,1.794,0.29277,-0.00538096
3798,1.795,0.29277,-0.00538096
3799,1.796,0.29277,-0.00538096
3800,1.797,0.29277,-0.00538096
3801,1.798,0.29277,-0.00538096
3802,1.799,0.29277,-0.00538096
3803,1.8,0.29277,-0.00538096
3804,1.801,0.29277,-0.00538096
3805,1.802,0.29277,-0.00538096
3806,1.803,0.29277,-0.00538096
3807,1.804,0.29277,-0.00538096
3808,1.805,0.29277,-0.00538096
3809,1.806,0.29277,-0.00364211
3810,1.807,0.29277,-0.00364211
3811,1.808,0.29277,-0.00364211
3812,1.809,0.29277,-0.00364211
3813,1.81,0.29277,-0.00538096
3814,1.811,0.29277,-0.00538096
3815,1.812,0.29277,-0.00538096
3816,1.813,0.29277,-0.00538096
3817,1.814,0.29277,-0.00538096
3818,1.815,0.29277,-0.00538096
3819,1.816,0.29277,-0.00538096
3820,1.817,0.29277,-0.00538096
3821,1.818,0.29277,-0.00538096
3822,1.819,0.29277,-0.00538096
3823,1.82,0.29277,-0.00538096
3824,1.821,0.29277,-0.00538096
3825,1.822,0.29277,-0.00538096
3826,1.823,0.29277,-0.00538096
3827,1.824,0.29277,-0.00538096
3828,1.825,0.29277,-0.00538096
3829,1.826,0.29277,-0.00364211
3830,1.827,0.29277,-0.00364211
3831,1.828,0.29277,-0.00364211
3832,1.829,0.29277,-0.00364211
3833,1.83,0.29277,-0.00364211
3834,1.831,0.29277,-0.00364211
3835,1.832,0.29277,-0.00538096
3836,1.833,0.29277,-0.00538096
3837,1.834,0.29277,-0.00538096
3838,1.835,0.29277,-0.00538096
3839,1.836,0.29277,-0.00538096
3840,1.837,0.29277,-0.00538096
3841,1.838,0.29277,-0.00538096
3842,1.839,0.29277,-0.00538096
3843,1.84,0.29277,-0.00538096
3844,1.841,0.29277,-0.00538096
3845,1.842,0.29277,-0.00538096
3846,1.843,0.29277,-0.00538096
3847,1.844,0.29277,-0.00538096
3848,1.845,0.29277,-0.00538096
3849,1.846,0.29277,-0.00364211
3850,1.847,0.29277,-0.00364211
3851,1.848,0.29277,-0.00364211
3852,1.849,0.29277,-0.00364211
3853,1.85,0.29277,-0.00364211
3854,1.851,0.29277,-0.00538096
3855,1.852,0.29277,-0.00538096
3856,1.853,0.29277,-0.00538096
3857,1.854,0.29277,-0.00538096
3858,1.855,0.29277,-0.00538096
3859,1.856,0.29277,-0.00538096
3860,1.857,0.29277,-0.00538096
3861,1.858,0.29277,-0.00538096
3862,1.859,0.29277,-0.00538096
3863,1.86,0.29277,-0.00538096
3864,1.861,0.29277,-0.00538096
3865,1.862,0.29277,-0.00538096
3866,1.863,0.29277,-0.00538096
3867,1.864,0.29277,-0.00538096
3868,1.865,0.29277,-0.00364211
3869,1.866,0.29277,-0.00364211
3870,1.867,0.29277,-0.00364211
3871,1.868,0.29277,-0.00364211
3872,1.869,0.29277,-0.00364211
3873,1.87,0.29277,-0.00364211
3874,1.871,0.29277,-0.00538096
3875,1.872,0.29277,-0.00538096
3876,1.873,0.29277,-0.00538096
3877,1.874,0.29277,-0.00538096
3878,1.875,0.29277,-0.00538096
3879,1.876,0.29277,-0.00538096
3880,1.877,0.29277,-0.00538096
3881,1.878,0.29277,-0.00538096
3882,1.879,0.29277,-0.00538096
3883,1.88,0.29277,-0.00538096
3884,1.881,0.29277,-0.00538096
3885,1.882,0.29277,-0.00538096
3886,1.883,0.29277,-0.00538096
3887,1.884,0.29277,-0.00538096
3888,1.885,0.29277,-0.00538096
3889,1.886,0.29277,-0.00364211
3890,1.887,0.29277,-0.00364211
3891,1.888,0.29277,-0.00364211
3892,1.889,0.29277,-0.00364211
3893,1.89,0.29277,-0.00364211
3894,1.891,0.29277,-0.00538096
3895,1.892,0.29277,-0.00538096
3896,1.893,0.29277,-0.00538096
3897,1.894,0.29277,-0.00538096
3898,1.895,0.29277,-0.00538096
3899,1.896,0.29277,-0.00538096
3900,1.897,0.29277,-0.00538096
3901,1.898,0.29277,-0.00538096
3902,1.899,0.29277,-0.00538096
3903,1.9,0.29277,-0.00538096
3904,1.901,0.29277,-0.00538096
3905,1.902,0.29277,-0.00538096
3906,1.903,0.29277,-0.00538096
3907,1.904,0.29277,-0.00538096
3908,1.905,0.29277,-0.00538096
3909,1.906,0.29277,-0.00364211
3910,1.907,0.29277,-0.00364211
3911,1.908,0.29277,-0.00364211
3912,1.909,0.29277,-0.00364211
3913,1.91,0.29277,-0.00364211
3914,1.911,0.29277,-0.00538096
3915,1.912,0.29277,-0.00538096
3916,1.913,0.29277,-0.00538096
3917,1.914,0.29277,-0.00538096
3918,1.915,0.29277,-0.00538096
3919,1.916,0.29277,-0.00538096
3920,1.917,0.29277,-0.00538096
3921,1.918,0.29277,-0.00538096
3922,1.919,0.29277,-0.00538096
3923,1.92,0.29277,-0.00538096
3924,1.921,0.29277,-0.00538096
3925,1.922,0.29277,-0.00538096
3926,1.923,0.29277,-0.00538096
3927,1.924,0.29277,-0.00538096
3928,1.925,0.29277,-0.00364211
3929,1.926,0.29277,-0.00364211
3930,1.927,0.29277,-0.00364211
3931,1.928,0.29277,-0.00364211
3932,1.929,0.29277,-0.00364211
3933,1.93,0.29277,-0.00364211
3934,1.931,0.29277,-0.00538096
3935,1.932,0.29277,-0.00538096
3936,1.933,0.29277,-0.00538096
3937,1.934,0.29277,-0.00538096
3938,1.935,0.29277,-0.00538096
3939,1.936,0.29277,-0.00538096
3940,1.937,0.29277,-0.00538096
3941,1.938,0.29277,-0.00538096
3942,1.939,0.29277,-0.00538096
3943,1.94,0.29277,-0.00538096
3944,1.941,0.29277,-0.00538096
3945,1.942,0.29277,-0.00538096
3946,1.943,0.29277,-0.00538096
3947,1.944,0.29277,-0.00538096
3948,1.945,0.29277,-0.00364211
3949,1.946,0.29277,-0.00364211
3950,1.947,0.29277,-0.00364211
3951,1.948,0.29277,-0.00364211
3952,1.949,0.29277,-0.00364211
3953,1.95,0.29277,-0.00364211
3954,1.951,0.29277,-0.00538096
3955,1.952,0.29277,-0.00538096
3956,1.953,0.29277,-0.00538096
3957,1.954,0.29277,-0.00538096
3958,1.955,0.29277,-0.00538096
3959,1.956,0.29277,-0.00538096
3960,1.957,0.29277,-0.00538096
3961,1.958,0.29277,-0.00538096
3962,1.959,0.29277,-0.00538096
3963,1.96,0.29277,-0.00538096
3964,1.961,0.29277,-0.00538096
3965,1.962,0.29277,-0.00538096
3966,1.963,0.29277,-0.00538096
3967,1.964,0.29277,-0.00538096
3968,1.965,0.29277,-0.00538096
3969,1.966,0.29277,-0.00364211
3970,1.967,0.29277,-0.00364211
3971,1.968,0.29277,-0.00364211
3972,1.969,0.29277,-0.00364211
3973,1.97,0.29277,-0.00364211
3974,1.971,0.29277,-0.00538096
3975,1.972,0.29277,-0.00538096
3976,1.973,0.29277,-0.00538096
3977,1.974,0.29277,-0.00538096
3978,1.975,0.29277,-0.00538096
3979,1.976,0.29277,-0.00538096
3980,1.977,0.29277,-0.00538096
3981,1.978,0.29277,-0.00538096
3982,1.979,0.29277,-0.00538096
3983,1.98,0.29277,-0.00538096
3984,1.981,0.29277,-0.00538096
3985,1.982,0.29277,-0.00538096
3986,1.983,0.29277,-0.00538096
3987,1.984,0.29277,-0.00538096
3988,1.985,0.29277,-0.00538096
3989,1.986,0.29277,-0.00364211
3990,1.987,0.29277,-0.00364211
3991,1.988,0.29277,-0.00364211
3992,1.989,0.29277,-0.00364211
3993,1.99,0.29277,-0.00538096
3994,1.991,0.29277,-0.00538096
3995,1.992,0.29277,-0.00538096
3996,1.993,0.29277,-0.00538096
3997,1.994,0.29277,-0.00538096
3998,1.995,0.29277,-0.00538096
3999,1.996,0.29277,-0.00538096
4000,1.997,0.29277,-0.00538096
4001,1.998,0.29277,-0.00538096
4002,1.999,0.29277,-0.00538096
4003,2,0.29277,-0.00538096
4004,2.001,0.29277,-0.00538096
4005,2.002,0.29277,-0.00538096
4006,2.003,0.29277,-0.00538096
4007,2.004,0.29277,-0.00538096
4008,2.005,0.29277,-0.00538096
4009,2.006,0.29277,-0.00364211
4010,2.007,0.29277,-0.00364211
4011,2.008,0.29277,-0.00364211
4012,2.009,0.29277,-0.00364211
4013,2.01,0.29277,-0.00364211
4014,2.011,0.29277,-0.00538096
4015,2.012,0.29277,-0.00538096
4016,2.013,0.29277,-0.00538096
4017,2.014,0.29277,-0.00538096
4018,2.015,0.29277,-0.00538096
4019,2.016,0.29277,-0.00538096
4020,2.017,0.29277,-0.00538096
4021,2.018,0.29277,-0.00538096
4022,2.019,0.29277,-0.00538096
4023,2.02,0.29277,-0.00538096
4024,2.021,0.29277,-0.00538096
4025,2.022,0.29277,-0.00538096
4026,2.023,0.29277,-0.00538096
4027,2.024,0.29277,-0.00538096
4028,2.025,0.29277,-0.00538096
4029,2.026,0.29277,-0.00364211
4030,2.027,0.29277,-0.00364211
4031,2.028,0.29277,-0.00364211
4032,2.029,0.29277,-0.00364211
4033,2.03,0.29277,-0.00364211
4034,2.031,0.29277,-0.00538096
4035,2.032,0.29277,-0.00538096
4036,2.033,0.29277,-0.00538096
4037,2.034,0.29277,-0.00538096
4038,2.035,0.29277,-0.00538096
4039,2.036,0.29277,-0.00538096
4040,2.037,0.29277,-0.00538096
4041,2.038,0.29277,-0.00538096
4042,2.039,0.29277,-0.00538096
4043,2.04,0.29277,-0.00538096
4044,2.041,0.29277,-0.00538096
4045,2.042,0.29277,-0.00538096
4046,2.043,0.29277,-0.00538096
4047,2.044,0.29277,-0.00538096
4048,2.045,0.29277,-0.00538096
4049,2.046,0.29277,-0.00364211
4050,2.047,0.29277,-0.00364211
4051,2.048,0.29277,-0.00364211
4052,2.049,0.29277,-0.00364211
4053,2.05,0.29277,-0.00364211
4054,2.051,0.29277,-0.00538096
4055,2.052,0.29277,-0.00538096
4056,2.053,0.29277,-0.00538096
4057,2.054,0.29277,-0.00538096
4058,2.055,0.29277,-0.00538096
4059,2.056,0.29277,-0.00538096
4060,2.057,0.29277,-0.00538096
4061,2.058,0.29277,-0.00538096
4062,2.059,0.29277,-0.00538096
4063,2.06,0.29277,-0.00538096
4064,2.061,0.29277,-0.00538096
4065,2.062,0.29277,-0.00538096
4066,2.063,0.29277,-0.00538096
4067,2.064,0.29277,-0.00538096
4068,2.065,0.29277,-0.00538096
4069,2.066,0.29277,-0.00364211
4070,2.067,0.29277,-0.00364211
4071,2.068,0.29277,-0.00364211
4072,2.069,0.29277,-0.00364211
4073,2.07,0.29277,-0.00364211
4074,2.071,0.29277,-0.00538096
4075,2.072,0.29277,-0.00538096
4076,2.073,0.29277,-0.00538096
4077,2.074,0.29277,-0.00538096
4078,2.075,0.29277,-0.00538096
4079,2.076,0.29277,-0.00538096
4080,2.077,0.29277,-0.00538096
4081,2.078,0.29277,-0.00538096
4082,2.079,0.29277,-0.00538096
4083,2.08,0.29277,-0.00538096
4084,2.081,0.29277,-0.00538096
4085,2.082,0.29277,-0.00538096
4086,2.083,0.29277,-0.00538096
4087,2.084,0.29277,-0.00364211
4088,2.085,0.29277,-0.00364211
4089,2.086,0.29277,-0.00364211
4090,2.087,0.29277,-0.00364211
4091,2.088,0.29277,-0.00364211
4092,2.089,0.29277,-0.00364211
4093,2.09,0.29277,-0.00364211
4094,2.091,0.29277,-0.00538096
4095,2.092,0.29277,-0.00538096
4096,2.093,0.29277,-0.00538096
4097,2.094,0.29277,-0.00538096
4098,2.095,0.29277,-0.00538096
4099,2.096,0.29277,-0.00538096
4100,2.097,0.29277,-0.00538096
4101,2.098,0.29277,-0.00538096
4102,2.099,0.29277,-0.00538096
4103,2.1,0.29277,-0.00538096
4104,2.101,0.29277,-0.00538096
4105,2.102,0.29277,-0.00364211
4106,2.103,0.29277,-0.00364211
4107,2.104,0.29277,-0.00538096
4108,2.105,0.29277,-0.00364211
4109,2.106,0.29277,-0.00364211
4110,2.107,0.29277,-0.00364211
4111,2.108,0.29277,-0.00364211
4112,2.109,0.29277,-0.00364211
4113,2.11,0.29277,-0.00364211
4114,2.111,0.29277,-0.00364211
4115,2.112,0.29277,-0.00538096
4116,2.113,0.29277,-0.00538096
4117,2.114,0.29277,-0.00538096
4118,2.115,0.29277,-0.00538096
4119,2.116,0.29277,-0.00538096
4120,2.117,0.29277,-0.00538096
4121,2.118,0.29277,-0.00538096
4122,2.119,0.29277,-0.00538096
4123,2.12,0.29277,-0.00538096
4124,2.121,0.29277,-0.00538096
4125,2.122,0.29277,-0.00538096
4126,2.123,0.29277,-0.00538096
4127,2.124,0.29277,-0.00538096
4128,2.125,0.29277,-0.00364211
4129,2.126,0.29277,-0.00364211
4130,2.127,0.29277,-0.00364211
4131,2.128,0.29277,-0.00364211
4132,2.129,0.29277,-0.00364211
4133,2.13,0.29277,-0.00364211
4134,2.131,0.29277,-0.00538096
4135,2.132,0.29277,-0.00538096
4136,2.133,0.29277,-0.00538096
4137,2.134,0.29277,-0.00538096
4138,2.135,0.29277,-0.00538096
4139,2.136,0.29277,-0.00538096
4140,2.137,0.29277,-0.00538096
4141,2.138,0.29277,-0.00538096
4142,2.139,0.29277,-0.00538096
4143,2.14,0.29277,-0.00538096
4144,2.141,0.29277,-0.00538096
4145,2.142,0.29277,-0.00538096
4146,2.143,0.29277,-0.00538096
4147,2.144,0.29277,-0.00364211
4148,2.145,0.29277,-0.00364211
4149,2.146,0.29277,-0.00364211
4150,2.147,0.29277,-0.00364211
4151,2.148,0.29277,-0.00364211
4152,2.149,0.29277,-0.00364211
4153,2.15,0.29277,-0.00364211
4154,2.151,0.29277,-0.00538096
4155,2.152,0.29277,-0.00538096
4156,2.153,0.29277,-0.00538096
4157,2.154,0.29277,-0.00538096
4158,2.155,0.29277,-0.00538096
4159,2.156,0.29277,-0.00538096
4160,2.157,0.29277,-0.00538096
4161,2.158,0.29277,-0.00538096
4162,2.159,0.29277,-0.00538096
4163,2.16,0.29277,-0.00538096
4164,2.161,0.29277,-0.00538096
4165,2.162,0.29277,-0.00538096
4166,2.163,0.29277,-0.00538096
4167,2.164,0.29277,-0.00364211
4168,2.165,0.29277,-0.00190326
4169,2.166,0.29277,-0.00364211
4170,2.167,0.29277,-0.00364211
4171,2.168,0.29277,-0.00364211
4172,2.169,0.29277,-0.00364211
4173,2.17,0.29277,-0.00364211
4174,2.171,0.29277,-0.00538096
4175,2.172,0.29277,-0.00538096
4176,2.173,0.29277,-0.00538096
4177,2.174,0.29277,-0.00538096
4178,2.175,0.29277,-0.00538096
4179,2.176,0.29277,-0.00538096
4180,2.177,0.29277,-0.00538096
4181,2.178,0.29277,-0.00538096
4182,2.179,0.29277,-0.00538096
4183,2.18,0.29277,-0.00538096
4184,2.181,0.29277,-0.00538096
4185,2.182,0.29277,-0.00538096
4186,2.183,0.29277,-0.00538096
4187,2.184,0.29277,-0.00364211
4188,2.185,0.29277,-0.00364211
4189,2.186,0.29277,-0.00364211
4190,2.187,0.29277,-0.00364211
4191,2.188,0.29277,-0.00364211
4192,2.189,0.29277,-0.00364211
4193,2.19,0.29277,-0.00364211
4194,2.191,0.29277,-0.00538096
4195,2.192,0.29277,-0.00538096
4196,2.193,0.29277,-0.00538096
4197,2.194,0.29277,-0.00538096
4198,2.195,0.29277,-0.00538096
4199,2.196,0.29277,-0.00538096
4200,2.197,0.29277,-0.00538096
4201,2.198,0.29277,-0.00538096
4202,2.199,0.29277,-0.00538096
4203,2.2,0.29277,-0.00538096
4204,2.201,0.29277,-0.00538096
4205,2.202,0.29277,-0.00538096
4206,2.203,0.29277,-0.00538096
4207,2.204,0.29277,-0.00364211
4208,2.205,0.29277,-0.00364211
4209,2.206,0.29277,-0.00364211
4210,2.207,0.29277,-0.00364211
4211,2.208,0.29277,-0.00364211
4212,2.209,0.29277,-0.00364211
4213,2.21,0.29277,-0.00364211
4214,2.211,0.29277,-0.00364211
4215,2.212,0.29277,-0.00538096
4216,2.213,0.29277,-0.00538096
4217,2.214,0.29277,-0.00538096
4218,2.215,0.29277,-0.00538096
4219,2.216,0.29277,-0.00538096
4220,2.217,0.29277,-0.00538096
4221,2.218,0.29277,-0.00538096
4222,2.219,0.29277,-0.00538096
4223,2.22,0.29277,-0.00538096
4224,2.221,0.29277,-0.00538096
4225,2.222,0.29277,-0.00364211
4226,2.223,0.29277,-0.00364211
4227,2.224,0.29277,-0.00364211
4228,2.225,0.29277,-0.00364211
4229,2.226,0.29277,-0.00364211
4230,2.227,0.29277,-0.00364211
4231,2.228,0.29277,-0.00364211
4232,2.229,0.29277,-0.00364211
4233,2.23,0.29277,-0.00364211
4234,2.231,0.29277,-0.00538096
4235,2.232,0.29277,-0.00538096
4236,2.233,0.29277,-0.00538096
4237,2.234,0.29277,-0.00538096
4238,2.235,0.29277,-0.00538096
4239,2.236,0.29277,-0.00538096
4240,2.237,0.29277,-0.00538096
4241,2.238,0.29277,-0.00538096
4242,2.239,0.29277,-0.00538096
4243,2.24,0.29277,-0.00538096
4244,2.241,0.29277,-0.00538096
4245,2.242,0.29277,-0.00538096
4246,2.243,0.29277,-0.00538096
4247,2.244,0.29277,-0.00538096
4248,2.245,0.29277,-0.00538096
4249,2.246,0.29277,-0.00364211
4250,2.247,0.29277,-0.00364211
4251,2.248,0.29277,-0.00364211
4252,2.249,0.29277,-0.00364211
4253,2.25,0.29277,-0.00364211
4254,2.251,0.29277,-0.00538096
4255,2.252,0.29277,-0.00538096
4256,2.253,0.29277,-0.00538096
4257,2.254,0.29277,-0.00538096
4258,2.255,0.29277,-0.00538096
4259,2.256,0.29277,-0.00538096
4260,2.257,0.29277,-0.00538096
4261,2.258,0.29277,-0.00538096
4262,2.259,0.29277,-0.00538096
4263,2.26,0.29277,-0.00538096
4264,2.261,0.29277,-0.00538096
4265,2.262,0.29277,-0.00538096
4266,2.263,0.29277,-0.00538096
4267,2.264,0.29277,-0.00364211
4268,2.265,0.29277,-0.00538096
4269,2.266,0.29277,-0.00190326
4270,2.267,0.29277,-0.00364211
4271,2.268,0.29277,-0.00364211
4272,2.269,0.29277,-0.00364211
4273,2.27,0.29277,-0.00364211
4274,2.271,0.29277,-0.00538096
4275,2.272,0.29277,-0.00538096
4276,2.273,0.29277,-0.00538096
4277,2.274,0.29277,-0.00538096
4278,2.275,0.29277,-0.00538096
4279,2.276,0.29277,-0.00538096
4280,2.277,0.29277,-0.00538096
4281,2.278,0.29277,-0.00538096
4282,2.279,0.29277,-0.00538096
4283,2.28,0.29277,-0.00538096
4284,2.281,0.29277,-0.00538096
4285,2.282,0.29277,-0.00538096
4286,2.283,0.29277,-0.00538096
4287,2.284,0.29277,-0.00364211
4288,2.285,0.29277,-0.00364211
4289,2.286,0.29277,-0.00364211
4290,2.287,0.29277,-0.00364211
4291,2.288,0.29277,-0.00364211
4292,2.289,0.29277,-0.00364211
4293,2.29,0.29277,-0.00364211
4294,2.291,0.29277,-0.00538096
4295,2.292,0.29277,-0.00538096
4296,2.293,0.29277,-0.00538096
4297,2.294,0.29277,-0.00538096
4298,2.295,0.29277,-0.00538096
4299,2.296,0.29277,-0.00538096
4300,2.297,0.29277,-0.00538096
4301,2.298,0.29277,-0.00538096
4302,2.299,0.29277,-0.00538096
4303,2.3,0.29277,-0.00538096
4304,2.301,0.29277,-0.00538096
4305,2.302,0.29277,-0.00538096
4306,2.303,0.29277,-0.00364211
4307,2.304,0.29277,-0.00538096
4308,2.305,0.29277,-0.00364211
4309,2.306,0.29277,-0.00364211
4310,2.307,0.29277,-0.00364211
4311,2.308,0.29277,-0.00364211
4312,2.309,0.29277,-0.00364211
4313,2.31,0.29277,-0.00364211
4314,2.311,0.29277,-0.00538096
4315,2.312,0.29277,-0.00538096
4316,2.313,0.29277,-0.00538096
4317,2.314,0.29277,-0.00538096
4318,2.315,0.29277,-0.00538096
4319,2.316,0.29277,-0.00538096
4320,2.317,0.29277,-0.00538096
4321,2.318,0.29277,-0.00538096
4322,2.319,0.29277,-0.00538096
4323,2.32,0.29277,-0.00538096
4324,2.321,0.29277,-0.00538096
4325,2.322,0.29277,-0.00538096
4326,2.323,0.29277,-0.00538096
4327,2.324,0.29277,-0.00364211
4328,2.325,0.29277,-0.00364211
4329,2.326,0.29277,-0.00364211
4330,2.327,0.29277,-0.00364211
4331,2.328,0.29277,-0.00364211
4332,2.329,0.29277,-0.00364211
4333,2.33,0.29277,-0.00364211
4334,2.331,0.29277,-0.00538096
4335,2.332,0.29277,-0.00538096
4336,2.333,0.29277,-0.00538096
4337,2.334,0.29277,-0.00538096
4338,2.335,0.29277,-0.00538096
4339,2.336,0.29277,-0.00538096
4340,2.337,0.29277,-0.00538096
4341,2.338,0.29277,-0.00538096
4342,2.339,0.29277,-0.00538096
4343,2.34,0.29277,-0.00538096
4344,2.341,0.29277,-0.00538096
4345,2.342,0.29277,-0.00364211
4346,2.343,0.29277,-0.00364211
4347,2.344,0.29277,-0.00364211
4348,2.345,0.29277,-0.00364211
4349,2.346,0.29277,-0.00364211
4350,2.347,0.29277,-0.00364211
4351,2.348,0.29277,-0.00364211
4352,2.349,0.29277,-0.00364211
4353,2.35,0.29277,-0.00364211
4354,2.351,0.29277,-0.00538096
4355,2.352,0.29277,-0.00538096
4356,2.353,0.29277,-0.00538096
4357,2.354,0.29277,-0.00538096
4358,2.355,0.29277,-0.00538096
4359,2.356,0.29277,-0.00538096
4360,2.357,0.29277,-0.00538096
4361,2.358,0.29277,-0.00538096
4362,2.359,0.29277,-0.00538096
4363,2.36,0.29277,-0.00538096
4364,2.361,0.29277,-0.00364211
4365,2.362,0.29277,-0.00364211
4366,2.363,0.29277,-0.00364211
4367,2.364,0.29277,-0.00364211
4368,2.365,0.29277,-0.00364211
4369,2.366,0.29277,-0.00364211
4370,2.367,0.29277,-0.00364211
4371,2.368,0.29277,-0.00364211
4372,2.369,0.29277,-0.00364211
4373,2.37,0.29277,-0.00364211
4374,2.371,0.29277,-0.00538096
4375,2.372,0.29277,-0.00538096
4376,2.373,0.29277,-0.00538096
4377,2.374,0.29277,-0.00538096
4378,2.375,0.29277,-0.00538096
4379,2.376,0.29277,-0.00538096
4380,2.377,0.29277,-0.00538096
4381,2.378,0.29277,-0.00538096
4382,2.379,0.29277,-0.00538096
4383,2.38,0.29277,-0.00538096
4384,2.381,0.29277,-0.00538096
4385,2.382,0.29277,-0.00538096
4386,2.383,0.29277,-0.00364211
4387,2.384,0.29277,-0.00364211
4388,2.385,0.29277,-0.00364211
4389,2.386,0.29277,-0.00364211
4390,2.387,0.29277,-0.00364211
4391,2.388,0.29277,-0.00364211
4392,2.389,0.29277,-0.00364211
4393,2.39,0.29277,-0.00364211
4394,2.391,0.29277,-0.00538096
4395,2.392,0.29277,-0.00538096
4396,2.393,0.29277,-0.00538096
4397,2.394,0.29277,-0.00538096
4398,2.395,0.29277,-0.00538096
4399,2.396,0.29277,-0.00538096
4400,2.397,0.29277,-0.00538096
4401,2.398,0.29277,-0.00538096
4402,2.399,0.29277,-0.00538096
4403,2.4,0.29277,-0.00364211
4404,2.401,0.29277,-0.00364211
4405,2.402,0.29277,-0.00364211
4406,2.403,0.29277,-0.00364211
4407,2.404,0.29277,-0.00364211
4408,2.405,0.29277,-0.00364211
4409,2.406,0.29277,-0.00364211
4410,2.407,0.29277,-0.00364211
4411,2.408,0.29277,-0.00364211
4412,2.409,0.29277,-0.00364211
4413,2.41,0.29277,-0.00364211
4414,2.411,0.29277,-0.00364211
4415,2.412,0.29277,-0.00538096
4416,2.413,0.29277,-0.00538096
4417,2.414,0.29277,-0.00538096
4418,2.415,0.29277,-0.00538096
4419,2.416,0.29277,-0.00538096
4420,2.417,0.29277,-0.00538096
4421,2.418,0.29277,-0.00538096
4422,2.419,0.29277,-0.00538096
4423,2.42,0.29277,-0.00538096
4424,2.421,0.29277,-0.00364211
4425,2.422,0.29277,-0.00364211
4426,2.423,0.29277,-0.00364211
4427,2.424,0.29277,-0.00364211
4428,2.425,0.29277,-0.00364211
4429,2.426,0.29277,-0.00364211
4430,2.427,0.29277,-0.00364211
4431,2.428,0.29277,-0.00364211
4432,2.429,0.29277,-0.00364211
4433,2.43,0.29277,-0.00364211
4434,2.431,0.29277,-0.00538096
4435,2.432,0.29277,-0.00538096
4436,2.433,0.29277,-0.00538096
4437,2.434,0.29277,-0.00538096
4438,2.435,0.29277,-0.00538096
4439,2.436,0.29277,-0.00538096
4440,2.437,0.29277,-0.00538096
4441,2.438,0.29277,-0.00538096
4442,2.439,0.29277,-0.00538096
4443,2.44,0.29277,-0.00538096
4444,2.441,0.29277,-0.00364211
4445,2.442,0.29277,-0.00711981
4446,2.443,0.29277,-0.00364211
4447,2.444,0.29277,-0.00364211
4448,2.445,0.29277,-0.00364211
4449,2.446,0.29277,-0.00364211
4450,2.447,0.29277,-0.00364211
4451,2.448,0.29277,-0.00364211
4452,2.449,0.29277,-0.00364211
4453,2.45,0.29277,-0.00364211
4454,2.451,0.29277,-0.00364211
4455,2.452,0.29277,-0.00538096
4456,2.453,0.29277,-0.00538096
4457,2.454,0.29277,-0.00538096
4458,2.455,0.29277,-0.00538096
4459,2.456,0.29277,-0.00538096
4460,2.457,0.29277,-0.00538096
4461,2.458,0.29277,-0.00538096
4462,2.459,0.29277,-0.00538096
4463,2.46,0.29277,-0.00538096
4464,2.461,0.29277,-0.00538096
4465,2.462,0.29277,-0.00538096
4466,2.463,0.29277,-0.00538096
4467,2.464,0.29277,-0.00364211
4468,2.465,0.29277,-0.00364211
4469,2.466,0.29277,-0.00364211
4470,2.467,0.29277,-0.00364211
4471,2.468,0.29277,-0.00364211
4472,2.469,0.29277,-0.00364211
4473,2.47,0.29277,-0.00364211
4474,2.471,0.29277,-0.00538096
4475,2.472,0.29277,-0.00538096
4476,2.473,0.29277,-0.00538096
4477,2.474,0.29277,-0.00538096
4478,2.475,0.29277,-0.00538096
4479,2.476,0.29277,-0.00538096
4480,2.477,0.29277,-0.00538096
4481,2.478,0.29277,-0.00538096
4482,2.479,0.29277,-0.00538096
4483,2.48,0.29277,-0.00538096
4484,2.481,0.29277,-0.00538096
4485,2.482,0.29277,-0.00538096
4486,2.483,0.29277,-0.00364211
4487,2.484,0.29277,-0.00364211
4488,2.485,0.29277,-0.00538096
4489,2.486,0.29277,-0.00190326
4490,2.487,0.29277,-0.00364211
4491,2.488,0.29277,-0.00364211
4492,2.489,0.29277,-0.00364211
4493,2.49,0.29277,-0.00364211
4494,2.491,0.29277,-0.00538096
4495,2.492,0.29277,-0.00538096
4496,2.493,0.29277,-0.00538096
4497,2.494,0.29277,-0.00538096
4498,2.495,0.29277,-0.00538096
4499,2.496,0.29277,-0.00538096
4500,2.497,0.29277,-0.00538096
4501,2.498,0.29277,-0.00538096
4502,2.499,0.29277,-0.00538096
4503,2.5,0.29277,-0.00538096
4504,2.501,0.29277,-0.00364211
4505,2.502,0.29277,-0.00364211
4506,2.503,0.29277,-0.00538096
4507,2.504,0.29277,-0.00364211
4508,2.505,0.29277,-0.00364211
4509,2.506,0.29277,-0.00364211
4510,2.507,0.29277,-0.00364211
4511,2.508,0.29277,-0.00364211
4512,2.509,0.29277,-0.00364211
4513,2.51,0.29277,-0.00364211
4514,2.511,0.29277,-0.00364211
4515,2.512,0.29277,-0.00538096
4516,2.513,0.29277,-0.00538096
4517,2.514,0.29277,-0.00538096
4518,2.515,0.29277,-0.00538096
4519,2.516,0.29277,-0.00538096
4520,2.517,0.29277,-0.00538096
4521,2.518,0.29277,-0.00538096
4522,2.519,0.29277,-0.00538096
4523,2.52,0.29277,-0.00538096
4524,2.521,0.29277,-0.00364211
4525,2.522,0.29277,-0.00364211
4526,2.523,0.29277,-0.00364211
4527,2.524,0.29277,-0.00364211
4528,2.525,0.29277,-0.00364211
4529,2.526,0.29277,-0.00364211
4530,2.527,0.29277,-0.00364211
4531,2.528,0.29277,-0.00364211
4532,2.529,0.29277,-0.00364211
4533,2.53,0.29277,-0.00364211
4534,2.531,0.29277,-0.00538096
4535,2.532,0.29277,-0.00538096
4536,2.533,0.29277,-0.00538096
4537,2.534,0.29277,-0.00538096
4538,2.535,0.29277,-0.00538096
4539,2.536,0.29277,-0.00538096
4540,2.537,0.29277,-0.00538096
4541,2.538,0.29277,-0.00538096
4542,2.539,0.29277,-0.00538096
4543,2.54,0.29277,-0.00538096
4544,2.541,0.29277,-0.00538096
4545,2.542,0.29277,-0.00364211
4546,2.543,0.29277,-0.00364211
4547,2.544,0.29277,-0.00364211
4548,2.545,0.29277,-0.00364211
4549,2.546,0.29277,-0.00364211
4550,2.547,0.29277,-0.00364211
4551,2.548,0.29277,-0.00364211
4552,2.549,0.29277,-0.00364211
4553,2.55,0.29277,-0.00364211
4554,2.551,0.29277,-0.00538096
4555,2.552,0.29277,-0.00538096
4556,2.553,0.29277,-0.00538096
4557,2.554,0.29277,-0.00538096
4558,2.555,0.29277,-0.00538096
4559,2.556,0.29277,-0.00538096
4560,2.557,0.29277,-0.00538096
4561,2.558,0.29277,-0.00538096
4562,2.559,0.29277,-0.00538096
4563,2.56,0.29277,-0.00538096
4564,2.561,0.29277,-0.00538096
4565,2.562,0.29277,-0.00364211
4566,2.563,0.29277,-0.00364211
4567,2.564,0.29277,-0.00364211
4568,2.565,0.29277,-0.00364211
4569,2.566,0.29277,-0.00364211
4570,2.567,0.29277,-0.00364211
4571,2.568,0.29277,-0.00364211
4572,2.569,0.29277,-0.00364211
4573,2.57,0.29277,-0.00364211
4574,2.571,0.29277,-0.00538096
4575,2.572,0.29277,-0.00538096
4576,2.573,0.29277,-0.00538096
4577,2.574,0.29277,-0.00538096
4578,2.575,0.29277,-0.00538096
4579,2.576,0.29277,-0.00538096
4580,2.577,0.29277,-0.00538096
4581,2.578,0.29277,-0.00538096
4582,2.579,0.29277,-0.00538096
4583,2.58,0.29277,-0.00538096
4584,2.581,0.29277,-0.00538096
4585,2.582,0.29277,-0.00538096
4586,2.583,0.29277,-0.00538096
4587,2.584,0.29277,-0.00364211
4588,2.585,0.29277,-0.00364211
4589,2.586,0.29277,-0.00364211
4590,2.587,0.29277,-0.00364211
4591,2.588,0.29277,-0.00364211
4592,2.589,0.29277,-0.00364211
4593,2.59,0.29277,-0.00364211
4594,2.591,0.29277,-0.00538096
4595,2.592,0.29277,-0.00538096
4596,2.593,0.29277,-0.00538096
4597,2.594,0.29277,-0.00538096
4598,2.595,0.29277,-0.00538096
4599,2.596,0.29277,-0.00538096
4600,2.597,0.29277,-0.00538096
4601,2.598,0.29277,-0.00538096
4602,2.599,0.29277,-0.00538096
4603,2.6,0.29277,-0.00538096
4604,2.601,0.29277,-0.00538096
4605,2.602,0.29277,-0.00364211
4606,2.603,0.29277,-0.00538096
4607,2.604,0.29277,-0.00190326
4608,2.605,0.29277,-0.00364211
4609,2.606,0.29277,-0.00364211
4610,2.607,0.29277,-0.00364211
4611,2.608,0.29277,-0.00364211
4612,2.609,0.29277,-0.00364211
4613,2.61,0.29277,-0.00364211
4614,2.611,0.29277,-0.00538096
4615,2.612,0.29277,-0.00538096
4616,2.613,0.29277,-0.00538096
4617,2.614,0.29277,-0.00538096
4618,2.615,0.29277,-0.00538096
4619,2.616,0.29277,-0.00538096
4620,2.617,0.29277,-0.00538096
4621,2.618,0.29277,-0.00538096
4622,2.619,0.29277,-0.00538096
4623,2.62,0.29277,-0.00538096
4624,2.621,0.29277,-0.00538096
4625,2.622,0.29277,-0.00538096
4626,2.623,0.29277,-0.00364211
4627,2.624,0.29277,-0.00364211
4628,2.625,0.29277,-0.00364211
4629,2.626,0.29277,-0.00364211
4630,2.627,0.29277,-0.00364211
4631,2.628,0.29277,-0.00364211
4632,2.629,0.29277,-0.00364211
4633,2.63,0.29277,-0.00364211
4634,2.631,0.29277,-0.00538096
4635,2.632,0.29277,-0.00538096
4636,2.633,0.29277,-0.00538096
4637,2.634,0.29277,-0.00538096
4638,2.635,0.29277,-0.00538096
4639,2.636,0.29277,-0.00538096
4640,2.637,0.29277,-0.00538096
4641,2.638,0.29277,-0.00538096
4642,2.639,0.29277,-0.00538096
4643,2.64,0.29277,-0.00538096
4644,2.641,0.29277,-0.00538096
4645,2.642,0.29277,-0.00364211
4646,2.643,0.29277,-0.00364211
4647,2.644,0.29277,-0.00364211
4648,2.645,0.29277,-0.00364211
4649,2.646,0.29277,-0.00364211
4650,2.647,0.29277,-0.00364211
4651,2.648,0.29277,-0.00364211
4652,2.649,0.29277,-0.00364211
4653,2.65,0.29277,-0.00364211
4654,2.651,0.29277,-0.00538096
4655,2.652,0.29277,-0.00538096
4656,2.653,0.29277,-0.00538096
4657,2.654,0.29277,-0.00538096
4658,2.655,0.29277,-0.00538096
4659,2.656,0.29277,-0.00538096
4660,2.657,0.29277,-0.00538096
4661,2.658,0.29277,-0.00538096
4662,2.659,0.29277,-0.00538096
4663,2.66,0.29277,-0.00538096
4664,2.661,0.29277,-0.00538096
4665,2.662,0.29277,-0.00364211
4666,2.663,0.29277,-0.00364211
4667,2.664,0.29277,-0.00364211
4668,2.665,0.29277,-0.00364211
4669,2.666,0.29277,-0.00364211
4670,2.667,0.29277,-0.00364211
4671,2.668,0.29277,-0.00364211
4672,2.669,0.29277,-0.00364211
4673,2.67,0.29277,-0.00364211
4674,2.671,0.29277,-0.00538096
4675,2.672,0.29277,-0.00538096
4676,2.673,0.29277,-0.00538096
4677,2.674,0.29277,-0.00538096
4678,2.675,0.29277,-0.00538096
4679,2.676,0.29277,-0.00538096
4680,2.677,0.29277,-0.00538096
4681,2.678,0.29277,-0.00538096
4682,2.679,0.29277,-0.00538096
4683,2.68,0.29277,-0.00538096
4684,2.681,0.29277,-0.00538096
4685,2.682,0.29277,-0.00364211
4686,2.683,0.29277,-0.00364211
4687,2.684,0.29277,-0.00364211
4688,2.685,0.29277,-0.00364211
4689,2.686,0.29277,-0.00364211
4690,2.687,0.29277,-0.00364211
4691,2.688,0.29277,-0.00364211
4692,2.689,0.29277,-0.00364211
4693,2.69,0.29277,-0.00364211
4694,2.691,0.29277,-0.00538096
4695,2.692,0.29277,-0.00538096
4696,2.693,0.29277,-0.00538096
4697,2.694,0.29277,-0.00538096
4698,2.695,0.29277,-0.00538096
4699,2.696,0.29277,-0.00538096
4700,2.697,0.29277,-0.00538096
4701,2.698,0.29277,-0.00538096
4702,2.699,0.29277,-0.00538096
4703,2.7,0.29277,-0.00538096
4704,2.701,0.29277,-0.00364211
4705,2.702,0.29277,-0.00364211
4706,2.703,0.29277,-0.00538096
4707,2.704,0.29277,-0.00364211
4708,2.705,0.29277,-0.00364211
4709,2.706,0.29277,-0.00364211
4710,2.707,0.29277,-0.00364211
4711,2.708,0.29277,-0.00364211
4712,2.709,0.29277,-0.00364211
4713,2.71,0.29277,-0.00364211
4714,2.711,0.29277,-0.00538096
4715,2.712,0.29277,-0.00538096
4716,2.713,0.29277,-0.00538096
4717,2.714,0.29277,-0.00538096
4718,2.715,0.29277,-0.00538096
4719,2.716,0.29277,-0.00538096
4720,2.717,0.29277,-0.00538096
4721,2.718,0.29277,-0.00538096
4722,2.719,0.29277,-0.00538096
4723,2.72,0.29277,-0.00538096
4724,2.721,0.29277,-0.00538096
4725,2.722,0.29277,-0.00364211
4726,2.723,0.29277,-0.00364211
4727,2.724,0.29277,-0.00364211
4728,2.725,0.29277,-0.00364211
4729,2.726,0.29277,-0.00364211
4730,2.727,0.29277,-0.00364211
4731,2.728,0.29277,-0.00364211
4732,2.729,0.29277,-0.00364211
4733,2.73,0.29277,-0.00364211
4734,2.731,0.29277,-0.00538096
4735,2.732,0.29277,-0.00538096
4736,2.733,0.29277,-0.00538096
4737,2.734,0.29277,-0.00538096
4738,2.735,0.29277,-0.00538096
4739,2.736,0.29277,-0.00538096
4740,2.737,0.29277,-0.00538096
4741,2.738,0.29277,-0.00538096
4742,2.739,0.29277,-0.00538096
4743,2.74,0.29277,-0.00538096
4744,2.741,0.29277,-0.00538096
4745,2.742,0.29277,-0.00364211
4746,2.743,0.29277,-0.00364211
4747,2.744,0.29277,-0.00364211
4748,2.745,0.29277,-0.00364211
4749,2.746,0.29277,-0.00364211
4750,2.747,0.29277,-0.00364211
4751,2.748,0.29277,-0.00364211
4752,2.749,0.29277,-0.00364211
4753,2.75,0.29277,-0.00364211
4754,2.751,0.29277,-0.00538096
4755,2.752,0.29277,-0.00538096
4756,2.753,0.29277,-0.00538096
4757,2.754,0.29277,-0.00538096
4758,2.755,0.29277,-0.00538096
4759,2.756,0.29277,-0.00538096
4760,2.757,0.29277,-0.00538096
4761,2.758,0.29277,-0.00538096
4762,2.759,0.29277,-0.00538096
4763,2.76,0.29277,-0.00538096
4764,2.761,0.29277,-0.00364211
4765,2.762,0.29277,-0.00364211
4766,2.763,0.29277,-0.00364211
4767,2.764,0.29277,-0.00364211
4768,2.765,0.29277,-0.00364211
4769,2.766,0.29277,-0.00364211
4770,2.767,0.29277,-0.00364211
4771,2.768,0.29277,-0.00364211
4772,2.769,0.29277,-0.00364211
4773,2.77,0.29277,-0.00364211
4774,2.771,0.29277,-0.00364211
4775,2.772,0.29277,-0.00538096
4776,2.773,0.29277,-0.00538096
4777,2.774,0.29277,-0.00538096
4778,2.775,0.29277,-0.00538096
4779,2.776,0.29277,-0.00538096
4780,2.777,0.29277,-0.00538096
4781,2.778,0.29277,-0.00538096
4782,2.779,0.29277,-0.00538096
4783,2.78,0.29277,-0.00538096
4784,2.781,0.29277,-0.00538096
4785,2.782,0.29277,-0.00538096
4786,2.783,0.29277,-0.00364211
4787,2.784,0.29277,-0.00364211
4788,2.785,0.29277,-0.00364211
4789,2.786,0.29277,-0.00364211
4790,2.787,0.29277,-0.00364211
4791,2.788,0.29277,-0.00364211
4792,2.789,0.29277,-0.00364211
4793,2.79,0.29277,-0.00364211
4794,2.791,0.29277,-0.00538096
4795,2.792,0.29277,-0.00538096
4796,2.793,0.29277,-0.00538096
4797,2.794,0.29277,-0.00538096
4798,2.795,0.29277,-0.00538096
4799,2.796,0.29277,-0.00538096
4800,2.797,0.29277,-0.00538096
4801,2.798,0.29277,-0.00538096
4802,2.799,0.29277,-0.00538096
4803,2.8,0.29277,-0.00538096
4804,2.801,0.29277,-0.00364211
4805,2.802,0.29277,-0.00538096
4806,2.803,0.29277,-0.00364211
4807,2.804,0.29277,-0.00364211
4808,2.805,0.29277,-0.00364211
4809,2.806,0.29277,-0.00364211
4810,2.807,0.29277,-0.00364211
4811,2.808,0.29277,-0.00364211
4812,2.809,0.29277,-0.00364211
4813,2.81,0.29277,-0.00364211
4814,2.811,0.29277,-0.00538096
4815,2.812,0.29277,-0.00538096
4816,2.813,0.29277,-0.00538096
4817,2.814,0.29277,-0.00538096
4818,2.815,0.29277,-0.00538096
4819,2.816,0.29277,-0.00538096
4820,2.817,0.29277,-0.00538096
4821,2.818,0.29277,-0.00538096
4822,2.819,0.29277,-0.00538096
4823,2.82,0.29277,-0.00538096
4824,2.821,0.29277,-0.00538096
4825,2.822,0.29277,-0.00364211
4826,2.823,0.29277,-0.00364211
4827,2.824,0.29277,-0.00364211
4828,2.825,0.29277,-0.00364211
4829,2.826,0.29277,-0.00364211
4830,2.827,0.29277,-0.00364211
4831,2.828,0.29277,-0.00364211
4832,2.829,0.29277,-0.00364211
4833,2.83,0.29277,-0.00364211
4834,2.831,0.29277,-0.00538096
4835,2.832,0.29277,-0.00538096
4836,2.833,0.29277,-0.00538096
4837,2.834,0.29277,-0.00538096
4838,2.835,0.29277,-0.00538096
4839,2.836,0.29277,-0.00538096
4840,2.837,0.29277,-0.00538096
4841,2.838,0.29277,-0.00538096
4842,2.839,0.29277,-0.00538096
4843,2.84,0.29277,-0.00538096
4844,2.841,0.29277,-0.00538096
4845,2.842,0.29277,-0.00538096
4846,2.843,0.29277,-0.00538096
4847,2.844,0.29277,-0.00538096
4848,2.845,0.29277,-0.00364211
4849,2.846,0.29277,-0.00364211
4850,2.847,0.29277,-0.00364211
4851,2.848,0.29277,-0.00364211
4852,2.849,0.29277,-0.00364211
4853,2.85,0.29277,-0.00364211
4854,2.851,0.29277,-0.00538096
4855,2.852,0.29277,-0.00538096
4856,2.853,0.29277,-0.00538096
4857,2.854,0.29277,-0.00538096
4858,2.855,0.29277,-0.00538096
4859,2.856,0.29277,-0.00538096
4860,2.857,0.29277,-0.00538096
4861,2.858,0.29277,-0.00538096
4862,2.859,0.29277,-0.00538096
4863,2.86,0.29277,-0.00538096
4864,2.861,0.29277,-0.00538096
4865,2.862,0.29277,-0.00364211
4866,2.863,0.29277,-0.00538096
4867,2.864,0.29277,-0.00364211
4868,2.865,0.29277,-0.00364211
4869,2.866,0.29277,-0.00364211
4870,2.867,0.29277,-0.00364211
4871,2.868,0.29277,-0.00364211
4872,2.869,0.29277,-0.00364211
4873,2.87,0.29277,-0.00364211
4874,2.871,0.29277,-0.00538096
4875,2.872,0.29277,-0.00538096
4876,2.873,0.29277,-0.00538096
4877,2.874,0.29277,-0.00538096
4878,2.875,0.29277,-0.00538096
4879,2.876,0.29277,-0.00538096
4880,2.877,0.29277,-0.00538096
4881,2.878,0.29277,-0.00538096
4882,2.879,0.29277,-0.00538096
4883,2.88,0.29277,-0.00538096
4884,2.881,0.29277,-0.00538096
4885,2.882,0.29277,-0.00538096
4886,2.883,0.29277,-0.00538096
4887,2.884,0.29277,-0.00538096
4888,2.885,0.29277,-0.00364211
4889,2.886,0.29277,-0.00364211
4890,2.887,0.29277,-0.00364211
4891,2.888,0.29277,-0.00364211
4892,2.889,0.29277,-0.00364211
4893,2.89,0.29277,-0.00538096
4894,2.891,0.29277,-0.00538096
4895,2.892,0.29277,-0.00538096
4896,2.893,0.29277,-0.00538096
4897,2.894,0.29277,-0.00538096
4898,2.895,0.29277,-0.00538096
4899,2.896,0.29277,-0.00538096
4900,2.897,0.29277,-0.00538096
4901,2.898,0.29277,-0.00538096
4902,2.899,0.29277,-0.00538096
4903,2.9,0.29277,-0.00538096
4904,2.901,0.29277,-0.00538096
4905,2.902,0.29277,-0.00538096
4906,2.903,0.29277,-0.00364211
4907,2.904,0.29277,-0.00364211
4908,2.905,0.29277,-0.00364211
4909,2.906,0.29277,-0.00364211
4910,2.907,0.29277,-0.00364211
4911,2.908,0.29277,-0.00364211
4912,2.909,0.29277,-0.00364211
4913,2.91,0.29277,-0.00364211
4914,2.911,0.29277,-0.00538096
4915,2.912,0.29277,-0.00538096
4916,2.913,0.29277,-0.00538096
4917,2.914,0.29277,-0.00538096
4918,2.915,0.29277,-0.00538096
4919,2.916,0.29277,-0.00538096
4920,2.917,0.29277,-0.00538096
4921,2.918,0.29277,-0.00538096
4922,2.919,0.29277,-0.00538096
4923,2.92,0.29277,-0.00538096
4924,2.921,0.29277,-0.00538096
4925,2.922,0.29277,-0.00538096
4926,2.923,0.29277,-0.00364211
4927,2.924,0.29277,-0.00364211
4928,2.925,0.29277,-0.00364211
4929,2.926,0.29277,-0.00364211
4930,2.927,0.29277,-0.00364211
4931,2.928,0.29277,-0.00364211
4932,2.929,0.29277,-0.00364211
4933,2.93,0.29277,-0.00364211
4934,2.931,0.29277,-0.00364211
4935,2.932,0.29277,-0.00538096
4936,2.933,0.29277,-0.00538096
4937,2.934,0.29277,-0.00538096
4938,2.935,0.29277,-0.00538096
4939,2.936,0.29277,-0.00538096
4940,2.937,0.29277,-0.00538096
4941,2.938,0.29277,-0.00538096
4942,2.939,0.29277,-0.00538096
4943,2.94,0.29277,-0.00538096
4944,2.941,0.29277,-0.00538096
4945,2.942,0.29277,-0.00538096
4946,2.943,0.29277,-0.00364211
4947,2.944,0.29277,-0.00364211
4948,2.945,0.29277,-0.00364211
4949,2.946,0.29277,-0.00364211
4950,2.947,0.29277,-0.00364211
4951,2.948,0.29277,-0.00364211
4952,2.949,0.29277,-0.00364211
4953,2.95,0.29277,-0.00364211
4954,2.951,0.29277,-0.00538096
4955,2.952,0.29277,-0.00538096
4956,2.953,0.29277,-0.00538096
4957,2.954,0.29277,-0.00538096
4958,2.955,0.29277,-0.00538096
4959,2.956,0.29277,-0.00538096
4960,2.957,0.29277,-0.00538096
4961,2.958,0.29277,-0.00538096
4962,2.959,0.29277,-0.00538096
4963,2.96,0.29277,-0.00538096
4964,2.961,0.29277,-0.00538096
4965,2.962,0.29277,-0.00538096
4966,2.963,0.29277,-0.00364211
4967,2.964,0.29277,-0.00538096
4968,2.965,0.29277,-0.00190326
4969,2.966,0.29277,-0.00364211
4970,2.967,0.29277,-0.00364211
4971,2.968,0.29277,-0.00364211
4972,2.969,0.29277,-0.00364211
4973,2.97,0.29277,-0.00364211
4974,2.971,0.29277,-0.00538096
4975,2.972,0.29277,-0.00538096
4976,2.973,0.29277,-0.00538096
4977,2.974,0.29277,-0.00538096
4978,2.975,0.29277,-0.00538096
4979,2.976,0.29277,-0.00538096
4980,2.977,0.29277,-0.00538096
4981,2.978,0.29277,-0.00538096
4982,2.979,0.29277,-0.00538096
4983,2.98,0.29277,-0.00538096
4984,2.981,0.29277,-0.00538096
4985,2.982,0.29277,-0.00538096
4986,2.983,0.29277,-0.00538096
4987,2.984,0.29277,-0.00364211
4988,2.985,0.29277,-0.00364211
4989,2.986,0.29277,-0.00364211
4990,2.987,0.29277,-0.00364211
4991,2.988,0.29277,-0.00364211
4992,2.989,0.29277,-0.00364211
4993,2.99,0.29277,-0.00538096
4994,2.991,0.29277,-0.00538096
4995,2.992,0.29277,-0.00538096
4996,2.993,0.29277,-0.00538096
4997,2.994,0.29277,-0.00538096
4998,2.995,0.29277,-0.00538096
4999,2.996,0.29277,-0.00538096
5000,2.997,0.29277,-0.00538096
5001,2.998,0.29277,-0.00538096
5002,2.999,0.29277,-0.00538096
5003,3,0.29277,-0.00538096
5004,3.001,0.29277,-0.00538096
5005,3.002,0.29277,-0.00538096
5006,3.003,0.29277,-0.00364211
5007,3.004,0.29277,-0.00364211
5008,3.005,0.29277,-0.00364211
5009,3.006,0.29277,-0.00364211
5010,3.007,0.29277,-0.00364211
5011,3.008,0.29277,-0.00364211
5012,3.009,0.29277,-0.00364211
5013,3.01,0.29277,-0.00364211
5014,3.011,0.29277,-0.00538096
5015,3.012,0.29277,-0.00538096
5016,3.013,0.29277,-0.00538096
5017,3.014,0.29277,-0.00538096
5018,3.015,0.29277,-0.00538096
5019,3.016,0.29277,-0.00538096
5020,3.017,0.29277,-0.00538096
5021,3.018,0.29277,-0.00538096
5022,3.019,0.29277,-0.00538096
5023,3.02,0.29277,-0.00538096
5024,3.021,0.29277,-0.00538096
5025,3.022,0.29277,-0.00538096
5026,3.023,0.29277,-0.00538096
5027,3.024,0.29277,-0.00364211
5028,3.025,0.29277,-0.00364211
5029,3.026,0.29277,-0.00364211
5030,3.027,0.29277,-0.00364211
5031,3.028,0.29277,-0.00364211
5032,3.029,0.29277,-0.00364211
5033,3.03,0.29277,-0.00538096
5034,3.031,0.29277,-0.00538096
5035,3.032,0.29277,-0.00538096
5036,3.033,0.29277,-0.00538096
5037,3.034,0.29277,-0.00538096
5038,3.035,0.29277,-0.00538096
5039,3.036,0.29277,-0.00538096
5040,3.037,0.29277,-0.00538096
5041,3.038,0.29277,-0.00538096
5042,3.039,0.29277,-0.00538096
5043,3.04,0.29277,-0.00538096
5044,3.041,0.29277,-0.00538096
5045,3.042,0.29277,-0.00538096
5046,3.043,0.29277,-0.00538096
5047,3.044,0.29277,-0.00538096
5048,3.045,0.29277,-0.00364211
5049,3.046,0.29277,-0.00364211
5050,3.047,0.29277,-0.00364211
5051,3.048,0.29277,-0.00364211
5052,3.049,0.29277,-0.00364211
5053,3.05,0.29277,-0.00364211
5054,3.051,0.29277,-0.00538096
5055,3.052,0.29277,-0.00538096
5056,3.053,0.29277,-0.00538096
5057,3.054,0.29277,-0.00538096
5058,3.055,0.29277,-0.00538096
5059,3.056,0.29277,-0.00538096
5060,3.057,0.29277,-0.00538096
5061,3.058,0.29277,-0.00538096
5062,3.059,0.29277,-0.00538096
5063,3.06,0.29277,-0.00538096
5064,3.061,0.29277,-0.00538096
5065,3.062,0.29277,-0.00538096
5066,3.063,0.29277,-0.00364211
5067,3.064,0.29277,-0.00364211
5068,3.065,0.29277,-0.00364211
5069,3.066,0.29277,-0.00364211
5070,3.067,0.29277,-0.00364211
5071,3.068,0.29277,-0.00364211
5072,3.069,0.29277,-0.00364211
5073,3.07,0.29277,-0.00364211
5074,3.071,0.29277,-0.00538096
5075,3.072,0.29277,-0.00538096
5076,3.073,0.29277,-0.00538096
5077,3.074,0.29277,-0.00538096
5078,3.075,0.29277,-0.00538096
5079,3.076,0.29277,-0.00538096
5080,3.077,0.29277,-0.00538096
5081,3.078,0.29277,-0.00538096
5082,3.079,0.29277,-0.00538096
5083,3.08,0.29277,-0.00538096
5084,3.081,0.29277,-0.00538096
5085,3.082,0.29277,-0.00364211
5086,3.083,0.29277,-0.00190326
5087,3.084,0.29277,-0.00364211
5088,3.085,0.29277,-0.00364211
5089,3.086,0.29277,-0.00364211
5090,3.087,0.29277,-0.00364211
5091,3.088,0.29277,-0.00364211
5092,3.089,0.29277,-0.00364211
5093,3.09,0.29277,-0.00364211
5094,3.091,0.29277,-0.00364211
5095,3.092,0.29277,-0.00538096
5096,3.093,0.29277,-0.00538096
5097,3.094,0.29277,-0.00538096
5098,3.095,0.29277,-0.00538096
5099,3.096,0.29277,-0.00538096
5100,3.097,0.29277,-0.00538096
5101,3.098,0.29277,-0.00538096
5102,3.099,0.29277,-0.00538096
5103,3.1,0.29277,-0.00538096
5104,3.101,0.29277,-0.00538096
5105,3.102,0.29277,-0.00538096
5106,3.103,0.29277,-0.00538096
5107,3.104,0.29277,-0.00364211
5108,3.105,0.29277,-0.00364211
5109,3.106,0.29277,-0.00364211
5110,3.107,0.29277,-0.00364211
5111,3.108,0.29277,-0.00364211
5112,3.109,0.29277,-0.00364211
5113,3.11,0.29277,-0.00364211
5114,3.111,0.29277,-0.00538096
5115,3.112,0.29277,-0.00538096
5116,3.113,0.29277,-0.00538096
5117,3.114,0.29277,-0.00538096
5118,3.115,0.29277,-0.00538096
5119,3.116,0.29277,-0.00538096
5120,3.117,0.29277,-0.00538096
5121,3.118,0.29277,-0.00538096
5122,3.119,0.29277,-0.00538096
5123,3.12,0.29277,-0.00538096
5124,3.121,0.29277,-0.00538096
5125,3.122,0.29277,-0.00538096
5126,3.123,0.29277,-0.00538096
5127,3.124,0.29277,-0.00538096
5128,3.125,0.29277,-0.00364211
5129,3.126,0.29277,-0.00364211
5130,3.127,0.29277,-0.00364211
5131,3.128,0.29277,-0.00364211
5132,3.129,0.29277,-0.00364211
5133,3.13,0.29277,-0.00364211
5134,3.131,0.29277,-0.00538096
5135,3.132,0.29277,-0.00538096
5136,3.133,0.29277,-0.00538096
5137,3.134,0.291031,-0.00538096
5138,3.135,0.284076,-0.00538096
5139,3.136,0.151923,-0.00538096
5140,3.137,0.131057,-0.00538096
5141,3.138,0.12758,-0.00364211
5142,3.139,0.12758,-0.00364211
5143,3.14,0.125841,-0.00364211
5144,3.141,0.125841,-0.00364211
5145,3.142,0.125841,-0.00364211
5146,3.143,0.125841,-0.00364211
5147,3.144,0.125841,-0.00364211
5148,3.145,0.125841,-0.00364211
5149,3.146,0.125841,-0.00364211
5150,3.147,0.125841,-0.00364211
5151,3.148,0.125841,-0.00364211
5152,3.149,0.125841,-0.00364211
5153,3.15,0.125841,-0.00364211
5154,3.151,0.125841,-0.00364211
5155,3.152,0.125841,-0.00538096
5156,3.153,0.125841,-0.00538096
5157,3.154,0.125841,-0.00538096
5158,3.155,0.125841,-0.00538096
5159,3.156,0.125841,-0.00538096
5160,3.157,0.125841,-0.00538096
5161,3.158,0.125841,-0.00538096
5162,3.159,0.125841,-0.00538096
5163,3.16,0.125841,-0.00364211
5164,3.161,0.125841,-0.00364211
5165,3.162,0.125841,-0.00364211
5166,3.163,0.125841,-0.00364211
5167,3.164,0.125841,-0.00364211
5168,3.165,0.125841,-0.00364211
5169,3.166,0.125841,-0.00364211
5170,3.167,0.125841,-0.00364211
5171,3.168,0.125841,-0.00364211
5172,3.169,0.125841,-0.00364211
5173,3.17,0.125841,-0.00364211
5174,3.171,0.125841,-0.00364211
5175,3.172,0.125841,-0.00538096
5176,3.173,0.125841,-0.00538096
5177,3.174,0.125841,-0.00538096
5178,3.175,0.125841,-0.00538096
5179,3.176,0.125841,-0.00538096
5180,3.177,0.125841,-0.00538096
5181,3.178,0.125841,-0.00538096
5182,3.179,0.125841,-0.00538096
5183,3.18,0.125841,-0.00538096
5184,3.181,0.125841,-0.00364211
5185,3.182,0.125841,-0.00364211
5186,3.183,0.125841,-0.00364211
5187,3.184,0.125841,-0.00364211
5188,3.185,0.125841,-0.00364211
5189,3.186,0.125841,-0.00364211
5190,3.187,0.125841,-0.00364211
5191,3.188,0.125841,-0.00364211
5192,3.189,0.125841,-0.00364211
5193,3.19,0.125841,-0.00364211
5194,3.191,0.125841,-0.00364211
5195,3.192,0.125841,-0.00538096
5196,3.193,0.125841,-0.00538096
5197,3.194,0.125841,-0.00538096
5198,3.195,0.125841,-0.00538096
5199,3.196,0.125841,-0.00538096
5200,3.197,0.125841,-0.00538096
5201,3.198,0.125841,-0.00538096
5202,3.199,0.125841,-0.00364211
5203,3.2,0.125841,-0.00711981
5204,3.201,0.125841,-0.00364211
5205,3.202,0.125841,-0.00364211
5206,3.203,0.125841,-0.00364211
5207,3.204,0.125841,-0.00364211
5208,3.205,0.125841,-0.00364211
5209,3.206,0.125841,-0.00364211
5210,3.207,0.125841,-0.00364211
5211,3.208,0.125841,-0.00364211
5212,3.209,0.125841,-0.00364211
5213,3.21,0.125841,-0.00364211
5214,3.211,0.125841,-0.00364211
5215,3.212,0.125841,-0.00538096
5216,3.213,0.125841,-0.00538096
5217,3.214,0.125841,-0.00538096
5218,3.215,0.125841,-0.00538096
5219,3.216,0.125841,-0.00538096
5220,3.217,0.125841,-0.00538096
5221,3.218,0.125841,-0.00538096
5222,3.219,0.125841,-0.00538096
5223,3.22,0.125841,-0.00538096
5224,3.221,0.125841,-0.00364211
5225,3.222,0.125841,-0.00364211
5226,3.223,0.125841,-0.00364211
5227,3.224,0.125841,-0.00364211
5228,3.225,0.125841,-0.00364211
5229,3.226,0.125841,-0.00364211
5230,3.227,0.125841,-0.00364211
5231,3.228,0.125841,-0.00364211
5232,3.229,0.125841,-0.00364211
5233,3.23,0.125841,-0.00364211
5234,3.231,0.125841,-0.00364211
5235,3.232,0.125841,-0.00538096
5236,3.233,0.125841,-0.00538096
5237,3.234,0.125841,-0.00538096
5238,3.235,0.125841,-0.00538096
5239,3.236,0.125841,-0.00538096
5240,3.237,0.125841,-0.00538096
5241,3.238,0.125841,-0.00538096
5242,3.239,0.125841,-0.00364211
5243,3.24,0.125841,-0.00364211
5244,3.241,0.125841,-0.00364211
5245,3.242,0.125841,-0.00364211
5246,3.243,0.125841,-0.00364211
5247,3.244,0.125841,-0.00364211
5248,3.245,0.125841,-0.00364211
5249,3.246,0.125841,-0.00364211
5250,3.247,0.125841,-0.00364211
5251,3.248,0.125841,-0.00364211
5252,3.249,0.125841,-0.00364211
5253,3.25,0.125841,-0.00364211
5254,3.251,0.125841,-0.00364211
5255,3.252,0.125841,-0.00538096
5256,3.253,0.125841,-0.00538096
5257,3.254,0.125841,-0.00538096
5258,3.255,0.125841,-0.00538096
5259,3.256,0.125841,-0.00538096
5260,3.257,0.125841,-0.00538096
5261,3.258,0.125841,-0.00538096
5262,3.259,0.125841,-0.00538096
5263,3.26,0.125841,-0.00364211
5264,3.261,0.125841,-0.00364211
5265,3.262,0.125841,-0.00364211
5266,3.263,0.125841,-0.00364211
5267,3.264,0.125841,-0.00364211
5268,3.265,0.125841,-0.00364211
5269,3.266,0.125841,-0.00364211
5270,3.267,0.125841,-0.00364211
5271,3.268,0.125841,-0.00364211
5272,3.269,0.125841,-0.00364211
5273,3.27,0.125841,-0.00364211
5274,3.271,0.125841,-0.00364211
5275,3.272,0.125841,-0.00538096
5276,3.273,0.125841,-0.00538096
5277,3.274,0.125841,-0.00538096
5278,3.275,0.125841,-0.00538096
5279,3.276,0.125841,-0.00538096
5280,3.277,0.125841,-0.00538096
5281,3.278,0.125841,-0.00538096
5282,3.279,0.125841,-0.00364211
5283,3.28,0.125841,-0.00364211
5284,3.281,0.125841,-0.00364211
5285,3.282,0.125841,-0.00364211
5286,3.283,0.125841,-0.00364211
5287,3.284,0.125841,-0.00364211
5288,3.285,0.125841,-0.00364211
5289,3.286,0.125841,-0.00364211
5290,3.287,0.125841,-0.00364211
5291,3.288,0.125841,-0.00364211
5292,3.289,0.125841,-0.00364211
5293,3.29,0.125841,-0.00364211
5294,3.291,0.125841,-0.00364211
5295,3.292,0.125841,-0.00538096
5296,3.293,0.125841,-0.00538096
5297,3.294,0.125841,-0.00538096
5298,3.295,0.125841,-0.00538096
5299,3.296,0.125841,-0.00538096
5300,3.297,0.125841,-0.00538096
5301,3.298,0.125841,-0.00538096
5302,3.299,0.125841,-0.00538096
5303,3.3,0.125841,-0.00364211
5304,3.301,0.125841,-0.00364211
5305,3.302,0.125841,-0.00364211
5306,3.303,0.125841,-0.00364211
5307,3.304,0.125841,-0.00364211
5308,3.305,0.125841,-0.00364211
5309,3.306,0.125841,-0.00364211
5310,3.307,0.125841,-0.00364211
5311,3.308,0.125841,-0.00364211
5312,3.309,0.125841,-0.00364211
5313,3.31,0.125841,-0.00364211
5314,3.311,0.125841,-0.00364211
5315,3.312,0.125841,-0.00538096
5316,3.313,0.125841,-0.00538096
5317,3.314,0.125841,-0.00538096
5318,3.315,0.125841,-0.00538096
5319,3.316,0.125841,-0.00538096
5320,3.317,0.125841,-0.00538096
5321,3.318,0.125841,-0.00538096
5322,3.319,0.125841,-0.00538096
5323,3.32,0.125841,-0.00538096
5324,3.321,0.125841,-0.00364211
5325,3.322,0.125841,-0.00364211
5326,3.323,0.125841,-0.00364211
5327,3.324,0.125841,-0.00364211
5328,3.325,0.125841,-0.00364211
5329,3.326,0.125841,-0.00364211
5330,3.327,0.125841,-0.00364211
5331,3.328,0.125841,-0.00364211
5332,3.329,0.125841,-0.00364211
5333,3.33,0.125841,-0.00364211
5334,3.331,0.125841,-0.00364211
5335,3.332,0.125841,-0.00538096
5336,3.333,0.125841,-0.00538096
5337,3.334,0.125841,-0.00538096
5338,3.335,0.125841,-0.00538096
5339,3.336,0.125841,-0.00538096
5340,3.337,0.125841,-0.00538096
5341,3.338,0.125841,-0.00538096
5342,3.339,0.125841,-0.00538096
5343,3.34,0.125841,-0.00364211
5344,3.341,0.125841,-0.00364211
5345,3.342,0.125841,-0.00364211
5346,3.343,0.125841,-0.00364211
5347,3.344,0.125841,-0.00364211
5348,3.345,0.125841,-0.00364211
5349,3.346,0.125841,-0.00364211
5350,3.347,0.125841,-0.00364211
5351,3.348,0.125841,-0.00364211
5352,3.349,0.125841,-0.00364211
5353,3.35,0.125841,-0.00364211
5354,3.351,0.125841,-0.00364211
5355,3.352,0.125841,-0.00538096
5356,3.353,0.125841,-0.00538096
5357,3.354,0.125841,-0.00538096
5358,3.355,0.125841,-0.00538096
5359,3.356,0.125841,-0.00538096
5360,3.357,0.125841,-0.00538096
5361,3.358,0.125841,-0.00538096
5362,3.359,0.125841,-0.00364211
5363,3.36,0.125841,-0.00364211
5364,3.361,0.125841,-0.00364211
5365,3.362,0.125841,-0.00364211
5366,3.363,0.125841,-0.00364211
5367,3.364,0.125841,-0.00364211
5368,3.365,0.125841,-0.00364211
5369,3.366,0.125841,-0.00364211
5370,3.367,0.125841,-0.00364211
5371,3.368,0.125841,-0.00364211
5372,3.369,0.125841,-0.00364211
5373,3.37,0.125841,-0.00364211
5374,3.371,0.125841,-0.00364211
5375,3.372,0.125841,-0.00538096
5376,3.373,0.125841,-0.00538096
5377,3.374,0.125841,-0.00538096
5378,3.375,0.125841,-0.00538096
5379,3.376,0.125841,-0.00538096
5380,3.377,0.125841,-0.00538096
5381,3.378,0.125841,-0.00364211
5382,3.379,0.125841,-0.00364211
5383,3.38,0.125841,-0.00364211
5384,3.381,0.125841,-0.00364211
5385,3.382,0.125841,-0.00364211
5386,3.383,0.125841,-0.00364211
5387,3.384,0.125841,-0.00364211
5388,3.385,0.125841,-0.00364211
5389,3.386,0.125841,-0.00364211
5390,3.387,0.125841,-0.00364211
5391,3.388,0.125841,-0.00364211
5392,3.389,0.125841,-0.00364211
5393,3.39,0.125841,-0.00364211
5394,3.391,0.125841,-0.00364211
5395,3.392,0.125841,-0.00538096
5396,3.393,0.125841,-0.00538096
5397,3.394,0.125841,-0.00538096
5398,3.395,0.125841,-0.00538096
5399,3.396,0.125841,-0.00538096
5400,3.397,0.125841,-0.00538096
5401,3.398,0.125841,-0.00538096
5402,3.399,0.125841,-0.00364211
5403,3.4,0.125841,-0.00364211
5404,3.401,0.125841,-0.00364211
5405,3.402,0.125841,-0.00364211
5406,3.403,0.125841,-0.00364211
5407,3.404,0.125841,-0.00364211
5408,3.405,0.125841,-0.00364211
5409,3.406,0.125841,-0.00364211
5410,3.407,0.125841,-0.00364211
5411,3.408,0.125841,-0.00364211
5412,3.409,0.125841,-0.00364211
5413,3.41,0.125841,-0.00364211
5414,3.411,0.125841,-0.00364211
5415,3.412,0.125841,-0.00538096
5416,3.413,0.125841,-0.00538096
5417,3.414,0.125841,-0.00538096
5418,3.415,0.125841,-0.00538096
5419,3.416,0.125841,-0.00538096
5420,3.417,0.125841,-0.00538096
5421,3.418,0.125841,-0.00538096
5422,3.419,0.125841,-0.00538096
5423,3.42,0.125841,-0.00364211
5424,3.421,0.125841,-0.00364211
5425,3.422,0.125841,-0.00364211
5426,3.423,0.125841,-0.00364211
5427,3.424,0.125841,-0.00364211
5428,3.425,0.125841,-0.00364211
5429,3.426,0.125841,-0.00364211
5430,3.427,0.125841,-0.00364211
5431,3.428,0.125841,-0.00364211
5432,3.429,0.125841,-0.00364211
5433,3.43,0.125841,-0.00364211
5434,3.431,0.125841,-0.00364211
5435,3.432,0.125841,-0.00538096
5436,3.433,0.125841,-0.00538096
5437,3.434,0.125841,-0.00538096
5438,3.435,0.125841,-0.00538096
5439,3.436,0.125841,-0.00538096
5440,3.437,0.125841,-0.00538096
5441,3.438,0.125841,-0.00538096
5442,3.439,0.125841,-0.00364211
5443,3.44,0.125841,-0.00364211
5444,3.441,0.125841,-0.00364211
5445,3.442,0.125841,-0.00364211
5446,3.443,0.125841,-0.00364211
5447,3.444,0.125841,-0.00364211
5448,3.445,0.125841,-0.00364211
5449,3.446,0.125841,-0.00364211
5450,3.447,0.125841,-0.00364211
5451,3.448,0.125841,-0.00364211
5452,3.449,0.125841,-0.00364211
5453,3.45,0.125841,-0.00364211
5454,3.451,0.125841,-0.00364211
5455,3.452,0.125841,-0.00538096
5456,3.453,0.125841,-0.00538096
5457,3.454,0.125841,-0.00538096
5458,3.455,0.125841,-0.00538096
5459,3.456,0.125841,-0.00538096
5460,3.457,0.125841,-0.00538096
5461,3.458,0.125841,-0.00364211
5462,3.459,0.125841,-0.00364211
5463,3.46,0.125841,-0.00364211
5464,3.461,0.125841,-0.00364211
5465,3.462,0.125841,-0.00364211
5466,3.463,0.125841,-0.00364211
5467,3.464,0.125841,-0.00364211
5468,3.465,0.125841,-0.00364211
5469,3.466,0.125841,-0.00364211
5470,3.467,0.125841,-0.00364211
5471,3.468,0.125841,-0.00364211
5472,3.469,0.125841,-0.00364211
5473,3.47,0.125841,-0.00364211
5474,3.471,0.125841,-0.00364211
5475,3.472,0.125841,-0.00538096
5476,3.473,0.125841,-0.00538096
5477,3.474,0.125841,-0.00538096
5478,3.475,0.125841,-0.00538096
5479,3.476,0.125841,-0.00538096
5480,3.477,0.125841,-0.00538096
5481,3.478,0.125841,-0.00364211
5482,3.479,0.125841,-0.00364211
5483,3.48,0.125841,-0.00364211
5484,3.481,0.125841,-0.00364211
5485,3.482,0.125841,-0.00364211
5486,3.483,0.125841,-0.00364211
5487,3.484,0.125841,-0.00364211
5488,3.485,0.125841,-0.00364211
5489,3.486,0.125841,-0.00364211
5490,3.487,0.125841,-0.00364211
5491,3.488,0.125841,-0.00364211
5492,3.489,0.125841,-0.00364211
5493,3.49,0.125841,-0.00364211
5494,3.491,0.125841,-0.00364211
5495,3.492,0.125841,-0.00538096
5496,3.493,0.125841,-0.00538096
5497,3.494,0.125841,-0.00538096
5498,3.495,0.125841,-0.00538096
5499,3.496,0.125841,-0.00538096
5500,3.497,0.125841,-0.00538096
5501,3.498,0.125841,-0.00538096
5502,3.499,0.125841,-0.00538096
5503,3.5,0.125841,-0.00538096
5504,3.501,0.125841,-0.00364211
5505,3.502,0.125841,-0.00364211
5506,3.503,0.125841,-0.00364211
5507,3.504,0.125841,-0.00364211
5508,3.505,0.125841,-0.00364211
5509,3.506,0.125841,-0.00364211
5510,3.507,0.125841,-0.00364211
5511,3.508,0.125841,-0.00364211
5512,3.509,0.125841,-0.00364211
5513,3.51,0.125841,-0.00364211
5514,3.511,0.125841,-0.00364211
5515,3.512,0.125841,-0.00538096
5516,3.513,0.125841,-0.00538096
5517,3.514,0.125841,-0.00538096
5518,3.515,0.125841,-0.00538096
5519,3.516,0.125841,-0.00538096
5520,3.517,0.125841,-0.00538096
5521,3.518,0.125841,-0.00364211
5522,3.519,0.125841,-0.00364211
5523,3.52,0.125841,-0.00364211
5524,3.521,0.125841,-0.00364211
5525,3.522,0.125841,-0.00364211
5526,3.523,0.125841,-0.00364211
5527,3.524,0.125841,-0.00364211
5528,3.525,0.125841,-0.00364211
5529,3.526,0.125841,-0.00364211
5530,3.527,0.125841,-0.00364211
5531,3.528,0.125841,-0.00364211
5532,3.529,0.125841,-0.00364211
5533,3.53,0.125841,-0.00364211
5534,3.531,0.125841,-0.00538096
5535,3.532,0.125841,-0.00538096
5536,3.533,0.125841,-0.00538096
5537,3.534,0.125841,-0.00538096
5538,3.535,0.125841,-0.00538096
5539,3.536,0.125841,-0.00538096
5540,3.537,0.125841,-0.00538096
5541,3.538,0.125841,-0.00538096
5542,3.539,0.125841,-0.00364211
5543,3.54,0.125841,-0.00538096
5544,3.541,0.125841,-0.00364211
5545,3.542,0.125841,-0.00364211
5546,3.543,0.125841,-0.00364211
5547,3.544,0.125841,-0.00364211
5548,3.545,0.125841,-0.00364211
5549,3.546,0.125841,-0.00364211
5550,3.547,0.125841,-0.00364211
5551,3.548,0.125841,-0.00364211
5552,3.549,0.125841,-0.00364211
5553,3.55,0.125841,-0.00364211
5554,3.551,0.125841,-0.00364211
5555,3.552,0.125841,-0.00538096
5556,3.553,0.125841,-0.00538096
5557,3.554,0.125841,-0.00538096
5558,3.555,0.125841,-0.00538096
5559,3.556,0.125841,-0.00538096
5560,3.557,0.125841,-0.00538096
5561,3.558,0.125841,-0.00538096
5562,3.559,0.125841,-0.00538096
5563,3.56,0.125841,-0.00538096
5564,3.561,0.125841,-0.00364211
5565,3.562,0.125841,-0.00364211
5566,3.563,0.125841,-0.00364211
5567,3.564,0.125841,-0.00364211
5568,3.565,0.125841,-0.00364211
5569,3.566,0.125841,-0.00364211
5570,3.567,0.125841,-0.00364211
5571,3.568,0.125841,-0.00364211
5572,3.569,0.125841,-0.00364211
5573,3.57,0.125841,-0.00364211
5574,3.571,0.125841,-0.00538096
5575,3.572,0.125841,-0.00538096
5576,3.573,0.125841,-0.00538096
5577,3.574,0.125841,-0.00538096
5578,3.575,0.125841,-0.00538096
5579,3.576,0.125841,-0.00538096
5580,3.577,0.125841,-0.00538096
5581,3.578,0.125841,-0.00538096
5582,3.579,0.125841,-0.00538096
5583,3.58,0.125841,-0.00538096
5584,3.581,0.125841,-0.00538096
5585,3.582,0.125841,-0.00364211
5586,3.583,0.125841,-0.00364211
5587,3.584,0.125841,-0.00538096
5588,3.585,0.125841,-0.00190326
5589,3.586,0.125841,-0.00364211
5590,3.587,0.125841,-0.00364211
5591,3.588,0.125841,-0.00364211
5592,3.589,0.125841,-0.00364211
5593,3.59,0.125841,-0.00538096
5594,3.591,0.125841,-0.00538096
5595,3.592,0.125841,-0.00538096
5596,3.593,0.125841,-0.00538096
5597,3.594,0.125841,-0.00538096
5598,3.595,0.125841,-0.00538096
5599,3.596,0.125841,-0.00538096
5600,3.597,0.125841,-0.00538096
5601,3.598,0.125841,-0.00538096
5602,3.599,0.125841,-0.00538096
5603,3.6,0.125841,-0.00538096
5604,3.601,0.125841,-0.00364211
5605,3.602,0.125841,-0.00538096
5606,3.603,0.125841,-0.00190326
5607,3.604,0.125841,-0.00364211
5608,3.605,0.125841,-0.00364211
5609,3.606,0.125841,-0.00364211
5610,3.607,0.125841,-0.00364211
5611,3.608,0.125841,-0.00364211
5612,3.609,0.125841,-0.00364211
5613,3.61,0.125841,-0.00364211
5614,3.611,0.125841,-0.00538096
5615,3.612,0.125841,-0.00538096
5616,3.613,0.125841,-0.00538096
5617,3.614,0.125841,-0.00538096
5618,3.615,0.125841,-0.00538096
5619,3.616,0.125841,-0.00538096
5620,3.617,0.125841,-0.00538096
5621,3.618,0.125841,-0.00538096
5622,3.619,0.125841,-0.00538096
5623,3.62,0.125841,-0.00538096
5624,3.621,0.125841,-0.00538096
5625,3.622,0.125841,-0.00538096
5626,3.623,0.125841,-0.00538096
5627,3.624,0.125841,-0.00364211
5628,3.625,0.125841,-0.00364211
5629,3.626,0.125841,-0.00364211
5630,3.627,0.125841,-0.00364211
5631,3.628,0.125841,-0.00364211
5632,3.629,0.125841,-0.00364211
5633,3.63,0.125841,-0.00538096
5634,3.631,0.125841,-0.00538096
5635,3.632,0.125841,-0.00538096
5636,3.633,0.125841,-0.00538096
5637,3.634,0.125841,-0.00538096
5638,3.635,0.125841,-0.00538096
5639,3.636,0.125841,-0.00538096
5640,3.637,0.125841,-0.00538096
5641,3.638,0.125841,-0.00538096
5642,3.639,0.125841,-0.00538096
5643,3.64,0.125841,-0.00538096
5644,3.641,0.125841,-0.00538096
5645,3.642,0.125841,-0.00364211
5646,3.643,0.125841,-0.00538096
5647,3.644,0.125841,-0.00364211
5648,3.645,0.125841,-0.00364211
5649,3.646,0.125841,-0.00364211
5650,3.647,0.125841,-0.00364211
5651,3.648,0.125841,-0.00364211
5652,3.649,0.125841,-0.00364211
5653,3.65,0.125841,-0.00364211
5654,3.651,0.125841,-0.00538096
5655,3.652,0.125841,-0.00538096
5656,3.653,0.125841,-0.00538096
5657,3.654,0.125841,-0.00538096
5658,3.655,0.125841,-0.00538096
5659,3.656,0.125841,-0.00538096
5660,3.657,0.125841,-0.00538096
5661,3.658,0.125841,-0.00538096
5662,3.659,0.125841,-0.00538096
5663,3.66,0.125841,-0.00364211
5664,3.661,0.125841,-0.00364211
5665,3.662,0.125841,-0.00538096
5666,3.663,0.125841,-0.00190326
5667,3.664,0.125841,-0.00364211
5668,3.665,0.125841,-0.00364211
5669,3.666,0.125841,-0.00364211
5670,3.667,0.125841,-0.00364211
5671,3.668,0.125841,-0.00364211
5672,3.669,0.125841,-0.00364211
5673,3.67,0.125841,-0.00364211
5674,3.671,0.125841,-0.00538096
5675,3.672,0.125841,-0.00538096
5676,3.673,0.125841,-0.00538096
5677,3.674,0.125841,-0.00538096
5678,3.675,0.125841,-0.00538096
5679,3.676,0.125841,-0.00538096
5680,3.677,0.125841,-0.00538096
5681,3.678,0.125841,-0.00538096
5682,3.679,0.125841,-0.00538096
5683,3.68,0.125841,-0.00538096
5684,3.681,0.125841,-0.00538096
5685,3.682,0.125841,-0.00364211
5686,3.683,0.125841,-0.00364211
5687,3.684,0.125841,-0.00364211
5688,3.685,0.125841,-0.00364211
5689,3.686,0.125841,-0.00364211
5690,3.687,0.125841,-0.00364211
5691,3.688,0.125841,-0.00364211
5692,3.689,0.125841,-0.00364211
5693,3.69,0.125841,-0.00364211
5694,3.691,0.125841,-0.00364211
5695,3.692,0.125841,-0.00538096
5696,3.693,0.125841,-0.00538096
5697,3.694,0.125841,-0.00538096
5698,3.695,0.125841,-0.00538096
5699,3.696,0.125841,-0.00538096
5700,3.697,0.125841,-0.00538096
5701,3.698,0.125841,-0.00538096
5702,3.699,0.125841,-0.00364211
5703,3.7,0.125841,-0.00364211
5704,3.701,0.125841,-0.00364211
5705,3.702,0.125841,-0.00364211
5706,3.703,0.125841,-0.00364211
5707,3.704,0.125841,-0.00364211
5708,3.705,0.125841,-0.00364211
5709,3.706,0.125841,-0.00364211
5710,3.707,0.125841,-0.00364211
5711,3.708,0.125841,-0.00364211
5712,3.709,0.125841,-0.00364211
5713,3.71,0.125841,-0.00364211
5714,3.711,0.125841,-0.00538096
5715,3.712,0.125841,-0.00538096
5716,3.713,0.125841,-0.00538096
5717,3.714,0.125841,-0.00538096
5718,3.715,0.125841,-0.00538096
5719,3.716,0.125841,-0.00538096
5720,3.717,0.125841,-0.00538096
5721,3.718,0.125841,-0.00538096
5722,3.719,0.125841,-0.00538096
5723,3.72,0.125841,-0.00538096
5724,3.721,0.125841,-0.00364211
5725,3.722,0.125841,-0.00364211
5726,3.723,0.125841,-0.00364211
5727,3.724,0.125841,-0.00364211
5728,3.725,0.125841,-0.00364211
5729,3.726,0.125841,-0.00364211
5730,3.727,0.125841,-0.00364211
5731,3.728,0.125841,-0.00364211
5732,3.729,0.125841,-0.00364211
5733,3.73,0.125841,-0.00364211
5734,3.731,0.125841,-0.00538096
5735,3.732,0.125841,-0.00538096
5736,3.733,0.125841,-0.00538096
5737,3.734,0.125841,-0.00538096
5738,3.735,0.125841,-0.00538096
5739,3.736,0.125841,-0.00538096
5740,3.737,0.125841,-0.00538096
5741,3.738,0.125841,-0.00538096
5742,3.739,0.125841,-0.00538096
5743,3.74,0.125841,-0.00364211
5744,3.741,0.125841,-0.00364211
5745,3.742,0.125841,-0.00364211
5746,3.743,0.125841,-0.00364211
5747,3.744,0.125841,-0.00364211
5748,3.745,0.125841,-0.00364211
5749,3.746,0.125841,-0.00364211
5750,3.747,0.125841,-0.00364211
5751,3.748,0.125841,-0.00364211
5752,3.749,0.125841,-0.00364211
5753,3.75,0.125841,-0.00364211
5754,3.751,0.125841,-0.00538096
5755,3.752,0.125841,-0.00538096
5756,3.753,0.125841,-0.00538096
5757,3.754,0.125841,-0.00538096
5758,3.755,0.125841,-0.00538096
5759,3.756,0.125841,-0.00538096
5760,3.757,0.125841,-0.00538096
5761,3.758,0.125841,-0.00538096
5762,3.759,0.125841,-0.00364211
5763,3.76,0.125841,-0.00364211
5764,3.761,0.125841,-0.00364211
5765,3.762,0.125841,-0.00364211
5766,3.763,0.125841,-0.00364211
5767,3.764,0.125841,-0.00364211
5768,3.765,0.125841,-0.00364211
5769,3.766,0.125841,-0.00364211
5770,3.767,0.125841,-0.00364211
5771,3.768,0.125841,-0.00364211
5772,3.769,0.125841,-0.00364211
5773,3.77,0.125841,-0.00364211
5774,3.771,0.125841,-0.00538096
5775,3.772,0.125841,-0.00538096
5776,3.773,0.125841,-0.00538096
5777,3.774,0.125841,-0.00538096
5778,3.775,0.125841,-0.00538096
5779,3.776,0.125841,-0.00538096
5780,3.777,0.125841,-0.00538096
5781,3.778,0.125841,-0.00538096
5782,3.779,0.125841,-0.00538096
5783,3.78,0.125841,-0.00538096
5784,3.781,0.125841,-0.00538096
5785,3.782,0.125841,-0.00538096
5786,3.783,0.125841,-0.00364211
5787,3.784,0.125841,-0.00364211
5788,3.785,0.125841,-0.00364211
5789,3.786,0.125841,-0.00364211
5790,3.787,0.125841,-0.00364211
5791,3.788,0.125841,-0.00364211
5792,3.789,0.125841,-0.00364211
5793,3.79,0.125841,-0.00538096
5794,3.791,0.125841,-0.00538096
5795,3.792,0.125841,-0.00538096
5796,3.793,0.125841,-0.00538096
5797,3.794,0.125841,-0.00538096
5798,3.795,0.125841,-0.00538096
5799,3.796,0.125841,-0.00538096
5800,3.797,0.125841,-0.00538096
5801,3.798,0.125841,-0.00538096
5802,3.799,0.125841,-0.00538096
5803,3.8,0.125841,-0.00538096
5804,3.801,0.125841,-0.00538096
5805,3.802,0.125841,-0.00364211
5806,3.803,0.125841,-0.00538096
5807,3.804,0.125841,-0.00364211
5808,3.805,0.125841,-0.00364211
5809,3.806,0.125841,-0.00364211
5810,3.807,0.125841,-0.00364211
5811,3.808,0.125841,-0.00364211
5812,3.809,0.125841,-0.00364211
5813,3.81,0.125841,-0.00364211
5814,3.811,0.125841,-0.00538096
5815,3.812,0.125841,-0.00538096
5816,3.813,0.125841,-0.00538096
5817,3.814,0.125841,-0.00538096
5818,3.815,0.125841,-0.00538096
5819,3.816,0.125841,-0.00538096
5820,3.817,0.125841,-0.00538096
5821,3.818,0.125841,-0.00538096
5822,3.819,0.125841,-0.00538096
5823,3.82,0.125841,-0.00538096
5824,3.821,0.125841,-0.00538096
5825,3.822,0.125841,-0.00364211
5826,3.823,0.125841,-0.00364211
5827,3.824,0.125841,-0.00364211
5828,3.825,0.125841,-0.00364211
5829,3.826,0.125841,-0.00364211
5830,3.827,0.125841,-0.00364211
5831,3.828,0.125841,-0.00364211
5832,3.829,0.125841,-0.00364211
5833,3.83,0.125841,-0.00364211
5834,3.831,0.125841,-0.00538096
5835,3.832,0.125841,-0.00538096
5836,3.833,0.125841,-0.00538096
5837,3.834,0.125841,-0.00538096
5838,3.835,0.125841,-0.00538096
5839,3.836,0.125841,-0.00538096
5840,3.837,0.125841,-0.00538096
5841,3.838,0.125841,-0.00538096
5842,3.839,0.125841,-0.00538096
5843,3.84,0.125841,-0.00364211
5844,3.841,0.125841,-0.00538096
5845,3.842,0.125841,-0.00364211
5846,3.843,0.125841,-0.00364211
5847,3.844,0.125841,-0.00364211
5848,3.845,0.125841,-0.00364211
5849,3.846,0.125841,-0.00364211
5850,3.847,0.125841,-0.00364211
5851,3.848,0.125841,-0.00364211
5852,3.849,0.125841,-0.00364211
5853,3.85,0.125841,-0.00364211
5854,3.851,0.125841,-0.00538096
5855,3.852,0.125841,-0.00538096
5856,3.853,0.125841,-0.00538096
5857,3.854,0.125841,-0.00538096
5858,3.855,0.125841,-0.00538096
5859,3.856,0.125841,-0.00538096
5860,3.857,0.125841,-0.00538096
5861,3.858,0.125841,-0.00538096
5862,3.859,0.125841,-0.00364211
5863,3.86,0.125841,-0.00364211
5864,3.861,0.125841,-0.00364211
5865,3.862,0.125841,-0.00364211
5866,3.863,0.125841,-0.00364211
5867,3.864,0.125841,-0.00364211
5868,3.865,0.125841,-0.00364211
5869,3.866,0.125841,-0.00364211
5870,3.867,0.125841,-0.00364211
5871,3.868,0.125841,-0.00364211
5872,3.869,0.125841,-0.00364211
5873,3.87,0.125841,-0.00364211
5874,3.871,0.125841,-0.00538096
5875,3.872,0.125841,-0.00538096
5876,3.873,0.125841,-0.00538096
5877,3.874,0.125841,-0.00538096
5878,3.875,0.125841,-0.00538096
5879,3.876,0.125841,-0.00538096
5880,3.877,0.125841,-0.00538096
5881,3.878,0.125841,-0.00538096
5882,3.879,0.125841,-0.00538096
5883,3.88,0.125841,-0.00538096
5884,3.881,0.125841,-0.00364211
5885,3.882,0.125841,-0.00538096
5886,3.883,0.125841,-0.00190326
5887,3.884,0.125841,-0.00364211
5888,3.885,0.125841,-0.00364211
5889,3.886,0.125841,-0.00364211
5890,3.887,0.125841,-0.00364211
5891,3.888,0.125841,-0.00364211
5892,3.889,0.125841,-0.00364211
5893,3.89,0.125841,-0.00364211
5894,3.891,0.125841,-0.00364211
5895,3.892,0.125841,-0.00538096
5896,3.893,0.125841,-0.00538096
5897,3.894,0.125841,-0.00538096
5898,3.895,0.125841,-0.00538096
5899,3.896,0.125841,-0.00538096
5900,3.897,0.125841,-0.00538096
5901,3.898,0.125841,-0.00538096
5902,3.899,0.125841,-0.00364211
5903,3.9,0.125841,-0.00364211
5904,3.901,0.125841,-0.00364211
5905,3.902,0.125841,-0.00364211
5906,3.903,0.125841,-0.00364211
5907,3.904,0.125841,-0.00364211
5908,3.905,0.125841,-0.00364211
5909,3.906,0.125841,-0.00364211
5910,3.907,0.125841,-0.00364211
5911,3.908,0.125841,-0.00364211
5912,3.909,0.125841,-0.00364211
5913,3.91,0.125841,-0.00364211
5914,3.911,0.125841,-0.00538096
5915,3.912,0.125841,-0.00538096
5916,3.913,0.125841,-0.00538096
5917,3.914,0.125841,-0.00538096
5918,3.915,0.125841,-0.00538096
5919,3.916,0.125841,-0.00538096
5920,3.917,0.125841,-0.00538096
5921,3.918,0.125841,-0.00538096
5922,3.919,0.125841,-0.00364211
5923,3.92,0.125841,-0.00364211
5924,3.921,0.125841,-0.00364211
5925,3.922,0.125841,-0.00364211
5926,3.923,0.125841,-0.00364211
5927,3.924,0.125841,-0.00364211
5928,3.925,0.125841,-0.00364211
5929,3.926,0.125841,-0.00364211
5930,3.927,0.125841,-0.00364211
5931,3.928,0.125841,-0.00364211
5932,3.929,0.125841,-0.00364211
5933,3.93,0.125841,-0.00364211
5934,3.931,0.125841,-0.00364211
5935,3.932,0.125841,-0.00538096
5936,3.933,0.125841,-0.00538096
5937,3.934,0.125841,-0.00538096
5938,3.935,0.125841,-0.00538096
5939,3.936,0.125841,-0.00538096
5940,3.937,0.125841,-0.00538096
5941,3.938,0.125841,-0.00538096
5942,3.939,0.125841,-0.00364211
5943,3.94,0.125841,-0.00364211
5944,3.941,0.125841,-0.00364211
5945,3.942,0.125841,-0.00364211
5946,3.943,0.125841,-0.00364211
5947,3.944,0.125841,-0.00364211
5948,3.945,0.125841,-0.00364211
5949,3.946,0.125841,-0.00364211
5950,3.947,0.125841,-0.00364211
5951,3.948,0.125841,-0.00364211
5952,3.949,0.125841,-0.00364211
5953,3.95,0.125841,-0.00364211
5954,3.951,0.125841,-0.00538096
5955,3.952,0.125841,-0.00538096
5956,3.953,0.125841,-0.00538096
5957,3.954,0.125841,-0.00538096
5958,3.955,0.125841,-0.00538096
5959,3.956,0.125841,-0.00538096
5960,3.957,0.125841,-0.00538096
5961,3.958,0.125841,-0.00538096
5962,3.959,0.125841,-0.00364211
5963,3.96,0.125841,-0.00364211
5964,3.961,0.125841,-0.00364211
5965,3.962,0.125841,-0.00364211
5966,3.963,0.125841,-0.00364211
5967,3.964,0.125841,-0.00364211
5968,3.965,0.125841,-0.00364211
5969,3.966,0.125841,-0.00364211
5970,3.967,0.125841,-0.00364211
5971,3.968,0.125841,-0.00364211
5972,3.969,0.125841,-0.00364211
5973,3.97,0.125841,-0.00364211
5974,3.971,0.125841,-0.00364211
5975,3.972,0.125841,-0.00538096
5976,3.973,0.125841,-0.00538096
5977,3.974,0.125841,-0.00538096
5978,3.975,0.125841,-0.00538096
5979,3.976,0.125841,-0.00538096
5980,3.977,0.125841,-0.00538096
5981,3.978,0.125841,-0.00538096
5982,3.979,0.125841,-0.00364211
5983,3.98,0.125841,-0.00364211
5984,3.981,0.125841,-0.00364211
5985,3.982,0.125841,-0.00364211
5986,3.983,0.125841,-0.00364211
5987,3.984,0.125841,-0.00364211
5988,3.985,0.125841,-0.00364211
5989,3.986,0.125841,-0.00364211
5990,3.987,0.125841,-0.00364211
5991,3.988,0.125841,-0.00364211
5992,3.989,0.125841,-0.00364211
5993,3.99,0.125841,-0.00364211
5994,3.991,0.125841,-0.00538096
5995,3.992,0.125841,-0.00538096
5996,3.993,0.125841,-0.00538096
5997,3.994,0.125841,-0.00538096
5998,3.995,0.125841,-0.00538096
5999,3.996,0.125841,-0.00538096
6000,3.997,0.125841,-0.00538096
6001,3.998,0.125841,-0.00538096
6002,3.999,0.125841,-0.00364211
6003,4,0.125841,-0.00364211
6004,4.001,0.125841,-0.00364211
6005,4.002,0.125841,-0.00364211
6006,4.003,0.125841,-0.00364211
6007,4.004,0.125841,-0.00364211
6008,4.005,0.125841,-0.00364211
6009,4.006,0.125841,-0.00364211
6010,4.007,0.125841,-0.00364211
6011,4.008,0.125841,-0.00364211
6012,4.009,0.125841,-0.00364211
6013,4.01,0.125841,-0.00364211
6014,4.011,0.125841,-0.00364211
6015,4.012,0.125841,-0.00538096
6016,4.013,0.125841,-0.00538096
6017,4.014,0.125841,-0.00538096
6018,4.015,0.125841,-0.00538096
6019,4.016,0.125841,-0.00538096
6020,4.017,0.125841,-0.00538096
6021,4.018,0.125841,-0.00538096
6022,4.019,0.125841,-0.00364211
6023,4.02,0.125841,-0.00364211
6024,4.021,0.125841,-0.00364211
6025,4.022,0.125841,-0.00364211
6026,4.023,0.125841,-0.00364211
6027,4.024,0.125841,-0.00364211
6028,4.025,0.125841,-0.00364211
6029,4.026,0.125841,-0.00364211
6030,4.027,0.125841,-0.00364211
6031,4.028,0.125841,-0.00364211
6032,4.029,0.125841,-0.00364211
6033,4.03,0.125841,-0.00364211
6034,4.031,0.125841,-0.00364211
6035,4.032,0.125841,-0.00538096
6036,4.033,0.125841,-0.00538096
6037,4.034,0.125841,-0.00538096
6038,4.035,0.125841,-0.00538096
6039,4.036,0.125841,-0.00538096
6040,4.037,0.125841,-0.00538096
6041,4.038,0.125841,-0.00538096
6042,4.039,0.125841,-0.00364211
6043,4.04,0.125841,-0.00364211
6044,4.041,0.125841,-0.00364211
6045,4.042,0.125841,-0.00364211
6046,4.043,0.125841,-0.00364211
6047,4.044,0.125841,-0.00364211
6048,4.045,0.125841,-0.00364211
6049,4.046,0.125841,-0.00364211
6050,4.047,0.125841,-0.00364211
6051,4.048,0.125841,-0.00364211
6052,4.049,0.125841,-0.00364211
6053,4.05,0.125841,-0.00364211
6054,4.051,0.125841,-0.00538096
6055,4.052,0.125841,-0.00538096
6056,4.053,0.125841,-0.00538096
6057,4.054,0.125841,-0.00538096
6058,4.055,0.125841,-0.00538096
6059,4.056,0.125841,-0.00538096
6060,4.057,0.125841,-0.00538096
6061,4.058,0.125841,-0.00538096
6062,4.059,0.125841,-0.00538096
6063,4.06,0.125841,-0.00364211
6064,4.061,0.125841,-0.00364211
6065,4.062,0.125841,-0.00364211
6066,4.063,0.125841,-0.00364211
6067,4.064,0.125841,-0.00364211
6068,4.065,0.125841,-0.00364211
6069,4.066,0.125841,-0.00364211
6070,4.067,0.125841,-0.00364211
6071,4.068,0.125841,-0.00364211
6072,4.069,0.125841,-0.00364211
6073,4.07,0.125841,-0.00364211
6074,4.071,0.125841,-0.00538096
6075,4.072,0.125841,-0.00538096
6076,4.073,0.125841,-0.00538096
6077,4.074,0.125841,-0.00538096
6078,4.075,0.125841,-0.00538096
6079,4.076,0.125841,-0.00538096
6080,4.077,0.125841,-0.00538096
6081,4.078,0.125841,-0.00364211
6082,4.079,0.125841,-0.00364211
6083,4.08,0.125841,-0.00364211
6084,4.081,0.125841,-0.00364211
6085,4.082,0.125841,-0.00364211
6086,4.083,0.125841,-0.00364211
6087,4.084,0.125841,-0.00364211
6088,4.085,0.125841,-0.00364211
6089,4.086,0.125841,-0.00364211
6090,4.087,0.125841,-0.00364211
6091,4.088,0.125841,-0.00364211
6092,4.089,0.125841,-0.00364211
6093,4.09,0.125841,-0.00364211
6094,4.091,0.125841,-0.00364211
6095,4.092,0.125841,-0.00538096
6096,4.093,0.125841,-0.00538096
6097,4.094,0.125841,-0.00538096
6098,4.095,0.125841,-0.00538096
6099,4.096,0.125841,-0.00538096
6100,4.097,0.125841,-0.00538096
6101,4.098,0.125841,-0.00364211
6102,4.099,0.125841,-0.00364211
6103,4.1,0.125841,-0.00364211
6104,4.101,0.125841,-0.00364211
6105,4.102,0.125841,-0.00364211
6106,4.103,0.125841,-0.00364211
6107,4.104,0.125841,-0.00364211
6108,4.105,0.125841,-0.00364211
6109,4.106,0.125841,-0.00364211
6110,4.107,0.125841,-0.00364211
6111,4.108,0.125841,-0.00364211
6112,4.109,0.125841,-0.00364211
6113,4.11,0.125841,-0.00364211
6114,4.111,0.125841,-0.00364211
6115,4.112,0.125841,-0.00538096
6116,4.113,0.125841,-0.00538096
6117,4.114,0.125841,-0.00538096
6118,4.115,0.125841,-0.00538096
6119,4.116,0.125841,-0.00538096
6120,4.117,0.125841,-0.00538096
6121,4.118,0.125841,-0.00538096
6122,4.119,0.125841,-0.00538096
6123,4.12,0.125841,-0.00364211
6124,4.121,0.125841,-0.00364211
6125,4.122,0.125841,-0.00364211
6126,4.123,0.125841,-0.00364211
6127,4.124,0.125841,-0.00364211
6128,4.125,0.125841,-0.00364211
6129,4.126,0.125841,-0.00364211
6130,4.127,0.125841,-0.00364211
6131,4.128,0.125841,-0.00364211
6132,4.129,0.125841,-0.00364211
6133,4.13,0.125841,-0.00364211
6134,4.131,0.125841,-0.00538096
6135,4.132,0.125841,-0.00538096
6136,4.133,0.125841,-0.00538096
6137,4.134,0.125841,-0.00538096
6138,4.135,0.125841,-0.00538096
6139,4.136,0.125841,-0.00538096
6140,4.137,0.125841,-0.00538096
6141,4.138,0.125841,-0.00538096
6142,4.139,0.125841,-0.00538096
6143,4.14,0.125841,-0.00364211
6144,4.141,0.125841,-0.00364211
6145,4.142,0.125841,-0.00364211
6146,4.143,0.125841,-0.00364211
6147,4.144,0.125841,-0.00364211
6148,4.145,0.125841,-0.00364211
6149,4.146,0.125841,-0.00364211
6150,4.147,0.125841,-0.00364211
6151,4.148,0.125841,-0.00364211
6152,4.149,0.125841,-0.00364211
6153,4.15,0.125841,-0.00364211
6154,4.151,0.125841,-0.00364211
6155,4.152,0.125841,-0.00538096
6156,4.153,0.125841,-0.00538096
6157,4.154,0.125841,-0.00538096
6158,4.155,0.125841,-0.00538096
6159,4.156,0.125841,-0.00538096
6160,4.157,0.125841,-0.00538096
6161,4.158,0.125841,-0.00538096
6162,4.159,0.125841,-0.00364211
6163,4.16,0.125841,-0.00364211
6164,4.161,0.125841,-0.00364211
6165,4.162,0.125841,-0.00364211
6166,4.163,0.125841,-0.00364211
6167,4.164,0.125841,-0.00364211
6168,4.165,0.125841,-0.00364211
6169,4.166,0.125841,-0.00364211
6170,4.167,0.125841,-0.00364211
6171,4.168,0.125841,-0.00364211
6172,4.169,0.125841,-0.00364211
6173,4.17,0.125841,-0.00364211
6174,4.171,0.125841,-0.00538096
6175,4.172,0.125841,-0.00538096
6176,4.173,0.125841,-0.00538096
6177,4.174,0.125841,-0.00538096
6178,4.175,0.125841,-0.00538096
6179,4.176,0.125841,-0.00538096
6180,4.177,0.125841,-0.00538096
6181,4.178,0.125841,-0.00538096
6182,4.179,0.125841,-0.00364211
6183,4.18,0.125841,-0.00364211
6184,4.181,0.125841,-0.00364211
6185,4.182,0.125841,-0.00364211
6186,4.183,0.125841,-0.00364211
6187,4.184,0.125841,-0.00364211
6188,4.185,0.125841,-0.00364211
6189,4.186,0.125841,-0.00364211
6190,4.187,0.125841,-0.00364211
6191,4.188,0.125841,-0.00364211
6192,4.189,0.125841,-0.00364211
6193,4.19,0.125841,-0.00364211
6194,4.191,0.125841,-0.00364211
6195,4.192,0.125841,-0.00538096
6196,4.193,0.125841,-0.00538096
6197,4.194,0.125841,-0.00538096
6198,4.195,0.125841,-0.00538096
6199,4.196,0.125841,-0.00538096
6200,4.197,0.125841,-0.00538096
6201,4.198,0.125841,-0.00538096
6202,4.199,0.125841,-0.00364211
6203,4.2,0.125841,-0.00364211
6204,4.201,0.125841,-0.00364211
6205,4.202,0.125841,-0.00364211
6206,4.203,0.125841,-0.00364211
6207,4.204,0.125841,-0.00364211
6208,4.205,0.125841,-0.00364211
6209,4.206,0.125841,-0.00364211
6210,4.207,0.125841,-0.00364211
6211,4.208,0.125841,-0.00364211
6212,4.209,0.125841,-0.00364211
6213,4.21,0.125841,-0.00364211
6214,4.211,0.125841,-0.00538096
6215,4.212,0.125841,-0.00538096
6216,4.213,0.125841,-0.00538096
6217,4.214,0.125841,-0.00538096
6218,4.215,0.125841,-0.00538096
6219,4.216,0.125841,-0.00538096
6220,4.217,0.125841,-0.00538096
6221,4.218,0.125841,-0.00538096
6222,4.219,0.125841,-0.00364211
6223,4.22,0.125841,-0.00711981
6224,4.221,0.125841,-0.00364211
6225,4.222,0.125841,-0.00364211
6226,4.223,0.125841,-0.00364211
6227,4.224,0.125841,-0.00364211
6228,4.225,0.125841,-0.00364211
6229,4.226,0.125841,-0.00364211
6230,4.227,0.125841,-0.00364211
6231,4.228,0.125841,-0.00364211
6232,4.229,0.125841,-0.00364211
6233,4.23,0.125841,-0.00364211
6234,4.231,0.125841,-0.00538096
6235,4.232,0.125841,-0.00538096
6236,4.233,0.125841,-0.00538096
6237,4.234,0.125841,-0.00538096
6238,4.235,0.125841,-0.00538096
6239,4.236,0.125841,-0.00538096
6240,4.237,0.125841,-0.00538096
6241,4.238,0.125841,-0.00538096
6242,4.239,0.125841,-0.00538096
6243,4.24,0.125841,-0.00364211
6244,4.241,0.125841,-0.00364211
6245,4.242,0.125841,-0.00364211
6246,4.243,0.125841,-0.00364211
6247,4.244,0.125841,-0.00364211
6248,4.245,0.125841,-0.00364211
6249,4.246,0.125841,-0.00364211
6250,4.247,0.125841,-0.00364211
6251,4.248,0.125841,-0.00364211
6252,4.249,0.125841,-0.00364211
6253,4.25,0.125841,-0.00364211
6254,4.251,0.125841,-0.00538096
6255,4.252,0.125841,-0.00538096
6256,4.253,0.125841,-0.00538096
6257,4.254,0.125841,-0.00538096
6258,4.255,0.125841,-0.00538096
6259,4.256,0.125841,-0.00538096
6260,4.257,0.125841,-0.00538096
6261,4.258,0.125841,-0.00538096
6262,4.259,0.125841,-0.00538096
6263,4.26,0.125841,-0.00538096
6264,4.261,0.125841,-0.00538096
6265,4.262,0.125841,-0.00364211
6266,4.263,0.125841,-0.00364211
6267,4.264,0.125841,-0.00364211
6268,4.265,0.125841,-0.00364211
6269,4.266,0.125841,-0.00364211
6270,4.267,0.125841,-0.00364211
6271,4.268,0.125841,-0.00364211
6272,4.269,0.125841,-0.00364211
6273,4.27,0.125841,-0.00364211
6274,4.271,0.125841,-0.00538096
6275,4.272,0.125841,-0.00538096
6276,4.273,0.125841,-0.00538096
6277,4.274,0.125841,-0.00538096
6278,4.275,0.125841,-0.00538096
6279,4.276,0.125841,-0.00538096
6280,4.277,0.125841,-0.00538096
6281,4.278,0.125841,-0.00538096
6282,4.279,0.125841,-0.00364211
6283,4.28,0.125841,-0.00364211
6284,4.281,0.125841,-0.00364211
6285,4.282,0.125841,-0.00364211
6286,4.283,0.125841,-0.00364211
6287,4.284,0.125841,-0.00364211
6288,4.285,0.125841,-0.00364211
6289,4.286,0.125841,-0.00364211
6290,4.287,0.125841,-0.00364211
6291,4.288,0.125841,-0.00364211
6292,4.289,0.125841,-0.00364211
6293,4.29,0.125841,-0.00364211
6294,4.291,0.125841,-0.00538096
6295,4.292,0.125841,-0.00538096
6296,4.293,0.125841,-0.00538096
6297,4.294,0.125841,-0.00538096
6298,4.295,0.125841,-0.00538096
6299,4.296,0.125841,-0.00538096
6300,4.297,0.125841,-0.00538096
6301,4.298,0.125841,-0.00538096
6302,4.299,0.125841,-0.00538096
6303,4.3,0.125841,-0.00364211
6304,4.301,0.125841,-0.00364211
6305,4.302,0.125841,-0.00711981
6306,4.303,0.125841,-0.00364211
6307,4.304,0.125841,-0.00364211
6308,4.305,0.125841,-0.00364211
6309,4.306,0.125841,-0.00364211
6310,4.307,0.125841,-0.00364211
6311,4.308,0.125841,-0.00364211
6312,4.309,0.125841,-0.00364211
6313,4.31,0.125841,-0.00364211
6314,4.311,0.125841,-0.00538096
6315,4.312,0.125841,-0.00538096
6316,4.313,0.125841,-0.00538096
6317,4.314,0.125841,-0.00538096
6318,4.315,0.125841,-0.00538096
6319,4.316,0.125841,-0.00538096
6320,4.317,0.125841,-0.00538096
6321,4.318,0.125841,-0.00538096
6322,4.319,0.125841,-0.00538096
6323,4.32,0.125841,-0.00538096
6324,4.321,0.125841,-0.00538096
6325,4.322,0.125841,-0.00364211
6326,4.323,0.125841,-0.00364211
6327,4.324,0.125841,-0.00364211
6328,4.325,0.125841,-0.00364211
6329,4.326,0.125841,-0.00364211
6330,4.327,0.125841,-0.00364211
6331,4.328,0.125841,-0.00364211
6332,4.329,0.125841,-0.00364211
6333,4.33,0.125841,-0.00364211
6334,4.331,0.125841,-0.00538096
6335,4.332,0.125841,-0.00538096
6336,4.333,0.125841,-0.00538096
6337,4.334,0.125841,-0.00538096
6338,4.335,0.125841,-0.00538096
6339,4.336,0.125841,-0.00538096
6340,4.337,0.125841,-0.00538096
6341,4.338,0.125841,-0.00538096
6342,4.339,0.125841,-0.00538096
6343,4.34,0.125841,-0.00538096
6344,4.341,0.125841,-0.00538096
6345,4.342,0.125841,-0.00538096
6346,4.343,0.125841,-0.00538096
6347,4.344,0.125841,-0.00364211
6348,4.345,0.125841,-0.00364211
6349,4.346,0.125841,-0.00364211
6350,4.347,0.125841,-0.00364211
6351,4.348,0.125841,-0.00364211
6352,4.349,0.125841,-0.00364211
6353,4.35,0.125841,-0.00364211
6354,4.351,0.125841,-0.00538096
6355,4.352,0.125841,-0.00538096
6356,4.353,0.125841,-0.00538096
6357,4.354,0.125841,-0.00538096
6358,4.355,0.125841,-0.00538096
6359,4.356,0.125841,-0.00538096
6360,4.357,0.125841,-0.00538096
6361,4.358,0.125841,-0.00538096
6362,4.359,0.125841,-0.00538096
6363,4.36,0.125841,-0.00538096
6364,4.361,0.125841,-0.00364211
6365,4.362,0.125841,-0.00364211
6366,4.363,0.125841,-0.00364211
6367,4.364,0.125841,-0.00364211
6368,4.365,0.125841,-0.00364211
6369,4.366,0.125841,-0.00364211
6370,4.367,0.125841,-0.00364211
6371,4.368,0.125841,-0.00364211
6372,4.369,0.125841,-0.00364211
6373,4.37,0.125841,-0.00364211
6374,4.371,0.125841,-0.00538096
6375,4.372,0.125841,-0.00538096
6376,4.373,0.125841,-0.00538096
6377,4.374,0.125841,-0.00538096
6378,4.375,0.125841,-0.00538096
6379,4.376,0.125841,-0.00538096
6380,4.377,0.125841,-0.00538096
6381,4.378,0.125841,-0.00538096
6382,4.379,0.125841,-0.00538096
6383,4.38,0.125841,-0.00364211
6384,4.381,0.125841,-0.00364211
6385,4.382,0.125841,-0.00364211
6386,4.383,0.125841,-0.00364211
6387,4.384,0.125841,-0.00364211
6388,4.385,0.125841,-0.00364211
6389,4.386,0.125841,-0.00364211
6390,4.387,0.125841,-0.00364211
6391,4.388,0.125841,-0.00364211
6392,4.389,0.125841,-0.00364211
6393,4.39,0.125841,-0.00364211
6394,4.391,0.125841,-0.00538096
6395,4.392,0.125841,-0.00538096
6396,4.393,0.125841,-0.00538096
6397,4.394,0.125841,-0.00538096
6398,4.395,0.125841,-0.00538096
6399,4.396,0.125841,-0.00538096
6400,4.397,0.125841,-0.00538096
6401,4.398,0.125841,-0.00538096
6402,4.399,0.125841,-0.00538096
6403,4.4,0.125841,-0.00538096
6404,4.401,0.125841,-0.00364211
6405,4.402,0.125841,-0.00364211
6406,4.403,0.125841,-0.00364211
6407,4.404,0.125841,-0.00364211
6408,4.405,0.125841,-0.00364211
6409,4.406,0.125841,-0.00364211
6410,4.407,0.125841,-0.00364211
6411,4.408,0.125841,-0.00364211
6412,4.409,0.125841,-0.00364211
6413,4.41,0.125841,-0.00538096
6414,4.411,0.125841,-0.00538096
6415,4.412,0.125841,-0.00538096
6416,4.413,0.125841,-0.00538096
6417,4.414,0.125841,-0.00538096
6418,4.415,0.125841,-0.00538096
6419,4.416,0.125841,-0.00538096
6420,4.417,0.125841,-0.00538096
6421,4.418,0.125841,-0.00538096
6422,4.419,0.125841,-0.00538096
6423,4.42,0.125841,-0.00538096
6424,4.421,0.125841,-0.00538096
6425,4.422,0.125841,-0.00190326
6426,4.423,0.125841,-0.00538096
6427,4.424,0.125841,-0.00538096
6428,4.425,0.125841,-0.00364211
6429,4.426,0.125841,-0.00364211
6430,4.427,0.125841,-0.00364211
6431,4.428,0.125841,-0.00364211
6432,4.429,0.125841,-0.00364211
6433,4.43,0.125841,-0.00538096
6434,4.431,0.125841,-0.00538096
6435,4.432,0.125841,-0.00538096
6436,4.433,0.125841,-0.00538096
6437,4.434,0.125841,-0.00538096
6438,4.435,0.125841,-0.00538096
6439,4.436,0.125841,-0.00538096
6440,4.437,0.125841,-0.00538096
6441,4.438,0.125841,-0.00538096
6442,4.439,0.125841,-0.00538096
6443,4.44,0.125841,-0.00538096
6444,4.441,0.125841,-0.00364211
6445,4.442,0.125841,-0.00711981
6446,4.443,0.125841,-0.00364211
6447,4.444,0.125841,-0.00364211
6448,4.445,0.125841,-0.00364211
6449,4.446,0.125841,-0.00364211
6450,4.447,0.125841,-0.00364211
6451,4.448,0.125841,-0.00364211
6452,4.449,0.125841,-0.00364211
6453,4.45,0.125841,-0.00364211
6454,4.451,0.125841,-0.00538096
6455,4.452,0.125841,-0.00538096
6456,4.453,0.125841,-0.00538096
6457,4.454,0.125841,-0.00538096
6458,4.455,0.125841,-0.00538096
6459,4.456,0.125841,-0.00538096
6460,4.457,0.125841,-0.00538096
6461,4.458,0.125841,-0.00538096
6462,4.459,0.125841,-0.00538096
6463,4.46,0.125841,-0.00538096
6464,4.461,0.125841,-0.00364211
6465,4.462,0.125841,-0.00364211
6466,4.463,0.125841,-0.00364211
6467,4.464,0.125841,-0.00364211
6468,4.465,0.125841,-0.00364211
6469,4.466,0.125841,-0.00364211
6470,4.467,0.125841,-0.00364211
6471,4.468,0.125841,-0.00364211
6472,4.469,0.125841,-0.00364211
6473,4.47,0.125841,-0.00364211
6474,4.471,0.125841,-0.00538096
6475,4.472,0.125841,-0.00538096
6476,4.473,0.125841,-0.00538096
6477,4.474,0.125841,-0.00538096
6478,4.475,0.125841,-0.00538096
6479,4.476,0.125841,-0.00538096
6480,4.477,0.125841,-0.00538096
6481,4.478,0.125841,-0.00538096
6482,4.479,0.125841,-0.00538096
6483,4.48,0.125841,-0.00538096
6484,4.481,0.125841,-0.00538096
6485,4.482,0.125841,-0.00538096
6486,4.483,0.125841,-0.00364211
6487,4.484,0.125841,-0.00364211
6488,4.485,0.125841,-0.00364211
6489,4.486,0.125841,-0.00364211
6490,4.487,0.125841,-0.00364211
6491,4.488,0.125841,-0.00364211
6492,4.489,0.125841,-0.00364211
6493,4.49,0.125841,-0.00364211
6494,4.491,0.125841,-0.00538096
6495,4.492,0.125841,-0.00538096
6496,4.493,0.125841,-0.00538096
6497,4.494,0.125841,-0.00538096
6498,4.495,0.125841,-0.00538096
6499,4.496,0.125841,-0.00538096
6500,4.497,0.125841,-0.00538096
6501,4.498,0.125841,-0.00538096
6502,4.499,0.125841,-0.00364211
6503,4.5,0.125841,-0.00364211
6504,4.501,0.125841,-0.00538096
6505,4.502,0.125841,-0.00538096
6506,4.503,0.125841,-0.00364211
6507,4.504,0.125841,-0.00364211
6508,4.505,0.125841,-0.00364211
6509,4.506,0.125841,-0.00364211
6510,4.507,0.125841,-0.00364211
6511,4.508,0.125841,-0.00364211
6512,4.509,0.125841,-0.00364211
6513,4.51,0.125841,-0.00538096
6514,4.511,0.125841,-0.00538096
6515,4.512,0.125841,-0.00538096
6516,4.513,0.125841,-0.00538096
6517,4.514,0.125841,-0.00538096
6518,4.515,0.125841,-0.00538096
6519,4.516,0.125841,-0.00538096
6520,4.517,0.125841,-0.00538096
6521,4.518,0.125841,-0.00538096
6522,4.519,0.125841,-0.00538096
6523,4.52,0.125841,-0.00538096
6524,4.521,0.125841,-0.00538096
6525,4.522,0.125841,-0.00364211
6526,4.523,0.125841,-0.00538096
6527,4.524,0.125841,-0.00364211
6528,4.525,0.125841,-0.00364211
6529,4.526,0.125841,-0.00364211
6530,4.527,0.125841,-0.00364211
6531,4.528,0.125841,-0.00364211
6532,4.529,0.125841,-0.00364211
6533,4.53,0.125841,-0.00364211
6534,4.531,0.125841,-0.00538096
6535,4.532,0.125841,-0.00538096
6536,4.533,0.125841,-0.00538096
6537,4.534,0.125841,-0.00538096
6538,4.535,0.125841,-0.00538096
6539,4.536,0.125841,-0.00538096
6540,4.537,0.125841,-0.00538096
6541,4.538,0.125841,-0.00538096
6542,4.539,0.125841,-0.00538096
6543,4.54,0.125841,-0.00538096
6544,4.541,0.125841,-0.00538096
6545,4.542,0.125841,-0.00364211
6546,4.543,0.125841,-0.00364211
6547,4.544,0.125841,-0.00538096
6548,4.545,0.125841,-0.00364211
6549,4.546,0.125841,-0.00364211
6550,4.547,0.125841,-0.00364211
6551,4.548,0.125841,-0.00364211
6552,4.549,0.125841,-0.00364211
6553,4.55,0.125841,-0.00364211
6554,4.551,0.125841,-0.00538096
6555,4.552,0.125841,-0.00538096
6556,4.553,0.125841,-0.00538096
6557,4.554,0.125841,-0.00538096
6558,4.555,0.125841,-0.00538096
6559,4.556,0.125841,-0.00538096
6560,4.557,0.125841,-0.00538096
6561,4.558,0.125841,-0.00538096
6562,4.559,0.125841,-0.00538096
6563,4.56,0.125841,-0.00538096
6564,4.561,0.125841,-0.00538096
6565,4.562,0.125841,-0.00364211
6566,4.563,0.125841,-0.00364211
6567,4.564,0.125841,-0.00364211
6568,4.565,0.125841,-0.00364211
6569,4.566,0.125841,-0.00364211
6570,4.567,0.125841,-0.00364211
6571,4.568,0.125841,-0.00364211
6572,4.569,0.125841,-0.00364211
6573,4.57,0.125841,-0.00364211
6574,4.571,0.125841,-0.00538096
6575,4.572,0.125841,-0.00538096
6576,4.573,0.125841,-0.00538096
6577,4.574,0.125841,-0.00538096
6578,4.575,0.125841,-0.00538096
6579,4.576,0.125841,-0.00538096
6580,4.577,0.125841,-0.00538096
6581,4.578,0.125841,-0.00538096
6582,4.579,0.125841,-0.00538096
6583,4.58,0.125841,-0.00364211
6584,4.581,0.125841,-0.00364211
6585,4.582,0.125841,-0.00364211
6586,4.583,0.125841,-0.00364211
6587,4.584,0.125841,-0.00364211
6588,4.585,0.125841,-0.00364211
6589,4.586,0.125841,-0.00364211
6590,4.587,0.125841,-0.00364211
6591,4.588,0.125841,-0.00364211
6592,4.589,0.125841,-0.00364211
6593,4.59,0.125841,-0.00364211
6594,4.591,0.125841,-0.00538096
6595,4.592,0.125841,-0.00538096
6596,4.593,0.125841,-0.00538096
6597,4.594,0.125841,-0.00538096
6598,4.595,0.125841,-0.00538096
6599,4.596,0.125841,-0.00538096
6600,4.597,0.125841,-0.00538096
6601,4.598,0.125841,-0.00538096
6602,4.599,0.125841,-0.00538096
6603,4.6,0.125841,-0.00538096
6604,4.601,0.125841,-0.00364211
6605,4.602,0.125841,-0.00364211
6606,4.603,0.125841,-0.00364211
6607,4.604,0.125841,-0.00364211
6608,4.605,0.125841,-0.00364211
6609,4.606,0.125841,-0.00364211
6610,4.607,0.125841,-0.00364211
6611,4.608,0.125841,-0.00364211
6612,4.609,0.125841,-0.00364211
6613,4.61,0.125841,-0.00538096
6614,4.611,0.125841,-0.00538096
6615,4.612,0.125841,-0.00538096
6616,4.613,0.125841,-0.00538096
6617,4.614,0.125841,-0.00538096
6618,4.615,0.125841,-0.00538096
6619,4.616,0.125841,-0.00538096
6620,4.617,0.125841,-0.00538096
6621,4.618,0.125841,-0.00538096
6622,4.619,0.125841,-0.00364211
6623,4.62,0.125841,-0.00538096
6624,4.621,0.125841,-0.00364211
6625,4.622,0.125841,-0.00364211
6626,4.623,0.125841,-0.00364211
6627,4.624,0.125841,-0.00364211
6628,4.625,0.125841,-0.00364211
6629,4.626,0.125841,-0.00364211
6630,4.627,0.125841,-0.00364211
6631,4.628,0.125841,-0.00364211
6632,4.629,0.125841,-0.00364211
6633,4.63,0.125841,-0.00364211
6634,4.631,0.125841,-0.00538096
6635,4.632,0.125841,-0.00538096
6636,4.633,0.125841,-0.00538096
6637,4.634,0.125841,-0.00538096
6638,4.635,0.125841,-0.00538096
6639,4.636,0.125841,-0.00538096
6640,4.637,0.125841,-0.00538096
6641,4.638,0.125841,-0.00364211
6642,4.639,0.125841,-0.00364211
6643,4.64,0.125841,-0.00364211
6644,4.641,0.125841,-0.00364211
6645,4.642,0.125841,-0.00364211
6646,4.643,0.125841,-0.00364211
6647,4.644,0.125841,-0.00364211
6648,4.645,0.125841,-0.00364211
6649,4.646,0.125841,-0.00364211
6650,4.647,0.125841,-0.00364211
6651,4.648,0.125841,-0.00364211
6652,4.649,0.125841,-0.00364211
6653,4.65,0.125841,-0.00364211
6654,4.651,0.125841,-0.00538096
6655,4.652,0.125841,-0.00538096
6656,4.653,0.125841,-0.00538096
6657,4.654,0.125841,-0.00538096
6658,4.655,0.125841,-0.00538096
6659,4.656,0.125841,-0.00538096
6660,4.657,0.125841,-0.00538096
6661,4.658,0.125841,-0.00538096
6662,4.659,0.125841,-0.00364211
6663,4.66,0.125841,-0.00364211
6664,4.661,0.125841,-0.00364211
6665,4.662,0.125841,-0.00364211
6666,4.663,0.125841,-0.00364211
6667,4.664,0.125841,-0.00364211
6668,4.665,0.125841,-0.00364211
6669,4.666,0.125841,-0.00364211
6670,4.667,0.125841,-0.00364211
6671,4.668,0.125841,-0.00364211
6672,4.669,0.125841,-0.00364211
6673,4.67,0.125841,-0.00364211
6674,4.671,0.125841,-0.00538096
6675,4.672,0.125841,-0.00538096
6676,4.673,0.125841,-0.00538096
6677,4.674,0.125841,-0.00538096
6678,4.675,0.125841,-0.00538096
6679,4.676,0.125841,-0.00538096
6680,4.677,0.125841,-0.00538096
6681,4.678,0.125841,-0.00364211
6682,4.679,0.125841,-0.00364211
6683,4.68,0.125841,-0.00364211
6684,4.681,0.125841,-0.00364211
6685,4.682,0.125841,-0.00364211
6686,4.683,0.125841,-0.00364211
6687,4.684,0.125841,-0.00364211
6688,4.685,0.125841,-0.00364211
6689,4.686,0.125841,-0.00364211
6690,4.687,0.125841,-0.00364211
6691,4.688,0.125841,-0.00364211
6692,4.689,0.125841,-0.00364211
6693,4.69,0.125841,-0.00364211
6694,4.691,0.125841,-0.00538096
6695,4.692,0.125841,-0.00538096
6696,4.693,0.125841,-0.00538096
6697,4.694,0.125841,-0.00538096
6698,4.695,0.125841,-0.00538096
6699,4.696,0.125841,-0.00538096
6700,4.697,0.125841,-0.00538096
6701,4.698,0.125841,-0.00538096
6702,4.699,0.125841,-0.00538096
6703,4.7,0.125841,-0.00364211
6704,4.701,0.125841,-0.00364211
6705,4.702,0.125841,-0.00364211
6706,4.703,0.125841,-0.00364211
6707,4.704,0.125841,-0.00364211
6708,4.705,0.125841,-0.00364211
6709,4.706,0.125841,-0.00364211
6710,4.707,0.125841,-0.00364211
6711,4.708,0.125841,-0.00364211
6712,4.709,0.125841,-0.00364211
6713,4.71,0.125841,-0.00364211
6714,4.711,0.125841,-0.00364211
6715,4.712,0.125841,-0.00538096
6716,4.713,0.125841,-0.00538096
6717,4.714,0.125841,-0.00538096
6718,4.715,0.125841,-0.00538096
6719,4.716,0.125841,-0.00538096
6720,4.717,0.125841,-0.00538096
6721,4.718,0.125841,-0.00538096
6722,4.719,0.125841,-0.00538096
6723,4.72,0.125841,-0.00364211
6724,4.721,0.125841,-0.00364211
6725,4.722,0.125841,-0.00364211
6726,4.723,0.125841,-0.00364211
6727,4.724,0.125841,-0.00364211
6728,4.725,0.125841,-0.00364211
6729,4.726,0.125841,-0.00364211
6730,4.727,0.125841,-0.00364211
6731,4.728,0.125841,-0.00364211
6732,4.729,0.125841,-0.00364211
6733,4.73,0.125841,-0.00364211
6734,4.731,0.125841,-0.00538096
6735,4.732,0.125841,-0.00538096
6736,4.733,0.125841,-0.00538096
6737,4.734,0.125841,-0.00538096
6738,4.735,0.125841,-0.00538096
6739,4.736,0.125841,-0.00538096
6740,4.737,0.125841,-0.00538096
6741,4.738,0.125841,-0.00538096
6742,4.739,0.125841,-0.00364211
6743,4.74,0.125841,-0.00364211
6744,4.741,0.125841,-0.00364211
6745,4.742,0.125841,-0.00364211
6746,4.743,0.125841,-0.00364211
6747,4.744,0.125841,-0.00364211
6748,4.745,0.125841,-0.00364211
6749,4.746,0.125841,-0.00364211
6750,4.747,0.125841,-0.00364211
6751,4.748,0.125841,-0.00364211
6752,4.749,0.125841,-0.00364211
6753,4.75,0.125841,-0.00364211
6754,4.751,0.125841,-0.00538096
6755,4.752,0.125841,-0.00538096
6756,4.753,0.125841,-0.00538096
6757,4.754,0.125841,-0.00538096
6758,4.755,0.125841,-0.00538096
6759,4.756,0.125841,-0.00538096
6760,4.757,0.125841,-0.00538096
6761,4.758,0.125841,-0.00538096
6762,4.759,0.125841,-0.00364211
6763,4.76,0.125841,-0.00364211
6764,4.761,0.125841,-0.00364211
6765,4.762,0.125841,-0.00364211
6766,4.763,0.125841,-0.00364211
6767,4.764,0.125841,-0.00364211
6768,4.765,0.125841,-0.00364211
6769,4.766,0.125841,-0.00364211
6770,4.767,0.125841,-0.00364211
6771,4.768,0.125841,-0.00364211
6772,4.769,0.125841,-0.00364211
6773,4.77,0.125841,-0.00364211
6774,4.771,0.125841,-0.00538096
6775,4.772,0.125841,-0.00538096
6776,4.773,0.125841,-0.00538096
6777,4.774,0.125841,-0.00538096
6778,4.775,0.125841,-0.00538096
6779,4.776,0.125841,-0.00538096
6780,4.777,0.125841,-0.00538096
6781,4.778,0.125841,-0.00538096
6782,4.779,0.125841,-0.00364211
6783,4.78,0.125841,-0.00364211
6784,4.781,0.125841,-0.00364211
6785,4.782,0.125841,-0.00364211
6786,4.783,0.125841,-0.00364211
6787,4.784,0.125841,-0.00364211
6788,4.785,0.125841,-0.00364211
6789,4.786,0.125841,-0.00364211
6790,4.787,0.125841,-0.00364211
6791,4.788,0.125841,-0.00364211
6792,4.789,0.125841,-0.00364211
6793,4.79,0.125841,-0.00364211
6794,4.791,0.125841,-0.00538096
6795,4.792,0.125841,-0.00538096
6796,4.793,0.125841,-0.00538096
6797,4.794,0.125841,-0.00538096
6798,4.795,0.125841,-0.00538096
6799,4.796,0.125841,-0.00538096
6800,4.797,0.125841,-0.00538096
6801,4.798,0.125841,-0.00364211
6802,4.799,0.125841,-0.00364211
6803,4.8,0.125841,-0.00364211
6804,4.801,0.125841,-0.00364211
6805,4.802,0.125841,-0.00364211
6806,4.803,0.125841,-0.00364211
6807,4.804,0.125841,-0.00364211
6808,4.805,0.125841,-0.00364211
6809,4.806,0.125841,-0.00364211
6810,4.807,0.125841,-0.00364211
6811,4.808,0.125841,-0.00364211
6812,4.809,0.125841,-0.00364211
6813,4.81,0.125841,-0.00538096
6814,4.811,0.125841,-0.00538096
6815,4.812,0.125841,-0.00538096
6816,4.813,0.125841,-0.00538096
6817,4.814,0.125841,-0.00538096
6818,4.815,0.125841,-0.00538096
6819,4.816,0.125841,-0.00538096
6820,4.817,0.125841,-0.00538096
6821,4.818,0.125841,-0.00364211
6822,4.819,0.125841,-0.00364211
6823,4.82,0.125841,-0.00711981
6824,4.821,0.125841,-0.00364211
6825,4.822,0.125841,-0.00364211
6826,4.823,0.125841,-0.00364211
6827,4.824,0.125841,-0.00364211
6828,4.825,0.125841,-0.00364211
6829,4.826,0.125841,-0.00364211
6830,4.827,0.125841,-0.00364211
6831,4.828,0.125841,-0.00364211
6832,4.829,0.125841,-0.00364211
6833,4.83,0.125841,-0.00364211
6834,4.831,0.125841,-0.00538096
6835,4.832,0.125841,-0.00538096
6836,4.833,0.125841,-0.00538096
6837,4.834,0.125841,-0.00538096
6838,4.835,0.125841,-0.00538096
6839,4.836,0.125841,-0.00538096
6840,4.837,0.125841,-0.00538096
6841,4.838,0.125841,-0.00538096
6842,4.839,0.125841,-0.00364211
6843,4.84,0.125841,-0.00364211
6844,4.841,0.125841,-0.00364211
6845,4.842,0.125841,-0.00364211
6846,4.843,0.125841,-0.00364211
6847,4.844,0.125841,-0.00364211
6848,4.845,0.125841,-0.00364211
6849,4.846,0.125841,-0.00364211
6850,4.847,0.125841,-0.00364211
6851,4.848,0.125841,-0.00364211
6852,4.849,0.125841,-0.00364211
6853,4.85,0.125841,-0.00364211
6854,4.851,0.125841,-0.00538096
6855,4.852,0.125841,-0.00538096
6856,4.853,0.125841,-0.00538096
6857,4.854,0.125841,-0.00538096
6858,4.855,0.125841,-0.00538096
6859,4.856,0.125841,-0.00538096
6860,4.857,0.125841,-0.00538096
6861,4.858,0.125841,-0.00538096
6862,4.859,0.125841,-0.00538096
6863,4.86,0.125841,-0.00364211
6864,4.861,0.125841,-0.00364211
6865,4.862,0.125841,-0.00364211
6866,4.863,0.125841,-0.00364211
6867,4.864,0.125841,-0.00364211
6868,4.865,0.125841,-0.00364211
6869,4.866,0.125841,-0.00364211
6870,4.867,0.125841,-0.00364211
6871,4.868,0.125841,-0.00364211
6872,4.869,0.125841,-0.00364211
6873,4.87,0.125841,-0.00364211
6874,4.871,0.125841,-0.00538096
6875,4.872,0.125841,-0.00538096
6876,4.873,0.125841,-0.00538096
6877,4.874,0.125841,-0.00538096
6878,4.875,0.125841,-0.00538096
6879,4.876,0.125841,-0.00538096
6880,4.877,0.125841,-0.00364211
6881,4.878,0.125841,-0.00364211
6882,4.879,0.125841,-0.00364211
6883,4.88,0.125841,-0.00364211
6884,4.881,0.125841,-0.00364211
6885,4.882,0.125841,-0.00364211
6886,4.883,0.125841,-0.00364211
6887,4.884,0.125841,-0.00364211
6888,4.885,0.125841,-0.00364211
6889,4.886,0.125841,-0.00364211
6890,4.887,0.125841,-0.00364211
6891,4.888,0.125841,-0.00364211
6892,4.889,0.125841,-0.00364211
6893,4.89,0.125841,-0.00364211
6894,4.891,0.125841,-0.00538096
6895,4.892,0.125841,-0.00538096
6896,4.893,0.125841,-0.00538096
6897,4.894,0.125841,-0.00538096
6898,4.895,0.125841,-0.00538096
6899,4.896,0.125841,-0.00538096
6900,4.897,0.125841,-0.00538096
6901,4.898,0.125841,-0.00538096
6902,4.899,0.125841,-0.00538096
6903,4.9,0.125841,-0.00538096
6904,4.901,0.125841,-0.00364211
6905,4.902,0.125841,-0.00364211
6906,4.903,0.125841,-0.00364211
6907,4.904,0.125841,-0.00364211
6908,4.905,0.125841,-0.00364211
6909,4.906,0.125841,-0.00364211
6910,4.907,0.125841,-0.00364211
6911,4.908,0.125841,-0.00364211
6912,4.909,0.125841,-0.00364211
6913,4.91,0.125841,-0.00364211
6914,4.911,0.125841,-0.00538096
6915,4.912,0.125841,-0.00538096
6916,4.913,0.125841,-0.00538096
6917,4.914,0.125841,-0.00538096
6918,4.915,0.125841,-0.00538096
6919,4.916,0.125841,-0.00538096
6920,4.917,0.125841,-0.00538096
6921,4.918,0.125841,-0.00364211
6922,4.919,0.125841,-0.00364211
6923,4.92,0.125841,-0.00364211
6924,4.921,0.125841,-0.00364211
6925,4.922,0.125841,-0.00364211
6926,4.923,0.125841,-0.00364211
6927,4.924,0.125841,-0.00364211
6928,4.925,0.125841,-0.00364211
6929,4.926,0.125841,-0.00364211
6930,4.927,0.125841,-0.00364211
6931,4.928,0.125841,-0.00364211
6932,4.929,0.125841,-0.00364211
6933,4.93,0.125841,-0.00364211
6934,4.931,0.125841,-0.00538096
6935,4.932,0.125841,-0.00538096
6936,4.933,0.125841,-0.00538096
6937,4.934,0.125841,-0.00538096
6938,4.935,0.125841,-0.00538096
6939,4.936,0.125841,-0.00538096
6940,4.937,0.125841,-0.00538096
6941,4.938,0.125841,-0.00538096
6942,4.939,0.125841,-0.00538096
6943,4.94,0.125841,-0.00364211
6944,4.941,0.125841,-0.00364211
6945,4.942,0.125841,-0.00364211
6946,4.943,0.125841,-0.00364211
6947,4.944,0.125841,-0.00364211
6948,4.945,0.125841,-0.00364211
6949,4.946,0.125841,-0.00364211
6950,4.947,0.125841,-0.00364211
6951,4.948,0.125841,-0.00364211
6952,4.949,0.125841,-0.00364211
6953,4.95,0.125841,-0.00364211
6954,4.951,0.125841,-0.00538096
6955,4.952,0.125841,-0.00538096
6956,4.953,0.125841,-0.00538096
6957,4.954,0.125841,-0.00538096
6958,4.955,0.125841,-0.00538096
6959,4.956,0.125841,-0.00538096
6960,4.957,0.125841,-0.00538096
6961,4.958,0.125841,-0.00364211
6962,4.959,0.125841,-0.00364211
6963,4.96,0.125841,-0.00364211
6964,4.961,0.125841,-0.00364211
6965,4.962,0.125841,-0.00364211
6966,4.963,0.125841,-0.00364211
6967,4.964,0.125841,-0.00364211
6968,4.965,0.125841,-0.00364211
6969,4.966,0.125841,-0.00364211
6970,4.967,0.125841,-0.00364211
6971,4.968,0.125841,-0.00364211
6972,4.969,0.125841,-0.00364211
6973,4.97,0.125841,-0.00364211
6974,4.971,0.125841,-0.00538096
6975,4.972,0.125841,-0.00538096
6976,4.973,0.125841,-0.00538096
6977,4.974,0.125841,-0.00538096
6978,4.975,0.125841,-0.00538096
6979,4.976,0.125841,-0.00538096
6980,4.977,0.125841,-0.00538096
6981,4.978,0.125841,-0.00364211
6982,4.979,0.125841,-0.00364211
6983,4.98,0.125841,-0.00364211
6984,4.981,0.125841,-0.00364211
6985,4.982,0.125841,-0.00364211
6986,4.983,0.125841,-0.00364211
6987,4.984,0.125841,-0.00364211
6988,4.985,0.125841,-0.00364211
6989,4.986,0.125841,-0.00364211
6990,4.987,0.125841,-0.00364211
6991,4.988,0.125841,-0.00364211
6992,4.989,0.125841,-0.00364211
6993,4.99,0.125841,-0.00364211
6994,4.991,0.125841,-0.00538096
6995,4.992,0.125841,-0.00538096
6996,4.993,0.125841,-0.00538096
6997,4.994,0.125841,-0.00538096
6998,4.995,0.125841,-0.00538096
6999,4.996,0.125841,-0.00538096
7000,4.997,0.125841,-0.00538096
7001,4.998,0.125841,-0.00364211
7002,4.999,0.125841,-0.00364211
7003,5,0.125841,-0.00364211
7004,5.001,0.125841,-0.00364211
7005,5.002,0.125841,-0.00364211
7006,5.003,0.125841,-0.00364211
7007,5.004,0.125841,-0.00364211
7008,5.005,0.125841,-0.00364211
7009,5.006,0.125841,-0.00364211
7010,5.007,0.125841,-0.00364211
7011,5.008,0.125841,-0.00364211
7012,5.009,0.125841,-0.00364211
7013,5.01,0.125841,-0.00364211
7014,5.011,0.125841,-0.00538096
7015,5.012,0.125841,-0.00538096
7016,5.013,0.125841,-0.00538096
7017,5.014,0.125841,-0.00538096
7018,5.015,0.125841,-0.00538096
7019,5.016,0.125841,-0.00538096
7020,5.017,0.125841,-0.00538096
7021,5.018,0.125841,-0.00538096
7022,5.019,0.125841,-0.00364211
7023,5.02,0.125841,-0.00364211
7024,5.021,0.125841,-0.00364211
7025,5.022,0.125841,-0.00364211
7026,5.023,0.125841,-0.00364211
7027,5.024,0.125841,-0.00364211
7028,5.025,0.125841,-0.00364211
7029,5.026,0.125841,-0.00364211
7030,5.027,0.125841,-0.00364211
7031,5.028,0.125841,-0.00364211
7032,5.029,0.125841,-0.00364211
7033,5.03,0.125841,-0.00538096
7034,5.031,0.125841,-0.00538096
7035,5.032,0.125841,-0.00538096
7036,5.033,0.125841,-0.00538096
7037,5.034,0.125841,-0.00538096
7038,5.035,0.125841,-0.00538096
7039,5.036,0.125841,-0.00538096
7040,5.037,0.125841,-0.00538096
7041,5.038,0.125841,-0.00538096
7042,5.039,0.125841,-0.00538096
7043,5.04,0.125841,-0.00538096
7044,5.041,0.125841,-0.00364211
7045,5.042,0.125841,-0.00364211
7046,5.043,0.125841,-0.00364211
7047,5.044,0.125841,-0.00364211
7048,5.045,0.125841,-0.00364211
7049,5.046,0.125841,-0.00364211
7050,5.047,0.125841,-0.00364211
7051,5.048,0.125841,-0.00364211
7052,5.049,0.125841,-0.00364211
7053,5.05,0.125841,-0.00364211
7054,5.051,0.125841,-0.00538096
7055,5.052,0.125841,-0.00538096
7056,5.053,0.125841,-0.00538096
7057,5.054,0.125841,-0.00538096
7058,5.055,0.125841,-0.00538096
7059,5.056,0.125841,-0.00538096
7060,5.057,0.125841,-0.00538096
7061,5.058,0.125841,-0.00538096
7062,5.059,0.125841,-0.00538096
7063,5.06,0.125841,-0.00364211
7064,5.061,0.125841,-0.00364211
7065,5.062,0.125841,-0.00364211
7066,5.063,0.125841,-0.00364211
7067,5.064,0.125841,-0.00364211
7068,5.065,0.125841,-0.00364211
7069,5.066,0.125841,-0.00364211
7070,5.067,0.125841,-0.00364211
7071,5.068,0.125841,-0.00364211
7072,5.069,0.125841,-0.00364211
7073,5.07,0.125841,-0.00364211
7074,5.071,0.125841,-0.00538096
7075,5.072,0.125841,-0.00538096
7076,5.073,0.125841,-0.00538096
7077,5.074,0.125841,-0.00538096
7078,5.075,0.125841,-0.00538096
7079,5.076,0.125841,-0.00538096
7080,5.077,0.125841,-0.00538096
7081,5.078,0.125841,-0.00538096
7082,5.079,0.125841,-0.00364211
7083,5.08,0.125841,-0.00364211
7084,5.081,0.125841,-0.00364211
7085,5.082,0.125841,-0.00364211
7086,5.083,0.125841,-0.00364211
7087,5.084,0.125841,-0.00364211
7088,5.085,0.125841,-0.00364211
7089,5.086,0.125841,-0.00364211
7090,5.087,0.125841,-0.00364211
7091,5.088,0.125841,-0.00364211
7092,5.089,0.125841,-0.00364211
7093,5.09,0.125841,-0.00538096
7094,5.091,0.125841,-0.00538096
7095,5.092,0.125841,-0.00538096
7096,5.093,0.125841,-0.00538096
7097,5.094,0.125841,-0.00538096
7098,5.095,0.125841,-0.00538096
7099,5.096,0.125841,-0.00538096
7100,5.097,0.125841,-0.00538096
7101,5.098,0.125841,-0.00538096
7102,5.099,0.125841,-0.00538096
7103,5.1,0.125841,-0.00538096
7104,5.101,0.125841,-0.00538096
7105,5.102,0.125841,-0.00364211
7106,5.103,0.125841,-0.00364211
7107,5.104,0.125841,-0.00364211
7108,5.105,0.125841,-0.00364211
7109,5.106,0.125841,-0.00364211
7110,5.107,0.125841,-0.00364211
7111,5.108,0.125841,-0.00364211
7112,5.109,0.125841,-0.00364211
7113,5.11,0.125841,-0.00364211
7114,5.111,0.125841,-0.00538096
7115,5.112,0.125841,-0.00538096
7116,5.113,0.125841,-0.00538096
7117,5.114,0.125841,-0.00538096
7118,5.115,0.125841,-0.00538096
7119,5.116,0.125841,-0.00538096
7120,5.117,0.125841,-0.00538096
7121,5.118,0.125841,-0.00364211
7122,5.119,0.125841,-0.00364211
7123,5.12,0.125841,-0.00364211
7124,5.121,0.125841,-0.00364211
7125,5.122,0.125841,-0.00364211
7126,5.123,0.125841,-0.00364211
7127,5.124,0.125841,-0.00364211
7128,5.125,0.125841,-0.00364211
7129,5.126,0.125841,-0.00364211
7130,5.127,0.125841,-0.00364211
7131,5.128,0.125841,-0.00364211
7132,5.129,0.125841,-0.00364211
7133,5.13,0.125841,-0.00364211
7134,5.131,0.125841,-0.00538096
7135,5.132,0.125841,-0.00538096
7136,5.133,0.125841,-0.00538096
7137,5.134,0.125841,-0.00538096
7138,5.135,0.125841,-0.00538096
7139,5.136,0.125841,-0.00538096
7140,5.137,0.125841,-0.00538096
7141,5.138,0.125841,-0.00364211
7142,5.139,0.125841,-0.00364211
7143,5.14,0.125841,-0.00364211
7144,5.141,0.125841,-0.00364211
7145,5.142,0.125841,-0.00364211
7146,5.143,0.125841,-0.00364211
7147,5.144,0.125841,-0.00364211
7148,5.145,0.125841,-0.00364211
7149,5.146,0.125841,-0.00364211
7150,5.147,0.125841,-0.00364211
7151,5.148,0.125841,-0.00364211
7152,5.149,0.125841,-0.00364211
7153,5.15,0.125841,-0.00364211
7154,5.151,0.125841,-0.00538096
7155,5.152,0.125841,-0.00538096
7156,5.153,0.125841,-0.00538096
7157,5.154,0.125841,-0.00538096
7158,5.155,0.125841,-0.00538096
7159,5.156,0.125841,-0.00538096
7160,5.157,0.125841,-0.00538096
7161,5.158,0.125841,-0.00364211
7162,5.159,0.125841,-0.00364211
7163,5.16,0.125841,-0.00364211
7164,5.161,0.125841,-0.00364211
7165,5.162,0.125841,-0.00364211
7166,5.163,0.125841,-0.00364211
7167,5.164,0.125841,-0.00364211
7168,5.165,0.125841,-0.00364211
7169,5.166,0.125841,-0.00364211
7170,5.167,0.125841,-0.00364211
7171,5.168,0.125841,-0.00364211
7172,5.169,0.125841,-0.00364211
7173,5.17,0.125841,-0.00364211
7174,5.171,0.125841,-0.00538096
7175,5.172,0.125841,-0.00538096
7176,5.173,0.125841,-0.00538096
7177,5.174,0.125841,-0.00538096
7178,5.175,0.125841,-0.00538096
7179,5.176,0.125841,-0.00538096
7180,5.177,0.125841,-0.00538096
7181,5.178,0.125841,-0.00538096
7182,5.179,0.125841,-0.00364211
7183,5.18,0.125841,-0.00364211
7184,5.181,0.125841,-0.00364211
7185,5.182,0.125841,-0.00364211
7186,5.183,0.125841,-0.00364211
7187,5.184,0.125841,-0.00364211
7188,5.185,0.125841,-0.00364211
7189,5.186,0.125841,-0.00364211
7190,5.187,0.125841,-0.00364211
7191,5.188,0.125841,-0.00364211
7192,5.189,0.125841,-0.00364211
7193,5.19,0.125841,-0.00364211
7194,5.191,0.125841,-0.00538096
7195,5.192,0.125841,-0.00538096
7196,5.193,0.125841,-0.00538096
7197,5.194,0.125841,-0.00538096
7198,5.195,0.125841,-0.00538096
7199,5.196,0.125841,-0.00538096
7200,5.197,0.125841,-0.00538096
7201,5.198,0.125841,-0.00364211
7202,5.199,0.125841,-0.00364211
7203,5.2,0.125841,-0.00364211
7204,5.201,0.125841,-0.00364211
7205,5.202,0.125841,-0.00364211
7206,5.203,0.125841,-0.00364211
7207,5.204,0.125841,-0.00364211
7208,5.205,0.125841,-0.00364211
7209,5.206,0.125841,-0.00364211
7210,5.207,0.125841,-0.00364211
7211,5.208,0.125841,-0.00364211
7212,5.209,0.125841,-0.00364211
7213,5.21,0.125841,-0.00364211
7214,5.211,0.125841,-0.00538096
7215,5.212,0.125841,-0.00538096
7216,5.213,0.125841,-0.00538096
7217,5.214,0.125841,-0.00538096
7218,5.215,0.125841,-0.00538096
7219,5.216,0.125841,-0.00538096
7220,5.217,0.125841,-0.00538096
7221,5.218,0.125841,-0.00538096
7222,5.219,0.125841,-0.00364211
7223,5.22,0.125841,-0.00364211
7224,5.221,0.125841,-0.00364211
7225,5.222,0.125841,-0.00364211
7226,5.223,0.125841,-0.00364211
7227,5.224,0.125841,-0.00364211
7228,5.225,0.125841,-0.00364211
7229,5.226,0.125841,-0.00364211
7230,5.227,0.125841,-0.00364211
7231,5.228,0.125841,-0.00364211
7232,5.229,0.125841,-0.00364211
7233,5.23,0.125841,-0.00364211
7234,5.231,0.125841,-0.00538096
7235,5.232,0.125841,-0.00538096
7236,5.233,0.125841,-0.00538096
7237,5.234,0.125841,-0.00538096
7238,5.235,0.125841,-0.00538096
7239,5.236,0.125841,-0.00538096
7240,5.237,0.125841,-0.00538096
7241,5.238,0.125841,-0.00538096
7242,5.239,0.125841,-0.00364211
7243,5.24,0.125841,-0.00364211
7244,5.241,0.125841,-0.00364211
7245,5.242,0.125841,-0.00364211
7246,5.243,0.125841,-0.00364211
7247,5.244,0.125841,-0.00364211
7248,5.245,0.125841,-0.00364211
7249,5.246,0.125841,-0.00364211
7250,5.247,0.125841,-0.00364211
7251,5.248,0.125841,-0.00364211
7252,5.249,0.125841,-0.00364211
7253,5.25,0.125841,-0.00364211
7254,5.251,0.125841,-0.00538096
7255,5.252,0.125841,-0.00538096
7256,5.253,0.125841,-0.00538096
7257,5.254,0.125841,-0.00538096
7258,5.255,0.125841,-0.00538096
7259,5.256,0.125841,-0.00538096
7260,5.257,0.125841,-0.00538096
7261,5.258,0.125841,-0.00364211
7262,5.259,0.125841,-0.00364211
7263,5.26,0.125841,-0.00364211
7264,5.261,0.125841,-0.00364211
7265,5.262,0.125841,-0.00364211
7266,5.263,0.125841,-0.00364211
7267,5.264,0.125841,-0.00364211
7268,5.265,0.125841,-0.00364211
7269,5.266,0.125841,-0.00364211
7270,5.267,0.125841,-0.00364211
7271,5.268,0.125841,-0.00364211
7272,5.269,0.125841,-0.00364211
7273,5.27,0.125841,-0.00364211
7274,5.271,0.125841,-0.00538096
7275,5.272,0.125841,-0.00538096
7276,5.273,0.125841,-0.00538096
7277,5.274,0.125841,-0.00538096
7278,5.275,0.125841,-0.00538096
7279,5.276,0.125841,-0.00538096
7280,5.277,0.125841,-0.00538096
7281,5.278,0.125841,-0.00538096
7282,5.279,0.125841,-0.00364211
7283,5.28,0.125841,-0.00364211
7284,5.281,0.125841,-0.00364211
7285,5.282,0.125841,-0.00364211
7286,5.283,0.125841,-0.00364211
7287,5.284,0.125841,-0.00364211
7288,5.285,0.125841,-0.00364211
7289,5.286,0.125841,-0.00364211
7290,5.287,0.125841,-0.00364211
7291,5.288,0.125841,-0.00364211
7292,5.289,0.125841,-0.00364211
7293,5.29,0.125841,-0.00364211
7294,5.291,0.125841,-0.00538096
7295,5.292,0.125841,-0.00538096
7296,5.293,0.125841,-0.00538096
7297,5.294,0.125841,-0.00538096
7298,5.295,0.125841,-0.00538096
7299,5.296,0.125841,-0.00538096
7300,5.297,0.125841,-0.00538096
7301,5.298,0.125841,-0.00538096
7302,5.299,0.125841,-0.00538096
7303,5.3,0.125841,-0.00364211
7304,5.301,0.125841,-0.00364211
7305,5.302,0.125841,-0.00364211
7306,5.303,0.125841,-0.00364211
7307,5.304,0.125841,-0.00364211
7308,5.305,0.125841,-0.00364211
7309,5.306,0.125841,-0.00364211
7310,5.307,0.125841,-0.00364211
7311,5.308,0.125841,-0.00364211
7312,5.309,0.125841,-0.00364211
7313,5.31,0.125841,-0.00364211
7314,5.311,0.125841,-0.00538096
7315,5.312,0.125841,-0.00538096
7316,5.313,0.125841,-0.00538096
7317,5.314,0.125841,-0.00538096
7318,5.315,0.125841,-0.00538096
7319,5.316,0.125841,-0.00538096
7320,5.317,0.125841,-0.00538096
7321,5.318,0.125841,-0.00364211
7322,5.319,0.125841,-0.00364211
7323,5.32,0.125841,-0.00364211
7324,5.321,0.125841,-0.00364211
7325,5.322,0.125841,-0.00364211
7326,5.323,0.125841,-0.00364211
7327,5.324,0.125841,-0.00364211
7328,5.325,0.125841,-0.00364211
7329,5.326,0.125841,-0.00364211
7330,5.327,0.125841,-0.00364211
7331,5.328,0.125841,-0.00364211
7332,5.329,0.125841,-0.00364211
7333,5.33,0.125841,-0.00364211
7334,5.331,0.125841,-0.00538096
7335,5.332,0.125841,-0.00538096
7336,5.333,0.125841,-0.00538096
7337,5.334,0.125841,-0.00538096
7338,5.335,0.125841,-0.00538096
7339,5.336,0.125841,-0.00538096
7340,5.337,0.125841,-0.00538096
7341,5.338,0.125841,-0.00538096
7342,5.339,0.125841,-0.00364211
7343,5.34,0.125841,-0.00364211
7344,5.341,0.125841,-0.00364211
7345,5.342,0.125841,-0.00364211
7346,5.343,0.125841,-0.00364211
7347,5.344,0.125841,-0.00364211
7348,5.345,0.125841,-0.00364211
7349,5.346,0.125841,-0.00364211
7350,5.347,0.125841,-0.00364211
7351,5.348,0.125841,-0.00364211
7352,5.349,0.125841,-0.00364211
7353,5.35,0.125841,-0.00364211
7354,5.351,0.125841,-0.00538096
7355,5.352,0.125841,-0.00538096
7356,5.353,0.125841,-0.00538096
7357,5.354,0.125841,-0.00538096
7358,5.355,0.125841,-0.00538096
7359,5.356,0.125841,-0.00538096
7360,5.357,0.125841,-0.00538096
7361,5.358,0.125841,-0.00538096
7362,5.359,0.125841,-0.00364211
7363,5.36,0.125841,-0.00364211
7364,5.361,0.125841,-0.00364211
7365,5.362,0.125841,-0.00364211
7366,5.363,0.125841,-0.00364211
7367,5.364,0.125841,-0.00364211
7368,5.365,0.125841,-0.00364211
7369,5.366,0.125841,-0.00364211
7370,5.367,0.125841,-0.00364211
7371,5.368,0.125841,-0.00364211
7372,5.369,0.125841,-0.00364211
7373,5.37,0.125841,-0.00538096
7374,5.371,0.125841,-0.00538096
7375,5.372,0.125841,-0.00538096
7376,5.373,0.125841,-0.00538096
7377,5.374,0.125841,-0.00538096
7378,5.375,0.125841,-0.00538096
7379,5.376,0.125841,-0.00538096
7380,5.377,0.125841,-0.00538096
7381,5.378,0.125841,-0.00538096
7382,5.379,0.125841,-0.00364211
7383,5.38,0.125841,-0.00364211
7384,5.381,0.125841,-0.00364211
7385,5.382,0.125841,-0.00364211
7386,5.383,0.125841,-0.00364211
7387,5.384,0.125841,-0.00364211
7388,5.385,0.125841,-0.00364211
7389,5.386,0.125841,-0.00364211
7390,5.387,0.125841,-0.00364211
7391,5.388,0.125841,-0.00364211
7392,5.389,0.125841,-0.00364211
7393,5.39,0.125841,-0.00364211
7394,5.391,0.125841,-0.00538096
7395,5.392,0.125841,-0.00538096
7396,5.393,0.125841,-0.00538096
7397,5.394,0.125841,-0.00538096
7398,5.395,0.125841,-0.00538096
7399,5.396,0.125841,-0.00538096
7400,5.397,0.125841,-0.00538096
7401,5.398,0.125841,-0.00538096
7402,5.399,0.125841,-0.00364211
7403,5.4,0.125841,-0.00364211
7404,5.401,0.125841,-0.00364211
7405,5.402,0.125841,-0.00364211
7406,5.403,0.125841,-0.00364211
7407,5.404,0.125841,-0.00364211
7408,5.405,0.125841,-0.00364211
7409,5.406,0.125841,-0.00364211
7410,5.407,0.125841,-0.00364211
7411,5.408,0.125841,-0.00364211
7412,5.409,0.125841,-0.00364211
7413,5.41,0.125841,-0.00364211
7414,5.411,0.125841,-0.00538096
7415,5.412,0.125841,-0.00538096
7416,5.413,0.125841,-0.00538096
7417,5.414,0.125841,-0.00538096
7418,5.415,0.125841,-0.00538096
7419,5.416,0.125841,-0.00538096
7420,5.417,0.125841,-0.00538096
7421,5.418,0.125841,-0.00364211
7422,5.419,0.125841,-0.00364211
7423,5.42,0.125841,-0.00364211
7424,5.421,0.125841,-0.00364211
7425,5.422,0.125841,-0.00364211
7426,5.423,0.125841,-0.00364211
7427,5.424,0.125841,-0.00364211
7428,5.425,0.125841,-0.00364211
7429,5.426,0.125841,-0.00364211
7430,5.427,0.125841,-0.00364211
7431,5.428,0.125841,-0.00364211
7432,5.429,0.125841,-0.00364211
7433,5.43,0.125841,-0.00364211
7434,5.431,0.125841,-0.00538096
7435,5.432,0.125841,-0.00538096
7436,5.433,0.125841,-0.00538096
7437,5.434,0.125841,-0.00538096
7438,5.435,0.125841,-0.00538096
7439,5.436,0.125841,-0.00538096
7440,5.437,0.125841,-0.00538096
7441,5.438,0.125841,-0.00364211
7442,5.439,0.125841,-0.00364211
7443,5.44,0.125841,-0.00364211
7444,5.441,0.125841,-0.00364211
7445,5.442,0.125841,-0.00364211
7446,5.443,0.125841,-0.00364211
7447,5.444,0.125841,-0.00364211
7448,5.445,0.125841,-0.00364211
7449,5.446,0.125841,-0.00364211
7450,5.447,0.125841,-0.00364211
7451,5.448,0.125841,-0.00364211
7452,5.449,0.125841,-0.00364211
7453,5.45,0.125841,-0.00364211
7454,5.451,0.125841,-0.00538096
7455,5.452,0.125841,-0.00538096
7456,5.453,0.125841,-0.00538096
7457,5.454,0.125841,-0.00538096
7458,5.455,0.125841,-0.00538096
7459,5.456,0.125841,-0.00538096
7460,5.457,0.125841,-0.00538096
7461,5.458,0.125841,-0.00364211
7462,5.459,0.125841,-0.00538096
7463,5.46,0.125841,-0.00190326
7464,5.461,0.125841,-0.00364211
7465,5.462,0.125841,-0.00364211
7466,5.463,0.125841,-0.00364211
7467,5.464,0.125841,-0.00364211
7468,5.465,0.125841,-0.00364211
7469,5.466,0.125841,-0.00364211
7470,5.467,0.125841,-0.00364211
7471,5.468,0.125841,-0.00364211
7472,5.469,0.125841,-0.00364211
7473,5.47,0.125841,-0.00364211
7474,5.471,0.125841,-0.00538096
7475,5.472,0.125841,-0.00538096
7476,5.473,0.125841,-0.00538096
7477,5.474,0.125841,-0.00538096
7478,5.475,0.125841,-0.00538096
7479,5.476,0.125841,-0.00538096
7480,5.477,0.125841,-0.00538096
7481,5.478,0.125841,-0.00364211
7482,5.479,0.125841,-0.00364211
7483,5.48,0.125841,-0.00364211
7484,5.481,0.125841,-0.00364211
7485,5.482,0.125841,-0.00364211
7486,5.483,0.125841,-0.00364211
7487,5.484,0.125841,-0.00364211
7488,5.485,0.125841,-0.00364211
7489,5.486,0.125841,-0.00364211
7490,5.487,0.125841,-0.00364211
7491,5.488,0.125841,-0.00364211
7492,5.489,0.125841,-0.00364211
7493,5.49,0.125841,-0.00364211
7494,5.491,0.125841,-0.00538096
7495,5.492,0.125841,-0.00538096
7496,5.493,0.125841,-0.00538096
7497,5.494,0.125841,-0.00538096
7498,5.495,0.125841,-0.00538096
7499,5.496,0.125841,-0.00538096
7500,5.497,0.125841,-0.00538096
7501,5.498,0.125841,-0.00538096
7502,5.499,0.125841,-0.00538096
7503,5.5,0.125841,-0.00538096
7504,5.501,0.125841,-0.00364211
7505,5.502,0.125841,-0.00364211
7506,5.503,0.125841,-0.00364211
7507,5.504,0.125841,-0.00364211
7508,5.505,0.125841,-0.00364211
7509,5.506,0.125841,-0.00364211
7510,5.507,0.125841,-0.00364211
7511,5.508,0.125841,-0.00364211
7512,5.509,0.125841,-0.00364211
7513,5.51,0.125841,-0.00364211
7514,5.511,0.125841,-0.00538096
7515,5.512,0.125841,-0.00538096
7516,5.513,0.125841,-0.00538096
7517,5.514,0.125841,-0.00538096
7518,5.515,0.125841,-0.00538096
7519,5.516,0.125841,-0.00538096
7520,5.517,0.125841,-0.00538096
7521,5.518,0.125841,-0.00538096
7522,5.519,0.125841,-0.00364211
7523,5.52,0.125841,-0.00364211
7524,5.521,0.125841,-0.00364211
7525,5.522,0.125841,-0.00364211
7526,5.523,0.125841,-0.00364211
7527,5.524,0.125841,-0.00364211
7528,5.525,0.125841,-0.00364211
7529,5.526,0.125841,-0.00364211
7530,5.527,0.125841,-0.00364211
7531,5.528,0.125841,-0.00364211
7532,5.529,0.125841,-0.00364211
7533,5.53,0.125841,-0.00364211
7534,5.531,0.125841,-0.00538096
7535,5.532,0.125841,-0.00538096
7536,5.533,0.125841,-0.00538096
7537,5.534,0.125841,-0.00538096
7538,5.535,0.125841,-0.00538096
7539,5.536,0.125841,-0.00538096
7540,5.537,0.125841,-0.00538096
7541,5.538,0.125841,-0.00538096
7542,5.539,0.125841,-0.00364211
7543,5.54,0.125841,-0.00364211
7544,5.541,0.125841,-0.00364211
7545,5.542,0.125841,-0.00364211
7546,5.543,0.125841,-0.00364211
7547,5.544,0.125841,-0.00364211
7548,5.545,0.125841,-0.00364211
7549,5.546,0.125841,-0.00364211
7550,5.547,0.125841,-0.00364211
7551,5.548,0.125841,-0.00364211
7552,5.549,0.125841,-0.00364211
7553,5.55,0.125841,-0.00364211
7554,5.551,0.125841,-0.00538096
7555,5.552,0.125841,-0.00538096
7556,5.553,0.125841,-0.00538096
7557,5.554,0.125841,-0.00538096
7558,5.555,0.125841,-0.00538096
7559,5.556,0.125841,-0.00538096
7560,5.557,0.125841,-0.00538096
7561,5.558,0.125841,-0.00364211
7562,5.559,0.125841,-0.00364211
7563,5.56,0.125841,-0.00364211
7564,5.561,0.125841,-0.00364211
7565,5.562,0.125841,-0.00364211
7566,5.563,0.125841,-0.00364211
7567,5.564,0.125841,-0.00364211
7568,5.565,0.125841,-0.00364211
7569,5.566,0.125841,-0.00364211
7570,5.567,0.125841,-0.00364211
7571,5.568,0.125841,-0.00364211
7572,5.569,0.125841,-0.00364211
7573,5.57,0.125841,-0.00364211
7574,5.571,0.125841,-0.00538096
7575,5.572,0.125841,-0.00538096
7576,5.573,0.125841,-0.00538096
7577,5.574,0.125841,-0.00538096
7578,5.575,0.125841,-0.00538096
7579,5.576,0.125841,-0.00538096
7580,5.577,0.125841,-0.00538096
7581,5.578,0.125841,-0.00364211
7582,5.579,0.125841,-0.00364211
7583,5.58,0.125841,-0.00364211
7584,5.581,0.125841,-0.00364211
7585,5.582,0.125841,-0.00364211
7586,5.583,0.125841,-0.00364211
7587,5.584,0.125841,-0.00364211
7588,5.585,0.125841,-0.00364211
7589,5.586,0.125841,-0.00364211
7590,5.587,0.125841,-0.00364211
7591,5.588,0.125841,-0.00364211
7592,5.589,0.125841,-0.00364211
7593,5.59,0.125841,-0.00364211
7594,5.591,0.125841,-0.00538096
7595,5.592,0.125841,-0.00538096
7596,5.593,0.125841,-0.00538096
7597,5.594,0.125841,-0.00538096
7598,5.595,0.125841,-0.00538096
7599,5.596,0.125841,-0.00538096
7600,5.597,0.125841,-0.00538096
7601,5.598,0.125841,-0.00538096
7602,5.599,0.125841,-0.00364211
7603,5.6,0.125841,-0.00364211
7604,5.601,0.125841,-0.00364211
7605,5.602,0.125841,-0.00364211
7606,5.603,0.125841,-0.00364211
7607,5.604,0.125841,-0.00364211
7608,5.605,0.125841,-0.00364211
7609,5.606,0.125841,-0.00364211
7610,5.607,0.125841,-0.00364211
7611,5.608,0.125841,-0.00364211
7612,5.609,0.125841,-0.00364211
7613,5.61,0.125841,-0.00364211
7614,5.611,0.125841,-0.00538096
7615,5.612,0.125841,-0.00538096
7616,5.613,0.125841,-0.00538096
7617,5.614,0.125841,-0.00538096
7618,5.615,0.125841,-0.00538096
7619,5.616,0.125841,-0.00538096
7620,5.617,0.125841,-0.00538096
7621,5.618,0.125841,-0.00538096
7622,5.619,0.125841,-0.00364211
7623,5.62,0.125841,-0.00364211
7624,5.621,0.125841,-0.00364211
7625,5.622,0.125841,-0.00364211
7626,5.623,0.125841,-0.00364211
7627,5.624,0.125841,-0.00364211
7628,5.625,0.125841,-0.00364211
7629,5.626,0.125841,-0.00364211
7630,5.627,0.125841,-0.00364211
7631,5.628,0.125841,-0.00364211
7632,5.629,0.125841,-0.00364211
7633,5.63,0.125841,-0.00364211
7634,5.631,0.125841,-0.00538096
7635,5.632,0.125841,-0.00538096
7636,5.633,0.125841,-0.00538096
7637,5.634,0.125841,-0.00538096
7638,5.635,0.125841,-0.00538096
7639,5.636,0.125841,-0.00538096
7640,5.637,0.125841,-0.00538096
7641,5.638,0.125841,-0.00538096
7642,5.639,0.125841,-0.00538096
7643,5.64,0.125841,-0.00364211
7644,5.641,0.125841,-0.00364211
7645,5.642,0.125841,-0.00364211
7646,5.643,0.125841,-0.00364211
7647,5.644,0.125841,-0.00364211
7648,5.645,0.125841,-0.00364211
7649,5.646,0.125841,-0.00364211
7650,5.647,0.125841,-0.00364211
7651,5.648,0.125841,-0.00364211
7652,5.649,0.125841,-0.00364211
7653,5.65,0.125841,-0.00364211
7654,5.651,0.125841,-0.00538096
7655,5.652,0.125841,-0.00538096
7656,5.653,0.125841,-0.00538096
7657,5.654,0.125841,-0.00538096
7658,5.655,0.125841,-0.00538096
7659,5.656,0.125841,-0.00538096
7660,5.657,0.125841,-0.00538096
7661,5.658,0.125841,-0.00190326
7662,5.659,0.125841,-0.00538096
7663,5.66,0.125841,-0.00364211
7664,5.661,0.125841,-0.00364211
7665,5.662,0.125841,-0.00364211
7666,5.663,0.125841,-0.00364211
7667,5.664,0.125841,-0.00364211
7668,5.665,0.125841,-0.00364211
7669,5.666,0.125841,-0.00364211
7670,5.667,0.125841,-0.00364211
7671,5.668,0.125841,-0.00364211
7672,5.669,0.125841,-0.00364211
7673,5.67,0.125841,-0.00364211
7674,5.671,0.125841,-0.00538096
7675,5.672,0.125841,-0.00538096
7676,5.673,0.125841,-0.00538096
7677,5.674,0.125841,-0.00538096
7678,5.675,0.125841,-0.00538096
7679,5.676,0.125841,-0.00538096
7680,5.677,0.125841,-0.00538096
7681,5.678,0.125841,-0.00364211
7682,5.679,0.125841,-0.00364211
7683,5.68,0.125841,-0.00364211
7684,5.681,0.125841,-0.00364211
7685,5.682,0.125841,-0.00364211
7686,5.683,0.125841,-0.00364211
7687,5.684,0.125841,-0.00364211
7688,5.685,0.125841,-0.00364211
7689,5.686,0.125841,-0.00364211
7690,5.687,0.125841,-0.00364211
7691,5.688,0.125841,-0.00364211
7692,5.689,0.125841,-0.00364211
7693,5.69,0.125841,-0.00364211
7694,5.691,0.125841,-0.00538096
7695,5.692,0.125841,-0.00538096
7696,5.693,0.125841,-0.00538096
7697,5.694,0.125841,-0.00538096
7698,5.695,0.125841,-0.00538096
7699,5.696,0.125841,-0.00538096
7700,5.697,0.125841,-0.00538096
7701,5.698,0.125841,-0.00538096
7702,5.699,0.125841,-0.00364211
7703,5.7,0.125841,-0.00364211
7704,5.701,0.125841,-0.00364211
7705,5.702,0.125841,-0.00364211
7706,5.703,0.125841,-0.00364211
7707,5.704,0.125841,-0.00364211
7708,5.705,0.125841,-0.00364211
7709,5.706,0.125841,-0.00364211
7710,5.707,0.125841,-0.00364211
7711,5.708,0.125841,-0.00364211
7712,5.709,0.125841,-0.00364211
7713,5.71,0.125841,-0.00538096
7714,5.711,0.125841,-0.00538096
7715,5.712,0.125841,-0.00538096
7716,5.713,0.125841,-0.00538096
7717,5.714,0.125841,-0.00538096
7718,5.715,0.125841,-0.00538096
7719,5.716,0.125841,-0.00538096
7720,5.717,0.125841,-0.00538096
7721,5.718,0.125841,-0.00538096
7722,5.719,0.125841,-0.00538096
7723,5.72,0.125841,-0.00364211
7724,5.721,0.125841,-0.00364211
7725,5.722,0.125841,-0.00364211
7726,5.723,0.125841,-0.00364211
7727,5.724,0.125841,-0.00364211
7728,5.725,0.125841,-0.00364211
7729,5.726,0.125841,-0.00364211
7730,5.727,0.125841,-0.00364211
7731,5.728,0.125841,-0.00364211
7732,5.729,0.125841,-0.00364211
7733,5.73,0.125841,-0.00364211
7734,5.731,0.125841,-0.00538096
7735,5.732,0.125841,-0.00538096
7736,5.733,0.125841,-0.00538096
7737,5.734,0.125841,-0.00538096
7738,5.735,0.125841,-0.00538096
7739,5.736,0.125841,-0.00538096
7740,5.737,0.125841,-0.00538096
7741,5.738,0.125841,-0.00538096
7742,5.739,0.125841,-0.00538096
7743,5.74,0.125841,-0.00190326
7744,5.741,0.125841,-0.00538096
7745,5.742,0.125841,-0.00364211
7746,5.743,0.125841,-0.00364211
7747,5.744,0.125841,-0.00364211
7748,5.745,0.125841,-0.00364211
7749,5.746,0.125841,-0.00364211
7750,5.747,0.125841,-0.00364211
7751,5.748,0.125841,-0.00364211
7752,5.749,0.125841,-0.00364211
7753,5.75,0.125841,-0.00538096
7754,5.751,0.125841,-0.00538096
7755,5.752,0.125841,-0.00538096
7756,5.753,0.125841,-0.00538096
7757,5.754,0.125841,-0.00538096
7758,5.755,0.125841,-0.00538096
7759,5.756,0.125841,-0.00538096
7760,5.757,0.125841,-0.00538096
7761,5.758,0.125841,-0.00190326
7762,5.759,0.125841,-0.00538096
7763,5.76,0.125841,-0.00364211
7764,5.761,0.125841,-0.00364211
7765,5.762,0.125841,-0.00364211
7766,5.763,0.125841,-0.00364211
7767,5.764,0.125841,-0.00364211
7768,5.765,0.125841,-0.00364211
7769,5.766,0.125841,-0.00364211
7770,5.767,0.125841,-0.00364211
7771,5.768,0.125841,-0.00364211
7772,5.769,0.125841,-0.00364211
7773,5.77,0.125841,-0.00364211
7774,5.771,0.125841,-0.00538096
7775,5.772,0.125841,-0.00538096
7776,5.773,0.125841,-0.00538096
7777,5.774,0.125841,-0.00538096
7778,5.775,0.125841,-0.00538096
7779,5.776,0.125841,-0.00538096
7780,5.777,0.125841,-0.00538096
7781,5.778,0.125841,-0.00364211
7782,5.779,0.125841,-0.00364211
7783,5.78,0.125841,-0.00364211
7784,5.781,0.125841,-0.00364211
7785,5.782,0.125841,-0.00364211
7786,5.783,0.125841,-0.00364211
7787,5.784,0.125841,-0.00364211
7788,5.785,0.125841,-0.00364211
7789,5.786,0.125841,-0.00364211
7790,5.787,0.125841,-0.00364211
7791,5.788,0.125841,-0.00364211
7792,5.789,0.125841,-0.00364211
7793,5.79,0.125841,-0.00364211
7794,5.791,0.125841,-0.00538096
7795,5.792,0.125841,-0.00538096
7796,5.793,0.125841,-0.00538096
7797,5.794,0.125841,-0.00538096
7798,5.795,0.125841,-0.00538096
7799,5.796,0.125841,-0.00538096
7800,5.797,0.125841,-0.00538096
7801,5.798,0.125841,-0.00364211
7802,5.799,0.125841,-0.00364211
7803,5.8,0.125841,-0.00364211
7804,5.801,0.125841,-0.00364211
7805,5.802,0.125841,-0.00364211
7806,5.803,0.125841,-0.00364211
7807,5.804,0.125841,-0.00364211
7808,5.805,0.125841,-0.00364211
7809,5.806,0.125841,-0.00364211
7810,5.807,0.125841,-0.00364211
7811,5.808,0.125841,-0.00364211
7812,5.809,0.125841,-0.00364211
7813,5.81,0.125841,-0.00364211
7814,5.811,0.125841,-0.00538096
7815,5.812,0.125841,-0.00538096
7816,5.813,0.125841,-0.00538096
7817,5.814,0.125841,-0.00538096
7818,5.815,0.125841,-0.00538096
7819,5.816,0.125841,-0.00538096
7820,5.817,0.125841,-0.00364211
7821,5.818,0.125841,-0.00364211
7822,5.819,0.125841,-0.00364211
7823,5.82,0.125841,-0.00364211
7824,5.821,0.125841,-0.00364211
7825,5.822,0.125841,-0.00364211
7826,5.823,0.125841,-0.00364211
7827,5.824,0.125841,-0.00364211
7828,5.825,0.125841,-0.00364211
7829,5.826,0.125841,-0.00364211
7830,5.827,0.125841,-0.00364211
7831,5.828,0.125841,-0.00364211
7832,5.829,0.125841,-0.00364211
7833,5.83,0.125841,-0.00364211
7834,5.831,0.125841,-0.00538096
7835,5.832,0.125841,-0.00538096
7836,5.833,0.125841,-0.00538096
7837,5.834,0.125841,-0.00538096
7838,5.835,0.125841,-0.00538096
7839,5.836,0.125841,-0.00538096
7840,5.837,0.125841,-0.00538096
7841,5.838,0.125841,-0.00538096
7842,5.839,0.125841,-0.00364211
7843,5.84,0.125841,-0.00364211
7844,5.841,0.125841,-0.00364211
7845,5.842,0.125841,-0.00364211
7846,5.843,0.125841,-0.00364211
7847,5.844,0.125841,-0.00364211
7848,5.845,0.125841,-0.00364211
7849,5.846,0.125841,-0.00364211
7850,5.847,0.125841,-0.00364211
7851,5.848,0.125841,-0.00364211
7852,5.849,0.125841,-0.00364211
7853,5.85,0.125841,-0.00364211
7854,5.851,0.125841,-0.00538096
7855,5.852,0.125841,-0.00538096
7856,5.853,0.125841,-0.00538096
7857,5.854,0.125841,-0.00538096
7858,5.855,0.125841,-0.00538096
7859,5.856,0.125841,-0.00538096
7860,5.857,0.125841,-0.00538096
7861,5.858,0.125841,-0.00364211
7862,5.859,0.125841,-0.00364211
7863,5.86,0.125841,-0.00364211
7864,5.861,0.125841,-0.00364211
7865,5.862,0.125841,-0.00364211
7866,5.863,0.125841,-0.00364211
7867,5.864,0.125841,-0.00364211
7868,5.865,0.125841,-0.00364211
7869,5.866,0.125841,-0.00364211
7870,5.867,0.125841,-0.00364211
7871,5.868,0.125841,-0.00364211
7872,5.869,0.125841,-0.00364211
7873,5.87,0.125841,-0.00364211
7874,5.871,0.125841,-0.00538096
7875,5.872,0.125841,-0.00538096
7876,5.873,0.125841,-0.00538096
7877,5.874,0.125841,-0.00538096
7878,5.875,0.125841,-0.00538096
7879,5.876,0.125841,-0.00538096
7880,5.877,0.125841,-0.00364211
7881,5.878,0.125841,-0.00364211
7882,5.879,0.125841,-0.00364211
7883,5.88,0.125841,-0.00364211
7884,5.881,0.125841,-0.00364211
7885,5.882,0.125841,-0.00364211
7886,5.883,0.125841,-0.00364211
7887,5.884,0.125841,-0.00364211
7888,5.885,0.125841,-0.00364211
7889,5.886,0.125841,-0.00364211
7890,5.887,0.125841,-0.00364211
7891,5.888,0.125841,-0.00364211
7892,5.889,0.125841,-0.00364211
7893,5.89,0.125841,-0.00364211
7894,5.891,0.125841,-0.00538096
7895,5.892,0.125841,-0.00538096
7896,5.893,0.125841,-0.00538096
7897,5.894,0.125841,-0.00538096
7898,5.895,0.125841,-0.00538096
7899,5.896,0.125841,-0.00538096
7900,5.897,0.125841,-0.00538096
7901,5.898,0.125841,-0.00364211
7902,5.899,0.125841,-0.00711981
7903,5.9,0.125841,-0.00364211
7904,5.901,0.125841,-0.00364211
7905,5.902,0.125841,-0.00364211
7906,5.903,0.125841,-0.00364211
7907,5.904,0.125841,-0.00364211
7908,5.905,0.125841,-0.00364211
7909,5.906,0.125841,-0.00364211
7910,5.907,0.125841,-0.00364211
7911,5.908,0.125841,-0.00364211
7912,5.909,0.125841,-0.00364211
7913,5.91,0.125841,-0.00364211
7914,5.911,0.125841,-0.00538096
7915,5.912,0.125841,-0.00538096
7916,5.913,0.125841,-0.00538096
7917,5.914,0.125841,-0.00538096
7918,5.915,0.125841,-0.00538096
7919,5.916,0.125841,-0.00538096
7920,5.917,0.125841,-0.00538096
7921,5.918,0.125841,-0.00364211
7922,5.919,0.125841,-0.00364211
7923,5.92,0.125841,-0.00364211
7924,5.921,0.125841,-0.00364211
7925,5.922,0.125841,-0.00364211
7926,5.923,0.125841,-0.00364211
7927,5.924,0.125841,-0.00364211
7928,5.925,0.125841,-0.00364211
7929,5.926,0.125841,-0.00364211
7930,5.927,0.125841,-0.00364211
7931,5.928,0.125841,-0.00364211
7932,5.929,0.125841,-0.00364211
7933,5.93,0.125841,-0.00364211
7934,5.931,0.125841,-0.00538096
7935,5.932,0.125841,-0.00538096
7936,5.933,0.125841,-0.00538096
7937,5.934,0.125841,-0.00538096
7938,5.935,0.125841,-0.00538096
7939,5.936,0.125841,-0.00538096
7940,5.937,0.125841,-0.00364211
7941,5.938,0.125841,-0.00364211
7942,5.939,0.125841,-0.00364211
7943,5.94,0.125841,-0.00364211
7944,5.941,0.125841,-0.00364211
7945,5.942,0.125841,-0.00364211
7946,5.943,0.125841,-0.00364211
7947,5.944,0.125841,-0.00364211
7948,5.945,0.125841,-0.00364211
7949,5.946,0.125841,-0.00364211
7950,5.947,0.125841,-0.00364211
7951,5.948,0.125841,-0.00364211
7952,5.949,0.125841,-0.00364211
7953,5.95,0.125841,-0.00364211
7954,5.951,0.125841,-0.00538096
7955,5.952,0.125841,-0.00538096
7956,5.953,0.125841,-0.00538096
7957,5.954,0.125841,-0.00538096
7958,5.955,0.125841,-0.00538096
7959,5.956,0.125841,-0.00538096
7960,5.957,0.125841,-0.00538096
7961,5.958,0.125841,-0.00364211
7962,5.959,0.125841,-0.00364211
7963,5.96,0.125841,-0.00364211
7964,5.961,0.125841,-0.00364211
7965,5.962,0.125841,-0.00364211
7966,5.963,0.125841,-0.00364211
7967,5.964,0.125841,-0.00364211
7968,5.965,0.125841,-0.00364211
7969,5.966,0.125841,-0.00364211
7970,5.967,0.125841,-0.00364211
7971,5.968,0.125841,-0.00364211
7972,5.969,0.125841,-0.00364211
7973,5.97,0.125841,-0.00538096
7974,5.971,0.125841,-0.00538096
7975,5.972,0.125841,-0.00538096
7976,5.973,0.125841,-0.00538096
7977,5.974,0.125841,-0.00538096
7978,5.975,0.125841,-0.00538096
7979,5.976,0.125841,-0.00538096
7980,5.977,0.125841,-0.00538096
7981,5.978,0.125841,-0.00364211
7982,5.979,0.125841,-0.00364211
7983,5.98,0.125841,-0.00364211
7984,5.981,0.125841,-0.00364211
7985,5.982,0.125841,-0.00364211
7986,5.983,0.125841,-0.00364211
7987,5.984,0.125841,-0.00364211
7988,5.985,0.125841,-0.00364211
7989,5.986,0.125841,-0.00364211
7990,5.987,0.125841,-0.00364211
7991,5.988,0.125841,-0.00364211
7992,5.989,0.125841,-0.00364211
7993,5.99,0.125841,-0.00364211
7994,5.991,0.125841,-0.00538096
7995,5.992,0.125841,-0.00538096
7996,5.993,0.125841,-0.00538096
7997,5.994,0.125841,-0.00538096
7998,5.995,0.125841,-0.00538096
7999,5.996,0.125841,-0.00538096
8000,5.997,0.125841,-0.00364211
8001,5.998,0.125841,-0.00364211
8002,5.999,0.125841,-0.00364211
8003,6,0.125841,-0.00364211
8004,6.001,0.125841,-0.00364211
8005,6.002,0.125841,-0.00364211
8006,6.003,0.125841,-0.00364211
8007,6.004,0.125841,-0.00364211
8008,6.005,0.125841,-0.00364211
8009,6.006,0.125841,-0.00364211
8010,6.007,0.125841,-0.00364211
8011,6.008,0.125841,-0.00364211
8012,6.009,0.125841,-0.00364211
8013,6.01,0.125841,-0.00364211
8014,6.011,0.125841,-0.00538096
8015,6.012,0.125841,-0.00538096
8016,6.013,0.125841,-0.00538096
8017,6.014,0.125841,-0.00538096
8018,6.015,0.125841,-0.00538096
8019,6.016,0.125841,-0.00538096
8020,6.017,0.125841,-0.00364211
8021,6.018,0.125841,-0.00364211
8022,6.019,0.125841,-0.00364211
8023,6.02,0.125841,-0.00364211
8024,6.021,0.125841,-0.00364211
8025,6.022,0.125841,-0.00364211
8026,6.023,0.125841,-0.00364211
8027,6.024,0.125841,-0.00364211
8028,6.025,0.125841,-0.00364211
8029,6.026,0.125841,-0.00364211
8030,6.027,0.125841,-0.00364211
8031,6.028,0.125841,-0.00364211
8032,6.029,0.125841,-0.00364211
8033,6.03,0.125841,-0.00364211
8034,6.031,0.125841,-0.00538096
8035,6.032,0.125841,-0.00538096
8036,6.033,0.125841,-0.00538096
8037,6.034,0.125841,-0.00538096
8038,6.035,0.125841,-0.00538096
8039,6.036,0.125841,-0.00538096
8040,6.037,0.125841,-0.00538096
8041,6.038,0.125841,-0.00364211
8042,6.039,0.125841,-0.00364211
8043,6.04,0.125841,-0.00364211
8044,6.041,0.125841,-0.00364211
8045,6.042,0.125841,-0.00364211
8046,6.043,0.125841,-0.00364211
8047,6.044,0.125841,-0.00364211
8048,6.045,0.125841,-0.00364211
8049,6.046,0.125841,-0.00364211
8050,6.047,0.125841,-0.00364211
8051,6.048,0.125841,-0.00364211
8052,6.049,0.125841,-0.00364211
8053,6.05,0.125841,-0.00364211
8054,6.051,0.125841,-0.00538096
8055,6.052,0.125841,-0.00538096
8056,6.053,0.125841,-0.00538096
8057,6.054,0.125841,-0.00538096
8058,6.055,0.125841,-0.00538096
8059,6.056,0.125841,-0.00538096
8060,6.057,0.125841,-0.00364211
8061,6.058,0.125841,-0.00364211
8062,6.059,0.125841,-0.00364211
8063,6.06,0.125841,-0.00364211
8064,6.061,0.125841,-0.00364211
8065,6.062,0.125841,-0.00364211
8066,6.063,0.125841,-0.00364211
8067,6.064,0.125841,-0.00364211
8068,6.065,0.125841,-0.00364211
8069,6.066,0.125841,-0.00364211
8070,6.067,0.125841,-0.00364211
8071,6.068,0.125841,-0.00364211
8072,6.069,0.125841,-0.00364211
8073,6.07,0.125841,-0.00364211
8074,6.071,0.125841,-0.00538096
8075,6.072,0.125841,-0.00538096
8076,6.073,0.125841,-0.00538096
8077,6.074,0.125841,-0.00538096
8078,6.075,0.125841,-0.00538096
8079,6.076,0.125841,-0.00538096
8080,6.077,0.125841,-0.00364211
8081,6.078,0.125841,-0.00364211
8082,6.079,0.125841,-0.00364211
8083,6.08,0.125841,-0.00364211
8084,6.081,0.125841,-0.00364211
8085,6.082,0.125841,-0.00364211
8086,6.083,0.125841,-0.00364211
8087,6.084,0.125841,-0.00364211
8088,6.085,0.125841,-0.00364211
8089,6.086,0.125841,-0.00364211
8090,6.087,0.125841,-0.00364211
8091,6.088,0.125841,-0.00364211
8092,6.089,0.125841,-0.00364211
8093,6.09,0.125841,-0.00364211
8094,6.091,0.125841,-0.00538096
8095,6.092,0.125841,-0.00538096
8096,6.093,0.125841,-0.00538096
8097,6.094,0.125841,-0.00538096
8098,6.095,0.125841,-0.00538096
8099,6.096,0.125841,-0.00538096
8100,6.097,0.125841,-0.00538096
8101,6.098,0.125841,-0.00364211
8102,6.099,0.125841,-0.00364211
8103,6.1,0.125841,-0.00364211
8104,6.101,0.125841,-0.00364211
8105,6.102,0.125841,-0.00364211
8106,6.103,0.125841,-0.00364211
8107,6.104,0.125841,-0.00364211
8108,6.105,0.125841,-0.00364211
8109,6.106,0.125841,-0.00364211
8110,6.107,0.125841,-0.00364211
8111,6.108,0.125841,-0.00364211
8112,6.109,0.125841,-0.00364211
8113,6.11,0.125841,-0.00364211
8114,6.111,0.125841,-0.00538096
8115,6.112,0.125841,-0.00538096
8116,6.113,0.125841,-0.00538096
8117,6.114,0.125841,-0.00538096
8118,6.115,0.125841,-0.00538096
8119,6.116,0.125841,-0.00364211
8120,6.117,0.125841,-0.00364211
8121,6.118,0.125841,-0.00364211
8122,6.119,0.125841,-0.00364211
8123,6.12,0.125841,-0.00364211
8124,6.121,0.125841,-0.00364211
8125,6.122,0.125841,-0.00364211
8126,6.123,0.125841,-0.00364211
8127,6.124,0.125841,-0.00364211
8128,6.125,0.125841,-0.00364211
8129,6.126,0.125841,-0.00364211
8130,6.127,0.125841,-0.00364211
8131,6.128,0.125841,-0.00364211
8132,6.129,0.125841,-0.00364211
8133,6.13,0.125841,-0.00364211
8134,6.131,0.125841,-0.00538096
8135,6.132,0.125841,-0.00538096
8136,6.133,0.125841,-0.00538096
8137,6.134,0.125841,-0.00538096
8138,6.135,0.125841,-0.00538096
8139,6.136,0.125841,-0.00538096
8140,6.137,0.125841,-0.00538096
8141,6.138,0.125841,-0.00538096
8142,6.139,0.125841,-0.00364211
8143,6.14,0.125841,-0.00364211
8144,6.141,0.125841,-0.00364211
8145,6.142,0.125841,-0.00364211
8146,6.143,0.125841,-0.00364211
8147,6.144,0.125841,-0.00364211
8148,6.145,0.125841,-0.00364211
8149,6.146,0.125841,-0.00364211
8150,6.147,0.125841,-0.00364211
8151,6.148,0.125841,-0.00364211
8152,6.149,0.125841,-0.00364211
8153,6.15,0.125841,-0.00364211
8154,6.151,0.125841,-0.00538096
8155,6.152,0.125841,-0.00538096
8156,6.153,0.125841,-0.00538096
8157,6.154,0.125841,-0.00538096
8158,6.155,0.125841,-0.00538096
8159,6.156,0.125841,-0.00538096
8160,6.157,0.125841,-0.00538096
8161,6.158,0.125841,-0.00364211
8162,6.159,0.125841,-0.00364211
8163,6.16,0.125841,-0.00364211
8164,6.161,0.125841,-0.00364211
8165,6.162,0.125841,-0.00364211
8166,6.163,0.125841,-0.00364211
8167,6.164,0.125841,-0.00364211
8168,6.165,0.125841,-0.00364211
8169,6.166,0.125841,-0.00364211
8170,6.167,0.125841,-0.00364211
8171,6.168,0.125841,-0.00364211
8172,6.169,0.125841,-0.00364211
8173,6.17,0.125841,-0.00364211
8174,6.171,0.125841,-0.00538096
8175,6.172,0.125841,-0.00538096
8176,6.173,0.125841,-0.00538096
8177,6.174,0.125841,-0.00538096
8178,6.175,0.125841,-0.00538096
8179,6.176,0.125841,-0.00538096
8180,6.177,0.125841,-0.00538096
8181,6.178,0.125841,-0.00538096
8182,6.179,0.125841,-0.00538096
8183,6.18,0.125841,-0.00364211
8184,6.181,0.125841,-0.00364211
8185,6.182,0.125841,-0.00364211
8186,6.183,0.125841,-0.00364211
8187,6.184,0.125841,-0.00364211
8188,6.185,0.125841,-0.00364211
8189,6.186,0.125841,-0.00364211
8190,6.187,0.125841,-0.00364211
8191,6.188,0.125841,-0.00364211
8192,6.189,0.125841,-0.00364211
8193,6.19,0.125841,-0.00364211
8194,6.191,0.125841,-0.00538096
8195,6.192,0.125841,-0.00538096
8196,6.193,0.125841,-0.00538096
8197,6.194,0.125841,-0.00538096
8198,6.195,0.125841,-0.00538096
8199,6.196,0.125841,-0.00538096
8200,6.197,0.125841,-0.00538096
8201,6.198,0.125841,-0.00364211
8202,6.199,0.125841,-0.00364211
8203,6.2,0.125841,-0.00364211
8204,6.201,0.125841,-0.00364211
8205,6.202,0.125841,-0.00364211
8206,6.203,0.125841,-0.00364211
8207,6.204,0.125841,-0.00364211
8208,6.205,0.125841,-0.00364211
8209,6.206,0.125841,-0.00364211
8210,6.207,0.125841,-0.00364211
8211,6.208,0.125841,-0.00364211
8212,6.209,0.125841,-0.00364211
8213,6.21,0.125841,-0.00538096
8214,6.211,0.125841,-0.00538096
8215,6.212,0.125841,-0.00538096
8216,6.213,0.125841,-0.00538096
8217,6.214,0.125841,-0.00538096
8218,6.215,0.125841,-0.00538096
8219,6.216,0.125841,-0.00538096
8220,6.217,0.125841,-0.00538096
8221,6.218,0.125841,-0.00364211
8222,6.219,0.125841,-0.00364211
8223,6.22,0.125841,-0.00364211
8224,6.221,0.125841,-0.00364211
8225,6.222,0.125841,-0.00364211
8226,6.223,0.125841,-0.00364211
8227,6.224,0.125841,-0.00364211
8228,6.225,0.125841,-0.00364211
8229,6.226,0.125841,-0.00364211
8230,6.227,0.125841,-0.00364211
8231,6.228,0.125841,-0.00364211
8232,6.229,0.125841,-0.00364211
8233,6.23,0.125841,-0.00364211
8234,6.231,0.125841,-0.00538096
8235,6.232,0.125841,-0.00538096
8236,6.233,0.125841,-0.00538096
8237,6.234,0.125841,-0.00538096
8238,6.235,0.125841,-0.00538096
8239,6.236,0.125841,-0.00538096
8240,6.237,0.125841,-0.00364211
8241,6.238,0.125841,-0.00364211
8242,6.239,0.125841,-0.00364211
8243,6.24,0.125841,-0.00364211
8244,6.241,0.125841,-0.00364211
8245,6.242,0.125841,-0.00364211
8246,6.243,0.125841,-0.00364211
8247,6.244,0.125841,-0.00364211
8248,6.245,0.125841,-0.00364211
8249,6.246,0.125841,-0.00364211
8250,6.247,0.125841,-0.00364211
8251,6.248,0.125841,-0.00364211
8252,6.249,0.125841,-0.00364211
8253,6.25,0.125841,-0.00538096
8254,6.251,0.125841,-0.00538096
8255,6.252,0.125841,-0.00538096
8256,6.253,0.125841,-0.00538096
8257,6.254,0.125841,-0.00538096
8258,6.255,0.125841,-0.00538096
8259,6.256,0.125841,-0.00538096
8260,6.257,0.125841,-0.00364211
8261,6.258,0.125841,-0.00364211
8262,6.259,0.125841,-0.00364211
8263,6.26,0.125841,-0.00364211
8264,6.261,0.125841,-0.00364211
8265,6.262,0.125841,-0.00364211
8266,6.263,0.125841,-0.00364211
8267,6.264,0.125841,-0.00364211
8268,6.265,0.125841,-0.00364211
8269,6.266,0.125841,-0.00364211
8270,6.267,0.125841,-0.00364211
8271,6.268,0.125841,-0.00364211
8272,6.269,0.125841,-0.00364211
8273,6.27,0.125841,-0.00364211
8274,6.271,0.125841,-0.00538096
8275,6.272,0.125841,-0.00538096
8276,6.273,0.125841,-0.00538096
8277,6.274,0.125841,-0.00538096
8278,6.275,0.125841,-0.00538096
8279,6.276,0.125841,-0.00538096
8280,6.277,0.125841,-0.00538096
8281,6.278,0.125841,-0.00364211
8282,6.279,0.125841,-0.00364211
8283,6.28,0.125841,-0.00364211
8284,6.281,0.125841,-0.00364211
8285,6.282,0.125841,-0.00364211
8286,6.283,0.125841,-0.00364211
8287,6.284,0.125841,-0.00364211
8288,6.285,0.125841,-0.00364211
8289,6.286,0.125841,-0.00364211
8290,6.287,0.125841,-0.00364211
8291,6.288,0.125841,-0.00364211
8292,6.289,0.125841,-0.00364211
8293,6.29,0.125841,-0.00364211
8294,6.291,0.125841,-0.00538096
8295,6.292,0.125841,-0.00538096
8296,6.293,0.125841,-0.00538096
8297,6.294,0.125841,-0.00538096
8298,6.295,0.125841,-0.00538096
8299,6.296,0.125841,-0.00538096
8300,6.297,0.125841,-0.00538096
8301,6.298,0.125841,-0.00364211
8302,6.299,0.125841,-0.00364211
8303,6.3,0.125841,-0.00364211
8304,6.301,0.125841,-0.00364211
8305,6.302,0.125841,-0.00364211
8306,6.303,0.125841,-0.00364211
8307,6.304,0.125841,-0.00364211
8308,6.305,0.125841,-0.00364211
8309,6.306,0.125841,-0.00364211
8310,6.307,0.125841,-0.00364211
8311,6.308,0.125841,-0.00364211
8312,6.309,0.125841,-0.00364211
8313,6.31,0.125841,-0.00364211
8314,6.311,0.125841,-0.00538096
8315,6.312,0.125841,-0.00538096
8316,6.313,0.125841,-0.00538096
8317,6.314,0.125841,-0.00538096
8318,6.315,0.125841,-0.00538096
8319,6.316,0.125841,-0.00538096
8320,6.317,0.125841,-0.00364211
8321,6.318,0.125841,-0.00364211
8322,6.319,0.125841,-0.00364211
8323,6.32,0.125841,-0.00364211
8324,6.321,0.125841,-0.00364211
8325,6.322,0.125841,-0.00364211
8326,6.323,0.125841,-0.00364211
8327,6.324,0.125841,-0.00364211
8328,6.325,0.125841,-0.00364211
8329,6.326,0.125841,-0.00364211
8330,6.327,0.125841,-0.00364211
8331,6.328,0.125841,-0.00364211
8332,6.329,0.125841,-0.00364211
8333,6.33,0.125841,-0.00364211
8334,6.331,0.125841,-0.00538096
