;Scopy version,f4beeb1
;Exported on,vendredi octobre 10/10/2025
;Device,M2K
;Nr of samples,16000
;Sample rate,1000
;Tool,Oscilloscope
;Additional Information,
Sample,Time(S),CH2(V)
4806,-3.194,0.25023
4807,-3.193,0.25023
4808,-3.192,0.25023
4809,-3.191,0.25023
4810,-3.19,0.25023
4811,-3.189,0.25023
4812,-3.188,0.25023
4813,-3.187,0.25023
4814,-3.186,0.25023
4815,-3.185,0.25023
4816,-3.184,0.25023
4817,-3.183,0.25023
4818,-3.182,0.25023
4819,-3.181,0.25023
4820,-3.18,0.25023
4821,-3.179,0.25023
4822,-3.178,0.25023
4823,-3.177,0.25023
4824,-3.176,0.25023
4825,-3.175,0.25023
4826,-3.174,0.25023
4827,-3.173,0.25023
4828,-3.172,0.25023
4829,-3.171,0.25023
4830,-3.17,0.25023
4831,-3.169,0.25023
4832,-3.168,0.25023
4833,-3.167,0.25023
4834,-3.166,0.25023
4835,-3.165,0.25023
4836,-3.164,0.25023
4837,-3.163,0.25023
4838,-3.162,0.25023
4839,-3.161,0.25023
4840,-3.16,0.25023
4841,-3.159,0.25023
4842,-3.158,0.25023
4843,-3.157,0.25023
4844,-3.156,0.25023
4845,-3.155,0.25023
4846,-3.154,0.25023
4847,-3.153,0.25023
4848,-3.152,0.25023
4849,-3.151,0.25023
4850,-3.15,0.25023
4851,-3.149,0.25023
4852,-3.148,0.25023
4853,-3.147,0.25023
4854,-3.146,0.25023
4855,-3.145,0.25023
4856,-3.144,0.25023
4857,-3.143,0.25023
4858,-3.142,0.25023
4859,-3.141,0.25023
4860,-3.14,0.25023
4861,-3.139,0.25023
4862,-3.138,0.25023
4863,-3.137,0.25023
4864,-3.136,0.25023
4865,-3.135,0.25023
4866,-3.134,0.25023
4867,-3.133,0.25023
4868,-3.132,0.25023
4869,-3.131,0.25023
4870,-3.13,0.25023
4871,-3.129,0.25023
4872,-3.128,0.25023
4873,-3.127,0.25023
4874,-3.126,0.25023
4875,-3.125,0.25023
4876,-3.124,0.25023
4877,-3.123,0.25023
4878,-3.122,0.25023
4879,-3.121,0.25023
4880,-3.12,0.25023
4881,-3.119,0.25023
4882,-3.118,0.25023
4883,-3.117,0.25023
4884,-3.116,0.25023
4885,-3.115,0.25023
4886,-3.114,0.25023
4887,-3.113,0.25023
4888,-3.112,0.25023
4889,-3.111,0.25023
4890,-3.11,0.25023
4891,-3.109,0.25023
4892,-3.108,0.25023
4893,-3.107,0.25023
4894,-3.106,0.25023
4895,-3.105,0.25023
4896,-3.104,0.25023
4897,-3.103,0.25023
4898,-3.102,0.25023
4899,-3.101,0.25023
4900,-3.1,0.25023
4901,-3.099,0.25023
4902,-3.098,0.25023
4903,-3.097,0.25023
4904,-3.096,0.25023
4905,-3.095,0.25023
4906,-3.094,0.25023
4907,-3.093,0.25023
4908,-3.092,0.25023
4909,-3.091,0.25023
4910,-3.09,0.25023
4911,-3.089,0.25023
4912,-3.088,0.25023
4913,-3.087,0.25023
4914,-3.086,0.25023
4915,-3.085,0.25023
4916,-3.084,0.25023
4917,-3.083,0.25023
4918,-3.082,0.25023
4919,-3.081,0.25023
4920,-3.08,0.25023
4921,-3.079,0.25023
4922,-3.078,0.25023
4923,-3.077,0.25023
4924,-3.076,0.25023
4925,-3.075,0.25023
4926,-3.074,0.25023
4927,-3.073,0.25023
4928,-3.072,0.25023
4929,-3.071,0.25023
4930,-3.07,0.25023
4931,-3.069,0.25023
4932,-3.068,0.25023
4933,-3.067,0.25023
4934,-3.066,0.25023
4935,-3.065,0.25023
4936,-3.064,0.25023
4937,-3.063,0.25023
4938,-3.062,0.25023
4939,-3.061,0.25023
4940,-3.06,0.25023
4941,-3.059,0.25023
4942,-3.058,0.25023
4943,-3.057,0.25023
4944,-3.056,0.25023
4945,-3.055,0.25023
4946,-3.054,0.25023
4947,-3.053,0.25023
4948,-3.052,0.25023
4949,-3.051,0.25023
4950,-3.05,0.25023
4951,-3.049,0.25023
4952,-3.048,0.25023
4953,-3.047,0.25023
4954,-3.046,0.25023
4955,-3.045,0.25023
4956,-3.044,0.25023
4957,-3.043,0.25023
4958,-3.042,0.25023
4959,-3.041,0.25023
4960,-3.04,0.25023
4961,-3.039,0.25023
4962,-3.038,0.25023
4963,-3.037,0.25023
4964,-3.036,0.25023
4965,-3.035,0.25023
4966,-3.034,0.25023
4967,-3.033,0.25023
4968,-3.032,0.25023
4969,-3.031,0.25023
4970,-3.03,0.25023
4971,-3.029,0.25023
4972,-3.028,0.25023
4973,-3.027,0.25023
4974,-3.026,0.25023
4975,-3.025,0.25023
4976,-3.024,0.25023
4977,-3.023,0.25023
4978,-3.022,0.25023
4979,-3.021,0.25023
4980,-3.02,0.25023
4981,-3.019,0.25023
4982,-3.018,0.25023
4983,-3.017,0.25023
4984,-3.016,0.25023
4985,-3.015,0.25023
4986,-3.014,0.25023
4987,-3.013,0.25023
4988,-3.012,0.25023
4989,-3.011,0.25023
4990,-3.01,0.25023
4991,-3.009,0.25023
4992,-3.008,0.25023
4993,-3.007,0.25023
4994,-3.006,0.25023
4995,-3.005,0.25023
4996,-3.004,0.25023
4997,-3.003,0.25023
4998,-3.002,0.25023
4999,-3.001,0.25023
5000,-3,0.25023
5001,-2.999,0.25023
5002,-2.998,0.25023
5003,-2.997,0.25023
5004,-2.996,0.25023
5005,-2.995,0.25023
5006,-2.994,0.25023
5007,-2.993,0.25023
5008,-2.992,0.25023
5009,-2.991,0.25023
5010,-2.99,0.25023
5011,-2.989,0.25023
5012,-2.988,0.25023
5013,-2.987,0.25023
5014,-2.986,0.25023
5015,-2.985,0.25023
5016,-2.984,0.25023
5017,-2.983,0.25023
5018,-2.982,0.25023
5019,-2.981,0.25023
5020,-2.98,0.25023
5021,-2.979,0.25023
5022,-2.978,0.25023
5023,-2.977,0.25023
5024,-2.976,0.25023
5025,-2.975,0.25023
5026,-2.974,0.25023
5027,-2.973,0.25023
5028,-2.972,0.25023
5029,-2.971,0.25023
5030,-2.97,0.25023
5031,-2.969,0.25023
5032,-2.968,0.25023
5033,-2.967,0.25023
5034,-2.966,0.25023
5035,-2.965,0.25023
5036,-2.964,0.25023
5037,-2.963,0.25023
5038,-2.962,0.25023
5039,-2.961,0.25023
5040,-2.96,0.25023
5041,-2.959,0.25023
5042,-2.958,0.25023
5043,-2.957,0.25023
5044,-2.956,0.25023
5045,-2.955,0.25023
5046,-2.954,0.25023
5047,-2.953,0.25023
5048,-2.952,0.25023
5049,-2.951,0.25023
5050,-2.95,0.25023
5051,-2.949,0.25023
5052,-2.948,0.25023
5053,-2.947,0.25023
5054,-2.946,0.25023
5055,-2.945,0.25023
5056,-2.944,0.25023
5057,-2.943,0.25023
5058,-2.942,0.25023
5059,-2.941,0.25023
5060,-2.94,0.25023
5061,-2.939,0.25023
5062,-2.938,0.25023
5063,-2.937,0.25023
5064,-2.936,0.25023
5065,-2.935,0.25023
5066,-2.934,0.25023
5067,-2.933,0.25023
5068,-2.932,0.25023
5069,-2.931,0.25023
5070,-2.93,0.25023
5071,-2.929,0.25023
5072,-2.928,0.25023
5073,-2.927,0.25023
5074,-2.926,0.25023
5075,-2.925,0.25023
5076,-2.924,0.25023
5077,-2.923,0.25023
5078,-2.922,0.25023
5079,-2.921,0.25023
5080,-2.92,0.25023
5081,-2.919,0.25023
5082,-2.918,0.25023
5083,-2.917,0.25023
5084,-2.916,0.25023
5085,-2.915,0.25023
5086,-2.914,0.25023
5087,-2.913,0.25023
5088,-2.912,0.25023
5089,-2.911,0.25023
5090,-2.91,0.25023
5091,-2.909,0.25023
5092,-2.908,0.25023
5093,-2.907,0.25023
5094,-2.906,0.25023
5095,-2.905,0.25023
5096,-2.904,0.25023
5097,-2.903,0.25023
5098,-2.902,0.25023
5099,-2.901,0.25023
5100,-2.9,0.25023
5101,-2.899,0.25023
5102,-2.898,0.25023
5103,-2.897,0.25023
5104,-2.896,0.25023
5105,-2.895,0.25023
5106,-2.894,0.25023
5107,-2.893,0.25023
5108,-2.892,0.25023
5109,-2.891,0.25023
5110,-2.89,0.25023
5111,-2.889,0.25023
5112,-2.888,0.25023
5113,-2.887,0.25023
5114,-2.886,0.25023
5115,-2.885,0.25023
5116,-2.884,0.25023
5117,-2.883,0.25023
5118,-2.882,0.25023
5119,-2.881,0.25023
5120,-2.88,0.25023
5121,-2.879,0.25023
5122,-2.878,0.25023
5123,-2.877,0.25023
5124,-2.876,0.25023
5125,-2.875,0.25023
5126,-2.874,0.25023
5127,-2.873,0.25023
5128,-2.872,0.25023
5129,-2.871,0.25023
5130,-2.87,0.25023
5131,-2.869,0.25023
5132,-2.868,0.25023
5133,-2.867,0.25023
5134,-2.866,0.25023
5135,-2.865,0.25023
5136,-2.864,0.25023
5137,-2.863,0.25023
5138,-2.862,0.25023
5139,-2.861,0.25023
5140,-2.86,0.25023
5141,-2.859,0.25023
5142,-2.858,0.25023
5143,-2.857,0.25023
5144,-2.856,0.25023
5145,-2.855,0.25023
5146,-2.854,0.25023
5147,-2.853,0.25023
5148,-2.852,0.25023
5149,-2.851,0.25023
5150,-2.85,0.25023
5151,-2.849,0.25023
5152,-2.848,0.25023
5153,-2.847,0.25023
5154,-2.846,0.25023
5155,-2.845,0.25023
5156,-2.844,0.25023
5157,-2.843,0.25023
5158,-2.842,0.25023
5159,-2.841,0.25023
5160,-2.84,0.25023
5161,-2.839,0.25023
5162,-2.838,0.25023
5163,-2.837,0.25023
5164,-2.836,0.25023
5165,-2.835,0.25023
5166,-2.834,0.25023
5167,-2.833,0.25023
5168,-2.832,0.25023
5169,-2.831,0.25023
5170,-2.83,0.25023
5171,-2.829,0.25023
5172,-2.828,0.25023
5173,-2.827,0.25023
5174,-2.826,0.25023
5175,-2.825,0.25023
5176,-2.824,0.25023
5177,-2.823,0.25023
5178,-2.822,0.25023
5179,-2.821,0.25023
5180,-2.82,0.25023
5181,-2.819,0.25023
5182,-2.818,0.25023
5183,-2.817,0.25023
5184,-2.816,0.25023
5185,-2.815,0.25023
5186,-2.814,0.25023
5187,-2.813,0.25023
5188,-2.812,0.25023
5189,-2.811,0.25023
5190,-2.81,0.25023
5191,-2.809,0.25023
5192,-2.808,0.25023
5193,-2.807,0.25023
5194,-2.806,0.25023
5195,-2.805,0.25023
5196,-2.804,0.25023
5197,-2.803,0.25023
5198,-2.802,0.25023
5199,-2.801,0.25023
5200,-2.8,0.25023
5201,-2.799,0.25023
5202,-2.798,0.25023
5203,-2.797,0.25023
5204,-2.796,0.25023
5205,-2.795,0.25023
5206,-2.794,0.25023
5207,-2.793,0.25023
5208,-2.792,0.25023
5209,-2.791,0.25023
5210,-2.79,0.25023
5211,-2.789,0.25023
5212,-2.788,0.25023
5213,-2.787,0.25023
5214,-2.786,0.25023
5215,-2.785,0.25023
5216,-2.784,0.25023
5217,-2.783,0.25023
5218,-2.782,0.25023
5219,-2.781,0.25023
5220,-2.78,0.25023
5221,-2.779,0.25023
5222,-2.778,0.25023
5223,-2.777,0.25023
5224,-2.776,0.25023
5225,-2.775,0.25023
5226,-2.774,0.25023
5227,-2.773,0.25023
5228,-2.772,0.25023
5229,-2.771,0.25023
5230,-2.77,0.25023
5231,-2.769,0.25023
5232,-2.768,0.25023
5233,-2.767,0.25023
5234,-2.766,0.25023
5235,-2.765,0.25023
5236,-2.764,0.25023
5237,-2.763,0.25023
5238,-2.762,0.25023
5239,-2.761,0.25023
5240,-2.76,0.25023
5241,-2.759,0.25023
5242,-2.758,0.25023
5243,-2.757,0.25023
5244,-2.756,0.25023
5245,-2.755,0.25023
5246,-2.754,0.25023
5247,-2.753,0.25023
5248,-2.752,0.25023
5249,-2.751,0.25023
5250,-2.75,0.25023
5251,-2.749,0.25023
5252,-2.748,0.25023
5253,-2.747,0.25023
5254,-2.746,0.25023
5255,-2.745,0.25023
5256,-2.744,0.25023
5257,-2.743,0.25023
5258,-2.742,0.25023
5259,-2.741,0.25023
5260,-2.74,0.25023
5261,-2.739,0.25023
5262,-2.738,0.25023
5263,-2.737,0.25023
5264,-2.736,0.25023
5265,-2.735,0.25023
5266,-2.734,0.25023
5267,-2.733,0.25023
5268,-2.732,0.25023
5269,-2.731,0.25023
5270,-2.73,0.25023
5271,-2.729,0.25023
5272,-2.728,0.25023
5273,-2.727,0.25023
5274,-2.726,0.25023
5275,-2.725,0.25023
5276,-2.724,0.25023
5277,-2.723,0.25023
5278,-2.722,0.25023
5279,-2.721,0.25023
5280,-2.72,0.25023
5281,-2.719,0.25023
5282,-2.718,0.25023
5283,-2.717,0.25023
5284,-2.716,0.25023
5285,-2.715,0.25023
5286,-2.714,0.25023
5287,-2.713,0.25023
5288,-2.712,0.25023
5289,-2.711,0.25023
5290,-2.71,0.25023
5291,-2.709,0.25023
5292,-2.708,0.25023
5293,-2.707,0.25023
5294,-2.706,0.25023
5295,-2.705,0.25023
5296,-2.704,0.25023
5297,-2.703,0.25023
5298,-2.702,0.25023
5299,-2.701,0.25023
5300,-2.7,0.25023
5301,-2.699,0.25023
5302,-2.698,0.25023
5303,-2.697,0.25023
5304,-2.696,0.25023
5305,-2.695,0.25023
5306,-2.694,0.25023
5307,-2.693,0.25023
5308,-2.692,0.25023
5309,-2.691,0.25023
5310,-2.69,0.25023
5311,-2.689,0.25023
5312,-2.688,0.25023
5313,-2.687,0.25023
5314,-2.686,0.25023
5315,-2.685,0.25023
5316,-2.684,0.25023
5317,-2.683,0.25023
5318,-2.682,0.25023
5319,-2.681,0.25023
5320,-2.68,0.25023
5321,-2.679,0.25023
5322,-2.678,0.25023
5323,-2.677,0.25023
5324,-2.676,0.25023
5325,-2.675,0.25023
5326,-2.674,0.25023
5327,-2.673,0.25023
5328,-2.672,0.25023
5329,-2.671,0.25023
5330,-2.67,0.25023
5331,-2.669,0.25023
5332,-2.668,0.25023
5333,-2.667,0.25023
5334,-2.666,0.25023
5335,-2.665,0.25023
5336,-2.664,0.25023
5337,-2.663,0.25023
5338,-2.662,0.25023
5339,-2.661,0.25023
5340,-2.66,0.25023
5341,-2.659,0.25023
5342,-2.658,0.25023
5343,-2.657,0.25023
5344,-2.656,0.25023
5345,-2.655,0.25023
5346,-2.654,0.25023
5347,-2.653,0.25023
5348,-2.652,0.25023
5349,-2.651,0.25023
5350,-2.65,0.25023
5351,-2.649,0.25023
5352,-2.648,0.25023
5353,-2.647,0.25023
5354,-2.646,0.25023
5355,-2.645,0.25023
5356,-2.644,0.25023
5357,-2.643,0.25023
5358,-2.642,0.25023
5359,-2.641,0.25023
5360,-2.64,0.25023
5361,-2.639,0.25023
5362,-2.638,0.25023
5363,-2.637,0.25023
5364,-2.636,0.25023
5365,-2.635,0.25023
5366,-2.634,0.25023
5367,-2.633,0.25023
5368,-2.632,0.25023
5369,-2.631,0.25023
5370,-2.63,0.25023
5371,-2.629,0.25023
5372,-2.628,0.25023
5373,-2.627,0.25023
5374,-2.626,0.25023
5375,-2.625,0.25023
5376,-2.624,0.25023
5377,-2.623,0.25023
5378,-2.622,0.25023
5379,-2.621,0.25023
5380,-2.62,0.25023
5381,-2.619,0.25023
5382,-2.618,0.25023
5383,-2.617,0.25023
5384,-2.616,0.25023
5385,-2.615,0.25023
5386,-2.614,0.25023
5387,-2.613,0.25023
5388,-2.612,0.25023
5389,-2.611,0.25023
5390,-2.61,0.25023
5391,-2.609,0.25023
5392,-2.608,0.25023
5393,-2.607,0.25023
5394,-2.606,0.25023
5395,-2.605,0.25023
5396,-2.604,0.25023
5397,-2.603,0.25023
5398,-2.602,0.25023
5399,-2.601,0.25023
5400,-2.6,0.25023
5401,-2.599,0.25023
5402,-2.598,0.25023
5403,-2.597,0.25023
5404,-2.596,0.25023
5405,-2.595,0.25023
5406,-2.594,0.25023
5407,-2.593,0.25023
5408,-2.592,0.25023
5409,-2.591,0.25023
5410,-2.59,0.25023
5411,-2.589,0.25023
5412,-2.588,0.25023
5413,-2.587,0.25023
5414,-2.586,0.25023
5415,-2.585,0.25023
5416,-2.584,0.25023
5417,-2.583,0.25023
5418,-2.582,0.25023
5419,-2.581,0.25023
5420,-2.58,0.25023
5421,-2.579,0.25023
5422,-2.578,0.25023
5423,-2.577,0.25023
5424,-2.576,0.25023
5425,-2.575,0.25023
5426,-2.574,0.25023
5427,-2.573,0.25023
5428,-2.572,0.25023
5429,-2.571,0.25023
5430,-2.57,0.25023
5431,-2.569,0.25023
5432,-2.568,0.25023
5433,-2.567,0.25023
5434,-2.566,0.25023
5435,-2.565,0.25023
5436,-2.564,0.25023
5437,-2.563,0.25023
5438,-2.562,0.25023
5439,-2.561,0.25023
5440,-2.56,0.25023
5441,-2.559,0.25023
5442,-2.558,0.25023
5443,-2.557,0.25023
5444,-2.556,0.25023
5445,-2.555,0.25023
5446,-2.554,0.25023
5447,-2.553,0.25023
5448,-2.552,0.25023
5449,-2.551,0.25023
5450,-2.55,0.25023
5451,-2.549,0.25023
5452,-2.548,0.25023
5453,-2.547,0.25023
5454,-2.546,0.25023
5455,-2.545,0.25023
5456,-2.544,0.25023
5457,-2.543,0.25023
5458,-2.542,0.25023
5459,-2.541,0.25023
5460,-2.54,0.25023
5461,-2.539,0.25023
5462,-2.538,0.25023
5463,-2.537,0.25023
5464,-2.536,0.25023
5465,-2.535,0.25023
5466,-2.534,0.25023
5467,-2.533,0.25023
5468,-2.532,0.25023
5469,-2.531,0.25023
5470,-2.53,0.25023
5471,-2.529,0.25023
5472,-2.528,0.25023
5473,-2.527,0.25023
5474,-2.526,0.25023
5475,-2.525,0.25023
5476,-2.524,0.25023
5477,-2.523,0.25023
5478,-2.522,0.25023
5479,-2.521,0.25023
5480,-2.52,0.25023
5481,-2.519,0.25023
5482,-2.518,0.25023
5483,-2.517,0.25023
5484,-2.516,0.25023
5485,-2.515,0.25023
5486,-2.514,0.25023
5487,-2.513,0.25023
5488,-2.512,0.25023
5489,-2.511,0.25023
5490,-2.51,0.25023
5491,-2.509,0.25023
5492,-2.508,0.25023
5493,-2.507,0.25023
5494,-2.506,0.25023
5495,-2.505,0.25023
5496,-2.504,0.25023
5497,-2.503,0.25023
5498,-2.502,0.25023
5499,-2.501,0.25023
5500,-2.5,0.25023
5501,-2.499,0.25023
5502,-2.498,0.25023
5503,-2.497,0.25023
5504,-2.496,0.25023
5505,-2.495,0.25023
5506,-2.494,0.25023
5507,-2.493,0.25023
5508,-2.492,0.25023
5509,-2.491,0.25023
5510,-2.49,0.25023
5511,-2.489,0.25023
5512,-2.488,0.25023
5513,-2.487,0.25023
5514,-2.486,0.25023
5515,-2.485,0.25023
5516,-2.484,0.25023
5517,-2.483,0.25023
5518,-2.482,0.25023
5519,-2.481,0.25023
5520,-2.48,0.25023
5521,-2.479,0.25023
5522,-2.478,0.25023
5523,-2.477,0.25023
5524,-2.476,0.25023
5525,-2.475,0.25023
5526,-2.474,0.25023
5527,-2.473,0.25023
5528,-2.472,0.25023
5529,-2.471,0.25023
5530,-2.47,0.25023
5531,-2.469,0.25023
5532,-2.468,0.25023
5533,-2.467,0.25023
5534,-2.466,0.25023
5535,-2.465,0.25023
5536,-2.464,0.25023
5537,-2.463,0.25023
5538,-2.462,0.25023
5539,-2.461,0.25023
5540,-2.46,0.25023
5541,-2.459,0.25023
5542,-2.458,0.25023
5543,-2.457,0.25023
5544,-2.456,0.25023
5545,-2.455,0.25023
5546,-2.454,0.25023
5547,-2.453,0.25023
5548,-2.452,0.25023
5549,-2.451,0.25023
5550,-2.45,0.25023
5551,-2.449,0.25023
5552,-2.448,0.25023
5553,-2.447,0.25023
5554,-2.446,0.25023
5555,-2.445,0.25023
5556,-2.444,0.25023
5557,-2.443,0.25023
5558,-2.442,0.25023
5559,-2.441,0.25023
5560,-2.44,0.25023
5561,-2.439,0.25023
5562,-2.438,0.25023
5563,-2.437,0.25023
5564,-2.436,0.25023
5565,-2.435,0.25023
5566,-2.434,0.25023
5567,-2.433,0.25023
5568,-2.432,0.25023
5569,-2.431,0.25023
5570,-2.43,0.25023
5571,-2.429,0.25023
5572,-2.428,0.25023
5573,-2.427,0.25023
5574,-2.426,0.25023
5575,-2.425,0.25023
5576,-2.424,0.25023
5577,-2.423,0.25023
5578,-2.422,0.25023
5579,-2.421,0.25023
5580,-2.42,0.25023
5581,-2.419,0.25023
5582,-2.418,0.25023
5583,-2.417,0.25023
5584,-2.416,0.25023
5585,-2.415,0.25023
5586,-2.414,0.25023
5587,-2.413,0.25023
5588,-2.412,0.25023
5589,-2.411,0.25023
5590,-2.41,0.25023
5591,-2.409,0.25023
5592,-2.408,0.25023
5593,-2.407,0.25023
5594,-2.406,0.25023
5595,-2.405,0.25023
5596,-2.404,0.25023
5597,-2.403,0.25023
5598,-2.402,0.25023
5599,-2.401,0.25023
5600,-2.4,0.25023
5601,-2.399,0.25023
5602,-2.398,0.25023
5603,-2.397,0.25023
5604,-2.396,0.25023
5605,-2.395,0.25023
5606,-2.394,0.25023
5607,-2.393,0.25023
5608,-2.392,0.25023
5609,-2.391,0.25023
5610,-2.39,0.25023
5611,-2.389,0.25023
5612,-2.388,0.25023
5613,-2.387,0.25023
5614,-2.386,0.25023
5615,-2.385,0.25023
5616,-2.384,0.25023
5617,-2.383,0.25023
5618,-2.382,0.25023
5619,-2.381,0.25023
5620,-2.38,0.25023
5621,-2.379,0.25023
5622,-2.378,0.25023
5623,-2.377,0.25023
5624,-2.376,0.25023
5625,-2.375,0.25023
5626,-2.374,0.25023
5627,-2.373,0.25023
5628,-2.372,0.25023
5629,-2.371,0.25023
5630,-2.37,0.25023
5631,-2.369,0.25023
5632,-2.368,0.25023
5633,-2.367,0.25023
5634,-2.366,0.25023
5635,-2.365,0.25023
5636,-2.364,0.25023
5637,-2.363,0.25023
5638,-2.362,0.25023
5639,-2.361,0.25023
5640,-2.36,0.25023
5641,-2.359,0.25023
5642,-2.358,0.25023
5643,-2.357,0.25023
5644,-2.356,0.25023
5645,-2.355,0.25023
5646,-2.354,0.25023
5647,-2.353,0.25023
5648,-2.352,0.25023
5649,-2.351,0.25023
5650,-2.35,0.25023
5651,-2.349,0.25023
5652,-2.348,0.25023
5653,-2.347,0.25023
5654,-2.346,0.25023
5655,-2.345,0.25023
5656,-2.344,0.25023
5657,-2.343,0.25023
5658,-2.342,0.25023
5659,-2.341,0.25023
5660,-2.34,0.25023
5661,-2.339,0.25023
5662,-2.338,0.25023
5663,-2.337,0.25023
5664,-2.336,0.25023
5665,-2.335,0.25023
5666,-2.334,0.25023
5667,-2.333,0.25023
5668,-2.332,0.25023
5669,-2.331,0.25023
5670,-2.33,0.25023
5671,-2.329,0.25023
5672,-2.328,0.25023
5673,-2.327,0.25023
5674,-2.326,0.25023
5675,-2.325,0.25023
5676,-2.324,0.25023
5677,-2.323,0.25023
5678,-2.322,0.25023
5679,-2.321,0.25023
5680,-2.32,0.25023
5681,-2.319,0.25023
5682,-2.318,0.25023
5683,-2.317,0.25023
5684,-2.316,0.25023
5685,-2.315,0.25023
5686,-2.314,0.25023
5687,-2.313,0.25023
5688,-2.312,0.25023
5689,-2.311,0.25023
5690,-2.31,0.25023
5691,-2.309,0.25023
5692,-2.308,0.25023
5693,-2.307,0.25023
5694,-2.306,0.25023
5695,-2.305,0.25023
5696,-2.304,0.25023
5697,-2.303,0.25023
5698,-2.302,0.25023
5699,-2.301,0.25023
5700,-2.3,0.25023
5701,-2.299,0.25023
5702,-2.298,0.25023
5703,-2.297,0.25023
5704,-2.296,0.25023
5705,-2.295,0.25023
5706,-2.294,0.25023
5707,-2.293,0.25023
5708,-2.292,0.25023
5709,-2.291,0.25023
5710,-2.29,0.25023
5711,-2.289,0.25023
5712,-2.288,0.25023
5713,-2.287,0.25023
5714,-2.286,0.25023
5715,-2.285,0.25023
5716,-2.284,0.25023
5717,-2.283,0.25023
5718,-2.282,0.25023
5719,-2.281,0.25023
5720,-2.28,0.25023
5721,-2.279,0.25023
5722,-2.278,0.25023
5723,-2.277,0.25023
5724,-2.276,0.25023
5725,-2.275,0.25023
5726,-2.274,0.25023
5727,-2.273,0.25023
5728,-2.272,0.25023
5729,-2.271,0.25023
5730,-2.27,0.25023
5731,-2.269,0.25023
5732,-2.268,0.25023
5733,-2.267,0.25023
5734,-2.266,0.25023
5735,-2.265,0.25023
5736,-2.264,0.25023
5737,-2.263,0.25023
5738,-2.262,0.25023
5739,-2.261,0.25023
5740,-2.26,0.25023
5741,-2.259,0.25023
5742,-2.258,0.25023
5743,-2.257,0.25023
5744,-2.256,0.25023
5745,-2.255,0.25023
5746,-2.254,0.25023
5747,-2.253,0.25023
5748,-2.252,0.25023
5749,-2.251,0.25023
5750,-2.25,0.25023
5751,-2.249,0.25023
5752,-2.248,0.25023
5753,-2.247,0.25023
5754,-2.246,0.25023
5755,-2.245,0.25023
5756,-2.244,0.25023
5757,-2.243,0.25023
5758,-2.242,0.25023
5759,-2.241,0.25023
5760,-2.24,0.25023
5761,-2.239,0.25023
5762,-2.238,0.25023
5763,-2.237,0.25023
5764,-2.236,0.25023
5765,-2.235,0.25023
5766,-2.234,0.25023
5767,-2.233,0.25023
5768,-2.232,0.25023
5769,-2.231,0.25023
5770,-2.23,0.25023
5771,-2.229,0.25023
5772,-2.228,0.25023
5773,-2.227,0.25023
5774,-2.226,0.25023
5775,-2.225,0.25023
5776,-2.224,0.25023
5777,-2.223,0.25023
5778,-2.222,0.25023
5779,-2.221,0.25023
5780,-2.22,0.25023
5781,-2.219,0.25023
5782,-2.218,0.25023
5783,-2.217,0.25023
5784,-2.216,0.25023
5785,-2.215,0.25023
5786,-2.214,0.25023
5787,-2.213,0.25023
5788,-2.212,0.25023
5789,-2.211,0.25023
5790,-2.21,0.25023
5791,-2.209,0.25023
5792,-2.208,0.25023
5793,-2.207,0.25023
5794,-2.206,0.25023
5795,-2.205,0.25023
5796,-2.204,0.25023
5797,-2.203,0.25023
5798,-2.202,0.25023
5799,-2.201,0.25023
5800,-2.2,0.25023
5801,-2.199,0.25023
5802,-2.198,0.25023
5803,-2.197,0.25023
5804,-2.196,0.25023
5805,-2.195,0.25023
5806,-2.194,0.25023
5807,-2.193,0.25023
5808,-2.192,0.25023
5809,-2.191,0.25023
5810,-2.19,0.25023
5811,-2.189,0.25023
5812,-2.188,0.25023
5813,-2.187,0.25023
5814,-2.186,0.25023
5815,-2.185,0.25023
5816,-2.184,0.25023
5817,-2.183,0.25023
5818,-2.182,0.25023
5819,-2.181,0.25023
5820,-2.18,0.25023
5821,-2.179,0.25023
5822,-2.178,0.25023
5823,-2.177,0.25023
5824,-2.176,0.25023
5825,-2.175,0.25023
5826,-2.174,0.25023
5827,-2.173,0.25023
5828,-2.172,0.25023
5829,-2.171,0.25023
5830,-2.17,0.25023
5831,-2.169,0.25023
5832,-2.168,0.25023
5833,-2.167,0.25023
5834,-2.166,0.25023
5835,-2.165,0.25023
5836,-2.164,0.25023
5837,-2.163,0.25023
5838,-2.162,0.25023
5839,-2.161,0.25023
5840,-2.16,0.25023
5841,-2.159,0.25023
5842,-2.158,0.25023
5843,-2.157,0.25023
5844,-2.156,0.25023
5845,-2.155,0.25023
5846,-2.154,0.25023
5847,-2.153,0.25023
5848,-2.152,0.25023
5849,-2.151,0.25023
5850,-2.15,0.25023
5851,-2.149,0.25023
5852,-2.148,0.25023
5853,-2.147,0.25023
5854,-2.146,0.25023
5855,-2.145,0.25023
5856,-2.144,0.25023
5857,-2.143,0.25023
5858,-2.142,0.25023
5859,-2.141,0.25023
5860,-2.14,0.25023
5861,-2.139,0.25023
5862,-2.138,0.25023
5863,-2.137,0.25023
5864,-2.136,0.25023
5865,-2.135,0.25023
5866,-2.134,0.25023
5867,-2.133,0.25023
5868,-2.132,0.25023
5869,-2.131,0.25023
5870,-2.13,0.25023
5871,-2.129,0.25023
5872,-2.128,0.25023
5873,-2.127,0.25023
5874,-2.126,0.25023
5875,-2.125,0.25023
5876,-2.124,0.25023
5877,-2.123,0.25023
5878,-2.122,0.25023
5879,-2.121,0.25023
5880,-2.12,0.25023
5881,-2.119,0.25023
5882,-2.118,0.25023
5883,-2.117,0.25023
5884,-2.116,0.25023
5885,-2.115,0.25023
5886,-2.114,0.25023
5887,-2.113,0.25023
5888,-2.112,0.25023
5889,-2.111,0.25023
5890,-2.11,0.25023
5891,-2.109,0.25023
5892,-2.108,0.25023
5893,-2.107,0.25023
5894,-2.106,0.25023
5895,-2.105,0.25023
5896,-2.104,0.25023
5897,-2.103,0.25023
5898,-2.102,0.25023
5899,-2.101,0.25023
5900,-2.1,0.25023
5901,-2.099,0.25023
5902,-2.098,0.25023
5903,-2.097,0.25023
5904,-2.096,0.25023
5905,-2.095,0.25023
5906,-2.094,0.25023
5907,-2.093,0.25023
5908,-2.092,0.25023
5909,-2.091,0.25023
5910,-2.09,0.25023
5911,-2.089,0.25023
5912,-2.088,0.25023
5913,-2.087,0.25023
5914,-2.086,0.25023
5915,-2.085,0.25023
5916,-2.084,0.25023
5917,-2.083,0.25023
5918,-2.082,0.25023
5919,-2.081,0.25023
5920,-2.08,0.25023
5921,-2.079,0.25023
5922,-2.078,0.25023
5923,-2.077,0.25023
5924,-2.076,0.25023
5925,-2.075,0.25023
5926,-2.074,0.25023
5927,-2.073,0.25023
5928,-2.072,0.25023
5929,-2.071,0.25023
5930,-2.07,0.25023
5931,-2.069,0.25023
5932,-2.068,0.25023
5933,-2.067,0.25023
5934,-2.066,0.25023
5935,-2.065,0.25023
5936,-2.064,0.25023
5937,-2.063,0.25023
5938,-2.062,0.25023
5939,-2.061,0.25023
5940,-2.06,0.25023
5941,-2.059,0.25023
5942,-2.058,0.25023
5943,-2.057,0.25023
5944,-2.056,0.25023
5945,-2.055,0.25023
5946,-2.054,0.25023
5947,-2.053,0.25023
5948,-2.052,0.25023
5949,-2.051,0.25023
5950,-2.05,0.25023
5951,-2.049,0.25023
5952,-2.048,0.25023
5953,-2.047,0.25023
5954,-2.046,0.25023
5955,-2.045,0.25023
5956,-2.044,0.25023
5957,-2.043,0.25023
5958,-2.042,0.25023
5959,-2.041,0.25023
5960,-2.04,0.25023
5961,-2.039,0.25023
5962,-2.038,0.25023
5963,-2.037,0.25023
5964,-2.036,0.25023
5965,-2.035,0.25023
5966,-2.034,0.25023
5967,-2.033,0.25023
5968,-2.032,0.25023
5969,-2.031,0.25023
5970,-2.03,0.25023
5971,-2.029,0.25023
5972,-2.028,0.25023
5973,-2.027,0.25023
5974,-2.026,0.25023
5975,-2.025,0.25023
5976,-2.024,0.25023
5977,-2.023,0.25023
5978,-2.022,0.25023
5979,-2.021,0.25023
5980,-2.02,0.25023
5981,-2.019,0.25023
5982,-2.018,0.25023
5983,-2.017,0.25023
5984,-2.016,0.25023
5985,-2.015,0.25023
5986,-2.014,0.25023
5987,-2.013,0.25023
5988,-2.012,0.25023
5989,-2.011,0.25023
5990,-2.01,0.25023
5991,-2.009,0.25023
5992,-2.008,0.25023
5993,-2.007,0.25023
5994,-2.006,0.25023
5995,-2.005,0.25023
5996,-2.004,0.25023
5997,-2.003,0.25023
5998,-2.002,0.25023
5999,-2.001,0.25023
6000,-2,0.25023
6001,-1.999,0.25023
6002,-1.998,0.25023
6003,-1.997,0.25023
6004,-1.996,0.25023
6005,-1.995,0.25023
6006,-1.994,0.25023
6007,-1.993,0.25023
6008,-1.992,0.25023
6009,-1.991,0.25023
6010,-1.99,0.25023
6011,-1.989,0.25023
6012,-1.988,0.25023
6013,-1.987,0.25023
6014,-1.986,0.25023
6015,-1.985,0.25023
6016,-1.984,0.25023
6017,-1.983,0.25023
6018,-1.982,0.25023
6019,-1.981,0.25023
6020,-1.98,0.25023
6021,-1.979,0.25023
6022,-1.978,0.25023
6023,-1.977,0.25023
6024,-1.976,0.25023
6025,-1.975,0.25023
6026,-1.974,0.25023
6027,-1.973,0.25023
6028,-1.972,0.25023
6029,-1.971,0.25023
6030,-1.97,0.25023
6031,-1.969,0.25023
6032,-1.968,0.25023
6033,-1.967,0.25023
6034,-1.966,0.25023
6035,-1.965,0.25023
6036,-1.964,0.25023
6037,-1.963,0.25023
6038,-1.962,0.25023
6039,-1.961,0.25023
6040,-1.96,0.25023
6041,-1.959,0.25023
6042,-1.958,0.25023
6043,-1.957,0.25023
6044,-1.956,0.25023
6045,-1.955,0.25023
6046,-1.954,0.25023
6047,-1.953,0.25023
6048,-1.952,0.25023
6049,-1.951,0.25023
6050,-1.95,0.25023
6051,-1.949,0.25023
6052,-1.948,0.25023
6053,-1.947,0.25023
6054,-1.946,0.25023
6055,-1.945,0.25023
6056,-1.944,0.25023
6057,-1.943,0.25023
6058,-1.942,0.25023
6059,-1.941,0.25023
6060,-1.94,0.25023
6061,-1.939,0.25023
6062,-1.938,0.25023
6063,-1.937,0.25023
6064,-1.936,0.25023
6065,-1.935,0.25023
6066,-1.934,0.25023
6067,-1.933,0.25023
6068,-1.932,0.25023
6069,-1.931,0.25023
6070,-1.93,0.25023
6071,-1.929,0.25023
6072,-1.928,0.25023
6073,-1.927,0.25023
6074,-1.926,0.25023
6075,-1.925,0.25023
6076,-1.924,0.25023
6077,-1.923,0.25023
6078,-1.922,0.25023
6079,-1.921,0.25023
6080,-1.92,0.25023
6081,-1.919,0.25023
6082,-1.918,0.25023
6083,-1.917,0.25023
6084,-1.916,0.25023
6085,-1.915,0.25023
6086,-1.914,0.25023
6087,-1.913,0.25023
6088,-1.912,0.25023
6089,-1.911,0.25023
6090,-1.91,0.25023
6091,-1.909,0.25023
6092,-1.908,0.25023
6093,-1.907,0.25023
6094,-1.906,0.25023
6095,-1.905,0.25023
6096,-1.904,0.25023
6097,-1.903,0.25023
6098,-1.902,0.25023
6099,-1.901,0.25023
6100,-1.9,0.25023
6101,-1.899,0.25023
6102,-1.898,0.25023
6103,-1.897,0.25023
6104,-1.896,0.25023
6105,-1.895,0.25023
6106,-1.894,0.25023
6107,-1.893,0.25023
6108,-1.892,0.25023
6109,-1.891,0.25023
6110,-1.89,0.25023
6111,-1.889,0.25023
6112,-1.888,0.25023
6113,-1.887,0.25023
6114,-1.886,0.25023
6115,-1.885,0.25023
6116,-1.884,0.25023
6117,-1.883,0.25023
6118,-1.882,0.25023
6119,-1.881,0.25023
6120,-1.88,0.25023
6121,-1.879,0.25023
6122,-1.878,0.25023
6123,-1.877,0.25023
6124,-1.876,0.25023
6125,-1.875,0.25023
6126,-1.874,0.25023
6127,-1.873,0.25023
6128,-1.872,0.25023
6129,-1.871,0.25023
6130,-1.87,0.25023
6131,-1.869,0.25023
6132,-1.868,0.25023
6133,-1.867,0.25023
6134,-1.866,0.25023
6135,-1.865,0.25023
6136,-1.864,0.25023
6137,-1.863,0.25023
6138,-1.862,0.25023
6139,-1.861,0.25023
6140,-1.86,0.25023
6141,-1.859,0.25023
6142,-1.858,0.25023
6143,-1.857,0.25023
6144,-1.856,0.25023
6145,-1.855,0.25023
6146,-1.854,0.25023
6147,-1.853,0.25023
6148,-1.852,0.25023
6149,-1.851,0.25023
6150,-1.85,0.25023
6151,-1.849,0.25023
6152,-1.848,0.25023
6153,-1.847,0.25023
6154,-1.846,0.25023
6155,-1.845,0.25023
6156,-1.844,0.25023
6157,-1.843,0.25023
6158,-1.842,0.25023
6159,-1.841,0.25023
6160,-1.84,0.25023
6161,-1.839,0.25023
6162,-1.838,0.25023
6163,-1.837,0.25023
6164,-1.836,0.25023
6165,-1.835,0.25023
6166,-1.834,0.25023
6167,-1.833,0.25023
6168,-1.832,0.25023
6169,-1.831,0.25023
6170,-1.83,0.25023
6171,-1.829,0.25023
6172,-1.828,0.25023
6173,-1.827,0.25023
6174,-1.826,0.25023
6175,-1.825,0.25023
6176,-1.824,0.25023
6177,-1.823,0.25023
6178,-1.822,0.25023
6179,-1.821,0.25023
6180,-1.82,0.25023
6181,-1.819,0.25023
6182,-1.818,0.25023
6183,-1.817,0.25023
6184,-1.816,0.25023
6185,-1.815,0.25023
6186,-1.814,0.25023
6187,-1.813,0.25023
6188,-1.812,0.25023
6189,-1.811,0.25023
6190,-1.81,0.25023
6191,-1.809,0.25023
6192,-1.808,0.25023
6193,-1.807,0.25023
6194,-1.806,0.25023
6195,-1.805,0.25023
6196,-1.804,0.25023
6197,-1.803,0.25023
6198,-1.802,0.25023
6199,-1.801,0.25023
6200,-1.8,0.25023
6201,-1.799,0.25023
6202,-1.798,0.25023
6203,-1.797,0.25023
6204,-1.796,0.25023
6205,-1.795,0.25023
6206,-1.794,0.25023
6207,-1.793,0.25023
6208,-1.792,0.25023
6209,-1.791,0.25023
6210,-1.79,0.25023
6211,-1.789,0.25023
6212,-1.788,0.25023
6213,-1.787,0.25023
6214,-1.786,0.25023
6215,-1.785,0.25023
6216,-1.784,0.25023
6217,-1.783,0.25023
6218,-1.782,0.25023
6219,-1.781,0.25023
6220,-1.78,0.25023
6221,-1.779,0.25023
6222,-1.778,0.25023
6223,-1.777,0.25023
6224,-1.776,0.25023
6225,-1.775,0.25023
6226,-1.774,0.25023
6227,-1.773,0.25023
6228,-1.772,0.25023
6229,-1.771,0.25023
6230,-1.77,0.25023
6231,-1.769,0.25023
6232,-1.768,0.25023
6233,-1.767,0.25023
6234,-1.766,0.25023
6235,-1.765,0.25023
6236,-1.764,0.25023
6237,-1.763,0.25023
6238,-1.762,0.25023
6239,-1.761,0.25023
6240,-1.76,0.25023
6241,-1.759,0.25023
6242,-1.758,0.25023
6243,-1.757,0.25023
6244,-1.756,0.25023
6245,-1.755,0.25023
6246,-1.754,0.25023
6247,-1.753,0.25023
6248,-1.752,0.25023
6249,-1.751,0.25023
6250,-1.75,0.25023
6251,-1.749,0.25023
6252,-1.748,0.25023
6253,-1.747,0.25023
6254,-1.746,0.25023
6255,-1.745,0.25023
6256,-1.744,0.25023
6257,-1.743,0.25023
6258,-1.742,0.25023
6259,-1.741,0.25023
6260,-1.74,0.25023
6261,-1.739,0.25023
6262,-1.738,0.25023
6263,-1.737,0.25023
6264,-1.736,0.25023
6265,-1.735,0.25023
6266,-1.734,0.25023
6267,-1.733,0.25023
6268,-1.732,0.25023
6269,-1.731,0.25023
6270,-1.73,0.25023
6271,-1.729,0.25023
6272,-1.728,0.25023
6273,-1.727,0.25023
6274,-1.726,0.25023
6275,-1.725,0.25023
6276,-1.724,0.25023
6277,-1.723,0.25023
6278,-1.722,0.25023
6279,-1.721,0.25023
6280,-1.72,0.25023
6281,-1.719,0.25023
6282,-1.718,0.25023
6283,-1.717,0.25023
6284,-1.716,0.25023
6285,-1.715,0.25023
6286,-1.714,0.25023
6287,-1.713,0.25023
6288,-1.712,0.25023
6289,-1.711,0.25023
6290,-1.71,0.25023
6291,-1.709,0.25023
6292,-1.708,0.25023
6293,-1.707,0.25023
6294,-1.706,0.25023
6295,-1.705,0.25023
6296,-1.704,0.25023
6297,-1.703,0.25023
6298,-1.702,0.25023
6299,-1.701,0.25023
6300,-1.7,0.25023
6301,-1.699,0.25023
6302,-1.698,0.25023
6303,-1.697,0.25023
6304,-1.696,0.25023
6305,-1.695,0.25023
6306,-1.694,0.25023
6307,-1.693,0.25023
6308,-1.692,0.25023
6309,-1.691,0.25023
6310,-1.69,0.25023
6311,-1.689,0.25023
6312,-1.688,0.25023
6313,-1.687,0.25023
6314,-1.686,0.25023
6315,-1.685,0.25023
6316,-1.684,0.25023
6317,-1.683,0.25023
6318,-1.682,0.25023
6319,-1.681,0.25023
6320,-1.68,0.25023
6321,-1.679,0.25023
6322,-1.678,0.25023
6323,-1.677,0.25023
6324,-1.676,0.25023
6325,-1.675,0.25023
6326,-1.674,0.25023
6327,-1.673,0.25023
6328,-1.672,0.25023
6329,-1.671,0.25023
6330,-1.67,0.25023
6331,-1.669,0.25023
6332,-1.668,0.25023
6333,-1.667,0.25023
6334,-1.666,0.25023
6335,-1.665,0.25023
6336,-1.664,0.25023
6337,-1.663,0.25023
6338,-1.662,0.25023
6339,-1.661,0.25023
6340,-1.66,0.25023
6341,-1.659,0.25023
6342,-1.658,0.25023
6343,-1.657,0.25023
6344,-1.656,0.25023
6345,-1.655,0.25023
6346,-1.654,0.25023
6347,-1.653,0.25023
6348,-1.652,0.25023
6349,-1.651,0.25023
6350,-1.65,0.25023
6351,-1.649,0.25023
6352,-1.648,0.25023
6353,-1.647,0.25023
6354,-1.646,0.25023
6355,-1.645,0.25023
6356,-1.644,0.25023
6357,-1.643,0.25023
6358,-1.642,0.25023
6359,-1.641,0.25023
6360,-1.64,0.25023
6361,-1.639,0.25023
6362,-1.638,0.25023
6363,-1.637,0.25023
6364,-1.636,0.25023
6365,-1.635,0.25023
6366,-1.634,0.25023
6367,-1.633,0.25023
6368,-1.632,0.25023
6369,-1.631,0.25023
6370,-1.63,0.25023
6371,-1.629,0.25023
6372,-1.628,0.25023
6373,-1.627,0.25023
6374,-1.626,0.25023
6375,-1.625,0.25023
6376,-1.624,0.25023
6377,-1.623,0.25023
6378,-1.622,0.25023
6379,-1.621,0.25023
6380,-1.62,0.25023
6381,-1.619,0.25023
6382,-1.618,0.25023
6383,-1.617,0.25023
6384,-1.616,0.25023
6385,-1.615,0.25023
6386,-1.614,0.25023
6387,-1.613,0.25023
6388,-1.612,0.25023
6389,-1.611,0.25023
6390,-1.61,0.25023
6391,-1.609,0.25023
6392,-1.608,0.25023
6393,-1.607,0.25023
6394,-1.606,0.25023
6395,-1.605,0.25023
6396,-1.604,0.25023
6397,-1.603,0.25023
6398,-1.602,0.25023
6399,-1.601,0.25023
6400,-1.6,0.25023
6401,-1.599,0.25023
6402,-1.598,0.25023
6403,-1.597,0.25023
6404,-1.596,0.25023
6405,-1.595,0.25023
6406,-1.594,0.25023
6407,-1.593,0.25023
6408,-1.592,0.25023
6409,-1.591,0.25023
6410,-1.59,0.25023
6411,-1.589,0.25023
6412,-1.588,0.25023
6413,-1.587,0.25023
6414,-1.586,0.25023
6415,-1.585,0.25023
6416,-1.584,0.25023
6417,-1.583,0.25023
6418,-1.582,0.25023
6419,-1.581,0.25023
6420,-1.58,0.25023
6421,-1.579,0.25023
6422,-1.578,0.25023
6423,-1.577,0.25023
6424,-1.576,0.25023
6425,-1.575,0.25023
6426,-1.574,0.25023
6427,-1.573,0.25023
6428,-1.572,0.25023
6429,-1.571,0.25023
6430,-1.57,0.25023
6431,-1.569,0.25023
6432,-1.568,0.25023
6433,-1.567,0.25023
6434,-1.566,0.25023
6435,-1.565,0.25023
6436,-1.564,0.25023
6437,-1.563,0.25023
6438,-1.562,0.25023
6439,-1.561,0.25023
6440,-1.56,0.25023
6441,-1.559,0.25023
6442,-1.558,0.25023
6443,-1.557,0.25023
6444,-1.556,0.25023
6445,-1.555,0.25023
6446,-1.554,0.25023
6447,-1.553,0.25023
6448,-1.552,0.25023
6449,-1.551,0.25023
6450,-1.55,0.25023
6451,-1.549,0.25023
6452,-1.548,0.25023
6453,-1.547,0.25023
6454,-1.546,0.25023
6455,-1.545,0.25023
6456,-1.544,0.25023
6457,-1.543,0.25023
6458,-1.542,0.25023
6459,-1.541,0.25023
6460,-1.54,0.25023
6461,-1.539,0.25023
6462,-1.538,0.25023
6463,-1.537,0.25023
6464,-1.536,0.25023
6465,-1.535,0.25023
6466,-1.534,0.25023
6467,-1.533,0.25023
6468,-1.532,0.25023
6469,-1.531,0.25023
6470,-1.53,0.25023
6471,-1.529,0.25023
6472,-1.528,0.25023
6473,-1.527,0.25023
6474,-1.526,0.25023
6475,-1.525,0.25023
6476,-1.524,0.25023
6477,-1.523,0.25023
6478,-1.522,0.25023
6479,-1.521,0.25023
6480,-1.52,0.25023
6481,-1.519,0.25023
6482,-1.518,0.25023
6483,-1.517,0.25023
6484,-1.516,0.25023
6485,-1.515,0.25023
6486,-1.514,0.25023
6487,-1.513,0.25023
6488,-1.512,0.25023
6489,-1.511,0.25023
6490,-1.51,0.25023
6491,-1.509,0.25023
6492,-1.508,0.25023
6493,-1.507,0.25023
6494,-1.506,0.25023
6495,-1.505,0.25023
6496,-1.504,0.25023
6497,-1.503,0.25023
6498,-1.502,0.25023
6499,-1.501,0.25023
6500,-1.5,0.25023
6501,-1.499,0.25023
6502,-1.498,0.25023
6503,-1.497,0.25023
6504,-1.496,0.25023
6505,-1.495,0.25023
6506,-1.494,0.25023
6507,-1.493,0.25023
6508,-1.492,0.25023
6509,-1.491,0.25023
6510,-1.49,0.25023
6511,-1.489,0.25023
6512,-1.488,0.25023
6513,-1.487,0.25023
6514,-1.486,0.25023
6515,-1.485,0.25023
6516,-1.484,0.25023
6517,-1.483,0.25023
6518,-1.482,0.25023
6519,-1.481,0.25023
6520,-1.48,0.25023
6521,-1.479,0.25023
6522,-1.478,0.25023
6523,-1.477,0.25023
6524,-1.476,0.25023
6525,-1.475,0.25023
6526,-1.474,0.25023
6527,-1.473,0.25023
6528,-1.472,0.25023
6529,-1.471,0.25023
6530,-1.47,0.25023
6531,-1.469,0.25023
6532,-1.468,0.25023
6533,-1.467,0.25023
6534,-1.466,0.25023
6535,-1.465,0.25023
6536,-1.464,0.25023
6537,-1.463,0.25023
6538,-1.462,0.25023
6539,-1.461,0.25023
6540,-1.46,0.25023
6541,-1.459,0.25023
6542,-1.458,0.253708
6543,-1.457,0.253708
6544,-1.456,0.253708
6545,-1.455,0.253708
6546,-1.454,0.253708
6547,-1.453,0.253708
6548,-1.452,0.255447
6549,-1.451,0.283268
6550,-1.45,0.288485
6551,-1.449,0.288485
6552,-1.448,0.288485
6553,-1.447,0.288485
6554,-1.446,0.288485
6555,-1.445,0.288485
6556,-1.444,0.288485
6557,-1.443,0.288485
6558,-1.442,0.288485
6559,-1.441,0.288485
6560,-1.44,0.288485
6561,-1.439,0.288485
6562,-1.438,0.288485
6563,-1.437,0.288485
6564,-1.436,0.288485
6565,-1.435,0.288485
6566,-1.434,0.288485
6567,-1.433,0.288485
6568,-1.432,0.288485
6569,-1.431,0.288485
6570,-1.43,0.288485
6571,-1.429,0.288485
6572,-1.428,0.288485
6573,-1.427,0.288485
6574,-1.426,0.288485
6575,-1.425,0.288485
6576,-1.424,0.288485
6577,-1.423,0.288485
6578,-1.422,0.288485
6579,-1.421,0.288485
6580,-1.42,0.288485
6581,-1.419,0.288485
6582,-1.418,0.288485
6583,-1.417,0.288485
6584,-1.416,0.288485
6585,-1.415,0.288485
6586,-1.414,0.288485
6587,-1.413,0.288485
6588,-1.412,0.288485
6589,-1.411,0.288485
6590,-1.41,0.288485
6591,-1.409,0.288485
6592,-1.408,0.288485
6593,-1.407,0.288485
6594,-1.406,0.288485
6595,-1.405,0.288485
6596,-1.404,0.288485
6597,-1.403,0.288485
6598,-1.402,0.288485
6599,-1.401,0.288485
6600,-1.4,0.288485
6601,-1.399,0.288485
6602,-1.398,0.288485
6603,-1.397,0.288485
6604,-1.396,0.288485
6605,-1.395,0.288485
6606,-1.394,0.288485
6607,-1.393,0.288485
6608,-1.392,0.288485
6609,-1.391,0.288485
6610,-1.39,0.288485
6611,-1.389,0.288485
6612,-1.388,0.288485
6613,-1.387,0.288485
6614,-1.386,0.288485
6615,-1.385,0.288485
6616,-1.384,0.288485
6617,-1.383,0.288485
6618,-1.382,0.288485
6619,-1.381,0.288485
6620,-1.38,0.288485
6621,-1.379,0.288485
6622,-1.378,0.288485
6623,-1.377,0.288485
6624,-1.376,0.288485
6625,-1.375,0.288485
6626,-1.374,0.288485
6627,-1.373,0.288485
6628,-1.372,0.288485
6629,-1.371,0.288485
6630,-1.37,0.288485
6631,-1.369,0.288485
6632,-1.368,0.288485
6633,-1.367,0.288485
6634,-1.366,0.288485
6635,-1.365,0.288485
6636,-1.364,0.288485
6637,-1.363,0.288485
6638,-1.362,0.291963
6639,-1.361,0.288485
6640,-1.36,0.288485
6641,-1.359,0.288485
6642,-1.358,0.290224
6643,-1.357,0.286746
6644,-1.356,0.288485
6645,-1.355,0.288485
6646,-1.354,0.288485
6647,-1.353,0.288485
6648,-1.352,0.288485
6649,-1.351,0.288485
6650,-1.35,0.288485
6651,-1.349,0.288485
6652,-1.348,0.288485
6653,-1.347,0.288485
6654,-1.346,0.288485
6655,-1.345,0.288485
6656,-1.344,0.288485
6657,-1.343,0.288485
6658,-1.342,0.288485
6659,-1.341,0.288485
6660,-1.34,0.288485
6661,-1.339,0.288485
6662,-1.338,0.288485
6663,-1.337,0.288485
6664,-1.336,0.288485
6665,-1.335,0.288485
6666,-1.334,0.288485
6667,-1.333,0.288485
6668,-1.332,0.288485
6669,-1.331,0.288485
6670,-1.33,0.288485
6671,-1.329,0.288485
6672,-1.328,0.288485
6673,-1.327,0.288485
6674,-1.326,0.288485
6675,-1.325,0.288485
6676,-1.324,0.288485
6677,-1.323,0.288485
6678,-1.322,0.288485
6679,-1.321,0.288485
6680,-1.32,0.288485
6681,-1.319,0.288485
6682,-1.318,0.288485
6683,-1.317,0.288485
6684,-1.316,0.288485
6685,-1.315,0.288485
6686,-1.314,0.288485
6687,-1.313,0.288485
6688,-1.312,0.288485
6689,-1.311,0.288485
6690,-1.31,0.288485
6691,-1.309,0.288485
6692,-1.308,0.288485
6693,-1.307,0.288485
6694,-1.306,0.288485
6695,-1.305,0.288485
6696,-1.304,0.288485
6697,-1.303,0.288485
6698,-1.302,0.288485
6699,-1.301,0.288485
6700,-1.3,0.288485
6701,-1.299,0.288485
6702,-1.298,0.288485
6703,-1.297,0.288485
6704,-1.296,0.288485
6705,-1.295,0.288485
6706,-1.294,0.288485
6707,-1.293,0.288485
6708,-1.292,0.288485
6709,-1.291,0.288485
6710,-1.29,0.288485
6711,-1.289,0.288485
6712,-1.288,0.288485
6713,-1.287,0.288485
6714,-1.286,0.288485
6715,-1.285,0.288485
6716,-1.284,0.288485
6717,-1.283,0.288485
6718,-1.282,0.288485
6719,-1.281,0.288485
6720,-1.28,0.288485
6721,-1.279,0.288485
6722,-1.278,0.288485
6723,-1.277,0.288485
6724,-1.276,0.288485
6725,-1.275,0.288485
6726,-1.274,0.288485
6727,-1.273,0.288485
6728,-1.272,0.288485
6729,-1.271,0.288485
6730,-1.27,0.288485
6731,-1.269,0.288485
6732,-1.268,0.288485
6733,-1.267,0.288485
6734,-1.266,0.288485
6735,-1.265,0.288485
6736,-1.264,0.288485
6737,-1.263,0.288485
6738,-1.262,0.288485
6739,-1.261,0.288485
6740,-1.26,0.288485
6741,-1.259,0.288485
6742,-1.258,0.288485
6743,-1.257,0.288485
6744,-1.256,0.288485
6745,-1.255,0.288485
6746,-1.254,0.288485
6747,-1.253,0.288485
6748,-1.252,0.288485
6749,-1.251,0.288485
6750,-1.25,0.288485
6751,-1.249,0.288485
6752,-1.248,0.288485
6753,-1.247,0.288485
6754,-1.246,0.288485
6755,-1.245,0.288485
6756,-1.244,0.288485
6757,-1.243,0.288485
6758,-1.242,0.288485
6759,-1.241,0.288485
6760,-1.24,0.288485
6761,-1.239,0.288485
6762,-1.238,0.288485
6763,-1.237,0.288485
6764,-1.236,0.288485
6765,-1.235,0.288485
6766,-1.234,0.288485
6767,-1.233,0.288485
6768,-1.232,0.288485
6769,-1.231,0.288485
6770,-1.23,0.288485
6771,-1.229,0.288485
6772,-1.228,0.288485
6773,-1.227,0.288485
6774,-1.226,0.288485
6775,-1.225,0.288485
6776,-1.224,0.288485
6777,-1.223,0.288485
6778,-1.222,0.288485
6779,-1.221,0.288485
6780,-1.22,0.288485
6781,-1.219,0.288485
6782,-1.218,0.288485
6783,-1.217,0.288485
6784,-1.216,0.288485
6785,-1.215,0.288485
6786,-1.214,0.288485
6787,-1.213,0.288485
6788,-1.212,0.288485
6789,-1.211,0.288485
6790,-1.21,0.288485
6791,-1.209,0.288485
6792,-1.208,0.288485
6793,-1.207,0.288485
6794,-1.206,0.288485
6795,-1.205,0.288485
6796,-1.204,0.288485
6797,-1.203,0.288485
6798,-1.202,0.288485
6799,-1.201,0.288485
6800,-1.2,0.288485
6801,-1.199,0.288485
6802,-1.198,0.288485
6803,-1.197,0.288485
6804,-1.196,0.288485
6805,-1.195,0.288485
6806,-1.194,0.288485
6807,-1.193,0.288485
6808,-1.192,0.288485
6809,-1.191,0.288485
6810,-1.19,0.288485
6811,-1.189,0.288485
6812,-1.188,0.288485
6813,-1.187,0.288485
6814,-1.186,0.288485
6815,-1.185,0.288485
6816,-1.184,0.288485
6817,-1.183,0.288485
6818,-1.182,0.288485
6819,-1.181,0.288485
6820,-1.18,0.288485
6821,-1.179,0.288485
6822,-1.178,0.288485
6823,-1.177,0.288485
6824,-1.176,0.288485
6825,-1.175,0.288485
6826,-1.174,0.288485
6827,-1.173,0.288485
6828,-1.172,0.288485
6829,-1.171,0.288485
6830,-1.17,0.288485
6831,-1.169,0.288485
6832,-1.168,0.288485
6833,-1.167,0.288485
6834,-1.166,0.288485
6835,-1.165,0.288485
6836,-1.164,0.288485
6837,-1.163,0.288485
6838,-1.162,0.288485
6839,-1.161,0.288485
6840,-1.16,0.288485
6841,-1.159,0.288485
6842,-1.158,0.288485
6843,-1.157,0.288485
6844,-1.156,0.288485
6845,-1.155,0.288485
6846,-1.154,0.288485
6847,-1.153,0.288485
6848,-1.152,0.288485
6849,-1.151,0.288485
6850,-1.15,0.288485
6851,-1.149,0.288485
6852,-1.148,0.288485
6853,-1.147,0.288485
6854,-1.146,0.288485
6855,-1.145,0.288485
6856,-1.144,0.288485
6857,-1.143,0.288485
6858,-1.142,0.288485
6859,-1.141,0.288485
6860,-1.14,0.288485
6861,-1.139,0.288485
6862,-1.138,0.288485
6863,-1.137,0.288485
6864,-1.136,0.288485
6865,-1.135,0.288485
6866,-1.134,0.288485
6867,-1.133,0.288485
6868,-1.132,0.288485
6869,-1.131,0.288485
6870,-1.13,0.288485
6871,-1.129,0.288485
6872,-1.128,0.288485
6873,-1.127,0.288485
6874,-1.126,0.288485
6875,-1.125,0.288485
6876,-1.124,0.288485
6877,-1.123,0.288485
6878,-1.122,0.288485
6879,-1.121,0.288485
6880,-1.12,0.288485
6881,-1.119,0.288485
6882,-1.118,0.288485
6883,-1.117,0.288485
6884,-1.116,0.288485
6885,-1.115,0.288485
6886,-1.114,0.288485
6887,-1.113,0.288485
6888,-1.112,0.288485
6889,-1.111,0.288485
6890,-1.11,0.288485
6891,-1.109,0.288485
6892,-1.108,0.288485
6893,-1.107,0.288485
6894,-1.106,0.288485
6895,-1.105,0.288485
6896,-1.104,0.288485
6897,-1.103,0.288485
6898,-1.102,0.288485
6899,-1.101,0.288485
6900,-1.1,0.288485
6901,-1.099,0.288485
6902,-1.098,0.288485
6903,-1.097,0.288485
6904,-1.096,0.288485
6905,-1.095,0.288485
6906,-1.094,0.288485
6907,-1.093,0.288485
6908,-1.092,0.288485
6909,-1.091,0.288485
6910,-1.09,0.288485
6911,-1.089,0.288485
6912,-1.088,0.288485
6913,-1.087,0.288485
6914,-1.086,0.288485
6915,-1.085,0.288485
6916,-1.084,0.288485
6917,-1.083,0.288485
6918,-1.082,0.288485
6919,-1.081,0.288485
6920,-1.08,0.288485
6921,-1.079,0.288485
6922,-1.078,0.288485
6923,-1.077,0.288485
6924,-1.076,0.288485
6925,-1.075,0.288485
6926,-1.074,0.288485
6927,-1.073,0.288485
6928,-1.072,0.288485
6929,-1.071,0.288485
6930,-1.07,0.288485
6931,-1.069,0.288485
6932,-1.068,0.288485
6933,-1.067,0.288485
6934,-1.066,0.288485
6935,-1.065,0.288485
6936,-1.064,0.288485
6937,-1.063,0.288485
6938,-1.062,0.288485
6939,-1.061,0.288485
6940,-1.06,0.288485
6941,-1.059,0.288485
6942,-1.058,0.288485
6943,-1.057,0.288485
6944,-1.056,0.288485
6945,-1.055,0.288485
6946,-1.054,0.288485
6947,-1.053,0.288485
6948,-1.052,0.288485
6949,-1.051,0.288485
6950,-1.05,0.288485
6951,-1.049,0.288485
6952,-1.048,0.288485
6953,-1.047,0.288485
6954,-1.046,0.288485
6955,-1.045,0.288485
6956,-1.044,0.288485
6957,-1.043,0.288485
6958,-1.042,0.288485
6959,-1.041,0.288485
6960,-1.04,0.288485
6961,-1.039,0.288485
6962,-1.038,0.288485
6963,-1.037,0.288485
6964,-1.036,0.288485
6965,-1.035,0.288485
6966,-1.034,0.288485
6967,-1.033,0.288485
6968,-1.032,0.288485
6969,-1.031,0.288485
6970,-1.03,0.288485
6971,-1.029,0.288485
6972,-1.028,0.288485
6973,-1.027,0.288485
6974,-1.026,0.288485
6975,-1.025,0.288485
6976,-1.024,0.288485
6977,-1.023,0.288485
6978,-1.022,0.288485
6979,-1.021,0.288485
6980,-1.02,0.288485
6981,-1.019,0.288485
6982,-1.018,0.288485
6983,-1.017,0.288485
6984,-1.016,0.288485
6985,-1.015,0.288485
6986,-1.014,0.288485
6987,-1.013,0.288485
6988,-1.012,0.288485
6989,-1.011,0.288485
6990,-1.01,0.288485
6991,-1.009,0.288485
6992,-1.008,0.288485
6993,-1.007,0.288485
6994,-1.006,0.288485
6995,-1.005,0.288485
6996,-1.004,0.288485
6997,-1.003,0.288485
6998,-1.002,0.288485
6999,-1.001,0.288485
7000,-1,0.288485
7001,-0.999,0.288485
7002,-0.998,0.288485
7003,-0.997,0.288485
7004,-0.996,0.288485
7005,-0.995,0.288485
7006,-0.994,0.288485
7007,-0.993,0.288485
7008,-0.992,0.288485
7009,-0.991,0.288485
7010,-0.99,0.288485
7011,-0.989,0.288485
7012,-0.988,0.288485
7013,-0.987,0.288485
7014,-0.986,0.288485
7015,-0.985,0.288485
7016,-0.984,0.288485
7017,-0.983,0.288485
7018,-0.982,0.288485
7019,-0.981,0.288485
7020,-0.98,0.288485
7021,-0.979,0.288485
7022,-0.978,0.288485
7023,-0.977,0.288485
7024,-0.976,0.288485
7025,-0.975,0.288485
7026,-0.974,0.288485
7027,-0.973,0.288485
7028,-0.972,0.288485
7029,-0.971,0.288485
7030,-0.97,0.288485
7031,-0.969,0.288485
7032,-0.968,0.288485
7033,-0.967,0.288485
7034,-0.966,0.288485
7035,-0.965,0.288485
7036,-0.964,0.288485
7037,-0.963,0.288485
7038,-0.962,0.288485
7039,-0.961,0.288485
7040,-0.96,0.288485
7041,-0.959,0.288485
7042,-0.958,0.288485
7043,-0.957,0.288485
7044,-0.956,0.288485
7045,-0.955,0.288485
7046,-0.954,0.288485
7047,-0.953,0.288485
7048,-0.952,0.288485
7049,-0.951,0.288485
7050,-0.95,0.288485
7051,-0.949,0.288485
7052,-0.948,0.288485
7053,-0.947,0.288485
7054,-0.946,0.288485
7055,-0.945,0.288485
7056,-0.944,0.288485
7057,-0.943,0.288485
7058,-0.942,0.288485
7059,-0.941,0.288485
7060,-0.94,0.288485
7061,-0.939,0.288485
7062,-0.938,0.288485
7063,-0.937,0.288485
7064,-0.936,0.288485
7065,-0.935,0.288485
7066,-0.934,0.288485
7067,-0.933,0.288485
7068,-0.932,0.288485
7069,-0.931,0.288485
7070,-0.93,0.288485
7071,-0.929,0.288485
7072,-0.928,0.288485
7073,-0.927,0.288485
7074,-0.926,0.288485
7075,-0.925,0.288485
7076,-0.924,0.288485
7077,-0.923,0.288485
7078,-0.922,0.288485
7079,-0.921,0.288485
7080,-0.92,0.288485
7081,-0.919,0.288485
7082,-0.918,0.288485
7083,-0.917,0.288485
7084,-0.916,0.288485
7085,-0.915,0.288485
7086,-0.914,0.288485
7087,-0.913,0.288485
7088,-0.912,0.288485
7089,-0.911,0.288485
7090,-0.91,0.288485
7091,-0.909,0.288485
7092,-0.908,0.288485
7093,-0.907,0.288485
7094,-0.906,0.288485
7095,-0.905,0.288485
7096,-0.904,0.288485
7097,-0.903,0.288485
7098,-0.902,0.288485
7099,-0.901,0.288485
7100,-0.9,0.288485
7101,-0.899,0.288485
7102,-0.898,0.288485
7103,-0.897,0.288485
7104,-0.896,0.288485
7105,-0.895,0.288485
7106,-0.894,0.288485
7107,-0.893,0.288485
7108,-0.892,0.288485
7109,-0.891,0.288485
7110,-0.89,0.288485
7111,-0.889,0.288485
7112,-0.888,0.288485
7113,-0.887,0.288485
7114,-0.886,0.288485
7115,-0.885,0.288485
7116,-0.884,0.288485
7117,-0.883,0.288485
7118,-0.882,0.288485
7119,-0.881,0.288485
7120,-0.88,0.288485
7121,-0.879,0.288485
7122,-0.878,0.288485
7123,-0.877,0.288485
7124,-0.876,0.288485
7125,-0.875,0.288485
7126,-0.874,0.288485
7127,-0.873,0.288485
7128,-0.872,0.288485
7129,-0.871,0.288485
7130,-0.87,0.288485
7131,-0.869,0.288485
7132,-0.868,0.288485
7133,-0.867,0.288485
7134,-0.866,0.288485
7135,-0.865,0.288485
7136,-0.864,0.288485
7137,-0.863,0.288485
7138,-0.862,0.288485
7139,-0.861,0.288485
7140,-0.86,0.288485
7141,-0.859,0.288485
7142,-0.858,0.288485
7143,-0.857,0.288485
7144,-0.856,0.288485
7145,-0.855,0.288485
7146,-0.854,0.288485
7147,-0.853,0.288485
7148,-0.852,0.288485
7149,-0.851,0.288485
7150,-0.85,0.288485
7151,-0.849,0.288485
7152,-0.848,0.288485
7153,-0.847,0.288485
7154,-0.846,0.288485
7155,-0.845,0.288485
7156,-0.844,0.288485
7157,-0.843,0.288485
7158,-0.842,0.288485
7159,-0.841,0.288485
7160,-0.84,0.288485
7161,-0.839,0.288485
7162,-0.838,0.288485
7163,-0.837,0.288485
7164,-0.836,0.288485
7165,-0.835,0.288485
7166,-0.834,0.288485
7167,-0.833,0.288485
7168,-0.832,0.288485
7169,-0.831,0.288485
7170,-0.83,0.288485
7171,-0.829,0.288485
7172,-0.828,0.288485
7173,-0.827,0.288485
7174,-0.826,0.288485
7175,-0.825,0.288485
7176,-0.824,0.288485
7177,-0.823,0.288485
7178,-0.822,0.288485
7179,-0.821,0.288485
7180,-0.82,0.288485
7181,-0.819,0.288485
7182,-0.818,0.288485
7183,-0.817,0.288485
7184,-0.816,0.288485
7185,-0.815,0.288485
7186,-0.814,0.288485
7187,-0.813,0.288485
7188,-0.812,0.288485
7189,-0.811,0.288485
7190,-0.81,0.288485
7191,-0.809,0.288485
7192,-0.808,0.288485
7193,-0.807,0.288485
7194,-0.806,0.288485
7195,-0.805,0.288485
7196,-0.804,0.288485
7197,-0.803,0.288485
7198,-0.802,0.288485
7199,-0.801,0.288485
7200,-0.8,0.288485
7201,-0.799,0.288485
7202,-0.798,0.288485
7203,-0.797,0.288485
7204,-0.796,0.288485
7205,-0.795,0.288485
7206,-0.794,0.288485
7207,-0.793,0.288485
7208,-0.792,0.288485
7209,-0.791,0.288485
7210,-0.79,0.288485
7211,-0.789,0.288485
7212,-0.788,0.288485
7213,-0.787,0.288485
7214,-0.786,0.288485
7215,-0.785,0.288485
7216,-0.784,0.288485
7217,-0.783,0.288485
7218,-0.782,0.288485
7219,-0.781,0.288485
7220,-0.78,0.288485
7221,-0.779,0.288485
7222,-0.778,0.288485
7223,-0.777,0.288485
7224,-0.776,0.288485
7225,-0.775,0.288485
7226,-0.774,0.288485
7227,-0.773,0.288485
7228,-0.772,0.288485
7229,-0.771,0.288485
7230,-0.77,0.288485
7231,-0.769,0.288485
7232,-0.768,0.288485
7233,-0.767,0.288485
7234,-0.766,0.288485
7235,-0.765,0.288485
7236,-0.764,0.288485
7237,-0.763,0.288485
7238,-0.762,0.288485
7239,-0.761,0.288485
7240,-0.76,0.288485
7241,-0.759,0.288485
7242,-0.758,0.288485
7243,-0.757,0.288485
7244,-0.756,0.288485
7245,-0.755,0.288485
7246,-0.754,0.288485
7247,-0.753,0.288485
7248,-0.752,0.288485
7249,-0.751,0.288485
7250,-0.75,0.288485
7251,-0.749,0.288485
7252,-0.748,0.288485
7253,-0.747,0.288485
7254,-0.746,0.288485
7255,-0.745,0.288485
7256,-0.744,0.288485
7257,-0.743,0.288485
7258,-0.742,0.288485
7259,-0.741,0.288485
7260,-0.74,0.288485
7261,-0.739,0.288485
7262,-0.738,0.288485
7263,-0.737,0.288485
7264,-0.736,0.288485
7265,-0.735,0.288485
7266,-0.734,0.288485
7267,-0.733,0.288485
7268,-0.732,0.288485
7269,-0.731,0.288485
7270,-0.73,0.288485
7271,-0.729,0.288485
7272,-0.728,0.288485
7273,-0.727,0.288485
7274,-0.726,0.288485
7275,-0.725,0.288485
7276,-0.724,0.288485
7277,-0.723,0.288485
7278,-0.722,0.288485
7279,-0.721,0.288485
7280,-0.72,0.288485
7281,-0.719,0.288485
7282,-0.718,0.288485
7283,-0.717,0.288485
7284,-0.716,0.288485
7285,-0.715,0.288485
7286,-0.714,0.288485
7287,-0.713,0.288485
7288,-0.712,0.288485
7289,-0.711,0.288485
7290,-0.71,0.288485
7291,-0.709,0.288485
7292,-0.708,0.288485
7293,-0.707,0.288485
7294,-0.706,0.288485
7295,-0.705,0.288485
7296,-0.704,0.288485
7297,-0.703,0.288485
7298,-0.702,0.288485
7299,-0.701,0.288485
7300,-0.7,0.288485
7301,-0.699,0.288485
7302,-0.698,0.288485
7303,-0.697,0.288485
7304,-0.696,0.288485
7305,-0.695,0.288485
7306,-0.694,0.288485
7307,-0.693,0.288485
7308,-0.692,0.288485
7309,-0.691,0.288485
7310,-0.69,0.288485
7311,-0.689,0.288485
7312,-0.688,0.288485
7313,-0.687,0.288485
7314,-0.686,0.288485
7315,-0.685,0.288485
7316,-0.684,0.288485
7317,-0.683,0.288485
7318,-0.682,0.288485
7319,-0.681,0.288485
7320,-0.68,0.288485
7321,-0.679,0.288485
7322,-0.678,0.288485
7323,-0.677,0.288485
7324,-0.676,0.288485
7325,-0.675,0.288485
7326,-0.674,0.288485
7327,-0.673,0.288485
7328,-0.672,0.288485
7329,-0.671,0.288485
7330,-0.67,0.288485
7331,-0.669,0.288485
7332,-0.668,0.288485
7333,-0.667,0.288485
7334,-0.666,0.288485
7335,-0.665,0.288485
7336,-0.664,0.288485
7337,-0.663,0.288485
7338,-0.662,0.288485
7339,-0.661,0.288485
7340,-0.66,0.288485
7341,-0.659,0.288485
7342,-0.658,0.288485
7343,-0.657,0.288485
7344,-0.656,0.288485
7345,-0.655,0.288485
7346,-0.654,0.288485
7347,-0.653,0.288485
7348,-0.652,0.288485
7349,-0.651,0.288485
7350,-0.65,0.288485
7351,-0.649,0.288485
7352,-0.648,0.288485
7353,-0.647,0.288485
7354,-0.646,0.288485
7355,-0.645,0.288485
7356,-0.644,0.288485
7357,-0.643,0.288485
7358,-0.642,0.288485
7359,-0.641,0.288485
7360,-0.64,0.288485
7361,-0.639,0.288485
7362,-0.638,0.288485
7363,-0.637,0.288485
7364,-0.636,0.288485
7365,-0.635,0.288485
7366,-0.634,0.288485
7367,-0.633,0.288485
7368,-0.632,0.288485
7369,-0.631,0.288485
7370,-0.63,0.288485
7371,-0.629,0.288485
7372,-0.628,0.288485
7373,-0.627,0.288485
7374,-0.626,0.288485
7375,-0.625,0.288485
7376,-0.624,0.288485
7377,-0.623,0.288485
7378,-0.622,0.288485
7379,-0.621,0.288485
7380,-0.62,0.288485
7381,-0.619,0.288485
7382,-0.618,0.288485
7383,-0.617,0.288485
7384,-0.616,0.288485
7385,-0.615,0.288485
7386,-0.614,0.288485
7387,-0.613,0.288485
7388,-0.612,0.288485
7389,-0.611,0.288485
7390,-0.61,0.288485
7391,-0.609,0.288485
7392,-0.608,0.288485
7393,-0.607,0.288485
7394,-0.606,0.288485
7395,-0.605,0.288485
7396,-0.604,0.288485
7397,-0.603,0.288485
7398,-0.602,0.288485
7399,-0.601,0.288485
7400,-0.6,0.288485
7401,-0.599,0.288485
7402,-0.598,0.288485
7403,-0.597,0.288485
7404,-0.596,0.288485
7405,-0.595,0.288485
7406,-0.594,0.288485
7407,-0.593,0.288485
7408,-0.592,0.288485
7409,-0.591,0.288485
7410,-0.59,0.288485
7411,-0.589,0.288485
7412,-0.588,0.288485
7413,-0.587,0.288485
7414,-0.586,0.288485
7415,-0.585,0.288485
7416,-0.584,0.288485
7417,-0.583,0.288485
7418,-0.582,0.288485
7419,-0.581,0.288485
7420,-0.58,0.288485
7421,-0.579,0.288485
7422,-0.578,0.288485
7423,-0.577,0.288485
7424,-0.576,0.288485
7425,-0.575,0.288485
7426,-0.574,0.288485
7427,-0.573,0.288485
7428,-0.572,0.288485
7429,-0.571,0.288485
7430,-0.57,0.288485
7431,-0.569,0.288485
7432,-0.568,0.288485
7433,-0.567,0.288485
7434,-0.566,0.288485
7435,-0.565,0.288485
7436,-0.564,0.288485
7437,-0.563,0.288485
7438,-0.562,0.288485
7439,-0.561,0.288485
7440,-0.56,0.288485
7441,-0.559,0.288485
7442,-0.558,0.288485
7443,-0.557,0.288485
7444,-0.556,0.288485
7445,-0.555,0.288485
7446,-0.554,0.288485
7447,-0.553,0.288485
7448,-0.552,0.288485
7449,-0.551,0.288485
7450,-0.55,0.288485
7451,-0.549,0.288485
7452,-0.548,0.288485
7453,-0.547,0.288485
7454,-0.546,0.288485
7455,-0.545,0.288485
7456,-0.544,0.288485
7457,-0.543,0.288485
7458,-0.542,0.288485
7459,-0.541,0.288485
7460,-0.54,0.288485
7461,-0.539,0.288485
7462,-0.538,0.288485
7463,-0.537,0.288485
7464,-0.536,0.288485
7465,-0.535,0.288485
7466,-0.534,0.288485
7467,-0.533,0.288485
7468,-0.532,0.288485
7469,-0.531,0.288485
7470,-0.53,0.288485
7471,-0.529,0.288485
7472,-0.528,0.288485
7473,-0.527,0.288485
7474,-0.526,0.288485
7475,-0.525,0.288485
7476,-0.524,0.288485
7477,-0.523,0.288485
7478,-0.522,0.288485
7479,-0.521,0.288485
7480,-0.52,0.288485
7481,-0.519,0.288485
7482,-0.518,0.288485
7483,-0.517,0.288485
7484,-0.516,0.288485
7485,-0.515,0.288485
7486,-0.514,0.288485
7487,-0.513,0.288485
7488,-0.512,0.288485
7489,-0.511,0.288485
7490,-0.51,0.288485
7491,-0.509,0.288485
7492,-0.508,0.288485
7493,-0.507,0.288485
7494,-0.506,0.288485
7495,-0.505,0.288485
7496,-0.504,0.288485
7497,-0.503,0.288485
7498,-0.502,0.288485
7499,-0.501,0.288485
7500,-0.5,0.288485
7501,-0.499,0.288485
7502,-0.498,0.288485
7503,-0.497,0.288485
7504,-0.496,0.288485
7505,-0.495,0.288485
7506,-0.494,0.288485
7507,-0.493,0.288485
7508,-0.492,0.288485
7509,-0.491,0.288485
7510,-0.49,0.288485
7511,-0.489,0.288485
7512,-0.488,0.288485
7513,-0.487,0.288485
7514,-0.486,0.288485
7515,-0.485,0.288485
7516,-0.484,0.288485
7517,-0.483,0.288485
7518,-0.482,0.288485
7519,-0.481,0.288485
7520,-0.48,0.288485
7521,-0.479,0.288485
7522,-0.478,0.288485
7523,-0.477,0.288485
7524,-0.476,0.288485
7525,-0.475,0.288485
7526,-0.474,0.288485
7527,-0.473,0.288485
7528,-0.472,0.288485
7529,-0.471,0.286746
7530,-0.47,0.288485
7531,-0.469,0.288485
7532,-0.468,0.288485
7533,-0.467,0.288485
7534,-0.466,0.288485
7535,-0.465,0.288485
7536,-0.464,0.288485
7537,-0.463,0.288485
7538,-0.462,0.288485
7539,-0.461,0.288485
7540,-0.46,0.288485
7541,-0.459,0.288485
7542,-0.458,0.288485
7543,-0.457,0.288485
7544,-0.456,0.290224
7545,-0.455,0.290224
7546,-0.454,0.290224
7547,-0.453,0.290224
7548,-0.452,0.290224
7549,-0.451,0.290224
7550,-0.45,0.290224
7551,-0.449,0.288485
7552,-0.448,0.288485
7553,-0.447,0.288485
7554,-0.446,0.288485
7555,-0.445,0.288485
7556,-0.444,0.290224
7557,-0.443,0.290224
7558,-0.442,0.291963
7559,-0.441,0.286746
7560,-0.44,0.286746
7561,-0.439,0.286746
7562,-0.438,0.286746
7563,-0.437,0.286746
7564,-0.436,0.286746
7565,-0.435,0.286746
7566,-0.434,0.286746
7567,-0.433,0.286746
7568,-0.432,0.286746
7569,-0.431,0.286746
7570,-0.43,0.286746
7571,-0.429,0.286746
7572,-0.428,0.286746
7573,-0.427,0.286746
7574,-0.426,0.286746
7575,-0.425,0.286746
7576,-0.424,0.286746
7577,-0.423,0.286746
7578,-0.422,0.286746
7579,-0.421,0.286746
7580,-0.42,0.286746
7581,-0.419,0.286746
7582,-0.418,0.286746
7583,-0.417,0.286746
7584,-0.416,0.286746
7585,-0.415,0.286746
7586,-0.414,0.286746
7587,-0.413,0.286746
7588,-0.412,0.286746
7589,-0.411,0.286746
7590,-0.41,0.286746
7591,-0.409,0.286746
7592,-0.408,0.286746
7593,-0.407,0.286746
7594,-0.406,0.286746
7595,-0.405,0.286746
7596,-0.404,0.286746
7597,-0.403,0.286746
7598,-0.402,0.286746
7599,-0.401,0.286746
7600,-0.4,0.286746
7601,-0.399,0.286746
7602,-0.398,0.286746
7603,-0.397,0.286746
7604,-0.396,0.286746
7605,-0.395,0.286746
7606,-0.394,0.286746
7607,-0.393,0.286746
7608,-0.392,0.286746
7609,-0.391,0.286746
7610,-0.39,0.286746
7611,-0.389,0.286746
7612,-0.388,0.286746
7613,-0.387,0.286746
7614,-0.386,0.286746
7615,-0.385,0.286746
7616,-0.384,0.286746
7617,-0.383,0.286746
7618,-0.382,0.286746
7619,-0.381,0.286746
7620,-0.38,0.286746
7621,-0.379,0.286746
7622,-0.378,0.286746
7623,-0.377,0.286746
7624,-0.376,0.286746
7625,-0.375,0.286746
7626,-0.374,0.286746
7627,-0.373,0.286746
7628,-0.372,0.286746
7629,-0.371,0.286746
7630,-0.37,0.286746
7631,-0.369,0.286746
7632,-0.368,0.286746
7633,-0.367,0.286746
7634,-0.366,0.286746
7635,-0.365,0.286746
7636,-0.364,0.286746
7637,-0.363,0.286746
7638,-0.362,0.286746
7639,-0.361,0.286746
7640,-0.36,0.286746
7641,-0.359,0.286746
7642,-0.358,0.286746
7643,-0.357,0.286746
7644,-0.356,0.286746
7645,-0.355,0.286746
7646,-0.354,0.286746
7647,-0.353,0.286746
7648,-0.352,0.286746
7649,-0.351,0.286746
7650,-0.35,0.286746
7651,-0.349,0.286746
7652,-0.348,0.286746
7653,-0.347,0.286746
7654,-0.346,0.286746
7655,-0.345,0.286746
7656,-0.344,0.286746
7657,-0.343,0.286746
7658,-0.342,0.286746
7659,-0.341,0.286746
7660,-0.34,0.286746
7661,-0.339,0.286746
7662,-0.338,0.286746
7663,-0.337,0.286746
7664,-0.336,0.286746
7665,-0.335,0.286746
7666,-0.334,0.286746
7667,-0.333,0.286746
7668,-0.332,0.286746
7669,-0.331,0.286746
7670,-0.33,0.286746
7671,-0.329,0.286746
7672,-0.328,0.286746
7673,-0.327,0.286746
7674,-0.326,0.286746
7675,-0.325,0.286746
7676,-0.324,0.286746
7677,-0.323,0.286746
7678,-0.322,0.286746
7679,-0.321,0.286746
7680,-0.32,0.286746
7681,-0.319,0.286746
7682,-0.318,0.286746
7683,-0.317,0.286746
7684,-0.316,0.286746
7685,-0.315,0.286746
7686,-0.314,0.286746
7687,-0.313,0.286746
7688,-0.312,0.286746
7689,-0.311,0.286746
7690,-0.31,0.286746
7691,-0.309,0.286746
7692,-0.308,0.286746
7693,-0.307,0.286746
7694,-0.306,0.286746
7695,-0.305,0.286746
7696,-0.304,0.286746
7697,-0.303,0.286746
7698,-0.302,0.286746
7699,-0.301,0.286746
7700,-0.3,0.286746
7701,-0.299,0.286746
7702,-0.298,0.286746
7703,-0.297,0.286746
7704,-0.296,0.286746
7705,-0.295,0.286746
7706,-0.294,0.286746
7707,-0.293,0.286746
7708,-0.292,0.286746
7709,-0.291,0.286746
7710,-0.29,0.286746
7711,-0.289,0.286746
7712,-0.288,0.286746
7713,-0.287,0.286746
7714,-0.286,0.286746
7715,-0.285,0.286746
7716,-0.284,0.286746
7717,-0.283,0.286746
7718,-0.282,0.286746
7719,-0.281,0.286746
7720,-0.28,0.286746
7721,-0.279,0.286746
7722,-0.278,0.286746
7723,-0.277,0.286746
7724,-0.276,0.286746
7725,-0.275,0.286746
7726,-0.274,0.286746
7727,-0.273,0.286746
7728,-0.272,0.286746
7729,-0.271,0.286746
7730,-0.27,0.286746
7731,-0.269,0.286746
7732,-0.268,0.286746
7733,-0.267,0.286746
7734,-0.266,0.286746
7735,-0.265,0.286746
7736,-0.264,0.286746
7737,-0.263,0.286746
7738,-0.262,0.286746
7739,-0.261,0.286746
7740,-0.26,0.286746
7741,-0.259,0.286746
7742,-0.258,0.286746
7743,-0.257,0.286746
7744,-0.256,0.286746
7745,-0.255,0.286746
7746,-0.254,0.286746
7747,-0.253,0.286746
7748,-0.252,0.286746
7749,-0.251,0.286746
7750,-0.25,0.286746
7751,-0.249,0.286746
7752,-0.248,0.286746
7753,-0.247,0.286746
7754,-0.246,0.286746
7755,-0.245,0.286746
7756,-0.244,0.286746
7757,-0.243,0.286746
7758,-0.242,0.286746
7759,-0.241,0.286746
7760,-0.24,0.286746
7761,-0.239,0.286746
7762,-0.238,0.286746
7763,-0.237,0.286746
7764,-0.236,0.286746
7765,-0.235,0.286746
7766,-0.234,0.286746
7767,-0.233,0.286746
7768,-0.232,0.286746
7769,-0.231,0.286746
7770,-0.23,0.286746
7771,-0.229,0.286746
7772,-0.228,0.286746
7773,-0.227,0.286746
7774,-0.226,0.286746
7775,-0.225,0.286746
7776,-0.224,0.286746
7777,-0.223,0.286746
7778,-0.222,0.286746
7779,-0.221,0.286746
7780,-0.22,0.286746
7781,-0.219,0.286746
7782,-0.218,0.286746
7783,-0.217,0.286746
7784,-0.216,0.286746
7785,-0.215,0.286746
7786,-0.214,0.286746
7787,-0.213,0.286746
7788,-0.212,0.286746
7789,-0.211,0.286746
7790,-0.21,0.286746
7791,-0.209,0.286746
7792,-0.208,0.286746
7793,-0.207,0.286746
7794,-0.206,0.286746
7795,-0.205,0.286746
7796,-0.204,0.286746
7797,-0.203,0.286746
7798,-0.202,0.286746
7799,-0.201,0.286746
7800,-0.2,0.286746
7801,-0.199,0.286746
7802,-0.198,0.286746
7803,-0.197,0.286746
7804,-0.196,0.286746
7805,-0.195,0.286746
7806,-0.194,0.286746
7807,-0.193,0.286746
7808,-0.192,0.286746
7809,-0.191,0.286746
7810,-0.19,0.286746
7811,-0.189,0.286746
7812,-0.188,0.286746
7813,-0.187,0.286746
7814,-0.186,0.286746
7815,-0.185,0.286746
7816,-0.184,0.286746
7817,-0.183,0.286746
7818,-0.182,0.286746
7819,-0.181,0.286746
7820,-0.18,0.286746
7821,-0.179,0.286746
7822,-0.178,0.286746
7823,-0.177,0.286746
7824,-0.176,0.286746
7825,-0.175,0.286746
7826,-0.174,0.286746
7827,-0.173,0.286746
7828,-0.172,0.286746
7829,-0.171,0.286746
7830,-0.17,0.286746
7831,-0.169,0.286746
7832,-0.168,0.286746
7833,-0.167,0.286746
7834,-0.166,0.286746
7835,-0.165,0.286746
7836,-0.164,0.286746
7837,-0.163,0.286746
7838,-0.162,0.286746
7839,-0.161,0.286746
7840,-0.16,0.286746
7841,-0.159,0.286746
7842,-0.158,0.286746
7843,-0.157,0.286746
7844,-0.156,0.286746
7845,-0.155,0.286746
7846,-0.154,0.286746
7847,-0.153,0.286746
7848,-0.152,0.286746
7849,-0.151,0.286746
7850,-0.15,0.286746
7851,-0.149,0.286746
7852,-0.148,0.286746
7853,-0.147,0.286746
7854,-0.146,0.286746
7855,-0.145,0.286746
7856,-0.144,0.286746
7857,-0.143,0.286746
7858,-0.142,0.286746
7859,-0.141,0.286746
7860,-0.14,0.286746
7861,-0.139,0.286746
7862,-0.138,0.286746
7863,-0.137,0.286746
7864,-0.136,0.286746
7865,-0.135,0.286746
7866,-0.134,0.286746
7867,-0.133,0.286746
7868,-0.132,0.286746
7869,-0.131,0.286746
7870,-0.13,0.286746
7871,-0.129,0.286746
7872,-0.128,0.286746
7873,-0.127,0.286746
7874,-0.126,0.286746
7875,-0.125,0.286746
7876,-0.124,0.286746
7877,-0.123,0.286746
7878,-0.122,0.286746
7879,-0.121,0.286746
7880,-0.12,0.286746
7881,-0.119,0.286746
7882,-0.118,0.286746
7883,-0.117,0.286746
7884,-0.116,0.286746
7885,-0.115,0.286746
7886,-0.114,0.286746
7887,-0.113,0.286746
7888,-0.112,0.286746
7889,-0.111,0.286746
7890,-0.11,0.286746
7891,-0.109,0.286746
7892,-0.108,0.286746
7893,-0.107,0.286746
7894,-0.106,0.286746
7895,-0.105,0.286746
7896,-0.104,0.286746
7897,-0.103,0.286746
7898,-0.102,0.286746
7899,-0.101,0.286746
7900,-0.1,0.286746
7901,-0.099,0.286746
7902,-0.098,0.286746
7903,-0.097,0.286746
7904,-0.096,0.286746
7905,-0.095,0.286746
7906,-0.094,0.286746
7907,-0.093,0.286746
7908,-0.092,0.286746
7909,-0.091,0.286746
7910,-0.09,0.286746
7911,-0.089,0.286746
7912,-0.088,0.286746
7913,-0.087,0.286746
7914,-0.086,0.286746
7915,-0.085,0.286746
7916,-0.084,0.286746
7917,-0.083,0.286746
7918,-0.082,0.286746
7919,-0.081,0.286746
7920,-0.08,0.286746
7921,-0.079,0.286746
7922,-0.078,0.286746
7923,-0.077,0.286746
7924,-0.076,0.286746
7925,-0.075,0.286746
7926,-0.074,0.286746
7927,-0.073,0.286746
7928,-0.072,0.286746
7929,-0.071,0.286746
7930,-0.07,0.286746
7931,-0.069,0.286746
7932,-0.068,0.286746
7933,-0.067,0.286746
7934,-0.066,0.286746
7935,-0.065,0.286746
7936,-0.064,0.286746
7937,-0.063,0.286746
7938,-0.062,0.286746
7939,-0.061,0.286746
7940,-0.06,0.286746
7941,-0.059,0.286746
7942,-0.058,0.286746
7943,-0.057,0.286746
7944,-0.056,0.286746
7945,-0.055,0.286746
7946,-0.054,0.286746
7947,-0.053,0.286746
7948,-0.052,0.286746
7949,-0.051,0.286746
7950,-0.05,0.286746
7951,-0.049,0.286746
7952,-0.048,0.286746
7953,-0.047,0.286746
7954,-0.046,0.286746
7955,-0.045,0.286746
7956,-0.044,0.286746
7957,-0.043,0.286746
7958,-0.042,0.286746
7959,-0.041,0.286746
7960,-0.04,0.286746
7961,-0.039,0.286746
7962,-0.038,0.286746
7963,-0.037,0.286746
7964,-0.036,0.286746
7965,-0.035,0.286746
7966,-0.034,0.286746
7967,-0.033,0.286746
7968,-0.032,0.286746
7969,-0.031,0.286746
7970,-0.03,0.286746
7971,-0.029,0.286746
7972,-0.028,0.286746
7973,-0.027,0.286746
7974,-0.026,0.286746
7975,-0.025,0.286746
7976,-0.024,0.286746
7977,-0.023,0.286746
7978,-0.022,0.286746
7979,-0.021,0.286746
7980,-0.02,0.286746
7981,-0.019,0.286746
7982,-0.018,0.286746
7983,-0.017,0.286746
7984,-0.016,0.286746
7985,-0.015,0.286746
7986,-0.014,0.286746
7987,-0.013,0.286746
7988,-0.012,0.286746
7989,-0.011,0.286746
7990,-0.01,0.286746
7991,-0.009,0.286746
7992,-0.008,0.286746
7993,-0.007,0.286746
7994,-0.006,0.286746
7995,-0.005,0.286746
7996,-0.004,0.286746
7997,-0.003,0.286746
7998,-0.002,0.286746
7999,-0.001,0.286746
8000,0,0.286746
8001,0.001,0.286746
8002,0.002,0.286746
8003,0.003,0.286746
8004,0.004,0.286746
8005,0.005,0.286746
8006,0.006,0.286746
8007,0.007,0.286746
8008,0.008,0.286746
8009,0.009,0.286746
8010,0.01,0.286746
8011,0.011,0.286746
8012,0.012,0.286746
8013,0.013,0.286746
8014,0.014,0.286746
8015,0.015,0.286746
8016,0.016,0.286746
8017,0.017,0.286746
8018,0.018,0.286746
8019,0.019,0.286746
8020,0.02,0.286746
8021,0.021,0.286746
8022,0.022,0.286746
8023,0.023,0.286746
8024,0.024,0.286746
8025,0.025,0.286746
8026,0.026,0.286746
8027,0.027,0.286746
8028,0.028,0.286746
8029,0.029,0.286746
8030,0.03,0.286746
8031,0.031,0.286746
8032,0.032,0.286746
8033,0.033,0.286746
8034,0.034,0.286746
8035,0.035,0.286746
8036,0.036,0.286746
8037,0.037,0.286746
8038,0.038,0.286746
8039,0.039,0.286746
8040,0.04,0.286746
8041,0.041,0.286746
8042,0.042,0.286746
8043,0.043,0.286746
8044,0.044,0.286746
8045,0.045,0.286746
8046,0.046,0.286746
8047,0.047,0.286746
8048,0.048,0.286746
8049,0.049,0.286746
8050,0.05,0.286746
8051,0.051,0.286746
8052,0.052,0.286746
8053,0.053,0.286746
8054,0.054,0.286746
8055,0.055,0.286746
8056,0.056,0.286746
8057,0.057,0.286746
8058,0.058,0.286746
8059,0.059,0.286746
8060,0.06,0.286746
8061,0.061,0.286746
8062,0.062,0.286746
8063,0.063,0.286746
8064,0.064,0.286746
8065,0.065,0.286746
8066,0.066,0.286746
8067,0.067,0.286746
8068,0.068,0.286746
8069,0.069,0.286746
8070,0.07,0.286746
8071,0.071,0.286746
8072,0.072,0.286746
8073,0.073,0.286746
8074,0.074,0.286746
8075,0.075,0.286746
8076,0.076,0.286746
8077,0.077,0.286746
8078,0.078,0.286746
8079,0.079,0.286746
8080,0.08,0.286746
8081,0.081,0.286746
8082,0.082,0.286746
8083,0.083,0.286746
8084,0.084,0.286746
8085,0.085,0.286746
8086,0.086,0.286746
8087,0.087,0.286746
8088,0.088,0.286746
8089,0.089,0.286746
8090,0.09,0.286746
8091,0.091,0.286746
8092,0.092,0.286746
8093,0.093,0.286746
8094,0.094,0.286746
8095,0.095,0.286746
8096,0.096,0.286746
8097,0.097,0.286746
8098,0.098,0.286746
8099,0.099,0.286746
8100,0.1,0.286746
8101,0.101,0.286746
8102,0.102,0.286746
8103,0.103,0.286746
8104,0.104,0.286746
8105,0.105,0.286746
8106,0.106,0.286746
8107,0.107,0.286746
8108,0.108,0.286746
8109,0.109,0.286746
8110,0.11,0.286746
8111,0.111,0.286746
8112,0.112,0.286746
8113,0.113,0.286746
8114,0.114,0.286746
8115,0.115,0.286746
8116,0.116,0.286746
8117,0.117,0.286746
8118,0.118,0.286746
8119,0.119,0.286746
8120,0.12,0.286746
8121,0.121,0.286746
8122,0.122,0.286746
8123,0.123,0.286746
8124,0.124,0.286746
8125,0.125,0.286746
8126,0.126,0.286746
8127,0.127,0.286746
8128,0.128,0.286746
8129,0.129,0.286746
8130,0.13,0.286746
8131,0.131,0.286746
8132,0.132,0.286746
8133,0.133,0.286746
8134,0.134,0.286746
8135,0.135,0.286746
8136,0.136,0.286746
8137,0.137,0.286746
8138,0.138,0.286746
8139,0.139,0.286746
8140,0.14,0.286746
8141,0.141,0.286746
8142,0.142,0.286746
8143,0.143,0.286746
8144,0.144,0.286746
8145,0.145,0.286746
8146,0.146,0.286746
8147,0.147,0.286746
8148,0.148,0.286746
8149,0.149,0.286746
8150,0.15,0.286746
8151,0.151,0.286746
8152,0.152,0.286746
8153,0.153,0.286746
8154,0.154,0.286746
8155,0.155,0.286746
8156,0.156,0.286746
8157,0.157,0.286746
8158,0.158,0.286746
8159,0.159,0.286746
8160,0.16,0.286746
8161,0.161,0.286746
8162,0.162,0.286746
8163,0.163,0.286746
8164,0.164,0.286746
8165,0.165,0.286746
8166,0.166,0.286746
8167,0.167,0.286746
8168,0.168,0.286746
8169,0.169,0.286746
8170,0.17,0.286746
8171,0.171,0.286746
8172,0.172,0.286746
8173,0.173,0.286746
8174,0.174,0.286746
8175,0.175,0.286746
8176,0.176,0.286746
8177,0.177,0.286746
8178,0.178,0.286746
8179,0.179,0.286746
8180,0.18,0.286746
8181,0.181,0.286746
8182,0.182,0.286746
8183,0.183,0.286746
8184,0.184,0.286746
8185,0.185,0.286746
8186,0.186,0.286746
8187,0.187,0.286746
8188,0.188,0.286746
8189,0.189,0.286746
8190,0.19,0.286746
8191,0.191,0.286746
8192,0.192,0.286746
8193,0.193,0.286746
8194,0.194,0.286746
8195,0.195,0.286746
8196,0.196,0.286746
8197,0.197,0.286746
8198,0.198,0.286746
8199,0.199,0.286746
8200,0.2,0.286746
8201,0.201,0.286746
8202,0.202,0.286746
8203,0.203,0.286746
8204,0.204,0.286746
8205,0.205,0.286746
8206,0.206,0.286746
8207,0.207,0.286746
8208,0.208,0.286746
8209,0.209,0.286746
8210,0.21,0.286746
8211,0.211,0.286746
8212,0.212,0.286746
8213,0.213,0.286746
8214,0.214,0.286746
8215,0.215,0.286746
8216,0.216,0.286746
8217,0.217,0.286746
8218,0.218,0.286746
8219,0.219,0.286746
8220,0.22,0.286746
8221,0.221,0.286746
8222,0.222,0.286746
8223,0.223,0.286746
8224,0.224,0.286746
8225,0.225,0.286746
8226,0.226,0.286746
8227,0.227,0.286746
8228,0.228,0.286746
8229,0.229,0.286746
8230,0.23,0.286746
8231,0.231,0.286746
8232,0.232,0.286746
8233,0.233,0.286746
8234,0.234,0.286746
8235,0.235,0.286746
8236,0.236,0.286746
8237,0.237,0.286746
8238,0.238,0.286746
8239,0.239,0.286746
8240,0.24,0.286746
8241,0.241,0.286746
8242,0.242,0.286746
8243,0.243,0.286746
8244,0.244,0.286746
8245,0.245,0.286746
8246,0.246,0.286746
8247,0.247,0.286746
8248,0.248,0.286746
8249,0.249,0.286746
8250,0.25,0.286746
8251,0.251,0.286746
8252,0.252,0.286746
8253,0.253,0.286746
8254,0.254,0.286746
8255,0.255,0.286746
8256,0.256,0.286746
8257,0.257,0.286746
8258,0.258,0.286746
8259,0.259,0.286746
8260,0.26,0.286746
8261,0.261,0.286746
8262,0.262,0.286746
8263,0.263,0.286746
8264,0.264,0.286746
8265,0.265,0.286746
8266,0.266,0.286746
8267,0.267,0.286746
8268,0.268,0.286746
8269,0.269,0.286746
8270,0.27,0.286746
8271,0.271,0.286746
8272,0.272,0.286746
8273,0.273,0.286746
8274,0.274,0.286746
8275,0.275,0.286746
8276,0.276,0.286746
8277,0.277,0.286746
8278,0.278,0.286746
8279,0.279,0.286746
8280,0.28,0.286746
8281,0.281,0.286746
8282,0.282,0.286746
8283,0.283,0.286746
8284,0.284,0.286746
8285,0.285,0.286746
8286,0.286,0.286746
8287,0.287,0.286746
8288,0.288,0.286746
8289,0.289,0.286746
8290,0.29,0.286746
8291,0.291,0.286746
8292,0.292,0.286746
8293,0.293,0.286746
8294,0.294,0.286746
8295,0.295,0.286746
8296,0.296,0.286746
8297,0.297,0.286746
8298,0.298,0.286746
8299,0.299,0.286746
8300,0.3,0.286746
8301,0.301,0.286746
8302,0.302,0.286746
8303,0.303,0.286746
8304,0.304,0.286746
8305,0.305,0.286746
8306,0.306,0.286746
8307,0.307,0.286746
8308,0.308,0.286746
8309,0.309,0.286746
8310,0.31,0.286746
8311,0.311,0.286746
8312,0.312,0.286746
8313,0.313,0.286746
8314,0.314,0.286746
8315,0.315,0.286746
8316,0.316,0.286746
8317,0.317,0.286746
8318,0.318,0.286746
8319,0.319,0.286746
8320,0.32,0.286746
8321,0.321,0.286746
8322,0.322,0.286746
8323,0.323,0.286746
8324,0.324,0.286746
8325,0.325,0.286746
8326,0.326,0.286746
8327,0.327,0.286746
8328,0.328,0.286746
8329,0.329,0.286746
8330,0.33,0.286746
8331,0.331,0.286746
8332,0.332,0.286746
8333,0.333,0.286746
8334,0.334,0.286746
8335,0.335,0.286746
8336,0.336,0.286746
8337,0.337,0.286746
8338,0.338,0.286746
8339,0.339,0.286746
8340,0.34,0.286746
8341,0.341,0.286746
8342,0.342,0.286746
8343,0.343,0.286746
8344,0.344,0.286746
8345,0.345,0.286746
8346,0.346,0.286746
8347,0.347,0.286746
8348,0.348,0.286746
8349,0.349,0.286746
8350,0.35,0.286746
8351,0.351,0.286746
8352,0.352,0.286746
8353,0.353,0.286746
8354,0.354,0.286746
8355,0.355,0.286746
8356,0.356,0.286746
8357,0.357,0.286746
8358,0.358,0.286746
8359,0.359,0.286746
8360,0.36,0.286746
8361,0.361,0.286746
8362,0.362,0.286746
8363,0.363,0.286746
8364,0.364,0.286746
8365,0.365,0.286746
8366,0.366,0.286746
8367,0.367,0.286746
8368,0.368,0.286746
8369,0.369,0.286746
8370,0.37,0.286746
8371,0.371,0.286746
8372,0.372,0.286746
8373,0.373,0.286746
8374,0.374,0.286746
8375,0.375,0.286746
8376,0.376,0.286746
8377,0.377,0.286746
8378,0.378,0.286746
8379,0.379,0.286746
8380,0.38,0.286746
8381,0.381,0.286746
8382,0.382,0.286746
8383,0.383,0.286746
8384,0.384,0.286746
8385,0.385,0.286746
8386,0.386,0.286746
8387,0.387,0.286746
8388,0.388,0.286746
8389,0.389,0.286746
8390,0.39,0.286746
8391,0.391,0.286746
8392,0.392,0.286746
8393,0.393,0.286746
8394,0.394,0.286746
8395,0.395,0.286746
8396,0.396,0.286746
8397,0.397,0.286746
8398,0.398,0.286746
8399,0.399,0.286746
8400,0.4,0.286746
8401,0.401,0.286746
8402,0.402,0.286746
8403,0.403,0.286746
8404,0.404,0.286746
8405,0.405,0.286746
8406,0.406,0.286746
8407,0.407,0.286746
8408,0.408,0.286746
8409,0.409,0.286746
8410,0.41,0.286746
8411,0.411,0.286746
8412,0.412,0.286746
8413,0.413,0.286746
8414,0.414,0.286746
8415,0.415,0.286746
8416,0.416,0.286746
8417,0.417,0.286746
8418,0.418,0.286746
8419,0.419,0.286746
8420,0.42,0.286746
8421,0.421,0.286746
8422,0.422,0.286746
8423,0.423,0.286746
8424,0.424,0.286746
8425,0.425,0.286746
8426,0.426,0.286746
8427,0.427,0.286746
8428,0.428,0.286746
8429,0.429,0.286746
8430,0.43,0.286746
8431,0.431,0.286746
8432,0.432,0.286746
8433,0.433,0.286746
8434,0.434,0.286746
8435,0.435,0.286746
8436,0.436,0.286746
8437,0.437,0.286746
8438,0.438,0.286746
8439,0.439,0.286746
8440,0.44,0.286746
8441,0.441,0.286746
8442,0.442,0.286746
8443,0.443,0.286746
8444,0.444,0.286746
8445,0.445,0.286746
8446,0.446,0.286746
8447,0.447,0.286746
8448,0.448,0.286746
8449,0.449,0.286746
8450,0.45,0.286746
8451,0.451,0.286746
8452,0.452,0.286746
8453,0.453,0.286746
8454,0.454,0.286746
8455,0.455,0.286746
8456,0.456,0.286746
8457,0.457,0.286746
8458,0.458,0.286746
8459,0.459,0.286746
8460,0.46,0.286746
8461,0.461,0.286746
8462,0.462,0.286746
8463,0.463,0.286746
8464,0.464,0.286746
8465,0.465,0.286746
8466,0.466,0.286746
8467,0.467,0.286746
8468,0.468,0.286746
8469,0.469,0.286746
8470,0.47,0.286746
8471,0.471,0.286746
8472,0.472,0.286746
8473,0.473,0.286746
8474,0.474,0.286746
8475,0.475,0.286746
8476,0.476,0.286746
8477,0.477,0.286746
8478,0.478,0.286746
8479,0.479,0.286746
8480,0.48,0.286746
8481,0.481,0.286746
8482,0.482,0.286746
8483,0.483,0.286746
8484,0.484,0.286746
8485,0.485,0.286746
8486,0.486,0.286746
8487,0.487,0.286746
8488,0.488,0.286746
8489,0.489,0.286746
8490,0.49,0.286746
8491,0.491,0.286746
8492,0.492,0.286746
8493,0.493,0.286746
8494,0.494,0.286746
8495,0.495,0.286746
8496,0.496,0.286746
8497,0.497,0.286746
8498,0.498,0.286746
8499,0.499,0.286746
8500,0.5,0.286746
8501,0.501,0.286746
8502,0.502,0.286746
8503,0.503,0.286746
8504,0.504,0.286746
8505,0.505,0.286746
8506,0.506,0.286746
8507,0.507,0.288485
8508,0.508,0.288485
8509,0.509,0.288485
8510,0.51,0.290224
8511,0.511,0.290224
8512,0.512,0.290224
8513,0.513,0.288485
8514,0.514,0.288485
8515,0.515,0.290224
8516,0.516,0.290224
8517,0.517,0.290224
8518,0.518,0.290224
8519,0.519,0.290224
8520,0.52,0.290224
8521,0.521,0.290224
8522,0.522,0.290224
8523,0.523,0.290224
8524,0.524,0.290224
8525,0.525,0.290224
8526,0.526,0.290224
8527,0.527,0.293701
8528,0.528,0.290224
8529,0.529,0.290224
8530,0.53,0.290224
8531,0.531,0.290224
8532,0.532,0.290224
8533,0.533,0.290224
8534,0.534,0.290224
8535,0.535,0.291963
8536,0.536,0.291963
8537,0.537,0.291963
8538,0.538,0.291963
8539,0.539,0.291963
8540,0.54,0.291963
8541,0.541,0.291963
8542,0.542,0.291963
8543,0.543,0.283268
8544,0.544,0.274574
8545,0.545,0.276313
8546,0.546,0.276313
8547,0.547,0.274574
8548,0.548,0.276313
8549,0.549,0.276313
8550,0.55,0.276313
8551,0.551,0.276313
8552,0.552,0.276313
8553,0.553,0.276313
8554,0.554,0.276313
8555,0.555,0.276313
8556,0.556,0.276313
8557,0.557,0.276313
8558,0.558,0.276313
8559,0.559,0.276313
8560,0.56,0.276313
8561,0.561,0.276313
8562,0.562,0.276313
8563,0.563,0.276313
8564,0.564,0.276313
8565,0.565,0.276313
8566,0.566,0.276313
8567,0.567,0.276313
8568,0.568,0.276313
8569,0.569,0.276313
8570,0.57,0.276313
8571,0.571,0.276313
8572,0.572,0.276313
8573,0.573,0.276313
8574,0.574,0.274574
8575,0.575,0.278052
8576,0.576,0.274574
8577,0.577,0.272835
8578,0.578,0.272835
8579,0.579,0.272835
8580,0.58,0.272835
8581,0.581,0.274574
8582,0.582,0.271096
8583,0.583,0.272835
8584,0.584,0.272835
8585,0.585,0.272835
8586,0.586,0.278052
8587,0.587,0.278052
8588,0.588,0.278052
8589,0.589,0.278052
8590,0.59,0.278052
8591,0.591,0.278052
8592,0.592,0.278052
8593,0.593,0.278052
8594,0.594,0.278052
8595,0.595,0.278052
8596,0.596,0.278052
8597,0.597,0.278052
8598,0.598,0.278052
8599,0.599,0.278052
8600,0.6,0.278052
8601,0.601,0.278052
8602,0.602,0.278052
8603,0.603,0.278052
8604,0.604,0.278052
8605,0.605,0.278052
8606,0.606,0.278052
8607,0.607,0.278052
8608,0.608,0.278052
8609,0.609,0.278052
8610,0.61,0.278052
8611,0.611,0.278052
8612,0.612,0.278052
8613,0.613,0.278052
8614,0.614,0.278052
8615,0.615,0.278052
8616,0.616,0.278052
8617,0.617,0.278052
8618,0.618,0.278052
8619,0.619,0.278052
8620,0.62,0.278052
8621,0.621,0.278052
8622,0.622,0.278052
8623,0.623,0.278052
8624,0.624,0.278052
8625,0.625,0.278052
8626,0.626,0.278052
8627,0.627,0.278052
8628,0.628,0.278052
8629,0.629,0.278052
8630,0.63,0.278052
8631,0.631,0.278052
8632,0.632,0.278052
8633,0.633,0.278052
8634,0.634,0.278052
8635,0.635,0.278052
8636,0.636,0.278052
8637,0.637,0.278052
8638,0.638,0.278052
8639,0.639,0.278052
8640,0.64,0.278052
8641,0.641,0.278052
8642,0.642,0.278052
8643,0.643,0.278052
8644,0.644,0.278052
8645,0.645,0.278052
8646,0.646,0.278052
8647,0.647,0.278052
8648,0.648,0.278052
8649,0.649,0.278052
8650,0.65,0.278052
8651,0.651,0.278052
8652,0.652,0.278052
8653,0.653,0.278052
8654,0.654,0.278052
8655,0.655,0.278052
8656,0.656,0.278052
8657,0.657,0.278052
8658,0.658,0.278052
8659,0.659,0.278052
8660,0.66,0.278052
8661,0.661,0.278052
8662,0.662,0.278052
8663,0.663,0.278052
8664,0.664,0.278052
8665,0.665,0.278052
8666,0.666,0.278052
8667,0.667,0.278052
8668,0.668,0.278052
8669,0.669,0.278052
8670,0.67,0.278052
8671,0.671,0.278052
8672,0.672,0.278052
8673,0.673,0.278052
8674,0.674,0.278052
8675,0.675,0.278052
8676,0.676,0.278052
8677,0.677,0.278052
8678,0.678,0.278052
8679,0.679,0.278052
8680,0.68,0.278052
8681,0.681,0.278052
8682,0.682,0.278052
8683,0.683,0.278052
8684,0.684,0.278052
8685,0.685,0.278052
8686,0.686,0.278052
8687,0.687,0.278052
8688,0.688,0.278052
8689,0.689,0.278052
8690,0.69,0.278052
8691,0.691,0.278052
8692,0.692,0.278052
8693,0.693,0.278052
8694,0.694,0.278052
8695,0.695,0.278052
8696,0.696,0.278052
8697,0.697,0.278052
8698,0.698,0.278052
8699,0.699,0.278052
8700,0.7,0.278052
8701,0.701,0.278052
8702,0.702,0.278052
8703,0.703,0.278052
8704,0.704,0.278052
8705,0.705,0.278052
8706,0.706,0.278052
8707,0.707,0.278052
8708,0.708,0.278052
8709,0.709,0.278052
8710,0.71,0.278052
8711,0.711,0.278052
8712,0.712,0.278052
8713,0.713,0.278052
8714,0.714,0.278052
8715,0.715,0.278052
8716,0.716,0.278052
8717,0.717,0.278052
8718,0.718,0.278052
8719,0.719,0.278052
8720,0.72,0.278052
8721,0.721,0.278052
8722,0.722,0.278052
8723,0.723,0.278052
8724,0.724,0.278052
8725,0.725,0.278052
8726,0.726,0.278052
8727,0.727,0.278052
8728,0.728,0.278052
8729,0.729,0.278052
8730,0.73,0.278052
8731,0.731,0.278052
8732,0.732,0.278052
8733,0.733,0.278052
8734,0.734,0.278052
8735,0.735,0.278052
8736,0.736,0.278052
8737,0.737,0.278052
8738,0.738,0.278052
8739,0.739,0.278052
8740,0.74,0.278052
8741,0.741,0.278052
8742,0.742,0.278052
8743,0.743,0.278052
8744,0.744,0.278052
8745,0.745,0.278052
8746,0.746,0.278052
8747,0.747,0.278052
8748,0.748,0.278052
8749,0.749,0.278052
8750,0.75,0.278052
8751,0.751,0.278052
8752,0.752,0.278052
8753,0.753,0.278052
8754,0.754,0.278052
8755,0.755,0.278052
8756,0.756,0.278052
8757,0.757,0.278052
8758,0.758,0.278052
8759,0.759,0.278052
8760,0.76,0.278052
8761,0.761,0.278052
8762,0.762,0.278052
8763,0.763,0.278052
8764,0.764,0.278052
8765,0.765,0.278052
8766,0.766,0.278052
8767,0.767,0.278052
8768,0.768,0.278052
8769,0.769,0.278052
8770,0.77,0.278052
8771,0.771,0.278052
8772,0.772,0.278052
8773,0.773,0.278052
8774,0.774,0.278052
8775,0.775,0.278052
8776,0.776,0.278052
8777,0.777,0.278052
8778,0.778,0.278052
8779,0.779,0.278052
8780,0.78,0.278052
8781,0.781,0.278052
8782,0.782,0.278052
8783,0.783,0.278052
8784,0.784,0.278052
8785,0.785,0.278052
8786,0.786,0.278052
8787,0.787,0.278052
8788,0.788,0.278052
8789,0.789,0.278052
8790,0.79,0.278052
8791,0.791,0.278052
8792,0.792,0.278052
8793,0.793,0.278052
8794,0.794,0.278052
8795,0.795,0.278052
8796,0.796,0.278052
8797,0.797,0.278052
8798,0.798,0.278052
8799,0.799,0.278052
8800,0.8,0.278052
8801,0.801,0.278052
8802,0.802,0.278052
8803,0.803,0.278052
8804,0.804,0.278052
8805,0.805,0.278052
8806,0.806,0.278052
8807,0.807,0.278052
8808,0.808,0.278052
8809,0.809,0.278052
8810,0.81,0.278052
8811,0.811,0.278052
8812,0.812,0.278052
8813,0.813,0.278052
8814,0.814,0.278052
8815,0.815,0.278052
8816,0.816,0.278052
8817,0.817,0.278052
8818,0.818,0.278052
8819,0.819,0.278052
8820,0.82,0.278052
8821,0.821,0.278052
8822,0.822,0.278052
8823,0.823,0.278052
8824,0.824,0.278052
8825,0.825,0.278052
8826,0.826,0.278052
8827,0.827,0.278052
8828,0.828,0.278052
8829,0.829,0.278052
8830,0.83,0.278052
8831,0.831,0.278052
8832,0.832,0.278052
8833,0.833,0.278052
8834,0.834,0.278052
8835,0.835,0.278052
8836,0.836,0.278052
8837,0.837,0.278052
8838,0.838,0.278052
8839,0.839,0.278052
8840,0.84,0.278052
8841,0.841,0.278052
8842,0.842,0.278052
8843,0.843,0.278052
8844,0.844,0.278052
8845,0.845,0.278052
8846,0.846,0.278052
8847,0.847,0.278052
8848,0.848,0.278052
8849,0.849,0.278052
8850,0.85,0.278052
8851,0.851,0.278052
8852,0.852,0.278052
8853,0.853,0.278052
8854,0.854,0.278052
8855,0.855,0.278052
8856,0.856,0.278052
8857,0.857,0.278052
8858,0.858,0.278052
8859,0.859,0.278052
8860,0.86,0.278052
8861,0.861,0.278052
8862,0.862,0.278052
8863,0.863,0.278052
8864,0.864,0.278052
8865,0.865,0.278052
8866,0.866,0.278052
8867,0.867,0.278052
8868,0.868,0.278052
8869,0.869,0.278052
8870,0.87,0.278052
8871,0.871,0.278052
8872,0.872,0.278052
8873,0.873,0.278052
8874,0.874,0.278052
8875,0.875,0.278052
8876,0.876,0.278052
8877,0.877,0.278052
8878,0.878,0.278052
8879,0.879,0.278052
8880,0.88,0.278052
8881,0.881,0.278052
8882,0.882,0.278052
8883,0.883,0.278052
8884,0.884,0.278052
8885,0.885,0.278052
8886,0.886,0.278052
8887,0.887,0.278052
8888,0.888,0.278052
8889,0.889,0.278052
8890,0.89,0.278052
8891,0.891,0.278052
8892,0.892,0.278052
8893,0.893,0.278052
8894,0.894,0.278052
8895,0.895,0.278052
8896,0.896,0.278052
8897,0.897,0.278052
8898,0.898,0.278052
8899,0.899,0.278052
8900,0.9,0.278052
8901,0.901,0.278052
8902,0.902,0.278052
8903,0.903,0.278052
8904,0.904,0.278052
8905,0.905,0.278052
8906,0.906,0.278052
8907,0.907,0.278052
8908,0.908,0.278052
8909,0.909,0.278052
8910,0.91,0.278052
8911,0.911,0.278052
8912,0.912,0.278052
8913,0.913,0.278052
8914,0.914,0.278052
8915,0.915,0.278052
8916,0.916,0.278052
8917,0.917,0.278052
8918,0.918,0.278052
8919,0.919,0.278052
8920,0.92,0.278052
8921,0.921,0.278052
8922,0.922,0.278052
8923,0.923,0.278052
8924,0.924,0.278052
8925,0.925,0.278052
8926,0.926,0.278052
8927,0.927,0.278052
8928,0.928,0.278052
8929,0.929,0.278052
8930,0.93,0.278052
8931,0.931,0.278052
8932,0.932,0.278052
8933,0.933,0.278052
8934,0.934,0.278052
8935,0.935,0.278052
8936,0.936,0.278052
8937,0.937,0.278052
8938,0.938,0.278052
8939,0.939,0.278052
8940,0.94,0.278052
8941,0.941,0.278052
8942,0.942,0.278052
8943,0.943,0.278052
8944,0.944,0.278052
8945,0.945,0.278052
8946,0.946,0.278052
8947,0.947,0.278052
8948,0.948,0.278052
8949,0.949,0.278052
8950,0.95,0.278052
8951,0.951,0.278052
8952,0.952,0.278052
8953,0.953,0.278052
8954,0.954,0.278052
8955,0.955,0.278052
8956,0.956,0.278052
8957,0.957,0.278052
8958,0.958,0.278052
8959,0.959,0.278052
8960,0.96,0.278052
8961,0.961,0.278052
8962,0.962,0.278052
8963,0.963,0.278052
8964,0.964,0.278052
8965,0.965,0.278052
8966,0.966,0.278052
8967,0.967,0.278052
8968,0.968,0.278052
8969,0.969,0.278052
8970,0.97,0.278052
8971,0.971,0.278052
8972,0.972,0.278052
8973,0.973,0.278052
8974,0.974,0.278052
8975,0.975,0.278052
8976,0.976,0.278052
8977,0.977,0.278052
8978,0.978,0.278052
8979,0.979,0.278052
8980,0.98,0.278052
8981,0.981,0.278052
8982,0.982,0.278052
8983,0.983,0.278052
8984,0.984,0.278052
8985,0.985,0.278052
8986,0.986,0.278052
8987,0.987,0.278052
8988,0.988,0.278052
8989,0.989,0.278052
8990,0.99,0.278052
8991,0.991,0.278052
8992,0.992,0.278052
8993,0.993,0.278052
8994,0.994,0.278052
8995,0.995,0.278052
8996,0.996,0.278052
8997,0.997,0.278052
8998,0.998,0.278052
8999,0.999,0.278052
9000,1,0.278052
9001,1.001,0.278052
9002,1.002,0.278052
9003,1.003,0.278052
9004,1.004,0.278052
9005,1.005,0.278052
9006,1.006,0.278052
9007,1.007,0.278052
9008,1.008,0.278052
9009,1.009,0.278052
9010,1.01,0.278052
9011,1.011,0.278052
9012,1.012,0.278052
9013,1.013,0.278052
9014,1.014,0.278052
9015,1.015,0.278052
9016,1.016,0.278052
9017,1.017,0.278052
9018,1.018,0.278052
9019,1.019,0.278052
9020,1.02,0.278052
9021,1.021,0.278052
9022,1.022,0.278052
9023,1.023,0.278052
9024,1.024,0.278052
9025,1.025,0.278052
9026,1.026,0.278052
9027,1.027,0.278052
9028,1.028,0.278052
9029,1.029,0.278052
9030,1.03,0.278052
9031,1.031,0.278052
9032,1.032,0.278052
9033,1.033,0.278052
9034,1.034,0.278052
9035,1.035,0.278052
9036,1.036,0.278052
9037,1.037,0.278052
9038,1.038,0.278052
9039,1.039,0.278052
9040,1.04,0.278052
9041,1.041,0.278052
9042,1.042,0.278052
9043,1.043,0.278052
9044,1.044,0.278052
9045,1.045,0.278052
9046,1.046,0.278052
9047,1.047,0.278052
9048,1.048,0.278052
9049,1.049,0.278052
9050,1.05,0.278052
9051,1.051,0.278052
9052,1.052,0.278052
9053,1.053,0.278052
9054,1.054,0.278052
9055,1.055,0.278052
9056,1.056,0.278052
9057,1.057,0.278052
9058,1.058,0.278052
9059,1.059,0.278052
9060,1.06,0.278052
9061,1.061,0.278052
9062,1.062,0.278052
9063,1.063,0.278052
9064,1.064,0.278052
9065,1.065,0.278052
9066,1.066,0.278052
9067,1.067,0.278052
9068,1.068,0.278052
9069,1.069,0.278052
9070,1.07,0.278052
9071,1.071,0.278052
9072,1.072,0.278052
9073,1.073,0.278052
9074,1.074,0.278052
9075,1.075,0.278052
9076,1.076,0.278052
9077,1.077,0.278052
9078,1.078,0.278052
9079,1.079,0.278052
9080,1.08,0.278052
9081,1.081,0.278052
9082,1.082,0.278052
9083,1.083,0.278052
9084,1.084,0.278052
9085,1.085,0.278052
9086,1.086,0.278052
9087,1.087,0.278052
9088,1.088,0.278052
9089,1.089,0.278052
9090,1.09,0.278052
9091,1.091,0.278052
9092,1.092,0.278052
9093,1.093,0.278052
9094,1.094,0.278052
9095,1.095,0.278052
9096,1.096,0.278052
9097,1.097,0.278052
9098,1.098,0.278052
9099,1.099,0.278052
9100,1.1,0.278052
9101,1.101,0.278052
9102,1.102,0.278052
9103,1.103,0.278052
9104,1.104,0.278052
9105,1.105,0.278052
9106,1.106,0.278052
9107,1.107,0.278052
9108,1.108,0.278052
9109,1.109,0.278052
9110,1.11,0.278052
9111,1.111,0.278052
9112,1.112,0.278052
9113,1.113,0.278052
9114,1.114,0.278052
9115,1.115,0.278052
9116,1.116,0.278052
9117,1.117,0.278052
9118,1.118,0.278052
9119,1.119,0.278052
9120,1.12,0.278052
9121,1.121,0.278052
9122,1.122,0.278052
9123,1.123,0.278052
9124,1.124,0.278052
9125,1.125,0.278052
9126,1.126,0.278052
9127,1.127,0.278052
9128,1.128,0.278052
9129,1.129,0.278052
9130,1.13,0.278052
9131,1.131,0.278052
9132,1.132,0.278052
9133,1.133,0.278052
9134,1.134,0.278052
9135,1.135,0.278052
9136,1.136,0.278052
9137,1.137,0.278052
9138,1.138,0.278052
9139,1.139,0.278052
9140,1.14,0.278052
9141,1.141,0.278052
9142,1.142,0.278052
9143,1.143,0.278052
9144,1.144,0.278052
9145,1.145,0.278052
9146,1.146,0.278052
9147,1.147,0.278052
9148,1.148,0.278052
9149,1.149,0.278052
9150,1.15,0.278052
9151,1.151,0.278052
9152,1.152,0.278052
9153,1.153,0.278052
9154,1.154,0.278052
9155,1.155,0.278052
9156,1.156,0.278052
9157,1.157,0.278052
9158,1.158,0.278052
9159,1.159,0.278052
9160,1.16,0.278052
9161,1.161,0.278052
9162,1.162,0.278052
9163,1.163,0.278052
9164,1.164,0.278052
9165,1.165,0.278052
9166,1.166,0.278052
9167,1.167,0.278052
9168,1.168,0.278052
9169,1.169,0.278052
9170,1.17,0.278052
9171,1.171,0.278052
9172,1.172,0.278052
9173,1.173,0.278052
9174,1.174,0.278052
9175,1.175,0.278052
9176,1.176,0.278052
9177,1.177,0.278052
9178,1.178,0.278052
9179,1.179,0.278052
9180,1.18,0.278052
9181,1.181,0.278052
9182,1.182,0.278052
9183,1.183,0.278052
9184,1.184,0.278052
9185,1.185,0.278052
9186,1.186,0.278052
9187,1.187,0.278052
9188,1.188,0.278052
9189,1.189,0.278052
9190,1.19,0.278052
9191,1.191,0.278052
9192,1.192,0.278052
9193,1.193,0.278052
9194,1.194,0.278052
9195,1.195,0.278052
9196,1.196,0.278052
9197,1.197,0.278052
9198,1.198,0.278052
9199,1.199,0.278052
9200,1.2,0.278052
9201,1.201,0.278052
9202,1.202,0.278052
9203,1.203,0.278052
9204,1.204,0.278052
9205,1.205,0.278052
9206,1.206,0.278052
9207,1.207,0.278052
9208,1.208,0.278052
9209,1.209,0.278052
9210,1.21,0.278052
9211,1.211,0.278052
9212,1.212,0.278052
9213,1.213,0.278052
9214,1.214,0.278052
9215,1.215,0.278052
9216,1.216,0.278052
9217,1.217,0.278052
9218,1.218,0.278052
9219,1.219,0.278052
9220,1.22,0.278052
9221,1.221,0.278052
9222,1.222,0.278052
9223,1.223,0.278052
9224,1.224,0.278052
9225,1.225,0.278052
9226,1.226,0.278052
9227,1.227,0.278052
9228,1.228,0.278052
9229,1.229,0.278052
9230,1.23,0.278052
9231,1.231,0.278052
9232,1.232,0.278052
9233,1.233,0.278052
9234,1.234,0.278052
9235,1.235,0.278052
9236,1.236,0.278052
9237,1.237,0.278052
9238,1.238,0.278052
9239,1.239,0.278052
9240,1.24,0.278052
9241,1.241,0.278052
9242,1.242,0.278052
9243,1.243,0.278052
9244,1.244,0.278052
9245,1.245,0.278052
9246,1.246,0.278052
9247,1.247,0.278052
9248,1.248,0.278052
9249,1.249,0.278052
9250,1.25,0.278052
9251,1.251,0.278052
9252,1.252,0.278052
9253,1.253,0.278052
9254,1.254,0.278052
9255,1.255,0.278052
9256,1.256,0.278052
9257,1.257,0.278052
9258,1.258,0.278052
9259,1.259,0.278052
9260,1.26,0.278052
9261,1.261,0.278052
9262,1.262,0.278052
9263,1.263,0.278052
9264,1.264,0.278052
9265,1.265,0.278052
9266,1.266,0.278052
9267,1.267,0.278052
9268,1.268,0.278052
9269,1.269,0.278052
9270,1.27,0.278052
9271,1.271,0.278052
9272,1.272,0.278052
9273,1.273,0.278052
9274,1.274,0.278052
9275,1.275,0.278052
9276,1.276,0.278052
9277,1.277,0.278052
9278,1.278,0.278052
9279,1.279,0.278052
9280,1.28,0.278052
9281,1.281,0.278052
9282,1.282,0.278052
9283,1.283,0.278052
9284,1.284,0.278052
9285,1.285,0.278052
9286,1.286,0.278052
9287,1.287,0.278052
9288,1.288,0.278052
9289,1.289,0.278052
9290,1.29,0.278052
9291,1.291,0.278052
9292,1.292,0.278052
9293,1.293,0.278052
9294,1.294,0.278052
9295,1.295,0.278052
9296,1.296,0.278052
9297,1.297,0.278052
9298,1.298,0.278052
9299,1.299,0.278052
9300,1.3,0.278052
9301,1.301,0.278052
9302,1.302,0.278052
9303,1.303,0.278052
9304,1.304,0.278052
9305,1.305,0.278052
9306,1.306,0.278052
9307,1.307,0.278052
9308,1.308,0.278052
9309,1.309,0.278052
9310,1.31,0.278052
9311,1.311,0.278052
9312,1.312,0.278052
9313,1.313,0.278052
9314,1.314,0.278052
9315,1.315,0.278052
9316,1.316,0.278052
9317,1.317,0.278052
9318,1.318,0.278052
9319,1.319,0.278052
9320,1.32,0.278052
9321,1.321,0.278052
9322,1.322,0.278052
9323,1.323,0.278052
9324,1.324,0.278052
9325,1.325,0.278052
9326,1.326,0.278052
9327,1.327,0.278052
9328,1.328,0.278052
9329,1.329,0.278052
9330,1.33,0.278052
9331,1.331,0.278052
9332,1.332,0.278052
9333,1.333,0.278052
9334,1.334,0.278052
9335,1.335,0.278052
9336,1.336,0.278052
9337,1.337,0.278052
9338,1.338,0.278052
9339,1.339,0.278052
9340,1.34,0.278052
9341,1.341,0.278052
9342,1.342,0.278052
9343,1.343,0.278052
9344,1.344,0.278052
9345,1.345,0.278052
9346,1.346,0.278052
9347,1.347,0.278052
9348,1.348,0.278052
9349,1.349,0.278052
9350,1.35,0.278052
9351,1.351,0.278052
9352,1.352,0.278052
9353,1.353,0.278052
9354,1.354,0.278052
9355,1.355,0.278052
9356,1.356,0.278052
9357,1.357,0.278052
9358,1.358,0.278052
9359,1.359,0.278052
9360,1.36,0.278052
9361,1.361,0.278052
9362,1.362,0.278052
9363,1.363,0.278052
9364,1.364,0.278052
9365,1.365,0.278052
9366,1.366,0.278052
9367,1.367,0.278052
9368,1.368,0.278052
9369,1.369,0.278052
9370,1.37,0.278052
9371,1.371,0.278052
9372,1.372,0.278052
9373,1.373,0.278052
9374,1.374,0.278052
9375,1.375,0.278052
9376,1.376,0.278052
9377,1.377,0.278052
9378,1.378,0.278052
9379,1.379,0.278052
9380,1.38,0.278052
9381,1.381,0.278052
9382,1.382,0.278052
9383,1.383,0.278052
9384,1.384,0.278052
9385,1.385,0.278052
9386,1.386,0.278052
9387,1.387,0.278052
9388,1.388,0.278052
9389,1.389,0.278052
9390,1.39,0.278052
9391,1.391,0.278052
9392,1.392,0.278052
9393,1.393,0.278052
9394,1.394,0.278052
9395,1.395,0.278052
9396,1.396,0.278052
9397,1.397,0.278052
9398,1.398,0.278052
9399,1.399,0.278052
9400,1.4,0.278052
9401,1.401,0.278052
9402,1.402,0.278052
9403,1.403,0.278052
9404,1.404,0.278052
9405,1.405,0.278052
9406,1.406,0.278052
9407,1.407,0.278052
9408,1.408,0.278052
9409,1.409,0.278052
9410,1.41,0.278052
9411,1.411,0.278052
9412,1.412,0.278052
9413,1.413,0.278052
9414,1.414,0.278052
9415,1.415,0.278052
9416,1.416,0.278052
9417,1.417,0.278052
9418,1.418,0.278052
9419,1.419,0.278052
9420,1.42,0.278052
9421,1.421,0.278052
9422,1.422,0.278052
9423,1.423,0.278052
9424,1.424,0.278052
9425,1.425,0.278052
9426,1.426,0.278052
9427,1.427,0.278052
9428,1.428,0.278052
9429,1.429,0.278052
9430,1.43,0.278052
9431,1.431,0.278052
9432,1.432,0.278052
9433,1.433,0.278052
9434,1.434,0.278052
9435,1.435,0.278052
9436,1.436,0.278052
9437,1.437,0.278052
9438,1.438,0.278052
9439,1.439,0.278052
9440,1.44,0.278052
9441,1.441,0.278052
9442,1.442,0.278052
9443,1.443,0.278052
9444,1.444,0.278052
9445,1.445,0.278052
9446,1.446,0.278052
9447,1.447,0.278052
9448,1.448,0.278052
9449,1.449,0.278052
9450,1.45,0.278052
9451,1.451,0.278052
9452,1.452,0.278052
9453,1.453,0.278052
9454,1.454,0.278052
9455,1.455,0.278052
9456,1.456,0.278052
9457,1.457,0.278052
9458,1.458,0.278052
9459,1.459,0.278052
9460,1.46,0.278052
9461,1.461,0.278052
9462,1.462,0.278052
9463,1.463,0.278052
9464,1.464,0.278052
9465,1.465,0.278052
9466,1.466,0.278052
9467,1.467,0.278052
9468,1.468,0.278052
9469,1.469,0.278052
9470,1.47,0.278052
9471,1.471,0.278052
9472,1.472,0.278052
9473,1.473,0.278052
9474,1.474,0.278052
9475,1.475,0.278052
9476,1.476,0.278052
9477,1.477,0.278052
9478,1.478,0.278052
9479,1.479,0.278052
9480,1.48,0.278052
9481,1.481,0.278052
9482,1.482,0.278052
9483,1.483,0.278052
9484,1.484,0.278052
9485,1.485,0.278052
9486,1.486,0.278052
9487,1.487,0.278052
9488,1.488,0.278052
9489,1.489,0.278052
9490,1.49,0.278052
9491,1.491,0.278052
9492,1.492,0.278052
9493,1.493,0.278052
9494,1.494,0.278052
9495,1.495,0.278052
9496,1.496,0.278052
9497,1.497,0.278052
9498,1.498,0.278052
9499,1.499,0.278052
9500,1.5,0.278052
9501,1.501,0.278052
9502,1.502,0.278052
9503,1.503,0.278052
9504,1.504,0.278052
9505,1.505,0.278052
9506,1.506,0.278052
9507,1.507,0.278052
9508,1.508,0.278052
9509,1.509,0.278052
9510,1.51,0.278052
9511,1.511,0.278052
9512,1.512,0.278052
9513,1.513,0.278052
9514,1.514,0.278052
9515,1.515,0.278052
9516,1.516,0.278052
9517,1.517,0.278052
9518,1.518,0.278052
9519,1.519,0.278052
9520,1.52,0.278052
9521,1.521,0.278052
9522,1.522,0.278052
9523,1.523,0.278052
9524,1.524,0.278052
9525,1.525,0.278052
9526,1.526,0.278052
9527,1.527,0.278052
9528,1.528,0.278052
9529,1.529,0.278052
9530,1.53,0.278052
9531,1.531,0.278052
9532,1.532,0.278052
9533,1.533,0.278052
9534,1.534,0.278052
9535,1.535,0.278052
9536,1.536,0.278052
9537,1.537,0.278052
9538,1.538,0.278052
9539,1.539,0.278052
9540,1.54,0.278052
9541,1.541,0.278052
9542,1.542,0.278052
9543,1.543,0.278052
9544,1.544,0.278052
9545,1.545,0.278052
9546,1.546,0.278052
9547,1.547,0.278052
9548,1.548,0.278052
9549,1.549,0.278052
9550,1.55,0.278052
9551,1.551,0.278052
9552,1.552,0.278052
9553,1.553,0.278052
9554,1.554,0.278052
9555,1.555,0.278052
9556,1.556,0.278052
9557,1.557,0.278052
9558,1.558,0.278052
9559,1.559,0.278052
9560,1.56,0.278052
9561,1.561,0.278052
9562,1.562,0.278052
9563,1.563,0.278052
9564,1.564,0.278052
9565,1.565,0.278052
9566,1.566,0.278052
9567,1.567,0.278052
9568,1.568,0.278052
9569,1.569,0.278052
9570,1.57,0.278052
9571,1.571,0.278052
9572,1.572,0.278052
9573,1.573,0.278052
9574,1.574,0.278052
9575,1.575,0.278052
9576,1.576,0.278052
9577,1.577,0.278052
9578,1.578,0.278052
9579,1.579,0.278052
9580,1.58,0.278052
9581,1.581,0.278052
9582,1.582,0.278052
9583,1.583,0.278052
9584,1.584,0.278052
9585,1.585,0.278052
9586,1.586,0.278052
9587,1.587,0.278052
9588,1.588,0.278052
9589,1.589,0.278052
9590,1.59,0.278052
9591,1.591,0.278052
9592,1.592,0.278052
9593,1.593,0.278052
9594,1.594,0.278052
9595,1.595,0.278052
9596,1.596,0.278052
9597,1.597,0.278052
9598,1.598,0.278052
9599,1.599,0.278052
9600,1.6,0.278052
9601,1.601,0.278052
9602,1.602,0.278052
9603,1.603,0.278052
9604,1.604,0.278052
9605,1.605,0.278052
9606,1.606,0.278052
9607,1.607,0.278052
9608,1.608,0.278052
9609,1.609,0.278052
9610,1.61,0.278052
9611,1.611,0.278052
9612,1.612,0.278052
9613,1.613,0.278052
9614,1.614,0.278052
9615,1.615,0.278052
9616,1.616,0.278052
9617,1.617,0.278052
9618,1.618,0.278052
9619,1.619,0.278052
9620,1.62,0.278052
9621,1.621,0.278052
9622,1.622,0.278052
9623,1.623,0.278052
9624,1.624,0.278052
9625,1.625,0.278052
9626,1.626,0.278052
9627,1.627,0.278052
9628,1.628,0.278052
9629,1.629,0.278052
9630,1.63,0.278052
9631,1.631,0.278052
9632,1.632,0.278052
9633,1.633,0.278052
9634,1.634,0.278052
9635,1.635,0.278052
9636,1.636,0.278052
9637,1.637,0.278052
9638,1.638,0.278052
9639,1.639,0.278052
9640,1.64,0.278052
9641,1.641,0.278052
9642,1.642,0.278052
9643,1.643,0.278052
9644,1.644,0.278052
9645,1.645,0.278052
9646,1.646,0.278052
9647,1.647,0.278052
9648,1.648,0.278052
9649,1.649,0.278052
9650,1.65,0.278052
9651,1.651,0.278052
9652,1.652,0.278052
9653,1.653,0.278052
9654,1.654,0.278052
9655,1.655,0.278052
9656,1.656,0.278052
9657,1.657,0.278052
9658,1.658,0.278052
9659,1.659,0.278052
9660,1.66,0.278052
9661,1.661,0.278052
9662,1.662,0.278052
9663,1.663,0.278052
9664,1.664,0.278052
9665,1.665,0.278052
9666,1.666,0.278052
9667,1.667,0.278052
9668,1.668,0.278052
9669,1.669,0.278052
9670,1.67,0.278052
9671,1.671,0.278052
9672,1.672,0.278052
9673,1.673,0.278052
9674,1.674,0.278052
9675,1.675,0.278052
9676,1.676,0.278052
9677,1.677,0.278052
9678,1.678,0.278052
9679,1.679,0.278052
9680,1.68,0.278052
9681,1.681,0.278052
9682,1.682,0.278052
9683,1.683,0.278052
9684,1.684,0.278052
9685,1.685,0.278052
9686,1.686,0.278052
9687,1.687,0.278052
9688,1.688,0.278052
9689,1.689,0.278052
9690,1.69,0.278052
9691,1.691,0.278052
9692,1.692,0.278052
9693,1.693,0.278052
9694,1.694,0.278052
9695,1.695,0.278052
9696,1.696,0.278052
9697,1.697,0.278052
9698,1.698,0.278052
9699,1.699,0.278052
9700,1.7,0.278052
9701,1.701,0.278052
9702,1.702,0.278052
9703,1.703,0.278052
9704,1.704,0.278052
9705,1.705,0.278052
9706,1.706,0.278052
9707,1.707,0.278052
9708,1.708,0.278052
9709,1.709,0.278052
9710,1.71,0.278052
9711,1.711,0.278052
9712,1.712,0.278052
9713,1.713,0.278052
9714,1.714,0.278052
9715,1.715,0.278052
9716,1.716,0.278052
9717,1.717,0.278052
9718,1.718,0.278052
9719,1.719,0.278052
9720,1.72,0.278052
9721,1.721,0.278052
9722,1.722,0.278052
9723,1.723,0.278052
9724,1.724,0.278052
9725,1.725,0.278052
9726,1.726,0.278052
9727,1.727,0.278052
9728,1.728,0.278052
9729,1.729,0.278052
9730,1.73,0.278052
9731,1.731,0.278052
9732,1.732,0.278052
9733,1.733,0.278052
9734,1.734,0.278052
9735,1.735,0.278052
9736,1.736,0.278052
9737,1.737,0.278052
9738,1.738,0.278052
9739,1.739,0.278052
9740,1.74,0.278052
9741,1.741,0.278052
9742,1.742,0.278052
9743,1.743,0.278052
9744,1.744,0.278052
9745,1.745,0.278052
9746,1.746,0.278052
9747,1.747,0.278052
9748,1.748,0.278052
9749,1.749,0.278052
9750,1.75,0.278052
9751,1.751,0.278052
9752,1.752,0.278052
9753,1.753,0.278052
9754,1.754,0.278052
9755,1.755,0.278052
9756,1.756,0.278052
9757,1.757,0.278052
9758,1.758,0.278052
9759,1.759,0.278052
9760,1.76,0.278052
9761,1.761,0.278052
9762,1.762,0.278052
9763,1.763,0.278052
9764,1.764,0.278052
9765,1.765,0.278052
9766,1.766,0.278052
9767,1.767,0.278052
9768,1.768,0.278052
9769,1.769,0.278052
9770,1.77,0.278052
9771,1.771,0.278052
9772,1.772,0.278052
9773,1.773,0.278052
9774,1.774,0.278052
9775,1.775,0.278052
9776,1.776,0.278052
9777,1.777,0.278052
9778,1.778,0.278052
9779,1.779,0.278052
9780,1.78,0.278052
9781,1.781,0.278052
9782,1.782,0.278052
9783,1.783,0.278052
9784,1.784,0.278052
9785,1.785,0.278052
9786,1.786,0.278052
9787,1.787,0.278052
9788,1.788,0.278052
9789,1.789,0.278052
9790,1.79,0.278052
9791,1.791,0.278052
9792,1.792,0.278052
9793,1.793,0.278052
9794,1.794,0.278052
9795,1.795,0.278052
9796,1.796,0.278052
9797,1.797,0.278052
9798,1.798,0.278052
9799,1.799,0.278052
9800,1.8,0.278052
9801,1.801,0.278052
9802,1.802,0.278052
9803,1.803,0.278052
9804,1.804,0.278052
9805,1.805,0.278052
9806,1.806,0.278052
9807,1.807,0.278052
9808,1.808,0.278052
9809,1.809,0.278052
9810,1.81,0.278052
9811,1.811,0.278052
9812,1.812,0.278052
9813,1.813,0.278052
9814,1.814,0.278052
9815,1.815,0.278052
9816,1.816,0.278052
9817,1.817,0.278052
9818,1.818,0.278052
9819,1.819,0.278052
9820,1.82,0.278052
9821,1.821,0.278052
9822,1.822,0.278052
9823,1.823,0.278052
9824,1.824,0.278052
9825,1.825,0.278052
9826,1.826,0.278052
9827,1.827,0.278052
9828,1.828,0.278052
9829,1.829,0.278052
9830,1.83,0.278052
9831,1.831,0.278052
9832,1.832,0.278052
9833,1.833,0.278052
9834,1.834,0.278052
9835,1.835,0.278052
9836,1.836,0.278052
9837,1.837,0.278052
9838,1.838,0.278052
9839,1.839,0.278052
9840,1.84,0.278052
9841,1.841,0.278052
9842,1.842,0.278052
9843,1.843,0.278052
9844,1.844,0.278052
9845,1.845,0.278052
9846,1.846,0.278052
9847,1.847,0.278052
9848,1.848,0.278052
9849,1.849,0.278052
9850,1.85,0.278052
9851,1.851,0.278052
9852,1.852,0.278052
9853,1.853,0.278052
9854,1.854,0.278052
9855,1.855,0.278052
9856,1.856,0.278052
9857,1.857,0.278052
9858,1.858,0.278052
9859,1.859,0.278052
9860,1.86,0.278052
9861,1.861,0.278052
9862,1.862,0.278052
9863,1.863,0.278052
9864,1.864,0.278052
9865,1.865,0.278052
9866,1.866,0.278052
9867,1.867,0.278052
9868,1.868,0.278052
9869,1.869,0.278052
9870,1.87,0.278052
9871,1.871,0.278052
9872,1.872,0.278052
9873,1.873,0.278052
9874,1.874,0.278052
9875,1.875,0.278052
9876,1.876,0.278052
9877,1.877,0.278052
9878,1.878,0.278052
9879,1.879,0.278052
9880,1.88,0.278052
9881,1.881,0.278052
9882,1.882,0.278052
9883,1.883,0.278052
9884,1.884,0.278052
9885,1.885,0.278052
9886,1.886,0.278052
9887,1.887,0.278052
9888,1.888,0.278052
9889,1.889,0.278052
9890,1.89,0.278052
9891,1.891,0.278052
9892,1.892,0.278052
9893,1.893,0.278052
9894,1.894,0.278052
9895,1.895,0.278052
9896,1.896,0.278052
9897,1.897,0.278052
9898,1.898,0.278052
9899,1.899,0.278052
9900,1.9,0.278052
9901,1.901,0.278052
9902,1.902,0.278052
9903,1.903,0.278052
9904,1.904,0.278052
9905,1.905,0.278052
9906,1.906,0.278052
9907,1.907,0.278052
9908,1.908,0.278052
9909,1.909,0.278052
9910,1.91,0.278052
9911,1.911,0.278052
9912,1.912,0.278052
9913,1.913,0.278052
9914,1.914,0.278052
9915,1.915,0.278052
9916,1.916,0.278052
9917,1.917,0.278052
9918,1.918,0.278052
9919,1.919,0.278052
9920,1.92,0.278052
9921,1.921,0.278052
9922,1.922,0.278052
9923,1.923,0.278052
9924,1.924,0.278052
9925,1.925,0.278052
9926,1.926,0.278052
9927,1.927,0.278052
9928,1.928,0.278052
9929,1.929,0.278052
9930,1.93,0.278052
9931,1.931,0.278052
9932,1.932,0.278052
9933,1.933,0.278052
9934,1.934,0.278052
9935,1.935,0.278052
9936,1.936,0.278052
9937,1.937,0.278052
9938,1.938,0.278052
9939,1.939,0.278052
9940,1.94,0.278052
9941,1.941,0.278052
9942,1.942,0.278052
9943,1.943,0.278052
9944,1.944,0.278052
9945,1.945,0.278052
9946,1.946,0.278052
9947,1.947,0.278052
9948,1.948,0.278052
9949,1.949,0.278052
9950,1.95,0.278052
9951,1.951,0.278052
9952,1.952,0.278052
9953,1.953,0.278052
9954,1.954,0.278052
9955,1.955,0.278052
9956,1.956,0.278052
9957,1.957,0.278052
9958,1.958,0.278052
9959,1.959,0.278052
9960,1.96,0.278052
9961,1.961,0.278052
9962,1.962,0.278052
9963,1.963,0.278052
9964,1.964,0.278052
9965,1.965,0.278052
9966,1.966,0.278052
9967,1.967,0.278052
9968,1.968,0.278052
9969,1.969,0.278052
9970,1.97,0.278052
9971,1.971,0.278052
9972,1.972,0.278052
9973,1.973,0.278052
9974,1.974,0.278052
9975,1.975,0.278052
9976,1.976,0.278052
9977,1.977,0.278052
9978,1.978,0.278052
9979,1.979,0.278052
9980,1.98,0.278052
9981,1.981,0.278052
9982,1.982,0.278052
9983,1.983,0.278052
9984,1.984,0.278052
9985,1.985,0.278052
9986,1.986,0.278052
9987,1.987,0.278052
9988,1.988,0.278052
9989,1.989,0.278052
9990,1.99,0.278052
9991,1.991,0.278052
9992,1.992,0.278052
9993,1.993,0.278052
9994,1.994,0.278052
9995,1.995,0.278052
9996,1.996,0.278052
9997,1.997,0.278052
9998,1.998,0.278052
9999,1.999,0.278052
10000,2,0.278052
10001,2.001,0.278052
10002,2.002,0.278052
10003,2.003,0.278052
10004,2.004,0.278052
10005,2.005,0.278052
10006,2.006,0.278052
10007,2.007,0.278052
10008,2.008,0.278052
10009,2.009,0.278052
10010,2.01,0.278052
10011,2.011,0.278052
10012,2.012,0.278052
10013,2.013,0.278052
10014,2.014,0.278052
10015,2.015,0.278052
10016,2.016,0.278052
10017,2.017,0.278052
10018,2.018,0.278052
10019,2.019,0.278052
10020,2.02,0.278052
10021,2.021,0.278052
10022,2.022,0.278052
10023,2.023,0.278052
10024,2.024,0.278052
10025,2.025,0.278052
10026,2.026,0.278052
10027,2.027,0.278052
10028,2.028,0.278052
10029,2.029,0.278052
10030,2.03,0.278052
10031,2.031,0.278052
10032,2.032,0.278052
10033,2.033,0.278052
10034,2.034,0.278052
10035,2.035,0.278052
10036,2.036,0.278052
10037,2.037,0.278052
10038,2.038,0.278052
10039,2.039,0.278052
10040,2.04,0.278052
10041,2.041,0.278052
10042,2.042,0.278052
10043,2.043,0.278052
10044,2.044,0.278052
10045,2.045,0.278052
10046,2.046,0.278052
10047,2.047,0.278052
10048,2.048,0.278052
10049,2.049,0.278052
10050,2.05,0.278052
10051,2.051,0.278052
10052,2.052,0.278052
10053,2.053,0.278052
10054,2.054,0.278052
10055,2.055,0.278052
10056,2.056,0.278052
10057,2.057,0.278052
10058,2.058,0.278052
10059,2.059,0.278052
10060,2.06,0.278052
10061,2.061,0.278052
10062,2.062,0.278052
10063,2.063,0.278052
10064,2.064,0.278052
10065,2.065,0.278052
10066,2.066,0.278052
10067,2.067,0.278052
10068,2.068,0.278052
10069,2.069,0.278052
10070,2.07,0.278052
10071,2.071,0.278052
10072,2.072,0.278052
10073,2.073,0.278052
10074,2.074,0.278052
10075,2.075,0.278052
10076,2.076,0.278052
10077,2.077,0.278052
10078,2.078,0.278052
10079,2.079,0.278052
10080,2.08,0.278052
10081,2.081,0.278052
10082,2.082,0.278052
10083,2.083,0.278052
10084,2.084,0.278052
10085,2.085,0.278052
10086,2.086,0.278052
10087,2.087,0.278052
10088,2.088,0.278052
10089,2.089,0.278052
10090,2.09,0.278052
10091,2.091,0.278052
10092,2.092,0.278052
10093,2.093,0.278052
10094,2.094,0.278052
10095,2.095,0.278052
10096,2.096,0.278052
10097,2.097,0.278052
10098,2.098,0.278052
10099,2.099,0.278052
10100,2.1,0.278052
10101,2.101,0.278052
10102,2.102,0.278052
10103,2.103,0.278052
10104,2.104,0.278052
10105,2.105,0.278052
10106,2.106,0.278052
10107,2.107,0.278052
10108,2.108,0.278052
10109,2.109,0.278052
10110,2.11,0.278052
10111,2.111,0.278052
10112,2.112,0.278052
10113,2.113,0.278052
10114,2.114,0.278052
10115,2.115,0.278052
10116,2.116,0.278052
10117,2.117,0.278052
10118,2.118,0.278052
10119,2.119,0.278052
10120,2.12,0.278052
10121,2.121,0.278052
10122,2.122,0.278052
10123,2.123,0.278052
10124,2.124,0.278052
10125,2.125,0.278052
10126,2.126,0.278052
10127,2.127,0.278052
10128,2.128,0.278052
10129,2.129,0.278052
10130,2.13,0.278052
10131,2.131,0.278052
10132,2.132,0.278052
10133,2.133,0.278052
10134,2.134,0.278052
10135,2.135,0.278052
10136,2.136,0.278052
10137,2.137,0.278052
10138,2.138,0.278052
10139,2.139,0.278052
10140,2.14,0.278052
10141,2.141,0.278052
10142,2.142,0.278052
10143,2.143,0.278052
10144,2.144,0.278052
10145,2.145,0.278052
10146,2.146,0.278052
10147,2.147,0.278052
10148,2.148,0.278052
10149,2.149,0.278052
10150,2.15,0.278052
10151,2.151,0.278052
10152,2.152,0.278052
10153,2.153,0.278052
10154,2.154,0.278052
10155,2.155,0.278052
10156,2.156,0.278052
10157,2.157,0.278052
10158,2.158,0.278052
10159,2.159,0.278052
10160,2.16,0.278052
10161,2.161,0.278052
10162,2.162,0.278052
10163,2.163,0.278052
10164,2.164,0.278052
10165,2.165,0.278052
10166,2.166,0.278052
10167,2.167,0.278052
10168,2.168,0.278052
10169,2.169,0.278052
10170,2.17,0.278052
10171,2.171,0.278052
10172,2.172,0.278052
10173,2.173,0.278052
10174,2.174,0.278052
10175,2.175,0.278052
10176,2.176,0.278052
10177,2.177,0.278052
10178,2.178,0.278052
10179,2.179,0.278052
10180,2.18,0.278052
10181,2.181,0.278052
10182,2.182,0.278052
10183,2.183,0.278052
10184,2.184,0.278052
10185,2.185,0.278052
10186,2.186,0.278052
10187,2.187,0.278052
10188,2.188,0.278052
10189,2.189,0.278052
10190,2.19,0.278052
10191,2.191,0.278052
10192,2.192,0.278052
10193,2.193,0.278052
10194,2.194,0.278052
10195,2.195,0.278052
10196,2.196,0.278052
10197,2.197,0.278052
10198,2.198,0.278052
10199,2.199,0.278052
10200,2.2,0.278052
10201,2.201,0.278052
10202,2.202,0.278052
10203,2.203,0.278052
10204,2.204,0.278052
10205,2.205,0.278052
10206,2.206,0.278052
10207,2.207,0.278052
10208,2.208,0.278052
10209,2.209,0.278052
10210,2.21,0.278052
10211,2.211,0.278052
10212,2.212,0.278052
10213,2.213,0.278052
10214,2.214,0.278052
10215,2.215,0.278052
10216,2.216,0.278052
10217,2.217,0.278052
10218,2.218,0.278052
10219,2.219,0.278052
10220,2.22,0.278052
10221,2.221,0.278052
10222,2.222,0.278052
10223,2.223,0.278052
10224,2.224,0.278052
10225,2.225,0.278052
10226,2.226,0.278052
10227,2.227,0.278052
10228,2.228,0.278052
10229,2.229,0.278052
10230,2.23,0.278052
10231,2.231,0.278052
10232,2.232,0.278052
10233,2.233,0.278052
10234,2.234,0.278052
10235,2.235,0.278052
10236,2.236,0.278052
10237,2.237,0.278052
10238,2.238,0.278052
10239,2.239,0.278052
10240,2.24,0.278052
10241,2.241,0.278052
10242,2.242,0.278052
10243,2.243,0.278052
10244,2.244,0.278052
10245,2.245,0.278052
10246,2.246,0.278052
10247,2.247,0.278052
10248,2.248,0.278052
10249,2.249,0.278052
10250,2.25,0.278052
10251,2.251,0.278052
10252,2.252,0.278052
10253,2.253,0.278052
10254,2.254,0.278052
10255,2.255,0.278052
10256,2.256,0.278052
10257,2.257,0.278052
10258,2.258,0.278052
10259,2.259,0.278052
10260,2.26,0.278052
10261,2.261,0.278052
10262,2.262,0.278052
10263,2.263,0.278052
10264,2.264,0.278052
10265,2.265,0.278052
10266,2.266,0.278052
10267,2.267,0.278052
10268,2.268,0.278052
10269,2.269,0.278052
10270,2.27,0.278052
10271,2.271,0.278052
10272,2.272,0.278052
10273,2.273,0.278052
10274,2.274,0.278052
10275,2.275,0.278052
10276,2.276,0.278052
10277,2.277,0.278052
10278,2.278,0.278052
10279,2.279,0.278052
10280,2.28,0.278052
10281,2.281,0.278052
10282,2.282,0.278052
10283,2.283,0.278052
10284,2.284,0.278052
10285,2.285,0.278052
10286,2.286,0.278052
10287,2.287,0.278052
10288,2.288,0.278052
10289,2.289,0.278052
10290,2.29,0.278052
10291,2.291,0.278052
10292,2.292,0.278052
10293,2.293,0.278052
10294,2.294,0.278052
10295,2.295,0.278052
10296,2.296,0.278052
10297,2.297,0.278052
10298,2.298,0.278052
10299,2.299,0.278052
10300,2.3,0.278052
10301,2.301,0.278052
10302,2.302,0.278052
10303,2.303,0.278052
10304,2.304,0.278052
10305,2.305,0.278052
10306,2.306,0.278052
10307,2.307,0.278052
10308,2.308,0.278052
10309,2.309,0.278052
10310,2.31,0.278052
10311,2.311,0.278052
10312,2.312,0.278052
10313,2.313,0.278052
10314,2.314,0.278052
10315,2.315,0.278052
10316,2.316,0.278052
10317,2.317,0.278052
10318,2.318,0.278052
10319,2.319,0.278052
10320,2.32,0.278052
10321,2.321,0.278052
10322,2.322,0.278052
10323,2.323,0.278052
10324,2.324,0.278052
10325,2.325,0.278052
10326,2.326,0.278052
10327,2.327,0.278052
10328,2.328,0.278052
10329,2.329,0.278052
10330,2.33,0.278052
10331,2.331,0.278052
10332,2.332,0.278052
10333,2.333,0.278052
10334,2.334,0.278052
10335,2.335,0.278052
10336,2.336,0.278052
10337,2.337,0.278052
10338,2.338,0.278052
10339,2.339,0.278052
10340,2.34,0.278052
10341,2.341,0.278052
10342,2.342,0.278052
10343,2.343,0.278052
10344,2.344,0.278052
10345,2.345,0.278052
10346,2.346,0.278052
10347,2.347,0.278052
10348,2.348,0.278052
10349,2.349,0.278052
10350,2.35,0.278052
10351,2.351,0.278052
10352,2.352,0.278052
10353,2.353,0.278052
10354,2.354,0.278052
10355,2.355,0.278052
10356,2.356,0.278052
10357,2.357,0.278052
10358,2.358,0.278052
10359,2.359,0.278052
10360,2.36,0.278052
10361,2.361,0.278052
10362,2.362,0.278052
10363,2.363,0.278052
10364,2.364,0.278052
10365,2.365,0.278052
10366,2.366,0.278052
10367,2.367,0.278052
10368,2.368,0.278052
10369,2.369,0.278052
10370,2.37,0.278052
10371,2.371,0.278052
10372,2.372,0.278052
10373,2.373,0.278052
10374,2.374,0.278052
10375,2.375,0.278052
10376,2.376,0.278052
10377,2.377,0.278052
10378,2.378,0.278052
10379,2.379,0.278052
10380,2.38,0.278052
10381,2.381,0.278052
10382,2.382,0.278052
10383,2.383,0.278052
10384,2.384,0.278052
10385,2.385,0.278052
10386,2.386,0.278052
10387,2.387,0.278052
10388,2.388,0.278052
10389,2.389,0.278052
10390,2.39,0.278052
10391,2.391,0.278052
10392,2.392,0.278052
10393,2.393,0.278052
10394,2.394,0.278052
10395,2.395,0.278052
10396,2.396,0.278052
10397,2.397,0.278052
10398,2.398,0.278052
10399,2.399,0.278052
10400,2.4,0.278052
10401,2.401,0.278052
10402,2.402,0.278052
10403,2.403,0.278052
10404,2.404,0.278052
10405,2.405,0.278052
10406,2.406,0.278052
10407,2.407,0.278052
10408,2.408,0.278052
10409,2.409,0.278052
10410,2.41,0.278052
10411,2.411,0.278052
10412,2.412,0.278052
10413,2.413,0.278052
10414,2.414,0.278052
10415,2.415,0.278052
10416,2.416,0.278052
10417,2.417,0.278052
10418,2.418,0.278052
10419,2.419,0.278052
10420,2.42,0.278052
10421,2.421,0.278052
10422,2.422,0.278052
10423,2.423,0.278052
10424,2.424,0.278052
10425,2.425,0.278052
10426,2.426,0.278052
10427,2.427,0.278052
10428,2.428,0.278052
10429,2.429,0.278052
10430,2.43,0.278052
10431,2.431,0.278052
10432,2.432,0.278052
10433,2.433,0.278052
10434,2.434,0.278052
10435,2.435,0.278052
10436,2.436,0.278052
10437,2.437,0.278052
10438,2.438,0.278052
10439,2.439,0.278052
10440,2.44,0.278052
10441,2.441,0.278052
10442,2.442,0.278052
10443,2.443,0.278052
10444,2.444,0.278052
10445,2.445,0.278052
10446,2.446,0.278052
10447,2.447,0.278052
10448,2.448,0.278052
10449,2.449,0.278052
10450,2.45,0.278052
10451,2.451,0.278052
10452,2.452,0.278052
10453,2.453,0.278052
10454,2.454,0.278052
10455,2.455,0.278052
10456,2.456,0.278052
10457,2.457,0.278052
10458,2.458,0.278052
10459,2.459,0.278052
10460,2.46,0.278052
10461,2.461,0.278052
10462,2.462,0.278052
10463,2.463,0.278052
10464,2.464,0.278052
10465,2.465,0.278052
10466,2.466,0.278052
10467,2.467,0.278052
10468,2.468,0.278052
10469,2.469,0.278052
10470,2.47,0.278052
10471,2.471,0.278052
10472,2.472,0.278052
10473,2.473,0.278052
10474,2.474,0.278052
10475,2.475,0.278052
10476,2.476,0.278052
10477,2.477,0.278052
10478,2.478,0.278052
10479,2.479,0.278052
10480,2.48,0.278052
10481,2.481,0.278052
10482,2.482,0.278052
10483,2.483,0.278052
10484,2.484,0.278052
10485,2.485,0.278052
10486,2.486,0.278052
10487,2.487,0.278052
10488,2.488,0.278052
10489,2.489,0.278052
10490,2.49,0.278052
10491,2.491,0.278052
10492,2.492,0.278052
10493,2.493,0.278052
10494,2.494,0.278052
10495,2.495,0.278052
10496,2.496,0.278052
10497,2.497,0.278052
10498,2.498,0.278052
10499,2.499,0.278052
10500,2.5,0.278052
10501,2.501,0.278052
10502,2.502,0.278052
10503,2.503,0.278052
10504,2.504,0.278052
10505,2.505,0.278052
10506,2.506,0.278052
10507,2.507,0.278052
10508,2.508,0.278052
10509,2.509,0.278052
10510,2.51,0.278052
10511,2.511,0.278052
10512,2.512,0.278052
10513,2.513,0.278052
10514,2.514,0.278052
10515,2.515,0.278052
10516,2.516,0.278052
10517,2.517,0.278052
10518,2.518,0.278052
10519,2.519,0.278052
10520,2.52,0.278052
10521,2.521,0.278052
10522,2.522,0.278052
10523,2.523,0.278052
10524,2.524,0.278052
10525,2.525,0.278052
10526,2.526,0.278052
10527,2.527,0.278052
10528,2.528,0.278052
10529,2.529,0.278052
10530,2.53,0.278052
10531,2.531,0.278052
10532,2.532,0.278052
10533,2.533,0.278052
10534,2.534,0.278052
10535,2.535,0.278052
10536,2.536,0.278052
10537,2.537,0.278052
10538,2.538,0.278052
10539,2.539,0.278052
10540,2.54,0.278052
10541,2.541,0.278052
10542,2.542,0.278052
10543,2.543,0.278052
10544,2.544,0.278052
10545,2.545,0.278052
10546,2.546,0.278052
10547,2.547,0.278052
10548,2.548,0.278052
10549,2.549,0.278052
10550,2.55,0.278052
10551,2.551,0.278052
10552,2.552,0.278052
10553,2.553,0.278052
10554,2.554,0.278052
10555,2.555,0.278052
10556,2.556,0.278052
10557,2.557,0.278052
10558,2.558,0.278052
10559,2.559,0.278052
10560,2.56,0.278052
10561,2.561,0.278052
10562,2.562,0.278052
10563,2.563,0.278052
10564,2.564,0.278052
10565,2.565,0.278052
10566,2.566,0.278052
10567,2.567,0.278052
10568,2.568,0.278052
10569,2.569,0.278052
10570,2.57,0.278052
10571,2.571,0.278052
10572,2.572,0.278052
10573,2.573,0.278052
10574,2.574,0.278052
10575,2.575,0.278052
10576,2.576,0.278052
10577,2.577,0.278052
10578,2.578,0.278052
10579,2.579,0.278052
10580,2.58,0.278052
10581,2.581,0.278052
10582,2.582,0.278052
10583,2.583,0.278052
10584,2.584,0.278052
10585,2.585,0.278052
10586,2.586,0.278052
10587,2.587,0.278052
10588,2.588,0.278052
10589,2.589,0.278052
10590,2.59,0.278052
10591,2.591,0.278052
10592,2.592,0.278052
10593,2.593,0.278052
10594,2.594,0.278052
10595,2.595,0.278052
10596,2.596,0.278052
10597,2.597,0.278052
10598,2.598,0.278052
10599,2.599,0.278052
10600,2.6,0.278052
10601,2.601,0.278052
10602,2.602,0.278052
10603,2.603,0.278052
10604,2.604,0.278052
10605,2.605,0.278052
10606,2.606,0.278052
10607,2.607,0.278052
10608,2.608,0.278052
10609,2.609,0.278052
10610,2.61,0.278052
10611,2.611,0.278052
10612,2.612,0.278052
10613,2.613,0.278052
10614,2.614,0.278052
10615,2.615,0.278052
10616,2.616,0.278052
10617,2.617,0.278052
10618,2.618,0.278052
10619,2.619,0.278052
10620,2.62,0.278052
10621,2.621,0.278052
10622,2.622,0.278052
10623,2.623,0.278052
10624,2.624,0.278052
10625,2.625,0.278052
10626,2.626,0.278052
10627,2.627,0.278052
10628,2.628,0.278052
10629,2.629,0.278052
10630,2.63,0.278052
10631,2.631,0.278052
10632,2.632,0.278052
10633,2.633,0.278052
10634,2.634,0.278052
10635,2.635,0.278052
10636,2.636,0.278052
10637,2.637,0.278052
10638,2.638,0.278052
10639,2.639,0.278052
10640,2.64,0.278052
10641,2.641,0.278052
10642,2.642,0.278052
10643,2.643,0.278052
10644,2.644,0.278052
10645,2.645,0.278052
10646,2.646,0.278052
10647,2.647,0.278052
10648,2.648,0.278052
10649,2.649,0.278052
10650,2.65,0.278052
10651,2.651,0.278052
10652,2.652,0.278052
10653,2.653,0.278052
10654,2.654,0.278052
10655,2.655,0.278052
10656,2.656,0.278052
10657,2.657,0.278052
10658,2.658,0.278052
10659,2.659,0.278052
10660,2.66,0.278052
10661,2.661,0.278052
10662,2.662,0.278052
10663,2.663,0.278052
10664,2.664,0.278052
10665,2.665,0.278052
10666,2.666,0.278052
10667,2.667,0.278052
10668,2.668,0.278052
10669,2.669,0.278052
10670,2.67,0.278052
10671,2.671,0.278052
10672,2.672,0.278052
10673,2.673,0.278052
10674,2.674,0.278052
10675,2.675,0.278052
10676,2.676,0.278052
10677,2.677,0.278052
10678,2.678,0.278052
10679,2.679,0.278052
10680,2.68,0.278052
10681,2.681,0.278052
10682,2.682,0.278052
10683,2.683,0.278052
10684,2.684,0.278052
10685,2.685,0.278052
10686,2.686,0.278052
10687,2.687,0.278052
10688,2.688,0.278052
10689,2.689,0.278052
10690,2.69,0.278052
10691,2.691,0.278052
10692,2.692,0.278052
10693,2.693,0.278052
10694,2.694,0.278052
10695,2.695,0.278052
10696,2.696,0.278052
10697,2.697,0.278052
10698,2.698,0.278052
10699,2.699,0.278052
10700,2.7,0.278052
10701,2.701,0.278052
10702,2.702,0.278052
10703,2.703,0.278052
10704,2.704,0.278052
10705,2.705,0.278052
10706,2.706,0.278052
10707,2.707,0.278052
10708,2.708,0.278052
10709,2.709,0.278052
10710,2.71,0.278052
10711,2.711,0.278052
10712,2.712,0.278052
10713,2.713,0.278052
10714,2.714,0.278052
10715,2.715,0.278052
10716,2.716,0.278052
10717,2.717,0.278052
10718,2.718,0.278052
10719,2.719,0.278052
10720,2.72,0.278052
10721,2.721,0.278052
10722,2.722,0.278052
10723,2.723,0.278052
10724,2.724,0.278052
10725,2.725,0.278052
10726,2.726,0.278052
10727,2.727,0.278052
10728,2.728,0.278052
10729,2.729,0.278052
10730,2.73,0.278052
10731,2.731,0.278052
10732,2.732,0.278052
10733,2.733,0.278052
10734,2.734,0.278052
10735,2.735,0.278052
10736,2.736,0.278052
10737,2.737,0.278052
10738,2.738,0.278052
10739,2.739,0.278052
10740,2.74,0.278052
10741,2.741,0.278052
10742,2.742,0.278052
10743,2.743,0.278052
10744,2.744,0.278052
10745,2.745,0.278052
10746,2.746,0.278052
10747,2.747,0.278052
10748,2.748,0.278052
10749,2.749,0.278052
10750,2.75,0.278052
10751,2.751,0.278052
10752,2.752,0.278052
10753,2.753,0.278052
10754,2.754,0.278052
10755,2.755,0.278052
10756,2.756,0.278052
10757,2.757,0.278052
10758,2.758,0.278052
10759,2.759,0.278052
10760,2.76,0.278052
10761,2.761,0.278052
10762,2.762,0.278052
10763,2.763,0.278052
10764,2.764,0.278052
10765,2.765,0.278052
10766,2.766,0.278052
10767,2.767,0.278052
10768,2.768,0.278052
10769,2.769,0.278052
10770,2.77,0.278052
10771,2.771,0.278052
10772,2.772,0.278052
10773,2.773,0.278052
10774,2.774,0.278052
10775,2.775,0.278052
10776,2.776,0.278052
10777,2.777,0.278052
10778,2.778,0.278052
10779,2.779,0.278052
10780,2.78,0.278052
10781,2.781,0.278052
10782,2.782,0.278052
10783,2.783,0.278052
10784,2.784,0.278052
10785,2.785,0.278052
10786,2.786,0.278052
10787,2.787,0.278052
10788,2.788,0.278052
10789,2.789,0.278052
10790,2.79,0.278052
10791,2.791,0.278052
10792,2.792,0.278052
10793,2.793,0.278052
10794,2.794,0.278052
10795,2.795,0.278052
10796,2.796,0.278052
10797,2.797,0.278052
10798,2.798,0.278052
10799,2.799,0.278052
10800,2.8,0.278052
10801,2.801,0.278052
10802,2.802,0.278052
10803,2.803,0.278052
10804,2.804,0.278052
10805,2.805,0.278052
10806,2.806,0.278052
10807,2.807,0.278052
10808,2.808,0.278052
10809,2.809,0.278052
10810,2.81,0.278052
10811,2.811,0.278052
10812,2.812,0.278052
10813,2.813,0.278052
10814,2.814,0.278052
10815,2.815,0.278052
10816,2.816,0.278052
10817,2.817,0.278052
10818,2.818,0.278052
10819,2.819,0.278052
10820,2.82,0.278052
10821,2.821,0.278052
10822,2.822,0.278052
10823,2.823,0.278052
10824,2.824,0.278052
10825,2.825,0.278052
10826,2.826,0.278052
10827,2.827,0.278052
10828,2.828,0.278052
10829,2.829,0.278052
10830,2.83,0.278052
10831,2.831,0.278052
10832,2.832,0.278052
10833,2.833,0.278052
10834,2.834,0.278052
10835,2.835,0.278052
10836,2.836,0.278052
10837,2.837,0.278052
10838,2.838,0.278052
10839,2.839,0.278052
10840,2.84,0.278052
10841,2.841,0.278052
10842,2.842,0.278052
10843,2.843,0.278052
10844,2.844,0.278052
10845,2.845,0.278052
10846,2.846,0.278052
10847,2.847,0.278052
10848,2.848,0.278052
10849,2.849,0.278052
10850,2.85,0.278052
10851,2.851,0.278052
10852,2.852,0.278052
10853,2.853,0.278052
10854,2.854,0.278052
10855,2.855,0.278052
10856,2.856,0.278052
10857,2.857,0.278052
10858,2.858,0.278052
10859,2.859,0.278052
10860,2.86,0.278052
10861,2.861,0.278052
10862,2.862,0.278052
10863,2.863,0.278052
10864,2.864,0.278052
10865,2.865,0.278052
10866,2.866,0.278052
10867,2.867,0.278052
10868,2.868,0.278052
10869,2.869,0.278052
10870,2.87,0.278052
10871,2.871,0.278052
10872,2.872,0.278052
10873,2.873,0.278052
10874,2.874,0.278052
10875,2.875,0.278052
10876,2.876,0.278052
10877,2.877,0.278052
10878,2.878,0.278052
10879,2.879,0.278052
10880,2.88,0.278052
10881,2.881,0.278052
10882,2.882,0.278052
10883,2.883,0.278052
10884,2.884,0.278052
10885,2.885,0.278052
10886,2.886,0.278052
10887,2.887,0.278052
10888,2.888,0.278052
10889,2.889,0.278052
10890,2.89,0.278052
10891,2.891,0.278052
10892,2.892,0.278052
10893,2.893,0.278052
10894,2.894,0.278052
10895,2.895,0.278052
10896,2.896,0.278052
10897,2.897,0.278052
10898,2.898,0.278052
10899,2.899,0.278052
10900,2.9,0.278052
10901,2.901,0.278052
10902,2.902,0.278052
10903,2.903,0.278052
10904,2.904,0.278052
10905,2.905,0.278052
10906,2.906,0.278052
10907,2.907,0.278052
10908,2.908,0.278052
10909,2.909,0.278052
10910,2.91,0.278052
10911,2.911,0.278052
10912,2.912,0.278052
10913,2.913,0.278052
10914,2.914,0.278052
10915,2.915,0.278052
10916,2.916,0.278052
10917,2.917,0.278052
10918,2.918,0.278052
10919,2.919,0.278052
10920,2.92,0.278052
10921,2.921,0.278052
10922,2.922,0.278052
10923,2.923,0.278052
10924,2.924,0.278052
10925,2.925,0.278052
10926,2.926,0.278052
10927,2.927,0.278052
10928,2.928,0.278052
10929,2.929,0.278052
10930,2.93,0.278052
10931,2.931,0.278052
10932,2.932,0.278052
10933,2.933,0.278052
10934,2.934,0.278052
10935,2.935,0.278052
10936,2.936,0.278052
10937,2.937,0.278052
10938,2.938,0.278052
10939,2.939,0.278052
10940,2.94,0.278052
10941,2.941,0.278052
10942,2.942,0.278052
10943,2.943,0.278052
10944,2.944,0.278052
10945,2.945,0.278052
10946,2.946,0.278052
10947,2.947,0.278052
10948,2.948,0.278052
10949,2.949,0.278052
10950,2.95,0.278052
10951,2.951,0.278052
10952,2.952,0.278052
10953,2.953,0.278052
10954,2.954,0.278052
10955,2.955,0.278052
10956,2.956,0.278052
10957,2.957,0.278052
10958,2.958,0.278052
10959,2.959,0.278052
10960,2.96,0.278052
10961,2.961,0.278052
10962,2.962,0.278052
10963,2.963,0.278052
10964,2.964,0.278052
10965,2.965,0.278052
10966,2.966,0.278052
10967,2.967,0.278052
10968,2.968,0.278052
10969,2.969,0.278052
10970,2.97,0.278052
10971,2.971,0.278052
10972,2.972,0.278052
10973,2.973,0.278052
10974,2.974,0.278052
10975,2.975,0.278052
10976,2.976,0.278052
10977,2.977,0.278052
10978,2.978,0.278052
10979,2.979,0.278052
10980,2.98,0.278052
10981,2.981,0.278052
10982,2.982,0.278052
10983,2.983,0.278052
10984,2.984,0.278052
10985,2.985,0.278052
10986,2.986,0.278052
10987,2.987,0.278052
10988,2.988,0.278052
10989,2.989,0.278052
10990,2.99,0.278052
10991,2.991,0.278052
10992,2.992,0.278052
10993,2.993,0.278052
10994,2.994,0.278052
10995,2.995,0.278052
10996,2.996,0.278052
10997,2.997,0.278052
10998,2.998,0.278052
10999,2.999,0.278052
11000,3,0.278052
11001,3.001,0.278052
11002,3.002,0.278052
11003,3.003,0.278052
11004,3.004,0.278052
11005,3.005,0.278052
11006,3.006,0.278052
11007,3.007,0.278052
11008,3.008,0.278052
11009,3.009,0.278052
11010,3.01,0.278052
11011,3.011,0.278052
11012,3.012,0.278052
11013,3.013,0.278052
11014,3.014,0.278052
11015,3.015,0.278052
11016,3.016,0.278052
11017,3.017,0.278052
11018,3.018,0.278052
11019,3.019,0.278052
11020,3.02,0.278052
11021,3.021,0.278052
11022,3.022,0.278052
11023,3.023,0.278052
11024,3.024,0.278052
11025,3.025,0.278052
11026,3.026,0.278052
11027,3.027,0.278052
11028,3.028,0.278052
11029,3.029,0.278052
11030,3.03,0.278052
11031,3.031,0.278052
11032,3.032,0.278052
11033,3.033,0.278052
11034,3.034,0.278052
11035,3.035,0.278052
11036,3.036,0.278052
11037,3.037,0.278052
11038,3.038,0.278052
11039,3.039,0.278052
11040,3.04,0.278052
11041,3.041,0.278052
11042,3.042,0.278052
11043,3.043,0.278052
11044,3.044,0.278052
11045,3.045,0.278052
11046,3.046,0.278052
11047,3.047,0.278052
11048,3.048,0.278052
11049,3.049,0.278052
11050,3.05,0.278052
11051,3.051,0.278052
11052,3.052,0.278052
11053,3.053,0.278052
11054,3.054,0.278052
11055,3.055,0.278052
11056,3.056,0.278052
11057,3.057,0.278052
11058,3.058,0.278052
11059,3.059,0.278052
11060,3.06,0.278052
11061,3.061,0.278052
11062,3.062,0.278052
11063,3.063,0.278052
11064,3.064,0.278052
11065,3.065,0.278052
11066,3.066,0.278052
11067,3.067,0.278052
11068,3.068,0.278052
11069,3.069,0.278052
11070,3.07,0.278052
11071,3.071,0.278052
11072,3.072,0.278052
11073,3.073,0.278052
11074,3.074,0.278052
11075,3.075,0.278052
11076,3.076,0.278052
11077,3.077,0.278052
11078,3.078,0.278052
11079,3.079,0.278052
11080,3.08,0.278052
11081,3.081,0.278052
11082,3.082,0.278052
11083,3.083,0.278052
11084,3.084,0.278052
11085,3.085,0.278052
11086,3.086,0.278052
11087,3.087,0.278052
11088,3.088,0.278052
11089,3.089,0.278052
11090,3.09,0.278052
11091,3.091,0.278052
11092,3.092,0.278052
11093,3.093,0.278052
11094,3.094,0.278052
11095,3.095,0.278052
11096,3.096,0.278052
11097,3.097,0.278052
11098,3.098,0.278052
11099,3.099,0.278052
11100,3.1,0.278052
11101,3.101,0.278052
11102,3.102,0.278052
11103,3.103,0.278052
11104,3.104,0.278052
11105,3.105,0.278052
11106,3.106,0.278052
11107,3.107,0.278052
11108,3.108,0.278052
11109,3.109,0.278052
11110,3.11,0.278052
11111,3.111,0.278052
11112,3.112,0.278052
11113,3.113,0.278052
11114,3.114,0.278052
11115,3.115,0.278052
11116,3.116,0.278052
11117,3.117,0.278052
11118,3.118,0.278052
11119,3.119,0.278052
11120,3.12,0.278052
11121,3.121,0.278052
11122,3.122,0.278052
11123,3.123,0.278052
11124,3.124,0.278052
11125,3.125,0.278052
11126,3.126,0.278052
11127,3.127,0.278052
11128,3.128,0.278052
11129,3.129,0.278052
11130,3.13,0.278052
11131,3.131,0.278052
11132,3.132,0.278052
11133,3.133,0.278052
11134,3.134,0.278052
11135,3.135,0.278052
11136,3.136,0.278052
11137,3.137,0.278052
11138,3.138,0.278052
11139,3.139,0.278052
11140,3.14,0.278052
11141,3.141,0.278052
11142,3.142,0.278052
11143,3.143,0.278052
11144,3.144,0.278052
11145,3.145,0.278052
11146,3.146,0.278052
11147,3.147,0.278052
11148,3.148,0.278052
11149,3.149,0.278052
11150,3.15,0.278052
11151,3.151,0.278052
11152,3.152,0.278052
11153,3.153,0.278052
11154,3.154,0.278052
11155,3.155,0.278052
11156,3.156,0.278052
11157,3.157,0.278052
11158,3.158,0.278052
11159,3.159,0.278052
11160,3.16,0.278052
11161,3.161,0.278052
11162,3.162,0.278052
11163,3.163,0.278052
11164,3.164,0.278052
11165,3.165,0.278052
11166,3.166,0.278052
11167,3.167,0.278052
11168,3.168,0.278052
11169,3.169,0.278052
11170,3.17,0.278052
11171,3.171,0.278052
11172,3.172,0.278052
11173,3.173,0.278052
11174,3.174,0.278052
11175,3.175,0.278052
11176,3.176,0.278052
11177,3.177,0.278052
11178,3.178,0.278052
11179,3.179,0.278052
11180,3.18,0.278052
11181,3.181,0.278052
11182,3.182,0.278052
11183,3.183,0.278052
11184,3.184,0.278052
11185,3.185,0.278052
11186,3.186,0.278052
11187,3.187,0.278052
11188,3.188,0.278052
11189,3.189,0.278052
11190,3.19,0.278052
11191,3.191,0.278052
11192,3.192,0.278052
11193,3.193,0.278052
11194,3.194,0.278052
11195,3.195,0.278052
11196,3.196,0.278052
11197,3.197,0.278052
11198,3.198,0.278052
11199,3.199,0.278052
11200,3.2,0.278052
11201,3.201,0.278052
11202,3.202,0.278052
11203,3.203,0.278052
11204,3.204,0.278052
11205,3.205,0.278052
11206,3.206,0.278052
11207,3.207,0.278052
11208,3.208,0.278052
11209,3.209,0.278052
11210,3.21,0.278052
11211,3.211,0.278052
11212,3.212,0.278052
11213,3.213,0.278052
11214,3.214,0.278052
11215,3.215,0.278052
11216,3.216,0.278052
11217,3.217,0.278052
11218,3.218,0.278052
11219,3.219,0.278052
11220,3.22,0.278052
11221,3.221,0.278052
11222,3.222,0.278052
11223,3.223,0.278052
11224,3.224,0.278052
11225,3.225,0.278052
11226,3.226,0.278052
11227,3.227,0.278052
11228,3.228,0.278052
11229,3.229,0.278052
11230,3.23,0.278052
11231,3.231,0.278052
11232,3.232,0.278052
11233,3.233,0.278052
11234,3.234,0.278052
11235,3.235,0.278052
11236,3.236,0.278052
11237,3.237,0.278052
11238,3.238,0.278052
11239,3.239,0.278052
11240,3.24,0.278052
11241,3.241,0.278052
11242,3.242,0.278052
11243,3.243,0.278052
11244,3.244,0.278052
11245,3.245,0.278052
11246,3.246,0.278052
11247,3.247,0.278052
11248,3.248,0.278052
11249,3.249,0.278052
11250,3.25,0.278052
11251,3.251,0.278052
11252,3.252,0.278052
11253,3.253,0.278052
11254,3.254,0.278052
11255,3.255,0.278052
11256,3.256,0.278052
11257,3.257,0.278052
11258,3.258,0.278052
11259,3.259,0.278052
11260,3.26,0.278052
11261,3.261,0.278052
11262,3.262,0.278052
11263,3.263,0.278052
11264,3.264,0.278052
11265,3.265,0.278052
11266,3.266,0.278052
11267,3.267,0.278052
11268,3.268,0.278052
11269,3.269,0.278052
11270,3.27,0.278052
11271,3.271,0.278052
11272,3.272,0.278052
11273,3.273,0.278052
11274,3.274,0.278052
11275,3.275,0.278052
11276,3.276,0.278052
11277,3.277,0.278052
11278,3.278,0.278052
11279,3.279,0.278052
11280,3.28,0.278052
11281,3.281,0.278052
11282,3.282,0.278052
11283,3.283,0.278052
11284,3.284,0.278052
11285,3.285,0.278052
11286,3.286,0.278052
11287,3.287,0.278052
11288,3.288,0.278052
11289,3.289,0.278052
11290,3.29,0.278052
11291,3.291,0.278052
11292,3.292,0.278052
11293,3.293,0.278052
11294,3.294,0.278052
11295,3.295,0.278052
11296,3.296,0.278052
11297,3.297,0.278052
11298,3.298,0.278052
11299,3.299,0.278052
11300,3.3,0.278052
11301,3.301,0.278052
11302,3.302,0.278052
11303,3.303,0.278052
11304,3.304,0.278052
11305,3.305,0.278052
11306,3.306,0.278052
11307,3.307,0.278052
11308,3.308,0.278052
11309,3.309,0.278052
11310,3.31,0.278052
11311,3.311,0.278052
11312,3.312,0.278052
11313,3.313,0.278052
11314,3.314,0.278052
11315,3.315,0.278052
11316,3.316,0.278052
11317,3.317,0.278052
11318,3.318,0.278052
11319,3.319,0.278052
11320,3.32,0.278052
11321,3.321,0.278052
11322,3.322,0.278052
11323,3.323,0.278052
11324,3.324,0.278052
11325,3.325,0.278052
11326,3.326,0.278052
11327,3.327,0.278052
11328,3.328,0.278052
11329,3.329,0.278052
11330,3.33,0.278052
11331,3.331,0.278052
11332,3.332,0.278052
11333,3.333,0.278052
11334,3.334,0.278052
11335,3.335,0.278052
11336,3.336,0.278052
11337,3.337,0.278052
11338,3.338,0.278052
11339,3.339,0.278052
11340,3.34,0.278052
11341,3.341,0.278052
11342,3.342,0.278052
11343,3.343,0.278052
11344,3.344,0.278052
11345,3.345,0.278052
11346,3.346,0.278052
11347,3.347,0.278052
11348,3.348,0.278052
11349,3.349,0.278052
11350,3.35,0.278052
11351,3.351,0.278052
11352,3.352,0.278052
11353,3.353,0.278052
11354,3.354,0.278052
11355,3.355,0.278052
11356,3.356,0.278052
11357,3.357,0.278052
11358,3.358,0.278052
11359,3.359,0.278052
11360,3.36,0.278052
11361,3.361,0.278052
11362,3.362,0.278052
11363,3.363,0.278052
11364,3.364,0.278052
11365,3.365,0.278052
11366,3.366,0.278052
11367,3.367,0.278052
11368,3.368,0.278052
11369,3.369,0.278052
11370,3.37,0.278052
11371,3.371,0.278052
11372,3.372,0.278052
11373,3.373,0.278052
11374,3.374,0.278052
11375,3.375,0.278052
11376,3.376,0.278052
11377,3.377,0.278052
11378,3.378,0.278052
11379,3.379,0.278052
11380,3.38,0.278052
11381,3.381,0.278052
11382,3.382,0.278052
11383,3.383,0.278052
11384,3.384,0.278052
11385,3.385,0.278052
11386,3.386,0.278052
11387,3.387,0.278052
11388,3.388,0.278052
11389,3.389,0.278052
11390,3.39,0.278052
11391,3.391,0.278052
11392,3.392,0.278052
11393,3.393,0.278052
11394,3.394,0.278052
11395,3.395,0.278052
11396,3.396,0.278052
11397,3.397,0.278052
11398,3.398,0.278052
11399,3.399,0.278052
11400,3.4,0.278052
11401,3.401,0.278052
11402,3.402,0.278052
11403,3.403,0.278052
11404,3.404,0.278052
11405,3.405,0.278052
11406,3.406,0.278052
11407,3.407,0.278052
11408,3.408,0.278052
11409,3.409,0.278052
11410,3.41,0.278052
11411,3.411,0.278052
11412,3.412,0.278052
11413,3.413,0.278052
11414,3.414,0.278052
11415,3.415,0.278052
11416,3.416,0.278052
11417,3.417,0.278052
11418,3.418,0.278052
11419,3.419,0.278052
11420,3.42,0.278052
11421,3.421,0.278052
11422,3.422,0.278052
11423,3.423,0.278052
11424,3.424,0.278052
11425,3.425,0.278052
11426,3.426,0.278052
11427,3.427,0.278052
11428,3.428,0.278052
11429,3.429,0.278052
11430,3.43,0.278052
11431,3.431,0.278052
11432,3.432,0.278052
11433,3.433,0.278052
11434,3.434,0.278052
11435,3.435,0.278052
11436,3.436,0.278052
11437,3.437,0.278052
11438,3.438,0.278052
11439,3.439,0.278052
11440,3.44,0.278052
11441,3.441,0.278052
11442,3.442,0.278052
11443,3.443,0.278052
11444,3.444,0.278052
11445,3.445,0.278052
11446,3.446,0.278052
11447,3.447,0.278052
11448,3.448,0.278052
11449,3.449,0.278052
11450,3.45,0.278052
11451,3.451,0.278052
11452,3.452,0.278052
11453,3.453,0.278052
11454,3.454,0.278052
11455,3.455,0.278052
11456,3.456,0.278052
11457,3.457,0.278052
11458,3.458,0.278052
11459,3.459,0.278052
11460,3.46,0.278052
11461,3.461,0.278052
11462,3.462,0.278052
11463,3.463,0.278052
11464,3.464,0.278052
11465,3.465,0.278052
11466,3.466,0.278052
11467,3.467,0.278052
11468,3.468,0.278052
11469,3.469,0.278052
11470,3.47,0.278052
11471,3.471,0.278052
11472,3.472,0.278052
11473,3.473,0.278052
11474,3.474,0.278052
11475,3.475,0.278052
11476,3.476,0.278052
11477,3.477,0.278052
11478,3.478,0.278052
11479,3.479,0.278052
11480,3.48,0.278052
11481,3.481,0.278052
11482,3.482,0.278052
11483,3.483,0.278052
11484,3.484,0.278052
11485,3.485,0.278052
11486,3.486,0.278052
11487,3.487,0.278052
11488,3.488,0.278052
11489,3.489,0.278052
11490,3.49,0.278052
11491,3.491,0.278052
11492,3.492,0.278052
11493,3.493,0.278052
11494,3.494,0.278052
11495,3.495,0.278052
11496,3.496,0.278052
11497,3.497,0.278052
11498,3.498,0.278052
11499,3.499,0.278052
11500,3.5,0.278052
11501,3.501,0.278052
11502,3.502,0.278052
11503,3.503,0.278052
11504,3.504,0.278052
11505,3.505,0.278052
11506,3.506,0.278052
11507,3.507,0.278052
11508,3.508,0.278052
11509,3.509,0.278052
11510,3.51,0.278052
11511,3.511,0.278052
11512,3.512,0.278052
11513,3.513,0.278052
11514,3.514,0.278052
11515,3.515,0.278052
11516,3.516,0.278052
11517,3.517,0.278052
11518,3.518,0.278052
11519,3.519,0.278052
11520,3.52,0.278052
11521,3.521,0.278052
11522,3.522,0.278052
11523,3.523,0.278052
11524,3.524,0.278052
11525,3.525,0.278052
11526,3.526,0.278052
11527,3.527,0.278052
11528,3.528,0.278052
11529,3.529,0.278052
11530,3.53,0.278052
11531,3.531,0.278052
11532,3.532,0.278052
11533,3.533,0.278052
11534,3.534,0.278052
11535,3.535,0.278052
11536,3.536,0.278052
11537,3.537,0.278052
11538,3.538,0.278052
11539,3.539,0.278052
11540,3.54,0.278052
11541,3.541,0.278052
11542,3.542,0.278052
11543,3.543,0.278052
11544,3.544,0.278052
11545,3.545,0.278052
11546,3.546,0.278052
11547,3.547,0.278052
11548,3.548,0.278052
11549,3.549,0.278052
11550,3.55,0.278052
11551,3.551,0.278052
11552,3.552,0.278052
11553,3.553,0.278052
11554,3.554,0.278052
11555,3.555,0.278052
11556,3.556,0.278052
11557,3.557,0.278052
11558,3.558,0.278052
11559,3.559,0.278052
11560,3.56,0.278052
11561,3.561,0.278052
11562,3.562,0.278052
11563,3.563,0.278052
11564,3.564,0.278052
11565,3.565,0.278052
11566,3.566,0.278052
11567,3.567,0.278052
11568,3.568,0.278052
11569,3.569,0.278052
11570,3.57,0.278052
11571,3.571,0.278052
11572,3.572,0.278052
11573,3.573,0.278052
11574,3.574,0.278052
11575,3.575,0.278052
11576,3.576,0.278052
11577,3.577,0.278052
11578,3.578,0.278052
11579,3.579,0.278052
11580,3.58,0.278052
11581,3.581,0.278052
11582,3.582,0.278052
11583,3.583,0.278052
11584,3.584,0.278052
11585,3.585,0.278052
11586,3.586,0.278052
11587,3.587,0.278052
11588,3.588,0.278052
11589,3.589,0.278052
11590,3.59,0.278052
11591,3.591,0.278052
11592,3.592,0.278052
11593,3.593,0.278052
11594,3.594,0.278052
11595,3.595,0.278052
11596,3.596,0.278052
11597,3.597,0.278052
11598,3.598,0.278052
11599,3.599,0.278052
11600,3.6,0.278052
11601,3.601,0.278052
11602,3.602,0.278052
11603,3.603,0.278052
11604,3.604,0.278052
11605,3.605,0.278052
11606,3.606,0.278052
11607,3.607,0.278052
11608,3.608,0.278052
11609,3.609,0.278052
11610,3.61,0.278052
11611,3.611,0.278052
11612,3.612,0.278052
11613,3.613,0.278052
11614,3.614,0.278052
11615,3.615,0.278052
11616,3.616,0.278052
11617,3.617,0.278052
11618,3.618,0.278052
11619,3.619,0.278052
11620,3.62,0.278052
11621,3.621,0.278052
11622,3.622,0.278052
11623,3.623,0.278052
11624,3.624,0.278052
11625,3.625,0.278052
11626,3.626,0.278052
11627,3.627,0.278052
11628,3.628,0.278052
11629,3.629,0.278052
11630,3.63,0.278052
11631,3.631,0.278052
11632,3.632,0.278052
11633,3.633,0.278052
11634,3.634,0.278052
11635,3.635,0.278052
11636,3.636,0.278052
11637,3.637,0.278052
11638,3.638,0.278052
11639,3.639,0.278052
11640,3.64,0.278052
11641,3.641,0.278052
11642,3.642,0.278052
11643,3.643,0.278052
11644,3.644,0.278052
11645,3.645,0.278052
11646,3.646,0.278052
11647,3.647,0.278052
11648,3.648,0.278052
11649,3.649,0.278052
11650,3.65,0.278052
11651,3.651,0.278052
11652,3.652,0.278052
11653,3.653,0.278052
11654,3.654,0.278052
11655,3.655,0.278052
11656,3.656,0.278052
11657,3.657,0.278052
11658,3.658,0.278052
11659,3.659,0.278052
11660,3.66,0.278052
11661,3.661,0.278052
11662,3.662,0.278052
11663,3.663,0.278052
11664,3.664,0.278052
11665,3.665,0.278052
11666,3.666,0.278052
11667,3.667,0.278052
11668,3.668,0.278052
11669,3.669,0.278052
11670,3.67,0.278052
11671,3.671,0.278052
11672,3.672,0.278052
11673,3.673,0.278052
11674,3.674,0.278052
11675,3.675,0.278052
11676,3.676,0.278052
11677,3.677,0.278052
11678,3.678,0.278052
11679,3.679,0.278052
11680,3.68,0.278052
11681,3.681,0.278052
11682,3.682,0.278052
11683,3.683,0.278052
11684,3.684,0.278052
11685,3.685,0.278052
11686,3.686,0.278052
11687,3.687,0.278052
11688,3.688,0.278052
11689,3.689,0.278052
11690,3.69,0.278052
11691,3.691,0.278052
11692,3.692,0.278052
11693,3.693,0.278052
11694,3.694,0.278052
11695,3.695,0.278052
11696,3.696,0.278052
11697,3.697,0.278052
11698,3.698,0.278052
11699,3.699,0.278052
11700,3.7,0.278052
11701,3.701,0.278052
11702,3.702,0.278052
11703,3.703,0.278052
11704,3.704,0.278052
11705,3.705,0.278052
11706,3.706,0.278052
11707,3.707,0.278052
11708,3.708,0.278052
11709,3.709,0.278052
11710,3.71,0.278052
11711,3.711,0.278052
11712,3.712,0.278052
11713,3.713,0.278052
11714,3.714,0.278052
11715,3.715,0.278052
11716,3.716,0.278052
11717,3.717,0.278052
11718,3.718,0.278052
11719,3.719,0.278052
11720,3.72,0.278052
11721,3.721,0.278052
11722,3.722,0.278052
11723,3.723,0.278052
11724,3.724,0.278052
11725,3.725,0.278052
11726,3.726,0.278052
11727,3.727,0.278052
11728,3.728,0.278052
11729,3.729,0.278052
11730,3.73,0.278052
11731,3.731,0.278052
11732,3.732,0.278052
11733,3.733,0.278052
11734,3.734,0.278052
11735,3.735,0.278052
11736,3.736,0.278052
11737,3.737,0.278052
11738,3.738,0.278052
11739,3.739,0.278052
11740,3.74,0.278052
11741,3.741,0.278052
11742,3.742,0.278052
11743,3.743,0.278052
11744,3.744,0.278052
11745,3.745,0.278052
11746,3.746,0.278052
11747,3.747,0.278052
11748,3.748,0.278052
11749,3.749,0.278052
11750,3.75,0.278052
11751,3.751,0.278052
11752,3.752,0.278052
11753,3.753,0.278052
11754,3.754,0.278052
11755,3.755,0.278052
11756,3.756,0.278052
11757,3.757,0.278052
11758,3.758,0.278052
11759,3.759,0.278052
11760,3.76,0.278052
11761,3.761,0.278052
11762,3.762,0.278052
11763,3.763,0.278052
11764,3.764,0.278052
11765,3.765,0.278052
11766,3.766,0.278052
11767,3.767,0.278052
11768,3.768,0.278052
11769,3.769,0.278052
11770,3.77,0.278052
11771,3.771,0.278052
11772,3.772,0.278052
11773,3.773,0.278052
11774,3.774,0.278052
11775,3.775,0.278052
11776,3.776,0.278052
11777,3.777,0.278052
11778,3.778,0.278052
11779,3.779,0.278052
11780,3.78,0.278052
11781,3.781,0.278052
11782,3.782,0.278052
11783,3.783,0.278052
11784,3.784,0.278052
11785,3.785,0.278052
11786,3.786,0.278052
11787,3.787,0.278052
11788,3.788,0.278052
11789,3.789,0.278052
11790,3.79,0.278052
11791,3.791,0.278052
11792,3.792,0.278052
11793,3.793,0.278052
11794,3.794,0.278052
11795,3.795,0.278052
11796,3.796,0.278052
11797,3.797,0.278052
11798,3.798,0.278052
11799,3.799,0.278052
11800,3.8,0.278052
11801,3.801,0.278052
11802,3.802,0.278052
11803,3.803,0.278052
11804,3.804,0.278052
11805,3.805,0.278052
11806,3.806,0.278052
11807,3.807,0.278052
11808,3.808,0.278052
11809,3.809,0.278052
11810,3.81,0.278052
11811,3.811,0.278052
11812,3.812,0.278052
11813,3.813,0.278052
11814,3.814,0.278052
11815,3.815,0.278052
11816,3.816,0.278052
11817,3.817,0.278052
11818,3.818,0.278052
11819,3.819,0.278052
11820,3.82,0.278052
11821,3.821,0.278052
11822,3.822,0.278052
11823,3.823,0.278052
11824,3.824,0.278052
11825,3.825,0.278052
11826,3.826,0.278052
11827,3.827,0.278052
11828,3.828,0.278052
11829,3.829,0.278052
11830,3.83,0.278052
11831,3.831,0.278052
11832,3.832,0.278052
11833,3.833,0.278052
11834,3.834,0.278052
11835,3.835,0.278052
11836,3.836,0.278052
11837,3.837,0.278052
11838,3.838,0.278052
11839,3.839,0.278052
11840,3.84,0.278052
11841,3.841,0.278052
11842,3.842,0.278052
11843,3.843,0.278052
11844,3.844,0.278052
11845,3.845,0.278052
11846,3.846,0.278052
11847,3.847,0.278052
11848,3.848,0.278052
11849,3.849,0.278052
11850,3.85,0.278052
11851,3.851,0.278052
11852,3.852,0.278052
11853,3.853,0.278052
11854,3.854,0.278052
11855,3.855,0.278052
11856,3.856,0.278052
11857,3.857,0.278052
11858,3.858,0.278052
11859,3.859,0.278052
11860,3.86,0.278052
11861,3.861,0.278052
11862,3.862,0.278052
11863,3.863,0.278052
11864,3.864,0.278052
11865,3.865,0.278052
11866,3.866,0.278052
11867,3.867,0.278052
11868,3.868,0.278052
11869,3.869,0.278052
11870,3.87,0.278052
11871,3.871,0.278052
11872,3.872,0.278052
11873,3.873,0.278052
11874,3.874,0.278052
11875,3.875,0.278052
11876,3.876,0.278052
11877,3.877,0.278052
11878,3.878,0.278052
11879,3.879,0.278052
11880,3.88,0.278052
11881,3.881,0.278052
11882,3.882,0.278052
11883,3.883,0.278052
11884,3.884,0.278052
11885,3.885,0.278052
11886,3.886,0.278052
11887,3.887,0.278052
11888,3.888,0.278052
11889,3.889,0.278052
11890,3.89,0.278052
11891,3.891,0.278052
11892,3.892,0.278052
11893,3.893,0.278052
11894,3.894,0.278052
11895,3.895,0.278052
11896,3.896,0.278052
11897,3.897,0.278052
11898,3.898,0.278052
11899,3.899,0.278052
11900,3.9,0.278052
11901,3.901,0.278052
11902,3.902,0.278052
11903,3.903,0.278052
11904,3.904,0.278052
11905,3.905,0.278052
11906,3.906,0.278052
11907,3.907,0.278052
11908,3.908,0.278052
11909,3.909,0.278052
11910,3.91,0.278052
11911,3.911,0.278052
11912,3.912,0.278052
11913,3.913,0.278052
11914,3.914,0.278052
11915,3.915,0.278052
11916,3.916,0.278052
11917,3.917,0.278052
11918,3.918,0.278052
11919,3.919,0.278052
11920,3.92,0.278052
11921,3.921,0.278052
11922,3.922,0.278052
11923,3.923,0.278052
11924,3.924,0.278052
11925,3.925,0.278052
11926,3.926,0.278052
11927,3.927,0.278052
11928,3.928,0.278052
11929,3.929,0.278052
11930,3.93,0.278052
11931,3.931,0.278052
11932,3.932,0.278052
11933,3.933,0.278052
11934,3.934,0.278052
11935,3.935,0.278052
11936,3.936,0.278052
11937,3.937,0.278052
11938,3.938,0.278052
11939,3.939,0.278052
11940,3.94,0.278052
11941,3.941,0.278052
11942,3.942,0.278052
11943,3.943,0.278052
11944,3.944,0.278052
11945,3.945,0.278052
11946,3.946,0.278052
11947,3.947,0.278052
11948,3.948,0.278052
11949,3.949,0.278052
11950,3.95,0.278052
11951,3.951,0.278052
11952,3.952,0.278052
11953,3.953,0.278052
11954,3.954,0.278052
11955,3.955,0.278052
11956,3.956,0.278052
11957,3.957,0.278052
11958,3.958,0.278052
11959,3.959,0.278052
11960,3.96,0.278052
11961,3.961,0.278052
11962,3.962,0.278052
11963,3.963,0.278052
11964,3.964,0.278052
11965,3.965,0.278052
11966,3.966,0.278052
11967,3.967,0.278052
11968,3.968,0.278052
11969,3.969,0.278052
11970,3.97,0.278052
11971,3.971,0.278052
11972,3.972,0.278052
11973,3.973,0.278052
11974,3.974,0.278052
11975,3.975,0.278052
11976,3.976,0.278052
11977,3.977,0.278052
11978,3.978,0.278052
11979,3.979,0.278052
11980,3.98,0.278052
11981,3.981,0.278052
11982,3.982,0.278052
11983,3.983,0.278052
11984,3.984,0.278052
11985,3.985,0.278052
11986,3.986,0.278052
11987,3.987,0.278052
11988,3.988,0.278052
11989,3.989,0.278052
11990,3.99,0.278052
11991,3.991,0.278052
11992,3.992,0.278052
11993,3.993,0.278052
11994,3.994,0.278052
11995,3.995,0.278052
11996,3.996,0.278052
11997,3.997,0.278052
11998,3.998,0.278052
11999,3.999,0.278052
12000,4,0.278052
12001,4.001,0.278052
12002,4.002,0.278052
12003,4.003,0.278052
12004,4.004,0.278052
12005,4.005,0.278052
12006,4.006,0.278052
12007,4.007,0.278052
12008,4.008,0.278052
12009,4.009,0.278052
12010,4.01,0.278052
12011,4.011,0.278052
12012,4.012,0.278052
12013,4.013,0.278052
12014,4.014,0.278052
12015,4.015,0.278052
12016,4.016,0.278052
12017,4.017,0.278052
12018,4.018,0.278052
12019,4.019,0.278052
12020,4.02,0.278052
12021,4.021,0.278052
12022,4.022,0.278052
12023,4.023,0.278052
12024,4.024,0.278052
12025,4.025,0.278052
12026,4.026,0.278052
12027,4.027,0.278052
12028,4.028,0.278052
12029,4.029,0.278052
12030,4.03,0.278052
12031,4.031,0.278052
12032,4.032,0.278052
12033,4.033,0.278052
12034,4.034,0.278052
12035,4.035,0.278052
12036,4.036,0.278052
12037,4.037,0.278052
12038,4.038,0.278052
12039,4.039,0.278052
12040,4.04,0.278052
12041,4.041,0.278052
12042,4.042,0.278052
12043,4.043,0.278052
12044,4.044,0.278052
12045,4.045,0.278052
12046,4.046,0.278052
12047,4.047,0.278052
12048,4.048,0.278052
12049,4.049,0.278052
12050,4.05,0.278052
12051,4.051,0.278052
12052,4.052,0.278052
12053,4.053,0.278052
12054,4.054,0.278052
12055,4.055,0.278052
12056,4.056,0.278052
12057,4.057,0.278052
12058,4.058,0.278052
12059,4.059,0.278052
12060,4.06,0.278052
12061,4.061,0.278052
12062,4.062,0.278052
12063,4.063,0.278052
12064,4.064,0.278052
12065,4.065,0.278052
12066,4.066,0.278052
12067,4.067,0.278052
12068,4.068,0.278052
12069,4.069,0.278052
12070,4.07,0.278052
12071,4.071,0.278052
12072,4.072,0.278052
12073,4.073,0.278052
12074,4.074,0.278052
12075,4.075,0.278052
12076,4.076,0.278052
12077,4.077,0.278052
12078,4.078,0.278052
12079,4.079,0.278052
12080,4.08,0.278052
12081,4.081,0.278052
12082,4.082,0.278052
12083,4.083,0.278052
12084,4.084,0.278052
12085,4.085,0.278052
12086,4.086,0.278052
12087,4.087,0.278052
12088,4.088,0.278052
12089,4.089,0.278052
12090,4.09,0.278052
12091,4.091,0.278052
12092,4.092,0.278052
12093,4.093,0.278052
12094,4.094,0.278052
12095,4.095,0.278052
12096,4.096,0.278052
12097,4.097,0.278052
12098,4.098,0.278052
12099,4.099,0.278052
12100,4.1,0.278052
12101,4.101,0.278052
12102,4.102,0.278052
12103,4.103,0.278052
12104,4.104,0.278052
12105,4.105,0.278052
12106,4.106,0.278052
12107,4.107,0.278052
12108,4.108,0.278052
12109,4.109,0.278052
12110,4.11,0.278052
12111,4.111,0.278052
12112,4.112,0.278052
12113,4.113,0.278052
12114,4.114,0.278052
12115,4.115,0.278052
12116,4.116,0.278052
12117,4.117,0.278052
12118,4.118,0.278052
12119,4.119,0.278052
12120,4.12,0.278052
12121,4.121,0.278052
12122,4.122,0.278052
12123,4.123,0.278052
12124,4.124,0.278052
12125,4.125,0.278052
12126,4.126,0.278052
12127,4.127,0.278052
12128,4.128,0.278052
12129,4.129,0.278052
12130,4.13,0.278052
12131,4.131,0.278052
12132,4.132,0.278052
12133,4.133,0.278052
12134,4.134,0.278052
12135,4.135,0.278052
12136,4.136,0.278052
12137,4.137,0.278052
12138,4.138,0.278052
12139,4.139,0.278052
12140,4.14,0.278052
12141,4.141,0.278052
12142,4.142,0.278052
12143,4.143,0.278052
12144,4.144,0.278052
12145,4.145,0.278052
12146,4.146,0.278052
12147,4.147,0.278052
12148,4.148,0.278052
12149,4.149,0.278052
12150,4.15,0.278052
12151,4.151,0.278052
12152,4.152,0.278052
12153,4.153,0.278052
12154,4.154,0.278052
12155,4.155,0.278052
12156,4.156,0.278052
12157,4.157,0.278052
12158,4.158,0.278052
12159,4.159,0.278052
12160,4.16,0.278052
12161,4.161,0.278052
12162,4.162,0.278052
12163,4.163,0.278052
12164,4.164,0.278052
12165,4.165,0.278052
12166,4.166,0.278052
12167,4.167,0.278052
12168,4.168,0.278052
12169,4.169,0.278052
12170,4.17,0.278052
12171,4.171,0.278052
12172,4.172,0.278052
12173,4.173,0.278052
12174,4.174,0.278052
12175,4.175,0.278052
12176,4.176,0.278052
12177,4.177,0.278052
12178,4.178,0.278052
12179,4.179,0.278052
12180,4.18,0.278052
12181,4.181,0.278052
12182,4.182,0.278052
12183,4.183,0.278052
12184,4.184,0.278052
12185,4.185,0.278052
12186,4.186,0.278052
12187,4.187,0.278052
12188,4.188,0.278052
12189,4.189,0.278052
12190,4.19,0.278052
12191,4.191,0.278052
12192,4.192,0.278052
12193,4.193,0.278052
12194,4.194,0.278052
12195,4.195,0.278052
12196,4.196,0.278052
12197,4.197,0.278052
12198,4.198,0.278052
12199,4.199,0.278052
12200,4.2,0.278052
12201,4.201,0.278052
12202,4.202,0.278052
12203,4.203,0.278052
12204,4.204,0.278052
12205,4.205,0.278052
12206,4.206,0.278052
12207,4.207,0.278052
12208,4.208,0.278052
12209,4.209,0.278052
12210,4.21,0.278052
12211,4.211,0.278052
12212,4.212,0.278052
12213,4.213,0.278052
12214,4.214,0.278052
12215,4.215,0.278052
12216,4.216,0.278052
12217,4.217,0.278052
12218,4.218,0.278052
12219,4.219,0.278052
12220,4.22,0.278052
12221,4.221,0.278052
12222,4.222,0.278052
12223,4.223,0.278052
12224,4.224,0.278052
12225,4.225,0.278052
12226,4.226,0.278052
12227,4.227,0.278052
12228,4.228,0.278052
12229,4.229,0.278052
12230,4.23,0.278052
12231,4.231,0.278052
12232,4.232,0.278052
12233,4.233,0.278052
12234,4.234,0.278052
12235,4.235,0.278052
12236,4.236,0.278052
12237,4.237,0.278052
12238,4.238,0.278052
12239,4.239,0.278052
12240,4.24,0.278052
12241,4.241,0.278052
12242,4.242,0.278052
12243,4.243,0.278052
12244,4.244,0.278052
12245,4.245,0.278052
12246,4.246,0.278052
12247,4.247,0.278052
12248,4.248,0.278052
12249,4.249,0.278052
12250,4.25,0.278052
12251,4.251,0.278052
12252,4.252,0.278052
12253,4.253,0.278052
12254,4.254,0.278052
12255,4.255,0.278052
12256,4.256,0.278052
12257,4.257,0.278052
12258,4.258,0.278052
12259,4.259,0.278052
12260,4.26,0.278052
12261,4.261,0.278052
12262,4.262,0.278052
12263,4.263,0.278052
12264,4.264,0.278052
12265,4.265,0.278052
12266,4.266,0.278052
12267,4.267,0.278052
12268,4.268,0.278052
12269,4.269,0.278052
12270,4.27,0.278052
12271,4.271,0.278052
12272,4.272,0.278052
12273,4.273,0.278052
12274,4.274,0.278052
12275,4.275,0.278052
12276,4.276,0.278052
12277,4.277,0.278052
12278,4.278,0.278052
12279,4.279,0.278052
12280,4.28,0.278052
12281,4.281,0.278052
12282,4.282,0.278052
12283,4.283,0.278052
12284,4.284,0.278052
12285,4.285,0.278052
12286,4.286,0.278052
12287,4.287,0.278052
12288,4.288,0.278052
12289,4.289,0.278052
12290,4.29,0.278052
12291,4.291,0.278052
12292,4.292,0.278052
12293,4.293,0.278052
12294,4.294,0.278052
12295,4.295,0.278052
12296,4.296,0.278052
12297,4.297,0.278052
12298,4.298,0.278052
12299,4.299,0.278052
12300,4.3,0.278052
12301,4.301,0.278052
12302,4.302,0.278052
12303,4.303,0.278052
12304,4.304,0.278052
12305,4.305,0.278052
12306,4.306,0.278052
12307,4.307,0.278052
12308,4.308,0.278052
12309,4.309,0.278052
12310,4.31,0.278052
12311,4.311,0.278052
12312,4.312,0.278052
12313,4.313,0.278052
12314,4.314,0.278052
12315,4.315,0.278052
12316,4.316,0.278052
12317,4.317,0.278052
12318,4.318,0.278052
12319,4.319,0.278052
12320,4.32,0.278052
12321,4.321,0.278052
12322,4.322,0.278052
12323,4.323,0.278052
12324,4.324,0.278052
12325,4.325,0.278052
12326,4.326,0.278052
12327,4.327,0.278052
12328,4.328,0.278052
12329,4.329,0.278052
12330,4.33,0.278052
12331,4.331,0.278052
12332,4.332,0.278052
12333,4.333,0.278052
12334,4.334,0.278052
12335,4.335,0.278052
12336,4.336,0.278052
12337,4.337,0.278052
12338,4.338,0.278052
12339,4.339,0.278052
12340,4.34,0.278052
12341,4.341,0.278052
12342,4.342,0.278052
12343,4.343,0.278052
12344,4.344,0.278052
12345,4.345,0.278052
12346,4.346,0.278052
12347,4.347,0.278052
12348,4.348,0.278052
12349,4.349,0.278052
12350,4.35,0.278052
12351,4.351,0.278052
12352,4.352,0.278052
12353,4.353,0.278052
12354,4.354,0.278052
12355,4.355,0.278052
12356,4.356,0.278052
12357,4.357,0.278052
12358,4.358,0.278052
12359,4.359,0.278052
12360,4.36,0.278052
12361,4.361,0.278052
12362,4.362,0.278052
12363,4.363,0.278052
12364,4.364,0.278052
12365,4.365,0.278052
12366,4.366,0.278052
12367,4.367,0.278052
12368,4.368,0.278052
12369,4.369,0.278052
12370,4.37,0.278052
12371,4.371,0.278052
12372,4.372,0.278052
12373,4.373,0.278052
12374,4.374,0.278052
12375,4.375,0.278052
12376,4.376,0.278052
12377,4.377,0.278052
12378,4.378,0.278052
12379,4.379,0.278052
12380,4.38,0.278052
12381,4.381,0.278052
12382,4.382,0.278052
12383,4.383,0.278052
12384,4.384,0.278052
12385,4.385,0.278052
12386,4.386,0.278052
12387,4.387,0.278052
12388,4.388,0.278052
12389,4.389,0.278052
12390,4.39,0.278052
12391,4.391,0.278052
12392,4.392,0.278052
12393,4.393,0.278052
12394,4.394,0.278052
12395,4.395,0.278052
12396,4.396,0.278052
12397,4.397,0.278052
12398,4.398,0.278052
12399,4.399,0.278052
12400,4.4,0.278052
12401,4.401,0.278052
12402,4.402,0.278052
12403,4.403,0.278052
12404,4.404,0.278052
12405,4.405,0.278052
12406,4.406,0.278052
12407,4.407,0.278052
12408,4.408,0.278052
12409,4.409,0.278052
12410,4.41,0.278052
12411,4.411,0.278052
12412,4.412,0.278052
12413,4.413,0.278052
12414,4.414,0.278052
12415,4.415,0.278052
12416,4.416,0.278052
12417,4.417,0.278052
12418,4.418,0.278052
12419,4.419,0.278052
12420,4.42,0.278052
12421,4.421,0.278052
12422,4.422,0.278052
12423,4.423,0.278052
12424,4.424,0.278052
12425,4.425,0.278052
12426,4.426,0.278052
12427,4.427,0.278052
12428,4.428,0.278052
12429,4.429,0.278052
12430,4.43,0.278052
12431,4.431,0.278052
12432,4.432,0.278052
12433,4.433,0.278052
12434,4.434,0.278052
12435,4.435,0.278052
12436,4.436,0.278052
12437,4.437,0.278052
12438,4.438,0.278052
12439,4.439,0.278052
12440,4.44,0.278052
12441,4.441,0.278052
12442,4.442,0.278052
12443,4.443,0.278052
12444,4.444,0.278052
12445,4.445,0.278052
12446,4.446,0.278052
12447,4.447,0.278052
12448,4.448,0.278052
12449,4.449,0.278052
12450,4.45,0.278052
12451,4.451,0.278052
12452,4.452,0.278052
12453,4.453,0.278052
12454,4.454,0.278052
12455,4.455,0.278052
12456,4.456,0.278052
12457,4.457,0.278052
12458,4.458,0.278052
12459,4.459,0.278052
12460,4.46,0.278052
12461,4.461,0.278052
12462,4.462,0.278052
12463,4.463,0.278052
12464,4.464,0.278052
12465,4.465,0.278052
12466,4.466,0.278052
12467,4.467,0.278052
12468,4.468,0.278052
12469,4.469,0.278052
12470,4.47,0.278052
12471,4.471,0.278052
12472,4.472,0.278052
12473,4.473,0.278052
12474,4.474,0.278052
12475,4.475,0.278052
12476,4.476,0.278052
12477,4.477,0.278052
12478,4.478,0.278052
12479,4.479,0.278052
12480,4.48,0.278052
12481,4.481,0.278052
12482,4.482,0.278052
12483,4.483,0.278052
12484,4.484,0.278052
12485,4.485,0.278052
12486,4.486,0.278052
12487,4.487,0.278052
12488,4.488,0.278052
12489,4.489,0.278052
12490,4.49,0.278052
12491,4.491,0.278052
12492,4.492,0.278052
12493,4.493,0.278052
12494,4.494,0.278052
12495,4.495,0.278052
12496,4.496,0.278052
12497,4.497,0.278052
12498,4.498,0.278052
12499,4.499,0.278052
12500,4.5,0.278052
12501,4.501,0.278052
12502,4.502,0.278052
12503,4.503,0.278052
12504,4.504,0.278052
12505,4.505,0.278052
12506,4.506,0.278052
12507,4.507,0.278052
12508,4.508,0.278052
12509,4.509,0.278052
12510,4.51,0.278052
12511,4.511,0.278052
12512,4.512,0.278052
12513,4.513,0.278052
12514,4.514,0.278052
12515,4.515,0.278052
12516,4.516,0.278052
12517,4.517,0.278052
12518,4.518,0.278052
12519,4.519,0.278052
12520,4.52,0.278052
12521,4.521,0.278052
12522,4.522,0.278052
12523,4.523,0.278052
12524,4.524,0.278052
12525,4.525,0.278052
12526,4.526,0.278052
12527,4.527,0.278052
12528,4.528,0.278052
12529,4.529,0.278052
12530,4.53,0.278052
12531,4.531,0.278052
12532,4.532,0.278052
12533,4.533,0.278052
12534,4.534,0.278052
12535,4.535,0.278052
12536,4.536,0.278052
12537,4.537,0.278052
12538,4.538,0.278052
12539,4.539,0.278052
12540,4.54,0.278052
12541,4.541,0.278052
12542,4.542,0.278052
12543,4.543,0.278052
12544,4.544,0.278052
12545,4.545,0.278052
12546,4.546,0.278052
12547,4.547,0.278052
12548,4.548,0.278052
12549,4.549,0.278052
12550,4.55,0.278052
12551,4.551,0.278052
12552,4.552,0.278052
12553,4.553,0.278052
12554,4.554,0.278052
12555,4.555,0.278052
12556,4.556,0.278052
12557,4.557,0.278052
12558,4.558,0.278052
12559,4.559,0.278052
12560,4.56,0.278052
12561,4.561,0.278052
12562,4.562,0.278052
12563,4.563,0.278052
12564,4.564,0.278052
12565,4.565,0.278052
12566,4.566,0.278052
12567,4.567,0.278052
12568,4.568,0.278052
12569,4.569,0.278052
12570,4.57,0.278052
12571,4.571,0.278052
12572,4.572,0.278052
12573,4.573,0.278052
12574,4.574,0.278052
12575,4.575,0.278052
12576,4.576,0.278052
12577,4.577,0.278052
12578,4.578,0.278052
12579,4.579,0.278052
12580,4.58,0.278052
12581,4.581,0.278052
12582,4.582,0.278052
12583,4.583,0.278052
12584,4.584,0.278052
12585,4.585,0.278052
12586,4.586,0.278052
12587,4.587,0.278052
12588,4.588,0.278052
12589,4.589,0.278052
12590,4.59,0.278052
12591,4.591,0.278052
12592,4.592,0.278052
12593,4.593,0.278052
12594,4.594,0.278052
12595,4.595,0.278052
12596,4.596,0.278052
12597,4.597,0.278052
12598,4.598,0.278052
12599,4.599,0.278052
12600,4.6,0.278052
12601,4.601,0.278052
12602,4.602,0.278052
12603,4.603,0.278052
12604,4.604,0.278052
12605,4.605,0.278052
12606,4.606,0.278052
12607,4.607,0.278052
12608,4.608,0.278052
12609,4.609,0.278052
12610,4.61,0.278052
12611,4.611,0.278052
12612,4.612,0.278052
12613,4.613,0.278052
12614,4.614,0.278052
12615,4.615,0.278052
12616,4.616,0.278052
12617,4.617,0.278052
12618,4.618,0.278052
12619,4.619,0.278052
12620,4.62,0.278052
12621,4.621,0.278052
12622,4.622,0.278052
12623,4.623,0.278052
12624,4.624,0.278052
12625,4.625,0.278052
12626,4.626,0.278052
12627,4.627,0.278052
12628,4.628,0.278052
12629,4.629,0.278052
12630,4.63,0.278052
12631,4.631,0.278052
12632,4.632,0.278052
12633,4.633,0.278052
12634,4.634,0.278052
12635,4.635,0.278052
12636,4.636,0.278052
12637,4.637,0.278052
12638,4.638,0.278052
12639,4.639,0.278052
12640,4.64,0.278052
12641,4.641,0.278052
12642,4.642,0.278052
12643,4.643,0.278052
12644,4.644,0.278052
12645,4.645,0.278052
12646,4.646,0.278052
12647,4.647,0.278052
12648,4.648,0.278052
12649,4.649,0.278052
12650,4.65,0.278052
12651,4.651,0.278052
12652,4.652,0.278052
12653,4.653,0.278052
12654,4.654,0.278052
12655,4.655,0.278052
12656,4.656,0.278052
12657,4.657,0.278052
12658,4.658,0.278052
12659,4.659,0.278052
12660,4.66,0.278052
12661,4.661,0.278052
12662,4.662,0.278052
12663,4.663,0.278052
12664,4.664,0.278052
12665,4.665,0.278052
12666,4.666,0.278052
12667,4.667,0.278052
12668,4.668,0.278052
12669,4.669,0.278052
12670,4.67,0.278052
12671,4.671,0.278052
12672,4.672,0.278052
12673,4.673,0.278052
12674,4.674,0.278052
12675,4.675,0.278052
12676,4.676,0.278052
12677,4.677,0.278052
12678,4.678,0.278052
12679,4.679,0.278052
12680,4.68,0.278052
12681,4.681,0.278052
12682,4.682,0.278052
12683,4.683,0.278052
12684,4.684,0.278052
12685,4.685,0.278052
12686,4.686,0.278052
12687,4.687,0.278052
12688,4.688,0.278052
12689,4.689,0.278052
12690,4.69,0.278052
12691,4.691,0.278052
12692,4.692,0.278052
12693,4.693,0.278052
12694,4.694,0.278052
12695,4.695,0.278052
12696,4.696,0.278052
12697,4.697,0.278052
12698,4.698,0.278052
12699,4.699,0.278052
12700,4.7,0.278052
12701,4.701,0.278052
12702,4.702,0.278052
12703,4.703,0.278052
12704,4.704,0.278052
12705,4.705,0.278052
12706,4.706,0.278052
12707,4.707,0.278052
12708,4.708,0.278052
12709,4.709,0.278052
12710,4.71,0.278052
12711,4.711,0.278052
12712,4.712,0.278052
12713,4.713,0.278052
12714,4.714,0.278052
12715,4.715,0.278052
12716,4.716,0.278052
12717,4.717,0.278052
12718,4.718,0.278052
12719,4.719,0.278052
12720,4.72,0.278052
12721,4.721,0.278052
12722,4.722,0.278052
12723,4.723,0.278052
12724,4.724,0.278052
12725,4.725,0.278052
12726,4.726,0.278052
12727,4.727,0.278052
12728,4.728,0.278052
12729,4.729,0.278052
12730,4.73,0.278052
12731,4.731,0.278052
12732,4.732,0.278052
12733,4.733,0.278052
12734,4.734,0.278052
12735,4.735,0.278052
12736,4.736,0.278052
12737,4.737,0.278052
12738,4.738,0.278052
12739,4.739,0.278052
12740,4.74,0.278052
12741,4.741,0.278052
12742,4.742,0.278052
12743,4.743,0.278052
12744,4.744,0.278052
12745,4.745,0.278052
12746,4.746,0.278052
12747,4.747,0.278052
12748,4.748,0.278052
12749,4.749,0.278052
12750,4.75,0.278052
12751,4.751,0.278052
12752,4.752,0.278052
12753,4.753,0.278052
12754,4.754,0.278052
12755,4.755,0.278052
12756,4.756,0.278052
12757,4.757,0.278052
12758,4.758,0.278052
12759,4.759,0.278052
12760,4.76,0.278052
12761,4.761,0.278052
12762,4.762,0.278052
12763,4.763,0.278052
12764,4.764,0.278052
12765,4.765,0.278052
12766,4.766,0.278052
12767,4.767,0.278052
12768,4.768,0.278052
12769,4.769,0.278052
12770,4.77,0.278052
12771,4.771,0.278052
12772,4.772,0.278052
12773,4.773,0.278052
12774,4.774,0.278052
12775,4.775,0.278052
12776,4.776,0.278052
12777,4.777,0.278052
12778,4.778,0.278052
12779,4.779,0.278052
12780,4.78,0.278052
12781,4.781,0.278052
12782,4.782,0.278052
12783,4.783,0.278052
12784,4.784,0.278052
12785,4.785,0.278052
12786,4.786,0.278052
12787,4.787,0.278052
12788,4.788,0.278052
12789,4.789,0.278052
12790,4.79,0.278052
12791,4.791,0.278052
12792,4.792,0.279791
12793,4.793,0.255447
12794,4.794,0.25023
12795,4.795,0.25023
12796,4.796,0.25023
12797,4.797,0.25023
12798,4.798,0.25023
12799,4.799,0.25023
12800,4.8,0.25023
12801,4.801,0.25023
12802,4.802,0.25023
12803,4.803,0.25023
12804,4.804,0.25023
12805,4.805,0.25023
12806,4.806,0.25023
12807,4.807,0.25023
12808,4.808,0.25023
12809,4.809,0.25023
12810,4.81,0.25023
12811,4.811,0.25023
12812,4.812,0.25023
12813,4.813,0.25023
12814,4.814,0.25023
12815,4.815,0.25023
12816,4.816,0.25023
12817,4.817,0.25023
12818,4.818,0.25023
12819,4.819,0.25023
12820,4.82,0.25023
12821,4.821,0.25023
12822,4.822,0.25023
12823,4.823,0.25023
12824,4.824,0.25023
12825,4.825,0.25023
12826,4.826,0.25023
12827,4.827,0.25023
12828,4.828,0.25023
12829,4.829,0.25023
12830,4.83,0.25023
12831,4.831,0.25023
12832,4.832,0.25023
12833,4.833,0.25023
12834,4.834,0.25023
12835,4.835,0.25023
12836,4.836,0.25023
12837,4.837,0.25023
12838,4.838,0.25023
12839,4.839,0.25023
12840,4.84,0.25023
12841,4.841,0.25023
12842,4.842,0.25023
12843,4.843,0.25023
12844,4.844,0.25023
12845,4.845,0.25023
12846,4.846,0.25023
12847,4.847,0.25023
12848,4.848,0.25023
12849,4.849,0.25023
12850,4.85,0.25023
12851,4.851,0.25023
12852,4.852,0.25023
12853,4.853,0.25023
12854,4.854,0.25023
12855,4.855,0.25023
12856,4.856,0.25023
12857,4.857,0.25023
12858,4.858,0.25023
12859,4.859,0.25023
12860,4.86,0.25023
12861,4.861,0.25023
12862,4.862,0.25023
12863,4.863,0.25023
12864,4.864,0.25023
12865,4.865,0.25023
12866,4.866,0.25023
12867,4.867,0.25023
12868,4.868,0.25023
12869,4.869,0.25023
12870,4.87,0.25023
12871,4.871,0.25023
12872,4.872,0.25023
12873,4.873,0.25023
12874,4.874,0.25023
12875,4.875,0.25023
12876,4.876,0.25023
12877,4.877,0.25023
12878,4.878,0.25023
12879,4.879,0.25023
12880,4.88,0.25023
12881,4.881,0.25023
12882,4.882,0.25023
12883,4.883,0.25023
12884,4.884,0.25023
12885,4.885,0.25023
12886,4.886,0.25023
12887,4.887,0.25023
12888,4.888,0.25023
12889,4.889,0.25023
12890,4.89,0.25023
12891,4.891,0.25023
12892,4.892,0.25023
12893,4.893,0.25023
12894,4.894,0.25023
12895,4.895,0.25023
12896,4.896,0.25023
12897,4.897,0.25023
12898,4.898,0.25023
12899,4.899,0.25023
12900,4.9,0.25023
12901,4.901,0.25023
12902,4.902,0.25023
12903,4.903,0.25023
12904,4.904,0.25023
12905,4.905,0.25023
12906,4.906,0.25023
12907,4.907,0.25023
12908,4.908,0.25023
12909,4.909,0.25023
12910,4.91,0.25023
12911,4.911,0.25023
12912,4.912,0.25023
12913,4.913,0.25023
12914,4.914,0.25023
12915,4.915,0.25023
12916,4.916,0.25023
12917,4.917,0.25023
12918,4.918,0.25023
12919,4.919,0.25023
12920,4.92,0.25023
12921,4.921,0.25023
12922,4.922,0.25023
12923,4.923,0.25023
12924,4.924,0.25023
12925,4.925,0.25023
12926,4.926,0.25023
12927,4.927,0.25023
12928,4.928,0.25023
12929,4.929,0.25023
12930,4.93,0.25023
12931,4.931,0.25023
12932,4.932,0.25023
12933,4.933,0.25023
12934,4.934,0.25023
12935,4.935,0.25023
12936,4.936,0.25023
12937,4.937,0.25023
12938,4.938,0.25023
12939,4.939,0.25023
12940,4.94,0.25023
12941,4.941,0.25023
12942,4.942,0.25023
12943,4.943,0.25023
12944,4.944,0.25023
12945,4.945,0.25023
12946,4.946,0.25023
12947,4.947,0.25023
12948,4.948,0.25023
12949,4.949,0.25023
12950,4.95,0.25023
12951,4.951,0.25023
12952,4.952,0.25023
12953,4.953,0.25023
12954,4.954,0.25023
12955,4.955,0.25023
12956,4.956,0.25023
12957,4.957,0.25023
12958,4.958,0.25023
12959,4.959,0.25023
12960,4.96,0.25023
12961,4.961,0.25023
12962,4.962,0.25023
12963,4.963,0.25023
12964,4.964,0.25023
12965,4.965,0.25023
12966,4.966,0.25023
12967,4.967,0.25023
12968,4.968,0.25023
12969,4.969,0.25023
12970,4.97,0.25023
12971,4.971,0.25023
12972,4.972,0.25023
12973,4.973,0.25023
12974,4.974,0.25023
12975,4.975,0.25023
12976,4.976,0.25023
12977,4.977,0.25023
12978,4.978,0.25023
12979,4.979,0.25023
12980,4.98,0.25023
12981,4.981,0.25023
12982,4.982,0.25023
12983,4.983,0.25023
12984,4.984,0.25023
12985,4.985,0.25023
12986,4.986,0.25023
12987,4.987,0.25023
12988,4.988,0.25023
12989,4.989,0.25023
12990,4.99,0.25023
12991,4.991,0.25023
12992,4.992,0.25023
12993,4.993,0.25023
12994,4.994,0.25023
12995,4.995,0.25023
12996,4.996,0.25023
12997,4.997,0.25023
12998,4.998,0.25023
12999,4.999,0.25023
13000,5,0.25023
13001,5.001,0.25023
13002,5.002,0.25023
13003,5.003,0.25023
13004,5.004,0.25023
13005,5.005,0.25023
13006,5.006,0.25023
13007,5.007,0.25023
13008,5.008,0.25023
13009,5.009,0.25023
13010,5.01,0.25023
13011,5.011,0.25023
13012,5.012,0.25023
13013,5.013,0.25023
13014,5.014,0.25023
13015,5.015,0.25023
13016,5.016,0.25023
13017,5.017,0.25023
13018,5.018,0.25023
13019,5.019,0.25023
13020,5.02,0.25023
13021,5.021,0.25023
13022,5.022,0.25023
13023,5.023,0.25023
13024,5.024,0.25023
13025,5.025,0.25023
13026,5.026,0.25023
13027,5.027,0.25023
13028,5.028,0.25023
13029,5.029,0.25023
13030,5.03,0.25023
13031,5.031,0.25023
13032,5.032,0.25023
13033,5.033,0.25023
13034,5.034,0.25023
13035,5.035,0.25023
13036,5.036,0.25023
13037,5.037,0.25023
13038,5.038,0.25023
13039,5.039,0.25023
13040,5.04,0.25023
13041,5.041,0.25023
13042,5.042,0.25023
13043,5.043,0.25023
13044,5.044,0.25023
13045,5.045,0.25023
13046,5.046,0.25023
13047,5.047,0.25023
13048,5.048,0.25023
13049,5.049,0.25023
13050,5.05,0.25023
13051,5.051,0.25023
13052,5.052,0.25023
13053,5.053,0.25023
13054,5.054,0.25023
13055,5.055,0.25023
13056,5.056,0.25023
13057,5.057,0.25023
13058,5.058,0.25023
13059,5.059,0.25023
13060,5.06,0.25023
13061,5.061,0.25023
13062,5.062,0.25023
13063,5.063,0.25023
13064,5.064,0.25023
13065,5.065,0.25023
13066,5.066,0.25023
13067,5.067,0.25023
13068,5.068,0.25023
13069,5.069,0.25023
13070,5.07,0.25023
13071,5.071,0.25023
13072,5.072,0.25023
13073,5.073,0.25023
13074,5.074,0.25023
13075,5.075,0.25023
13076,5.076,0.25023
13077,5.077,0.25023
13078,5.078,0.25023
13079,5.079,0.25023
13080,5.08,0.25023
13081,5.081,0.25023
13082,5.082,0.25023
13083,5.083,0.25023
13084,5.084,0.25023
13085,5.085,0.25023
13086,5.086,0.25023
13087,5.087,0.25023
13088,5.088,0.25023
13089,5.089,0.25023
13090,5.09,0.25023
13091,5.091,0.25023
13092,5.092,0.25023
13093,5.093,0.25023
13094,5.094,0.25023
13095,5.095,0.25023
13096,5.096,0.25023
13097,5.097,0.25023
13098,5.098,0.25023
13099,5.099,0.25023
13100,5.1,0.25023
13101,5.101,0.25023
13102,5.102,0.25023
13103,5.103,0.25023
13104,5.104,0.25023
13105,5.105,0.25023
13106,5.106,0.25023
13107,5.107,0.25023
13108,5.108,0.25023
13109,5.109,0.25023
13110,5.11,0.25023
13111,5.111,0.25023
13112,5.112,0.25023
13113,5.113,0.25023
13114,5.114,0.25023
13115,5.115,0.25023
13116,5.116,0.25023
13117,5.117,0.25023
13118,5.118,0.25023
13119,5.119,0.25023
13120,5.12,0.25023
13121,5.121,0.25023
13122,5.122,0.25023
13123,5.123,0.25023
13124,5.124,0.25023
13125,5.125,0.25023
13126,5.126,0.25023
13127,5.127,0.25023
13128,5.128,0.25023
13129,5.129,0.25023
13130,5.13,0.25023
13131,5.131,0.25023
13132,5.132,0.25023
13133,5.133,0.25023
13134,5.134,0.25023
13135,5.135,0.25023
13136,5.136,0.25023
13137,5.137,0.25023
13138,5.138,0.25023
13139,5.139,0.25023
13140,5.14,0.25023
13141,5.141,0.25023
13142,5.142,0.25023
13143,5.143,0.25023
13144,5.144,0.25023
13145,5.145,0.25023
13146,5.146,0.25023
13147,5.147,0.25023
13148,5.148,0.25023
13149,5.149,0.25023
13150,5.15,0.25023
13151,5.151,0.25023
13152,5.152,0.25023
13153,5.153,0.25023
13154,5.154,0.25023
13155,5.155,0.25023
13156,5.156,0.25023
13157,5.157,0.25023
13158,5.158,0.25023
13159,5.159,0.25023
13160,5.16,0.25023
13161,5.161,0.25023
13162,5.162,0.25023
13163,5.163,0.25023
13164,5.164,0.25023
13165,5.165,0.25023
13166,5.166,0.25023
13167,5.167,0.25023
13168,5.168,0.25023
13169,5.169,0.25023
13170,5.17,0.25023
13171,5.171,0.25023
13172,5.172,0.25023
13173,5.173,0.25023
13174,5.174,0.25023
13175,5.175,0.25023
13176,5.176,0.25023
13177,5.177,0.25023
13178,5.178,0.25023
13179,5.179,0.25023
13180,5.18,0.25023
13181,5.181,0.25023
13182,5.182,0.25023
13183,5.183,0.25023
13184,5.184,0.25023
13185,5.185,0.25023
13186,5.186,0.25023
13187,5.187,0.25023
13188,5.188,0.25023
13189,5.189,0.25023
13190,5.19,0.25023
13191,5.191,0.25023
13192,5.192,0.25023
13193,5.193,0.25023
13194,5.194,0.25023
13195,5.195,0.25023
13196,5.196,0.25023
13197,5.197,0.25023
13198,5.198,0.25023
13199,5.199,0.25023
13200,5.2,0.25023
13201,5.201,0.25023
13202,5.202,0.25023
13203,5.203,0.25023
13204,5.204,0.25023
13205,5.205,0.25023
13206,5.206,0.25023
13207,5.207,0.25023
13208,5.208,0.25023
13209,5.209,0.25023
13210,5.21,0.25023
13211,5.211,0.25023
13212,5.212,0.25023
13213,5.213,0.25023
13214,5.214,0.25023
13215,5.215,0.25023
13216,5.216,0.25023
13217,5.217,0.25023
13218,5.218,0.25023
13219,5.219,0.25023
13220,5.22,0.25023
13221,5.221,0.25023
13222,5.222,0.25023
13223,5.223,0.25023
13224,5.224,0.25023
13225,5.225,0.25023
13226,5.226,0.25023
13227,5.227,0.25023
13228,5.228,0.25023
13229,5.229,0.25023
13230,5.23,0.25023
13231,5.231,0.25023
13232,5.232,0.25023
13233,5.233,0.25023
13234,5.234,0.25023
13235,5.235,0.25023
13236,5.236,0.25023
13237,5.237,0.25023
13238,5.238,0.25023
13239,5.239,0.25023
13240,5.24,0.25023
13241,5.241,0.25023
13242,5.242,0.25023
13243,5.243,0.25023
13244,5.244,0.25023
13245,5.245,0.25023
13246,5.246,0.25023
13247,5.247,0.25023
13248,5.248,0.25023
13249,5.249,0.25023
13250,5.25,0.25023
13251,5.251,0.25023
13252,5.252,0.25023
13253,5.253,0.25023
13254,5.254,0.25023
13255,5.255,0.25023
13256,5.256,0.25023
13257,5.257,0.25023
13258,5.258,0.25023
13259,5.259,0.25023
13260,5.26,0.25023
13261,5.261,0.25023
13262,5.262,0.25023
13263,5.263,0.25023
13264,5.264,0.25023
13265,5.265,0.25023
13266,5.266,0.25023
13267,5.267,0.25023
13268,5.268,0.25023
13269,5.269,0.25023
13270,5.27,0.25023
13271,5.271,0.25023
13272,5.272,0.25023
13273,5.273,0.25023
13274,5.274,0.25023
13275,5.275,0.25023
13276,5.276,0.25023
13277,5.277,0.25023
13278,5.278,0.25023
13279,5.279,0.25023
13280,5.28,0.25023
13281,5.281,0.25023
13282,5.282,0.25023
13283,5.283,0.25023
13284,5.284,0.25023
13285,5.285,0.25023
13286,5.286,0.25023
13287,5.287,0.25023
13288,5.288,0.25023
13289,5.289,0.25023
13290,5.29,0.25023
13291,5.291,0.25023
13292,5.292,0.25023
13293,5.293,0.25023
13294,5.294,0.25023
13295,5.295,0.25023
13296,5.296,0.25023
13297,5.297,0.25023
13298,5.298,0.25023
13299,5.299,0.25023
13300,5.3,0.25023
13301,5.301,0.25023
13302,5.302,0.25023
13303,5.303,0.25023
13304,5.304,0.25023
13305,5.305,0.25023
13306,5.306,0.25023
13307,5.307,0.25023
13308,5.308,0.25023
13309,5.309,0.25023
13310,5.31,0.25023
13311,5.311,0.25023
13312,5.312,0.25023
13313,5.313,0.25023
13314,5.314,0.25023
13315,5.315,0.25023
13316,5.316,0.25023
13317,5.317,0.25023
13318,5.318,0.25023
13319,5.319,0.25023
13320,5.32,0.25023
13321,5.321,0.25023
13322,5.322,0.25023
13323,5.323,0.25023
13324,5.324,0.25023
13325,5.325,0.25023
13326,5.326,0.25023
13327,5.327,0.25023
13328,5.328,0.25023
13329,5.329,0.25023
13330,5.33,0.25023
13331,5.331,0.25023
13332,5.332,0.25023
13333,5.333,0.25023
13334,5.334,0.25023
13335,5.335,0.25023
13336,5.336,0.25023
13337,5.337,0.25023
13338,5.338,0.25023
13339,5.339,0.25023
13340,5.34,0.25023
13341,5.341,0.25023
13342,5.342,0.25023
13343,5.343,0.25023
13344,5.344,0.25023
13345,5.345,0.25023
13346,5.346,0.25023
13347,5.347,0.25023
13348,5.348,0.25023
13349,5.349,0.25023
13350,5.35,0.25023
13351,5.351,0.25023
13352,5.352,0.25023
13353,5.353,0.25023
13354,5.354,0.25023
13355,5.355,0.25023
13356,5.356,0.25023
13357,5.357,0.25023
13358,5.358,0.25023
13359,5.359,0.25023
13360,5.36,0.25023
13361,5.361,0.25023
13362,5.362,0.25023
13363,5.363,0.25023
13364,5.364,0.25023
13365,5.365,0.25023
13366,5.366,0.25023
13367,5.367,0.25023
13368,5.368,0.25023
13369,5.369,0.25023
13370,5.37,0.25023
13371,5.371,0.25023
13372,5.372,0.25023
13373,5.373,0.25023
13374,5.374,0.25023
13375,5.375,0.25023
13376,5.376,0.25023
13377,5.377,0.25023
13378,5.378,0.25023
13379,5.379,0.25023
13380,5.38,0.25023
13381,5.381,0.25023
13382,5.382,0.25023
13383,5.383,0.25023
13384,5.384,0.25023
13385,5.385,0.25023
13386,5.386,0.25023
13387,5.387,0.25023
13388,5.388,0.25023
13389,5.389,0.25023
13390,5.39,0.25023
13391,5.391,0.25023
13392,5.392,0.25023
13393,5.393,0.25023
13394,5.394,0.25023
13395,5.395,0.25023
13396,5.396,0.25023
13397,5.397,0.25023
13398,5.398,0.25023
13399,5.399,0.25023
13400,5.4,0.25023
13401,5.401,0.25023
13402,5.402,0.25023
13403,5.403,0.25023
13404,5.404,0.25023
13405,5.405,0.25023
13406,5.406,0.25023
13407,5.407,0.25023
13408,5.408,0.25023
13409,5.409,0.25023
13410,5.41,0.25023
13411,5.411,0.25023
13412,5.412,0.25023
13413,5.413,0.25023
13414,5.414,0.25023
13415,5.415,0.25023
13416,5.416,0.25023
13417,5.417,0.25023
13418,5.418,0.25023
13419,5.419,0.25023
13420,5.42,0.25023
13421,5.421,0.25023
13422,5.422,0.25023
13423,5.423,0.25023
13424,5.424,0.25023
13425,5.425,0.25023
13426,5.426,0.25023
13427,5.427,0.25023
13428,5.428,0.25023
13429,5.429,0.25023
13430,5.43,0.25023
13431,5.431,0.25023
13432,5.432,0.25023
13433,5.433,0.25023
13434,5.434,0.25023
13435,5.435,0.25023
13436,5.436,0.25023
13437,5.437,0.25023
13438,5.438,0.25023
13439,5.439,0.25023
13440,5.44,0.25023
13441,5.441,0.25023
13442,5.442,0.25023
13443,5.443,0.25023
13444,5.444,0.25023
13445,5.445,0.25023
13446,5.446,0.25023
13447,5.447,0.25023
13448,5.448,0.25023
13449,5.449,0.25023
13450,5.45,0.25023
13451,5.451,0.25023
13452,5.452,0.25023
13453,5.453,0.25023
13454,5.454,0.25023
13455,5.455,0.25023
13456,5.456,0.25023
13457,5.457,0.25023
13458,5.458,0.25023
13459,5.459,0.25023
13460,5.46,0.25023
13461,5.461,0.25023
13462,5.462,0.25023
13463,5.463,0.25023
13464,5.464,0.25023
13465,5.465,0.25023
13466,5.466,0.25023
13467,5.467,0.25023
13468,5.468,0.25023
13469,5.469,0.25023
13470,5.47,0.25023
13471,5.471,0.25023
13472,5.472,0.25023
13473,5.473,0.25023
13474,5.474,0.25023
13475,5.475,0.25023
13476,5.476,0.25023
13477,5.477,0.25023
13478,5.478,0.25023
13479,5.479,0.25023
13480,5.48,0.25023
13481,5.481,0.25023
13482,5.482,0.25023
13483,5.483,0.25023
13484,5.484,0.25023
13485,5.485,0.25023
13486,5.486,0.25023
13487,5.487,0.25023
13488,5.488,0.25023
13489,5.489,0.25023
13490,5.49,0.25023
13491,5.491,0.25023
13492,5.492,0.25023
13493,5.493,0.25023
13494,5.494,0.25023
13495,5.495,0.25023
13496,5.496,0.25023
13497,5.497,0.25023
13498,5.498,0.25023
13499,5.499,0.25023
13500,5.5,0.25023
13501,5.501,0.25023
13502,5.502,0.25023
13503,5.503,0.25023
13504,5.504,0.25023
13505,5.505,0.25023
13506,5.506,0.25023
13507,5.507,0.25023
13508,5.508,0.25023
13509,5.509,0.25023
13510,5.51,0.25023
13511,5.511,0.25023
13512,5.512,0.25023
13513,5.513,0.25023
13514,5.514,0.25023
13515,5.515,0.25023
13516,5.516,0.25023
13517,5.517,0.25023
13518,5.518,0.25023
13519,5.519,0.25023
13520,5.52,0.25023
13521,5.521,0.25023
13522,5.522,0.25023
13523,5.523,0.25023
13524,5.524,0.25023
13525,5.525,0.25023
13526,5.526,0.25023
13527,5.527,0.25023
13528,5.528,0.25023
13529,5.529,0.25023
13530,5.53,0.25023
13531,5.531,0.25023
13532,5.532,0.25023
13533,5.533,0.25023
13534,5.534,0.25023
13535,5.535,0.25023
13536,5.536,0.25023
13537,5.537,0.25023
13538,5.538,0.25023
13539,5.539,0.25023
13540,5.54,0.25023
13541,5.541,0.25023
13542,5.542,0.25023
13543,5.543,0.25023
13544,5.544,0.25023
13545,5.545,0.25023
13546,5.546,0.25023
13547,5.547,0.25023
13548,5.548,0.25023
13549,5.549,0.25023
13550,5.55,0.25023
13551,5.551,0.25023
13552,5.552,0.25023
13553,5.553,0.25023
13554,5.554,0.25023
13555,5.555,0.25023
13556,5.556,0.25023
13557,5.557,0.25023
13558,5.558,0.25023
13559,5.559,0.25023
13560,5.56,0.25023
13561,5.561,0.25023
13562,5.562,0.25023
13563,5.563,0.25023
13564,5.564,0.25023
13565,5.565,0.25023
13566,5.566,0.25023
13567,5.567,0.25023
13568,5.568,0.25023
13569,5.569,0.25023
13570,5.57,0.25023
13571,5.571,0.25023
13572,5.572,0.25023
13573,5.573,0.25023
13574,5.574,0.25023
13575,5.575,0.25023
13576,5.576,0.25023
13577,5.577,0.25023
13578,5.578,0.25023
13579,5.579,0.25023
13580,5.58,0.25023
13581,5.581,0.25023
13582,5.582,0.25023
13583,5.583,0.25023
13584,5.584,0.25023
13585,5.585,0.25023
13586,5.586,0.25023
13587,5.587,0.25023
13588,5.588,0.25023
13589,5.589,0.25023
13590,5.59,0.25023
13591,5.591,0.25023
13592,5.592,0.25023
13593,5.593,0.25023
13594,5.594,0.25023
13595,5.595,0.25023
13596,5.596,0.25023
13597,5.597,0.25023
13598,5.598,0.25023
13599,5.599,0.25023
13600,5.6,0.25023
13601,5.601,0.25023
13602,5.602,0.25023
13603,5.603,0.25023
13604,5.604,0.25023
13605,5.605,0.25023
13606,5.606,0.25023
13607,5.607,0.25023
13608,5.608,0.25023
13609,5.609,0.25023
13610,5.61,0.25023
13611,5.611,0.25023
13612,5.612,0.25023
13613,5.613,0.25023
13614,5.614,0.25023
13615,5.615,0.25023
13616,5.616,0.25023
13617,5.617,0.25023
13618,5.618,0.25023
13619,5.619,0.25023
13620,5.62,0.25023
13621,5.621,0.25023
13622,5.622,0.25023
13623,5.623,0.25023
13624,5.624,0.25023
13625,5.625,0.25023
13626,5.626,0.25023
13627,5.627,0.25023
13628,5.628,0.25023
13629,5.629,0.25023
13630,5.63,0.25023
13631,5.631,0.25023
13632,5.632,0.25023
13633,5.633,0.25023
13634,5.634,0.25023
13635,5.635,0.25023
13636,5.636,0.25023
13637,5.637,0.25023
13638,5.638,0.25023
13639,5.639,0.25023
13640,5.64,0.25023
13641,5.641,0.25023
13642,5.642,0.25023
13643,5.643,0.25023
13644,5.644,0.25023
13645,5.645,0.25023
13646,5.646,0.25023
13647,5.647,0.25023
13648,5.648,0.25023
13649,5.649,0.25023
13650,5.65,0.25023
13651,5.651,0.25023
13652,5.652,0.25023
13653,5.653,0.25023
13654,5.654,0.25023
13655,5.655,0.25023
13656,5.656,0.25023
13657,5.657,0.25023
13658,5.658,0.25023
13659,5.659,0.25023
13660,5.66,0.25023
13661,5.661,0.25023
13662,5.662,0.25023
13663,5.663,0.25023
13664,5.664,0.25023
13665,5.665,0.25023
13666,5.666,0.25023
13667,5.667,0.25023
13668,5.668,0.25023
13669,5.669,0.25023
13670,5.67,0.25023
13671,5.671,0.25023
13672,5.672,0.25023
13673,5.673,0.25023
13674,5.674,0.25023
13675,5.675,0.25023
13676,5.676,0.25023
13677,5.677,0.25023
13678,5.678,0.25023
13679,5.679,0.25023
13680,5.68,0.25023
13681,5.681,0.25023
13682,5.682,0.25023
13683,5.683,0.25023
13684,5.684,0.25023
13685,5.685,0.25023
13686,5.686,0.25023
13687,5.687,0.25023
13688,5.688,0.25023
13689,5.689,0.25023
13690,5.69,0.25023
13691,5.691,0.25023
13692,5.692,0.25023
13693,5.693,0.25023
13694,5.694,0.25023
13695,5.695,0.25023
13696,5.696,0.25023
13697,5.697,0.25023
13698,5.698,0.25023
13699,5.699,0.25023
13700,5.7,0.25023
13701,5.701,0.25023
13702,5.702,0.25023
13703,5.703,0.25023
13704,5.704,0.25023
13705,5.705,0.25023
13706,5.706,0.25023
13707,5.707,0.25023
13708,5.708,0.25023
13709,5.709,0.25023
13710,5.71,0.25023
13711,5.711,0.25023
13712,5.712,0.25023
13713,5.713,0.25023
13714,5.714,0.25023
13715,5.715,0.25023
13716,5.716,0.25023
13717,5.717,0.25023
13718,5.718,0.25023
13719,5.719,0.25023
13720,5.72,0.25023
13721,5.721,0.25023
13722,5.722,0.25023
13723,5.723,0.25023
13724,5.724,0.25023
13725,5.725,0.25023
13726,5.726,0.25023
13727,5.727,0.25023
13728,5.728,0.25023
13729,5.729,0.25023
13730,5.73,0.25023
13731,5.731,0.25023
13732,5.732,0.25023
13733,5.733,0.25023
13734,5.734,0.25023
13735,5.735,0.25023
13736,5.736,0.25023
13737,5.737,0.25023
13738,5.738,0.25023
13739,5.739,0.25023
13740,5.74,0.25023
13741,5.741,0.25023
13742,5.742,0.25023
13743,5.743,0.25023
13744,5.744,0.25023
13745,5.745,0.25023
13746,5.746,0.25023
13747,5.747,0.25023
13748,5.748,0.25023
13749,5.749,0.25023
13750,5.75,0.25023
13751,5.751,0.25023
13752,5.752,0.25023
13753,5.753,0.25023
13754,5.754,0.25023
13755,5.755,0.25023
13756,5.756,0.25023
13757,5.757,0.25023
13758,5.758,0.25023
13759,5.759,0.25023
13760,5.76,0.25023
13761,5.761,0.25023
13762,5.762,0.25023
13763,5.763,0.25023
13764,5.764,0.25023
13765,5.765,0.25023
13766,5.766,0.25023
13767,5.767,0.25023
13768,5.768,0.25023
13769,5.769,0.25023
13770,5.77,0.25023
13771,5.771,0.25023
13772,5.772,0.25023
13773,5.773,0.25023
13774,5.774,0.25023
13775,5.775,0.25023
13776,5.776,0.25023
13777,5.777,0.25023
13778,5.778,0.25023
13779,5.779,0.25023
13780,5.78,0.25023
13781,5.781,0.25023
13782,5.782,0.25023
13783,5.783,0.25023
13784,5.784,0.25023
13785,5.785,0.25023
13786,5.786,0.25023
13787,5.787,0.25023
13788,5.788,0.25023
13789,5.789,0.25023
13790,5.79,0.25023
13791,5.791,0.25023
13792,5.792,0.25023
13793,5.793,0.25023
13794,5.794,0.25023
13795,5.795,0.25023
13796,5.796,0.25023
13797,5.797,0.25023
13798,5.798,0.25023
13799,5.799,0.25023
13800,5.8,0.25023
13801,5.801,0.25023
13802,5.802,0.25023
13803,5.803,0.25023
13804,5.804,0.25023
13805,5.805,0.25023
13806,5.806,0.25023
13807,5.807,0.25023
13808,5.808,0.25023
13809,5.809,0.25023
13810,5.81,0.25023
13811,5.811,0.25023
13812,5.812,0.25023
13813,5.813,0.25023
13814,5.814,0.25023
13815,5.815,0.25023
13816,5.816,0.25023
13817,5.817,0.25023
13818,5.818,0.25023
13819,5.819,0.25023
13820,5.82,0.25023
13821,5.821,0.25023
13822,5.822,0.25023
13823,5.823,0.25023
13824,5.824,0.25023
13825,5.825,0.25023
13826,5.826,0.25023
13827,5.827,0.25023
13828,5.828,0.25023
13829,5.829,0.25023
13830,5.83,0.25023
13831,5.831,0.25023
13832,5.832,0.25023
13833,5.833,0.25023
13834,5.834,0.25023
13835,5.835,0.25023
13836,5.836,0.25023
13837,5.837,0.25023
13838,5.838,0.25023
13839,5.839,0.25023
13840,5.84,0.25023
13841,5.841,0.25023
13842,5.842,0.25023
13843,5.843,0.25023
13844,5.844,0.25023
13845,5.845,0.25023
13846,5.846,0.25023
13847,5.847,0.25023
13848,5.848,0.25023
13849,5.849,0.25023
13850,5.85,0.25023
13851,5.851,0.25023
13852,5.852,0.25023
13853,5.853,0.25023
13854,5.854,0.25023
13855,5.855,0.25023
13856,5.856,0.25023
13857,5.857,0.25023
13858,5.858,0.25023
13859,5.859,0.25023
13860,5.86,0.25023
13861,5.861,0.25023
13862,5.862,0.25023
13863,5.863,0.25023
13864,5.864,0.25023
13865,5.865,0.25023
13866,5.866,0.25023
13867,5.867,0.25023
13868,5.868,0.25023
13869,5.869,0.25023
13870,5.87,0.25023
13871,5.871,0.25023
13872,5.872,0.25023
13873,5.873,0.25023
13874,5.874,0.25023
13875,5.875,0.25023
13876,5.876,0.25023
13877,5.877,0.25023
13878,5.878,0.25023
13879,5.879,0.25023
13880,5.88,0.25023
13881,5.881,0.25023
13882,5.882,0.25023
13883,5.883,0.25023
13884,5.884,0.25023
13885,5.885,0.25023
13886,5.886,0.25023
13887,5.887,0.25023
13888,5.888,0.25023
13889,5.889,0.25023
13890,5.89,0.25023
13891,5.891,0.25023
13892,5.892,0.25023
13893,5.893,0.25023
13894,5.894,0.25023
13895,5.895,0.25023
13896,5.896,0.25023
13897,5.897,0.25023
13898,5.898,0.25023
13899,5.899,0.25023
13900,5.9,0.25023
13901,5.901,0.25023
13902,5.902,0.25023
13903,5.903,0.25023
13904,5.904,0.25023
13905,5.905,0.25023
13906,5.906,0.25023
13907,5.907,0.25023
13908,5.908,0.25023
13909,5.909,0.25023
13910,5.91,0.25023
13911,5.911,0.25023
13912,5.912,0.25023
13913,5.913,0.25023
13914,5.914,0.25023
13915,5.915,0.25023
13916,5.916,0.25023
13917,5.917,0.25023
13918,5.918,0.25023
13919,5.919,0.25023
13920,5.92,0.25023
13921,5.921,0.25023
13922,5.922,0.25023
13923,5.923,0.25023
13924,5.924,0.25023
13925,5.925,0.25023
13926,5.926,0.25023
13927,5.927,0.25023
13928,5.928,0.25023
13929,5.929,0.25023
13930,5.93,0.25023
13931,5.931,0.25023
13932,5.932,0.25023
13933,5.933,0.25023
13934,5.934,0.25023
13935,5.935,0.25023
13936,5.936,0.25023
13937,5.937,0.25023
13938,5.938,0.25023
13939,5.939,0.25023
13940,5.94,0.25023
13941,5.941,0.25023
13942,5.942,0.25023
13943,5.943,0.25023
13944,5.944,0.25023
13945,5.945,0.25023
13946,5.946,0.25023
13947,5.947,0.25023
13948,5.948,0.25023
13949,5.949,0.25023
13950,5.95,0.25023
13951,5.951,0.25023
13952,5.952,0.25023
13953,5.953,0.25023
13954,5.954,0.25023
13955,5.955,0.25023
13956,5.956,0.25023
13957,5.957,0.25023
13958,5.958,0.25023
13959,5.959,0.25023
13960,5.96,0.25023
13961,5.961,0.25023
13962,5.962,0.25023
13963,5.963,0.25023
13964,5.964,0.25023
13965,5.965,0.25023
13966,5.966,0.25023
13967,5.967,0.25023
13968,5.968,0.25023
13969,5.969,0.25023
13970,5.97,0.25023
13971,5.971,0.25023
13972,5.972,0.25023
13973,5.973,0.25023
13974,5.974,0.25023
13975,5.975,0.25023
13976,5.976,0.25023
13977,5.977,0.25023
13978,5.978,0.25023
13979,5.979,0.25023
13980,5.98,0.25023
13981,5.981,0.25023
13982,5.982,0.25023
13983,5.983,0.25023
13984,5.984,0.25023
13985,5.985,0.25023
13986,5.986,0.25023
13987,5.987,0.25023
13988,5.988,0.25023
13989,5.989,0.25023
13990,5.99,0.25023
13991,5.991,0.25023
13992,5.992,0.25023
13993,5.993,0.25023
13994,5.994,0.25023
13995,5.995,0.25023
13996,5.996,0.25023
13997,5.997,0.25023
13998,5.998,0.25023
13999,5.999,0.248491
14000,6,0.251969
14001,6.001,0.248491
14002,6.002,0.25023
14003,6.003,0.25023
14004,6.004,0.246752
14005,6.005,0.246752
14006,6.006,0.25023
14007,6.007,0.25023
14008,6.008,0.25023
14009,6.009,0.246752
14010,6.01,0.248491
14011,6.011,0.248491
14012,6.012,0.25023
14013,6.013,0.25023
14014,6.014,0.25023
14015,6.015,0.25023
14016,6.016,0.25023
14017,6.017,0.25023
14018,6.018,0.25023
14019,6.019,0.25023
14020,6.02,0.25023
14021,6.021,0.248491
14022,6.022,0.25023
14023,6.023,0.25023
14024,6.024,0.248491
14025,6.025,0.25023
14026,6.026,0.25023
14027,6.027,0.25023
14028,6.028,0.25023
14029,6.029,0.25023
14030,6.03,0.25023
14031,6.031,0.25023
14032,6.032,0.25023
14033,6.033,0.248491
14034,6.034,0.25023
14035,6.035,0.25023
14036,6.036,0.25023
14037,6.037,0.248491
14038,6.038,0.248491
14039,6.039,0.25023
14040,6.04,0.25023
14041,6.041,0.25023
14042,6.042,0.25023
14043,6.043,0.25023
14044,6.044,0.25023
14045,6.045,0.25023
14046,6.046,0.248491
14047,6.047,0.25023
14048,6.048,0.25023
14049,6.049,0.25023
14050,6.05,0.25023
14051,6.051,0.25023
14052,6.052,0.25023
14053,6.053,0.25023
14054,6.054,0.25023
14055,6.055,0.25023
14056,6.056,0.25023
14057,6.057,0.25023
14058,6.058,0.25023
14059,6.059,0.25023
14060,6.06,0.25023
14061,6.061,0.25023
14062,6.062,0.25023
14063,6.063,0.25023
14064,6.064,0.25023
14065,6.065,0.25023
14066,6.066,0.25023
14067,6.067,0.248491
14068,6.068,0.248491
14069,6.069,0.25023
14070,6.07,0.25023
14071,6.071,0.25023
14072,6.072,0.25023
14073,6.073,0.25023
14074,6.074,0.25023
14075,6.075,0.25023
14076,6.076,0.25023
14077,6.077,0.25023
14078,6.078,0.25023
14079,6.079,0.25023
14080,6.08,0.25023
14081,6.081,0.25023
14082,6.082,0.25023
14083,6.083,0.25023
14084,6.084,0.25023
14085,6.085,0.25023
14086,6.086,0.25023
14087,6.087,0.25023
14088,6.088,0.25023
14089,6.089,0.25023
14090,6.09,0.25023
14091,6.091,0.25023
14092,6.092,0.25023
14093,6.093,0.25023
14094,6.094,0.25023
14095,6.095,0.25023
14096,6.096,0.25023
14097,6.097,0.25023
14098,6.098,0.248491
14099,6.099,0.248491
14100,6.1,0.25023
14101,6.101,0.25023
14102,6.102,0.25023
14103,6.103,0.248491
14104,6.104,0.248491
14105,6.105,0.248491
14106,6.106,0.248491
14107,6.107,0.25023
14108,6.108,0.25023
14109,6.109,0.25023
14110,6.11,0.248491
14111,6.111,0.25023
14112,6.112,0.25023
14113,6.113,0.25023
14114,6.114,0.25023
14115,6.115,0.25023
14116,6.116,0.25023
14117,6.117,0.246752
14118,6.118,0.25023
14119,6.119,0.25023
14120,6.12,0.25023
14121,6.121,0.25023
14122,6.122,0.25023
14123,6.123,0.248491
14124,6.124,0.248491
14125,6.125,0.248491
14126,6.126,0.248491
14127,6.127,0.248491
14128,6.128,0.248491
14129,6.129,0.248491
14130,6.13,0.248491
14131,6.131,0.25023
14132,6.132,0.25023
14133,6.133,0.25023
14134,6.134,0.25023
14135,6.135,0.25023
14136,6.136,0.25023
14137,6.137,0.25023
14138,6.138,0.248491
14139,6.139,0.25023
14140,6.14,0.246752
14141,6.141,0.25023
14142,6.142,0.25023
14143,6.143,0.25023
14144,6.144,0.25023
14145,6.145,0.25023
14146,6.146,0.25023
14147,6.147,0.25023
14148,6.148,0.25023
14149,6.149,0.25023
14150,6.15,0.25023
14151,6.151,0.25023
14152,6.152,0.248491
14153,6.153,0.248491
14154,6.154,0.25023
14155,6.155,0.25023
14156,6.156,0.25023
14157,6.157,0.25023
14158,6.158,0.25023
14159,6.159,0.248491
14160,6.16,0.246752
14161,6.161,0.25023
14162,6.162,0.248491
14163,6.163,0.25023
14164,6.164,0.248491
14165,6.165,0.248491
14166,6.166,0.248491
14167,6.167,0.25023
14168,6.168,0.246752
14169,6.169,0.25023
14170,6.17,0.25023
14171,6.171,0.248491
14172,6.172,0.248491
14173,6.173,0.248491
14174,6.174,0.248491
14175,6.175,0.25023
14176,6.176,0.25023
14177,6.177,0.248491
14178,6.178,0.248491
14179,6.179,0.25023
14180,6.18,0.25023
14181,6.181,0.25023
14182,6.182,0.25023
14183,6.183,0.246752
14184,6.184,0.248491
14185,6.185,0.248491
14186,6.186,0.25023
14187,6.187,0.25023
14188,6.188,0.25023
14189,6.189,0.25023
14190,6.19,0.246752
14191,6.191,0.246752
14192,6.192,0.251969
14193,6.193,0.246752
14194,6.194,0.25023
14195,6.195,0.25023
14196,6.196,0.25023
14197,6.197,0.25023
14198,6.198,0.25023
14199,6.199,0.25023
14200,6.2,0.25023
14201,6.201,0.25023
14202,6.202,0.25023
14203,6.203,0.246752
14204,6.204,0.248491
14205,6.205,0.248491
14206,6.206,0.248491
14207,6.207,0.248491
14208,6.208,0.25023
14209,6.209,0.246752
14210,6.21,0.25023
14211,6.211,0.25023
14212,6.212,0.25023
14213,6.213,0.25023
14214,6.214,0.25023
14215,6.215,0.25023
14216,6.216,0.25023
14217,6.217,0.25023
14218,6.218,0.25023
14219,6.219,0.25023
14220,6.22,0.25023
14221,6.221,0.25023
14222,6.222,0.25023
14223,6.223,0.25023
14224,6.224,0.25023
14225,6.225,0.25023
14226,6.226,0.25023
14227,6.227,0.25023
14228,6.228,0.25023
14229,6.229,0.25023
14230,6.23,0.25023
14231,6.231,0.25023
14232,6.232,0.25023
14233,6.233,0.25023
14234,6.234,0.25023
14235,6.235,0.25023
14236,6.236,0.25023
14237,6.237,0.25023
14238,6.238,0.25023
14239,6.239,0.25023
14240,6.24,0.248491
14241,6.241,0.248491
14242,6.242,0.251969
14243,6.243,0.246752
14244,6.244,0.25023
14245,6.245,0.25023
14246,6.246,0.25023
14247,6.247,0.25023
14248,6.248,0.25023
14249,6.249,0.25023
14250,6.25,0.25023
14251,6.251,0.25023
14252,6.252,0.25023
14253,6.253,0.25023
14254,6.254,0.25023
14255,6.255,0.25023
14256,6.256,0.25023
14257,6.257,0.25023
14258,6.258,0.25023
14259,6.259,0.25023
14260,6.26,0.25023
14261,6.261,0.25023
14262,6.262,0.25023
14263,6.263,0.25023
14264,6.264,0.25023
14265,6.265,0.25023
14266,6.266,0.25023
14267,6.267,0.25023
14268,6.268,0.25023
14269,6.269,0.25023
14270,6.27,0.25023
14271,6.271,0.25023
14272,6.272,0.25023
14273,6.273,0.25023
14274,6.274,0.25023
14275,6.275,0.25023
14276,6.276,0.25023
14277,6.277,0.25023
14278,6.278,0.25023
14279,6.279,0.25023
14280,6.28,0.25023
14281,6.281,0.25023
14282,6.282,0.25023
14283,6.283,0.25023
14284,6.284,0.25023
14285,6.285,0.25023
14286,6.286,0.25023
14287,6.287,0.248491
14288,6.288,0.25023
14289,6.289,0.25023
14290,6.29,0.25023
14291,6.291,0.25023
14292,6.292,0.248491
14293,6.293,0.248491
14294,6.294,0.248491
14295,6.295,0.25023
14296,6.296,0.25023
14297,6.297,0.248491
14298,6.298,0.248491
14299,6.299,0.248491
14300,6.3,0.251969
14301,6.301,0.248491
14302,6.302,0.25023
14303,6.303,0.25023
14304,6.304,0.25023
14305,6.305,0.25023
14306,6.306,0.25023
14307,6.307,0.25023
14308,6.308,0.25023
14309,6.309,0.248491
14310,6.31,0.25023
14311,6.311,0.25023
14312,6.312,0.25023
14313,6.313,0.25023
14314,6.314,0.25023
14315,6.315,0.25023
14316,6.316,0.25023
14317,6.317,0.25023
14318,6.318,0.246752
14319,6.319,0.25023
14320,6.32,0.25023
14321,6.321,0.25023
14322,6.322,0.25023
14323,6.323,0.25023
14324,6.324,0.25023
14325,6.325,0.25023
14326,6.326,0.25023
14327,6.327,0.25023
14328,6.328,0.25023
14329,6.329,0.25023
14330,6.33,0.25023
14331,6.331,0.25023
14332,6.332,0.25023
14333,6.333,0.248491
14334,6.334,0.248491
14335,6.335,0.25023
14336,6.336,0.25023
14337,6.337,0.25023
14338,6.338,0.25023
14339,6.339,0.25023
14340,6.34,0.25023
14341,6.341,0.25023
14342,6.342,0.25023
14343,6.343,0.25023
14344,6.344,0.25023
14345,6.345,0.25023
14346,6.346,0.25023
14347,6.347,0.25023
14348,6.348,0.25023
14349,6.349,0.25023
14350,6.35,0.25023
14351,6.351,0.25023
14352,6.352,0.25023
14353,6.353,0.248491
14354,6.354,0.248491
14355,6.355,0.248491
14356,6.356,0.248491
14357,6.357,0.248491
14358,6.358,0.246752
14359,6.359,0.25023
14360,6.36,0.25023
14361,6.361,0.25023
14362,6.362,0.25023
14363,6.363,0.25023
14364,6.364,0.25023
14365,6.365,0.25023
14366,6.366,0.25023
14367,6.367,0.25023
14368,6.368,0.248491
14369,6.369,0.25023
14370,6.37,0.25023
14371,6.371,0.25023
14372,6.372,0.25023
14373,6.373,0.25023
14374,6.374,0.25023
14375,6.375,0.25023
14376,6.376,0.25023
14377,6.377,0.25023
14378,6.378,0.25023
14379,6.379,0.25023
14380,6.38,0.25023
14381,6.381,0.25023
14382,6.382,0.25023
14383,6.383,0.25023
14384,6.384,0.25023
14385,6.385,0.25023
14386,6.386,0.25023
14387,6.387,0.25023
14388,6.388,0.25023
14389,6.389,0.25023
14390,6.39,0.25023
14391,6.391,0.25023
14392,6.392,0.25023
14393,6.393,0.25023
14394,6.394,0.25023
14395,6.395,0.25023
14396,6.396,0.25023
14397,6.397,0.25023
14398,6.398,0.25023
14399,6.399,0.25023
14400,6.4,0.25023
14401,6.401,0.25023
14402,6.402,0.25023
14403,6.403,0.25023
14404,6.404,0.25023
14405,6.405,0.25023
14406,6.406,0.25023
14407,6.407,0.25023
14408,6.408,0.25023
14409,6.409,0.25023
14410,6.41,0.25023
14411,6.411,0.25023
14412,6.412,0.25023
14413,6.413,0.25023
14414,6.414,0.25023
14415,6.415,0.25023
14416,6.416,0.25023
14417,6.417,0.25023
14418,6.418,0.25023
14419,6.419,0.25023
14420,6.42,0.25023
14421,6.421,0.25023
14422,6.422,0.25023
14423,6.423,0.25023
14424,6.424,0.25023
14425,6.425,0.25023
14426,6.426,0.25023
14427,6.427,0.25023
14428,6.428,0.25023
14429,6.429,0.25023
14430,6.43,0.25023
14431,6.431,0.25023
14432,6.432,0.25023
14433,6.433,0.25023
14434,6.434,0.25023
14435,6.435,0.25023
14436,6.436,0.25023
14437,6.437,0.25023
14438,6.438,0.25023
14439,6.439,0.25023
14440,6.44,0.25023
14441,6.441,0.25023
14442,6.442,0.25023
14443,6.443,0.25023
14444,6.444,0.25023
14445,6.445,0.25023
14446,6.446,0.25023
14447,6.447,0.25023
14448,6.448,0.25023
14449,6.449,0.25023
14450,6.45,0.25023
14451,6.451,0.25023
14452,6.452,0.25023
14453,6.453,0.25023
14454,6.454,0.25023
14455,6.455,0.25023
14456,6.456,0.25023
14457,6.457,0.25023
14458,6.458,0.25023
14459,6.459,0.25023
14460,6.46,0.25023
14461,6.461,0.25023
14462,6.462,0.25023
14463,6.463,0.25023
14464,6.464,0.25023
14465,6.465,0.25023
14466,6.466,0.25023
14467,6.467,0.25023
14468,6.468,0.25023
14469,6.469,0.25023
14470,6.47,0.25023
14471,6.471,0.25023
14472,6.472,0.25023
14473,6.473,0.25023
14474,6.474,0.25023
14475,6.475,0.25023
14476,6.476,0.25023
14477,6.477,0.25023
14478,6.478,0.25023
14479,6.479,0.25023
14480,6.48,0.25023
14481,6.481,0.25023
14482,6.482,0.25023
14483,6.483,0.25023
14484,6.484,0.25023
14485,6.485,0.25023
14486,6.486,0.25023
14487,6.487,0.25023
14488,6.488,0.25023
14489,6.489,0.25023
14490,6.49,0.25023
14491,6.491,0.25023
14492,6.492,0.25023
14493,6.493,0.25023
14494,6.494,0.25023
14495,6.495,0.25023
14496,6.496,0.25023
14497,6.497,0.25023
14498,6.498,0.25023
14499,6.499,0.25023
14500,6.5,0.25023
14501,6.501,0.25023
14502,6.502,0.25023
14503,6.503,0.25023
14504,6.504,0.25023
14505,6.505,0.25023
14506,6.506,0.25023
14507,6.507,0.25023
14508,6.508,0.25023
14509,6.509,0.25023
14510,6.51,0.25023
14511,6.511,0.25023
14512,6.512,0.25023
14513,6.513,0.25023
14514,6.514,0.25023
14515,6.515,0.25023
14516,6.516,0.25023
14517,6.517,0.25023
14518,6.518,0.25023
14519,6.519,0.25023
14520,6.52,0.25023
14521,6.521,0.25023
14522,6.522,0.25023
14523,6.523,0.25023
14524,6.524,0.25023
14525,6.525,0.25023
14526,6.526,0.25023
14527,6.527,0.25023
14528,6.528,0.25023
14529,6.529,0.25023
14530,6.53,0.25023
14531,6.531,0.25023
14532,6.532,0.25023
14533,6.533,0.25023
14534,6.534,0.25023
14535,6.535,0.25023
14536,6.536,0.25023
14537,6.537,0.25023
14538,6.538,0.25023
14539,6.539,0.25023
14540,6.54,0.25023
14541,6.541,0.25023
14542,6.542,0.25023
14543,6.543,0.25023
14544,6.544,0.25023
14545,6.545,0.25023
14546,6.546,0.25023
14547,6.547,0.25023
14548,6.548,0.25023
14549,6.549,0.25023
14550,6.55,0.25023
14551,6.551,0.25023
14552,6.552,0.25023
14553,6.553,0.25023
14554,6.554,0.25023
14555,6.555,0.25023
14556,6.556,0.25023
14557,6.557,0.25023
14558,6.558,0.25023
14559,6.559,0.25023
14560,6.56,0.25023
14561,6.561,0.25023
14562,6.562,0.25023
14563,6.563,0.25023
14564,6.564,0.25023
14565,6.565,0.25023
14566,6.566,0.25023
14567,6.567,0.25023
14568,6.568,0.25023
14569,6.569,0.25023
14570,6.57,0.25023
14571,6.571,0.25023
14572,6.572,0.25023
14573,6.573,0.25023
14574,6.574,0.25023
14575,6.575,0.25023
14576,6.576,0.25023
14577,6.577,0.25023
14578,6.578,0.25023
14579,6.579,0.25023
14580,6.58,0.25023
14581,6.581,0.25023
14582,6.582,0.25023
14583,6.583,0.25023
14584,6.584,0.25023
14585,6.585,0.25023
14586,6.586,0.25023
14587,6.587,0.25023
14588,6.588,0.25023
14589,6.589,0.25023
14590,6.59,0.25023
14591,6.591,0.25023
14592,6.592,0.25023
14593,6.593,0.25023
14594,6.594,0.25023
14595,6.595,0.25023
14596,6.596,0.25023
14597,6.597,0.25023
14598,6.598,0.25023
14599,6.599,0.25023
14600,6.6,0.25023
14601,6.601,0.25023
14602,6.602,0.25023
14603,6.603,0.25023
14604,6.604,0.25023
14605,6.605,0.25023
14606,6.606,0.25023
14607,6.607,0.25023
14608,6.608,0.25023
14609,6.609,0.25023
14610,6.61,0.25023
14611,6.611,0.25023
14612,6.612,0.25023
14613,6.613,0.25023
14614,6.614,0.25023
14615,6.615,0.25023
14616,6.616,0.25023
14617,6.617,0.25023
14618,6.618,0.25023
14619,6.619,0.25023
14620,6.62,0.25023
14621,6.621,0.25023
14622,6.622,0.25023
14623,6.623,0.25023
14624,6.624,0.25023
14625,6.625,0.25023
14626,6.626,0.25023
14627,6.627,0.25023
14628,6.628,0.25023
14629,6.629,0.25023
14630,6.63,0.25023
14631,6.631,0.25023
14632,6.632,0.25023
14633,6.633,0.25023
14634,6.634,0.25023
14635,6.635,0.25023
14636,6.636,0.25023
14637,6.637,0.25023
14638,6.638,0.25023
14639,6.639,0.25023
14640,6.64,0.25023
14641,6.641,0.25023
14642,6.642,0.25023
14643,6.643,0.25023
14644,6.644,0.25023
14645,6.645,0.25023
14646,6.646,0.25023
14647,6.647,0.25023
14648,6.648,0.25023
14649,6.649,0.25023
14650,6.65,0.25023
14651,6.651,0.25023
14652,6.652,0.25023
14653,6.653,0.25023
14654,6.654,0.25023
14655,6.655,0.25023
14656,6.656,0.25023
14657,6.657,0.25023
14658,6.658,0.25023
14659,6.659,0.25023
14660,6.66,0.25023
14661,6.661,0.25023
14662,6.662,0.25023
14663,6.663,0.25023
14664,6.664,0.25023
14665,6.665,0.25023
14666,6.666,0.25023
14667,6.667,0.25023
14668,6.668,0.25023
14669,6.669,0.25023
14670,6.67,0.25023
14671,6.671,0.25023
14672,6.672,0.25023
14673,6.673,0.25023
14674,6.674,0.25023
14675,6.675,0.25023
14676,6.676,0.25023
14677,6.677,0.25023
14678,6.678,0.25023
14679,6.679,0.25023
14680,6.68,0.25023
14681,6.681,0.25023
14682,6.682,0.25023
14683,6.683,0.25023
14684,6.684,0.25023
14685,6.685,0.25023
14686,6.686,0.25023
14687,6.687,0.25023
14688,6.688,0.25023
14689,6.689,0.25023
14690,6.69,0.25023
14691,6.691,0.25023
14692,6.692,0.25023
14693,6.693,0.25023
14694,6.694,0.25023
14695,6.695,0.25023
14696,6.696,0.25023
14697,6.697,0.25023
14698,6.698,0.25023
14699,6.699,0.25023
14700,6.7,0.25023
14701,6.701,0.25023
14702,6.702,0.25023
14703,6.703,0.25023
14704,6.704,0.25023
14705,6.705,0.25023
14706,6.706,0.25023
14707,6.707,0.25023
14708,6.708,0.25023
14709,6.709,0.25023
14710,6.71,0.25023
14711,6.711,0.25023
14712,6.712,0.25023
14713,6.713,0.25023
14714,6.714,0.25023
14715,6.715,0.25023
14716,6.716,0.25023
14717,6.717,0.25023
14718,6.718,0.25023
14719,6.719,0.25023
14720,6.72,0.25023
14721,6.721,0.25023
14722,6.722,0.25023
14723,6.723,0.25023
14724,6.724,0.25023
14725,6.725,0.25023
14726,6.726,0.25023
14727,6.727,0.25023
14728,6.728,0.25023
14729,6.729,0.25023
14730,6.73,0.25023
14731,6.731,0.25023
14732,6.732,0.25023
14733,6.733,0.25023
14734,6.734,0.25023
14735,6.735,0.25023
14736,6.736,0.25023
14737,6.737,0.25023
14738,6.738,0.25023
14739,6.739,0.25023
14740,6.74,0.25023
14741,6.741,0.25023
14742,6.742,0.25023
14743,6.743,0.25023
14744,6.744,0.25023
14745,6.745,0.25023
14746,6.746,0.25023
14747,6.747,0.25023
14748,6.748,0.25023
14749,6.749,0.25023
14750,6.75,0.25023
14751,6.751,0.25023
14752,6.752,0.25023
14753,6.753,0.25023
14754,6.754,0.25023
14755,6.755,0.25023
14756,6.756,0.25023
14757,6.757,0.25023
14758,6.758,0.25023
14759,6.759,0.25023
14760,6.76,0.25023
14761,6.761,0.25023
14762,6.762,0.25023
14763,6.763,0.25023
14764,6.764,0.25023
14765,6.765,0.25023
14766,6.766,0.25023
14767,6.767,0.25023
14768,6.768,0.25023
14769,6.769,0.25023
14770,6.77,0.25023
14771,6.771,0.25023
14772,6.772,0.25023
14773,6.773,0.25023
14774,6.774,0.25023
14775,6.775,0.25023
14776,6.776,0.25023
14777,6.777,0.25023
14778,6.778,0.25023
14779,6.779,0.25023
14780,6.78,0.25023
14781,6.781,0.25023
14782,6.782,0.25023
14783,6.783,0.25023
14784,6.784,0.25023
14785,6.785,0.25023
14786,6.786,0.25023
14787,6.787,0.25023
14788,6.788,0.25023
14789,6.789,0.248491
14790,6.79,0.25023
14791,6.791,0.25023
14792,6.792,0.25023
14793,6.793,0.25023
14794,6.794,0.25023
14795,6.795,0.25023
14796,6.796,0.25023
14797,6.797,0.25023
14798,6.798,0.25023
14799,6.799,0.25023
14800,6.8,0.25023
14801,6.801,0.25023
14802,6.802,0.25023
14803,6.803,0.25023
14804,6.804,0.25023
14805,6.805,0.25023
14806,6.806,0.25023
14807,6.807,0.25023
14808,6.808,0.25023
14809,6.809,0.25023
14810,6.81,0.25023
14811,6.811,0.25023
14812,6.812,0.25023
14813,6.813,0.25023
14814,6.814,0.25023
14815,6.815,0.25023
14816,6.816,0.25023
14817,6.817,0.25023
14818,6.818,0.25023
14819,6.819,0.25023
14820,6.82,0.25023
14821,6.821,0.25023
14822,6.822,0.25023
14823,6.823,0.25023
14824,6.824,0.25023
14825,6.825,0.25023
14826,6.826,0.25023
14827,6.827,0.25023
14828,6.828,0.25023
14829,6.829,0.25023
14830,6.83,0.25023
14831,6.831,0.25023
14832,6.832,0.25023
14833,6.833,0.25023
14834,6.834,0.25023
14835,6.835,0.25023
14836,6.836,0.25023
14837,6.837,0.25023
14838,6.838,0.25023
14839,6.839,0.25023
14840,6.84,0.25023
14841,6.841,0.25023
14842,6.842,0.25023
14843,6.843,0.25023
14844,6.844,0.25023
14845,6.845,0.25023
14846,6.846,0.25023
14847,6.847,0.25023
14848,6.848,0.25023
14849,6.849,0.25023
14850,6.85,0.25023
14851,6.851,0.25023
14852,6.852,0.25023
14853,6.853,0.25023
14854,6.854,0.25023
14855,6.855,0.25023
14856,6.856,0.25023
14857,6.857,0.25023
14858,6.858,0.25023
14859,6.859,0.25023
14860,6.86,0.25023
14861,6.861,0.25023
14862,6.862,0.25023
14863,6.863,0.25023
14864,6.864,0.25023
14865,6.865,0.25023
14866,6.866,0.25023
14867,6.867,0.25023
14868,6.868,0.25023
14869,6.869,0.25023
14870,6.87,0.25023
14871,6.871,0.25023
14872,6.872,0.25023
14873,6.873,0.25023
14874,6.874,0.25023
14875,6.875,0.25023
14876,6.876,0.25023
14877,6.877,0.25023
14878,6.878,0.25023
14879,6.879,0.25023
14880,6.88,0.25023
14881,6.881,0.25023
14882,6.882,0.25023
14883,6.883,0.25023
14884,6.884,0.25023
14885,6.885,0.25023
14886,6.886,0.25023
14887,6.887,0.25023
14888,6.888,0.25023
14889,6.889,0.25023
14890,6.89,0.25023
14891,6.891,0.25023
14892,6.892,0.25023
14893,6.893,0.25023
14894,6.894,0.25023
14895,6.895,0.25023
14896,6.896,0.25023
14897,6.897,0.25023
14898,6.898,0.25023
14899,6.899,0.25023
14900,6.9,0.25023
14901,6.901,0.25023
14902,6.902,0.25023
14903,6.903,0.25023
14904,6.904,0.25023
14905,6.905,0.25023
14906,6.906,0.25023
14907,6.907,0.25023
14908,6.908,0.25023
14909,6.909,0.25023
14910,6.91,0.25023
14911,6.911,0.25023
14912,6.912,0.25023
14913,6.913,0.25023
14914,6.914,0.25023
14915,6.915,0.25023
14916,6.916,0.248491
14917,6.917,0.25023
14918,6.918,0.25023
14919,6.919,0.25023
14920,6.92,0.25023
14921,6.921,0.25023
14922,6.922,0.25023
14923,6.923,0.25023
14924,6.924,0.25023
14925,6.925,0.25023
14926,6.926,0.25023
14927,6.927,0.25023
14928,6.928,0.25023
14929,6.929,0.25023
14930,6.93,0.25023
14931,6.931,0.25023
14932,6.932,0.25023
14933,6.933,0.25023
14934,6.934,0.25023
14935,6.935,0.25023
14936,6.936,0.25023
14937,6.937,0.25023
14938,6.938,0.25023
14939,6.939,0.25023
14940,6.94,0.25023
14941,6.941,0.25023
14942,6.942,0.25023
14943,6.943,0.25023
14944,6.944,0.25023
14945,6.945,0.25023
14946,6.946,0.25023
14947,6.947,0.25023
14948,6.948,0.25023
14949,6.949,0.25023
14950,6.95,0.25023
14951,6.951,0.25023
14952,6.952,0.25023
14953,6.953,0.25023
14954,6.954,0.25023
14955,6.955,0.25023
14956,6.956,0.25023
14957,6.957,0.25023
14958,6.958,0.25023
14959,6.959,0.25023
14960,6.96,0.25023
14961,6.961,0.25023
14962,6.962,0.25023
14963,6.963,0.25023
14964,6.964,0.25023
14965,6.965,0.25023
14966,6.966,0.25023
14967,6.967,0.25023
14968,6.968,0.25023
14969,6.969,0.25023
14970,6.97,0.25023
14971,6.971,0.25023
14972,6.972,0.25023
14973,6.973,0.25023
14974,6.974,0.25023
14975,6.975,0.25023
14976,6.976,0.25023
14977,6.977,0.25023
14978,6.978,0.25023
14979,6.979,0.25023
14980,6.98,0.25023
14981,6.981,0.25023
14982,6.982,0.25023
14983,6.983,0.25023
14984,6.984,0.25023
14985,6.985,0.25023
14986,6.986,0.25023
14987,6.987,0.25023
14988,6.988,0.25023
14989,6.989,0.25023
14990,6.99,0.25023
14991,6.991,0.25023
14992,6.992,0.25023
14993,6.993,0.25023
14994,6.994,0.25023
14995,6.995,0.25023
14996,6.996,0.25023
14997,6.997,0.248491
14998,6.998,0.25023
14999,6.999,0.25023
15000,7,0.25023
15001,7.001,0.25023
15002,7.002,0.25023
15003,7.003,0.25023
15004,7.004,0.25023
15005,7.005,0.25023
15006,7.006,0.25023
15007,7.007,0.25023
15008,7.008,0.25023
15009,7.009,0.25023
15010,7.01,0.25023
15011,7.011,0.25023
15012,7.012,0.25023
15013,7.013,0.25023
15014,7.014,0.25023
15015,7.015,0.25023
15016,7.016,0.25023
15017,7.017,0.25023
15018,7.018,0.25023
15019,7.019,0.25023
15020,7.02,0.25023
15021,7.021,0.25023
15022,7.022,0.25023
15023,7.023,0.25023
15024,7.024,0.25023
15025,7.025,0.25023
15026,7.026,0.25023
15027,7.027,0.25023
15028,7.028,0.25023
15029,7.029,0.25023
15030,7.03,0.25023
15031,7.031,0.25023
15032,7.032,0.25023
15033,7.033,0.25023
15034,7.034,0.25023
15035,7.035,0.25023
15036,7.036,0.25023
15037,7.037,0.25023
15038,7.038,0.25023
15039,7.039,0.25023
15040,7.04,0.25023
15041,7.041,0.25023
15042,7.042,0.25023
15043,7.043,0.25023
15044,7.044,0.25023
15045,7.045,0.25023
15046,7.046,0.25023
15047,7.047,0.25023
15048,7.048,0.25023
15049,7.049,0.25023
15050,7.05,0.25023
15051,7.051,0.25023
15052,7.052,0.25023
15053,7.053,0.25023
15054,7.054,0.25023
15055,7.055,0.25023
15056,7.056,0.25023
15057,7.057,0.25023
15058,7.058,0.25023
15059,7.059,0.25023
15060,7.06,0.25023
15061,7.061,0.25023
15062,7.062,0.25023
15063,7.063,0.25023
15064,7.064,0.25023
15065,7.065,0.25023
15066,7.066,0.25023
15067,7.067,0.25023
15068,7.068,0.25023
15069,7.069,0.25023
15070,7.07,0.25023
15071,7.071,0.25023
15072,7.072,0.25023
15073,7.073,0.25023
15074,7.074,0.25023
15075,7.075,0.25023
15076,7.076,0.25023
15077,7.077,0.25023
15078,7.078,0.25023
15079,7.079,0.25023
15080,7.08,0.25023
15081,7.081,0.25023
15082,7.082,0.25023
15083,7.083,0.25023
15084,7.084,0.25023
15085,7.085,0.25023
15086,7.086,0.25023
15087,7.087,0.25023
15088,7.088,0.25023
15089,7.089,0.25023
15090,7.09,0.25023
15091,7.091,0.25023
15092,7.092,0.25023
15093,7.093,0.25023
15094,7.094,0.25023
15095,7.095,0.25023
15096,7.096,0.25023
15097,7.097,0.25023
15098,7.098,0.25023
15099,7.099,0.25023
15100,7.1,0.25023
15101,7.101,0.25023
15102,7.102,0.25023
15103,7.103,0.25023
15104,7.104,0.25023
15105,7.105,0.25023
15106,7.106,0.25023
15107,7.107,0.25023
15108,7.108,0.25023
15109,7.109,0.25023
15110,7.11,0.25023
15111,7.111,0.25023
15112,7.112,0.25023
15113,7.113,0.25023
15114,7.114,0.25023
15115,7.115,0.25023
15116,7.116,0.25023
15117,7.117,0.25023
15118,7.118,0.25023
15119,7.119,0.25023
15120,7.12,0.25023
15121,7.121,0.25023
15122,7.122,0.25023
15123,7.123,0.25023
15124,7.124,0.25023
15125,7.125,0.25023
15126,7.126,0.25023
15127,7.127,0.25023
15128,7.128,0.25023
15129,7.129,0.25023
15130,7.13,0.25023
15131,7.131,0.25023
15132,7.132,0.25023
15133,7.133,0.25023
15134,7.134,0.25023
15135,7.135,0.25023
15136,7.136,0.25023
15137,7.137,0.25023
15138,7.138,0.25023
15139,7.139,0.25023
15140,7.14,0.25023
15141,7.141,0.25023
15142,7.142,0.25023
15143,7.143,0.25023
15144,7.144,0.25023
15145,7.145,0.25023
15146,7.146,0.25023
15147,7.147,0.25023
15148,7.148,0.25023
15149,7.149,0.25023
15150,7.15,0.25023
15151,7.151,0.25023
15152,7.152,0.25023
15153,7.153,0.25023
15154,7.154,0.25023
15155,7.155,0.25023
15156,7.156,0.25023
15157,7.157,0.25023
15158,7.158,0.25023
15159,7.159,0.25023
15160,7.16,0.25023
15161,7.161,0.25023
15162,7.162,0.25023
15163,7.163,0.25023
15164,7.164,0.25023
15165,7.165,0.25023
15166,7.166,0.25023
15167,7.167,0.25023
15168,7.168,0.25023
15169,7.169,0.25023
15170,7.17,0.25023
15171,7.171,0.25023
15172,7.172,0.25023
15173,7.173,0.25023
15174,7.174,0.25023
15175,7.175,0.25023
15176,7.176,0.25023
15177,7.177,0.25023
15178,7.178,0.25023
15179,7.179,0.25023
15180,7.18,0.25023
15181,7.181,0.25023
15182,7.182,0.25023
15183,7.183,0.25023
15184,7.184,0.25023
15185,7.185,0.25023
15186,7.186,0.25023
15187,7.187,0.25023
15188,7.188,0.25023
15189,7.189,0.25023
15190,7.19,0.25023
15191,7.191,0.25023
15192,7.192,0.25023
15193,7.193,0.25023
15194,7.194,0.25023
15195,7.195,0.25023
15196,7.196,0.25023
15197,7.197,0.25023
15198,7.198,0.25023
15199,7.199,0.25023
15200,7.2,0.25023
15201,7.201,0.25023
15202,7.202,0.25023
15203,7.203,0.25023
15204,7.204,0.25023
15205,7.205,0.25023
15206,7.206,0.25023
15207,7.207,0.25023
15208,7.208,0.25023
15209,7.209,0.25023
15210,7.21,0.25023
15211,7.211,0.25023
15212,7.212,0.25023
15213,7.213,0.25023
15214,7.214,0.25023
15215,7.215,0.25023
15216,7.216,0.25023
15217,7.217,0.25023
15218,7.218,0.25023
15219,7.219,0.25023
15220,7.22,0.25023
15221,7.221,0.25023
15222,7.222,0.25023
15223,7.223,0.25023
15224,7.224,0.25023
15225,7.225,0.25023
15226,7.226,0.25023
15227,7.227,0.25023
15228,7.228,0.25023
15229,7.229,0.25023
15230,7.23,0.25023
15231,7.231,0.25023
15232,7.232,0.25023
15233,7.233,0.25023
15234,7.234,0.25023
15235,7.235,0.25023
15236,7.236,0.25023
15237,7.237,0.25023
15238,7.238,0.25023
15239,7.239,0.25023
15240,7.24,0.25023
15241,7.241,0.25023
15242,7.242,0.25023
15243,7.243,0.25023
15244,7.244,0.25023
15245,7.245,0.25023
15246,7.246,0.25023
15247,7.247,0.25023
15248,7.248,0.25023
15249,7.249,0.25023
15250,7.25,0.25023
15251,7.251,0.25023
15252,7.252,0.25023
15253,7.253,0.25023
15254,7.254,0.25023
15255,7.255,0.25023
15256,7.256,0.25023
15257,7.257,0.25023
15258,7.258,0.25023
15259,7.259,0.25023
15260,7.26,0.25023
15261,7.261,0.25023
15262,7.262,0.25023
15263,7.263,0.25023
15264,7.264,0.25023
15265,7.265,0.25023
15266,7.266,0.25023
15267,7.267,0.25023
15268,7.268,0.25023
15269,7.269,0.25023
15270,7.27,0.25023
15271,7.271,0.25023
15272,7.272,0.25023
15273,7.273,0.25023
15274,7.274,0.25023
15275,7.275,0.25023
15276,7.276,0.25023
15277,7.277,0.25023
15278,7.278,0.25023
15279,7.279,0.25023
15280,7.28,0.25023
15281,7.281,0.25023
15282,7.282,0.25023
15283,7.283,0.25023
15284,7.284,0.25023
15285,7.285,0.25023
15286,7.286,0.25023
15287,7.287,0.25023
15288,7.288,0.25023
15289,7.289,0.25023
15290,7.29,0.25023
15291,7.291,0.25023
15292,7.292,0.25023
15293,7.293,0.25023
15294,7.294,0.25023
15295,7.295,0.25023
15296,7.296,0.25023
15297,7.297,0.25023
15298,7.298,0.25023
15299,7.299,0.25023
15300,7.3,0.25023
15301,7.301,0.25023
15302,7.302,0.25023
15303,7.303,0.25023
15304,7.304,0.25023
15305,7.305,0.25023
15306,7.306,0.25023
15307,7.307,0.25023
15308,7.308,0.25023
15309,7.309,0.25023
15310,7.31,0.25023
15311,7.311,0.25023
15312,7.312,0.25023
15313,7.313,0.25023
15314,7.314,0.25023
15315,7.315,0.25023
15316,7.316,0.25023
15317,7.317,0.25023
15318,7.318,0.25023
15319,7.319,0.25023
15320,7.32,0.25023
15321,7.321,0.25023
15322,7.322,0.25023
15323,7.323,0.25023
15324,7.324,0.25023
15325,7.325,0.25023
15326,7.326,0.25023
15327,7.327,0.25023
15328,7.328,0.25023
15329,7.329,0.25023
15330,7.33,0.25023
15331,7.331,0.25023
15332,7.332,0.25023
15333,7.333,0.25023
15334,7.334,0.25023
15335,7.335,0.25023
15336,7.336,0.25023
15337,7.337,0.25023
15338,7.338,0.25023
15339,7.339,0.25023
15340,7.34,0.25023
15341,7.341,0.25023
15342,7.342,0.25023
15343,7.343,0.25023
15344,7.344,0.25023
15345,7.345,0.25023
15346,7.346,0.25023
15347,7.347,0.25023
15348,7.348,0.25023
15349,7.349,0.25023
15350,7.35,0.25023
15351,7.351,0.25023
15352,7.352,0.25023
15353,7.353,0.25023
15354,7.354,0.25023
15355,7.355,0.25023
15356,7.356,0.25023
15357,7.357,0.25023
15358,7.358,0.25023
15359,7.359,0.25023
15360,7.36,0.25023
15361,7.361,0.25023
15362,7.362,0.25023
15363,7.363,0.25023
15364,7.364,0.25023
15365,7.365,0.25023
15366,7.366,0.25023
15367,7.367,0.25023
15368,7.368,0.25023
15369,7.369,0.25023
15370,7.37,0.25023
15371,7.371,0.25023
15372,7.372,0.25023
15373,7.373,0.25023
15374,7.374,0.25023
15375,7.375,0.25023
15376,7.376,0.25023
15377,7.377,0.25023
15378,7.378,0.25023
15379,7.379,0.25023
15380,7.38,0.25023
15381,7.381,0.25023
15382,7.382,0.25023
15383,7.383,0.25023
15384,7.384,0.25023
15385,7.385,0.25023
15386,7.386,0.25023
15387,7.387,0.25023
15388,7.388,0.25023
15389,7.389,0.25023
15390,7.39,0.25023
15391,7.391,0.25023
15392,7.392,0.25023
15393,7.393,0.25023
15394,7.394,0.25023
15395,7.395,0.25023
15396,7.396,0.25023
15397,7.397,0.25023
15398,7.398,0.25023
15399,7.399,0.25023
15400,7.4,0.25023
15401,7.401,0.25023
15402,7.402,0.25023
15403,7.403,0.25023
15404,7.404,0.25023
15405,7.405,0.25023
15406,7.406,0.25023
15407,7.407,0.25023
15408,7.408,0.25023
15409,7.409,0.25023
15410,7.41,0.25023
15411,7.411,0.25023
15412,7.412,0.25023
15413,7.413,0.25023
15414,7.414,0.246752
15415,7.415,0.25023
15416,7.416,0.25023
15417,7.417,0.25023
15418,7.418,0.25023
15419,7.419,0.25023
15420,7.42,0.25023
15421,7.421,0.25023
15422,7.422,0.25023
15423,7.423,0.25023
15424,7.424,0.25023
15425,7.425,0.25023
15426,7.426,0.25023
15427,7.427,0.25023
15428,7.428,0.25023
15429,7.429,0.25023
15430,7.43,0.25023
15431,7.431,0.25023
15432,7.432,0.25023
15433,7.433,0.25023
15434,7.434,0.25023
15435,7.435,0.25023
15436,7.436,0.25023
15437,7.437,0.25023
15438,7.438,0.25023
15439,7.439,0.25023
15440,7.44,0.25023
15441,7.441,0.25023
15442,7.442,0.25023
15443,7.443,0.25023
15444,7.444,0.25023
15445,7.445,0.25023
15446,7.446,0.25023
15447,7.447,0.25023
15448,7.448,0.25023
15449,7.449,0.25023
15450,7.45,0.25023
15451,7.451,0.25023
15452,7.452,0.25023
15453,7.453,0.25023
15454,7.454,0.25023
15455,7.455,0.25023
15456,7.456,0.25023
15457,7.457,0.25023
15458,7.458,0.25023
15459,7.459,0.25023
15460,7.46,0.25023
15461,7.461,0.25023
15462,7.462,0.25023
15463,7.463,0.25023
15464,7.464,0.25023
15465,7.465,0.25023
15466,7.466,0.25023
15467,7.467,0.25023
15468,7.468,0.25023
15469,7.469,0.25023
15470,7.47,0.25023
15471,7.471,0.25023
15472,7.472,0.25023
15473,7.473,0.25023
15474,7.474,0.25023
15475,7.475,0.25023
15476,7.476,0.25023
15477,7.477,0.25023
15478,7.478,0.25023
15479,7.479,0.25023
15480,7.48,0.25023
15481,7.481,0.25023
15482,7.482,0.25023
15483,7.483,0.25023
15484,7.484,0.25023
15485,7.485,0.25023
15486,7.486,0.25023
15487,7.487,0.25023
15488,7.488,0.25023
15489,7.489,0.25023
15490,7.49,0.25023
15491,7.491,0.25023
15492,7.492,0.25023
15493,7.493,0.25023
15494,7.494,0.25023
15495,7.495,0.25023
15496,7.496,0.25023
15497,7.497,0.25023
15498,7.498,0.25023
15499,7.499,0.25023
15500,7.5,0.25023
15501,7.501,0.25023
15502,7.502,0.25023
15503,7.503,0.25023
15504,7.504,0.25023
15505,7.505,0.25023
15506,7.506,0.25023
15507,7.507,0.25023
15508,7.508,0.25023
15509,7.509,0.25023
15510,7.51,0.25023
15511,7.511,0.25023
15512,7.512,0.25023
15513,7.513,0.25023
15514,7.514,0.25023
15515,7.515,0.25023
15516,7.516,0.25023
15517,7.517,0.25023
15518,7.518,0.25023
15519,7.519,0.25023
15520,7.52,0.25023
15521,7.521,0.25023
15522,7.522,0.25023
15523,7.523,0.25023
15524,7.524,0.25023
15525,7.525,0.25023
15526,7.526,0.25023
15527,7.527,0.25023
15528,7.528,0.25023
15529,7.529,0.25023
15530,7.53,0.25023
15531,7.531,0.25023
15532,7.532,0.248491
15533,7.533,0.25023
15534,7.534,0.25023
15535,7.535,0.25023
15536,7.536,0.25023
15537,7.537,0.25023
15538,7.538,0.25023
15539,7.539,0.25023
15540,7.54,0.25023
15541,7.541,0.25023
15542,7.542,0.25023
15543,7.543,0.25023
15544,7.544,0.25023
15545,7.545,0.25023
15546,7.546,0.25023
15547,7.547,0.25023
15548,7.548,0.25023
15549,7.549,0.25023
15550,7.55,0.25023
15551,7.551,0.25023
15552,7.552,0.25023
15553,7.553,0.25023
15554,7.554,0.25023
15555,7.555,0.25023
15556,7.556,0.25023
15557,7.557,0.25023
15558,7.558,0.25023
15559,7.559,0.25023
15560,7.56,0.25023
15561,7.561,0.25023
15562,7.562,0.25023
15563,7.563,0.25023
15564,7.564,0.25023
15565,7.565,0.25023
15566,7.566,0.25023
15567,7.567,0.25023
15568,7.568,0.25023
15569,7.569,0.248491
15570,7.57,0.25023
15571,7.571,0.25023
15572,7.572,0.25023
15573,7.573,0.25023
15574,7.574,0.25023
15575,7.575,0.25023
15576,7.576,0.25023
15577,7.577,0.25023
15578,7.578,0.25023
15579,7.579,0.25023
15580,7.58,0.25023
15581,7.581,0.25023
15582,7.582,0.25023
15583,7.583,0.25023
15584,7.584,0.25023
15585,7.585,0.25023
15586,7.586,0.25023
15587,7.587,0.25023
15588,7.588,0.25023
15589,7.589,0.25023
15590,7.59,0.25023
15591,7.591,0.25023
15592,7.592,0.25023
15593,7.593,0.25023
15594,7.594,0.25023
15595,7.595,0.25023
15596,7.596,0.25023
15597,7.597,0.25023
15598,7.598,0.25023
15599,7.599,0.25023
15600,7.6,0.25023
15601,7.601,0.25023
15602,7.602,0.25023
15603,7.603,0.25023
15604,7.604,0.25023
15605,7.605,0.25023
15606,7.606,0.25023
15607,7.607,0.25023
15608,7.608,0.25023
15609,7.609,0.25023
15610,7.61,0.25023
15611,7.611,0.25023
15612,7.612,0.25023
15613,7.613,0.248491
15614,7.614,0.25023
15615,7.615,0.25023
15616,7.616,0.25023
15617,7.617,0.25023
15618,7.618,0.25023
15619,7.619,0.25023
15620,7.62,0.25023
15621,7.621,0.25023
15622,7.622,0.246752
15623,7.623,0.25023
15624,7.624,0.25023
15625,7.625,0.25023
15626,7.626,0.25023
15627,7.627,0.25023
15628,7.628,0.25023
15629,7.629,0.25023
15630,7.63,0.25023
15631,7.631,0.25023
15632,7.632,0.25023
15633,7.633,0.25023
15634,7.634,0.25023
15635,7.635,0.25023
15636,7.636,0.25023
15637,7.637,0.25023
15638,7.638,0.25023
15639,7.639,0.25023
15640,7.64,0.25023
15641,7.641,0.25023
15642,7.642,0.25023
15643,7.643,0.25023
15644,7.644,0.25023
15645,7.645,0.25023
15646,7.646,0.25023
15647,7.647,0.25023
15648,7.648,0.25023
15649,7.649,0.25023
15650,7.65,0.25023
15651,7.651,0.25023
15652,7.652,0.25023
15653,7.653,0.25023
15654,7.654,0.25023
15655,7.655,0.25023
15656,7.656,0.25023
15657,7.657,0.25023
15658,7.658,0.25023
15659,7.659,0.25023
15660,7.66,0.25023
15661,7.661,0.25023
15662,7.662,0.25023
15663,7.663,0.25023
15664,7.664,0.25023
15665,7.665,0.25023
15666,7.666,0.25023
15667,7.667,0.25023
15668,7.668,0.25023
15669,7.669,0.25023
15670,7.67,0.25023
15671,7.671,0.25023
15672,7.672,0.25023
15673,7.673,0.25023
15674,7.674,0.25023
15675,7.675,0.25023
15676,7.676,0.25023
15677,7.677,0.25023
15678,7.678,0.25023
15679,7.679,0.25023
15680,7.68,0.25023
15681,7.681,0.25023
15682,7.682,0.25023
15683,7.683,0.25023
15684,7.684,0.25023
15685,7.685,0.25023
15686,7.686,0.25023
15687,7.687,0.25023
15688,7.688,0.25023
15689,7.689,0.25023
15690,7.69,0.25023
15691,7.691,0.25023
15692,7.692,0.25023
15693,7.693,0.25023
15694,7.694,0.25023
15695,7.695,0.25023
15696,7.696,0.25023
15697,7.697,0.25023
15698,7.698,0.25023
15699,7.699,0.25023
15700,7.7,0.25023
15701,7.701,0.25023
15702,7.702,0.25023
15703,7.703,0.25023
15704,7.704,0.25023
15705,7.705,0.25023
15706,7.706,0.25023
15707,7.707,0.25023
15708,7.708,0.25023
15709,7.709,0.25023
15710,7.71,0.25023
15711,7.711,0.25023
15712,7.712,0.25023
15713,7.713,0.25023
15714,7.714,0.25023
15715,7.715,0.25023
15716,7.716,0.25023
15717,7.717,0.25023
15718,7.718,0.25023
15719,7.719,0.25023
15720,7.72,0.25023
15721,7.721,0.25023
15722,7.722,0.25023
15723,7.723,0.25023
15724,7.724,0.25023
15725,7.725,0.25023
15726,7.726,0.25023
15727,7.727,0.25023
15728,7.728,0.25023
15729,7.729,0.25023
15730,7.73,0.25023
15731,7.731,0.25023
15732,7.732,0.25023
15733,7.733,0.25023
15734,7.734,0.25023
15735,7.735,0.25023
15736,7.736,0.25023
15737,7.737,0.25023
15738,7.738,0.25023
15739,7.739,0.25023
15740,7.74,0.25023
15741,7.741,0.25023
15742,7.742,0.25023
15743,7.743,0.25023
15744,7.744,0.25023
15745,7.745,0.25023
15746,7.746,0.25023
15747,7.747,0.25023
15748,7.748,0.25023
15749,7.749,0.25023
15750,7.75,0.25023
15751,7.751,0.25023
15752,7.752,0.25023
15753,7.753,0.25023
15754,7.754,0.25023
15755,7.755,0.25023
15756,7.756,0.25023
15757,7.757,0.25023
15758,7.758,0.25023
15759,7.759,0.25023
15760,7.76,0.25023
15761,7.761,0.25023
15762,7.762,0.25023
15763,7.763,0.25023
15764,7.764,0.25023
15765,7.765,0.25023
15766,7.766,0.25023
15767,7.767,0.25023
15768,7.768,0.25023
15769,7.769,0.25023
15770,7.77,0.25023
15771,7.771,0.25023
15772,7.772,0.25023
15773,7.773,0.25023
15774,7.774,0.25023
15775,7.775,0.25023
15776,7.776,0.25023
15777,7.777,0.25023
15778,7.778,0.25023
15779,7.779,0.25023
15780,7.78,0.25023
15781,7.781,0.25023
15782,7.782,0.25023
15783,7.783,0.25023
15784,7.784,0.25023
15785,7.785,0.25023
15786,7.786,0.25023
15787,7.787,0.25023
15788,7.788,0.25023
15789,7.789,0.25023
15790,7.79,0.25023
15791,7.791,0.25023
15792,7.792,0.25023
15793,7.793,0.25023
15794,7.794,0.25023
15795,7.795,0.25023
15796,7.796,0.25023
15797,7.797,0.25023
15798,7.798,0.25023
15799,7.799,0.25023
15800,7.8,0.25023
15801,7.801,0.25023
15802,7.802,0.25023
15803,7.803,0.25023
15804,7.804,0.25023
15805,7.805,0.25023
15806,7.806,0.25023
15807,7.807,0.25023
15808,7.808,0.25023
15809,7.809,0.25023
15810,7.81,0.25023
15811,7.811,0.25023
15812,7.812,0.25023
15813,7.813,0.25023
15814,7.814,0.25023
15815,7.815,0.25023
15816,7.816,0.25023
15817,7.817,0.25023
15818,7.818,0.25023
15819,7.819,0.25023
15820,7.82,0.25023
15821,7.821,0.25023
15822,7.822,0.25023
15823,7.823,0.25023
15824,7.824,0.25023
15825,7.825,0.25023
15826,7.826,0.25023
15827,7.827,0.25023
15828,7.828,0.25023
15829,7.829,0.25023
15830,7.83,0.25023
15831,7.831,0.25023
15832,7.832,0.25023
15833,7.833,0.25023
15834,7.834,0.25023
15835,7.835,0.25023
15836,7.836,0.25023
15837,7.837,0.25023
15838,7.838,0.25023
15839,7.839,0.25023
15840,7.84,0.25023
15841,7.841,0.25023
15842,7.842,0.25023
15843,7.843,0.25023
15844,7.844,0.25023
15845,7.845,0.25023
15846,7.846,0.25023
15847,7.847,0.25023
15848,7.848,0.25023
15849,7.849,0.25023
15850,7.85,0.25023
15851,7.851,0.25023
15852,7.852,0.25023
15853,7.853,0.25023
15854,7.854,0.25023
15855,7.855,0.25023
15856,7.856,0.25023
15857,7.857,0.25023
15858,7.858,0.25023
15859,7.859,0.25023
15860,7.86,0.25023
15861,7.861,0.25023
15862,7.862,0.25023
15863,7.863,0.25023
15864,7.864,0.25023
15865,7.865,0.25023
15866,7.866,0.25023
15867,7.867,0.25023
15868,7.868,0.25023
15869,7.869,0.25023
15870,7.87,0.25023
15871,7.871,0.25023
15872,7.872,0.25023
15873,7.873,0.25023
15874,7.874,0.25023
15875,7.875,0.25023
15876,7.876,0.25023
15877,7.877,0.25023
15878,7.878,0.25023
15879,7.879,0.25023
15880,7.88,0.25023
15881,7.881,0.25023
15882,7.882,0.25023
15883,7.883,0.25023
15884,7.884,0.25023
15885,7.885,0.25023
15886,7.886,0.25023
15887,7.887,0.25023
15888,7.888,0.25023
15889,7.889,0.25023
15890,7.89,0.25023
15891,7.891,0.25023
15892,7.892,0.25023
15893,7.893,0.25023
15894,7.894,0.25023
15895,7.895,0.25023
15896,7.896,0.25023
15897,7.897,0.25023
15898,7.898,0.25023
15899,7.899,0.25023
15900,7.9,0.25023
15901,7.901,0.25023
15902,7.902,0.25023
15903,7.903,0.25023
15904,7.904,0.25023
15905,7.905,0.25023
15906,7.906,0.25023
15907,7.907,0.25023
15908,7.908,0.25023
15909,7.909,0.25023
15910,7.91,0.25023
15911,7.911,0.25023
15912,7.912,0.25023
15913,7.913,0.25023
15914,7.914,0.25023
15915,7.915,0.25023
15916,7.916,0.25023
15917,7.917,0.25023
15918,7.918,0.25023
15919,7.919,0.25023
15920,7.92,0.25023
15921,7.921,0.25023
15922,7.922,0.25023
15923,7.923,0.25023
15924,7.924,0.25023
15925,7.925,0.25023
15926,7.926,0.25023
15927,7.927,0.25023
15928,7.928,0.25023
15929,7.929,0.25023
15930,7.93,0.25023
15931,7.931,0.25023
15932,7.932,0.25023
15933,7.933,0.25023
15934,7.934,0.25023
15935,7.935,0.25023
15936,7.936,0.25023
15937,7.937,0.25023
15938,7.938,0.25023
15939,7.939,0.25023
15940,7.94,0.25023
15941,7.941,0.25023
15942,7.942,0.25023
15943,7.943,0.25023
15944,7.944,0.25023
15945,7.945,0.25023
15946,7.946,0.25023
15947,7.947,0.25023
15948,7.948,0.25023
15949,7.949,0.25023
15950,7.95,0.25023
15951,7.951,0.25023
15952,7.952,0.25023
15953,7.953,0.25023
15954,7.954,0.25023
15955,7.955,0.25023
15956,7.956,0.25023
15957,7.957,0.25023
15958,7.958,0.25023
15959,7.959,0.25023
15960,7.96,0.25023
15961,7.961,0.25023
15962,7.962,0.25023
15963,7.963,0.25023
15964,7.964,0.25023
15965,7.965,0.25023
15966,7.966,0.25023
15967,7.967,0.248491
15968,7.968,0.25023
15969,7.969,0.25023
15970,7.97,0.25023
15971,7.971,0.25023
15972,7.972,0.25023
15973,7.973,0.25023
15974,7.974,0.25023
15975,7.975,0.25023
15976,7.976,0.25023
15977,7.977,0.25023
15978,7.978,0.25023
15979,7.979,0.25023
15980,7.98,0.25023
15981,7.981,0.25023
15982,7.982,0.25023
15983,7.983,0.25023
15984,7.984,0.25023
15985,7.985,0.25023
15986,7.986,0.25023
15987,7.987,0.25023
15988,7.988,0.248491
15989,7.989,0.25023
15990,7.99,0.248491
15991,7.991,0.248491
15992,7.992,0.25023
15993,7.993,0.25023
15994,7.994,0.25023
15995,7.995,0.25023
15996,7.996,0.25023
15997,7.997,0.248491
15998,7.998,0.248491
15999,7.999,0.25023
