CFO=-433.5528683833341,STO=4
EsN0dB=38.74,GRXdB=17,N0=9.999999747378752e-05
packet_number=1,correct=True,payload=[0,1,2,3,4,5,6,7,8,9,10,11,12,13,14,15,16,17,18,19,20,21,22,23,24,25,26,27,28,29,30,31,32,33,34,35,36,37,38,39,40,41,42,43,44,45,46,47,48,49,50,51,52,53,54,55,56,57,58,59,60,61,62,63,64,65,66,67,68,69,70,71,72,73,74,75,76,77,78,79,80,81,82,83,84,85,86,87,88,89,90,91,92,93,94,95,96,97,98,99]
CFO=-428.3381197447515,STO=3
EsN0dB=38.75,GRXdB=17,N0=9.999999747378752e-05
packet_number=2,correct=True,payload=[0,1,2,3,4,5,6,7,8,9,10,11,12,13,14,15,16,17,18,19,20,21,22,23,24,25,26,27,28,29,30,31,32,33,34,35,36,37,38,39,40,41,42,43,44,45,46,47,48,49,50,51,52,53,54,55,56,57,58,59,60,61,62,63,64,65,66,67,68,69,70,71,72,73,74,75,76,77,78,79,80,81,82,83,84,85,86,87,88,89,90,91,92,93,94,95,96,97,98,99]
CFO=-463.0074069908121,STO=5
EsN0dB=38.74,GRXdB=17,N0=9.999999747378752e-05
packet_number=3,correct=True,payload=[0,1,2,3,4,5,6,7,8,9,10,11,12,13,14,15,16,17,18,19,20,21,22,23,24,25,26,27,28,29,30,31,32,33,34,35,36,37,38,39,40,41,42,43,44,45,46,47,48,49,50,51,52,53,54,55,56,57,58,59,60,61,62,63,64,65,66,67,68,69,70,71,72,73,74,75,76,77,78,79,80,81,82,83,84,85,86,87,88,89,90,91,92,93,94,95,96,97,98,99]
CFO=-461.67875139875133,STO=1
EsN0dB=38.74,GRXdB=17,N0=9.999999747378752e-05
packet_number=4,correct=True,payload=[0,1,2,3,4,5,6,7,8,9,10,11,12,13,14,15,16,17,18,19,20,21,22,23,24,25,26,27,28,29,30,31,32,33,34,35,36,37,38,39,40,41,42,43,44,45,46,47,48,49,50,51,52,53,54,55,56,57,58,59,60,61,62,63,64,65,66,67,68,69,70,71,72,73,74,75,76,77,78,79,80,81,82,83,84,85,86,87,88,89,90,91,92,93,94,95,96,97,98,99]
CFO=-425.9158631176136,STO=5
EsN0dB=38.75,GRXdB=17,N0=9.999999747378752e-05
packet_number=5,correct=True,payload=[0,1,2,3,4,5,6,7,8,9,10,11,12,13,14,15,16,17,18,19,20,21,22,23,24,25,26,27,28,29,30,31,32,33,34,35,36,37,38,39,40,41,42,43,44,45,46,47,48,49,50,51,52,53,54,55,56,57,58,59,60,61,62,63,64,65,66,67,68,69,70,71,72,73,74,75,76,77,78,79,80,81,82,83,84,85,86,87,88,89,90,91,92,93,94,95,96,97,98,99]
CFO=-418.90398024350793,STO=3
EsN0dB=38.75,GRXdB=17,N0=9.999999747378752e-05
packet_number=6,correct=True,payload=[0,1,2,3,4,5,6,7,8,9,10,11,12,13,14,15,16,17,18,19,20,21,22,23,24,25,26,27,28,29,30,31,32,33,34,35,36,37,38,39,40,41,42,43,44,45,46,47,48,49,50,51,52,53,54,55,56,57,58,59,60,61,62,63,64,65,66,67,68,69,70,71,72,73,74,75,76,77,78,79,80,81,82,83,84,85,86,87,88,89,90,91,92,93,94,95,96,97,98,99]
CFO=-466.3917597955698,STO=5
EsN0dB=38.75,GRXdB=17,N0=9.999999747378752e-05
packet_number=7,correct=True,payload=[0,1,2,3,4,5,6,7,8,9,10,11,12,13,14,15,16,17,18,19,20,21,22,23,24,25,26,27,28,29,30,31,32,33,34,35,36,37,38,39,40,41,42,43,44,45,46,47,48,49,50,51,52,53,54,55,56,57,58,59,60,61,62,63,64,65,66,67,68,69,70,71,72,73,74,75,76,77,78,79,80,81,82,83,84,85,86,87,88,89,90,91,92,93,94,95,96,97,98,99]
CFO=-408.95570892466225,STO=5
EsN0dB=38.75,GRXdB=17,N0=9.999999747378752e-05
packet_number=8,correct=True,payload=[0,1,2,3,4,5,6,7,8,9,10,11,12,13,14,15,16,17,18,19,20,21,22,23,24,25,26,27,28,29,30,31,32,33,34,35,36,37,38,39,40,41,42,43,44,45,46,47,48,49,50,51,52,53,54,55,56,57,58,59,60,61,62,63,64,65,66,67,68,69,70,71,72,73,74,75,76,77,78,79,80,81,82,83,84,85,86,87,88,89,90,91,92,93,94,95,96,97,98,99]
CFO=-419.1362778230922,STO=4
EsN0dB=38.74,GRXdB=17,N0=9.999999747378752e-05
packet_number=9,correct=True,payload=[0,1,2,3,4,5,6,7,8,9,10,11,12,13,14,15,16,17,18,19,20,21,22,23,24,25,26,27,28,29,30,31,32,33,34,35,36,37,38,39,40,41,42,43,44,45,46,47,48,49,50,51,52,53,54,55,56,57,58,59,60,61,62,63,64,65,66,67,68,69,70,71,72,73,74,75,76,77,78,79,80,81,82,83,84,85,86,87,88,89,90,91,92,93,94,95,96,97,98,99]
CFO=-463.53093624750665,STO=6
EsN0dB=38.75,GRXdB=17,N0=9.999999747378752e-05
packet_number=10,correct=True,payload=[0,1,2,3,4,5,6,7,8,9,10,11,12,13,14,15,16,17,18,19,20,21,22,23,24,25,26,27,28,29,30,31,32,33,34,35,36,37,38,39,40,41,42,43,44,45,46,47,48,49,50,51,52,53,54,55,56,57,58,59,60,61,62,63,64,65,66,67,68,69,70,71,72,73,74,75,76,77,78,79,80,81,82,83,84,85,86,87,88,89,90,91,92,93,94,95,96,97,98,99]
CFO=-456.93132525181835,STO=0
EsN0dB=38.74,GRXdB=17,N0=9.999999747378752e-05
packet_number=11,correct=True,payload=[0,1,2,3,4,5,6,7,8,9,10,11,12,13,14,15,16,17,18,19,20,21,22,23,24,25,26,27,28,29,30,31,32,33,34,35,36,37,38,39,40,41,42,43,44,45,46,47,48,49,50,51,52,53,54,55,56,57,58,59,60,61,62,63,64,65,66,67,68,69,70,71,72,73,74,75,76,77,78,79,80,81,82,83,84,85,86,87,88,89,90,91,92,93,94,95,96,97,98,99]
CFO=-443.71900020656534,STO=4
EsN0dB=38.73,GRXdB=17,N0=9.999999747378752e-05
packet_number=12,correct=True,payload=[0,1,2,3,4,5,6,7,8,9,10,11,12,13,14,15,16,17,18,19,20,21,22,23,24,25,26,27,28,29,30,31,32,33,34,35,36,37,38,39,40,41,42,43,44,45,46,47,48,49,50,51,52,53,54,55,56,57,58,59,60,61,62,63,64,65,66,67,68,69,70,71,72,73,74,75,76,77,78,79,80,81,82,83,84,85,86,87,88,89,90,91,92,93,94,95,96,97,98,99]
CFO=-431.9887728503522,STO=4
EsN0dB=38.75,GRXdB=17,N0=9.999999747378752e-05
packet_number=13,correct=True,payload=[0,1,2,3,4,5,6,7,8,9,10,11,12,13,14,15,16,17,18,19,20,21,22,23,24,25,26,27,28,29,30,31,32,33,34,35,36,37,38,39,40,41,42,43,44,45,46,47,48,49,50,51,52,53,54,55,56,57,58,59,60,61,62,63,64,65,66,67,68,69,70,71,72,73,74,75,76,77,78,79,80,81,82,83,84,85,86,87,88,89,90,91,92,93,94,95,96,97,98,99]
CFO=-766.0120594294402,STO=4
EsN0dB=0.18,GRXdB=17,N0=9.999999747378752e-05
packet_number=14,correct=False,payload=[56,23,84,124,79,253,149,91,122,56,201,236,75,120,185,254,60,40,193,207,145,134,186,0,178,61,92,5,226,175,185,37,204,198,164,70,133,15,24,178,45,242,87,200,45,22,144,115,158,42,174,246,82,68,121,206,142,178,238,238,207,191,74,106,13,229,113,255,236,128,184,136,209,63,140,79,148,104,225,168,47,20,52,48,115,115,156,25,186,251,179,124,233,125,57,200,151,9,227,6]
CFO=-468.63493147142276,STO=5
EsN0dB=38.75,GRXdB=17,N0=9.999999747378752e-05
packet_number=15,correct=True,payload=[0,1,2,3,4,5,6,7,8,9,10,11,12,13,14,15,16,17,18,19,20,21,22,23,24,25,26,27,28,29,30,31,32,33,34,35,36,37,38,39,40,41,42,43,44,45,46,47,48,49,50,51,52,53,54,55,56,57,58,59,60,61,62,63,64,65,66,67,68,69,70,71,72,73,74,75,76,77,78,79,80,81,82,83,84,85,86,87,88,89,90,91,92,93,94,95,96,97,98,99]
CFO=-447.8661760483142,STO=2
EsN0dB=38.75,GRXdB=17,N0=9.999999747378752e-05
packet_number=16,correct=True,payload=[0,1,2,3,4,5,6,7,8,9,10,11,12,13,14,15,16,17,18,19,20,21,22,23,24,25,26,27,28,29,30,31,32,33,34,35,36,37,38,39,40,41,42,43,44,45,46,47,48,49,50,51,52,53,54,55,56,57,58,59,60,61,62,63,64,65,66,67,68,69,70,71,72,73,74,75,76,77,78,79,80,81,82,83,84,85,86,87,88,89,90,91,92,93,94,95,96,97,98,99]
CFO=-433.3560557709222,STO=4
EsN0dB=38.75,GRXdB=17,N0=9.999999747378752e-05
packet_number=17,correct=True,payload=[0,1,2,3,4,5,6,7,8,9,10,11,12,13,14,15,16,17,18,19,20,21,22,23,24,25,26,27,28,29,30,31,32,33,34,35,36,37,38,39,40,41,42,43,44,45,46,47,48,49,50,51,52,53,54,55,56,57,58,59,60,61,62,63,64,65,66,67,68,69,70,71,72,73,74,75,76,77,78,79,80,81,82,83,84,85,86,87,88,89,90,91,92,93,94,95,96,97,98,99]
CFO=-430.86858032358447,STO=5
EsN0dB=38.75,GRXdB=17,N0=9.999999747378752e-05
packet_number=18,correct=True,payload=[0,1,2,3,4,5,6,7,8,9,10,11,12,13,14,15,16,17,18,19,20,21,22,23,24,25,26,27,28,29,30,31,32,33,34,35,36,37,38,39,40,41,42,43,44,45,46,47,48,49,50,51,52,53,54,55,56,57,58,59,60,61,62,63,64,65,66,67,68,69,70,71,72,73,74,75,76,77,78,79,80,81,82,83,84,85,86,87,88,89,90,91,92,93,94,95,96,97,98,99]
CFO=1111.5675156657621,STO=4
EsN0dB=1.05,GRXdB=17,N0=9.999999747378752e-05
packet_number=19,correct=False,payload=[184,162,158,166,227,1,243,138,15,178,237,115,222,236,124,7,246,16,81,132,133,86,217,169,65,102,229,196,38,33,93,162,23,194,16,15,27,12,16,112,249,198,182,154,33,204,54,27,92,210,26,39,239,215,185,81,66,23,32,125,230,250,151,42,240,212,71,221,19,161,6,81,251,153,4,231,103,57,222,130,83,94,207,219,100,8,64,87,209,186,138,140,74,157,113,31,183,139,66,59]
CFO=-430.54287160652314,STO=5
EsN0dB=38.75,GRXdB=17,N0=9.999999747378752e-05
packet_number=20,correct=True,payload=[0,1,2,3,4,5,6,7,8,9,10,11,12,13,14,15,16,17,18,19,20,21,22,23,24,25,26,27,28,29,30,31,32,33,34,35,36,37,38,39,40,41,42,43,44,45,46,47,48,49,50,51,52,53,54,55,56,57,58,59,60,61,62,63,64,65,66,67,68,69,70,71,72,73,74,75,76,77,78,79,80,81,82,83,84,85,86,87,88,89,90,91,92,93,94,95,96,97,98,99]
CFO=-426.72072264871537,STO=3
EsN0dB=38.75,GRXdB=17,N0=9.999999747378752e-05
packet_number=21,correct=True,payload=[0,1,2,3,4,5,6,7,8,9,10,11,12,13,14,15,16,17,18,19,20,21,22,23,24,25,26,27,28,29,30,31,32,33,34,35,36,37,38,39,40,41,42,43,44,45,46,47,48,49,50,51,52,53,54,55,56,57,58,59,60,61,62,63,64,65,66,67,68,69,70,71,72,73,74,75,76,77,78,79,80,81,82,83,84,85,86,87,88,89,90,91,92,93,94,95,96,97,98,99]
CFO=-468.7916641543301,STO=5
EsN0dB=38.74,GRXdB=17,N0=9.999999747378752e-05
packet_number=22,correct=True,payload=[0,1,2,3,4,5,6,7,8,9,10,11,12,13,14,15,16,17,18,19,20,21,22,23,24,25,26,27,28,29,30,31,32,33,34,35,36,37,38,39,40,41,42,43,44,45,46,47,48,49,50,51,52,53,54,55,56,57,58,59,60,61,62,63,64,65,66,67,68,69,70,71,72,73,74,75,76,77,78,79,80,81,82,83,84,85,86,87,88,89,90,91,92,93,94,95,96,97,98,99]
CFO=-452.34825053178884,STO=0
EsN0dB=38.75,GRXdB=17,N0=9.999999747378752e-05
packet_number=23,correct=True,payload=[0,1,2,3,4,5,6,7,8,9,10,11,12,13,14,15,16,17,18,19,20,21,22,23,24,25,26,27,28,29,30,31,32,33,34,35,36,37,38,39,40,41,42,43,44,45,46,47,48,49,50,51,52,53,54,55,56,57,58,59,60,61,62,63,64,65,66,67,68,69,70,71,72,73,74,75,76,77,78,79,80,81,82,83,84,85,86,87,88,89,90,91,92,93,94,95,96,97,98,99]
CFO=-431.96170703996927,STO=3
EsN0dB=38.75,GRXdB=17,N0=9.999999747378752e-05
packet_number=24,correct=True,payload=[0,1,2,3,4,5,6,7,8,9,10,11,12,13,14,15,16,17,18,19,20,21,22,23,24,25,26,27,28,29,30,31,32,33,34,35,36,37,38,39,40,41,42,43,44,45,46,47,48,49,50,51,52,53,54,55,56,57,58,59,60,61,62,63,64,65,66,67,68,69,70,71,72,73,74,75,76,77,78,79,80,81,82,83,84,85,86,87,88,89,90,91,92,93,94,95,96,97,98,99]
CFO=-436.16200657526264,STO=3
EsN0dB=38.74,GRXdB=17,N0=9.999999747378752e-05
packet_number=25,correct=True,payload=[0,1,2,3,4,5,6,7,8,9,10,11,12,13,14,15,16,17,18,19,20,21,22,23,24,25,26,27,28,29,30,31,32,33,34,35,36,37,38,39,40,41,42,43,44,45,46,47,48,49,50,51,52,53,54,55,56,57,58,59,60,61,62,63,64,65,66,67,68,69,70,71,72,73,74,75,76,77,78,79,80,81,82,83,84,85,86,87,88,89,90,91,92,93,94,95,96,97,98,99]
CFO=26.978031779901187,STO=5
EsN0dB=-0.05,GRXdB=17,N0=9.999999747378752e-05
packet_number=26,correct=False,payload=[234,126,82,3,228,12,226,206,121,69,248,46,153,138,130,204,57,235,152,33,62,186,84,80,131,152,25,155,248,112,223,138,70,247,186,26,47,235,175,155,158,166,126,136,143,141,25,29,115,47,132,160,54,162,131,23,110,82,3,2,72,241,13,185,84,95,250,182,157,29,187,54,144,69,179,70,248,78,145,239,22,250,123,197,206,196,174,195,53,119,196,66,116,214,99,241,125,115,133,170]
CFO=-479.42004918818634,STO=5
EsN0dB=38.74,GRXdB=17,N0=9.999999747378752e-05
packet_number=27,correct=True,payload=[0,1,2,3,4,5,6,7,8,9,10,11,12,13,14,15,16,17,18,19,20,21,22,23,24,25,26,27,28,29,30,31,32,33,34,35,36,37,38,39,40,41,42,43,44,45,46,47,48,49,50,51,52,53,54,55,56,57,58,59,60,61,62,63,64,65,66,67,68,69,70,71,72,73,74,75,76,77,78,79,80,81,82,83,84,85,86,87,88,89,90,91,92,93,94,95,96,97,98,99]
CFO=-450.1421350037767,STO=3
EsN0dB=38.75,GRXdB=17,N0=9.999999747378752e-05
packet_number=28,correct=True,payload=[0,1,2,3,4,5,6,7,8,9,10,11,12,13,14,15,16,17,18,19,20,21,22,23,24,25,26,27,28,29,30,31,32,33,34,35,36,37,38,39,40,41,42,43,44,45,46,47,48,49,50,51,52,53,54,55,56,57,58,59,60,61,62,63,64,65,66,67,68,69,70,71,72,73,74,75,76,77,78,79,80,81,82,83,84,85,86,87,88,89,90,91,92,93,94,95,96,97,98,99]
CFO=-444.43127865790166,STO=4
EsN0dB=38.75,GRXdB=17,N0=9.999999747378752e-05
packet_number=29,correct=True,payload=[0,1,2,3,4,5,6,7,8,9,10,11,12,13,14,15,16,17,18,19,20,21,22,23,24,25,26,27,28,29,30,31,32,33,34,35,36,37,38,39,40,41,42,43,44,45,46,47,48,49,50,51,52,53,54,55,56,57,58,59,60,61,62,63,64,65,66,67,68,69,70,71,72,73,74,75,76,77,78,79,80,81,82,83,84,85,86,87,88,89,90,91,92,93,94,95,96,97,98,99]
CFO=-437.89051282498457,STO=4
EsN0dB=38.75,GRXdB=17,N0=9.999999747378752e-05
packet_number=30,correct=True,payload=[0,1,2,3,4,5,6,7,8,9,10,11,12,13,14,15,16,17,18,19,20,21,22,23,24,25,26,27,28,29,30,31,32,33,34,35,36,37,38,39,40,41,42,43,44,45,46,47,48,49,50,51,52,53,54,55,56,57,58,59,60,61,62,63,64,65,66,67,68,69,70,71,72,73,74,75,76,77,78,79,80,81,82,83,84,85,86,87,88,89,90,91,92,93,94,95,96,97,98,99]
CFO=-483.2690860868674,STO=5
EsN0dB=38.73,GRXdB=17,N0=9.999999747378752e-05
packet_number=31,correct=True,payload=[0,1,2,3,4,5,6,7,8,9,10,11,12,13,14,15,16,17,18,19,20,21,22,23,24,25,26,27,28,29,30,31,32,33,34,35,36,37,38,39,40,41,42,43,44,45,46,47,48,49,50,51,52,53,54,55,56,57,58,59,60,61,62,63,64,65,66,67,68,69,70,71,72,73,74,75,76,77,78,79,80,81,82,83,84,85,86,87,88,89,90,91,92,93,94,95,96,97,98,99]
CFO=-428.81415784237333,STO=4
EsN0dB=38.75,GRXdB=17,N0=9.999999747378752e-05
packet_number=32,correct=True,payload=[0,1,2,3,4,5,6,7,8,9,10,11,12,13,14,15,16,17,18,19,20,21,22,23,24,25,26,27,28,29,30,31,32,33,34,35,36,37,38,39,40,41,42,43,44,45,46,47,48,49,50,51,52,53,54,55,56,57,58,59,60,61,62,63,64,65,66,67,68,69,70,71,72,73,74,75,76,77,78,79,80,81,82,83,84,85,86,87,88,89,90,91,92,93,94,95,96,97,98,99]
CFO=-435.8140641694968,STO=3
EsN0dB=38.76,GRXdB=17,N0=9.999999747378752e-05
packet_number=33,correct=True,payload=[0,1,2,3,4,5,6,7,8,9,10,11,12,13,14,15,16,17,18,19,20,21,22,23,24,25,26,27,28,29,30,31,32,33,34,35,36,37,38,39,40,41,42,43,44,45,46,47,48,49,50,51,52,53,54,55,56,57,58,59,60,61,62,63,64,65,66,67,68,69,70,71,72,73,74,75,76,77,78,79,80,81,82,83,84,85,86,87,88,89,90,91,92,93,94,95,96,97,98,99]
CFO=-465.54880654448766,STO=5
EsN0dB=38.74,GRXdB=17,N0=9.999999747378752e-05
packet_number=34,correct=True,payload=[0,1,2,3,4,5,6,7,8,9,10,11,12,13,14,15,16,17,18,19,20,21,22,23,24,25,26,27,28,29,30,31,32,33,34,35,36,37,38,39,40,41,42,43,44,45,46,47,48,49,50,51,52,53,54,55,56,57,58,59,60,61,62,63,64,65,66,67,68,69,70,71,72,73,74,75,76,77,78,79,80,81,82,83,84,85,86,87,88,89,90,91,92,93,94,95,96,97,98,99]
CFO=-458.095006873692,STO=1
EsN0dB=38.74,GRXdB=17,N0=9.999999747378752e-05
packet_number=35,correct=True,payload=[0,1,2,3,4,5,6,7,8,9,10,11,12,13,14,15,16,17,18,19,20,21,22,23,24,25,26,27,28,29,30,31,32,33,34,35,36,37,38,39,40,41,42,43,44,45,46,47,48,49,50,51,52,53,54,55,56,57,58,59,60,61,62,63,64,65,66,67,68,69,70,71,72,73,74,75,76,77,78,79,80,81,82,83,84,85,86,87,88,89,90,91,92,93,94,95,96,97,98,99]
CFO=-431.15886336331005,STO=3
EsN0dB=38.74,GRXdB=17,N0=9.999999747378752e-05
packet_number=36,correct=True,payload=[0,1,2,3,4,5,6,7,8,9,10,11,12,13,14,15,16,17,18,19,20,21,22,23,24,25,26,27,28,29,30,31,32,33,34,35,36,37,38,39,40,41,42,43,44,45,46,47,48,49,50,51,52,53,54,55,56,57,58,59,60,61,62,63,64,65,66,67,68,69,70,71,72,73,74,75,76,77,78,79,80,81,82,83,84,85,86,87,88,89,90,91,92,93,94,95,96,97,98,99]
CFO=-433.83114523115927,STO=3
EsN0dB=38.74,GRXdB=17,N0=9.999999747378752e-05
packet_number=37,correct=True,payload=[0,1,2,3,4,5,6,7,8,9,10,11,12,13,14,15,16,17,18,19,20,21,22,23,24,25,26,27,28,29,30,31,32,33,34,35,36,37,38,39,40,41,42,43,44,45,46,47,48,49,50,51,52,53,54,55,56,57,58,59,60,61,62,63,64,65,66,67,68,69,70,71,72,73,74,75,76,77,78,79,80,81,82,83,84,85,86,87,88,89,90,91,92,93,94,95,96,97,98,99]
CFO=-478.6368304474236,STO=5
EsN0dB=38.74,GRXdB=17,N0=9.999999747378752e-05
packet_number=38,correct=True,payload=[0,1,2,3,4,5,6,7,8,9,10,11,12,13,14,15,16,17,18,19,20,21,22,23,24,25,26,27,28,29,30,31,32,33,34,35,36,37,38,39,40,41,42,43,44,45,46,47,48,49,50,51,52,53,54,55,56,57,58,59,60,61,62,63,64,65,66,67,68,69,70,71,72,73,74,75,76,77,78,79,80,81,82,83,84,85,86,87,88,89,90,91,92,93,94,95,96,97,98,99]
CFO=-428.41593765521714,STO=4
EsN0dB=38.74,GRXdB=17,N0=9.999999747378752e-05
packet_number=39,correct=True,payload=[0,1,2,3,4,5,6,7,8,9,10,11,12,13,14,15,16,17,18,19,20,21,22,23,24,25,26,27,28,29,30,31,32,33,34,35,36,37,38,39,40,41,42,43,44,45,46,47,48,49,50,51,52,53,54,55,56,57,58,59,60,61,62,63,64,65,66,67,68,69,70,71,72,73,74,75,76,77,78,79,80,81,82,83,84,85,86,87,88,89,90,91,92,93,94,95,96,97,98,99]
CFO=-443.2319638442644,STO=4
EsN0dB=38.74,GRXdB=17,N0=9.999999747378752e-05
packet_number=40,correct=True,payload=[0,1,2,3,4,5,6,7,8,9,10,11,12,13,14,15,16,17,18,19,20,21,22,23,24,25,26,27,28,29,30,31,32,33,34,35,36,37,38,39,40,41,42,43,44,45,46,47,48,49,50,51,52,53,54,55,56,57,58,59,60,61,62,63,64,65,66,67,68,69,70,71,72,73,74,75,76,77,78,79,80,81,82,83,84,85,86,87,88,89,90,91,92,93,94,95,96,97,98,99]
CFO=-438.52601093799484,STO=3
EsN0dB=38.74,GRXdB=17,N0=9.999999747378752e-05
packet_number=41,correct=True,payload=[0,1,2,3,4,5,6,7,8,9,10,11,12,13,14,15,16,17,18,19,20,21,22,23,24,25,26,27,28,29,30,31,32,33,34,35,36,37,38,39,40,41,42,43,44,45,46,47,48,49,50,51,52,53,54,55,56,57,58,59,60,61,62,63,64,65,66,67,68,69,70,71,72,73,74,75,76,77,78,79,80,81,82,83,84,85,86,87,88,89,90,91,92,93,94,95,96,97,98,99]
CFO=-453.6099382534718,STO=6
EsN0dB=38.73,GRXdB=17,N0=9.999999747378752e-05
packet_number=42,correct=True,payload=[0,1,2,3,4,5,6,7,8,9,10,11,12,13,14,15,16,17,18,19,20,21,22,23,24,25,26,27,28,29,30,31,32,33,34,35,36,37,38,39,40,41,42,43,44,45,46,47,48,49,50,51,52,53,54,55,56,57,58,59,60,61,62,63,64,65,66,67,68,69,70,71,72,73,74,75,76,77,78,79,80,81,82,83,84,85,86,87,88,89,90,91,92,93,94,95,96,97,98,99]
CFO=-454.2275011909271,STO=0
EsN0dB=38.74,GRXdB=17,N0=9.999999747378752e-05
packet_number=43,correct=True,payload=[0,1,2,3,4,5,6,7,8,9,10,11,12,13,14,15,16,17,18,19,20,21,22,23,24,25,26,27,28,29,30,31,32,33,34,35,36,37,38,39,40,41,42,43,44,45,46,47,48,49,50,51,52,53,54,55,56,57,58,59,60,61,62,63,64,65,66,67,68,69,70,71,72,73,74,75,76,77,78,79,80,81,82,83,84,85,86,87,88,89,90,91,92,93,94,95,96,97,98,99]
CFO=-406.557227521979,STO=4
EsN0dB=38.74,GRXdB=17,N0=9.999999747378752e-05
packet_number=44,correct=True,payload=[0,1,2,3,4,5,6,7,8,9,10,11,12,13,14,15,16,17,18,19,20,21,22,23,24,25,26,27,28,29,30,31,32,33,34,35,36,37,38,39,40,41,42,43,44,45,46,47,48,49,50,51,52,53,54,55,56,57,58,59,60,61,62,63,64,65,66,67,68,69,70,71,72,73,74,75,76,77,78,79,80,81,82,83,84,85,86,87,88,89,90,91,92,93,94,95,96,97,98,99]
CFO=-440.7667813754677,STO=0
EsN0dB=38.73,GRXdB=17,N0=9.999999747378752e-05
packet_number=45,correct=True,payload=[0,1,2,3,4,5,6,7,8,9,10,11,12,13,14,15,16,17,18,19,20,21,22,23,24,25,26,27,28,29,30,31,32,33,34,35,36,37,38,39,40,41,42,43,44,45,46,47,48,49,50,51,52,53,54,55,56,57,58,59,60,61,62,63,64,65,66,67,68,69,70,71,72,73,74,75,76,77,78,79,80,81,82,83,84,85,86,87,88,89,90,91,92,93,94,95,96,97,98,99]
CFO=-458.5613214381204,STO=4
EsN0dB=38.72,GRXdB=17,N0=9.999999747378752e-05
packet_number=46,correct=True,payload=[0,1,2,3,4,5,6,7,8,9,10,11,12,13,14,15,16,17,18,19,20,21,22,23,24,25,26,27,28,29,30,31,32,33,34,35,36,37,38,39,40,41,42,43,44,45,46,47,48,49,50,51,52,53,54,55,56,57,58,59,60,61,62,63,64,65,66,67,68,69,70,71,72,73,74,75,76,77,78,79,80,81,82,83,84,85,86,87,88,89,90,91,92,93,94,95,96,97,98,99]
CFO=-437.0724020154149,STO=4
EsN0dB=38.74,GRXdB=17,N0=9.999999747378752e-05
packet_number=47,correct=True,payload=[0,1,2,3,4,5,6,7,8,9,10,11,12,13,14,15,16,17,18,19,20,21,22,23,24,25,26,27,28,29,30,31,32,33,34,35,36,37,38,39,40,41,42,43,44,45,46,47,48,49,50,51,52,53,54,55,56,57,58,59,60,61,62,63,64,65,66,67,68,69,70,71,72,73,74,75,76,77,78,79,80,81,82,83,84,85,86,87,88,89,90,91,92,93,94,95,96,97,98,99]
CFO=-423.19505251855213,STO=4
EsN0dB=38.75,GRXdB=17,N0=9.999999747378752e-05
packet_number=48,correct=True,payload=[0,1,2,3,4,5,6,7,8,9,10,11,12,13,14,15,16,17,18,19,20,21,22,23,24,25,26,27,28,29,30,31,32,33,34,35,36,37,38,39,40,41,42,43,44,45,46,47,48,49,50,51,52,53,54,55,56,57,58,59,60,61,62,63,64,65,66,67,68,69,70,71,72,73,74,75,76,77,78,79,80,81,82,83,84,85,86,87,88,89,90,91,92,93,94,95,96,97,98,99]
CFO=-462.1348977562122,STO=4
EsN0dB=38.74,GRXdB=17,N0=9.999999747378752e-05
packet_number=49,correct=True,payload=[0,1,2,3,4,5,6,7,8,9,10,11,12,13,14,15,16,17,18,19,20,21,22,23,24,25,26,27,28,29,30,31,32,33,34,35,36,37,38,39,40,41,42,43,44,45,46,47,48,49,50,51,52,53,54,55,56,57,58,59,60,61,62,63,64,65,66,67,68,69,70,71,72,73,74,75,76,77,78,79,80,81,82,83,84,85,86,87,88,89,90,91,92,93,94,95,96,97,98,99]
CFO=-457.5717444212619,STO=1
EsN0dB=38.74,GRXdB=17,N0=9.999999747378752e-05
packet_number=50,correct=True,payload=[0,1,2,3,4,5,6,7,8,9,10,11,12,13,14,15,16,17,18,19,20,21,22,23,24,25,26,27,28,29,30,31,32,33,34,35,36,37,38,39,40,41,42,43,44,45,46,47,48,49,50,51,52,53,54,55,56,57,58,59,60,61,62,63,64,65,66,67,68,69,70,71,72,73,74,75,76,77,78,79,80,81,82,83,84,85,86,87,88,89,90,91,92,93,94,95,96,97,98,99]
CFO=-428.51652286291613,STO=4
EsN0dB=38.74,GRXdB=17,N0=9.999999747378752e-05
packet_number=51,correct=True,payload=[0,1,2,3,4,5,6,7,8,9,10,11,12,13,14,15,16,17,18,19,20,21,22,23,24,25,26,27,28,29,30,31,32,33,34,35,36,37,38,39,40,41,42,43,44,45,46,47,48,49,50,51,52,53,54,55,56,57,58,59,60,61,62,63,64,65,66,67,68,69,70,71,72,73,74,75,76,77,78,79,80,81,82,83,84,85,86,87,88,89,90,91,92,93,94,95,96,97,98,99]
CFO=-419.17511266602935,STO=3
EsN0dB=38.73,GRXdB=17,N0=9.999999747378752e-05
packet_number=52,correct=True,payload=[0,1,2,3,4,5,6,7,8,9,10,11,12,13,14,15,16,17,18,19,20,21,22,23,24,25,26,27,28,29,30,31,32,33,34,35,36,37,38,39,40,41,42,43,44,45,46,47,48,49,50,51,52,53,54,55,56,57,58,59,60,61,62,63,64,65,66,67,68,69,70,71,72,73,74,75,76,77,78,79,80,81,82,83,84,85,86,87,88,89,90,91,92,93,94,95,96,97,98,99]
CFO=-458.7346256303421,STO=6
EsN0dB=38.75,GRXdB=17,N0=9.999999747378752e-05
packet_number=53,correct=True,payload=[0,1,2,3,4,5,6,7,8,9,10,11,12,13,14,15,16,17,18,19,20,21,22,23,24,25,26,27,28,29,30,31,32,33,34,35,36,37,38,39,40,41,42,43,44,45,46,47,48,49,50,51,52,53,54,55,56,57,58,59,60,61,62,63,64,65,66,67,68,69,70,71,72,73,74,75,76,77,78,79,80,81,82,83,84,85,86,87,88,89,90,91,92,93,94,95,96,97,98,99]
CFO=-464.43231963250406,STO=0
EsN0dB=38.74,GRXdB=17,N0=9.999999747378752e-05
packet_number=54,correct=True,payload=[0,1,2,3,4,5,6,7,8,9,10,11,12,13,14,15,16,17,18,19,20,21,22,23,24,25,26,27,28,29,30,31,32,33,34,35,36,37,38,39,40,41,42,43,44,45,46,47,48,49,50,51,52,53,54,55,56,57,58,59,60,61,62,63,64,65,66,67,68,69,70,71,72,73,74,75,76,77,78,79,80,81,82,83,84,85,86,87,88,89,90,91,92,93,94,95,96,97,98,99]
CFO=-422.09421812341645,STO=2
EsN0dB=38.75,GRXdB=17,N0=9.999999747378752e-05
packet_number=55,correct=True,payload=[0,1,2,3,4,5,6,7,8,9,10,11,12,13,14,15,16,17,18,19,20,21,22,23,24,25,26,27,28,29,30,31,32,33,34,35,36,37,38,39,40,41,42,43,44,45,46,47,48,49,50,51,52,53,54,55,56,57,58,59,60,61,62,63,64,65,66,67,68,69,70,71,72,73,74,75,76,77,78,79,80,81,82,83,84,85,86,87,88,89,90,91,92,93,94,95,96,97,98,99]
CFO=-439.79677000466916,STO=4
EsN0dB=38.73,GRXdB=17,N0=9.999999747378752e-05
packet_number=56,correct=True,payload=[0,1,2,3,4,5,6,7,8,9,10,11,12,13,14,15,16,17,18,19,20,21,22,23,24,25,26,27,28,29,30,31,32,33,34,35,36,37,38,39,40,41,42,43,44,45,46,47,48,49,50,51,52,53,54,55,56,57,58,59,60,61,62,63,64,65,66,67,68,69,70,71,72,73,74,75,76,77,78,79,80,81,82,83,84,85,86,87,88,89,90,91,92,93,94,95,96,97,98,99]
CFO=-450.76313675175163,STO=5
EsN0dB=38.74,GRXdB=17,N0=9.999999747378752e-05
packet_number=57,correct=True,payload=[0,1,2,3,4,5,6,7,8,9,10,11,12,13,14,15,16,17,18,19,20,21,22,23,24,25,26,27,28,29,30,31,32,33,34,35,36,37,38,39,40,41,42,43,44,45,46,47,48,49,50,51,52,53,54,55,56,57,58,59,60,61,62,63,64,65,66,67,68,69,70,71,72,73,74,75,76,77,78,79,80,81,82,83,84,85,86,87,88,89,90,91,92,93,94,95,96,97,98,99]
CFO=-448.7784984081542,STO=4
EsN0dB=38.74,GRXdB=17,N0=9.999999747378752e-05
packet_number=58,correct=True,payload=[0,1,2,3,4,5,6,7,8,9,10,11,12,13,14,15,16,17,18,19,20,21,22,23,24,25,26,27,28,29,30,31,32,33,34,35,36,37,38,39,40,41,42,43,44,45,46,47,48,49,50,51,52,53,54,55,56,57,58,59,60,61,62,63,64,65,66,67,68,69,70,71,72,73,74,75,76,77,78,79,80,81,82,83,84,85,86,87,88,89,90,91,92,93,94,95,96,97,98,99]
CFO=-431.00927510570637,STO=4
EsN0dB=38.74,GRXdB=17,N0=9.999999747378752e-05
packet_number=59,correct=True,payload=[0,1,2,3,4,5,6,7,8,9,10,11,12,13,14,15,16,17,18,19,20,21,22,23,24,25,26,27,28,29,30,31,32,33,34,35,36,37,38,39,40,41,42,43,44,45,46,47,48,49,50,51,52,53,54,55,56,57,58,59,60,61,62,63,64,65,66,67,68,69,70,71,72,73,74,75,76,77,78,79,80,81,82,83,84,85,86,87,88,89,90,91,92,93,94,95,96,97,98,99]
CFO=-461.1600246188169,STO=4
EsN0dB=38.73,GRXdB=17,N0=9.999999747378752e-05
packet_number=60,correct=True,payload=[0,1,2,3,4,5,6,7,8,9,10,11,12,13,14,15,16,17,18,19,20,21,22,23,24,25,26,27,28,29,30,31,32,33,34,35,36,37,38,39,40,41,42,43,44,45,46,47,48,49,50,51,52,53,54,55,56,57,58,59,60,61,62,63,64,65,66,67,68,69,70,71,72,73,74,75,76,77,78,79,80,81,82,83,84,85,86,87,88,89,90,91,92,93,94,95,96,97,98,99]
CFO=-447.8607806731886,STO=7
EsN0dB=38.75,GRXdB=17,N0=9.999999747378752e-05
packet_number=61,correct=True,payload=[0,1,2,3,4,5,6,7,8,9,10,11,12,13,14,15,16,17,18,19,20,21,22,23,24,25,26,27,28,29,30,31,32,33,34,35,36,37,38,39,40,41,42,43,44,45,46,47,48,49,50,51,52,53,54,55,56,57,58,59,60,61,62,63,64,65,66,67,68,69,70,71,72,73,74,75,76,77,78,79,80,81,82,83,84,85,86,87,88,89,90,91,92,93,94,95,96,97,98,99]
CFO=-424.11235522466194,STO=4
EsN0dB=38.75,GRXdB=17,N0=9.999999747378752e-05
packet_number=62,correct=True,payload=[0,1,2,3,4,5,6,7,8,9,10,11,12,13,14,15,16,17,18,19,20,21,22,23,24,25,26,27,28,29,30,31,32,33,34,35,36,37,38,39,40,41,42,43,44,45,46,47,48,49,50,51,52,53,54,55,56,57,58,59,60,61,62,63,64,65,66,67,68,69,70,71,72,73,74,75,76,77,78,79,80,81,82,83,84,85,86,87,88,89,90,91,92,93,94,95,96,97,98,99]
CFO=-444.28933878921237,STO=4
EsN0dB=38.75,GRXdB=17,N0=9.999999747378752e-05
packet_number=63,correct=True,payload=[0,1,2,3,4,5,6,7,8,9,10,11,12,13,14,15,16,17,18,19,20,21,22,23,24,25,26,27,28,29,30,31,32,33,34,35,36,37,38,39,40,41,42,43,44,45,46,47,48,49,50,51,52,53,54,55,56,57,58,59,60,61,62,63,64,65,66,67,68,69,70,71,72,73,74,75,76,77,78,79,80,81,82,83,84,85,86,87,88,89,90,91,92,93,94,95,96,97,98,99]
CFO=252.1136659137873,STO=3
EsN0dB=0.52,GRXdB=17,N0=9.999999747378752e-05
packet_number=64,correct=False,payload=[228,144,71,228,198,71,232,96,49,63,99,177,64,236,214,108,94,201,218,87,185,130,194,96,192,123,198,133,208,103,97,144,114,241,127,55,238,156,223,242,168,23,189,207,194,151,137,186,244,124,252,144,128,34,173,166,184,68,97,246,5,79,25,5,49,159,91,19,127,238,76,86,220,52,151,233,20,28,126,22,100,44,223,138,247,182,171,226,112,134,136,157,22,164,177,59,30,48,36,207]
CFO=-461.42771823081875,STO=4
EsN0dB=38.74,GRXdB=17,N0=9.999999747378752e-05
packet_number=65,correct=True,payload=[0,1,2,3,4,5,6,7,8,9,10,11,12,13,14,15,16,17,18,19,20,21,22,23,24,25,26,27,28,29,30,31,32,33,34,35,36,37,38,39,40,41,42,43,44,45,46,47,48,49,50,51,52,53,54,55,56,57,58,59,60,61,62,63,64,65,66,67,68,69,70,71,72,73,74,75,76,77,78,79,80,81,82,83,84,85,86,87,88,89,90,91,92,93,94,95,96,97,98,99]
CFO=-444.5719437951053,STO=1
EsN0dB=38.74,GRXdB=17,N0=9.999999747378752e-05
packet_number=66,correct=True,payload=[0,1,2,3,4,5,6,7,8,9,10,11,12,13,14,15,16,17,18,19,20,21,22,23,24,25,26,27,28,29,30,31,32,33,34,35,36,37,38,39,40,41,42,43,44,45,46,47,48,49,50,51,52,53,54,55,56,57,58,59,60,61,62,63,64,65,66,67,68,69,70,71,72,73,74,75,76,77,78,79,80,81,82,83,84,85,86,87,88,89,90,91,92,93,94,95,96,97,98,99]
CFO=-428.44332955970106,STO=3
EsN0dB=38.74,GRXdB=17,N0=9.999999747378752e-05
packet_number=67,correct=True,payload=[0,1,2,3,4,5,6,7,8,9,10,11,12,13,14,15,16,17,18,19,20,21,22,23,24,25,26,27,28,29,30,31,32,33,34,35,36,37,38,39,40,41,42,43,44,45,46,47,48,49,50,51,52,53,54,55,56,57,58,59,60,61,62,63,64,65,66,67,68,69,70,71,72,73,74,75,76,77,78,79,80,81,82,83,84,85,86,87,88,89,90,91,92,93,94,95,96,97,98,99]
CFO=-428.2576930814779,STO=4
EsN0dB=38.74,GRXdB=17,N0=9.999999747378752e-05
packet_number=68,correct=True,payload=[0,1,2,3,4,5,6,7,8,9,10,11,12,13,14,15,16,17,18,19,20,21,22,23,24,25,26,27,28,29,30,31,32,33,34,35,36,37,38,39,40,41,42,43,44,45,46,47,48,49,50,51,52,53,54,55,56,57,58,59,60,61,62,63,64,65,66,67,68,69,70,71,72,73,74,75,76,77,78,79,80,81,82,83,84,85,86,87,88,89,90,91,92,93,94,95,96,97,98,99]
CFO=-471.9533539779421,STO=5
EsN0dB=38.75,GRXdB=17,N0=9.999999747378752e-05
packet_number=69,correct=True,payload=[0,1,2,3,4,5,6,7,8,9,10,11,12,13,14,15,16,17,18,19,20,21,22,23,24,25,26,27,28,29,30,31,32,33,34,35,36,37,38,39,40,41,42,43,44,45,46,47,48,49,50,51,52,53,54,55,56,57,58,59,60,61,62,63,64,65,66,67,68,69,70,71,72,73,74,75,76,77,78,79,80,81,82,83,84,85,86,87,88,89,90,91,92,93,94,95,96,97,98,99]
CFO=-441.6304564244224,STO=4
EsN0dB=38.74,GRXdB=17,N0=9.999999747378752e-05
packet_number=70,correct=True,payload=[0,1,2,3,4,5,6,7,8,9,10,11,12,13,14,15,16,17,18,19,20,21,22,23,24,25,26,27,28,29,30,31,32,33,34,35,36,37,38,39,40,41,42,43,44,45,46,47,48,49,50,51,52,53,54,55,56,57,58,59,60,61,62,63,64,65,66,67,68,69,70,71,72,73,74,75,76,77,78,79,80,81,82,83,84,85,86,87,88,89,90,91,92,93,94,95,96,97,98,99]
CFO=-426.4561121082139,STO=4
EsN0dB=38.75,GRXdB=17,N0=9.999999747378752e-05
packet_number=71,correct=True,payload=[0,1,2,3,4,5,6,7,8,9,10,11,12,13,14,15,16,17,18,19,20,21,22,23,24,25,26,27,28,29,30,31,32,33,34,35,36,37,38,39,40,41,42,43,44,45,46,47,48,49,50,51,52,53,54,55,56,57,58,59,60,61,62,63,64,65,66,67,68,69,70,71,72,73,74,75,76,77,78,79,80,81,82,83,84,85,86,87,88,89,90,91,92,93,94,95,96,97,98,99]
CFO=-473.32075547818516,STO=5
EsN0dB=38.73,GRXdB=17,N0=9.999999747378752e-05
packet_number=72,correct=True,payload=[0,1,2,3,4,5,6,7,8,9,10,11,12,13,14,15,16,17,18,19,20,21,22,23,24,25,26,27,28,29,30,31,32,33,34,35,36,37,38,39,40,41,42,43,44,45,46,47,48,49,50,51,52,53,54,55,56,57,58,59,60,61,62,63,64,65,66,67,68,69,70,71,72,73,74,75,76,77,78,79,80,81,82,83,84,85,86,87,88,89,90,91,92,93,94,95,96,97,98,99]
CFO=-434.214750473607,STO=1
EsN0dB=38.75,GRXdB=17,N0=9.999999747378752e-05
packet_number=73,correct=True,payload=[0,1,2,3,4,5,6,7,8,9,10,11,12,13,14,15,16,17,18,19,20,21,22,23,24,25,26,27,28,29,30,31,32,33,34,35,36,37,38,39,40,41,42,43,44,45,46,47,48,49,50,51,52,53,54,55,56,57,58,59,60,61,62,63,64,65,66,67,68,69,70,71,72,73,74,75,76,77,78,79,80,81,82,83,84,85,86,87,88,89,90,91,92,93,94,95,96,97,98,99]
CFO=-440.72708682990066,STO=4
EsN0dB=38.74,GRXdB=17,N0=9.999999747378752e-05
packet_number=74,correct=True,payload=[0,1,2,3,4,5,6,7,8,9,10,11,12,13,14,15,16,17,18,19,20,21,22,23,24,25,26,27,28,29,30,31,32,33,34,35,36,37,38,39,40,41,42,43,44,45,46,47,48,49,50,51,52,53,54,55,56,57,58,59,60,61,62,63,64,65,66,67,68,69,70,71,72,73,74,75,76,77,78,79,80,81,82,83,84,85,86,87,88,89,90,91,92,93,94,95,96,97,98,99]
CFO=-450.81288092461307,STO=3
EsN0dB=38.74,GRXdB=17,N0=9.999999747378752e-05
packet_number=75,correct=True,payload=[0,1,2,3,4,5,6,7,8,9,10,11,12,13,14,15,16,17,18,19,20,21,22,23,24,25,26,27,28,29,30,31,32,33,34,35,36,37,38,39,40,41,42,43,44,45,46,47,48,49,50,51,52,53,54,55,56,57,58,59,60,61,62,63,64,65,66,67,68,69,70,71,72,73,74,75,76,77,78,79,80,81,82,83,84,85,86,87,88,89,90,91,92,93,94,95,96,97,98,99]
CFO=-486.41918474743477,STO=5
EsN0dB=38.74,GRXdB=17,N0=9.999999747378752e-05
packet_number=76,correct=True,payload=[0,1,2,3,4,5,6,7,8,9,10,11,12,13,14,15,16,17,18,19,20,21,22,23,24,25,26,27,28,29,30,31,32,33,34,35,36,37,38,39,40,41,42,43,44,45,46,47,48,49,50,51,52,53,54,55,56,57,58,59,60,61,62,63,64,65,66,67,68,69,70,71,72,73,74,75,76,77,78,79,80,81,82,83,84,85,86,87,88,89,90,91,92,93,94,95,96,97,98,99]
CFO=-450.7994221317173,STO=3
EsN0dB=38.75,GRXdB=17,N0=9.999999747378752e-05
packet_number=77,correct=True,payload=[0,1,2,3,4,5,6,7,8,9,10,11,12,13,14,15,16,17,18,19,20,21,22,23,24,25,26,27,28,29,30,31,32,33,34,35,36,37,38,39,40,41,42,43,44,45,46,47,48,49,50,51,52,53,54,55,56,57,58,59,60,61,62,63,64,65,66,67,68,69,70,71,72,73,74,75,76,77,78,79,80,81,82,83,84,85,86,87,88,89,90,91,92,93,94,95,96,97,98,99]
CFO=-439.5859946357508,STO=3
EsN0dB=38.74,GRXdB=17,N0=9.999999747378752e-05
packet_number=78,correct=True,payload=[0,1,2,3,4,5,6,7,8,9,10,11,12,13,14,15,16,17,18,19,20,21,22,23,24,25,26,27,28,29,30,31,32,33,34,35,36,37,38,39,40,41,42,43,44,45,46,47,48,49,50,51,52,53,54,55,56,57,58,59,60,61,62,63,64,65,66,67,68,69,70,71,72,73,74,75,76,77,78,79,80,81,82,83,84,85,86,87,88,89,90,91,92,93,94,95,96,97,98,99]
CFO=-438.79082899292416,STO=4
EsN0dB=38.74,GRXdB=17,N0=9.999999747378752e-05
packet_number=79,correct=True,payload=[0,1,2,3,4,5,6,7,8,9,10,11,12,13,14,15,16,17,18,19,20,21,22,23,24,25,26,27,28,29,30,31,32,33,34,35,36,37,38,39,40,41,42,43,44,45,46,47,48,49,50,51,52,53,54,55,56,57,58,59,60,61,62,63,64,65,66,67,68,69,70,71,72,73,74,75,76,77,78,79,80,81,82,83,84,85,86,87,88,89,90,91,92,93,94,95,96,97,98,99]
CFO=-481.2836176855584,STO=4
EsN0dB=38.74,GRXdB=17,N0=9.999999747378752e-05
packet_number=80,correct=True,payload=[0,1,2,3,4,5,6,7,8,9,10,11,12,13,14,15,16,17,18,19,20,21,22,23,24,25,26,27,28,29,30,31,32,33,34,35,36,37,38,39,40,41,42,43,44,45,46,47,48,49,50,51,52,53,54,55,56,57,58,59,60,61,62,63,64,65,66,67,68,69,70,71,72,73,74,75,76,77,78,79,80,81,82,83,84,85,86,87,88,89,90,91,92,93,94,95,96,97,98,99]
CFO=-431.2408612072521,STO=1
EsN0dB=38.72,GRXdB=17,N0=9.999999747378752e-05
packet_number=81,correct=True,payload=[0,1,2,3,4,5,6,7,8,9,10,11,12,13,14,15,16,17,18,19,20,21,22,23,24,25,26,27,28,29,30,31,32,33,34,35,36,37,38,39,40,41,42,43,44,45,46,47,48,49,50,51,52,53,54,55,56,57,58,59,60,61,62,63,64,65,66,67,68,69,70,71,72,73,74,75,76,77,78,79,80,81,82,83,84,85,86,87,88,89,90,91,92,93,94,95,96,97,98,99]
CFO=-440.8815961439376,STO=4
EsN0dB=38.74,GRXdB=17,N0=9.999999747378752e-05
packet_number=82,correct=True,payload=[0,1,2,3,4,5,6,7,8,9,10,11,12,13,14,15,16,17,18,19,20,21,22,23,24,25,26,27,28,29,30,31,32,33,34,35,36,37,38,39,40,41,42,43,44,45,46,47,48,49,50,51,52,53,54,55,56,57,58,59,60,61,62,63,64,65,66,67,68,69,70,71,72,73,74,75,76,77,78,79,80,81,82,83,84,85,86,87,88,89,90,91,92,93,94,95,96,97,98,99]
CFO=-453.0535031374946,STO=5
EsN0dB=38.75,GRXdB=17,N0=9.999999747378752e-05
packet_number=83,correct=True,payload=[0,1,2,3,4,5,6,7,8,9,10,11,12,13,14,15,16,17,18,19,20,21,22,23,24,25,26,27,28,29,30,31,32,33,34,35,36,37,38,39,40,41,42,43,44,45,46,47,48,49,50,51,52,53,54,55,56,57,58,59,60,61,62,63,64,65,66,67,68,69,70,71,72,73,74,75,76,77,78,79,80,81,82,83,84,85,86,87,88,89,90,91,92,93,94,95,96,97,98,99]
CFO=-467.24772716577354,STO=0
EsN0dB=38.74,GRXdB=17,N0=9.999999747378752e-05
packet_number=84,correct=True,payload=[0,1,2,3,4,5,6,7,8,9,10,11,12,13,14,15,16,17,18,19,20,21,22,23,24,25,26,27,28,29,30,31,32,33,34,35,36,37,38,39,40,41,42,43,44,45,46,47,48,49,50,51,52,53,54,55,56,57,58,59,60,61,62,63,64,65,66,67,68,69,70,71,72,73,74,75,76,77,78,79,80,81,82,83,84,85,86,87,88,89,90,91,92,93,94,95,96,97,98,99]
CFO=-416.26407062641243,STO=4
EsN0dB=38.72,GRXdB=17,N0=9.999999747378752e-05
packet_number=85,correct=True,payload=[0,1,2,3,4,5,6,7,8,9,10,11,12,13,14,15,16,17,18,19,20,21,22,23,24,25,26,27,28,29,30,31,32,33,34,35,36,37,38,39,40,41,42,43,44,45,46,47,48,49,50,51,52,53,54,55,56,57,58,59,60,61,62,63,64,65,66,67,68,69,70,71,72,73,74,75,76,77,78,79,80,81,82,83,84,85,86,87,88,89,90,91,92,93,94,95,96,97,98,99]
CFO=-436.11878428442117,STO=3
EsN0dB=38.74,GRXdB=17,N0=9.999999747378752e-05
packet_number=86,correct=True,payload=[0,1,2,3,4,5,6,7,8,9,10,11,12,13,14,15,16,17,18,19,20,21,22,23,24,25,26,27,28,29,30,31,32,33,34,35,36,37,38,39,40,41,42,43,44,45,46,47,48,49,50,51,52,53,54,55,56,57,58,59,60,61,62,63,64,65,66,67,68,69,70,71,72,73,74,75,76,77,78,79,80,81,82,83,84,85,86,87,88,89,90,91,92,93,94,95,96,97,98,99]
CFO=-464.32630940476116,STO=5
EsN0dB=38.75,GRXdB=17,N0=9.999999747378752e-05
packet_number=87,correct=True,payload=[0,1,2,3,4,5,6,7,8,9,10,11,12,13,14,15,16,17,18,19,20,21,22,23,24,25,26,27,28,29,30,31,32,33,34,35,36,37,38,39,40,41,42,43,44,45,46,47,48,49,50,51,52,53,54,55,56,57,58,59,60,61,62,63,64,65,66,67,68,69,70,71,72,73,74,75,76,77,78,79,80,81,82,83,84,85,86,87,88,89,90,91,92,93,94,95,96,97,98,99]
CFO=-429.92009116345184,STO=4
EsN0dB=38.75,GRXdB=17,N0=9.999999747378752e-05
packet_number=88,correct=True,payload=[0,1,2,3,4,5,6,7,8,9,10,11,12,13,14,15,16,17,18,19,20,21,22,23,24,25,26,27,28,29,30,31,32,33,34,35,36,37,38,39,40,41,42,43,44,45,46,47,48,49,50,51,52,53,54,55,56,57,58,59,60,61,62,63,64,65,66,67,68,69,70,71,72,73,74,75,76,77,78,79,80,81,82,83,84,85,86,87,88,89,90,91,92,93,94,95,96,97,98,99]
CFO=-426.58029467085794,STO=4
EsN0dB=38.74,GRXdB=17,N0=9.999999747378752e-05
packet_number=89,correct=True,payload=[0,1,2,3,4,5,6,7,8,9,10,11,12,13,14,15,16,17,18,19,20,21,22,23,24,25,26,27,28,29,30,31,32,33,34,35,36,37,38,39,40,41,42,43,44,45,46,47,48,49,50,51,52,53,54,55,56,57,58,59,60,61,62,63,64,65,66,67,68,69,70,71,72,73,74,75,76,77,78,79,80,81,82,83,84,85,86,87,88,89,90,91,92,93,94,95,96,97,98,99]
CFO=-421.56381124568264,STO=4
EsN0dB=38.72,GRXdB=17,N0=9.999999747378752e-05
packet_number=90,correct=True,payload=[0,1,2,3,4,5,6,7,8,9,10,11,12,13,14,15,16,17,18,19,20,21,22,23,24,25,26,27,28,29,30,31,32,33,34,35,36,37,38,39,40,41,42,43,44,45,46,47,48,49,50,51,52,53,54,55,56,57,58,59,60,61,62,63,64,65,66,67,68,69,70,71,72,73,74,75,76,77,78,79,80,81,82,83,84,85,86,87,88,89,90,91,92,93,94,95,96,97,98,99]
CFO=-475.92150415824256,STO=6
EsN0dB=38.75,GRXdB=17,N0=9.999999747378752e-05
packet_number=91,correct=True,payload=[0,1,2,3,4,5,6,7,8,9,10,11,12,13,14,15,16,17,18,19,20,21,22,23,24,25,26,27,28,29,30,31,32,33,34,35,36,37,38,39,40,41,42,43,44,45,46,47,48,49,50,51,52,53,54,55,56,57,58,59,60,61,62,63,64,65,66,67,68,69,70,71,72,73,74,75,76,77,78,79,80,81,82,83,84,85,86,87,88,89,90,91,92,93,94,95,96,97,98,99]
CFO=-419.5851018857398,STO=4
EsN0dB=38.74,GRXdB=17,N0=9.999999747378752e-05
packet_number=92,correct=True,payload=[0,1,2,3,4,5,6,7,8,9,10,11,12,13,14,15,16,17,18,19,20,21,22,23,24,25,26,27,28,29,30,31,32,33,34,35,36,37,38,39,40,41,42,43,44,45,46,47,48,49,50,51,52,53,54,55,56,57,58,59,60,61,62,63,64,65,66,67,68,69,70,71,72,73,74,75,76,77,78,79,80,81,82,83,84,85,86,87,88,89,90,91,92,93,94,95,96,97,98,99]
CFO=-417.4781486093495,STO=4
EsN0dB=38.75,GRXdB=17,N0=9.999999747378752e-05
packet_number=93,correct=True,payload=[0,1,2,3,4,5,6,7,8,9,10,11,12,13,14,15,16,17,18,19,20,21,22,23,24,25,26,27,28,29,30,31,32,33,34,35,36,37,38,39,40,41,42,43,44,45,46,47,48,49,50,51,52,53,54,55,56,57,58,59,60,61,62,63,64,65,66,67,68,69,70,71,72,73,74,75,76,77,78,79,80,81,82,83,84,85,86,87,88,89,90,91,92,93,94,95,96,97,98,99]
CFO=-473.53336883203644,STO=5
EsN0dB=38.75,GRXdB=17,N0=9.999999747378752e-05
packet_number=94,correct=True,payload=[0,1,2,3,4,5,6,7,8,9,10,11,12,13,14,15,16,17,18,19,20,21,22,23,24,25,26,27,28,29,30,31,32,33,34,35,36,37,38,39,40,41,42,43,44,45,46,47,48,49,50,51,52,53,54,55,56,57,58,59,60,61,62,63,64,65,66,67,68,69,70,71,72,73,74,75,76,77,78,79,80,81,82,83,84,85,86,87,88,89,90,91,92,93,94,95,96,97,98,99]
CFO=471.96138775079396,STO=5
EsN0dB=1.00,GRXdB=17,N0=9.999999747378752e-05
packet_number=95,correct=False,payload=[176,245,25,159,55,61,42,5,22,29,229,172,54,100,133,37,16,80,3,216,189,55,190,69,44,110,101,140,129,165,236,209,83,223,182,67,254,62,81,85,108,174,111,22,131,80,101,232,173,31,67,227,149,171,6,68,161,51,239,131,102,82,55,255,62,121,144,79,224,113,30,196,144,125,124,187,211,180,78,22,110,134,64,206,28,9,91,176,81,133,24,109,141,179,86,139,167,224,203,183]
CFO=-423.9606325329426,STO=2
EsN0dB=38.73,GRXdB=17,N0=9.999999747378752e-05
packet_number=96,correct=True,payload=[0,1,2,3,4,5,6,7,8,9,10,11,12,13,14,15,16,17,18,19,20,21,22,23,24,25,26,27,28,29,30,31,32,33,34,35,36,37,38,39,40,41,42,43,44,45,46,47,48,49,50,51,52,53,54,55,56,57,58,59,60,61,62,63,64,65,66,67,68,69,70,71,72,73,74,75,76,77,78,79,80,81,82,83,84,85,86,87,88,89,90,91,92,93,94,95,96,97,98,99]
CFO=-422.7734721357971,STO=3
EsN0dB=38.74,GRXdB=17,N0=9.999999747378752e-05
packet_number=97,correct=True,payload=[0,1,2,3,4,5,6,7,8,9,10,11,12,13,14,15,16,17,18,19,20,21,22,23,24,25,26,27,28,29,30,31,32,33,34,35,36,37,38,39,40,41,42,43,44,45,46,47,48,49,50,51,52,53,54,55,56,57,58,59,60,61,62,63,64,65,66,67,68,69,70,71,72,73,74,75,76,77,78,79,80,81,82,83,84,85,86,87,88,89,90,91,92,93,94,95,96,97,98,99]
CFO=-467.46288998259627,STO=4
EsN0dB=38.73,GRXdB=17,N0=9.999999747378752e-05
packet_number=98,correct=True,payload=[0,1,2,3,4,5,6,7,8,9,10,11,12,13,14,15,16,17,18,19,20,21,22,23,24,25,26,27,28,29,30,31,32,33,34,35,36,37,38,39,40,41,42,43,44,45,46,47,48,49,50,51,52,53,54,55,56,57,58,59,60,61,62,63,64,65,66,67,68,69,70,71,72,73,74,75,76,77,78,79,80,81,82,83,84,85,86,87,88,89,90,91,92,93,94,95,96,97,98,99]
CFO=-459.4281981382485,STO=1
EsN0dB=38.75,GRXdB=17,N0=9.999999747378752e-05
packet_number=99,correct=True,payload=[0,1,2,3,4,5,6,7,8,9,10,11,12,13,14,15,16,17,18,19,20,21,22,23,24,25,26,27,28,29,30,31,32,33,34,35,36,37,38,39,40,41,42,43,44,45,46,47,48,49,50,51,52,53,54,55,56,57,58,59,60,61,62,63,64,65,66,67,68,69,70,71,72,73,74,75,76,77,78,79,80,81,82,83,84,85,86,87,88,89,90,91,92,93,94,95,96,97,98,99]
CFO=-408.3762693521055,STO=5
EsN0dB=38.73,GRXdB=17,N0=9.999999747378752e-05
packet_number=100,correct=True,payload=[0,1,2,3,4,5,6,7,8,9,10,11,12,13,14,15,16,17,18,19,20,21,22,23,24,25,26,27,28,29,30,31,32,33,34,35,36,37,38,39,40,41,42,43,44,45,46,47,48,49,50,51,52,53,54,55,56,57,58,59,60,61,62,63,64,65,66,67,68,69,70,71,72,73,74,75,76,77,78,79,80,81,82,83,84,85,86,87,88,89,90,91,92,93,94,95,96,97,98,99]
CFO=-422.553151103195,STO=4
EsN0dB=38.74,GRXdB=17,N0=9.999999747378752e-05
packet_number=101,correct=True,payload=[0,1,2,3,4,5,6,7,8,9,10,11,12,13,14,15,16,17,18,19,20,21,22,23,24,25,26,27,28,29,30,31,32,33,34,35,36,37,38,39,40,41,42,43,44,45,46,47,48,49,50,51,52,53,54,55,56,57,58,59,60,61,62,63,64,65,66,67,68,69,70,71,72,73,74,75,76,77,78,79,80,81,82,83,84,85,86,87,88,89,90,91,92,93,94,95,96,97,98,99]
CFO=-462.56095452162634,STO=5
EsN0dB=38.75,GRXdB=17,N0=9.999999747378752e-05
packet_number=102,correct=True,payload=[0,1,2,3,4,5,6,7,8,9,10,11,12,13,14,15,16,17,18,19,20,21,22,23,24,25,26,27,28,29,30,31,32,33,34,35,36,37,38,39,40,41,42,43,44,45,46,47,48,49,50,51,52,53,54,55,56,57,58,59,60,61,62,63,64,65,66,67,68,69,70,71,72,73,74,75,76,77,78,79,80,81,82,83,84,85,86,87,88,89,90,91,92,93,94,95,96,97,98,99]
CFO=-480.03764177055996,STO=7
EsN0dB=38.73,GRXdB=17,N0=9.999999747378752e-05
packet_number=103,correct=True,payload=[0,1,2,3,4,5,6,7,8,9,10,11,12,13,14,15,16,17,18,19,20,21,22,23,24,25,26,27,28,29,30,31,32,33,34,35,36,37,38,39,40,41,42,43,44,45,46,47,48,49,50,51,52,53,54,55,56,57,58,59,60,61,62,63,64,65,66,67,68,69,70,71,72,73,74,75,76,77,78,79,80,81,82,83,84,85,86,87,88,89,90,91,92,93,94,95,96,97,98,99]
CFO=-409.8847806633263,STO=5
EsN0dB=33.74,GRXdB=17,N0=0.0003162277571391314
packet_number=104,correct=True,payload=[0,1,2,3,4,5,6,7,8,9,10,11,12,13,14,15,16,17,18,19,20,21,22,23,24,25,26,27,28,29,30,31,32,33,34,35,36,37,38,39,40,41,42,43,44,45,46,47,48,49,50,51,52,53,54,55,56,57,58,59,60,61,62,63,64,65,66,67,68,69,70,71,72,73,74,75,76,77,78,79,80,81,82,83,84,85,86,87,88,89,90,91,92,93,94,95,96,97,98,99]
CFO=-432.00979109740746,STO=4
EsN0dB=33.76,GRXdB=17,N0=0.0003162277571391314
packet_number=105,correct=True,payload=[0,1,2,3,4,5,6,7,8,9,10,11,12,13,14,15,16,17,18,19,20,21,22,23,24,25,26,27,28,29,30,31,32,33,34,35,36,37,38,39,40,41,42,43,44,45,46,47,48,49,50,51,52,53,54,55,56,57,58,59,60,61,62,63,64,65,66,67,68,69,70,71,72,73,74,75,76,77,78,79,80,81,82,83,84,85,86,87,88,89,90,91,92,93,94,95,96,97,98,99]
CFO=-417.15700520970216,STO=4
EsN0dB=33.76,GRXdB=17,N0=0.0003162277571391314
packet_number=106,correct=True,payload=[0,1,2,3,4,5,6,7,8,9,10,11,12,13,14,15,16,17,18,19,20,21,22,23,24,25,26,27,28,29,30,31,32,33,34,35,36,37,38,39,40,41,42,43,44,45,46,47,48,49,50,51,52,53,54,55,56,57,58,59,60,61,62,63,64,65,66,67,68,69,70,71,72,73,74,75,76,77,78,79,80,81,82,83,84,85,86,87,88,89,90,91,92,93,94,95,96,97,98,99]
CFO=-472.8628304256279,STO=5
EsN0dB=33.73,GRXdB=17,N0=0.0003162277571391314
packet_number=107,correct=True,payload=[0,1,2,3,4,5,6,7,8,9,10,11,12,13,14,15,16,17,18,19,20,21,22,23,24,25,26,27,28,29,30,31,32,33,34,35,36,37,38,39,40,41,42,43,44,45,46,47,48,49,50,51,52,53,54,55,56,57,58,59,60,61,62,63,64,65,66,67,68,69,70,71,72,73,74,75,76,77,78,79,80,81,82,83,84,85,86,87,88,89,90,91,92,93,94,95,96,97,98,99]
CFO=-427.44951331952956,STO=7
EsN0dB=33.72,GRXdB=17,N0=0.0003162277571391314
packet_number=108,correct=True,payload=[0,1,2,3,4,5,6,7,8,9,10,11,12,13,14,15,16,17,18,19,20,21,22,23,24,25,26,27,28,29,30,31,32,33,34,35,36,37,38,39,40,41,42,43,44,45,46,47,48,49,50,51,52,53,54,55,56,57,58,59,60,61,62,63,64,65,66,67,68,69,70,71,72,73,74,75,76,77,78,79,80,81,82,83,84,85,86,87,88,89,90,91,92,93,94,95,96,97,98,99]
CFO=-432.29479734168046,STO=5
EsN0dB=33.73,GRXdB=17,N0=0.0003162277571391314
packet_number=109,correct=True,payload=[0,1,2,3,4,5,6,7,8,9,10,11,12,13,14,15,16,17,18,19,20,21,22,23,24,25,26,27,28,29,30,31,32,33,34,35,36,37,38,39,40,41,42,43,44,45,46,47,48,49,50,51,52,53,54,55,56,57,58,59,60,61,62,63,64,65,66,67,68,69,70,71,72,73,74,75,76,77,78,79,80,81,82,83,84,85,86,87,88,89,90,91,92,93,94,95,96,97,98,99]
CFO=-439.86575372948954,STO=3
EsN0dB=33.75,GRXdB=17,N0=0.0003162277571391314
packet_number=110,correct=True,payload=[0,1,2,3,4,5,6,7,8,9,10,11,12,13,14,15,16,17,18,19,20,21,22,23,24,25,26,27,28,29,30,31,32,33,34,35,36,37,38,39,40,41,42,43,44,45,46,47,48,49,50,51,52,53,54,55,56,57,58,59,60,61,62,63,64,65,66,67,68,69,70,71,72,73,74,75,76,77,78,79,80,81,82,83,84,85,86,87,88,89,90,91,92,93,94,95,96,97,98,99]
CFO=-476.4276911377476,STO=6
EsN0dB=33.75,GRXdB=17,N0=0.0003162277571391314
packet_number=111,correct=True,payload=[0,1,2,3,4,5,6,7,8,9,10,11,12,13,14,15,16,17,18,19,20,21,22,23,24,25,26,27,28,29,30,31,32,33,34,35,36,37,38,39,40,41,42,43,44,45,46,47,48,49,50,51,52,53,54,55,56,57,58,59,60,61,62,63,64,65,66,67,68,69,70,71,72,73,74,75,76,77,78,79,80,81,82,83,84,85,86,87,88,89,90,91,92,93,94,95,96,97,98,99]
CFO=-428.95233280644203,STO=2
EsN0dB=33.76,GRXdB=17,N0=0.0003162277571391314
packet_number=112,correct=True,payload=[0,1,2,3,4,5,6,7,8,9,10,11,12,13,14,15,16,17,18,19,20,21,22,23,24,25,26,27,28,29,30,31,32,33,34,35,36,37,38,39,40,41,42,43,44,45,46,47,48,49,50,51,52,53,54,55,56,57,58,59,60,61,62,63,64,65,66,67,68,69,70,71,72,73,74,75,76,77,78,79,80,81,82,83,84,85,86,87,88,89,90,91,92,93,94,95,96,97,98,99]
CFO=-451.32360357661383,STO=3
EsN0dB=33.74,GRXdB=17,N0=0.0003162277571391314
packet_number=113,correct=True,payload=[0,1,2,3,4,5,6,7,8,9,10,11,12,13,14,15,16,17,18,19,20,21,22,23,24,25,26,27,28,29,30,31,32,33,34,35,36,37,38,39,40,41,42,43,44,45,46,47,48,49,50,51,52,53,54,55,56,57,58,59,60,61,62,63,64,65,66,67,68,69,70,71,72,73,74,75,76,77,78,79,80,81,82,83,84,85,86,87,88,89,90,91,92,93,94,95,96,97,98,99]
CFO=-463.9568447883295,STO=5
EsN0dB=33.76,GRXdB=17,N0=0.0003162277571391314
packet_number=114,correct=True,payload=[0,1,2,3,4,5,6,7,8,9,10,11,12,13,14,15,16,17,18,19,20,21,22,23,24,25,26,27,28,29,30,31,32,33,34,35,36,37,38,39,40,41,42,43,44,45,46,47,48,49,50,51,52,53,54,55,56,57,58,59,60,61,62,63,64,65,66,67,68,69,70,71,72,73,74,75,76,77,78,79,80,81,82,83,84,85,86,87,88,89,90,91,92,93,94,95,96,97,98,99]
CFO=-436.6069175086982,STO=0
EsN0dB=33.77,GRXdB=17,N0=0.0003162277571391314
packet_number=115,correct=True,payload=[0,1,2,3,4,5,6,7,8,9,10,11,12,13,14,15,16,17,18,19,20,21,22,23,24,25,26,27,28,29,30,31,32,33,34,35,36,37,38,39,40,41,42,43,44,45,46,47,48,49,50,51,52,53,54,55,56,57,58,59,60,61,62,63,64,65,66,67,68,69,70,71,72,73,74,75,76,77,78,79,80,81,82,83,84,85,86,87,88,89,90,91,92,93,94,95,96,97,98,99]
CFO=-420.8885592972688,STO=4
EsN0dB=33.75,GRXdB=17,N0=0.0003162277571391314
packet_number=116,correct=True,payload=[0,1,2,3,4,5,6,7,8,9,10,11,12,13,14,15,16,17,18,19,20,21,22,23,24,25,26,27,28,29,30,31,32,33,34,35,36,37,38,39,40,41,42,43,44,45,46,47,48,49,50,51,52,53,54,55,56,57,58,59,60,61,62,63,64,65,66,67,68,69,70,71,72,73,74,75,76,77,78,79,80,81,82,83,84,85,86,87,88,89,90,91,92,93,94,95,96,97,98,99]
CFO=-413.9560062244607,STO=3
EsN0dB=33.75,GRXdB=17,N0=0.0003162277571391314
packet_number=117,correct=True,payload=[0,1,2,3,4,5,6,7,8,9,10,11,12,13,14,15,16,17,18,19,20,21,22,23,24,25,26,27,28,29,30,31,32,33,34,35,36,37,38,39,40,41,42,43,44,45,46,47,48,49,50,51,52,53,54,55,56,57,58,59,60,61,62,63,64,65,66,67,68,69,70,71,72,73,74,75,76,77,78,79,80,81,82,83,84,85,86,87,88,89,90,91,92,93,94,95,96,97,98,99]
CFO=-453.14062955229787,STO=5
EsN0dB=33.74,GRXdB=17,N0=0.0003162277571391314
packet_number=118,correct=True,payload=[0,1,2,3,4,5,6,7,8,9,10,11,12,13,14,15,16,17,18,19,20,21,22,23,24,25,26,27,28,29,30,31,32,33,34,35,36,37,38,39,40,41,42,43,44,45,46,47,48,49,50,51,52,53,54,55,56,57,58,59,60,61,62,63,64,65,66,67,68,69,70,71,72,73,74,75,76,77,78,79,80,81,82,83,84,85,86,87,88,89,90,91,92,93,94,95,96,97,98,99]
CFO=-450.3176625648689,STO=2
EsN0dB=33.76,GRXdB=17,N0=0.0003162277571391314
packet_number=119,correct=True,payload=[0,1,2,3,4,5,6,7,8,9,10,11,12,13,14,15,16,17,18,19,20,21,22,23,24,25,26,27,28,29,30,31,32,33,34,35,36,37,38,39,40,41,42,43,44,45,46,47,48,49,50,51,52,53,54,55,56,57,58,59,60,61,62,63,64,65,66,67,68,69,70,71,72,73,74,75,76,77,78,79,80,81,82,83,84,85,86,87,88,89,90,91,92,93,94,95,96,97,98,99]
CFO=-428.9623824337364,STO=4
EsN0dB=33.74,GRXdB=17,N0=0.0003162277571391314
packet_number=120,correct=True,payload=[0,1,2,3,4,5,6,7,8,9,10,11,12,13,14,15,16,17,18,19,20,21,22,23,24,25,26,27,28,29,30,31,32,33,34,35,36,37,38,39,40,41,42,43,44,45,46,47,48,49,50,51,52,53,54,55,56,57,58,59,60,61,62,63,64,65,66,67,68,69,70,71,72,73,74,75,76,77,78,79,80,81,82,83,84,85,86,87,88,89,90,91,92,93,94,95,96,97,98,99]
CFO=-434.6118737987871,STO=4
EsN0dB=33.75,GRXdB=17,N0=0.0003162277571391314
packet_number=121,correct=True,payload=[0,1,2,3,4,5,6,7,8,9,10,11,12,13,14,15,16,17,18,19,20,21,22,23,24,25,26,27,28,29,30,31,32,33,34,35,36,37,38,39,40,41,42,43,44,45,46,47,48,49,50,51,52,53,54,55,56,57,58,59,60,61,62,63,64,65,66,67,68,69,70,71,72,73,74,75,76,77,78,79,80,81,82,83,84,85,86,87,88,89,90,91,92,93,94,95,96,97,98,99]
CFO=-479.1094000896075,STO=5
EsN0dB=33.75,GRXdB=17,N0=0.0003162277571391314
packet_number=122,correct=True,payload=[0,1,2,3,4,5,6,7,8,9,10,11,12,13,14,15,16,17,18,19,20,21,22,23,24,25,26,27,28,29,30,31,32,33,34,35,36,37,38,39,40,41,42,43,44,45,46,47,48,49,50,51,52,53,54,55,56,57,58,59,60,61,62,63,64,65,66,67,68,69,70,71,72,73,74,75,76,77,78,79,80,81,82,83,84,85,86,87,88,89,90,91,92,93,94,95,96,97,98,99]
CFO=-448.7231513457392,STO=0
EsN0dB=33.75,GRXdB=17,N0=0.0003162277571391314
packet_number=123,correct=True,payload=[0,1,2,3,4,5,6,7,8,9,10,11,12,13,14,15,16,17,18,19,20,21,22,23,24,25,26,27,28,29,30,31,32,33,34,35,36,37,38,39,40,41,42,43,44,45,46,47,48,49,50,51,52,53,54,55,56,57,58,59,60,61,62,63,64,65,66,67,68,69,70,71,72,73,74,75,76,77,78,79,80,81,82,83,84,85,86,87,88,89,90,91,92,93,94,95,96,97,98,99]
CFO=-417.7994698785065,STO=4
EsN0dB=33.75,GRXdB=17,N0=0.0003162277571391314
packet_number=124,correct=True,payload=[0,1,2,3,4,5,6,7,8,9,10,11,12,13,14,15,16,17,18,19,20,21,22,23,24,25,26,27,28,29,30,31,32,33,34,35,36,37,38,39,40,41,42,43,44,45,46,47,48,49,50,51,52,53,54,55,56,57,58,59,60,61,62,63,64,65,66,67,68,69,70,71,72,73,74,75,76,77,78,79,80,81,82,83,84,85,86,87,88,89,90,91,92,93,94,95,96,97,98,99]
CFO=-457.79583035848464,STO=7
EsN0dB=33.75,GRXdB=17,N0=0.0003162277571391314
packet_number=125,correct=True,payload=[0,1,2,3,4,5,6,7,8,9,10,11,12,13,14,15,16,17,18,19,20,21,22,23,24,25,26,27,28,29,30,31,32,33,34,35,36,37,38,39,40,41,42,43,44,45,46,47,48,49,50,51,52,53,54,55,56,57,58,59,60,61,62,63,64,65,66,67,68,69,70,71,72,73,74,75,76,77,78,79,80,81,82,83,84,85,86,87,88,89,90,91,92,93,94,95,96,97,98,99]
CFO=-472.6901191317716,STO=4
EsN0dB=33.75,GRXdB=17,N0=0.0003162277571391314
packet_number=126,correct=True,payload=[0,1,2,3,4,5,6,7,8,9,10,11,12,13,14,15,16,17,18,19,20,21,22,23,24,25,26,27,28,29,30,31,32,33,34,35,36,37,38,39,40,41,42,43,44,45,46,47,48,49,50,51,52,53,54,55,56,57,58,59,60,61,62,63,64,65,66,67,68,69,70,71,72,73,74,75,76,77,78,79,80,81,82,83,84,85,86,87,88,89,90,91,92,93,94,95,96,97,98,99]
CFO=-426.1997724999105,STO=4
EsN0dB=33.74,GRXdB=17,N0=0.0003162277571391314
packet_number=127,correct=True,payload=[0,1,2,3,4,5,6,7,8,9,10,11,12,13,14,15,16,17,18,19,20,21,22,23,24,25,26,27,28,29,30,31,32,33,34,35,36,37,38,39,40,41,42,43,44,45,46,47,48,49,50,51,52,53,54,55,56,57,58,59,60,61,62,63,64,65,66,67,68,69,70,71,72,73,74,75,76,77,78,79,80,81,82,83,84,85,86,87,88,89,90,91,92,93,94,95,96,97,98,99]
CFO=-428.82159871685974,STO=3
EsN0dB=33.75,GRXdB=17,N0=0.0003162277571391314
packet_number=128,correct=True,payload=[0,1,2,3,4,5,6,7,8,9,10,11,12,13,14,15,16,17,18,19,20,21,22,23,24,25,26,27,28,29,30,31,32,33,34,35,36,37,38,39,40,41,42,43,44,45,46,47,48,49,50,51,52,53,54,55,56,57,58,59,60,61,62,63,64,65,66,67,68,69,70,71,72,73,74,75,76,77,78,79,80,81,82,83,84,85,86,87,88,89,90,91,92,93,94,95,96,97,98,99]
CFO=-470.34991963841236,STO=4
EsN0dB=33.74,GRXdB=17,N0=0.0003162277571391314
packet_number=129,correct=True,payload=[0,1,2,3,4,5,6,7,8,9,10,11,12,13,14,15,16,17,18,19,20,21,22,23,24,25,26,27,28,29,30,31,32,33,34,35,36,37,38,39,40,41,42,43,44,45,46,47,48,49,50,51,52,53,54,55,56,57,58,59,60,61,62,63,64,65,66,67,68,69,70,71,72,73,74,75,76,77,78,79,80,81,82,83,84,85,86,87,88,89,90,91,92,93,94,95,96,97,98,99]
CFO=-444.4666450454009,STO=3
EsN0dB=33.75,GRXdB=17,N0=0.0003162277571391314
packet_number=130,correct=True,payload=[0,1,2,3,4,5,6,7,8,9,10,11,12,13,14,15,16,17,18,19,20,21,22,23,24,25,26,27,28,29,30,31,32,33,34,35,36,37,38,39,40,41,42,43,44,45,46,47,48,49,50,51,52,53,54,55,56,57,58,59,60,61,62,63,64,65,66,67,68,69,70,71,72,73,74,75,76,77,78,79,80,81,82,83,84,85,86,87,88,89,90,91,92,93,94,95,96,97,98,99]
CFO=-419.40417894952196,STO=4
EsN0dB=33.75,GRXdB=17,N0=0.0003162277571391314
packet_number=131,correct=True,payload=[0,1,2,3,4,5,6,7,8,9,10,11,12,13,14,15,16,17,18,19,20,21,22,23,24,25,26,27,28,29,30,31,32,33,34,35,36,37,38,39,40,41,42,43,44,45,46,47,48,49,50,51,52,53,54,55,56,57,58,59,60,61,62,63,64,65,66,67,68,69,70,71,72,73,74,75,76,77,78,79,80,81,82,83,84,85,86,87,88,89,90,91,92,93,94,95,96,97,98,99]
CFO=-424.9418793277665,STO=4
EsN0dB=33.74,GRXdB=17,N0=0.0003162277571391314
packet_number=132,correct=True,payload=[0,1,2,3,4,5,6,7,8,9,10,11,12,13,14,15,16,17,18,19,20,21,22,23,24,25,26,27,28,29,30,31,32,33,34,35,36,37,38,39,40,41,42,43,44,45,46,47,48,49,50,51,52,53,54,55,56,57,58,59,60,61,62,63,64,65,66,67,68,69,70,71,72,73,74,75,76,77,78,79,80,81,82,83,84,85,86,87,88,89,90,91,92,93,94,95,96,97,98,99]
CFO=-486.10379246193236,STO=4
EsN0dB=33.73,GRXdB=17,N0=0.0003162277571391314
packet_number=133,correct=True,payload=[0,1,2,3,4,5,6,7,8,9,10,11,12,13,14,15,16,17,18,19,20,21,22,23,24,25,26,27,28,29,30,31,32,33,34,35,36,37,38,39,40,41,42,43,44,45,46,47,48,49,50,51,52,53,54,55,56,57,58,59,60,61,62,63,64,65,66,67,68,69,70,71,72,73,74,75,76,77,78,79,80,81,82,83,84,85,86,87,88,89,90,91,92,93,94,95,96,97,98,99]
CFO=-490.68188683569207,STO=0
EsN0dB=33.75,GRXdB=17,N0=0.0003162277571391314
packet_number=134,correct=True,payload=[0,1,2,3,4,5,6,7,8,9,10,11,12,13,14,15,16,17,18,19,20,21,22,23,24,25,26,27,28,29,30,31,32,33,34,35,36,37,38,39,40,41,42,43,44,45,46,47,48,49,50,51,52,53,54,55,56,57,58,59,60,61,62,63,64,65,66,67,68,69,70,71,72,73,74,75,76,77,78,79,80,81,82,83,84,85,86,87,88,89,90,91,92,93,94,95,96,97,98,99]
CFO=-417.34065547840106,STO=4
EsN0dB=33.74,GRXdB=17,N0=0.0003162277571391314
packet_number=135,correct=True,payload=[0,1,2,3,4,5,6,7,8,9,10,11,12,13,14,15,16,17,18,19,20,21,22,23,24,25,26,27,28,29,30,31,32,33,34,35,36,37,38,39,40,41,42,43,44,45,46,47,48,49,50,51,52,53,54,55,56,57,58,59,60,61,62,63,64,65,66,67,68,69,70,71,72,73,74,75,76,77,78,79,80,81,82,83,84,85,86,87,88,89,90,91,92,93,94,95,96,97,98,99]
CFO=-453.14655853595235,STO=3
EsN0dB=33.72,GRXdB=17,N0=0.0003162277571391314
packet_number=136,correct=True,payload=[0,1,2,3,4,5,6,7,8,9,10,11,12,13,14,15,16,17,18,19,20,21,22,23,24,25,26,27,28,29,30,31,32,33,34,35,36,37,38,39,40,41,42,43,44,45,46,47,48,49,50,51,52,53,54,55,56,57,58,59,60,61,62,63,64,65,66,67,68,69,70,71,72,73,74,75,76,77,78,79,80,81,82,83,84,85,86,87,88,89,90,91,92,93,94,95,96,97,98,99]
CFO=-447.6179591476175,STO=5
EsN0dB=33.73,GRXdB=17,N0=0.0003162277571391314
packet_number=137,correct=True,payload=[0,1,2,3,4,5,6,7,8,9,10,11,12,13,14,15,16,17,18,19,20,21,22,23,24,25,26,27,28,29,30,31,32,33,34,35,36,37,38,39,40,41,42,43,44,45,46,47,48,49,50,51,52,53,54,55,56,57,58,59,60,61,62,63,64,65,66,67,68,69,70,71,72,73,74,75,76,77,78,79,80,81,82,83,84,85,86,87,88,89,90,91,92,93,94,95,96,97,98,99]
CFO=-433.73554036973,STO=3
EsN0dB=33.75,GRXdB=17,N0=0.0003162277571391314
packet_number=138,correct=True,payload=[0,1,2,3,4,5,6,7,8,9,10,11,12,13,14,15,16,17,18,19,20,21,22,23,24,25,26,27,28,29,30,31,32,33,34,35,36,37,38,39,40,41,42,43,44,45,46,47,48,49,50,51,52,53,54,55,56,57,58,59,60,61,62,63,64,65,66,67,68,69,70,71,72,73,74,75,76,77,78,79,80,81,82,83,84,85,86,87,88,89,90,91,92,93,94,95,96,97,98,99]
CFO=-440.07682554759066,STO=3
EsN0dB=33.73,GRXdB=17,N0=0.0003162277571391314
packet_number=139,correct=True,payload=[0,1,2,3,4,5,6,7,8,9,10,11,12,13,14,15,16,17,18,19,20,21,22,23,24,25,26,27,28,29,30,31,32,33,34,35,36,37,38,39,40,41,42,43,44,45,46,47,48,49,50,51,52,53,54,55,56,57,58,59,60,61,62,63,64,65,66,67,68,69,70,71,72,73,74,75,76,77,78,79,80,81,82,83,84,85,86,87,88,89,90,91,92,93,94,95,96,97,98,99]
CFO=-475.1832567584994,STO=5
EsN0dB=33.72,GRXdB=17,N0=0.0003162277571391314
packet_number=140,correct=True,payload=[0,1,2,3,4,5,6,7,8,9,10,11,12,13,14,15,16,17,18,19,20,21,22,23,24,25,26,27,28,29,30,31,32,33,34,35,36,37,38,39,40,41,42,43,44,45,46,47,48,49,50,51,52,53,54,55,56,57,58,59,60,61,62,63,64,65,66,67,68,69,70,71,72,73,74,75,76,77,78,79,80,81,82,83,84,85,86,87,88,89,90,91,92,93,94,95,96,97,98,99]
CFO=-448.22132216922023,STO=4
EsN0dB=33.75,GRXdB=17,N0=0.0003162277571391314
packet_number=141,correct=True,payload=[0,1,2,3,4,5,6,7,8,9,10,11,12,13,14,15,16,17,18,19,20,21,22,23,24,25,26,27,28,29,30,31,32,33,34,35,36,37,38,39,40,41,42,43,44,45,46,47,48,49,50,51,52,53,54,55,56,57,58,59,60,61,62,63,64,65,66,67,68,69,70,71,72,73,74,75,76,77,78,79,80,81,82,83,84,85,86,87,88,89,90,91,92,93,94,95,96,97,98,99]
CFO=-413.41741734928365,STO=3
EsN0dB=33.75,GRXdB=17,N0=0.0003162277571391314
packet_number=142,correct=True,payload=[0,1,2,3,4,5,6,7,8,9,10,11,12,13,14,15,16,17,18,19,20,21,22,23,24,25,26,27,28,29,30,31,32,33,34,35,36,37,38,39,40,41,42,43,44,45,46,47,48,49,50,51,52,53,54,55,56,57,58,59,60,61,62,63,64,65,66,67,68,69,70,71,72,73,74,75,76,77,78,79,80,81,82,83,84,85,86,87,88,89,90,91,92,93,94,95,96,97,98,99]
CFO=-419.228354939247,STO=4
EsN0dB=33.77,GRXdB=17,N0=0.0003162277571391314
packet_number=143,correct=True,payload=[0,1,2,3,4,5,6,7,8,9,10,11,12,13,14,15,16,17,18,19,20,21,22,23,24,25,26,27,28,29,30,31,32,33,34,35,36,37,38,39,40,41,42,43,44,45,46,47,48,49,50,51,52,53,54,55,56,57,58,59,60,61,62,63,64,65,66,67,68,69,70,71,72,73,74,75,76,77,78,79,80,81,82,83,84,85,86,87,88,89,90,91,92,93,94,95,96,97,98,99]
CFO=-442.1152397729346,STO=6
EsN0dB=33.75,GRXdB=17,N0=0.0003162277571391314
packet_number=144,correct=True,payload=[0,1,2,3,4,5,6,7,8,9,10,11,12,13,14,15,16,17,18,19,20,21,22,23,24,25,26,27,28,29,30,31,32,33,34,35,36,37,38,39,40,41,42,43,44,45,46,47,48,49,50,51,52,53,54,55,56,57,58,59,60,61,62,63,64,65,66,67,68,69,70,71,72,73,74,75,76,77,78,79,80,81,82,83,84,85,86,87,88,89,90,91,92,93,94,95,96,97,98,99]
CFO=-456.1129772829026,STO=0
EsN0dB=33.72,GRXdB=17,N0=0.0003162277571391314
packet_number=145,correct=True,payload=[0,1,2,3,4,5,6,7,8,9,10,11,12,13,14,15,16,17,18,19,20,21,22,23,24,25,26,27,28,29,30,31,32,33,34,35,36,37,38,39,40,41,42,43,44,45,46,47,48,49,50,51,52,53,54,55,56,57,58,59,60,61,62,63,64,65,66,67,68,69,70,71,72,73,74,75,76,77,78,79,80,81,82,83,84,85,86,87,88,89,90,91,92,93,94,95,96,97,98,99]
CFO=-422.72930120757087,STO=3
EsN0dB=33.76,GRXdB=17,N0=0.0003162277571391314
packet_number=146,correct=True,payload=[0,1,2,3,4,5,6,7,8,9,10,11,12,13,14,15,16,17,18,19,20,21,22,23,24,25,26,27,28,29,30,31,32,33,34,35,36,37,38,39,40,41,42,43,44,45,46,47,48,49,50,51,52,53,54,55,56,57,58,59,60,61,62,63,64,65,66,67,68,69,70,71,72,73,74,75,76,77,78,79,80,81,82,83,84,85,86,87,88,89,90,91,92,93,94,95,96,97,98,99]
CFO=-416.2185063870274,STO=3
EsN0dB=33.76,GRXdB=17,N0=0.0003162277571391314
packet_number=147,correct=True,payload=[0,1,2,3,4,5,6,7,8,9,10,11,12,13,14,15,16,17,18,19,20,21,22,23,24,25,26,27,28,29,30,31,32,33,34,35,36,37,38,39,40,41,42,43,44,45,46,47,48,49,50,51,52,53,54,55,56,57,58,59,60,61,62,63,64,65,66,67,68,69,70,71,72,73,74,75,76,77,78,79,80,81,82,83,84,85,86,87,88,89,90,91,92,93,94,95,96,97,98,99]
CFO=-447.4934504908725,STO=6
EsN0dB=33.75,GRXdB=17,N0=0.0003162277571391314
packet_number=148,correct=True,payload=[0,1,2,3,4,5,6,7,8,9,10,11,12,13,14,15,16,17,18,19,20,21,22,23,24,25,26,27,28,29,30,31,32,33,34,35,36,37,38,39,40,41,42,43,44,45,46,47,48,49,50,51,52,53,54,55,56,57,58,59,60,61,62,63,64,65,66,67,68,69,70,71,72,73,74,75,76,77,78,79,80,81,82,83,84,85,86,87,88,89,90,91,92,93,94,95,96,97,98,99]
CFO=-442.1359615708072,STO=3
EsN0dB=33.75,GRXdB=17,N0=0.0003162277571391314
packet_number=149,correct=True,payload=[0,1,2,3,4,5,6,7,8,9,10,11,12,13,14,15,16,17,18,19,20,21,22,23,24,25,26,27,28,29,30,31,32,33,34,35,36,37,38,39,40,41,42,43,44,45,46,47,48,49,50,51,52,53,54,55,56,57,58,59,60,61,62,63,64,65,66,67,68,69,70,71,72,73,74,75,76,77,78,79,80,81,82,83,84,85,86,87,88,89,90,91,92,93,94,95,96,97,98,99]
CFO=-428.40105590624427,STO=5
EsN0dB=33.75,GRXdB=17,N0=0.0003162277571391314
packet_number=150,correct=True,payload=[0,1,2,3,4,5,6,7,8,9,10,11,12,13,14,15,16,17,18,19,20,21,22,23,24,25,26,27,28,29,30,31,32,33,34,35,36,37,38,39,40,41,42,43,44,45,46,47,48,49,50,51,52,53,54,55,56,57,58,59,60,61,62,63,64,65,66,67,68,69,70,71,72,73,74,75,76,77,78,79,80,81,82,83,84,85,86,87,88,89,90,91,92,93,94,95,96,97,98,99]
CFO=-470.15438175748614,STO=6
EsN0dB=33.73,GRXdB=17,N0=0.0003162277571391314
packet_number=151,correct=True,payload=[0,1,2,3,4,5,6,7,8,9,10,11,12,13,14,15,16,17,18,19,20,21,22,23,24,25,26,27,28,29,30,31,32,33,34,35,36,37,38,39,40,41,42,43,44,45,46,47,48,49,50,51,52,53,54,55,56,57,58,59,60,61,62,63,64,65,66,67,68,69,70,71,72,73,74,75,76,77,78,79,80,81,82,83,84,85,86,87,88,89,90,91,92,93,94,95,96,97,98,99]
CFO=-455.07303354989887,STO=1
EsN0dB=33.73,GRXdB=17,N0=0.0003162277571391314
packet_number=152,correct=True,payload=[0,1,2,3,4,5,6,7,8,9,10,11,12,13,14,15,16,17,18,19,20,21,22,23,24,25,26,27,28,29,30,31,32,33,34,35,36,37,38,39,40,41,42,43,44,45,46,47,48,49,50,51,52,53,54,55,56,57,58,59,60,61,62,63,64,65,66,67,68,69,70,71,72,73,74,75,76,77,78,79,80,81,82,83,84,85,86,87,88,89,90,91,92,93,94,95,96,97,98,99]
CFO=-432.85336689177325,STO=3
EsN0dB=33.72,GRXdB=17,N0=0.0003162277571391314
packet_number=153,correct=True,payload=[0,1,2,3,4,5,6,7,8,9,10,11,12,13,14,15,16,17,18,19,20,21,22,23,24,25,26,27,28,29,30,31,32,33,34,35,36,37,38,39,40,41,42,43,44,45,46,47,48,49,50,51,52,53,54,55,56,57,58,59,60,61,62,63,64,65,66,67,68,69,70,71,72,73,74,75,76,77,78,79,80,81,82,83,84,85,86,87,88,89,90,91,92,93,94,95,96,97,98,99]
CFO=-444.5158852546518,STO=4
EsN0dB=33.72,GRXdB=17,N0=0.0003162277571391314
packet_number=154,correct=True,payload=[0,1,2,3,4,5,6,7,8,9,10,11,12,13,14,15,16,17,18,19,20,21,22,23,24,25,26,27,28,29,30,31,32,33,34,35,36,37,38,39,40,41,42,43,44,45,46,47,48,49,50,51,52,53,54,55,56,57,58,59,60,61,62,63,64,65,66,67,68,69,70,71,72,73,74,75,76,77,78,79,80,81,82,83,84,85,86,87,88,89,90,91,92,93,94,95,96,97,98,99]
CFO=-470.97314475525775,STO=4
EsN0dB=33.75,GRXdB=17,N0=0.0003162277571391314
packet_number=155,correct=True,payload=[0,1,2,3,4,5,6,7,8,9,10,11,12,13,14,15,16,17,18,19,20,21,22,23,24,25,26,27,28,29,30,31,32,33,34,35,36,37,38,39,40,41,42,43,44,45,46,47,48,49,50,51,52,53,54,55,56,57,58,59,60,61,62,63,64,65,66,67,68,69,70,71,72,73,74,75,76,77,78,79,80,81,82,83,84,85,86,87,88,89,90,91,92,93,94,95,96,97,98,99]
CFO=-434.19889044233116,STO=5
EsN0dB=33.74,GRXdB=17,N0=0.0003162277571391314
packet_number=156,correct=True,payload=[0,1,2,3,4,5,6,7,8,9,10,11,12,13,14,15,16,17,18,19,20,21,22,23,24,25,26,27,28,29,30,31,32,33,34,35,36,37,38,39,40,41,42,43,44,45,46,47,48,49,50,51,52,53,54,55,56,57,58,59,60,61,62,63,64,65,66,67,68,69,70,71,72,73,74,75,76,77,78,79,80,81,82,83,84,85,86,87,88,89,90,91,92,93,94,95,96,97,98,99]
CFO=-413.7848068214363,STO=4
EsN0dB=33.75,GRXdB=17,N0=0.0003162277571391314
packet_number=157,correct=True,payload=[0,1,2,3,4,5,6,7,8,9,10,11,12,13,14,15,16,17,18,19,20,21,22,23,24,25,26,27,28,29,30,31,32,33,34,35,36,37,38,39,40,41,42,43,44,45,46,47,48,49,50,51,52,53,54,55,56,57,58,59,60,61,62,63,64,65,66,67,68,69,70,71,72,73,74,75,76,77,78,79,80,81,82,83,84,85,86,87,88,89,90,91,92,93,94,95,96,97,98,99]
CFO=-430.0678414361226,STO=4
EsN0dB=33.76,GRXdB=17,N0=0.0003162277571391314
packet_number=158,correct=True,payload=[0,1,2,3,4,5,6,7,8,9,10,11,12,13,14,15,16,17,18,19,20,21,22,23,24,25,26,27,28,29,30,31,32,33,34,35,36,37,38,39,40,41,42,43,44,45,46,47,48,49,50,51,52,53,54,55,56,57,58,59,60,61,62,63,64,65,66,67,68,69,70,71,72,73,74,75,76,77,78,79,80,81,82,83,84,85,86,87,88,89,90,91,92,93,94,95,96,97,98,99]
CFO=2368.1418446856646,STO=4
EsN0dB=-3.74,GRXdB=17,N0=0.0003162277571391314
packet_number=159,correct=False,payload=[7,189,27,79,173,240,163,251,40,230,15,226,234,191,103,106,198,234,87,91,194,80,230,6,31,141,238,52,32,69,61,74,247,169,40,54,93,143,68,13,222,250,25,229,175,167,121,182,101,160,188,162,117,170,148,123,153,48,108,56,189,100,226,148,201,68,140,161,94,56,19,244,136,152,112,169,104,149,2,179,114,101,51,16,219,61,3,132,28,99,76,137,118,94,105,173,115,22,242,179]
CFO=-460.831529279438,STO=4
EsN0dB=33.76,GRXdB=17,N0=0.0003162277571391314
packet_number=160,correct=True,payload=[0,1,2,3,4,5,6,7,8,9,10,11,12,13,14,15,16,17,18,19,20,21,22,23,24,25,26,27,28,29,30,31,32,33,34,35,36,37,38,39,40,41,42,43,44,45,46,47,48,49,50,51,52,53,54,55,56,57,58,59,60,61,62,63,64,65,66,67,68,69,70,71,72,73,74,75,76,77,78,79,80,81,82,83,84,85,86,87,88,89,90,91,92,93,94,95,96,97,98,99]
CFO=-430.58357407931146,STO=3
EsN0dB=33.75,GRXdB=17,N0=0.0003162277571391314
packet_number=161,correct=True,payload=[0,1,2,3,4,5,6,7,8,9,10,11,12,13,14,15,16,17,18,19,20,21,22,23,24,25,26,27,28,29,30,31,32,33,34,35,36,37,38,39,40,41,42,43,44,45,46,47,48,49,50,51,52,53,54,55,56,57,58,59,60,61,62,63,64,65,66,67,68,69,70,71,72,73,74,75,76,77,78,79,80,81,82,83,84,85,86,87,88,89,90,91,92,93,94,95,96,97,98,99]
CFO=-460.96881489595853,STO=5
EsN0dB=33.74,GRXdB=17,N0=0.0003162277571391314
packet_number=162,correct=True,payload=[0,1,2,3,4,5,6,7,8,9,10,11,12,13,14,15,16,17,18,19,20,21,22,23,24,25,26,27,28,29,30,31,32,33,34,35,36,37,38,39,40,41,42,43,44,45,46,47,48,49,50,51,52,53,54,55,56,57,58,59,60,61,62,63,64,65,66,67,68,69,70,71,72,73,74,75,76,77,78,79,80,81,82,83,84,85,86,87,88,89,90,91,92,93,94,95,96,97,98,99]
CFO=-460.450947818654,STO=0
EsN0dB=33.75,GRXdB=17,N0=0.0003162277571391314
packet_number=163,correct=True,payload=[0,1,2,3,4,5,6,7,8,9,10,11,12,13,14,15,16,17,18,19,20,21,22,23,24,25,26,27,28,29,30,31,32,33,34,35,36,37,38,39,40,41,42,43,44,45,46,47,48,49,50,51,52,53,54,55,56,57,58,59,60,61,62,63,64,65,66,67,68,69,70,71,72,73,74,75,76,77,78,79,80,81,82,83,84,85,86,87,88,89,90,91,92,93,94,95,96,97,98,99]
CFO=-411.30474260366674,STO=4
EsN0dB=33.75,GRXdB=17,N0=0.0003162277571391314
packet_number=164,correct=True,payload=[0,1,2,3,4,5,6,7,8,9,10,11,12,13,14,15,16,17,18,19,20,21,22,23,24,25,26,27,28,29,30,31,32,33,34,35,36,37,38,39,40,41,42,43,44,45,46,47,48,49,50,51,52,53,54,55,56,57,58,59,60,61,62,63,64,65,66,67,68,69,70,71,72,73,74,75,76,77,78,79,80,81,82,83,84,85,86,87,88,89,90,91,92,93,94,95,96,97,98,99]
CFO=-439.28509871528365,STO=3
EsN0dB=33.75,GRXdB=17,N0=0.0003162277571391314
packet_number=165,correct=True,payload=[0,1,2,3,4,5,6,7,8,9,10,11,12,13,14,15,16,17,18,19,20,21,22,23,24,25,26,27,28,29,30,31,32,33,34,35,36,37,38,39,40,41,42,43,44,45,46,47,48,49,50,51,52,53,54,55,56,57,58,59,60,61,62,63,64,65,66,67,68,69,70,71,72,73,74,75,76,77,78,79,80,81,82,83,84,85,86,87,88,89,90,91,92,93,94,95,96,97,98,99]
CFO=2323.0301053331536,STO=0
EsN0dB=-3.11,GRXdB=17,N0=0.0003162277571391314
packet_number=166,correct=False,payload=[15,52,245,66,225,42,165,22,34,95,157,46,36,235,208,182,41,230,196,249,226,177,92,0,129,163,101,129,136,209,16,12,102,41,148,50,192,80,37,9,60,40,95,159,7,78,27,85,247,168,53,147,26,23,79,139,179,75,188,19,142,208,95,68,135,184,4,112,16,31,80,68,151,193,222,51,157,70,175,110,237,234,11,176,31,216,68,178,216,196,135,12,123,78,74,238,31,120,138,203]
CFO=-464.84396896763775,STO=5
EsN0dB=33.75,GRXdB=17,N0=0.0003162277571391314
packet_number=167,correct=True,payload=[0,1,2,3,4,5,6,7,8,9,10,11,12,13,14,15,16,17,18,19,20,21,22,23,24,25,26,27,28,29,30,31,32,33,34,35,36,37,38,39,40,41,42,43,44,45,46,47,48,49,50,51,52,53,54,55,56,57,58,59,60,61,62,63,64,65,66,67,68,69,70,71,72,73,74,75,76,77,78,79,80,81,82,83,84,85,86,87,88,89,90,91,92,93,94,95,96,97,98,99]
CFO=-455.0348212502455,STO=4
EsN0dB=33.75,GRXdB=17,N0=0.0003162277571391314
packet_number=168,correct=True,payload=[0,1,2,3,4,5,6,7,8,9,10,11,12,13,14,15,16,17,18,19,20,21,22,23,24,25,26,27,28,29,30,31,32,33,34,35,36,37,38,39,40,41,42,43,44,45,46,47,48,49,50,51,52,53,54,55,56,57,58,59,60,61,62,63,64,65,66,67,68,69,70,71,72,73,74,75,76,77,78,79,80,81,82,83,84,85,86,87,88,89,90,91,92,93,94,95,96,97,98,99]
CFO=-435.7544185939323,STO=4
EsN0dB=33.72,GRXdB=17,N0=0.0003162277571391314
packet_number=169,correct=True,payload=[0,1,2,3,4,5,6,7,8,9,10,11,12,13,14,15,16,17,18,19,20,21,22,23,24,25,26,27,28,29,30,31,32,33,34,35,36,37,38,39,40,41,42,43,44,45,46,47,48,49,50,51,52,53,54,55,56,57,58,59,60,61,62,63,64,65,66,67,68,69,70,71,72,73,74,75,76,77,78,79,80,81,82,83,84,85,86,87,88,89,90,91,92,93,94,95,96,97,98,99]
CFO=-445.16481251563954,STO=3
EsN0dB=33.75,GRXdB=17,N0=0.0003162277571391314
packet_number=170,correct=True,payload=[0,1,2,3,4,5,6,7,8,9,10,11,12,13,14,15,16,17,18,19,20,21,22,23,24,25,26,27,28,29,30,31,32,33,34,35,36,37,38,39,40,41,42,43,44,45,46,47,48,49,50,51,52,53,54,55,56,57,58,59,60,61,62,63,64,65,66,67,68,69,70,71,72,73,74,75,76,77,78,79,80,81,82,83,84,85,86,87,88,89,90,91,92,93,94,95,96,97,98,99]
CFO=-442.6656866154207,STO=5
EsN0dB=33.74,GRXdB=17,N0=0.0003162277571391314
packet_number=171,correct=True,payload=[0,1,2,3,4,5,6,7,8,9,10,11,12,13,14,15,16,17,18,19,20,21,22,23,24,25,26,27,28,29,30,31,32,33,34,35,36,37,38,39,40,41,42,43,44,45,46,47,48,49,50,51,52,53,54,55,56,57,58,59,60,61,62,63,64,65,66,67,68,69,70,71,72,73,74,75,76,77,78,79,80,81,82,83,84,85,86,87,88,89,90,91,92,93,94,95,96,97,98,99]
CFO=-454.24760044551596,STO=4
EsN0dB=33.76,GRXdB=17,N0=0.0003162277571391314
packet_number=172,correct=True,payload=[0,1,2,3,4,5,6,7,8,9,10,11,12,13,14,15,16,17,18,19,20,21,22,23,24,25,26,27,28,29,30,31,32,33,34,35,36,37,38,39,40,41,42,43,44,45,46,47,48,49,50,51,52,53,54,55,56,57,58,59,60,61,62,63,64,65,66,67,68,69,70,71,72,73,74,75,76,77,78,79,80,81,82,83,84,85,86,87,88,89,90,91,92,93,94,95,96,97,98,99]
CFO=-438.2080691895209,STO=3
EsN0dB=33.73,GRXdB=17,N0=0.0003162277571391314
packet_number=173,correct=True,payload=[0,1,2,3,4,5,6,7,8,9,10,11,12,13,14,15,16,17,18,19,20,21,22,23,24,25,26,27,28,29,30,31,32,33,34,35,36,37,38,39,40,41,42,43,44,45,46,47,48,49,50,51,52,53,54,55,56,57,58,59,60,61,62,63,64,65,66,67,68,69,70,71,72,73,74,75,76,77,78,79,80,81,82,83,84,85,86,87,88,89,90,91,92,93,94,95,96,97,98,99]
CFO=-451.8264703252724,STO=6
EsN0dB=33.74,GRXdB=17,N0=0.0003162277571391314
packet_number=174,correct=True,payload=[0,1,2,3,4,5,6,7,8,9,10,11,12,13,14,15,16,17,18,19,20,21,22,23,24,25,26,27,28,29,30,31,32,33,34,35,36,37,38,39,40,41,42,43,44,45,46,47,48,49,50,51,52,53,54,55,56,57,58,59,60,61,62,63,64,65,66,67,68,69,70,71,72,73,74,75,76,77,78,79,80,81,82,83,84,85,86,87,88,89,90,91,92,93,94,95,96,97,98,99]
CFO=-458.71577146232073,STO=1
EsN0dB=33.75,GRXdB=17,N0=0.0003162277571391314
packet_number=175,correct=True,payload=[0,1,2,3,4,5,6,7,8,9,10,11,12,13,14,15,16,17,18,19,20,21,22,23,24,25,26,27,28,29,30,31,32,33,34,35,36,37,38,39,40,41,42,43,44,45,46,47,48,49,50,51,52,53,54,55,56,57,58,59,60,61,62,63,64,65,66,67,68,69,70,71,72,73,74,75,76,77,78,79,80,81,82,83,84,85,86,87,88,89,90,91,92,93,94,95,96,97,98,99]
CFO=-428.24619085318807,STO=2
EsN0dB=33.76,GRXdB=17,N0=0.0003162277571391314
packet_number=176,correct=True,payload=[0,1,2,3,4,5,6,7,8,9,10,11,12,13,14,15,16,17,18,19,20,21,22,23,24,25,26,27,28,29,30,31,32,33,34,35,36,37,38,39,40,41,42,43,44,45,46,47,48,49,50,51,52,53,54,55,56,57,58,59,60,61,62,63,64,65,66,67,68,69,70,71,72,73,74,75,76,77,78,79,80,81,82,83,84,85,86,87,88,89,90,91,92,93,94,95,96,97,98,99]
CFO=-429.1345897639821,STO=4
EsN0dB=33.75,GRXdB=17,N0=0.0003162277571391314
packet_number=177,correct=True,payload=[0,1,2,3,4,5,6,7,8,9,10,11,12,13,14,15,16,17,18,19,20,21,22,23,24,25,26,27,28,29,30,31,32,33,34,35,36,37,38,39,40,41,42,43,44,45,46,47,48,49,50,51,52,53,54,55,56,57,58,59,60,61,62,63,64,65,66,67,68,69,70,71,72,73,74,75,76,77,78,79,80,81,82,83,84,85,86,87,88,89,90,91,92,93,94,95,96,97,98,99]
CFO=-460.79219047289024,STO=5
EsN0dB=33.74,GRXdB=17,N0=0.0003162277571391314
packet_number=178,correct=True,payload=[0,1,2,3,4,5,6,7,8,9,10,11,12,13,14,15,16,17,18,19,20,21,22,23,24,25,26,27,28,29,30,31,32,33,34,35,36,37,38,39,40,41,42,43,44,45,46,47,48,49,50,51,52,53,54,55,56,57,58,59,60,61,62,63,64,65,66,67,68,69,70,71,72,73,74,75,76,77,78,79,80,81,82,83,84,85,86,87,88,89,90,91,92,93,94,95,96,97,98,99]
CFO=-430.1786244957074,STO=0
EsN0dB=33.75,GRXdB=17,N0=0.0003162277571391314
packet_number=179,correct=True,payload=[0,1,2,3,4,5,6,7,8,9,10,11,12,13,14,15,16,17,18,19,20,21,22,23,24,25,26,27,28,29,30,31,32,33,34,35,36,37,38,39,40,41,42,43,44,45,46,47,48,49,50,51,52,53,54,55,56,57,58,59,60,61,62,63,64,65,66,67,68,69,70,71,72,73,74,75,76,77,78,79,80,81,82,83,84,85,86,87,88,89,90,91,92,93,94,95,96,97,98,99]
CFO=-431.1439816143372,STO=4
EsN0dB=33.75,GRXdB=17,N0=0.0003162277571391314
packet_number=180,correct=True,payload=[0,1,2,3,4,5,6,7,8,9,10,11,12,13,14,15,16,17,18,19,20,21,22,23,24,25,26,27,28,29,30,31,32,33,34,35,36,37,38,39,40,41,42,43,44,45,46,47,48,49,50,51,52,53,54,55,56,57,58,59,60,61,62,63,64,65,66,67,68,69,70,71,72,73,74,75,76,77,78,79,80,81,82,83,84,85,86,87,88,89,90,91,92,93,94,95,96,97,98,99]
CFO=-422.2753189291439,STO=4
EsN0dB=33.75,GRXdB=17,N0=0.0003162277571391314
packet_number=181,correct=True,payload=[0,1,2,3,4,5,6,7,8,9,10,11,12,13,14,15,16,17,18,19,20,21,22,23,24,25,26,27,28,29,30,31,32,33,34,35,36,37,38,39,40,41,42,43,44,45,46,47,48,49,50,51,52,53,54,55,56,57,58,59,60,61,62,63,64,65,66,67,68,69,70,71,72,73,74,75,76,77,78,79,80,81,82,83,84,85,86,87,88,89,90,91,92,93,94,95,96,97,98,99]
CFO=-456.7265085114728,STO=4
EsN0dB=33.74,GRXdB=17,N0=0.0003162277571391314
packet_number=182,correct=True,payload=[0,1,2,3,4,5,6,7,8,9,10,11,12,13,14,15,16,17,18,19,20,21,22,23,24,25,26,27,28,29,30,31,32,33,34,35,36,37,38,39,40,41,42,43,44,45,46,47,48,49,50,51,52,53,54,55,56,57,58,59,60,61,62,63,64,65,66,67,68,69,70,71,72,73,74,75,76,77,78,79,80,81,82,83,84,85,86,87,88,89,90,91,92,93,94,95,96,97,98,99]
CFO=-449.66666015960203,STO=2
EsN0dB=33.74,GRXdB=17,N0=0.0003162277571391314
packet_number=183,correct=True,payload=[0,1,2,3,4,5,6,7,8,9,10,11,12,13,14,15,16,17,18,19,20,21,22,23,24,25,26,27,28,29,30,31,32,33,34,35,36,37,38,39,40,41,42,43,44,45,46,47,48,49,50,51,52,53,54,55,56,57,58,59,60,61,62,63,64,65,66,67,68,69,70,71,72,73,74,75,76,77,78,79,80,81,82,83,84,85,86,87,88,89,90,91,92,93,94,95,96,97,98,99]
CFO=-415.3025080573216,STO=4
EsN0dB=33.75,GRXdB=17,N0=0.0003162277571391314
packet_number=184,correct=True,payload=[0,1,2,3,4,5,6,7,8,9,10,11,12,13,14,15,16,17,18,19,20,21,22,23,24,25,26,27,28,29,30,31,32,33,34,35,36,37,38,39,40,41,42,43,44,45,46,47,48,49,50,51,52,53,54,55,56,57,58,59,60,61,62,63,64,65,66,67,68,69,70,71,72,73,74,75,76,77,78,79,80,81,82,83,84,85,86,87,88,89,90,91,92,93,94,95,96,97,98,99]
CFO=-466.6899283835558,STO=5
EsN0dB=33.74,GRXdB=17,N0=0.0003162277571391314
packet_number=185,correct=True,payload=[0,1,2,3,4,5,6,7,8,9,10,11,12,13,14,15,16,17,18,19,20,21,22,23,24,25,26,27,28,29,30,31,32,33,34,35,36,37,38,39,40,41,42,43,44,45,46,47,48,49,50,51,52,53,54,55,56,57,58,59,60,61,62,63,64,65,66,67,68,69,70,71,72,73,74,75,76,77,78,79,80,81,82,83,84,85,86,87,88,89,90,91,92,93,94,95,96,97,98,99]
CFO=-463.2685787207939,STO=1
EsN0dB=33.75,GRXdB=17,N0=0.0003162277571391314
packet_number=186,correct=True,payload=[0,1,2,3,4,5,6,7,8,9,10,11,12,13,14,15,16,17,18,19,20,21,22,23,24,25,26,27,28,29,30,31,32,33,34,35,36,37,38,39,40,41,42,43,44,45,46,47,48,49,50,51,52,53,54,55,56,57,58,59,60,61,62,63,64,65,66,67,68,69,70,71,72,73,74,75,76,77,78,79,80,81,82,83,84,85,86,87,88,89,90,91,92,93,94,95,96,97,98,99]
CFO=-449.00291043947794,STO=3
EsN0dB=33.75,GRXdB=17,N0=0.0003162277571391314
packet_number=187,correct=True,payload=[0,1,2,3,4,5,6,7,8,9,10,11,12,13,14,15,16,17,18,19,20,21,22,23,24,25,26,27,28,29,30,31,32,33,34,35,36,37,38,39,40,41,42,43,44,45,46,47,48,49,50,51,52,53,54,55,56,57,58,59,60,61,62,63,64,65,66,67,68,69,70,71,72,73,74,75,76,77,78,79,80,81,82,83,84,85,86,87,88,89,90,91,92,93,94,95,96,97,98,99]
CFO=-424.15990567357125,STO=3
EsN0dB=33.73,GRXdB=17,N0=0.0003162277571391314
packet_number=188,correct=True,payload=[0,1,2,3,4,5,6,7,8,9,10,11,12,13,14,15,16,17,18,19,20,21,22,23,24,25,26,27,28,29,30,31,32,33,34,35,36,37,38,39,40,41,42,43,44,45,46,47,48,49,50,51,52,53,54,55,56,57,58,59,60,61,62,63,64,65,66,67,68,69,70,71,72,73,74,75,76,77,78,79,80,81,82,83,84,85,86,87,88,89,90,91,92,93,94,95,96,97,98,99]
CFO=-447.2549571233692,STO=5
EsN0dB=33.75,GRXdB=17,N0=0.0003162277571391314
packet_number=189,correct=True,payload=[0,1,2,3,4,5,6,7,8,9,10,11,12,13,14,15,16,17,18,19,20,21,22,23,24,25,26,27,28,29,30,31,32,33,34,35,36,37,38,39,40,41,42,43,44,45,46,47,48,49,50,51,52,53,54,55,56,57,58,59,60,61,62,63,64,65,66,67,68,69,70,71,72,73,74,75,76,77,78,79,80,81,82,83,84,85,86,87,88,89,90,91,92,93,94,95,96,97,98,99]
CFO=-438.0786987661792,STO=5
EsN0dB=33.75,GRXdB=17,N0=0.0003162277571391314
packet_number=190,correct=True,payload=[0,1,2,3,4,5,6,7,8,9,10,11,12,13,14,15,16,17,18,19,20,21,22,23,24,25,26,27,28,29,30,31,32,33,34,35,36,37,38,39,40,41,42,43,44,45,46,47,48,49,50,51,52,53,54,55,56,57,58,59,60,61,62,63,64,65,66,67,68,69,70,71,72,73,74,75,76,77,78,79,80,81,82,83,84,85,86,87,88,89,90,91,92,93,94,95,96,97,98,99]
CFO=-418.52470315912797,STO=3
EsN0dB=33.74,GRXdB=17,N0=0.0003162277571391314
packet_number=191,correct=True,payload=[0,1,2,3,4,5,6,7,8,9,10,11,12,13,14,15,16,17,18,19,20,21,22,23,24,25,26,27,28,29,30,31,32,33,34,35,36,37,38,39,40,41,42,43,44,45,46,47,48,49,50,51,52,53,54,55,56,57,58,59,60,61,62,63,64,65,66,67,68,69,70,71,72,73,74,75,76,77,78,79,80,81,82,83,84,85,86,87,88,89,90,91,92,93,94,95,96,97,98,99]
CFO=-418.22475587604555,STO=5
EsN0dB=33.75,GRXdB=17,N0=0.0003162277571391314
packet_number=192,correct=True,payload=[0,1,2,3,4,5,6,7,8,9,10,11,12,13,14,15,16,17,18,19,20,21,22,23,24,25,26,27,28,29,30,31,32,33,34,35,36,37,38,39,40,41,42,43,44,45,46,47,48,49,50,51,52,53,54,55,56,57,58,59,60,61,62,63,64,65,66,67,68,69,70,71,72,73,74,75,76,77,78,79,80,81,82,83,84,85,86,87,88,89,90,91,92,93,94,95,96,97,98,99]
CFO=-795.4707483254764,STO=3
EsN0dB=-3.46,GRXdB=17,N0=0.0003162277571391314
packet_number=193,correct=False,payload=[221,120,119,215,81,241,34,141,29,190,237,161,233,110,92,245,223,140,252,131,12,109,41,220,82,254,85,197,194,250,199,23,245,183,140,138,87,206,88,251,124,206,199,48,215,13,124,129,105,119,201,25,218,178,179,240,152,80,26,203,77,33,51,206,83,116,249,143,216,157,211,215,133,112,240,187,91,171,245,91,100,125,158,212,201,23,164,124,151,205,7,213,219,89,64,194,38,79,151,46]
CFO=-469.38361388239787,STO=2
EsN0dB=33.75,GRXdB=17,N0=0.0003162277571391314
packet_number=194,correct=True,payload=[0,1,2,3,4,5,6,7,8,9,10,11,12,13,14,15,16,17,18,19,20,21,22,23,24,25,26,27,28,29,30,31,32,33,34,35,36,37,38,39,40,41,42,43,44,45,46,47,48,49,50,51,52,53,54,55,56,57,58,59,60,61,62,63,64,65,66,67,68,69,70,71,72,73,74,75,76,77,78,79,80,81,82,83,84,85,86,87,88,89,90,91,92,93,94,95,96,97,98,99]
CFO=-428.6557057542061,STO=4
EsN0dB=33.76,GRXdB=17,N0=0.0003162277571391314
packet_number=195,correct=True,payload=[0,1,2,3,4,5,6,7,8,9,10,11,12,13,14,15,16,17,18,19,20,21,22,23,24,25,26,27,28,29,30,31,32,33,34,35,36,37,38,39,40,41,42,43,44,45,46,47,48,49,50,51,52,53,54,55,56,57,58,59,60,61,62,63,64,65,66,67,68,69,70,71,72,73,74,75,76,77,78,79,80,81,82,83,84,85,86,87,88,89,90,91,92,93,94,95,96,97,98,99]
CFO=-444.22263772309896,STO=5
EsN0dB=33.76,GRXdB=17,N0=0.0003162277571391314
packet_number=196,correct=True,payload=[0,1,2,3,4,5,6,7,8,9,10,11,12,13,14,15,16,17,18,19,20,21,22,23,24,25,26,27,28,29,30,31,32,33,34,35,36,37,38,39,40,41,42,43,44,45,46,47,48,49,50,51,52,53,54,55,56,57,58,59,60,61,62,63,64,65,66,67,68,69,70,71,72,73,74,75,76,77,78,79,80,81,82,83,84,85,86,87,88,89,90,91,92,93,94,95,96,97,98,99]
CFO=-459.2175413490032,STO=5
EsN0dB=33.74,GRXdB=17,N0=0.0003162277571391314
packet_number=197,correct=True,payload=[0,1,2,3,4,5,6,7,8,9,10,11,12,13,14,15,16,17,18,19,20,21,22,23,24,25,26,27,28,29,30,31,32,33,34,35,36,37,38,39,40,41,42,43,44,45,46,47,48,49,50,51,52,53,54,55,56,57,58,59,60,61,62,63,64,65,66,67,68,69,70,71,72,73,74,75,76,77,78,79,80,81,82,83,84,85,86,87,88,89,90,91,92,93,94,95,96,97,98,99]
CFO=-425.62821847561435,STO=3
EsN0dB=33.75,GRXdB=17,N0=0.0003162277571391314
packet_number=198,correct=True,payload=[0,1,2,3,4,5,6,7,8,9,10,11,12,13,14,15,16,17,18,19,20,21,22,23,24,25,26,27,28,29,30,31,32,33,34,35,36,37,38,39,40,41,42,43,44,45,46,47,48,49,50,51,52,53,54,55,56,57,58,59,60,61,62,63,64,65,66,67,68,69,70,71,72,73,74,75,76,77,78,79,80,81,82,83,84,85,86,87,88,89,90,91,92,93,94,95,96,97,98,99]
CFO=-444.7534299847703,STO=3
EsN0dB=33.75,GRXdB=17,N0=0.0003162277571391314
packet_number=199,correct=True,payload=[0,1,2,3,4,5,6,7,8,9,10,11,12,13,14,15,16,17,18,19,20,21,22,23,24,25,26,27,28,29,30,31,32,33,34,35,36,37,38,39,40,41,42,43,44,45,46,47,48,49,50,51,52,53,54,55,56,57,58,59,60,61,62,63,64,65,66,67,68,69,70,71,72,73,74,75,76,77,78,79,80,81,82,83,84,85,86,87,88,89,90,91,92,93,94,95,96,97,98,99]
CFO=-449.3402103195839,STO=5
EsN0dB=33.75,GRXdB=17,N0=0.0003162277571391314
packet_number=200,correct=True,payload=[0,1,2,3,4,5,6,7,8,9,10,11,12,13,14,15,16,17,18,19,20,21,22,23,24,25,26,27,28,29,30,31,32,33,34,35,36,37,38,39,40,41,42,43,44,45,46,47,48,49,50,51,52,53,54,55,56,57,58,59,60,61,62,63,64,65,66,67,68,69,70,71,72,73,74,75,76,77,78,79,80,81,82,83,84,85,86,87,88,89,90,91,92,93,94,95,96,97,98,99]
CFO=-418.63435971181843,STO=1
EsN0dB=33.75,GRXdB=17,N0=0.0003162277571391314
packet_number=201,correct=True,payload=[0,1,2,3,4,5,6,7,8,9,10,11,12,13,14,15,16,17,18,19,20,21,22,23,24,25,26,27,28,29,30,31,32,33,34,35,36,37,38,39,40,41,42,43,44,45,46,47,48,49,50,51,52,53,54,55,56,57,58,59,60,61,62,63,64,65,66,67,68,69,70,71,72,73,74,75,76,77,78,79,80,81,82,83,84,85,86,87,88,89,90,91,92,93,94,95,96,97,98,99]
CFO=-434.2858093427065,STO=4
EsN0dB=33.75,GRXdB=17,N0=0.0003162277571391314
packet_number=202,correct=True,payload=[0,1,2,3,4,5,6,7,8,9,10,11,12,13,14,15,16,17,18,19,20,21,22,23,24,25,26,27,28,29,30,31,32,33,34,35,36,37,38,39,40,41,42,43,44,45,46,47,48,49,50,51,52,53,54,55,56,57,58,59,60,61,62,63,64,65,66,67,68,69,70,71,72,73,74,75,76,77,78,79,80,81,82,83,84,85,86,87,88,89,90,91,92,93,94,95,96,97,98,99]
CFO=-441.8797998320134,STO=5
EsN0dB=33.76,GRXdB=17,N0=0.0003162277571391314
packet_number=203,correct=True,payload=[0,1,2,3,4,5,6,7,8,9,10,11,12,13,14,15,16,17,18,19,20,21,22,23,24,25,26,27,28,29,30,31,32,33,34,35,36,37,38,39,40,41,42,43,44,45,46,47,48,49,50,51,52,53,54,55,56,57,58,59,60,61,62,63,64,65,66,67,68,69,70,71,72,73,74,75,76,77,78,79,80,81,82,83,84,85,86,87,88,89,90,91,92,93,94,95,96,97,98,99]
CFO=-465.34988914287834,STO=5
EsN0dB=33.75,GRXdB=17,N0=0.0003162277571391314
packet_number=204,correct=True,payload=[0,1,2,3,4,5,6,7,8,9,10,11,12,13,14,15,16,17,18,19,20,21,22,23,24,25,26,27,28,29,30,31,32,33,34,35,36,37,38,39,40,41,42,43,44,45,46,47,48,49,50,51,52,53,54,55,56,57,58,59,60,61,62,63,64,65,66,67,68,69,70,71,72,73,74,75,76,77,78,79,80,81,82,83,84,85,86,87,88,89,90,91,92,93,94,95,96,97,98,99]
CFO=-412.0401144463375,STO=4
EsN0dB=28.74,GRXdB=17,N0=0.0010000000474974513
packet_number=205,correct=True,payload=[0,1,2,3,4,5,6,7,8,9,10,11,12,13,14,15,16,17,18,19,20,21,22,23,24,25,26,27,28,29,30,31,32,33,34,35,36,37,38,39,40,41,42,43,44,45,46,47,48,49,50,51,52,53,54,55,56,57,58,59,60,61,62,63,64,65,66,67,68,69,70,71,72,73,74,75,76,77,78,79,80,81,82,83,84,85,86,87,88,89,90,91,92,93,94,95,96,97,98,99]
CFO=-464.7138574213392,STO=5
EsN0dB=28.75,GRXdB=17,N0=0.0010000000474974513
packet_number=206,correct=True,payload=[0,1,2,3,4,5,6,7,8,9,10,11,12,13,14,15,16,17,18,19,20,21,22,23,24,25,26,27,28,29,30,31,32,33,34,35,36,37,38,39,40,41,42,43,44,45,46,47,48,49,50,51,52,53,54,55,56,57,58,59,60,61,62,63,64,65,66,67,68,69,70,71,72,73,74,75,76,77,78,79,80,81,82,83,84,85,86,87,88,89,90,91,92,93,94,95,96,97,98,99]
CFO=-448.25799293312343,STO=0
EsN0dB=28.74,GRXdB=17,N0=0.0010000000474974513
packet_number=207,correct=True,payload=[0,1,2,3,4,5,6,7,8,9,10,11,12,13,14,15,16,17,18,19,20,21,22,23,24,25,26,27,28,29,30,31,32,33,34,35,36,37,38,39,40,41,42,43,44,45,46,47,48,49,50,51,52,53,54,55,56,57,58,59,60,61,62,63,64,65,66,67,68,69,70,71,72,73,74,75,76,77,78,79,80,81,82,83,84,85,86,87,88,89,90,91,92,93,94,95,96,97,98,99]
CFO=-405.07065345027996,STO=4
EsN0dB=28.75,GRXdB=17,N0=0.0010000000474974513
packet_number=208,correct=True,payload=[0,1,2,3,4,5,6,7,8,9,10,11,12,13,14,15,16,17,18,19,20,21,22,23,24,25,26,27,28,29,30,31,32,33,34,35,36,37,38,39,40,41,42,43,44,45,46,47,48,49,50,51,52,53,54,55,56,57,58,59,60,61,62,63,64,65,66,67,68,69,70,71,72,73,74,75,76,77,78,79,80,81,82,83,84,85,86,87,88,89,90,91,92,93,94,95,96,97,98,99]
CFO=-458.2975113104123,STO=2
EsN0dB=28.77,GRXdB=17,N0=0.0010000000474974513
packet_number=209,correct=True,payload=[0,1,2,3,4,5,6,7,8,9,10,11,12,13,14,15,16,17,18,19,20,21,22,23,24,25,26,27,28,29,30,31,32,33,34,35,36,37,38,39,40,41,42,43,44,45,46,47,48,49,50,51,52,53,54,55,56,57,58,59,60,61,62,63,64,65,66,67,68,69,70,71,72,73,74,75,76,77,78,79,80,81,82,83,84,85,86,87,88,89,90,91,92,93,94,95,96,97,98,99]
CFO=-839.8415425906813,STO=3
EsN0dB=nan,GRXdB=17,N0=0.0010000000474974513
packet_number=210,correct=False,payload=[86,66,26,71,127,137,46,100,168,10,114,60,232,107,13,207,120,175,212,48,50,233,171,251,93,148,240,247,23,219,114,197,23,206,29,102,200,26,186,167,149,145,157,55,112,31,120,209,22,167,176,146,167,38,247,163,48,113,227,121,63,225,86,175,219,212,49,235,84,69,21,62,251,248,44,252,83,61,202,22,139,10,57,43,135,25,125,89,181,190,122,134,39,167,254,5,116,214,93,11]
CFO=-461.5235602515941,STO=5
EsN0dB=28.77,GRXdB=17,N0=0.0010000000474974513
packet_number=211,correct=True,payload=[0,1,2,3,4,5,6,7,8,9,10,11,12,13,14,15,16,17,18,19,20,21,22,23,24,25,26,27,28,29,30,31,32,33,34,35,36,37,38,39,40,41,42,43,44,45,46,47,48,49,50,51,52,53,54,55,56,57,58,59,60,61,62,63,64,65,66,67,68,69,70,71,72,73,74,75,76,77,78,79,80,81,82,83,84,85,86,87,88,89,90,91,92,93,94,95,96,97,98,99]
CFO=-424.71130115344204,STO=3
EsN0dB=28.76,GRXdB=17,N0=0.0010000000474974513
packet_number=212,correct=True,payload=[0,1,2,3,4,5,6,7,8,9,10,11,12,13,14,15,16,17,18,19,20,21,22,23,24,25,26,27,28,29,30,31,32,33,34,35,36,37,38,39,40,41,42,43,44,45,46,47,48,49,50,51,52,53,54,55,56,57,58,59,60,61,62,63,64,65,66,67,68,69,70,71,72,73,74,75,76,77,78,79,80,81,82,83,84,85,86,87,88,89,90,91,92,93,94,95,96,97,98,99]
CFO=-398.1330310964472,STO=4
EsN0dB=28.76,GRXdB=17,N0=0.0010000000474974513
packet_number=213,correct=True,payload=[0,1,2,3,4,5,6,7,8,9,10,11,12,13,14,15,16,17,18,19,20,21,22,23,24,25,26,27,28,29,30,31,32,33,34,35,36,37,38,39,40,41,42,43,44,45,46,47,48,49,50,51,52,53,54,55,56,57,58,59,60,61,62,63,64,65,66,67,68,69,70,71,72,73,74,75,76,77,78,79,80,81,82,83,84,85,86,87,88,89,90,91,92,93,94,95,96,97,98,99]
CFO=-472.63622467035196,STO=4
EsN0dB=28.76,GRXdB=17,N0=0.0010000000474974513
packet_number=214,correct=True,payload=[0,1,2,3,4,5,6,7,8,9,10,11,12,13,14,15,16,17,18,19,20,21,22,23,24,25,26,27,28,29,30,31,32,33,34,35,36,37,38,39,40,41,42,43,44,45,46,47,48,49,50,51,52,53,54,55,56,57,58,59,60,61,62,63,64,65,66,67,68,69,70,71,72,73,74,75,76,77,78,79,80,81,82,83,84,85,86,87,88,89,90,91,92,93,94,95,96,97,98,99]
CFO=-449.34163327566097,STO=6
EsN0dB=28.75,GRXdB=17,N0=0.0010000000474974513
packet_number=215,correct=True,payload=[0,1,2,3,4,5,6,7,8,9,10,11,12,13,14,15,16,17,18,19,20,21,22,23,24,25,26,27,28,29,30,31,32,33,34,35,36,37,38,39,40,41,42,43,44,45,46,47,48,49,50,51,52,53,54,55,56,57,58,59,60,61,62,63,64,65,66,67,68,69,70,71,72,73,74,75,76,77,78,79,80,81,82,83,84,85,86,87,88,89,90,91,92,93,94,95,96,97,98,99]
CFO=-419.17309681158684,STO=3
EsN0dB=28.73,GRXdB=17,N0=0.0010000000474974513
packet_number=216,correct=True,payload=[0,1,2,3,4,5,6,7,8,9,10,11,12,13,14,15,16,17,18,19,20,21,22,23,24,25,26,27,28,29,30,31,32,33,34,35,36,37,38,39,40,41,42,43,44,45,46,47,48,49,50,51,52,53,54,55,56,57,58,59,60,61,62,63,64,65,66,67,68,69,70,71,72,73,74,75,76,77,78,79,80,81,82,83,84,85,86,87,88,89,90,91,92,93,94,95,96,97,98,99]
CFO=-423.6117414897921,STO=4
EsN0dB=28.75,GRXdB=17,N0=0.0010000000474974513
packet_number=217,correct=True,payload=[0,1,2,3,4,5,6,7,8,9,10,11,12,13,14,15,16,17,18,19,20,21,22,23,24,25,26,27,28,29,30,31,32,33,34,35,36,37,38,39,40,41,42,43,44,45,46,47,48,49,50,51,52,53,54,55,56,57,58,59,60,61,62,63,64,65,66,67,68,69,70,71,72,73,74,75,76,77,78,79,80,81,82,83,84,85,86,87,88,89,90,91,92,93,94,95,96,97,98,99]
CFO=-440.111984420662,STO=6
EsN0dB=28.76,GRXdB=17,N0=0.0010000000474974513
packet_number=218,correct=True,payload=[0,1,2,3,4,5,6,7,8,9,10,11,12,13,14,15,16,17,18,19,20,21,22,23,24,25,26,27,28,29,30,31,32,33,34,35,36,37,38,39,40,41,42,43,44,45,46,47,48,49,50,51,52,53,54,55,56,57,58,59,60,61,62,63,64,65,66,67,68,69,70,71,72,73,74,75,76,77,78,79,80,81,82,83,84,85,86,87,88,89,90,91,92,93,94,95,96,97,98,99]
CFO=-467.66201489863346,STO=7
EsN0dB=28.74,GRXdB=17,N0=0.0010000000474974513
packet_number=219,correct=True,payload=[0,1,2,3,4,5,6,7,8,9,10,11,12,13,14,15,16,17,18,19,20,21,22,23,24,25,26,27,28,29,30,31,32,33,34,35,36,37,38,39,40,41,42,43,44,45,46,47,48,49,50,51,52,53,54,55,56,57,58,59,60,61,62,63,64,65,66,67,68,69,70,71,72,73,74,75,76,77,78,79,80,81,82,83,84,85,86,87,88,89,90,91,92,93,94,95,96,97,98,99]
CFO=-434.42392501693865,STO=3
EsN0dB=28.76,GRXdB=17,N0=0.0010000000474974513
packet_number=220,correct=True,payload=[0,1,2,3,4,5,6,7,8,9,10,11,12,13,14,15,16,17,18,19,20,21,22,23,24,25,26,27,28,29,30,31,32,33,34,35,36,37,38,39,40,41,42,43,44,45,46,47,48,49,50,51,52,53,54,55,56,57,58,59,60,61,62,63,64,65,66,67,68,69,70,71,72,73,74,75,76,77,78,79,80,81,82,83,84,85,86,87,88,89,90,91,92,93,94,95,96,97,98,99]
CFO=-418.6031436128773,STO=3
EsN0dB=28.76,GRXdB=17,N0=0.0010000000474974513
packet_number=221,correct=True,payload=[0,1,2,3,4,5,6,7,8,9,10,11,12,13,14,15,16,17,18,19,20,21,22,23,24,25,26,27,28,29,30,31,32,33,34,35,36,37,38,39,40,41,42,43,44,45,46,47,48,49,50,51,52,53,54,55,56,57,58,59,60,61,62,63,64,65,66,67,68,69,70,71,72,73,74,75,76,77,78,79,80,81,82,83,84,85,86,87,88,89,90,91,92,93,94,95,96,97,98,99]
CFO=-486.76036811183445,STO=5
EsN0dB=28.76,GRXdB=17,N0=0.0010000000474974513
packet_number=222,correct=True,payload=[0,1,2,3,4,5,6,7,8,9,10,11,12,13,14,15,16,17,18,19,20,21,22,23,24,25,26,27,28,29,30,31,32,33,34,35,36,37,38,39,40,41,42,43,44,45,46,47,48,49,50,51,52,53,54,55,56,57,58,59,60,61,62,63,64,65,66,67,68,69,70,71,72,73,74,75,76,77,78,79,80,81,82,83,84,85,86,87,88,89,90,91,92,93,94,95,96,97,98,99]
CFO=-405.2958658943971,STO=2
EsN0dB=28.73,GRXdB=17,N0=0.0010000000474974513
packet_number=223,correct=True,payload=[0,1,2,3,4,5,6,7,8,9,10,11,12,13,14,15,16,17,18,19,20,21,22,23,24,25,26,27,28,29,30,31,32,33,34,35,36,37,38,39,40,41,42,43,44,45,46,47,48,49,50,51,52,53,54,55,56,57,58,59,60,61,62,63,64,65,66,67,68,69,70,71,72,73,74,75,76,77,78,79,80,81,82,83,84,85,86,87,88,89,90,91,92,93,94,95,96,97,98,99]
CFO=-419.86990061558487,STO=3
EsN0dB=28.76,GRXdB=17,N0=0.0010000000474974513
packet_number=224,correct=True,payload=[0,1,2,3,4,5,6,7,8,9,10,11,12,13,14,15,16,17,18,19,20,21,22,23,24,25,26,27,28,29,30,31,32,33,34,35,36,37,38,39,40,41,42,43,44,45,46,47,48,49,50,51,52,53,54,55,56,57,58,59,60,61,62,63,64,65,66,67,68,69,70,71,72,73,74,75,76,77,78,79,80,81,82,83,84,85,86,87,88,89,90,91,92,93,94,95,96,97,98,99]
CFO=-436.9176851869501,STO=3
EsN0dB=28.76,GRXdB=17,N0=0.0010000000474974513
packet_number=225,correct=True,payload=[0,1,2,3,4,5,6,7,8,9,10,11,12,13,14,15,16,17,18,19,20,21,22,23,24,25,26,27,28,29,30,31,32,33,34,35,36,37,38,39,40,41,42,43,44,45,46,47,48,49,50,51,52,53,54,55,56,57,58,59,60,61,62,63,64,65,66,67,68,69,70,71,72,73,74,75,76,77,78,79,80,81,82,83,84,85,86,87,88,89,90,91,92,93,94,95,96,97,98,99]
CFO=-1193.0704080523626,STO=4
EsN0dB=-10.36,GRXdB=17,N0=0.0010000000474974513
packet_number=226,correct=False,payload=[93,51,126,224,137,64,105,63,129,138,128,8,239,95,27,205,176,11,157,231,29,154,165,188,145,43,134,81,78,81,157,102,24,15,205,233,62,228,8,124,184,161,20,150,188,119,140,248,154,25,136,232,87,106,229,24,166,135,213,20,172,12,182,147,115,77,51,178,130,47,22,204,116,18,170,240,132,81,175,127,188,248,176,149,51,110,110,13,214,159,220,45,47,190,131,178,111,127,55,53]
CFO=-447.32299221080484,STO=0
EsN0dB=28.74,GRXdB=17,N0=0.0010000000474974513
packet_number=227,correct=True,payload=[0,1,2,3,4,5,6,7,8,9,10,11,12,13,14,15,16,17,18,19,20,21,22,23,24,25,26,27,28,29,30,31,32,33,34,35,36,37,38,39,40,41,42,43,44,45,46,47,48,49,50,51,52,53,54,55,56,57,58,59,60,61,62,63,64,65,66,67,68,69,70,71,72,73,74,75,76,77,78,79,80,81,82,83,84,85,86,87,88,89,90,91,92,93,94,95,96,97,98,99]
CFO=-433.3924300856427,STO=4
EsN0dB=28.74,GRXdB=17,N0=0.0010000000474974513
packet_number=228,correct=True,payload=[0,1,2,3,4,5,6,7,8,9,10,11,12,13,14,15,16,17,18,19,20,21,22,23,24,25,26,27,28,29,30,31,32,33,34,35,36,37,38,39,40,41,42,43,44,45,46,47,48,49,50,51,52,53,54,55,56,57,58,59,60,61,62,63,64,65,66,67,68,69,70,71,72,73,74,75,76,77,78,79,80,81,82,83,84,85,86,87,88,89,90,91,92,93,94,95,96,97,98,99]
CFO=-515.8458867766548,STO=5
EsN0dB=28.75,GRXdB=17,N0=0.0010000000474974513
packet_number=229,correct=True,payload=[0,1,2,3,4,5,6,7,8,9,10,11,12,13,14,15,16,17,18,19,20,21,22,23,24,25,26,27,28,29,30,31,32,33,34,35,36,37,38,39,40,41,42,43,44,45,46,47,48,49,50,51,52,53,54,55,56,57,58,59,60,61,62,63,64,65,66,67,68,69,70,71,72,73,74,75,76,77,78,79,80,81,82,83,84,85,86,87,88,89,90,91,92,93,94,95,96,97,98,99]
CFO=-447.766331963572,STO=7
EsN0dB=28.76,GRXdB=17,N0=0.0010000000474974513
packet_number=230,correct=True,payload=[0,1,2,3,4,5,6,7,8,9,10,11,12,13,14,15,16,17,18,19,20,21,22,23,24,25,26,27,28,29,30,31,32,33,34,35,36,37,38,39,40,41,42,43,44,45,46,47,48,49,50,51,52,53,54,55,56,57,58,59,60,61,62,63,64,65,66,67,68,69,70,71,72,73,74,75,76,77,78,79,80,81,82,83,84,85,86,87,88,89,90,91,92,93,94,95,96,97,98,99]
CFO=-421.882998080724,STO=3
EsN0dB=28.75,GRXdB=17,N0=0.0010000000474974513
packet_number=231,correct=True,payload=[0,1,2,3,4,5,6,7,8,9,10,11,12,13,14,15,16,17,18,19,20,21,22,23,24,25,26,27,28,29,30,31,32,33,34,35,36,37,38,39,40,41,42,43,44,45,46,47,48,49,50,51,52,53,54,55,56,57,58,59,60,61,62,63,64,65,66,67,68,69,70,71,72,73,74,75,76,77,78,79,80,81,82,83,84,85,86,87,88,89,90,91,92,93,94,95,96,97,98,99]
CFO=-432.75627978443043,STO=4
EsN0dB=28.76,GRXdB=17,N0=0.0010000000474974513
packet_number=232,correct=True,payload=[0,1,2,3,4,5,6,7,8,9,10,11,12,13,14,15,16,17,18,19,20,21,22,23,24,25,26,27,28,29,30,31,32,33,34,35,36,37,38,39,40,41,42,43,44,45,46,47,48,49,50,51,52,53,54,55,56,57,58,59,60,61,62,63,64,65,66,67,68,69,70,71,72,73,74,75,76,77,78,79,80,81,82,83,84,85,86,87,88,89,90,91,92,93,94,95,96,97,98,99]
CFO=-445.4957683832351,STO=5
EsN0dB=28.76,GRXdB=17,N0=0.0010000000474974513
packet_number=233,correct=True,payload=[0,1,2,3,4,5,6,7,8,9,10,11,12,13,14,15,16,17,18,19,20,21,22,23,24,25,26,27,28,29,30,31,32,33,34,35,36,37,38,39,40,41,42,43,44,45,46,47,48,49,50,51,52,53,54,55,56,57,58,59,60,61,62,63,64,65,66,67,68,69,70,71,72,73,74,75,76,77,78,79,80,81,82,83,84,85,86,87,88,89,90,91,92,93,94,95,96,97,98,99]
CFO=-428.1411292628299,STO=5
EsN0dB=28.76,GRXdB=17,N0=0.0010000000474974513
packet_number=234,correct=True,payload=[0,1,2,3,4,5,6,7,8,9,10,11,12,13,14,15,16,17,18,19,20,21,22,23,24,25,26,27,28,29,30,31,32,33,34,35,36,37,38,39,40,41,42,43,44,45,46,47,48,49,50,51,52,53,54,55,56,57,58,59,60,61,62,63,64,65,66,67,68,69,70,71,72,73,74,75,76,77,78,79,80,81,82,83,84,85,86,87,88,89,90,91,92,93,94,95,96,97,98,99]
CFO=-399.29051693040185,STO=4
EsN0dB=28.77,GRXdB=17,N0=0.0010000000474974513
packet_number=235,correct=True,payload=[0,1,2,3,4,5,6,7,8,9,10,11,12,13,14,15,16,17,18,19,20,21,22,23,24,25,26,27,28,29,30,31,32,33,34,35,36,37,38,39,40,41,42,43,44,45,46,47,48,49,50,51,52,53,54,55,56,57,58,59,60,61,62,63,64,65,66,67,68,69,70,71,72,73,74,75,76,77,78,79,80,81,82,83,84,85,86,87,88,89,90,91,92,93,94,95,96,97,98,99]
CFO=-425.585885532321,STO=5
EsN0dB=28.73,GRXdB=17,N0=0.0010000000474974513
packet_number=236,correct=True,payload=[0,1,2,3,4,5,6,7,8,9,10,11,12,13,14,15,16,17,18,19,20,21,22,23,24,25,26,27,28,29,30,31,32,33,34,35,36,37,38,39,40,41,42,43,44,45,46,47,48,49,50,51,52,53,54,55,56,57,58,59,60,61,62,63,64,65,66,67,68,69,70,71,72,73,74,75,76,77,78,79,80,81,82,83,84,85,86,87,88,89,90,91,92,93,94,95,96,97,98,99]
CFO=-434.9393315660265,STO=5
EsN0dB=28.74,GRXdB=17,N0=0.0010000000474974513
packet_number=237,correct=True,payload=[0,1,2,3,4,5,6,7,8,9,10,11,12,13,14,15,16,17,18,19,20,21,22,23,24,25,26,27,28,29,30,31,32,33,34,35,36,37,38,39,40,41,42,43,44,45,46,47,48,49,50,51,52,53,54,55,56,57,58,59,60,61,62,63,64,65,66,67,68,69,70,71,72,73,74,75,76,77,78,79,80,81,82,83,84,85,86,87,88,89,90,91,92,93,94,95,96,97,98,99]
CFO=-447.7673695357115,STO=2
EsN0dB=28.74,GRXdB=17,N0=0.0010000000474974513
packet_number=238,correct=True,payload=[0,1,2,3,4,5,6,7,8,9,10,11,12,13,14,15,16,17,18,19,20,21,22,23,24,25,26,27,28,29,30,31,32,33,34,35,36,37,38,39,40,41,42,43,44,45,46,47,48,49,50,51,52,53,54,55,56,57,58,59,60,61,62,63,64,65,66,67,68,69,70,71,72,73,74,75,76,77,78,79,80,81,82,83,84,85,86,87,88,89,90,91,92,93,94,95,96,97,98,99]
CFO=-431.7460699044542,STO=5
EsN0dB=28.75,GRXdB=17,N0=0.0010000000474974513
packet_number=239,correct=True,payload=[0,1,2,3,4,5,6,7,8,9,10,11,12,13,14,15,16,17,18,19,20,21,22,23,24,25,26,27,28,29,30,31,32,33,34,35,36,37,38,39,40,41,42,43,44,45,46,47,48,49,50,51,52,53,54,55,56,57,58,59,60,61,62,63,64,65,66,67,68,69,70,71,72,73,74,75,76,77,78,79,80,81,82,83,84,85,86,87,88,89,90,91,92,93,94,95,96,97,98,99]
CFO=-444.74017870630246,STO=0
EsN0dB=28.74,GRXdB=17,N0=0.0010000000474974513
packet_number=240,correct=True,payload=[0,1,2,3,4,5,6,7,8,9,10,11,12,13,14,15,16,17,18,19,20,21,22,23,24,25,26,27,28,29,30,31,32,33,34,35,36,37,38,39,40,41,42,43,44,45,46,47,48,49,50,51,52,53,54,55,56,57,58,59,60,61,62,63,64,65,66,67,68,69,70,71,72,73,74,75,76,77,78,79,80,81,82,83,84,85,86,87,88,89,90,91,92,93,94,95,96,97,98,99]
CFO=-467.8167613720166,STO=5
EsN0dB=28.75,GRXdB=17,N0=0.0010000000474974513
packet_number=241,correct=True,payload=[0,1,2,3,4,5,6,7,8,9,10,11,12,13,14,15,16,17,18,19,20,21,22,23,24,25,26,27,28,29,30,31,32,33,34,35,36,37,38,39,40,41,42,43,44,45,46,47,48,49,50,51,52,53,54,55,56,57,58,59,60,61,62,63,64,65,66,67,68,69,70,71,72,73,74,75,76,77,78,79,80,81,82,83,84,85,86,87,88,89,90,91,92,93,94,95,96,97,98,99]
CFO=-446.3777047018457,STO=4
EsN0dB=28.76,GRXdB=17,N0=0.0010000000474974513
packet_number=242,correct=True,payload=[0,1,2,3,4,5,6,7,8,9,10,11,12,13,14,15,16,17,18,19,20,21,22,23,24,25,26,27,28,29,30,31,32,33,34,35,36,37,38,39,40,41,42,43,44,45,46,47,48,49,50,51,52,53,54,55,56,57,58,59,60,61,62,63,64,65,66,67,68,69,70,71,72,73,74,75,76,77,78,79,80,81,82,83,84,85,86,87,88,89,90,91,92,93,94,95,96,97,98,99]
CFO=-392.25091605771127,STO=4
EsN0dB=28.75,GRXdB=17,N0=0.0010000000474974513
packet_number=243,correct=True,payload=[0,1,2,3,4,5,6,7,8,9,10,11,12,13,14,15,16,17,18,19,20,21,22,23,24,25,26,27,28,29,30,31,32,33,34,35,36,37,38,39,40,41,42,43,44,45,46,47,48,49,50,51,52,53,54,55,56,57,58,59,60,61,62,63,64,65,66,67,68,69,70,71,72,73,74,75,76,77,78,79,80,81,82,83,84,85,86,87,88,89,90,91,92,93,94,95,96,97,98,99]
CFO=-464.6843310827397,STO=4
EsN0dB=28.75,GRXdB=17,N0=0.0010000000474974513
packet_number=244,correct=True,payload=[0,1,2,3,4,5,6,7,8,9,10,11,12,13,14,15,16,17,18,19,20,21,22,23,24,25,26,27,28,29,30,31,32,33,34,35,36,37,38,39,40,41,42,43,44,45,46,47,48,49,50,51,52,53,54,55,56,57,58,59,60,61,62,63,64,65,66,67,68,69,70,71,72,73,74,75,76,77,78,79,80,81,82,83,84,85,86,87,88,89,90,91,92,93,94,95,96,97,98,99]
CFO=-439.33537649667403,STO=3
EsN0dB=28.75,GRXdB=17,N0=0.0010000000474974513
packet_number=245,correct=True,payload=[0,1,2,3,4,5,6,7,8,9,10,11,12,13,14,15,16,17,18,19,20,21,22,23,24,25,26,27,28,29,30,31,32,33,34,35,36,37,38,39,40,41,42,43,44,45,46,47,48,49,50,51,52,53,54,55,56,57,58,59,60,61,62,63,64,65,66,67,68,69,70,71,72,73,74,75,76,77,78,79,80,81,82,83,84,85,86,87,88,89,90,91,92,93,94,95,96,97,98,99]
CFO=-411.0473654232238,STO=4
EsN0dB=28.76,GRXdB=17,N0=0.0010000000474974513
packet_number=246,correct=True,payload=[0,1,2,3,4,5,6,7,8,9,10,11,12,13,14,15,16,17,18,19,20,21,22,23,24,25,26,27,28,29,30,31,32,33,34,35,36,37,38,39,40,41,42,43,44,45,46,47,48,49,50,51,52,53,54,55,56,57,58,59,60,61,62,63,64,65,66,67,68,69,70,71,72,73,74,75,76,77,78,79,80,81,82,83,84,85,86,87,88,89,90,91,92,93,94,95,96,97,98,99]
CFO=-434.8495074636605,STO=3
EsN0dB=28.76,GRXdB=17,N0=0.0010000000474974513
packet_number=247,correct=True,payload=[0,1,2,3,4,5,6,7,8,9,10,11,12,13,14,15,16,17,18,19,20,21,22,23,24,25,26,27,28,29,30,31,32,33,34,35,36,37,38,39,40,41,42,43,44,45,46,47,48,49,50,51,52,53,54,55,56,57,58,59,60,61,62,63,64,65,66,67,68,69,70,71,72,73,74,75,76,77,78,79,80,81,82,83,84,85,86,87,88,89,90,91,92,93,94,95,96,97,98,99]
CFO=-129.63685704470979,STO=4
EsN0dB=-9.98,GRXdB=17,N0=0.0010000000474974513
packet_number=248,correct=False,payload=[113,7,250,172,135,40,184,213,246,119,225,229,251,57,83,24,218,250,121,174,239,109,102,29,104,235,28,245,175,201,158,63,249,53,65,59,165,231,251,182,25,135,225,212,74,171,46,221,222,212,33,167,81,95,246,42,80,9,93,166,249,147,149,253,46,115,68,218,225,213,158,41,214,84,68,37,0,0,29,171,54,93,188,153,42,124,143,29,40,236,192,223,95,222,234,131,178,43,84,204]
CFO=-474.1603292085842,STO=4
EsN0dB=28.77,GRXdB=17,N0=0.0010000000474974513
packet_number=249,correct=True,payload=[0,1,2,3,4,5,6,7,8,9,10,11,12,13,14,15,16,17,18,19,20,21,22,23,24,25,26,27,28,29,30,31,32,33,34,35,36,37,38,39,40,41,42,43,44,45,46,47,48,49,50,51,52,53,54,55,56,57,58,59,60,61,62,63,64,65,66,67,68,69,70,71,72,73,74,75,76,77,78,79,80,81,82,83,84,85,86,87,88,89,90,91,92,93,94,95,96,97,98,99]
CFO=-448.6734664627143,STO=2
EsN0dB=28.75,GRXdB=17,N0=0.0010000000474974513
packet_number=250,correct=True,payload=[0,1,2,3,4,5,6,7,8,9,10,11,12,13,14,15,16,17,18,19,20,21,22,23,24,25,26,27,28,29,30,31,32,33,34,35,36,37,38,39,40,41,42,43,44,45,46,47,48,49,50,51,52,53,54,55,56,57,58,59,60,61,62,63,64,65,66,67,68,69,70,71,72,73,74,75,76,77,78,79,80,81,82,83,84,85,86,87,88,89,90,91,92,93,94,95,96,97,98,99]
CFO=-405.367843755963,STO=4
EsN0dB=28.74,GRXdB=17,N0=0.0010000000474974513
packet_number=251,correct=True,payload=[0,1,2,3,4,5,6,7,8,9,10,11,12,13,14,15,16,17,18,19,20,21,22,23,24,25,26,27,28,29,30,31,32,33,34,35,36,37,38,39,40,41,42,43,44,45,46,47,48,49,50,51,52,53,54,55,56,57,58,59,60,61,62,63,64,65,66,67,68,69,70,71,72,73,74,75,76,77,78,79,80,81,82,83,84,85,86,87,88,89,90,91,92,93,94,95,96,97,98,99]
CFO=-419.4924911610561,STO=4
EsN0dB=28.76,GRXdB=17,N0=0.0010000000474974513
packet_number=252,correct=True,payload=[0,1,2,3,4,5,6,7,8,9,10,11,12,13,14,15,16,17,18,19,20,21,22,23,24,25,26,27,28,29,30,31,32,33,34,35,36,37,38,39,40,41,42,43,44,45,46,47,48,49,50,51,52,53,54,55,56,57,58,59,60,61,62,63,64,65,66,67,68,69,70,71,72,73,74,75,76,77,78,79,80,81,82,83,84,85,86,87,88,89,90,91,92,93,94,95,96,97,98,99]
CFO=2000.4362391245663,STO=3
EsN0dB=-6.94,GRXdB=17,N0=0.0010000000474974513
packet_number=253,correct=False,payload=[80,20,253,24,3,159,5,51,125,154,211,106,157,232,128,24,220,214,234,10,9,15,178,193,209,80,236,224,108,81,14,126,219,173,227,174,95,251,24,166,89,38,140,146,153,14,11,65,60,182,245,182,45,49,54,176,43,16,50,207,80,246,84,99,134,145,172,138,172,110,11,144,19,52,65,99,44,106,177,118,182,170,192,134,75,129,87,11,255,212,9,85,133,203,99,164,169,88,93,137]
CFO=-409.05999974714535,STO=3
EsN0dB=28.77,GRXdB=17,N0=0.0010000000474974513
packet_number=254,correct=True,payload=[0,1,2,3,4,5,6,7,8,9,10,11,12,13,14,15,16,17,18,19,20,21,22,23,24,25,26,27,28,29,30,31,32,33,34,35,36,37,38,39,40,41,42,43,44,45,46,47,48,49,50,51,52,53,54,55,56,57,58,59,60,61,62,63,64,65,66,67,68,69,70,71,72,73,74,75,76,77,78,79,80,81,82,83,84,85,86,87,88,89,90,91,92,93,94,95,96,97,98,99]
CFO=-453.2468176495504,STO=4
EsN0dB=28.76,GRXdB=17,N0=0.0010000000474974513
packet_number=255,correct=True,payload=[0,1,2,3,4,5,6,7,8,9,10,11,12,13,14,15,16,17,18,19,20,21,22,23,24,25,26,27,28,29,30,31,32,33,34,35,36,37,38,39,40,41,42,43,44,45,46,47,48,49,50,51,52,53,54,55,56,57,58,59,60,61,62,63,64,65,66,67,68,69,70,71,72,73,74,75,76,77,78,79,80,81,82,83,84,85,86,87,88,89,90,91,92,93,94,95,96,97,98,99]
CFO=-438.2290874365762,STO=4
EsN0dB=28.76,GRXdB=17,N0=0.0010000000474974513
packet_number=256,correct=True,payload=[0,1,2,3,4,5,6,7,8,9,10,11,12,13,14,15,16,17,18,19,20,21,22,23,24,25,26,27,28,29,30,31,32,33,34,35,36,37,38,39,40,41,42,43,44,45,46,47,48,49,50,51,52,53,54,55,56,57,58,59,60,61,62,63,64,65,66,67,68,69,70,71,72,73,74,75,76,77,78,79,80,81,82,83,84,85,86,87,88,89,90,91,92,93,94,95,96,97,98,99]
CFO=-473.41375158680637,STO=3
EsN0dB=28.77,GRXdB=17,N0=0.0010000000474974513
packet_number=257,correct=True,payload=[0,1,2,3,4,5,6,7,8,9,10,11,12,13,14,15,16,17,18,19,20,21,22,23,24,25,26,27,28,29,30,31,32,33,34,35,36,37,38,39,40,41,42,43,44,45,46,47,48,49,50,51,52,53,54,55,56,57,58,59,60,61,62,63,64,65,66,67,68,69,70,71,72,73,74,75,76,77,78,79,80,81,82,83,84,85,86,87,88,89,90,91,92,93,94,95,96,97,98,99]
CFO=-436.7322562231548,STO=4
EsN0dB=28.74,GRXdB=17,N0=0.0010000000474974513
packet_number=258,correct=True,payload=[0,1,2,3,4,5,6,7,8,9,10,11,12,13,14,15,16,17,18,19,20,21,22,23,24,25,26,27,28,29,30,31,32,33,34,35,36,37,38,39,40,41,42,43,44,45,46,47,48,49,50,51,52,53,54,55,56,57,58,59,60,61,62,63,64,65,66,67,68,69,70,71,72,73,74,75,76,77,78,79,80,81,82,83,84,85,86,87,88,89,90,91,92,93,94,95,96,97,98,99]
CFO=-411.0146967232874,STO=4
EsN0dB=28.74,GRXdB=17,N0=0.0010000000474974513
packet_number=259,correct=True,payload=[0,1,2,3,4,5,6,7,8,9,10,11,12,13,14,15,16,17,18,19,20,21,22,23,24,25,26,27,28,29,30,31,32,33,34,35,36,37,38,39,40,41,42,43,44,45,46,47,48,49,50,51,52,53,54,55,56,57,58,59,60,61,62,63,64,65,66,67,68,69,70,71,72,73,74,75,76,77,78,79,80,81,82,83,84,85,86,87,88,89,90,91,92,93,94,95,96,97,98,99]
CFO=-459.319845961962,STO=4
EsN0dB=28.75,GRXdB=17,N0=0.0010000000474974513
packet_number=260,correct=True,payload=[0,1,2,3,4,5,6,7,8,9,10,11,12,13,14,15,16,17,18,19,20,21,22,23,24,25,26,27,28,29,30,31,32,33,34,35,36,37,38,39,40,41,42,43,44,45,46,47,48,49,50,51,52,53,54,55,56,57,58,59,60,61,62,63,64,65,66,67,68,69,70,71,72,73,74,75,76,77,78,79,80,81,82,83,84,85,86,87,88,89,90,91,92,93,94,95,96,97,98,99]
CFO=-441.0695152808678,STO=3
EsN0dB=28.76,GRXdB=17,N0=0.0010000000474974513
packet_number=261,correct=True,payload=[0,1,2,3,4,5,6,7,8,9,10,11,12,13,14,15,16,17,18,19,20,21,22,23,24,25,26,27,28,29,30,31,32,33,34,35,36,37,38,39,40,41,42,43,44,45,46,47,48,49,50,51,52,53,54,55,56,57,58,59,60,61,62,63,64,65,66,67,68,69,70,71,72,73,74,75,76,77,78,79,80,81,82,83,84,85,86,87,88,89,90,91,92,93,94,95,96,97,98,99]
CFO=-448.82717536395785,STO=2
EsN0dB=28.77,GRXdB=17,N0=0.0010000000474974513
packet_number=262,correct=True,payload=[0,1,2,3,4,5,6,7,8,9,10,11,12,13,14,15,16,17,18,19,20,21,22,23,24,25,26,27,28,29,30,31,32,33,34,35,36,37,38,39,40,41,42,43,44,45,46,47,48,49,50,51,52,53,54,55,56,57,58,59,60,61,62,63,64,65,66,67,68,69,70,71,72,73,74,75,76,77,78,79,80,81,82,83,84,85,86,87,88,89,90,91,92,93,94,95,96,97,98,99]
CFO=-399.07393115750205,STO=4
EsN0dB=28.77,GRXdB=17,N0=0.0010000000474974513
packet_number=263,correct=True,payload=[0,1,2,3,4,5,6,7,8,9,10,11,12,13,14,15,16,17,18,19,20,21,22,23,24,25,26,27,28,29,30,31,32,33,34,35,36,37,38,39,40,41,42,43,44,45,46,47,48,49,50,51,52,53,54,55,56,57,58,59,60,61,62,63,64,65,66,67,68,69,70,71,72,73,74,75,76,77,78,79,80,81,82,83,84,85,86,87,88,89,90,91,92,93,94,95,96,97,98,99]
CFO=-436.69955787830014,STO=5
EsN0dB=28.78,GRXdB=17,N0=0.0010000000474974513
packet_number=264,correct=True,payload=[0,1,2,3,4,5,6,7,8,9,10,11,12,13,14,15,16,17,18,19,20,21,22,23,24,25,26,27,28,29,30,31,32,33,34,35,36,37,38,39,40,41,42,43,44,45,46,47,48,49,50,51,52,53,54,55,56,57,58,59,60,61,62,63,64,65,66,67,68,69,70,71,72,73,74,75,76,77,78,79,80,81,82,83,84,85,86,87,88,89,90,91,92,93,94,95,96,97,98,99]
CFO=-451.2377518932963,STO=4
EsN0dB=28.77,GRXdB=17,N0=0.0010000000474974513
packet_number=265,correct=True,payload=[0,1,2,3,4,5,6,7,8,9,10,11,12,13,14,15,16,17,18,19,20,21,22,23,24,25,26,27,28,29,30,31,32,33,34,35,36,37,38,39,40,41,42,43,44,45,46,47,48,49,50,51,52,53,54,55,56,57,58,59,60,61,62,63,64,65,66,67,68,69,70,71,72,73,74,75,76,77,78,79,80,81,82,83,84,85,86,87,88,89,90,91,92,93,94,95,96,97,98,99]
CFO=-398.28967484459974,STO=3
EsN0dB=28.75,GRXdB=17,N0=0.0010000000474974513
packet_number=266,correct=True,payload=[0,1,2,3,4,5,6,7,8,9,10,11,12,13,14,15,16,17,18,19,20,21,22,23,24,25,26,27,28,29,30,31,32,33,34,35,36,37,38,39,40,41,42,43,44,45,46,47,48,49,50,51,52,53,54,55,56,57,58,59,60,61,62,63,64,65,66,67,68,69,70,71,72,73,74,75,76,77,78,79,80,81,82,83,84,85,86,87,88,89,90,91,92,93,94,95,96,97,98,99]
CFO=-451.1398940180784,STO=5
EsN0dB=28.77,GRXdB=17,N0=0.0010000000474974513
packet_number=267,correct=True,payload=[0,1,2,3,4,5,6,7,8,9,10,11,12,13,14,15,16,17,18,19,20,21,22,23,24,25,26,27,28,29,30,31,32,33,34,35,36,37,38,39,40,41,42,43,44,45,46,47,48,49,50,51,52,53,54,55,56,57,58,59,60,61,62,63,64,65,66,67,68,69,70,71,72,73,74,75,76,77,78,79,80,81,82,83,84,85,86,87,88,89,90,91,92,93,94,95,96,97,98,99]
CFO=-452.9202788747774,STO=0
EsN0dB=28.76,GRXdB=17,N0=0.0010000000474974513
packet_number=268,correct=True,payload=[0,1,2,3,4,5,6,7,8,9,10,11,12,13,14,15,16,17,18,19,20,21,22,23,24,25,26,27,28,29,30,31,32,33,34,35,36,37,38,39,40,41,42,43,44,45,46,47,48,49,50,51,52,53,54,55,56,57,58,59,60,61,62,63,64,65,66,67,68,69,70,71,72,73,74,75,76,77,78,79,80,81,82,83,84,85,86,87,88,89,90,91,92,93,94,95,96,97,98,99]
CFO=-393.49973788486386,STO=3
EsN0dB=28.75,GRXdB=17,N0=0.0010000000474974513
packet_number=269,correct=True,payload=[0,1,2,3,4,5,6,7,8,9,10,11,12,13,14,15,16,17,18,19,20,21,22,23,24,25,26,27,28,29,30,31,32,33,34,35,36,37,38,39,40,41,42,43,44,45,46,47,48,49,50,51,52,53,54,55,56,57,58,59,60,61,62,63,64,65,66,67,68,69,70,71,72,73,74,75,76,77,78,79,80,81,82,83,84,85,86,87,88,89,90,91,92,93,94,95,96,97,98,99]
CFO=-462.4357343868428,STO=3
EsN0dB=28.76,GRXdB=17,N0=0.0010000000474974513
packet_number=270,correct=True,payload=[0,1,2,3,4,5,6,7,8,9,10,11,12,13,14,15,16,17,18,19,20,21,22,23,24,25,26,27,28,29,30,31,32,33,34,35,36,37,38,39,40,41,42,43,44,45,46,47,48,49,50,51,52,53,54,55,56,57,58,59,60,61,62,63,64,65,66,67,68,69,70,71,72,73,74,75,76,77,78,79,80,81,82,83,84,85,86,87,88,89,90,91,92,93,94,95,96,97,98,99]
CFO=2792.602764859376,STO=2
EsN0dB=-9.58,GRXdB=17,N0=0.0010000000474974513
packet_number=271,correct=False,payload=[8,171,113,171,199,21,43,108,91,154,180,39,173,143,120,178,154,223,195,29,184,49,0,121,191,91,169,45,47,41,65,213,24,159,155,202,207,29,89,147,115,206,220,38,121,165,91,54,57,17,165,255,61,135,10,136,28,176,77,193,231,72,204,206,52,133,114,212,255,155,142,237,89,179,150,185,83,186,137,88,68,32,225,239,50,128,123,29,73,98,195,210,84,105,7,222,16,88,156,163]
CFO=-497.79533319979976,STO=5
EsN0dB=28.76,GRXdB=17,N0=0.0010000000474974513
packet_number=272,correct=True,payload=[0,1,2,3,4,5,6,7,8,9,10,11,12,13,14,15,16,17,18,19,20,21,22,23,24,25,26,27,28,29,30,31,32,33,34,35,36,37,38,39,40,41,42,43,44,45,46,47,48,49,50,51,52,53,54,55,56,57,58,59,60,61,62,63,64,65,66,67,68,69,70,71,72,73,74,75,76,77,78,79,80,81,82,83,84,85,86,87,88,89,90,91,92,93,94,95,96,97,98,99]
CFO=-445.1804946774057,STO=1
EsN0dB=28.76,GRXdB=17,N0=0.0010000000474974513
packet_number=273,correct=True,payload=[0,1,2,3,4,5,6,7,8,9,10,11,12,13,14,15,16,17,18,19,20,21,22,23,24,25,26,27,28,29,30,31,32,33,34,35,36,37,38,39,40,41,42,43,44,45,46,47,48,49,50,51,52,53,54,55,56,57,58,59,60,61,62,63,64,65,66,67,68,69,70,71,72,73,74,75,76,77,78,79,80,81,82,83,84,85,86,87,88,89,90,91,92,93,94,95,96,97,98,99]
CFO=-399.693628529073,STO=3
EsN0dB=28.73,GRXdB=17,N0=0.0010000000474974513
packet_number=274,correct=True,payload=[0,1,2,3,4,5,6,7,8,9,10,11,12,13,14,15,16,17,18,19,20,21,22,23,24,25,26,27,28,29,30,31,32,33,34,35,36,37,38,39,40,41,42,43,44,45,46,47,48,49,50,51,52,53,54,55,56,57,58,59,60,61,62,63,64,65,66,67,68,69,70,71,72,73,74,75,76,77,78,79,80,81,82,83,84,85,86,87,88,89,90,91,92,93,94,95,96,97,98,99]
CFO=-423.01125402526185,STO=3
EsN0dB=28.77,GRXdB=17,N0=0.0010000000474974513
packet_number=275,correct=True,payload=[0,1,2,3,4,5,6,7,8,9,10,11,12,13,14,15,16,17,18,19,20,21,22,23,24,25,26,27,28,29,30,31,32,33,34,35,36,37,38,39,40,41,42,43,44,45,46,47,48,49,50,51,52,53,54,55,56,57,58,59,60,61,62,63,64,65,66,67,68,69,70,71,72,73,74,75,76,77,78,79,80,81,82,83,84,85,86,87,88,89,90,91,92,93,94,95,96,97,98,99]
CFO=-58.424308688902876,STO=1
EsN0dB=-11.62,GRXdB=17,N0=0.0010000000474974513
packet_number=276,correct=False,payload=[54,141,37,55,138,202,232,202,73,142,170,92,119,93,27,122,204,181,148,135,145,65,81,21,188,241,123,152,122,15,61,91,175,66,215,7,239,54,61,27,58,141,180,223,153,22,163,191,245,91,201,86,58,147,202,122,115,78,47,252,202,127,37,76,31,67,125,91,112,42,218,185,29,207,89,14,17,23,199,241,43,87,110,100,254,57,133,27,96,204,197,38,130,77,60,253,108,200,36,187]
CFO=-414.7867754141327,STO=4
EsN0dB=28.77,GRXdB=17,N0=0.0010000000474974513
packet_number=277,correct=True,payload=[0,1,2,3,4,5,6,7,8,9,10,11,12,13,14,15,16,17,18,19,20,21,22,23,24,25,26,27,28,29,30,31,32,33,34,35,36,37,38,39,40,41,42,43,44,45,46,47,48,49,50,51,52,53,54,55,56,57,58,59,60,61,62,63,64,65,66,67,68,69,70,71,72,73,74,75,76,77,78,79,80,81,82,83,84,85,86,87,88,89,90,91,92,93,94,95,96,97,98,99]
CFO=-408.92502643425007,STO=4
EsN0dB=28.78,GRXdB=17,N0=0.0010000000474974513
packet_number=278,correct=True,payload=[0,1,2,3,4,5,6,7,8,9,10,11,12,13,14,15,16,17,18,19,20,21,22,23,24,25,26,27,28,29,30,31,32,33,34,35,36,37,38,39,40,41,42,43,44,45,46,47,48,49,50,51,52,53,54,55,56,57,58,59,60,61,62,63,64,65,66,67,68,69,70,71,72,73,74,75,76,77,78,79,80,81,82,83,84,85,86,87,88,89,90,91,92,93,94,95,96,97,98,99]
CFO=-480.32291481909743,STO=5
EsN0dB=28.75,GRXdB=17,N0=0.0010000000474974513
packet_number=279,correct=True,payload=[0,1,2,3,4,5,6,7,8,9,10,11,12,13,14,15,16,17,18,19,20,21,22,23,24,25,26,27,28,29,30,31,32,33,34,35,36,37,38,39,40,41,42,43,44,45,46,47,48,49,50,51,52,53,54,55,56,57,58,59,60,61,62,63,64,65,66,67,68,69,70,71,72,73,74,75,76,77,78,79,80,81,82,83,84,85,86,87,88,89,90,91,92,93,94,95,96,97,98,99]
CFO=-485.9063276613184,STO=0
EsN0dB=28.77,GRXdB=17,N0=0.0010000000474974513
packet_number=280,correct=True,payload=[0,1,2,3,4,5,6,7,8,9,10,11,12,13,14,15,16,17,18,19,20,21,22,23,24,25,26,27,28,29,30,31,32,33,34,35,36,37,38,39,40,41,42,43,44,45,46,47,48,49,50,51,52,53,54,55,56,57,58,59,60,61,62,63,64,65,66,67,68,69,70,71,72,73,74,75,76,77,78,79,80,81,82,83,84,85,86,87,88,89,90,91,92,93,94,95,96,97,98,99]
CFO=-426.4299356453792,STO=4
EsN0dB=28.75,GRXdB=17,N0=0.0010000000474974513
packet_number=281,correct=True,payload=[0,1,2,3,4,5,6,7,8,9,10,11,12,13,14,15,16,17,18,19,20,21,22,23,24,25,26,27,28,29,30,31,32,33,34,35,36,37,38,39,40,41,42,43,44,45,46,47,48,49,50,51,52,53,54,55,56,57,58,59,60,61,62,63,64,65,66,67,68,69,70,71,72,73,74,75,76,77,78,79,80,81,82,83,84,85,86,87,88,89,90,91,92,93,94,95,96,97,98,99]
CFO=-447.3363027791093,STO=3
EsN0dB=28.77,GRXdB=17,N0=0.0010000000474974513
packet_number=282,correct=True,payload=[0,1,2,3,4,5,6,7,8,9,10,11,12,13,14,15,16,17,18,19,20,21,22,23,24,25,26,27,28,29,30,31,32,33,34,35,36,37,38,39,40,41,42,43,44,45,46,47,48,49,50,51,52,53,54,55,56,57,58,59,60,61,62,63,64,65,66,67,68,69,70,71,72,73,74,75,76,77,78,79,80,81,82,83,84,85,86,87,88,89,90,91,92,93,94,95,96,97,98,99]
CFO=-424.2913808861103,STO=5
EsN0dB=28.76,GRXdB=17,N0=0.0010000000474974513
packet_number=283,correct=True,payload=[0,1,2,3,4,5,6,7,8,9,10,11,12,13,14,15,16,17,18,19,20,21,22,23,24,25,26,27,28,29,30,31,32,33,34,35,36,37,38,39,40,41,42,43,44,45,46,47,48,49,50,51,52,53,54,55,56,57,58,59,60,61,62,63,64,65,66,67,68,69,70,71,72,73,74,75,76,77,78,79,80,81,82,83,84,85,86,87,88,89,90,91,92,93,94,95,96,97,98,99]
CFO=-438.6023762474651,STO=3
EsN0dB=28.75,GRXdB=17,N0=0.0010000000474974513
packet_number=284,correct=True,payload=[0,1,2,3,4,5,6,7,8,9,10,11,12,13,14,15,16,17,18,19,20,21,22,23,24,25,26,27,28,29,30,31,32,33,34,35,36,37,38,39,40,41,42,43,44,45,46,47,48,49,50,51,52,53,54,55,56,57,58,59,60,61,62,63,64,65,66,67,68,69,70,71,72,73,74,75,76,77,78,79,80,81,82,83,84,85,86,87,88,89,90,91,92,93,94,95,96,97,98,99]
CFO=-445.1742395996502,STO=4
EsN0dB=28.74,GRXdB=17,N0=0.0010000000474974513
packet_number=285,correct=True,payload=[0,1,2,3,4,5,6,7,8,9,10,11,12,13,14,15,16,17,18,19,20,21,22,23,24,25,26,27,28,29,30,31,32,33,34,35,36,37,38,39,40,41,42,43,44,45,46,47,48,49,50,51,52,53,54,55,56,57,58,59,60,61,62,63,64,65,66,67,68,69,70,71,72,73,74,75,76,77,78,79,80,81,82,83,84,85,86,87,88,89,90,91,92,93,94,95,96,97,98,99]
CFO=-419.14380763233345,STO=3
EsN0dB=28.76,GRXdB=17,N0=0.0010000000474974513
packet_number=286,correct=True,payload=[0,1,2,3,4,5,6,7,8,9,10,11,12,13,14,15,16,17,18,19,20,21,22,23,24,25,26,27,28,29,30,31,32,33,34,35,36,37,38,39,40,41,42,43,44,45,46,47,48,49,50,51,52,53,54,55,56,57,58,59,60,61,62,63,64,65,66,67,68,69,70,71,72,73,74,75,76,77,78,79,80,81,82,83,84,85,86,87,88,89,90,91,92,93,94,95,96,97,98,99]
CFO=-461.2417853034128,STO=6
EsN0dB=28.76,GRXdB=17,N0=0.0010000000474974513
packet_number=287,correct=True,payload=[0,1,2,3,4,5,6,7,8,9,10,11,12,13,14,15,16,17,18,19,20,21,22,23,24,25,26,27,28,29,30,31,32,33,34,35,36,37,38,39,40,41,42,43,44,45,46,47,48,49,50,51,52,53,54,55,56,57,58,59,60,61,62,63,64,65,66,67,68,69,70,71,72,73,74,75,76,77,78,79,80,81,82,83,84,85,86,87,88,89,90,91,92,93,94,95,96,97,98,99]
CFO=-411.76121505522866,STO=3
EsN0dB=28.76,GRXdB=17,N0=0.0010000000474974513
packet_number=288,correct=True,payload=[0,1,2,3,4,5,6,7,8,9,10,11,12,13,14,15,16,17,18,19,20,21,22,23,24,25,26,27,28,29,30,31,32,33,34,35,36,37,38,39,40,41,42,43,44,45,46,47,48,49,50,51,52,53,54,55,56,57,58,59,60,61,62,63,64,65,66,67,68,69,70,71,72,73,74,75,76,77,78,79,80,81,82,83,84,85,86,87,88,89,90,91,92,93,94,95,96,97,98,99]
CFO=-404.45252725937746,STO=3
EsN0dB=28.77,GRXdB=17,N0=0.0010000000474974513
packet_number=289,correct=True,payload=[0,1,2,3,4,5,6,7,8,9,10,11,12,13,14,15,16,17,18,19,20,21,22,23,24,25,26,27,28,29,30,31,32,33,34,35,36,37,38,39,40,41,42,43,44,45,46,47,48,49,50,51,52,53,54,55,56,57,58,59,60,61,62,63,64,65,66,67,68,69,70,71,72,73,74,75,76,77,78,79,80,81,82,83,84,85,86,87,88,89,90,91,92,93,94,95,96,97,98,99]
CFO=-437.18623850158184,STO=5
EsN0dB=28.74,GRXdB=17,N0=0.0010000000474974513
packet_number=290,correct=True,payload=[0,1,2,3,4,5,6,7,8,9,10,11,12,13,14,15,16,17,18,19,20,21,22,23,24,25,26,27,28,29,30,31,32,33,34,35,36,37,38,39,40,41,42,43,44,45,46,47,48,49,50,51,52,53,54,55,56,57,58,59,60,61,62,63,64,65,66,67,68,69,70,71,72,73,74,75,76,77,78,79,80,81,82,83,84,85,86,87,88,89,90,91,92,93,94,95,96,97,98,99]
CFO=-493.6982572699316,STO=1
EsN0dB=28.74,GRXdB=17,N0=0.0010000000474974513
packet_number=291,correct=True,payload=[0,1,2,3,4,5,6,7,8,9,10,11,12,13,14,15,16,17,18,19,20,21,22,23,24,25,26,27,28,29,30,31,32,33,34,35,36,37,38,39,40,41,42,43,44,45,46,47,48,49,50,51,52,53,54,55,56,57,58,59,60,61,62,63,64,65,66,67,68,69,70,71,72,73,74,75,76,77,78,79,80,81,82,83,84,85,86,87,88,89,90,91,92,93,94,95,96,97,98,99]
CFO=-398.82518064827644,STO=3
EsN0dB=28.76,GRXdB=17,N0=0.0010000000474974513
packet_number=292,correct=True,payload=[0,1,2,3,4,5,6,7,8,9,10,11,12,13,14,15,16,17,18,19,20,21,22,23,24,25,26,27,28,29,30,31,32,33,34,35,36,37,38,39,40,41,42,43,44,45,46,47,48,49,50,51,52,53,54,55,56,57,58,59,60,61,62,63,64,65,66,67,68,69,70,71,72,73,74,75,76,77,78,79,80,81,82,83,84,85,86,87,88,89,90,91,92,93,94,95,96,97,98,99]
CFO=-427.9171915501985,STO=3
EsN0dB=28.75,GRXdB=17,N0=0.0010000000474974513
packet_number=293,correct=True,payload=[0,1,2,3,4,5,6,7,8,9,10,11,12,13,14,15,16,17,18,19,20,21,22,23,24,25,26,27,28,29,30,31,32,33,34,35,36,37,38,39,40,41,42,43,44,45,46,47,48,49,50,51,52,53,54,55,56,57,58,59,60,61,62,63,64,65,66,67,68,69,70,71,72,73,74,75,76,77,78,79,80,81,82,83,84,85,86,87,88,89,90,91,92,93,94,95,96,97,98,99]
CFO=-426.3691042730838,STO=5
EsN0dB=28.75,GRXdB=17,N0=0.0010000000474974513
packet_number=294,correct=True,payload=[0,1,2,3,4,5,6,7,8,9,10,11,12,13,14,15,16,17,18,19,20,21,22,23,24,25,26,27,28,29,30,31,32,33,34,35,36,37,38,39,40,41,42,43,44,45,46,47,48,49,50,51,52,53,54,55,56,57,58,59,60,61,62,63,64,65,66,67,68,69,70,71,72,73,74,75,76,77,78,79,80,81,82,83,84,85,86,87,88,89,90,91,92,93,94,95,96,97,98,99]
CFO=-432.9483195650005,STO=3
EsN0dB=28.77,GRXdB=17,N0=0.0010000000474974513
packet_number=295,correct=True,payload=[0,1,2,3,4,5,6,7,8,9,10,11,12,13,14,15,16,17,18,19,20,21,22,23,24,25,26,27,28,29,30,31,32,33,34,35,36,37,38,39,40,41,42,43,44,45,46,47,48,49,50,51,52,53,54,55,56,57,58,59,60,61,62,63,64,65,66,67,68,69,70,71,72,73,74,75,76,77,78,79,80,81,82,83,84,85,86,87,88,89,90,91,92,93,94,95,96,97,98,99]
CFO=-414.4623117836388,STO=4
EsN0dB=28.76,GRXdB=17,N0=0.0010000000474974513
packet_number=296,correct=True,payload=[0,1,2,3,4,5,6,7,8,9,10,11,12,13,14,15,16,17,18,19,20,21,22,23,24,25,26,27,28,29,30,31,32,33,34,35,36,37,38,39,40,41,42,43,44,45,46,47,48,49,50,51,52,53,54,55,56,57,58,59,60,61,62,63,64,65,66,67,68,69,70,71,72,73,74,75,76,77,78,79,80,81,82,83,84,85,86,87,88,89,90,91,92,93,94,95,96,97,98,99]
CFO=-431.63718411963885,STO=4
EsN0dB=28.77,GRXdB=17,N0=0.0010000000474974513
packet_number=297,correct=True,payload=[0,1,2,3,4,5,6,7,8,9,10,11,12,13,14,15,16,17,18,19,20,21,22,23,24,25,26,27,28,29,30,31,32,33,34,35,36,37,38,39,40,41,42,43,44,45,46,47,48,49,50,51,52,53,54,55,56,57,58,59,60,61,62,63,64,65,66,67,68,69,70,71,72,73,74,75,76,77,78,79,80,81,82,83,84,85,86,87,88,89,90,91,92,93,94,95,96,97,98,99]
CFO=-207.15062547133184,STO=1
EsN0dB=-13.03,GRXdB=17,N0=0.0010000000474974513
packet_number=298,correct=False,payload=[174,14,98,214,167,197,204,172,37,194,187,86,57,145,111,160,177,134,64,13,210,133,173,111,221,126,132,116,83,122,146,253,152,20,112,249,143,1,73,123,234,240,209,137,248,88,135,52,62,106,247,9,101,122,43,120,115,220,112,137,148,218,9,252,39,91,204,228,234,219,154,30,243,159,200,137,27,141,215,46,98,141,54,98,35,39,240,186,22,171,98,67,169,195,139,104,101,86,210,233]
CFO=-438.1242333606459,STO=0
EsN0dB=28.74,GRXdB=17,N0=0.0010000000474974513
packet_number=299,correct=True,payload=[0,1,2,3,4,5,6,7,8,9,10,11,12,13,14,15,16,17,18,19,20,21,22,23,24,25,26,27,28,29,30,31,32,33,34,35,36,37,38,39,40,41,42,43,44,45,46,47,48,49,50,51,52,53,54,55,56,57,58,59,60,61,62,63,64,65,66,67,68,69,70,71,72,73,74,75,76,77,78,79,80,81,82,83,84,85,86,87,88,89,90,91,92,93,94,95,96,97,98,99]
CFO=-445.36266270019104,STO=3
EsN0dB=28.75,GRXdB=17,N0=0.0010000000474974513
packet_number=300,correct=True,payload=[0,1,2,3,4,5,6,7,8,9,10,11,12,13,14,15,16,17,18,19,20,21,22,23,24,25,26,27,28,29,30,31,32,33,34,35,36,37,38,39,40,41,42,43,44,45,46,47,48,49,50,51,52,53,54,55,56,57,58,59,60,61,62,63,64,65,66,67,68,69,70,71,72,73,74,75,76,77,78,79,80,81,82,83,84,85,86,87,88,89,90,91,92,93,94,95,96,97,98,99]
CFO=-472.3547758162717,STO=6
EsN0dB=28.77,GRXdB=17,N0=0.0010000000474974513
packet_number=301,correct=True,payload=[0,1,2,3,4,5,6,7,8,9,10,11,12,13,14,15,16,17,18,19,20,21,22,23,24,25,26,27,28,29,30,31,32,33,34,35,36,37,38,39,40,41,42,43,44,45,46,47,48,49,50,51,52,53,54,55,56,57,58,59,60,61,62,63,64,65,66,67,68,69,70,71,72,73,74,75,76,77,78,79,80,81,82,83,84,85,86,87,88,89,90,91,92,93,94,95,96,97,98,99]
CFO=-460.54341031874634,STO=4
EsN0dB=28.76,GRXdB=17,N0=0.0010000000474974513
packet_number=302,correct=True,payload=[0,1,2,3,4,5,6,7,8,9,10,11,12,13,14,15,16,17,18,19,20,21,22,23,24,25,26,27,28,29,30,31,32,33,34,35,36,37,38,39,40,41,42,43,44,45,46,47,48,49,50,51,52,53,54,55,56,57,58,59,60,61,62,63,64,65,66,67,68,69,70,71,72,73,74,75,76,77,78,79,80,81,82,83,84,85,86,87,88,89,90,91,92,93,94,95,96,97,98,99]
CFO=-417.5474880731892,STO=3
EsN0dB=28.75,GRXdB=17,N0=0.0010000000474974513
packet_number=303,correct=True,payload=[0,1,2,3,4,5,6,7,8,9,10,11,12,13,14,15,16,17,18,19,20,21,22,23,24,25,26,27,28,29,30,31,32,33,34,35,36,37,38,39,40,41,42,43,44,45,46,47,48,49,50,51,52,53,54,55,56,57,58,59,60,61,62,63,64,65,66,67,68,69,70,71,72,73,74,75,76,77,78,79,80,81,82,83,84,85,86,87,88,89,90,91,92,93,94,95,96,97,98,99]
CFO=-440.54150964151404,STO=3
EsN0dB=28.75,GRXdB=17,N0=0.0010000000474974513
packet_number=304,correct=True,payload=[0,1,2,3,4,5,6,7,8,9,10,11,12,13,14,15,16,17,18,19,20,21,22,23,24,25,26,27,28,29,30,31,32,33,34,35,36,37,38,39,40,41,42,43,44,45,46,47,48,49,50,51,52,53,54,55,56,57,58,59,60,61,62,63,64,65,66,67,68,69,70,71,72,73,74,75,76,77,78,79,80,81,82,83,84,85,86,87,88,89,90,91,92,93,94,95,96,97,98,99]
CFO=-459.7592725855171,STO=5
EsN0dB=28.75,GRXdB=17,N0=0.0010000000474974513
packet_number=305,correct=True,payload=[0,1,2,3,4,5,6,7,8,9,10,11,12,13,14,15,16,17,18,19,20,21,22,23,24,25,26,27,28,29,30,31,32,33,34,35,36,37,38,39,40,41,42,43,44,45,46,47,48,49,50,51,52,53,54,55,56,57,58,59,60,61,62,63,64,65,66,67,68,69,70,71,72,73,74,75,76,77,78,79,80,81,82,83,84,85,86,87,88,89,90,91,92,93,94,95,96,97,98,99]
CFO=-420.70470151414196,STO=4
EsN0dB=28.77,GRXdB=17,N0=0.0010000000474974513
packet_number=306,correct=True,payload=[0,1,2,3,4,5,6,7,8,9,10,11,12,13,14,15,16,17,18,19,20,21,22,23,24,25,26,27,28,29,30,31,32,33,34,35,36,37,38,39,40,41,42,43,44,45,46,47,48,49,50,51,52,53,54,55,56,57,58,59,60,61,62,63,64,65,66,67,68,69,70,71,72,73,74,75,76,77,78,79,80,81,82,83,84,85,86,87,88,89,90,91,92,93,94,95,96,97,98,99]
CFO=-408.1927080181614,STO=3
EsN0dB=28.75,GRXdB=17,N0=0.0010000000474974513
packet_number=307,correct=True,payload=[0,1,2,3,4,5,6,7,8,9,10,11,12,13,14,15,16,17,18,19,20,21,22,23,24,25,26,27,28,29,30,31,32,33,34,35,36,37,38,39,40,41,42,43,44,45,46,47,48,49,50,51,52,53,54,55,56,57,58,59,60,61,62,63,64,65,66,67,68,69,70,71,72,73,74,75,76,77,78,79,80,81,82,83,84,85,86,87,88,89,90,91,92,93,94,95,96,97,98,99]
CFO=-428.26596401367595,STO=4
EsN0dB=23.77,GRXdB=17,N0=0.003162277629598975
packet_number=308,correct=True,payload=[0,1,2,3,4,5,6,7,8,9,10,11,12,13,14,15,16,17,18,19,20,21,22,23,24,25,26,27,28,29,30,31,32,33,34,35,36,37,38,39,40,41,42,43,44,45,46,47,48,49,50,51,52,53,54,55,56,57,58,59,60,61,62,63,64,65,66,67,68,69,70,71,72,73,74,75,76,77,78,79,80,81,82,83,84,85,86,87,88,89,90,91,92,93,94,95,96,97,98,99]
CFO=-435.13063022363974,STO=6
EsN0dB=23.74,GRXdB=17,N0=0.003162277629598975
packet_number=309,correct=True,payload=[0,1,2,3,4,5,6,7,8,9,10,11,12,13,14,15,16,17,18,19,20,21,22,23,24,25,26,27,28,29,30,31,32,33,34,35,36,37,38,39,40,41,42,43,44,45,46,47,48,49,50,51,52,53,54,55,56,57,58,59,60,61,62,63,64,65,66,67,68,69,70,71,72,73,74,75,76,77,78,79,80,81,82,83,84,85,86,87,88,89,90,91,92,93,94,95,96,97,98,99]
CFO=-2624.477658439512,STO=2
EsN0dB=nan,GRXdB=17,N0=0.003162277629598975
packet_number=310,correct=False,payload=[216,211,222,16,157,207,131,167,72,138,188,93,147,207,196,43,196,205,138,116,121,211,74,145,218,164,68,120,179,131,191,5,180,70,18,157,123,251,246,187,132,82,144,149,32,119,194,183,144,243,17,201,11,61,42,122,108,125,93,122,189,234,212,93,191,175,110,161,104,39,204,232,216,208,204,65,62,222,2,96,93,194,147,88,199,152,133,34,42,61,163,127,35,122,80,253,26,205,176,121]
CFO=-462.2193561283709,STO=6
EsN0dB=23.76,GRXdB=17,N0=0.003162277629598975
packet_number=311,correct=True,payload=[0,1,2,3,4,5,6,7,8,9,10,11,12,13,14,15,16,17,18,19,20,21,22,23,24,25,26,27,28,29,30,31,32,33,34,35,36,37,38,39,40,41,42,43,44,45,46,47,48,49,50,51,52,53,54,55,56,57,58,59,60,61,62,63,64,65,66,67,68,69,70,71,72,73,74,75,76,77,78,79,80,81,82,83,84,85,86,87,88,89,90,91,92,93,94,95,96,97,98,99]
CFO=-2794.9833703763406,STO=7
EsN0dB=-10.73,GRXdB=17,N0=0.003162277629598975
packet_number=312,correct=False,payload=[107,108,106,253,162,31,72,199,29,188,224,204,235,9,214,217,187,127,47,218,115,244,103,195,85,219,111,53,38,162,48,169,254,205,169,185,165,85,20,113,134,152,209,127,27,102,227,221,137,152,188,134,194,24,127,57,234,230,154,99,130,22,204,152,159,68,93,115,102,218,177,147,63,36,234,169,219,83,11,241,0,172,50,164,234,192,177,240,45,164,207,165,129,57,126,241,60,231,170,109]
CFO=-488.4722139174872,STO=2
EsN0dB=23.77,GRXdB=17,N0=0.003162277629598975
packet_number=313,correct=True,payload=[0,1,2,3,4,5,6,7,8,9,10,11,12,13,14,15,16,17,18,19,20,21,22,23,24,25,26,27,28,29,30,31,32,33,34,35,36,37,38,39,40,41,42,43,44,45,46,47,48,49,50,51,52,53,54,55,56,57,58,59,60,61,62,63,64,65,66,67,68,69,70,71,72,73,74,75,76,77,78,79,80,81,82,83,84,85,86,87,88,89,90,91,92,93,94,95,96,97,98,99]
CFO=-442.5555260991196,STO=4
EsN0dB=23.77,GRXdB=17,N0=0.003162277629598975
packet_number=314,correct=True,payload=[0,1,2,3,4,5,6,7,8,9,10,11,12,13,14,15,16,17,18,19,20,21,22,23,24,25,26,27,28,29,30,31,32,33,34,35,36,37,38,39,40,41,42,43,44,45,46,47,48,49,50,51,52,53,54,55,56,57,58,59,60,61,62,63,64,65,66,67,68,69,70,71,72,73,74,75,76,77,78,79,80,81,82,83,84,85,86,87,88,89,90,91,92,93,94,95,96,97,98,99]
CFO=-488.4025780044648,STO=6
EsN0dB=23.78,GRXdB=17,N0=0.003162277629598975
packet_number=315,correct=True,payload=[0,1,2,3,4,5,6,7,8,9,10,11,12,13,14,15,16,17,18,19,20,21,22,23,24,25,26,27,28,29,30,31,32,33,34,35,36,37,38,39,40,41,42,43,44,45,46,47,48,49,50,51,52,53,54,55,56,57,58,59,60,61,62,63,64,65,66,67,68,69,70,71,72,73,74,75,76,77,78,79,80,81,82,83,84,85,86,87,88,89,90,91,92,93,94,95,96,97,98,99]
CFO=-390.21184964416534,STO=4
EsN0dB=23.78,GRXdB=17,N0=0.003162277629598975
packet_number=316,correct=True,payload=[0,1,2,3,4,5,6,7,8,9,10,11,12,13,14,15,16,17,18,19,20,21,22,23,24,25,26,27,28,29,30,31,32,33,34,35,36,37,38,39,40,41,42,43,44,45,46,47,48,49,50,51,52,53,54,55,56,57,58,59,60,61,62,63,64,65,66,67,68,69,70,71,72,73,74,75,76,77,78,79,80,81,82,83,84,85,86,87,88,89,90,91,92,93,94,95,96,97,98,99]
CFO=-461.63128988459687,STO=4
EsN0dB=23.78,GRXdB=17,N0=0.003162277629598975
packet_number=317,correct=True,payload=[0,1,2,3,4,5,6,7,8,9,10,11,12,13,14,15,16,17,18,19,20,21,22,23,24,25,26,27,28,29,30,31,32,33,34,35,36,37,38,39,40,41,42,43,44,45,46,47,48,49,50,51,52,53,54,55,56,57,58,59,60,61,62,63,64,65,66,67,68,69,70,71,72,73,74,75,76,77,78,79,80,81,82,83,84,85,86,87,88,89,90,91,92,93,94,95,96,97,98,99]
CFO=-480.4417316515341,STO=4
EsN0dB=23.77,GRXdB=17,N0=0.003162277629598975
packet_number=318,correct=True,payload=[0,1,2,3,4,5,6,7,8,9,10,11,12,13,14,15,16,17,18,19,20,21,22,23,24,25,26,27,28,29,30,31,32,33,34,35,36,37,38,39,40,41,42,43,44,45,46,47,48,49,50,51,52,53,54,55,56,57,58,59,60,61,62,63,64,65,66,67,68,69,70,71,72,73,74,75,76,77,78,79,80,81,82,83,84,85,86,87,88,89,90,91,92,93,94,95,96,97,98,99]
CFO=-9.176626139457323,STO=4
EsN0dB=-12.02,GRXdB=17,N0=0.003162277629598975
packet_number=319,correct=False,payload=[139,116,166,142,190,11,179,221,117,16,165,23,21,72,183,169,71,43,162,186,75,90,93,88,230,103,46,208,223,66,135,115,173,46,106,185,96,142,165,240,137,180,50,149,97,108,130,86,202,69,233,253,25,242,60,55,49,104,63,103,33,234,192,47,198,6,23,182,240,222,128,193,73,253,34,255,10,225,227,222,113,102,182,186,140,27,175,44,10,173,106,102,165,182,84,16,145,220,10,146]
CFO=-456.11994383869666,STO=5
EsN0dB=23.78,GRXdB=17,N0=0.003162277629598975
packet_number=320,correct=True,payload=[0,1,2,3,4,5,6,7,8,9,10,11,12,13,14,15,16,17,18,19,20,21,22,23,24,25,26,27,28,29,30,31,32,33,34,35,36,37,38,39,40,41,42,43,44,45,46,47,48,49,50,51,52,53,54,55,56,57,58,59,60,61,62,63,64,65,66,67,68,69,70,71,72,73,74,75,76,77,78,79,80,81,82,83,84,85,86,87,88,89,90,91,92,93,94,95,96,97,98,99]
CFO=-481.020104007033,STO=1
EsN0dB=23.77,GRXdB=17,N0=0.003162277629598975
packet_number=321,correct=True,payload=[0,1,2,3,4,5,6,7,8,9,10,11,12,13,14,15,16,17,18,19,20,21,22,23,24,25,26,27,28,29,30,31,32,33,34,35,36,37,38,39,40,41,42,43,44,45,46,47,48,49,50,51,52,53,54,55,56,57,58,59,60,61,62,63,64,65,66,67,68,69,70,71,72,73,74,75,76,77,78,79,80,81,82,83,84,85,86,87,88,89,90,91,92,93,94,95,96,97,98,99]
CFO=-442.4799315575244,STO=4
EsN0dB=23.74,GRXdB=17,N0=0.003162277629598975
packet_number=322,correct=True,payload=[0,1,2,3,4,5,6,7,8,9,10,11,12,13,14,15,16,17,18,19,20,21,22,23,24,25,26,27,28,29,30,31,32,33,34,35,36,37,38,39,40,41,42,43,44,45,46,47,48,49,50,51,52,53,54,55,56,57,58,59,60,61,62,63,64,65,66,67,68,69,70,71,72,73,74,75,76,77,78,79,80,81,82,83,84,85,86,87,88,89,90,91,92,93,94,95,96,97,98,99]
CFO=-459.4189489237474,STO=3
EsN0dB=23.75,GRXdB=17,N0=0.003162277629598975
packet_number=323,correct=True,payload=[0,1,2,3,4,5,6,7,8,9,10,11,12,13,14,15,16,17,18,19,20,21,22,23,24,25,26,27,28,29,30,31,32,33,34,35,36,37,38,39,40,41,42,43,44,45,46,47,48,49,50,51,52,53,54,55,56,57,58,59,60,61,62,63,64,65,66,67,68,69,70,71,72,73,74,75,76,77,78,79,80,81,82,83,84,85,86,87,88,89,90,91,92,93,94,95,96,97,98,99]
CFO=-448.8869098742772,STO=4
EsN0dB=23.76,GRXdB=17,N0=0.003162277629598975
packet_number=324,correct=True,payload=[0,1,2,3,4,5,6,7,8,9,10,11,12,13,14,15,16,17,18,19,20,21,22,23,24,25,26,27,28,29,30,31,32,33,34,35,36,37,38,39,40,41,42,43,44,45,46,47,48,49,50,51,52,53,54,55,56,57,58,59,60,61,62,63,64,65,66,67,68,69,70,71,72,73,74,75,76,77,78,79,80,81,82,83,84,85,86,87,88,89,90,91,92,93,94,95,96,97,98,99]
CFO=-469.33360290527196,STO=2
EsN0dB=23.77,GRXdB=17,N0=0.003162277629598975
packet_number=325,correct=True,payload=[0,1,2,3,4,5,6,7,8,9,10,11,12,13,14,15,16,17,18,19,20,21,22,23,24,25,26,27,28,29,30,31,32,33,34,35,36,37,38,39,40,41,42,43,44,45,46,47,48,49,50,51,52,53,54,55,56,57,58,59,60,61,62,63,64,65,66,67,68,69,70,71,72,73,74,75,76,77,78,79,80,81,82,83,84,85,86,87,88,89,90,91,92,93,94,95,96,97,98,99]
CFO=-414.49394291143574,STO=3
EsN0dB=23.77,GRXdB=17,N0=0.003162277629598975
packet_number=326,correct=True,payload=[0,1,2,3,4,5,6,7,8,9,10,11,12,13,14,15,16,17,18,19,20,21,22,23,24,25,26,27,28,29,30,31,32,33,34,35,36,37,38,39,40,41,42,43,44,45,46,47,48,49,50,51,52,53,54,55,56,57,58,59,60,61,62,63,64,65,66,67,68,69,70,71,72,73,74,75,76,77,78,79,80,81,82,83,84,85,86,87,88,89,90,91,92,93,94,95,96,97,98,99]
CFO=-468.47636080358245,STO=4
EsN0dB=23.72,GRXdB=17,N0=0.003162277629598975
packet_number=327,correct=True,payload=[0,1,2,3,4,5,6,7,8,9,10,11,12,13,14,15,16,17,18,19,20,21,22,23,24,25,26,27,28,29,30,31,32,33,34,35,36,37,38,39,40,41,42,43,44,45,46,47,48,49,50,51,52,53,54,55,56,57,58,59,60,61,62,63,64,65,66,67,68,69,70,71,72,73,74,75,76,77,78,79,80,81,82,83,84,85,86,87,88,89,90,91,92,93,94,95,96,97,98,99]
CFO=-462.7890721677342,STO=3
EsN0dB=23.75,GRXdB=17,N0=0.003162277629598975
packet_number=328,correct=True,payload=[0,1,2,3,4,5,6,7,8,9,10,11,12,13,14,15,16,17,18,19,20,21,22,23,24,25,26,27,28,29,30,31,32,33,34,35,36,37,38,39,40,41,42,43,44,45,46,47,48,49,50,51,52,53,54,55,56,57,58,59,60,61,62,63,64,65,66,67,68,69,70,71,72,73,74,75,76,77,78,79,80,81,82,83,84,85,86,87,88,89,90,91,92,93,94,95,96,97,98,99]
CFO=-415.68424566991814,STO=4
EsN0dB=23.76,GRXdB=17,N0=0.003162277629598975
packet_number=329,correct=True,payload=[0,1,2,3,4,5,6,7,8,9,10,11,12,13,14,15,16,17,18,19,20,21,22,23,24,25,26,27,28,29,30,31,32,33,34,35,36,37,38,39,40,41,42,43,44,45,46,47,48,49,50,51,52,53,54,55,56,57,58,59,60,61,62,63,64,65,66,67,68,69,70,71,72,73,74,75,76,77,78,79,80,81,82,83,84,85,86,87,88,89,90,91,92,93,94,95,96,97,98,99]
CFO=-457.2718860729343,STO=4
EsN0dB=23.75,GRXdB=17,N0=0.003162277629598975
packet_number=330,correct=True,payload=[0,1,2,3,4,5,6,7,8,9,10,11,12,13,14,15,16,17,18,19,20,21,22,23,24,25,26,27,28,29,30,31,32,33,34,35,36,37,38,39,40,41,42,43,44,45,46,47,48,49,50,51,52,53,54,55,56,57,58,59,60,61,62,63,64,65,66,67,68,69,70,71,72,73,74,75,76,77,78,79,80,81,82,83,84,85,86,87,88,89,90,91,92,93,94,95,96,97,98,99]
CFO=-497.91065193188024,STO=6
EsN0dB=23.78,GRXdB=17,N0=0.003162277629598975
packet_number=331,correct=True,payload=[0,1,2,3,4,5,6,7,8,9,10,11,12,13,14,15,16,17,18,19,20,21,22,23,24,25,26,27,28,29,30,31,32,33,34,35,36,37,38,39,40,41,42,43,44,45,46,47,48,49,50,51,52,53,54,55,56,57,58,59,60,61,62,63,64,65,66,67,68,69,70,71,72,73,74,75,76,77,78,79,80,81,82,83,84,85,86,87,88,89,90,91,92,93,94,95,96,97,98,99]
CFO=-415.8851196361335,STO=0
EsN0dB=23.74,GRXdB=17,N0=0.003162277629598975
packet_number=332,correct=True,payload=[0,1,2,3,4,5,6,7,8,9,10,11,12,13,14,15,16,17,18,19,20,21,22,23,24,25,26,27,28,29,30,31,32,33,34,35,36,37,38,39,40,41,42,43,44,45,46,47,48,49,50,51,52,53,54,55,56,57,58,59,60,61,62,63,64,65,66,67,68,69,70,71,72,73,74,75,76,77,78,79,80,81,82,83,84,85,86,87,88,89,90,91,92,93,94,95,96,97,98,99]
CFO=-424.59873939876087,STO=3
EsN0dB=23.78,GRXdB=17,N0=0.003162277629598975
packet_number=333,correct=True,payload=[0,1,2,3,4,5,6,7,8,9,10,11,12,13,14,15,16,17,18,19,20,21,22,23,24,25,26,27,28,29,30,31,32,33,34,35,36,37,38,39,40,41,42,43,44,45,46,47,48,49,50,51,52,53,54,55,56,57,58,59,60,61,62,63,64,65,66,67,68,69,70,71,72,73,74,75,76,77,78,79,80,81,82,83,84,85,86,87,88,89,90,91,92,93,94,95,96,97,98,99]
CFO=-432.6370479231379,STO=4
EsN0dB=23.78,GRXdB=17,N0=0.003162277629598975
packet_number=334,correct=True,payload=[0,1,2,3,4,5,6,7,8,9,10,11,12,13,14,15,16,17,18,19,20,21,22,23,24,25,26,27,28,29,30,31,32,33,34,35,36,37,38,39,40,41,42,43,44,45,46,47,48,49,50,51,52,53,54,55,56,57,58,59,60,61,62,63,64,65,66,67,68,69,70,71,72,73,74,75,76,77,78,79,80,81,82,83,84,85,86,87,88,89,90,91,92,93,94,95,96,97,98,99]
CFO=-457.072642577224,STO=6
EsN0dB=23.75,GRXdB=17,N0=0.003162277629598975
packet_number=335,correct=True,payload=[0,1,2,3,4,5,6,7,8,9,10,11,12,13,14,15,16,17,18,19,20,21,22,23,24,25,26,27,28,29,30,31,32,33,34,35,36,37,38,39,40,41,42,43,44,45,46,47,48,49,50,51,52,53,54,55,56,57,58,59,60,61,62,63,64,65,66,67,68,69,70,71,72,73,74,75,76,77,78,79,80,81,82,83,84,85,86,87,88,89,90,91,92,93,94,95,96,97,98,99]
CFO=-406.61325641751426,STO=3
EsN0dB=23.77,GRXdB=17,N0=0.003162277629598975
packet_number=336,correct=True,payload=[0,1,2,3,4,5,6,7,8,9,10,11,12,13,14,15,16,17,18,19,20,21,22,23,24,25,26,27,28,29,30,31,32,33,34,35,36,37,38,39,40,41,42,43,44,45,46,47,48,49,50,51,52,53,54,55,56,57,58,59,60,61,62,63,64,65,66,67,68,69,70,71,72,73,74,75,76,77,78,79,80,81,82,83,84,85,86,87,88,89,90,91,92,93,94,95,96,97,98,99]
CFO=-438.95491361556316,STO=4
EsN0dB=23.77,GRXdB=17,N0=0.003162277629598975
packet_number=337,correct=True,payload=[0,1,2,3,4,5,6,7,8,9,10,11,12,13,14,15,16,17,18,19,20,21,22,23,24,25,26,27,28,29,30,31,32,33,34,35,36,37,38,39,40,41,42,43,44,45,46,47,48,49,50,51,52,53,54,55,56,57,58,59,60,61,62,63,64,65,66,67,68,69,70,71,72,73,74,75,76,77,78,79,80,81,82,83,84,85,86,87,88,89,90,91,92,93,94,95,96,97,98,99]
CFO=-432.7638392385899,STO=4
EsN0dB=23.77,GRXdB=17,N0=0.003162277629598975
packet_number=338,correct=True,payload=[0,1,2,3,4,5,6,7,8,9,10,11,12,13,14,15,16,17,18,19,20,21,22,23,24,25,26,27,28,29,30,31,32,33,34,35,36,37,38,39,40,41,42,43,44,45,46,47,48,49,50,51,52,53,54,55,56,57,58,59,60,61,62,63,64,65,66,67,68,69,70,71,72,73,74,75,76,77,78,79,80,81,82,83,84,85,86,87,88,89,90,91,92,93,94,95,96,97,98,99]
CFO=-432.4401760208894,STO=2
EsN0dB=23.75,GRXdB=17,N0=0.003162277629598975
packet_number=339,correct=True,payload=[0,1,2,3,4,5,6,7,8,9,10,11,12,13,14,15,16,17,18,19,20,21,22,23,24,25,26,27,28,29,30,31,32,33,34,35,36,37,38,39,40,41,42,43,44,45,46,47,48,49,50,51,52,53,54,55,56,57,58,59,60,61,62,63,64,65,66,67,68,69,70,71,72,73,74,75,76,77,78,79,80,81,82,83,84,85,86,87,88,89,90,91,92,93,94,95,96,97,98,99]
CFO=-431.96366360457523,STO=4
EsN0dB=23.78,GRXdB=17,N0=0.003162277629598975
packet_number=340,correct=True,payload=[0,1,2,3,4,5,6,7,8,9,10,11,12,13,14,15,16,17,18,19,20,21,22,23,24,25,26,27,28,29,30,31,32,33,34,35,36,37,38,39,40,41,42,43,44,45,46,47,48,49,50,51,52,53,54,55,56,57,58,59,60,61,62,63,64,65,66,67,68,69,70,71,72,73,74,75,76,77,78,79,80,81,82,83,84,85,86,87,88,89,90,91,92,93,94,95,96,97,98,99]
CFO=-396.5055250832801,STO=4
EsN0dB=23.76,GRXdB=17,N0=0.003162277629598975
packet_number=341,correct=True,payload=[0,1,2,3,4,5,6,7,8,9,10,11,12,13,14,15,16,17,18,19,20,21,22,23,24,25,26,27,28,29,30,31,32,33,34,35,36,37,38,39,40,41,42,43,44,45,46,47,48,49,50,51,52,53,54,55,56,57,58,59,60,61,62,63,64,65,66,67,68,69,70,71,72,73,74,75,76,77,78,79,80,81,82,83,84,85,86,87,88,89,90,91,92,93,94,95,96,97,98,99]
CFO=-431.2919690463541,STO=5
EsN0dB=23.76,GRXdB=17,N0=0.003162277629598975
packet_number=342,correct=True,payload=[0,1,2,3,4,5,6,7,8,9,10,11,12,13,14,15,16,17,18,19,20,21,22,23,24,25,26,27,28,29,30,31,32,33,34,35,36,37,38,39,40,41,42,43,44,45,46,47,48,49,50,51,52,53,54,55,56,57,58,59,60,61,62,63,64,65,66,67,68,69,70,71,72,73,74,75,76,77,78,79,80,81,82,83,84,85,86,87,88,89,90,91,92,93,94,95,96,97,98,99]
CFO=-484.47456704350543,STO=3
EsN0dB=23.75,GRXdB=17,N0=0.003162277629598975
packet_number=343,correct=True,payload=[0,1,2,3,4,5,6,7,8,9,10,11,12,13,14,15,16,17,18,19,20,21,22,23,24,25,26,27,28,29,30,31,32,33,34,35,36,37,38,39,40,41,42,43,44,45,46,47,48,49,50,51,52,53,54,55,56,57,58,59,60,61,62,63,64,65,66,67,68,69,70,71,72,73,74,75,76,77,78,79,80,81,82,83,84,85,86,87,88,89,90,91,92,93,94,95,96,97,98,99]
CFO=-405.132314880287,STO=2
EsN0dB=23.77,GRXdB=17,N0=0.003162277629598975
packet_number=344,correct=True,payload=[0,1,2,3,4,5,6,7,8,9,10,11,12,13,14,15,16,17,18,19,20,21,22,23,24,25,26,27,28,29,30,31,32,33,34,35,36,37,38,39,40,41,42,43,44,45,46,47,48,49,50,51,52,53,54,55,56,57,58,59,60,61,62,63,64,65,66,67,68,69,70,71,72,73,74,75,76,77,78,79,80,81,82,83,84,85,86,87,88,89,90,91,92,93,94,95,96,97,98,99]
CFO=-413.7716444777232,STO=4
EsN0dB=23.79,GRXdB=17,N0=0.003162277629598975
packet_number=345,correct=True,payload=[0,1,2,3,4,5,6,7,8,9,10,11,12,13,14,15,16,17,18,19,20,21,22,23,24,25,26,27,28,29,30,31,32,33,34,35,36,37,38,39,40,41,42,43,44,45,46,47,48,49,50,51,52,53,54,55,56,57,58,59,60,61,62,63,64,65,66,67,68,69,70,71,72,73,74,75,76,77,78,79,80,81,82,83,84,85,86,87,88,89,90,91,92,93,94,95,96,97,98,99]
CFO=-455.7029287733556,STO=6
EsN0dB=23.75,GRXdB=17,N0=0.003162277629598975
packet_number=346,correct=True,payload=[0,1,2,3,4,5,6,7,8,9,10,11,12,13,14,15,16,17,18,19,20,21,22,23,24,25,26,27,28,29,30,31,32,33,34,35,36,37,38,39,40,41,42,43,44,45,46,47,48,49,50,51,52,53,54,55,56,57,58,59,60,61,62,63,64,65,66,67,68,69,70,71,72,73,74,75,76,77,78,79,80,81,82,83,84,85,86,87,88,89,90,91,92,93,94,95,96,97,98,99]
CFO=-460.3597896949657,STO=3
EsN0dB=23.79,GRXdB=17,N0=0.003162277629598975
packet_number=347,correct=True,payload=[0,1,2,3,4,5,6,7,8,9,10,11,12,13,14,15,16,17,18,19,20,21,22,23,24,25,26,27,28,29,30,31,32,33,34,35,36,37,38,39,40,41,42,43,44,45,46,47,48,49,50,51,52,53,54,55,56,57,58,59,60,61,62,63,64,65,66,67,68,69,70,71,72,73,74,75,76,77,78,79,80,81,82,83,84,85,86,87,88,89,90,91,92,93,94,95,96,97,98,99]
CFO=-394.80011222489253,STO=4
EsN0dB=23.78,GRXdB=17,N0=0.003162277629598975
packet_number=348,correct=True,payload=[0,1,2,3,4,5,6,7,8,9,10,11,12,13,14,15,16,17,18,19,20,21,22,23,24,25,26,27,28,29,30,31,32,33,34,35,36,37,38,39,40,41,42,43,44,45,46,47,48,49,50,51,52,53,54,55,56,57,58,59,60,61,62,63,64,65,66,67,68,69,70,71,72,73,74,75,76,77,78,79,80,81,82,83,84,85,86,87,88,89,90,91,92,93,94,95,96,97,98,99]
CFO=-488.2325051083347,STO=4
EsN0dB=23.76,GRXdB=17,N0=0.003162277629598975
packet_number=349,correct=True,payload=[0,1,2,3,4,5,6,7,8,9,10,11,12,13,14,15,16,17,18,19,20,21,22,23,24,25,26,27,28,29,30,31,32,33,34,35,36,37,38,39,40,41,42,43,44,45,46,47,48,49,50,51,52,53,54,55,56,57,58,59,60,61,62,63,64,65,66,67,68,69,70,71,72,73,74,75,76,77,78,79,80,81,82,83,84,85,86,87,88,89,90,91,92,93,94,95,96,97,98,99]
CFO=-462.1261525053218,STO=1
EsN0dB=23.75,GRXdB=17,N0=0.003162277629598975
packet_number=350,correct=True,payload=[0,1,2,3,4,5,6,7,8,9,10,11,12,13,14,15,16,17,18,19,20,21,22,23,24,25,26,27,28,29,30,31,32,33,34,35,36,37,38,39,40,41,42,43,44,45,46,47,48,49,50,51,52,53,54,55,56,57,58,59,60,61,62,63,64,65,66,67,68,69,70,71,72,73,74,75,76,77,78,79,80,81,82,83,84,85,86,87,88,89,90,91,92,93,94,95,96,97,98,99]
CFO=-407.72520765700216,STO=3
EsN0dB=23.77,GRXdB=17,N0=0.003162277629598975
packet_number=351,correct=True,payload=[0,1,2,3,4,5,6,7,8,9,10,11,12,13,14,15,16,17,18,19,20,21,22,23,24,25,26,27,28,29,30,31,32,33,34,35,36,37,38,39,40,41,42,43,44,45,46,47,48,49,50,51,52,53,54,55,56,57,58,59,60,61,62,63,64,65,66,67,68,69,70,71,72,73,74,75,76,77,78,79,80,81,82,83,84,85,86,87,88,89,90,91,92,93,94,95,96,97,98,99]
CFO=-402.62186462128807,STO=4
EsN0dB=23.76,GRXdB=17,N0=0.003162277629598975
packet_number=352,correct=True,payload=[0,1,2,3,4,5,6,7,8,9,10,11,12,13,14,15,16,17,18,19,20,21,22,23,24,25,26,27,28,29,30,31,32,33,34,35,36,37,38,39,40,41,42,43,44,45,46,47,48,49,50,51,52,53,54,55,56,57,58,59,60,61,62,63,64,65,66,67,68,69,70,71,72,73,74,75,76,77,78,79,80,81,82,83,84,85,86,87,88,89,90,91,92,93,94,95,96,97,98,99]
CFO=-534.6266539804011,STO=5
EsN0dB=23.78,GRXdB=17,N0=0.003162277629598975
packet_number=353,correct=True,payload=[0,1,2,3,4,5,6,7,8,9,10,11,12,13,14,15,16,17,18,19,20,21,22,23,24,25,26,27,28,29,30,31,32,33,34,35,36,37,38,39,40,41,42,43,44,45,46,47,48,49,50,51,52,53,54,55,56,57,58,59,60,61,62,63,64,65,66,67,68,69,70,71,72,73,74,75,76,77,78,79,80,81,82,83,84,85,86,87,88,89,90,91,92,93,94,95,96,97,98,99]
CFO=-419.7218242488131,STO=4
EsN0dB=23.77,GRXdB=17,N0=0.003162277629598975
packet_number=354,correct=True,payload=[0,1,2,3,4,5,6,7,8,9,10,11,12,13,14,15,16,17,18,19,20,21,22,23,24,25,26,27,28,29,30,31,32,33,34,35,36,37,38,39,40,41,42,43,44,45,46,47,48,49,50,51,52,53,54,55,56,57,58,59,60,61,62,63,64,65,66,67,68,69,70,71,72,73,74,75,76,77,78,79,80,81,82,83,84,85,86,87,88,89,90,91,92,93,94,95,96,97,98,99]
CFO=-407.48523204358526,STO=3
EsN0dB=23.77,GRXdB=17,N0=0.003162277629598975
packet_number=355,correct=True,payload=[0,1,2,3,4,5,6,7,8,9,10,11,12,13,14,15,16,17,18,19,20,21,22,23,24,25,26,27,28,29,30,31,32,33,34,35,36,37,38,39,40,41,42,43,44,45,46,47,48,49,50,51,52,53,54,55,56,57,58,59,60,61,62,63,64,65,66,67,68,69,70,71,72,73,74,75,76,77,78,79,80,81,82,83,84,85,86,87,88,89,90,91,92,93,94,95,96,97,98,99]
CFO=-465.24930393517934,STO=3
EsN0dB=23.77,GRXdB=17,N0=0.003162277629598975
packet_number=356,correct=True,payload=[0,1,2,3,4,5,6,7,8,9,10,11,12,13,14,15,16,17,18,19,20,21,22,23,24,25,26,27,28,29,30,31,32,33,34,35,36,37,38,39,40,41,42,43,44,45,46,47,48,49,50,51,52,53,54,55,56,57,58,59,60,61,62,63,64,65,66,67,68,69,70,71,72,73,74,75,76,77,78,79,80,81,82,83,84,85,86,87,88,89,90,91,92,93,94,95,96,97,98,99]
CFO=-433.1525137620623,STO=5
EsN0dB=23.76,GRXdB=17,N0=0.003162277629598975
packet_number=357,correct=True,payload=[0,1,2,3,4,5,6,7,8,9,10,11,12,13,14,15,16,17,18,19,20,21,22,23,24,25,26,27,28,29,30,31,32,33,34,35,36,37,38,39,40,41,42,43,44,45,46,47,48,49,50,51,52,53,54,55,56,57,58,59,60,61,62,63,64,65,66,67,68,69,70,71,72,73,74,75,76,77,78,79,80,81,82,83,84,85,86,87,88,89,90,91,92,93,94,95,96,97,98,99]
CFO=-399.43509519681743,STO=1
EsN0dB=23.76,GRXdB=17,N0=0.003162277629598975
packet_number=358,correct=True,payload=[0,1,2,3,4,5,6,7,8,9,10,11,12,13,14,15,16,17,18,19,20,21,22,23,24,25,26,27,28,29,30,31,32,33,34,35,36,37,38,39,40,41,42,43,44,45,46,47,48,49,50,51,52,53,54,55,56,57,58,59,60,61,62,63,64,65,66,67,68,69,70,71,72,73,74,75,76,77,78,79,80,81,82,83,84,85,86,87,88,89,90,91,92,93,94,95,96,97,98,99]
CFO=-425.5752133617429,STO=4
EsN0dB=23.77,GRXdB=17,N0=0.003162277629598975
packet_number=359,correct=True,payload=[0,1,2,3,4,5,6,7,8,9,10,11,12,13,14,15,16,17,18,19,20,21,22,23,24,25,26,27,28,29,30,31,32,33,34,35,36,37,38,39,40,41,42,43,44,45,46,47,48,49,50,51,52,53,54,55,56,57,58,59,60,61,62,63,64,65,66,67,68,69,70,71,72,73,74,75,76,77,78,79,80,81,82,83,84,85,86,87,88,89,90,91,92,93,94,95,96,97,98,99]
CFO=-419.1492030074591,STO=5
EsN0dB=23.76,GRXdB=17,N0=0.003162277629598975
packet_number=360,correct=True,payload=[0,1,2,3,4,5,6,7,8,9,10,11,12,13,14,15,16,17,18,19,20,21,22,23,24,25,26,27,28,29,30,31,32,33,34,35,36,37,38,39,40,41,42,43,44,45,46,47,48,49,50,51,52,53,54,55,56,57,58,59,60,61,62,63,64,65,66,67,68,69,70,71,72,73,74,75,76,77,78,79,80,81,82,83,84,85,86,87,88,89,90,91,92,93,94,95,96,97,98,99]
CFO=-435.8368907565668,STO=1
EsN0dB=23.77,GRXdB=17,N0=0.003162277629598975
packet_number=361,correct=True,payload=[0,1,2,3,4,5,6,7,8,9,10,11,12,13,14,15,16,17,18,19,20,21,22,23,24,25,26,27,28,29,30,31,32,33,34,35,36,37,38,39,40,41,42,43,44,45,46,47,48,49,50,51,52,53,54,55,56,57,58,59,60,61,62,63,64,65,66,67,68,69,70,71,72,73,74,75,76,77,78,79,80,81,82,83,84,85,86,87,88,89,90,91,92,93,94,95,96,97,98,99]
CFO=-426.1237925743778,STO=3
EsN0dB=23.77,GRXdB=17,N0=0.003162277629598975
packet_number=362,correct=True,payload=[0,1,2,3,4,5,6,7,8,9,10,11,12,13,14,15,16,17,18,19,20,21,22,23,24,25,26,27,28,29,30,31,32,33,34,35,36,37,38,39,40,41,42,43,44,45,46,47,48,49,50,51,52,53,54,55,56,57,58,59,60,61,62,63,64,65,66,67,68,69,70,71,72,73,74,75,76,77,78,79,80,81,82,83,84,85,86,87,88,89,90,91,92,93,94,95,96,97,98,99]
CFO=-407.86376800500835,STO=3
EsN0dB=23.76,GRXdB=17,N0=0.003162277629598975
packet_number=363,correct=True,payload=[0,1,2,3,4,5,6,7,8,9,10,11,12,13,14,15,16,17,18,19,20,21,22,23,24,25,26,27,28,29,30,31,32,33,34,35,36,37,38,39,40,41,42,43,44,45,46,47,48,49,50,51,52,53,54,55,56,57,58,59,60,61,62,63,64,65,66,67,68,69,70,71,72,73,74,75,76,77,78,79,80,81,82,83,84,85,86,87,88,89,90,91,92,93,94,95,96,97,98,99]
CFO=-445.6198620111243,STO=6
EsN0dB=23.78,GRXdB=17,N0=0.003162277629598975
packet_number=364,correct=True,payload=[0,1,2,3,4,5,6,7,8,9,10,11,12,13,14,15,16,17,18,19,20,21,22,23,24,25,26,27,28,29,30,31,32,33,34,35,36,37,38,39,40,41,42,43,44,45,46,47,48,49,50,51,52,53,54,55,56,57,58,59,60,61,62,63,64,65,66,67,68,69,70,71,72,73,74,75,76,77,78,79,80,81,82,83,84,85,86,87,88,89,90,91,92,93,94,95,96,97,98,99]
CFO=-450.1844383021517,STO=2
EsN0dB=23.77,GRXdB=17,N0=0.003162277629598975
packet_number=365,correct=True,payload=[0,1,2,3,4,5,6,7,8,9,10,11,12,13,14,15,16,17,18,19,20,21,22,23,24,25,26,27,28,29,30,31,32,33,34,35,36,37,38,39,40,41,42,43,44,45,46,47,48,49,50,51,52,53,54,55,56,57,58,59,60,61,62,63,64,65,66,67,68,69,70,71,72,73,74,75,76,77,78,79,80,81,82,83,84,85,86,87,88,89,90,91,92,93,94,95,96,97,98,99]
CFO=-470.0969002609555,STO=2
EsN0dB=23.75,GRXdB=17,N0=0.003162277629598975
packet_number=366,correct=True,payload=[0,1,2,3,4,5,6,7,8,9,10,11,12,13,14,15,16,17,18,19,20,21,22,23,24,25,26,27,28,29,30,31,32,33,34,35,36,37,38,39,40,41,42,43,44,45,46,47,48,49,50,51,52,53,54,55,56,57,58,59,60,61,62,63,64,65,66,67,68,69,70,71,72,73,74,75,76,77,78,79,80,81,82,83,84,85,86,87,88,89,90,91,92,93,94,95,96,97,98,99]
CFO=-334.26160207708176,STO=4
EsN0dB=23.79,GRXdB=17,N0=0.003162277629598975
packet_number=367,correct=True,payload=[0,1,2,3,4,5,6,7,8,9,10,11,12,13,14,15,16,17,18,19,20,21,22,23,24,25,26,27,28,29,30,31,32,33,34,35,36,37,38,39,40,41,42,43,44,45,46,47,48,49,50,51,52,53,54,55,56,57,58,59,60,61,62,63,64,65,66,67,68,69,70,71,72,73,74,75,76,77,78,79,80,81,82,83,84,85,86,87,88,89,90,91,92,93,94,95,96,97,98,99]
CFO=-445.13306280816954,STO=5
EsN0dB=23.75,GRXdB=17,N0=0.003162277629598975
packet_number=368,correct=True,payload=[0,1,2,3,4,5,6,7,8,9,10,11,12,13,14,15,16,17,18,19,20,21,22,23,24,25,26,27,28,29,30,31,32,33,34,35,36,37,38,39,40,41,42,43,44,45,46,47,48,49,50,51,52,53,54,55,56,57,58,59,60,61,62,63,64,65,66,67,68,69,70,71,72,73,74,75,76,77,78,79,80,81,82,83,84,85,86,87,88,89,90,91,92,93,94,95,96,97,98,99]
CFO=-515.2267823034493,STO=7
EsN0dB=23.79,GRXdB=17,N0=0.003162277629598975
packet_number=369,correct=True,payload=[0,1,2,3,4,5,6,7,8,9,10,11,12,13,14,15,16,17,18,19,20,21,22,23,24,25,26,27,28,29,30,31,32,33,34,35,36,37,38,39,40,41,42,43,44,45,46,47,48,49,50,51,52,53,54,55,56,57,58,59,60,61,62,63,64,65,66,67,68,69,70,71,72,73,74,75,76,77,78,79,80,81,82,83,84,85,86,87,88,89,90,91,92,93,94,95,96,97,98,99]
CFO=-468.5708984479539,STO=3
EsN0dB=23.76,GRXdB=17,N0=0.003162277629598975
packet_number=370,correct=True,payload=[0,1,2,3,4,5,6,7,8,9,10,11,12,13,14,15,16,17,18,19,20,21,22,23,24,25,26,27,28,29,30,31,32,33,34,35,36,37,38,39,40,41,42,43,44,45,46,47,48,49,50,51,52,53,54,55,56,57,58,59,60,61,62,63,64,65,66,67,68,69,70,71,72,73,74,75,76,77,78,79,80,81,82,83,84,85,86,87,88,89,90,91,92,93,94,95,96,97,98,99]
CFO=-462.47118970909685,STO=3
EsN0dB=23.78,GRXdB=17,N0=0.003162277629598975
packet_number=371,correct=True,payload=[0,1,2,3,4,5,6,7,8,9,10,11,12,13,14,15,16,17,18,19,20,21,22,23,24,25,26,27,28,29,30,31,32,33,34,35,36,37,38,39,40,41,42,43,44,45,46,47,48,49,50,51,52,53,54,55,56,57,58,59,60,61,62,63,64,65,66,67,68,69,70,71,72,73,74,75,76,77,78,79,80,81,82,83,84,85,86,87,88,89,90,91,92,93,94,95,96,97,98,99]
CFO=-494.72850711466015,STO=6
EsN0dB=23.77,GRXdB=17,N0=0.003162277629598975
packet_number=372,correct=True,payload=[0,1,2,3,4,5,6,7,8,9,10,11,12,13,14,15,16,17,18,19,20,21,22,23,24,25,26,27,28,29,30,31,32,33,34,35,36,37,38,39,40,41,42,43,44,45,46,47,48,49,50,51,52,53,54,55,56,57,58,59,60,61,62,63,64,65,66,67,68,69,70,71,72,73,74,75,76,77,78,79,80,81,82,83,84,85,86,87,88,89,90,91,92,93,94,95,96,97,98,99]
CFO=-410.45749083943514,STO=4
EsN0dB=23.78,GRXdB=17,N0=0.003162277629598975
packet_number=373,correct=True,payload=[0,1,2,3,4,5,6,7,8,9,10,11,12,13,14,15,16,17,18,19,20,21,22,23,24,25,26,27,28,29,30,31,32,33,34,35,36,37,38,39,40,41,42,43,44,45,46,47,48,49,50,51,52,53,54,55,56,57,58,59,60,61,62,63,64,65,66,67,68,69,70,71,72,73,74,75,76,77,78,79,80,81,82,83,84,85,86,87,88,89,90,91,92,93,94,95,96,97,98,99]
CFO=-451.33712165934617,STO=5
EsN0dB=23.77,GRXdB=17,N0=0.003162277629598975
packet_number=374,correct=True,payload=[0,1,2,3,4,5,6,7,8,9,10,11,12,13,14,15,16,17,18,19,20,21,22,23,24,25,26,27,28,29,30,31,32,33,34,35,36,37,38,39,40,41,42,43,44,45,46,47,48,49,50,51,52,53,54,55,56,57,58,59,60,61,62,63,64,65,66,67,68,69,70,71,72,73,74,75,76,77,78,79,80,81,82,83,84,85,86,87,88,89,90,91,92,93,94,95,96,97,98,99]
CFO=-424.38977236985716,STO=5
EsN0dB=23.76,GRXdB=17,N0=0.003162277629598975
packet_number=375,correct=True,payload=[0,1,2,3,4,5,6,7,8,9,10,11,12,13,14,15,16,17,18,19,20,21,22,23,24,25,26,27,28,29,30,31,32,33,34,35,36,37,38,39,40,41,42,43,44,45,46,47,48,49,50,51,52,53,54,55,56,57,58,59,60,61,62,63,64,65,66,67,68,69,70,71,72,73,74,75,76,77,78,79,80,81,82,83,84,85,86,87,88,89,90,91,92,93,94,95,96,97,98,99]
CFO=-407.689307660974,STO=5
EsN0dB=23.76,GRXdB=17,N0=0.003162277629598975
packet_number=376,correct=True,payload=[0,1,2,3,4,5,6,7,8,9,10,11,12,13,14,15,16,17,18,19,20,21,22,23,24,25,26,27,28,29,30,31,32,33,34,35,36,37,38,39,40,41,42,43,44,45,46,47,48,49,50,51,52,53,54,55,56,57,58,59,60,61,62,63,64,65,66,67,68,69,70,71,72,73,74,75,76,77,78,79,80,81,82,83,84,85,86,87,88,89,90,91,92,93,94,95,96,97,98,99]
CFO=-394.3683043453335,STO=4
EsN0dB=23.77,GRXdB=17,N0=0.003162277629598975
packet_number=377,correct=True,payload=[0,1,2,3,4,5,6,7,8,9,10,11,12,13,14,15,16,17,18,19,20,21,22,23,24,25,26,27,28,29,30,31,32,33,34,35,36,37,38,39,40,41,42,43,44,45,46,47,48,49,50,51,52,53,54,55,56,57,58,59,60,61,62,63,64,65,66,67,68,69,70,71,72,73,74,75,76,77,78,79,80,81,82,83,84,85,86,87,88,89,90,91,92,93,94,95,96,97,98,99]
CFO=-453.8984425981009,STO=4
EsN0dB=23.76,GRXdB=17,N0=0.003162277629598975
packet_number=378,correct=True,payload=[0,1,2,3,4,5,6,7,8,9,10,11,12,13,14,15,16,17,18,19,20,21,22,23,24,25,26,27,28,29,30,31,32,33,34,35,36,37,38,39,40,41,42,43,44,45,46,47,48,49,50,51,52,53,54,55,56,57,58,59,60,61,62,63,64,65,66,67,68,69,70,71,72,73,74,75,76,77,78,79,80,81,82,83,84,85,86,87,88,89,90,91,92,93,94,95,96,97,98,99]
CFO=-477.8775055107886,STO=1
EsN0dB=23.74,GRXdB=17,N0=0.003162277629598975
packet_number=379,correct=True,payload=[0,1,2,3,4,5,6,7,8,9,10,11,12,13,14,15,16,17,18,19,20,21,22,23,24,25,26,27,28,29,30,31,32,33,34,35,36,37,38,39,40,41,42,43,44,45,46,47,48,49,50,51,52,53,54,55,56,57,58,59,60,61,62,63,64,65,66,67,68,69,70,71,72,73,74,75,76,77,78,79,80,81,82,83,84,85,86,87,88,89,90,91,92,93,94,95,96,97,98,99]
CFO=-475.7444647063184,STO=7
EsN0dB=23.75,GRXdB=17,N0=0.003162277629598975
packet_number=380,correct=True,payload=[0,1,2,3,4,5,6,7,8,9,10,11,12,13,14,15,16,17,18,19,20,21,22,23,24,25,26,27,28,29,30,31,32,33,34,35,36,37,38,39,40,41,42,43,44,45,46,47,48,49,50,51,52,53,54,55,56,57,58,59,60,61,62,63,64,65,66,67,68,69,70,71,72,73,74,75,76,77,78,79,80,81,82,83,84,85,86,87,88,89,90,91,92,93,94,95,96,97,98,99]
CFO=-448.73068115498046,STO=3
EsN0dB=23.77,GRXdB=17,N0=0.003162277629598975
packet_number=381,correct=True,payload=[0,1,2,3,4,5,6,7,8,9,10,11,12,13,14,15,16,17,18,19,20,21,22,23,24,25,26,27,28,29,30,31,32,33,34,35,36,37,38,39,40,41,42,43,44,45,46,47,48,49,50,51,52,53,54,55,56,57,58,59,60,61,62,63,64,65,66,67,68,69,70,71,72,73,74,75,76,77,78,79,80,81,82,83,84,85,86,87,88,89,90,91,92,93,94,95,96,97,98,99]
CFO=-449.96079703870305,STO=3
EsN0dB=23.78,GRXdB=17,N0=0.003162277629598975
packet_number=382,correct=True,payload=[0,1,2,3,4,5,6,7,8,9,10,11,12,13,14,15,16,17,18,19,20,21,22,23,24,25,26,27,28,29,30,31,32,33,34,35,36,37,38,39,40,41,42,43,44,45,46,47,48,49,50,51,52,53,54,55,56,57,58,59,60,61,62,63,64,65,66,67,68,69,70,71,72,73,74,75,76,77,78,79,80,81,82,83,84,85,86,87,88,89,90,91,92,93,94,95,96,97,98,99]
CFO=-439.02816620861483,STO=5
EsN0dB=23.76,GRXdB=17,N0=0.003162277629598975
packet_number=383,correct=True,payload=[0,1,2,3,4,5,6,7,8,9,10,11,12,13,14,15,16,17,18,19,20,21,22,23,24,25,26,27,28,29,30,31,32,33,34,35,36,37,38,39,40,41,42,43,44,45,46,47,48,49,50,51,52,53,54,55,56,57,58,59,60,61,62,63,64,65,66,67,68,69,70,71,72,73,74,75,76,77,78,79,80,81,82,83,84,85,86,87,88,89,90,91,92,93,94,95,96,97,98,99]
CFO=-450.63957673239133,STO=4
EsN0dB=23.75,GRXdB=17,N0=0.003162277629598975
packet_number=384,correct=True,payload=[0,1,2,3,4,5,6,7,8,9,10,11,12,13,14,15,16,17,18,19,20,21,22,23,24,25,26,27,28,29,30,31,32,33,34,35,36,37,38,39,40,41,42,43,44,45,46,47,48,49,50,51,52,53,54,55,56,57,58,59,60,61,62,63,64,65,66,67,68,69,70,71,72,73,74,75,76,77,78,79,80,81,82,83,84,85,86,87,88,89,90,91,92,93,94,95,96,97,98,99]
CFO=-455.1951706131821,STO=3
EsN0dB=23.76,GRXdB=17,N0=0.003162277629598975
packet_number=385,correct=True,payload=[0,1,2,3,4,5,6,7,8,9,10,11,12,13,14,15,16,17,18,19,20,21,22,23,24,25,26,27,28,29,30,31,32,33,34,35,36,37,38,39,40,41,42,43,44,45,46,47,48,49,50,51,52,53,54,55,56,57,58,59,60,61,62,63,64,65,66,67,68,69,70,71,72,73,74,75,76,77,78,79,80,81,82,83,84,85,86,87,88,89,90,91,92,93,94,95,96,97,98,99]
CFO=-475.7867087148569,STO=4
EsN0dB=23.74,GRXdB=17,N0=0.003162277629598975
packet_number=386,correct=True,payload=[0,1,2,3,4,5,6,7,8,9,10,11,12,13,14,15,16,17,18,19,20,21,22,23,24,25,26,27,28,29,30,31,32,33,34,35,36,37,38,39,40,41,42,43,44,45,46,47,48,49,50,51,52,53,54,55,56,57,58,59,60,61,62,63,64,65,66,67,68,69,70,71,72,73,74,75,76,77,78,79,80,81,82,83,84,85,86,87,88,89,90,91,92,93,94,95,96,97,98,99]
CFO=-450.00639092300634,STO=0
EsN0dB=23.77,GRXdB=17,N0=0.003162277629598975
packet_number=387,correct=True,payload=[0,1,2,3,4,5,6,7,8,9,10,11,12,13,14,15,16,17,18,19,20,21,22,23,24,25,26,27,28,29,30,31,32,33,34,35,36,37,38,39,40,41,42,43,44,45,46,47,48,49,50,51,52,53,54,55,56,57,58,59,60,61,62,63,64,65,66,67,68,69,70,71,72,73,74,75,76,77,78,79,80,81,82,83,84,85,86,87,88,89,90,91,92,93,94,95,96,97,98,99]
CFO=-451.4632311416779,STO=3
EsN0dB=23.75,GRXdB=17,N0=0.003162277629598975
packet_number=388,correct=True,payload=[0,1,2,3,4,5,6,7,8,9,10,11,12,13,14,15,16,17,18,19,20,21,22,23,24,25,26,27,28,29,30,31,32,33,34,35,36,37,38,39,40,41,42,43,44,45,46,47,48,49,50,51,52,53,54,55,56,57,58,59,60,61,62,63,64,65,66,67,68,69,70,71,72,73,74,75,76,77,78,79,80,81,82,83,84,85,86,87,88,89,90,91,92,93,94,95,96,97,98,99]
CFO=-454.50257638757876,STO=4
EsN0dB=23.75,GRXdB=17,N0=0.003162277629598975
packet_number=389,correct=True,payload=[0,1,2,3,4,5,6,7,8,9,10,11,12,13,14,15,16,17,18,19,20,21,22,23,24,25,26,27,28,29,30,31,32,33,34,35,36,37,38,39,40,41,42,43,44,45,46,47,48,49,50,51,52,53,54,55,56,57,58,59,60,61,62,63,64,65,66,67,68,69,70,71,72,73,74,75,76,77,78,79,80,81,82,83,84,85,86,87,88,89,90,91,92,93,94,95,96,97,98,99]
CFO=-428.5491619179343,STO=5
EsN0dB=23.74,GRXdB=17,N0=0.003162277629598975
packet_number=390,correct=True,payload=[0,1,2,3,4,5,6,7,8,9,10,11,12,13,14,15,16,17,18,19,20,21,22,23,24,25,26,27,28,29,30,31,32,33,34,35,36,37,38,39,40,41,42,43,44,45,46,47,48,49,50,51,52,53,54,55,56,57,58,59,60,61,62,63,64,65,66,67,68,69,70,71,72,73,74,75,76,77,78,79,80,81,82,83,84,85,86,87,88,89,90,91,92,93,94,95,96,97,98,99]
CFO=-495.010667446779,STO=1
EsN0dB=23.77,GRXdB=17,N0=0.003162277629598975
packet_number=391,correct=True,payload=[0,1,2,3,4,5,6,7,8,9,10,11,12,13,14,15,16,17,18,19,20,21,22,23,24,25,26,27,28,29,30,31,32,33,34,35,36,37,38,39,40,41,42,43,44,45,46,47,48,49,50,51,52,53,54,55,56,57,58,59,60,61,62,63,64,65,66,67,68,69,70,71,72,73,74,75,76,77,78,79,80,81,82,83,84,85,86,87,88,89,90,91,92,93,94,95,96,97,98,99]
CFO=-394.3390151660801,STO=4
EsN0dB=23.77,GRXdB=17,N0=0.003162277629598975
packet_number=392,correct=True,payload=[0,1,2,3,4,5,6,7,8,9,10,11,12,13,14,15,16,17,18,19,20,21,22,23,24,25,26,27,28,29,30,31,32,33,34,35,36,37,38,39,40,41,42,43,44,45,46,47,48,49,50,51,52,53,54,55,56,57,58,59,60,61,62,63,64,65,66,67,68,69,70,71,72,73,74,75,76,77,78,79,80,81,82,83,84,85,86,87,88,89,90,91,92,93,94,95,96,97,98,99]
CFO=-462.45467748961903,STO=4
EsN0dB=23.76,GRXdB=17,N0=0.003162277629598975
packet_number=393,correct=True,payload=[0,1,2,3,4,5,6,7,8,9,10,11,12,13,14,15,16,17,18,19,20,21,22,23,24,25,26,27,28,29,30,31,32,33,34,35,36,37,38,39,40,41,42,43,44,45,46,47,48,49,50,51,52,53,54,55,56,57,58,59,60,61,62,63,64,65,66,67,68,69,70,71,72,73,74,75,76,77,78,79,80,81,82,83,84,85,86,87,88,89,90,91,92,93,94,95,96,97,98,99]
CFO=-480.2236932776389,STO=5
EsN0dB=23.75,GRXdB=17,N0=0.003162277629598975
packet_number=394,correct=True,payload=[0,1,2,3,4,5,6,7,8,9,10,11,12,13,14,15,16,17,18,19,20,21,22,23,24,25,26,27,28,29,30,31,32,33,34,35,36,37,38,39,40,41,42,43,44,45,46,47,48,49,50,51,52,53,54,55,56,57,58,59,60,61,62,63,64,65,66,67,68,69,70,71,72,73,74,75,76,77,78,79,80,81,82,83,84,85,86,87,88,89,90,91,92,93,94,95,96,97,98,99]
CFO=-436.42709143445643,STO=2
EsN0dB=23.75,GRXdB=17,N0=0.003162277629598975
packet_number=395,correct=True,payload=[0,1,2,3,4,5,6,7,8,9,10,11,12,13,14,15,16,17,18,19,20,21,22,23,24,25,26,27,28,29,30,31,32,33,34,35,36,37,38,39,40,41,42,43,44,45,46,47,48,49,50,51,52,53,54,55,56,57,58,59,60,61,62,63,64,65,66,67,68,69,70,71,72,73,74,75,76,77,78,79,80,81,82,83,84,85,86,87,88,89,90,91,92,93,94,95,96,97,98,99]
CFO=-404.32247500291544,STO=3
EsN0dB=23.77,GRXdB=17,N0=0.003162277629598975
packet_number=396,correct=True,payload=[0,1,2,3,4,5,6,7,8,9,10,11,12,13,14,15,16,17,18,19,20,21,22,23,24,25,26,27,28,29,30,31,32,33,34,35,36,37,38,39,40,41,42,43,44,45,46,47,48,49,50,51,52,53,54,55,56,57,58,59,60,61,62,63,64,65,66,67,68,69,70,71,72,73,74,75,76,77,78,79,80,81,82,83,84,85,86,87,88,89,90,91,92,93,94,95,96,97,98,99]
CFO=-388.7778656574819,STO=4
EsN0dB=23.75,GRXdB=17,N0=0.003162277629598975
packet_number=397,correct=True,payload=[0,1,2,3,4,5,6,7,8,9,10,11,12,13,14,15,16,17,18,19,20,21,22,23,24,25,26,27,28,29,30,31,32,33,34,35,36,37,38,39,40,41,42,43,44,45,46,47,48,49,50,51,52,53,54,55,56,57,58,59,60,61,62,63,64,65,66,67,68,69,70,71,72,73,74,75,76,77,78,79,80,81,82,83,84,85,86,87,88,89,90,91,92,93,94,95,96,97,98,99]
CFO=-471.2090886597896,STO=1
EsN0dB=23.76,GRXdB=17,N0=0.003162277629598975
packet_number=398,correct=True,payload=[0,1,2,3,4,5,6,7,8,9,10,11,12,13,14,15,16,17,18,19,20,21,22,23,24,25,26,27,28,29,30,31,32,33,34,35,36,37,38,39,40,41,42,43,44,45,46,47,48,49,50,51,52,53,54,55,56,57,58,59,60,61,62,63,64,65,66,67,68,69,70,71,72,73,74,75,76,77,78,79,80,81,82,83,84,85,86,87,88,89,90,91,92,93,94,95,96,97,98,99]
CFO=-447.24158726522825,STO=4
EsN0dB=23.75,GRXdB=17,N0=0.003162277629598975
packet_number=399,correct=True,payload=[0,1,2,3,4,5,6,7,8,9,10,11,12,13,14,15,16,17,18,19,20,21,22,23,24,25,26,27,28,29,30,31,32,33,34,35,36,37,38,39,40,41,42,43,44,45,46,47,48,49,50,51,52,53,54,55,56,57,58,59,60,61,62,63,64,65,66,67,68,69,70,71,72,73,74,75,76,77,78,79,80,81,82,83,84,85,86,87,88,89,90,91,92,93,94,95,96,97,98,99]
CFO=-407.38426145194865,STO=4
EsN0dB=23.72,GRXdB=17,N0=0.003162277629598975
packet_number=400,correct=True,payload=[0,1,2,3,4,5,6,7,8,9,10,11,12,13,14,15,16,17,18,19,20,21,22,23,24,25,26,27,28,29,30,31,32,33,34,35,36,37,38,39,40,41,42,43,44,45,46,47,48,49,50,51,52,53,54,55,56,57,58,59,60,61,62,63,64,65,66,67,68,69,70,71,72,73,74,75,76,77,78,79,80,81,82,83,84,85,86,87,88,89,90,91,92,93,94,95,96,97,98,99]
CFO=-464.3979018823896,STO=6
EsN0dB=23.75,GRXdB=17,N0=0.003162277629598975
packet_number=401,correct=True,payload=[0,1,2,3,4,5,6,7,8,9,10,11,12,13,14,15,16,17,18,19,20,21,22,23,24,25,26,27,28,29,30,31,32,33,34,35,36,37,38,39,40,41,42,43,44,45,46,47,48,49,50,51,52,53,54,55,56,57,58,59,60,61,62,63,64,65,66,67,68,69,70,71,72,73,74,75,76,77,78,79,80,81,82,83,84,85,86,87,88,89,90,91,92,93,94,95,96,97,98,99]
CFO=-456.84200511306295,STO=4
EsN0dB=23.75,GRXdB=17,N0=0.003162277629598975
packet_number=402,correct=True,payload=[0,1,2,3,4,5,6,7,8,9,10,11,12,13,14,15,16,17,18,19,20,21,22,23,24,25,26,27,28,29,30,31,32,33,34,35,36,37,38,39,40,41,42,43,44,45,46,47,48,49,50,51,52,53,54,55,56,57,58,59,60,61,62,63,64,65,66,67,68,69,70,71,72,73,74,75,76,77,78,79,80,81,82,83,84,85,86,87,88,89,90,91,92,93,94,95,96,97,98,99]
CFO=-428.8671333113265,STO=3
EsN0dB=23.78,GRXdB=17,N0=0.003162277629598975
packet_number=403,correct=True,payload=[0,1,2,3,4,5,6,7,8,9,10,11,12,13,14,15,16,17,18,19,20,21,22,23,24,25,26,27,28,29,30,31,32,33,34,35,36,37,38,39,40,41,42,43,44,45,46,47,48,49,50,51,52,53,54,55,56,57,58,59,60,61,62,63,64,65,66,67,68,69,70,71,72,73,74,75,76,77,78,79,80,81,82,83,84,85,86,87,88,89,90,91,92,93,94,95,96,97,98,99]
CFO=-438.3412934522381,STO=3
EsN0dB=23.77,GRXdB=17,N0=0.003162277629598975
packet_number=404,correct=True,payload=[0,1,2,3,4,5,6,7,8,9,10,11,12,13,14,15,16,17,18,19,20,21,22,23,24,25,26,27,28,29,30,31,32,33,34,35,36,37,38,39,40,41,42,43,44,45,46,47,48,49,50,51,52,53,54,55,56,57,58,59,60,61,62,63,64,65,66,67,68,69,70,71,72,73,74,75,76,77,78,79,80,81,82,83,84,85,86,87,88,89,90,91,92,93,94,95,96,97,98,99]
CFO=-456.43625511666556,STO=4
EsN0dB=23.79,GRXdB=17,N0=0.003162277629598975
packet_number=405,correct=True,payload=[0,1,2,3,4,5,6,7,8,9,10,11,12,13,14,15,16,17,18,19,20,21,22,23,24,25,26,27,28,29,30,31,32,33,34,35,36,37,38,39,40,41,42,43,44,45,46,47,48,49,50,51,52,53,54,55,56,57,58,59,60,61,62,63,64,65,66,67,68,69,70,71,72,73,74,75,76,77,78,79,80,81,82,83,84,85,86,87,88,89,90,91,92,93,94,95,96,97,98,99]
CFO=-412.13566001793015,STO=3
EsN0dB=23.78,GRXdB=17,N0=0.003162277629598975
packet_number=406,correct=True,payload=[0,1,2,3,4,5,6,7,8,9,10,11,12,13,14,15,16,17,18,19,20,21,22,23,24,25,26,27,28,29,30,31,32,33,34,35,36,37,38,39,40,41,42,43,44,45,46,47,48,49,50,51,52,53,54,55,56,57,58,59,60,61,62,63,64,65,66,67,68,69,70,71,72,73,74,75,76,77,78,79,80,81,82,83,84,85,86,87,88,89,90,91,92,93,94,95,96,97,98,99]
CFO=-390.31563650303775,STO=3
EsN0dB=23.75,GRXdB=17,N0=0.003162277629598975
packet_number=407,correct=True,payload=[0,1,2,3,4,5,6,7,8,9,10,11,12,13,14,15,16,17,18,19,20,21,22,23,24,25,26,27,28,29,30,31,32,33,34,35,36,37,38,39,40,41,42,43,44,45,46,47,48,49,50,51,52,53,54,55,56,57,58,59,60,61,62,63,64,65,66,67,68,69,70,71,72,73,74,75,76,77,78,79,80,81,82,83,84,85,86,87,88,89,90,91,92,93,94,95,96,97,98,99]
CFO=-465.2692549651768,STO=5
EsN0dB=23.74,GRXdB=17,N0=0.003162277629598975
packet_number=408,correct=True,payload=[0,1,2,3,4,5,6,7,8,9,10,11,12,13,14,15,16,17,18,19,20,21,22,23,24,25,26,27,28,29,30,31,32,33,34,35,36,37,38,39,40,41,42,43,44,45,46,47,48,49,50,51,52,53,54,55,56,57,58,59,60,61,62,63,64,65,66,67,68,69,70,71,72,73,74,75,76,77,78,79,80,81,82,83,84,85,86,87,88,89,90,91,92,93,94,95,96,97,98,99]
CFO=-447.0772951281614,STO=3
EsN0dB=25.78,GRXdB=17,N0=0.00199526222422719
packet_number=409,correct=True,payload=[0,1,2,3,4,5,6,7,8,9,10,11,12,13,14,15,16,17,18,19,20,21,22,23,24,25,26,27,28,29,30,31,32,33,34,35,36,37,38,39,40,41,42,43,44,45,46,47,48,49,50,51,52,53,54,55,56,57,58,59,60,61,62,63,64,65,66,67,68,69,70,71,72,73,74,75,76,77,78,79,80,81,82,83,84,85,86,87,88,89,90,91,92,93,94,95,96,97,98,99]
CFO=-441.7005073663006,STO=4
EsN0dB=25.75,GRXdB=17,N0=0.00199526222422719
packet_number=410,correct=True,payload=[0,1,2,3,4,5,6,7,8,9,10,11,12,13,14,15,16,17,18,19,20,21,22,23,24,25,26,27,28,29,30,31,32,33,34,35,36,37,38,39,40,41,42,43,44,45,46,47,48,49,50,51,52,53,54,55,56,57,58,59,60,61,62,63,64,65,66,67,68,69,70,71,72,73,74,75,76,77,78,79,80,81,82,83,84,85,86,87,88,89,90,91,92,93,94,95,96,97,98,99]
CFO=-462.2349790003006,STO=4
EsN0dB=25.79,GRXdB=17,N0=0.00199526222422719
packet_number=411,correct=True,payload=[0,1,2,3,4,5,6,7,8,9,10,11,12,13,14,15,16,17,18,19,20,21,22,23,24,25,26,27,28,29,30,31,32,33,34,35,36,37,38,39,40,41,42,43,44,45,46,47,48,49,50,51,52,53,54,55,56,57,58,59,60,61,62,63,64,65,66,67,68,69,70,71,72,73,74,75,76,77,78,79,80,81,82,83,84,85,86,87,88,89,90,91,92,93,94,95,96,97,98,99]
CFO=-1883.0734306393217,STO=1
EsN0dB=nan,GRXdB=17,N0=0.00199526222422719
packet_number=412,correct=False,payload=[98,57,207,16,133,98,203,23,166,193,169,30,238,6,219,142,194,253,147,242,61,255,12,173,209,154,16,227,32,62,169,40,251,129,154,44,81,97,88,43,196,126,152,223,3,83,59,126,75,115,101,69,82,21,186,205,72,99,192,80,134,223,66,106,216,46,33,3,223,199,192,168,7,8,101,63,254,177,215,153,225,29,48,34,187,103,47,73,109,104,173,160,19,43,115,149,5,250,204,121]
CFO=-428.40867465024036,STO=4
EsN0dB=25.77,GRXdB=17,N0=0.00199526222422719
packet_number=413,correct=True,payload=[0,1,2,3,4,5,6,7,8,9,10,11,12,13,14,15,16,17,18,19,20,21,22,23,24,25,26,27,28,29,30,31,32,33,34,35,36,37,38,39,40,41,42,43,44,45,46,47,48,49,50,51,52,53,54,55,56,57,58,59,60,61,62,63,64,65,66,67,68,69,70,71,72,73,74,75,76,77,78,79,80,81,82,83,84,85,86,87,88,89,90,91,92,93,94,95,96,97,98,99]
CFO=-414.4972631422823,STO=3
EsN0dB=25.79,GRXdB=17,N0=0.00199526222422719
packet_number=414,correct=True,payload=[0,1,2,3,4,5,6,7,8,9,10,11,12,13,14,15,16,17,18,19,20,21,22,23,24,25,26,27,28,29,30,31,32,33,34,35,36,37,38,39,40,41,42,43,44,45,46,47,48,49,50,51,52,53,54,55,56,57,58,59,60,61,62,63,64,65,66,67,68,69,70,71,72,73,74,75,76,77,78,79,80,81,82,83,84,85,86,87,88,89,90,91,92,93,94,95,96,97,98,99]
CFO=-494.88746316643795,STO=4
EsN0dB=25.77,GRXdB=17,N0=0.00199526222422719
packet_number=415,correct=True,payload=[0,1,2,3,4,5,6,7,8,9,10,11,12,13,14,15,16,17,18,19,20,21,22,23,24,25,26,27,28,29,30,31,32,33,34,35,36,37,38,39,40,41,42,43,44,45,46,47,48,49,50,51,52,53,54,55,56,57,58,59,60,61,62,63,64,65,66,67,68,69,70,71,72,73,74,75,76,77,78,79,80,81,82,83,84,85,86,87,88,89,90,91,92,93,94,95,96,97,98,99]
CFO=-473.6289144036291,STO=2
EsN0dB=25.79,GRXdB=17,N0=0.00199526222422719
packet_number=416,correct=True,payload=[0,1,2,3,4,5,6,7,8,9,10,11,12,13,14,15,16,17,18,19,20,21,22,23,24,25,26,27,28,29,30,31,32,33,34,35,36,37,38,39,40,41,42,43,44,45,46,47,48,49,50,51,52,53,54,55,56,57,58,59,60,61,62,63,64,65,66,67,68,69,70,71,72,73,74,75,76,77,78,79,80,81,82,83,84,85,86,87,88,89,90,91,92,93,94,95,96,97,98,99]
CFO=-489.6398679584093,STO=4
EsN0dB=25.77,GRXdB=17,N0=0.00199526222422719
packet_number=417,correct=True,payload=[0,1,2,3,4,5,6,7,8,9,10,11,12,13,14,15,16,17,18,19,20,21,22,23,24,25,26,27,28,29,30,31,32,33,34,35,36,37,38,39,40,41,42,43,44,45,46,47,48,49,50,51,52,53,54,55,56,57,58,59,60,61,62,63,64,65,66,67,68,69,70,71,72,73,74,75,76,77,78,79,80,81,82,83,84,85,86,87,88,89,90,91,92,93,94,95,96,97,98,99]
CFO=-381.01338724318913,STO=3
EsN0dB=25.76,GRXdB=17,N0=0.00199526222422719
packet_number=418,correct=True,payload=[0,1,2,3,4,5,6,7,8,9,10,11,12,13,14,15,16,17,18,19,20,21,22,23,24,25,26,27,28,29,30,31,32,33,34,35,36,37,38,39,40,41,42,43,44,45,46,47,48,49,50,51,52,53,54,55,56,57,58,59,60,61,62,63,64,65,66,67,68,69,70,71,72,73,74,75,76,77,78,79,80,81,82,83,84,85,86,87,88,89,90,91,92,93,94,95,96,97,98,99]
CFO=-451.223581622362,STO=5
EsN0dB=25.77,GRXdB=17,N0=0.00199526222422719
packet_number=419,correct=True,payload=[0,1,2,3,4,5,6,7,8,9,10,11,12,13,14,15,16,17,18,19,20,21,22,23,24,25,26,27,28,29,30,31,32,33,34,35,36,37,38,39,40,41,42,43,44,45,46,47,48,49,50,51,52,53,54,55,56,57,58,59,60,61,62,63,64,65,66,67,68,69,70,71,72,73,74,75,76,77,78,79,80,81,82,83,84,85,86,87,88,89,90,91,92,93,94,95,96,97,98,99]
CFO=-416.72208461372446,STO=1
EsN0dB=25.75,GRXdB=17,N0=0.00199526222422719
packet_number=420,correct=True,payload=[0,1,2,3,4,5,6,7,8,9,10,11,12,13,14,15,16,17,18,19,20,21,22,23,24,25,26,27,28,29,30,31,32,33,34,35,36,37,38,39,40,41,42,43,44,45,46,47,48,49,50,51,52,53,54,55,56,57,58,59,60,61,62,63,64,65,66,67,68,69,70,71,72,73,74,75,76,77,78,79,80,81,82,83,84,85,86,87,88,89,90,91,92,93,94,95,96,97,98,99]
CFO=-440.6362251553951,STO=3
EsN0dB=25.78,GRXdB=17,N0=0.00199526222422719
packet_number=421,correct=True,payload=[0,1,2,3,4,5,6,7,8,9,10,11,12,13,14,15,16,17,18,19,20,21,22,23,24,25,26,27,28,29,30,31,32,33,34,35,36,37,38,39,40,41,42,43,44,45,46,47,48,49,50,51,52,53,54,55,56,57,58,59,60,61,62,63,64,65,66,67,68,69,70,71,72,73,74,75,76,77,78,79,80,81,82,83,84,85,86,87,88,89,90,91,92,93,94,95,96,97,98,99]
CFO=-433.5459907622949,STO=3
EsN0dB=25.76,GRXdB=17,N0=0.00199526222422719
packet_number=422,correct=True,payload=[0,1,2,3,4,5,6,7,8,9,10,11,12,13,14,15,16,17,18,19,20,21,22,23,24,25,26,27,28,29,30,31,32,33,34,35,36,37,38,39,40,41,42,43,44,45,46,47,48,49,50,51,52,53,54,55,56,57,58,59,60,61,62,63,64,65,66,67,68,69,70,71,72,73,74,75,76,77,78,79,80,81,82,83,84,85,86,87,88,89,90,91,92,93,94,95,96,97,98,99]
CFO=-471.86599040379264,STO=4
EsN0dB=25.77,GRXdB=17,N0=0.00199526222422719
packet_number=423,correct=True,payload=[0,1,2,3,4,5,6,7,8,9,10,11,12,13,14,15,16,17,18,19,20,21,22,23,24,25,26,27,28,29,30,31,32,33,34,35,36,37,38,39,40,41,42,43,44,45,46,47,48,49,50,51,52,53,54,55,56,57,58,59,60,61,62,63,64,65,66,67,68,69,70,71,72,73,74,75,76,77,78,79,80,81,82,83,84,85,86,87,88,89,90,91,92,93,94,95,96,97,98,99]
CFO=-428.6512886613835,STO=3
EsN0dB=25.78,GRXdB=17,N0=0.00199526222422719
packet_number=424,correct=True,payload=[0,1,2,3,4,5,6,7,8,9,10,11,12,13,14,15,16,17,18,19,20,21,22,23,24,25,26,27,28,29,30,31,32,33,34,35,36,37,38,39,40,41,42,43,44,45,46,47,48,49,50,51,52,53,54,55,56,57,58,59,60,61,62,63,64,65,66,67,68,69,70,71,72,73,74,75,76,77,78,79,80,81,82,83,84,85,86,87,88,89,90,91,92,93,94,95,96,97,98,99]
CFO=-467.8949053765832,STO=3
EsN0dB=25.76,GRXdB=17,N0=0.00199526222422719
packet_number=425,correct=True,payload=[0,1,2,3,4,5,6,7,8,9,10,11,12,13,14,15,16,17,18,19,20,21,22,23,24,25,26,27,28,29,30,31,32,33,34,35,36,37,38,39,40,41,42,43,44,45,46,47,48,49,50,51,52,53,54,55,56,57,58,59,60,61,62,63,64,65,66,67,68,69,70,71,72,73,74,75,76,77,78,79,80,81,82,83,84,85,86,87,88,89,90,91,92,93,94,95,96,97,98,99]
CFO=-502.054122158845,STO=5
EsN0dB=25.74,GRXdB=17,N0=0.00199526222422719
packet_number=426,correct=True,payload=[0,1,2,3,4,5,6,7,8,9,10,11,12,13,14,15,16,17,18,19,20,21,22,23,24,25,26,27,28,29,30,31,32,33,34,35,36,37,38,39,40,41,42,43,44,45,46,47,48,49,50,51,52,53,54,55,56,57,58,59,60,61,62,63,64,65,66,67,68,69,70,71,72,73,74,75,76,77,78,79,80,81,82,83,84,85,86,87,88,89,90,91,92,93,94,95,96,97,98,99]
CFO=-449.77785824804266,STO=3
EsN0dB=25.75,GRXdB=17,N0=0.00199526222422719
packet_number=427,correct=True,payload=[0,1,2,3,4,5,6,7,8,9,10,11,12,13,14,15,16,17,18,19,20,21,22,23,24,25,26,27,28,29,30,31,32,33,34,35,36,37,38,39,40,41,42,43,44,45,46,47,48,49,50,51,52,53,54,55,56,57,58,59,60,61,62,63,64,65,66,67,68,69,70,71,72,73,74,75,76,77,78,79,80,81,82,83,84,85,86,87,88,89,90,91,92,93,94,95,96,97,98,99]
CFO=-467.0136805360112,STO=3
EsN0dB=25.77,GRXdB=17,N0=0.00199526222422719
packet_number=428,correct=True,payload=[0,1,2,3,4,5,6,7,8,9,10,11,12,13,14,15,16,17,18,19,20,21,22,23,24,25,26,27,28,29,30,31,32,33,34,35,36,37,38,39,40,41,42,43,44,45,46,47,48,49,50,51,52,53,54,55,56,57,58,59,60,61,62,63,64,65,66,67,68,69,70,71,72,73,74,75,76,77,78,79,80,81,82,83,84,85,86,87,88,89,90,91,92,93,94,95,96,97,98,99]
CFO=-426.4152910557525,STO=3
EsN0dB=25.76,GRXdB=17,N0=0.00199526222422719
packet_number=429,correct=True,payload=[0,1,2,3,4,5,6,7,8,9,10,11,12,13,14,15,16,17,18,19,20,21,22,23,24,25,26,27,28,29,30,31,32,33,34,35,36,37,38,39,40,41,42,43,44,45,46,47,48,49,50,51,52,53,54,55,56,57,58,59,60,61,62,63,64,65,66,67,68,69,70,71,72,73,74,75,76,77,78,79,80,81,82,83,84,85,86,87,88,89,90,91,92,93,94,95,96,97,98,99]
CFO=-435.98378132660764,STO=5
EsN0dB=25.78,GRXdB=17,N0=0.00199526222422719
packet_number=430,correct=True,payload=[0,1,2,3,4,5,6,7,8,9,10,11,12,13,14,15,16,17,18,19,20,21,22,23,24,25,26,27,28,29,30,31,32,33,34,35,36,37,38,39,40,41,42,43,44,45,46,47,48,49,50,51,52,53,54,55,56,57,58,59,60,61,62,63,64,65,66,67,68,69,70,71,72,73,74,75,76,77,78,79,80,81,82,83,84,85,86,87,88,89,90,91,92,93,94,95,96,97,98,99]
CFO=-439.62127208849523,STO=1
EsN0dB=25.77,GRXdB=17,N0=0.00199526222422719
packet_number=431,correct=True,payload=[0,1,2,3,4,5,6,7,8,9,10,11,12,13,14,15,16,17,18,19,20,21,22,23,24,25,26,27,28,29,30,31,32,33,34,35,36,37,38,39,40,41,42,43,44,45,46,47,48,49,50,51,52,53,54,55,56,57,58,59,60,61,62,63,64,65,66,67,68,69,70,71,72,73,74,75,76,77,78,79,80,81,82,83,84,85,86,87,88,89,90,91,92,93,94,95,96,97,98,99]
CFO=-408.4252724020102,STO=1
EsN0dB=25.75,GRXdB=17,N0=0.00199526222422719
packet_number=432,correct=True,payload=[0,1,2,3,4,5,6,7,8,9,10,11,12,13,14,15,16,17,18,19,20,21,22,23,24,25,26,27,28,29,30,31,32,33,34,35,36,37,38,39,40,41,42,43,44,45,46,47,48,49,50,51,52,53,54,55,56,57,58,59,60,61,62,63,64,65,66,67,68,69,70,71,72,73,74,75,76,77,78,79,80,81,82,83,84,85,86,87,88,89,90,91,92,93,94,95,96,97,98,99]
CFO=-462.74834005002765,STO=4
EsN0dB=25.74,GRXdB=17,N0=0.00199526222422719
packet_number=433,correct=True,payload=[0,1,2,3,4,5,6,7,8,9,10,11,12,13,14,15,16,17,18,19,20,21,22,23,24,25,26,27,28,29,30,31,32,33,34,35,36,37,38,39,40,41,42,43,44,45,46,47,48,49,50,51,52,53,54,55,56,57,58,59,60,61,62,63,64,65,66,67,68,69,70,71,72,73,74,75,76,77,78,79,80,81,82,83,84,85,86,87,88,89,90,91,92,93,94,95,96,97,98,99]
CFO=-529.621287399578,STO=0
EsN0dB=nan,GRXdB=17,N0=0.00199526222422719
packet_number=434,correct=False,payload=[141,77,22,168,204,168,38,182,241,103,140,11,29,129,145,44,159,50,149,180,155,120,73,41,129,189,112,16,93,5,23,188,172,229,254,68,53,231,56,91,82,30,67,87,147,97,53,12,84,233,222,153,64,122,206,86,76,94,231,217,17,106,49,85,57,254,19,96,185,73,122,230,148,27,66,164,245,78,66,90,181,84,70,57,147,99,41,151,181,183,147,172,94,74,208,211,234,175,85,165]
CFO=-411.229088772235,STO=4
EsN0dB=25.75,GRXdB=17,N0=0.00199526222422719
packet_number=435,correct=True,payload=[0,1,2,3,4,5,6,7,8,9,10,11,12,13,14,15,16,17,18,19,20,21,22,23,24,25,26,27,28,29,30,31,32,33,34,35,36,37,38,39,40,41,42,43,44,45,46,47,48,49,50,51,52,53,54,55,56,57,58,59,60,61,62,63,64,65,66,67,68,69,70,71,72,73,74,75,76,77,78,79,80,81,82,83,84,85,86,87,88,89,90,91,92,93,94,95,96,97,98,99]
CFO=-418.35154719149756,STO=3
EsN0dB=25.78,GRXdB=17,N0=0.00199526222422719
packet_number=436,correct=True,payload=[0,1,2,3,4,5,6,7,8,9,10,11,12,13,14,15,16,17,18,19,20,21,22,23,24,25,26,27,28,29,30,31,32,33,34,35,36,37,38,39,40,41,42,43,44,45,46,47,48,49,50,51,52,53,54,55,56,57,58,59,60,61,62,63,64,65,66,67,68,69,70,71,72,73,74,75,76,77,78,79,80,81,82,83,84,85,86,87,88,89,90,91,92,93,94,95,96,97,98,99]
CFO=-473.35377991714086,STO=6
EsN0dB=25.77,GRXdB=17,N0=0.00199526222422719
packet_number=437,correct=True,payload=[0,1,2,3,4,5,6,7,8,9,10,11,12,13,14,15,16,17,18,19,20,21,22,23,24,25,26,27,28,29,30,31,32,33,34,35,36,37,38,39,40,41,42,43,44,45,46,47,48,49,50,51,52,53,54,55,56,57,58,59,60,61,62,63,64,65,66,67,68,69,70,71,72,73,74,75,76,77,78,79,80,81,82,83,84,85,86,87,88,89,90,91,92,93,94,95,96,97,98,99]
CFO=-478.2664764834437,STO=1
EsN0dB=25.76,GRXdB=17,N0=0.00199526222422719
packet_number=438,correct=True,payload=[0,1,2,3,4,5,6,7,8,9,10,11,12,13,14,15,16,17,18,19,20,21,22,23,24,25,26,27,28,29,30,31,32,33,34,35,36,37,38,39,40,41,42,43,44,45,46,47,48,49,50,51,52,53,54,55,56,57,58,59,60,61,62,63,64,65,66,67,68,69,70,71,72,73,74,75,76,77,78,79,80,81,82,83,84,85,86,87,88,89,90,91,92,93,94,95,96,97,98,99]
CFO=-414.5507722197643,STO=3
EsN0dB=25.78,GRXdB=17,N0=0.00199526222422719
packet_number=439,correct=True,payload=[0,1,2,3,4,5,6,7,8,9,10,11,12,13,14,15,16,17,18,19,20,21,22,23,24,25,26,27,28,29,30,31,32,33,34,35,36,37,38,39,40,41,42,43,44,45,46,47,48,49,50,51,52,53,54,55,56,57,58,59,60,61,62,63,64,65,66,67,68,69,70,71,72,73,74,75,76,77,78,79,80,81,82,83,84,85,86,87,88,89,90,91,92,93,94,95,96,97,98,99]
CFO=-435.524403673055,STO=2
EsN0dB=25.78,GRXdB=17,N0=0.00199526222422719
packet_number=440,correct=True,payload=[0,1,2,3,4,5,6,7,8,9,10,11,12,13,14,15,16,17,18,19,20,21,22,23,24,25,26,27,28,29,30,31,32,33,34,35,36,37,38,39,40,41,42,43,44,45,46,47,48,49,50,51,52,53,54,55,56,57,58,59,60,61,62,63,64,65,66,67,68,69,70,71,72,73,74,75,76,77,78,79,80,81,82,83,84,85,86,87,88,89,90,91,92,93,94,95,96,97,98,99]
CFO=-454.6403956126282,STO=5
EsN0dB=25.76,GRXdB=17,N0=0.00199526222422719
packet_number=441,correct=True,payload=[0,1,2,3,4,5,6,7,8,9,10,11,12,13,14,15,16,17,18,19,20,21,22,23,24,25,26,27,28,29,30,31,32,33,34,35,36,37,38,39,40,41,42,43,44,45,46,47,48,49,50,51,52,53,54,55,56,57,58,59,60,61,62,63,64,65,66,67,68,69,70,71,72,73,74,75,76,77,78,79,80,81,82,83,84,85,86,87,88,89,90,91,92,93,94,95,96,97,98,99]
CFO=-416.6985761935343,STO=2
EsN0dB=25.76,GRXdB=17,N0=0.00199526222422719
packet_number=442,correct=True,payload=[0,1,2,3,4,5,6,7,8,9,10,11,12,13,14,15,16,17,18,19,20,21,22,23,24,25,26,27,28,29,30,31,32,33,34,35,36,37,38,39,40,41,42,43,44,45,46,47,48,49,50,51,52,53,54,55,56,57,58,59,60,61,62,63,64,65,66,67,68,69,70,71,72,73,74,75,76,77,78,79,80,81,82,83,84,85,86,87,88,89,90,91,92,93,94,95,96,97,98,99]
CFO=-481.38132733618494,STO=3
EsN0dB=25.77,GRXdB=17,N0=0.00199526222422719
packet_number=443,correct=True,payload=[0,1,2,3,4,5,6,7,8,9,10,11,12,13,14,15,16,17,18,19,20,21,22,23,24,25,26,27,28,29,30,31,32,33,34,35,36,37,38,39,40,41,42,43,44,45,46,47,48,49,50,51,52,53,54,55,56,57,58,59,60,61,62,63,64,65,66,67,68,69,70,71,72,73,74,75,76,77,78,79,80,81,82,83,84,85,86,87,88,89,90,91,92,93,94,95,96,97,98,99]
CFO=-403.5426061379175,STO=5
EsN0dB=25.78,GRXdB=17,N0=0.00199526222422719
packet_number=444,correct=True,payload=[0,1,2,3,4,5,6,7,8,9,10,11,12,13,14,15,16,17,18,19,20,21,22,23,24,25,26,27,28,29,30,31,32,33,34,35,36,37,38,39,40,41,42,43,44,45,46,47,48,49,50,51,52,53,54,55,56,57,58,59,60,61,62,63,64,65,66,67,68,69,70,71,72,73,74,75,76,77,78,79,80,81,82,83,84,85,86,87,88,89,90,91,92,93,94,95,96,97,98,99]
CFO=-445.33402570913967,STO=5
EsN0dB=25.77,GRXdB=17,N0=0.00199526222422719
packet_number=445,correct=True,payload=[0,1,2,3,4,5,6,7,8,9,10,11,12,13,14,15,16,17,18,19,20,21,22,23,24,25,26,27,28,29,30,31,32,33,34,35,36,37,38,39,40,41,42,43,44,45,46,47,48,49,50,51,52,53,54,55,56,57,58,59,60,61,62,63,64,65,66,67,68,69,70,71,72,73,74,75,76,77,78,79,80,81,82,83,84,85,86,87,88,89,90,91,92,93,94,95,96,97,98,99]
CFO=-429.0830668960243,STO=3
EsN0dB=25.76,GRXdB=17,N0=0.00199526222422719
packet_number=446,correct=True,payload=[0,1,2,3,4,5,6,7,8,9,10,11,12,13,14,15,16,17,18,19,20,21,22,23,24,25,26,27,28,29,30,31,32,33,34,35,36,37,38,39,40,41,42,43,44,45,46,47,48,49,50,51,52,53,54,55,56,57,58,59,60,61,62,63,64,65,66,67,68,69,70,71,72,73,74,75,76,77,78,79,80,81,82,83,84,85,86,87,88,89,90,91,92,93,94,95,96,97,98,99]
CFO=-398.44424344847323,STO=4
EsN0dB=25.78,GRXdB=17,N0=0.00199526222422719
packet_number=447,correct=True,payload=[0,1,2,3,4,5,6,7,8,9,10,11,12,13,14,15,16,17,18,19,20,21,22,23,24,25,26,27,28,29,30,31,32,33,34,35,36,37,38,39,40,41,42,43,44,45,46,47,48,49,50,51,52,53,54,55,56,57,58,59,60,61,62,63,64,65,66,67,68,69,70,71,72,73,74,75,76,77,78,79,80,81,82,83,84,85,86,87,88,89,90,91,92,93,94,95,96,97,98,99]
CFO=-486.51058003046927,STO=5
EsN0dB=25.76,GRXdB=17,N0=0.00199526222422719
packet_number=448,correct=True,payload=[0,1,2,3,4,5,6,7,8,9,10,11,12,13,14,15,16,17,18,19,20,21,22,23,24,25,26,27,28,29,30,31,32,33,34,35,36,37,38,39,40,41,42,43,44,45,46,47,48,49,50,51,52,53,54,55,56,57,58,59,60,61,62,63,64,65,66,67,68,69,70,71,72,73,74,75,76,77,78,79,80,81,82,83,84,85,86,87,88,89,90,91,92,93,94,95,96,97,98,99]
CFO=-464.52635331326485,STO=0
EsN0dB=25.76,GRXdB=17,N0=0.00199526222422719
packet_number=449,correct=True,payload=[0,1,2,3,4,5,6,7,8,9,10,11,12,13,14,15,16,17,18,19,20,21,22,23,24,25,26,27,28,29,30,31,32,33,34,35,36,37,38,39,40,41,42,43,44,45,46,47,48,49,50,51,52,53,54,55,56,57,58,59,60,61,62,63,64,65,66,67,68,69,70,71,72,73,74,75,76,77,78,79,80,81,82,83,84,85,86,87,88,89,90,91,92,93,94,95,96,97,98,99]
CFO=-399.7643909489897,STO=4
EsN0dB=25.75,GRXdB=17,N0=0.00199526222422719
packet_number=450,correct=True,payload=[0,1,2,3,4,5,6,7,8,9,10,11,12,13,14,15,16,17,18,19,20,21,22,23,24,25,26,27,28,29,30,31,32,33,34,35,36,37,38,39,40,41,42,43,44,45,46,47,48,49,50,51,52,53,54,55,56,57,58,59,60,61,62,63,64,65,66,67,68,69,70,71,72,73,74,75,76,77,78,79,80,81,82,83,84,85,86,87,88,89,90,91,92,93,94,95,96,97,98,99]
CFO=-496.61505042369345,STO=3
EsN0dB=25.76,GRXdB=17,N0=0.00199526222422719
packet_number=451,correct=True,payload=[0,1,2,3,4,5,6,7,8,9,10,11,12,13,14,15,16,17,18,19,20,21,22,23,24,25,26,27,28,29,30,31,32,33,34,35,36,37,38,39,40,41,42,43,44,45,46,47,48,49,50,51,52,53,54,55,56,57,58,59,60,61,62,63,64,65,66,67,68,69,70,71,72,73,74,75,76,77,78,79,80,81,82,83,84,85,86,87,88,89,90,91,92,93,94,95,96,97,98,99]
CFO=-471.1628425872843,STO=5
EsN0dB=25.76,GRXdB=17,N0=0.00199526222422719
packet_number=452,correct=True,payload=[0,1,2,3,4,5,6,7,8,9,10,11,12,13,14,15,16,17,18,19,20,21,22,23,24,25,26,27,28,29,30,31,32,33,34,35,36,37,38,39,40,41,42,43,44,45,46,47,48,49,50,51,52,53,54,55,56,57,58,59,60,61,62,63,64,65,66,67,68,69,70,71,72,73,74,75,76,77,78,79,80,81,82,83,84,85,86,87,88,89,90,91,92,93,94,95,96,97,98,99]
CFO=-418.69465747558496,STO=0
EsN0dB=25.77,GRXdB=17,N0=0.00199526222422719
packet_number=453,correct=True,payload=[0,1,2,3,4,5,6,7,8,9,10,11,12,13,14,15,16,17,18,19,20,21,22,23,24,25,26,27,28,29,30,31,32,33,34,35,36,37,38,39,40,41,42,43,44,45,46,47,48,49,50,51,52,53,54,55,56,57,58,59,60,61,62,63,64,65,66,67,68,69,70,71,72,73,74,75,76,77,78,79,80,81,82,83,84,85,86,87,88,89,90,91,92,93,94,95,96,97,98,99]
CFO=-435.19762773893586,STO=3
EsN0dB=25.77,GRXdB=17,N0=0.00199526222422719
packet_number=454,correct=True,payload=[0,1,2,3,4,5,6,7,8,9,10,11,12,13,14,15,16,17,18,19,20,21,22,23,24,25,26,27,28,29,30,31,32,33,34,35,36,37,38,39,40,41,42,43,44,45,46,47,48,49,50,51,52,53,54,55,56,57,58,59,60,61,62,63,64,65,66,67,68,69,70,71,72,73,74,75,76,77,78,79,80,81,82,83,84,85,86,87,88,89,90,91,92,93,94,95,96,97,98,99]
CFO=-373.98256126630724,STO=4
EsN0dB=25.77,GRXdB=17,N0=0.00199526222422719
packet_number=455,correct=True,payload=[0,1,2,3,4,5,6,7,8,9,10,11,12,13,14,15,16,17,18,19,20,21,22,23,24,25,26,27,28,29,30,31,32,33,34,35,36,37,38,39,40,41,42,43,44,45,46,47,48,49,50,51,52,53,54,55,56,57,58,59,60,61,62,63,64,65,66,67,68,69,70,71,72,73,74,75,76,77,78,79,80,81,82,83,84,85,86,87,88,89,90,91,92,93,94,95,96,97,98,99]
CFO=-366.40508299647814,STO=1
EsN0dB=nan,GRXdB=17,N0=0.00199526222422719
packet_number=456,correct=False,payload=[123,32,25,85,124,170,57,66,142,229,71,17,13,111,174,123,80,2,188,227,207,104,186,91,247,5,35,201,227,219,18,120,221,72,85,193,7,216,154,6,35,133,147,174,175,48,87,120,163,48,134,187,64,166,55,153,217,34,99,101,76,119,252,185,208,36,164,56,170,61,172,86,243,43,15,161,105,60,230,81,112,95,163,60,199,73,216,112,37,135,31,34,138,233,198,46,53,234,127,92]
CFO=-422.3395594670407,STO=6
EsN0dB=25.74,GRXdB=17,N0=0.00199526222422719
packet_number=457,correct=True,payload=[0,1,2,3,4,5,6,7,8,9,10,11,12,13,14,15,16,17,18,19,20,21,22,23,24,25,26,27,28,29,30,31,32,33,34,35,36,37,38,39,40,41,42,43,44,45,46,47,48,49,50,51,52,53,54,55,56,57,58,59,60,61,62,63,64,65,66,67,68,69,70,71,72,73,74,75,76,77,78,79,80,81,82,83,84,85,86,87,88,89,90,91,92,93,94,95,96,97,98,99]
CFO=-362.6647243681846,STO=5
EsN0dB=25.75,GRXdB=17,N0=0.00199526222422719
packet_number=458,correct=True,payload=[0,1,2,3,4,5,6,7,8,9,10,11,12,13,14,15,16,17,18,19,20,21,22,23,24,25,26,27,28,29,30,31,32,33,34,35,36,37,38,39,40,41,42,43,44,45,46,47,48,49,50,51,52,53,54,55,56,57,58,59,60,61,62,63,64,65,66,67,68,69,70,71,72,73,74,75,76,77,78,79,80,81,82,83,84,85,86,87,88,89,90,91,92,93,94,95,96,97,98,99]
CFO=-424.3659971454025,STO=5
EsN0dB=25.74,GRXdB=17,N0=0.00199526222422719
packet_number=459,correct=True,payload=[0,1,2,3,4,5,6,7,8,9,10,11,12,13,14,15,16,17,18,19,20,21,22,23,24,25,26,27,28,29,30,31,32,33,34,35,36,37,38,39,40,41,42,43,44,45,46,47,48,49,50,51,52,53,54,55,56,57,58,59,60,61,62,63,64,65,66,67,68,69,70,71,72,73,74,75,76,77,78,79,80,81,82,83,84,85,86,87,88,89,90,91,92,93,94,95,96,97,98,99]
CFO=-435.3249526629168,STO=1
EsN0dB=25.75,GRXdB=17,N0=0.00199526222422719
packet_number=460,correct=True,payload=[0,1,2,3,4,5,6,7,8,9,10,11,12,13,14,15,16,17,18,19,20,21,22,23,24,25,26,27,28,29,30,31,32,33,34,35,36,37,38,39,40,41,42,43,44,45,46,47,48,49,50,51,52,53,54,55,56,57,58,59,60,61,62,63,64,65,66,67,68,69,70,71,72,73,74,75,76,77,78,79,80,81,82,83,84,85,86,87,88,89,90,91,92,93,94,95,96,97,98,99]
CFO=-445.30417327643914,STO=4
EsN0dB=25.79,GRXdB=17,N0=0.00199526222422719
packet_number=461,correct=True,payload=[0,1,2,3,4,5,6,7,8,9,10,11,12,13,14,15,16,17,18,19,20,21,22,23,24,25,26,27,28,29,30,31,32,33,34,35,36,37,38,39,40,41,42,43,44,45,46,47,48,49,50,51,52,53,54,55,56,57,58,59,60,61,62,63,64,65,66,67,68,69,70,71,72,73,74,75,76,77,78,79,80,81,82,83,84,85,86,87,88,89,90,91,92,93,94,95,96,97,98,99]
CFO=-385.9352144443199,STO=4
EsN0dB=25.76,GRXdB=17,N0=0.00199526222422719
packet_number=462,correct=True,payload=[0,1,2,3,4,5,6,7,8,9,10,11,12,13,14,15,16,17,18,19,20,21,22,23,24,25,26,27,28,29,30,31,32,33,34,35,36,37,38,39,40,41,42,43,44,45,46,47,48,49,50,51,52,53,54,55,56,57,58,59,60,61,62,63,64,65,66,67,68,69,70,71,72,73,74,75,76,77,78,79,80,81,82,83,84,85,86,87,88,89,90,91,92,93,94,95,96,97,98,99]
CFO=347.1306389687378,STO=5
EsN0dB=nan,GRXdB=17,N0=0.00199526222422719
packet_number=463,correct=False,payload=[211,102,114,163,121,81,7,166,64,181,84,227,209,14,205,232,81,131,41,84,31,82,229,249,153,60,170,166,62,195,19,143,181,41,193,116,133,230,32,193,199,29,197,36,29,13,175,207,145,182,242,149,199,100,185,233,43,72,197,219,93,144,201,195,22,73,22,14,45,9,113,123,195,81,176,243,211,30,121,182,123,245,215,244,89,95,240,164,203,1,238,158,82,6,5,67,191,195,161,197]
CFO=-488.7706493097377,STO=5
EsN0dB=25.77,GRXdB=17,N0=0.00199526222422719
packet_number=464,correct=True,payload=[0,1,2,3,4,5,6,7,8,9,10,11,12,13,14,15,16,17,18,19,20,21,22,23,24,25,26,27,28,29,30,31,32,33,34,35,36,37,38,39,40,41,42,43,44,45,46,47,48,49,50,51,52,53,54,55,56,57,58,59,60,61,62,63,64,65,66,67,68,69,70,71,72,73,74,75,76,77,78,79,80,81,82,83,84,85,86,87,88,89,90,91,92,93,94,95,96,97,98,99]
CFO=-478.56357785437194,STO=2
EsN0dB=25.76,GRXdB=17,N0=0.00199526222422719
packet_number=465,correct=True,payload=[0,1,2,3,4,5,6,7,8,9,10,11,12,13,14,15,16,17,18,19,20,21,22,23,24,25,26,27,28,29,30,31,32,33,34,35,36,37,38,39,40,41,42,43,44,45,46,47,48,49,50,51,52,53,54,55,56,57,58,59,60,61,62,63,64,65,66,67,68,69,70,71,72,73,74,75,76,77,78,79,80,81,82,83,84,85,86,87,88,89,90,91,92,93,94,95,96,97,98,99]
CFO=-450.56662058852237,STO=3
EsN0dB=25.75,GRXdB=17,N0=0.00199526222422719
packet_number=466,correct=True,payload=[0,1,2,3,4,5,6,7,8,9,10,11,12,13,14,15,16,17,18,19,20,21,22,23,24,25,26,27,28,29,30,31,32,33,34,35,36,37,38,39,40,41,42,43,44,45,46,47,48,49,50,51,52,53,54,55,56,57,58,59,60,61,62,63,64,65,66,67,68,69,70,71,72,73,74,75,76,77,78,79,80,81,82,83,84,85,86,87,88,89,90,91,92,93,94,95,96,97,98,99]
CFO=-451.97235296809197,STO=4
EsN0dB=25.75,GRXdB=17,N0=0.00199526222422719
packet_number=467,correct=True,payload=[0,1,2,3,4,5,6,7,8,9,10,11,12,13,14,15,16,17,18,19,20,21,22,23,24,25,26,27,28,29,30,31,32,33,34,35,36,37,38,39,40,41,42,43,44,45,46,47,48,49,50,51,52,53,54,55,56,57,58,59,60,61,62,63,64,65,66,67,68,69,70,71,72,73,74,75,76,77,78,79,80,81,82,83,84,85,86,87,88,89,90,91,92,93,94,95,96,97,98,99]
CFO=-1039.7103682070353,STO=7
EsN0dB=nan,GRXdB=17,N0=0.00199526222422719
packet_number=468,correct=False,payload=[20,124,174,81,166,61,193,12,19,90,241,58,141,123,239,23,113,125,115,239,93,192,18,2,13,157,49,5,14,116,244,94,180,157,163,62,225,56,199,47,220,147,186,150,119,207,56,183,31,16,61,154,147,30,34,83,128,173,144,189,34,15,162,128,237,62,147,146,152,145,89,225,7,222,123,242,214,147,117,242,73,190,18,120,115,80,130,234,76,170,240,125,184,38,192,89,33,231,197,135]
CFO=-453.59956253207633,STO=5
EsN0dB=25.75,GRXdB=17,N0=0.00199526222422719
packet_number=469,correct=True,payload=[0,1,2,3,4,5,6,7,8,9,10,11,12,13,14,15,16,17,18,19,20,21,22,23,24,25,26,27,28,29,30,31,32,33,34,35,36,37,38,39,40,41,42,43,44,45,46,47,48,49,50,51,52,53,54,55,56,57,58,59,60,61,62,63,64,65,66,67,68,69,70,71,72,73,74,75,76,77,78,79,80,81,82,83,84,85,86,87,88,89,90,91,92,93,94,95,96,97,98,99]
CFO=-399.5251268136114,STO=5
EsN0dB=25.74,GRXdB=17,N0=0.00199526222422719
packet_number=470,correct=True,payload=[0,1,2,3,4,5,6,7,8,9,10,11,12,13,14,15,16,17,18,19,20,21,22,23,24,25,26,27,28,29,30,31,32,33,34,35,36,37,38,39,40,41,42,43,44,45,46,47,48,49,50,51,52,53,54,55,56,57,58,59,60,61,62,63,64,65,66,67,68,69,70,71,72,73,74,75,76,77,78,79,80,81,82,83,84,85,86,87,88,89,90,91,92,93,94,95,96,97,98,99]
CFO=-470.7256096876813,STO=4
EsN0dB=25.76,GRXdB=17,N0=0.00199526222422719
packet_number=471,correct=True,payload=[0,1,2,3,4,5,6,7,8,9,10,11,12,13,14,15,16,17,18,19,20,21,22,23,24,25,26,27,28,29,30,31,32,33,34,35,36,37,38,39,40,41,42,43,44,45,46,47,48,49,50,51,52,53,54,55,56,57,58,59,60,61,62,63,64,65,66,67,68,69,70,71,72,73,74,75,76,77,78,79,80,81,82,83,84,85,86,87,88,89,90,91,92,93,94,95,96,97,98,99]
CFO=-437.6467130171105,STO=4
EsN0dB=25.77,GRXdB=17,N0=0.00199526222422719
packet_number=472,correct=True,payload=[0,1,2,3,4,5,6,7,8,9,10,11,12,13,14,15,16,17,18,19,20,21,22,23,24,25,26,27,28,29,30,31,32,33,34,35,36,37,38,39,40,41,42,43,44,45,46,47,48,49,50,51,52,53,54,55,56,57,58,59,60,61,62,63,64,65,66,67,68,69,70,71,72,73,74,75,76,77,78,79,80,81,82,83,84,85,86,87,88,89,90,91,92,93,94,95,96,97,98,99]
CFO=-426.28903334882943,STO=4
EsN0dB=25.76,GRXdB=17,N0=0.00199526222422719
packet_number=473,correct=True,payload=[0,1,2,3,4,5,6,7,8,9,10,11,12,13,14,15,16,17,18,19,20,21,22,23,24,25,26,27,28,29,30,31,32,33,34,35,36,37,38,39,40,41,42,43,44,45,46,47,48,49,50,51,52,53,54,55,56,57,58,59,60,61,62,63,64,65,66,67,68,69,70,71,72,73,74,75,76,77,78,79,80,81,82,83,84,85,86,87,88,89,90,91,92,93,94,95,96,97,98,99]
CFO=-429.04443956751504,STO=4
EsN0dB=25.76,GRXdB=17,N0=0.00199526222422719
packet_number=474,correct=True,payload=[0,1,2,3,4,5,6,7,8,9,10,11,12,13,14,15,16,17,18,19,20,21,22,23,24,25,26,27,28,29,30,31,32,33,34,35,36,37,38,39,40,41,42,43,44,45,46,47,48,49,50,51,52,53,54,55,56,57,58,59,60,61,62,63,64,65,66,67,68,69,70,71,72,73,74,75,76,77,78,79,80,81,82,83,84,85,86,87,88,89,90,91,92,93,94,95,96,97,98,99]
CFO=-471.93387726663696,STO=4
EsN0dB=25.78,GRXdB=17,N0=0.00199526222422719
packet_number=475,correct=True,payload=[0,1,2,3,4,5,6,7,8,9,10,11,12,13,14,15,16,17,18,19,20,21,22,23,24,25,26,27,28,29,30,31,32,33,34,35,36,37,38,39,40,41,42,43,44,45,46,47,48,49,50,51,52,53,54,55,56,57,58,59,60,61,62,63,64,65,66,67,68,69,70,71,72,73,74,75,76,77,78,79,80,81,82,83,84,85,86,87,88,89,90,91,92,93,94,95,96,97,98,99]
CFO=-448.86357932359664,STO=3
EsN0dB=25.74,GRXdB=17,N0=0.00199526222422719
packet_number=476,correct=True,payload=[0,1,2,3,4,5,6,7,8,9,10,11,12,13,14,15,16,17,18,19,20,21,22,23,24,25,26,27,28,29,30,31,32,33,34,35,36,37,38,39,40,41,42,43,44,45,46,47,48,49,50,51,52,53,54,55,56,57,58,59,60,61,62,63,64,65,66,67,68,69,70,71,72,73,74,75,76,77,78,79,80,81,82,83,84,85,86,87,88,89,90,91,92,93,94,95,96,97,98,99]
CFO=-413.58479255785085,STO=2
EsN0dB=25.77,GRXdB=17,N0=0.00199526222422719
packet_number=477,correct=True,payload=[0,1,2,3,4,5,6,7,8,9,10,11,12,13,14,15,16,17,18,19,20,21,22,23,24,25,26,27,28,29,30,31,32,33,34,35,36,37,38,39,40,41,42,43,44,45,46,47,48,49,50,51,52,53,54,55,56,57,58,59,60,61,62,63,64,65,66,67,68,69,70,71,72,73,74,75,76,77,78,79,80,81,82,83,84,85,86,87,88,89,90,91,92,93,94,95,96,97,98,99]
CFO=-422.0097004614212,STO=4
EsN0dB=25.74,GRXdB=17,N0=0.00199526222422719
packet_number=478,correct=True,payload=[0,1,2,3,4,5,6,7,8,9,10,11,12,13,14,15,16,17,18,19,20,21,22,23,24,25,26,27,28,29,30,31,32,33,34,35,36,37,38,39,40,41,42,43,44,45,46,47,48,49,50,51,52,53,54,55,56,57,58,59,60,61,62,63,64,65,66,67,68,69,70,71,72,73,74,75,76,77,78,79,80,81,82,83,84,85,86,87,88,89,90,91,92,93,94,95,96,97,98,99]
CFO=-477.09321955296804,STO=6
EsN0dB=25.75,GRXdB=17,N0=0.00199526222422719
packet_number=479,correct=True,payload=[0,1,2,3,4,5,6,7,8,9,10,11,12,13,14,15,16,17,18,19,20,21,22,23,24,25,26,27,28,29,30,31,32,33,34,35,36,37,38,39,40,41,42,43,44,45,46,47,48,49,50,51,52,53,54,55,56,57,58,59,60,61,62,63,64,65,66,67,68,69,70,71,72,73,74,75,76,77,78,79,80,81,82,83,84,85,86,87,88,89,90,91,92,93,94,95,96,97,98,99]
CFO=-394.4555789847281,STO=2
EsN0dB=25.78,GRXdB=17,N0=0.00199526222422719
packet_number=480,correct=True,payload=[0,1,2,3,4,5,6,7,8,9,10,11,12,13,14,15,16,17,18,19,20,21,22,23,24,25,26,27,28,29,30,31,32,33,34,35,36,37,38,39,40,41,42,43,44,45,46,47,48,49,50,51,52,53,54,55,56,57,58,59,60,61,62,63,64,65,66,67,68,69,70,71,72,73,74,75,76,77,78,79,80,81,82,83,84,85,86,87,88,89,90,91,92,93,94,95,96,97,98,99]
CFO=-441.7060509660176,STO=4
EsN0dB=25.76,GRXdB=17,N0=0.00199526222422719
packet_number=481,correct=True,payload=[0,1,2,3,4,5,6,7,8,9,10,11,12,13,14,15,16,17,18,19,20,21,22,23,24,25,26,27,28,29,30,31,32,33,34,35,36,37,38,39,40,41,42,43,44,45,46,47,48,49,50,51,52,53,54,55,56,57,58,59,60,61,62,63,64,65,66,67,68,69,70,71,72,73,74,75,76,77,78,79,80,81,82,83,84,85,86,87,88,89,90,91,92,93,94,95,96,97,98,99]
CFO=-456.248187755144,STO=4
EsN0dB=25.77,GRXdB=17,N0=0.00199526222422719
packet_number=482,correct=True,payload=[0,1,2,3,4,5,6,7,8,9,10,11,12,13,14,15,16,17,18,19,20,21,22,23,24,25,26,27,28,29,30,31,32,33,34,35,36,37,38,39,40,41,42,43,44,45,46,47,48,49,50,51,52,53,54,55,56,57,58,59,60,61,62,63,64,65,66,67,68,69,70,71,72,73,74,75,76,77,78,79,80,81,82,83,84,85,86,87,88,89,90,91,92,93,94,95,96,97,98,99]
CFO=-433.2013389424573,STO=5
EsN0dB=25.73,GRXdB=17,N0=0.00199526222422719
packet_number=483,correct=True,payload=[0,1,2,3,4,5,6,7,8,9,10,11,12,13,14,15,16,17,18,19,20,21,22,23,24,25,26,27,28,29,30,31,32,33,34,35,36,37,38,39,40,41,42,43,44,45,46,47,48,49,50,51,52,53,54,55,56,57,58,59,60,61,62,63,64,65,66,67,68,69,70,71,72,73,74,75,76,77,78,79,80,81,82,83,84,85,86,87,88,89,90,91,92,93,94,95,96,97,98,99]
CFO=-436.8653322612807,STO=4
EsN0dB=25.75,GRXdB=17,N0=0.00199526222422719
packet_number=484,correct=True,payload=[0,1,2,3,4,5,6,7,8,9,10,11,12,13,14,15,16,17,18,19,20,21,22,23,24,25,26,27,28,29,30,31,32,33,34,35,36,37,38,39,40,41,42,43,44,45,46,47,48,49,50,51,52,53,54,55,56,57,58,59,60,61,62,63,64,65,66,67,68,69,70,71,72,73,74,75,76,77,78,79,80,81,82,83,84,85,86,87,88,89,90,91,92,93,94,95,96,97,98,99]
CFO=-437.262485231379,STO=3
EsN0dB=25.77,GRXdB=17,N0=0.00199526222422719
packet_number=485,correct=True,payload=[0,1,2,3,4,5,6,7,8,9,10,11,12,13,14,15,16,17,18,19,20,21,22,23,24,25,26,27,28,29,30,31,32,33,34,35,36,37,38,39,40,41,42,43,44,45,46,47,48,49,50,51,52,53,54,55,56,57,58,59,60,61,62,63,64,65,66,67,68,69,70,71,72,73,74,75,76,77,78,79,80,81,82,83,84,85,86,87,88,89,90,91,92,93,94,95,96,97,98,99]
CFO=-428.2781184301677,STO=4
EsN0dB=25.78,GRXdB=17,N0=0.00199526222422719
packet_number=486,correct=True,payload=[0,1,2,3,4,5,6,7,8,9,10,11,12,13,14,15,16,17,18,19,20,21,22,23,24,25,26,27,28,29,30,31,32,33,34,35,36,37,38,39,40,41,42,43,44,45,46,47,48,49,50,51,52,53,54,55,56,57,58,59,60,61,62,63,64,65,66,67,68,69,70,71,72,73,74,75,76,77,78,79,80,81,82,83,84,85,86,87,88,89,90,91,92,93,94,95,96,97,98,99]
CFO=-451.94789591051705,STO=2
EsN0dB=25.74,GRXdB=17,N0=0.00199526222422719
packet_number=487,correct=True,payload=[0,1,2,3,4,5,6,7,8,9,10,11,12,13,14,15,16,17,18,19,20,21,22,23,24,25,26,27,28,29,30,31,32,33,34,35,36,37,38,39,40,41,42,43,44,45,46,47,48,49,50,51,52,53,54,55,56,57,58,59,60,61,62,63,64,65,66,67,68,69,70,71,72,73,74,75,76,77,78,79,80,81,82,83,84,85,86,87,88,89,90,91,92,93,94,95,96,97,98,99]
CFO=-441.82878092766623,STO=3
EsN0dB=25.76,GRXdB=17,N0=0.00199526222422719
packet_number=488,correct=True,payload=[0,1,2,3,4,5,6,7,8,9,10,11,12,13,14,15,16,17,18,19,20,21,22,23,24,25,26,27,28,29,30,31,32,33,34,35,36,37,38,39,40,41,42,43,44,45,46,47,48,49,50,51,52,53,54,55,56,57,58,59,60,61,62,63,64,65,66,67,68,69,70,71,72,73,74,75,76,77,78,79,80,81,82,83,84,85,86,87,88,89,90,91,92,93,94,95,96,97,98,99]
CFO=-385.1588733245964,STO=4
EsN0dB=25.74,GRXdB=17,N0=0.00199526222422719
packet_number=489,correct=True,payload=[0,1,2,3,4,5,6,7,8,9,10,11,12,13,14,15,16,17,18,19,20,21,22,23,24,25,26,27,28,29,30,31,32,33,34,35,36,37,38,39,40,41,42,43,44,45,46,47,48,49,50,51,52,53,54,55,56,57,58,59,60,61,62,63,64,65,66,67,68,69,70,71,72,73,74,75,76,77,78,79,80,81,82,83,84,85,86,87,88,89,90,91,92,93,94,95,96,97,98,99]
CFO=-432.628688056185,STO=4
EsN0dB=25.76,GRXdB=17,N0=0.00199526222422719
packet_number=490,correct=True,payload=[0,1,2,3,4,5,6,7,8,9,10,11,12,13,14,15,16,17,18,19,20,21,22,23,24,25,26,27,28,29,30,31,32,33,34,35,36,37,38,39,40,41,42,43,44,45,46,47,48,49,50,51,52,53,54,55,56,57,58,59,60,61,62,63,64,65,66,67,68,69,70,71,72,73,74,75,76,77,78,79,80,81,82,83,84,85,86,87,88,89,90,91,92,93,94,95,96,97,98,99]
CFO=-505.54255827165787,STO=0
EsN0dB=25.76,GRXdB=17,N0=0.00199526222422719
packet_number=491,correct=True,payload=[0,1,2,3,4,5,6,7,8,9,10,11,12,13,14,15,16,17,18,19,20,21,22,23,24,25,26,27,28,29,30,31,32,33,34,35,36,37,38,39,40,41,42,43,44,45,46,47,48,49,50,51,52,53,54,55,56,57,58,59,60,61,62,63,64,65,66,67,68,69,70,71,72,73,74,75,76,77,78,79,80,81,82,83,84,85,86,87,88,89,90,91,92,93,94,95,96,97,98,99]
CFO=-449.32316449157713,STO=3
EsN0dB=25.73,GRXdB=17,N0=0.00199526222422719
packet_number=492,correct=True,payload=[0,1,2,3,4,5,6,7,8,9,10,11,12,13,14,15,16,17,18,19,20,21,22,23,24,25,26,27,28,29,30,31,32,33,34,35,36,37,38,39,40,41,42,43,44,45,46,47,48,49,50,51,52,53,54,55,56,57,58,59,60,61,62,63,64,65,66,67,68,69,70,71,72,73,74,75,76,77,78,79,80,81,82,83,84,85,86,87,88,89,90,91,92,93,94,95,96,97,98,99]
CFO=-394.32318477972257,STO=4
EsN0dB=25.75,GRXdB=17,N0=0.00199526222422719
packet_number=493,correct=True,payload=[0,1,2,3,4,5,6,7,8,9,10,11,12,13,14,15,16,17,18,19,20,21,22,23,24,25,26,27,28,29,30,31,32,33,34,35,36,37,38,39,40,41,42,43,44,45,46,47,48,49,50,51,52,53,54,55,56,57,58,59,60,61,62,63,64,65,66,67,68,69,70,71,72,73,74,75,76,77,78,79,80,81,82,83,84,85,86,87,88,89,90,91,92,93,94,95,96,97,98,99]
CFO=1425.318895651991,STO=0
EsN0dB=-5.69,GRXdB=17,N0=0.00199526222422719
packet_number=494,correct=False,payload=[136,102,63,154,207,1,96,23,220,15,4,22,208,19,178,200,198,28,236,4,176,91,165,137,49,104,160,6,253,141,179,161,32,11,202,114,146,252,19,202,15,55,81,237,116,119,1,145,94,34,89,55,195,149,43,75,175,49,99,47,221,248,234,244,115,70,186,154,157,179,109,129,72,213,44,193,188,216,73,180,169,157,208,234,171,177,178,224,173,41,180,69,23,166,155,244,251,106,142,155]
CFO=-394.55008698418123,STO=3
EsN0dB=25.76,GRXdB=17,N0=0.00199526222422719
packet_number=495,correct=True,payload=[0,1,2,3,4,5,6,7,8,9,10,11,12,13,14,15,16,17,18,19,20,21,22,23,24,25,26,27,28,29,30,31,32,33,34,35,36,37,38,39,40,41,42,43,44,45,46,47,48,49,50,51,52,53,54,55,56,57,58,59,60,61,62,63,64,65,66,67,68,69,70,71,72,73,74,75,76,77,78,79,80,81,82,83,84,85,86,87,88,89,90,91,92,93,94,95,96,97,98,99]
CFO=-471.10882954619154,STO=3
EsN0dB=25.75,GRXdB=17,N0=0.00199526222422719
packet_number=496,correct=True,payload=[0,1,2,3,4,5,6,7,8,9,10,11,12,13,14,15,16,17,18,19,20,21,22,23,24,25,26,27,28,29,30,31,32,33,34,35,36,37,38,39,40,41,42,43,44,45,46,47,48,49,50,51,52,53,54,55,56,57,58,59,60,61,62,63,64,65,66,67,68,69,70,71,72,73,74,75,76,77,78,79,80,81,82,83,84,85,86,87,88,89,90,91,92,93,94,95,96,97,98,99]
CFO=-458.11380175187685,STO=5
EsN0dB=25.77,GRXdB=17,N0=0.00199526222422719
packet_number=497,correct=True,payload=[0,1,2,3,4,5,6,7,8,9,10,11,12,13,14,15,16,17,18,19,20,21,22,23,24,25,26,27,28,29,30,31,32,33,34,35,36,37,38,39,40,41,42,43,44,45,46,47,48,49,50,51,52,53,54,55,56,57,58,59,60,61,62,63,64,65,66,67,68,69,70,71,72,73,74,75,76,77,78,79,80,81,82,83,84,85,86,87,88,89,90,91,92,93,94,95,96,97,98,99]
CFO=-468.4436328138095,STO=0
EsN0dB=25.76,GRXdB=17,N0=0.00199526222422719
packet_number=498,correct=True,payload=[0,1,2,3,4,5,6,7,8,9,10,11,12,13,14,15,16,17,18,19,20,21,22,23,24,25,26,27,28,29,30,31,32,33,34,35,36,37,38,39,40,41,42,43,44,45,46,47,48,49,50,51,52,53,54,55,56,57,58,59,60,61,62,63,64,65,66,67,68,69,70,71,72,73,74,75,76,77,78,79,80,81,82,83,84,85,86,87,88,89,90,91,92,93,94,95,96,97,98,99]
CFO=-379.61954247584686,STO=4
EsN0dB=25.74,GRXdB=17,N0=0.00199526222422719
packet_number=499,correct=True,payload=[0,1,2,3,4,5,6,7,8,9,10,11,12,13,14,15,16,17,18,19,20,21,22,23,24,25,26,27,28,29,30,31,32,33,34,35,36,37,38,39,40,41,42,43,44,45,46,47,48,49,50,51,52,53,54,55,56,57,58,59,60,61,62,63,64,65,66,67,68,69,70,71,72,73,74,75,76,77,78,79,80,81,82,83,84,85,86,87,88,89,90,91,92,93,94,95,96,97,98,99]
CFO=-390.8318138200007,STO=3
EsN0dB=25.77,GRXdB=17,N0=0.00199526222422719
packet_number=500,correct=True,payload=[0,1,2,3,4,5,6,7,8,9,10,11,12,13,14,15,16,17,18,19,20,21,22,23,24,25,26,27,28,29,30,31,32,33,34,35,36,37,38,39,40,41,42,43,44,45,46,47,48,49,50,51,52,53,54,55,56,57,58,59,60,61,62,63,64,65,66,67,68,69,70,71,72,73,74,75,76,77,78,79,80,81,82,83,84,85,86,87,88,89,90,91,92,93,94,95,96,97,98,99]
CFO=-446.32123113253635,STO=5
EsN0dB=25.75,GRXdB=17,N0=0.00199526222422719
packet_number=501,correct=True,payload=[0,1,2,3,4,5,6,7,8,9,10,11,12,13,14,15,16,17,18,19,20,21,22,23,24,25,26,27,28,29,30,31,32,33,34,35,36,37,38,39,40,41,42,43,44,45,46,47,48,49,50,51,52,53,54,55,56,57,58,59,60,61,62,63,64,65,66,67,68,69,70,71,72,73,74,75,76,77,78,79,80,81,82,83,84,85,86,87,88,89,90,91,92,93,94,95,96,97,98,99]
CFO=-456.9752886656167,STO=1
EsN0dB=25.75,GRXdB=17,N0=0.00199526222422719
packet_number=502,correct=True,payload=[0,1,2,3,4,5,6,7,8,9,10,11,12,13,14,15,16,17,18,19,20,21,22,23,24,25,26,27,28,29,30,31,32,33,34,35,36,37,38,39,40,41,42,43,44,45,46,47,48,49,50,51,52,53,54,55,56,57,58,59,60,61,62,63,64,65,66,67,68,69,70,71,72,73,74,75,76,77,78,79,80,81,82,83,84,85,86,87,88,89,90,91,92,93,94,95,96,97,98,99]
CFO=-407.71435761691436,STO=4
EsN0dB=25.75,GRXdB=17,N0=0.00199526222422719
packet_number=503,correct=True,payload=[0,1,2,3,4,5,6,7,8,9,10,11,12,13,14,15,16,17,18,19,20,21,22,23,24,25,26,27,28,29,30,31,32,33,34,35,36,37,38,39,40,41,42,43,44,45,46,47,48,49,50,51,52,53,54,55,56,57,58,59,60,61,62,63,64,65,66,67,68,69,70,71,72,73,74,75,76,77,78,79,80,81,82,83,84,85,86,87,88,89,90,91,92,93,94,95,96,97,98,99]
CFO=-370.45748403450943,STO=3
EsN0dB=25.75,GRXdB=17,N0=0.00199526222422719
packet_number=504,correct=True,payload=[0,1,2,3,4,5,6,7,8,9,10,11,12,13,14,15,16,17,18,19,20,21,22,23,24,25,26,27,28,29,30,31,32,33,34,35,36,37,38,39,40,41,42,43,44,45,46,47,48,49,50,51,52,53,54,55,56,57,58,59,60,61,62,63,64,65,66,67,68,69,70,71,72,73,74,75,76,77,78,79,80,81,82,83,84,85,86,87,88,89,90,91,92,93,94,95,96,97,98,99]
CFO=-459.1603563016553,STO=4
EsN0dB=25.77,GRXdB=17,N0=0.00199526222422719
packet_number=505,correct=True,payload=[0,1,2,3,4,5,6,7,8,9,10,11,12,13,14,15,16,17,18,19,20,21,22,23,24,25,26,27,28,29,30,31,32,33,34,35,36,37,38,39,40,41,42,43,44,45,46,47,48,49,50,51,52,53,54,55,56,57,58,59,60,61,62,63,64,65,66,67,68,69,70,71,72,73,74,75,76,77,78,79,80,81,82,83,84,85,86,87,88,89,90,91,92,93,94,95,96,97,98,99]
CFO=-491.31053697258136,STO=4
EsN0dB=25.77,GRXdB=17,N0=0.00199526222422719
packet_number=506,correct=True,payload=[0,1,2,3,4,5,6,7,8,9,10,11,12,13,14,15,16,17,18,19,20,21,22,23,24,25,26,27,28,29,30,31,32,33,34,35,36,37,38,39,40,41,42,43,44,45,46,47,48,49,50,51,52,53,54,55,56,57,58,59,60,61,62,63,64,65,66,67,68,69,70,71,72,73,74,75,76,77,78,79,80,81,82,83,84,85,86,87,88,89,90,91,92,93,94,95,96,97,98,99]
CFO=-420.30535482009145,STO=4
EsN0dB=25.75,GRXdB=17,N0=0.00199526222422719
packet_number=507,correct=True,payload=[0,1,2,3,4,5,6,7,8,9,10,11,12,13,14,15,16,17,18,19,20,21,22,23,24,25,26,27,28,29,30,31,32,33,34,35,36,37,38,39,40,41,42,43,44,45,46,47,48,49,50,51,52,53,54,55,56,57,58,59,60,61,62,63,64,65,66,67,68,69,70,71,72,73,74,75,76,77,78,79,80,81,82,83,84,85,86,87,88,89,90,91,92,93,94,95,96,97,98,99]
CFO=-466.6690287161736,STO=6
EsN0dB=25.76,GRXdB=17,N0=0.00199526222422719
packet_number=508,correct=True,payload=[0,1,2,3,4,5,6,7,8,9,10,11,12,13,14,15,16,17,18,19,20,21,22,23,24,25,26,27,28,29,30,31,32,33,34,35,36,37,38,39,40,41,42,43,44,45,46,47,48,49,50,51,52,53,54,55,56,57,58,59,60,61,62,63,64,65,66,67,68,69,70,71,72,73,74,75,76,77,78,79,80,81,82,83,84,85,86,87,88,89,90,91,92,93,94,95,96,97,98,99]
CFO=-492.20308617193353,STO=1
EsN0dB=25.76,GRXdB=17,N0=0.00199526222422719
packet_number=509,correct=True,payload=[0,1,2,3,4,5,6,7,8,9,10,11,12,13,14,15,16,17,18,19,20,21,22,23,24,25,26,27,28,29,30,31,32,33,34,35,36,37,38,39,40,41,42,43,44,45,46,47,48,49,50,51,52,53,54,55,56,57,58,59,60,61,62,63,64,65,66,67,68,69,70,71,72,73,74,75,76,77,78,79,80,81,82,83,84,85,86,87,88,89,90,91,92,93,94,95,96,97,98,99]
CFO=-437.29287127260847,STO=4
EsN0dB=24.74,GRXdB=17,N0=0.002511886414140463
packet_number=510,correct=True,payload=[0,1,2,3,4,5,6,7,8,9,10,11,12,13,14,15,16,17,18,19,20,21,22,23,24,25,26,27,28,29,30,31,32,33,34,35,36,37,38,39,40,41,42,43,44,45,46,47,48,49,50,51,52,53,54,55,56,57,58,59,60,61,62,63,64,65,66,67,68,69,70,71,72,73,74,75,76,77,78,79,80,81,82,83,84,85,86,87,88,89,90,91,92,93,94,95,96,97,98,99]
CFO=-405.27416581422153,STO=4
EsN0dB=24.77,GRXdB=17,N0=0.002511886414140463
packet_number=511,correct=True,payload=[0,1,2,3,4,5,6,7,8,9,10,11,12,13,14,15,16,17,18,19,20,21,22,23,24,25,26,27,28,29,30,31,32,33,34,35,36,37,38,39,40,41,42,43,44,45,46,47,48,49,50,51,52,53,54,55,56,57,58,59,60,61,62,63,64,65,66,67,68,69,70,71,72,73,74,75,76,77,78,79,80,81,82,83,84,85,86,87,88,89,90,91,92,93,94,95,96,97,98,99]
CFO=-433.70367208258693,STO=7
EsN0dB=24.77,GRXdB=17,N0=0.002511886414140463
packet_number=512,correct=True,payload=[0,1,2,3,4,5,6,7,8,9,10,11,12,13,14,15,16,17,18,19,20,21,22,23,24,25,26,27,28,29,30,31,32,33,34,35,36,37,38,39,40,41,42,43,44,45,46,47,48,49,50,51,52,53,54,55,56,57,58,59,60,61,62,63,64,65,66,67,68,69,70,71,72,73,74,75,76,77,78,79,80,81,82,83,84,85,86,87,88,89,90,91,92,93,94,95,96,97,98,99]
CFO=-453.95032120507807,STO=3
EsN0dB=24.77,GRXdB=17,N0=0.002511886414140463
packet_number=513,correct=True,payload=[0,1,2,3,4,5,6,7,8,9,10,11,12,13,14,15,16,17,18,19,20,21,22,23,24,25,26,27,28,29,30,31,32,33,34,35,36,37,38,39,40,41,42,43,44,45,46,47,48,49,50,51,52,53,54,55,56,57,58,59,60,61,62,63,64,65,66,67,68,69,70,71,72,73,74,75,76,77,78,79,80,81,82,83,84,85,86,87,88,89,90,91,92,93,94,95,96,97,98,99]
CFO=-456.6743631002313,STO=3
EsN0dB=24.78,GRXdB=17,N0=0.002511886414140463
packet_number=514,correct=True,payload=[0,1,2,3,4,5,6,7,8,9,10,11,12,13,14,15,16,17,18,19,20,21,22,23,24,25,26,27,28,29,30,31,32,33,34,35,36,37,38,39,40,41,42,43,44,45,46,47,48,49,50,51,52,53,54,55,56,57,58,59,60,61,62,63,64,65,66,67,68,69,70,71,72,73,74,75,76,77,78,79,80,81,82,83,84,85,86,87,88,89,90,91,92,93,94,95,96,97,98,99]
CFO=-467.625106975384,STO=4
EsN0dB=24.77,GRXdB=17,N0=0.002511886414140463
packet_number=515,correct=True,payload=[0,1,2,3,4,5,6,7,8,9,10,11,12,13,14,15,16,17,18,19,20,21,22,23,24,25,26,27,28,29,30,31,32,33,34,35,36,37,38,39,40,41,42,43,44,45,46,47,48,49,50,51,52,53,54,55,56,57,58,59,60,61,62,63,64,65,66,67,68,69,70,71,72,73,74,75,76,77,78,79,80,81,82,83,84,85,86,87,88,89,90,91,92,93,94,95,96,97,98,99]
CFO=-446.6204965824985,STO=1
EsN0dB=24.77,GRXdB=17,N0=0.002511886414140463
packet_number=516,correct=True,payload=[0,1,2,3,4,5,6,7,8,9,10,11,12,13,14,15,16,17,18,19,20,21,22,23,24,25,26,27,28,29,30,31,32,33,34,35,36,37,38,39,40,41,42,43,44,45,46,47,48,49,50,51,52,53,54,55,56,57,58,59,60,61,62,63,64,65,66,67,68,69,70,71,72,73,74,75,76,77,78,79,80,81,82,83,84,85,86,87,88,89,90,91,92,93,94,95,96,97,98,99]
CFO=-414.4178444062299,STO=5
EsN0dB=24.76,GRXdB=17,N0=0.002511886414140463
packet_number=517,correct=True,payload=[0,1,2,3,4,5,6,7,8,9,10,11,12,13,14,15,16,17,18,19,20,21,22,23,24,25,26,27,28,29,30,31,32,33,34,35,36,37,38,39,40,41,42,43,44,45,46,47,48,49,50,51,52,53,54,55,56,57,58,59,60,61,62,63,64,65,66,67,68,69,70,71,72,73,74,75,76,77,78,79,80,81,82,83,84,85,86,87,88,89,90,91,92,93,94,95,96,97,98,99]
CFO=-459.0162227090138,STO=4
EsN0dB=24.76,GRXdB=17,N0=0.002511886414140463
packet_number=518,correct=True,payload=[0,1,2,3,4,5,6,7,8,9,10,11,12,13,14,15,16,17,18,19,20,21,22,23,24,25,26,27,28,29,30,31,32,33,34,35,36,37,38,39,40,41,42,43,44,45,46,47,48,49,50,51,52,53,54,55,56,57,58,59,60,61,62,63,64,65,66,67,68,69,70,71,72,73,74,75,76,77,78,79,80,81,82,83,84,85,86,87,88,89,90,91,92,93,94,95,96,97,98,99]
CFO=-443.84786666629645,STO=5
EsN0dB=24.77,GRXdB=17,N0=0.002511886414140463
packet_number=519,correct=True,payload=[0,1,2,3,4,5,6,7,8,9,10,11,12,13,14,15,16,17,18,19,20,21,22,23,24,25,26,27,28,29,30,31,32,33,34,35,36,37,38,39,40,41,42,43,44,45,46,47,48,49,50,51,52,53,54,55,56,57,58,59,60,61,62,63,64,65,66,67,68,69,70,71,72,73,74,75,76,77,78,79,80,81,82,83,84,85,86,87,88,89,90,91,92,93,94,95,96,97,98,99]
CFO=-457.25199433277334,STO=1
EsN0dB=24.76,GRXdB=17,N0=0.002511886414140463
packet_number=520,correct=True,payload=[0,1,2,3,4,5,6,7,8,9,10,11,12,13,14,15,16,17,18,19,20,21,22,23,24,25,26,27,28,29,30,31,32,33,34,35,36,37,38,39,40,41,42,43,44,45,46,47,48,49,50,51,52,53,54,55,56,57,58,59,60,61,62,63,64,65,66,67,68,69,70,71,72,73,74,75,76,77,78,79,80,81,82,83,84,85,86,87,88,89,90,91,92,93,94,95,96,97,98,99]
CFO=-417.86880934234614,STO=4
EsN0dB=24.76,GRXdB=17,N0=0.002511886414140463
packet_number=521,correct=True,payload=[0,1,2,3,4,5,6,7,8,9,10,11,12,13,14,15,16,17,18,19,20,21,22,23,24,25,26,27,28,29,30,31,32,33,34,35,36,37,38,39,40,41,42,43,44,45,46,47,48,49,50,51,52,53,54,55,56,57,58,59,60,61,62,63,64,65,66,67,68,69,70,71,72,73,74,75,76,77,78,79,80,81,82,83,84,85,86,87,88,89,90,91,92,93,94,95,96,97,98,99]
CFO=-418.3197974840276,STO=4
EsN0dB=24.76,GRXdB=17,N0=0.002511886414140463
packet_number=522,correct=True,payload=[0,1,2,3,4,5,6,7,8,9,10,11,12,13,14,15,16,17,18,19,20,21,22,23,24,25,26,27,28,29,30,31,32,33,34,35,36,37,38,39,40,41,42,43,44,45,46,47,48,49,50,51,52,53,54,55,56,57,58,59,60,61,62,63,64,65,66,67,68,69,70,71,72,73,74,75,76,77,78,79,80,81,82,83,84,85,86,87,88,89,90,91,92,93,94,95,96,97,98,99]
CFO=-472.6341198811546,STO=5
EsN0dB=24.79,GRXdB=17,N0=0.002511886414140463
packet_number=523,correct=True,payload=[0,1,2,3,4,5,6,7,8,9,10,11,12,13,14,15,16,17,18,19,20,21,22,23,24,25,26,27,28,29,30,31,32,33,34,35,36,37,38,39,40,41,42,43,44,45,46,47,48,49,50,51,52,53,54,55,56,57,58,59,60,61,62,63,64,65,66,67,68,69,70,71,72,73,74,75,76,77,78,79,80,81,82,83,84,85,86,87,88,89,90,91,92,93,94,95,96,97,98,99]
CFO=-471.97351252236746,STO=4
EsN0dB=24.77,GRXdB=17,N0=0.002511886414140463
packet_number=524,correct=True,payload=[0,1,2,3,4,5,6,7,8,9,10,11,12,13,14,15,16,17,18,19,20,21,22,23,24,25,26,27,28,29,30,31,32,33,34,35,36,37,38,39,40,41,42,43,44,45,46,47,48,49,50,51,52,53,54,55,56,57,58,59,60,61,62,63,64,65,66,67,68,69,70,71,72,73,74,75,76,77,78,79,80,81,82,83,84,85,86,87,88,89,90,91,92,93,94,95,96,97,98,99]
CFO=-378.677011944287,STO=5
EsN0dB=24.75,GRXdB=17,N0=0.002511886414140463
packet_number=525,correct=True,payload=[0,1,2,3,4,5,6,7,8,9,10,11,12,13,14,15,16,17,18,19,20,21,22,23,24,25,26,27,28,29,30,31,32,33,34,35,36,37,38,39,40,41,42,43,44,45,46,47,48,49,50,51,52,53,54,55,56,57,58,59,60,61,62,63,64,65,66,67,68,69,70,71,72,73,74,75,76,77,78,79,80,81,82,83,84,85,86,87,88,89,90,91,92,93,94,95,96,97,98,99]
CFO=-456.5363067158357,STO=5
EsN0dB=24.78,GRXdB=17,N0=0.002511886414140463
packet_number=526,correct=True,payload=[0,1,2,3,4,5,6,7,8,9,10,11,12,13,14,15,16,17,18,19,20,21,22,23,24,25,26,27,28,29,30,31,32,33,34,35,36,37,38,39,40,41,42,43,44,45,46,47,48,49,50,51,52,53,54,55,56,57,58,59,60,61,62,63,64,65,66,67,68,69,70,71,72,73,74,75,76,77,78,79,80,81,82,83,84,85,86,87,88,89,90,91,92,93,94,95,96,97,98,99]
CFO=-488.53369747798456,STO=3
EsN0dB=24.77,GRXdB=17,N0=0.002511886414140463
packet_number=527,correct=True,payload=[0,1,2,3,4,5,6,7,8,9,10,11,12,13,14,15,16,17,18,19,20,21,22,23,24,25,26,27,28,29,30,31,32,33,34,35,36,37,38,39,40,41,42,43,44,45,46,47,48,49,50,51,52,53,54,55,56,57,58,59,60,61,62,63,64,65,66,67,68,69,70,71,72,73,74,75,76,77,78,79,80,81,82,83,84,85,86,87,88,89,90,91,92,93,94,95,96,97,98,99]
CFO=-431.28532858466104,STO=4
EsN0dB=24.78,GRXdB=17,N0=0.002511886414140463
packet_number=528,correct=True,payload=[0,1,2,3,4,5,6,7,8,9,10,11,12,13,14,15,16,17,18,19,20,21,22,23,24,25,26,27,28,29,30,31,32,33,34,35,36,37,38,39,40,41,42,43,44,45,46,47,48,49,50,51,52,53,54,55,56,57,58,59,60,61,62,63,64,65,66,67,68,69,70,71,72,73,74,75,76,77,78,79,80,81,82,83,84,85,86,87,88,89,90,91,92,93,94,95,96,97,98,99]
CFO=-431.1478354537126,STO=4
EsN0dB=24.75,GRXdB=17,N0=0.002511886414140463
packet_number=529,correct=True,payload=[0,1,2,3,4,5,6,7,8,9,10,11,12,13,14,15,16,17,18,19,20,21,22,23,24,25,26,27,28,29,30,31,32,33,34,35,36,37,38,39,40,41,42,43,44,45,46,47,48,49,50,51,52,53,54,55,56,57,58,59,60,61,62,63,64,65,66,67,68,69,70,71,72,73,74,75,76,77,78,79,80,81,82,83,84,85,86,87,88,89,90,91,92,93,94,95,96,97,98,99]
CFO=-498.2746915282681,STO=6
EsN0dB=24.74,GRXdB=17,N0=0.002511886414140463
packet_number=530,correct=True,payload=[0,1,2,3,4,5,6,7,8,9,10,11,12,13,14,15,16,17,18,19,20,21,22,23,24,25,26,27,28,29,30,31,32,33,34,35,36,37,38,39,40,41,42,43,44,45,46,47,48,49,50,51,52,53,54,55,56,57,58,59,60,61,62,63,64,65,66,67,68,69,70,71,72,73,74,75,76,77,78,79,80,81,82,83,84,85,86,87,88,89,90,91,92,93,94,95,96,97,98,99]
CFO=-436.5333981113821,STO=2
EsN0dB=24.78,GRXdB=17,N0=0.002511886414140463
packet_number=531,correct=True,payload=[0,1,2,3,4,5,6,7,8,9,10,11,12,13,14,15,16,17,18,19,20,21,22,23,24,25,26,27,28,29,30,31,32,33,34,35,36,37,38,39,40,41,42,43,44,45,46,47,48,49,50,51,52,53,54,55,56,57,58,59,60,61,62,63,64,65,66,67,68,69,70,71,72,73,74,75,76,77,78,79,80,81,82,83,84,85,86,87,88,89,90,91,92,93,94,95,96,97,98,99]
CFO=-458.27026763051975,STO=2
EsN0dB=24.76,GRXdB=17,N0=0.002511886414140463
packet_number=532,correct=True,payload=[0,1,2,3,4,5,6,7,8,9,10,11,12,13,14,15,16,17,18,19,20,21,22,23,24,25,26,27,28,29,30,31,32,33,34,35,36,37,38,39,40,41,42,43,44,45,46,47,48,49,50,51,52,53,54,55,56,57,58,59,60,61,62,63,64,65,66,67,68,69,70,71,72,73,74,75,76,77,78,79,80,81,82,83,84,85,86,87,88,89,90,91,92,93,94,95,96,97,98,99]
CFO=-374.77748974978766,STO=4
EsN0dB=24.77,GRXdB=17,N0=0.002511886414140463
packet_number=533,correct=True,payload=[0,1,2,3,4,5,6,7,8,9,10,11,12,13,14,15,16,17,18,19,20,21,22,23,24,25,26,27,28,29,30,31,32,33,34,35,36,37,38,39,40,41,42,43,44,45,46,47,48,49,50,51,52,53,54,55,56,57,58,59,60,61,62,63,64,65,66,67,68,69,70,71,72,73,74,75,76,77,78,79,80,81,82,83,84,85,86,87,88,89,90,91,92,93,94,95,96,97,98,99]
CFO=-447.74537300635325,STO=4
EsN0dB=24.78,GRXdB=17,N0=0.002511886414140463
packet_number=534,correct=True,payload=[0,1,2,3,4,5,6,7,8,9,10,11,12,13,14,15,16,17,18,19,20,21,22,23,24,25,26,27,28,29,30,31,32,33,34,35,36,37,38,39,40,41,42,43,44,45,46,47,48,49,50,51,52,53,54,55,56,57,58,59,60,61,62,63,64,65,66,67,68,69,70,71,72,73,74,75,76,77,78,79,80,81,82,83,84,85,86,87,88,89,90,91,92,93,94,95,96,97,98,99]
CFO=-403.400429109882,STO=4
EsN0dB=24.79,GRXdB=17,N0=0.002511886414140463
packet_number=535,correct=True,payload=[0,1,2,3,4,5,6,7,8,9,10,11,12,13,14,15,16,17,18,19,20,21,22,23,24,25,26,27,28,29,30,31,32,33,34,35,36,37,38,39,40,41,42,43,44,45,46,47,48,49,50,51,52,53,54,55,56,57,58,59,60,61,62,63,64,65,66,67,68,69,70,71,72,73,74,75,76,77,78,79,80,81,82,83,84,85,86,87,88,89,90,91,92,93,94,95,96,97,98,99]
CFO=-445.09514695769883,STO=3
EsN0dB=24.74,GRXdB=17,N0=0.002511886414140463
packet_number=536,correct=True,payload=[0,1,2,3,4,5,6,7,8,9,10,11,12,13,14,15,16,17,18,19,20,21,22,23,24,25,26,27,28,29,30,31,32,33,34,35,36,37,38,39,40,41,42,43,44,45,46,47,48,49,50,51,52,53,54,55,56,57,58,59,60,61,62,63,64,65,66,67,68,69,70,71,72,73,74,75,76,77,78,79,80,81,82,83,84,85,86,87,88,89,90,91,92,93,94,95,96,97,98,99]
CFO=-464.75049854032414,STO=5
EsN0dB=24.79,GRXdB=17,N0=0.002511886414140463
packet_number=537,correct=True,payload=[0,1,2,3,4,5,6,7,8,9,10,11,12,13,14,15,16,17,18,19,20,21,22,23,24,25,26,27,28,29,30,31,32,33,34,35,36,37,38,39,40,41,42,43,44,45,46,47,48,49,50,51,52,53,54,55,56,57,58,59,60,61,62,63,64,65,66,67,68,69,70,71,72,73,74,75,76,77,78,79,80,81,82,83,84,85,86,87,88,89,90,91,92,93,94,95,96,97,98,99]
CFO=-469.6410207077591,STO=0
EsN0dB=24.76,GRXdB=17,N0=0.002511886414140463
packet_number=538,correct=True,payload=[0,1,2,3,4,5,6,7,8,9,10,11,12,13,14,15,16,17,18,19,20,21,22,23,24,25,26,27,28,29,30,31,32,33,34,35,36,37,38,39,40,41,42,43,44,45,46,47,48,49,50,51,52,53,54,55,56,57,58,59,60,61,62,63,64,65,66,67,68,69,70,71,72,73,74,75,76,77,78,79,80,81,82,83,84,85,86,87,88,89,90,91,92,93,94,95,96,97,98,99]
CFO=-446.6284710655138,STO=4
EsN0dB=24.76,GRXdB=17,N0=0.002511886414140463
packet_number=539,correct=True,payload=[0,1,2,3,4,5,6,7,8,9,10,11,12,13,14,15,16,17,18,19,20,21,22,23,24,25,26,27,28,29,30,31,32,33,34,35,36,37,38,39,40,41,42,43,44,45,46,47,48,49,50,51,52,53,54,55,56,57,58,59,60,61,62,63,64,65,66,67,68,69,70,71,72,73,74,75,76,77,78,79,80,81,82,83,84,85,86,87,88,89,90,91,92,93,94,95,96,97,98,99]
CFO=-388.7923027326807,STO=3
EsN0dB=24.75,GRXdB=17,N0=0.002511886414140463
packet_number=540,correct=True,payload=[0,1,2,3,4,5,6,7,8,9,10,11,12,13,14,15,16,17,18,19,20,21,22,23,24,25,26,27,28,29,30,31,32,33,34,35,36,37,38,39,40,41,42,43,44,45,46,47,48,49,50,51,52,53,54,55,56,57,58,59,60,61,62,63,64,65,66,67,68,69,70,71,72,73,74,75,76,77,78,79,80,81,82,83,84,85,86,87,88,89,90,91,92,93,94,95,96,97,98,99]
CFO=-2565.537157611187,STO=1
EsN0dB=-11.73,GRXdB=17,N0=0.002511886414140463
packet_number=541,correct=False,payload=[41,138,34,227,49,174,176,242,184,105,205,184,221,193,30,1,160,4,106,37,246,24,76,54,203,193,75,208,37,177,229,252,254,252,143,28,45,122,69,129,115,227,96,117,79,118,164,55,187,119,249,199,78,124,247,87,216,125,51,145,121,71,21,180,145,105,188,6,87,66,86,233,146,212,205,66,174,92,51,156,16,156,190,4,134,5,234,105,189,96,188,3,166,52,122,244,29,153,115,243]
CFO=-492.00858586314683,STO=5
EsN0dB=24.78,GRXdB=17,N0=0.002511886414140463
packet_number=542,correct=True,payload=[0,1,2,3,4,5,6,7,8,9,10,11,12,13,14,15,16,17,18,19,20,21,22,23,24,25,26,27,28,29,30,31,32,33,34,35,36,37,38,39,40,41,42,43,44,45,46,47,48,49,50,51,52,53,54,55,56,57,58,59,60,61,62,63,64,65,66,67,68,69,70,71,72,73,74,75,76,77,78,79,80,81,82,83,84,85,86,87,88,89,90,91,92,93,94,95,96,97,98,99]
CFO=-474.23381896098203,STO=1
EsN0dB=24.78,GRXdB=17,N0=0.002511886414140463
packet_number=543,correct=True,payload=[0,1,2,3,4,5,6,7,8,9,10,11,12,13,14,15,16,17,18,19,20,21,22,23,24,25,26,27,28,29,30,31,32,33,34,35,36,37,38,39,40,41,42,43,44,45,46,47,48,49,50,51,52,53,54,55,56,57,58,59,60,61,62,63,64,65,66,67,68,69,70,71,72,73,74,75,76,77,78,79,80,81,82,83,84,85,86,87,88,89,90,91,92,93,94,95,96,97,98,99]
CFO=-480.5337791227706,STO=2
EsN0dB=24.76,GRXdB=17,N0=0.002511886414140463
packet_number=544,correct=True,payload=[0,1,2,3,4,5,6,7,8,9,10,11,12,13,14,15,16,17,18,19,20,21,22,23,24,25,26,27,28,29,30,31,32,33,34,35,36,37,38,39,40,41,42,43,44,45,46,47,48,49,50,51,52,53,54,55,56,57,58,59,60,61,62,63,64,65,66,67,68,69,70,71,72,73,74,75,76,77,78,79,80,81,82,83,84,85,86,87,88,89,90,91,92,93,94,95,96,97,98,99]
CFO=-443.15204114460136,STO=4
EsN0dB=24.77,GRXdB=17,N0=0.002511886414140463
packet_number=545,correct=True,payload=[0,1,2,3,4,5,6,7,8,9,10,11,12,13,14,15,16,17,18,19,20,21,22,23,24,25,26,27,28,29,30,31,32,33,34,35,36,37,38,39,40,41,42,43,44,45,46,47,48,49,50,51,52,53,54,55,56,57,58,59,60,61,62,63,64,65,66,67,68,69,70,71,72,73,74,75,76,77,78,79,80,81,82,83,84,85,86,87,88,89,90,91,92,93,94,95,96,97,98,99]
CFO=-462.9753311892411,STO=5
EsN0dB=24.78,GRXdB=17,N0=0.002511886414140463
packet_number=546,correct=True,payload=[0,1,2,3,4,5,6,7,8,9,10,11,12,13,14,15,16,17,18,19,20,21,22,23,24,25,26,27,28,29,30,31,32,33,34,35,36,37,38,39,40,41,42,43,44,45,46,47,48,49,50,51,52,53,54,55,56,57,58,59,60,61,62,63,64,65,66,67,68,69,70,71,72,73,74,75,76,77,78,79,80,81,82,83,84,85,86,87,88,89,90,91,92,93,94,95,96,97,98,99]
CFO=-442.4240805314988,STO=3
EsN0dB=24.75,GRXdB=17,N0=0.002511886414140463
packet_number=547,correct=True,payload=[0,1,2,3,4,5,6,7,8,9,10,11,12,13,14,15,16,17,18,19,20,21,22,23,24,25,26,27,28,29,30,31,32,33,34,35,36,37,38,39,40,41,42,43,44,45,46,47,48,49,50,51,52,53,54,55,56,57,58,59,60,61,62,63,64,65,66,67,68,69,70,71,72,73,74,75,76,77,78,79,80,81,82,83,84,85,86,87,88,89,90,91,92,93,94,95,96,97,98,99]
CFO=-489.94906445599275,STO=5
EsN0dB=24.76,GRXdB=17,N0=0.002511886414140463
packet_number=548,correct=True,payload=[0,1,2,3,4,5,6,7,8,9,10,11,12,13,14,15,16,17,18,19,20,21,22,23,24,25,26,27,28,29,30,31,32,33,34,35,36,37,38,39,40,41,42,43,44,45,46,47,48,49,50,51,52,53,54,55,56,57,58,59,60,61,62,63,64,65,66,67,68,69,70,71,72,73,74,75,76,77,78,79,80,81,82,83,84,85,86,87,88,89,90,91,92,93,94,95,96,97,98,99]
CFO=-463.1741893010139,STO=5
EsN0dB=24.76,GRXdB=17,N0=0.002511886414140463
packet_number=549,correct=True,payload=[0,1,2,3,4,5,6,7,8,9,10,11,12,13,14,15,16,17,18,19,20,21,22,23,24,25,26,27,28,29,30,31,32,33,34,35,36,37,38,39,40,41,42,43,44,45,46,47,48,49,50,51,52,53,54,55,56,57,58,59,60,61,62,63,64,65,66,67,68,69,70,71,72,73,74,75,76,77,78,79,80,81,82,83,84,85,86,87,88,89,90,91,92,93,94,95,96,97,98,99]
CFO=-405.3903738938502,STO=4
EsN0dB=24.77,GRXdB=17,N0=0.002511886414140463
packet_number=550,correct=True,payload=[0,1,2,3,4,5,6,7,8,9,10,11,12,13,14,15,16,17,18,19,20,21,22,23,24,25,26,27,28,29,30,31,32,33,34,35,36,37,38,39,40,41,42,43,44,45,46,47,48,49,50,51,52,53,54,55,56,57,58,59,60,61,62,63,64,65,66,67,68,69,70,71,72,73,74,75,76,77,78,79,80,81,82,83,84,85,86,87,88,89,90,91,92,93,94,95,96,97,98,99]
CFO=-416.49355193876085,STO=4
EsN0dB=24.78,GRXdB=17,N0=0.002511886414140463
packet_number=551,correct=True,payload=[0,1,2,3,4,5,6,7,8,9,10,11,12,13,14,15,16,17,18,19,20,21,22,23,24,25,26,27,28,29,30,31,32,33,34,35,36,37,38,39,40,41,42,43,44,45,46,47,48,49,50,51,52,53,54,55,56,57,58,59,60,61,62,63,64,65,66,67,68,69,70,71,72,73,74,75,76,77,78,79,80,81,82,83,84,85,86,87,88,89,90,91,92,93,94,95,96,97,98,99]
CFO=-423.19869884349964,STO=7
EsN0dB=24.74,GRXdB=17,N0=0.002511886414140463
packet_number=552,correct=True,payload=[0,1,2,3,4,5,6,7,8,9,10,11,12,13,14,15,16,17,18,19,20,21,22,23,24,25,26,27,28,29,30,31,32,33,34,35,36,37,38,39,40,41,42,43,44,45,46,47,48,49,50,51,52,53,54,55,56,57,58,59,60,61,62,63,64,65,66,67,68,69,70,71,72,73,74,75,76,77,78,79,80,81,82,83,84,85,86,87,88,89,90,91,92,93,94,95,96,97,98,99]
CFO=-488.15655482772024,STO=1
EsN0dB=24.78,GRXdB=17,N0=0.002511886414140463
packet_number=553,correct=True,payload=[0,1,2,3,4,5,6,7,8,9,10,11,12,13,14,15,16,17,18,19,20,21,22,23,24,25,26,27,28,29,30,31,32,33,34,35,36,37,38,39,40,41,42,43,44,45,46,47,48,49,50,51,52,53,54,55,56,57,58,59,60,61,62,63,64,65,66,67,68,69,70,71,72,73,74,75,76,77,78,79,80,81,82,83,84,85,86,87,88,89,90,91,92,93,94,95,96,97,98,99]
CFO=-382.7837817624303,STO=4
EsN0dB=24.80,GRXdB=17,N0=0.002511886414140463
packet_number=554,correct=True,payload=[0,1,2,3,4,5,6,7,8,9,10,11,12,13,14,15,16,17,18,19,20,21,22,23,24,25,26,27,28,29,30,31,32,33,34,35,36,37,38,39,40,41,42,43,44,45,46,47,48,49,50,51,52,53,54,55,56,57,58,59,60,61,62,63,64,65,66,67,68,69,70,71,72,73,74,75,76,77,78,79,80,81,82,83,84,85,86,87,88,89,90,91,92,93,94,95,96,97,98,99]
CFO=-419.3173786288197,STO=4
EsN0dB=24.76,GRXdB=17,N0=0.002511886414140463
packet_number=555,correct=True,payload=[0,1,2,3,4,5,6,7,8,9,10,11,12,13,14,15,16,17,18,19,20,21,22,23,24,25,26,27,28,29,30,31,32,33,34,35,36,37,38,39,40,41,42,43,44,45,46,47,48,49,50,51,52,53,54,55,56,57,58,59,60,61,62,63,64,65,66,67,68,69,70,71,72,73,74,75,76,77,78,79,80,81,82,83,84,85,86,87,88,89,90,91,92,93,94,95,96,97,98,99]
CFO=-493.6025931186659,STO=4
EsN0dB=24.77,GRXdB=17,N0=0.002511886414140463
packet_number=556,correct=True,payload=[0,1,2,3,4,5,6,7,8,9,10,11,12,13,14,15,16,17,18,19,20,21,22,23,24,25,26,27,28,29,30,31,32,33,34,35,36,37,38,39,40,41,42,43,44,45,46,47,48,49,50,51,52,53,54,55,56,57,58,59,60,61,62,63,64,65,66,67,68,69,70,71,72,73,74,75,76,77,78,79,80,81,82,83,84,85,86,87,88,89,90,91,92,93,94,95,96,97,98,99]
CFO=-435.35335249462196,STO=3
EsN0dB=24.77,GRXdB=17,N0=0.002511886414140463
packet_number=557,correct=True,payload=[0,1,2,3,4,5,6,7,8,9,10,11,12,13,14,15,16,17,18,19,20,21,22,23,24,25,26,27,28,29,30,31,32,33,34,35,36,37,38,39,40,41,42,43,44,45,46,47,48,49,50,51,52,53,54,55,56,57,58,59,60,61,62,63,64,65,66,67,68,69,70,71,72,73,74,75,76,77,78,79,80,81,82,83,84,85,86,87,88,89,90,91,92,93,94,95,96,97,98,99]
CFO=-416.50318653719944,STO=4
EsN0dB=24.75,GRXdB=17,N0=0.002511886414140463
packet_number=558,correct=True,payload=[0,1,2,3,4,5,6,7,8,9,10,11,12,13,14,15,16,17,18,19,20,21,22,23,24,25,26,27,28,29,30,31,32,33,34,35,36,37,38,39,40,41,42,43,44,45,46,47,48,49,50,51,52,53,54,55,56,57,58,59,60,61,62,63,64,65,66,67,68,69,70,71,72,73,74,75,76,77,78,79,80,81,82,83,84,85,86,87,88,89,90,91,92,93,94,95,96,97,98,99]
CFO=-427.7275530080085,STO=6
EsN0dB=24.75,GRXdB=17,N0=0.002511886414140463
packet_number=559,correct=True,payload=[0,1,2,3,4,5,6,7,8,9,10,11,12,13,14,15,16,17,18,19,20,21,22,23,24,25,26,27,28,29,30,31,32,33,34,35,36,37,38,39,40,41,42,43,44,45,46,47,48,49,50,51,52,53,54,55,56,57,58,59,60,61,62,63,64,65,66,67,68,69,70,71,72,73,74,75,76,77,78,79,80,81,82,83,84,85,86,87,88,89,90,91,92,93,94,95,96,97,98,99]
CFO=-412.3679872424327,STO=0
EsN0dB=24.76,GRXdB=17,N0=0.002511886414140463
packet_number=560,correct=True,payload=[0,1,2,3,4,5,6,7,8,9,10,11,12,13,14,15,16,17,18,19,20,21,22,23,24,25,26,27,28,29,30,31,32,33,34,35,36,37,38,39,40,41,42,43,44,45,46,47,48,49,50,51,52,53,54,55,56,57,58,59,60,61,62,63,64,65,66,67,68,69,70,71,72,73,74,75,76,77,78,79,80,81,82,83,84,85,86,87,88,89,90,91,92,93,94,95,96,97,98,99]
CFO=-451.2377518932963,STO=6
EsN0dB=24.77,GRXdB=17,N0=0.002511886414140463
packet_number=561,correct=True,payload=[0,1,2,3,4,5,6,7,8,9,10,11,12,13,14,15,16,17,18,19,20,21,22,23,24,25,26,27,28,29,30,31,32,33,34,35,36,37,38,39,40,41,42,43,44,45,46,47,48,49,50,51,52,53,54,55,56,57,58,59,60,61,62,63,64,65,66,67,68,69,70,71,72,73,74,75,76,77,78,79,80,81,82,83,84,85,86,87,88,89,90,91,92,93,94,95,96,97,98,99]
CFO=-448.51234633190256,STO=3
EsN0dB=24.77,GRXdB=17,N0=0.002511886414140463
packet_number=562,correct=True,payload=[0,1,2,3,4,5,6,7,8,9,10,11,12,13,14,15,16,17,18,19,20,21,22,23,24,25,26,27,28,29,30,31,32,33,34,35,36,37,38,39,40,41,42,43,44,45,46,47,48,49,50,51,52,53,54,55,56,57,58,59,60,61,62,63,64,65,66,67,68,69,70,71,72,73,74,75,76,77,78,79,80,81,82,83,84,85,86,87,88,89,90,91,92,93,94,95,96,97,98,99]
CFO=-1936.7698640048925,STO=2
EsN0dB=-10.32,GRXdB=17,N0=0.002511886414140463
packet_number=563,correct=False,payload=[243,5,102,157,69,187,95,204,6,203,81,104,100,197,193,248,149,155,109,200,185,204,99,190,38,204,152,74,39,76,34,119,167,112,115,6,56,81,68,19,87,253,72,35,144,191,216,186,190,206,189,230,68,133,10,90,103,229,220,168,142,193,52,11,216,12,10,177,114,44,122,172,233,91,162,195,183,90,164,178,221,231,202,84,215,97,13,28,136,197,114,63,3,63,250,189,59,23,28,0]
CFO=-450.2411490308072,STO=4
EsN0dB=24.79,GRXdB=17,N0=0.002511886414140463
packet_number=564,correct=True,payload=[0,1,2,3,4,5,6,7,8,9,10,11,12,13,14,15,16,17,18,19,20,21,22,23,24,25,26,27,28,29,30,31,32,33,34,35,36,37,38,39,40,41,42,43,44,45,46,47,48,49,50,51,52,53,54,55,56,57,58,59,60,61,62,63,64,65,66,67,68,69,70,71,72,73,74,75,76,77,78,79,80,81,82,83,84,85,86,87,88,89,90,91,92,93,94,95,96,97,98,99]
CFO=-412.6606122307018,STO=2
EsN0dB=24.79,GRXdB=17,N0=0.002511886414140463
packet_number=565,correct=True,payload=[0,1,2,3,4,5,6,7,8,9,10,11,12,13,14,15,16,17,18,19,20,21,22,23,24,25,26,27,28,29,30,31,32,33,34,35,36,37,38,39,40,41,42,43,44,45,46,47,48,49,50,51,52,53,54,55,56,57,58,59,60,61,62,63,64,65,66,67,68,69,70,71,72,73,74,75,76,77,78,79,80,81,82,83,84,85,86,87,88,89,90,91,92,93,94,95,96,97,98,99]
CFO=-392.6308453302932,STO=3
EsN0dB=24.77,GRXdB=17,N0=0.002511886414140463
packet_number=566,correct=True,payload=[0,1,2,3,4,5,6,7,8,9,10,11,12,13,14,15,16,17,18,19,20,21,22,23,24,25,26,27,28,29,30,31,32,33,34,35,36,37,38,39,40,41,42,43,44,45,46,47,48,49,50,51,52,53,54,55,56,57,58,59,60,61,62,63,64,65,66,67,68,69,70,71,72,73,74,75,76,77,78,79,80,81,82,83,84,85,86,87,88,89,90,91,92,93,94,95,96,97,98,99]
CFO=-467.71140333247564,STO=3
EsN0dB=24.78,GRXdB=17,N0=0.002511886414140463
packet_number=567,correct=True,payload=[0,1,2,3,4,5,6,7,8,9,10,11,12,13,14,15,16,17,18,19,20,21,22,23,24,25,26,27,28,29,30,31,32,33,34,35,36,37,38,39,40,41,42,43,44,45,46,47,48,49,50,51,52,53,54,55,56,57,58,59,60,61,62,63,64,65,66,67,68,69,70,71,72,73,74,75,76,77,78,79,80,81,82,83,84,85,86,87,88,89,90,91,92,93,94,95,96,97,98,99]
CFO=2039.7472980288362,STO=6
EsN0dB=nan,GRXdB=17,N0=0.002511886414140463
packet_number=568,correct=False,payload=[168,181,102,104,171,8,31,57,1,32,232,149,222,81,199,147,254,34,100,170,190,73,1,75,12,118,85,178,102,205,167,113,148,29,60,188,5,146,109,60,144,219,178,81,110,10,59,239,137,155,248,177,241,8,83,70,174,158,103,122,45,109,56,97,215,236,9,90,121,172,112,109,51,200,95,74,82,4,103,111,236,41,242,26,92,49,17,104,108,34,167,16,252,234,213,47,65,169,11,191]
CFO=-413.96578904749066,STO=3
EsN0dB=24.76,GRXdB=17,N0=0.002511886414140463
packet_number=569,correct=True,payload=[0,1,2,3,4,5,6,7,8,9,10,11,12,13,14,15,16,17,18,19,20,21,22,23,24,25,26,27,28,29,30,31,32,33,34,35,36,37,38,39,40,41,42,43,44,45,46,47,48,49,50,51,52,53,54,55,56,57,58,59,60,61,62,63,64,65,66,67,68,69,70,71,72,73,74,75,76,77,78,79,80,81,82,83,84,85,86,87,88,89,90,91,92,93,94,95,96,97,98,99]
CFO=-414.6386694024427,STO=4
EsN0dB=24.76,GRXdB=17,N0=0.002511886414140463
packet_number=570,correct=True,payload=[0,1,2,3,4,5,6,7,8,9,10,11,12,13,14,15,16,17,18,19,20,21,22,23,24,25,26,27,28,29,30,31,32,33,34,35,36,37,38,39,40,41,42,43,44,45,46,47,48,49,50,51,52,53,54,55,56,57,58,59,60,61,62,63,64,65,66,67,68,69,70,71,72,73,74,75,76,77,78,79,80,81,82,83,84,85,86,87,88,89,90,91,92,93,94,95,96,97,98,99]
CFO=-478.4835069301176,STO=1
EsN0dB=24.76,GRXdB=17,N0=0.002511886414140463
packet_number=571,correct=True,payload=[0,1,2,3,4,5,6,7,8,9,10,11,12,13,14,15,16,17,18,19,20,21,22,23,24,25,26,27,28,29,30,31,32,33,34,35,36,37,38,39,40,41,42,43,44,45,46,47,48,49,50,51,52,53,54,55,56,57,58,59,60,61,62,63,64,65,66,67,68,69,70,71,72,73,74,75,76,77,78,79,80,81,82,83,84,85,86,87,88,89,90,91,92,93,94,95,96,97,98,99]
CFO=-496.3941661376441,STO=0
EsN0dB=24.77,GRXdB=17,N0=0.002511886414140463
packet_number=572,correct=True,payload=[0,1,2,3,4,5,6,7,8,9,10,11,12,13,14,15,16,17,18,19,20,21,22,23,24,25,26,27,28,29,30,31,32,33,34,35,36,37,38,39,40,41,42,43,44,45,46,47,48,49,50,51,52,53,54,55,56,57,58,59,60,61,62,63,64,65,66,67,68,69,70,71,72,73,74,75,76,77,78,79,80,81,82,83,84,85,86,87,88,89,90,91,92,93,94,95,96,97,98,99]
CFO=-461.6467348870169,STO=4
EsN0dB=24.77,GRXdB=17,N0=0.002511886414140463
packet_number=573,correct=True,payload=[0,1,2,3,4,5,6,7,8,9,10,11,12,13,14,15,16,17,18,19,20,21,22,23,24,25,26,27,28,29,30,31,32,33,34,35,36,37,38,39,40,41,42,43,44,45,46,47,48,49,50,51,52,53,54,55,56,57,58,59,60,61,62,63,64,65,66,67,68,69,70,71,72,73,74,75,76,77,78,79,80,81,82,83,84,85,86,87,88,89,90,91,92,93,94,95,96,97,98,99]
CFO=-403.82227629690146,STO=4
EsN0dB=24.76,GRXdB=17,N0=0.002511886414140463
packet_number=574,correct=True,payload=[0,1,2,3,4,5,6,7,8,9,10,11,12,13,14,15,16,17,18,19,20,21,22,23,24,25,26,27,28,29,30,31,32,33,34,35,36,37,38,39,40,41,42,43,44,45,46,47,48,49,50,51,52,53,54,55,56,57,58,59,60,61,62,63,64,65,66,67,68,69,70,71,72,73,74,75,76,77,78,79,80,81,82,83,84,85,86,87,88,89,90,91,92,93,94,95,96,97,98,99]
CFO=-441.6154857406947,STO=5
EsN0dB=24.77,GRXdB=17,N0=0.002511886414140463
packet_number=575,correct=True,payload=[0,1,2,3,4,5,6,7,8,9,10,11,12,13,14,15,16,17,18,19,20,21,22,23,24,25,26,27,28,29,30,31,32,33,34,35,36,37,38,39,40,41,42,43,44,45,46,47,48,49,50,51,52,53,54,55,56,57,58,59,60,61,62,63,64,65,66,67,68,69,70,71,72,73,74,75,76,77,78,79,80,81,82,83,84,85,86,87,88,89,90,91,92,93,94,95,96,97,98,99]
CFO=-436.13802383638006,STO=4
EsN0dB=24.78,GRXdB=17,N0=0.002511886414140463
packet_number=576,correct=True,payload=[0,1,2,3,4,5,6,7,8,9,10,11,12,13,14,15,16,17,18,19,20,21,22,23,24,25,26,27,28,29,30,31,32,33,34,35,36,37,38,39,40,41,42,43,44,45,46,47,48,49,50,51,52,53,54,55,56,57,58,59,60,61,62,63,64,65,66,67,68,69,70,71,72,73,74,75,76,77,78,79,80,81,82,83,84,85,86,87,88,89,90,91,92,93,94,95,96,97,98,99]
CFO=-417.8932071100845,STO=3
EsN0dB=24.78,GRXdB=17,N0=0.002511886414140463
packet_number=577,correct=True,payload=[0,1,2,3,4,5,6,7,8,9,10,11,12,13,14,15,16,17,18,19,20,21,22,23,24,25,26,27,28,29,30,31,32,33,34,35,36,37,38,39,40,41,42,43,44,45,46,47,48,49,50,51,52,53,54,55,56,57,58,59,60,61,62,63,64,65,66,67,68,69,70,71,72,73,74,75,76,77,78,79,80,81,82,83,84,85,86,87,88,89,90,91,92,93,94,95,96,97,98,99]
CFO=-383.7856614203719,STO=4
EsN0dB=24.77,GRXdB=17,N0=0.002511886414140463
packet_number=578,correct=True,payload=[0,1,2,3,4,5,6,7,8,9,10,11,12,13,14,15,16,17,18,19,20,21,22,23,24,25,26,27,28,29,30,31,32,33,34,35,36,37,38,39,40,41,42,43,44,45,46,47,48,49,50,51,52,53,54,55,56,57,58,59,60,61,62,63,64,65,66,67,68,69,70,71,72,73,74,75,76,77,78,79,80,81,82,83,84,85,86,87,88,89,90,91,92,93,94,95,96,97,98,99]
CFO=-496.05265667914347,STO=5
EsN0dB=24.74,GRXdB=17,N0=0.002511886414140463
packet_number=579,correct=True,payload=[0,1,2,3,4,5,6,7,8,9,10,11,12,13,14,15,16,17,18,19,20,21,22,23,24,25,26,27,28,29,30,31,32,33,34,35,36,37,38,39,40,41,42,43,44,45,46,47,48,49,50,51,52,53,54,55,56,57,58,59,60,61,62,63,64,65,66,67,68,69,70,71,72,73,74,75,76,77,78,79,80,81,82,83,84,85,86,87,88,89,90,91,92,93,94,95,96,97,98,99]
CFO=-423.0791705330244,STO=1
EsN0dB=24.74,GRXdB=17,N0=0.002511886414140463
packet_number=580,correct=True,payload=[0,1,2,3,4,5,6,7,8,9,10,11,12,13,14,15,16,17,18,19,20,21,22,23,24,25,26,27,28,29,30,31,32,33,34,35,36,37,38,39,40,41,42,43,44,45,46,47,48,49,50,51,52,53,54,55,56,57,58,59,60,61,62,63,64,65,66,67,68,69,70,71,72,73,74,75,76,77,78,79,80,81,82,83,84,85,86,87,88,89,90,91,92,93,94,95,96,97,98,99]
CFO=-465.8239706758942,STO=5
EsN0dB=24.77,GRXdB=17,N0=0.002511886414140463
packet_number=581,correct=True,payload=[0,1,2,3,4,5,6,7,8,9,10,11,12,13,14,15,16,17,18,19,20,21,22,23,24,25,26,27,28,29,30,31,32,33,34,35,36,37,38,39,40,41,42,43,44,45,46,47,48,49,50,51,52,53,54,55,56,57,58,59,60,61,62,63,64,65,66,67,68,69,70,71,72,73,74,75,76,77,78,79,80,81,82,83,84,85,86,87,88,89,90,91,92,93,94,95,96,97,98,99]
CFO=-426.8795601208201,STO=5
EsN0dB=24.77,GRXdB=17,N0=0.002511886414140463
packet_number=582,correct=True,payload=[0,1,2,3,4,5,6,7,8,9,10,11,12,13,14,15,16,17,18,19,20,21,22,23,24,25,26,27,28,29,30,31,32,33,34,35,36,37,38,39,40,41,42,43,44,45,46,47,48,49,50,51,52,53,54,55,56,57,58,59,60,61,62,63,64,65,66,67,68,69,70,71,72,73,74,75,76,77,78,79,80,81,82,83,84,85,86,87,88,89,90,91,92,93,94,95,96,97,98,99]
CFO=-481.90123991285026,STO=5
EsN0dB=24.77,GRXdB=17,N0=0.002511886414140463
packet_number=583,correct=True,payload=[0,1,2,3,4,5,6,7,8,9,10,11,12,13,14,15,16,17,18,19,20,21,22,23,24,25,26,27,28,29,30,31,32,33,34,35,36,37,38,39,40,41,42,43,44,45,46,47,48,49,50,51,52,53,54,55,56,57,58,59,60,61,62,63,64,65,66,67,68,69,70,71,72,73,74,75,76,77,78,79,80,81,82,83,84,85,86,87,88,89,90,91,92,93,94,95,96,97,98,99]
CFO=-409.71316623144605,STO=3
EsN0dB=24.79,GRXdB=17,N0=0.002511886414140463
packet_number=584,correct=True,payload=[0,1,2,3,4,5,6,7,8,9,10,11,12,13,14,15,16,17,18,19,20,21,22,23,24,25,26,27,28,29,30,31,32,33,34,35,36,37,38,39,40,41,42,43,44,45,46,47,48,49,50,51,52,53,54,55,56,57,58,59,60,61,62,63,64,65,66,67,68,69,70,71,72,73,74,75,76,77,78,79,80,81,82,83,84,85,86,87,88,89,90,91,92,93,94,95,96,97,98,99]
CFO=-430.711729061004,STO=4
EsN0dB=24.77,GRXdB=17,N0=0.002511886414140463
packet_number=585,correct=True,payload=[0,1,2,3,4,5,6,7,8,9,10,11,12,13,14,15,16,17,18,19,20,21,22,23,24,25,26,27,28,29,30,31,32,33,34,35,36,37,38,39,40,41,42,43,44,45,46,47,48,49,50,51,52,53,54,55,56,57,58,59,60,61,62,63,64,65,66,67,68,69,70,71,72,73,74,75,76,77,78,79,80,81,82,83,84,85,86,87,88,89,90,91,92,93,94,95,96,97,98,99]
CFO=-487.01567014799826,STO=5
EsN0dB=24.75,GRXdB=17,N0=0.002511886414140463
packet_number=586,correct=True,payload=[0,1,2,3,4,5,6,7,8,9,10,11,12,13,14,15,16,17,18,19,20,21,22,23,24,25,26,27,28,29,30,31,32,33,34,35,36,37,38,39,40,41,42,43,44,45,46,47,48,49,50,51,52,53,54,55,56,57,58,59,60,61,62,63,64,65,66,67,68,69,70,71,72,73,74,75,76,77,78,79,80,81,82,83,84,85,86,87,88,89,90,91,92,93,94,95,96,97,98,99]
CFO=-461.1218716090001,STO=1
EsN0dB=24.78,GRXdB=17,N0=0.002511886414140463
packet_number=587,correct=True,payload=[0,1,2,3,4,5,6,7,8,9,10,11,12,13,14,15,16,17,18,19,20,21,22,23,24,25,26,27,28,29,30,31,32,33,34,35,36,37,38,39,40,41,42,43,44,45,46,47,48,49,50,51,52,53,54,55,56,57,58,59,60,61,62,63,64,65,66,67,68,69,70,71,72,73,74,75,76,77,78,79,80,81,82,83,84,85,86,87,88,89,90,91,92,93,94,95,96,97,98,99]
CFO=-455.95218324619185,STO=3
EsN0dB=24.76,GRXdB=17,N0=0.002511886414140463
packet_number=588,correct=True,payload=[0,1,2,3,4,5,6,7,8,9,10,11,12,13,14,15,16,17,18,19,20,21,22,23,24,25,26,27,28,29,30,31,32,33,34,35,36,37,38,39,40,41,42,43,44,45,46,47,48,49,50,51,52,53,54,55,56,57,58,59,60,61,62,63,64,65,66,67,68,69,70,71,72,73,74,75,76,77,78,79,80,81,82,83,84,85,86,87,88,89,90,91,92,93,94,95,96,97,98,99]
CFO=-402.9070487350707,STO=3
EsN0dB=24.76,GRXdB=17,N0=0.002511886414140463
packet_number=589,correct=True,payload=[0,1,2,3,4,5,6,7,8,9,10,11,12,13,14,15,16,17,18,19,20,21,22,23,24,25,26,27,28,29,30,31,32,33,34,35,36,37,38,39,40,41,42,43,44,45,46,47,48,49,50,51,52,53,54,55,56,57,58,59,60,61,62,63,64,65,66,67,68,69,70,71,72,73,74,75,76,77,78,79,80,81,82,83,84,85,86,87,88,89,90,91,92,93,94,95,96,97,98,99]
CFO=-511.3212421905406,STO=5
EsN0dB=24.80,GRXdB=17,N0=0.002511886414140463
packet_number=590,correct=True,payload=[0,1,2,3,4,5,6,7,8,9,10,11,12,13,14,15,16,17,18,19,20,21,22,23,24,25,26,27,28,29,30,31,32,33,34,35,36,37,38,39,40,41,42,43,44,45,46,47,48,49,50,51,52,53,54,55,56,57,58,59,60,61,62,63,64,65,66,67,68,69,70,71,72,73,74,75,76,77,78,79,80,81,82,83,84,85,86,87,88,89,90,91,92,93,94,95,96,97,98,99]
CFO=-434.7684879020214,STO=0
EsN0dB=24.77,GRXdB=17,N0=0.002511886414140463
packet_number=591,correct=True,payload=[0,1,2,3,4,5,6,7,8,9,10,11,12,13,14,15,16,17,18,19,20,21,22,23,24,25,26,27,28,29,30,31,32,33,34,35,36,37,38,39,40,41,42,43,44,45,46,47,48,49,50,51,52,53,54,55,56,57,58,59,60,61,62,63,64,65,66,67,68,69,70,71,72,73,74,75,76,77,78,79,80,81,82,83,84,85,86,87,88,89,90,91,92,93,94,95,96,97,98,99]
CFO=-450.15363723206644,STO=3
EsN0dB=24.77,GRXdB=17,N0=0.002511886414140463
packet_number=592,correct=True,payload=[0,1,2,3,4,5,6,7,8,9,10,11,12,13,14,15,16,17,18,19,20,21,22,23,24,25,26,27,28,29,30,31,32,33,34,35,36,37,38,39,40,41,42,43,44,45,46,47,48,49,50,51,52,53,54,55,56,57,58,59,60,61,62,63,64,65,66,67,68,69,70,71,72,73,74,75,76,77,78,79,80,81,82,83,84,85,86,87,88,89,90,91,92,93,94,95,96,97,98,99]
CFO=-423.5915236555302,STO=4
EsN0dB=24.76,GRXdB=17,N0=0.002511886414140463
packet_number=593,correct=True,payload=[0,1,2,3,4,5,6,7,8,9,10,11,12,13,14,15,16,17,18,19,20,21,22,23,24,25,26,27,28,29,30,31,32,33,34,35,36,37,38,39,40,41,42,43,44,45,46,47,48,49,50,51,52,53,54,55,56,57,58,59,60,61,62,63,64,65,66,67,68,69,70,71,72,73,74,75,76,77,78,79,80,81,82,83,84,85,86,87,88,89,90,91,92,93,94,95,96,97,98,99]
CFO=-439.0532754543917,STO=5
EsN0dB=24.79,GRXdB=17,N0=0.002511886414140463
packet_number=594,correct=True,payload=[0,1,2,3,4,5,6,7,8,9,10,11,12,13,14,15,16,17,18,19,20,21,22,23,24,25,26,27,28,29,30,31,32,33,34,35,36,37,38,39,40,41,42,43,44,45,46,47,48,49,50,51,52,53,54,55,56,57,58,59,60,61,62,63,64,65,66,67,68,69,70,71,72,73,74,75,76,77,78,79,80,81,82,83,84,85,86,87,88,89,90,91,92,93,94,95,96,97,98,99]
CFO=-378.6449657876343,STO=4
EsN0dB=24.77,GRXdB=17,N0=0.002511886414140463
packet_number=595,correct=True,payload=[0,1,2,3,4,5,6,7,8,9,10,11,12,13,14,15,16,17,18,19,20,21,22,23,24,25,26,27,28,29,30,31,32,33,34,35,36,37,38,39,40,41,42,43,44,45,46,47,48,49,50,51,52,53,54,55,56,57,58,59,60,61,62,63,64,65,66,67,68,69,70,71,72,73,74,75,76,77,78,79,80,81,82,83,84,85,86,87,88,89,90,91,92,93,94,95,96,97,98,99]
CFO=-477.4665380087752,STO=4
EsN0dB=24.78,GRXdB=17,N0=0.002511886414140463
packet_number=596,correct=True,payload=[0,1,2,3,4,5,6,7,8,9,10,11,12,13,14,15,16,17,18,19,20,21,22,23,24,25,26,27,28,29,30,31,32,33,34,35,36,37,38,39,40,41,42,43,44,45,46,47,48,49,50,51,52,53,54,55,56,57,58,59,60,61,62,63,64,65,66,67,68,69,70,71,72,73,74,75,76,77,78,79,80,81,82,83,84,85,86,87,88,89,90,91,92,93,94,95,96,97,98,99]
CFO=-462.3141012871702,STO=5
EsN0dB=24.76,GRXdB=17,N0=0.002511886414140463
packet_number=597,correct=True,payload=[0,1,2,3,4,5,6,7,8,9,10,11,12,13,14,15,16,17,18,19,20,21,22,23,24,25,26,27,28,29,30,31,32,33,34,35,36,37,38,39,40,41,42,43,44,45,46,47,48,49,50,51,52,53,54,55,56,57,58,59,60,61,62,63,64,65,66,67,68,69,70,71,72,73,74,75,76,77,78,79,80,81,82,83,84,85,86,87,88,89,90,91,92,93,94,95,96,97,98,99]
CFO=-434.2575577355927,STO=4
EsN0dB=24.77,GRXdB=17,N0=0.002511886414140463
packet_number=598,correct=True,payload=[0,1,2,3,4,5,6,7,8,9,10,11,12,13,14,15,16,17,18,19,20,21,22,23,24,25,26,27,28,29,30,31,32,33,34,35,36,37,38,39,40,41,42,43,44,45,46,47,48,49,50,51,52,53,54,55,56,57,58,59,60,61,62,63,64,65,66,67,68,69,70,71,72,73,74,75,76,77,78,79,80,81,82,83,84,85,86,87,88,89,90,91,92,93,94,95,96,97,98,99]
CFO=-395.50062164367466,STO=2
EsN0dB=24.76,GRXdB=17,N0=0.002511886414140463
packet_number=599,correct=True,payload=[0,1,2,3,4,5,6,7,8,9,10,11,12,13,14,15,16,17,18,19,20,21,22,23,24,25,26,27,28,29,30,31,32,33,34,35,36,37,38,39,40,41,42,43,44,45,46,47,48,49,50,51,52,53,54,55,56,57,58,59,60,61,62,63,64,65,66,67,68,69,70,71,72,73,74,75,76,77,78,79,80,81,82,83,84,85,86,87,88,89,90,91,92,93,94,95,96,97,98,99]
CFO=-460.35451289951317,STO=4
EsN0dB=24.77,GRXdB=17,N0=0.002511886414140463
packet_number=600,correct=True,payload=[0,1,2,3,4,5,6,7,8,9,10,11,12,13,14,15,16,17,18,19,20,21,22,23,24,25,26,27,28,29,30,31,32,33,34,35,36,37,38,39,40,41,42,43,44,45,46,47,48,49,50,51,52,53,54,55,56,57,58,59,60,61,62,63,64,65,66,67,68,69,70,71,72,73,74,75,76,77,78,79,80,81,82,83,84,85,86,87,88,89,90,91,92,93,94,95,96,97,98,99]
CFO=-851.2408437242173,STO=5
EsN0dB=-12.85,GRXdB=17,N0=0.002511886414140463
packet_number=601,correct=False,payload=[33,120,186,222,89,149,109,112,35,132,151,233,55,139,209,201,109,191,246,206,254,98,141,236,45,199,87,127,158,136,246,42,216,220,248,189,249,198,92,58,213,170,184,4,141,97,121,14,163,181,152,2,94,62,242,16,6,164,188,193,176,228,218,122,161,100,112,220,28,60,75,110,75,250,246,156,116,63,150,194,8,172,194,82,27,31,94,134,3,31,244,246,184,222,0,4,243,243,181,151]
CFO=-469.74611194303554,STO=5
EsN0dB=24.78,GRXdB=17,N0=0.002511886414140463
packet_number=602,correct=True,payload=[0,1,2,3,4,5,6,7,8,9,10,11,12,13,14,15,16,17,18,19,20,21,22,23,24,25,26,27,28,29,30,31,32,33,34,35,36,37,38,39,40,41,42,43,44,45,46,47,48,49,50,51,52,53,54,55,56,57,58,59,60,61,62,63,64,65,66,67,68,69,70,71,72,73,74,75,76,77,78,79,80,81,82,83,84,85,86,87,88,89,90,91,92,93,94,95,96,97,98,99]
CFO=-434.5553409396412,STO=1
EsN0dB=24.78,GRXdB=17,N0=0.002511886414140463
packet_number=603,correct=True,payload=[0,1,2,3,4,5,6,7,8,9,10,11,12,13,14,15,16,17,18,19,20,21,22,23,24,25,26,27,28,29,30,31,32,33,34,35,36,37,38,39,40,41,42,43,44,45,46,47,48,49,50,51,52,53,54,55,56,57,58,59,60,61,62,63,64,65,66,67,68,69,70,71,72,73,74,75,76,77,78,79,80,81,82,83,84,85,86,87,88,89,90,91,92,93,94,95,96,97,98,99]
CFO=-445.0033959356451,STO=4
EsN0dB=24.77,GRXdB=17,N0=0.002511886414140463
packet_number=604,correct=True,payload=[0,1,2,3,4,5,6,7,8,9,10,11,12,13,14,15,16,17,18,19,20,21,22,23,24,25,26,27,28,29,30,31,32,33,34,35,36,37,38,39,40,41,42,43,44,45,46,47,48,49,50,51,52,53,54,55,56,57,58,59,60,61,62,63,64,65,66,67,68,69,70,71,72,73,74,75,76,77,78,79,80,81,82,83,84,85,86,87,88,89,90,91,92,93,94,95,96,97,98,99]
CFO=-431.42498579464336,STO=4
EsN0dB=24.75,GRXdB=17,N0=0.002511886414140463
packet_number=605,correct=True,payload=[0,1,2,3,4,5,6,7,8,9,10,11,12,13,14,15,16,17,18,19,20,21,22,23,24,25,26,27,28,29,30,31,32,33,34,35,36,37,38,39,40,41,42,43,44,45,46,47,48,49,50,51,52,53,54,55,56,57,58,59,60,61,62,63,64,65,66,67,68,69,70,71,72,73,74,75,76,77,78,79,80,81,82,83,84,85,86,87,88,89,90,91,92,93,94,95,96,97,98,99]
CFO=1763.367487813809,STO=3
EsN0dB=-8.07,GRXdB=17,N0=0.002511886414140463
packet_number=606,correct=False,payload=[147,49,93,233,131,45,217,4,36,105,206,218,120,37,69,6,83,208,103,179,108,142,201,185,158,228,0,189,5,153,40,31,0,26,69,85,141,86,118,99,58,18,170,223,21,71,17,1,126,141,144,212,72,103,181,131,234,107,152,214,192,66,172,83,145,106,172,0,177,33,220,31,214,5,211,12,197,253,120,95,24,223,234,200,26,129,52,25,160,19,91,195,16,5,7,156,27,121,83,180]
CFO=-411.2230708538257,STO=3
EsN0dB=24.74,GRXdB=17,N0=0.002511886414140463
packet_number=607,correct=True,payload=[0,1,2,3,4,5,6,7,8,9,10,11,12,13,14,15,16,17,18,19,20,21,22,23,24,25,26,27,28,29,30,31,32,33,34,35,36,37,38,39,40,41,42,43,44,45,46,47,48,49,50,51,52,53,54,55,56,57,58,59,60,61,62,63,64,65,66,67,68,69,70,71,72,73,74,75,76,77,78,79,80,81,82,83,84,85,86,87,88,89,90,91,92,93,94,95,96,97,98,99]
CFO=-418.6800425308765,STO=3
EsN0dB=24.80,GRXdB=17,N0=0.002511886414140463
packet_number=608,correct=True,payload=[0,1,2,3,4,5,6,7,8,9,10,11,12,13,14,15,16,17,18,19,20,21,22,23,24,25,26,27,28,29,30,31,32,33,34,35,36,37,38,39,40,41,42,43,44,45,46,47,48,49,50,51,52,53,54,55,56,57,58,59,60,61,62,63,64,65,66,67,68,69,70,71,72,73,74,75,76,77,78,79,80,81,82,83,84,85,86,87,88,89,90,91,92,93,94,95,96,97,98,99]
CFO=-393.29074121104185,STO=5
EsN0dB=24.77,GRXdB=17,N0=0.002511886414140463
packet_number=609,correct=True,payload=[0,1,2,3,4,5,6,7,8,9,10,11,12,13,14,15,16,17,18,19,20,21,22,23,24,25,26,27,28,29,30,31,32,33,34,35,36,37,38,39,40,41,42,43,44,45,46,47,48,49,50,51,52,53,54,55,56,57,58,59,60,61,62,63,64,65,66,67,68,69,70,71,72,73,74,75,76,77,78,79,80,81,82,83,84,85,86,87,88,89,90,91,92,93,94,95,96,97,98,99]
CFO=-449.7886193533756,STO=2
EsN0dB=24.74,GRXdB=17,N0=0.002511886414140463
packet_number=610,correct=True,payload=[0,1,2,3,4,5,6,7,8,9,10,11,12,13,14,15,16,17,18,19,20,21,22,23,24,25,26,27,28,29,30,31,32,33,34,35,36,37,38,39,40,41,42,43,44,45,46,47,48,49,50,51,52,53,54,55,56,57,58,59,60,61,62,63,64,65,66,67,68,69,70,71,72,73,74,75,76,77,78,79,80,81,82,83,84,85,86,87,88,89,90,91,92,93,94,95,96,97,98,99]
CFO=-404.4797412943517,STO=4
EsN0dB=24.73,GRXdB=17,N0=0.002511886414140463
packet_number=611,correct=True,payload=[0,1,2,3,4,5,6,7,8,9,10,11,12,13,14,15,16,17,18,19,20,21,22,23,24,25,26,27,28,29,30,31,32,33,34,35,36,37,38,39,40,41,42,43,44,45,46,47,48,49,50,51,52,53,54,55,56,57,58,59,60,61,62,63,64,65,66,67,68,69,70,71,72,73,74,75,76,77,78,79,80,81,82,83,84,85,86,87,88,89,90,91,92,93,94,95,96,97,98,99]
CFO=-338.4782656072616,STO=4
EsN0dB=23.72,GRXdB=17,N0=0.003162277629598975
packet_number=612,correct=True,payload=[0,1,2,3,4,5,6,7,8,9,10,11,12,13,14,15,16,17,18,19,20,21,22,23,24,25,26,27,28,29,30,31,32,33,34,35,36,37,38,39,40,41,42,43,44,45,46,47,48,49,50,51,52,53,54,55,56,57,58,59,60,61,62,63,64,65,66,67,68,69,70,71,72,73,74,75,76,77,78,79,80,81,82,83,84,85,86,87,88,89,90,91,92,93,94,95,96,97,98,99]
CFO=-460.7667551330123,STO=4
EsN0dB=23.77,GRXdB=17,N0=0.003162277629598975
packet_number=613,correct=True,payload=[0,1,2,3,4,5,6,7,8,9,10,11,12,13,14,15,16,17,18,19,20,21,22,23,24,25,26,27,28,29,30,31,32,33,34,35,36,37,38,39,40,41,42,43,44,45,46,47,48,49,50,51,52,53,54,55,56,57,58,59,60,61,62,63,64,65,66,67,68,69,70,71,72,73,74,75,76,77,78,79,80,81,82,83,84,85,86,87,88,89,90,91,92,93,94,95,96,97,98,99]
CFO=-454.42846409189724,STO=2
EsN0dB=23.76,GRXdB=17,N0=0.003162277629598975
packet_number=614,correct=True,payload=[0,1,2,3,4,5,6,7,8,9,10,11,12,13,14,15,16,17,18,19,20,21,22,23,24,25,26,27,28,29,30,31,32,33,34,35,36,37,38,39,40,41,42,43,44,45,46,47,48,49,50,51,52,53,54,55,56,57,58,59,60,61,62,63,64,65,66,67,68,69,70,71,72,73,74,75,76,77,78,79,80,81,82,83,84,85,86,87,88,89,90,91,92,93,94,95,96,97,98,99]
CFO=-463.59407992342733,STO=4
EsN0dB=23.78,GRXdB=17,N0=0.003162277629598975
packet_number=615,correct=True,payload=[0,1,2,3,4,5,6,7,8,9,10,11,12,13,14,15,16,17,18,19,20,21,22,23,24,25,26,27,28,29,30,31,32,33,34,35,36,37,38,39,40,41,42,43,44,45,46,47,48,49,50,51,52,53,54,55,56,57,58,59,60,61,62,63,64,65,66,67,68,69,70,71,72,73,74,75,76,77,78,79,80,81,82,83,84,85,86,87,88,89,90,91,92,93,94,95,96,97,98,99]
CFO=-463.10947444442473,STO=3
EsN0dB=23.78,GRXdB=17,N0=0.003162277629598975
packet_number=616,correct=True,payload=[0,1,2,3,4,5,6,7,8,9,10,11,12,13,14,15,16,17,18,19,20,21,22,23,24,25,26,27,28,29,30,31,32,33,34,35,36,37,38,39,40,41,42,43,44,45,46,47,48,49,50,51,52,53,54,55,56,57,58,59,60,61,62,63,64,65,66,67,68,69,70,71,72,73,74,75,76,77,78,79,80,81,82,83,84,85,86,87,88,89,90,91,92,93,94,95,96,97,98,99]
CFO=-178.50610461073504,STO=0
EsN0dB=-9.02,GRXdB=17,N0=0.003162277629598975
packet_number=617,correct=False,payload=[213,144,52,105,144,203,153,229,131,245,150,244,107,54,30,127,124,16,128,77,123,48,162,142,249,244,110,97,109,120,174,61,64,193,245,137,93,5,162,227,128,60,128,250,195,105,213,30,30,152,25,197,219,57,109,82,98,84,92,235,189,255,88,115,147,179,233,34,90,175,2,196,92,120,163,11,71,211,191,145,41,92,49,174,161,178,88,67,69,158,203,172,138,160,205,46,253,25,60,199]
CFO=-407.3324717797264,STO=5
EsN0dB=23.75,GRXdB=17,N0=0.003162277629598975
packet_number=618,correct=True,payload=[0,1,2,3,4,5,6,7,8,9,10,11,12,13,14,15,16,17,18,19,20,21,22,23,24,25,26,27,28,29,30,31,32,33,34,35,36,37,38,39,40,41,42,43,44,45,46,47,48,49,50,51,52,53,54,55,56,57,58,59,60,61,62,63,64,65,66,67,68,69,70,71,72,73,74,75,76,77,78,79,80,81,82,83,84,85,86,87,88,89,90,91,92,93,94,95,96,97,98,99]
CFO=-527.5793454289596,STO=1
EsN0dB=23.78,GRXdB=17,N0=0.003162277629598975
packet_number=619,correct=True,payload=[0,1,2,3,4,5,6,7,8,9,10,11,12,13,14,15,16,17,18,19,20,21,22,23,24,25,26,27,28,29,30,31,32,33,34,35,36,37,38,39,40,41,42,43,44,45,46,47,48,49,50,51,52,53,54,55,56,57,58,59,60,61,62,63,64,65,66,67,68,69,70,71,72,73,74,75,76,77,78,79,80,81,82,83,84,85,86,87,88,89,90,91,92,93,94,95,96,97,98,99]
CFO=-430.2116192897448,STO=2
EsN0dB=23.76,GRXdB=17,N0=0.003162277629598975
packet_number=620,correct=True,payload=[0,1,2,3,4,5,6,7,8,9,10,11,12,13,14,15,16,17,18,19,20,21,22,23,24,25,26,27,28,29,30,31,32,33,34,35,36,37,38,39,40,41,42,43,44,45,46,47,48,49,50,51,52,53,54,55,56,57,58,59,60,61,62,63,64,65,66,67,68,69,70,71,72,73,74,75,76,77,78,79,80,81,82,83,84,85,86,87,88,89,90,91,92,93,94,95,96,97,98,99]
CFO=-496.6375509166624,STO=5
EsN0dB=23.78,GRXdB=17,N0=0.003162277629598975
packet_number=621,correct=True,payload=[0,1,2,3,4,5,6,7,8,9,10,11,12,13,14,15,16,17,18,19,20,21,22,23,24,25,26,27,28,29,30,31,32,33,34,35,36,37,38,39,40,41,42,43,44,45,46,47,48,49,50,51,52,53,54,55,56,57,58,59,60,61,62,63,64,65,66,67,68,69,70,71,72,73,74,75,76,77,78,79,80,81,82,83,84,85,86,87,88,89,90,91,92,93,94,95,96,97,98,99]
CFO=2020.5720162527177,STO=3
EsN0dB=-6.94,GRXdB=17,N0=0.003162277629598975
packet_number=622,correct=False,payload=[179,89,197,255,163,244,71,74,21,24,18,75,148,66,22,253,147,236,102,252,8,234,40,245,133,132,209,176,104,94,21,224,163,136,131,147,210,242,128,45,249,55,168,244,114,179,62,92,28,112,205,253,26,10,69,15,52,196,99,127,196,153,124,14,139,10,134,168,84,67,218,123,122,159,6,167,34,8,17,197,115,224,112,183,187,86,34,202,145,51,99,208,202,49,40,237,122,147,52,20]
CFO=-470.8304934085299,STO=4
EsN0dB=23.76,GRXdB=17,N0=0.003162277629598975
packet_number=623,correct=True,payload=[0,1,2,3,4,5,6,7,8,9,10,11,12,13,14,15,16,17,18,19,20,21,22,23,24,25,26,27,28,29,30,31,32,33,34,35,36,37,38,39,40,41,42,43,44,45,46,47,48,49,50,51,52,53,54,55,56,57,58,59,60,61,62,63,64,65,66,67,68,69,70,71,72,73,74,75,76,77,78,79,80,81,82,83,84,85,86,87,88,89,90,91,92,93,94,95,96,97,98,99]
CFO=-404.4589602066426,STO=0
EsN0dB=23.76,GRXdB=17,N0=0.003162277629598975
packet_number=624,correct=False,payload=[0,1,2,3,4,13,6,7,8,9,10,11,12,13,14,15,16,17,18,54,52,21,62,39,56,25,58,27,28,28,30,31,32,33,34,35,36,37,38,39,40,41,42,43,12,45,46,47,48,33,48,51,52,53,54,55,112,121,58,59,60,61,62,63,64,65,194,67,68,69,70,7,72,73,74,203,76,73,206,79,80,83,82,83,84,69,94,71,88,89,90,91,92,93,94,95,96,97,98,195]
CFO=-464.68943000868256,STO=6
EsN0dB=23.77,GRXdB=17,N0=0.003162277629598975
packet_number=625,correct=True,payload=[0,1,2,3,4,5,6,7,8,9,10,11,12,13,14,15,16,17,18,19,20,21,22,23,24,25,26,27,28,29,30,31,32,33,34,35,36,37,38,39,40,41,42,43,44,45,46,47,48,49,50,51,52,53,54,55,56,57,58,59,60,61,62,63,64,65,66,67,68,69,70,71,72,73,74,75,76,77,78,79,80,81,82,83,84,85,86,87,88,89,90,91,92,93,94,95,96,97,98,99]
CFO=-436.8904118621393,STO=1
EsN0dB=23.77,GRXdB=17,N0=0.003162277629598975
packet_number=626,correct=True,payload=[0,1,2,3,4,5,6,7,8,9,10,11,12,13,14,15,16,17,18,19,20,21,22,23,24,25,26,27,28,29,30,31,32,33,34,35,36,37,38,39,40,41,42,43,44,45,46,47,48,49,50,51,52,53,54,55,56,57,58,59,60,61,62,63,64,65,66,67,68,69,70,71,72,73,74,75,76,77,78,79,80,81,82,83,84,85,86,87,88,89,90,91,92,93,94,95,96,97,98,99]
CFO=-517.618237860502,STO=3
EsN0dB=23.78,GRXdB=17,N0=0.003162277629598975
packet_number=627,correct=True,payload=[0,1,2,3,4,5,6,7,8,9,10,11,12,13,14,15,16,17,18,19,20,21,22,23,24,25,26,27,28,29,30,31,32,33,34,35,36,37,38,39,40,41,42,43,44,45,46,47,48,49,50,51,52,53,54,55,56,57,58,59,60,61,62,63,64,65,66,67,68,69,70,71,72,73,74,75,76,77,78,79,80,81,82,83,84,85,86,87,88,89,90,91,92,93,94,95,96,97,98,99]
CFO=-450.32136817965295,STO=1
EsN0dB=23.75,GRXdB=17,N0=0.003162277629598975
packet_number=628,correct=True,payload=[0,1,2,3,4,5,6,7,8,9,10,11,12,13,14,15,16,17,18,19,20,21,22,23,24,25,26,27,28,29,30,31,32,33,34,35,36,37,38,39,40,41,42,43,44,45,46,47,48,49,50,51,52,53,54,55,56,57,58,59,60,61,62,63,64,65,66,67,68,69,70,71,72,73,74,75,76,77,78,79,80,81,82,83,84,85,86,87,88,89,90,91,92,93,94,95,96,97,98,99]
CFO=-493.94677061981105,STO=5
EsN0dB=23.75,GRXdB=17,N0=0.003162277629598975
packet_number=629,correct=True,payload=[0,1,2,3,4,5,6,7,8,9,10,11,12,13,14,15,16,17,18,19,20,21,22,23,24,25,26,27,28,29,30,31,32,33,34,35,36,37,38,39,40,41,42,43,44,45,46,47,48,49,50,51,52,53,54,55,56,57,58,59,60,61,62,63,64,65,66,67,68,69,70,71,72,73,74,75,76,77,78,79,80,81,82,83,84,85,86,87,88,89,90,91,92,93,94,95,96,97,98,99]
CFO=-445.96937559755855,STO=1
EsN0dB=23.78,GRXdB=17,N0=0.003162277629598975
packet_number=630,correct=True,payload=[0,1,2,3,4,5,6,7,8,9,10,11,12,13,14,15,16,17,18,19,20,21,22,23,24,25,26,27,28,29,30,31,32,33,34,35,36,37,38,39,40,41,42,43,44,45,46,47,48,49,50,51,52,53,54,55,56,57,58,59,60,61,62,63,64,65,66,67,68,69,70,71,72,73,74,75,76,77,78,79,80,81,82,83,84,85,86,87,88,89,90,91,92,93,94,95,96,97,98,99]
CFO=-396.9736776326414,STO=6
EsN0dB=23.79,GRXdB=17,N0=0.003162277629598975
packet_number=631,correct=True,payload=[0,1,2,3,4,5,6,7,8,9,10,11,12,13,14,15,16,17,18,19,20,21,22,23,24,25,26,27,28,29,30,31,32,33,34,35,36,37,38,39,40,41,42,43,44,45,46,47,48,49,50,51,52,53,54,55,56,57,58,59,60,61,62,63,64,65,66,67,68,69,70,71,72,73,74,75,76,77,78,79,80,81,82,83,84,85,86,87,88,89,90,91,92,93,94,95,96,97,98,99]
CFO=-443.4722655517823,STO=3
EsN0dB=23.76,GRXdB=17,N0=0.003162277629598975
packet_number=632,correct=True,payload=[0,1,2,3,4,5,6,7,8,9,10,11,12,13,14,15,16,17,18,19,20,21,22,23,24,25,26,27,28,29,30,31,32,33,34,35,36,37,38,39,40,41,42,43,44,45,46,47,48,49,50,51,52,53,54,55,56,57,58,59,60,61,62,63,64,65,66,67,68,69,70,71,72,73,74,75,76,77,78,79,80,81,82,83,84,85,86,87,88,89,90,91,92,93,94,95,96,97,98,99]
CFO=-218.7518233207634,STO=0
EsN0dB=nan,GRXdB=17,N0=0.003162277629598975
packet_number=633,correct=False,payload=[228,161,23,184,91,87,153,188,26,12,82,174,4,197,182,16,43,39,245,170,87,118,236,164,164,61,89,103,163,94,67,57,20,98,204,239,133,22,62,115,66,64,21,1,170,70,81,116,235,11,186,51,88,40,52,212,136,28,123,147,137,117,147,244,41,161,21,54,83,65,55,52,67,71,242,77,177,165,64,160,17,103,46,252,10,233,7,70,190,97,46,219,32,236,152,140,98,6,74,14]
CFO=-446.89809159720335,STO=4
EsN0dB=23.73,GRXdB=17,N0=0.003162277629598975
packet_number=634,correct=True,payload=[0,1,2,3,4,5,6,7,8,9,10,11,12,13,14,15,16,17,18,19,20,21,22,23,24,25,26,27,28,29,30,31,32,33,34,35,36,37,38,39,40,41,42,43,44,45,46,47,48,49,50,51,52,53,54,55,56,57,58,59,60,61,62,63,64,65,66,67,68,69,70,71,72,73,74,75,76,77,78,79,80,81,82,83,84,85,86,87,88,89,90,91,92,93,94,95,96,97,98,99]
CFO=-410.12733538463294,STO=3
EsN0dB=23.79,GRXdB=17,N0=0.003162277629598975
packet_number=635,correct=True,payload=[0,1,2,3,4,5,6,7,8,9,10,11,12,13,14,15,16,17,18,19,20,21,22,23,24,25,26,27,28,29,30,31,32,33,34,35,36,37,38,39,40,41,42,43,44,45,46,47,48,49,50,51,52,53,54,55,56,57,58,59,60,61,62,63,64,65,66,67,68,69,70,71,72,73,74,75,76,77,78,79,80,81,82,83,84,85,86,87,88,89,90,91,92,93,94,95,96,97,98,99]
CFO=-429.8593487259112,STO=1
EsN0dB=23.77,GRXdB=17,N0=0.003162277629598975
packet_number=636,correct=False,payload=[0,1,2,3,4,5,6,7,8,9,10,11,12,13,14,15,16,17,18,19,20,21,22,23,24,24,26,27,28,29,30,31,32,33,34,35,36,37,38,39,40,41,42,43,44,45,46,47,48,49,50,51,52,53,54,55,56,57,58,51,60,61,62,63,64,65,66,67,68,69,70,71,72,73,74,75,76,77,78,79,80,81,82,83,84,85,86,87,88,89,90,91,92,93,94,95,96,97,98,99]
CFO=-469.11550524154023,STO=7
EsN0dB=23.78,GRXdB=17,N0=0.003162277629598975
packet_number=637,correct=True,payload=[0,1,2,3,4,5,6,7,8,9,10,11,12,13,14,15,16,17,18,19,20,21,22,23,24,25,26,27,28,29,30,31,32,33,34,35,36,37,38,39,40,41,42,43,44,45,46,47,48,49,50,51,52,53,54,55,56,57,58,59,60,61,62,63,64,65,66,67,68,69,70,71,72,73,74,75,76,77,78,79,80,81,82,83,84,85,86,87,88,89,90,91,92,93,94,95,96,97,98,99]
CFO=-438.29934589288234,STO=3
EsN0dB=23.77,GRXdB=17,N0=0.003162277629598975
packet_number=638,correct=True,payload=[0,1,2,3,4,5,6,7,8,9,10,11,12,13,14,15,16,17,18,19,20,21,22,23,24,25,26,27,28,29,30,31,32,33,34,35,36,37,38,39,40,41,42,43,44,45,46,47,48,49,50,51,52,53,54,55,56,57,58,59,60,61,62,63,64,65,66,67,68,69,70,71,72,73,74,75,76,77,78,79,80,81,82,83,84,85,86,87,88,89,90,91,92,93,94,95,96,97,98,99]
CFO=-420.7577362729317,STO=4
EsN0dB=23.74,GRXdB=17,N0=0.003162277629598975
packet_number=639,correct=True,payload=[0,1,2,3,4,5,6,7,8,9,10,11,12,13,14,15,16,17,18,19,20,21,22,23,24,25,26,27,28,29,30,31,32,33,34,35,36,37,38,39,40,41,42,43,44,45,46,47,48,49,50,51,52,53,54,55,56,57,58,59,60,61,62,63,64,65,66,67,68,69,70,71,72,73,74,75,76,77,78,79,80,81,82,83,84,85,86,87,88,89,90,91,92,93,94,95,96,97,98,99]
CFO=-490.0991270322888,STO=6
EsN0dB=23.78,GRXdB=17,N0=0.003162277629598975
packet_number=640,correct=True,payload=[0,1,2,3,4,5,6,7,8,9,10,11,12,13,14,15,16,17,18,19,20,21,22,23,24,25,26,27,28,29,30,31,32,33,34,35,36,37,38,39,40,41,42,43,44,45,46,47,48,49,50,51,52,53,54,55,56,57,58,59,60,61,62,63,64,65,66,67,68,69,70,71,72,73,74,75,76,77,78,79,80,81,82,83,84,85,86,87,88,89,90,91,92,93,94,95,96,97,98,99]
CFO=-416.8510400082104,STO=1
EsN0dB=23.77,GRXdB=17,N0=0.003162277629598975
packet_number=641,correct=True,payload=[0,1,2,3,4,5,6,7,8,9,10,11,12,13,14,15,16,17,18,19,20,21,22,23,24,25,26,27,28,29,30,31,32,33,34,35,36,37,38,39,40,41,42,43,44,45,46,47,48,49,50,51,52,53,54,55,56,57,58,59,60,61,62,63,64,65,66,67,68,69,70,71,72,73,74,75,76,77,78,79,80,81,82,83,84,85,86,87,88,89,90,91,92,93,94,95,96,97,98,99]
CFO=-466.6547398655662,STO=3
EsN0dB=23.77,GRXdB=17,N0=0.003162277629598975
packet_number=642,correct=True,payload=[0,1,2,3,4,5,6,7,8,9,10,11,12,13,14,15,16,17,18,19,20,21,22,23,24,25,26,27,28,29,30,31,32,33,34,35,36,37,38,39,40,41,42,43,44,45,46,47,48,49,50,51,52,53,54,55,56,57,58,59,60,61,62,63,64,65,66,67,68,69,70,71,72,73,74,75,76,77,78,79,80,81,82,83,84,85,86,87,88,89,90,91,92,93,94,95,96,97,98,99]
CFO=-429.8894679628762,STO=3
EsN0dB=23.78,GRXdB=17,N0=0.003162277629598975
packet_number=643,correct=True,payload=[0,1,2,3,4,5,6,7,8,9,10,11,12,13,14,15,16,17,18,19,20,21,22,23,24,25,26,27,28,29,30,31,32,33,34,35,36,37,38,39,40,41,42,43,44,45,46,47,48,49,50,51,52,53,54,55,56,57,58,59,60,61,62,63,64,65,66,67,68,69,70,71,72,73,74,75,76,77,78,79,80,81,82,83,84,85,86,87,88,89,90,91,92,93,94,95,96,97,98,99]
CFO=-466.99266228895584,STO=4
EsN0dB=23.75,GRXdB=17,N0=0.003162277629598975
packet_number=644,correct=True,payload=[0,1,2,3,4,5,6,7,8,9,10,11,12,13,14,15,16,17,18,19,20,21,22,23,24,25,26,27,28,29,30,31,32,33,34,35,36,37,38,39,40,41,42,43,44,45,46,47,48,49,50,51,52,53,54,55,56,57,58,59,60,61,62,63,64,65,66,67,68,69,70,71,72,73,74,75,76,77,78,79,80,81,82,83,84,85,86,87,88,89,90,91,92,93,94,95,96,97,98,99]
CFO=-392.20164620354217,STO=4
EsN0dB=23.78,GRXdB=17,N0=0.003162277629598975
packet_number=645,correct=True,payload=[0,1,2,3,4,5,6,7,8,9,10,11,12,13,14,15,16,17,18,19,20,21,22,23,24,25,26,27,28,29,30,31,32,33,34,35,36,37,38,39,40,41,42,43,44,45,46,47,48,49,50,51,52,53,54,55,56,57,58,59,60,61,62,63,64,65,66,67,68,69,70,71,72,73,74,75,76,77,78,79,80,81,82,83,84,85,86,87,88,89,90,91,92,93,94,95,96,97,98,99]
CFO=-368.7697691923306,STO=3
EsN0dB=23.79,GRXdB=17,N0=0.003162277629598975
packet_number=646,correct=True,payload=[0,1,2,3,4,5,6,7,8,9,10,11,12,13,14,15,16,17,18,19,20,21,22,23,24,25,26,27,28,29,30,31,32,33,34,35,36,37,38,39,40,41,42,43,44,45,46,47,48,49,50,51,52,53,54,55,56,57,58,59,60,61,62,63,64,65,66,67,68,69,70,71,72,73,74,75,76,77,78,79,80,81,82,83,84,85,86,87,88,89,90,91,92,93,94,95,96,97,98,99]
CFO=-445.88556941360184,STO=4
EsN0dB=23.77,GRXdB=17,N0=0.003162277629598975
packet_number=647,correct=True,payload=[0,1,2,3,4,5,6,7,8,9,10,11,12,13,14,15,16,17,18,19,20,21,22,23,24,25,26,27,28,29,30,31,32,33,34,35,36,37,38,39,40,41,42,43,44,45,46,47,48,49,50,51,52,53,54,55,56,57,58,59,60,61,62,63,64,65,66,67,68,69,70,71,72,73,74,75,76,77,78,79,80,81,82,83,84,85,86,87,88,89,90,91,92,93,94,95,96,97,98,99]
CFO=-432.01563114630716,STO=7
EsN0dB=23.78,GRXdB=17,N0=0.003162277629598975
packet_number=648,correct=True,payload=[0,1,2,3,4,5,6,7,8,9,10,11,12,13,14,15,16,17,18,19,20,21,22,23,24,25,26,27,28,29,30,31,32,33,34,35,36,37,38,39,40,41,42,43,44,45,46,47,48,49,50,51,52,53,54,55,56,57,58,59,60,61,62,63,64,65,66,67,68,69,70,71,72,73,74,75,76,77,78,79,80,81,82,83,84,85,86,87,88,89,90,91,92,93,94,95,96,97,98,99]
CFO=-436.9953252279061,STO=4
EsN0dB=23.79,GRXdB=17,N0=0.003162277629598975
packet_number=649,correct=True,payload=[0,1,2,3,4,5,6,7,8,9,10,11,12,13,14,15,16,17,18,19,20,21,22,23,24,25,26,27,28,29,30,31,32,33,34,35,36,37,38,39,40,41,42,43,44,45,46,47,48,49,50,51,52,53,54,55,56,57,58,59,60,61,62,63,64,65,66,67,68,69,70,71,72,73,74,75,76,77,78,79,80,81,82,83,84,85,86,87,88,89,90,91,92,93,94,95,96,97,98,99]
CFO=-427.36060820962996,STO=7
EsN0dB=23.74,GRXdB=17,N0=0.003162277629598975
packet_number=650,correct=True,payload=[0,1,2,3,4,5,6,7,8,9,10,11,12,13,14,15,16,17,18,19,20,21,22,23,24,25,26,27,28,29,30,31,32,33,34,35,36,37,38,39,40,41,42,43,44,45,46,47,48,49,50,51,52,53,54,55,56,57,58,59,60,61,62,63,64,65,66,67,68,69,70,71,72,73,74,75,76,77,78,79,80,81,82,83,84,85,86,87,88,89,90,91,92,93,94,95,96,97,98,99]
CFO=-465.46695692513697,STO=5
EsN0dB=23.77,GRXdB=17,N0=0.003162277629598975
packet_number=651,correct=True,payload=[0,1,2,3,4,5,6,7,8,9,10,11,12,13,14,15,16,17,18,19,20,21,22,23,24,25,26,27,28,29,30,31,32,33,34,35,36,37,38,39,40,41,42,43,44,45,46,47,48,49,50,51,52,53,54,55,56,57,58,59,60,61,62,63,64,65,66,67,68,69,70,71,72,73,74,75,76,77,78,79,80,81,82,83,84,85,86,87,88,89,90,91,92,93,94,95,96,97,98,99]
CFO=-421.93555852082136,STO=1
EsN0dB=23.76,GRXdB=17,N0=0.003162277629598975
packet_number=652,correct=True,payload=[0,1,2,3,4,5,6,7,8,9,10,11,12,13,14,15,16,17,18,19,20,21,22,23,24,25,26,27,28,29,30,31,32,33,34,35,36,37,38,39,40,41,42,43,44,45,46,47,48,49,50,51,52,53,54,55,56,57,58,59,60,61,62,63,64,65,66,67,68,69,70,71,72,73,74,75,76,77,78,79,80,81,82,83,84,85,86,87,88,89,90,91,92,93,94,95,96,97,98,99]
CFO=-494.68160885395287,STO=4
EsN0dB=23.78,GRXdB=17,N0=0.003162277629598975
packet_number=653,correct=True,payload=[0,1,2,3,4,5,6,7,8,9,10,11,12,13,14,15,16,17,18,19,20,21,22,23,24,25,26,27,28,29,30,31,32,33,34,35,36,37,38,39,40,41,42,43,44,45,46,47,48,49,50,51,52,53,54,55,56,57,58,59,60,61,62,63,64,65,66,67,68,69,70,71,72,73,74,75,76,77,78,79,80,81,82,83,84,85,86,87,88,89,90,91,92,93,94,95,96,97,98,99]
CFO=-445.44543131200817,STO=3
EsN0dB=23.80,GRXdB=17,N0=0.003162277629598975
packet_number=654,correct=True,payload=[0,1,2,3,4,5,6,7,8,9,10,11,12,13,14,15,16,17,18,19,20,21,22,23,24,25,26,27,28,29,30,31,32,33,34,35,36,37,38,39,40,41,42,43,44,45,46,47,48,49,50,51,52,53,54,55,56,57,58,59,60,61,62,63,64,65,66,67,68,69,70,71,72,73,74,75,76,77,78,79,80,81,82,83,84,85,86,87,88,89,90,91,92,93,94,95,96,97,98,99]
CFO=-424.8538339204968,STO=6
EsN0dB=23.76,GRXdB=17,N0=0.003162277629598975
packet_number=655,correct=True,payload=[0,1,2,3,4,5,6,7,8,9,10,11,12,13,14,15,16,17,18,19,20,21,22,23,24,25,26,27,28,29,30,31,32,33,34,35,36,37,38,39,40,41,42,43,44,45,46,47,48,49,50,51,52,53,54,55,56,57,58,59,60,61,62,63,64,65,66,67,68,69,70,71,72,73,74,75,76,77,78,79,80,81,82,83,84,85,86,87,88,89,90,91,92,93,94,95,96,97,98,99]
CFO=-482.914770023673,STO=4
EsN0dB=23.79,GRXdB=17,N0=0.003162277629598975
packet_number=656,correct=True,payload=[0,1,2,3,4,5,6,7,8,9,10,11,12,13,14,15,16,17,18,19,20,21,22,23,24,25,26,27,28,29,30,31,32,33,34,35,36,37,38,39,40,41,42,43,44,45,46,47,48,49,50,51,52,53,54,55,56,57,58,59,60,61,62,63,64,65,66,67,68,69,70,71,72,73,74,75,76,77,78,79,80,81,82,83,84,85,86,87,88,89,90,91,92,93,94,95,96,97,98,99]
CFO=-470.55141614791137,STO=4
EsN0dB=23.77,GRXdB=17,N0=0.003162277629598975
packet_number=657,correct=True,payload=[0,1,2,3,4,5,6,7,8,9,10,11,12,13,14,15,16,17,18,19,20,21,22,23,24,25,26,27,28,29,30,31,32,33,34,35,36,37,38,39,40,41,42,43,44,45,46,47,48,49,50,51,52,53,54,55,56,57,58,59,60,61,62,63,64,65,66,67,68,69,70,71,72,73,74,75,76,77,78,79,80,81,82,83,84,85,86,87,88,89,90,91,92,93,94,95,96,97,98,99]
CFO=-430.9667939378217,STO=4
EsN0dB=23.74,GRXdB=17,N0=0.003162277629598975
packet_number=658,correct=True,payload=[0,1,2,3,4,5,6,7,8,9,10,11,12,13,14,15,16,17,18,19,20,21,22,23,24,25,26,27,28,29,30,31,32,33,34,35,36,37,38,39,40,41,42,43,44,45,46,47,48,49,50,51,52,53,54,55,56,57,58,59,60,61,62,63,64,65,66,67,68,69,70,71,72,73,74,75,76,77,78,79,80,81,82,83,84,85,86,87,88,89,90,91,92,93,94,95,96,97,98,99]
CFO=-446.0386261266434,STO=7
EsN0dB=23.76,GRXdB=17,N0=0.003162277629598975
packet_number=659,correct=True,payload=[0,1,2,3,4,5,6,7,8,9,10,11,12,13,14,15,16,17,18,19,20,21,22,23,24,25,26,27,28,29,30,31,32,33,34,35,36,37,38,39,40,41,42,43,44,45,46,47,48,49,50,51,52,53,54,55,56,57,58,59,60,61,62,63,64,65,66,67,68,69,70,71,72,73,74,75,76,77,78,79,80,81,82,83,84,85,86,87,88,89,90,91,92,93,94,95,96,97,98,99]
CFO=-344.7497073576719,STO=5
EsN0dB=23.75,GRXdB=17,N0=0.003162277629598975
packet_number=660,correct=True,payload=[0,1,2,3,4,5,6,7,8,9,10,11,12,13,14,15,16,17,18,19,20,21,22,23,24,25,26,27,28,29,30,31,32,33,34,35,36,37,38,39,40,41,42,43,44,45,46,47,48,49,50,51,52,53,54,55,56,57,58,59,60,61,62,63,64,65,66,67,68,69,70,71,72,73,74,75,76,77,78,79,80,81,82,83,84,85,86,87,88,89,90,91,92,93,94,95,96,97,98,99]
CFO=-415.3254828689829,STO=3
EsN0dB=23.74,GRXdB=17,N0=0.003162277629598975
packet_number=661,correct=True,payload=[0,1,2,3,4,5,6,7,8,9,10,11,12,13,14,15,16,17,18,19,20,21,22,23,24,25,26,27,28,29,30,31,32,33,34,35,36,37,38,39,40,41,42,43,44,45,46,47,48,49,50,51,52,53,54,55,56,57,58,59,60,61,62,63,64,65,66,67,68,69,70,71,72,73,74,75,76,77,78,79,80,81,82,83,84,85,86,87,88,89,90,91,92,93,94,95,96,97,98,99]
CFO=-437.03872538825726,STO=4
EsN0dB=23.73,GRXdB=17,N0=0.003162277629598975
packet_number=662,correct=True,payload=[0,1,2,3,4,5,6,7,8,9,10,11,12,13,14,15,16,17,18,19,20,21,22,23,24,25,26,27,28,29,30,31,32,33,34,35,36,37,38,39,40,41,42,43,44,45,46,47,48,49,50,51,52,53,54,55,56,57,58,59,60,61,62,63,64,65,66,67,68,69,70,71,72,73,74,75,76,77,78,79,80,81,82,83,84,85,86,87,88,89,90,91,92,93,94,95,96,97,98,99]
CFO=-410.773149929202,STO=2
EsN0dB=23.77,GRXdB=17,N0=0.003162277629598975
packet_number=663,correct=True,payload=[0,1,2,3,4,5,6,7,8,9,10,11,12,13,14,15,16,17,18,19,20,21,22,23,24,25,26,27,28,29,30,31,32,33,34,35,36,37,38,39,40,41,42,43,44,45,46,47,48,49,50,51,52,53,54,55,56,57,58,59,60,61,62,63,64,65,66,67,68,69,70,71,72,73,74,75,76,77,78,79,80,81,82,83,84,85,86,87,88,89,90,91,92,93,94,95,96,97,98,99]
CFO=-419.38953435989526,STO=4
EsN0dB=23.77,GRXdB=17,N0=0.003162277629598975
packet_number=664,correct=True,payload=[0,1,2,3,4,5,6,7,8,9,10,11,12,13,14,15,16,17,18,19,20,21,22,23,24,25,26,27,28,29,30,31,32,33,34,35,36,37,38,39,40,41,42,43,44,45,46,47,48,49,50,51,52,53,54,55,56,57,58,59,60,61,62,63,64,65,66,67,68,69,70,71,72,73,74,75,76,77,78,79,80,81,82,83,84,85,86,87,88,89,90,91,92,93,94,95,96,97,98,99]
CFO=-466.69378222293125,STO=4
EsN0dB=23.76,GRXdB=17,N0=0.003162277629598975
packet_number=665,correct=True,payload=[0,1,2,3,4,5,6,7,8,9,10,11,12,13,14,15,16,17,18,19,20,21,22,23,24,25,26,27,28,29,30,31,32,33,34,35,36,37,38,39,40,41,42,43,44,45,46,47,48,49,50,51,52,53,54,55,56,57,58,59,60,61,62,63,64,65,66,67,68,69,70,71,72,73,74,75,76,77,78,79,80,81,82,83,84,85,86,87,88,89,90,91,92,93,94,95,96,97,98,99]
CFO=-455.60003126203134,STO=5
EsN0dB=23.78,GRXdB=17,N0=0.003162277629598975
packet_number=666,correct=True,payload=[0,1,2,3,4,5,6,7,8,9,10,11,12,13,14,15,16,17,18,19,20,21,22,23,24,25,26,27,28,29,30,31,32,33,34,35,36,37,38,39,40,41,42,43,44,45,46,47,48,49,50,51,52,53,54,55,56,57,58,59,60,61,62,63,64,65,66,67,68,69,70,71,72,73,74,75,76,77,78,79,80,81,82,83,84,85,86,87,88,89,90,91,92,93,94,95,96,97,98,99]
CFO=-446.9657116557832,STO=1
EsN0dB=23.78,GRXdB=17,N0=0.003162277629598975
packet_number=667,correct=True,payload=[0,1,2,3,4,5,6,7,8,9,10,11,12,13,14,15,16,17,18,19,20,21,22,23,24,25,26,27,28,29,30,31,32,33,34,35,36,37,38,39,40,41,42,43,44,45,46,47,48,49,50,51,52,53,54,55,56,57,58,59,60,61,62,63,64,65,66,67,68,69,70,71,72,73,74,75,76,77,78,79,80,81,82,83,84,85,86,87,88,89,90,91,92,93,94,95,96,97,98,99]
CFO=-403.24624588994607,STO=4
EsN0dB=23.75,GRXdB=17,N0=0.003162277629598975
packet_number=668,correct=True,payload=[0,1,2,3,4,5,6,7,8,9,10,11,12,13,14,15,16,17,18,19,20,21,22,23,24,25,26,27,28,29,30,31,32,33,34,35,36,37,38,39,40,41,42,43,44,45,46,47,48,49,50,51,52,53,54,55,56,57,58,59,60,61,62,63,64,65,66,67,68,69,70,71,72,73,74,75,76,77,78,79,80,81,82,83,84,85,86,87,88,89,90,91,92,93,94,95,96,97,98,99]
CFO=-383.7563722411185,STO=2
EsN0dB=23.77,GRXdB=17,N0=0.003162277629598975
packet_number=669,correct=True,payload=[0,1,2,3,4,5,6,7,8,9,10,11,12,13,14,15,16,17,18,19,20,21,22,23,24,25,26,27,28,29,30,31,32,33,34,35,36,37,38,39,40,41,42,43,44,45,46,47,48,49,50,51,52,53,54,55,56,57,58,59,60,61,62,63,64,65,66,67,68,69,70,71,72,73,74,75,76,77,78,79,80,81,82,83,84,85,86,87,88,89,90,91,92,93,94,95,96,97,98,99]
CFO=-440.52191435053584,STO=5
EsN0dB=23.77,GRXdB=17,N0=0.003162277629598975
packet_number=670,correct=True,payload=[0,1,2,3,4,5,6,7,8,9,10,11,12,13,14,15,16,17,18,19,20,21,22,23,24,25,26,27,28,29,30,31,32,33,34,35,36,37,38,39,40,41,42,43,44,45,46,47,48,49,50,51,52,53,54,55,56,57,58,59,60,61,62,63,64,65,66,67,68,69,70,71,72,73,74,75,76,77,78,79,80,81,82,83,84,85,86,87,88,89,90,91,92,93,94,95,96,97,98,99]
CFO=-375.24175881485525,STO=4
EsN0dB=23.79,GRXdB=17,N0=0.003162277629598975
packet_number=671,correct=True,payload=[0,1,2,3,4,5,6,7,8,9,10,11,12,13,14,15,16,17,18,19,20,21,22,23,24,25,26,27,28,29,30,31,32,33,34,35,36,37,38,39,40,41,42,43,44,45,46,47,48,49,50,51,52,53,54,55,56,57,58,59,60,61,62,63,64,65,66,67,68,69,70,71,72,73,74,75,76,77,78,79,80,81,82,83,84,85,86,87,88,89,90,91,92,93,94,95,96,97,98,99]
CFO=-491.5192371972206,STO=5
EsN0dB=23.75,GRXdB=17,N0=0.003162277629598975
packet_number=672,correct=True,payload=[0,1,2,3,4,5,6,7,8,9,10,11,12,13,14,15,16,17,18,19,20,21,22,23,24,25,26,27,28,29,30,31,32,33,34,35,36,37,38,39,40,41,42,43,44,45,46,47,48,49,50,51,52,53,54,55,56,57,58,59,60,61,62,63,64,65,66,67,68,69,70,71,72,73,74,75,76,77,78,79,80,81,82,83,84,85,86,87,88,89,90,91,92,93,94,95,96,97,98,99]
CFO=-464.2039944719683,STO=3
EsN0dB=23.75,GRXdB=17,N0=0.003162277629598975
packet_number=673,correct=True,payload=[0,1,2,3,4,5,6,7,8,9,10,11,12,13,14,15,16,17,18,19,20,21,22,23,24,25,26,27,28,29,30,31,32,33,34,35,36,37,38,39,40,41,42,43,44,45,46,47,48,49,50,51,52,53,54,55,56,57,58,59,60,61,62,63,64,65,66,67,68,69,70,71,72,73,74,75,76,77,78,79,80,81,82,83,84,85,86,87,88,89,90,91,92,93,94,95,96,97,98,99]
CFO=-521.2614204466979,STO=4
EsN0dB=23.76,GRXdB=17,N0=0.003162277629598975
packet_number=674,correct=True,payload=[0,1,2,3,4,5,6,7,8,9,10,11,12,13,14,15,16,17,18,19,20,21,22,23,24,25,26,27,28,29,30,31,32,33,34,35,36,37,38,39,40,41,42,43,44,45,46,47,48,49,50,51,52,53,54,55,56,57,58,59,60,61,62,63,64,65,66,67,68,69,70,71,72,73,74,75,76,77,78,79,80,81,82,83,84,85,86,87,88,89,90,91,92,93,94,95,96,97,98,99]
CFO=-440.88826625054895,STO=3
EsN0dB=23.79,GRXdB=17,N0=0.003162277629598975
packet_number=675,correct=True,payload=[0,1,2,3,4,5,6,7,8,9,10,11,12,13,14,15,16,17,18,19,20,21,22,23,24,25,26,27,28,29,30,31,32,33,34,35,36,37,38,39,40,41,42,43,44,45,46,47,48,49,50,51,52,53,54,55,56,57,58,59,60,61,62,63,64,65,66,67,68,69,70,71,72,73,74,75,76,77,78,79,80,81,82,83,84,85,86,87,88,89,90,91,92,93,94,95,96,97,98,99]
CFO=-1305.6996345675075,STO=2
EsN0dB=-11.55,GRXdB=17,N0=0.003162277629598975
packet_number=676,correct=False,payload=[111,44,77,20,83,95,213,148,43,135,142,206,54,163,127,137,146,111,0,93,225,18,60,72,17,229,15,155,32,221,41,194,176,103,235,225,36,83,71,71,242,132,104,36,202,122,238,10,3,251,85,199,115,53,16,68,157,106,135,170,234,233,41,238,46,158,188,53,139,43,163,145,221,236,235,245,229,100,36,225,175,12,120,209,9,222,121,206,160,101,159,99,10,175,21,49,238,169,119,98]
CFO=-410.84687684094604,STO=5
EsN0dB=23.77,GRXdB=17,N0=0.003162277629598975
packet_number=677,correct=True,payload=[0,1,2,3,4,5,6,7,8,9,10,11,12,13,14,15,16,17,18,19,20,21,22,23,24,25,26,27,28,29,30,31,32,33,34,35,36,37,38,39,40,41,42,43,44,45,46,47,48,49,50,51,52,53,54,55,56,57,58,59,60,61,62,63,64,65,66,67,68,69,70,71,72,73,74,75,76,77,78,79,80,81,82,83,84,85,86,87,88,89,90,91,92,93,94,95,96,97,98,99]
CFO=-381.7241834486118,STO=1
EsN0dB=23.78,GRXdB=17,N0=0.003162277629598975
packet_number=678,correct=True,payload=[0,1,2,3,4,5,6,7,8,9,10,11,12,13,14,15,16,17,18,19,20,21,22,23,24,25,26,27,28,29,30,31,32,33,34,35,36,37,38,39,40,41,42,43,44,45,46,47,48,49,50,51,52,53,54,55,56,57,58,59,60,61,62,63,64,65,66,67,68,69,70,71,72,73,74,75,76,77,78,79,80,81,82,83,84,85,86,87,88,89,90,91,92,93,94,95,96,97,98,99]
CFO=-480.9316139259892,STO=4
EsN0dB=23.78,GRXdB=17,N0=0.003162277629598975
packet_number=679,correct=True,payload=[0,1,2,3,4,5,6,7,8,9,10,11,12,13,14,15,16,17,18,19,20,21,22,23,24,25,26,27,28,29,30,31,32,33,34,35,36,37,38,39,40,41,42,43,44,45,46,47,48,49,50,51,52,53,54,55,56,57,58,59,60,61,62,63,64,65,66,67,68,69,70,71,72,73,74,75,76,77,78,79,80,81,82,83,84,85,86,87,88,89,90,91,92,93,94,95,96,97,98,99]
CFO=-378.6168327601936,STO=2
EsN0dB=23.75,GRXdB=17,N0=0.003162277629598975
packet_number=680,correct=True,payload=[0,1,2,3,4,5,6,7,8,9,10,11,12,13,14,15,16,17,18,19,20,21,22,23,24,25,26,27,28,29,30,31,32,33,34,35,36,37,38,39,40,41,42,43,44,45,46,47,48,49,50,51,52,53,54,55,56,57,58,59,60,61,62,63,64,65,66,67,68,69,70,71,72,73,74,75,76,77,78,79,80,81,82,83,84,85,86,87,88,89,90,91,92,93,94,95,96,97,98,99]
CFO=-434.35286614783917,STO=5
EsN0dB=23.77,GRXdB=17,N0=0.003162277629598975
packet_number=681,correct=True,payload=[0,1,2,3,4,5,6,7,8,9,10,11,12,13,14,15,16,17,18,19,20,21,22,23,24,25,26,27,28,29,30,31,32,33,34,35,36,37,38,39,40,41,42,43,44,45,46,47,48,49,50,51,52,53,54,55,56,57,58,59,60,61,62,63,64,65,66,67,68,69,70,71,72,73,74,75,76,77,78,79,80,81,82,83,84,85,86,87,88,89,90,91,92,93,94,95,96,97,98,99]
CFO=-410.22151728998506,STO=3
EsN0dB=23.76,GRXdB=17,N0=0.003162277629598975
packet_number=682,correct=True,payload=[0,1,2,3,4,5,6,7,8,9,10,11,12,13,14,15,16,17,18,19,20,21,22,23,24,25,26,27,28,29,30,31,32,33,34,35,36,37,38,39,40,41,42,43,44,45,46,47,48,49,50,51,52,53,54,55,56,57,58,59,60,61,62,63,64,65,66,67,68,69,70,71,72,73,74,75,76,77,78,79,80,81,82,83,84,85,86,87,88,89,90,91,92,93,94,95,96,97,98,99]
CFO=-389.7970283027765,STO=5
EsN0dB=23.76,GRXdB=17,N0=0.003162277629598975
packet_number=683,correct=True,payload=[0,1,2,3,4,5,6,7,8,9,10,11,12,13,14,15,16,17,18,19,20,21,22,23,24,25,26,27,28,29,30,31,32,33,34,35,36,37,38,39,40,41,42,43,44,45,46,47,48,49,50,51,52,53,54,55,56,57,58,59,60,61,62,63,64,65,66,67,68,69,70,71,72,73,74,75,76,77,78,79,80,81,82,83,84,85,86,87,88,89,90,91,92,93,94,95,96,97,98,99]
CFO=-479.475574120111,STO=4
EsN0dB=23.79,GRXdB=17,N0=0.003162277629598975
packet_number=684,correct=True,payload=[0,1,2,3,4,5,6,7,8,9,10,11,12,13,14,15,16,17,18,19,20,21,22,23,24,25,26,27,28,29,30,31,32,33,34,35,36,37,38,39,40,41,42,43,44,45,46,47,48,49,50,51,52,53,54,55,56,57,58,59,60,61,62,63,64,65,66,67,68,69,70,71,72,73,74,75,76,77,78,79,80,81,82,83,84,85,86,87,88,89,90,91,92,93,94,95,96,97,98,99]
CFO=-426.2954366511763,STO=1
EsN0dB=23.76,GRXdB=17,N0=0.003162277629598975
packet_number=685,correct=True,payload=[0,1,2,3,4,5,6,7,8,9,10,11,12,13,14,15,16,17,18,19,20,21,22,23,24,25,26,27,28,29,30,31,32,33,34,35,36,37,38,39,40,41,42,43,44,45,46,47,48,49,50,51,52,53,54,55,56,57,58,59,60,61,62,63,64,65,66,67,68,69,70,71,72,73,74,75,76,77,78,79,80,81,82,83,84,85,86,87,88,89,90,91,92,93,94,95,96,97,98,99]
CFO=-409.1871468016166,STO=1
EsN0dB=23.76,GRXdB=17,N0=0.003162277629598975
packet_number=686,correct=True,payload=[0,1,2,3,4,5,6,7,8,9,10,11,12,13,14,15,16,17,18,19,20,21,22,23,24,25,26,27,28,29,30,31,32,33,34,35,36,37,38,39,40,41,42,43,44,45,46,47,48,49,50,51,52,53,54,55,56,57,58,59,60,61,62,63,64,65,66,67,68,69,70,71,72,73,74,75,76,77,78,79,80,81,82,83,84,85,86,87,88,89,90,91,92,93,94,95,96,97,98,99]
CFO=-328.5075530852836,STO=2
EsN0dB=23.78,GRXdB=17,N0=0.003162277629598975
packet_number=687,correct=True,payload=[0,1,2,3,4,5,6,7,8,9,10,11,12,13,14,15,16,17,18,19,20,21,22,23,24,25,26,27,28,29,30,31,32,33,34,35,36,37,38,39,40,41,42,43,44,45,46,47,48,49,50,51,52,53,54,55,56,57,58,59,60,61,62,63,64,65,66,67,68,69,70,71,72,73,74,75,76,77,78,79,80,81,82,83,84,85,86,87,88,89,90,91,92,93,94,95,96,97,98,99]
CFO=-2354.4392519820185,STO=3
EsN0dB=-13.91,GRXdB=17,N0=0.003162277629598975
packet_number=688,correct=False,payload=[5,67,83,244,42,191,181,92,18,223,158,199,133,188,222,120,108,102,135,164,229,20,226,58,107,51,29,187,144,47,32,72,3,90,62,79,97,92,146,4,43,238,220,93,40,81,81,81,126,80,155,11,136,72,161,3,155,83,214,81,178,59,26,44,17,63,48,100,106,228,216,123,25,215,203,199,194,71,23,33,83,100,232,88,41,244,255,146,242,182,239,37,246,166,242,247,175,156,17,63]
CFO=-510.0875985615436,STO=5
EsN0dB=23.76,GRXdB=17,N0=0.003162277629598975
packet_number=689,correct=True,payload=[0,1,2,3,4,5,6,7,8,9,10,11,12,13,14,15,16,17,18,19,20,21,22,23,24,25,26,27,28,29,30,31,32,33,34,35,36,37,38,39,40,41,42,43,44,45,46,47,48,49,50,51,52,53,54,55,56,57,58,59,60,61,62,63,64,65,66,67,68,69,70,71,72,73,74,75,76,77,78,79,80,81,82,83,84,85,86,87,88,89,90,91,92,93,94,95,96,97,98,99]
CFO=-436.44470051591037,STO=4
EsN0dB=23.77,GRXdB=17,N0=0.003162277629598975
packet_number=690,correct=True,payload=[0,1,2,3,4,5,6,7,8,9,10,11,12,13,14,15,16,17,18,19,20,21,22,23,24,25,26,27,28,29,30,31,32,33,34,35,36,37,38,39,40,41,42,43,44,45,46,47,48,49,50,51,52,53,54,55,56,57,58,59,60,61,62,63,64,65,66,67,68,69,70,71,72,73,74,75,76,77,78,79,80,81,82,83,84,85,86,87,88,89,90,91,92,93,94,95,96,97,98,99]
CFO=-422.63455604877157,STO=4
EsN0dB=23.79,GRXdB=17,N0=0.003162277629598975
packet_number=691,correct=True,payload=[0,1,2,3,4,5,6,7,8,9,10,11,12,13,14,15,16,17,18,19,20,21,22,23,24,25,26,27,28,29,30,31,32,33,34,35,36,37,38,39,40,41,42,43,44,45,46,47,48,49,50,51,52,53,54,55,56,57,58,59,60,61,62,63,64,65,66,67,68,69,70,71,72,73,74,75,76,77,78,79,80,81,82,83,84,85,86,87,88,89,90,91,92,93,94,95,96,97,98,99]
CFO=-374.42593066399263,STO=4
EsN0dB=23.78,GRXdB=17,N0=0.003162277629598975
packet_number=692,correct=True,payload=[0,1,2,3,4,5,6,7,8,9,10,11,12,13,14,15,16,17,18,19,20,21,22,23,24,25,26,27,28,29,30,31,32,33,34,35,36,37,38,39,40,41,42,43,44,45,46,47,48,49,50,51,52,53,54,55,56,57,58,59,60,61,62,63,64,65,66,67,68,69,70,71,72,73,74,75,76,77,78,79,80,81,82,83,84,85,86,87,88,89,90,91,92,93,94,95,96,97,98,99]
CFO=-447.97446893476405,STO=6
EsN0dB=23.78,GRXdB=17,N0=0.003162277629598975
packet_number=693,correct=True,payload=[0,1,2,3,4,5,6,7,8,9,10,11,12,13,14,15,16,17,18,19,20,21,22,23,24,25,26,27,28,29,30,31,32,33,34,35,36,37,38,39,40,41,42,43,44,45,46,47,48,49,50,51,52,53,54,55,56,57,58,59,60,61,62,63,64,65,66,67,68,69,70,71,72,73,74,75,76,77,78,79,80,81,82,83,84,85,86,87,88,89,90,91,92,93,94,95,96,97,98,99]
CFO=-396.51782772436326,STO=3
EsN0dB=23.77,GRXdB=17,N0=0.003162277629598975
packet_number=694,correct=True,payload=[0,1,2,3,4,5,6,7,8,9,10,11,12,13,14,15,16,17,18,19,20,21,22,23,24,25,26,27,28,29,30,31,32,33,34,35,36,37,38,39,40,41,42,43,44,45,46,47,48,49,50,51,52,53,54,55,56,57,58,59,60,61,62,63,64,65,66,67,68,69,70,71,72,73,74,75,76,77,78,79,80,81,82,83,84,85,86,87,88,89,90,91,92,93,94,95,96,97,98,99]
CFO=-443.28947498571324,STO=4
EsN0dB=23.75,GRXdB=17,N0=0.003162277629598975
packet_number=695,correct=True,payload=[0,1,2,3,4,5,6,7,8,9,10,11,12,13,14,15,16,17,18,19,20,21,22,23,24,25,26,27,28,29,30,31,32,33,34,35,36,37,38,39,40,41,42,43,44,45,46,47,48,49,50,51,52,53,54,55,56,57,58,59,60,61,62,63,64,65,66,67,68,69,70,71,72,73,74,75,76,77,78,79,80,81,82,83,84,85,86,87,88,89,90,91,92,93,94,95,96,97,98,99]
CFO=-469.7620609090662,STO=0
EsN0dB=23.77,GRXdB=17,N0=0.003162277629598975
packet_number=696,correct=True,payload=[0,1,2,3,4,5,6,7,8,9,10,11,12,13,14,15,16,17,18,19,20,21,22,23,24,25,26,27,28,29,30,31,32,33,34,35,36,37,38,39,40,41,42,43,44,45,46,47,48,49,50,51,52,53,54,55,56,57,58,59,60,61,62,63,64,65,66,67,68,69,70,71,72,73,74,75,76,77,78,79,80,81,82,83,84,85,86,87,88,89,90,91,92,93,94,95,96,97,98,99]
CFO=-402.76905164051163,STO=3
EsN0dB=23.77,GRXdB=17,N0=0.003162277629598975
packet_number=697,correct=True,payload=[0,1,2,3,4,5,6,7,8,9,10,11,12,13,14,15,16,17,18,19,20,21,22,23,24,25,26,27,28,29,30,31,32,33,34,35,36,37,38,39,40,41,42,43,44,45,46,47,48,49,50,51,52,53,54,55,56,57,58,59,60,61,62,63,64,65,66,67,68,69,70,71,72,73,74,75,76,77,78,79,80,81,82,83,84,85,86,87,88,89,90,91,92,93,94,95,96,97,98,99]
CFO=-350.2730595954726,STO=5
EsN0dB=23.78,GRXdB=17,N0=0.003162277629598975
packet_number=698,correct=True,payload=[0,1,2,3,4,5,6,7,8,9,10,11,12,13,14,15,16,17,18,19,20,21,22,23,24,25,26,27,28,29,30,31,32,33,34,35,36,37,38,39,40,41,42,43,44,45,46,47,48,49,50,51,52,53,54,55,56,57,58,59,60,61,62,63,64,65,66,67,68,69,70,71,72,73,74,75,76,77,78,79,80,81,82,83,84,85,86,87,88,89,90,91,92,93,94,95,96,97,98,99]
CFO=-123.13345122004573,STO=4
EsN0dB=nan,GRXdB=17,N0=0.003162277629598975
packet_number=699,correct=False,payload=[1,91,108,44,56,159,148,54,22,45,239,182,29,231,209,239,53,141,7,218,199,221,49,179,169,138,145,138,206,53,219,209,166,48,204,210,179,195,218,252,8,97,247,227,146,184,25,16,115,102,37,61,3,69,133,47,235,24,83,181,61,130,78,92,35,73,250,77,41,200,241,202,247,27,53,165,24,67,122,166,104,190,24,59,5,110,201,34,10,137,5,241,97,250,49,142,14,44,182,16]
CFO=-425.6560846987906,STO=4
EsN0dB=23.75,GRXdB=17,N0=0.003162277629598975
packet_number=700,correct=True,payload=[0,1,2,3,4,5,6,7,8,9,10,11,12,13,14,15,16,17,18,19,20,21,22,23,24,25,26,27,28,29,30,31,32,33,34,35,36,37,38,39,40,41,42,43,44,45,46,47,48,49,50,51,52,53,54,55,56,57,58,59,60,61,62,63,64,65,66,67,68,69,70,71,72,73,74,75,76,77,78,79,80,81,82,83,84,85,86,87,88,89,90,91,92,93,94,95,96,97,98,99]
CFO=-473.28796819857564,STO=1
EsN0dB=23.79,GRXdB=17,N0=0.003162277629598975
packet_number=701,correct=True,payload=[0,1,2,3,4,5,6,7,8,9,10,11,12,13,14,15,16,17,18,19,20,21,22,23,24,25,26,27,28,29,30,31,32,33,34,35,36,37,38,39,40,41,42,43,44,45,46,47,48,49,50,51,52,53,54,55,56,57,58,59,60,61,62,63,64,65,66,67,68,69,70,71,72,73,74,75,76,77,78,79,80,81,82,83,84,85,86,87,88,89,90,91,92,93,94,95,96,97,98,99]
CFO=-426.76483428710503,STO=4
EsN0dB=23.79,GRXdB=17,N0=0.003162277629598975
packet_number=702,correct=True,payload=[0,1,2,3,4,5,6,7,8,9,10,11,12,13,14,15,16,17,18,19,20,21,22,23,24,25,26,27,28,29,30,31,32,33,34,35,36,37,38,39,40,41,42,43,44,45,46,47,48,49,50,51,52,53,54,55,56,57,58,59,60,61,62,63,64,65,66,67,68,69,70,71,72,73,74,75,76,77,78,79,80,81,82,83,84,85,86,87,88,89,90,91,92,93,94,95,96,97,98,99]
CFO=-383.388123066336,STO=1
EsN0dB=23.79,GRXdB=17,N0=0.003162277629598975
packet_number=703,correct=True,payload=[0,1,2,3,4,5,6,7,8,9,10,11,12,13,14,15,16,17,18,19,20,21,22,23,24,25,26,27,28,29,30,31,32,33,34,35,36,37,38,39,40,41,42,43,44,45,46,47,48,49,50,51,52,53,54,55,56,57,58,59,60,61,62,63,64,65,66,67,68,69,70,71,72,73,74,75,76,77,78,79,80,81,82,83,84,85,86,87,88,89,90,91,92,93,94,95,96,97,98,99]
CFO=-410.5060195706474,STO=5
EsN0dB=23.79,GRXdB=17,N0=0.003162277629598975
packet_number=704,correct=True,payload=[0,1,2,3,4,5,6,7,8,9,10,11,12,13,14,15,16,17,18,19,20,21,22,23,24,25,26,27,28,29,30,31,32,33,34,35,36,37,38,39,40,41,42,43,44,45,46,47,48,49,50,51,52,53,54,55,56,57,58,59,60,61,62,63,64,65,66,67,68,69,70,71,72,73,74,75,76,77,78,79,80,81,82,83,84,85,86,87,88,89,90,91,92,93,94,95,96,97,98,99]
CFO=-372.05682737531754,STO=3
EsN0dB=23.77,GRXdB=17,N0=0.003162277629598975
packet_number=705,correct=True,payload=[0,1,2,3,4,5,6,7,8,9,10,11,12,13,14,15,16,17,18,19,20,21,22,23,24,25,26,27,28,29,30,31,32,33,34,35,36,37,38,39,40,41,42,43,44,45,46,47,48,49,50,51,52,53,54,55,56,57,58,59,60,61,62,63,64,65,66,67,68,69,70,71,72,73,74,75,76,77,78,79,80,81,82,83,84,85,86,87,88,89,90,91,92,93,94,95,96,97,98,99]
CFO=-442.312971377813,STO=4
EsN0dB=23.79,GRXdB=17,N0=0.003162277629598975
packet_number=706,correct=True,payload=[0,1,2,3,4,5,6,7,8,9,10,11,12,13,14,15,16,17,18,19,20,21,22,23,24,25,26,27,28,29,30,31,32,33,34,35,36,37,38,39,40,41,42,43,44,45,46,47,48,49,50,51,52,53,54,55,56,57,58,59,60,61,62,63,64,65,66,67,68,69,70,71,72,73,74,75,76,77,78,79,80,81,82,83,84,85,86,87,88,89,90,91,92,93,94,95,96,97,98,99]
CFO=-421.990757358645,STO=5
EsN0dB=23.77,GRXdB=17,N0=0.003162277629598975
packet_number=707,correct=True,payload=[0,1,2,3,4,5,6,7,8,9,10,11,12,13,14,15,16,17,18,19,20,21,22,23,24,25,26,27,28,29,30,31,32,33,34,35,36,37,38,39,40,41,42,43,44,45,46,47,48,49,50,51,52,53,54,55,56,57,58,59,60,61,62,63,64,65,66,67,68,69,70,71,72,73,74,75,76,77,78,79,80,81,82,83,84,85,86,87,88,89,90,91,92,93,94,95,96,97,98,99]
CFO=-475.2403825160107,STO=0
EsN0dB=23.78,GRXdB=17,N0=0.003162277629598975
packet_number=708,correct=True,payload=[0,1,2,3,4,5,6,7,8,9,10,11,12,13,14,15,16,17,18,19,20,21,22,23,24,25,26,27,28,29,30,31,32,33,34,35,36,37,38,39,40,41,42,43,44,45,46,47,48,49,50,51,52,53,54,55,56,57,58,59,60,61,62,63,64,65,66,67,68,69,70,71,72,73,74,75,76,77,78,79,80,81,82,83,84,85,86,87,88,89,90,91,92,93,94,95,96,97,98,99]
CFO=-409.72629893024083,STO=3
EsN0dB=23.76,GRXdB=17,N0=0.003162277629598975
packet_number=709,correct=True,payload=[0,1,2,3,4,5,6,7,8,9,10,11,12,13,14,15,16,17,18,19,20,21,22,23,24,25,26,27,28,29,30,31,32,33,34,35,36,37,38,39,40,41,42,43,44,45,46,47,48,49,50,51,52,53,54,55,56,57,58,59,60,61,62,63,64,65,66,67,68,69,70,71,72,73,74,75,76,77,78,79,80,81,82,83,84,85,86,87,88,89,90,91,92,93,94,95,96,97,98,99]
CFO=-408.41228792780674,STO=4
EsN0dB=23.77,GRXdB=17,N0=0.003162277629598975
packet_number=710,correct=True,payload=[0,1,2,3,4,5,6,7,8,9,10,11,12,13,14,15,16,17,18,19,20,21,22,23,24,25,26,27,28,29,30,31,32,33,34,35,36,37,38,39,40,41,42,43,44,45,46,47,48,49,50,51,52,53,54,55,56,57,58,59,60,61,62,63,64,65,66,67,68,69,70,71,72,73,74,75,76,77,78,79,80,81,82,83,84,85,86,87,88,89,90,91,92,93,94,95,96,97,98,99]
CFO=-464.613035054294,STO=6
EsN0dB=23.78,GRXdB=17,N0=0.003162277629598975
packet_number=711,correct=True,payload=[0,1,2,3,4,5,6,7,8,9,10,11,12,13,14,15,16,17,18,19,20,21,22,23,24,25,26,27,28,29,30,31,32,33,34,35,36,37,38,39,40,41,42,43,44,45,46,47,48,49,50,51,52,53,54,55,56,57,58,59,60,61,62,63,64,65,66,67,68,69,70,71,72,73,74,75,76,77,78,79,80,81,82,83,84,85,86,87,88,89,90,91,92,93,94,95,96,97,98,99]
CFO=-449.63992044332014,STO=4
EsN0dB=23.78,GRXdB=17,N0=0.003162277629598975
packet_number=712,correct=True,payload=[0,1,2,3,4,5,6,7,8,9,10,11,12,13,14,15,16,17,18,19,20,21,22,23,24,25,26,27,28,29,30,31,32,33,34,35,36,37,38,39,40,41,42,43,44,45,46,47,48,49,50,51,52,53,54,55,56,57,58,59,60,61,62,63,64,65,66,67,68,69,70,71,72,73,74,75,76,77,78,79,80,81,82,83,84,85,86,87,88,89,90,91,92,93,94,95,96,97,98,99]
CFO=-397.8938262509054,STO=3
EsN0dB=23.79,GRXdB=17,N0=0.003162277629598975
packet_number=713,correct=True,payload=[0,1,2,3,4,5,6,7,8,9,10,11,12,13,14,15,16,17,18,19,20,21,22,23,24,25,26,27,28,29,30,31,32,33,34,35,36,37,38,39,40,41,42,43,44,45,46,47,48,49,50,51,52,53,54,55,56,57,58,59,60,61,62,63,64,65,66,67,68,69,70,71,72,73,74,75,76,77,78,79,80,81,82,83,84,85,86,87,88,89,90,91,92,93,94,95,96,97,98,99]
CFO=-420.51841284771683,STO=3
EsN0dB=22.77,GRXdB=17,N0=0.003981071524322033
packet_number=714,correct=True,payload=[0,1,2,3,4,5,6,7,8,9,10,11,12,13,14,15,16,17,18,19,20,21,22,23,24,25,26,27,28,29,30,31,32,33,34,35,36,37,38,39,40,41,42,43,44,45,46,47,48,49,50,51,52,53,54,55,56,57,58,59,60,61,62,63,64,65,66,67,68,69,70,71,72,73,74,75,76,77,78,79,80,81,82,83,84,85,86,87,88,89,90,91,92,93,94,95,96,97,98,99]
CFO=-428.3154710271912,STO=4
EsN0dB=22.78,GRXdB=17,N0=0.003981071524322033
packet_number=715,correct=True,payload=[0,1,2,3,4,5,6,7,8,9,10,11,12,13,14,15,16,17,18,19,20,21,22,23,24,25,26,27,28,29,30,31,32,33,34,35,36,37,38,39,40,41,42,43,44,45,46,47,48,49,50,51,52,53,54,55,56,57,58,59,60,61,62,63,64,65,66,67,68,69,70,71,72,73,74,75,76,77,78,79,80,81,82,83,84,85,86,87,88,89,90,91,92,93,94,95,96,97,98,99]
CFO=-520.2888892578461,STO=4
EsN0dB=22.78,GRXdB=17,N0=0.003981071524322033
packet_number=716,correct=True,payload=[0,1,2,3,4,5,6,7,8,9,10,11,12,13,14,15,16,17,18,19,20,21,22,23,24,25,26,27,28,29,30,31,32,33,34,35,36,37,38,39,40,41,42,43,44,45,46,47,48,49,50,51,52,53,54,55,56,57,58,59,60,61,62,63,64,65,66,67,68,69,70,71,72,73,74,75,76,77,78,79,80,81,82,83,84,85,86,87,88,89,90,91,92,93,94,95,96,97,98,99]
CFO=-482.5410661839283,STO=0
EsN0dB=22.75,GRXdB=17,N0=0.003981071524322033
packet_number=717,correct=True,payload=[0,1,2,3,4,5,6,7,8,9,10,11,12,13,14,15,16,17,18,19,20,21,22,23,24,25,26,27,28,29,30,31,32,33,34,35,36,37,38,39,40,41,42,43,44,45,46,47,48,49,50,51,52,53,54,55,56,57,58,59,60,61,62,63,64,65,66,67,68,69,70,71,72,73,74,75,76,77,78,79,80,81,82,83,84,85,86,87,88,89,90,91,92,93,94,95,96,97,98,99]
CFO=-435.4382555405548,STO=4
EsN0dB=22.78,GRXdB=17,N0=0.003981071524322033
packet_number=718,correct=True,payload=[0,1,2,3,4,5,6,7,8,9,10,11,12,13,14,15,16,17,18,19,20,21,22,23,24,25,26,27,28,29,30,31,32,33,34,35,36,37,38,39,40,41,42,43,44,45,46,47,48,49,50,51,52,53,54,55,56,57,58,59,60,61,62,63,64,65,66,67,68,69,70,71,72,73,74,75,76,77,78,79,80,81,82,83,84,85,86,87,88,89,90,91,92,93,94,95,96,97,98,99]
CFO=-419.7905708142873,STO=3
EsN0dB=22.81,GRXdB=17,N0=0.003981071524322033
packet_number=719,correct=True,payload=[0,1,2,3,4,5,6,7,8,9,10,11,12,13,14,15,16,17,18,19,20,21,22,23,24,25,26,27,28,29,30,31,32,33,34,35,36,37,38,39,40,41,42,43,44,45,46,47,48,49,50,51,52,53,54,55,56,57,58,59,60,61,62,63,64,65,66,67,68,69,70,71,72,73,74,75,76,77,78,79,80,81,82,83,84,85,86,87,88,89,90,91,92,93,94,95,96,97,98,99]
CFO=-873.9808083429457,STO=3
EsN0dB=nan,GRXdB=17,N0=0.003981071524322033
packet_number=720,correct=False,payload=[47,31,181,136,62,223,242,92,24,36,190,230,160,51,152,220,9,193,31,53,207,113,186,244,8,96,37,140,136,191,162,148,89,105,248,222,70,225,9,107,169,231,112,55,225,117,113,227,173,132,64,188,36,56,187,55,100,91,7,99,203,14,92,72,232,169,253,26,26,49,132,118,83,110,193,234,230,77,69,214,252,150,195,246,116,219,9,221,80,98,246,228,128,193,198,164,28,52,222,196]
CFO=-484.04687980758627,STO=5
EsN0dB=22.80,GRXdB=17,N0=0.003981071524322033
packet_number=721,correct=True,payload=[0,1,2,3,4,5,6,7,8,9,10,11,12,13,14,15,16,17,18,19,20,21,22,23,24,25,26,27,28,29,30,31,32,33,34,35,36,37,38,39,40,41,42,43,44,45,46,47,48,49,50,51,52,53,54,55,56,57,58,59,60,61,62,63,64,65,66,67,68,69,70,71,72,73,74,75,76,77,78,79,80,81,82,83,84,85,86,87,88,89,90,91,92,93,94,95,96,97,98,99]
CFO=-502.50846017629124,STO=3
EsN0dB=22.80,GRXdB=17,N0=0.003981071524322033
packet_number=722,correct=True,payload=[0,1,2,3,4,5,6,7,8,9,10,11,12,13,14,15,16,17,18,19,20,21,22,23,24,25,26,27,28,29,30,31,32,33,34,35,36,37,38,39,40,41,42,43,44,45,46,47,48,49,50,51,52,53,54,55,56,57,58,59,60,61,62,63,64,65,66,67,68,69,70,71,72,73,74,75,76,77,78,79,80,81,82,83,84,85,86,87,88,89,90,91,92,93,94,95,96,97,98,99]
CFO=-405.57322374975575,STO=3
EsN0dB=22.80,GRXdB=17,N0=0.003981071524322033
packet_number=723,correct=True,payload=[0,1,2,3,4,5,6,7,8,9,10,11,12,13,14,15,16,17,18,19,20,21,22,23,24,25,26,27,28,29,30,31,32,33,34,35,36,37,38,39,40,41,42,43,44,45,46,47,48,49,50,51,52,53,54,55,56,57,58,59,60,61,62,63,64,65,66,67,68,69,70,71,72,73,74,75,76,77,78,79,80,81,82,83,84,85,86,87,88,89,90,91,92,93,94,95,96,97,98,99]
CFO=-425.4210894316435,STO=3
EsN0dB=22.77,GRXdB=17,N0=0.003981071524322033
packet_number=724,correct=True,payload=[0,1,2,3,4,5,6,7,8,9,10,11,12,13,14,15,16,17,18,19,20,21,22,23,24,25,26,27,28,29,30,31,32,33,34,35,36,37,38,39,40,41,42,43,44,45,46,47,48,49,50,51,52,53,54,55,56,57,58,59,60,61,62,63,64,65,66,67,68,69,70,71,72,73,74,75,76,77,78,79,80,81,82,83,84,85,86,87,88,89,90,91,92,93,94,95,96,97,98,99]
CFO=-464.19089141809184,STO=5
EsN0dB=22.78,GRXdB=17,N0=0.003981071524322033
packet_number=725,correct=True,payload=[0,1,2,3,4,5,6,7,8,9,10,11,12,13,14,15,16,17,18,19,20,21,22,23,24,25,26,27,28,29,30,31,32,33,34,35,36,37,38,39,40,41,42,43,44,45,46,47,48,49,50,51,52,53,54,55,56,57,58,59,60,61,62,63,64,65,66,67,68,69,70,71,72,73,74,75,76,77,78,79,80,81,82,83,84,85,86,87,88,89,90,91,92,93,94,95,96,97,98,99]
CFO=-396.24041057916804,STO=2
EsN0dB=22.78,GRXdB=17,N0=0.003981071524322033
packet_number=726,correct=True,payload=[0,1,2,3,4,5,6,7,8,9,10,11,12,13,14,15,16,17,18,19,20,21,22,23,24,25,26,27,28,29,30,31,32,33,34,35,36,37,38,39,40,41,42,43,44,45,46,47,48,49,50,51,52,53,54,55,56,57,58,59,60,61,62,63,64,65,66,67,68,69,70,71,72,73,74,75,76,77,78,79,80,81,82,83,84,85,86,87,88,89,90,91,92,93,94,95,96,97,98,99]
CFO=-506.67813651100903,STO=3
EsN0dB=22.80,GRXdB=17,N0=0.003981071524322033
packet_number=727,correct=True,payload=[0,1,2,3,4,5,6,7,8,9,10,11,12,13,14,15,16,17,18,19,20,21,22,23,24,25,26,27,28,29,30,31,32,33,34,35,36,37,38,39,40,41,42,43,44,45,46,47,48,49,50,51,52,53,54,55,56,57,58,59,60,61,62,63,64,65,66,67,68,69,70,71,72,73,74,75,76,77,78,79,80,81,82,83,84,85,86,87,88,89,90,91,92,93,94,95,96,97,98,99]
CFO=-471.66144046771154,STO=5
EsN0dB=22.76,GRXdB=17,N0=0.003981071524322033
packet_number=728,correct=True,payload=[0,1,2,3,4,5,6,7,8,9,10,11,12,13,14,15,16,17,18,19,20,21,22,23,24,25,26,27,28,29,30,31,32,33,34,35,36,37,38,39,40,41,42,43,44,45,46,47,48,49,50,51,52,53,54,55,56,57,58,59,60,61,62,63,64,65,66,67,68,69,70,71,72,73,74,75,76,77,78,79,80,81,82,83,84,85,86,87,88,89,90,91,92,93,94,95,96,97,98,99]
CFO=-453.83067431492975,STO=1
EsN0dB=22.73,GRXdB=17,N0=0.003981071524322033
packet_number=729,correct=True,payload=[0,1,2,3,4,5,6,7,8,9,10,11,12,13,14,15,16,17,18,19,20,21,22,23,24,25,26,27,28,29,30,31,32,33,34,35,36,37,38,39,40,41,42,43,44,45,46,47,48,49,50,51,52,53,54,55,56,57,58,59,60,61,62,63,64,65,66,67,68,69,70,71,72,73,74,75,76,77,78,79,80,81,82,83,84,85,86,87,88,89,90,91,92,93,94,95,96,97,98,99]
CFO=-435.7031032404024,STO=3
EsN0dB=22.77,GRXdB=17,N0=0.003981071524322033
packet_number=730,correct=True,payload=[0,1,2,3,4,5,6,7,8,9,10,11,12,13,14,15,16,17,18,19,20,21,22,23,24,25,26,27,28,29,30,31,32,33,34,35,36,37,38,39,40,41,42,43,44,45,46,47,48,49,50,51,52,53,54,55,56,57,58,59,60,61,62,63,64,65,66,67,68,69,70,71,72,73,74,75,76,77,78,79,80,81,82,83,84,85,86,87,88,89,90,91,92,93,94,95,96,97,98,99]
CFO=-395.3069217476813,STO=3
EsN0dB=22.75,GRXdB=17,N0=0.003981071524322033
packet_number=731,correct=True,payload=[0,1,2,3,4,5,6,7,8,9,10,11,12,13,14,15,16,17,18,19,20,21,22,23,24,25,26,27,28,29,30,31,32,33,34,35,36,37,38,39,40,41,42,43,44,45,46,47,48,49,50,51,52,53,54,55,56,57,58,59,60,61,62,63,64,65,66,67,68,69,70,71,72,73,74,75,76,77,78,79,80,81,82,83,84,85,86,87,88,89,90,91,92,93,94,95,96,97,98,99]
CFO=-491.144347560745,STO=4
EsN0dB=22.79,GRXdB=17,N0=0.003981071524322033
packet_number=732,correct=True,payload=[0,1,2,3,4,5,6,7,8,9,10,11,12,13,14,15,16,17,18,19,20,21,22,23,24,25,26,27,28,29,30,31,32,33,34,35,36,37,38,39,40,41,42,43,44,45,46,47,48,49,50,51,52,53,54,55,56,57,58,59,60,61,62,63,64,65,66,67,68,69,70,71,72,73,74,75,76,77,78,79,80,81,82,83,84,85,86,87,88,89,90,91,92,93,94,95,96,97,98,99]
CFO=-408.69584157108443,STO=4
EsN0dB=22.76,GRXdB=17,N0=0.003981071524322033
packet_number=733,correct=True,payload=[0,1,2,3,4,5,6,7,8,9,10,11,12,13,14,15,16,17,18,19,20,21,22,23,24,25,26,27,28,29,30,31,32,33,34,35,36,37,38,39,40,41,42,43,44,45,46,47,48,49,50,51,52,53,54,55,56,57,58,59,60,61,62,63,64,65,66,67,68,69,70,71,72,73,74,75,76,77,78,79,80,81,82,83,84,85,86,87,88,89,90,91,92,93,94,95,96,97,98,99]
CFO=-396.1298646789294,STO=4
EsN0dB=22.77,GRXdB=17,N0=0.003981071524322033
packet_number=734,correct=True,payload=[0,1,2,3,4,5,6,7,8,9,10,11,12,13,14,15,16,17,18,19,20,21,22,23,24,25,26,27,28,29,30,31,32,33,34,35,36,37,38,39,40,41,42,43,44,45,46,47,48,49,50,51,52,53,54,55,56,57,58,59,60,61,62,63,64,65,66,67,68,69,70,71,72,73,74,75,76,77,78,79,80,81,82,83,84,85,86,87,88,89,90,91,92,93,94,95,96,97,98,99]
CFO=-468.4122388453588,STO=5
EsN0dB=22.81,GRXdB=17,N0=0.003981071524322033
packet_number=735,correct=True,payload=[0,1,2,3,4,5,6,7,8,9,10,11,12,13,14,15,16,17,18,19,20,21,22,23,24,25,26,27,28,29,30,31,32,33,34,35,36,37,38,39,40,41,42,43,44,45,46,47,48,49,50,51,52,53,54,55,56,57,58,59,60,61,62,63,64,65,66,67,68,69,70,71,72,73,74,75,76,77,78,79,80,81,82,83,84,85,86,87,88,89,90,91,92,93,94,95,96,97,98,99]
CFO=-462.9108534919982,STO=5
EsN0dB=22.77,GRXdB=17,N0=0.003981071524322033
packet_number=736,correct=True,payload=[0,1,2,3,4,5,6,7,8,9,10,11,12,13,14,15,16,17,18,19,20,21,22,23,24,25,26,27,28,29,30,31,32,33,34,35,36,37,38,39,40,41,42,43,44,45,46,47,48,49,50,51,52,53,54,55,56,57,58,59,60,61,62,63,64,65,66,67,68,69,70,71,72,73,74,75,76,77,78,79,80,81,82,83,84,85,86,87,88,89,90,91,92,93,94,95,96,97,98,99]
CFO=-436.83459048103197,STO=5
EsN0dB=22.79,GRXdB=17,N0=0.003981071524322033
packet_number=737,correct=True,payload=[0,1,2,3,4,5,6,7,8,9,10,11,12,13,14,15,16,17,18,19,20,21,22,23,24,25,26,27,28,29,30,31,32,33,34,35,36,37,38,39,40,41,42,43,44,45,46,47,48,49,50,51,52,53,54,55,56,57,58,59,60,61,62,63,64,65,66,67,68,69,70,71,72,73,74,75,76,77,78,79,80,81,82,83,84,85,86,87,88,89,90,91,92,93,94,95,96,97,98,99]
CFO=-421.15924704601616,STO=4
EsN0dB=22.78,GRXdB=17,N0=0.003981071524322033
packet_number=738,correct=True,payload=[0,1,2,3,4,5,6,7,8,9,10,11,12,13,14,15,16,17,18,19,20,21,22,23,24,25,26,27,28,29,30,31,32,33,34,35,36,37,38,39,40,41,42,43,44,45,46,47,48,49,50,51,52,53,54,55,56,57,58,59,60,61,62,63,64,65,66,67,68,69,70,71,72,73,74,75,76,77,78,79,80,81,82,83,84,85,86,87,88,89,90,91,92,93,94,95,96,97,98,99]
CFO=-453.6731115743107,STO=1
EsN0dB=22.80,GRXdB=17,N0=0.003981071524322033
packet_number=739,correct=True,payload=[0,1,2,3,4,5,6,7,8,9,10,11,12,13,14,15,16,17,18,19,20,21,22,23,24,25,26,27,28,29,30,31,32,33,34,35,36,37,38,39,40,41,42,43,44,45,46,47,48,49,50,51,52,53,54,55,56,57,58,59,60,61,62,63,64,65,66,67,68,69,70,71,72,73,74,75,76,77,78,79,80,81,82,83,84,85,86,87,88,89,90,91,92,93,94,95,96,97,98,99]
CFO=-456.5166817799392,STO=4
EsN0dB=22.76,GRXdB=17,N0=0.003981071524322033
packet_number=740,correct=True,payload=[0,1,2,3,4,5,6,7,8,9,10,11,12,13,14,15,16,17,18,19,20,21,22,23,24,25,26,27,28,29,30,31,32,33,34,35,36,37,38,39,40,41,42,43,44,45,46,47,48,49,50,51,52,53,54,55,56,57,58,59,60,61,62,63,64,65,66,67,68,69,70,71,72,73,74,75,76,77,78,79,80,81,82,83,84,85,86,87,88,89,90,91,92,93,94,95,96,97,98,99]
CFO=-503.84010990509756,STO=3
EsN0dB=22.77,GRXdB=17,N0=0.003981071524322033
packet_number=741,correct=True,payload=[0,1,2,3,4,5,6,7,8,9,10,11,12,13,14,15,16,17,18,19,20,21,22,23,24,25,26,27,28,29,30,31,32,33,34,35,36,37,38,39,40,41,42,43,44,45,46,47,48,49,50,51,52,53,54,55,56,57,58,59,60,61,62,63,64,65,66,67,68,69,70,71,72,73,74,75,76,77,78,79,80,81,82,83,84,85,86,87,88,89,90,91,92,93,94,95,96,97,98,99]
CFO=3011.7500958572737,STO=1
EsN0dB=-9.92,GRXdB=17,N0=0.003981071524322033
packet_number=742,correct=False,payload=[83,103,82,241,122,155,120,185,9,65,121,7,30,172,0,119,80,243,212,20,179,139,226,141,134,124,205,91,71,231,243,68,118,64,137,100,178,79,127,2,21,83,246,144,255,25,150,54,135,116,110,69,125,11,141,17,121,230,208,179,61,16,21,62,54,112,124,52,249,187,143,103,197,223,239,54,73,110,107,89,44,235,103,44,232,89,42,255,114,124,182,18,115,160,191,101,202,127,114,20]
CFO=-460.0435377068333,STO=5
EsN0dB=22.77,GRXdB=17,N0=0.003981071524322033
packet_number=743,correct=True,payload=[0,1,2,3,4,5,6,7,8,9,10,11,12,13,14,15,16,17,18,19,20,21,22,23,24,25,26,27,28,29,30,31,32,33,34,35,36,37,38,39,40,41,42,43,44,45,46,47,48,49,50,51,52,53,54,55,56,57,58,59,60,61,62,63,64,65,66,67,68,69,70,71,72,73,74,75,76,77,78,79,80,81,82,83,84,85,86,87,88,89,90,91,92,93,94,95,96,97,98,99]
CFO=-416.29579068896413,STO=2
EsN0dB=22.79,GRXdB=17,N0=0.003981071524322033
packet_number=744,correct=True,payload=[0,1,2,3,4,5,6,7,8,9,10,11,12,13,14,15,16,17,18,19,20,21,22,23,24,25,26,27,28,29,30,31,32,33,34,35,36,37,38,39,40,41,42,43,44,45,46,47,48,49,50,51,52,53,54,55,56,57,58,59,60,61,62,63,64,65,66,67,68,69,70,71,72,73,74,75,76,77,78,79,80,81,82,83,84,85,86,87,88,89,90,91,92,93,94,95,96,97,98,99]
CFO=-485.726649811668,STO=5
EsN0dB=22.79,GRXdB=17,N0=0.003981071524322033
packet_number=745,correct=True,payload=[0,1,2,3,4,5,6,7,8,9,10,11,12,13,14,15,16,17,18,19,20,21,22,23,24,25,26,27,28,29,30,31,32,33,34,35,36,37,38,39,40,41,42,43,44,45,46,47,48,49,50,51,52,53,54,55,56,57,58,59,60,61,62,63,64,65,66,67,68,69,70,71,72,73,74,75,76,77,78,79,80,81,82,83,84,85,86,87,88,89,90,91,92,93,94,95,96,97,98,99]
CFO=-440.6334385330774,STO=3
EsN0dB=22.80,GRXdB=17,N0=0.003981071524322033
packet_number=746,correct=True,payload=[0,1,2,3,4,5,6,7,8,9,10,11,12,13,14,15,16,17,18,19,20,21,22,23,24,25,26,27,28,29,30,31,32,33,34,35,36,37,38,39,40,41,42,43,44,45,46,47,48,49,50,51,52,53,54,55,56,57,58,59,60,61,62,63,64,65,66,67,68,69,70,71,72,73,74,75,76,77,78,79,80,81,82,83,84,85,86,87,88,89,90,91,92,93,94,95,96,97,98,99]
CFO=-460.1938670873938,STO=5
EsN0dB=22.78,GRXdB=17,N0=0.003981071524322033
packet_number=747,correct=True,payload=[0,1,2,3,4,5,6,7,8,9,10,11,12,13,14,15,16,17,18,19,20,21,22,23,24,25,26,27,28,29,30,31,32,33,34,35,36,37,38,39,40,41,42,43,44,45,46,47,48,49,50,51,52,53,54,55,56,57,58,59,60,61,62,63,64,65,66,67,68,69,70,71,72,73,74,75,76,77,78,79,80,81,82,83,84,85,86,87,88,89,90,91,92,93,94,95,96,97,98,99]
CFO=-468.68562428166894,STO=1
EsN0dB=22.78,GRXdB=17,N0=0.003981071524322033
packet_number=748,correct=True,payload=[0,1,2,3,4,5,6,7,8,9,10,11,12,13,14,15,16,17,18,19,20,21,22,23,24,25,26,27,28,29,30,31,32,33,34,35,36,37,38,39,40,41,42,43,44,45,46,47,48,49,50,51,52,53,54,55,56,57,58,59,60,61,62,63,64,65,66,67,68,69,70,71,72,73,74,75,76,77,78,79,80,81,82,83,84,85,86,87,88,89,90,91,92,93,94,95,96,97,98,99]
CFO=-480.4253973015659,STO=4
EsN0dB=22.76,GRXdB=17,N0=0.003981071524322033
packet_number=749,correct=True,payload=[0,1,2,3,4,5,6,7,8,9,10,11,12,13,14,15,16,17,18,19,20,21,22,23,24,25,26,27,28,29,30,31,32,33,34,35,36,37,38,39,40,41,42,43,44,45,46,47,48,49,50,51,52,53,54,55,56,57,58,59,60,61,62,63,64,65,66,67,68,69,70,71,72,73,74,75,76,77,78,79,80,81,82,83,84,85,86,87,88,89,90,91,92,93,94,95,96,97,98,99]
CFO=-430.14764555611254,STO=0
EsN0dB=22.79,GRXdB=17,N0=0.003981071524322033
packet_number=750,correct=True,payload=[0,1,2,3,4,5,6,7,8,9,10,11,12,13,14,15,16,17,18,19,20,21,22,23,24,25,26,27,28,29,30,31,32,33,34,35,36,37,38,39,40,41,42,43,44,45,46,47,48,49,50,51,52,53,54,55,56,57,58,59,60,61,62,63,64,65,66,67,68,69,70,71,72,73,74,75,76,77,78,79,80,81,82,83,84,85,86,87,88,89,90,91,92,93,94,95,96,97,98,99]
CFO=-448.84048593226225,STO=4
EsN0dB=22.76,GRXdB=17,N0=0.003981071524322033
packet_number=751,correct=True,payload=[0,1,2,3,4,5,6,7,8,9,10,11,12,13,14,15,16,17,18,19,20,21,22,23,24,25,26,27,28,29,30,31,32,33,34,35,36,37,38,39,40,41,42,43,44,45,46,47,48,49,50,51,52,53,54,55,56,57,58,59,60,61,62,63,64,65,66,67,68,69,70,71,72,73,74,75,76,77,78,79,80,81,82,83,84,85,86,87,88,89,90,91,92,93,94,95,96,97,98,99]
CFO=-351.5427218001708,STO=3
EsN0dB=22.78,GRXdB=17,N0=0.003981071524322033
packet_number=752,correct=True,payload=[0,1,2,3,4,5,6,7,8,9,10,11,12,13,14,15,16,17,18,19,20,21,22,23,24,25,26,27,28,29,30,31,32,33,34,35,36,37,38,39,40,41,42,43,44,45,46,47,48,49,50,51,52,53,54,55,56,57,58,59,60,61,62,63,64,65,66,67,68,69,70,71,72,73,74,75,76,77,78,79,80,81,82,83,84,85,86,87,88,89,90,91,92,93,94,95,96,97,98,99]
CFO=-499.2602071913232,STO=6
EsN0dB=22.78,GRXdB=17,N0=0.003981071524322033
packet_number=753,correct=True,payload=[0,1,2,3,4,5,6,7,8,9,10,11,12,13,14,15,16,17,18,19,20,21,22,23,24,25,26,27,28,29,30,31,32,33,34,35,36,37,38,39,40,41,42,43,44,45,46,47,48,49,50,51,52,53,54,55,56,57,58,59,60,61,62,63,64,65,66,67,68,69,70,71,72,73,74,75,76,77,78,79,80,81,82,83,84,85,86,87,88,89,90,91,92,93,94,95,96,97,98,99]
CFO=-460.0660381998023,STO=3
EsN0dB=22.78,GRXdB=17,N0=0.003981071524322033
packet_number=754,correct=True,payload=[0,1,2,3,4,5,6,7,8,9,10,11,12,13,14,15,16,17,18,19,20,21,22,23,24,25,26,27,28,29,30,31,32,33,34,35,36,37,38,39,40,41,42,43,44,45,46,47,48,49,50,51,52,53,54,55,56,57,58,59,60,61,62,63,64,65,66,67,68,69,70,71,72,73,74,75,76,77,78,79,80,81,82,83,84,85,86,87,88,89,90,91,92,93,94,95,96,97,98,99]
CFO=-484.40350817440594,STO=4
EsN0dB=22.79,GRXdB=17,N0=0.003981071524322033
packet_number=755,correct=True,payload=[0,1,2,3,4,5,6,7,8,9,10,11,12,13,14,15,16,17,18,19,20,21,22,23,24,25,26,27,28,29,30,31,32,33,34,35,36,37,38,39,40,41,42,43,44,45,46,47,48,49,50,51,52,53,54,55,56,57,58,59,60,61,62,63,64,65,66,67,68,69,70,71,72,73,74,75,76,77,78,79,80,81,82,83,84,85,86,87,88,89,90,91,92,93,94,95,96,97,98,99]
CFO=-437.108835619972,STO=3
EsN0dB=22.80,GRXdB=17,N0=0.003981071524322033
packet_number=756,correct=True,payload=[0,1,2,3,4,5,6,7,8,9,10,11,12,13,14,15,16,17,18,19,20,21,22,23,24,25,26,27,28,29,30,31,32,33,34,35,36,37,38,39,40,41,42,43,44,45,46,47,48,49,50,51,52,53,54,55,56,57,58,59,60,61,62,63,64,65,66,67,68,69,70,71,72,73,74,75,76,77,78,79,80,81,82,83,84,85,86,87,88,89,90,91,92,93,94,95,96,97,98,99]
CFO=-444.0730791104136,STO=5
EsN0dB=22.78,GRXdB=17,N0=0.003981071524322033
packet_number=757,correct=True,payload=[0,1,2,3,4,5,6,7,8,9,10,11,12,13,14,15,16,17,18,19,20,21,22,23,24,25,26,27,28,29,30,31,32,33,34,35,36,37,38,39,40,41,42,43,44,45,46,47,48,49,50,51,52,53,54,55,56,57,58,59,60,61,62,63,64,65,66,67,68,69,70,71,72,73,74,75,76,77,78,79,80,81,82,83,84,85,86,87,88,89,90,91,92,93,94,95,96,97,98,99]
CFO=-424.4052173722772,STO=3
EsN0dB=22.81,GRXdB=17,N0=0.003981071524322033
packet_number=758,correct=True,payload=[0,1,2,3,4,5,6,7,8,9,10,11,12,13,14,15,16,17,18,19,20,21,22,23,24,25,26,27,28,29,30,31,32,33,34,35,36,37,38,39,40,41,42,43,44,45,46,47,48,49,50,51,52,53,54,55,56,57,58,59,60,61,62,63,64,65,66,67,68,69,70,71,72,73,74,75,76,77,78,79,80,81,82,83,84,85,86,87,88,89,90,91,92,93,94,95,96,97,98,99]
CFO=-412.1364604307235,STO=4
EsN0dB=22.77,GRXdB=17,N0=0.003981071524322033
packet_number=759,correct=True,payload=[0,1,2,3,4,5,6,7,8,9,10,11,12,13,14,15,16,17,18,19,20,21,22,23,24,25,26,27,28,29,30,31,32,33,34,35,36,37,38,39,40,41,42,43,44,45,46,47,48,49,50,51,52,53,54,55,56,57,58,59,60,61,62,63,64,65,66,67,68,69,70,71,72,73,74,75,76,77,78,79,80,81,82,83,84,85,86,87,88,89,90,91,92,93,94,95,96,97,98,99]
CFO=-429.7661747477804,STO=4
EsN0dB=22.81,GRXdB=17,N0=0.003981071524322033
packet_number=760,correct=True,payload=[0,1,2,3,4,5,6,7,8,9,10,11,12,13,14,15,16,17,18,19,20,21,22,23,24,25,26,27,28,29,30,31,32,33,34,35,36,37,38,39,40,41,42,43,44,45,46,47,48,49,50,51,52,53,54,55,56,57,58,59,60,61,62,63,64,65,66,67,68,69,70,71,72,73,74,75,76,77,78,79,80,81,82,83,84,85,86,87,88,89,90,91,92,93,94,95,96,97,98,99]
CFO=-463.0974978974426,STO=5
EsN0dB=22.79,GRXdB=17,N0=0.003981071524322033
packet_number=761,correct=True,payload=[0,1,2,3,4,5,6,7,8,9,10,11,12,13,14,15,16,17,18,19,20,21,22,23,24,25,26,27,28,29,30,31,32,33,34,35,36,37,38,39,40,41,42,43,44,45,46,47,48,49,50,51,52,53,54,55,56,57,58,59,60,61,62,63,64,65,66,67,68,69,70,71,72,73,74,75,76,77,78,79,80,81,82,83,84,85,86,87,88,89,90,91,92,93,94,95,96,97,98,99]
CFO=-448.0005861077623,STO=4
EsN0dB=22.78,GRXdB=17,N0=0.003981071524322033
packet_number=762,correct=True,payload=[0,1,2,3,4,5,6,7,8,9,10,11,12,13,14,15,16,17,18,19,20,21,22,23,24,25,26,27,28,29,30,31,32,33,34,35,36,37,38,39,40,41,42,43,44,45,46,47,48,49,50,51,52,53,54,55,56,57,58,59,60,61,62,63,64,65,66,67,68,69,70,71,72,73,74,75,76,77,78,79,80,81,82,83,84,85,86,87,88,89,90,91,92,93,94,95,96,97,98,99]
CFO=-313.4017478201214,STO=4
EsN0dB=22.76,GRXdB=17,N0=0.003981071524322033
packet_number=763,correct=True,payload=[0,1,2,3,4,5,6,7,8,9,10,11,12,13,14,15,16,17,18,19,20,21,22,23,24,25,26,27,28,29,30,31,32,33,34,35,36,37,38,39,40,41,42,43,44,45,46,47,48,49,50,51,52,53,54,55,56,57,58,59,60,61,62,63,64,65,66,67,68,69,70,71,72,73,74,75,76,77,78,79,80,81,82,83,84,85,86,87,88,89,90,91,92,93,94,95,96,97,98,99]
CFO=-410.8665907115974,STO=5
EsN0dB=22.80,GRXdB=17,N0=0.003981071524322033
packet_number=764,correct=True,payload=[0,1,2,3,4,5,6,7,8,9,10,11,12,13,14,15,16,17,18,19,20,21,22,23,24,25,26,27,28,29,30,31,32,33,34,35,36,37,38,39,40,41,42,43,44,45,46,47,48,49,50,51,52,53,54,55,56,57,58,59,60,61,62,63,64,65,66,67,68,69,70,71,72,73,74,75,76,77,78,79,80,81,82,83,84,85,86,87,88,89,90,91,92,93,94,95,96,97,98,99]
CFO=-468.68449777477457,STO=1
EsN0dB=22.74,GRXdB=17,N0=0.003981071524322033
packet_number=765,correct=True,payload=[0,1,2,3,4,5,6,7,8,9,10,11,12,13,14,15,16,17,18,19,20,21,22,23,24,25,26,27,28,29,30,31,32,33,34,35,36,37,38,39,40,41,42,43,44,45,46,47,48,49,50,51,52,53,54,55,56,57,58,59,60,61,62,63,64,65,66,67,68,69,70,71,72,73,74,75,76,77,78,79,80,81,82,83,84,85,86,87,88,89,90,91,92,93,94,95,96,97,98,99]
CFO=-482.01646971017595,STO=2
EsN0dB=22.75,GRXdB=17,N0=0.003981071524322033
packet_number=766,correct=True,payload=[0,1,2,3,4,5,6,7,8,9,10,11,12,13,14,15,16,17,18,19,20,21,22,23,24,25,26,27,28,29,30,31,32,33,34,35,36,37,38,39,40,41,42,43,44,45,46,47,48,49,50,51,52,53,54,55,56,57,58,59,60,61,62,63,64,65,66,67,68,69,70,71,72,73,74,75,76,77,78,79,80,81,82,83,84,85,86,87,88,89,90,91,92,93,94,95,96,97,98,99]
CFO=-435.0794038048646,STO=2
EsN0dB=22.77,GRXdB=17,N0=0.003981071524322033
packet_number=767,correct=True,payload=[0,1,2,3,4,5,6,7,8,9,10,11,12,13,14,15,16,17,18,19,20,21,22,23,24,25,26,27,28,29,30,31,32,33,34,35,36,37,38,39,40,41,42,43,44,45,46,47,48,49,50,51,52,53,54,55,56,57,58,59,60,61,62,63,64,65,66,67,68,69,70,71,72,73,74,75,76,77,78,79,80,81,82,83,84,85,86,87,88,89,90,91,92,93,94,95,96,97,98,99]
CFO=-499.1263900302406,STO=5
EsN0dB=22.79,GRXdB=17,N0=0.003981071524322033
packet_number=768,correct=True,payload=[0,1,2,3,4,5,6,7,8,9,10,11,12,13,14,15,16,17,18,19,20,21,22,23,24,25,26,27,28,29,30,31,32,33,34,35,36,37,38,39,40,41,42,43,44,45,46,47,48,49,50,51,52,53,54,55,56,57,58,59,60,61,62,63,64,65,66,67,68,69,70,71,72,73,74,75,76,77,78,79,80,81,82,83,84,85,86,87,88,89,90,91,92,93,94,95,96,97,98,99]
CFO=-426.71891430870073,STO=0
EsN0dB=22.78,GRXdB=17,N0=0.003981071524322033
packet_number=769,correct=True,payload=[0,1,2,3,4,5,6,7,8,9,10,11,12,13,14,15,16,17,18,19,20,21,22,23,24,25,26,27,28,29,30,31,32,33,34,35,36,37,38,39,40,41,42,43,44,45,46,47,48,49,50,51,52,53,54,55,56,57,58,59,60,61,62,63,64,65,66,67,68,69,70,71,72,73,74,75,76,77,78,79,80,81,82,83,84,85,86,87,88,89,90,91,92,93,94,95,96,97,98,99]
CFO=-469.5342693570594,STO=3
EsN0dB=22.78,GRXdB=17,N0=0.003981071524322033
packet_number=770,correct=True,payload=[0,1,2,3,4,5,6,7,8,9,10,11,12,13,14,15,16,17,18,19,20,21,22,23,24,25,26,27,28,29,30,31,32,33,34,35,36,37,38,39,40,41,42,43,44,45,46,47,48,49,50,51,52,53,54,55,56,57,58,59,60,61,62,63,64,65,66,67,68,69,70,71,72,73,74,75,76,77,78,79,80,81,82,83,84,85,86,87,88,89,90,91,92,93,94,95,96,97,98,99]
CFO=-497.7830602036349,STO=4
EsN0dB=22.79,GRXdB=17,N0=0.003981071524322033
packet_number=771,correct=True,payload=[0,1,2,3,4,5,6,7,8,9,10,11,12,13,14,15,16,17,18,19,20,21,22,23,24,25,26,27,28,29,30,31,32,33,34,35,36,37,38,39,40,41,42,43,44,45,46,47,48,49,50,51,52,53,54,55,56,57,58,59,60,61,62,63,64,65,66,67,68,69,70,71,72,73,74,75,76,77,78,79,80,81,82,83,84,85,86,87,88,89,90,91,92,93,94,95,96,97,98,99]
CFO=-390.81112166704645,STO=4
EsN0dB=22.79,GRXdB=17,N0=0.003981071524322033
packet_number=772,correct=True,payload=[0,1,2,3,4,5,6,7,8,9,10,11,12,13,14,15,16,17,18,19,20,21,22,23,24,25,26,27,28,29,30,31,32,33,34,35,36,37,38,39,40,41,42,43,44,45,46,47,48,49,50,51,52,53,54,55,56,57,58,59,60,61,62,63,64,65,66,67,68,69,70,71,72,73,74,75,76,77,78,79,80,81,82,83,84,85,86,87,88,89,90,91,92,93,94,95,96,97,98,99]
CFO=-456.81876349713724,STO=3
EsN0dB=22.76,GRXdB=17,N0=0.003981071524322033
packet_number=773,correct=True,payload=[0,1,2,3,4,5,6,7,8,9,10,11,12,13,14,15,16,17,18,19,20,21,22,23,24,25,26,27,28,29,30,31,32,33,34,35,36,37,38,39,40,41,42,43,44,45,46,47,48,49,50,51,52,53,54,55,56,57,58,59,60,61,62,63,64,65,66,67,68,69,70,71,72,73,74,75,76,77,78,79,80,81,82,83,84,85,86,87,88,89,90,91,92,93,94,95,96,97,98,99]
CFO=-511.45013829518996,STO=4
EsN0dB=22.79,GRXdB=17,N0=0.003981071524322033
packet_number=774,correct=True,payload=[0,1,2,3,4,5,6,7,8,9,10,11,12,13,14,15,16,17,18,19,20,21,22,23,24,25,26,27,28,29,30,31,32,33,34,35,36,37,38,39,40,41,42,43,44,45,46,47,48,49,50,51,52,53,54,55,56,57,58,59,60,61,62,63,64,65,66,67,68,69,70,71,72,73,74,75,76,77,78,79,80,81,82,83,84,85,86,87,88,89,90,91,92,93,94,95,96,97,98,99]
CFO=-414.33851460493236,STO=1
EsN0dB=22.80,GRXdB=17,N0=0.003981071524322033
packet_number=775,correct=True,payload=[0,1,2,3,4,5,6,7,8,9,10,11,12,13,14,15,16,17,18,19,20,21,22,23,24,25,26,27,28,29,30,31,32,33,34,35,36,37,38,39,40,41,42,43,44,45,46,47,48,49,50,51,52,53,54,55,56,57,58,59,60,61,62,63,64,65,66,67,68,69,70,71,72,73,74,75,76,77,78,79,80,81,82,83,84,85,86,87,88,89,90,91,92,93,94,95,96,97,98,99]
CFO=-411.55322630862787,STO=5
EsN0dB=22.76,GRXdB=17,N0=0.003981071524322033
packet_number=776,correct=True,payload=[0,1,2,3,4,5,6,7,8,9,10,11,12,13,14,15,16,17,18,19,20,21,22,23,24,25,26,27,28,29,30,31,32,33,34,35,36,37,38,39,40,41,42,43,44,45,46,47,48,49,50,51,52,53,54,55,56,57,58,59,60,61,62,63,64,65,66,67,68,69,70,71,72,73,74,75,76,77,78,79,80,81,82,83,84,85,86,87,88,89,90,91,92,93,94,95,96,97,98,99]
CFO=-488.0242792023878,STO=4
EsN0dB=22.75,GRXdB=17,N0=0.003981071524322033
packet_number=777,correct=True,payload=[0,1,2,3,4,5,6,7,8,9,10,11,12,13,14,15,16,17,18,19,20,21,22,23,24,25,26,27,28,29,30,31,32,33,34,35,36,37,38,39,40,41,42,43,44,45,46,47,48,49,50,51,52,53,54,55,56,57,58,59,60,61,62,63,64,65,66,67,68,69,70,71,72,73,74,75,76,77,78,79,80,81,82,83,84,85,86,87,88,89,90,91,92,93,94,95,96,97,98,99]
CFO=-423.28626993207695,STO=6
EsN0dB=22.77,GRXdB=17,N0=0.003981071524322033
packet_number=778,correct=True,payload=[0,1,2,3,4,5,6,7,8,9,10,11,12,13,14,15,16,17,18,19,20,21,22,23,24,25,26,27,28,29,30,31,32,33,34,35,36,37,38,39,40,41,42,43,44,45,46,47,48,49,50,51,52,53,54,55,56,57,58,59,60,61,62,63,64,65,66,67,68,69,70,71,72,73,74,75,76,77,78,79,80,81,82,83,84,85,86,87,88,89,90,91,92,93,94,95,96,97,98,99]
CFO=-445.42257508002,STO=2
EsN0dB=22.79,GRXdB=17,N0=0.003981071524322033
packet_number=779,correct=True,payload=[0,1,2,3,4,5,6,7,8,9,10,11,12,13,14,15,16,17,18,19,20,21,22,23,24,25,26,27,28,29,30,31,32,33,34,35,36,37,38,39,40,41,42,43,44,45,46,47,48,49,50,51,52,53,54,55,56,57,58,59,60,61,62,63,64,65,66,67,68,69,70,71,72,73,74,75,76,77,78,79,80,81,82,83,84,85,86,87,88,89,90,91,92,93,94,95,96,97,98,99]
CFO=-487.6568304403986,STO=3
EsN0dB=22.75,GRXdB=17,N0=0.003981071524322033
packet_number=780,correct=True,payload=[0,1,2,3,4,5,6,7,8,9,10,11,12,13,14,15,16,17,18,19,20,21,22,23,24,25,26,27,28,29,30,31,32,33,34,35,36,37,38,39,40,41,42,43,44,45,46,47,48,49,50,51,52,53,54,55,56,57,58,59,60,61,62,63,64,65,66,67,68,69,70,71,72,73,74,75,76,77,78,79,80,81,82,83,84,85,86,87,88,89,90,91,92,93,94,95,96,97,98,99]
CFO=-462.04904607289467,STO=2
EsN0dB=22.74,GRXdB=17,N0=0.003981071524322033
packet_number=781,correct=True,payload=[0,1,2,3,4,5,6,7,8,9,10,11,12,13,14,15,16,17,18,19,20,21,22,23,24,25,26,27,28,29,30,31,32,33,34,35,36,37,38,39,40,41,42,43,44,45,46,47,48,49,50,51,52,53,54,55,56,57,58,59,60,61,62,63,64,65,66,67,68,69,70,71,72,73,74,75,76,77,78,79,80,81,82,83,84,85,86,87,88,89,90,91,92,93,94,95,96,97,98,99]
CFO=-2502.172923498548,STO=6
EsN0dB=nan,GRXdB=17,N0=0.003981071524322033
packet_number=782,correct=False,payload=[46,48,251,31,115,130,78,103,41,140,19,64,215,197,237,80,108,136,179,244,236,226,183,139,64,226,187,75,240,177,202,131,231,180,185,76,112,151,230,144,165,37,64,228,114,193,245,254,214,23,238,237,89,25,60,44,246,190,165,22,180,20,122,77,88,71,62,112,208,38,135,158,148,7,241,38,134,77,87,233,168,171,26,243,202,154,150,66,100,227,207,208,214,65,146,235,81,138,24,177]
CFO=-436.9334562834712,STO=3
EsN0dB=22.78,GRXdB=17,N0=0.003981071524322033
packet_number=783,correct=True,payload=[0,1,2,3,4,5,6,7,8,9,10,11,12,13,14,15,16,17,18,19,20,21,22,23,24,25,26,27,28,29,30,31,32,33,34,35,36,37,38,39,40,41,42,43,44,45,46,47,48,49,50,51,52,53,54,55,56,57,58,59,60,61,62,63,64,65,66,67,68,69,70,71,72,73,74,75,76,77,78,79,80,81,82,83,84,85,86,87,88,89,90,91,92,93,94,95,96,97,98,99]
CFO=-391.11115788488365,STO=3
EsN0dB=22.79,GRXdB=17,N0=0.003981071524322033
packet_number=784,correct=True,payload=[0,1,2,3,4,5,6,7,8,9,10,11,12,13,14,15,16,17,18,19,20,21,22,23,24,25,26,27,28,29,30,31,32,33,34,35,36,37,38,39,40,41,42,43,44,45,46,47,48,49,50,51,52,53,54,55,56,57,58,59,60,61,62,63,64,65,66,67,68,69,70,71,72,73,74,75,76,77,78,79,80,81,82,83,84,85,86,87,88,89,90,91,92,93,94,95,96,97,98,99]
CFO=-427.5734587228274,STO=5
EsN0dB=22.78,GRXdB=17,N0=0.003981071524322033
packet_number=785,correct=True,payload=[0,1,2,3,4,5,6,7,8,9,10,11,12,13,14,15,16,17,18,19,20,21,22,23,24,25,26,27,28,29,30,31,32,33,34,35,36,37,38,39,40,41,42,43,44,45,46,47,48,49,50,51,52,53,54,55,56,57,58,59,60,61,62,63,64,65,66,67,68,69,70,71,72,73,74,75,76,77,78,79,80,81,82,83,84,85,86,87,88,89,90,91,92,93,94,95,96,97,98,99]
CFO=-413.41388960400917,STO=1
EsN0dB=22.78,GRXdB=17,N0=0.003981071524322033
packet_number=786,correct=True,payload=[0,1,2,3,4,5,6,7,8,9,10,11,12,13,14,15,16,17,18,19,20,21,22,23,24,25,26,27,28,29,30,31,32,33,34,35,36,37,38,39,40,41,42,43,44,45,46,47,48,49,50,51,52,53,54,55,56,57,58,59,60,61,62,63,64,65,66,67,68,69,70,71,72,73,74,75,76,77,78,79,80,81,82,83,84,85,86,87,88,89,90,91,92,93,94,95,96,97,98,99]
CFO=-435.7953878709851,STO=5
EsN0dB=22.77,GRXdB=17,N0=0.003981071524322033
packet_number=787,correct=True,payload=[0,1,2,3,4,5,6,7,8,9,10,11,12,13,14,15,16,17,18,19,20,21,22,23,24,25,26,27,28,29,30,31,32,33,34,35,36,37,38,39,40,41,42,43,44,45,46,47,48,49,50,51,52,53,54,55,56,57,58,59,60,61,62,63,64,65,66,67,68,69,70,71,72,73,74,75,76,77,78,79,80,81,82,83,84,85,86,87,88,89,90,91,92,93,94,95,96,97,98,99]
CFO=-450.444246365893,STO=4
EsN0dB=22.82,GRXdB=17,N0=0.003981071524322033
packet_number=788,correct=True,payload=[0,1,2,3,4,5,6,7,8,9,10,11,12,13,14,15,16,17,18,19,20,21,22,23,24,25,26,27,28,29,30,31,32,33,34,35,36,37,38,39,40,41,42,43,44,45,46,47,48,49,50,51,52,53,54,55,56,57,58,59,60,61,62,63,64,65,66,67,68,69,70,71,72,73,74,75,76,77,78,79,80,81,82,83,84,85,86,87,88,89,90,91,92,93,94,95,96,97,98,99]
CFO=1147.1894423605136,STO=6
EsN0dB=-16.16,GRXdB=17,N0=0.003981071524322033
packet_number=789,correct=False,payload=[19,141,94,133,164,15,79,242,55,106,170,67,61,7,253,102,220,96,144,56,161,93,223,241,158,227,34,93,204,223,137,115,57,191,232,234,83,234,82,106,212,28,21,247,177,53,57,215,124,249,144,123,143,58,12,7,161,223,241,241,237,225,70,197,45,19,127,205,219,191,5,243,12,96,77,25,174,96,68,94,87,107,158,52,88,239,140,131,238,161,86,41,9,62,207,218,82,130,185,144]
CFO=-494.84284756443765,STO=4
EsN0dB=22.79,GRXdB=17,N0=0.003981071524322033
packet_number=790,correct=True,payload=[0,1,2,3,4,5,6,7,8,9,10,11,12,13,14,15,16,17,18,19,20,21,22,23,24,25,26,27,28,29,30,31,32,33,34,35,36,37,38,39,40,41,42,43,44,45,46,47,48,49,50,51,52,53,54,55,56,57,58,59,60,61,62,63,64,65,66,67,68,69,70,71,72,73,74,75,76,77,78,79,80,81,82,83,84,85,86,87,88,89,90,91,92,93,94,95,96,97,98,99]
CFO=-380.8827717332799,STO=5
EsN0dB=22.78,GRXdB=17,N0=0.003981071524322033
packet_number=791,correct=True,payload=[0,1,2,3,4,5,6,7,8,9,10,11,12,13,14,15,16,17,18,19,20,21,22,23,24,25,26,27,28,29,30,31,32,33,34,35,36,37,38,39,40,41,42,43,44,45,46,47,48,49,50,51,52,53,54,55,56,57,58,59,60,61,62,63,64,65,66,67,68,69,70,71,72,73,74,75,76,77,78,79,80,81,82,83,84,85,86,87,88,89,90,91,92,93,94,95,96,97,98,99]
CFO=-452.8701493179784,STO=4
EsN0dB=22.78,GRXdB=17,N0=0.003981071524322033
packet_number=792,correct=True,payload=[0,1,2,3,4,5,6,7,8,9,10,11,12,13,14,15,16,17,18,19,20,21,22,23,24,25,26,27,28,29,30,31,32,33,34,35,36,37,38,39,40,41,42,43,44,45,46,47,48,49,50,51,52,53,54,55,56,57,58,59,60,61,62,63,64,65,66,67,68,69,70,71,72,73,74,75,76,77,78,79,80,81,82,83,84,85,86,87,88,89,90,91,92,93,94,95,96,97,98,99]
CFO=-401.59161477655954,STO=5
EsN0dB=22.79,GRXdB=17,N0=0.003981071524322033
packet_number=793,correct=True,payload=[0,1,2,3,4,5,6,7,8,9,10,11,12,13,14,15,16,17,18,19,20,21,22,23,24,25,26,27,28,29,30,31,32,33,34,35,36,37,38,39,40,41,42,43,44,45,46,47,48,49,50,51,52,53,54,55,56,57,58,59,60,61,62,63,64,65,66,67,68,69,70,71,72,73,74,75,76,77,78,79,80,81,82,83,84,85,86,87,88,89,90,91,92,93,94,95,96,97,98,99]
CFO=-2218.4354817276017,STO=3
EsN0dB=-9.91,GRXdB=17,N0=0.003981071524322033
packet_number=794,correct=False,payload=[235,227,210,118,124,210,24,42,222,29,38,247,227,196,224,189,189,143,230,106,208,150,253,48,180,95,101,41,59,114,82,212,173,127,173,68,221,10,77,199,28,149,176,41,102,185,174,14,32,191,149,167,210,132,90,206,231,79,176,158,26,32,62,201,227,228,6,205,222,232,215,124,191,204,26,215,181,168,151,159,102,223,24,33,90,81,237,179,60,207,162,148,229,143,21,111,109,87,175,253]
CFO=-388.2033767862767,STO=5
EsN0dB=22.73,GRXdB=17,N0=0.003981071524322033
packet_number=795,correct=True,payload=[0,1,2,3,4,5,6,7,8,9,10,11,12,13,14,15,16,17,18,19,20,21,22,23,24,25,26,27,28,29,30,31,32,33,34,35,36,37,38,39,40,41,42,43,44,45,46,47,48,49,50,51,52,53,54,55,56,57,58,59,60,61,62,63,64,65,66,67,68,69,70,71,72,73,74,75,76,77,78,79,80,81,82,83,84,85,86,87,88,89,90,91,92,93,94,95,96,97,98,99]
CFO=-389.0988311876196,STO=4
EsN0dB=22.74,GRXdB=17,N0=0.003981071524322033
packet_number=796,correct=True,payload=[0,1,2,3,4,5,6,7,8,9,10,11,12,13,14,15,16,17,18,19,20,21,22,23,24,25,26,27,28,29,30,31,32,33,34,35,36,37,38,39,40,41,42,43,44,45,46,47,48,49,50,51,52,53,54,55,56,57,58,59,60,61,62,63,64,65,66,67,68,69,70,71,72,73,74,75,76,77,78,79,80,81,82,83,84,85,86,87,88,89,90,91,92,93,94,95,96,97,98,99]
CFO=-437.22952008225985,STO=4
EsN0dB=22.78,GRXdB=17,N0=0.003981071524322033
packet_number=797,correct=True,payload=[0,1,2,3,4,5,6,7,8,9,10,11,12,13,14,15,16,17,18,19,20,21,22,23,24,25,26,27,28,29,30,31,32,33,34,35,36,37,38,39,40,41,42,43,44,45,46,47,48,49,50,51,52,53,54,55,56,57,58,59,60,61,62,63,64,65,66,67,68,69,70,71,72,73,74,75,76,77,78,79,80,81,82,83,84,85,86,87,88,89,90,91,92,93,94,95,96,97,98,99]
CFO=-395.08645249048783,STO=4
EsN0dB=22.75,GRXdB=17,N0=0.003981071524322033
packet_number=798,correct=False,payload=[128,0,130,3,2,4,7,3,12,5,139,15,12,6,135,15,8,24,128,11,22,2,138,15,28,28,138,31,156,13,143,15,128,1,176,17,4,1,162,7,152,33,149,45,172,52,39,31,176,17,177,27,56,55,183,19,56,29,152,29,60,30,158,31,64,97,225,3,36,97,70,35,200,76,9,107,100,109,102,71,56,48,211,107,112,72,150,59,252,93,74,95,188,29,30,127,240,33,226,99]
CFO=-406.12245515059266,STO=2
EsN0dB=22.76,GRXdB=17,N0=0.003981071524322033
packet_number=799,correct=True,payload=[0,1,2,3,4,5,6,7,8,9,10,11,12,13,14,15,16,17,18,19,20,21,22,23,24,25,26,27,28,29,30,31,32,33,34,35,36,37,38,39,40,41,42,43,44,45,46,47,48,49,50,51,52,53,54,55,56,57,58,59,60,61,62,63,64,65,66,67,68,69,70,71,72,73,74,75,76,77,78,79,80,81,82,83,84,85,86,87,88,89,90,91,92,93,94,95,96,97,98,99]
CFO=-421.8590449867597,STO=4
EsN0dB=22.79,GRXdB=17,N0=0.003981071524322033
packet_number=800,correct=True,payload=[0,1,2,3,4,5,6,7,8,9,10,11,12,13,14,15,16,17,18,19,20,21,22,23,24,25,26,27,28,29,30,31,32,33,34,35,36,37,38,39,40,41,42,43,44,45,46,47,48,49,50,51,52,53,54,55,56,57,58,59,60,61,62,63,64,65,66,67,68,69,70,71,72,73,74,75,76,77,78,79,80,81,82,83,84,85,86,87,88,89,90,91,92,93,94,95,96,97,98,99]
CFO=-462.0299843904454,STO=5
EsN0dB=22.80,GRXdB=17,N0=0.003981071524322033
packet_number=801,correct=True,payload=[0,1,2,3,4,5,6,7,8,9,10,11,12,13,14,15,16,17,18,19,20,21,22,23,24,25,26,27,28,29,30,31,32,33,34,35,36,37,38,39,40,41,42,43,44,45,46,47,48,49,50,51,52,53,54,55,56,57,58,59,60,61,62,63,64,65,66,67,68,69,70,71,72,73,74,75,76,77,78,79,80,81,82,83,84,85,86,87,88,89,90,91,92,93,94,95,96,97,98,99]
CFO=-439.22598674824803,STO=4
EsN0dB=22.80,GRXdB=17,N0=0.003981071524322033
packet_number=802,correct=True,payload=[0,1,2,3,4,5,6,7,8,9,10,11,12,13,14,15,16,17,18,19,20,21,22,23,24,25,26,27,28,29,30,31,32,33,34,35,36,37,38,39,40,41,42,43,44,45,46,47,48,49,50,51,52,53,54,55,56,57,58,59,60,61,62,63,64,65,66,67,68,69,70,71,72,73,74,75,76,77,78,79,80,81,82,83,84,85,86,87,88,89,90,91,92,93,94,95,96,97,98,99]
CFO=-463.2093481740852,STO=3
EsN0dB=22.80,GRXdB=17,N0=0.003981071524322033
packet_number=803,correct=True,payload=[0,1,2,3,4,5,6,7,8,9,10,11,12,13,14,15,16,17,18,19,20,21,22,23,24,25,26,27,28,29,30,31,32,33,34,35,36,37,38,39,40,41,42,43,44,45,46,47,48,49,50,51,52,53,54,55,56,57,58,59,60,61,62,63,64,65,66,67,68,69,70,71,72,73,74,75,76,77,78,79,80,81,82,83,84,85,86,87,88,89,90,91,92,93,94,95,96,97,98,99]
CFO=-403.93513450076534,STO=5
EsN0dB=22.77,GRXdB=17,N0=0.003981071524322033
packet_number=804,correct=True,payload=[0,1,2,3,4,5,6,7,8,9,10,11,12,13,14,15,16,17,18,19,20,21,22,23,24,25,26,27,28,29,30,31,32,33,34,35,36,37,38,39,40,41,42,43,44,45,46,47,48,49,50,51,52,53,54,55,56,57,58,59,60,61,62,63,64,65,66,67,68,69,70,71,72,73,74,75,76,77,78,79,80,81,82,83,84,85,86,87,88,89,90,91,92,93,94,95,96,97,98,99]
CFO=-440.6529745342191,STO=6
EsN0dB=22.82,GRXdB=17,N0=0.003981071524322033
packet_number=805,correct=True,payload=[0,1,2,3,4,5,6,7,8,9,10,11,12,13,14,15,16,17,18,19,20,21,22,23,24,25,26,27,28,29,30,31,32,33,34,35,36,37,38,39,40,41,42,43,44,45,46,47,48,49,50,51,52,53,54,55,56,57,58,59,60,61,62,63,64,65,66,67,68,69,70,71,72,73,74,75,76,77,78,79,80,81,82,83,84,85,86,87,88,89,90,91,92,93,94,95,96,97,98,99]
CFO=-430.9998183767774,STO=3
EsN0dB=22.78,GRXdB=17,N0=0.003981071524322033
packet_number=806,correct=True,payload=[0,1,2,3,4,5,6,7,8,9,10,11,12,13,14,15,16,17,18,19,20,21,22,23,24,25,26,27,28,29,30,31,32,33,34,35,36,37,38,39,40,41,42,43,44,45,46,47,48,49,50,51,52,53,54,55,56,57,58,59,60,61,62,63,64,65,66,67,68,69,70,71,72,73,74,75,76,77,78,79,80,81,82,83,84,85,86,87,88,89,90,91,92,93,94,95,96,97,98,99]
CFO=-413.47602535270863,STO=0
EsN0dB=22.75,GRXdB=17,N0=0.003981071524322033
packet_number=807,correct=False,payload=[0,1,2,3,4,5,6,7,8,9,8,11,12,13,14,15,16,17,18,19,20,21,150,23,24,25,26,27,28,29,30,31,32,33,32,35,38,37,38,3,40,41,58,43,44,45,47,47,48,49,50,51,52,53,54,55,56,57,56,59,60,61,63,63,64,65,66,99,64,67,198,71,72,73,74,75,76,79,79,79,80,81,82,83,84,81,86,87,88,89,90,91,92,29,222,95,96,97,98,99]
CFO=-428.63284952221795,STO=3
EsN0dB=22.78,GRXdB=17,N0=0.003981071524322033
packet_number=808,correct=True,payload=[0,1,2,3,4,5,6,7,8,9,10,11,12,13,14,15,16,17,18,19,20,21,22,23,24,25,26,27,28,29,30,31,32,33,34,35,36,37,38,39,40,41,42,43,44,45,46,47,48,49,50,51,52,53,54,55,56,57,58,59,60,61,62,63,64,65,66,67,68,69,70,71,72,73,74,75,76,77,78,79,80,81,82,83,84,85,86,87,88,89,90,91,92,93,94,95,96,97,98,99]
CFO=-484.6885737085155,STO=0
EsN0dB=22.77,GRXdB=17,N0=0.003981071524322033
packet_number=809,correct=True,payload=[0,1,2,3,4,5,6,7,8,9,10,11,12,13,14,15,16,17,18,19,20,21,22,23,24,25,26,27,28,29,30,31,32,33,34,35,36,37,38,39,40,41,42,43,44,45,46,47,48,49,50,51,52,53,54,55,56,57,58,59,60,61,62,63,64,65,66,67,68,69,70,71,72,73,74,75,76,77,78,79,80,81,82,83,84,85,86,87,88,89,90,91,92,93,94,95,96,97,98,99]
CFO=-433.34176692031474,STO=3
EsN0dB=22.81,GRXdB=17,N0=0.003981071524322033
packet_number=810,correct=True,payload=[0,1,2,3,4,5,6,7,8,9,10,11,12,13,14,15,16,17,18,19,20,21,22,23,24,25,26,27,28,29,30,31,32,33,34,35,36,37,38,39,40,41,42,43,44,45,46,47,48,49,50,51,52,53,54,55,56,57,58,59,60,61,62,63,64,65,66,67,68,69,70,71,72,73,74,75,76,77,78,79,80,81,82,83,84,85,86,87,88,89,90,91,92,93,94,95,96,97,98,99]
CFO=-431.32170289938153,STO=4
EsN0dB=22.80,GRXdB=17,N0=0.003981071524322033
packet_number=811,correct=True,payload=[0,1,2,3,4,5,6,7,8,9,10,11,12,13,14,15,16,17,18,19,20,21,22,23,24,25,26,27,28,29,30,31,32,33,34,35,36,37,38,39,40,41,42,43,44,45,46,47,48,49,50,51,52,53,54,55,56,57,58,59,60,61,62,63,64,65,66,67,68,69,70,71,72,73,74,75,76,77,78,79,80,81,82,83,84,85,86,87,88,89,90,91,92,93,94,95,96,97,98,99]
CFO=-943.9949905225001,STO=2
EsN0dB=-7.96,GRXdB=17,N0=0.003981071524322033
packet_number=812,correct=False,payload=[190,93,168,246,156,241,163,103,146,245,160,156,9,192,155,103,93,242,144,101,94,18,132,249,5,194,243,163,33,226,193,16,221,243,65,171,5,175,191,90,23,131,115,40,210,124,251,187,184,12,233,68,53,134,40,122,97,191,113,239,44,10,186,14,168,165,190,240,59,4,12,249,234,148,218,30,46,80,255,145,30,152,21,240,193,60,162,90,119,143,103,80,73,251,150,73,88,237,48,26]
CFO=-480.3380633723347,STO=4
EsN0dB=22.77,GRXdB=17,N0=0.003981071524322033
packet_number=813,correct=True,payload=[0,1,2,3,4,5,6,7,8,9,10,11,12,13,14,15,16,17,18,19,20,21,22,23,24,25,26,27,28,29,30,31,32,33,34,35,36,37,38,39,40,41,42,43,44,45,46,47,48,49,50,51,52,53,54,55,56,57,58,59,60,61,62,63,64,65,66,67,68,69,70,71,72,73,74,75,76,77,78,79,80,81,82,83,84,85,86,87,88,89,90,91,92,93,94,95,96,97,98,99]
CFO=-506.9444664567703,STO=1
EsN0dB=22.78,GRXdB=17,N0=0.003981071524322033
packet_number=814,correct=True,payload=[0,1,2,3,4,5,6,7,8,9,10,11,12,13,14,15,16,17,18,19,20,21,22,23,24,25,26,27,28,29,30,31,32,33,34,35,36,37,38,39,40,41,42,43,44,45,46,47,48,49,50,51,52,53,54,55,56,57,58,59,60,61,62,63,64,65,66,67,68,69,70,71,72,73,74,75,76,77,78,79,80,81,82,83,84,85,86,87,88,89,90,91,92,93,94,95,96,97,98,99]
CFO=-434.2890406387982,STO=1
EsN0dB=21.74,GRXdB=17,N0=0.005011872388422489
packet_number=815,correct=True,payload=[0,1,2,3,4,5,6,7,8,9,10,11,12,13,14,15,16,17,18,19,20,21,22,23,24,25,26,27,28,29,30,31,32,33,34,35,36,37,38,39,40,41,42,43,44,45,46,47,48,49,50,51,52,53,54,55,56,57,58,59,60,61,62,63,64,65,66,67,68,69,70,71,72,73,74,75,76,77,78,79,80,81,82,83,84,85,86,87,88,89,90,91,92,93,94,95,96,97,98,99]
CFO=-1637.0972114453525,STO=7
EsN0dB=nan,GRXdB=17,N0=0.005011872388422489
packet_number=816,correct=False,payload=[91,157,98,72,228,156,118,50,115,53,253,5,179,217,86,122,139,22,49,228,236,61,231,97,34,29,96,197,221,114,211,254,131,225,179,191,3,132,145,217,34,208,26,191,91,223,246,106,112,187,173,169,31,112,236,24,47,245,34,146,246,55,3,199,54,175,56,117,178,135,201,234,143,63,39,173,5,32,25,39,138,145,153,226,99,33,208,159,1,30,198,45,95,249,59,84,225,170,135,95]
CFO=-377.92207445555636,STO=5
EsN0dB=21.80,GRXdB=17,N0=0.005011872388422489
packet_number=817,correct=True,payload=[0,1,2,3,4,5,6,7,8,9,10,11,12,13,14,15,16,17,18,19,20,21,22,23,24,25,26,27,28,29,30,31,32,33,34,35,36,37,38,39,40,41,42,43,44,45,46,47,48,49,50,51,52,53,54,55,56,57,58,59,60,61,62,63,64,65,66,67,68,69,70,71,72,73,74,75,76,77,78,79,80,81,82,83,84,85,86,87,88,89,90,91,92,93,94,95,96,97,98,99]
CFO=-426.8675539289197,STO=3
EsN0dB=21.77,GRXdB=17,N0=0.005011872388422489
packet_number=818,correct=True,payload=[0,1,2,3,4,5,6,7,8,9,10,11,12,13,14,15,16,17,18,19,20,21,22,23,24,25,26,27,28,29,30,31,32,33,34,35,36,37,38,39,40,41,42,43,44,45,46,47,48,49,50,51,52,53,54,55,56,57,58,59,60,61,62,63,64,65,66,67,68,69,70,71,72,73,74,75,76,77,78,79,80,81,82,83,84,85,86,87,88,89,90,91,92,93,94,95,96,97,98,99]
CFO=-452.68199302170206,STO=5
EsN0dB=21.78,GRXdB=17,N0=0.005011872388422489
packet_number=819,correct=True,payload=[0,1,2,3,4,5,6,7,8,9,10,11,12,13,14,15,16,17,18,19,20,21,22,23,24,25,26,27,28,29,30,31,32,33,34,35,36,37,38,39,40,41,42,43,44,45,46,47,48,49,50,51,52,53,54,55,56,57,58,59,60,61,62,63,64,65,66,67,68,69,70,71,72,73,74,75,76,77,78,79,80,81,82,83,84,85,86,87,88,89,90,91,92,93,94,95,96,97,98,99]
CFO=-455.6394886482522,STO=4
EsN0dB=21.77,GRXdB=17,N0=0.005011872388422489
packet_number=820,correct=True,payload=[0,1,2,3,4,5,6,7,8,9,10,11,12,13,14,15,16,17,18,19,20,21,22,23,24,25,26,27,28,29,30,31,32,33,34,35,36,37,38,39,40,41,42,43,44,45,46,47,48,49,50,51,52,53,54,55,56,57,58,59,60,61,62,63,64,65,66,67,68,69,70,71,72,73,74,75,76,77,78,79,80,81,82,83,84,85,86,87,88,89,90,91,92,93,94,95,96,97,98,99]
CFO=-522.0509239101344,STO=5
EsN0dB=21.77,GRXdB=17,N0=0.005011872388422489
packet_number=821,correct=True,payload=[0,1,2,3,4,5,6,7,8,9,10,11,12,13,14,15,16,17,18,19,20,21,22,23,24,25,26,27,28,29,30,31,32,33,34,35,36,37,38,39,40,41,42,43,44,45,46,47,48,49,50,51,52,53,54,55,56,57,58,59,60,61,62,63,64,65,66,67,68,69,70,71,72,73,74,75,76,77,78,79,80,81,82,83,84,85,86,87,88,89,90,91,92,93,94,95,96,97,98,99]
CFO=-463.2244077925677,STO=1
EsN0dB=21.78,GRXdB=17,N0=0.005011872388422489
packet_number=822,correct=True,payload=[0,1,2,3,4,5,6,7,8,9,10,11,12,13,14,15,16,17,18,19,20,21,22,23,24,25,26,27,28,29,30,31,32,33,34,35,36,37,38,39,40,41,42,43,44,45,46,47,48,49,50,51,52,53,54,55,56,57,58,59,60,61,62,63,64,65,66,67,68,69,70,71,72,73,74,75,76,77,78,79,80,81,82,83,84,85,86,87,88,89,90,91,92,93,94,95,96,97,98,99]
CFO=-445.71392533680336,STO=4
EsN0dB=21.76,GRXdB=17,N0=0.005011872388422489
packet_number=823,correct=True,payload=[0,1,2,3,4,5,6,7,8,9,10,11,12,13,14,15,16,17,18,19,20,21,22,23,24,25,26,27,28,29,30,31,32,33,34,35,36,37,38,39,40,41,42,43,44,45,46,47,48,49,50,51,52,53,54,55,56,57,58,59,60,61,62,63,64,65,66,67,68,69,70,71,72,73,74,75,76,77,78,79,80,81,82,83,84,85,86,87,88,89,90,91,92,93,94,95,96,97,98,99]
CFO=-366.9070603975885,STO=1
EsN0dB=21.80,GRXdB=17,N0=0.005011872388422489
packet_number=824,correct=False,payload=[0,1,2,3,4,5,6,7,8,9,10,3,4,13,14,15,16,17,2,19,20,21,22,23,24,9,26,27,28,29,30,31,0,33,34,35,52,37,38,39,40,40,170,43,44,37,46,47,48,48,58,51,52,53,54,55,56,57,58,59,60,61,62,63,64,97,66,67,68,69,70,71,72,73,74,75,76,13,78,79,80,81,16,83,84,85,86,87,220,89,218,91,92,93,94,95,96,97,98,99]
CFO=-2207.321720446868,STO=5
EsN0dB=nan,GRXdB=17,N0=0.005011872388422489
packet_number=825,correct=False,payload=[110,0,68,115,102,246,177,254,56,105,42,9,241,175,1,155,162,205,246,118,119,105,123,131,224,153,201,58,137,201,149,37,52,237,250,242,128,151,28,215,155,111,164,11,202,210,215,200,28,59,170,32,61,113,36,24,41,30,93,16,118,31,117,81,134,119,148,152,234,47,65,68,10,134,65,251,219,138,210,91,216,114,94,94,128,120,146,92,120,22,195,184,134,175,162,7,115,17,168,140]
CFO=-470.144687869211,STO=1
EsN0dB=21.75,GRXdB=17,N0=0.005011872388422489
packet_number=826,correct=True,payload=[0,1,2,3,4,5,6,7,8,9,10,11,12,13,14,15,16,17,18,19,20,21,22,23,24,25,26,27,28,29,30,31,32,33,34,35,36,37,38,39,40,41,42,43,44,45,46,47,48,49,50,51,52,53,54,55,56,57,58,59,60,61,62,63,64,65,66,67,68,69,70,71,72,73,74,75,76,77,78,79,80,81,82,83,84,85,86,87,88,89,90,91,92,93,94,95,96,97,98,99]
CFO=-386.58817341419274,STO=4
EsN0dB=21.80,GRXdB=17,N0=0.005011872388422489
packet_number=827,correct=True,payload=[0,1,2,3,4,5,6,7,8,9,10,11,12,13,14,15,16,17,18,19,20,21,22,23,24,25,26,27,28,29,30,31,32,33,34,35,36,37,38,39,40,41,42,43,44,45,46,47,48,49,50,51,52,53,54,55,56,57,58,59,60,61,62,63,64,65,66,67,68,69,70,71,72,73,74,75,76,77,78,79,80,81,82,83,84,85,86,87,88,89,90,91,92,93,94,95,96,97,98,99]
CFO=-457.23574891756,STO=6
EsN0dB=21.79,GRXdB=17,N0=0.005011872388422489
packet_number=828,correct=True,payload=[0,1,2,3,4,5,6,7,8,9,10,11,12,13,14,15,16,17,18,19,20,21,22,23,24,25,26,27,28,29,30,31,32,33,34,35,36,37,38,39,40,41,42,43,44,45,46,47,48,49,50,51,52,53,54,55,56,57,58,59,60,61,62,63,64,65,66,67,68,69,70,71,72,73,74,75,76,77,78,79,80,81,82,83,84,85,86,87,88,89,90,91,92,93,94,95,96,97,98,99]
CFO=-480.6774976865563,STO=1
EsN0dB=21.77,GRXdB=17,N0=0.005011872388422489
packet_number=829,correct=True,payload=[0,1,2,3,4,5,6,7,8,9,10,11,12,13,14,15,16,17,18,19,20,21,22,23,24,25,26,27,28,29,30,31,32,33,34,35,36,37,38,39,40,41,42,43,44,45,46,47,48,49,50,51,52,53,54,55,56,57,58,59,60,61,62,63,64,65,66,67,68,69,70,71,72,73,74,75,76,77,78,79,80,81,82,83,84,85,86,87,88,89,90,91,92,93,94,95,96,97,98,99]
CFO=-444.0393728383376,STO=4
EsN0dB=21.78,GRXdB=17,N0=0.005011872388422489
packet_number=830,correct=True,payload=[0,1,2,3,4,5,6,7,8,9,10,11,12,13,14,15,16,17,18,19,20,21,22,23,24,25,26,27,28,29,30,31,32,33,34,35,36,37,38,39,40,41,42,43,44,45,46,47,48,49,50,51,52,53,54,55,56,57,58,59,60,61,62,63,64,65,66,67,68,69,70,71,72,73,74,75,76,77,78,79,80,81,82,83,84,85,86,87,88,89,90,91,92,93,94,95,96,97,98,99]
CFO=-486.07423647841455,STO=5
EsN0dB=21.76,GRXdB=17,N0=0.005011872388422489
packet_number=831,correct=True,payload=[0,1,2,3,4,5,6,7,8,9,10,11,12,13,14,15,16,17,18,19,20,21,22,23,24,25,26,27,28,29,30,31,32,33,34,35,36,37,38,39,40,41,42,43,44,45,46,47,48,49,50,51,52,53,54,55,56,57,58,59,60,61,62,63,64,65,66,67,68,69,70,71,72,73,74,75,76,77,78,79,80,81,82,83,84,85,86,87,88,89,90,91,92,93,94,95,96,97,98,99]
CFO=-486.5422704481027,STO=0
EsN0dB=21.76,GRXdB=17,N0=0.005011872388422489
packet_number=832,correct=True,payload=[0,1,2,3,4,5,6,7,8,9,10,11,12,13,14,15,16,17,18,19,20,21,22,23,24,25,26,27,28,29,30,31,32,33,34,35,36,37,38,39,40,41,42,43,44,45,46,47,48,49,50,51,52,53,54,55,56,57,58,59,60,61,62,63,64,65,66,67,68,69,70,71,72,73,74,75,76,77,78,79,80,81,82,83,84,85,86,87,88,89,90,91,92,93,94,95,96,97,98,99]
CFO=-498.09871929340176,STO=3
EsN0dB=21.75,GRXdB=17,N0=0.005011872388422489
packet_number=833,correct=True,payload=[0,1,2,3,4,5,6,7,8,9,10,11,12,13,14,15,16,17,18,19,20,21,22,23,24,25,26,27,28,29,30,31,32,33,34,35,36,37,38,39,40,41,42,43,44,45,46,47,48,49,50,51,52,53,54,55,56,57,58,59,60,61,62,63,64,65,66,67,68,69,70,71,72,73,74,75,76,77,78,79,80,81,82,83,84,85,86,87,88,89,90,91,92,93,94,95,96,97,98,99]
CFO=-1905.5771252594175,STO=2
EsN0dB=-9.30,GRXdB=17,N0=0.005011872388422489
packet_number=834,correct=False,payload=[153,147,214,194,110,109,176,177,231,237,63,181,23,201,63,37,139,163,171,239,56,201,14,177,37,153,242,192,145,143,105,194,38,135,188,151,161,183,39,26,41,225,130,40,204,190,30,150,233,183,196,125,186,147,73,63,119,238,196,119,20,173,118,76,169,90,240,37,153,188,178,84,236,66,229,50,225,84,237,122,239,243,37,105,139,104,44,29,252,124,67,64,15,245,61,128,178,137,1,143]
CFO=-410.3308181036562,STO=2
EsN0dB=21.75,GRXdB=17,N0=0.005011872388422489
packet_number=835,correct=True,payload=[0,1,2,3,4,5,6,7,8,9,10,11,12,13,14,15,16,17,18,19,20,21,22,23,24,25,26,27,28,29,30,31,32,33,34,35,36,37,38,39,40,41,42,43,44,45,46,47,48,49,50,51,52,53,54,55,56,57,58,59,60,61,62,63,64,65,66,67,68,69,70,71,72,73,74,75,76,77,78,79,80,81,82,83,84,85,86,87,88,89,90,91,92,93,94,95,96,97,98,99]
CFO=-412.09270453135315,STO=4
EsN0dB=21.80,GRXdB=17,N0=0.005011872388422489
packet_number=836,correct=True,payload=[0,1,2,3,4,5,6,7,8,9,10,11,12,13,14,15,16,17,18,19,20,21,22,23,24,25,26,27,28,29,30,31,32,33,34,35,36,37,38,39,40,41,42,43,44,45,46,47,48,49,50,51,52,53,54,55,56,57,58,59,60,61,62,63,64,65,66,67,68,69,70,71,72,73,74,75,76,77,78,79,80,81,82,83,84,85,86,87,88,89,90,91,92,93,94,95,96,97,98,99]
CFO=-499.71122497792294,STO=5
EsN0dB=21.73,GRXdB=17,N0=0.005011872388422489
packet_number=837,correct=True,payload=[0,1,2,3,4,5,6,7,8,9,10,11,12,13,14,15,16,17,18,19,20,21,22,23,24,25,26,27,28,29,30,31,32,33,34,35,36,37,38,39,40,41,42,43,44,45,46,47,48,49,50,51,52,53,54,55,56,57,58,59,60,61,62,63,64,65,66,67,68,69,70,71,72,73,74,75,76,77,78,79,80,81,82,83,84,85,86,87,88,89,90,91,92,93,94,95,96,97,98,99]
CFO=-455.99736210163934,STO=1
EsN0dB=21.79,GRXdB=17,N0=0.005011872388422489
packet_number=838,correct=True,payload=[0,1,2,3,4,5,6,7,8,9,10,11,12,13,14,15,16,17,18,19,20,21,22,23,24,25,26,27,28,29,30,31,32,33,34,35,36,37,38,39,40,41,42,43,44,45,46,47,48,49,50,51,52,53,54,55,56,57,58,59,60,61,62,63,64,65,66,67,68,69,70,71,72,73,74,75,76,77,78,79,80,81,82,83,84,85,86,87,88,89,90,91,92,93,94,95,96,97,98,99]
CFO=-412.86332418185003,STO=3
EsN0dB=21.77,GRXdB=17,N0=0.005011872388422489
packet_number=839,correct=True,payload=[0,1,2,3,4,5,6,7,8,9,10,11,12,13,14,15,16,17,18,19,20,21,22,23,24,25,26,27,28,29,30,31,32,33,34,35,36,37,38,39,40,41,42,43,44,45,46,47,48,49,50,51,52,53,54,55,56,57,58,59,60,61,62,63,64,65,66,67,68,69,70,71,72,73,74,75,76,77,78,79,80,81,82,83,84,85,86,87,88,89,90,91,92,93,94,95,96,97,98,99]
CFO=-438.3511948549412,STO=7
EsN0dB=21.80,GRXdB=17,N0=0.005011872388422489
packet_number=840,correct=False,payload=[0,1,4,2,4,7,14,7,8,9,8,2,8,12,12,31,48,17,18,54,20,11,20,23,48,51,58,59,28,63,30,62,96,35,64,35,4,37,38,38,56,9,32,42,40,13,124,46,96,51,52,115,100,109,60,118,48,51,112,115,124,57,60,63,128,67,134,198,68,203,70,79,80,75,196,134,92,13,28,143,208,112,210,83,84,87,44,15,80,59,82,250,56,93,190,30,64,224,100,103]
CFO=-545.6482195653072,STO=5
EsN0dB=21.78,GRXdB=17,N0=0.005011872388422489
packet_number=841,correct=True,payload=[0,1,2,3,4,5,6,7,8,9,10,11,12,13,14,15,16,17,18,19,20,21,22,23,24,25,26,27,28,29,30,31,32,33,34,35,36,37,38,39,40,41,42,43,44,45,46,47,48,49,50,51,52,53,54,55,56,57,58,59,60,61,62,63,64,65,66,67,68,69,70,71,72,73,74,75,76,77,78,79,80,81,82,83,84,85,86,87,88,89,90,91,92,93,94,95,96,97,98,99]
CFO=-419.13343191093804,STO=1
EsN0dB=21.75,GRXdB=17,N0=0.005011872388422489
packet_number=842,correct=True,payload=[0,1,2,3,4,5,6,7,8,9,10,11,12,13,14,15,16,17,18,19,20,21,22,23,24,25,26,27,28,29,30,31,32,33,34,35,36,37,38,39,40,41,42,43,44,45,46,47,48,49,50,51,52,53,54,55,56,57,58,59,60,61,62,63,64,65,66,67,68,69,70,71,72,73,74,75,76,77,78,79,80,81,82,83,84,85,86,87,88,89,90,91,92,93,94,95,96,97,98,99]
CFO=-433.979547692032,STO=4
EsN0dB=21.79,GRXdB=17,N0=0.005011872388422489
packet_number=843,correct=True,payload=[0,1,2,3,4,5,6,7,8,9,10,11,12,13,14,15,16,17,18,19,20,21,22,23,24,25,26,27,28,29,30,31,32,33,34,35,36,37,38,39,40,41,42,43,44,45,46,47,48,49,50,51,52,53,54,55,56,57,58,59,60,61,62,63,64,65,66,67,68,69,70,71,72,73,74,75,76,77,78,79,80,81,82,83,84,85,86,87,88,89,90,91,92,93,94,95,96,97,98,99]
CFO=-437.23316640720736,STO=3
EsN0dB=21.79,GRXdB=17,N0=0.005011872388422489
packet_number=844,correct=True,payload=[0,1,2,3,4,5,6,7,8,9,10,11,12,13,14,15,16,17,18,19,20,21,22,23,24,25,26,27,28,29,30,31,32,33,34,35,36,37,38,39,40,41,42,43,44,45,46,47,48,49,50,51,52,53,54,55,56,57,58,59,60,61,62,63,64,65,66,67,68,69,70,71,72,73,74,75,76,77,78,79,80,81,82,83,84,85,86,87,88,89,90,91,92,93,94,95,96,97,98,99]
CFO=-401.8907320019303,STO=5
EsN0dB=21.79,GRXdB=17,N0=0.005011872388422489
packet_number=845,correct=True,payload=[0,1,2,3,4,5,6,7,8,9,10,11,12,13,14,15,16,17,18,19,20,21,22,23,24,25,26,27,28,29,30,31,32,33,34,35,36,37,38,39,40,41,42,43,44,45,46,47,48,49,50,51,52,53,54,55,56,57,58,59,60,61,62,63,64,65,66,67,68,69,70,71,72,73,74,75,76,77,78,79,80,81,82,83,84,85,86,87,88,89,90,91,92,93,94,95,96,97,98,99]
CFO=-452.475605100688,STO=3
EsN0dB=21.79,GRXdB=17,N0=0.005011872388422489
packet_number=846,correct=True,payload=[0,1,2,3,4,5,6,7,8,9,10,11,12,13,14,15,16,17,18,19,20,21,22,23,24,25,26,27,28,29,30,31,32,33,34,35,36,37,38,39,40,41,42,43,44,45,46,47,48,49,50,51,52,53,54,55,56,57,58,59,60,61,62,63,64,65,66,67,68,69,70,71,72,73,74,75,76,77,78,79,80,81,82,83,84,85,86,87,88,89,90,91,92,93,94,95,96,97,98,99]
CFO=-397.84926993874166,STO=3
EsN0dB=21.80,GRXdB=17,N0=0.005011872388422489
packet_number=847,correct=True,payload=[0,1,2,3,4,5,6,7,8,9,10,11,12,13,14,15,16,17,18,19,20,21,22,23,24,25,26,27,28,29,30,31,32,33,34,35,36,37,38,39,40,41,42,43,44,45,46,47,48,49,50,51,52,53,54,55,56,57,58,59,60,61,62,63,64,65,66,67,68,69,70,71,72,73,74,75,76,77,78,79,80,81,82,83,84,85,86,87,88,89,90,91,92,93,94,95,96,97,98,99]
CFO=-481.2739237972832,STO=5
EsN0dB=21.81,GRXdB=17,N0=0.005011872388422489
packet_number=848,correct=True,payload=[0,1,2,3,4,5,6,7,8,9,10,11,12,13,14,15,16,17,18,19,20,21,22,23,24,25,26,27,28,29,30,31,32,33,34,35,36,37,38,39,40,41,42,43,44,45,46,47,48,49,50,51,52,53,54,55,56,57,58,59,60,61,62,63,64,65,66,67,68,69,70,71,72,73,74,75,76,77,78,79,80,81,82,83,84,85,86,87,88,89,90,91,92,93,94,95,96,97,98,99]
CFO=-471.9421778437533,STO=3
EsN0dB=21.79,GRXdB=17,N0=0.005011872388422489
packet_number=849,correct=True,payload=[0,1,2,3,4,5,6,7,8,9,10,11,12,13,14,15,16,17,18,19,20,21,22,23,24,25,26,27,28,29,30,31,32,33,34,35,36,37,38,39,40,41,42,43,44,45,46,47,48,49,50,51,52,53,54,55,56,57,58,59,60,61,62,63,64,65,66,67,68,69,70,71,72,73,74,75,76,77,78,79,80,81,82,83,84,85,86,87,88,89,90,91,92,93,94,95,96,97,98,99]
CFO=-415.8482413578023,STO=4
EsN0dB=21.79,GRXdB=17,N0=0.005011872388422489
packet_number=850,correct=True,payload=[0,1,2,3,4,5,6,7,8,9,10,11,12,13,14,15,16,17,18,19,20,21,22,23,24,25,26,27,28,29,30,31,32,33,34,35,36,37,38,39,40,41,42,43,44,45,46,47,48,49,50,51,52,53,54,55,56,57,58,59,60,61,62,63,64,65,66,67,68,69,70,71,72,73,74,75,76,77,78,79,80,81,82,83,84,85,86,87,88,89,90,91,92,93,94,95,96,97,98,99]
CFO=-401.5364159387359,STO=3
EsN0dB=21.79,GRXdB=17,N0=0.005011872388422489
packet_number=851,correct=True,payload=[0,1,2,3,4,5,6,7,8,9,10,11,12,13,14,15,16,17,18,19,20,21,22,23,24,25,26,27,28,29,30,31,32,33,34,35,36,37,38,39,40,41,42,43,44,45,46,47,48,49,50,51,52,53,54,55,56,57,58,59,60,61,62,63,64,65,66,67,68,69,70,71,72,73,74,75,76,77,78,79,80,81,82,83,84,85,86,87,88,89,90,91,92,93,94,95,96,97,98,99]
CFO=379.17175598533885,STO=1
EsN0dB=nan,GRXdB=17,N0=0.005011872388422489
packet_number=852,correct=False,payload=[106,44,132,169,165,51,253,237,199,84,14,90,86,114,61,133,141,57,152,251,177,184,100,223,127,111,214,77,56,91,64,185,206,13,94,68,253,42,245,71,203,174,16,159,183,123,241,82,172,47,87,137,122,210,213,70,207,201,43,102,218,219,201,140,100,215,70,197,126,54,91,51,84,91,144,161,225,212,49,183,245,242,180,107,15,145,68,28,77,220,197,138,118,94,216,217,236,38,189,173]
CFO=-493.8643873919314,STO=5
EsN0dB=21.76,GRXdB=17,N0=0.005011872388422489
packet_number=853,correct=True,payload=[0,1,2,3,4,5,6,7,8,9,10,11,12,13,14,15,16,17,18,19,20,21,22,23,24,25,26,27,28,29,30,31,32,33,34,35,36,37,38,39,40,41,42,43,44,45,46,47,48,49,50,51,52,53,54,55,56,57,58,59,60,61,62,63,64,65,66,67,68,69,70,71,72,73,74,75,76,77,78,79,80,81,82,83,84,85,86,87,88,89,90,91,92,93,94,95,96,97,98,99]
CFO=-433.4787560876525,STO=4
EsN0dB=21.76,GRXdB=17,N0=0.005011872388422489
packet_number=854,correct=True,payload=[0,1,2,3,4,5,6,7,8,9,10,11,12,13,14,15,16,17,18,19,20,21,22,23,24,25,26,27,28,29,30,31,32,33,34,35,36,37,38,39,40,41,42,43,44,45,46,47,48,49,50,51,52,53,54,55,56,57,58,59,60,61,62,63,64,65,66,67,68,69,70,71,72,73,74,75,76,77,78,79,80,81,82,83,84,85,86,87,88,89,90,91,92,93,94,95,96,97,98,99]
CFO=-506.2311504332944,STO=3
EsN0dB=21.78,GRXdB=17,N0=0.005011872388422489
packet_number=855,correct=True,payload=[0,1,2,3,4,5,6,7,8,9,10,11,12,13,14,15,16,17,18,19,20,21,22,23,24,25,26,27,28,29,30,31,32,33,34,35,36,37,38,39,40,41,42,43,44,45,46,47,48,49,50,51,52,53,54,55,56,57,58,59,60,61,62,63,64,65,66,67,68,69,70,71,72,73,74,75,76,77,78,79,80,81,82,83,84,85,86,87,88,89,90,91,92,93,94,95,96,97,98,99]
CFO=-402.9178394853219,STO=3
EsN0dB=21.80,GRXdB=17,N0=0.005011872388422489
packet_number=856,correct=True,payload=[0,1,2,3,4,5,6,7,8,9,10,11,12,13,14,15,16,17,18,19,20,21,22,23,24,25,26,27,28,29,30,31,32,33,34,35,36,37,38,39,40,41,42,43,44,45,46,47,48,49,50,51,52,53,54,55,56,57,58,59,60,61,62,63,64,65,66,67,68,69,70,71,72,73,74,75,76,77,78,79,80,81,82,83,84,85,86,87,88,89,90,91,92,93,94,95,96,97,98,99]
CFO=-478.901322408252,STO=5
EsN0dB=21.76,GRXdB=17,N0=0.005011872388422489
packet_number=857,correct=True,payload=[0,1,2,3,4,5,6,7,8,9,10,11,12,13,14,15,16,17,18,19,20,21,22,23,24,25,26,27,28,29,30,31,32,33,34,35,36,37,38,39,40,41,42,43,44,45,46,47,48,49,50,51,52,53,54,55,56,57,58,59,60,61,62,63,64,65,66,67,68,69,70,71,72,73,74,75,76,77,78,79,80,81,82,83,84,85,86,87,88,89,90,91,92,93,94,95,96,97,98,99]
CFO=-387.69959104515175,STO=5
EsN0dB=21.77,GRXdB=17,N0=0.005011872388422489
packet_number=858,correct=True,payload=[0,1,2,3,4,5,6,7,8,9,10,11,12,13,14,15,16,17,18,19,20,21,22,23,24,25,26,27,28,29,30,31,32,33,34,35,36,37,38,39,40,41,42,43,44,45,46,47,48,49,50,51,52,53,54,55,56,57,58,59,60,61,62,63,64,65,66,67,68,69,70,71,72,73,74,75,76,77,78,79,80,81,82,83,84,85,86,87,88,89,90,91,92,93,94,95,96,97,98,99]
CFO=-489.64360321811165,STO=3
EsN0dB=21.77,GRXdB=17,N0=0.005011872388422489
packet_number=859,correct=True,payload=[0,1,2,3,4,5,6,7,8,9,10,11,12,13,14,15,16,17,18,19,20,21,22,23,24,25,26,27,28,29,30,31,32,33,34,35,36,37,38,39,40,41,42,43,44,45,46,47,48,49,50,51,52,53,54,55,56,57,58,59,60,61,62,63,64,65,66,67,68,69,70,71,72,73,74,75,76,77,78,79,80,81,82,83,84,85,86,87,88,89,90,91,92,93,94,95,96,97,98,99]
CFO=-408.27046663879054,STO=5
EsN0dB=21.79,GRXdB=17,N0=0.005011872388422489
packet_number=860,correct=True,payload=[0,1,2,3,4,5,6,7,8,9,10,11,12,13,14,15,16,17,18,19,20,21,22,23,24,25,26,27,28,29,30,31,32,33,34,35,36,37,38,39,40,41,42,43,44,45,46,47,48,49,50,51,52,53,54,55,56,57,58,59,60,61,62,63,64,65,66,67,68,69,70,71,72,73,74,75,76,77,78,79,80,81,82,83,84,85,86,87,88,89,90,91,92,93,94,95,96,97,98,99]
CFO=-456.36759748594613,STO=2
EsN0dB=21.79,GRXdB=17,N0=0.005011872388422489
packet_number=861,correct=True,payload=[0,1,2,3,4,5,6,7,8,9,10,11,12,13,14,15,16,17,18,19,20,21,22,23,24,25,26,27,28,29,30,31,32,33,34,35,36,37,38,39,40,41,42,43,44,45,46,47,48,49,50,51,52,53,54,55,56,57,58,59,60,61,62,63,64,65,66,67,68,69,70,71,72,73,74,75,76,77,78,79,80,81,82,83,84,85,86,87,88,89,90,91,92,93,94,95,96,97,98,99]
CFO=-451.36866385238824,STO=4
EsN0dB=21.78,GRXdB=17,N0=0.005011872388422489
packet_number=862,correct=True,payload=[0,1,2,3,4,5,6,7,8,9,10,11,12,13,14,15,16,17,18,19,20,21,22,23,24,25,26,27,28,29,30,31,32,33,34,35,36,37,38,39,40,41,42,43,44,45,46,47,48,49,50,51,52,53,54,55,56,57,58,59,60,61,62,63,64,65,66,67,68,69,70,71,72,73,74,75,76,77,78,79,80,81,82,83,84,85,86,87,88,89,90,91,92,93,94,95,96,97,98,99]
CFO=690.9248609655648,STO=2
EsN0dB=-15.54,GRXdB=17,N0=0.005011872388422489
packet_number=863,correct=False,payload=[210,181,230,129,199,21,238,205,237,116,212,125,156,23,243,244,208,11,251,147,203,41,70,146,26,160,200,29,91,198,71,45,198,29,152,30,104,227,233,251,39,60,249,71,121,108,120,105,135,51,76,32,237,52,254,71,16,235,229,151,109,224,77,197,77,84,2,243,127,154,108,0,193,146,174,97,85,149,115,227,9,38,138,115,202,19,26,189,108,128,50,237,37,106,128,130,136,35,65,17]
CFO=-496.9617180979735,STO=5
EsN0dB=21.80,GRXdB=17,N0=0.005011872388422489
packet_number=864,correct=True,payload=[0,1,2,3,4,5,6,7,8,9,10,11,12,13,14,15,16,17,18,19,20,21,22,23,24,25,26,27,28,29,30,31,32,33,34,35,36,37,38,39,40,41,42,43,44,45,46,47,48,49,50,51,52,53,54,55,56,57,58,59,60,61,62,63,64,65,66,67,68,69,70,71,72,73,74,75,76,77,78,79,80,81,82,83,84,85,86,87,88,89,90,91,92,93,94,95,96,97,98,99]
CFO=-412.7131133809626,STO=2
EsN0dB=21.76,GRXdB=17,N0=0.005011872388422489
packet_number=865,correct=True,payload=[0,1,2,3,4,5,6,7,8,9,10,11,12,13,14,15,16,17,18,19,20,21,22,23,24,25,26,27,28,29,30,31,32,33,34,35,36,37,38,39,40,41,42,43,44,45,46,47,48,49,50,51,52,53,54,55,56,57,58,59,60,61,62,63,64,65,66,67,68,69,70,71,72,73,74,75,76,77,78,79,80,81,82,83,84,85,86,87,88,89,90,91,92,93,94,95,96,97,98,99]
CFO=-411.0091827684887,STO=3
EsN0dB=21.74,GRXdB=17,N0=0.005011872388422489
packet_number=866,correct=True,payload=[0,1,2,3,4,5,6,7,8,9,10,11,12,13,14,15,16,17,18,19,20,21,22,23,24,25,26,27,28,29,30,31,32,33,34,35,36,37,38,39,40,41,42,43,44,45,46,47,48,49,50,51,52,53,54,55,56,57,58,59,60,61,62,63,64,65,66,67,68,69,70,71,72,73,74,75,76,77,78,79,80,81,82,83,84,85,86,87,88,89,90,91,92,93,94,95,96,97,98,99]
CFO=-488.72191306409746,STO=6
EsN0dB=21.80,GRXdB=17,N0=0.005011872388422489
packet_number=867,correct=True,payload=[0,1,2,3,4,5,6,7,8,9,10,11,12,13,14,15,16,17,18,19,20,21,22,23,24,25,26,27,28,29,30,31,32,33,34,35,36,37,38,39,40,41,42,43,44,45,46,47,48,49,50,51,52,53,54,55,56,57,58,59,60,61,62,63,64,65,66,67,68,69,70,71,72,73,74,75,76,77,78,79,80,81,82,83,84,85,86,87,88,89,90,91,92,93,94,95,96,97,98,99]
CFO=-380.0194227784263,STO=4
EsN0dB=21.80,GRXdB=17,N0=0.005011872388422489
packet_number=868,correct=True,payload=[0,1,2,3,4,5,6,7,8,9,10,11,12,13,14,15,16,17,18,19,20,21,22,23,24,25,26,27,28,29,30,31,32,33,34,35,36,37,38,39,40,41,42,43,44,45,46,47,48,49,50,51,52,53,54,55,56,57,58,59,60,61,62,63,64,65,66,67,68,69,70,71,72,73,74,75,76,77,78,79,80,81,82,83,84,85,86,87,88,89,90,91,92,93,94,95,96,97,98,99]
CFO=-475.83301407719875,STO=4
EsN0dB=21.77,GRXdB=17,N0=0.005011872388422489
packet_number=869,correct=True,payload=[0,1,2,3,4,5,6,7,8,9,10,11,12,13,14,15,16,17,18,19,20,21,22,23,24,25,26,27,28,29,30,31,32,33,34,35,36,37,38,39,40,41,42,43,44,45,46,47,48,49,50,51,52,53,54,55,56,57,58,59,60,61,62,63,64,65,66,67,68,69,70,71,72,73,74,75,76,77,78,79,80,81,82,83,84,85,86,87,88,89,90,91,92,93,94,95,96,97,98,99]
CFO=-498.6255094911063,STO=5
EsN0dB=21.79,GRXdB=17,N0=0.005011872388422489
packet_number=870,correct=True,payload=[0,1,2,3,4,5,6,7,8,9,10,11,12,13,14,15,16,17,18,19,20,21,22,23,24,25,26,27,28,29,30,31,32,33,34,35,36,37,38,39,40,41,42,43,44,45,46,47,48,49,50,51,52,53,54,55,56,57,58,59,60,61,62,63,64,65,66,67,68,69,70,71,72,73,74,75,76,77,78,79,80,81,82,83,84,85,86,87,88,89,90,91,92,93,94,95,96,97,98,99]
CFO=-439.39054568957937,STO=7
EsN0dB=21.81,GRXdB=17,N0=0.005011872388422489
packet_number=871,correct=True,payload=[0,1,2,3,4,5,6,7,8,9,10,11,12,13,14,15,16,17,18,19,20,21,22,23,24,25,26,27,28,29,30,31,32,33,34,35,36,37,38,39,40,41,42,43,44,45,46,47,48,49,50,51,52,53,54,55,56,57,58,59,60,61,62,63,64,65,66,67,68,69,70,71,72,73,74,75,76,77,78,79,80,81,82,83,84,85,86,87,88,89,90,91,92,93,94,95,96,97,98,99]
CFO=-468.3737597414409,STO=3
EsN0dB=21.79,GRXdB=17,N0=0.005011872388422489
packet_number=872,correct=True,payload=[0,1,2,3,4,5,6,7,8,9,10,11,12,13,14,15,16,17,18,19,20,21,22,23,24,25,26,27,28,29,30,31,32,33,34,35,36,37,38,39,40,41,42,43,44,45,46,47,48,49,50,51,52,53,54,55,56,57,58,59,60,61,62,63,64,65,66,67,68,69,70,71,72,73,74,75,76,77,78,79,80,81,82,83,84,85,86,87,88,89,90,91,92,93,94,95,96,97,98,99]
CFO=-450.52547344196,STO=4
EsN0dB=21.77,GRXdB=17,N0=0.005011872388422489
packet_number=873,correct=True,payload=[0,1,2,3,4,5,6,7,8,9,10,11,12,13,14,15,16,17,18,19,20,21,22,23,24,25,26,27,28,29,30,31,32,33,34,35,36,37,38,39,40,41,42,43,44,45,46,47,48,49,50,51,52,53,54,55,56,57,58,59,60,61,62,63,64,65,66,67,68,69,70,71,72,73,74,75,76,77,78,79,80,81,82,83,84,85,86,87,88,89,90,91,92,93,94,95,96,97,98,99]
CFO=-503.0048939776846,STO=4
EsN0dB=21.79,GRXdB=17,N0=0.005011872388422489
packet_number=874,correct=True,payload=[0,1,2,3,4,5,6,7,8,9,10,11,12,13,14,15,16,17,18,19,20,21,22,23,24,25,26,27,28,29,30,31,32,33,34,35,36,37,38,39,40,41,42,43,44,45,46,47,48,49,50,51,52,53,54,55,56,57,58,59,60,61,62,63,64,65,66,67,68,69,70,71,72,73,74,75,76,77,78,79,80,81,82,83,84,85,86,87,88,89,90,91,92,93,94,95,96,97,98,99]
CFO=-375.7441808897397,STO=7
EsN0dB=21.79,GRXdB=17,N0=0.005011872388422489
packet_number=875,correct=True,payload=[0,1,2,3,4,5,6,7,8,9,10,11,12,13,14,15,16,17,18,19,20,21,22,23,24,25,26,27,28,29,30,31,32,33,34,35,36,37,38,39,40,41,42,43,44,45,46,47,48,49,50,51,52,53,54,55,56,57,58,59,60,61,62,63,64,65,66,67,68,69,70,71,72,73,74,75,76,77,78,79,80,81,82,83,84,85,86,87,88,89,90,91,92,93,94,95,96,97,98,99]
CFO=-426.2201978486004,STO=4
EsN0dB=21.79,GRXdB=17,N0=0.005011872388422489
packet_number=876,correct=True,payload=[0,1,2,3,4,5,6,7,8,9,10,11,12,13,14,15,16,17,18,19,20,21,22,23,24,25,26,27,28,29,30,31,32,33,34,35,36,37,38,39,40,41,42,43,44,45,46,47,48,49,50,51,52,53,54,55,56,57,58,59,60,61,62,63,64,65,66,67,68,69,70,71,72,73,74,75,76,77,78,79,80,81,82,83,84,85,86,87,88,89,90,91,92,93,94,95,96,97,98,99]
CFO=-460.5919686948769,STO=1
EsN0dB=21.77,GRXdB=17,N0=0.005011872388422489
packet_number=877,correct=True,payload=[0,1,2,3,4,5,6,7,8,9,10,11,12,13,14,15,16,17,18,19,20,21,22,23,24,25,26,27,28,29,30,31,32,33,34,35,36,37,38,39,40,41,42,43,44,45,46,47,48,49,50,51,52,53,54,55,56,57,58,59,60,61,62,63,64,65,66,67,68,69,70,71,72,73,74,75,76,77,78,79,80,81,82,83,84,85,86,87,88,89,90,91,92,93,94,95,96,97,98,99]
CFO=-475.8722639489917,STO=5
EsN0dB=21.77,GRXdB=17,N0=0.005011872388422489
packet_number=878,correct=True,payload=[0,1,2,3,4,5,6,7,8,9,10,11,12,13,14,15,16,17,18,19,20,21,22,23,24,25,26,27,28,29,30,31,32,33,34,35,36,37,38,39,40,41,42,43,44,45,46,47,48,49,50,51,52,53,54,55,56,57,58,59,60,61,62,63,64,65,66,67,68,69,70,71,72,73,74,75,76,77,78,79,80,81,82,83,84,85,86,87,88,89,90,91,92,93,94,95,96,97,98,99]
CFO=-401.89769855772437,STO=6
EsN0dB=21.78,GRXdB=17,N0=0.005011872388422489
packet_number=879,correct=False,payload=[0,1,2,3,4,5,6,7,8,1,10,11,12,11,14,15,48,16,18,19,20,17,22,23,56,24,26,27,60,29,30,31,32,96,34,103,100,37,38,47,32,41,40,27,44,13,62,47,48,112,34,115,116,53,54,55,56,56,58,59,60,125,62,63,64,3,2,7,64,69,70,7,64,73,74,74,204,75,204,79,80,65,146,19,84,17,110,23,88,89,90,219,92,93,92,95,96,226,98,99]
CFO=-448.6595333511262,STO=2
EsN0dB=21.80,GRXdB=17,N0=0.005011872388422489
packet_number=880,correct=True,payload=[0,1,2,3,4,5,6,7,8,9,10,11,12,13,14,15,16,17,18,19,20,21,22,23,24,25,26,27,28,29,30,31,32,33,34,35,36,37,38,39,40,41,42,43,44,45,46,47,48,49,50,51,52,53,54,55,56,57,58,59,60,61,62,63,64,65,66,67,68,69,70,71,72,73,74,75,76,77,78,79,80,81,82,83,84,85,86,87,88,89,90,91,92,93,94,95,96,97,98,99]
CFO=-398.301443877154,STO=7
EsN0dB=21.78,GRXdB=17,N0=0.005011872388422489
packet_number=881,correct=False,payload=[0,1,0,3,4,5,6,7,8,9,10,10,12,15,14,15,16,17,18,19,20,29,22,23,24,25,26,27,28,29,30,31,32,33,34,35,36,37,38,39,40,41,42,43,44,45,46,47,48,49,50,51,52,53,54,39,56,57,58,59,60,61,62,63,64,65,66,67,64,69,70,71,72,73,74,75,204,77,14,79,80,81,82,83,212,85,86,87,88,89,90,123,92,93,30,95,96,99,98,99]
CFO=-478.42818951262086,STO=5
EsN0dB=21.78,GRXdB=17,N0=0.005011872388422489
packet_number=882,correct=True,payload=[0,1,2,3,4,5,6,7,8,9,10,11,12,13,14,15,16,17,18,19,20,21,22,23,24,25,26,27,28,29,30,31,32,33,34,35,36,37,38,39,40,41,42,43,44,45,46,47,48,49,50,51,52,53,54,55,56,57,58,59,60,61,62,63,64,65,66,67,68,69,70,71,72,73,74,75,76,77,78,79,80,81,82,83,84,85,86,87,88,89,90,91,92,93,94,95,96,97,98,99]
CFO=-407.3399126542128,STO=3
EsN0dB=21.74,GRXdB=17,N0=0.005011872388422489
packet_number=883,correct=True,payload=[0,1,2,3,4,5,6,7,8,9,10,11,12,13,14,15,16,17,18,19,20,21,22,23,24,25,26,27,28,29,30,31,32,33,34,35,36,37,38,39,40,41,42,43,44,45,46,47,48,49,50,51,52,53,54,55,56,57,58,59,60,61,62,63,64,65,66,67,68,69,70,71,72,73,74,75,76,77,78,79,80,81,82,83,84,85,86,87,88,89,90,91,92,93,94,95,96,97,98,99]
CFO=-419.7205198724091,STO=5
EsN0dB=21.77,GRXdB=17,N0=0.005011872388422489
packet_number=884,correct=True,payload=[0,1,2,3,4,5,6,7,8,9,10,11,12,13,14,15,16,17,18,19,20,21,22,23,24,25,26,27,28,29,30,31,32,33,34,35,36,37,38,39,40,41,42,43,44,45,46,47,48,49,50,51,52,53,54,55,56,57,58,59,60,61,62,63,64,65,66,67,68,69,70,71,72,73,74,75,76,77,78,79,80,81,82,83,84,85,86,87,88,89,90,91,92,93,94,95,96,97,98,99]
CFO=-516.9142896312002,STO=4
EsN0dB=21.77,GRXdB=17,N0=0.005011872388422489
packet_number=885,correct=True,payload=[0,1,2,3,4,5,6,7,8,9,10,11,12,13,14,15,16,17,18,19,20,21,22,23,24,25,26,27,28,29,30,31,32,33,34,35,36,37,38,39,40,41,42,43,44,45,46,47,48,49,50,51,52,53,54,55,56,57,58,59,60,61,62,63,64,65,66,67,68,69,70,71,72,73,74,75,76,77,78,79,80,81,82,83,84,85,86,87,88,89,90,91,92,93,94,95,96,97,98,99]
CFO=-440.7881553615423,STO=4
EsN0dB=21.78,GRXdB=17,N0=0.005011872388422489
packet_number=886,correct=True,payload=[0,1,2,3,4,5,6,7,8,9,10,11,12,13,14,15,16,17,18,19,20,21,22,23,24,25,26,27,28,29,30,31,32,33,34,35,36,37,38,39,40,41,42,43,44,45,46,47,48,49,50,51,52,53,54,55,56,57,58,59,60,61,62,63,64,65,66,67,68,69,70,71,72,73,74,75,76,77,78,79,80,81,82,83,84,85,86,87,88,89,90,91,92,93,94,95,96,97,98,99]
CFO=-403.24769849094145,STO=3
EsN0dB=21.76,GRXdB=17,N0=0.005011872388422489
packet_number=887,correct=True,payload=[0,1,2,3,4,5,6,7,8,9,10,11,12,13,14,15,16,17,18,19,20,21,22,23,24,25,26,27,28,29,30,31,32,33,34,35,36,37,38,39,40,41,42,43,44,45,46,47,48,49,50,51,52,53,54,55,56,57,58,59,60,61,62,63,64,65,66,67,68,69,70,71,72,73,74,75,76,77,78,79,80,81,82,83,84,85,86,87,88,89,90,91,92,93,94,95,96,97,98,99]
CFO=-465.09897455461885,STO=3
EsN0dB=21.78,GRXdB=17,N0=0.005011872388422489
packet_number=888,correct=True,payload=[0,1,2,3,4,5,6,7,8,9,10,11,12,13,14,15,16,17,18,19,20,21,22,23,24,25,26,27,28,29,30,31,32,33,34,35,36,37,38,39,40,41,42,43,44,45,46,47,48,49,50,51,52,53,54,55,56,57,58,59,60,61,62,63,64,65,66,67,68,69,70,71,72,73,74,75,76,77,78,79,80,81,82,83,84,85,86,87,88,89,90,91,92,93,94,95,96,97,98,99]
CFO=-2041.0507257954469,STO=1
EsN0dB=nan,GRXdB=17,N0=0.005011872388422489
packet_number=889,correct=False,payload=[13,86,194,255,137,247,86,5,167,241,138,55,164,207,40,20,196,94,68,45,227,34,110,135,21,54,129,6,48,86,32,165,46,223,92,166,146,53,63,180,201,51,69,220,79,81,224,179,171,196,196,111,43,147,239,44,39,120,213,241,170,179,195,23,193,252,245,140,122,183,192,217,147,101,133,79,215,5,58,20,57,5,118,101,216,116,132,91,50,80,104,33,170,104,111,1,214,17,45,46]
CFO=-474.6859336095578,STO=4
EsN0dB=21.78,GRXdB=17,N0=0.005011872388422489
packet_number=890,correct=True,payload=[0,1,2,3,4,5,6,7,8,9,10,11,12,13,14,15,16,17,18,19,20,21,22,23,24,25,26,27,28,29,30,31,32,33,34,35,36,37,38,39,40,41,42,43,44,45,46,47,48,49,50,51,52,53,54,55,56,57,58,59,60,61,62,63,64,65,66,67,68,69,70,71,72,73,74,75,76,77,78,79,80,81,82,83,84,85,86,87,88,89,90,91,92,93,94,95,96,97,98,99]
CFO=-523.0229214904573,STO=7
EsN0dB=21.80,GRXdB=17,N0=0.005011872388422489
packet_number=891,correct=True,payload=[0,1,2,3,4,5,6,7,8,9,10,11,12,13,14,15,16,17,18,19,20,21,22,23,24,25,26,27,28,29,30,31,32,33,34,35,36,37,38,39,40,41,42,43,44,45,46,47,48,49,50,51,52,53,54,55,56,57,58,59,60,61,62,63,64,65,66,67,68,69,70,71,72,73,74,75,76,77,78,79,80,81,82,83,84,85,86,87,88,89,90,91,92,93,94,95,96,97,98,99]
CFO=-476.8524138818395,STO=6
EsN0dB=21.80,GRXdB=17,N0=0.005011872388422489
packet_number=892,correct=True,payload=[0,1,2,3,4,5,6,7,8,9,10,11,12,13,14,15,16,17,18,19,20,21,22,23,24,25,26,27,28,29,30,31,32,33,34,35,36,37,38,39,40,41,42,43,44,45,46,47,48,49,50,51,52,53,54,55,56,57,58,59,60,61,62,63,64,65,66,67,68,69,70,71,72,73,74,75,76,77,78,79,80,81,82,83,84,85,86,87,88,89,90,91,92,93,94,95,96,97,98,99]
CFO=-450.77131874919485,STO=5
EsN0dB=21.78,GRXdB=17,N0=0.005011872388422489
packet_number=893,correct=True,payload=[0,1,2,3,4,5,6,7,8,9,10,11,12,13,14,15,16,17,18,19,20,21,22,23,24,25,26,27,28,29,30,31,32,33,34,35,36,37,38,39,40,41,42,43,44,45,46,47,48,49,50,51,52,53,54,55,56,57,58,59,60,61,62,63,64,65,66,67,68,69,70,71,72,73,74,75,76,77,78,79,80,81,82,83,84,85,86,87,88,89,90,91,92,93,94,95,96,97,98,99]
CFO=-452.4776506000489,STO=4
EsN0dB=21.77,GRXdB=17,N0=0.005011872388422489
packet_number=894,correct=True,payload=[0,1,2,3,4,5,6,7,8,9,10,11,12,13,14,15,16,17,18,19,20,21,22,23,24,25,26,27,28,29,30,31,32,33,34,35,36,37,38,39,40,41,42,43,44,45,46,47,48,49,50,51,52,53,54,55,56,57,58,59,60,61,62,63,64,65,66,67,68,69,70,71,72,73,74,75,76,77,78,79,80,81,82,83,84,85,86,87,88,89,90,91,92,93,94,95,96,97,98,99]
CFO=-432.3546207867546,STO=3
EsN0dB=21.79,GRXdB=17,N0=0.005011872388422489
packet_number=895,correct=True,payload=[0,1,2,3,4,5,6,7,8,9,10,11,12,13,14,15,16,17,18,19,20,21,22,23,24,25,26,27,28,29,30,31,32,33,34,35,36,37,38,39,40,41,42,43,44,45,46,47,48,49,50,51,52,53,54,55,56,57,58,59,60,61,62,63,64,65,66,67,68,69,70,71,72,73,74,75,76,77,78,79,80,81,82,83,84,85,86,87,88,89,90,91,92,93,94,95,96,97,98,99]
CFO=-443.46144515661274,STO=5
EsN0dB=21.80,GRXdB=17,N0=0.005011872388422489
packet_number=896,correct=True,payload=[0,1,2,3,4,5,6,7,8,9,10,11,12,13,14,15,16,17,18,19,20,21,22,23,24,25,26,27,28,29,30,31,32,33,34,35,36,37,38,39,40,41,42,43,44,45,46,47,48,49,50,51,52,53,54,55,56,57,58,59,60,61,62,63,64,65,66,67,68,69,70,71,72,73,74,75,76,77,78,79,80,81,82,83,84,85,86,87,88,89,90,91,92,93,94,95,96,97,98,99]
CFO=-448.04149609497847,STO=4
EsN0dB=21.81,GRXdB=17,N0=0.005011872388422489
packet_number=897,correct=True,payload=[0,1,2,3,4,5,6,7,8,9,10,11,12,13,14,15,16,17,18,19,20,21,22,23,24,25,26,27,28,29,30,31,32,33,34,35,36,37,38,39,40,41,42,43,44,45,46,47,48,49,50,51,52,53,54,55,56,57,58,59,60,61,62,63,64,65,66,67,68,69,70,71,72,73,74,75,76,77,78,79,80,81,82,83,84,85,86,87,88,89,90,91,92,93,94,95,96,97,98,99]
CFO=-508.4236292989012,STO=4
EsN0dB=21.76,GRXdB=17,N0=0.005011872388422489
packet_number=898,correct=True,payload=[0,1,2,3,4,5,6,7,8,9,10,11,12,13,14,15,16,17,18,19,20,21,22,23,24,25,26,27,28,29,30,31,32,33,34,35,36,37,38,39,40,41,42,43,44,45,46,47,48,49,50,51,52,53,54,55,56,57,58,59,60,61,62,63,64,65,66,67,68,69,70,71,72,73,74,75,76,77,78,79,80,81,82,83,84,85,86,87,88,89,90,91,92,93,94,95,96,97,98,99]
CFO=-368.12365819857877,STO=3
EsN0dB=21.78,GRXdB=17,N0=0.005011872388422489
packet_number=899,correct=True,payload=[0,1,2,3,4,5,6,7,8,9,10,11,12,13,14,15,16,17,18,19,20,21,22,23,24,25,26,27,28,29,30,31,32,33,34,35,36,37,38,39,40,41,42,43,44,45,46,47,48,49,50,51,52,53,54,55,56,57,58,59,60,61,62,63,64,65,66,67,68,69,70,71,72,73,74,75,76,77,78,79,80,81,82,83,84,85,86,87,88,89,90,91,92,93,94,95,96,97,98,99]
CFO=-1560.5183399838352,STO=3
EsN0dB=nan,GRXdB=17,N0=0.005011872388422489
packet_number=900,correct=False,payload=[203,98,255,180,99,24,92,184,229,206,30,15,80,216,32,111,129,253,54,68,173,53,167,204,52,241,26,158,194,184,220,223,114,231,25,26,124,77,38,71,159,114,251,72,237,162,36,204,149,241,127,74,39,162,68,163,166,106,254,240,118,77,236,217,76,150,48,66,172,54,180,110,100,149,92,235,170,165,119,219,113,9,163,78,211,62,33,126,96,107,6,21,42,94,93,65,215,189,48,138]
CFO=-548.0330939505034,STO=4
EsN0dB=21.77,GRXdB=17,N0=0.005011872388422489
packet_number=901,correct=True,payload=[0,1,2,3,4,5,6,7,8,9,10,11,12,13,14,15,16,17,18,19,20,21,22,23,24,25,26,27,28,29,30,31,32,33,34,35,36,37,38,39,40,41,42,43,44,45,46,47,48,49,50,51,52,53,54,55,56,57,58,59,60,61,62,63,64,65,66,67,68,69,70,71,72,73,74,75,76,77,78,79,80,81,82,83,84,85,86,87,88,89,90,91,92,93,94,95,96,97,98,99]
CFO=-469.85799186459644,STO=1
EsN0dB=21.79,GRXdB=17,N0=0.005011872388422489
packet_number=902,correct=True,payload=[0,1,2,3,4,5,6,7,8,9,10,11,12,13,14,15,16,17,18,19,20,21,22,23,24,25,26,27,28,29,30,31,32,33,34,35,36,37,38,39,40,41,42,43,44,45,46,47,48,49,50,51,52,53,54,55,56,57,58,59,60,61,62,63,64,65,66,67,68,69,70,71,72,73,74,75,76,77,78,79,80,81,82,83,84,85,86,87,88,89,90,91,92,93,94,95,96,97,98,99]
CFO=-462.8656449916324,STO=4
EsN0dB=21.82,GRXdB=17,N0=0.005011872388422489
packet_number=903,correct=True,payload=[0,1,2,3,4,5,6,7,8,9,10,11,12,13,14,15,16,17,18,19,20,21,22,23,24,25,26,27,28,29,30,31,32,33,34,35,36,37,38,39,40,41,42,43,44,45,46,47,48,49,50,51,52,53,54,55,56,57,58,59,60,61,62,63,64,65,66,67,68,69,70,71,72,73,74,75,76,77,78,79,80,81,82,83,84,85,86,87,88,89,90,91,92,93,94,95,96,97,98,99]
CFO=-419.138649416554,STO=3
EsN0dB=21.79,GRXdB=17,N0=0.005011872388422489
packet_number=904,correct=True,payload=[0,1,2,3,4,5,6,7,8,9,10,11,12,13,14,15,16,17,18,19,20,21,22,23,24,25,26,27,28,29,30,31,32,33,34,35,36,37,38,39,40,41,42,43,44,45,46,47,48,49,50,51,52,53,54,55,56,57,58,59,60,61,62,63,64,65,66,67,68,69,70,71,72,73,74,75,76,77,78,79,80,81,82,83,84,85,86,87,88,89,90,91,92,93,94,95,96,97,98,99]
CFO=-485.9348164277784,STO=6
EsN0dB=21.78,GRXdB=17,N0=0.005011872388422489
packet_number=905,correct=True,payload=[0,1,2,3,4,5,6,7,8,9,10,11,12,13,14,15,16,17,18,19,20,21,22,23,24,25,26,27,28,29,30,31,32,33,34,35,36,37,38,39,40,41,42,43,44,45,46,47,48,49,50,51,52,53,54,55,56,57,58,59,60,61,62,63,64,65,66,67,68,69,70,71,72,73,74,75,76,77,78,79,80,81,82,83,84,85,86,87,88,89,90,91,92,93,94,95,96,97,98,99]
CFO=-440.23711562069076,STO=4
EsN0dB=21.77,GRXdB=17,N0=0.005011872388422489
packet_number=906,correct=True,payload=[0,1,2,3,4,5,6,7,8,9,10,11,12,13,14,15,16,17,18,19,20,21,22,23,24,25,26,27,28,29,30,31,32,33,34,35,36,37,38,39,40,41,42,43,44,45,46,47,48,49,50,51,52,53,54,55,56,57,58,59,60,61,62,63,64,65,66,67,68,69,70,71,72,73,74,75,76,77,78,79,80,81,82,83,84,85,86,87,88,89,90,91,92,93,94,95,96,97,98,99]
CFO=-467.757441890553,STO=3
EsN0dB=21.80,GRXdB=17,N0=0.005011872388422489
packet_number=907,correct=True,payload=[0,1,2,3,4,5,6,7,8,9,10,11,12,13,14,15,16,17,18,19,20,21,22,23,24,25,26,27,28,29,30,31,32,33,34,35,36,37,38,39,40,41,42,43,44,45,46,47,48,49,50,51,52,53,54,55,56,57,58,59,60,61,62,63,64,65,66,67,68,69,70,71,72,73,74,75,76,77,78,79,80,81,82,83,84,85,86,87,88,89,90,91,92,93,94,95,96,97,98,99]
CFO=-473.91981998663834,STO=5
EsN0dB=21.78,GRXdB=17,N0=0.005011872388422489
packet_number=908,correct=True,payload=[0,1,2,3,4,5,6,7,8,9,10,11,12,13,14,15,16,17,18,19,20,21,22,23,24,25,26,27,28,29,30,31,32,33,34,35,36,37,38,39,40,41,42,43,44,45,46,47,48,49,50,51,52,53,54,55,56,57,58,59,60,61,62,63,64,65,66,67,68,69,70,71,72,73,74,75,76,77,78,79,80,81,82,83,84,85,86,87,88,89,90,91,92,93,94,95,96,97,98,99]
CFO=-441.790805787359,STO=1
EsN0dB=21.77,GRXdB=17,N0=0.005011872388422489
packet_number=909,correct=True,payload=[0,1,2,3,4,5,6,7,8,9,10,11,12,13,14,15,16,17,18,19,20,21,22,23,24,25,26,27,28,29,30,31,32,33,34,35,36,37,38,39,40,41,42,43,44,45,46,47,48,49,50,51,52,53,54,55,56,57,58,59,60,61,62,63,64,65,66,67,68,69,70,71,72,73,74,75,76,77,78,79,80,81,82,83,84,85,86,87,88,89,90,91,92,93,94,95,96,97,98,99]
CFO=-432.2206850459989,STO=4
EsN0dB=21.78,GRXdB=17,N0=0.005011872388422489
packet_number=910,correct=True,payload=[0,1,2,3,4,5,6,7,8,9,10,11,12,13,14,15,16,17,18,19,20,21,22,23,24,25,26,27,28,29,30,31,32,33,34,35,36,37,38,39,40,41,42,43,44,45,46,47,48,49,50,51,52,53,54,55,56,57,58,59,60,61,62,63,64,65,66,67,68,69,70,71,72,73,74,75,76,77,78,79,80,81,82,83,84,85,86,87,88,89,90,91,92,93,94,95,96,97,98,99]
CFO=-420.40934919339185,STO=3
EsN0dB=21.77,GRXdB=17,N0=0.005011872388422489
packet_number=911,correct=True,payload=[0,1,2,3,4,5,6,7,8,9,10,11,12,13,14,15,16,17,18,19,20,21,22,23,24,25,26,27,28,29,30,31,32,33,34,35,36,37,38,39,40,41,42,43,44,45,46,47,48,49,50,51,52,53,54,55,56,57,58,59,60,61,62,63,64,65,66,67,68,69,70,71,72,73,74,75,76,77,78,79,80,81,82,83,84,85,86,87,88,89,90,91,92,93,94,95,96,97,98,99]
CFO=-412.09504647989667,STO=3
EsN0dB=20.77,GRXdB=17,N0=0.0063095735386013985
packet_number=912,correct=True,payload=[0,1,2,3,4,5,6,7,8,9,10,11,12,13,14,15,16,17,18,19,20,21,22,23,24,25,26,27,28,29,30,31,32,33,34,35,36,37,38,39,40,41,42,43,44,45,46,47,48,49,50,51,52,53,54,55,56,57,58,59,60,61,62,63,64,65,66,67,68,69,70,71,72,73,74,75,76,77,78,79,80,81,82,83,84,85,86,87,88,89,90,91,92,93,94,95,96,97,98,99]
CFO=-413.78809740736455,STO=4
EsN0dB=20.75,GRXdB=17,N0=0.0063095735386013985
packet_number=913,correct=True,payload=[0,1,2,3,4,5,6,7,8,9,10,11,12,13,14,15,16,17,18,19,20,21,22,23,24,25,26,27,28,29,30,31,32,33,34,35,36,37,38,39,40,41,42,43,44,45,46,47,48,49,50,51,52,53,54,55,56,57,58,59,60,61,62,63,64,65,66,67,68,69,70,71,72,73,74,75,76,77,78,79,80,81,82,83,84,85,86,87,88,89,90,91,92,93,94,95,96,97,98,99]
CFO=-544.2034448283725,STO=5
EsN0dB=20.78,GRXdB=17,N0=0.0063095735386013985
packet_number=914,correct=True,payload=[0,1,2,3,4,5,6,7,8,9,10,11,12,13,14,15,16,17,18,19,20,21,22,23,24,25,26,27,28,29,30,31,32,33,34,35,36,37,38,39,40,41,42,43,44,45,46,47,48,49,50,51,52,53,54,55,56,57,58,59,60,61,62,63,64,65,66,67,68,69,70,71,72,73,74,75,76,77,78,79,80,81,82,83,84,85,86,87,88,89,90,91,92,93,94,95,96,97,98,99]
CFO=-460.2605977984255,STO=3
EsN0dB=20.80,GRXdB=17,N0=0.0063095735386013985
packet_number=915,correct=True,payload=[0,1,2,3,4,5,6,7,8,9,10,11,12,13,14,15,16,17,18,19,20,21,22,23,24,25,26,27,28,29,30,31,32,33,34,35,36,37,38,39,40,41,42,43,44,45,46,47,48,49,50,51,52,53,54,55,56,57,58,59,60,61,62,63,64,65,66,67,68,69,70,71,72,73,74,75,76,77,78,79,80,81,82,83,84,85,86,87,88,89,90,91,92,93,94,95,96,97,98,99]
CFO=-439.982258258301,STO=2
EsN0dB=20.80,GRXdB=17,N0=0.0063095735386013985
packet_number=916,correct=True,payload=[0,1,2,3,4,5,6,7,8,9,10,11,12,13,14,15,16,17,18,19,20,21,22,23,24,25,26,27,28,29,30,31,32,33,34,35,36,37,38,39,40,41,42,43,44,45,46,47,48,49,50,51,52,53,54,55,56,57,58,59,60,61,62,63,64,65,66,67,68,69,70,71,72,73,74,75,76,77,78,79,80,81,82,83,84,85,86,87,88,89,90,91,92,93,94,95,96,97,98,99]
CFO=-526.7400385028251,STO=4
EsN0dB=20.80,GRXdB=17,N0=0.0063095735386013985
packet_number=917,correct=True,payload=[0,1,2,3,4,5,6,7,8,9,10,11,12,13,14,15,16,17,18,19,20,21,22,23,24,25,26,27,28,29,30,31,32,33,34,35,36,37,38,39,40,41,42,43,44,45,46,47,48,49,50,51,52,53,54,55,56,57,58,59,60,61,62,63,64,65,66,67,68,69,70,71,72,73,74,75,76,77,78,79,80,81,82,83,84,85,86,87,88,89,90,91,92,93,94,95,96,97,98,99]
CFO=2974.215123296553,STO=2
EsN0dB=nan,GRXdB=17,N0=0.0063095735386013985
packet_number=918,correct=False,payload=[205,98,174,154,162,234,197,170,104,87,244,247,177,191,59,242,176,3,246,50,176,147,169,150,254,147,103,6,253,76,24,207,47,233,31,17,216,29,135,39,25,172,33,192,104,245,93,159,162,160,52,134,177,146,71,205,231,160,76,245,106,246,74,68,245,154,127,120,151,63,236,237,141,92,100,166,41,165,100,233,47,149,136,149,95,144,14,7,181,49,200,132,49,1,181,70,10,137,113,137]
CFO=-481.361109501923,STO=5
EsN0dB=20.81,GRXdB=17,N0=0.0063095735386013985
packet_number=919,correct=True,payload=[0,1,2,3,4,5,6,7,8,9,10,11,12,13,14,15,16,17,18,19,20,21,22,23,24,25,26,27,28,29,30,31,32,33,34,35,36,37,38,39,40,41,42,43,44,45,46,47,48,49,50,51,52,53,54,55,56,57,58,59,60,61,62,63,64,65,66,67,68,69,70,71,72,73,74,75,76,77,78,79,80,81,82,83,84,85,86,87,88,89,90,91,92,93,94,95,96,97,98,99]
CFO=-487.71612027694385,STO=2
EsN0dB=20.84,GRXdB=17,N0=0.0063095735386013985
packet_number=920,correct=True,payload=[0,1,2,3,4,5,6,7,8,9,10,11,12,13,14,15,16,17,18,19,20,21,22,23,24,25,26,27,28,29,30,31,32,33,34,35,36,37,38,39,40,41,42,43,44,45,46,47,48,49,50,51,52,53,54,55,56,57,58,59,60,61,62,63,64,65,66,67,68,69,70,71,72,73,74,75,76,77,78,79,80,81,82,83,84,85,86,87,88,89,90,91,92,93,94,95,96,97,98,99]
CFO=-409.04405078111466,STO=7
EsN0dB=20.78,GRXdB=17,N0=0.0063095735386013985
packet_number=921,correct=False,payload=[0,1,2,3,12,5,6,7,8,9,10,3,12,13,14,15,16,17,18,19,20,21,22,22,24,25,24,27,28,31,30,31,32,33,34,34,36,37,38,39,40,41,42,47,44,13,46,47,48,113,34,51,52,53,54,55,56,57,50,59,56,61,62,63,192,65,66,67,68,5,70,7,24,73,72,3,76,77,78,79,208,113,82,83,84,85,86,127,88,217,90,27,92,93,94,95,96,97,98,99]
CFO=-444.99076720046094,STO=4
EsN0dB=20.78,GRXdB=17,N0=0.0063095735386013985
packet_number=922,correct=True,payload=[0,1,2,3,4,5,6,7,8,9,10,11,12,13,14,15,16,17,18,19,20,21,22,23,24,25,26,27,28,29,30,31,32,33,34,35,36,37,38,39,40,41,42,43,44,45,46,47,48,49,50,51,52,53,54,55,56,57,58,59,60,61,62,63,64,65,66,67,68,69,70,71,72,73,74,75,76,77,78,79,80,81,82,83,84,85,86,87,88,89,90,91,92,93,94,95,96,97,98,99]
CFO=-478.91572983853246,STO=5
EsN0dB=20.75,GRXdB=17,N0=0.0063095735386013985
packet_number=923,correct=True,payload=[0,1,2,3,4,5,6,7,8,9,10,11,12,13,14,15,16,17,18,19,20,21,22,23,24,25,26,27,28,29,30,31,32,33,34,35,36,37,38,39,40,41,42,43,44,45,46,47,48,49,50,51,52,53,54,55,56,57,58,59,60,61,62,63,64,65,66,67,68,69,70,71,72,73,74,75,76,77,78,79,80,81,82,83,84,85,86,87,88,89,90,91,92,93,94,95,96,97,98,99]
CFO=-418.3246592506243,STO=3
EsN0dB=20.78,GRXdB=17,N0=0.0063095735386013985
packet_number=924,correct=True,payload=[0,1,2,3,4,5,6,7,8,9,10,11,12,13,14,15,16,17,18,19,20,21,22,23,24,25,26,27,28,29,30,31,32,33,34,35,36,37,38,39,40,41,42,43,44,45,46,47,48,49,50,51,52,53,54,55,56,57,58,59,60,61,62,63,64,65,66,67,68,69,70,71,72,73,74,75,76,77,78,79,80,81,82,83,84,85,86,87,88,89,90,91,92,93,94,95,96,97,98,99]
CFO=-477.10653012127244,STO=1
EsN0dB=20.78,GRXdB=17,N0=0.0063095735386013985
packet_number=925,correct=False,payload=[0,1,2,3,4,5,6,7,8,9,10,11,12,15,14,15,16,17,18,19,20,21,22,23,24,25,26,27,28,29,30,31,32,49,34,35,36,37,38,39,40,41,42,43,44,45,46,47,48,49,50,51,52,29,54,55,56,57,58,59,60,61,62,63,64,65,2,67,68,69,70,71,72,73,74,75,76,77,78,79,80,81,82,81,68,85,86,87,88,89,90,91,204,92,94,95,96,97,98,99]
CFO=-424.42851827803946,STO=6
EsN0dB=20.80,GRXdB=17,N0=0.0063095735386013985
packet_number=926,correct=True,payload=[0,1,2,3,4,5,6,7,8,9,10,11,12,13,14,15,16,17,18,19,20,21,22,23,24,25,26,27,28,29,30,31,32,33,34,35,36,37,38,39,40,41,42,43,44,45,46,47,48,49,50,51,52,53,54,55,56,57,58,59,60,61,62,63,64,65,66,67,68,69,70,71,72,73,74,75,76,77,78,79,80,81,82,83,84,85,86,87,88,89,90,91,92,93,94,95,96,97,98,99]
CFO=-461.6716366183659,STO=2
EsN0dB=20.76,GRXdB=17,N0=0.0063095735386013985
packet_number=927,correct=True,payload=[0,1,2,3,4,5,6,7,8,9,10,11,12,13,14,15,16,17,18,19,20,21,22,23,24,25,26,27,28,29,30,31,32,33,34,35,36,37,38,39,40,41,42,43,44,45,46,47,48,49,50,51,52,53,54,55,56,57,58,59,60,61,62,63,64,65,66,67,68,69,70,71,72,73,74,75,76,77,78,79,80,81,82,83,84,85,86,87,88,89,90,91,92,93,94,95,96,97,98,99]
CFO=1300.6109064765017,STO=5
EsN0dB=-11.29,GRXdB=17,N0=0.0063095735386013985
packet_number=928,correct=False,payload=[62,188,166,150,13,204,31,142,173,121,81,88,65,203,37,33,140,171,57,10,165,226,217,23,135,146,160,7,226,206,18,105,173,248,233,219,191,115,147,188,147,218,128,26,78,20,189,68,46,208,207,204,82,126,237,53,158,82,39,174,37,158,43,225,230,250,235,90,221,61,220,78,160,123,228,209,167,206,137,239,173,52,33,235,141,88,91,214,218,15,216,136,172,134,233,146,97,130,175,213]
CFO=-327.3313909528172,STO=5
EsN0dB=20.79,GRXdB=17,N0=0.0063095735386013985
packet_number=929,correct=True,payload=[0,1,2,3,4,5,6,7,8,9,10,11,12,13,14,15,16,17,18,19,20,21,22,23,24,25,26,27,28,29,30,31,32,33,34,35,36,37,38,39,40,41,42,43,44,45,46,47,48,49,50,51,52,53,54,55,56,57,58,59,60,61,62,63,64,65,66,67,68,69,70,71,72,73,74,75,76,77,78,79,80,81,82,83,84,85,86,87,88,89,90,91,92,93,94,95,96,97,98,99]
CFO=-441.2850041917915,STO=6
EsN0dB=20.80,GRXdB=17,N0=0.0063095735386013985
packet_number=930,correct=True,payload=[0,1,2,3,4,5,6,7,8,9,10,11,12,13,14,15,16,17,18,19,20,21,22,23,24,25,26,27,28,29,30,31,32,33,34,35,36,37,38,39,40,41,42,43,44,45,46,47,48,49,50,51,52,53,54,55,56,57,58,59,60,61,62,63,64,65,66,67,68,69,70,71,72,73,74,75,76,77,78,79,80,81,82,83,84,85,86,87,88,89,90,91,92,93,94,95,96,97,98,99]
CFO=-494.33414076687944,STO=7
EsN0dB=20.78,GRXdB=17,N0=0.0063095735386013985
packet_number=931,correct=False,payload=[0,1,6,7,8,1,12,6,8,10,16,11,28,13,14,15,0,17,16,23,16,63,30,47,48,16,58,26,24,24,28,63,64,98,2,35,44,77,102,70,80,89,82,114,76,41,62,126,96,113,32,102,40,117,46,111,48,112,50,51,120,124,62,63,128,128,66,71,196,202,6,206,144,10,200,75,88,72,156,206,224,81,96,195,96,42,132,23,112,178,176,31,120,94,124,158,192,194,102,227]
CFO=-423.2025230379568,STO=3
EsN0dB=20.79,GRXdB=17,N0=0.0063095735386013985
packet_number=932,correct=True,payload=[0,1,2,3,4,5,6,7,8,9,10,11,12,13,14,15,16,17,18,19,20,21,22,23,24,25,26,27,28,29,30,31,32,33,34,35,36,37,38,39,40,41,42,43,44,45,46,47,48,49,50,51,52,53,54,55,56,57,58,59,60,61,62,63,64,65,66,67,68,69,70,71,72,73,74,75,76,77,78,79,80,81,82,83,84,85,86,87,88,89,90,91,92,93,94,95,96,97,98,99]
CFO=-467.05841471768457,STO=3
EsN0dB=20.77,GRXdB=17,N0=0.0063095735386013985
packet_number=933,correct=True,payload=[0,1,2,3,4,5,6,7,8,9,10,11,12,13,14,15,16,17,18,19,20,21,22,23,24,25,26,27,28,29,30,31,32,33,34,35,36,37,38,39,40,41,42,43,44,45,46,47,48,49,50,51,52,53,54,55,56,57,58,59,60,61,62,63,64,65,66,67,68,69,70,71,72,73,74,75,76,77,78,79,80,81,82,83,84,85,86,87,88,89,90,91,92,93,94,95,96,97,98,99]
CFO=-357.1178340652755,STO=6
EsN0dB=-16.13,GRXdB=17,N0=0.0063095735386013985
packet_number=934,correct=False,payload=[56,105,206,189,238,193,21,21,148,127,244,115,60,73,94,6,127,210,52,88,201,206,84,240,1,247,242,130,160,114,214,251,230,159,73,179,15,176,51,179,251,152,179,39,88,252,177,175,63,92,71,212,9,156,6,129,158,149,96,121,0,113,232,110,217,60,91,79,172,242,36,77,86,32,85,126,77,174,154,238,37,54,157,227,184,107,184,168,92,20,235,112,201,24,21,124,199,171,97,173]
CFO=-415.3693573480263,STO=4
EsN0dB=20.78,GRXdB=17,N0=0.0063095735386013985
packet_number=935,correct=True,payload=[0,1,2,3,4,5,6,7,8,9,10,11,12,13,14,15,16,17,18,19,20,21,22,23,24,25,26,27,28,29,30,31,32,33,34,35,36,37,38,39,40,41,42,43,44,45,46,47,48,49,50,51,52,53,54,55,56,57,58,59,60,61,62,63,64,65,66,67,68,69,70,71,72,73,74,75,76,77,78,79,80,81,82,83,84,85,86,87,88,89,90,91,92,93,94,95,96,97,98,99]
CFO=-511.3333966070324,STO=3
EsN0dB=20.81,GRXdB=17,N0=0.0063095735386013985
packet_number=936,correct=True,payload=[0,1,2,3,4,5,6,7,8,9,10,11,12,13,14,15,16,17,18,19,20,21,22,23,24,25,26,27,28,29,30,31,32,33,34,35,36,37,38,39,40,41,42,43,44,45,46,47,48,49,50,51,52,53,54,55,56,57,58,59,60,61,62,63,64,65,66,67,68,69,70,71,72,73,74,75,76,77,78,79,80,81,82,83,84,85,86,87,88,89,90,91,92,93,94,95,96,97,98,99]
CFO=-419.17585378898616,STO=6
EsN0dB=20.82,GRXdB=17,N0=0.0063095735386013985
packet_number=937,correct=True,payload=[0,1,2,3,4,5,6,7,8,9,10,11,12,13,14,15,16,17,18,19,20,21,22,23,24,25,26,27,28,29,30,31,32,33,34,35,36,37,38,39,40,41,42,43,44,45,46,47,48,49,50,51,52,53,54,55,56,57,58,59,60,61,62,63,64,65,66,67,68,69,70,71,72,73,74,75,76,77,78,79,80,81,82,83,84,85,86,87,88,89,90,91,92,93,94,95,96,97,98,99]
CFO=-543.8270729459833,STO=1
EsN0dB=20.80,GRXdB=17,N0=0.0063095735386013985
packet_number=938,correct=True,payload=[0,1,2,3,4,5,6,7,8,9,10,11,12,13,14,15,16,17,18,19,20,21,22,23,24,25,26,27,28,29,30,31,32,33,34,35,36,37,38,39,40,41,42,43,44,45,46,47,48,49,50,51,52,53,54,55,56,57,58,59,60,61,62,63,64,65,66,67,68,69,70,71,72,73,74,75,76,77,78,79,80,81,82,83,84,85,86,87,88,89,90,91,92,93,94,95,96,97,98,99]
CFO=-375.0278114396817,STO=3
EsN0dB=20.81,GRXdB=17,N0=0.0063095735386013985
packet_number=939,correct=True,payload=[0,1,2,3,4,5,6,7,8,9,10,11,12,13,14,15,16,17,18,19,20,21,22,23,24,25,26,27,28,29,30,31,32,33,34,35,36,37,38,39,40,41,42,43,44,45,46,47,48,49,50,51,52,53,54,55,56,57,58,59,60,61,62,63,64,65,66,67,68,69,70,71,72,73,74,75,76,77,78,79,80,81,82,83,84,85,86,87,88,89,90,91,92,93,94,95,96,97,98,99]
CFO=-416.10807906646187,STO=4
EsN0dB=20.79,GRXdB=17,N0=0.0063095735386013985
packet_number=940,correct=True,payload=[0,1,2,3,4,5,6,7,8,9,10,11,12,13,14,15,16,17,18,19,20,21,22,23,24,25,26,27,28,29,30,31,32,33,34,35,36,37,38,39,40,41,42,43,44,45,46,47,48,49,50,51,52,53,54,55,56,57,58,59,60,61,62,63,64,65,66,67,68,69,70,71,72,73,74,75,76,77,78,79,80,81,82,83,84,85,86,87,88,89,90,91,92,93,94,95,96,97,98,99]
CFO=2819.775296948064,STO=6
EsN0dB=-14.66,GRXdB=17,N0=0.0063095735386013985
packet_number=941,correct=False,payload=[15,246,144,187,9,77,241,171,123,240,168,197,107,238,2,73,173,166,85,156,48,28,172,163,103,106,69,184,185,109,151,207,161,200,33,63,12,72,146,205,189,19,56,198,208,90,219,44,3,144,199,62,178,25,128,221,63,106,105,164,74,241,192,228,43,100,232,131,194,245,217,38,151,35,82,172,158,132,88,72,176,15,235,8,87,58,75,60,68,61,71,108,232,114,246,81,76,46,162,176]
CFO=-502.43114622943625,STO=3
EsN0dB=20.81,GRXdB=17,N0=0.0063095735386013985
packet_number=942,correct=True,payload=[0,1,2,3,4,5,6,7,8,9,10,11,12,13,14,15,16,17,18,19,20,21,22,23,24,25,26,27,28,29,30,31,32,33,34,35,36,37,38,39,40,41,42,43,44,45,46,47,48,49,50,51,52,53,54,55,56,57,58,59,60,61,62,63,64,65,66,67,68,69,70,71,72,73,74,75,76,77,78,79,80,81,82,83,84,85,86,87,88,89,90,91,92,93,94,95,96,97,98,99]
CFO=-460.05423952232974,STO=3
EsN0dB=20.77,GRXdB=17,N0=0.0063095735386013985
packet_number=943,correct=True,payload=[0,1,2,3,4,5,6,7,8,9,10,11,12,13,14,15,16,17,18,19,20,21,22,23,24,25,26,27,28,29,30,31,32,33,34,35,36,37,38,39,40,41,42,43,44,45,46,47,48,49,50,51,52,53,54,55,56,57,58,59,60,61,62,63,64,65,66,67,68,69,70,71,72,73,74,75,76,77,78,79,80,81,82,83,84,85,86,87,88,89,90,91,92,93,94,95,96,97,98,99]
CFO=-320.16698497419884,STO=3
EsN0dB=20.80,GRXdB=17,N0=0.0063095735386013985
packet_number=944,correct=True,payload=[0,1,2,3,4,5,6,7,8,9,10,11,12,13,14,15,16,17,18,19,20,21,22,23,24,25,26,27,28,29,30,31,32,33,34,35,36,37,38,39,40,41,42,43,44,45,46,47,48,49,50,51,52,53,54,55,56,57,58,59,60,61,62,63,64,65,66,67,68,69,70,71,72,73,74,75,76,77,78,79,80,81,82,83,84,85,86,87,88,89,90,91,92,93,94,95,96,97,98,99]
CFO=-461.8419763187604,STO=5
EsN0dB=20.79,GRXdB=17,N0=0.0063095735386013985
packet_number=945,correct=True,payload=[0,1,2,3,4,5,6,7,8,9,10,11,12,13,14,15,16,17,18,19,20,21,22,23,24,25,26,27,28,29,30,31,32,33,34,35,36,37,38,39,40,41,42,43,44,45,46,47,48,49,50,51,52,53,54,55,56,57,58,59,60,61,62,63,64,65,66,67,68,69,70,71,72,73,74,75,76,77,78,79,80,81,82,83,84,85,86,87,88,89,90,91,92,93,94,95,96,97,98,99]
CFO=-524.2013662816306,STO=3
EsN0dB=20.79,GRXdB=17,N0=0.0063095735386013985
packet_number=946,correct=True,payload=[0,1,2,3,4,5,6,7,8,9,10,11,12,13,14,15,16,17,18,19,20,21,22,23,24,25,26,27,28,29,30,31,32,33,34,35,36,37,38,39,40,41,42,43,44,45,46,47,48,49,50,51,52,53,54,55,56,57,58,59,60,61,62,63,64,65,66,67,68,69,70,71,72,73,74,75,76,77,78,79,80,81,82,83,84,85,86,87,88,89,90,91,92,93,94,95,96,97,98,99]
CFO=-469.98783660663054,STO=4
EsN0dB=20.76,GRXdB=17,N0=0.0063095735386013985
packet_number=947,correct=True,payload=[0,1,2,3,4,5,6,7,8,9,10,11,12,13,14,15,16,17,18,19,20,21,22,23,24,25,26,27,28,29,30,31,32,33,34,35,36,37,38,39,40,41,42,43,44,45,46,47,48,49,50,51,52,53,54,55,56,57,58,59,60,61,62,63,64,65,66,67,68,69,70,71,72,73,74,75,76,77,78,79,80,81,82,83,84,85,86,87,88,89,90,91,92,93,94,95,96,97,98,99]
CFO=-431.45421568406016,STO=2
EsN0dB=20.73,GRXdB=17,N0=0.0063095735386013985
packet_number=948,correct=True,payload=[0,1,2,3,4,5,6,7,8,9,10,11,12,13,14,15,16,17,18,19,20,21,22,23,24,25,26,27,28,29,30,31,32,33,34,35,36,37,38,39,40,41,42,43,44,45,46,47,48,49,50,51,52,53,54,55,56,57,58,59,60,61,62,63,64,65,66,67,68,69,70,71,72,73,74,75,76,77,78,79,80,81,82,83,84,85,86,87,88,89,90,91,92,93,94,95,96,97,98,99]
CFO=-429.94772022728193,STO=3
EsN0dB=20.78,GRXdB=17,N0=0.0063095735386013985
packet_number=949,correct=True,payload=[0,1,2,3,4,5,6,7,8,9,10,11,12,13,14,15,16,17,18,19,20,21,22,23,24,25,26,27,28,29,30,31,32,33,34,35,36,37,38,39,40,41,42,43,44,45,46,47,48,49,50,51,52,53,54,55,56,57,58,59,60,61,62,63,64,65,66,67,68,69,70,71,72,73,74,75,76,77,78,79,80,81,82,83,84,85,86,87,88,89,90,91,92,93,94,95,96,97,98,99]
CFO=-459.2872365518621,STO=6
EsN0dB=20.76,GRXdB=17,N0=0.0063095735386013985
packet_number=950,correct=True,payload=[0,1,2,3,4,5,6,7,8,9,10,11,12,13,14,15,16,17,18,19,20,21,22,23,24,25,26,27,28,29,30,31,32,33,34,35,36,37,38,39,40,41,42,43,44,45,46,47,48,49,50,51,52,53,54,55,56,57,58,59,60,61,62,63,64,65,66,67,68,69,70,71,72,73,74,75,76,77,78,79,80,81,82,83,84,85,86,87,88,89,90,91,92,93,94,95,96,97,98,99]
CFO=-416.07475817832346,STO=4
EsN0dB=20.82,GRXdB=17,N0=0.0063095735386013985
packet_number=951,correct=True,payload=[0,1,2,3,4,5,6,7,8,9,10,11,12,13,14,15,16,17,18,19,20,21,22,23,24,25,26,27,28,29,30,31,32,33,34,35,36,37,38,39,40,41,42,43,44,45,46,47,48,49,50,51,52,53,54,55,56,57,58,59,60,61,62,63,64,65,66,67,68,69,70,71,72,73,74,75,76,77,78,79,80,81,82,83,84,85,86,87,88,89,90,91,92,93,94,95,96,97,98,99]
CFO=-425.5586714973467,STO=3
EsN0dB=20.81,GRXdB=17,N0=0.0063095735386013985
packet_number=952,correct=True,payload=[0,1,2,3,4,5,6,7,8,9,10,11,12,13,14,15,16,17,18,19,20,21,22,23,24,25,26,27,28,29,30,31,32,33,34,35,36,37,38,39,40,41,42,43,44,45,46,47,48,49,50,51,52,53,54,55,56,57,58,59,60,61,62,63,64,65,66,67,68,69,70,71,72,73,74,75,76,77,78,79,80,81,82,83,84,85,86,87,88,89,90,91,92,93,94,95,96,97,98,99]
CFO=-452.9616928256043,STO=3
EsN0dB=20.82,GRXdB=17,N0=0.0063095735386013985
packet_number=953,correct=True,payload=[0,1,2,3,4,5,6,7,8,9,10,11,12,13,14,15,16,17,18,19,20,21,22,23,24,25,26,27,28,29,30,31,32,33,34,35,36,37,38,39,40,41,42,43,44,45,46,47,48,49,50,51,52,53,54,55,56,57,58,59,60,61,62,63,64,65,66,67,68,69,70,71,72,73,74,75,76,77,78,79,80,81,82,83,84,85,86,87,88,89,90,91,92,93,94,95,96,97,98,99]
CFO=5.10213361568893,STO=5
EsN0dB=nan,GRXdB=17,N0=0.0063095735386013985
packet_number=954,correct=False,payload=[14,1,179,126,19,65,154,201,80,255,111,179,119,88,119,99,88,89,227,114,123,4,9,14,216,181,234,222,10,145,236,105,230,148,38,159,201,120,89,226,79,115,241,84,226,221,21,33,199,66,62,26,212,227,10,203,96,60,123,161,96,184,158,221,76,255,30,50,184,93,114,20,252,31,252,81,58,74,185,219,86,142,18,141,167,70,63,215,43,65,252,171,249,196,142,104,169,50,46,207]
CFO=-435.9822694357757,STO=1
EsN0dB=20.74,GRXdB=17,N0=0.0063095735386013985
packet_number=955,correct=False,payload=[0,1,1,3,6,5,6,3,8,1,8,3,134,13,14,15,144,17,16,27,22,25,6,23,24,8,158,25,28,13,30,31,128,1,161,33,36,37,167,39,44,24,34,59,188,44,190,15,184,17,50,51,176,49,22,55,184,57,58,63,28,61,30,63,64,1,67,67,198,69,66,71,12,73,74,11,78,69,102,79,80,17,75,83,82,87,119,23,120,73,154,11,126,78,94,127,224,96,98,115]
CFO=-426.6024394248076,STO=4
EsN0dB=20.78,GRXdB=17,N0=0.0063095735386013985
packet_number=956,correct=True,payload=[0,1,2,3,4,5,6,7,8,9,10,11,12,13,14,15,16,17,18,19,20,21,22,23,24,25,26,27,28,29,30,31,32,33,34,35,36,37,38,39,40,41,42,43,44,45,46,47,48,49,50,51,52,53,54,55,56,57,58,59,60,61,62,63,64,65,66,67,68,69,70,71,72,73,74,75,76,77,78,79,80,81,82,83,84,85,86,87,88,89,90,91,92,93,94,95,96,97,98,99]
CFO=-461.298347807477,STO=6
EsN0dB=20.82,GRXdB=17,N0=0.0063095735386013985
packet_number=957,correct=True,payload=[0,1,2,3,4,5,6,7,8,9,10,11,12,13,14,15,16,17,18,19,20,21,22,23,24,25,26,27,28,29,30,31,32,33,34,35,36,37,38,39,40,41,42,43,44,45,46,47,48,49,50,51,52,53,54,55,56,57,58,59,60,61,62,63,64,65,66,67,68,69,70,71,72,73,74,75,76,77,78,79,80,81,82,83,84,85,86,87,88,89,90,91,92,93,94,95,96,97,98,99]
CFO=-455.08945683462196,STO=2
EsN0dB=20.77,GRXdB=17,N0=0.0063095735386013985
packet_number=958,correct=True,payload=[0,1,2,3,4,5,6,7,8,9,10,11,12,13,14,15,16,17,18,19,20,21,22,23,24,25,26,27,28,29,30,31,32,33,34,35,36,37,38,39,40,41,42,43,44,45,46,47,48,49,50,51,52,53,54,55,56,57,58,59,60,61,62,63,64,65,66,67,68,69,70,71,72,73,74,75,76,77,78,79,80,81,82,83,84,85,86,87,88,89,90,91,92,93,94,95,96,97,98,99]
CFO=-385.27742335276866,STO=3
EsN0dB=20.78,GRXdB=17,N0=0.0063095735386013985
packet_number=959,correct=True,payload=[0,1,2,3,4,5,6,7,8,9,10,11,12,13,14,15,16,17,18,19,20,21,22,23,24,25,26,27,28,29,30,31,32,33,34,35,36,37,38,39,40,41,42,43,44,45,46,47,48,49,50,51,52,53,54,55,56,57,58,59,60,61,62,63,64,65,66,67,68,69,70,71,72,73,74,75,76,77,78,79,80,81,82,83,84,85,86,87,88,89,90,91,92,93,94,95,96,97,98,99]
CFO=-439.7884990724711,STO=3
EsN0dB=20.84,GRXdB=17,N0=0.0063095735386013985
packet_number=960,correct=True,payload=[0,1,2,3,4,5,6,7,8,9,10,11,12,13,14,15,16,17,18,19,20,21,22,23,24,25,26,27,28,29,30,31,32,33,34,35,36,37,38,39,40,41,42,43,44,45,46,47,48,49,50,51,52,53,54,55,56,57,58,59,60,61,62,63,64,65,66,67,68,69,70,71,72,73,74,75,76,77,78,79,80,81,82,83,84,85,86,87,88,89,90,91,92,93,94,95,96,97,98,99]
CFO=-2305.343472773013,STO=2
EsN0dB=nan,GRXdB=17,N0=0.0063095735386013985
packet_number=961,correct=False,payload=[103,161,245,157,139,92,2,154,89,193,45,87,118,90,3,31,222,36,112,80,86,91,16,56,84,194,70,3,255,176,210,113,138,156,166,34,157,221,164,61,108,27,198,142,244,184,61,230,19,21,116,85,169,215,45,42,199,241,218,62,56,149,93,21,228,192,248,13,175,68,220,235,201,31,186,29,209,52,97,81,5,153,167,48,130,202,148,73,103,202,157,95,255,240,170,224,207,255,87,228]
CFO=-446.5439237586003,STO=2
EsN0dB=20.76,GRXdB=17,N0=0.0063095735386013985
packet_number=962,correct=False,payload=[0,1,2,3,4,5,6,7,8,9,10,11,12,13,14,15,16,17,18,19,20,21,22,23,24,25,30,31,28,31,30,31,32,33,34,35,36,37,38,39,40,41,42,43,44,45,46,47,48,49,50,51,52,53,54,55,56,57,56,59,60,61,62,63,64,65,66,67,68,69,70,71,72,73,66,75,76,76,78,79,80,81,82,83,84,87,86,87,88,88,218,91,92,93,94,95,96,97,98,99]
CFO=-401.64583533208014,STO=0
EsN0dB=20.80,GRXdB=17,N0=0.0063095735386013985
packet_number=963,correct=False,payload=[0,1,2,3,4,5,6,7,8,25,10,15,12,13,14,15,16,17,18,19,20,21,22,31,24,25,26,27,28,29,30,31,32,33,34,35,36,37,46,39,40,41,42,43,44,45,46,47,48,49,50,51,52,53,54,55,56,121,58,59,60,61,62,63,64,65,66,67,68,69,70,71,72,73,74,75,76,77,78,79,80,81,82,83,84,84,86,87,88,88,90,91,92,93,94,95,96,97,98,99]
CFO=-473.17101899599015,STO=4
EsN0dB=20.79,GRXdB=17,N0=0.0063095735386013985
packet_number=964,correct=True,payload=[0,1,2,3,4,5,6,7,8,9,10,11,12,13,14,15,16,17,18,19,20,21,22,23,24,25,26,27,28,29,30,31,32,33,34,35,36,37,38,39,40,41,42,43,44,45,46,47,48,49,50,51,52,53,54,55,56,57,58,59,60,61,62,63,64,65,66,67,68,69,70,71,72,73,74,75,76,77,78,79,80,81,82,83,84,85,86,87,88,89,90,91,92,93,94,95,96,97,98,99]
CFO=-522.3886981089327,STO=2
EsN0dB=20.80,GRXdB=17,N0=0.0063095735386013985
packet_number=965,correct=True,payload=[0,1,2,3,4,5,6,7,8,9,10,11,12,13,14,15,16,17,18,19,20,21,22,23,24,25,26,27,28,29,30,31,32,33,34,35,36,37,38,39,40,41,42,43,44,45,46,47,48,49,50,51,52,53,54,55,56,57,58,59,60,61,62,63,64,65,66,67,68,69,70,71,72,73,74,75,76,77,78,79,80,81,82,83,84,85,86,87,88,89,90,91,92,93,94,95,96,97,98,99]
CFO=-448.80713539920555,STO=3
EsN0dB=20.77,GRXdB=17,N0=0.0063095735386013985
packet_number=966,correct=True,payload=[0,1,2,3,4,5,6,7,8,9,10,11,12,13,14,15,16,17,18,19,20,21,22,23,24,25,26,27,28,29,30,31,32,33,34,35,36,37,38,39,40,41,42,43,44,45,46,47,48,49,50,51,52,53,54,55,56,57,58,59,60,61,62,63,64,65,66,67,68,69,70,71,72,73,74,75,76,77,78,79,80,81,82,83,84,85,86,87,88,89,90,91,92,93,94,95,96,97,98,99]
CFO=-528.4633568918493,STO=6
EsN0dB=20.73,GRXdB=17,N0=0.0063095735386013985
packet_number=967,correct=True,payload=[0,1,2,3,4,5,6,7,8,9,10,11,12,13,14,15,16,17,18,19,20,21,22,23,24,25,26,27,28,29,30,31,32,33,34,35,36,37,38,39,40,41,42,43,44,45,46,47,48,49,50,51,52,53,54,55,56,57,58,59,60,61,62,63,64,65,66,67,68,69,70,71,72,73,74,75,76,77,78,79,80,81,82,83,84,85,86,87,88,89,90,91,92,93,94,95,96,97,98,99]
CFO=-512.6839597936967,STO=1
EsN0dB=20.78,GRXdB=17,N0=0.0063095735386013985
packet_number=968,correct=True,payload=[0,1,2,3,4,5,6,7,8,9,10,11,12,13,14,15,16,17,18,19,20,21,22,23,24,25,26,27,28,29,30,31,32,33,34,35,36,37,38,39,40,41,42,43,44,45,46,47,48,49,50,51,52,53,54,55,56,57,58,59,60,61,62,63,64,65,66,67,68,69,70,71,72,73,74,75,76,77,78,79,80,81,82,83,84,85,86,87,88,89,90,91,92,93,94,95,96,97,98,99]
CFO=-328.5213379722803,STO=4
EsN0dB=20.76,GRXdB=17,N0=0.0063095735386013985
packet_number=969,correct=True,payload=[0,1,2,3,4,5,6,7,8,9,10,11,12,13,14,15,16,17,18,19,20,21,22,23,24,25,26,27,28,29,30,31,32,33,34,35,36,37,38,39,40,41,42,43,44,45,46,47,48,49,50,51,52,53,54,55,56,57,58,59,60,61,62,63,64,65,66,67,68,69,70,71,72,73,74,75,76,77,78,79,80,81,82,83,84,85,86,87,88,89,90,91,92,93,94,95,96,97,98,99]
CFO=-335.49699475625687,STO=1
EsN0dB=20.78,GRXdB=17,N0=0.0063095735386013985
packet_number=970,correct=False,payload=[128,1,3,3,132,5,2,7,0,8,10,15,12,12,6,15,16,25,18,19,22,17,22,27,8,29,26,27,28,28,31,15,32,1,48,35,0,37,38,39,0,40,42,41,12,45,14,47,56,16,50,51,52,55,54,63,56,57,58,59,60,62,158,63,0,65,66,67,64,5,70,71,72,9,74,75,76,77,110,15,80,73,82,83,80,87,210,87,88,73,90,91,252,94,94,95,96,97,50,97]
CFO=56.326341528364004,STO=1
EsN0dB=nan,GRXdB=17,N0=0.0063095735386013985
packet_number=971,correct=False,payload=[249,99,115,169,252,245,184,137,127,101,239,251,183,200,231,87,155,127,85,240,49,87,253,11,145,223,125,123,30,179,67,105,211,67,5,54,127,184,105,73,122,145,189,229,228,157,47,141,208,225,19,31,70,221,51,131,122,102,235,73,149,48,86,193,232,245,234,97,124,106,102,241,24,76,231,185,70,56,135,153,99,70,113,254,176,124,91,255,110,160,134,164,175,125,101,221,6,135,73,120]
CFO=-451.12243316121584,STO=5
EsN0dB=20.75,GRXdB=17,N0=0.0063095735386013985
packet_number=972,correct=True,payload=[0,1,2,3,4,5,6,7,8,9,10,11,12,13,14,15,16,17,18,19,20,21,22,23,24,25,26,27,28,29,30,31,32,33,34,35,36,37,38,39,40,41,42,43,44,45,46,47,48,49,50,51,52,53,54,55,56,57,58,59,60,61,62,63,64,65,66,67,68,69,70,71,72,73,74,75,76,77,78,79,80,81,82,83,84,85,86,87,88,89,90,91,92,93,94,95,96,97,98,99]
CFO=-435.1844061053863,STO=1
EsN0dB=20.80,GRXdB=17,N0=0.0063095735386013985
packet_number=973,correct=True,payload=[0,1,2,3,4,5,6,7,8,9,10,11,12,13,14,15,16,17,18,19,20,21,22,23,24,25,26,27,28,29,30,31,32,33,34,35,36,37,38,39,40,41,42,43,44,45,46,47,48,49,50,51,52,53,54,55,56,57,58,59,60,61,62,63,64,65,66,67,68,69,70,71,72,73,74,75,76,77,78,79,80,81,82,83,84,85,86,87,88,89,90,91,92,93,94,95,96,97,98,99]
CFO=-427.1186463866888,STO=4
EsN0dB=20.79,GRXdB=17,N0=0.0063095735386013985
packet_number=974,correct=True,payload=[0,1,2,3,4,5,6,7,8,9,10,11,12,13,14,15,16,17,18,19,20,21,22,23,24,25,26,27,28,29,30,31,32,33,34,35,36,37,38,39,40,41,42,43,44,45,46,47,48,49,50,51,52,53,54,55,56,57,58,59,60,61,62,63,64,65,66,67,68,69,70,71,72,73,74,75,76,77,78,79,80,81,82,83,84,85,86,87,88,89,90,91,92,93,94,95,96,97,98,99]
CFO=-382.50686858084566,STO=4
EsN0dB=20.77,GRXdB=17,N0=0.0063095735386013985
packet_number=975,correct=True,payload=[0,1,2,3,4,5,6,7,8,9,10,11,12,13,14,15,16,17,18,19,20,21,22,23,24,25,26,27,28,29,30,31,32,33,34,35,36,37,38,39,40,41,42,43,44,45,46,47,48,49,50,51,52,53,54,55,56,57,58,59,60,61,62,63,64,65,66,67,68,69,70,71,72,73,74,75,76,77,78,79,80,81,82,83,84,85,86,87,88,89,90,91,92,93,94,95,96,97,98,99]
CFO=-2264.4633676344097,STO=3
EsN0dB=-6.51,GRXdB=17,N0=0.0063095735386013985
packet_number=976,correct=False,payload=[228,101,177,84,182,136,33,238,17,71,146,119,212,81,91,78,180,98,94,187,3,253,189,129,58,242,209,244,85,96,95,192,102,151,208,193,106,122,209,49,83,46,3,157,233,37,84,95,109,71,27,198,39,155,158,119,4,26,24,232,227,190,121,214,45,127,22,35,53,142,50,40,248,135,10,62,162,79,246,129,1,205,159,91,162,124,72,254,119,181,254,45,86,222,119,77,33,86,174,194]
CFO=-469.7751343180244,STO=4
EsN0dB=20.75,GRXdB=17,N0=0.0063095735386013985
packet_number=977,correct=True,payload=[0,1,2,3,4,5,6,7,8,9,10,11,12,13,14,15,16,17,18,19,20,21,22,23,24,25,26,27,28,29,30,31,32,33,34,35,36,37,38,39,40,41,42,43,44,45,46,47,48,49,50,51,52,53,54,55,56,57,58,59,60,61,62,63,64,65,66,67,68,69,70,71,72,73,74,75,76,77,78,79,80,81,82,83,84,85,86,87,88,89,90,91,92,93,94,95,96,97,98,99]
CFO=-490.5601351563464,STO=6
EsN0dB=20.73,GRXdB=17,N0=0.0063095735386013985
packet_number=978,correct=True,payload=[0,1,2,3,4,5,6,7,8,9,10,11,12,13,14,15,16,17,18,19,20,21,22,23,24,25,26,27,28,29,30,31,32,33,34,35,36,37,38,39,40,41,42,43,44,45,46,47,48,49,50,51,52,53,54,55,56,57,58,59,60,61,62,63,64,65,66,67,68,69,70,71,72,73,74,75,76,77,78,79,80,81,82,83,84,85,86,87,88,89,90,91,92,93,94,95,96,97,98,99]
CFO=-482.3446389554539,STO=5
EsN0dB=20.77,GRXdB=17,N0=0.0063095735386013985
packet_number=979,correct=False,payload=[0,1,2,3,4,4,6,7,0,9,10,11,140,13,6,15,16,17,18,19,20,21,22,23,152,25,26,27,28,28,30,31,32,33,32,35,36,37,6,39,36,45,58,43,44,45,46,47,48,49,50,51,52,53,22,55,56,57,58,59,60,60,62,63,64,65,66,67,70,67,70,71,72,73,74,75,76,77,78,111,88,81,211,83,68,85,94,87,88,89,91,91,92,93,94,95,96,97,98,99]
CFO=-498.5487291527802,STO=4
EsN0dB=20.76,GRXdB=17,N0=0.0063095735386013985
packet_number=980,correct=True,payload=[0,1,2,3,4,5,6,7,8,9,10,11,12,13,14,15,16,17,18,19,20,21,22,23,24,25,26,27,28,29,30,31,32,33,34,35,36,37,38,39,40,41,42,43,44,45,46,47,48,49,50,51,52,53,54,55,56,57,58,59,60,61,62,63,64,65,66,67,68,69,70,71,72,73,74,75,76,77,78,79,80,81,82,83,84,85,86,87,88,89,90,91,92,93,94,95,96,97,98,99]
CFO=-431.5244741403663,STO=3
EsN0dB=20.75,GRXdB=17,N0=0.0063095735386013985
packet_number=981,correct=True,payload=[0,1,2,3,4,5,6,7,8,9,10,11,12,13,14,15,16,17,18,19,20,21,22,23,24,25,26,27,28,29,30,31,32,33,34,35,36,37,38,39,40,41,42,43,44,45,46,47,48,49,50,51,52,53,54,55,56,57,58,59,60,61,62,63,64,65,66,67,68,69,70,71,72,73,74,75,76,77,78,79,80,81,82,83,84,85,86,87,88,89,90,91,92,93,94,95,96,97,98,99]
CFO=-453.7545461648056,STO=5
EsN0dB=20.78,GRXdB=17,N0=0.0063095735386013985
packet_number=982,correct=True,payload=[0,1,2,3,4,5,6,7,8,9,10,11,12,13,14,15,16,17,18,19,20,21,22,23,24,25,26,27,28,29,30,31,32,33,34,35,36,37,38,39,40,41,42,43,44,45,46,47,48,49,50,51,52,53,54,55,56,57,58,59,60,61,62,63,64,65,66,67,68,69,70,71,72,73,74,75,76,77,78,79,80,81,82,83,84,85,86,87,88,89,90,91,92,93,94,95,96,97,98,99]
CFO=-372.2372167030065,STO=6
EsN0dB=20.78,GRXdB=17,N0=0.0063095735386013985
packet_number=983,correct=True,payload=[0,1,2,3,4,5,6,7,8,9,10,11,12,13,14,15,16,17,18,19,20,21,22,23,24,25,26,27,28,29,30,31,32,33,34,35,36,37,38,39,40,41,42,43,44,45,46,47,48,49,50,51,52,53,54,55,56,57,58,59,60,61,62,63,64,65,66,67,68,69,70,71,72,73,74,75,76,77,78,79,80,81,82,83,84,85,86,87,88,89,90,91,92,93,94,95,96,97,98,99]
CFO=-484.96768061405226,STO=4
EsN0dB=20.80,GRXdB=17,N0=0.0063095735386013985
packet_number=984,correct=True,payload=[0,1,2,3,4,5,6,7,8,9,10,11,12,13,14,15,16,17,18,19,20,21,22,23,24,25,26,27,28,29,30,31,32,33,34,35,36,37,38,39,40,41,42,43,44,45,46,47,48,49,50,51,52,53,54,55,56,57,58,59,60,61,62,63,64,65,66,67,68,69,70,71,72,73,74,75,76,77,78,79,80,81,82,83,84,85,86,87,88,89,90,91,92,93,94,95,96,97,98,99]
CFO=-376.18173988344364,STO=4
EsN0dB=20.77,GRXdB=17,N0=0.0063095735386013985
packet_number=985,correct=True,payload=[0,1,2,3,4,5,6,7,8,9,10,11,12,13,14,15,16,17,18,19,20,21,22,23,24,25,26,27,28,29,30,31,32,33,34,35,36,37,38,39,40,41,42,43,44,45,46,47,48,49,50,51,52,53,54,55,56,57,58,59,60,61,62,63,64,65,66,67,68,69,70,71,72,73,74,75,76,77,78,79,80,81,82,83,84,85,86,87,88,89,90,91,92,93,94,95,96,97,98,99]
CFO=-2708.372539991694,STO=4
EsN0dB=-10.07,GRXdB=17,N0=0.0063095735386013985
packet_number=986,correct=False,payload=[54,84,153,118,137,252,205,14,190,170,220,113,227,141,136,184,145,87,99,136,162,134,32,242,161,104,69,165,215,188,173,217,104,85,176,39,87,54,59,81,92,233,161,107,130,171,249,36,124,206,106,199,129,3,187,192,4,66,37,228,71,216,40,253,33,240,141,123,5,197,47,44,120,241,201,42,141,201,123,65,51,72,78,105,235,21,245,237,100,13,108,188,180,50,104,219,127,191,145,26]
CFO=-343.26372618433834,STO=4
EsN0dB=20.75,GRXdB=17,N0=0.0063095735386013985
packet_number=987,correct=True,payload=[0,1,2,3,4,5,6,7,8,9,10,11,12,13,14,15,16,17,18,19,20,21,22,23,24,25,26,27,28,29,30,31,32,33,34,35,36,37,38,39,40,41,42,43,44,45,46,47,48,49,50,51,52,53,54,55,56,57,58,59,60,61,62,63,64,65,66,67,68,69,70,71,72,73,74,75,76,77,78,79,80,81,82,83,84,85,86,87,88,89,90,91,92,93,94,95,96,97,98,99]
CFO=-463.6959991524486,STO=6
EsN0dB=20.73,GRXdB=17,N0=0.0063095735386013985
packet_number=988,correct=True,payload=[0,1,2,3,4,5,6,7,8,9,10,11,12,13,14,15,16,17,18,19,20,21,22,23,24,25,26,27,28,29,30,31,32,33,34,35,36,37,38,39,40,41,42,43,44,45,46,47,48,49,50,51,52,53,54,55,56,57,58,59,60,61,62,63,64,65,66,67,68,69,70,71,72,73,74,75,76,77,78,79,80,81,82,83,84,85,86,87,88,89,90,91,92,93,94,95,96,97,98,99]
CFO=-475.45427060134773,STO=5
EsN0dB=20.78,GRXdB=17,N0=0.0063095735386013985
packet_number=989,correct=True,payload=[0,1,2,3,4,5,6,7,8,9,10,11,12,13,14,15,16,17,18,19,20,21,22,23,24,25,26,27,28,29,30,31,32,33,34,35,36,37,38,39,40,41,42,43,44,45,46,47,48,49,50,51,52,53,54,55,56,57,58,59,60,61,62,63,64,65,66,67,68,69,70,71,72,73,74,75,76,77,78,79,80,81,82,83,84,85,86,87,88,89,90,91,92,93,94,95,96,97,98,99]
CFO=-358.1458308962153,STO=7
EsN0dB=20.79,GRXdB=17,N0=0.0063095735386013985
packet_number=990,correct=True,payload=[0,1,2,3,4,5,6,7,8,9,10,11,12,13,14,15,16,17,18,19,20,21,22,23,24,25,26,27,28,29,30,31,32,33,34,35,36,37,38,39,40,41,42,43,44,45,46,47,48,49,50,51,52,53,54,55,56,57,58,59,60,61,62,63,64,65,66,67,68,69,70,71,72,73,74,75,76,77,78,79,80,81,82,83,84,85,86,87,88,89,90,91,92,93,94,95,96,97,98,99]
CFO=-381.30411495668875,STO=3
EsN0dB=20.78,GRXdB=17,N0=0.0063095735386013985
packet_number=991,correct=True,payload=[0,1,2,3,4,5,6,7,8,9,10,11,12,13,14,15,16,17,18,19,20,21,22,23,24,25,26,27,28,29,30,31,32,33,34,35,36,37,38,39,40,41,42,43,44,45,46,47,48,49,50,51,52,53,54,55,56,57,58,59,60,61,62,63,64,65,66,67,68,69,70,71,72,73,74,75,76,77,78,79,80,81,82,83,84,85,86,87,88,89,90,91,92,93,94,95,96,97,98,99]
CFO=-408.18520785383845,STO=1
EsN0dB=20.78,GRXdB=17,N0=0.0063095735386013985
packet_number=992,correct=False,payload=[0,1,2,3,4,5,6,7,8,1,10,11,12,13,14,15,16,17,16,19,20,21,38,23,56,25,18,26,28,29,30,31,0,33,34,7,36,37,38,7,40,41,42,43,108,45,46,63,48,49,50,51,52,60,118,55,56,57,56,59,60,127,62,63,64,67,66,195,196,69,70,135,72,73,74,67,204,77,204,95,80,113,80,83,84,93,102,23,88,217,90,90,92,93,126,95,64,96,98,99]
CFO=-467.72589969751095,STO=3
EsN0dB=20.78,GRXdB=17,N0=0.0063095735386013985
packet_number=993,correct=True,payload=[0,1,2,3,4,5,6,7,8,9,10,11,12,13,14,15,16,17,18,19,20,21,22,23,24,25,26,27,28,29,30,31,32,33,34,35,36,37,38,39,40,41,42,43,44,45,46,47,48,49,50,51,52,53,54,55,56,57,58,59,60,61,62,63,64,65,66,67,68,69,70,71,72,73,74,75,76,77,78,79,80,81,82,83,84,85,86,87,88,89,90,91,92,93,94,95,96,97,98,99]
CFO=-456.26223944640526,STO=4
EsN0dB=20.81,GRXdB=17,N0=0.0063095735386013985
packet_number=994,correct=True,payload=[0,1,2,3,4,5,6,7,8,9,10,11,12,13,14,15,16,17,18,19,20,21,22,23,24,25,26,27,28,29,30,31,32,33,34,35,36,37,38,39,40,41,42,43,44,45,46,47,48,49,50,51,52,53,54,55,56,57,58,59,60,61,62,63,64,65,66,67,68,69,70,71,72,73,74,75,76,77,78,79,80,81,82,83,84,85,86,87,88,89,90,91,92,93,94,95,96,97,98,99]
CFO=1871.5490279506755,STO=1
EsN0dB=-37.21,GRXdB=17,N0=0.0063095735386013985
packet_number=995,correct=False,payload=[100,65,45,74,135,163,180,50,69,132,23,116,64,48,209,169,55,4,241,158,107,126,73,66,149,6,69,232,160,131,81,37,112,59,19,52,231,236,152,82,99,152,222,36,90,108,241,15,87,132,228,74,208,144,91,23,12,111,214,170,6,24,84,187,130,229,182,2,211,121,102,12,148,94,121,0,241,25,30,215,138,133,147,41,54,43,105,249,235,173,110,32,204,236,20,52,5,240,237,210]
CFO=-496.75681242287317,STO=0
EsN0dB=20.82,GRXdB=17,N0=0.0063095735386013985
packet_number=996,correct=True,payload=[0,1,2,3,4,5,6,7,8,9,10,11,12,13,14,15,16,17,18,19,20,21,22,23,24,25,26,27,28,29,30,31,32,33,34,35,36,37,38,39,40,41,42,43,44,45,46,47,48,49,50,51,52,53,54,55,56,57,58,59,60,61,62,63,64,65,66,67,68,69,70,71,72,73,74,75,76,77,78,79,80,81,82,83,84,85,86,87,88,89,90,91,92,93,94,95,96,97,98,99]
CFO=-365.8521459808572,STO=2
EsN0dB=20.75,GRXdB=17,N0=0.0063095735386013985
packet_number=997,correct=True,payload=[0,1,2,3,4,5,6,7,8,9,10,11,12,13,14,15,16,17,18,19,20,21,22,23,24,25,26,27,28,29,30,31,32,33,34,35,36,37,38,39,40,41,42,43,44,45,46,47,48,49,50,51,52,53,54,55,56,57,58,59,60,61,62,63,64,65,66,67,68,69,70,71,72,73,74,75,76,77,78,79,80,81,82,83,84,85,86,87,88,89,90,91,92,93,94,95,96,97,98,99]
CFO=-406.1114568859135,STO=3
EsN0dB=20.76,GRXdB=17,N0=0.0063095735386013985
packet_number=998,correct=True,payload=[0,1,2,3,4,5,6,7,8,9,10,11,12,13,14,15,16,17,18,19,20,21,22,23,24,25,26,27,28,29,30,31,32,33,34,35,36,37,38,39,40,41,42,43,44,45,46,47,48,49,50,51,52,53,54,55,56,57,58,59,60,61,62,63,64,65,66,67,68,69,70,71,72,73,74,75,76,77,78,79,80,81,82,83,84,85,86,87,88,89,90,91,92,93,94,95,96,97,98,99]
CFO=-483.41997872087506,STO=4
EsN0dB=20.81,GRXdB=17,N0=0.0063095735386013985
packet_number=999,correct=True,payload=[0,1,2,3,4,5,6,7,8,9,10,11,12,13,14,15,16,17,18,19,20,21,22,23,24,25,26,27,28,29,30,31,32,33,34,35,36,37,38,39,40,41,42,43,44,45,46,47,48,49,50,51,52,53,54,55,56,57,58,59,60,61,62,63,64,65,66,67,68,69,70,71,72,73,74,75,76,77,78,79,80,81,82,83,84,85,86,87,88,89,90,91,92,93,94,95,96,97,98,99]
CFO=-394.2792806557608,STO=4
EsN0dB=20.79,GRXdB=17,N0=0.0063095735386013985
packet_number=1000,correct=True,payload=[0,1,2,3,4,5,6,7,8,9,10,11,12,13,14,15,16,17,18,19,20,21,22,23,24,25,26,27,28,29,30,31,32,33,34,35,36,37,38,39,40,41,42,43,44,45,46,47,48,49,50,51,52,53,54,55,56,57,58,59,60,61,62,63,64,65,66,67,68,69,70,71,72,73,74,75,76,77,78,79,80,81,82,83,84,85,86,87,88,89,90,91,92,93,94,95,96,97,98,99]
CFO=-523.186442859649,STO=5
EsN0dB=20.80,GRXdB=17,N0=0.0063095735386013985
packet_number=1001,correct=True,payload=[0,1,2,3,4,5,6,7,8,9,10,11,12,13,14,15,16,17,18,19,20,21,22,23,24,25,26,27,28,29,30,31,32,33,34,35,36,37,38,39,40,41,42,43,44,45,46,47,48,49,50,51,52,53,54,55,56,57,58,59,60,61,62,63,64,65,66,67,68,69,70,71,72,73,74,75,76,77,78,79,80,81,82,83,84,85,86,87,88,89,90,91,92,93,94,95,96,97,98,99]
CFO=-471.14911699012407,STO=2
EsN0dB=20.79,GRXdB=17,N0=0.0063095735386013985
packet_number=1002,correct=True,payload=[0,1,2,3,4,5,6,7,8,9,10,11,12,13,14,15,16,17,18,19,20,21,22,23,24,25,26,27,28,29,30,31,32,33,34,35,36,37,38,39,40,41,42,43,44,45,46,47,48,49,50,51,52,53,54,55,56,57,58,59,60,61,62,63,64,65,66,67,68,69,70,71,72,73,74,75,76,77,78,79,80,81,82,83,84,85,86,87,88,89,90,91,92,93,94,95,96,97,98,99]
CFO=-337.7211047496605,STO=3
EsN0dB=20.73,GRXdB=17,N0=0.0063095735386013985
packet_number=1003,correct=True,payload=[0,1,2,3,4,5,6,7,8,9,10,11,12,13,14,15,16,17,18,19,20,21,22,23,24,25,26,27,28,29,30,31,32,33,34,35,36,37,38,39,40,41,42,43,44,45,46,47,48,49,50,51,52,53,54,55,56,57,58,59,60,61,62,63,64,65,66,67,68,69,70,71,72,73,74,75,76,77,78,79,80,81,82,83,84,85,86,87,88,89,90,91,92,93,94,95,96,97,98,99]
CFO=-499.3566124655458,STO=6
EsN0dB=20.79,GRXdB=17,N0=0.0063095735386013985
packet_number=1004,correct=True,payload=[0,1,2,3,4,5,6,7,8,9,10,11,12,13,14,15,16,17,18,19,20,21,22,23,24,25,26,27,28,29,30,31,32,33,34,35,36,37,38,39,40,41,42,43,44,45,46,47,48,49,50,51,52,53,54,55,56,57,58,59,60,61,62,63,64,65,66,67,68,69,70,71,72,73,74,75,76,77,78,79,80,81,82,83,84,85,86,87,88,89,90,91,92,93,94,95,96,97,98,99]
CFO=-452.65732844969926,STO=1
EsN0dB=20.78,GRXdB=17,N0=0.0063095735386013985
packet_number=1005,correct=True,payload=[0,1,2,3,4,5,6,7,8,9,10,11,12,13,14,15,16,17,18,19,20,21,22,23,24,25,26,27,28,29,30,31,32,33,34,35,36,37,38,39,40,41,42,43,44,45,46,47,48,49,50,51,52,53,54,55,56,57,58,59,60,61,62,63,64,65,66,67,68,69,70,71,72,73,74,75,76,77,78,79,80,81,82,83,84,85,86,87,88,89,90,91,92,93,94,95,96,97,98,99]
CFO=-269.7436766800269,STO=1
EsN0dB=20.77,GRXdB=17,N0=0.0063095735386013985
packet_number=1006,correct=False,payload=[0,0,0,7,0,0,14,6,16,11,14,3,28,9,28,30,16,34,20,34,0,23,38,30,48,17,52,31,60,59,30,31,0,66,36,98,72,32,12,110,64,56,100,66,124,89,28,15,48,50,54,114,32,114,100,127,48,120,116,50,120,124,62,63,128,66,192,3,204,140,76,79,136,89,30,214,88,24,14,95,144,130,50,214,56,232,196,159,48,176,152,82,220,218,124,222,64,96,66,71]
CFO=-460.14628699356626,STO=6
EsN0dB=20.80,GRXdB=17,N0=0.0063095735386013985
packet_number=1007,correct=True,payload=[0,1,2,3,4,5,6,7,8,9,10,11,12,13,14,15,16,17,18,19,20,21,22,23,24,25,26,27,28,29,30,31,32,33,34,35,36,37,38,39,40,41,42,43,44,45,46,47,48,49,50,51,52,53,54,55,56,57,58,59,60,61,62,63,64,65,66,67,68,69,70,71,72,73,74,75,76,77,78,79,80,81,82,83,84,85,86,87,88,89,90,91,92,93,94,95,96,97,98,99]
CFO=-372.9234965610177,STO=0
EsN0dB=20.76,GRXdB=17,N0=0.0063095735386013985
packet_number=1008,correct=True,payload=[0,1,2,3,4,5,6,7,8,9,10,11,12,13,14,15,16,17,18,19,20,21,22,23,24,25,26,27,28,29,30,31,32,33,34,35,36,37,38,39,40,41,42,43,44,45,46,47,48,49,50,51,52,53,54,55,56,57,58,59,60,61,62,63,64,65,66,67,68,69,70,71,72,73,74,75,76,77,78,79,80,81,82,83,84,85,86,87,88,89,90,91,92,93,94,95,96,97,98,99]
CFO=-379.043897452829,STO=4
EsN0dB=20.81,GRXdB=17,N0=0.0063095735386013985
packet_number=1009,correct=True,payload=[0,1,2,3,4,5,6,7,8,9,10,11,12,13,14,15,16,17,18,19,20,21,22,23,24,25,26,27,28,29,30,31,32,33,34,35,36,37,38,39,40,41,42,43,44,45,46,47,48,49,50,51,52,53,54,55,56,57,58,59,60,61,62,63,64,65,66,67,68,69,70,71,72,73,74,75,76,77,78,79,80,81,82,83,84,85,86,87,88,89,90,91,92,93,94,95,96,97,98,99]
CFO=-415.4657922671672,STO=1
EsN0dB=20.74,GRXdB=17,N0=0.0063095735386013985
packet_number=1010,correct=False,payload=[0,1,2,3,4,5,6,7,136,9,10,9,12,13,14,15,8,17,16,19,20,21,22,31,24,25,26,27,28,29,30,31,32,33,34,35,36,37,38,39,40,41,42,43,44,45,46,47,48,49,50,51,52,53,54,55,56,57,58,59,62,61,62,63,64,65,66,67,68,69,70,71,72,73,74,75,76,77,78,79,80,81,82,83,86,85,86,87,88,93,91,27,92,93,94,95,96,97,98,99]
CFO=-465.3597905455814,STO=6
EsN0dB=20.79,GRXdB=17,N0=0.0063095735386013985
packet_number=1011,correct=True,payload=[0,1,2,3,4,5,6,7,8,9,10,11,12,13,14,15,16,17,18,19,20,21,22,23,24,25,26,27,28,29,30,31,32,33,34,35,36,37,38,39,40,41,42,43,44,45,46,47,48,49,50,51,52,53,54,55,56,57,58,59,60,61,62,63,64,65,66,67,68,69,70,71,72,73,74,75,76,77,78,79,80,81,82,83,84,85,86,87,88,89,90,91,92,93,94,95,96,97,98,99]
CFO=-469.0321140864394,STO=3
EsN0dB=20.79,GRXdB=17,N0=0.0063095735386013985
packet_number=1012,correct=True,payload=[0,1,2,3,4,5,6,7,8,9,10,11,12,13,14,15,16,17,18,19,20,21,22,23,24,25,26,27,28,29,30,31,32,33,34,35,36,37,38,39,40,41,42,43,44,45,46,47,48,49,50,51,52,53,54,55,56,57,58,59,60,61,62,63,64,65,66,67,68,69,70,71,72,73,74,75,76,77,78,79,80,81,82,83,84,85,86,87,88,89,90,91,92,93,94,95,96,97,98,99]
CFO=-487.3610038009561,STO=5
EsN0dB=20.79,GRXdB=17,N0=0.0063095735386013985
packet_number=1013,correct=True,payload=[0,1,2,3,4,5,6,7,8,9,10,11,12,13,14,15,16,17,18,19,20,21,22,23,24,25,26,27,28,29,30,31,32,33,34,35,36,37,38,39,40,41,42,43,44,45,46,47,48,49,50,51,52,53,54,55,56,57,58,59,60,61,62,63,64,65,66,67,68,69,70,71,72,73,74,75,76,77,78,79,80,81,82,83,84,85,86,87,88,89,90,91,92,93,94,95,96,97,98,99]
CFO=-449.6420252325175,STO=4
EsN0dB=20.80,GRXdB=17,N0=0.0063095735386013985
packet_number=1014,correct=True,payload=[0,1,2,3,4,5,6,7,8,9,10,11,12,13,14,15,16,17,18,19,20,21,22,23,24,25,26,27,28,29,30,31,32,33,34,35,36,37,38,39,40,41,42,43,44,45,46,47,48,49,50,51,52,53,54,55,56,57,58,59,60,61,62,63,64,65,66,67,68,69,70,71,72,73,74,75,76,77,78,79,80,81,82,83,84,85,86,87,88,89,90,91,92,93,94,95,96,97,98,99]
CFO=-468.37592382047484,STO=1
EsN0dB=20.78,GRXdB=17,N0=0.0063095735386013985
packet_number=1015,correct=True,payload=[0,1,2,3,4,5,6,7,8,9,10,11,12,13,14,15,16,17,18,19,20,21,22,23,24,25,26,27,28,29,30,31,32,33,34,35,36,37,38,39,40,41,42,43,44,45,46,47,48,49,50,51,52,53,54,55,56,57,58,59,60,61,62,63,64,65,66,67,68,69,70,71,72,73,74,75,76,77,78,79,80,81,82,83,84,85,86,87,88,89,90,91,92,93,94,95,96,97,98,99]
CFO=-419.02875570451744,STO=4
EsN0dB=20.79,GRXdB=17,N0=0.0063095735386013985
packet_number=1016,correct=True,payload=[0,1,2,3,4,5,6,7,8,9,10,11,12,13,14,15,16,17,18,19,20,21,22,23,24,25,26,27,28,29,30,31,32,33,34,35,36,37,38,39,40,41,42,43,44,45,46,47,48,49,50,51,52,53,54,55,56,57,58,59,60,61,62,63,64,65,66,67,68,69,70,71,72,73,74,75,76,77,78,79,80,81,82,83,84,85,86,87,88,89,90,91,92,93,94,95,96,97,98,99]
CFO=-355.16278135011413,STO=4
EsN0dB=20.79,GRXdB=17,N0=0.0063095735386013985
packet_number=1017,correct=True,payload=[0,1,2,3,4,5,6,7,8,9,10,11,12,13,14,15,16,17,18,19,20,21,22,23,24,25,26,27,28,29,30,31,32,33,34,35,36,37,38,39,40,41,42,43,44,45,46,47,48,49,50,51,52,53,54,55,56,57,58,59,60,61,62,63,64,65,66,67,68,69,70,71,72,73,74,75,76,77,78,79,80,81,82,83,84,85,86,87,88,89,90,91,92,93,94,95,96,97,98,99]
CFO=143.9615335358474,STO=0
EsN0dB=nan,GRXdB=17,N0=0.0063095735386013985
packet_number=1018,correct=False,payload=[2,85,48,224,109,1,179,137,104,213,52,213,85,9,200,127,28,6,72,49,64,171,195,166,6,46,144,168,246,27,167,154,112,17,125,138,5,7,242,59,112,23,194,135,248,105,13,63,50,13,190,119,18,116,90,40,228,99,106,143,166,216,138,78,82,77,5,134,76,34,89,116,83,106,43,235,16,14,139,235,106,46,82,177,174,193,116,187,145,113,14,183,130,65,6,51,118,234,23,15]
CFO=-485.463284357734,STO=5
EsN0dB=20.77,GRXdB=17,N0=0.0063095735386013985
packet_number=1019,correct=True,payload=[0,1,2,3,4,5,6,7,8,9,10,11,12,13,14,15,16,17,18,19,20,21,22,23,24,25,26,27,28,29,30,31,32,33,34,35,36,37,38,39,40,41,42,43,44,45,46,47,48,49,50,51,52,53,54,55,56,57,58,59,60,61,62,63,64,65,66,67,68,69,70,71,72,73,74,75,76,77,78,79,80,81,82,83,84,85,86,87,88,89,90,91,92,93,94,95,96,97,98,99]
CFO=-462.795356890408,STO=1
EsN0dB=20.79,GRXdB=17,N0=0.0063095735386013985
packet_number=1020,correct=True,payload=[0,1,2,3,4,5,6,7,8,9,10,11,12,13,14,15,16,17,18,19,20,21,22,23,24,25,26,27,28,29,30,31,32,33,34,35,36,37,38,39,40,41,42,43,44,45,46,47,48,49,50,51,52,53,54,55,56,57,58,59,60,61,62,63,64,65,66,67,68,69,70,71,72,73,74,75,76,77,78,79,80,81,82,83,84,85,86,87,88,89,90,91,92,93,94,95,96,97,98,99]
CFO=-418.6655758107595,STO=3
EsN0dB=20.80,GRXdB=17,N0=0.0063095735386013985
packet_number=1021,correct=True,payload=[0,1,2,3,4,5,6,7,8,9,10,11,12,13,14,15,16,17,18,19,20,21,22,23,24,25,26,27,28,29,30,31,32,33,34,35,36,37,38,39,40,41,42,43,44,45,46,47,48,49,50,51,52,53,54,55,56,57,58,59,60,61,62,63,64,65,66,67,68,69,70,71,72,73,74,75,76,77,78,79,80,81,82,83,84,85,86,87,88,89,90,91,92,93,94,95,96,97,98,99]
CFO=-511.7749873096214,STO=4
EsN0dB=20.76,GRXdB=17,N0=0.0063095735386013985
packet_number=1022,correct=True,payload=[0,1,2,3,4,5,6,7,8,9,10,11,12,13,14,15,16,17,18,19,20,21,22,23,24,25,26,27,28,29,30,31,32,33,34,35,36,37,38,39,40,41,42,43,44,45,46,47,48,49,50,51,52,53,54,55,56,57,58,59,60,61,62,63,64,65,66,67,68,69,70,71,72,73,74,75,76,77,78,79,80,81,82,83,84,85,86,87,88,89,90,91,92,93,94,95,96,97,98,99]
CFO=-503.05760264237335,STO=6
EsN0dB=20.78,GRXdB=17,N0=0.0063095735386013985
packet_number=1023,correct=True,payload=[0,1,2,3,4,5,6,7,8,9,10,11,12,13,14,15,16,17,18,19,20,21,22,23,24,25,26,27,28,29,30,31,32,33,34,35,36,37,38,39,40,41,42,43,44,45,46,47,48,49,50,51,52,53,54,55,56,57,58,59,60,61,62,63,64,65,66,67,68,69,70,71,72,73,74,75,76,77,78,79,80,81,82,83,84,85,86,87,88,89,90,91,92,93,94,95,96,97,98,99]
CFO=-442.2903819500893,STO=3
EsN0dB=20.77,GRXdB=17,N0=0.0063095735386013985
packet_number=1024,correct=True,payload=[0,1,2,3,4,5,6,7,8,9,10,11,12,13,14,15,16,17,18,19,20,21,22,23,24,25,26,27,28,29,30,31,32,33,34,35,36,37,38,39,40,41,42,43,44,45,46,47,48,49,50,51,52,53,54,55,56,57,58,59,60,61,62,63,64,65,66,67,68,69,70,71,72,73,74,75,76,77,78,79,80,81,82,83,84,85,86,87,88,89,90,91,92,93,94,95,96,97,98,99]
CFO=-385.32494415675967,STO=5
EsN0dB=20.77,GRXdB=17,N0=0.0063095735386013985
packet_number=1025,correct=True,payload=[0,1,2,3,4,5,6,7,8,9,10,11,12,13,14,15,16,17,18,19,20,21,22,23,24,25,26,27,28,29,30,31,32,33,34,35,36,37,38,39,40,41,42,43,44,45,46,47,48,49,50,51,52,53,54,55,56,57,58,59,60,61,62,63,64,65,66,67,68,69,70,71,72,73,74,75,76,77,78,79,80,81,82,83,84,85,86,87,88,89,90,91,92,93,94,95,96,97,98,99]
CFO=-484.7520731234555,STO=4
EsN0dB=20.77,GRXdB=17,N0=0.0063095735386013985
packet_number=1026,correct=True,payload=[0,1,2,3,4,5,6,7,8,9,10,11,12,13,14,15,16,17,18,19,20,21,22,23,24,25,26,27,28,29,30,31,32,33,34,35,36,37,38,39,40,41,42,43,44,45,46,47,48,49,50,51,52,53,54,55,56,57,58,59,60,61,62,63,64,65,66,67,68,69,70,71,72,73,74,75,76,77,78,79,80,81,82,83,84,85,86,87,88,89,90,91,92,93,94,95,96,97,98,99]
CFO=-308.90390224012566,STO=4
EsN0dB=20.76,GRXdB=17,N0=0.0063095735386013985
packet_number=1027,correct=True,payload=[0,1,2,3,4,5,6,7,8,9,10,11,12,13,14,15,16,17,18,19,20,21,22,23,24,25,26,27,28,29,30,31,32,33,34,35,36,37,38,39,40,41,42,43,44,45,46,47,48,49,50,51,52,53,54,55,56,57,58,59,60,61,62,63,64,65,66,67,68,69,70,71,72,73,74,75,76,77,78,79,80,81,82,83,84,85,86,87,88,89,90,91,92,93,94,95,96,97,98,99]
CFO=-377.57890488163247,STO=4
EsN0dB=20.78,GRXdB=17,N0=0.0063095735386013985
packet_number=1028,correct=True,payload=[0,1,2,3,4,5,6,7,8,9,10,11,12,13,14,15,16,17,18,19,20,21,22,23,24,25,26,27,28,29,30,31,32,33,34,35,36,37,38,39,40,41,42,43,44,45,46,47,48,49,50,51,52,53,54,55,56,57,58,59,60,61,62,63,64,65,66,67,68,69,70,71,72,73,74,75,76,77,78,79,80,81,82,83,84,85,86,87,88,89,90,91,92,93,94,95,96,97,98,99]
CFO=-404.6807041953218,STO=6
EsN0dB=20.78,GRXdB=17,N0=0.0063095735386013985
packet_number=1029,correct=True,payload=[0,1,2,3,4,5,6,7,8,9,10,11,12,13,14,15,16,17,18,19,20,21,22,23,24,25,26,27,28,29,30,31,32,33,34,35,36,37,38,39,40,41,42,43,44,45,46,47,48,49,50,51,52,53,54,55,56,57,58,59,60,61,62,63,64,65,66,67,68,69,70,71,72,73,74,75,76,77,78,79,80,81,82,83,84,85,86,87,88,89,90,91,92,93,94,95,96,97,98,99]
CFO=-478.0508689928469,STO=2
EsN0dB=20.74,GRXdB=17,N0=0.0063095735386013985
packet_number=1030,correct=True,payload=[0,1,2,3,4,5,6,7,8,9,10,11,12,13,14,15,16,17,18,19,20,21,22,23,24,25,26,27,28,29,30,31,32,33,34,35,36,37,38,39,40,41,42,43,44,45,46,47,48,49,50,51,52,53,54,55,56,57,58,59,60,61,62,63,64,65,66,67,68,69,70,71,72,73,74,75,76,77,78,79,80,81,82,83,84,85,86,87,88,89,90,91,92,93,94,95,96,97,98,99]
CFO=-383.7255118811967,STO=4
EsN0dB=20.77,GRXdB=17,N0=0.0063095735386013985
packet_number=1031,correct=True,payload=[0,1,2,3,4,5,6,7,8,9,10,11,12,13,14,15,16,17,18,19,20,21,22,23,24,25,26,27,28,29,30,31,32,33,34,35,36,37,38,39,40,41,42,43,44,45,46,47,48,49,50,51,52,53,54,55,56,57,58,59,60,61,62,63,64,65,66,67,68,69,70,71,72,73,74,75,76,77,78,79,80,81,82,83,84,85,86,87,88,89,90,91,92,93,94,95,96,97,98,99]
CFO=-368.64099166735434,STO=1
EsN0dB=20.79,GRXdB=17,N0=0.0063095735386013985
packet_number=1032,correct=True,payload=[0,1,2,3,4,5,6,7,8,9,10,11,12,13,14,15,16,17,18,19,20,21,22,23,24,25,26,27,28,29,30,31,32,33,34,35,36,37,38,39,40,41,42,43,44,45,46,47,48,49,50,51,52,53,54,55,56,57,58,59,60,61,62,63,64,65,66,67,68,69,70,71,72,73,74,75,76,77,78,79,80,81,82,83,84,85,86,87,88,89,90,91,92,93,94,95,96,97,98,99]
CFO=-227.47528519625735,STO=1
EsN0dB=-18.81,GRXdB=17,N0=0.0063095735386013985
packet_number=1033,correct=False,payload=[171,0,230,6,182,96,239,16,143,66,48,32,171,189,255,6,180,135,253,141,185,117,34,128,209,35,117,203,134,186,107,43,205,139,149,193,107,144,87,108,20,205,54,52,111,152,8,160,204,93,82,139,41,154,83,210,211,107,23,32,186,98,150,48,189,103,46,79,27,21,169,233,181,115,81,27,192,144,146,105,89,104,184,130,1,26,49,79,164,225,190,76,148,249,216,171,109,239,26,56]
CFO=-439.82134564191716,STO=4
EsN0dB=20.79,GRXdB=17,N0=0.0063095735386013985
packet_number=1034,correct=True,payload=[0,1,2,3,4,5,6,7,8,9,10,11,12,13,14,15,16,17,18,19,20,21,22,23,24,25,26,27,28,29,30,31,32,33,34,35,36,37,38,39,40,41,42,43,44,45,46,47,48,49,50,51,52,53,54,55,56,57,58,59,60,61,62,63,64,65,66,67,68,69,70,71,72,73,74,75,76,77,78,79,80,81,82,83,84,85,86,87,88,89,90,91,92,93,94,95,96,97,98,99]
CFO=-387.56325406601593,STO=4
EsN0dB=20.78,GRXdB=17,N0=0.0063095735386013985
packet_number=1035,correct=True,payload=[0,1,2,3,4,5,6,7,8,9,10,11,12,13,14,15,16,17,18,19,20,21,22,23,24,25,26,27,28,29,30,31,32,33,34,35,36,37,38,39,40,41,42,43,44,45,46,47,48,49,50,51,52,53,54,55,56,57,58,59,60,61,62,63,64,65,66,67,68,69,70,71,72,73,74,75,76,77,78,79,80,81,82,83,84,85,86,87,88,89,90,91,92,93,94,95,96,97,98,99]
CFO=-447.9394879312024,STO=4
EsN0dB=20.79,GRXdB=17,N0=0.0063095735386013985
packet_number=1036,correct=True,payload=[0,1,2,3,4,5,6,7,8,9,10,11,12,13,14,15,16,17,18,19,20,21,22,23,24,25,26,27,28,29,30,31,32,33,34,35,36,37,38,39,40,41,42,43,44,45,46,47,48,49,50,51,52,53,54,55,56,57,58,59,60,61,62,63,64,65,66,67,68,69,70,71,72,73,74,75,76,77,78,79,80,81,82,83,84,85,86,87,88,89,90,91,92,93,94,95,96,97,98,99]
CFO=-412.9942361409419,STO=1
EsN0dB=20.78,GRXdB=17,N0=0.0063095735386013985
packet_number=1037,correct=True,payload=[0,1,2,3,4,5,6,7,8,9,10,11,12,13,14,15,16,17,18,19,20,21,22,23,24,25,26,27,28,29,30,31,32,33,34,35,36,37,38,39,40,41,42,43,44,45,46,47,48,49,50,51,52,53,54,55,56,57,58,59,60,61,62,63,64,65,66,67,68,69,70,71,72,73,74,75,76,77,78,79,80,81,82,83,84,85,86,87,88,89,90,91,92,93,94,95,96,97,98,99]
CFO=-490.43034970414885,STO=4
EsN0dB=20.81,GRXdB=17,N0=0.0063095735386013985
packet_number=1038,correct=True,payload=[0,1,2,3,4,5,6,7,8,9,10,11,12,13,14,15,16,17,18,19,20,21,22,23,24,25,26,27,28,29,30,31,32,33,34,35,36,37,38,39,40,41,42,43,44,45,46,47,48,49,50,51,52,53,54,55,56,57,58,59,60,61,62,63,64,65,66,67,68,69,70,71,72,73,74,75,76,77,78,79,80,81,82,83,84,85,86,87,88,89,90,91,92,93,94,95,96,97,98,99]
CFO=-439.64279429916115,STO=5
EsN0dB=20.79,GRXdB=17,N0=0.0063095735386013985
packet_number=1039,correct=True,payload=[0,1,2,3,4,5,6,7,8,9,10,11,12,13,14,15,16,17,18,19,20,21,22,23,24,25,26,27,28,29,30,31,32,33,34,35,36,37,38,39,40,41,42,43,44,45,46,47,48,49,50,51,52,53,54,55,56,57,58,59,60,61,62,63,64,65,66,67,68,69,70,71,72,73,74,75,76,77,78,79,80,81,82,83,84,85,86,87,88,89,90,91,92,93,94,95,96,97,98,99]
CFO=-371.17219336914417,STO=3
EsN0dB=20.73,GRXdB=17,N0=0.0063095735386013985
packet_number=1040,correct=True,payload=[0,1,2,3,4,5,6,7,8,9,10,11,12,13,14,15,16,17,18,19,20,21,22,23,24,25,26,27,28,29,30,31,32,33,34,35,36,37,38,39,40,41,42,43,44,45,46,47,48,49,50,51,52,53,54,55,56,57,58,59,60,61,62,63,64,65,66,67,68,69,70,71,72,73,74,75,76,77,78,79,80,81,82,83,84,85,86,87,88,89,90,91,92,93,94,95,96,97,98,99]
CFO=-410.94153306499055,STO=0
EsN0dB=20.80,GRXdB=17,N0=0.0063095735386013985
packet_number=1041,correct=False,payload=[0,1,2,3,4,5,6,7,8,9,8,3,12,13,14,15,16,17,18,19,20,21,23,23,24,25,26,31,28,29,158,31,32,33,162,35,36,37,6,39,32,41,42,43,44,45,46,47,16,49,58,51,52,53,22,51,56,57,26,59,60,60,62,63,64,65,66,67,64,69,70,39,64,73,66,75,76,77,78,79,80,81,83,83,84,82,86,87,88,121,90,91,92,93,94,95,96,33,98,99]
CFO=-454.90195272654756,STO=4
EsN0dB=20.80,GRXdB=17,N0=0.0063095735386013985
packet_number=1042,correct=True,payload=[0,1,2,3,4,5,6,7,8,9,10,11,12,13,14,15,16,17,18,19,20,21,22,23,24,25,26,27,28,29,30,31,32,33,34,35,36,37,38,39,40,41,42,43,44,45,46,47,48,49,50,51,52,53,54,55,56,57,58,59,60,61,62,63,64,65,66,67,68,69,70,71,72,73,74,75,76,77,78,79,80,81,82,83,84,85,86,87,88,89,90,91,92,93,94,95,96,97,98,99]
CFO=-495.9746905440865,STO=1
EsN0dB=20.75,GRXdB=17,N0=0.0063095735386013985
packet_number=1043,correct=True,payload=[0,1,2,3,4,5,6,7,8,9,10,11,12,13,14,15,16,17,18,19,20,21,22,23,24,25,26,27,28,29,30,31,32,33,34,35,36,37,38,39,40,41,42,43,44,45,46,47,48,49,50,51,52,53,54,55,56,57,58,59,60,61,62,63,64,65,66,67,68,69,70,71,72,73,74,75,76,77,78,79,80,81,82,83,84,85,86,87,88,89,90,91,92,93,94,95,96,97,98,99]
CFO=-361.56839600062636,STO=5
EsN0dB=20.80,GRXdB=17,N0=0.0063095735386013985
packet_number=1044,correct=True,payload=[0,1,2,3,4,5,6,7,8,9,10,11,12,13,14,15,16,17,18,19,20,21,22,23,24,25,26,27,28,29,30,31,32,33,34,35,36,37,38,39,40,41,42,43,44,45,46,47,48,49,50,51,52,53,54,55,56,57,58,59,60,61,62,63,64,65,66,67,68,69,70,71,72,73,74,75,76,77,78,79,80,81,82,83,84,85,86,87,88,89,90,91,92,93,94,95,96,97,98,99]
CFO=-363.7411906405001,STO=5
EsN0dB=20.80,GRXdB=17,N0=0.0063095735386013985
packet_number=1045,correct=True,payload=[0,1,2,3,4,5,6,7,8,9,10,11,12,13,14,15,16,17,18,19,20,21,22,23,24,25,26,27,28,29,30,31,32,33,34,35,36,37,38,39,40,41,42,43,44,45,46,47,48,49,50,51,52,53,54,55,56,57,58,59,60,61,62,63,64,65,66,67,68,69,70,71,72,73,74,75,76,77,78,79,80,81,82,83,84,85,86,87,88,89,90,91,92,93,94,95,96,97,98,99]
CFO=-452.67879137052864,STO=4
EsN0dB=20.77,GRXdB=17,N0=0.0063095735386013985
packet_number=1046,correct=True,payload=[0,1,2,3,4,5,6,7,8,9,10,11,12,13,14,15,16,17,18,19,20,21,22,23,24,25,26,27,28,29,30,31,32,33,34,35,36,37,38,39,40,41,42,43,44,45,46,47,48,49,50,51,52,53,54,55,56,57,58,59,60,61,62,63,64,65,66,67,68,69,70,71,72,73,74,75,76,77,78,79,80,81,82,83,84,85,86,87,88,89,90,91,92,93,94,95,96,97,98,99]
CFO=-465.3262621430151,STO=2
EsN0dB=20.77,GRXdB=17,N0=0.0063095735386013985
packet_number=1047,correct=True,payload=[0,1,2,3,4,5,6,7,8,9,10,11,12,13,14,15,16,17,18,19,20,21,22,23,24,25,26,27,28,29,30,31,32,33,34,35,36,37,38,39,40,41,42,43,44,45,46,47,48,49,50,51,52,53,54,55,56,57,58,59,60,61,62,63,64,65,66,67,68,69,70,71,72,73,74,75,76,77,78,79,80,81,82,83,84,85,86,87,88,89,90,91,92,93,94,95,96,97,98,99]
CFO=-421.66617514847803,STO=3
EsN0dB=20.75,GRXdB=17,N0=0.0063095735386013985
packet_number=1048,correct=True,payload=[0,1,2,3,4,5,6,7,8,9,10,11,12,13,14,15,16,17,18,19,20,21,22,23,24,25,26,27,28,29,30,31,32,33,34,35,36,37,38,39,40,41,42,43,44,45,46,47,48,49,50,51,52,53,54,55,56,57,58,59,60,61,62,63,64,65,66,67,68,69,70,71,72,73,74,75,76,77,78,79,80,81,82,83,84,85,86,87,88,89,90,91,92,93,94,95,96,97,98,99]
CFO=-387.65524224741586,STO=3
EsN0dB=20.77,GRXdB=17,N0=0.0063095735386013985
packet_number=1049,correct=False,payload=[0,1,2,3,4,5,6,7,8,9,10,11,12,13,14,15,16,17,19,19,28,21,22,23,24,24,26,27,28,29,14,31,32,33,0,3,36,37,38,39,56,41,170,43,44,45,46,47,48,49,50,51,52,52,54,55,56,57,59,57,60,61,62,63,64,97,66,67,68,69,70,103,72,73,74,75,76,77,78,71,80,81,82,83,84,87,86,87,88,89,90,91,92,93,94,95,96,97,98,99]
CFO=-499.2647725087372,STO=4
EsN0dB=20.75,GRXdB=17,N0=0.0063095735386013985
packet_number=1050,correct=True,payload=[0,1,2,3,4,5,6,7,8,9,10,11,12,13,14,15,16,17,18,19,20,21,22,23,24,25,26,27,28,29,30,31,32,33,34,35,36,37,38,39,40,41,42,43,44,45,46,47,48,49,50,51,52,53,54,55,56,57,58,59,60,61,62,63,64,65,66,67,68,69,70,71,72,73,74,75,76,77,78,79,80,81,82,83,84,85,86,87,88,89,90,91,92,93,94,95,96,97,98,99]
CFO=-337.7832997881965,STO=2
EsN0dB=20.80,GRXdB=17,N0=0.0063095735386013985
packet_number=1051,correct=True,payload=[0,1,2,3,4,5,6,7,8,9,10,11,12,13,14,15,16,17,18,19,20,21,22,23,24,25,26,27,28,29,30,31,32,33,34,35,36,37,38,39,40,41,42,43,44,45,46,47,48,49,50,51,52,53,54,55,56,57,58,59,60,61,62,63,64,65,66,67,68,69,70,71,72,73,74,75,76,77,78,79,80,81,82,83,84,85,86,87,88,89,90,91,92,93,94,95,96,97,98,99]
CFO=-389.28354867337634,STO=3
EsN0dB=20.76,GRXdB=17,N0=0.0063095735386013985
packet_number=1052,correct=True,payload=[0,1,2,3,4,5,6,7,8,9,10,11,12,13,14,15,16,17,18,19,20,21,22,23,24,25,26,27,28,29,30,31,32,33,34,35,36,37,38,39,40,41,42,43,44,45,46,47,48,49,50,51,52,53,54,55,56,57,58,59,60,61,62,63,64,65,66,67,68,69,70,71,72,73,74,75,76,77,78,79,80,81,82,83,84,85,86,87,88,89,90,91,92,93,94,95,96,97,98,99]
CFO=-465.6000329632628,STO=2
EsN0dB=20.77,GRXdB=17,N0=0.0063095735386013985
packet_number=1053,correct=True,payload=[0,1,2,3,4,5,6,7,8,9,10,11,12,13,14,15,16,17,18,19,20,21,22,23,24,25,26,27,28,29,30,31,32,33,34,35,36,37,38,39,40,41,42,43,44,45,46,47,48,49,50,51,52,53,54,55,56,57,58,59,60,61,62,63,64,65,66,67,68,69,70,71,72,73,74,75,76,77,78,79,80,81,82,83,84,85,86,87,88,89,90,91,92,93,94,95,96,97,98,99]
CFO=-441.2293310352755,STO=4
EsN0dB=20.79,GRXdB=17,N0=0.0063095735386013985
packet_number=1054,correct=True,payload=[0,1,2,3,4,5,6,7,8,9,10,11,12,13,14,15,16,17,18,19,20,21,22,23,24,25,26,27,28,29,30,31,32,33,34,35,36,37,38,39,40,41,42,43,44,45,46,47,48,49,50,51,52,53,54,55,56,57,58,59,60,61,62,63,64,65,66,67,68,69,70,71,72,73,74,75,76,77,78,79,80,81,82,83,84,85,86,87,88,89,90,91,92,93,94,95,96,97,98,99]
CFO=-444.1298787738239,STO=3
EsN0dB=20.77,GRXdB=17,N0=0.0063095735386013985
packet_number=1055,correct=True,payload=[0,1,2,3,4,5,6,7,8,9,10,11,12,13,14,15,16,17,18,19,20,21,22,23,24,25,26,27,28,29,30,31,32,33,34,35,36,37,38,39,40,41,42,43,44,45,46,47,48,49,50,51,52,53,54,55,56,57,58,59,60,61,62,63,64,65,66,67,68,69,70,71,72,73,74,75,76,77,78,79,80,81,82,83,84,85,86,87,88,89,90,91,92,93,94,95,96,97,98,99]
CFO=-489.65208166473764,STO=7
EsN0dB=20.80,GRXdB=17,N0=0.0063095735386013985
packet_number=1056,correct=True,payload=[0,1,2,3,4,5,6,7,8,9,10,11,12,13,14,15,16,17,18,19,20,21,22,23,24,25,26,27,28,29,30,31,32,33,34,35,36,37,38,39,40,41,42,43,44,45,46,47,48,49,50,51,52,53,54,55,56,57,58,59,60,61,62,63,64,65,66,67,68,69,70,71,72,73,74,75,76,77,78,79,80,81,82,83,84,85,86,87,88,89,90,91,92,93,94,95,96,97,98,99]
CFO=-360.3225683102193,STO=2
EsN0dB=20.79,GRXdB=17,N0=0.0063095735386013985
packet_number=1057,correct=True,payload=[0,1,2,3,4,5,6,7,8,9,10,11,12,13,14,15,16,17,18,19,20,21,22,23,24,25,26,27,28,29,30,31,32,33,34,35,36,37,38,39,40,41,42,43,44,45,46,47,48,49,50,51,52,53,54,55,56,57,58,59,60,61,62,63,64,65,66,67,68,69,70,71,72,73,74,75,76,77,78,79,80,81,82,83,84,85,86,87,88,89,90,91,92,93,94,95,96,97,98,99]
CFO=-381.2172257012317,STO=3
EsN0dB=20.76,GRXdB=17,N0=0.0063095735386013985
packet_number=1058,correct=True,payload=[0,1,2,3,4,5,6,7,8,9,10,11,12,13,14,15,16,17,18,19,20,21,22,23,24,25,26,27,28,29,30,31,32,33,34,35,36,37,38,39,40,41,42,43,44,45,46,47,48,49,50,51,52,53,54,55,56,57,58,59,60,61,62,63,64,65,66,67,68,69,70,71,72,73,74,75,76,77,78,79,80,81,82,83,84,85,86,87,88,89,90,91,92,93,94,95,96,97,98,99]
CFO=-504.05841508325716,STO=4
EsN0dB=20.80,GRXdB=17,N0=0.0063095735386013985
packet_number=1059,correct=True,payload=[0,1,2,3,4,5,6,7,8,9,10,11,12,13,14,15,16,17,18,19,20,21,22,23,24,25,26,27,28,29,30,31,32,33,34,35,36,37,38,39,40,41,42,43,44,45,46,47,48,49,50,51,52,53,54,55,56,57,58,59,60,61,62,63,64,65,66,67,68,69,70,71,72,73,74,75,76,77,78,79,80,81,82,83,84,85,86,87,88,89,90,91,92,93,94,95,96,97,98,99]
CFO=-469.64333301138436,STO=4
EsN0dB=20.83,GRXdB=17,N0=0.0063095735386013985
packet_number=1060,correct=True,payload=[0,1,2,3,4,5,6,7,8,9,10,11,12,13,14,15,16,17,18,19,20,21,22,23,24,25,26,27,28,29,30,31,32,33,34,35,36,37,38,39,40,41,42,43,44,45,46,47,48,49,50,51,52,53,54,55,56,57,58,59,60,61,62,63,64,65,66,67,68,69,70,71,72,73,74,75,76,77,78,79,80,81,82,83,84,85,86,87,88,89,90,91,92,93,94,95,96,97,98,99]
CFO=-427.6405748177966,STO=2
EsN0dB=20.77,GRXdB=17,N0=0.0063095735386013985
packet_number=1061,correct=True,payload=[0,1,2,3,4,5,6,7,8,9,10,11,12,13,14,15,16,17,18,19,20,21,22,23,24,25,26,27,28,29,30,31,32,33,34,35,36,37,38,39,40,41,42,43,44,45,46,47,48,49,50,51,52,53,54,55,56,57,58,59,60,61,62,63,64,65,66,67,68,69,70,71,72,73,74,75,76,77,78,79,80,81,82,83,84,85,86,87,88,89,90,91,92,93,94,95,96,97,98,99]
CFO=-433.7579815728624,STO=6
EsN0dB=20.82,GRXdB=17,N0=0.0063095735386013985
packet_number=1062,correct=True,payload=[0,1,2,3,4,5,6,7,8,9,10,11,12,13,14,15,16,17,18,19,20,21,22,23,24,25,26,27,28,29,30,31,32,33,34,35,36,37,38,39,40,41,42,43,44,45,46,47,48,49,50,51,52,53,54,55,56,57,58,59,60,61,62,63,64,65,66,67,68,69,70,71,72,73,74,75,76,77,78,79,80,81,82,83,84,85,86,87,88,89,90,91,92,93,94,95,96,97,98,99]
CFO=-434.78995082285076,STO=4
EsN0dB=20.77,GRXdB=17,N0=0.0063095735386013985
packet_number=1063,correct=False,payload=[0,1,130,1,4,5,6,7,8,8,11,3,142,13,14,15,16,17,146,17,28,17,19,23,152,28,26,27,12,29,30,31,160,32,2,51,6,37,162,55,44,41,174,59,46,45,46,15,48,17,51,51,52,53,182,55,56,61,58,61,60,61,31,63,64,64,66,67,66,65,70,67,72,73,74,75,76,79,79,15,80,17,82,91,96,85,86,83,88,89,216,123,92,95,46,95,96,33,98,99]
CFO=-372.28541934011776,STO=5
EsN0dB=20.82,GRXdB=17,N0=0.0063095735386013985
packet_number=1064,correct=True,payload=[0,1,2,3,4,5,6,7,8,9,10,11,12,13,14,15,16,17,18,19,20,21,22,23,24,25,26,27,28,29,30,31,32,33,34,35,36,37,38,39,40,41,42,43,44,45,46,47,48,49,50,51,52,53,54,55,56,57,58,59,60,61,62,63,64,65,66,67,68,69,70,71,72,73,74,75,76,77,78,79,80,81,82,83,84,85,86,87,88,89,90,91,92,93,94,95,96,97,98,99]
CFO=-476.2813934660722,STO=3
EsN0dB=20.79,GRXdB=17,N0=0.0063095735386013985
packet_number=1065,correct=False,payload=[128,0,1,0,130,2,131,1,132,4,197,7,134,6,131,7,136,8,132,13,133,3,75,11,140,12,141,13,142,14,135,7,144,16,145,16,210,25,155,11,208,12,213,21,158,22,215,19,152,24,157,25,218,26,139,27,156,28,13,14,143,30,159,31,224,32,49,49,242,34,243,35,164,36,165,33,166,54,167,7,164,8,33,40,235,14,175,45,172,20,189,46,175,38,239,47,152,48,177,57]
CFO=-513.3534013381291,STO=2
EsN0dB=nan,GRXdB=17,N0=0.0063095735386013985
packet_number=1066,correct=False,payload=[9,178,77,77,44,174,66,248,71,12,159,224,17,178,112,28,143,222,244,14,22,181,90,32,146,108,194,96,196,115,67,76,254,213,47,156,16,105,17,36,84,255,159,234,57,3,40,145,235,241,252,160,182,189,196,237,15,34,250,197,178,6,73,251,120,15,151,242,250,97,68,102,155,175,248,244,158,113,52,178,70,192,86,81,214,164,3,33,236,168,143,56,44,202,80,119,240,88,206,186]
CFO=-344.43022407344785,STO=4
EsN0dB=20.79,GRXdB=17,N0=0.0063095735386013985
packet_number=1067,correct=True,payload=[0,1,2,3,4,5,6,7,8,9,10,11,12,13,14,15,16,17,18,19,20,21,22,23,24,25,26,27,28,29,30,31,32,33,34,35,36,37,38,39,40,41,42,43,44,45,46,47,48,49,50,51,52,53,54,55,56,57,58,59,60,61,62,63,64,65,66,67,68,69,70,71,72,73,74,75,76,77,78,79,80,81,82,83,84,85,86,87,88,89,90,91,92,93,94,95,96,97,98,99]
CFO=-443.6780902193491,STO=2
EsN0dB=20.77,GRXdB=17,N0=0.0063095735386013985
packet_number=1068,correct=False,payload=[0,1,2,3,4,5,6,7,8,9,10,11,12,13,14,15,16,17,18,19,20,21,22,23,24,25,26,27,28,29,30,31,0,33,34,35,36,37,38,39,40,41,42,43,44,45,46,47,48,49,50,51,52,53,54,55,56,57,58,59,60,61,62,63,64,65,66,67,68,69,70,71,72,73,74,75,76,77,78,79,80,81,82,83,84,85,86,87,88,89,90,91,92,93,94,95,96,97,98,99]
CFO=-490.3908626730097,STO=2
EsN0dB=20.78,GRXdB=17,N0=0.0063095735386013985
packet_number=1069,correct=True,payload=[0,1,2,3,4,5,6,7,8,9,10,11,12,13,14,15,16,17,18,19,20,21,22,23,24,25,26,27,28,29,30,31,32,33,34,35,36,37,38,39,40,41,42,43,44,45,46,47,48,49,50,51,52,53,54,55,56,57,58,59,60,61,62,63,64,65,66,67,68,69,70,71,72,73,74,75,76,77,78,79,80,81,82,83,84,85,86,87,88,89,90,91,92,93,94,95,96,97,98,99]
CFO=-471.4978894536015,STO=4
EsN0dB=20.80,GRXdB=17,N0=0.0063095735386013985
packet_number=1070,correct=True,payload=[0,1,2,3,4,5,6,7,8,9,10,11,12,13,14,15,16,17,18,19,20,21,22,23,24,25,26,27,28,29,30,31,32,33,34,35,36,37,38,39,40,41,42,43,44,45,46,47,48,49,50,51,52,53,54,55,56,57,58,59,60,61,62,63,64,65,66,67,68,69,70,71,72,73,74,75,76,77,78,79,80,81,82,83,84,85,86,87,88,89,90,91,92,93,94,95,96,97,98,99]
CFO=-469.9784391675381,STO=5
EsN0dB=20.80,GRXdB=17,N0=0.0063095735386013985
packet_number=1071,correct=True,payload=[0,1,2,3,4,5,6,7,8,9,10,11,12,13,14,15,16,17,18,19,20,21,22,23,24,25,26,27,28,29,30,31,32,33,34,35,36,37,38,39,40,41,42,43,44,45,46,47,48,49,50,51,52,53,54,55,56,57,58,59,60,61,62,63,64,65,66,67,68,69,70,71,72,73,74,75,76,77,78,79,80,81,82,83,84,85,86,87,88,89,90,91,92,93,94,95,96,97,98,99]
CFO=-525.4624018151115,STO=7
EsN0dB=20.78,GRXdB=17,N0=0.0063095735386013985
packet_number=1072,correct=True,payload=[0,1,2,3,4,5,6,7,8,9,10,11,12,13,14,15,16,17,18,19,20,21,22,23,24,25,26,27,28,29,30,31,32,33,34,35,36,37,38,39,40,41,42,43,44,45,46,47,48,49,50,51,52,53,54,55,56,57,58,59,60,61,62,63,64,65,66,67,68,69,70,71,72,73,74,75,76,77,78,79,80,81,82,83,84,85,86,87,88,89,90,91,92,93,94,95,96,97,98,99]
CFO=-404.7762794118328,STO=5
EsN0dB=20.77,GRXdB=17,N0=0.0063095735386013985
packet_number=1073,correct=True,payload=[0,1,2,3,4,5,6,7,8,9,10,11,12,13,14,15,16,17,18,19,20,21,22,23,24,25,26,27,28,29,30,31,32,33,34,35,36,37,38,39,40,41,42,43,44,45,46,47,48,49,50,51,52,53,54,55,56,57,58,59,60,61,62,63,64,65,66,67,68,69,70,71,72,73,74,75,76,77,78,79,80,81,82,83,84,85,86,87,88,89,90,91,92,93,94,95,96,97,98,99]
CFO=-456.6347278445008,STO=1
EsN0dB=20.75,GRXdB=17,N0=0.0063095735386013985
packet_number=1074,correct=True,payload=[0,1,2,3,4,5,6,7,8,9,10,11,12,13,14,15,16,17,18,19,20,21,22,23,24,25,26,27,28,29,30,31,32,33,34,35,36,37,38,39,40,41,42,43,44,45,46,47,48,49,50,51,52,53,54,55,56,57,58,59,60,61,62,63,64,65,66,67,68,69,70,71,72,73,74,75,76,77,78,79,80,81,82,83,84,85,86,87,88,89,90,91,92,93,94,95,96,97,98,99]
CFO=-424.2411327496382,STO=5
EsN0dB=20.77,GRXdB=17,N0=0.0063095735386013985
packet_number=1075,correct=True,payload=[0,1,2,3,4,5,6,7,8,9,10,11,12,13,14,15,16,17,18,19,20,21,22,23,24,25,26,27,28,29,30,31,32,33,34,35,36,37,38,39,40,41,42,43,44,45,46,47,48,49,50,51,52,53,54,55,56,57,58,59,60,61,62,63,64,65,66,67,68,69,70,71,72,73,74,75,76,77,78,79,80,81,82,83,84,85,86,87,88,89,90,91,92,93,94,95,96,97,98,99]
CFO=-427.85031261457544,STO=4
EsN0dB=20.76,GRXdB=17,N0=0.0063095735386013985
packet_number=1076,correct=True,payload=[0,1,2,3,4,5,6,7,8,9,10,11,12,13,14,15,16,17,18,19,20,21,22,23,24,25,26,27,28,29,30,31,32,33,34,35,36,37,38,39,40,41,42,43,44,45,46,47,48,49,50,51,52,53,54,55,56,57,58,59,60,61,62,63,64,65,66,67,68,69,70,71,72,73,74,75,76,77,78,79,80,81,82,83,84,85,86,87,88,89,90,91,92,93,94,95,96,97,98,99]
CFO=-398.91672415590233,STO=4
EsN0dB=20.76,GRXdB=17,N0=0.0063095735386013985
packet_number=1077,correct=True,payload=[0,1,2,3,4,5,6,7,8,9,10,11,12,13,14,15,16,17,18,19,20,21,22,23,24,25,26,27,28,29,30,31,32,33,34,35,36,37,38,39,40,41,42,43,44,45,46,47,48,49,50,51,52,53,54,55,56,57,58,59,60,61,62,63,64,65,66,67,68,69,70,71,72,73,74,75,76,77,78,79,80,81,82,83,84,85,86,87,88,89,90,91,92,93,94,95,96,97,98,99]
CFO=-475.1812705489751,STO=3
EsN0dB=20.77,GRXdB=17,N0=0.0063095735386013985
packet_number=1078,correct=True,payload=[0,1,2,3,4,5,6,7,8,9,10,11,12,13,14,15,16,17,18,19,20,21,22,23,24,25,26,27,28,29,30,31,32,33,34,35,36,37,38,39,40,41,42,43,44,45,46,47,48,49,50,51,52,53,54,55,56,57,58,59,60,61,62,63,64,65,66,67,68,69,70,71,72,73,74,75,76,77,78,79,80,81,82,83,84,85,86,87,88,89,90,91,92,93,94,95,96,97,98,99]
CFO=-392.2973103548079,STO=1
EsN0dB=20.80,GRXdB=17,N0=0.0063095735386013985
packet_number=1079,correct=True,payload=[0,1,2,3,4,5,6,7,8,9,10,11,12,13,14,15,16,17,18,19,20,21,22,23,24,25,26,27,28,29,30,31,32,33,34,35,36,37,38,39,40,41,42,43,44,45,46,47,48,49,50,51,52,53,54,55,56,57,58,59,60,61,62,63,64,65,66,67,68,69,70,71,72,73,74,75,76,77,78,79,80,81,82,83,84,85,86,87,88,89,90,91,92,93,94,95,96,97,98,99]
CFO=-413.28638681051865,STO=3
EsN0dB=20.83,GRXdB=17,N0=0.0063095735386013985
packet_number=1080,correct=True,payload=[0,1,2,3,4,5,6,7,8,9,10,11,12,13,14,15,16,17,18,19,20,21,22,23,24,25,26,27,28,29,30,31,32,33,34,35,36,37,38,39,40,41,42,43,44,45,46,47,48,49,50,51,52,53,54,55,56,57,58,59,60,61,62,63,64,65,66,67,68,69,70,71,72,73,74,75,76,77,78,79,80,81,82,83,84,85,86,87,88,89,90,91,92,93,94,95,96,97,98,99]
CFO=-370.3343983338415,STO=3
EsN0dB=20.78,GRXdB=17,N0=0.0063095735386013985
packet_number=1081,correct=True,payload=[0,1,2,3,4,5,6,7,8,9,10,11,12,13,14,15,16,17,18,19,20,21,22,23,24,25,26,27,28,29,30,31,32,33,34,35,36,37,38,39,40,41,42,43,44,45,46,47,48,49,50,51,52,53,54,55,56,57,58,59,60,61,62,63,64,65,66,67,68,69,70,71,72,73,74,75,76,77,78,79,80,81,82,83,84,85,86,87,88,89,90,91,92,93,94,95,96,97,98,99]
CFO=-350.49518896808934,STO=5
EsN0dB=20.85,GRXdB=17,N0=0.0063095735386013985
packet_number=1082,correct=True,payload=[0,1,2,3,4,5,6,7,8,9,10,11,12,13,14,15,16,17,18,19,20,21,22,23,24,25,26,27,28,29,30,31,32,33,34,35,36,37,38,39,40,41,42,43,44,45,46,47,48,49,50,51,52,53,54,55,56,57,58,59,60,61,62,63,64,65,66,67,68,69,70,71,72,73,74,75,76,77,78,79,80,81,82,83,84,85,86,87,88,89,90,91,92,93,94,95,96,97,98,99]
CFO=-443.51646612492675,STO=1
EsN0dB=20.80,GRXdB=17,N0=0.0063095735386013985
packet_number=1083,correct=True,payload=[0,1,2,3,4,5,6,7,8,9,10,11,12,13,14,15,16,17,18,19,20,21,22,23,24,25,26,27,28,29,30,31,32,33,34,35,36,37,38,39,40,41,42,43,44,45,46,47,48,49,50,51,52,53,54,55,56,57,58,59,60,61,62,63,64,65,66,67,68,69,70,71,72,73,74,75,76,77,78,79,80,81,82,83,84,85,86,87,88,89,90,91,92,93,94,95,96,97,98,99]
CFO=-427.70365920388076,STO=3
EsN0dB=20.80,GRXdB=17,N0=0.0063095735386013985
packet_number=1084,correct=True,payload=[0,1,2,3,4,5,6,7,8,9,10,11,12,13,14,15,16,17,18,19,20,21,22,23,24,25,26,27,28,29,30,31,32,33,34,35,36,37,38,39,40,41,42,43,44,45,46,47,48,49,50,51,52,53,54,55,56,57,58,59,60,61,62,63,64,65,66,67,68,69,70,71,72,73,74,75,76,77,78,79,80,81,82,83,84,85,86,87,88,89,90,91,92,93,94,95,96,97,98,99]
CFO=-415.4483610552229,STO=4
EsN0dB=20.79,GRXdB=17,N0=0.0063095735386013985
packet_number=1085,correct=True,payload=[0,1,2,3,4,5,6,7,8,9,10,11,12,13,14,15,16,17,18,19,20,21,22,23,24,25,26,27,28,29,30,31,32,33,34,35,36,37,38,39,40,41,42,43,44,45,46,47,48,49,50,51,52,53,54,55,56,57,58,59,60,61,62,63,64,65,66,67,68,69,70,71,72,73,74,75,76,77,78,79,80,81,82,83,84,85,86,87,88,89,90,91,92,93,94,95,96,97,98,99]
CFO=-436.5061840764078,STO=5
EsN0dB=20.79,GRXdB=17,N0=0.0063095735386013985
packet_number=1086,correct=True,payload=[0,1,2,3,4,5,6,7,8,9,10,11,12,13,14,15,16,17,18,19,20,21,22,23,24,25,26,27,28,29,30,31,32,33,34,35,36,37,38,39,40,41,42,43,44,45,46,47,48,49,50,51,52,53,54,55,56,57,58,59,60,61,62,63,64,65,66,67,68,69,70,71,72,73,74,75,76,77,78,79,80,81,82,83,84,85,86,87,88,89,90,91,92,93,94,95,96,97,98,99]
CFO=-398.55855425333243,STO=4
EsN0dB=20.80,GRXdB=17,N0=0.0063095735386013985
packet_number=1087,correct=True,payload=[0,1,2,3,4,5,6,7,8,9,10,11,12,13,14,15,16,17,18,19,20,21,22,23,24,25,26,27,28,29,30,31,32,33,34,35,36,37,38,39,40,41,42,43,44,45,46,47,48,49,50,51,52,53,54,55,56,57,58,59,60,61,62,63,64,65,66,67,68,69,70,71,72,73,74,75,76,77,78,79,80,81,82,83,84,85,86,87,88,89,90,91,92,93,94,95,96,97,98,99]
CFO=-404.1449315873807,STO=5
EsN0dB=20.79,GRXdB=17,N0=0.0063095735386013985
packet_number=1088,correct=True,payload=[0,1,2,3,4,5,6,7,8,9,10,11,12,13,14,15,16,17,18,19,20,21,22,23,24,25,26,27,28,29,30,31,32,33,34,35,36,37,38,39,40,41,42,43,44,45,46,47,48,49,50,51,52,53,54,55,56,57,58,59,60,61,62,63,64,65,66,67,68,69,70,71,72,73,74,75,76,77,78,79,80,81,82,83,84,85,86,87,88,89,90,91,92,93,94,95,96,97,98,99]
CFO=-507.86031656188476,STO=5
EsN0dB=20.78,GRXdB=17,N0=0.0063095735386013985
packet_number=1089,correct=True,payload=[0,1,2,3,4,5,6,7,8,9,10,11,12,13,14,15,16,17,18,19,20,21,22,23,24,25,26,27,28,29,30,31,32,33,34,35,36,37,38,39,40,41,42,43,44,45,46,47,48,49,50,51,52,53,54,55,56,57,58,59,60,61,62,63,64,65,66,67,68,69,70,71,72,73,74,75,76,77,78,79,80,81,82,83,84,85,86,87,88,89,90,91,92,93,94,95,96,97,98,99]
CFO=-482.5520051587709,STO=6
EsN0dB=20.83,GRXdB=17,N0=0.0063095735386013985
packet_number=1090,correct=True,payload=[0,1,2,3,4,5,6,7,8,9,10,11,12,13,14,15,16,17,18,19,20,21,22,23,24,25,26,27,28,29,30,31,32,33,34,35,36,37,38,39,40,41,42,43,44,45,46,47,48,49,50,51,52,53,54,55,56,57,58,59,60,61,62,63,64,65,66,67,68,69,70,71,72,73,74,75,76,77,78,79,80,81,82,83,84,85,86,87,88,89,90,91,92,93,94,95,96,97,98,99]
CFO=-440.76645528136675,STO=4
EsN0dB=20.81,GRXdB=17,N0=0.0063095735386013985
packet_number=1091,correct=True,payload=[0,1,2,3,4,5,6,7,8,9,10,11,12,13,14,15,16,17,18,19,20,21,22,23,24,25,26,27,28,29,30,31,32,33,34,35,36,37,38,39,40,41,42,43,44,45,46,47,48,49,50,51,52,53,54,55,56,57,58,59,60,61,62,63,64,65,66,67,68,69,70,71,72,73,74,75,76,77,78,79,80,81,82,83,84,85,86,87,88,89,90,91,92,93,94,95,96,97,98,99]
CFO=-558.5114460529818,STO=4
EsN0dB=20.80,GRXdB=17,N0=0.0063095735386013985
packet_number=1092,correct=True,payload=[0,1,2,3,4,5,6,7,8,9,10,11,12,13,14,15,16,17,18,19,20,21,22,23,24,25,26,27,28,29,30,31,32,33,34,35,36,37,38,39,40,41,42,43,44,45,46,47,48,49,50,51,52,53,54,55,56,57,58,59,60,61,62,63,64,65,66,67,68,69,70,71,72,73,74,75,76,77,78,79,80,81,82,83,84,85,86,87,88,89,90,91,92,93,94,95,96,97,98,99]
CFO=372.7339765985008,STO=6
EsN0dB=-13.00,GRXdB=17,N0=0.0063095735386013985
packet_number=1093,correct=False,payload=[222,220,74,62,103,226,27,239,208,130,33,47,10,208,214,172,71,102,7,134,217,156,212,126,127,72,220,161,11,18,163,24,173,226,241,26,136,42,244,106,90,40,227,41,2,217,176,95,146,20,56,45,97,72,0,212,28,198,80,79,163,144,158,121,18,224,153,124,134,225,235,142,161,148,108,90,222,84,36,146,69,159,152,223,244,183,102,159,211,3,101,195,82,187,241,165,107,152,215,199]
CFO=-517.4923655375163,STO=2
EsN0dB=20.77,GRXdB=17,N0=0.0063095735386013985
packet_number=1094,correct=True,payload=[0,1,2,3,4,5,6,7,8,9,10,11,12,13,14,15,16,17,18,19,20,21,22,23,24,25,26,27,28,29,30,31,32,33,34,35,36,37,38,39,40,41,42,43,44,45,46,47,48,49,50,51,52,53,54,55,56,57,58,59,60,61,62,63,64,65,66,67,68,69,70,71,72,73,74,75,76,77,78,79,80,81,82,83,84,85,86,87,88,89,90,91,92,93,94,95,96,97,98,99]
CFO=-453.43349169991313,STO=4
EsN0dB=20.76,GRXdB=17,N0=0.0063095735386013985
packet_number=1095,correct=True,payload=[0,1,2,3,4,5,6,7,8,9,10,11,12,13,14,15,16,17,18,19,20,21,22,23,24,25,26,27,28,29,30,31,32,33,34,35,36,37,38,39,40,41,42,43,44,45,46,47,48,49,50,51,52,53,54,55,56,57,58,59,60,61,62,63,64,65,66,67,68,69,70,71,72,73,74,75,76,77,78,79,80,81,82,83,84,85,86,87,88,89,90,91,92,93,94,95,96,97,98,99]
CFO=-418.4625970553468,STO=3
EsN0dB=20.79,GRXdB=17,N0=0.0063095735386013985
packet_number=1096,correct=True,payload=[0,1,2,3,4,5,6,7,8,9,10,11,12,13,14,15,16,17,18,19,20,21,22,23,24,25,26,27,28,29,30,31,32,33,34,35,36,37,38,39,40,41,42,43,44,45,46,47,48,49,50,51,52,53,54,55,56,57,58,59,60,61,62,63,64,65,66,67,68,69,70,71,72,73,74,75,76,77,78,79,80,81,82,83,84,85,86,87,88,89,90,91,92,93,94,95,96,97,98,99]
CFO=237.42078471524454,STO=1
EsN0dB=-8.84,GRXdB=17,N0=0.0063095735386013985
packet_number=1097,correct=False,payload=[231,186,131,220,80,207,230,249,86,39,10,46,5,176,11,83,104,236,60,243,68,163,140,109,123,240,50,93,33,242,44,171,198,241,223,201,112,155,19,89,191,152,36,172,97,254,225,106,201,210,58,53,135,171,47,152,101,203,58,221,181,182,88,122,2,42,44,41,66,163,137,180,200,157,233,139,184,106,60,125,91,1,35,150,167,15,211,193,249,234,154,189,43,240,16,217,134,232,189,225]
CFO=-445.59178827352014,STO=5
EsN0dB=20.80,GRXdB=17,N0=0.0063095735386013985
packet_number=1098,correct=True,payload=[0,1,2,3,4,5,6,7,8,9,10,11,12,13,14,15,16,17,18,19,20,21,22,23,24,25,26,27,28,29,30,31,32,33,34,35,36,37,38,39,40,41,42,43,44,45,46,47,48,49,50,51,52,53,54,55,56,57,58,59,60,61,62,63,64,65,66,67,68,69,70,71,72,73,74,75,76,77,78,79,80,81,82,83,84,85,86,87,88,89,90,91,92,93,94,95,96,97,98,99]
CFO=-453.29558354010885,STO=5
EsN0dB=20.79,GRXdB=17,N0=0.0063095735386013985
packet_number=1099,correct=True,payload=[0,1,2,3,4,5,6,7,8,9,10,11,12,13,14,15,16,17,18,19,20,21,22,23,24,25,26,27,28,29,30,31,32,33,34,35,36,37,38,39,40,41,42,43,44,45,46,47,48,49,50,51,52,53,54,55,56,57,58,59,60,61,62,63,64,65,66,67,68,69,70,71,72,73,74,75,76,77,78,79,80,81,82,83,84,85,86,87,88,89,90,91,92,93,94,95,96,97,98,99]
CFO=-340.3825069325037,STO=3
EsN0dB=19.77,GRXdB=17,N0=0.007943281903862953
packet_number=1100,correct=True,payload=[0,1,2,3,4,5,6,7,8,9,10,11,12,13,14,15,16,17,18,19,20,21,22,23,24,25,26,27,28,29,30,31,32,33,34,35,36,37,38,39,40,41,42,43,44,45,46,47,48,49,50,51,52,53,54,55,56,57,58,59,60,61,62,63,64,65,66,67,68,69,70,71,72,73,74,75,76,77,78,79,80,81,82,83,84,85,86,87,88,89,90,91,92,93,94,95,96,97,98,99]
CFO=-352.1922716044423,STO=0
EsN0dB=19.76,GRXdB=17,N0=0.007943281903862953
packet_number=1101,correct=True,payload=[0,1,2,3,4,5,6,7,8,9,10,11,12,13,14,15,16,17,18,19,20,21,22,23,24,25,26,27,28,29,30,31,32,33,34,35,36,37,38,39,40,41,42,43,44,45,46,47,48,49,50,51,52,53,54,55,56,57,58,59,60,61,62,63,64,65,66,67,68,69,70,71,72,73,74,75,76,77,78,79,80,81,82,83,84,85,86,87,88,89,90,91,92,93,94,95,96,97,98,99]
CFO=-351.7720548879278,STO=3
EsN0dB=19.78,GRXdB=17,N0=0.007943281903862953
packet_number=1102,correct=True,payload=[0,1,2,3,4,5,6,7,8,9,10,11,12,13,14,15,16,17,18,19,20,21,22,23,24,25,26,27,28,29,30,31,32,33,34,35,36,37,38,39,40,41,42,43,44,45,46,47,48,49,50,51,52,53,54,55,56,57,58,59,60,61,62,63,64,65,66,67,68,69,70,71,72,73,74,75,76,77,78,79,80,81,82,83,84,85,86,87,88,89,90,91,92,93,94,95,96,97,98,99]
CFO=-397.4069381131958,STO=3
EsN0dB=19.77,GRXdB=17,N0=0.007943281903862953
packet_number=1103,correct=True,payload=[0,1,2,3,4,5,6,7,8,9,10,11,12,13,14,15,16,17,18,19,20,21,22,23,24,25,26,27,28,29,30,31,32,33,34,35,36,37,38,39,40,41,42,43,44,45,46,47,48,49,50,51,52,53,54,55,56,57,58,59,60,61,62,63,64,65,66,67,68,69,70,71,72,73,74,75,76,77,78,79,80,81,82,83,84,85,86,87,88,89,90,91,92,93,94,95,96,97,98,99]
CFO=-1018.3822724659589,STO=2
EsN0dB=nan,GRXdB=17,N0=0.007943281903862953
packet_number=1104,correct=False,payload=[160,163,37,203,170,120,172,48,234,63,221,10,152,147,131,33,205,129,46,82,60,28,212,185,21,64,136,54,41,211,101,0,46,71,184,213,177,210,160,138,151,101,119,250,186,127,158,126,60,207,191,2,56,74,9,101,38,109,119,188,142,107,230,195,71,19,208,26,220,110,13,29,170,70,147,239,16,52,98,160,174,203,226,37,238,153,56,159,159,190,242,118,17,216,236,241,177,1,83,151]
CFO=-479.92792592803295,STO=3
EsN0dB=19.78,GRXdB=17,N0=0.007943281903862953
packet_number=1105,correct=True,payload=[0,1,2,3,4,5,6,7,8,9,10,11,12,13,14,15,16,17,18,19,20,21,22,23,24,25,26,27,28,29,30,31,32,33,34,35,36,37,38,39,40,41,42,43,44,45,46,47,48,49,50,51,52,53,54,55,56,57,58,59,60,61,62,63,64,65,66,67,68,69,70,71,72,73,74,75,76,77,78,79,80,81,82,83,84,85,86,87,88,89,90,91,92,93,94,95,96,97,98,99]
CFO=-421.82673202584255,STO=4
EsN0dB=19.77,GRXdB=17,N0=0.007943281903862953
packet_number=1106,correct=True,payload=[0,1,2,3,4,5,6,7,8,9,10,11,12,13,14,15,16,17,18,19,20,21,22,23,24,25,26,27,28,29,30,31,32,33,34,35,36,37,38,39,40,41,42,43,44,45,46,47,48,49,50,51,52,53,54,55,56,57,58,59,60,61,62,63,64,65,66,67,68,69,70,71,72,73,74,75,76,77,78,79,80,81,82,83,84,85,86,87,88,89,90,91,92,93,94,95,96,97,98,99]
CFO=-493.26807986087755,STO=3
EsN0dB=19.74,GRXdB=17,N0=0.007943281903862953
packet_number=1107,correct=False,payload=[0,1,0,3,4,5,6,7,8,9,10,11,12,13,14,15,16,17,18,19,20,21,22,23,24,29,26,27,28,29,30,31,32,33,34,35,36,37,38,39,40,41,42,43,44,45,46,47,48,49,50,51,52,53,54,55,56,57,58,59,60,60,62,63,64,65,66,67,68,69,70,71,104,73,75,75,76,77,78,79,80,81,82,83,84,85,86,87,88,89,90,91,92,29,94,95,96,97,98,99]
CFO=-509.8261896722156,STO=4
EsN0dB=19.79,GRXdB=17,N0=0.007943281903862953
packet_number=1108,correct=False,payload=[0,1,2,3,4,5,6,7,8,9,10,3,12,13,14,14,16,17,18,19,20,21,22,23,24,25,56,59,28,29,30,31,32,33,34,35,36,37,6,39,40,41,42,42,40,45,46,47,48,49,50,35,52,53,54,63,56,57,58,59,60,61,62,63,64,65,66,67,68,69,70,71,72,73,74,91,76,77,78,79,80,81,82,83,84,85,86,87,88,89,90,83,92,93,94,95,96,97,98,99]
CFO=-569.9520129127532,STO=1
EsN0dB=19.79,GRXdB=17,N0=0.007943281903862953
packet_number=1109,correct=False,payload=[0,1,130,3,4,5,6,7,8,9,10,11,12,12,14,15,0,25,18,19,20,21,6,23,24,25,26,27,28,29,30,31,32,33,34,35,36,37,38,39,32,41,42,43,44,45,46,47,48,49,50,51,52,53,54,55,24,57,58,59,60,61,62,63,64,65,66,67,68,5,70,71,76,73,74,75,68,77,78,79,80,81,82,83,68,85,86,87,88,89,218,27,92,77,94,95,224,97,98,99]
CFO=-364.61933240957177,STO=3
EsN0dB=19.79,GRXdB=17,N0=0.007943281903862953
packet_number=1110,correct=True,payload=[0,1,2,3,4,5,6,7,8,9,10,11,12,13,14,15,16,17,18,19,20,21,22,23,24,25,26,27,28,29,30,31,32,33,34,35,36,37,38,39,40,41,42,43,44,45,46,47,48,49,50,51,52,53,54,55,56,57,58,59,60,61,62,63,64,65,66,67,68,69,70,71,72,73,74,75,76,77,78,79,80,81,82,83,84,85,86,87,88,89,90,91,92,93,94,95,96,97,98,99]
CFO=-459.0105012397872,STO=7
EsN0dB=19.78,GRXdB=17,N0=0.007943281903862953
packet_number=1111,correct=True,payload=[0,1,2,3,4,5,6,7,8,9,10,11,12,13,14,15,16,17,18,19,20,21,22,23,24,25,26,27,28,29,30,31,32,33,34,35,36,37,38,39,40,41,42,43,44,45,46,47,48,49,50,51,52,53,54,55,56,57,58,59,60,61,62,63,64,65,66,67,68,69,70,71,72,73,74,75,76,77,78,79,80,81,82,83,84,85,86,87,88,89,90,91,92,93,94,95,96,97,98,99]
CFO=-410.94882571488563,STO=4
EsN0dB=19.81,GRXdB=17,N0=0.007943281903862953
packet_number=1112,correct=True,payload=[0,1,2,3,4,5,6,7,8,9,10,11,12,13,14,15,16,17,18,19,20,21,22,23,24,25,26,27,28,29,30,31,32,33,34,35,36,37,38,39,40,41,42,43,44,45,46,47,48,49,50,51,52,53,54,55,56,57,58,59,60,61,62,63,64,65,66,67,68,69,70,71,72,73,74,75,76,77,78,79,80,81,82,83,84,85,86,87,88,89,90,91,92,93,94,95,96,97,98,99]
CFO=-452.29696482317723,STO=2
EsN0dB=19.78,GRXdB=17,N0=0.007943281903862953
packet_number=1113,correct=True,payload=[0,1,2,3,4,5,6,7,8,9,10,11,12,13,14,15,16,17,18,19,20,21,22,23,24,25,26,27,28,29,30,31,32,33,34,35,36,37,38,39,40,41,42,43,44,45,46,47,48,49,50,51,52,53,54,55,56,57,58,59,60,61,62,63,64,65,66,67,68,69,70,71,72,73,74,75,76,77,78,79,80,81,82,83,84,85,86,87,88,89,90,91,92,93,94,95,96,97,98,99]
CFO=-400.2777519987168,STO=5
EsN0dB=19.78,GRXdB=17,N0=0.007943281903862953
packet_number=1114,correct=True,payload=[0,1,2,3,4,5,6,7,8,9,10,11,12,13,14,15,16,17,18,19,20,21,22,23,24,25,26,27,28,29,30,31,32,33,34,35,36,37,38,39,40,41,42,43,44,45,46,47,48,49,50,51,52,53,54,55,56,57,58,59,60,61,62,63,64,65,66,67,68,69,70,71,72,73,74,75,76,77,78,79,80,81,82,83,84,85,86,87,88,89,90,91,92,93,94,95,96,97,98,99]
CFO=-330.5078439457289,STO=3
EsN0dB=19.76,GRXdB=17,N0=0.007943281903862953
packet_number=1115,correct=True,payload=[0,1,2,3,4,5,6,7,8,9,10,11,12,13,14,15,16,17,18,19,20,21,22,23,24,25,26,27,28,29,30,31,32,33,34,35,36,37,38,39,40,41,42,43,44,45,46,47,48,49,50,51,52,53,54,55,56,57,58,59,60,61,62,63,64,65,66,67,68,69,70,71,72,73,74,75,76,77,78,79,80,81,82,83,84,85,86,87,88,89,90,91,92,93,94,95,96,97,98,99]
CFO=-414.75437351846074,STO=2
EsN0dB=19.79,GRXdB=17,N0=0.007943281903862953
packet_number=1116,correct=True,payload=[0,1,2,3,4,5,6,7,8,9,10,11,12,13,14,15,16,17,18,19,20,21,22,23,24,25,26,27,28,29,30,31,32,33,34,35,36,37,38,39,40,41,42,43,44,45,46,47,48,49,50,51,52,53,54,55,56,57,58,59,60,61,62,63,64,65,66,67,68,69,70,71,72,73,74,75,76,77,78,79,80,81,82,83,84,85,86,87,88,89,90,91,92,93,94,95,96,97,98,99]
CFO=-506.5475210010998,STO=1
EsN0dB=19.78,GRXdB=17,N0=0.007943281903862953
packet_number=1117,correct=False,payload=[0,2,4,7,4,7,12,14,0,19,2,27,28,27,30,31,32,51,4,7,60,54,20,7,16,59,30,22,28,31,62,31,0,32,64,7,108,15,78,78,56,114,114,66,108,60,62,94,96,112,116,35,104,110,36,46,112,120,116,63,120,124,124,126,0,3,132,2,204,142,206,15,192,200,134,22,140,27,28,158,160,128,176,163,160,4,30,206,56,50,214,183,24,184,222,63,224,193,68,195]
CFO=-452.9457735044919,STO=1
EsN0dB=19.81,GRXdB=17,N0=0.007943281903862953
packet_number=1118,correct=True,payload=[0,1,2,3,4,5,6,7,8,9,10,11,12,13,14,15,16,17,18,19,20,21,22,23,24,25,26,27,28,29,30,31,32,33,34,35,36,37,38,39,40,41,42,43,44,45,46,47,48,49,50,51,52,53,54,55,56,57,58,59,60,61,62,63,64,65,66,67,68,69,70,71,72,73,74,75,76,77,78,79,80,81,82,83,84,85,86,87,88,89,90,91,92,93,94,95,96,97,98,99]
CFO=-381.58458552846605,STO=3
EsN0dB=19.74,GRXdB=17,N0=0.007943281903862953
packet_number=1119,correct=True,payload=[0,1,2,3,4,5,6,7,8,9,10,11,12,13,14,15,16,17,18,19,20,21,22,23,24,25,26,27,28,29,30,31,32,33,34,35,36,37,38,39,40,41,42,43,44,45,46,47,48,49,50,51,52,53,54,55,56,57,58,59,60,61,62,63,64,65,66,67,68,69,70,71,72,73,74,75,76,77,78,79,80,81,82,83,84,85,86,87,88,89,90,91,92,93,94,95,96,97,98,99]
CFO=-365.864418977022,STO=3
EsN0dB=19.78,GRXdB=17,N0=0.007943281903862953
packet_number=1120,correct=True,payload=[0,1,2,3,4,5,6,7,8,9,10,11,12,13,14,15,16,17,18,19,20,21,22,23,24,25,26,27,28,29,30,31,32,33,34,35,36,37,38,39,40,41,42,43,44,45,46,47,48,49,50,51,52,53,54,55,56,57,58,59,60,61,62,63,64,65,66,67,68,69,70,71,72,73,74,75,76,77,78,79,80,81,82,83,84,85,86,87,88,89,90,91,92,93,94,95,96,97,98,99]
CFO=-368.29708097047364,STO=6
EsN0dB=19.83,GRXdB=17,N0=0.007943281903862953
packet_number=1121,correct=True,payload=[0,1,2,3,4,5,6,7,8,9,10,11,12,13,14,15,16,17,18,19,20,21,22,23,24,25,26,27,28,29,30,31,32,33,34,35,36,37,38,39,40,41,42,43,44,45,46,47,48,49,50,51,52,53,54,55,56,57,58,59,60,61,62,63,64,65,66,67,68,69,70,71,72,73,74,75,76,77,78,79,80,81,82,83,84,85,86,87,88,89,90,91,92,93,94,95,96,97,98,99]
CFO=-457.0834629723935,STO=4
EsN0dB=19.77,GRXdB=17,N0=0.007943281903862953
packet_number=1122,correct=True,payload=[0,1,2,3,4,5,6,7,8,9,10,11,12,13,14,15,16,17,18,19,20,21,22,23,24,25,26,27,28,29,30,31,32,33,34,35,36,37,38,39,40,41,42,43,44,45,46,47,48,49,50,51,52,53,54,55,56,57,58,59,60,61,62,63,64,65,66,67,68,69,70,71,72,73,74,75,76,77,78,79,80,81,82,83,84,85,86,87,88,89,90,91,92,93,94,95,96,97,98,99]
CFO=-453.056260114894,STO=4
EsN0dB=19.78,GRXdB=17,N0=0.007943281903862953
packet_number=1123,correct=True,payload=[0,1,2,3,4,5,6,7,8,9,10,11,12,13,14,15,16,17,18,19,20,21,22,23,24,25,26,27,28,29,30,31,32,33,34,35,36,37,38,39,40,41,42,43,44,45,46,47,48,49,50,51,52,53,54,55,56,57,58,59,60,61,62,63,64,65,66,67,68,69,70,71,72,73,74,75,76,77,78,79,80,81,82,83,84,85,86,87,88,89,90,91,92,93,94,95,96,97,98,99]
CFO=-407.8248145823982,STO=6
EsN0dB=19.79,GRXdB=17,N0=0.007943281903862953
packet_number=1124,correct=False,payload=[0,1,2,3,4,5,6,7,8,9,10,11,12,13,14,15,16,17,18,19,20,21,22,23,24,25,26,27,28,29,30,31,32,33,34,35,36,39,38,39,40,41,42,43,44,45,46,47,48,49,50,51,52,53,54,55,48,57,62,59,60,61,62,63,64,193,66,67,68,69,70,71,72,73,74,91,76,77,94,79,80,81,82,83,80,85,214,87,88,89,82,91,92,93,94,95,96,97,98,99]
CFO=1587.5829645700107,STO=1
EsN0dB=nan,GRXdB=17,N0=0.007943281903862953
packet_number=1125,correct=False,payload=[101,53,46,27,21,130,113,12,136,194,84,196,58,75,21,166,236,82,126,149,237,94,86,92,87,42,88,163,63,213,248,238,250,36,191,71,12,178,195,19,158,146,100,12,236,41,11,159,94,54,59,129,212,195,179,255,28,114,10,188,233,125,61,226,152,248,59,50,107,219,147,18,132,30,164,230,127,161,48,144,203,46,44,94,220,250,88,210,133,219,95,58,53,33,249,19,203,234,196,137]
CFO=-454.3281753333809,STO=3
EsN0dB=19.75,GRXdB=17,N0=0.007943281903862953
packet_number=1126,correct=True,payload=[0,1,2,3,4,5,6,7,8,9,10,11,12,13,14,15,16,17,18,19,20,21,22,23,24,25,26,27,28,29,30,31,32,33,34,35,36,37,38,39,40,41,42,43,44,45,46,47,48,49,50,51,52,53,54,55,56,57,58,59,60,61,62,63,64,65,66,67,68,69,70,71,72,73,74,75,76,77,78,79,80,81,82,83,84,85,86,87,88,89,90,91,92,93,94,95,96,97,98,99]
CFO=-414.4906226805892,STO=5
EsN0dB=19.76,GRXdB=17,N0=0.007943281903862953
packet_number=1127,correct=True,payload=[0,1,2,3,4,5,6,7,8,9,10,11,12,13,14,15,16,17,18,19,20,21,22,23,24,25,26,27,28,29,30,31,32,33,34,35,36,37,38,39,40,41,42,43,44,45,46,47,48,49,50,51,52,53,54,55,56,57,58,59,60,61,62,63,64,65,66,67,68,69,70,71,72,73,74,75,76,77,78,79,80,81,82,83,84,85,86,87,88,89,90,91,92,93,94,95,96,97,98,99]
CFO=-383.7096814948392,STO=6
EsN0dB=19.82,GRXdB=17,N0=0.007943281903862953
packet_number=1128,correct=True,payload=[0,1,2,3,4,5,6,7,8,9,10,11,12,13,14,15,16,17,18,19,20,21,22,23,24,25,26,27,28,29,30,31,32,33,34,35,36,37,38,39,40,41,42,43,44,45,46,47,48,49,50,51,52,53,54,55,56,57,58,59,60,61,62,63,64,65,66,67,68,69,70,71,72,73,74,75,76,77,78,79,80,81,82,83,84,85,86,87,88,89,90,91,92,93,94,95,96,97,98,99]
CFO=-465.0411076741507,STO=4
EsN0dB=19.80,GRXdB=17,N0=0.007943281903862953
packet_number=1129,correct=False,payload=[0,2,4,7,8,4,4,6,24,25,4,10,28,24,30,31,0,50,48,23,0,62,54,46,24,16,16,27,60,61,30,31,0,3,36,102,68,8,70,111,120,41,2,103,56,127,62,47,48,98,118,35,44,52,60,39,56,49,116,126,60,63,126,126,192,65,192,7,136,11,198,6,144,155,22,67,12,142,30,94,192,176,240,103,60,225,150,159,240,81,120,210,152,185,92,62,64,226,98,71]
CFO=-423.0986175994112,STO=4
EsN0dB=19.80,GRXdB=17,N0=0.007943281903862953
packet_number=1130,correct=True,payload=[0,1,2,3,4,5,6,7,8,9,10,11,12,13,14,15,16,17,18,19,20,21,22,23,24,25,26,27,28,29,30,31,32,33,34,35,36,37,38,39,40,41,42,43,44,45,46,47,48,49,50,51,52,53,54,55,56,57,58,59,60,61,62,63,64,65,66,67,68,69,70,71,72,73,74,75,76,77,78,79,80,81,82,83,84,85,86,87,88,89,90,91,92,93,94,95,96,97,98,99]
CFO=-1260.6468293125224,STO=5
EsN0dB=nan,GRXdB=17,N0=0.007943281903862953
packet_number=1131,correct=False,payload=[55,43,240,119,158,210,122,46,105,138,4,128,6,115,32,1,177,34,30,86,231,25,106,237,168,105,69,247,147,76,241,79,6,131,18,133,59,85,215,156,215,117,172,109,212,238,214,64,131,219,117,105,238,122,58,130,44,35,252,21,143,57,78,71,68,98,25,213,86,120,205,50,217,65,174,244,169,89,53,134,0,108,71,17,202,181,125,210,188,125,38,44,183,86,124,211,61,13,88,211]
CFO=-471.2373402669034,STO=5
EsN0dB=19.79,GRXdB=17,N0=0.007943281903862953
packet_number=1132,correct=True,payload=[0,1,2,3,4,5,6,7,8,9,10,11,12,13,14,15,16,17,18,19,20,21,22,23,24,25,26,27,28,29,30,31,32,33,34,35,36,37,38,39,40,41,42,43,44,45,46,47,48,49,50,51,52,53,54,55,56,57,58,59,60,61,62,63,64,65,66,67,68,69,70,71,72,73,74,75,76,77,78,79,80,81,82,83,84,85,86,87,88,89,90,91,92,93,94,95,96,97,98,99]
CFO=-383.7908492810696,STO=7
EsN0dB=19.80,GRXdB=17,N0=0.007943281903862953
packet_number=1133,correct=True,payload=[0,1,2,3,4,5,6,7,8,9,10,11,12,13,14,15,16,17,18,19,20,21,22,23,24,25,26,27,28,29,30,31,32,33,34,35,36,37,38,39,40,41,42,43,44,45,46,47,48,49,50,51,52,53,54,55,56,57,58,59,60,61,62,63,64,65,66,67,68,69,70,71,72,73,74,75,76,77,78,79,80,81,82,83,84,85,86,87,88,89,90,91,92,93,94,95,96,97,98,99]
CFO=-343.1544550155855,STO=4
EsN0dB=19.81,GRXdB=17,N0=0.007943281903862953
packet_number=1134,correct=True,payload=[0,1,2,3,4,5,6,7,8,9,10,11,12,13,14,15,16,17,18,19,20,21,22,23,24,25,26,27,28,29,30,31,32,33,34,35,36,37,38,39,40,41,42,43,44,45,46,47,48,49,50,51,52,53,54,55,56,57,58,59,60,61,62,63,64,65,66,67,68,69,70,71,72,73,74,75,76,77,78,79,80,81,82,83,84,85,86,87,88,89,90,91,92,93,94,95,96,97,98,99]
CFO=-408.69818351962795,STO=1
EsN0dB=19.79,GRXdB=17,N0=0.007943281903862953
packet_number=1135,correct=False,payload=[0,1,2,3,132,5,2,3,8,9,10,11,12,13,14,15,16,17,18,19,4,5,6,23,24,25,26,27,28,28,158,31,32,33,34,35,164,37,38,39,40,41,43,43,44,45,46,47,48,57,50,51,52,53,54,55,56,57,58,59,60,61,62,63,64,65,66,67,68,69,70,71,204,73,66,75,68,77,70,79,80,81,82,83,84,85,86,87,88,89,90,91,92,95,94,95,96,113,98,99]
CFO=-376.3604690957093,STO=2
EsN0dB=19.80,GRXdB=17,N0=0.007943281903862953
packet_number=1136,correct=True,payload=[0,1,2,3,4,5,6,7,8,9,10,11,12,13,14,15,16,17,18,19,20,21,22,23,24,25,26,27,28,29,30,31,32,33,34,35,36,37,38,39,40,41,42,43,44,45,46,47,48,49,50,51,52,53,54,55,56,57,58,59,60,61,62,63,64,65,66,67,68,69,70,71,72,73,74,75,76,77,78,79,80,81,82,83,84,85,86,87,88,89,90,91,92,93,94,95,96,97,98,99]
CFO=-409.02795359049264,STO=4
EsN0dB=19.81,GRXdB=17,N0=0.007943281903862953
packet_number=1137,correct=True,payload=[0,1,2,3,4,5,6,7,8,9,10,11,12,13,14,15,16,17,18,19,20,21,22,23,24,25,26,27,28,29,30,31,32,33,34,35,36,37,38,39,40,41,42,43,44,45,46,47,48,49,50,51,52,53,54,55,56,57,58,59,60,61,62,63,64,65,66,67,68,69,70,71,72,73,74,75,76,77,78,79,80,81,82,83,84,85,86,87,88,89,90,91,92,93,94,95,96,97,98,99]
CFO=-464.0787150473482,STO=1
EsN0dB=19.77,GRXdB=17,N0=0.007943281903862953
packet_number=1138,correct=False,payload=[0,1,2,3,4,5,6,7,8,9,10,11,12,13,14,15,16,17,18,19,20,21,22,23,24,25,26,27,28,29,30,31,32,33,34,35,36,37,38,39,40,41,42,43,44,45,46,47,48,49,50,51,52,53,54,55,56,57,58,59,60,61,62,63,64,65,66,67,68,69,70,71,72,73,74,75,76,77,78,79,80,81,82,83,84,85,86,87,88,89,90,91,92,93,94,95,96,97,98,99]
CFO=-394.35958873936136,STO=5
EsN0dB=19.80,GRXdB=17,N0=0.007943281903862953
packet_number=1139,correct=True,payload=[0,1,2,3,4,5,6,7,8,9,10,11,12,13,14,15,16,17,18,19,20,21,22,23,24,25,26,27,28,29,30,31,32,33,34,35,36,37,38,39,40,41,42,43,44,45,46,47,48,49,50,51,52,53,54,55,56,57,58,59,60,61,62,63,64,65,66,67,68,69,70,71,72,73,74,75,76,77,78,79,80,81,82,83,84,85,86,87,88,89,90,91,92,93,94,95,96,97,98,99]
CFO=-435.684249072381,STO=0
EsN0dB=19.75,GRXdB=17,N0=0.007943281903862953
packet_number=1140,correct=False,payload=[128,1,130,3,128,5,2,3,12,9,0,15,6,12,15,7,24,24,8,19,144,12,131,11,152,25,141,9,142,14,31,31,16,48,130,33,182,38,6,39,0,53,62,11,36,37,191,7,152,25,186,49,60,20,31,19,60,24,58,31,60,60,191,63,96,0,194,3,134,7,34,71,68,5,230,7,76,7,174,111,224,17,74,83,50,112,51,7,232,12,221,89,78,127,111,31,160,112,226,99]
CFO=-404.5524009890379,STO=3
EsN0dB=19.85,GRXdB=17,N0=0.007943281903862953
packet_number=1141,correct=True,payload=[0,1,2,3,4,5,6,7,8,9,10,11,12,13,14,15,16,17,18,19,20,21,22,23,24,25,26,27,28,29,30,31,32,33,34,35,36,37,38,39,40,41,42,43,44,45,46,47,48,49,50,51,52,53,54,55,56,57,58,59,60,61,62,63,64,65,66,67,68,69,70,71,72,73,74,75,76,77,78,79,80,81,82,83,84,85,86,87,88,89,90,91,92,93,94,95,96,97,98,99]
CFO=-550.9142835574197,STO=5
EsN0dB=19.75,GRXdB=17,N0=0.007943281903862953
packet_number=1142,correct=True,payload=[0,1,2,3,4,5,6,7,8,9,10,11,12,13,14,15,16,17,18,19,20,21,22,23,24,25,26,27,28,29,30,31,32,33,34,35,36,37,38,39,40,41,42,43,44,45,46,47,48,49,50,51,52,53,54,55,56,57,58,59,60,61,62,63,64,65,66,67,68,69,70,71,72,73,74,75,76,77,78,79,80,81,82,83,84,85,86,87,88,89,90,91,92,93,94,95,96,97,98,99]
CFO=-410.7728831249376,STO=4
EsN0dB=19.77,GRXdB=17,N0=0.007943281903862953
packet_number=1143,correct=True,payload=[0,1,2,3,4,5,6,7,8,9,10,11,12,13,14,15,16,17,18,19,20,21,22,23,24,25,26,27,28,29,30,31,32,33,34,35,36,37,38,39,40,41,42,43,44,45,46,47,48,49,50,51,52,53,54,55,56,57,58,59,60,61,62,63,64,65,66,67,68,69,70,71,72,73,74,75,76,77,78,79,80,81,82,83,84,85,86,87,88,89,90,91,92,93,94,95,96,97,98,99]
CFO=-415.80261782858076,STO=3
EsN0dB=19.82,GRXdB=17,N0=0.007943281903862953
packet_number=1144,correct=True,payload=[0,1,2,3,4,5,6,7,8,9,10,11,12,13,14,15,16,17,18,19,20,21,22,23,24,25,26,27,28,29,30,31,32,33,34,35,36,37,38,39,40,41,42,43,44,45,46,47,48,49,50,51,52,53,54,55,56,57,58,59,60,61,62,63,64,65,66,67,68,69,70,71,72,73,74,75,76,77,78,79,80,81,82,83,84,85,86,87,88,89,90,91,92,93,94,95,96,97,98,99]
CFO=-425.34905228024104,STO=2
EsN0dB=19.78,GRXdB=17,N0=0.007943281903862953
packet_number=1145,correct=True,payload=[0,1,2,3,4,5,6,7,8,9,10,11,12,13,14,15,16,17,18,19,20,21,22,23,24,25,26,27,28,29,30,31,32,33,34,35,36,37,38,39,40,41,42,43,44,45,46,47,48,49,50,51,52,53,54,55,56,57,58,59,60,61,62,63,64,65,66,67,68,69,70,71,72,73,74,75,76,77,78,79,80,81,82,83,84,85,86,87,88,89,90,91,92,93,94,95,96,97,98,99]
CFO=-477.0308762898407,STO=4
EsN0dB=19.78,GRXdB=17,N0=0.007943281903862953
packet_number=1146,correct=True,payload=[0,1,2,3,4,5,6,7,8,9,10,11,12,13,14,15,16,17,18,19,20,21,22,23,24,25,26,27,28,29,30,31,32,33,34,35,36,37,38,39,40,41,42,43,44,45,46,47,48,49,50,51,52,53,54,55,56,57,58,59,60,61,62,63,64,65,66,67,68,69,70,71,72,73,74,75,76,77,78,79,80,81,82,83,84,85,86,87,88,89,90,91,92,93,94,95,96,97,98,99]
CFO=-481.21510827943035,STO=0
EsN0dB=19.80,GRXdB=17,N0=0.007943281903862953
packet_number=1147,correct=True,payload=[0,1,2,3,4,5,6,7,8,9,10,11,12,13,14,15,16,17,18,19,20,21,22,23,24,25,26,27,28,29,30,31,32,33,34,35,36,37,38,39,40,41,42,43,44,45,46,47,48,49,50,51,52,53,54,55,56,57,58,59,60,61,62,63,64,65,66,67,68,69,70,71,72,73,74,75,76,77,78,79,80,81,82,83,84,85,86,87,88,89,90,91,92,93,94,95,96,97,98,99]
CFO=-445.3439864016793,STO=6
EsN0dB=19.78,GRXdB=17,N0=0.007943281903862953
packet_number=1148,correct=True,payload=[0,1,2,3,4,5,6,7,8,9,10,11,12,13,14,15,16,17,18,19,20,21,22,23,24,25,26,27,28,29,30,31,32,33,34,35,36,37,38,39,40,41,42,43,44,45,46,47,48,49,50,51,52,53,54,55,56,57,58,59,60,61,62,63,64,65,66,67,68,69,70,71,72,73,74,75,76,77,78,79,80,81,82,83,84,85,86,87,88,89,90,91,92,93,94,95,96,97,98,99]
CFO=-391.28410633808613,STO=4
EsN0dB=19.81,GRXdB=17,N0=0.007943281903862953
packet_number=1149,correct=True,payload=[0,1,2,3,4,5,6,7,8,9,10,11,12,13,14,15,16,17,18,19,20,21,22,23,24,25,26,27,28,29,30,31,32,33,34,35,36,37,38,39,40,41,42,43,44,45,46,47,48,49,50,51,52,53,54,55,56,57,58,59,60,61,62,63,64,65,66,67,68,69,70,71,72,73,74,75,76,77,78,79,80,81,82,83,84,85,86,87,88,89,90,91,92,93,94,95,96,97,98,99]
CFO=-1314.0057849284776,STO=1
EsN0dB=nan,GRXdB=17,N0=0.007943281903862953
packet_number=1150,correct=False,payload=[255,127,51,126,200,198,28,160,75,136,219,114,236,167,39,241,200,80,208,97,18,25,241,138,52,92,239,209,60,50,203,250,51,221,109,119,32,102,241,122,194,160,119,67,208,156,172,39,95,180,195,161,144,154,6,191,106,196,12,128,158,227,82,58,114,221,193,104,65,104,17,167,222,12,55,241,193,199,36,28,174,38,106,215,18,246,164,109,78,175,112,147,201,143,114,9,77,31,164,77]
CFO=-369.0891338968816,STO=4
EsN0dB=19.73,GRXdB=17,N0=0.007943281903862953
packet_number=1151,correct=True,payload=[0,1,2,3,4,5,6,7,8,9,10,11,12,13,14,15,16,17,18,19,20,21,22,23,24,25,26,27,28,29,30,31,32,33,34,35,36,37,38,39,40,41,42,43,44,45,46,47,48,49,50,51,52,53,54,55,56,57,58,59,60,61,62,63,64,65,66,67,68,69,70,71,72,73,74,75,76,77,78,79,80,81,82,83,84,85,86,87,88,89,90,91,92,93,94,95,96,97,98,99]
CFO=-472.29524882038027,STO=6
EsN0dB=19.79,GRXdB=17,N0=0.007943281903862953
packet_number=1152,correct=True,payload=[0,1,2,3,4,5,6,7,8,9,10,11,12,13,14,15,16,17,18,19,20,21,22,23,24,25,26,27,28,29,30,31,32,33,34,35,36,37,38,39,40,41,42,43,44,45,46,47,48,49,50,51,52,53,54,55,56,57,58,59,60,61,62,63,64,65,66,67,68,69,70,71,72,73,74,75,76,77,78,79,80,81,82,83,84,85,86,87,88,89,90,91,92,93,94,95,96,97,98,99]
CFO=-493.2070706190725,STO=4
EsN0dB=19.79,GRXdB=17,N0=0.007943281903862953
packet_number=1153,correct=True,payload=[0,1,2,3,4,5,6,7,8,9,10,11,12,13,14,15,16,17,18,19,20,21,22,23,24,25,26,27,28,29,30,31,32,33,34,35,36,37,38,39,40,41,42,43,44,45,46,47,48,49,50,51,52,53,54,55,56,57,58,59,60,61,62,63,64,65,66,67,68,69,70,71,72,73,74,75,76,77,78,79,80,81,82,83,84,85,86,87,88,89,90,91,92,93,94,95,96,97,98,99]
CFO=-496.6667511611609,STO=5
EsN0dB=19.78,GRXdB=17,N0=0.007943281903862953
packet_number=1154,correct=True,payload=[0,1,2,3,4,5,6,7,8,9,10,11,12,13,14,15,16,17,18,19,20,21,22,23,24,25,26,27,28,29,30,31,32,33,34,35,36,37,38,39,40,41,42,43,44,45,46,47,48,49,50,51,52,53,54,55,56,57,58,59,60,61,62,63,64,65,66,67,68,69,70,71,72,73,74,75,76,77,78,79,80,81,82,83,84,85,86,87,88,89,90,91,92,93,94,95,96,97,98,99]
CFO=-516.4207610317975,STO=5
EsN0dB=19.76,GRXdB=17,N0=0.007943281903862953
packet_number=1155,correct=True,payload=[0,1,2,3,4,5,6,7,8,9,10,11,12,13,14,15,16,17,18,19,20,21,22,23,24,25,26,27,28,29,30,31,32,33,34,35,36,37,38,39,40,41,42,43,44,45,46,47,48,49,50,51,52,53,54,55,56,57,58,59,60,61,62,63,64,65,66,67,68,69,70,71,72,73,74,75,76,77,78,79,80,81,82,83,84,85,86,87,88,89,90,91,92,93,94,95,96,97,98,99]
CFO=-531.8488658484197,STO=4
EsN0dB=19.80,GRXdB=17,N0=0.007943281903862953
packet_number=1156,correct=True,payload=[0,1,2,3,4,5,6,7,8,9,10,11,12,13,14,15,16,17,18,19,20,21,22,23,24,25,26,27,28,29,30,31,32,33,34,35,36,37,38,39,40,41,42,43,44,45,46,47,48,49,50,51,52,53,54,55,56,57,58,59,60,61,62,63,64,65,66,67,68,69,70,71,72,73,74,75,76,77,78,79,80,81,82,83,84,85,86,87,88,89,90,91,92,93,94,95,96,97,98,99]
CFO=-411.4036676959425,STO=4
EsN0dB=19.79,GRXdB=17,N0=0.007943281903862953
packet_number=1157,correct=True,payload=[0,1,2,3,4,5,6,7,8,9,10,11,12,13,14,15,16,17,18,19,20,21,22,23,24,25,26,27,28,29,30,31,32,33,34,35,36,37,38,39,40,41,42,43,44,45,46,47,48,49,50,51,52,53,54,55,56,57,58,59,60,61,62,63,64,65,66,67,68,69,70,71,72,73,74,75,76,77,78,79,80,81,82,83,84,85,86,87,88,89,90,91,92,93,94,95,96,97,98,99]
CFO=-350.8154430201885,STO=3
EsN0dB=19.78,GRXdB=17,N0=0.007943281903862953
packet_number=1158,correct=True,payload=[0,1,2,3,4,5,6,7,8,9,10,11,12,13,14,15,16,17,18,19,20,21,22,23,24,25,26,27,28,29,30,31,32,33,34,35,36,37,38,39,40,41,42,43,44,45,46,47,48,49,50,51,52,53,54,55,56,57,58,59,60,61,62,63,64,65,66,67,68,69,70,71,72,73,74,75,76,77,78,79,80,81,82,83,84,85,86,87,88,89,90,91,92,93,94,95,96,97,98,99]
CFO=-1466.7326093195015,STO=1
EsN0dB=nan,GRXdB=17,N0=0.007943281903862953
packet_number=1159,correct=False,payload=[78,222,28,19,196,39,230,105,193,227,190,146,246,122,124,38,116,196,58,155,242,109,137,122,103,188,92,38,14,15,131,84,116,53,73,135,225,38,123,132,57,248,223,193,77,188,32,253,163,30,133,9,13,222,162,149,53,3,173,136,59,48,100,163,152,195,126,165,53,151,93,167,81,88,188,200,194,21,223,194,227,235,85,26,159,133,19,145,50,21,127,217,187,253,177,12,27,195,214,75]
CFO=-401.5628295609168,STO=4
EsN0dB=19.77,GRXdB=17,N0=0.007943281903862953
packet_number=1160,correct=True,payload=[0,1,2,3,4,5,6,7,8,9,10,11,12,13,14,15,16,17,18,19,20,21,22,23,24,25,26,27,28,29,30,31,32,33,34,35,36,37,38,39,40,41,42,43,44,45,46,47,48,49,50,51,52,53,54,55,56,57,58,59,60,61,62,63,64,65,66,67,68,69,70,71,72,73,74,75,76,77,78,79,80,81,82,83,84,85,86,87,88,89,90,91,92,93,94,95,96,97,98,99]
CFO=-372.52625465616455,STO=4
EsN0dB=19.76,GRXdB=17,N0=0.007943281903862953
packet_number=1161,correct=True,payload=[0,1,2,3,4,5,6,7,8,9,10,11,12,13,14,15,16,17,18,19,20,21,22,23,24,25,26,27,28,29,30,31,32,33,34,35,36,37,38,39,40,41,42,43,44,45,46,47,48,49,50,51,52,53,54,55,56,57,58,59,60,61,62,63,64,65,66,67,68,69,70,71,72,73,74,75,76,77,78,79,80,81,82,83,84,85,86,87,88,89,90,91,92,93,94,95,96,97,98,99]
CFO=-466.27516633200355,STO=1
EsN0dB=19.78,GRXdB=17,N0=0.007943281903862953
packet_number=1162,correct=False,payload=[112,0,0,64,32,64,160,192,225,128,48,128,113,193,177,224,226,0,2,99,113,2,227,224,99,129,147,65,241,129,147,193,230,4,38,64,48,66,176,192,243,132,176,33,97,197,132,199,246,7,39,39,55,70,178,198,243,7,135,135,115,131,247,195,224,4,40,108,104,4,252,64,116,13,32,141,40,193,176,205,225,3,2,66,106,130,41,68,241,9,37,7,233,137,161,235,238,12,52,108]
CFO=-457.0775043438207,STO=7
EsN0dB=19.77,GRXdB=17,N0=0.007943281903862953
packet_number=1163,correct=True,payload=[0,1,2,3,4,5,6,7,8,9,10,11,12,13,14,15,16,17,18,19,20,21,22,23,24,25,26,27,28,29,30,31,32,33,34,35,36,37,38,39,40,41,42,43,44,45,46,47,48,49,50,51,52,53,54,55,56,57,58,59,60,61,62,63,64,65,66,67,68,69,70,71,72,73,74,75,76,77,78,79,80,81,82,83,84,85,86,87,88,89,90,91,92,93,94,95,96,97,98,99]
CFO=-411.0056846681325,STO=6
EsN0dB=19.76,GRXdB=17,N0=0.007943281903862953
packet_number=1164,correct=True,payload=[0,1,2,3,4,5,6,7,8,9,10,11,12,13,14,15,16,17,18,19,20,21,22,23,24,25,26,27,28,29,30,31,32,33,34,35,36,37,38,39,40,41,42,43,44,45,46,47,48,49,50,51,52,53,54,55,56,57,58,59,60,61,62,63,64,65,66,67,68,69,70,71,72,73,74,75,76,77,78,79,80,81,82,83,84,85,86,87,88,89,90,91,92,93,94,95,96,97,98,99]
CFO=-520.9203853068896,STO=3
EsN0dB=19.76,GRXdB=17,N0=0.007943281903862953
packet_number=1165,correct=True,payload=[0,1,2,3,4,5,6,7,8,9,10,11,12,13,14,15,16,17,18,19,20,21,22,23,24,25,26,27,28,29,30,31,32,33,34,35,36,37,38,39,40,41,42,43,44,45,46,47,48,49,50,51,52,53,54,55,56,57,58,59,60,61,62,63,64,65,66,67,68,69,70,71,72,73,74,75,76,77,78,79,80,81,82,83,84,85,86,87,88,89,90,91,92,93,94,95,96,97,98,99]
CFO=-393.8149523008567,STO=4
EsN0dB=19.79,GRXdB=17,N0=0.007943281903862953
packet_number=1166,correct=True,payload=[0,1,2,3,4,5,6,7,8,9,10,11,12,13,14,15,16,17,18,19,20,21,22,23,24,25,26,27,28,29,30,31,32,33,34,35,36,37,38,39,40,41,42,43,44,45,46,47,48,49,50,51,52,53,54,55,56,57,58,59,60,61,62,63,64,65,66,67,68,69,70,71,72,73,74,75,76,77,78,79,80,81,82,83,84,85,86,87,88,89,90,91,92,93,94,95,96,97,98,99]
CFO=-482.3229685201966,STO=3
EsN0dB=19.80,GRXdB=17,N0=0.007943281903862953
packet_number=1167,correct=True,payload=[0,1,2,3,4,5,6,7,8,9,10,11,12,13,14,15,16,17,18,19,20,21,22,23,24,25,26,27,28,29,30,31,32,33,34,35,36,37,38,39,40,41,42,43,44,45,46,47,48,49,50,51,52,53,54,55,56,57,58,59,60,61,62,63,64,65,66,67,68,69,70,71,72,73,74,75,76,77,78,79,80,81,82,83,84,85,86,87,88,89,90,91,92,93,94,95,96,97,98,99]
CFO=-2631.2616015370195,STO=3
EsN0dB=-14.89,GRXdB=17,N0=0.007943281903862953
packet_number=1168,correct=False,payload=[226,79,27,65,199,61,67,28,21,58,15,173,231,101,242,173,235,99,237,92,3,122,78,40,193,113,127,156,155,65,63,10,178,153,242,249,119,236,168,6,204,230,210,118,10,126,13,33,171,44,97,48,37,243,219,166,178,109,15,167,207,7,126,172,104,20,57,108,195,29,132,215,44,188,136,141,59,66,200,236,109,42,12,146,202,0,8,154,171,9,85,255,217,39,134,130,251,11,235,14]
CFO=-372.17398409233095,STO=3
EsN0dB=19.78,GRXdB=17,N0=0.007943281903862953
packet_number=1169,correct=True,payload=[0,1,2,3,4,5,6,7,8,9,10,11,12,13,14,15,16,17,18,19,20,21,22,23,24,25,26,27,28,29,30,31,32,33,34,35,36,37,38,39,40,41,42,43,44,45,46,47,48,49,50,51,52,53,54,55,56,57,58,59,60,61,62,63,64,65,66,67,68,69,70,71,72,73,74,75,76,77,78,79,80,81,82,83,84,85,86,87,88,89,90,91,92,93,94,95,96,97,98,99]
CFO=-360.61694234866644,STO=3
EsN0dB=19.84,GRXdB=17,N0=0.007943281903862953
packet_number=1170,correct=True,payload=[0,1,2,3,4,5,6,7,8,9,10,11,12,13,14,15,16,17,18,19,20,21,22,23,24,25,26,27,28,29,30,31,32,33,34,35,36,37,38,39,40,41,42,43,44,45,46,47,48,49,50,51,52,53,54,55,56,57,58,59,60,61,62,63,64,65,66,67,68,69,70,71,72,73,74,75,76,77,78,79,80,81,82,83,84,85,86,87,88,89,90,91,92,93,94,95,96,97,98,99]
CFO=-481.26245121391173,STO=4
EsN0dB=19.74,GRXdB=17,N0=0.007943281903862953
packet_number=1171,correct=True,payload=[0,1,2,3,4,5,6,7,8,9,10,11,12,13,14,15,16,17,18,19,20,21,22,23,24,25,26,27,28,29,30,31,32,33,34,35,36,37,38,39,40,41,42,43,44,45,46,47,48,49,50,51,52,53,54,55,56,57,58,59,60,61,62,63,64,65,66,67,68,69,70,71,72,73,74,75,76,77,78,79,80,81,82,83,84,85,86,87,88,89,90,91,92,93,94,95,96,97,98,99]
CFO=-413.8111315088624,STO=5
EsN0dB=19.76,GRXdB=17,N0=0.007943281903862953
packet_number=1172,correct=False,payload=[0,1,2,3,4,6,134,7,8,9,14,11,14,13,142,15,16,17,18,19,20,21,22,23,24,25,26,31,28,29,30,31,32,49,34,35,36,37,166,7,40,41,42,41,44,45,174,47,48,57,50,51,52,53,54,55,56,57,56,59,60,61,62,63,64,97,66,67,36,69,102,71,72,73,6,107,76,77,78,79,80,81,82,115,84,85,94,95,88,89,94,91,92,29,94,95,32,97,99,99]
CFO=-447.8721939667235,STO=1
EsN0dB=19.76,GRXdB=17,N0=0.007943281903862953
packet_number=1173,correct=True,payload=[0,1,2,3,4,5,6,7,8,9,10,11,12,13,14,15,16,17,18,19,20,21,22,23,24,25,26,27,28,29,30,31,32,33,34,35,36,37,38,39,40,41,42,43,44,45,46,47,48,49,50,51,52,53,54,55,56,57,58,59,60,61,62,63,64,65,66,67,68,69,70,71,72,73,74,75,76,77,78,79,80,81,82,83,84,85,86,87,88,89,90,91,92,93,94,95,96,97,98,99]
CFO=-444.72108737893484,STO=5
EsN0dB=19.80,GRXdB=17,N0=0.007943281903862953
packet_number=1174,correct=True,payload=[0,1,2,3,4,5,6,7,8,9,10,11,12,13,14,15,16,17,18,19,20,21,22,23,24,25,26,27,28,29,30,31,32,33,34,35,36,37,38,39,40,41,42,43,44,45,46,47,48,49,50,51,52,53,54,55,56,57,58,59,60,61,62,63,64,65,66,67,68,69,70,71,72,73,74,75,76,77,78,79,80,81,82,83,84,85,86,87,88,89,90,91,92,93,94,95,96,97,98,99]
CFO=-483.03483194267716,STO=2
EsN0dB=19.80,GRXdB=17,N0=0.007943281903862953
packet_number=1175,correct=False,payload=[0,1,2,3,4,5,6,7,8,9,2,11,12,13,14,15,16,17,18,19,20,21,22,23,24,25,26,27,28,29,30,31,32,1,34,35,36,37,38,39,40,41,42,43,44,45,46,47,48,49,50,51,52,53,38,55,56,57,58,59,60,61,62,63,64,65,66,67,68,69,70,71,72,73,74,75,76,77,78,79,80,81,82,83,84,85,86,87,88,91,90,91,92,93,94,95,224,97,98,99]
CFO=-405.62456874820396,STO=3
EsN0dB=19.79,GRXdB=17,N0=0.007943281903862953
packet_number=1176,correct=True,payload=[0,1,2,3,4,5,6,7,8,9,10,11,12,13,14,15,16,17,18,19,20,21,22,23,24,25,26,27,28,29,30,31,32,33,34,35,36,37,38,39,40,41,42,43,44,45,46,47,48,49,50,51,52,53,54,55,56,57,58,59,60,61,62,63,64,65,66,67,68,69,70,71,72,73,74,75,76,77,78,79,80,81,82,83,84,85,86,87,88,89,90,91,92,93,94,95,96,97,98,99]
CFO=-405.04824189206585,STO=3
EsN0dB=19.75,GRXdB=17,N0=0.007943281903862953
packet_number=1177,correct=True,payload=[0,1,2,3,4,5,6,7,8,9,10,11,12,13,14,15,16,17,18,19,20,21,22,23,24,25,26,27,28,29,30,31,32,33,34,35,36,37,38,39,40,41,42,43,44,45,46,47,48,49,50,51,52,53,54,55,56,57,58,59,60,61,62,63,64,65,66,67,68,69,70,71,72,73,74,75,76,77,78,79,80,81,82,83,84,85,86,87,88,89,90,91,92,93,94,95,96,97,98,99]
CFO=-434.9479285923256,STO=5
EsN0dB=19.76,GRXdB=17,N0=0.007943281903862953
packet_number=1178,correct=True,payload=[0,1,2,3,4,5,6,7,8,9,10,11,12,13,14,15,16,17,18,19,20,21,22,23,24,25,26,27,28,29,30,31,32,33,34,35,36,37,38,39,40,41,42,43,44,45,46,47,48,49,50,51,52,53,54,55,56,57,58,59,60,61,62,63,64,65,66,67,68,69,70,71,72,73,74,75,76,77,78,79,80,81,82,83,84,85,86,87,88,89,90,91,92,93,94,95,96,97,98,99]
CFO=-293.88300002089636,STO=6
EsN0dB=19.76,GRXdB=17,N0=0.007943281903862953
packet_number=1179,correct=True,payload=[0,1,2,3,4,5,6,7,8,9,10,11,12,13,14,15,16,17,18,19,20,21,22,23,24,25,26,27,28,29,30,31,32,33,34,35,36,37,38,39,40,41,42,43,44,45,46,47,48,49,50,51,52,53,54,55,56,57,58,59,60,61,62,63,64,65,66,67,68,69,70,71,72,73,74,75,76,77,78,79,80,81,82,83,84,85,86,87,88,89,90,91,92,93,94,95,96,97,98,99]
CFO=-501.63346076855646,STO=3
EsN0dB=19.78,GRXdB=17,N0=0.007943281903862953
packet_number=1180,correct=True,payload=[0,1,2,3,4,5,6,7,8,9,10,11,12,13,14,15,16,17,18,19,20,21,22,23,24,25,26,27,28,29,30,31,32,33,34,35,36,37,38,39,40,41,42,43,44,45,46,47,48,49,50,51,52,53,54,55,56,57,58,59,60,61,62,63,64,65,66,67,68,69,70,71,72,73,74,75,76,77,78,79,80,81,82,83,84,85,86,87,88,89,90,91,92,93,94,95,96,97,98,99]
CFO=-501.5289920765637,STO=1
EsN0dB=19.80,GRXdB=17,N0=0.007943281903862953
packet_number=1181,correct=False,payload=[120,237,113,254,0,4,12,4,16,12,24,28,32,32,48,60,56,62,56,60,96,68,76,78,64,92,88,124,96,100,40,108,112,52,56,126,128,132,128,204,152,134,152,28,128,164,8,188,240,180,248,28,96,68,204,76,64,212,76,254,224,230,232,236,112,244,120,253,1,1,9,12,17,145,29,156,49,33,13,173,57,25,185,63,65,67,73,47,88,27,73,157,224,231,105,45,113,117,125,63]
CFO=-397.1445805864831,STO=3
EsN0dB=19.78,GRXdB=17,N0=0.007943281903862953
packet_number=1182,correct=True,payload=[0,1,2,3,4,5,6,7,8,9,10,11,12,13,14,15,16,17,18,19,20,21,22,23,24,25,26,27,28,29,30,31,32,33,34,35,36,37,38,39,40,41,42,43,44,45,46,47,48,49,50,51,52,53,54,55,56,57,58,59,60,61,62,63,64,65,66,67,68,69,70,71,72,73,74,75,76,77,78,79,80,81,82,83,84,85,86,87,88,89,90,91,92,93,94,95,96,97,98,99]
CFO=-431.54724143759967,STO=4
EsN0dB=19.77,GRXdB=17,N0=0.007943281903862953
packet_number=1183,correct=True,payload=[0,1,2,3,4,5,6,7,8,9,10,11,12,13,14,15,16,17,18,19,20,21,22,23,24,25,26,27,28,29,30,31,32,33,34,35,36,37,38,39,40,41,42,43,44,45,46,47,48,49,50,51,52,53,54,55,56,57,58,59,60,61,62,63,64,65,66,67,68,69,70,71,72,73,74,75,76,77,78,79,80,81,82,83,84,85,86,87,88,89,90,91,92,93,94,95,96,97,98,99]
CFO=-410.8300385273672,STO=4
EsN0dB=19.77,GRXdB=17,N0=0.007943281903862953
packet_number=1184,correct=True,payload=[0,1,2,3,4,5,6,7,8,9,10,11,12,13,14,15,16,17,18,19,20,21,22,23,24,25,26,27,28,29,30,31,32,33,34,35,36,37,38,39,40,41,42,43,44,45,46,47,48,49,50,51,52,53,54,55,56,57,58,59,60,61,62,63,64,65,66,67,68,69,70,71,72,73,74,75,76,77,78,79,80,81,82,83,84,85,86,87,88,89,90,91,92,93,94,95,96,97,98,99]
CFO=-330.74494400207334,STO=3
EsN0dB=19.81,GRXdB=17,N0=0.007943281903862953
packet_number=1185,correct=True,payload=[0,1,2,3,4,5,6,7,8,9,10,11,12,13,14,15,16,17,18,19,20,21,22,23,24,25,26,27,28,29,30,31,32,33,34,35,36,37,38,39,40,41,42,43,44,45,46,47,48,49,50,51,52,53,54,55,56,57,58,59,60,61,62,63,64,65,66,67,68,69,70,71,72,73,74,75,76,77,78,79,80,81,82,83,84,85,86,87,88,89,90,91,92,93,94,95,96,97,98,99]
CFO=-446.31957101711305,STO=5
EsN0dB=19.78,GRXdB=17,N0=0.007943281903862953
packet_number=1186,correct=True,payload=[0,1,2,3,4,5,6,7,8,9,10,11,12,13,14,15,16,17,18,19,20,21,22,23,24,25,26,27,28,29,30,31,32,33,34,35,36,37,38,39,40,41,42,43,44,45,46,47,48,49,50,51,52,53,54,55,56,57,58,59,60,61,62,63,64,65,66,67,68,69,70,71,72,73,74,75,76,77,78,79,80,81,82,83,84,85,86,87,88,89,90,91,92,93,94,95,96,97,98,99]
CFO=-458.9416657395582,STO=3
EsN0dB=19.77,GRXdB=17,N0=0.007943281903862953
packet_number=1187,correct=True,payload=[0,1,2,3,4,5,6,7,8,9,10,11,12,13,14,15,16,17,18,19,20,21,22,23,24,25,26,27,28,29,30,31,32,33,34,35,36,37,38,39,40,41,42,43,44,45,46,47,48,49,50,51,52,53,54,55,56,57,58,59,60,61,62,63,64,65,66,67,68,69,70,71,72,73,74,75,76,77,78,79,80,81,82,83,84,85,86,87,88,89,90,91,92,93,94,95,96,97,98,99]
CFO=-448.537840961617,STO=3
EsN0dB=19.76,GRXdB=17,N0=0.007943281903862953
packet_number=1188,correct=True,payload=[0,1,2,3,4,5,6,7,8,9,10,11,12,13,14,15,16,17,18,19,20,21,22,23,24,25,26,27,28,29,30,31,32,33,34,35,36,37,38,39,40,41,42,43,44,45,46,47,48,49,50,51,52,53,54,55,56,57,58,59,60,61,62,63,64,65,66,67,68,69,70,71,72,73,74,75,76,77,78,79,80,81,82,83,84,85,86,87,88,89,90,91,92,93,94,95,96,97,98,99]
CFO=-538.5329055713484,STO=6
EsN0dB=19.79,GRXdB=17,N0=0.007943281903862953
packet_number=1189,correct=True,payload=[0,1,2,3,4,5,6,7,8,9,10,11,12,13,14,15,16,17,18,19,20,21,22,23,24,25,26,27,28,29,30,31,32,33,34,35,36,37,38,39,40,41,42,43,44,45,46,47,48,49,50,51,52,53,54,55,56,57,58,59,60,61,62,63,64,65,66,67,68,69,70,71,72,73,74,75,76,77,78,79,80,81,82,83,84,85,86,87,88,89,90,91,92,93,94,95,96,97,98,99]
CFO=-502.38199495494024,STO=4
EsN0dB=19.78,GRXdB=17,N0=0.007943281903862953
packet_number=1190,correct=True,payload=[0,1,2,3,4,5,6,7,8,9,10,11,12,13,14,15,16,17,18,19,20,21,22,23,24,25,26,27,28,29,30,31,32,33,34,35,36,37,38,39,40,41,42,43,44,45,46,47,48,49,50,51,52,53,54,55,56,57,58,59,60,61,62,63,64,65,66,67,68,69,70,71,72,73,74,75,76,77,78,79,80,81,82,83,84,85,86,87,88,89,90,91,92,93,94,95,96,97,98,99]
CFO=-476.3868997302045,STO=3
EsN0dB=19.79,GRXdB=17,N0=0.007943281903862953
packet_number=1191,correct=True,payload=[0,1,2,3,4,5,6,7,8,9,10,11,12,13,14,15,16,17,18,19,20,21,22,23,24,25,26,27,28,29,30,31,32,33,34,35,36,37,38,39,40,41,42,43,44,45,46,47,48,49,50,51,52,53,54,55,56,57,58,59,60,61,62,63,64,65,66,67,68,69,70,71,72,73,74,75,76,77,78,79,80,81,82,83,84,85,86,87,88,89,90,91,92,93,94,95,96,97,98,99]
CFO=-460.4110457586591,STO=4
EsN0dB=19.83,GRXdB=17,N0=0.007943281903862953
packet_number=1192,correct=True,payload=[0,1,2,3,4,5,6,7,8,9,10,11,12,13,14,15,16,17,18,19,20,21,22,23,24,25,26,27,28,29,30,31,32,33,34,35,36,37,38,39,40,41,42,43,44,45,46,47,48,49,50,51,52,53,54,55,56,57,58,59,60,61,62,63,64,65,66,67,68,69,70,71,72,73,74,75,76,77,78,79,80,81,82,83,84,85,86,87,88,89,90,91,92,93,94,95,96,97,98,99]
CFO=-2255.463170446841,STO=6
EsN0dB=-11.47,GRXdB=17,N0=0.007943281903862953
packet_number=1193,correct=False,payload=[160,191,47,135,130,208,207,99,9,19,192,53,109,71,194,214,244,179,162,24,132,74,117,54,136,171,175,186,147,0,34,208,244,180,180,190,10,75,252,249,14,115,248,139,217,85,151,112,9,57,155,73,162,151,25,45,178,150,30,15,189,32,82,247,30,198,250,116,176,231,235,120,0,127,150,73,48,244,60,63,181,208,135,71,250,213,186,60,234,141,57,212,28,170,249,244,164,206,208,136]
CFO=-498.5827615189572,STO=5
EsN0dB=19.76,GRXdB=17,N0=0.007943281903862953
packet_number=1194,correct=True,payload=[0,1,2,3,4,5,6,7,8,9,10,11,12,13,14,15,16,17,18,19,20,21,22,23,24,25,26,27,28,29,30,31,32,33,34,35,36,37,38,39,40,41,42,43,44,45,46,47,48,49,50,51,52,53,54,55,56,57,58,59,60,61,62,63,64,65,66,67,68,69,70,71,72,73,74,75,76,77,78,79,80,81,82,83,84,85,86,87,88,89,90,91,92,93,94,95,96,97,98,99]
CFO=-480.9156946048768,STO=7
EsN0dB=19.79,GRXdB=17,N0=0.007943281903862953
packet_number=1195,correct=True,payload=[0,1,2,3,4,5,6,7,8,9,10,11,12,13,14,15,16,17,18,19,20,21,22,23,24,25,26,27,28,29,30,31,32,33,34,35,36,37,38,39,40,41,42,43,44,45,46,47,48,49,50,51,52,53,54,55,56,57,58,59,60,61,62,63,64,65,66,67,68,69,70,71,72,73,74,75,76,77,78,79,80,81,82,83,84,85,86,87,88,89,90,91,92,93,94,95,96,97,98,99]
CFO=-372.52592856206354,STO=1
EsN0dB=19.78,GRXdB=17,N0=0.007943281903862953
packet_number=1196,correct=False,payload=[243,2,101,112,0,24,48,48,0,48,32,112,0,144,240,80,64,208,112,121,128,145,160,185,64,248,176,49,128,128,145,145,193,193,224,240,0,24,2,50,66,35,50,122,129,194,32,251,99,227,115,115,1,17,35,27,67,147,33,243,129,147,163,153,193,227,227,252,2,22,2,58,4,24,36,48,68,144,54,122,96,68,224,125,132,159,39,155,68,81,113,189,129,156,163,183,199,228,229,243]
CFO=-346.86854824628955,STO=4
EsN0dB=19.77,GRXdB=17,N0=0.007943281903862953
packet_number=1197,correct=True,payload=[0,1,2,3,4,5,6,7,8,9,10,11,12,13,14,15,16,17,18,19,20,21,22,23,24,25,26,27,28,29,30,31,32,33,34,35,36,37,38,39,40,41,42,43,44,45,46,47,48,49,50,51,52,53,54,55,56,57,58,59,60,61,62,63,64,65,66,67,68,69,70,71,72,73,74,75,76,77,78,79,80,81,82,83,84,85,86,87,88,89,90,91,92,93,94,95,96,97,98,99]
CFO=718.747031793279,STO=5
EsN0dB=-11.63,GRXdB=17,N0=0.007943281903862953
packet_number=1198,correct=False,payload=[207,161,224,137,154,161,52,246,190,170,235,144,154,240,82,9,132,82,222,98,131,90,86,26,41,203,87,121,132,180,12,251,86,131,113,42,79,144,228,94,121,103,82,127,175,13,168,130,74,164,209,253,254,132,8,42,185,67,70,231,199,54,156,16,123,161,120,182,97,241,77,5,56,92,198,244,161,177,230,62,53,127,201,218,230,170,71,143,16,58,125,189,253,171,84,73,74,114,240,61]
CFO=-422.2339346232353,STO=4
EsN0dB=19.79,GRXdB=17,N0=0.007943281903862953
packet_number=1199,correct=True,payload=[0,1,2,3,4,5,6,7,8,9,10,11,12,13,14,15,16,17,18,19,20,21,22,23,24,25,26,27,28,29,30,31,32,33,34,35,36,37,38,39,40,41,42,43,44,45,46,47,48,49,50,51,52,53,54,55,56,57,58,59,60,61,62,63,64,65,66,67,68,69,70,71,72,73,74,75,76,77,78,79,80,81,82,83,84,85,86,87,88,89,90,91,92,93,94,95,96,97,98,99]
CFO=-439.03667430015906,STO=3
EsN0dB=19.77,GRXdB=17,N0=0.007943281903862953
packet_number=1200,correct=True,payload=[0,1,2,3,4,5,6,7,8,9,10,11,12,13,14,15,16,17,18,19,20,21,22,23,24,25,26,27,28,29,30,31,32,33,34,35,36,37,38,39,40,41,42,43,44,45,46,47,48,49,50,51,52,53,54,55,56,57,58,59,60,61,62,63,64,65,66,67,68,69,70,71,72,73,74,75,76,77,78,79,80,81,82,83,84,85,86,87,88,89,90,91,92,93,94,95,96,97,98,99]
CFO=-448.83141458727084,STO=5
EsN0dB=19.79,GRXdB=17,N0=0.007943281903862953
packet_number=1201,correct=True,payload=[0,1,2,3,4,5,6,7,8,9,10,11,12,13,14,15,16,17,18,19,20,21,22,23,24,25,26,27,28,29,30,31,32,33,34,35,36,37,38,39,40,41,42,43,44,45,46,47,48,49,50,51,52,53,54,55,56,57,58,59,60,61,62,63,64,65,66,67,68,69,70,71,72,73,74,75,76,77,78,79,80,81,82,83,84,85,86,87,88,89,90,91,92,93,94,95,96,97,98,99]
CFO=-440.5900087278081,STO=2
EsN0dB=19.79,GRXdB=17,N0=0.007943281903862953
packet_number=1202,correct=True,payload=[0,1,2,3,4,5,6,7,8,9,10,11,12,13,14,15,16,17,18,19,20,21,22,23,24,25,26,27,28,29,30,31,32,33,34,35,36,37,38,39,40,41,42,43,44,45,46,47,48,49,50,51,52,53,54,55,56,57,58,59,60,61,62,63,64,65,66,67,68,69,70,71,72,73,74,75,76,77,78,79,80,81,82,83,84,85,86,87,88,89,90,91,92,93,94,95,96,97,98,99]
CFO=-401.10351119720076,STO=4
EsN0dB=19.77,GRXdB=17,N0=0.007943281903862953
packet_number=1203,correct=True,payload=[0,1,2,3,4,5,6,7,8,9,10,11,12,13,14,15,16,17,18,19,20,21,22,23,24,25,26,27,28,29,30,31,32,33,34,35,36,37,38,39,40,41,42,43,44,45,46,47,48,49,50,51,52,53,54,55,56,57,58,59,60,61,62,63,64,65,66,67,68,69,70,71,72,73,74,75,76,77,78,79,80,81,82,83,84,85,86,87,88,89,90,91,92,93,94,95,96,97,98,99]
CFO=-327.7632284772945,STO=5
EsN0dB=19.78,GRXdB=17,N0=0.007943281903862953
packet_number=1204,correct=True,payload=[0,1,2,3,4,5,6,7,8,9,10,11,12,13,14,15,16,17,18,19,20,21,22,23,24,25,26,27,28,29,30,31,32,33,34,35,36,37,38,39,40,41,42,43,44,45,46,47,48,49,50,51,52,53,54,55,56,57,58,59,60,61,62,63,64,65,66,67,68,69,70,71,72,73,74,75,76,77,78,79,80,81,82,83,84,85,86,87,88,89,90,91,92,93,94,95,96,97,98,99]
CFO=-456.96544655275017,STO=5
EsN0dB=19.80,GRXdB=17,N0=0.007943281903862953
packet_number=1205,correct=True,payload=[0,1,2,3,4,5,6,7,8,9,10,11,12,13,14,15,16,17,18,19,20,21,22,23,24,25,26,27,28,29,30,31,32,33,34,35,36,37,38,39,40,41,42,43,44,45,46,47,48,49,50,51,52,53,54,55,56,57,58,59,60,61,62,63,64,65,66,67,68,69,70,71,72,73,74,75,76,77,78,79,80,81,82,83,84,85,86,87,88,89,90,91,92,93,94,95,96,97,98,99]
CFO=-422.56376398393655,STO=1
EsN0dB=19.75,GRXdB=17,N0=0.007943281903862953
packet_number=1206,correct=True,payload=[0,1,2,3,4,5,6,7,8,9,10,11,12,13,14,15,16,17,18,19,20,21,22,23,24,25,26,27,28,29,30,31,32,33,34,35,36,37,38,39,40,41,42,43,44,45,46,47,48,49,50,51,52,53,54,55,56,57,58,59,60,61,62,63,64,65,66,67,68,69,70,71,72,73,74,75,76,77,78,79,80,81,82,83,84,85,86,87,88,89,90,91,92,93,94,95,96,97,98,99]
CFO=-392.191626221166,STO=0
EsN0dB=19.81,GRXdB=17,N0=0.007943281903862953
packet_number=1207,correct=True,payload=[0,1,2,3,4,5,6,7,8,9,10,11,12,13,14,15,16,17,18,19,20,21,22,23,24,25,26,27,28,29,30,31,32,33,34,35,36,37,38,39,40,41,42,43,44,45,46,47,48,49,50,51,52,53,54,55,56,57,58,59,60,61,62,63,64,65,66,67,68,69,70,71,72,73,74,75,76,77,78,79,80,81,82,83,84,85,86,87,88,89,90,91,92,93,94,95,96,97,98,99]
CFO=-450.5847929234235,STO=1
EsN0dB=19.77,GRXdB=17,N0=0.007943281903862953
packet_number=1208,correct=False,payload=[0,1,2,1,132,5,6,7,12,9,0,9,142,13,14,7,16,17,27,27,132,5,22,23,24,25,154,15,28,31,15,31,32,0,32,35,160,21,2,39,40,33,40,43,44,45,46,47,176,48,187,51,176,31,63,55,184,57,58,59,28,63,63,63,64,97,2,67,70,101,7,71,72,72,2,105,12,77,142,79,80,81,81,81,80,85,86,83,92,89,122,91,92,92,94,95,160,32,50,113]
CFO=-2675.215291802129,STO=0
EsN0dB=nan,GRXdB=17,N0=0.007943281903862953
packet_number=1209,correct=False,payload=[209,7,27,66,178,117,3,235,60,234,232,184,73,156,31,248,8,106,126,63,245,241,238,228,72,184,51,52,68,214,139,169,210,7,13,37,159,187,13,137,134,187,169,24,66,139,225,146,10,1,29,253,8,202,133,219,167,20,81,16,154,11,199,107,130,64,166,244,185,123,78,240,31,146,48,233,134,189,167,96,194,165,242,154,1,248,126,221,146,227,123,72,76,186,3,172,207,232,20,90]
CFO=-407.9629895464669,STO=3
EsN0dB=19.79,GRXdB=17,N0=0.007943281903862953
packet_number=1210,correct=True,payload=[0,1,2,3,4,5,6,7,8,9,10,11,12,13,14,15,16,17,18,19,20,21,22,23,24,25,26,27,28,29,30,31,32,33,34,35,36,37,38,39,40,41,42,43,44,45,46,47,48,49,50,51,52,53,54,55,56,57,58,59,60,61,62,63,64,65,66,67,68,69,70,71,72,73,74,75,76,77,78,79,80,81,82,83,84,85,86,87,88,89,90,91,92,93,94,95,96,97,98,99]
CFO=-387.4023414496321,STO=4
EsN0dB=19.81,GRXdB=17,N0=0.007943281903862953
packet_number=1211,correct=True,payload=[0,1,2,3,4,5,6,7,8,9,10,11,12,13,14,15,16,17,18,19,20,21,22,23,24,25,26,27,28,29,30,31,32,33,34,35,36,37,38,39,40,41,42,43,44,45,46,47,48,49,50,51,52,53,54,55,56,57,58,59,60,61,62,63,64,65,66,67,68,69,70,71,72,73,74,75,76,77,78,79,80,81,82,83,84,85,86,87,88,89,90,91,92,93,94,95,96,97,98,99]
CFO=-443.42041658972346,STO=6
EsN0dB=19.77,GRXdB=17,N0=0.007943281903862953
packet_number=1212,correct=True,payload=[0,1,2,3,4,5,6,7,8,9,10,11,12,13,14,15,16,17,18,19,20,21,22,23,24,25,26,27,28,29,30,31,32,33,34,35,36,37,38,39,40,41,42,43,44,45,46,47,48,49,50,51,52,53,54,55,56,57,58,59,60,61,62,63,64,65,66,67,68,69,70,71,72,73,74,75,76,77,78,79,80,81,82,83,84,85,86,87,88,89,90,91,92,93,94,95,96,97,98,99]
CFO=-523.6665719559925,STO=5
EsN0dB=19.76,GRXdB=17,N0=0.007943281903862953
packet_number=1213,correct=False,payload=[0,1,130,3,132,5,6,3,136,0,10,3,12,13,14,15,128,17,10,19,20,21,23,23,152,25,31,27,12,15,31,31,48,32,33,51,38,37,39,39,136,36,40,35,12,60,46,47,48,49,178,51,52,53,54,63,60,61,186,59,28,61,62,63,32,1,194,67,100,69,194,71,72,65,8,77,204,69,143,79,16,121,18,83,86,85,118,95,24,25,232,27,124,124,94,79,96,97,51,115]
CFO=-2686.8512779631533,STO=5
EsN0dB=-13.82,GRXdB=17,N0=0.007943281903862953
packet_number=1214,correct=False,payload=[89,165,161,178,97,133,117,219,31,98,189,123,252,27,235,30,18,198,70,184,87,196,216,33,236,105,11,92,202,29,9,196,176,37,34,207,58,112,2,80,68,34,162,241,147,148,14,48,137,42,129,55,241,103,94,52,176,233,91,102,69,165,160,194,8,22,86,232,7,106,15,91,151,126,131,78,132,37,240,41,138,182,143,160,137,164,249,216,204,98,153,50,64,28,145,135,238,86,208,20]
CFO=-430.906911202911,STO=4
EsN0dB=19.80,GRXdB=17,N0=0.007943281903862953
packet_number=1215,correct=True,payload=[0,1,2,3,4,5,6,7,8,9,10,11,12,13,14,15,16,17,18,19,20,21,22,23,24,25,26,27,28,29,30,31,32,33,34,35,36,37,38,39,40,41,42,43,44,45,46,47,48,49,50,51,52,53,54,55,56,57,58,59,60,61,62,63,64,65,66,67,68,69,70,71,72,73,74,75,76,77,78,79,80,81,82,83,84,85,86,87,88,89,90,91,92,93,94,95,96,97,98,99]
CFO=-488.66941191383665,STO=4
EsN0dB=19.75,GRXdB=17,N0=0.007943281903862953
packet_number=1216,correct=True,payload=[0,1,2,3,4,5,6,7,8,9,10,11,12,13,14,15,16,17,18,19,20,21,22,23,24,25,26,27,28,29,30,31,32,33,34,35,36,37,38,39,40,41,42,43,44,45,46,47,48,49,50,51,52,53,54,55,56,57,58,59,60,61,62,63,64,65,66,67,68,69,70,71,72,73,74,75,76,77,78,79,80,81,82,83,84,85,86,87,88,89,90,91,92,93,94,95,96,97,98,99]
CFO=-459.3357949279927,STO=4
EsN0dB=19.78,GRXdB=17,N0=0.007943281903862953
packet_number=1217,correct=True,payload=[0,1,2,3,4,5,6,7,8,9,10,11,12,13,14,15,16,17,18,19,20,21,22,23,24,25,26,27,28,29,30,31,32,33,34,35,36,37,38,39,40,41,42,43,44,45,46,47,48,49,50,51,52,53,54,55,56,57,58,59,60,61,62,63,64,65,66,67,68,69,70,71,72,73,74,75,76,77,78,79,80,81,82,83,84,85,86,87,88,89,90,91,92,93,94,95,96,97,98,99]
CFO=-387.23576665385826,STO=5
EsN0dB=19.78,GRXdB=17,N0=0.007943281903862953
packet_number=1218,correct=True,payload=[0,1,2,3,4,5,6,7,8,9,10,11,12,13,14,15,16,17,18,19,20,21,22,23,24,25,26,27,28,29,30,31,32,33,34,35,36,37,38,39,40,41,42,43,44,45,46,47,48,49,50,51,52,53,54,55,56,57,58,59,60,61,62,63,64,65,66,67,68,69,70,71,72,73,74,75,76,77,78,79,80,81,82,83,84,85,86,87,88,89,90,91,92,93,94,95,96,97,98,99]
CFO=-499.95271248217176,STO=4
EsN0dB=19.82,GRXdB=17,N0=0.007943281903862953
packet_number=1219,correct=True,payload=[0,1,2,3,4,5,6,7,8,9,10,11,12,13,14,15,16,17,18,19,20,21,22,23,24,25,26,27,28,29,30,31,32,33,34,35,36,37,38,39,40,41,42,43,44,45,46,47,48,49,50,51,52,53,54,55,56,57,58,59,60,61,62,63,64,65,66,67,68,69,70,71,72,73,74,75,76,77,78,79,80,81,82,83,84,85,86,87,88,89,90,91,92,93,94,95,96,97,98,99]
CFO=-432.4317568641,STO=6
EsN0dB=19.76,GRXdB=17,N0=0.007943281903862953
packet_number=1220,correct=True,payload=[0,1,2,3,4,5,6,7,8,9,10,11,12,13,14,15,16,17,18,19,20,21,22,23,24,25,26,27,28,29,30,31,32,33,34,35,36,37,38,39,40,41,42,43,44,45,46,47,48,49,50,51,52,53,54,55,56,57,58,59,60,61,62,63,64,65,66,67,68,69,70,71,72,73,74,75,76,77,78,79,80,81,82,83,84,85,86,87,88,89,90,91,92,93,94,95,96,97,98,99]
CFO=-488.05540636657406,STO=4
EsN0dB=19.78,GRXdB=17,N0=0.007943281903862953
packet_number=1221,correct=True,payload=[0,1,2,3,4,5,6,7,8,9,10,11,12,13,14,15,16,17,18,19,20,21,22,23,24,25,26,27,28,29,30,31,32,33,34,35,36,37,38,39,40,41,42,43,44,45,46,47,48,49,50,51,52,53,54,55,56,57,58,59,60,61,62,63,64,65,66,67,68,69,70,71,72,73,74,75,76,77,78,79,80,81,82,83,84,85,86,87,88,89,90,91,92,93,94,95,96,97,98,99]
CFO=-495.10434538852047,STO=4
EsN0dB=19.77,GRXdB=17,N0=0.007943281903862953
packet_number=1222,correct=True,payload=[0,1,2,3,4,5,6,7,8,9,10,11,12,13,14,15,16,17,18,19,20,21,22,23,24,25,26,27,28,29,30,31,32,33,34,35,36,37,38,39,40,41,42,43,44,45,46,47,48,49,50,51,52,53,54,55,56,57,58,59,60,61,62,63,64,65,66,67,68,69,70,71,72,73,74,75,76,77,78,79,80,81,82,83,84,85,86,87,88,89,90,91,92,93,94,95,96,97,98,99]
CFO=-424.5064844130965,STO=2
EsN0dB=19.76,GRXdB=17,N0=0.007943281903862953
packet_number=1223,correct=False,payload=[0,1,2,3,4,5,6,7,8,9,10,11,12,13,14,15,16,17,18,19,20,21,22,23,24,25,26,27,28,29,30,31,32,33,34,35,38,37,39,39,40,41,42,43,44,45,46,47,48,49,50,51,52,53,54,55,56,57,186,59,60,61,62,63,64,65,66,67,68,69,70,71,72,73,74,75,76,77,78,79,80,81,82,83,84,85,86,71,88,89,90,91,92,93,94,95,224,97,98,99]
CFO=-474.24277172630036,STO=1
EsN0dB=19.83,GRXdB=17,N0=0.007943281903862953
packet_number=1224,correct=True,payload=[0,1,2,3,4,5,6,7,8,9,10,11,12,13,14,15,16,17,18,19,20,21,22,23,24,25,26,27,28,29,30,31,32,33,34,35,36,37,38,39,40,41,42,43,44,45,46,47,48,49,50,51,52,53,54,55,56,57,58,59,60,61,62,63,64,65,66,67,68,69,70,71,72,73,74,75,76,77,78,79,80,81,82,83,84,85,86,87,88,89,90,91,92,93,94,95,96,97,98,99]
CFO=-1961.3977948887314,STO=7
EsN0dB=-15.27,GRXdB=17,N0=0.007943281903862953
packet_number=1225,correct=False,payload=[9,169,186,142,220,150,126,79,21,63,163,234,134,137,65,156,132,131,51,175,219,34,25,231,26,30,5,28,118,147,186,7,157,2,108,57,220,12,87,0,190,156,57,115,223,47,145,253,187,49,99,108,132,149,21,252,232,224,209,172,171,152,70,133,223,14,101,13,8,10,198,237,14,27,193,72,240,18,38,237,157,180,107,189,92,241,161,70,109,213,186,74,40,54,248,156,127,48,70,204]
CFO=-457.42894484994264,STO=2
EsN0dB=19.83,GRXdB=17,N0=0.007943281903862953
packet_number=1226,correct=False,payload=[0,1,2,3,4,5,6,7,8,9,10,11,12,13,14,15,16,17,18,19,20,21,22,23,24,25,26,27,28,29,30,31,32,33,34,35,36,37,38,39,40,41,42,43,44,45,46,47,48,49,50,51,52,53,54,55,56,57,58,59,60,61,62,63,64,65,66,67,68,69,70,71,72,73,74,75,76,77,78,79,80,81,82,83,92,85,86,87,88,89,90,91,92,93,94,95,96,97,98,99]
CFO=-411.2678643253356,STO=3
EsN0dB=19.80,GRXdB=17,N0=0.007943281903862953
packet_number=1227,correct=True,payload=[0,1,2,3,4,5,6,7,8,9,10,11,12,13,14,15,16,17,18,19,20,21,22,23,24,25,26,27,28,29,30,31,32,33,34,35,36,37,38,39,40,41,42,43,44,45,46,47,48,49,50,51,52,53,54,55,56,57,58,59,60,61,62,63,64,65,66,67,68,69,70,71,72,73,74,75,76,77,78,79,80,81,82,83,84,85,86,87,88,89,90,91,92,93,94,95,96,97,98,99]
CFO=-462.45292843944094,STO=0
EsN0dB=19.78,GRXdB=17,N0=0.007943281903862953
packet_number=1228,correct=False,payload=[0,1,2,3,0,5,6,7,8,9,10,11,12,13,14,15,16,17,18,19,20,21,22,23,152,29,26,27,28,29,30,31,32,33,50,35,36,37,38,55,40,41,42,11,44,45,46,47,48,49,50,51,52,53,54,55,56,57,58,59,60,29,62,63,64,65,66,67,68,69,70,71,72,9,74,75,76,77,78,79,80,81,82,83,84,69,86,87,92,89,90,91,92,93,94,95,96,97,98,99]
CFO=-507.0488165690899,STO=2
EsN0dB=19.80,GRXdB=17,N0=0.007943281903862953
packet_number=1229,correct=True,payload=[0,1,2,3,4,5,6,7,8,9,10,11,12,13,14,15,16,17,18,19,20,21,22,23,24,25,26,27,28,29,30,31,32,33,34,35,36,37,38,39,40,41,42,43,44,45,46,47,48,49,50,51,52,53,54,55,56,57,58,59,60,61,62,63,64,65,66,67,68,69,70,71,72,73,74,75,76,77,78,79,80,81,82,83,84,85,86,87,88,89,90,91,92,93,94,95,96,97,98,99]
CFO=-487.05145156435333,STO=1
EsN0dB=19.77,GRXdB=17,N0=0.007943281903862953
packet_number=1230,correct=False,payload=[0,1,2,3,6,5,6,7,8,13,10,11,12,13,6,15,16,17,18,19,16,21,22,23,28,25,26,27,28,29,30,31,32,33,34,35,36,37,38,39,40,41,42,43,44,45,46,47,48,49,50,51,20,55,182,55,56,57,58,59,60,61,62,63,64,65,66,67,68,71,70,71,72,73,74,75,76,77,78,79,208,81,82,83,84,85,86,87,120,89,90,91,92,93,94,95,96,97,98,115]
CFO=-465.99161268872587,STO=4
EsN0dB=19.87,GRXdB=17,N0=0.007943281903862953
packet_number=1231,correct=True,payload=[0,1,2,3,4,5,6,7,8,9,10,11,12,13,14,15,16,17,18,19,20,21,22,23,24,25,26,27,28,29,30,31,32,33,34,35,36,37,38,39,40,41,42,43,44,45,46,47,48,49,50,51,52,53,54,55,56,57,58,59,60,61,62,63,64,65,66,67,68,69,70,71,72,73,74,75,76,77,78,79,80,81,82,83,84,85,86,87,88,89,90,91,92,93,94,95,96,97,98,99]
CFO=-322.5507921423371,STO=3
EsN0dB=19.81,GRXdB=17,N0=0.007943281903862953
packet_number=1232,correct=True,payload=[0,1,2,3,4,5,6,7,8,9,10,11,12,13,14,15,16,17,18,19,20,21,22,23,24,25,26,27,28,29,30,31,32,33,34,35,36,37,38,39,40,41,42,43,44,45,46,47,48,49,50,51,52,53,54,55,56,57,58,59,60,61,62,63,64,65,66,67,68,69,70,71,72,73,74,75,76,77,78,79,80,81,82,83,84,85,86,87,88,89,90,91,92,93,94,95,96,97,98,99]
CFO=-529.3892269793399,STO=4
EsN0dB=19.77,GRXdB=17,N0=0.007943281903862953
packet_number=1233,correct=True,payload=[0,1,2,3,4,5,6,7,8,9,10,11,12,13,14,15,16,17,18,19,20,21,22,23,24,25,26,27,28,29,30,31,32,33,34,35,36,37,38,39,40,41,42,43,44,45,46,47,48,49,50,51,52,53,54,55,56,57,58,59,60,61,62,63,64,65,66,67,68,69,70,71,72,73,74,75,76,77,78,79,80,81,82,83,84,85,86,87,88,89,90,91,92,93,94,95,96,97,98,99]
CFO=-529.210349542483,STO=1
EsN0dB=19.79,GRXdB=17,N0=0.007943281903862953
packet_number=1234,correct=True,payload=[0,1,2,3,4,5,6,7,8,9,10,11,12,13,14,15,16,17,18,19,20,21,22,23,24,25,26,27,28,29,30,31,32,33,34,35,36,37,38,39,40,41,42,43,44,45,46,47,48,49,50,51,52,53,54,55,56,57,58,59,60,61,62,63,64,65,66,67,68,69,70,71,72,73,74,75,76,77,78,79,80,81,82,83,84,85,86,87,88,89,90,91,92,93,94,95,96,97,98,99]
CFO=-444.07755549307274,STO=5
EsN0dB=19.78,GRXdB=17,N0=0.007943281903862953
packet_number=1235,correct=True,payload=[0,1,2,3,4,5,6,7,8,9,10,11,12,13,14,15,16,17,18,19,20,21,22,23,24,25,26,27,28,29,30,31,32,33,34,35,36,37,38,39,40,41,42,43,44,45,46,47,48,49,50,51,52,53,54,55,56,57,58,59,60,61,62,63,64,65,66,67,68,69,70,71,72,73,74,75,76,77,78,79,80,81,82,83,84,85,86,87,88,89,90,91,92,93,94,95,96,97,98,99]
CFO=-420.4709809784806,STO=4
EsN0dB=19.76,GRXdB=17,N0=0.007943281903862953
packet_number=1236,correct=True,payload=[0,1,2,3,4,5,6,7,8,9,10,11,12,13,14,15,16,17,18,19,20,21,22,23,24,25,26,27,28,29,30,31,32,33,34,35,36,37,38,39,40,41,42,43,44,45,46,47,48,49,50,51,52,53,54,55,56,57,58,59,60,61,62,63,64,65,66,67,68,69,70,71,72,73,74,75,76,77,78,79,80,81,82,83,84,85,86,87,88,89,90,91,92,93,94,95,96,97,98,99]
CFO=-414.7006569265507,STO=6
EsN0dB=19.82,GRXdB=17,N0=0.007943281903862953
packet_number=1237,correct=True,payload=[0,1,2,3,4,5,6,7,8,9,10,11,12,13,14,15,16,17,18,19,20,21,22,23,24,25,26,27,28,29,30,31,32,33,34,35,36,37,38,39,40,41,42,43,44,45,46,47,48,49,50,51,52,53,54,55,56,57,58,59,60,61,62,63,64,65,66,67,68,69,70,71,72,73,74,75,76,77,78,79,80,81,82,83,84,85,86,87,88,89,90,91,92,93,94,95,96,97,98,99]
CFO=-532.1310854703751,STO=6
EsN0dB=19.81,GRXdB=17,N0=0.007943281903862953
packet_number=1238,correct=True,payload=[0,1,2,3,4,5,6,7,8,9,10,11,12,13,14,15,16,17,18,19,20,21,22,23,24,25,26,27,28,29,30,31,32,33,34,35,36,37,38,39,40,41,42,43,44,45,46,47,48,49,50,51,52,53,54,55,56,57,58,59,60,61,62,63,64,65,66,67,68,69,70,71,72,73,74,75,76,77,78,79,80,81,82,83,84,85,86,87,88,89,90,91,92,93,94,95,96,97,98,99]
CFO=-388.5148559425672,STO=0
EsN0dB=19.74,GRXdB=17,N0=0.007943281903862953
packet_number=1239,correct=True,payload=[0,1,2,3,4,5,6,7,8,9,10,11,12,13,14,15,16,17,18,19,20,21,22,23,24,25,26,27,28,29,30,31,32,33,34,35,36,37,38,39,40,41,42,43,44,45,46,47,48,49,50,51,52,53,54,55,56,57,58,59,60,61,62,63,64,65,66,67,68,69,70,71,72,73,74,75,76,77,78,79,80,81,82,83,84,85,86,87,88,89,90,91,92,93,94,95,96,97,98,99]
CFO=-395.934415732758,STO=3
EsN0dB=19.79,GRXdB=17,N0=0.007943281903862953
packet_number=1240,correct=True,payload=[0,1,2,3,4,5,6,7,8,9,10,11,12,13,14,15,16,17,18,19,20,21,22,23,24,25,26,27,28,29,30,31,32,33,34,35,36,37,38,39,40,41,42,43,44,45,46,47,48,49,50,51,52,53,54,55,56,57,58,59,60,61,62,63,64,65,66,67,68,69,70,71,72,73,74,75,76,77,78,79,80,81,82,83,84,85,86,87,88,89,90,91,92,93,94,95,96,97,98,99]
CFO=-536.1655809777697,STO=0
EsN0dB=19.83,GRXdB=17,N0=0.007943281903862953
packet_number=1241,correct=True,payload=[0,1,2,3,4,5,6,7,8,9,10,11,12,13,14,15,16,17,18,19,20,21,22,23,24,25,26,27,28,29,30,31,32,33,34,35,36,37,38,39,40,41,42,43,44,45,46,47,48,49,50,51,52,53,54,55,56,57,58,59,60,61,62,63,64,65,66,67,68,69,70,71,72,73,74,75,76,77,78,79,80,81,82,83,84,85,86,87,88,89,90,91,92,93,94,95,96,97,98,99]
CFO=-513.7943991423526,STO=4
EsN0dB=19.78,GRXdB=17,N0=0.007943281903862953
packet_number=1242,correct=True,payload=[0,1,2,3,4,5,6,7,8,9,10,11,12,13,14,15,16,17,18,19,20,21,22,23,24,25,26,27,28,29,30,31,32,33,34,35,36,37,38,39,40,41,42,43,44,45,46,47,48,49,50,51,52,53,54,55,56,57,58,59,60,61,62,63,64,65,66,67,68,69,70,71,72,73,74,75,76,77,78,79,80,81,82,83,84,85,86,87,88,89,90,91,92,93,94,95,96,97,98,99]
CFO=-465.01125524145016,STO=3
EsN0dB=19.78,GRXdB=17,N0=0.007943281903862953
packet_number=1243,correct=True,payload=[0,1,2,3,4,5,6,7,8,9,10,11,12,13,14,15,16,17,18,19,20,21,22,23,24,25,26,27,28,29,30,31,32,33,34,35,36,37,38,39,40,41,42,43,44,45,46,47,48,49,50,51,52,53,54,55,56,57,58,59,60,61,62,63,64,65,66,67,68,69,70,71,72,73,74,75,76,77,78,79,80,81,82,83,84,85,86,87,88,89,90,91,92,93,94,95,96,97,98,99]
CFO=-402.1571212375281,STO=1
EsN0dB=19.78,GRXdB=17,N0=0.007943281903862953
packet_number=1244,correct=False,payload=[0,1,2,3,4,4,6,7,0,4,138,3,140,12,6,15,16,24,24,19,22,23,22,23,24,25,11,25,28,29,30,31,0,49,34,3,36,36,38,39,40,24,42,63,60,37,46,47,48,49,26,59,52,60,58,55,60,24,58,25,60,61,62,31,64,65,66,1,68,69,199,71,72,9,76,75,76,47,15,79,72,17,80,91,28,87,231,87,88,88,220,91,12,93,78,127,224,113,224,99]
CFO=-499.69788476470023,STO=4
EsN0dB=19.77,GRXdB=17,N0=0.007943281903862953
packet_number=1245,correct=True,payload=[0,1,2,3,4,5,6,7,8,9,10,11,12,13,14,15,16,17,18,19,20,21,22,23,24,25,26,27,28,29,30,31,32,33,34,35,36,37,38,39,40,41,42,43,44,45,46,47,48,49,50,51,52,53,54,55,56,57,58,59,60,61,62,63,64,65,66,67,68,69,70,71,72,73,74,75,76,77,78,79,80,81,82,83,84,85,86,87,88,89,90,91,92,93,94,95,96,97,98,99]
CFO=-440.1448606350263,STO=1
EsN0dB=19.79,GRXdB=17,N0=0.007943281903862953
packet_number=1246,correct=True,payload=[0,1,2,3,4,5,6,7,8,9,10,11,12,13,14,15,16,17,18,19,20,21,22,23,24,25,26,27,28,29,30,31,32,33,34,35,36,37,38,39,40,41,42,43,44,45,46,47,48,49,50,51,52,53,54,55,56,57,58,59,60,61,62,63,64,65,66,67,68,69,70,71,72,73,74,75,76,77,78,79,80,81,82,83,84,85,86,87,88,89,90,91,92,93,94,95,96,97,98,99]
CFO=-210.06947894691362,STO=4
EsN0dB=19.79,GRXdB=17,N0=0.007943281903862953
packet_number=1247,correct=True,payload=[0,1,2,3,4,5,6,7,8,9,10,11,12,13,14,15,16,17,18,19,20,21,22,23,24,25,26,27,28,29,30,31,32,33,34,35,36,37,38,39,40,41,42,43,44,45,46,47,48,49,50,51,52,53,54,55,56,57,58,59,60,61,62,63,64,65,66,67,68,69,70,71,72,73,74,75,76,77,78,79,80,81,82,83,84,85,86,87,88,89,90,91,92,93,94,95,96,97,98,99]
CFO=-406.1727922218196,STO=4
EsN0dB=19.75,GRXdB=17,N0=0.007943281903862953
packet_number=1248,correct=True,payload=[0,1,2,3,4,5,6,7,8,9,10,11,12,13,14,15,16,17,18,19,20,21,22,23,24,25,26,27,28,29,30,31,32,33,34,35,36,37,38,39,40,41,42,43,44,45,46,47,48,49,50,51,52,53,54,55,56,57,58,59,60,61,62,63,64,65,66,67,68,69,70,71,72,73,74,75,76,77,78,79,80,81,82,83,84,85,86,87,88,89,90,91,92,93,94,95,96,97,98,99]
CFO=-449.5817867585875,STO=1
EsN0dB=19.82,GRXdB=17,N0=0.007943281903862953
packet_number=1249,correct=True,payload=[0,1,2,3,4,5,6,7,8,9,10,11,12,13,14,15,16,17,18,19,20,21,22,23,24,25,26,27,28,29,30,31,32,33,34,35,36,37,38,39,40,41,42,43,44,45,46,47,48,49,50,51,52,53,54,55,56,57,58,59,60,61,62,63,64,65,66,67,68,69,70,71,72,73,74,75,76,77,78,79,80,81,82,83,84,85,86,87,88,89,90,91,92,93,94,95,96,97,98,99]
CFO=-376.76758275834726,STO=1
EsN0dB=19.81,GRXdB=17,N0=0.007943281903862953
packet_number=1250,correct=True,payload=[0,1,2,3,4,5,6,7,8,9,10,11,12,13,14,15,16,17,18,19,20,21,22,23,24,25,26,27,28,29,30,31,32,33,34,35,36,37,38,39,40,41,42,43,44,45,46,47,48,49,50,51,52,53,54,55,56,57,58,59,60,61,62,63,64,65,66,67,68,69,70,71,72,73,74,75,76,77,78,79,80,81,82,83,84,85,86,87,88,89,90,91,92,93,94,95,96,97,98,99]
CFO=-527.0893742197497,STO=3
EsN0dB=19.78,GRXdB=17,N0=0.007943281903862953
packet_number=1251,correct=True,payload=[0,1,2,3,4,5,6,7,8,9,10,11,12,13,14,15,16,17,18,19,20,21,22,23,24,25,26,27,28,29,30,31,32,33,34,35,36,37,38,39,40,41,42,43,44,45,46,47,48,49,50,51,52,53,54,55,56,57,58,59,60,61,62,63,64,65,66,67,68,69,70,71,72,73,74,75,76,77,78,79,80,81,82,83,84,85,86,87,88,89,90,91,92,93,94,95,96,97,98,99]
CFO=-517.2508187434311,STO=5
EsN0dB=19.80,GRXdB=17,N0=0.007943281903862953
packet_number=1252,correct=True,payload=[0,1,2,3,4,5,6,7,8,9,10,11,12,13,14,15,16,17,18,19,20,21,22,23,24,25,26,27,28,29,30,31,32,33,34,35,36,37,38,39,40,41,42,43,44,45,46,47,48,49,50,51,52,53,54,55,56,57,58,59,60,61,62,63,64,65,66,67,68,69,70,71,72,73,74,75,76,77,78,79,80,81,82,83,84,85,86,87,88,89,90,91,92,93,94,95,96,97,98,99]
CFO=-458.01013347267747,STO=4
EsN0dB=19.82,GRXdB=17,N0=0.007943281903862953
packet_number=1253,correct=True,payload=[0,1,2,3,4,5,6,7,8,9,10,11,12,13,14,15,16,17,18,19,20,21,22,23,24,25,26,27,28,29,30,31,32,33,34,35,36,37,38,39,40,41,42,43,44,45,46,47,48,49,50,51,52,53,54,55,56,57,58,59,60,61,62,63,64,65,66,67,68,69,70,71,72,73,74,75,76,77,78,79,80,81,82,83,84,85,86,87,88,89,90,91,92,93,94,95,96,97,98,99]
CFO=-488.3420727262703,STO=4
EsN0dB=19.77,GRXdB=17,N0=0.007943281903862953
packet_number=1254,correct=True,payload=[0,1,2,3,4,5,6,7,8,9,10,11,12,13,14,15,16,17,18,19,20,21,22,23,24,25,26,27,28,29,30,31,32,33,34,35,36,37,38,39,40,41,42,43,44,45,46,47,48,49,50,51,52,53,54,55,56,57,58,59,60,61,62,63,64,65,66,67,68,69,70,71,72,73,74,75,76,77,78,79,80,81,82,83,84,85,86,87,88,89,90,91,92,93,94,95,96,97,98,99]
CFO=-502.01771819920623,STO=5
EsN0dB=19.75,GRXdB=17,N0=0.007943281903862953
packet_number=1255,correct=True,payload=[0,1,2,3,4,5,6,7,8,9,10,11,12,13,14,15,16,17,18,19,20,21,22,23,24,25,26,27,28,29,30,31,32,33,34,35,36,37,38,39,40,41,42,43,44,45,46,47,48,49,50,51,52,53,54,55,56,57,58,59,60,61,62,63,64,65,66,67,68,69,70,71,72,73,74,75,76,77,78,79,80,81,82,83,84,85,86,87,88,89,90,91,92,93,94,95,96,97,98,99]
CFO=-468.8254593611609,STO=2
EsN0dB=19.77,GRXdB=17,N0=0.007943281903862953
packet_number=1256,correct=True,payload=[0,1,2,3,4,5,6,7,8,9,10,11,12,13,14,15,16,17,18,19,20,21,22,23,24,25,26,27,28,29,30,31,32,33,34,35,36,37,38,39,40,41,42,43,44,45,46,47,48,49,50,51,52,53,54,55,56,57,58,59,60,61,62,63,64,65,66,67,68,69,70,71,72,73,74,75,76,77,78,79,80,81,82,83,84,85,86,87,88,89,90,91,92,93,94,95,96,97,98,99]
CFO=-404.0643270545974,STO=5
EsN0dB=19.75,GRXdB=17,N0=0.007943281903862953
packet_number=1257,correct=True,payload=[0,1,2,3,4,5,6,7,8,9,10,11,12,13,14,15,16,17,18,19,20,21,22,23,24,25,26,27,28,29,30,31,32,33,34,35,36,37,38,39,40,41,42,43,44,45,46,47,48,49,50,51,52,53,54,55,56,57,58,59,60,61,62,63,64,65,66,67,68,69,70,71,72,73,74,75,76,77,78,79,80,81,82,83,84,85,86,87,88,89,90,91,92,93,94,95,96,97,98,99]
CFO=-374.6185040530916,STO=5
EsN0dB=19.77,GRXdB=17,N0=0.007943281903862953
packet_number=1258,correct=True,payload=[0,1,2,3,4,5,6,7,8,9,10,11,12,13,14,15,16,17,18,19,20,21,22,23,24,25,26,27,28,29,30,31,32,33,34,35,36,37,38,39,40,41,42,43,44,45,46,47,48,49,50,51,52,53,54,55,56,57,58,59,60,61,62,63,64,65,66,67,68,69,70,71,72,73,74,75,76,77,78,79,80,81,82,83,84,85,86,87,88,89,90,91,92,93,94,95,96,97,98,99]
CFO=1750.8045643482362,STO=4
EsN0dB=nan,GRXdB=17,N0=0.007943281903862953
packet_number=1259,correct=False,payload=[219,162,228,154,161,183,208,38,131,79,221,243,89,105,137,198,209,67,31,34,98,46,130,208,129,103,229,26,169,142,131,133,131,34,79,180,146,72,230,97,3,178,66,208,19,171,123,20,31,200,221,219,193,74,242,254,56,228,187,150,200,109,204,171,197,8,119,228,32,109,164,183,204,147,231,52,63,126,182,90,9,37,32,75,129,143,101,208,210,148,76,55,139,126,194,1,92,10,44,127]
CFO=-455.979604795594,STO=5
EsN0dB=19.73,GRXdB=17,N0=0.007943281903862953
packet_number=1260,correct=True,payload=[0,1,2,3,4,5,6,7,8,9,10,11,12,13,14,15,16,17,18,19,20,21,22,23,24,25,26,27,28,29,30,31,32,33,34,35,36,37,38,39,40,41,42,43,44,45,46,47,48,49,50,51,52,53,54,55,56,57,58,59,60,61,62,63,64,65,66,67,68,69,70,71,72,73,74,75,76,77,78,79,80,81,82,83,84,85,86,87,88,89,90,91,92,93,94,95,96,97,98,99]
CFO=-429.99485564733544,STO=3
EsN0dB=19.81,GRXdB=17,N0=0.007943281903862953
packet_number=1261,correct=True,payload=[0,1,2,3,4,5,6,7,8,9,10,11,12,13,14,15,16,17,18,19,20,21,22,23,24,25,26,27,28,29,30,31,32,33,34,35,36,37,38,39,40,41,42,43,44,45,46,47,48,49,50,51,52,53,54,55,56,57,58,59,60,61,62,63,64,65,66,67,68,69,70,71,72,73,74,75,76,77,78,79,80,81,82,83,84,85,86,87,88,89,90,91,92,93,94,95,96,97,98,99]
CFO=-422.7960912084391,STO=4
EsN0dB=19.81,GRXdB=17,N0=0.007943281903862953
packet_number=1262,correct=True,payload=[0,1,2,3,4,5,6,7,8,9,10,11,12,13,14,15,16,17,18,19,20,21,22,23,24,25,26,27,28,29,30,31,32,33,34,35,36,37,38,39,40,41,42,43,44,45,46,47,48,49,50,51,52,53,54,55,56,57,58,59,60,61,62,63,64,65,66,67,68,69,70,71,72,73,74,75,76,77,78,79,80,81,82,83,84,85,86,87,88,89,90,91,92,93,94,95,96,97,98,99]
CFO=-452.3405132081197,STO=6
EsN0dB=19.82,GRXdB=17,N0=0.007943281903862953
packet_number=1263,correct=True,payload=[0,1,2,3,4,5,6,7,8,9,10,11,12,13,14,15,16,17,18,19,20,21,22,23,24,25,26,27,28,29,30,31,32,33,34,35,36,37,38,39,40,41,42,43,44,45,46,47,48,49,50,51,52,53,54,55,56,57,58,59,60,61,62,63,64,65,66,67,68,69,70,71,72,73,74,75,76,77,78,79,80,81,82,83,84,85,86,87,88,89,90,91,92,93,94,95,96,97,98,99]
CFO=-418.3362504136689,STO=3
EsN0dB=19.76,GRXdB=17,N0=0.007943281903862953
packet_number=1264,correct=True,payload=[0,1,2,3,4,5,6,7,8,9,10,11,12,13,14,15,16,17,18,19,20,21,22,23,24,25,26,27,28,29,30,31,32,33,34,35,36,37,38,39,40,41,42,43,44,45,46,47,48,49,50,51,52,53,54,55,56,57,58,59,60,61,62,63,64,65,66,67,68,69,70,71,72,73,74,75,76,77,78,79,80,81,82,83,84,85,86,87,88,89,90,91,92,93,94,95,96,97,98,99]
CFO=-422.8937415692291,STO=2
EsN0dB=19.80,GRXdB=17,N0=0.007943281903862953
packet_number=1265,correct=True,payload=[0,1,2,3,4,5,6,7,8,9,10,11,12,13,14,15,16,17,18,19,20,21,22,23,24,25,26,27,28,29,30,31,32,33,34,35,36,37,38,39,40,41,42,43,44,45,46,47,48,49,50,51,52,53,54,55,56,57,58,59,60,61,62,63,64,65,66,67,68,69,70,71,72,73,74,75,76,77,78,79,80,81,82,83,84,85,86,87,88,89,90,91,92,93,94,95,96,97,98,99]
CFO=-515.137906838468,STO=2
EsN0dB=19.79,GRXdB=17,N0=0.007943281903862953
packet_number=1266,correct=True,payload=[0,1,2,3,4,5,6,7,8,9,10,11,12,13,14,15,16,17,18,19,20,21,22,23,24,25,26,27,28,29,30,31,32,33,34,35,36,37,38,39,40,41,42,43,44,45,46,47,48,49,50,51,52,53,54,55,56,57,58,59,60,61,62,63,64,65,66,67,68,69,70,71,72,73,74,75,76,77,78,79,80,81,82,83,84,85,86,87,88,89,90,91,92,93,94,95,96,97,98,99]
CFO=-471.3496055724018,STO=0
EsN0dB=19.79,GRXdB=17,N0=0.007943281903862953
packet_number=1267,correct=True,payload=[0,1,2,3,4,5,6,7,8,9,10,11,12,13,14,15,16,17,18,19,20,21,22,23,24,25,26,27,28,29,30,31,32,33,34,35,36,37,38,39,40,41,42,43,44,45,46,47,48,49,50,51,52,53,54,55,56,57,58,59,60,61,62,63,64,65,66,67,68,69,70,71,72,73,74,75,76,77,78,79,80,81,82,83,84,85,86,87,88,89,90,91,92,93,94,95,96,97,98,99]
CFO=-348.13346726406417,STO=4
EsN0dB=19.79,GRXdB=17,N0=0.007943281903862953
packet_number=1268,correct=True,payload=[0,1,2,3,4,5,6,7,8,9,10,11,12,13,14,15,16,17,18,19,20,21,22,23,24,25,26,27,28,29,30,31,32,33,34,35,36,37,38,39,40,41,42,43,44,45,46,47,48,49,50,51,52,53,54,55,56,57,58,59,60,61,62,63,64,65,66,67,68,69,70,71,72,73,74,75,76,77,78,79,80,81,82,83,84,85,86,87,88,89,90,91,92,93,94,95,96,97,98,99]
CFO=-497.6198352836258,STO=4
EsN0dB=19.79,GRXdB=17,N0=0.007943281903862953
packet_number=1269,correct=True,payload=[0,1,2,3,4,5,6,7,8,9,10,11,12,13,14,15,16,17,18,19,20,21,22,23,24,25,26,27,28,29,30,31,32,33,34,35,36,37,38,39,40,41,42,43,44,45,46,47,48,49,50,51,52,53,54,55,56,57,58,59,60,61,62,63,64,65,66,67,68,69,70,71,72,73,74,75,76,77,78,79,80,81,82,83,84,85,86,87,88,89,90,91,92,93,94,95,96,97,98,99]
CFO=-556.8435636611274,STO=6
EsN0dB=19.78,GRXdB=17,N0=0.007943281903862953
packet_number=1270,correct=True,payload=[0,1,2,3,4,5,6,7,8,9,10,11,12,13,14,15,16,17,18,19,20,21,22,23,24,25,26,27,28,29,30,31,32,33,34,35,36,37,38,39,40,41,42,43,44,45,46,47,48,49,50,51,52,53,54,55,56,57,58,59,60,61,62,63,64,65,66,67,68,69,70,71,72,73,74,75,76,77,78,79,80,81,82,83,84,85,86,87,88,89,90,91,92,93,94,95,96,97,98,99]
CFO=-485.10677457058745,STO=1
EsN0dB=19.81,GRXdB=17,N0=0.007943281903862953
packet_number=1271,correct=True,payload=[0,1,2,3,4,5,6,7,8,9,10,11,12,13,14,15,16,17,18,19,20,21,22,23,24,25,26,27,28,29,30,31,32,33,34,35,36,37,38,39,40,41,42,43,44,45,46,47,48,49,50,51,52,53,54,55,56,57,58,59,60,61,62,63,64,65,66,67,68,69,70,71,72,73,74,75,76,77,78,79,80,81,82,83,84,85,86,87,88,89,90,91,92,93,94,95,96,97,98,99]
CFO=-374.99431268203364,STO=3
EsN0dB=19.79,GRXdB=17,N0=0.007943281903862953
packet_number=1272,correct=True,payload=[0,1,2,3,4,5,6,7,8,9,10,11,12,13,14,15,16,17,18,19,20,21,22,23,24,25,26,27,28,29,30,31,32,33,34,35,36,37,38,39,40,41,42,43,44,45,46,47,48,49,50,51,52,53,54,55,56,57,58,59,60,61,62,63,64,65,66,67,68,69,70,71,72,73,74,75,76,77,78,79,80,81,82,83,84,85,86,87,88,89,90,91,92,93,94,95,96,97,98,99]
CFO=-438.7473695427365,STO=3
EsN0dB=19.80,GRXdB=17,N0=0.007943281903862953
packet_number=1273,correct=True,payload=[0,1,2,3,4,5,6,7,8,9,10,11,12,13,14,15,16,17,18,19,20,21,22,23,24,25,26,27,28,29,30,31,32,33,34,35,36,37,38,39,40,41,42,43,44,45,46,47,48,49,50,51,52,53,54,55,56,57,58,59,60,61,62,63,64,65,66,67,68,69,70,71,72,73,74,75,76,77,78,79,80,81,82,83,84,85,86,87,88,89,90,91,92,93,94,95,96,97,98,99]
CFO=-410.58763203065195,STO=5
EsN0dB=19.80,GRXdB=17,N0=0.007943281903862953
packet_number=1274,correct=True,payload=[0,1,2,3,4,5,6,7,8,9,10,11,12,13,14,15,16,17,18,19,20,21,22,23,24,25,26,27,28,29,30,31,32,33,34,35,36,37,38,39,40,41,42,43,44,45,46,47,48,49,50,51,52,53,54,55,56,57,58,59,60,61,62,63,64,65,66,67,68,69,70,71,72,73,74,75,76,77,78,79,80,81,82,83,84,85,86,87,88,89,90,91,92,93,94,95,96,97,98,99]
CFO=-556.0967488800035,STO=4
EsN0dB=19.75,GRXdB=17,N0=0.007943281903862953
packet_number=1275,correct=True,payload=[0,1,2,3,4,5,6,7,8,9,10,11,12,13,14,15,16,17,18,19,20,21,22,23,24,25,26,27,28,29,30,31,32,33,34,35,36,37,38,39,40,41,42,43,44,45,46,47,48,49,50,51,52,53,54,55,56,57,58,59,60,61,62,63,64,65,66,67,68,69,70,71,72,73,74,75,76,77,78,79,80,81,82,83,84,85,86,87,88,89,90,91,92,93,94,95,96,97,98,99]
CFO=-453.7190611976333,STO=6
EsN0dB=19.74,GRXdB=17,N0=0.007943281903862953
packet_number=1276,correct=True,payload=[0,1,2,3,4,5,6,7,8,9,10,11,12,13,14,15,16,17,18,19,20,21,22,23,24,25,26,27,28,29,30,31,32,33,34,35,36,37,38,39,40,41,42,43,44,45,46,47,48,49,50,51,52,53,54,55,56,57,58,59,60,61,62,63,64,65,66,67,68,69,70,71,72,73,74,75,76,77,78,79,80,81,82,83,84,85,86,87,88,89,90,91,92,93,94,95,96,97,98,99]
CFO=-486.1958695780871,STO=7
EsN0dB=19.79,GRXdB=17,N0=0.007943281903862953
packet_number=1277,correct=True,payload=[0,1,2,3,4,5,6,7,8,9,10,11,12,13,14,15,16,17,18,19,20,21,22,23,24,25,26,27,28,29,30,31,32,33,34,35,36,37,38,39,40,41,42,43,44,45,46,47,48,49,50,51,52,53,54,55,56,57,58,59,60,61,62,63,64,65,66,67,68,69,70,71,72,73,74,75,76,77,78,79,80,81,82,83,84,85,86,87,88,89,90,91,92,93,94,95,96,97,98,99]
CFO=-246.20220240596146,STO=5
EsN0dB=19.80,GRXdB=17,N0=0.007943281903862953
packet_number=1278,correct=True,payload=[0,1,2,3,4,5,6,7,8,9,10,11,12,13,14,15,16,17,18,19,20,21,22,23,24,25,26,27,28,29,30,31,32,33,34,35,36,37,38,39,40,41,42,43,44,45,46,47,48,49,50,51,52,53,54,55,56,57,58,59,60,61,62,63,64,65,66,67,68,69,70,71,72,73,74,75,76,77,78,79,80,81,82,83,84,85,86,87,88,89,90,91,92,93,94,95,96,97,98,99]
CFO=-433.6603905019089,STO=3
EsN0dB=19.80,GRXdB=17,N0=0.007943281903862953
packet_number=1279,correct=True,payload=[0,1,2,3,4,5,6,7,8,9,10,11,12,13,14,15,16,17,18,19,20,21,22,23,24,25,26,27,28,29,30,31,32,33,34,35,36,37,38,39,40,41,42,43,44,45,46,47,48,49,50,51,52,53,54,55,56,57,58,59,60,61,62,63,64,65,66,67,68,69,70,71,72,73,74,75,76,77,78,79,80,81,82,83,84,85,86,87,88,89,90,91,92,93,94,95,96,97,98,99]
CFO=-382.37924720768206,STO=5
EsN0dB=19.77,GRXdB=17,N0=0.007943281903862953
packet_number=1280,correct=True,payload=[0,1,2,3,4,5,6,7,8,9,10,11,12,13,14,15,16,17,18,19,20,21,22,23,24,25,26,27,28,29,30,31,32,33,34,35,36,37,38,39,40,41,42,43,44,45,46,47,48,49,50,51,52,53,54,55,56,57,58,59,60,61,62,63,64,65,66,67,68,69,70,71,72,73,74,75,76,77,78,79,80,81,82,83,84,85,86,87,88,89,90,91,92,93,94,95,96,97,98,99]
CFO=-491.70546657380925,STO=6
EsN0dB=19.79,GRXdB=17,N0=0.007943281903862953
packet_number=1281,correct=True,payload=[0,1,2,3,4,5,6,7,8,9,10,11,12,13,14,15,16,17,18,19,20,21,22,23,24,25,26,27,28,29,30,31,32,33,34,35,36,37,38,39,40,41,42,43,44,45,46,47,48,49,50,51,52,53,54,55,56,57,58,59,60,61,62,63,64,65,66,67,68,69,70,71,72,73,74,75,76,77,78,79,80,81,82,83,84,85,86,87,88,89,90,91,92,93,94,95,96,97,98,99]
CFO=-402.3037153583862,STO=3
EsN0dB=19.78,GRXdB=17,N0=0.007943281903862953
packet_number=1282,correct=True,payload=[0,1,2,3,4,5,6,7,8,9,10,11,12,13,14,15,16,17,18,19,20,21,22,23,24,25,26,27,28,29,30,31,32,33,34,35,36,37,38,39,40,41,42,43,44,45,46,47,48,49,50,51,52,53,54,55,56,57,58,59,60,61,62,63,64,65,66,67,68,69,70,71,72,73,74,75,76,77,78,79,80,81,82,83,84,85,86,87,88,89,90,91,92,93,94,95,96,97,98,99]
CFO=-590.0287966535421,STO=5
EsN0dB=18.78,GRXdB=17,N0=0.009999999776482582
packet_number=1283,correct=True,payload=[0,1,2,3,4,5,6,7,8,9,10,11,12,13,14,15,16,17,18,19,20,21,22,23,24,25,26,27,28,29,30,31,32,33,34,35,36,37,38,39,40,41,42,43,44,45,46,47,48,49,50,51,52,53,54,55,56,57,58,59,60,61,62,63,64,65,66,67,68,69,70,71,72,73,74,75,76,77,78,79,80,81,82,83,84,85,86,87,88,89,90,91,92,93,94,95,96,97,98,99]
CFO=-424.8419759531878,STO=1
EsN0dB=18.76,GRXdB=17,N0=0.009999999776482582
packet_number=1284,correct=True,payload=[0,1,2,3,4,5,6,7,8,9,10,11,12,13,14,15,16,17,18,19,20,21,22,23,24,25,26,27,28,29,30,31,32,33,34,35,36,37,38,39,40,41,42,43,44,45,46,47,48,49,50,51,52,53,54,55,56,57,58,59,60,61,62,63,64,65,66,67,68,69,70,71,72,73,74,75,76,77,78,79,80,81,82,83,84,85,86,87,88,89,90,91,92,93,94,95,96,97,98,99]
CFO=-2371.454012114428,STO=2
EsN0dB=-25.80,GRXdB=17,N0=0.009999999776482582
packet_number=1285,correct=False,payload=[224,72,119,215,122,145,109,148,255,189,185,129,137,245,119,221,97,56,22,126,219,72,130,216,235,5,126,22,21,212,73,154,95,28,102,241,210,206,201,195,209,106,63,202,235,155,144,94,63,241,174,168,2,194,181,75,141,53,249,178,9,152,153,182,131,42,219,78,118,179,112,245,103,103,167,217,228,208,186,75,215,102,9,193,155,235,126,41,82,202,1,121,24,18,18,224,12,152,104,62]
CFO=-525.1478099424024,STO=2
EsN0dB=18.79,GRXdB=17,N0=0.009999999776482582
packet_number=1286,correct=False,payload=[0,1,2,3,4,5,6,7,8,9,10,11,12,13,14,15,16,17,18,19,20,21,22,23,24,25,26,27,28,29,30,31,32,33,34,35,36,37,38,39,40,41,42,43,44,45,46,47,48,49,50,51,52,53,54,55,56,57,58,59,60,61,62,63,64,65,66,67,68,69,70,71,72,73,74,75,76,77,78,111,80,81,82,83,84,85,86,87,88,89,90,91,92,93,94,95,96,97,98,99]
CFO=-382.6855385032748,STO=2
EsN0dB=18.79,GRXdB=17,N0=0.009999999776482582
packet_number=1287,correct=True,payload=[0,1,2,3,4,5,6,7,8,9,10,11,12,13,14,15,16,17,18,19,20,21,22,23,24,25,26,27,28,29,30,31,32,33,34,35,36,37,38,39,40,41,42,43,44,45,46,47,48,49,50,51,52,53,54,55,56,57,58,59,60,61,62,63,64,65,66,67,68,69,70,71,72,73,74,75,76,77,78,79,80,81,82,83,84,85,86,87,88,89,90,91,92,93,94,95,96,97,98,99]
CFO=-453.47878913503365,STO=4
EsN0dB=18.79,GRXdB=17,N0=0.009999999776482582
packet_number=1288,correct=True,payload=[0,1,2,3,4,5,6,7,8,9,10,11,12,13,14,15,16,17,18,19,20,21,22,23,24,25,26,27,28,29,30,31,32,33,34,35,36,37,38,39,40,41,42,43,44,45,46,47,48,49,50,51,52,53,54,55,56,57,58,59,60,61,62,63,64,65,66,67,68,69,70,71,72,73,74,75,76,77,78,79,80,81,82,83,84,85,86,87,88,89,90,91,92,93,94,95,96,97,98,99]
CFO=2653.0871390067105,STO=1
EsN0dB=nan,GRXdB=17,N0=0.009999999776482582
packet_number=1289,correct=False,payload=[92,187,103,29,154,112,66,139,184,61,120,162,250,244,255,106,8,85,24,217,34,103,128,12,73,255,17,158,134,200,36,103,181,233,233,180,34,249,163,250,251,114,197,129,158,152,226,63,138,61,136,141,62,78,132,87,1,145,205,115,251,141,75,149,54,192,91,211,182,24,5,34,11,110,185,211,45,77,136,175,38,127,239,199,70,169,85,226,85,167,164,89,210,219,85,22,221,212,11,137]
CFO=-439.47112057744437,STO=2
EsN0dB=18.81,GRXdB=17,N0=0.009999999776482582
packet_number=1290,correct=False,payload=[0,1,2,3,4,5,6,7,8,9,10,11,12,13,14,15,16,17,18,19,20,23,6,23,24,25,26,27,28,29,30,31,32,33,34,19,36,36,38,39,40,41,42,43,44,45,46,47,48,49,50,59,52,53,54,55,56,57,58,59,60,61,62,63,64,65,66,67,68,69,70,71,72,73,74,67,76,77,78,79,80,81,82,83,84,85,86,87,88,89,90,91,92,93,94,95,96,97,98,99]
CFO=-433.14056685999844,STO=4
EsN0dB=18.80,GRXdB=17,N0=0.009999999776482582
packet_number=1291,correct=True,payload=[0,1,2,3,4,5,6,7,8,9,10,11,12,13,14,15,16,17,18,19,20,21,22,23,24,25,26,27,28,29,30,31,32,33,34,35,36,37,38,39,40,41,42,43,44,45,46,47,48,49,50,51,52,53,54,55,56,57,58,59,60,61,62,63,64,65,66,67,68,69,70,71,72,73,74,75,76,77,78,79,80,81,82,83,84,85,86,87,88,89,90,91,92,93,94,95,96,97,98,99]
CFO=-410.70597454439627,STO=4
EsN0dB=18.79,GRXdB=17,N0=0.009999999776482582
packet_number=1292,correct=True,payload=[0,1,2,3,4,5,6,7,8,9,10,11,12,13,14,15,16,17,18,19,20,21,22,23,24,25,26,27,28,29,30,31,32,33,34,35,36,37,38,39,40,41,42,43,44,45,46,47,48,49,50,51,52,53,54,55,56,57,58,59,60,61,62,63,64,65,66,67,68,69,70,71,72,73,74,75,76,77,78,79,80,81,82,83,84,85,86,87,88,89,90,91,92,93,94,95,96,97,98,99]
CFO=-345.96147303698376,STO=5
EsN0dB=18.76,GRXdB=17,N0=0.009999999776482582
packet_number=1293,correct=True,payload=[0,1,2,3,4,5,6,7,8,9,10,11,12,13,14,15,16,17,18,19,20,21,22,23,24,25,26,27,28,29,30,31,32,33,34,35,36,37,38,39,40,41,42,43,44,45,46,47,48,49,50,51,52,53,54,55,56,57,58,59,60,61,62,63,64,65,66,67,68,69,70,71,72,73,74,75,76,77,78,79,80,81,82,83,84,85,86,87,88,89,90,91,92,93,94,95,96,97,98,99]
CFO=-447.92425044321027,STO=1
EsN0dB=18.77,GRXdB=17,N0=0.009999999776482582
packet_number=1294,correct=False,payload=[0,1,6,7,12,5,6,7,8,9,2,11,28,29,30,15,16,17,18,19,24,29,22,31,24,17,26,26,28,29,30,63,32,97,38,35,36,35,38,39,40,105,10,107,44,45,46,46,112,48,50,51,52,53,62,39,56,57,62,123,120,125,62,63,64,65,66,66,68,77,206,71,128,9,74,75,204,139,94,79,80,83,66,22,84,215,76,87,88,81,250,218,28,221,30,31,96,97,98,227]
CFO=-367.3784738879598,STO=3
EsN0dB=18.82,GRXdB=17,N0=0.009999999776482582
packet_number=1295,correct=True,payload=[0,1,2,3,4,5,6,7,8,9,10,11,12,13,14,15,16,17,18,19,20,21,22,23,24,25,26,27,28,29,30,31,32,33,34,35,36,37,38,39,40,41,42,43,44,45,46,47,48,49,50,51,52,53,54,55,56,57,58,59,60,61,62,63,64,65,66,67,68,69,70,71,72,73,74,75,76,77,78,79,80,81,82,83,84,85,86,87,88,89,90,91,92,93,94,95,96,97,98,99]
CFO=-449.22284608814255,STO=4
EsN0dB=18.81,GRXdB=17,N0=0.009999999776482582
packet_number=1296,correct=True,payload=[0,1,2,3,4,5,6,7,8,9,10,11,12,13,14,15,16,17,18,19,20,21,22,23,24,25,26,27,28,29,30,31,32,33,34,35,36,37,38,39,40,41,42,43,44,45,46,47,48,49,50,51,52,53,54,55,56,57,58,59,60,61,62,63,64,65,66,67,68,69,70,71,72,73,74,75,76,77,78,79,80,81,82,83,84,85,86,87,88,89,90,91,92,93,94,95,96,97,98,99]
CFO=-435.2905645577206,STO=3
EsN0dB=18.78,GRXdB=17,N0=0.009999999776482582
packet_number=1297,correct=True,payload=[0,1,2,3,4,5,6,7,8,9,10,11,12,13,14,15,16,17,18,19,20,21,22,23,24,25,26,27,28,29,30,31,32,33,34,35,36,37,38,39,40,41,42,43,44,45,46,47,48,49,50,51,52,53,54,55,56,57,58,59,60,61,62,63,64,65,66,67,68,69,70,71,72,73,74,75,76,77,78,79,80,81,82,83,84,85,86,87,88,89,90,91,92,93,94,95,96,97,98,99]
CFO=-491.28800683469416,STO=3
EsN0dB=18.75,GRXdB=17,N0=0.009999999776482582
packet_number=1298,correct=True,payload=[0,1,2,3,4,5,6,7,8,9,10,11,12,13,14,15,16,17,18,19,20,21,22,23,24,25,26,27,28,29,30,31,32,33,34,35,36,37,38,39,40,41,42,43,44,45,46,47,48,49,50,51,52,53,54,55,56,57,58,59,60,61,62,63,64,65,66,67,68,69,70,71,72,73,74,75,76,77,78,79,80,81,82,83,84,85,86,87,88,89,90,91,92,93,94,95,96,97,98,99]
CFO=-492.0639329255618,STO=5
EsN0dB=18.78,GRXdB=17,N0=0.009999999776482582
packet_number=1299,correct=True,payload=[0,1,2,3,4,5,6,7,8,9,10,11,12,13,14,15,16,17,18,19,20,21,22,23,24,25,26,27,28,29,30,31,32,33,34,35,36,37,38,39,40,41,42,43,44,45,46,47,48,49,50,51,52,53,54,55,56,57,58,59,60,61,62,63,64,65,66,67,68,69,70,71,72,73,74,75,76,77,78,79,80,81,82,83,84,85,86,87,88,89,90,91,92,93,94,95,96,97,98,99]
CFO=-458.95986771937754,STO=1
EsN0dB=18.77,GRXdB=17,N0=0.009999999776482582
packet_number=1300,correct=True,payload=[0,1,2,3,4,5,6,7,8,9,10,11,12,13,14,15,16,17,18,19,20,21,22,23,24,25,26,27,28,29,30,31,32,33,34,35,36,37,38,39,40,41,42,43,44,45,46,47,48,49,50,51,52,53,54,55,56,57,58,59,60,61,62,63,64,65,66,67,68,69,70,71,72,73,74,75,76,77,78,79,80,81,82,83,84,85,86,87,88,89,90,91,92,93,94,95,96,97,98,99]
CFO=-473.4576853556864,STO=4
EsN0dB=18.80,GRXdB=17,N0=0.009999999776482582
packet_number=1301,correct=True,payload=[0,1,2,3,4,5,6,7,8,9,10,11,12,13,14,15,16,17,18,19,20,21,22,23,24,25,26,27,28,29,30,31,32,33,34,35,36,37,38,39,40,41,42,43,44,45,46,47,48,49,50,51,52,53,54,55,56,57,58,59,60,61,62,63,64,65,66,67,68,69,70,71,72,73,74,75,76,77,78,79,80,81,82,83,84,85,86,87,88,89,90,91,92,93,94,95,96,97,98,99]
CFO=-542.0780820577351,STO=3
EsN0dB=18.80,GRXdB=17,N0=0.009999999776482582
packet_number=1302,correct=True,payload=[0,1,2,3,4,5,6,7,8,9,10,11,12,13,14,15,16,17,18,19,20,21,22,23,24,25,26,27,28,29,30,31,32,33,34,35,36,37,38,39,40,41,42,43,44,45,46,47,48,49,50,51,52,53,54,55,56,57,58,59,60,61,62,63,64,65,66,67,68,69,70,71,72,73,74,75,76,77,78,79,80,81,82,83,84,85,86,87,88,89,90,91,92,93,94,95,96,97,98,99]
CFO=-439.7416008117638,STO=3
EsN0dB=18.77,GRXdB=17,N0=0.009999999776482582
packet_number=1303,correct=True,payload=[0,1,2,3,4,5,6,7,8,9,10,11,12,13,14,15,16,17,18,19,20,21,22,23,24,25,26,27,28,29,30,31,32,33,34,35,36,37,38,39,40,41,42,43,44,45,46,47,48,49,50,51,52,53,54,55,56,57,58,59,60,61,62,63,64,65,66,67,68,69,70,71,72,73,74,75,76,77,78,79,80,81,82,83,84,85,86,87,88,89,90,91,92,93,94,95,96,97,98,99]
CFO=-311.63947600848695,STO=3
EsN0dB=18.81,GRXdB=17,N0=0.009999999776482582
packet_number=1304,correct=True,payload=[0,1,2,3,4,5,6,7,8,9,10,11,12,13,14,15,16,17,18,19,20,21,22,23,24,25,26,27,28,29,30,31,32,33,34,35,36,37,38,39,40,41,42,43,44,45,46,47,48,49,50,51,52,53,54,55,56,57,58,59,60,61,62,63,64,65,66,67,68,69,70,71,72,73,74,75,76,77,78,79,80,81,82,83,84,85,86,87,88,89,90,91,92,93,94,95,96,97,98,99]
CFO=-432.724915460898,STO=4
EsN0dB=18.80,GRXdB=17,N0=0.009999999776482582
packet_number=1305,correct=True,payload=[0,1,2,3,4,5,6,7,8,9,10,11,12,13,14,15,16,17,18,19,20,21,22,23,24,25,26,27,28,29,30,31,32,33,34,35,36,37,38,39,40,41,42,43,44,45,46,47,48,49,50,51,52,53,54,55,56,57,58,59,60,61,62,63,64,65,66,67,68,69,70,71,72,73,74,75,76,77,78,79,80,81,82,83,84,85,86,87,88,89,90,91,92,93,94,95,96,97,98,99]
CFO=-388.50575495265747,STO=4
EsN0dB=18.76,GRXdB=17,N0=0.009999999776482582
packet_number=1306,correct=True,payload=[0,1,2,3,4,5,6,7,8,9,10,11,12,13,14,15,16,17,18,19,20,21,22,23,24,25,26,27,28,29,30,31,32,33,34,35,36,37,38,39,40,41,42,43,44,45,46,47,48,49,50,51,52,53,54,55,56,57,58,59,60,61,62,63,64,65,66,67,68,69,70,71,72,73,74,75,76,77,78,79,80,81,82,83,84,85,86,87,88,89,90,91,92,93,94,95,96,97,98,99]
CFO=-445.7309711648101,STO=2
EsN0dB=18.81,GRXdB=17,N0=0.009999999776482582
packet_number=1307,correct=True,payload=[0,1,2,3,4,5,6,7,8,9,10,11,12,13,14,15,16,17,18,19,20,21,22,23,24,25,26,27,28,29,30,31,32,33,34,35,36,37,38,39,40,41,42,43,44,45,46,47,48,49,50,51,52,53,54,55,56,57,58,59,60,61,62,63,64,65,66,67,68,69,70,71,72,73,74,75,76,77,78,79,80,81,82,83,84,85,86,87,88,89,90,91,92,93,94,95,96,97,98,99]
CFO=2668.9535735849117,STO=1
EsN0dB=-17.62,GRXdB=17,N0=0.009999999776482582
packet_number=1308,correct=False,payload=[210,23,143,65,149,200,229,140,42,230,233,218,121,53,53,163,20,50,63,107,119,121,57,178,168,151,135,196,188,83,133,90,150,144,68,8,22,51,182,110,59,234,193,93,73,9,58,146,71,24,45,142,231,129,234,250,212,49,72,30,96,2,156,208,173,20,113,97,194,169,67,31,217,205,50,63,207,189,127,10,36,95,207,122,86,167,18,21,239,119,196,144,177,227,37,104,244,33,63,213]
CFO=-489.12345348210016,STO=5
EsN0dB=18.77,GRXdB=17,N0=0.009999999776482582
packet_number=1309,correct=True,payload=[0,1,2,3,4,5,6,7,8,9,10,11,12,13,14,15,16,17,18,19,20,21,22,23,24,25,26,27,28,29,30,31,32,33,34,35,36,37,38,39,40,41,42,43,44,45,46,47,48,49,50,51,52,53,54,55,56,57,58,59,60,61,62,63,64,65,66,67,68,69,70,71,72,73,74,75,76,77,78,79,80,81,82,83,84,85,86,87,88,89,90,91,92,93,94,95,96,97,98,99]
CFO=-399.91563932201666,STO=2
EsN0dB=18.76,GRXdB=17,N0=0.009999999776482582
packet_number=1310,correct=True,payload=[0,1,2,3,4,5,6,7,8,9,10,11,12,13,14,15,16,17,18,19,20,21,22,23,24,25,26,27,28,29,30,31,32,33,34,35,36,37,38,39,40,41,42,43,44,45,46,47,48,49,50,51,52,53,54,55,56,57,58,59,60,61,62,63,64,65,66,67,68,69,70,71,72,73,74,75,76,77,78,79,80,81,82,83,84,85,86,87,88,89,90,91,92,93,94,95,96,97,98,99]
CFO=-444.5213399196139,STO=3
EsN0dB=18.80,GRXdB=17,N0=0.009999999776482582
packet_number=1311,correct=True,payload=[0,1,2,3,4,5,6,7,8,9,10,11,12,13,14,15,16,17,18,19,20,21,22,23,24,25,26,27,28,29,30,31,32,33,34,35,36,37,38,39,40,41,42,43,44,45,46,47,48,49,50,51,52,53,54,55,56,57,58,59,60,61,62,63,64,65,66,67,68,69,70,71,72,73,74,75,76,77,78,79,80,81,82,83,84,85,86,87,88,89,90,91,92,93,94,95,96,97,98,99]
CFO=-364.147207441162,STO=4
EsN0dB=18.82,GRXdB=17,N0=0.009999999776482582
packet_number=1312,correct=True,payload=[0,1,2,3,4,5,6,7,8,9,10,11,12,13,14,15,16,17,18,19,20,21,22,23,24,25,26,27,28,29,30,31,32,33,34,35,36,37,38,39,40,41,42,43,44,45,46,47,48,49,50,51,52,53,54,55,56,57,58,59,60,61,62,63,64,65,66,67,68,69,70,71,72,73,74,75,76,77,78,79,80,81,82,83,84,85,86,87,88,89,90,91,92,93,94,95,96,97,98,99]
CFO=-538.25863078749,STO=5
EsN0dB=18.77,GRXdB=17,N0=0.009999999776482582
packet_number=1313,correct=True,payload=[0,1,2,3,4,5,6,7,8,9,10,11,12,13,14,15,16,17,18,19,20,21,22,23,24,25,26,27,28,29,30,31,32,33,34,35,36,37,38,39,40,41,42,43,44,45,46,47,48,49,50,51,52,53,54,55,56,57,58,59,60,61,62,63,64,65,66,67,68,69,70,71,72,73,74,75,76,77,78,79,80,81,82,83,84,85,86,87,88,89,90,91,92,93,94,95,96,97,98,99]
CFO=-427.02339726427886,STO=4
EsN0dB=18.78,GRXdB=17,N0=0.009999999776482582
packet_number=1314,correct=True,payload=[0,1,2,3,4,5,6,7,8,9,10,11,12,13,14,15,16,17,18,19,20,21,22,23,24,25,26,27,28,29,30,31,32,33,34,35,36,37,38,39,40,41,42,43,44,45,46,47,48,49,50,51,52,53,54,55,56,57,58,59,60,61,62,63,64,65,66,67,68,69,70,71,72,73,74,75,76,77,78,79,80,81,82,83,84,85,86,87,88,89,90,91,92,93,94,95,96,97,98,99]
CFO=-469.37830744202705,STO=0
EsN0dB=18.82,GRXdB=17,N0=0.009999999776482582
packet_number=1315,correct=False,payload=[0,0,2,3,0,7,6,7,8,25,12,11,12,9,14,15,0,50,38,19,60,52,30,39,24,17,24,63,60,63,30,30,64,35,0,3,36,101,38,70,120,41,74,43,108,61,14,47,112,32,114,51,36,45,52,55,56,48,50,59,124,61,126,127,64,129,6,71,4,64,4,6,8,218,14,79,92,158,222,207,224,81,114,71,80,69,94,199,88,83,30,82,220,31,62,255,96,96,96,99]
CFO=-372.05644199138,STO=4
EsN0dB=18.76,GRXdB=17,N0=0.009999999776482582
packet_number=1316,correct=True,payload=[0,1,2,3,4,5,6,7,8,9,10,11,12,13,14,15,16,17,18,19,20,21,22,23,24,25,26,27,28,29,30,31,32,33,34,35,36,37,38,39,40,41,42,43,44,45,46,47,48,49,50,51,52,53,54,55,56,57,58,59,60,61,62,63,64,65,66,67,68,69,70,71,72,73,74,75,76,77,78,79,80,81,82,83,84,85,86,87,88,89,90,91,92,93,94,95,96,97,98,99]
CFO=-431.0771323236324,STO=3
EsN0dB=18.76,GRXdB=17,N0=0.009999999776482582
packet_number=1317,correct=True,payload=[0,1,2,3,4,5,6,7,8,9,10,11,12,13,14,15,16,17,18,19,20,21,22,23,24,25,26,27,28,29,30,31,32,33,34,35,36,37,38,39,40,41,42,43,44,45,46,47,48,49,50,51,52,53,54,55,56,57,58,59,60,61,62,63,64,65,66,67,68,69,70,71,72,73,74,75,76,77,78,79,80,81,82,83,84,85,86,87,88,89,90,91,92,93,94,95,96,97,98,99]
CFO=-470.4699815574165,STO=5
EsN0dB=18.80,GRXdB=17,N0=0.009999999776482582
packet_number=1318,correct=True,payload=[0,1,2,3,4,5,6,7,8,9,10,11,12,13,14,15,16,17,18,19,20,21,22,23,24,25,26,27,28,29,30,31,32,33,34,35,36,37,38,39,40,41,42,43,44,45,46,47,48,49,50,51,52,53,54,55,56,57,58,59,60,61,62,63,64,65,66,67,68,69,70,71,72,73,74,75,76,77,78,79,80,81,82,83,84,85,86,87,88,89,90,91,92,93,94,95,96,97,98,99]
CFO=-468.3938293511115,STO=6
EsN0dB=18.80,GRXdB=17,N0=0.009999999776482582
packet_number=1319,correct=True,payload=[0,1,2,3,4,5,6,7,8,9,10,11,12,13,14,15,16,17,18,19,20,21,22,23,24,25,26,27,28,29,30,31,32,33,34,35,36,37,38,39,40,41,42,43,44,45,46,47,48,49,50,51,52,53,54,55,56,57,58,59,60,61,62,63,64,65,66,67,68,69,70,71,72,73,74,75,76,77,78,79,80,81,82,83,84,85,86,87,88,89,90,91,92,93,94,95,96,97,98,99]
CFO=-568.4843522989121,STO=6
EsN0dB=18.75,GRXdB=17,N0=0.009999999776482582
packet_number=1320,correct=True,payload=[0,1,2,3,4,5,6,7,8,9,10,11,12,13,14,15,16,17,18,19,20,21,22,23,24,25,26,27,28,29,30,31,32,33,34,35,36,37,38,39,40,41,42,43,44,45,46,47,48,49,50,51,52,53,54,55,56,57,58,59,60,61,62,63,64,65,66,67,68,69,70,71,72,73,74,75,76,77,78,79,80,81,82,83,84,85,86,87,88,89,90,91,92,93,94,95,96,97,98,99]
CFO=-479.8951386484234,STO=3
EsN0dB=18.80,GRXdB=17,N0=0.009999999776482582
packet_number=1321,correct=True,payload=[0,1,2,3,4,5,6,7,8,9,10,11,12,13,14,15,16,17,18,19,20,21,22,23,24,25,26,27,28,29,30,31,32,33,34,35,36,37,38,39,40,41,42,43,44,45,46,47,48,49,50,51,52,53,54,55,56,57,58,59,60,61,62,63,64,65,66,67,68,69,70,71,72,73,74,75,76,77,78,79,80,81,82,83,84,85,86,87,88,89,90,91,92,93,94,95,96,97,98,99]
CFO=-476.80483378801193,STO=3
EsN0dB=18.81,GRXdB=17,N0=0.009999999776482582
packet_number=1322,correct=True,payload=[0,1,2,3,4,5,6,7,8,9,10,11,12,13,14,15,16,17,18,19,20,21,22,23,24,25,26,27,28,29,30,31,32,33,34,35,36,37,38,39,40,41,42,43,44,45,46,47,48,49,50,51,52,53,54,55,56,57,58,59,60,61,62,63,64,65,66,67,68,69,70,71,72,73,74,75,76,77,78,79,80,81,82,83,84,85,86,87,88,89,90,91,92,93,94,95,96,97,98,99]
CFO=-514.815073678479,STO=5
EsN0dB=18.84,GRXdB=17,N0=0.009999999776482582
packet_number=1323,correct=True,payload=[0,1,2,3,4,5,6,7,8,9,10,11,12,13,14,15,16,17,18,19,20,21,22,23,24,25,26,27,28,29,30,31,32,33,34,35,36,37,38,39,40,41,42,43,44,45,46,47,48,49,50,51,52,53,54,55,56,57,58,59,60,61,62,63,64,65,66,67,68,69,70,71,72,73,74,75,76,77,78,79,80,81,82,83,84,85,86,87,88,89,90,91,92,93,94,95,96,97,98,99]
CFO=-462.090074639784,STO=2
EsN0dB=18.77,GRXdB=17,N0=0.009999999776482582
packet_number=1324,correct=True,payload=[0,1,2,3,4,5,6,7,8,9,10,11,12,13,14,15,16,17,18,19,20,21,22,23,24,25,26,27,28,29,30,31,32,33,34,35,36,37,38,39,40,41,42,43,44,45,46,47,48,49,50,51,52,53,54,55,56,57,58,59,60,61,62,63,64,65,66,67,68,69,70,71,72,73,74,75,76,77,78,79,80,81,82,83,84,85,86,87,88,89,90,91,92,93,94,95,96,97,98,99]
CFO=-402.92498391062566,STO=1
EsN0dB=18.77,GRXdB=17,N0=0.009999999776482582
packet_number=1325,correct=False,payload=[0,3,0,3,0,5,6,7,8,9,10,11,12,13,14,15,16,48,16,3,16,5,22,55,24,25,26,31,28,29,30,31,32,33,34,34,36,37,38,38,40,41,42,107,108,45,46,127,48,49,50,51,36,53,54,55,56,57,122,51,60,62,62,63,64,64,66,67,64,69,70,71,0,72,68,82,76,13,94,79,80,97,86,83,68,119,214,23,88,121,90,27,220,92,94,31,96,225,98,99]
CFO=-505.02893041766634,STO=0
EsN0dB=18.78,GRXdB=17,N0=0.009999999776482582
packet_number=1326,correct=True,payload=[0,1,2,3,4,5,6,7,8,9,10,11,12,13,14,15,16,17,18,19,20,21,22,23,24,25,26,27,28,29,30,31,32,33,34,35,36,37,38,39,40,41,42,43,44,45,46,47,48,49,50,51,52,53,54,55,56,57,58,59,60,61,62,63,64,65,66,67,68,69,70,71,72,73,74,75,76,77,78,79,80,81,82,83,84,85,86,87,88,89,90,91,92,93,94,95,96,97,98,99]
CFO=-490.80467608717726,STO=3
EsN0dB=18.70,GRXdB=17,N0=0.009999999776482582
packet_number=1327,correct=True,payload=[0,1,2,3,4,5,6,7,8,9,10,11,12,13,14,15,16,17,18,19,20,21,22,23,24,25,26,27,28,29,30,31,32,33,34,35,36,37,38,39,40,41,42,43,44,45,46,47,48,49,50,51,52,53,54,55,56,57,58,59,60,61,62,63,64,65,66,67,68,69,70,71,72,73,74,75,76,77,78,79,80,81,82,83,84,85,86,87,88,89,90,91,92,93,94,95,96,97,98,99]
CFO=-513.3384602993196,STO=3
EsN0dB=18.78,GRXdB=17,N0=0.009999999776482582
packet_number=1328,correct=True,payload=[0,1,2,3,4,5,6,7,8,9,10,11,12,13,14,15,16,17,18,19,20,21,22,23,24,25,26,27,28,29,30,31,32,33,34,35,36,37,38,39,40,41,42,43,44,45,46,47,48,49,50,51,52,53,54,55,56,57,58,59,60,61,62,63,64,65,66,67,68,69,70,71,72,73,74,75,76,77,78,79,80,81,82,83,84,85,86,87,88,89,90,91,92,93,94,95,96,97,98,99]
CFO=-441.2282045283811,STO=5
EsN0dB=18.79,GRXdB=17,N0=0.009999999776482582
packet_number=1329,correct=True,payload=[0,1,2,3,4,5,6,7,8,9,10,11,12,13,14,15,16,17,18,19,20,21,22,23,24,25,26,27,28,29,30,31,32,33,34,35,36,37,38,39,40,41,42,43,44,45,46,47,48,49,50,51,52,53,54,55,56,57,58,59,60,61,62,63,64,65,66,67,68,69,70,71,72,73,74,75,76,77,78,79,80,81,82,83,84,85,86,87,88,89,90,91,92,93,94,95,96,97,98,99]
CFO=-490.4996891679885,STO=4
EsN0dB=18.77,GRXdB=17,N0=0.009999999776482582
packet_number=1330,correct=True,payload=[0,1,2,3,4,5,6,7,8,9,10,11,12,13,14,15,16,17,18,19,20,21,22,23,24,25,26,27,28,29,30,31,32,33,34,35,36,37,38,39,40,41,42,43,44,45,46,47,48,49,50,51,52,53,54,55,56,57,58,59,60,61,62,63,64,65,66,67,68,69,70,71,72,73,74,75,76,77,78,79,80,81,82,83,84,85,86,87,88,89,90,91,92,93,94,95,96,97,98,99]
CFO=-477.48951282043646,STO=6
EsN0dB=18.81,GRXdB=17,N0=0.009999999776482582
packet_number=1331,correct=True,payload=[0,1,2,3,4,5,6,7,8,9,10,11,12,13,14,15,16,17,18,19,20,21,22,23,24,25,26,27,28,29,30,31,32,33,34,35,36,37,38,39,40,41,42,43,44,45,46,47,48,49,50,51,52,53,54,55,56,57,58,59,60,61,62,63,64,65,66,67,68,69,70,71,72,73,74,75,76,77,78,79,80,81,82,83,84,85,86,87,88,89,90,91,92,93,94,95,96,97,98,99]
CFO=-477.69483352439266,STO=5
EsN0dB=18.82,GRXdB=17,N0=0.009999999776482582
packet_number=1332,correct=False,payload=[0,0,131,3,0,7,6,7,8,9,130,11,4,15,15,15,16,17,1,19,4,21,2,23,24,25,26,27,158,31,30,31,32,33,50,35,36,37,39,39,36,45,42,47,36,37,14,47,56,49,176,51,180,54,54,19,56,25,58,27,60,61,62,63,64,1,66,3,64,69,70,103,72,97,66,5,76,69,78,71,152,81,82,83,84,81,70,71,88,89,91,89,28,93,94,31,96,97,34,99]
CFO=-359.0089426917227,STO=3
EsN0dB=18.81,GRXdB=17,N0=0.009999999776482582
packet_number=1333,correct=True,payload=[0,1,2,3,4,5,6,7,8,9,10,11,12,13,14,15,16,17,18,19,20,21,22,23,24,25,26,27,28,29,30,31,32,33,34,35,36,37,38,39,40,41,42,43,44,45,46,47,48,49,50,51,52,53,54,55,56,57,58,59,60,61,62,63,64,65,66,67,68,69,70,71,72,73,74,75,76,77,78,79,80,81,82,83,84,85,86,87,88,89,90,91,92,93,94,95,96,97,98,99]
CFO=-446.27560760331477,STO=3
EsN0dB=18.80,GRXdB=17,N0=0.009999999776482582
packet_number=1334,correct=True,payload=[0,1,2,3,4,5,6,7,8,9,10,11,12,13,14,15,16,17,18,19,20,21,22,23,24,25,26,27,28,29,30,31,32,33,34,35,36,37,38,39,40,41,42,43,44,45,46,47,48,49,50,51,52,53,54,55,56,57,58,59,60,61,62,63,64,65,66,67,68,69,70,71,72,73,74,75,76,77,78,79,80,81,82,83,84,85,86,87,88,89,90,91,92,93,94,95,96,97,98,99]
CFO=-394.8569711781394,STO=1
EsN0dB=18.80,GRXdB=17,N0=0.009999999776482582
packet_number=1335,correct=True,payload=[0,1,2,3,4,5,6,7,8,9,10,11,12,13,14,15,16,17,18,19,20,21,22,23,24,25,26,27,28,29,30,31,32,33,34,35,36,37,38,39,40,41,42,43,44,45,46,47,48,49,50,51,52,53,54,55,56,57,58,59,60,61,62,63,64,65,66,67,68,69,70,71,72,73,74,75,76,77,78,79,80,81,82,83,84,85,86,87,88,89,90,91,92,93,94,95,96,97,98,99]
CFO=-470.8558101687347,STO=4
EsN0dB=18.77,GRXdB=17,N0=0.009999999776482582
packet_number=1336,correct=True,payload=[0,1,2,3,4,5,6,7,8,9,10,11,12,13,14,15,16,17,18,19,20,21,22,23,24,25,26,27,28,29,30,31,32,33,34,35,36,37,38,39,40,41,42,43,44,45,46,47,48,49,50,51,52,53,54,55,56,57,58,59,60,61,62,63,64,65,66,67,68,69,70,71,72,73,74,75,76,77,78,79,80,81,82,83,84,85,86,87,88,89,90,91,92,93,94,95,96,97,98,99]
CFO=-435.78750232272455,STO=4
EsN0dB=18.80,GRXdB=17,N0=0.009999999776482582
packet_number=1337,correct=True,payload=[0,1,2,3,4,5,6,7,8,9,10,11,12,13,14,15,16,17,18,19,20,21,22,23,24,25,26,27,28,29,30,31,32,33,34,35,36,37,38,39,40,41,42,43,44,45,46,47,48,49,50,51,52,53,54,55,56,57,58,59,60,61,62,63,64,65,66,67,68,69,70,71,72,73,74,75,76,77,78,79,80,81,82,83,84,85,86,87,88,89,90,91,92,93,94,95,96,97,98,99]
CFO=-392.2785747664596,STO=2
EsN0dB=18.80,GRXdB=17,N0=0.009999999776482582
packet_number=1338,correct=True,payload=[0,1,2,3,4,5,6,7,8,9,10,11,12,13,14,15,16,17,18,19,20,21,22,23,24,25,26,27,28,29,30,31,32,33,34,35,36,37,38,39,40,41,42,43,44,45,46,47,48,49,50,51,52,53,54,55,56,57,58,59,60,61,62,63,64,65,66,67,68,69,70,71,72,73,74,75,76,77,78,79,80,81,82,83,84,85,86,87,88,89,90,91,92,93,94,95,96,97,98,99]
CFO=-385.304755967416,STO=4
EsN0dB=18.78,GRXdB=17,N0=0.009999999776482582
packet_number=1339,correct=True,payload=[0,1,2,3,4,5,6,7,8,9,10,11,12,13,14,15,16,17,18,19,20,21,22,23,24,25,26,27,28,29,30,31,32,33,34,35,36,37,38,39,40,41,42,43,44,45,46,47,48,49,50,51,52,53,54,55,56,57,58,59,60,61,62,63,64,65,66,67,68,69,70,71,72,73,74,75,76,77,78,79,80,81,82,83,84,85,86,87,88,89,90,91,92,93,94,95,96,97,98,99]
CFO=-439.35485320797915,STO=4
EsN0dB=18.83,GRXdB=17,N0=0.009999999776482582
packet_number=1340,correct=True,payload=[0,1,2,3,4,5,6,7,8,9,10,11,12,13,14,15,16,17,18,19,20,21,22,23,24,25,26,27,28,29,30,31,32,33,34,35,36,37,38,39,40,41,42,43,44,45,46,47,48,49,50,51,52,53,54,55,56,57,58,59,60,61,62,63,64,65,66,67,68,69,70,71,72,73,74,75,76,77,78,79,80,81,82,83,84,85,86,87,88,89,90,91,92,93,94,95,96,97,98,99]
CFO=-496.31033030876915,STO=1
EsN0dB=18.76,GRXdB=17,N0=0.009999999776482582
packet_number=1341,correct=True,payload=[0,1,2,3,4,5,6,7,8,9,10,11,12,13,14,15,16,17,18,19,20,21,22,23,24,25,26,27,28,29,30,31,32,33,34,35,36,37,38,39,40,41,42,43,44,45,46,47,48,49,50,51,52,53,54,55,56,57,58,59,60,61,62,63,64,65,66,67,68,69,70,71,72,73,74,75,76,77,78,79,80,81,82,83,84,85,86,87,88,89,90,91,92,93,94,95,96,97,98,99]
CFO=-451.01932813546364,STO=5
EsN0dB=18.79,GRXdB=17,N0=0.009999999776482582
packet_number=1342,correct=True,payload=[0,1,2,3,4,5,6,7,8,9,10,11,12,13,14,15,16,17,18,19,20,21,22,23,24,25,26,27,28,29,30,31,32,33,34,35,36,37,38,39,40,41,42,43,44,45,46,47,48,49,50,51,52,53,54,55,56,57,58,59,60,61,62,63,64,65,66,67,68,69,70,71,72,73,74,75,76,77,78,79,80,81,82,83,84,85,86,87,88,89,90,91,92,93,94,95,96,97,98,99]
CFO=-482.31475687783507,STO=2
EsN0dB=18.76,GRXdB=17,N0=0.009999999776482582
packet_number=1343,correct=False,payload=[0,1,2,3,4,5,6,3,8,9,142,11,12,13,14,15,16,17,18,19,20,21,22,23,24,25,26,27,28,29,30,31,32,33,34,35,36,37,38,39,40,45,34,43,174,61,46,47,48,49,50,51,180,53,50,55,56,57,58,59,60,61,62,63,64,65,64,67,68,69,70,71,72,73,66,75,76,77,78,79,80,81,82,81,84,21,86,87,88,25,90,91,92,29,94,95,96,97,98,99]
CFO=-431.3950740721063,STO=3
EsN0dB=18.79,GRXdB=17,N0=0.009999999776482582
packet_number=1344,correct=True,payload=[0,1,2,3,4,5,6,7,8,9,10,11,12,13,14,15,16,17,18,19,20,21,22,23,24,25,26,27,28,29,30,31,32,33,34,35,36,37,38,39,40,41,42,43,44,45,46,47,48,49,50,51,52,53,54,55,56,57,58,59,60,61,62,63,64,65,66,67,68,69,70,71,72,73,74,75,76,77,78,79,80,81,82,83,84,85,86,87,88,89,90,91,92,93,94,95,96,97,98,99]
CFO=-407.82096074302274,STO=3
EsN0dB=18.82,GRXdB=17,N0=0.009999999776482582
packet_number=1345,correct=True,payload=[0,1,2,3,4,5,6,7,8,9,10,11,12,13,14,15,16,17,18,19,20,21,22,23,24,25,26,27,28,29,30,31,32,33,34,35,36,37,38,39,40,41,42,43,44,45,46,47,48,49,50,51,52,53,54,55,56,57,58,59,60,61,62,63,64,65,66,67,68,69,70,71,72,73,74,75,76,77,78,79,80,81,82,83,84,85,86,87,88,89,90,91,92,93,94,95,96,97,98,99]
CFO=-411.1687910084685,STO=7
EsN0dB=18.75,GRXdB=17,N0=0.009999999776482582
packet_number=1346,correct=False,payload=[0,1,2,3,4,5,6,7,8,9,10,11,12,13,14,15,16,17,18,19,20,21,54,55,24,25,26,27,28,29,30,31,96,33,34,35,32,5,38,39,40,41,42,43,44,45,46,47,48,49,50,51,52,53,54,55,56,57,58,59,60,61,62,63,64,65,66,67,68,69,70,71,72,73,74,75,76,77,78,79,80,81,82,211,68,85,86,87,88,89,88,83,92,121,222,95,96,97,96,99]
CFO=-309.26248717155136,STO=4
EsN0dB=18.81,GRXdB=17,N0=0.009999999776482582
packet_number=1347,correct=True,payload=[0,1,2,3,4,5,6,7,8,9,10,11,12,13,14,15,16,17,18,19,20,21,22,23,24,25,26,27,28,29,30,31,32,33,34,35,36,37,38,39,40,41,42,43,44,45,46,47,48,49,50,51,52,53,54,55,56,57,58,59,60,61,62,63,64,65,66,67,68,69,70,71,72,73,74,75,76,77,78,79,80,81,82,83,84,85,86,87,88,89,90,91,92,93,94,95,96,97,98,99]
CFO=-436.13746058293293,STO=3
EsN0dB=18.78,GRXdB=17,N0=0.009999999776482582
packet_number=1348,correct=True,payload=[0,1,2,3,4,5,6,7,8,9,10,11,12,13,14,15,16,17,18,19,20,21,22,23,24,25,26,27,28,29,30,31,32,33,34,35,36,37,38,39,40,41,42,43,44,45,46,47,48,49,50,51,52,53,54,55,56,57,58,59,60,61,62,63,64,65,66,67,68,69,70,71,72,73,74,75,76,77,78,79,80,81,82,83,84,85,86,87,88,89,90,91,92,93,94,95,96,97,98,99]
CFO=-493.4328759615551,STO=0
EsN0dB=18.80,GRXdB=17,N0=0.009999999776482582
packet_number=1349,correct=True,payload=[0,1,2,3,4,5,6,7,8,9,10,11,12,13,14,15,16,17,18,19,20,21,22,23,24,25,26,27,28,29,30,31,32,33,34,35,36,37,38,39,40,41,42,43,44,45,46,47,48,49,50,51,52,53,54,55,56,57,58,59,60,61,62,63,64,65,66,67,68,69,70,71,72,73,74,75,76,77,78,79,80,81,82,83,84,85,86,87,88,89,90,91,92,93,94,95,96,97,98,99]
CFO=-516.6617742173539,STO=3
EsN0dB=18.76,GRXdB=17,N0=0.009999999776482582
packet_number=1350,correct=True,payload=[0,1,2,3,4,5,6,7,8,9,10,11,12,13,14,15,16,17,18,19,20,21,22,23,24,25,26,27,28,29,30,31,32,33,34,35,36,37,38,39,40,41,42,43,44,45,46,47,48,49,50,51,52,53,54,55,56,57,58,59,60,61,62,63,64,65,66,67,68,69,70,71,72,73,74,75,76,77,78,79,80,81,82,83,84,85,86,87,88,89,90,91,92,93,94,95,96,97,98,99]
CFO=-401.12953943544414,STO=5
EsN0dB=18.81,GRXdB=17,N0=0.009999999776482582
packet_number=1351,correct=True,payload=[0,1,2,3,4,5,6,7,8,9,10,11,12,13,14,15,16,17,18,19,20,21,22,23,24,25,26,27,28,29,30,31,32,33,34,35,36,37,38,39,40,41,42,43,44,45,46,47,48,49,50,51,52,53,54,55,56,57,58,59,60,61,62,63,64,65,66,67,68,69,70,71,72,73,74,75,76,77,78,79,80,81,82,83,84,85,86,87,88,89,90,91,92,93,94,95,96,97,98,99]
CFO=-506.4811756740057,STO=6
EsN0dB=18.75,GRXdB=17,N0=0.009999999776482582
packet_number=1352,correct=True,payload=[0,1,2,3,4,5,6,7,8,9,10,11,12,13,14,15,16,17,18,19,20,21,22,23,24,25,26,27,28,29,30,31,32,33,34,35,36,37,38,39,40,41,42,43,44,45,46,47,48,49,50,51,52,53,54,55,56,57,58,59,60,61,62,63,64,65,66,67,68,69,70,71,72,73,74,75,76,77,78,79,80,81,82,83,84,85,86,87,88,89,90,91,92,93,94,95,96,97,98,99]
CFO=-457.3788745829802,STO=3
EsN0dB=18.82,GRXdB=17,N0=0.009999999776482582
packet_number=1353,correct=True,payload=[0,1,2,3,4,5,6,7,8,9,10,11,12,13,14,15,16,17,18,19,20,21,22,23,24,25,26,27,28,29,30,31,32,33,34,35,36,37,38,39,40,41,42,43,44,45,46,47,48,49,50,51,52,53,54,55,56,57,58,59,60,61,62,63,64,65,66,67,68,69,70,71,72,73,74,75,76,77,78,79,80,81,82,83,84,85,86,87,88,89,90,91,92,93,94,95,96,97,98,99]
CFO=-452.6411126794041,STO=0
EsN0dB=18.77,GRXdB=17,N0=0.009999999776482582
packet_number=1354,correct=False,payload=[0,1,2,3,0,5,6,7,8,9,10,11,12,13,14,15,16,17,18,19,20,21,22,23,24,25,26,27,28,29,30,31,32,33,34,35,36,37,38,39,40,41,42,43,44,45,46,47,48,49,50,51,52,53,54,55,56,57,58,59,60,61,62,63,64,65,66,67,68,69,70,71,72,73,74,75,76,77,78,79,80,81,82,83,84,85,86,87,88,89,90,91,92,93,94,95,96,97,98,99]
CFO=-373.6603506496021,STO=3
EsN0dB=18.76,GRXdB=17,N0=0.009999999776482582
packet_number=1355,correct=True,payload=[0,1,2,3,4,5,6,7,8,9,10,11,12,13,14,15,16,17,18,19,20,21,22,23,24,25,26,27,28,29,30,31,32,33,34,35,36,37,38,39,40,41,42,43,44,45,46,47,48,49,50,51,52,53,54,55,56,57,58,59,60,61,62,63,64,65,66,67,68,69,70,71,72,73,74,75,76,77,78,79,80,81,82,83,84,85,86,87,88,89,90,91,92,93,94,95,96,97,98,99]
CFO=-473.9104521924642,STO=6
EsN0dB=18.79,GRXdB=17,N0=0.009999999776482582
packet_number=1356,correct=False,payload=[0,1,2,3,4,5,6,7,8,9,10,11,12,13,14,15,16,17,18,19,20,21,22,23,24,25,26,27,28,29,30,31,32,33,38,35,36,37,38,39,40,41,42,43,44,41,44,47,48,49,50,51,52,53,54,55,56,57,58,59,60,61,62,63,192,65,66,67,68,69,70,71,72,73,74,75,76,77,76,79,80,81,82,83,84,85,86,87,88,89,90,82,92,93,94,95,96,97,98,99]
CFO=-411.43014060795997,STO=4
EsN0dB=18.75,GRXdB=17,N0=0.009999999776482582
packet_number=1357,correct=True,payload=[0,1,2,3,4,5,6,7,8,9,10,11,12,13,14,15,16,17,18,19,20,21,22,23,24,25,26,27,28,29,30,31,32,33,34,35,36,37,38,39,40,41,42,43,44,45,46,47,48,49,50,51,52,53,54,55,56,57,58,59,60,61,62,63,64,65,66,67,68,69,70,71,72,73,74,75,76,77,78,79,80,81,82,83,84,85,86,87,88,89,90,91,92,93,94,95,96,97,98,99]
CFO=-424.4716812790444,STO=2
EsN0dB=18.86,GRXdB=17,N0=0.009999999776482582
packet_number=1358,correct=False,payload=[0,1,2,3,4,5,6,7,8,9,2,11,12,13,14,15,16,17,18,19,20,21,22,23,24,25,26,27,28,29,30,31,32,33,34,35,36,37,38,39,40,33,42,43,44,45,46,47,48,49,50,51,52,53,54,55,56,57,58,59,60,61,62,63,64,65,66,67,68,69,70,71,72,73,74,75,76,77,78,79,80,81,82,83,84,85,86,87,88,89,90,91,92,93,94,95,96,97,98,99]
CFO=-464.7919421360693,STO=1
EsN0dB=18.79,GRXdB=17,N0=0.009999999776482582
packet_number=1359,correct=True,payload=[0,1,2,3,4,5,6,7,8,9,10,11,12,13,14,15,16,17,18,19,20,21,22,23,24,25,26,27,28,29,30,31,32,33,34,35,36,37,38,39,40,41,42,43,44,45,46,47,48,49,50,51,52,53,54,55,56,57,58,59,60,61,62,63,64,65,66,67,68,69,70,71,72,73,74,75,76,77,78,79,80,81,82,83,84,85,86,87,88,89,90,91,92,93,94,95,96,97,98,99]
CFO=-371.2720967437229,STO=7
EsN0dB=18.75,GRXdB=17,N0=0.009999999776482582
packet_number=1360,correct=False,payload=[94,80,118,0,3,2,2,4,9,6,7,0,9,10,2,12,29,14,15,16,17,18,19,0,20,54,7,24,59,56,59,60,60,28,31,64,96,100,6,72,97,110,39,0,121,14,83,44,60,110,46,112,113,48,55,116,50,102,103,56,56,58,122,56,59,60,62,0,128,66,67,64,200,68,143,8,91,64,223,204,77,78,78,208,83,64,102,196,222,86,198,88,19,82,27,28,216,94,30,192]
CFO=-457.41409274588807,STO=6
EsN0dB=18.71,GRXdB=17,N0=0.009999999776482582
packet_number=1361,correct=True,payload=[0,1,2,3,4,5,6,7,8,9,10,11,12,13,14,15,16,17,18,19,20,21,22,23,24,25,26,27,28,29,30,31,32,33,34,35,36,37,38,39,40,41,42,43,44,45,46,47,48,49,50,51,52,53,54,55,56,57,58,59,60,61,62,63,64,65,66,67,68,69,70,71,72,73,74,75,76,77,78,79,80,81,82,83,84,85,86,87,88,89,90,91,92,93,94,95,96,97,98,99]
CFO=-477.62860677697165,STO=5
EsN0dB=18.76,GRXdB=17,N0=0.009999999776482582
packet_number=1362,correct=True,payload=[0,1,2,3,4,5,6,7,8,9,10,11,12,13,14,15,16,17,18,19,20,21,22,23,24,25,26,27,28,29,30,31,32,33,34,35,36,37,38,39,40,41,42,43,44,45,46,47,48,49,50,51,52,53,54,55,56,57,58,59,60,61,62,63,64,65,66,67,68,69,70,71,72,73,74,75,76,77,78,79,80,81,82,83,84,85,86,87,88,89,90,91,92,93,94,95,96,97,98,99]
CFO=-466.4856156068209,STO=1
EsN0dB=18.77,GRXdB=17,N0=0.009999999776482582
packet_number=1363,correct=False,payload=[0,1,130,3,4,5,6,7,8,9,10,11,12,13,14,15,16,17,18,19,20,21,22,23,24,25,26,27,28,29,30,31,32,33,34,35,36,37,38,39,40,41,42,43,44,45,46,47,48,49,50,51,52,53,54,55,56,57,58,59,60,61,62,63,64,65,66,67,68,69,70,71,72,73,74,75,76,77,78,79,80,81,82,83,84,85,86,87,88,89,90,91,92,93,94,127,96,97,98,99]
CFO=-440.5708581106039,STO=3
EsN0dB=18.80,GRXdB=17,N0=0.009999999776482582
packet_number=1364,correct=True,payload=[0,1,2,3,4,5,6,7,8,9,10,11,12,13,14,15,16,17,18,19,20,21,22,23,24,25,26,27,28,29,30,31,32,33,34,35,36,37,38,39,40,41,42,43,44,45,46,47,48,49,50,51,52,53,54,55,56,57,58,59,60,61,62,63,64,65,66,67,68,69,70,71,72,73,74,75,76,77,78,79,80,81,82,83,84,85,86,87,88,89,90,91,92,93,94,95,96,97,98,99]
CFO=-453.0931087483068,STO=3
EsN0dB=18.84,GRXdB=17,N0=0.009999999776482582
packet_number=1365,correct=True,payload=[0,1,2,3,4,5,6,7,8,9,10,11,12,13,14,15,16,17,18,19,20,21,22,23,24,25,26,27,28,29,30,31,32,33,34,35,36,37,38,39,40,41,42,43,44,45,46,47,48,49,50,51,52,53,54,55,56,57,58,59,60,61,62,63,64,65,66,67,68,69,70,71,72,73,74,75,76,77,78,79,80,81,82,83,84,85,86,87,88,89,90,91,92,93,94,95,96,97,98,99]
CFO=-396.2976252714342,STO=2
EsN0dB=18.77,GRXdB=17,N0=0.009999999776482582
packet_number=1366,correct=True,payload=[0,1,2,3,4,5,6,7,8,9,10,11,12,13,14,15,16,17,18,19,20,21,22,23,24,25,26,27,28,29,30,31,32,33,34,35,36,37,38,39,40,41,42,43,44,45,46,47,48,49,50,51,52,53,54,55,56,57,58,59,60,61,62,63,64,65,66,67,68,69,70,71,72,73,74,75,76,77,78,79,80,81,82,83,84,85,86,87,88,89,90,91,92,93,94,95,96,97,98,99]
CFO=-442.1987495077086,STO=4
EsN0dB=18.79,GRXdB=17,N0=0.009999999776482582
packet_number=1367,correct=True,payload=[0,1,2,3,4,5,6,7,8,9,10,11,12,13,14,15,16,17,18,19,20,21,22,23,24,25,26,27,28,29,30,31,32,33,34,35,36,37,38,39,40,41,42,43,44,45,46,47,48,49,50,51,52,53,54,55,56,57,58,59,60,61,62,63,64,65,66,67,68,69,70,71,72,73,74,75,76,77,78,79,80,81,82,83,84,85,86,87,88,89,90,91,92,93,94,95,96,97,98,99]
CFO=-578.594455226608,STO=3
EsN0dB=18.77,GRXdB=17,N0=0.009999999776482582
packet_number=1368,correct=True,payload=[0,1,2,3,4,5,6,7,8,9,10,11,12,13,14,15,16,17,18,19,20,21,22,23,24,25,26,27,28,29,30,31,32,33,34,35,36,37,38,39,40,41,42,43,44,45,46,47,48,49,50,51,52,53,54,55,56,57,58,59,60,61,62,63,64,65,66,67,68,69,70,71,72,73,74,75,76,77,78,79,80,81,82,83,84,85,86,87,88,89,90,91,92,93,94,95,96,97,98,99]
CFO=-465.5098531218774,STO=2
EsN0dB=18.82,GRXdB=17,N0=0.009999999776482582
packet_number=1369,correct=True,payload=[0,1,2,3,4,5,6,7,8,9,10,11,12,13,14,15,16,17,18,19,20,21,22,23,24,25,26,27,28,29,30,31,32,33,34,35,36,37,38,39,40,41,42,43,44,45,46,47,48,49,50,51,52,53,54,55,56,57,58,59,60,61,62,63,64,65,66,67,68,69,70,71,72,73,74,75,76,77,78,79,80,81,82,83,84,85,86,87,88,89,90,91,92,93,94,95,96,97,98,99]
CFO=-325.86915535901994,STO=5
EsN0dB=18.83,GRXdB=17,N0=0.009999999776482582
packet_number=1370,correct=True,payload=[0,1,2,3,4,5,6,7,8,9,10,11,12,13,14,15,16,17,18,19,20,21,22,23,24,25,26,27,28,29,30,31,32,33,34,35,36,37,38,39,40,41,42,43,44,45,46,47,48,49,50,51,52,53,54,55,56,57,58,59,60,61,62,63,64,65,66,67,68,69,70,71,72,73,74,75,76,77,78,79,80,81,82,83,84,85,86,87,88,89,90,91,92,93,94,95,96,97,98,99]
CFO=-410.734107571837,STO=4
EsN0dB=18.75,GRXdB=17,N0=0.009999999776482582
packet_number=1371,correct=True,payload=[0,1,2,3,4,5,6,7,8,9,10,11,12,13,14,15,16,17,18,19,20,21,22,23,24,25,26,27,28,29,30,31,32,33,34,35,36,37,38,39,40,41,42,43,44,45,46,47,48,49,50,51,52,53,54,55,56,57,58,59,60,61,62,63,64,65,66,67,68,69,70,71,72,73,74,75,76,77,78,79,80,81,82,83,84,85,86,87,88,89,90,91,92,93,94,95,96,97,98,99]
CFO=-488.3715990648699,STO=3
EsN0dB=18.77,GRXdB=17,N0=0.009999999776482582
packet_number=1372,correct=True,payload=[0,1,2,3,4,5,6,7,8,9,10,11,12,13,14,15,16,17,18,19,20,21,22,23,24,25,26,27,28,29,30,31,32,33,34,35,36,37,38,39,40,41,42,43,44,45,46,47,48,49,50,51,52,53,54,55,56,57,58,59,60,61,62,63,64,65,66,67,68,69,70,71,72,73,74,75,76,77,78,79,80,81,82,83,84,85,86,87,88,89,90,91,92,93,94,95,96,97,98,99]
CFO=-444.5288104390186,STO=4
EsN0dB=18.82,GRXdB=17,N0=0.009999999776482582
packet_number=1373,correct=True,payload=[0,1,2,3,4,5,6,7,8,9,10,11,12,13,14,15,16,17,18,19,20,21,22,23,24,25,26,27,28,29,30,31,32,33,34,35,36,37,38,39,40,41,42,43,44,45,46,47,48,49,50,51,52,53,54,55,56,57,58,59,60,61,62,63,64,65,66,67,68,69,70,71,72,73,74,75,76,77,78,79,80,81,82,83,84,85,86,87,88,89,90,91,92,93,94,95,96,97,98,99]
CFO=-545.0629102989325,STO=4
EsN0dB=18.80,GRXdB=17,N0=0.009999999776482582
packet_number=1374,correct=False,payload=[0,1,2,3,4,5,6,7,8,9,10,11,12,13,14,15,16,17,18,19,20,21,22,23,24,25,58,27,28,29,30,31,32,33,34,35,36,37,38,39,40,41,42,43,44,45,46,47,48,49,50,51,60,53,54,55,56,57,58,59,60,61,62,63,64,65,66,67,68,69,70,7,72,73,74,75,76,77,78,79,80,81,82,83,84,85,86,87,88,89,90,90,28,93,94,95,96,97,98,99]
CFO=-521.6806588809094,STO=4
EsN0dB=18.76,GRXdB=17,N0=0.009999999776482582
packet_number=1375,correct=True,payload=[0,1,2,3,4,5,6,7,8,9,10,11,12,13,14,15,16,17,18,19,20,21,22,23,24,25,26,27,28,29,30,31,32,33,34,35,36,37,38,39,40,41,42,43,44,45,46,47,48,49,50,51,52,53,54,55,56,57,58,59,60,61,62,63,64,65,66,67,68,69,70,71,72,73,74,75,76,77,78,79,80,81,82,83,84,85,86,87,88,89,90,91,92,93,94,95,96,97,98,99]
CFO=-430.42956872888516,STO=2
EsN0dB=18.79,GRXdB=17,N0=0.009999999776482582
packet_number=1376,correct=True,payload=[0,1,2,3,4,5,6,7,8,9,10,11,12,13,14,15,16,17,18,19,20,21,22,23,24,25,26,27,28,29,30,31,32,33,34,35,36,37,38,39,40,41,42,43,44,45,46,47,48,49,50,51,52,53,54,55,56,57,58,59,60,61,62,63,64,65,66,67,68,69,70,71,72,73,74,75,76,77,78,79,80,81,82,83,84,85,86,87,88,89,90,91,92,93,94,95,96,97,98,99]
CFO=-409.15839123089216,STO=3
EsN0dB=18.77,GRXdB=17,N0=0.009999999776482582
packet_number=1377,correct=True,payload=[0,1,2,3,4,5,6,7,8,9,10,11,12,13,14,15,16,17,18,19,20,21,22,23,24,25,26,27,28,29,30,31,32,33,34,35,36,37,38,39,40,41,42,43,44,45,46,47,48,49,50,51,52,53,54,55,56,57,58,59,60,61,62,63,64,65,66,67,68,69,70,71,72,73,74,75,76,77,78,79,80,81,82,83,84,85,86,87,88,89,90,91,92,93,94,95,96,97,98,99]
CFO=-426.82963807844897,STO=1
EsN0dB=18.81,GRXdB=17,N0=0.009999999776482582
packet_number=1378,correct=False,payload=[0,1,2,3,4,5,6,7,8,9,11,11,12,15,14,15,16,17,18,19,20,21,22,23,24,25,26,27,28,31,30,31,32,1,34,35,36,37,38,39,40,33,42,43,44,45,46,63,48,49,50,51,54,53,54,55,56,57,58,59,60,61,62,63,64,65,66,67,68,69,70,71,72,73,74,75,76,77,78,79,88,81,82,83,84,85,86,87,88,89,90,91,92,93,94,95,96,97,34,99]
CFO=-503.2751370526579,STO=5
EsN0dB=18.78,GRXdB=17,N0=0.009999999776482582
packet_number=1379,correct=True,payload=[0,1,2,3,4,5,6,7,8,9,10,11,12,13,14,15,16,17,18,19,20,21,22,23,24,25,26,27,28,29,30,31,32,33,34,35,36,37,38,39,40,41,42,43,44,45,46,47,48,49,50,51,52,53,54,55,56,57,58,59,60,61,62,63,64,65,66,67,68,69,70,71,72,73,74,75,76,77,78,79,80,81,82,83,84,85,86,87,88,89,90,91,92,93,94,95,96,97,98,99]
CFO=-487.7629592478146,STO=3
EsN0dB=18.81,GRXdB=17,N0=0.009999999776482582
packet_number=1380,correct=True,payload=[0,1,2,3,4,5,6,7,8,9,10,11,12,13,14,15,16,17,18,19,20,21,22,23,24,25,26,27,28,29,30,31,32,33,34,35,36,37,38,39,40,41,42,43,44,45,46,47,48,49,50,51,52,53,54,55,56,57,58,59,60,61,62,63,64,65,66,67,68,69,70,71,72,73,74,75,76,77,78,79,80,81,82,83,84,85,86,87,88,89,90,91,92,93,94,95,96,97,98,99]
CFO=-505.5507402691011,STO=2
EsN0dB=18.79,GRXdB=17,N0=0.009999999776482582
packet_number=1381,correct=True,payload=[0,1,2,3,4,5,6,7,8,9,10,11,12,13,14,15,16,17,18,19,20,21,22,23,24,25,26,27,28,29,30,31,32,33,34,35,36,37,38,39,40,41,42,43,44,45,46,47,48,49,50,51,52,53,54,55,56,57,58,59,60,61,62,63,64,65,66,67,68,69,70,71,72,73,74,75,76,77,78,79,80,81,82,83,84,85,86,87,88,89,90,91,92,93,94,95,96,97,98,99]
CFO=-492.733997013278,STO=5
EsN0dB=18.78,GRXdB=17,N0=0.009999999776482582
packet_number=1382,correct=True,payload=[0,1,2,3,4,5,6,7,8,9,10,11,12,13,14,15,16,17,18,19,20,21,22,23,24,25,26,27,28,29,30,31,32,33,34,35,36,37,38,39,40,41,42,43,44,45,46,47,48,49,50,51,52,53,54,55,56,57,58,59,60,61,62,63,64,65,66,67,68,69,70,71,72,73,74,75,76,77,78,79,80,81,82,83,84,85,86,87,88,89,90,91,92,93,94,95,96,97,98,99]
CFO=-516.5685705943048,STO=6
EsN0dB=18.77,GRXdB=17,N0=0.009999999776482582
packet_number=1383,correct=True,payload=[0,1,2,3,4,5,6,7,8,9,10,11,12,13,14,15,16,17,18,19,20,21,22,23,24,25,26,27,28,29,30,31,32,33,34,35,36,37,38,39,40,41,42,43,44,45,46,47,48,49,50,51,52,53,54,55,56,57,58,59,60,61,62,63,64,65,66,67,68,69,70,71,72,73,74,75,76,77,78,79,80,81,82,83,84,85,86,87,88,89,90,91,92,93,94,95,96,97,98,99]
CFO=-518.3457241549121,STO=3
EsN0dB=18.84,GRXdB=17,N0=0.009999999776482582
packet_number=1384,correct=True,payload=[0,1,2,3,4,5,6,7,8,9,10,11,12,13,14,15,16,17,18,19,20,21,22,23,24,25,26,27,28,29,30,31,32,33,34,35,36,37,38,39,40,41,42,43,44,45,46,47,48,49,50,51,52,53,54,55,56,57,58,59,60,61,62,63,64,65,66,67,68,69,70,71,72,73,74,75,76,77,78,79,80,81,82,83,84,85,86,87,88,89,90,91,92,93,94,95,96,97,98,99]
CFO=-2455.966219444719,STO=2
EsN0dB=nan,GRXdB=17,N0=0.009999999776482582
packet_number=1385,correct=False,payload=[214,217,196,170,217,7,181,237,190,118,122,101,251,153,217,70,25,172,200,95,195,49,176,88,116,69,145,95,174,237,58,251,205,165,237,111,31,222,156,57,48,24,167,128,230,176,219,92,10,85,35,132,55,32,249,127,193,81,72,255,11,201,193,77,188,131,44,137,52,168,141,103,64,217,98,66,156,88,74,116,76,167,181,81,79,142,254,91,67,114,160,221,238,166,255,82,151,30,214,204]
CFO=-485.6000363657256,STO=5
EsN0dB=18.79,GRXdB=17,N0=0.009999999776482582
packet_number=1386,correct=True,payload=[0,1,2,3,4,5,6,7,8,9,10,11,12,13,14,15,16,17,18,19,20,21,22,23,24,25,26,27,28,29,30,31,32,33,34,35,36,37,38,39,40,41,42,43,44,45,46,47,48,49,50,51,52,53,54,55,56,57,58,59,60,61,62,63,64,65,66,67,68,69,70,71,72,73,74,75,76,77,78,79,80,81,82,83,84,85,86,87,88,89,90,91,92,93,94,95,96,97,98,99]
CFO=-463.5894849610951,STO=2
EsN0dB=18.76,GRXdB=17,N0=0.009999999776482582
packet_number=1387,correct=True,payload=[0,1,2,3,4,5,6,7,8,9,10,11,12,13,14,15,16,17,18,19,20,21,22,23,24,25,26,27,28,29,30,31,32,33,34,35,36,37,38,39,40,41,42,43,44,45,46,47,48,49,50,51,52,53,54,55,56,57,58,59,60,61,62,63,64,65,66,67,68,69,70,71,72,73,74,75,76,77,78,79,80,81,82,83,84,85,86,87,88,89,90,91,92,93,94,95,96,97,98,99]
CFO=-383.95982531522355,STO=3
EsN0dB=18.83,GRXdB=17,N0=0.009999999776482582
packet_number=1388,correct=True,payload=[0,1,2,3,4,5,6,7,8,9,10,11,12,13,14,15,16,17,18,19,20,21,22,23,24,25,26,27,28,29,30,31,32,33,34,35,36,37,38,39,40,41,42,43,44,45,46,47,48,49,50,51,52,53,54,55,56,57,58,59,60,61,62,63,64,65,66,67,68,69,70,71,72,73,74,75,76,77,78,79,80,81,82,83,84,85,86,87,88,89,90,91,92,93,94,95,96,97,98,99]
CFO=-454.52427646775436,STO=4
EsN0dB=18.83,GRXdB=17,N0=0.009999999776482582
packet_number=1389,correct=True,payload=[0,1,2,3,4,5,6,7,8,9,10,11,12,13,14,15,16,17,18,19,20,21,22,23,24,25,26,27,28,29,30,31,32,33,34,35,36,37,38,39,40,41,42,43,44,45,46,47,48,49,50,51,52,53,54,55,56,57,58,59,60,61,62,63,64,65,66,67,68,69,70,71,72,73,74,75,76,77,78,79,80,81,82,83,84,85,86,87,88,89,90,91,92,93,94,95,96,97,98,99]
CFO=-535.1611518568566,STO=0
EsN0dB=18.84,GRXdB=17,N0=0.009999999776482582
packet_number=1390,correct=False,payload=[0,1,2,3,4,5,6,7,8,9,10,11,12,13,14,15,16,17,18,19,20,21,22,23,24,24,26,27,28,29,30,31,0,33,34,35,36,37,38,39,40,41,42,43,44,45,46,47,48,49,50,51,52,53,54,55,56,57,58,59,60,61,62,63,64,65,66,67,68,69,70,71,72,73,74,75,76,13,78,79,80,81,82,83,84,85,86,87,88,89,90,91,92,93,94,95,96,97,98,99]
CFO=-452.9771378280243,STO=3
EsN0dB=18.75,GRXdB=17,N0=0.009999999776482582
packet_number=1391,correct=True,payload=[0,1,2,3,4,5,6,7,8,9,10,11,12,13,14,15,16,17,18,19,20,21,22,23,24,25,26,27,28,29,30,31,32,33,34,35,36,37,38,39,40,41,42,43,44,45,46,47,48,49,50,51,52,53,54,55,56,57,58,59,60,61,62,63,64,65,66,67,68,69,70,71,72,73,74,75,76,77,78,79,80,81,82,83,84,85,86,87,88,89,90,91,92,93,94,95,96,97,98,99]
CFO=-335.9608487924686,STO=1
EsN0dB=18.79,GRXdB=17,N0=0.009999999776482582
packet_number=1392,correct=False,payload=[0,1,2,3,4,5,6,7,8,9,10,11,12,13,14,15,16,17,18,19,20,21,22,23,24,25,26,27,28,29,30,31,32,33,34,35,4,37,54,39,40,41,42,43,44,45,46,47,48,49,50,51,52,53,54,55,56,57,58,59,60,61,62,63,64,65,66,67,68,69,70,71,72,73,10,75,76,77,78,79,80,81,82,83,84,85,86,87,88,89,90,91,92,93,94,95,96,97,98,99]
CFO=-422.32251363903396,STO=4
EsN0dB=18.78,GRXdB=17,N0=0.009999999776482582
packet_number=1393,correct=True,payload=[0,1,2,3,4,5,6,7,8,9,10,11,12,13,14,15,16,17,18,19,20,21,22,23,24,25,26,27,28,29,30,31,32,33,34,35,36,37,38,39,40,41,42,43,44,45,46,47,48,49,50,51,52,53,54,55,56,57,58,59,60,61,62,63,64,65,66,67,68,69,70,71,72,73,74,75,76,77,78,79,80,81,82,83,84,85,86,87,88,89,90,91,92,93,94,95,96,97,98,99]
CFO=-517.2883492099642,STO=7
EsN0dB=18.79,GRXdB=17,N0=0.009999999776482582
packet_number=1394,correct=True,payload=[0,1,2,3,4,5,6,7,8,9,10,11,12,13,14,15,16,17,18,19,20,21,22,23,24,25,26,27,28,29,30,31,32,33,34,35,36,37,38,39,40,41,42,43,44,45,46,47,48,49,50,51,52,53,54,55,56,57,58,59,60,61,62,63,64,65,66,67,68,69,70,71,72,73,74,75,76,77,78,79,80,81,82,83,84,85,86,87,88,89,90,91,92,93,94,95,96,97,98,99]
CFO=-382.191239135997,STO=7
EsN0dB=18.75,GRXdB=17,N0=0.009999999776482582
packet_number=1395,correct=False,payload=[0,0,2,2,4,13,14,7,8,17,26,27,12,13,14,30,32,32,2,51,44,21,22,38,24,24,16,59,60,29,60,31,32,32,38,35,32,33,38,39,72,97,42,51,44,79,62,47,48,113,34,50,52,117,54,119,56,59,48,123,124,61,60,63,0,67,198,67,76,77,142,199,72,73,74,219,72,221,78,79,240,81,82,211,84,245,92,223,24,82,90,155,92,29,94,223,96,97,98,99]
CFO=-371.0272593637093,STO=4
EsN0dB=18.80,GRXdB=17,N0=0.009999999776482582
packet_number=1396,correct=True,payload=[0,1,2,3,4,5,6,7,8,9,10,11,12,13,14,15,16,17,18,19,20,21,22,23,24,25,26,27,28,29,30,31,32,33,34,35,36,37,38,39,40,41,42,43,44,45,46,47,48,49,50,51,52,53,54,55,56,57,58,59,60,61,62,63,64,65,66,67,68,69,70,71,72,73,74,75,76,77,78,79,80,81,82,83,84,85,86,87,88,89,90,91,92,93,94,95,96,97,98,99]
CFO=-548.8900692479284,STO=5
EsN0dB=18.78,GRXdB=17,N0=0.009999999776482582
packet_number=1397,correct=True,payload=[0,1,2,3,4,5,6,7,8,9,10,11,12,13,14,15,16,17,18,19,20,21,22,23,24,25,26,27,28,29,30,31,32,33,34,35,36,37,38,39,40,41,42,43,44,45,46,47,48,49,50,51,52,53,54,55,56,57,58,59,60,61,62,63,64,65,66,67,68,69,70,71,72,73,74,75,76,77,78,79,80,81,82,83,84,85,86,87,88,89,90,91,92,93,94,95,96,97,98,99]
CFO=-388.89033847740825,STO=1
EsN0dB=18.81,GRXdB=17,N0=0.009999999776482582
packet_number=1398,correct=True,payload=[0,1,2,3,4,5,6,7,8,9,10,11,12,13,14,15,16,17,18,19,20,21,22,23,24,25,26,27,28,29,30,31,32,33,34,35,36,37,38,39,40,41,42,43,44,45,46,47,48,49,50,51,52,53,54,55,56,57,58,59,60,61,62,63,64,65,66,67,68,69,70,71,72,73,74,75,76,77,78,79,80,81,82,83,84,85,86,87,88,89,90,91,92,93,94,95,96,97,98,99]
CFO=-875.3402650050917,STO=6
EsN0dB=-16.02,GRXdB=17,N0=0.009999999776482582
packet_number=1399,correct=False,payload=[161,13,169,253,148,167,90,158,255,114,67,230,39,49,123,77,161,43,135,172,48,243,179,82,76,0,199,213,28,197,245,22,157,118,58,29,170,82,142,119,127,119,249,5,206,65,162,127,11,111,50,40,154,164,23,113,223,4,221,23,215,80,146,45,72,109,222,228,202,233,101,239,39,86,96,118,24,151,24,238,9,138,177,249,165,185,229,242,208,155,213,6,227,127,106,167,101,160,209,195]
CFO=-481.1926374313797,STO=7
EsN0dB=18.79,GRXdB=17,N0=0.009999999776482582
packet_number=1400,correct=False,payload=[0,1,2,3,4,1,6,7,8,1,10,27,12,15,14,15,16,17,50,18,16,21,54,6,16,25,26,31,28,29,30,31,32,33,34,3,36,37,38,6,104,25,122,107,44,41,46,47,112,49,50,50,52,60,54,55,56,57,56,123,124,61,62,63,64,65,66,195,196,5,4,71,72,65,206,67,76,77,78,143,80,65,210,83,92,117,94,71,216,81,26,91,92,29,94,31,96,97,226,99]
CFO=-465.46749053366585,STO=4
EsN0dB=18.75,GRXdB=17,N0=0.009999999776482582
packet_number=1401,correct=True,payload=[0,1,2,3,4,5,6,7,8,9,10,11,12,13,14,15,16,17,18,19,20,21,22,23,24,25,26,27,28,29,30,31,32,33,34,35,36,37,38,39,40,41,42,43,44,45,46,47,48,49,50,51,52,53,54,55,56,57,58,59,60,61,62,63,64,65,66,67,68,69,70,71,72,73,74,75,76,77,78,79,80,81,82,83,84,85,86,87,88,89,90,91,92,93,94,95,96,97,98,99]
CFO=-470.0939357691282,STO=2
EsN0dB=18.77,GRXdB=17,N0=0.009999999776482582
packet_number=1402,correct=True,payload=[0,1,2,3,4,5,6,7,8,9,10,11,12,13,14,15,16,17,18,19,20,21,22,23,24,25,26,27,28,29,30,31,32,33,34,35,36,37,38,39,40,41,42,43,44,45,46,47,48,49,50,51,52,53,54,55,56,57,58,59,60,61,62,63,64,65,66,67,68,69,70,71,72,73,74,75,76,77,78,79,80,81,82,83,84,85,86,87,88,89,90,91,92,93,94,95,96,97,98,99]
CFO=-356.70144154321815,STO=6
EsN0dB=18.84,GRXdB=17,N0=0.009999999776482582
packet_number=1403,correct=True,payload=[0,1,2,3,4,5,6,7,8,9,10,11,12,13,14,15,16,17,18,19,20,21,22,23,24,25,26,27,28,29,30,31,32,33,34,35,36,37,38,39,40,41,42,43,44,45,46,47,48,49,50,51,52,53,54,55,56,57,58,59,60,61,62,63,64,65,66,67,68,69,70,71,72,73,74,75,76,77,78,79,80,81,82,83,84,85,86,87,88,89,90,91,92,93,94,95,96,97,98,99]
CFO=-436.88119229255653,STO=3
EsN0dB=18.80,GRXdB=17,N0=0.009999999776482582
packet_number=1404,correct=False,payload=[64,230,0,1,6,6,12,5,4,15,24,8,12,15,12,29,14,30,16,32,34,35,16,21,54,23,24,27,18,23,56,28,28,63,0,98,98,102,96,5,12,7,32,8,108,46,28,57,76,14,32,112,114,103,100,100,110,55,120,49,124,51,60,57,126,127,64,1,2,195,140,3,78,71,192,8,14,139,156,201,92,95,0,33,82,215,88,67,70,87,208,155,114,122,156,154,222,159,96,225]
CFO=-567.8878965432668,STO=7
EsN0dB=18.79,GRXdB=17,N0=0.009999999776482582
packet_number=1405,correct=True,payload=[0,1,2,3,4,5,6,7,8,9,10,11,12,13,14,15,16,17,18,19,20,21,22,23,24,25,26,27,28,29,30,31,32,33,34,35,36,37,38,39,40,41,42,43,44,45,46,47,48,49,50,51,52,53,54,55,56,57,58,59,60,61,62,63,64,65,66,67,68,69,70,71,72,73,74,75,76,77,78,79,80,81,82,83,84,85,86,87,88,89,90,91,92,93,94,95,96,97,98,99]
CFO=-457.3842699581058,STO=3
EsN0dB=18.81,GRXdB=17,N0=0.009999999776482582
packet_number=1406,correct=True,payload=[0,1,2,3,4,5,6,7,8,9,10,11,12,13,14,15,16,17,18,19,20,21,22,23,24,25,26,27,28,29,30,31,32,33,34,35,36,37,38,39,40,41,42,43,44,45,46,47,48,49,50,51,52,53,54,55,56,57,58,59,60,61,62,63,64,65,66,67,68,69,70,71,72,73,74,75,76,77,78,79,80,81,82,83,84,85,86,87,88,89,90,91,92,93,94,95,96,97,98,99]
CFO=-475.24856451345397,STO=4
EsN0dB=18.79,GRXdB=17,N0=0.009999999776482582
packet_number=1407,correct=True,payload=[0,1,2,3,4,5,6,7,8,9,10,11,12,13,14,15,16,17,18,19,20,21,22,23,24,25,26,27,28,29,30,31,32,33,34,35,36,37,38,39,40,41,42,43,44,45,46,47,48,49,50,51,52,53,54,55,56,57,58,59,60,61,62,63,64,65,66,67,68,69,70,71,72,73,74,75,76,77,78,79,80,81,82,83,84,85,86,87,88,89,90,91,92,93,94,95,96,97,98,99]
CFO=-520.9979364130908,STO=4
EsN0dB=18.80,GRXdB=17,N0=0.009999999776482582
packet_number=1408,correct=True,payload=[0,1,2,3,4,5,6,7,8,9,10,11,12,13,14,15,16,17,18,19,20,21,22,23,24,25,26,27,28,29,30,31,32,33,34,35,36,37,38,39,40,41,42,43,44,45,46,47,48,49,50,51,52,53,54,55,56,57,58,59,60,61,62,63,64,65,66,67,68,69,70,71,72,73,74,75,76,77,78,79,80,81,82,83,84,85,86,87,88,89,90,91,92,93,94,95,96,97,98,99]
CFO=-368.6603497989864,STO=4
EsN0dB=18.80,GRXdB=17,N0=0.009999999776482582
packet_number=1409,correct=True,payload=[0,1,2,3,4,5,6,7,8,9,10,11,12,13,14,15,16,17,18,19,20,21,22,23,24,25,26,27,28,29,30,31,32,33,34,35,36,37,38,39,40,41,42,43,44,45,46,47,48,49,50,51,52,53,54,55,56,57,58,59,60,61,62,63,64,65,66,67,68,69,70,71,72,73,74,75,76,77,78,79,80,81,82,83,84,85,86,87,88,89,90,91,92,93,94,95,96,97,98,99]
CFO=-426.201017586478,STO=2
EsN0dB=18.76,GRXdB=17,N0=0.009999999776482582
packet_number=1410,correct=True,payload=[0,1,2,3,4,5,6,7,8,9,10,11,12,13,14,15,16,17,18,19,20,21,22,23,24,25,26,27,28,29,30,31,32,33,34,35,36,37,38,39,40,41,42,43,44,45,46,47,48,49,50,51,52,53,54,55,56,57,58,59,60,61,62,63,64,65,66,67,68,69,70,71,72,73,74,75,76,77,78,79,80,81,82,83,84,85,86,87,88,89,90,91,92,93,94,95,96,97,98,99]
CFO=-416.32101851441416,STO=6
EsN0dB=18.78,GRXdB=17,N0=0.009999999776482582
packet_number=1411,correct=True,payload=[0,1,2,3,4,5,6,7,8,9,10,11,12,13,14,15,16,17,18,19,20,21,22,23,24,25,26,27,28,29,30,31,32,33,34,35,36,37,38,39,40,41,42,43,44,45,46,47,48,49,50,51,52,53,54,55,56,57,58,59,60,61,62,63,64,65,66,67,68,69,70,71,72,73,74,75,76,77,78,79,80,81,82,83,84,85,86,87,88,89,90,91,92,93,94,95,96,97,98,99]
CFO=-337.9965356853315,STO=4
EsN0dB=18.77,GRXdB=17,N0=0.009999999776482582
packet_number=1412,correct=True,payload=[0,1,2,3,4,5,6,7,8,9,10,11,12,13,14,15,16,17,18,19,20,21,22,23,24,25,26,27,28,29,30,31,32,33,34,35,36,37,38,39,40,41,42,43,44,45,46,47,48,49,50,51,52,53,54,55,56,57,58,59,60,61,62,63,64,65,66,67,68,69,70,71,72,73,74,75,76,77,78,79,80,81,82,83,84,85,86,87,88,89,90,91,92,93,94,95,96,97,98,99]
CFO=-452.6038490171354,STO=6
EsN0dB=18.76,GRXdB=17,N0=0.009999999776482582
packet_number=1413,correct=True,payload=[0,1,2,3,4,5,6,7,8,9,10,11,12,13,14,15,16,17,18,19,20,21,22,23,24,25,26,27,28,29,30,31,32,33,34,35,36,37,38,39,40,41,42,43,44,45,46,47,48,49,50,51,52,53,54,55,56,57,58,59,60,61,62,63,64,65,66,67,68,69,70,71,72,73,74,75,76,77,78,79,80,81,82,83,84,85,86,87,88,89,90,91,92,93,94,95,96,97,98,99]
CFO=-413.7640850235637,STO=4
EsN0dB=18.79,GRXdB=17,N0=0.009999999776482582
packet_number=1414,correct=True,payload=[0,1,2,3,4,5,6,7,8,9,10,11,12,13,14,15,16,17,18,19,20,21,22,23,24,25,26,27,28,29,30,31,32,33,34,35,36,37,38,39,40,41,42,43,44,45,46,47,48,49,50,51,52,53,54,55,56,57,58,59,60,61,62,63,64,65,66,67,68,69,70,71,72,73,74,75,76,77,78,79,80,81,82,83,84,85,86,87,88,89,90,91,92,93,94,95,96,97,98,99]
CFO=-343.616975030475,STO=1
EsN0dB=18.79,GRXdB=17,N0=0.009999999776482582
packet_number=1415,correct=True,payload=[0,1,2,3,4,5,6,7,8,9,10,11,12,13,14,15,16,17,18,19,20,21,22,23,24,25,26,27,28,29,30,31,32,33,34,35,36,37,38,39,40,41,42,43,44,45,46,47,48,49,50,51,52,53,54,55,56,57,58,59,60,61,62,63,64,65,66,67,68,69,70,71,72,73,74,75,76,77,78,79,80,81,82,83,84,85,86,87,88,89,90,91,92,93,94,95,96,97,98,99]
CFO=-332.9637772000245,STO=3
EsN0dB=18.78,GRXdB=17,N0=0.009999999776482582
packet_number=1416,correct=True,payload=[0,1,2,3,4,5,6,7,8,9,10,11,12,13,14,15,16,17,18,19,20,21,22,23,24,25,26,27,28,29,30,31,32,33,34,35,36,37,38,39,40,41,42,43,44,45,46,47,48,49,50,51,52,53,54,55,56,57,58,59,60,61,62,63,64,65,66,67,68,69,70,71,72,73,74,75,76,77,78,79,80,81,82,83,84,85,86,87,88,89,90,91,92,93,94,95,96,97,98,99]
CFO=-428.76551053148796,STO=3
EsN0dB=18.80,GRXdB=17,N0=0.009999999776482582
packet_number=1417,correct=True,payload=[0,1,2,3,4,5,6,7,8,9,10,11,12,13,14,15,16,17,18,19,20,21,22,23,24,25,26,27,28,29,30,31,32,33,34,35,36,37,38,39,40,41,42,43,44,45,46,47,48,49,50,51,52,53,54,55,56,57,58,59,60,61,62,63,64,65,66,67,68,69,70,71,72,73,74,75,76,77,78,79,80,81,82,83,84,85,86,87,88,89,90,91,92,93,94,95,96,97,98,99]
CFO=-408.4306677771358,STO=5
EsN0dB=18.84,GRXdB=17,N0=0.009999999776482582
packet_number=1418,correct=True,payload=[0,1,2,3,4,5,6,7,8,9,10,11,12,13,14,15,16,17,18,19,20,21,22,23,24,25,26,27,28,29,30,31,32,33,34,35,36,37,38,39,40,41,42,43,44,45,46,47,48,49,50,51,52,53,54,55,56,57,58,59,60,61,62,63,64,65,66,67,68,69,70,71,72,73,74,75,76,77,78,79,80,81,82,83,84,85,86,87,88,89,90,91,92,93,94,95,96,97,98,99]
CFO=-495.9624768377582,STO=2
EsN0dB=18.76,GRXdB=17,N0=0.009999999776482582
packet_number=1419,correct=True,payload=[0,1,2,3,4,5,6,7,8,9,10,11,12,13,14,15,16,17,18,19,20,21,22,23,24,25,26,27,28,29,30,31,32,33,34,35,36,37,38,39,40,41,42,43,44,45,46,47,48,49,50,51,52,53,54,55,56,57,58,59,60,61,62,63,64,65,66,67,68,69,70,71,72,73,74,75,76,77,78,79,80,81,82,83,84,85,86,87,88,89,90,91,92,93,94,95,96,97,98,99]
CFO=-328.91534858104177,STO=5
EsN0dB=18.78,GRXdB=17,N0=0.009999999776482582
packet_number=1420,correct=True,payload=[0,1,2,3,4,5,6,7,8,9,10,11,12,13,14,15,16,17,18,19,20,21,22,23,24,25,26,27,28,29,30,31,32,33,34,35,36,37,38,39,40,41,42,43,44,45,46,47,48,49,50,51,52,53,54,55,56,57,58,59,60,61,62,63,64,65,66,67,68,69,70,71,72,73,74,75,76,77,78,79,80,81,82,83,84,85,86,87,88,89,90,91,92,93,94,95,96,97,98,99]
CFO=-357.1169447177273,STO=4
EsN0dB=18.77,GRXdB=17,N0=0.009999999776482582
packet_number=1421,correct=True,payload=[0,1,2,3,4,5,6,7,8,9,10,11,12,13,14,15,16,17,18,19,20,21,22,23,24,25,26,27,28,29,30,31,32,33,34,35,36,37,38,39,40,41,42,43,44,45,46,47,48,49,50,51,52,53,54,55,56,57,58,59,60,61,62,63,64,65,66,67,68,69,70,71,72,73,74,75,76,77,78,79,80,81,82,83,84,85,86,87,88,89,90,91,92,93,94,95,96,97,98,99]
CFO=-453.09568785619655,STO=2
EsN0dB=18.74,GRXdB=17,N0=0.009999999776482582
packet_number=1422,correct=True,payload=[0,1,2,3,4,5,6,7,8,9,10,11,12,13,14,15,16,17,18,19,20,21,22,23,24,25,26,27,28,29,30,31,32,33,34,35,36,37,38,39,40,41,42,43,44,45,46,47,48,49,50,51,52,53,54,55,56,57,58,59,60,61,62,63,64,65,66,67,68,69,70,71,72,73,74,75,76,77,78,79,80,81,82,83,84,85,86,87,88,89,90,91,92,93,94,95,96,97,98,99]
CFO=-506.78551040499246,STO=1
EsN0dB=18.77,GRXdB=17,N0=0.009999999776482582
packet_number=1423,correct=True,payload=[0,1,2,3,4,5,6,7,8,9,10,11,12,13,14,15,16,17,18,19,20,21,22,23,24,25,26,27,28,29,30,31,32,33,34,35,36,37,38,39,40,41,42,43,44,45,46,47,48,49,50,51,52,53,54,55,56,57,58,59,60,61,62,63,64,65,66,67,68,69,70,71,72,73,74,75,76,77,78,79,80,81,82,83,84,85,86,87,88,89,90,91,92,93,94,95,96,97,98,99]
CFO=-460.7217541470745,STO=2
EsN0dB=18.78,GRXdB=17,N0=0.009999999776482582
packet_number=1424,correct=False,payload=[128,0,2,3,132,6,134,3,8,9,0,15,12,12,142,15,24,17,26,27,16,3,31,15,152,25,142,29,28,15,30,31,176,49,34,35,4,21,23,39,40,57,13,7,172,47,166,39,16,49,146,19,52,55,22,55,60,25,58,57,60,61,63,31,64,0,66,33,6,70,70,71,8,72,203,11,76,77,110,111,80,25,99,99,208,18,114,63,60,73,88,127,124,77,15,31,96,97,115,99]
CFO=-397.0690453347244,STO=0
EsN0dB=18.79,GRXdB=17,N0=0.009999999776482582
packet_number=1425,correct=False,payload=[151,128,1,2,3,130,1,3,7,140,8,139,5,140,6,142,15,128,25,25,25,4,21,22,31,8,24,158,27,158,28,158,31,32,1,146,35,0,33,55,39,160,48,130,33,60,37,14,63,16,17,50,59,28,16,182,23,56,56,188,63,28,61,63,31,0,1,162,65,230,64,67,71,136,12,70,75,6,71,134,111,128,16,136,105,88,21,102,103,72,24,217,75,124,94,223,31,112,96,99]
CFO=-373.740154769592,STO=3
EsN0dB=18.83,GRXdB=17,N0=0.009999999776482582
packet_number=1426,correct=True,payload=[0,1,2,3,4,5,6,7,8,9,10,11,12,13,14,15,16,17,18,19,20,21,22,23,24,25,26,27,28,29,30,31,32,33,34,35,36,37,38,39,40,41,42,43,44,45,46,47,48,49,50,51,52,53,54,55,56,57,58,59,60,61,62,63,64,65,66,67,68,69,70,71,72,73,74,75,76,77,78,79,80,81,82,83,84,85,86,87,88,89,90,91,92,93,94,95,96,97,98,99]
CFO=-509.49327724001404,STO=5
EsN0dB=18.79,GRXdB=17,N0=0.009999999776482582
packet_number=1427,correct=True,payload=[0,1,2,3,4,5,6,7,8,9,10,11,12,13,14,15,16,17,18,19,20,21,22,23,24,25,26,27,28,29,30,31,32,33,34,35,36,37,38,39,40,41,42,43,44,45,46,47,48,49,50,51,52,53,54,55,56,57,58,59,60,61,62,63,64,65,66,67,68,69,70,71,72,73,74,75,76,77,78,79,80,81,82,83,84,85,86,87,88,89,90,91,92,93,94,95,96,97,98,99]
CFO=-451.10414224664163,STO=4
EsN0dB=18.82,GRXdB=17,N0=0.009999999776482582
packet_number=1428,correct=True,payload=[0,1,2,3,4,5,6,7,8,9,10,11,12,13,14,15,16,17,18,19,20,21,22,23,24,25,26,27,28,29,30,31,32,33,34,35,36,37,38,39,40,41,42,43,44,45,46,47,48,49,50,51,52,53,54,55,56,57,58,59,60,61,62,63,64,65,66,67,68,69,70,71,72,73,74,75,76,77,78,79,80,81,82,83,84,85,86,87,88,89,90,91,92,93,94,95,96,97,98,99]
CFO=-321.8769335050821,STO=3
EsN0dB=18.80,GRXdB=17,N0=0.009999999776482582
packet_number=1429,correct=True,payload=[0,1,2,3,4,5,6,7,8,9,10,11,12,13,14,15,16,17,18,19,20,21,22,23,24,25,26,27,28,29,30,31,32,33,34,35,36,37,38,39,40,41,42,43,44,45,46,47,48,49,50,51,52,53,54,55,56,57,58,59,60,61,62,63,64,65,66,67,68,69,70,71,72,73,74,75,76,77,78,79,80,81,82,83,84,85,86,87,88,89,90,91,92,93,94,95,96,97,98,99]
CFO=-400.4809975583939,STO=3
EsN0dB=18.81,GRXdB=17,N0=0.009999999776482582
packet_number=1430,correct=True,payload=[0,1,2,3,4,5,6,7,8,9,10,11,12,13,14,15,16,17,18,19,20,21,22,23,24,25,26,27,28,29,30,31,32,33,34,35,36,37,38,39,40,41,42,43,44,45,46,47,48,49,50,51,52,53,54,55,56,57,58,59,60,61,62,63,64,65,66,67,68,69,70,71,72,73,74,75,76,77,78,79,80,81,82,83,84,85,86,87,88,89,90,91,92,93,94,95,96,97,98,99]
CFO=-438.1223657307948,STO=7
EsN0dB=18.79,GRXdB=17,N0=0.009999999776482582
packet_number=1431,correct=True,payload=[0,1,2,3,4,5,6,7,8,9,10,11,12,13,14,15,16,17,18,19,20,21,22,23,24,25,26,27,28,29,30,31,32,33,34,35,36,37,38,39,40,41,42,43,44,45,46,47,48,49,50,51,52,53,54,55,56,57,58,59,60,61,62,63,64,65,66,67,68,69,70,71,72,73,74,75,76,77,78,79,80,81,82,83,84,85,86,87,88,89,90,91,92,93,94,95,96,97,98,99]
CFO=-447.52413298128465,STO=1
EsN0dB=18.75,GRXdB=17,N0=0.009999999776482582
packet_number=1432,correct=True,payload=[0,1,2,3,4,5,6,7,8,9,10,11,12,13,14,15,16,17,18,19,20,21,22,23,24,25,26,27,28,29,30,31,32,33,34,35,36,37,38,39,40,41,42,43,44,45,46,47,48,49,50,51,52,53,54,55,56,57,58,59,60,61,62,63,64,65,66,67,68,69,70,71,72,73,74,75,76,77,78,79,80,81,82,83,84,85,86,87,88,89,90,91,92,93,94,95,96,97,98,99]
CFO=-423.06829084801836,STO=3
EsN0dB=18.75,GRXdB=17,N0=0.009999999776482582
packet_number=1433,correct=True,payload=[0,1,2,3,4,5,6,7,8,9,10,11,12,13,14,15,16,17,18,19,20,21,22,23,24,25,26,27,28,29,30,31,32,33,34,35,36,37,38,39,40,41,42,43,44,45,46,47,48,49,50,51,52,53,54,55,56,57,58,59,60,61,62,63,64,65,66,67,68,69,70,71,72,73,74,75,76,77,78,79,80,81,82,83,84,85,86,87,88,89,90,91,92,93,94,95,96,97,98,99]
CFO=-445.18672011024296,STO=7
EsN0dB=18.77,GRXdB=17,N0=0.009999999776482582
packet_number=1434,correct=True,payload=[0,1,2,3,4,5,6,7,8,9,10,11,12,13,14,15,16,17,18,19,20,21,22,23,24,25,26,27,28,29,30,31,32,33,34,35,36,37,38,39,40,41,42,43,44,45,46,47,48,49,50,51,52,53,54,55,56,57,58,59,60,61,62,63,64,65,66,67,68,69,70,71,72,73,74,75,76,77,78,79,80,81,82,83,84,85,86,87,88,89,90,91,92,93,94,95,96,97,98,99]
CFO=-516.4785093325926,STO=6
EsN0dB=18.78,GRXdB=17,N0=0.009999999776482582
packet_number=1435,correct=True,payload=[0,1,2,3,4,5,6,7,8,9,10,11,12,13,14,15,16,17,18,19,20,21,22,23,24,25,26,27,28,29,30,31,32,33,34,35,36,37,38,39,40,41,42,43,44,45,46,47,48,49,50,51,52,53,54,55,56,57,58,59,60,61,62,63,64,65,66,67,68,69,70,71,72,73,74,75,76,77,78,79,80,81,82,83,84,85,86,87,88,89,90,91,92,93,94,95,96,97,98,99]
CFO=-467.0717549309072,STO=4
EsN0dB=18.79,GRXdB=17,N0=0.009999999776482582
packet_number=1436,correct=True,payload=[0,1,2,3,4,5,6,7,8,9,10,11,12,13,14,15,16,17,18,19,20,21,22,23,24,25,26,27,28,29,30,31,32,33,34,35,36,37,38,39,40,41,42,43,44,45,46,47,48,49,50,51,52,53,54,55,56,57,58,59,60,61,62,63,64,65,66,67,68,69,70,71,72,73,74,75,76,77,78,79,80,81,82,83,84,85,86,87,88,89,90,91,92,93,94,95,96,97,98,99]
CFO=-442.44664031430426,STO=4
EsN0dB=18.75,GRXdB=17,N0=0.009999999776482582
packet_number=1437,correct=True,payload=[0,1,2,3,4,5,6,7,8,9,10,11,12,13,14,15,16,17,18,19,20,21,22,23,24,25,26,27,28,29,30,31,32,33,34,35,36,37,38,39,40,41,42,43,44,45,46,47,48,49,50,51,52,53,54,55,56,57,58,59,60,61,62,63,64,65,66,67,68,69,70,71,72,73,74,75,76,77,78,79,80,81,82,83,84,85,86,87,88,89,90,91,92,93,94,95,96,97,98,99]
CFO=-455.6720980583521,STO=1
EsN0dB=18.79,GRXdB=17,N0=0.009999999776482582
packet_number=1438,correct=False,payload=[0,1,2,7,4,5,6,7,8,9,10,11,12,13,14,15,16,16,18,19,20,21,30,23,24,25,26,27,28,25,30,63,32,33,34,35,36,45,38,39,40,41,42,11,44,45,46,47,48,49,50,51,52,53,54,55,56,57,58,59,60,61,62,63,64,65,70,67,68,69,70,71,72,73,74,75,76,77,78,79,80,81,82,83,84,85,86,87,88,89,90,91,92,93,94,95,96,97,98,99]
CFO=-567.9588664776115,STO=4
EsN0dB=18.78,GRXdB=17,N0=0.009999999776482582
packet_number=1439,correct=True,payload=[0,1,2,3,4,5,6,7,8,9,10,11,12,13,14,15,16,17,18,19,20,21,22,23,24,25,26,27,28,29,30,31,32,33,34,35,36,37,38,39,40,41,42,43,44,45,46,47,48,49,50,51,52,53,54,55,56,57,58,59,60,61,62,63,64,65,66,67,68,69,70,71,72,73,74,75,76,77,78,79,80,81,82,83,84,85,86,87,88,89,90,91,92,93,94,95,96,97,98,99]
CFO=-436.74773087049317,STO=3
EsN0dB=18.83,GRXdB=17,N0=0.009999999776482582
packet_number=1440,correct=True,payload=[0,1,2,3,4,5,6,7,8,9,10,11,12,13,14,15,16,17,18,19,20,21,22,23,24,25,26,27,28,29,30,31,32,33,34,35,36,37,38,39,40,41,42,43,44,45,46,47,48,49,50,51,52,53,54,55,56,57,58,59,60,61,62,63,64,65,66,67,68,69,70,71,72,73,74,75,76,77,78,79,80,81,82,83,84,85,86,87,88,89,90,91,92,93,94,95,96,97,98,99]
CFO=-406.26561046093116,STO=5
EsN0dB=18.79,GRXdB=17,N0=0.009999999776482582
packet_number=1441,correct=True,payload=[0,1,2,3,4,5,6,7,8,9,10,11,12,13,14,15,16,17,18,19,20,21,22,23,24,25,26,27,28,29,30,31,32,33,34,35,36,37,38,39,40,41,42,43,44,45,46,47,48,49,50,51,52,53,54,55,56,57,58,59,60,61,62,63,64,65,66,67,68,69,70,71,72,73,74,75,76,77,78,79,80,81,82,83,84,85,86,87,88,89,90,91,92,93,94,95,96,97,98,99]
CFO=-437.88695543479184,STO=5
EsN0dB=18.80,GRXdB=17,N0=0.009999999776482582
packet_number=1442,correct=True,payload=[0,1,2,3,4,5,6,7,8,9,10,11,12,13,14,15,16,17,18,19,20,21,22,23,24,25,26,27,28,29,30,31,32,33,34,35,36,37,38,39,40,41,42,43,44,45,46,47,48,49,50,51,52,53,54,55,56,57,58,59,60,61,62,63,64,65,66,67,68,69,70,71,72,73,74,75,76,77,78,79,80,81,82,83,84,85,86,87,88,89,90,91,92,93,94,95,96,97,98,99]
CFO=-501.9479340615925,STO=4
EsN0dB=18.75,GRXdB=17,N0=0.009999999776482582
packet_number=1443,correct=True,payload=[0,1,2,3,4,5,6,7,8,9,10,11,12,13,14,15,16,17,18,19,20,21,22,23,24,25,26,27,28,29,30,31,32,33,34,35,36,37,38,39,40,41,42,43,44,45,46,47,48,49,50,51,52,53,54,55,56,57,58,59,60,61,62,63,64,65,66,67,68,69,70,71,72,73,74,75,76,77,78,79,80,81,82,83,84,85,86,87,88,89,90,91,92,93,94,95,96,97,98,99]
CFO=-425.00288856957155,STO=3
EsN0dB=18.78,GRXdB=17,N0=0.009999999776482582
packet_number=1444,correct=True,payload=[0,1,2,3,4,5,6,7,8,9,10,11,12,13,14,15,16,17,18,19,20,21,22,23,24,25,26,27,28,29,30,31,32,33,34,35,36,37,38,39,40,41,42,43,44,45,46,47,48,49,50,51,52,53,54,55,56,57,58,59,60,61,62,63,64,65,66,67,68,69,70,71,72,73,74,75,76,77,78,79,80,81,82,83,84,85,86,87,88,89,90,91,92,93,94,95,96,97,98,99]
CFO=-468.43642909866924,STO=5
EsN0dB=18.79,GRXdB=17,N0=0.009999999776482582
packet_number=1445,correct=True,payload=[0,1,2,3,4,5,6,7,8,9,10,11,12,13,14,15,16,17,18,19,20,21,22,23,24,25,26,27,28,29,30,31,32,33,34,35,36,37,38,39,40,41,42,43,44,45,46,47,48,49,50,51,52,53,54,55,56,57,58,59,60,61,62,63,64,65,66,67,68,69,70,71,72,73,74,75,76,77,78,79,80,81,82,83,84,85,86,87,88,89,90,91,92,93,94,95,96,97,98,99]
CFO=-315.18234019124833,STO=2
EsN0dB=18.77,GRXdB=17,N0=0.009999999776482582
packet_number=1446,correct=True,payload=[0,1,2,3,4,5,6,7,8,9,10,11,12,13,14,15,16,17,18,19,20,21,22,23,24,25,26,27,28,29,30,31,32,33,34,35,36,37,38,39,40,41,42,43,44,45,46,47,48,49,50,51,52,53,54,55,56,57,58,59,60,61,62,63,64,65,66,67,68,69,70,71,72,73,74,75,76,77,78,79,80,81,82,83,84,85,86,87,88,89,90,91,92,93,94,95,96,97,98,99]
CFO=-502.1780972070611,STO=5
EsN0dB=18.77,GRXdB=17,N0=0.009999999776482582
packet_number=1447,correct=True,payload=[0,1,2,3,4,5,6,7,8,9,10,11,12,13,14,15,16,17,18,19,20,21,22,23,24,25,26,27,28,29,30,31,32,33,34,35,36,37,38,39,40,41,42,43,44,45,46,47,48,49,50,51,52,53,54,55,56,57,58,59,60,61,62,63,64,65,66,67,68,69,70,71,72,73,74,75,76,77,78,79,80,81,82,83,84,85,86,87,88,89,90,91,92,93,94,95,96,97,98,99]
CFO=-392.2388505759743,STO=4
EsN0dB=18.75,GRXdB=17,N0=0.009999999776482582
packet_number=1448,correct=True,payload=[0,1,2,3,4,5,6,7,8,9,10,11,12,13,14,15,16,17,18,19,20,21,22,23,24,25,26,27,28,29,30,31,32,33,34,35,36,37,38,39,40,41,42,43,44,45,46,47,48,49,50,51,52,53,54,55,56,57,58,59,60,61,62,63,64,65,66,67,68,69,70,71,72,73,74,75,76,77,78,79,80,81,82,83,84,85,86,87,88,89,90,91,92,93,94,95,96,97,98,99]
CFO=-333.3587068012524,STO=4
EsN0dB=18.76,GRXdB=17,N0=0.009999999776482582
packet_number=1449,correct=True,payload=[0,1,2,3,4,5,6,7,8,9,10,11,12,13,14,15,16,17,18,19,20,21,22,23,24,25,26,27,28,29,30,31,32,33,34,35,36,37,38,39,40,41,42,43,44,45,46,47,48,49,50,51,52,53,54,55,56,57,58,59,60,61,62,63,64,65,66,67,68,69,70,71,72,73,74,75,76,77,78,79,80,81,82,83,84,85,86,87,88,89,90,91,92,93,94,95,96,97,98,99]
CFO=-505.6250897241288,STO=5
EsN0dB=18.76,GRXdB=17,N0=0.009999999776482582
packet_number=1450,correct=True,payload=[0,1,2,3,4,5,6,7,8,9,10,11,12,13,14,15,16,17,18,19,20,21,22,23,24,25,26,27,28,29,30,31,32,33,34,35,36,37,38,39,40,41,42,43,44,45,46,47,48,49,50,51,52,53,54,55,56,57,58,59,60,61,62,63,64,65,66,67,68,69,70,71,72,73,74,75,76,77,78,79,80,81,82,83,84,85,86,87,88,89,90,91,92,93,94,95,96,97,98,99]
CFO=-482.09888258297383,STO=1
EsN0dB=18.83,GRXdB=17,N0=0.009999999776482582
packet_number=1451,correct=True,payload=[0,1,2,3,4,5,6,7,8,9,10,11,12,13,14,15,16,17,18,19,20,21,22,23,24,25,26,27,28,29,30,31,32,33,34,35,36,37,38,39,40,41,42,43,44,45,46,47,48,49,50,51,52,53,54,55,56,57,58,59,60,61,62,63,64,65,66,67,68,69,70,71,72,73,74,75,76,77,78,79,80,81,82,83,84,85,86,87,88,89,90,91,92,93,94,95,96,97,98,99]
CFO=-557.6858943689258,STO=4
EsN0dB=18.78,GRXdB=17,N0=0.009999999776482582
packet_number=1452,correct=True,payload=[0,1,2,3,4,5,6,7,8,9,10,11,12,13,14,15,16,17,18,19,20,21,22,23,24,25,26,27,28,29,30,31,32,33,34,35,36,37,38,39,40,41,42,43,44,45,46,47,48,49,50,51,52,53,54,55,56,57,58,59,60,61,62,63,64,65,66,67,68,69,70,71,72,73,74,75,76,77,78,79,80,81,82,83,84,85,86,87,88,89,90,91,92,93,94,95,96,97,98,99]
CFO=-441.575939419719,STO=4
EsN0dB=18.81,GRXdB=17,N0=0.009999999776482582
packet_number=1453,correct=True,payload=[0,1,2,3,4,5,6,7,8,9,10,11,12,13,14,15,16,17,18,19,20,21,22,23,24,25,26,27,28,29,30,31,32,33,34,35,36,37,38,39,40,41,42,43,44,45,46,47,48,49,50,51,52,53,54,55,56,57,58,59,60,61,62,63,64,65,66,67,68,69,70,71,72,73,74,75,76,77,78,79,80,81,82,83,84,85,86,87,88,89,90,91,92,93,94,95,96,97,98,99]
CFO=2228.2977531385386,STO=4
EsN0dB=-9.83,GRXdB=17,N0=0.009999999776482582
packet_number=1454,correct=False,payload=[97,33,21,239,231,64,188,137,189,209,240,222,156,240,58,219,159,129,179,189,206,84,219,52,246,50,156,180,11,29,182,19,134,4,235,84,85,72,86,135,203,7,23,4,137,71,118,244,69,187,132,29,194,118,185,215,130,159,245,14,140,199,223,112,44,113,197,198,153,202,133,144,178,134,218,184,174,177,209,83,71,105,217,191,0,122,206,209,103,176,84,77,92,36,191,126,235,81,162,216]
CFO=-407.31290613366644,STO=4
EsN0dB=18.83,GRXdB=17,N0=0.009999999776482582
packet_number=1455,correct=True,payload=[0,1,2,3,4,5,6,7,8,9,10,11,12,13,14,15,16,17,18,19,20,21,22,23,24,25,26,27,28,29,30,31,32,33,34,35,36,37,38,39,40,41,42,43,44,45,46,47,48,49,50,51,52,53,54,55,56,57,58,59,60,61,62,63,64,65,66,67,68,69,70,71,72,73,74,75,76,77,78,79,80,81,82,83,84,85,86,87,88,89,90,91,92,93,94,95,96,97,98,99]
CFO=-572.142535213754,STO=1
EsN0dB=18.82,GRXdB=17,N0=0.009999999776482582
packet_number=1456,correct=False,payload=[0,1,2,3,4,5,6,7,8,9,10,11,12,13,14,15,16,17,18,19,20,21,22,23,24,25,26,27,28,29,30,31,32,33,34,35,36,37,38,39,40,41,43,43,44,45,46,47,48,49,50,51,180,53,54,55,56,57,58,59,60,61,62,63,64,65,66,67,68,69,70,71,72,73,74,75,76,77,78,79,80,81,82,83,84,85,86,87,88,89,90,91,92,93,94,95,96,97,98,99]
CFO=-421.42110060911824,STO=5
EsN0dB=18.75,GRXdB=17,N0=0.009999999776482582
packet_number=1457,correct=True,payload=[0,1,2,3,4,5,6,7,8,9,10,11,12,13,14,15,16,17,18,19,20,21,22,23,24,25,26,27,28,29,30,31,32,33,34,35,36,37,38,39,40,41,42,43,44,45,46,47,48,49,50,51,52,53,54,55,56,57,58,59,60,61,62,63,64,65,66,67,68,69,70,71,72,73,74,75,76,77,78,79,80,81,82,83,84,85,86,87,88,89,90,91,92,93,94,95,96,97,98,99]
CFO=-460.4949408773706,STO=1
EsN0dB=18.79,GRXdB=17,N0=0.009999999776482582
packet_number=1458,correct=True,payload=[0,1,2,3,4,5,6,7,8,9,10,11,12,13,14,15,16,17,18,19,20,21,22,23,24,25,26,27,28,29,30,31,32,33,34,35,36,37,38,39,40,41,42,43,44,45,46,47,48,49,50,51,52,53,54,55,56,57,58,59,60,61,62,63,64,65,66,67,68,69,70,71,72,73,74,75,76,77,78,79,80,81,82,83,84,85,86,87,88,89,90,91,92,93,94,95,96,97,98,99]
CFO=-401.1053195372154,STO=2
EsN0dB=18.77,GRXdB=17,N0=0.009999999776482582
packet_number=1459,correct=True,payload=[0,1,2,3,4,5,6,7,8,9,10,11,12,13,14,15,16,17,18,19,20,21,22,23,24,25,26,27,28,29,30,31,32,33,34,35,36,37,38,39,40,41,42,43,44,45,46,47,48,49,50,51,52,53,54,55,56,57,58,59,60,61,62,63,64,65,66,67,68,69,70,71,72,73,74,75,76,77,78,79,80,81,82,83,84,85,86,87,88,89,90,91,92,93,94,95,96,97,98,99]
CFO=-324.43680184284153,STO=6
EsN0dB=18.79,GRXdB=17,N0=0.009999999776482582
packet_number=1460,correct=True,payload=[0,1,2,3,4,5,6,7,8,9,10,11,12,13,14,15,16,17,18,19,20,21,22,23,24,25,26,27,28,29,30,31,32,33,34,35,36,37,38,39,40,41,42,43,44,45,46,47,48,49,50,51,52,53,54,55,56,57,58,59,60,61,62,63,64,65,66,67,68,69,70,71,72,73,74,75,76,77,78,79,80,81,82,83,84,85,86,87,88,89,90,91,92,93,94,95,96,97,98,99]
CFO=-358.7577020093622,STO=4
EsN0dB=18.78,GRXdB=17,N0=0.009999999776482582
packet_number=1461,correct=True,payload=[0,1,2,3,4,5,6,7,8,9,10,11,12,13,14,15,16,17,18,19,20,21,22,23,24,25,26,27,28,29,30,31,32,33,34,35,36,37,38,39,40,41,42,43,44,45,46,47,48,49,50,51,52,53,54,55,56,57,58,59,60,61,62,63,64,65,66,67,68,69,70,71,72,73,74,75,76,77,78,79,80,81,82,83,84,85,86,87,88,89,90,91,92,93,94,95,96,97,98,99]
CFO=-446.6059705725449,STO=7
EsN0dB=18.76,GRXdB=17,N0=0.009999999776482582
packet_number=1462,correct=True,payload=[0,1,2,3,4,5,6,7,8,9,10,11,12,13,14,15,16,17,18,19,20,21,22,23,24,25,26,27,28,29,30,31,32,33,34,35,36,37,38,39,40,41,42,43,44,45,46,47,48,49,50,51,52,53,54,55,56,57,58,59,60,61,62,63,64,65,66,67,68,69,70,71,72,73,74,75,76,77,78,79,80,81,82,83,84,85,86,87,88,89,90,91,92,93,94,95,96,97,98,99]
CFO=-443.3739037129537,STO=2
EsN0dB=18.79,GRXdB=17,N0=0.009999999776482582
packet_number=1463,correct=True,payload=[0,1,2,3,4,5,6,7,8,9,10,11,12,13,14,15,16,17,18,19,20,21,22,23,24,25,26,27,28,29,30,31,32,33,34,35,36,37,38,39,40,41,42,43,44,45,46,47,48,49,50,51,52,53,54,55,56,57,58,59,60,61,62,63,64,65,66,67,68,69,70,71,72,73,74,75,76,77,78,79,80,81,82,83,84,85,86,87,88,89,90,91,92,93,94,95,96,97,98,99]
CFO=-101.87679973200632,STO=1
EsN0dB=nan,GRXdB=17,N0=0.009999999776482582
packet_number=1464,correct=False,payload=[128,233,255,35,5,215,17,175,224,4,244,110,85,207,130,211,221,233,108,166,36,44,240,221,145,26,120,138,194,50,197,239,138,150,107,230,93,2,67,5,75,196,233,202,190,127,58,215,236,241,204,219,18,248,86,91,116,29,61,218,37,200,96,103,18,75,58,64,5,179,154,197,123,85,165,5,235,55,29,10,68,219,60,16,39,69,211,111,134,216,27,176,119,1,138,241,202,5,35,73]
CFO=-448.1951160614672,STO=4
EsN0dB=18.81,GRXdB=17,N0=0.009999999776482582
packet_number=1465,correct=True,payload=[0,1,2,3,4,5,6,7,8,9,10,11,12,13,14,15,16,17,18,19,20,21,22,23,24,25,26,27,28,29,30,31,32,33,34,35,36,37,38,39,40,41,42,43,44,45,46,47,48,49,50,51,52,53,54,55,56,57,58,59,60,61,62,63,64,65,66,67,68,69,70,71,72,73,74,75,76,77,78,79,80,81,82,83,84,85,86,87,88,89,90,91,92,93,94,95,96,97,98,99]
CFO=-424.5060397393224,STO=4
EsN0dB=18.78,GRXdB=17,N0=0.009999999776482582
packet_number=1466,correct=True,payload=[0,1,2,3,4,5,6,7,8,9,10,11,12,13,14,15,16,17,18,19,20,21,22,23,24,25,26,27,28,29,30,31,32,33,34,35,36,37,38,39,40,41,42,43,44,45,46,47,48,49,50,51,52,53,54,55,56,57,58,59,60,61,62,63,64,65,66,67,68,69,70,71,72,73,74,75,76,77,78,79,80,81,82,83,84,85,86,87,88,89,90,91,92,93,94,95,96,97,98,99]
CFO=-522.2349002729343,STO=5
EsN0dB=18.78,GRXdB=17,N0=0.009999999776482582
packet_number=1467,correct=True,payload=[0,1,2,3,4,5,6,7,8,9,10,11,12,13,14,15,16,17,18,19,20,21,22,23,24,25,26,27,28,29,30,31,32,33,34,35,36,37,38,39,40,41,42,43,44,45,46,47,48,49,50,51,52,53,54,55,56,57,58,59,60,61,62,63,64,65,66,67,68,69,70,71,72,73,74,75,76,77,78,79,80,81,82,83,84,85,86,87,88,89,90,91,92,93,94,95,96,97,98,99]
CFO=-488.86960404693167,STO=1
EsN0dB=18.78,GRXdB=17,N0=0.009999999776482582
packet_number=1468,correct=True,payload=[0,1,2,3,4,5,6,7,8,9,10,11,12,13,14,15,16,17,18,19,20,21,22,23,24,25,26,27,28,29,30,31,32,33,34,35,36,37,38,39,40,41,42,43,44,45,46,47,48,49,50,51,52,53,54,55,56,57,58,59,60,61,62,63,64,65,66,67,68,69,70,71,72,73,74,75,76,77,78,79,80,81,82,83,84,85,86,87,88,89,90,91,92,93,94,95,96,97,98,99]
CFO=-495.0446405231194,STO=4
EsN0dB=18.80,GRXdB=17,N0=0.009999999776482582
packet_number=1469,correct=True,payload=[0,1,2,3,4,5,6,7,8,9,10,11,12,13,14,15,16,17,18,19,20,21,22,23,24,25,26,27,28,29,30,31,32,33,34,35,36,37,38,39,40,41,42,43,44,45,46,47,48,49,50,51,52,53,54,55,56,57,58,59,60,61,62,63,64,65,66,67,68,69,70,71,72,73,74,75,76,77,78,79,80,81,82,83,84,85,86,87,88,89,90,91,92,93,94,95,96,97,98,99]
CFO=-470.80775575621476,STO=4
EsN0dB=18.79,GRXdB=17,N0=0.009999999776482582
packet_number=1470,correct=True,payload=[0,1,2,3,4,5,6,7,8,9,10,11,12,13,14,15,16,17,18,19,20,21,22,23,24,25,26,27,28,29,30,31,32,33,34,35,36,37,38,39,40,41,42,43,44,45,46,47,48,49,50,51,52,53,54,55,56,57,58,59,60,61,62,63,64,65,66,67,68,69,70,71,72,73,74,75,76,77,78,79,80,81,82,83,84,85,86,87,88,89,90,91,92,93,94,95,96,97,98,99]
CFO=-525.9407522163586,STO=5
EsN0dB=18.82,GRXdB=17,N0=0.009999999776482582
packet_number=1471,correct=False,payload=[0,1,2,3,4,5,6,7,8,9,10,11,12,13,14,15,16,17,18,19,20,21,22,23,24,25,26,27,28,29,30,31,32,33,34,35,36,37,38,39,40,41,42,43,44,45,46,47,48,49,50,51,52,53,54,55,56,57,58,59,60,61,62,63,64,65,66,67,68,69,70,71,72,73,74,75,78,69,78,79,80,81,82,83,84,85,86,87,88,89,90,91,92,93,94,95,96,97,98,99]
CFO=-281.11371827922767,STO=1
EsN0dB=18.75,GRXdB=17,N0=0.009999999776482582
packet_number=1472,correct=False,payload=[0,1,2,3,132,3,6,7,8,9,14,11,12,13,14,15,144,17,18,3,6,18,6,7,152,24,154,27,156,31,14,31,32,33,18,35,4,37,38,7,40,41,46,43,172,29,47,47,176,49,50,51,180,53,54,59,56,56,56,61,60,29,190,63,64,65,67,99,68,101,102,71,8,65,78,67,68,79,70,111,208,113,66,67,84,81,86,87,216,89,126,91,92,77,94,95,96,97,96,97]
CFO=-451.24163537759006,STO=6
EsN0dB=18.81,GRXdB=17,N0=0.009999999776482582
packet_number=1473,correct=True,payload=[0,1,2,3,4,5,6,7,8,9,10,11,12,13,14,15,16,17,18,19,20,21,22,23,24,25,26,27,28,29,30,31,32,33,34,35,36,37,38,39,40,41,42,43,44,45,46,47,48,49,50,51,52,53,54,55,56,57,58,59,60,61,62,63,64,65,66,67,68,69,70,71,72,73,74,75,76,77,78,79,80,81,82,83,84,85,86,87,88,89,90,91,92,93,94,95,96,97,98,99]
CFO=-488.48510945693573,STO=4
EsN0dB=18.82,GRXdB=17,N0=0.009999999776482582
packet_number=1474,correct=True,payload=[0,1,2,3,4,5,6,7,8,9,10,11,12,13,14,15,16,17,18,19,20,21,22,23,24,25,26,27,28,29,30,31,32,33,34,35,36,37,38,39,40,41,42,43,44,45,46,47,48,49,50,51,52,53,54,55,56,57,58,59,60,61,62,63,64,65,66,67,68,69,70,71,72,73,74,75,76,77,78,79,80,81,82,83,84,85,86,87,88,89,90,91,92,93,94,95,96,97,98,99]
CFO=-393.8573741789048,STO=0
EsN0dB=18.83,GRXdB=17,N0=0.009999999776482582
packet_number=1475,correct=True,payload=[0,1,2,3,4,5,6,7,8,9,10,11,12,13,14,15,16,17,18,19,20,21,22,23,24,25,26,27,28,29,30,31,32,33,34,35,36,37,38,39,40,41,42,43,44,45,46,47,48,49,50,51,52,53,54,55,56,57,58,59,60,61,62,63,64,65,66,67,68,69,70,71,72,73,74,75,76,77,78,79,80,81,82,83,84,85,86,87,88,89,90,91,92,93,94,95,96,97,98,99]
CFO=-503.0854095757131,STO=4
EsN0dB=18.78,GRXdB=17,N0=0.009999999776482582
packet_number=1476,correct=True,payload=[0,1,2,3,4,5,6,7,8,9,10,11,12,13,14,15,16,17,18,19,20,21,22,23,24,25,26,27,28,29,30,31,32,33,34,35,36,37,38,39,40,41,42,43,44,45,46,47,48,49,50,51,52,53,54,55,56,57,58,59,60,61,62,63,64,65,66,67,68,69,70,71,72,73,74,75,76,77,78,79,80,81,82,83,84,85,86,87,88,89,90,91,92,93,94,95,96,97,98,99]
CFO=-327.9464340722193,STO=5
EsN0dB=18.79,GRXdB=17,N0=0.009999999776482582
packet_number=1477,correct=True,payload=[0,1,2,3,4,5,6,7,8,9,10,11,12,13,14,15,16,17,18,19,20,21,22,23,24,25,26,27,28,29,30,31,32,33,34,35,36,37,38,39,40,41,42,43,44,45,46,47,48,49,50,51,52,53,54,55,56,57,58,59,60,61,62,63,64,65,66,67,68,69,70,71,72,73,74,75,76,77,78,79,80,81,82,83,84,85,86,87,88,89,90,91,92,93,94,95,96,97,98,99]
CFO=371.18150187348175,STO=5
EsN0dB=nan,GRXdB=17,N0=0.009999999776482582
packet_number=1478,correct=False,payload=[247,15,181,127,98,112,75,146,154,184,131,161,147,107,249,95,249,90,138,225,105,149,113,3,10,241,188,200,46,74,253,32,42,202,189,187,40,44,143,251,50,50,241,52,51,196,7,78,60,242,214,253,169,143,135,169,173,66,4,144,71,160,192,147,166,125,60,220,165,206,56,91,198,184,101,49,98,43,159,245,69,114,119,31,34,33,247,251,114,92,6,122,128,242,75,234,154,69,166,46]
CFO=-482.9721329405305,STO=2
EsN0dB=18.82,GRXdB=17,N0=0.009999999776482582
packet_number=1479,correct=False,payload=[0,1,2,3,4,5,6,7,8,9,8,11,12,5,14,15,16,17,130,27,20,21,22,31,24,25,10,27,28,29,14,31,32,33,34,35,36,37,38,39,40,41,42,35,44,45,174,47,48,49,50,51,52,52,54,55,56,57,58,59,60,61,62,63,192,65,66,67,68,69,38,7,72,73,74,75,76,77,78,79,80,17,82,83,84,85,86,87,92,121,122,95,92,79,94,95,96,97,98,99]
CFO=-473.1052665672615,STO=1
EsN0dB=18.79,GRXdB=17,N0=0.009999999776482582
packet_number=1480,correct=True,payload=[0,1,2,3,4,5,6,7,8,9,10,11,12,13,14,15,16,17,18,19,20,21,22,23,24,25,26,27,28,29,30,31,32,33,34,35,36,37,38,39,40,41,42,43,44,45,46,47,48,49,50,51,52,53,54,55,56,57,58,59,60,61,62,63,64,65,66,67,68,69,70,71,72,73,74,75,76,77,78,79,80,81,82,83,84,85,86,87,88,89,90,91,92,93,94,95,96,97,98,99]
CFO=-512.2622311863503,STO=3
EsN0dB=18.80,GRXdB=17,N0=0.009999999776482582
packet_number=1481,correct=True,payload=[0,1,2,3,4,5,6,7,8,9,10,11,12,13,14,15,16,17,18,19,20,21,22,23,24,25,26,27,28,29,30,31,32,33,34,35,36,37,38,39,40,41,42,43,44,45,46,47,48,49,50,51,52,53,54,55,56,57,58,59,60,61,62,63,64,65,66,67,68,69,70,71,72,73,74,75,76,77,78,79,80,81,82,83,84,85,86,87,88,89,90,91,92,93,94,95,96,97,98,99]
CFO=-320.1851869540182,STO=3
EsN0dB=18.81,GRXdB=17,N0=0.009999999776482582
packet_number=1482,correct=True,payload=[0,1,2,3,4,5,6,7,8,9,10,11,12,13,14,15,16,17,18,19,20,21,22,23,24,25,26,27,28,29,30,31,32,33,34,35,36,37,38,39,40,41,42,43,44,45,46,47,48,49,50,51,52,53,54,55,56,57,58,59,60,61,62,63,64,65,66,67,68,69,70,71,72,73,74,75,76,77,78,79,80,81,82,83,84,85,86,87,88,89,90,91,92,93,94,95,96,97,98,99]
CFO=-371.85289998252017,STO=5
EsN0dB=18.84,GRXdB=17,N0=0.009999999776482582
packet_number=1483,correct=True,payload=[0,1,2,3,4,5,6,7,8,9,10,11,12,13,14,15,16,17,18,19,20,21,22,23,24,25,26,27,28,29,30,31,32,33,34,35,36,37,38,39,40,41,42,43,44,45,46,47,48,49,50,51,52,53,54,55,56,57,58,59,60,61,62,63,64,65,66,67,68,69,70,71,72,73,74,75,76,77,78,79,80,81,82,83,84,85,86,87,88,89,90,91,92,93,94,95,96,97,98,99]
CFO=-462.33375586798496,STO=4
EsN0dB=18.75,GRXdB=17,N0=0.009999999776482582
packet_number=1484,correct=True,payload=[0,1,2,3,4,5,6,7,8,9,10,11,12,13,14,15,16,17,18,19,20,21,22,23,24,25,26,27,28,29,30,31,32,33,34,35,36,37,38,39,40,41,42,43,44,45,46,47,48,49,50,51,52,53,54,55,56,57,58,59,60,61,62,63,64,65,66,67,68,69,70,71,72,73,74,75,76,77,78,79,80,81,82,83,84,85,86,87,88,89,90,91,92,93,94,95,96,97,98,99]
CFO=-403.7595180049183,STO=2
EsN0dB=18.79,GRXdB=17,N0=0.009999999776482582
packet_number=1485,correct=True,payload=[0,1,2,3,4,5,6,7,8,9,10,11,12,13,14,15,16,17,18,19,20,21,22,23,24,25,26,27,28,29,30,31,32,33,34,35,36,37,38,39,40,41,42,43,44,45,46,47,48,49,50,51,52,53,54,55,56,57,58,59,60,61,62,63,64,65,66,67,68,69,70,71,72,73,74,75,76,77,78,79,80,81,82,83,84,85,86,87,88,89,90,91,92,93,94,95,96,97,98,99]
CFO=-417.59669863752174,STO=6
EsN0dB=18.79,GRXdB=17,N0=0.009999999776482582
packet_number=1486,correct=False,payload=[0,1,2,2,4,5,6,7,8,9,10,11,12,13,14,15,16,17,2,51,20,21,54,31,16,16,26,27,28,61,30,31,32,33,34,35,36,37,46,39,40,9,106,43,44,13,46,111,48,49,48,51,52,52,38,39,120,121,58,59,60,61,62,63,64,65,66,195,68,7,70,71,200,73,74,75,200,77,14,79,80,17,82,83,196,85,84,70,88,89,26,91,92,92,94,31,224,97,98,99]
CFO=-375.71000029897135,STO=5
EsN0dB=18.79,GRXdB=17,N0=0.009999999776482582
packet_number=1487,correct=True,payload=[0,1,2,3,4,5,6,7,8,9,10,11,12,13,14,15,16,17,18,19,20,21,22,23,24,25,26,27,28,29,30,31,32,33,34,35,36,37,38,39,40,41,42,43,44,45,46,47,48,49,50,51,52,53,54,55,56,57,58,59,60,61,62,63,64,65,66,67,68,69,70,71,72,73,74,75,76,77,78,79,80,81,82,83,84,85,86,87,88,89,90,91,92,93,94,95,96,97,98,99]
CFO=-413.1402373634346,STO=4
EsN0dB=18.78,GRXdB=17,N0=0.009999999776482582
packet_number=1488,correct=True,payload=[0,1,2,3,4,5,6,7,8,9,10,11,12,13,14,15,16,17,18,19,20,21,22,23,24,25,26,27,28,29,30,31,32,33,34,35,36,37,38,39,40,41,42,43,44,45,46,47,48,49,50,51,52,53,54,55,56,57,58,59,60,61,62,63,64,65,66,67,68,69,70,71,72,73,74,75,76,77,78,79,80,81,82,83,84,85,86,87,88,89,90,91,92,93,94,95,96,97,98,99]
CFO=-1394.6882245569648,STO=6
EsN0dB=-14.59,GRXdB=17,N0=0.009999999776482582
packet_number=1489,correct=False,payload=[128,22,15,207,81,10,211,68,105,122,106,236,159,151,73,101,140,184,111,207,150,252,180,14,214,45,228,124,211,29,138,111,230,28,157,197,70,84,54,176,79,57,79,240,123,255,220,113,116,82,121,74,10,104,4,118,252,86,222,211,171,254,156,67,90,24,49,46,19,17,250,134,245,4,145,157,55,84,210,209,223,209,221,130,80,9,114,145,180,55,226,207,165,203,158,171,255,204,104,91]
CFO=-451.91487147156136,STO=7
EsN0dB=18.78,GRXdB=17,N0=0.009999999776482582
packet_number=1490,correct=False,payload=[0,1,2,3,4,5,6,7,8,9,10,11,12,13,14,15,16,17,18,19,20,21,22,23,24,25,26,27,28,29,30,31,32,33,34,3,36,37,38,39,40,41,42,43,44,41,46,47,48,49,50,51,52,53,62,63,56,57,58,59,60,61,62,63,64,65,66,67,68,5,70,79,72,73,74,75,76,77,78,79,80,81,82,83,80,85,86,87,88,89,90,91,92,93,94,95,96,97,98,99]
CFO=-500.02154798240076,STO=3
EsN0dB=18.74,GRXdB=17,N0=0.009999999776482582
packet_number=1491,correct=True,payload=[0,1,2,3,4,5,6,7,8,9,10,11,12,13,14,15,16,17,18,19,20,21,22,23,24,25,26,27,28,29,30,31,32,33,34,35,36,37,38,39,40,41,42,43,44,45,46,47,48,49,50,51,52,53,54,55,56,57,58,59,60,61,62,63,64,65,66,67,68,69,70,71,72,73,74,75,76,77,78,79,80,81,82,83,84,85,86,87,88,89,90,91,92,93,94,95,96,97,98,99]
CFO=-412.65394212409046,STO=2
EsN0dB=18.76,GRXdB=17,N0=0.009999999776482582
packet_number=1492,correct=True,payload=[0,1,2,3,4,5,6,7,8,9,10,11,12,13,14,15,16,17,18,19,20,21,22,23,24,25,26,27,28,29,30,31,32,33,34,35,36,37,38,39,40,41,42,43,44,45,46,47,48,49,50,51,52,53,54,55,56,57,58,59,60,61,62,63,64,65,66,67,68,69,70,71,72,73,74,75,76,77,78,79,80,81,82,83,84,85,86,87,88,89,90,91,92,93,94,95,96,97,98,99]
CFO=-459.9461541503078,STO=0
EsN0dB=18.82,GRXdB=17,N0=0.009999999776482582
packet_number=1493,correct=False,payload=[0,1,2,3,4,5,6,7,8,9,10,11,12,13,14,7,16,17,18,3,20,21,22,23,24,25,26,27,28,29,30,31,32,33,34,35,36,37,38,39,40,41,42,43,44,45,62,47,48,49,50,51,52,53,50,55,56,57,58,59,60,61,62,63,64,65,66,67,68,69,102,71,72,73,74,67,76,77,78,79,80,81,82,83,84,85,86,87,88,89,90,91,92,93,94,95,96,97,98,99]
CFO=-435.42897668113545,STO=1
EsN0dB=18.80,GRXdB=17,N0=0.009999999776482582
packet_number=1494,correct=False,payload=[0,1,2,3,8,3,6,7,0,9,26,3,24,15,14,15,16,17,18,19,20,17,20,23,24,57,22,27,28,29,30,63,32,32,34,35,36,37,38,39,8,41,14,43,44,44,110,47,48,49,48,51,52,113,62,39,120,57,58,59,124,61,62,63,64,65,66,194,76,5,6,71,192,81,218,91,72,221,206,223,80,209,210,214,84,21,166,94,88,122,90,223,88,88,94,95,96,97,98,99]
CFO=-435.2462157599847,STO=2
EsN0dB=18.77,GRXdB=17,N0=0.009999999776482582
packet_number=1495,correct=True,payload=[0,1,2,3,4,5,6,7,8,9,10,11,12,13,14,15,16,17,18,19,20,21,22,23,24,25,26,27,28,29,30,31,32,33,34,35,36,37,38,39,40,41,42,43,44,45,46,47,48,49,50,51,52,53,54,55,56,57,58,59,60,61,62,63,64,65,66,67,68,69,70,71,72,73,74,75,76,77,78,79,80,81,82,83,84,85,86,87,88,89,90,91,92,93,94,95,96,97,98,99]
CFO=-443.6941281201346,STO=4
EsN0dB=18.78,GRXdB=17,N0=0.009999999776482582
packet_number=1496,correct=True,payload=[0,1,2,3,4,5,6,7,8,9,10,11,12,13,14,15,16,17,18,19,20,21,22,23,24,25,26,27,28,29,30,31,32,33,34,35,36,37,38,39,40,41,42,43,44,45,46,47,48,49,50,51,52,53,54,55,56,57,58,59,60,61,62,63,64,65,66,67,68,69,70,71,72,73,74,75,76,77,78,79,80,81,82,83,84,85,86,87,88,89,90,91,92,93,94,95,96,97,98,99]
CFO=-578.9922307399901,STO=4
EsN0dB=18.77,GRXdB=17,N0=0.009999999776482582
packet_number=1497,correct=True,payload=[0,1,2,3,4,5,6,7,8,9,10,11,12,13,14,15,16,17,18,19,20,21,22,23,24,25,26,27,28,29,30,31,32,33,34,35,36,37,38,39,40,41,42,43,44,45,46,47,48,49,50,51,52,53,54,55,56,57,58,59,60,61,62,63,64,65,66,67,68,69,70,71,72,73,74,75,76,77,78,79,80,81,82,83,84,85,86,87,88,89,90,91,92,93,94,95,96,97,98,99]
CFO=-376.92250710124,STO=7
EsN0dB=18.76,GRXdB=17,N0=0.009999999776482582
packet_number=1498,correct=True,payload=[0,1,2,3,4,5,6,7,8,9,10,11,12,13,14,15,16,17,18,19,20,21,22,23,24,25,26,27,28,29,30,31,32,33,34,35,36,37,38,39,40,41,42,43,44,45,46,47,48,49,50,51,52,53,54,55,56,57,58,59,60,61,62,63,64,65,66,67,68,69,70,71,72,73,74,75,76,77,78,79,80,81,82,83,84,85,86,87,88,89,90,91,92,93,94,95,96,97,98,99]
CFO=-309.83982195491075,STO=3
EsN0dB=18.80,GRXdB=17,N0=0.009999999776482582
packet_number=1499,correct=True,payload=[0,1,2,3,4,5,6,7,8,9,10,11,12,13,14,15,16,17,18,19,20,21,22,23,24,25,26,27,28,29,30,31,32,33,34,35,36,37,38,39,40,41,42,43,44,45,46,47,48,49,50,51,52,53,54,55,56,57,58,59,60,61,62,63,64,65,66,67,68,69,70,71,72,73,74,75,76,77,78,79,80,81,82,83,84,85,86,87,88,89,90,91,92,93,94,95,96,97,98,99]
CFO=-421.51486748561456,STO=6
EsN0dB=18.74,GRXdB=17,N0=0.009999999776482582
packet_number=1500,correct=False,payload=[0,1,2,3,4,5,6,7,8,1,10,11,12,13,14,15,16,17,18,19,20,21,22,23,24,24,26,27,28,29,30,31,32,33,34,35,36,37,38,39,40,105,42,43,44,45,46,111,48,49,50,55,52,53,52,55,56,57,58,59,60,61,62,63,64,65,66,67,68,69,70,7,72,73,74,75,76,77,78,79,80,81,82,83,212,85,86,87,88,89,90,91,88,93,94,95,96,97,98,99]
CFO=-467.866505544878,STO=6
EsN0dB=18.76,GRXdB=17,N0=0.009999999776482582
packet_number=1501,correct=True,payload=[0,1,2,3,4,5,6,7,8,9,10,11,12,13,14,15,16,17,18,19,20,21,22,23,24,25,26,27,28,29,30,31,32,33,34,35,36,37,38,39,40,41,42,43,44,45,46,47,48,49,50,51,52,53,54,55,56,57,58,59,60,61,62,63,64,65,66,67,68,69,70,71,72,73,74,75,76,77,78,79,80,81,82,83,84,85,86,87,88,89,90,91,92,93,94,95,96,97,98,99]
CFO=-523.859738243457,STO=3
EsN0dB=18.82,GRXdB=17,N0=0.009999999776482582
packet_number=1502,correct=True,payload=[0,1,2,3,4,5,6,7,8,9,10,11,12,13,14,15,16,17,18,19,20,21,22,23,24,25,26,27,28,29,30,31,32,33,34,35,36,37,38,39,40,41,42,43,44,45,46,47,48,49,50,51,52,53,54,55,56,57,58,59,60,61,62,63,64,65,66,67,68,69,70,71,72,73,74,75,76,77,78,79,80,81,82,83,84,85,86,87,88,89,90,91,92,93,94,95,96,97,98,99]
CFO=-549.1389679817453,STO=2
EsN0dB=18.76,GRXdB=17,N0=0.009999999776482582
packet_number=1503,correct=True,payload=[0,1,2,3,4,5,6,7,8,9,10,11,12,13,14,15,16,17,18,19,20,21,22,23,24,25,26,27,28,29,30,31,32,33,34,35,36,37,38,39,40,41,42,43,44,45,46,47,48,49,50,51,52,53,54,55,56,57,58,59,60,61,62,63,64,65,66,67,68,69,70,71,72,73,74,75,76,77,78,79,80,81,82,83,84,85,86,87,88,89,90,91,92,93,94,95,96,97,98,99]
CFO=-446.36116283744957,STO=6
EsN0dB=18.80,GRXdB=17,N0=0.009999999776482582
packet_number=1504,correct=True,payload=[0,1,2,3,4,5,6,7,8,9,10,11,12,13,14,15,16,17,18,19,20,21,22,23,24,25,26,27,28,29,30,31,32,33,34,35,36,37,38,39,40,41,42,43,44,45,46,47,48,49,50,51,52,53,54,55,56,57,58,59,60,61,62,63,64,65,66,67,68,69,70,71,72,73,74,75,76,77,78,79,80,81,82,83,84,85,86,87,88,89,90,91,92,93,94,95,96,97,98,99]
CFO=-453.87199933100175,STO=6
EsN0dB=18.78,GRXdB=17,N0=0.009999999776482582
packet_number=1505,correct=True,payload=[0,1,2,3,4,5,6,7,8,9,10,11,12,13,14,15,16,17,18,19,20,21,22,23,24,25,26,27,28,29,30,31,32,33,34,35,36,37,38,39,40,41,42,43,44,45,46,47,48,49,50,51,52,53,54,55,56,57,58,59,60,61,62,63,64,65,66,67,68,69,70,71,72,73,74,75,76,77,78,79,80,81,82,83,84,85,86,87,88,89,90,91,92,93,94,95,96,97,98,99]
CFO=-339.6027566471788,STO=1
EsN0dB=18.82,GRXdB=17,N0=0.009999999776482582
packet_number=1506,correct=True,payload=[0,1,2,3,4,5,6,7,8,9,10,11,12,13,14,15,16,17,18,19,20,21,22,23,24,25,26,27,28,29,30,31,32,33,34,35,36,37,38,39,40,41,42,43,44,45,46,47,48,49,50,51,52,53,54,55,56,57,58,59,60,61,62,63,64,65,66,67,68,69,70,71,72,73,74,75,76,77,78,79,80,81,82,83,84,85,86,87,88,89,90,91,92,93,94,95,96,97,98,99]
CFO=-486.5530315534357,STO=4
EsN0dB=18.82,GRXdB=17,N0=0.009999999776482582
packet_number=1507,correct=True,payload=[0,1,2,3,4,5,6,7,8,9,10,11,12,13,14,15,16,17,18,19,20,21,22,23,24,25,26,27,28,29,30,31,32,33,34,35,36,37,38,39,40,41,42,43,44,45,46,47,48,49,50,51,52,53,54,55,56,57,58,59,60,61,62,63,64,65,66,67,68,69,70,71,72,73,74,75,76,77,78,79,80,81,82,83,84,85,86,87,88,89,90,91,92,93,94,95,96,97,98,99]
CFO=-440.6920465365024,STO=1
EsN0dB=18.83,GRXdB=17,N0=0.009999999776482582
packet_number=1508,correct=True,payload=[0,1,2,3,4,5,6,7,8,9,10,11,12,13,14,15,16,17,18,19,20,21,22,23,24,25,26,27,28,29,30,31,32,33,34,35,36,37,38,39,40,41,42,43,44,45,46,47,48,49,50,51,52,53,54,55,56,57,58,59,60,61,62,63,64,65,66,67,68,69,70,71,72,73,74,75,76,77,78,79,80,81,82,83,84,85,86,87,88,89,90,91,92,93,94,95,96,97,98,99]
CFO=-246.10704221830633,STO=5
EsN0dB=18.79,GRXdB=17,N0=0.009999999776482582
packet_number=1509,correct=True,payload=[0,1,2,3,4,5,6,7,8,9,10,11,12,13,14,15,16,17,18,19,20,21,22,23,24,25,26,27,28,29,30,31,32,33,34,35,36,37,38,39,40,41,42,43,44,45,46,47,48,49,50,51,52,53,54,55,56,57,58,59,60,61,62,63,64,65,66,67,68,69,70,71,72,73,74,75,76,77,78,79,80,81,82,83,84,85,86,87,88,89,90,91,92,93,94,95,96,97,98,99]
CFO=-399.71046684265184,STO=7
EsN0dB=18.80,GRXdB=17,N0=0.009999999776482582
packet_number=1510,correct=False,payload=[0,1,0,3,4,7,6,7,8,9,26,11,12,13,14,15,16,17,18,19,20,21,22,23,24,25,26,27,28,29,30,31,96,33,34,35,36,37,102,39,40,41,46,43,44,45,46,47,48,49,54,51,52,53,62,55,56,57,58,59,60,61,62,63,64,65,66,67,68,69,70,79,72,73,74,75,76,77,78,15,80,81,86,23,84,117,86,87,88,89,90,91,124,93,92,95,96,97,98,99]
CFO=-514.6238046657841,STO=6
EsN0dB=18.81,GRXdB=17,N0=0.009999999776482582
packet_number=1511,correct=True,payload=[0,1,2,3,4,5,6,7,8,9,10,11,12,13,14,15,16,17,18,19,20,21,22,23,24,25,26,27,28,29,30,31,32,33,34,35,36,37,38,39,40,41,42,43,44,45,46,47,48,49,50,51,52,53,54,55,56,57,58,59,60,61,62,63,64,65,66,67,68,69,70,71,72,73,74,75,76,77,78,79,80,81,82,83,84,85,86,87,88,89,90,91,92,93,94,95,96,97,98,99]
CFO=-452.95164319830985,STO=2
EsN0dB=18.75,GRXdB=17,N0=0.009999999776482582
packet_number=1512,correct=False,payload=[128,1,130,3,4,5,7,7,8,9,11,11,140,4,15,15,16,17,18,19,22,4,22,19,24,29,26,27,12,29,30,31,32,33,162,35,20,37,38,39,168,40,162,35,44,45,46,63,48,49,50,51,180,61,150,55,56,57,58,59,188,61,30,31,96,65,66,65,196,71,70,71,72,73,74,75,68,77,46,79,112,81,82,27,212,85,114,87,88,93,26,27,220,77,30,95,96,97,98,115]
CFO=-549.6574576023336,STO=2
EsN0dB=18.80,GRXdB=17,N0=0.009999999776482582
packet_number=1513,correct=True,payload=[0,1,2,3,4,5,6,7,8,9,10,11,12,13,14,15,16,17,18,19,20,21,22,23,24,25,26,27,28,29,30,31,32,33,34,35,36,37,38,39,40,41,42,43,44,45,46,47,48,49,50,51,52,53,54,55,56,57,58,59,60,61,62,63,64,65,66,67,68,69,70,71,72,73,74,75,76,77,78,79,80,81,82,83,84,85,86,87,88,89,90,91,92,93,94,95,96,97,98,99]
CFO=-409.6116620312806,STO=3
EsN0dB=18.76,GRXdB=17,N0=0.009999999776482582
packet_number=1514,correct=True,payload=[0,1,2,3,4,5,6,7,8,9,10,11,12,13,14,15,16,17,18,19,20,21,22,23,24,25,26,27,28,29,30,31,32,33,34,35,36,37,38,39,40,41,42,43,44,45,46,47,48,49,50,51,52,53,54,55,56,57,58,59,60,61,62,63,64,65,66,67,68,69,70,71,72,73,74,75,76,77,78,79,80,81,82,83,84,85,86,87,88,89,90,91,92,93,94,95,96,97,98,99]
CFO=-452.7500873989743,STO=5
EsN0dB=18.76,GRXdB=17,N0=0.009999999776482582
packet_number=1515,correct=False,payload=[164,192,0,96,192,96,1,225,193,192,1,98,195,225,129,3,193,198,4,98,198,199,128,198,129,199,2,67,67,71,135,195,195,236,0,108,136,101,5,9,133,225,8,4,9,75,1,13,193,236,12,68,132,237,135,39,198,206,7,47,14,239,143,47,135,224,8,120,144,113,144,97,217,242,19,67,90,67,131,51,139,192,30,60,192,120,147,250,221,215,22,54,215,195,7,87,131,216,12,108]
CFO=-333.9846296056606,STO=1
EsN0dB=18.82,GRXdB=17,N0=0.009999999776482582
packet_number=1516,correct=False,payload=[0,1,0,3,12,5,6,7,0,9,26,11,12,13,30,14,0,16,18,19,52,57,54,55,24,25,26,23,28,29,30,63,96,33,2,35,36,5,6,39,56,41,42,43,44,79,46,15,48,33,114,51,52,34,38,119,56,57,50,123,56,61,62,62,0,65,68,67,68,65,68,71,72,203,22,75,12,206,204,79,80,81,66,83,84,117,22,87,216,89,214,91,124,221,62,31,96,99,98,103]
CFO=-421.97237750931595,STO=1
EsN0dB=18.84,GRXdB=17,N0=0.009999999776482582
packet_number=1517,correct=True,payload=[0,1,2,3,4,5,6,7,8,9,10,11,12,13,14,15,16,17,18,19,20,21,22,23,24,25,26,27,28,29,30,31,32,33,34,35,36,37,38,39,40,41,42,43,44,45,46,47,48,49,50,51,52,53,54,55,56,57,58,59,60,61,62,63,64,65,66,67,68,69,70,71,72,73,74,75,76,77,78,79,80,81,82,83,84,85,86,87,88,89,90,91,92,93,94,95,96,97,98,99]
CFO=-531.1828038246703,STO=5
EsN0dB=18.80,GRXdB=17,N0=0.009999999776482582
packet_number=1518,correct=True,payload=[0,1,2,3,4,5,6,7,8,9,10,11,12,13,14,15,16,17,18,19,20,21,22,23,24,25,26,27,28,29,30,31,32,33,34,35,36,37,38,39,40,41,42,43,44,45,46,47,48,49,50,51,52,53,54,55,56,57,58,59,60,61,62,63,64,65,66,67,68,69,70,71,72,73,74,75,76,77,78,79,80,81,82,83,84,85,86,87,88,89,90,91,92,93,94,95,96,97,98,99]
CFO=-448.3793592285316,STO=4
EsN0dB=18.81,GRXdB=17,N0=0.009999999776482582
packet_number=1519,correct=True,payload=[0,1,2,3,4,5,6,7,8,9,10,11,12,13,14,15,16,17,18,19,20,21,22,23,24,25,26,27,28,29,30,31,32,33,34,35,36,37,38,39,40,41,42,43,44,45,46,47,48,49,50,51,52,53,54,55,56,57,58,59,60,61,62,63,64,65,66,67,68,69,70,71,72,73,74,75,76,77,78,79,80,81,82,83,84,85,86,87,88,89,90,91,92,93,94,95,96,97,98,99]
CFO=-552.4483487881915,STO=6
EsN0dB=18.78,GRXdB=17,N0=0.009999999776482582
packet_number=1520,correct=True,payload=[0,1,2,3,4,5,6,7,8,9,10,11,12,13,14,15,16,17,18,19,20,21,22,23,24,25,26,27,28,29,30,31,32,33,34,35,36,37,38,39,40,41,42,43,44,45,46,47,48,49,50,51,52,53,54,55,56,57,58,59,60,61,62,63,64,65,66,67,68,69,70,71,72,73,74,75,76,77,78,79,80,81,82,83,84,85,86,87,88,89,90,91,92,93,94,95,96,97,98,99]
CFO=-510.3775851520864,STO=2
EsN0dB=18.78,GRXdB=17,N0=0.009999999776482582
packet_number=1521,correct=True,payload=[0,1,2,3,4,5,6,7,8,9,10,11,12,13,14,15,16,17,18,19,20,21,22,23,24,25,26,27,28,29,30,31,32,33,34,35,36,37,38,39,40,41,42,43,44,45,46,47,48,49,50,51,52,53,54,55,56,57,58,59,60,61,62,63,64,65,66,67,68,69,70,71,72,73,74,75,76,77,78,79,80,81,82,83,84,85,86,87,88,89,90,91,92,93,94,95,96,97,98,99]
CFO=-511.47237198389445,STO=6
EsN0dB=18.78,GRXdB=17,N0=0.009999999776482582
packet_number=1522,correct=True,payload=[0,1,2,3,4,5,6,7,8,9,10,11,12,13,14,15,16,17,18,19,20,21,22,23,24,25,26,27,28,29,30,31,32,33,34,35,36,37,38,39,40,41,42,43,44,45,46,47,48,49,50,51,52,53,54,55,56,57,58,59,60,61,62,63,64,65,66,67,68,69,70,71,72,73,74,75,76,77,78,79,80,81,82,83,84,85,86,87,88,89,90,91,92,93,94,95,96,97,98,99]
CFO=-402.3874918974247,STO=1
EsN0dB=18.77,GRXdB=17,N0=0.009999999776482582
packet_number=1523,correct=True,payload=[0,1,2,3,4,5,6,7,8,9,10,11,12,13,14,15,16,17,18,19,20,21,22,23,24,25,26,27,28,29,30,31,32,33,34,35,36,37,38,39,40,41,42,43,44,45,46,47,48,49,50,51,52,53,54,55,56,57,58,59,60,61,62,63,64,65,66,67,68,69,70,71,72,73,74,75,76,77,78,79,80,81,82,83,84,85,86,87,88,89,90,91,92,93,94,95,96,97,98,99]
CFO=-449.4038579591152,STO=3
EsN0dB=18.82,GRXdB=17,N0=0.009999999776482582
packet_number=1524,correct=True,payload=[0,1,2,3,4,5,6,7,8,9,10,11,12,13,14,15,16,17,18,19,20,21,22,23,24,25,26,27,28,29,30,31,32,33,34,35,36,37,38,39,40,41,42,43,44,45,46,47,48,49,50,51,52,53,54,55,56,57,58,59,60,61,62,63,64,65,66,67,68,69,70,71,72,73,74,75,76,77,78,79,80,81,82,83,84,85,86,87,88,89,90,91,92,93,94,95,96,97,98,99]
CFO=-497.8076654858011,STO=1
EsN0dB=18.79,GRXdB=17,N0=0.009999999776482582
packet_number=1525,correct=False,payload=[0,1,2,3,132,5,6,7,8,9,10,11,12,13,14,15,16,17,18,19,16,21,22,23,8,25,26,27,28,29,30,31,32,33,34,35,36,37,38,39,40,41,42,43,60,45,46,15,48,49,51,51,52,53,54,55,56,57,58,59,28,61,62,63,96,65,66,67,68,69,70,71,72,77,74,75,108,77,78,79,80,81,82,83,84,85,86,87,88,89,88,91,92,93,78,95,96,97,98,99]
CFO=-536.1703834545298,STO=6
EsN0dB=18.76,GRXdB=17,N0=0.009999999776482582
packet_number=1526,correct=True,payload=[0,1,2,3,4,5,6,7,8,9,10,11,12,13,14,15,16,17,18,19,20,21,22,23,24,25,26,27,28,29,30,31,32,33,34,35,36,37,38,39,40,41,42,43,44,45,46,47,48,49,50,51,52,53,54,55,56,57,58,59,60,61,62,63,64,65,66,67,68,69,70,71,72,73,74,75,76,77,78,79,80,81,82,83,84,85,86,87,88,89,90,91,92,93,94,95,96,97,98,99]
CFO=-420.8608412986839,STO=3
EsN0dB=18.83,GRXdB=17,N0=0.009999999776482582
packet_number=1527,correct=True,payload=[0,1,2,3,4,5,6,7,8,9,10,11,12,13,14,15,16,17,18,19,20,21,22,23,24,25,26,27,28,29,30,31,32,33,34,35,36,37,38,39,40,41,42,43,44,45,46,47,48,49,50,51,52,53,54,55,56,57,58,59,60,61,62,63,64,65,66,67,68,69,70,71,72,73,74,75,76,77,78,79,80,81,82,83,84,85,86,87,88,89,90,91,92,93,94,95,96,97,98,99]
CFO=-483.41396080246574,STO=3
EsN0dB=18.79,GRXdB=17,N0=0.009999999776482582
packet_number=1528,correct=True,payload=[0,1,2,3,4,5,6,7,8,9,10,11,12,13,14,15,16,17,18,19,20,21,22,23,24,25,26,27,28,29,30,31,32,33,34,35,36,37,38,39,40,41,42,43,44,45,46,47,48,49,50,51,52,53,54,55,56,57,58,59,60,61,62,63,64,65,66,67,68,69,70,71,72,73,74,75,76,77,78,79,80,81,82,83,84,85,86,87,88,89,90,91,92,93,94,95,96,97,98,99]
CFO=-487.97352710230507,STO=5
EsN0dB=18.80,GRXdB=17,N0=0.009999999776482582
packet_number=1529,correct=True,payload=[0,1,2,3,4,5,6,7,8,9,10,11,12,13,14,15,16,17,18,19,20,21,22,23,24,25,26,27,28,29,30,31,32,33,34,35,36,37,38,39,40,41,42,43,44,45,46,47,48,49,50,51,52,53,54,55,56,57,58,59,60,61,62,63,64,65,66,67,68,69,70,71,72,73,74,75,76,77,78,79,80,81,82,83,84,85,86,87,88,89,90,91,92,93,94,95,96,97,98,99]
CFO=-509.80371882416495,STO=3
EsN0dB=18.78,GRXdB=17,N0=0.009999999776482582
packet_number=1530,correct=True,payload=[0,1,2,3,4,5,6,7,8,9,10,11,12,13,14,15,16,17,18,19,20,21,22,23,24,25,26,27,28,29,30,31,32,33,34,35,36,37,38,39,40,41,42,43,44,45,46,47,48,49,50,51,52,53,54,55,56,57,58,59,60,61,62,63,64,65,66,67,68,69,70,71,72,73,74,75,76,77,78,79,80,81,82,83,84,85,86,87,88,89,90,91,92,93,94,95,96,97,98,99]
CFO=-438.72913791799886,STO=3
EsN0dB=18.79,GRXdB=17,N0=0.009999999776482582
packet_number=1531,correct=True,payload=[0,1,2,3,4,5,6,7,8,9,10,11,12,13,14,15,16,17,18,19,20,21,22,23,24,25,26,27,28,29,30,31,32,33,34,35,36,37,38,39,40,41,42,43,44,45,46,47,48,49,50,51,52,53,54,55,56,57,58,59,60,61,62,63,64,65,66,67,68,69,70,71,72,73,74,75,76,77,78,79,80,81,82,83,84,85,86,87,88,89,90,91,92,93,94,95,96,97,98,99]
CFO=-397.06762237864734,STO=3
EsN0dB=18.82,GRXdB=17,N0=0.009999999776482582
packet_number=1532,correct=True,payload=[0,1,2,3,4,5,6,7,8,9,10,11,12,13,14,15,16,17,18,19,20,21,22,23,24,25,26,27,28,29,30,31,32,33,34,35,36,37,38,39,40,41,42,43,44,45,46,47,48,49,50,51,52,53,54,55,56,57,58,59,60,61,62,63,64,65,66,67,68,69,70,71,72,73,74,75,76,77,78,79,80,81,82,83,84,85,86,87,88,89,90,91,92,93,94,95,96,97,98,99]
CFO=-447.3137429963038,STO=6
EsN0dB=18.80,GRXdB=17,N0=0.009999999776482582
packet_number=1533,correct=True,payload=[0,1,2,3,4,5,6,7,8,9,10,11,12,13,14,15,16,17,18,19,20,21,22,23,24,25,26,27,28,29,30,31,32,33,34,35,36,37,38,39,40,41,42,43,44,45,46,47,48,49,50,51,52,53,54,55,56,57,58,59,60,61,62,63,64,65,66,67,68,69,70,71,72,73,74,75,76,77,78,79,80,81,82,83,84,85,86,87,88,89,90,91,92,93,94,95,96,97,98,99]
CFO=-498.9222551230153,STO=3
EsN0dB=18.81,GRXdB=17,N0=0.009999999776482582
packet_number=1534,correct=True,payload=[0,1,2,3,4,5,6,7,8,9,10,11,12,13,14,15,16,17,18,19,20,21,22,23,24,25,26,27,28,29,30,31,32,33,34,35,36,37,38,39,40,41,42,43,44,45,46,47,48,49,50,51,52,53,54,55,56,57,58,59,60,61,62,63,64,65,66,67,68,69,70,71,72,73,74,75,76,77,78,79,80,81,82,83,84,85,86,87,88,89,90,91,92,93,94,95,96,97,98,99]
CFO=-407.34142454504473,STO=5
EsN0dB=18.77,GRXdB=17,N0=0.009999999776482582
packet_number=1535,correct=True,payload=[0,1,2,3,4,5,6,7,8,9,10,11,12,13,14,15,16,17,18,19,20,21,22,23,24,25,26,27,28,29,30,31,32,33,34,35,36,37,38,39,40,41,42,43,44,45,46,47,48,49,50,51,52,53,54,55,56,57,58,59,60,61,62,63,64,65,66,67,68,69,70,71,72,73,74,75,76,77,78,79,80,81,82,83,84,85,86,87,88,89,90,91,92,93,94,95,96,97,98,99]
CFO=-542.2735013589881,STO=5
EsN0dB=18.79,GRXdB=17,N0=0.009999999776482582
packet_number=1536,correct=False,payload=[0,1,2,3,4,5,6,7,8,9,10,11,12,13,14,15,16,17,18,19,20,21,30,23,24,25,30,27,28,29,30,31,32,1,2,35,36,37,38,39,40,41,42,43,44,45,46,47,48,49,50,51,52,53,54,55,56,57,58,59,60,61,190,63,64,65,66,67,196,69,70,71,72,73,74,75,76,77,78,79,80,81,82,83,84,81,86,87,88,89,90,91,92,93,78,95,96,97,98,99]
CFO=-367.38057867715713,STO=4
EsN0dB=18.78,GRXdB=17,N0=0.009999999776482582
packet_number=1537,correct=True,payload=[0,1,2,3,4,5,6,7,8,9,10,11,12,13,14,15,16,17,18,19,20,21,22,23,24,25,26,27,28,29,30,31,32,33,34,35,36,37,38,39,40,41,42,43,44,45,46,47,48,49,50,51,52,53,54,55,56,57,58,59,60,61,62,63,64,65,66,67,68,69,70,71,72,73,74,75,76,77,78,79,80,81,82,83,84,85,86,87,88,89,90,91,92,93,94,95,96,97,98,99]
CFO=-485.7580141352004,STO=3
EsN0dB=18.78,GRXdB=17,N0=0.009999999776482582
packet_number=1538,correct=False,payload=[0,1,2,3,4,5,6,7,8,1,10,11,12,13,14,7,144,17,19,19,20,21,23,23,28,25,24,11,28,29,31,31,32,49,34,35,36,37,34,39,40,41,42,47,14,45,47,47,144,49,18,51,52,53,22,23,56,57,186,59,60,61,190,63,64,65,66,3,64,69,98,71,72,73,74,75,100,76,78,79,80,81,66,83,118,117,22,95,88,89,122,91,124,29,94,79,96,96,96,99]
CFO=-497.03242122805375,STO=6
EsN0dB=18.83,GRXdB=17,N0=0.009999999776482582
packet_number=1539,correct=True,payload=[0,1,2,3,4,5,6,7,8,9,10,11,12,13,14,15,16,17,18,19,20,21,22,23,24,25,26,27,28,29,30,31,32,33,34,35,36,37,38,39,40,41,42,43,44,45,46,47,48,49,50,51,52,53,54,55,56,57,58,59,60,61,62,63,64,65,66,67,68,69,70,71,72,73,74,75,76,77,78,79,80,81,82,83,84,85,86,87,88,89,90,91,92,93,94,95,96,97,98,99]
CFO=-322.0868195264523,STO=5
EsN0dB=18.78,GRXdB=17,N0=0.009999999776482582
packet_number=1540,correct=True,payload=[0,1,2,3,4,5,6,7,8,9,10,11,12,13,14,15,16,17,18,19,20,21,22,23,24,25,26,27,28,29,30,31,32,33,34,35,36,37,38,39,40,41,42,43,44,45,46,47,48,49,50,51,52,53,54,55,56,57,58,59,60,61,62,63,64,65,66,67,68,69,70,71,72,73,74,75,76,77,78,79,80,81,82,83,84,85,86,87,88,89,90,91,92,93,94,95,96,97,98,99]
CFO=-365.1079399525412,STO=3
EsN0dB=17.81,GRXdB=17,N0=0.012589254416525364
packet_number=1541,correct=True,payload=[0,1,2,3,4,5,6,7,8,9,10,11,12,13,14,15,16,17,18,19,20,21,22,23,24,25,26,27,28,29,30,31,32,33,34,35,36,37,38,39,40,41,42,43,44,45,46,47,48,49,50,51,52,53,54,55,56,57,58,59,60,61,62,63,64,65,66,67,68,69,70,71,72,73,74,75,76,77,78,79,80,81,82,83,84,85,86,87,88,89,90,91,92,93,94,95,96,97,98,99]
CFO=-421.8631952753179,STO=5
EsN0dB=17.80,GRXdB=17,N0=0.012589254416525364
packet_number=1542,correct=True,payload=[0,1,2,3,4,5,6,7,8,9,10,11,12,13,14,15,16,17,18,19,20,21,22,23,24,25,26,27,28,29,30,31,32,33,34,35,36,37,38,39,40,41,42,43,44,45,46,47,48,49,50,51,52,53,54,55,56,57,58,59,60,61,62,63,64,65,66,67,68,69,70,71,72,73,74,75,76,77,78,79,80,81,82,83,84,85,86,87,88,89,90,91,92,93,94,95,96,97,98,99]
CFO=-563.8442704010444,STO=6
EsN0dB=17.79,GRXdB=17,N0=0.012589254416525364
packet_number=1543,correct=True,payload=[0,1,2,3,4,5,6,7,8,9,10,11,12,13,14,15,16,17,18,19,20,21,22,23,24,25,26,27,28,29,30,31,32,33,34,35,36,37,38,39,40,41,42,43,44,45,46,47,48,49,50,51,52,53,54,55,56,57,58,59,60,61,62,63,64,65,66,67,68,69,70,71,72,73,74,75,76,77,78,79,80,81,82,83,84,85,86,87,88,89,90,91,92,93,94,95,96,97,98,99]
CFO=-512.6904816757166,STO=2
EsN0dB=17.76,GRXdB=17,N0=0.012589254416525364
packet_number=1544,correct=False,payload=[0,1,2,3,4,5,6,7,8,9,10,11,12,13,14,15,16,17,18,19,20,21,22,23,24,25,26,27,28,28,30,31,32,33,34,35,36,37,38,39,40,41,42,43,44,45,46,47,48,49,50,51,52,53,54,55,56,57,58,59,60,61,62,63,64,65,66,67,68,69,70,71,72,73,74,75,76,77,78,79,80,81,82,83,84,85,86,87,88,89,90,91,92,93,94,127,96,97,98,99]
CFO=-474.0844975076428,STO=4
EsN0dB=17.78,GRXdB=17,N0=0.012589254416525364
packet_number=1545,correct=True,payload=[0,1,2,3,4,5,6,7,8,9,10,11,12,13,14,15,16,17,18,19,20,21,22,23,24,25,26,27,28,29,30,31,32,33,34,35,36,37,38,39,40,41,42,43,44,45,46,47,48,49,50,51,52,53,54,55,56,57,58,59,60,61,62,63,64,65,66,67,68,69,70,71,72,73,74,75,76,77,78,79,80,81,82,83,84,85,86,87,88,89,90,91,92,93,94,95,96,97,98,99]
CFO=-411.61144892811535,STO=6
EsN0dB=17.79,GRXdB=17,N0=0.012589254416525364
packet_number=1546,correct=True,payload=[0,1,2,3,4,5,6,7,8,9,10,11,12,13,14,15,16,17,18,19,20,21,22,23,24,25,26,27,28,29,30,31,32,33,34,35,36,37,38,39,40,41,42,43,44,45,46,47,48,49,50,51,52,53,54,55,56,57,58,59,60,61,62,63,64,65,66,67,68,69,70,71,72,73,74,75,76,77,78,79,80,81,82,83,84,85,86,87,88,89,90,91,92,93,94,95,96,97,98,99]
CFO=-480.98915471235637,STO=4
EsN0dB=17.86,GRXdB=17,N0=0.012589254416525364
packet_number=1547,correct=True,payload=[0,1,2,3,4,5,6,7,8,9,10,11,12,13,14,15,16,17,18,19,20,21,22,23,24,25,26,27,28,29,30,31,32,33,34,35,36,37,38,39,40,41,42,43,44,45,46,47,48,49,50,51,52,53,54,55,56,57,58,59,60,61,62,63,64,65,66,67,68,69,70,71,72,73,74,75,76,77,78,79,80,81,82,83,84,85,86,87,88,89,90,91,92,93,94,95,96,97,98,99]
CFO=-465.11726546919306,STO=0
EsN0dB=17.79,GRXdB=17,N0=0.012589254416525364
packet_number=1548,correct=False,payload=[0,2,6,7,8,14,6,6,24,9,10,11,12,30,30,30,48,0,0,23,8,23,12,23,24,56,56,51,28,61,28,63,32,32,98,35,44,6,12,111,8,105,42,14,44,60,108,111,32,113,118,102,124,33,54,47,120,58,122,62,120,63,124,126,64,66,6,131,12,10,206,15,88,219,14,90,204,12,92,95,192,97,86,19,48,29,214,119,16,179,52,242,152,251,158,95,96,192,224,99]
CFO=-390.15949671849586,STO=5
EsN0dB=17.78,GRXdB=17,N0=0.012589254416525364
packet_number=1549,correct=True,payload=[0,1,2,3,4,5,6,7,8,9,10,11,12,13,14,15,16,17,18,19,20,21,22,23,24,25,26,27,28,29,30,31,32,33,34,35,36,37,38,39,40,41,42,43,44,45,46,47,48,49,50,51,52,53,54,55,56,57,58,59,60,61,62,63,64,65,66,67,68,69,70,71,72,73,74,75,76,77,78,79,80,81,82,83,84,85,86,87,88,89,90,91,92,93,94,95,96,97,98,99]
CFO=-463.97211192123984,STO=5
EsN0dB=17.74,GRXdB=17,N0=0.012589254416525364
packet_number=1550,correct=True,payload=[0,1,2,3,4,5,6,7,8,9,10,11,12,13,14,15,16,17,18,19,20,21,22,23,24,25,26,27,28,29,30,31,32,33,34,35,36,37,38,39,40,41,42,43,44,45,46,47,48,49,50,51,52,53,54,55,56,57,58,59,60,61,62,63,64,65,66,67,68,69,70,71,72,73,74,75,76,77,78,79,80,81,82,83,84,85,86,87,88,89,90,91,92,93,94,95,96,97,98,99]
CFO=-460.3994249506962,STO=0
EsN0dB=17.82,GRXdB=17,N0=0.012589254416525364
packet_number=1551,correct=False,payload=[0,1,2,3,0,5,6,7,8,8,15,7,14,12,15,7,16,25,24,3,16,5,18,27,8,25,26,31,12,29,30,15,160,49,161,33,162,53,38,35,56,41,42,43,44,45,46,47,176,49,48,51,182,21,58,55,188,25,58,27,188,61,63,63,64,65,98,67,132,69,102,71,40,77,74,11,196,111,79,71,88,113,122,123,4,85,214,87,24,93,94,123,108,95,94,95,96,97,99,35]
CFO=-366.0265766799733,STO=3
EsN0dB=17.83,GRXdB=17,N0=0.012589254416525364
packet_number=1552,correct=True,payload=[0,1,2,3,4,5,6,7,8,9,10,11,12,13,14,15,16,17,18,19,20,21,22,23,24,25,26,27,28,29,30,31,32,33,34,35,36,37,38,39,40,41,42,43,44,45,46,47,48,49,50,51,52,53,54,55,56,57,58,59,60,61,62,63,64,65,66,67,68,69,70,71,72,73,74,75,76,77,78,79,80,81,82,83,84,85,86,87,88,89,90,91,92,93,94,95,96,97,98,99]
CFO=-1333.6040403985098,STO=6
EsN0dB=-14.57,GRXdB=17,N0=0.012589254416525364
packet_number=1553,correct=False,payload=[18,138,9,216,47,38,19,237,149,45,178,241,236,116,37,106,241,255,187,65,189,218,150,92,76,174,64,93,226,16,255,85,1,224,165,195,108,48,36,246,1,252,82,65,83,230,54,93,31,126,101,23,55,90,164,177,243,177,3,90,157,95,29,219,247,78,190,201,190,54,230,76,98,6,249,82,112,121,158,129,228,162,37,90,237,165,172,151,118,147,9,20,171,223,75,169,234,91,179,131]
CFO=-493.4083003243071,STO=5
EsN0dB=17.82,GRXdB=17,N0=0.012589254416525364
packet_number=1554,correct=True,payload=[0,1,2,3,4,5,6,7,8,9,10,11,12,13,14,15,16,17,18,19,20,21,22,23,24,25,26,27,28,29,30,31,32,33,34,35,36,37,38,39,40,41,42,43,44,45,46,47,48,49,50,51,52,53,54,55,56,57,58,59,60,61,62,63,64,65,66,67,68,69,70,71,72,73,74,75,76,77,78,79,80,81,82,83,84,85,86,87,88,89,90,91,92,93,94,95,96,97,98,99]
CFO=-414.6072161441554,STO=4
EsN0dB=17.77,GRXdB=17,N0=0.012589254416525364
packet_number=1555,correct=True,payload=[0,1,2,3,4,5,6,7,8,9,10,11,12,13,14,15,16,17,18,19,20,21,22,23,24,25,26,27,28,29,30,31,32,33,34,35,36,37,38,39,40,41,42,43,44,45,46,47,48,49,50,51,52,53,54,55,56,57,58,59,60,61,62,63,64,65,66,67,68,69,70,71,72,73,74,75,76,77,78,79,80,81,82,83,84,85,86,87,88,89,90,91,92,93,94,95,96,97,98,99]
CFO=-558.1331768958231,STO=4
EsN0dB=17.78,GRXdB=17,N0=0.012589254416525364
packet_number=1556,correct=True,payload=[0,1,2,3,4,5,6,7,8,9,10,11,12,13,14,15,16,17,18,19,20,21,22,23,24,25,26,27,28,29,30,31,32,33,34,35,36,37,38,39,40,41,42,43,44,45,46,47,48,49,50,51,52,53,54,55,56,57,58,59,60,61,62,63,64,65,66,67,68,69,70,71,72,73,74,75,76,77,78,79,80,81,82,83,84,85,86,87,88,89,90,91,92,93,94,95,96,97,98,99]
CFO=-522.1326845947303,STO=3
EsN0dB=17.80,GRXdB=17,N0=0.012589254416525364
packet_number=1557,correct=True,payload=[0,1,2,3,4,5,6,7,8,9,10,11,12,13,14,15,16,17,18,19,20,21,22,23,24,25,26,27,28,29,30,31,32,33,34,35,36,37,38,39,40,41,42,43,44,45,46,47,48,49,50,51,52,53,54,55,56,57,58,59,60,61,62,63,64,65,66,67,68,69,70,71,72,73,74,75,76,77,78,79,80,81,82,83,84,85,86,87,88,89,90,91,92,93,94,95,96,97,98,99]
CFO=-464.4621127753681,STO=3
EsN0dB=17.85,GRXdB=17,N0=0.012589254416525364
packet_number=1558,correct=True,payload=[0,1,2,3,4,5,6,7,8,9,10,11,12,13,14,15,16,17,18,19,20,21,22,23,24,25,26,27,28,29,30,31,32,33,34,35,36,37,38,39,40,41,42,43,44,45,46,47,48,49,50,51,52,53,54,55,56,57,58,59,60,61,62,63,64,65,66,67,68,69,70,71,72,73,74,75,76,77,78,79,80,81,82,83,84,85,86,87,88,89,90,91,92,93,94,95,96,97,98,99]
CFO=-516.2816670752624,STO=6
EsN0dB=17.84,GRXdB=17,N0=0.012589254416525364
packet_number=1559,correct=True,payload=[0,1,2,3,4,5,6,7,8,9,10,11,12,13,14,15,16,17,18,19,20,21,22,23,24,25,26,27,28,29,30,31,32,33,34,35,36,37,38,39,40,41,42,43,44,45,46,47,48,49,50,51,52,53,54,55,56,57,58,59,60,61,62,63,64,65,66,67,68,69,70,71,72,73,74,75,76,77,78,79,80,81,82,83,84,85,86,87,88,89,90,91,92,93,94,95,96,97,98,99]
CFO=-505.3608349226467,STO=3
EsN0dB=17.79,GRXdB=17,N0=0.012589254416525364
packet_number=1560,correct=True,payload=[0,1,2,3,4,5,6,7,8,9,10,11,12,13,14,15,16,17,18,19,20,21,22,23,24,25,26,27,28,29,30,31,32,33,34,35,36,37,38,39,40,41,42,43,44,45,46,47,48,49,50,51,52,53,54,55,56,57,58,59,60,61,62,63,64,65,66,67,68,69,70,71,72,73,74,75,76,77,78,79,80,81,82,83,84,85,86,87,88,89,90,91,92,93,94,95,96,97,98,99]
CFO=-419.59864961339036,STO=2
EsN0dB=17.87,GRXdB=17,N0=0.012589254416525364
packet_number=1561,correct=True,payload=[0,1,2,3,4,5,6,7,8,9,10,11,12,13,14,15,16,17,18,19,20,21,22,23,24,25,26,27,28,29,30,31,32,33,34,35,36,37,38,39,40,41,42,43,44,45,46,47,48,49,50,51,52,53,54,55,56,57,58,59,60,61,62,63,64,65,66,67,68,69,70,71,72,73,74,75,76,77,78,79,80,81,82,83,84,85,86,87,88,89,90,91,92,93,94,95,96,97,98,99]
CFO=-474.11174118753536,STO=4
EsN0dB=17.87,GRXdB=17,N0=0.012589254416525364
packet_number=1562,correct=True,payload=[0,1,2,3,4,5,6,7,8,9,10,11,12,13,14,15,16,17,18,19,20,21,22,23,24,25,26,27,28,29,30,31,32,33,34,35,36,37,38,39,40,41,42,43,44,45,46,47,48,49,50,51,52,53,54,55,56,57,58,59,60,61,62,63,64,65,66,67,68,69,70,71,72,73,74,75,76,77,78,79,80,81,82,83,84,85,86,87,88,89,90,91,92,93,94,95,96,97,98,99]
CFO=-449.20348795651057,STO=0
EsN0dB=17.81,GRXdB=17,N0=0.012589254416525364
packet_number=1563,correct=False,payload=[248,248,68,240,124,0,2,4,14,16,6,24,12,48,4,60,62,56,54,24,28,32,6,12,78,56,8,8,44,48,114,120,118,112,118,56,124,128,0,8,132,192,156,152,30,160,130,32,172,56,250,60,188,64,100,200,236,232,80,216,108,224,102,232,236,240,122,124,125,128,7,140,13,136,25,12,157,33,180,49,14,56,29,153,188,161,68,69,109,80,59,93,142,113,99,52,108,48,242,120]
CFO=-358.4313114591806,STO=1
EsN0dB=17.77,GRXdB=17,N0=0.012589254416525364
packet_number=1564,correct=False,payload=[0,1,2,3,4,5,6,7,8,9,10,11,12,13,14,15,16,17,18,19,20,21,22,23,24,25,26,27,28,29,30,31,32,33,34,35,36,37,38,39,40,41,34,43,44,45,46,47,48,49,50,51,52,53,54,55,56,57,58,59,60,61,62,63,64,65,66,67,68,69,70,71,72,73,74,75,76,77,78,79,80,81,82,83,84,85,86,87,88,89,90,91,92,93,94,95,96,97,98,99]
CFO=-407.8630861718881,STO=5
EsN0dB=17.78,GRXdB=17,N0=0.012589254416525364
packet_number=1565,correct=True,payload=[0,1,2,3,4,5,6,7,8,9,10,11,12,13,14,15,16,17,18,19,20,21,22,23,24,25,26,27,28,29,30,31,32,33,34,35,36,37,38,39,40,41,42,43,44,45,46,47,48,49,50,51,52,53,54,55,56,57,58,59,60,61,62,63,64,65,66,67,68,69,70,71,72,73,74,75,76,77,78,79,80,81,82,83,84,85,86,87,88,89,90,91,92,93,94,95,96,97,98,99]
CFO=-563.9993133236102,STO=1
EsN0dB=17.80,GRXdB=17,N0=0.012589254416525364
packet_number=1566,correct=True,payload=[0,1,2,3,4,5,6,7,8,9,10,11,12,13,14,15,16,17,18,19,20,21,22,23,24,25,26,27,28,29,30,31,32,33,34,35,36,37,38,39,40,41,42,43,44,45,46,47,48,49,50,51,52,53,54,55,56,57,58,59,60,61,62,63,64,65,66,67,68,69,70,71,72,73,74,75,76,77,78,79,80,81,82,83,84,85,86,87,88,89,90,91,92,93,94,95,96,97,98,99]
CFO=-514.193834771158,STO=5
EsN0dB=17.79,GRXdB=17,N0=0.012589254416525364
packet_number=1567,correct=True,payload=[0,1,2,3,4,5,6,7,8,9,10,11,12,13,14,15,16,17,18,19,20,21,22,23,24,25,26,27,28,29,30,31,32,33,34,35,36,37,38,39,40,41,42,43,44,45,46,47,48,49,50,51,52,53,54,55,56,57,58,59,60,61,62,63,64,65,66,67,68,69,70,71,72,73,74,75,76,77,78,79,80,81,82,83,84,85,86,87,88,89,90,91,92,93,94,95,96,97,98,99]
CFO=-424.33727121959635,STO=5
EsN0dB=17.84,GRXdB=17,N0=0.012589254416525364
packet_number=1568,correct=True,payload=[0,1,2,3,4,5,6,7,8,9,10,11,12,13,14,15,16,17,18,19,20,21,22,23,24,25,26,27,28,29,30,31,32,33,34,35,36,37,38,39,40,41,42,43,44,45,46,47,48,49,50,51,52,53,54,55,56,57,58,59,60,61,62,63,64,65,66,67,68,69,70,71,72,73,74,75,76,77,78,79,80,81,82,83,84,85,86,87,88,89,90,91,92,93,94,95,96,97,98,99]
CFO=-445.1510869184793,STO=2
EsN0dB=17.82,GRXdB=17,N0=0.012589254416525364
packet_number=1569,correct=True,payload=[0,1,2,3,4,5,6,7,8,9,10,11,12,13,14,15,16,17,18,19,20,21,22,23,24,25,26,27,28,29,30,31,32,33,34,35,36,37,38,39,40,41,42,43,44,45,46,47,48,49,50,51,52,53,54,55,56,57,58,59,60,61,62,63,64,65,66,67,68,69,70,71,72,73,74,75,76,77,78,79,80,81,82,83,84,85,86,87,88,89,90,91,92,93,94,95,96,97,98,99]
CFO=-341.1742041198924,STO=3
EsN0dB=17.79,GRXdB=17,N0=0.012589254416525364
packet_number=1570,correct=True,payload=[0,1,2,3,4,5,6,7,8,9,10,11,12,13,14,15,16,17,18,19,20,21,22,23,24,25,26,27,28,29,30,31,32,33,34,35,36,37,38,39,40,41,42,43,44,45,46,47,48,49,50,51,52,53,54,55,56,57,58,59,60,61,62,63,64,65,66,67,68,69,70,71,72,73,74,75,76,77,78,79,80,81,82,83,84,85,86,87,88,89,90,91,92,93,94,95,96,97,98,99]
CFO=-2738.862931333454,STO=1
EsN0dB=-9.17,GRXdB=17,N0=0.012589254416525364
packet_number=1571,correct=False,payload=[125,67,88,20,176,59,42,246,12,0,75,45,22,235,127,110,175,4,124,180,154,204,97,73,120,214,29,188,252,229,158,240,106,214,19,144,103,118,137,110,61,0,2,129,250,47,246,125,200,215,186,160,65,51,227,97,115,41,112,53,60,0,181,216,86,150,63,218,254,126,230,104,61,91,32,253,74,106,101,187,155,14,157,188,191,190,224,146,199,187,72,1,97,142,136,40,147,31,0,24]
CFO=-507.101999552471,STO=2
EsN0dB=17.78,GRXdB=17,N0=0.012589254416525364
packet_number=1572,correct=True,payload=[0,1,2,3,4,5,6,7,8,9,10,11,12,13,14,15,16,17,18,19,20,21,22,23,24,25,26,27,28,29,30,31,32,33,34,35,36,37,38,39,40,41,42,43,44,45,46,47,48,49,50,51,52,53,54,55,56,57,58,59,60,61,62,63,64,65,66,67,68,69,70,71,72,73,74,75,76,77,78,79,80,81,82,83,84,85,86,87,88,89,90,91,92,93,94,95,96,97,98,99]
CFO=-430.2245148291934,STO=4
EsN0dB=17.79,GRXdB=17,N0=0.012589254416525364
packet_number=1573,correct=True,payload=[0,1,2,3,4,5,6,7,8,9,10,11,12,13,14,15,16,17,18,19,20,21,22,23,24,25,26,27,28,29,30,31,32,33,34,35,36,37,38,39,40,41,42,43,44,45,46,47,48,49,50,51,52,53,54,55,56,57,58,59,60,61,62,63,64,65,66,67,68,69,70,71,72,73,74,75,76,77,78,79,80,81,82,83,84,85,86,87,88,89,90,91,92,93,94,95,96,97,98,99]
CFO=-504.51174517348215,STO=4
EsN0dB=17.82,GRXdB=17,N0=0.012589254416525364
packet_number=1574,correct=False,payload=[0,1,2,1,6,5,6,7,136,9,10,15,12,5,14,15,24,17,19,3,20,23,150,31,24,25,25,31,12,29,30,31,32,33,34,35,36,37,166,39,44,56,40,59,44,47,46,47,48,49,50,51,52,53,63,55,56,57,58,59,60,61,62,63,32,65,66,67,68,5,70,71,72,73,74,75,68,76,71,79,112,81,210,83,68,85,86,87,88,89,90,91,92,77,94,79,96,96,226,99]
CFO=-353.6343190088959,STO=5
EsN0dB=17.79,GRXdB=17,N0=0.012589254416525364
packet_number=1575,correct=True,payload=[0,1,2,3,4,5,6,7,8,9,10,11,12,13,14,15,16,17,18,19,20,21,22,23,24,25,26,27,28,29,30,31,32,33,34,35,36,37,38,39,40,41,42,43,44,45,46,47,48,49,50,51,52,53,54,55,56,57,58,59,60,61,62,63,64,65,66,67,68,69,70,71,72,73,74,75,76,77,78,79,80,81,82,83,84,85,86,87,88,89,90,91,92,93,94,95,96,97,98,99]
CFO=-492.8844746184298,STO=3
EsN0dB=17.80,GRXdB=17,N0=0.012589254416525364
packet_number=1576,correct=True,payload=[0,1,2,3,4,5,6,7,8,9,10,11,12,13,14,15,16,17,18,19,20,21,22,23,24,25,26,27,28,29,30,31,32,33,34,35,36,37,38,39,40,41,42,43,44,45,46,47,48,49,50,51,52,53,54,55,56,57,58,59,60,61,62,63,64,65,66,67,68,69,70,71,72,73,74,75,76,77,78,79,80,81,82,83,84,85,86,87,88,89,90,91,92,93,94,95,96,97,98,99]
CFO=-2822.328317309702,STO=6
EsN0dB=nan,GRXdB=17,N0=0.012589254416525364
packet_number=1577,correct=False,payload=[116,150,10,49,178,24,175,220,245,38,75,235,13,23,30,120,31,120,135,74,62,107,172,68,66,201,18,108,189,67,129,114,173,70,134,19,124,91,205,59,161,45,171,7,179,154,213,226,37,149,139,121,133,20,172,72,233,206,100,161,216,247,251,226,227,119,125,38,156,56,72,23,0,27,242,211,246,181,254,12,139,5,86,194,102,163,16,38,46,60,142,191,115,214,154,103,199,91,167,85]
CFO=-467.7595466797504,STO=4
EsN0dB=17.79,GRXdB=17,N0=0.012589254416525364
packet_number=1578,correct=True,payload=[0,1,2,3,4,5,6,7,8,9,10,11,12,13,14,15,16,17,18,19,20,21,22,23,24,25,26,27,28,29,30,31,32,33,34,35,36,37,38,39,40,41,42,43,44,45,46,47,48,49,50,51,52,53,54,55,56,57,58,59,60,61,62,63,64,65,66,67,68,69,70,71,72,73,74,75,76,77,78,79,80,81,82,83,84,85,86,87,88,89,90,91,92,93,94,95,96,97,98,99]
CFO=-361.58974034178266,STO=2
EsN0dB=17.74,GRXdB=17,N0=0.012589254416525364
packet_number=1579,correct=True,payload=[0,1,2,3,4,5,6,7,8,9,10,11,12,13,14,15,16,17,18,19,20,21,22,23,24,25,26,27,28,29,30,31,32,33,34,35,36,37,38,39,40,41,42,43,44,45,46,47,48,49,50,51,52,53,54,55,56,57,58,59,60,61,62,63,64,65,66,67,68,69,70,71,72,73,74,75,76,77,78,79,80,81,82,83,84,85,86,87,88,89,90,91,92,93,94,95,96,97,98,99]
CFO=-412.4716555216321,STO=4
EsN0dB=17.79,GRXdB=17,N0=0.012589254416525364
packet_number=1580,correct=True,payload=[0,1,2,3,4,5,6,7,8,9,10,11,12,13,14,15,16,17,18,19,20,21,22,23,24,25,26,27,28,29,30,31,32,33,34,35,36,37,38,39,40,41,42,43,44,45,46,47,48,49,50,51,52,53,54,55,56,57,58,59,60,61,62,63,64,65,66,67,68,69,70,71,72,73,74,75,76,77,78,79,80,81,82,83,84,85,86,87,88,89,90,91,92,93,94,95,96,97,98,99]
CFO=-513.0164571970424,STO=4
EsN0dB=17.78,GRXdB=17,N0=0.012589254416525364
packet_number=1581,correct=True,payload=[0,1,2,3,4,5,6,7,8,9,10,11,12,13,14,15,16,17,18,19,20,21,22,23,24,25,26,27,28,29,30,31,32,33,34,35,36,37,38,39,40,41,42,43,44,45,46,47,48,49,50,51,52,53,54,55,56,57,58,59,60,61,62,63,64,65,66,67,68,69,70,71,72,73,74,75,76,77,78,79,80,81,82,83,84,85,86,87,88,89,90,91,92,93,94,95,96,97,98,99]
CFO=-406.44386535450445,STO=6
EsN0dB=17.76,GRXdB=17,N0=0.012589254416525364
packet_number=1582,correct=True,payload=[0,1,2,3,4,5,6,7,8,9,10,11,12,13,14,15,16,17,18,19,20,21,22,23,24,25,26,27,28,29,30,31,32,33,34,35,36,37,38,39,40,41,42,43,44,45,46,47,48,49,50,51,52,53,54,55,56,57,58,59,60,61,62,63,64,65,66,67,68,69,70,71,72,73,74,75,76,77,78,79,80,81,82,83,84,85,86,87,88,89,90,91,92,93,94,95,96,97,98,99]
CFO=-417.40465885695164,STO=3
EsN0dB=17.82,GRXdB=17,N0=0.012589254416525364
packet_number=1583,correct=True,payload=[0,1,2,3,4,5,6,7,8,9,10,11,12,13,14,15,16,17,18,19,20,21,22,23,24,25,26,27,28,29,30,31,32,33,34,35,36,37,38,39,40,41,42,43,44,45,46,47,48,49,50,51,52,53,54,55,56,57,58,59,60,61,62,63,64,65,66,67,68,69,70,71,72,73,74,75,76,77,78,79,80,81,82,83,84,85,86,87,88,89,90,91,92,93,94,95,96,97,98,99]
CFO=-539.7140184051663,STO=4
EsN0dB=17.80,GRXdB=17,N0=0.012589254416525364
packet_number=1584,correct=True,payload=[0,1,2,3,4,5,6,7,8,9,10,11,12,13,14,15,16,17,18,19,20,21,22,23,24,25,26,27,28,29,30,31,32,33,34,35,36,37,38,39,40,41,42,43,44,45,46,47,48,49,50,51,52,53,54,55,56,57,58,59,60,61,62,63,64,65,66,67,68,69,70,71,72,73,74,75,76,77,78,79,80,81,82,83,84,85,86,87,88,89,90,91,92,93,94,95,96,97,98,99]
CFO=-480.0146076690621,STO=6
EsN0dB=17.80,GRXdB=17,N0=0.012589254416525364
packet_number=1585,correct=True,payload=[0,1,2,3,4,5,6,7,8,9,10,11,12,13,14,15,16,17,18,19,20,21,22,23,24,25,26,27,28,29,30,31,32,33,34,35,36,37,38,39,40,41,42,43,44,45,46,47,48,49,50,51,52,53,54,55,56,57,58,59,60,61,62,63,64,65,66,67,68,69,70,71,72,73,74,75,76,77,78,79,80,81,82,83,84,85,86,87,88,89,90,91,92,93,94,95,96,97,98,99]
CFO=-461.79916905677476,STO=4
EsN0dB=17.79,GRXdB=17,N0=0.012589254416525364
packet_number=1586,correct=True,payload=[0,1,2,3,4,5,6,7,8,9,10,11,12,13,14,15,16,17,18,19,20,21,22,23,24,25,26,27,28,29,30,31,32,33,34,35,36,37,38,39,40,41,42,43,44,45,46,47,48,49,50,51,52,53,54,55,56,57,58,59,60,61,62,63,64,65,66,67,68,69,70,71,72,73,74,75,76,77,78,79,80,81,82,83,84,85,86,87,88,89,90,91,92,93,94,95,96,97,98,99]
CFO=-1303.0109590598533,STO=7
EsN0dB=-9.35,GRXdB=17,N0=0.012589254416525364
packet_number=1587,correct=False,payload=[121,117,148,160,127,150,23,12,3,24,177,220,242,150,51,22,98,124,191,25,35,227,2,190,164,146,168,101,245,246,214,139,85,42,111,167,35,45,69,48,205,70,126,22,23,237,84,68,158,217,176,93,169,140,7,51,137,253,49,111,18,155,181,19,103,170,126,41,32,201,146,82,230,121,124,173,199,214,203,80,216,239,169,235,254,102,2,213,109,43,98,198,59,179,5,47,205,17,250,110]
CFO=-366.5202831488856,STO=7
EsN0dB=17.78,GRXdB=17,N0=0.012589254416525364
packet_number=1588,correct=False,payload=[0,1,2,3,4,5,6,7,8,9,10,11,12,13,14,15,16,17,18,19,20,21,22,23,24,25,26,27,28,29,30,31,32,33,34,35,36,37,38,39,40,41,42,43,44,45,46,47,48,49,50,51,52,53,54,55,56,57,58,59,60,61,62,63,64,65,66,67,68,69,70,71,72,73,74,75,76,77,76,79,80,81,82,83,84,85,86,87,88,89,90,91,92,93,94,95,96,97,98,99]
CFO=-426.33803639873406,STO=4
EsN0dB=17.80,GRXdB=17,N0=0.012589254416525364
packet_number=1589,correct=True,payload=[0,1,2,3,4,5,6,7,8,9,10,11,12,13,14,15,16,17,18,19,20,21,22,23,24,25,26,27,28,29,30,31,32,33,34,35,36,37,38,39,40,41,42,43,44,45,46,47,48,49,50,51,52,53,54,55,56,57,58,59,60,61,62,63,64,65,66,67,68,69,70,71,72,73,74,75,76,77,78,79,80,81,82,83,84,85,86,87,88,89,90,91,92,93,94,95,96,97,98,99]
CFO=-507.37680794485823,STO=4
EsN0dB=17.76,GRXdB=17,N0=0.012589254416525364
packet_number=1590,correct=True,payload=[0,1,2,3,4,5,6,7,8,9,10,11,12,13,14,15,16,17,18,19,20,21,22,23,24,25,26,27,28,29,30,31,32,33,34,35,36,37,38,39,40,41,42,43,44,45,46,47,48,49,50,51,52,53,54,55,56,57,58,59,60,61,62,63,64,65,66,67,68,69,70,71,72,73,74,75,76,77,78,79,80,81,82,83,84,85,86,87,88,89,90,91,92,93,94,95,96,97,98,99]
CFO=790.0627444646746,STO=7
EsN0dB=nan,GRXdB=17,N0=0.012589254416525364
packet_number=1591,correct=False,payload=[114,187,24,174,4,198,135,218,57,69,19,218,146,243,153,61,50,82,60,126,80,241,221,187,241,240,232,36,42,53,46,231,10,37,222,47,176,12,131,48,0,47,74,24,25,88,92,9,96,8,31,221,12,122,125,158,199,181,179,148,156,119,82,225,37,124,218,236,102,105,90,63,76,224,165,181,231,46,240,167,186,98,37,49,6,171,75,5,118,62,7,236,103,218,79,136,52,169,10,102]
CFO=-394.9650565501614,STO=2
EsN0dB=17.79,GRXdB=17,N0=0.012589254416525364
packet_number=1592,correct=True,payload=[0,1,2,3,4,5,6,7,8,9,10,11,12,13,14,15,16,17,18,19,20,21,22,23,24,25,26,27,28,29,30,31,32,33,34,35,36,37,38,39,40,41,42,43,44,45,46,47,48,49,50,51,52,53,54,55,56,57,58,59,60,61,62,63,64,65,66,67,68,69,70,71,72,73,74,75,76,77,78,79,80,81,82,83,84,85,86,87,88,89,90,91,92,93,94,95,96,97,98,99]
CFO=-461.8672337891287,STO=4
EsN0dB=17.82,GRXdB=17,N0=0.012589254416525364
packet_number=1593,correct=False,payload=[0,1,2,1,4,7,6,7,8,0,9,11,12,13,14,15,0,24,154,19,20,5,22,23,24,25,30,29,28,28,30,31,32,33,0,35,36,50,38,39,168,41,32,63,44,47,62,47,24,49,26,19,52,19,22,55,56,57,58,27,60,61,62,63,64,65,160,99,68,69,198,71,204,72,66,99,38,77,6,71,24,81,16,91,86,69,82,95,120,25,78,91,92,29,127,31,96,97,98,99]
CFO=-425.318280855074,STO=1
EsN0dB=17.75,GRXdB=17,N0=0.012589254416525364
packet_number=1594,correct=True,payload=[0,1,2,3,4,5,6,7,8,9,10,11,12,13,14,15,16,17,18,19,20,21,22,23,24,25,26,27,28,29,30,31,32,33,34,35,36,37,38,39,40,41,42,43,44,45,46,47,48,49,50,51,52,53,54,55,56,57,58,59,60,61,62,63,64,65,66,67,68,69,70,71,72,73,74,75,76,77,78,79,80,81,82,83,84,85,86,87,88,89,90,91,92,93,94,95,96,97,98,99]
CFO=-551.3277115876498,STO=5
EsN0dB=17.77,GRXdB=17,N0=0.012589254416525364
packet_number=1595,correct=True,payload=[0,1,2,3,4,5,6,7,8,9,10,11,12,13,14,15,16,17,18,19,20,21,22,23,24,25,26,27,28,29,30,31,32,33,34,35,36,37,38,39,40,41,42,43,44,45,46,47,48,49,50,51,52,53,54,55,56,57,58,59,60,61,62,63,64,65,66,67,68,69,70,71,72,73,74,75,76,77,78,79,80,81,82,83,84,85,86,87,88,89,90,91,92,93,94,95,96,97,98,99]
CFO=-473.1693292356486,STO=3
EsN0dB=17.83,GRXdB=17,N0=0.012589254416525364
packet_number=1596,correct=True,payload=[0,1,2,3,4,5,6,7,8,9,10,11,12,13,14,15,16,17,18,19,20,21,22,23,24,25,26,27,28,29,30,31,32,33,34,35,36,37,38,39,40,41,42,43,44,45,46,47,48,49,50,51,52,53,54,55,56,57,58,59,60,61,62,63,64,65,66,67,68,69,70,71,72,73,74,75,76,77,78,79,80,81,82,83,84,85,86,87,88,89,90,91,92,93,94,95,96,97,98,99]
CFO=-370.5940581729914,STO=3
EsN0dB=17.79,GRXdB=17,N0=0.012589254416525364
packet_number=1597,correct=True,payload=[0,1,2,3,4,5,6,7,8,9,10,11,12,13,14,15,16,17,18,19,20,21,22,23,24,25,26,27,28,29,30,31,32,33,34,35,36,37,38,39,40,41,42,43,44,45,46,47,48,49,50,51,52,53,54,55,56,57,58,59,60,61,62,63,64,65,66,67,68,69,70,71,72,73,74,75,76,77,78,79,80,81,82,83,84,85,86,87,88,89,90,91,92,93,94,95,96,97,98,99]
CFO=-491.50731994007504,STO=6
EsN0dB=17.81,GRXdB=17,N0=0.012589254416525364
packet_number=1598,correct=True,payload=[0,1,2,3,4,5,6,7,8,9,10,11,12,13,14,15,16,17,18,19,20,21,22,23,24,25,26,27,28,29,30,31,32,33,34,35,36,37,38,39,40,41,42,43,44,45,46,47,48,49,50,51,52,53,54,55,56,57,58,59,60,61,62,63,64,65,66,67,68,69,70,71,72,73,74,75,76,77,78,79,80,81,82,83,84,85,86,87,88,89,90,91,92,93,94,95,96,97,98,99]
CFO=-462.7794375692956,STO=4
EsN0dB=17.80,GRXdB=17,N0=0.012589254416525364
packet_number=1599,correct=True,payload=[0,1,2,3,4,5,6,7,8,9,10,11,12,13,14,15,16,17,18,19,20,21,22,23,24,25,26,27,28,29,30,31,32,33,34,35,36,37,38,39,40,41,42,43,44,45,46,47,48,49,50,51,52,53,54,55,56,57,58,59,60,61,62,63,64,65,66,67,68,69,70,71,72,73,74,75,76,77,78,79,80,81,82,83,84,85,86,87,88,89,90,91,92,93,94,95,96,97,98,99]
CFO=-462.1671217823745,STO=5
EsN0dB=17.81,GRXdB=17,N0=0.012589254416525364
packet_number=1600,correct=True,payload=[0,1,2,3,4,5,6,7,8,9,10,11,12,13,14,15,16,17,18,19,20,21,22,23,24,25,26,27,28,29,30,31,32,33,34,35,36,37,38,39,40,41,42,43,44,45,46,47,48,49,50,51,52,53,54,55,56,57,58,59,60,61,62,63,64,65,66,67,68,69,70,71,72,73,74,75,76,77,78,79,80,81,82,83,84,85,86,87,88,89,90,91,92,93,94,95,96,97,98,99]
CFO=-537.5065985007501,STO=0
EsN0dB=17.81,GRXdB=17,N0=0.012589254416525364
packet_number=1601,correct=True,payload=[0,1,2,3,4,5,6,7,8,9,10,11,12,13,14,15,16,17,18,19,20,21,22,23,24,25,26,27,28,29,30,31,32,33,34,35,36,37,38,39,40,41,42,43,44,45,46,47,48,49,50,51,52,53,54,55,56,57,58,59,60,61,62,63,64,65,66,67,68,69,70,71,72,73,74,75,76,77,78,79,80,81,82,83,84,85,86,87,88,89,90,91,92,93,94,95,96,97,98,99]
CFO=-405.0870470900847,STO=4
EsN0dB=17.80,GRXdB=17,N0=0.012589254416525364
packet_number=1602,correct=True,payload=[0,1,2,3,4,5,6,7,8,9,10,11,12,13,14,15,16,17,18,19,20,21,22,23,24,25,26,27,28,29,30,31,32,33,34,35,36,37,38,39,40,41,42,43,44,45,46,47,48,49,50,51,52,53,54,55,56,57,58,59,60,61,62,63,64,65,66,67,68,69,70,71,72,73,74,75,76,77,78,79,80,81,82,83,84,85,86,87,88,89,90,91,92,93,94,95,96,97,98,99]
CFO=-456.02911180910934,STO=5
EsN0dB=17.78,GRXdB=17,N0=0.012589254416525364
packet_number=1603,correct=True,payload=[0,1,2,3,4,5,6,7,8,9,10,11,12,13,14,15,16,17,18,19,20,21,22,23,24,25,26,27,28,29,30,31,32,33,34,35,36,37,38,39,40,41,42,43,44,45,46,47,48,49,50,51,52,53,54,55,56,57,58,59,60,61,62,63,64,65,66,67,68,69,70,71,72,73,74,75,76,77,78,79,80,81,82,83,84,85,86,87,88,89,90,91,92,93,94,95,96,97,98,99]
CFO=-515.6476215632475,STO=1
EsN0dB=17.77,GRXdB=17,N0=0.012589254416525364
packet_number=1604,correct=False,payload=[0,1,2,3,4,5,6,7,8,9,10,10,28,13,14,15,16,17,18,19,20,21,22,23,24,25,26,27,28,29,30,31,32,33,34,35,36,37,38,39,40,41,42,43,44,45,46,47,48,49,50,51,52,53,54,55,56,57,58,59,60,61,62,63,64,65,66,67,68,69,70,71,72,73,74,75,76,77,78,79,80,81,82,83,84,85,86,87,88,89,90,91,92,93,94,95,96,97,98,99]
CFO=-507.1125531433761,STO=5
EsN0dB=17.79,GRXdB=17,N0=0.012589254416525364
packet_number=1605,correct=True,payload=[0,1,2,3,4,5,6,7,8,9,10,11,12,13,14,15,16,17,18,19,20,21,22,23,24,25,26,27,28,29,30,31,32,33,34,35,36,37,38,39,40,41,42,43,44,45,46,47,48,49,50,51,52,53,54,55,56,57,58,59,60,61,62,63,64,65,66,67,68,69,70,71,72,73,74,75,76,77,78,79,80,81,82,83,84,85,86,87,88,89,90,91,92,93,94,95,96,97,98,99]
CFO=-484.7254223419284,STO=4
EsN0dB=17.80,GRXdB=17,N0=0.012589254416525364
packet_number=1606,correct=True,payload=[0,1,2,3,4,5,6,7,8,9,10,11,12,13,14,15,16,17,18,19,20,21,22,23,24,25,26,27,28,29,30,31,32,33,34,35,36,37,38,39,40,41,42,43,44,45,46,47,48,49,50,51,52,53,54,55,56,57,58,59,60,61,62,63,64,65,66,67,68,69,70,71,72,73,74,75,76,77,78,79,80,81,82,83,84,85,86,87,88,89,90,91,92,93,94,95,96,97,98,99]
CFO=-353.93441451656963,STO=4
EsN0dB=17.79,GRXdB=17,N0=0.012589254416525364
packet_number=1607,correct=True,payload=[0,1,2,3,4,5,6,7,8,9,10,11,12,13,14,15,16,17,18,19,20,21,22,23,24,25,26,27,28,29,30,31,32,33,34,35,36,37,38,39,40,41,42,43,44,45,46,47,48,49,50,51,52,53,54,55,56,57,58,59,60,61,62,63,64,65,66,67,68,69,70,71,72,73,74,75,76,77,78,79,80,81,82,83,84,85,86,87,88,89,90,91,92,93,94,95,96,97,98,99]
CFO=-433.42776682822364,STO=5
EsN0dB=17.74,GRXdB=17,N0=0.012589254416525364
packet_number=1608,correct=False,payload=[0,1,4,3,0,7,6,15,8,17,26,11,24,8,14,15,16,17,18,51,4,21,22,23,24,16,26,31,60,29,28,63,0,33,2,35,32,36,38,39,96,43,42,123,44,109,62,78,48,49,98,34,52,33,126,127,56,49,56,59,124,60,126,63,0,65,70,66,68,69,70,71,72,75,66,203,200,13,78,78,144,1,70,210,212,81,116,7,112,25,86,91,220,93,222,127,96,97,102,67]
CFO=-416.4653299765653,STO=1
EsN0dB=17.79,GRXdB=17,N0=0.012589254416525364
packet_number=1609,correct=False,payload=[0,1,2,3,4,5,6,7,8,9,10,11,12,13,14,15,16,17,18,19,20,21,22,23,24,25,26,27,28,29,30,31,32,33,34,35,36,37,38,39,40,41,42,43,44,47,46,47,48,49,50,51,52,53,54,55,56,57,58,59,60,61,62,63,64,65,66,67,68,69,70,71,72,73,74,75,76,77,78,79,80,81,82,83,84,85,86,87,88,89,90,91,92,93,94,95,96,97,98,99]
CFO=-282.7256903552199,STO=4
EsN0dB=17.82,GRXdB=17,N0=0.012589254416525364
packet_number=1610,correct=True,payload=[0,1,2,3,4,5,6,7,8,9,10,11,12,13,14,15,16,17,18,19,20,21,22,23,24,25,26,27,28,29,30,31,32,33,34,35,36,37,38,39,40,41,42,43,44,45,46,47,48,49,50,51,52,53,54,55,56,57,58,59,60,61,62,63,64,65,66,67,68,69,70,71,72,73,74,75,76,77,78,79,80,81,82,83,84,85,86,87,88,89,90,91,92,93,94,95,96,97,98,99]
CFO=-468.506865424485,STO=0
EsN0dB=17.75,GRXdB=17,N0=0.012589254416525364
packet_number=1611,correct=False,payload=[0,1,2,3,4,13,6,7,0,11,10,15,12,12,12,31,0,49,2,18,4,13,54,23,56,25,26,27,28,29,30,31,96,35,34,34,44,36,38,7,40,41,74,43,44,45,46,15,48,49,50,55,48,53,54,39,56,57,122,59,60,125,62,63,64,65,66,67,64,5,70,71,64,81,66,75,76,77,78,78,80,65,82,83,116,29,86,87,216,81,90,219,92,93,126,95,96,96,98,99]
CFO=-459.90192393224504,STO=5
EsN0dB=17.81,GRXdB=17,N0=0.012589254416525364
packet_number=1612,correct=True,payload=[0,1,2,3,4,5,6,7,8,9,10,11,12,13,14,15,16,17,18,19,20,21,22,23,24,25,26,27,28,29,30,31,32,33,34,35,36,37,38,39,40,41,42,43,44,45,46,47,48,49,50,51,52,53,54,55,56,57,58,59,60,61,62,63,64,65,66,67,68,69,70,71,72,73,74,75,76,77,78,79,80,81,82,83,84,85,86,87,88,89,90,91,92,93,94,95,96,97,98,99]
CFO=-337.687665281849,STO=3
EsN0dB=17.84,GRXdB=17,N0=0.012589254416525364
packet_number=1613,correct=True,payload=[0,1,2,3,4,5,6,7,8,9,10,11,12,13,14,15,16,17,18,19,20,21,22,23,24,25,26,27,28,29,30,31,32,33,34,35,36,37,38,39,40,41,42,43,44,45,46,47,48,49,50,51,52,53,54,55,56,57,58,59,60,61,62,63,64,65,66,67,68,69,70,71,72,73,74,75,76,77,78,79,80,81,82,83,84,85,86,87,88,89,90,91,92,93,94,95,96,97,98,99]
CFO=-456.6660032332784,STO=3
EsN0dB=17.81,GRXdB=17,N0=0.012589254416525364
packet_number=1614,correct=False,payload=[0,1,3,3,6,5,2,7,8,9,15,11,12,13,6,15,144,16,26,17,148,21,6,23,24,25,26,27,14,13,31,31,32,1,34,35,4,37,6,39,40,33,40,35,12,47,30,47,48,57,50,51,52,53,54,51,56,25,59,59,60,61,62,63,64,65,66,67,100,69,70,67,8,105,74,75,68,76,78,79,80,81,66,83,68,87,86,87,88,24,90,93,92,93,206,95,96,97,98,115]
CFO=-480.77476266340875,STO=5
EsN0dB=17.80,GRXdB=17,N0=0.012589254416525364
packet_number=1615,correct=False,payload=[0,1,4,7,0,5,6,7,8,9,26,11,24,13,14,15,0,49,18,51,20,21,22,23,24,25,26,27,28,31,30,63,32,33,102,2,36,37,102,39,40,41,42,43,44,45,46,15,48,49,50,51,112,53,54,39,56,57,62,59,60,61,62,127,64,65,194,67,68,133,70,199,72,75,10,75,200,77,30,79,16,83,112,83,20,213,94,87,88,17,90,115,92,61,222,94,96,97,98,103]
CFO=-323.80157053409573,STO=4
EsN0dB=17.82,GRXdB=17,N0=0.012589254416525364
packet_number=1616,correct=True,payload=[0,1,2,3,4,5,6,7,8,9,10,11,12,13,14,15,16,17,18,19,20,21,22,23,24,25,26,27,28,29,30,31,32,33,34,35,36,37,38,39,40,41,42,43,44,45,46,47,48,49,50,51,52,53,54,55,56,57,58,59,60,61,62,63,64,65,66,67,68,69,70,71,72,73,74,75,76,77,78,79,80,81,82,83,84,85,86,87,88,89,90,91,92,93,94,95,96,97,98,99]
CFO=-638.766524539651,STO=4
EsN0dB=17.81,GRXdB=17,N0=0.012589254416525364
packet_number=1617,correct=True,payload=[0,1,2,3,4,5,6,7,8,9,10,11,12,13,14,15,16,17,18,19,20,21,22,23,24,25,26,27,28,29,30,31,32,33,34,35,36,37,38,39,40,41,42,43,44,45,46,47,48,49,50,51,52,53,54,55,56,57,58,59,60,61,62,63,64,65,66,67,68,69,70,71,72,73,74,75,76,77,78,79,80,81,82,83,84,85,86,87,88,89,90,91,92,93,94,95,96,97,98,99]
CFO=-399.21109819434946,STO=1
EsN0dB=17.81,GRXdB=17,N0=0.012589254416525364
packet_number=1618,correct=True,payload=[0,1,2,3,4,5,6,7,8,9,10,11,12,13,14,15,16,17,18,19,20,21,22,23,24,25,26,27,28,29,30,31,32,33,34,35,36,37,38,39,40,41,42,43,44,45,46,47,48,49,50,51,52,53,54,55,56,57,58,59,60,61,62,63,64,65,66,67,68,69,70,71,72,73,74,75,76,77,78,79,80,81,82,83,84,85,86,87,88,89,90,91,92,93,94,95,96,97,98,99]
CFO=-435.9620219565955,STO=3
EsN0dB=17.77,GRXdB=17,N0=0.012589254416525364
packet_number=1619,correct=True,payload=[0,1,2,3,4,5,6,7,8,9,10,11,12,13,14,15,16,17,18,19,20,21,22,23,24,25,26,27,28,29,30,31,32,33,34,35,36,37,38,39,40,41,42,43,44,45,46,47,48,49,50,51,52,53,54,55,56,57,58,59,60,61,62,63,64,65,66,67,68,69,70,71,72,73,74,75,76,77,78,79,80,81,82,83,84,85,86,87,88,89,90,91,92,93,94,95,96,97,98,99]
CFO=-370.931535922607,STO=2
EsN0dB=17.77,GRXdB=17,N0=0.012589254416525364
packet_number=1620,correct=False,payload=[0,3,2,3,8,5,6,6,24,10,0,7,12,29,14,31,0,17,22,23,0,17,22,31,24,59,26,27,28,60,30,31,96,66,34,39,12,37,38,6,32,41,106,123,108,111,108,111,96,112,50,115,100,49,54,39,56,59,114,127,124,61,60,63,192,67,66,195,4,11,70,78,136,192,152,3,220,79,78,79,240,18,86,114,112,35,54,214,88,24,50,154,220,253,220,127,224,65,230,71]
CFO=-454.45375120718376,STO=4
EsN0dB=17.81,GRXdB=17,N0=0.012589254416525364
packet_number=1621,correct=True,payload=[0,1,2,3,4,5,6,7,8,9,10,11,12,13,14,15,16,17,18,19,20,21,22,23,24,25,26,27,28,29,30,31,32,33,34,35,36,37,38,39,40,41,42,43,44,45,46,47,48,49,50,51,52,53,54,55,56,57,58,59,60,61,62,63,64,65,66,67,68,69,70,71,72,73,74,75,76,77,78,79,80,81,82,83,84,85,86,87,88,89,90,91,92,93,94,95,96,97,98,99]
CFO=-509.0172391423922,STO=5
EsN0dB=17.82,GRXdB=17,N0=0.012589254416525364
packet_number=1622,correct=True,payload=[0,1,2,3,4,5,6,7,8,9,10,11,12,13,14,15,16,17,18,19,20,21,22,23,24,25,26,27,28,29,30,31,32,33,34,35,36,37,38,39,40,41,42,43,44,45,46,47,48,49,50,51,52,53,54,55,56,57,58,59,60,61,62,63,64,65,66,67,68,69,70,71,72,73,74,75,76,77,78,79,80,81,82,83,84,85,86,87,88,89,90,91,92,93,94,95,96,97,98,99]
CFO=-415.5943326327973,STO=1
EsN0dB=17.77,GRXdB=17,N0=0.012589254416525364
packet_number=1623,correct=False,payload=[0,1,2,3,4,5,6,7,8,9,10,11,12,13,14,15,16,17,18,19,20,21,22,23,24,25,30,15,28,29,30,31,32,33,34,35,36,37,54,39,40,41,42,35,44,45,46,47,48,49,50,51,52,53,54,55,56,61,58,59,60,61,62,63,64,65,66,67,68,68,71,71,72,73,74,75,76,77,78,79,112,81,82,67,84,69,82,87,88,121,90,123,92,93,94,95,96,113,97,115]
CFO=-416.52684318198095,STO=5
EsN0dB=17.79,GRXdB=17,N0=0.012589254416525364
packet_number=1624,correct=True,payload=[0,1,2,3,4,5,6,7,8,9,10,11,12,13,14,15,16,17,18,19,20,21,22,23,24,25,26,27,28,29,30,31,32,33,34,35,36,37,38,39,40,41,42,43,44,45,46,47,48,49,50,51,52,53,54,55,56,57,58,59,60,61,62,63,64,65,66,67,68,69,70,71,72,73,74,75,76,77,78,79,80,81,82,83,84,85,86,87,88,89,90,91,92,93,94,95,96,97,98,99]
CFO=-383.1426038532021,STO=6
EsN0dB=17.79,GRXdB=17,N0=0.012589254416525364
packet_number=1625,correct=True,payload=[0,1,2,3,4,5,6,7,8,9,10,11,12,13,14,15,16,17,18,19,20,21,22,23,24,25,26,27,28,29,30,31,32,33,34,35,36,37,38,39,40,41,42,43,44,45,46,47,48,49,50,51,52,53,54,55,56,57,58,59,60,61,62,63,64,65,66,67,68,69,70,71,72,73,74,75,76,77,78,79,80,81,82,83,84,85,86,87,88,89,90,91,92,93,94,95,96,97,98,99]
CFO=-443.2967972805266,STO=4
EsN0dB=17.81,GRXdB=17,N0=0.012589254416525364
packet_number=1626,correct=True,payload=[0,1,2,3,4,5,6,7,8,9,10,11,12,13,14,15,16,17,18,19,20,21,22,23,24,25,26,27,28,29,30,31,32,33,34,35,36,37,38,39,40,41,42,43,44,45,46,47,48,49,50,51,52,53,54,55,56,57,58,59,60,61,62,63,64,65,66,67,68,69,70,71,72,73,74,75,76,77,78,79,80,81,82,83,84,85,86,87,88,89,90,91,92,93,94,95,96,97,98,99]
CFO=-362.5341681481119,STO=3
EsN0dB=17.86,GRXdB=17,N0=0.012589254416525364
packet_number=1627,correct=True,payload=[0,1,2,3,4,5,6,7,8,9,10,11,12,13,14,15,16,17,18,19,20,21,22,23,24,25,26,27,28,29,30,31,32,33,34,35,36,37,38,39,40,41,42,43,44,45,46,47,48,49,50,51,52,53,54,55,56,57,58,59,60,61,62,63,64,65,66,67,68,69,70,71,72,73,74,75,76,77,78,79,80,81,82,83,84,85,86,87,88,89,90,91,92,93,94,95,96,97,98,99]
CFO=-494.56581580318,STO=7
EsN0dB=17.78,GRXdB=17,N0=0.012589254416525364
packet_number=1628,correct=True,payload=[0,1,2,3,4,5,6,7,8,9,10,11,12,13,14,15,16,17,18,19,20,21,22,23,24,25,26,27,28,29,30,31,32,33,34,35,36,37,38,39,40,41,42,43,44,45,46,47,48,49,50,51,52,53,54,55,56,57,58,59,60,61,62,63,64,65,66,67,68,69,70,71,72,73,74,75,76,77,78,79,80,81,82,83,84,85,86,87,88,89,90,91,92,93,94,95,96,97,98,99]
CFO=-417.8214071180282,STO=5
EsN0dB=17.78,GRXdB=17,N0=0.012589254416525364
packet_number=1629,correct=True,payload=[0,1,2,3,4,5,6,7,8,9,10,11,12,13,14,15,16,17,18,19,20,21,22,23,24,25,26,27,28,29,30,31,32,33,34,35,36,37,38,39,40,41,42,43,44,45,46,47,48,49,50,51,52,53,54,55,56,57,58,59,60,61,62,63,64,65,66,67,68,69,70,71,72,73,74,75,76,77,78,79,80,81,82,83,84,85,86,87,88,89,90,91,92,93,94,95,96,97,98,99]
CFO=-425.1258260456482,STO=2
EsN0dB=17.75,GRXdB=17,N0=0.012589254416525364
packet_number=1630,correct=True,payload=[0,1,2,3,4,5,6,7,8,9,10,11,12,13,14,15,16,17,18,19,20,21,22,23,24,25,26,27,28,29,30,31,32,33,34,35,36,37,38,39,40,41,42,43,44,45,46,47,48,49,50,51,52,53,54,55,56,57,58,59,60,61,62,63,64,65,66,67,68,69,70,71,72,73,74,75,76,77,78,79,80,81,82,83,84,85,86,87,88,89,90,91,92,93,94,95,96,97,98,99]
CFO=-316.79033984819205,STO=2
EsN0dB=17.78,GRXdB=17,N0=0.012589254416525364
packet_number=1631,correct=True,payload=[0,1,2,3,4,5,6,7,8,9,10,11,12,13,14,15,16,17,18,19,20,21,22,23,24,25,26,27,28,29,30,31,32,33,34,35,36,37,38,39,40,41,42,43,44,45,46,47,48,49,50,51,52,53,54,55,56,57,58,59,60,61,62,63,64,65,66,67,68,69,70,71,72,73,74,75,76,77,78,79,80,81,82,83,84,85,86,87,88,89,90,91,92,93,94,95,96,97,98,99]
CFO=-432.0572526115619,STO=5
EsN0dB=17.85,GRXdB=17,N0=0.012589254416525364
packet_number=1632,correct=True,payload=[0,1,2,3,4,5,6,7,8,9,10,11,12,13,14,15,16,17,18,19,20,21,22,23,24,25,26,27,28,29,30,31,32,33,34,35,36,37,38,39,40,41,42,43,44,45,46,47,48,49,50,51,52,53,54,55,56,57,58,59,60,61,62,63,64,65,66,67,68,69,70,71,72,73,74,75,76,77,78,79,80,81,82,83,84,85,86,87,88,89,90,91,92,93,94,95,96,97,98,99]
CFO=-421.9834054189134,STO=4
EsN0dB=17.85,GRXdB=17,N0=0.012589254416525364
packet_number=1633,correct=True,payload=[0,1,2,3,4,5,6,7,8,9,10,11,12,13,14,15,16,17,18,19,20,21,22,23,24,25,26,27,28,29,30,31,32,33,34,35,36,37,38,39,40,41,42,43,44,45,46,47,48,49,50,51,52,53,54,55,56,57,58,59,60,61,62,63,64,65,66,67,68,69,70,71,72,73,74,75,76,77,78,79,80,81,82,83,84,85,86,87,88,89,90,91,92,93,94,95,96,97,98,99]
CFO=-417.5828841056067,STO=4
EsN0dB=17.79,GRXdB=17,N0=0.012589254416525364
packet_number=1634,correct=True,payload=[0,1,2,3,4,5,6,7,8,9,10,11,12,13,14,15,16,17,18,19,20,21,22,23,24,25,26,27,28,29,30,31,32,33,34,35,36,37,38,39,40,41,42,43,44,45,46,47,48,49,50,51,52,53,54,55,56,57,58,59,60,61,62,63,64,65,66,67,68,69,70,71,72,73,74,75,76,77,78,79,80,81,82,83,84,85,86,87,88,89,90,91,92,93,94,95,96,97,98,99]
CFO=-492.2613680812575,STO=5
EsN0dB=17.78,GRXdB=17,N0=0.012589254416525364
packet_number=1635,correct=True,payload=[0,1,2,3,4,5,6,7,8,9,10,11,12,13,14,15,16,17,18,19,20,21,22,23,24,25,26,27,28,29,30,31,32,33,34,35,36,37,38,39,40,41,42,43,44,45,46,47,48,49,50,51,52,53,54,55,56,57,58,59,60,61,62,63,64,65,66,67,68,69,70,71,72,73,74,75,76,77,78,79,80,81,82,83,84,85,86,87,88,89,90,91,92,93,94,95,96,97,98,99]
CFO=-412.51790159413736,STO=1
EsN0dB=17.78,GRXdB=17,N0=0.012589254416525364
packet_number=1636,correct=True,payload=[0,1,2,3,4,5,6,7,8,9,10,11,12,13,14,15,16,17,18,19,20,21,22,23,24,25,26,27,28,29,30,31,32,33,34,35,36,37,38,39,40,41,42,43,44,45,46,47,48,49,50,51,52,53,54,55,56,57,58,59,60,61,62,63,64,65,66,67,68,69,70,71,72,73,74,75,76,77,78,79,80,81,82,83,84,85,86,87,88,89,90,91,92,93,94,95,96,97,98,99]
CFO=-376.61879491353693,STO=1
EsN0dB=17.74,GRXdB=17,N0=0.012589254416525364
packet_number=1637,correct=True,payload=[0,1,2,3,4,5,6,7,8,9,10,11,12,13,14,15,16,17,18,19,20,21,22,23,24,25,26,27,28,29,30,31,32,33,34,35,36,37,38,39,40,41,42,43,44,45,46,47,48,49,50,51,52,53,54,55,56,57,58,59,60,61,62,63,64,65,66,67,68,69,70,71,72,73,74,75,76,77,78,79,80,81,82,83,84,85,86,87,88,89,90,91,92,93,94,95,96,97,98,99]
CFO=-479.38649114070176,STO=3
EsN0dB=17.78,GRXdB=17,N0=0.012589254416525364
packet_number=1638,correct=True,payload=[0,1,2,3,4,5,6,7,8,9,10,11,12,13,14,15,16,17,18,19,20,21,22,23,24,25,26,27,28,29,30,31,32,33,34,35,36,37,38,39,40,41,42,43,44,45,46,47,48,49,50,51,52,53,54,55,56,57,58,59,60,61,62,63,64,65,66,67,68,69,70,71,72,73,74,75,76,77,78,79,80,81,82,83,84,85,86,87,88,89,90,91,92,93,94,95,96,97,98,99]
CFO=-536.2503061541928,STO=6
EsN0dB=17.78,GRXdB=17,N0=0.012589254416525364
packet_number=1639,correct=True,payload=[0,1,2,3,4,5,6,7,8,9,10,11,12,13,14,15,16,17,18,19,20,21,22,23,24,25,26,27,28,29,30,31,32,33,34,35,36,37,38,39,40,41,42,43,44,45,46,47,48,49,50,51,52,53,54,55,56,57,58,59,60,61,62,63,64,65,66,67,68,69,70,71,72,73,74,75,76,77,78,79,80,81,82,83,84,85,86,87,88,89,90,91,92,93,94,95,96,97,98,99]
CFO=-521.671053927389,STO=6
EsN0dB=17.82,GRXdB=17,N0=0.012589254416525364
packet_number=1640,correct=True,payload=[0,1,2,3,4,5,6,7,8,9,10,11,12,13,14,15,16,17,18,19,20,21,22,23,24,25,26,27,28,29,30,31,32,33,34,35,36,37,38,39,40,41,42,43,44,45,46,47,48,49,50,51,52,53,54,55,56,57,58,59,60,61,62,63,64,65,66,67,68,69,70,71,72,73,74,75,76,77,78,79,80,81,82,83,84,85,86,87,88,89,90,91,92,93,94,95,96,97,98,99]
CFO=-314.12045921872294,STO=6
EsN0dB=17.84,GRXdB=17,N0=0.012589254416525364
packet_number=1641,correct=True,payload=[0,1,2,3,4,5,6,7,8,9,10,11,12,13,14,15,16,17,18,19,20,21,22,23,24,25,26,27,28,29,30,31,32,33,34,35,36,37,38,39,40,41,42,43,44,45,46,47,48,49,50,51,52,53,54,55,56,57,58,59,60,61,62,63,64,65,66,67,68,69,70,71,72,73,74,75,76,77,78,79,80,81,82,83,84,85,86,87,88,89,90,91,92,93,94,95,96,97,98,99]
CFO=-555.2783712661694,STO=1
EsN0dB=17.84,GRXdB=17,N0=0.012589254416525364
packet_number=1642,correct=False,payload=[0,1,2,3,4,5,6,7,8,9,10,11,12,29,14,15,16,17,16,19,20,21,22,55,24,25,26,27,28,60,30,31,32,33,98,39,36,37,46,39,40,41,46,43,44,45,62,47,48,49,50,51,52,113,54,55,56,57,58,59,60,63,60,63,64,193,66,67,196,69,70,135,72,65,78,67,88,77,78,95,112,16,82,83,84,85,86,87,88,88,90,91,28,95,94,95,224,225,98,99]
CFO=-501.10589980297686,STO=7
EsN0dB=17.77,GRXdB=17,N0=0.012589254416525364
packet_number=1643,correct=True,payload=[0,1,2,3,4,5,6,7,8,9,10,11,12,13,14,15,16,17,18,19,20,21,22,23,24,25,26,27,28,29,30,31,32,33,34,35,36,37,38,39,40,41,42,43,44,45,46,47,48,49,50,51,52,53,54,55,56,57,58,59,60,61,62,63,64,65,66,67,68,69,70,71,72,73,74,75,76,77,78,79,80,81,82,83,84,85,86,87,88,89,90,91,92,93,94,95,96,97,98,99]
CFO=-468.18877545141976,STO=1
EsN0dB=17.79,GRXdB=17,N0=0.012589254416525364
packet_number=1644,correct=False,payload=[0,1,0,3,4,1,134,7,8,9,10,11,12,13,14,15,16,17,18,17,20,21,23,7,24,25,26,27,28,29,30,31,32,33,34,35,32,37,166,39,40,41,42,43,60,45,46,47,48,49,50,51,52,53,182,55,56,57,58,57,60,61,62,63,64,65,195,67,100,6,70,71,72,72,78,75,76,101,14,79,80,81,210,83,86,85,86,83,216,121,90,91,92,92,94,95,96,97,98,99]
CFO=-573.292995202078,STO=5
EsN0dB=17.82,GRXdB=17,N0=0.012589254416525364
packet_number=1645,correct=True,payload=[0,1,2,3,4,5,6,7,8,9,10,11,12,13,14,15,16,17,18,19,20,21,22,23,24,25,26,27,28,29,30,31,32,33,34,35,36,37,38,39,40,41,42,43,44,45,46,47,48,49,50,51,52,53,54,55,56,57,58,59,60,61,62,63,64,65,66,67,68,69,70,71,72,73,74,75,76,77,78,79,80,81,82,83,84,85,86,87,88,89,90,91,92,93,94,95,96,97,98,99]
CFO=-551.4977548388615,STO=1
EsN0dB=17.81,GRXdB=17,N0=0.012589254416525364
packet_number=1646,correct=False,payload=[0,1,2,2,12,5,14,7,0,9,10,11,12,15,14,15,16,3,18,19,20,21,22,23,24,24,18,27,28,29,30,31,32,33,34,35,4,45,38,7,8,105,42,35,44,45,46,47,48,49,34,51,52,55,54,55,56,59,58,59,60,61,62,63,64,65,64,66,68,69,70,71,72,73,74,75,156,73,78,79,80,81,114,83,84,93,86,87,88,88,82,90,92,93,94,95,96,225,98,99]
CFO=-527.6875493806548,STO=2
EsN0dB=17.75,GRXdB=17,N0=0.012589254416525364
packet_number=1647,correct=True,payload=[0,1,2,3,4,5,6,7,8,9,10,11,12,13,14,15,16,17,18,19,20,21,22,23,24,25,26,27,28,29,30,31,32,33,34,35,36,37,38,39,40,41,42,43,44,45,46,47,48,49,50,51,52,53,54,55,56,57,58,59,60,61,62,63,64,65,66,67,68,69,70,71,72,73,74,75,76,77,78,79,80,81,82,83,84,85,86,87,88,89,90,91,92,93,94,95,96,97,98,99]
CFO=-478.28897697641264,STO=1
EsN0dB=17.77,GRXdB=17,N0=0.012589254416525364
packet_number=1648,correct=True,payload=[0,1,2,3,4,5,6,7,8,9,10,11,12,13,14,15,16,17,18,19,20,21,22,23,24,25,26,27,28,29,30,31,32,33,34,35,36,37,38,39,40,41,42,43,44,45,46,47,48,49,50,51,52,53,54,55,56,57,58,59,60,61,62,63,64,65,66,67,68,69,70,71,72,73,74,75,76,77,78,79,80,81,82,83,84,85,86,87,88,89,90,91,92,93,94,95,96,97,98,99]
CFO=-434.51134788092463,STO=5
EsN0dB=17.82,GRXdB=17,N0=0.012589254416525364
packet_number=1649,correct=True,payload=[0,1,2,3,4,5,6,7,8,9,10,11,12,13,14,15,16,17,18,19,20,21,22,23,24,25,26,27,28,29,30,31,32,33,34,35,36,37,38,39,40,41,42,43,44,45,46,47,48,49,50,51,52,53,54,55,56,57,58,59,60,61,62,63,64,65,66,67,68,69,70,71,72,73,74,75,76,77,78,79,80,81,82,83,84,85,86,87,88,89,90,91,92,93,94,95,96,97,98,99]
CFO=-511.9768099132214,STO=2
EsN0dB=17.78,GRXdB=17,N0=0.012589254416525364
packet_number=1650,correct=True,payload=[0,1,2,3,4,5,6,7,8,9,10,11,12,13,14,15,16,17,18,19,20,21,22,23,24,25,26,27,28,29,30,31,32,33,34,35,36,37,38,39,40,41,42,43,44,45,46,47,48,49,50,51,52,53,54,55,56,57,58,59,60,61,62,63,64,65,66,67,68,69,70,71,72,73,74,75,76,77,78,79,80,81,82,83,84,85,86,87,88,89,90,91,92,93,94,95,96,97,98,99]
CFO=-375.7459002949995,STO=3
EsN0dB=17.79,GRXdB=17,N0=0.012589254416525364
packet_number=1651,correct=True,payload=[0,1,2,3,4,5,6,7,8,9,10,11,12,13,14,15,16,17,18,19,20,21,22,23,24,25,26,27,28,29,30,31,32,33,34,35,36,37,38,39,40,41,42,43,44,45,46,47,48,49,50,51,52,53,54,55,56,57,58,59,60,61,62,63,64,65,66,67,68,69,70,71,72,73,74,75,76,77,78,79,80,81,82,83,84,85,86,87,88,89,90,91,92,93,94,95,96,97,98,99]
CFO=-409.3924378606545,STO=7
EsN0dB=17.78,GRXdB=17,N0=0.012589254416525364
packet_number=1652,correct=True,payload=[0,1,2,3,4,5,6,7,8,9,10,11,12,13,14,15,16,17,18,19,20,21,22,23,24,25,26,27,28,29,30,31,32,33,34,35,36,37,38,39,40,41,42,43,44,45,46,47,48,49,50,51,52,53,54,55,56,57,58,59,60,61,62,63,64,65,66,67,68,69,70,71,72,73,74,75,76,77,78,79,80,81,82,83,84,85,86,87,88,89,90,91,92,93,94,95,96,97,98,99]
CFO=-469.37910785482046,STO=7
EsN0dB=17.77,GRXdB=17,N0=0.012589254416525364
packet_number=1653,correct=True,payload=[0,1,2,3,4,5,6,7,8,9,10,11,12,13,14,15,16,17,18,19,20,21,22,23,24,25,26,27,28,29,30,31,32,33,34,35,36,37,38,39,40,41,42,43,44,45,46,47,48,49,50,51,52,53,54,55,56,57,58,59,60,61,62,63,64,65,66,67,68,69,70,71,72,73,74,75,76,77,78,79,80,81,82,83,84,85,86,87,88,89,90,91,92,93,94,95,96,97,98,99]
CFO=-441.5202069733665,STO=4
EsN0dB=17.79,GRXdB=17,N0=0.012589254416525364
packet_number=1654,correct=True,payload=[0,1,2,3,4,5,6,7,8,9,10,11,12,13,14,15,16,17,18,19,20,21,22,23,24,25,26,27,28,29,30,31,32,33,34,35,36,37,38,39,40,41,42,43,44,45,46,47,48,49,50,51,52,53,54,55,56,57,58,59,60,61,62,63,64,65,66,67,68,69,70,71,72,73,74,75,76,77,78,79,80,81,82,83,84,85,86,87,88,89,90,91,92,93,94,95,96,97,98,99]
CFO=-581.5578798368127,STO=2
EsN0dB=17.83,GRXdB=17,N0=0.012589254416525364
packet_number=1655,correct=True,payload=[0,1,2,3,4,5,6,7,8,9,10,11,12,13,14,15,16,17,18,19,20,21,22,23,24,25,26,27,28,29,30,31,32,33,34,35,36,37,38,39,40,41,42,43,44,45,46,47,48,49,50,51,52,53,54,55,56,57,58,59,60,61,62,63,64,65,66,67,68,69,70,71,72,73,74,75,76,77,78,79,80,81,82,83,84,85,86,87,88,89,90,91,92,93,94,95,96,97,98,99]
CFO=-524.0733595245295,STO=5
EsN0dB=17.77,GRXdB=17,N0=0.012589254416525364
packet_number=1656,correct=True,payload=[0,1,2,3,4,5,6,7,8,9,10,11,12,13,14,15,16,17,18,19,20,21,22,23,24,25,26,27,28,29,30,31,32,33,34,35,36,37,38,39,40,41,42,43,44,45,46,47,48,49,50,51,52,53,54,55,56,57,58,59,60,61,62,63,64,65,66,67,68,69,70,71,72,73,74,75,76,77,78,79,80,81,82,83,84,85,86,87,88,89,90,91,92,93,94,95,96,97,98,99]
CFO=-389.17813134399887,STO=4
EsN0dB=17.82,GRXdB=17,N0=0.012589254416525364
packet_number=1657,correct=True,payload=[0,1,2,3,4,5,6,7,8,9,10,11,12,13,14,15,16,17,18,19,20,21,22,23,24,25,26,27,28,29,30,31,32,33,34,35,36,37,38,39,40,41,42,43,44,45,46,47,48,49,50,51,52,53,54,55,56,57,58,59,60,61,62,63,64,65,66,67,68,69,70,71,72,73,74,75,76,77,78,79,80,81,82,83,84,85,86,87,88,89,90,91,92,93,94,95,96,97,98,99]
CFO=-449.76777897582997,STO=6
EsN0dB=17.76,GRXdB=17,N0=0.012589254416525364
packet_number=1658,correct=True,payload=[0,1,2,3,4,5,6,7,8,9,10,11,12,13,14,15,16,17,18,19,20,21,22,23,24,25,26,27,28,29,30,31,32,33,34,35,36,37,38,39,40,41,42,43,44,45,46,47,48,49,50,51,52,53,54,55,56,57,58,59,60,61,62,63,64,65,66,67,68,69,70,71,72,73,74,75,76,77,78,79,80,81,82,83,84,85,86,87,88,89,90,91,92,93,94,95,96,97,98,99]
CFO=-526.6028418210594,STO=5
EsN0dB=17.79,GRXdB=17,N0=0.012589254416525364
packet_number=1659,correct=False,payload=[0,1,2,3,132,5,2,7,136,1,8,7,12,13,14,15,144,17,18,27,4,20,22,23,152,29,155,27,156,29,158,31,32,1,34,35,20,37,38,39,40,41,38,41,46,45,14,47,48,49,178,17,180,31,54,55,56,57,62,27,28,61,62,63,64,65,64,67,68,5,66,71,68,73,104,11,76,13,78,79,80,113,66,19,20,21,94,7,88,89,126,91,220,95,94,95,96,97,34,35]
CFO=-282.254751183541,STO=3
EsN0dB=17.81,GRXdB=17,N0=0.012589254416525364
packet_number=1660,correct=True,payload=[0,1,2,3,4,5,6,7,8,9,10,11,12,13,14,15,16,17,18,19,20,21,22,23,24,25,26,27,28,29,30,31,32,33,34,35,36,37,38,39,40,41,42,43,44,45,46,47,48,49,50,51,52,53,54,55,56,57,58,59,60,61,62,63,64,65,66,67,68,69,70,71,72,73,74,75,76,77,78,79,80,81,82,83,84,85,86,87,88,89,90,91,92,93,94,95,96,97,98,99]
CFO=-444.8994904970995,STO=1
EsN0dB=17.83,GRXdB=17,N0=0.012589254416525364
packet_number=1661,correct=True,payload=[0,1,2,3,4,5,6,7,8,9,10,11,12,13,14,15,16,17,18,19,20,21,22,23,24,25,26,27,28,29,30,31,32,33,34,35,36,37,38,39,40,41,42,43,44,45,46,47,48,49,50,51,52,53,54,55,56,57,58,59,60,61,62,63,64,65,66,67,68,69,70,71,72,73,74,75,76,77,78,79,80,81,82,83,84,85,86,87,88,89,90,91,92,93,94,95,96,97,98,99]
CFO=-484.939814390876,STO=6
EsN0dB=17.75,GRXdB=17,N0=0.012589254416525364
packet_number=1662,correct=True,payload=[0,1,2,3,4,5,6,7,8,9,10,11,12,13,14,15,16,17,18,19,20,21,22,23,24,25,26,27,28,29,30,31,32,33,34,35,36,37,38,39,40,41,42,43,44,45,46,47,48,49,50,51,52,53,54,55,56,57,58,59,60,61,62,63,64,65,66,67,68,69,70,71,72,73,74,75,76,77,78,79,80,81,82,83,84,85,86,87,88,89,90,91,92,93,94,95,96,97,98,99]
CFO=-476.7010172842212,STO=4
EsN0dB=17.83,GRXdB=17,N0=0.012589254416525364
packet_number=1663,correct=True,payload=[0,1,2,3,4,5,6,7,8,9,10,11,12,13,14,15,16,17,18,19,20,21,22,23,24,25,26,27,28,29,30,31,32,33,34,35,36,37,38,39,40,41,42,43,44,45,46,47,48,49,50,51,52,53,54,55,56,57,58,59,60,61,62,63,64,65,66,67,68,69,70,71,72,73,74,75,76,77,78,79,80,81,82,83,84,85,86,87,88,89,90,91,92,93,94,95,96,97,98,99]
CFO=-419.4535970282824,STO=3
EsN0dB=17.81,GRXdB=17,N0=0.012589254416525364
packet_number=1664,correct=True,payload=[0,1,2,3,4,5,6,7,8,9,10,11,12,13,14,15,16,17,18,19,20,21,22,23,24,25,26,27,28,29,30,31,32,33,34,35,36,37,38,39,40,41,42,43,44,45,46,47,48,49,50,51,52,53,54,55,56,57,58,59,60,61,62,63,64,65,66,67,68,69,70,71,72,73,74,75,76,77,78,79,80,81,82,83,84,85,86,87,88,89,90,91,92,93,94,95,96,97,98,99]
CFO=-479.03531743884423,STO=5
EsN0dB=17.83,GRXdB=17,N0=0.012589254416525364
packet_number=1665,correct=True,payload=[0,1,2,3,4,5,6,7,8,9,10,11,12,13,14,15,16,17,18,19,20,21,22,23,24,25,26,27,28,29,30,31,32,33,34,35,36,37,38,39,40,41,42,43,44,45,46,47,48,49,50,51,52,53,54,55,56,57,58,59,60,61,62,63,64,65,66,67,68,69,70,71,72,73,74,75,76,77,78,79,80,81,82,83,84,85,86,87,88,89,90,91,92,93,94,95,96,97,98,99]
CFO=-425.8233413276847,STO=4
EsN0dB=17.77,GRXdB=17,N0=0.012589254416525364
packet_number=1666,correct=True,payload=[0,1,2,3,4,5,6,7,8,9,10,11,12,13,14,15,16,17,18,19,20,21,22,23,24,25,26,27,28,29,30,31,32,33,34,35,36,37,38,39,40,41,42,43,44,45,46,47,48,49,50,51,52,53,54,55,56,57,58,59,60,61,62,63,64,65,66,67,68,69,70,71,72,73,74,75,76,77,78,79,80,81,82,83,84,85,86,87,88,89,90,91,92,93,94,95,96,97,98,99]
CFO=-410.4618782873395,STO=2
EsN0dB=17.80,GRXdB=17,N0=0.012589254416525364
packet_number=1667,correct=True,payload=[0,1,2,3,4,5,6,7,8,9,10,11,12,13,14,15,16,17,18,19,20,21,22,23,24,25,26,27,28,29,30,31,32,33,34,35,36,37,38,39,40,41,42,43,44,45,46,47,48,49,50,51,52,53,54,55,56,57,58,59,60,61,62,63,64,65,66,67,68,69,70,71,72,73,74,75,76,77,78,79,80,81,82,83,84,85,86,87,88,89,90,91,92,93,94,95,96,97,98,99]
CFO=-395.15288675233677,STO=6
EsN0dB=17.82,GRXdB=17,N0=0.012589254416525364
packet_number=1668,correct=True,payload=[0,1,2,3,4,5,6,7,8,9,10,11,12,13,14,15,16,17,18,19,20,21,22,23,24,25,26,27,28,29,30,31,32,33,34,35,36,37,38,39,40,41,42,43,44,45,46,47,48,49,50,51,52,53,54,55,56,57,58,59,60,61,62,63,64,65,66,67,68,69,70,71,72,73,74,75,76,77,78,79,80,81,82,83,84,85,86,87,88,89,90,91,92,93,94,95,96,97,98,99]
CFO=-405.16948960780087,STO=2
EsN0dB=17.82,GRXdB=17,N0=0.012589254416525364
packet_number=1669,correct=False,payload=[0,1,2,3,4,1,6,7,8,9,10,11,12,13,14,15,16,17,18,19,20,21,22,23,24,25,26,27,28,29,30,31,32,33,34,35,36,37,166,39,40,41,42,43,44,45,46,47,48,49,50,51,52,53,54,55,56,57,58,59,60,61,62,63,64,65,66,67,68,69,70,71,72,73,74,75,76,77,78,79,80,81,82,83,84,85,86,87,88,89,90,91,92,93,94,95,96,97,98,99]
CFO=-451.63671320340933,STO=0
EsN0dB=17.77,GRXdB=17,N0=0.012589254416525364
packet_number=1670,correct=False,payload=[0,1,2,3,4,5,6,7,8,9,10,11,12,13,14,15,16,17,18,19,20,21,22,23,24,25,26,27,28,29,30,31,32,33,34,35,36,37,38,39,40,33,42,43,44,45,46,47,48,49,34,51,52,53,54,55,56,57,58,59,60,61,62,63,64,65,66,67,68,69,70,71,72,75,74,75,92,77,78,79,80,81,82,83,84,85,86,71,88,89,90,91,92,93,94,95,96,97,98,99]
CFO=-1974.6725521318665,STO=4
EsN0dB=nan,GRXdB=17,N0=0.012589254416525364
packet_number=1671,correct=False,payload=[170,96,129,19,79,131,222,114,28,76,240,52,138,152,8,2,178,225,42,168,169,245,158,117,88,184,66,183,67,230,102,3,183,164,244,14,20,205,30,153,77,87,209,12,189,168,94,39,138,73,67,219,242,172,71,84,4,228,255,254,247,97,241,204,191,142,168,87,116,21,139,83,82,103,99,221,94,108,106,196,105,84,49,16,195,174,196,217,116,203,36,170,73,242,246,49,210,194,178,26]
CFO=-305.7495940011636,STO=5
EsN0dB=17.77,GRXdB=17,N0=0.012589254416525364
packet_number=1672,correct=True,payload=[0,1,2,3,4,5,6,7,8,9,10,11,12,13,14,15,16,17,18,19,20,21,22,23,24,25,26,27,28,29,30,31,32,33,34,35,36,37,38,39,40,41,42,43,44,45,46,47,48,49,50,51,52,53,54,55,56,57,58,59,60,61,62,63,64,65,66,67,68,69,70,71,72,73,74,75,76,77,78,79,80,81,82,83,84,85,86,87,88,89,90,91,92,93,94,95,96,97,98,99]
CFO=-531.320652694638,STO=7
EsN0dB=17.77,GRXdB=17,N0=0.012589254416525364
packet_number=1673,correct=True,payload=[0,1,2,3,4,5,6,7,8,9,10,11,12,13,14,15,16,17,18,19,20,21,22,23,24,25,26,27,28,29,30,31,32,33,34,35,36,37,38,39,40,41,42,43,44,45,46,47,48,49,50,51,52,53,54,55,56,57,58,59,60,61,62,63,64,65,66,67,68,69,70,71,72,73,74,75,76,77,78,79,80,81,82,83,84,85,86,87,88,89,90,91,92,93,94,95,96,97,98,99]
CFO=-430.6013313853568,STO=1
EsN0dB=17.76,GRXdB=17,N0=0.012589254416525364
packet_number=1674,correct=True,payload=[0,1,2,3,4,5,6,7,8,9,10,11,12,13,14,15,16,17,18,19,20,21,22,23,24,25,26,27,28,29,30,31,32,33,34,35,36,37,38,39,40,41,42,43,44,45,46,47,48,49,50,51,52,53,54,55,56,57,58,59,60,61,62,63,64,65,66,67,68,69,70,71,72,73,74,75,76,77,78,79,80,81,82,83,84,85,86,87,88,89,90,91,92,93,94,95,96,97,98,99]
CFO=-491.5496825282866,STO=2
EsN0dB=17.82,GRXdB=17,N0=0.012589254416525364
packet_number=1675,correct=True,payload=[0,1,2,3,4,5,6,7,8,9,10,11,12,13,14,15,16,17,18,19,20,21,22,23,24,25,26,27,28,29,30,31,32,33,34,35,36,37,38,39,40,41,42,43,44,45,46,47,48,49,50,51,52,53,54,55,56,57,58,59,60,61,62,63,64,65,66,67,68,69,70,71,72,73,74,75,76,77,78,79,80,81,82,83,84,85,86,87,88,89,90,91,92,93,94,95,96,97,98,99]
CFO=-405.2907669684542,STO=3
EsN0dB=17.74,GRXdB=17,N0=0.012589254416525364
packet_number=1676,correct=True,payload=[0,1,2,3,4,5,6,7,8,9,10,11,12,13,14,15,16,17,18,19,20,21,22,23,24,25,26,27,28,29,30,31,32,33,34,35,36,37,38,39,40,41,42,43,44,45,46,47,48,49,50,51,52,53,54,55,56,57,58,59,60,61,62,63,64,65,66,67,68,69,70,71,72,73,74,75,76,77,78,79,80,81,82,83,84,85,86,87,88,89,90,91,92,93,94,95,96,97,98,99]
CFO=-1181.0139383705591,STO=7
EsN0dB=-6.97,GRXdB=17,N0=0.012589254416525364
packet_number=1677,correct=False,payload=[238,185,192,11,41,80,200,229,151,44,101,181,199,179,136,95,246,195,77,76,142,107,89,116,163,173,226,170,155,116,64,237,56,41,82,86,127,77,1,68,192,247,246,174,255,229,179,63,30,20,7,105,233,47,158,240,36,97,135,122,217,96,95,15,180,228,150,102,133,64,0,235,225,18,87,9,80,255,98,242,206,124,52,188,185,110,209,19,99,76,155,247,140,95,44,65,89,40,11,244]
CFO=-434.29989067888596,STO=1
EsN0dB=17.76,GRXdB=17,N0=0.012589254416525364
packet_number=1678,correct=False,payload=[0,1,130,3,4,5,6,7,8,9,10,11,12,13,14,15,16,17,18,19,20,19,22,23,24,25,26,27,28,13,30,31,32,33,34,35,36,37,38,39,40,41,10,43,44,45,46,47,48,49,50,51,52,53,54,23,56,56,58,59,60,61,30,63,64,65,66,67,68,68,70,71,72,73,74,75,76,77,78,79,80,81,114,83,84,85,86,87,88,89,90,91,92,93,94,95,112,97,98,99]
CFO=-534.8300181197513,STO=4
EsN0dB=17.79,GRXdB=17,N0=0.012589254416525364
packet_number=1679,correct=True,payload=[0,1,2,3,4,5,6,7,8,9,10,11,12,13,14,15,16,17,18,19,20,21,22,23,24,25,26,27,28,29,30,31,32,33,34,35,36,37,38,39,40,41,42,43,44,45,46,47,48,49,50,51,52,53,54,55,56,57,58,59,60,61,62,63,64,65,66,67,68,69,70,71,72,73,74,75,76,77,78,79,80,81,82,83,84,85,86,87,88,89,90,91,92,93,94,95,96,97,98,99]
CFO=-512.4696270345855,STO=1
EsN0dB=17.77,GRXdB=17,N0=0.012589254416525364
packet_number=1680,correct=False,payload=[159,158,140,75,128,0,129,1,194,0,3,129,132,2,133,4,135,3,135,3,204,0,73,141,128,9,75,5,140,12,5,143,207,6,7,135,208,24,16,1,144,19,19,3,216,18,129,21,151,2,199,23,204,8,217,157,223,31,13,25,142,28,14,31,143,14,159,31,192,48,129,17,176,3,163,179,164,54,240,181,226,18,199,167,132,8,233,1,215,13,241,49,156,14,166,166,239,7,143,167]
CFO=-549.1572885412378,STO=1
EsN0dB=17.79,GRXdB=17,N0=0.012589254416525364
packet_number=1681,correct=True,payload=[0,1,2,3,4,5,6,7,8,9,10,11,12,13,14,15,16,17,18,19,20,21,22,23,24,25,26,27,28,29,30,31,32,33,34,35,36,37,38,39,40,41,42,43,44,45,46,47,48,49,50,51,52,53,54,55,56,57,58,59,60,61,62,63,64,65,66,67,68,69,70,71,72,73,74,75,76,77,78,79,80,81,82,83,84,85,86,87,88,89,90,91,92,93,94,95,96,97,98,99]
CFO=-603.650399440467,STO=5
EsN0dB=17.80,GRXdB=17,N0=0.012589254416525364
packet_number=1682,correct=True,payload=[0,1,2,3,4,5,6,7,8,9,10,11,12,13,14,15,16,17,18,19,20,21,22,23,24,25,26,27,28,29,30,31,32,33,34,35,36,37,38,39,40,41,42,43,44,45,46,47,48,49,50,51,52,53,54,55,56,57,58,59,60,61,62,63,64,65,66,67,68,69,70,71,72,73,74,75,76,77,78,79,80,81,82,83,84,85,86,87,88,89,90,91,92,93,94,95,96,97,98,99]
CFO=-419.8441095366877,STO=5
EsN0dB=17.78,GRXdB=17,N0=0.012589254416525364
packet_number=1683,correct=True,payload=[0,1,2,3,4,5,6,7,8,9,10,11,12,13,14,15,16,17,18,19,20,21,22,23,24,25,26,27,28,29,30,31,32,33,34,35,36,37,38,39,40,41,42,43,44,45,46,47,48,49,50,51,52,53,54,55,56,57,58,59,60,61,62,63,64,65,66,67,68,69,70,71,72,73,74,75,76,77,78,79,80,81,82,83,84,85,86,87,88,89,90,91,92,93,94,95,96,97,98,99]
CFO=-370.0054286757702,STO=6
EsN0dB=17.80,GRXdB=17,N0=0.012589254416525364
packet_number=1684,correct=True,payload=[0,1,2,3,4,5,6,7,8,9,10,11,12,13,14,15,16,17,18,19,20,21,22,23,24,25,26,27,28,29,30,31,32,33,34,35,36,37,38,39,40,41,42,43,44,45,46,47,48,49,50,51,52,53,54,55,56,57,58,59,60,61,62,63,64,65,66,67,68,69,70,71,72,73,74,75,76,77,78,79,80,81,82,83,84,85,86,87,88,89,90,91,92,93,94,95,96,97,98,99]
CFO=-631.218631898258,STO=1
EsN0dB=17.79,GRXdB=17,N0=0.012589254416525364
packet_number=1685,correct=True,payload=[0,1,2,3,4,5,6,7,8,9,10,11,12,13,14,15,16,17,18,19,20,21,22,23,24,25,26,27,28,29,30,31,32,33,34,35,36,37,38,39,40,41,42,43,44,45,46,47,48,49,50,51,52,53,54,55,56,57,58,59,60,61,62,63,64,65,66,67,68,69,70,71,72,73,74,75,76,77,78,79,80,81,82,83,84,85,86,87,88,89,90,91,92,93,94,95,96,97,98,99]
CFO=-567.1480186730187,STO=6
EsN0dB=17.81,GRXdB=17,N0=0.012589254416525364
packet_number=1686,correct=True,payload=[0,1,2,3,4,5,6,7,8,9,10,11,12,13,14,15,16,17,18,19,20,21,22,23,24,25,26,27,28,29,30,31,32,33,34,35,36,37,38,39,40,41,42,43,44,45,46,47,48,49,50,51,52,53,54,55,56,57,58,59,60,61,62,63,64,65,66,67,68,69,70,71,72,73,74,75,76,77,78,79,80,81,82,83,84,85,86,87,88,89,90,91,92,93,94,95,96,97,98,99]
CFO=-408.2271554131942,STO=7
EsN0dB=17.84,GRXdB=17,N0=0.012589254416525364
packet_number=1687,correct=False,payload=[0,3,2,3,4,5,6,7,24,9,26,11,12,13,14,15,16,16,18,19,20,21,22,23,24,19,26,27,28,29,30,31,32,35,34,35,36,37,38,39,40,9,42,43,44,45,110,47,48,49,50,51,52,53,54,55,56,58,58,59,60,61,62,63,64,65,66,67,68,69,70,71,72,9,74,75,76,77,78,79,80,83,82,83,84,85,22,87,88,25,90,91,92,89,94,95,96,97,98,99]
CFO=-488.76575789822266,STO=6
EsN0dB=17.81,GRXdB=17,N0=0.012589254416525364
packet_number=1688,correct=False,payload=[128,0,1,1,128,5,131,3,4,1,15,5,6,7,142,7,152,8,18,27,138,18,146,15,136,12,28,29,142,12,14,31,128,32,33,51,144,50,147,3,184,28,180,23,172,31,150,55,184,57,152,57,190,21,31,27,24,60,60,31,60,30,63,63,64,96,130,35,128,97,167,71,204,100,107,45,166,71,46,111,184,72,248,35,76,40,247,119,248,72,47,123,124,109,174,63,96,48,176,33]
CFO=-531.4101210579848,STO=4
EsN0dB=17.77,GRXdB=17,N0=0.012589254416525364
packet_number=1689,correct=True,payload=[0,1,2,3,4,5,6,7,8,9,10,11,12,13,14,15,16,17,18,19,20,21,22,23,24,25,26,27,28,29,30,31,32,33,34,35,36,37,38,39,40,41,42,43,44,45,46,47,48,49,50,51,52,53,54,55,56,57,58,59,60,61,62,63,64,65,66,67,68,69,70,71,72,73,74,75,76,77,78,79,80,81,82,83,84,85,86,87,88,89,90,91,92,93,94,95,96,97,98,99]
CFO=-413.60530684129554,STO=1
EsN0dB=17.76,GRXdB=17,N0=0.012589254416525364
packet_number=1690,correct=False,payload=[0,0,2,3,4,5,6,7,8,8,10,11,12,13,14,15,16,17,20,19,20,53,22,23,24,24,26,27,28,29,60,63,32,33,34,99,36,38,46,38,104,33,102,35,44,45,46,47,32,51,50,51,60,49,62,119,56,57,58,59,60,61,62,63,64,193,130,67,68,71,198,71,8,73,200,71,76,77,78,206,80,209,18,210,116,65,86,87,88,89,122,218,28,89,94,95,64,97,226,99]
CFO=-488.63798830046767,STO=2
EsN0dB=17.81,GRXdB=17,N0=0.012589254416525364
packet_number=1691,correct=False,payload=[0,3,4,3,4,8,4,7,8,9,2,31,12,9,14,15,16,16,18,19,20,21,22,23,24,25,16,58,28,28,30,31,32,33,34,34,32,33,38,38,40,41,46,43,44,45,46,47,48,49,98,51,52,117,54,55,56,57,58,59,60,63,62,63,64,1,2,67,68,197,198,7,8,73,10,79,92,73,78,79,80,80,82,83,20,245,84,23,216,81,90,90,60,95,92,95,96,97,98,99]
CFO=-392.3309573370474,STO=4
EsN0dB=17.76,GRXdB=17,N0=0.012589254416525364
packet_number=1692,correct=True,payload=[0,1,2,3,4,5,6,7,8,9,10,11,12,13,14,15,16,17,18,19,20,21,22,23,24,25,26,27,28,29,30,31,32,33,34,35,36,37,38,39,40,41,42,43,44,45,46,47,48,49,50,51,52,53,54,55,56,57,58,59,60,61,62,63,64,65,66,67,68,69,70,71,72,73,74,75,76,77,78,79,80,81,82,83,84,85,86,87,88,89,90,91,92,93,94,95,96,97,98,99]
CFO=-478.7999367877596,STO=3
EsN0dB=17.79,GRXdB=17,N0=0.012589254416525364
packet_number=1693,correct=True,payload=[0,1,2,3,4,5,6,7,8,9,10,11,12,13,14,15,16,17,18,19,20,21,22,23,24,25,26,27,28,29,30,31,32,33,34,35,36,37,38,39,40,41,42,43,44,45,46,47,48,49,50,51,52,53,54,55,56,57,58,59,60,61,62,63,64,65,66,67,68,69,70,71,72,73,74,75,76,77,78,79,80,81,82,83,84,85,86,87,88,89,90,91,92,93,94,95,96,97,98,99]
CFO=-356.11874102965146,STO=4
EsN0dB=17.81,GRXdB=17,N0=0.012589254416525364
packet_number=1694,correct=True,payload=[0,1,2,3,4,5,6,7,8,9,10,11,12,13,14,15,16,17,18,19,20,21,22,23,24,25,26,27,28,29,30,31,32,33,34,35,36,37,38,39,40,41,42,43,44,45,46,47,48,49,50,51,52,53,54,55,56,57,58,59,60,61,62,63,64,65,66,67,68,69,70,71,72,73,74,75,76,77,78,79,80,81,82,83,84,85,86,87,88,89,90,91,92,93,94,95,96,97,98,99]
CFO=-357.944630835899,STO=3
EsN0dB=17.77,GRXdB=17,N0=0.012589254416525364
packet_number=1695,correct=True,payload=[0,1,2,3,4,5,6,7,8,9,10,11,12,13,14,15,16,17,18,19,20,21,22,23,24,25,26,27,28,29,30,31,32,33,34,35,36,37,38,39,40,41,42,43,44,45,46,47,48,49,50,51,52,53,54,55,56,57,58,59,60,61,62,63,64,65,66,67,68,69,70,71,72,73,74,75,76,77,78,79,80,81,82,83,84,85,86,87,88,89,90,91,92,93,94,95,96,97,98,99]
CFO=-437.4492185715783,STO=1
EsN0dB=17.77,GRXdB=17,N0=0.012589254416525364
packet_number=1696,correct=True,payload=[0,1,2,3,4,5,6,7,8,9,10,11,12,13,14,15,16,17,18,19,20,21,22,23,24,25,26,27,28,29,30,31,32,33,34,35,36,37,38,39,40,41,42,43,44,45,46,47,48,49,50,51,52,53,54,55,56,57,58,59,60,61,62,63,64,65,66,67,68,69,70,71,72,73,74,75,76,77,78,79,80,81,82,83,84,85,86,87,88,89,90,91,92,93,94,95,96,97,98,99]
CFO=-497.24900700095355,STO=6
EsN0dB=17.79,GRXdB=17,N0=0.012589254416525364
packet_number=1697,correct=True,payload=[0,1,2,3,4,5,6,7,8,9,10,11,12,13,14,15,16,17,18,19,20,21,22,23,24,25,26,27,28,29,30,31,32,33,34,35,36,37,38,39,40,41,42,43,44,45,46,47,48,49,50,51,52,53,54,55,56,57,58,59,60,61,62,63,64,65,66,67,68,69,70,71,72,73,74,75,76,77,78,79,80,81,82,83,84,85,86,87,88,89,90,91,92,93,94,95,96,97,98,99]
CFO=-553.6023661667083,STO=4
EsN0dB=17.79,GRXdB=17,N0=0.012589254416525364
packet_number=1698,correct=True,payload=[0,1,2,3,4,5,6,7,8,9,10,11,12,13,14,15,16,17,18,19,20,21,22,23,24,25,26,27,28,29,30,31,32,33,34,35,36,37,38,39,40,41,42,43,44,45,46,47,48,49,50,51,52,53,54,55,56,57,58,59,60,61,62,63,64,65,66,67,68,69,70,71,72,73,74,75,76,77,78,79,80,81,82,83,84,85,86,87,88,89,90,91,92,93,94,95,96,97,98,99]
CFO=-435.73446756393486,STO=2
EsN0dB=16.79,GRXdB=17,N0=0.015848932787775993
packet_number=1699,correct=False,payload=[0,1,2,3,132,5,6,7,8,9,10,11,12,13,14,15,16,17,18,19,20,21,22,23,24,25,26,27,28,29,30,31,32,33,34,35,36,37,38,39,40,41,42,43,44,45,46,47,48,49,50,51,52,53,54,55,56,57,58,59,60,61,62,63,64,65,66,67,68,69,70,71,72,73,74,75,76,77,78,79,80,81,82,83,84,85,86,87,88,89,90,91,92,93,94,95,96,97,98,99]
CFO=-423.24450024223086,STO=2
EsN0dB=16.82,GRXdB=17,N0=0.015848932787775993
packet_number=1700,correct=True,payload=[0,1,2,3,4,5,6,7,8,9,10,11,12,13,14,15,16,17,18,19,20,21,22,23,24,25,26,27,28,29,30,31,32,33,34,35,36,37,38,39,40,41,42,43,44,45,46,47,48,49,50,51,52,53,54,55,56,57,58,59,60,61,62,63,64,65,66,67,68,69,70,71,72,73,74,75,76,77,78,79,80,81,82,83,84,85,86,87,88,89,90,91,92,93,94,95,96,97,98,99]
CFO=-392.4128662462346,STO=4
EsN0dB=16.77,GRXdB=17,N0=0.015848932787775993
packet_number=1701,correct=True,payload=[0,1,2,3,4,5,6,7,8,9,10,11,12,13,14,15,16,17,18,19,20,21,22,23,24,25,26,27,28,29,30,31,32,33,34,35,36,37,38,39,40,41,42,43,44,45,46,47,48,49,50,51,52,53,54,55,56,57,58,59,60,61,62,63,64,65,66,67,68,69,70,71,72,73,74,75,76,77,78,79,80,81,82,83,84,85,86,87,88,89,90,91,92,93,94,95,96,97,98,99]
CFO=-364.7159451982223,STO=4
EsN0dB=16.82,GRXdB=17,N0=0.015848932787775993
packet_number=1702,correct=True,payload=[0,1,2,3,4,5,6,7,8,9,10,11,12,13,14,15,16,17,18,19,20,21,22,23,24,25,26,27,28,29,30,31,32,33,34,35,36,37,38,39,40,41,42,43,44,45,46,47,48,49,50,51,52,53,54,55,56,57,58,59,60,61,62,63,64,65,66,67,68,69,70,71,72,73,74,75,76,77,78,79,80,81,82,83,84,85,86,87,88,89,90,91,92,93,94,95,96,97,98,99]
CFO=-464.0794858152233,STO=4
EsN0dB=16.80,GRXdB=17,N0=0.015848932787775993
packet_number=1703,correct=True,payload=[0,1,2,3,4,5,6,7,8,9,10,11,12,13,14,15,16,17,18,19,20,21,22,23,24,25,26,27,28,29,30,31,32,33,34,35,36,37,38,39,40,41,42,43,44,45,46,47,48,49,50,51,52,53,54,55,56,57,58,59,60,61,62,63,64,65,66,67,68,69,70,71,72,73,74,75,76,77,78,79,80,81,82,83,84,85,86,87,88,89,90,91,92,93,94,95,96,97,98,99]
CFO=-535.1700453323383,STO=1
EsN0dB=16.80,GRXdB=17,N0=0.015848932787775993
packet_number=1704,correct=True,payload=[0,1,2,3,4,5,6,7,8,9,10,11,12,13,14,15,16,17,18,19,20,21,22,23,24,25,26,27,28,29,30,31,32,33,34,35,36,37,38,39,40,41,42,43,44,45,46,47,48,49,50,51,52,53,54,55,56,57,58,59,60,61,62,63,64,65,66,67,68,69,70,71,72,73,74,75,76,77,78,79,80,81,82,83,84,85,86,87,88,89,90,91,92,93,94,95,96,97,98,99]
CFO=-555.0311919376122,STO=3
EsN0dB=16.82,GRXdB=17,N0=0.015848932787775993
packet_number=1705,correct=True,payload=[0,1,2,3,4,5,6,7,8,9,10,11,12,13,14,15,16,17,18,19,20,21,22,23,24,25,26,27,28,29,30,31,32,33,34,35,36,37,38,39,40,41,42,43,44,45,46,47,48,49,50,51,52,53,54,55,56,57,58,59,60,61,62,63,64,65,66,67,68,69,70,71,72,73,74,75,76,77,78,79,80,81,82,83,84,85,86,87,88,89,90,91,92,93,94,95,96,97,98,99]
CFO=-545.100796504485,STO=2
EsN0dB=16.79,GRXdB=17,N0=0.015848932787775993
packet_number=1706,correct=False,payload=[0,1,0,3,4,5,2,7,8,9,10,11,12,5,14,15,16,17,18,27,6,21,30,23,24,24,26,27,28,29,30,31,32,33,50,35,36,37,166,39,40,41,42,43,44,45,63,47,48,49,50,51,52,53,55,55,56,57,58,59,60,61,62,63,64,65,66,67,68,69,70,71,72,73,11,75,204,77,78,79,80,81,82,83,84,85,70,23,24,89,26,27,92,93,222,95,96,97,98,99]
CFO=-255.73194676863423,STO=1
EsN0dB=16.80,GRXdB=17,N0=0.015848932787775993
packet_number=1707,correct=True,payload=[0,1,2,3,4,5,6,7,8,9,10,11,12,13,14,15,16,17,18,19,20,21,22,23,24,25,26,27,28,29,30,31,32,33,34,35,36,37,38,39,40,41,42,43,44,45,46,47,48,49,50,51,52,53,54,55,56,57,58,59,60,61,62,63,64,65,66,67,68,69,70,71,72,73,74,75,76,77,78,79,80,81,82,83,84,85,86,87,88,89,90,91,92,93,94,95,96,97,98,99]
CFO=-342.1668938531695,STO=4
EsN0dB=16.75,GRXdB=17,N0=0.015848932787775993
packet_number=1708,correct=True,payload=[0,1,2,3,4,5,6,7,8,9,10,11,12,13,14,15,16,17,18,19,20,21,22,23,24,25,26,27,28,29,30,31,32,33,34,35,36,37,38,39,40,41,42,43,44,45,46,47,48,49,50,51,52,53,54,55,56,57,58,59,60,61,62,63,64,65,66,67,68,69,70,71,72,73,74,75,76,77,78,79,80,81,82,83,84,85,86,87,88,89,90,91,92,93,94,95,96,97,98,99]
CFO=-468.7197455826007,STO=7
EsN0dB=16.79,GRXdB=17,N0=0.015848932787775993
packet_number=1709,correct=False,payload=[167,224,0,96,0,193,128,64,193,224,0,98,65,227,1,1,131,228,4,0,66,67,128,163,198,226,2,66,70,99,131,3,195,200,12,36,192,97,129,105,204,193,3,5,14,69,135,231,143,230,6,14,142,70,13,199,207,199,7,46,143,79,143,15,199,200,24,0,88,224,144,41,152,192,0,34,80,89,25,145,209,220,12,72,128,197,9,126,194,207,18,71,6,99,143,155,131,204,24,12]
CFO=-321.30703959620917,STO=0
EsN0dB=16.75,GRXdB=17,N0=0.015848932787775993
packet_number=1710,correct=True,payload=[0,1,2,3,4,5,6,7,8,9,10,11,12,13,14,15,16,17,18,19,20,21,22,23,24,25,26,27,28,29,30,31,32,33,34,35,36,37,38,39,40,41,42,43,44,45,46,47,48,49,50,51,52,53,54,55,56,57,58,59,60,61,62,63,64,65,66,67,68,69,70,71,72,73,74,75,76,77,78,79,80,81,82,83,84,85,86,87,88,89,90,91,92,93,94,95,96,97,98,99]
CFO=-489.3499703026213,STO=5
EsN0dB=16.80,GRXdB=17,N0=0.015848932787775993
packet_number=1711,correct=True,payload=[0,1,2,3,4,5,6,7,8,9,10,11,12,13,14,15,16,17,18,19,20,21,22,23,24,25,26,27,28,29,30,31,32,33,34,35,36,37,38,39,40,41,42,43,44,45,46,47,48,49,50,51,52,53,54,55,56,57,58,59,60,61,62,63,64,65,66,67,68,69,70,71,72,73,74,75,76,77,78,79,80,81,82,83,84,85,86,87,88,89,90,91,92,93,94,95,96,97,98,99]
CFO=-441.32164531077643,STO=4
EsN0dB=16.77,GRXdB=17,N0=0.015848932787775993
packet_number=1712,correct=True,payload=[0,1,2,3,4,5,6,7,8,9,10,11,12,13,14,15,16,17,18,19,20,21,22,23,24,25,26,27,28,29,30,31,32,33,34,35,36,37,38,39,40,41,42,43,44,45,46,47,48,49,50,51,52,53,54,55,56,57,58,59,60,61,62,63,64,65,66,67,68,69,70,71,72,73,74,75,76,77,78,79,80,81,82,83,84,85,86,87,88,89,90,91,92,93,94,95,96,97,98,99]
CFO=-429.0508428698619,STO=1
EsN0dB=16.80,GRXdB=17,N0=0.015848932787775993
packet_number=1713,correct=False,payload=[0,3,2,3,4,5,12,15,8,16,10,15,8,31,14,31,0,16,18,19,52,21,54,23,24,59,22,27,28,63,30,63,32,32,34,35,32,5,38,47,104,41,58,74,28,45,46,47,48,49,34,51,52,39,52,55,56,59,58,51,56,63,62,62,0,193,70,67,68,5,70,71,64,89,74,78,140,141,78,79,48,17,86,83,212,221,126,111,208,89,218,95,220,188,92,159,224,96,66,67]
CFO=-367.58886387294064,STO=1
EsN0dB=16.79,GRXdB=17,N0=0.015848932787775993
packet_number=1714,correct=True,payload=[0,1,2,3,4,5,6,7,8,9,10,11,12,13,14,15,16,17,18,19,20,21,22,23,24,25,26,27,28,29,30,31,32,33,34,35,36,37,38,39,40,41,42,43,44,45,46,47,48,49,50,51,52,53,54,55,56,57,58,59,60,61,62,63,64,65,66,67,68,69,70,71,72,73,74,75,76,77,78,79,80,81,82,83,84,85,86,87,88,89,90,91,92,93,94,95,96,97,98,99]
CFO=-448.3289035776316,STO=3
EsN0dB=16.81,GRXdB=17,N0=0.015848932787775993
packet_number=1715,correct=True,payload=[0,1,2,3,4,5,6,7,8,9,10,11,12,13,14,15,16,17,18,19,20,21,22,23,24,25,26,27,28,29,30,31,32,33,34,35,36,37,38,39,40,41,42,43,44,45,46,47,48,49,50,51,52,53,54,55,56,57,58,59,60,61,62,63,64,65,66,67,68,69,70,71,72,73,74,75,76,77,78,79,80,81,82,83,84,85,86,87,88,89,90,91,92,93,94,95,96,97,98,99]
CFO=-500.73326318028995,STO=7
EsN0dB=16.80,GRXdB=17,N0=0.015848932787775993
packet_number=1716,correct=True,payload=[0,1,2,3,4,5,6,7,8,9,10,11,12,13,14,15,16,17,18,19,20,21,22,23,24,25,26,27,28,29,30,31,32,33,34,35,36,37,38,39,40,41,42,43,44,45,46,47,48,49,50,51,52,53,54,55,56,57,58,59,60,61,62,63,64,65,66,67,68,69,70,71,72,73,74,75,76,77,78,79,80,81,82,83,84,85,86,87,88,89,90,91,92,93,94,95,96,97,98,99]
CFO=-511.5284601692663,STO=0
EsN0dB=16.81,GRXdB=17,N0=0.015848932787775993
packet_number=1717,correct=True,payload=[0,1,2,3,4,5,6,7,8,9,10,11,12,13,14,15,16,17,18,19,20,21,22,23,24,25,26,27,28,29,30,31,32,33,34,35,36,37,38,39,40,41,42,43,44,45,46,47,48,49,50,51,52,53,54,55,56,57,58,59,60,61,62,63,64,65,66,67,68,69,70,71,72,73,74,75,76,77,78,79,80,81,82,83,84,85,86,87,88,89,90,91,92,93,94,95,96,97,98,99]
CFO=-507.22858335349514,STO=4
EsN0dB=16.77,GRXdB=17,N0=0.015848932787775993
packet_number=1718,correct=True,payload=[0,1,2,3,4,5,6,7,8,9,10,11,12,13,14,15,16,17,18,19,20,21,22,23,24,25,26,27,28,29,30,31,32,33,34,35,36,37,38,39,40,41,42,43,44,45,46,47,48,49,50,51,52,53,54,55,56,57,58,59,60,61,62,63,64,65,66,67,68,69,70,71,72,73,74,75,76,77,78,79,80,81,82,83,84,85,86,87,88,89,90,91,92,93,94,95,96,97,98,99]
CFO=-276.7281083598121,STO=2
EsN0dB=16.80,GRXdB=17,N0=0.015848932787775993
packet_number=1719,correct=True,payload=[0,1,2,3,4,5,6,7,8,9,10,11,12,13,14,15,16,17,18,19,20,21,22,23,24,25,26,27,28,29,30,31,32,33,34,35,36,37,38,39,40,41,42,43,44,45,46,47,48,49,50,51,52,53,54,55,56,57,58,59,60,61,62,63,64,65,66,67,68,69,70,71,72,73,74,75,76,77,78,79,80,81,82,83,84,85,86,87,88,89,90,91,92,93,94,95,96,97,98,99]
CFO=-472.85177287111225,STO=6
EsN0dB=16.79,GRXdB=17,N0=0.015848932787775993
packet_number=1720,correct=True,payload=[0,1,2,3,4,5,6,7,8,9,10,11,12,13,14,15,16,17,18,19,20,21,22,23,24,25,26,27,28,29,30,31,32,33,34,35,36,37,38,39,40,41,42,43,44,45,46,47,48,49,50,51,52,53,54,55,56,57,58,59,60,61,62,63,64,65,66,67,68,69,70,71,72,73,74,75,76,77,78,79,80,81,82,83,84,85,86,87,88,89,90,91,92,93,94,95,96,97,98,99]
CFO=-493.97733453055014,STO=4
EsN0dB=16.79,GRXdB=17,N0=0.015848932787775993
packet_number=1721,correct=True,payload=[0,1,2,3,4,5,6,7,8,9,10,11,12,13,14,15,16,17,18,19,20,21,22,23,24,25,26,27,28,29,30,31,32,33,34,35,36,37,38,39,40,41,42,43,44,45,46,47,48,49,50,51,52,53,54,55,56,57,58,59,60,61,62,63,64,65,66,67,68,69,70,71,72,73,74,75,76,77,78,79,80,81,82,83,84,85,86,87,88,89,90,91,92,93,94,95,96,97,98,99]
CFO=-532.5094139173702,STO=6
EsN0dB=16.78,GRXdB=17,N0=0.015848932787775993
packet_number=1722,correct=True,payload=[0,1,2,3,4,5,6,7,8,9,10,11,12,13,14,15,16,17,18,19,20,21,22,23,24,25,26,27,28,29,30,31,32,33,34,35,36,37,38,39,40,41,42,43,44,45,46,47,48,49,50,51,52,53,54,55,56,57,58,59,60,61,62,63,64,65,66,67,68,69,70,71,72,73,74,75,76,77,78,79,80,81,82,83,84,85,86,87,88,89,90,91,92,93,94,95,96,97,98,99]
CFO=-522.494530467166,STO=7
EsN0dB=16.79,GRXdB=17,N0=0.015848932787775993
packet_number=1723,correct=True,payload=[0,1,2,3,4,5,6,7,8,9,10,11,12,13,14,15,16,17,18,19,20,21,22,23,24,25,26,27,28,29,30,31,32,33,34,35,36,37,38,39,40,41,42,43,44,45,46,47,48,49,50,51,52,53,54,55,56,57,58,59,60,61,62,63,64,65,66,67,68,69,70,71,72,73,74,75,76,77,78,79,80,81,82,83,84,85,86,87,88,89,90,91,92,93,94,95,96,97,98,99]
CFO=-600.8529270827526,STO=3
EsN0dB=16.83,GRXdB=17,N0=0.015848932787775993
packet_number=1724,correct=True,payload=[0,1,2,3,4,5,6,7,8,9,10,11,12,13,14,15,16,17,18,19,20,21,22,23,24,25,26,27,28,29,30,31,32,33,34,35,36,37,38,39,40,41,42,43,44,45,46,47,48,49,50,51,52,53,54,55,56,57,58,59,60,61,62,63,64,65,66,67,68,69,70,71,72,73,74,75,76,77,78,79,80,81,82,83,84,85,86,87,88,89,90,91,92,93,94,95,96,97,98,99]
CFO=-475.6767557129838,STO=3
EsN0dB=16.78,GRXdB=17,N0=0.015848932787775993
packet_number=1725,correct=True,payload=[0,1,2,3,4,5,6,7,8,9,10,11,12,13,14,15,16,17,18,19,20,21,22,23,24,25,26,27,28,29,30,31,32,33,34,35,36,37,38,39,40,41,42,43,44,45,46,47,48,49,50,51,52,53,54,55,56,57,58,59,60,61,62,63,64,65,66,67,68,69,70,71,72,73,74,75,76,77,78,79,80,81,82,83,84,85,86,87,88,89,90,91,92,93,94,95,96,97,98,99]
CFO=2124.0825844868764,STO=0
EsN0dB=-12.99,GRXdB=17,N0=0.015848932787775993
packet_number=1726,correct=False,payload=[89,186,228,8,58,239,136,48,224,88,90,243,163,70,223,38,124,118,43,72,237,32,120,245,217,29,158,235,235,7,29,72,63,178,62,187,234,101,181,58,13,67,124,125,124,2,56,200,141,5,95,89,111,109,56,115,3,101,88,200,64,146,244,92,235,193,53,185,0,222,149,157,112,167,102,226,46,61,130,7,187,0,101,21,176,92,197,115,4,147,54,206,72,168,103,91,16,2,247,120]
CFO=-405.9856438527645,STO=4
EsN0dB=16.80,GRXdB=17,N0=0.015848932787775993
packet_number=1727,correct=True,payload=[0,1,2,3,4,5,6,7,8,9,10,11,12,13,14,15,16,17,18,19,20,21,22,23,24,25,26,27,28,29,30,31,32,33,34,35,36,37,38,39,40,41,42,43,44,45,46,47,48,49,50,51,52,53,54,55,56,57,58,59,60,61,62,63,64,65,66,67,68,69,70,71,72,73,74,75,76,77,78,79,80,81,82,83,84,85,86,87,88,89,90,91,92,93,94,95,96,97,98,99]
CFO=-395.5055130551896,STO=4
EsN0dB=16.77,GRXdB=17,N0=0.015848932787775993
packet_number=1728,correct=True,payload=[0,1,2,3,4,5,6,7,8,9,10,11,12,13,14,15,16,17,18,19,20,21,22,23,24,25,26,27,28,29,30,31,32,33,34,35,36,37,38,39,40,41,42,43,44,45,46,47,48,49,50,51,52,53,54,55,56,57,58,59,60,61,62,63,64,65,66,67,68,69,70,71,72,73,74,75,76,77,78,79,80,81,82,83,84,85,86,87,88,89,90,91,92,93,94,95,96,97,98,99]
CFO=-486.7413657192217,STO=3
EsN0dB=16.82,GRXdB=17,N0=0.015848932787775993
packet_number=1729,correct=True,payload=[0,1,2,3,4,5,6,7,8,9,10,11,12,13,14,15,16,17,18,19,20,21,22,23,24,25,26,27,28,29,30,31,32,33,34,35,36,37,38,39,40,41,42,43,44,45,46,47,48,49,50,51,52,53,54,55,56,57,58,59,60,61,62,63,64,65,66,67,68,69,70,71,72,73,74,75,76,77,78,79,80,81,82,83,84,85,86,87,88,89,90,91,92,93,94,95,96,97,98,99]
CFO=-250.05835408502796,STO=7
EsN0dB=16.81,GRXdB=17,N0=0.015848932787775993
packet_number=1730,correct=False,payload=[0,1,2,3,4,5,6,7,24,3,10,3,12,9,14,15,16,17,16,19,20,21,30,30,24,25,58,27,60,29,30,31,32,97,32,98,36,37,38,38,56,41,42,59,44,45,110,46,48,48,34,35,48,53,54,63,56,57,120,59,60,61,62,63,0,65,66,71,68,69,70,71,200,72,72,74,76,93,204,95,80,65,82,211,92,85,86,23,24,89,90,122,92,93,94,95,64,97,98,227]
CFO=-537.7075910466385,STO=6
EsN0dB=16.80,GRXdB=17,N0=0.015848932787775993
packet_number=1731,correct=True,payload=[0,1,2,3,4,5,6,7,8,9,10,11,12,13,14,15,16,17,18,19,20,21,22,23,24,25,26,27,28,29,30,31,32,33,34,35,36,37,38,39,40,41,42,43,44,45,46,47,48,49,50,51,52,53,54,55,56,57,58,59,60,61,62,63,64,65,66,67,68,69,70,71,72,73,74,75,76,77,78,79,80,81,82,83,84,85,86,87,88,89,90,91,92,93,94,95,96,97,98,99]
CFO=-428.956898123856,STO=2
EsN0dB=16.85,GRXdB=17,N0=0.015848932787775993
packet_number=1732,correct=True,payload=[0,1,2,3,4,5,6,7,8,9,10,11,12,13,14,15,16,17,18,19,20,21,22,23,24,25,26,27,28,29,30,31,32,33,34,35,36,37,38,39,40,41,42,43,44,45,46,47,48,49,50,51,52,53,54,55,56,57,58,59,60,61,62,63,64,65,66,67,68,69,70,71,72,73,74,75,76,77,78,79,80,81,82,83,84,85,86,87,88,89,90,91,92,93,94,95,96,97,98,99]
CFO=-417.58985066140076,STO=7
EsN0dB=16.81,GRXdB=17,N0=0.015848932787775993
packet_number=1733,correct=False,payload=[0,3,6,3,4,12,6,15,0,9,10,18,8,8,14,15,16,17,22,35,52,28,22,22,24,17,30,19,24,56,30,30,96,32,66,6,4,5,38,39,32,107,42,35,60,45,46,46,48,113,112,51,60,53,36,63,56,51,58,123,60,121,60,62,64,67,64,66,68,72,70,199,8,11,74,75,8,77,78,79,48,80,114,82,84,221,6,79,88,248,88,127,28,94,94,31,96,225,70,227]
CFO=-453.13149891746986,STO=4
EsN0dB=16.78,GRXdB=17,N0=0.015848932787775993
packet_number=1734,correct=True,payload=[0,1,2,3,4,5,6,7,8,9,10,11,12,13,14,15,16,17,18,19,20,21,22,23,24,25,26,27,28,29,30,31,32,33,34,35,36,37,38,39,40,41,42,43,44,45,46,47,48,49,50,51,52,53,54,55,56,57,58,59,60,61,62,63,64,65,66,67,68,69,70,71,72,73,74,75,76,77,78,79,80,81,82,83,84,85,86,87,88,89,90,91,92,93,94,95,96,97,98,99]
CFO=-450.2967628974867,STO=4
EsN0dB=16.80,GRXdB=17,N0=0.015848932787775993
packet_number=1735,correct=True,payload=[0,1,2,3,4,5,6,7,8,9,10,11,12,13,14,15,16,17,18,19,20,21,22,23,24,25,26,27,28,29,30,31,32,33,34,35,36,37,38,39,40,41,42,43,44,45,46,47,48,49,50,51,52,53,54,55,56,57,58,59,60,61,62,63,64,65,66,67,68,69,70,71,72,73,74,75,76,77,78,79,80,81,82,83,84,85,86,87,88,89,90,91,92,93,94,95,96,97,98,99]
CFO=-416.0408147469013,STO=2
EsN0dB=16.82,GRXdB=17,N0=0.015848932787775993
packet_number=1736,correct=False,payload=[176,0,24,32,16,0,120,32,120,128,88,160,240,192,88,112,113,0,9,48,184,1,248,224,248,193,153,224,185,225,217,225,240,0,17,50,27,0,72,112,49,192,211,64,81,193,64,227,123,3,147,129,51,195,115,113,179,129,219,179,153,227,209,243,242,6,8,48,52,100,106,34,122,4,154,48,28,192,218,226,254,5,129,1,18,192,4,228,117,133,141,243,244,231,200,229,250,7,23,6]
CFO=-512.7337632563947,STO=3
EsN0dB=16.82,GRXdB=17,N0=0.015848932787775993
packet_number=1737,correct=True,payload=[0,1,2,3,4,5,6,7,8,9,10,11,12,13,14,15,16,17,18,19,20,21,22,23,24,25,26,27,28,29,30,31,32,33,34,35,36,37,38,39,40,41,42,43,44,45,46,47,48,49,50,51,52,53,54,55,56,57,58,59,60,61,62,63,64,65,66,67,68,69,70,71,72,73,74,75,76,77,78,79,80,81,82,83,84,85,86,87,88,89,90,91,92,93,94,95,96,97,98,99]
CFO=-330.9838523984324,STO=5
EsN0dB=16.81,GRXdB=17,N0=0.015848932787775993
packet_number=1738,correct=True,payload=[0,1,2,3,4,5,6,7,8,9,10,11,12,13,14,15,16,17,18,19,20,21,22,23,24,25,26,27,28,29,30,31,32,33,34,35,36,37,38,39,40,41,42,43,44,45,46,47,48,49,50,51,52,53,54,55,56,57,58,59,60,61,62,63,64,65,66,67,68,69,70,71,72,73,74,75,76,77,78,79,80,81,82,83,84,85,86,87,88,89,90,91,92,93,94,95,96,97,98,99]
CFO=-1371.8943654768168,STO=4
EsN0dB=nan,GRXdB=17,N0=0.015848932787775993
packet_number=1739,correct=False,payload=[82,167,80,75,102,76,94,253,79,143,222,212,58,95,41,102,117,20,182,215,231,250,201,237,248,194,98,190,253,0,218,172,156,184,70,10,209,123,38,80,212,121,88,242,221,120,148,126,127,160,216,78,245,6,224,70,140,147,109,92,208,31,240,112,92,135,101,138,28,166,181,72,201,170,30,23,75,167,224,121,170,190,44,182,198,139,139,49,205,239,106,245,23,206,64,226,34,158,218,20]
CFO=-426.62126394791073,STO=3
EsN0dB=16.81,GRXdB=17,N0=0.015848932787775993
packet_number=1740,correct=True,payload=[0,1,2,3,4,5,6,7,8,9,10,11,12,13,14,15,16,17,18,19,20,21,22,23,24,25,26,27,28,29,30,31,32,33,34,35,36,37,38,39,40,41,42,43,44,45,46,47,48,49,50,51,52,53,54,55,56,57,58,59,60,61,62,63,64,65,66,67,68,69,70,71,72,73,74,75,76,77,78,79,80,81,82,83,84,85,86,87,88,89,90,91,92,93,94,95,96,97,98,99]
CFO=-394.45910673000253,STO=1
EsN0dB=16.79,GRXdB=17,N0=0.015848932787775993
packet_number=1741,correct=True,payload=[0,1,2,3,4,5,6,7,8,9,10,11,12,13,14,15,16,17,18,19,20,21,22,23,24,25,26,27,28,29,30,31,32,33,34,35,36,37,38,39,40,41,42,43,44,45,46,47,48,49,50,51,52,53,54,55,56,57,58,59,60,61,62,63,64,65,66,67,68,69,70,71,72,73,74,75,76,77,78,79,80,81,82,83,84,85,86,87,88,89,90,91,92,93,94,95,96,97,98,99]
CFO=-486.619614039876,STO=4
EsN0dB=16.78,GRXdB=17,N0=0.015848932787775993
packet_number=1742,correct=True,payload=[0,1,2,3,4,5,6,7,8,9,10,11,12,13,14,15,16,17,18,19,20,21,22,23,24,25,26,27,28,29,30,31,32,33,34,35,36,37,38,39,40,41,42,43,44,45,46,47,48,49,50,51,52,53,54,55,56,57,58,59,60,61,62,63,64,65,66,67,68,69,70,71,72,73,74,75,76,77,78,79,80,81,82,83,84,85,86,87,88,89,90,91,92,93,94,95,96,97,98,99]
CFO=-589.1660702419722,STO=5
EsN0dB=16.74,GRXdB=17,N0=0.015848932787775993
packet_number=1743,correct=True,payload=[0,1,2,3,4,5,6,7,8,9,10,11,12,13,14,15,16,17,18,19,20,21,22,23,24,25,26,27,28,29,30,31,32,33,34,35,36,37,38,39,40,41,42,43,44,45,46,47,48,49,50,51,52,53,54,55,56,57,58,59,60,61,62,63,64,65,66,67,68,69,70,71,72,73,74,75,76,77,78,79,80,81,82,83,84,85,86,87,88,89,90,91,92,93,94,95,96,97,98,99]
CFO=-466.844793436612,STO=4
EsN0dB=16.79,GRXdB=17,N0=0.015848932787775993
packet_number=1744,correct=True,payload=[0,1,2,3,4,5,6,7,8,9,10,11,12,13,14,15,16,17,18,19,20,21,22,23,24,25,26,27,28,29,30,31,32,33,34,35,36,37,38,39,40,41,42,43,44,45,46,47,48,49,50,51,52,53,54,55,56,57,58,59,60,61,62,63,64,65,66,67,68,69,70,71,72,73,74,75,76,77,78,79,80,81,82,83,84,85,86,87,88,89,90,91,92,93,94,95,96,97,98,99]
CFO=-402.21211256092386,STO=4
EsN0dB=16.78,GRXdB=17,N0=0.015848932787775993
packet_number=1745,correct=True,payload=[0,1,2,3,4,5,6,7,8,9,10,11,12,13,14,15,16,17,18,19,20,21,22,23,24,25,26,27,28,29,30,31,32,33,34,35,36,37,38,39,40,41,42,43,44,45,46,47,48,49,50,51,52,53,54,55,56,57,58,59,60,61,62,63,64,65,66,67,68,69,70,71,72,73,74,75,76,77,78,79,80,81,82,83,84,85,86,87,88,89,90,91,92,93,94,95,96,97,98,99]
CFO=-1295.1550557176079,STO=4
EsN0dB=-14.33,GRXdB=17,N0=0.015848932787775993
packet_number=1746,correct=False,payload=[67,106,20,128,20,145,51,78,52,212,62,155,122,55,47,164,19,56,253,223,127,159,53,49,71,171,223,169,150,209,207,232,115,246,241,163,149,120,239,92,20,189,153,179,223,162,230,232,224,229,214,43,53,4,96,47,65,199,188,125,82,39,119,103,255,245,45,168,255,125,72,168,93,13,253,95,194,22,176,113,153,48,174,202,23,28,31,131,152,197,148,219,155,44,77,96,122,98,55,134]
CFO=-416.92417402158895,STO=0
EsN0dB=16.81,GRXdB=17,N0=0.015848932787775993
packet_number=1747,correct=True,payload=[0,1,2,3,4,5,6,7,8,9,10,11,12,13,14,15,16,17,18,19,20,21,22,23,24,25,26,27,28,29,30,31,32,33,34,35,36,37,38,39,40,41,42,43,44,45,46,47,48,49,50,51,52,53,54,55,56,57,58,59,60,61,62,63,64,65,66,67,68,69,70,71,72,73,74,75,76,77,78,79,80,81,82,83,84,85,86,87,88,89,90,91,92,93,94,95,96,97,98,99]
CFO=-296.27688646124733,STO=1
EsN0dB=16.81,GRXdB=17,N0=0.015848932787775993
packet_number=1748,correct=False,payload=[0,1,2,3,4,5,6,7,8,9,10,15,12,13,14,15,16,1,18,19,20,21,22,23,28,25,26,27,28,29,30,31,32,33,34,35,36,37,38,39,40,41,42,41,44,45,46,47,48,17,50,51,52,53,54,55,184,57,58,59,60,61,62,63,64,65,66,67,68,69,102,71,72,73,74,75,76,77,78,79,80,81,82,81,84,85,86,87,72,73,90,91,92,93,94,95,96,33,226,99]
CFO=-537.6742701585,STO=1
EsN0dB=16.79,GRXdB=17,N0=0.015848932787775993
packet_number=1749,correct=False,payload=[0,0,130,3,4,5,7,7,0,9,2,11,12,15,7,15,0,17,146,3,20,17,150,23,24,25,26,27,30,29,30,15,32,33,32,35,36,39,38,7,8,41,42,43,44,47,62,15,56,49,178,49,62,53,22,51,56,57,187,57,60,63,63,63,32,65,66,67,64,69,70,71,104,73,74,107,12,77,78,71,80,81,208,75,84,85,86,115,104,121,94,91,92,93,30,95,96,97,98,99]
CFO=-584.5559890013964,STO=1
EsN0dB=16.78,GRXdB=17,N0=0.015848932787775993
packet_number=1750,correct=False,payload=[0,2,0,6,0,5,12,6,24,0,20,6,28,30,30,30,48,33,36,3,52,36,30,6,56,25,48,19,60,62,28,31,64,65,38,38,108,3,14,103,24,91,34,66,28,14,76,15,32,34,96,54,48,58,110,102,112,120,122,114,60,120,60,62,64,0,194,134,196,14,196,7,192,218,82,18,204,153,94,95,240,114,198,247,188,171,62,23,152,240,80,82,188,30,158,222,192,227,64,103]
CFO=-474.96163134949325,STO=5
EsN0dB=16.86,GRXdB=17,N0=0.015848932787775993
packet_number=1751,correct=True,payload=[0,1,2,3,4,5,6,7,8,9,10,11,12,13,14,15,16,17,18,19,20,21,22,23,24,25,26,27,28,29,30,31,32,33,34,35,36,37,38,39,40,41,42,43,44,45,46,47,48,49,50,51,52,53,54,55,56,57,58,59,60,61,62,63,64,65,66,67,68,69,70,71,72,73,74,75,76,77,78,79,80,81,82,83,84,85,86,87,88,89,90,91,92,93,94,95,96,97,98,99]
CFO=-454.3429977925172,STO=5
EsN0dB=16.81,GRXdB=17,N0=0.015848932787775993
packet_number=1752,correct=True,payload=[0,1,2,3,4,5,6,7,8,9,10,11,12,13,14,15,16,17,18,19,20,21,22,23,24,25,26,27,28,29,30,31,32,33,34,35,36,37,38,39,40,41,42,43,44,45,46,47,48,49,50,51,52,53,54,55,56,57,58,59,60,61,62,63,64,65,66,67,68,69,70,71,72,73,74,75,76,77,78,79,80,81,82,83,84,85,86,87,88,89,90,91,92,93,94,95,96,97,98,99]
CFO=-480.146497910457,STO=2
EsN0dB=16.79,GRXdB=17,N0=0.015848932787775993
packet_number=1753,correct=True,payload=[0,1,2,3,4,5,6,7,8,9,10,11,12,13,14,15,16,17,18,19,20,21,22,23,24,25,26,27,28,29,30,31,32,33,34,35,36,37,38,39,40,41,42,43,44,45,46,47,48,49,50,51,52,53,54,55,56,57,58,59,60,61,62,63,64,65,66,67,68,69,70,71,72,73,74,75,76,77,78,79,80,81,82,83,84,85,86,87,88,89,90,91,92,93,94,95,96,97,98,99]
CFO=-564.7265624586742,STO=5
EsN0dB=16.76,GRXdB=17,N0=0.015848932787775993
packet_number=1754,correct=True,payload=[0,1,2,3,4,5,6,7,8,9,10,11,12,13,14,15,16,17,18,19,20,21,22,23,24,25,26,27,28,29,30,31,32,33,34,35,36,37,38,39,40,41,42,43,44,45,46,47,48,49,50,51,52,53,54,55,56,57,58,59,60,61,62,63,64,65,66,67,68,69,70,71,72,73,74,75,76,77,78,79,80,81,82,83,84,85,86,87,88,89,90,91,92,93,94,95,96,97,98,99]
CFO=-506.6500331284866,STO=2
EsN0dB=16.81,GRXdB=17,N0=0.015848932787775993
packet_number=1755,correct=False,payload=[139,241,49,9,248,0,8,16,16,32,8,32,56,0,192,16,88,96,192,112,240,129,8,129,144,160,56,240,120,128,201,144,208,224,233,224,249,1,11,18,16,96,121,33,58,67,8,177,155,226,121,225,249,1,145,129,153,161,33,115,185,195,203,177,153,195,249,241,248,6,6,34,18,32,36,112,122,132,86,52,82,66,118,112,123,7,159,16,23,162,10,245,122,134,194,197,216,224,250,231]
CFO=-509.40730697702344,STO=0
EsN0dB=16.79,GRXdB=17,N0=0.015848932787775993
packet_number=1756,correct=True,payload=[0,1,2,3,4,5,6,7,8,9,10,11,12,13,14,15,16,17,18,19,20,21,22,23,24,25,26,27,28,29,30,31,32,33,34,35,36,37,38,39,40,41,42,43,44,45,46,47,48,49,50,51,52,53,54,55,56,57,58,59,60,61,62,63,64,65,66,67,68,69,70,71,72,73,74,75,76,77,78,79,80,81,82,83,84,85,86,87,88,89,90,91,92,93,94,95,96,97,98,99]
CFO=-2346.739162330214,STO=1
EsN0dB=nan,GRXdB=17,N0=0.015848932787775993
packet_number=1757,correct=False,payload=[81,62,29,144,154,95,222,225,231,217,240,185,21,247,61,180,178,144,237,110,14,82,98,141,210,90,112,157,3,122,145,70,16,192,170,76,236,119,89,79,165,76,156,101,145,181,147,109,14,214,118,156,226,43,85,80,196,229,229,36,88,23,45,136,67,97,125,67,21,213,54,112,123,142,100,246,80,173,202,130,197,181,86,49,73,196,21,9,189,75,185,142,159,54,203,181,93,78,241,140]
CFO=-290.8890707897892,STO=1
EsN0dB=16.79,GRXdB=17,N0=0.015848932787775993
packet_number=1758,correct=False,payload=[0,1,2,3,4,5,6,7,8,9,10,11,12,13,14,15,16,17,2,19,20,21,22,23,24,25,26,27,28,29,30,31,32,49,34,35,36,37,38,39,40,41,42,43,44,45,46,47,48,49,50,51,52,53,54,55,56,57,58,59,60,61,62,63,64,65,66,67,68,69,70,71,72,73,74,75,76,77,78,79,80,89,82,83,84,85,86,87,88,89,90,91,92,93,94,95,96,97,98,99]
CFO=566.2683353681969,STO=6
EsN0dB=nan,GRXdB=17,N0=0.015848932787775993
packet_number=1759,correct=False,payload=[62,157,227,175,216,191,31,56,247,110,153,105,191,45,79,205,177,162,183,83,205,27,196,140,79,227,176,68,17,225,31,174,172,183,219,180,102,79,229,247,241,192,4,114,123,201,3,144,154,75,34,195,202,33,213,204,25,230,59,221,77,153,53,58,14,230,22,241,182,36,54,39,137,254,20,216,99,20,236,90,62,196,47,88,118,48,67,77,5,38,196,177,136,193,213,200,190,157,160,215]
CFO=-278.06429376111413,STO=4
EsN0dB=16.76,GRXdB=17,N0=0.015848932787775993
packet_number=1760,correct=True,payload=[0,1,2,3,4,5,6,7,8,9,10,11,12,13,14,15,16,17,18,19,20,21,22,23,24,25,26,27,28,29,30,31,32,33,34,35,36,37,38,39,40,41,42,43,44,45,46,47,48,49,50,51,52,53,54,55,56,57,58,59,60,61,62,63,64,65,66,67,68,69,70,71,72,73,74,75,76,77,78,79,80,81,82,83,84,85,86,87,88,89,90,91,92,93,94,95,96,97,98,99]
CFO=-486.85434250275864,STO=5
EsN0dB=16.82,GRXdB=17,N0=0.015848932787775993
packet_number=1761,correct=True,payload=[0,1,2,3,4,5,6,7,8,9,10,11,12,13,14,15,16,17,18,19,20,21,22,23,24,25,26,27,28,29,30,31,32,33,34,35,36,37,38,39,40,41,42,43,44,45,46,47,48,49,50,51,52,53,54,55,56,57,58,59,60,61,62,63,64,65,66,67,68,69,70,71,72,73,74,75,76,77,78,79,80,81,82,83,84,85,86,87,88,89,90,91,92,93,94,95,96,97,98,99]
CFO=-355.85561273506363,STO=4
EsN0dB=16.81,GRXdB=17,N0=0.015848932787775993
packet_number=1762,correct=True,payload=[0,1,2,3,4,5,6,7,8,9,10,11,12,13,14,15,16,17,18,19,20,21,22,23,24,25,26,27,28,29,30,31,32,33,34,35,36,37,38,39,40,41,42,43,44,45,46,47,48,49,50,51,52,53,54,55,56,57,58,59,60,61,62,63,64,65,66,67,68,69,70,71,72,73,74,75,76,77,78,79,80,81,82,83,84,85,86,87,88,89,90,91,92,93,94,95,96,97,98,99]
CFO=-473.816803895641,STO=1
EsN0dB=16.75,GRXdB=17,N0=0.015848932787775993
packet_number=1763,correct=True,payload=[0,1,2,3,4,5,6,7,8,9,10,11,12,13,14,15,16,17,18,19,20,21,22,23,24,25,26,27,28,29,30,31,32,33,34,35,36,37,38,39,40,41,42,43,44,45,46,47,48,49,50,51,52,53,54,55,56,57,58,59,60,61,62,63,64,65,66,67,68,69,70,71,72,73,74,75,76,77,78,79,80,81,82,83,84,85,86,87,88,89,90,91,92,93,94,95,96,97,98,99]
CFO=-218.19025963392508,STO=6
EsN0dB=16.80,GRXdB=17,N0=0.015848932787775993
packet_number=1764,correct=True,payload=[0,1,2,3,4,5,6,7,8,9,10,11,12,13,14,15,16,17,18,19,20,21,22,23,24,25,26,27,28,29,30,31,32,33,34,35,36,37,38,39,40,41,42,43,44,45,46,47,48,49,50,51,52,53,54,55,56,57,58,59,60,61,62,63,64,65,66,67,68,69,70,71,72,73,74,75,76,77,78,79,80,81,82,83,84,85,86,87,88,89,90,91,92,93,94,95,96,97,98,99]
CFO=-489.1062890744203,STO=6
EsN0dB=16.79,GRXdB=17,N0=0.015848932787775993
packet_number=1765,correct=True,payload=[0,1,2,3,4,5,6,7,8,9,10,11,12,13,14,15,16,17,18,19,20,21,22,23,24,25,26,27,28,29,30,31,32,33,34,35,36,37,38,39,40,41,42,43,44,45,46,47,48,49,50,51,52,53,54,55,56,57,58,59,60,61,62,63,64,65,66,67,68,69,70,71,72,73,74,75,76,77,78,79,80,81,82,83,84,85,86,87,88,89,90,91,92,93,94,95,96,97,98,99]
CFO=-321.29675280956855,STO=4
EsN0dB=16.80,GRXdB=17,N0=0.015848932787775993
packet_number=1766,correct=True,payload=[0,1,2,3,4,5,6,7,8,9,10,11,12,13,14,15,16,17,18,19,20,21,22,23,24,25,26,27,28,29,30,31,32,33,34,35,36,37,38,39,40,41,42,43,44,45,46,47,48,49,50,51,52,53,54,55,56,57,58,59,60,61,62,63,64,65,66,67,68,69,70,71,72,73,74,75,76,77,78,79,80,81,82,83,84,85,86,87,88,89,90,91,92,93,94,95,96,97,98,99]
CFO=-386.5611668936464,STO=4
EsN0dB=16.83,GRXdB=17,N0=0.015848932787775993
packet_number=1767,correct=True,payload=[0,1,2,3,4,5,6,7,8,9,10,11,12,13,14,15,16,17,18,19,20,21,22,23,24,25,26,27,28,29,30,31,32,33,34,35,36,37,38,39,40,41,42,43,44,45,46,47,48,49,50,51,52,53,54,55,56,57,58,59,60,61,62,63,64,65,66,67,68,69,70,71,72,73,74,75,76,77,78,79,80,81,82,83,84,85,86,87,88,89,90,91,92,93,94,95,96,97,98,99]
CFO=-536.166707484664,STO=0
EsN0dB=16.80,GRXdB=17,N0=0.015848932787775993
packet_number=1768,correct=True,payload=[0,1,2,3,4,5,6,7,8,9,10,11,12,13,14,15,16,17,18,19,20,21,22,23,24,25,26,27,28,29,30,31,32,33,34,35,36,37,38,39,40,41,42,43,44,45,46,47,48,49,50,51,52,53,54,55,56,57,58,59,60,61,62,63,64,65,66,67,68,69,70,71,72,73,74,75,76,77,78,79,80,81,82,83,84,85,86,87,88,89,90,91,92,93,94,95,96,97,98,99]
CFO=-418.0534971831846,STO=4
EsN0dB=16.86,GRXdB=17,N0=0.015848932787775993
packet_number=1769,correct=True,payload=[0,1,2,3,4,5,6,7,8,9,10,11,12,13,14,15,16,17,18,19,20,21,22,23,24,25,26,27,28,29,30,31,32,33,34,35,36,37,38,39,40,41,42,43,44,45,46,47,48,49,50,51,52,53,54,55,56,57,58,59,60,61,62,63,64,65,66,67,68,69,70,71,72,73,74,75,76,77,78,79,80,81,82,83,84,85,86,87,88,89,90,91,92,93,94,95,96,97,98,99]
CFO=-388.95529049334357,STO=6
EsN0dB=16.74,GRXdB=17,N0=0.015848932787775993
packet_number=1770,correct=True,payload=[0,1,2,3,4,5,6,7,8,9,10,11,12,13,14,15,16,17,18,19,20,21,22,23,24,25,26,27,28,29,30,31,32,33,34,35,36,37,38,39,40,41,42,43,44,45,46,47,48,49,50,51,52,53,54,55,56,57,58,59,60,61,62,63,64,65,66,67,68,69,70,71,72,73,74,75,76,77,78,79,80,81,82,83,84,85,86,87,88,89,90,91,92,93,94,95,96,97,98,99]
CFO=-490.7110870801906,STO=1
EsN0dB=16.83,GRXdB=17,N0=0.015848932787775993
packet_number=1771,correct=True,payload=[0,1,2,3,4,5,6,7,8,9,10,11,12,13,14,15,16,17,18,19,20,21,22,23,24,25,26,27,28,29,30,31,32,33,34,35,36,37,38,39,40,41,42,43,44,45,46,47,48,49,50,51,52,53,54,55,56,57,58,59,60,61,62,63,64,65,66,67,68,69,70,71,72,73,74,75,76,77,78,79,80,81,82,83,84,85,86,87,88,89,90,91,92,93,94,95,96,97,98,99]
CFO=-416.84202795305555,STO=4
EsN0dB=16.79,GRXdB=17,N0=0.015848932787775993
packet_number=1772,correct=True,payload=[0,1,2,3,4,5,6,7,8,9,10,11,12,13,14,15,16,17,18,19,20,21,22,23,24,25,26,27,28,29,30,31,32,33,34,35,36,37,38,39,40,41,42,43,44,45,46,47,48,49,50,51,52,53,54,55,56,57,58,59,60,61,62,63,64,65,66,67,68,69,70,71,72,73,74,75,76,77,78,79,80,81,82,83,84,85,86,87,88,89,90,91,92,93,94,95,96,97,98,99]
CFO=-472.754745053606,STO=5
EsN0dB=16.74,GRXdB=17,N0=0.015848932787775993
packet_number=1773,correct=True,payload=[0,1,2,3,4,5,6,7,8,9,10,11,12,13,14,15,16,17,18,19,20,21,22,23,24,25,26,27,28,29,30,31,32,33,34,35,36,37,38,39,40,41,42,43,44,45,46,47,48,49,50,51,52,53,54,55,56,57,58,59,60,61,62,63,64,65,66,67,68,69,70,71,72,73,74,75,76,77,78,79,80,81,82,83,84,85,86,87,88,89,90,91,92,93,94,95,96,97,98,99]
CFO=-296.8796862294029,STO=3
EsN0dB=16.84,GRXdB=17,N0=0.015848932787775993
packet_number=1774,correct=True,payload=[0,1,2,3,4,5,6,7,8,9,10,11,12,13,14,15,16,17,18,19,20,21,22,23,24,25,26,27,28,29,30,31,32,33,34,35,36,37,38,39,40,41,42,43,44,45,46,47,48,49,50,51,52,53,54,55,56,57,58,59,60,61,62,63,64,65,66,67,68,69,70,71,72,73,74,75,76,77,78,79,80,81,82,83,84,85,86,87,88,89,90,91,92,93,94,95,96,97,98,99]
CFO=-455.09363676809835,STO=6
EsN0dB=16.83,GRXdB=17,N0=0.015848932787775993
packet_number=1775,correct=True,payload=[0,1,2,3,4,5,6,7,8,9,10,11,12,13,14,15,16,17,18,19,20,21,22,23,24,25,26,27,28,29,30,31,32,33,34,35,36,37,38,39,40,41,42,43,44,45,46,47,48,49,50,51,52,53,54,55,56,57,58,59,60,61,62,63,64,65,66,67,68,69,70,71,72,73,74,75,76,77,78,79,80,81,82,83,84,85,86,87,88,89,90,91,92,93,94,95,96,97,98,99]
CFO=-328.49768132749875,STO=1
EsN0dB=16.78,GRXdB=17,N0=0.015848932787775993
packet_number=1776,correct=False,payload=[0,1,2,3,0,5,6,7,136,8,129,3,14,13,6,15,24,17,146,27,4,21,30,31,152,25,10,25,14,29,30,15,0,16,34,35,4,37,166,7,8,40,34,39,46,14,46,39,48,49,178,51,176,21,182,55,60,57,58,59,28,29,63,63,64,64,192,67,36,69,70,3,64,1,74,75,78,13,14,79,80,65,80,91,0,69,70,7,120,88,90,91,92,93,94,63,96,33,32,99]
CFO=-452.25427614086465,STO=0
EsN0dB=16.85,GRXdB=17,N0=0.015848932787775993
packet_number=1777,correct=True,payload=[0,1,2,3,4,5,6,7,8,9,10,11,12,13,14,15,16,17,18,19,20,21,22,23,24,25,26,27,28,29,30,31,32,33,34,35,36,37,38,39,40,41,42,43,44,45,46,47,48,49,50,51,52,53,54,55,56,57,58,59,60,61,62,63,64,65,66,67,68,69,70,71,72,73,74,75,76,77,78,79,80,81,82,83,84,85,86,87,88,89,90,91,92,93,94,95,96,97,98,99]
CFO=-553.9344485411982,STO=4
EsN0dB=16.79,GRXdB=17,N0=0.015848932787775993
packet_number=1778,correct=True,payload=[0,1,2,3,4,5,6,7,8,9,10,11,12,13,14,15,16,17,18,19,20,21,22,23,24,25,26,27,28,29,30,31,32,33,34,35,36,37,38,39,40,41,42,43,44,45,46,47,48,49,50,51,52,53,54,55,56,57,58,59,60,61,62,63,64,65,66,67,68,69,70,71,72,73,74,75,76,77,78,79,80,81,82,83,84,85,86,87,88,89,90,91,92,93,94,95,96,97,98,99]
CFO=-396.94509993142657,STO=5
EsN0dB=16.79,GRXdB=17,N0=0.015848932787775993
packet_number=1779,correct=False,payload=[0,1,2,3,4,5,6,7,8,9,26,11,12,13,14,15,16,17,2,19,20,21,22,23,24,25,26,27,28,29,30,30,32,33,34,99,36,37,38,38,40,41,42,43,44,45,46,47,48,49,114,50,52,53,54,55,120,57,58,59,60,61,62,63,64,65,66,67,68,69,70,71,64,73,202,75,76,77,78,15,80,83,82,83,212,85,86,71,88,249,82,123,92,93,94,95,96,97,98,227]
CFO=-411.31879429492795,STO=6
EsN0dB=16.84,GRXdB=17,N0=0.015848932787775993
packet_number=1780,correct=True,payload=[0,1,2,3,4,5,6,7,8,9,10,11,12,13,14,15,16,17,18,19,20,21,22,23,24,25,26,27,28,29,30,31,32,33,34,35,36,37,38,39,40,41,42,43,44,45,46,47,48,49,50,51,52,53,54,55,56,57,58,59,60,61,62,63,64,65,66,67,68,69,70,71,72,73,74,75,76,77,78,79,80,81,82,83,84,85,86,87,88,89,90,91,92,93,94,95,96,97,98,99]
CFO=-577.8338852034055,STO=1
EsN0dB=16.82,GRXdB=17,N0=0.015848932787775993
packet_number=1781,correct=False,payload=[0,1,2,3,0,10,14,14,8,3,16,15,12,15,28,14,0,2,16,55,28,57,12,6,56,57,52,58,56,60,28,62,0,97,70,98,96,3,4,14,48,123,88,51,92,30,92,78,112,99,52,119,104,122,36,46,56,114,122,119,120,56,126,126,0,3,128,70,132,130,6,206,144,144,148,94,92,30,94,14,176,32,150,183,208,186,84,111,176,248,48,62,152,126,60,158,192,226,198,231]
CFO=-395.7051419348375,STO=0
EsN0dB=16.74,GRXdB=17,N0=0.015848932787775993
packet_number=1782,correct=False,payload=[0,1,2,7,4,13,14,7,0,25,10,18,12,13,14,31,0,18,4,3,16,37,36,23,16,57,30,18,28,24,30,30,96,33,2,3,44,33,6,102,32,32,42,59,76,47,14,15,48,113,34,98,100,116,118,119,56,113,48,51,124,59,62,63,0,128,66,134,64,9,6,143,88,89,210,71,76,155,30,94,80,96,102,226,24,221,86,63,120,25,118,215,92,93,62,159,64,97,230,199]
CFO=-377.66033947212736,STO=5
EsN0dB=16.86,GRXdB=17,N0=0.015848932787775993
packet_number=1783,correct=True,payload=[0,1,2,3,4,5,6,7,8,9,10,11,12,13,14,15,16,17,18,19,20,21,22,23,24,25,26,27,28,29,30,31,32,33,34,35,36,37,38,39,40,41,42,43,44,45,46,47,48,49,50,51,52,53,54,55,56,57,58,59,60,61,62,63,64,65,66,67,68,69,70,71,72,73,74,75,76,77,78,79,80,81,82,83,84,85,86,87,88,89,90,91,92,93,94,95,96,97,98,99]
CFO=-506.21490501808097,STO=1
EsN0dB=16.78,GRXdB=17,N0=0.015848932787775993
packet_number=1784,correct=True,payload=[0,1,2,3,4,5,6,7,8,9,10,11,12,13,14,15,16,17,18,19,20,21,22,23,24,25,26,27,28,29,30,31,32,33,34,35,36,37,38,39,40,41,42,43,44,45,46,47,48,49,50,51,52,53,54,55,56,57,58,59,60,61,62,63,64,65,66,67,68,69,70,71,72,73,74,75,76,77,78,79,80,81,82,83,84,85,86,87,88,89,90,91,92,93,94,95,96,97,98,99]
CFO=-317.53190747878176,STO=4
EsN0dB=16.77,GRXdB=17,N0=0.015848932787775993
packet_number=1785,correct=True,payload=[0,1,2,3,4,5,6,7,8,9,10,11,12,13,14,15,16,17,18,19,20,21,22,23,24,25,26,27,28,29,30,31,32,33,34,35,36,37,38,39,40,41,42,43,44,45,46,47,48,49,50,51,52,53,54,55,56,57,58,59,60,61,62,63,64,65,66,67,68,69,70,71,72,73,74,75,76,77,78,79,80,81,82,83,84,85,86,87,88,89,90,91,92,93,94,95,96,97,98,99]
CFO=-492.52339951386926,STO=2
EsN0dB=16.80,GRXdB=17,N0=0.015848932787775993
packet_number=1786,correct=True,payload=[0,1,2,3,4,5,6,7,8,9,10,11,12,13,14,15,16,17,18,19,20,21,22,23,24,25,26,27,28,29,30,31,32,33,34,35,36,37,38,39,40,41,42,43,44,45,46,47,48,49,50,51,52,53,54,55,56,57,58,59,60,61,62,63,64,65,66,67,68,69,70,71,72,73,74,75,76,77,78,79,80,81,82,83,84,85,86,87,88,89,90,91,92,93,94,95,96,97,98,99]
CFO=-374.8546554720513,STO=6
EsN0dB=16.76,GRXdB=17,N0=0.015848932787775993
packet_number=1787,correct=True,payload=[0,1,2,3,4,5,6,7,8,9,10,11,12,13,14,15,16,17,18,19,20,21,22,23,24,25,26,27,28,29,30,31,32,33,34,35,36,37,38,39,40,41,42,43,44,45,46,47,48,49,50,51,52,53,54,55,56,57,58,59,60,61,62,63,64,65,66,67,68,69,70,71,72,73,74,75,76,77,78,79,80,81,82,83,84,85,86,87,88,89,90,91,92,93,94,95,96,97,98,99]
CFO=-500.06465169356915,STO=7
EsN0dB=16.82,GRXdB=17,N0=0.015848932787775993
packet_number=1788,correct=True,payload=[0,1,2,3,4,5,6,7,8,9,10,11,12,13,14,15,16,17,18,19,20,21,22,23,24,25,26,27,28,29,30,31,32,33,34,35,36,37,38,39,40,41,42,43,44,45,46,47,48,49,50,51,52,53,54,55,56,57,58,59,60,61,62,63,64,65,66,67,68,69,70,71,72,73,74,75,76,77,78,79,80,81,82,83,84,85,86,87,88,89,90,91,92,93,94,95,96,97,98,99]
CFO=-350.4781431400826,STO=3
EsN0dB=16.83,GRXdB=17,N0=0.015848932787775993
packet_number=1789,correct=True,payload=[0,1,2,3,4,5,6,7,8,9,10,11,12,13,14,15,16,17,18,19,20,21,22,23,24,25,26,27,28,29,30,31,32,33,34,35,36,37,38,39,40,41,42,43,44,45,46,47,48,49,50,51,52,53,54,55,56,57,58,59,60,61,62,63,64,65,66,67,68,69,70,71,72,73,74,75,76,77,78,79,80,81,82,83,84,85,86,87,88,89,90,91,92,93,94,95,96,97,98,99]
CFO=-541.658784333687,STO=3
EsN0dB=16.80,GRXdB=17,N0=0.015848932787775993
packet_number=1790,correct=True,payload=[0,1,2,3,4,5,6,7,8,9,10,11,12,13,14,15,16,17,18,19,20,21,22,23,24,25,26,27,28,29,30,31,32,33,34,35,36,37,38,39,40,41,42,43,44,45,46,47,48,49,50,51,52,53,54,55,56,57,58,59,60,61,62,63,64,65,66,67,68,69,70,71,72,73,74,75,76,77,78,79,80,81,82,83,84,85,86,87,88,89,90,91,92,93,94,95,96,97,98,99]
CFO=-469.28412553667494,STO=2
EsN0dB=16.81,GRXdB=17,N0=0.015848932787775993
packet_number=1791,correct=False,payload=[0,1,2,3,4,7,2,7,8,9,10,1,14,13,14,15,16,17,26,19,28,17,6,19,24,25,24,27,12,29,15,31,32,33,34,35,36,37,39,39,44,33,162,47,44,45,46,47,48,49,50,51,60,55,54,55,184,57,62,59,188,61,190,63,64,65,66,67,64,69,70,67,72,73,104,79,76,109,78,79,80,81,210,83,68,87,86,87,88,121,92,123,92,93,95,95,96,97,98,99]
CFO=-483.42973189898674,STO=4
EsN0dB=16.77,GRXdB=17,N0=0.015848932787775993
packet_number=1792,correct=True,payload=[0,1,2,3,4,5,6,7,8,9,10,11,12,13,14,15,16,17,18,19,20,21,22,23,24,25,26,27,28,29,30,31,32,33,34,35,36,37,38,39,40,41,42,43,44,45,46,47,48,49,50,51,52,53,54,55,56,57,58,59,60,61,62,63,64,65,66,67,68,69,70,71,72,73,74,75,76,77,78,79,80,81,82,83,84,85,86,87,88,89,90,91,92,93,94,95,96,97,98,99]
CFO=-361.855210584914,STO=3
EsN0dB=16.78,GRXdB=17,N0=0.015848932787775993
packet_number=1793,correct=True,payload=[0,1,2,3,4,5,6,7,8,9,10,11,12,13,14,15,16,17,18,19,20,21,22,23,24,25,26,27,28,29,30,31,32,33,34,35,36,37,38,39,40,41,42,43,44,45,46,47,48,49,50,51,52,53,54,55,56,57,58,59,60,61,62,63,64,65,66,67,68,69,70,71,72,73,74,75,76,77,78,79,80,81,82,83,84,85,86,87,88,89,90,91,92,93,94,95,96,97,98,99]
CFO=-456.4157111883026,STO=6
EsN0dB=16.80,GRXdB=17,N0=0.015848932787775993
packet_number=1794,correct=True,payload=[0,1,2,3,4,5,6,7,8,9,10,11,12,13,14,15,16,17,18,19,20,21,22,23,24,25,26,27,28,29,30,31,32,33,34,35,36,37,38,39,40,41,42,43,44,45,46,47,48,49,50,51,52,53,54,55,56,57,58,59,60,61,62,63,64,65,66,67,68,69,70,71,72,73,74,75,76,77,78,79,80,81,82,83,84,85,86,87,88,89,90,91,92,93,94,95,96,97,98,99]
CFO=-455.5473522422609,STO=1
EsN0dB=16.71,GRXdB=17,N0=0.015848932787775993
packet_number=1795,correct=True,payload=[0,1,2,3,4,5,6,7,8,9,10,11,12,13,14,15,16,17,18,19,20,21,22,23,24,25,26,27,28,29,30,31,32,33,34,35,36,37,38,39,40,41,42,43,44,45,46,47,48,49,50,51,52,53,54,55,56,57,58,59,60,61,62,63,64,65,66,67,68,69,70,71,72,73,74,75,76,77,78,79,80,81,82,83,84,85,86,87,88,89,90,91,92,93,94,95,96,97,98,99]
CFO=-329.8888580521965,STO=1
EsN0dB=16.80,GRXdB=17,N0=0.015848932787775993
packet_number=1796,correct=False,payload=[0,1,2,3,4,5,6,7,8,9,10,11,12,13,14,15,16,17,18,19,20,21,22,23,24,25,26,27,28,29,30,31,32,33,34,35,36,37,38,39,40,41,42,43,44,45,46,47,48,49,50,51,52,53,54,55,56,57,58,59,60,61,62,63,64,65,66,67,68,69,70,71,72,73,74,75,76,77,78,79,80,81,82,83,84,85,86,87,88,89,90,91,92,93,94,95,96,33,98,99]
CFO=-401.65798974857194,STO=3
EsN0dB=16.77,GRXdB=17,N0=0.015848932787775993
packet_number=1797,correct=True,payload=[0,1,2,3,4,5,6,7,8,9,10,11,12,13,14,15,16,17,18,19,20,21,22,23,24,25,26,27,28,29,30,31,32,33,34,35,36,37,38,39,40,41,42,43,44,45,46,47,48,49,50,51,52,53,54,55,56,57,58,59,60,61,62,63,64,65,66,67,68,69,70,71,72,73,74,75,76,77,78,79,80,81,82,83,84,85,86,87,88,89,90,91,92,93,94,95,96,97,98,99]
CFO=-339.4639887847447,STO=1
EsN0dB=16.78,GRXdB=17,N0=0.015848932787775993
packet_number=1798,correct=True,payload=[0,1,2,3,4,5,6,7,8,9,10,11,12,13,14,15,16,17,18,19,20,21,22,23,24,25,26,27,28,29,30,31,32,33,34,35,36,37,38,39,40,41,42,43,44,45,46,47,48,49,50,51,52,53,54,55,56,57,58,59,60,61,62,63,64,65,66,67,68,69,70,71,72,73,74,75,76,77,78,79,80,81,82,83,84,85,86,87,88,89,90,91,92,93,94,95,96,97,98,99]
CFO=-315.5311126547258,STO=7
EsN0dB=16.84,GRXdB=17,N0=0.015848932787775993
packet_number=1799,correct=False,payload=[0,1,2,3,4,5,6,7,8,9,10,11,12,13,14,15,16,17,18,19,20,5,22,23,24,25,26,27,28,29,30,31,32,33,34,35,36,37,38,39,40,41,42,43,44,45,46,47,48,49,50,51,52,53,54,55,56,57,58,59,60,61,62,63,64,65,66,67,68,69,70,71,72,73,74,75,76,77,78,79,80,81,82,83,84,85,86,87,88,89,90,91,92,93,94,95,96,97,98,99]
CFO=-426.675988467042,STO=3
EsN0dB=16.76,GRXdB=17,N0=0.015848932787775993
packet_number=1800,correct=True,payload=[0,1,2,3,4,5,6,7,8,9,10,11,12,13,14,15,16,17,18,19,20,21,22,23,24,25,26,27,28,29,30,31,32,33,34,35,36,37,38,39,40,41,42,43,44,45,46,47,48,49,50,51,52,53,54,55,56,57,58,59,60,61,62,63,64,65,66,67,68,69,70,71,72,73,74,75,76,77,78,79,80,81,82,83,84,85,86,87,88,89,90,91,92,93,94,95,96,97,98,99]
CFO=-308.68032026651355,STO=1
EsN0dB=16.81,GRXdB=17,N0=0.015848932787775993
packet_number=1801,correct=False,payload=[0,1,2,3,4,5,6,7,8,9,10,11,12,13,14,14,16,17,18,19,20,21,22,23,24,25,26,27,28,29,30,31,32,33,34,35,36,37,38,39,40,41,42,43,44,45,46,47,48,49,50,51,52,53,54,55,56,57,58,63,60,61,62,63,64,65,66,67,68,69,70,71,72,73,90,75,76,77,78,79,80,81,66,83,84,85,86,87,88,89,90,91,92,93,94,95,96,97,98,99]
CFO=-377.31313818931835,STO=5
EsN0dB=16.78,GRXdB=17,N0=0.015848932787775993
packet_number=1802,correct=True,payload=[0,1,2,3,4,5,6,7,8,9,10,11,12,13,14,15,16,17,18,19,20,21,22,23,24,25,26,27,28,29,30,31,32,33,34,35,36,37,38,39,40,41,42,43,44,45,46,47,48,49,50,51,52,53,54,55,56,57,58,59,60,61,62,63,64,65,66,67,68,69,70,71,72,73,74,75,76,77,78,79,80,81,82,83,84,85,86,87,88,89,90,91,92,93,94,95,96,97,98,99]
CFO=-345.11300583110295,STO=6
EsN0dB=16.82,GRXdB=17,N0=0.015848932787775993
packet_number=1803,correct=True,payload=[0,1,2,3,4,5,6,7,8,9,10,11,12,13,14,15,16,17,18,19,20,21,22,23,24,25,26,27,28,29,30,31,32,33,34,35,36,37,38,39,40,41,42,43,44,45,46,47,48,49,50,51,52,53,54,55,56,57,58,59,60,61,62,63,64,65,66,67,68,69,70,71,72,73,74,75,76,77,78,79,80,81,82,83,84,85,86,87,88,89,90,91,92,93,94,95,96,97,98,99]
CFO=-568.8145373986325,STO=6
EsN0dB=16.76,GRXdB=17,N0=0.015848932787775993
packet_number=1804,correct=True,payload=[0,1,2,3,4,5,6,7,8,9,10,11,12,13,14,15,16,17,18,19,20,21,22,23,24,25,26,27,28,29,30,31,32,33,34,35,36,37,38,39,40,41,42,43,44,45,46,47,48,49,50,51,52,53,54,55,56,57,58,59,60,61,62,63,64,65,66,67,68,69,70,71,72,73,74,75,76,77,78,79,80,81,82,83,84,85,86,87,88,89,90,91,92,93,94,95,96,97,98,99]
CFO=-371.24304472381573,STO=5
EsN0dB=16.79,GRXdB=17,N0=0.015848932787775993
packet_number=1805,correct=True,payload=[0,1,2,3,4,5,6,7,8,9,10,11,12,13,14,15,16,17,18,19,20,21,22,23,24,25,26,27,28,29,30,31,32,33,34,35,36,37,38,39,40,41,42,43,44,45,46,47,48,49,50,51,52,53,54,55,56,57,58,59,60,61,62,63,64,65,66,67,68,69,70,71,72,73,74,75,76,77,78,79,80,81,82,83,84,85,86,87,88,89,90,91,92,93,94,95,96,97,98,99]
CFO=-336.0449810705263,STO=7
EsN0dB=16.80,GRXdB=17,N0=0.015848932787775993
packet_number=1806,correct=True,payload=[0,1,2,3,4,5,6,7,8,9,10,11,12,13,14,15,16,17,18,19,20,21,22,23,24,25,26,27,28,29,30,31,32,33,34,35,36,37,38,39,40,41,42,43,44,45,46,47,48,49,50,51,52,53,54,55,56,57,58,59,60,61,62,63,64,65,66,67,68,69,70,71,72,73,74,75,76,77,78,79,80,81,82,83,84,85,86,87,88,89,90,91,92,93,94,95,96,97,98,99]
CFO=-516.9861489130931,STO=3
EsN0dB=16.79,GRXdB=17,N0=0.015848932787775993
packet_number=1807,correct=True,payload=[0,1,2,3,4,5,6,7,8,9,10,11,12,13,14,15,16,17,18,19,20,21,22,23,24,25,26,27,28,29,30,31,32,33,34,35,36,37,38,39,40,41,42,43,44,45,46,47,48,49,50,51,52,53,54,55,56,57,58,59,60,61,62,63,64,65,66,67,68,69,70,71,72,73,74,75,76,77,78,79,80,81,82,83,84,85,86,87,88,89,90,91,92,93,94,95,96,97,98,99]
CFO=-421.27005975051924,STO=4
EsN0dB=16.85,GRXdB=17,N0=0.015848932787775993
packet_number=1808,correct=True,payload=[0,1,2,3,4,5,6,7,8,9,10,11,12,13,14,15,16,17,18,19,20,21,22,23,24,25,26,27,28,29,30,31,32,33,34,35,36,37,38,39,40,41,42,43,44,45,46,47,48,49,50,51,52,53,54,55,56,57,58,59,60,61,62,63,64,65,66,67,68,69,70,71,72,73,74,75,76,77,78,79,80,81,82,83,84,85,86,87,88,89,90,91,92,93,94,95,96,97,98,99]
CFO=-432.36553011667894,STO=6
EsN0dB=16.86,GRXdB=17,N0=0.015848932787775993
packet_number=1809,correct=True,payload=[0,1,2,3,4,5,6,7,8,9,10,11,12,13,14,15,16,17,18,19,20,21,22,23,24,25,26,27,28,29,30,31,32,33,34,35,36,37,38,39,40,41,42,43,44,45,46,47,48,49,50,51,52,53,54,55,56,57,58,59,60,61,62,63,64,65,66,67,68,69,70,71,72,73,74,75,76,77,78,79,80,81,82,83,84,85,86,87,88,89,90,91,92,93,94,95,96,97,98,99]
CFO=-449.4868340853603,STO=1
EsN0dB=16.82,GRXdB=17,N0=0.015848932787775993
packet_number=1810,correct=False,payload=[0,1,2,3,4,5,6,7,8,9,10,11,12,13,14,15,16,17,18,19,4,21,22,23,24,25,26,27,28,29,30,31,32,33,34,35,36,37,38,39,40,41,42,43,44,45,46,47,48,49,50,51,52,53,54,55,56,57,58,59,60,61,62,63,64,65,66,67,68,69,70,71,72,73,74,75,76,77,78,79,80,81,82,83,84,85,86,87,88,89,90,91,92,93,94,95,96,97,98,99]
CFO=-322.324601415917,STO=5
EsN0dB=16.80,GRXdB=17,N0=0.015848932787775993
packet_number=1811,correct=True,payload=[0,1,2,3,4,5,6,7,8,9,10,11,12,13,14,15,16,17,18,19,20,21,22,23,24,25,26,27,28,29,30,31,32,33,34,35,36,37,38,39,40,41,42,43,44,45,46,47,48,49,50,51,52,53,54,55,56,57,58,59,60,61,62,63,64,65,66,67,68,69,70,71,72,73,74,75,76,77,78,79,80,81,82,83,84,85,86,87,88,89,90,91,92,93,94,95,96,97,98,99]
CFO=-450.949336483422,STO=5
EsN0dB=16.79,GRXdB=17,N0=0.015848932787775993
packet_number=1812,correct=True,payload=[0,1,2,3,4,5,6,7,8,9,10,11,12,13,14,15,16,17,18,19,20,21,22,23,24,25,26,27,28,29,30,31,32,33,34,35,36,37,38,39,40,41,42,43,44,45,46,47,48,49,50,51,52,53,54,55,56,57,58,59,60,61,62,63,64,65,66,67,68,69,70,71,72,73,74,75,76,77,78,79,80,81,82,83,84,85,86,87,88,89,90,91,92,93,94,95,96,97,98,99]
CFO=-448.23288368734654,STO=0
EsN0dB=16.78,GRXdB=17,N0=0.015848932787775993
packet_number=1813,correct=True,payload=[0,1,2,3,4,5,6,7,8,9,10,11,12,13,14,15,16,17,18,19,20,21,22,23,24,25,26,27,28,29,30,31,32,33,34,35,36,37,38,39,40,41,42,43,44,45,46,47,48,49,50,51,52,53,54,55,56,57,58,59,60,61,62,63,64,65,66,67,68,69,70,71,72,73,74,75,76,77,78,79,80,81,82,83,84,85,86,87,88,89,90,91,92,93,94,95,96,97,98,99]
CFO=-535.0779682161835,STO=1
EsN0dB=16.80,GRXdB=17,N0=0.015848932787775993
packet_number=1814,correct=False,payload=[0,1,2,1,4,5,6,3,128,9,2,11,12,13,14,15,144,17,18,19,20,21,22,23,24,25,26,27,28,29,30,15,32,33,34,35,36,37,38,39,24,41,42,43,44,45,46,47,48,48,50,51,54,52,54,55,56,57,58,59,60,61,62,63,64,65,66,67,68,5,70,71,72,8,74,75,76,77,78,71,80,81,82,83,88,85,86,95,88,89,90,91,92,93,94,95,96,33,114,99]
CFO=1165.6702029913408,STO=2
EsN0dB=nan,GRXdB=17,N0=0.015848932787775993
packet_number=1815,correct=False,payload=[58,238,75,213,208,168,166,75,33,150,182,184,41,31,118,209,101,169,22,172,167,131,154,86,111,51,38,243,25,11,190,128,199,59,14,118,6,253,246,99,209,122,188,146,141,156,136,239,161,51,80,136,23,250,53,104,182,245,212,226,141,29,127,105,154,106,150,123,51,136,83,205,159,42,107,5,122,76,145,59,56,167,229,161,42,95,39,164,28,156,93,197,102,92,123,140,152,1,61,57]
CFO=-514.2056334486305,STO=5
EsN0dB=16.82,GRXdB=17,N0=0.015848932787775993
packet_number=1816,correct=True,payload=[0,1,2,3,4,5,6,7,8,9,10,11,12,13,14,15,16,17,18,19,20,21,22,23,24,25,26,27,28,29,30,31,32,33,34,35,36,37,38,39,40,41,42,43,44,45,46,47,48,49,50,51,52,53,54,55,56,57,58,59,60,61,62,63,64,65,66,67,68,69,70,71,72,73,74,75,76,77,78,79,80,81,82,83,84,85,86,87,88,89,90,91,92,93,94,95,96,97,98,99]
CFO=-534.6294998925553,STO=5
EsN0dB=16.81,GRXdB=17,N0=0.015848932787775993
packet_number=1817,correct=True,payload=[0,1,2,3,4,5,6,7,8,9,10,11,12,13,14,15,16,17,18,19,20,21,22,23,24,25,26,27,28,29,30,31,32,33,34,35,36,37,38,39,40,41,42,43,44,45,46,47,48,49,50,51,52,53,54,55,56,57,58,59,60,61,62,63,64,65,66,67,68,69,70,71,72,73,74,75,76,77,78,79,80,81,82,83,84,85,86,87,88,89,90,91,92,93,94,95,96,97,98,99]
CFO=-573.4319705789401,STO=5
EsN0dB=16.79,GRXdB=17,N0=0.015848932787775993
packet_number=1818,correct=True,payload=[0,1,2,3,4,5,6,7,8,9,10,11,12,13,14,15,16,17,18,19,20,21,22,23,24,25,26,27,28,29,30,31,32,33,34,35,36,37,38,39,40,41,42,43,44,45,46,47,48,49,50,51,52,53,54,55,56,57,58,59,60,61,62,63,64,65,66,67,68,69,70,71,72,73,74,75,76,77,78,79,80,81,82,83,84,85,86,87,88,89,90,91,92,93,94,95,96,97,98,99]
CFO=-546.7133614788427,STO=2
EsN0dB=16.76,GRXdB=17,N0=0.015848932787775993
packet_number=1819,correct=True,payload=[0,1,2,3,4,5,6,7,8,9,10,11,12,13,14,15,16,17,18,19,20,21,22,23,24,25,26,27,28,29,30,31,32,33,34,35,36,37,38,39,40,41,42,43,44,45,46,47,48,49,50,51,52,53,54,55,56,57,58,59,60,61,62,63,64,65,66,67,68,69,70,71,72,73,74,75,76,77,78,79,80,81,82,83,84,85,86,87,88,89,90,91,92,93,94,95,96,97,98,99]
CFO=-492.18085248322905,STO=4
EsN0dB=16.83,GRXdB=17,N0=0.015848932787775993
packet_number=1820,correct=True,payload=[0,1,2,3,4,5,6,7,8,9,10,11,12,13,14,15,16,17,18,19,20,21,22,23,24,25,26,27,28,29,30,31,32,33,34,35,36,37,38,39,40,41,42,43,44,45,46,47,48,49,50,51,52,53,54,55,56,57,58,59,60,61,62,63,64,65,66,67,68,69,70,71,72,73,74,75,76,77,78,79,80,81,82,83,84,85,86,87,88,89,90,91,92,93,94,95,96,97,98,99]
CFO=-493.5776024525621,STO=4
EsN0dB=16.77,GRXdB=17,N0=0.015848932787775993
packet_number=1821,correct=True,payload=[0,1,2,3,4,5,6,7,8,9,10,11,12,13,14,15,16,17,18,19,20,21,22,23,24,25,26,27,28,29,30,31,32,33,34,35,36,37,38,39,40,41,42,43,44,45,46,47,48,49,50,51,52,53,54,55,56,57,58,59,60,61,62,63,64,65,66,67,68,69,70,71,72,73,74,75,76,77,78,79,80,81,82,83,84,85,86,87,88,89,90,91,92,93,94,95,96,97,98,99]
CFO=-470.38264762818534,STO=6
EsN0dB=16.81,GRXdB=17,N0=0.015848932787775993
packet_number=1822,correct=True,payload=[0,1,2,3,4,5,6,7,8,9,10,11,12,13,14,15,16,17,18,19,20,21,22,23,24,25,26,27,28,29,30,31,32,33,34,35,36,37,38,39,40,41,42,43,44,45,46,47,48,49,50,51,52,53,54,55,56,57,58,59,60,61,62,63,64,65,66,67,68,69,70,71,72,73,74,75,76,77,78,79,80,81,82,83,84,85,86,87,88,89,90,91,92,93,94,95,96,97,98,99]
CFO=-362.8736913970883,STO=0
EsN0dB=16.81,GRXdB=17,N0=0.015848932787775993
packet_number=1823,correct=True,payload=[0,1,2,3,4,5,6,7,8,9,10,11,12,13,14,15,16,17,18,19,20,21,22,23,24,25,26,27,28,29,30,31,32,33,34,35,36,37,38,39,40,41,42,43,44,45,46,47,48,49,50,51,52,53,54,55,56,57,58,59,60,61,62,63,64,65,66,67,68,69,70,71,72,73,74,75,76,77,78,79,80,81,82,83,84,85,86,87,88,89,90,91,92,93,94,95,96,97,98,99]
CFO=-434.93678210305507,STO=4
EsN0dB=16.79,GRXdB=17,N0=0.015848932787775993
packet_number=1824,correct=True,payload=[0,1,2,3,4,5,6,7,8,9,10,11,12,13,14,15,16,17,18,19,20,21,22,23,24,25,26,27,28,29,30,31,32,33,34,35,36,37,38,39,40,41,42,43,44,45,46,47,48,49,50,51,52,53,54,55,56,57,58,59,60,61,62,63,64,65,66,67,68,69,70,71,72,73,74,75,76,77,78,79,80,81,82,83,84,85,86,87,88,89,90,91,92,93,94,95,96,97,98,99]
CFO=-267.4589428287557,STO=4
EsN0dB=16.79,GRXdB=17,N0=0.015848932787775993
packet_number=1825,correct=True,payload=[0,1,2,3,4,5,6,7,8,9,10,11,12,13,14,15,16,17,18,19,20,21,22,23,24,25,26,27,28,29,30,31,32,33,34,35,36,37,38,39,40,41,42,43,44,45,46,47,48,49,50,51,52,53,54,55,56,57,58,59,60,61,62,63,64,65,66,67,68,69,70,71,72,73,74,75,76,77,78,79,80,81,82,83,84,85,86,87,88,89,90,91,92,93,94,95,96,97,98,99]
CFO=-400.22053730645064,STO=4
EsN0dB=16.81,GRXdB=17,N0=0.015848932787775993
packet_number=1826,correct=False,payload=[0,1,2,3,4,5,6,7,8,9,10,11,12,13,14,15,16,17,18,19,20,21,22,23,24,25,26,27,28,29,30,31,32,33,34,35,36,37,38,39,40,41,42,43,44,45,46,47,48,49,50,51,52,53,54,55,56,57,58,59,60,61,62,63,64,65,66,67,68,69,70,71,72,73,74,75,76,77,78,79,80,81,82,83,84,85,86,87,88,89,90,91,28,93,94,95,96,97,98,99]
CFO=-491.11823038774685,STO=1
EsN0dB=16.84,GRXdB=17,N0=0.015848932787775993
packet_number=1827,correct=True,payload=[0,1,2,3,4,5,6,7,8,9,10,11,12,13,14,15,16,17,18,19,20,21,22,23,24,25,26,27,28,29,30,31,32,33,34,35,36,37,38,39,40,41,42,43,44,45,46,47,48,49,50,51,52,53,54,55,56,57,58,59,60,61,62,63,64,65,66,67,68,69,70,71,72,73,74,75,76,77,78,79,80,81,82,83,84,85,86,87,88,89,90,91,92,93,94,95,96,97,98,99]
CFO=-566.2855887106315,STO=2
EsN0dB=16.79,GRXdB=17,N0=0.015848932787775993
packet_number=1828,correct=True,payload=[0,1,2,3,4,5,6,7,8,9,10,11,12,13,14,15,16,17,18,19,20,21,22,23,24,25,26,27,28,29,30,31,32,33,34,35,36,37,38,39,40,41,42,43,44,45,46,47,48,49,50,51,52,53,54,55,56,57,58,59,60,61,62,63,64,65,66,67,68,69,70,71,72,73,74,75,76,77,78,79,80,81,82,83,84,85,86,87,88,89,90,91,92,93,94,95,96,97,98,99]
CFO=-491.67448763421436,STO=7
EsN0dB=16.81,GRXdB=17,N0=0.015848932787775993
packet_number=1829,correct=True,payload=[0,1,2,3,4,5,6,7,8,9,10,11,12,13,14,15,16,17,18,19,20,21,22,23,24,25,26,27,28,29,30,31,32,33,34,35,36,37,38,39,40,41,42,43,44,45,46,47,48,49,50,51,52,53,54,55,56,57,58,59,60,61,62,63,64,65,66,67,68,69,70,71,72,73,74,75,76,77,78,79,80,81,82,83,84,85,86,87,88,89,90,91,92,93,94,95,96,97,98,99]
CFO=-446.89047285320726,STO=3
EsN0dB=16.85,GRXdB=17,N0=0.015848932787775993
packet_number=1830,correct=True,payload=[0,1,2,3,4,5,6,7,8,9,10,11,12,13,14,15,16,17,18,19,20,21,22,23,24,25,26,27,28,29,30,31,32,33,34,35,36,37,38,39,40,41,42,43,44,45,46,47,48,49,50,51,52,53,54,55,56,57,58,59,60,61,62,63,64,65,66,67,68,69,70,71,72,73,74,75,76,77,78,79,80,81,82,83,84,85,86,87,88,89,90,91,92,93,94,95,96,97,98,99]
CFO=-410.0089632259703,STO=5
EsN0dB=16.75,GRXdB=17,N0=0.015848932787775993
packet_number=1831,correct=True,payload=[0,1,2,3,4,5,6,7,8,9,10,11,12,13,14,15,16,17,18,19,20,21,22,23,24,25,26,27,28,29,30,31,32,33,34,35,36,37,38,39,40,41,42,43,44,45,46,47,48,49,50,51,52,53,54,55,56,57,58,59,60,61,62,63,64,65,66,67,68,69,70,71,72,73,74,75,76,77,78,79,80,81,82,83,84,85,86,87,88,89,90,91,92,93,94,95,96,97,98,99]
CFO=-541.9209047010536,STO=2
EsN0dB=16.80,GRXdB=17,N0=0.015848932787775993
packet_number=1832,correct=False,payload=[0,1,2,2,12,1,4,15,0,10,26,11,28,12,14,15,16,1,54,19,48,21,6,23,16,17,26,27,28,29,30,63,32,32,34,35,44,39,36,6,32,9,10,15,44,121,110,111,48,49,98,34,52,117,52,63,120,56,58,123,56,125,126,63,128,65,66,67,68,69,4,71,8,9,66,75,72,75,222,15,80,113,82,67,220,244,86,215,216,146,222,223,92,221,94,159,192,97,66,71]
CFO=-406.29943531268026,STO=0
EsN0dB=16.77,GRXdB=17,N0=0.015848932787775993
packet_number=1833,correct=True,payload=[0,1,2,3,4,5,6,7,8,9,10,11,12,13,14,15,16,17,18,19,20,21,22,23,24,25,26,27,28,29,30,31,32,33,34,35,36,37,38,39,40,41,42,43,44,45,46,47,48,49,50,51,52,53,54,55,56,57,58,59,60,61,62,63,64,65,66,67,68,69,70,71,72,73,74,75,76,77,78,79,80,81,82,83,84,85,86,87,88,89,90,91,92,93,94,95,96,97,98,99]
CFO=-284.15294494545543,STO=4
EsN0dB=16.80,GRXdB=17,N0=0.015848932787775993
packet_number=1834,correct=True,payload=[0,1,2,3,4,5,6,7,8,9,10,11,12,13,14,15,16,17,18,19,20,21,22,23,24,25,26,27,28,29,30,31,32,33,34,35,36,37,38,39,40,41,42,43,44,45,46,47,48,49,50,51,52,53,54,55,56,57,58,59,60,61,62,63,64,65,66,67,68,69,70,71,72,73,74,75,76,77,78,79,80,81,82,83,84,85,86,87,88,89,90,91,92,93,94,95,96,97,98,99]
CFO=-493.1440158779066,STO=4
EsN0dB=16.82,GRXdB=17,N0=0.015848932787775993
packet_number=1835,correct=True,payload=[0,1,2,3,4,5,6,7,8,9,10,11,12,13,14,15,16,17,18,19,20,21,22,23,24,25,26,27,28,29,30,31,32,33,34,35,36,37,38,39,40,41,42,43,44,45,46,47,48,49,50,51,52,53,54,55,56,57,58,59,60,61,62,63,64,65,66,67,68,69,70,71,72,73,74,75,76,77,78,79,80,81,82,83,84,85,86,87,88,89,90,91,92,93,94,95,96,97,98,99]
CFO=-424.2760248184451,STO=4
EsN0dB=16.77,GRXdB=17,N0=0.015848932787775993
packet_number=1836,correct=True,payload=[0,1,2,3,4,5,6,7,8,9,10,11,12,13,14,15,16,17,18,19,20,21,22,23,24,25,26,27,28,29,30,31,32,33,34,35,36,37,38,39,40,41,42,43,44,45,46,47,48,49,50,51,52,53,54,55,56,57,58,59,60,61,62,63,64,65,66,67,68,69,70,71,72,73,74,75,76,77,78,79,80,81,82,83,84,85,86,87,88,89,90,91,92,93,94,95,96,97,98,99]
CFO=-373.18280066114835,STO=2
EsN0dB=16.81,GRXdB=17,N0=0.015848932787775993
packet_number=1837,correct=True,payload=[0,1,2,3,4,5,6,7,8,9,10,11,12,13,14,15,16,17,18,19,20,21,22,23,24,25,26,27,28,29,30,31,32,33,34,35,36,37,38,39,40,41,42,43,44,45,46,47,48,49,50,51,52,53,54,55,56,57,58,59,60,61,62,63,64,65,66,67,68,69,70,71,72,73,74,75,76,77,78,79,80,81,82,83,84,85,86,87,88,89,90,91,92,93,94,95,96,97,98,99]
CFO=-267.23290032692694,STO=3
EsN0dB=16.74,GRXdB=17,N0=0.015848932787775993
packet_number=1838,correct=True,payload=[0,1,2,3,4,5,6,7,8,9,10,11,12,13,14,15,16,17,18,19,20,21,22,23,24,25,26,27,28,29,30,31,32,33,34,35,36,37,38,39,40,41,42,43,44,45,46,47,48,49,50,51,52,53,54,55,56,57,58,59,60,61,62,63,64,65,66,67,68,69,70,71,72,73,74,75,76,77,78,79,80,81,82,83,84,85,86,87,88,89,90,91,92,93,94,95,96,97,98,99]
CFO=-506.7462605331995,STO=5
EsN0dB=16.73,GRXdB=17,N0=0.015848932787775993
packet_number=1839,correct=True,payload=[0,1,2,3,4,5,6,7,8,9,10,11,12,13,14,15,16,17,18,19,20,21,22,23,24,25,26,27,28,29,30,31,32,33,34,35,36,37,38,39,40,41,42,43,44,45,46,47,48,49,50,51,52,53,54,55,56,57,58,59,60,61,62,63,64,65,66,67,68,69,70,71,72,73,74,75,76,77,78,79,80,81,82,83,84,85,86,87,88,89,90,91,92,93,94,95,96,97,98,99]
CFO=-384.53549998315964,STO=0
EsN0dB=16.78,GRXdB=17,N0=0.015848932787775993
packet_number=1840,correct=False,payload=[0,1,2,1,0,5,6,7,8,8,10,11,12,7,14,15,16,17,18,3,148,21,30,23,24,25,26,31,28,29,30,31,32,33,2,35,36,37,38,39,136,41,58,43,44,45,174,47,48,49,58,49,52,53,182,55,24,61,63,59,60,61,62,63,64,65,66,67,68,64,70,71,8,73,74,75,76,76,14,71,80,89,50,83,84,85,82,87,88,92,90,91,92,29,30,95,112,97,98,97]
CFO=-510.99639317610917,STO=3
EsN0dB=16.82,GRXdB=17,N0=0.015848932787775993
packet_number=1841,correct=True,payload=[0,1,2,3,4,5,6,7,8,9,10,11,12,13,14,15,16,17,18,19,20,21,22,23,24,25,26,27,28,29,30,31,32,33,34,35,36,37,38,39,40,41,42,43,44,45,46,47,48,49,50,51,52,53,54,55,56,57,58,59,60,61,62,63,64,65,66,67,68,69,70,71,72,73,74,75,76,77,78,79,80,81,82,83,84,85,86,87,88,89,90,91,92,93,94,95,96,97,98,99]
CFO=-415.91387520685794,STO=6
EsN0dB=16.81,GRXdB=17,N0=0.015848932787775993
packet_number=1842,correct=True,payload=[0,1,2,3,4,5,6,7,8,9,10,11,12,13,14,15,16,17,18,19,20,21,22,23,24,25,26,27,28,29,30,31,32,33,34,35,36,37,38,39,40,41,42,43,44,45,46,47,48,49,50,51,52,53,54,55,56,57,58,59,60,61,62,63,64,65,66,67,68,69,70,71,72,73,74,75,76,77,78,79,80,81,82,83,84,85,86,87,88,89,90,91,92,93,94,95,96,97,98,99]
CFO=-429.8214625203588,STO=3
EsN0dB=16.79,GRXdB=17,N0=0.015848932787775993
packet_number=1843,correct=False,payload=[0,0,2,3,4,5,6,7,8,9,10,11,12,13,14,15,16,17,18,19,20,21,22,22,16,25,18,27,28,29,30,63,0,33,34,99,36,37,46,111,40,43,38,11,40,41,14,47,48,33,50,51,52,53,54,55,56,57,58,59,60,63,62,62,64,1,66,67,68,69,198,71,72,73,10,75,76,77,78,79,80,17,82,83,84,77,86,87,88,25,90,27,92,93,92,95,96,97,98,99]
CFO=-450.2819107934321,STO=6
EsN0dB=16.83,GRXdB=17,N0=0.015848932787775993
packet_number=1844,correct=False,payload=[0,1,2,3,4,5,6,7,8,9,10,11,12,13,12,15,16,17,18,18,20,21,22,23,24,17,26,27,28,29,30,31,32,33,34,35,36,37,38,39,40,41,42,43,44,45,46,47,48,49,50,51,52,53,54,55,56,57,58,59,60,61,62,63,64,65,66,67,68,69,70,71,72,73,74,75,76,77,78,79,80,17,82,83,84,85,86,87,88,89,90,91,92,93,126,95,96,97,98,227]
CFO=-410.28673611018485,STO=7
EsN0dB=16.84,GRXdB=17,N0=0.015848932787775993
packet_number=1845,correct=True,payload=[0,1,2,3,4,5,6,7,8,9,10,11,12,13,14,15,16,17,18,19,20,21,22,23,24,25,26,27,28,29,30,31,32,33,34,35,36,37,38,39,40,41,42,43,44,45,46,47,48,49,50,51,52,53,54,55,56,57,58,59,60,61,62,63,64,65,66,67,68,69,70,71,72,73,74,75,76,77,78,79,80,81,82,83,84,85,86,87,88,89,90,91,92,93,94,95,96,97,98,99]
CFO=-1000.1316749806001,STO=2
EsN0dB=-9.77,GRXdB=17,N0=0.015848932787775993
packet_number=1846,correct=False,payload=[110,109,67,229,219,121,222,201,200,169,82,222,68,106,60,6,116,149,227,147,204,67,177,42,239,71,27,126,191,255,140,95,148,220,103,174,41,49,4,162,68,240,48,110,126,0,155,209,119,124,233,128,134,210,225,245,85,132,9,2,177,65,39,164,229,81,31,66,111,230,71,151,161,157,30,158,207,186,116,53,178,46,148,205,33,29,95,193,132,24,66,142,142,0,239,166,98,0,152,111]
CFO=-673.519380810322,STO=2
EsN0dB=16.82,GRXdB=17,N0=0.015848932787775993
packet_number=1847,correct=True,payload=[0,1,2,3,4,5,6,7,8,9,10,11,12,13,14,15,16,17,18,19,20,21,22,23,24,25,26,27,28,29,30,31,32,33,34,35,36,37,38,39,40,41,42,43,44,45,46,47,48,49,50,51,52,53,54,55,56,57,58,59,60,61,62,63,64,65,66,67,68,69,70,71,72,73,74,75,76,77,78,79,80,81,82,83,84,85,86,87,88,89,90,91,92,93,94,95,96,97,98,99]
CFO=-458.19523634237174,STO=4
EsN0dB=16.77,GRXdB=17,N0=0.015848932787775993
packet_number=1848,correct=True,payload=[0,1,2,3,4,5,6,7,8,9,10,11,12,13,14,15,16,17,18,19,20,21,22,23,24,25,26,27,28,29,30,31,32,33,34,35,36,37,38,39,40,41,42,43,44,45,46,47,48,49,50,51,52,53,54,55,56,57,58,59,60,61,62,63,64,65,66,67,68,69,70,71,72,73,74,75,76,77,78,79,80,81,82,83,84,85,86,87,88,89,90,91,92,93,94,95,96,97,98,99]
CFO=-507.25941406849864,STO=2
EsN0dB=16.82,GRXdB=17,N0=0.015848932787775993
packet_number=1849,correct=False,payload=[0,1,3,3,4,5,134,7,12,9,11,11,12,13,14,15,144,17,18,27,4,21,18,23,24,25,26,27,28,13,30,31,32,33,50,35,164,33,38,39,40,41,42,43,44,45,46,47,48,49,50,51,52,53,54,55,24,57,58,59,60,61,62,63,64,65,2,67,66,69,70,71,200,73,74,73,76,77,78,79,80,89,210,83,84,85,71,95,88,89,90,91,124,29,94,95,96,97,99,99]
CFO=-544.8258102425881,STO=0
EsN0dB=16.76,GRXdB=17,N0=0.015848932787775993
packet_number=1850,correct=True,payload=[0,1,2,3,4,5,6,7,8,9,10,11,12,13,14,15,16,17,18,19,20,21,22,23,24,25,26,27,28,29,30,31,32,33,34,35,36,37,38,39,40,41,42,43,44,45,46,47,48,49,50,51,52,53,54,55,56,57,58,59,60,61,62,63,64,65,66,67,68,69,70,71,72,73,74,75,76,77,78,79,80,81,82,83,84,85,86,87,88,89,90,91,92,93,94,95,96,97,98,99]
CFO=-564.1385851496549,STO=3
EsN0dB=16.80,GRXdB=17,N0=0.015848932787775993
packet_number=1851,correct=True,payload=[0,1,2,3,4,5,6,7,8,9,10,11,12,13,14,15,16,17,18,19,20,21,22,23,24,25,26,27,28,29,30,31,32,33,34,35,36,37,38,39,40,41,42,43,44,45,46,47,48,49,50,51,52,53,54,55,56,57,58,59,60,61,62,63,64,65,66,67,68,69,70,71,72,73,74,75,76,77,78,79,80,81,82,83,84,85,86,87,88,89,90,91,92,93,94,95,96,97,98,99]
CFO=-374.38092967805477,STO=4
EsN0dB=16.80,GRXdB=17,N0=0.015848932787775993
packet_number=1852,correct=True,payload=[0,1,2,3,4,5,6,7,8,9,10,11,12,13,14,15,16,17,18,19,20,21,22,23,24,25,26,27,28,29,30,31,32,33,34,35,36,37,38,39,40,41,42,43,44,45,46,47,48,49,50,51,52,53,54,55,56,57,58,59,60,61,62,63,64,65,66,67,68,69,70,71,72,73,74,75,76,77,78,79,80,81,82,83,84,85,86,87,88,89,90,91,92,93,94,95,96,97,98,99]
CFO=-445.7460011383743,STO=6
EsN0dB=16.79,GRXdB=17,N0=0.015848932787775993
packet_number=1853,correct=True,payload=[0,1,2,3,4,5,6,7,8,9,10,11,12,13,14,15,16,17,18,19,20,21,22,23,24,25,26,27,28,29,30,31,32,33,34,35,36,37,38,39,40,41,42,43,44,45,46,47,48,49,50,51,52,53,54,55,56,57,58,59,60,61,62,63,64,65,66,67,68,69,70,71,72,73,74,75,76,77,78,79,80,81,82,83,84,85,86,87,88,89,90,91,92,93,94,95,96,97,98,99]
CFO=-457.8925913717265,STO=3
EsN0dB=16.77,GRXdB=17,N0=0.015848932787775993
packet_number=1854,correct=True,payload=[0,1,2,3,4,5,6,7,8,9,10,11,12,13,14,15,16,17,18,19,20,21,22,23,24,25,26,27,28,29,30,31,32,33,34,35,36,37,38,39,40,41,42,43,44,45,46,47,48,49,50,51,52,53,54,55,56,57,58,59,60,61,62,63,64,65,66,67,68,69,70,71,72,73,74,75,76,77,78,79,80,81,82,83,84,85,86,87,88,89,90,91,92,93,94,95,96,97,98,99]
CFO=-513.9024252245381,STO=4
EsN0dB=16.78,GRXdB=17,N0=0.015848932787775993
packet_number=1855,correct=True,payload=[0,1,2,3,4,5,6,7,8,9,10,11,12,13,14,15,16,17,18,19,20,21,22,23,24,25,26,27,28,29,30,31,32,33,34,35,36,37,38,39,40,41,42,43,44,45,46,47,48,49,50,51,52,53,54,55,56,57,58,59,60,61,62,63,64,65,66,67,68,69,70,71,72,73,74,75,76,77,78,79,80,81,82,83,84,85,86,87,88,89,90,91,92,93,94,95,96,97,98,99]
CFO=-435.52535231043976,STO=6
EsN0dB=16.78,GRXdB=17,N0=0.015848932787775993
packet_number=1856,correct=False,payload=[0,1,2,3,4,5,6,7,8,8,10,3,12,13,12,15,16,17,50,19,4,17,22,23,24,25,26,27,28,29,30,31,32,33,34,35,36,37,38,39,40,41,42,43,44,45,62,47,48,49,50,51,52,53,54,55,56,49,58,59,60,61,62,63,64,65,70,67,68,68,70,71,72,9,74,75,76,77,78,79,16,81,80,210,84,85,86,87,88,88,88,91,92,93,94,95,96,97,98,99]
CFO=-377.7493038718635,STO=1
EsN0dB=15.77,GRXdB=17,N0=0.019952623173594475
packet_number=1857,correct=False,payload=[0,1,130,3,4,5,6,3,8,9,10,11,12,12,14,15,144,25,19,19,20,21,30,23,28,25,26,27,156,29,30,31,32,49,35,35,52,36,38,39,56,41,40,43,44,47,38,47,56,49,178,49,52,53,54,55,56,57,58,59,60,63,62,63,64,97,66,67,68,69,70,71,72,73,11,75,76,77,78,79,80,81,82,83,80,85,86,87,88,89,90,91,92,93,94,95,96,97,98,115]
CFO=-1110.641171259579,STO=2
EsN0dB=nan,GRXdB=17,N0=0.019952623173594475
packet_number=1858,correct=False,payload=[124,95,76,255,254,170,200,38,101,27,45,56,227,233,160,162,14,25,99,44,146,90,0,157,247,83,228,246,87,44,164,191,189,99,125,226,0,126,244,114,142,183,109,123,115,164,152,26,196,117,167,203,76,222,95,101,109,111,198,215,113,239,222,82,59,177,248,74,193,216,130,216,74,11,52,72,186,196,57,142,167,209,151,156,195,223,22,21,17,194,130,154,137,23,68,17,35,124,254,151]
CFO=-340.8831206673735,STO=2
EsN0dB=15.80,GRXdB=17,N0=0.019952623173594475
packet_number=1859,correct=False,payload=[0,1,3,3,4,5,6,7,8,9,10,11,12,13,14,15,16,17,18,19,20,21,22,23,24,25,26,27,28,29,30,31,32,33,34,35,36,37,38,39,40,41,42,43,44,45,46,47,48,49,50,51,52,53,54,55,56,57,58,59,60,61,62,63,192,65,66,67,68,69,70,71,72,73,74,75,76,77,78,79,80,81,82,83,84,85,86,87,88,89,90,91,92,93,94,95,96,97,98,99]
CFO=-564.7379461072909,STO=6
EsN0dB=15.88,GRXdB=17,N0=0.019952623173594475
packet_number=1860,correct=False,payload=[0,1,2,3,4,5,6,7,8,9,10,11,12,13,14,15,16,17,18,19,20,21,22,23,24,25,26,27,28,29,30,31,32,33,34,99,36,37,38,39,40,41,42,43,44,45,46,47,48,49,50,51,52,53,54,55,56,57,58,59,60,61,62,63,64,65,66,67,68,69,70,71,72,73,74,75,76,77,78,79,80,80,82,83,84,85,86,87,120,89,90,91,92,93,94,95,96,97,98,99]
CFO=-369.9022940050997,STO=2
EsN0dB=15.74,GRXdB=17,N0=0.019952623173594475
packet_number=1861,correct=False,payload=[42,34,251,128,0,131,1,0,3,130,7,12,13,134,7,132,14,15,15,128,0,8,17,150,15,3,15,8,8,157,31,140,30,143,31,176,49,1,17,52,38,162,51,36,20,38,51,150,4,150,23,176,16,147,17,158,27,54,27,156,60,29,59,30,60,62,63,160,96,161,67,134,66,70,35,196,32,166,99,198,6,174,39,80,72,225,49,240,123,15,15,232,105,74,41,204,63,222,31,112]
CFO=-459.1749119565272,STO=1
EsN0dB=15.83,GRXdB=17,N0=0.019952623173594475
packet_number=1862,correct=True,payload=[0,1,2,3,4,5,6,7,8,9,10,11,12,13,14,15,16,17,18,19,20,21,22,23,24,25,26,27,28,29,30,31,32,33,34,35,36,37,38,39,40,41,42,43,44,45,46,47,48,49,50,51,52,53,54,55,56,57,58,59,60,61,62,63,64,65,66,67,68,69,70,71,72,73,74,75,76,77,78,79,80,81,82,83,84,85,86,87,88,89,90,91,92,93,94,95,96,97,98,99]
CFO=-517.6714801337196,STO=4
EsN0dB=15.82,GRXdB=17,N0=0.019952623173594475
packet_number=1863,correct=True,payload=[0,1,2,3,4,5,6,7,8,9,10,11,12,13,14,15,16,17,18,19,20,21,22,23,24,25,26,27,28,29,30,31,32,33,34,35,36,37,38,39,40,41,42,43,44,45,46,47,48,49,50,51,52,53,54,55,56,57,58,59,60,61,62,63,64,65,66,67,68,69,70,71,72,73,74,75,76,77,78,79,80,81,82,83,84,85,86,87,88,89,90,91,92,93,94,95,96,97,98,99]
CFO=-540.3459294830656,STO=2
EsN0dB=15.80,GRXdB=17,N0=0.019952623173594475
packet_number=1864,correct=False,payload=[128,1,2,3,4,3,6,7,8,9,10,11,12,12,14,15,16,17,144,3,20,18,22,23,24,25,26,27,30,29,30,31,32,1,50,35,36,23,35,39,40,41,10,43,44,45,46,15,48,49,50,49,50,21,54,55,184,56,26,57,62,61,30,63,128,65,66,67,68,69,70,7,72,105,66,75,108,69,78,79,88,81,90,83,84,85,70,87,88,89,90,89,92,93,158,95,32,113,34,99]
CFO=-378.13830448943685,STO=7
EsN0dB=15.81,GRXdB=17,N0=0.019952623173594475
packet_number=1865,correct=True,payload=[0,1,2,3,4,5,6,7,8,9,10,11,12,13,14,15,16,17,18,19,20,21,22,23,24,25,26,27,28,29,30,31,32,33,34,35,36,37,38,39,40,41,42,43,44,45,46,47,48,49,50,51,52,53,54,55,56,57,58,59,60,61,62,63,64,65,66,67,68,69,70,71,72,73,74,75,76,77,78,79,80,81,82,83,84,85,86,87,88,89,90,91,92,93,94,95,96,97,98,99]
CFO=-438.45435917052987,STO=1
EsN0dB=15.83,GRXdB=17,N0=0.019952623173594475
packet_number=1866,correct=True,payload=[0,1,2,3,4,5,6,7,8,9,10,11,12,13,14,15,16,17,18,19,20,21,22,23,24,25,26,27,28,29,30,31,32,33,34,35,36,37,38,39,40,41,42,43,44,45,46,47,48,49,50,51,52,53,54,55,56,57,58,59,60,61,62,63,64,65,66,67,68,69,70,71,72,73,74,75,76,77,78,79,80,81,82,83,84,85,86,87,88,89,90,91,92,93,94,95,96,97,98,99]
CFO=-526.5038277940289,STO=2
EsN0dB=15.83,GRXdB=17,N0=0.019952623173594475
packet_number=1867,correct=True,payload=[0,1,2,3,4,5,6,7,8,9,10,11,12,13,14,15,16,17,18,19,20,21,22,23,24,25,26,27,28,29,30,31,32,33,34,35,36,37,38,39,40,41,42,43,44,45,46,47,48,49,50,51,52,53,54,55,56,57,58,59,60,61,62,63,64,65,66,67,68,69,70,71,72,73,74,75,76,77,78,79,80,81,82,83,84,85,86,87,88,89,90,91,92,93,94,95,96,97,98,99]
CFO=-423.9597728303127,STO=3
EsN0dB=15.78,GRXdB=17,N0=0.019952623173594475
packet_number=1868,correct=True,payload=[0,1,2,3,4,5,6,7,8,9,10,11,12,13,14,15,16,17,18,19,20,21,22,23,24,25,26,27,28,29,30,31,32,33,34,35,36,37,38,39,40,41,42,43,44,45,46,47,48,49,50,51,52,53,54,55,56,57,58,59,60,61,62,63,64,65,66,67,68,69,70,71,72,73,74,75,76,77,78,79,80,81,82,83,84,85,86,87,88,89,90,91,92,93,94,95,96,97,98,99]
CFO=-483.439544366935,STO=2
EsN0dB=15.74,GRXdB=17,N0=0.019952623173594475
packet_number=1869,correct=False,payload=[0,1,130,3,0,13,7,7,136,9,10,3,12,7,14,15,16,17,18,19,20,19,22,31,24,25,26,11,28,29,30,31,32,32,48,51,4,37,38,51,40,40,42,43,44,45,174,47,48,49,51,51,52,53,54,51,56,57,58,59,62,60,63,31,96,65,3,99,100,69,134,71,72,73,78,77,68,77,78,79,80,89,16,83,244,85,78,87,200,89,90,91,92,124,94,95,96,97,96,99]
CFO=-532.2788950328824,STO=4
EsN0dB=15.82,GRXdB=17,N0=0.019952623173594475
packet_number=1870,correct=True,payload=[0,1,2,3,4,5,6,7,8,9,10,11,12,13,14,15,16,17,18,19,20,21,22,23,24,25,26,27,28,29,30,31,32,33,34,35,36,37,38,39,40,41,42,43,44,45,46,47,48,49,50,51,52,53,54,55,56,57,58,59,60,61,62,63,64,65,66,67,68,69,70,71,72,73,74,75,76,77,78,79,80,81,82,83,84,85,86,87,88,89,90,91,92,93,94,95,96,97,98,99]
CFO=-372.5801194726659,STO=5
EsN0dB=15.71,GRXdB=17,N0=0.019952623173594475
packet_number=1871,correct=True,payload=[0,1,2,3,4,5,6,7,8,9,10,11,12,13,14,15,16,17,18,19,20,21,22,23,24,25,26,27,28,29,30,31,32,33,34,35,36,37,38,39,40,41,42,43,44,45,46,47,48,49,50,51,52,53,54,55,56,57,58,59,60,61,62,63,64,65,66,67,68,69,70,71,72,73,74,75,76,77,78,79,80,81,82,83,84,85,86,87,88,89,90,91,92,93,94,95,96,97,98,99]
CFO=-550.551785496782,STO=1
EsN0dB=15.77,GRXdB=17,N0=0.019952623173594475
packet_number=1872,correct=False,payload=[0,1,2,3,4,7,6,7,8,9,10,3,14,13,15,15,16,17,18,19,20,29,22,23,24,29,26,27,28,29,14,31,32,33,34,35,36,37,38,39,40,41,42,43,172,45,46,47,48,49,18,51,52,53,50,55,60,57,58,59,60,61,62,63,64,65,66,67,68,101,70,71,72,73,72,75,78,77,78,79,80,81,66,83,84,85,214,87,88,89,90,91,28,79,94,95,96,96,98,99]
CFO=-445.37478747176453,STO=5
EsN0dB=15.77,GRXdB=17,N0=0.019952623173594475
packet_number=1873,correct=True,payload=[0,1,2,3,4,5,6,7,8,9,10,11,12,13,14,15,16,17,18,19,20,21,22,23,24,25,26,27,28,29,30,31,32,33,34,35,36,37,38,39,40,41,42,43,44,45,46,47,48,49,50,51,52,53,54,55,56,57,58,59,60,61,62,63,64,65,66,67,68,69,70,71,72,73,74,75,76,77,78,79,80,81,82,83,84,85,86,87,88,89,90,91,92,93,94,95,96,97,98,99]
CFO=-352.5523387817816,STO=6
EsN0dB=15.78,GRXdB=17,N0=0.019952623173594475
packet_number=1874,correct=True,payload=[0,1,2,3,4,5,6,7,8,9,10,11,12,13,14,15,16,17,18,19,20,21,22,23,24,25,26,27,28,29,30,31,32,33,34,35,36,37,38,39,40,41,42,43,44,45,46,47,48,49,50,51,52,53,54,55,56,57,58,59,60,61,62,63,64,65,66,67,68,69,70,71,72,73,74,75,76,77,78,79,80,81,82,83,84,85,86,87,88,89,90,91,92,93,94,95,96,97,98,99]
CFO=-430.4052006060651,STO=3
EsN0dB=15.82,GRXdB=17,N0=0.019952623173594475
packet_number=1875,correct=True,payload=[0,1,2,3,4,5,6,7,8,9,10,11,12,13,14,15,16,17,18,19,20,21,22,23,24,25,26,27,28,29,30,31,32,33,34,35,36,37,38,39,40,41,42,43,44,45,46,47,48,49,50,51,52,53,54,55,56,57,58,59,60,61,62,63,64,65,66,67,68,69,70,71,72,73,74,75,76,77,78,79,80,81,82,83,84,85,86,87,88,89,90,91,92,93,94,95,96,97,98,99]
CFO=-451.9862860796801,STO=5
EsN0dB=15.85,GRXdB=17,N0=0.019952623173594475
packet_number=1876,correct=True,payload=[0,1,2,3,4,5,6,7,8,9,10,11,12,13,14,15,16,17,18,19,20,21,22,23,24,25,26,27,28,29,30,31,32,33,34,35,36,37,38,39,40,41,42,43,44,45,46,47,48,49,50,51,52,53,54,55,56,57,58,59,60,61,62,63,64,65,66,67,68,69,70,71,72,73,74,75,76,77,78,79,80,81,82,83,84,85,86,87,88,89,90,91,92,93,94,95,96,97,98,99]
CFO=-391.1970688580377,STO=6
EsN0dB=15.83,GRXdB=17,N0=0.019952623173594475
packet_number=1877,correct=False,payload=[0,1,2,3,4,5,6,7,8,9,10,11,12,13,14,15,16,17,18,19,20,21,22,23,24,25,26,27,28,29,30,31,32,33,34,35,36,37,38,39,40,41,42,11,44,45,46,47,48,49,50,51,52,53,54,55,56,57,58,59,60,61,62,62,64,65,66,67,68,69,70,71,72,73,74,75,76,77,78,79,80,81,82,83,84,85,86,87,88,89,90,91,92,93,94,95,96,97,98,99]
CFO=-434.28984105159157,STO=5
EsN0dB=15.82,GRXdB=17,N0=0.019952623173594475
packet_number=1878,correct=True,payload=[0,1,2,3,4,5,6,7,8,9,10,11,12,13,14,15,16,17,18,19,20,21,22,23,24,25,26,27,28,29,30,31,32,33,34,35,36,37,38,39,40,41,42,43,44,45,46,47,48,49,50,51,52,53,54,55,56,57,58,59,60,61,62,63,64,65,66,67,68,69,70,71,72,73,74,75,76,77,78,79,80,81,82,83,84,85,86,87,88,89,90,91,92,93,94,95,96,97,98,99]
CFO=-551.6129549912689,STO=2
EsN0dB=15.79,GRXdB=17,N0=0.019952623173594475
packet_number=1879,correct=True,payload=[0,1,2,3,4,5,6,7,8,9,10,11,12,13,14,15,16,17,18,19,20,21,22,23,24,25,26,27,28,29,30,31,32,33,34,35,36,37,38,39,40,41,42,43,44,45,46,47,48,49,50,51,52,53,54,55,56,57,58,59,60,61,62,63,64,65,66,67,68,69,70,71,72,73,74,75,76,77,78,79,80,81,82,83,84,85,86,87,88,89,90,91,92,93,94,95,96,97,98,99]
CFO=-248.58257076358015,STO=5
EsN0dB=15.86,GRXdB=17,N0=0.019952623173594475
packet_number=1880,correct=True,payload=[0,1,2,3,4,5,6,7,8,9,10,11,12,13,14,15,16,17,18,19,20,21,22,23,24,25,26,27,28,29,30,31,32,33,34,35,36,37,38,39,40,41,42,43,44,45,46,47,48,49,50,51,52,53,54,55,56,57,58,59,60,61,62,63,64,65,66,67,68,69,70,71,72,73,74,75,76,77,78,79,80,81,82,83,84,85,86,87,88,89,90,91,92,93,94,95,96,97,98,99]
CFO=-313.61068520410686,STO=7
EsN0dB=15.87,GRXdB=17,N0=0.019952623173594475
packet_number=1881,correct=False,payload=[128,1,131,1,132,2,135,7,132,1,10,7,12,15,6,15,8,8,131,19,20,12,150,23,156,25,26,27,12,14,15,31,16,32,2,3,16,49,38,19,56,24,42,11,46,4,166,31,56,49,48,49,22,29,150,63,188,57,56,59,60,63,63,31,224,65,163,65,4,4,71,103,72,64,74,75,76,13,206,79,16,1,208,83,144,52,79,55,92,121,91,91,124,93,95,127,96,112,51,33]
CFO=-582.4912797335446,STO=1
EsN0dB=15.83,GRXdB=17,N0=0.019952623173594475
packet_number=1882,correct=False,payload=[0,1,2,3,4,5,6,7,8,9,10,11,12,13,14,15,16,17,18,19,20,21,22,23,24,25,26,27,28,29,30,30,32,33,34,35,36,101,38,39,40,41,42,35,44,45,110,47,48,49,50,51,52,61,54,55,56,57,58,59,60,61,62,63,0,65,66,3,68,69,70,71,72,73,74,75,76,76,78,78,208,17,82,83,84,85,86,87,88,89,90,91,92,95,94,94,96,97,98,227]
CFO=-538.9230326958161,STO=5
EsN0dB=15.88,GRXdB=17,N0=0.019952623173594475
packet_number=1883,correct=False,payload=[136,218,165,192,0,0,192,64,129,32,192,225,1,32,66,65,131,129,195,226,0,38,2,98,130,227,194,226,3,35,67,99,131,3,195,228,4,36,196,100,136,224,205,199,15,5,129,199,135,169,205,238,4,44,70,102,142,174,198,198,14,14,71,103,7,175,135,224,0,104,72,104,153,88,128,217,11,104,89,121,137,233,145,226,10,58,210,125,24,54,138,231,10,63,75,79,155,167,147,204]
CFO=-313.730747123111,STO=6
EsN0dB=15.84,GRXdB=17,N0=0.019952623173594475
packet_number=1884,correct=False,payload=[0,1,2,3,4,5,6,7,8,9,10,11,12,13,14,15,16,17,18,19,20,21,22,23,24,25,26,27,28,29,30,31,32,33,34,35,36,37,38,39,40,41,42,43,44,45,46,47,48,49,50,51,52,53,54,55,56,57,58,59,60,61,62,63,64,65,66,67,68,69,70,71,72,73,74,75,76,77,78,79,80,81,82,83,84,85,22,87,88,89,90,91,92,93,94,95,96,97,98,99]
CFO=-478.6001300386021,STO=2
EsN0dB=15.80,GRXdB=17,N0=0.019952623173594475
packet_number=1885,correct=False,payload=[0,1,2,3,4,5,6,7,8,9,10,11,12,13,14,15,16,17,18,19,20,21,22,23,24,25,26,27,28,29,30,31,32,33,34,35,164,37,38,39,40,41,42,43,44,45,46,47,48,49,50,51,52,53,54,55,56,57,58,59,60,61,62,63,64,65,66,67,68,69,70,71,72,73,74,75,76,77,78,79,80,81,82,83,84,85,86,87,88,89,90,91,92,93,94,95,96,97,98,99]
CFO=-491.55294346929657,STO=2
EsN0dB=15.76,GRXdB=17,N0=0.019952623173594475
packet_number=1886,correct=True,payload=[0,1,2,3,4,5,134,7,0,9,8,11,12,13,6,15,16,16,18,19,4,20,22,23,24,25,26,27,30,29,30,31,32,33,34,35,36,37,38,39,40,37,40,43,44,45,174,39,48,49,58,51,52,53,54,63,56,56,58,31,60,61,62,63,64,65,66,67,68,69,6,71,72,73,10,43,76,77,78,71,112,81,82,83,116,85,214,87,88,72,90,91,92,125,94,95,96,97,114,99]
CFO=-320.6044253882297,STO=2
EsN0dB=15.82,GRXdB=17,N0=0.019952623173594475
packet_number=1887,correct=False,payload=[0,1,2,3,4,5,6,7,8,9,14,11,12,13,14,15,16,17,18,19,20,21,6,23,24,25,30,27,28,29,30,15,32,33,34,35,20,37,38,35,40,41,58,43,44,45,46,47,48,49,50,49,52,53,54,55,56,57,58,59,60,61,62,63,64,65,66,67,68,69,70,71,72,73,74,67,76,77,78,79,80,81,90,83,84,84,86,71,88,89,90,91,92,93,94,79,96,97,34,99]
CFO=-435.4038970802768,STO=3
EsN0dB=15.82,GRXdB=17,N0=0.019952623173594475
packet_number=1888,correct=True,payload=[0,1,2,3,4,5,6,7,8,9,10,11,12,13,14,15,16,17,18,19,20,21,22,23,24,25,26,27,28,29,30,31,32,33,34,35,36,37,38,39,40,41,42,43,44,45,46,47,48,49,50,51,52,53,54,55,56,57,58,59,60,61,62,63,64,65,66,67,68,69,70,71,72,73,74,75,76,77,78,79,80,81,82,83,84,85,86,87,88,89,90,91,92,93,94,95,96,97,98,99]
CFO=-470.48604910312025,STO=2
EsN0dB=15.77,GRXdB=17,N0=0.019952623173594475
packet_number=1889,correct=False,payload=[0,0,2,3,134,5,134,3,8,9,10,11,140,13,14,15,16,25,146,17,150,21,23,7,24,25,26,27,28,28,30,15,0,33,3,35,52,5,54,39,36,49,11,31,44,37,62,47,48,49,50,17,28,53,54,55,56,25,186,27,62,61,62,31,64,1,66,67,68,69,71,103,8,105,106,77,100,77,206,79,240,113,210,91,20,5,210,23,88,93,94,123,94,77,238,127,112,32,114,99]
CFO=-421.1781605038741,STO=5
EsN0dB=15.77,GRXdB=17,N0=0.019952623173594475
packet_number=1890,correct=False,payload=[0,1,2,3,4,5,7,7,8,9,10,11,12,13,14,15,16,17,18,19,22,17,22,23,24,25,26,27,28,29,30,31,32,33,34,35,36,37,38,39,40,41,42,43,44,45,46,47,48,49,50,51,52,53,54,55,56,57,58,59,60,61,62,63,64,33,66,67,68,69,70,71,72,73,74,75,76,77,78,79,80,81,82,83,84,85,70,87,88,89,90,91,92,93,94,95,96,97,98,99]
CFO=-408.5879044236538,STO=4
EsN0dB=15.77,GRXdB=17,N0=0.019952623173594475
packet_number=1891,correct=True,payload=[0,1,2,3,4,5,6,7,8,9,10,11,12,13,14,15,16,17,18,19,20,21,22,23,24,25,26,27,28,29,30,31,32,33,34,35,36,37,38,39,40,41,42,43,44,45,46,47,48,49,50,51,52,53,54,55,56,57,58,59,60,61,62,63,64,65,66,67,68,69,70,71,72,73,74,75,76,77,78,79,80,81,82,83,84,85,86,87,88,89,90,91,92,93,94,95,96,97,98,99]
CFO=-552.0921354502277,STO=7
EsN0dB=15.83,GRXdB=17,N0=0.019952623173594475
packet_number=1892,correct=False,payload=[128,1,130,1,0,5,134,7,0,4,6,9,6,13,6,15,16,17,26,3,4,20,158,23,28,29,154,11,158,31,31,31,48,1,32,35,20,4,34,7,40,41,49,49,60,44,54,7,56,48,176,19,52,29,23,23,152,57,56,63,190,63,191,63,192,65,96,67,6,68,70,99,72,105,167,67,76,15,206,7,216,24,82,65,160,125,23,83,216,73,186,95,204,12,206,95,96,32,98,99]
CFO=-503.4601213426791,STO=4
EsN0dB=15.83,GRXdB=17,N0=0.019952623173594475
packet_number=1893,correct=True,payload=[0,1,2,3,4,5,6,7,8,9,10,11,12,13,14,15,16,17,18,19,20,21,22,23,24,25,26,27,28,29,30,31,32,33,34,35,36,37,38,39,40,41,42,43,44,45,46,47,48,49,50,51,52,53,54,55,56,57,58,59,60,61,62,63,64,65,66,67,68,69,70,71,72,73,74,75,76,77,78,79,80,81,82,83,84,85,86,87,88,89,90,91,92,93,94,95,96,97,98,99]
CFO=-502.0558415641048,STO=5
EsN0dB=15.83,GRXdB=17,N0=0.019952623173594475
packet_number=1894,correct=True,payload=[0,1,2,3,4,5,6,7,8,9,10,11,12,13,14,15,16,17,18,19,20,21,22,23,24,25,26,27,28,29,30,31,32,33,34,35,36,37,38,39,40,41,42,43,44,45,46,47,48,49,50,51,52,53,54,55,56,57,58,59,60,61,62,63,64,65,66,67,68,69,70,71,72,73,74,75,76,77,78,79,80,81,82,83,84,85,86,87,88,89,90,91,92,93,94,95,96,97,98,99]
CFO=-438.983165222677,STO=1
EsN0dB=15.85,GRXdB=17,N0=0.019952623173594475
packet_number=1895,correct=False,payload=[0,1,2,3,4,5,6,7,8,9,10,11,12,13,14,15,16,17,18,19,20,21,22,23,24,25,26,27,28,29,30,31,32,33,34,35,36,37,38,39,40,41,42,43,44,45,46,47,48,49,50,51,52,53,54,55,56,57,58,59,60,61,62,63,64,65,66,67,68,69,70,79,72,73,74,75,76,77,78,79,80,81,82,83,84,85,86,87,88,89,90,91,92,93,94,95,96,97,98,99]
CFO=-480.79177884649727,STO=4
EsN0dB=15.84,GRXdB=17,N0=0.019952623173594475
packet_number=1896,correct=True,payload=[0,1,2,3,4,5,6,7,8,9,10,11,12,13,14,15,16,17,18,19,20,21,22,23,24,25,26,27,28,29,30,31,32,33,34,35,36,37,38,39,40,41,42,43,44,45,46,47,48,49,50,51,52,53,54,55,56,57,58,59,60,61,62,63,64,65,66,67,68,69,70,71,72,73,74,75,76,77,78,79,80,81,82,83,84,85,86,87,88,89,90,91,92,93,94,95,96,97,98,99]
CFO=-574.664843440062,STO=5
EsN0dB=15.78,GRXdB=17,N0=0.019952623173594475
packet_number=1897,correct=True,payload=[0,1,2,3,4,5,6,7,8,9,10,11,12,13,14,15,16,17,18,19,20,21,22,23,24,25,26,27,28,29,30,31,32,33,34,35,36,37,38,39,40,41,42,43,44,45,46,47,48,49,50,51,52,53,54,55,56,57,58,59,60,61,62,63,64,65,66,67,68,69,70,71,72,73,74,75,76,77,78,79,80,81,82,83,84,85,86,87,88,89,90,91,92,93,94,95,96,97,98,99]
CFO=-400.00836862637345,STO=1
EsN0dB=15.78,GRXdB=17,N0=0.019952623173594475
packet_number=1898,correct=False,payload=[0,2,6,2,4,5,6,7,24,27,10,19,12,13,14,15,16,19,50,22,4,21,22,55,56,17,24,59,28,29,30,31,32,33,34,38,108,101,36,39,40,41,106,59,40,61,46,47,32,115,114,35,36,53,46,55,120,57,58,58,60,61,62,63,64,66,70,195,68,73,70,199,72,193,74,95,76,76,14,207,240,113,82,211,20,209,214,95,24,89,90,251,28,61,92,95,64,66,70,99]
CFO=-366.4391450075734,STO=5
EsN0dB=15.85,GRXdB=17,N0=0.019952623173594475
packet_number=1899,correct=False,payload=[0,1,2,3,0,1,6,7,8,9,10,10,12,13,14,15,16,17,18,19,16,21,22,31,24,25,26,27,28,29,30,31,0,33,32,35,32,36,4,102,32,41,42,35,44,45,46,47,112,49,48,51,52,61,54,63,56,57,58,51,60,121,60,63,64,1,66,67,68,69,68,71,8,73,74,67,76,77,78,79,80,81,66,211,84,68,84,87,120,123,122,91,92,29,92,95,96,225,66,99]
CFO=-450.9912247529412,STO=1
EsN0dB=15.81,GRXdB=17,N0=0.019952623173594475
packet_number=1900,correct=False,payload=[0,1,3,3,4,5,6,7,8,9,10,11,12,13,14,15,16,17,18,19,20,21,22,23,24,25,154,27,28,29,30,15,32,33,50,35,36,37,38,39,40,41,42,43,44,45,46,47,48,49,50,51,52,53,54,55,56,57,58,59,60,61,62,63,64,65,66,67,68,69,70,71,72,73,74,75,76,77,78,79,80,81,82,83,84,85,86,87,88,89,90,91,92,93,94,95,96,97,98,99]
CFO=-420.75726195423937,STO=6
EsN0dB=15.79,GRXdB=17,N0=0.019952623173594475
packet_number=1901,correct=False,payload=[0,1,2,3,4,4,4,7,8,9,10,11,12,13,14,31,16,17,18,19,28,21,22,23,24,25,26,19,28,29,30,31,32,33,34,35,36,37,38,103,40,41,42,43,44,45,46,47,112,51,50,51,52,53,54,55,56,59,58,59,60,61,62,63,64,65,66,67,68,69,70,71,72,89,206,75,204,205,78,79,64,80,82,18,84,85,86,87,88,89,90,91,92,223,94,95,96,97,98,99]
CFO=-567.8682123175338,STO=2
EsN0dB=15.83,GRXdB=17,N0=0.019952623173594475
packet_number=1902,correct=True,payload=[0,1,2,3,4,5,6,7,8,9,10,11,12,13,14,15,16,17,18,19,20,21,22,23,24,25,26,27,28,29,30,31,32,33,34,35,36,37,38,39,40,41,42,43,44,45,46,47,48,49,50,51,52,53,54,55,56,57,58,59,60,61,62,63,64,65,66,67,68,69,70,71,72,73,74,75,76,77,78,79,80,81,82,83,84,85,86,87,88,89,90,91,92,93,94,95,96,97,98,99]
CFO=-558.9474635109356,STO=3
EsN0dB=15.84,GRXdB=17,N0=0.019952623173594475
packet_number=1903,correct=True,payload=[0,1,2,3,4,5,6,7,8,9,10,11,12,13,14,15,16,17,18,19,20,21,22,23,24,25,26,27,28,29,30,31,32,33,34,35,36,37,38,39,40,41,42,43,44,45,46,47,48,49,50,51,52,53,54,55,56,57,58,59,60,61,62,63,64,65,66,67,68,69,70,71,72,73,74,75,76,77,78,79,80,81,82,83,84,85,86,87,88,89,90,91,92,93,94,95,96,97,98,99]
CFO=3102.0708098942296,STO=6
EsN0dB=nan,GRXdB=17,N0=0.019952623173594475
packet_number=1904,correct=False,payload=[233,137,134,152,29,8,86,93,178,58,35,220,232,73,249,187,145,217,208,118,151,66,154,165,184,46,218,79,244,164,114,212,94,218,185,166,6,73,200,202,97,40,167,92,92,71,57,52,199,124,32,188,147,246,54,253,125,117,252,197,45,175,51,214,249,18,67,201,18,236,159,215,205,2,238,175,223,124,163,53,80,48,60,175,202,17,151,248,201,185,5,85,152,119,200,55,109,144,154,79]
CFO=-248.35734349700388,STO=2
EsN0dB=15.77,GRXdB=17,N0=0.019952623173594475
packet_number=1905,correct=False,payload=[0,1,2,3,4,5,6,7,8,9,10,11,12,13,15,15,16,17,18,19,148,21,150,23,24,25,26,27,28,29,30,31,48,33,34,35,36,37,34,39,40,40,42,43,44,45,46,47,48,49,50,51,54,53,55,55,56,56,58,59,60,61,190,63,64,65,66,67,0,69,70,71,200,73,74,75,76,77,78,79,80,81,82,83,84,93,86,87,88,89,90,91,92,77,94,95,32,97,98,99]
CFO=-386.8829031916592,STO=1
EsN0dB=15.78,GRXdB=17,N0=0.019952623173594475
packet_number=1906,correct=True,payload=[0,1,2,3,4,5,6,7,8,9,10,11,12,13,14,15,16,17,18,19,20,21,22,23,24,25,26,27,28,29,30,31,32,33,34,35,36,37,38,39,40,41,42,43,44,45,46,47,48,49,50,51,52,53,54,55,56,57,58,59,60,61,62,63,64,65,66,67,68,69,70,71,72,73,74,75,76,77,78,79,80,81,82,83,84,85,86,87,88,89,90,91,92,93,94,95,96,97,98,99]
CFO=-585.5636197734829,STO=2
EsN0dB=15.78,GRXdB=17,N0=0.019952623173594475
packet_number=1907,correct=True,payload=[0,1,2,3,4,5,6,7,8,9,10,11,12,13,14,15,16,17,18,19,20,21,22,23,24,25,26,27,28,29,30,31,32,33,34,35,36,37,38,39,40,41,42,43,44,45,46,47,48,49,50,51,52,53,54,55,56,57,58,59,60,61,62,63,64,65,66,67,68,69,70,71,72,73,74,75,76,77,78,79,80,81,82,83,84,85,86,87,88,89,90,91,92,93,94,95,96,97,98,99]
CFO=-473.8303219783733,STO=3
EsN0dB=15.82,GRXdB=17,N0=0.019952623173594475
packet_number=1908,correct=True,payload=[0,1,2,3,4,5,6,7,8,9,10,11,12,13,14,15,16,17,18,19,20,21,22,23,24,25,26,27,28,29,30,31,32,33,34,35,36,37,38,39,40,41,42,43,44,45,46,47,48,49,50,51,52,53,54,55,56,57,58,59,60,61,62,63,64,65,66,67,68,69,70,71,72,73,74,75,76,77,78,79,80,81,82,83,84,85,86,87,88,89,90,91,92,93,94,95,96,97,98,99]
CFO=-585.5479079667983,STO=3
EsN0dB=15.81,GRXdB=17,N0=0.019952623173594475
packet_number=1909,correct=True,payload=[0,1,2,3,4,5,6,7,8,9,10,11,12,13,14,15,16,17,18,19,20,21,22,23,24,25,26,27,28,29,30,31,32,33,34,35,36,37,38,39,40,41,42,43,44,45,46,47,48,49,50,51,52,53,54,55,56,57,58,59,60,61,62,63,64,65,66,67,68,69,70,71,72,73,74,75,76,77,78,79,80,81,82,83,84,85,86,87,88,89,90,91,92,93,94,95,96,97,98,99]
CFO=-340.41748793606536,STO=1
EsN0dB=15.82,GRXdB=17,N0=0.019952623173594475
packet_number=1910,correct=False,payload=[126,90,192,175,0,1,2,3,12,12,14,15,24,0,8,7,12,15,30,14,48,17,20,50,12,55,12,54,56,57,16,58,24,63,28,31,96,97,2,66,68,35,12,71,40,122,50,103,60,41,92,95,112,51,114,39,52,103,54,102,56,51,62,58,120,57,62,127,64,66,0,135,8,199,134,70,88,81,78,7,92,13,204,223,112,19,6,214,4,0,150,255,80,113,88,87,88,31,94,95]
CFO=-499.4707454008954,STO=5
EsN0dB=15.85,GRXdB=17,N0=0.019952623173594475
packet_number=1911,correct=False,payload=[0,1,2,3,4,5,6,7,8,9,10,11,12,13,14,15,16,17,18,19,20,21,22,23,24,25,26,27,28,29,30,31,32,33,34,35,36,37,38,7,40,41,42,43,44,45,46,47,48,49,50,51,52,53,54,55,56,57,58,59,60,61,62,63,64,65,66,67,68,69,70,70,72,73,74,75,76,77,78,79,80,81,82,83,84,85,86,87,88,89,90,91,92,93,94,95,96,97,98,99]
CFO=-276.1563764660063,STO=2
EsN0dB=15.87,GRXdB=17,N0=0.019952623173594475
packet_number=1912,correct=True,payload=[0,1,2,3,4,5,6,7,8,9,10,11,12,13,14,15,16,17,18,19,20,21,22,23,24,25,26,27,28,29,30,31,32,33,34,35,36,37,38,39,40,41,42,43,44,45,46,47,48,49,50,51,52,53,54,55,56,57,58,59,60,61,62,63,64,65,66,67,68,69,70,71,72,73,74,75,76,77,78,79,80,81,82,83,84,85,86,87,88,89,90,91,92,93,94,95,96,97,98,99]
CFO=-582.8824740750701,STO=6
EsN0dB=15.72,GRXdB=17,N0=0.019952623173594475
packet_number=1913,correct=True,payload=[0,1,2,3,4,5,6,7,8,9,10,11,12,13,14,15,16,17,18,19,20,21,22,23,24,25,26,27,28,29,30,31,32,33,34,35,36,37,38,39,40,41,42,43,44,45,46,47,48,49,50,51,52,53,54,55,56,57,58,59,60,61,62,63,64,65,66,67,68,69,70,71,72,73,74,75,76,77,78,79,80,81,82,83,84,85,86,87,88,89,90,91,92,93,94,95,96,97,98,99]
CFO=-376.8178012499011,STO=4
EsN0dB=15.78,GRXdB=17,N0=0.019952623173594475
packet_number=1914,correct=False,payload=[4,1,2,3,4,5,6,7,8,9,10,11,12,13,14,15,16,17,18,19,20,21,22,23,24,25,26,27,28,29,30,31,32,33,34,35,36,37,38,39,40,41,42,43,44,45,46,47,48,49,50,51,52,53,54,55,56,57,58,59,60,61,62,63,64,65,66,67,68,69,70,71,72,73,74,75,76,77,78,79,80,81,82,83,84,85,86,87,88,89,90,91,92,93,94,95,96,97,98,99]
CFO=-376.0716979468157,STO=3
EsN0dB=15.82,GRXdB=17,N0=0.019952623173594475
packet_number=1915,correct=True,payload=[0,1,2,3,4,5,6,7,8,9,10,11,12,13,14,15,16,17,18,19,20,21,22,23,24,25,26,27,28,29,30,31,32,33,34,35,36,37,38,39,40,41,42,43,44,45,46,47,48,49,50,51,52,53,54,55,56,57,58,59,60,61,62,63,64,65,66,67,68,69,70,71,72,73,74,75,76,77,78,79,80,81,82,83,84,85,86,87,88,89,90,91,92,93,94,95,96,97,98,99]
CFO=-506.7651147012209,STO=3
EsN0dB=15.78,GRXdB=17,N0=0.019952623173594475
packet_number=1916,correct=False,payload=[0,1,2,3,4,5,2,7,8,9,10,9,12,13,14,15,24,17,2,19,6,29,22,23,24,57,26,27,12,13,30,31,32,33,34,35,36,37,38,7,32,41,58,59,12,45,46,47,16,49,50,51,52,53,54,55,56,57,59,59,188,61,62,63,224,65,66,67,196,69,71,71,72,73,74,75,76,79,78,79,88,81,82,83,84,85,86,87,88,89,218,91,92,93,78,95,96,113,114,35]
CFO=-417.5723305147016,STO=3
EsN0dB=15.73,GRXdB=17,N0=0.019952623173594475
packet_number=1917,correct=True,payload=[0,1,2,3,4,5,6,7,8,9,10,11,12,13,14,15,16,17,18,19,20,21,22,23,24,25,26,27,28,29,30,31,32,33,34,35,36,37,38,39,40,41,42,43,44,45,46,47,48,49,50,51,52,53,54,55,56,57,58,59,60,61,62,63,64,65,66,67,68,69,70,71,72,73,74,75,76,77,78,79,80,81,82,83,84,85,86,87,88,89,90,91,92,93,94,95,96,97,98,99]
CFO=-497.82705326235146,STO=5
EsN0dB=15.76,GRXdB=17,N0=0.019952623173594475
packet_number=1918,correct=True,payload=[0,1,2,3,4,5,6,7,8,9,10,11,12,13,14,15,16,17,18,19,20,21,22,23,24,25,26,27,28,29,30,31,32,33,34,35,36,37,38,39,40,41,42,43,44,45,46,47,48,49,50,51,52,53,54,55,56,57,58,59,60,61,62,63,64,65,66,67,68,69,70,71,72,73,74,75,76,77,78,79,80,81,82,83,84,85,86,87,88,89,90,91,92,93,94,95,96,97,98,99]
CFO=-478.00995900563066,STO=2
EsN0dB=15.81,GRXdB=17,N0=0.019952623173594475
packet_number=1919,correct=True,payload=[0,1,2,3,4,5,6,7,8,9,10,11,12,13,14,15,16,17,18,19,20,21,22,23,24,25,26,27,28,29,30,31,32,33,34,35,36,37,38,39,40,41,42,43,44,45,46,47,48,49,50,51,52,53,54,55,56,57,58,59,60,61,62,63,64,65,66,67,68,69,70,71,72,73,74,75,76,77,78,79,80,81,82,83,84,85,86,87,88,89,90,91,92,93,94,95,96,97,98,99]
CFO=-534.9171741794729,STO=5
EsN0dB=15.79,GRXdB=17,N0=0.019952623173594475
packet_number=1920,correct=True,payload=[0,1,2,3,4,5,6,7,8,9,10,11,12,13,14,15,16,17,18,19,20,21,22,23,24,25,26,27,28,29,30,31,32,33,34,35,36,37,38,39,40,41,42,43,44,45,46,47,48,49,50,51,52,53,54,55,56,57,58,59,60,61,62,63,64,65,66,67,68,69,70,71,72,73,74,75,76,77,78,79,80,81,82,83,84,85,86,87,88,89,90,91,92,93,94,95,96,97,98,99]
CFO=-541.4988796445244,STO=6
EsN0dB=15.75,GRXdB=17,N0=0.019952623173594475
packet_number=1921,correct=False,payload=[0,1,2,3,4,5,4,7,8,9,10,11,12,15,14,15,16,17,18,19,20,21,22,23,24,25,26,27,28,29,30,31,32,33,34,35,36,37,38,103,40,41,46,43,44,45,46,47,48,49,50,51,52,53,54,55,56,57,58,59,124,61,62,62,64,65,194,67,68,65,70,71,72,73,74,75,76,77,78,79,80,81,82,83,84,85,86,87,88,25,90,91,92,93,94,95,96,97,98,99]
CFO=-544.3934094646636,STO=3
EsN0dB=15.86,GRXdB=17,N0=0.019952623173594475
packet_number=1922,correct=False,payload=[0,1,2,3,0,5,6,3,12,1,10,15,12,4,14,15,16,17,16,19,20,23,134,23,24,9,25,27,28,29,158,31,32,33,34,3,4,53,38,39,40,33,42,43,44,45,62,47,48,48,58,57,148,55,62,55,60,25,59,59,60,60,62,63,64,65,66,67,68,69,198,67,73,73,66,9,76,77,78,111,80,81,82,83,212,85,214,87,88,89,90,91,92,95,94,95,96,97,99,99]
CFO=-531.3600804359406,STO=3
EsN0dB=15.81,GRXdB=17,N0=0.019952623173594475
packet_number=1923,correct=True,payload=[0,1,2,3,4,5,6,7,8,9,10,11,12,13,14,15,16,17,18,19,20,21,22,23,24,25,26,27,28,29,30,31,32,33,34,35,36,37,38,39,40,41,42,43,44,45,46,47,48,49,50,51,52,53,54,55,56,57,58,59,60,61,62,63,64,65,66,67,68,69,70,71,72,73,74,75,76,77,78,79,80,81,82,83,84,85,86,87,88,89,90,91,92,93,94,95,96,97,98,99]
CFO=-432.9956328545636,STO=6
EsN0dB=15.77,GRXdB=17,N0=0.019952623173594475
packet_number=1924,correct=True,payload=[0,1,2,3,4,5,6,7,8,9,10,11,12,13,14,15,16,17,18,19,20,21,22,23,24,25,26,27,28,29,30,31,32,33,34,35,36,37,38,39,40,41,42,43,44,45,46,47,48,49,50,51,52,53,54,55,56,57,58,59,60,61,62,63,64,65,66,67,68,69,70,71,72,73,74,75,76,77,78,79,80,81,82,83,84,85,86,87,88,89,90,91,92,93,94,95,96,97,98,99]
CFO=-585.8025578147602,STO=3
EsN0dB=15.89,GRXdB=17,N0=0.019952623173594475
packet_number=1925,correct=True,payload=[0,1,2,3,4,5,6,7,8,9,10,11,12,13,14,15,16,17,18,19,20,21,22,23,24,25,26,27,28,29,30,31,32,33,34,35,36,37,38,39,40,41,42,43,44,45,46,47,48,49,50,51,52,53,54,55,56,57,58,59,60,61,62,63,64,65,66,67,68,69,70,71,72,73,74,75,76,77,78,79,80,81,82,83,84,85,86,87,88,89,90,91,92,93,94,95,96,97,98,99]
CFO=-393.32130512178094,STO=7
EsN0dB=15.79,GRXdB=17,N0=0.019952623173594475
packet_number=1926,correct=False,payload=[0,1,2,3,4,5,6,7,8,9,10,11,12,13,12,15,16,16,50,19,52,21,22,22,16,17,26,27,28,29,30,31,32,33,34,35,44,37,38,38,40,40,10,35,44,60,46,15,48,33,50,51,48,49,38,39,56,57,50,63,60,61,62,63,0,65,2,67,68,69,78,71,24,72,66,78,76,77,78,79,80,81,18,195,84,85,86,119,120,89,88,219,28,29,126,31,96,225,98,99]
CFO=-596.690009789401,STO=4
EsN0dB=15.84,GRXdB=17,N0=0.019952623173594475
packet_number=1927,correct=True,payload=[0,1,2,3,4,5,6,7,8,9,10,11,12,13,14,15,16,17,18,19,20,21,22,23,24,25,26,27,28,29,30,31,32,33,34,35,36,37,38,39,40,41,42,43,44,45,46,47,48,49,50,51,52,53,54,55,56,57,58,59,60,61,62,63,64,65,66,67,68,69,70,71,72,73,74,75,76,77,78,79,80,81,82,83,84,85,86,87,88,89,90,91,92,93,94,95,96,97,98,99]
CFO=-451.6178886803062,STO=1
EsN0dB=15.76,GRXdB=17,N0=0.019952623173594475
packet_number=1928,correct=True,payload=[0,1,2,3,4,5,6,7,8,9,10,11,12,13,14,15,16,17,18,19,20,21,22,23,24,25,26,27,28,29,30,31,32,33,34,35,36,37,38,39,40,41,42,43,44,45,46,47,48,49,50,51,52,53,54,55,56,57,58,59,60,61,62,63,64,65,66,67,68,69,70,71,72,73,74,75,76,77,78,79,80,81,82,83,84,85,86,87,88,89,90,91,92,93,94,95,96,97,98,99]
CFO=-443.67631152425275,STO=3
EsN0dB=15.76,GRXdB=17,N0=0.019952623173594475
packet_number=1929,correct=True,payload=[0,1,2,3,4,5,6,7,8,9,10,11,12,13,14,15,16,17,18,19,20,21,22,23,24,25,26,27,28,29,30,31,32,33,34,35,36,37,38,39,40,41,42,43,44,45,46,47,48,49,50,51,52,53,54,55,56,57,58,59,60,61,62,63,64,65,66,67,68,69,70,71,72,73,74,75,76,77,78,79,80,81,82,83,84,85,86,87,88,89,90,91,92,93,94,95,96,97,98,99]
CFO=-397.0951921526409,STO=5
EsN0dB=14.81,GRXdB=17,N0=0.025118865072727203
packet_number=1930,correct=True,payload=[0,1,2,3,4,5,6,7,8,9,10,11,12,13,14,15,16,17,18,19,20,21,22,23,24,25,26,27,28,29,30,31,32,33,34,35,36,37,38,39,40,41,42,43,44,45,46,47,48,49,50,51,52,53,54,55,56,57,58,59,60,61,62,63,64,65,66,67,68,69,70,71,72,73,74,75,76,77,78,79,80,81,82,83,84,85,86,87,88,89,90,91,92,93,94,95,96,97,98,99]
CFO=-284.069494500518,STO=4
EsN0dB=14.82,GRXdB=17,N0=0.025118865072727203
packet_number=1931,correct=True,payload=[0,1,2,3,4,5,6,7,8,9,10,11,12,13,14,15,16,17,18,19,20,21,22,23,24,25,26,27,28,29,30,31,32,33,34,35,36,37,38,39,40,41,42,43,44,45,46,47,48,49,50,51,52,53,54,55,56,57,58,59,60,61,62,63,64,65,66,67,68,69,70,71,72,73,74,75,76,77,78,79,80,81,82,83,84,85,86,87,88,89,90,91,92,93,94,95,96,97,98,99]
CFO=-519.5528059371369,STO=2
EsN0dB=14.84,GRXdB=17,N0=0.025118865072727203
packet_number=1932,correct=False,payload=[0,1,2,3,4,5,6,7,8,9,10,11,12,13,14,15,16,17,18,19,20,21,22,23,24,25,26,27,28,29,30,31,32,33,34,35,36,37,38,39,40,41,42,43,44,45,46,47,48,49,50,51,52,53,54,55,56,57,58,59,60,61,62,63,64,65,66,67,68,69,70,71,72,73,74,75,76,77,78,79,80,81,82,83,84,85,86,87,88,89,90,89,92,93,94,95,96,97,98,99]
CFO=-582.70999994056,STO=0
EsN0dB=14.86,GRXdB=17,N0=0.025118865072727203
packet_number=1933,correct=True,payload=[0,1,2,3,4,5,6,7,8,9,10,11,12,13,14,15,16,17,18,19,20,21,22,23,24,25,26,27,28,29,30,31,32,33,34,35,36,37,38,39,40,41,42,43,44,45,46,47,48,49,50,51,52,53,54,55,56,57,58,59,60,61,62,63,64,65,66,67,68,69,70,71,72,73,74,75,76,77,78,79,80,81,82,83,84,85,86,87,88,89,90,91,92,93,94,95,96,97,98,99]
CFO=-1514.3825465745147,STO=4
EsN0dB=nan,GRXdB=17,N0=0.025118865072727203
packet_number=1934,correct=False,payload=[121,153,215,135,163,114,15,200,166,98,234,209,232,60,69,18,234,193,8,204,49,49,159,66,217,160,161,48,49,211,179,110,149,255,21,105,191,65,83,17,50,63,148,90,93,191,17,105,160,5,244,216,50,129,223,226,243,157,247,217,116,23,60,213,52,107,221,199,212,153,230,111,201,225,0,18,247,143,34,129,54,212,85,232,86,88,238,161,138,61,4,64,135,222,184,76,20,105,137,208]
CFO=-553.4495169680946,STO=7
EsN0dB=14.85,GRXdB=17,N0=0.025118865072727203
packet_number=1935,correct=True,payload=[0,1,2,3,4,5,6,7,8,9,10,11,12,13,14,15,16,17,18,19,20,21,22,23,24,25,26,27,28,29,30,31,32,33,34,35,36,37,38,39,40,41,42,43,44,45,46,47,48,49,50,51,52,53,54,55,56,57,58,59,60,61,62,63,64,65,66,67,68,69,70,71,72,73,74,75,76,77,78,79,80,81,82,83,84,85,86,87,88,89,90,91,92,93,94,95,96,97,98,99]
CFO=-339.97717196496205,STO=3
EsN0dB=14.81,GRXdB=17,N0=0.025118865072727203
packet_number=1936,correct=True,payload=[0,1,2,3,4,5,6,7,8,9,10,11,12,13,14,15,16,17,18,19,20,21,22,23,24,25,26,27,28,29,30,31,32,33,34,35,36,37,38,39,40,41,42,43,44,45,46,47,48,49,50,51,52,53,54,55,56,57,58,59,60,61,62,63,64,65,66,67,68,69,70,71,72,73,74,75,76,77,78,79,80,81,82,83,84,85,86,87,88,89,90,91,92,93,94,95,96,97,98,99]
CFO=-393.16323841755127,STO=3
EsN0dB=14.76,GRXdB=17,N0=0.025118865072727203
packet_number=1937,correct=True,payload=[0,1,2,3,4,5,6,7,8,9,10,11,12,13,14,15,16,17,18,19,20,21,22,23,24,25,26,27,28,29,30,31,32,33,34,35,36,37,38,39,40,41,42,43,44,45,46,47,48,49,50,51,52,53,54,55,56,57,58,59,60,61,62,63,64,65,66,67,68,69,70,71,72,73,74,75,76,77,78,79,80,81,82,83,84,85,86,87,88,89,90,91,92,93,94,95,96,97,98,99]
CFO=-439.2627760918244,STO=2
EsN0dB=14.79,GRXdB=17,N0=0.025118865072727203
packet_number=1938,correct=False,payload=[0,1,2,19,4,5,6,7,8,9,10,11,12,13,14,15,16,17,18,19,20,21,150,23,24,25,26,27,28,29,30,31,32,49,2,35,36,37,38,39,40,41,42,43,44,45,46,47,48,49,50,51,52,53,54,55,56,57,58,59,60,61,62,63,64,65,66,67,68,69,70,71,72,105,74,75,76,77,78,79,80,81,82,83,84,85,70,87,88,89,122,91,92,93,94,95,224,97,98,99]
CFO=-449.8188571700137,STO=0
EsN0dB=14.79,GRXdB=17,N0=0.025118865072727203
packet_number=1939,correct=True,payload=[0,1,2,3,4,5,6,7,8,9,10,11,12,13,14,15,16,17,18,19,20,21,22,23,24,25,26,27,28,29,30,31,32,33,34,35,36,37,38,39,40,41,42,43,44,45,46,47,48,49,50,51,52,53,54,55,56,57,58,59,60,61,62,63,64,65,66,67,68,69,70,71,72,73,74,75,76,77,78,79,80,81,82,83,84,85,86,87,88,89,90,91,92,93,94,95,96,97,98,99]
CFO=-425.4657050336438,STO=6
EsN0dB=14.83,GRXdB=17,N0=0.025118865072727203
packet_number=1940,correct=False,payload=[0,1,2,3,4,5,6,7,8,9,10,11,12,13,14,15,16,17,18,19,20,21,20,23,24,25,26,27,28,29,30,31,32,33,34,35,36,37,38,39,40,41,42,43,44,45,46,47,48,49,50,51,52,53,54,55,56,56,58,59,60,61,62,63,64,65,66,67,68,69,70,71,72,73,74,75,76,77,78,79,80,81,82,83,84,85,86,87,88,89,90,83,92,93,94,95,96,97,98,99]
CFO=-364.57062580884985,STO=5
EsN0dB=14.81,GRXdB=17,N0=0.025118865072727203
packet_number=1941,correct=True,payload=[0,1,2,3,4,5,6,7,8,9,10,11,12,13,14,15,16,17,18,19,20,21,22,23,24,25,26,27,28,29,30,31,32,33,34,35,36,37,38,39,40,41,42,43,44,45,46,47,48,49,50,51,52,53,54,55,56,57,58,59,60,61,62,63,64,65,66,67,68,69,70,71,72,73,74,75,76,77,78,79,80,81,82,83,84,85,86,87,88,89,90,91,92,93,94,95,96,97,98,99]
CFO=-406.50700903042514,STO=4
EsN0dB=14.74,GRXdB=17,N0=0.025118865072727203
packet_number=1942,correct=False,payload=[0,1,2,3,4,5,6,7,8,9,10,11,12,13,14,15,16,17,18,19,20,21,22,23,24,25,26,27,28,29,30,31,32,33,34,35,36,37,38,39,104,41,42,43,44,45,46,47,48,49,50,51,52,53,54,55,56,57,58,59,60,61,62,63,64,65,66,67,68,69,70,71,72,73,74,75,76,77,78,79,80,81,82,83,84,85,86,87,88,89,90,91,92,93,94,95,96,97,98,99]
CFO=-402.03163429848007,STO=3
EsN0dB=14.79,GRXdB=17,N0=0.025118865072727203
packet_number=1943,correct=True,payload=[0,1,2,3,4,5,6,7,8,9,10,11,12,13,14,15,16,17,18,19,20,21,22,23,24,25,26,27,28,29,30,31,32,33,34,35,36,37,38,39,40,41,42,43,44,45,46,47,48,49,50,51,52,53,54,55,56,57,58,59,60,61,62,63,64,65,66,67,68,69,70,71,72,73,74,75,76,77,78,79,80,81,82,83,84,85,86,87,88,89,90,91,92,93,94,95,96,97,98,99]
CFO=-383.457610754767,STO=1
EsN0dB=14.83,GRXdB=17,N0=0.025118865072727203
packet_number=1944,correct=True,payload=[0,1,2,3,4,5,6,7,8,9,10,11,12,13,14,15,16,17,18,19,20,21,22,23,24,25,26,27,28,29,30,31,32,33,34,35,36,37,38,39,40,41,42,43,44,45,46,47,48,49,50,51,52,53,54,55,56,57,58,59,60,61,62,63,64,65,66,67,68,69,70,71,72,73,74,75,76,77,78,79,80,81,82,83,84,85,86,87,88,89,90,91,92,93,94,95,96,97,98,99]
CFO=-1801.7530323696076,STO=5
EsN0dB=nan,GRXdB=17,N0=0.025118865072727203
packet_number=1945,correct=False,payload=[215,179,254,103,74,19,48,254,17,210,198,248,25,74,182,21,13,199,189,182,234,41,30,68,173,139,183,116,241,143,140,128,47,60,218,39,75,39,65,63,89,216,132,179,244,123,3,83,94,2,123,100,242,225,89,95,50,204,5,211,115,169,155,133,65,132,21,99,21,111,167,174,100,185,16,189,224,32,93,133,79,241,27,35,176,66,16,52,166,2,8,152,208,153,158,55,104,30,110,2]
CFO=-606.2590929586215,STO=5
EsN0dB=14.84,GRXdB=17,N0=0.025118865072727203
packet_number=1946,correct=False,payload=[0,1,2,3,6,5,6,7,136,9,14,11,140,13,14,15,16,17,18,19,20,23,22,31,24,25,28,27,28,29,30,63,32,32,34,35,32,39,38,39,40,41,10,43,44,45,190,47,48,17,18,49,180,49,54,23,60,57,58,59,60,63,62,63,64,65,66,67,68,69,198,67,72,73,74,75,76,77,70,79,80,81,82,83,92,85,86,87,88,88,122,123,94,93,94,95,96,97,114,35]
CFO=2850.136199286809,STO=2
EsN0dB=-7.86,GRXdB=17,N0=0.025118865072727203
packet_number=1947,correct=False,payload=[240,143,1,164,144,92,186,29,48,111,112,154,217,33,150,198,134,169,193,211,67,199,107,109,80,148,62,40,20,53,168,242,234,52,245,154,165,239,110,224,220,176,42,69,58,231,250,247,114,84,142,132,177,74,141,43,129,60,248,159,181,72,161,140,40,201,197,200,230,252,24,250,137,12,54,32,91,253,64,114,214,63,145,136,84,112,237,188,213,146,125,103,92,247,98,30,62,63,13,54]
CFO=-411.37102864092435,STO=4
EsN0dB=14.82,GRXdB=17,N0=0.025118865072727203
packet_number=1948,correct=True,payload=[0,1,2,3,4,5,6,7,8,9,10,11,12,13,14,15,16,17,18,19,20,21,22,23,24,25,26,27,28,29,30,31,32,33,34,35,36,37,38,39,40,41,42,43,44,45,46,47,48,49,50,51,52,53,54,55,56,57,58,59,60,61,62,63,64,65,66,67,68,69,70,71,72,73,74,75,76,77,78,79,80,81,82,83,84,85,86,87,88,89,90,91,92,93,94,95,96,97,98,99]
CFO=-487.5915523303623,STO=6
EsN0dB=14.74,GRXdB=17,N0=0.025118865072727203
packet_number=1949,correct=True,payload=[0,1,2,3,4,5,6,7,8,9,10,11,12,13,14,15,16,17,18,19,20,21,22,23,24,25,26,27,28,29,30,31,32,33,34,35,36,37,38,39,40,41,42,43,44,45,46,47,48,49,50,51,52,53,54,55,56,57,58,59,60,61,62,63,64,65,66,67,68,69,70,71,72,73,74,75,76,77,78,79,80,81,82,83,84,85,86,87,88,89,90,91,92,93,94,95,96,97,98,99]
CFO=-503.60816806453255,STO=2
EsN0dB=14.82,GRXdB=17,N0=0.025118865072727203
packet_number=1950,correct=True,payload=[0,1,2,3,4,5,6,7,8,9,10,11,12,13,14,15,16,17,18,19,20,21,22,23,24,25,26,27,28,29,30,31,32,33,34,35,36,37,38,39,40,41,42,43,44,45,46,47,48,49,50,51,52,53,54,55,56,57,58,59,60,61,62,63,64,65,66,67,68,69,70,71,72,73,74,75,76,77,78,79,80,81,82,83,84,85,86,87,88,89,90,91,92,93,94,95,96,97,98,99]
CFO=-347.01214823040215,STO=1
EsN0dB=14.79,GRXdB=17,N0=0.025118865072727203
packet_number=1951,correct=False,payload=[0,1,2,3,4,5,6,7,8,9,10,15,12,13,14,15,16,17,18,19,20,21,22,23,24,25,26,27,28,29,30,31,32,33,34,35,36,37,38,39,40,41,43,43,44,45,46,47,48,49,50,51,52,53,54,55,56,57,58,57,60,61,62,63,64,65,66,67,68,69,70,71,72,73,74,75,76,109,78,79,80,81,82,83,84,85,86,119,88,89,90,91,92,93,94,95,96,97,98,99]
CFO=-565.1886674447078,STO=3
EsN0dB=14.80,GRXdB=17,N0=0.025118865072727203
packet_number=1952,correct=True,payload=[0,1,2,3,4,5,6,7,8,9,10,11,12,13,14,15,16,17,18,19,20,21,22,23,24,25,26,27,28,29,30,31,32,33,34,35,36,37,38,39,40,41,42,43,44,45,46,47,48,49,50,51,52,53,54,55,56,57,58,59,60,61,62,63,64,65,66,67,68,69,70,71,72,73,74,75,76,77,78,79,80,81,82,83,84,85,86,87,88,89,90,91,92,93,94,95,96,97,98,99]
CFO=-495.94768402354015,STO=5
EsN0dB=14.72,GRXdB=17,N0=0.025118865072727203
packet_number=1953,correct=False,payload=[128,1,128,3,132,0,6,3,8,9,10,11,14,12,143,15,16,17,19,19,22,21,14,23,24,25,26,15,28,29,30,15,32,33,34,33,0,37,38,39,40,40,142,59,36,37,46,47,56,57,48,59,52,53,22,63,56,57,30,57,28,61,30,63,64,97,66,67,68,69,70,71,104,73,74,75,76,79,111,79,24,73,195,115,116,77,102,87,252,89,26,91,92,95,223,95,96,96,226,99]
CFO=-276.61836287236684,STO=1
EsN0dB=14.80,GRXdB=17,N0=0.025118865072727203
packet_number=1954,correct=False,payload=[0,1,129,3,0,5,6,7,8,5,8,11,14,13,142,15,16,17,2,19,20,21,26,23,12,25,24,27,28,15,30,31,32,1,32,35,36,39,54,35,60,41,42,43,12,45,46,47,48,48,58,51,52,53,22,55,56,56,186,59,62,29,62,63,64,65,66,67,68,1,66,71,72,97,74,111,76,68,111,79,80,89,82,83,68,85,86,87,88,89,90,75,92,93,78,95,96,97,32,115]
CFO=-490.40811601544436,STO=0
EsN0dB=14.76,GRXdB=17,N0=0.025118865072727203
packet_number=1955,correct=False,payload=[0,1,2,3,4,5,6,7,8,9,10,11,12,13,14,15,16,17,18,19,20,21,22,23,24,24,26,27,28,29,30,31,32,33,38,35,36,37,102,39,40,41,42,43,44,45,46,47,48,49,50,51,52,53,54,55,56,57,58,59,60,125,62,63,64,65,66,67,68,69,70,71,72,73,74,75,76,77,78,79,80,81,82,83,84,85,86,87,88,89,90,91,92,93,94,95,96,97,96,99]
CFO=-245.08749418907422,STO=1
EsN0dB=14.79,GRXdB=17,N0=0.025118865072727203
packet_number=1956,correct=False,payload=[0,1,2,3,4,5,7,7,8,9,10,11,12,13,14,15,16,17,18,19,20,21,22,23,24,25,26,27,28,29,30,31,32,33,34,35,36,37,38,39,40,41,42,43,44,45,46,47,48,49,50,51,52,53,54,55,56,57,56,59,60,61,62,63,64,65,2,67,68,69,70,71,72,73,74,75,76,77,78,79,16,80,82,83,84,85,86,87,88,89,90,91,92,93,94,95,96,97,98,99]
CFO=-472.94420572628627,STO=0
EsN0dB=14.88,GRXdB=17,N0=0.025118865072727203
packet_number=1957,correct=True,payload=[0,1,2,3,4,5,6,7,8,9,10,11,12,13,14,15,16,17,18,19,20,21,22,23,24,25,26,27,28,29,30,31,32,33,34,35,36,37,38,39,40,41,42,43,44,45,46,47,48,49,50,51,52,53,54,55,56,57,58,59,60,61,62,63,64,65,66,67,68,69,70,71,72,73,74,75,76,77,78,79,80,81,82,83,84,85,86,87,88,89,90,91,92,93,94,95,96,97,98,99]
CFO=-287.75806345658935,STO=7
EsN0dB=14.80,GRXdB=17,N0=0.025118865072727203
packet_number=1958,correct=False,payload=[0,1,2,3,12,5,4,7,8,9,8,11,12,13,14,15,16,19,18,19,20,21,14,23,48,25,28,27,28,29,30,31,32,33,32,35,36,33,38,39,8,107,58,43,44,62,12,15,48,33,112,115,52,117,126,55,56,49,56,59,56,125,62,63,64,65,2,131,64,69,70,71,8,65,10,75,72,77,222,14,208,81,82,83,84,21,86,87,88,123,82,91,248,93,126,95,64,99,226,99]
CFO=-363.65901492704836,STO=1
EsN0dB=14.77,GRXdB=17,N0=0.025118865072727203
packet_number=1959,correct=True,payload=[0,1,2,3,4,5,6,7,8,9,10,11,12,13,14,15,16,17,18,19,20,21,22,23,24,25,26,27,28,29,30,31,32,33,34,35,36,37,38,39,40,41,42,43,44,45,46,47,48,49,50,51,52,53,54,55,56,57,58,59,60,61,62,63,64,65,66,67,68,69,70,71,72,73,74,75,76,77,78,79,80,81,82,83,84,85,86,87,88,89,90,91,92,93,94,95,96,97,98,99]
CFO=-299.50910154542987,STO=5
EsN0dB=14.82,GRXdB=17,N0=0.025118865072727203
packet_number=1960,correct=True,payload=[0,1,2,3,4,5,6,7,8,9,10,11,12,13,14,15,16,17,18,19,20,21,22,23,24,25,26,27,28,29,30,31,32,33,34,35,36,37,38,39,40,41,42,43,44,45,46,47,48,49,50,51,52,53,54,55,56,57,58,59,60,61,62,63,64,65,66,67,68,69,70,71,72,73,74,75,76,77,78,79,80,81,82,83,84,85,86,87,88,89,90,91,92,93,94,95,96,97,98,99]
CFO=-551.4786042216574,STO=3
EsN0dB=14.75,GRXdB=17,N0=0.025118865072727203
packet_number=1961,correct=True,payload=[0,1,2,3,4,5,6,7,8,9,10,11,12,13,14,15,16,17,18,19,20,21,22,23,24,25,26,27,28,29,30,31,32,33,34,35,36,37,38,39,40,41,42,43,44,45,46,47,48,49,50,51,52,53,54,55,56,57,58,59,60,61,62,63,64,65,66,67,68,69,70,71,72,73,74,75,76,77,78,79,80,81,82,83,84,85,86,87,88,89,90,91,92,93,94,95,96,97,98,99]
CFO=-553.8817398765095,STO=3
EsN0dB=14.78,GRXdB=17,N0=0.025118865072727203
packet_number=1962,correct=False,payload=[0,1,2,3,132,7,6,3,12,9,2,11,12,13,14,15,16,17,2,19,150,21,22,23,24,25,26,27,28,29,30,31,32,33,34,35,36,37,54,39,40,41,58,43,44,45,46,47,56,49,58,51,52,53,22,51,56,57,58,27,30,61,62,63,64,97,66,67,68,69,70,103,72,73,74,75,76,77,78,79,80,81,210,115,84,85,86,91,88,121,90,27,92,93,94,31,96,97,98,99]
CFO=-354.1875524736996,STO=6
EsN0dB=14.71,GRXdB=17,N0=0.025118865072727203
packet_number=1963,correct=False,payload=[0,1,2,3,4,5,6,7,8,9,10,11,12,13,14,15,16,17,18,19,20,21,22,23,24,25,26,27,28,29,30,31,32,33,34,35,36,37,38,39,40,41,42,43,44,45,46,47,48,49,50,51,52,53,54,55,56,57,58,59,60,61,62,63,64,65,66,67,68,69,70,71,72,73,74,75,76,77,78,79,80,81,82,83,84,85,86,86,88,89,90,91,92,93,94,95,96,97,98,99]
CFO=523.5622811335094,STO=5
EsN0dB=-10.20,GRXdB=17,N0=0.025118865072727203
packet_number=1964,correct=False,payload=[1,101,1,116,130,122,247,91,19,124,190,102,162,116,217,200,79,73,255,55,246,100,14,193,217,197,178,156,223,24,190,70,154,251,57,22,173,24,119,23,48,145,53,124,161,58,130,54,175,151,56,23,89,151,184,183,237,207,62,113,122,1,38,9,70,107,66,18,222,95,153,73,46,195,197,237,231,205,125,2,45,215,20,146,161,54,126,151,221,192,138,25,120,138,215,125,92,206,179,197]
CFO=-503.98216835346,STO=5
EsN0dB=14.80,GRXdB=17,N0=0.025118865072727203
packet_number=1965,correct=True,payload=[0,1,2,3,4,5,6,7,8,9,10,11,12,13,14,15,16,17,18,19,20,21,22,23,24,25,26,27,28,29,30,31,32,33,34,35,36,37,38,39,40,41,42,43,44,45,46,47,48,49,50,51,52,53,54,55,56,57,58,59,60,61,62,63,64,65,66,67,68,69,70,71,72,73,74,75,76,77,78,79,80,81,82,83,84,85,86,87,88,89,90,91,92,93,94,95,96,97,98,99]
CFO=-454.1226174700785,STO=3
EsN0dB=14.82,GRXdB=17,N0=0.025118865072727203
packet_number=1966,correct=False,payload=[0,1,2,3,4,5,6,7,8,9,10,11,12,13,14,31,48,17,2,19,20,21,22,55,24,25,26,26,28,29,62,31,32,33,2,35,32,37,38,7,8,41,40,11,44,105,110,47,48,49,50,50,116,101,54,55,56,57,58,63,60,125,62,63,0,1,66,67,68,69,70,71,8,91,74,75,28,204,78,79,80,81,82,82,68,84,78,127,88,88,94,95,28,93,92,223,224,97,66,99]
CFO=-364.65131927638794,STO=2
EsN0dB=14.89,GRXdB=17,N0=0.025118865072727203
packet_number=1967,correct=True,payload=[0,1,2,3,4,5,6,7,8,9,10,11,12,13,14,15,16,17,18,19,20,21,22,23,24,25,26,27,28,29,30,31,32,33,34,35,36,37,38,39,40,41,42,43,44,45,46,47,48,49,50,51,52,53,54,55,56,57,58,59,60,61,62,63,64,65,66,67,68,69,70,71,72,73,74,75,76,77,78,79,80,81,82,83,84,85,86,87,88,89,90,91,92,93,94,95,96,97,98,99]
CFO=-381.6576009621715,STO=7
EsN0dB=14.77,GRXdB=17,N0=0.025118865072727203
packet_number=1968,correct=False,payload=[0,0,2,3,4,5,6,7,8,9,10,11,12,13,14,15,48,17,18,19,20,53,22,23,24,25,30,27,28,29,30,31,32,33,34,35,36,37,38,39,40,41,58,43,44,45,46,47,48,49,50,51,52,53,62,55,56,57,58,59,60,61,62,63,64,65,66,67,68,69,70,71,88,73,74,75,76,77,78,79,80,81,82,83,84,85,86,87,88,89,90,91,92,93,94,95,96,97,98,99]
CFO=-523.4146494405118,STO=6
EsN0dB=14.75,GRXdB=17,N0=0.025118865072727203
packet_number=1969,correct=True,payload=[0,1,2,3,4,5,6,7,8,9,10,11,12,13,14,15,16,17,18,19,20,21,22,23,24,25,26,27,28,29,30,31,32,33,34,35,36,37,38,39,40,41,42,43,44,45,46,47,48,49,50,51,52,53,54,55,56,57,58,59,60,61,62,63,64,65,66,67,68,69,70,71,72,73,74,75,76,77,78,79,80,81,82,83,84,85,86,87,88,89,90,91,92,93,94,95,96,97,98,99]
CFO=-305.23771519735016,STO=6
EsN0dB=14.79,GRXdB=17,N0=0.025118865072727203
packet_number=1970,correct=False,payload=[0,1,2,3,6,5,6,7,136,9,10,11,12,12,14,15,16,17,16,19,22,21,22,23,24,25,26,27,28,28,30,31,32,33,34,35,36,37,166,39,40,41,40,63,44,45,46,47,48,49,50,51,52,53,54,55,56,57,58,59,60,61,62,63,64,65,66,67,68,68,70,71,72,73,74,75,76,77,78,79,80,17,82,83,84,85,86,87,88,89,90,89,92,95,94,127,96,97,98,99]
CFO=-530.3357892197848,STO=3
EsN0dB=14.86,GRXdB=17,N0=0.025118865072727203
packet_number=1971,correct=True,payload=[0,1,2,3,4,5,6,7,8,9,10,11,12,13,14,15,16,17,18,19,20,21,22,23,24,25,26,27,28,29,30,31,32,33,34,35,36,37,38,39,40,41,42,43,44,45,46,47,48,49,50,51,52,53,54,55,56,57,58,59,60,61,62,63,64,65,66,67,68,69,70,71,72,73,74,75,76,77,78,79,80,81,82,83,84,85,86,87,88,89,90,91,92,93,94,95,96,97,98,99]
CFO=-500.54270564563353,STO=5
EsN0dB=14.82,GRXdB=17,N0=0.025118865072727203
packet_number=1972,correct=True,payload=[0,1,2,3,4,5,6,7,8,9,10,11,12,13,14,15,16,17,18,19,20,21,22,23,24,25,26,27,28,29,30,31,32,33,34,35,36,37,38,39,40,41,42,43,44,45,46,47,48,49,50,51,52,53,54,55,56,57,58,59,60,61,62,63,64,65,66,67,68,69,70,71,72,73,74,75,76,77,78,79,80,81,82,83,84,85,86,87,88,89,90,91,92,93,94,95,96,97,98,99]
CFO=-258.8443963829954,STO=4
EsN0dB=14.79,GRXdB=17,N0=0.025118865072727203
packet_number=1973,correct=True,payload=[0,1,2,3,4,5,6,7,8,9,10,11,12,13,14,15,16,17,18,19,20,21,22,23,24,25,26,27,28,29,30,31,32,33,34,35,36,37,38,39,40,41,42,43,44,45,46,47,48,49,50,51,52,53,54,55,56,57,58,59,60,61,62,63,64,65,66,67,68,69,70,71,72,73,74,75,76,77,78,79,80,81,82,83,84,85,86,87,88,89,90,91,92,93,94,95,96,97,98,99]
CFO=-457.63983879853413,STO=6
EsN0dB=14.83,GRXdB=17,N0=0.025118865072727203
packet_number=1974,correct=False,payload=[0,1,2,3,4,5,6,7,8,9,10,11,12,13,14,15,16,17,18,19,20,21,22,23,24,25,26,27,28,29,30,31,32,33,34,35,36,37,38,39,40,41,42,43,44,45,46,47,48,49,50,51,52,53,54,55,56,57,58,59,60,61,62,63,64,65,66,67,68,69,70,71,72,73,74,75,76,77,78,79,80,81,86,83,84,85,86,87,88,89,90,91,92,89,94,95,96,97,98,99]
CFO=-399.0526757511006,STO=5
EsN0dB=14.83,GRXdB=17,N0=0.025118865072727203
packet_number=1975,correct=True,payload=[0,1,2,3,4,5,6,7,8,9,10,11,12,13,14,15,16,17,18,19,20,21,22,23,24,25,26,27,28,29,30,31,32,33,34,35,36,37,38,39,40,41,42,43,44,45,46,47,48,49,50,51,52,53,54,55,56,57,58,59,60,61,62,63,64,65,66,67,68,69,70,71,72,73,74,75,76,77,78,79,80,81,82,83,84,85,86,87,88,89,90,91,92,93,94,95,96,97,98,99]
CFO=-394.25953714019124,STO=3
EsN0dB=14.78,GRXdB=17,N0=0.025118865072727203
packet_number=1976,correct=False,payload=[0,0,4,7,0,4,6,7,8,2,0,11,28,11,12,30,0,17,6,19,16,49,28,6,24,17,24,59,24,28,30,31,0,1,98,38,4,109,46,71,120,43,98,50,44,47,78,95,112,49,38,39,116,117,54,103,56,59,56,59,60,56,62,63,64,67,70,131,192,197,4,198,72,8,10,202,88,207,92,15,144,0,208,19,0,208,6,199,80,153,26,87,124,123,60,127,224,65,102,195]
CFO=-340.85270498122577,STO=4
EsN0dB=14.86,GRXdB=17,N0=0.025118865072727203
packet_number=1977,correct=True,payload=[0,1,2,3,4,5,6,7,8,9,10,11,12,13,14,15,16,17,18,19,20,21,22,23,24,25,26,27,28,29,30,31,32,33,34,35,36,37,38,39,40,41,42,43,44,45,46,47,48,49,50,51,52,53,54,55,56,57,58,59,60,61,62,63,64,65,66,67,68,69,70,71,72,73,74,75,76,77,78,79,80,81,82,83,84,85,86,87,88,89,90,91,92,93,94,95,96,97,98,99]
CFO=-354.87412878089356,STO=4
EsN0dB=14.82,GRXdB=17,N0=0.025118865072727203
packet_number=1978,correct=True,payload=[0,1,2,3,4,5,6,7,8,9,10,11,12,13,14,15,16,17,18,19,20,21,22,23,24,25,26,27,28,29,30,31,32,33,34,35,36,37,38,39,40,41,42,43,44,45,46,47,48,49,50,51,52,53,54,55,56,57,58,59,60,61,62,63,64,65,66,67,68,69,70,71,72,73,74,75,76,77,78,79,80,81,82,83,84,85,86,87,88,89,90,91,92,93,94,95,96,97,98,99]
CFO=-411.7333191871341,STO=5
EsN0dB=14.88,GRXdB=17,N0=0.025118865072727203
packet_number=1979,correct=False,payload=[0,1,2,3,4,5,6,7,8,9,10,11,12,13,14,15,16,17,18,19,20,21,22,23,24,25,26,27,28,29,30,31,32,33,34,35,36,37,38,39,40,41,42,43,44,45,46,47,48,49,50,51,52,53,54,55,56,57,58,59,60,61,62,63,64,65,66,67,68,69,70,71,72,73,74,75,76,77,78,79,16,81,82,83,84,85,86,86,88,89,90,91,92,93,94,95,96,97,98,99]
CFO=-645.7705515104143,STO=4
EsN0dB=14.82,GRXdB=17,N0=0.025118865072727203
packet_number=1980,correct=False,payload=[0,1,3,3,4,5,6,7,8,9,10,11,14,13,14,15,16,17,18,19,20,21,22,23,24,25,26,27,28,29,30,31,32,33,34,35,36,39,38,55,40,41,42,43,44,44,46,47,48,49,50,51,52,53,54,55,56,57,58,59,60,61,62,63,64,65,66,67,68,69,70,71,72,73,74,73,76,77,78,79,80,81,82,83,68,85,86,87,88,89,90,91,92,93,78,95,96,97,98,99]
CFO=-342.44677152658136,STO=1
EsN0dB=14.80,GRXdB=17,N0=0.025118865072727203
packet_number=1981,correct=False,payload=[0,1,2,3,4,5,6,7,8,9,10,11,12,13,6,15,16,17,18,19,20,23,22,7,24,9,154,31,28,29,30,31,32,32,34,35,36,39,38,39,40,41,58,11,44,45,46,47,48,49,18,51,48,53,54,51,60,57,58,59,60,61,62,63,64,65,66,67,68,69,70,71,72,73,74,75,76,77,78,79,16,81,82,83,20,86,86,87,88,25,90,123,92,93,94,95,96,97,98,99]
CFO=-504.36986459462935,STO=5
EsN0dB=14.77,GRXdB=17,N0=0.025118865072727203
packet_number=1982,correct=False,payload=[0,1,2,3,4,5,6,7,140,9,10,9,12,13,14,15,16,17,18,19,20,21,150,7,24,25,10,27,28,31,30,31,32,49,162,3,36,35,38,35,44,41,58,43,44,37,46,47,48,48,50,59,52,49,54,55,184,57,62,59,62,61,62,63,64,1,66,67,100,69,198,71,104,73,74,73,78,77,79,79,16,81,83,83,84,85,86,87,88,89,81,95,92,125,222,95,96,97,98,99]
CFO=-416.0095097132054,STO=5
EsN0dB=14.73,GRXdB=17,N0=0.025118865072727203
packet_number=1983,correct=True,payload=[0,1,2,3,4,5,6,7,8,9,10,11,12,13,14,15,16,17,18,19,20,21,22,23,24,25,26,27,28,29,30,31,32,33,34,35,36,37,38,39,40,41,42,43,44,45,46,47,48,49,50,51,52,53,54,55,56,57,58,59,60,61,62,63,64,65,66,67,68,69,70,71,72,73,74,75,76,77,78,79,80,81,82,83,84,85,86,87,88,89,90,91,92,93,94,95,96,97,98,99]
CFO=-491.6081423071202,STO=1
EsN0dB=14.77,GRXdB=17,N0=0.025118865072727203
packet_number=1984,correct=False,payload=[0,1,2,3,4,5,6,7,8,9,10,11,12,13,14,15,16,17,18,19,20,21,22,23,24,25,26,27,28,29,30,31,32,33,34,35,36,37,38,39,40,41,42,43,44,45,46,47,48,49,50,51,52,53,54,55,56,61,58,59,60,61,62,63,64,65,66,67,68,69,70,71,72,73,74,75,76,77,78,79,80,81,82,83,84,85,86,87,88,89,90,91,92,93,94,95,96,97,98,99]
CFO=-405.524428214279,STO=6
EsN0dB=14.83,GRXdB=17,N0=0.025118865072727203
packet_number=1985,correct=True,payload=[0,1,2,3,4,5,6,7,8,9,10,11,12,13,14,15,16,17,18,19,20,21,22,23,24,25,26,27,28,29,30,31,32,33,34,35,36,37,38,39,40,41,42,43,44,45,46,47,48,49,50,51,52,53,54,55,56,57,58,59,60,61,62,63,64,65,66,67,68,69,70,71,72,73,74,75,76,77,78,79,80,81,82,83,84,85,86,87,88,89,90,91,92,93,94,95,96,97,98,99]
CFO=-489.6972012303486,STO=6
EsN0dB=14.85,GRXdB=17,N0=0.025118865072727203
packet_number=1986,correct=True,payload=[0,1,2,3,4,5,6,7,8,9,10,11,12,13,14,15,16,17,18,19,20,21,22,23,24,25,26,27,28,29,30,31,32,33,34,35,36,37,38,39,40,41,42,43,44,45,46,47,48,49,50,51,52,53,54,55,56,57,58,59,60,61,62,63,64,65,66,67,68,69,70,71,72,73,74,75,76,77,78,79,80,81,82,83,84,85,86,87,88,89,90,91,92,93,94,95,96,97,98,99]
CFO=-504.4575542628798,STO=4
EsN0dB=14.79,GRXdB=17,N0=0.025118865072727203
packet_number=1987,correct=True,payload=[0,1,2,3,4,5,6,7,8,9,10,11,12,13,14,15,16,17,18,19,20,21,22,23,24,25,26,27,28,29,30,31,32,33,34,35,36,37,38,39,40,41,42,43,44,45,46,47,48,49,50,51,52,53,54,55,56,57,58,59,60,61,62,63,64,65,66,67,68,69,70,71,72,73,74,75,76,77,78,79,80,81,82,83,84,85,86,87,88,89,90,91,92,93,94,95,96,97,98,99]
CFO=-445.47383114371337,STO=5
EsN0dB=14.80,GRXdB=17,N0=0.025118865072727203
packet_number=1988,correct=True,payload=[0,1,2,3,4,5,6,7,8,9,10,11,12,13,14,15,16,17,18,19,20,21,22,23,24,25,26,27,28,29,30,31,32,33,34,35,36,37,38,39,40,41,42,43,44,45,46,47,48,49,50,51,52,53,54,55,56,57,58,59,60,61,62,63,64,65,66,67,68,69,70,71,72,73,74,75,76,77,78,79,80,81,82,83,84,85,86,87,88,89,90,91,92,93,94,95,96,97,98,99]
CFO=-542.844462484919,STO=6
EsN0dB=14.79,GRXdB=17,N0=0.025118865072727203
packet_number=1989,correct=False,payload=[0,1,2,3,4,5,6,7,8,9,10,11,12,13,14,15,16,17,18,19,20,21,22,23,24,25,26,27,28,29,30,31,32,33,34,35,36,37,38,39,40,41,42,43,44,45,46,47,48,49,50,51,52,53,118,55,56,57,58,59,60,61,62,63,64,65,66,67,68,69,70,71,72,73,74,75,76,77,78,79,80,81,82,83,84,85,86,87,88,89,90,91,92,93,94,95,96,97,98,99]
CFO=-312.42358409679787,STO=4
EsN0dB=14.82,GRXdB=17,N0=0.025118865072727203
packet_number=1990,correct=True,payload=[0,1,2,3,4,5,6,7,8,9,10,11,12,13,14,15,16,17,18,19,20,21,22,23,24,25,26,27,28,29,30,31,32,33,34,35,36,37,38,39,40,41,42,43,44,45,46,47,48,49,50,51,52,53,54,55,56,57,58,59,60,61,62,63,64,65,66,67,68,69,70,71,72,73,74,75,76,77,78,79,80,81,82,83,84,85,86,87,88,89,90,91,92,93,94,95,96,97,98,99]
CFO=-388.2500378876378,STO=2
EsN0dB=14.78,GRXdB=17,N0=0.025118865072727203
packet_number=1991,correct=True,payload=[0,1,2,3,4,5,6,7,8,9,10,11,12,13,14,15,16,17,18,19,20,21,22,23,24,25,26,27,28,29,30,31,32,33,34,35,36,37,38,39,40,41,42,43,44,45,46,47,48,49,50,51,52,53,54,55,56,57,58,59,60,61,62,63,64,65,66,67,68,69,70,71,72,73,74,75,76,77,78,79,80,81,82,83,84,85,86,87,88,89,90,91,92,93,94,95,96,97,98,99]
CFO=-544.0638172633085,STO=4
EsN0dB=14.84,GRXdB=17,N0=0.025118865072727203
packet_number=1992,correct=True,payload=[0,1,2,3,4,5,6,7,8,9,10,11,12,13,14,15,16,17,18,19,20,21,22,23,24,25,26,27,28,29,30,31,32,33,34,35,36,37,38,39,40,41,42,43,44,45,46,47,48,49,50,51,52,53,54,55,56,57,58,59,60,61,62,63,64,65,66,67,68,69,70,71,72,73,74,75,76,77,78,79,80,81,82,83,84,85,86,87,88,89,90,91,92,93,94,95,96,97,98,99]
CFO=-523.514612104927,STO=1
EsN0dB=14.82,GRXdB=17,N0=0.025118865072727203
packet_number=1993,correct=False,payload=[0,1,2,3,4,5,6,15,8,9,10,11,12,13,14,15,16,17,18,19,20,21,22,23,24,25,26,27,28,29,30,31,32,33,34,35,36,37,38,39,40,41,42,43,44,45,46,47,48,49,50,51,52,53,54,55,56,57,58,59,60,61,62,63,64,65,66,67,68,69,70,71,72,73,74,75,76,77,78,79,80,81,82,83,84,85,86,87,88,89,90,91,92,93,94,95,96,97,98,99]
CFO=-453.0037886095514,STO=3
EsN0dB=14.79,GRXdB=17,N0=0.025118865072727203
packet_number=1994,correct=False,payload=[0,1,2,3,4,5,6,7,8,9,10,11,12,13,14,15,16,17,18,19,20,21,22,23,24,25,26,27,28,29,30,31,32,33,34,35,36,39,38,39,40,41,42,43,44,45,46,47,48,49,50,51,52,53,62,55,56,57,58,59,60,61,62,63,64,65,66,67,68,69,70,71,72,73,74,75,76,77,78,79,80,81,82,83,84,85,86,87,88,89,90,91,92,93,94,95,96,97,98,99]
CFO=-515.4716493283812,STO=4
EsN0dB=14.87,GRXdB=17,N0=0.025118865072727203
packet_number=1995,correct=True,payload=[0,1,2,3,4,5,6,7,8,9,10,11,12,13,14,15,16,17,18,19,20,21,22,23,24,25,26,27,28,29,30,31,32,33,34,35,36,37,38,39,40,41,42,43,44,45,46,47,48,49,50,51,52,53,54,55,56,57,58,59,60,61,62,63,64,65,66,67,68,69,70,71,72,73,74,75,76,77,78,79,80,81,82,83,84,85,86,87,88,89,90,91,92,93,94,95,96,97,98,99]
CFO=-473.0455617018604,STO=2
EsN0dB=14.81,GRXdB=17,N0=0.025118865072727203
packet_number=1996,correct=False,payload=[0,1,2,3,4,5,6,7,8,9,10,11,12,13,14,15,16,17,18,27,20,21,22,23,24,25,26,27,28,29,30,31,32,33,34,35,36,37,38,39,40,41,42,43,44,45,46,47,48,49,50,51,52,53,54,55,56,57,58,59,60,61,62,63,64,65,66,67,68,69,70,71,72,65,74,75,76,79,78,79,80,81,82,83,84,85,86,87,88,89,90,91,92,93,94,95,96,97,98,99]
CFO=-554.4960418729548,STO=4
EsN0dB=14.79,GRXdB=17,N0=0.025118865072727203
packet_number=1997,correct=False,payload=[0,1,2,3,4,5,6,7,8,9,10,11,12,13,14,15,16,17,18,19,20,21,22,23,24,25,26,27,28,29,30,31,32,33,34,35,36,37,38,39,40,41,42,43,44,45,46,47,48,49,50,51,52,53,54,55,56,57,58,59,60,61,62,63,64,65,66,67,68,69,70,71,72,73,74,75,76,77,78,79,80,81,82,83,84,85,86,87,88,89,90,91,124,93,94,95,96,97,98,99]
CFO=-372.30308771140824,STO=6
EsN0dB=14.72,GRXdB=17,N0=0.025118865072727203
packet_number=1998,correct=False,payload=[172,59,192,0,193,128,193,0,67,3,194,6,135,5,135,3,131,3,196,4,68,141,140,13,195,13,134,6,77,134,199,15,71,135,192,24,17,153,147,0,219,25,206,0,136,137,138,31,71,147,152,24,157,153,155,29,73,15,158,28,143,141,143,30,95,15,224,16,1,1,179,3,19,145,144,52,244,180,227,34,87,151,232,56,225,128,138,56,165,53,188,12,117,132,231,39,111,151,184,16]
CFO=-377.26484661745224,STO=5
EsN0dB=14.81,GRXdB=17,N0=0.025118865072727203
packet_number=1999,correct=True,payload=[0,1,2,3,4,5,6,7,8,9,10,11,12,13,14,15,16,17,18,19,20,21,22,23,24,25,26,27,28,29,30,31,32,33,34,35,36,37,38,39,40,41,42,43,44,45,46,47,48,49,50,51,52,53,54,55,56,57,58,59,60,61,62,63,64,65,66,67,68,69,70,71,72,73,74,75,76,77,78,79,80,81,82,83,84,85,86,87,88,89,90,91,92,93,94,95,96,97,98,99]
CFO=-588.3293127788091,STO=7
EsN0dB=14.77,GRXdB=17,N0=0.025118865072727203
packet_number=2000,correct=False,payload=[0,1,2,3,4,5,6,7,8,9,10,15,12,13,14,15,16,17,18,19,20,21,22,23,24,25,26,27,28,29,30,31,96,33,34,35,36,37,38,39,40,41,34,15,44,47,46,47,48,49,50,51,60,21,54,55,56,57,58,59,60,61,62,63,64,65,66,67,68,69,70,71,72,73,74,75,76,77,78,79,80,81,82,83,68,85,86,215,88,89,94,91,92,93,94,95,96,225,98,99]
CFO=-515.6476215632475,STO=6
EsN0dB=14.80,GRXdB=17,N0=0.025118865072727203
packet_number=2001,correct=True,payload=[0,1,2,3,4,5,6,7,8,9,10,11,12,13,14,15,16,17,18,19,20,21,22,23,24,25,26,27,28,29,30,31,32,33,34,35,36,37,38,39,40,41,42,43,44,45,46,47,48,49,50,51,52,53,54,55,56,57,58,59,60,61,62,63,64,65,66,67,68,69,70,71,72,73,74,75,76,77,78,79,80,81,82,83,84,85,86,87,88,89,90,91,92,93,94,95,96,97,98,99]
CFO=-545.4622273480647,STO=4
EsN0dB=14.84,GRXdB=17,N0=0.025118865072727203
packet_number=2002,correct=False,payload=[0,1,2,3,4,5,6,7,8,9,10,11,12,13,14,15,16,17,18,19,20,21,22,23,24,25,26,27,28,29,30,31,32,33,34,35,36,37,38,39,56,41,42,43,44,45,46,47,48,49,50,51,52,53,54,55,56,57,58,59,60,61,62,63,64,65,66,67,68,69,70,71,72,73,74,75,76,77,78,79,80,81,82,83,84,85,86,87,88,89,90,91,92,93,94,95,96,97,98,99]
CFO=-346.203879533699,STO=4
EsN0dB=14.75,GRXdB=17,N0=0.025118865072727203
packet_number=2003,correct=False,payload=[0,1,2,3,4,5,6,7,8,9,10,11,12,13,14,15,16,17,18,19,20,21,22,23,24,25,26,27,28,29,30,31,32,33,34,35,36,37,38,39,40,41,42,43,44,45,46,47,48,49,50,51,52,53,54,55,56,57,122,59,60,61,62,63,64,65,66,67,68,69,70,71,72,73,74,75,76,77,78,79,80,81,82,83,84,85,86,87,88,89,90,91,92,93,94,95,96,97,98,99]
CFO=-352.4842147595911,STO=7
EsN0dB=14.81,GRXdB=17,N0=0.025118865072727203
packet_number=2004,correct=False,payload=[0,1,2,3,4,5,6,7,8,9,10,11,12,13,14,15,16,17,18,19,20,21,22,23,24,25,26,27,28,29,30,31,32,33,34,35,36,37,38,39,40,41,42,43,44,45,46,47,48,49,50,51,52,53,54,55,56,57,58,59,60,61,62,63,64,193,66,67,68,69,70,71,72,73,74,75,76,77,78,79,80,81,82,83,84,85,86,87,88,89,90,91,92,93,94,95,96,97,98,99]
CFO=-357.1829639507204,STO=6
EsN0dB=14.83,GRXdB=17,N0=0.025118865072727203
packet_number=2005,correct=False,payload=[0,1,2,3,4,5,6,7,8,9,14,11,12,13,14,15,16,17,18,19,20,21,22,23,24,25,26,27,28,29,30,31,32,33,34,35,36,45,38,39,40,41,42,43,44,45,46,47,48,49,50,51,52,53,54,55,56,57,58,59,60,61,62,63,192,65,66,67,68,69,70,71,72,73,74,75,76,77,78,79,80,81,82,83,84,85,86,87,88,89,90,91,92,93,94,31,96,97,98,99]
CFO=-425.3298127282821,STO=6
EsN0dB=14.85,GRXdB=17,N0=0.025118865072727203
packet_number=2006,correct=False,payload=[0,1,2,3,4,5,6,6,8,9,10,11,12,13,14,15,16,17,18,19,20,21,22,23,24,25,26,27,28,61,30,31,32,35,34,35,36,37,38,39,40,41,42,43,44,45,46,47,48,49,50,51,52,53,54,55,56,57,58,59,60,61,62,63,64,65,66,67,68,69,70,71,72,73,74,75,76,77,78,79,112,81,82,83,84,149,86,87,88,89,90,91,92,93,94,95,96,97,98,99]
CFO=-359.9433505156759,STO=3
EsN0dB=14.78,GRXdB=17,N0=0.025118865072727203
packet_number=2007,correct=False,payload=[0,1,2,7,8,5,6,7,8,9,10,10,12,13,14,15,16,17,18,19,28,21,22,22,24,25,26,27,28,29,30,31,32,33,34,35,44,101,46,39,8,41,42,43,44,41,46,47,48,49,50,115,36,53,54,55,56,57,58,59,60,61,62,63,64,65,66,67,64,69,70,71,200,73,74,75,76,141,78,79,16,241,82,82,84,85,84,87,88,89,26,83,92,93,94,95,96,97,98,99]
CFO=-363.5713845486345,STO=3
EsN0dB=14.70,GRXdB=17,N0=0.025118865072727203
packet_number=2008,correct=True,payload=[0,1,2,3,4,5,6,7,8,9,10,11,12,13,14,15,16,17,18,19,20,21,22,23,24,25,26,27,28,29,30,31,32,33,34,35,36,37,38,39,40,41,42,43,44,45,46,47,48,49,50,51,52,53,54,55,56,57,58,59,60,61,62,63,64,65,66,67,68,69,70,71,72,73,74,75,76,77,78,79,80,81,82,83,84,85,86,87,88,89,90,91,92,93,94,95,96,97,98,99]
CFO=-374.69359463107617,STO=4
EsN0dB=14.79,GRXdB=17,N0=0.025118865072727203
packet_number=2009,correct=False,payload=[0,1,3,3,4,5,6,7,8,9,10,11,12,13,14,15,0,17,2,19,20,21,22,23,88,25,26,27,12,29,30,31,32,33,34,35,36,37,38,39,40,41,42,43,36,45,46,47,48,49,50,51,52,53,62,55,56,57,58,59,60,61,62,63,64,65,66,67,68,69,70,71,72,73,74,75,92,77,78,79,80,81,66,83,84,85,214,87,88,89,90,27,92,125,94,95,96,97,98,99]
CFO=-477.3452902930402,STO=4
EsN0dB=14.80,GRXdB=17,N0=0.025118865072727203
packet_number=2010,correct=False,payload=[0,1,2,3,4,5,6,7,8,9,10,11,140,13,14,15,16,17,26,19,20,29,22,23,24,25,11,11,28,29,30,31,128,49,34,35,38,37,39,39,168,41,42,43,44,45,166,47,48,48,50,51,52,21,54,55,56,57,58,59,60,61,30,63,64,1,66,3,68,68,70,71,72,73,74,11,76,77,14,111,80,17,83,91,80,21,86,71,92,29,90,91,92,93,94,95,96,97,96,97]
CFO=-397.48804660958973,STO=6
EsN0dB=14.81,GRXdB=17,N0=0.025118865072727203
packet_number=2011,correct=False,payload=[0,3,0,7,8,11,6,7,8,11,24,14,28,10,12,14,16,49,32,18,4,37,22,30,56,51,60,51,56,24,60,63,64,33,34,39,68,36,100,70,0,57,70,71,108,127,62,127,48,48,102,54,100,41,100,62,48,56,48,54,120,125,124,126,0,194,64,3,196,66,132,14,152,192,130,206,204,207,206,15,144,226,6,3,208,171,198,214,152,48,20,54,60,190,222,158,192,65,66,195]
CFO=-532.3521179810157,STO=3
EsN0dB=14.84,GRXdB=17,N0=0.025118865072727203
packet_number=2012,correct=True,payload=[0,1,2,3,4,5,6,7,8,9,10,11,12,13,14,15,16,17,18,19,20,21,22,23,24,25,26,27,28,29,30,31,32,33,34,35,36,37,38,39,40,41,42,43,44,45,46,47,48,49,50,51,52,53,54,55,56,57,58,59,60,61,62,63,64,65,66,67,68,69,70,71,72,73,74,75,76,77,78,79,80,81,82,83,84,85,86,87,88,89,90,91,92,93,94,95,96,97,98,99]
CFO=-465.17187140865127,STO=5
EsN0dB=14.82,GRXdB=17,N0=0.025118865072727203
packet_number=2013,correct=True,payload=[0,1,2,3,4,5,6,7,8,9,10,11,12,13,14,15,16,17,18,19,20,21,22,23,24,25,26,27,28,29,30,31,32,33,34,35,36,37,38,39,40,41,42,43,44,45,46,47,48,49,50,51,52,53,54,55,56,57,58,59,60,61,62,63,64,65,66,67,68,69,70,71,72,73,74,75,76,77,78,79,80,81,82,83,84,85,86,87,88,89,90,91,92,93,94,95,96,97,98,99]
CFO=-451.3206390847866,STO=1
EsN0dB=14.78,GRXdB=17,N0=0.025118865072727203
packet_number=2014,correct=True,payload=[0,1,2,3,4,5,6,7,8,9,10,11,12,13,14,15,16,17,18,19,20,21,22,23,24,25,26,27,28,29,30,31,32,33,34,35,36,37,38,39,40,41,42,43,44,45,46,47,48,49,50,51,52,53,54,55,56,57,58,59,60,61,62,63,64,65,66,67,68,69,70,71,72,73,74,75,76,77,78,79,80,81,82,83,84,85,86,87,88,89,90,91,92,93,94,95,96,97,98,99]
CFO=-468.2632434861206,STO=1
EsN0dB=14.84,GRXdB=17,N0=0.025118865072727203
packet_number=2015,correct=False,payload=[0,1,2,3,4,5,6,7,8,12,10,11,12,13,14,15,16,17,18,19,20,21,22,23,24,25,26,27,28,29,30,31,32,33,34,35,36,37,38,39,40,41,42,43,44,45,46,47,48,49,50,51,52,53,54,55,56,57,58,59,60,61,62,63,64,65,66,67,68,69,70,71,72,73,74,75,76,77,78,79,80,81,82,83,84,85,86,87,88,89,90,91,92,93,94,95,96,97,98,99]
CFO=-466.51588306837726,STO=5
EsN0dB=14.80,GRXdB=17,N0=0.025118865072727203
packet_number=2016,correct=True,payload=[0,1,2,3,4,5,6,7,8,9,10,11,12,13,14,15,16,17,18,19,20,21,22,23,24,25,26,27,28,29,30,31,32,33,34,35,36,37,38,39,40,41,42,43,44,45,46,47,48,49,50,51,52,53,54,55,56,57,58,59,60,61,62,63,64,65,66,67,68,69,70,71,72,73,74,75,76,77,78,79,80,81,82,83,84,85,86,87,88,89,90,91,92,93,94,95,96,97,98,99]
CFO=-523.6844774866291,STO=1
EsN0dB=14.82,GRXdB=17,N0=0.025118865072727203
packet_number=2017,correct=True,payload=[0,1,2,3,4,5,6,7,8,9,10,11,12,13,14,15,16,17,18,19,20,21,22,23,24,25,26,27,28,29,30,31,32,33,34,35,36,37,38,39,40,41,42,43,44,45,46,47,48,49,50,51,52,53,54,55,56,57,58,59,60,61,62,63,64,65,66,67,68,69,70,71,72,73,74,75,76,77,78,79,80,81,82,83,84,85,86,87,88,89,90,91,92,93,94,95,96,97,98,99]
CFO=-583.518357572018,STO=7
EsN0dB=14.80,GRXdB=17,N0=0.025118865072727203
packet_number=2018,correct=True,payload=[0,1,2,3,4,5,6,7,8,9,10,11,12,13,14,15,16,17,18,19,20,21,22,23,24,25,26,27,28,29,30,31,32,33,34,35,36,37,38,39,40,41,42,43,44,45,46,47,48,49,50,51,52,53,54,55,56,57,58,59,60,61,62,63,64,65,66,67,68,69,70,71,72,73,74,75,76,77,78,79,80,81,82,83,84,85,86,87,88,89,90,91,92,93,94,95,96,97,98,99]
CFO=-558.6083256458968,STO=6
EsN0dB=14.82,GRXdB=17,N0=0.025118865072727203
packet_number=2019,correct=True,payload=[0,1,2,3,4,5,6,7,8,9,10,11,12,13,14,15,16,17,18,19,20,21,22,23,24,25,26,27,28,29,30,31,32,33,34,35,36,37,38,39,40,41,42,43,44,45,46,47,48,49,50,51,52,53,54,55,56,57,58,59,60,61,62,63,64,65,66,67,68,69,70,71,72,73,74,75,76,77,78,79,80,81,82,83,84,85,86,87,88,89,90,91,92,93,94,95,96,97,98,99]
CFO=-568.1734956859053,STO=6
EsN0dB=14.87,GRXdB=17,N0=0.025118865072727203
packet_number=2020,correct=False,payload=[0,1,2,3,4,5,6,7,8,9,10,27,12,13,14,15,16,17,18,19,20,21,22,23,24,25,26,27,28,29,30,31,32,33,34,35,36,37,38,39,40,41,42,43,44,45,46,47,48,49,50,51,52,53,54,55,56,57,58,59,60,61,62,63,64,65,66,67,68,69,70,71,72,73,74,75,76,77,78,79,80,81,82,83,84,85,86,87,88,89,90,91,92,93,94,95,96,97,98,99]
CFO=-493.39839892160404,STO=5
EsN0dB=14.83,GRXdB=17,N0=0.025118865072727203
packet_number=2021,correct=False,payload=[0,1,2,3,4,5,6,7,8,9,10,11,12,13,14,15,16,17,18,19,20,17,22,23,24,25,26,27,28,29,30,31,32,32,34,35,36,37,38,39,40,41,42,43,44,45,46,47,48,49,50,51,52,53,54,55,56,57,58,59,60,61,62,63,64,65,66,67,68,69,70,71,72,73,74,75,76,77,78,79,80,81,82,83,84,85,86,87,88,89,90,91,92,93,94,95,96,97,98,99]
CFO=-470.07940975917467,STO=3
EsN0dB=14.78,GRXdB=17,N0=0.025118865072727203
packet_number=2022,correct=True,payload=[0,1,2,3,4,5,6,7,8,9,10,11,12,13,14,15,16,17,18,19,20,21,22,23,24,25,26,27,28,29,30,31,32,33,34,35,36,37,38,39,40,41,42,43,44,45,46,47,48,49,50,51,52,53,54,55,56,57,58,59,60,61,62,63,64,65,66,67,68,69,70,71,72,73,74,75,76,77,78,79,80,81,82,83,84,85,86,87,88,89,90,91,92,93,94,95,96,97,98,99]
CFO=-600.2031697640532,STO=2
EsN0dB=14.73,GRXdB=17,N0=0.025118865072727203
packet_number=2023,correct=False,payload=[51,155,109,241,217,71,220,0,12,0,12,48,4,48,24,64,4,24,60,112,36,112,124,192,196,192,12,0,16,184,92,192,108,64,92,240,252,112,120,128,128,152,25,17,168,48,57,32,165,136,61,97,168,249,249,128,196,129,156,192,145,153,189,224,237,248,216,241,233,241,253,1,1,0,31,51,27,57,59,3,105,121,78,99,119,51,62,131,69,72,89,48,237,184,25,99,238,224,90,242]
CFO=-542.2554179588418,STO=2
EsN0dB=14.86,GRXdB=17,N0=0.025118865072727203
packet_number=2024,correct=True,payload=[0,1,2,3,4,5,6,7,8,9,10,11,12,13,14,15,16,17,18,19,20,21,22,23,24,25,26,27,28,29,30,31,32,33,34,35,36,37,38,39,40,41,42,43,44,45,46,47,48,49,50,51,52,53,54,55,56,57,58,59,60,61,62,63,64,65,66,67,68,69,70,71,72,73,74,75,76,77,78,79,80,81,82,83,84,85,86,87,88,89,90,91,92,93,94,95,96,97,98,99]
CFO=-350.9342598526252,STO=4
EsN0dB=14.72,GRXdB=17,N0=0.025118865072727203
packet_number=2025,correct=True,payload=[0,1,2,3,4,5,6,7,8,9,10,11,12,13,14,15,16,17,18,19,20,21,22,23,24,25,26,27,28,29,30,31,32,33,34,35,36,37,38,39,40,41,42,43,44,45,46,47,48,49,50,51,52,53,54,55,56,57,58,59,60,61,62,63,64,65,66,67,68,69,70,71,72,73,74,75,76,77,78,79,80,81,82,83,84,85,86,87,88,89,90,91,92,93,94,95,96,97,98,99]
CFO=-494.69284427797817,STO=4
EsN0dB=14.83,GRXdB=17,N0=0.025118865072727203
packet_number=2026,correct=False,payload=[0,1,2,3,12,5,6,7,8,9,10,11,12,13,14,15,16,17,18,19,20,21,22,23,24,25,26,27,28,29,30,31,32,33,34,35,36,37,38,39,40,41,42,43,44,45,46,47,48,49,50,51,52,53,54,55,56,57,58,59,60,61,62,63,64,65,66,67,68,69,70,71,72,73,74,75,76,77,78,79,80,81,82,83,84,85,86,87,88,89,90,91,92,93,94,95,96,97,98,99]
CFO=-573.1943369140668,STO=1
EsN0dB=14.75,GRXdB=17,N0=0.025118865072727203
packet_number=2027,correct=False,payload=[0,1,2,3,4,5,6,7,8,9,10,11,12,13,14,15,16,17,18,19,20,21,6,23,24,25,26,59,28,29,30,31,32,33,34,35,36,37,38,39,40,41,42,43,40,45,46,47,48,33,50,51,52,53,54,63,56,57,58,59,60,61,126,63,64,65,66,71,68,69,70,71,72,73,10,75,76,93,78,79,208,81,82,83,84,17,86,87,24,81,90,90,92,93,94,95,96,97,98,99]
CFO=-414.1750525255771,STO=3
EsN0dB=14.81,GRXdB=17,N0=0.025118865072727203
packet_number=2028,correct=True,payload=[0,1,2,3,4,5,6,7,8,9,10,11,12,13,14,15,16,17,18,19,20,21,22,23,24,25,26,27,28,29,30,31,32,33,34,35,36,37,38,39,40,41,42,43,44,45,46,47,48,49,50,51,52,53,54,55,56,57,58,59,60,61,62,63,64,65,66,67,68,69,70,71,72,73,74,75,76,77,78,79,80,81,82,83,84,85,86,87,88,89,90,91,92,93,94,95,96,97,98,99]
CFO=-458.15622362992497,STO=5
EsN0dB=14.79,GRXdB=17,N0=0.025118865072727203
packet_number=2029,correct=True,payload=[0,1,2,3,4,5,6,7,8,9,10,11,12,13,14,15,16,17,18,19,20,21,22,23,24,25,26,27,28,29,30,31,32,33,34,35,36,37,38,39,40,41,42,43,44,45,46,47,48,49,50,51,52,53,54,55,56,57,58,59,60,61,62,63,64,65,66,67,68,69,70,71,72,73,74,75,76,77,78,79,80,81,82,83,84,85,86,87,88,89,90,91,92,93,94,95,96,97,98,99]
CFO=-475.1187197714199,STO=1
EsN0dB=14.85,GRXdB=17,N0=0.025118865072727203
packet_number=2030,correct=False,payload=[0,1,2,3,4,5,6,7,8,9,10,11,12,13,14,15,16,17,18,19,20,21,22,23,24,25,26,27,28,29,30,15,32,33,34,35,36,37,38,39,40,41,42,43,44,45,46,47,48,49,50,51,52,53,54,55,56,57,58,59,60,61,62,63,64,65,66,67,68,69,70,71,72,73,74,75,76,77,78,79,80,81,82,83,84,85,86,87,88,89,90,91,92,93,94,95,96,97,98,99]
CFO=-528.8071786539753,STO=3
EsN0dB=14.85,GRXdB=17,N0=0.025118865072727203
packet_number=2031,correct=True,payload=[0,1,2,3,4,5,6,7,8,9,10,11,12,13,14,15,16,17,18,19,20,21,22,23,24,25,26,27,28,29,30,31,32,33,34,35,36,37,38,39,40,41,42,43,44,45,46,47,48,49,50,51,52,53,54,55,56,57,58,59,60,61,62,63,64,65,66,67,68,69,70,71,72,73,74,75,76,77,78,79,80,81,82,83,84,85,86,87,88,89,90,91,92,93,94,95,96,97,98,99]
CFO=-379.100222797547,STO=7
EsN0dB=14.78,GRXdB=17,N0=0.025118865072727203
packet_number=2032,correct=False,payload=[0,1,2,3,4,5,134,7,8,9,10,11,12,13,14,15,16,17,18,19,20,21,22,23,24,25,26,27,28,29,30,31,32,33,34,35,36,37,38,7,40,41,42,43,44,45,46,47,48,49,50,51,52,53,54,55,56,57,58,59,60,61,62,63,64,65,66,67,68,69,70,71,72,73,74,75,76,77,78,79,80,81,82,83,84,85,86,87,88,89,90,91,92,93,94,95,96,97,98,99]
CFO=-571.5360001858961,STO=1
EsN0dB=14.78,GRXdB=17,N0=0.025118865072727203
packet_number=2033,correct=False,payload=[0,1,0,3,4,5,6,7,8,9,10,27,12,13,14,15,48,17,18,19,20,21,22,23,24,25,26,155,28,29,30,31,32,33,34,35,36,37,38,7,40,41,46,47,40,45,46,46,48,49,50,51,116,53,54,55,56,57,58,59,60,57,62,63,64,65,66,67,76,71,6,71,72,217,74,75,76,77,78,79,80,81,82,83,84,85,86,87,88,57,90,95,92,93,94,95,96,97,66,99]
CFO=-623.6763125015002,STO=5
EsN0dB=14.80,GRXdB=17,N0=0.025118865072727203
packet_number=2034,correct=True,payload=[0,1,2,3,4,5,6,7,8,9,10,11,12,13,14,15,16,17,18,19,20,21,22,23,24,25,26,27,28,29,30,31,32,33,34,35,36,37,38,39,40,41,42,43,44,45,46,47,48,49,50,51,52,53,54,55,56,57,58,59,60,61,62,63,64,65,66,67,68,69,70,71,72,73,74,75,76,77,78,79,80,81,82,83,84,85,86,87,88,89,90,91,92,93,94,95,96,97,98,99]
CFO=-395.62596035813135,STO=3
EsN0dB=14.77,GRXdB=17,N0=0.025118865072727203
packet_number=2035,correct=False,payload=[0,1,2,3,4,5,6,7,8,9,10,11,12,13,14,15,16,17,18,19,20,21,22,23,24,25,26,19,28,29,30,31,32,33,34,35,36,37,38,39,40,41,42,43,44,45,46,47,48,49,50,51,52,53,54,55,56,57,58,59,60,61,62,63,64,65,66,67,68,69,70,71,72,73,74,75,76,77,78,79,80,81,82,83,84,85,86,87,88,89,90,91,92,93,94,95,96,97,98,99]
CFO=-508.9312688794016,STO=5
EsN0dB=14.70,GRXdB=17,N0=0.025118865072727203
packet_number=2036,correct=True,payload=[0,1,2,3,4,5,6,7,8,9,10,11,12,13,14,15,16,17,18,19,20,21,22,23,24,25,26,27,28,29,30,31,32,33,34,35,36,37,38,39,40,41,42,43,44,45,46,47,48,49,50,51,52,53,54,55,56,57,58,59,60,61,62,63,64,65,66,67,68,69,70,71,72,73,74,75,76,77,78,79,80,81,82,83,84,85,86,87,88,89,90,91,92,93,94,95,96,97,98,99]
CFO=-477.73405375126737,STO=7
EsN0dB=14.79,GRXdB=17,N0=0.025118865072727203
packet_number=2037,correct=False,payload=[0,1,2,3,4,4,6,6,8,9,10,11,8,13,14,31,16,17,18,3,0,21,22,23,24,25,26,23,28,25,30,31,32,33,34,3,100,41,36,7,40,41,42,43,44,44,46,47,48,49,50,51,52,125,52,55,56,57,58,59,60,61,60,63,192,65,66,67,4,73,70,79,200,73,202,75,76,77,94,79,80,81,80,83,92,85,86,23,88,89,86,19,92,89,222,95,224,65,226,99]
CFO=-437.61134662961126,STO=4
EsN0dB=14.78,GRXdB=17,N0=0.025118865072727203
packet_number=2038,correct=True,payload=[0,1,2,3,4,5,6,7,8,9,10,11,12,13,14,15,16,17,18,19,20,21,22,23,24,25,26,27,28,29,30,31,32,33,34,35,36,37,38,39,40,41,42,43,44,45,46,47,48,49,50,51,52,53,54,55,56,57,58,59,60,61,62,63,64,65,66,67,68,69,70,71,72,73,74,75,76,77,78,79,80,81,82,83,84,85,86,87,88,89,90,91,92,93,94,95,96,97,98,99]
CFO=-359.20439163789416,STO=3
EsN0dB=14.87,GRXdB=17,N0=0.025118865072727203
packet_number=2039,correct=True,payload=[0,1,2,3,4,5,6,7,8,9,10,11,12,13,14,15,16,17,18,19,20,21,22,23,24,25,26,27,28,29,30,31,32,33,34,35,36,37,38,39,40,41,42,43,44,45,46,47,48,49,50,51,52,53,54,55,56,57,58,59,60,61,62,63,64,65,66,67,68,69,70,71,72,73,74,75,76,77,78,79,80,81,82,83,84,85,86,87,88,89,90,91,92,93,94,95,96,97,98,99]
CFO=-246.1612775962861,STO=2
EsN0dB=14.83,GRXdB=17,N0=0.025118865072727203
packet_number=2040,correct=True,payload=[0,1,2,3,4,5,6,7,8,9,10,11,12,13,14,15,16,17,18,19,20,21,22,23,24,25,26,27,28,29,30,31,32,33,34,35,36,37,38,39,40,41,42,43,44,45,46,47,48,49,50,51,52,53,54,55,56,57,58,59,60,61,62,63,64,65,66,67,68,69,70,71,72,73,74,75,76,77,78,79,80,81,82,83,84,85,86,87,88,89,90,91,92,93,94,95,96,97,98,99]
CFO=-311.25735301195283,STO=4
EsN0dB=14.79,GRXdB=17,N0=0.025118865072727203
packet_number=2041,correct=True,payload=[0,1,2,3,4,5,6,7,8,9,10,11,12,13,14,15,16,17,18,19,20,21,22,23,24,25,26,27,28,29,30,31,32,33,34,35,36,37,38,39,40,41,42,43,44,45,46,47,48,49,50,51,52,53,54,55,56,57,58,59,60,61,62,63,64,65,66,67,68,69,70,71,72,73,74,75,76,77,78,79,80,81,82,83,84,85,86,87,88,89,90,91,92,93,94,95,96,97,98,99]
CFO=-578.3265837450966,STO=7
EsN0dB=14.76,GRXdB=17,N0=0.025118865072727203
packet_number=2042,correct=False,payload=[0,1,2,2,4,5,6,7,8,9,10,11,12,13,14,15,16,17,18,19,20,21,22,23,24,25,18,27,28,60,30,31,160,1,0,34,44,37,102,39,40,43,106,43,40,45,46,47,48,49,50,115,52,53,118,55,56,49,58,59,60,61,62,63,64,65,66,67,68,69,6,71,64,72,74,11,76,77,78,79,80,17,82,114,84,85,54,87,24,89,90,91,92,221,94,95,96,97,98,99]
CFO=-408.79295832334554,STO=7
EsN0dB=14.81,GRXdB=17,N0=0.025118865072727203
packet_number=2043,correct=False,payload=[0,1,2,11,4,5,6,7,8,9,10,11,12,13,14,15,16,17,18,19,20,21,22,23,24,25,26,27,28,29,30,31,32,33,34,35,36,37,38,39,40,41,42,43,44,45,46,47,48,49,50,51,52,117,54,55,56,57,58,59,60,61,62,63,64,65,66,67,68,69,70,71,72,73,74,75,76,77,78,79,80,81,82,83,84,85,86,87,88,89,90,91,92,221,94,95,96,97,98,99]
CFO=-421.9417839536586,STO=6
EsN0dB=14.80,GRXdB=17,N0=0.025118865072727203
packet_number=2044,correct=True,payload=[0,1,2,3,4,5,6,7,8,9,10,11,12,13,14,15,16,17,18,19,20,21,22,23,24,25,26,27,28,29,30,31,32,33,34,35,36,37,38,39,40,41,42,43,44,45,46,47,48,49,50,51,52,53,54,55,56,57,58,59,60,61,62,63,64,65,66,67,68,69,70,71,72,73,74,75,76,77,78,79,80,81,82,83,84,85,86,87,88,89,90,91,92,93,94,95,96,97,98,99]
CFO=-433.1578498473514,STO=4
EsN0dB=14.73,GRXdB=17,N0=0.025118865072727203
packet_number=2045,correct=False,payload=[0,1,2,3,4,5,6,7,8,9,10,11,12,13,14,15,16,17,18,19,20,21,22,23,24,25,26,27,28,29,30,31,32,33,34,99,36,37,38,39,40,41,42,43,44,13,46,47,48,49,50,51,52,53,54,55,56,57,58,59,60,61,62,63,64,65,66,67,68,69,70,71,72,73,74,75,76,77,78,79,80,81,82,83,84,85,86,87,88,89,90,91,92,93,94,95,96,97,98,99]
CFO=-328.49110015564224,STO=2
EsN0dB=14.76,GRXdB=17,N0=0.025118865072727203
packet_number=2046,correct=True,payload=[0,1,2,3,4,5,6,7,8,9,10,11,12,13,14,15,16,17,18,19,20,21,22,23,24,25,26,27,28,29,30,31,32,33,34,35,36,37,38,39,40,41,42,43,44,45,46,47,48,49,50,51,52,53,54,55,56,57,58,59,60,61,62,63,64,65,66,67,68,69,70,71,72,73,74,75,76,77,78,79,80,81,82,83,84,85,86,87,88,89,90,91,92,93,94,95,96,97,98,99]
CFO=-450.9637142687842,STO=1
EsN0dB=14.78,GRXdB=17,N0=0.025118865072727203
packet_number=2047,correct=False,payload=[0,1,2,3,4,15,6,15,8,25,10,11,28,13,14,15,16,17,18,19,20,23,22,23,24,25,26,59,28,29,30,31,32,33,34,35,36,5,38,39,40,41,42,43,44,45,46,47,48,49,50,51,116,53,54,55,56,57,58,63,60,61,62,63,64,65,66,67,68,69,70,71,72,73,74,75,76,77,78,79,80,81,82,83,84,85,86,79,88,89,90,91,92,93,94,95,96,97,98,99]
CFO=-468.6830748186975,STO=6
EsN0dB=14.77,GRXdB=17,N0=0.025118865072727203
packet_number=2048,correct=False,payload=[0,1,2,3,4,5,6,7,8,9,10,11,12,13,14,15,16,17,18,19,20,21,22,23,24,25,26,27,28,29,30,31,32,35,34,35,36,37,38,39,40,41,42,43,44,45,46,47,48,49,50,51,52,53,54,55,56,57,58,59,60,61,62,63,64,65,66,67,68,69,70,71,72,73,74,75,76,77,78,79,80,81,82,83,84,85,86,87,88,89,90,91,92,93,94,95,96,97,98,99]
CFO=-444.02449108936474,STO=5
EsN0dB=14.84,GRXdB=17,N0=0.025118865072727203
packet_number=2049,correct=True,payload=[0,1,2,3,4,5,6,7,8,9,10,11,12,13,14,15,16,17,18,19,20,21,22,23,24,25,26,27,28,29,30,31,32,33,34,35,36,37,38,39,40,41,42,43,44,45,46,47,48,49,50,51,52,53,54,55,56,57,58,59,60,61,62,63,64,65,66,67,68,69,70,71,72,73,74,75,76,77,78,79,80,81,82,83,84,85,86,87,88,89,90,91,92,93,94,95,96,97,98,99]
CFO=-609.849922619148,STO=5
EsN0dB=14.77,GRXdB=17,N0=0.025118865072727203
packet_number=2050,correct=True,payload=[0,1,2,3,4,5,6,7,8,9,10,11,12,13,14,15,16,17,18,19,20,21,22,23,24,25,26,27,28,29,30,31,32,33,34,35,36,37,38,39,40,41,42,43,44,45,46,47,48,49,50,51,52,53,54,55,56,57,58,59,60,61,62,63,64,65,66,67,68,69,70,71,72,73,74,75,76,77,78,79,80,81,82,83,84,85,86,87,88,89,90,91,92,93,94,95,96,97,98,99]
CFO=-359.9876103786569,STO=0
EsN0dB=14.81,GRXdB=17,N0=0.025118865072727203
packet_number=2051,correct=False,payload=[0,1,6,2,4,5,6,7,0,9,10,11,12,13,14,15,16,17,18,19,20,21,6,23,24,25,26,27,28,29,30,31,32,33,34,35,36,37,38,39,40,41,42,43,44,45,46,47,48,49,34,51,52,53,54,55,56,57,58,59,60,57,62,63,64,65,6,67,64,68,70,71,72,201,78,11,76,77,78,79,80,81,82,115,84,85,86,87,88,89,90,91,92,91,94,95,96,97,98,99]
CFO=-437.13474527854225,STO=1
EsN0dB=14.77,GRXdB=17,N0=0.025118865072727203
packet_number=2052,correct=False,payload=[35,227,34,1,176,0,8,16,24,32,40,32,120,128,72,112,56,96,248,96,120,128,145,17,145,161,144,48,56,128,137,209,152,225,248,241,240,1,25,17,48,65,41,113,48,2,202,82,185,97,74,114,121,129,25,17,179,161,163,225,113,195,131,193,249,225,249,241,250,0,8,18,62,102,32,114,58,70,204,118,16,70,126,114,120,2,147,132,176,130,174,53,186,195,217,194,219,231,234,225]
CFO=-521.1745015463225,STO=3
EsN0dB=14.74,GRXdB=17,N0=0.025118865072727203
packet_number=2053,correct=False,payload=[0,0,6,2,12,1,6,7,0,9,14,19,28,11,30,15,0,33,16,3,48,48,12,55,56,24,56,63,28,62,28,62,64,66,102,98,40,108,108,39,48,58,6,99,76,45,46,31,48,35,48,51,100,44,110,38,48,49,122,58,124,63,126,62,64,129,198,130,8,197,12,14,16,193,202,66,8,72,28,207,224,112,2,66,112,213,28,55,88,59,186,127,56,92,126,254,96,224,66,67]
CFO=-414.3310144406094,STO=4
EsN0dB=14.85,GRXdB=17,N0=0.025118865072727203
packet_number=2054,correct=True,payload=[0,1,2,3,4,5,6,7,8,9,10,11,12,13,14,15,16,17,18,19,20,21,22,23,24,25,26,27,28,29,30,31,32,33,34,35,36,37,38,39,40,41,42,43,44,45,46,47,48,49,50,51,52,53,54,55,56,57,58,59,60,61,62,63,64,65,66,67,68,69,70,71,72,73,74,75,76,77,78,79,80,81,82,83,84,85,86,87,88,89,90,91,92,93,94,95,96,97,98,99]
CFO=-334.2799226365742,STO=5
EsN0dB=14.84,GRXdB=17,N0=0.025118865072727203
packet_number=2055,correct=False,payload=[0,1,2,3,4,5,6,7,8,9,10,11,12,13,14,15,16,17,18,19,20,21,22,23,24,25,26,27,28,29,30,31,32,33,34,35,36,37,38,39,40,41,42,43,44,45,46,47,48,49,50,51,52,53,54,55,56,57,58,59,60,61,62,63,65,65,66,67,68,69,70,71,72,73,74,75,76,77,78,79,80,81,82,83,84,85,86,87,88,89,90,91,92,93,94,95,96,97,98,99]
CFO=-418.11115654922486,STO=4
EsN0dB=14.85,GRXdB=17,N0=0.025118865072727203
packet_number=2056,correct=False,payload=[0,1,2,3,4,5,6,7,8,9,10,11,12,13,14,15,16,17,18,19,20,21,22,23,24,25,26,27,28,29,30,31,32,33,34,35,36,37,38,39,40,41,42,43,44,45,46,47,48,49,50,51,52,53,54,55,56,57,58,59,60,61,62,63,64,65,66,67,68,69,70,71,72,75,74,75,76,77,78,79,80,81,82,83,84,85,86,87,88,89,90,91,92,93,94,95,96,97,98,99]
CFO=-275.59318230866296,STO=4
EsN0dB=14.81,GRXdB=17,N0=0.025118865072727203
packet_number=2057,correct=True,payload=[0,1,2,3,4,5,6,7,8,9,10,11,12,13,14,15,16,17,18,19,20,21,22,23,24,25,26,27,28,29,30,31,32,33,34,35,36,37,38,39,40,41,42,43,44,45,46,47,48,49,50,51,52,53,54,55,56,57,58,59,60,61,62,63,64,65,66,67,68,69,70,71,72,73,74,75,76,77,78,79,80,81,82,83,84,85,86,87,88,89,90,91,92,93,94,95,96,97,98,99]
CFO=-466.49000305472526,STO=6
EsN0dB=14.84,GRXdB=17,N0=0.025118865072727203
packet_number=2058,correct=False,payload=[0,1,2,3,4,5,6,7,8,13,10,11,12,13,14,15,16,17,18,19,20,21,22,23,24,25,26,27,28,29,30,31,32,33,34,35,36,37,38,39,40,41,42,43,44,45,46,47,48,49,50,51,52,53,54,55,56,57,58,59,60,61,62,63,64,65,66,67,68,69,70,71,72,73,74,75,76,77,78,79,80,81,82,83,84,85,86,87,88,89,90,91,92,93,94,95,96,97,98,99]
CFO=-405.8320831761123,STO=1
EsN0dB=14.85,GRXdB=17,N0=0.025118865072727203
packet_number=2059,correct=True,payload=[0,1,2,3,4,5,6,7,8,9,10,11,12,13,14,15,16,17,18,19,20,21,22,23,24,25,26,27,28,29,30,31,32,33,34,35,36,37,38,39,40,41,42,43,44,45,46,47,48,49,50,51,52,53,54,55,56,57,58,59,60,61,62,63,64,65,66,67,68,69,70,71,72,73,74,75,76,77,78,79,80,81,82,83,84,85,86,87,88,89,90,91,92,93,94,95,96,97,98,99]
CFO=-546.6898827035707,STO=6
EsN0dB=14.75,GRXdB=17,N0=0.025118865072727203
packet_number=2060,correct=False,payload=[0,1,2,3,4,5,6,7,8,9,10,11,12,13,14,15,16,17,18,19,20,21,22,23,24,25,26,27,28,29,30,31,32,33,34,35,36,37,38,39,40,41,42,43,44,45,46,47,48,49,50,51,52,53,54,55,56,57,58,58,60,61,62,63,64,65,66,67,68,69,70,71,72,73,74,75,76,77,78,79,80,81,82,83,84,85,86,87,88,89,90,91,92,93,94,95,96,97,98,99]
CFO=-654.9943899614319,STO=0
EsN0dB=14.79,GRXdB=17,N0=0.025118865072727203
packet_number=2061,correct=False,payload=[0,1,2,3,4,5,6,7,8,9,10,11,12,13,14,15,16,17,18,3,20,21,22,23,24,25,26,27,28,29,62,31,32,33,34,35,36,37,38,39,40,41,42,43,44,41,46,47,48,49,50,51,52,53,54,55,48,57,58,59,60,61,62,63,64,65,66,66,68,69,70,71,72,73,74,75,76,77,78,79,80,81,114,83,84,85,86,87,88,89,90,91,92,93,94,95,96,97,98,99]
CFO=-594.6997092664135,STO=5
EsN0dB=14.82,GRXdB=17,N0=0.025118865072727203
packet_number=2062,correct=True,payload=[0,1,2,3,4,5,6,7,8,9,10,11,12,13,14,15,16,17,18,19,20,21,22,23,24,25,26,27,28,29,30,31,32,33,34,35,36,37,38,39,40,41,42,43,44,45,46,47,48,49,50,51,52,53,54,55,56,57,58,59,60,61,62,63,64,65,66,67,68,69,70,71,72,73,74,75,76,77,78,79,80,81,82,83,84,85,86,87,88,89,90,91,92,93,94,95,96,97,98,99]
CFO=-341.85660049360996,STO=5
EsN0dB=14.75,GRXdB=17,N0=0.025118865072727203
packet_number=2063,correct=True,payload=[0,1,2,3,4,5,6,7,8,9,10,11,12,13,14,15,16,17,18,19,20,21,22,23,24,25,26,27,28,29,30,31,32,33,34,35,36,37,38,39,40,41,42,43,44,45,46,47,48,49,50,51,52,53,54,55,56,57,58,59,60,61,62,63,64,65,66,67,68,69,70,71,72,73,74,75,76,77,78,79,80,81,82,83,84,85,86,87,88,89,90,91,92,93,94,95,96,97,98,99]
CFO=-478.42756696933714,STO=2
EsN0dB=14.77,GRXdB=17,N0=0.025118865072727203
packet_number=2064,correct=False,payload=[0,1,2,3,4,5,6,7,8,9,10,11,12,13,14,15,16,17,18,19,20,21,22,23,24,25,154,27,28,29,30,31,32,33,34,35,36,37,38,39,40,41,42,43,36,45,46,47,48,49,50,51,52,53,54,55,56,57,58,59,60,61,62,63,64,65,66,67,68,69,70,71,72,73,74,75,76,77,78,79,80,80,82,83,84,85,86,87,88,89,90,91,92,93,94,95,96,97,98,99]
CFO=-498.80901153521387,STO=5
EsN0dB=14.80,GRXdB=17,N0=0.025118865072727203
packet_number=2065,correct=False,payload=[0,1,2,3,4,5,6,7,8,9,10,11,12,13,14,15,16,17,18,19,20,21,22,23,24,25,26,27,28,29,30,31,32,33,34,35,36,37,38,39,40,41,42,43,44,45,46,47,48,49,51,51,52,53,54,55,56,57,58,59,60,61,62,63,64,65,66,71,68,69,70,71,72,73,74,75,76,77,78,79,80,81,82,83,84,85,86,87,88,89,90,91,92,93,94,95,96,97,98,99]
CFO=-442.5779969471703,STO=1
EsN0dB=14.78,GRXdB=17,N0=0.025118865072727203
packet_number=2066,correct=False,payload=[0,1,2,3,4,5,6,7,8,9,10,11,12,13,14,15,16,17,18,19,20,21,22,23,24,24,154,27,28,29,30,31,32,33,35,35,36,37,38,39,40,41,42,43,44,45,46,47,48,49,50,51,52,53,54,55,56,57,58,59,62,61,62,63,64,65,66,67,68,69,70,71,104,73,74,75,76,77,78,79,80,81,82,83,84,85,86,87,88,89,90,91,92,93,94,95,96,97,98,99]
CFO=2372.0272262541475,STO=5
EsN0dB=nan,GRXdB=17,N0=0.025118865072727203
packet_number=2067,correct=False,payload=[204,195,164,192,66,94,30,187,20,193,159,170,61,189,87,140,201,248,136,97,199,133,211,156,192,165,199,68,26,148,228,216,148,67,136,202,250,237,123,193,239,57,70,5,134,166,30,94,86,206,102,9,38,182,181,158,214,134,11,149,7,147,26,75,128,201,12,238,122,116,217,59,246,140,4,14,228,14,251,192,82,63,39,138,226,166,102,112,245,129,163,190,107,149,140,95,88,64,17,11]
CFO=-541.4822784902918,STO=5
EsN0dB=14.82,GRXdB=17,N0=0.025118865072727203
packet_number=2068,correct=True,payload=[0,1,2,3,4,5,6,7,8,9,10,11,12,13,14,15,16,17,18,19,20,21,22,23,24,25,26,27,28,29,30,31,32,33,34,35,36,37,38,39,40,41,42,43,44,45,46,47,48,49,50,51,52,53,54,55,56,57,58,59,60,61,62,63,64,65,66,67,68,69,70,71,72,73,74,75,76,77,78,79,80,81,82,83,84,85,86,87,88,89,90,91,92,93,94,95,96,97,98,99]
CFO=-332.7333768952097,STO=2
EsN0dB=14.84,GRXdB=17,N0=0.025118865072727203
packet_number=2069,correct=False,payload=[0,1,0,17,4,5,6,7,8,13,130,9,12,13,14,15,16,25,16,19,20,4,150,19,24,9,26,27,12,28,14,15,32,33,50,51,36,37,54,7,44,41,42,35,44,63,47,39,48,49,178,51,52,48,50,55,56,61,186,59,60,61,62,63,0,65,2,67,36,69,102,71,8,73,10,75,76,109,70,79,80,81,66,83,92,84,118,87,88,121,122,123,92,93,78,31,96,97,98,99]
CFO=-539.6510525987552,STO=6
EsN0dB=14.78,GRXdB=17,N0=0.025118865072727203
packet_number=2070,correct=False,payload=[0,1,2,3,4,5,6,7,8,9,10,11,12,13,14,15,16,17,18,3,20,20,22,23,24,25,30,27,28,31,14,31,32,49,34,35,36,37,34,35,40,41,62,43,44,45,46,47,48,49,178,51,52,53,50,55,56,57,58,59,60,61,62,63,64,65,66,67,68,101,70,71,72,73,75,75,76,77,78,79,80,89,82,91,84,85,87,87,216,89,90,123,92,93,94,95,96,97,98,99]
CFO=-366.2117091945858,STO=3
EsN0dB=14.82,GRXdB=17,N0=0.025118865072727203
packet_number=2071,correct=True,payload=[0,1,2,3,4,5,6,7,8,9,10,11,12,13,14,15,16,17,18,19,20,21,22,23,24,25,26,27,28,29,30,31,32,33,34,35,36,37,38,39,40,41,42,43,44,45,46,47,48,49,50,51,52,53,54,55,56,57,58,59,60,61,62,63,64,65,66,67,68,69,70,71,72,73,74,75,76,77,78,79,80,81,82,83,84,85,86,87,88,89,90,91,92,93,94,95,96,97,98,99]
CFO=2420.218954035511,STO=5
EsN0dB=nan,GRXdB=17,N0=0.025118865072727203
packet_number=2072,correct=False,payload=[86,120,103,187,10,190,75,37,241,252,233,206,223,128,176,1,218,125,233,116,172,150,71,0,216,162,210,120,174,155,233,82,125,121,169,155,41,101,124,245,38,1,236,48,39,144,123,234,179,104,170,223,71,103,142,70,210,134,119,144,226,97,167,43,74,12,94,109,203,199,92,195,133,43,49,4,129,22,18,37,69,68,112,143,26,192,89,192,104,93,81,192,167,52,194,34,226,176,56,184]
CFO=-649.85496906018,STO=6
EsN0dB=14.80,GRXdB=17,N0=0.025118865072727203
packet_number=2073,correct=True,payload=[0,1,2,3,4,5,6,7,8,9,10,11,12,13,14,15,16,17,18,19,20,21,22,23,24,25,26,27,28,29,30,31,32,33,34,35,36,37,38,39,40,41,42,43,44,45,46,47,48,49,50,51,52,53,54,55,56,57,58,59,60,61,62,63,64,65,66,67,68,69,70,71,72,73,74,75,76,77,78,79,80,81,82,83,84,85,86,87,88,89,90,91,92,93,94,95,96,97,98,99]
CFO=-437.26373031794645,STO=1
EsN0dB=14.78,GRXdB=17,N0=0.025118865072727203
packet_number=2074,correct=False,payload=[0,1,2,3,4,5,6,7,8,9,10,11,12,13,14,15,16,17,18,19,20,21,22,23,24,25,26,27,12,29,30,31,32,33,34,35,36,37,38,39,40,41,42,43,44,45,46,47,48,49,50,51,52,53,54,55,56,57,58,59,60,61,62,63,64,65,66,67,68,69,70,71,72,73,74,75,76,77,78,79,80,81,82,83,84,85,86,87,88,89,90,91,92,93,94,95,96,97,98,99]
CFO=-550.364311033626,STO=0
EsN0dB=14.78,GRXdB=17,N0=0.025118865072727203
packet_number=2075,correct=False,payload=[7,135,15,13,192,0,96,192,64,0,129,129,195,2,96,131,193,3,195,131,196,0,4,66,197,7,197,133,198,3,71,135,199,3,195,135,204,8,68,132,200,12,77,136,194,10,78,15,201,135,203,143,206,12,78,204,69,5,204,141,239,14,71,14,207,15,143,135,192,16,8,152,241,145,177,209,211,2,112,146,83,19,211,211,196,4,84,146,229,31,103,151,194,18,94,158,247,31,87,151]
CFO=-546.7294290245463,STO=3
EsN0dB=14.81,GRXdB=17,N0=0.025118865072727203
packet_number=2076,correct=True,payload=[0,1,2,3,4,5,6,7,8,9,10,11,12,13,14,15,16,17,18,19,20,21,22,23,24,25,26,27,28,29,30,31,32,33,34,35,36,37,38,39,40,41,42,43,44,45,46,47,48,49,50,51,52,53,54,55,56,57,58,59,60,61,62,63,64,65,66,67,68,69,70,71,72,73,74,75,76,77,78,79,80,81,82,83,84,85,86,87,88,89,90,91,92,93,94,95,96,97,98,99]
CFO=-413.2013058950762,STO=7
EsN0dB=14.87,GRXdB=17,N0=0.025118865072727203
packet_number=2077,correct=False,payload=[0,1,2,3,4,5,6,7,8,9,10,11,12,13,14,15,16,17,18,19,20,21,22,23,24,25,26,27,28,29,30,31,32,33,34,35,36,37,38,39,40,41,42,43,44,45,46,47,48,49,50,51,52,53,54,55,56,57,58,59,60,61,62,63,64,65,66,67,68,69,70,71,72,73,74,75,76,77,78,79,80,81,82,83,84,85,86,87,88,89,90,91,92,93,94,95,96,97,226,99]
CFO=-503.70629274401495,STO=1
EsN0dB=14.76,GRXdB=17,N0=0.025118865072727203
packet_number=2078,correct=False,payload=[0,1,2,3,4,5,6,7,8,9,10,11,12,13,14,15,16,17,18,19,20,21,22,23,24,25,26,27,28,29,30,31,32,33,34,35,36,37,38,39,40,41,42,43,44,45,46,47,48,49,50,51,52,53,54,55,56,57,122,59,60,61,62,63,64,65,66,67,64,69,70,71,72,73,74,75,76,77,78,79,80,81,82,83,84,85,86,87,88,89,90,91,92,93,94,95,96,97,98,99]
CFO=-378.56163392236994,STO=2
EsN0dB=14.79,GRXdB=17,N0=0.025118865072727203
packet_number=2079,correct=False,payload=[0,1,2,3,4,5,6,7,8,9,10,11,12,13,14,15,16,17,18,19,20,21,22,23,24,25,26,27,28,29,30,31,32,33,34,35,36,37,38,39,40,41,42,43,44,13,46,47,48,49,50,51,52,53,54,55,56,57,58,59,60,61,62,63,64,65,66,67,68,69,70,71,72,73,74,75,76,77,78,79,80,80,82,83,84,85,86,87,88,89,90,91,92,93,94,95,96,97,98,99]
CFO=-491.71803601915684,STO=6
EsN0dB=14.79,GRXdB=17,N0=0.025118865072727203
packet_number=2080,correct=False,payload=[0,1,2,3,4,5,6,7,8,9,10,11,8,13,14,15,16,17,18,19,20,21,22,23,24,25,30,27,28,29,30,31,32,33,34,35,36,37,38,39,40,41,42,43,44,45,46,47,48,49,50,51,52,53,54,55,56,57,58,59,60,125,62,63,64,65,64,67,68,68,68,71,88,73,74,75,76,77,78,79,80,81,82,83,20,85,86,87,88,25,122,91,92,93,94,95,96,99,98,99]
CFO=-490.0274456199056,STO=2
EsN0dB=14.81,GRXdB=17,N0=0.025118865072727203
packet_number=2081,correct=False,payload=[0,1,2,3,4,5,6,7,12,9,10,15,12,13,14,15,16,17,18,19,20,21,22,23,24,25,26,27,28,29,30,15,32,1,34,35,36,37,38,39,40,41,42,43,44,61,46,47,48,49,50,51,52,53,54,55,56,57,58,59,60,29,62,63,64,65,66,67,68,71,70,67,72,73,74,73,76,79,78,79,80,85,82,83,84,85,86,71,88,89,90,95,92,93,94,95,224,96,98,99]
CFO=-545.2103641224205,STO=4
EsN0dB=14.76,GRXdB=17,N0=0.025118865072727203
packet_number=2082,correct=True,payload=[0,1,2,3,4,5,6,7,8,9,10,11,12,13,14,15,16,17,18,19,20,21,22,23,24,25,26,27,28,29,30,31,32,33,34,35,36,37,38,39,40,41,42,43,44,45,46,47,48,49,50,51,52,53,54,55,56,57,58,59,60,61,62,63,64,65,66,67,68,69,70,71,72,73,74,75,76,77,78,79,80,81,82,83,84,85,86,87,88,89,90,91,92,93,94,95,96,97,98,99]
CFO=-461.73928632186403,STO=7
EsN0dB=14.77,GRXdB=17,N0=0.025118865072727203
packet_number=2083,correct=False,payload=[0,1,2,3,4,5,6,7,8,9,10,11,12,13,14,15,16,17,18,19,20,21,22,23,24,25,26,27,28,29,30,31,32,33,34,35,36,37,38,39,40,41,58,43,44,45,46,47,48,49,50,51,52,53,54,55,56,57,58,59,60,61,62,63,64,65,66,67,68,69,70,71,72,73,74,75,76,77,78,79,80,81,82,83,84,85,86,87,88,89,90,91,92,93,94,95,96,97,98,99]
CFO=-457.397343367064,STO=7
EsN0dB=14.81,GRXdB=17,N0=0.025118865072727203
packet_number=2084,correct=False,payload=[0,1,2,3,4,12,4,7,8,9,10,11,12,13,14,15,16,17,18,19,20,21,22,23,24,25,26,27,28,29,30,31,32,33,34,35,40,101,38,39,48,41,58,58,44,43,46,47,32,113,50,50,52,53,38,55,56,57,58,55,60,61,62,63,64,66,66,67,68,69,14,71,200,73,202,203,76,205,78,79,80,81,82,211,84,117,86,87,120,217,90,91,92,221,94,31,64,97,98,227]
CFO=-561.412616334814,STO=4
EsN0dB=14.77,GRXdB=17,N0=0.025118865072727203
packet_number=2085,correct=False,payload=[0,1,2,3,4,5,6,7,8,9,10,3,12,13,14,15,16,1,18,19,20,21,22,23,24,25,26,27,28,29,30,31,160,33,34,35,38,39,38,39,40,41,43,43,172,44,46,47,48,49,50,51,52,53,54,55,56,57,58,59,60,61,62,63,64,1,66,67,68,69,70,71,72,73,74,75,68,77,78,79,208,81,82,83,84,85,86,87,88,89,90,91,92,93,94,95,96,97,98,99]
CFO=-629.6926893750929,STO=4
EsN0dB=14.85,GRXdB=17,N0=0.025118865072727203
packet_number=2086,correct=True,payload=[0,1,2,3,4,5,6,7,8,9,10,11,12,13,14,15,16,17,18,19,20,21,22,23,24,25,26,27,28,29,30,31,32,33,34,35,36,37,38,39,40,41,42,43,44,45,46,47,48,49,50,51,52,53,54,55,56,57,58,59,60,61,62,63,64,65,66,67,68,69,70,71,72,73,74,75,76,77,78,79,80,81,82,83,84,85,86,87,88,89,90,91,92,93,94,95,96,97,98,99]
CFO=-381.9683093505869,STO=2
EsN0dB=14.85,GRXdB=17,N0=0.025118865072727203
packet_number=2087,correct=True,payload=[0,1,2,3,4,5,6,7,8,9,10,11,12,13,14,15,16,17,18,19,20,21,22,23,24,25,26,27,28,29,30,31,32,33,34,35,36,37,38,39,40,41,42,43,44,45,46,47,48,49,50,51,52,53,54,55,56,57,58,59,60,61,62,63,64,65,66,67,68,69,70,71,72,73,74,75,76,77,78,79,80,81,82,83,84,85,86,87,88,89,90,91,92,93,94,95,96,97,98,99]
CFO=-256.9749285468871,STO=6
EsN0dB=14.79,GRXdB=17,N0=0.025118865072727203
packet_number=2088,correct=False,payload=[0,1,2,3,4,5,6,7,8,9,10,11,12,13,14,15,16,17,18,19,20,21,22,23,24,25,26,27,28,29,30,31,32,33,34,35,36,37,38,39,40,41,42,43,44,45,46,47,48,49,50,51,52,49,54,55,56,57,58,59,60,61,62,63,65,65,66,67,68,69,70,71,72,73,74,75,76,77,78,79,80,81,82,83,84,85,86,87,88,89,90,91,92,93,94,95,96,97,98,99]
CFO=-290.92775740813494,STO=3
EsN0dB=14.83,GRXdB=17,N0=0.025118865072727203
packet_number=2089,correct=True,payload=[0,1,2,3,4,5,6,7,8,9,10,11,12,13,14,15,16,17,18,19,20,21,22,23,24,25,26,27,28,29,30,31,32,33,34,35,36,37,38,39,40,41,42,43,44,45,46,47,48,49,50,51,52,53,54,55,56,57,58,59,60,61,62,63,64,65,66,67,68,69,70,71,72,73,74,75,76,77,78,79,80,81,82,83,84,85,86,87,88,89,90,91,92,93,94,95,96,97,98,99]
CFO=-483.2491054119517,STO=7
EsN0dB=14.83,GRXdB=17,N0=0.025118865072727203
packet_number=2090,correct=True,payload=[0,1,2,3,4,5,6,7,8,9,10,11,12,13,14,15,16,17,18,19,20,21,22,23,24,25,26,27,28,29,30,31,32,33,34,35,36,37,38,39,40,41,42,43,44,45,46,47,48,49,50,51,52,53,54,55,56,57,58,59,60,61,62,63,64,65,66,67,68,69,70,71,72,73,74,75,76,77,78,79,80,81,82,83,84,85,86,87,88,89,90,91,92,93,94,95,96,97,98,99]
CFO=-630.6014839896584,STO=1
EsN0dB=14.79,GRXdB=17,N0=0.025118865072727203
packet_number=2091,correct=True,payload=[0,1,2,3,4,5,6,7,8,9,10,11,12,13,14,15,16,17,18,19,20,21,22,23,24,25,26,27,28,29,30,31,32,33,34,35,36,37,38,39,40,41,42,43,44,45,46,47,48,49,50,51,52,53,54,55,56,57,58,59,60,61,62,63,64,65,66,67,68,69,70,71,72,73,74,75,76,77,78,79,80,81,82,83,84,85,86,87,88,89,90,91,92,93,94,95,96,97,98,99]
CFO=-335.9247709269308,STO=3
EsN0dB=14.77,GRXdB=17,N0=0.025118865072727203
packet_number=2092,correct=False,payload=[0,1,2,3,4,5,6,7,8,9,10,11,12,12,14,15,0,17,18,19,20,21,22,23,24,25,26,27,28,29,30,31,48,33,34,35,36,37,38,39,44,41,42,43,44,45,46,47,48,49,50,51,52,53,54,55,56,57,58,59,60,61,62,63,64,65,66,67,68,69,70,71,72,73,74,67,76,77,206,79,208,80,82,83,84,85,86,87,88,89,90,91,92,93,30,95,96,97,98,99]
CFO=-610.1221222587272,STO=4
EsN0dB=14.85,GRXdB=17,N0=0.025118865072727203
packet_number=2093,correct=True,payload=[0,1,2,3,4,5,6,7,8,9,10,11,12,13,14,15,16,17,18,19,20,21,22,23,24,25,26,27,28,29,30,31,32,33,34,35,36,37,38,39,40,41,42,43,44,45,46,47,48,49,50,51,52,53,54,55,56,57,58,59,60,61,62,63,64,65,66,67,68,69,70,71,72,73,74,75,76,77,78,79,80,81,82,83,84,85,86,87,88,89,90,91,92,93,94,95,96,97,98,99]
CFO=-494.36849922715743,STO=5
EsN0dB=14.79,GRXdB=17,N0=0.025118865072727203
packet_number=2094,correct=False,payload=[0,1,2,3,4,5,6,7,8,9,10,11,12,13,14,15,16,17,18,19,20,21,22,23,24,25,26,27,28,29,30,31,32,33,34,35,36,37,38,39,40,41,42,43,44,45,46,47,48,49,50,51,52,53,54,55,56,57,58,59,60,61,62,63,64,65,66,67,68,69,70,71,72,73,74,75,68,77,78,79,80,81,82,83,84,85,86,87,88,89,90,91,92,93,94,95,96,97,98,99]
CFO=-477.4339285986753,STO=3
EsN0dB=14.79,GRXdB=17,N0=0.025118865072727203
packet_number=2095,correct=False,payload=[0,1,2,3,4,5,6,7,8,9,10,11,12,13,14,15,16,17,18,19,20,21,22,23,24,25,26,27,28,29,30,31,32,33,34,35,36,37,38,39,40,41,42,43,44,45,46,47,48,49,50,51,52,53,54,55,56,57,58,59,60,61,62,63,64,65,66,67,68,69,70,71,72,73,74,75,76,77,78,79,80,81,86,83,84,85,86,87,88,89,90,91,92,93,94,95,96,97,98,99]
CFO=-436.3005669232689,STO=5
EsN0dB=14.81,GRXdB=17,N0=0.025118865072727203
packet_number=2096,correct=False,payload=[0,1,2,3,4,5,6,7,8,9,10,11,12,13,14,15,16,17,18,19,20,21,22,23,24,25,26,27,28,29,30,31,32,33,34,35,36,37,38,39,40,41,42,43,44,45,46,47,48,49,50,51,52,53,54,55,56,57,58,63,60,61,62,63,64,65,66,67,68,69,70,71,72,73,74,75,76,77,78,79,80,81,82,83,84,85,86,87,88,89,90,91,92,93,94,95,96,97,98,99]
CFO=-654.8187734655849,STO=4
EsN0dB=-13.06,GRXdB=17,N0=0.025118865072727203
packet_number=2097,correct=False,payload=[140,183,188,66,199,34,174,181,223,76,33,197,112,253,223,177,36,55,105,127,80,226,106,140,24,220,205,158,199,137,226,109,207,78,248,151,15,45,193,153,194,152,135,25,58,10,75,175,131,234,187,214,76,111,79,32,205,91,4,224,175,7,144,208,142,234,220,108,254,109,207,163,162,230,115,165,120,203,224,126,114,85,103,235,232,102,27,125,162,169,223,243,226,253,11,106,197,217,181,179]
CFO=-495.7829472126991,STO=4
EsN0dB=14.85,GRXdB=17,N0=0.025118865072727203
packet_number=2098,correct=False,payload=[0,1,2,3,4,5,6,7,8,9,10,11,12,13,14,47,16,17,18,19,20,21,22,23,24,25,26,27,28,29,30,31,32,33,34,35,36,37,38,39,40,41,42,43,44,45,46,47,48,49,50,51,52,53,54,55,56,57,58,59,60,61,62,63,64,65,66,67,68,69,70,71,72,73,74,75,76,77,78,79,80,81,82,83,85,85,86,87,88,89,90,91,92,93,94,95,96,97,98,99]
CFO=-481.47654681367663,STO=7
EsN0dB=14.88,GRXdB=17,N0=0.025118865072727203
packet_number=2099,correct=False,payload=[0,1,2,3,6,5,6,7,0,9,9,15,12,15,14,15,16,16,26,3,148,20,6,23,8,25,27,27,30,29,30,31,32,33,34,35,164,39,50,39,40,41,63,43,60,45,46,63,24,49,50,51,52,20,178,55,56,57,59,59,60,61,62,63,64,64,194,67,70,65,66,71,72,105,75,67,12,13,78,79,80,80,192,27,84,85,82,71,88,89,91,91,92,125,78,95,224,112,98,99]
CFO=-438.4070458809668,STO=4
EsN0dB=14.87,GRXdB=17,N0=0.025118865072727203
packet_number=2100,correct=True,payload=[0,1,2,3,4,5,6,7,8,9,10,11,12,13,14,15,16,17,18,19,20,21,22,23,24,25,26,27,28,29,30,31,32,33,34,35,36,37,38,39,40,41,42,43,44,45,46,47,48,49,50,51,52,53,54,55,56,57,58,59,60,61,62,63,64,65,66,67,68,69,70,71,72,73,74,75,76,77,78,79,80,81,82,83,84,85,86,87,88,89,90,91,92,93,94,95,96,97,98,99]
CFO=-299.25205045908797,STO=7
EsN0dB=14.79,GRXdB=17,N0=0.025118865072727203
packet_number=2101,correct=True,payload=[0,1,2,3,4,5,6,7,8,9,10,11,12,13,14,15,16,17,18,19,20,21,22,23,24,25,26,27,28,29,30,31,32,33,34,35,36,37,38,39,40,41,42,43,44,45,46,47,48,49,50,51,52,53,54,55,56,57,58,59,60,61,62,63,64,65,66,67,68,69,70,71,72,73,74,75,76,77,78,79,80,81,82,83,84,85,86,87,88,89,90,91,92,93,94,95,96,97,98,99]
CFO=-421.3469290236001,STO=1
EsN0dB=14.76,GRXdB=17,N0=0.025118865072727203
packet_number=2102,correct=False,payload=[0,1,130,3,0,5,2,7,8,9,10,15,12,13,143,15,144,17,16,27,28,21,158,23,28,25,26,11,28,29,30,31,32,33,34,35,36,53,50,39,168,1,46,43,44,45,46,47,176,49,50,51,54,53,18,63,56,57,58,59,60,61,190,63,0,65,66,67,196,69,194,71,108,73,202,73,76,77,70,71,80,96,115,83,70,85,86,87,124,89,206,91,124,93,95,95,96,97,98,99]
CFO=-325.7152389433485,STO=3
EsN0dB=14.77,GRXdB=17,N0=0.025118865072727203
packet_number=2103,correct=True,payload=[0,1,2,3,4,5,6,7,8,9,10,11,12,13,14,15,16,17,18,19,20,21,22,23,24,25,26,27,28,29,30,31,32,33,34,35,36,37,38,39,40,41,42,43,44,45,46,47,48,49,50,51,52,53,54,55,56,57,58,59,60,61,62,63,64,65,66,67,68,69,70,71,72,73,74,75,76,77,78,79,80,81,82,83,84,85,86,87,88,89,90,91,92,93,94,95,96,97,98,99]
CFO=-498.63161634427047,STO=5
EsN0dB=14.78,GRXdB=17,N0=0.025118865072727203
packet_number=2104,correct=True,payload=[0,1,2,3,4,5,6,7,8,9,10,11,12,13,14,15,16,17,18,19,20,21,22,23,24,25,26,27,28,29,30,31,32,33,34,35,36,37,38,39,40,41,42,43,44,45,46,47,48,49,50,51,52,53,54,55,56,57,58,59,60,61,62,63,64,65,66,67,68,69,70,71,72,73,74,75,76,77,78,79,80,81,82,83,84,85,86,87,88,89,90,91,92,93,94,95,96,97,98,99]
CFO=-240.43398314322894,STO=2
EsN0dB=14.83,GRXdB=17,N0=0.025118865072727203
packet_number=2105,correct=False,payload=[0,3,6,7,0,8,12,6,16,9,2,26,12,8,14,31,0,18,36,2,4,48,12,31,48,25,56,22,56,24,28,62,0,98,96,3,0,78,70,46,0,72,112,95,8,13,94,110,48,113,36,54,112,35,52,62,56,49,126,115,60,120,124,63,64,2,64,195,12,137,132,206,80,146,6,2,28,137,206,206,80,176,176,150,184,88,204,6,120,26,158,18,92,184,94,255,192,64,96,71]
CFO=-428.963093911775,STO=6
EsN0dB=14.82,GRXdB=17,N0=0.025118865072727203
packet_number=2106,correct=False,payload=[0,1,2,3,4,5,6,7,8,9,10,11,12,45,14,15,16,17,18,19,20,21,22,23,24,25,26,27,28,29,30,31,32,33,34,35,36,37,38,39,40,41,42,43,44,45,46,47,48,49,50,51,52,53,54,55,56,57,58,59,60,61,62,63,64,65,66,67,68,69,70,71,72,73,74,75,12,77,78,79,80,81,82,83,84,85,86,87,88,89,90,91,92,93,94,95,96,97,98,99]
CFO=-426.6165207609871,STO=1
EsN0dB=14.78,GRXdB=17,N0=0.025118865072727203
packet_number=2107,correct=False,payload=[0,1,128,3,0,5,6,7,8,9,136,11,12,13,142,15,16,1,18,19,148,5,22,23,24,29,26,27,28,29,30,31,32,33,34,35,4,37,38,3,40,45,42,43,44,45,39,47,48,48,50,51,52,55,54,55,56,57,58,57,62,60,62,63,64,65,66,67,68,69,102,103,72,73,202,75,76,69,46,79,16,81,82,83,92,85,86,87,88,89,90,91,92,93,222,95,96,97,98,99]
CFO=-458.51489749610545,STO=4
EsN0dB=14.84,GRXdB=17,N0=0.025118865072727203
packet_number=2108,correct=True,payload=[0,1,2,3,4,5,6,7,8,9,10,11,12,13,14,15,16,17,18,19,20,21,22,23,24,25,26,27,28,29,30,31,32,33,34,35,36,37,38,39,40,41,42,43,44,45,46,47,48,49,50,51,52,53,54,55,56,57,58,59,60,61,62,63,64,65,66,67,68,69,70,71,72,73,74,75,76,77,78,79,80,81,82,83,84,85,86,87,88,89,90,91,92,93,94,95,96,97,98,99]
CFO=-437.8725776494296,STO=6
EsN0dB=14.75,GRXdB=17,N0=0.025118865072727203
packet_number=2109,correct=True,payload=[0,1,2,3,4,5,6,7,8,9,10,11,12,13,14,15,16,17,18,19,20,21,22,23,24,25,26,27,28,29,30,31,32,33,34,35,36,37,38,39,40,41,42,43,44,45,46,47,48,49,50,51,52,53,54,55,56,57,58,59,60,61,62,63,64,65,66,67,68,69,70,71,72,73,74,75,76,77,78,79,80,81,82,83,84,85,86,87,88,89,90,91,92,93,94,95,96,97,98,99]
CFO=-469.03137296348257,STO=6
EsN0dB=14.78,GRXdB=17,N0=0.025118865072727203
packet_number=2110,correct=False,payload=[0,1,6,3,4,5,6,7,8,9,10,11,12,13,14,15,16,17,18,23,20,21,20,23,24,25,26,27,28,29,30,31,0,33,2,35,36,33,38,39,40,41,42,43,12,45,46,47,48,49,50,51,52,53,54,55,56,57,58,59,60,61,62,63,64,65,66,195,70,69,70,71,72,73,74,75,76,77,78,79,80,81,82,83,84,21,86,87,88,89,90,91,92,93,94,95,96,97,98,99]
CFO=-448.95248443349624,STO=1
EsN0dB=14.78,GRXdB=17,N0=0.025118865072727203
packet_number=2111,correct=False,payload=[0,1,0,7,0,7,14,15,16,8,10,11,12,8,30,15,48,17,38,19,28,5,22,7,24,25,20,26,28,29,30,31,0,96,34,39,32,97,14,47,32,56,74,43,44,13,14,111,32,51,38,51,36,55,102,38,56,57,62,127,56,124,126,63,64,65,194,67,68,76,134,7,216,73,78,74,204,77,78,79,96,208,118,19,180,84,38,215,112,27,86,82,92,93,60,31,96,97,96,99]
CFO=-467.13353494058737,STO=2
EsN0dB=14.87,GRXdB=17,N0=0.025118865072727203
packet_number=2112,correct=False,payload=[128,0,2,3,0,5,134,7,8,1,11,11,12,12,14,15,144,25,147,19,20,27,22,23,24,25,26,31,28,13,14,31,160,33,33,3,36,5,166,39,40,41,63,3,44,45,46,15,56,57,50,51,52,23,54,23,56,57,62,59,60,61,31,63,64,65,98,67,68,69,231,71,8,73,74,41,76,108,110,111,80,81,89,75,212,81,210,87,88,73,26,73,124,125,222,15,96,113,98,115]
CFO=-409.1479265747419,STO=5
EsN0dB=14.72,GRXdB=17,N0=0.025118865072727203
packet_number=2113,correct=False,payload=[0,1,2,3,4,5,6,7,8,9,10,11,12,13,14,15,16,17,18,19,20,21,22,23,24,25,26,27,28,29,30,31,32,33,34,35,36,37,38,39,40,41,42,43,44,45,46,47,48,49,50,51,52,53,54,55,56,57,58,59,60,61,62,63,64,97,66,67,68,69,70,71,72,73,74,75,76,77,78,79,80,81,82,83,84,85,86,87,88,89,90,91,92,93,94,95,96,97,98,99]
CFO=-299.80080754123253,STO=6
EsN0dB=14.67,GRXdB=17,N0=0.025118865072727203
packet_number=2114,correct=False,payload=[0,1,2,3,4,5,6,7,0,9,10,11,12,13,14,15,16,17,18,19,20,21,22,23,24,25,26,27,28,29,30,31,32,33,34,35,36,37,38,39,40,41,42,43,44,45,46,47,48,49,50,51,52,53,54,55,56,57,58,59,60,61,62,63,64,65,66,67,68,69,70,71,72,73,74,75,76,77,78,79,80,81,82,87,84,85,86,87,88,89,90,91,92,93,94,95,96,97,98,99]
CFO=-366.8960324879911,STO=3
EsN0dB=14.83,GRXdB=17,N0=0.025118865072727203
packet_number=2115,correct=False,payload=[0,1,2,3,4,5,6,7,8,9,10,11,12,13,14,15,16,1,18,19,20,21,22,23,24,25,26,27,28,29,30,31,32,33,34,35,36,37,38,39,40,41,42,43,44,45,46,47,48,49,50,51,52,53,54,55,56,57,58,59,60,61,62,63,64,65,66,67,68,69,70,71,72,73,74,75,76,77,78,79,80,81,82,83,84,85,86,87,88,89,90,91,92,93,94,95,96,97,98,99]
CFO=-642.6417082562484,STO=5
EsN0dB=14.78,GRXdB=17,N0=0.025118865072727203
packet_number=2116,correct=True,payload=[0,1,2,3,4,5,6,7,8,9,10,11,12,13,14,15,16,17,18,19,20,21,22,23,24,25,26,27,28,29,30,31,32,33,34,35,36,37,38,39,40,41,42,43,44,45,46,47,48,49,50,51,52,53,54,55,56,57,58,59,60,61,62,63,64,65,66,67,68,69,70,71,72,73,74,75,76,77,78,79,80,81,82,83,84,85,86,87,88,89,90,91,92,93,94,95,96,97,98,99]
CFO=-548.9267103669133,STO=4
EsN0dB=14.85,GRXdB=17,N0=0.025118865072727203
packet_number=2117,correct=True,payload=[0,1,2,3,4,5,6,7,8,9,10,11,12,13,14,15,16,17,18,19,20,21,22,23,24,25,26,27,28,29,30,31,32,33,34,35,36,37,38,39,40,41,42,43,44,45,46,47,48,49,50,51,52,53,54,55,56,57,58,59,60,61,62,63,64,65,66,67,68,69,70,71,72,73,74,75,76,77,78,79,80,81,82,83,84,85,86,87,88,89,90,91,92,93,94,95,96,97,98,99]
CFO=-473.02884196795463,STO=6
EsN0dB=14.78,GRXdB=17,N0=0.025118865072727203
packet_number=2118,correct=True,payload=[0,1,2,3,4,5,6,7,8,9,10,11,12,13,14,15,16,17,18,19,20,21,22,23,24,25,26,27,28,29,30,31,32,33,34,35,36,37,38,39,40,41,42,43,44,45,46,47,48,49,50,51,52,53,54,55,56,57,58,59,60,61,62,63,64,65,66,67,68,69,70,71,72,73,74,75,76,77,78,79,80,81,82,83,84,85,86,87,88,89,90,91,92,93,94,95,96,97,98,99]
CFO=-484.45648364335915,STO=2
EsN0dB=14.75,GRXdB=17,N0=0.025118865072727203
packet_number=2119,correct=False,payload=[0,0,2,2,4,7,14,7,8,1,10,14,24,29,14,30,32,17,6,19,52,27,22,6,48,25,26,26,60,29,62,31,32,98,68,39,32,40,38,39,120,98,32,59,8,105,46,111,32,112,34,55,116,53,118,55,120,57,58,62,120,120,62,63,192,65,66,199,68,69,76,78,64,73,2,67,12,9,14,79,96,81,82,83,20,133,70,103,120,90,154,123,88,57,254,95,96,96,196,99]
CFO=-574.9981116112829,STO=4
EsN0dB=14.81,GRXdB=17,N0=0.025118865072727203
packet_number=2120,correct=False,payload=[0,1,2,3,4,13,6,15,24,11,2,11,12,13,14,15,16,17,18,19,16,21,62,62,24,24,26,59,28,61,30,31,64,33,34,39,96,37,6,39,40,41,34,123,44,45,44,111,112,49,50,35,52,37,54,54,48,59,58,59,124,61,62,63,192,65,66,67,196,7,70,15,72,72,74,75,204,93,78,79,80,81,82,83,84,81,86,70,80,80,214,91,92,93,94,255,64,97,98,99]
CFO=-453.7133100834884,STO=6
EsN0dB=14.85,GRXdB=17,N0=0.025118865072727203
packet_number=2121,correct=False,payload=[0,1,2,3,4,5,6,7,8,9,10,11,12,13,14,15,16,17,18,19,20,21,22,23,24,25,26,27,28,29,30,31,32,33,34,35,36,37,39,39,40,41,42,43,44,45,46,47,48,49,50,51,52,53,54,55,56,57,58,59,60,61,62,63,64,65,66,67,68,69,70,71,72,73,74,75,76,77,78,79,80,81,82,83,84,85,86,87,88,89,90,91,92,93,94,95,96,97,98,99]
CFO=-428.2422777239761,STO=3
EsN0dB=14.81,GRXdB=17,N0=0.025118865072727203
packet_number=2122,correct=False,payload=[0,1,2,3,4,5,6,7,0,9,14,11,12,13,14,15,16,16,34,18,20,20,22,23,24,25,26,27,28,29,30,31,32,1,0,35,4,37,38,39,40,42,42,35,44,45,46,47,48,49,50,51,52,53,54,55,120,56,58,59,60,61,62,63,0,65,66,67,64,65,70,71,72,201,90,90,76,77,78,31,16,193,82,87,84,85,86,87,88,89,90,91,92,93,94,95,96,97,98,99]
CFO=-578.9039481733743,STO=3
EsN0dB=14.76,GRXdB=17,N0=0.025118865072727203
packet_number=2123,correct=False,payload=[0,1,2,3,4,5,6,7,8,9,10,11,12,13,14,15,16,17,18,19,20,21,22,23,24,25,26,27,28,29,30,31,32,33,34,35,36,37,38,39,40,41,40,43,44,45,46,47,48,49,50,51,52,53,54,55,56,57,58,59,60,61,62,63,64,65,66,67,68,69,78,71,72,73,74,75,76,77,78,79,80,81,82,83,84,85,86,87,88,89,90,91,92,93,94,95,96,97,98,99]
CFO=-550.3041911393691,STO=3
EsN0dB=14.83,GRXdB=17,N0=0.025118865072727203
packet_number=2124,correct=False,payload=[0,1,2,3,4,5,6,7,8,9,10,11,12,13,14,15,16,17,18,19,20,21,22,23,24,25,26,27,28,29,30,31,32,33,34,35,36,37,38,39,40,41,42,43,44,45,46,47,48,49,50,51,52,53,54,55,56,41,58,59,60,61,62,63,64,65,66,67,68,69,70,71,72,73,74,75,76,77,78,79,80,81,82,83,84,85,86,87,88,89,90,91,92,93,94,95,96,97,98,99]
CFO=-333.82724473455124,STO=2
EsN0dB=14.86,GRXdB=17,N0=0.025118865072727203
packet_number=2125,correct=False,payload=[0,1,2,3,4,5,6,7,8,9,10,11,12,13,14,15,16,17,18,19,20,21,22,23,24,25,27,27,28,29,30,31,32,33,34,35,36,37,38,39,40,41,42,43,44,45,46,47,48,49,50,51,52,53,54,55,56,57,58,59,60,61,62,63,64,65,66,67,68,69,70,71,72,73,74,75,76,77,78,79,80,81,82,83,84,85,86,87,88,89,90,91,92,93,94,95,96,97,98,99]
CFO=-601.3727803695813,STO=5
EsN0dB=14.71,GRXdB=17,N0=0.025118865072727203
packet_number=2126,correct=False,payload=[0,1,2,3,4,5,6,7,8,9,10,11,12,13,14,15,16,17,18,19,20,21,22,23,24,25,26,27,28,29,30,31,32,33,34,35,36,37,38,39,40,41,42,43,44,45,46,63,48,49,50,51,52,53,54,55,56,57,58,59,60,61,62,63,64,65,66,67,68,69,70,71,72,73,74,75,76,77,78,79,80,81,82,83,84,85,86,87,88,89,90,91,92,93,94,95,96,97,98,99]
CFO=-475.8197924436492,STO=1
EsN0dB=14.82,GRXdB=17,N0=0.025118865072727203
packet_number=2127,correct=True,payload=[0,1,2,3,4,5,6,7,8,9,10,11,12,13,14,15,16,17,18,19,20,21,22,23,24,25,26,27,28,29,30,31,32,33,34,35,36,37,38,39,40,41,42,43,44,45,46,47,48,49,50,51,52,53,54,55,56,57,58,59,60,61,62,63,64,65,66,67,68,69,70,71,72,73,74,75,76,77,78,79,80,81,82,83,84,85,86,87,88,89,90,91,92,93,94,95,96,97,98,99]
CFO=-635.0700403904008,STO=3
EsN0dB=14.85,GRXdB=17,N0=0.025118865072727203
packet_number=2128,correct=True,payload=[0,1,2,3,4,5,6,7,8,9,10,11,12,13,14,15,16,17,18,19,20,21,22,23,24,25,26,27,28,29,30,31,32,33,34,35,36,37,38,39,40,41,42,43,44,45,46,47,48,49,50,51,52,53,54,55,56,57,58,59,60,61,62,63,64,65,66,67,68,69,70,71,72,73,74,75,76,77,78,79,80,81,82,83,84,85,86,87,88,89,90,91,92,93,94,95,96,97,98,99]
CFO=-569.425697033741,STO=4
EsN0dB=14.80,GRXdB=17,N0=0.025118865072727203
packet_number=2129,correct=True,payload=[0,1,2,3,4,5,6,7,8,9,10,11,12,13,14,15,16,17,18,19,20,21,22,23,24,25,26,27,28,29,30,31,32,33,34,35,36,37,38,39,40,41,42,43,44,45,46,47,48,49,50,51,52,53,54,55,56,57,58,59,60,61,62,63,64,65,66,67,68,69,70,71,72,73,74,75,76,77,78,79,80,81,82,83,84,85,86,87,88,89,90,91,92,93,94,95,96,97,98,99]
CFO=-464.2604383963594,STO=6
EsN0dB=14.76,GRXdB=17,N0=0.025118865072727203
packet_number=2130,correct=False,payload=[0,1,2,3,4,5,6,7,8,9,10,11,12,13,14,15,16,17,18,19,20,21,22,23,24,25,26,27,28,29,30,31,32,33,34,35,36,37,38,39,40,41,42,43,44,45,46,47,112,49,50,51,52,53,54,55,56,57,58,59,60,61,62,63,64,65,66,67,68,69,70,71,72,73,74,75,76,77,78,79,80,81,82,83,84,85,86,87,88,89,90,91,92,93,94,95,96,97,98,99]
CFO=-404.03841739602717,STO=2
EsN0dB=14.79,GRXdB=17,N0=0.025118865072727203
packet_number=2131,correct=False,payload=[0,1,2,3,4,5,6,7,8,9,10,11,12,13,14,15,16,17,18,19,20,21,22,23,24,25,26,27,28,29,30,31,32,33,34,35,36,37,38,39,40,41,42,43,44,45,46,47,48,49,50,51,52,53,55,55,56,57,58,59,60,61,62,63,64,65,66,67,68,69,70,71,72,73,74,75,76,77,78,79,80,81,82,83,84,85,86,87,88,89,90,91,92,93,94,95,96,97,98,99]
CFO=-239.71112145606926,STO=3
EsN0dB=14.78,GRXdB=17,N0=0.025118865072727203
packet_number=2132,correct=True,payload=[0,1,2,3,4,5,6,7,8,9,10,11,12,13,14,15,16,17,18,19,20,21,22,23,24,25,26,27,28,29,30,31,32,33,34,35,36,37,38,39,40,41,42,43,44,45,46,47,48,49,50,51,52,53,54,55,56,57,58,59,60,61,62,63,64,65,66,67,68,69,70,71,72,73,74,75,76,77,78,79,80,81,82,83,84,85,86,87,88,89,90,91,92,93,94,95,96,97,98,99]
CFO=-387.9541223134405,STO=7
EsN0dB=14.84,GRXdB=17,N0=0.025118865072727203
packet_number=2133,correct=True,payload=[0,1,2,3,4,5,6,7,8,9,10,11,12,13,14,15,16,17,18,19,20,21,22,23,24,25,26,27,28,29,30,31,32,33,34,35,36,37,38,39,40,41,42,43,44,45,46,47,48,49,50,51,52,53,54,55,56,57,58,59,60,61,62,63,64,65,66,67,68,69,70,71,72,73,74,75,76,77,78,79,80,81,82,83,84,85,86,87,88,89,90,91,92,93,94,95,96,97,98,99]
CFO=-550.2262250043121,STO=6
EsN0dB=14.76,GRXdB=17,N0=0.025118865072727203
packet_number=2134,correct=False,payload=[0,1,2,3,4,5,6,7,8,9,10,11,12,13,14,15,16,17,18,19,20,21,22,23,24,25,26,27,28,29,30,31,32,33,34,35,36,37,38,39,40,41,42,43,44,45,46,47,48,49,50,51,52,53,54,55,56,57,58,59,60,61,62,63,64,65,66,67,68,69,70,71,72,73,74,75,76,77,78,79,80,209,82,83,84,85,86,87,88,89,90,91,92,93,94,95,96,97,98,99]
CFO=-391.81537291844984,STO=3
EsN0dB=14.81,GRXdB=17,N0=0.025118865072727203
packet_number=2135,correct=False,payload=[0,1,2,3,6,4,134,3,8,5,134,11,12,13,14,7,16,17,18,19,132,24,18,23,136,25,26,27,30,29,30,31,0,33,19,35,32,37,6,39,8,57,42,11,172,45,46,47,48,49,51,59,52,53,182,55,56,25,60,59,188,61,30,63,64,33,98,65,70,69,70,71,104,65,202,73,76,77,110,47,64,113,81,65,84,65,214,95,88,25,88,25,92,77,30,95,32,97,98,99]
CFO=-448.9901631246207,STO=4
EsN0dB=14.78,GRXdB=17,N0=0.025118865072727203
packet_number=2136,correct=False,payload=[0,1,2,3,134,3,2,7,128,9,5,11,4,15,6,15,16,17,1,17,2,6,23,11,24,13,142,29,28,31,142,31,128,33,3,33,36,38,183,35,32,25,132,29,36,21,190,47,48,57,51,51,52,31,62,27,184,61,59,63,62,63,158,63,224,64,66,67,38,71,70,67,0,77,202,111,36,4,207,7,120,81,147,89,204,68,34,39,220,9,190,89,124,125,206,95,32,97,115,35]
CFO=-490.3225311363913,STO=4
EsN0dB=14.83,GRXdB=17,N0=0.025118865072727203
packet_number=2137,correct=True,payload=[0,1,2,3,4,5,6,7,8,9,10,11,12,13,14,15,16,17,18,19,20,21,22,23,24,25,26,27,28,29,30,31,32,33,34,35,36,37,38,39,40,41,42,43,44,45,46,47,48,49,50,51,52,53,54,55,56,57,58,59,60,61,62,63,64,65,66,67,68,69,70,71,72,73,74,75,76,77,78,79,80,81,82,83,84,85,86,87,88,89,90,91,92,93,94,95,96,97,98,99]
CFO=-441.10479273361216,STO=4
EsN0dB=14.80,GRXdB=17,N0=0.025118865072727203
packet_number=2138,correct=False,payload=[0,1,2,3,4,5,6,7,8,9,10,11,12,13,14,15,16,17,18,19,20,21,22,23,24,25,26,27,28,29,30,31,32,33,34,35,36,37,38,39,40,41,42,43,44,45,46,47,48,49,50,51,52,53,54,55,56,57,58,59,60,61,62,63,64,65,66,67,68,69,70,71,72,72,74,75,76,77,78,79,80,81,82,83,84,85,86,87,88,89,90,91,92,93,94,95,112,97,98,99]
CFO=-473.74894667771497,STO=5
EsN0dB=14.79,GRXdB=17,N0=0.025118865072727203
packet_number=2139,correct=False,payload=[0,1,2,3,4,5,6,7,8,9,10,11,12,13,14,15,16,17,18,19,20,21,22,23,24,25,26,27,28,29,30,31,32,33,34,35,36,37,38,39,40,41,40,43,44,45,46,47,48,49,50,51,52,53,54,55,56,57,58,59,60,61,62,63,64,65,66,67,68,69,70,71,72,73,78,75,76,77,78,79,80,81,82,83,68,85,84,87,88,89,90,91,92,93,94,95,96,97,98,99]
CFO=-299.1000313181859,STO=1
EsN0dB=14.81,GRXdB=17,N0=0.025118865072727203
packet_number=2140,correct=False,payload=[0,1,2,3,4,5,6,7,8,9,14,11,12,13,14,15,16,17,146,19,20,20,22,23,24,25,26,27,28,29,30,31,32,33,34,35,36,37,38,55,40,41,42,43,44,47,46,39,48,49,50,51,52,53,54,55,56,61,58,59,188,61,62,63,64,65,66,67,68,69,70,71,72,73,74,75,76,77,78,79,80,81,82,83,84,85,86,87,88,89,90,91,92,93,94,95,96,97,112,99]
CFO=982.916218751485,STO=3
EsN0dB=-11.75,GRXdB=17,N0=0.025118865072727203
packet_number=2141,correct=False,payload=[31,247,77,99,115,201,94,99,39,52,99,234,87,115,24,181,168,217,75,33,55,203,101,46,82,192,252,121,244,174,169,22,227,126,21,133,237,178,77,122,151,234,95,213,38,123,6,184,56,138,34,112,191,81,139,39,50,158,143,72,138,142,102,252,185,209,35,73,100,223,238,132,247,148,239,147,227,48,23,113,69,40,0,108,22,213,40,43,184,68,25,157,196,0,214,146,147,113,179,133]
CFO=-513.2349995345481,STO=0
EsN0dB=14.78,GRXdB=17,N0=0.025118865072727203
packet_number=2142,correct=False,payload=[0,1,2,2,12,5,14,6,8,9,10,10,12,29,30,14,16,48,16,19,16,23,22,22,48,56,58,27,28,29,30,63,32,32,0,35,100,39,38,38,40,9,18,51,8,8,14,111,48,51,114,55,60,51,102,63,48,49,122,63,56,125,62,63,0,64,66,67,136,69,78,71,64,137,202,75,92,204,220,79,112,208,70,115,212,244,220,22,216,91,58,19,92,125,94,30,224,65,64,103]
CFO=-429.9561690289896,STO=1
EsN0dB=14.82,GRXdB=17,N0=0.025118865072727203
packet_number=2143,correct=False,payload=[0,1,2,3,4,7,6,7,8,9,10,11,12,5,14,15,16,17,18,27,20,21,22,23,24,25,10,27,28,29,30,31,32,1,32,35,36,37,38,39,40,40,42,47,36,45,46,47,48,57,50,51,50,53,54,55,56,57,58,59,60,61,62,63,64,65,66,67,70,69,6,7,72,65,74,75,76,77,78,79,80,81,82,83,84,85,86,87,88,89,90,91,92,93,94,95,96,97,226,99]
CFO=-321.9239207005442,STO=6
EsN0dB=13.85,GRXdB=17,N0=0.03162277489900589
packet_number=2144,correct=False,payload=[0,1,2,2,0,5,6,7,8,9,14,11,28,13,12,15,16,18,18,19,20,23,22,7,24,57,26,27,28,28,30,15,32,97,34,35,36,37,38,103,40,41,62,43,44,44,46,47,48,49,50,51,52,47,54,55,56,57,58,59,56,61,62,63,64,0,66,66,64,69,70,199,64,217,72,75,76,77,206,14,80,83,18,83,116,20,118,70,88,123,210,219,92,89,30,95,64,65,98,99]
CFO=-363.3041652553251,STO=4
EsN0dB=13.81,GRXdB=17,N0=0.03162277489900589
packet_number=2145,correct=False,payload=[0,1,2,3,4,7,6,7,8,9,8,11,12,13,12,15,16,17,18,19,20,21,22,23,24,29,26,26,28,29,30,31,32,33,34,35,36,37,38,39,40,41,42,63,44,45,46,47,48,113,50,51,52,53,54,39,56,57,58,59,60,61,62,63,64,65,66,67,68,69,70,199,72,73,72,74,72,205,78,79,112,81,82,83,84,85,86,87,88,81,90,27,92,125,28,95,96,97,98,99]
CFO=-677.6866262617415,STO=3
EsN0dB=13.76,GRXdB=17,N0=0.03162277489900589
packet_number=2146,correct=False,payload=[0,1,3,3,4,13,3,7,0,9,10,11,12,5,14,15,16,25,18,67,20,5,22,23,24,25,26,27,28,29,30,15,160,33,34,35,52,39,54,39,40,41,46,59,44,61,46,47,48,49,50,59,52,53,54,55,56,57,58,63,60,61,62,63,64,65,66,3,68,5,70,71,72,73,74,75,108,77,206,111,80,81,82,83,112,85,87,83,88,89,90,95,92,93,94,95,96,97,98,99]
CFO=-244.21926864516473,STO=6
EsN0dB=13.88,GRXdB=17,N0=0.03162277489900589
packet_number=2147,correct=True,payload=[0,1,2,3,4,5,6,7,8,9,10,11,12,13,14,15,16,17,18,19,20,21,22,23,24,25,26,27,28,29,30,31,32,33,34,35,36,37,38,39,40,41,42,43,44,45,46,47,48,49,50,51,52,53,54,55,56,57,58,59,60,61,62,63,64,65,66,67,68,69,70,71,72,73,74,75,76,77,78,79,80,81,82,83,84,85,86,87,88,89,90,91,92,93,94,95,96,97,98,99]
CFO=-308.2200236204945,STO=6
EsN0dB=13.82,GRXdB=17,N0=0.03162277489900589
packet_number=2148,correct=False,payload=[0,1,2,3,4,5,6,7,8,9,10,11,12,13,14,15,16,17,18,19,20,21,22,23,24,25,26,27,28,29,30,31,32,33,34,35,36,37,38,39,40,41,42,43,44,45,46,47,48,49,50,51,52,53,54,55,56,57,58,59,60,61,62,63,64,65,66,67,68,69,70,71,72,75,74,75,76,77,78,79,80,81,82,83,84,85,86,87,88,89,90,91,92,93,94,95,96,97,98,99]
CFO=-580.2535627226538,STO=4
EsN0dB=13.87,GRXdB=17,N0=0.03162277489900589
packet_number=2149,correct=False,payload=[0,1,2,3,4,5,6,7,8,9,10,11,12,13,14,15,16,17,18,19,20,23,22,151,24,25,26,27,28,29,30,31,32,49,34,35,36,37,38,39,44,41,40,43,44,45,46,47,48,17,50,51,52,53,54,35,56,57,58,59,60,61,62,63,64,65,66,67,68,69,70,71,76,73,74,75,76,73,78,79,80,81,82,83,84,85,86,87,88,89,90,91,92,93,94,95,96,97,98,99]
CFO=-357.0014777610554,STO=7
EsN0dB=13.83,GRXdB=17,N0=0.03162277489900589
packet_number=2150,correct=False,payload=[0,1,2,3,4,13,6,7,8,9,22,3,12,13,14,15,0,17,22,19,20,21,22,22,24,25,58,27,28,28,30,31,32,33,6,35,4,37,38,39,32,41,42,43,44,45,110,47,48,113,50,51,52,53,126,55,56,57,58,59,60,61,62,63,64,65,2,67,68,5,70,71,72,73,74,75,76,205,78,79,64,64,82,83,84,85,82,87,88,89,90,91,92,93,94,95,96,97,98,103]
CFO=-478.85303083638587,STO=2
EsN0dB=13.77,GRXdB=17,N0=0.03162277489900589
packet_number=2151,correct=False,payload=[0,1,2,3,4,5,6,7,8,9,10,11,12,13,14,15,16,17,18,19,20,21,22,23,24,25,58,27,28,29,30,31,32,33,34,35,36,37,38,167,40,41,42,43,44,45,46,47,48,49,50,51,52,53,54,55,56,57,58,59,60,61,62,63,64,65,66,67,68,69,70,71,72,73,74,75,76,77,78,79,80,81,82,83,84,85,86,87,88,89,90,123,92,93,94,95,96,49,98,99]
CFO=-542.5048503011877,STO=6
EsN0dB=13.75,GRXdB=17,N0=0.03162277489900589
packet_number=2152,correct=False,payload=[0,1,2,3,4,5,6,7,8,9,10,11,12,13,14,13,16,17,18,19,20,21,22,23,24,25,26,27,28,29,30,31,32,33,34,35,36,37,38,39,40,41,42,43,44,45,46,47,48,49,50,51,52,53,54,55,56,57,58,59,60,61,62,63,64,65,66,66,68,69,86,71,72,73,74,75,76,77,78,79,80,81,82,83,84,85,86,87,88,89,90,91,92,93,94,95,96,97,98,99]
CFO=-432.7933655771895,STO=2
EsN0dB=13.79,GRXdB=17,N0=0.03162277489900589
packet_number=2153,correct=False,payload=[0,1,2,3,4,5,6,7,8,9,10,11,12,13,14,15,16,17,18,19,20,21,22,23,24,25,26,27,92,29,30,31,32,33,34,3,36,37,38,39,40,41,42,43,44,45,46,47,48,49,50,51,52,53,54,55,56,57,58,59,60,61,62,63,64,65,66,67,68,69,70,71,72,73,74,75,76,77,78,79,80,81,82,83,84,85,86,87,24,89,90,91,92,93,94,95,96,97,98,99]
CFO=-477.17032598539515,STO=5
EsN0dB=13.84,GRXdB=17,N0=0.03162277489900589
packet_number=2154,correct=False,payload=[0,1,2,3,4,5,6,7,8,9,10,11,12,13,14,15,16,17,18,19,20,21,22,23,24,25,26,27,28,29,30,31,32,33,34,35,36,37,38,39,42,41,42,43,44,45,46,47,48,49,50,51,52,53,54,55,56,57,58,59,60,61,62,63,64,65,66,67,68,69,70,71,72,73,74,75,76,77,78,79,80,81,82,83,84,85,86,87,88,89,90,91,92,93,94,95,96,97,98,99]
CFO=-482.01365344294004,STO=6
EsN0dB=13.86,GRXdB=17,N0=0.03162277489900589
packet_number=2155,correct=False,payload=[0,1,2,3,4,5,6,7,8,9,10,11,12,13,14,15,16,17,18,19,20,21,22,23,24,153,26,27,28,29,30,31,32,33,34,35,36,37,38,39,40,41,42,43,44,45,46,47,48,49,50,51,52,53,54,55,56,57,58,59,60,61,62,63,64,81,66,67,68,69,70,71,72,73,74,75,76,77,78,79,80,81,82,83,84,85,86,87,88,89,90,91,92,93,94,95,96,97,98,99]
CFO=-307.6828280564763,STO=5
EsN0dB=13.82,GRXdB=17,N0=0.03162277489900589
packet_number=2156,correct=False,payload=[0,1,2,3,4,5,6,7,8,9,10,11,12,13,14,15,16,17,18,19,20,21,22,23,24,25,26,27,28,29,30,31,32,33,34,35,36,37,38,39,40,41,106,43,44,45,46,47,48,49,50,51,52,53,54,55,56,57,58,59,60,61,62,63,64,65,66,67,68,69,70,71,72,73,74,75,76,77,78,79,80,81,82,83,84,85,86,87,88,89,90,91,92,93,94,95,96,97,98,99]
CFO=-418.8687324356818,STO=3
EsN0dB=13.87,GRXdB=17,N0=0.03162277489900589
packet_number=2157,correct=False,payload=[0,1,2,3,4,5,6,7,8,9,10,11,12,13,14,15,16,17,18,19,20,21,22,23,24,25,26,27,28,29,30,31,32,49,34,35,36,37,38,39,40,41,42,43,44,45,46,47,48,49,50,51,52,53,54,55,56,57,58,59,60,61,62,63,64,65,66,67,68,69,70,71,72,73,74,75,76,77,78,79,80,81,82,83,84,85,86,87,88,89,90,91,92,93,94,95,96,97,98,99]
CFO=-621.0058982635021,STO=1
EsN0dB=13.70,GRXdB=17,N0=0.03162277489900589
packet_number=2158,correct=False,payload=[0,1,2,3,4,5,6,7,8,9,10,11,12,13,30,15,16,17,18,19,20,21,22,23,24,25,26,27,28,29,30,31,32,33,34,35,36,37,38,39,56,41,106,43,44,45,46,47,48,49,50,51,52,53,54,55,56,57,58,59,60,61,62,63,64,67,66,67,68,69,70,71,72,73,74,75,76,205,78,79,208,81,82,83,84,85,86,86,88,81,90,91,92,77,94,95,96,97,66,99]
CFO=-455.62608914519296,STO=4
EsN0dB=13.85,GRXdB=17,N0=0.03162277489900589
packet_number=2159,correct=True,payload=[0,1,2,3,4,5,6,7,8,9,10,11,12,13,14,15,16,17,18,19,20,21,22,23,24,25,26,27,28,29,30,31,32,33,34,35,36,37,38,39,40,41,42,43,44,45,46,47,48,49,50,51,52,53,54,55,56,57,58,59,60,61,62,63,64,65,66,67,68,69,70,71,72,73,74,75,76,77,78,79,80,81,82,83,84,85,86,87,88,89,90,91,92,93,94,95,96,97,98,99]
CFO=-433.68647802998885,STO=3
EsN0dB=13.82,GRXdB=17,N0=0.03162277489900589
packet_number=2160,correct=True,payload=[0,1,2,3,4,5,6,7,8,9,10,11,12,13,14,15,16,17,18,19,20,21,22,23,24,25,26,27,28,29,30,31,32,33,34,35,36,37,38,39,40,41,42,43,44,45,46,47,48,49,50,51,52,53,54,55,56,57,58,59,60,61,62,63,64,65,66,67,68,69,70,71,72,73,74,75,76,77,78,79,80,81,82,83,84,85,86,87,88,89,90,91,92,93,94,95,96,97,98,99]
CFO=-293.3913094064266,STO=4
EsN0dB=13.82,GRXdB=17,N0=0.03162277489900589
packet_number=2161,correct=False,payload=[0,1,2,3,4,5,6,7,8,9,10,11,12,13,14,15,16,17,18,19,20,21,22,23,24,25,26,27,28,29,30,31,32,33,34,35,36,37,38,39,40,41,42,43,44,45,46,47,48,49,50,51,52,53,54,55,56,57,58,59,60,61,62,63,64,65,66,67,68,69,6,71,72,73,74,75,76,77,78,79,80,81,82,83,92,85,86,87,88,89,90,91,92,93,94,95,96,97,98,99]
CFO=-400.6903499712352,STO=3
EsN0dB=13.82,GRXdB=17,N0=0.03162277489900589
packet_number=2162,correct=False,payload=[0,1,2,3,4,5,6,7,8,9,10,11,12,13,14,15,16,17,18,19,20,21,22,23,24,25,26,27,28,29,30,31,32,33,34,35,36,37,38,39,40,41,42,43,44,45,46,47,48,49,50,51,52,53,54,55,56,57,58,59,60,61,62,63,64,65,66,67,68,69,70,71,64,73,74,75,76,77,78,79,80,81,82,83,84,85,86,87,88,89,90,91,92,93,94,95,96,97,99,99]
CFO=-604.3522132356532,STO=5
EsN0dB=13.78,GRXdB=17,N0=0.03162277489900589
packet_number=2163,correct=True,payload=[0,1,2,3,4,5,6,7,8,9,10,11,12,13,14,15,16,17,18,19,20,21,22,23,24,25,26,27,28,29,30,31,32,33,34,35,36,37,38,39,40,41,42,43,44,45,46,47,48,49,50,51,52,53,54,55,56,57,58,59,60,61,62,63,64,65,66,67,68,69,70,71,72,73,74,75,76,77,78,79,80,81,82,83,84,85,86,87,88,89,90,91,92,93,94,95,96,97,98,99]
CFO=-631.3360850644541,STO=6
EsN0dB=13.76,GRXdB=17,N0=0.03162277489900589
packet_number=2164,correct=False,payload=[0,1,2,3,4,5,6,7,8,9,10,11,12,13,14,15,16,17,18,19,20,21,22,23,56,25,26,27,28,29,30,31,32,33,34,35,36,37,38,39,40,41,42,43,44,45,46,47,112,49,50,51,52,53,54,55,56,57,58,59,28,61,62,63,64,65,66,67,68,69,70,71,72,73,74,75,76,77,78,79,80,81,82,83,84,85,86,87,88,89,90,91,92,93,94,95,96,97,98,99]
CFO=-699.08367608272,STO=5
EsN0dB=13.81,GRXdB=17,N0=0.03162277489900589
packet_number=2165,correct=False,payload=[0,1,0,3,0,5,6,7,0,9,10,3,8,12,14,15,16,17,18,19,20,5,4,23,24,25,26,27,28,29,30,31,0,33,34,35,36,37,38,39,40,41,42,43,44,110,46,47,112,49,50,99,52,96,118,55,56,57,58,123,60,61,62,63,64,65,66,67,64,69,198,79,64,75,26,91,76,77,78,31,80,81,18,67,220,213,222,87,80,89,58,31,94,93,94,95,96,96,98,99]
CFO=-637.5364975906832,STO=3
EsN0dB=13.75,GRXdB=17,N0=0.03162277489900589
packet_number=2166,correct=False,payload=[0,1,2,3,4,5,6,7,8,9,10,11,12,13,14,15,16,17,18,19,20,21,22,23,24,25,26,27,28,29,30,31,32,33,34,35,36,37,38,39,40,41,42,43,44,45,46,47,48,49,50,51,52,53,54,55,56,57,58,59,60,61,62,63,64,65,66,67,68,69,70,71,72,73,74,75,76,77,78,79,80,113,82,83,84,85,86,87,88,89,90,91,92,93,94,95,96,97,226,99]
CFO=-455.68514182239204,STO=4
EsN0dB=13.81,GRXdB=17,N0=0.03162277489900589
packet_number=2167,correct=False,payload=[0,1,2,3,4,5,6,7,8,9,10,11,12,13,14,15,16,17,18,19,148,21,22,23,24,25,26,27,28,29,30,31,32,33,34,35,36,37,38,39,40,41,42,43,44,45,46,47,48,49,50,51,52,53,54,55,56,57,58,59,60,61,62,63,64,65,66,67,68,69,70,71,72,73,74,75,76,77,78,79,80,81,82,83,84,85,86,87,88,89,90,91,92,93,94,95,96,97,98,99]
CFO=-188.33044534874205,STO=2
EsN0dB=13.74,GRXdB=17,N0=0.03162277489900589
packet_number=2168,correct=False,payload=[0,1,2,7,36,7,6,7,24,8,26,11,12,11,14,30,16,0,48,19,4,20,22,22,16,27,26,58,28,31,30,31,64,97,34,35,68,46,38,38,24,35,42,35,44,15,14,127,112,113,52,51,48,117,54,39,56,121,122,50,56,61,124,63,64,65,66,66,64,12,76,7,64,81,26,219,76,78,76,95,112,99,50,246,92,119,22,238,216,89,218,123,24,93,94,95,224,97,102,227]
CFO=-90.6714504762691,STO=6
EsN0dB=13.85,GRXdB=17,N0=0.03162277489900589
packet_number=2169,correct=False,payload=[0,1,2,3,4,5,6,6,8,9,10,11,12,13,14,15,16,1,18,23,20,21,22,23,24,25,26,31,24,29,30,31,32,35,34,35,36,37,6,39,40,41,42,43,44,45,46,47,48,49,50,50,52,52,54,55,48,57,58,59,60,61,62,63,64,65,70,67,68,69,70,71,72,73,74,75,76,77,78,79,80,81,82,83,84,85,110,87,88,89,90,91,92,93,94,95,96,97,98,99]
CFO=-374.6474374933257,STO=6
EsN0dB=13.76,GRXdB=17,N0=0.03162277489900589
packet_number=2170,correct=False,payload=[0,1,2,3,4,5,6,7,8,9,10,11,12,13,14,15,16,17,18,19,20,21,54,23,24,25,26,59,28,29,30,31,32,33,34,35,36,37,38,39,40,41,42,107,44,45,46,47,48,49,50,51,52,53,54,55,56,57,58,59,60,61,62,127,64,65,66,67,68,77,70,71,200,73,74,75,76,77,78,79,80,81,82,83,84,85,86,87,88,89,90,91,92,93,94,95,96,97,98,99]
CFO=-700.8793280723295,STO=3
EsN0dB=13.75,GRXdB=17,N0=0.03162277489900589
packet_number=2171,correct=True,payload=[0,1,2,3,4,5,6,7,8,9,10,11,12,13,14,15,16,17,18,19,20,21,22,23,24,25,26,27,28,29,30,31,32,33,34,35,36,37,38,39,40,41,42,43,44,45,46,47,48,49,50,51,52,53,54,55,56,57,58,59,60,61,62,63,64,65,66,67,68,69,70,71,72,73,74,75,76,77,78,79,80,81,82,83,84,85,86,87,88,89,90,91,92,93,94,95,96,97,98,99]
CFO=-586.994639268339,STO=4
EsN0dB=13.84,GRXdB=17,N0=0.03162277489900589
packet_number=2172,correct=False,payload=[0,1,2,3,4,5,6,7,8,9,10,11,12,13,14,15,16,17,18,19,20,21,22,23,24,25,26,27,28,29,30,31,32,33,34,35,36,37,38,39,40,41,42,43,44,45,46,47,48,49,50,51,52,53,54,55,56,57,58,59,60,61,62,63,64,65,66,67,68,69,70,71,72,73,74,75,76,77,78,79,80,209,82,83,84,85,86,87,88,89,90,91,92,93,94,95,96,97,98,99]
CFO=-755.2695118153162,STO=5
EsN0dB=13.93,GRXdB=17,N0=0.03162277489900589
packet_number=2173,correct=True,payload=[0,1,2,3,4,5,6,7,8,9,10,11,12,13,14,15,16,17,18,19,20,21,22,23,24,25,26,27,28,29,30,31,32,33,34,35,36,37,38,39,40,41,42,43,44,45,46,47,48,49,50,51,52,53,54,55,56,57,58,59,60,61,62,63,64,65,66,67,68,69,70,71,72,73,74,75,76,77,78,79,80,81,82,83,84,85,86,87,88,89,90,91,92,93,94,95,96,97,98,99]
CFO=-453.0617147798561,STO=4
EsN0dB=13.77,GRXdB=17,N0=0.03162277489900589
packet_number=2174,correct=False,payload=[0,1,2,3,4,5,6,7,8,9,10,11,12,13,14,15,16,17,18,19,20,21,22,23,24,25,26,27,28,29,30,31,32,33,34,35,36,37,38,39,40,41,42,107,44,45,46,47,48,49,50,51,52,53,54,55,56,57,58,59,60,61,62,63,64,65,66,67,68,69,70,71,72,73,74,75,76,77,78,79,80,81,82,83,84,85,86,87,88,89,90,91,92,93,94,95,96,97,98,99]
CFO=-495.5761739077476,STO=6
EsN0dB=13.89,GRXdB=17,N0=0.03162277489900589
packet_number=2175,correct=False,payload=[0,1,2,3,4,5,6,7,8,9,10,11,12,5,14,15,16,17,18,19,28,21,22,23,24,25,58,27,28,29,30,31,32,33,34,35,36,37,38,39,40,41,46,43,60,13,46,47,48,49,50,51,52,53,54,55,56,57,58,59,60,61,62,63,64,65,66,67,68,69,70,71,72,73,202,75,76,77,78,79,80,81,82,19,84,85,94,87,88,89,90,91,92,93,94,95,96,97,98,99]
CFO=-518.5244830120961,STO=3
EsN0dB=13.80,GRXdB=17,N0=0.03162277489900589
packet_number=2176,correct=False,payload=[0,1,2,3,4,5,2,7,8,9,10,11,12,13,14,15,16,17,18,19,20,21,18,19,8,25,26,27,28,29,30,23,32,33,34,35,36,53,38,39,40,40,43,43,44,45,46,47,48,57,50,51,53,53,54,55,56,57,58,59,60,61,62,63,64,65,98,67,68,69,70,71,72,73,74,75,76,77,78,79,80,81,82,83,84,21,86,87,88,89,90,91,92,93,94,95,96,97,98,99]
CFO=-377.59233402960996,STO=3
EsN0dB=13.84,GRXdB=17,N0=0.03162277489900589
packet_number=2177,correct=True,payload=[0,1,2,3,4,5,6,7,8,9,10,11,12,13,14,15,16,17,18,19,20,21,22,23,24,25,26,27,28,29,30,31,32,33,34,35,36,37,38,39,40,41,42,43,44,45,46,47,48,49,50,51,52,53,54,55,56,57,58,59,60,61,62,63,64,65,66,67,68,69,70,71,72,73,74,75,76,77,78,79,80,81,82,83,84,85,86,87,88,89,90,91,92,93,94,95,96,97,98,99]
CFO=-412.89738619294525,STO=5
EsN0dB=13.86,GRXdB=17,N0=0.03162277489900589
packet_number=2178,correct=False,payload=[128,0,130,3,6,5,130,3,8,12,11,15,4,15,14,15,20,25,10,17,10,23,30,11,8,25,28,27,28,30,30,31,32,49,34,35,34,53,55,55,60,41,18,43,44,20,62,47,184,49,19,49,188,21,22,55,24,57,190,57,62,62,62,63,224,64,96,65,70,67,98,71,72,12,234,15,78,108,142,79,48,17,83,65,92,20,226,95,216,104,107,95,62,92,31,95,96,112,99,35]
CFO=-1643.6364060976011,STO=6
EsN0dB=nan,GRXdB=17,N0=0.03162277489900589
packet_number=2179,correct=False,payload=[250,159,203,237,243,30,57,40,192,106,118,130,78,123,44,153,23,238,106,71,157,59,98,130,47,23,173,201,166,124,143,167,221,223,128,176,249,65,153,48,226,234,125,67,125,84,169,29,246,195,1,98,114,154,143,133,162,110,234,60,98,144,222,160,33,35,253,102,201,120,119,51,43,10,131,7,183,247,243,229,137,180,80,60,160,36,82,59,179,237,164,227,160,238,72,239,100,54,188,238]
CFO=-328.19026352501163,STO=7
EsN0dB=13.80,GRXdB=17,N0=0.03162277489900589
packet_number=2180,correct=False,payload=[0,1,2,3,4,5,6,7,8,9,10,11,12,13,14,15,16,17,18,19,20,21,22,23,24,25,26,27,28,29,30,31,32,33,34,35,36,37,38,39,40,41,42,43,44,45,46,47,48,49,50,51,52,53,54,55,56,57,58,59,60,61,62,63,64,65,66,67,68,69,70,71,72,73,74,75,76,77,78,79,80,81,82,83,84,85,86,87,88,89,90,91,92,89,94,79,96,33,98,99]
CFO=-741.2415957785466,STO=6
EsN0dB=13.83,GRXdB=17,N0=0.03162277489900589
packet_number=2181,correct=False,payload=[0,1,2,3,4,4,6,7,8,9,10,11,28,13,14,15,16,17,18,19,20,21,22,23,24,25,26,27,28,29,30,31,32,33,34,35,36,37,38,39,40,41,42,43,44,45,46,47,48,49,50,51,52,53,54,55,120,57,122,59,60,61,62,63,64,65,66,67,68,69,70,71,72,73,74,75,76,77,78,79,80,81,82,83,84,85,86,87,88,89,90,91,92,93,94,223,96,97,98,99]
CFO=-481.22883387659056,STO=6
EsN0dB=13.86,GRXdB=17,N0=0.03162277489900589
packet_number=2182,correct=False,payload=[0,1,2,3,0,5,6,7,8,9,10,15,12,13,14,15,16,17,22,19,20,21,22,23,56,57,26,27,28,29,30,31,32,1,34,35,36,37,38,39,40,41,42,107,44,45,46,46,48,49,50,51,60,53,54,55,56,57,58,51,60,61,62,63,64,65,66,67,68,69,70,71,200,73,74,75,12,93,78,79,80,81,82,83,20,85,86,87,120,217,82,91,92,89,94,95,96,97,98,99]
CFO=-547.2803501857248,STO=6
EsN0dB=13.79,GRXdB=17,N0=0.03162277489900589
packet_number=2183,correct=True,payload=[0,1,2,3,4,5,6,7,8,9,10,11,12,13,14,15,16,17,18,19,20,21,22,23,24,25,26,27,28,29,30,31,32,33,34,35,36,37,38,39,40,41,42,43,44,45,46,47,48,49,50,51,52,53,54,55,56,57,58,59,60,61,62,63,64,65,66,67,68,69,70,71,72,73,74,75,76,77,78,79,80,81,82,83,84,85,86,87,88,89,90,91,92,93,94,95,96,97,98,99]
CFO=-270.1191295699497,STO=3
EsN0dB=13.76,GRXdB=17,N0=0.03162277489900589
packet_number=2184,correct=False,payload=[0,2,0,3,4,5,6,15,8,25,10,11,12,13,14,15,16,33,18,19,20,21,22,23,24,24,26,31,28,29,30,31,0,33,34,35,36,37,38,39,40,41,46,42,76,45,46,47,48,48,54,35,52,53,54,54,56,57,58,59,124,57,62,63,64,1,66,67,68,5,70,78,64,73,74,75,76,76,78,79,80,81,82,83,84,85,214,87,88,219,90,95,92,93,126,95,96,97,102,103]
CFO=-528.857397145529,STO=5
EsN0dB=13.85,GRXdB=17,N0=0.03162277489900589
packet_number=2185,correct=False,payload=[0,1,2,3,4,5,6,7,8,9,10,11,12,13,14,15,16,17,18,19,20,21,22,23,24,25,26,27,28,29,30,31,32,33,34,35,36,37,38,39,40,41,43,43,44,45,46,47,48,49,50,51,52,53,54,55,56,57,58,59,60,61,62,63,64,65,66,67,68,69,70,71,72,73,74,75,76,77,78,79,80,81,82,83,84,85,86,87,88,89,90,91,92,93,94,95,96,97,98,99]
CFO=-493.41873533553905,STO=5
EsN0dB=13.73,GRXdB=17,N0=0.03162277489900589
packet_number=2186,correct=False,payload=[0,1,2,3,4,5,6,7,8,9,10,11,12,13,14,15,16,17,18,19,20,21,22,23,24,25,26,27,28,29,30,31,48,33,50,35,36,37,38,39,40,41,42,43,44,13,46,47,48,49,50,51,52,53,54,55,56,57,58,59,60,61,62,63,64,65,66,67,68,69,70,71,72,73,74,75,76,77,78,79,80,81,82,83,84,85,86,87,88,89,90,91,92,93,94,95,96,97,98,99]
CFO=-434.11973851054324,STO=5
EsN0dB=13.76,GRXdB=17,N0=0.03162277489900589
packet_number=2187,correct=True,payload=[0,1,2,3,4,5,6,7,8,9,10,11,12,13,14,15,16,17,18,19,20,21,22,23,24,25,26,27,28,29,30,31,32,33,34,35,36,37,38,39,40,41,42,43,44,45,46,47,48,49,50,51,52,53,54,55,56,57,58,59,60,61,62,63,64,65,66,67,68,69,70,71,72,73,74,75,76,77,78,79,80,81,82,83,84,85,86,87,88,89,90,91,92,93,94,95,96,97,98,99]
CFO=-161.09774889841987,STO=4
EsN0dB=13.77,GRXdB=17,N0=0.03162277489900589
packet_number=2188,correct=False,payload=[0,1,2,3,4,5,6,7,8,9,10,11,12,13,14,15,16,17,18,19,20,21,18,23,24,25,26,27,28,29,30,31,32,33,34,35,36,37,38,39,40,41,42,43,44,45,46,47,48,49,50,51,52,53,54,55,56,49,58,59,60,61,62,63,64,65,66,67,68,69,70,71,72,73,74,75,76,77,78,79,80,81,82,83,84,85,86,87,88,89,90,91,92,93,94,95,96,97,98,99]
CFO=-518.6746048782286,STO=2
EsN0dB=13.81,GRXdB=17,N0=0.03162277489900589
packet_number=2189,correct=False,payload=[0,3,0,3,4,11,14,6,8,26,2,2,24,28,14,14,48,48,18,54,16,25,30,7,16,59,22,27,28,25,28,63,96,33,68,39,104,39,70,70,40,27,94,75,56,47,62,63,48,51,48,38,36,55,46,118,48,51,114,58,56,121,62,127,192,3,128,130,68,67,78,206,72,73,146,134,152,77,78,222,224,83,86,67,204,125,204,31,152,17,92,219,124,253,126,127,224,66,230,227]
CFO=-286.0790345754644,STO=0
EsN0dB=13.90,GRXdB=17,N0=0.03162277489900589
packet_number=2190,correct=False,payload=[0,1,1,1,2,1,3,23,136,0,2,11,12,12,143,15,144,25,9,3,20,20,151,11,152,28,27,9,14,15,14,15,16,49,0,33,52,36,6,7,0,13,28,7,148,63,150,23,144,25,58,51,20,24,26,19,152,60,59,29,156,62,63,63,128,32,2,33,132,71,3,71,128,69,140,75,4,14,134,79,64,72,211,17,124,116,167,31,108,72,233,77,188,95,30,15,32,96,162,35]
CFO=-310.7649509194445,STO=4
EsN0dB=13.83,GRXdB=17,N0=0.03162277489900589
packet_number=2191,correct=False,payload=[0,1,2,3,4,5,6,7,8,9,10,11,12,13,14,15,16,17,18,19,20,21,22,23,24,25,26,27,28,29,30,31,32,33,34,35,36,37,38,39,40,41,42,43,44,45,46,47,48,49,50,51,52,53,54,55,56,57,58,59,60,61,62,63,64,65,66,67,68,69,70,71,72,73,74,75,76,77,78,79,80,81,86,83,84,85,86,87,88,89,90,91,92,93,94,95,96,97,98,99]
CFO=-395.3629209982983,STO=1
EsN0dB=13.87,GRXdB=17,N0=0.03162277489900589
packet_number=2192,correct=False,payload=[0,1,2,3,4,1,6,7,8,1,10,11,8,13,14,15,16,17,18,19,4,21,22,23,24,25,26,27,28,29,30,31,32,33,2,3,36,13,38,7,40,41,90,43,44,45,126,111,48,49,50,51,52,53,54,62,56,57,114,59,60,61,62,63,64,65,66,67,68,205,70,199,72,73,74,75,76,78,78,143,80,83,198,83,84,85,86,23,88,89,218,90,92,92,94,95,96,97,194,99]
CFO=-529.5187159823548,STO=2
EsN0dB=13.80,GRXdB=17,N0=0.03162277489900589
packet_number=2193,correct=False,payload=[0,1,2,3,4,5,6,7,8,73,10,11,12,13,14,15,16,17,18,19,20,21,22,23,24,25,26,27,28,29,30,31,32,33,34,35,36,37,38,39,40,41,46,43,44,45,46,47,48,49,50,51,52,53,54,55,56,57,58,59,60,61,62,63,64,65,66,67,68,69,70,71,72,73,74,75,76,77,78,79,80,81,82,83,84,85,86,87,88,89,90,91,92,93,94,95,96,97,98,99]
CFO=-471.64629191447426,STO=3
EsN0dB=13.85,GRXdB=17,N0=0.03162277489900589
packet_number=2194,correct=False,payload=[0,1,2,3,4,5,6,7,8,9,10,11,12,13,14,14,16,17,18,19,20,21,22,23,24,25,26,27,28,29,30,31,0,33,2,35,36,37,38,39,40,41,42,43,44,45,46,47,48,49,50,51,52,53,54,55,56,57,58,59,60,61,62,63,0,65,66,67,68,69,70,69,72,73,74,75,76,77,78,79,16,81,82,83,84,85,86,87,88,89,90,91,92,93,94,95,96,97,98,99]
CFO=-299.8916692157381,STO=3
EsN0dB=13.83,GRXdB=17,N0=0.03162277489900589
packet_number=2195,correct=False,payload=[0,1,2,3,4,5,6,7,8,9,10,11,12,13,14,15,16,17,18,19,20,21,22,23,24,25,26,27,28,29,30,31,32,33,34,35,36,37,38,39,40,41,42,59,44,45,46,47,48,49,50,51,52,53,54,55,56,57,58,59,60,61,62,63,64,65,66,67,68,69,70,71,72,73,74,75,76,77,78,79,80,81,82,83,84,85,86,87,88,89,90,91,92,93,94,95,96,97,98,99]
CFO=-571.4996555160939,STO=1
EsN0dB=13.76,GRXdB=17,N0=0.03162277489900589
packet_number=2196,correct=False,payload=[0,1,2,3,6,4,2,7,8,9,10,11,12,13,14,15,16,17,18,19,20,21,22,23,28,25,26,27,28,29,30,31,32,33,34,35,36,37,38,39,40,41,42,43,60,45,46,47,176,49,50,19,52,53,50,55,56,57,58,187,188,61,63,63,64,97,66,67,70,69,66,71,72,73,74,75,76,109,78,79,80,1,83,83,84,85,86,87,88,89,90,91,92,93,223,95,96,33,98,99]
CFO=-309.81432732519625,STO=1
EsN0dB=13.86,GRXdB=17,N0=0.03162277489900589
packet_number=2197,correct=False,payload=[0,0,130,1,130,2,3,3,128,4,133,5,142,14,134,7,152,8,147,9,130,10,143,11,152,13,15,13,140,30,142,31,144,17,16,49,130,34,51,23,4,28,168,21,52,6,142,15,144,24,57,17,152,62,158,27,24,24,153,25,156,63,30,31,128,33,193,97,166,5,131,3,164,0,102,33,206,102,239,39,16,65,136,1,58,98,191,27,236,45,191,63,142,108,143,79,112,112,113,113]
CFO=-298.20001159942905,STO=2
EsN0dB=13.78,GRXdB=17,N0=0.03162277489900589
packet_number=2198,correct=False,payload=[0,9,2,3,4,5,6,7,8,9,10,11,140,13,14,15,16,17,18,19,20,21,22,23,24,25,26,27,28,29,30,31,32,33,34,35,36,37,38,39,40,41,10,43,44,45,46,47,176,49,50,51,48,53,22,55,56,57,58,59,60,61,62,63,64,97,66,67,68,71,70,7,72,73,74,75,76,77,78,79,80,81,82,83,84,85,86,83,88,89,90,91,92,93,94,95,96,97,98,99]
CFO=-398.5735545819784,STO=7
EsN0dB=13.88,GRXdB=17,N0=0.03162277489900589
packet_number=2199,correct=False,payload=[0,1,2,3,4,5,6,7,8,9,10,11,12,13,14,15,16,17,18,19,20,21,22,23,24,25,26,27,28,29,30,31,32,33,34,35,36,37,38,39,40,41,42,107,44,45,46,47,48,49,50,51,52,53,54,55,56,57,58,59,60,61,62,63,64,65,66,67,68,69,70,79,72,73,74,75,76,77,78,79,80,81,82,83,84,85,86,87,88,89,90,91,92,125,94,95,96,97,98,99]
CFO=-496.8049261252296,STO=1
EsN0dB=13.80,GRXdB=17,N0=0.03162277489900589
packet_number=2200,correct=False,payload=[193,238,206,224,0,16,0,32,128,160,224,225,1,33,65,33,129,177,193,242,2,34,66,98,194,194,66,227,3,1,65,35,131,161,227,230,4,36,68,100,134,34,198,247,5,36,6,227,129,167,197,230,6,54,6,103,134,34,194,227,135,163,103,51,135,131,199,232,8,56,104,56,136,184,68,233,13,41,77,45,129,168,205,236,10,56,10,46,139,3,235,237,9,43,139,107,199,189,203,228]
CFO=-291.3815914619705,STO=1
EsN0dB=13.77,GRXdB=17,N0=0.03162277489900589
packet_number=2201,correct=False,payload=[0,1,2,3,4,5,6,7,8,9,10,11,12,13,14,15,16,1,18,19,20,21,22,23,24,25,26,27,28,29,30,31,32,33,34,35,36,37,38,39,40,41,42,43,44,45,44,47,48,49,50,51,54,53,55,55,56,57,56,59,60,61,62,63,64,65,64,67,68,69,70,71,72,73,74,75,76,77,78,79,80,81,82,83,68,21,87,87,88,89,90,91,76,93,94,95,96,97,114,99]
CFO=-507.42750075510446,STO=7
EsN0dB=13.77,GRXdB=17,N0=0.03162277489900589
packet_number=2202,correct=False,payload=[0,1,2,3,4,5,6,7,8,9,10,11,12,13,14,15,16,17,18,19,20,21,22,23,24,25,26,27,28,29,30,31,32,33,34,35,36,37,38,39,40,41,42,43,44,45,46,47,48,49,50,51,52,53,54,55,56,57,58,59,60,61,62,63,64,65,66,67,68,69,70,71,72,73,90,75,76,77,78,79,80,81,82,83,84,85,86,87,88,89,90,91,92,93,94,95,96,97,98,99]
CFO=-604.3135562622257,STO=3
EsN0dB=13.86,GRXdB=17,N0=0.03162277489900589
packet_number=2203,correct=False,payload=[8,1,2,3,4,5,6,7,8,9,10,11,12,13,14,15,16,17,18,19,20,21,22,23,24,25,26,27,28,29,30,31,32,33,34,35,36,37,38,39,40,41,42,43,44,44,46,47,48,49,50,51,52,53,54,55,56,57,58,59,60,61,62,63,64,65,66,67,68,69,70,71,72,73,74,75,76,77,78,79,80,81,82,83,84,85,86,87,88,89,90,91,92,93,94,95,96,97,98,99]
CFO=-475.286628588516,STO=5
EsN0dB=13.79,GRXdB=17,N0=0.03162277489900589
packet_number=2204,correct=False,payload=[0,1,2,3,4,5,6,7,8,9,10,11,12,13,14,15,16,17,146,19,20,21,22,23,24,25,26,27,29,29,30,31,32,33,34,35,36,37,38,39,40,41,42,43,44,45,46,47,48,49,50,35,52,53,54,55,56,57,58,59,60,61,62,63,64,65,66,67,68,69,70,71,72,73,74,75,76,77,78,79,80,81,82,83,84,85,86,87,88,89,90,91,92,93,94,95,96,97,98,99]
CFO=-568.530124052725,STO=1
EsN0dB=13.84,GRXdB=17,N0=0.03162277489900589
packet_number=2205,correct=False,payload=[190,224,0,0,192,65,1,96,193,195,10,99,2,65,3,193,193,228,4,100,198,194,130,133,129,227,6,34,66,231,3,71,199,204,8,64,64,105,137,40,197,207,15,66,72,193,3,143,199,204,12,14,204,196,133,37,133,231,14,47,70,239,15,103,135,224,16,8,136,225,17,241,145,209,27,106,203,217,27,97,155,224,26,36,152,209,0,166,202,198,22,94,79,231,155,215,223,216,8,120]
CFO=-536.7193480511023,STO=1
EsN0dB=13.77,GRXdB=17,N0=0.03162277489900589
packet_number=2206,correct=False,payload=[0,0,130,3,4,4,6,3,8,8,14,11,12,13,14,15,16,17,18,17,20,29,22,23,24,25,26,27,28,29,30,31,32,1,34,3,164,37,55,39,32,41,42,43,44,53,46,39,56,17,58,19,52,21,50,23,56,56,56,59,60,63,62,31,64,97,66,3,68,69,66,67,64,65,106,107,68,77,78,15,16,81,210,91,20,117,214,83,72,88,26,123,92,93,254,95,96,97,98,99]
CFO=-570.3897497759667,STO=2
EsN0dB=13.86,GRXdB=17,N0=0.03162277489900589
packet_number=2207,correct=False,payload=[0,1,2,3,4,5,6,7,8,9,10,3,12,13,14,15,16,17,18,19,28,23,22,23,24,25,26,27,28,29,30,31,32,1,34,35,36,37,38,39,40,41,42,43,44,61,46,47,56,48,51,51,52,53,54,55,56,57,58,59,60,61,62,63,0,65,66,67,68,69,70,71,72,73,74,107,76,77,110,79,80,81,82,83,84,85,86,119,88,89,90,91,92,93,78,95,96,97,98,99]
CFO=-329.70425914611286,STO=1
EsN0dB=13.76,GRXdB=17,N0=0.03162277489900589
packet_number=2208,correct=False,payload=[18,96,0,48,0,112,0,32,192,225,0,161,65,49,129,177,225,226,3,2,67,114,130,160,224,227,3,35,195,227,195,163,193,226,4,4,100,100,68,128,196,228,5,4,68,231,132,231,197,230,3,2,71,38,194,34,195,247,135,39,71,115,135,167,231,240,0,40,72,96,136,188,68,233,9,33,200,41,141,200,205,246,11,46,10,46,138,234,202,123,1,41,7,123,131,187,207,238,14,36]
CFO=-280.7245990819812,STO=5
EsN0dB=12.87,GRXdB=17,N0=0.03981071710586548
packet_number=2209,correct=False,payload=[0,1,2,3,4,5,6,7,24,9,10,11,12,13,14,15,16,17,18,19,20,21,22,23,24,25,26,27,28,29,30,31,32,33,34,35,36,101,38,39,40,41,42,43,44,45,46,47,48,49,50,51,52,53,38,55,56,57,186,59,60,61,62,63,64,65,66,67,68,69,70,71,72,73,74,75,76,77,78,79,80,113,82,83,84,85,86,87,88,89,90,91,92,93,94,95,96,97,98,99]
CFO=-408.32456861463805,STO=4
EsN0dB=12.78,GRXdB=17,N0=0.03981071710586548
packet_number=2210,correct=False,payload=[0,1,2,3,4,5,6,7,8,9,10,11,12,13,14,15,16,17,18,3,20,21,22,23,24,25,26,27,28,28,30,31,32,33,34,35,36,37,38,39,40,41,42,41,44,45,46,47,48,49,114,51,52,53,54,55,56,57,58,59,60,61,62,63,64,65,66,67,68,69,70,71,72,73,74,75,76,77,78,79,80,81,82,67,84,117,86,87,88,89,90,91,92,93,94,95,96,97,98,99]
CFO=-374.92111937881856,STO=3
EsN0dB=12.83,GRXdB=17,N0=0.03981071710586548
packet_number=2211,correct=False,payload=[0,1,2,3,4,5,7,7,8,8,10,11,12,13,14,15,16,16,18,19,28,23,18,7,24,25,26,27,28,29,30,31,32,33,32,35,36,37,38,39,40,41,42,43,36,45,46,47,48,49,50,51,54,53,54,23,56,57,58,59,60,61,190,63,0,65,66,67,68,69,70,67,64,73,66,75,76,77,78,79,80,81,82,83,84,21,86,87,88,121,122,27,92,95,94,95,224,97,98,99]
CFO=-357.32632677548685,STO=6
EsN0dB=12.87,GRXdB=17,N0=0.03981071710586548
packet_number=2212,correct=False,payload=[0,3,2,3,4,5,6,6,24,9,10,11,12,13,14,15,16,17,18,19,20,20,22,23,24,25,26,19,28,29,30,31,32,33,34,35,36,37,38,39,40,41,42,43,44,45,46,47,48,49,50,51,52,53,54,55,56,57,58,59,60,61,62,63,64,65,70,67,68,69,70,71,72,73,74,75,76,77,78,79,80,81,82,83,84,85,86,86,88,89,90,91,92,93,94,127,96,97,102,99]
CFO=-504.07578700536493,STO=4
EsN0dB=12.75,GRXdB=17,N0=0.03981071710586548
packet_number=2213,correct=False,payload=[64,1,2,3,4,5,22,7,8,9,10,11,12,13,14,15,16,17,18,19,20,21,22,23,24,25,26,27,28,29,30,31,32,33,34,35,36,37,6,39,40,41,42,43,44,45,46,47,48,49,50,51,54,53,54,55,56,57,58,59,60,61,62,63,64,65,66,67,68,69,70,71,76,73,74,75,76,77,78,79,208,81,82,83,20,85,86,87,88,89,88,91,92,93,94,95,96,97,98,99]
CFO=-305.7574795494241,STO=6
EsN0dB=12.76,GRXdB=17,N0=0.03981071710586548
packet_number=2214,correct=False,payload=[0,1,2,3,4,5,4,7,8,9,10,11,12,13,14,31,16,17,18,19,20,21,22,23,24,25,26,27,28,29,30,31,32,33,34,35,4,37,38,39,40,41,42,42,44,45,46,47,176,49,50,51,52,53,54,55,56,57,58,59,60,61,62,63,64,65,66,67,68,69,70,69,72,73,74,75,76,77,78,79,80,81,82,19,84,85,86,87,88,89,90,91,92,93,94,95,96,97,98,99]
CFO=-335.2756065065969,STO=5
EsN0dB=12.71,GRXdB=17,N0=0.03981071710586548
packet_number=2215,correct=False,payload=[0,1,2,3,4,5,6,7,8,9,10,11,12,141,14,15,16,17,18,19,20,21,22,23,24,25,26,27,28,29,30,31,32,33,34,35,36,37,38,39,40,41,42,43,44,45,46,47,48,49,50,51,52,49,54,55,56,57,58,59,60,61,62,63,64,65,70,99,68,69,70,71,72,73,74,75,76,77,78,79,80,81,66,83,84,85,86,87,88,89,90,91,88,93,94,95,96,97,98,99]
CFO=-683.7823329366316,STO=5
EsN0dB=12.76,GRXdB=17,N0=0.03981071710586548
packet_number=2216,correct=False,payload=[0,1,2,3,4,5,6,7,8,11,10,11,12,13,14,15,16,17,18,19,20,21,22,23,24,25,26,27,28,29,30,31,32,33,34,35,36,37,38,39,40,41,42,43,44,45,46,47,48,49,50,51,52,53,54,55,56,57,58,59,60,61,62,63,64,65,66,67,68,69,70,71,72,73,74,75,76,77,78,79,80,81,82,83,84,85,86,87,88,89,82,91,92,93,92,95,96,97,98,99]
CFO=-455.1338056323578,STO=1
EsN0dB=12.86,GRXdB=17,N0=0.03981071710586548
packet_number=2217,correct=False,payload=[0,1,2,3,4,5,6,7,8,9,10,11,141,13,14,15,16,17,18,19,22,21,22,23,24,25,26,27,28,29,30,31,32,33,34,35,36,37,38,39,40,41,42,43,44,45,46,47,48,49,50,51,52,53,54,55,56,57,58,59,60,61,62,63,64,65,66,67,68,69,70,71,72,73,75,75,76,77,78,79,80,81,82,83,84,85,86,87,88,89,90,91,92,93,94,95,96,97,98,99]
CFO=-416.4428887734329,STO=6
EsN0dB=12.72,GRXdB=17,N0=0.03981071710586548
packet_number=2218,correct=False,payload=[0,1,2,2,4,5,4,7,8,9,10,11,14,13,14,15,16,17,18,19,20,21,22,23,24,25,26,19,28,29,30,31,0,33,34,35,36,37,38,39,40,41,42,43,44,45,46,47,48,49,50,51,52,52,54,55,56,57,58,59,60,61,62,63,64,65,66,67,68,69,70,71,72,73,72,75,72,77,78,79,80,81,82,83,84,85,86,87,88,89,90,91,92,93,94,127,96,97,98,99]
CFO=-420.0737687185457,STO=3
EsN0dB=12.90,GRXdB=17,N0=0.03981071710586548
packet_number=2219,correct=False,payload=[0,1,3,3,2,5,6,7,136,9,10,11,12,15,14,15,24,25,26,27,16,21,22,23,8,25,31,27,12,13,158,31,128,33,32,33,32,37,54,35,40,61,136,3,46,45,62,47,48,49,50,51,20,57,59,51,56,57,56,63,60,29,62,63,192,65,66,65,68,5,70,67,72,73,42,75,76,13,78,71,80,81,80,75,92,69,86,87,92,24,90,123,124,92,94,95,96,97,98,99]
CFO=-3001.866242945834,STO=1
EsN0dB=nan,GRXdB=17,N0=0.03981071710586548
packet_number=2220,correct=False,payload=[235,206,12,177,121,56,69,141,68,31,56,220,249,169,149,116,58,28,245,96,194,61,122,217,150,58,203,2,32,21,160,141,248,181,91,10,170,250,15,187,56,30,203,254,241,250,177,34,43,44,30,125,210,35,114,169,241,145,184,192,241,209,15,177,50,251,152,67,5,84,119,66,20,186,136,59,66,145,235,27,194,249,57,93,37,127,20,168,75,142,18,209,181,25,127,78,98,217,59,200]
CFO=-513.4984835681553,STO=2
EsN0dB=12.84,GRXdB=17,N0=0.03981071710586548
packet_number=2221,correct=False,payload=[128,1,131,1,0,15,134,3,140,4,139,13,134,14,15,15,144,17,26,27,28,7,11,19,152,8,8,11,28,28,142,15,128,33,33,35,164,48,131,19,168,45,31,47,180,29,38,47,184,81,152,49,62,55,186,59,56,25,63,27,156,29,63,31,0,32,193,3,4,97,231,7,64,73,130,109,44,45,7,79,152,56,176,97,172,69,103,91,24,109,59,63,44,63,110,15,32,113,161,49]
CFO=-493.27643972783045,STO=5
EsN0dB=12.86,GRXdB=17,N0=0.03981071710586548
packet_number=2222,correct=False,payload=[0,1,2,3,4,5,6,7,8,9,10,11,12,13,14,15,16,17,18,19,20,21,22,23,24,17,26,155,28,28,30,31,32,33,34,35,36,37,38,39,40,41,42,43,44,45,46,47,48,49,114,51,52,53,54,55,56,57,58,59,60,61,62,63,64,65,66,67,68,69,70,71,72,73,74,75,76,77,78,79,80,81,82,83,84,81,70,87,88,89,90,91,92,93,94,94,96,97,98,99]
CFO=-497.7200351073873,STO=1
EsN0dB=12.83,GRXdB=17,N0=0.03981071710586548
packet_number=2223,correct=False,payload=[0,1,2,3,4,5,6,15,8,9,10,11,12,13,30,15,16,17,2,19,52,17,22,22,24,59,58,27,60,29,30,31,96,35,34,99,32,37,36,39,40,40,40,47,44,45,46,111,48,49,50,115,52,49,62,119,56,49,58,59,60,63,62,63,64,67,66,67,68,64,6,135,200,73,14,67,72,93,78,79,80,81,82,115,84,21,6,23,24,89,90,219,92,157,94,127,96,98,66,99]
CFO=-464.70288880157835,STO=0
EsN0dB=12.78,GRXdB=17,N0=0.03981071710586548
packet_number=2224,correct=False,payload=[0,1,2,3,4,5,6,7,8,9,10,11,12,13,14,15,16,17,18,19,20,21,22,23,24,25,26,27,28,29,30,31,32,33,34,35,36,37,38,39,40,41,42,43,44,45,46,47,48,49,50,51,52,53,54,55,56,57,58,59,60,61,60,63,64,65,66,67,68,69,70,71,72,73,74,75,76,77,78,79,82,81,82,82,84,85,86,87,88,89,90,91,92,93,94,95,96,97,98,99]
CFO=-481.5338207957793,STO=7
EsN0dB=12.70,GRXdB=17,N0=0.03981071710586548
packet_number=2225,correct=False,payload=[0,1,2,3,4,5,6,7,8,9,10,11,12,13,14,15,16,17,18,51,20,21,22,23,24,25,26,27,28,29,30,31,32,33,34,35,36,37,38,39,40,41,58,107,44,45,46,47,48,49,50,51,52,53,54,55,56,57,58,59,60,61,62,63,64,64,66,67,68,69,70,71,72,89,74,75,76,77,78,79,80,113,82,83,84,85,86,87,88,93,94,91,92,93,94,95,96,97,98,99]
CFO=-457.2335551936078,STO=2
EsN0dB=12.88,GRXdB=17,N0=0.03981071710586548
packet_number=2226,correct=False,payload=[0,0,2,3,4,5,6,7,12,13,10,11,12,13,14,15,16,17,18,19,20,21,22,23,24,25,26,27,28,29,30,31,32,33,34,35,36,37,38,39,40,41,42,43,44,45,46,47,48,49,50,51,52,53,54,55,56,57,58,59,60,61,62,63,64,65,66,67,68,69,70,71,72,73,74,75,12,77,78,79,80,81,82,83,84,85,86,87,88,89,90,27,92,93,94,95,96,97,98,99]
CFO=-499.1962927475274,STO=3
EsN0dB=12.73,GRXdB=17,N0=0.03981071710586548
packet_number=2227,correct=False,payload=[0,1,2,3,4,133,6,7,8,9,10,11,12,13,14,15,16,17,18,19,20,21,22,23,24,25,26,27,28,29,30,31,32,33,34,35,36,37,38,39,40,41,42,59,44,45,46,47,48,49,50,51,52,53,54,55,56,57,58,59,60,61,62,63,64,65,66,67,68,69,70,71,72,73,74,75,76,77,78,79,80,81,82,83,84,87,86,87,88,89,88,91,92,93,94,95,96,97,98,99]
CFO=-562.8911269887428,STO=7
EsN0dB=12.82,GRXdB=17,N0=0.03981071710586548
packet_number=2228,correct=False,payload=[0,1,2,3,4,5,6,3,8,9,10,11,12,13,14,15,16,17,18,19,20,21,22,23,24,25,26,27,28,29,30,31,32,33,34,35,36,37,38,39,40,41,42,43,44,45,46,47,48,49,50,51,52,53,54,55,56,57,58,59,28,61,62,63,64,65,66,67,68,69,70,71,72,73,74,75,76,77,78,79,80,81,82,83,84,85,86,87,88,89,90,91,92,93,94,95,96,97,98,99]
CFO=-545.5633758092109,STO=2
EsN0dB=12.69,GRXdB=17,N0=0.03981071710586548
packet_number=2229,correct=False,payload=[0,1,2,3,4,5,6,7,8,9,10,11,12,13,14,15,16,21,18,19,20,21,22,23,24,25,26,27,28,29,30,31,32,33,34,35,36,37,38,39,40,41,42,43,44,45,46,47,48,49,50,51,52,53,54,55,56,57,58,59,60,61,62,63,64,65,66,67,68,69,70,71,72,73,74,75,76,77,78,79,80,81,82,67,84,85,86,87,88,89,90,91,92,125,94,95,96,97,98,99]
CFO=-453.7470756454009,STO=0
EsN0dB=12.80,GRXdB=17,N0=0.03981071710586548
packet_number=2230,correct=False,payload=[0,1,2,3,4,133,6,7,8,9,10,27,12,13,14,15,16,17,18,19,20,21,22,23,24,25,26,27,28,29,30,31,32,33,34,35,36,37,38,39,40,41,42,43,44,37,46,47,48,49,50,51,52,53,54,55,56,57,58,59,60,61,62,63,64,65,66,67,68,69,70,71,72,73,74,75,76,77,78,79,80,81,82,83,84,85,86,87,88,89,90,91,92,93,94,95,96,97,98,99]
CFO=-698.1875694931751,STO=1
EsN0dB=12.71,GRXdB=17,N0=0.03981071710586548
packet_number=2231,correct=False,payload=[0,1,3,3,0,4,6,135,8,9,10,3,141,5,14,15,16,17,19,19,148,5,22,23,152,25,14,11,30,29,30,31,48,1,178,35,36,37,38,35,48,9,38,43,44,47,63,46,48,49,58,51,52,63,54,55,24,57,154,57,188,61,62,31,192,33,2,67,68,67,70,67,72,9,74,43,76,77,238,79,80,49,18,83,20,68,86,119,88,24,200,91,92,92,222,95,96,97,98,99]
CFO=-264.1034345294773,STO=3
EsN0dB=12.73,GRXdB=17,N0=0.03981071710586548
packet_number=2232,correct=True,payload=[0,1,2,3,4,5,6,7,8,9,10,11,12,13,14,15,16,17,18,19,20,21,22,23,24,25,26,27,28,29,30,31,32,33,34,35,36,37,38,39,40,41,42,43,44,45,46,47,48,49,50,51,52,53,54,55,56,57,58,59,60,61,62,63,64,65,66,67,68,69,70,71,72,73,74,75,76,77,78,79,80,81,82,83,84,85,86,87,88,89,90,91,92,93,94,95,96,97,98,99]
CFO=-365.73478174941584,STO=6
EsN0dB=12.78,GRXdB=17,N0=0.03981071710586548
packet_number=2233,correct=False,payload=[0,1,0,3,4,5,6,7,8,9,10,11,12,13,14,31,16,33,18,50,20,21,22,23,24,25,26,27,28,29,30,31,32,33,34,35,36,37,38,39,8,40,42,43,172,45,46,47,112,33,50,51,52,53,118,55,56,121,58,59,60,61,62,31,64,65,64,67,68,69,70,71,72,9,72,79,76,77,78,79,80,81,82,83,84,87,86,95,88,89,122,82,60,93,94,95,192,97,102,99]
CFO=-563.1923786482292,STO=3
EsN0dB=12.85,GRXdB=17,N0=0.03981071710586548
packet_number=2234,correct=False,payload=[0,1,2,3,4,5,6,7,8,9,10,11,12,13,14,15,16,17,18,19,20,21,22,23,24,25,26,27,28,28,30,31,32,33,34,35,36,37,38,39,40,41,42,43,44,44,174,47,48,49,50,51,52,53,54,55,56,57,58,59,60,61,62,63,64,65,66,67,68,69,70,71,72,73,74,75,76,77,78,79,80,81,82,83,84,85,86,87,88,89,90,91,92,93,94,95,96,97,98,99]
CFO=-527.0655989952951,STO=4
EsN0dB=12.81,GRXdB=17,N0=0.03981071710586548
packet_number=2235,correct=False,payload=[0,1,2,3,4,5,6,7,8,9,10,11,12,13,14,15,16,17,18,19,20,21,22,23,24,25,26,27,28,29,30,29,32,33,34,35,36,37,38,39,40,41,42,43,44,45,174,47,48,49,50,51,52,53,54,55,56,57,58,59,60,61,62,63,64,65,66,67,4,193,70,71,72,73,74,75,76,77,78,79,80,81,82,83,84,85,86,87,88,89,90,91,92,93,94,95,96,97,98,107]
CFO=-384.46227703502626,STO=2
EsN0dB=12.82,GRXdB=17,N0=0.03981071710586548
packet_number=2236,correct=False,payload=[128,1,130,3,6,5,6,7,8,1,10,11,12,13,14,15,144,17,26,19,20,20,2,23,24,25,30,27,28,13,14,31,32,33,50,35,38,37,38,39,40,41,41,43,60,45,46,47,56,48,50,51,52,53,54,55,60,56,58,59,60,61,62,31,64,65,66,67,68,65,70,71,72,105,74,107,76,109,78,79,80,81,82,83,116,85,94,87,88,25,250,123,28,29,94,95,96,97,98,97]
CFO=-683.43157426363,STO=6
EsN0dB=12.78,GRXdB=17,N0=0.03981071710586548
packet_number=2237,correct=False,payload=[0,1,2,3,4,5,6,7,8,9,10,11,12,13,14,15,16,17,18,19,20,21,22,23,24,25,26,27,28,29,30,31,32,33,34,35,36,37,38,39,40,41,42,43,44,45,46,47,48,49,50,51,52,53,54,55,56,57,58,59,60,61,62,191,64,65,66,67,68,69,70,71,72,73,74,75,76,77,78,79,80,81,82,83,84,85,86,87,88,89,90,91,92,93,94,95,96,97,98,99]
CFO=-615.1475880941391,STO=4
EsN0dB=12.73,GRXdB=17,N0=0.03981071710586548
packet_number=2238,correct=False,payload=[0,1,2,3,4,5,6,7,8,9,14,11,12,13,14,15,16,17,18,19,20,20,22,23,24,25,90,27,28,13,30,31,32,33,34,35,36,53,38,39,40,41,42,43,44,45,62,47,48,49,50,51,52,53,54,55,56,57,58,59,60,61,62,63,64,65,66,67,68,69,70,71,72,73,74,75,76,77,78,79,80,81,82,83,84,85,86,87,88,89,90,91,92,93,94,95,96,97,98,99]
CFO=-1401.2276563685596,STO=4
EsN0dB=nan,GRXdB=17,N0=0.03981071710586548
packet_number=2239,correct=False,payload=[93,93,168,112,145,242,230,234,190,156,69,126,94,78,235,204,12,252,164,213,32,107,230,170,151,145,192,243,159,185,131,31,58,130,143,15,104,193,76,216,24,119,111,133,75,200,37,166,45,144,56,143,189,133,110,206,106,184,216,215,82,188,83,207,82,185,250,114,105,215,130,205,78,245,220,213,141,214,198,105,229,188,195,205,115,86,68,159,140,11,244,32,172,113,254,20,84,114,99,87]
CFO=-513.4917245267891,STO=6
EsN0dB=12.84,GRXdB=17,N0=0.03981071710586548
packet_number=2240,correct=False,payload=[0,1,130,3,4,5,134,7,10,8,11,11,12,13,6,15,16,17,18,19,20,21,22,23,24,25,26,27,28,29,14,31,0,33,34,35,36,37,166,39,40,41,46,43,172,45,46,47,16,57,48,51,52,61,54,55,60,61,58,59,60,61,62,63,64,65,66,67,198,65,71,71,72,73,78,75,76,77,110,79,80,81,82,115,84,81,86,87,216,105,90,75,108,93,94,95,112,97,98,99]
CFO=-358.3517741434552,STO=3
EsN0dB=12.84,GRXdB=17,N0=0.03981071710586548
packet_number=2241,correct=False,payload=[0,1,10,3,4,5,6,7,8,9,10,11,12,13,14,15,16,17,18,19,20,21,22,23,24,25,26,27,28,29,30,31,32,33,34,35,36,37,38,39,40,41,42,43,44,45,46,47,48,49,50,51,52,53,54,55,56,57,58,59,60,63,62,63,64,65,66,67,68,69,70,71,72,73,74,75,76,77,78,79,80,81,82,83,84,85,86,87,88,89,90,91,92,93,94,95,96,97,98,99]
CFO=-181.44434586286712,STO=6
EsN0dB=12.83,GRXdB=17,N0=0.03981071710586548
packet_number=2242,correct=False,payload=[0,1,2,3,4,5,6,7,8,9,10,11,12,13,14,15,16,17,18,19,20,21,22,7,24,25,26,27,28,29,30,31,32,33,34,35,44,45,38,39,40,41,42,107,44,45,46,63,48,49,50,51,52,53,54,55,56,57,58,59,60,61,60,63,64,65,66,67,68,77,70,71,72,73,74,75,76,205,76,79,80,81,80,83,84,85,86,87,216,89,90,91,92,93,94,95,96,97,98,99]
CFO=-339.02580724775703,STO=1
EsN0dB=12.86,GRXdB=17,N0=0.03981071710586548
packet_number=2243,correct=False,payload=[0,0,131,3,4,4,134,7,0,1,130,15,132,5,6,15,144,9,154,19,158,2,18,23,152,24,26,25,30,31,30,31,48,48,2,17,54,1,7,55,16,33,54,59,44,39,55,55,48,57,177,51,180,25,146,23,24,61,63,25,60,61,191,63,64,1,226,35,6,39,198,71,72,41,169,65,12,4,70,39,88,72,224,19,200,20,79,95,40,121,170,27,206,31,206,95,96,97,98,99]
CFO=-169.50924247647183,STO=6
EsN0dB=12.83,GRXdB=17,N0=0.03981071710586548
packet_number=2244,correct=False,payload=[0,1,2,3,4,13,6,7,8,9,10,11,12,13,14,15,16,49,18,19,20,21,22,23,24,25,26,27,28,24,30,31,32,33,34,35,4,33,38,38,40,41,42,43,44,45,46,47,48,49,50,51,52,117,118,54,56,57,58,59,60,61,62,63,64,65,66,67,68,69,70,199,72,73,74,75,76,13,78,78,80,81,80,83,84,85,22,71,89,89,90,91,92,29,94,95,96,97,98,99]
CFO=-232.12971523456906,STO=4
EsN0dB=12.87,GRXdB=17,N0=0.03981071710586548
packet_number=2245,correct=False,payload=[0,1,2,3,4,5,6,7,8,9,10,11,12,13,14,47,16,17,18,19,20,21,22,23,24,25,26,27,28,29,30,31,32,33,34,35,36,37,36,39,40,41,42,43,44,45,46,47,48,49,50,51,52,53,54,55,56,57,58,59,60,61,62,63,64,65,66,67,68,69,70,71,72,73,74,75,76,77,78,79,80,81,82,83,84,85,86,87,88,89,90,91,92,93,126,95,96,97,98,99]
CFO=-464.5659292791588,STO=6
EsN0dB=12.80,GRXdB=17,N0=0.03981071710586548
packet_number=2246,correct=False,payload=[0,1,2,3,4,5,6,7,8,9,10,11,12,13,30,143,16,17,18,19,20,21,22,23,24,25,26,27,28,29,30,31,32,33,34,35,36,37,38,39,40,41,42,43,60,45,46,47,48,49,50,55,52,55,54,55,56,57,50,59,60,61,62,63,64,65,66,67,68,69,70,71,72,73,74,11,12,77,78,79,80,81,82,83,84,85,86,87,88,89,88,91,92,89,94,95,96,97,98,99]
CFO=-614.2689127165385,STO=2
EsN0dB=12.86,GRXdB=17,N0=0.03981071710586548
packet_number=2247,correct=False,payload=[128,1,131,3,132,0,135,7,136,12,142,11,14,15,14,7,144,17,16,19,12,5,22,7,156,13,154,13,156,13,158,31,48,16,35,3,160,55,38,19,176,44,43,47,134,30,15,23,48,16,144,51,154,55,154,19,184,57,28,25,28,60,31,63,224,32,2,67,196,6,70,35,100,101,35,3,12,77,6,7,96,9,3,1,204,119,118,71,56,125,123,9,92,108,79,79,48,33,112,51]
CFO=-411.2203138764263,STO=1
EsN0dB=12.76,GRXdB=17,N0=0.03981071710586548
packet_number=2248,correct=True,payload=[0,1,2,3,4,5,6,7,8,9,10,11,12,13,14,15,16,17,18,19,20,21,22,23,24,25,26,27,28,29,30,31,32,33,34,35,36,37,38,39,40,41,42,43,44,45,46,47,48,49,50,51,52,53,54,55,56,57,58,59,60,61,62,63,64,65,66,67,68,69,70,71,72,73,74,75,76,77,78,79,80,81,82,83,84,85,86,87,88,89,90,91,92,93,94,95,96,97,98,99]
CFO=-436.0655420112035,STO=2
EsN0dB=12.69,GRXdB=17,N0=0.03981071710586548
packet_number=2249,correct=False,payload=[0,1,2,3,4,5,6,7,8,9,10,11,12,13,14,31,16,17,18,19,20,17,22,23,24,25,26,27,28,29,30,31,32,33,34,35,36,37,38,39,40,41,42,43,172,45,38,47,48,49,50,51,52,53,54,51,56,57,58,59,60,61,62,63,64,65,66,67,68,69,70,71,72,73,74,75,76,77,78,79,80,81,82,91,84,85,86,87,88,89,90,91,92,93,94,95,96,97,34,99]
CFO=-281.3536642477263,STO=7
EsN0dB=12.81,GRXdB=17,N0=0.03981071710586548
packet_number=2250,correct=False,payload=[0,1,2,3,4,5,6,7,8,25,10,11,12,13,14,15,16,17,18,19,20,21,22,23,24,25,24,27,24,29,30,31,32,32,32,35,68,5,38,38,40,41,34,43,44,44,44,47,48,49,114,51,52,49,54,55,56,57,59,59,60,61,60,126,64,65,66,67,196,71,70,71,88,72,74,203,204,79,78,207,80,81,114,211,84,93,94,87,88,89,90,91,92,93,94,95,96,97,98,99]
CFO=-554.1937229964105,STO=5
EsN0dB=12.69,GRXdB=17,N0=0.03981071710586548
packet_number=2251,correct=False,payload=[0,1,2,3,128,4,6,3,8,13,10,11,12,13,14,15,16,17,19,17,22,21,22,23,28,25,10,27,28,29,30,31,0,49,162,35,36,53,34,35,56,57,42,47,44,13,47,47,48,49,178,51,52,53,50,55,152,57,58,59,60,60,62,191,64,65,194,67,68,69,70,71,8,73,74,75,76,79,78,79,16,81,82,83,84,87,91,95,24,121,90,91,204,93,94,95,96,97,98,99]
CFO=-387.20751504674445,STO=0
EsN0dB=12.71,GRXdB=17,N0=0.03981071710586548
packet_number=2252,correct=False,payload=[0,1,2,3,4,5,6,7,8,9,10,11,76,13,14,15,16,17,18,19,20,21,22,23,24,25,26,27,28,29,30,31,32,33,34,35,36,37,38,39,40,41,46,43,44,45,14,47,48,49,50,51,52,53,54,55,56,57,58,59,60,61,62,63,64,65,66,67,68,69,86,71,72,73,74,75,76,77,78,79,80,81,2,83,84,85,118,87,88,89,90,75,92,93,94,95,96,97,98,99]
CFO=-485.48815644416476,STO=5
EsN0dB=12.93,GRXdB=17,N0=0.03981071710586548
packet_number=2253,correct=False,payload=[0,1,2,3,4,5,6,7,8,9,10,11,12,13,14,15,16,17,18,19,20,21,22,23,24,25,26,27,28,29,30,31,32,33,34,35,36,37,38,39,40,41,42,43,44,45,46,47,48,49,50,51,52,55,54,55,56,57,58,59,60,61,62,55,64,65,66,67,68,69,78,71,72,73,74,75,76,77,78,79,80,81,82,83,84,85,86,87,88,89,90,91,92,93,94,79,96,97,98,99]
CFO=-740.2749935733494,STO=5
EsN0dB=12.82,GRXdB=17,N0=0.03981071710586548
packet_number=2254,correct=False,payload=[0,1,2,3,4,5,6,7,8,9,74,11,12,13,46,15,16,17,18,19,20,21,22,23,24,25,26,27,28,31,30,31,32,33,34,35,36,37,38,39,40,41,42,43,44,45,46,47,48,49,50,51,52,53,54,55,56,57,58,59,60,61,62,63,64,65,66,67,68,69,70,71,72,73,74,75,76,77,78,79,80,81,82,83,84,85,86,87,88,89,90,91,92,93,94,30,96,97,102,99]
CFO=-653.3556188793212,STO=6
EsN0dB=12.81,GRXdB=17,N0=0.03981071710586548
packet_number=2255,correct=False,payload=[0,9,2,3,4,5,6,7,8,9,10,11,12,13,14,15,16,17,18,19,20,21,22,23,24,25,26,27,28,29,30,31,32,33,34,35,36,37,38,39,40,41,42,43,44,45,46,47,48,49,50,51,52,53,54,55,56,57,58,59,60,61,62,63,64,65,66,67,68,69,70,71,72,73,74,75,76,77,78,79,80,81,82,83,84,85,86,87,88,91,90,91,92,93,94,95,96,97,98,99]
CFO=-529.8398890269204,STO=2
EsN0dB=12.91,GRXdB=17,N0=0.03981071710586548
packet_number=2256,correct=False,payload=[0,1,2,3,8,7,134,15,8,16,14,10,12,9,14,15,0,32,114,3,24,19,30,47,16,17,26,27,28,29,30,31,0,66,70,38,40,73,6,47,56,43,40,10,44,12,110,31,96,48,34,35,60,55,116,118,112,56,58,58,124,63,62,62,64,1,192,195,132,65,196,71,72,130,74,67,92,29,92,79,224,18,86,83,116,9,236,143,152,89,240,95,92,91,158,95,64,224,70,103]
CFO=-426.6245248889207,STO=6
EsN0dB=12.80,GRXdB=17,N0=0.03981071710586548
packet_number=2257,correct=False,payload=[0,1,6,2,4,7,6,6,8,9,10,11,24,9,15,15,0,49,18,18,60,20,22,23,24,25,30,27,28,29,30,63,32,97,34,34,32,97,62,39,104,41,42,43,60,61,14,47,48,33,34,51,52,125,38,55,56,56,62,59,60,61,60,63,64,64,66,67,196,193,70,71,88,201,206,15,76,77,14,95,80,81,64,83,144,213,20,95,216,218,94,27,28,125,94,95,96,96,98,227]
CFO=-297.10821890436654,STO=6
EsN0dB=12.75,GRXdB=17,N0=0.03981071710586548
packet_number=2258,correct=False,payload=[0,1,2,2,4,5,6,7,8,9,30,11,12,13,14,143,16,1,18,3,20,21,22,23,24,57,26,59,28,29,26,31,32,33,34,35,36,101,38,39,40,105,106,43,44,13,46,15,48,49,54,51,52,117,54,55,120,49,58,51,60,61,62,63,0,65,6,67,76,69,70,71,72,65,75,67,92,77,78,79,80,81,82,115,84,85,198,215,80,217,210,59,92,31,94,95,96,97,98,99]
CFO=-595.4019380904554,STO=5
EsN0dB=12.81,GRXdB=17,N0=0.03981071710586548
packet_number=2259,correct=False,payload=[0,1,2,3,4,5,6,7,8,9,10,11,12,13,14,15,16,17,18,19,20,21,22,23,24,25,26,27,28,29,30,31,32,33,34,35,36,37,38,39,40,41,42,43,44,45,46,47,48,49,50,51,52,53,54,55,56,57,58,59,60,61,62,63,64,65,66,67,68,69,70,71,72,73,74,75,76,77,78,78,80,81,82,83,84,85,86,87,88,89,90,91,92,93,94,95,96,97,98,99]
CFO=-460.3999585592251,STO=0
EsN0dB=12.75,GRXdB=17,N0=0.03981071710586548
packet_number=2260,correct=False,payload=[0,1,2,34,4,5,6,7,8,9,10,11,12,13,14,15,16,17,18,19,20,21,22,23,24,25,58,27,28,29,30,31,32,33,34,35,36,37,38,39,40,41,42,43,44,45,38,47,48,49,50,51,52,53,54,55,56,57,58,59,60,61,62,63,64,65,66,67,68,69,70,71,72,73,74,75,76,77,78,79,80,81,82,83,84,85,86,87,88,89,90,91,92,93,94,95,96,97,98,98]
CFO=-563.4893021496479,STO=1
EsN0dB=12.83,GRXdB=17,N0=0.03981071710586548
packet_number=2261,correct=False,payload=[0,1,130,3,4,5,6,7,8,9,10,11,12,13,14,31,16,17,18,27,28,21,150,23,24,25,24,11,28,29,30,31,0,33,34,49,32,36,166,39,40,41,43,43,44,109,46,47,48,49,50,51,52,53,54,54,184,57,26,59,188,61,62,63,64,65,66,65,6,69,70,71,76,73,74,75,76,77,78,15,88,81,146,83,116,85,94,23,88,89,74,91,108,93,94,95,96,97,98,99]
CFO=-333.3420463571832,STO=7
EsN0dB=12.85,GRXdB=17,N0=0.03981071710586548
packet_number=2262,correct=False,payload=[0,1,2,3,4,5,6,7,8,9,10,11,12,13,14,15,16,17,18,19,20,21,22,23,24,25,26,27,28,29,30,31,32,33,34,39,36,37,38,39,40,41,42,43,44,45,46,47,48,49,50,51,52,53,54,55,56,57,58,59,188,61,62,63,64,65,66,67,68,69,70,71,72,73,74,75,76,77,78,79,80,81,82,83,84,85,86,87,88,89,90,91,92,93,94,95,96,97,98,67]
CFO=-746.724364123232,STO=1
EsN0dB=11.88,GRXdB=17,N0=0.05011872202157974
packet_number=2263,correct=False,payload=[0,1,2,3,4,5,6,7,8,9,10,8,12,13,14,15,16,17,18,19,20,21,22,23,24,25,26,27,28,29,30,31,32,33,2,35,32,37,38,39,41,41,42,43,44,45,46,47,48,49,178,59,52,53,54,55,56,57,62,59,62,61,62,63,66,67,66,67,100,69,70,69,72,73,202,75,78,77,78,79,80,81,82,83,84,117,86,23,90,89,90,91,92,93,94,95,96,97,98,99]
CFO=-516.5318108956468,STO=1
EsN0dB=11.66,GRXdB=17,N0=0.05011872202157974
packet_number=2264,correct=False,payload=[0,1,130,3,4,5,6,7,40,9,10,9,172,15,14,15,144,17,18,19,20,17,22,23,28,25,27,27,30,29,30,31,32,33,34,43,4,39,38,39,40,37,58,43,60,13,46,47,48,48,56,51,52,53,55,55,60,61,58,59,60,63,62,63,96,97,64,97,68,68,70,71,72,73,74,75,108,69,78,79,80,65,90,99,84,84,86,87,120,89,90,91,124,93,94,95,96,97,98,99]
CFO=-633.0211615089066,STO=2
EsN0dB=11.85,GRXdB=17,N0=0.05011872202157974
packet_number=2265,correct=False,payload=[0,1,2,3,6,5,6,7,8,9,10,10,12,13,14,15,16,17,18,19,20,21,22,23,24,25,26,27,29,29,30,31,32,35,34,35,36,37,38,39,40,41,42,43,44,45,46,47,48,49,50,51,52,49,54,55,56,57,58,59,60,61,62,63,64,65,66,67,68,69,70,71,72,73,74,75,76,95,78,79,80,81,82,83,84,85,86,87,88,89,90,91,92,93,94,95,96,105,98,99]
CFO=-587.9215765728874,STO=1
EsN0dB=11.73,GRXdB=17,N0=0.05011872202157974
packet_number=2266,correct=False,payload=[0,1,2,3,4,4,134,3,8,13,10,11,14,13,10,7,8,17,2,1,156,20,150,23,152,29,30,27,12,28,30,15,160,32,34,51,4,37,166,55,40,32,42,43,14,45,38,63,24,49,178,59,188,53,54,55,56,25,62,59,60,60,61,63,64,0,34,67,68,102,70,67,72,73,106,75,4,69,134,111,72,17,82,115,4,93,94,87,216,89,206,91,126,29,158,95,32,97,115,99]
CFO=-177.05906203755254,STO=3
EsN0dB=11.71,GRXdB=17,N0=0.05011872202157974
packet_number=2267,correct=False,payload=[0,1,2,3,4,5,6,7,8,9,138,11,12,13,14,15,16,17,50,19,20,21,6,23,24,25,26,27,28,29,30,31,32,33,34,35,36,37,38,39,40,41,42,43,44,45,46,39,48,49,50,51,52,53,54,55,56,57,58,59,60,61,62,63,64,65,66,67,68,69,86,71,72,73,74,75,76,77,78,79,80,81,82,83,84,85,86,87,88,89,90,91,92,93,94,95,96,97,98,99]
CFO=-252.42232880284186,STO=5
EsN0dB=11.79,GRXdB=17,N0=0.05011872202157974
packet_number=2268,correct=False,payload=[0,1,2,3,12,1,6,7,8,9,10,11,12,13,14,15,0,17,18,19,20,21,22,23,24,25,10,27,28,29,30,31,32,33,34,35,36,37,38,39,40,45,42,11,40,45,46,15,48,49,50,55,52,53,52,55,56,57,58,59,60,61,62,63,64,65,66,67,68,77,70,7,8,89,66,75,76,93,78,15,80,81,82,83,84,85,86,87,88,81,94,91,92,93,126,95,96,97,98,99]
CFO=-527.2413933606517,STO=3
EsN0dB=11.77,GRXdB=17,N0=0.05011872202157974
packet_number=2269,correct=False,payload=[0,1,2,3,4,5,6,7,8,9,10,15,12,13,14,15,16,17,18,19,20,21,22,87,24,153,90,27,28,29,30,31,32,33,34,35,36,36,38,39,40,41,42,43,44,45,46,47,48,57,50,51,52,53,54,55,24,57,58,59,60,60,62,63,64,65,66,67,68,69,70,71,72,73,74,75,76,77,78,79,80,81,82,83,84,85,86,87,88,89,90,91,92,85,94,95,96,97,98,99]
CFO=-405.2049449300549,STO=2
EsN0dB=11.89,GRXdB=17,N0=0.05011872202157974
packet_number=2270,correct=False,payload=[0,3,2,2,6,5,6,7,8,1,10,15,8,15,14,12,16,33,18,51,24,21,22,23,24,24,26,27,24,13,30,30,32,97,34,99,0,37,6,39,40,43,42,59,40,44,46,47,48,49,50,115,52,37,54,63,56,57,56,58,56,125,126,62,64,193,66,67,68,77,6,70,0,217,202,195,76,77,92,79,20,82,86,86,116,83,62,95,80,90,90,94,120,29,94,223,96,97,98,99]
CFO=-402.82039663895983,STO=4
EsN0dB=11.77,GRXdB=17,N0=0.05011872202157974
packet_number=2271,correct=False,payload=[0,1,2,3,4,37,6,7,8,9,10,11,12,13,14,15,16,19,18,19,20,17,22,23,24,25,26,27,60,29,30,31,32,33,34,35,36,37,38,39,40,41,42,43,44,45,46,63,48,49,50,51,52,53,54,55,56,57,58,59,61,61,62,63,64,65,66,71,68,69,70,71,64,73,74,75,76,77,79,79,81,81,82,83,84,85,86,87,88,89,90,91,28,93,78,95,96,97,66,99]
CFO=-608.0170366121881,STO=6
EsN0dB=11.81,GRXdB=17,N0=0.05011872202157974
packet_number=2272,correct=False,payload=[0,1,2,3,4,5,14,7,8,11,10,11,12,13,14,15,16,17,82,19,20,21,22,31,24,25,58,26,24,29,30,63,96,33,98,35,36,37,38,39,40,33,10,43,44,45,46,47,48,48,50,51,52,53,54,55,56,57,58,59,60,61,62,31,64,65,66,67,68,69,103,71,72,201,74,75,76,77,68,79,80,81,210,83,68,117,86,87,88,89,90,90,92,93,126,223,96,97,96,67]
CFO=-621.3880805498728,STO=2
EsN0dB=11.82,GRXdB=17,N0=0.05011872202157974
packet_number=2273,correct=False,payload=[0,1,2,3,4,5,6,7,12,41,10,11,12,13,14,15,16,17,18,19,20,21,22,23,24,57,26,27,20,29,30,31,32,33,34,35,36,37,6,39,40,41,42,43,44,45,46,47,48,49,50,51,52,53,54,55,56,57,58,59,60,61,62,63,64,68,66,67,64,69,70,71,72,73,74,75,76,77,76,79,80,81,82,83,84,85,86,87,88,89,90,91,93,93,94,95,96,97,98,99]
CFO=-372.97033553188845,STO=5
EsN0dB=11.82,GRXdB=17,N0=0.05011872202157974
packet_number=2274,correct=False,payload=[0,1,2,3,4,5,6,7,8,9,10,11,12,13,14,15,16,17,18,19,20,21,22,87,24,25,26,27,28,29,30,31,32,33,34,35,36,37,38,39,40,41,40,43,40,45,46,47,48,49,50,51,52,53,54,55,56,57,58,59,60,61,62,63,64,65,192,67,68,69,70,71,72,73,74,75,76,77,78,79,16,81,82,83,84,85,86,87,88,89,90,91,92,93,94,95,96,97,98,99]
CFO=-136.7350955657436,STO=2
EsN0dB=11.73,GRXdB=17,N0=0.05011872202157974
packet_number=2275,correct=False,payload=[0,1,2,3,4,5,6,7,8,9,10,11,12,13,14,15,16,17,18,19,20,21,22,23,26,25,26,27,28,29,30,31,32,33,34,35,36,37,38,39,40,41,42,43,44,45,46,47,48,49,50,51,52,53,54,55,56,57,58,59,60,61,62,63,64,65,66,67,68,69,70,71,64,73,74,75,76,77,78,79,80,81,82,83,20,85,86,83,88,89,90,91,92,93,94,95,96,97,98,99]
CFO=-645.271508956213,STO=5
EsN0dB=11.79,GRXdB=17,N0=0.05011872202157974
packet_number=2276,correct=False,payload=[0,1,2,67,4,69,6,6,8,9,10,11,12,13,14,15,16,17,16,19,20,21,22,23,24,25,26,27,28,29,30,31,32,33,2,35,36,37,38,39,40,41,122,43,44,45,42,47,48,49,50,51,52,37,38,55,56,57,58,59,60,61,126,63,64,65,66,67,84,69,86,71,72,73,74,75,108,77,78,79,80,81,210,83,84,85,86,87,88,89,82,91,92,93,94,95,100,97,98,99]
CFO=-554.8116416728851,STO=2
EsN0dB=11.87,GRXdB=17,N0=0.05011872202157974
packet_number=2277,correct=False,payload=[128,0,131,3,6,5,6,7,140,13,140,9,12,7,134,15,145,16,154,17,158,21,150,19,24,29,78,27,14,13,143,31,0,1,146,19,164,1,38,19,136,57,27,11,132,36,62,47,48,17,51,59,178,52,182,55,156,60,28,59,60,61,190,63,32,32,65,65,102,64,198,99,200,65,15,77,142,76,198,15,88,16,210,83,248,5,118,119,200,105,77,15,204,79,30,63,32,51,98,97]
CFO=-599.2100057120837,STO=4
EsN0dB=11.79,GRXdB=17,N0=0.05011872202157974
packet_number=2278,correct=False,payload=[0,1,2,3,4,5,6,7,72,9,10,11,12,13,14,15,16,17,18,19,20,21,22,23,24,25,26,27,28,29,30,31,32,33,34,35,36,37,38,39,40,41,42,43,44,45,46,47,48,49,50,51,52,53,54,55,56,49,58,59,60,61,62,63,64,65,66,67,68,69,70,7,72,73,74,75,76,77,78,79,80,81,82,83,84,85,86,87,88,89,90,91,92,93,94,95,96,101,98,99]
CFO=-589.4419458514172,STO=4
EsN0dB=11.87,GRXdB=17,N0=0.05011872202157974
packet_number=2279,correct=False,payload=[0,1,2,3,4,5,6,7,8,9,10,11,12,29,14,15,16,17,18,19,20,21,22,23,24,25,26,27,28,29,30,31,32,33,34,35,36,37,38,39,40,41,46,43,44,45,46,39,48,49,50,51,52,53,54,183,56,59,58,59,60,61,62,63,64,65,66,67,68,69,70,71,72,73,74,75,108,77,78,79,80,81,82,83,84,85,86,87,88,89,90,91,92,93,94,95,96,97,98,99]
CFO=-506.07729330745946,STO=4
EsN0dB=11.77,GRXdB=17,N0=0.05011872202157974
packet_number=2280,correct=False,payload=[0,1,2,3,4,5,6,15,8,9,10,10,12,13,14,31,16,16,18,19,22,21,22,31,16,25,26,27,92,28,30,31,96,33,34,35,36,109,6,39,40,41,42,43,44,45,46,47,112,49,50,51,100,53,46,47,56,57,58,59,60,56,62,127,64,67,66,3,68,69,70,71,72,73,74,75,204,78,78,79,80,81,82,83,212,85,86,87,88,89,218,91,92,89,30,95,96,97,102,99]
CFO=-509.1724006446311,STO=4
EsN0dB=11.73,GRXdB=17,N0=0.05011872202157974
packet_number=2281,correct=False,payload=[0,1,2,3,4,5,6,7,8,9,10,75,12,13,14,15,16,17,18,19,20,53,20,23,24,25,90,27,28,29,30,31,32,33,34,35,36,37,38,39,40,41,42,43,44,45,46,47,48,49,50,51,180,53,54,55,57,41,58,59,60,61,62,63,64,65,66,67,76,69,70,71,72,73,74,75,76,77,78,79,80,81,82,83,84,85,86,87,120,89,90,91,92,29,94,95,96,97,98,99]
CFO=-598.2966457801041,STO=7
EsN0dB=11.86,GRXdB=17,N0=0.05011872202157974
packet_number=2282,correct=False,payload=[224,0,48,32,32,128,48,64,224,65,177,161,224,193,161,193,242,2,50,66,96,65,99,227,240,1,163,131,35,195,177,193,244,4,36,36,100,206,162,194,103,5,183,147,179,198,177,224,230,2,2,111,99,6,38,199,103,7,167,167,35,195,211,195,252,0,32,76,60,192,184,228,249,1,169,108,253,133,184,233,251,14,32,105,50,76,171,235,235,15,61,237,119,195,141,203,230,12,62,68]
CFO=-469.60879668159674,STO=4
EsN0dB=11.79,GRXdB=17,N0=0.05011872202157974
packet_number=2283,correct=False,payload=[0,1,2,3,4,5,6,7,8,9,10,11,12,13,14,15,16,17,18,19,20,21,22,23,24,29,26,27,28,29,30,31,32,33,34,35,32,37,38,39,40,41,42,43,60,173,46,47,49,49,50,51,52,53,54,55,56,57,58,63,60,61,62,63,64,65,66,3,68,69,70,71,72,73,202,75,76,77,78,79,82,81,82,83,84,85,86,87,88,89,90,91,92,93,94,95,96,97,98,99]
CFO=-350.55527921742794,STO=7
EsN0dB=11.80,GRXdB=17,N0=0.05011872202157974
packet_number=2284,correct=False,payload=[0,1,6,3,4,5,6,7,136,9,10,11,12,13,14,15,16,17,18,19,20,21,22,87,152,25,26,27,28,29,30,31,32,33,32,35,36,37,38,39,40,41,42,43,44,45,46,47,48,49,50,51,52,53,54,55,56,57,58,59,60,61,62,63,64,65,66,3,68,69,70,71,72,73,74,75,76,77,78,79,80,81,82,83,92,85,86,87,88,89,90,91,92,93,94,95,96,97,98,99]
CFO=-478.9984391605131,STO=7
EsN0dB=11.85,GRXdB=17,N0=0.05011872202157974
packet_number=2285,correct=False,payload=[0,1,2,7,4,3,4,6,24,9,8,27,8,13,14,31,0,17,18,19,22,19,30,23,24,25,26,23,28,29,30,31,32,32,34,35,36,99,38,103,40,43,58,59,44,45,46,63,32,35,50,51,36,53,54,55,56,57,122,59,60,61,62,63,64,65,0,67,76,69,70,7,8,73,74,79,12,205,78,15,64,17,80,83,84,85,70,87,88,89,114,91,92,89,94,127,64,65,96,67]
CFO=-573.4727026966467,STO=6
EsN0dB=11.74,GRXdB=17,N0=0.05011872202157974
packet_number=2286,correct=False,payload=[0,1,2,3,4,5,6,7,8,13,2,11,13,9,14,15,16,17,18,19,20,21,22,23,24,25,26,27,28,61,30,31,32,33,34,99,36,37,70,39,40,9,42,43,44,61,46,47,48,51,54,51,60,53,38,55,56,57,62,51,60,189,62,63,64,75,66,67,76,71,70,71,72,65,74,75,76,77,78,79,80,81,82,87,92,85,118,87,88,89,90,91,92,93,222,87,96,97,66,103]
CFO=-777.5640318920802,STO=4
EsN0dB=11.87,GRXdB=17,N0=0.05011872202157974
packet_number=2287,correct=False,payload=[128,1,130,1,132,4,7,7,132,3,14,11,12,15,143,15,0,1,18,27,0,21,135,31,24,25,30,31,156,29,29,15,16,33,161,3,32,37,54,35,32,8,63,27,14,37,143,15,16,17,51,59,180,56,55,63,60,56,62,57,62,61,63,63,0,33,67,99,96,37,70,67,64,73,74,99,44,103,110,47,208,80,114,115,206,67,54,15,92,93,222,25,140,109,30,127,112,49,98,115]
CFO=-316.327434449365,STO=1
EsN0dB=11.91,GRXdB=17,N0=0.05011872202157974
packet_number=2288,correct=False,payload=[0,1,2,3,4,5,6,7,8,9,10,11,12,5,14,15,16,17,18,19,18,22,30,23,8,25,26,27,28,29,30,29,32,33,2,35,36,37,166,35,40,9,46,43,44,45,46,47,48,49,50,51,52,53,54,55,56,57,122,59,60,61,62,63,0,65,66,3,68,69,70,103,76,73,74,75,76,77,78,79,80,81,66,67,84,85,86,83,72,89,90,91,140,77,94,95,96,97,114,99]
CFO=-672.4370448441886,STO=2
EsN0dB=11.85,GRXdB=17,N0=0.05011872202157974
packet_number=2289,correct=False,payload=[0,1,2,3,5,5,134,7,8,9,10,11,12,13,14,15,16,17,18,27,12,21,22,23,24,25,26,27,28,29,30,31,32,33,34,35,36,37,38,39,40,45,42,59,108,45,46,47,48,49,50,59,52,53,62,55,56,57,26,59,60,61,62,63,96,65,2,67,68,69,70,71,72,73,78,75,76,77,70,79,64,81,80,81,84,21,86,87,88,121,122,91,92,93,94,95,97,97,98,99]
CFO=-505.15486203048846,STO=3
EsN0dB=11.79,GRXdB=17,N0=0.05011872202157974
packet_number=2290,correct=False,payload=[0,9,2,3,4,5,6,7,8,141,2,11,12,9,14,15,16,17,18,19,20,21,22,55,152,25,26,27,30,29,30,31,32,33,34,3,36,37,38,39,40,41,42,43,44,45,46,175,48,49,50,51,52,53,54,55,56,57,58,59,60,61,62,63,64,65,66,67,68,69,70,71,72,73,66,203,76,77,78,79,80,81,82,83,86,85,86,87,88,89,90,91,92,93,94,95,96,97,98,99]
CFO=-814.3665378121206,STO=3
EsN0dB=11.88,GRXdB=17,N0=0.05011872202157974
packet_number=2291,correct=False,payload=[0,1,2,3,4,5,6,7,8,9,10,11,12,13,14,14,16,17,18,19,20,21,22,23,24,25,26,27,28,29,30,31,32,33,3,35,36,37,38,39,40,41,42,43,44,45,46,47,48,49,50,51,52,53,54,55,56,185,58,59,60,61,63,63,64,65,66,67,68,69,70,71,72,73,74,75,76,77,78,79,80,81,82,83,84,85,86,87,88,89,90,89,92,93,94,95,96,97,98,99]
CFO=-403.2207216153133,STO=6
EsN0dB=11.79,GRXdB=17,N0=0.05011872202157974
packet_number=2292,correct=False,payload=[0,1,2,7,4,5,6,7,8,9,26,11,12,13,14,15,16,17,82,19,28,21,22,23,24,25,26,27,28,29,28,31,32,33,32,35,36,37,38,39,40,41,42,43,44,45,46,47,16,49,50,51,52,53,54,55,56,57,58,59,60,61,62,63,64,65,64,67,68,69,70,71,72,73,74,75,77,77,78,79,80,81,82,83,84,85,86,87,88,89,90,90,92,93,94,95,96,97,98,99]
CFO=-416.89200928526316,STO=7
EsN0dB=11.91,GRXdB=17,N0=0.05011872202157974
packet_number=2293,correct=False,payload=[32,1,2,3,4,5,6,14,8,9,2,11,12,13,14,15,16,17,18,19,20,21,22,23,24,57,26,27,28,61,30,31,32,33,34,35,36,37,38,39,40,41,42,43,44,45,46,47,48,49,34,55,52,53,54,55,56,57,58,59,60,61,62,63,0,64,66,67,68,69,70,71,72,73,74,75,76,77,78,79,80,81,82,83,84,85,86,87,81,89,90,91,92,93,94,95,96,99,98,227]
CFO=-584.5672540703399,STO=0
EsN0dB=11.78,GRXdB=17,N0=0.05011872202157974
packet_number=2294,correct=False,payload=[0,2,0,3,4,0,4,15,24,1,26,15,8,8,28,30,16,17,16,22,20,52,52,31,24,25,18,63,28,62,28,63,0,1,38,67,108,69,12,7,80,43,96,43,126,45,14,79,52,113,54,51,40,60,37,39,112,58,60,62,60,57,62,55,0,67,194,71,4,65,68,71,128,1,80,195,8,77,206,223,80,64,192,199,80,116,86,150,80,90,88,123,124,57,126,159,96,192,66,227]
CFO=-401.4913556629615,STO=5
EsN0dB=11.84,GRXdB=17,N0=0.05011872202157974
packet_number=2295,correct=False,payload=[130,1,2,35,4,5,4,7,8,9,10,11,12,13,78,15,16,17,18,19,148,21,22,23,24,25,26,27,28,29,30,31,32,33,34,99,36,37,38,39,42,41,42,43,46,41,46,47,112,49,50,51,60,53,54,55,56,56,58,59,60,61,62,63,64,97,66,67,68,69,198,69,72,73,74,75,108,77,78,79,80,81,80,83,84,85,86,87,92,89,90,75,92,93,94,95,96,97,99,99]
CFO=-555.3517720838124,STO=4
EsN0dB=11.82,GRXdB=17,N0=0.05011872202157974
packet_number=2296,correct=False,payload=[0,1,3,3,4,5,34,7,0,9,2,5,142,13,14,15,24,17,18,19,16,29,30,3,12,29,154,31,28,28,30,31,0,1,33,35,164,33,7,55,40,45,46,161,142,45,6,39,176,57,56,51,184,21,55,55,184,57,126,61,60,61,30,63,192,65,192,65,70,102,103,67,72,45,234,111,70,109,78,79,64,88,82,67,52,101,118,87,89,89,74,91,204,93,94,63,224,96,98,115]
CFO=-531.5340961062009,STO=4
EsN0dB=11.81,GRXdB=17,N0=0.05011872202157974
packet_number=2297,correct=False,payload=[0,1,2,3,4,5,6,7,72,9,14,11,12,13,12,15,16,17,18,19,20,21,22,23,24,25,26,27,28,29,30,31,32,33,34,35,164,37,38,39,40,41,42,43,44,45,46,47,48,49,50,51,52,53,54,55,56,57,58,59,60,61,62,63,64,65,66,67,64,69,70,71,72,73,74,91,76,77,78,79,80,81,86,83,212,213,86,87,88,89,90,91,92,93,94,95,104,97,98,99]
CFO=-210.75415797933815,STO=0
EsN0dB=11.76,GRXdB=17,N0=0.05011872202157974
packet_number=2298,correct=False,payload=[0,1,128,3,6,0,7,7,136,5,11,7,6,13,14,15,128,9,19,25,22,19,22,23,12,8,139,27,156,12,30,15,160,16,51,66,38,38,6,51,162,60,34,35,44,45,46,63,240,49,18,17,182,29,58,31,56,24,29,59,54,63,63,31,96,64,2,35,100,99,7,7,196,96,70,15,204,69,14,79,96,72,129,113,152,55,159,87,88,8,106,79,28,77,30,111,224,32,179,99]
CFO=-343.5776065790089,STO=7
EsN0dB=11.93,GRXdB=17,N0=0.05011872202157974
packet_number=2299,correct=False,payload=[0,3,6,3,4,1,6,7,8,1,10,11,28,12,30,15,16,17,38,19,20,5,12,31,16,27,26,26,28,29,30,31,96,33,18,39,36,39,46,103,40,41,42,50,40,56,46,47,48,113,54,51,52,53,52,63,120,49,58,59,124,61,62,63,64,1,194,67,68,65,70,198,72,73,66,11,76,205,78,14,208,209,86,82,116,69,86,151,88,89,90,91,60,93,94,127,96,96,96,99]
CFO=-55.942009985418565,STO=3
EsN0dB=11.79,GRXdB=17,N0=0.05011872202157974
packet_number=2300,correct=False,payload=[0,1,2,3,4,5,6,7,8,9,10,11,12,13,14,15,16,17,18,19,20,21,22,23,24,25,26,27,28,28,30,31,36,33,34,35,36,37,38,39,40,41,42,43,44,45,46,47,48,49,50,51,52,53,54,55,56,57,58,59,60,61,62,63,64,65,66,67,68,69,70,71,76,73,202,75,76,77,78,111,80,85,82,83,84,85,86,87,88,89,90,91,92,93,94,95,96,97,98,99]
CFO=-509.0506193203672,STO=7
EsN0dB=11.91,GRXdB=17,N0=0.05011872202157974
packet_number=2301,correct=False,payload=[0,1,18,3,4,5,6,7,8,9,10,11,12,13,30,15,16,17,18,19,20,21,22,23,24,25,26,27,28,29,30,31,32,33,34,35,36,37,38,39,40,41,42,43,44,45,46,47,48,49,50,51,52,53,54,55,56,57,58,59,60,61,62,63,64,65,66,67,68,69,70,71,72,89,74,75,76,109,78,79,112,81,82,83,84,85,86,87,88,89,90,91,92,93,94,95,96,97,98,99]
CFO=-662.1459300455199,STO=6
EsN0dB=11.89,GRXdB=17,N0=0.05011872202157974
packet_number=2302,correct=False,payload=[0,1,2,3,4,5,6,7,8,9,10,11,12,13,14,13,16,17,18,19,20,17,22,23,24,153,30,59,28,25,30,31,32,33,34,35,100,37,38,39,40,41,42,43,44,45,46,47,48,49,50,51,52,53,119,55,56,57,58,59,60,61,62,63,80,65,66,66,68,69,86,71,8,201,74,75,76,77,78,79,64,81,82,83,84,85,86,87,120,89,26,91,92,93,94,95,96,96,96,99]
CFO=-423.9904553207249,STO=1
EsN0dB=11.75,GRXdB=17,N0=0.05011872202157974
packet_number=2303,correct=False,payload=[133,23,192,0,64,128,193,8,1,192,195,0,33,130,193,3,195,195,198,6,64,132,102,129,7,135,199,6,70,194,67,7,67,199,200,12,104,204,69,138,33,205,192,3,42,72,79,11,9,137,228,6,68,4,79,140,12,141,238,14,110,14,231,143,207,143,148,0,80,16,113,153,96,153,226,1,112,67,211,1,43,195,194,22,100,20,89,18,77,212,194,2,70,158,243,3,175,219,236,24]
CFO=-708.7354092840847,STO=2
EsN0dB=11.81,GRXdB=17,N0=0.05011872202157974
packet_number=2304,correct=False,payload=[0,1,2,1,32,4,7,35,8,1,10,9,14,13,15,15,16,16,18,17,28,31,23,23,24,25,14,89,28,29,14,31,16,17,32,33,38,38,34,39,24,37,24,11,172,45,14,55,16,48,50,49,190,61,150,63,184,60,26,25,60,61,63,31,64,64,98,65,134,5,70,7,200,72,74,77,70,109,239,79,152,49,16,83,92,101,214,115,248,121,90,95,220,95,94,63,112,113,96,97]
CFO=-388.88918232559564,STO=0
EsN0dB=11.79,GRXdB=17,N0=0.05011872202157974
packet_number=2305,correct=False,payload=[128,1,2,3,4,5,6,7,8,9,10,11,12,13,30,15,16,17,18,19,20,21,22,23,24,25,26,27,28,29,30,31,32,97,34,35,36,37,34,39,40,41,42,43,44,45,46,47,48,49,50,179,52,53,54,55,56,57,58,59,60,61,62,63,64,65,66,67,68,69,70,71,72,73,74,75,76,77,78,79,80,81,82,83,84,85,86,87,88,89,90,91,92,93,94,127,96,97,102,99]
CFO=-302.509434078884,STO=7
EsN0dB=11.77,GRXdB=17,N0=0.05011872202157974
packet_number=2306,correct=False,payload=[0,1,2,3,4,5,6,7,0,9,10,11,12,13,14,15,16,17,18,19,20,21,23,21,24,25,26,27,28,29,30,31,32,33,34,35,36,37,38,39,32,41,42,43,44,45,46,47,48,49,50,35,48,53,54,55,56,49,58,59,62,61,62,63,64,65,66,67,68,69,102,71,72,73,10,74,76,77,78,78,80,81,82,82,84,85,86,215,24,89,90,91,92,93,94,31,96,97,98,99]
CFO=-655.4838868519495,STO=4
EsN0dB=11.83,GRXdB=17,N0=0.05011872202157974
packet_number=2307,correct=False,payload=[0,1,2,3,4,5,6,7,8,9,10,11,12,13,14,15,16,17,18,19,20,21,22,23,24,25,26,27,28,29,30,31,32,33,34,35,52,37,38,39,40,41,42,43,44,45,46,47,48,49,50,51,52,53,54,55,56,57,58,59,60,61,62,63,64,65,66,67,68,69,70,71,72,73,74,75,76,77,78,79,80,81,82,83,84,85,86,87,88,89,90,91,92,93,94,91,96,97,98,98]
CFO=-366.14349623764053,STO=7
EsN0dB=11.90,GRXdB=17,N0=0.05011872202157974
packet_number=2308,correct=False,payload=[0,1,2,11,4,5,6,7,8,9,10,11,12,13,14,15,16,17,18,19,20,21,22,23,24,25,26,27,28,29,30,23,32,33,34,35,36,37,38,39,40,41,42,43,108,13,46,47,48,49,50,51,52,53,54,55,56,57,58,59,60,61,62,63,64,65,66,67,68,69,70,71,72,73,10,75,76,77,78,79,80,81,82,83,84,85,86,87,88,89,26,91,92,93,94,95,96,97,98,99]
CFO=-164.22201201271267,STO=3
EsN0dB=11.74,GRXdB=17,N0=0.05011872202157974
packet_number=2309,correct=False,payload=[0,1,2,75,4,5,6,135,8,9,10,9,12,13,14,15,16,17,19,19,20,21,22,23,24,25,26,27,28,29,46,31,32,33,34,35,36,37,38,39,40,41,42,43,36,45,46,47,48,49,50,51,20,53,54,55,56,57,58,59,60,61,62,63,64,65,66,67,68,69,70,71,216,73,74,75,76,77,78,79,80,81,210,91,84,85,86,87,88,89,90,91,92,93,94,95,96,97,98,99]
CFO=-544.5553300082686,STO=1
EsN0dB=12.00,GRXdB=17,N0=0.05011872202157974
packet_number=2310,correct=False,payload=[146,142,224,0,64,0,233,1,224,129,194,0,66,136,67,131,97,195,194,4,68,68,193,1,133,132,198,3,6,71,199,7,7,135,200,8,13,72,192,1,72,137,200,10,75,201,201,11,75,141,206,6,76,14,237,13,13,141,231,15,102,142,207,15,111,135,208,16,80,144,208,25,121,208,196,19,83,130,83,25,25,211,220,18,116,150,214,149,109,132,214,30,86,212,199,23,119,135,216,12]
CFO=-369.732695427662,STO=5
EsN0dB=11.79,GRXdB=17,N0=0.05011872202157974
packet_number=2311,correct=False,payload=[0,1,2,3,4,5,6,7,8,9,10,11,12,13,14,15,16,17,18,19,20,21,22,23,24,25,26,27,28,29,30,31,32,33,34,35,36,37,36,39,40,41,170,43,44,45,46,47,48,49,50,51,52,53,54,55,56,57,58,59,60,61,62,63,64,65,74,67,68,69,70,71,72,73,74,75,76,77,78,79,80,81,82,83,84,85,86,87,88,89,90,91,92,93,78,127,96,97,98,99]
CFO=-648.6149221288362,STO=1
EsN0dB=11.77,GRXdB=17,N0=0.05011872202157974
packet_number=2312,correct=False,payload=[0,1,3,3,4,5,6,7,8,13,10,11,12,45,26,15,16,17,18,19,20,21,22,23,24,25,26,27,28,21,30,31,32,33,34,35,36,37,38,167,40,41,42,43,44,45,46,47,48,49,50,51,52,53,54,55,56,57,58,59,60,61,62,63,64,81,66,67,68,69,70,71,72,73,74,75,76,77,78,79,80,81,82,83,84,85,86,87,88,89,90,91,92,93,94,95,96,97,98,99]
CFO=-360.1605588318594,STO=0
EsN0dB=11.78,GRXdB=17,N0=0.05011872202157974
packet_number=2313,correct=False,payload=[0,3,2,3,4,78,6,6,8,26,26,26,24,29,14,15,16,16,32,55,144,52,22,22,56,50,24,58,24,29,30,63,32,34,66,35,96,37,46,111,88,65,112,123,24,79,62,47,56,51,48,55,44,52,110,39,48,89,124,59,124,62,60,127,192,1,192,3,68,197,14,207,88,203,132,74,156,12,76,15,16,194,50,243,88,148,174,86,248,88,20,58,88,28,252,28,64,225,100,195]
CFO=-520.4645650435298,STO=6
EsN0dB=11.80,GRXdB=17,N0=0.05011872202157974
packet_number=2314,correct=False,payload=[0,1,2,3,4,5,6,7,8,9,10,11,12,13,14,15,16,17,18,19,20,21,22,23,24,25,26,27,28,29,30,31,32,33,98,35,36,37,36,39,40,41,42,43,44,45,46,47,48,49,50,50,52,53,54,55,56,121,50,59,188,61,62,63,64,65,66,67,68,77,70,70,72,73,74,75,76,205,78,79,16,81,82,83,84,85,86,87,88,89,90,91,92,93,94,95,96,97,98,99]
CFO=-2197.879695397364,STO=7
EsN0dB=-9.43,GRXdB=17,N0=0.05011872202157974
packet_number=2315,correct=False,payload=[184,126,73,129,86,173,174,7,152,116,80,239,195,26,50,141,147,222,253,177,67,142,128,84,210,46,109,206,136,15,178,218,220,74,156,112,210,165,32,138,11,218,82,174,193,237,160,171,3,56,217,178,141,141,179,199,225,64,115,136,178,82,151,184,143,149,227,198,57,85,205,195,62,160,33,78,87,132,133,28,72,198,96,209,123,154,12,100,4,128,91,221,100,40,20,1,222,35,7,106]
CFO=-461.05843148389664,STO=1
EsN0dB=11.79,GRXdB=17,N0=0.05011872202157974
packet_number=2316,correct=False,payload=[0,1,3,3,0,5,6,7,76,1,10,9,14,15,15,7,16,17,27,19,20,21,22,7,8,25,26,9,28,31,30,31,32,33,32,3,52,37,6,39,168,33,42,43,12,45,102,47,48,49,27,49,52,52,63,55,60,24,56,59,60,61,190,63,64,65,66,97,68,69,102,71,72,73,202,105,108,77,77,79,80,89,194,81,113,69,19,119,120,89,126,89,28,93,127,95,96,97,34,35]
CFO=-459.908771908366,STO=3
EsN0dB=11.83,GRXdB=17,N0=0.05011872202157974
packet_number=2317,correct=False,payload=[4,1,130,3,4,133,6,7,136,9,138,11,12,15,15,15,16,17,19,19,22,17,22,7,24,25,158,25,28,29,30,31,32,0,34,3,32,37,166,39,40,57,128,11,44,45,63,47,48,48,49,51,52,53,50,63,56,57,58,59,60,61,62,63,192,64,66,107,68,68,6,71,72,9,75,75,102,77,78,79,112,65,82,83,220,81,86,71,24,89,91,91,76,29,95,31,96,97,98,99]
CFO=-458.31414210956325,STO=5
EsN0dB=8.89,GRXdB=17,N0=0.10000000149011612
packet_number=2318,correct=False,payload=[0,1,2,11,44,23,22,7,0,9,10,27,140,13,30,15,0,17,18,3,52,21,22,23,28,57,30,59,16,29,94,63,32,0,34,35,102,37,4,39,40,47,42,42,8,45,46,47,48,49,50,50,32,53,118,23,56,121,56,59,61,61,62,63,64,65,66,65,68,77,70,71,64,73,82,75,76,77,78,95,81,81,180,115,84,213,84,86,88,89,90,19,30,93,94,62,96,193,106,99]
CFO=-487.8663607227495,STO=6
EsN0dB=8.92,GRXdB=17,N0=0.10000000149011612
packet_number=2319,correct=False,payload=[8,1,2,3,4,5,22,5,40,9,10,9,12,5,14,12,16,81,19,19,20,17,22,23,24,152,30,26,28,21,63,23,32,43,32,33,36,37,38,39,40,41,42,43,47,101,46,47,48,49,54,49,181,53,54,59,56,57,58,59,60,61,54,63,64,65,66,83,68,69,70,71,72,73,74,75,76,77,78,111,112,113,82,83,84,85,86,87,24,91,90,123,92,93,94,95,96,97,99,97]
CFO=-481.3851811755604,STO=1
EsN0dB=8.87,GRXdB=17,N0=0.10000000149011612
packet_number=2320,correct=False,payload=[0,1,2,35,4,5,3,70,8,8,14,9,12,13,14,15,16,17,26,0,80,20,22,23,24,9,26,27,30,29,30,31,160,1,3,35,32,37,180,39,40,41,42,171,44,47,166,47,49,49,50,51,54,37,54,55,24,56,58,59,30,61,62,63,64,160,210,71,135,69,102,71,136,77,107,75,206,205,78,79,80,81,122,83,84,213,23,94,24,28,218,217,124,93,92,95,96,97,98,99]
CFO=-390.7114258068956,STO=4
EsN0dB=8.91,GRXdB=17,N0=0.10000000149011612
packet_number=2321,correct=False,payload=[64,9,2,3,12,5,6,7,72,9,42,11,76,13,14,15,18,209,18,19,20,21,22,23,8,25,154,91,28,61,30,31,34,49,38,35,36,37,38,39,41,41,42,11,44,45,46,47,48,49,54,50,48,53,118,55,60,121,186,59,60,61,62,63,64,65,2,67,68,85,70,71,72,105,72,75,78,77,78,95,80,81,83,83,84,85,86,95,88,89,90,91,28,92,92,91,48,97,98,99]
CFO=-553.7833780376809,STO=6
EsN0dB=8.82,GRXdB=17,N0=0.10000000149011612
packet_number=2322,correct=False,payload=[128,65,2,3,4,133,6,7,8,9,11,11,12,13,46,15,16,17,18,51,52,21,22,23,24,153,154,27,30,29,30,15,32,51,34,3,38,39,38,39,40,41,43,46,46,45,46,47,48,17,50,119,52,177,20,55,60,187,58,59,60,61,62,59,65,65,66,99,4,69,6,3,72,73,74,75,76,77,76,79,81,81,82,83,84,85,86,95,88,25,90,83,88,93,94,95,96,97,98,227]
CFO=-434.39264962816105,STO=1
EsN0dB=8.70,GRXdB=17,N0=0.10000000149011612
packet_number=2323,correct=False,payload=[0,1,2,7,12,5,6,7,8,11,10,11,12,12,30,19,24,17,18,23,20,19,22,223,24,11,28,27,28,29,30,31,18,49,34,35,36,53,46,39,40,56,42,43,44,61,26,15,176,49,50,115,53,53,54,55,40,59,43,55,60,63,60,63,64,65,66,83,196,21,70,71,88,73,66,67,92,77,78,207,80,81,82,83,84,85,86,85,24,121,82,18,92,125,126,223,96,97,66,97]
CFO=-352.4884539829041,STO=3
EsN0dB=8.91,GRXdB=17,N0=0.10000000149011612
packet_number=2324,correct=False,payload=[0,1,2,19,36,5,130,7,0,0,138,139,12,13,14,39,82,25,16,19,20,20,14,7,24,25,138,31,28,29,26,31,32,32,2,39,4,32,38,35,36,40,10,167,36,61,46,47,48,49,50,51,54,53,155,55,58,57,58,57,62,21,63,27,64,1,66,67,0,69,198,39,104,201,72,75,76,204,78,207,208,221,80,89,86,72,86,87,88,89,90,27,92,93,95,95,32,65,64,115]
CFO=-170.67456939130957,STO=0
EsN0dB=8.89,GRXdB=17,N0=0.10000000149011612
packet_number=2325,correct=False,payload=[251,146,130,214,224,0,92,96,32,130,160,224,225,193,1,99,225,193,128,193,227,0,35,32,114,0,161,209,99,131,49,3,229,129,163,203,242,32,16,68,98,128,80,198,161,164,0,39,51,1,245,228,195,6,7,82,102,135,7,70,247,163,131,231,247,134,175,227,236,4,52,104,36,140,2,72,96,13,157,35,96,204,228,192,242,6,14,0,47,142,21,204,253,11,43,103,245,133,233,203]
CFO=-661.0316368574885,STO=1
EsN0dB=8.78,GRXdB=17,N0=0.10000000149011612
packet_number=2326,correct=False,payload=[1,28,195,0,68,0,193,1,64,129,225,6,98,129,209,35,3,226,196,7,4,128,200,5,6,130,134,2,87,2,103,7,7,134,164,4,12,172,236,0,171,201,234,35,126,68,205,79,35,129,238,12,70,4,239,141,133,165,231,14,14,198,79,143,39,131,224,144,2,144,208,129,208,192,219,0,56,92,227,41,95,147,214,0,4,198,120,15,55,213,195,7,66,209,95,27,55,143,216,12]
CFO=-153.03058104610443,STO=4
EsN0dB=8.82,GRXdB=17,N0=0.10000000149011612
packet_number=2327,correct=False,payload=[120,252,192,254,0,0,8,4,0,20,8,22,48,34,34,44,80,50,60,154,0,70,4,68,17,98,104,76,32,0,52,108,120,116,120,124,128,64,136,172,192,202,136,158,164,230,233,40,216,240,184,254,196,64,224,68,80,212,220,222,112,196,236,231,240,116,248,223,1,128,129,0,153,149,9,29,177,165,24,29,56,144,25,126,17,199,0,15,168,36,88,93,51,165,113,103,249,255,121,125]
CFO=-320.4780787465518,STO=6
EsN0dB=8.84,GRXdB=17,N0=0.10000000149011612
packet_number=2328,correct=False,payload=[0,33,8,11,4,5,6,7,136,8,10,9,5,13,15,15,4,18,22,17,24,23,22,23,16,25,58,63,28,29,30,95,32,33,34,35,44,33,38,7,60,33,42,43,60,45,46,46,32,49,18,97,52,53,38,55,56,27,26,59,60,47,62,175,64,65,2,67,68,13,6,71,72,67,74,43,200,157,206,95,209,80,86,81,84,68,86,87,88,89,114,19,94,93,76,95,96,101,98,11]
CFO=-925.6565847892178,STO=0
EsN0dB=8.95,GRXdB=17,N0=0.10000000149011612
packet_number=2329,correct=False,payload=[32,2,6,2,4,2,6,7,8,15,10,11,28,15,76,30,36,48,22,83,20,8,62,38,48,59,30,63,60,24,28,24,97,33,98,3,32,13,78,102,24,25,40,50,76,8,44,46,48,49,62,50,184,103,62,47,112,185,58,127,60,125,124,127,69,64,6,64,128,135,202,134,24,25,82,202,72,77,142,79,32,241,102,82,0,146,198,182,80,25,80,127,24,187,188,222,224,96,70,163]
CFO=-316.2324224863013,STO=4
EsN0dB=8.91,GRXdB=17,N0=0.10000000149011612
packet_number=2330,correct=False,payload=[6,1,2,11,4,5,6,7,8,9,10,11,12,13,14,31,16,17,18,19,52,21,22,23,26,153,26,26,92,31,30,31,96,41,34,99,4,53,38,103,40,41,42,43,44,41,38,63,49,49,115,51,36,53,46,53,105,57,58,154,52,59,62,61,64,65,66,65,68,69,70,103,88,73,74,11,76,76,78,79,80,89,82,83,84,69,94,71,88,89,90,90,92,29,94,95,96,99,106,99]
CFO=-294.4199584255684,STO=5
EsN0dB=9.04,GRXdB=17,N0=0.10000000149011612
packet_number=2331,correct=True,payload=[0,65,2,3,4,5,6,7,72,11,90,11,12,13,14,11,16,17,16,17,20,69,22,23,24,89,146,27,28,29,30,31,32,33,66,35,164,173,38,39,104,41,170,43,44,45,46,47,48,49,18,51,52,181,22,39,56,57,178,59,60,61,62,63,64,65,74,67,69,69,68,71,73,75,74,75,76,77,78,79,80,81,83,83,85,213,84,87,88,89,122,219,92,85,220,79,112,97,98,99]
CFO=-420.6578032534347,STO=6
EsN0dB=8.85,GRXdB=17,N0=0.10000000149011612
packet_number=2332,correct=False,payload=[16,17,2,3,0,7,6,77,24,25,74,11,24,10,12,15,16,17,10,19,20,21,22,23,28,17,26,25,28,28,31,31,38,32,34,39,12,109,38,39,104,40,40,43,44,13,170,107,52,116,50,27,52,49,52,119,24,25,58,190,60,56,60,127,64,67,0,67,76,72,68,71,80,89,72,90,76,77,206,31,114,80,90,82,84,213,86,87,88,121,88,221,88,93,86,94,98,65,98,35]
CFO=-128.89508189969214,STO=6
EsN0dB=8.83,GRXdB=17,N0=0.10000000149011612
packet_number=2333,correct=False,payload=[0,9,2,2,5,5,6,6,16,9,6,2,76,12,14,15,8,17,82,19,20,21,6,31,88,29,57,27,10,28,30,159,112,161,2,35,36,44,70,38,0,57,40,43,60,28,14,47,48,241,50,51,52,53,54,53,56,125,54,59,124,63,46,63,64,65,66,199,77,197,74,71,24,73,74,75,76,204,70,78,80,113,18,83,84,5,82,79,216,121,90,91,92,125,78,95,64,97,96,67]
CFO=-481.0119812994263,STO=1
EsN0dB=8.83,GRXdB=17,N0=0.10000000149011612
packet_number=2334,correct=False,payload=[0,1,2,3,0,7,12,15,0,9,2,2,12,45,14,14,16,17,19,51,32,18,22,7,20,57,54,23,18,29,30,31,64,33,2,1,44,0,111,55,112,97,98,11,44,1,102,47,32,113,50,59,80,44,38,54,56,120,186,58,60,61,126,62,192,99,130,198,76,141,78,7,72,217,82,15,76,73,86,143,88,65,18,211,124,93,86,86,88,17,102,83,92,93,62,124,96,192,102,99]
CFO=-291.8413544994607,STO=7
EsN0dB=8.89,GRXdB=17,N0=0.10000000149011612
packet_number=2335,correct=False,payload=[64,9,2,67,4,5,4,7,8,41,10,11,12,13,14,15,8,85,18,19,144,17,23,7,24,26,26,75,16,93,30,14,96,225,34,67,36,4,134,39,40,105,34,39,77,137,46,47,48,48,118,51,52,189,60,54,120,59,56,57,56,60,62,191,204,65,3,103,68,77,70,71,76,75,74,75,252,93,196,159,80,81,82,67,20,221,22,87,88,89,250,219,94,93,92,30,64,97,98,101]
CFO=-618.0317421928828,STO=1
EsN0dB=8.62,GRXdB=17,N0=0.10000000149011612
packet_number=2336,correct=False,payload=[11,16,4,6,0,69,14,14,8,10,2,3,12,9,28,15,80,1,18,150,52,116,12,23,48,25,26,18,28,25,30,95,32,32,66,35,32,108,20,103,104,75,34,107,108,45,42,111,48,35,118,55,52,49,36,54,26,123,120,58,61,62,124,31,192,11,2,135,68,4,214,3,0,121,68,90,204,72,92,142,208,17,134,83,212,116,62,79,48,25,90,91,158,77,126,222,80,97,240,199]
CFO=-396.3777554855251,STO=4
EsN0dB=8.87,GRXdB=17,N0=0.10000000149011612
packet_number=2337,correct=False,payload=[4,25,2,3,4,5,6,5,136,9,10,10,14,13,14,142,16,16,18,19,20,85,20,22,24,153,154,27,28,5,30,31,32,35,34,35,36,37,38,35,40,57,186,43,44,45,47,46,48,17,50,51,52,53,30,103,56,57,114,59,60,61,62,63,65,193,66,67,68,69,71,199,64,105,75,75,76,77,78,78,81,113,82,113,29,85,70,87,88,89,90,91,92,93,94,95,100,97,98,34]
CFO=1200.8154394002686,STO=2
EsN0dB=-18.13,GRXdB=17,N0=0.10000000149011612
packet_number=2338,correct=False,payload=[214,79,138,184,228,52,233,22,107,55,203,254,160,40,151,44,84,98,102,51,158,69,152,147,206,115,38,52,94,162,43,114,148,67,252,156,210,164,168,231,37,57,71,135,47,39,242,218,63,14,82,117,255,29,254,16,183,247,251,149,107,31,67,41,238,83,155,246,149,234,89,250,217,92,4,51,92,118,228,204,81,107,190,126,86,164,177,132,22,53,241,55,246,143,28,133,114,246,55,14]
CFO=-555.7952007713343,STO=7
EsN0dB=8.73,GRXdB=17,N0=0.10000000149011612
packet_number=2339,correct=False,payload=[160,1,2,131,4,5,6,7,8,73,10,9,12,13,14,15,16,17,18,3,20,21,86,23,24,25,18,27,28,53,30,31,48,33,35,99,36,37,38,43,232,41,42,43,44,45,46,47,48,53,50,51,36,53,38,55,57,57,58,59,52,61,62,63,64,65,66,65,68,69,70,71,72,73,75,73,76,77,78,77,84,81,91,83,84,85,86,87,88,217,90,91,92,13,94,95,96,97,98,99]
CFO=-451.6581761242387,STO=5
EsN0dB=8.75,GRXdB=17,N0=0.10000000149011612
packet_number=2340,correct=False,payload=[0,17,2,3,12,69,22,7,8,12,42,75,14,13,14,15,20,17,18,19,20,21,22,23,28,217,26,27,92,29,30,31,48,49,98,35,36,229,38,39,40,41,42,43,44,45,174,111,48,49,50,51,52,53,54,55,56,57,122,59,60,29,62,55,65,65,70,67,76,69,78,71,74,73,74,73,108,73,78,79,80,89,82,90,53,213,86,87,88,89,90,90,92,95,94,95,96,97,98,99]
CFO=-459.92818932983454,STO=3
EsN0dB=8.87,GRXdB=17,N0=0.10000000149011612
packet_number=2341,correct=False,payload=[0,0,3,18,4,7,15,7,0,9,3,11,13,5,14,15,20,1,17,27,20,5,139,23,152,25,26,9,12,13,30,15,128,17,35,33,36,5,54,53,44,33,7,33,38,36,46,15,32,49,18,59,154,52,58,55,58,9,115,59,30,29,23,63,64,97,66,75,64,69,206,67,196,108,102,105,92,77,78,79,88,233,80,113,4,92,87,91,92,56,88,91,92,61,94,31,64,113,96,97]
CFO=-266.7221480300079,STO=3
EsN0dB=8.82,GRXdB=17,N0=0.10000000149011612
packet_number=2342,correct=False,payload=[0,1,2,3,4,5,6,7,8,1,42,10,14,13,14,15,18,17,18,147,21,151,22,22,24,25,26,25,28,157,30,63,48,33,34,35,100,37,38,39,104,41,42,59,46,41,44,45,48,49,50,51,52,57,54,55,49,41,122,59,60,61,190,55,64,65,74,67,68,69,70,71,72,75,74,75,77,77,78,79,80,64,83,81,86,85,86,215,80,91,90,91,84,93,222,30,96,97,98,97]
CFO=-314.52612028036555,STO=2
EsN0dB=8.86,GRXdB=17,N0=0.10000000149011612
packet_number=2343,correct=False,payload=[0,65,2,67,4,1,3,7,12,13,10,3,13,25,142,15,8,21,90,19,20,18,22,31,26,25,26,27,157,29,30,31,0,1,163,35,36,37,38,39,40,41,107,59,60,173,46,47,40,17,146,123,48,53,54,55,56,25,186,57,60,61,26,63,64,65,104,67,68,69,199,7,72,73,74,79,204,69,70,77,240,17,82,83,22,85,94,23,88,25,90,77,92,93,218,93,96,105,98,99]
CFO=-471.62764526088074,STO=5
EsN0dB=8.73,GRXdB=17,N0=0.10000000149011612
packet_number=2344,correct=False,payload=[74,1,2,3,5,4,6,15,8,8,10,11,12,13,46,13,16,25,18,19,20,21,150,19,24,25,26,27,20,29,30,31,0,33,35,167,36,37,38,39,40,41,42,43,44,45,62,47,48,57,50,51,36,53,54,55,120,57,58,59,28,63,62,62,96,65,66,67,68,69,70,71,72,73,74,75,76,77,78,79,80,81,66,83,84,85,86,87,76,89,82,91,92,93,94,95,96,97,98,99]
CFO=64.19077149022773,STO=3
EsN0dB=8.72,GRXdB=17,N0=0.10000000149011612
packet_number=2345,correct=False,payload=[0,0,2,3,4,7,12,23,8,1,74,11,12,13,14,14,16,17,20,19,20,21,22,23,24,17,24,27,30,29,30,30,32,35,34,35,164,37,34,47,40,41,42,43,40,109,46,47,56,49,58,49,52,53,182,54,56,57,58,59,60,61,62,63,64,65,70,67,68,69,70,71,72,73,90,75,76,76,78,201,80,80,66,83,84,85,70,87,88,89,82,91,88,119,94,95,96,113,66,99]
CFO=-685.4013012133362,STO=6
EsN0dB=9.00,GRXdB=17,N0=0.10000000149011612
packet_number=2346,correct=False,payload=[0,9,130,35,4,5,6,7,8,9,10,11,12,13,14,13,80,17,18,19,20,21,18,23,24,25,62,27,28,29,30,31,32,32,34,35,36,37,38,39,40,41,106,47,44,41,14,47,56,57,50,51,20,53,54,54,56,57,122,51,60,61,62,127,0,65,66,75,77,213,70,199,72,73,74,75,76,77,222,79,88,81,210,83,84,85,86,87,88,89,202,91,220,93,95,94,96,101,114,99]
CFO=-242.3995746268362,STO=1
EsN0dB=8.80,GRXdB=17,N0=0.10000000149011612
packet_number=2347,correct=False,payload=[0,1,2,3,6,135,68,131,10,9,10,3,12,173,14,15,16,17,87,51,20,21,22,23,8,25,26,27,28,21,30,31,32,37,34,35,36,37,46,231,40,41,40,43,44,45,62,47,48,49,50,179,52,53,38,55,56,57,58,59,124,61,62,63,82,81,96,67,68,69,70,103,104,73,74,74,196,77,78,79,80,81,82,211,84,85,86,87,120,89,90,91,84,85,30,127,96,97,98,49]
CFO=-420.6761238129272,STO=5
EsN0dB=8.83,GRXdB=17,N0=0.10000000149011612
packet_number=2348,correct=False,payload=[64,1,34,3,4,5,6,7,8,41,10,11,140,9,14,15,16,17,18,19,28,21,54,94,24,27,18,27,31,25,28,31,162,129,34,35,36,37,38,39,40,41,30,42,44,41,44,47,48,49,48,179,116,55,54,54,60,57,59,123,60,45,118,31,64,64,66,91,68,133,14,67,64,73,74,75,76,77,78,95,84,81,82,115,85,213,86,87,216,89,90,91,220,221,94,94,80,99,98,99]
CFO=-391.5959412333959,STO=1
EsN0dB=8.79,GRXdB=17,N0=0.10000000149011612
packet_number=2349,correct=False,payload=[151,79,128,8,81,128,203,4,3,129,130,0,3,2,195,73,195,131,212,68,68,130,198,13,77,139,196,6,78,7,206,6,87,15,200,136,201,200,152,10,67,137,138,12,78,159,207,11,79,146,152,8,221,156,77,12,157,7,76,30,78,15,207,14,223,143,240,2,65,16,240,49,112,129,246,36,66,144,195,22,215,19,212,20,60,149,240,37,117,29,212,22,182,182,23,23,23,55,144,40]
CFO=-807.7237638154273,STO=1
EsN0dB=8.77,GRXdB=17,N0=0.10000000149011612
packet_number=2350,correct=False,payload=[0,32,0,7,0,0,78,7,12,3,26,31,28,30,28,30,52,19,35,22,52,49,14,47,56,18,58,59,56,61,30,63,0,2,36,71,10,96,134,78,73,56,117,85,44,126,95,126,116,35,50,34,124,98,45,127,112,48,63,59,60,63,60,126,200,130,6,194,129,205,12,135,72,134,86,82,152,204,94,207,176,130,226,34,172,190,190,54,56,246,184,250,60,191,68,255,192,194,64,71]
CFO=-586.2367965776176,STO=1
EsN0dB=8.73,GRXdB=17,N0=0.10000000149011612
packet_number=2351,correct=False,payload=[8,9,18,130,8,13,6,7,26,9,34,11,28,11,12,7,16,23,18,19,20,21,22,7,24,25,24,27,28,61,62,29,96,33,34,99,32,36,36,39,8,41,106,39,60,44,14,47,112,51,118,115,53,53,50,55,56,57,62,63,60,63,62,59,208,65,66,98,193,65,70,71,94,73,202,75,76,74,78,111,208,1,210,83,68,85,94,87,88,105,90,27,28,113,126,95,100,96,198,99]
CFO=-492.8320624029238,STO=7
EsN0dB=8.87,GRXdB=17,N0=0.10000000149011612
packet_number=2352,correct=False,payload=[0,0,2,3,6,7,38,31,8,0,26,15,12,13,14,15,152,17,18,18,4,37,22,23,28,25,26,27,28,28,158,63,34,34,34,35,165,33,36,39,40,41,34,170,44,45,54,47,48,33,50,19,49,53,54,54,112,57,58,35,60,37,62,62,0,65,64,67,100,69,78,71,72,73,78,75,14,79,78,79,80,209,82,83,84,213,94,127,24,217,90,83,92,89,222,95,100,225,34,227]
CFO=-164.17207514788242,STO=5
EsN0dB=8.73,GRXdB=17,N0=0.10000000149011612
packet_number=2353,correct=False,payload=[0,1,2,3,4,133,6,135,8,9,2,11,44,9,14,15,16,21,18,19,20,21,54,23,40,25,26,27,28,29,31,31,32,33,34,35,164,37,46,39,40,41,42,42,44,45,46,47,48,57,54,49,52,48,54,55,58,57,58,27,60,61,58,63,68,65,82,67,68,4,70,71,72,73,78,11,204,77,78,79,64,17,82,83,84,85,214,87,88,89,90,59,84,93,94,95,98,97,98,99]
CFO=-298.43856425676887,STO=4
EsN0dB=8.80,GRXdB=17,N0=0.10000000149011612
packet_number=2354,correct=False,payload=[0,1,2,19,4,69,6,7,8,9,10,11,12,13,14,15,0,17,2,51,20,21,22,7,24,57,26,91,28,61,31,31,32,163,42,33,52,37,38,7,40,41,42,43,12,45,46,46,48,49,50,51,54,53,182,23,57,185,58,59,60,29,62,63,65,65,66,99,68,69,68,71,72,72,75,75,76,109,78,79,84,81,82,19,86,87,70,83,89,89,91,91,124,93,31,95,96,97,98,99]
CFO=-877.9464683501113,STO=0
EsN0dB=8.91,GRXdB=17,N0=0.10000000149011612
packet_number=2355,correct=False,payload=[8,4,8,12,16,16,26,28,32,37,104,44,48,52,56,60,68,68,72,76,84,212,88,92,106,100,106,76,240,244,56,252,160,132,137,140,148,148,152,156,164,228,140,188,160,52,184,188,192,196,216,218,208,214,200,156,225,230,232,76,248,244,248,253,49,5,8,13,17,21,25,29,33,45,41,37,49,53,57,61,65,69,64,72,209,85,81,93,225,101,97,111,113,53,121,125,129,133,201,207]
CFO=-210.807533654688,STO=3
EsN0dB=8.75,GRXdB=17,N0=0.10000000149011612
packet_number=2356,correct=False,payload=[0,9,2,3,196,1,6,3,13,8,138,11,76,141,14,15,8,17,18,19,4,23,23,22,8,57,26,26,20,29,30,21,32,161,34,3,132,7,38,39,40,17,10,43,45,37,46,111,32,56,50,3,54,21,54,51,56,57,58,59,60,29,62,127,64,65,99,67,68,71,135,67,72,9,75,67,204,109,15,71,16,81,211,75,20,21,214,87,24,89,110,27,72,93,94,95,96,81,32,99]
CFO=-122.55991839745482,STO=4
EsN0dB=8.63,GRXdB=17,N0=0.10000000149011612
packet_number=2357,correct=False,payload=[0,1,2,3,4,5,6,7,8,9,10,11,12,13,14,15,16,1,18,27,20,21,86,23,152,25,18,27,220,93,31,31,36,33,34,35,36,39,38,35,40,59,42,43,172,173,46,47,48,49,50,51,52,53,118,55,56,57,58,59,60,61,30,63,128,68,66,67,84,69,78,71,76,73,74,75,76,76,6,77,80,81,83,115,84,85,86,87,80,89,88,91,92,93,94,95,192,97,98,99]
CFO=-465.3241277088995,STO=7
EsN0dB=8.86,GRXdB=17,N0=0.10000000149011612
packet_number=2358,correct=False,payload=[0,1,2,3,4,5,6,7,8,9,10,43,12,5,79,31,16,145,18,19,20,21,22,47,24,153,26,27,28,29,30,31,32,49,34,35,36,45,38,39,104,41,42,43,44,173,46,47,48,49,50,19,52,245,54,55,58,57,26,59,60,63,62,62,64,65,2,67,68,77,70,7,72,73,106,75,76,77,78,79,112,81,82,87,84,85,86,87,73,89,218,91,84,93,94,95,96,97,98,99]
CFO=-604.2919747617232,STO=3
EsN0dB=8.71,GRXdB=17,N0=0.10000000149011612
packet_number=2359,correct=False,payload=[0,1,2,7,4,5,6,7,40,29,8,75,12,9,30,15,16,17,18,19,20,17,22,23,88,25,26,27,28,45,30,31,32,33,38,35,52,101,6,39,40,41,40,43,44,45,46,47,48,49,38,51,20,53,54,55,56,56,58,59,60,63,62,63,72,69,66,71,85,69,70,86,72,73,74,75,76,73,78,207,80,89,82,83,84,87,70,87,88,89,90,95,92,93,94,95,100,97,114,99]
CFO=-539.0870876735368,STO=1
EsN0dB=8.83,GRXdB=17,N0=0.10000000149011612
packet_number=2360,correct=False,payload=[0,64,2,1,8,5,6,3,40,13,136,11,64,13,14,15,16,27,18,19,6,13,22,23,24,25,26,27,28,29,143,14,48,49,34,35,44,103,38,103,32,9,43,11,46,47,46,47,48,17,58,59,52,53,50,55,56,57,58,57,60,61,60,55,0,0,66,67,68,69,86,71,104,73,8,75,68,76,198,71,80,65,90,51,80,112,114,151,92,89,250,27,92,125,94,95,224,96,98,99]
