CFO=7302.154293023246,STO=5
EsN0dB=40.06,GRXdB=20,N0=9.999999747378752e-05
packet_number=1,correct=True,payload=[0,1,2,3,4,5,6,7,8,9,10,11,12,13,14,15,16,17,18,19,20,21,22,23,24,25,26,27,28,29,30,31,32,33,34,35,36,37,38,39,40,41,42,43,44,45,46,47,48,49,50,51,52,53,54,55,56,57,58,59,60,61,62,63,64,65,66,67,68,69,70,71,72,73,74,75,76,77,78,79,80,81,82,83,84,85,86,87,88,89,90,91,92,93,94,95,96,97,98,99]
CFO=5021.583536914915,STO=5
EsN0dB=40.02,GRXdB=20,N0=9.999999747378752e-05
packet_number=2,correct=True,payload=[0,1,2,3,4,5,6,7,8,9,10,11,12,13,14,15,16,17,18,19,20,21,22,23,24,25,26,27,28,29,30,31,32,33,34,35,36,37,38,39,40,41,42,43,44,45,46,47,48,49,50,51,52,53,54,55,56,57,58,59,60,61,62,63,64,65,66,67,68,69,70,71,72,73,74,75,76,77,78,79,80,81,82,83,84,85,86,87,88,89,90,91,92,93,94,95,96,97,98,99]
CFO=3852.6099413906195,STO=6
EsN0dB=40.07,GRXdB=20,N0=9.999999747378752e-05
packet_number=3,correct=True,payload=[0,1,2,3,4,5,6,7,8,9,10,11,12,13,14,15,16,17,18,19,20,21,22,23,24,25,26,27,28,29,30,31,32,33,34,35,36,37,38,39,40,41,42,43,44,45,46,47,48,49,50,51,52,53,54,55,56,57,58,59,60,61,62,63,64,65,66,67,68,69,70,71,72,73,74,75,76,77,78,79,80,81,82,83,84,85,86,87,88,89,90,91,92,93,94,95,96,97,98,99]
CFO=8721.67535413915,STO=3
EsN0dB=40.04,GRXdB=20,N0=9.999999747378752e-05
packet_number=4,correct=True,payload=[0,1,2,3,4,5,6,7,8,9,10,11,12,13,14,15,16,17,18,19,20,21,22,23,24,25,26,27,28,29,30,31,32,33,34,35,36,37,38,39,40,41,42,43,44,45,46,47,48,49,50,51,52,53,54,55,56,57,58,59,60,61,62,63,64,65,66,67,68,69,70,71,72,73,74,75,76,77,78,79,80,81,82,83,84,85,86,87,88,89,90,91,92,93,94,95,96,97,98,99]
CFO=7420.483525844178,STO=3
EsN0dB=40.07,GRXdB=20,N0=9.999999747378752e-05
packet_number=5,correct=True,payload=[0,1,2,3,4,5,6,7,8,9,10,11,12,13,14,15,16,17,18,19,20,21,22,23,24,25,26,27,28,29,30,31,32,33,34,35,36,37,38,39,40,41,42,43,44,45,46,47,48,49,50,51,52,53,54,55,56,57,58,59,60,61,62,63,64,65,66,67,68,69,70,71,72,73,74,75,76,77,78,79,80,81,82,83,84,85,86,87,88,89,90,91,92,93,94,95,96,97,98,99]
CFO=5532.6107015161915,STO=5
EsN0dB=40.01,GRXdB=20,N0=9.999999747378752e-05
packet_number=6,correct=True,payload=[0,1,2,3,4,5,6,7,8,9,10,11,12,13,14,15,16,17,18,19,20,21,22,23,24,25,26,27,28,29,30,31,32,33,34,35,36,37,38,39,40,41,42,43,44,45,46,47,48,49,50,51,52,53,54,55,56,57,58,59,60,61,62,63,64,65,66,67,68,69,70,71,72,73,74,75,76,77,78,79,80,81,82,83,84,85,86,87,88,89,90,91,92,93,94,95,96,97,98,99]
CFO=4515.00643028538,STO=5
EsN0dB=40.06,GRXdB=20,N0=9.999999747378752e-05
packet_number=7,correct=True,payload=[0,1,2,3,4,5,6,7,8,9,10,11,12,13,14,15,16,17,18,19,20,21,22,23,24,25,26,27,28,29,30,31,32,33,34,35,36,37,38,39,40,41,42,43,44,45,46,47,48,49,50,51,52,53,54,55,56,57,58,59,60,61,62,63,64,65,66,67,68,69,70,71,72,73,74,75,76,77,78,79,80,81,82,83,84,85,86,87,88,89,90,91,92,93,94,95,96,97,98,99]
CFO=2430.4251064984105,STO=7
EsN0dB=40.01,GRXdB=20,N0=9.999999747378752e-05
packet_number=8,correct=True,payload=[0,1,2,3,4,5,6,7,8,9,10,11,12,13,14,15,16,17,18,19,20,21,22,23,24,25,26,27,28,29,30,31,32,33,34,35,36,37,38,39,40,41,42,43,44,45,46,47,48,49,50,51,52,53,54,55,56,57,58,59,60,61,62,63,64,65,66,67,68,69,70,71,72,73,74,75,76,77,78,79,80,81,82,83,84,85,86,87,88,89,90,91,92,93,94,95,96,97,98,99]
CFO=5474.809751346266,STO=5
EsN0dB=40.02,GRXdB=20,N0=9.999999747378752e-05
packet_number=9,correct=True,payload=[0,1,2,3,4,5,6,7,8,9,10,11,12,13,14,15,16,17,18,19,20,21,22,23,24,25,26,27,28,29,30,31,32,33,34,35,36,37,38,39,40,41,42,43,44,45,46,47,48,49,50,51,52,53,54,55,56,57,58,59,60,61,62,63,64,65,66,67,68,69,70,71,72,73,74,75,76,77,78,79,80,81,82,83,84,85,86,87,88,89,90,91,92,93,94,95,96,97,98,99]
CFO=9325.686057916302,STO=5
EsN0dB=40.07,GRXdB=20,N0=9.999999747378752e-05
packet_number=10,correct=True,payload=[0,1,2,3,4,5,6,7,8,9,10,11,12,13,14,15,16,17,18,19,20,21,22,23,24,25,26,27,28,29,30,31,32,33,34,35,36,37,38,39,40,41,42,43,44,45,46,47,48,49,50,51,52,53,54,55,56,57,58,59,60,61,62,63,64,65,66,67,68,69,70,71,72,73,74,75,76,77,78,79,80,81,82,83,84,85,86,87,88,89,90,91,92,93,94,95,96,97,98,99]
CFO=2982.5100085885797,STO=6
EsN0dB=40.06,GRXdB=20,N0=9.999999747378752e-05
packet_number=11,correct=True,payload=[0,1,2,3,4,5,6,7,8,9,10,11,12,13,14,15,16,17,18,19,20,21,22,23,24,25,26,27,28,29,30,31,32,33,34,35,36,37,38,39,40,41,42,43,44,45,46,47,48,49,50,51,52,53,54,55,56,57,58,59,60,61,62,63,64,65,66,67,68,69,70,71,72,73,74,75,76,77,78,79,80,81,82,83,84,85,86,87,88,89,90,91,92,93,94,95,96,97,98,99]
CFO=9642.542328062733,STO=2
EsN0dB=40.02,GRXdB=20,N0=9.999999747378752e-05
packet_number=12,correct=True,payload=[0,1,2,3,4,5,6,7,8,9,10,11,12,13,14,15,16,17,18,19,20,21,22,23,24,25,26,27,28,29,30,31,32,33,34,35,36,37,38,39,40,41,42,43,44,45,46,47,48,49,50,51,52,53,54,55,56,57,58,59,60,61,62,63,64,65,66,67,68,69,70,71,72,73,74,75,76,77,78,79,80,81,82,83,84,85,86,87,88,89,90,91,92,93,94,95,96,97,98,99]
CFO=9969.27391338414,STO=6
EsN0dB=40.07,GRXdB=20,N0=9.999999747378752e-05
packet_number=13,correct=True,payload=[0,1,2,3,4,5,6,7,8,9,10,11,12,13,14,15,16,17,18,19,20,21,22,23,24,25,26,27,28,29,30,31,32,33,34,35,36,37,38,39,40,41,42,43,44,45,46,47,48,49,50,51,52,53,54,55,56,57,58,59,60,61,62,63,64,65,66,67,68,69,70,71,72,73,74,75,76,77,78,79,80,81,82,83,84,85,86,87,88,89,90,91,92,93,94,95,96,97,98,99]
CFO=5943.823189134194,STO=5
EsN0dB=40.01,GRXdB=20,N0=9.999999747378752e-05
packet_number=14,correct=True,payload=[0,1,2,3,4,5,6,7,8,9,10,11,12,13,14,15,16,17,18,19,20,21,22,23,24,25,26,27,28,29,30,31,32,33,34,35,36,37,38,39,40,41,42,43,44,45,46,47,48,49,50,51,52,53,54,55,56,57,58,59,60,61,62,63,64,65,66,67,68,69,70,71,72,73,74,75,76,77,78,79,80,81,82,83,84,85,86,87,88,89,90,91,92,93,94,95,96,97,98,99]
CFO=5331.992867394762,STO=5
EsN0dB=40.01,GRXdB=20,N0=9.999999747378752e-05
packet_number=15,correct=True,payload=[0,1,2,3,4,5,6,7,8,9,10,11,12,13,14,15,16,17,18,19,20,21,22,23,24,25,26,27,28,29,30,31,32,33,34,35,36,37,38,39,40,41,42,43,44,45,46,47,48,49,50,51,52,53,54,55,56,57,58,59,60,61,62,63,64,65,66,67,68,69,70,71,72,73,74,75,76,77,78,79,80,81,82,83,84,85,86,87,88,89,90,91,92,93,94,95,96,97,98,99]
CFO=6350.122209418018,STO=6
EsN0dB=40.07,GRXdB=20,N0=9.999999747378752e-05
packet_number=16,correct=True,payload=[0,1,2,3,4,5,6,7,8,9,10,11,12,13,14,15,16,17,18,19,20,21,22,23,24,25,26,27,28,29,30,31,32,33,34,35,36,37,38,39,40,41,42,43,44,45,46,47,48,49,50,51,52,53,54,55,56,57,58,59,60,61,62,63,64,65,66,67,68,69,70,71,72,73,74,75,76,77,78,79,80,81,82,83,84,85,86,87,88,89,90,91,92,93,94,95,96,97,98,99]
CFO=3716.3488532455963,STO=5
EsN0dB=40.02,GRXdB=20,N0=9.999999747378752e-05
packet_number=17,correct=True,payload=[0,1,2,3,4,5,6,7,8,9,10,11,12,13,14,15,16,17,18,19,20,21,22,23,24,25,26,27,28,29,30,31,32,33,34,35,36,37,38,39,40,41,42,43,44,45,46,47,48,49,50,51,52,53,54,55,56,57,58,59,60,61,62,63,64,65,66,67,68,69,70,71,72,73,74,75,76,77,78,79,80,81,82,83,84,85,86,87,88,89,90,91,92,93,94,95,96,97,98,99]
CFO=5816.199207217736,STO=6
EsN0dB=40.03,GRXdB=20,N0=9.999999747378752e-05
packet_number=18,correct=True,payload=[0,1,2,3,4,5,6,7,8,9,10,11,12,13,14,15,16,17,18,19,20,21,22,23,24,25,26,27,28,29,30,31,32,33,34,35,36,37,38,39,40,41,42,43,44,45,46,47,48,49,50,51,52,53,54,55,56,57,58,59,60,61,62,63,64,65,66,67,68,69,70,71,72,73,74,75,76,77,78,79,80,81,82,83,84,85,86,87,88,89,90,91,92,93,94,95,96,97,98,99]
CFO=10247.414394585216,STO=2
EsN0dB=40.01,GRXdB=20,N0=9.999999747378752e-05
packet_number=19,correct=True,payload=[0,1,2,3,4,5,6,7,8,9,10,11,12,13,14,15,16,17,18,19,20,21,22,23,24,25,26,27,28,29,30,31,32,33,34,35,36,37,38,39,40,41,42,43,44,45,46,47,48,49,50,51,52,53,54,55,56,57,58,59,60,61,62,63,64,65,66,67,68,69,70,71,72,73,74,75,76,77,78,79,80,81,82,83,84,85,86,87,88,89,90,91,92,93,94,95,96,97,98,99]
CFO=9676.378326301068,STO=1
EsN0dB=40.07,GRXdB=20,N0=9.999999747378752e-05
packet_number=20,correct=True,payload=[0,1,2,3,4,5,6,7,8,9,10,11,12,13,14,15,16,17,18,19,20,21,22,23,24,25,26,27,28,29,30,31,32,33,34,35,36,37,38,39,40,41,42,43,44,45,46,47,48,49,50,51,52,53,54,55,56,57,58,59,60,61,62,63,64,65,66,67,68,69,70,71,72,73,74,75,76,77,78,79,80,81,82,83,84,85,86,87,88,89,90,91,92,93,94,95,96,97,98,99]
CFO=4541.570174332421,STO=6
EsN0dB=40.08,GRXdB=20,N0=9.999999747378752e-05
packet_number=21,correct=True,payload=[0,1,2,3,4,5,6,7,8,9,10,11,12,13,14,15,16,17,18,19,20,21,22,23,24,25,26,27,28,29,30,31,32,33,34,35,36,37,38,39,40,41,42,43,44,45,46,47,48,49,50,51,52,53,54,55,56,57,58,59,60,61,62,63,64,65,66,67,68,69,70,71,72,73,74,75,76,77,78,79,80,81,82,83,84,85,86,87,88,89,90,91,92,93,94,95,96,97,98,99]
CFO=5641.444548434729,STO=6
EsN0dB=40.01,GRXdB=20,N0=9.999999747378752e-05
packet_number=22,correct=True,payload=[0,1,2,3,4,5,6,7,8,9,10,11,12,13,14,15,16,17,18,19,20,21,22,23,24,25,26,27,28,29,30,31,32,33,34,35,36,37,38,39,40,41,42,43,44,45,46,47,48,49,50,51,52,53,54,55,56,57,58,59,60,61,62,63,64,65,66,67,68,69,70,71,72,73,74,75,76,77,78,79,80,81,82,83,84,85,86,87,88,89,90,91,92,93,94,95,96,97,98,99]
CFO=9122.303894455787,STO=4
EsN0dB=40.03,GRXdB=20,N0=9.999999747378752e-05
packet_number=23,correct=True,payload=[0,1,2,3,4,5,6,7,8,9,10,11,12,13,14,15,16,17,18,19,20,21,22,23,24,25,26,27,28,29,30,31,32,33,34,35,36,37,38,39,40,41,42,43,44,45,46,47,48,49,50,51,52,53,54,55,56,57,58,59,60,61,62,63,64,65,66,67,68,69,70,71,72,73,74,75,76,77,78,79,80,81,82,83,84,85,86,87,88,89,90,91,92,93,94,95,96,97,98,99]
CFO=10120.641340402855,STO=7
EsN0dB=40.02,GRXdB=20,N0=9.999999747378752e-05
packet_number=24,correct=True,payload=[0,1,2,3,4,5,6,7,8,9,10,11,12,13,14,15,16,17,18,19,20,21,22,23,24,25,26,27,28,29,30,31,32,33,34,35,36,37,38,39,40,41,42,43,44,45,46,47,48,49,50,51,52,53,54,55,56,57,58,59,60,61,62,63,64,65,66,67,68,69,70,71,72,73,74,75,76,77,78,79,80,81,82,83,84,85,86,87,88,89,90,91,92,93,94,95,96,97,98,99]
CFO=2236.5319256379425,STO=5
EsN0dB=40.02,GRXdB=20,N0=9.999999747378752e-05
packet_number=25,correct=True,payload=[0,1,2,3,4,5,6,7,8,9,10,11,12,13,14,15,16,17,18,19,20,21,22,23,24,25,26,27,28,29,30,31,32,33,34,35,36,37,38,39,40,41,42,43,44,45,46,47,48,49,50,51,52,53,54,55,56,57,58,59,60,61,62,63,64,65,66,67,68,69,70,71,72,73,74,75,76,77,78,79,80,81,82,83,84,85,86,87,88,89,90,91,92,93,94,95,96,97,98,99]
CFO=4322.135643366298,STO=6
EsN0dB=40.06,GRXdB=20,N0=9.999999747378752e-05
packet_number=26,correct=True,payload=[0,1,2,3,4,5,6,7,8,9,10,11,12,13,14,15,16,17,18,19,20,21,22,23,24,25,26,27,28,29,30,31,32,33,34,35,36,37,38,39,40,41,42,43,44,45,46,47,48,49,50,51,52,53,54,55,56,57,58,59,60,61,62,63,64,65,66,67,68,69,70,71,72,73,74,75,76,77,78,79,80,81,82,83,84,85,86,87,88,89,90,91,92,93,94,95,96,97,98,99]
CFO=9046.779077708372,STO=4
EsN0dB=40.03,GRXdB=20,N0=9.999999747378752e-05
packet_number=27,correct=True,payload=[0,1,2,3,4,5,6,7,8,9,10,11,12,13,14,15,16,17,18,19,20,21,22,23,24,25,26,27,28,29,30,31,32,33,34,35,36,37,38,39,40,41,42,43,44,45,46,47,48,49,50,51,52,53,54,55,56,57,58,59,60,61,62,63,64,65,66,67,68,69,70,71,72,73,74,75,76,77,78,79,80,81,82,83,84,85,86,87,88,89,90,91,92,93,94,95,96,97,98,99]
CFO=8923.526416860721,STO=3
EsN0dB=40.05,GRXdB=20,N0=9.999999747378752e-05
packet_number=28,correct=True,payload=[0,1,2,3,4,5,6,7,8,9,10,11,12,13,14,15,16,17,18,19,20,21,22,23,24,25,26,27,28,29,30,31,32,33,34,35,36,37,38,39,40,41,42,43,44,45,46,47,48,49,50,51,52,53,54,55,56,57,58,59,60,61,62,63,64,65,66,67,68,69,70,71,72,73,74,75,76,77,78,79,80,81,82,83,84,85,86,87,88,89,90,91,92,93,94,95,96,97,98,99]
CFO=7270.870603668511,STO=5
EsN0dB=40.02,GRXdB=20,N0=9.999999747378752e-05
packet_number=29,correct=True,payload=[0,1,2,3,4,5,6,7,8,9,10,11,12,13,14,15,16,17,18,19,20,21,22,23,24,25,26,27,28,29,30,31,32,33,34,35,36,37,38,39,40,41,42,43,44,45,46,47,48,49,50,51,52,53,54,55,56,57,58,59,60,61,62,63,64,65,66,67,68,69,70,71,72,73,74,75,76,77,78,79,80,81,82,83,84,85,86,87,88,89,90,91,92,93,94,95,96,97,98,99]
CFO=5036.84616379774,STO=5
EsN0dB=40.01,GRXdB=20,N0=9.999999747378752e-05
packet_number=30,correct=True,payload=[0,1,2,3,4,5,6,7,8,9,10,11,12,13,14,15,16,17,18,19,20,21,22,23,24,25,26,27,28,29,30,31,32,33,34,35,36,37,38,39,40,41,42,43,44,45,46,47,48,49,50,51,52,53,54,55,56,57,58,59,60,61,62,63,64,65,66,67,68,69,70,71,72,73,74,75,76,77,78,79,80,81,82,83,84,85,86,87,88,89,90,91,92,93,94,95,96,97,98,99]
CFO=6286.393224230953,STO=5
EsN0dB=40.06,GRXdB=20,N0=9.999999747378752e-05
packet_number=31,correct=True,payload=[0,1,2,3,4,5,6,7,8,9,10,11,12,13,14,15,16,17,18,19,20,21,22,23,24,25,26,27,28,29,30,31,32,33,34,35,36,37,38,39,40,41,42,43,44,45,46,47,48,49,50,51,52,53,54,55,56,57,58,59,60,61,62,63,64,65,66,67,68,69,70,71,72,73,74,75,76,77,78,79,80,81,82,83,84,85,86,87,88,89,90,91,92,93,94,95,96,97,98,99]
CFO=3411.5495270996616,STO=5
EsN0dB=40.06,GRXdB=20,N0=9.999999747378752e-05
packet_number=32,correct=True,payload=[0,1,2,3,4,5,6,7,8,9,10,11,12,13,14,15,16,17,18,19,20,21,22,23,24,25,26,27,28,29,30,31,32,33,34,35,36,37,38,39,40,41,42,43,44,45,46,47,48,49,50,51,52,53,54,55,56,57,58,59,60,61,62,63,64,65,66,67,68,69,70,71,72,73,74,75,76,77,78,79,80,81,82,83,84,85,86,87,88,89,90,91,92,93,94,95,96,97,98,99]
CFO=3757.9093685483926,STO=5
EsN0dB=40.01,GRXdB=20,N0=9.999999747378752e-05
packet_number=33,correct=True,payload=[0,1,2,3,4,5,6,7,8,9,10,11,12,13,14,15,16,17,18,19,20,21,22,23,24,25,26,27,28,29,30,31,32,33,34,35,36,37,38,39,40,41,42,43,44,45,46,47,48,49,50,51,52,53,54,55,56,57,58,59,60,61,62,63,64,65,66,67,68,69,70,71,72,73,74,75,76,77,78,79,80,81,82,83,84,85,86,87,88,89,90,91,92,93,94,95,96,97,98,99]
CFO=6239.800899080235,STO=6
EsN0dB=40.02,GRXdB=20,N0=9.999999747378752e-05
packet_number=34,correct=True,payload=[0,1,2,3,4,5,6,7,8,9,10,11,12,13,14,15,16,17,18,19,20,21,22,23,24,25,26,27,28,29,30,31,32,33,34,35,36,37,38,39,40,41,42,43,44,45,46,47,48,49,50,51,52,53,54,55,56,57,58,59,60,61,62,63,64,65,66,67,68,69,70,71,72,73,74,75,76,77,78,79,80,81,82,83,84,85,86,87,88,89,90,91,92,93,94,95,96,97,98,99]
CFO=5166.966484992099,STO=6
EsN0dB=40.02,GRXdB=20,N0=9.999999747378752e-05
packet_number=35,correct=True,payload=[0,1,2,3,4,5,6,7,8,9,10,11,12,13,14,15,16,17,18,19,20,21,22,23,24,25,26,27,28,29,30,31,32,33,34,35,36,37,38,39,40,41,42,43,44,45,46,47,48,49,50,51,52,53,54,55,56,57,58,59,60,61,62,63,64,65,66,67,68,69,70,71,72,73,74,75,76,77,78,79,80,81,82,83,84,85,86,87,88,89,90,91,92,93,94,95,96,97,98,99]
CFO=3961.3396753561833,STO=5
EsN0dB=40.04,GRXdB=20,N0=9.999999747378752e-05
packet_number=36,correct=True,payload=[0,1,2,3,4,5,6,7,8,9,10,11,12,13,14,15,16,17,18,19,20,21,22,23,24,25,26,27,28,29,30,31,32,33,34,35,36,37,38,39,40,41,42,43,44,45,46,47,48,49,50,51,52,53,54,55,56,57,58,59,60,61,62,63,64,65,66,67,68,69,70,71,72,73,74,75,76,77,78,79,80,81,82,83,84,85,86,87,88,89,90,91,92,93,94,95,96,97,98,99]
CFO=5222.896247920656,STO=5
EsN0dB=40.01,GRXdB=20,N0=9.999999747378752e-05
packet_number=37,correct=True,payload=[0,1,2,3,4,5,6,7,8,9,10,11,12,13,14,15,16,17,18,19,20,21,22,23,24,25,26,27,28,29,30,31,32,33,34,35,36,37,38,39,40,41,42,43,44,45,46,47,48,49,50,51,52,53,54,55,56,57,58,59,60,61,62,63,64,65,66,67,68,69,70,71,72,73,74,75,76,77,78,79,80,81,82,83,84,85,86,87,88,89,90,91,92,93,94,95,96,97,98,99]
CFO=3428.8495899255267,STO=6
EsN0dB=40.02,GRXdB=20,N0=9.999999747378752e-05
packet_number=38,correct=True,payload=[0,1,2,3,4,5,6,7,8,9,10,11,12,13,14,15,16,17,18,19,20,21,22,23,24,25,26,27,28,29,30,31,32,33,34,35,36,37,38,39,40,41,42,43,44,45,46,47,48,49,50,51,52,53,54,55,56,57,58,59,60,61,62,63,64,65,66,67,68,69,70,71,72,73,74,75,76,77,78,79,80,81,82,83,84,85,86,87,88,89,90,91,92,93,94,95,96,97,98,99]
CFO=4185.683167628907,STO=5
EsN0dB=40.08,GRXdB=20,N0=9.999999747378752e-05
packet_number=39,correct=True,payload=[0,1,2,3,4,5,6,7,8,9,10,11,12,13,14,15,16,17,18,19,20,21,22,23,24,25,26,27,28,29,30,31,32,33,34,35,36,37,38,39,40,41,42,43,44,45,46,47,48,49,50,51,52,53,54,55,56,57,58,59,60,61,62,63,64,65,66,67,68,69,70,71,72,73,74,75,76,77,78,79,80,81,82,83,84,85,86,87,88,89,90,91,92,93,94,95,96,97,98,99]
CFO=6074.98511417698,STO=5
EsN0dB=40.04,GRXdB=20,N0=9.999999747378752e-05
packet_number=40,correct=True,payload=[0,1,2,3,4,5,6,7,8,9,10,11,12,13,14,15,16,17,18,19,20,21,22,23,24,25,26,27,28,29,30,31,32,33,34,35,36,37,38,39,40,41,42,43,44,45,46,47,48,49,50,51,52,53,54,55,56,57,58,59,60,61,62,63,64,65,66,67,68,69,70,71,72,73,74,75,76,77,78,79,80,81,82,83,84,85,86,87,88,89,90,91,92,93,94,95,96,97,98,99]
CFO=5912.825039632261,STO=5
EsN0dB=40.05,GRXdB=20,N0=9.999999747378752e-05
packet_number=41,correct=True,payload=[0,1,2,3,4,5,6,7,8,9,10,11,12,13,14,15,16,17,18,19,20,21,22,23,24,25,26,27,28,29,30,31,32,33,34,35,36,37,38,39,40,41,42,43,44,45,46,47,48,49,50,51,52,53,54,55,56,57,58,59,60,61,62,63,64,65,66,67,68,69,70,71,72,73,74,75,76,77,78,79,80,81,82,83,84,85,86,87,88,89,90,91,92,93,94,95,96,97,98,99]
CFO=9664.490002595709,STO=2
EsN0dB=40.08,GRXdB=20,N0=9.999999747378752e-05
packet_number=42,correct=True,payload=[0,1,2,3,4,5,6,7,8,9,10,11,12,13,14,15,16,17,18,19,20,21,22,23,24,25,26,27,28,29,30,31,32,33,34,35,36,37,38,39,40,41,42,43,44,45,46,47,48,49,50,51,52,53,54,55,56,57,58,59,60,61,62,63,64,65,66,67,68,69,70,71,72,73,74,75,76,77,78,79,80,81,82,83,84,85,86,87,88,89,90,91,92,93,94,95,96,97,98,99]
CFO=10961.499288661431,STO=7
EsN0dB=40.01,GRXdB=20,N0=9.999999747378752e-05
packet_number=43,correct=True,payload=[0,1,2,3,4,5,6,7,8,9,10,11,12,13,14,15,16,17,18,19,20,21,22,23,24,25,26,27,28,29,30,31,32,33,34,35,36,37,38,39,40,41,42,43,44,45,46,47,48,49,50,51,52,53,54,55,56,57,58,59,60,61,62,63,64,65,66,67,68,69,70,71,72,73,74,75,76,77,78,79,80,81,82,83,84,85,86,87,88,89,90,91,92,93,94,95,96,97,98,99]
CFO=5555.493732510504,STO=5
EsN0dB=40.07,GRXdB=20,N0=9.999999747378752e-05
packet_number=44,correct=True,payload=[0,1,2,3,4,5,6,7,8,9,10,11,12,13,14,15,16,17,18,19,20,21,22,23,24,25,26,27,28,29,30,31,32,33,34,35,36,37,38,39,40,41,42,43,44,45,46,47,48,49,50,51,52,53,54,55,56,57,58,59,60,61,62,63,64,65,66,67,68,69,70,71,72,73,74,75,76,77,78,79,80,81,82,83,84,85,86,87,88,89,90,91,92,93,94,95,96,97,98,99]
CFO=2829.166332738139,STO=6
EsN0dB=40.04,GRXdB=20,N0=9.999999747378752e-05
packet_number=45,correct=True,payload=[0,1,2,3,4,5,6,7,8,9,10,11,12,13,14,15,16,17,18,19,20,21,22,23,24,25,26,27,28,29,30,31,32,33,34,35,36,37,38,39,40,41,42,43,44,45,46,47,48,49,50,51,52,53,54,55,56,57,58,59,60,61,62,63,64,65,66,67,68,69,70,71,72,73,74,75,76,77,78,79,80,81,82,83,84,85,86,87,88,89,90,91,92,93,94,95,96,97,98,99]
CFO=8491.85751267853,STO=3
EsN0dB=40.04,GRXdB=20,N0=9.999999747378752e-05
packet_number=46,correct=True,payload=[0,1,2,3,4,5,6,7,8,9,10,11,12,13,14,15,16,17,18,19,20,21,22,23,24,25,26,27,28,29,30,31,32,33,34,35,36,37,38,39,40,41,42,43,44,45,46,47,48,49,50,51,52,53,54,55,56,57,58,59,60,61,62,63,64,65,66,67,68,69,70,71,72,73,74,75,76,77,78,79,80,81,82,83,84,85,86,87,88,89,90,91,92,93,94,95,96,97,98,99]
CFO=5762.179525663321,STO=5
EsN0dB=40.05,GRXdB=20,N0=9.999999747378752e-05
packet_number=47,correct=True,payload=[0,1,2,3,4,5,6,7,8,9,10,11,12,13,14,15,16,17,18,19,20,21,22,23,24,25,26,27,28,29,30,31,32,33,34,35,36,37,38,39,40,41,42,43,44,45,46,47,48,49,50,51,52,53,54,55,56,57,58,59,60,61,62,63,64,65,66,67,68,69,70,71,72,73,74,75,76,77,78,79,80,81,82,83,84,85,86,87,88,89,90,91,92,93,94,95,96,97,98,99]
CFO=4994.184991969318,STO=6
EsN0dB=40.04,GRXdB=20,N0=9.999999747378752e-05
packet_number=48,correct=True,payload=[0,1,2,3,4,5,6,7,8,9,10,11,12,13,14,15,16,17,18,19,20,21,22,23,24,25,26,27,28,29,30,31,32,33,34,35,36,37,38,39,40,41,42,43,44,45,46,47,48,49,50,51,52,53,54,55,56,57,58,59,60,61,62,63,64,65,66,67,68,69,70,71,72,73,74,75,76,77,78,79,80,81,82,83,84,85,86,87,88,89,90,91,92,93,94,95,96,97,98,99]
CFO=4206.089780730397,STO=0
EsN0dB=40.02,GRXdB=20,N0=9.999999747378752e-05
packet_number=49,correct=True,payload=[0,1,2,3,4,5,6,7,8,9,10,11,12,13,14,15,16,17,18,19,20,21,22,23,24,25,26,27,28,29,30,31,32,33,34,35,36,37,38,39,40,41,42,43,44,45,46,47,48,49,50,51,52,53,54,55,56,57,58,59,60,61,62,63,64,65,66,67,68,69,70,71,72,73,74,75,76,77,78,79,80,81,82,83,84,85,86,87,88,89,90,91,92,93,94,95,96,97,98,99]
CFO=12074.326831933453,STO=0
EsN0dB=40.08,GRXdB=20,N0=9.999999747378752e-05
packet_number=50,correct=True,payload=[0,1,2,3,4,5,6,7,8,9,10,11,12,13,14,15,16,17,18,19,20,21,22,23,24,25,26,27,28,29,30,31,32,33,34,35,36,37,38,39,40,41,42,43,44,45,46,47,48,49,50,51,52,53,54,55,56,57,58,59,60,61,62,63,64,65,66,67,68,69,70,71,72,73,74,75,76,77,78,79,80,81,82,83,84,85,86,87,88,89,90,91,92,93,94,95,96,97,98,99]
CFO=4743.859507525734,STO=5
EsN0dB=40.03,GRXdB=20,N0=9.999999747378752e-05
packet_number=51,correct=True,payload=[0,1,2,3,4,5,6,7,8,9,10,11,12,13,14,15,16,17,18,19,20,21,22,23,24,25,26,27,28,29,30,31,32,33,34,35,36,37,38,39,40,41,42,43,44,45,46,47,48,49,50,51,52,53,54,55,56,57,58,59,60,61,62,63,64,65,66,67,68,69,70,71,72,73,74,75,76,77,78,79,80,81,82,83,84,85,86,87,88,89,90,91,92,93,94,95,96,97,98,99]
CFO=4884.860225204186,STO=6
EsN0dB=40.04,GRXdB=20,N0=9.999999747378752e-05
packet_number=52,correct=True,payload=[0,1,2,3,4,5,6,7,8,9,10,11,12,13,14,15,16,17,18,19,20,21,22,23,24,25,26,27,28,29,30,31,32,33,34,35,36,37,38,39,40,41,42,43,44,45,46,47,48,49,50,51,52,53,54,55,56,57,58,59,60,61,62,63,64,65,66,67,68,69,70,71,72,73,74,75,76,77,78,79,80,81,82,83,84,85,86,87,88,89,90,91,92,93,94,95,96,97,98,99]
CFO=7358.014805422718,STO=3
EsN0dB=40.02,GRXdB=20,N0=9.999999747378752e-05
packet_number=53,correct=True,payload=[0,1,2,3,4,5,6,7,8,9,10,11,12,13,14,15,16,17,18,19,20,21,22,23,24,25,26,27,28,29,30,31,32,33,34,35,36,37,38,39,40,41,42,43,44,45,46,47,48,49,50,51,52,53,54,55,56,57,58,59,60,61,62,63,64,65,66,67,68,69,70,71,72,73,74,75,76,77,78,79,80,81,82,83,84,85,86,87,88,89,90,91,92,93,94,95,96,97,98,99]
CFO=8199.88589840818,STO=1
EsN0dB=40.04,GRXdB=20,N0=9.999999747378752e-05
packet_number=54,correct=True,payload=[0,1,2,3,4,5,6,7,8,9,10,11,12,13,14,15,16,17,18,19,20,21,22,23,24,25,26,27,28,29,30,31,32,33,34,35,36,37,38,39,40,41,42,43,44,45,46,47,48,49,50,51,52,53,54,55,56,57,58,59,60,61,62,63,64,65,66,67,68,69,70,71,72,73,74,75,76,77,78,79,80,81,82,83,84,85,86,87,88,89,90,91,92,93,94,95,96,97,98,99]
CFO=6031.100200122263,STO=5
EsN0dB=40.02,GRXdB=20,N0=9.999999747378752e-05
packet_number=55,correct=True,payload=[0,1,2,3,4,5,6,7,8,9,10,11,12,13,14,15,16,17,18,19,20,21,22,23,24,25,26,27,28,29,30,31,32,33,34,35,36,37,38,39,40,41,42,43,44,45,46,47,48,49,50,51,52,53,54,55,56,57,58,59,60,61,62,63,64,65,66,67,68,69,70,71,72,73,74,75,76,77,78,79,80,81,82,83,84,85,86,87,88,89,90,91,92,93,94,95,96,97,98,99]
CFO=6914.621217484032,STO=5
EsN0dB=40.06,GRXdB=20,N0=9.999999747378752e-05
packet_number=56,correct=True,payload=[0,1,2,3,4,5,6,7,8,9,10,11,12,13,14,15,16,17,18,19,20,21,22,23,24,25,26,27,28,29,30,31,32,33,34,35,36,37,38,39,40,41,42,43,44,45,46,47,48,49,50,51,52,53,54,55,56,57,58,59,60,61,62,63,64,65,66,67,68,69,70,71,72,73,74,75,76,77,78,79,80,81,82,83,84,85,86,87,88,89,90,91,92,93,94,95,96,97,98,99]
CFO=5153.673229319961,STO=4
EsN0dB=40.05,GRXdB=20,N0=9.999999747378752e-05
packet_number=57,correct=True,payload=[0,1,2,3,4,5,6,7,8,9,10,11,12,13,14,15,16,17,18,19,20,21,22,23,24,25,26,27,28,29,30,31,32,33,34,35,36,37,38,39,40,41,42,43,44,45,46,47,48,49,50,51,52,53,54,55,56,57,58,59,60,61,62,63,64,65,66,67,68,69,70,71,72,73,74,75,76,77,78,79,80,81,82,83,84,85,86,87,88,89,90,91,92,93,94,95,96,97,98,99]
CFO=11000.320376356492,STO=1
EsN0dB=40.02,GRXdB=20,N0=9.999999747378752e-05
packet_number=58,correct=True,payload=[0,1,2,3,4,5,6,7,8,9,10,11,12,13,14,15,16,17,18,19,20,21,22,23,24,25,26,27,28,29,30,31,32,33,34,35,36,37,38,39,40,41,42,43,44,45,46,47,48,49,50,51,52,53,54,55,56,57,58,59,60,61,62,63,64,65,66,67,68,69,70,71,72,73,74,75,76,77,78,79,80,81,82,83,84,85,86,87,88,89,90,91,92,93,94,95,96,97,98,99]
CFO=5507.413469621845,STO=5
EsN0dB=40.03,GRXdB=20,N0=9.999999747378752e-05
packet_number=59,correct=True,payload=[0,1,2,3,4,5,6,7,8,9,10,11,12,13,14,15,16,17,18,19,20,21,22,23,24,25,26,27,28,29,30,31,32,33,34,35,36,37,38,39,40,41,42,43,44,45,46,47,48,49,50,51,52,53,54,55,56,57,58,59,60,61,62,63,64,65,66,67,68,69,70,71,72,73,74,75,76,77,78,79,80,81,82,83,84,85,86,87,88,89,90,91,92,93,94,95,96,97,98,99]
CFO=5942.911074288782,STO=5
EsN0dB=40.06,GRXdB=20,N0=9.999999747378752e-05
packet_number=60,correct=True,payload=[0,1,2,3,4,5,6,7,8,9,10,11,12,13,14,15,16,17,18,19,20,21,22,23,24,25,26,27,28,29,30,31,32,33,34,35,36,37,38,39,40,41,42,43,44,45,46,47,48,49,50,51,52,53,54,55,56,57,58,59,60,61,62,63,64,65,66,67,68,69,70,71,72,73,74,75,76,77,78,79,80,81,82,83,84,85,86,87,88,89,90,91,92,93,94,95,96,97,98,99]
CFO=2157.381891124804,STO=7
EsN0dB=40.01,GRXdB=20,N0=9.999999747378752e-05
packet_number=61,correct=True,payload=[0,1,2,3,4,5,6,7,8,9,10,11,12,13,14,15,16,17,18,19,20,21,22,23,24,25,26,27,28,29,30,31,32,33,34,35,36,37,38,39,40,41,42,43,44,45,46,47,48,49,50,51,52,53,54,55,56,57,58,59,60,61,62,63,64,65,66,67,68,69,70,71,72,73,74,75,76,77,78,79,80,81,82,83,84,85,86,87,88,89,90,91,92,93,94,95,96,97,98,99]
CFO=7107.483466666651,STO=5
EsN0dB=40.02,GRXdB=20,N0=9.999999747378752e-05
packet_number=62,correct=True,payload=[0,1,2,3,4,5,6,7,8,9,10,11,12,13,14,15,16,17,18,19,20,21,22,23,24,25,26,27,28,29,30,31,32,33,34,35,36,37,38,39,40,41,42,43,44,45,46,47,48,49,50,51,52,53,54,55,56,57,58,59,60,61,62,63,64,65,66,67,68,69,70,71,72,73,74,75,76,77,78,79,80,81,82,83,84,85,86,87,88,89,90,91,92,93,94,95,96,97,98,99]
CFO=6294.974123694474,STO=5
EsN0dB=40.02,GRXdB=20,N0=9.999999747378752e-05
packet_number=63,correct=True,payload=[0,1,2,3,4,5,6,7,8,9,10,11,12,13,14,15,16,17,18,19,20,21,22,23,24,25,26,27,28,29,30,31,32,33,34,35,36,37,38,39,40,41,42,43,44,45,46,47,48,49,50,51,52,53,54,55,56,57,58,59,60,61,62,63,64,65,66,67,68,69,70,71,72,73,74,75,76,77,78,79,80,81,82,83,84,85,86,87,88,89,90,91,92,93,94,95,96,97,98,99]
CFO=6628.492735184889,STO=0
EsN0dB=40.04,GRXdB=20,N0=9.999999747378752e-05
packet_number=64,correct=True,payload=[0,1,2,3,4,5,6,7,8,9,10,11,12,13,14,15,16,17,18,19,20,21,22,23,24,25,26,27,28,29,30,31,32,33,34,35,36,37,38,39,40,41,42,43,44,45,46,47,48,49,50,51,52,53,54,55,56,57,58,59,60,61,62,63,64,65,66,67,68,69,70,71,72,73,74,75,76,77,78,79,80,81,82,83,84,85,86,87,88,89,90,91,92,93,94,95,96,97,98,99]
CFO=5613.764258185867,STO=4
EsN0dB=40.01,GRXdB=20,N0=9.999999747378752e-05
packet_number=65,correct=True,payload=[0,1,2,3,4,5,6,7,8,9,10,11,12,13,14,15,16,17,18,19,20,21,22,23,24,25,26,27,28,29,30,31,32,33,34,35,36,37,38,39,40,41,42,43,44,45,46,47,48,49,50,51,52,53,54,55,56,57,58,59,60,61,62,63,64,65,66,67,68,69,70,71,72,73,74,75,76,77,78,79,80,81,82,83,84,85,86,87,88,89,90,91,92,93,94,95,96,97,98,99]
CFO=5360.307796054003,STO=6
EsN0dB=40.05,GRXdB=20,N0=9.999999747378752e-05
packet_number=66,correct=True,payload=[0,1,2,3,4,5,6,7,8,9,10,11,12,13,14,15,16,17,18,19,20,21,22,23,24,25,26,27,28,29,30,31,32,33,34,35,36,37,38,39,40,41,42,43,44,45,46,47,48,49,50,51,52,53,54,55,56,57,58,59,60,61,62,63,64,65,66,67,68,69,70,71,72,73,74,75,76,77,78,79,80,81,82,83,84,85,86,87,88,89,90,91,92,93,94,95,96,97,98,99]
CFO=6995.276739526727,STO=6
EsN0dB=40.06,GRXdB=20,N0=9.999999747378752e-05
packet_number=67,correct=True,payload=[0,1,2,3,4,5,6,7,8,9,10,11,12,13,14,15,16,17,18,19,20,21,22,23,24,25,26,27,28,29,30,31,32,33,34,35,36,37,38,39,40,41,42,43,44,45,46,47,48,49,50,51,52,53,54,55,56,57,58,59,60,61,62,63,64,65,66,67,68,69,70,71,72,73,74,75,76,77,78,79,80,81,82,83,84,85,86,87,88,89,90,91,92,93,94,95,96,97,98,99]
CFO=7513.617424045534,STO=4
EsN0dB=40.02,GRXdB=20,N0=9.999999747378752e-05
packet_number=68,correct=True,payload=[0,1,2,3,4,5,6,7,8,9,10,11,12,13,14,15,16,17,18,19,20,21,22,23,24,25,26,27,28,29,30,31,32,33,34,35,36,37,38,39,40,41,42,43,44,45,46,47,48,49,50,51,52,53,54,55,56,57,58,59,60,61,62,63,64,65,66,67,68,69,70,71,72,73,74,75,76,77,78,79,80,81,82,83,84,85,86,87,88,89,90,91,92,93,94,95,96,97,98,99]
CFO=4039.497672324247,STO=6
EsN0dB=40.02,GRXdB=20,N0=9.999999747378752e-05
packet_number=69,correct=True,payload=[0,1,2,3,4,5,6,7,8,9,10,11,12,13,14,15,16,17,18,19,20,21,22,23,24,25,26,27,28,29,30,31,32,33,34,35,36,37,38,39,40,41,42,43,44,45,46,47,48,49,50,51,52,53,54,55,56,57,58,59,60,61,62,63,64,65,66,67,68,69,70,71,72,73,74,75,76,77,78,79,80,81,82,83,84,85,86,87,88,89,90,91,92,93,94,95,96,97,98,99]
CFO=6832.210241960905,STO=5
EsN0dB=40.06,GRXdB=20,N0=9.999999747378752e-05
packet_number=70,correct=True,payload=[0,1,2,3,4,5,6,7,8,9,10,11,12,13,14,15,16,17,18,19,20,21,22,23,24,25,26,27,28,29,30,31,32,33,34,35,36,37,38,39,40,41,42,43,44,45,46,47,48,49,50,51,52,53,54,55,56,57,58,59,60,61,62,63,64,65,66,67,68,69,70,71,72,73,74,75,76,77,78,79,80,81,82,83,84,85,86,87,88,89,90,91,92,93,94,95,96,97,98,99]
CFO=6083.738191325829,STO=6
EsN0dB=40.02,GRXdB=20,N0=9.999999747378752e-05
packet_number=71,correct=True,payload=[0,1,2,3,4,5,6,7,8,9,10,11,12,13,14,15,16,17,18,19,20,21,22,23,24,25,26,27,28,29,30,31,32,33,34,35,36,37,38,39,40,41,42,43,44,45,46,47,48,49,50,51,52,53,54,55,56,57,58,59,60,61,62,63,64,65,66,67,68,69,70,71,72,73,74,75,76,77,78,79,80,81,82,83,84,85,86,87,88,89,90,91,92,93,94,95,96,97,98,99]
CFO=6125.184632983111,STO=5
EsN0dB=40.03,GRXdB=20,N0=9.999999747378752e-05
packet_number=72,correct=True,payload=[0,1,2,3,4,5,6,7,8,9,10,11,12,13,14,15,16,17,18,19,20,21,22,23,24,25,26,27,28,29,30,31,32,33,34,35,36,37,38,39,40,41,42,43,44,45,46,47,48,49,50,51,52,53,54,55,56,57,58,59,60,61,62,63,64,65,66,67,68,69,70,71,72,73,74,75,76,77,78,79,80,81,82,83,84,85,86,87,88,89,90,91,92,93,94,95,96,97,98,99]
CFO=3904.642939102077,STO=4
EsN0dB=40.02,GRXdB=20,N0=9.999999747378752e-05
packet_number=73,correct=True,payload=[0,1,2,3,4,5,6,7,8,9,10,11,12,13,14,15,16,17,18,19,20,21,22,23,24,25,26,27,28,29,30,31,32,33,34,35,36,37,38,39,40,41,42,43,44,45,46,47,48,49,50,51,52,53,54,55,56,57,58,59,60,61,62,63,64,65,66,67,68,69,70,71,72,73,74,75,76,77,78,79,80,81,82,83,84,85,86,87,88,89,90,91,92,93,94,95,96,97,98,99]
CFO=3528.190185375785,STO=5
EsN0dB=40.08,GRXdB=20,N0=9.999999747378752e-05
packet_number=74,correct=True,payload=[0,1,2,3,4,5,6,7,8,9,10,11,12,13,14,15,16,17,18,19,20,21,22,23,24,25,26,27,28,29,30,31,32,33,34,35,36,37,38,39,40,41,42,43,44,45,46,47,48,49,50,51,52,53,54,55,56,57,58,59,60,61,62,63,64,65,66,67,68,69,70,71,72,73,74,75,76,77,78,79,80,81,82,83,84,85,86,87,88,89,90,91,92,93,94,95,96,97,98,99]
CFO=2606.8970361071147,STO=6
EsN0dB=40.06,GRXdB=20,N0=9.999999747378752e-05
packet_number=75,correct=True,payload=[0,1,2,3,4,5,6,7,8,9,10,11,12,13,14,15,16,17,18,19,20,21,22,23,24,25,26,27,28,29,30,31,32,33,34,35,36,37,38,39,40,41,42,43,44,45,46,47,48,49,50,51,52,53,54,55,56,57,58,59,60,61,62,63,64,65,66,67,68,69,70,71,72,73,74,75,76,77,78,79,80,81,82,83,84,85,86,87,88,89,90,91,92,93,94,95,96,97,98,99]
CFO=5720.656718696567,STO=0
EsN0dB=40.02,GRXdB=20,N0=9.999999747378752e-05
packet_number=76,correct=True,payload=[0,1,2,3,4,5,6,7,8,9,10,11,12,13,14,15,16,17,18,19,20,21,22,23,24,25,26,27,28,29,30,31,32,33,34,35,36,37,38,39,40,41,42,43,44,45,46,47,48,49,50,51,52,53,54,55,56,57,58,59,60,61,62,63,64,65,66,67,68,69,70,71,72,73,74,75,76,77,78,79,80,81,82,83,84,85,86,87,88,89,90,91,92,93,94,95,96,97,98,99]
CFO=-10221.878973463216,STO=1
EsN0dB=40.07,GRXdB=20,N0=9.999999747378752e-05
packet_number=77,correct=False,payload=[255,255,255,255,255,255,255,255,255,255,255,255,255,255,255,255,255,255,255,255,255,255,255,255,255,255,255,255,255,255,255,255,255,255,255,255,255,255,255,255,255,255,255,255,255,255,255,255,255,255,255,255,255,255,255,255,255,255,255,255,255,255,255,255,255,255,255,255,255,255,255,255,255,255,255,255,255,255,255,255,255,255,255,255,255,255,255,255,255,255,255,255,255,255,255,255,255,255,255,255]
CFO=9522.195343524494,STO=4
EsN0dB=40.03,GRXdB=20,N0=9.999999747378752e-05
packet_number=78,correct=True,payload=[0,1,2,3,4,5,6,7,8,9,10,11,12,13,14,15,16,17,18,19,20,21,22,23,24,25,26,27,28,29,30,31,32,33,34,35,36,37,38,39,40,41,42,43,44,45,46,47,48,49,50,51,52,53,54,55,56,57,58,59,60,61,62,63,64,65,66,67,68,69,70,71,72,73,74,75,76,77,78,79,80,81,82,83,84,85,86,87,88,89,90,91,92,93,94,95,96,97,98,99]
CFO=5550.483029844392,STO=4
EsN0dB=40.05,GRXdB=20,N0=9.999999747378752e-05
packet_number=79,correct=True,payload=[0,1,2,3,4,5,6,7,8,9,10,11,12,13,14,15,16,17,18,19,20,21,22,23,24,25,26,27,28,29,30,31,32,33,34,35,36,37,38,39,40,41,42,43,44,45,46,47,48,49,50,51,52,53,54,55,56,57,58,59,60,61,62,63,64,65,66,67,68,69,70,71,72,73,74,75,76,77,78,79,80,81,82,83,84,85,86,87,88,89,90,91,92,93,94,95,96,97,98,99]
CFO=5314.5972293523855,STO=3
EsN0dB=40.08,GRXdB=20,N0=9.999999747378752e-05
packet_number=80,correct=True,payload=[0,1,2,3,4,5,6,7,8,9,10,11,12,13,14,15,16,17,18,19,20,21,22,23,24,25,26,27,28,29,30,31,32,33,34,35,36,37,38,39,40,41,42,43,44,45,46,47,48,49,50,51,52,53,54,55,56,57,58,59,60,61,62,63,64,65,66,67,68,69,70,71,72,73,74,75,76,77,78,79,80,81,82,83,84,85,86,87,88,89,90,91,92,93,94,95,96,97,98,99]
CFO=6297.72849234102,STO=6
EsN0dB=40.03,GRXdB=20,N0=9.999999747378752e-05
packet_number=81,correct=True,payload=[0,1,2,3,4,5,6,7,8,9,10,11,12,13,14,15,16,17,18,19,20,21,22,23,24,25,26,27,28,29,30,31,32,33,34,35,36,37,38,39,40,41,42,43,44,45,46,47,48,49,50,51,52,53,54,55,56,57,58,59,60,61,62,63,64,65,66,67,68,69,70,71,72,73,74,75,76,77,78,79,80,81,82,83,84,85,86,87,88,89,90,91,92,93,94,95,96,97,98,99]
CFO=2730.6977722037886,STO=6
EsN0dB=40.07,GRXdB=20,N0=9.999999747378752e-05
packet_number=82,correct=True,payload=[0,1,2,3,4,5,6,7,8,9,10,11,12,13,14,15,16,17,18,19,20,21,22,23,24,25,26,27,28,29,30,31,32,33,34,35,36,37,38,39,40,41,42,43,44,45,46,47,48,49,50,51,52,53,54,55,56,57,58,59,60,61,62,63,64,65,66,67,68,69,70,71,72,73,74,75,76,77,78,79,80,81,82,83,84,85,86,87,88,89,90,91,92,93,94,95,96,97,98,99]
CFO=8004.300585612711,STO=3
EsN0dB=40.07,GRXdB=20,N0=9.999999747378752e-05
packet_number=83,correct=True,payload=[0,1,2,3,4,5,6,7,8,9,10,11,12,13,14,15,16,17,18,19,20,21,22,23,24,25,26,27,28,29,30,31,32,33,34,35,36,37,38,39,40,41,42,43,44,45,46,47,48,49,50,51,52,53,54,55,56,57,58,59,60,61,62,63,64,65,66,67,68,69,70,71,72,73,74,75,76,77,78,79,80,81,82,83,84,85,86,87,88,89,90,91,92,93,94,95,96,97,98,99]
CFO=7590.605988277579,STO=1
EsN0dB=40.06,GRXdB=20,N0=9.999999747378752e-05
packet_number=84,correct=True,payload=[0,1,2,3,4,5,6,7,8,9,10,11,12,13,14,15,16,17,18,19,20,21,22,23,24,25,26,27,28,29,30,31,32,33,34,35,36,37,38,39,40,41,42,43,44,45,46,47,48,49,50,51,52,53,54,55,56,57,58,59,60,61,62,63,64,65,66,67,68,69,70,71,72,73,74,75,76,77,78,79,80,81,82,83,84,85,86,87,88,89,90,91,92,93,94,95,96,97,98,99]
CFO=6445.101681651354,STO=5
EsN0dB=40.02,GRXdB=20,N0=9.999999747378752e-05
packet_number=85,correct=True,payload=[0,1,2,3,4,5,6,7,8,9,10,11,12,13,14,15,16,17,18,19,20,21,22,23,24,25,26,27,28,29,30,31,32,33,34,35,36,37,38,39,40,41,42,43,44,45,46,47,48,49,50,51,52,53,54,55,56,57,58,59,60,61,62,63,64,65,66,67,68,69,70,71,72,73,74,75,76,77,78,79,80,81,82,83,84,85,86,87,88,89,90,91,92,93,94,95,96,97,98,99]
CFO=2468.332419232635,STO=6
EsN0dB=40.08,GRXdB=20,N0=9.999999747378752e-05
packet_number=86,correct=True,payload=[0,1,2,3,4,5,6,7,8,9,10,11,12,13,14,15,16,17,18,19,20,21,22,23,24,25,26,27,28,29,30,31,32,33,34,35,36,37,38,39,40,41,42,43,44,45,46,47,48,49,50,51,52,53,54,55,56,57,58,59,60,61,62,63,64,65,66,67,68,69,70,71,72,73,74,75,76,77,78,79,80,81,82,83,84,85,86,87,88,89,90,91,92,93,94,95,96,97,98,99]
CFO=6973.418236907917,STO=3
EsN0dB=40.03,GRXdB=20,N0=9.999999747378752e-05
packet_number=87,correct=True,payload=[0,1,2,3,4,5,6,7,8,9,10,11,12,13,14,15,16,17,18,19,20,21,22,23,24,25,26,27,28,29,30,31,32,33,34,35,36,37,38,39,40,41,42,43,44,45,46,47,48,49,50,51,52,53,54,55,56,57,58,59,60,61,62,63,64,65,66,67,68,69,70,71,72,73,74,75,76,77,78,79,80,81,82,83,84,85,86,87,88,89,90,91,92,93,94,95,96,97,98,99]
CFO=7164.70479939451,STO=4
EsN0dB=40.04,GRXdB=20,N0=9.999999747378752e-05
packet_number=88,correct=True,payload=[0,1,2,3,4,5,6,7,8,9,10,11,12,13,14,15,16,17,18,19,20,21,22,23,24,25,26,27,28,29,30,31,32,33,34,35,36,37,38,39,40,41,42,43,44,45,46,47,48,49,50,51,52,53,54,55,56,57,58,59,60,61,62,63,64,65,66,67,68,69,70,71,72,73,74,75,76,77,78,79,80,81,82,83,84,85,86,87,88,89,90,91,92,93,94,95,96,97,98,99]
CFO=4591.513086725985,STO=5
EsN0dB=40.02,GRXdB=20,N0=9.999999747378752e-05
packet_number=89,correct=True,payload=[0,1,2,3,4,5,6,7,8,9,10,11,12,13,14,15,16,17,18,19,20,21,22,23,24,25,26,27,28,29,30,31,32,33,34,35,36,37,38,39,40,41,42,43,44,45,46,47,48,49,50,51,52,53,54,55,56,57,58,59,60,61,62,63,64,65,66,67,68,69,70,71,72,73,74,75,76,77,78,79,80,81,82,83,84,85,86,87,88,89,90,91,92,93,94,95,96,97,98,99]
CFO=2585.702342498265,STO=6
EsN0dB=40.01,GRXdB=20,N0=9.999999747378752e-05
packet_number=90,correct=True,payload=[0,1,2,3,4,5,6,7,8,9,10,11,12,13,14,15,16,17,18,19,20,21,22,23,24,25,26,27,28,29,30,31,32,33,34,35,36,37,38,39,40,41,42,43,44,45,46,47,48,49,50,51,52,53,54,55,56,57,58,59,60,61,62,63,64,65,66,67,68,69,70,71,72,73,74,75,76,77,78,79,80,81,82,83,84,85,86,87,88,89,90,91,92,93,94,95,96,97,98,99]
CFO=7152.420893899719,STO=4
EsN0dB=40.02,GRXdB=20,N0=9.999999747378752e-05
packet_number=91,correct=True,payload=[0,1,2,3,4,5,6,7,8,9,10,11,12,13,14,15,16,17,18,19,20,21,22,23,24,25,26,27,28,29,30,31,32,33,34,35,36,37,38,39,40,41,42,43,44,45,46,47,48,49,50,51,52,53,54,55,56,57,58,59,60,61,62,63,64,65,66,67,68,69,70,71,72,73,74,75,76,77,78,79,80,81,82,83,84,85,86,87,88,89,90,91,92,93,94,95,96,97,98,99]
CFO=5606.343542243864,STO=5
EsN0dB=40.02,GRXdB=20,N0=9.999999747378752e-05
packet_number=92,correct=True,payload=[0,1,2,3,4,5,6,7,8,9,10,11,12,13,14,15,16,17,18,19,20,21,22,23,24,25,26,27,28,29,30,31,32,33,34,35,36,37,38,39,40,41,42,43,44,45,46,47,48,49,50,51,52,53,54,55,56,57,58,59,60,61,62,63,64,65,66,67,68,69,70,71,72,73,74,75,76,77,78,79,80,81,82,83,84,85,86,87,88,89,90,91,92,93,94,95,96,97,98,99]
CFO=6296.8775646069225,STO=5
EsN0dB=40.01,GRXdB=20,N0=9.999999747378752e-05
packet_number=93,correct=True,payload=[0,1,2,3,4,5,6,7,8,9,10,11,12,13,14,15,16,17,18,19,20,21,22,23,24,25,26,27,28,29,30,31,32,33,34,35,36,37,38,39,40,41,42,43,44,45,46,47,48,49,50,51,52,53,54,55,56,57,58,59,60,61,62,63,64,65,66,67,68,69,70,71,72,73,74,75,76,77,78,79,80,81,82,83,84,85,86,87,88,89,90,91,92,93,94,95,96,97,98,99]
CFO=5309.055764069521,STO=6
EsN0dB=40.01,GRXdB=20,N0=9.999999747378752e-05
packet_number=94,correct=True,payload=[0,1,2,3,4,5,6,7,8,9,10,11,12,13,14,15,16,17,18,19,20,21,22,23,24,25,26,27,28,29,30,31,32,33,34,35,36,37,38,39,40,41,42,43,44,45,46,47,48,49,50,51,52,53,54,55,56,57,58,59,60,61,62,63,64,65,66,67,68,69,70,71,72,73,74,75,76,77,78,79,80,81,82,83,84,85,86,87,88,89,90,91,92,93,94,95,96,97,98,99]
CFO=7357.701280767067,STO=3
EsN0dB=40.03,GRXdB=20,N0=9.999999747378752e-05
packet_number=95,correct=True,payload=[0,1,2,3,4,5,6,7,8,9,10,11,12,13,14,15,16,17,18,19,20,21,22,23,24,25,26,27,28,29,30,31,32,33,34,35,36,37,38,39,40,41,42,43,44,45,46,47,48,49,50,51,52,53,54,55,56,57,58,59,60,61,62,63,64,65,66,67,68,69,70,71,72,73,74,75,76,77,78,79,80,81,82,83,84,85,86,87,88,89,90,91,92,93,94,95,96,97,98,99]
CFO=3829.295280386258,STO=6
EsN0dB=40.02,GRXdB=20,N0=9.999999747378752e-05
packet_number=96,correct=True,payload=[0,1,2,3,4,5,6,7,8,9,10,11,12,13,14,15,16,17,18,19,20,21,22,23,24,25,26,27,28,29,30,31,32,33,34,35,36,37,38,39,40,41,42,43,44,45,46,47,48,49,50,51,52,53,54,55,56,57,58,59,60,61,62,63,64,65,66,67,68,69,70,71,72,73,74,75,76,77,78,79,80,81,82,83,84,85,86,87,88,89,90,91,92,93,94,95,96,97,98,99]
CFO=6321.948153410408,STO=5
EsN0dB=40.06,GRXdB=20,N0=9.999999747378752e-05
packet_number=97,correct=True,payload=[0,1,2,3,4,5,6,7,8,9,10,11,12,13,14,15,16,17,18,19,20,21,22,23,24,25,26,27,28,29,30,31,32,33,34,35,36,37,38,39,40,41,42,43,44,45,46,47,48,49,50,51,52,53,54,55,56,57,58,59,60,61,62,63,64,65,66,67,68,69,70,71,72,73,74,75,76,77,78,79,80,81,82,83,84,85,86,87,88,89,90,91,92,93,94,95,96,97,98,99]
CFO=11112.395242899938,STO=3
EsN0dB=40.07,GRXdB=20,N0=9.999999747378752e-05
packet_number=98,correct=True,payload=[0,1,2,3,4,5,6,7,8,9,10,11,12,13,14,15,16,17,18,19,20,21,22,23,24,25,26,27,28,29,30,31,32,33,34,35,36,37,38,39,40,41,42,43,44,45,46,47,48,49,50,51,52,53,54,55,56,57,58,59,60,61,62,63,64,65,66,67,68,69,70,71,72,73,74,75,76,77,78,79,80,81,82,83,84,85,86,87,88,89,90,91,92,93,94,95,96,97,98,99]
CFO=11455.37319207213,STO=6
EsN0dB=40.04,GRXdB=20,N0=9.999999747378752e-05
packet_number=99,correct=True,payload=[0,1,2,3,4,5,6,7,8,9,10,11,12,13,14,15,16,17,18,19,20,21,22,23,24,25,26,27,28,29,30,31,32,33,34,35,36,37,38,39,40,41,42,43,44,45,46,47,48,49,50,51,52,53,54,55,56,57,58,59,60,61,62,63,64,65,66,67,68,69,70,71,72,73,74,75,76,77,78,79,80,81,82,83,84,85,86,87,88,89,90,91,92,93,94,95,96,97,98,99]
CFO=7761.253521503424,STO=5
EsN0dB=40.08,GRXdB=20,N0=9.999999747378752e-05
packet_number=100,correct=True,payload=[0,1,2,3,4,5,6,7,8,9,10,11,12,13,14,15,16,17,18,19,20,21,22,23,24,25,26,27,28,29,30,31,32,33,34,35,36,37,38,39,40,41,42,43,44,45,46,47,48,49,50,51,52,53,54,55,56,57,58,59,60,61,62,63,64,65,66,67,68,69,70,71,72,73,74,75,76,77,78,79,80,81,82,83,84,85,86,87,88,89,90,91,92,93,94,95,96,97,98,99]
CFO=-9466.054983096528,STO=6
EsN0dB=33.05,GRXdB=20,N0=0.0005011872272007167
packet_number=101,correct=False,payload=[255,255,255,255,255,255,255,255,255,255,255,255,255,255,255,255,255,255,255,255,255,255,255,255,255,255,255,255,255,255,255,255,255,255,255,255,255,255,255,255,255,255,255,255,255,255,255,255,255,255,255,255,255,255,255,255,255,255,255,255,255,255,255,255,255,255,255,255,255,255,255,255,255,255,255,255,255,255,255,255,255,255,255,255,255,255,255,255,255,255,255,255,255,255,255,255,255,255,255,255]
CFO=-7829.760793197343,STO=1
EsN0dB=33.02,GRXdB=20,N0=0.0005011872272007167
packet_number=102,correct=False,payload=[255,255,255,255,255,255,255,255,255,255,255,255,255,255,255,255,255,255,255,255,255,255,255,255,255,255,255,255,255,255,255,255,255,255,255,255,255,255,255,255,255,255,255,255,255,255,255,255,255,255,255,255,255,255,255,255,255,255,255,255,255,255,255,255,255,255,255,255,255,255,255,255,255,255,255,255,255,255,255,255,255,255,255,255,255,255,255,255,255,255,255,255,255,255,255,255,255,255,255,255]
CFO=9376.570967232898,STO=5
EsN0dB=33.02,GRXdB=20,N0=0.0005011872272007167
packet_number=103,correct=True,payload=[0,1,2,3,4,5,6,7,8,9,10,11,12,13,14,15,16,17,18,19,20,21,22,23,24,25,26,27,28,29,30,31,32,33,34,35,36,37,38,39,40,41,42,43,44,45,46,47,48,49,50,51,52,53,54,55,56,57,58,59,60,61,62,63,64,65,66,67,68,69,70,71,72,73,74,75,76,77,78,79,80,81,82,83,84,85,86,87,88,89,90,91,92,93,94,95,96,97,98,99]
CFO=1814.3029120711406,STO=5
EsN0dB=33.05,GRXdB=20,N0=0.0005011872272007167
packet_number=104,correct=True,payload=[0,1,2,3,4,5,6,7,8,9,10,11,12,13,14,15,16,17,18,19,20,21,22,23,24,25,26,27,28,29,30,31,32,33,34,35,36,37,38,39,40,41,42,43,44,45,46,47,48,49,50,51,52,53,54,55,56,57,58,59,60,61,62,63,64,65,66,67,68,69,70,71,72,73,74,75,76,77,78,79,80,81,82,83,84,85,86,87,88,89,90,91,92,93,94,95,96,97,98,99]
CFO=8263.479702767923,STO=3
EsN0dB=33.03,GRXdB=20,N0=0.0005011872272007167
packet_number=105,correct=True,payload=[0,1,2,3,4,5,6,7,8,9,10,11,12,13,14,15,16,17,18,19,20,21,22,23,24,25,26,27,28,29,30,31,32,33,34,35,36,37,38,39,40,41,42,43,44,45,46,47,48,49,50,51,52,53,54,55,56,57,58,59,60,61,62,63,64,65,66,67,68,69,70,71,72,73,74,75,76,77,78,79,80,81,82,83,84,85,86,87,88,89,90,91,92,93,94,95,96,97,98,99]
CFO=4924.56781453527,STO=6
EsN0dB=33.06,GRXdB=20,N0=0.0005011872272007167
packet_number=106,correct=True,payload=[0,1,2,3,4,5,6,7,8,9,10,11,12,13,14,15,16,17,18,19,20,21,22,23,24,25,26,27,28,29,30,31,32,33,34,35,36,37,38,39,40,41,42,43,44,45,46,47,48,49,50,51,52,53,54,55,56,57,58,59,60,61,62,63,64,65,66,67,68,69,70,71,72,73,74,75,76,77,78,79,80,81,82,83,84,85,86,87,88,89,90,91,92,93,94,95,96,97,98,99]
CFO=3554.285776873465,STO=5
EsN0dB=33.07,GRXdB=20,N0=0.0005011872272007167
packet_number=107,correct=True,payload=[0,1,2,3,4,5,6,7,8,9,10,11,12,13,14,15,16,17,18,19,20,21,22,23,24,25,26,27,28,29,30,31,32,33,34,35,36,37,38,39,40,41,42,43,44,45,46,47,48,49,50,51,52,53,54,55,56,57,58,59,60,61,62,63,64,65,66,67,68,69,70,71,72,73,74,75,76,77,78,79,80,81,82,83,84,85,86,87,88,89,90,91,92,93,94,95,96,97,98,99]
CFO=4326.820489090757,STO=6
EsN0dB=33.05,GRXdB=20,N0=0.0005011872272007167
packet_number=108,correct=True,payload=[0,1,2,3,4,5,6,7,8,9,10,11,12,13,14,15,16,17,18,19,20,21,22,23,24,25,26,27,28,29,30,31,32,33,34,35,36,37,38,39,40,41,42,43,44,45,46,47,48,49,50,51,52,53,54,55,56,57,58,59,60,61,62,63,64,65,66,67,68,69,70,71,72,73,74,75,76,77,78,79,80,81,82,83,84,85,86,87,88,89,90,91,92,93,94,95,96,97,98,99]
CFO=3988.604699589882,STO=5
EsN0dB=33.04,GRXdB=20,N0=0.0005011872272007167
packet_number=109,correct=True,payload=[0,1,2,3,4,5,6,7,8,9,10,11,12,13,14,15,16,17,18,19,20,21,22,23,24,25,26,27,28,29,30,31,32,33,34,35,36,37,38,39,40,41,42,43,44,45,46,47,48,49,50,51,52,53,54,55,56,57,58,59,60,61,62,63,64,65,66,67,68,69,70,71,72,73,74,75,76,77,78,79,80,81,82,83,84,85,86,87,88,89,90,91,92,93,94,95,96,97,98,99]
CFO=9722.057113650299,STO=7
EsN0dB=33.03,GRXdB=20,N0=0.0005011872272007167
packet_number=110,correct=True,payload=[0,1,2,3,4,5,6,7,8,9,10,11,12,13,14,15,16,17,18,19,20,21,22,23,24,25,26,27,28,29,30,31,32,33,34,35,36,37,38,39,40,41,42,43,44,45,46,47,48,49,50,51,52,53,54,55,56,57,58,59,60,61,62,63,64,65,66,67,68,69,70,71,72,73,74,75,76,77,78,79,80,81,82,83,84,85,86,87,88,89,90,91,92,93,94,95,96,97,98,99]
CFO=4900.2034862647115,STO=5
EsN0dB=33.04,GRXdB=20,N0=0.0005011872272007167
packet_number=111,correct=True,payload=[0,1,2,3,4,5,6,7,8,9,10,11,12,13,14,15,16,17,18,19,20,21,22,23,24,25,26,27,28,29,30,31,32,33,34,35,36,37,38,39,40,41,42,43,44,45,46,47,48,49,50,51,52,53,54,55,56,57,58,59,60,61,62,63,64,65,66,67,68,69,70,71,72,73,74,75,76,77,78,79,80,81,82,83,84,85,86,87,88,89,90,91,92,93,94,95,96,97,98,99]
CFO=9390.495066765878,STO=6
EsN0dB=33.02,GRXdB=20,N0=0.0005011872272007167
packet_number=112,correct=True,payload=[0,1,2,3,4,5,6,7,8,9,10,11,12,13,14,15,16,17,18,19,20,21,22,23,24,25,26,27,28,29,30,31,32,33,34,35,36,37,38,39,40,41,42,43,44,45,46,47,48,49,50,51,52,53,54,55,56,57,58,59,60,61,62,63,64,65,66,67,68,69,70,71,72,73,74,75,76,77,78,79,80,81,82,83,84,85,86,87,88,89,90,91,92,93,94,95,96,97,98,99]
CFO=12258.965817946593,STO=2
EsN0dB=33.06,GRXdB=20,N0=0.0005011872272007167
packet_number=113,correct=True,payload=[0,1,2,3,4,5,6,7,8,9,10,11,12,13,14,15,16,17,18,19,20,21,22,23,24,25,26,27,28,29,30,31,32,33,34,35,36,37,38,39,40,41,42,43,44,45,46,47,48,49,50,51,52,53,54,55,56,57,58,59,60,61,62,63,64,65,66,67,68,69,70,71,72,73,74,75,76,77,78,79,80,81,82,83,84,85,86,87,88,89,90,91,92,93,94,95,96,97,98,99]
CFO=6027.965427884443,STO=5
EsN0dB=33.01,GRXdB=20,N0=0.0005011872272007167
packet_number=114,correct=True,payload=[0,1,2,3,4,5,6,7,8,9,10,11,12,13,14,15,16,17,18,19,20,21,22,23,24,25,26,27,28,29,30,31,32,33,34,35,36,37,38,39,40,41,42,43,44,45,46,47,48,49,50,51,52,53,54,55,56,57,58,59,60,61,62,63,64,65,66,67,68,69,70,71,72,73,74,75,76,77,78,79,80,81,82,83,84,85,86,87,88,89,90,91,92,93,94,95,96,97,98,99]
CFO=4980.4724385731315,STO=5
EsN0dB=33.07,GRXdB=20,N0=0.0005011872272007167
packet_number=115,correct=True,payload=[0,1,2,3,4,5,6,7,8,9,10,11,12,13,14,15,16,17,18,19,20,21,22,23,24,25,26,27,28,29,30,31,32,33,34,35,36,37,38,39,40,41,42,43,44,45,46,47,48,49,50,51,52,53,54,55,56,57,58,59,60,61,62,63,64,65,66,67,68,69,70,71,72,73,74,75,76,77,78,79,80,81,82,83,84,85,86,87,88,89,90,91,92,93,94,95,96,97,98,99]
CFO=6735.798801595328,STO=4
EsN0dB=33.02,GRXdB=20,N0=0.0005011872272007167
packet_number=116,correct=True,payload=[0,1,2,3,4,5,6,7,8,9,10,11,12,13,14,15,16,17,18,19,20,21,22,23,24,25,26,27,28,29,30,31,32,33,34,35,36,37,38,39,40,41,42,43,44,45,46,47,48,49,50,51,52,53,54,55,56,57,58,59,60,61,62,63,64,65,66,67,68,69,70,71,72,73,74,75,76,77,78,79,80,81,82,83,84,85,86,87,88,89,90,91,92,93,94,95,96,97,98,99]
CFO=-6023.016386648338,STO=2
EsN0dB=33.08,GRXdB=20,N0=0.0005011872272007167
packet_number=117,correct=False,payload=[255,255,255,255,255,255,255,255,255,255,255,255,255,255,255,255,255,247,255,255,255,255,255,255,127,255,255,255,255,255,255,255,255,191,255,255,255,255,255,255,255,255,255,255,255,255,255,255,255,191,255,255,255,255,255,255,255,255,255,255,255,255,239,255,255,255,255,255,255,255,255,255,255,255,255,255,255,255,255,255,255,255,255,255,255,247,255,255,255,255,127,255,255,223,255,255,255,255,191,255]
CFO=-4799.475745798641,STO=4
EsN0dB=33.06,GRXdB=20,N0=0.0005011872272007167
packet_number=118,correct=False,payload=[111,127,122,239,125,245,22,127,219,253,218,223,222,127,62,63,119,211,94,119,85,245,87,119,58,123,27,251,253,189,126,191,63,239,107,175,239,125,238,231,237,169,106,171,109,173,239,239,119,183,54,119,116,247,246,247,125,123,122,251,252,189,127,127,94,91,79,123,84,247,214,255,219,251,123,219,126,93,222,111,215,211,86,83,85,221,95,215,127,223,91,219,222,221,223,95,110,235,110,243]
CFO=5811.742034465611,STO=5
EsN0dB=33.08,GRXdB=20,N0=0.0005011872272007167
packet_number=119,correct=True,payload=[0,1,2,3,4,5,6,7,8,9,10,11,12,13,14,15,16,17,18,19,20,21,22,23,24,25,26,27,28,29,30,31,32,33,34,35,36,37,38,39,40,41,42,43,44,45,46,47,48,49,50,51,52,53,54,55,56,57,58,59,60,61,62,63,64,65,66,67,68,69,70,71,72,73,74,75,76,77,78,79,80,81,82,83,84,85,86,87,88,89,90,91,92,93,94,95,96,97,98,99]
CFO=10635.990496928935,STO=3
EsN0dB=33.06,GRXdB=20,N0=0.0005011872272007167
packet_number=120,correct=True,payload=[0,1,2,3,4,5,6,7,8,9,10,11,12,13,14,15,16,17,18,19,20,21,22,23,24,25,26,27,28,29,30,31,32,33,34,35,36,37,38,39,40,41,42,43,44,45,46,47,48,49,50,51,52,53,54,55,56,57,58,59,60,61,62,63,64,65,66,67,68,69,70,71,72,73,74,75,76,77,78,79,80,81,82,83,84,85,86,87,88,89,90,91,92,93,94,95,96,97,98,99]
CFO=2271.460279824788,STO=6
EsN0dB=33.06,GRXdB=20,N0=0.0005011872272007167
packet_number=121,correct=True,payload=[0,1,2,3,4,5,6,7,8,9,10,11,12,13,14,15,16,17,18,19,20,21,22,23,24,25,26,27,28,29,30,31,32,33,34,35,36,37,38,39,40,41,42,43,44,45,46,47,48,49,50,51,52,53,54,55,56,57,58,59,60,61,62,63,64,65,66,67,68,69,70,71,72,73,74,75,76,77,78,79,80,81,82,83,84,85,86,87,88,89,90,91,92,93,94,95,96,97,98,99]
CFO=3351.7744625321257,STO=6
EsN0dB=33.05,GRXdB=20,N0=0.0005011872272007167
packet_number=122,correct=True,payload=[0,1,2,3,4,5,6,7,8,9,10,11,12,13,14,15,16,17,18,19,20,21,22,23,24,25,26,27,28,29,30,31,32,33,34,35,36,37,38,39,40,41,42,43,44,45,46,47,48,49,50,51,52,53,54,55,56,57,58,59,60,61,62,63,64,65,66,67,68,69,70,71,72,73,74,75,76,77,78,79,80,81,82,83,84,85,86,87,88,89,90,91,92,93,94,95,96,97,98,99]
CFO=8024.538815578413,STO=6
EsN0dB=33.01,GRXdB=20,N0=0.0005011872272007167
packet_number=123,correct=True,payload=[0,1,2,3,4,5,6,7,8,9,10,11,12,13,14,15,16,17,18,19,20,21,22,23,24,25,26,27,28,29,30,31,32,33,34,35,36,37,38,39,40,41,42,43,44,45,46,47,48,49,50,51,52,53,54,55,56,57,58,59,60,61,62,63,64,65,66,67,68,69,70,71,72,73,74,75,76,77,78,79,80,81,82,83,84,85,86,87,88,89,90,91,92,93,94,95,96,97,98,99]
CFO=-6274.9128146010235,STO=2
EsN0dB=33.05,GRXdB=20,N0=0.0005011872272007167
packet_number=124,correct=False,payload=[255,255,255,255,255,255,255,255,255,255,255,255,255,255,255,255,255,255,255,255,255,255,255,255,255,255,255,255,255,255,255,255,255,255,255,255,255,255,255,255,255,255,255,255,255,255,255,255,255,255,255,255,255,255,255,255,255,255,255,255,255,255,255,255,255,255,255,255,255,255,255,255,255,255,255,255,255,255,255,255,255,255,255,255,255,255,255,255,255,255,255,255,255,255,255,255,255,255,255,255]
CFO=2008.3144354453527,STO=5
EsN0dB=33.02,GRXdB=20,N0=0.0005011872272007167
packet_number=125,correct=True,payload=[0,1,2,3,4,5,6,7,8,9,10,11,12,13,14,15,16,17,18,19,20,21,22,23,24,25,26,27,28,29,30,31,32,33,34,35,36,37,38,39,40,41,42,43,44,45,46,47,48,49,50,51,52,53,54,55,56,57,58,59,60,61,62,63,64,65,66,67,68,69,70,71,72,73,74,75,76,77,78,79,80,81,82,83,84,85,86,87,88,89,90,91,92,93,94,95,96,97,98,99]
CFO=5031.55276719098,STO=4
EsN0dB=33.03,GRXdB=20,N0=0.0005011872272007167
packet_number=126,correct=True,payload=[0,1,2,3,4,5,6,7,8,9,10,11,12,13,14,15,16,17,18,19,20,21,22,23,24,25,26,27,28,29,30,31,32,33,34,35,36,37,38,39,40,41,42,43,44,45,46,47,48,49,50,51,52,53,54,55,56,57,58,59,60,61,62,63,64,65,66,67,68,69,70,71,72,73,74,75,76,77,78,79,80,81,82,83,84,85,86,87,88,89,90,91,92,93,94,95,96,97,98,99]
CFO=10007.335142534037,STO=5
EsN0dB=33.07,GRXdB=20,N0=0.0005011872272007167
packet_number=127,correct=True,payload=[0,1,2,3,4,5,6,7,8,9,10,11,12,13,14,15,16,17,18,19,20,21,22,23,24,25,26,27,28,29,30,31,32,33,34,35,36,37,38,39,40,41,42,43,44,45,46,47,48,49,50,51,52,53,54,55,56,57,58,59,60,61,62,63,64,65,66,67,68,69,70,71,72,73,74,75,76,77,78,79,80,81,82,83,84,85,86,87,88,89,90,91,92,93,94,95,96,97,98,99]
CFO=5246.40016208327,STO=4
EsN0dB=33.05,GRXdB=20,N0=0.0005011872272007167
packet_number=128,correct=True,payload=[0,1,2,3,4,5,6,7,8,9,10,11,12,13,14,15,16,17,18,19,20,21,22,23,24,25,26,27,28,29,30,31,32,33,34,35,36,37,38,39,40,41,42,43,44,45,46,47,48,49,50,51,52,53,54,55,56,57,58,59,60,61,62,63,64,65,66,67,68,69,70,71,72,73,74,75,76,77,78,79,80,81,82,83,84,85,86,87,88,89,90,91,92,93,94,95,96,97,98,99]
CFO=4237.627230585546,STO=7
EsN0dB=33.04,GRXdB=20,N0=0.0005011872272007167
packet_number=129,correct=True,payload=[0,1,2,3,4,5,6,7,8,9,10,11,12,13,14,15,16,17,18,19,20,21,22,23,24,25,26,27,28,29,30,31,32,33,34,35,36,37,38,39,40,41,42,43,44,45,46,47,48,49,50,51,52,53,54,55,56,57,58,59,60,61,62,63,64,65,66,67,68,69,70,71,72,73,74,75,76,77,78,79,80,81,82,83,84,85,86,87,88,89,90,91,92,93,94,95,96,97,98,99]
CFO=7422.918678010765,STO=5
EsN0dB=33.06,GRXdB=20,N0=0.0005011872272007167
packet_number=130,correct=True,payload=[0,1,2,3,4,5,6,7,8,9,10,11,12,13,14,15,16,17,18,19,20,21,22,23,24,25,26,27,28,29,30,31,32,33,34,35,36,37,38,39,40,41,42,43,44,45,46,47,48,49,50,51,52,53,54,55,56,57,58,59,60,61,62,63,64,65,66,67,68,69,70,71,72,73,74,75,76,77,78,79,80,81,82,83,84,85,86,87,88,89,90,91,92,93,94,95,96,97,98,99]
CFO=5593.168866244818,STO=2
EsN0dB=33.01,GRXdB=20,N0=0.0005011872272007167
packet_number=131,correct=True,payload=[0,1,2,3,4,5,6,7,8,9,10,11,12,13,14,15,16,17,18,19,20,21,22,23,24,25,26,27,28,29,30,31,32,33,34,35,36,37,38,39,40,41,42,43,44,45,46,47,48,49,50,51,52,53,54,55,56,57,58,59,60,61,62,63,64,65,66,67,68,69,70,71,72,73,74,75,76,77,78,79,80,81,82,83,84,85,86,87,88,89,90,91,92,93,94,95,96,97,98,99]
CFO=3524.18503833748,STO=6
EsN0dB=33.07,GRXdB=20,N0=0.0005011872272007167
packet_number=132,correct=True,payload=[0,1,2,3,4,5,6,7,8,9,10,11,12,13,14,15,16,17,18,19,20,21,22,23,24,25,26,27,28,29,30,31,32,33,34,35,36,37,38,39,40,41,42,43,44,45,46,47,48,49,50,51,52,53,54,55,56,57,58,59,60,61,62,63,64,65,66,67,68,69,70,71,72,73,74,75,76,77,78,79,80,81,82,83,84,85,86,87,88,89,90,91,92,93,94,95,96,97,98,99]
CFO=2442.8513076009103,STO=6
EsN0dB=33.06,GRXdB=20,N0=0.0005011872272007167
packet_number=133,correct=True,payload=[0,1,2,3,4,5,6,7,8,9,10,11,12,13,14,15,16,17,18,19,20,21,22,23,24,25,26,27,28,29,30,31,32,33,34,35,36,37,38,39,40,41,42,43,44,45,46,47,48,49,50,51,52,53,54,55,56,57,58,59,60,61,62,63,64,65,66,67,68,69,70,71,72,73,74,75,76,77,78,79,80,81,82,83,84,85,86,87,88,89,90,91,92,93,94,95,96,97,98,99]
CFO=3015.977698362296,STO=6
EsN0dB=33.09,GRXdB=20,N0=0.0005011872272007167
packet_number=134,correct=True,payload=[0,1,2,3,4,5,6,7,8,9,10,11,12,13,14,15,16,17,18,19,20,21,22,23,24,25,26,27,28,29,30,31,32,33,34,35,36,37,38,39,40,41,42,43,44,45,46,47,48,49,50,51,52,53,54,55,56,57,58,59,60,61,62,63,64,65,66,67,68,69,70,71,72,73,74,75,76,77,78,79,80,81,82,83,84,85,86,87,88,89,90,91,92,93,94,95,96,97,98,99]
CFO=-128.73768220612365,STO=5
EsN0dB=33.02,GRXdB=20,N0=0.0005011872272007167
packet_number=135,correct=True,payload=[0,1,2,3,4,5,6,7,8,9,10,11,12,13,14,15,16,17,18,19,20,21,22,23,24,25,26,27,28,29,30,31,32,33,34,35,36,37,38,39,40,41,42,43,44,45,46,47,48,49,50,51,52,53,54,55,56,57,58,59,60,61,62,63,64,65,66,67,68,69,70,71,72,73,74,75,76,77,78,79,80,81,82,83,84,85,86,87,88,89,90,91,92,93,94,95,96,97,98,99]
CFO=-9846.948071261366,STO=7
EsN0dB=33.02,GRXdB=20,N0=0.0005011872272007167
packet_number=136,correct=False,payload=[255,255,255,255,255,255,255,255,255,255,255,255,255,255,255,255,255,255,255,255,255,255,255,255,255,255,255,255,255,255,255,255,255,255,255,255,255,255,255,255,255,255,255,255,255,255,255,255,255,255,255,255,255,255,255,255,255,255,255,255,255,255,255,255,255,255,255,255,255,255,255,255,255,255,255,255,255,255,255,255,255,255,255,255,255,255,255,255,255,255,255,255,255,255,255,255,255,255,255,255]
CFO=7521.709300937229,STO=6
EsN0dB=33.06,GRXdB=20,N0=0.0005011872272007167
packet_number=137,correct=True,payload=[0,1,2,3,4,5,6,7,8,9,10,11,12,13,14,15,16,17,18,19,20,21,22,23,24,25,26,27,28,29,30,31,32,33,34,35,36,37,38,39,40,41,42,43,44,45,46,47,48,49,50,51,52,53,54,55,56,57,58,59,60,61,62,63,64,65,66,67,68,69,70,71,72,73,74,75,76,77,78,79,80,81,82,83,84,85,86,87,88,89,90,91,92,93,94,95,96,97,98,99]
CFO=4693.38630683411,STO=6
EsN0dB=33.02,GRXdB=20,N0=0.0005011872272007167
packet_number=138,correct=True,payload=[0,1,2,3,4,5,6,7,8,9,10,11,12,13,14,15,16,17,18,19,20,21,22,23,24,25,26,27,28,29,30,31,32,33,34,35,36,37,38,39,40,41,42,43,44,45,46,47,48,49,50,51,52,53,54,55,56,57,58,59,60,61,62,63,64,65,66,67,68,69,70,71,72,73,74,75,76,77,78,79,80,81,82,83,84,85,86,87,88,89,90,91,92,93,94,95,96,97,98,99]
CFO=10910.861973702249,STO=2
EsN0dB=33.07,GRXdB=20,N0=0.0005011872272007167
packet_number=139,correct=True,payload=[0,1,2,3,4,5,6,7,8,9,10,11,12,13,14,15,16,17,18,19,20,21,22,23,24,25,26,27,28,29,30,31,32,33,34,35,36,37,38,39,40,41,42,43,44,45,46,47,48,49,50,51,52,53,54,55,56,57,58,59,60,61,62,63,64,65,66,67,68,69,70,71,72,73,74,75,76,77,78,79,80,81,82,83,84,85,86,87,88,89,90,91,92,93,94,95,96,97,98,99]
CFO=-6952.2991971305,STO=6
EsN0dB=33.07,GRXdB=20,N0=0.0005011872272007167
packet_number=140,correct=False,payload=[255,255,255,255,255,255,255,255,255,255,255,255,255,255,255,255,255,255,255,255,255,255,255,255,255,255,255,255,255,255,255,255,255,255,255,255,255,255,255,255,255,255,255,255,255,255,255,255,255,255,255,255,255,255,255,255,255,255,255,255,255,255,255,255,255,255,255,255,255,255,255,255,255,255,255,255,255,255,255,255,255,255,255,255,255,255,255,255,255,255,255,255,255,255,255,255,255,255,255,255]
CFO=1518.084485388727,STO=5
EsN0dB=33.07,GRXdB=20,N0=0.0005011872272007167
packet_number=141,correct=True,payload=[0,1,2,3,4,5,6,7,8,9,10,11,12,13,14,15,16,17,18,19,20,21,22,23,24,25,26,27,28,29,30,31,32,33,34,35,36,37,38,39,40,41,42,43,44,45,46,47,48,49,50,51,52,53,54,55,56,57,58,59,60,61,62,63,64,65,66,67,68,69,70,71,72,73,74,75,76,77,78,79,80,81,82,83,84,85,86,87,88,89,90,91,92,93,94,95,96,97,98,99]
CFO=7100.696914816335,STO=5
EsN0dB=33.02,GRXdB=20,N0=0.0005011872272007167
packet_number=142,correct=True,payload=[0,1,2,3,4,5,6,7,8,9,10,11,12,13,14,15,16,17,18,19,20,21,22,23,24,25,26,27,28,29,30,31,32,33,34,35,36,37,38,39,40,41,42,43,44,45,46,47,48,49,50,51,52,53,54,55,56,57,58,59,60,61,62,63,64,65,66,67,68,69,70,71,72,73,74,75,76,77,78,79,80,81,82,83,84,85,86,87,88,89,90,91,92,93,94,95,96,97,98,99]
CFO=5772.996363442637,STO=2
EsN0dB=33.02,GRXdB=20,N0=0.0005011872272007167
packet_number=143,correct=True,payload=[0,1,2,3,4,5,6,7,8,9,10,11,12,13,14,15,16,17,18,19,20,21,22,23,24,25,26,27,28,29,30,31,32,33,34,35,36,37,38,39,40,41,42,43,44,45,46,47,48,49,50,51,52,53,54,55,56,57,58,59,60,61,62,63,64,65,66,67,68,69,70,71,72,73,74,75,76,77,78,79,80,81,82,83,84,85,86,87,88,89,90,91,92,93,94,95,96,97,98,99]
CFO=7493.220771636583,STO=6
EsN0dB=33.07,GRXdB=20,N0=0.0005011872272007167
packet_number=144,correct=True,payload=[0,1,2,3,4,5,6,7,8,9,10,11,12,13,14,15,16,17,18,19,20,21,22,23,24,25,26,27,28,29,30,31,32,33,34,35,36,37,38,39,40,41,42,43,44,45,46,47,48,49,50,51,52,53,54,55,56,57,58,59,60,61,62,63,64,65,66,67,68,69,70,71,72,73,74,75,76,77,78,79,80,81,82,83,84,85,86,87,88,89,90,91,92,93,94,95,96,97,98,99]
CFO=6928.874019870817,STO=6
EsN0dB=33.05,GRXdB=20,N0=0.0005011872272007167
packet_number=145,correct=True,payload=[0,1,2,3,4,5,6,7,8,9,10,11,12,13,14,15,16,17,18,19,20,21,22,23,24,25,26,27,28,29,30,31,32,33,34,35,36,37,38,39,40,41,42,43,44,45,46,47,48,49,50,51,52,53,54,55,56,57,58,59,60,61,62,63,64,65,66,67,68,69,70,71,72,73,74,75,76,77,78,79,80,81,82,83,84,85,86,87,88,89,90,91,92,93,94,95,96,97,98,99]
CFO=6916.702053587424,STO=3
EsN0dB=33.06,GRXdB=20,N0=0.0005011872272007167
packet_number=146,correct=True,payload=[0,1,2,3,4,5,6,7,8,9,10,11,12,13,14,15,16,17,18,19,20,21,22,23,24,25,26,27,28,29,30,31,32,33,34,35,36,37,38,39,40,41,42,43,44,45,46,47,48,49,50,51,52,53,54,55,56,57,58,59,60,61,62,63,64,65,66,67,68,69,70,71,72,73,74,75,76,77,78,79,80,81,82,83,84,85,86,87,88,89,90,91,92,93,94,95,96,97,98,99]
CFO=6970.2459934934,STO=7
EsN0dB=33.04,GRXdB=20,N0=0.0005011872272007167
packet_number=147,correct=True,payload=[0,1,2,3,4,5,6,7,8,9,10,11,12,13,14,15,16,17,18,19,20,21,22,23,24,25,26,27,28,29,30,31,32,33,34,35,36,37,38,39,40,41,42,43,44,45,46,47,48,49,50,51,52,53,54,55,56,57,58,59,60,61,62,63,64,65,66,67,68,69,70,71,72,73,74,75,76,77,78,79,80,81,82,83,84,85,86,87,88,89,90,91,92,93,94,95,96,97,98,99]
CFO=381.2244590612902,STO=5
EsN0dB=33.06,GRXdB=20,N0=0.0005011872272007167
packet_number=148,correct=True,payload=[0,1,2,3,4,5,6,7,8,9,10,11,12,13,14,15,16,17,18,19,20,21,22,23,24,25,26,27,28,29,30,31,32,33,34,35,36,37,38,39,40,41,42,43,44,45,46,47,48,49,50,51,52,53,54,55,56,57,58,59,60,61,62,63,64,65,66,67,68,69,70,71,72,73,74,75,76,77,78,79,80,81,82,83,84,85,86,87,88,89,90,91,92,93,94,95,96,97,98,99]
CFO=-427.8521209545901,STO=6
EsN0dB=33.04,GRXdB=20,N0=0.0005011872272007167
packet_number=149,correct=True,payload=[0,1,2,3,4,5,6,7,8,9,10,11,12,13,14,15,16,17,18,19,20,21,22,23,24,25,26,27,28,29,30,31,32,33,34,35,36,37,38,39,40,41,42,43,44,45,46,47,48,49,50,51,52,53,54,55,56,57,58,59,60,61,62,63,64,65,66,67,68,69,70,71,72,73,74,75,76,77,78,79,80,81,82,83,84,85,86,87,88,89,90,91,92,93,94,95,96,97,98,99]
CFO=-451.0015708294183,STO=0
EsN0dB=33.01,GRXdB=20,N0=0.0005011872272007167
packet_number=150,correct=True,payload=[0,1,2,3,4,5,6,7,8,9,10,11,12,13,14,15,16,17,18,19,20,21,22,23,24,25,26,27,28,29,30,31,32,33,34,35,36,37,38,39,40,41,42,43,44,45,46,47,48,49,50,51,52,53,54,55,56,57,58,59,60,61,62,63,64,65,66,67,68,69,70,71,72,73,74,75,76,77,78,79,80,81,82,83,84,85,86,87,88,89,90,91,92,93,94,95,96,97,98,99]
CFO=6802.128001853922,STO=3
EsN0dB=33.09,GRXdB=20,N0=0.0005011872272007167
packet_number=151,correct=True,payload=[0,1,2,3,4,5,6,7,8,9,10,11,12,13,14,15,16,17,18,19,20,21,22,23,24,25,26,27,28,29,30,31,32,33,34,35,36,37,38,39,40,41,42,43,44,45,46,47,48,49,50,51,52,53,54,55,56,57,58,59,60,61,62,63,64,65,66,67,68,69,70,71,72,73,74,75,76,77,78,79,80,81,82,83,84,85,86,87,88,89,90,91,92,93,94,95,96,97,98,99]
CFO=4307.5565097191675,STO=6
EsN0dB=33.05,GRXdB=20,N0=0.0005011872272007167
packet_number=152,correct=True,payload=[0,1,2,3,4,5,6,7,8,9,10,11,12,13,14,15,16,17,18,19,20,21,22,23,24,25,26,27,28,29,30,31,32,33,34,35,36,37,38,39,40,41,42,43,44,45,46,47,48,49,50,51,52,53,54,55,56,57,58,59,60,61,62,63,64,65,66,67,68,69,70,71,72,73,74,75,76,77,78,79,80,81,82,83,84,85,86,87,88,89,90,91,92,93,94,95,96,97,98,99]
CFO=521.3304338164365,STO=5
EsN0dB=33.02,GRXdB=20,N0=0.0005011872272007167
packet_number=153,correct=True,payload=[0,1,2,3,4,5,6,7,8,9,10,11,12,13,14,15,16,17,18,19,20,21,22,23,24,25,26,27,28,29,30,31,32,33,34,35,36,37,38,39,40,41,42,43,44,45,46,47,48,49,50,51,52,53,54,55,56,57,58,59,60,61,62,63,64,65,66,67,68,69,70,71,72,73,74,75,76,77,78,79,80,81,82,83,84,85,86,87,88,89,90,91,92,93,94,95,96,97,98,99]
CFO=763.5488038803313,STO=4
EsN0dB=33.01,GRXdB=20,N0=0.0005011872272007167
packet_number=154,correct=True,payload=[0,1,2,3,4,5,6,7,8,9,10,11,12,13,14,15,16,17,18,19,20,21,22,23,24,25,26,27,28,29,30,31,32,33,34,35,36,37,38,39,40,41,42,43,44,45,46,47,48,49,50,51,52,53,54,55,56,57,58,59,60,61,62,63,64,65,66,67,68,69,70,71,72,73,74,75,76,77,78,79,80,81,82,83,84,85,86,87,88,89,90,91,92,93,94,95,96,97,98,99]
CFO=11140.307949308057,STO=3
EsN0dB=33.09,GRXdB=20,N0=0.0005011872272007167
packet_number=155,correct=True,payload=[0,1,2,3,4,5,6,7,8,9,10,11,12,13,14,15,16,17,18,19,20,21,22,23,24,25,26,27,28,29,30,31,32,33,34,35,36,37,38,39,40,41,42,43,44,45,46,47,48,49,50,51,52,53,54,55,56,57,58,59,60,61,62,63,64,65,66,67,68,69,70,71,72,73,74,75,76,77,78,79,80,81,82,83,84,85,86,87,88,89,90,91,92,93,94,95,96,97,98,99]
CFO=8926.268927539959,STO=5
EsN0dB=33.01,GRXdB=20,N0=0.0005011872272007167
packet_number=156,correct=True,payload=[0,1,2,3,4,5,6,7,8,9,10,11,12,13,14,15,16,17,18,19,20,21,22,23,24,25,26,27,28,29,30,31,32,33,34,35,36,37,38,39,40,41,42,43,44,45,46,47,48,49,50,51,52,53,54,55,56,57,58,59,60,61,62,63,64,65,66,67,68,69,70,71,72,73,74,75,76,77,78,79,80,81,82,83,84,85,86,87,88,89,90,91,92,93,94,95,96,97,98,99]
CFO=4780.947909037596,STO=5
EsN0dB=33.02,GRXdB=20,N0=0.0005011872272007167
packet_number=157,correct=True,payload=[0,1,2,3,4,5,6,7,8,9,10,11,12,13,14,15,16,17,18,19,20,21,22,23,24,25,26,27,28,29,30,31,32,33,34,35,36,37,38,39,40,41,42,43,44,45,46,47,48,49,50,51,52,53,54,55,56,57,58,59,60,61,62,63,64,65,66,67,68,69,70,71,72,73,74,75,76,77,78,79,80,81,82,83,84,85,86,87,88,89,90,91,92,93,94,95,96,97,98,99]
CFO=7285.477722118491,STO=4
EsN0dB=33.02,GRXdB=20,N0=0.0005011872272007167
packet_number=158,correct=True,payload=[0,1,2,3,4,5,6,7,8,9,10,11,12,13,14,15,16,17,18,19,20,21,22,23,24,25,26,27,28,29,30,31,32,33,34,35,36,37,38,39,40,41,42,43,44,45,46,47,48,49,50,51,52,53,54,55,56,57,58,59,60,61,62,63,64,65,66,67,68,69,70,71,72,73,74,75,76,77,78,79,80,81,82,83,84,85,86,87,88,89,90,91,92,93,94,95,96,97,98,99]
CFO=7313.933049110672,STO=5
EsN0dB=33.02,GRXdB=20,N0=0.0005011872272007167
packet_number=159,correct=True,payload=[0,1,2,3,4,5,6,7,8,9,10,11,12,13,14,15,16,17,18,19,20,21,22,23,24,25,26,27,28,29,30,31,32,33,34,35,36,37,38,39,40,41,42,43,44,45,46,47,48,49,50,51,52,53,54,55,56,57,58,59,60,61,62,63,64,65,66,67,68,69,70,71,72,73,74,75,76,77,78,79,80,81,82,83,84,85,86,87,88,89,90,91,92,93,94,95,96,97,98,99]
CFO=1473.1553587327753,STO=5
EsN0dB=33.02,GRXdB=20,N0=0.0005011872272007167
packet_number=160,correct=True,payload=[0,1,2,3,4,5,6,7,8,9,10,11,12,13,14,15,16,17,18,19,20,21,22,23,24,25,26,27,28,29,30,31,32,33,34,35,36,37,38,39,40,41,42,43,44,45,46,47,48,49,50,51,52,53,54,55,56,57,58,59,60,61,62,63,64,65,66,67,68,69,70,71,72,73,74,75,76,77,78,79,80,81,82,83,84,85,86,87,88,89,90,91,92,93,94,95,96,97,98,99]
CFO=545.2200283657775,STO=6
EsN0dB=33.05,GRXdB=20,N0=0.0005011872272007167
packet_number=161,correct=True,payload=[0,1,2,3,4,5,6,7,8,9,10,11,12,13,14,15,16,17,18,19,20,21,22,23,24,25,26,27,28,29,30,31,32,33,34,35,36,37,38,39,40,41,42,43,44,45,46,47,48,49,50,51,52,53,54,55,56,57,58,59,60,61,62,63,64,65,66,67,68,69,70,71,72,73,74,75,76,77,78,79,80,81,82,83,84,85,86,87,88,89,90,91,92,93,94,95,96,97,98,99]
CFO=7840.262683364931,STO=3
EsN0dB=33.02,GRXdB=20,N0=0.0005011872272007167
packet_number=162,correct=True,payload=[0,1,2,3,4,5,6,7,8,9,10,11,12,13,14,15,16,17,18,19,20,21,22,23,24,25,26,27,28,29,30,31,32,33,34,35,36,37,38,39,40,41,42,43,44,45,46,47,48,49,50,51,52,53,54,55,56,57,58,59,60,61,62,63,64,65,66,67,68,69,70,71,72,73,74,75,76,77,78,79,80,81,82,83,84,85,86,87,88,89,90,91,92,93,94,95,96,97,98,99]
CFO=6191.333592138608,STO=6
EsN0dB=33.06,GRXdB=20,N0=0.0005011872272007167
packet_number=163,correct=True,payload=[0,1,2,3,4,5,6,7,8,9,10,11,12,13,14,15,16,17,18,19,20,21,22,23,24,25,26,27,28,29,30,31,32,33,34,35,36,37,38,39,40,41,42,43,44,45,46,47,48,49,50,51,52,53,54,55,56,57,58,59,60,61,62,63,64,65,66,67,68,69,70,71,72,73,74,75,76,77,78,79,80,81,82,83,84,85,86,87,88,89,90,91,92,93,94,95,96,97,98,99]
CFO=3423.4430683106384,STO=5
EsN0dB=33.02,GRXdB=20,N0=0.0005011872272007167
packet_number=164,correct=True,payload=[0,1,2,3,4,5,6,7,8,9,10,11,12,13,14,15,16,17,18,19,20,21,22,23,24,25,26,27,28,29,30,31,32,33,34,35,36,37,38,39,40,41,42,43,44,45,46,47,48,49,50,51,52,53,54,55,56,57,58,59,60,61,62,63,64,65,66,67,68,69,70,71,72,73,74,75,76,77,78,79,80,81,82,83,84,85,86,87,88,89,90,91,92,93,94,95,96,97,98,99]
CFO=7271.273774557018,STO=6
EsN0dB=33.01,GRXdB=20,N0=0.0005011872272007167
packet_number=165,correct=True,payload=[0,1,2,3,4,5,6,7,8,9,10,11,12,13,14,15,16,17,18,19,20,21,22,23,24,25,26,27,28,29,30,31,32,33,34,35,36,37,38,39,40,41,42,43,44,45,46,47,48,49,50,51,52,53,54,55,56,57,58,59,60,61,62,63,64,65,66,67,68,69,70,71,72,73,74,75,76,77,78,79,80,81,82,83,84,85,86,87,88,89,90,91,92,93,94,95,96,97,98,99]
CFO=11473.762527775003,STO=3
EsN0dB=33.02,GRXdB=20,N0=0.0005011872272007167
packet_number=166,correct=True,payload=[0,1,2,3,4,5,6,7,8,9,10,11,12,13,14,15,16,17,18,19,20,21,22,23,24,25,26,27,28,29,30,31,32,33,34,35,36,37,38,39,40,41,42,43,44,45,46,47,48,49,50,51,52,53,54,55,56,57,58,59,60,61,62,63,64,65,66,67,68,69,70,71,72,73,74,75,76,77,78,79,80,81,82,83,84,85,86,87,88,89,90,91,92,93,94,95,96,97,98,99]
CFO=-852.3100766364743,STO=5
EsN0dB=33.09,GRXdB=20,N0=0.0005011872272007167
packet_number=167,correct=True,payload=[0,1,2,3,4,5,6,7,8,9,10,11,12,13,14,15,16,17,18,19,20,21,22,23,24,25,26,27,28,29,30,31,32,33,34,35,36,37,38,39,40,41,42,43,44,45,46,47,48,49,50,51,52,53,54,55,56,57,58,59,60,61,62,63,64,65,66,67,68,69,70,71,72,73,74,75,76,77,78,79,80,81,82,83,84,85,86,87,88,89,90,91,92,93,94,95,96,97,98,99]
CFO=10547.198986356152,STO=5
EsN0dB=33.02,GRXdB=20,N0=0.0005011872272007167
packet_number=168,correct=True,payload=[0,1,2,3,4,5,6,7,8,9,10,11,12,13,14,15,16,17,18,19,20,21,22,23,24,25,26,27,28,29,30,31,32,33,34,35,36,37,38,39,40,41,42,43,44,45,46,47,48,49,50,51,52,53,54,55,56,57,58,59,60,61,62,63,64,65,66,67,68,69,70,71,72,73,74,75,76,77,78,79,80,81,82,83,84,85,86,87,88,89,90,91,92,93,94,95,96,97,98,99]
CFO=8730.89041769436,STO=6
EsN0dB=33.08,GRXdB=20,N0=0.0005011872272007167
packet_number=169,correct=True,payload=[0,1,2,3,4,5,6,7,8,9,10,11,12,13,14,15,16,17,18,19,20,21,22,23,24,25,26,27,28,29,30,31,32,33,34,35,36,37,38,39,40,41,42,43,44,45,46,47,48,49,50,51,52,53,54,55,56,57,58,59,60,61,62,63,64,65,66,67,68,69,70,71,72,73,74,75,76,77,78,79,80,81,82,83,84,85,86,87,88,89,90,91,92,93,94,95,96,97,98,99]
CFO=6515.158552513221,STO=4
EsN0dB=33.07,GRXdB=20,N0=0.0005011872272007167
packet_number=170,correct=True,payload=[0,1,2,3,4,5,6,7,8,9,10,11,12,13,14,15,16,17,18,19,20,21,22,23,24,25,26,27,28,29,30,31,32,33,34,35,36,37,38,39,40,41,42,43,44,45,46,47,48,49,50,51,52,53,54,55,56,57,58,59,60,61,62,63,64,65,66,67,68,69,70,71,72,73,74,75,76,77,78,79,80,81,82,83,84,85,86,87,88,89,90,91,92,93,94,95,96,97,98,99]
CFO=2117.27682272952,STO=5
EsN0dB=33.02,GRXdB=20,N0=0.0005011872272007167
packet_number=171,correct=True,payload=[0,1,2,3,4,5,6,7,8,9,10,11,12,13,14,15,16,17,18,19,20,21,22,23,24,25,26,27,28,29,30,31,32,33,34,35,36,37,38,39,40,41,42,43,44,45,46,47,48,49,50,51,52,53,54,55,56,57,58,59,60,61,62,63,64,65,66,67,68,69,70,71,72,73,74,75,76,77,78,79,80,81,82,83,84,85,86,87,88,89,90,91,92,93,94,95,96,97,98,99]
CFO=8073.365181770157,STO=5
EsN0dB=33.04,GRXdB=20,N0=0.0005011872272007167
packet_number=172,correct=True,payload=[0,1,2,3,4,5,6,7,8,9,10,11,12,13,14,15,16,17,18,19,20,21,22,23,24,25,26,27,28,29,30,31,32,33,34,35,36,37,38,39,40,41,42,43,44,45,46,47,48,49,50,51,52,53,54,55,56,57,58,59,60,61,62,63,64,65,66,67,68,69,70,71,72,73,74,75,76,77,78,79,80,81,82,83,84,85,86,87,88,89,90,91,92,93,94,95,96,97,98,99]
CFO=-8935.280034057452,STO=3
EsN0dB=33.08,GRXdB=20,N0=0.0005011872272007167
packet_number=173,correct=False,payload=[255,255,255,255,255,255,255,255,255,255,255,255,255,255,255,255,255,255,255,255,255,255,255,255,255,255,255,255,255,255,255,255,255,255,255,255,255,255,255,255,255,255,255,255,255,255,255,255,255,255,255,255,255,255,255,255,255,255,255,255,255,255,255,255,255,255,255,255,255,255,255,255,255,255,255,255,255,255,255,255,255,255,255,255,255,255,255,255,255,255,255,255,255,255,255,255,255,255,255,255]
CFO=-9304.35120313386,STO=4
EsN0dB=33.06,GRXdB=20,N0=0.0005011872272007167
packet_number=174,correct=False,payload=[255,255,255,255,255,255,255,255,255,255,255,255,255,255,255,255,255,255,255,255,255,255,255,255,255,255,255,255,255,255,255,255,255,255,255,255,255,255,255,255,255,255,255,255,255,255,255,255,255,255,255,255,255,255,255,255,255,255,255,255,255,255,255,255,255,255,255,255,255,255,255,255,255,255,255,255,255,255,255,255,255,255,255,255,255,255,255,255,255,255,255,255,255,255,255,255,255,255,255,255]
CFO=178.4990639426453,STO=5
EsN0dB=33.05,GRXdB=20,N0=0.0005011872272007167
packet_number=175,correct=True,payload=[0,1,2,3,4,5,6,7,8,9,10,11,12,13,14,15,16,17,18,19,20,21,22,23,24,25,26,27,28,29,30,31,32,33,34,35,36,37,38,39,40,41,42,43,44,45,46,47,48,49,50,51,52,53,54,55,56,57,58,59,60,61,62,63,64,65,66,67,68,69,70,71,72,73,74,75,76,77,78,79,80,81,82,83,84,85,86,87,88,89,90,91,92,93,94,95,96,97,98,99]
CFO=3590.0128837382476,STO=6
EsN0dB=33.07,GRXdB=20,N0=0.0005011872272007167
packet_number=176,correct=True,payload=[0,1,2,3,4,5,6,7,8,9,10,11,12,13,14,15,16,17,18,19,20,21,22,23,24,25,26,27,28,29,30,31,32,33,34,35,36,37,38,39,40,41,42,43,44,45,46,47,48,49,50,51,52,53,54,55,56,57,58,59,60,61,62,63,64,65,66,67,68,69,70,71,72,73,74,75,76,77,78,79,80,81,82,83,84,85,86,87,88,89,90,91,92,93,94,95,96,97,98,99]
CFO=2053.5438058335694,STO=4
EsN0dB=33.04,GRXdB=20,N0=0.0005011872272007167
packet_number=177,correct=True,payload=[0,1,2,3,4,5,6,7,8,9,10,11,12,13,14,15,16,17,18,19,20,21,22,23,24,25,26,27,28,29,30,31,32,33,34,35,36,37,38,39,40,41,42,43,44,45,46,47,48,49,50,51,52,53,54,55,56,57,58,59,60,61,62,63,64,65,66,67,68,69,70,71,72,73,74,75,76,77,78,79,80,81,82,83,84,85,86,87,88,89,90,91,92,93,94,95,96,97,98,99]
CFO=7717.946801934696,STO=6
EsN0dB=33.07,GRXdB=20,N0=0.0005011872272007167
packet_number=178,correct=True,payload=[0,1,2,3,4,5,6,7,8,9,10,11,12,13,14,15,16,17,18,19,20,21,22,23,24,25,26,27,28,29,30,31,32,33,34,35,36,37,38,39,40,41,42,43,44,45,46,47,48,49,50,51,52,53,54,55,56,57,58,59,60,61,62,63,64,65,66,67,68,69,70,71,72,73,74,75,76,77,78,79,80,81,82,83,84,85,86,87,88,89,90,91,92,93,94,95,96,97,98,99]
CFO=660.2811461064987,STO=6
EsN0dB=33.05,GRXdB=20,N0=0.0005011872272007167
packet_number=179,correct=True,payload=[0,1,2,3,4,5,6,7,8,9,10,11,12,13,14,15,16,17,18,19,20,21,22,23,24,25,26,27,28,29,30,31,32,33,34,35,36,37,38,39,40,41,42,43,44,45,46,47,48,49,50,51,52,53,54,55,56,57,58,59,60,61,62,63,64,65,66,67,68,69,70,71,72,73,74,75,76,77,78,79,80,81,82,83,84,85,86,87,88,89,90,91,92,93,94,95,96,97,98,99]
CFO=4672.712177990127,STO=6
EsN0dB=33.02,GRXdB=20,N0=0.0005011872272007167
packet_number=180,correct=True,payload=[0,1,2,3,4,5,6,7,8,9,10,11,12,13,14,15,16,17,18,19,20,21,22,23,24,25,26,27,28,29,30,31,32,33,34,35,36,37,38,39,40,41,42,43,44,45,46,47,48,49,50,51,52,53,54,55,56,57,58,59,60,61,62,63,64,65,66,67,68,69,70,71,72,73,74,75,76,77,78,79,80,81,82,83,84,85,86,87,88,89,90,91,92,93,94,95,96,97,98,99]
CFO=-9485.453668976748,STO=1
EsN0dB=33.07,GRXdB=20,N0=0.0005011872272007167
packet_number=181,correct=False,payload=[255,255,255,255,255,255,255,255,255,255,255,255,255,255,255,255,255,255,255,255,255,255,255,255,255,255,255,255,255,255,255,255,255,255,255,255,255,255,255,255,255,255,255,255,255,255,255,255,255,255,255,255,255,255,255,255,255,255,255,255,255,255,255,255,255,255,255,255,255,255,255,255,255,255,255,255,255,255,255,255,255,255,255,255,255,255,255,255,255,255,255,255,255,255,255,255,255,255,255,255]
CFO=-5470.661360062869,STO=5
EsN0dB=33.08,GRXdB=20,N0=0.0005011872272007167
packet_number=182,correct=False,payload=[255,255,255,255,255,255,255,255,255,255,255,255,255,255,255,255,255,223,255,255,255,255,255,255,255,255,191,253,255,255,255,255,255,255,255,255,255,255,255,255,255,254,255,255,127,255,255,255,190,255,255,255,246,255,255,255,255,255,255,255,255,255,255,255,255,255,255,255,255,255,255,255,255,255,255,127,127,247,253,255,255,255,255,255,255,223,247,255,253,255,255,255,255,255,255,255,191,253,255,247]
CFO=5593.4781220322375,STO=4
EsN0dB=33.05,GRXdB=20,N0=0.0005011872272007167
packet_number=183,correct=True,payload=[0,1,2,3,4,5,6,7,8,9,10,11,12,13,14,15,16,17,18,19,20,21,22,23,24,25,26,27,28,29,30,31,32,33,34,35,36,37,38,39,40,41,42,43,44,45,46,47,48,49,50,51,52,53,54,55,56,57,58,59,60,61,62,63,64,65,66,67,68,69,70,71,72,73,74,75,76,77,78,79,80,81,82,83,84,85,86,87,88,89,90,91,92,93,94,95,96,97,98,99]
CFO=10634.92517714589,STO=3
EsN0dB=33.02,GRXdB=20,N0=0.0005011872272007167
packet_number=184,correct=True,payload=[0,1,2,3,4,5,6,7,8,9,10,11,12,13,14,15,16,17,18,19,20,21,22,23,24,25,26,27,28,29,30,31,32,33,34,35,36,37,38,39,40,41,42,43,44,45,46,47,48,49,50,51,52,53,54,55,56,57,58,59,60,61,62,63,64,65,66,67,68,69,70,71,72,73,74,75,76,77,78,79,80,81,82,83,84,85,86,87,88,89,90,91,92,93,94,95,96,97,98,99]
CFO=7310.280795179485,STO=5
EsN0dB=33.05,GRXdB=20,N0=0.0005011872272007167
packet_number=185,correct=True,payload=[0,1,2,3,4,5,6,7,8,9,10,11,12,13,14,15,16,17,18,19,20,21,22,23,24,25,26,27,28,29,30,31,32,33,34,35,36,37,38,39,40,41,42,43,44,45,46,47,48,49,50,51,52,53,54,55,56,57,58,59,60,61,62,63,64,65,66,67,68,69,70,71,72,73,74,75,76,77,78,79,80,81,82,83,84,85,86,87,88,89,90,91,92,93,94,95,96,97,98,99]
CFO=2308.3606139751278,STO=5
EsN0dB=33.08,GRXdB=20,N0=0.0005011872272007167
packet_number=186,correct=True,payload=[0,1,2,3,4,5,6,7,8,9,10,11,12,13,14,15,16,17,18,19,20,21,22,23,24,25,26,27,28,29,30,31,32,33,34,35,36,37,38,39,40,41,42,43,44,45,46,47,48,49,50,51,52,53,54,55,56,57,58,59,60,61,62,63,64,65,66,67,68,69,70,71,72,73,74,75,76,77,78,79,80,81,82,83,84,85,86,87,88,89,90,91,92,93,94,95,96,97,98,99]
CFO=6151.786796844234,STO=6
EsN0dB=33.05,GRXdB=20,N0=0.0005011872272007167
packet_number=187,correct=True,payload=[0,1,2,3,4,5,6,7,8,9,10,11,12,13,14,15,16,17,18,19,20,21,22,23,24,25,26,27,28,29,30,31,32,33,34,35,36,37,38,39,40,41,42,43,44,45,46,47,48,49,50,51,52,53,54,55,56,57,58,59,60,61,62,63,64,65,66,67,68,69,70,71,72,73,74,75,76,77,78,79,80,81,82,83,84,85,86,87,88,89,90,91,92,93,94,95,96,97,98,99]
CFO=-4423.1275793440145,STO=3
EsN0dB=33.04,GRXdB=20,N0=0.0005011872272007167
packet_number=188,correct=False,payload=[57,145,214,203,69,21,6,143,89,235,123,15,76,93,14,159,87,117,146,51,52,189,86,151,91,121,58,155,28,157,62,95,174,161,34,171,108,37,38,167,41,187,42,43,108,109,110,47,241,55,54,247,52,245,118,183,121,251,62,59,124,253,62,255,66,199,115,199,69,213,94,87,91,91,74,75,92,77,94,79,87,215,90,83,92,245,86,87,90,89,90,91,92,93,94,223,96,101,107,235]
CFO=9527.731591301743,STO=0
EsN0dB=33.02,GRXdB=20,N0=0.0005011872272007167
packet_number=189,correct=True,payload=[0,1,2,3,4,5,6,7,8,9,10,11,12,13,14,15,16,17,18,19,20,21,22,23,24,25,26,27,28,29,30,31,32,33,34,35,36,37,38,39,40,41,42,43,44,45,46,47,48,49,50,51,52,53,54,55,56,57,58,59,60,61,62,63,64,65,66,67,68,69,70,71,72,73,74,75,76,77,78,79,80,81,82,83,84,85,86,87,88,89,90,91,92,93,94,95,96,97,98,99]
CFO=4822.128732227157,STO=5
EsN0dB=33.04,GRXdB=20,N0=0.0005011872272007167
packet_number=190,correct=True,payload=[0,1,2,3,4,5,6,7,8,9,10,11,12,13,14,15,16,17,18,19,20,21,22,23,24,25,26,27,28,29,30,31,32,33,34,35,36,37,38,39,40,41,42,43,44,45,46,47,48,49,50,51,52,53,54,55,56,57,58,59,60,61,62,63,64,65,66,67,68,69,70,71,72,73,74,75,76,77,78,79,80,81,82,83,84,85,86,87,88,89,90,91,92,93,94,95,96,97,98,99]
CFO=4359.492983576729,STO=5
EsN0dB=33.07,GRXdB=20,N0=0.0005011872272007167
packet_number=191,correct=True,payload=[0,1,2,3,4,5,6,7,8,9,10,11,12,13,14,15,16,17,18,19,20,21,22,23,24,25,26,27,28,29,30,31,32,33,34,35,36,37,38,39,40,41,42,43,44,45,46,47,48,49,50,51,52,53,54,55,56,57,58,59,60,61,62,63,64,65,66,67,68,69,70,71,72,73,74,75,76,77,78,79,80,81,82,83,84,85,86,87,88,89,90,91,92,93,94,95,96,97,98,99]
CFO=6331.319267815405,STO=2
EsN0dB=33.06,GRXdB=20,N0=0.0005011872272007167
packet_number=192,correct=True,payload=[0,1,2,3,4,5,6,7,8,9,10,11,12,13,14,15,16,17,18,19,20,21,22,23,24,25,26,27,28,29,30,31,32,33,34,35,36,37,38,39,40,41,42,43,44,45,46,47,48,49,50,51,52,53,54,55,56,57,58,59,60,61,62,63,64,65,66,67,68,69,70,71,72,73,74,75,76,77,78,79,80,81,82,83,84,85,86,87,88,89,90,91,92,93,94,95,96,97,98,99]
CFO=4518.18531416159,STO=5
EsN0dB=33.01,GRXdB=20,N0=0.0005011872272007167
packet_number=193,correct=True,payload=[0,1,2,3,4,5,6,7,8,9,10,11,12,13,14,15,16,17,18,19,20,21,22,23,24,25,26,27,28,29,30,31,32,33,34,35,36,37,38,39,40,41,42,43,44,45,46,47,48,49,50,51,52,53,54,55,56,57,58,59,60,61,62,63,64,65,66,67,68,69,70,71,72,73,74,75,76,77,78,79,80,81,82,83,84,85,86,87,88,89,90,91,92,93,94,95,96,97,98,99]
CFO=9371.776553890502,STO=4
EsN0dB=33.02,GRXdB=20,N0=0.0005011872272007167
packet_number=194,correct=True,payload=[0,1,2,3,4,5,6,7,8,9,10,11,12,13,14,15,16,17,18,19,20,21,22,23,24,25,26,27,28,29,30,31,32,33,34,35,36,37,38,39,40,41,42,43,44,45,46,47,48,49,50,51,52,53,54,55,56,57,58,59,60,61,62,63,64,65,66,67,68,69,70,71,72,73,74,75,76,77,78,79,80,81,82,83,84,85,86,87,88,89,90,91,92,93,94,95,96,97,98,99]
CFO=4893.294560191766,STO=7
EsN0dB=33.02,GRXdB=20,N0=0.0005011872272007167
packet_number=195,correct=True,payload=[0,1,2,3,4,5,6,7,8,9,10,11,12,13,14,15,16,17,18,19,20,21,22,23,24,25,26,27,28,29,30,31,32,33,34,35,36,37,38,39,40,41,42,43,44,45,46,47,48,49,50,51,52,53,54,55,56,57,58,59,60,61,62,63,64,65,66,67,68,69,70,71,72,73,74,75,76,77,78,79,80,81,82,83,84,85,86,87,88,89,90,91,92,93,94,95,96,97,98,99]
CFO=5989.427982767415,STO=4
EsN0dB=33.07,GRXdB=20,N0=0.0005011872272007167
packet_number=196,correct=True,payload=[0,1,2,3,4,5,6,7,8,9,10,11,12,13,14,15,16,17,18,19,20,21,22,23,24,25,26,27,28,29,30,31,32,33,34,35,36,37,38,39,40,41,42,43,44,45,46,47,48,49,50,51,52,53,54,55,56,57,58,59,60,61,62,63,64,65,66,67,68,69,70,71,72,73,74,75,76,77,78,79,80,81,82,83,84,85,86,87,88,89,90,91,92,93,94,95,96,97,98,99]
CFO=5355.941692490811,STO=5
EsN0dB=33.08,GRXdB=20,N0=0.0005011872272007167
packet_number=197,correct=True,payload=[0,1,2,3,4,5,6,7,8,9,10,11,12,13,14,15,16,17,18,19,20,21,22,23,24,25,26,27,28,29,30,31,32,33,34,35,36,37,38,39,40,41,42,43,44,45,46,47,48,49,50,51,52,53,54,55,56,57,58,59,60,61,62,63,64,65,66,67,68,69,70,71,72,73,74,75,76,77,78,79,80,81,82,83,84,85,86,87,88,89,90,91,92,93,94,95,96,97,98,99]
CFO=8332.735923677083,STO=5
EsN0dB=33.02,GRXdB=20,N0=0.0005011872272007167
packet_number=198,correct=True,payload=[0,1,2,3,4,5,6,7,8,9,10,11,12,13,14,15,16,17,18,19,20,21,22,23,24,25,26,27,28,29,30,31,32,33,34,35,36,37,38,39,40,41,42,43,44,45,46,47,48,49,50,51,52,53,54,55,56,57,58,59,60,61,62,63,64,65,66,67,68,69,70,71,72,73,74,75,76,77,78,79,80,81,82,83,84,85,86,87,88,89,90,91,92,93,94,95,96,97,98,99]
CFO=6026.9826395538685,STO=6
EsN0dB=33.04,GRXdB=20,N0=0.0005011872272007167
packet_number=199,correct=True,payload=[0,1,2,3,4,5,6,7,8,9,10,11,12,13,14,15,16,17,18,19,20,21,22,23,24,25,26,27,28,29,30,31,32,33,34,35,36,37,38,39,40,41,42,43,44,45,46,47,48,49,50,51,52,53,54,55,56,57,58,59,60,61,62,63,64,65,66,67,68,69,70,71,72,73,74,75,76,77,78,79,80,81,82,83,84,85,86,87,88,89,90,91,92,93,94,95,96,97,98,99]
CFO=11884.316661048008,STO=7
EsN0dB=33.02,GRXdB=20,N0=0.0005011872272007167
packet_number=200,correct=True,payload=[0,1,2,3,4,5,6,7,8,9,10,11,12,13,14,15,16,17,18,19,20,21,22,23,24,25,26,27,28,29,30,31,32,33,34,35,36,37,38,39,40,41,42,43,44,45,46,47,48,49,50,51,52,53,54,55,56,57,58,59,60,61,62,63,64,65,66,67,68,69,70,71,72,73,74,75,76,77,78,79,80,81,82,83,84,85,86,87,88,89,90,91,92,93,94,95,96,97,98,99]
CFO=-12074.560196730095,STO=6
EsN0dB=20.04,GRXdB=20,N0=0.009999999776482582
packet_number=201,correct=False,payload=[255,255,255,255,255,255,255,255,255,255,255,255,255,255,255,255,255,255,255,255,255,255,255,255,255,255,255,255,255,255,255,255,255,255,255,255,255,255,255,255,255,255,255,255,255,255,255,255,255,255,255,255,255,255,255,255,255,255,255,255,255,255,255,255,255,255,255,255,255,255,255,255,255,255,255,255,255,255,255,255,255,255,255,255,255,255,255,255,255,255,255,255,255,255,255,255,255,255,255,255]
CFO=11383.922772892101,STO=2
EsN0dB=20.01,GRXdB=20,N0=0.009999999776482582
packet_number=202,correct=False,payload=[0,1,2,3,4,5,6,7,8,9,10,11,12,13,14,15,16,17,18,19,20,21,22,23,24,25,26,27,28,29,30,31,32,33,34,35,36,37,38,39,40,41,40,43,44,45,46,47,48,49,50,51,52,53,54,55,56,57,58,59,60,61,62,63,64,65,66,67,68,69,70,71,72,73,74,75,76,77,78,79,80,81,82,83,84,85,86,87,88,89,90,91,92,93,94,95,96,97,98,99]
CFO=-10285.705193982214,STO=5
EsN0dB=20.03,GRXdB=20,N0=0.009999999776482582
packet_number=203,correct=False,payload=[255,255,255,255,255,255,255,255,255,255,255,255,255,255,255,255,255,255,255,255,255,255,255,255,255,255,255,255,255,255,255,255,255,255,255,255,255,255,255,255,255,255,255,255,255,255,255,255,255,255,255,255,255,255,255,255,255,255,254,255,255,255,255,255,255,255,255,255,255,255,255,255,255,255,255,255,255,255,255,255,255,255,255,255,127,255,255,255,255,255,255,255,255,255,255,255,255,255,255,255]
CFO=1815.1307167689854,STO=5
EsN0dB=20.05,GRXdB=20,N0=0.009999999776482582
packet_number=204,correct=True,payload=[0,1,2,3,4,5,6,7,8,9,10,11,12,13,14,15,16,17,18,19,20,21,22,23,24,25,26,27,28,29,30,31,32,33,34,35,36,37,38,39,40,41,42,43,44,45,46,47,48,49,50,51,52,53,54,55,56,57,58,59,60,61,62,63,64,65,66,67,68,69,70,71,72,73,74,75,76,77,78,79,80,81,82,83,84,85,86,87,88,89,90,91,92,93,94,95,96,97,98,99]
CFO=-11145.554862682966,STO=2
EsN0dB=20.03,GRXdB=20,N0=0.009999999776482582
packet_number=205,correct=False,payload=[255,255,255,255,255,255,255,255,255,255,255,255,255,255,255,255,255,255,255,255,255,255,255,255,255,255,255,255,255,255,255,255,255,255,255,255,255,255,255,255,255,255,255,255,255,255,255,255,255,255,255,255,255,255,255,255,255,255,255,255,255,255,255,255,255,255,255,255,255,255,255,255,255,255,255,255,255,255,255,255,255,255,255,255,255,255,255,255,255,255,255,255,255,255,255,255,255,255,255,255]
CFO=5982.148613795735,STO=3
EsN0dB=19.99,GRXdB=20,N0=0.009999999776482582
packet_number=206,correct=True,payload=[0,1,2,3,4,5,6,7,8,9,10,11,12,13,14,15,16,17,18,19,20,21,22,23,24,25,26,27,28,29,30,31,32,33,34,35,36,37,38,39,40,41,42,43,44,45,46,47,48,49,50,51,52,53,54,55,56,57,58,59,60,61,62,63,64,65,66,67,68,69,70,71,72,73,74,75,76,77,78,79,80,81,82,83,84,85,86,87,88,89,90,91,92,93,94,95,96,97,98,99]
CFO=-7924.182466648462,STO=5
EsN0dB=20.09,GRXdB=20,N0=0.009999999776482582
packet_number=207,correct=False,payload=[255,247,255,255,255,255,251,255,191,255,239,255,251,255,255,247,255,111,255,255,255,255,255,223,255,255,255,255,255,255,255,255,255,239,255,255,255,255,255,251,255,255,255,255,253,255,255,255,255,255,255,255,255,255,255,255,255,247,255,255,255,247,251,255,255,255,251,247,255,255,255,255,255,239,255,255,191,255,127,223,255,239,239,247,251,255,255,191,255,239,255,255,191,255,255,222,255,255,255,254]
CFO=10083.601793716307,STO=5
EsN0dB=20.07,GRXdB=20,N0=0.009999999776482582
packet_number=208,correct=True,payload=[0,1,2,3,4,5,6,7,8,9,10,11,12,13,14,15,16,17,18,19,20,21,22,23,24,25,26,27,28,29,30,31,32,33,34,35,36,37,38,39,40,41,42,43,44,45,46,47,48,49,50,51,52,53,54,55,56,57,58,59,60,61,62,63,64,65,66,67,68,69,70,71,72,73,74,75,76,77,78,79,80,81,82,83,84,85,86,87,88,89,90,91,92,93,94,95,96,97,98,99]
CFO=-10770.07659671013,STO=6
EsN0dB=20.04,GRXdB=20,N0=0.009999999776482582
packet_number=209,correct=False,payload=[255,255,255,255,255,255,255,255,255,255,255,255,255,255,255,255,255,255,255,255,255,255,255,255,255,255,255,255,255,255,255,255,255,255,255,255,255,255,255,255,255,255,255,255,255,255,255,255,255,255,255,255,255,255,255,255,255,255,255,255,255,255,255,255,255,255,255,255,255,255,255,255,255,255,255,255,255,255,255,255,255,255,255,255,255,255,255,255,255,255,255,255,255,255,255,255,255,255,255,255]
CFO=4768.116165453127,STO=0
EsN0dB=20.10,GRXdB=20,N0=0.009999999776482582
packet_number=210,correct=False,payload=[0,1,2,3,4,5,6,7,8,9,10,11,12,13,14,15,16,25,18,19,20,21,22,23,24,25,26,27,28,29,30,31,32,33,34,35,36,53,38,39,40,41,42,43,44,45,46,47,48,49,50,51,52,53,54,55,56,57,58,59,60,61,62,63,64,65,66,67,68,69,70,71,72,73,74,75,76,77,78,79,80,81,82,83,84,85,86,87,88,89,90,91,92,93,94,95,96,97,98,99]
CFO=-10640.949973176272,STO=1
EsN0dB=20.03,GRXdB=20,N0=0.009999999776482582
packet_number=211,correct=False,payload=[255,255,255,255,255,255,255,255,255,255,255,255,255,255,255,255,255,255,255,255,255,255,255,255,255,255,255,255,255,255,255,255,255,255,255,255,255,255,255,255,255,255,255,255,255,255,255,255,255,255,255,255,255,255,255,255,255,255,255,255,255,255,255,255,255,255,255,255,255,255,255,255,255,255,255,255,255,255,255,255,255,255,255,255,255,255,255,255,255,255,255,255,255,255,255,255,255,255,255,255]
CFO=6669.567785306053,STO=5
EsN0dB=20.03,GRXdB=20,N0=0.009999999776482582
packet_number=212,correct=True,payload=[0,1,2,3,4,5,6,7,8,9,10,11,12,13,14,15,16,17,18,19,20,21,22,23,24,25,26,27,28,29,30,31,32,33,34,35,36,37,38,39,40,41,42,43,44,45,46,47,48,49,50,51,52,53,54,55,56,57,58,59,60,61,62,63,64,65,66,67,68,69,70,71,72,73,74,75,76,77,78,79,80,81,82,83,84,85,86,87,88,89,90,91,92,93,94,95,96,97,98,99]
CFO=8205.76365564393,STO=5
EsN0dB=20.05,GRXdB=20,N0=0.009999999776482582
packet_number=213,correct=True,payload=[0,1,2,3,4,5,6,7,8,9,10,11,12,13,14,15,16,17,18,19,20,21,22,23,24,25,26,27,28,29,30,31,32,33,34,35,36,37,38,39,40,41,42,43,44,45,46,47,48,49,50,51,52,53,54,55,56,57,58,59,60,61,62,63,64,65,66,67,68,69,70,71,72,73,74,75,76,77,78,79,80,81,82,83,84,85,86,87,88,89,90,91,92,93,94,95,96,97,98,99]
CFO=-11493.098603587832,STO=4
EsN0dB=20.09,GRXdB=20,N0=0.009999999776482582
packet_number=214,correct=False,payload=[255,255,255,255,255,255,255,255,255,255,255,255,255,255,255,255,255,255,255,255,255,255,255,255,255,255,255,255,255,255,255,255,255,255,255,255,255,255,255,255,255,255,255,255,255,255,255,255,255,255,255,255,255,255,255,255,255,255,255,255,255,255,255,255,255,255,255,255,255,255,255,255,255,255,255,255,255,255,255,255,255,255,255,255,255,255,255,255,255,255,255,255,255,255,255,255,255,255,255,255]
CFO=701.5532163545028,STO=1
EsN0dB=20.07,GRXdB=20,N0=0.009999999776482582
packet_number=215,correct=False,payload=[0,1,2,3,4,5,6,7,8,9,10,11,12,13,14,15,16,17,18,19,20,21,22,23,24,153,26,27,28,29,30,31,32,33,34,35,36,37,38,39,40,41,106,43,44,45,46,47,48,49,50,51,52,53,54,55,56,57,58,59,60,61,62,63,64,65,66,67,68,69,70,71,72,73,74,75,76,77,78,79,80,81,210,83,84,85,86,87,88,89,90,91,92,93,94,95,98,97,98,99]
CFO=-1199.1514108477895,STO=2
EsN0dB=20.03,GRXdB=20,N0=0.009999999776482582
packet_number=216,correct=False,payload=[128,11,7,7,12,79,14,15,56,155,30,159,28,31,30,31,48,51,54,55,60,127,62,63,56,59,62,63,60,63,62,63,98,227,118,103,108,111,110,111,120,123,126,127,124,127,126,127,112,115,118,119,124,127,126,127,124,123,126,127,124,127,126,127,192,195,198,199,220,207,206,207,216,223,222,223,220,223,222,223,241,243,246,247,252,255,255,255,248,251,254,255,252,255,254,255,224,235,230,231]
CFO=3192.500617230429,STO=0
EsN0dB=20.08,GRXdB=20,N0=0.009999999776482582
packet_number=217,correct=False,payload=[0,1,2,3,4,5,6,7,8,9,10,27,12,13,14,15,48,17,18,19,20,21,22,23,24,25,26,59,28,31,30,31,32,33,34,39,36,37,38,39,40,41,42,43,108,45,46,47,112,49,50,51,52,53,54,55,56,57,58,59,124,61,62,63,64,65,66,67,68,69,70,79,200,73,94,75,76,77,206,79,80,81,82,83,92,85,86,215,88,89,90,123,124,93,94,95,224,225,98,99]
CFO=-2335.4475315398445,STO=3
EsN0dB=20.04,GRXdB=20,N0=0.009999999776482582
packet_number=218,correct=False,payload=[0,1,138,3,164,13,6,7,12,11,10,11,12,29,14,15,81,81,22,23,20,23,214,23,56,25,26,219,30,29,30,63,100,33,50,99,52,37,102,167,40,43,42,43,46,45,46,47,51,49,62,51,52,61,190,127,56,121,58,59,124,61,62,63,64,69,66,195,68,69,70,71,90,109,74,111,76,205,78,79,80,85,82,83,85,85,86,215,88,121,90,219,94,221,94,95,96,101,98,99]
CFO=2691.2598330493115,STO=1
EsN0dB=20.07,GRXdB=20,N0=0.009999999776482582
packet_number=219,correct=True,payload=[0,1,2,3,4,5,6,7,8,9,10,11,12,13,14,15,16,17,18,19,20,21,22,23,24,25,26,27,28,29,30,31,32,33,34,35,36,37,38,39,40,41,42,43,44,45,46,47,48,49,50,51,52,53,54,55,56,57,58,59,60,61,62,63,64,65,66,67,68,69,70,71,72,73,74,75,76,77,78,79,80,81,82,83,84,85,86,87,88,89,90,91,92,93,94,95,96,97,98,99]
CFO=10357.650801877067,STO=5
EsN0dB=20.04,GRXdB=20,N0=0.009999999776482582
packet_number=220,correct=True,payload=[0,1,2,3,4,5,6,7,8,9,10,11,12,13,14,15,16,17,18,19,20,21,22,23,24,25,26,27,28,29,30,31,32,33,34,35,36,37,38,39,40,41,42,43,44,45,46,47,48,49,50,51,52,53,54,55,56,57,58,59,60,61,62,63,64,65,66,67,68,69,70,71,72,73,74,75,76,77,78,79,80,81,82,83,84,85,86,87,88,89,90,91,92,93,94,95,96,97,98,99]
CFO=-2233.341658113116,STO=7
EsN0dB=20.03,GRXdB=20,N0=0.009999999776482582
packet_number=221,correct=False,payload=[0,65,2,19,5,133,38,39,8,9,74,75,12,13,14,15,16,17,18,19,20,29,118,23,24,25,26,91,28,61,30,31,34,33,163,43,36,37,38,39,41,45,43,43,44,173,46,47,48,49,50,51,52,53,54,55,184,57,59,59,60,61,62,63,76,73,74,67,69,69,102,79,72,75,78,107,76,77,94,79,82,81,82,83,84,87,86,87,216,95,90,91,92,93,94,95,224,97,114,99]
CFO=3510.8877509564577,STO=3
EsN0dB=20.09,GRXdB=20,N0=0.009999999776482582
packet_number=222,correct=True,payload=[0,1,2,3,4,5,6,7,8,9,10,11,12,13,14,15,16,17,18,19,20,21,22,23,24,25,26,27,28,29,30,31,32,33,34,35,36,37,38,39,40,41,42,43,44,45,46,47,48,49,50,51,52,53,54,55,56,57,58,59,60,61,62,63,64,65,66,67,68,69,70,71,72,73,74,75,76,77,78,79,80,81,82,83,84,85,86,87,88,89,90,91,92,93,94,95,96,97,98,99]
CFO=7919.271845226438,STO=6
EsN0dB=20.00,GRXdB=20,N0=0.009999999776482582
packet_number=223,correct=True,payload=[0,1,2,3,4,5,6,7,8,9,10,11,12,13,14,15,16,17,18,19,20,21,22,23,24,25,26,27,28,29,30,31,32,33,34,35,36,37,38,39,40,41,42,43,44,45,46,47,48,49,50,51,52,53,54,55,56,57,58,59,60,61,62,63,64,65,66,67,68,69,70,71,72,73,74,75,76,77,78,79,80,81,82,83,84,85,86,87,88,89,90,91,92,93,94,95,96,97,98,99]
CFO=1142.9778481113583,STO=6
EsN0dB=20.03,GRXdB=20,N0=0.009999999776482582
packet_number=224,correct=False,payload=[0,1,2,3,4,5,6,7,8,9,10,11,12,13,14,15,16,17,18,19,20,21,22,23,24,25,26,27,28,29,30,31,32,33,34,35,52,37,38,39,40,41,42,43,44,45,46,47,48,49,50,51,52,53,54,55,56,57,58,59,60,61,62,63,64,65,66,67,68,69,70,71,72,73,74,75,76,77,78,79,80,81,82,83,84,85,86,87,88,89,90,91,92,93,94,95,96,97,98,99]
CFO=-1094.606827864282,STO=1
EsN0dB=20.01,GRXdB=20,N0=0.009999999776482582
packet_number=225,correct=False,payload=[0,7,6,7,4,5,6,7,152,91,58,15,28,29,30,15,16,53,19,19,84,23,30,55,56,27,26,59,28,29,30,31,96,97,102,39,36,111,102,47,40,105,106,43,124,61,46,47,48,49,114,55,116,191,126,119,56,123,186,127,60,127,126,63,69,73,70,67,196,207,94,199,88,89,222,207,220,205,222,223,80,91,114,87,86,245,214,87,120,89,222,123,125,223,254,95,96,99,102,227]
CFO=-3239.2980852155947,STO=3
EsN0dB=20.06,GRXdB=20,N0=0.009999999776482582
packet_number=226,correct=False,payload=[246,89,56,116,116,192,240,226,249,137,187,225,241,225,241,249,247,7,243,123,127,203,243,227,247,203,183,227,243,211,247,251,246,6,191,247,255,230,246,230,247,159,183,247,247,199,255,239,247,71,55,111,119,207,247,239,247,207,191,247,247,199,247,231,252,92,62,109,253,221,252,237,253,143,189,255,253,205,253,239,255,31,127,111,127,207,255,255,255,143,191,239,255,207,255,239,255,206,62,127]
CFO=-8326.892317387183,STO=5
EsN0dB=20.04,GRXdB=20,N0=0.009999999776482582
packet_number=227,correct=False,payload=[255,255,223,255,255,255,255,255,255,255,255,255,255,255,255,255,255,255,255,255,255,255,255,247,255,255,255,255,255,255,255,255,255,255,255,255,127,255,255,255,223,255,255,255,255,223,255,247,255,254,255,255,255,253,255,255,254,255,255,255,255,255,255,255,255,255,255,255,255,255,255,255,255,255,255,239,255,255,255,255,255,255,255,255,255,255,255,255,191,255,255,255,255,255,255,255,255,255,255,255]
CFO=100.45207237105353,STO=5
EsN0dB=20.07,GRXdB=20,N0=0.009999999776482582
packet_number=228,correct=False,payload=[0,1,2,3,4,5,6,7,8,9,10,11,12,13,14,15,16,17,18,19,20,21,22,23,24,25,26,27,28,29,30,31,32,33,34,35,36,37,38,39,40,41,42,43,44,45,46,47,48,49,50,51,52,53,54,55,56,57,58,187,60,61,62,63,192,65,66,67,68,69,70,71,72,73,74,75,76,77,78,79,80,81,82,83,84,85,86,87,88,89,90,91,92,93,94,95,96,97,98,99]
CFO=6738.59443596811,STO=6
EsN0dB=20.01,GRXdB=20,N0=0.009999999776482582
packet_number=229,correct=True,payload=[0,1,2,3,4,5,6,7,8,9,10,11,12,13,14,15,16,17,18,19,20,21,22,23,24,25,26,27,28,29,30,31,32,33,34,35,36,37,38,39,40,41,42,43,44,45,46,47,48,49,50,51,52,53,54,55,56,57,58,59,60,61,62,63,64,65,66,67,68,69,70,71,72,73,74,75,76,77,78,79,80,81,82,83,84,85,86,87,88,89,90,91,92,93,94,95,96,97,98,99]
CFO=-11516.249150324637,STO=5
EsN0dB=20.10,GRXdB=20,N0=0.009999999776482582
packet_number=230,correct=False,payload=[255,255,255,255,255,255,255,255,255,255,255,255,255,255,255,255,255,255,255,255,255,255,255,255,255,255,255,255,255,255,255,255,255,255,255,255,255,255,255,255,255,255,255,255,255,255,255,255,255,255,255,255,255,255,255,255,255,255,255,255,255,255,255,255,255,255,255,255,255,255,255,255,255,255,255,255,255,255,255,255,255,255,255,255,255,255,255,255,255,255,255,255,255,255,255,255,255,255,255,255]
CFO=-1565.1185198217079,STO=5
EsN0dB=20.03,GRXdB=20,N0=0.009999999776482582
packet_number=231,correct=False,payload=[0,1,34,3,4,5,22,7,24,13,42,11,12,13,14,15,16,19,19,19,20,21,22,23,24,57,26,27,28,29,30,95,36,33,34,163,36,37,38,39,40,41,42,43,44,109,46,47,48,49,50,51,180,53,54,55,120,61,58,59,60,61,62,63,64,65,74,67,69,69,70,71,73,73,74,75,76,77,78,95,80,115,114,83,84,87,86,87,88,89,90,91,92,93,94,95,96,97,106,99]
CFO=-9388.570281512271,STO=6
EsN0dB=20.07,GRXdB=20,N0=0.009999999776482582
packet_number=232,correct=False,payload=[255,255,255,255,255,247,255,251,255,255,255,255,255,255,255,255,255,255,255,255,255,255,239,255,255,255,255,255,255,255,255,223,255,255,255,255,255,255,255,255,255,255,255,255,255,255,255,255,255,255,127,255,255,255,255,255,255,255,255,255,255,223,255,255,255,255,239,255,255,254,255,255,255,255,255,255,255,255,255,255,255,255,255,255,255,255,255,255,255,255,255,255,254,255,255,255,255,255,255,255]
CFO=-4688.543038666402,STO=6
EsN0dB=20.07,GRXdB=20,N0=0.009999999776482582
packet_number=233,correct=False,payload=[83,155,182,151,215,239,14,215,88,203,110,27,44,125,254,63,80,183,158,251,189,189,22,87,31,249,254,191,126,189,126,191,246,233,251,171,101,255,174,167,236,107,110,191,109,253,126,63,124,63,179,119,252,117,62,119,250,185,127,127,254,61,127,63,78,223,70,199,76,77,95,223,205,73,94,107,92,221,95,223,93,81,210,247,119,245,222,223,218,121,123,91,252,127,126,223,227,235,122,127]
CFO=8004.0615289917605,STO=5
EsN0dB=20.02,GRXdB=20,N0=0.009999999776482582
packet_number=234,correct=True,payload=[0,1,2,3,4,5,6,7,8,9,10,11,12,13,14,15,16,17,18,19,20,21,22,23,24,25,26,27,28,29,30,31,32,33,34,35,36,37,38,39,40,41,42,43,44,45,46,47,48,49,50,51,52,53,54,55,56,57,58,59,60,61,62,63,64,65,66,67,68,69,70,71,72,73,74,75,76,77,78,79,80,81,82,83,84,85,86,87,88,89,90,91,92,93,94,95,96,97,98,99]
CFO=10613.711747948691,STO=3
EsN0dB=19.99,GRXdB=20,N0=0.009999999776482582
packet_number=235,correct=True,payload=[0,1,2,3,4,5,6,7,8,9,10,11,12,13,14,15,16,17,18,19,20,21,22,23,24,25,26,27,28,29,30,31,32,33,34,35,36,37,38,39,40,41,42,43,44,45,46,47,48,49,50,51,52,53,54,55,56,57,58,59,60,61,62,63,64,65,66,67,68,69,70,71,72,73,74,75,76,77,78,79,80,81,82,83,84,85,86,87,88,89,90,91,92,93,94,95,96,97,98,99]
CFO=-8433.097964431343,STO=3
EsN0dB=20.09,GRXdB=20,N0=0.009999999776482582
packet_number=236,correct=False,payload=[255,255,255,255,255,255,255,255,255,255,255,255,255,255,255,255,255,255,255,254,255,255,255,255,255,251,255,255,255,255,255,255,223,255,255,255,255,255,255,255,255,255,127,255,255,255,255,255,255,255,255,255,239,255,255,255,255,255,255,255,255,255,255,255,255,255,255,255,255,255,255,255,255,255,255,255,255,255,255,255,255,255,255,255,255,255,255,255,255,255,255,255,255,255,255,255,255,255,255,255]
CFO=-8628.32943548231,STO=5
EsN0dB=20.09,GRXdB=20,N0=0.009999999776482582
packet_number=237,correct=False,payload=[251,255,255,255,255,255,255,255,255,255,254,255,255,255,255,255,255,255,255,255,255,255,255,255,251,255,255,255,255,255,255,255,255,255,255,255,255,255,247,255,255,255,255,255,255,223,255,255,255,255,255,255,255,255,255,255,255,255,255,255,127,255,247,255,255,255,255,255,255,255,255,255,255,255,255,255,255,255,255,255,255,254,255,255,255,255,255,255,255,255,255,255,255,255,255,247,255,255,255,255]
CFO=2908.9384362163105,STO=1
EsN0dB=20.02,GRXdB=20,N0=0.009999999776482582
packet_number=238,correct=False,payload=[0,3,6,7,12,15,14,15,24,27,30,31,28,31,30,31,48,51,54,55,60,55,62,63,56,59,62,63,60,63,62,63,96,99,102,103,108,111,110,111,120,123,126,127,124,127,126,127,112,115,118,119,60,127,126,127,120,123,126,127,124,127,126,127,192,195,198,195,204,207,206,207,216,219,222,223,220,223,222,223,240,243,246,247,252,255,254,255,248,251,254,255,252,255,254,255,224,227,230,231]
CFO=6556.919467463541,STO=4
EsN0dB=20.00,GRXdB=20,N0=0.009999999776482582
packet_number=239,correct=True,payload=[0,1,2,3,4,5,6,7,8,9,10,11,12,13,14,15,16,17,18,19,20,21,22,23,24,25,26,27,28,29,30,31,32,33,34,35,36,37,38,39,40,41,42,43,44,45,46,47,48,49,50,51,52,53,54,55,56,57,58,59,60,61,62,63,64,65,66,67,68,69,70,71,72,73,74,75,76,77,78,79,80,81,82,83,84,85,86,87,88,89,90,91,92,93,94,95,96,97,98,99]
CFO=729.6261831908033,STO=4
EsN0dB=20.05,GRXdB=20,N0=0.009999999776482582
packet_number=240,correct=False,payload=[0,1,2,3,4,5,6,135,8,9,10,11,12,13,14,15,16,17,18,19,20,21,22,23,24,25,26,27,28,29,30,31,32,33,34,35,36,37,38,39,40,41,42,43,44,45,46,47,48,49,50,51,52,53,54,55,56,57,58,59,60,61,62,63,64,65,67,67,68,69,70,71,72,73,74,107,76,77,78,79,80,81,82,83,84,85,86,87,88,89,90,91,92,93,94,95,96,97,98,99]
CFO=-137.36682877413324,STO=5
EsN0dB=20.04,GRXdB=20,N0=0.009999999776482582
packet_number=241,correct=False,payload=[0,3,2,3,4,5,6,7,10,9,10,11,12,13,14,15,16,17,18,19,20,21,22,23,24,27,26,27,28,29,30,31,32,33,34,35,36,37,38,39,40,41,42,43,44,45,46,47,48,49,50,51,52,53,54,55,56,57,58,59,60,61,62,63,64,65,66,67,68,69,78,71,72,73,74,75,76,109,78,79,80,81,82,83,84,85,86,87,88,93,90,91,92,93,94,95,96,97,98,99]
CFO=305.4722657907232,STO=3
EsN0dB=20.02,GRXdB=20,N0=0.009999999776482582
packet_number=242,correct=False,payload=[0,1,2,3,4,5,6,7,8,9,10,11,12,13,14,15,16,17,18,19,20,21,22,23,24,25,26,27,28,29,30,31,32,33,34,35,36,37,38,39,40,41,42,43,44,45,46,47,48,49,50,51,52,53,54,55,56,57,58,59,60,61,62,63,64,65,66,67,68,69,70,71,72,73,74,75,76,77,78,79,80,81,82,83,84,85,86,87,88,89,90,91,92,95,94,95,96,97,98,99]
CFO=-2627.7995494014694,STO=5
EsN0dB=20.07,GRXdB=20,N0=0.009999999776482582
packet_number=243,correct=False,payload=[128,147,2,51,4,213,126,7,24,13,10,11,12,109,14,15,22,17,18,83,28,23,22,87,88,25,26,27,156,157,94,159,32,33,34,51,37,37,39,39,56,41,42,43,44,189,46,47,48,49,50,115,52,53,54,55,56,121,59,251,125,61,62,127,80,65,66,83,68,69,86,79,74,75,90,203,76,77,110,79,86,209,122,83,84,85,86,87,88,91,94,91,92,223,94,127,96,101,106,231]
CFO=7987.3617164710795,STO=6
EsN0dB=20.07,GRXdB=20,N0=0.009999999776482582
packet_number=244,correct=True,payload=[0,1,2,3,4,5,6,7,8,9,10,11,12,13,14,15,16,17,18,19,20,21,22,23,24,25,26,27,28,29,30,31,32,33,34,35,36,37,38,39,40,41,42,43,44,45,46,47,48,49,50,51,52,53,54,55,56,57,58,59,60,61,62,63,64,65,66,67,68,69,70,71,72,73,74,75,76,77,78,79,80,81,82,83,84,85,86,87,88,89,90,91,92,93,94,95,96,97,98,99]
CFO=5827.552499438113,STO=5
EsN0dB=20.01,GRXdB=20,N0=0.009999999776482582
packet_number=245,correct=True,payload=[0,1,2,3,4,5,6,7,8,9,10,11,12,13,14,15,16,17,18,19,20,21,22,23,24,25,26,27,28,29,30,31,32,33,34,35,36,37,38,39,40,41,42,43,44,45,46,47,48,49,50,51,52,53,54,55,56,57,58,59,60,61,62,63,64,65,66,67,68,69,70,71,72,73,74,75,76,77,78,79,80,81,82,83,84,85,86,87,88,89,90,91,92,93,94,95,96,97,98,99]
CFO=11316.470860288688,STO=3
EsN0dB=20.03,GRXdB=20,N0=0.009999999776482582
packet_number=246,correct=True,payload=[0,1,2,3,4,5,6,7,8,9,10,11,12,13,14,15,16,17,18,19,20,21,22,23,24,25,26,27,28,29,30,31,32,33,34,35,36,37,38,39,40,41,42,43,44,45,46,47,48,49,50,51,52,53,54,55,56,57,58,59,60,61,62,63,64,65,66,67,68,69,70,71,72,73,74,75,76,77,78,79,80,81,82,83,84,85,86,87,88,89,90,91,92,93,94,95,96,97,98,99]
CFO=2301.4879732821487,STO=2
EsN0dB=20.04,GRXdB=20,N0=0.009999999776482582
packet_number=247,correct=False,payload=[0,1,2,3,4,5,14,7,8,11,26,27,28,31,14,15,16,19,22,19,28,23,22,23,24,57,26,63,60,29,30,31,32,33,102,35,100,39,38,39,56,41,42,43,44,125,46,47,48,49,118,55,52,53,54,119,56,57,122,127,60,61,62,127,64,195,66,67,68,69,70,71,200,73,74,75,220,93,94,79,80,241,82,83,84,85,118,87,88,91,90,95,92,93,94,223,96,227,102,227]
CFO=2426.196081037311,STO=1
EsN0dB=20.03,GRXdB=20,N0=0.009999999776482582
packet_number=248,correct=False,payload=[0,1,2,7,12,15,6,15,24,9,26,11,12,31,14,15,16,19,22,55,20,23,54,55,56,59,62,31,28,31,62,63,96,99,34,35,44,109,38,103,40,59,46,43,124,45,126,63,48,49,114,119,124,63,54,55,56,121,62,123,60,61,62,63,64,65,66,67,68,71,78,79,216,75,202,95,92,79,222,79,240,113,214,119,84,221,118,223,88,91,94,91,220,95,94,255,224,97,230,231]
CFO=12062.955515602767,STO=6
EsN0dB=20.05,GRXdB=20,N0=0.009999999776482582
packet_number=249,correct=True,payload=[0,1,2,3,4,5,6,7,8,9,10,11,12,13,14,15,16,17,18,19,20,21,22,23,24,25,26,27,28,29,30,31,32,33,34,35,36,37,38,39,40,41,42,43,44,45,46,47,48,49,50,51,52,53,54,55,56,57,58,59,60,61,62,63,64,65,66,67,68,69,70,71,72,73,74,75,76,77,78,79,80,81,82,83,84,85,86,87,88,89,90,91,92,93,94,95,96,97,98,99]
CFO=8008.347472695944,STO=4
EsN0dB=20.04,GRXdB=20,N0=0.009999999776482582
packet_number=250,correct=False,payload=[0,1,2,3,4,8,6,15,24,17,2,11,28,13,14,31,16,17,18,18,36,19,22,55,24,17,26,18,28,29,30,63,32,1,34,39,72,37,14,38,56,41,46,35,40,40,46,47,112,48,114,50,32,51,116,55,48,120,58,123,120,63,60,127,192,1,70,198,64,4,78,143,8,75,72,27,76,140,78,207,48,241,84,99,240,117,92,87,120,25,250,91,124,221,126,31,96,193,64,103]
CFO=12219.411433553141,STO=6
EsN0dB=20.01,GRXdB=20,N0=0.009999999776482582
packet_number=251,correct=True,payload=[0,1,2,3,4,5,6,7,8,9,10,11,12,13,14,15,16,17,18,19,20,21,22,23,24,25,26,27,28,29,30,31,32,33,34,35,36,37,38,39,40,41,42,43,44,45,46,47,48,49,50,51,52,53,54,55,56,57,58,59,60,61,62,63,64,65,66,67,68,69,70,71,72,73,74,75,76,77,78,79,80,81,82,83,84,85,86,87,88,89,90,91,92,93,94,95,96,97,98,99]
CFO=-11392.913009387132,STO=5
EsN0dB=20.06,GRXdB=20,N0=0.009999999776482582
packet_number=252,correct=False,payload=[255,255,255,255,255,255,255,255,255,255,255,255,255,255,255,255,255,255,255,255,255,255,255,255,255,255,255,255,255,255,255,255,255,255,255,255,255,255,255,255,255,255,255,255,255,255,255,255,255,255,255,255,255,255,255,255,255,255,255,255,255,255,255,255,255,255,255,255,255,255,255,255,255,255,255,255,255,255,255,255,255,255,255,255,255,255,255,255,255,255,255,255,255,255,255,255,255,255,255,255]
CFO=-6291.839825775346,STO=6
EsN0dB=20.11,GRXdB=20,N0=0.009999999776482582
packet_number=253,correct=False,payload=[223,255,255,255,221,251,191,159,255,246,254,255,223,255,229,255,255,255,245,254,255,242,253,238,223,255,255,251,127,125,111,253,125,253,253,255,254,239,191,255,239,151,246,255,189,250,246,253,237,189,190,191,252,219,239,255,255,255,255,251,253,254,253,255,255,243,247,255,255,125,175,253,207,223,223,93,255,55,239,255,255,243,255,191,255,223,255,223,255,221,253,223,255,235,255,255,255,247,247,253]
CFO=-2029.3971898428051,STO=6
EsN0dB=20.02,GRXdB=20,N0=0.009999999776482582
packet_number=254,correct=False,payload=[0,129,2,11,4,5,6,151,13,9,11,11,12,13,78,15,176,177,50,19,20,21,22,23,24,57,26,155,28,29,30,31,96,37,35,99,36,53,38,39,40,41,43,43,44,109,126,47,48,113,50,51,52,53,54,63,56,57,58,59,60,61,62,63,64,65,66,67,100,69,70,71,72,89,74,203,77,77,78,95,80,81,90,83,84,85,86,87,88,89,90,219,92,95,94,95,96,97,98,227]
CFO=10742.916159748098,STO=5
EsN0dB=20.06,GRXdB=20,N0=0.009999999776482582
packet_number=255,correct=True,payload=[0,1,2,3,4,5,6,7,8,9,10,11,12,13,14,15,16,17,18,19,20,21,22,23,24,25,26,27,28,29,30,31,32,33,34,35,36,37,38,39,40,41,42,43,44,45,46,47,48,49,50,51,52,53,54,55,56,57,58,59,60,61,62,63,64,65,66,67,68,69,70,71,72,73,74,75,76,77,78,79,80,81,82,83,84,85,86,87,88,89,90,91,92,93,94,95,96,97,98,99]
CFO=-3191.8171239947355,STO=6
EsN0dB=20.06,GRXdB=20,N0=0.009999999776482582
packet_number=256,correct=False,payload=[6,19,7,15,60,127,78,15,56,95,30,31,28,31,62,31,185,55,54,23,61,191,255,63,187,59,62,127,189,191,254,63,242,127,102,103,109,111,238,239,254,251,127,127,124,127,110,127,116,119,119,127,125,127,254,127,248,123,126,127,126,127,254,127,200,199,246,199,204,79,206,207,216,223,222,223,220,223,223,223,250,243,246,247,252,255,254,255,249,251,254,255,253,255,254,255,225,227,230,231]
CFO=5119.372398763111,STO=7
EsN0dB=20.06,GRXdB=20,N0=0.009999999776482582
packet_number=257,correct=False,payload=[0,1,2,3,4,13,6,15,8,9,14,11,28,13,30,15,16,51,22,19,20,31,22,55,24,27,58,27,28,61,30,31,96,99,38,103,44,37,38,47,40,41,122,127,60,127,62,63,48,49,118,51,52,119,118,63,56,57,58,59,60,127,62,63,64,195,194,67,68,197,198,79,216,203,74,223,76,93,206,79,208,209,210,83,244,245,222,87,88,123,90,95,92,93,254,127,224,97,230,99]
CFO=-6492.8556132796675,STO=7
EsN0dB=20.03,GRXdB=20,N0=0.009999999776482582
packet_number=258,correct=False,payload=[255,255,255,255,255,255,255,127,255,255,255,239,255,219,255,191,255,255,255,255,251,255,247,247,253,91,255,251,255,247,255,255,255,255,255,247,255,207,255,255,191,255,247,255,255,246,255,255,255,239,255,255,255,239,183,191,127,255,255,255,243,175,255,239,251,255,255,255,255,255,254,255,255,255,254,255,255,255,255,253,254,255,255,255,253,253,255,253,255,223,247,247,255,191,191,255,255,255,255,255]
CFO=9391.174291133339,STO=1
EsN0dB=20.08,GRXdB=20,N0=0.009999999776482582
packet_number=259,correct=True,payload=[0,1,2,3,4,5,6,7,8,9,10,11,12,13,14,15,16,17,18,19,20,21,22,23,24,25,26,27,28,29,30,31,32,33,34,35,36,37,38,39,40,41,42,43,44,45,46,47,48,49,50,51,52,53,54,55,56,57,58,59,60,61,62,63,64,65,66,67,68,69,70,71,72,73,74,75,76,77,78,79,80,81,82,83,84,85,86,87,88,89,90,91,92,93,94,95,96,97,98,99]
CFO=-7174.051249227503,STO=5
EsN0dB=20.05,GRXdB=20,N0=0.009999999776482582
packet_number=260,correct=False,payload=[255,255,255,127,247,254,255,255,223,255,255,223,255,247,255,255,255,255,255,255,255,251,255,255,255,127,255,255,255,255,253,255,255,255,255,255,255,255,223,187,255,190,255,255,255,255,255,255,255,255,255,255,255,255,191,127,223,255,223,127,255,255,255,191,255,255,255,255,255,239,255,191,255,255,255,255,255,127,255,253,191,255,255,255,191,255,255,255,255,191,255,191,255,127,255,127,254,239,239,255]
CFO=-3089.049575992162,STO=0
EsN0dB=20.11,GRXdB=20,N0=0.009999999776482582
packet_number=261,correct=False,payload=[3,23,38,71,46,15,38,15,11,159,14,63,31,189,30,95,86,179,182,119,125,63,126,63,222,59,190,255,124,127,63,127,102,103,38,231,44,239,110,127,124,123,110,127,126,253,254,63,115,123,254,119,252,125,246,255,121,123,126,127,124,255,126,127,194,199,222,199,204,207,207,207,252,219,222,207,221,255,222,223,247,211,254,247,252,255,255,255,120,251,254,255,124,255,254,255,230,235,250,247]
CFO=-5918.411090872208,STO=3
EsN0dB=20.03,GRXdB=20,N0=0.009999999776482582
packet_number=262,correct=False,payload=[255,255,173,191,223,253,124,127,187,253,255,253,250,253,255,254,251,253,255,255,255,255,249,255,249,255,239,239,255,255,255,254,255,255,191,191,223,255,183,255,191,255,235,237,255,255,255,255,251,255,215,255,255,223,255,253,255,255,239,253,255,255,251,255,249,255,255,127,191,255,243,255,255,127,255,239,251,127,127,255,251,255,223,255,255,255,247,255,255,255,255,255,251,255,255,255,255,255,223,255]
CFO=-12217.520799245385,STO=3
EsN0dB=20.07,GRXdB=20,N0=0.009999999776482582
packet_number=263,correct=False,payload=[255,255,255,255,255,255,255,255,255,255,255,255,255,255,255,255,255,255,255,255,255,255,255,255,255,255,255,255,255,255,255,255,255,255,255,255,255,255,255,255,255,255,255,255,255,255,255,255,255,255,255,255,255,255,255,255,255,255,255,255,255,255,255,255,255,255,255,255,255,255,255,255,255,255,255,255,255,255,255,255,255,255,255,255,255,255,255,255,255,255,255,255,255,255,255,255,255,255,255,255]
CFO=-6900.568103266731,STO=5
EsN0dB=20.02,GRXdB=20,N0=0.009999999776482582
packet_number=264,correct=False,payload=[190,127,255,247,189,151,254,255,223,255,255,219,255,191,255,255,61,191,255,251,191,255,254,127,255,223,127,255,157,255,255,255,127,127,127,191,239,247,62,255,191,251,255,251,255,125,254,255,255,255,255,251,255,253,255,255,187,255,255,255,255,189,191,255,247,255,255,127,223,255,255,247,219,251,255,255,239,223,255,95,255,255,223,255,253,245,247,215,255,255,122,255,253,223,255,223,255,239,239,255]
CFO=-5111.95595168934,STO=6
EsN0dB=20.08,GRXdB=20,N0=0.009999999776482582
packet_number=265,correct=False,payload=[255,255,191,255,255,197,78,249,249,211,111,207,207,255,254,198,191,255,207,123,171,239,159,255,151,223,61,215,159,255,223,215,207,223,255,255,239,218,187,223,171,251,27,255,251,255,171,255,223,223,255,255,191,255,204,255,159,255,127,93,159,223,62,255,191,223,63,95,191,255,62,247,249,247,191,251,243,254,119,246,223,255,215,247,223,223,189,254,247,223,63,223,255,246,255,215,246,223,183,255]
CFO=12233.899023692646,STO=5
EsN0dB=20.05,GRXdB=20,N0=0.009999999776482582
packet_number=266,correct=True,payload=[0,1,2,3,4,5,6,7,8,9,10,11,12,13,14,15,16,17,18,19,20,21,22,23,24,25,26,27,28,29,30,31,32,33,34,35,36,37,38,39,40,41,42,43,44,45,46,47,48,49,50,51,52,53,54,55,56,57,58,59,60,61,62,63,64,65,66,67,68,69,70,71,72,73,74,75,76,77,78,79,80,81,82,83,84,85,86,87,88,89,90,91,92,93,94,95,96,97,98,99]
CFO=10374.129581887108,STO=5
EsN0dB=20.04,GRXdB=20,N0=0.009999999776482582
packet_number=267,correct=True,payload=[0,1,2,3,4,5,6,7,8,9,10,11,12,13,14,15,16,17,18,19,20,21,22,23,24,25,26,27,28,29,30,31,32,33,34,35,36,37,38,39,40,41,42,43,44,45,46,47,48,49,50,51,52,53,54,55,56,57,58,59,60,61,62,63,64,65,66,67,68,69,70,71,72,73,74,75,76,77,78,79,80,81,82,83,84,85,86,87,88,89,90,91,92,93,94,95,96,97,98,99]
CFO=10469.653571979276,STO=2
EsN0dB=20.06,GRXdB=20,N0=0.009999999776482582
packet_number=268,correct=True,payload=[0,1,2,3,4,5,6,7,8,9,10,11,12,13,14,15,16,17,18,19,20,21,22,23,24,25,26,27,28,29,30,31,32,33,34,35,36,37,38,39,40,41,42,43,44,45,46,47,48,49,50,51,52,53,54,55,56,57,58,59,60,61,62,63,64,65,66,67,68,69,70,71,72,73,74,75,76,77,78,79,80,81,82,83,84,85,86,87,88,89,90,91,92,93,94,95,96,97,98,99]
CFO=9121.998433217906,STO=0
EsN0dB=20.05,GRXdB=20,N0=0.009999999776482582
packet_number=269,correct=True,payload=[0,1,2,3,4,5,6,7,8,9,10,11,12,13,14,15,16,17,18,19,20,21,22,23,24,25,26,27,28,29,30,31,32,33,34,35,36,37,38,39,40,41,42,43,44,45,46,47,48,49,50,51,52,53,54,55,56,57,58,59,60,61,62,63,64,65,66,67,68,69,70,71,72,73,74,75,76,77,78,79,80,81,82,83,84,85,86,87,88,89,90,91,92,93,94,95,96,97,98,99]
CFO=-11557.908561074792,STO=5
EsN0dB=20.03,GRXdB=20,N0=0.009999999776482582
packet_number=270,correct=False,payload=[255,255,255,255,255,255,255,255,255,255,255,255,255,255,255,255,255,255,255,255,255,255,255,255,255,255,255,255,255,255,255,255,255,255,255,255,255,255,255,255,255,255,255,255,255,255,255,255,255,255,255,255,255,255,255,255,255,255,255,255,255,255,255,255,255,255,255,255,255,255,255,255,255,255,255,255,255,255,255,255,255,255,255,255,255,255,255,255,255,255,255,255,255,255,255,255,255,255,255,255]
CFO=-1509.6851314047076,STO=4
EsN0dB=20.03,GRXdB=20,N0=0.009999999776482582
packet_number=271,correct=False,payload=[8,195,7,7,140,11,14,15,25,27,30,31,28,31,30,31,48,51,54,55,60,63,62,63,184,59,62,127,60,63,190,63,96,99,230,103,108,111,110,111,120,123,126,127,124,127,126,127,114,115,118,119,124,127,126,127,120,251,126,127,125,127,126,127,224,195,198,199,204,207,206,207,152,219,222,223,222,223,222,255,240,251,246,247,252,255,252,255,248,251,254,255,252,255,254,255,226,227,231,231]
CFO=8522.5677507342,STO=2
EsN0dB=20.03,GRXdB=20,N0=0.009999999776482582
packet_number=272,correct=True,payload=[0,1,2,3,4,5,6,7,8,9,10,11,12,13,14,15,16,17,18,19,20,21,22,23,24,25,26,27,28,29,30,31,32,33,34,35,36,37,38,39,40,41,42,43,44,45,46,47,48,49,50,51,52,53,54,55,56,57,58,59,60,61,62,63,64,65,66,67,68,69,70,71,72,73,74,75,76,77,78,79,80,81,82,83,84,85,86,87,88,89,90,91,92,93,94,95,96,97,98,99]
CFO=-5420.892048310709,STO=5
EsN0dB=20.09,GRXdB=20,N0=0.009999999776482582
packet_number=273,correct=False,payload=[244,255,92,247,150,67,191,223,119,255,203,127,122,187,77,175,191,239,63,123,123,191,92,61,183,247,121,189,63,255,190,125,63,127,172,253,118,235,167,255,191,239,61,189,239,127,175,255,239,255,253,187,190,251,244,127,126,255,63,255,63,255,255,253,254,63,205,245,127,239,127,231,223,79,218,239,91,207,126,253,207,239,222,251,123,223,213,255,255,127,216,255,127,255,95,125,127,255,255,127]
CFO=4800.82897702795,STO=6
EsN0dB=20.09,GRXdB=20,N0=0.009999999776482582
packet_number=274,correct=True,payload=[0,1,2,3,4,5,6,7,8,9,10,11,12,13,14,15,16,17,18,19,20,21,22,23,24,25,26,27,28,29,30,31,32,33,34,35,36,37,38,39,40,41,42,43,44,45,46,47,48,49,50,51,52,53,54,55,56,57,58,59,60,61,62,63,64,65,66,67,68,69,70,71,72,73,74,75,76,77,78,79,80,81,82,83,84,85,86,87,88,89,90,91,92,93,94,95,96,97,98,99]
CFO=-5728.100676254497,STO=3
EsN0dB=20.05,GRXdB=20,N0=0.009999999776482582
packet_number=275,correct=False,payload=[255,187,255,253,186,125,249,158,223,191,125,126,127,255,186,190,191,188,127,255,239,125,255,223,255,247,219,253,127,254,126,127,123,255,253,255,251,254,219,159,255,254,248,255,167,175,251,191,247,183,255,255,223,247,255,252,254,213,221,223,247,239,239,255,247,247,255,253,91,255,251,255,55,151,191,63,47,231,255,111,127,189,63,255,111,253,127,127,255,117,249,253,127,103,239,127,247,119,127,255]
CFO=9944.691872833788,STO=5
EsN0dB=20.07,GRXdB=20,N0=0.009999999776482582
packet_number=276,correct=True,payload=[0,1,2,3,4,5,6,7,8,9,10,11,12,13,14,15,16,17,18,19,20,21,22,23,24,25,26,27,28,29,30,31,32,33,34,35,36,37,38,39,40,41,42,43,44,45,46,47,48,49,50,51,52,53,54,55,56,57,58,59,60,61,62,63,64,65,66,67,68,69,70,71,72,73,74,75,76,77,78,79,80,81,82,83,84,85,86,87,88,89,90,91,92,93,94,95,96,97,98,99]
CFO=7893.780535742827,STO=6
EsN0dB=20.06,GRXdB=20,N0=0.009999999776482582
packet_number=277,correct=True,payload=[0,1,2,3,4,5,6,7,8,9,10,11,12,13,14,15,16,17,18,19,20,21,22,23,24,25,26,27,28,29,30,31,32,33,34,35,36,37,38,39,40,41,42,43,44,45,46,47,48,49,50,51,52,53,54,55,56,57,58,59,60,61,62,63,64,65,66,67,68,69,70,71,72,73,74,75,76,77,78,79,80,81,82,83,84,85,86,87,88,89,90,91,92,93,94,95,96,97,98,99]
CFO=-9427.353423711942,STO=1
EsN0dB=20.01,GRXdB=20,N0=0.009999999776482582
packet_number=278,correct=False,payload=[255,255,255,255,255,255,255,255,255,255,255,255,255,255,255,255,253,255,255,255,255,255,255,255,255,255,255,255,255,255,253,255,255,255,255,255,255,255,255,255,255,255,255,255,255,255,255,255,255,251,255,255,255,255,255,255,255,255,255,255,255,255,255,255,255,255,255,255,255,255,255,255,255,255,255,255,255,255,255,255,255,255,255,255,255,255,255,255,255,255,255,255,255,255,255,255,255,255,255,255]
CFO=-4472.623209210681,STO=3
EsN0dB=20.11,GRXdB=20,N0=0.009999999776482582
packet_number=279,correct=False,payload=[67,207,127,15,222,31,239,47,153,31,223,31,156,127,191,31,178,251,190,127,254,191,254,191,124,63,127,255,252,255,191,255,246,239,239,119,108,239,255,111,251,255,126,127,253,255,255,255,252,251,247,119,253,127,127,255,255,123,255,127,127,127,126,127,230,219,214,255,206,207,206,207,255,251,255,223,221,223,255,255,252,247,254,255,254,255,254,255,248,251,254,255,254,255,255,255,235,247,255,255]
CFO=2356.4906803264844,STO=3
EsN0dB=20.03,GRXdB=20,N0=0.009999999776482582
packet_number=280,correct=False,payload=[0,1,2,3,4,5,6,7,8,9,42,11,12,13,14,15,16,17,18,19,20,21,22,23,24,25,26,27,28,29,30,31,32,33,34,35,36,37,38,39,40,41,42,43,44,45,46,47,48,49,50,51,52,53,54,55,56,57,58,59,60,61,62,63,64,65,66,67,68,69,70,71,72,73,74,75,76,77,78,79,80,81,82,83,84,85,86,87,88,89,90,91,92,93,94,95,96,97,114,99]
CFO=6755.999086065641,STO=2
EsN0dB=20.02,GRXdB=20,N0=0.009999999776482582
packet_number=281,correct=False,payload=[0,1,130,3,4,5,6,7,8,13,14,11,142,13,14,15,16,17,18,19,150,29,22,23,24,25,26,31,28,29,30,31,160,33,50,35,36,37,39,39,168,57,170,43,46,61,190,47,48,49,51,51,54,61,182,55,188,57,59,63,190,63,62,63,64,65,98,67,100,69,70,103,76,72,78,79,78,77,206,79,216,81,115,83,212,85,118,95,88,89,254,91,222,95,94,95,224,97,242,99]
CFO=5669.877582448369,STO=6
EsN0dB=20.03,GRXdB=20,N0=0.009999999776482582
packet_number=282,correct=True,payload=[0,1,2,3,4,5,6,7,8,9,10,11,12,13,14,15,16,17,18,19,20,21,22,23,24,25,26,27,28,29,30,31,32,33,34,35,36,37,38,39,40,41,42,43,44,45,46,47,48,49,50,51,52,53,54,55,56,57,58,59,60,61,62,63,64,65,66,67,68,69,70,71,72,73,74,75,76,77,78,79,80,81,82,83,84,85,86,87,88,89,90,91,92,93,94,95,96,97,98,99]
CFO=-4703.582735763815,STO=3
EsN0dB=20.04,GRXdB=20,N0=0.009999999776482582
packet_number=283,correct=False,payload=[255,190,207,185,255,119,253,187,124,246,127,123,252,252,255,125,127,237,223,249,255,243,252,249,252,253,254,250,252,247,253,248,255,149,253,223,189,247,191,185,253,251,255,255,255,255,253,255,255,249,221,255,253,251,255,251,255,251,253,249,255,251,255,255,255,163,239,31,255,247,63,187,127,255,239,251,255,251,255,255,127,231,223,255,223,247,255,255,255,251,255,255,255,255,255,251,255,187,191,187]
CFO=10679.108911976793,STO=0
EsN0dB=20.00,GRXdB=20,N0=0.009999999776482582
packet_number=284,correct=True,payload=[0,1,2,3,4,5,6,7,8,9,10,11,12,13,14,15,16,17,18,19,20,21,22,23,24,25,26,27,28,29,30,31,32,33,34,35,36,37,38,39,40,41,42,43,44,45,46,47,48,49,50,51,52,53,54,55,56,57,58,59,60,61,62,63,64,65,66,67,68,69,70,71,72,73,74,75,76,77,78,79,80,81,82,83,84,85,86,87,88,89,90,91,92,93,94,95,96,97,98,99]
CFO=-786.5463235490124,STO=5
EsN0dB=20.07,GRXdB=20,N0=0.009999999776482582
packet_number=285,correct=False,payload=[0,1,2,3,4,5,6,7,8,9,10,11,44,13,14,15,16,17,18,19,20,21,22,23,24,25,26,27,28,29,31,31,32,33,34,35,36,37,38,39,40,41,42,43,44,45,46,47,52,49,50,51,52,53,54,55,56,57,58,59,60,61,62,127,64,65,66,67,68,69,70,71,72,73,74,75,76,77,78,79,80,81,82,115,84,85,86,215,88,89,90,91,92,93,94,95,96,97,98,99]
CFO=12459.164354343975,STO=0
EsN0dB=20.07,GRXdB=20,N0=0.009999999776482582
packet_number=286,correct=False,payload=[0,0,0,1,0,0,6,3,0,0,2,1,4,4,6,7,0,0,0,1,16,1,6,19,8,8,8,9,12,12,30,15,0,0,0,1,0,0,2,3,32,32,0,1,4,4,6,7,16,16,16,17,20,48,18,19,24,25,56,25,28,29,30,31,0,0,2,1,0,0,2,3,8,1,2,1,68,68,6,7,0,0,64,3,16,0,2,23,8,8,10,75,12,12,78,31,32,32,32,33]
CFO=-8795.316177040504,STO=5
EsN0dB=18.07,GRXdB=20,N0=0.015848932787775993
packet_number=287,correct=False,payload=[255,255,255,255,255,255,255,255,255,255,255,255,255,223,191,255,191,255,255,239,255,255,191,255,253,223,255,255,255,255,255,255,255,221,255,255,251,255,255,254,255,223,222,255,255,255,255,255,255,251,255,255,255,191,247,255,255,255,255,255,255,255,255,247,255,255,255,239,255,127,253,255,255,255,255,255,255,255,255,253,255,239,255,255,255,255,255,253,255,255,247,255,255,255,255,255,255,255,255,239]
CFO=8898.63132597341,STO=3
EsN0dB=18.05,GRXdB=20,N0=0.015848932787775993
packet_number=288,correct=False,payload=[0,1,2,3,4,5,6,7,8,9,10,11,4,13,14,15,16,17,18,19,20,21,22,23,24,25,26,27,28,29,30,31,32,33,34,35,36,37,38,39,40,41,42,43,44,45,46,47,48,49,50,51,52,53,54,55,56,57,58,59,60,61,62,63,64,65,66,67,68,69,70,71,72,73,74,75,76,77,78,79,80,81,82,83,84,85,86,87,88,89,90,91,92,93,94,95,96,97,98,99]
CFO=7746.801030947154,STO=5
EsN0dB=18.05,GRXdB=20,N0=0.015848932787775993
packet_number=289,correct=True,payload=[0,1,2,3,4,5,6,7,8,9,10,11,12,13,14,15,16,17,18,19,20,21,22,23,24,25,26,27,28,29,30,31,32,33,34,35,36,37,38,39,40,41,42,43,44,45,46,47,48,49,50,51,52,53,54,55,56,57,58,59,60,61,62,63,64,65,66,67,68,69,70,71,72,73,74,75,76,77,78,79,80,81,82,83,84,85,86,87,88,89,90,91,92,93,94,95,96,97,98,99]
CFO=-6168.98559262928,STO=1
EsN0dB=18.06,GRXdB=20,N0=0.015848932787775993
packet_number=290,correct=False,payload=[255,246,255,255,191,254,223,253,223,253,191,255,255,254,191,253,190,243,118,254,255,255,255,255,255,247,255,254,254,254,255,127,255,235,215,223,254,255,254,254,254,254,247,255,254,253,255,255,255,237,255,255,255,255,255,255,254,254,255,255,255,254,254,255,255,247,223,175,159,253,159,255,255,247,255,255,255,189,255,255,191,255,247,255,255,253,255,255,255,247,255,255,255,253,255,255,255,247,255,255]
CFO=5139.595450530657,STO=2
EsN0dB=18.02,GRXdB=20,N0=0.015848932787775993
packet_number=291,correct=False,payload=[0,1,2,3,4,5,6,7,24,9,10,31,12,15,14,15,16,17,18,23,20,23,54,55,24,57,26,27,28,63,62,63,32,33,102,39,36,39,110,103,56,41,106,59,44,125,110,111,112,115,114,115,124,53,54,55,56,57,58,59,124,127,124,127,192,193,66,67,196,69,198,71,200,201,90,91,76,77,78,95,208,115,214,211,124,85,86,127,120,121,94,123,92,221,94,95,96,99,98,99]
CFO=10804.233234384503,STO=3
EsN0dB=18.06,GRXdB=20,N0=0.015848932787775993
packet_number=292,correct=False,payload=[0,1,2,3,4,5,6,7,8,9,10,11,12,13,14,15,16,17,18,19,20,21,22,23,24,25,26,27,28,29,30,31,32,33,34,35,36,37,38,39,40,41,42,43,44,45,46,47,48,49,50,51,52,53,54,55,56,57,58,59,60,61,62,63,64,65,66,67,68,69,70,71,72,73,74,75,76,77,78,79,80,81,82,83,84,85,86,87,88,81,90,91,92,93,94,95,96,97,98,99]
CFO=4266.686839591796,STO=5
EsN0dB=18.08,GRXdB=20,N0=0.015848932787775993
packet_number=293,correct=True,payload=[0,1,2,3,4,5,6,7,8,9,10,11,12,13,14,15,16,17,18,19,20,21,22,23,24,25,26,27,28,29,30,31,32,33,34,35,36,37,38,39,40,41,42,43,44,45,46,47,48,49,50,51,52,53,54,55,56,57,58,59,60,61,62,63,64,65,66,67,68,69,70,71,72,73,74,75,76,77,78,79,80,81,82,83,84,85,86,87,88,89,90,91,92,93,94,95,96,97,98,99]
CFO=6647.638609202081,STO=3
EsN0dB=17.99,GRXdB=20,N0=0.015848932787775993
packet_number=294,correct=True,payload=[0,1,2,3,4,5,6,7,8,9,10,11,12,13,14,15,16,17,18,19,20,21,22,23,24,25,26,27,28,29,30,31,32,33,34,35,36,37,38,39,40,41,42,43,44,45,46,47,48,49,50,51,52,53,54,55,56,57,58,59,60,61,62,63,64,65,66,67,68,69,70,71,72,73,74,75,76,77,78,79,80,81,82,83,84,85,86,87,88,89,90,91,92,93,94,95,96,97,98,99]
CFO=6544.4643329208075,STO=2
EsN0dB=18.01,GRXdB=20,N0=0.015848932787775993
packet_number=295,correct=False,payload=[0,1,2,3,4,5,7,7,136,9,10,11,12,12,14,15,16,17,19,19,148,23,26,23,24,25,26,27,28,29,30,31,32,33,35,35,36,37,38,39,40,41,46,43,44,63,46,47,48,49,178,59,52,53,54,63,56,61,58,59,60,61,62,63,192,65,67,67,100,69,71,71,200,73,74,107,76,77,79,79,80,81,98,83,84,81,94,87,88,89,90,91,220,95,94,95,224,97,115,99]
CFO=9935.030001070374,STO=3
EsN0dB=18.00,GRXdB=20,N0=0.015848932787775993
packet_number=296,correct=False,payload=[0,1,2,3,4,5,6,7,8,9,10,11,12,13,14,15,16,17,18,19,20,21,22,23,24,25,26,27,28,29,30,31,32,33,34,35,36,37,38,39,40,41,42,43,44,45,46,47,48,49,50,51,52,53,54,55,56,57,58,59,60,61,62,63,64,65,66,67,68,69,70,71,72,73,74,75,76,77,78,79,80,81,82,83,84,85,86,87,88,89,90,89,92,93,94,95,96,97,98,99]
CFO=-5973.83380711863,STO=7
EsN0dB=18.02,GRXdB=20,N0=0.015848932787775993
packet_number=297,correct=False,payload=[223,239,239,127,119,119,219,63,119,107,126,240,119,183,223,249,255,234,215,247,253,165,119,255,191,251,255,255,255,253,247,239,247,223,253,255,255,199,54,126,254,214,255,127,119,159,254,255,254,214,255,251,247,187,183,231,247,127,243,111,251,255,255,191,243,223,251,251,244,63,158,60,247,127,125,255,125,255,188,231,245,247,255,252,255,239,247,109,61,223,255,127,255,255,245,255,183,221,253,245]
CFO=-12212.496815655888,STO=5
EsN0dB=18.02,GRXdB=20,N0=0.015848932787775993
packet_number=298,correct=False,payload=[255,255,255,255,255,255,255,255,255,255,255,255,255,255,255,255,255,255,255,255,255,255,255,255,255,255,255,255,255,255,255,255,255,255,255,255,255,255,255,255,255,255,255,255,255,255,255,255,255,255,255,255,255,255,255,255,255,255,255,255,255,255,255,255,255,255,255,255,255,255,255,255,255,255,255,255,255,255,255,255,255,255,255,255,255,255,255,255,255,255,255,255,255,255,255,255,255,255,255,255]
CFO=9935.231112195936,STO=5
EsN0dB=18.07,GRXdB=20,N0=0.015848932787775993
packet_number=299,correct=True,payload=[0,1,2,3,4,5,6,7,8,9,10,11,12,13,14,15,16,17,18,19,20,21,22,23,24,25,26,27,28,29,30,31,32,33,34,35,36,37,38,39,40,41,42,43,44,45,46,47,48,49,50,51,52,53,54,55,56,57,58,59,60,61,62,63,64,65,66,67,68,69,70,71,72,73,74,75,76,77,78,79,80,81,82,83,84,85,86,87,88,89,90,91,92,93,94,95,96,97,98,99]
CFO=-9533.313373673458,STO=2
EsN0dB=18.00,GRXdB=20,N0=0.015848932787775993
packet_number=300,correct=False,payload=[255,255,255,255,255,255,255,255,255,255,255,255,255,255,255,255,255,255,255,253,255,255,255,255,255,255,255,255,255,255,255,255,255,255,255,255,255,255,255,255,255,255,255,255,251,127,255,255,255,255,255,255,251,255,255,255,255,255,255,255,255,255,255,255,255,255,255,255,255,255,255,255,253,255,255,255,255,255,255,255,255,255,255,255,255,255,255,255,255,255,255,255,255,255,255,255,255,255,255,255]
CFO=-10484.052938842,STO=5
EsN0dB=18.03,GRXdB=20,N0=0.015848932787775993
packet_number=301,correct=False,payload=[255,255,255,255,255,255,255,255,255,255,255,255,255,255,255,255,255,255,255,255,255,255,255,255,255,255,255,255,255,255,255,255,255,255,255,255,255,255,255,255,255,255,255,255,255,255,255,255,255,255,255,255,255,255,255,255,255,255,255,255,247,255,255,255,255,255,247,255,239,255,255,255,255,255,255,255,255,255,255,255,255,255,255,255,255,255,255,255,255,255,255,255,255,255,255,255,255,255,255,255]
CFO=-608.8004332224605,STO=6
EsN0dB=18.03,GRXdB=20,N0=0.015848932787775993
packet_number=302,correct=False,payload=[0,137,2,3,5,21,6,7,8,9,10,11,12,13,62,15,16,49,50,23,20,21,22,23,26,25,26,27,28,29,30,159,32,35,34,35,36,37,38,39,41,41,42,43,44,45,46,47,48,49,50,51,52,181,54,55,58,57,186,187,60,61,62,63,64,69,66,75,68,85,70,71,72,73,74,107,76,77,78,79,80,81,82,83,84,85,86,87,88,89,90,91,92,93,94,95,96,97,98,99]
CFO=11976.665561813503,STO=2
EsN0dB=18.02,GRXdB=20,N0=0.015848932787775993
packet_number=303,correct=False,payload=[0,0,0,2,0,0,4,6,0,0,0,3,8,8,12,14,0,0,32,2,0,0,12,6,16,16,16,18,24,24,28,30,0,0,32,2,0,8,4,46,0,0,0,10,8,8,28,14,32,32,96,34,32,32,36,38,48,48,48,50,56,120,60,62,64,0,0,3,0,64,4,6,0,0,0,2,8,24,12,14,0,0,16,3,0,64,4,6,80,26,20,18,24,24,28,30,64,64,64,67]
CFO=-10707.52724211097,STO=2
EsN0dB=18.04,GRXdB=20,N0=0.015848932787775993
packet_number=304,correct=False,payload=[255,255,255,255,255,255,255,255,255,255,255,255,255,255,255,255,255,255,255,255,255,255,255,255,255,255,255,255,255,255,255,255,255,255,255,255,255,255,255,255,255,255,255,255,255,255,255,255,255,255,255,255,255,255,255,255,255,255,255,255,255,255,255,255,255,255,255,255,255,255,255,255,255,255,255,255,255,255,255,255,255,255,255,255,255,255,255,255,255,255,247,255,255,255,255,255,255,255,255,255]
CFO=-205.67407138200895,STO=5
EsN0dB=18.10,GRXdB=20,N0=0.015848932787775993
packet_number=305,correct=False,payload=[0,17,2,3,4,5,38,7,8,137,10,11,12,13,30,15,16,17,18,19,20,29,22,23,24,25,26,27,28,29,30,31,32,33,50,35,36,37,38,39,168,41,42,43,44,45,62,47,48,49,50,51,52,53,54,55,56,121,58,59,60,61,62,63,64,69,70,67,68,69,70,71,72,73,74,75,76,79,78,79,92,81,82,83,84,85,86,87,88,89,122,91,92,93,94,95,96,97,98,99]
CFO=9019.43839964324,STO=2
EsN0dB=18.02,GRXdB=20,N0=0.015848932787775993
packet_number=306,correct=False,payload=[0,1,2,3,4,5,6,3,8,8,8,9,12,5,14,15,0,1,16,19,22,20,22,23,8,25,26,15,12,28,158,31,32,33,32,35,164,37,38,39,40,33,42,43,44,45,38,47,48,49,50,59,52,53,50,23,56,57,58,57,60,61,30,63,64,65,66,3,68,5,70,67,64,65,138,75,76,77,78,71,80,81,80,19,84,85,86,115,88,89,90,91,28,93,94,95,96,97,98,99]
CFO=5289.449800920737,STO=2
EsN0dB=18.07,GRXdB=20,N0=0.015848932787775993
packet_number=307,correct=False,payload=[128,1,131,3,4,7,135,7,140,9,14,13,142,15,143,15,24,25,155,27,28,31,30,15,24,29,159,31,156,31,159,31,176,17,179,51,182,55,38,55,188,45,191,63,158,63,62,63,184,57,155,59,190,63,191,63,188,57,191,63,190,61,62,63,224,97,195,67,230,71,102,103,76,109,111,111,238,111,111,111,232,57,219,91,222,127,118,111,124,125,95,91,254,127,254,127,240,113,115,115]
CFO=11042.70359743119,STO=4
EsN0dB=17.97,GRXdB=20,N0=0.015848932787775993
packet_number=308,correct=True,payload=[0,1,2,3,4,5,6,7,8,9,10,11,12,13,14,15,16,17,18,19,20,21,22,23,24,25,26,27,28,29,30,31,32,33,34,35,36,37,38,39,40,41,42,43,44,45,46,47,48,49,50,51,52,53,54,55,56,57,58,59,60,61,62,63,64,65,66,67,68,69,70,71,72,73,74,75,76,77,78,79,80,81,82,83,84,85,86,87,88,89,90,91,92,93,94,95,96,97,98,99]
CFO=5891.320378757952,STO=2
EsN0dB=18.02,GRXdB=20,N0=0.015848932787775993
packet_number=309,correct=True,payload=[0,1,2,3,4,5,6,7,8,9,10,11,12,13,14,15,16,17,18,19,20,21,22,23,24,25,26,27,28,29,30,31,32,33,34,35,36,37,38,39,40,41,42,43,44,45,46,47,48,49,50,51,52,53,54,55,56,57,58,59,60,61,62,63,64,65,66,67,68,69,70,71,72,73,74,75,76,77,78,79,80,81,82,83,84,85,86,87,88,89,90,91,92,93,94,95,96,97,98,99]
CFO=4826.858638227391,STO=5
EsN0dB=17.99,GRXdB=20,N0=0.015848932787775993
packet_number=310,correct=True,payload=[0,1,2,3,4,5,6,7,8,9,10,11,12,13,14,15,16,17,18,19,20,21,22,23,24,25,26,27,28,29,30,31,32,33,34,35,36,37,38,39,40,41,42,43,44,45,46,47,48,49,50,51,52,53,54,55,56,57,58,59,60,61,62,63,64,65,66,67,68,69,70,71,72,73,74,75,76,77,78,79,80,81,82,83,84,85,86,87,88,89,90,91,92,93,94,95,96,97,98,99]
CFO=-7609.453041518583,STO=6
EsN0dB=17.99,GRXdB=20,N0=0.015848932787775993
packet_number=311,correct=False,payload=[255,234,247,255,255,255,255,255,249,219,255,255,127,191,253,255,255,223,255,239,251,127,249,235,253,239,255,255,251,223,223,245,187,255,255,255,255,255,127,182,255,222,218,247,255,255,247,255,247,251,254,255,255,215,255,191,127,255,255,111,247,191,255,239,251,247,251,239,255,247,255,254,255,223,247,247,255,191,253,255,255,255,223,239,255,255,245,189,255,253,127,255,127,181,255,255,255,255,247,247]
CFO=3719.888693646694,STO=1
EsN0dB=18.06,GRXdB=20,N0=0.015848932787775993
packet_number=312,correct=False,payload=[0,2,6,6,12,15,14,15,24,27,30,31,28,31,30,31,48,51,54,55,60,63,62,63,56,59,60,63,56,63,62,63,64,99,102,103,108,110,78,111,120,123,62,126,92,126,126,127,112,115,116,103,124,127,126,127,120,123,126,127,124,127,126,127,192,195,198,135,204,206,206,207,152,219,158,223,156,223,222,223,240,115,246,182,252,191,254,255,248,251,254,255,188,255,254,254,224,227,230,231]
CFO=3098.9023610292516,STO=3
EsN0dB=18.02,GRXdB=20,N0=0.015848932787775993
packet_number=313,correct=False,payload=[0,1,2,3,4,5,6,7,8,9,10,11,12,13,14,15,16,17,18,19,20,21,22,23,24,25,26,27,28,29,30,31,32,33,34,35,36,37,38,39,40,41,42,43,44,45,46,47,48,49,50,51,52,53,54,55,56,57,58,59,60,61,62,63,64,65,66,67,68,69,70,71,72,73,74,75,76,77,78,79,80,81,82,87,84,85,86,87,88,89,90,91,92,93,94,95,96,97,98,99]
CFO=-8984.155729393202,STO=4
EsN0dB=18.06,GRXdB=20,N0=0.015848932787775993
packet_number=314,correct=False,payload=[255,255,255,239,255,255,255,255,255,255,255,223,251,255,253,255,255,255,255,239,255,247,255,255,127,255,255,239,255,127,255,247,255,239,191,255,255,255,255,255,127,255,254,255,255,255,255,255,255,255,255,255,251,255,255,255,255,255,255,255,255,255,255,255,255,255,255,255,255,255,255,255,251,255,255,253,255,255,255,254,255,255,255,255,255,255,255,255,255,253,247,255,255,127,223,255,247,247,255,255]
CFO=-10043.265732117843,STO=5
EsN0dB=18.10,GRXdB=20,N0=0.015848932787775993
packet_number=315,correct=False,payload=[255,255,255,255,255,255,255,255,255,255,255,255,255,255,251,255,255,255,255,255,255,255,255,255,255,255,127,255,255,255,255,255,255,255,255,255,255,255,255,255,255,255,255,255,255,255,255,255,255,255,255,255,255,255,255,251,255,255,255,255,255,255,255,255,255,255,255,255,255,251,255,255,255,255,254,255,223,255,255,255,255,255,255,255,255,255,255,255,255,255,255,255,255,255,255,255,255,255,255,255]
CFO=-11651.427131735652,STO=1
EsN0dB=18.05,GRXdB=20,N0=0.015848932787775993
packet_number=316,correct=False,payload=[255,255,255,255,255,255,255,255,255,255,255,255,255,255,255,255,255,255,255,255,255,255,255,255,255,255,255,255,255,255,255,255,255,255,255,255,255,255,255,255,255,255,255,255,255,255,255,255,255,255,255,255,255,255,255,255,255,255,255,255,255,255,255,255,255,255,255,255,255,255,255,255,255,255,255,255,255,255,255,255,255,255,255,255,255,255,255,255,255,255,255,255,255,255,255,255,255,255,255,255]
CFO=4673.64041967108,STO=6
EsN0dB=17.99,GRXdB=20,N0=0.015848932787775993
packet_number=317,correct=True,payload=[0,1,2,3,4,5,6,7,8,9,10,11,12,13,14,15,16,17,18,19,20,21,22,23,24,25,26,27,28,29,30,31,32,33,34,35,36,37,38,39,40,41,42,43,44,45,46,47,48,49,50,51,52,53,54,55,56,57,58,59,60,61,62,63,64,65,66,67,68,69,70,71,72,73,74,75,76,77,78,79,80,81,82,83,84,85,86,87,88,89,90,91,92,93,94,95,96,97,98,99]
CFO=-2245.0604128859577,STO=4
EsN0dB=18.01,GRXdB=20,N0=0.015848932787775993
packet_number=318,correct=False,payload=[0,165,2,7,68,5,6,7,8,73,26,171,45,77,14,15,16,147,18,147,54,21,22,23,184,25,90,27,93,29,94,31,40,97,38,51,117,109,38,63,56,41,42,43,108,45,47,47,50,241,58,59,52,53,62,119,58,185,58,59,61,61,62,63,66,73,198,67,68,69,70,71,73,75,74,107,76,77,78,79,80,81,114,211,212,85,86,87,89,121,90,91,92,93,94,95,242,105,226,235]
CFO=-767.7633033314773,STO=3
EsN0dB=18.00,GRXdB=20,N0=0.015848932787775993
packet_number=319,correct=False,payload=[128,1,131,3,134,71,134,71,140,13,10,15,142,45,143,15,152,17,219,27,157,31,31,31,24,29,31,31,28,31,158,31,176,49,179,35,102,55,183,55,58,57,191,63,188,47,62,63,176,49,187,59,62,183,182,63,188,125,190,191,190,61,191,63,224,97,226,67,100,101,103,103,236,109,79,79,254,111,239,79,241,117,123,87,126,117,255,119,252,121,255,127,95,127,254,127,240,97,227,115]
CFO=-11211.544925076521,STO=5
EsN0dB=18.02,GRXdB=20,N0=0.015848932787775993
packet_number=320,correct=False,payload=[255,255,255,255,255,255,255,255,255,255,255,247,255,255,255,255,255,255,255,255,255,255,255,255,255,255,255,255,255,255,255,255,255,255,255,255,255,255,255,255,255,255,255,255,255,255,255,255,255,255,255,255,255,255,255,255,255,255,255,255,255,255,255,255,255,255,255,255,255,255,255,255,247,255,255,255,255,255,255,255,255,255,255,255,255,247,255,255,255,255,255,255,255,255,255,255,255,255,255,255]
CFO=3770.8286239316026,STO=4
EsN0dB=18.05,GRXdB=20,N0=0.015848932787775993
packet_number=321,correct=True,payload=[0,1,2,3,4,5,6,7,8,9,10,11,12,13,14,15,16,17,18,19,20,21,22,23,24,25,26,27,28,29,30,31,32,33,34,35,36,37,38,39,40,41,42,43,44,45,46,47,48,49,50,51,52,53,54,55,56,57,58,59,60,61,62,63,64,65,66,67,68,69,70,71,72,73,74,75,76,77,78,79,80,81,82,83,84,85,86,87,88,89,90,91,92,93,94,95,96,97,98,99]
CFO=-12087.55558026343,STO=2
EsN0dB=18.04,GRXdB=20,N0=0.015848932787775993
packet_number=322,correct=False,payload=[255,255,255,255,255,255,255,255,255,255,255,255,255,255,255,255,255,255,255,255,255,255,255,255,255,255,255,255,255,255,255,255,255,255,255,255,255,255,255,255,255,255,255,255,255,255,255,255,255,255,255,255,255,255,255,255,255,255,255,255,255,255,255,255,255,255,255,255,255,255,255,255,255,255,255,255,255,255,255,255,255,255,255,255,255,255,255,255,255,255,255,255,255,255,255,255,255,255,255,255]
CFO=9587.019530572223,STO=2
EsN0dB=18.05,GRXdB=20,N0=0.015848932787775993
packet_number=323,correct=False,payload=[0,0,0,3,4,5,2,7,8,1,1,9,14,12,14,15,0,1,18,1,20,0,6,7,8,29,26,27,14,13,30,31,32,33,0,35,36,37,2,39,32,41,42,3,44,37,46,47,48,48,50,51,52,52,22,51,24,25,56,59,60,60,30,63,64,1,66,3,68,5,70,71,64,65,74,73,76,77,78,79,80,80,130,19,68,68,86,71,136,93,78,105,28,12,94,79,96,97,98,99]
CFO=-6791.989914123376,STO=1
EsN0dB=18.05,GRXdB=20,N0=0.015848932787775993
packet_number=324,correct=False,payload=[255,255,255,255,255,255,255,254,159,255,191,125,253,255,243,253,239,255,254,255,239,254,255,255,255,255,255,251,255,255,255,253,251,255,255,255,255,251,247,255,223,255,255,255,255,255,127,255,255,255,247,251,239,255,251,255,255,191,255,191,255,255,255,255,255,255,255,255,247,255,255,254,255,191,255,254,255,255,255,255,255,254,255,255,238,255,255,255,231,223,255,255,255,255,255,255,239,255,247,255]
CFO=-7841.1012788130265,STO=5
EsN0dB=18.03,GRXdB=20,N0=0.015848932787775993
packet_number=325,correct=False,payload=[255,255,255,255,255,255,243,251,255,237,255,253,255,251,255,223,127,255,245,255,255,255,255,255,255,253,251,251,255,255,255,255,247,255,254,255,255,251,127,255,247,255,127,255,255,253,255,255,255,255,251,255,255,223,247,255,255,239,253,255,253,255,251,255,255,255,253,255,127,223,255,251,255,255,255,255,222,255,255,255,255,255,255,255,255,255,190,255,255,255,255,251,255,223,255,251,255,255,255,255]
CFO=5127.134624163616,STO=2
EsN0dB=18.04,GRXdB=20,N0=0.015848932787775993
packet_number=326,correct=False,payload=[0,24,48,56,64,120,48,120,64,216,112,120,224,216,240,249,1,17,177,185,161,249,241,241,193,153,241,249,225,201,241,251,3,27,19,59,2,91,115,123,195,219,147,243,227,203,99,251,131,145,163,147,195,107,241,251,195,219,243,251,225,249,243,250,6,28,54,62,102,126,102,126,198,206,166,182,226,126,246,247,135,159,183,191,199,159,242,253,135,218,245,252,231,255,247,255,7,23,55,60]
CFO=-5680.847150846625,STO=0
EsN0dB=17.97,GRXdB=20,N0=0.015848932787775993
packet_number=327,correct=False,payload=[255,255,255,255,252,125,255,117,123,247,255,252,255,246,249,253,254,243,255,246,255,159,223,255,191,233,253,243,253,253,251,251,253,245,255,251,255,223,127,247,63,107,251,251,255,223,255,255,251,243,255,255,255,191,191,255,255,247,239,251,251,251,255,251,255,251,251,251,254,94,127,254,191,238,255,255,255,231,254,255,255,255,255,246,255,247,255,255,255,247,255,255,255,207,255,255,255,247,255,255]
CFO=5007.170414810112,STO=1
EsN0dB=18.05,GRXdB=20,N0=0.015848932787775993
packet_number=328,correct=True,payload=[0,1,2,3,4,5,6,7,8,9,10,11,12,13,14,15,16,17,18,19,20,21,22,23,24,25,26,27,28,29,30,31,32,33,34,35,36,37,38,39,40,41,42,43,44,45,46,47,48,49,50,51,52,53,54,55,56,57,58,59,60,61,62,63,64,65,66,67,68,69,70,71,72,73,74,75,76,77,78,79,80,81,82,83,84,85,86,87,88,89,90,91,92,93,94,95,96,97,98,99]
CFO=7879.333737010866,STO=5
EsN0dB=18.02,GRXdB=20,N0=0.015848932787775993
packet_number=329,correct=True,payload=[0,1,2,3,4,5,6,7,8,9,10,11,12,13,14,15,16,17,18,19,20,21,22,23,24,25,26,27,28,29,30,31,32,33,34,35,36,37,38,39,40,41,42,43,44,45,46,47,48,49,50,51,52,53,54,55,56,57,58,59,60,61,62,63,64,65,66,67,68,69,70,71,72,73,74,75,76,77,78,79,80,81,82,83,84,85,86,87,88,89,90,91,92,93,94,95,96,97,98,99]
CFO=6798.539780946204,STO=7
EsN0dB=17.99,GRXdB=20,N0=0.015848932787775993
packet_number=330,correct=True,payload=[0,1,2,3,4,5,6,7,8,9,10,11,12,13,14,15,16,17,18,19,20,21,22,23,24,25,26,27,28,29,30,31,32,33,34,35,36,37,38,39,40,41,42,43,44,45,46,47,48,49,50,51,52,53,54,55,56,57,58,59,60,61,62,63,64,65,66,67,68,69,70,71,72,73,74,75,76,77,78,79,80,81,82,83,84,85,86,87,88,89,90,91,92,93,94,95,96,97,98,99]
CFO=7648.183060024709,STO=6
EsN0dB=18.04,GRXdB=20,N0=0.015848932787775993
packet_number=331,correct=True,payload=[0,1,2,3,4,5,6,7,8,9,10,11,12,13,14,15,16,17,18,19,20,21,22,23,24,25,26,27,28,29,30,31,32,33,34,35,36,37,38,39,40,41,42,43,44,45,46,47,48,49,50,51,52,53,54,55,56,57,58,59,60,61,62,63,64,65,66,67,68,69,70,71,72,73,74,75,76,77,78,79,80,81,82,83,84,85,86,87,88,89,90,91,92,93,94,95,96,97,98,99]
CFO=-4428.465087589164,STO=5
EsN0dB=18.02,GRXdB=20,N0=0.015848932787775993
packet_number=332,correct=False,payload=[44,235,54,191,53,221,126,103,191,89,42,203,29,141,175,223,51,219,87,151,213,149,62,87,61,187,62,63,94,221,254,223,46,37,51,43,61,53,62,55,238,171,59,43,190,109,238,127,113,181,179,51,117,61,54,255,60,189,254,191,127,189,126,255,83,233,215,119,95,101,111,207,127,89,123,79,126,221,223,111,81,241,87,83,244,93,94,215,89,121,255,123,222,223,126,95,244,255,127,127]
CFO=-11605.804313992121,STO=4
EsN0dB=18.08,GRXdB=20,N0=0.015848932787775993
packet_number=333,correct=False,payload=[255,255,255,255,255,255,255,255,255,255,255,255,255,255,255,255,255,255,255,255,255,255,255,255,255,255,255,255,255,255,255,255,255,255,255,191,255,255,255,255,255,255,255,255,255,255,255,255,255,255,255,255,255,255,255,255,255,255,255,255,255,255,255,255,255,255,255,255,255,255,255,255,255,255,255,255,255,255,255,255,255,255,255,255,255,255,255,255,255,255,255,255,255,255,255,255,255,255,255,255]
CFO=-6171.185008405763,STO=4
EsN0dB=18.06,GRXdB=20,N0=0.015848932787775993
packet_number=334,correct=False,payload=[255,255,255,255,239,223,255,249,191,245,251,255,243,253,247,255,95,115,239,247,191,247,251,239,183,126,222,239,255,239,255,255,255,231,255,247,239,239,247,255,255,238,253,253,173,255,239,239,255,255,223,255,239,255,223,255,255,239,207,239,255,253,255,239,207,239,239,255,255,239,255,255,250,255,255,251,223,251,255,255,223,251,223,255,255,255,251,254,191,255,223,255,191,255,223,255,159,255,223,255]
CFO=2034.322277984946,STO=2
EsN0dB=18.05,GRXdB=20,N0=0.015848932787775993
packet_number=335,correct=False,payload=[128,3,6,7,12,15,14,15,16,27,30,31,28,31,30,31,48,51,54,55,60,62,62,63,56,59,62,63,60,63,62,63,96,67,102,103,108,111,110,111,120,123,126,127,92,127,126,127,112,115,118,119,124,127,126,127,120,123,126,127,124,127,124,127,192,203,198,199,204,207,206,207,216,218,222,158,156,219,222,223,224,226,246,167,252,255,254,255,249,251,254,254,252,255,254,255,232,227,230,231]
CFO=5651.558920230656,STO=4
EsN0dB=18.03,GRXdB=20,N0=0.015848932787775993
packet_number=336,correct=True,payload=[0,1,2,3,4,5,6,7,8,9,10,11,12,13,14,15,16,17,18,19,20,21,22,23,24,25,26,27,28,29,30,31,32,33,34,35,36,37,38,39,40,41,42,43,44,45,46,47,48,49,50,51,52,53,54,55,56,57,58,59,60,61,62,63,64,65,66,67,68,69,70,71,72,73,74,75,76,77,78,79,80,81,82,83,84,85,86,87,88,89,90,91,92,93,94,95,96,97,98,99]
CFO=4445.864045862387,STO=6
EsN0dB=18.00,GRXdB=20,N0=0.015848932787775993
packet_number=337,correct=True,payload=[0,1,2,3,4,5,6,7,8,9,10,11,12,13,14,15,16,17,18,19,20,21,22,23,24,25,26,27,28,29,30,31,32,33,34,35,36,37,38,39,40,41,42,43,44,45,46,47,48,49,50,51,52,53,54,55,56,57,58,59,60,61,62,63,64,65,66,67,68,69,70,71,72,73,74,75,76,77,78,79,80,81,82,83,84,85,86,87,88,89,90,91,92,93,94,95,96,97,98,99]
CFO=1413.289343555979,STO=4
EsN0dB=18.06,GRXdB=20,N0=0.015848932787775993
packet_number=338,correct=False,payload=[0,1,2,3,4,5,6,7,8,9,10,11,12,13,14,15,16,17,18,19,20,21,22,23,24,25,26,27,28,29,30,31,32,49,50,35,36,37,38,39,40,41,42,43,44,45,46,47,48,49,50,51,52,53,54,55,56,57,58,59,60,61,62,63,64,65,66,67,68,197,70,71,72,73,74,75,76,79,78,79,80,81,82,83,84,85,86,87,88,89,90,91,92,93,94,95,96,97,98,99]
CFO=2491.146911175901,STO=3
EsN0dB=18.06,GRXdB=20,N0=0.015848932787775993
packet_number=339,correct=True,payload=[0,1,2,3,4,5,6,7,8,9,10,11,12,13,14,15,16,17,18,19,20,21,22,23,24,25,26,27,28,29,30,31,32,33,34,35,36,37,38,39,40,41,42,43,44,45,46,47,48,49,50,51,52,53,54,55,56,57,58,59,60,61,62,63,64,65,66,67,68,69,70,71,72,73,74,75,76,77,78,79,80,81,82,83,84,85,86,87,88,89,90,91,92,93,94,95,96,97,98,99]
CFO=-3777.547822527603,STO=1
EsN0dB=18.11,GRXdB=20,N0=0.015848932787775993
packet_number=340,correct=False,payload=[255,255,247,255,252,199,90,50,62,116,255,118,249,218,249,252,251,226,252,248,253,163,185,245,185,225,251,253,253,241,249,241,253,227,253,245,255,131,159,55,59,227,251,123,251,195,223,251,255,243,251,251,251,231,155,179,255,243,251,247,251,207,223,255,251,227,251,247,254,143,159,126,190,230,127,255,255,222,222,247,255,255,254,254,255,151,159,191,191,231,255,247,255,207,255,255,255,247,255,247]
CFO=-790.7783135019392,STO=2
EsN0dB=18.01,GRXdB=20,N0=0.015848932787775993
packet_number=341,correct=False,payload=[8,1,130,71,68,21,6,23,9,9,10,11,76,13,142,15,16,17,18,19,20,21,22,23,24,25,26,27,28,157,30,31,40,33,34,35,44,37,38,39,41,41,110,43,44,45,174,47,48,49,50,51,52,53,54,55,57,57,58,59,188,61,62,127,64,65,66,75,68,69,70,79,72,73,74,75,76,77,78,207,80,81,114,83,84,85,86,95,88,89,90,91,92,95,94,95,96,101,106,99]
CFO=9075.020012651605,STO=1
EsN0dB=18.09,GRXdB=20,N0=0.015848932787775993
packet_number=342,correct=False,payload=[188,0,4,8,12,0,24,16,24,0,72,8,56,32,48,56,56,0,0,0,12,16,20,24,188,64,64,80,236,96,116,240,252,0,128,8,12,176,36,152,24,128,8,24,141,160,33,176,249,128,193,128,204,209,152,152,216,225,229,216,232,241,224,248,248,1,5,8,27,19,4,25,28,0,6,41,30,49,53,57,57,130,4,81,8,32,97,217,91,65,70,74,76,112,113,120,123,129,129,131]
CFO=11705.34293749644,STO=5
EsN0dB=18.04,GRXdB=20,N0=0.015848932787775993
packet_number=343,correct=True,payload=[0,1,2,3,4,5,6,7,8,9,10,11,12,13,14,15,16,17,18,19,20,21,22,23,24,25,26,27,28,29,30,31,32,33,34,35,36,37,38,39,40,41,42,43,44,45,46,47,48,49,50,51,52,53,54,55,56,57,58,59,60,61,62,63,64,65,66,67,68,69,70,71,72,73,74,75,76,77,78,79,80,81,82,83,84,85,86,87,88,89,90,91,92,93,94,95,96,97,98,99]
CFO=-601.7403180663252,STO=4
EsN0dB=18.04,GRXdB=20,N0=0.015848932787775993
packet_number=344,correct=False,payload=[0,3,2,3,4,133,22,15,8,9,10,75,12,13,30,15,16,17,18,83,84,21,22,23,24,57,26,27,28,29,30,31,40,101,34,163,36,37,46,39,40,41,42,43,108,45,46,111,176,57,54,51,52,181,55,55,56,57,58,59,60,61,126,63,81,65,66,67,68,69,70,79,72,73,90,91,76,77,78,79,80,81,82,211,84,93,94,87,88,93,90,91,92,93,94,95,96,97,98,99]
CFO=3357.261381165369,STO=5
EsN0dB=18.06,GRXdB=20,N0=0.015848932787775993
packet_number=345,correct=True,payload=[0,1,2,3,4,5,6,7,8,9,10,11,12,13,14,15,16,17,18,19,20,21,22,23,24,25,26,27,28,29,30,31,32,33,34,35,36,37,38,39,40,41,42,43,44,45,46,47,48,49,50,51,52,53,54,55,56,57,58,59,60,61,62,63,64,65,66,67,68,69,70,71,72,73,74,75,76,77,78,79,80,81,82,83,84,85,86,87,88,89,90,91,92,93,94,95,96,97,98,99]
CFO=9901.782158010566,STO=5
EsN0dB=18.01,GRXdB=20,N0=0.015848932787775993
packet_number=346,correct=True,payload=[0,1,2,3,4,5,6,7,8,9,10,11,12,13,14,15,16,17,18,19,20,21,22,23,24,25,26,27,28,29,30,31,32,33,34,35,36,37,38,39,40,41,42,43,44,45,46,47,48,49,50,51,52,53,54,55,56,57,58,59,60,61,62,63,64,65,66,67,68,69,70,71,72,73,74,75,76,77,78,79,80,81,82,83,84,85,86,87,88,89,90,91,92,93,94,95,96,97,98,99]
CFO=-8455.247698727262,STO=4
EsN0dB=18.07,GRXdB=20,N0=0.015848932787775993
packet_number=347,correct=False,payload=[255,255,255,255,255,255,223,187,255,255,254,255,255,255,223,255,255,254,251,235,255,255,255,255,255,255,255,255,255,255,255,255,255,255,255,255,255,255,255,255,255,255,255,255,127,255,255,255,255,255,255,255,255,255,255,255,255,255,255,255,255,255,255,251,255,255,255,255,255,255,63,255,255,255,253,255,255,255,255,255,255,255,255,255,255,247,127,255,255,255,255,255,255,255,255,255,255,231,255,255]
CFO=7287.522035682571,STO=2
EsN0dB=18.03,GRXdB=20,N0=0.015848932787775993
packet_number=348,correct=True,payload=[0,1,2,3,4,5,6,7,8,9,10,11,12,13,14,15,16,17,18,19,20,21,22,23,24,25,26,27,28,29,30,31,32,33,34,35,36,37,38,39,40,41,42,43,44,45,46,47,48,49,50,51,52,53,54,55,56,57,58,59,60,61,62,63,64,65,66,67,68,69,70,71,72,73,74,75,76,77,78,79,80,81,82,83,84,85,86,87,88,89,90,91,92,93,94,95,96,97,98,99]
CFO=11122.94598789284,STO=6
EsN0dB=18.07,GRXdB=20,N0=0.015848932787775993
packet_number=349,correct=True,payload=[0,1,2,3,4,5,6,7,8,9,10,11,12,13,14,15,16,17,18,19,20,21,22,23,24,25,26,27,28,29,30,31,32,33,34,35,36,37,38,39,40,41,42,43,44,45,46,47,48,49,50,51,52,53,54,55,56,57,58,59,60,61,62,63,64,65,66,67,68,69,70,71,72,73,74,75,76,77,78,79,80,81,82,83,84,85,86,87,88,89,90,91,92,93,94,95,96,97,98,99]
CFO=8044.909854777976,STO=7
EsN0dB=18.09,GRXdB=20,N0=0.015848932787775993
packet_number=350,correct=True,payload=[0,1,2,3,4,5,6,7,8,9,10,11,12,13,14,15,16,17,18,19,20,21,22,23,24,25,26,27,28,29,30,31,32,33,34,35,36,37,38,39,40,41,42,43,44,45,46,47,48,49,50,51,52,53,54,55,56,57,58,59,60,61,62,63,64,65,66,67,68,69,70,71,72,73,74,75,76,77,78,79,80,81,82,83,84,85,86,87,88,89,90,91,92,93,94,95,96,97,98,99]
CFO=6006.219338795722,STO=2
EsN0dB=18.11,GRXdB=20,N0=0.015848932787775993
packet_number=351,correct=False,payload=[157,191,224,0,64,192,97,129,225,193,194,2,67,130,195,131,195,195,196,6,68,134,229,133,231,197,199,7,66,134,199,7,231,199,204,8,108,204,237,141,233,201,206,10,110,207,207,15,207,203,206,14,110,140,237,12,239,205,207,15,79,207,207,143,79,199,248,24,80,208,249,25,113,145,243,3,83,147,219,139,211,219,220,28,126,148,247,155,255,159,246,30,118,158,247,151,87,215,248,28]
CFO=-11393.791447605387,STO=5
EsN0dB=18.09,GRXdB=20,N0=0.015848932787775993
packet_number=352,correct=False,payload=[255,255,255,255,255,255,255,255,255,255,255,255,255,255,255,255,255,255,255,255,255,255,255,255,255,255,255,255,255,255,255,255,255,255,255,255,255,255,255,255,255,255,255,255,255,255,255,255,255,255,255,255,255,255,255,255,255,255,255,255,255,255,255,255,255,255,255,255,255,255,255,255,255,255,255,255,255,255,255,255,255,255,255,255,255,255,255,255,255,255,255,255,255,255,255,255,255,255,255,255]
CFO=9705.818338898593,STO=5
EsN0dB=18.11,GRXdB=20,N0=0.015848932787775993
packet_number=353,correct=False,payload=[0,1,2,3,4,5,6,7,8,9,10,11,12,13,14,15,16,17,18,19,20,21,22,23,24,25,26,27,28,29,30,31,32,33,34,35,36,37,38,39,40,41,42,43,44,45,46,47,48,49,50,51,52,53,54,55,56,57,58,59,60,61,30,63,64,65,66,67,68,69,70,71,72,73,74,75,76,77,78,79,80,81,82,83,84,85,86,87,88,89,90,91,92,93,94,95,96,97,98,99]
CFO=-2931.565097957401,STO=6
EsN0dB=18.12,GRXdB=20,N0=0.015848932787775993
packet_number=354,correct=False,payload=[0,71,102,19,28,133,14,15,77,141,142,251,140,45,78,15,116,85,146,243,52,119,54,23,120,25,26,27,124,189,30,63,100,99,54,35,37,53,38,39,104,41,59,171,108,109,46,47,48,113,178,51,52,117,54,55,125,59,58,59,60,253,62,255,76,97,98,115,84,247,70,79,204,235,74,75,76,77,79,207,112,81,82,219,92,85,118,215,89,89,90,91,93,93,94,95,96,101,230,103]
CFO=-11371.855156721029,STO=3
EsN0dB=18.03,GRXdB=20,N0=0.015848932787775993
packet_number=355,correct=False,payload=[255,255,255,255,255,255,255,255,255,255,255,255,255,255,255,255,255,255,255,255,255,255,255,255,255,255,255,255,255,255,255,255,255,255,255,255,255,255,255,255,255,255,255,255,255,255,255,255,255,255,255,255,255,255,255,255,255,255,255,255,255,255,255,255,255,255,255,255,255,255,255,255,255,255,255,255,255,255,255,255,255,255,255,255,255,255,255,255,255,255,255,255,255,255,255,255,255,255,255,255]
CFO=6684.449059960219,STO=2
EsN0dB=18.06,GRXdB=20,N0=0.015848932787775993
packet_number=356,correct=False,payload=[0,1,2,3,4,5,6,7,12,9,10,15,14,13,14,15,16,17,146,19,20,21,22,23,152,25,30,27,28,29,30,31,32,33,34,35,36,53,166,39,40,45,42,43,44,47,62,47,48,49,178,51,52,52,54,55,60,61,58,59,60,61,190,63,64,65,66,99,68,69,70,103,72,73,74,79,204,77,78,79,80,81,210,83,84,85,87,119,216,89,90,91,92,93,95,95,96,113,98,99]
CFO=12223.19649671819,STO=2
EsN0dB=17.97,GRXdB=20,N0=0.015848932787775993
packet_number=357,correct=True,payload=[0,1,2,3,4,5,6,7,8,9,10,11,12,13,14,15,16,17,18,19,20,21,22,23,24,25,26,27,28,29,30,31,32,33,34,35,36,37,38,39,40,41,42,43,44,45,46,47,48,49,50,51,52,53,54,55,56,57,58,59,60,61,62,63,64,65,66,67,68,69,70,71,72,73,74,75,76,77,78,79,80,81,82,83,84,85,86,87,88,89,90,91,92,93,94,95,96,97,98,99]
CFO=7092.727886465962,STO=6
EsN0dB=18.03,GRXdB=20,N0=0.015848932787775993
packet_number=358,correct=True,payload=[0,1,2,3,4,5,6,7,8,9,10,11,12,13,14,15,16,17,18,19,20,21,22,23,24,25,26,27,28,29,30,31,32,33,34,35,36,37,38,39,40,41,42,43,44,45,46,47,48,49,50,51,52,53,54,55,56,57,58,59,60,61,62,63,64,65,66,67,68,69,70,71,72,73,74,75,76,77,78,79,80,81,82,83,84,85,86,87,88,89,90,91,92,93,94,95,96,97,98,99]
CFO=-9195.460912290931,STO=4
EsN0dB=18.04,GRXdB=20,N0=0.015848932787775993
packet_number=359,correct=False,payload=[255,255,255,255,255,255,255,255,255,255,255,255,253,255,255,255,255,255,255,255,255,255,255,255,255,255,255,255,255,255,255,255,255,255,255,255,253,255,255,219,255,255,255,255,255,255,255,127,255,255,255,255,255,255,255,255,255,255,253,255,255,247,221,255,223,255,255,255,255,255,255,255,255,255,126,255,255,255,255,255,255,239,255,255,255,255,255,255,255,255,255,255,191,255,255,255,255,255,255,255]
CFO=-3777.679445964733,STO=4
EsN0dB=18.04,GRXdB=20,N0=0.015848932787775993
packet_number=360,correct=False,payload=[2,137,18,131,21,229,158,31,63,201,74,171,31,79,142,95,117,53,126,23,21,151,94,23,156,155,218,59,220,159,254,31,33,33,163,119,180,45,46,39,237,121,171,43,108,125,175,255,184,179,114,179,116,63,54,183,248,123,127,251,60,189,127,127,121,73,75,235,92,215,118,199,108,125,90,251,76,205,110,127,85,81,94,87,84,213,118,119,120,219,95,123,222,223,223,95,106,119,110,231]
