CFO=-1049.0004926953104,STO=4
EsN0dB=22.17,GRXdB=10,N0=9.999999747378752e-05
packet_number=1,correct=True,payload=[0,1,2,3,4,5,6,7,8,9,10,11,12,13,14,15,16,17,18,19,20,21,22,23,24,25,26,27,28,29,30,31,32,33,34,35,36,37,38,39,40,41,42,43,44,45,46,47,48,49,50,51,52,53,54,55,56,57,58,59,60,61,62,63,64,65,66,67,68,69,70,71,72,73,74,75,76,77,78,79,80,81,82,83,84,85,86,87,88,89,90,91,92,93,94,95,96,97,98,99]
CFO=-1085.5248107022805,STO=4
EsN0dB=22.22,GRXdB=10,N0=9.999999747378752e-05
packet_number=2,correct=True,payload=[0,1,2,3,4,5,6,7,8,9,10,11,12,13,14,15,16,17,18,19,20,21,22,23,24,25,26,27,28,29,30,31,32,33,34,35,36,37,38,39,40,41,42,43,44,45,46,47,48,49,50,51,52,53,54,55,56,57,58,59,60,61,62,63,64,65,66,67,68,69,70,71,72,73,74,75,76,77,78,79,80,81,82,83,84,85,86,87,88,89,90,91,92,93,94,95,96,97,98,99]
CFO=-1135.917851534896,STO=4
EsN0dB=22.21,GRXdB=10,N0=9.999999747378752e-05
packet_number=3,correct=True,payload=[0,1,2,3,4,5,6,7,8,9,10,11,12,13,14,15,16,17,18,19,20,21,22,23,24,25,26,27,28,29,30,31,32,33,34,35,36,37,38,39,40,41,42,43,44,45,46,47,48,49,50,51,52,53,54,55,56,57,58,59,60,61,62,63,64,65,66,67,68,69,70,71,72,73,74,75,76,77,78,79,80,81,82,83,84,85,86,87,88,89,90,91,92,93,94,95,96,97,98,99]
CFO=-1047.4174540595523,STO=4
EsN0dB=22.17,GRXdB=10,N0=9.999999747378752e-05
packet_number=4,correct=True,payload=[0,1,2,3,4,5,6,7,8,9,10,11,12,13,14,15,16,17,18,19,20,21,22,23,24,25,26,27,28,29,30,31,32,33,34,35,36,37,38,39,40,41,42,43,44,45,46,47,48,49,50,51,52,53,54,55,56,57,58,59,60,61,62,63,64,65,66,67,68,69,70,71,72,73,74,75,76,77,78,79,80,81,82,83,84,85,86,87,88,89,90,91,92,93,94,95,96,97,98,99]
CFO=-1069.040457447605,STO=4
EsN0dB=22.20,GRXdB=10,N0=9.999999747378752e-05
packet_number=5,correct=True,payload=[0,1,2,3,4,5,6,7,8,9,10,11,12,13,14,15,16,17,18,19,20,21,22,23,24,25,26,27,28,29,30,31,32,33,34,35,36,37,38,39,40,41,42,43,44,45,46,47,48,49,50,51,52,53,54,55,56,57,58,59,60,61,62,63,64,65,66,67,68,69,70,71,72,73,74,75,76,77,78,79,80,81,82,83,84,85,86,87,88,89,90,91,92,93,94,95,96,97,98,99]
CFO=-1070.1464500585198,STO=5
EsN0dB=22.22,GRXdB=10,N0=9.999999747378752e-05
packet_number=6,correct=True,payload=[0,1,2,3,4,5,6,7,8,9,10,11,12,13,14,15,16,17,18,19,20,21,22,23,24,25,26,27,28,29,30,31,32,33,34,35,36,37,38,39,40,41,42,43,44,45,46,47,48,49,50,51,52,53,54,55,56,57,58,59,60,61,62,63,64,65,66,67,68,69,70,71,72,73,74,75,76,77,78,79,80,81,82,83,84,85,86,87,88,89,90,91,92,93,94,95,96,97,98,99]
CFO=-1048.0051349193889,STO=4
EsN0dB=22.19,GRXdB=10,N0=9.999999747378752e-05
packet_number=7,correct=True,payload=[0,1,2,3,4,5,6,7,8,9,10,11,12,13,14,15,16,17,18,19,20,21,22,23,24,25,26,27,28,29,30,31,32,33,34,35,36,37,38,39,40,41,42,43,44,45,46,47,48,49,50,51,52,53,54,55,56,57,58,59,60,61,62,63,64,65,66,67,68,69,70,71,72,73,74,75,76,77,78,79,80,81,82,83,84,85,86,87,88,89,90,91,92,93,94,95,96,97,98,99]
CFO=-1025.105502770844,STO=4
EsN0dB=22.17,GRXdB=10,N0=9.999999747378752e-05
packet_number=8,correct=True,payload=[0,1,2,3,4,5,6,7,8,9,10,11,12,13,14,15,16,17,18,19,20,21,22,23,24,25,26,27,28,29,30,31,32,33,34,35,36,37,38,39,40,41,42,43,44,45,46,47,48,49,50,51,52,53,54,55,56,57,58,59,60,61,62,63,64,65,66,67,68,69,70,71,72,73,74,75,76,77,78,79,80,81,82,83,84,85,86,87,88,89,90,91,92,93,94,95,96,97,98,99]
CFO=-1077.7293829933112,STO=4
EsN0dB=22.20,GRXdB=10,N0=9.999999747378752e-05
packet_number=9,correct=True,payload=[0,1,2,3,4,5,6,7,8,9,10,11,12,13,14,15,16,17,18,19,20,21,22,23,24,25,26,27,28,29,30,31,32,33,34,35,36,37,38,39,40,41,42,43,44,45,46,47,48,49,50,51,52,53,54,55,56,57,58,59,60,61,62,63,64,65,66,67,68,69,70,71,72,73,74,75,76,77,78,79,80,81,82,83,84,85,86,87,88,89,90,91,92,93,94,95,96,97,98,99]
CFO=-1065.65228044839,STO=4
EsN0dB=22.23,GRXdB=10,N0=9.999999747378752e-05
packet_number=10,correct=True,payload=[0,1,2,3,4,5,6,7,8,9,10,11,12,13,14,15,16,17,18,19,20,21,22,23,24,25,26,27,28,29,30,31,32,33,34,35,36,37,38,39,40,41,42,43,44,45,46,47,48,49,50,51,52,53,54,55,56,57,58,59,60,61,62,63,64,65,66,67,68,69,70,71,72,73,74,75,76,77,78,79,80,81,82,83,84,85,86,87,88,89,90,91,92,93,94,95,96,97,98,99]
CFO=-1064.0885702993455,STO=5
EsN0dB=22.21,GRXdB=10,N0=9.999999747378752e-05
packet_number=11,correct=True,payload=[0,1,2,3,4,5,6,7,8,9,10,11,12,13,14,15,16,17,18,19,20,21,22,23,24,25,26,27,28,29,30,31,32,33,34,35,36,37,38,39,40,41,42,43,44,45,46,47,48,49,50,51,52,53,54,55,56,57,58,59,60,61,62,63,64,65,66,67,68,69,70,71,72,73,74,75,76,77,78,79,80,81,82,83,84,85,86,87,88,89,90,91,92,93,94,95,96,97,98,99]
CFO=-1083.0040440117227,STO=4
EsN0dB=22.14,GRXdB=10,N0=9.999999747378752e-05
packet_number=12,correct=True,payload=[0,1,2,3,4,5,6,7,8,9,10,11,12,13,14,15,16,17,18,19,20,21,22,23,24,25,26,27,28,29,30,31,32,33,34,35,36,37,38,39,40,41,42,43,44,45,46,47,48,49,50,51,52,53,54,55,56,57,58,59,60,61,62,63,64,65,66,67,68,69,70,71,72,73,74,75,76,77,78,79,80,81,82,83,84,85,86,87,88,89,90,91,92,93,94,95,96,97,98,99]
CFO=-1037.7585467879658,STO=4
EsN0dB=22.14,GRXdB=10,N0=9.999999747378752e-05
packet_number=13,correct=True,payload=[0,1,2,3,4,5,6,7,8,9,10,11,12,13,14,15,16,17,18,19,20,21,22,23,24,25,26,27,28,29,30,31,32,33,34,35,36,37,38,39,40,41,42,43,44,45,46,47,48,49,50,51,52,53,54,55,56,57,58,59,60,61,62,63,64,65,66,67,68,69,70,71,72,73,74,75,76,77,78,79,80,81,82,83,84,85,86,87,88,89,90,91,92,93,94,95,96,97,98,99]
CFO=-1076.3883654703307,STO=4
EsN0dB=22.15,GRXdB=10,N0=9.999999747378752e-05
packet_number=14,correct=True,payload=[0,1,2,3,4,5,6,7,8,9,10,11,12,13,14,15,16,17,18,19,20,21,22,23,24,25,26,27,28,29,30,31,32,33,34,35,36,37,38,39,40,41,42,43,44,45,46,47,48,49,50,51,52,53,54,55,56,57,58,59,60,61,62,63,64,65,66,67,68,69,70,71,72,73,74,75,76,77,78,79,80,81,82,83,84,85,86,87,88,89,90,91,92,93,94,95,96,97,98,99]
CFO=-963.2101150687769,STO=4
EsN0dB=22.19,GRXdB=10,N0=9.999999747378752e-05
packet_number=15,correct=True,payload=[0,1,2,3,4,5,6,7,8,9,10,11,12,13,14,15,16,17,18,19,20,21,22,23,24,25,26,27,28,29,30,31,32,33,34,35,36,37,38,39,40,41,42,43,44,45,46,47,48,49,50,51,52,53,54,55,56,57,58,59,60,61,62,63,64,65,66,67,68,69,70,71,72,73,74,75,76,77,78,79,80,81,82,83,84,85,86,87,88,89,90,91,92,93,94,95,96,97,98,99]
CFO=-1009.1244016487643,STO=4
EsN0dB=22.21,GRXdB=10,N0=9.999999747378752e-05
packet_number=16,correct=True,payload=[0,1,2,3,4,5,6,7,8,9,10,11,12,13,14,15,16,17,18,19,20,21,22,23,24,25,26,27,28,29,30,31,32,33,34,35,36,37,38,39,40,41,42,43,44,45,46,47,48,49,50,51,52,53,54,55,56,57,58,59,60,61,62,63,64,65,66,67,68,69,70,71,72,73,74,75,76,77,78,79,80,81,82,83,84,85,86,87,88,89,90,91,92,93,94,95,96,97,98,99]
CFO=-1020.0292255455128,STO=5
EsN0dB=22.20,GRXdB=10,N0=9.999999747378752e-05
packet_number=17,correct=True,payload=[0,1,2,3,4,5,6,7,8,9,10,11,12,13,14,15,16,17,18,19,20,21,22,23,24,25,26,27,28,29,30,31,32,33,34,35,36,37,38,39,40,41,42,43,44,45,46,47,48,49,50,51,52,53,54,55,56,57,58,59,60,61,62,63,64,65,66,67,68,69,70,71,72,73,74,75,76,77,78,79,80,81,82,83,84,85,86,87,88,89,90,91,92,93,94,95,96,97,98,99]
CFO=-1090.265981771458,STO=7
EsN0dB=22.21,GRXdB=10,N0=9.999999747378752e-05
packet_number=18,correct=True,payload=[0,1,2,3,4,5,6,7,8,9,10,11,12,13,14,15,16,17,18,19,20,21,22,23,24,25,26,27,28,29,30,31,32,33,34,35,36,37,38,39,40,41,42,43,44,45,46,47,48,49,50,51,52,53,54,55,56,57,58,59,60,61,62,63,64,65,66,67,68,69,70,71,72,73,74,75,76,77,78,79,80,81,82,83,84,85,86,87,88,89,90,91,92,93,94,95,96,97,98,99]
CFO=-1043.990738666583,STO=5
EsN0dB=22.18,GRXdB=10,N0=9.999999747378752e-05
packet_number=19,correct=True,payload=[0,1,2,3,4,5,6,7,8,9,10,11,12,13,14,15,16,17,18,19,20,21,22,23,24,25,26,27,28,29,30,31,32,33,34,35,36,37,38,39,40,41,42,43,44,45,46,47,48,49,50,51,52,53,54,55,56,57,58,59,60,61,62,63,64,65,66,67,68,69,70,71,72,73,74,75,76,77,78,79,80,81,82,83,84,85,86,87,88,89,90,91,92,93,94,95,96,97,98,99]
CFO=-1067.6254462086158,STO=4
EsN0dB=22.16,GRXdB=10,N0=9.999999747378752e-05
packet_number=20,correct=True,payload=[0,1,2,3,4,5,6,7,8,9,10,11,12,13,14,15,16,17,18,19,20,21,22,23,24,25,26,27,28,29,30,31,32,33,34,35,36,37,38,39,40,41,42,43,44,45,46,47,48,49,50,51,52,53,54,55,56,57,58,59,60,61,62,63,64,65,66,67,68,69,70,71,72,73,74,75,76,77,78,79,80,81,82,83,84,85,86,87,88,89,90,91,92,93,94,95,96,97,98,99]
CFO=-1031.140615232785,STO=4
EsN0dB=22.26,GRXdB=10,N0=9.999999747378752e-05
packet_number=21,correct=True,payload=[0,1,2,3,4,5,6,7,8,9,10,11,12,13,14,15,16,17,18,19,20,21,22,23,24,25,26,27,28,29,30,31,32,33,34,35,36,37,38,39,40,41,42,43,44,45,46,47,48,49,50,51,52,53,54,55,56,57,58,59,60,61,62,63,64,65,66,67,68,69,70,71,72,73,74,75,76,77,78,79,80,81,82,83,84,85,86,87,88,89,90,91,92,93,94,95,96,97,98,99]
CFO=-1114.7970330623818,STO=4
EsN0dB=22.17,GRXdB=10,N0=9.999999747378752e-05
packet_number=22,correct=True,payload=[0,1,2,3,4,5,6,7,8,9,10,11,12,13,14,15,16,17,18,19,20,21,22,23,24,25,26,27,28,29,30,31,32,33,34,35,36,37,38,39,40,41,42,43,44,45,46,47,48,49,50,51,52,53,54,55,56,57,58,59,60,61,62,63,64,65,66,67,68,69,70,71,72,73,74,75,76,77,78,79,80,81,82,83,84,85,86,87,88,89,90,91,92,93,94,95,96,97,98,99]
CFO=-1145.054296766846,STO=4
EsN0dB=22.23,GRXdB=10,N0=9.999999747378752e-05
packet_number=23,correct=True,payload=[0,1,2,3,4,5,6,7,8,9,10,11,12,13,14,15,16,17,18,19,20,21,22,23,24,25,26,27,28,29,30,31,32,33,34,35,36,37,38,39,40,41,42,43,44,45,46,47,48,49,50,51,52,53,54,55,56,57,58,59,60,61,62,63,64,65,66,67,68,69,70,71,72,73,74,75,76,77,78,79,80,81,82,83,84,85,86,87,88,89,90,91,92,93,94,95,96,97,98,99]
CFO=-1047.3942124436267,STO=4
EsN0dB=22.19,GRXdB=10,N0=9.999999747378752e-05
packet_number=24,correct=True,payload=[0,1,2,3,4,5,6,7,8,9,10,11,12,13,14,15,16,17,18,19,20,21,22,23,24,25,26,27,28,29,30,31,32,33,34,35,36,37,38,39,40,41,42,43,44,45,46,47,48,49,50,51,52,53,54,55,56,57,58,59,60,61,62,63,64,65,66,67,68,69,70,71,72,73,74,75,76,77,78,79,80,81,82,83,84,85,86,87,88,89,90,91,92,93,94,95,96,97,98,99]
CFO=-1048.756337148417,STO=4
EsN0dB=22.20,GRXdB=10,N0=9.999999747378752e-05
packet_number=25,correct=True,payload=[0,1,2,3,4,5,6,7,8,9,10,11,12,13,14,15,16,17,18,19,20,21,22,23,24,25,26,27,28,29,30,31,32,33,34,35,36,37,38,39,40,41,42,43,44,45,46,47,48,49,50,51,52,53,54,55,56,57,58,59,60,61,62,63,64,65,66,67,68,69,70,71,72,73,74,75,76,77,78,79,80,81,82,83,84,85,86,87,88,89,90,91,92,93,94,95,96,97,98,99]
CFO=-1103.5090782418781,STO=3
EsN0dB=22.20,GRXdB=10,N0=9.999999747378752e-05
packet_number=26,correct=True,payload=[0,1,2,3,4,5,6,7,8,9,10,11,12,13,14,15,16,17,18,19,20,21,22,23,24,25,26,27,28,29,30,31,32,33,34,35,36,37,38,39,40,41,42,43,44,45,46,47,48,49,50,51,52,53,54,55,56,57,58,59,60,61,62,63,64,65,66,67,68,69,70,71,72,73,74,75,76,77,78,79,80,81,82,83,84,85,86,87,88,89,90,91,92,93,94,95,96,97,98,99]
CFO=-1074.5144508964815,STO=4
EsN0dB=22.18,GRXdB=10,N0=9.999999747378752e-05
packet_number=27,correct=True,payload=[0,1,2,3,4,5,6,7,8,9,10,11,12,13,14,15,16,17,18,19,20,21,22,23,24,25,26,27,28,29,30,31,32,33,34,35,36,37,38,39,40,41,42,43,44,45,46,47,48,49,50,51,52,53,54,55,56,57,58,59,60,61,62,63,64,65,66,67,68,69,70,71,72,73,74,75,76,77,78,79,80,81,82,83,84,85,86,87,88,89,90,91,92,93,94,95,96,97,98,99]
CFO=-1089.1080512637293,STO=4
EsN0dB=22.22,GRXdB=10,N0=9.999999747378752e-05
packet_number=28,correct=True,payload=[0,1,2,3,4,5,6,7,8,9,10,11,12,13,14,15,16,17,18,19,20,21,22,23,24,25,26,27,28,29,30,31,32,33,34,35,36,37,38,39,40,41,42,43,44,45,46,47,48,49,50,51,52,53,54,55,56,57,58,59,60,61,62,63,64,65,66,67,68,69,70,71,72,73,74,75,76,77,78,79,80,81,82,83,84,85,86,87,88,89,90,91,92,93,94,95,96,97,98,99]
CFO=-1007.1014324258404,STO=4
EsN0dB=22.17,GRXdB=10,N0=9.999999747378752e-05
packet_number=29,correct=True,payload=[0,1,2,3,4,5,6,7,8,9,10,11,12,13,14,15,16,17,18,19,20,21,22,23,24,25,26,27,28,29,30,31,32,33,34,35,36,37,38,39,40,41,42,43,44,45,46,47,48,49,50,51,52,53,54,55,56,57,58,59,60,61,62,63,64,65,66,67,68,69,70,71,72,73,74,75,76,77,78,79,80,81,82,83,84,85,86,87,88,89,90,91,92,93,94,95,96,97,98,99]
CFO=-1131.226839667436,STO=4
EsN0dB=22.24,GRXdB=10,N0=9.999999747378752e-05
packet_number=30,correct=True,payload=[0,1,2,3,4,5,6,7,8,9,10,11,12,13,14,15,16,17,18,19,20,21,22,23,24,25,26,27,28,29,30,31,32,33,34,35,36,37,38,39,40,41,42,43,44,45,46,47,48,49,50,51,52,53,54,55,56,57,58,59,60,61,62,63,64,65,66,67,68,69,70,71,72,73,74,75,76,77,78,79,80,81,82,83,84,85,86,87,88,89,90,91,92,93,94,95,96,97,98,99]
CFO=-1038.1942085069002,STO=6
EsN0dB=22.18,GRXdB=10,N0=9.999999747378752e-05
packet_number=31,correct=True,payload=[0,1,2,3,4,5,6,7,8,9,10,11,12,13,14,15,16,17,18,19,20,21,22,23,24,25,26,27,28,29,30,31,32,33,34,35,36,37,38,39,40,41,42,43,44,45,46,47,48,49,50,51,52,53,54,55,56,57,58,59,60,61,62,63,64,65,66,67,68,69,70,71,72,73,74,75,76,77,78,79,80,81,82,83,84,85,86,87,88,89,90,91,92,93,94,95,96,97,98,99]
CFO=-1029.6135462027255,STO=4
EsN0dB=22.21,GRXdB=10,N0=9.999999747378752e-05
packet_number=32,correct=True,payload=[0,1,2,3,4,5,6,7,8,9,10,11,12,13,14,15,16,17,18,19,20,21,22,23,24,25,26,27,28,29,30,31,32,33,34,35,36,37,38,39,40,41,42,43,44,45,46,47,48,49,50,51,52,53,54,55,56,57,58,59,60,61,62,63,64,65,66,67,68,69,70,71,72,73,74,75,76,77,78,79,80,81,82,83,84,85,86,87,88,89,90,91,92,93,94,95,96,97,98,99]
CFO=-1055.1027212522206,STO=4
EsN0dB=22.21,GRXdB=10,N0=9.999999747378752e-05
packet_number=33,correct=True,payload=[0,1,2,3,4,5,6,7,8,9,10,11,12,13,14,15,16,17,18,19,20,21,22,23,24,25,26,27,28,29,30,31,32,33,34,35,36,37,38,39,40,41,42,43,44,45,46,47,48,49,50,51,52,53,54,55,56,57,58,59,60,61,62,63,64,65,66,67,68,69,70,71,72,73,74,75,76,77,78,79,80,81,82,83,84,85,86,87,88,89,90,91,92,93,94,95,96,97,98,99]
CFO=-981.927679306766,STO=4
EsN0dB=22.17,GRXdB=10,N0=9.999999747378752e-05
packet_number=34,correct=True,payload=[0,1,2,3,4,5,6,7,8,9,10,11,12,13,14,15,16,17,18,19,20,21,22,23,24,25,26,27,28,29,30,31,32,33,34,35,36,37,38,39,40,41,42,43,44,45,46,47,48,49,50,51,52,53,54,55,56,57,58,59,60,61,62,63,64,65,66,67,68,69,70,71,72,73,74,75,76,77,78,79,80,81,82,83,84,85,86,87,88,89,90,91,92,93,94,95,96,97,98,99]
CFO=-1081.3395411405513,STO=4
EsN0dB=22.21,GRXdB=10,N0=9.999999747378752e-05
packet_number=35,correct=True,payload=[0,1,2,3,4,5,6,7,8,9,10,11,12,13,14,15,16,17,18,19,20,21,22,23,24,25,26,27,28,29,30,31,32,33,34,35,36,37,38,39,40,41,42,43,44,45,46,47,48,49,50,51,52,53,54,55,56,57,58,59,60,61,62,63,64,65,66,67,68,69,70,71,72,73,74,75,76,77,78,79,80,81,82,83,84,85,86,87,88,89,90,91,92,93,94,95,96,97,98,99]
CFO=-1068.9901796662145,STO=4
EsN0dB=22.17,GRXdB=10,N0=9.999999747378752e-05
packet_number=36,correct=True,payload=[0,1,2,3,4,5,6,7,8,9,10,11,12,13,14,15,16,17,18,19,20,21,22,23,24,25,26,27,28,29,30,31,32,33,34,35,36,37,38,39,40,41,42,43,44,45,46,47,48,49,50,51,52,53,54,55,56,57,58,59,60,61,62,63,64,65,66,67,68,69,70,71,72,73,74,75,76,77,78,79,80,81,82,83,84,85,86,87,88,89,90,91,92,93,94,95,96,97,98,99]
CFO=-1064.8454643526823,STO=4
EsN0dB=22.24,GRXdB=10,N0=9.999999747378752e-05
packet_number=37,correct=True,payload=[0,1,2,3,4,5,6,7,8,9,10,11,12,13,14,15,16,17,18,19,20,21,22,23,24,25,26,27,28,29,30,31,32,33,34,35,36,37,38,39,40,41,42,43,44,45,46,47,48,49,50,51,52,53,54,55,56,57,58,59,60,61,62,63,64,65,66,67,68,69,70,71,72,73,74,75,76,77,78,79,80,81,82,83,84,85,86,87,88,89,90,91,92,93,94,95,96,97,98,99]
CFO=-1075.3397654211915,STO=4
EsN0dB=22.25,GRXdB=10,N0=9.999999747378752e-05
packet_number=38,correct=True,payload=[0,1,2,3,4,5,6,7,8,9,10,11,12,13,14,15,16,17,18,19,20,21,22,23,24,25,26,27,28,29,30,31,32,33,34,35,36,37,38,39,40,41,42,43,44,45,46,47,48,49,50,51,52,53,54,55,56,57,58,59,60,61,62,63,64,65,66,67,68,69,70,71,72,73,74,75,76,77,78,79,80,81,82,83,84,85,86,87,88,89,90,91,92,93,94,95,96,97,98,99]
CFO=-1067.7371482606673,STO=4
EsN0dB=22.23,GRXdB=10,N0=9.999999747378752e-05
packet_number=39,correct=True,payload=[0,1,2,3,4,5,6,7,8,9,10,11,12,13,14,15,16,17,18,19,20,21,22,23,24,25,26,27,28,29,30,31,32,33,34,35,36,37,38,39,40,41,42,43,44,45,46,47,48,49,50,51,52,53,54,55,56,57,58,59,60,61,62,63,64,65,66,67,68,69,70,71,72,73,74,75,76,77,78,79,80,81,82,83,84,85,86,87,88,89,90,91,92,93,94,95,96,97,98,99]
CFO=-1080.4748581643755,STO=4
EsN0dB=22.21,GRXdB=10,N0=9.999999747378752e-05
packet_number=40,correct=True,payload=[0,1,2,3,4,5,6,7,8,9,10,11,12,13,14,15,16,17,18,19,20,21,22,23,24,25,26,27,28,29,30,31,32,33,34,35,36,37,38,39,40,41,42,43,44,45,46,47,48,49,50,51,52,53,54,55,56,57,58,59,60,61,62,63,64,65,66,67,68,69,70,71,72,73,74,75,76,77,78,79,80,81,82,83,84,85,86,87,88,89,90,91,92,93,94,95,96,97,98,99]
CFO=-1008.2877034754378,STO=4
EsN0dB=22.19,GRXdB=10,N0=9.999999747378752e-05
packet_number=41,correct=True,payload=[0,1,2,3,4,5,6,7,8,9,10,11,12,13,14,15,16,17,18,19,20,21,22,23,24,25,26,27,28,29,30,31,32,33,34,35,36,37,38,39,40,41,42,43,44,45,46,47,48,49,50,51,52,53,54,55,56,57,58,59,60,61,62,63,64,65,66,67,68,69,70,71,72,73,74,75,76,77,78,79,80,81,82,83,84,85,86,87,88,89,90,91,92,93,94,95,96,97,98,99]
CFO=-1045.8704636444136,STO=5
EsN0dB=22.16,GRXdB=10,N0=9.999999747378752e-05
packet_number=42,correct=True,payload=[0,1,2,3,4,5,6,7,8,9,10,11,12,13,14,15,16,17,18,19,20,21,22,23,24,25,26,27,28,29,30,31,32,33,34,35,36,37,38,39,40,41,42,43,44,45,46,47,48,49,50,51,52,53,54,55,56,57,58,59,60,61,62,63,64,65,66,67,68,69,70,71,72,73,74,75,76,77,78,79,80,81,82,83,84,85,86,87,88,89,90,91,92,93,94,95,96,97,98,99]
CFO=-1053.3520109587125,STO=4
EsN0dB=22.26,GRXdB=10,N0=9.999999747378752e-05
packet_number=43,correct=True,payload=[0,1,2,3,4,5,6,7,8,9,10,11,12,13,14,15,16,17,18,19,20,21,22,23,24,25,26,27,28,29,30,31,32,33,34,35,36,37,38,39,40,41,42,43,44,45,46,47,48,49,50,51,52,53,54,55,56,57,58,59,60,61,62,63,64,65,66,67,68,69,70,71,72,73,74,75,76,77,78,79,80,81,82,83,84,85,86,87,88,89,90,91,92,93,94,95,96,97,98,99]
CFO=-998.6554766302966,STO=4
EsN0dB=22.21,GRXdB=10,N0=9.999999747378752e-05
packet_number=44,correct=True,payload=[0,1,2,3,4,5,6,7,8,9,10,11,12,13,14,15,16,17,18,19,20,21,22,23,24,25,26,27,28,29,30,31,32,33,34,35,36,37,38,39,40,41,42,43,44,45,46,47,48,49,50,51,52,53,54,55,56,57,58,59,60,61,62,63,64,65,66,67,68,69,70,71,72,73,74,75,76,77,78,79,80,81,82,83,84,85,86,87,88,89,90,91,92,93,94,95,96,97,98,99]
CFO=-1098.8334817319196,STO=5
EsN0dB=22.19,GRXdB=10,N0=9.999999747378752e-05
packet_number=45,correct=True,payload=[0,1,2,3,4,5,6,7,8,9,10,11,12,13,14,15,16,17,18,19,20,21,22,23,24,25,26,27,28,29,30,31,32,33,34,35,36,37,38,39,40,41,42,43,44,45,46,47,48,49,50,51,52,53,54,55,56,57,58,59,60,61,62,63,64,65,66,67,68,69,70,71,72,73,74,75,76,77,78,79,80,81,82,83,84,85,86,87,88,89,90,91,92,93,94,95,96,97,98,99]
CFO=-1004.9986590829266,STO=4
EsN0dB=22.18,GRXdB=10,N0=9.999999747378752e-05
packet_number=46,correct=True,payload=[0,1,2,3,4,5,6,7,8,9,10,11,12,13,14,15,16,17,18,19,20,21,22,23,24,25,26,27,28,29,30,31,32,33,34,35,36,37,38,39,40,41,42,43,44,45,46,47,48,49,50,51,52,53,54,55,56,57,58,59,60,61,62,63,64,65,66,67,68,69,70,71,72,73,74,75,76,77,78,79,80,81,82,83,84,85,86,87,88,89,90,91,92,93,94,95,96,97,98,99]
CFO=-1073.3607892569842,STO=5
EsN0dB=22.23,GRXdB=10,N0=9.999999747378752e-05
packet_number=47,correct=True,payload=[0,1,2,3,4,5,6,7,8,9,10,11,12,13,14,15,16,17,18,19,20,21,22,23,24,25,26,27,28,29,30,31,32,33,34,35,36,37,38,39,40,41,42,43,44,45,46,47,48,49,50,51,52,53,54,55,56,57,58,59,60,61,62,63,64,65,66,67,68,69,70,71,72,73,74,75,76,77,78,79,80,81,82,83,84,85,86,87,88,89,90,91,92,93,94,95,96,97,98,99]
CFO=-1045.532867315125,STO=4
EsN0dB=22.16,GRXdB=10,N0=9.999999747378752e-05
packet_number=48,correct=True,payload=[0,1,2,3,4,5,6,7,8,9,10,11,12,13,14,15,16,17,18,19,20,21,22,23,24,25,26,27,28,29,30,31,32,33,34,35,36,37,38,39,40,41,42,43,44,45,46,47,48,49,50,51,52,53,54,55,56,57,58,59,60,61,62,63,64,65,66,67,68,69,70,71,72,73,74,75,76,77,78,79,80,81,82,83,84,85,86,87,88,89,90,91,92,93,94,95,96,97,98,99]
CFO=-997.8434430289727,STO=5
EsN0dB=22.22,GRXdB=10,N0=9.999999747378752e-05
packet_number=49,correct=True,payload=[0,1,2,3,4,5,6,7,8,9,10,11,12,13,14,15,16,17,18,19,20,21,22,23,24,25,26,27,28,29,30,31,32,33,34,35,36,37,38,39,40,41,42,43,44,45,46,47,48,49,50,51,52,53,54,55,56,57,58,59,60,61,62,63,64,65,66,67,68,69,70,71,72,73,74,75,76,77,78,79,80,81,82,83,84,85,86,87,88,89,90,91,92,93,94,95,96,97,98,99]
CFO=-1107.7186566365908,STO=4
EsN0dB=22.18,GRXdB=10,N0=9.999999747378752e-05
packet_number=50,correct=True,payload=[0,1,2,3,4,5,6,7,8,9,10,11,12,13,14,15,16,17,18,19,20,21,22,23,24,25,26,27,28,29,30,31,32,33,34,35,36,37,38,39,40,41,42,43,44,45,46,47,48,49,50,51,52,53,54,55,56,57,58,59,60,61,62,63,64,65,66,67,68,69,70,71,72,73,74,75,76,77,78,79,80,81,82,83,84,85,86,87,88,89,90,91,92,93,94,95,96,97,98,99]
CFO=-1050.9991530852508,STO=4
EsN0dB=22.20,GRXdB=10,N0=9.999999747378752e-05
packet_number=51,correct=True,payload=[0,1,2,3,4,5,6,7,8,9,10,11,12,13,14,15,16,17,18,19,20,21,22,23,24,25,26,27,28,29,30,31,32,33,34,35,36,37,38,39,40,41,42,43,44,45,46,47,48,49,50,51,52,53,54,55,56,57,58,59,60,61,62,63,64,65,66,67,68,69,70,71,72,73,74,75,76,77,78,79,80,81,82,83,84,85,86,87,88,89,90,91,92,93,94,95,96,97,98,99]
CFO=-1084.3059302425834,STO=4
EsN0dB=22.23,GRXdB=10,N0=9.999999747378752e-05
packet_number=52,correct=True,payload=[0,1,2,3,4,5,6,7,8,9,10,11,12,13,14,15,16,17,18,19,20,21,22,23,24,25,26,27,28,29,30,31,32,33,34,35,36,37,38,39,40,41,42,43,44,45,46,47,48,49,50,51,52,53,54,55,56,57,58,59,60,61,62,63,64,65,66,67,68,69,70,71,72,73,74,75,76,77,78,79,80,81,82,83,84,85,86,87,88,89,90,91,92,93,94,95,96,97,98,99]
CFO=-1092.9526414246693,STO=4
EsN0dB=22.17,GRXdB=10,N0=9.999999747378752e-05
packet_number=53,correct=True,payload=[0,1,2,3,4,5,6,7,8,9,10,11,12,13,14,15,16,17,18,19,20,21,22,23,24,25,26,27,28,29,30,31,32,33,34,35,36,37,38,39,40,41,42,43,44,45,46,47,48,49,50,51,52,53,54,55,56,57,58,59,60,61,62,63,64,65,66,67,68,69,70,71,72,73,74,75,76,77,78,79,80,81,82,83,84,85,86,87,88,89,90,91,92,93,94,95,96,97,98,99]
CFO=-1016.766861579447,STO=4
EsN0dB=22.22,GRXdB=10,N0=9.999999747378752e-05
packet_number=54,correct=True,payload=[0,1,2,3,4,5,6,7,8,9,10,11,12,13,14,15,16,17,18,19,20,21,22,23,24,25,26,27,28,29,30,31,32,33,34,35,36,37,38,39,40,41,42,43,44,45,46,47,48,49,50,51,52,53,54,55,56,57,58,59,60,61,62,63,64,65,66,67,68,69,70,71,72,73,74,75,76,77,78,79,80,81,82,83,84,85,86,87,88,89,90,91,92,93,94,95,96,97,98,99]
CFO=-989.0451277348404,STO=0
EsN0dB=22.20,GRXdB=10,N0=9.999999747378752e-05
packet_number=55,correct=True,payload=[0,1,2,3,4,5,6,7,8,9,10,11,12,13,14,15,16,17,18,19,20,21,22,23,24,25,26,27,28,29,30,31,32,33,34,35,36,37,38,39,40,41,42,43,44,45,46,47,48,49,50,51,52,53,54,55,56,57,58,59,60,61,62,63,64,65,66,67,68,69,70,71,72,73,74,75,76,77,78,79,80,81,82,83,84,85,86,87,88,89,90,91,92,93,94,95,96,97,98,99]
CFO=-1053.8498084263465,STO=4
EsN0dB=22.19,GRXdB=10,N0=9.999999747378752e-05
packet_number=56,correct=True,payload=[0,1,2,3,4,5,6,7,8,9,10,11,12,13,14,15,16,17,18,19,20,21,22,23,24,25,26,27,28,29,30,31,32,33,34,35,36,37,38,39,40,41,42,43,44,45,46,47,48,49,50,51,52,53,54,55,56,57,58,59,60,61,62,63,64,65,66,67,68,69,70,71,72,73,74,75,76,77,78,79,80,81,82,83,84,85,86,87,88,89,90,91,92,93,94,95,96,97,98,99]
CFO=-1120.9768127254933,STO=4
EsN0dB=22.21,GRXdB=10,N0=9.999999747378752e-05
packet_number=57,correct=True,payload=[0,1,2,3,4,5,6,7,8,9,10,11,12,13,14,15,16,17,18,19,20,21,22,23,24,25,26,27,28,29,30,31,32,33,34,35,36,37,38,39,40,41,42,43,44,45,46,47,48,49,50,51,52,53,54,55,56,57,58,59,60,61,62,63,64,65,66,67,68,69,70,71,72,73,74,75,76,77,78,79,80,81,82,83,84,85,86,87,88,89,90,91,92,93,94,95,96,97,98,99]
CFO=-986.9816042637196,STO=4
EsN0dB=22.21,GRXdB=10,N0=9.999999747378752e-05
packet_number=58,correct=True,payload=[0,1,2,3,4,5,6,7,8,9,10,11,12,13,14,15,16,17,18,19,20,21,22,23,24,25,26,27,28,29,30,31,32,33,34,35,36,37,38,39,40,41,42,43,44,45,46,47,48,49,50,51,52,53,54,55,56,57,58,59,60,61,62,63,64,65,66,67,68,69,70,71,72,73,74,75,76,77,78,79,80,81,82,83,84,85,86,87,88,89,90,91,92,93,94,95,96,97,98,99]
CFO=-998.9464711480606,STO=4
EsN0dB=22.20,GRXdB=10,N0=9.999999747378752e-05
packet_number=59,correct=True,payload=[0,1,2,3,4,5,6,7,8,9,10,11,12,13,14,15,16,17,18,19,20,21,22,23,24,25,26,27,28,29,30,31,32,33,34,35,36,37,38,39,40,41,42,43,44,45,46,47,48,49,50,51,52,53,54,55,56,57,58,59,60,61,62,63,64,65,66,67,68,69,70,71,72,73,74,75,76,77,78,79,80,81,82,83,84,85,86,87,88,89,90,91,92,93,94,95,96,97,98,99]
CFO=-1016.5683592066935,STO=4
EsN0dB=22.20,GRXdB=10,N0=9.999999747378752e-05
packet_number=60,correct=True,payload=[0,1,2,3,4,5,6,7,8,9,10,11,12,13,14,15,16,17,18,19,20,21,22,23,24,25,26,27,28,29,30,31,32,33,34,35,36,37,38,39,40,41,42,43,44,45,46,47,48,49,50,51,52,53,54,55,56,57,58,59,60,61,62,63,64,65,66,67,68,69,70,71,72,73,74,75,76,77,78,79,80,81,82,83,84,85,86,87,88,89,90,91,92,93,94,95,96,97,98,99]
CFO=-1035.1125599626243,STO=4
EsN0dB=22.19,GRXdB=10,N0=9.999999747378752e-05
packet_number=61,correct=True,payload=[0,1,2,3,4,5,6,7,8,9,10,11,12,13,14,15,16,17,18,19,20,21,22,23,24,25,26,27,28,29,30,31,32,33,34,35,36,37,38,39,40,41,42,43,44,45,46,47,48,49,50,51,52,53,54,55,56,57,58,59,60,61,62,63,64,65,66,67,68,69,70,71,72,73,74,75,76,77,78,79,80,81,82,83,84,85,86,87,88,89,90,91,92,93,94,95,96,97,98,99]
CFO=-999.8934484173614,STO=4
EsN0dB=22.21,GRXdB=10,N0=9.999999747378752e-05
packet_number=62,correct=True,payload=[0,1,2,3,4,5,6,7,8,9,10,11,12,13,14,15,16,17,18,19,20,21,22,23,24,25,26,27,28,29,30,31,32,33,34,35,36,37,38,39,40,41,42,43,44,45,46,47,48,49,50,51,52,53,54,55,56,57,58,59,60,61,62,63,64,65,66,67,68,69,70,71,72,73,74,75,76,77,78,79,80,81,82,83,84,85,86,87,88,89,90,91,92,93,94,95,96,97,98,99]
CFO=-1051.2082090489093,STO=4
EsN0dB=22.21,GRXdB=10,N0=9.999999747378752e-05
packet_number=63,correct=True,payload=[0,1,2,3,4,5,6,7,8,9,10,11,12,13,14,15,16,17,18,19,20,21,22,23,24,25,26,27,28,29,30,31,32,33,34,35,36,37,38,39,40,41,42,43,44,45,46,47,48,49,50,51,52,53,54,55,56,57,58,59,60,61,62,63,64,65,66,67,68,69,70,71,72,73,74,75,76,77,78,79,80,81,82,83,84,85,86,87,88,89,90,91,92,93,94,95,96,97,98,99]
CFO=-1034.3642036457502,STO=4
EsN0dB=22.19,GRXdB=10,N0=9.999999747378752e-05
packet_number=64,correct=True,payload=[0,1,2,3,4,5,6,7,8,9,10,11,12,13,14,15,16,17,18,19,20,21,22,23,24,25,26,27,28,29,30,31,32,33,34,35,36,37,38,39,40,41,42,43,44,45,46,47,48,49,50,51,52,53,54,55,56,57,58,59,60,61,62,63,64,65,66,67,68,69,70,71,72,73,74,75,76,77,78,79,80,81,82,83,84,85,86,87,88,89,90,91,92,93,94,95,96,97,98,99]
CFO=-1070.8740549326033,STO=5
EsN0dB=22.20,GRXdB=10,N0=9.999999747378752e-05
packet_number=65,correct=True,payload=[0,1,2,3,4,5,6,7,8,9,10,11,12,13,14,15,16,17,18,19,20,21,22,23,24,25,26,27,28,29,30,31,32,33,34,35,36,37,38,39,40,41,42,43,44,45,46,47,48,49,50,51,52,53,54,55,56,57,58,59,60,61,62,63,64,65,66,67,68,69,70,71,72,73,74,75,76,77,78,79,80,81,82,83,84,85,86,87,88,89,90,91,92,93,94,95,96,97,98,99]
CFO=-1072.8347698271546,STO=4
EsN0dB=22.14,GRXdB=10,N0=9.999999747378752e-05
packet_number=66,correct=True,payload=[0,1,2,3,4,5,6,7,8,9,10,11,12,13,14,15,16,17,18,19,20,21,22,23,24,25,26,27,28,29,30,31,32,33,34,35,36,37,38,39,40,41,42,43,44,45,46,47,48,49,50,51,52,53,54,55,56,57,58,59,60,61,62,63,64,65,66,67,68,69,70,71,72,73,74,75,76,77,78,79,80,81,82,83,84,85,86,87,88,89,90,91,92,93,94,95,96,97,98,99]
CFO=-1063.2843629564459,STO=4
EsN0dB=22.21,GRXdB=10,N0=9.999999747378752e-05
packet_number=67,correct=True,payload=[0,1,2,3,4,5,6,7,8,9,10,11,12,13,14,15,16,17,18,19,20,21,22,23,24,25,26,27,28,29,30,31,32,33,34,35,36,37,38,39,40,41,42,43,44,45,46,47,48,49,50,51,52,53,54,55,56,57,58,59,60,61,62,63,64,65,66,67,68,69,70,71,72,73,74,75,76,77,78,79,80,81,82,83,84,85,86,87,88,89,90,91,92,93,94,95,96,97,98,99]
CFO=-970.9511147077977,STO=4
EsN0dB=22.21,GRXdB=10,N0=9.999999747378752e-05
packet_number=68,correct=True,payload=[0,1,2,3,4,5,6,7,8,9,10,11,12,13,14,15,16,17,18,19,20,21,22,23,24,25,26,27,28,29,30,31,32,33,34,35,36,37,38,39,40,41,42,43,44,45,46,47,48,49,50,51,52,53,54,55,56,57,58,59,60,61,62,63,64,65,66,67,68,69,70,71,72,73,74,75,76,77,78,79,80,81,82,83,84,85,86,87,88,89,90,91,92,93,94,95,96,97,98,99]
CFO=-1023.3556225350475,STO=4
EsN0dB=22.25,GRXdB=10,N0=9.999999747378752e-05
packet_number=69,correct=True,payload=[0,1,2,3,4,5,6,7,8,9,10,11,12,13,14,15,16,17,18,19,20,21,22,23,24,25,26,27,28,29,30,31,32,33,34,35,36,37,38,39,40,41,42,43,44,45,46,47,48,49,50,51,52,53,54,55,56,57,58,59,60,61,62,63,64,65,66,67,68,69,70,71,72,73,74,75,76,77,78,79,80,81,82,83,84,85,86,87,88,89,90,91,92,93,94,95,96,97,98,99]
CFO=-1004.2438994637056,STO=5
EsN0dB=22.22,GRXdB=10,N0=9.999999747378752e-05
packet_number=70,correct=True,payload=[0,1,2,3,4,5,6,7,8,9,10,11,12,13,14,15,16,17,18,19,20,21,22,23,24,25,26,27,28,29,30,31,32,33,34,35,36,37,38,39,40,41,42,43,44,45,46,47,48,49,50,51,52,53,54,55,56,57,58,59,60,61,62,63,64,65,66,67,68,69,70,71,72,73,74,75,76,77,78,79,80,81,82,83,84,85,86,87,88,89,90,91,92,93,94,95,96,97,98,99]
CFO=-1051.1286420882657,STO=4
EsN0dB=22.20,GRXdB=10,N0=9.999999747378752e-05
packet_number=71,correct=True,payload=[0,1,2,3,4,5,6,7,8,9,10,11,12,13,14,15,16,17,18,19,20,21,22,23,24,25,26,27,28,29,30,31,32,33,34,35,36,37,38,39,40,41,42,43,44,45,46,47,48,49,50,51,52,53,54,55,56,57,58,59,60,61,62,63,64,65,66,67,68,69,70,71,72,73,74,75,76,77,78,79,80,81,82,83,84,85,86,87,88,89,90,91,92,93,94,95,96,97,98,99]
CFO=-1023.5693031059566,STO=4
EsN0dB=22.22,GRXdB=10,N0=9.999999747378752e-05
packet_number=72,correct=True,payload=[0,1,2,3,4,5,6,7,8,9,10,11,12,13,14,15,16,17,18,19,20,21,22,23,24,25,26,27,28,29,30,31,32,33,34,35,36,37,38,39,40,41,42,43,44,45,46,47,48,49,50,51,52,53,54,55,56,57,58,59,60,61,62,63,64,65,66,67,68,69,70,71,72,73,74,75,76,77,78,79,80,81,82,83,84,85,86,87,88,89,90,91,92,93,94,95,96,97,98,99]
CFO=-1108.49713219043,STO=5
EsN0dB=22.22,GRXdB=10,N0=9.999999747378752e-05
packet_number=73,correct=True,payload=[0,1,2,3,4,5,6,7,8,9,10,11,12,13,14,15,16,17,18,19,20,21,22,23,24,25,26,27,28,29,30,31,32,33,34,35,36,37,38,39,40,41,42,43,44,45,46,47,48,49,50,51,52,53,54,55,56,57,58,59,60,61,62,63,64,65,66,67,68,69,70,71,72,73,74,75,76,77,78,79,80,81,82,83,84,85,86,87,88,89,90,91,92,93,94,95,96,97,98,99]
CFO=-977.4313752625204,STO=6
EsN0dB=22.24,GRXdB=10,N0=9.999999747378752e-05
packet_number=74,correct=True,payload=[0,1,2,3,4,5,6,7,8,9,10,11,12,13,14,15,16,17,18,19,20,21,22,23,24,25,26,27,28,29,30,31,32,33,34,35,36,37,38,39,40,41,42,43,44,45,46,47,48,49,50,51,52,53,54,55,56,57,58,59,60,61,62,63,64,65,66,67,68,69,70,71,72,73,74,75,76,77,78,79,80,81,82,83,84,85,86,87,88,89,90,91,92,93,94,95,96,97,98,99]
CFO=-1072.2391441292211,STO=4
EsN0dB=22.18,GRXdB=10,N0=9.999999747378752e-05
packet_number=75,correct=True,payload=[0,1,2,3,4,5,6,7,8,9,10,11,12,13,14,15,16,17,18,19,20,21,22,23,24,25,26,27,28,29,30,31,32,33,34,35,36,37,38,39,40,41,42,43,44,45,46,47,48,49,50,51,52,53,54,55,56,57,58,59,60,61,62,63,64,65,66,67,68,69,70,71,72,73,74,75,76,77,78,79,80,81,82,83,84,85,86,87,88,89,90,91,92,93,94,95,96,97,98,99]
CFO=-1110.2764201851528,STO=5
EsN0dB=22.25,GRXdB=10,N0=9.999999747378752e-05
packet_number=76,correct=True,payload=[0,1,2,3,4,5,6,7,8,9,10,11,12,13,14,15,16,17,18,19,20,21,22,23,24,25,26,27,28,29,30,31,32,33,34,35,36,37,38,39,40,41,42,43,44,45,46,47,48,49,50,51,52,53,54,55,56,57,58,59,60,61,62,63,64,65,66,67,68,69,70,71,72,73,74,75,76,77,78,79,80,81,82,83,84,85,86,87,88,89,90,91,92,93,94,95,96,97,98,99]
CFO=-1042.3702288541283,STO=4
EsN0dB=22.17,GRXdB=10,N0=9.999999747378752e-05
packet_number=77,correct=True,payload=[0,1,2,3,4,5,6,7,8,9,10,11,12,13,14,15,16,17,18,19,20,21,22,23,24,25,26,27,28,29,30,31,32,33,34,35,36,37,38,39,40,41,42,43,44,45,46,47,48,49,50,51,52,53,54,55,56,57,58,59,60,61,62,63,64,65,66,67,68,69,70,71,72,73,74,75,76,77,78,79,80,81,82,83,84,85,86,87,88,89,90,91,92,93,94,95,96,97,98,99]
CFO=-1063.625398096254,STO=4
EsN0dB=22.23,GRXdB=10,N0=9.999999747378752e-05
packet_number=78,correct=True,payload=[0,1,2,3,4,5,6,7,8,9,10,11,12,13,14,15,16,17,18,19,20,21,22,23,24,25,26,27,28,29,30,31,32,33,34,35,36,37,38,39,40,41,42,43,44,45,46,47,48,49,50,51,52,53,54,55,56,57,58,59,60,61,62,63,64,65,66,67,68,69,70,71,72,73,74,75,76,77,78,79,80,81,82,83,84,85,86,87,88,89,90,91,92,93,94,95,96,97,98,99]
CFO=-1040.244569634308,STO=5
EsN0dB=22.20,GRXdB=10,N0=9.999999747378752e-05
packet_number=79,correct=True,payload=[0,1,2,3,4,5,6,7,8,9,10,11,12,13,14,15,16,17,18,19,20,21,22,23,24,25,26,27,28,29,30,31,32,33,34,35,36,37,38,39,40,41,42,43,44,45,46,47,48,49,50,51,52,53,54,55,56,57,58,59,60,61,62,63,64,65,66,67,68,69,70,71,72,73,74,75,76,77,78,79,80,81,82,83,84,85,86,87,88,89,90,91,92,93,94,95,96,97,98,99]
CFO=-1049.7216942670468,STO=4
EsN0dB=22.24,GRXdB=10,N0=9.999999747378752e-05
packet_number=80,correct=True,payload=[0,1,2,3,4,5,6,7,8,9,10,11,12,13,14,15,16,17,18,19,20,21,22,23,24,25,26,27,28,29,30,31,32,33,34,35,36,37,38,39,40,41,42,43,44,45,46,47,48,49,50,51,52,53,54,55,56,57,58,59,60,61,62,63,64,65,66,67,68,69,70,71,72,73,74,75,76,77,78,79,80,81,82,83,84,85,86,87,88,89,90,91,92,93,94,95,96,97,98,99]
CFO=-1088.3258997400244,STO=4
EsN0dB=22.18,GRXdB=10,N0=9.999999747378752e-05
packet_number=81,correct=True,payload=[0,1,2,3,4,5,6,7,8,9,10,11,12,13,14,15,16,17,18,19,20,21,22,23,24,25,26,27,28,29,30,31,32,33,34,35,36,37,38,39,40,41,42,43,44,45,46,47,48,49,50,51,52,53,54,55,56,57,58,59,60,61,62,63,64,65,66,67,68,69,70,71,72,73,74,75,76,77,78,79,80,81,82,83,84,85,86,87,88,89,90,91,92,93,94,95,96,97,98,99]
CFO=-960.9990784843314,STO=5
EsN0dB=22.17,GRXdB=10,N0=9.999999747378752e-05
packet_number=82,correct=True,payload=[0,1,2,3,4,5,6,7,8,9,10,11,12,13,14,15,16,17,18,19,20,21,22,23,24,25,26,27,28,29,30,31,32,33,34,35,36,37,38,39,40,41,42,43,44,45,46,47,48,49,50,51,52,53,54,55,56,57,58,59,60,61,62,63,64,65,66,67,68,69,70,71,72,73,74,75,76,77,78,79,80,81,82,83,84,85,86,87,88,89,90,91,92,93,94,95,96,97,98,99]
CFO=-1124.8399013154356,STO=4
EsN0dB=22.18,GRXdB=10,N0=9.999999747378752e-05
packet_number=83,correct=True,payload=[0,1,2,3,4,5,6,7,8,9,10,11,12,13,14,15,16,17,18,19,20,21,22,23,24,25,26,27,28,29,30,31,32,33,34,35,36,37,38,39,40,41,42,43,44,45,46,47,48,49,50,51,52,53,54,55,56,57,58,59,60,61,62,63,64,65,66,67,68,69,70,71,72,73,74,75,76,77,78,79,80,81,82,83,84,85,86,87,88,89,90,91,92,93,94,95,96,97,98,99]
CFO=-1059.936621625755,STO=4
EsN0dB=22.22,GRXdB=10,N0=9.999999747378752e-05
packet_number=84,correct=True,payload=[0,1,2,3,4,5,6,7,8,9,10,11,12,13,14,15,16,17,18,19,20,21,22,23,24,25,26,27,28,29,30,31,32,33,34,35,36,37,38,39,40,41,42,43,44,45,46,47,48,49,50,51,52,53,54,55,56,57,58,59,60,61,62,63,64,65,66,67,68,69,70,71,72,73,74,75,76,77,78,79,80,81,82,83,84,85,86,87,88,89,90,91,92,93,94,95,96,97,98,99]
CFO=-1011.8735527896945,STO=4
EsN0dB=22.14,GRXdB=10,N0=9.999999747378752e-05
packet_number=85,correct=True,payload=[0,1,2,3,4,5,6,7,8,9,10,11,12,13,14,15,16,17,18,19,20,21,22,23,24,25,26,27,28,29,30,31,32,33,34,35,36,37,38,39,40,41,42,43,44,45,46,47,48,49,50,51,52,53,54,55,56,57,58,59,60,61,62,63,64,65,66,67,68,69,70,71,72,73,74,75,76,77,78,79,80,81,82,83,84,85,86,87,88,89,90,91,92,93,94,95,96,97,98,99]
CFO=-1047.5641371151653,STO=5
EsN0dB=22.19,GRXdB=10,N0=9.999999747378752e-05
packet_number=86,correct=True,payload=[0,1,2,3,4,5,6,7,8,9,10,11,12,13,14,15,16,17,18,19,20,21,22,23,24,25,26,27,28,29,30,31,32,33,34,35,36,37,38,39,40,41,42,43,44,45,46,47,48,49,50,51,52,53,54,55,56,57,58,59,60,61,62,63,64,65,66,67,68,69,70,71,72,73,74,75,76,77,78,79,80,81,82,83,84,85,86,87,88,89,90,91,92,93,94,95,96,97,98,99]
CFO=-1016.1848725439188,STO=5
EsN0dB=22.21,GRXdB=10,N0=9.999999747378752e-05
packet_number=87,correct=True,payload=[0,1,2,3,4,5,6,7,8,9,10,11,12,13,14,15,16,17,18,19,20,21,22,23,24,25,26,27,28,29,30,31,32,33,34,35,36,37,38,39,40,41,42,43,44,45,46,47,48,49,50,51,52,53,54,55,56,57,58,59,60,61,62,63,64,65,66,67,68,69,70,71,72,73,74,75,76,77,78,79,80,81,82,83,84,85,86,87,88,89,90,91,92,93,94,95,96,97,98,99]
CFO=-1024.5072683201024,STO=5
EsN0dB=22.23,GRXdB=10,N0=9.999999747378752e-05
packet_number=88,correct=True,payload=[0,1,2,3,4,5,6,7,8,9,10,11,12,13,14,15,16,17,18,19,20,21,22,23,24,25,26,27,28,29,30,31,32,33,34,35,36,37,38,39,40,41,42,43,44,45,46,47,48,49,50,51,52,53,54,55,56,57,58,59,60,61,62,63,64,65,66,67,68,69,70,71,72,73,74,75,76,77,78,79,80,81,82,83,84,85,86,87,88,89,90,91,92,93,94,95,96,97,98,99]
CFO=-1081.637887598047,STO=5
EsN0dB=22.20,GRXdB=10,N0=9.999999747378752e-05
packet_number=89,correct=True,payload=[0,1,2,3,4,5,6,7,8,9,10,11,12,13,14,15,16,17,18,19,20,21,22,23,24,25,26,27,28,29,30,31,32,33,34,35,36,37,38,39,40,41,42,43,44,45,46,47,48,49,50,51,52,53,54,55,56,57,58,59,60,61,62,63,64,65,66,67,68,69,70,71,72,73,74,75,76,77,78,79,80,81,82,83,84,85,86,87,88,89,90,91,92,93,94,95,96,97,98,99]
CFO=-1066.3634027479138,STO=4
EsN0dB=22.21,GRXdB=10,N0=9.999999747378752e-05
packet_number=90,correct=True,payload=[0,1,2,3,4,5,6,7,8,9,10,11,12,13,14,15,16,17,18,19,20,21,22,23,24,25,26,27,28,29,30,31,32,33,34,35,36,37,38,39,40,41,42,43,44,45,46,47,48,49,50,51,52,53,54,55,56,57,58,59,60,61,62,63,64,65,66,67,68,69,70,71,72,73,74,75,76,77,78,79,80,81,82,83,84,85,86,87,88,89,90,91,92,93,94,95,96,97,98,99]
CFO=-1006.1782896708308,STO=1
EsN0dB=22.22,GRXdB=10,N0=9.999999747378752e-05
packet_number=91,correct=True,payload=[0,1,2,3,4,5,6,7,8,9,10,11,12,13,14,15,16,17,18,19,20,21,22,23,24,25,26,27,28,29,30,31,32,33,34,35,36,37,38,39,40,41,42,43,44,45,46,47,48,49,50,51,52,53,54,55,56,57,58,59,60,61,62,63,64,65,66,67,68,69,70,71,72,73,74,75,76,77,78,79,80,81,82,83,84,85,86,87,88,89,90,91,92,93,94,95,96,97,98,99]
CFO=-1048.1515808156555,STO=5
EsN0dB=22.20,GRXdB=10,N0=9.999999747378752e-05
packet_number=92,correct=True,payload=[0,1,2,3,4,5,6,7,8,9,10,11,12,13,14,15,16,17,18,19,20,21,22,23,24,25,26,27,28,29,30,31,32,33,34,35,36,37,38,39,40,41,42,43,44,45,46,47,48,49,50,51,52,53,54,55,56,57,58,59,60,61,62,63,64,65,66,67,68,69,70,71,72,73,74,75,76,77,78,79,80,81,82,83,84,85,86,87,88,89,90,91,92,93,94,95,96,97,98,99]
CFO=-998.429463773386,STO=4
EsN0dB=22.25,GRXdB=10,N0=9.999999747378752e-05
packet_number=93,correct=True,payload=[0,1,2,3,4,5,6,7,8,9,10,11,12,13,14,15,16,17,18,19,20,21,22,23,24,25,26,27,28,29,30,31,32,33,34,35,36,37,38,39,40,41,42,43,44,45,46,47,48,49,50,51,52,53,54,55,56,57,58,59,60,61,62,63,64,65,66,67,68,69,70,71,72,73,74,75,76,77,78,79,80,81,82,83,84,85,86,87,88,89,90,91,92,93,94,95,96,97,98,99]
CFO=-919.6504650573474,STO=2
EsN0dB=22.22,GRXdB=10,N0=9.999999747378752e-05
packet_number=94,correct=True,payload=[0,1,2,3,4,5,6,7,8,9,10,11,12,13,14,15,16,17,18,19,20,21,22,23,24,25,26,27,28,29,30,31,32,33,34,35,36,37,38,39,40,41,42,43,44,45,46,47,48,49,50,51,52,53,54,55,56,57,58,59,60,61,62,63,64,65,66,67,68,69,70,71,72,73,74,75,76,77,78,79,80,81,82,83,84,85,86,87,88,89,90,91,92,93,94,95,96,97,98,99]
CFO=-1053.4865988876702,STO=4
EsN0dB=22.20,GRXdB=10,N0=9.999999747378752e-05
packet_number=95,correct=True,payload=[0,1,2,3,4,5,6,7,8,9,10,11,12,13,14,15,16,17,18,19,20,21,22,23,24,25,26,27,28,29,30,31,32,33,34,35,36,37,38,39,40,41,42,43,44,45,46,47,48,49,50,51,52,53,54,55,56,57,58,59,60,61,62,63,64,65,66,67,68,69,70,71,72,73,74,75,76,77,78,79,80,81,82,83,84,85,86,87,88,89,90,91,92,93,94,95,96,97,98,99]
CFO=-1031.274254524358,STO=4
EsN0dB=22.21,GRXdB=10,N0=9.999999747378752e-05
packet_number=96,correct=True,payload=[0,1,2,3,4,5,6,7,8,9,10,11,12,13,14,15,16,17,18,19,20,21,22,23,24,25,26,27,28,29,30,31,32,33,34,35,36,37,38,39,40,41,42,43,44,45,46,47,48,49,50,51,52,53,54,55,56,57,58,59,60,61,62,63,64,65,66,67,68,69,70,71,72,73,74,75,76,77,78,79,80,81,82,83,84,85,86,87,88,89,90,91,92,93,94,95,96,97,98,99]
CFO=-1089.0423581248372,STO=4
EsN0dB=22.18,GRXdB=10,N0=9.999999747378752e-05
packet_number=97,correct=True,payload=[0,1,2,3,4,5,6,7,8,9,10,11,12,13,14,15,16,17,18,19,20,21,22,23,24,25,26,27,28,29,30,31,32,33,34,35,36,37,38,39,40,41,42,43,44,45,46,47,48,49,50,51,52,53,54,55,56,57,58,59,60,61,62,63,64,65,66,67,68,69,70,71,72,73,74,75,76,77,78,79,80,81,82,83,84,85,86,87,88,89,90,91,92,93,94,95,96,97,98,99]
CFO=-1022.176940584528,STO=4
EsN0dB=22.22,GRXdB=10,N0=9.999999747378752e-05
packet_number=98,correct=True,payload=[0,1,2,3,4,5,6,7,8,9,10,11,12,13,14,15,16,17,18,19,20,21,22,23,24,25,26,27,28,29,30,31,32,33,34,35,36,37,38,39,40,41,42,43,44,45,46,47,48,49,50,51,52,53,54,55,56,57,58,59,60,61,62,63,64,65,66,67,68,69,70,71,72,73,74,75,76,77,78,79,80,81,82,83,84,85,86,87,88,89,90,91,92,93,94,95,96,97,98,99]
CFO=-1017.8287425519724,STO=4
EsN0dB=22.22,GRXdB=10,N0=9.999999747378752e-05
packet_number=99,correct=True,payload=[0,1,2,3,4,5,6,7,8,9,10,11,12,13,14,15,16,17,18,19,20,21,22,23,24,25,26,27,28,29,30,31,32,33,34,35,36,37,38,39,40,41,42,43,44,45,46,47,48,49,50,51,52,53,54,55,56,57,58,59,60,61,62,63,64,65,66,67,68,69,70,71,72,73,74,75,76,77,78,79,80,81,82,83,84,85,86,87,88,89,90,91,92,93,94,95,96,97,98,99]
CFO=-1049.2509329648776,STO=4
EsN0dB=22.20,GRXdB=10,N0=9.999999747378752e-05
packet_number=100,correct=True,payload=[0,1,2,3,4,5,6,7,8,9,10,11,12,13,14,15,16,17,18,19,20,21,22,23,24,25,26,27,28,29,30,31,32,33,34,35,36,37,38,39,40,41,42,43,44,45,46,47,48,49,50,51,52,53,54,55,56,57,58,59,60,61,62,63,64,65,66,67,68,69,70,71,72,73,74,75,76,77,78,79,80,81,82,83,84,85,86,87,88,89,90,91,92,93,94,95,96,97,98,99]
CFO=-1048.7172058562974,STO=4
EsN0dB=21.25,GRXdB=10,N0=0.0001258925476577133
packet_number=101,correct=True,payload=[0,1,2,3,4,5,6,7,8,9,10,11,12,13,14,15,16,17,18,19,20,21,22,23,24,25,26,27,28,29,30,31,32,33,34,35,36,37,38,39,40,41,42,43,44,45,46,47,48,49,50,51,52,53,54,55,56,57,58,59,60,61,62,63,64,65,66,67,68,69,70,71,72,73,74,75,76,77,78,79,80,81,82,83,84,85,86,87,88,89,90,91,92,93,94,95,96,97,98,99]
CFO=-995.7911846267955,STO=4
EsN0dB=21.23,GRXdB=10,N0=0.0001258925476577133
packet_number=102,correct=True,payload=[0,1,2,3,4,5,6,7,8,9,10,11,12,13,14,15,16,17,18,19,20,21,22,23,24,25,26,27,28,29,30,31,32,33,34,35,36,37,38,39,40,41,42,43,44,45,46,47,48,49,50,51,52,53,54,55,56,57,58,59,60,61,62,63,64,65,66,67,68,69,70,71,72,73,74,75,76,77,78,79,80,81,82,83,84,85,86,87,88,89,90,91,92,93,94,95,96,97,98,99]
CFO=-1057.970096327222,STO=4
EsN0dB=21.21,GRXdB=10,N0=0.0001258925476577133
packet_number=103,correct=True,payload=[0,1,2,3,4,5,6,7,8,9,10,11,12,13,14,15,16,17,18,19,20,21,22,23,24,25,26,27,28,29,30,31,32,33,34,35,36,37,38,39,40,41,42,43,44,45,46,47,48,49,50,51,52,53,54,55,56,57,58,59,60,61,62,63,64,65,66,67,68,69,70,71,72,73,74,75,76,77,78,79,80,81,82,83,84,85,86,87,88,89,90,91,92,93,94,95,96,97,98,99]
CFO=-989.7889187343006,STO=6
EsN0dB=21.25,GRXdB=10,N0=0.0001258925476577133
packet_number=104,correct=True,payload=[0,1,2,3,4,5,6,7,8,9,10,11,12,13,14,15,16,17,18,19,20,21,22,23,24,25,26,27,28,29,30,31,32,33,34,35,36,37,38,39,40,41,42,43,44,45,46,47,48,49,50,51,52,53,54,55,56,57,58,59,60,61,62,63,64,65,66,67,68,69,70,71,72,73,74,75,76,77,78,79,80,81,82,83,84,85,86,87,88,89,90,91,92,93,94,95,96,97,98,99]
CFO=-1040.300894979026,STO=5
EsN0dB=21.22,GRXdB=10,N0=0.0001258925476577133
packet_number=105,correct=True,payload=[0,1,2,3,4,5,6,7,8,9,10,11,12,13,14,15,16,17,18,19,20,21,22,23,24,25,26,27,28,29,30,31,32,33,34,35,36,37,38,39,40,41,42,43,44,45,46,47,48,49,50,51,52,53,54,55,56,57,58,59,60,61,62,63,64,65,66,67,68,69,70,71,72,73,74,75,76,77,78,79,80,81,82,83,84,85,86,87,88,89,90,91,92,93,94,95,96,97,98,99]
CFO=-1010.743607084815,STO=5
EsN0dB=21.25,GRXdB=10,N0=0.0001258925476577133
packet_number=106,correct=True,payload=[0,1,2,3,4,5,6,7,8,9,10,11,12,13,14,15,16,17,18,19,20,21,22,23,24,25,26,27,28,29,30,31,32,33,34,35,36,37,38,39,40,41,42,43,44,45,46,47,48,49,50,51,52,53,54,55,56,57,58,59,60,61,62,63,64,65,66,67,68,69,70,71,72,73,74,75,76,77,78,79,80,81,82,83,84,85,86,87,88,89,90,91,92,93,94,95,96,97,98,99]
CFO=-1059.8737743990168,STO=4
EsN0dB=21.18,GRXdB=10,N0=0.0001258925476577133
packet_number=107,correct=True,payload=[0,1,2,3,4,5,6,7,8,9,10,11,12,13,14,15,16,17,18,19,20,21,22,23,24,25,26,27,28,29,30,31,32,33,34,35,36,37,38,39,40,41,42,43,44,45,46,47,48,49,50,51,52,53,54,55,56,57,58,59,60,61,62,63,64,65,66,67,68,69,70,71,72,73,74,75,76,77,78,79,80,81,82,83,84,85,86,87,88,89,90,91,92,93,94,95,96,97,98,99]
CFO=-1076.3016837293014,STO=4
EsN0dB=21.19,GRXdB=10,N0=0.0001258925476577133
packet_number=108,correct=True,payload=[0,1,2,3,4,5,6,7,8,9,10,11,12,13,14,15,16,17,18,19,20,21,22,23,24,25,26,27,28,29,30,31,32,33,34,35,36,37,38,39,40,41,42,43,44,45,46,47,48,49,50,51,52,53,54,55,56,57,58,59,60,61,62,63,64,65,66,67,68,69,70,71,72,73,74,75,76,77,78,79,80,81,82,83,84,85,86,87,88,89,90,91,92,93,94,95,96,97,98,99]
CFO=-1069.2099078004512,STO=4
EsN0dB=21.23,GRXdB=10,N0=0.0001258925476577133
packet_number=109,correct=True,payload=[0,1,2,3,4,5,6,7,8,9,10,11,12,13,14,15,16,17,18,19,20,21,22,23,24,25,26,27,28,29,30,31,32,33,34,35,36,37,38,39,40,41,42,43,44,45,46,47,48,49,50,51,52,53,54,55,56,57,58,59,60,61,62,63,64,65,66,67,68,69,70,71,72,73,74,75,76,77,78,79,80,81,82,83,84,85,86,87,88,89,90,91,92,93,94,95,96,97,98,99]
CFO=-1086.905196676727,STO=5
EsN0dB=21.19,GRXdB=10,N0=0.0001258925476577133
packet_number=110,correct=True,payload=[0,1,2,3,4,5,6,7,8,9,10,11,12,13,14,15,16,17,18,19,20,21,22,23,24,25,26,27,28,29,30,31,32,33,34,35,36,37,38,39,40,41,42,43,44,45,46,47,48,49,50,51,52,53,54,55,56,57,58,59,60,61,62,63,64,65,66,67,68,69,70,71,72,73,74,75,76,77,78,79,80,81,82,83,84,85,86,87,88,89,90,91,92,93,94,95,96,97,98,99]
CFO=-1122.4149470007349,STO=4
EsN0dB=21.19,GRXdB=10,N0=0.0001258925476577133
packet_number=111,correct=True,payload=[0,1,2,3,4,5,6,7,8,9,10,11,12,13,14,15,16,17,18,19,20,21,22,23,24,25,26,27,28,29,30,31,32,33,34,35,36,37,38,39,40,41,42,43,44,45,46,47,48,49,50,51,52,53,54,55,56,57,58,59,60,61,62,63,64,65,66,67,68,69,70,71,72,73,74,75,76,77,78,79,80,81,82,83,84,85,86,87,88,89,90,91,92,93,94,95,96,97,98,99]
CFO=-1038.1224678046804,STO=4
EsN0dB=21.24,GRXdB=10,N0=0.0001258925476577133
packet_number=112,correct=True,payload=[0,1,2,3,4,5,6,7,8,9,10,11,12,13,14,15,16,17,18,19,20,21,22,23,24,25,26,27,28,29,30,31,32,33,34,35,36,37,38,39,40,41,42,43,44,45,46,47,48,49,50,51,52,53,54,55,56,57,58,59,60,61,62,63,64,65,66,67,68,69,70,71,72,73,74,75,76,77,78,79,80,81,82,83,84,85,86,87,88,89,90,91,92,93,94,95,96,97,98,99]
CFO=-991.8530943936235,STO=5
EsN0dB=21.20,GRXdB=10,N0=0.0001258925476577133
packet_number=113,correct=True,payload=[0,1,2,3,4,5,6,7,8,9,10,11,12,13,14,15,16,17,18,19,20,21,22,23,24,25,26,27,28,29,30,31,32,33,34,35,36,37,38,39,40,41,42,43,44,45,46,47,48,49,50,51,52,53,54,55,56,57,58,59,60,61,62,63,64,65,66,67,68,69,70,71,72,73,74,75,76,77,78,79,80,81,82,83,84,85,86,87,88,89,90,91,92,93,94,95,96,97,98,99]
CFO=-1072.2332151455664,STO=4
EsN0dB=21.28,GRXdB=10,N0=0.0001258925476577133
packet_number=114,correct=True,payload=[0,1,2,3,4,5,6,7,8,9,10,11,12,13,14,15,16,17,18,19,20,21,22,23,24,25,26,27,28,29,30,31,32,33,34,35,36,37,38,39,40,41,42,43,44,45,46,47,48,49,50,51,52,53,54,55,56,57,58,59,60,61,62,63,64,65,66,67,68,69,70,71,72,73,74,75,76,77,78,79,80,81,82,83,84,85,86,87,88,89,90,91,92,93,94,95,96,97,98,99]
CFO=-1004.9988962422727,STO=4
EsN0dB=21.26,GRXdB=10,N0=0.0001258925476577133
packet_number=115,correct=True,payload=[0,1,2,3,4,5,6,7,8,9,10,11,12,13,14,15,16,17,18,19,20,21,22,23,24,25,26,27,28,29,30,31,32,33,34,35,36,37,38,39,40,41,42,43,44,45,46,47,48,49,50,51,52,53,54,55,56,57,58,59,60,61,62,63,64,65,66,67,68,69,70,71,72,73,74,75,76,77,78,79,80,81,82,83,84,85,86,87,88,89,90,91,92,93,94,95,96,97,98,99]
CFO=-1035.9462936441237,STO=4
EsN0dB=21.21,GRXdB=10,N0=0.0001258925476577133
packet_number=116,correct=True,payload=[0,1,2,3,4,5,6,7,8,9,10,11,12,13,14,15,16,17,18,19,20,21,22,23,24,25,26,27,28,29,30,31,32,33,34,35,36,37,38,39,40,41,42,43,44,45,46,47,48,49,50,51,52,53,54,55,56,57,58,59,60,61,62,63,64,65,66,67,68,69,70,71,72,73,74,75,76,77,78,79,80,81,82,83,84,85,86,87,88,89,90,91,92,93,94,95,96,97,98,99]
CFO=-982.3639932139025,STO=4
EsN0dB=21.17,GRXdB=10,N0=0.0001258925476577133
packet_number=117,correct=True,payload=[0,1,2,3,4,5,6,7,8,9,10,11,12,13,14,15,16,17,18,19,20,21,22,23,24,25,26,27,28,29,30,31,32,33,34,35,36,37,38,39,40,41,42,43,44,45,46,47,48,49,50,51,52,53,54,55,56,57,58,59,60,61,62,63,64,65,66,67,68,69,70,71,72,73,74,75,76,77,78,79,80,81,82,83,84,85,86,87,88,89,90,91,92,93,94,95,96,97,98,99]
CFO=-1046.6721808141785,STO=4
EsN0dB=21.18,GRXdB=10,N0=0.0001258925476577133
packet_number=118,correct=True,payload=[0,1,2,3,4,5,6,7,8,9,10,11,12,13,14,15,16,17,18,19,20,21,22,23,24,25,26,27,28,29,30,31,32,33,34,35,36,37,38,39,40,41,42,43,44,45,46,47,48,49,50,51,52,53,54,55,56,57,58,59,60,61,62,63,64,65,66,67,68,69,70,71,72,73,74,75,76,77,78,79,80,81,82,83,84,85,86,87,88,89,90,91,92,93,94,95,96,97,98,99]
CFO=-1062.4479019424655,STO=4
EsN0dB=21.23,GRXdB=10,N0=0.0001258925476577133
packet_number=119,correct=True,payload=[0,1,2,3,4,5,6,7,8,9,10,11,12,13,14,15,16,17,18,19,20,21,22,23,24,25,26,27,28,29,30,31,32,33,34,35,36,37,38,39,40,41,42,43,44,45,46,47,48,49,50,51,52,53,54,55,56,57,58,59,60,61,62,63,64,65,66,67,68,69,70,71,72,73,74,75,76,77,78,79,80,81,82,83,84,85,86,87,88,89,90,91,92,93,94,95,96,97,98,99]
CFO=-1018.0495379032669,STO=4
EsN0dB=21.23,GRXdB=10,N0=0.0001258925476577133
packet_number=120,correct=True,payload=[0,1,2,3,4,5,6,7,8,9,10,11,12,13,14,15,16,17,18,19,20,21,22,23,24,25,26,27,28,29,30,31,32,33,34,35,36,37,38,39,40,41,42,43,44,45,46,47,48,49,50,51,52,53,54,55,56,57,58,59,60,61,62,63,64,65,66,67,68,69,70,71,72,73,74,75,76,77,78,79,80,81,82,83,84,85,86,87,88,89,90,91,92,93,94,95,96,97,98,99]
CFO=-1032.7206893767159,STO=4
EsN0dB=21.19,GRXdB=10,N0=0.0001258925476577133
packet_number=121,correct=True,payload=[0,1,2,3,4,5,6,7,8,9,10,11,12,13,14,15,16,17,18,19,20,21,22,23,24,25,26,27,28,29,30,31,32,33,34,35,36,37,38,39,40,41,42,43,44,45,46,47,48,49,50,51,52,53,54,55,56,57,58,59,60,61,62,63,64,65,66,67,68,69,70,71,72,73,74,75,76,77,78,79,80,81,82,83,84,85,86,87,88,89,90,91,92,93,94,95,96,97,98,99]
CFO=-1016.3310812808394,STO=4
EsN0dB=21.24,GRXdB=10,N0=0.0001258925476577133
packet_number=122,correct=True,payload=[0,1,2,3,4,5,6,7,8,9,10,11,12,13,14,15,16,17,18,19,20,21,22,23,24,25,26,27,28,29,30,31,32,33,34,35,36,37,38,39,40,41,42,43,44,45,46,47,48,49,50,51,52,53,54,55,56,57,58,59,60,61,62,63,64,65,66,67,68,69,70,71,72,73,74,75,76,77,78,79,80,81,82,83,84,85,86,87,88,89,90,91,92,93,94,95,96,97,98,99]
CFO=-1058.0300976418057,STO=4
EsN0dB=21.20,GRXdB=10,N0=0.0001258925476577133
packet_number=123,correct=True,payload=[0,1,2,3,4,5,6,7,8,9,10,11,12,13,14,15,16,17,18,19,20,21,22,23,24,25,26,27,28,29,30,31,32,33,34,35,36,37,38,39,40,41,42,43,44,45,46,47,48,49,50,51,52,53,54,55,56,57,58,59,60,61,62,63,64,65,66,67,68,69,70,71,72,73,74,75,76,77,78,79,80,81,82,83,84,85,86,87,88,89,90,91,92,93,94,95,96,97,98,99]
CFO=-1027.0727395474153,STO=4
EsN0dB=21.20,GRXdB=10,N0=0.0001258925476577133
packet_number=124,correct=True,payload=[0,1,2,3,4,5,6,7,8,9,10,11,12,13,14,15,16,17,18,19,20,21,22,23,24,25,26,27,28,29,30,31,32,33,34,35,36,37,38,39,40,41,42,43,44,45,46,47,48,49,50,51,52,53,54,55,56,57,58,59,60,61,62,63,64,65,66,67,68,69,70,71,72,73,74,75,76,77,78,79,80,81,82,83,84,85,86,87,88,89,90,91,92,93,94,95,96,97,98,99]
CFO=-1066.2560881437669,STO=4
EsN0dB=21.26,GRXdB=10,N0=0.0001258925476577133
packet_number=125,correct=True,payload=[0,1,2,3,4,5,6,7,8,9,10,11,12,13,14,15,16,17,18,19,20,21,22,23,24,25,26,27,28,29,30,31,32,33,34,35,36,37,38,39,40,41,42,43,44,45,46,47,48,49,50,51,52,53,54,55,56,57,58,59,60,61,62,63,64,65,66,67,68,69,70,71,72,73,74,75,76,77,78,79,80,81,82,83,84,85,86,87,88,89,90,91,92,93,94,95,96,97,98,99]
CFO=-995.0552791755958,STO=5
EsN0dB=21.26,GRXdB=10,N0=0.0001258925476577133
packet_number=126,correct=True,payload=[0,1,2,3,4,5,6,7,8,9,10,11,12,13,14,15,16,17,18,19,20,21,22,23,24,25,26,27,28,29,30,31,32,33,34,35,36,37,38,39,40,41,42,43,44,45,46,47,48,49,50,51,52,53,54,55,56,57,58,59,60,61,62,63,64,65,66,67,68,69,70,71,72,73,74,75,76,77,78,79,80,81,82,83,84,85,86,87,88,89,90,91,92,93,94,95,96,97,98,99]
CFO=-1010.3193290144973,STO=5
EsN0dB=21.17,GRXdB=10,N0=0.0001258925476577133
packet_number=127,correct=True,payload=[0,1,2,3,4,5,6,7,8,9,10,11,12,13,14,15,16,17,18,19,20,21,22,23,24,25,26,27,28,29,30,31,32,33,34,35,36,37,38,39,40,41,42,43,44,45,46,47,48,49,50,51,52,53,54,55,56,57,58,59,60,61,62,63,64,65,66,67,68,69,70,71,72,73,74,75,76,77,78,79,80,81,82,83,84,85,86,87,88,89,90,91,92,93,94,95,96,97,98,99]
CFO=-1066.6707612605642,STO=5
EsN0dB=21.24,GRXdB=10,N0=0.0001258925476577133
packet_number=128,correct=True,payload=[0,1,2,3,4,5,6,7,8,9,10,11,12,13,14,15,16,17,18,19,20,21,22,23,24,25,26,27,28,29,30,31,32,33,34,35,36,37,38,39,40,41,42,43,44,45,46,47,48,49,50,51,52,53,54,55,56,57,58,59,60,61,62,63,64,65,66,67,68,69,70,71,72,73,74,75,76,77,78,79,80,81,82,83,84,85,86,87,88,89,90,91,92,93,94,95,96,97,98,99]
CFO=-1011.3740952066373,STO=5
EsN0dB=21.25,GRXdB=10,N0=0.0001258925476577133
packet_number=129,correct=True,payload=[0,1,2,3,4,5,6,7,8,9,10,11,12,13,14,15,16,17,18,19,20,21,22,23,24,25,26,27,28,29,30,31,32,33,34,35,36,37,38,39,40,41,42,43,44,45,46,47,48,49,50,51,52,53,54,55,56,57,58,59,60,61,62,63,64,65,66,67,68,69,70,71,72,73,74,75,76,77,78,79,80,81,82,83,84,85,86,87,88,89,90,91,92,93,94,95,96,97,98,99]
CFO=-1037.1686129143404,STO=4
EsN0dB=21.22,GRXdB=10,N0=0.0001258925476577133
packet_number=130,correct=True,payload=[0,1,2,3,4,5,6,7,8,9,10,11,12,13,14,15,16,17,18,19,20,21,22,23,24,25,26,27,28,29,30,31,32,33,34,35,36,37,38,39,40,41,42,43,44,45,46,47,48,49,50,51,52,53,54,55,56,57,58,59,60,61,62,63,64,65,66,67,68,69,70,71,72,73,74,75,76,77,78,79,80,81,82,83,84,85,86,87,88,89,90,91,92,93,94,95,96,97,98,99]
CFO=-895.6753745637084,STO=4
EsN0dB=21.26,GRXdB=10,N0=0.0001258925476577133
packet_number=131,correct=True,payload=[0,1,2,3,4,5,6,7,8,9,10,11,12,13,14,15,16,17,18,19,20,21,22,23,24,25,26,27,28,29,30,31,32,33,34,35,36,37,38,39,40,41,42,43,44,45,46,47,48,49,50,51,52,53,54,55,56,57,58,59,60,61,62,63,64,65,66,67,68,69,70,71,72,73,74,75,76,77,78,79,80,81,82,83,84,85,86,87,88,89,90,91,92,93,94,95,96,97,98,99]
CFO=-1045.1840059168928,STO=5
EsN0dB=21.19,GRXdB=10,N0=0.0001258925476577133
packet_number=132,correct=True,payload=[0,1,2,3,4,5,6,7,8,9,10,11,12,13,14,15,16,17,18,19,20,21,22,23,24,25,26,27,28,29,30,31,32,33,34,35,36,37,38,39,40,41,42,43,44,45,46,47,48,49,50,51,52,53,54,55,56,57,58,59,60,61,62,63,64,65,66,67,68,69,70,71,72,73,74,75,76,77,78,79,80,81,82,83,84,85,86,87,88,89,90,91,92,93,94,95,96,97,98,99]
CFO=-1031.6169497795895,STO=4
EsN0dB=21.26,GRXdB=10,N0=0.0001258925476577133
packet_number=133,correct=True,payload=[0,1,2,3,4,5,6,7,8,9,10,11,12,13,14,15,16,17,18,19,20,21,22,23,24,25,26,27,28,29,30,31,32,33,34,35,36,37,38,39,40,41,42,43,44,45,46,47,48,49,50,51,52,53,54,55,56,57,58,59,60,61,62,63,64,65,66,67,68,69,70,71,72,73,74,75,76,77,78,79,80,81,82,83,84,85,86,87,88,89,90,91,92,93,94,95,96,97,98,99]
CFO=-1062.8992161782478,STO=4
EsN0dB=21.20,GRXdB=10,N0=0.0001258925476577133
packet_number=134,correct=True,payload=[0,1,2,3,4,5,6,7,8,9,10,11,12,13,14,15,16,17,18,19,20,21,22,23,24,25,26,27,28,29,30,31,32,33,34,35,36,37,38,39,40,41,42,43,44,45,46,47,48,49,50,51,52,53,54,55,56,57,58,59,60,61,62,63,64,65,66,67,68,69,70,71,72,73,74,75,76,77,78,79,80,81,82,83,84,85,86,87,88,89,90,91,92,93,94,95,96,97,98,99]
CFO=-1082.9459399719083,STO=4
EsN0dB=21.17,GRXdB=10,N0=0.0001258925476577133
packet_number=135,correct=True,payload=[0,1,2,3,4,5,6,7,8,9,10,11,12,13,14,15,16,17,18,19,20,21,22,23,24,25,26,27,28,29,30,31,32,33,34,35,36,37,38,39,40,41,42,43,44,45,46,47,48,49,50,51,52,53,54,55,56,57,58,59,60,61,62,63,64,65,66,67,68,69,70,71,72,73,74,75,76,77,78,79,80,81,82,83,84,85,86,87,88,89,90,91,92,93,94,95,96,97,98,99]
CFO=-1034.7775723861437,STO=4
EsN0dB=21.21,GRXdB=10,N0=0.0001258925476577133
packet_number=136,correct=True,payload=[0,1,2,3,4,5,6,7,8,9,10,11,12,13,14,15,16,17,18,19,20,21,22,23,24,25,26,27,28,29,30,31,32,33,34,35,36,37,38,39,40,41,42,43,44,45,46,47,48,49,50,51,52,53,54,55,56,57,58,59,60,61,62,63,64,65,66,67,68,69,70,71,72,73,74,75,76,77,78,79,80,81,82,83,84,85,86,87,88,89,90,91,92,93,94,95,96,97,98,99]
CFO=-1052.1726175301544,STO=0
EsN0dB=21.24,GRXdB=10,N0=0.0001258925476577133
packet_number=137,correct=True,payload=[0,1,2,3,4,5,6,7,8,9,10,11,12,13,14,15,16,17,18,19,20,21,22,23,24,25,26,27,28,29,30,31,32,33,34,35,36,37,38,39,40,41,42,43,44,45,46,47,48,49,50,51,52,53,54,55,56,57,58,59,60,61,62,63,64,65,66,67,68,69,70,71,72,73,74,75,76,77,78,79,80,81,82,83,84,85,86,87,88,89,90,91,92,93,94,95,96,97,98,99]
CFO=-1031.5813758776624,STO=4
EsN0dB=21.24,GRXdB=10,N0=0.0001258925476577133
packet_number=138,correct=True,payload=[0,1,2,3,4,5,6,7,8,9,10,11,12,13,14,15,16,17,18,19,20,21,22,23,24,25,26,27,28,29,30,31,32,33,34,35,36,37,38,39,40,41,42,43,44,45,46,47,48,49,50,51,52,53,54,55,56,57,58,59,60,61,62,63,64,65,66,67,68,69,70,71,72,73,74,75,76,77,78,79,80,81,82,83,84,85,86,87,88,89,90,91,92,93,94,95,96,97,98,99]
CFO=-1027.2191854436821,STO=5
EsN0dB=21.19,GRXdB=10,N0=0.0001258925476577133
packet_number=139,correct=True,payload=[0,1,2,3,4,5,6,7,8,9,10,11,12,13,14,15,16,17,18,19,20,21,22,23,24,25,26,27,28,29,30,31,32,33,34,35,36,37,38,39,40,41,42,43,44,45,46,47,48,49,50,51,52,53,54,55,56,57,58,59,60,61,62,63,64,65,66,67,68,69,70,71,72,73,74,75,76,77,78,79,80,81,82,83,84,85,86,87,88,89,90,91,92,93,94,95,96,97,98,99]
CFO=-997.9666473093138,STO=4
EsN0dB=21.19,GRXdB=10,N0=0.0001258925476577133
packet_number=140,correct=True,payload=[0,1,2,3,4,5,6,7,8,9,10,11,12,13,14,15,16,17,18,19,20,21,22,23,24,25,26,27,28,29,30,31,32,33,34,35,36,37,38,39,40,41,42,43,44,45,46,47,48,49,50,51,52,53,54,55,56,57,58,59,60,61,62,63,64,65,66,67,68,69,70,71,72,73,74,75,76,77,78,79,80,81,82,83,84,85,86,87,88,89,90,91,92,93,94,95,96,97,98,99]
CFO=-971.6238171932401,STO=4
EsN0dB=21.21,GRXdB=10,N0=0.0001258925476577133
packet_number=141,correct=True,payload=[0,1,2,3,4,5,6,7,8,9,10,11,12,13,14,15,16,17,18,19,20,21,22,23,24,25,26,27,28,29,30,31,32,33,34,35,36,37,38,39,40,41,42,43,44,45,46,47,48,49,50,51,52,53,54,55,56,57,58,59,60,61,62,63,64,65,66,67,68,69,70,71,72,73,74,75,76,77,78,79,80,81,82,83,84,85,86,87,88,89,90,91,92,93,94,95,96,97,98,99]
CFO=-1072.1243590056695,STO=4
EsN0dB=21.18,GRXdB=10,N0=0.0001258925476577133
packet_number=142,correct=True,payload=[0,1,2,3,4,5,6,7,8,9,10,11,12,13,14,15,16,17,18,19,20,21,22,23,24,25,26,27,28,29,30,31,32,33,34,35,36,37,38,39,40,41,42,43,44,45,46,47,48,49,50,51,52,53,54,55,56,57,58,59,60,61,62,63,64,65,66,67,68,69,70,71,72,73,74,75,76,77,78,79,80,81,82,83,84,85,86,87,88,89,90,91,92,93,94,95,96,97,98,99]
CFO=-1045.0851104695353,STO=4
EsN0dB=21.23,GRXdB=10,N0=0.0001258925476577133
packet_number=143,correct=True,payload=[0,1,2,3,4,5,6,7,8,9,10,11,12,13,14,15,16,17,18,19,20,21,22,23,24,25,26,27,28,29,30,31,32,33,34,35,36,37,38,39,40,41,42,43,44,45,46,47,48,49,50,51,52,53,54,55,56,57,58,59,60,61,62,63,64,65,66,67,68,69,70,71,72,73,74,75,76,77,78,79,80,81,82,83,84,85,86,87,88,89,90,91,92,93,94,95,96,97,98,99]
CFO=-1057.2785396737581,STO=4
EsN0dB=21.19,GRXdB=10,N0=0.0001258925476577133
packet_number=144,correct=True,payload=[0,1,2,3,4,5,6,7,8,9,10,11,12,13,14,15,16,17,18,19,20,21,22,23,24,25,26,27,28,29,30,31,32,33,34,35,36,37,38,39,40,41,42,43,44,45,46,47,48,49,50,51,52,53,54,55,56,57,58,59,60,61,62,63,64,65,66,67,68,69,70,71,72,73,74,75,76,77,78,79,80,81,82,83,84,85,86,87,88,89,90,91,92,93,94,95,96,97,98,99]
CFO=-1098.417148499699,STO=5
EsN0dB=21.23,GRXdB=10,N0=0.0001258925476577133
packet_number=145,correct=True,payload=[0,1,2,3,4,5,6,7,8,9,10,11,12,13,14,15,16,17,18,19,20,21,22,23,24,25,26,27,28,29,30,31,32,33,34,35,36,37,38,39,40,41,42,43,44,45,46,47,48,49,50,51,52,53,54,55,56,57,58,59,60,61,62,63,64,65,66,67,68,69,70,71,72,73,74,75,76,77,78,79,80,81,82,83,84,85,86,87,88,89,90,91,92,93,94,95,96,97,98,99]
CFO=-1000.1495805112368,STO=5
EsN0dB=21.14,GRXdB=10,N0=0.0001258925476577133
packet_number=146,correct=True,payload=[0,1,2,3,4,5,6,7,8,9,10,11,12,13,14,15,16,17,18,19,20,21,22,23,24,25,26,27,28,29,30,31,32,33,34,35,36,37,38,39,40,41,42,43,44,45,46,47,48,49,50,51,52,53,54,55,56,57,58,59,60,61,62,63,64,65,66,67,68,69,70,71,72,73,74,75,76,77,78,79,80,81,82,83,84,85,86,87,88,89,90,91,92,93,94,95,96,97,98,99]
CFO=-1034.5059063550932,STO=4
EsN0dB=21.24,GRXdB=10,N0=0.0001258925476577133
packet_number=147,correct=True,payload=[0,1,2,3,4,5,6,7,8,9,10,11,12,13,14,15,16,17,18,19,20,21,22,23,24,25,26,27,28,29,30,31,32,33,34,35,36,37,38,39,40,41,42,43,44,45,46,47,48,49,50,51,52,53,54,55,56,57,58,59,60,61,62,63,64,65,66,67,68,69,70,71,72,73,74,75,76,77,78,79,80,81,82,83,84,85,86,87,88,89,90,91,92,93,94,95,96,97,98,99]
CFO=-1018.2831398592552,STO=4
EsN0dB=21.25,GRXdB=10,N0=0.0001258925476577133
packet_number=148,correct=True,payload=[0,1,2,3,4,5,6,7,8,9,10,11,12,13,14,15,16,17,18,19,20,21,22,23,24,25,26,27,28,29,30,31,32,33,34,35,36,37,38,39,40,41,42,43,44,45,46,47,48,49,50,51,52,53,54,55,56,57,58,59,60,61,62,63,64,65,66,67,68,69,70,71,72,73,74,75,76,77,78,79,80,81,82,83,84,85,86,87,88,89,90,91,92,93,94,95,96,97,98,99]
CFO=-1059.1896882649578,STO=4
EsN0dB=21.21,GRXdB=10,N0=0.0001258925476577133
packet_number=149,correct=True,payload=[0,1,2,3,4,5,6,7,8,9,10,11,12,13,14,15,16,17,18,19,20,21,22,23,24,25,26,27,28,29,30,31,32,33,34,35,36,37,38,39,40,41,42,43,44,45,46,47,48,49,50,51,52,53,54,55,56,57,58,59,60,61,62,63,64,65,66,67,68,69,70,71,72,73,74,75,76,77,78,79,80,81,82,83,84,85,86,87,88,89,90,91,92,93,94,95,96,97,98,99]
CFO=-1009.3895457977947,STO=5
EsN0dB=21.26,GRXdB=10,N0=0.0001258925476577133
packet_number=150,correct=True,payload=[0,1,2,3,4,5,6,7,8,9,10,11,12,13,14,15,16,17,18,19,20,21,22,23,24,25,26,27,28,29,30,31,32,33,34,35,36,37,38,39,40,41,42,43,44,45,46,47,48,49,50,51,52,53,54,55,56,57,58,59,60,61,62,63,64,65,66,67,68,69,70,71,72,73,74,75,76,77,78,79,80,81,82,83,84,85,86,87,88,89,90,91,92,93,94,95,96,97,98,99]
CFO=-1052.5569342506408,STO=4
EsN0dB=21.27,GRXdB=10,N0=0.0001258925476577133
packet_number=151,correct=True,payload=[0,1,2,3,4,5,6,7,8,9,10,11,12,13,14,15,16,17,18,19,20,21,22,23,24,25,26,27,28,29,30,31,32,33,34,35,36,37,38,39,40,41,42,43,44,45,46,47,48,49,50,51,52,53,54,55,56,57,58,59,60,61,62,63,64,65,66,67,68,69,70,71,72,73,74,75,76,77,78,79,80,81,82,83,84,85,86,87,88,89,90,91,92,93,94,95,96,97,98,99]
CFO=-1055.5924553020843,STO=4
EsN0dB=21.21,GRXdB=10,N0=0.0001258925476577133
packet_number=152,correct=True,payload=[0,1,2,3,4,5,6,7,8,9,10,11,12,13,14,15,16,17,18,19,20,21,22,23,24,25,26,27,28,29,30,31,32,33,34,35,36,37,38,39,40,41,42,43,44,45,46,47,48,49,50,51,52,53,54,55,56,57,58,59,60,61,62,63,64,65,66,67,68,69,70,71,72,73,74,75,76,77,78,79,80,81,82,83,84,85,86,87,88,89,90,91,92,93,94,95,96,97,98,99]
CFO=-1043.4276037990762,STO=4
EsN0dB=21.24,GRXdB=10,N0=0.0001258925476577133
packet_number=153,correct=True,payload=[0,1,2,3,4,5,6,7,8,9,10,11,12,13,14,15,16,17,18,19,20,21,22,23,24,25,26,27,28,29,30,31,32,33,34,35,36,37,38,39,40,41,42,43,44,45,46,47,48,49,50,51,52,53,54,55,56,57,58,59,60,61,62,63,64,65,66,67,68,69,70,71,72,73,74,75,76,77,78,79,80,81,82,83,84,85,86,87,88,89,90,91,92,93,94,95,96,97,98,99]
CFO=-1099.832278318361,STO=4
EsN0dB=21.13,GRXdB=10,N0=0.0001258925476577133
packet_number=154,correct=True,payload=[0,1,2,3,4,5,6,7,8,9,10,11,12,13,14,15,16,17,18,19,20,21,22,23,24,25,26,27,28,29,30,31,32,33,34,35,36,37,38,39,40,41,42,43,44,45,46,47,48,49,50,51,52,53,54,55,56,57,58,59,60,61,62,63,64,65,66,67,68,69,70,71,72,73,74,75,76,77,78,79,80,81,82,83,84,85,86,87,88,89,90,91,92,93,94,95,96,97,98,99]
CFO=-1043.4299753925382,STO=4
EsN0dB=21.18,GRXdB=10,N0=0.0001258925476577133
packet_number=155,correct=True,payload=[0,1,2,3,4,5,6,7,8,9,10,11,12,13,14,15,16,17,18,19,20,21,22,23,24,25,26,27,28,29,30,31,32,33,34,35,36,37,38,39,40,41,42,43,44,45,46,47,48,49,50,51,52,53,54,55,56,57,58,59,60,61,62,63,64,65,66,67,68,69,70,71,72,73,74,75,76,77,78,79,80,81,82,83,84,85,86,87,88,89,90,91,92,93,94,95,96,97,98,99]
CFO=-1064.8912361064952,STO=4
EsN0dB=21.16,GRXdB=10,N0=0.0001258925476577133
packet_number=156,correct=True,payload=[0,1,2,3,4,5,6,7,8,9,10,11,12,13,14,15,16,17,18,19,20,21,22,23,24,25,26,27,28,29,30,31,32,33,34,35,36,37,38,39,40,41,42,43,44,45,46,47,48,49,50,51,52,53,54,55,56,57,58,59,60,61,62,63,64,65,66,67,68,69,70,71,72,73,74,75,76,77,78,79,80,81,82,83,84,85,86,87,88,89,90,91,92,93,94,95,96,97,98,99]
CFO=-1098.9836035980522,STO=4
EsN0dB=21.20,GRXdB=10,N0=0.0001258925476577133
packet_number=157,correct=True,payload=[0,1,2,3,4,5,6,7,8,9,10,11,12,13,14,15,16,17,18,19,20,21,22,23,24,25,26,27,28,29,30,31,32,33,34,35,36,37,38,39,40,41,42,43,44,45,46,47,48,49,50,51,52,53,54,55,56,57,58,59,60,61,62,63,64,65,66,67,68,69,70,71,72,73,74,75,76,77,78,79,80,81,82,83,84,85,86,87,88,89,90,91,92,93,94,95,96,97,98,99]
CFO=-1055.4678280656663,STO=5
EsN0dB=21.23,GRXdB=10,N0=0.0001258925476577133
packet_number=158,correct=True,payload=[0,1,2,3,4,5,6,7,8,9,10,11,12,13,14,15,16,17,18,19,20,21,22,23,24,25,26,27,28,29,30,31,32,33,34,35,36,37,38,39,40,41,42,43,44,45,46,47,48,49,50,51,52,53,54,55,56,57,58,59,60,61,62,63,64,65,66,67,68,69,70,71,72,73,74,75,76,77,78,79,80,81,82,83,84,85,86,87,88,89,90,91,92,93,94,95,96,97,98,99]
CFO=-1010.7916318524168,STO=4
EsN0dB=21.26,GRXdB=10,N0=0.0001258925476577133
packet_number=159,correct=True,payload=[0,1,2,3,4,5,6,7,8,9,10,11,12,13,14,15,16,17,18,19,20,21,22,23,24,25,26,27,28,29,30,31,32,33,34,35,36,37,38,39,40,41,42,43,44,45,46,47,48,49,50,51,52,53,54,55,56,57,58,59,60,61,62,63,64,65,66,67,68,69,70,71,72,73,74,75,76,77,78,79,80,81,82,83,84,85,86,87,88,89,90,91,92,93,94,95,96,97,98,99]
CFO=-1102.2175084425762,STO=4
EsN0dB=21.22,GRXdB=10,N0=0.0001258925476577133
packet_number=160,correct=True,payload=[0,1,2,3,4,5,6,7,8,9,10,11,12,13,14,15,16,17,18,19,20,21,22,23,24,25,26,27,28,29,30,31,32,33,34,35,36,37,38,39,40,41,42,43,44,45,46,47,48,49,50,51,52,53,54,55,56,57,58,59,60,61,62,63,64,65,66,67,68,69,70,71,72,73,74,75,76,77,78,79,80,81,82,83,84,85,86,87,88,89,90,91,92,93,94,95,96,97,98,99]
CFO=-993.9322703815923,STO=4
EsN0dB=21.19,GRXdB=10,N0=0.0001258925476577133
packet_number=161,correct=True,payload=[0,1,2,3,4,5,6,7,8,9,10,11,12,13,14,15,16,17,18,19,20,21,22,23,24,25,26,27,28,29,30,31,32,33,34,35,36,37,38,39,40,41,42,43,44,45,46,47,48,49,50,51,52,53,54,55,56,57,58,59,60,61,62,63,64,65,66,67,68,69,70,71,72,73,74,75,76,77,78,79,80,81,82,83,84,85,86,87,88,89,90,91,92,93,94,95,96,97,98,99]
CFO=-1043.5500966013788,STO=5
EsN0dB=21.22,GRXdB=10,N0=0.0001258925476577133
packet_number=162,correct=True,payload=[0,1,2,3,4,5,6,7,8,9,10,11,12,13,14,15,16,17,18,19,20,21,22,23,24,25,26,27,28,29,30,31,32,33,34,35,36,37,38,39,40,41,42,43,44,45,46,47,48,49,50,51,52,53,54,55,56,57,58,59,60,61,62,63,64,65,66,67,68,69,70,71,72,73,74,75,76,77,78,79,80,81,82,83,84,85,86,87,88,89,90,91,92,93,94,95,96,97,98,99]
CFO=-1055.8676787233273,STO=4
EsN0dB=21.18,GRXdB=10,N0=0.0001258925476577133
packet_number=163,correct=True,payload=[0,1,2,3,4,5,6,7,8,9,10,11,12,13,14,15,16,17,18,19,20,21,22,23,24,25,26,27,28,29,30,31,32,33,34,35,36,37,38,39,40,41,42,43,44,45,46,47,48,49,50,51,52,53,54,55,56,57,58,59,60,61,62,63,64,65,66,67,68,69,70,71,72,73,74,75,76,77,78,79,80,81,82,83,84,85,86,87,88,89,90,91,92,93,94,95,96,97,98,99]
CFO=-1011.059147594909,STO=4
EsN0dB=21.24,GRXdB=10,N0=0.0001258925476577133
packet_number=164,correct=True,payload=[0,1,2,3,4,5,6,7,8,9,10,11,12,13,14,15,16,17,18,19,20,21,22,23,24,25,26,27,28,29,30,31,32,33,34,35,36,37,38,39,40,41,42,43,44,45,46,47,48,49,50,51,52,53,54,55,56,57,58,59,60,61,62,63,64,65,66,67,68,69,70,71,72,73,74,75,76,77,78,79,80,81,82,83,84,85,86,87,88,89,90,91,92,93,94,95,96,97,98,99]
CFO=-1071.8452224552143,STO=5
EsN0dB=21.23,GRXdB=10,N0=0.0001258925476577133
packet_number=165,correct=True,payload=[0,1,2,3,4,5,6,7,8,9,10,11,12,13,14,15,16,17,18,19,20,21,22,23,24,25,26,27,28,29,30,31,32,33,34,35,36,37,38,39,40,41,42,43,44,45,46,47,48,49,50,51,52,53,54,55,56,57,58,59,60,61,62,63,64,65,66,67,68,69,70,71,72,73,74,75,76,77,78,79,80,81,82,83,84,85,86,87,88,89,90,91,92,93,94,95,96,97,98,99]
CFO=-1036.6211305636816,STO=4
EsN0dB=21.19,GRXdB=10,N0=0.0001258925476577133
packet_number=166,correct=True,payload=[0,1,2,3,4,5,6,7,8,9,10,11,12,13,14,15,16,17,18,19,20,21,22,23,24,25,26,27,28,29,30,31,32,33,34,35,36,37,38,39,40,41,42,43,44,45,46,47,48,49,50,51,52,53,54,55,56,57,58,59,60,61,62,63,64,65,66,67,68,69,70,71,72,73,74,75,76,77,78,79,80,81,82,83,84,85,86,87,88,89,90,91,92,93,94,95,96,97,98,99]
CFO=-1093.7231721404114,STO=4
EsN0dB=21.24,GRXdB=10,N0=0.0001258925476577133
packet_number=167,correct=True,payload=[0,1,2,3,4,5,6,7,8,9,10,11,12,13,14,15,16,17,18,19,20,21,22,23,24,25,26,27,28,29,30,31,32,33,34,35,36,37,38,39,40,41,42,43,44,45,46,47,48,49,50,51,52,53,54,55,56,57,58,59,60,61,62,63,64,65,66,67,68,69,70,71,72,73,74,75,76,77,78,79,80,81,82,83,84,85,86,87,88,89,90,91,92,93,94,95,96,97,98,99]
CFO=-1049.7173068191426,STO=4
EsN0dB=21.17,GRXdB=10,N0=0.0001258925476577133
packet_number=168,correct=True,payload=[0,1,2,3,4,5,6,7,8,9,10,11,12,13,14,15,16,17,18,19,20,21,22,23,24,25,26,27,28,29,30,31,32,33,34,35,36,37,38,39,40,41,42,43,44,45,46,47,48,49,50,51,52,53,54,55,56,57,58,59,60,61,62,63,64,65,66,67,68,69,70,71,72,73,74,75,76,77,78,79,80,81,82,83,84,85,86,87,88,89,90,91,92,93,94,95,96,97,98,99]
CFO=-1108.7167417449934,STO=4
EsN0dB=21.22,GRXdB=10,N0=0.0001258925476577133
packet_number=169,correct=True,payload=[0,1,2,3,4,5,6,7,8,9,10,11,12,13,14,15,16,17,18,19,20,21,22,23,24,25,26,27,28,29,30,31,32,33,34,35,36,37,38,39,40,41,42,43,44,45,46,47,48,49,50,51,52,53,54,55,56,57,58,59,60,61,62,63,64,65,66,67,68,69,70,71,72,73,74,75,76,77,78,79,80,81,82,83,84,85,86,87,88,89,90,91,92,93,94,95,96,97,98,99]
CFO=-1055.0618112650045,STO=5
EsN0dB=21.23,GRXdB=10,N0=0.0001258925476577133
packet_number=170,correct=True,payload=[0,1,2,3,4,5,6,7,8,9,10,11,12,13,14,15,16,17,18,19,20,21,22,23,24,25,26,27,28,29,30,31,32,33,34,35,36,37,38,39,40,41,42,43,44,45,46,47,48,49,50,51,52,53,54,55,56,57,58,59,60,61,62,63,64,65,66,67,68,69,70,71,72,73,74,75,76,77,78,79,80,81,82,83,84,85,86,87,88,89,90,91,92,93,94,95,96,97,98,99]
CFO=-1071.2543399442045,STO=4
EsN0dB=21.17,GRXdB=10,N0=0.0001258925476577133
packet_number=171,correct=True,payload=[0,1,2,3,4,5,6,7,8,9,10,11,12,13,14,15,16,17,18,19,20,21,22,23,24,25,26,27,28,29,30,31,32,33,34,35,36,37,38,39,40,41,42,43,44,45,46,47,48,49,50,51,52,53,54,55,56,57,58,59,60,61,62,63,64,65,66,67,68,69,70,71,72,73,74,75,76,77,78,79,80,81,82,83,84,85,86,87,88,89,90,91,92,93,94,95,96,97,98,99]
CFO=-1039.0146612650133,STO=4
EsN0dB=21.19,GRXdB=10,N0=0.0001258925476577133
packet_number=172,correct=True,payload=[0,1,2,3,4,5,6,7,8,9,10,11,12,13,14,15,16,17,18,19,20,21,22,23,24,25,26,27,28,29,30,31,32,33,34,35,36,37,38,39,40,41,42,43,44,45,46,47,48,49,50,51,52,53,54,55,56,57,58,59,60,61,62,63,64,65,66,67,68,69,70,71,72,73,74,75,76,77,78,79,80,81,82,83,84,85,86,87,88,89,90,91,92,93,94,95,96,97,98,99]
CFO=-1031.1114446332047,STO=4
EsN0dB=21.21,GRXdB=10,N0=0.0001258925476577133
packet_number=173,correct=True,payload=[0,1,2,3,4,5,6,7,8,9,10,11,12,13,14,15,16,17,18,19,20,21,22,23,24,25,26,27,28,29,30,31,32,33,34,35,36,37,38,39,40,41,42,43,44,45,46,47,48,49,50,51,52,53,54,55,56,57,58,59,60,61,62,63,64,65,66,67,68,69,70,71,72,73,74,75,76,77,78,79,80,81,82,83,84,85,86,87,88,89,90,91,92,93,94,95,96,97,98,99]
CFO=-1026.8118642666163,STO=5
EsN0dB=21.23,GRXdB=10,N0=0.0001258925476577133
packet_number=174,correct=True,payload=[0,1,2,3,4,5,6,7,8,9,10,11,12,13,14,15,16,17,18,19,20,21,22,23,24,25,26,27,28,29,30,31,32,33,34,35,36,37,38,39,40,41,42,43,44,45,46,47,48,49,50,51,52,53,54,55,56,57,58,59,60,61,62,63,64,65,66,67,68,69,70,71,72,73,74,75,76,77,78,79,80,81,82,83,84,85,86,87,88,89,90,91,92,93,94,95,96,97,98,99]
CFO=-1042.012236821068,STO=4
EsN0dB=21.26,GRXdB=10,N0=0.0001258925476577133
packet_number=175,correct=True,payload=[0,1,2,3,4,5,6,7,8,9,10,11,12,13,14,15,16,17,18,19,20,21,22,23,24,25,26,27,28,29,30,31,32,33,34,35,36,37,38,39,40,41,42,43,44,45,46,47,48,49,50,51,52,53,54,55,56,57,58,59,60,61,62,63,64,65,66,67,68,69,70,71,72,73,74,75,76,77,78,79,80,81,82,83,84,85,86,87,88,89,90,91,92,93,94,95,96,97,98,99]
CFO=-1036.3864613906355,STO=4
EsN0dB=21.23,GRXdB=10,N0=0.0001258925476577133
packet_number=176,correct=True,payload=[0,1,2,3,4,5,6,7,8,9,10,11,12,13,14,15,16,17,18,19,20,21,22,23,24,25,26,27,28,29,30,31,32,33,34,35,36,37,38,39,40,41,42,43,44,45,46,47,48,49,50,51,52,53,54,55,56,57,58,59,60,61,62,63,64,65,66,67,68,69,70,71,72,73,74,75,76,77,78,79,80,81,82,83,84,85,86,87,88,89,90,91,92,93,94,95,96,97,98,99]
CFO=-1070.4251122902826,STO=4
EsN0dB=21.20,GRXdB=10,N0=0.0001258925476577133
packet_number=177,correct=True,payload=[0,1,2,3,4,5,6,7,8,9,10,11,12,13,14,15,16,17,18,19,20,21,22,23,24,25,26,27,28,29,30,31,32,33,34,35,36,37,38,39,40,41,42,43,44,45,46,47,48,49,50,51,52,53,54,55,56,57,58,59,60,61,62,63,64,65,66,67,68,69,70,71,72,73,74,75,76,77,78,79,80,81,82,83,84,85,86,87,88,89,90,91,92,93,94,95,96,97,98,99]
CFO=-1048.5787047981275,STO=4
EsN0dB=21.24,GRXdB=10,N0=0.0001258925476577133
packet_number=178,correct=True,payload=[0,1,2,3,4,5,6,7,8,9,10,11,12,13,14,15,16,17,18,19,20,21,22,23,24,25,26,27,28,29,30,31,32,33,34,35,36,37,38,39,40,41,42,43,44,45,46,47,48,49,50,51,52,53,54,55,56,57,58,59,60,61,62,63,64,65,66,67,68,69,70,71,72,73,74,75,76,77,78,79,80,81,82,83,84,85,86,87,88,89,90,91,92,93,94,95,96,97,98,99]
CFO=-1048.135216820769,STO=4
EsN0dB=21.23,GRXdB=10,N0=0.0001258925476577133
packet_number=179,correct=True,payload=[0,1,2,3,4,5,6,7,8,9,10,11,12,13,14,15,16,17,18,19,20,21,22,23,24,25,26,27,28,29,30,31,32,33,34,35,36,37,38,39,40,41,42,43,44,45,46,47,48,49,50,51,52,53,54,55,56,57,58,59,60,61,62,63,64,65,66,67,68,69,70,71,72,73,74,75,76,77,78,79,80,81,82,83,84,85,86,87,88,89,90,91,92,93,94,95,96,97,98,99]
CFO=-1024.1525965178887,STO=4
EsN0dB=21.26,GRXdB=10,N0=0.0001258925476577133
packet_number=180,correct=True,payload=[0,1,2,3,4,5,6,7,8,9,10,11,12,13,14,15,16,17,18,19,20,21,22,23,24,25,26,27,28,29,30,31,32,33,34,35,36,37,38,39,40,41,42,43,44,45,46,47,48,49,50,51,52,53,54,55,56,57,58,59,60,61,62,63,64,65,66,67,68,69,70,71,72,73,74,75,76,77,78,79,80,81,82,83,84,85,86,87,88,89,90,91,92,93,94,95,96,97,98,99]
CFO=-1007.8733860976596,STO=4
EsN0dB=21.22,GRXdB=10,N0=0.0001258925476577133
packet_number=181,correct=True,payload=[0,1,2,3,4,5,6,7,8,9,10,11,12,13,14,15,16,17,18,19,20,21,22,23,24,25,26,27,28,29,30,31,32,33,34,35,36,37,38,39,40,41,42,43,44,45,46,47,48,49,50,51,52,53,54,55,56,57,58,59,60,61,62,63,64,65,66,67,68,69,70,71,72,73,74,75,76,77,78,79,80,81,82,83,84,85,86,87,88,89,90,91,92,93,94,95,96,97,98,99]
CFO=-1032.7076456126758,STO=4
EsN0dB=21.24,GRXdB=10,N0=0.0001258925476577133
packet_number=182,correct=True,payload=[0,1,2,3,4,5,6,7,8,9,10,11,12,13,14,15,16,17,18,19,20,21,22,23,24,25,26,27,28,29,30,31,32,33,34,35,36,37,38,39,40,41,42,43,44,45,46,47,48,49,50,51,52,53,54,55,56,57,58,59,60,61,62,63,64,65,66,67,68,69,70,71,72,73,74,75,76,77,78,79,80,81,82,83,84,85,86,87,88,89,90,91,92,93,94,95,96,97,98,99]
CFO=-1035.9352657345262,STO=4
EsN0dB=21.21,GRXdB=10,N0=0.0001258925476577133
packet_number=183,correct=True,payload=[0,1,2,3,4,5,6,7,8,9,10,11,12,13,14,15,16,17,18,19,20,21,22,23,24,25,26,27,28,29,30,31,32,33,34,35,36,37,38,39,40,41,42,43,44,45,46,47,48,49,50,51,52,53,54,55,56,57,58,59,60,61,62,63,64,65,66,67,68,69,70,71,72,73,74,75,76,77,78,79,80,81,82,83,84,85,86,87,88,89,90,91,92,93,94,95,96,97,98,99]
CFO=-1022.8947033457447,STO=4
EsN0dB=21.22,GRXdB=10,N0=0.0001258925476577133
packet_number=184,correct=True,payload=[0,1,2,3,4,5,6,7,8,9,10,11,12,13,14,15,16,17,18,19,20,21,22,23,24,25,26,27,28,29,30,31,32,33,34,35,36,37,38,39,40,41,42,43,44,45,46,47,48,49,50,51,52,53,54,55,56,57,58,59,60,61,62,63,64,65,66,67,68,69,70,71,72,73,74,75,76,77,78,79,80,81,82,83,84,85,86,87,88,89,90,91,92,93,94,95,96,97,98,99]
CFO=-948.7497982540829,STO=5
EsN0dB=21.26,GRXdB=10,N0=0.0001258925476577133
packet_number=185,correct=True,payload=[0,1,2,3,4,5,6,7,8,9,10,11,12,13,14,15,16,17,18,19,20,21,22,23,24,25,26,27,28,29,30,31,32,33,34,35,36,37,38,39,40,41,42,43,44,45,46,47,48,49,50,51,52,53,54,55,56,57,58,59,60,61,62,63,64,65,66,67,68,69,70,71,72,73,74,75,76,77,78,79,80,81,82,83,84,85,86,87,88,89,90,91,92,93,94,95,96,97,98,99]
CFO=-1064.5888579401144,STO=4
EsN0dB=21.23,GRXdB=10,N0=0.0001258925476577133
packet_number=186,correct=True,payload=[0,1,2,3,4,5,6,7,8,9,10,11,12,13,14,15,16,17,18,19,20,21,22,23,24,25,26,27,28,29,30,31,32,33,34,35,36,37,38,39,40,41,42,43,44,45,46,47,48,49,50,51,52,53,54,55,56,57,58,59,60,61,62,63,64,65,66,67,68,69,70,71,72,73,74,75,76,77,78,79,80,81,82,83,84,85,86,87,88,89,90,91,92,93,94,95,96,97,98,99]
CFO=-1015.1669846301099,STO=4
EsN0dB=21.21,GRXdB=10,N0=0.0001258925476577133
packet_number=187,correct=True,payload=[0,1,2,3,4,5,6,7,8,9,10,11,12,13,14,15,16,17,18,19,20,21,22,23,24,25,26,27,28,29,30,31,32,33,34,35,36,37,38,39,40,41,42,43,44,45,46,47,48,49,50,51,52,53,54,55,56,57,58,59,60,61,62,63,64,65,66,67,68,69,70,71,72,73,74,75,76,77,78,79,80,81,82,83,84,85,86,87,88,89,90,91,92,93,94,95,96,97,98,99]
CFO=-1047.9545013989791,STO=3
EsN0dB=21.22,GRXdB=10,N0=0.0001258925476577133
packet_number=188,correct=True,payload=[0,1,2,3,4,5,6,7,8,9,10,11,12,13,14,15,16,17,18,19,20,21,22,23,24,25,26,27,28,29,30,31,32,33,34,35,36,37,38,39,40,41,42,43,44,45,46,47,48,49,50,51,52,53,54,55,56,57,58,59,60,61,62,63,64,65,66,67,68,69,70,71,72,73,74,75,76,77,78,79,80,81,82,83,84,85,86,87,88,89,90,91,92,93,94,95,96,97,98,99]
CFO=-1069.9694106065958,STO=5
EsN0dB=21.22,GRXdB=10,N0=0.0001258925476577133
packet_number=189,correct=True,payload=[0,1,2,3,4,5,6,7,8,9,10,11,12,13,14,15,16,17,18,19,20,21,22,23,24,25,26,27,28,29,30,31,32,33,34,35,36,37,38,39,40,41,42,43,44,45,46,47,48,49,50,51,52,53,54,55,56,57,58,59,60,61,62,63,64,65,66,67,68,69,70,71,72,73,74,75,76,77,78,79,80,81,82,83,84,85,86,87,88,89,90,91,92,93,94,95,96,97,98,99]
CFO=-996.3020258584694,STO=4
EsN0dB=21.23,GRXdB=10,N0=0.0001258925476577133
packet_number=190,correct=True,payload=[0,1,2,3,4,5,6,7,8,9,10,11,12,13,14,15,16,17,18,19,20,21,22,23,24,25,26,27,28,29,30,31,32,33,34,35,36,37,38,39,40,41,42,43,44,45,46,47,48,49,50,51,52,53,54,55,56,57,58,59,60,61,62,63,64,65,66,67,68,69,70,71,72,73,74,75,76,77,78,79,80,81,82,83,84,85,86,87,88,89,90,91,92,93,94,95,96,97,98,99]
CFO=-1095.5016300774228,STO=5
EsN0dB=21.22,GRXdB=10,N0=0.0001258925476577133
packet_number=191,correct=True,payload=[0,1,2,3,4,5,6,7,8,9,10,11,12,13,14,15,16,17,18,19,20,21,22,23,24,25,26,27,28,29,30,31,32,33,34,35,36,37,38,39,40,41,42,43,44,45,46,47,48,49,50,51,52,53,54,55,56,57,58,59,60,61,62,63,64,65,66,67,68,69,70,71,72,73,74,75,76,77,78,79,80,81,82,83,84,85,86,87,88,89,90,91,92,93,94,95,96,97,98,99]
CFO=-1015.7953383178166,STO=4
EsN0dB=21.22,GRXdB=10,N0=0.0001258925476577133
packet_number=192,correct=True,payload=[0,1,2,3,4,5,6,7,8,9,10,11,12,13,14,15,16,17,18,19,20,21,22,23,24,25,26,27,28,29,30,31,32,33,34,35,36,37,38,39,40,41,42,43,44,45,46,47,48,49,50,51,52,53,54,55,56,57,58,59,60,61,62,63,64,65,66,67,68,69,70,71,72,73,74,75,76,77,78,79,80,81,82,83,84,85,86,87,88,89,90,91,92,93,94,95,96,97,98,99]
CFO=-1051.7568771962992,STO=4
EsN0dB=21.19,GRXdB=10,N0=0.0001258925476577133
packet_number=193,correct=True,payload=[0,1,2,3,4,5,6,7,8,9,10,11,12,13,14,15,16,17,18,19,20,21,22,23,24,25,26,27,28,29,30,31,32,33,34,35,36,37,38,39,40,41,42,43,44,45,46,47,48,49,50,51,52,53,54,55,56,57,58,59,60,61,62,63,64,65,66,67,68,69,70,71,72,73,74,75,76,77,78,79,80,81,82,83,84,85,86,87,88,89,90,91,92,93,94,95,96,97,98,99]
CFO=-1073.7308764166994,STO=5
EsN0dB=21.20,GRXdB=10,N0=0.0001258925476577133
packet_number=194,correct=True,payload=[0,1,2,3,4,5,6,7,8,9,10,11,12,13,14,15,16,17,18,19,20,21,22,23,24,25,26,27,28,29,30,31,32,33,34,35,36,37,38,39,40,41,42,43,44,45,46,47,48,49,50,51,52,53,54,55,56,57,58,59,60,61,62,63,64,65,66,67,68,69,70,71,72,73,74,75,76,77,78,79,80,81,82,83,84,85,86,87,88,89,90,91,92,93,94,95,96,97,98,99]
CFO=-1013.5493207298094,STO=5
EsN0dB=21.18,GRXdB=10,N0=0.0001258925476577133
packet_number=195,correct=True,payload=[0,1,2,3,4,5,6,7,8,9,10,11,12,13,14,15,16,17,18,19,20,21,22,23,24,25,26,27,28,29,30,31,32,33,34,35,36,37,38,39,40,41,42,43,44,45,46,47,48,49,50,51,52,53,54,55,56,57,58,59,60,61,62,63,64,65,66,67,68,69,70,71,72,73,74,75,76,77,78,79,80,81,82,83,84,85,86,87,88,89,90,91,92,93,94,95,96,97,98,99]
CFO=-1012.7843632587026,STO=5
EsN0dB=21.19,GRXdB=10,N0=0.0001258925476577133
packet_number=196,correct=True,payload=[0,1,2,3,4,5,6,7,8,9,10,11,12,13,14,15,16,17,18,19,20,21,22,23,24,25,26,27,28,29,30,31,32,33,34,35,36,37,38,39,40,41,42,43,44,45,46,47,48,49,50,51,52,53,54,55,56,57,58,59,60,61,62,63,64,65,66,67,68,69,70,71,72,73,74,75,76,77,78,79,80,81,82,83,84,85,86,87,88,89,90,91,92,93,94,95,96,97,98,99]
CFO=-961.5672529879446,STO=0
EsN0dB=21.22,GRXdB=10,N0=0.0001258925476577133
packet_number=197,correct=True,payload=[0,1,2,3,4,5,6,7,8,9,10,11,12,13,14,15,16,17,18,19,20,21,22,23,24,25,26,27,28,29,30,31,32,33,34,35,36,37,38,39,40,41,42,43,44,45,46,47,48,49,50,51,52,53,54,55,56,57,58,59,60,61,62,63,64,65,66,67,68,69,70,71,72,73,74,75,76,77,78,79,80,81,82,83,84,85,86,87,88,89,90,91,92,93,94,95,96,97,98,99]
CFO=-1024.2555236741314,STO=4
EsN0dB=21.23,GRXdB=10,N0=0.0001258925476577133
packet_number=198,correct=True,payload=[0,1,2,3,4,5,6,7,8,9,10,11,12,13,14,15,16,17,18,19,20,21,22,23,24,25,26,27,28,29,30,31,32,33,34,35,36,37,38,39,40,41,42,43,44,45,46,47,48,49,50,51,52,53,54,55,56,57,58,59,60,61,62,63,64,65,66,67,68,69,70,71,72,73,74,75,76,77,78,79,80,81,82,83,84,85,86,87,88,89,90,91,92,93,94,95,96,97,98,99]
CFO=-999.000662058663,STO=5
EsN0dB=21.21,GRXdB=10,N0=0.0001258925476577133
packet_number=199,correct=True,payload=[0,1,2,3,4,5,6,7,8,9,10,11,12,13,14,15,16,17,18,19,20,21,22,23,24,25,26,27,28,29,30,31,32,33,34,35,36,37,38,39,40,41,42,43,44,45,46,47,48,49,50,51,52,53,54,55,56,57,58,59,60,61,62,63,64,65,66,67,68,69,70,71,72,73,74,75,76,77,78,79,80,81,82,83,84,85,86,87,88,89,90,91,92,93,94,95,96,97,98,99]
CFO=-1056.6695144727655,STO=4
EsN0dB=21.19,GRXdB=10,N0=0.0001258925476577133
packet_number=200,correct=True,payload=[0,1,2,3,4,5,6,7,8,9,10,11,12,13,14,15,16,17,18,19,20,21,22,23,24,25,26,27,28,29,30,31,32,33,34,35,36,37,38,39,40,41,42,43,44,45,46,47,48,49,50,51,52,53,54,55,56,57,58,59,60,61,62,63,64,65,66,67,68,69,70,71,72,73,74,75,76,77,78,79,80,81,82,83,84,85,86,87,88,89,90,91,92,93,94,95,96,97,98,99]
CFO=-1038.3019974297395,STO=4
EsN0dB=20.22,GRXdB=10,N0=0.00015848931798245758
packet_number=201,correct=True,payload=[0,1,2,3,4,5,6,7,8,9,10,11,12,13,14,15,16,17,18,19,20,21,22,23,24,25,26,27,28,29,30,31,32,33,34,35,36,37,38,39,40,41,42,43,44,45,46,47,48,49,50,51,52,53,54,55,56,57,58,59,60,61,62,63,64,65,66,67,68,69,70,71,72,73,74,75,76,77,78,79,80,81,82,83,84,85,86,87,88,89,90,91,92,93,94,95,96,97,98,99]
CFO=-954.7113320288712,STO=5
EsN0dB=20.18,GRXdB=10,N0=0.00015848931798245758
packet_number=202,correct=True,payload=[0,1,2,3,4,5,6,7,8,9,10,11,12,13,14,15,16,17,18,19,20,21,22,23,24,25,26,27,28,29,30,31,32,33,34,35,36,37,38,39,40,41,42,43,44,45,46,47,48,49,50,51,52,53,54,55,56,57,58,59,60,61,62,63,64,65,66,67,68,69,70,71,72,73,74,75,76,77,78,79,80,81,82,83,84,85,86,87,88,89,90,91,92,93,94,95,96,97,98,99]
CFO=-1037.753566441696,STO=5
EsN0dB=20.24,GRXdB=10,N0=0.00015848931798245758
packet_number=203,correct=True,payload=[0,1,2,3,4,5,6,7,8,9,10,11,12,13,14,15,16,17,18,19,20,21,22,23,24,25,26,27,28,29,30,31,32,33,34,35,36,37,38,39,40,41,42,43,44,45,46,47,48,49,50,51,52,53,54,55,56,57,58,59,60,61,62,63,64,65,66,67,68,69,70,71,72,73,74,75,76,77,78,79,80,81,82,83,84,85,86,87,88,89,90,91,92,93,94,95,96,97,98,99]
CFO=-1037.813804915626,STO=4
EsN0dB=20.19,GRXdB=10,N0=0.00015848931798245758
packet_number=204,correct=True,payload=[0,1,2,3,4,5,6,7,8,9,10,11,12,13,14,15,16,17,18,19,20,21,22,23,24,25,26,27,28,29,30,31,32,33,34,35,36,37,38,39,40,41,42,43,44,45,46,47,48,49,50,51,52,53,54,55,56,57,58,59,60,61,62,63,64,65,66,67,68,69,70,71,72,73,74,75,76,77,78,79,80,81,82,83,84,85,86,87,88,89,90,91,92,93,94,95,96,97,98,99]
CFO=-939.6495791122621,STO=5
EsN0dB=20.19,GRXdB=10,N0=0.00015848931798245758
packet_number=205,correct=True,payload=[0,1,2,3,4,5,6,7,8,9,10,11,12,13,14,15,16,17,18,19,20,21,22,23,24,25,26,27,28,29,30,31,32,33,34,35,36,37,38,39,40,41,42,43,44,45,46,47,48,49,50,51,52,53,54,55,56,57,58,59,60,61,62,63,64,65,66,67,68,69,70,71,72,73,74,75,76,77,78,79,80,81,82,83,84,85,86,87,88,89,90,91,92,93,94,95,96,97,98,99]
CFO=-1030.7885521833794,STO=7
EsN0dB=20.18,GRXdB=10,N0=0.00015848931798245758
packet_number=206,correct=True,payload=[0,1,2,3,4,5,6,7,8,9,10,11,12,13,14,15,16,17,18,19,20,21,22,23,24,25,26,27,28,29,30,31,32,33,34,35,36,37,38,39,40,41,42,43,44,45,46,47,48,49,50,51,52,53,54,55,56,57,58,59,60,61,62,63,64,65,66,67,68,69,70,71,72,73,74,75,76,77,78,79,80,81,82,83,84,85,86,87,88,89,90,91,92,93,94,95,96,97,98,99]
CFO=-1084.980292843449,STO=4
EsN0dB=20.28,GRXdB=10,N0=0.00015848931798245758
packet_number=207,correct=True,payload=[0,1,2,3,4,5,6,7,8,9,10,11,12,13,14,15,16,17,18,19,20,21,22,23,24,25,26,27,28,29,30,31,32,33,34,35,36,37,38,39,40,41,42,43,44,45,46,47,48,49,50,51,52,53,54,55,56,57,58,59,60,61,62,63,64,65,66,67,68,69,70,71,72,73,74,75,76,77,78,79,80,81,82,83,84,85,86,87,88,89,90,91,92,93,94,95,96,97,98,99]
CFO=-1065.0925843914029,STO=4
EsN0dB=20.24,GRXdB=10,N0=0.00015848931798245758
packet_number=208,correct=True,payload=[0,1,2,3,4,5,6,7,8,9,10,11,12,13,14,15,16,17,18,19,20,21,22,23,24,25,26,27,28,29,30,31,32,33,34,35,36,37,38,39,40,41,42,43,44,45,46,47,48,49,50,51,52,53,54,55,56,57,58,59,60,61,62,63,64,65,66,67,68,69,70,71,72,73,74,75,76,77,78,79,80,81,82,83,84,85,86,87,88,89,90,91,92,93,94,95,96,97,98,99]
CFO=-1131.3009519631175,STO=4
EsN0dB=20.22,GRXdB=10,N0=0.00015848931798245758
packet_number=209,correct=True,payload=[0,1,2,3,4,5,6,7,8,9,10,11,12,13,14,15,16,17,18,19,20,21,22,23,24,25,26,27,28,29,30,31,32,33,34,35,36,37,38,39,40,41,42,43,44,45,46,47,48,49,50,51,52,53,54,55,56,57,58,59,60,61,62,63,64,65,66,67,68,69,70,71,72,73,74,75,76,77,78,79,80,81,82,83,84,85,86,87,88,89,90,91,92,93,94,95,96,97,98,99]
CFO=-1006.2691217004182,STO=5
EsN0dB=20.21,GRXdB=10,N0=0.00015848931798245758
packet_number=210,correct=True,payload=[0,1,2,3,4,5,6,7,8,9,10,11,12,13,14,15,16,17,18,19,20,21,22,23,24,25,26,27,28,29,30,31,32,33,34,35,36,37,38,39,40,41,42,43,44,45,46,47,48,49,50,51,52,53,54,55,56,57,58,59,60,61,62,63,64,65,66,67,68,69,70,71,72,73,74,75,76,77,78,79,80,81,82,83,84,85,86,87,88,89,90,91,92,93,94,95,96,97,98,99]
CFO=-1071.487111842481,STO=5
EsN0dB=20.23,GRXdB=10,N0=0.00015848931798245758
packet_number=211,correct=True,payload=[0,1,2,3,4,5,6,7,8,9,10,11,12,13,14,15,16,17,18,19,20,21,22,23,24,25,26,27,28,29,30,31,32,33,34,35,36,37,38,39,40,41,42,43,44,45,46,47,48,49,50,51,52,53,54,55,56,57,58,59,60,61,62,63,64,65,66,67,68,69,70,71,72,73,74,75,76,77,78,79,80,81,82,83,84,85,86,87,88,89,90,91,92,93,94,95,96,97,98,99]
CFO=-1102.1258463552774,STO=5
EsN0dB=20.22,GRXdB=10,N0=0.00015848931798245758
packet_number=212,correct=True,payload=[0,1,2,3,4,5,6,7,8,9,10,11,12,13,14,15,16,17,18,19,20,21,22,23,24,25,26,27,28,29,30,31,32,33,34,35,36,37,38,39,40,41,42,43,44,45,46,47,48,49,50,51,52,53,54,55,56,57,58,59,60,61,62,63,64,65,66,67,68,69,70,71,72,73,74,75,76,77,78,79,80,81,82,83,84,85,86,87,88,89,90,91,92,93,94,95,96,97,98,99]
CFO=-1097.967850118359,STO=5
EsN0dB=20.21,GRXdB=10,N0=0.00015848931798245758
packet_number=213,correct=True,payload=[0,1,2,3,4,5,6,7,8,9,10,11,12,13,14,15,16,17,18,19,20,21,22,23,24,25,26,27,28,29,30,31,32,33,34,35,36,37,38,39,40,41,42,43,44,45,46,47,48,49,50,51,52,53,54,55,56,57,58,59,60,61,62,63,64,65,66,67,68,69,70,71,72,73,74,75,76,77,78,79,80,81,82,83,84,85,86,87,88,89,90,91,92,93,94,95,96,97,98,99]
CFO=-1061.0053802193195,STO=4
EsN0dB=20.25,GRXdB=10,N0=0.00015848931798245758
packet_number=214,correct=True,payload=[0,1,2,3,4,5,6,7,8,9,10,11,12,13,14,15,16,17,18,19,20,21,22,23,24,25,26,27,28,29,30,31,32,33,34,35,36,37,38,39,40,41,42,43,44,45,46,47,48,49,50,51,52,53,54,55,56,57,58,59,60,61,62,63,64,65,66,67,68,69,70,71,72,73,74,75,76,77,78,79,80,81,82,83,84,85,86,87,88,89,90,91,92,93,94,95,96,97,98,99]
CFO=-1020.7458025099987,STO=4
EsN0dB=20.22,GRXdB=10,N0=0.00015848931798245758
packet_number=215,correct=True,payload=[0,1,2,3,4,5,6,7,8,9,10,11,12,13,14,15,16,17,18,19,20,21,22,23,24,25,26,27,28,29,30,31,32,33,34,35,36,37,38,39,40,41,42,43,44,45,46,47,48,49,50,51,52,53,54,55,56,57,58,59,60,61,62,63,64,65,66,67,68,69,70,71,72,73,74,75,76,77,78,79,80,81,82,83,84,85,86,87,88,89,90,91,92,93,94,95,96,97,98,99]
CFO=-1084.4606767159664,STO=4
EsN0dB=20.24,GRXdB=10,N0=0.00015848931798245758
packet_number=216,correct=True,payload=[0,1,2,3,4,5,6,7,8,9,10,11,12,13,14,15,16,17,18,19,20,21,22,23,24,25,26,27,28,29,30,31,32,33,34,35,36,37,38,39,40,41,42,43,44,45,46,47,48,49,50,51,52,53,54,55,56,57,58,59,60,61,62,63,64,65,66,67,68,69,70,71,72,73,74,75,76,77,78,79,80,81,82,83,84,85,86,87,88,89,90,91,92,93,94,95,96,97,98,99]
CFO=-1065.7317288293607,STO=3
EsN0dB=20.19,GRXdB=10,N0=0.00015848931798245758
packet_number=217,correct=True,payload=[0,1,2,3,4,5,6,7,8,9,10,11,12,13,14,15,16,17,18,19,20,21,22,23,24,25,26,27,28,29,30,31,32,33,34,35,36,37,38,39,40,41,42,43,44,45,46,47,48,49,50,51,52,53,54,55,56,57,58,59,60,61,62,63,64,65,66,67,68,69,70,71,72,73,74,75,76,77,78,79,80,81,82,83,84,85,86,87,88,89,90,91,92,93,94,95,96,97,98,99]
CFO=-1003.5701297612053,STO=4
EsN0dB=20.26,GRXdB=10,N0=0.00015848931798245758
packet_number=218,correct=True,payload=[0,1,2,3,4,5,6,7,8,9,10,11,12,13,14,15,16,17,18,19,20,21,22,23,24,25,26,27,28,29,30,31,32,33,34,35,36,37,38,39,40,41,42,43,44,45,46,47,48,49,50,51,52,53,54,55,56,57,58,59,60,61,62,63,64,65,66,67,68,69,70,71,72,73,74,75,76,77,78,79,80,81,82,83,84,85,86,87,88,89,90,91,92,93,94,95,96,97,98,99]
CFO=-996.5771307000393,STO=3
EsN0dB=20.26,GRXdB=10,N0=0.00015848931798245758
packet_number=219,correct=True,payload=[0,1,2,3,4,5,6,7,8,9,10,11,12,13,14,15,16,17,18,19,20,21,22,23,24,25,26,27,28,29,30,31,32,33,34,35,36,37,38,39,40,41,42,43,44,45,46,47,48,49,50,51,52,53,54,55,56,57,58,59,60,61,62,63,64,65,66,67,68,69,70,71,72,73,74,75,76,77,78,79,80,81,82,83,84,85,86,87,88,89,90,91,92,93,94,95,96,97,98,99]
CFO=-1007.9442967421677,STO=4
EsN0dB=20.27,GRXdB=10,N0=0.00015848931798245758
packet_number=220,correct=True,payload=[0,1,2,3,4,5,6,7,8,9,10,11,12,13,14,15,16,17,18,19,20,21,22,23,24,25,26,27,28,29,30,31,32,33,34,35,36,37,38,39,40,41,42,43,44,45,46,47,48,49,50,51,52,53,54,55,56,57,58,59,60,61,62,63,64,65,66,67,68,69,70,71,72,73,74,75,76,77,78,79,80,81,82,83,84,85,86,87,88,89,90,91,92,93,94,95,96,97,98,99]
CFO=-1040.4964328599522,STO=4
EsN0dB=20.24,GRXdB=10,N0=0.00015848931798245758
packet_number=221,correct=True,payload=[0,1,2,3,4,5,6,7,8,9,10,11,12,13,14,15,16,17,18,19,20,21,22,23,24,25,26,27,28,29,30,31,32,33,34,35,36,37,38,39,40,41,42,43,44,45,46,47,48,49,50,51,52,53,54,55,56,57,58,59,60,61,62,63,64,65,66,67,68,69,70,71,72,73,74,75,76,77,78,79,80,81,82,83,84,85,86,87,88,89,90,91,92,93,94,95,96,97,98,99]
CFO=-1056.9709440017614,STO=4
EsN0dB=20.20,GRXdB=10,N0=0.00015848931798245758
packet_number=222,correct=True,payload=[0,1,2,3,4,5,6,7,8,9,10,11,12,13,14,15,16,17,18,19,20,21,22,23,24,25,26,27,28,29,30,31,32,33,34,35,36,37,38,39,40,41,42,43,44,45,46,47,48,49,50,51,52,53,54,55,56,57,58,59,60,61,62,63,64,65,66,67,68,69,70,71,72,73,74,75,76,77,78,79,80,81,82,83,84,85,86,87,88,89,90,91,92,93,94,95,96,97,98,99]
CFO=-1156.0098727636773,STO=5
EsN0dB=20.28,GRXdB=10,N0=0.00015848931798245758
packet_number=223,correct=True,payload=[0,1,2,3,4,5,6,7,8,9,10,11,12,13,14,15,16,17,18,19,20,21,22,23,24,25,26,27,28,29,30,31,32,33,34,35,36,37,38,39,40,41,42,43,44,45,46,47,48,49,50,51,52,53,54,55,56,57,58,59,60,61,62,63,64,65,66,67,68,69,70,71,72,73,74,75,76,77,78,79,80,81,82,83,84,85,86,87,88,89,90,91,92,93,94,95,96,97,98,99]
CFO=-1002.1385173679837,STO=4
EsN0dB=20.19,GRXdB=10,N0=0.00015848931798245758
packet_number=224,correct=True,payload=[0,1,2,3,4,5,6,7,8,9,10,11,12,13,14,15,16,17,18,19,20,21,22,23,24,25,26,27,28,29,30,31,32,33,34,35,36,37,38,39,40,41,42,43,44,45,46,47,48,49,50,51,52,53,54,55,56,57,58,59,60,61,62,63,64,65,66,67,68,69,70,71,72,73,74,75,76,77,78,79,80,81,82,83,84,85,86,87,88,89,90,91,92,93,94,95,96,97,98,99]
CFO=-964.3921765399796,STO=5
EsN0dB=20.22,GRXdB=10,N0=0.00015848931798245758
packet_number=225,correct=True,payload=[0,1,2,3,4,5,6,7,8,9,10,11,12,13,14,15,16,17,18,19,20,21,22,23,24,25,26,27,28,29,30,31,32,33,34,35,36,37,38,39,40,41,42,43,44,45,46,47,48,49,50,51,52,53,54,55,56,57,58,59,60,61,62,63,64,65,66,67,68,69,70,71,72,73,74,75,76,77,78,79,80,81,82,83,84,85,86,87,88,89,90,91,92,93,94,95,96,97,98,99]
CFO=-1042.7809888417137,STO=4
EsN0dB=20.22,GRXdB=10,N0=0.00015848931798245758
packet_number=226,correct=True,payload=[0,1,2,3,4,5,6,7,8,9,10,11,12,13,14,15,16,17,18,19,20,21,22,23,24,25,26,27,28,29,30,31,32,33,34,35,36,37,38,39,40,41,42,43,44,45,46,47,48,49,50,51,52,53,54,55,56,57,58,59,60,61,62,63,64,65,66,67,68,69,70,71,72,73,74,75,76,77,78,79,80,81,82,83,84,85,86,87,88,89,90,91,92,93,94,95,96,97,98,99]
CFO=-1037.351344190573,STO=4
EsN0dB=20.21,GRXdB=10,N0=0.00015848931798245758
packet_number=227,correct=True,payload=[0,1,2,3,4,5,6,7,8,9,10,11,12,13,14,15,16,17,18,19,20,21,22,23,24,25,26,27,28,29,30,31,32,33,34,35,36,37,38,39,40,41,42,43,44,45,46,47,48,49,50,51,52,53,54,55,56,57,58,59,60,61,62,63,64,65,66,67,68,69,70,71,72,73,74,75,76,77,78,79,80,81,82,83,84,85,86,87,88,89,90,91,92,93,94,95,96,97,98,99]
CFO=-987.1527147319892,STO=4
EsN0dB=20.23,GRXdB=10,N0=0.00015848931798245758
packet_number=228,correct=True,payload=[0,1,2,3,4,5,6,7,8,9,10,11,12,13,14,15,16,17,18,19,20,21,22,23,24,25,26,27,28,29,30,31,32,33,34,35,36,37,38,39,40,41,42,43,44,45,46,47,48,49,50,51,52,53,54,55,56,57,58,59,60,61,62,63,64,65,66,67,68,69,70,71,72,73,74,75,76,77,78,79,80,81,82,83,84,85,86,87,88,89,90,91,92,93,94,95,96,97,98,99]
CFO=-1055.5873563761415,STO=6
EsN0dB=20.20,GRXdB=10,N0=0.00015848931798245758
packet_number=229,correct=True,payload=[0,1,2,3,4,5,6,7,8,9,10,11,12,13,14,15,16,17,18,19,20,21,22,23,24,25,26,27,28,29,30,31,32,33,34,35,36,37,38,39,40,41,42,43,44,45,46,47,48,49,50,51,52,53,54,55,56,57,58,59,60,61,62,63,64,65,66,67,68,69,70,71,72,73,74,75,76,77,78,79,80,81,82,83,84,85,86,87,88,89,90,91,92,93,94,95,96,97,98,99]
CFO=-967.8980438647367,STO=4
EsN0dB=20.23,GRXdB=10,N0=0.00015848931798245758
packet_number=230,correct=True,payload=[0,1,2,3,4,5,6,7,8,9,10,11,12,13,14,15,16,17,18,19,20,21,22,23,24,25,26,27,28,29,30,31,32,33,34,35,36,37,38,39,40,41,42,43,44,45,46,47,48,49,50,51,52,53,54,55,56,57,58,59,60,61,62,63,64,65,66,67,68,69,70,71,72,73,74,75,76,77,78,79,80,81,82,83,84,85,86,87,88,89,90,91,92,93,94,95,96,97,98,99]
CFO=-1071.6865628526193,STO=4
EsN0dB=20.23,GRXdB=10,N0=0.00015848931798245758
packet_number=231,correct=True,payload=[0,1,2,3,4,5,6,7,8,9,10,11,12,13,14,15,16,17,18,19,20,21,22,23,24,25,26,27,28,29,30,31,32,33,34,35,36,37,38,39,40,41,42,43,44,45,46,47,48,49,50,51,52,53,54,55,56,57,58,59,60,61,62,63,64,65,66,67,68,69,70,71,72,73,74,75,76,77,78,79,80,81,82,83,84,85,86,87,88,89,90,91,92,93,94,95,96,97,98,99]
CFO=-1035.312722450801,STO=4
EsN0dB=20.23,GRXdB=10,N0=0.00015848931798245758
packet_number=232,correct=True,payload=[0,1,2,3,4,5,6,7,8,9,10,11,12,13,14,15,16,17,18,19,20,21,22,23,24,25,26,27,28,29,30,31,32,33,34,35,36,37,38,39,40,41,42,43,44,45,46,47,48,49,50,51,52,53,54,55,56,57,58,59,60,61,62,63,64,65,66,67,68,69,70,71,72,73,74,75,76,77,78,79,80,81,82,83,84,85,86,87,88,89,90,91,92,93,94,95,96,97,98,99]
CFO=-1045.8896735514543,STO=4
EsN0dB=20.15,GRXdB=10,N0=0.00015848931798245758
packet_number=233,correct=True,payload=[0,1,2,3,4,5,6,7,8,9,10,11,12,13,14,15,16,17,18,19,20,21,22,23,24,25,26,27,28,29,30,31,32,33,34,35,36,37,38,39,40,41,42,43,44,45,46,47,48,49,50,51,52,53,54,55,56,57,58,59,60,61,62,63,64,65,66,67,68,69,70,71,72,73,74,75,76,77,78,79,80,81,82,83,84,85,86,87,88,89,90,91,92,93,94,95,96,97,98,99]
CFO=-1057.0322496927492,STO=4
EsN0dB=20.18,GRXdB=10,N0=0.00015848931798245758
packet_number=234,correct=True,payload=[0,1,2,3,4,5,6,7,8,9,10,11,12,13,14,15,16,17,18,19,20,21,22,23,24,25,26,27,28,29,30,31,32,33,34,35,36,37,38,39,40,41,42,43,44,45,46,47,48,49,50,51,52,53,54,55,56,57,58,59,60,61,62,63,64,65,66,67,68,69,70,71,72,73,74,75,76,77,78,79,80,81,82,83,84,85,86,87,88,89,90,91,92,93,94,95,96,97,98,99]
CFO=-1001.4488579892894,STO=4
EsN0dB=20.22,GRXdB=10,N0=0.00015848931798245758
packet_number=235,correct=True,payload=[0,1,2,3,4,5,6,7,8,9,10,11,12,13,14,15,16,17,18,19,20,21,22,23,24,25,26,27,28,29,30,31,32,33,34,35,36,37,38,39,40,41,42,43,44,45,46,47,48,49,50,51,52,53,54,55,56,57,58,59,60,61,62,63,64,65,66,67,68,69,70,71,72,73,74,75,76,77,78,79,80,81,82,83,84,85,86,87,88,89,90,91,92,93,94,95,96,97,98,99]
CFO=-1046.6939994740271,STO=4
EsN0dB=20.24,GRXdB=10,N0=0.00015848931798245758
packet_number=236,correct=True,payload=[0,1,2,3,4,5,6,7,8,9,10,11,12,13,14,15,16,17,18,19,20,21,22,23,24,25,26,27,28,29,30,31,32,33,34,35,36,37,38,39,40,41,42,43,44,45,46,47,48,49,50,51,52,53,54,55,56,57,58,59,60,61,62,63,64,65,66,67,68,69,70,71,72,73,74,75,76,77,78,79,80,81,82,83,84,85,86,87,88,89,90,91,92,93,94,95,96,97,98,99]
CFO=-1113.520760040909,STO=4
EsN0dB=20.24,GRXdB=10,N0=0.00015848931798245758
packet_number=237,correct=True,payload=[0,1,2,3,4,5,6,7,8,9,10,11,12,13,14,15,16,17,18,19,20,21,22,23,24,25,26,27,28,29,30,31,32,33,34,35,36,37,38,39,40,41,42,43,44,45,46,47,48,49,50,51,52,53,54,55,56,57,58,59,60,61,62,63,64,65,66,67,68,69,70,71,72,73,74,75,76,77,78,79,80,81,82,83,84,85,86,87,88,89,90,91,92,93,94,95,96,97,98,99]
CFO=-1050.70329680089,STO=4
EsN0dB=20.21,GRXdB=10,N0=0.00015848931798245758
packet_number=238,correct=True,payload=[0,1,2,3,4,5,6,7,8,9,10,11,12,13,14,15,16,17,18,19,20,21,22,23,24,25,26,27,28,29,30,31,32,33,34,35,36,37,38,39,40,41,42,43,44,45,46,47,48,49,50,51,52,53,54,55,56,57,58,59,60,61,62,63,64,65,66,67,68,69,70,71,72,73,74,75,76,77,78,79,80,81,82,83,84,85,86,87,88,89,90,91,92,93,94,95,96,97,98,99]
CFO=-1088.8499033154112,STO=4
EsN0dB=20.25,GRXdB=10,N0=0.00015848931798245758
packet_number=239,correct=True,payload=[0,1,2,3,4,5,6,7,8,9,10,11,12,13,14,15,16,17,18,19,20,21,22,23,24,25,26,27,28,29,30,31,32,33,34,35,36,37,38,39,40,41,42,43,44,45,46,47,48,49,50,51,52,53,54,55,56,57,58,59,60,61,62,63,64,65,66,67,68,69,70,71,72,73,74,75,76,77,78,79,80,81,82,83,84,85,86,87,88,89,90,91,92,93,94,95,96,97,98,99]
CFO=-1025.0433670221446,STO=4
EsN0dB=20.21,GRXdB=10,N0=0.00015848931798245758
packet_number=240,correct=True,payload=[0,1,2,3,4,5,6,7,8,9,10,11,12,13,14,15,16,17,18,19,20,21,22,23,24,25,26,27,28,29,30,31,32,33,34,35,36,37,38,39,40,41,42,43,44,45,46,47,48,49,50,51,52,53,54,55,56,57,58,59,60,61,62,63,64,65,66,67,68,69,70,71,72,73,74,75,76,77,78,79,80,81,82,83,84,85,86,87,88,89,90,91,92,93,94,95,96,97,98,99]
CFO=-1118.7349454260443,STO=5
EsN0dB=20.16,GRXdB=10,N0=0.00015848931798245758
packet_number=241,correct=True,payload=[0,1,2,3,4,5,6,7,8,9,10,11,12,13,14,15,16,17,18,19,20,21,22,23,24,25,26,27,28,29,30,31,32,33,34,35,36,37,38,39,40,41,42,43,44,45,46,47,48,49,50,51,52,53,54,55,56,57,58,59,60,61,62,63,64,65,66,67,68,69,70,71,72,73,74,75,76,77,78,79,80,81,82,83,84,85,86,87,88,89,90,91,92,93,94,95,96,97,98,99]
CFO=-1022.4787258525432,STO=4
EsN0dB=20.15,GRXdB=10,N0=0.00015848931798245758
packet_number=242,correct=True,payload=[0,1,2,3,4,5,6,7,8,9,10,11,12,13,14,15,16,17,18,19,20,21,22,23,24,25,26,27,28,29,30,31,32,33,34,35,36,37,38,39,40,41,42,43,44,45,46,47,48,49,50,51,52,53,54,55,56,57,58,59,60,61,62,63,64,65,66,67,68,69,70,71,72,73,74,75,76,77,78,79,80,81,82,83,84,85,86,87,88,89,90,91,92,93,94,95,96,97,98,99]
CFO=-1072.966274684612,STO=5
EsN0dB=20.24,GRXdB=10,N0=0.00015848931798245758
packet_number=243,correct=True,payload=[0,1,2,3,4,5,6,7,8,9,10,11,12,13,14,15,16,17,18,19,20,21,22,23,24,25,26,27,28,29,30,31,32,33,34,35,36,37,38,39,40,41,42,43,44,45,46,47,48,49,50,51,52,53,54,55,56,57,58,59,60,61,62,63,64,65,66,67,68,69,70,71,72,73,74,75,76,77,78,79,80,81,82,83,84,85,86,87,88,89,90,91,92,93,94,95,96,97,98,99]
CFO=-968.714702073311,STO=4
EsN0dB=20.21,GRXdB=10,N0=0.00015848931798245758
packet_number=244,correct=True,payload=[0,1,2,3,4,5,6,7,8,9,10,11,12,13,14,15,16,17,18,19,20,21,22,23,24,25,26,27,28,29,30,31,32,33,34,35,36,37,38,39,40,41,42,43,44,45,46,47,48,49,50,51,52,53,54,55,56,57,58,59,60,61,62,63,64,65,66,67,68,69,70,71,72,73,74,75,76,77,78,79,80,81,82,83,84,85,86,87,88,89,90,91,92,93,94,95,96,97,98,99]
CFO=-1038.8928799407495,STO=4
EsN0dB=20.23,GRXdB=10,N0=0.00015848931798245758
packet_number=245,correct=True,payload=[0,1,2,3,4,5,6,7,8,9,10,11,12,13,14,15,16,17,18,19,20,21,22,23,24,25,26,27,28,29,30,31,32,33,34,35,36,37,38,39,40,41,42,43,44,45,46,47,48,49,50,51,52,53,54,55,56,57,58,59,60,61,62,63,64,65,66,67,68,69,70,71,72,73,74,75,76,77,78,79,80,81,82,83,84,85,86,87,88,89,90,91,92,93,94,95,96,97,98,99]
CFO=-1007.8024754531515,STO=5
EsN0dB=20.24,GRXdB=10,N0=0.00015848931798245758
packet_number=246,correct=True,payload=[0,1,2,3,4,5,6,7,8,9,10,11,12,13,14,15,16,17,18,19,20,21,22,23,24,25,26,27,28,29,30,31,32,33,34,35,36,37,38,39,40,41,42,43,44,45,46,47,48,49,50,51,52,53,54,55,56,57,58,59,60,61,62,63,64,65,66,67,68,69,70,71,72,73,74,75,76,77,78,79,80,81,82,83,84,85,86,87,88,89,90,91,92,93,94,95,96,97,98,99]
CFO=-1123.1278479953548,STO=4
EsN0dB=20.19,GRXdB=10,N0=0.00015848931798245758
packet_number=247,correct=True,payload=[0,1,2,3,4,5,6,7,8,9,10,11,12,13,14,15,16,17,18,19,20,21,22,23,24,25,26,27,28,29,30,31,32,33,34,35,36,37,38,39,40,41,42,43,44,45,46,47,48,49,50,51,52,53,54,55,56,57,58,59,60,61,62,63,64,65,66,67,68,69,70,71,72,73,74,75,76,77,78,79,80,81,82,83,84,85,86,87,88,89,90,91,92,93,94,95,96,97,98,99]
CFO=-1034.1026168869125,STO=5
EsN0dB=20.22,GRXdB=10,N0=0.00015848931798245758
packet_number=248,correct=True,payload=[0,1,2,3,4,5,6,7,8,9,10,11,12,13,14,15,16,17,18,19,20,21,22,23,24,25,26,27,28,29,30,31,32,33,34,35,36,37,38,39,40,41,42,43,44,45,46,47,48,49,50,51,52,53,54,55,56,57,58,59,60,61,62,63,64,65,66,67,68,69,70,71,72,73,74,75,76,77,78,79,80,81,82,83,84,85,86,87,88,89,90,91,92,93,94,95,96,97,98,99]
CFO=-1119.6423170845328,STO=4
EsN0dB=20.26,GRXdB=10,N0=0.00015848931798245758
packet_number=249,correct=True,payload=[0,1,2,3,4,5,6,7,8,9,10,11,12,13,14,15,16,17,18,19,20,21,22,23,24,25,26,27,28,29,30,31,32,33,34,35,36,37,38,39,40,41,42,43,44,45,46,47,48,49,50,51,52,53,54,55,56,57,58,59,60,61,62,63,64,65,66,67,68,69,70,71,72,73,74,75,76,77,78,79,80,81,82,83,84,85,86,87,88,89,90,91,92,93,94,95,96,97,98,99]
CFO=-963.2656103557832,STO=4
EsN0dB=20.27,GRXdB=10,N0=0.00015848931798245758
packet_number=250,correct=True,payload=[0,1,2,3,4,5,6,7,8,9,10,11,12,13,14,15,16,17,18,19,20,21,22,23,24,25,26,27,28,29,30,31,32,33,34,35,36,37,38,39,40,41,42,43,44,45,46,47,48,49,50,51,52,53,54,55,56,57,58,59,60,61,62,63,64,65,66,67,68,69,70,71,72,73,74,75,76,77,78,79,80,81,82,83,84,85,86,87,88,89,90,91,92,93,94,95,96,97,98,99]
CFO=-1063.473260375679,STO=4
EsN0dB=20.26,GRXdB=10,N0=0.00015848931798245758
packet_number=251,correct=True,payload=[0,1,2,3,4,5,6,7,8,9,10,11,12,13,14,15,16,17,18,19,20,21,22,23,24,25,26,27,28,29,30,31,32,33,34,35,36,37,38,39,40,41,42,43,44,45,46,47,48,49,50,51,52,53,54,55,56,57,58,59,60,61,62,63,64,65,66,67,68,69,70,71,72,73,74,75,76,77,78,79,80,81,82,83,84,85,86,87,88,89,90,91,92,93,94,95,96,97,98,99]
CFO=-1103.5000661867232,STO=4
EsN0dB=20.23,GRXdB=10,N0=0.00015848931798245758
packet_number=252,correct=True,payload=[0,1,2,3,4,5,6,7,8,9,10,11,12,13,14,15,16,17,18,19,20,21,22,23,24,25,26,27,28,29,30,31,32,33,34,35,36,37,38,39,40,41,42,43,44,45,46,47,48,49,50,51,52,53,54,55,56,57,58,59,60,61,62,63,64,65,66,67,68,69,70,71,72,73,74,75,76,77,78,79,80,81,82,83,84,85,86,87,88,89,90,91,92,93,94,95,96,97,98,99]
CFO=-1051.8331239260963,STO=4
EsN0dB=20.23,GRXdB=10,N0=0.00015848931798245758
packet_number=253,correct=True,payload=[0,1,2,3,4,5,6,7,8,9,10,11,12,13,14,15,16,17,18,19,20,21,22,23,24,25,26,27,28,29,30,31,32,33,34,35,36,37,38,39,40,41,42,43,44,45,46,47,48,49,50,51,52,53,54,55,56,57,58,59,60,61,62,63,64,65,66,67,68,69,70,71,72,73,74,75,76,77,78,79,80,81,82,83,84,85,86,87,88,89,90,91,92,93,94,95,96,97,98,99]
CFO=-1006.5326057340253,STO=4
EsN0dB=20.18,GRXdB=10,N0=0.00015848931798245758
packet_number=254,correct=True,payload=[0,1,2,3,4,5,6,7,8,9,10,11,12,13,14,15,16,17,18,19,20,21,22,23,24,25,26,27,28,29,30,31,32,33,34,35,36,37,38,39,40,41,42,43,44,45,46,47,48,49,50,51,52,53,54,55,56,57,58,59,60,61,62,63,64,65,66,67,68,69,70,71,72,73,74,75,76,77,78,79,80,81,82,83,84,85,86,87,88,89,90,91,92,93,94,95,96,97,98,99]
CFO=-1016.7570194665805,STO=4
EsN0dB=20.23,GRXdB=10,N0=0.00015848931798245758
packet_number=255,correct=True,payload=[0,1,2,3,4,5,6,7,8,9,10,11,12,13,14,15,16,17,18,19,20,21,22,23,24,25,26,27,28,29,30,31,32,33,34,35,36,37,38,39,40,41,42,43,44,45,46,47,48,49,50,51,52,53,54,55,56,57,58,59,60,61,62,63,64,65,66,67,68,69,70,71,72,73,74,75,76,77,78,79,80,81,82,83,84,85,86,87,88,89,90,91,92,93,94,95,96,97,98,99]
CFO=-1069.9241131714753,STO=4
EsN0dB=20.25,GRXdB=10,N0=0.00015848931798245758
packet_number=256,correct=True,payload=[0,1,2,3,4,5,6,7,8,9,10,11,12,13,14,15,16,17,18,19,20,21,22,23,24,25,26,27,28,29,30,31,32,33,34,35,36,37,38,39,40,41,42,43,44,45,46,47,48,49,50,51,52,53,54,55,56,57,58,59,60,61,62,63,64,65,66,67,68,69,70,71,72,73,74,75,76,77,78,79,80,81,82,83,84,85,86,87,88,89,90,91,92,93,94,95,96,97,98,99]
CFO=-1083.9577803223897,STO=5
EsN0dB=20.24,GRXdB=10,N0=0.00015848931798245758
packet_number=257,correct=True,payload=[0,1,2,3,4,5,6,7,8,9,10,11,12,13,14,15,16,17,18,19,20,21,22,23,24,25,26,27,28,29,30,31,32,33,34,35,36,37,38,39,40,41,42,43,44,45,46,47,48,49,50,51,52,53,54,55,56,57,58,59,60,61,62,63,64,65,66,67,68,69,70,71,72,73,74,75,76,77,78,79,80,81,82,83,84,85,86,87,88,89,90,91,92,93,94,95,96,97,98,99]
CFO=-1044.7819022454428,STO=4
EsN0dB=20.25,GRXdB=10,N0=0.00015848931798245758
packet_number=258,correct=True,payload=[0,1,2,3,4,5,6,7,8,9,10,11,12,13,14,15,16,17,18,19,20,21,22,23,24,25,26,27,28,29,30,31,32,33,34,35,36,37,38,39,40,41,42,43,44,45,46,47,48,49,50,51,52,53,54,55,56,57,58,59,60,61,62,63,64,65,66,67,68,69,70,71,72,73,74,75,76,77,78,79,80,81,82,83,84,85,86,87,88,89,90,91,92,93,94,95,96,97,98,99]
CFO=-1036.5069383384955,STO=4
EsN0dB=20.21,GRXdB=10,N0=0.00015848931798245758
packet_number=259,correct=True,payload=[0,1,2,3,4,5,6,7,8,9,10,11,12,13,14,15,16,17,18,19,20,21,22,23,24,25,26,27,28,29,30,31,32,33,34,35,36,37,38,39,40,41,42,43,44,45,46,47,48,49,50,51,52,53,54,55,56,57,58,59,60,61,62,63,64,65,66,67,68,69,70,71,72,73,74,75,76,77,78,79,80,81,82,83,84,85,86,87,88,89,90,91,92,93,94,95,96,97,98,99]
CFO=-1006.5945043233785,STO=5
EsN0dB=20.24,GRXdB=10,N0=0.00015848931798245758
packet_number=260,correct=True,payload=[0,1,2,3,4,5,6,7,8,9,10,11,12,13,14,15,16,17,18,19,20,21,22,23,24,25,26,27,28,29,30,31,32,33,34,35,36,37,38,39,40,41,42,43,44,45,46,47,48,49,50,51,52,53,54,55,56,57,58,59,60,61,62,63,64,65,66,67,68,69,70,71,72,73,74,75,76,77,78,79,80,81,82,83,84,85,86,87,88,89,90,91,92,93,94,95,96,97,98,99]
CFO=-1088.5465765116458,STO=4
EsN0dB=20.27,GRXdB=10,N0=0.00015848931798245758
packet_number=261,correct=True,payload=[0,1,2,3,4,5,6,7,8,9,10,11,12,13,14,15,16,17,18,19,20,21,22,23,24,25,26,27,28,29,30,31,32,33,34,35,36,37,38,39,40,41,42,43,44,45,46,47,48,49,50,51,52,53,54,55,56,57,58,59,60,61,62,63,64,65,66,67,68,69,70,71,72,73,74,75,76,77,78,79,80,81,82,83,84,85,86,87,88,89,90,91,92,93,94,95,96,97,98,99]
CFO=-1051.6936742305418,STO=1
EsN0dB=20.17,GRXdB=10,N0=0.00015848931798245758
packet_number=262,correct=True,payload=[0,1,2,3,4,5,6,7,8,9,10,11,12,13,14,15,16,17,18,19,20,21,22,23,24,25,26,27,28,29,30,31,32,33,34,35,36,37,38,39,40,41,42,43,44,45,46,47,48,49,50,51,52,53,54,55,56,57,58,59,60,61,62,63,64,65,66,67,68,69,70,71,72,73,74,75,76,77,78,79,80,81,82,83,84,85,86,87,88,89,90,91,92,93,94,95,96,97,98,99]
CFO=-1013.8771935259047,STO=4
EsN0dB=20.20,GRXdB=10,N0=0.00015848931798245758
packet_number=263,correct=True,payload=[0,1,2,3,4,5,6,7,8,9,10,11,12,13,14,15,16,17,18,19,20,21,22,23,24,25,26,27,28,29,30,31,32,33,34,35,36,37,38,39,40,41,42,43,44,45,46,47,48,49,50,51,52,53,54,55,56,57,58,59,60,61,62,63,64,65,66,67,68,69,70,71,72,73,74,75,76,77,78,79,80,81,82,83,84,85,86,87,88,89,90,91,92,93,94,95,96,97,98,99]
CFO=-1023.1677923328722,STO=4
EsN0dB=20.22,GRXdB=10,N0=0.00015848931798245758
packet_number=264,correct=True,payload=[0,1,2,3,4,5,6,7,8,9,10,11,12,13,14,15,16,17,18,19,20,21,22,23,24,25,26,27,28,29,30,31,32,33,34,35,36,37,38,39,40,41,42,43,44,45,46,47,48,49,50,51,52,53,54,55,56,57,58,59,60,61,62,63,64,65,66,67,68,69,70,71,72,73,74,75,76,77,78,79,80,81,82,83,84,85,86,87,88,89,90,91,92,93,94,95,96,97,98,99]
CFO=-1082.0186469283408,STO=4
EsN0dB=20.24,GRXdB=10,N0=0.00015848931798245758
packet_number=265,correct=True,payload=[0,1,2,3,4,5,6,7,8,9,10,11,12,13,14,15,16,17,18,19,20,21,22,23,24,25,26,27,28,29,30,31,32,33,34,35,36,37,38,39,40,41,42,43,44,45,46,47,48,49,50,51,52,53,54,55,56,57,58,59,60,61,62,63,64,65,66,67,68,69,70,71,72,73,74,75,76,77,78,79,80,81,82,83,84,85,86,87,88,89,90,91,92,93,94,95,96,97,98,99]
CFO=-991.5425935196361,STO=4
EsN0dB=20.21,GRXdB=10,N0=0.00015848931798245758
packet_number=266,correct=True,payload=[0,1,2,3,4,5,6,7,8,9,10,11,12,13,14,15,16,17,18,19,20,21,22,23,24,25,26,27,28,29,30,31,32,33,34,35,36,37,38,39,40,41,42,43,44,45,46,47,48,49,50,51,52,53,54,55,56,57,58,59,60,61,62,63,64,65,66,67,68,69,70,71,72,73,74,75,76,77,78,79,80,81,82,83,84,85,86,87,88,89,90,91,92,93,94,95,96,97,98,99]
CFO=-1037.2410650945988,STO=4
EsN0dB=20.22,GRXdB=10,N0=0.00015848931798245758
packet_number=267,correct=True,payload=[0,1,2,3,4,5,6,7,8,9,10,11,12,13,14,15,16,17,18,19,20,21,22,23,24,25,26,27,28,29,30,31,32,33,34,35,36,37,38,39,40,41,42,43,44,45,46,47,48,49,50,51,52,53,54,55,56,57,58,59,60,61,62,63,64,65,66,67,68,69,70,71,72,73,74,75,76,77,78,79,80,81,82,83,84,85,86,87,88,89,90,91,92,93,94,95,96,97,98,99]
CFO=-1116.4584528620528,STO=2
EsN0dB=20.20,GRXdB=10,N0=0.00015848931798245758
packet_number=268,correct=True,payload=[0,1,2,3,4,5,6,7,8,9,10,11,12,13,14,15,16,17,18,19,20,21,22,23,24,25,26,27,28,29,30,31,32,33,34,35,36,37,38,39,40,41,42,43,44,45,46,47,48,49,50,51,52,53,54,55,56,57,58,59,60,61,62,63,64,65,66,67,68,69,70,71,72,73,74,75,76,77,78,79,80,81,82,83,84,85,86,87,88,89,90,91,92,93,94,95,96,97,98,99]
CFO=-1084.9704507305826,STO=5
EsN0dB=20.21,GRXdB=10,N0=0.00015848931798245758
packet_number=269,correct=True,payload=[0,1,2,3,4,5,6,7,8,9,10,11,12,13,14,15,16,17,18,19,20,21,22,23,24,25,26,27,28,29,30,31,32,33,34,35,36,37,38,39,40,41,42,43,44,45,46,47,48,49,50,51,52,53,54,55,56,57,58,59,60,61,62,63,64,65,66,67,68,69,70,71,72,73,74,75,76,77,78,79,80,81,82,83,84,85,86,87,88,89,90,91,92,93,94,95,96,97,98,99]
CFO=-1075.2479847542193,STO=4
EsN0dB=20.21,GRXdB=10,N0=0.00015848931798245758
packet_number=270,correct=True,payload=[0,1,2,3,4,5,6,7,8,9,10,11,12,13,14,15,16,17,18,19,20,21,22,23,24,25,26,27,28,29,30,31,32,33,34,35,36,37,38,39,40,41,42,43,44,45,46,47,48,49,50,51,52,53,54,55,56,57,58,59,60,61,62,63,64,65,66,67,68,69,70,71,72,73,74,75,76,77,78,79,80,81,82,83,84,85,86,87,88,89,90,91,92,93,94,95,96,97,98,99]
CFO=-1103.7636688000034,STO=4
EsN0dB=20.21,GRXdB=10,N0=0.00015848931798245758
packet_number=271,correct=True,payload=[0,1,2,3,4,5,6,7,8,9,10,11,12,13,14,15,16,17,18,19,20,21,22,23,24,25,26,27,28,29,30,31,32,33,34,35,36,37,38,39,40,41,42,43,44,45,46,47,48,49,50,51,52,53,54,55,56,57,58,59,60,61,62,63,64,65,66,67,68,69,70,71,72,73,74,75,76,77,78,79,80,81,82,83,84,85,86,87,88,89,90,91,92,93,94,95,96,97,98,99]
CFO=-966.9039904652191,STO=5
EsN0dB=20.23,GRXdB=10,N0=0.00015848931798245758
packet_number=272,correct=True,payload=[0,1,2,3,4,5,6,7,8,9,10,11,12,13,14,15,16,17,18,19,20,21,22,23,24,25,26,27,28,29,30,31,32,33,34,35,36,37,38,39,40,41,42,43,44,45,46,47,48,49,50,51,52,53,54,55,56,57,58,59,60,61,62,63,64,65,66,67,68,69,70,71,72,73,74,75,76,77,78,79,80,81,82,83,84,85,86,87,88,89,90,91,92,93,94,95,96,97,98,99]
CFO=-992.7888658838172,STO=5
EsN0dB=20.20,GRXdB=10,N0=0.00015848931798245758
packet_number=273,correct=True,payload=[0,1,2,3,4,5,6,7,8,9,10,11,12,13,14,15,16,17,18,19,20,21,22,23,24,25,26,27,28,29,30,31,32,33,34,35,36,37,38,39,40,41,42,43,44,45,46,47,48,49,50,51,52,53,54,55,56,57,58,59,60,61,62,63,64,65,66,67,68,69,70,71,72,73,74,75,76,77,78,79,80,81,82,83,84,85,86,87,88,89,90,91,92,93,94,95,96,97,98,99]
CFO=-1035.8606791201523,STO=5
EsN0dB=20.24,GRXdB=10,N0=0.00015848931798245758
packet_number=274,correct=True,payload=[0,1,2,3,4,5,6,7,8,9,10,11,12,13,14,15,16,17,18,19,20,21,22,23,24,25,26,27,28,29,30,31,32,33,34,35,36,37,38,39,40,41,42,43,44,45,46,47,48,49,50,51,52,53,54,55,56,57,58,59,60,61,62,63,64,65,66,67,68,69,70,71,72,73,74,75,76,77,78,79,80,81,82,83,84,85,86,87,88,89,90,91,92,93,94,95,96,97,98,99]
CFO=-956.1174497923784,STO=3
EsN0dB=20.22,GRXdB=10,N0=0.00015848931798245758
packet_number=275,correct=True,payload=[0,1,2,3,4,5,6,7,8,9,10,11,12,13,14,15,16,17,18,19,20,21,22,23,24,25,26,27,28,29,30,31,32,33,34,35,36,37,38,39,40,41,42,43,44,45,46,47,48,49,50,51,52,53,54,55,56,57,58,59,60,61,62,63,64,65,66,67,68,69,70,71,72,73,74,75,76,77,78,79,80,81,82,83,84,85,86,87,88,89,90,91,92,93,94,95,96,97,98,99]
CFO=-1102.6553045956264,STO=4
EsN0dB=20.20,GRXdB=10,N0=0.00015848931798245758
packet_number=276,correct=True,payload=[0,1,2,3,4,5,6,7,8,9,10,11,12,13,14,15,16,17,18,19,20,21,22,23,24,25,26,27,28,29,30,31,32,33,34,35,36,37,38,39,40,41,42,43,44,45,46,47,48,49,50,51,52,53,54,55,56,57,58,59,60,61,62,63,64,65,66,67,68,69,70,71,72,73,74,75,76,77,78,79,80,81,82,83,84,85,86,87,88,89,90,91,92,93,94,95,96,97,98,99]
CFO=-1055.4100797648712,STO=4
EsN0dB=20.25,GRXdB=10,N0=0.00015848931798245758
packet_number=277,correct=True,payload=[0,1,2,3,4,5,6,7,8,9,10,11,12,13,14,15,16,17,18,19,20,21,22,23,24,25,26,27,28,29,30,31,32,33,34,35,36,37,38,39,40,41,42,43,44,45,46,47,48,49,50,51,52,53,54,55,56,57,58,59,60,61,62,63,64,65,66,67,68,69,70,71,72,73,74,75,76,77,78,79,80,81,82,83,84,85,86,87,88,89,90,91,92,93,94,95,96,97,98,99]
CFO=-1040.7205484420933,STO=4
EsN0dB=20.22,GRXdB=10,N0=0.00015848931798245758
packet_number=278,correct=True,payload=[0,1,2,3,4,5,6,7,8,9,10,11,12,13,14,15,16,17,18,19,20,21,22,23,24,25,26,27,28,29,30,31,32,33,34,35,36,37,38,39,40,41,42,43,44,45,46,47,48,49,50,51,52,53,54,55,56,57,58,59,60,61,62,63,64,65,66,67,68,69,70,71,72,73,74,75,76,77,78,79,80,81,82,83,84,85,86,87,88,89,90,91,92,93,94,95,96,97,98,99]
CFO=-954.3380432179823,STO=4
EsN0dB=20.22,GRXdB=10,N0=0.00015848931798245758
packet_number=279,correct=True,payload=[0,1,2,3,4,5,6,7,8,9,10,11,12,13,14,15,16,17,18,19,20,21,22,23,24,25,26,27,28,29,30,31,32,33,34,35,36,37,38,39,40,41,42,43,44,45,46,47,48,49,50,51,52,53,54,55,56,57,58,59,60,61,62,63,64,65,66,67,68,69,70,71,72,73,74,75,76,77,78,79,80,81,82,83,84,85,86,87,88,89,90,91,92,93,94,95,96,97,98,99]
CFO=-1074.7161549204084,STO=4
EsN0dB=20.29,GRXdB=10,N0=0.00015848931798245758
packet_number=280,correct=True,payload=[0,1,2,3,4,5,6,7,8,9,10,11,12,13,14,15,16,17,18,19,20,21,22,23,24,25,26,27,28,29,30,31,32,33,34,35,36,37,38,39,40,41,42,43,44,45,46,47,48,49,50,51,52,53,54,55,56,57,58,59,60,61,62,63,64,65,66,67,68,69,70,71,72,73,74,75,76,77,78,79,80,81,82,83,84,85,86,87,88,89,90,91,92,93,94,95,96,97,98,99]
CFO=-1068.9570959374223,STO=4
EsN0dB=20.24,GRXdB=10,N0=0.00015848931798245758
packet_number=281,correct=True,payload=[0,1,2,3,4,5,6,7,8,9,10,11,12,13,14,15,16,17,18,19,20,21,22,23,24,25,26,27,28,29,30,31,32,33,34,35,36,37,38,39,40,41,42,43,44,45,46,47,48,49,50,51,52,53,54,55,56,57,58,59,60,61,62,63,64,65,66,67,68,69,70,71,72,73,74,75,76,77,78,79,80,81,82,83,84,85,86,87,88,89,90,91,92,93,94,95,96,97,98,99]
CFO=-1016.2204464458459,STO=4
EsN0dB=20.29,GRXdB=10,N0=0.00015848931798245758
packet_number=282,correct=True,payload=[0,1,2,3,4,5,6,7,8,9,10,11,12,13,14,15,16,17,18,19,20,21,22,23,24,25,26,27,28,29,30,31,32,33,34,35,36,37,38,39,40,41,42,43,44,45,46,47,48,49,50,51,52,53,54,55,56,57,58,59,60,61,62,63,64,65,66,67,68,69,70,71,72,73,74,75,76,77,78,79,80,81,82,83,84,85,86,87,88,89,90,91,92,93,94,95,96,97,98,99]
CFO=-984.163676912397,STO=5
EsN0dB=20.20,GRXdB=10,N0=0.00015848931798245758
packet_number=283,correct=True,payload=[0,1,2,3,4,5,6,7,8,9,10,11,12,13,14,15,16,17,18,19,20,21,22,23,24,25,26,27,28,29,30,31,32,33,34,35,36,37,38,39,40,41,42,43,44,45,46,47,48,49,50,51,52,53,54,55,56,57,58,59,60,61,62,63,64,65,66,67,68,69,70,71,72,73,74,75,76,77,78,79,80,81,82,83,84,85,86,87,88,89,90,91,92,93,94,95,96,97,98,99]
CFO=-1009.9326407005492,STO=4
EsN0dB=20.23,GRXdB=10,N0=0.00015848931798245758
packet_number=284,correct=True,payload=[0,1,2,3,4,5,6,7,8,9,10,11,12,13,14,15,16,17,18,19,20,21,22,23,24,25,26,27,28,29,30,31,32,33,34,35,36,37,38,39,40,41,42,43,44,45,46,47,48,49,50,51,52,53,54,55,56,57,58,59,60,61,62,63,64,65,66,67,68,69,70,71,72,73,74,75,76,77,78,79,80,81,82,83,84,85,86,87,88,89,90,91,92,93,94,95,96,97,98,99]
CFO=-1184.4746861297053,STO=5
EsN0dB=20.19,GRXdB=10,N0=0.00015848931798245758
packet_number=285,correct=True,payload=[0,1,2,3,4,5,6,7,8,9,10,11,12,13,14,15,16,17,18,19,20,21,22,23,24,25,26,27,28,29,30,31,32,33,34,35,36,37,38,39,40,41,42,43,44,45,46,47,48,49,50,51,52,53,54,55,56,57,58,59,60,61,62,63,64,65,66,67,68,69,70,71,72,73,74,75,76,77,78,79,80,81,82,83,84,85,86,87,88,89,90,91,92,93,94,95,96,97,98,99]
CFO=-970.473890813445,STO=4
EsN0dB=20.22,GRXdB=10,N0=0.00015848931798245758
packet_number=286,correct=True,payload=[0,1,2,3,4,5,6,7,8,9,10,11,12,13,14,15,16,17,18,19,20,21,22,23,24,25,26,27,28,29,30,31,32,33,34,35,36,37,38,39,40,41,42,43,44,45,46,47,48,49,50,51,52,53,54,55,56,57,58,59,60,61,62,63,64,65,66,67,68,69,70,71,72,73,74,75,76,77,78,79,80,81,82,83,84,85,86,87,88,89,90,91,92,93,94,95,96,97,98,99]
CFO=-1067.857625208527,STO=4
EsN0dB=20.20,GRXdB=10,N0=0.00015848931798245758
packet_number=287,correct=True,payload=[0,1,2,3,4,5,6,7,8,9,10,11,12,13,14,15,16,17,18,19,20,21,22,23,24,25,26,27,28,29,30,31,32,33,34,35,36,37,38,39,40,41,42,43,44,45,46,47,48,49,50,51,52,53,54,55,56,57,58,59,60,61,62,63,64,65,66,67,68,69,70,71,72,73,74,75,76,77,78,79,80,81,82,83,84,85,86,87,88,89,90,91,92,93,94,95,96,97,98,99]
CFO=-981.8328155682935,STO=4
EsN0dB=20.20,GRXdB=10,N0=0.00015848931798245758
packet_number=288,correct=True,payload=[0,1,2,3,4,5,6,7,8,9,10,11,12,13,14,15,16,17,18,19,20,21,22,23,24,25,26,27,28,29,30,31,32,33,34,35,36,37,38,39,40,41,42,43,44,45,46,47,48,49,50,51,52,53,54,55,56,57,58,59,60,61,62,63,64,65,66,67,68,69,70,71,72,73,74,75,76,77,78,79,80,81,82,83,84,85,86,87,88,89,90,91,92,93,94,95,96,97,98,99]
CFO=-1070.441476285169,STO=4
EsN0dB=20.21,GRXdB=10,N0=0.00015848931798245758
packet_number=289,correct=True,payload=[0,1,2,3,4,5,6,7,8,9,10,11,12,13,14,15,16,17,18,19,20,21,22,23,24,25,26,27,28,29,30,31,32,33,34,35,36,37,38,39,40,41,42,43,44,45,46,47,48,49,50,51,52,53,54,55,56,57,58,59,60,61,62,63,64,65,66,67,68,69,70,71,72,73,74,75,76,77,78,79,80,81,82,83,84,85,86,87,88,89,90,91,92,93,94,95,96,97,98,99]
CFO=-975.1239926936889,STO=4
EsN0dB=20.24,GRXdB=10,N0=0.00015848931798245758
packet_number=290,correct=True,payload=[0,1,2,3,4,5,6,7,8,9,10,11,12,13,14,15,16,17,18,19,20,21,22,23,24,25,26,27,28,29,30,31,32,33,34,35,36,37,38,39,40,41,42,43,44,45,46,47,48,49,50,51,52,53,54,55,56,57,58,59,60,61,62,63,64,65,66,67,68,69,70,71,72,73,74,75,76,77,78,79,80,81,82,83,84,85,86,87,88,89,90,91,92,93,94,95,96,97,98,99]
CFO=-1096.9037161320448,STO=4
EsN0dB=20.19,GRXdB=10,N0=0.00015848931798245758
packet_number=291,correct=True,payload=[0,1,2,3,4,5,6,7,8,9,10,11,12,13,14,15,16,17,18,19,20,21,22,23,24,25,26,27,28,29,30,31,32,33,34,35,36,37,38,39,40,41,42,43,44,45,46,47,48,49,50,51,52,53,54,55,56,57,58,59,60,61,62,63,64,65,66,67,68,69,70,71,72,73,74,75,76,77,78,79,80,81,82,83,84,85,86,87,88,89,90,91,92,93,94,95,96,97,98,99]
CFO=-981.9399523029308,STO=4
EsN0dB=20.26,GRXdB=10,N0=0.00015848931798245758
packet_number=292,correct=True,payload=[0,1,2,3,4,5,6,7,8,9,10,11,12,13,14,15,16,17,18,19,20,21,22,23,24,25,26,27,28,29,30,31,32,33,34,35,36,37,38,39,40,41,42,43,44,45,46,47,48,49,50,51,52,53,54,55,56,57,58,59,60,61,62,63,64,65,66,67,68,69,70,71,72,73,74,75,76,77,78,79,80,81,82,83,84,85,86,87,88,89,90,91,92,93,94,95,96,97,98,99]
CFO=-977.1831880067421,STO=5
EsN0dB=20.26,GRXdB=10,N0=0.00015848931798245758
packet_number=293,correct=True,payload=[0,1,2,3,4,5,6,7,8,9,10,11,12,13,14,15,16,17,18,19,20,21,22,23,24,25,26,27,28,29,30,31,32,33,34,35,36,37,38,39,40,41,42,43,44,45,46,47,48,49,50,51,52,53,54,55,56,57,58,59,60,61,62,63,64,65,66,67,68,69,70,71,72,73,74,75,76,77,78,79,80,81,82,83,84,85,86,87,88,89,90,91,92,93,94,95,96,97,98,99]
CFO=-1046.7927763417115,STO=5
EsN0dB=20.20,GRXdB=10,N0=0.00015848931798245758
packet_number=294,correct=True,payload=[0,1,2,3,4,5,6,7,8,9,10,11,12,13,14,15,16,17,18,19,20,21,22,23,24,25,26,27,28,29,30,31,32,33,34,35,36,37,38,39,40,41,42,43,44,45,46,47,48,49,50,51,52,53,54,55,56,57,58,59,60,61,62,63,64,65,66,67,68,69,70,71,72,73,74,75,76,77,78,79,80,81,82,83,84,85,86,87,88,89,90,91,92,93,94,95,96,97,98,99]
CFO=-978.1234062346766,STO=4
EsN0dB=20.23,GRXdB=10,N0=0.00015848931798245758
packet_number=295,correct=True,payload=[0,1,2,3,4,5,6,7,8,9,10,11,12,13,14,15,16,17,18,19,20,21,22,23,24,25,26,27,28,29,30,31,32,33,34,35,36,37,38,39,40,41,42,43,44,45,46,47,48,49,50,51,52,53,54,55,56,57,58,59,60,61,62,63,64,65,66,67,68,69,70,71,72,73,74,75,76,77,78,79,80,81,82,83,84,85,86,87,88,89,90,91,92,93,94,95,96,97,98,99]
CFO=-1070.3304857111564,STO=5
EsN0dB=20.22,GRXdB=10,N0=0.00015848931798245758
packet_number=296,correct=True,payload=[0,1,2,3,4,5,6,7,8,9,10,11,12,13,14,15,16,17,18,19,20,21,22,23,24,25,26,27,28,29,30,31,32,33,34,35,36,37,38,39,40,41,42,43,44,45,46,47,48,49,50,51,52,53,54,55,56,57,58,59,60,61,62,63,64,65,66,67,68,69,70,71,72,73,74,75,76,77,78,79,80,81,82,83,84,85,86,87,88,89,90,91,92,93,94,95,96,97,98,99]
CFO=-1010.1638710630756,STO=4
EsN0dB=20.21,GRXdB=10,N0=0.00015848931798245758
packet_number=297,correct=True,payload=[0,1,2,3,4,5,6,7,8,9,10,11,12,13,14,15,16,17,18,19,20,21,22,23,24,25,26,27,28,29,30,31,32,33,34,35,36,37,38,39,40,41,42,43,44,45,46,47,48,49,50,51,52,53,54,55,56,57,58,59,60,61,62,63,64,65,66,67,68,69,70,71,72,73,74,75,76,77,78,79,80,81,82,83,84,85,86,87,88,89,90,91,92,93,94,95,96,97,98,99]
CFO=-1025.6529851215028,STO=4
EsN0dB=20.25,GRXdB=10,N0=0.00015848931798245758
packet_number=298,correct=True,payload=[0,1,2,3,4,5,6,7,8,9,10,11,12,13,14,15,16,17,18,19,20,21,22,23,24,25,26,27,28,29,30,31,32,33,34,35,36,37,38,39,40,41,42,43,44,45,46,47,48,49,50,51,52,53,54,55,56,57,58,59,60,61,62,63,64,65,66,67,68,69,70,71,72,73,74,75,76,77,78,79,80,81,82,83,84,85,86,87,88,89,90,91,92,93,94,95,96,97,98,99]
CFO=-1049.2638581492445,STO=4
EsN0dB=20.24,GRXdB=10,N0=0.00015848931798245758
packet_number=299,correct=True,payload=[0,1,2,3,4,5,6,7,8,9,10,11,12,13,14,15,16,17,18,19,20,21,22,23,24,25,26,27,28,29,30,31,32,33,34,35,36,37,38,39,40,41,42,43,44,45,46,47,48,49,50,51,52,53,54,55,56,57,58,59,60,61,62,63,64,65,66,67,68,69,70,71,72,73,74,75,76,77,78,79,80,81,82,83,84,85,86,87,88,89,90,91,92,93,94,95,96,97,98,99]
CFO=-1050.190914033466,STO=4
EsN0dB=20.23,GRXdB=10,N0=0.00015848931798245758
packet_number=300,correct=True,payload=[0,1,2,3,4,5,6,7,8,9,10,11,12,13,14,15,16,17,18,19,20,21,22,23,24,25,26,27,28,29,30,31,32,33,34,35,36,37,38,39,40,41,42,43,44,45,46,47,48,49,50,51,52,53,54,55,56,57,58,59,60,61,62,63,64,65,66,67,68,69,70,71,72,73,74,75,76,77,78,79,80,81,82,83,84,85,86,87,88,89,90,91,92,93,94,95,96,97,98,99]
CFO=-1121.5906996930828,STO=5
EsN0dB=19.19,GRXdB=10,N0=0.0001995262282434851
packet_number=301,correct=True,payload=[0,1,2,3,4,5,6,7,8,9,10,11,12,13,14,15,16,17,18,19,20,21,22,23,24,25,26,27,28,29,30,31,32,33,34,35,36,37,38,39,40,41,42,43,44,45,46,47,48,49,50,51,52,53,54,55,56,57,58,59,60,61,62,63,64,65,66,67,68,69,70,71,72,73,74,75,76,77,78,79,80,81,82,83,84,85,86,87,88,89,90,91,92,93,94,95,96,97,98,99]
CFO=-1085.759835614346,STO=5
EsN0dB=19.17,GRXdB=10,N0=0.0001995262282434851
packet_number=302,correct=True,payload=[0,1,2,3,4,5,6,7,8,9,10,11,12,13,14,15,16,17,18,19,20,21,22,23,24,25,26,27,28,29,30,31,32,33,34,35,36,37,38,39,40,41,42,43,44,45,46,47,48,49,50,51,52,53,54,55,56,57,58,59,60,61,62,63,64,65,66,67,68,69,70,71,72,73,74,75,76,77,78,79,80,81,82,83,84,85,86,87,88,89,90,91,92,93,94,95,96,97,98,99]
CFO=-1143.0342920357493,STO=5
EsN0dB=19.18,GRXdB=10,N0=0.0001995262282434851
packet_number=303,correct=True,payload=[0,1,2,3,4,5,6,7,8,9,10,11,12,13,14,15,16,17,18,19,20,21,22,23,24,25,26,27,28,29,30,31,32,33,34,35,36,37,38,39,40,41,42,43,44,45,46,47,48,49,50,51,52,53,54,55,56,57,58,59,60,61,62,63,64,65,66,67,68,69,70,71,72,73,74,75,76,77,78,79,80,81,82,83,84,85,86,87,88,89,90,91,92,93,94,95,96,97,98,99]
CFO=-915.0086637542199,STO=4
EsN0dB=19.21,GRXdB=10,N0=0.0001995262282434851
packet_number=304,correct=True,payload=[0,1,2,3,4,5,6,7,8,9,10,11,12,13,14,15,16,17,18,19,20,21,22,23,24,25,26,27,28,29,30,31,32,33,34,35,36,37,38,39,40,41,42,43,44,45,46,47,48,49,50,51,52,53,54,55,56,57,58,59,60,61,62,63,64,65,66,67,68,69,70,71,72,73,74,75,76,77,78,79,80,81,82,83,84,85,86,87,88,89,90,91,92,93,94,95,96,97,98,99]
CFO=-1010.2248210150442,STO=4
EsN0dB=19.16,GRXdB=10,N0=0.0001995262282434851
packet_number=305,correct=True,payload=[0,1,2,3,4,5,6,7,8,9,10,11,12,13,14,15,16,17,18,19,20,21,22,23,24,25,26,27,28,29,30,31,32,33,34,35,36,37,38,39,40,41,42,43,44,45,46,47,48,49,50,51,52,53,54,55,56,57,58,59,60,61,62,63,64,65,66,67,68,69,70,71,72,73,74,75,76,77,78,79,80,81,82,83,84,85,86,87,88,89,90,91,92,93,94,95,96,97,98,99]
CFO=-991.8369082682466,STO=5
EsN0dB=19.21,GRXdB=10,N0=0.0001995262282434851
packet_number=306,correct=True,payload=[0,1,2,3,4,5,6,7,8,9,10,11,12,13,14,15,16,17,18,19,20,21,22,23,24,25,26,27,28,29,30,31,32,33,34,35,36,37,38,39,40,41,42,43,44,45,46,47,48,49,50,51,52,53,54,55,56,57,58,59,60,61,62,63,64,65,66,67,68,69,70,71,72,73,74,75,76,77,78,79,80,81,82,83,84,85,86,87,88,89,90,91,92,93,94,95,96,97,98,99]
CFO=-1071.1211749713239,STO=4
EsN0dB=19.20,GRXdB=10,N0=0.0001995262282434851
packet_number=307,correct=True,payload=[0,1,2,3,4,5,6,7,8,9,10,11,12,13,14,15,16,17,18,19,20,21,22,23,24,25,26,27,28,29,30,31,32,33,34,35,36,37,38,39,40,41,42,43,44,45,46,47,48,49,50,51,52,53,54,55,56,57,58,59,60,61,62,63,64,65,66,67,68,69,70,71,72,73,74,75,76,77,78,79,80,81,82,83,84,85,86,87,88,89,90,91,92,93,94,95,96,97,98,99]
CFO=-1043.1217868221759,STO=4
EsN0dB=19.24,GRXdB=10,N0=0.0001995262282434851
packet_number=308,correct=True,payload=[0,1,2,3,4,5,6,7,8,9,10,11,12,13,14,15,16,17,18,19,20,21,22,23,24,25,26,27,28,29,30,31,32,33,34,35,36,37,38,39,40,41,42,43,44,45,46,47,48,49,50,51,52,53,54,55,56,57,58,59,60,61,62,63,64,65,66,67,68,69,70,71,72,73,74,75,76,77,78,79,80,81,82,83,84,85,86,87,88,89,90,91,92,93,94,95,96,97,98,99]
CFO=-1103.6010960681963,STO=5
EsN0dB=19.21,GRXdB=10,N0=0.0001995262282434851
packet_number=309,correct=True,payload=[0,1,2,3,4,5,6,7,8,9,10,11,12,13,14,15,16,17,18,19,20,21,22,23,24,25,26,27,28,29,30,31,32,33,34,35,36,37,38,39,40,41,42,43,44,45,46,47,48,49,50,51,52,53,54,55,56,57,58,59,60,61,62,63,64,65,66,67,68,69,70,71,72,73,74,75,76,77,78,79,80,81,82,83,84,85,86,87,88,89,90,91,92,93,94,95,96,97,98,99]
CFO=-996.706382543708,STO=4
EsN0dB=19.23,GRXdB=10,N0=0.0001995262282434851
packet_number=310,correct=True,payload=[0,1,2,3,4,5,6,7,8,9,10,11,12,13,14,15,16,17,18,19,20,21,22,23,24,25,26,27,28,29,30,31,32,33,34,35,36,37,38,39,40,41,42,43,44,45,46,47,48,49,50,51,52,53,54,55,56,57,58,59,60,61,62,63,64,65,66,67,68,69,70,71,72,73,74,75,76,77,78,79,80,81,82,83,84,85,86,87,88,89,90,91,92,93,94,95,96,97,98,99]
CFO=-1060.948343396563,STO=4
EsN0dB=19.19,GRXdB=10,N0=0.0001995262282434851
packet_number=311,correct=True,payload=[0,1,2,3,4,5,6,7,8,9,10,11,12,13,14,15,16,17,18,19,20,21,22,23,24,25,26,27,28,29,30,31,32,33,34,35,36,37,38,39,40,41,42,43,44,45,46,47,48,49,50,51,52,53,54,55,56,57,58,59,60,61,62,63,64,65,66,67,68,69,70,71,72,73,74,75,76,77,78,79,80,81,82,83,84,85,86,87,88,89,90,91,92,93,94,95,96,97,98,99]
CFO=-1053.9064895100837,STO=5
EsN0dB=19.23,GRXdB=10,N0=0.0001995262282434851
packet_number=312,correct=True,payload=[0,1,2,3,4,5,6,7,8,9,10,11,12,13,14,15,16,17,18,19,20,21,22,23,24,25,26,27,28,29,30,31,32,33,34,35,36,37,38,39,40,41,42,43,44,45,46,47,48,49,50,51,52,53,54,55,56,57,58,59,60,61,62,63,64,65,66,67,68,69,70,71,72,73,74,75,76,77,78,79,80,81,82,83,84,85,86,87,88,89,90,91,92,93,94,95,96,97,98,99]
CFO=-1083.862679424571,STO=4
EsN0dB=19.23,GRXdB=10,N0=0.0001995262282434851
packet_number=313,correct=True,payload=[0,1,2,3,4,5,6,7,8,9,10,11,12,13,14,15,16,17,18,19,20,21,22,23,24,25,26,27,28,29,30,31,32,33,34,35,36,37,38,39,40,41,42,43,44,45,46,47,48,49,50,51,52,53,54,55,56,57,58,59,60,61,62,63,64,65,66,67,68,69,70,71,72,73,74,75,76,77,78,79,80,81,82,83,84,85,86,87,88,89,90,91,92,93,94,95,96,97,98,99]
CFO=-1035.0535072854252,STO=4
EsN0dB=19.20,GRXdB=10,N0=0.0001995262282434851
packet_number=314,correct=True,payload=[0,1,2,3,4,5,6,7,8,9,10,11,12,13,14,15,16,17,18,19,20,21,22,23,24,25,26,27,28,29,30,31,32,33,34,35,36,37,38,39,40,41,42,43,44,45,46,47,48,49,50,51,52,53,54,55,56,57,58,59,60,61,62,63,64,65,66,67,68,69,70,71,72,73,74,75,76,77,78,79,80,81,82,83,84,85,86,87,88,89,90,91,92,93,94,95,96,97,98,99]
CFO=-1046.4169973576877,STO=4
EsN0dB=19.23,GRXdB=10,N0=0.0001995262282434851
packet_number=315,correct=True,payload=[0,1,2,3,4,5,6,7,8,9,10,11,12,13,14,15,16,17,18,19,20,21,22,23,24,25,26,27,28,29,30,31,32,33,34,35,36,37,38,39,40,41,42,43,44,45,46,47,48,49,50,51,52,53,54,55,56,57,58,59,60,61,62,63,64,65,66,67,68,69,70,71,72,73,74,75,76,77,78,79,80,81,82,83,84,85,86,87,88,89,90,91,92,93,94,95,96,97,98,99]
CFO=-1030.5778361042974,STO=5
EsN0dB=19.21,GRXdB=10,N0=0.0001995262282434851
packet_number=316,correct=True,payload=[0,1,2,3,4,5,6,7,8,9,10,11,12,13,14,15,16,17,18,19,20,21,22,23,24,25,26,27,28,29,30,31,32,33,34,35,36,37,38,39,40,41,42,43,44,45,46,47,48,49,50,51,52,53,54,55,56,57,58,59,60,61,62,63,64,65,66,67,68,69,70,71,72,73,74,75,76,77,78,79,80,81,82,83,84,85,86,87,88,89,90,91,92,93,94,95,96,97,98,99]
CFO=-981.9794986239066,STO=5
EsN0dB=19.22,GRXdB=10,N0=0.0001995262282434851
packet_number=317,correct=True,payload=[0,1,2,3,4,5,6,7,8,9,10,11,12,13,14,15,16,17,18,19,20,21,22,23,24,25,26,27,28,29,30,31,32,33,34,35,36,37,38,39,40,41,42,43,44,45,46,47,48,49,50,51,52,53,54,55,56,57,58,59,60,61,62,63,64,65,66,67,68,69,70,71,72,73,74,75,76,77,78,79,80,81,82,83,84,85,86,87,88,89,90,91,92,93,94,95,96,97,98,99]
CFO=-1072.9027159798354,STO=4
EsN0dB=19.23,GRXdB=10,N0=0.0001995262282434851
packet_number=318,correct=True,payload=[0,1,2,3,4,5,6,7,8,9,10,11,12,13,14,15,16,17,18,19,20,21,22,23,24,25,26,27,28,29,30,31,32,33,34,35,36,37,38,39,40,41,42,43,44,45,46,47,48,49,50,51,52,53,54,55,56,57,58,59,60,61,62,63,64,65,66,67,68,69,70,71,72,73,74,75,76,77,78,79,80,81,82,83,84,85,86,87,88,89,90,91,92,93,94,95,96,97,98,99]
CFO=-1080.921073474215,STO=5
EsN0dB=19.21,GRXdB=10,N0=0.0001995262282434851
packet_number=319,correct=True,payload=[0,1,2,3,4,5,6,7,8,9,10,11,12,13,14,15,16,17,18,19,20,21,22,23,24,25,26,27,28,29,30,31,32,33,34,35,36,37,38,39,40,41,42,43,44,45,46,47,48,49,50,51,52,53,54,55,56,57,58,59,60,61,62,63,64,65,66,67,68,69,70,71,72,73,74,75,76,77,78,79,80,81,82,83,84,85,86,87,88,89,90,91,92,93,94,95,96,97,98,99]
CFO=-1012.3541562047302,STO=5
EsN0dB=19.21,GRXdB=10,N0=0.0001995262282434851
packet_number=320,correct=True,payload=[0,1,2,3,4,5,6,7,8,9,10,11,12,13,14,15,16,17,18,19,20,21,22,23,24,25,26,27,28,29,30,31,32,33,34,35,36,37,38,39,40,41,42,43,44,45,46,47,48,49,50,51,52,53,54,55,56,57,58,59,60,61,62,63,64,65,66,67,68,69,70,71,72,73,74,75,76,77,78,79,80,81,82,83,84,85,86,87,88,89,90,91,92,93,94,95,96,97,98,99]
CFO=-994.3822802409708,STO=0
EsN0dB=19.17,GRXdB=10,N0=0.0001995262282434851
packet_number=321,correct=True,payload=[0,1,2,3,4,5,6,7,8,9,10,11,12,13,14,15,16,17,18,19,20,21,22,23,24,25,26,27,28,29,30,31,32,33,34,35,36,37,38,39,40,41,42,43,44,45,46,47,48,49,50,51,52,53,54,55,56,57,58,59,60,61,62,63,64,65,66,67,68,69,70,71,72,73,74,75,76,77,78,79,80,81,82,83,84,85,86,87,88,89,90,91,92,93,94,95,96,97,98,99]
CFO=-1086.9825106235821,STO=4
EsN0dB=19.30,GRXdB=10,N0=0.0001995262282434851
packet_number=322,correct=True,payload=[0,1,2,3,4,5,6,7,8,9,10,11,12,13,14,15,16,17,18,19,20,21,22,23,24,25,26,27,28,29,30,31,32,33,34,35,36,37,38,39,40,41,42,43,44,45,46,47,48,49,50,51,52,53,54,55,56,57,58,59,60,61,62,63,64,65,66,67,68,69,70,71,72,73,74,75,76,77,78,79,80,81,82,83,84,85,86,87,88,89,90,91,92,93,94,95,96,97,98,99]
CFO=-947.9181990066992,STO=4
EsN0dB=19.17,GRXdB=10,N0=0.0001995262282434851
packet_number=323,correct=True,payload=[0,1,2,3,4,5,6,7,8,9,10,11,12,13,14,15,16,17,18,19,20,21,22,23,24,25,26,27,28,29,30,31,32,33,34,35,36,37,38,39,40,41,42,43,44,45,46,47,48,49,50,51,52,53,54,55,56,57,58,59,60,61,62,63,64,65,66,67,68,69,70,71,72,73,74,75,76,77,78,79,80,81,82,83,84,85,86,87,88,89,90,91,92,93,94,95,96,97,98,99]
CFO=-974.0468742331714,STO=4
EsN0dB=19.22,GRXdB=10,N0=0.0001995262282434851
packet_number=324,correct=True,payload=[0,1,2,3,4,5,6,7,8,9,10,11,12,13,14,15,16,17,18,19,20,21,22,23,24,25,26,27,28,29,30,31,32,33,34,35,36,37,38,39,40,41,42,43,44,45,46,47,48,49,50,51,52,53,54,55,56,57,58,59,60,61,62,63,64,65,66,67,68,69,70,71,72,73,74,75,76,77,78,79,80,81,82,83,84,85,86,87,88,89,90,91,92,93,94,95,96,97,98,99]
CFO=-1074.4935808740177,STO=4
EsN0dB=19.22,GRXdB=10,N0=0.0001995262282434851
packet_number=325,correct=True,payload=[0,1,2,3,4,5,6,7,8,9,10,11,12,13,14,15,16,17,18,19,20,21,22,23,24,25,26,27,28,29,30,31,32,33,34,35,36,37,38,39,40,41,42,43,44,45,46,47,48,49,50,51,52,53,54,55,56,57,58,59,60,61,62,63,64,65,66,67,68,69,70,71,72,73,74,75,76,77,78,79,80,81,82,83,84,85,86,87,88,89,90,91,92,93,94,95,96,97,98,99]
CFO=-1136.6746270085598,STO=4
EsN0dB=19.21,GRXdB=10,N0=0.0001995262282434851
packet_number=326,correct=True,payload=[0,1,2,3,4,5,6,7,8,9,10,11,12,13,14,15,16,17,18,19,20,21,22,23,24,25,26,27,28,29,30,31,32,33,34,35,36,37,38,39,40,41,42,43,44,45,46,47,48,49,50,51,52,53,54,55,56,57,58,59,60,61,62,63,64,65,66,67,68,69,70,71,72,73,74,75,76,77,78,79,80,81,82,83,84,85,86,87,88,89,90,91,92,93,94,95,96,97,98,99]
CFO=-1043.3481554181055,STO=5
EsN0dB=19.21,GRXdB=10,N0=0.0001995262282434851
packet_number=327,correct=True,payload=[0,1,2,3,4,5,6,7,8,9,10,11,12,13,14,15,16,17,18,19,20,21,22,23,24,25,26,27,28,29,30,31,32,33,34,35,36,37,38,39,40,41,42,43,44,45,46,47,48,49,50,51,52,53,54,55,56,57,58,59,60,61,62,63,64,65,66,67,68,69,70,71,72,73,74,75,76,77,78,79,80,81,82,83,84,85,86,87,88,89,90,91,92,93,94,95,96,97,98,99]
CFO=-1121.6018461823533,STO=0
EsN0dB=19.25,GRXdB=10,N0=0.0001995262282434851
packet_number=328,correct=True,payload=[0,1,2,3,4,5,6,7,8,9,10,11,12,13,14,15,16,17,18,19,20,21,22,23,24,25,26,27,28,29,30,31,32,33,34,35,36,37,38,39,40,41,42,43,44,45,46,47,48,49,50,51,52,53,54,55,56,57,58,59,60,61,62,63,64,65,66,67,68,69,70,71,72,73,74,75,76,77,78,79,80,81,82,83,84,85,86,87,88,89,90,91,92,93,94,95,96,97,98,99]
CFO=-1016.7795496044677,STO=4
EsN0dB=19.15,GRXdB=10,N0=0.0001995262282434851
packet_number=329,correct=True,payload=[0,1,2,3,4,5,6,7,8,9,10,11,12,13,14,15,16,17,18,19,20,21,22,23,24,25,26,27,28,29,30,31,32,33,34,35,36,37,38,39,40,41,42,43,44,45,46,47,48,49,50,51,52,53,54,55,56,57,58,59,60,61,62,63,64,65,66,67,68,69,70,71,72,73,74,75,76,77,78,79,80,81,82,83,84,85,86,87,88,89,90,91,92,93,94,95,96,97,98,99]
CFO=-1023.851522727912,STO=5
EsN0dB=19.21,GRXdB=10,N0=0.0001995262282434851
packet_number=330,correct=True,payload=[0,1,2,3,4,5,6,7,8,9,10,11,12,13,14,15,16,17,18,19,20,21,22,23,24,25,26,27,28,29,30,31,32,33,34,35,36,37,38,39,40,41,42,43,44,45,46,47,48,49,50,51,52,53,54,55,56,57,58,59,60,61,62,63,64,65,66,67,68,69,70,71,72,73,74,75,76,77,78,79,80,81,82,83,84,85,86,87,88,89,90,91,92,93,94,95,96,97,98,99]
CFO=-1048.8337696749452,STO=6
EsN0dB=19.23,GRXdB=10,N0=0.0001995262282434851
packet_number=331,correct=True,payload=[0,1,2,3,4,5,6,7,8,9,10,11,12,13,14,15,16,17,18,19,20,21,22,23,24,25,26,27,28,29,30,31,32,33,34,35,36,37,38,39,40,41,42,43,44,45,46,47,48,49,50,51,52,53,54,55,56,57,58,59,60,61,62,63,64,65,66,67,68,69,70,71,72,73,74,75,76,77,78,79,80,81,82,83,84,85,86,87,88,89,90,91,92,93,94,95,96,97,98,99]
CFO=-946.4555780289644,STO=4
EsN0dB=19.22,GRXdB=10,N0=0.0001995262282434851
packet_number=332,correct=True,payload=[0,1,2,3,4,5,6,7,8,9,10,11,12,13,14,15,16,17,18,19,20,21,22,23,24,25,26,27,28,29,30,31,32,33,34,35,36,37,38,39,40,41,42,43,44,45,46,47,48,49,50,51,52,53,54,55,56,57,58,59,60,61,62,63,64,65,66,67,68,69,70,71,72,73,74,75,76,77,78,79,80,81,82,83,84,85,86,87,88,89,90,91,92,93,94,95,96,97,98,99]
CFO=-1045.8380913936599,STO=5
EsN0dB=19.22,GRXdB=10,N0=0.0001995262282434851
packet_number=333,correct=True,payload=[0,1,2,3,4,5,6,7,8,9,10,11,12,13,14,15,16,17,18,19,20,21,22,23,24,25,26,27,28,29,30,31,32,33,34,35,36,37,38,39,40,41,42,43,44,45,46,47,48,49,50,51,52,53,54,55,56,57,58,59,60,61,62,63,64,65,66,67,68,69,70,71,72,73,74,75,76,77,78,79,80,81,82,83,84,85,86,87,88,89,90,91,92,93,94,95,96,97,98,99]
CFO=-1006.3110989046922,STO=4
EsN0dB=19.20,GRXdB=10,N0=0.0001995262282434851
packet_number=334,correct=True,payload=[0,1,2,3,4,5,6,7,8,9,10,11,12,13,14,15,16,17,18,19,20,21,22,23,24,25,26,27,28,29,30,31,32,33,34,35,36,37,38,39,40,41,42,43,44,45,46,47,48,49,50,51,52,53,54,55,56,57,58,59,60,61,62,63,64,65,66,67,68,69,70,71,72,73,74,75,76,77,78,79,80,81,82,83,84,85,86,87,88,89,90,91,92,93,94,95,96,97,98,99]
CFO=-1032.7777261994725,STO=5
EsN0dB=19.19,GRXdB=10,N0=0.0001995262282434851
packet_number=335,correct=True,payload=[0,1,2,3,4,5,6,7,8,9,10,11,12,13,14,15,16,17,18,19,20,21,22,23,24,25,26,27,28,29,30,31,32,33,34,35,36,37,38,39,40,41,42,43,44,45,46,47,48,49,50,51,52,53,54,55,56,57,58,59,60,61,62,63,64,65,66,67,68,69,70,71,72,73,74,75,76,77,78,79,80,81,82,83,84,85,86,87,88,89,90,91,92,93,94,95,96,97,98,99]
CFO=-1158.0521704733148,STO=4
EsN0dB=19.18,GRXdB=10,N0=0.0001995262282434851
packet_number=336,correct=True,payload=[0,1,2,3,4,5,6,7,8,9,10,11,12,13,14,15,16,17,18,19,20,21,22,23,24,25,26,27,28,29,30,31,32,33,34,35,36,37,38,39,40,41,42,43,44,45,46,47,48,49,50,51,52,53,54,55,56,57,58,59,60,61,62,63,64,65,66,67,68,69,70,71,72,73,74,75,76,77,78,79,80,81,82,83,84,85,86,87,88,89,90,91,92,93,94,95,96,97,98,99]
CFO=-1111.3673531775853,STO=4
EsN0dB=19.19,GRXdB=10,N0=0.0001995262282434851
packet_number=337,correct=True,payload=[0,1,2,3,4,5,6,7,8,9,10,11,12,13,14,15,16,17,18,19,20,21,22,23,24,25,26,27,28,29,30,31,32,33,34,35,36,37,38,39,40,41,42,43,44,45,46,47,48,49,50,51,52,53,54,55,56,57,58,59,60,61,62,63,64,65,66,67,68,69,70,71,72,73,74,75,76,77,78,79,80,81,82,83,84,85,86,87,88,89,90,91,92,93,94,95,96,97,98,99]
CFO=-1020.8473067101642,STO=5
EsN0dB=19.23,GRXdB=10,N0=0.0001995262282434851
packet_number=338,correct=True,payload=[0,1,2,3,4,5,6,7,8,9,10,11,12,13,14,15,16,17,18,19,20,21,22,23,24,25,26,27,28,29,30,31,32,33,34,35,36,37,38,39,40,41,42,43,44,45,46,47,48,49,50,51,52,53,54,55,56,57,58,59,60,61,62,63,64,65,66,67,68,69,70,71,72,73,74,75,76,77,78,79,80,81,82,83,84,85,86,87,88,89,90,91,92,93,94,95,96,97,98,99]
CFO=-1080.386516307923,STO=5
EsN0dB=19.14,GRXdB=10,N0=0.0001995262282434851
packet_number=339,correct=True,payload=[0,1,2,3,4,5,6,7,8,9,10,11,12,13,14,15,16,17,18,19,20,21,22,23,24,25,26,27,28,29,30,31,32,33,34,35,36,37,38,39,40,41,42,43,44,45,46,47,48,49,50,51,52,53,54,55,56,57,58,59,60,61,62,63,64,65,66,67,68,69,70,71,72,73,74,75,76,77,78,79,80,81,82,83,84,85,86,87,88,89,90,91,92,93,94,95,96,97,98,99]
CFO=-1126.3426615125115,STO=4
EsN0dB=19.24,GRXdB=10,N0=0.0001995262282434851
packet_number=340,correct=True,payload=[0,1,2,3,4,5,6,7,8,9,10,11,12,13,14,15,16,17,18,19,20,21,22,23,24,25,26,27,28,29,30,31,32,33,34,35,36,37,38,39,40,41,42,43,44,45,46,47,48,49,50,51,52,53,54,55,56,57,58,59,60,61,62,63,64,65,66,67,68,69,70,71,72,73,74,75,76,77,78,79,80,81,82,83,84,85,86,87,88,89,90,91,92,93,94,95,96,97,98,99]
CFO=-1016.1175192896034,STO=4
EsN0dB=19.21,GRXdB=10,N0=0.0001995262282434851
packet_number=341,correct=True,payload=[0,1,2,3,4,5,6,7,8,9,10,11,12,13,14,15,16,17,18,19,20,21,22,23,24,25,26,27,28,29,30,31,32,33,34,35,36,37,38,39,40,41,42,43,44,45,46,47,48,49,50,51,52,53,54,55,56,57,58,59,60,61,62,63,64,65,66,67,68,69,70,71,72,73,74,75,76,77,78,79,80,81,82,83,84,85,86,87,88,89,90,91,92,93,94,95,96,97,98,99]
CFO=-1089.6820954611603,STO=4
EsN0dB=19.17,GRXdB=10,N0=0.0001995262282434851
packet_number=342,correct=True,payload=[0,1,2,3,4,5,6,7,8,9,10,11,12,13,14,15,16,17,18,19,20,21,22,23,24,25,26,27,28,29,30,31,32,33,34,35,36,37,38,39,40,41,42,43,44,45,46,47,48,49,50,51,52,53,54,55,56,57,58,59,60,61,62,63,64,65,66,67,68,69,70,71,72,73,74,75,76,77,78,79,80,81,82,83,84,85,86,87,88,89,90,91,92,93,94,95,96,97,98,99]
CFO=-1011.1964628563477,STO=4
EsN0dB=19.24,GRXdB=10,N0=0.0001995262282434851
packet_number=343,correct=True,payload=[0,1,2,3,4,5,6,7,8,9,10,11,12,13,14,15,16,17,18,19,20,21,22,23,24,25,26,27,28,29,30,31,32,33,34,35,36,37,38,39,40,41,42,43,44,45,46,47,48,49,50,51,52,53,54,55,56,57,58,59,60,61,62,63,64,65,66,67,68,69,70,71,72,73,74,75,76,77,78,79,80,81,82,83,84,85,86,87,88,89,90,91,92,93,94,95,96,97,98,99]
CFO=-1071.8843537473342,STO=4
EsN0dB=19.28,GRXdB=10,N0=0.0001995262282434851
packet_number=344,correct=True,payload=[0,1,2,3,4,5,6,7,8,9,10,11,12,13,14,15,16,17,18,19,20,21,22,23,24,25,26,27,28,29,30,31,32,33,34,35,36,37,38,39,40,41,42,43,44,45,46,47,48,49,50,51,52,53,54,55,56,57,58,59,60,61,62,63,64,65,66,67,68,69,70,71,72,73,74,75,76,77,78,79,80,81,82,83,84,85,86,87,88,89,90,91,92,93,94,95,96,97,98,99]
CFO=-1030.122727318976,STO=4
EsN0dB=19.18,GRXdB=10,N0=0.0001995262282434851
packet_number=345,correct=True,payload=[0,1,2,3,4,5,6,7,8,9,10,11,12,13,14,15,16,17,18,19,20,21,22,23,24,25,26,27,28,29,30,31,32,33,34,35,36,37,38,39,40,41,42,43,44,45,46,47,48,49,50,51,52,53,54,55,56,57,58,59,60,61,62,63,64,65,66,67,68,69,70,71,72,73,74,75,76,77,78,79,80,81,82,83,84,85,86,87,88,89,90,91,92,93,94,95,96,97,98,99]
CFO=-1071.9240779378197,STO=4
EsN0dB=19.21,GRXdB=10,N0=0.0001995262282434851
packet_number=346,correct=True,payload=[0,1,2,3,4,5,6,7,8,9,10,11,12,13,14,15,16,17,18,19,20,21,22,23,24,25,26,27,28,29,30,31,32,33,34,35,36,37,38,39,40,41,42,43,44,45,46,47,48,49,50,51,52,53,54,55,56,57,58,59,60,61,62,63,64,65,66,67,68,69,70,71,72,73,74,75,76,77,78,79,80,81,82,83,84,85,86,87,88,89,90,91,92,93,94,95,96,97,98,99]
CFO=-1208.135125460799,STO=4
EsN0dB=19.17,GRXdB=10,N0=0.0001995262282434851
packet_number=347,correct=True,payload=[0,1,2,3,4,5,6,7,8,9,10,11,12,13,14,15,16,17,18,19,20,21,22,23,24,25,26,27,28,29,30,31,32,33,34,35,36,37,38,39,40,41,42,43,44,45,46,47,48,49,50,51,52,53,54,55,56,57,58,59,60,61,62,63,64,65,66,67,68,69,70,71,72,73,74,75,76,77,78,79,80,81,82,83,84,85,86,87,88,89,90,91,92,93,94,95,96,97,98,99]
CFO=-951.0600267350685,STO=4
EsN0dB=19.24,GRXdB=10,N0=0.0001995262282434851
packet_number=348,correct=True,payload=[0,1,2,3,4,5,6,7,8,9,10,11,12,13,14,15,16,17,18,19,20,21,22,23,24,25,26,27,28,29,30,31,32,33,34,35,36,37,38,39,40,41,42,43,44,45,46,47,48,49,50,51,52,53,54,55,56,57,58,59,60,61,62,63,64,65,66,67,68,69,70,71,72,73,74,75,76,77,78,79,80,81,82,83,84,85,86,87,88,89,90,91,92,93,94,95,96,97,98,99]
CFO=-1034.6549610041682,STO=5
EsN0dB=19.23,GRXdB=10,N0=0.0001995262282434851
packet_number=349,correct=True,payload=[0,1,2,3,4,5,6,7,8,9,10,11,12,13,14,15,16,17,18,19,20,21,22,23,24,25,26,27,28,29,30,31,32,33,34,35,36,37,38,39,40,41,42,43,44,45,46,47,48,49,50,51,52,53,54,55,56,57,58,59,60,61,62,63,64,65,66,67,68,69,70,71,72,73,74,75,76,77,78,79,80,81,82,83,84,85,86,87,88,89,90,91,92,93,94,95,96,97,98,99]
CFO=-1025.586224765553,STO=5
EsN0dB=19.27,GRXdB=10,N0=0.0001995262282434851
packet_number=350,correct=True,payload=[0,1,2,3,4,5,6,7,8,9,10,11,12,13,14,15,16,17,18,19,20,21,22,23,24,25,26,27,28,29,30,31,32,33,34,35,36,37,38,39,40,41,42,43,44,45,46,47,48,49,50,51,52,53,54,55,56,57,58,59,60,61,62,63,64,65,66,67,68,69,70,71,72,73,74,75,76,77,78,79,80,81,82,83,84,85,86,87,88,89,90,91,92,93,94,95,96,97,98,99]
CFO=-1036.5426308200956,STO=4
EsN0dB=19.26,GRXdB=10,N0=0.0001995262282434851
packet_number=351,correct=True,payload=[0,1,2,3,4,5,6,7,8,9,10,11,12,13,14,15,16,17,18,19,20,21,22,23,24,25,26,27,28,29,30,31,32,33,34,35,36,37,38,39,40,41,42,43,44,45,46,47,48,49,50,51,52,53,54,55,56,57,58,59,60,61,62,63,64,65,66,67,68,69,70,71,72,73,74,75,76,77,78,79,80,81,82,83,84,85,86,87,88,89,90,91,92,93,94,95,96,97,98,99]
CFO=-997.8103593001805,STO=4
EsN0dB=19.25,GRXdB=10,N0=0.0001995262282434851
packet_number=352,correct=True,payload=[0,1,2,3,4,5,6,7,8,9,10,11,12,13,14,15,16,17,18,19,20,21,22,23,24,25,26,27,28,29,30,31,32,33,34,35,36,37,38,39,40,41,42,43,44,45,46,47,48,49,50,51,52,53,54,55,56,57,58,59,60,61,62,63,64,65,66,67,68,69,70,71,72,73,74,75,76,77,78,79,80,81,82,83,84,85,86,87,88,89,90,91,92,93,94,95,96,97,98,99]
CFO=-1014.2332882841954,STO=5
EsN0dB=19.24,GRXdB=10,N0=0.0001995262282434851
packet_number=353,correct=True,payload=[0,1,2,3,4,5,6,7,8,9,10,11,12,13,14,15,16,17,18,19,20,21,22,23,24,25,26,27,28,29,30,31,32,33,34,35,36,37,38,39,40,41,42,43,44,45,46,47,48,49,50,51,52,53,54,55,56,57,58,59,60,61,62,63,64,65,66,67,68,69,70,71,72,73,74,75,76,77,78,79,80,81,82,83,84,85,86,87,88,89,90,91,92,93,94,95,96,97,98,99]
CFO=-1094.4613306053998,STO=5
EsN0dB=19.19,GRXdB=10,N0=0.0001995262282434851
packet_number=354,correct=True,payload=[0,1,2,3,4,5,6,7,8,9,10,11,12,13,14,15,16,17,18,19,20,21,22,23,24,25,26,27,28,29,30,31,32,33,34,35,36,37,38,39,40,41,42,43,44,45,46,47,48,49,50,51,52,53,54,55,56,57,58,59,60,61,62,63,64,65,66,67,68,69,70,71,72,73,74,75,76,77,78,79,80,81,82,83,84,85,86,87,88,89,90,91,92,93,94,95,96,97,98,99]
CFO=-999.3497606162414,STO=4
EsN0dB=19.20,GRXdB=10,N0=0.0001995262282434851
packet_number=355,correct=True,payload=[0,1,2,3,4,5,6,7,8,9,10,11,12,13,14,15,16,17,18,19,20,21,22,23,24,25,26,27,28,29,30,31,32,33,34,35,36,37,38,39,40,41,42,43,44,45,46,47,48,49,50,51,52,53,54,55,56,57,58,59,60,61,62,63,64,65,66,67,68,69,70,71,72,73,74,75,76,77,78,79,80,81,82,83,84,85,86,87,88,89,90,91,92,93,94,95,96,97,98,99]
CFO=-1183.5561679819464,STO=4
EsN0dB=19.21,GRXdB=10,N0=0.0001995262282434851
packet_number=356,correct=True,payload=[0,1,2,3,4,5,6,7,8,9,10,11,12,13,14,15,16,17,18,19,20,21,22,23,24,25,26,27,28,29,30,31,32,33,34,35,36,37,38,39,40,41,42,43,44,45,46,47,48,49,50,51,52,53,54,55,56,57,58,59,60,61,62,63,64,65,66,67,68,69,70,71,72,73,74,75,76,77,78,79,80,81,82,83,84,85,86,87,88,89,90,91,92,93,94,95,96,97,98,99]
CFO=-1135.546815737796,STO=4
EsN0dB=19.23,GRXdB=10,N0=0.0001995262282434851
packet_number=357,correct=True,payload=[0,1,2,3,4,5,6,7,8,9,10,11,12,13,14,15,16,17,18,19,20,21,22,23,24,25,26,27,28,29,30,31,32,33,34,35,36,37,38,39,40,41,42,43,44,45,46,47,48,49,50,51,52,53,54,55,56,57,58,59,60,61,62,63,64,65,66,67,68,69,70,71,72,73,74,75,76,77,78,79,80,81,82,83,84,85,86,87,88,89,90,91,92,93,94,95,96,97,98,99]
CFO=-1052.1608781425184,STO=5
EsN0dB=19.19,GRXdB=10,N0=0.0001995262282434851
packet_number=358,correct=True,payload=[0,1,2,3,4,5,6,7,8,9,10,11,12,13,14,15,16,17,18,19,20,21,22,23,24,25,26,27,28,29,30,31,32,33,34,35,36,37,38,39,40,41,42,43,44,45,46,47,48,49,50,51,52,53,54,55,56,57,58,59,60,61,62,63,64,65,66,67,68,69,70,71,72,73,74,75,76,77,78,79,80,81,82,83,84,85,86,87,88,89,90,91,92,93,94,95,96,97,98,99]
CFO=-1028.9435710497642,STO=5
EsN0dB=19.22,GRXdB=10,N0=0.0001995262282434851
packet_number=359,correct=True,payload=[0,1,2,3,4,5,6,7,8,9,10,11,12,13,14,15,16,17,18,19,20,21,22,23,24,25,26,27,28,29,30,31,32,33,34,35,36,37,38,39,40,41,42,43,44,45,46,47,48,49,50,51,52,53,54,55,56,57,58,59,60,61,62,63,64,65,66,67,68,69,70,71,72,73,74,75,76,77,78,79,80,81,82,83,84,85,86,87,88,89,90,91,92,93,94,95,96,97,98,99]
CFO=-1039.1252961000068,STO=4
EsN0dB=19.18,GRXdB=10,N0=0.0001995262282434851
packet_number=360,correct=True,payload=[0,1,2,3,4,5,6,7,8,9,10,11,12,13,14,15,16,17,18,19,20,21,22,23,24,25,26,27,28,29,30,31,32,33,34,35,36,37,38,39,40,41,42,43,44,45,46,47,48,49,50,51,52,53,54,55,56,57,58,59,60,61,62,63,64,65,66,67,68,69,70,71,72,73,74,75,76,77,78,79,80,81,82,83,84,85,86,87,88,89,90,91,92,93,94,95,96,97,98,99]
CFO=-1122.3528112520355,STO=1
EsN0dB=19.22,GRXdB=10,N0=0.0001995262282434851
packet_number=361,correct=True,payload=[0,1,2,3,4,5,6,7,8,9,10,11,12,13,14,15,16,17,18,19,20,21,22,23,24,25,26,27,28,29,30,31,32,33,34,35,36,37,38,39,40,41,42,43,44,45,46,47,48,49,50,51,52,53,54,55,56,57,58,59,60,61,62,63,64,65,66,67,68,69,70,71,72,73,74,75,76,77,78,79,80,81,82,83,84,85,86,87,88,89,90,91,92,93,94,95,96,97,98,99]
CFO=-1105.2920422064667,STO=5
EsN0dB=19.18,GRXdB=10,N0=0.0001995262282434851
packet_number=362,correct=True,payload=[0,1,2,3,4,5,6,7,8,9,10,11,12,13,14,15,16,17,18,19,20,21,22,23,24,25,26,27,28,29,30,31,32,33,34,35,36,37,38,39,40,41,42,43,44,45,46,47,48,49,50,51,52,53,54,55,56,57,58,59,60,61,62,63,64,65,66,67,68,69,70,71,72,73,74,75,76,77,78,79,80,81,82,83,84,85,86,87,88,89,90,91,92,93,94,95,96,97,98,99]
CFO=-1047.2069751398167,STO=4
EsN0dB=19.19,GRXdB=10,N0=0.0001995262282434851
packet_number=363,correct=True,payload=[0,1,2,3,4,5,6,7,8,9,10,11,12,13,14,15,16,17,18,19,20,21,22,23,24,25,26,27,28,29,30,31,32,33,34,35,36,37,38,39,40,41,42,43,44,45,46,47,48,49,50,51,52,53,54,55,56,57,58,59,60,61,62,63,64,65,66,67,68,69,70,71,72,73,74,75,76,77,78,79,80,81,82,83,84,85,86,87,88,89,90,91,92,93,94,95,96,97,98,99]
CFO=-995.8537946941873,STO=4
EsN0dB=19.26,GRXdB=10,N0=0.0001995262282434851
packet_number=364,correct=True,payload=[0,1,2,3,4,5,6,7,8,9,10,11,12,13,14,15,16,17,18,19,20,21,22,23,24,25,26,27,28,29,30,31,32,33,34,35,36,37,38,39,40,41,42,43,44,45,46,47,48,49,50,51,52,53,54,55,56,57,58,59,60,61,62,63,64,65,66,67,68,69,70,71,72,73,74,75,76,77,78,79,80,81,82,83,84,85,86,87,88,89,90,91,92,93,94,95,96,97,98,99]
CFO=-1015.3651312638442,STO=4
EsN0dB=19.18,GRXdB=10,N0=0.0001995262282434851
packet_number=365,correct=True,payload=[0,1,2,3,4,5,6,7,8,9,10,11,12,13,14,15,16,17,18,19,20,21,22,23,24,25,26,27,28,29,30,31,32,33,34,35,36,37,38,39,40,41,42,43,44,45,46,47,48,49,50,51,52,53,54,55,56,57,58,59,60,61,62,63,64,65,66,67,68,69,70,71,72,73,74,75,76,77,78,79,80,81,82,83,84,85,86,87,88,89,90,91,92,93,94,95,96,97,98,99]
CFO=-1059.7758275890442,STO=4
EsN0dB=19.24,GRXdB=10,N0=0.0001995262282434851
packet_number=366,correct=True,payload=[0,1,2,3,4,5,6,7,8,9,10,11,12,13,14,15,16,17,18,19,20,21,22,23,24,25,26,27,28,29,30,31,32,33,34,35,36,37,38,39,40,41,42,43,44,45,46,47,48,49,50,51,52,53,54,55,56,57,58,59,60,61,62,63,64,65,66,67,68,69,70,71,72,73,74,75,76,77,78,79,80,81,82,83,84,85,86,87,88,89,90,91,92,93,94,95,96,97,98,99]
CFO=-1052.8778108460235,STO=4
EsN0dB=19.16,GRXdB=10,N0=0.0001995262282434851
packet_number=367,correct=True,payload=[0,1,2,3,4,5,6,7,8,9,10,11,12,13,14,15,16,17,18,19,20,21,22,23,24,25,26,27,28,29,30,31,32,33,34,35,36,37,38,39,40,41,42,43,44,45,46,47,48,49,50,51,52,53,54,55,56,57,58,59,60,61,62,63,64,65,66,67,68,69,70,71,72,73,74,75,76,77,78,79,80,81,82,83,84,85,86,87,88,89,90,91,92,93,94,95,96,97,98,99]
CFO=-1088.7444859860339,STO=4
EsN0dB=19.22,GRXdB=10,N0=0.0001995262282434851
packet_number=368,correct=True,payload=[0,1,2,3,4,5,6,7,8,9,10,11,12,13,14,15,16,17,18,19,20,21,22,23,24,25,26,27,28,29,30,31,32,33,34,35,36,37,38,39,40,41,42,43,44,45,46,47,48,49,50,51,52,53,54,55,56,57,58,59,60,61,62,63,64,65,66,67,68,69,70,71,72,73,74,75,76,77,78,79,80,81,82,83,84,85,86,87,88,89,90,91,92,93,94,95,96,97,98,99]
CFO=-1040.7198369640548,STO=4
EsN0dB=19.20,GRXdB=10,N0=0.0001995262282434851
packet_number=369,correct=True,payload=[0,1,2,3,4,5,6,7,8,9,10,11,12,13,14,15,16,17,18,19,20,21,22,23,24,25,26,27,28,29,30,31,32,33,34,35,36,37,38,39,40,41,42,43,44,45,46,47,48,49,50,51,52,53,54,55,56,57,58,59,60,61,62,63,64,65,66,67,68,69,70,71,72,73,74,75,76,77,78,79,80,81,82,83,84,85,86,87,88,89,90,91,92,93,94,95,96,97,98,99]
CFO=-1078.8327668514182,STO=4
EsN0dB=19.25,GRXdB=10,N0=0.0001995262282434851
packet_number=370,correct=True,payload=[0,1,2,3,4,5,6,7,8,9,10,11,12,13,14,15,16,17,18,19,20,21,22,23,24,25,26,27,28,29,30,31,32,33,34,35,36,37,38,39,40,41,42,43,44,45,46,47,48,49,50,51,52,53,54,55,56,57,58,59,60,61,62,63,64,65,66,67,68,69,70,71,72,73,74,75,76,77,78,79,80,81,82,83,84,85,86,87,88,89,90,91,92,93,94,95,96,97,98,99]
CFO=-940.7393263079639,STO=4
EsN0dB=19.27,GRXdB=10,N0=0.0001995262282434851
packet_number=371,correct=True,payload=[0,1,2,3,4,5,6,7,8,9,10,11,12,13,14,15,16,17,18,19,20,21,22,23,24,25,26,27,28,29,30,31,32,33,34,35,36,37,38,39,40,41,42,43,44,45,46,47,48,49,50,51,52,53,54,55,56,57,58,59,60,61,62,63,64,65,66,67,68,69,70,71,72,73,74,75,76,77,78,79,80,81,82,83,84,85,86,87,88,89,90,91,92,93,94,95,96,97,98,99]
CFO=-1076.800311254647,STO=4
EsN0dB=19.26,GRXdB=10,N0=0.0001995262282434851
packet_number=372,correct=True,payload=[0,1,2,3,4,5,6,7,8,9,10,11,12,13,14,15,16,17,18,19,20,21,22,23,24,25,26,27,28,29,30,31,32,33,34,35,36,37,38,39,40,41,42,43,44,45,46,47,48,49,50,51,52,53,54,55,56,57,58,59,60,61,62,63,64,65,66,67,68,69,70,71,72,73,74,75,76,77,78,79,80,81,82,83,84,85,86,87,88,89,90,91,92,93,94,95,96,97,98,99]
CFO=-1123.744936614118,STO=4
EsN0dB=19.27,GRXdB=10,N0=0.0001995262282434851
packet_number=373,correct=True,payload=[0,1,2,3,4,5,6,7,8,9,10,11,12,13,14,15,16,17,18,19,20,21,22,23,24,25,26,27,28,29,30,31,32,33,34,35,36,37,38,39,40,41,42,43,44,45,46,47,48,49,50,51,52,53,54,55,56,57,58,59,60,61,62,63,64,65,66,67,68,69,70,71,72,73,74,75,76,77,78,79,80,81,82,83,84,85,86,87,88,89,90,91,92,93,94,95,96,97,98,99]
CFO=-1048.497952040753,STO=5
EsN0dB=19.23,GRXdB=10,N0=0.0001995262282434851
packet_number=374,correct=True,payload=[0,1,2,3,4,5,6,7,8,9,10,11,12,13,14,15,16,17,18,19,20,21,22,23,24,25,26,27,28,29,30,31,32,33,34,35,36,37,38,39,40,41,42,43,44,45,46,47,48,49,50,51,52,53,54,55,56,57,58,59,60,61,62,63,64,65,66,67,68,69,70,71,72,73,74,75,76,77,78,79,80,81,82,83,84,85,86,87,88,89,90,91,92,93,94,95,96,97,98,99]
CFO=-1092.4099022609341,STO=4
EsN0dB=19.18,GRXdB=10,N0=0.0001995262282434851
packet_number=375,correct=True,payload=[0,1,2,3,4,5,6,7,8,9,10,11,12,13,14,15,16,17,18,19,20,21,22,23,24,25,26,27,28,29,30,31,32,33,34,35,36,37,38,39,40,41,42,43,44,45,46,47,48,49,50,51,52,53,54,55,56,57,58,59,60,61,62,63,64,65,66,67,68,69,70,71,72,73,74,75,76,77,78,79,80,81,82,83,84,85,86,87,88,89,90,91,92,93,94,95,96,97,98,99]
CFO=-1070.8729877155454,STO=4
EsN0dB=19.19,GRXdB=10,N0=0.0001995262282434851
packet_number=376,correct=True,payload=[0,1,2,3,4,5,6,7,8,9,10,11,12,13,14,15,16,17,18,19,20,21,22,23,24,25,26,27,28,29,30,31,32,33,34,35,36,37,38,39,40,41,42,43,44,45,46,47,48,49,50,51,52,53,54,55,56,57,58,59,60,61,62,63,64,65,66,67,68,69,70,71,72,73,74,75,76,77,78,79,80,81,82,83,84,85,86,87,88,89,90,91,92,93,94,95,96,97,98,99]
CFO=-1122.050670245001,STO=4
EsN0dB=19.17,GRXdB=10,N0=0.0001995262282434851
packet_number=377,correct=True,payload=[0,1,2,3,4,5,6,7,8,9,10,11,12,13,14,15,16,17,18,19,20,21,22,23,24,25,26,27,28,29,30,31,32,33,34,35,36,37,38,39,40,41,42,43,44,45,46,47,48,49,50,51,52,53,54,55,56,57,58,59,60,61,62,63,64,65,66,67,68,69,70,71,72,73,74,75,76,77,78,79,80,81,82,83,84,85,86,87,88,89,90,91,92,93,94,95,96,97,98,99]
CFO=-1065.2973714868301,STO=4
EsN0dB=19.20,GRXdB=10,N0=0.0001995262282434851
packet_number=378,correct=True,payload=[0,1,2,3,4,5,6,7,8,9,10,11,12,13,14,15,16,17,18,19,20,21,22,23,24,25,26,27,28,29,30,31,32,33,34,35,36,37,38,39,40,41,42,43,44,45,46,47,48,49,50,51,52,53,54,55,56,57,58,59,60,61,62,63,64,65,66,67,68,69,70,71,72,73,74,75,76,77,78,79,80,81,82,83,84,85,86,87,88,89,90,91,92,93,94,95,96,97,98,99]
CFO=-994.9697832312976,STO=5
EsN0dB=19.20,GRXdB=10,N0=0.0001995262282434851
packet_number=379,correct=True,payload=[0,1,2,3,4,5,6,7,8,9,10,11,12,13,14,15,16,17,18,19,20,21,22,23,24,25,26,27,28,29,30,31,32,33,34,35,36,37,38,39,40,41,42,43,44,45,46,47,48,49,50,51,52,53,54,55,56,57,58,59,60,61,62,63,64,65,66,67,68,69,70,71,72,73,74,75,76,77,78,79,80,81,82,83,84,85,86,87,88,89,90,91,92,93,94,95,96,97,98,99]
CFO=-1005.9633047235178,STO=3
EsN0dB=19.19,GRXdB=10,N0=0.0001995262282434851
packet_number=380,correct=True,payload=[0,1,2,3,4,5,6,7,8,9,10,11,12,13,14,15,16,17,18,19,20,21,22,23,24,25,26,27,28,29,30,31,32,33,34,35,36,37,38,39,40,41,42,43,44,45,46,47,48,49,50,51,52,53,54,55,56,57,58,59,60,61,62,63,64,65,66,67,68,69,70,71,72,73,74,75,76,77,78,79,80,81,82,83,84,85,86,87,88,89,90,91,92,93,94,95,96,97,98,99]
CFO=-1008.1410204198248,STO=4
EsN0dB=19.19,GRXdB=10,N0=0.0001995262282434851
packet_number=381,correct=True,payload=[0,1,2,3,4,5,6,7,8,9,10,11,12,13,14,15,16,17,18,19,20,21,22,23,24,25,26,27,28,29,30,31,32,33,34,35,36,37,38,39,40,41,42,43,44,45,46,47,48,49,50,51,52,53,54,55,56,57,58,59,60,61,62,63,64,65,66,67,68,69,70,71,72,73,74,75,76,77,78,79,80,81,82,83,84,85,86,87,88,89,90,91,92,93,94,95,96,97,98,99]
CFO=-1003.1361281576941,STO=4
EsN0dB=19.16,GRXdB=10,N0=0.0001995262282434851
packet_number=382,correct=True,payload=[0,1,2,3,4,5,6,7,8,9,10,11,12,13,14,15,16,17,18,19,20,21,22,23,24,25,26,27,28,29,30,31,32,33,34,35,36,37,38,39,40,41,42,43,44,45,46,47,48,49,50,51,52,53,54,55,56,57,58,59,60,61,62,63,64,65,66,67,68,69,70,71,72,73,74,75,76,77,78,79,80,81,82,83,84,85,86,87,88,89,90,91,92,93,94,95,96,97,98,99]
CFO=-1003.3924974109158,STO=4
EsN0dB=19.17,GRXdB=10,N0=0.0001995262282434851
packet_number=383,correct=True,payload=[0,1,2,3,4,5,6,7,8,9,10,11,12,13,14,15,16,17,18,19,20,21,22,23,24,25,26,27,28,29,30,31,32,33,34,35,36,37,38,39,40,41,42,43,44,45,46,47,48,49,50,51,52,53,54,55,56,57,58,59,60,61,62,63,64,65,66,67,68,69,70,71,72,73,74,75,76,77,78,79,80,81,82,83,84,85,86,87,88,89,90,91,92,93,94,95,96,97,98,99]
CFO=-1043.7034201186848,STO=4
EsN0dB=19.22,GRXdB=10,N0=0.0001995262282434851
packet_number=384,correct=True,payload=[0,1,2,3,4,5,6,7,8,9,10,11,12,13,14,15,16,17,18,19,20,21,22,23,24,25,26,27,28,29,30,31,32,33,34,35,36,37,38,39,40,41,42,43,44,45,46,47,48,49,50,51,52,53,54,55,56,57,58,59,60,61,62,63,64,65,66,67,68,69,70,71,72,73,74,75,76,77,78,79,80,81,82,83,84,85,86,87,88,89,90,91,92,93,94,95,96,97,98,99]
CFO=-964.1579223957892,STO=4
EsN0dB=19.23,GRXdB=10,N0=0.0001995262282434851
packet_number=385,correct=True,payload=[0,1,2,3,4,5,6,7,8,9,10,11,12,13,14,15,16,17,18,19,20,21,22,23,24,25,26,27,28,29,30,31,32,33,34,35,36,37,38,39,40,41,42,43,44,45,46,47,48,49,50,51,52,53,54,55,56,57,58,59,60,61,62,63,64,65,66,67,68,69,70,71,72,73,74,75,76,77,78,79,80,81,82,83,84,85,86,87,88,89,90,91,92,93,94,95,96,97,98,99]
CFO=-957.6197356707619,STO=4
EsN0dB=19.23,GRXdB=10,N0=0.0001995262282434851
packet_number=386,correct=True,payload=[0,1,2,3,4,5,6,7,8,9,10,11,12,13,14,15,16,17,18,19,20,21,22,23,24,25,26,27,28,29,30,31,32,33,34,35,36,37,38,39,40,41,42,43,44,45,46,47,48,49,50,51,52,53,54,55,56,57,58,59,60,61,62,63,64,65,66,67,68,69,70,71,72,73,74,75,76,77,78,79,80,81,82,83,84,85,86,87,88,89,90,91,92,93,94,95,96,97,98,99]
CFO=-1095.8228624118249,STO=4
EsN0dB=19.24,GRXdB=10,N0=0.0001995262282434851
packet_number=387,correct=True,payload=[0,1,2,3,4,5,6,7,8,9,10,11,12,13,14,15,16,17,18,19,20,21,22,23,24,25,26,27,28,29,30,31,32,33,34,35,36,37,38,39,40,41,42,43,44,45,46,47,48,49,50,51,52,53,54,55,56,57,58,59,60,61,62,63,64,65,66,67,68,69,70,71,72,73,74,75,76,77,78,79,80,81,82,83,84,85,86,87,88,89,90,91,92,93,94,95,96,97,98,99]
CFO=-984.2451411478102,STO=5
EsN0dB=19.24,GRXdB=10,N0=0.0001995262282434851
packet_number=388,correct=True,payload=[0,1,2,3,4,5,6,7,8,9,10,11,12,13,14,15,16,17,18,19,20,21,22,23,24,25,26,27,28,29,30,31,32,33,34,35,36,37,38,39,40,41,42,43,44,45,46,47,48,49,50,51,52,53,54,55,56,57,58,59,60,61,62,63,64,65,66,67,68,69,70,71,72,73,74,75,76,77,78,79,80,81,82,83,84,85,86,87,88,89,90,91,92,93,94,95,96,97,98,99]
CFO=-995.1935430744194,STO=4
EsN0dB=19.21,GRXdB=10,N0=0.0001995262282434851
packet_number=389,correct=True,payload=[0,1,2,3,4,5,6,7,8,9,10,11,12,13,14,15,16,17,18,19,20,21,22,23,24,25,26,27,28,29,30,31,32,33,34,35,36,37,38,39,40,41,42,43,44,45,46,47,48,49,50,51,52,53,54,55,56,57,58,59,60,61,62,63,64,65,66,67,68,69,70,71,72,73,74,75,76,77,78,79,80,81,82,83,84,85,86,87,88,89,90,91,92,93,94,95,96,97,98,99]
CFO=-1061.1206396615635,STO=4
EsN0dB=19.19,GRXdB=10,N0=0.0001995262282434851
packet_number=390,correct=True,payload=[0,1,2,3,4,5,6,7,8,9,10,11,12,13,14,15,16,17,18,19,20,21,22,23,24,25,26,27,28,29,30,31,32,33,34,35,36,37,38,39,40,41,42,43,44,45,46,47,48,49,50,51,52,53,54,55,56,57,58,59,60,61,62,63,64,65,66,67,68,69,70,71,72,73,74,75,76,77,78,79,80,81,82,83,84,85,86,87,88,89,90,91,92,93,94,95,96,97,98,99]
CFO=-1115.5264166315615,STO=4
EsN0dB=19.19,GRXdB=10,N0=0.0001995262282434851
packet_number=391,correct=True,payload=[0,1,2,3,4,5,6,7,8,9,10,11,12,13,14,15,16,17,18,19,20,21,22,23,24,25,26,27,28,29,30,31,32,33,34,35,36,37,38,39,40,41,42,43,44,45,46,47,48,49,50,51,52,53,54,55,56,57,58,59,60,61,62,63,64,65,66,67,68,69,70,71,72,73,74,75,76,77,78,79,80,81,82,83,84,85,86,87,88,89,90,91,92,93,94,95,96,97,98,99]
CFO=-1064.5784229288824,STO=5
EsN0dB=19.16,GRXdB=10,N0=0.0001995262282434851
packet_number=392,correct=True,payload=[0,1,2,3,4,5,6,7,8,9,10,11,12,13,14,15,16,17,18,19,20,21,22,23,24,25,26,27,28,29,30,31,32,33,34,35,36,37,38,39,40,41,42,43,44,45,46,47,48,49,50,51,52,53,54,55,56,57,58,59,60,61,62,63,64,65,66,67,68,69,70,71,72,73,74,75,76,77,78,79,80,81,82,83,84,85,86,87,88,89,90,91,92,93,94,95,96,97,98,99]
CFO=-1083.1138487890046,STO=4
EsN0dB=19.20,GRXdB=10,N0=0.0001995262282434851
packet_number=393,correct=True,payload=[0,1,2,3,4,5,6,7,8,9,10,11,12,13,14,15,16,17,18,19,20,21,22,23,24,25,26,27,28,29,30,31,32,33,34,35,36,37,38,39,40,41,42,43,44,45,46,47,48,49,50,51,52,53,54,55,56,57,58,59,60,61,62,63,64,65,66,67,68,69,70,71,72,73,74,75,76,77,78,79,80,81,82,83,84,85,86,87,88,89,90,91,92,93,94,95,96,97,98,99]
CFO=-1052.9669827601876,STO=3
EsN0dB=19.24,GRXdB=10,N0=0.0001995262282434851
packet_number=394,correct=True,payload=[0,1,2,3,4,5,6,7,8,9,10,11,12,13,14,15,16,17,18,19,20,21,22,23,24,25,26,27,28,29,30,31,32,33,34,35,36,37,38,39,40,41,42,43,44,45,46,47,48,49,50,51,52,53,54,55,56,57,58,59,60,61,62,63,64,65,66,67,68,69,70,71,72,73,74,75,76,77,78,79,80,81,82,83,84,85,86,87,88,89,90,91,92,93,94,95,96,97,98,99]
CFO=-998.5772140460568,STO=4
EsN0dB=19.16,GRXdB=10,N0=0.0001995262282434851
packet_number=395,correct=True,payload=[0,1,2,3,4,5,6,7,8,9,10,11,12,13,14,15,16,17,18,19,20,21,22,23,24,25,26,27,28,29,30,31,32,33,34,35,36,37,38,39,40,41,42,43,44,45,46,47,48,49,50,51,52,53,54,55,56,57,58,59,60,61,62,63,64,65,66,67,68,69,70,71,72,73,74,75,76,77,78,79,80,81,82,83,84,85,86,87,88,89,90,91,92,93,94,95,96,97,98,99]
CFO=-1008.2630389034349,STO=4
EsN0dB=19.27,GRXdB=10,N0=0.0001995262282434851
packet_number=396,correct=True,payload=[0,1,2,3,4,5,6,7,8,9,10,11,12,13,14,15,16,17,18,19,20,21,22,23,24,25,26,27,28,29,30,31,32,33,34,35,36,37,38,39,40,41,42,43,44,45,46,47,48,49,50,51,52,53,54,55,56,57,58,59,60,61,62,63,64,65,66,67,68,69,70,71,72,73,74,75,76,77,78,79,80,81,82,83,84,85,86,87,88,89,90,91,92,93,94,95,96,97,98,99]
CFO=-1071.3400730478488,STO=4
EsN0dB=19.22,GRXdB=10,N0=0.0001995262282434851
packet_number=397,correct=True,payload=[0,1,2,3,4,5,6,7,8,9,10,11,12,13,14,15,16,17,18,19,20,21,22,23,24,25,26,27,28,29,30,31,32,33,34,35,36,37,38,39,40,41,42,43,44,45,46,47,48,49,50,51,52,53,54,55,56,57,58,59,60,61,62,63,64,65,66,67,68,69,70,71,72,73,74,75,76,77,78,79,80,81,82,83,84,85,86,87,88,89,90,91,92,93,94,95,96,97,98,99]
CFO=-1064.135053531197,STO=6
EsN0dB=19.30,GRXdB=10,N0=0.0001995262282434851
packet_number=398,correct=True,payload=[0,1,2,3,4,5,6,7,8,9,10,11,12,13,14,15,16,17,18,19,20,21,22,23,24,25,26,27,28,29,30,31,32,33,34,35,36,37,38,39,40,41,42,43,44,45,46,47,48,49,50,51,52,53,54,55,56,57,58,59,60,61,62,63,64,65,66,67,68,69,70,71,72,73,74,75,76,77,78,79,80,81,82,83,84,85,86,87,88,89,90,91,92,93,94,95,96,97,98,99]
CFO=-993.8069316671357,STO=4
EsN0dB=19.24,GRXdB=10,N0=0.0001995262282434851
packet_number=399,correct=True,payload=[0,1,2,3,4,5,6,7,8,9,10,11,12,13,14,15,16,17,18,19,20,21,22,23,24,25,26,27,28,29,30,31,32,33,34,35,36,37,38,39,40,41,42,43,44,45,46,47,48,49,50,51,52,53,54,55,56,57,58,59,60,61,62,63,64,65,66,67,68,69,70,71,72,73,74,75,76,77,78,79,80,81,82,83,84,85,86,87,88,89,90,91,92,93,94,95,96,97,98,99]
CFO=-1029.4219214510113,STO=4
EsN0dB=19.20,GRXdB=10,N0=0.0001995262282434851
packet_number=400,correct=True,payload=[0,1,2,3,4,5,6,7,8,9,10,11,12,13,14,15,16,17,18,19,20,21,22,23,24,25,26,27,28,29,30,31,32,33,34,35,36,37,38,39,40,41,42,43,44,45,46,47,48,49,50,51,52,53,54,55,56,57,58,59,60,61,62,63,64,65,66,67,68,69,70,71,72,73,74,75,76,77,78,79,80,81,82,83,84,85,86,87,88,89,90,91,92,93,94,95,96,97,98,99]
CFO=-1024.5581389998583,STO=4
EsN0dB=18.24,GRXdB=10,N0=0.0002511886414140463
packet_number=401,correct=True,payload=[0,1,2,3,4,5,6,7,8,9,10,11,12,13,14,15,16,17,18,19,20,21,22,23,24,25,26,27,28,29,30,31,32,33,34,35,36,37,38,39,40,41,42,43,44,45,46,47,48,49,50,51,52,53,54,55,56,57,58,59,60,61,62,63,64,65,66,67,68,69,70,71,72,73,74,75,76,77,78,79,80,81,82,83,84,85,86,87,88,89,90,91,92,93,94,95,96,97,98,99]
CFO=-1142.775788348412,STO=5
EsN0dB=18.26,GRXdB=10,N0=0.0002511886414140463
packet_number=402,correct=True,payload=[0,1,2,3,4,5,6,7,8,9,10,11,12,13,14,15,16,17,18,19,20,21,22,23,24,25,26,27,28,29,30,31,32,33,34,35,36,37,38,39,40,41,42,43,44,45,46,47,48,49,50,51,52,53,54,55,56,57,58,59,60,61,62,63,64,65,66,67,68,69,70,71,72,73,74,75,76,77,78,79,80,81,82,83,84,85,86,87,88,89,90,91,92,93,94,95,96,97,98,99]
CFO=-1009.582474925913,STO=4
EsN0dB=18.22,GRXdB=10,N0=0.0002511886414140463
packet_number=403,correct=True,payload=[0,1,2,3,4,5,6,7,8,9,10,11,12,13,14,15,16,17,18,19,20,21,22,23,24,25,26,27,28,29,30,31,32,33,34,35,36,37,38,39,40,41,42,43,44,45,46,47,48,49,50,51,52,53,54,55,56,57,58,59,60,61,62,63,64,65,66,67,68,69,70,71,72,73,74,75,76,77,78,79,80,81,82,83,84,85,86,87,88,89,90,91,92,93,94,95,96,97,98,99]
CFO=-1038.8580175168609,STO=5
EsN0dB=18.24,GRXdB=10,N0=0.0002511886414140463
packet_number=404,correct=True,payload=[0,1,2,3,4,5,6,7,8,9,10,11,12,13,14,15,16,17,18,19,20,21,22,23,24,25,26,27,28,29,30,31,32,33,34,35,36,37,38,39,40,41,42,43,44,45,46,47,48,49,50,51,52,53,54,55,56,57,58,59,60,61,62,63,64,65,66,67,68,69,70,71,72,73,74,75,76,77,78,79,80,81,82,83,84,85,86,87,88,89,90,91,92,93,94,95,96,97,98,99]
CFO=-1122.3722583184222,STO=4
EsN0dB=18.22,GRXdB=10,N0=0.0002511886414140463
packet_number=405,correct=True,payload=[0,1,2,3,4,5,6,7,8,9,10,11,12,13,14,15,16,17,18,19,20,21,22,23,24,25,26,27,28,29,30,31,32,33,34,35,36,37,38,39,40,41,42,43,44,45,46,47,48,49,50,51,52,53,54,55,56,57,58,59,60,61,62,63,64,65,66,67,68,69,70,71,72,73,74,75,76,77,78,79,80,81,82,83,84,85,86,87,88,89,90,91,92,93,94,95,96,97,98,99]
CFO=-1120.4204368993526,STO=4
EsN0dB=18.22,GRXdB=10,N0=0.0002511886414140463
packet_number=406,correct=True,payload=[0,1,2,3,4,5,6,7,8,9,10,11,12,13,14,15,16,17,18,19,20,21,22,23,24,25,26,27,28,29,30,31,32,33,34,35,36,37,38,39,40,41,42,43,44,45,46,47,48,49,50,51,52,53,54,55,56,57,58,59,60,61,62,63,64,65,66,67,68,69,70,71,72,73,74,75,76,77,78,79,80,81,82,83,84,85,86,87,88,89,90,91,92,93,94,95,96,97,98,99]
CFO=-1045.5557531920315,STO=4
EsN0dB=18.21,GRXdB=10,N0=0.0002511886414140463
packet_number=407,correct=True,payload=[0,1,2,3,4,5,6,7,8,9,10,11,12,13,14,15,16,17,18,19,20,21,22,23,24,25,26,27,28,29,30,31,32,33,34,35,36,37,38,39,40,41,42,43,44,45,46,47,48,49,50,51,52,53,54,55,56,57,58,59,60,61,62,63,64,65,66,67,68,69,70,71,72,73,74,75,76,77,78,79,80,81,82,83,84,85,86,87,88,89,90,91,92,93,94,95,96,97,98,99]
CFO=-1018.6653221456259,STO=5
EsN0dB=18.20,GRXdB=10,N0=0.0002511886414140463
packet_number=408,correct=True,payload=[0,1,2,3,4,5,6,7,8,9,10,11,12,13,14,15,16,17,18,19,20,21,22,23,24,25,26,27,28,29,30,31,32,33,34,35,36,37,38,39,40,41,42,43,44,45,46,47,48,49,50,51,52,53,54,55,56,57,58,59,60,61,62,63,64,65,66,67,68,69,70,71,72,73,74,75,76,77,78,79,80,81,82,83,84,85,86,87,88,89,90,91,92,93,94,95,96,97,98,99]
CFO=-1096.325995964748,STO=4
EsN0dB=18.20,GRXdB=10,N0=0.0002511886414140463
packet_number=409,correct=True,payload=[0,1,2,3,4,5,6,7,8,9,10,11,12,13,14,15,16,17,18,19,20,21,22,23,24,25,26,27,28,29,30,31,32,33,34,35,36,37,38,39,40,41,42,43,44,45,46,47,48,49,50,51,52,53,54,55,56,57,58,59,60,61,62,63,64,65,66,67,68,69,70,71,72,73,74,75,76,77,78,79,80,81,82,83,84,85,86,87,88,89,90,91,92,93,94,95,96,97,98,99]
CFO=-1128.8308187929695,STO=4
EsN0dB=18.24,GRXdB=10,N0=0.0002511886414140463
packet_number=410,correct=True,payload=[0,1,2,3,4,5,6,7,8,9,10,11,12,13,14,15,16,17,18,19,20,21,22,23,24,25,26,27,28,29,30,31,32,33,34,35,36,37,38,39,40,41,42,43,44,45,46,47,48,49,50,51,52,53,54,55,56,57,58,59,60,61,62,63,64,65,66,67,68,69,70,71,72,73,74,75,76,77,78,79,80,81,82,83,84,85,86,87,88,89,90,91,92,93,94,95,96,97,98,99]
CFO=-1091.7941180185753,STO=4
EsN0dB=18.19,GRXdB=10,N0=0.0002511886414140463
packet_number=411,correct=True,payload=[0,1,2,3,4,5,6,7,8,9,10,11,12,13,14,15,16,17,18,19,20,21,22,23,24,25,26,27,28,29,30,31,32,33,34,35,36,37,38,39,40,41,42,43,44,45,46,47,48,49,50,51,52,53,54,55,56,57,58,59,60,61,62,63,64,65,66,67,68,69,70,71,72,73,74,75,76,77,78,79,80,81,82,83,84,85,86,87,88,89,90,91,92,93,94,95,96,97,98,99]
CFO=-1014.2128925804238,STO=4
EsN0dB=18.26,GRXdB=10,N0=0.0002511886414140463
packet_number=412,correct=True,payload=[0,1,2,3,4,5,6,7,8,9,10,11,12,13,14,15,16,17,18,19,20,21,22,23,24,25,26,27,28,29,30,31,32,33,34,35,36,37,38,39,40,41,42,43,44,45,46,47,48,49,50,51,52,53,54,55,56,57,58,59,60,61,62,63,64,65,66,67,68,69,70,71,72,73,74,75,76,77,78,79,80,81,82,83,84,85,86,87,88,89,90,91,92,93,94,95,96,97,98,99]
CFO=-1051.8794885782747,STO=5
EsN0dB=18.22,GRXdB=10,N0=0.0002511886414140463
packet_number=413,correct=True,payload=[0,1,2,3,4,5,6,7,8,9,10,11,12,13,14,15,16,17,18,19,20,21,22,23,24,25,26,27,28,29,30,31,32,33,34,35,36,37,38,39,40,41,42,43,44,45,46,47,48,49,50,51,52,53,54,55,56,57,58,59,60,61,62,63,64,65,66,67,68,69,70,71,72,73,74,75,76,77,78,79,80,81,82,83,84,85,86,87,88,89,90,91,92,93,94,95,96,97,98,99]
CFO=-998.6029458351175,STO=2
EsN0dB=18.24,GRXdB=10,N0=0.0002511886414140463
packet_number=414,correct=True,payload=[0,1,2,3,4,5,6,7,8,9,10,11,12,13,14,15,16,17,18,19,20,21,22,23,24,25,26,27,28,29,30,31,32,33,34,35,36,37,38,39,40,41,42,43,44,45,46,47,48,49,50,51,52,53,54,55,56,57,58,59,60,61,62,63,64,65,66,67,68,69,70,71,72,73,74,75,76,77,78,79,80,81,82,83,84,85,86,87,88,89,90,91,92,93,94,95,96,97,98,99]
CFO=-1066.5764904204573,STO=4
EsN0dB=18.25,GRXdB=10,N0=0.0002511886414140463
packet_number=415,correct=True,payload=[0,1,2,3,4,5,6,7,8,9,10,11,12,13,14,15,16,17,18,19,20,21,22,23,24,25,26,27,28,29,30,31,32,33,34,35,36,37,38,39,40,41,42,43,44,45,46,47,48,49,50,51,52,53,54,55,56,57,58,59,60,61,62,63,64,65,66,67,68,69,70,71,72,73,74,75,76,77,78,79,80,81,82,83,84,85,86,87,88,89,90,91,92,93,94,95,96,97,98,99]
CFO=-989.4064992885837,STO=5
EsN0dB=18.20,GRXdB=10,N0=0.0002511886414140463
packet_number=416,correct=True,payload=[0,1,2,3,4,5,6,7,8,9,10,11,12,13,14,15,16,17,18,19,20,21,22,23,24,25,26,27,28,29,30,31,32,33,34,35,36,37,38,39,40,41,42,43,44,45,46,47,48,49,50,51,52,53,54,55,56,57,58,59,60,61,62,63,64,65,66,67,68,69,70,71,72,73,74,75,76,77,78,79,80,81,82,83,84,85,86,87,88,89,90,91,92,93,94,95,96,97,98,99]
CFO=-988.2033899254076,STO=1
EsN0dB=18.28,GRXdB=10,N0=0.0002511886414140463
packet_number=417,correct=True,payload=[0,1,2,3,4,5,6,7,8,9,10,11,12,13,14,15,16,17,18,19,20,21,22,23,24,25,26,27,28,29,30,31,32,33,34,35,36,37,38,39,40,41,42,43,44,45,46,47,48,49,50,51,52,53,54,55,56,57,58,59,60,61,62,63,64,65,66,67,68,69,70,71,72,73,74,75,76,77,78,79,80,81,82,83,84,85,86,87,88,89,90,91,92,93,94,95,96,97,98,99]
CFO=-1038.4510520788142,STO=4
EsN0dB=18.28,GRXdB=10,N0=0.0002511886414140463
packet_number=418,correct=True,payload=[0,1,2,3,4,5,6,7,8,9,10,11,12,13,14,15,16,17,18,19,20,21,22,23,24,25,26,27,28,29,30,31,32,33,34,35,36,37,38,39,40,41,42,43,44,45,46,47,48,49,50,51,52,53,54,55,56,57,58,59,60,61,62,63,64,65,66,67,68,69,70,71,72,73,74,75,76,77,78,79,80,81,82,83,84,85,86,87,88,89,90,91,92,93,94,95,96,97,98,99]
CFO=-976.3757790126688,STO=5
EsN0dB=18.24,GRXdB=10,N0=0.0002511886414140463
packet_number=419,correct=True,payload=[0,1,2,3,4,5,6,7,8,9,10,11,12,13,14,15,16,17,18,19,20,21,22,23,24,25,26,27,28,29,30,31,32,33,34,35,36,37,38,39,40,41,42,43,44,45,46,47,48,49,50,51,52,53,54,55,56,57,58,59,60,61,62,63,64,65,66,67,68,69,70,71,72,73,74,75,76,77,78,79,80,81,82,83,84,85,86,87,88,89,90,91,92,93,94,95,96,97,98,99]
CFO=-1051.951940758533,STO=5
EsN0dB=18.20,GRXdB=10,N0=0.0002511886414140463
packet_number=420,correct=True,payload=[0,1,2,3,4,5,6,7,8,9,10,11,12,13,14,15,16,17,18,19,20,21,22,23,24,25,26,27,28,29,30,31,32,33,34,35,36,37,38,39,40,41,42,43,44,45,46,47,48,49,50,51,52,53,54,55,56,57,58,59,60,61,62,63,64,65,66,67,68,69,70,71,72,73,74,75,76,77,78,79,80,81,82,83,84,85,86,87,88,89,90,91,92,93,94,95,96,97,98,99]
CFO=-1035.2808245187398,STO=5
EsN0dB=18.19,GRXdB=10,N0=0.0002511886414140463
packet_number=421,correct=True,payload=[0,1,2,3,4,5,6,7,8,9,10,11,12,13,14,15,16,17,18,19,20,21,22,23,24,25,26,27,28,29,30,31,32,33,34,35,36,37,38,39,40,41,42,43,44,45,46,47,48,49,50,51,52,53,54,55,56,57,58,59,60,61,62,63,64,65,66,67,68,69,70,71,72,73,74,75,76,77,78,79,80,81,82,83,84,85,86,87,88,89,90,91,92,93,94,95,96,97,98,99]
CFO=-1029.733667411566,STO=4
EsN0dB=18.21,GRXdB=10,N0=0.0002511886414140463
packet_number=422,correct=True,payload=[0,1,2,3,4,5,6,7,8,9,10,11,12,13,14,15,16,17,18,19,20,21,22,23,24,25,26,27,28,29,30,31,32,33,34,35,36,37,38,39,40,41,42,43,44,45,46,47,48,49,50,51,52,53,54,55,56,57,58,59,60,61,62,63,64,65,66,67,68,69,70,71,72,73,74,75,76,77,78,79,80,81,82,83,84,85,86,87,88,89,90,91,92,93,94,95,96,97,98,99]
CFO=-1008.0162746037336,STO=4
EsN0dB=18.21,GRXdB=10,N0=0.0002511886414140463
packet_number=423,correct=True,payload=[0,1,2,3,4,5,6,7,8,9,10,11,12,13,14,15,16,17,18,19,20,21,22,23,24,25,26,27,28,29,30,31,32,33,34,35,36,37,38,39,40,41,42,43,44,45,46,47,48,49,50,51,52,53,54,55,56,57,58,59,60,61,62,63,64,65,66,67,68,69,70,71,72,73,74,75,76,77,78,79,80,81,82,83,84,85,86,87,88,89,90,91,92,93,94,95,96,97,98,99]
CFO=-1051.7309082478923,STO=2
EsN0dB=18.22,GRXdB=10,N0=0.0002511886414140463
packet_number=424,correct=True,payload=[0,1,2,3,4,5,6,7,8,9,10,11,12,13,14,15,16,17,18,19,20,21,22,23,24,25,26,27,28,29,30,31,32,33,34,35,36,37,38,39,40,41,42,43,44,45,46,47,48,49,50,51,52,53,54,55,56,57,58,59,60,61,62,63,64,65,66,67,68,69,70,71,72,73,74,75,76,77,78,79,80,81,82,83,84,85,86,87,88,89,90,91,92,93,94,95,96,97,98,99]
CFO=-1095.557125364429,STO=5
EsN0dB=18.22,GRXdB=10,N0=0.0002511886414140463
packet_number=425,correct=True,payload=[0,1,2,3,4,5,6,7,8,9,10,11,12,13,14,15,16,17,18,19,20,21,22,23,24,25,26,27,28,29,30,31,32,33,34,35,36,37,38,39,40,41,42,43,44,45,46,47,48,49,50,51,52,53,54,55,56,57,58,59,60,61,62,63,64,65,66,67,68,69,70,71,72,73,74,75,76,77,78,79,80,81,82,83,84,85,86,87,88,89,90,91,92,93,94,95,96,97,98,99]
CFO=-1080.2622448105242,STO=4
EsN0dB=18.29,GRXdB=10,N0=0.0002511886414140463
packet_number=426,correct=True,payload=[0,1,2,3,4,5,6,7,8,9,10,11,12,13,14,15,16,17,18,19,20,21,22,23,24,25,26,27,28,29,30,31,32,33,34,35,36,37,38,39,40,41,42,43,44,45,46,47,48,49,50,51,52,53,54,55,56,57,58,59,60,61,62,63,64,65,66,67,68,69,70,71,72,73,74,75,76,77,78,79,80,81,82,83,84,85,86,87,88,89,90,91,92,93,94,95,96,97,98,99]
CFO=-1140.8358248966515,STO=4
EsN0dB=18.21,GRXdB=10,N0=0.0002511886414140463
packet_number=427,correct=True,payload=[0,1,2,3,4,5,6,7,8,9,10,11,12,13,14,15,16,17,18,19,20,21,22,23,24,25,26,27,28,29,30,31,32,33,34,35,36,37,38,39,40,41,42,43,44,45,46,47,48,49,50,51,52,53,54,55,56,57,58,59,60,61,62,63,64,65,66,67,68,69,70,71,72,73,74,75,76,77,78,79,80,81,82,83,84,85,86,87,88,89,90,91,92,93,94,95,96,97,98,99]
CFO=-1088.9901830686772,STO=4
EsN0dB=18.21,GRXdB=10,N0=0.0002511886414140463
packet_number=428,correct=True,payload=[0,1,2,3,4,5,6,7,8,9,10,11,12,13,14,15,16,17,18,19,20,21,22,23,24,25,26,27,28,29,30,31,32,33,34,35,36,37,38,39,40,41,42,43,44,45,46,47,48,49,50,51,52,53,54,55,56,57,58,59,60,61,62,63,64,65,66,67,68,69,70,71,72,73,74,75,76,77,78,79,80,81,82,83,84,85,86,87,88,89,90,91,92,93,94,95,96,97,98,99]
CFO=-1028.1813409111385,STO=4
EsN0dB=18.27,GRXdB=10,N0=0.0002511886414140463
packet_number=429,correct=True,payload=[0,1,2,3,4,5,6,7,8,9,10,11,12,13,14,15,16,17,18,19,20,21,22,23,24,25,26,27,28,29,30,31,32,33,34,35,36,37,38,39,40,41,42,43,44,45,46,47,48,49,50,51,52,53,54,55,56,57,58,59,60,61,62,63,64,65,66,67,68,69,70,71,72,73,74,75,76,77,78,79,80,81,82,83,84,85,86,87,88,89,90,91,92,93,94,95,96,97,98,99]
CFO=-1009.6750856505967,STO=4
EsN0dB=18.19,GRXdB=10,N0=0.0002511886414140463
packet_number=430,correct=True,payload=[0,1,2,3,4,5,6,7,8,9,10,11,12,13,14,15,16,17,18,19,20,21,22,23,24,25,26,27,28,29,30,31,32,33,34,35,36,37,38,39,40,41,42,43,44,45,46,47,48,49,50,51,52,53,54,55,56,57,58,59,60,61,62,63,64,65,66,67,68,69,70,71,72,73,74,75,76,77,78,79,80,81,82,83,84,85,86,87,88,89,90,91,92,93,94,95,96,97,98,99]
CFO=-1081.7537399386565,STO=4
EsN0dB=18.23,GRXdB=10,N0=0.0002511886414140463
packet_number=431,correct=True,payload=[0,1,2,3,4,5,6,7,8,9,10,11,12,13,14,15,16,17,18,19,20,21,22,23,24,25,26,27,28,29,30,31,32,33,34,35,36,37,38,39,40,41,42,43,44,45,46,47,48,49,50,51,52,53,54,55,56,57,58,59,60,61,62,63,64,65,66,67,68,69,70,71,72,73,74,75,76,77,78,79,80,81,82,83,84,85,86,87,88,89,90,91,92,93,94,95,96,97,98,99]
CFO=-1076.5413332486173,STO=4
EsN0dB=18.28,GRXdB=10,N0=0.0002511886414140463
packet_number=432,correct=True,payload=[0,1,2,3,4,5,6,7,8,9,10,11,12,13,14,15,16,17,18,19,20,21,22,23,24,25,26,27,28,29,30,31,32,33,34,35,36,37,38,39,40,41,42,43,44,45,46,47,48,49,50,51,52,53,54,55,56,57,58,59,60,61,62,63,64,65,66,67,68,69,70,71,72,73,74,75,76,77,78,79,80,81,82,83,84,85,86,87,88,89,90,91,92,93,94,95,96,97,98,99]
CFO=-1017.6083029396972,STO=5
EsN0dB=18.27,GRXdB=10,N0=0.0002511886414140463
packet_number=433,correct=True,payload=[0,1,2,3,4,5,6,7,8,9,10,11,12,13,14,15,16,17,18,19,20,21,22,23,24,25,26,27,28,29,30,31,32,33,34,35,36,37,38,39,40,41,42,43,44,45,46,47,48,49,50,51,52,53,54,55,56,57,58,59,60,61,62,63,64,65,66,67,68,69,70,71,72,73,74,75,76,77,78,79,80,81,82,83,84,85,86,87,88,89,90,91,92,93,94,95,96,97,98,99]
CFO=-1088.1719833243528,STO=1
EsN0dB=18.23,GRXdB=10,N0=0.0002511886414140463
packet_number=434,correct=True,payload=[0,1,2,3,4,5,6,7,8,9,10,11,12,13,14,15,16,17,18,19,20,21,22,23,24,25,26,27,28,29,30,31,32,33,34,35,36,37,38,39,40,41,42,43,44,45,46,47,48,49,50,51,52,53,54,55,56,57,58,59,60,61,62,63,64,65,66,67,68,69,70,71,72,73,74,75,76,77,78,79,80,81,82,83,84,85,86,87,88,89,90,91,92,93,94,95,96,97,98,99]
CFO=-1079.2238426132708,STO=4
EsN0dB=18.21,GRXdB=10,N0=0.0002511886414140463
packet_number=435,correct=True,payload=[0,1,2,3,4,5,6,7,8,9,10,11,12,13,14,15,16,17,18,19,20,21,22,23,24,25,26,27,28,29,30,31,32,33,34,35,36,37,38,39,40,41,42,43,44,45,46,47,48,49,50,51,52,53,54,55,56,57,58,59,60,61,62,63,64,65,66,67,68,69,70,71,72,73,74,75,76,77,78,79,80,81,82,83,84,85,86,87,88,89,90,91,92,93,94,95,96,97,98,99]
CFO=-1070.4247565512633,STO=4
EsN0dB=18.26,GRXdB=10,N0=0.0002511886414140463
packet_number=436,correct=True,payload=[0,1,2,3,4,5,6,7,8,9,10,11,12,13,14,15,16,17,18,19,20,21,22,23,24,25,26,27,28,29,30,31,32,33,34,35,36,37,38,39,40,41,42,43,44,45,46,47,48,49,50,51,52,53,54,55,56,57,58,59,60,61,62,63,64,65,66,67,68,69,70,71,72,73,74,75,76,77,78,79,80,81,82,83,84,85,86,87,88,89,90,91,92,93,94,95,96,97,98,99]
CFO=-1049.7391254789911,STO=4
EsN0dB=18.23,GRXdB=10,N0=0.0002511886414140463
packet_number=437,correct=True,payload=[0,1,2,3,4,5,6,7,8,9,10,11,12,13,14,15,16,17,18,19,20,21,22,23,24,25,26,27,28,29,30,31,32,33,34,35,36,37,38,39,40,41,42,43,44,45,46,47,48,49,50,51,52,53,54,55,56,57,58,59,60,61,62,63,64,65,66,67,68,69,70,71,72,73,74,75,76,77,78,79,80,81,82,83,84,85,86,87,88,89,90,91,92,93,94,95,96,97,98,99]
CFO=-1061.4876437497785,STO=5
EsN0dB=18.21,GRXdB=10,N0=0.0002511886414140463
packet_number=438,correct=True,payload=[0,1,2,3,4,5,6,7,8,9,10,11,12,13,14,15,16,17,18,19,20,21,22,23,24,25,26,27,28,29,30,31,32,33,34,35,36,37,38,39,40,41,42,43,44,45,46,47,48,49,50,51,52,53,54,55,56,57,58,59,60,61,62,63,64,65,66,67,68,69,70,71,72,73,74,75,76,77,78,79,80,81,82,83,84,85,86,87,88,89,90,91,92,93,94,95,96,97,98,99]
CFO=-1038.2351184941165,STO=4
EsN0dB=18.28,GRXdB=10,N0=0.0002511886414140463
packet_number=439,correct=True,payload=[0,1,2,3,4,5,6,7,8,9,10,11,12,13,14,15,16,17,18,19,20,21,22,23,24,25,26,27,28,29,30,31,32,33,34,35,36,37,38,39,40,41,42,43,44,45,46,47,48,49,50,51,52,53,54,55,56,57,58,59,60,61,62,63,64,65,66,67,68,69,70,71,72,73,74,75,76,77,78,79,80,81,82,83,84,85,86,87,88,89,90,91,92,93,94,95,96,97,98,99]
CFO=-984.1094860017946,STO=0
EsN0dB=18.22,GRXdB=10,N0=0.0002511886414140463
packet_number=440,correct=True,payload=[0,1,2,3,4,5,6,7,8,9,10,11,12,13,14,15,16,17,18,19,20,21,22,23,24,25,26,27,28,29,30,31,32,33,34,35,36,37,38,39,40,41,42,43,44,45,46,47,48,49,50,51,52,53,54,55,56,57,58,59,60,61,62,63,64,65,66,67,68,69,70,71,72,73,74,75,76,77,78,79,80,81,82,83,84,85,86,87,88,89,90,91,92,93,94,95,96,97,98,99]
CFO=-1028.7755436529949,STO=5
EsN0dB=18.22,GRXdB=10,N0=0.0002511886414140463
packet_number=441,correct=True,payload=[0,1,2,3,4,5,6,7,8,9,10,11,12,13,14,15,16,17,18,19,20,21,22,23,24,25,26,27,28,29,30,31,32,33,34,35,36,37,38,39,40,41,42,43,44,45,46,47,48,49,50,51,52,53,54,55,56,57,58,59,60,61,62,63,64,65,66,67,68,69,70,71,72,73,74,75,76,77,78,79,80,81,82,83,84,85,86,87,88,89,90,91,92,93,94,95,96,97,98,99]
CFO=-1023.9403389030567,STO=4
EsN0dB=18.28,GRXdB=10,N0=0.0002511886414140463
packet_number=442,correct=True,payload=[0,1,2,3,4,5,6,7,8,9,10,11,12,13,14,15,16,17,18,19,20,21,22,23,24,25,26,27,28,29,30,31,32,33,34,35,36,37,38,39,40,41,42,43,44,45,46,47,48,49,50,51,52,53,54,55,56,57,58,59,60,61,62,63,64,65,66,67,68,69,70,71,72,73,74,75,76,77,78,79,80,81,82,83,84,85,86,87,88,89,90,91,92,93,94,95,96,97,98,99]
CFO=-1069.1478906314248,STO=5
EsN0dB=18.25,GRXdB=10,N0=0.0002511886414140463
packet_number=443,correct=True,payload=[0,1,2,3,4,5,6,7,8,9,10,11,12,13,14,15,16,17,18,19,20,21,22,23,24,25,26,27,28,29,30,31,32,33,34,35,36,37,38,39,40,41,42,43,44,45,46,47,48,49,50,51,52,53,54,55,56,57,58,59,60,61,62,63,64,65,66,67,68,69,70,71,72,73,74,75,76,77,78,79,80,81,82,83,84,85,86,87,88,89,90,91,92,93,94,95,96,97,98,99]
CFO=-1051.8671562922732,STO=1
EsN0dB=18.27,GRXdB=10,N0=0.0002511886414140463
packet_number=444,correct=True,payload=[0,1,2,3,4,5,6,7,8,9,10,11,12,13,14,15,16,17,18,19,20,21,22,23,24,25,26,27,28,29,30,31,32,33,34,35,36,37,38,39,40,41,42,43,44,45,46,47,48,49,50,51,52,53,54,55,56,57,58,59,60,61,62,63,64,65,66,67,68,69,70,71,72,73,74,75,76,77,78,79,80,81,82,83,84,85,86,87,88,89,90,91,92,93,94,95,96,97,98,99]
CFO=-1088.3170062645424,STO=4
EsN0dB=18.21,GRXdB=10,N0=0.0002511886414140463
packet_number=445,correct=True,payload=[0,1,2,3,4,5,6,7,8,9,10,11,12,13,14,15,16,17,18,19,20,21,22,23,24,25,26,27,28,29,30,31,32,33,34,35,36,37,38,39,40,41,42,43,44,45,46,47,48,49,50,51,52,53,54,55,56,57,58,59,60,61,62,63,64,65,66,67,68,69,70,71,72,73,74,75,76,77,78,79,80,81,82,83,84,85,86,87,88,89,90,91,92,93,94,95,96,97,98,99]
CFO=-1075.0624075658327,STO=4
EsN0dB=18.24,GRXdB=10,N0=0.0002511886414140463
packet_number=446,correct=True,payload=[0,1,2,3,4,5,6,7,8,9,10,11,12,13,14,15,16,17,18,19,20,21,22,23,24,25,26,27,28,29,30,31,32,33,34,35,36,37,38,39,40,41,42,43,44,45,46,47,48,49,50,51,52,53,54,55,56,57,58,59,60,61,62,63,64,65,66,67,68,69,70,71,72,73,74,75,76,77,78,79,80,81,82,83,84,85,86,87,88,89,90,91,92,93,94,95,96,97,98,99]
CFO=-984.1323718787011,STO=1
EsN0dB=18.21,GRXdB=10,N0=0.0002511886414140463
packet_number=447,correct=True,payload=[0,1,2,3,4,5,6,7,8,9,10,11,12,13,14,15,16,17,18,19,20,21,22,23,24,25,26,27,28,29,30,31,32,33,34,35,36,37,38,39,40,41,42,43,44,45,46,47,48,49,50,51,52,53,54,55,56,57,58,59,60,61,62,63,64,65,66,67,68,69,70,71,72,73,74,75,76,77,78,79,80,81,82,83,84,85,86,87,88,89,90,91,92,93,94,95,96,97,98,99]
CFO=-1094.2528675401068,STO=4
EsN0dB=18.27,GRXdB=10,N0=0.0002511886414140463
packet_number=448,correct=True,payload=[0,1,2,3,4,5,6,7,8,9,10,11,12,13,14,15,16,17,18,19,20,21,22,23,24,25,26,27,28,29,30,31,32,33,34,35,36,37,38,39,40,41,42,43,44,45,46,47,48,49,50,51,52,53,54,55,56,57,58,59,60,61,62,63,64,65,66,67,68,69,70,71,72,73,74,75,76,77,78,79,80,81,82,83,84,85,86,87,88,89,90,91,92,93,94,95,96,97,98,99]
CFO=-1078.7122899035583,STO=5
EsN0dB=18.24,GRXdB=10,N0=0.0002511886414140463
packet_number=449,correct=True,payload=[0,1,2,3,4,5,6,7,8,9,10,11,12,13,14,15,16,17,18,19,20,21,22,23,24,25,26,27,28,29,30,31,32,33,34,35,36,37,38,39,40,41,42,43,44,45,46,47,48,49,50,51,52,53,54,55,56,57,58,59,60,61,62,63,64,65,66,67,68,69,70,71,72,73,74,75,76,77,78,79,80,81,82,83,84,85,86,87,88,89,90,91,92,93,94,95,96,97,98,99]
CFO=-1125.6173096522168,STO=5
EsN0dB=18.26,GRXdB=10,N0=0.0002511886414140463
packet_number=450,correct=True,payload=[0,1,2,3,4,5,6,7,8,9,10,11,12,13,14,15,16,17,18,19,20,21,22,23,24,25,26,27,28,29,30,31,32,33,34,35,36,37,38,39,40,41,42,43,44,45,46,47,48,49,50,51,52,53,54,55,56,57,58,59,60,61,62,63,64,65,66,67,68,69,70,71,72,73,74,75,76,77,78,79,80,81,82,83,84,85,86,87,88,89,90,91,92,93,94,95,96,97,98,99]
CFO=-964.0812606371362,STO=4
EsN0dB=18.22,GRXdB=10,N0=0.0002511886414140463
packet_number=451,correct=True,payload=[0,1,2,3,4,5,6,7,8,9,10,11,12,13,14,15,16,17,18,19,20,21,22,23,24,25,26,27,28,29,30,31,32,33,34,35,36,37,38,39,40,41,42,43,44,45,46,47,48,49,50,51,52,53,54,55,56,57,58,59,60,61,62,63,64,65,66,67,68,69,70,71,72,73,74,75,76,77,78,79,80,81,82,83,84,85,86,87,88,89,90,91,92,93,94,95,96,97,98,99]
CFO=-1014.1985444399799,STO=4
EsN0dB=18.22,GRXdB=10,N0=0.0002511886414140463
packet_number=452,correct=True,payload=[0,1,2,3,4,5,6,7,8,9,10,11,12,13,14,15,16,17,18,19,20,21,22,23,24,25,26,27,28,29,30,31,32,33,34,35,36,37,38,39,40,41,42,43,44,45,46,47,48,49,50,51,52,53,54,55,56,57,58,59,60,61,62,63,64,65,66,67,68,69,70,71,72,73,74,75,76,77,78,79,80,81,82,83,84,85,86,87,88,89,90,91,92,93,94,95,96,97,98,99]
CFO=-1044.5014613185838,STO=5
EsN0dB=18.23,GRXdB=10,N0=0.0002511886414140463
packet_number=453,correct=True,payload=[0,1,2,3,4,5,6,7,8,9,10,11,12,13,14,15,16,17,18,19,20,21,22,23,24,25,26,27,28,29,30,31,32,33,34,35,36,37,38,39,40,41,42,43,44,45,46,47,48,49,50,51,52,53,54,55,56,57,58,59,60,61,62,63,64,65,66,67,68,69,70,71,72,73,74,75,76,77,78,79,80,81,82,83,84,85,86,87,88,89,90,91,92,93,94,95,96,97,98,99]
CFO=-1148.948453231138,STO=4
EsN0dB=18.28,GRXdB=10,N0=0.0002511886414140463
packet_number=454,correct=True,payload=[0,1,2,3,4,5,6,7,8,9,10,11,12,13,14,15,16,17,18,19,20,21,22,23,24,25,26,27,28,29,30,31,32,33,34,35,36,37,38,39,40,41,42,43,44,45,46,47,48,49,50,51,52,53,54,55,56,57,58,59,60,61,62,63,64,65,66,67,68,69,70,71,72,73,74,75,76,77,78,79,80,81,82,83,84,85,86,87,88,89,90,91,92,93,94,95,96,97,98,99]
CFO=-1045.4286357824785,STO=4
EsN0dB=18.31,GRXdB=10,N0=0.0002511886414140463
packet_number=455,correct=True,payload=[0,1,2,3,4,5,6,7,8,9,10,11,12,13,14,15,16,17,18,19,20,21,22,23,24,25,26,27,28,29,30,31,32,33,34,35,36,37,38,39,40,41,42,43,44,45,46,47,48,49,50,51,52,53,54,55,56,57,58,59,60,61,62,63,64,65,66,67,68,69,70,71,72,73,74,75,76,77,78,79,80,81,82,83,84,85,86,87,88,89,90,91,92,93,94,95,96,97,98,99]
CFO=-1104.7357849599991,STO=5
EsN0dB=18.30,GRXdB=10,N0=0.0002511886414140463
packet_number=456,correct=True,payload=[0,1,2,3,4,5,6,7,8,9,10,11,12,13,14,15,16,17,18,19,20,21,22,23,24,25,26,27,28,29,30,31,32,33,34,35,36,37,38,39,40,41,42,43,44,45,46,47,48,49,50,51,52,53,54,55,56,57,58,59,60,61,62,63,64,65,66,67,68,69,70,71,72,73,74,75,76,77,78,79,80,81,82,83,84,85,86,87,88,89,90,91,92,93,94,95,96,97,98,99]
CFO=-1020.3574540806273,STO=4
EsN0dB=18.21,GRXdB=10,N0=0.0002511886414140463
packet_number=457,correct=True,payload=[0,1,2,3,4,5,6,7,8,9,10,11,12,13,14,15,16,17,18,19,20,21,22,23,24,25,26,27,28,29,30,31,32,33,34,35,36,37,38,39,40,41,42,43,44,45,46,47,48,49,50,51,52,53,54,55,56,57,58,59,60,61,62,63,64,65,66,67,68,69,70,71,72,73,74,75,76,77,78,79,80,81,82,83,84,85,86,87,88,89,90,91,92,93,94,95,96,97,98,99]
CFO=-984.9692479215373,STO=5
EsN0dB=18.23,GRXdB=10,N0=0.0002511886414140463
packet_number=458,correct=True,payload=[0,1,2,3,4,5,6,7,8,9,10,11,12,13,14,15,16,17,18,19,20,21,22,23,24,25,26,27,28,29,30,31,32,33,34,35,36,37,38,39,40,41,42,43,44,45,46,47,48,49,50,51,52,53,54,55,56,57,58,59,60,61,62,63,64,65,66,67,68,69,70,71,72,73,74,75,76,77,78,79,80,81,82,83,84,85,86,87,88,89,90,91,92,93,94,95,96,97,98,99]
CFO=-1005.2621431165337,STO=5
EsN0dB=18.28,GRXdB=10,N0=0.0002511886414140463
packet_number=459,correct=True,payload=[0,1,2,3,4,5,6,7,8,9,10,11,12,13,14,15,16,17,18,19,20,21,22,23,24,25,26,27,28,29,30,31,32,33,34,35,36,37,38,39,40,41,42,43,44,45,46,47,48,49,50,51,52,53,54,55,56,57,58,59,60,61,62,63,64,65,66,67,68,69,70,71,72,73,74,75,76,77,78,79,80,81,82,83,84,85,86,87,88,89,90,91,92,93,94,95,96,97,98,99]
CFO=-1067.5703066606288,STO=5
EsN0dB=18.24,GRXdB=10,N0=0.0002511886414140463
packet_number=460,correct=True,payload=[0,1,2,3,4,5,6,7,8,9,10,11,12,13,14,15,16,17,18,19,20,21,22,23,24,25,26,27,28,29,30,31,32,33,34,35,36,37,38,39,40,41,42,43,44,45,46,47,48,49,50,51,52,53,54,55,56,57,58,59,60,61,62,63,64,65,66,67,68,69,70,71,72,73,74,75,76,77,78,79,80,81,82,83,84,85,86,87,88,89,90,91,92,93,94,95,96,97,98,99]
CFO=-1028.9637295941895,STO=5
EsN0dB=18.20,GRXdB=10,N0=0.0002511886414140463
packet_number=461,correct=True,payload=[0,1,2,3,4,5,6,7,8,9,10,11,12,13,14,15,16,17,18,19,20,21,22,23,24,25,26,27,28,29,30,31,32,33,34,35,36,37,38,39,40,41,42,43,44,45,46,47,48,49,50,51,52,53,54,55,56,57,58,59,60,61,62,63,64,65,66,67,68,69,70,71,72,73,74,75,76,77,78,79,80,81,82,83,84,85,86,87,88,89,90,91,92,93,94,95,96,97,98,99]
CFO=-1107.9460924495784,STO=3
EsN0dB=18.26,GRXdB=10,N0=0.0002511886414140463
packet_number=462,correct=True,payload=[0,1,2,3,4,5,6,7,8,9,10,11,12,13,14,15,16,17,18,19,20,21,22,23,24,25,26,27,28,29,30,31,32,33,34,35,36,37,38,39,40,41,42,43,44,45,46,47,48,49,50,51,52,53,54,55,56,57,58,59,60,61,62,63,64,65,66,67,68,69,70,71,72,73,74,75,76,77,78,79,80,81,82,83,84,85,86,87,88,89,90,91,92,93,94,95,96,97,98,99]
CFO=-1060.5982962015999,STO=4
EsN0dB=18.25,GRXdB=10,N0=0.0002511886414140463
packet_number=463,correct=True,payload=[0,1,2,3,4,5,6,7,8,9,10,11,12,13,14,15,16,17,18,19,20,21,22,23,24,25,26,27,28,29,30,31,32,33,34,35,36,37,38,39,40,41,42,43,44,45,46,47,48,49,50,51,52,53,54,55,56,57,58,59,60,61,62,63,64,65,66,67,68,69,70,71,72,73,74,75,76,77,78,79,80,81,82,83,84,85,86,87,88,89,90,91,92,93,94,95,96,97,98,99]
CFO=-1030.8472491215591,STO=4
EsN0dB=18.23,GRXdB=10,N0=0.0002511886414140463
packet_number=464,correct=True,payload=[0,1,2,3,4,5,6,7,8,9,10,11,12,13,14,15,16,17,18,19,20,21,22,23,24,25,26,27,28,29,30,31,32,33,34,35,36,37,38,39,40,41,42,43,44,45,46,47,48,49,50,51,52,53,54,55,56,57,58,59,60,61,62,63,64,65,66,67,68,69,70,71,72,73,74,75,76,77,78,79,80,81,82,83,84,85,86,87,88,89,90,91,92,93,94,95,96,97,98,99]
CFO=-1011.1039707113371,STO=5
EsN0dB=18.21,GRXdB=10,N0=0.0002511886414140463
packet_number=465,correct=True,payload=[0,1,2,3,4,5,6,7,8,9,10,11,12,13,14,15,16,17,18,19,20,21,22,23,24,25,26,27,28,29,30,31,32,33,34,35,36,37,38,39,40,41,42,43,44,45,46,47,48,49,50,51,52,53,54,55,56,57,58,59,60,61,62,63,64,65,66,67,68,69,70,71,72,73,74,75,76,77,78,79,80,81,82,83,84,85,86,87,88,89,90,91,92,93,94,95,96,97,98,99]
CFO=-1063.6652408664124,STO=4
EsN0dB=18.27,GRXdB=10,N0=0.0002511886414140463
packet_number=466,correct=True,payload=[0,1,2,3,4,5,6,7,8,9,10,11,12,13,14,15,16,17,18,19,20,21,22,23,24,25,26,27,28,29,30,31,32,33,34,35,36,37,38,39,40,41,42,43,44,45,46,47,48,49,50,51,52,53,54,55,56,57,58,59,60,61,62,63,64,65,66,67,68,69,70,71,72,73,74,75,76,77,78,79,80,81,82,83,84,85,86,87,88,89,90,91,92,93,94,95,96,97,98,99]
CFO=-1145.5938342794077,STO=5
EsN0dB=18.18,GRXdB=10,N0=0.0002511886414140463
packet_number=467,correct=True,payload=[0,1,2,3,4,5,6,7,8,9,10,11,12,13,14,15,16,17,18,19,20,21,22,23,24,25,26,27,28,29,30,31,32,33,34,35,36,37,38,39,40,41,42,43,44,45,46,47,48,49,50,51,52,53,54,55,56,57,58,59,60,61,62,63,64,65,66,67,68,69,70,71,72,73,74,75,76,77,78,79,80,81,82,83,84,85,86,87,88,89,90,91,92,93,94,95,96,97,98,99]
CFO=-1115.0732051210098,STO=5
EsN0dB=18.20,GRXdB=10,N0=0.0002511886414140463
packet_number=468,correct=True,payload=[0,1,2,3,4,5,6,7,8,9,10,11,12,13,14,15,16,17,18,19,20,21,22,23,24,25,26,27,28,29,30,31,32,33,34,35,36,37,38,39,40,41,42,43,44,45,46,47,48,49,50,51,52,53,54,55,56,57,58,59,60,61,62,63,64,65,66,67,68,69,70,71,72,73,74,75,76,77,78,79,80,81,82,83,84,85,86,87,88,89,90,91,92,93,94,95,96,97,98,99]
CFO=-1009.5910126623754,STO=4
EsN0dB=18.31,GRXdB=10,N0=0.0002511886414140463
packet_number=469,correct=True,payload=[0,1,2,3,4,5,6,7,8,9,10,11,12,13,14,15,16,17,18,19,20,21,22,23,24,25,26,27,28,29,30,31,32,33,34,35,36,37,38,39,40,41,42,43,44,45,46,47,48,49,50,51,52,53,54,55,56,57,58,59,60,61,62,63,64,65,66,67,68,69,70,71,72,73,74,75,76,77,78,79,80,81,82,83,84,85,86,87,88,89,90,91,92,93,94,95,96,97,98,99]
CFO=-1002.3784040466459,STO=4
EsN0dB=18.19,GRXdB=10,N0=0.0002511886414140463
packet_number=470,correct=True,payload=[0,1,2,3,4,5,6,7,8,9,10,11,12,13,14,15,16,17,18,19,20,21,22,23,24,25,26,27,28,29,30,31,32,33,34,35,36,37,38,39,40,41,42,43,44,45,46,47,48,49,50,51,52,53,54,55,56,57,58,59,60,61,62,63,64,65,66,67,68,69,70,71,72,73,74,75,76,77,78,79,80,81,82,83,84,85,86,87,88,89,90,91,92,93,94,95,96,97,98,99]
CFO=-1065.4423944270197,STO=4
EsN0dB=18.25,GRXdB=10,N0=0.0002511886414140463
packet_number=471,correct=True,payload=[0,1,2,3,4,5,6,7,8,9,10,11,12,13,14,15,16,17,18,19,20,21,22,23,24,25,26,27,28,29,30,31,32,33,34,35,36,37,38,39,40,41,42,43,44,45,46,47,48,49,50,51,52,53,54,55,56,57,58,59,60,61,62,63,64,65,66,67,68,69,70,71,72,73,74,75,76,77,78,79,80,81,82,83,84,85,86,87,88,89,90,91,92,93,94,95,96,97,98,99]
CFO=-1045.5338159525097,STO=3
EsN0dB=18.25,GRXdB=10,N0=0.0002511886414140463
packet_number=472,correct=True,payload=[0,1,2,3,4,5,6,7,8,9,10,11,12,13,14,15,16,17,18,19,20,21,22,23,24,25,26,27,28,29,30,31,32,33,34,35,36,37,38,39,40,41,42,43,44,45,46,47,48,49,50,51,52,53,54,55,56,57,58,59,60,61,62,63,64,65,66,67,68,69,70,71,72,73,74,75,76,77,78,79,80,81,82,83,84,85,86,87,88,89,90,91,92,93,94,95,96,97,98,99]
CFO=-1061.3510399663783,STO=4
EsN0dB=18.18,GRXdB=10,N0=0.0002511886414140463
packet_number=473,correct=True,payload=[0,1,2,3,4,5,6,7,8,9,10,11,12,13,14,15,16,17,18,19,20,21,22,23,24,25,26,27,28,29,30,31,32,33,34,35,36,37,38,39,40,41,42,43,44,45,46,47,48,49,50,51,52,53,54,55,56,57,58,59,60,61,62,63,64,65,66,67,68,69,70,71,72,73,74,75,76,77,78,79,80,81,82,83,84,85,86,87,88,89,90,91,92,93,94,95,96,97,98,99]
CFO=-1034.391358390888,STO=4
EsN0dB=18.28,GRXdB=10,N0=0.0002511886414140463
packet_number=474,correct=True,payload=[0,1,2,3,4,5,6,7,8,9,10,11,12,13,14,15,16,17,18,19,20,21,22,23,24,25,26,27,28,29,30,31,32,33,34,35,36,37,38,39,40,41,42,43,44,45,46,47,48,49,50,51,52,53,54,55,56,57,58,59,60,61,62,63,64,65,66,67,68,69,70,71,72,73,74,75,76,77,78,79,80,81,82,83,84,85,86,87,88,89,90,91,92,93,94,95,96,97,98,99]
CFO=-1120.345020227267,STO=5
EsN0dB=18.20,GRXdB=10,N0=0.0002511886414140463
packet_number=475,correct=True,payload=[0,1,2,3,4,5,6,7,8,9,10,11,12,13,14,15,16,17,18,19,20,21,22,23,24,25,26,27,28,29,30,31,32,33,34,35,36,37,38,39,40,41,42,43,44,45,46,47,48,49,50,51,52,53,54,55,56,57,58,59,60,61,62,63,64,65,66,67,68,69,70,71,72,73,74,75,76,77,78,79,80,81,82,83,84,85,86,87,88,89,90,91,92,93,94,95,96,97,98,99]
CFO=-1075.5728930584874,STO=4
EsN0dB=18.19,GRXdB=10,N0=0.0002511886414140463
packet_number=476,correct=True,payload=[0,1,2,3,4,5,6,7,8,9,10,11,12,13,14,15,16,17,18,19,20,21,22,23,24,25,26,27,28,29,30,31,32,33,34,35,36,37,38,39,40,41,42,43,44,45,46,47,48,49,50,51,52,53,54,55,56,57,58,59,60,61,62,63,64,65,66,67,68,69,70,71,72,73,74,75,76,77,78,79,80,81,82,83,84,85,86,87,88,89,90,91,92,93,94,95,96,97,98,99]
CFO=-961.3453904195923,STO=4
EsN0dB=18.17,GRXdB=10,N0=0.0002511886414140463
packet_number=477,correct=True,payload=[0,1,2,3,4,5,6,7,8,9,10,11,12,13,14,15,16,17,18,19,20,21,22,23,24,25,26,27,28,29,30,31,32,33,34,35,36,37,38,39,40,41,42,43,44,45,46,47,48,49,50,51,52,53,54,55,56,57,58,59,60,61,62,63,64,65,66,67,68,69,70,71,72,73,74,75,76,77,78,79,80,81,82,83,84,85,86,87,88,89,90,91,92,93,94,95,96,97,98,99]
CFO=-1022.6445002355238,STO=4
EsN0dB=18.17,GRXdB=10,N0=0.0002511886414140463
packet_number=478,correct=True,payload=[0,1,2,3,4,5,6,7,8,9,10,11,12,13,14,15,16,17,18,19,20,21,22,23,24,25,26,27,28,29,30,31,32,33,34,35,36,37,38,39,40,41,42,43,44,45,46,47,48,49,50,51,52,53,54,55,56,57,58,59,60,61,62,63,64,65,66,67,68,69,70,71,72,73,74,75,76,77,78,79,80,81,82,83,84,85,86,87,88,89,90,91,92,93,94,95,96,97,98,99]
CFO=-1007.175544721522,STO=4
EsN0dB=18.24,GRXdB=10,N0=0.0002511886414140463
packet_number=479,correct=True,payload=[0,1,2,3,4,5,6,7,8,9,10,11,12,13,14,15,16,17,18,19,20,21,22,23,24,25,26,27,28,29,30,31,32,33,34,35,36,37,38,39,40,41,42,43,44,45,46,47,48,49,50,51,52,53,54,55,56,57,58,59,60,61,62,63,64,65,66,67,68,69,70,71,72,73,74,75,76,77,78,79,80,81,82,83,84,85,86,87,88,89,90,91,92,93,94,95,96,97,98,99]
CFO=-1065.5208941706057,STO=3
EsN0dB=18.27,GRXdB=10,N0=0.0002511886414140463
packet_number=480,correct=True,payload=[0,1,2,3,4,5,6,7,8,9,10,11,12,13,14,15,16,17,18,19,20,21,22,23,24,25,26,27,28,29,30,31,32,33,34,35,36,37,38,39,40,41,42,43,44,45,46,47,48,49,50,51,52,53,54,55,56,57,58,59,60,61,62,63,64,65,66,67,68,69,70,71,72,73,74,75,76,77,78,79,80,81,82,83,84,85,86,87,88,89,90,91,92,93,94,95,96,97,98,99]
CFO=-994.2007940513057,STO=5
EsN0dB=18.24,GRXdB=10,N0=0.0002511886414140463
packet_number=481,correct=True,payload=[0,1,2,3,4,5,6,7,8,9,10,11,12,13,14,15,16,17,18,19,20,21,22,23,24,25,26,27,28,29,30,31,32,33,34,35,36,37,38,39,40,41,42,43,44,45,46,47,48,49,50,51,52,53,54,55,56,57,58,59,60,61,62,63,64,65,66,67,68,69,70,71,72,73,74,75,76,77,78,79,80,81,82,83,84,85,86,87,88,89,90,91,92,93,94,95,96,97,98,99]
CFO=-942.9394535624849,STO=4
EsN0dB=18.23,GRXdB=10,N0=0.0002511886414140463
packet_number=482,correct=True,payload=[0,1,2,3,4,5,6,7,8,9,10,11,12,13,14,15,16,17,18,19,20,21,22,23,24,25,26,27,28,29,30,31,32,33,34,35,36,37,38,39,40,41,42,43,44,45,46,47,48,49,50,51,52,53,54,55,56,57,58,59,60,61,62,63,64,65,66,67,68,69,70,71,72,73,74,75,76,77,78,79,80,81,82,83,84,85,86,87,88,89,90,91,92,93,94,95,96,97,98,99]
CFO=-1116.5414586332163,STO=4
EsN0dB=18.24,GRXdB=10,N0=0.0002511886414140463
packet_number=483,correct=True,payload=[0,1,2,3,4,5,6,7,8,9,10,11,12,13,14,15,16,17,18,19,20,21,22,23,24,25,26,27,28,29,30,31,32,33,34,35,36,37,38,39,40,41,42,43,44,45,46,47,48,49,50,51,52,53,54,55,56,57,58,59,60,61,62,63,64,65,66,67,68,69,70,71,72,73,74,75,76,77,78,79,80,81,82,83,84,85,86,87,88,89,90,91,92,93,94,95,96,97,98,99]
CFO=-1100.7530494799087,STO=4
EsN0dB=18.34,GRXdB=10,N0=0.0002511886414140463
packet_number=484,correct=True,payload=[0,1,2,3,4,5,6,7,8,9,10,11,12,13,14,15,16,17,18,19,20,21,22,23,24,25,26,27,28,29,30,31,32,33,34,35,36,37,38,39,40,41,42,43,44,45,46,47,48,49,50,51,52,53,54,55,56,57,58,59,60,61,62,63,64,65,66,67,68,69,70,71,72,73,74,75,76,77,78,79,80,81,82,83,84,85,86,87,88,89,90,91,92,93,94,95,96,97,98,99]
CFO=-1037.3234779673967,STO=4
EsN0dB=18.22,GRXdB=10,N0=0.0002511886414140463
packet_number=485,correct=True,payload=[0,1,2,3,4,5,6,7,8,9,10,11,12,13,14,15,16,17,18,19,20,21,22,23,24,25,26,27,28,29,30,31,32,33,34,35,36,37,38,39,40,41,42,43,44,45,46,47,48,49,50,51,52,53,54,55,56,57,58,59,60,61,62,63,64,65,66,67,68,69,70,71,72,73,74,75,76,77,78,79,80,81,82,83,84,85,86,87,88,89,90,91,92,93,94,95,96,97,98,99]
CFO=-1094.8119706987284,STO=4
EsN0dB=18.18,GRXdB=10,N0=0.0002511886414140463
packet_number=486,correct=True,payload=[0,1,2,3,4,5,6,7,8,9,10,11,12,13,14,15,16,17,18,19,20,21,22,23,24,25,26,27,28,29,30,31,32,33,34,35,36,37,38,39,40,41,42,43,44,45,46,47,48,49,50,51,52,53,54,55,56,57,58,59,60,61,62,63,64,65,66,67,68,69,70,71,72,73,74,75,76,77,78,79,80,81,82,83,84,85,86,87,88,89,90,91,92,93,94,95,96,97,98,99]
CFO=-1063.7210918924382,STO=1
EsN0dB=18.20,GRXdB=10,N0=0.0002511886414140463
packet_number=487,correct=True,payload=[0,1,2,3,4,5,6,7,8,9,10,11,12,13,14,15,16,17,18,19,20,21,22,23,24,25,26,27,28,29,30,31,32,33,34,35,36,37,38,39,40,41,42,43,44,45,46,47,48,49,50,51,52,53,54,55,56,57,58,59,60,61,62,63,64,65,66,67,68,69,70,71,72,73,74,75,76,77,78,79,80,81,82,83,84,85,86,87,88,89,90,91,92,93,94,95,96,97,98,99]
CFO=-1123.3580111408235,STO=4
EsN0dB=18.20,GRXdB=10,N0=0.0002511886414140463
packet_number=488,correct=True,payload=[0,1,2,3,4,5,6,7,8,9,10,11,12,13,14,15,16,17,18,19,20,21,22,23,24,25,26,27,28,29,30,31,32,33,34,35,36,37,38,39,40,41,42,43,44,45,46,47,48,49,50,51,52,53,54,55,56,57,58,59,60,61,62,63,64,65,66,67,68,69,70,71,72,73,74,75,76,77,78,79,80,81,82,83,84,85,86,87,88,89,90,91,92,93,94,95,96,97,98,99]
CFO=-1046.6891377074305,STO=5
EsN0dB=18.21,GRXdB=10,N0=0.0002511886414140463
packet_number=489,correct=True,payload=[0,1,2,3,4,5,6,7,8,9,10,11,12,13,14,15,16,17,18,19,20,21,22,23,24,25,26,27,28,29,30,31,32,33,34,35,36,37,38,39,40,41,42,43,44,45,46,47,48,49,50,51,52,53,54,55,56,57,58,59,60,61,62,63,64,65,66,67,68,69,70,71,72,73,74,75,76,77,78,79,80,81,82,83,84,85,86,87,88,89,90,91,92,93,94,95,96,97,98,99]
CFO=-1127.1707033697023,STO=5
EsN0dB=18.28,GRXdB=10,N0=0.0002511886414140463
packet_number=490,correct=True,payload=[0,1,2,3,4,5,6,7,8,9,10,11,12,13,14,15,16,17,18,19,20,21,22,23,24,25,26,27,28,29,30,31,32,33,34,35,36,37,38,39,40,41,42,43,44,45,46,47,48,49,50,51,52,53,54,55,56,57,58,59,60,61,62,63,64,65,66,67,68,69,70,71,72,73,74,75,76,77,78,79,80,81,82,83,84,85,86,87,88,89,90,91,92,93,94,95,96,97,98,99]
CFO=-971.6945499682387,STO=5
EsN0dB=18.22,GRXdB=10,N0=0.0002511886414140463
packet_number=491,correct=True,payload=[0,1,2,3,4,5,6,7,8,9,10,11,12,13,14,15,16,17,18,19,20,21,22,23,24,25,26,27,28,29,30,31,32,33,34,35,36,37,38,39,40,41,42,43,44,45,46,47,48,49,50,51,52,53,54,55,56,57,58,59,60,61,62,63,64,65,66,67,68,69,70,71,72,73,74,75,76,77,78,79,80,81,82,83,84,85,86,87,88,89,90,91,92,93,94,95,96,97,98,99]
CFO=-1022.8041084755035,STO=4
EsN0dB=18.26,GRXdB=10,N0=0.0002511886414140463
packet_number=492,correct=True,payload=[0,1,2,3,4,5,6,7,8,9,10,11,12,13,14,15,16,17,18,19,20,21,22,23,24,25,26,27,28,29,30,31,32,33,34,35,36,37,38,39,40,41,42,43,44,45,46,47,48,49,50,51,52,53,54,55,56,57,58,59,60,61,62,63,64,65,66,67,68,69,70,71,72,73,74,75,76,77,78,79,80,81,82,83,84,85,86,87,88,89,90,91,92,93,94,95,96,97,98,99]
CFO=-1089.0517259190112,STO=4
EsN0dB=18.22,GRXdB=10,N0=0.0002511886414140463
packet_number=493,correct=True,payload=[0,1,2,3,4,5,6,7,8,9,10,11,12,13,14,15,16,17,18,19,20,21,22,23,24,25,26,27,28,29,30,31,32,33,34,35,36,37,38,39,40,41,42,43,44,45,46,47,48,49,50,51,52,53,54,55,56,57,58,59,60,61,62,63,64,65,66,67,68,69,70,71,72,73,74,75,76,77,78,79,80,81,82,83,84,85,86,87,88,89,90,91,92,93,94,95,96,97,98,99]
CFO=-1006.8321379882519,STO=4
EsN0dB=18.18,GRXdB=10,N0=0.0002511886414140463
packet_number=494,correct=True,payload=[0,1,2,3,4,5,6,7,8,9,10,11,12,13,14,15,16,17,18,19,20,21,22,23,24,25,26,27,28,29,30,31,32,33,34,35,36,37,38,39,40,41,42,43,44,45,46,47,48,49,50,51,52,53,54,55,56,57,58,59,60,61,62,63,64,65,66,67,68,69,70,71,72,73,74,75,76,77,78,79,80,81,82,83,84,85,86,87,88,89,90,91,92,93,94,95,96,97,98,99]
CFO=-1070.1369636846728,STO=5
EsN0dB=18.24,GRXdB=10,N0=0.0002511886414140463
packet_number=495,correct=True,payload=[0,1,2,3,4,5,6,7,8,9,10,11,12,13,14,15,16,17,18,19,20,21,22,23,24,25,26,27,28,29,30,31,32,33,34,35,36,37,38,39,40,41,42,43,44,45,46,47,48,49,50,51,52,53,54,55,56,57,58,59,60,61,62,63,64,65,66,67,68,69,70,71,72,73,74,75,76,77,78,79,80,81,82,83,84,85,86,87,88,89,90,91,92,93,94,95,96,97,98,99]
CFO=-1042.1518050962957,STO=4
EsN0dB=18.25,GRXdB=10,N0=0.0002511886414140463
packet_number=496,correct=True,payload=[0,1,2,3,4,5,6,7,8,9,10,11,12,13,14,15,16,17,18,19,20,21,22,23,24,25,26,27,28,29,30,31,32,33,34,35,36,37,38,39,40,41,42,43,44,45,46,47,48,49,50,51,52,53,54,55,56,57,58,59,60,61,62,63,64,65,66,67,68,69,70,71,72,73,74,75,76,77,78,79,80,81,82,83,84,85,86,87,88,89,90,91,92,93,94,95,96,97,98,99]
CFO=-990.553935495244,STO=0
EsN0dB=18.22,GRXdB=10,N0=0.0002511886414140463
packet_number=497,correct=True,payload=[0,1,2,3,4,5,6,7,8,9,10,11,12,13,14,15,16,17,18,19,20,21,22,23,24,25,26,27,28,29,30,31,32,33,34,35,36,37,38,39,40,41,42,43,44,45,46,47,48,49,50,51,52,53,54,55,56,57,58,59,60,61,62,63,64,65,66,67,68,69,70,71,72,73,74,75,76,77,78,79,80,81,82,83,84,85,86,87,88,89,90,91,92,93,94,95,96,97,98,99]
CFO=-1083.5151224027427,STO=4
EsN0dB=18.27,GRXdB=10,N0=0.0002511886414140463
packet_number=498,correct=True,payload=[0,1,2,3,4,5,6,7,8,9,10,11,12,13,14,15,16,17,18,19,20,21,22,23,24,25,26,27,28,29,30,31,32,33,34,35,36,37,38,39,40,41,42,43,44,45,46,47,48,49,50,51,52,53,54,55,56,57,58,59,60,61,62,63,64,65,66,67,68,69,70,71,72,73,74,75,76,77,78,79,80,81,82,83,84,85,86,87,88,89,90,91,92,93,94,95,96,97,98,99]
CFO=-1067.6061177219021,STO=5
EsN0dB=18.27,GRXdB=10,N0=0.0002511886414140463
packet_number=499,correct=True,payload=[0,1,2,3,4,5,6,7,8,9,10,11,12,13,14,15,16,17,18,19,20,21,22,23,24,25,26,27,28,29,30,31,32,33,34,35,36,37,38,39,40,41,42,43,44,45,46,47,48,49,50,51,52,53,54,55,56,57,58,59,60,61,62,63,64,65,66,67,68,69,70,71,72,73,74,75,76,77,78,79,80,81,82,83,84,85,86,87,88,89,90,91,92,93,94,95,96,97,98,99]
CFO=-1050.977215845729,STO=4
EsN0dB=18.25,GRXdB=10,N0=0.0002511886414140463
packet_number=500,correct=True,payload=[0,1,2,3,4,5,6,7,8,9,10,11,12,13,14,15,16,17,18,19,20,21,22,23,24,25,26,27,28,29,30,31,32,33,34,35,36,37,38,39,40,41,42,43,44,45,46,47,48,49,50,51,52,53,54,55,56,57,58,59,60,61,62,63,64,65,66,67,68,69,70,71,72,73,74,75,76,77,78,79,80,81,82,83,84,85,86,87,88,89,90,91,92,93,94,95,96,97,98,99]
CFO=-1015.4021281218485,STO=5
EsN0dB=17.24,GRXdB=10,N0=0.0003162277571391314
packet_number=501,correct=True,payload=[0,1,2,3,4,5,6,7,8,9,10,11,12,13,14,15,16,17,18,19,20,21,22,23,24,25,26,27,28,29,30,31,32,33,34,35,36,37,38,39,40,41,42,43,44,45,46,47,48,49,50,51,52,53,54,55,56,57,58,59,60,61,62,63,64,65,66,67,68,69,70,71,72,73,74,75,76,77,78,79,80,81,82,83,84,85,86,87,88,89,90,91,92,93,94,95,96,97,98,99]
CFO=-1001.1531202846018,STO=5
EsN0dB=17.23,GRXdB=10,N0=0.0003162277571391314
packet_number=502,correct=True,payload=[0,1,2,3,4,5,6,7,8,9,10,11,12,13,14,15,16,17,18,19,20,21,22,23,24,25,26,27,28,29,30,31,32,33,34,35,36,37,38,39,40,41,42,43,44,45,46,47,48,49,50,51,52,53,54,55,56,57,58,59,60,61,62,63,64,65,66,67,68,69,70,71,72,73,74,75,76,77,78,79,80,81,82,83,84,85,86,87,88,89,90,91,92,93,94,95,96,97,98,99]
CFO=-1047.4831471984444,STO=4
EsN0dB=17.28,GRXdB=10,N0=0.0003162277571391314
packet_number=503,correct=True,payload=[0,1,2,3,4,5,6,7,8,9,10,11,12,13,14,15,16,17,18,19,20,21,22,23,24,25,26,27,28,29,30,31,32,33,34,35,36,37,38,39,40,41,42,43,44,45,46,47,48,49,50,51,52,53,54,55,56,57,58,59,60,61,62,63,64,65,66,67,68,69,70,71,72,73,74,75,76,77,78,79,80,81,82,83,84,85,86,87,88,89,90,91,92,93,94,95,96,97,98,99]
CFO=-998.3910439593047,STO=2
EsN0dB=17.21,GRXdB=10,N0=0.0003162277571391314
packet_number=504,correct=True,payload=[0,1,2,3,4,5,6,7,8,9,10,11,12,13,14,15,16,17,18,19,20,21,22,23,24,25,26,27,28,29,30,31,32,33,34,35,36,37,38,39,40,41,42,43,44,45,46,47,48,49,50,51,52,53,54,55,56,57,58,59,60,61,62,63,64,65,66,67,68,69,70,71,72,73,74,75,76,77,78,79,80,81,82,83,84,85,86,87,88,89,90,91,92,93,94,95,96,97,98,99]
CFO=-1010.3289339680176,STO=4
EsN0dB=17.28,GRXdB=10,N0=0.0003162277571391314
packet_number=505,correct=True,payload=[0,1,2,3,4,5,6,7,8,9,10,11,12,13,14,15,16,17,18,19,20,21,22,23,24,25,26,27,28,29,30,31,32,33,34,35,36,37,38,39,40,41,42,43,44,45,46,47,48,49,50,51,52,53,54,55,56,57,58,59,60,61,62,63,64,65,66,67,68,69,70,71,72,73,74,75,76,77,78,79,80,81,82,83,84,85,86,87,88,89,90,91,92,93,94,95,96,97,98,99]
CFO=-1151.4999320570262,STO=4
EsN0dB=17.25,GRXdB=10,N0=0.0003162277571391314
packet_number=506,correct=True,payload=[0,1,2,3,4,5,6,7,8,9,10,11,12,13,14,15,16,17,18,19,20,21,22,23,24,25,26,27,28,29,30,31,32,33,34,35,36,37,38,39,40,41,42,43,44,45,46,47,48,49,50,51,52,53,54,55,56,57,58,59,60,61,62,63,64,65,66,67,68,69,70,71,72,73,74,75,76,77,78,79,80,81,82,83,84,85,86,87,88,89,90,91,92,93,94,95,96,97,98,99]
CFO=-998.4958683903167,STO=5
EsN0dB=17.29,GRXdB=10,N0=0.0003162277571391314
packet_number=507,correct=True,payload=[0,1,2,3,4,5,6,7,8,9,10,11,12,13,14,15,16,17,18,19,20,21,22,23,24,25,26,27,28,29,30,31,32,33,34,35,36,37,38,39,40,41,42,43,44,45,46,47,48,49,50,51,52,53,54,55,56,57,58,59,60,61,62,63,64,65,66,67,68,69,70,71,72,73,74,75,76,77,78,79,80,81,82,83,84,85,86,87,88,89,90,91,92,93,94,95,96,97,98,99]
CFO=-1043.2734502240587,STO=4
EsN0dB=17.25,GRXdB=10,N0=0.0003162277571391314
packet_number=508,correct=True,payload=[0,1,2,3,4,5,6,7,8,9,10,11,12,13,14,15,16,17,18,19,20,21,22,23,24,25,26,27,28,29,30,31,32,33,34,35,36,37,38,39,40,41,42,43,44,45,46,47,48,49,50,51,52,53,54,55,56,57,58,59,60,61,62,63,64,65,66,67,68,69,70,71,72,73,74,75,76,77,78,79,80,81,82,83,84,85,86,87,88,89,90,91,92,93,94,95,96,97,98,99]
CFO=-983.9758467102216,STO=5
EsN0dB=17.18,GRXdB=10,N0=0.0003162277571391314
packet_number=509,correct=True,payload=[0,1,2,3,4,5,6,7,8,9,10,11,12,13,14,15,16,17,18,19,20,21,22,23,24,25,26,27,28,29,30,31,32,33,34,35,36,37,38,39,40,41,42,43,44,45,46,47,48,49,50,51,52,53,54,55,56,57,58,59,60,61,62,63,64,65,66,67,68,69,70,71,72,73,74,75,76,77,78,79,80,81,82,83,84,85,86,87,88,89,90,91,92,93,94,95,96,97,98,99]
CFO=-1092.573305050453,STO=5
EsN0dB=17.27,GRXdB=10,N0=0.0003162277571391314
packet_number=510,correct=True,payload=[0,1,2,3,4,5,6,7,8,9,10,11,12,13,14,15,16,17,18,19,20,21,22,23,24,25,26,27,28,29,30,31,32,33,34,35,36,37,38,39,40,41,42,43,44,45,46,47,48,49,50,51,52,53,54,55,56,57,58,59,60,61,62,63,64,65,66,67,68,69,70,71,72,73,74,75,76,77,78,79,80,81,82,83,84,85,86,87,88,89,90,91,92,93,94,95,96,97,98,99]
CFO=-1092.3325883140792,STO=5
EsN0dB=17.27,GRXdB=10,N0=0.0003162277571391314
packet_number=511,correct=True,payload=[0,1,2,3,4,5,6,7,8,9,10,11,12,13,14,15,16,17,18,19,20,21,22,23,24,25,26,27,28,29,30,31,32,33,34,35,36,37,38,39,40,41,42,43,44,45,46,47,48,49,50,51,52,53,54,55,56,57,58,59,60,61,62,63,64,65,66,67,68,69,70,71,72,73,74,75,76,77,78,79,80,81,82,83,84,85,86,87,88,89,90,91,92,93,94,95,96,97,98,99]
CFO=-1111.6443552939247,STO=4
EsN0dB=17.24,GRXdB=10,N0=0.0003162277571391314
packet_number=512,correct=True,payload=[0,1,2,3,4,5,6,7,8,9,10,11,12,13,14,15,16,17,18,19,20,21,22,23,24,25,26,27,28,29,30,31,32,33,34,35,36,37,38,39,40,41,42,43,44,45,46,47,48,49,50,51,52,53,54,55,56,57,58,59,60,61,62,63,64,65,66,67,68,69,70,71,72,73,74,75,76,77,78,79,80,81,82,83,84,85,86,87,88,89,90,91,92,93,94,95,96,97,98,99]
CFO=-1143.0969021031412,STO=4
EsN0dB=17.24,GRXdB=10,N0=0.0003162277571391314
packet_number=513,correct=True,payload=[0,1,2,3,4,5,6,7,8,9,10,11,12,13,14,15,16,17,18,19,20,21,22,23,24,25,26,27,28,29,30,31,32,33,34,35,36,37,38,39,40,41,42,43,44,45,46,47,48,49,50,51,52,53,54,55,56,57,58,59,60,61,62,63,64,65,66,67,68,69,70,71,72,73,74,75,76,77,78,79,80,81,82,83,84,85,86,87,88,89,90,91,92,93,94,95,96,97,98,99]
CFO=-1046.2716186784787,STO=1
EsN0dB=17.27,GRXdB=10,N0=0.0003162277571391314
packet_number=514,correct=True,payload=[0,1,2,3,4,5,6,7,8,9,10,11,12,13,14,15,16,17,18,19,20,21,22,23,24,25,26,27,28,29,30,31,32,33,34,35,36,37,38,39,40,41,42,43,44,45,46,47,48,49,50,51,52,53,54,55,56,57,58,59,60,61,62,63,64,65,66,67,68,69,70,71,72,73,74,75,76,77,78,79,80,81,82,83,84,85,86,87,88,89,90,91,92,93,94,95,96,97,98,99]
CFO=-1128.555239632707,STO=5
EsN0dB=17.25,GRXdB=10,N0=0.0003162277571391314
packet_number=515,correct=True,payload=[0,1,2,3,4,5,6,7,8,9,10,11,12,13,14,15,16,17,18,19,20,21,22,23,24,25,26,27,28,29,30,31,32,33,34,35,36,37,38,39,40,41,42,43,44,45,46,47,48,49,50,51,52,53,54,55,56,57,58,59,60,61,62,63,64,65,66,67,68,69,70,71,72,73,74,75,76,77,78,79,80,81,82,83,84,85,86,87,88,89,90,91,92,93,94,95,96,97,98,99]
CFO=-1027.7344141232604,STO=5
EsN0dB=17.24,GRXdB=10,N0=0.0003162277571391314
packet_number=516,correct=True,payload=[0,1,2,3,4,5,6,7,8,9,10,11,12,13,14,15,16,17,18,19,20,21,22,23,24,25,26,27,28,29,30,31,32,33,34,35,36,37,38,39,40,41,42,43,44,45,46,47,48,49,50,51,52,53,54,55,56,57,58,59,60,61,62,63,64,65,66,67,68,69,70,71,72,73,74,75,76,77,78,79,80,81,82,83,84,85,86,87,88,89,90,91,92,93,94,95,96,97,98,99]
CFO=-1107.6458487173131,STO=4
EsN0dB=17.22,GRXdB=10,N0=0.0003162277571391314
packet_number=517,correct=True,payload=[0,1,2,3,4,5,6,7,8,9,10,11,12,13,14,15,16,17,18,19,20,21,22,23,24,25,26,27,28,29,30,31,32,33,34,35,36,37,38,39,40,41,42,43,44,45,46,47,48,49,50,51,52,53,54,55,56,57,58,59,60,61,62,63,64,65,66,67,68,69,70,71,72,73,74,75,76,77,78,79,80,81,82,83,84,85,86,87,88,89,90,91,92,93,94,95,96,97,98,99]
CFO=-1075.0651348983138,STO=4
EsN0dB=17.23,GRXdB=10,N0=0.0003162277571391314
packet_number=518,correct=True,payload=[0,1,2,3,4,5,6,7,8,9,10,11,12,13,14,15,16,17,18,19,20,21,22,23,24,25,26,27,28,29,30,31,32,33,34,35,36,37,38,39,40,41,42,43,44,45,46,47,48,49,50,51,52,53,54,55,56,57,58,59,60,61,62,63,64,65,66,67,68,69,70,71,72,73,74,75,76,77,78,79,80,81,82,83,84,85,86,87,88,89,90,91,92,93,94,95,96,97,98,99]
CFO=-995.1424352353174,STO=4
EsN0dB=17.20,GRXdB=10,N0=0.0003162277571391314
packet_number=519,correct=True,payload=[0,1,2,3,4,5,6,7,8,9,10,11,12,13,14,15,16,17,18,19,20,21,22,23,24,25,26,27,28,29,30,31,32,33,34,35,36,37,38,39,40,41,42,43,44,45,46,47,48,49,50,51,52,53,54,55,56,57,58,59,60,61,62,63,64,65,66,67,68,69,70,71,72,73,74,75,76,77,78,79,80,81,82,83,84,85,86,87,88,89,90,91,92,93,94,95,96,97,98,99]
CFO=-1101.9348145019285,STO=4
EsN0dB=17.24,GRXdB=10,N0=0.0003162277571391314
packet_number=520,correct=True,payload=[0,1,2,3,4,5,6,7,8,9,10,11,12,13,14,15,16,17,18,19,20,21,22,23,24,25,26,27,28,29,30,31,32,33,34,35,36,37,38,39,40,41,42,43,44,45,46,47,48,49,50,51,52,53,54,55,56,57,58,59,60,61,62,63,64,65,66,67,68,69,70,71,72,73,74,75,76,77,78,79,80,81,82,83,84,85,86,87,88,89,90,91,92,93,94,95,96,97,98,99]
CFO=-1146.2654695477925,STO=4
EsN0dB=17.22,GRXdB=10,N0=0.0003162277571391314
packet_number=521,correct=True,payload=[0,1,2,3,4,5,6,7,8,9,10,11,12,13,14,15,16,17,18,19,20,21,22,23,24,25,26,27,28,29,30,31,32,33,34,35,36,37,38,39,40,41,42,43,44,45,46,47,48,49,50,51,52,53,54,55,56,57,58,59,60,61,62,63,64,65,66,67,68,69,70,71,72,73,74,75,76,77,78,79,80,81,82,83,84,85,86,87,88,89,90,91,92,93,94,95,96,97,98,99]
CFO=-1023.8065810318107,STO=4
EsN0dB=17.29,GRXdB=10,N0=0.0003162277571391314
packet_number=522,correct=True,payload=[0,1,2,3,4,5,6,7,8,9,10,11,12,13,14,15,16,17,18,19,20,21,22,23,24,25,26,27,28,29,30,31,32,33,34,35,36,37,38,39,40,41,42,43,44,45,46,47,48,49,50,51,52,53,54,55,56,57,58,59,60,61,62,63,64,65,66,67,68,69,70,71,72,73,74,75,76,77,78,79,80,81,82,83,84,85,86,87,88,89,90,91,92,93,94,95,96,97,98,99]
CFO=-928.3923957169253,STO=4
EsN0dB=17.27,GRXdB=10,N0=0.0003162277571391314
packet_number=523,correct=True,payload=[0,1,2,3,4,5,6,7,8,9,10,11,12,13,14,15,16,17,18,19,20,21,22,23,24,25,26,27,28,29,30,31,32,33,34,35,36,37,38,39,40,41,42,43,44,45,46,47,48,49,50,51,52,53,54,55,56,57,58,59,60,61,62,63,64,65,66,67,68,69,70,71,72,73,74,75,76,77,78,79,80,81,82,83,84,85,86,87,88,89,90,91,92,93,94,95,96,97,98,99]
CFO=-996.7244066540177,STO=4
EsN0dB=17.20,GRXdB=10,N0=0.0003162277571391314
packet_number=524,correct=True,payload=[0,1,2,3,4,5,6,7,8,9,10,11,12,13,14,15,16,17,18,19,20,21,22,23,24,25,26,27,28,29,30,31,32,33,34,35,36,37,38,39,40,41,42,43,44,45,46,47,48,49,50,51,52,53,54,55,56,57,58,59,60,61,62,63,64,65,66,67,68,69,70,71,72,73,74,75,76,77,78,79,80,81,82,83,84,85,86,87,88,89,90,91,92,93,94,95,96,97,98,99]
CFO=-948.8121118722919,STO=4
EsN0dB=17.24,GRXdB=10,N0=0.0003162277571391314
packet_number=525,correct=True,payload=[0,1,2,3,4,5,6,7,8,9,10,11,12,13,14,15,16,17,18,19,20,21,22,23,24,25,26,27,28,29,30,31,32,33,34,35,36,37,38,39,40,41,42,43,44,45,46,47,48,49,50,51,52,53,54,55,56,57,58,59,60,61,62,63,64,65,66,67,68,69,70,71,72,73,74,75,76,77,78,79,80,81,82,83,84,85,86,87,88,89,90,91,92,93,94,95,96,97,98,99]
CFO=-1042.9020586879392,STO=4
EsN0dB=17.29,GRXdB=10,N0=0.0003162277571391314
packet_number=526,correct=True,payload=[0,1,2,3,4,5,6,7,8,9,10,11,12,13,14,15,16,17,18,19,20,21,22,23,24,25,26,27,28,29,30,31,32,33,34,35,36,37,38,39,40,41,42,43,44,45,46,47,48,49,50,51,52,53,54,55,56,57,58,59,60,61,62,63,64,65,66,67,68,69,70,71,72,73,74,75,76,77,78,79,80,81,82,83,84,85,86,87,88,89,90,91,92,93,94,95,96,97,98,99]
CFO=-1116.0706973310469,STO=4
EsN0dB=17.26,GRXdB=10,N0=0.0003162277571391314
packet_number=527,correct=True,payload=[0,1,2,3,4,5,6,7,8,9,10,11,12,13,14,15,16,17,18,19,20,21,22,23,24,25,26,27,28,29,30,31,32,33,34,35,36,37,38,39,40,41,42,43,44,45,46,47,48,49,50,51,52,53,54,55,56,57,58,59,60,61,62,63,64,65,66,67,68,69,70,71,72,73,74,75,76,77,78,79,80,81,82,83,84,85,86,87,88,89,90,91,92,93,94,95,96,97,98,99]
CFO=-1053.7295686378327,STO=4
EsN0dB=17.27,GRXdB=10,N0=0.0003162277571391314
packet_number=528,correct=True,payload=[0,1,2,3,4,5,6,7,8,9,10,11,12,13,14,15,16,17,18,19,20,21,22,23,24,25,26,27,28,29,30,31,32,33,34,35,36,37,38,39,40,41,42,43,44,45,46,47,48,49,50,51,52,53,54,55,56,57,58,59,60,61,62,63,64,65,66,67,68,69,70,71,72,73,74,75,76,77,78,79,80,81,82,83,84,85,86,87,88,89,90,91,92,93,94,95,96,97,98,99]
CFO=-1149.2141902785338,STO=4
EsN0dB=17.21,GRXdB=10,N0=0.0003162277571391314
packet_number=529,correct=True,payload=[0,1,2,3,4,5,6,7,8,9,10,11,12,13,14,15,16,17,18,19,20,21,22,23,24,25,26,27,28,29,30,31,32,33,34,35,36,37,38,39,40,41,42,43,44,45,46,47,48,49,50,51,52,53,54,55,56,57,58,59,60,61,62,63,64,65,66,67,68,69,70,71,72,73,74,75,76,77,78,79,80,81,82,83,84,85,86,87,88,89,90,91,92,93,94,95,96,97,98,99]
CFO=-1098.1825979063258,STO=5
EsN0dB=17.19,GRXdB=10,N0=0.0003162277571391314
packet_number=530,correct=True,payload=[0,1,2,3,4,5,6,7,8,9,10,11,12,13,14,15,16,17,18,19,20,21,22,23,24,25,26,27,28,29,30,31,32,33,34,35,36,37,38,39,40,41,42,43,44,45,46,47,48,49,50,51,52,53,54,55,56,57,58,59,60,61,62,63,64,65,66,67,68,69,70,71,72,73,74,75,76,77,78,79,80,81,82,83,84,85,86,87,88,89,90,91,92,93,94,95,96,97,98,99]
CFO=-1012.6894995202301,STO=4
EsN0dB=17.24,GRXdB=10,N0=0.0003162277571391314
packet_number=531,correct=True,payload=[0,1,2,3,4,5,6,7,8,9,10,11,12,13,14,15,16,17,18,19,20,21,22,23,24,25,26,27,28,29,30,31,32,33,34,35,36,37,38,39,40,41,42,43,44,45,46,47,48,49,50,51,52,53,54,55,56,57,58,59,60,61,62,63,64,65,66,67,68,69,70,71,72,73,74,75,76,77,78,79,80,81,82,83,84,85,86,87,88,89,90,91,92,93,94,95,96,97,98,99]
CFO=-1033.4373849208748,STO=4
EsN0dB=17.26,GRXdB=10,N0=0.0003162277571391314
packet_number=532,correct=True,payload=[0,1,2,3,4,5,6,7,8,9,10,11,12,13,14,15,16,17,18,19,20,21,22,23,24,25,26,27,28,29,30,31,32,33,34,35,36,37,38,39,40,41,42,43,44,45,46,47,48,49,50,51,52,53,54,55,56,57,58,59,60,61,62,63,64,65,66,67,68,69,70,71,72,73,74,75,76,77,78,79,80,81,82,83,84,85,86,87,88,89,90,91,92,93,94,95,96,97,98,99]
CFO=-1100.579330258831,STO=4
EsN0dB=17.25,GRXdB=10,N0=0.0003162277571391314
packet_number=533,correct=True,payload=[0,1,2,3,4,5,6,7,8,9,10,11,12,13,14,15,16,17,18,19,20,21,22,23,24,25,26,27,28,29,30,31,32,33,34,35,36,37,38,39,40,41,42,43,44,45,46,47,48,49,50,51,52,53,54,55,56,57,58,59,60,61,62,63,64,65,66,67,68,69,70,71,72,73,74,75,76,77,78,79,80,81,82,83,84,85,86,87,88,89,90,91,92,93,94,95,96,97,98,99]
CFO=-1026.0040995335237,STO=4
EsN0dB=17.20,GRXdB=10,N0=0.0003162277571391314
packet_number=534,correct=True,payload=[0,1,2,3,4,5,6,7,8,9,10,11,12,13,14,15,16,17,18,19,20,21,22,23,24,25,26,27,28,29,30,31,32,33,34,35,36,37,38,39,40,41,42,43,44,45,46,47,48,49,50,51,52,53,54,55,56,57,58,59,60,61,62,63,64,65,66,67,68,69,70,71,72,73,74,75,76,77,78,79,80,81,82,83,84,85,86,87,88,89,90,91,92,93,94,95,96,97,98,99]
CFO=-1016.0142363943417,STO=5
EsN0dB=17.25,GRXdB=10,N0=0.0003162277571391314
packet_number=535,correct=True,payload=[0,1,2,3,4,5,6,7,8,9,10,11,12,13,14,15,16,17,18,19,20,21,22,23,24,25,26,27,28,29,30,31,32,33,34,35,36,37,38,39,40,41,42,43,44,45,46,47,48,49,50,51,52,53,54,55,56,57,58,59,60,61,62,63,64,65,66,67,68,69,70,71,72,73,74,75,76,77,78,79,80,81,82,83,84,85,86,87,88,89,90,91,92,93,94,95,96,97,98,99]
CFO=-1097.498986090959,STO=3
EsN0dB=17.23,GRXdB=10,N0=0.0003162277571391314
packet_number=536,correct=True,payload=[0,1,2,3,4,5,6,7,8,9,10,11,12,13,14,15,16,17,18,19,20,21,22,23,24,25,26,27,28,29,30,31,32,33,34,35,36,37,38,39,40,41,42,43,44,45,46,47,48,49,50,51,52,53,54,55,56,57,58,59,60,61,62,63,64,65,66,67,68,69,70,71,72,73,74,75,76,77,78,79,80,81,82,83,84,85,86,87,88,89,90,91,92,93,94,95,96,97,98,99]
CFO=-969.4934147864963,STO=4
EsN0dB=17.19,GRXdB=10,N0=0.0003162277571391314
packet_number=537,correct=True,payload=[0,1,2,3,4,5,6,7,8,9,10,11,12,13,14,15,16,17,18,19,20,21,22,23,24,25,26,27,28,29,30,31,32,33,34,35,36,37,38,39,40,41,42,43,44,45,46,47,48,49,50,51,52,53,54,55,56,57,58,59,60,61,62,63,64,65,66,67,68,69,70,71,72,73,74,75,76,77,78,79,80,81,82,83,84,85,86,87,88,89,90,91,92,93,94,95,96,97,98,99]
CFO=-1097.4121857702569,STO=4
EsN0dB=17.31,GRXdB=10,N0=0.0003162277571391314
packet_number=538,correct=True,payload=[0,1,2,3,4,5,6,7,8,9,10,11,12,13,14,15,16,17,18,19,20,21,22,23,24,25,26,27,28,29,30,31,32,33,34,35,36,37,38,39,40,41,42,43,44,45,46,47,48,49,50,51,52,53,54,55,56,57,58,59,60,61,62,63,64,65,66,67,68,69,70,71,72,73,74,75,76,77,78,79,80,81,82,83,84,85,86,87,88,89,90,91,92,93,94,95,96,97,98,99]
CFO=-1078.43303477343,STO=4
EsN0dB=17.28,GRXdB=10,N0=0.0003162277571391314
packet_number=539,correct=True,payload=[0,1,2,3,4,5,6,7,8,9,10,11,12,13,14,15,16,17,18,19,20,21,22,23,24,25,26,27,28,29,30,31,32,33,34,35,36,37,38,39,40,41,42,43,44,45,46,47,48,49,50,51,52,53,54,55,56,57,58,59,60,61,62,63,64,65,66,67,68,69,70,71,72,73,74,75,76,77,78,79,80,81,82,83,84,85,86,87,88,89,90,91,92,93,94,95,96,97,98,99]
CFO=-932.9224949680016,STO=4
EsN0dB=17.25,GRXdB=10,N0=0.0003162277571391314
packet_number=540,correct=True,payload=[0,1,2,3,4,5,6,7,8,9,10,11,12,13,14,15,16,17,18,19,20,21,22,23,24,25,26,27,28,29,30,31,32,33,34,35,36,37,38,39,40,41,42,43,44,45,46,47,48,49,50,51,52,53,54,55,56,57,58,59,60,61,62,63,64,65,66,67,68,69,70,71,72,73,74,75,76,77,78,79,80,81,82,83,84,85,86,87,88,89,90,91,92,93,94,95,96,97,98,99]
CFO=-1034.0525762648683,STO=4
EsN0dB=17.31,GRXdB=10,N0=0.0003162277571391314
packet_number=541,correct=True,payload=[0,1,2,3,4,5,6,7,8,9,10,11,12,13,14,15,16,17,18,19,20,21,22,23,24,25,26,27,28,29,30,31,32,33,34,35,36,37,38,39,40,41,42,43,44,45,46,47,48,49,50,51,52,53,54,55,56,57,58,59,60,61,62,63,64,65,66,67,68,69,70,71,72,73,74,75,76,77,78,79,80,81,82,83,84,85,86,87,88,89,90,91,92,93,94,95,96,97,98,99]
CFO=-964.9412597162251,STO=4
EsN0dB=17.25,GRXdB=10,N0=0.0003162277571391314
packet_number=542,correct=True,payload=[0,1,2,3,4,5,6,7,8,9,10,11,12,13,14,15,16,17,18,19,20,21,22,23,24,25,26,27,28,29,30,31,32,33,34,35,36,37,38,39,40,41,42,43,44,45,46,47,48,49,50,51,52,53,54,55,56,57,58,59,60,61,62,63,64,65,66,67,68,69,70,71,72,73,74,75,76,77,78,79,80,81,82,83,84,85,86,87,88,89,90,91,92,93,94,95,96,97,98,99]
CFO=-1051.8078664557281,STO=4
EsN0dB=17.23,GRXdB=10,N0=0.0003162277571391314
packet_number=543,correct=True,payload=[0,1,2,3,4,5,6,7,8,9,10,11,12,13,14,15,16,17,18,19,20,21,22,23,24,25,26,27,28,29,30,31,32,33,34,35,36,37,38,39,40,41,42,43,44,45,46,47,48,49,50,51,52,53,54,55,56,57,58,59,60,61,62,63,64,65,66,67,68,69,70,71,72,73,74,75,76,77,78,79,80,81,82,83,84,85,86,87,88,89,90,91,92,93,94,95,96,97,98,99]
CFO=-1061.8554778957052,STO=1
EsN0dB=17.27,GRXdB=10,N0=0.0003162277571391314
packet_number=544,correct=True,payload=[0,1,2,3,4,5,6,7,8,9,10,11,12,13,14,15,16,17,18,19,20,21,22,23,24,25,26,27,28,29,30,31,32,33,34,35,36,37,38,39,40,41,42,43,44,45,46,47,48,49,50,51,52,53,54,55,56,57,58,59,60,61,62,63,64,65,66,67,68,69,70,71,72,73,74,75,76,77,78,79,80,81,82,83,84,85,86,87,88,89,90,91,92,93,94,95,96,97,98,99]
CFO=-1066.6529743096007,STO=4
EsN0dB=17.24,GRXdB=10,N0=0.0003162277571391314
packet_number=545,correct=True,payload=[0,1,2,3,4,5,6,7,8,9,10,11,12,13,14,15,16,17,18,19,20,21,22,23,24,25,26,27,28,29,30,31,32,33,34,35,36,37,38,39,40,41,42,43,44,45,46,47,48,49,50,51,52,53,54,55,56,57,58,59,60,61,62,63,64,65,66,67,68,69,70,71,72,73,74,75,76,77,78,79,80,81,82,83,84,85,86,87,88,89,90,91,92,93,94,95,96,97,98,99]
CFO=-1102.0568329855387,STO=4
EsN0dB=17.28,GRXdB=10,N0=0.0003162277571391314
packet_number=546,correct=True,payload=[0,1,2,3,4,5,6,7,8,9,10,11,12,13,14,15,16,17,18,19,20,21,22,23,24,25,26,27,28,29,30,31,32,33,34,35,36,37,38,39,40,41,42,43,44,45,46,47,48,49,50,51,52,53,54,55,56,57,58,59,60,61,62,63,64,65,66,67,68,69,70,71,72,73,74,75,76,77,78,79,80,81,82,83,84,85,86,87,88,89,90,91,92,93,94,95,96,97,98,99]
CFO=-1098.6838341844793,STO=4
EsN0dB=17.26,GRXdB=10,N0=0.0003162277571391314
packet_number=547,correct=True,payload=[0,1,2,3,4,5,6,7,8,9,10,11,12,13,14,15,16,17,18,19,20,21,22,23,24,25,26,27,28,29,30,31,32,33,34,35,36,37,38,39,40,41,42,43,44,45,46,47,48,49,50,51,52,53,54,55,56,57,58,59,60,61,62,63,64,65,66,67,68,69,70,71,72,73,74,75,76,77,78,79,80,81,82,83,84,85,86,87,88,89,90,91,92,93,94,95,96,97,98,99]
CFO=-987.6707893237216,STO=5
EsN0dB=17.24,GRXdB=10,N0=0.0003162277571391314
packet_number=548,correct=True,payload=[0,1,2,3,4,5,6,7,8,9,10,11,12,13,14,15,16,17,18,19,20,21,22,23,24,25,26,27,28,29,30,31,32,33,34,35,36,37,38,39,40,41,42,43,44,45,46,47,48,49,50,51,52,53,54,55,56,57,58,59,60,61,62,63,64,65,66,67,68,69,70,71,72,73,74,75,76,77,78,79,80,81,82,83,84,85,86,87,88,89,90,91,92,93,94,95,96,97,98,99]
CFO=-1028.2005508181792,STO=4
EsN0dB=17.33,GRXdB=10,N0=0.0003162277571391314
packet_number=549,correct=True,payload=[0,1,2,3,4,5,6,7,8,9,10,11,12,13,14,15,16,17,18,19,20,21,22,23,24,25,26,27,28,29,30,31,32,33,34,35,36,37,38,39,40,41,42,43,44,45,46,47,48,49,50,51,52,53,54,55,56,57,58,59,60,61,62,63,64,65,66,67,68,69,70,71,72,73,74,75,76,77,78,79,80,81,82,83,84,85,86,87,88,89,90,91,92,93,94,95,96,97,98,99]
CFO=-989.9093956821606,STO=5
EsN0dB=17.27,GRXdB=10,N0=0.0003162277571391314
packet_number=550,correct=True,payload=[0,1,2,3,4,5,6,7,8,9,10,11,12,13,14,15,16,17,18,19,20,21,22,23,24,25,26,27,28,29,30,31,32,33,34,35,36,37,38,39,40,41,42,43,44,45,46,47,48,49,50,51,52,53,54,55,56,57,58,59,60,61,62,63,64,65,66,67,68,69,70,71,72,73,74,75,76,77,78,79,80,81,82,83,84,85,86,87,88,89,90,91,92,93,94,95,96,97,98,99]
CFO=-1092.7814123767268,STO=4
EsN0dB=17.27,GRXdB=10,N0=0.0003162277571391314
packet_number=551,correct=True,payload=[0,1,2,3,4,5,6,7,8,9,10,11,12,13,14,15,16,17,18,19,20,21,22,23,24,25,26,27,28,29,30,31,32,33,34,35,36,37,38,39,40,41,42,43,44,45,46,47,48,49,50,51,52,53,54,55,56,57,58,59,60,61,62,63,64,65,66,67,68,69,70,71,72,73,74,75,76,77,78,79,80,81,82,83,84,85,86,87,88,89,90,91,92,93,94,95,96,97,98,99]
CFO=-1114.8097210874025,STO=4
EsN0dB=17.28,GRXdB=10,N0=0.0003162277571391314
packet_number=552,correct=True,payload=[0,1,2,3,4,5,6,7,8,9,10,11,12,13,14,15,16,17,18,19,20,21,22,23,24,25,26,27,28,29,30,31,32,33,34,35,36,37,38,39,40,41,42,43,44,45,46,47,48,49,50,51,52,53,54,55,56,57,58,59,60,61,62,63,64,65,66,67,68,69,70,71,72,73,74,75,76,77,78,79,80,81,82,83,84,85,86,87,88,89,90,91,92,93,94,95,96,97,98,99]
CFO=-1072.2660617150125,STO=4
EsN0dB=17.27,GRXdB=10,N0=0.0003162277571391314
packet_number=553,correct=True,payload=[0,1,2,3,4,5,6,7,8,9,10,11,12,13,14,15,16,17,18,19,20,21,22,23,24,25,26,27,28,29,30,31,32,33,34,35,36,37,38,39,40,41,42,43,44,45,46,47,48,49,50,51,52,53,54,55,56,57,58,59,60,61,62,63,64,65,66,67,68,69,70,71,72,73,74,75,76,77,78,79,80,81,82,83,84,85,86,87,88,89,90,91,92,93,94,95,96,97,98,99]
CFO=-1144.0385432871528,STO=4
EsN0dB=17.27,GRXdB=10,N0=0.0003162277571391314
packet_number=554,correct=True,payload=[0,1,2,3,4,5,6,7,8,9,10,11,12,13,14,15,16,17,18,19,20,21,22,23,24,25,26,27,28,29,30,31,32,33,34,35,36,37,38,39,40,41,42,43,44,45,46,47,48,49,50,51,52,53,54,55,56,57,58,59,60,61,62,63,64,65,66,67,68,69,70,71,72,73,74,75,76,77,78,79,80,81,82,83,84,85,86,87,88,89,90,91,92,93,94,95,96,97,98,99]
CFO=-1025.5775684494172,STO=4
EsN0dB=17.20,GRXdB=10,N0=0.0003162277571391314
packet_number=555,correct=True,payload=[0,1,2,3,4,5,6,7,8,9,10,11,12,13,14,15,16,17,18,19,20,21,22,23,24,25,26,27,28,29,30,31,32,33,34,35,36,37,38,39,40,41,42,43,44,45,46,47,48,49,50,51,52,53,54,55,56,57,58,59,60,61,62,63,64,65,66,67,68,69,70,71,72,73,74,75,76,77,78,79,80,81,82,83,84,85,86,87,88,89,90,91,92,93,94,95,96,97,98,99]
CFO=-1015.8277105685703,STO=4
EsN0dB=17.31,GRXdB=10,N0=0.0003162277571391314
packet_number=556,correct=True,payload=[0,1,2,3,4,5,6,7,8,9,10,11,12,13,14,15,16,17,18,19,20,21,22,23,24,25,26,27,28,29,30,31,32,33,34,35,36,37,38,39,40,41,42,43,44,45,46,47,48,49,50,51,52,53,54,55,56,57,58,59,60,61,62,63,64,65,66,67,68,69,70,71,72,73,74,75,76,77,78,79,80,81,82,83,84,85,86,87,88,89,90,91,92,93,94,95,96,97,98,99]
CFO=-979.4028216174866,STO=4
EsN0dB=17.25,GRXdB=10,N0=0.0003162277571391314
packet_number=557,correct=True,payload=[0,1,2,3,4,5,6,7,8,9,10,11,12,13,14,15,16,17,18,19,20,21,22,23,24,25,26,27,28,29,30,31,32,33,34,35,36,37,38,39,40,41,42,43,44,45,46,47,48,49,50,51,52,53,54,55,56,57,58,59,60,61,62,63,64,65,66,67,68,69,70,71,72,73,74,75,76,77,78,79,80,81,82,83,84,85,86,87,88,89,90,91,92,93,94,95,96,97,98,99]
CFO=-998.0238027117434,STO=4
EsN0dB=17.27,GRXdB=10,N0=0.0003162277571391314
packet_number=558,correct=True,payload=[0,1,2,3,4,5,6,7,8,9,10,11,12,13,14,15,16,17,18,19,20,21,22,23,24,25,26,27,28,29,30,31,32,33,34,35,36,37,38,39,40,41,42,43,44,45,46,47,48,49,50,51,52,53,54,55,56,57,58,59,60,61,62,63,64,65,66,67,68,69,70,71,72,73,74,75,76,77,78,79,80,81,82,83,84,85,86,87,88,89,90,91,92,93,94,95,96,97,98,99]
CFO=-1014.422778601794,STO=4
EsN0dB=17.25,GRXdB=10,N0=0.0003162277571391314
packet_number=559,correct=True,payload=[0,1,2,3,4,5,6,7,8,9,10,11,12,13,14,15,16,17,18,19,20,21,22,23,24,25,26,27,28,29,30,31,32,33,34,35,36,37,38,39,40,41,42,43,44,45,46,47,48,49,50,51,52,53,54,55,56,57,58,59,60,61,62,63,64,65,66,67,68,69,70,71,72,73,74,75,76,77,78,79,80,81,82,83,84,85,86,87,88,89,90,91,92,93,94,95,96,97,98,99]
CFO=-1052.0087404219432,STO=5
EsN0dB=17.29,GRXdB=10,N0=0.0003162277571391314
packet_number=560,correct=True,payload=[0,1,2,3,4,5,6,7,8,9,10,11,12,13,14,15,16,17,18,19,20,21,22,23,24,25,26,27,28,29,30,31,32,33,34,35,36,37,38,39,40,41,42,43,44,45,46,47,48,49,50,51,52,53,54,55,56,57,58,59,60,61,62,63,64,65,66,67,68,69,70,71,72,73,74,75,76,77,78,79,80,81,82,83,84,85,86,87,88,89,90,91,92,93,94,95,96,97,98,99]
CFO=-1135.2366113129913,STO=4
EsN0dB=17.25,GRXdB=10,N0=0.0003162277571391314
packet_number=561,correct=True,payload=[0,1,2,3,4,5,6,7,8,9,10,11,12,13,14,15,16,17,18,19,20,21,22,23,24,25,26,27,28,29,30,31,32,33,34,35,36,37,38,39,40,41,42,43,44,45,46,47,48,49,50,51,52,53,54,55,56,57,58,59,60,61,62,63,64,65,66,67,68,69,70,71,72,73,74,75,76,77,78,79,80,81,82,83,84,85,86,87,88,89,90,91,92,93,94,95,96,97,98,99]
CFO=-1044.234301315111,STO=4
EsN0dB=17.24,GRXdB=10,N0=0.0003162277571391314
packet_number=562,correct=True,payload=[0,1,2,3,4,5,6,7,8,9,10,11,12,13,14,15,16,17,18,19,20,21,22,23,24,25,26,27,28,29,30,31,32,33,34,35,36,37,38,39,40,41,42,43,44,45,46,47,48,49,50,51,52,53,54,55,56,57,58,59,60,61,62,63,64,65,66,67,68,69,70,71,72,73,74,75,76,77,78,79,80,81,82,83,84,85,86,87,88,89,90,91,92,93,94,95,96,97,98,99]
CFO=-1108.7576517322098,STO=4
EsN0dB=17.32,GRXdB=10,N0=0.0003162277571391314
packet_number=563,correct=True,payload=[0,1,2,3,4,5,6,7,8,9,10,11,12,13,14,15,16,17,18,19,20,21,22,23,24,25,26,27,28,29,30,31,32,33,34,35,36,37,38,39,40,41,42,43,44,45,46,47,48,49,50,51,52,53,54,55,56,57,58,59,60,61,62,63,64,65,66,67,68,69,70,71,72,73,74,75,76,77,78,79,80,81,82,83,84,85,86,87,88,89,90,91,92,93,94,95,96,97,98,99]
CFO=-925.2811022543767,STO=4
EsN0dB=17.24,GRXdB=10,N0=0.0003162277571391314
packet_number=564,correct=True,payload=[0,1,2,3,4,5,6,7,8,9,10,11,12,13,14,15,16,17,18,19,20,21,22,23,24,25,26,27,28,29,30,31,32,33,34,35,36,37,38,39,40,41,42,43,44,45,46,47,48,49,50,51,52,53,54,55,56,57,58,59,60,61,62,63,64,65,66,67,68,69,70,71,72,73,74,75,76,77,78,79,80,81,82,83,84,85,86,87,88,89,90,91,92,93,94,95,96,97,98,99]
CFO=-1008.6455769288249,STO=4
EsN0dB=17.23,GRXdB=10,N0=0.0003162277571391314
packet_number=565,correct=True,payload=[0,1,2,3,4,5,6,7,8,9,10,11,12,13,14,15,16,17,18,19,20,21,22,23,24,25,26,27,28,29,30,31,32,33,34,35,36,37,38,39,40,41,42,43,44,45,46,47,48,49,50,51,52,53,54,55,56,57,58,59,60,61,62,63,64,65,66,67,68,69,70,71,72,73,74,75,76,77,78,79,80,81,82,83,84,85,86,87,88,89,90,91,92,93,94,95,96,97,98,99]
CFO=-1013.4476979499708,STO=4
EsN0dB=17.26,GRXdB=10,N0=0.0003162277571391314
packet_number=566,correct=True,payload=[0,1,2,3,4,5,6,7,8,9,10,11,12,13,14,15,16,17,18,19,20,21,22,23,24,25,26,27,28,29,30,31,32,33,34,35,36,37,38,39,40,41,42,43,44,45,46,47,48,49,50,51,52,53,54,55,56,57,58,59,60,61,62,63,64,65,66,67,68,69,70,71,72,73,74,75,76,77,78,79,80,81,82,83,84,85,86,87,88,89,90,91,92,93,94,95,96,97,98,99]
CFO=-997.8657360075138,STO=1
EsN0dB=17.24,GRXdB=10,N0=0.0003162277571391314
packet_number=567,correct=True,payload=[0,1,2,3,4,5,6,7,8,9,10,11,12,13,14,15,16,17,18,19,20,21,22,23,24,25,26,27,28,29,30,31,32,33,34,35,36,37,38,39,40,41,42,43,44,45,46,47,48,49,50,51,52,53,54,55,56,57,58,59,60,61,62,63,64,65,66,67,68,69,70,71,72,73,74,75,76,77,78,79,80,81,82,83,84,85,86,87,88,89,90,91,92,93,94,95,96,97,98,99]
CFO=-1066.8589472017588,STO=5
EsN0dB=17.25,GRXdB=10,N0=0.0003162277571391314
packet_number=568,correct=True,payload=[0,1,2,3,4,5,6,7,8,9,10,11,12,13,14,15,16,17,18,19,20,21,22,23,24,25,26,27,28,29,30,31,32,33,34,35,36,37,38,39,40,41,42,43,44,45,46,47,48,49,50,51,52,53,54,55,56,57,58,59,60,61,62,63,64,65,66,67,68,69,70,71,72,73,74,75,76,77,78,79,80,81,82,83,84,85,86,87,88,89,90,91,92,93,94,95,96,97,98,99]
CFO=-853.7491595491006,STO=4
EsN0dB=17.25,GRXdB=10,N0=0.0003162277571391314
packet_number=569,correct=True,payload=[0,1,2,3,4,5,6,7,8,9,10,11,12,13,14,15,16,17,18,19,20,21,22,23,24,25,26,27,28,29,30,31,32,33,34,35,36,37,38,39,40,41,42,43,44,45,46,47,48,49,50,51,52,53,54,55,56,57,58,59,60,61,62,63,64,65,66,67,68,69,70,71,72,73,74,75,76,77,78,79,80,81,82,83,84,85,86,87,88,89,90,91,92,93,94,95,96,97,98,99]
CFO=-1062.2158415222273,STO=4
EsN0dB=17.27,GRXdB=10,N0=0.0003162277571391314
packet_number=570,correct=True,payload=[0,1,2,3,4,5,6,7,8,9,10,11,12,13,14,15,16,17,18,19,20,21,22,23,24,25,26,27,28,29,30,31,32,33,34,35,36,37,38,39,40,41,42,43,44,45,46,47,48,49,50,51,52,53,54,55,56,57,58,59,60,61,62,63,64,65,66,67,68,69,70,71,72,73,74,75,76,77,78,79,80,81,82,83,84,85,86,87,88,89,90,91,92,93,94,95,96,97,98,99]
CFO=-1132.8063209130014,STO=4
EsN0dB=17.27,GRXdB=10,N0=0.0003162277571391314
packet_number=571,correct=True,payload=[0,1,2,3,4,5,6,7,8,9,10,11,12,13,14,15,16,17,18,19,20,21,22,23,24,25,26,27,28,29,30,31,32,33,34,35,36,37,38,39,40,41,42,43,44,45,46,47,48,49,50,51,52,53,54,55,56,57,58,59,60,61,62,63,64,65,66,67,68,69,70,71,72,73,74,75,76,77,78,79,80,81,82,83,84,85,86,87,88,89,90,91,92,93,94,95,96,97,98,99]
CFO=-960.4104489871102,STO=4
EsN0dB=17.31,GRXdB=10,N0=0.0003162277571391314
packet_number=572,correct=True,payload=[0,1,2,3,4,5,6,7,8,9,10,11,12,13,14,15,16,17,18,19,20,21,22,23,24,25,26,27,28,29,30,31,32,33,34,35,36,37,38,39,40,41,42,43,44,45,46,47,48,49,50,51,52,53,54,55,56,57,58,59,60,61,62,63,64,65,66,67,68,69,70,71,72,73,74,75,76,77,78,79,80,81,82,83,84,85,86,87,88,89,90,91,92,93,94,95,96,97,98,99]
CFO=-1145.240348273925,STO=4
EsN0dB=17.24,GRXdB=10,N0=0.0003162277571391314
packet_number=573,correct=True,payload=[0,1,2,3,4,5,6,7,8,9,10,11,12,13,14,15,16,17,18,19,20,21,22,23,24,25,26,27,28,29,30,31,32,33,34,35,36,37,38,39,40,41,42,43,44,45,46,47,48,49,50,51,52,53,54,55,56,57,58,59,60,61,62,63,64,65,66,67,68,69,70,71,72,73,74,75,76,77,78,79,80,81,82,83,84,85,86,87,88,89,90,91,92,93,94,95,96,97,98,99]
CFO=-1098.6560865409763,STO=4
EsN0dB=17.25,GRXdB=10,N0=0.0003162277571391314
packet_number=574,correct=True,payload=[0,1,2,3,4,5,6,7,8,9,10,11,12,13,14,15,16,17,18,19,20,21,22,23,24,25,26,27,28,29,30,31,32,33,34,35,36,37,38,39,40,41,42,43,44,45,46,47,48,49,50,51,52,53,54,55,56,57,58,59,60,61,62,63,64,65,66,67,68,69,70,71,72,73,74,75,76,77,78,79,80,81,82,83,84,85,86,87,88,89,90,91,92,93,94,95,96,97,98,99]
CFO=-1136.854630952311,STO=4
EsN0dB=17.24,GRXdB=10,N0=0.0003162277571391314
packet_number=575,correct=True,payload=[0,1,2,3,4,5,6,7,8,9,10,11,12,13,14,15,16,17,18,19,20,21,22,23,24,25,26,27,28,29,30,31,32,33,34,35,36,37,38,39,40,41,42,43,44,45,46,47,48,49,50,51,52,53,54,55,56,57,58,59,60,61,62,63,64,65,66,67,68,69,70,71,72,73,74,75,76,77,78,79,80,81,82,83,84,85,86,87,88,89,90,91,92,93,94,95,96,97,98,99]
CFO=-964.5674965866439,STO=4
EsN0dB=17.25,GRXdB=10,N0=0.0003162277571391314
packet_number=576,correct=True,payload=[0,1,2,3,4,5,6,7,8,9,10,11,12,13,14,15,16,17,18,19,20,21,22,23,24,25,26,27,28,29,30,31,32,33,34,35,36,37,38,39,40,41,42,43,44,45,46,47,48,49,50,51,52,53,54,55,56,57,58,59,60,61,62,63,64,65,66,67,68,69,70,71,72,73,74,75,76,77,78,79,80,81,82,83,84,85,86,87,88,89,90,91,92,93,94,95,96,97,98,99]
CFO=-1020.8092426351021,STO=5
EsN0dB=17.26,GRXdB=10,N0=0.0003162277571391314
packet_number=577,correct=True,payload=[0,1,2,3,4,5,6,7,8,9,10,11,12,13,14,15,16,17,18,19,20,21,22,23,24,25,26,27,28,29,30,31,32,33,34,35,36,37,38,39,40,41,42,43,44,45,46,47,48,49,50,51,52,53,54,55,56,57,58,59,60,61,62,63,64,65,66,67,68,69,70,71,72,73,74,75,76,77,78,79,80,81,82,83,84,85,86,87,88,89,90,91,92,93,94,95,96,97,98,99]
CFO=-1215.1045271670198,STO=4
EsN0dB=17.19,GRXdB=10,N0=0.0003162277571391314
packet_number=578,correct=True,payload=[0,1,2,3,4,5,6,7,8,9,10,11,12,13,14,15,16,17,18,19,20,21,22,23,24,25,26,27,28,29,30,31,32,33,34,35,36,37,38,39,40,41,42,43,44,45,46,47,48,49,50,51,52,53,54,55,56,57,58,59,60,61,62,63,64,65,66,67,68,69,70,71,72,73,74,75,76,77,78,79,80,81,82,83,84,85,86,87,88,89,90,91,92,93,94,95,96,97,98,99]
CFO=-1136.6262465019388,STO=4
EsN0dB=17.22,GRXdB=10,N0=0.0003162277571391314
packet_number=579,correct=True,payload=[0,1,2,3,4,5,6,7,8,9,10,11,12,13,14,15,16,17,18,19,20,21,22,23,24,25,26,27,28,29,30,31,32,33,34,35,36,37,38,39,40,41,42,43,44,45,46,47,48,49,50,51,52,53,54,55,56,57,58,59,60,61,62,63,64,65,66,67,68,69,70,71,72,73,74,75,76,77,78,79,80,81,82,83,84,85,86,87,88,89,90,91,92,93,94,95,96,97,98,99]
CFO=-1006.1505420273277,STO=4
EsN0dB=17.22,GRXdB=10,N0=0.0003162277571391314
packet_number=580,correct=True,payload=[0,1,2,3,4,5,6,7,8,9,10,11,12,13,14,15,16,17,18,19,20,21,22,23,24,25,26,27,28,29,30,31,32,33,34,35,36,37,38,39,40,41,42,43,44,45,46,47,48,49,50,51,52,53,54,55,56,57,58,59,60,61,62,63,64,65,66,67,68,69,70,71,72,73,74,75,76,77,78,79,80,81,82,83,84,85,86,87,88,89,90,91,92,93,94,95,96,97,98,99]
CFO=-1115.6274465130346,STO=4
EsN0dB=17.23,GRXdB=10,N0=0.0003162277571391314
packet_number=581,correct=True,payload=[0,1,2,3,4,5,6,7,8,9,10,11,12,13,14,15,16,17,18,19,20,21,22,23,24,25,26,27,28,29,30,31,32,33,34,35,36,37,38,39,40,41,42,43,44,45,46,47,48,49,50,51,52,53,54,55,56,57,58,59,60,61,62,63,64,65,66,67,68,69,70,71,72,73,74,75,76,77,78,79,80,81,82,83,84,85,86,87,88,89,90,91,92,93,94,95,96,97,98,99]
CFO=-1168.5571437124022,STO=4
EsN0dB=17.27,GRXdB=10,N0=0.0003162277571391314
packet_number=582,correct=True,payload=[0,1,2,3,4,5,6,7,8,9,10,11,12,13,14,15,16,17,18,19,20,21,22,23,24,25,26,27,28,29,30,31,32,33,34,35,36,37,38,39,40,41,42,43,44,45,46,47,48,49,50,51,52,53,54,55,56,57,58,59,60,61,62,63,64,65,66,67,68,69,70,71,72,73,74,75,76,77,78,79,80,81,82,83,84,85,86,87,88,89,90,91,92,93,94,95,96,97,98,99]
CFO=-991.8382719344871,STO=4
EsN0dB=17.17,GRXdB=10,N0=0.0003162277571391314
packet_number=583,correct=True,payload=[0,1,2,3,4,5,6,7,8,9,10,11,12,13,14,15,16,17,18,19,20,21,22,23,24,25,26,27,28,29,30,31,32,33,34,35,36,37,38,39,40,41,42,43,44,45,46,47,48,49,50,51,52,53,54,55,56,57,58,59,60,61,62,63,64,65,66,67,68,69,70,71,72,73,74,75,76,77,78,79,80,81,82,83,84,85,86,87,88,89,90,91,92,93,94,95,96,97,98,99]
CFO=-1071.806921220806,STO=5
EsN0dB=17.29,GRXdB=10,N0=0.0003162277571391314
packet_number=584,correct=True,payload=[0,1,2,3,4,5,6,7,8,9,10,11,12,13,14,15,16,17,18,19,20,21,22,23,24,25,26,27,28,29,30,31,32,33,34,35,36,37,38,39,40,41,42,43,44,45,46,47,48,49,50,51,52,53,54,55,56,57,58,59,60,61,62,63,64,65,66,67,68,69,70,71,72,73,74,75,76,77,78,79,80,81,82,83,84,85,86,87,88,89,90,91,92,93,94,95,96,97,98,99]
CFO=-1008.985070532883,STO=4
EsN0dB=17.24,GRXdB=10,N0=0.0003162277571391314
packet_number=585,correct=True,payload=[0,1,2,3,4,5,6,7,8,9,10,11,12,13,14,15,16,17,18,19,20,21,22,23,24,25,26,27,28,29,30,31,32,33,34,35,36,37,38,39,40,41,42,43,44,45,46,47,48,49,50,51,52,53,54,55,56,57,58,59,60,61,62,63,64,65,66,67,68,69,70,71,72,73,74,75,76,77,78,79,80,81,82,83,84,85,86,87,88,89,90,91,92,93,94,95,96,97,98,99]
CFO=-1092.8015709211522,STO=4
EsN0dB=17.23,GRXdB=10,N0=0.0003162277571391314
packet_number=586,correct=True,payload=[0,1,2,3,4,5,6,7,8,9,10,11,12,13,14,15,16,17,18,19,20,21,22,23,24,25,26,27,28,29,30,31,32,33,34,35,36,37,38,39,40,41,42,43,44,45,46,47,48,49,50,51,52,53,54,55,56,57,58,59,60,61,62,63,64,65,66,67,68,69,70,71,72,73,74,75,76,77,78,79,80,81,82,83,84,85,86,87,88,89,90,91,92,93,94,95,96,97,98,99]
CFO=-1019.626054657005,STO=5
EsN0dB=17.26,GRXdB=10,N0=0.0003162277571391314
packet_number=587,correct=True,payload=[0,1,2,3,4,5,6,7,8,9,10,11,12,13,14,15,16,17,18,19,20,21,22,23,24,25,26,27,28,29,30,31,32,33,34,35,36,37,38,39,40,41,42,43,44,45,46,47,48,49,50,51,52,53,54,55,56,57,58,59,60,61,62,63,64,65,66,67,68,69,70,71,72,73,74,75,76,77,78,79,80,81,82,83,84,85,86,87,88,89,90,91,92,93,94,95,96,97,98,99]
CFO=-1069.9162869130512,STO=5
EsN0dB=17.24,GRXdB=10,N0=0.0003162277571391314
packet_number=588,correct=True,payload=[0,1,2,3,4,5,6,7,8,9,10,11,12,13,14,15,16,17,18,19,20,21,22,23,24,25,26,27,28,29,30,31,32,33,34,35,36,37,38,39,40,41,42,43,44,45,46,47,48,49,50,51,52,53,54,55,56,57,58,59,60,61,62,63,64,65,66,67,68,69,70,71,72,73,74,75,76,77,78,79,80,81,82,83,84,85,86,87,88,89,90,91,92,93,94,95,96,97,98,99]
CFO=-930.3959771632989,STO=4
EsN0dB=17.26,GRXdB=10,N0=0.0003162277571391314
packet_number=589,correct=True,payload=[0,1,2,3,4,5,6,7,8,9,10,11,12,13,14,15,16,17,18,19,20,21,22,23,24,25,26,27,28,29,30,31,32,33,34,35,36,37,38,39,40,41,42,43,44,45,46,47,48,49,50,51,52,53,54,55,56,57,58,59,60,61,62,63,64,65,66,67,68,69,70,71,72,73,74,75,76,77,78,79,80,81,82,83,84,85,86,87,88,89,90,91,92,93,94,95,96,97,98,99]
CFO=-932.7541118322131,STO=2
EsN0dB=17.23,GRXdB=10,N0=0.0003162277571391314
packet_number=590,correct=True,payload=[0,1,2,3,4,5,6,7,8,9,10,11,12,13,14,15,16,17,18,19,20,21,22,23,24,25,26,27,28,29,30,31,32,33,34,35,36,37,38,39,40,41,42,43,44,45,46,47,48,49,50,51,52,53,54,55,56,57,58,59,60,61,62,63,64,65,66,67,68,69,70,71,72,73,74,75,76,77,78,79,80,81,82,83,84,85,86,87,88,89,90,91,92,93,94,95,96,97,98,99]
CFO=-1164.4640105566643,STO=4
EsN0dB=17.29,GRXdB=10,N0=0.0003162277571391314
packet_number=591,correct=True,payload=[0,1,2,3,4,5,6,7,8,9,10,11,12,13,14,15,16,17,18,19,20,21,22,23,24,25,26,27,28,29,30,31,32,33,34,35,36,37,38,39,40,41,42,43,44,45,46,47,48,49,50,51,52,53,54,55,56,57,58,59,60,61,62,63,64,65,66,67,68,69,70,71,72,73,74,75,76,77,78,79,80,81,82,83,84,85,86,87,88,89,90,91,92,93,94,95,96,97,98,99]
CFO=-1030.6902496343873,STO=4
EsN0dB=17.27,GRXdB=10,N0=0.0003162277571391314
packet_number=592,correct=True,payload=[0,1,2,3,4,5,6,7,8,9,10,11,12,13,14,15,16,17,18,19,20,21,22,23,24,25,26,27,28,29,30,31,32,33,34,35,36,37,38,39,40,41,42,43,44,45,46,47,48,49,50,51,52,53,54,55,56,57,58,59,60,61,62,63,64,65,66,67,68,69,70,71,72,73,74,75,76,77,78,79,80,81,82,83,84,85,86,87,88,89,90,91,92,93,94,95,96,97,98,99]
CFO=-1058.3778918229802,STO=5
EsN0dB=17.23,GRXdB=10,N0=0.0003162277571391314
packet_number=593,correct=True,payload=[0,1,2,3,4,5,6,7,8,9,10,11,12,13,14,15,16,17,18,19,20,21,22,23,24,25,26,27,28,29,30,31,32,33,34,35,36,37,38,39,40,41,42,43,44,45,46,47,48,49,50,51,52,53,54,55,56,57,58,59,60,61,62,63,64,65,66,67,68,69,70,71,72,73,74,75,76,77,78,79,80,81,82,83,84,85,86,87,88,89,90,91,92,93,94,95,96,97,98,99]
CFO=-1044.3590471312023,STO=3
EsN0dB=17.25,GRXdB=10,N0=0.0003162277571391314
packet_number=594,correct=True,payload=[0,1,2,3,4,5,6,7,8,9,10,11,12,13,14,15,16,17,18,19,20,21,22,23,24,25,26,27,28,29,30,31,32,33,34,35,36,37,38,39,40,41,42,43,44,45,46,47,48,49,50,51,52,53,54,55,56,57,58,59,60,61,62,63,64,65,66,67,68,69,70,71,72,73,74,75,76,77,78,79,80,81,82,83,84,85,86,87,88,89,90,91,92,93,94,95,96,97,98,99]
CFO=-1067.6076592576524,STO=4
EsN0dB=17.30,GRXdB=10,N0=0.0003162277571391314
packet_number=595,correct=True,payload=[0,1,2,3,4,5,6,7,8,9,10,11,12,13,14,15,16,17,18,19,20,21,22,23,24,25,26,27,28,29,30,31,32,33,34,35,36,37,38,39,40,41,42,43,44,45,46,47,48,49,50,51,52,53,54,55,56,57,58,59,60,61,62,63,64,65,66,67,68,69,70,71,72,73,74,75,76,77,78,79,80,81,82,83,84,85,86,87,88,89,90,91,92,93,94,95,96,97,98,99]
CFO=-1108.4460243513279,STO=5
EsN0dB=17.24,GRXdB=10,N0=0.0003162277571391314
packet_number=596,correct=True,payload=[0,1,2,3,4,5,6,7,8,9,10,11,12,13,14,15,16,17,18,19,20,21,22,23,24,25,26,27,28,29,30,31,32,33,34,35,36,37,38,39,40,41,42,43,44,45,46,47,48,49,50,51,52,53,54,55,56,57,58,59,60,61,62,63,64,65,66,67,68,69,70,71,72,73,74,75,76,77,78,79,80,81,82,83,84,85,86,87,88,89,90,91,92,93,94,95,96,97,98,99]
CFO=-1081.1310780752583,STO=4
EsN0dB=17.24,GRXdB=10,N0=0.0003162277571391314
packet_number=597,correct=True,payload=[0,1,2,3,4,5,6,7,8,9,10,11,12,13,14,15,16,17,18,19,20,21,22,23,24,25,26,27,28,29,30,31,32,33,34,35,36,37,38,39,40,41,42,43,44,45,46,47,48,49,50,51,52,53,54,55,56,57,58,59,60,61,62,63,64,65,66,67,68,69,70,71,72,73,74,75,76,77,78,79,80,81,82,83,84,85,86,87,88,89,90,91,92,93,94,95,96,97,98,99]
CFO=-1073.851946262925,STO=4
EsN0dB=17.28,GRXdB=10,N0=0.0003162277571391314
packet_number=598,correct=True,payload=[0,1,2,3,4,5,6,7,8,9,10,11,12,13,14,15,16,17,18,19,20,21,22,23,24,25,26,27,28,29,30,31,32,33,34,35,36,37,38,39,40,41,42,43,44,45,46,47,48,49,50,51,52,53,54,55,56,57,58,59,60,61,62,63,64,65,66,67,68,69,70,71,72,73,74,75,76,77,78,79,80,81,82,83,84,85,86,87,88,89,90,91,92,93,94,95,96,97,98,99]
CFO=-1081.5274899223998,STO=4
EsN0dB=17.21,GRXdB=10,N0=0.0003162277571391314
packet_number=599,correct=True,payload=[0,1,2,3,4,5,6,7,8,9,10,11,12,13,14,15,16,17,18,19,20,21,22,23,24,25,26,27,28,29,30,31,32,33,34,35,36,37,38,39,40,41,42,43,44,45,46,47,48,49,50,51,52,53,54,55,56,57,58,59,60,61,62,63,64,65,66,67,68,69,70,71,72,73,74,75,76,77,78,79,80,81,82,83,84,85,86,87,88,89,90,91,92,93,94,95,96,97,98,99]
CFO=-1080.2052079877676,STO=7
EsN0dB=17.22,GRXdB=10,N0=0.0003162277571391314
packet_number=600,correct=True,payload=[0,1,2,3,4,5,6,7,8,9,10,11,12,13,14,15,16,17,18,19,20,21,22,23,24,25,26,27,28,29,30,31,32,33,34,35,36,37,38,39,40,41,42,43,44,45,46,47,48,49,50,51,52,53,54,55,56,57,58,59,60,61,62,63,64,65,66,67,68,69,70,71,72,73,74,75,76,77,78,79,80,81,82,83,84,85,86,87,88,89,90,91,92,93,94,95,96,97,98,99]
CFO=-1088.5710039243024,STO=4
EsN0dB=16.31,GRXdB=10,N0=0.0003981071640737355
packet_number=601,correct=True,payload=[0,1,2,3,4,5,6,7,8,9,10,11,12,13,14,15,16,17,18,19,20,21,22,23,24,25,26,27,28,29,30,31,32,33,34,35,36,37,38,39,40,41,42,43,44,45,46,47,48,49,50,51,52,53,54,55,56,57,58,59,60,61,62,63,64,65,66,67,68,69,70,71,72,73,74,75,76,77,78,79,80,81,82,83,84,85,86,87,88,89,90,91,92,93,94,95,96,97,98,99]
CFO=-1070.6013216844951,STO=4
EsN0dB=16.28,GRXdB=10,N0=0.0003981071640737355
packet_number=602,correct=True,payload=[0,1,2,3,4,5,6,7,8,9,10,11,12,13,14,15,16,17,18,19,20,21,22,23,24,25,26,27,28,29,30,31,32,33,34,35,36,37,38,39,40,41,42,43,44,45,46,47,48,49,50,51,52,53,54,55,56,57,58,59,60,61,62,63,64,65,66,67,68,69,70,71,72,73,74,75,76,77,78,79,80,81,82,83,84,85,86,87,88,89,90,91,92,93,94,95,96,97,98,99]
CFO=-1015.9717848713752,STO=3
EsN0dB=16.28,GRXdB=10,N0=0.0003981071640737355
packet_number=603,correct=True,payload=[0,1,2,3,4,5,6,7,8,9,10,11,12,13,14,15,16,17,18,19,20,21,22,23,24,25,26,27,28,29,30,31,32,33,34,35,36,37,38,39,40,41,42,43,44,45,46,47,48,49,50,51,52,53,54,55,56,57,58,59,60,61,62,63,64,65,66,67,68,69,70,71,72,73,74,75,76,77,78,79,80,81,82,83,84,85,86,87,88,89,90,91,92,93,94,95,96,97,98,99]
CFO=-1032.2985457405136,STO=4
EsN0dB=16.21,GRXdB=10,N0=0.0003981071640737355
packet_number=604,correct=True,payload=[0,1,2,3,4,5,6,7,8,9,10,11,12,13,14,15,16,17,18,19,20,21,22,23,24,25,26,27,28,29,30,31,32,33,34,35,36,37,38,39,40,41,42,43,44,45,46,47,48,49,50,51,52,53,54,55,56,57,58,59,60,61,62,63,64,65,66,67,68,69,70,71,72,73,74,75,76,77,78,79,80,81,82,83,84,85,86,87,88,89,90,91,92,93,94,95,96,97,98,99]
CFO=-1112.336504845754,STO=4
EsN0dB=16.23,GRXdB=10,N0=0.0003981071640737355
packet_number=605,correct=True,payload=[0,1,2,3,4,5,6,7,8,9,10,11,12,13,14,15,16,17,18,19,20,21,22,23,24,25,26,27,28,29,30,31,32,33,34,35,36,37,38,39,40,41,42,43,44,45,46,47,48,49,50,51,52,53,54,55,56,57,58,59,60,61,62,63,64,65,66,67,68,69,70,71,72,73,74,75,76,77,78,79,80,81,82,83,84,85,86,87,88,89,90,91,92,93,94,95,96,97,98,99]
CFO=-982.8643401445079,STO=4
EsN0dB=16.27,GRXdB=10,N0=0.0003981071640737355
packet_number=606,correct=True,payload=[0,1,2,3,4,5,6,7,8,9,10,11,12,13,14,15,16,17,18,19,20,21,22,23,24,25,26,27,28,29,30,31,32,33,34,35,36,37,38,39,40,41,42,43,44,45,46,47,48,49,50,51,52,53,54,55,56,57,58,59,60,61,62,63,64,65,66,67,68,69,70,71,72,73,74,75,76,77,78,79,80,81,82,83,84,85,86,87,88,89,90,91,92,93,94,95,96,97,98,99]
CFO=-1137.9920471765952,STO=4
EsN0dB=16.24,GRXdB=10,N0=0.0003981071640737355
packet_number=607,correct=True,payload=[0,1,2,3,4,5,6,7,8,9,10,11,12,13,14,15,16,17,18,19,20,21,22,23,24,25,26,27,28,29,30,31,32,33,34,35,36,37,38,39,40,41,42,43,44,45,46,47,48,49,50,51,52,53,54,55,56,57,58,59,60,61,62,63,64,65,66,67,68,69,70,71,72,73,74,75,76,77,78,79,80,81,82,83,84,85,86,87,88,89,90,91,92,93,94,95,96,97,98,99]
CFO=-1146.8267071405296,STO=4
EsN0dB=16.32,GRXdB=10,N0=0.0003981071640737355
packet_number=608,correct=True,payload=[0,1,2,3,4,5,6,7,8,9,10,11,12,13,14,15,16,17,18,19,20,21,22,23,24,25,26,27,28,29,30,31,32,33,34,35,36,37,38,39,40,41,42,43,44,45,46,47,48,49,50,51,52,53,54,55,56,57,58,59,60,61,62,63,64,65,66,67,68,69,70,71,72,73,74,75,76,77,78,79,80,81,82,83,84,85,86,87,88,89,90,91,92,93,94,95,96,97,98,99]
CFO=-1172.9532479328864,STO=4
EsN0dB=16.30,GRXdB=10,N0=0.0003981071640737355
packet_number=609,correct=True,payload=[0,1,2,3,4,5,6,7,8,9,10,11,12,13,14,15,16,17,18,19,20,21,22,23,24,25,26,27,28,29,30,31,32,33,34,35,36,37,38,39,40,41,42,43,44,45,46,47,48,49,50,51,52,53,54,55,56,57,58,59,60,61,62,63,64,65,66,67,68,69,70,71,72,73,74,75,76,77,78,79,80,81,82,83,84,85,86,87,88,89,90,91,92,93,94,95,96,97,98,99]
CFO=-987.8218598272389,STO=2
EsN0dB=16.27,GRXdB=10,N0=0.0003981071640737355
packet_number=610,correct=True,payload=[0,1,2,3,4,5,6,7,8,9,10,11,12,13,14,15,16,17,18,19,20,21,22,23,24,25,26,27,28,29,30,31,32,33,34,35,36,37,38,39,40,41,42,43,44,45,46,47,48,49,50,51,52,53,54,55,56,57,58,59,60,61,62,63,64,65,66,67,68,69,70,71,72,73,74,75,76,77,78,79,80,81,82,83,84,85,86,87,88,89,90,91,92,93,94,95,96,97,98,99]
CFO=-1158.410043926702,STO=5
EsN0dB=16.21,GRXdB=10,N0=0.0003981071640737355
packet_number=611,correct=True,payload=[0,1,2,3,4,5,6,7,8,9,10,11,12,13,14,15,16,17,18,19,20,21,22,23,24,25,26,27,28,29,30,31,32,33,34,35,36,37,38,39,40,41,42,43,44,45,46,47,48,49,50,51,52,53,54,55,56,57,58,59,60,61,62,63,64,65,66,67,68,69,70,71,72,73,74,75,76,77,78,79,80,81,82,83,84,85,86,87,88,89,90,91,92,93,94,95,96,97,98,99]
CFO=-1021.6442806930054,STO=4
EsN0dB=16.24,GRXdB=10,N0=0.0003981071640737355
packet_number=612,correct=True,payload=[0,1,2,3,4,5,6,7,8,9,10,11,12,13,14,15,16,17,18,19,20,21,22,23,24,25,26,27,28,29,30,31,32,33,34,35,36,37,38,39,40,41,42,43,44,45,46,47,48,49,50,51,52,53,54,55,56,57,58,59,60,61,62,63,64,65,66,67,68,69,70,71,72,73,74,75,76,77,78,79,80,81,82,83,84,85,86,87,88,89,90,91,92,93,94,95,96,97,98,99]
CFO=-1107.2352073094007,STO=4
EsN0dB=16.18,GRXdB=10,N0=0.0003981071640737355
packet_number=613,correct=True,payload=[0,1,2,3,4,5,6,7,8,9,10,11,12,13,14,15,16,17,18,19,20,21,22,23,24,25,26,27,28,29,30,31,32,33,34,35,36,37,38,39,40,41,42,43,44,45,46,47,48,49,50,51,52,53,54,55,56,57,58,59,60,61,62,63,64,65,66,67,68,69,70,71,72,73,74,75,76,77,78,79,80,81,82,83,84,85,86,87,88,89,90,91,92,93,94,95,96,97,98,99]
CFO=-1101.8617694233048,STO=4
EsN0dB=16.20,GRXdB=10,N0=0.0003981071640737355
packet_number=614,correct=True,payload=[0,1,2,3,4,5,6,7,8,9,10,11,12,13,14,15,16,17,18,19,20,21,22,23,24,25,26,27,28,29,30,31,32,33,34,35,36,37,38,39,40,41,42,43,44,45,46,47,48,49,50,51,52,53,54,55,56,57,58,59,60,61,62,63,64,65,66,67,68,69,70,71,72,73,74,75,76,77,78,79,80,81,82,83,84,85,86,87,88,89,90,91,92,93,94,95,96,97,98,99]
CFO=-1152.177140570046,STO=4
EsN0dB=16.30,GRXdB=10,N0=0.0003981071640737355
packet_number=615,correct=True,payload=[0,1,2,3,4,5,6,7,8,9,10,11,12,13,14,15,16,17,18,19,20,21,22,23,24,25,26,27,28,29,30,31,32,33,34,35,36,37,38,39,40,41,42,43,44,45,46,47,48,49,50,51,52,53,54,55,56,57,58,59,60,61,62,63,64,65,66,67,68,69,70,71,72,73,74,75,76,77,78,79,80,81,82,83,84,85,86,87,88,89,90,91,92,93,94,95,96,97,98,99]
CFO=-1077.9862265652253,STO=4
EsN0dB=16.29,GRXdB=10,N0=0.0003981071640737355
packet_number=616,correct=True,payload=[0,1,2,3,4,5,6,7,8,9,10,11,12,13,14,15,16,17,18,19,20,21,22,23,24,25,26,27,28,29,30,31,32,33,34,35,36,37,38,39,40,41,42,43,44,45,46,47,48,49,50,51,52,53,54,55,56,57,58,59,60,61,62,63,64,65,66,67,68,69,70,71,72,73,74,75,76,77,78,79,80,81,82,83,84,85,86,87,88,89,90,91,92,93,94,95,96,97,98,99]
CFO=-1042.5603120700923,STO=4
EsN0dB=16.31,GRXdB=10,N0=0.0003981071640737355
packet_number=617,correct=True,payload=[0,1,2,3,4,5,6,7,8,9,10,11,12,13,14,15,16,17,18,19,20,21,22,23,24,25,26,27,28,29,30,31,32,33,34,35,36,37,38,39,40,41,42,43,44,45,46,47,48,49,50,51,52,53,54,55,56,57,58,59,60,61,62,63,64,65,66,67,68,69,70,71,72,73,74,75,76,77,78,79,80,81,82,83,84,85,86,87,88,89,90,91,92,93,94,95,96,97,98,99]
CFO=-1172.4460826710783,STO=4
EsN0dB=16.25,GRXdB=10,N0=0.0003981071640737355
packet_number=618,correct=True,payload=[0,1,2,3,4,5,6,7,8,9,10,11,12,13,14,15,16,17,18,19,20,21,22,23,24,25,26,27,28,29,30,31,32,33,34,35,36,37,38,39,40,41,42,43,44,45,46,47,48,49,50,51,52,53,54,55,56,57,58,59,60,61,62,63,64,65,66,67,68,69,70,71,72,73,74,75,76,77,78,79,80,81,82,83,84,85,86,87,88,89,90,91,92,93,94,95,96,97,98,99]
CFO=-989.151849440622,STO=2
EsN0dB=16.39,GRXdB=10,N0=0.0003981071640737355
packet_number=619,correct=True,payload=[0,1,2,3,4,5,6,7,8,9,10,11,12,13,14,15,16,17,18,19,20,21,22,23,24,25,26,27,28,29,30,31,32,33,34,35,36,37,38,39,40,41,42,43,44,45,46,47,48,49,50,51,52,53,54,55,56,57,58,59,60,61,62,63,64,65,66,67,68,69,70,71,72,73,74,75,76,77,78,79,80,81,82,83,84,85,86,87,88,89,90,91,92,93,94,95,96,97,98,99]
CFO=-1062.7686599581752,STO=4
EsN0dB=16.31,GRXdB=10,N0=0.0003981071640737355
packet_number=620,correct=True,payload=[0,1,2,3,4,5,6,7,8,9,10,11,12,13,14,15,16,17,18,19,20,21,22,23,24,25,26,27,28,29,30,31,32,33,34,35,36,37,38,39,40,41,42,43,44,45,46,47,48,49,50,51,52,53,54,55,56,57,58,59,60,61,62,63,64,65,66,67,68,69,70,71,72,73,74,75,76,77,78,79,80,81,82,83,84,85,86,87,88,89,90,91,92,93,94,95,96,97,98,99]
CFO=-1043.258034866557,STO=3
EsN0dB=16.16,GRXdB=10,N0=0.0003981071640737355
packet_number=621,correct=True,payload=[0,1,2,3,4,5,6,7,8,9,10,11,12,13,14,15,16,17,18,19,20,21,22,23,24,25,26,27,28,29,30,31,32,33,34,35,36,37,38,39,40,41,42,43,44,45,46,47,48,49,50,51,52,53,54,55,56,57,58,59,60,61,62,63,64,65,66,67,68,69,70,71,72,73,74,75,76,77,78,79,80,81,82,83,84,85,86,87,88,89,90,91,92,93,94,95,96,97,98,99]
CFO=-953.1134116441401,STO=4
EsN0dB=16.29,GRXdB=10,N0=0.0003981071640737355
packet_number=622,correct=True,payload=[0,1,2,3,4,5,6,7,8,9,10,11,12,13,14,15,16,17,18,19,20,21,22,23,24,25,26,27,28,29,30,31,32,33,34,35,36,37,38,39,40,41,42,43,44,45,46,47,48,49,50,51,52,53,54,55,56,57,58,59,60,61,62,63,64,65,66,67,68,69,70,71,72,73,74,75,76,77,78,79,80,81,82,83,84,85,86,87,88,89,90,91,92,93,94,95,96,97,98,99]
CFO=-1013.3785660005591,STO=4
EsN0dB=16.22,GRXdB=10,N0=0.0003981071640737355
packet_number=623,correct=True,payload=[0,1,2,3,4,5,6,7,8,9,10,11,12,13,14,15,16,17,18,19,20,21,22,23,24,25,26,27,28,29,30,31,32,33,34,35,36,37,38,39,40,41,42,43,44,45,46,47,48,49,50,51,52,53,54,55,56,57,58,59,60,61,62,63,64,65,66,67,68,69,70,71,72,73,74,75,76,77,78,79,80,81,82,83,84,85,86,87,88,89,90,91,92,93,94,95,96,97,98,99]
CFO=-960.8078687614731,STO=4
EsN0dB=16.26,GRXdB=10,N0=0.0003981071640737355
packet_number=624,correct=True,payload=[0,1,2,3,4,5,6,7,8,9,10,11,12,13,14,15,16,17,18,19,20,21,22,23,24,25,26,27,28,29,30,31,32,33,34,35,36,37,38,39,40,41,42,43,44,45,46,47,48,49,50,51,52,53,54,55,56,57,58,59,60,61,62,63,64,65,66,67,68,69,70,71,72,73,74,75,76,77,78,79,80,81,82,83,84,85,86,87,88,89,90,91,92,93,94,95,96,97,98,99]
CFO=-1136.3984549499319,STO=4
EsN0dB=16.25,GRXdB=10,N0=0.0003981071640737355
packet_number=625,correct=True,payload=[0,1,2,3,4,5,6,7,8,9,10,11,12,13,14,15,16,17,18,19,20,21,22,23,24,25,26,27,28,29,30,31,32,33,34,35,36,37,38,39,40,41,42,43,44,45,46,47,48,49,50,51,52,53,54,55,56,57,58,59,60,61,62,63,64,65,66,67,68,69,70,71,72,73,74,75,76,77,78,79,80,81,82,83,84,85,86,87,88,89,90,91,92,93,94,95,96,97,98,99]
CFO=-917.8274804530907,STO=4
EsN0dB=16.22,GRXdB=10,N0=0.0003981071640737355
packet_number=626,correct=True,payload=[0,1,2,3,4,5,6,7,8,9,10,11,12,13,14,15,16,17,18,19,20,21,22,23,24,25,26,27,28,29,30,31,32,33,34,35,36,37,38,39,40,41,42,43,44,45,46,47,48,49,50,51,52,53,54,55,56,57,58,59,60,61,62,63,64,65,66,67,68,69,70,71,72,73,74,75,76,77,78,79,80,81,82,83,84,85,86,87,88,89,90,91,92,93,94,95,96,97,98,99]
CFO=-1086.9567788345214,STO=4
EsN0dB=16.22,GRXdB=10,N0=0.0003981071640737355
packet_number=627,correct=True,payload=[0,1,2,3,4,5,6,7,8,9,10,11,12,13,14,15,16,17,18,19,20,21,22,23,24,25,26,27,28,29,30,31,32,33,34,35,36,37,38,39,40,41,42,43,44,45,46,47,48,49,50,51,52,53,54,55,56,57,58,59,60,61,62,63,64,65,66,67,68,69,70,71,72,73,74,75,76,77,78,79,80,81,82,83,84,85,86,87,88,89,90,91,92,93,94,95,96,97,98,99]
CFO=-1026.836410258946,STO=4
EsN0dB=16.22,GRXdB=10,N0=0.0003981071640737355
packet_number=628,correct=True,payload=[0,1,2,3,4,5,6,7,8,9,10,11,12,13,14,15,16,17,18,19,20,21,22,23,24,25,26,27,28,29,30,31,32,33,34,35,36,37,38,39,40,41,42,43,44,45,46,47,48,49,50,51,52,53,54,55,56,57,58,59,60,61,62,63,64,65,66,67,68,69,70,71,72,73,74,75,76,77,78,79,80,81,82,83,84,85,86,87,88,89,90,91,92,93,94,95,96,97,98,99]
CFO=-937.2894285889054,STO=5
EsN0dB=16.29,GRXdB=10,N0=0.0003981071640737355
packet_number=629,correct=True,payload=[0,1,2,3,4,5,6,7,8,9,10,11,12,13,14,15,16,17,18,19,20,21,22,23,24,25,26,27,28,29,30,31,32,33,34,35,36,37,38,39,40,41,42,43,44,45,46,47,48,49,50,51,52,53,54,55,56,57,58,59,60,61,62,63,64,65,66,67,68,69,70,71,72,73,74,75,76,77,78,79,80,81,82,83,84,85,86,87,88,89,90,91,92,93,94,95,96,97,98,99]
CFO=-1036.2190268922318,STO=4
EsN0dB=16.23,GRXdB=10,N0=0.0003981071640737355
packet_number=630,correct=True,payload=[0,1,2,3,4,5,6,7,8,9,10,11,12,13,14,15,16,17,18,19,20,21,22,23,24,25,26,27,28,29,30,31,32,33,34,35,36,37,38,39,40,41,42,43,44,45,46,47,48,49,50,51,52,53,54,55,56,57,58,59,60,61,62,63,64,65,66,67,68,69,70,71,72,73,74,75,76,77,78,79,80,81,82,83,84,85,86,87,88,89,90,91,92,93,94,95,96,97,98,99]
CFO=-1074.6629126471908,STO=4
EsN0dB=16.36,GRXdB=10,N0=0.0003981071640737355
packet_number=631,correct=True,payload=[0,1,2,3,4,5,6,7,8,9,10,11,12,13,14,15,16,17,18,19,20,21,22,23,24,25,26,27,28,29,30,31,32,33,34,35,36,37,38,39,40,41,42,43,44,45,46,47,48,49,50,51,52,53,54,55,56,57,58,59,60,61,62,63,64,65,66,67,68,69,70,71,72,73,74,75,76,77,78,79,80,81,82,83,84,85,86,87,88,89,90,91,92,93,94,95,96,97,98,99]
CFO=-1042.9653802333696,STO=5
EsN0dB=16.24,GRXdB=10,N0=0.0003981071640737355
packet_number=632,correct=True,payload=[0,1,2,3,4,5,6,7,8,9,10,11,12,13,14,15,16,17,18,19,20,21,22,23,24,25,26,27,28,29,30,31,32,33,34,35,36,37,38,39,40,41,42,43,44,45,46,47,48,49,50,51,52,53,54,55,56,57,58,59,60,61,62,63,64,65,66,67,68,69,70,71,72,73,74,75,76,77,78,79,80,81,82,83,84,85,86,87,88,89,90,91,92,93,94,95,96,97,98,99]
CFO=-1126.844016370338,STO=4
EsN0dB=16.22,GRXdB=10,N0=0.0003981071640737355
packet_number=633,correct=True,payload=[0,1,2,3,4,5,6,7,8,9,10,11,12,13,14,15,16,17,18,19,20,21,22,23,24,25,26,27,28,29,30,31,32,33,34,35,36,37,38,39,40,41,42,43,44,45,46,47,48,49,50,51,52,53,54,55,56,57,58,59,60,61,62,63,64,65,66,67,68,69,70,71,72,73,74,75,76,77,78,79,80,81,82,83,84,85,86,87,88,89,90,91,92,93,94,95,96,97,98,99]
CFO=-1045.0317496166444,STO=5
EsN0dB=16.31,GRXdB=10,N0=0.0003981071640737355
packet_number=634,correct=True,payload=[0,1,2,3,4,5,6,7,8,9,10,11,12,13,14,15,16,17,18,19,20,21,22,23,24,25,26,27,28,29,30,31,32,33,34,35,36,37,38,39,40,41,42,43,44,45,46,47,48,49,50,51,52,53,54,55,56,57,58,59,60,61,62,63,64,65,66,67,68,69,70,71,72,73,74,75,76,77,78,79,80,81,82,83,84,85,86,87,88,89,90,91,92,93,94,95,96,97,98,99]
CFO=-1085.2153177555144,STO=4
EsN0dB=16.27,GRXdB=10,N0=0.0003981071640737355
packet_number=635,correct=True,payload=[0,1,2,3,4,5,6,7,8,9,10,11,12,13,14,15,16,17,18,19,20,21,22,23,24,25,26,27,28,29,30,31,32,33,34,35,36,37,38,39,40,41,42,43,44,45,46,47,48,49,50,51,52,53,54,55,56,57,58,59,60,61,62,63,64,65,66,67,68,69,70,71,72,73,74,75,76,77,78,79,80,81,82,83,84,85,86,87,88,89,90,91,92,93,94,95,96,97,98,99]
CFO=-1266.9039229224888,STO=4
EsN0dB=16.16,GRXdB=10,N0=0.0003981071640737355
packet_number=636,correct=True,payload=[0,1,2,3,4,5,6,7,8,9,10,11,12,13,14,15,16,17,18,19,20,21,22,23,24,25,26,27,28,29,30,31,32,33,34,35,36,37,38,39,40,41,42,43,44,45,46,47,48,49,50,51,52,53,54,55,56,57,58,59,60,61,62,63,64,65,66,67,68,69,70,71,72,73,74,75,76,77,78,79,80,81,82,83,84,85,86,87,88,89,90,91,92,93,94,95,96,97,98,99]
CFO=-1182.827021572113,STO=5
EsN0dB=16.30,GRXdB=10,N0=0.0003981071640737355
packet_number=637,correct=True,payload=[0,1,2,3,4,5,6,7,8,9,10,11,12,13,14,15,16,17,18,19,20,21,22,23,24,25,26,27,28,29,30,31,32,33,34,35,36,37,38,39,40,41,42,43,44,45,46,47,48,49,50,51,52,53,54,55,56,57,58,59,60,61,62,63,64,65,66,67,68,69,70,71,72,73,74,75,76,77,78,79,80,81,82,83,84,85,86,87,88,89,90,91,92,93,94,95,96,97,98,99]
CFO=-1069.162594510888,STO=5
EsN0dB=16.24,GRXdB=10,N0=0.0003981071640737355
packet_number=638,correct=True,payload=[0,1,2,3,4,5,6,7,8,9,10,11,12,13,14,15,16,17,18,19,20,21,22,23,24,25,26,27,28,29,30,31,32,33,34,35,36,37,38,39,40,41,42,43,44,45,46,47,48,49,50,51,52,53,54,55,56,57,58,59,60,61,62,63,64,65,66,67,68,69,70,71,72,73,74,75,76,77,78,79,80,81,82,83,84,85,86,87,88,89,90,91,92,93,94,95,96,97,98,99]
CFO=-1089.8319801679468,STO=4
EsN0dB=16.21,GRXdB=10,N0=0.0003981071640737355
packet_number=639,correct=True,payload=[0,1,2,3,4,5,6,7,8,9,10,11,12,13,14,15,16,17,18,19,20,21,22,23,24,25,26,27,28,29,30,31,32,33,34,35,36,37,38,39,40,41,42,43,44,45,46,47,48,49,50,51,52,53,54,55,56,57,58,59,60,61,62,63,64,65,66,67,68,69,70,71,72,73,74,75,76,77,78,79,80,81,82,83,84,85,86,87,88,89,90,91,92,93,94,95,96,97,98,99]
CFO=-1062.329440849048,STO=5
EsN0dB=16.25,GRXdB=10,N0=0.0003981071640737355
packet_number=640,correct=True,payload=[0,1,2,3,4,5,6,7,8,9,10,11,12,13,14,15,16,17,18,19,20,21,22,23,24,25,26,27,28,29,30,31,32,33,34,35,36,37,38,39,40,41,42,43,44,45,46,47,48,49,50,51,52,53,54,55,56,57,58,59,60,61,62,63,64,65,66,67,68,69,70,71,72,73,74,75,76,77,78,79,80,81,82,83,84,85,86,87,88,89,90,91,92,93,94,95,96,97,98,99]
CFO=-951.0658964288865,STO=4
EsN0dB=16.21,GRXdB=10,N0=0.0003981071640737355
packet_number=641,correct=True,payload=[0,1,2,3,4,5,6,7,8,9,10,11,12,13,14,15,16,17,18,19,20,21,22,23,24,25,26,27,28,29,30,31,32,33,34,35,36,37,38,39,40,41,42,43,44,45,46,47,48,49,50,51,52,53,54,55,56,57,58,59,60,61,62,63,64,65,66,67,68,69,70,71,72,73,74,75,76,77,78,79,80,81,82,83,84,85,86,87,88,89,90,91,92,93,94,95,96,97,98,99]
CFO=-1037.169205812706,STO=5
EsN0dB=16.25,GRXdB=10,N0=0.0003981071640737355
packet_number=642,correct=True,payload=[0,1,2,3,4,5,6,7,8,9,10,11,12,13,14,15,16,17,18,19,20,21,22,23,24,25,26,27,28,29,30,31,32,33,34,35,36,37,38,39,40,41,42,43,44,45,46,47,48,49,50,51,52,53,54,55,56,57,58,59,60,61,62,63,64,65,66,67,68,69,70,71,72,73,74,75,76,77,78,79,80,81,82,83,84,85,86,87,88,89,90,91,92,93,94,95,96,97,98,99]
CFO=-1043.8101418244662,STO=5
EsN0dB=16.25,GRXdB=10,N0=0.0003981071640737355
packet_number=643,correct=True,payload=[0,1,2,3,4,5,6,7,8,9,10,11,12,13,14,15,16,17,18,19,20,21,22,23,24,25,26,27,28,29,30,31,32,33,34,35,36,37,38,39,40,41,42,43,44,45,46,47,48,49,50,51,52,53,54,55,56,57,58,59,60,61,62,63,64,65,66,67,68,69,70,71,72,73,74,75,76,77,78,79,80,81,82,83,84,85,86,87,88,89,90,91,92,93,94,95,96,97,98,99]
CFO=-1084.4473957925802,STO=4
EsN0dB=16.20,GRXdB=10,N0=0.0003981071640737355
packet_number=644,correct=True,payload=[0,1,2,3,4,5,6,7,8,9,10,11,12,13,14,15,16,17,18,19,20,21,22,23,24,25,26,27,28,29,30,31,32,33,34,35,36,37,38,39,40,41,42,43,44,45,46,47,48,49,50,51,52,53,54,55,56,57,58,59,60,61,62,63,64,65,66,67,68,69,70,71,72,73,74,75,76,77,78,79,80,81,82,83,84,85,86,87,88,89,90,91,92,93,94,95,96,97,98,99]
CFO=-1029.1233378341694,STO=4
EsN0dB=16.29,GRXdB=10,N0=0.0003981071640737355
packet_number=645,correct=True,payload=[0,1,2,3,4,5,6,7,8,9,10,11,12,13,14,15,16,17,18,19,20,21,22,23,24,25,26,27,28,29,30,31,32,33,34,35,36,37,38,39,40,41,42,43,44,45,46,47,48,49,50,51,52,53,54,55,56,57,58,59,60,61,62,63,64,65,66,67,68,69,70,71,72,73,74,75,76,77,78,79,80,81,82,83,84,85,86,87,88,89,90,91,92,93,94,95,96,97,98,99]
CFO=-1120.1258849913959,STO=4
EsN0dB=16.26,GRXdB=10,N0=0.0003981071640737355
packet_number=646,correct=True,payload=[0,1,2,3,4,5,6,7,8,9,10,11,12,13,14,15,16,17,18,19,20,21,22,23,24,25,26,27,28,29,30,31,32,33,34,35,36,37,38,39,40,41,42,43,44,45,46,47,48,49,50,51,52,53,54,55,56,57,58,59,60,61,62,63,64,65,66,67,68,69,70,71,72,73,74,75,76,77,78,79,80,81,82,83,84,85,86,87,88,89,90,91,92,93,94,95,96,97,98,99]
CFO=-1011.6429153255334,STO=4
EsN0dB=16.30,GRXdB=10,N0=0.0003981071640737355
packet_number=647,correct=True,payload=[0,1,2,3,4,5,6,7,8,9,10,11,12,13,14,15,16,17,18,19,20,21,22,23,24,25,26,27,28,29,30,31,32,33,34,35,36,37,38,39,40,41,42,43,44,45,46,47,48,49,50,51,52,53,54,55,56,57,58,59,60,61,62,63,64,65,66,67,68,69,70,71,72,73,74,75,76,77,78,79,80,81,82,83,84,85,86,87,88,89,90,91,92,93,94,95,96,97,98,99]
CFO=-1003.1613856280624,STO=5
EsN0dB=16.18,GRXdB=10,N0=0.0003981071640737355
packet_number=648,correct=True,payload=[0,1,2,3,4,5,6,7,8,9,10,11,12,13,14,15,16,17,18,19,20,21,22,23,24,25,26,27,28,29,30,31,32,33,34,35,36,37,38,39,40,41,42,43,44,45,46,47,48,49,50,51,52,53,54,55,56,57,58,59,60,61,62,63,64,65,66,67,68,69,70,71,72,73,74,75,76,77,78,79,80,81,82,83,84,85,86,87,88,89,90,91,92,93,94,95,96,97,98,99]
CFO=-1060.9028088020962,STO=1
EsN0dB=16.23,GRXdB=10,N0=0.0003981071640737355
packet_number=649,correct=True,payload=[0,1,2,3,4,5,6,7,8,9,10,11,12,13,14,15,16,17,18,19,20,21,22,23,24,25,26,27,28,29,30,31,32,33,34,35,36,37,38,39,40,41,42,43,44,45,46,47,48,49,50,51,52,53,54,55,56,57,58,59,60,61,62,63,64,65,66,67,68,69,70,71,72,73,74,75,76,77,78,79,80,81,82,83,84,85,86,87,88,89,90,91,92,93,94,95,96,97,98,99]
CFO=-1045.0042391324876,STO=4
EsN0dB=16.26,GRXdB=10,N0=0.0003981071640737355
packet_number=650,correct=True,payload=[0,1,2,3,4,5,6,7,8,9,10,11,12,13,14,15,16,17,18,19,20,21,22,23,24,25,26,27,28,29,30,31,32,33,34,35,36,37,38,39,40,41,42,43,44,45,46,47,48,49,50,51,52,53,54,55,56,57,58,59,60,61,62,63,64,65,66,67,68,69,70,71,72,73,74,75,76,77,78,79,80,81,82,83,84,85,86,87,88,89,90,91,92,93,94,95,96,97,98,99]
CFO=-888.8515294062059,STO=4
EsN0dB=16.18,GRXdB=10,N0=0.0003981071640737355
packet_number=651,correct=True,payload=[0,1,2,3,4,5,6,7,8,9,10,11,12,13,14,15,16,17,18,19,20,21,22,23,24,25,26,27,28,29,30,31,32,33,34,35,36,37,38,39,40,41,42,43,44,45,46,47,48,49,50,51,52,53,54,55,56,57,58,59,60,61,62,63,64,65,66,67,68,69,70,71,72,73,74,75,76,77,78,79,80,81,82,83,84,85,86,87,88,89,90,91,92,93,94,95,96,97,98,99]
CFO=-1010.4804787902273,STO=4
EsN0dB=16.21,GRXdB=10,N0=0.0003981071640737355
packet_number=652,correct=True,payload=[0,1,2,3,4,5,6,7,8,9,10,11,12,13,14,15,16,17,18,19,20,21,22,23,24,25,26,27,28,29,30,31,32,33,34,35,36,37,38,39,40,41,42,43,44,45,46,47,48,49,50,51,52,53,54,55,56,57,58,59,60,61,62,63,64,65,66,67,68,69,70,71,72,73,74,75,76,77,78,79,80,81,82,83,84,85,86,87,88,89,90,91,92,93,94,95,96,97,98,99]
CFO=-1027.1527808267515,STO=5
EsN0dB=16.22,GRXdB=10,N0=0.0003981071640737355
packet_number=653,correct=True,payload=[0,1,2,3,4,5,6,7,8,9,10,11,12,13,14,15,16,17,18,19,20,21,22,23,24,25,26,27,28,29,30,31,32,33,34,35,36,37,38,39,40,41,42,43,44,45,46,47,48,49,50,51,52,53,54,55,56,57,58,59,60,61,62,63,64,65,66,67,68,69,70,71,72,73,74,75,76,77,78,79,80,81,82,83,84,85,86,87,88,89,90,91,92,93,94,95,96,97,98,99]
CFO=-1004.7730019650354,STO=4
EsN0dB=16.19,GRXdB=10,N0=0.0003981071640737355
packet_number=654,correct=True,payload=[0,1,2,3,4,5,6,7,8,9,10,11,12,13,14,15,16,17,18,19,20,21,22,23,24,25,26,27,28,29,30,31,32,33,34,35,36,37,38,39,40,41,42,43,44,45,46,47,48,49,50,51,52,53,54,55,56,57,58,59,60,61,62,63,64,65,66,67,68,69,70,71,72,73,74,75,76,77,78,79,80,81,82,83,84,85,86,87,88,89,90,91,92,93,94,95,96,97,98,99]
CFO=-1183.1182532492232,STO=4
EsN0dB=16.19,GRXdB=10,N0=0.0003981071640737355
packet_number=655,correct=True,payload=[0,1,2,3,4,5,6,7,8,9,10,11,12,13,14,15,16,17,18,19,20,21,22,23,24,25,26,27,28,29,30,31,32,33,34,35,36,37,38,39,40,41,42,43,44,45,46,47,48,49,50,51,52,53,54,55,56,57,58,59,60,61,62,63,64,65,66,67,68,69,70,71,72,73,74,75,76,77,78,79,80,81,82,83,84,85,86,87,88,89,90,91,92,93,94,95,96,97,98,99]
CFO=-1041.7756703732525,STO=4
EsN0dB=16.19,GRXdB=10,N0=0.0003981071640737355
packet_number=656,correct=True,payload=[0,1,2,3,4,5,6,7,8,9,10,11,12,13,14,15,16,17,18,19,20,21,22,23,24,25,26,27,28,29,30,31,32,33,34,35,36,37,38,39,40,41,42,43,44,45,46,47,48,49,50,51,52,53,54,55,56,57,58,59,60,61,62,63,64,65,66,67,68,69,70,71,72,73,74,75,76,77,78,79,80,81,82,83,84,85,86,87,88,89,90,91,92,93,94,95,96,97,98,99]
CFO=-1001.3226892171211,STO=4
EsN0dB=16.24,GRXdB=10,N0=0.0003981071640737355
packet_number=657,correct=True,payload=[0,1,2,3,4,5,6,7,8,9,10,11,12,13,14,15,16,17,18,19,20,21,22,23,24,25,26,27,28,29,30,31,32,33,34,35,36,37,38,39,40,41,42,43,44,45,46,47,48,49,50,51,52,53,54,55,56,57,58,59,60,61,62,63,64,65,66,67,68,69,70,71,72,73,74,75,76,77,78,79,80,81,82,83,84,85,86,87,88,89,90,91,92,93,94,95,96,97,98,99]
CFO=-1160.3179908667282,STO=5
EsN0dB=16.29,GRXdB=10,N0=0.0003981071640737355
packet_number=658,correct=True,payload=[0,1,2,3,4,5,6,7,8,9,10,11,12,13,14,15,16,17,18,19,20,21,22,23,24,25,26,27,28,29,30,31,32,33,34,35,36,37,38,39,40,41,42,43,44,45,46,47,48,49,50,51,52,53,54,55,56,57,58,59,60,61,62,63,64,65,66,67,68,69,70,71,72,73,74,75,76,77,78,79,80,81,82,83,84,85,86,87,88,89,90,91,92,93,94,95,96,97,98,99]
CFO=-1069.3581323918143,STO=5
EsN0dB=16.34,GRXdB=10,N0=0.0003981071640737355
packet_number=659,correct=True,payload=[0,1,2,3,4,5,6,7,8,9,10,11,12,13,14,15,16,17,18,19,20,21,22,23,24,25,26,27,28,29,30,31,32,33,34,35,36,37,38,39,40,41,42,43,44,45,46,47,48,49,50,51,52,53,54,55,56,57,58,59,60,61,62,63,64,65,66,67,68,69,70,71,72,73,74,75,76,77,78,79,80,81,82,83,84,85,86,87,88,89,90,91,92,93,94,95,96,97,98,99]
CFO=-1064.664393191873,STO=4
EsN0dB=16.25,GRXdB=10,N0=0.0003981071640737355
packet_number=660,correct=True,payload=[0,1,2,3,4,5,6,7,8,9,10,11,12,13,14,15,16,17,18,19,20,21,22,23,24,25,26,27,28,29,30,31,32,33,34,35,36,37,38,39,40,41,42,43,44,45,46,47,48,49,50,51,52,53,54,55,56,57,58,59,60,61,62,63,64,65,66,67,68,69,70,71,72,73,74,75,76,77,78,79,80,81,82,83,84,85,86,87,88,89,90,91,92,93,94,95,96,97,98,99]
CFO=-1085.315636158949,STO=4
EsN0dB=16.24,GRXdB=10,N0=0.0003981071640737355
packet_number=661,correct=True,payload=[0,1,2,3,4,5,6,7,8,9,10,11,12,13,14,15,16,17,18,19,20,21,22,23,24,25,26,27,28,29,30,31,32,33,34,35,36,37,38,39,40,41,42,43,44,45,46,47,48,49,50,51,52,53,54,55,56,57,58,59,60,61,62,63,64,65,66,67,68,69,70,71,72,73,74,75,76,77,78,79,80,81,82,83,84,85,86,87,88,89,90,91,92,93,94,95,96,97,98,99]
CFO=-1078.5263569761523,STO=4
EsN0dB=16.28,GRXdB=10,N0=0.0003981071640737355
packet_number=662,correct=True,payload=[0,1,2,3,4,5,6,7,8,9,10,11,12,13,14,15,16,17,18,19,20,21,22,23,24,25,26,27,28,29,30,31,32,33,34,35,36,37,38,39,40,41,42,43,44,45,46,47,48,49,50,51,52,53,54,55,56,57,58,59,60,61,62,63,64,65,66,67,68,69,70,71,72,73,74,75,76,77,78,79,80,81,82,83,84,85,86,87,88,89,90,91,92,93,94,95,96,97,98,99]
CFO=-1026.4512634807481,STO=4
EsN0dB=16.27,GRXdB=10,N0=0.0003981071640737355
packet_number=663,correct=True,payload=[0,1,2,3,4,5,6,7,8,9,10,11,12,13,14,15,16,17,18,19,20,21,22,23,24,25,26,27,28,29,30,31,32,33,34,35,36,37,38,39,40,41,42,43,44,45,46,47,48,49,50,51,52,53,54,55,56,57,58,59,60,61,62,63,64,65,66,67,68,69,70,71,72,73,74,75,76,77,78,79,80,81,82,83,84,85,86,87,88,89,90,91,92,93,94,95,96,97,98,99]
CFO=-983.5508571618653,STO=4
EsN0dB=16.17,GRXdB=10,N0=0.0003981071640737355
packet_number=664,correct=True,payload=[0,1,2,3,4,5,6,7,8,9,10,11,12,13,14,15,16,17,18,19,20,21,22,23,24,25,26,27,28,29,30,31,32,33,34,35,36,37,38,39,40,41,42,43,44,45,46,47,48,49,50,51,52,53,54,55,56,57,58,59,60,61,62,63,64,65,66,67,68,69,70,71,72,73,74,75,76,77,78,79,80,81,82,83,84,85,86,87,88,89,90,91,92,93,94,95,96,97,98,99]
CFO=-1099.6533415916674,STO=5
EsN0dB=16.23,GRXdB=10,N0=0.0003981071640737355
packet_number=665,correct=True,payload=[0,1,2,3,4,5,6,7,8,9,10,11,12,13,14,15,16,17,18,19,20,21,22,23,24,25,26,27,28,29,30,31,32,33,34,35,36,37,38,39,40,41,42,43,44,45,46,47,48,49,50,51,52,53,54,55,56,57,58,59,60,61,62,63,64,65,66,67,68,69,70,71,72,73,74,75,76,77,78,79,80,81,82,83,84,85,86,87,88,89,90,91,92,93,94,95,96,97,98,99]
CFO=-978.3297348658541,STO=4
EsN0dB=16.22,GRXdB=10,N0=0.0003981071640737355
packet_number=666,correct=True,payload=[0,1,2,3,4,5,6,7,8,9,10,11,12,13,14,15,16,17,18,19,20,21,22,23,24,25,26,27,28,29,30,31,32,33,34,35,36,37,38,39,40,41,42,43,44,45,46,47,48,49,50,51,52,53,54,55,56,57,58,59,60,61,62,63,64,65,66,67,68,69,70,71,72,73,74,75,76,77,78,79,80,81,82,83,84,85,86,87,88,89,90,91,92,93,94,95,96,97,98,99]
CFO=-949.7811449607875,STO=5
EsN0dB=16.28,GRXdB=10,N0=0.0003981071640737355
packet_number=667,correct=True,payload=[0,1,2,3,4,5,6,7,8,9,10,11,12,13,14,15,16,17,18,19,20,21,22,23,24,25,26,27,28,29,30,31,32,33,34,35,36,37,38,39,40,41,42,43,44,45,46,47,48,49,50,51,52,53,54,55,56,57,58,59,60,61,62,63,64,65,66,67,68,69,70,71,72,73,74,75,76,77,78,79,80,81,82,83,84,85,86,87,88,89,90,91,92,93,94,95,96,97,98,99]
CFO=-1126.9037805255757,STO=4
EsN0dB=16.26,GRXdB=10,N0=0.0003981071640737355
packet_number=668,correct=True,payload=[0,1,2,3,4,5,6,7,8,9,10,11,12,13,14,15,16,17,18,19,20,21,22,23,24,25,26,27,28,29,30,31,32,33,34,35,36,37,38,39,40,41,42,43,44,45,46,47,48,49,50,51,52,53,54,55,56,57,58,59,60,61,62,63,64,65,66,67,68,69,70,71,72,73,74,75,76,77,78,79,80,81,82,83,84,85,86,87,88,89,90,91,92,93,94,95,96,97,98,99]
CFO=-1093.2947437815355,STO=4
EsN0dB=16.26,GRXdB=10,N0=0.0003981071640737355
packet_number=669,correct=True,payload=[0,1,2,3,4,5,6,7,8,9,10,11,12,13,14,15,16,17,18,19,20,21,22,23,24,25,26,27,28,29,30,31,32,33,34,35,36,37,38,39,40,41,42,43,44,45,46,47,48,49,50,51,52,53,54,55,56,57,58,59,60,61,62,63,64,65,66,67,68,69,70,71,72,73,74,75,76,77,78,79,80,81,82,83,84,85,86,87,88,89,90,91,92,93,94,95,96,97,98,99]
CFO=-982.4832843650315,STO=4
EsN0dB=16.20,GRXdB=10,N0=0.0003981071640737355
packet_number=670,correct=True,payload=[0,1,2,3,4,5,6,7,8,9,10,11,12,13,14,15,16,17,18,19,20,21,22,23,24,25,26,27,28,29,30,31,32,33,34,35,36,37,38,39,40,41,42,43,44,45,46,47,48,49,50,51,52,53,54,55,56,57,58,59,60,61,62,63,64,65,66,67,68,69,70,71,72,73,74,75,76,77,78,79,80,81,82,83,84,85,86,87,88,89,90,91,92,93,94,95,96,97,98,99]
CFO=-1062.630633218698,STO=5
EsN0dB=16.25,GRXdB=10,N0=0.0003981071640737355
packet_number=671,correct=True,payload=[0,1,2,3,4,5,6,7,8,9,10,11,12,13,14,15,16,17,18,19,20,21,22,23,24,25,26,27,28,29,30,31,32,33,34,35,36,37,38,39,40,41,42,43,44,45,46,47,48,49,50,51,52,53,54,55,56,57,58,59,60,61,62,63,64,65,66,67,68,69,70,71,72,73,74,75,76,77,78,79,80,81,82,83,84,85,86,87,88,89,90,91,92,93,94,95,96,97,98,99]
CFO=-949.6008445678534,STO=4
EsN0dB=16.26,GRXdB=10,N0=0.0003981071640737355
packet_number=672,correct=True,payload=[0,1,2,3,4,5,6,7,8,9,10,11,12,13,14,15,16,17,18,19,20,21,22,23,24,25,26,27,28,29,30,31,32,33,34,35,36,37,38,39,40,41,42,43,44,45,46,47,48,49,50,51,52,53,54,55,56,57,58,59,60,61,62,63,64,65,66,67,68,69,70,71,72,73,74,75,76,77,78,79,80,81,82,83,84,85,86,87,88,89,90,91,92,93,94,95,96,97,98,99]
CFO=-1031.3925970381022,STO=4
EsN0dB=16.20,GRXdB=10,N0=0.0003981071640737355
packet_number=673,correct=True,payload=[0,1,2,3,4,5,6,7,8,9,10,11,12,13,14,15,16,17,18,19,20,21,22,23,24,25,26,27,28,29,30,31,32,33,34,35,36,37,38,39,40,41,42,43,44,45,46,47,48,49,50,51,52,53,54,55,56,57,58,59,60,61,62,63,64,65,66,67,68,69,70,71,72,73,74,75,76,77,78,79,80,81,82,83,84,85,86,87,88,89,90,91,92,93,94,95,96,97,98,99]
CFO=-1026.7402421440695,STO=4
EsN0dB=16.19,GRXdB=10,N0=0.0003981071640737355
packet_number=674,correct=True,payload=[0,1,2,3,4,5,6,7,8,9,10,11,12,13,14,15,16,17,18,19,20,21,22,23,24,25,26,27,28,29,30,31,32,33,34,35,36,37,38,39,40,41,42,43,44,45,46,47,48,49,50,51,52,53,54,55,56,57,58,59,60,61,62,63,64,65,66,67,68,69,70,71,72,73,74,75,76,77,78,79,80,81,82,83,84,85,86,87,88,89,90,91,92,93,94,95,96,97,98,99]
CFO=-953.9847350820091,STO=3
EsN0dB=16.28,GRXdB=10,N0=0.0003981071640737355
packet_number=675,correct=True,payload=[0,1,2,3,4,5,6,7,8,9,10,11,12,13,14,15,16,17,18,19,20,21,22,23,24,25,26,27,28,29,30,31,32,33,34,35,36,37,38,39,40,41,42,43,44,45,46,47,48,49,50,51,52,53,54,55,56,57,58,59,60,61,62,63,64,65,66,67,68,69,70,71,72,73,74,75,76,77,78,79,80,81,82,83,84,85,86,87,88,89,90,91,92,93,94,95,96,97,98,99]
CFO=-1177.2295866835489,STO=4
EsN0dB=16.26,GRXdB=10,N0=0.0003981071640737355
packet_number=676,correct=True,payload=[0,1,2,3,4,5,6,7,8,9,10,11,12,13,14,15,16,17,18,19,20,21,22,23,24,25,26,27,28,29,30,31,32,33,34,35,36,37,38,39,40,41,42,43,44,45,46,47,48,49,50,51,52,53,54,55,56,57,58,59,60,61,62,63,64,65,66,67,68,69,70,71,72,73,74,75,76,77,78,79,80,81,82,83,84,85,86,87,88,89,90,91,92,93,94,95,96,97,98,99]
CFO=-1102.3977495456738,STO=5
EsN0dB=16.29,GRXdB=10,N0=0.0003981071640737355
packet_number=677,correct=True,payload=[0,1,2,3,4,5,6,7,8,9,10,11,12,13,14,15,16,17,18,19,20,21,22,23,24,25,26,27,28,29,30,31,32,33,34,35,36,37,38,39,40,41,42,43,44,45,46,47,48,49,50,51,52,53,54,55,56,57,58,59,60,61,62,63,64,65,66,67,68,69,70,71,72,73,74,75,76,77,78,79,80,81,82,83,84,85,86,87,88,89,90,91,92,93,94,95,96,97,98,99]
CFO=-980.0522824870033,STO=4
EsN0dB=16.25,GRXdB=10,N0=0.0003981071640737355
packet_number=678,correct=True,payload=[0,1,2,3,4,5,6,7,8,9,10,11,12,13,14,15,16,17,18,19,20,21,22,23,24,25,26,27,28,29,30,31,32,33,34,35,36,37,38,39,40,41,42,43,44,45,46,47,48,49,50,51,52,53,54,55,56,57,58,59,60,61,62,63,64,65,66,67,68,69,70,71,72,73,74,75,76,77,78,79,80,81,82,83,84,85,86,87,88,89,90,91,92,93,94,95,96,97,98,99]
CFO=-1016.2307628774048,STO=5
EsN0dB=16.20,GRXdB=10,N0=0.0003981071640737355
packet_number=679,correct=True,payload=[0,1,2,3,4,5,6,7,8,9,10,11,12,13,14,15,16,17,18,19,20,21,22,23,24,25,26,27,28,29,30,31,32,33,34,35,36,37,38,39,40,41,42,43,44,45,46,47,48,49,50,51,52,53,54,55,56,57,58,59,60,61,62,63,64,65,66,67,68,69,70,71,72,73,74,75,76,77,78,79,80,81,82,83,84,85,86,87,88,89,90,91,92,93,94,95,96,97,98,99]
CFO=-920.4718664528453,STO=4
EsN0dB=16.21,GRXdB=10,N0=0.0003981071640737355
packet_number=680,correct=True,payload=[0,1,2,3,4,5,6,7,8,9,10,11,12,13,14,15,16,17,18,19,20,21,22,23,24,25,26,27,28,29,30,31,32,33,34,35,36,37,38,39,40,41,42,43,44,45,46,47,48,49,50,51,52,53,54,55,56,57,58,59,60,61,62,63,64,65,66,67,68,69,70,71,72,73,74,75,76,77,78,79,80,81,82,83,84,85,86,87,88,89,90,91,92,93,94,95,96,97,98,99]
CFO=-1026.382961589048,STO=4
EsN0dB=16.33,GRXdB=10,N0=0.0003981071640737355
packet_number=681,correct=True,payload=[0,1,2,3,4,5,6,7,8,9,10,11,12,13,14,15,16,17,18,19,20,21,22,23,24,25,26,27,28,29,30,31,32,33,34,35,36,37,38,39,40,41,42,43,44,45,46,47,48,49,50,51,52,53,54,55,56,57,58,59,60,61,62,63,64,65,66,67,68,69,70,71,72,73,74,75,76,77,78,79,80,81,82,83,84,85,86,87,88,89,90,91,92,93,94,95,96,97,98,99]
CFO=-1082.4123314430012,STO=4
EsN0dB=16.26,GRXdB=10,N0=0.0003981071640737355
packet_number=682,correct=True,payload=[0,1,2,3,4,5,6,7,8,9,10,11,12,13,14,15,16,17,18,19,20,21,22,23,24,25,26,27,28,29,30,31,32,33,34,35,36,37,38,39,40,41,42,43,44,45,46,47,48,49,50,51,52,53,54,55,56,57,58,59,60,61,62,63,64,65,66,67,68,69,70,71,72,73,74,75,76,77,78,79,80,81,82,83,84,85,86,87,88,89,90,91,92,93,94,95,96,97,98,99]
CFO=-1139.7204644915623,STO=4
EsN0dB=16.23,GRXdB=10,N0=0.0003981071640737355
packet_number=683,correct=True,payload=[0,1,2,3,4,5,6,7,8,9,10,11,12,13,14,15,16,17,18,19,20,21,22,23,24,25,26,27,28,29,30,31,32,33,34,35,36,37,38,39,40,41,42,43,44,45,46,47,48,49,50,51,52,53,54,55,56,57,58,59,60,61,62,63,64,65,66,67,68,69,70,71,72,73,74,75,76,77,78,79,80,81,82,83,84,85,86,87,88,89,90,91,92,93,94,95,96,97,98,99]
CFO=-1036.2551936925242,STO=5
EsN0dB=16.24,GRXdB=10,N0=0.0003981071640737355
packet_number=684,correct=True,payload=[0,1,2,3,4,5,6,7,8,9,10,11,12,13,14,15,16,17,18,19,20,21,22,23,24,25,26,27,28,29,30,31,32,33,34,35,36,37,38,39,40,41,42,43,44,45,46,47,48,49,50,51,52,53,54,55,56,57,58,59,60,61,62,63,64,65,66,67,68,69,70,71,72,73,74,75,76,77,78,79,80,81,82,83,84,85,86,87,88,89,90,91,92,93,94,95,96,97,98,99]
CFO=-946.0007064029893,STO=5
EsN0dB=16.26,GRXdB=10,N0=0.0003981071640737355
packet_number=685,correct=True,payload=[0,1,2,3,4,5,6,7,8,9,10,11,12,13,14,15,16,17,18,19,20,21,22,23,24,25,26,27,28,29,30,31,32,33,34,35,36,37,38,39,40,41,42,43,44,45,46,47,48,49,50,51,52,53,54,55,56,57,58,59,60,61,62,63,64,65,66,67,68,69,70,71,72,73,74,75,76,77,78,79,80,81,82,83,84,85,86,87,88,89,90,91,92,93,94,95,96,97,98,99]
CFO=-901.9876670114984,STO=5
EsN0dB=16.30,GRXdB=10,N0=0.0003981071640737355
packet_number=686,correct=True,payload=[0,1,2,3,4,5,6,7,8,9,10,11,12,13,14,15,16,17,18,19,20,21,22,23,24,25,26,27,28,29,30,31,32,33,34,35,36,37,38,39,40,41,42,43,44,45,46,47,48,49,50,51,52,53,54,55,56,57,58,59,60,61,62,63,64,65,66,67,68,69,70,71,72,73,74,75,76,77,78,79,80,81,82,83,84,85,86,87,88,89,90,91,92,93,94,95,96,97,98,99]
CFO=-925.7556581060849,STO=4
EsN0dB=16.24,GRXdB=10,N0=0.0003981071640737355
packet_number=687,correct=True,payload=[0,1,2,3,4,5,6,7,8,9,10,11,12,13,14,15,16,17,18,19,20,21,22,23,24,25,26,27,28,29,30,31,32,33,34,35,36,37,38,39,40,41,42,43,44,45,46,47,48,49,50,51,52,53,54,55,56,57,58,59,60,61,62,63,64,65,66,67,68,69,70,71,72,73,74,75,76,77,78,79,80,81,82,83,84,85,86,87,88,89,90,91,92,93,94,95,96,97,98,99]
CFO=-1078.3414912658043,STO=5
EsN0dB=16.23,GRXdB=10,N0=0.0003981071640737355
packet_number=688,correct=True,payload=[0,1,2,3,4,5,6,7,8,9,10,11,12,13,14,15,16,17,18,19,20,21,22,23,24,25,26,27,28,29,30,31,32,33,34,35,36,37,38,39,40,41,42,43,44,45,46,47,48,49,50,51,52,53,54,55,56,57,58,59,60,61,62,63,64,65,66,67,68,69,70,71,72,73,74,75,76,77,78,79,80,81,82,83,84,85,86,87,88,89,90,91,92,93,94,95,96,97,98,99]
CFO=-1025.7249629830687,STO=7
EsN0dB=16.19,GRXdB=10,N0=0.0003981071640737355
packet_number=689,correct=True,payload=[0,1,2,3,4,5,6,7,8,9,10,11,12,13,14,15,16,17,18,19,20,21,22,23,24,25,26,27,28,29,30,31,32,33,34,35,36,37,38,39,40,41,42,43,44,45,46,47,48,49,50,51,52,53,54,55,56,57,58,59,60,61,62,63,64,65,66,67,68,69,70,71,72,73,74,75,76,77,78,79,80,81,82,83,84,85,86,87,88,89,90,91,92,93,94,95,96,97,98,99]
CFO=-1011.0337715448676,STO=5
EsN0dB=16.31,GRXdB=10,N0=0.0003981071640737355
packet_number=690,correct=True,payload=[0,1,2,3,4,5,6,7,8,9,10,11,12,13,14,15,16,17,18,19,20,21,22,23,24,25,26,27,28,29,30,31,32,33,34,35,36,37,38,39,40,41,42,43,44,45,46,47,48,49,50,51,52,53,54,55,56,57,58,59,60,61,62,63,64,65,66,67,68,69,70,71,72,73,74,75,76,77,78,79,80,81,82,83,84,85,86,87,88,89,90,91,92,93,94,95,96,97,98,99]
CFO=-1080.1313328514323,STO=4
EsN0dB=16.25,GRXdB=10,N0=0.0003981071640737355
packet_number=691,correct=True,payload=[0,1,2,3,4,5,6,7,8,9,10,11,12,13,14,15,16,17,18,19,20,21,22,23,24,25,26,27,28,29,30,31,32,33,34,35,36,37,38,39,40,41,42,43,44,45,46,47,48,49,50,51,52,53,54,55,56,57,58,59,60,61,62,63,64,65,66,67,68,69,70,71,72,73,74,75,76,77,78,79,80,81,82,83,84,85,86,87,88,89,90,91,92,93,94,95,96,97,98,99]
CFO=-897.249223274802,STO=7
EsN0dB=16.18,GRXdB=10,N0=0.0003981071640737355
packet_number=692,correct=True,payload=[0,1,2,3,4,5,6,7,8,9,10,11,12,13,14,15,16,17,18,19,20,21,22,23,24,25,26,27,28,29,30,31,32,33,34,35,36,37,38,39,40,41,42,43,44,45,46,47,48,49,50,51,52,53,54,55,56,57,58,59,60,61,62,63,64,65,66,67,68,69,70,71,72,73,74,75,76,77,78,79,80,81,82,83,84,85,86,87,88,89,90,91,92,93,94,95,96,97,98,99]
CFO=-1052.7204556198326,STO=5
EsN0dB=16.24,GRXdB=10,N0=0.0003981071640737355
packet_number=693,correct=True,payload=[0,1,2,3,4,5,6,7,8,9,10,11,12,13,14,15,16,17,18,19,20,21,22,23,24,25,26,27,28,29,30,31,32,33,34,35,36,37,38,39,40,41,42,43,44,45,46,47,48,49,50,51,52,53,54,55,56,57,58,59,60,61,62,63,64,65,66,67,68,69,70,71,72,73,74,75,76,77,78,79,80,81,82,83,84,85,86,87,88,89,90,91,92,93,94,95,96,97,98,99]
CFO=-1090.5158291426596,STO=4
EsN0dB=16.21,GRXdB=10,N0=0.0003981071640737355
packet_number=694,correct=True,payload=[0,1,2,3,4,5,6,7,8,9,10,11,12,13,14,15,16,17,18,19,20,21,22,23,24,25,26,27,28,29,30,31,32,33,34,35,36,37,38,39,40,41,42,43,44,45,46,47,48,49,50,51,52,53,54,55,56,57,58,59,60,61,62,63,64,65,66,67,68,69,70,71,72,73,74,75,76,77,78,79,80,81,82,83,84,85,86,87,88,89,90,91,92,93,94,95,96,97,98,99]
CFO=-957.6382933896006,STO=3
EsN0dB=16.24,GRXdB=10,N0=0.0003981071640737355
packet_number=695,correct=True,payload=[0,1,2,3,4,5,6,7,8,9,10,11,12,13,14,15,16,17,18,19,20,21,22,23,24,25,26,27,28,29,30,31,32,33,34,35,36,37,38,39,40,41,42,43,44,45,46,47,48,49,50,51,52,53,54,55,56,57,58,59,60,61,62,63,64,65,66,67,68,69,70,71,72,73,74,75,76,77,78,79,80,81,82,83,84,85,86,87,88,89,90,91,92,93,94,95,96,97,98,99]
CFO=-1016.7953207009887,STO=4
EsN0dB=16.31,GRXdB=10,N0=0.0003981071640737355
packet_number=696,correct=True,payload=[0,1,2,3,4,5,6,7,8,9,10,11,12,13,14,15,16,17,18,19,20,21,22,23,24,25,26,27,28,29,30,31,32,33,34,35,36,37,38,39,40,41,42,43,44,45,46,47,48,49,50,51,52,53,54,55,56,57,58,59,60,61,62,63,64,65,66,67,68,69,70,71,72,73,74,75,76,77,78,79,80,81,82,83,84,85,86,87,88,89,90,91,92,93,94,95,96,97,98,99]
CFO=-1045.8510165780267,STO=4
EsN0dB=16.25,GRXdB=10,N0=0.0003981071640737355
packet_number=697,correct=True,payload=[0,1,2,3,4,5,6,7,8,9,10,11,12,13,14,15,16,17,18,19,20,21,22,23,24,25,26,27,28,29,30,31,32,33,34,35,36,37,38,39,40,41,42,43,44,45,46,47,48,49,50,51,52,53,54,55,56,57,58,59,60,61,62,63,64,65,66,67,68,69,70,71,72,73,74,75,76,77,78,79,80,81,82,83,84,85,86,87,88,89,90,91,92,93,94,95,96,97,98,99]
CFO=-1014.0965659211221,STO=4
EsN0dB=16.24,GRXdB=10,N0=0.0003981071640737355
packet_number=698,correct=True,payload=[0,1,2,3,4,5,6,7,8,9,10,11,12,13,14,15,16,17,18,19,20,21,22,23,24,25,26,27,28,29,30,31,32,33,34,35,36,37,38,39,40,41,42,43,44,45,46,47,48,49,50,51,52,53,54,55,56,57,58,59,60,61,62,63,64,65,66,67,68,69,70,71,72,73,74,75,76,77,78,79,80,81,82,83,84,85,86,87,88,89,90,91,92,93,94,95,96,97,98,99]
CFO=-899.491742762453,STO=4
EsN0dB=16.20,GRXdB=10,N0=0.0003981071640737355
packet_number=699,correct=True,payload=[0,1,2,3,4,5,6,7,8,9,10,11,12,13,14,15,16,17,18,19,20,21,22,23,24,25,26,27,28,29,30,31,32,33,34,35,36,37,38,39,40,41,42,43,44,45,46,47,48,49,50,51,52,53,54,55,56,57,58,59,60,61,62,63,64,65,66,67,68,69,70,71,72,73,74,75,76,77,78,79,80,81,82,83,84,85,86,87,88,89,90,91,92,93,94,95,96,97,98,99]
CFO=-929.4978547193115,STO=4
EsN0dB=16.23,GRXdB=10,N0=0.0003981071640737355
packet_number=700,correct=True,payload=[0,1,2,3,4,5,6,7,8,9,10,11,12,13,14,15,16,17,18,19,20,21,22,23,24,25,26,27,28,29,30,31,32,33,34,35,36,37,38,39,40,41,42,43,44,45,46,47,48,49,50,51,52,53,54,55,56,57,58,59,60,61,62,63,64,65,66,67,68,69,70,71,72,73,74,75,76,77,78,79,80,81,82,83,84,85,86,87,88,89,90,91,92,93,94,95,96,97,98,99]
CFO=-1028.0148550501194,STO=4
EsN0dB=15.26,GRXdB=10,N0=0.0005011872272007167
packet_number=701,correct=True,payload=[0,1,2,3,4,5,6,7,8,9,10,11,12,13,14,15,16,17,18,19,20,21,22,23,24,25,26,27,28,29,30,31,32,33,34,35,36,37,38,39,40,41,42,43,44,45,46,47,48,49,50,51,52,53,54,55,56,57,58,59,60,61,62,63,64,65,66,67,68,69,70,71,72,73,74,75,76,77,78,79,80,81,82,83,84,85,86,87,88,89,90,91,92,93,94,95,96,97,98,99]
CFO=-1072.8278922061154,STO=5
EsN0dB=15.27,GRXdB=10,N0=0.0005011872272007167
packet_number=702,correct=True,payload=[0,1,2,3,4,5,6,7,8,9,10,11,12,13,14,15,16,17,18,19,20,21,22,23,24,25,26,27,28,29,30,31,32,33,34,35,36,37,38,39,40,41,42,43,44,45,46,47,48,49,50,51,52,53,54,55,56,57,58,59,60,61,62,63,64,65,66,67,68,69,70,71,72,73,74,75,76,77,78,79,80,81,82,83,84,85,86,87,88,89,90,91,92,93,94,95,96,97,98,99]
CFO=-1078.7133571206161,STO=5
EsN0dB=15.28,GRXdB=10,N0=0.0005011872272007167
packet_number=703,correct=True,payload=[0,1,2,3,4,5,6,7,8,9,10,11,12,13,14,15,16,17,18,19,20,21,22,23,24,25,26,27,28,29,30,31,32,33,34,35,36,37,38,39,40,41,42,43,44,45,46,47,48,49,50,51,52,53,54,55,56,57,58,59,60,61,62,63,64,65,66,67,68,69,70,71,72,73,74,75,76,77,78,79,80,81,82,83,84,85,86,87,88,89,90,91,92,93,94,95,96,97,98,99]
CFO=-1058.5599116211743,STO=4
EsN0dB=15.26,GRXdB=10,N0=0.0005011872272007167
packet_number=704,correct=True,payload=[0,1,2,3,4,5,6,7,8,9,10,11,12,13,14,15,16,17,18,19,20,21,22,23,24,25,26,27,28,29,30,31,32,33,34,35,36,37,38,39,40,41,42,43,44,45,46,47,48,49,50,51,52,53,54,55,56,57,58,59,60,61,62,63,64,65,66,67,68,69,70,71,72,73,74,75,76,77,78,79,80,81,82,83,84,85,86,87,88,89,90,91,92,93,94,95,96,97,98,99]
CFO=-986.0961105549163,STO=4
EsN0dB=15.19,GRXdB=10,N0=0.0005011872272007167
packet_number=705,correct=True,payload=[0,1,2,3,4,5,6,7,8,9,10,11,12,13,14,15,16,17,18,19,20,21,22,23,24,25,26,27,28,29,30,31,32,33,34,35,36,37,38,39,40,41,42,43,44,45,46,47,48,49,50,51,52,53,54,55,56,57,58,59,60,61,62,63,64,65,66,67,68,69,70,71,72,73,74,75,76,77,78,79,80,81,82,83,84,85,86,87,88,89,90,91,92,93,94,95,96,97,98,99]
CFO=-920.3502037082545,STO=4
EsN0dB=15.25,GRXdB=10,N0=0.0005011872272007167
packet_number=706,correct=True,payload=[0,1,2,3,4,5,6,7,8,9,10,11,12,13,14,15,16,17,18,19,20,21,22,23,24,25,26,27,28,29,30,31,32,33,34,35,36,37,38,39,40,41,42,43,44,45,46,47,48,49,50,51,52,53,54,55,56,57,58,59,60,61,62,63,64,65,66,67,68,69,70,71,72,73,74,75,76,77,78,79,80,81,82,83,84,85,86,87,88,89,90,91,92,93,94,95,96,97,98,99]
CFO=-1163.45051009076,STO=3
EsN0dB=15.27,GRXdB=10,N0=0.0005011872272007167
packet_number=707,correct=True,payload=[0,1,2,3,4,5,6,7,8,9,10,11,12,13,14,15,16,17,18,19,20,21,22,23,24,25,26,27,28,29,30,31,32,33,34,35,36,37,38,39,40,41,42,43,44,45,46,47,48,49,50,51,52,53,54,55,56,57,58,59,60,61,62,63,64,65,66,67,68,69,70,71,72,73,74,75,76,77,78,79,80,81,82,83,84,85,86,87,88,89,90,91,92,93,94,95,96,97,98,99]
CFO=-1080.6700403062825,STO=4
EsN0dB=15.26,GRXdB=10,N0=0.0005011872272007167
packet_number=708,correct=True,payload=[0,1,2,3,4,5,6,7,8,9,10,11,12,13,14,15,16,17,18,19,20,21,22,23,24,25,26,27,28,29,30,31,32,33,34,35,36,37,38,39,40,41,42,43,44,45,46,47,48,49,50,51,52,53,54,55,56,57,58,59,60,61,62,63,64,65,66,67,68,69,70,71,72,73,74,75,76,77,78,79,80,81,82,83,84,85,86,87,88,89,90,91,92,93,94,95,96,97,98,99]
CFO=-1020.5738619840175,STO=4
EsN0dB=15.31,GRXdB=10,N0=0.0005011872272007167
packet_number=709,correct=True,payload=[0,1,2,3,4,5,6,7,8,9,10,11,12,13,14,15,16,17,18,19,20,21,22,23,24,25,26,27,28,29,30,31,32,33,34,35,36,37,38,39,40,41,42,43,44,45,46,47,48,49,50,51,52,53,54,55,56,57,58,59,60,61,62,63,64,65,66,67,68,69,70,71,72,73,74,75,76,77,78,79,80,81,82,83,84,85,86,87,88,89,90,91,92,93,94,95,96,97,98,99]
CFO=-1071.7695686237826,STO=4
EsN0dB=15.25,GRXdB=10,N0=0.0005011872272007167
packet_number=710,correct=True,payload=[0,1,2,3,4,5,6,7,8,9,10,11,12,13,14,15,16,17,18,19,20,21,22,23,24,25,26,27,28,29,30,31,32,33,34,35,36,37,38,39,40,41,42,43,44,45,46,47,48,49,50,51,52,53,54,55,56,57,58,59,60,61,62,63,64,65,66,67,68,69,70,71,72,73,74,75,76,77,78,79,80,81,82,83,84,85,86,87,88,89,90,91,92,93,94,95,96,97,98,99]
CFO=-1137.8688428962541,STO=4
EsN0dB=15.35,GRXdB=10,N0=0.0005011872272007167
packet_number=711,correct=True,payload=[0,1,2,3,4,5,6,7,8,9,10,11,12,13,14,15,16,17,18,19,20,21,22,23,24,25,26,27,28,29,30,31,32,33,34,35,36,37,38,39,40,41,42,43,44,45,46,47,48,49,50,51,52,53,54,55,56,57,58,59,60,61,62,63,64,65,66,67,68,69,70,71,72,73,74,75,76,77,78,79,80,81,82,83,84,85,86,87,88,89,90,91,92,93,94,95,96,97,98,99]
CFO=-1048.203400132796,STO=4
EsN0dB=15.22,GRXdB=10,N0=0.0005011872272007167
packet_number=712,correct=True,payload=[0,1,2,3,4,5,6,7,8,9,10,11,12,13,14,15,16,17,18,19,20,21,22,23,24,25,26,27,28,29,30,31,32,33,34,35,36,37,38,39,40,41,42,43,44,45,46,47,48,49,50,51,52,53,54,55,56,57,58,59,60,61,62,63,64,65,66,67,68,69,70,71,72,73,74,75,76,77,78,79,80,81,82,83,84,85,86,87,88,89,90,91,92,93,94,95,96,97,98,99]
CFO=-1073.7606399146453,STO=4
EsN0dB=15.30,GRXdB=10,N0=0.0005011872272007167
packet_number=713,correct=True,payload=[0,1,2,3,4,5,6,7,8,9,10,11,12,13,14,15,16,17,18,19,20,21,22,23,24,25,26,27,28,29,30,31,32,33,34,35,36,37,38,39,40,41,42,43,44,45,46,47,48,49,50,51,52,53,54,55,56,57,58,59,60,61,62,63,64,65,66,67,68,69,70,71,72,73,74,75,76,77,78,79,80,81,82,83,84,85,86,87,88,89,90,91,92,93,94,95,96,97,98,99]
CFO=-957.7387303727081,STO=4
EsN0dB=15.28,GRXdB=10,N0=0.0005011872272007167
packet_number=714,correct=True,payload=[0,1,2,3,4,5,6,7,8,9,10,11,12,13,14,15,16,17,18,19,20,21,22,23,24,25,26,27,28,29,30,31,32,33,34,35,36,37,38,39,40,41,42,43,44,45,46,47,48,49,50,51,52,53,54,55,56,57,58,59,60,61,62,63,64,65,66,67,68,69,70,71,72,73,74,75,76,77,78,79,80,81,82,83,84,85,86,87,88,89,90,91,92,93,94,95,96,97,98,99]
CFO=-1098.0054398747286,STO=7
EsN0dB=15.22,GRXdB=10,N0=0.0005011872272007167
packet_number=715,correct=True,payload=[0,1,2,3,4,5,6,7,8,9,10,11,12,13,14,15,16,17,18,19,20,21,22,23,24,25,26,27,28,29,30,31,32,33,34,35,36,37,38,39,40,41,42,43,44,45,46,47,48,49,50,51,52,53,54,55,56,57,58,59,60,61,62,63,64,65,66,67,68,69,70,71,72,73,74,75,76,77,78,79,80,81,82,83,84,85,86,87,88,89,90,91,92,93,94,95,96,97,98,99]
CFO=-1069.2656402468037,STO=5
EsN0dB=15.25,GRXdB=10,N0=0.0005011872272007167
packet_number=716,correct=True,payload=[0,1,2,3,4,5,6,7,8,9,10,11,12,13,14,15,16,17,18,19,20,21,22,23,24,25,26,27,28,29,30,31,32,33,34,35,36,37,38,39,40,41,42,43,44,45,46,47,48,49,50,51,52,53,54,55,56,57,58,59,60,61,62,63,64,65,66,67,68,69,70,71,72,73,74,75,76,77,78,79,80,81,82,83,84,85,86,87,88,89,90,91,92,93,94,95,96,97,98,99]
CFO=-1115.6326640186508,STO=5
EsN0dB=15.28,GRXdB=10,N0=0.0005011872272007167
packet_number=717,correct=True,payload=[0,1,2,3,4,5,6,7,8,9,10,11,12,13,14,15,16,17,18,19,20,21,22,23,24,25,26,27,28,29,30,31,32,33,34,35,36,37,38,39,40,41,42,43,44,45,46,47,48,49,50,51,52,53,54,55,56,57,58,59,60,61,62,63,64,65,66,67,68,69,70,71,72,73,74,75,76,77,78,79,80,81,82,83,84,85,86,87,88,89,90,91,92,93,94,95,96,97,98,99]
CFO=-1057.9146010402158,STO=2
EsN0dB=15.16,GRXdB=10,N0=0.0005011872272007167
packet_number=718,correct=True,payload=[0,1,2,3,4,5,6,7,8,9,10,11,12,13,14,15,16,17,18,19,20,21,22,23,24,25,26,27,28,29,30,31,32,33,34,35,36,37,38,39,40,41,42,43,44,45,46,47,48,49,50,51,52,53,54,55,56,57,58,59,60,61,62,63,64,65,66,67,68,69,70,71,72,73,74,75,76,77,78,79,80,81,82,83,84,85,86,87,88,89,90,91,92,93,94,95,96,97,98,99]
CFO=-1023.2490194089391,STO=4
EsN0dB=15.23,GRXdB=10,N0=0.0005011872272007167
packet_number=719,correct=True,payload=[0,1,2,3,4,5,6,7,8,9,10,11,12,13,14,15,16,17,18,19,20,21,22,23,24,25,26,27,28,29,30,31,32,33,34,35,36,37,38,39,40,41,42,43,44,45,46,47,48,49,50,51,52,53,54,55,56,57,58,59,60,61,62,63,64,65,66,67,68,69,70,71,72,73,74,75,76,77,78,79,80,81,82,83,84,85,86,87,88,89,90,91,92,93,94,95,96,97,98,99]
CFO=-1100.8237229650706,STO=4
EsN0dB=15.30,GRXdB=10,N0=0.0005011872272007167
packet_number=720,correct=True,payload=[0,1,2,3,4,5,6,7,8,9,10,11,12,13,14,15,16,17,18,19,20,21,22,23,24,25,26,27,28,29,30,31,32,33,34,35,36,37,38,39,40,41,42,43,44,45,46,47,48,49,50,51,52,53,54,55,56,57,58,59,60,61,62,63,64,65,66,67,68,69,70,71,72,73,74,75,76,77,78,79,80,81,82,83,84,85,86,87,88,89,90,91,92,93,94,95,96,97,98,99]
CFO=-1144.4407655382759,STO=4
EsN0dB=15.24,GRXdB=10,N0=0.0005011872272007167
packet_number=721,correct=True,payload=[0,1,2,3,4,5,6,7,8,9,10,11,12,13,14,15,16,17,18,19,20,21,22,23,24,25,26,27,28,29,30,31,32,33,34,35,36,37,38,39,40,41,42,43,44,45,46,47,48,49,50,51,52,53,54,55,56,57,58,59,60,61,62,63,64,65,66,67,68,69,70,71,72,73,74,75,76,77,78,79,80,81,82,83,84,85,86,87,88,89,90,91,92,93,94,95,96,97,98,99]
CFO=-1201.7604008151268,STO=4
EsN0dB=15.23,GRXdB=10,N0=0.0005011872272007167
packet_number=722,correct=True,payload=[0,1,2,3,4,5,6,7,8,9,10,11,12,13,14,15,16,17,18,19,20,21,22,23,24,25,26,27,28,29,30,31,32,33,34,35,36,37,38,39,40,41,42,43,44,45,46,47,48,49,50,51,52,53,54,55,56,57,58,59,60,61,62,63,64,65,66,67,68,69,70,71,72,73,74,75,76,77,78,79,80,81,82,83,84,85,86,87,88,89,90,91,92,93,94,95,96,97,98,99]
CFO=-1046.9088658416672,STO=4
EsN0dB=15.16,GRXdB=10,N0=0.0005011872272007167
packet_number=723,correct=True,payload=[0,1,2,3,4,5,6,7,8,9,10,11,12,13,14,15,16,17,18,19,20,21,22,23,24,25,26,27,28,29,30,31,32,33,34,35,36,37,38,39,40,41,42,43,44,45,46,47,48,49,50,51,52,53,54,55,56,57,58,59,60,61,62,63,64,65,66,67,68,69,70,71,72,73,74,75,76,77,78,79,80,81,82,83,84,85,86,87,88,89,90,91,92,93,94,95,96,97,98,99]
CFO=-993.8554307534297,STO=4
EsN0dB=15.22,GRXdB=10,N0=0.0005011872272007167
packet_number=724,correct=True,payload=[0,1,2,3,4,5,6,7,8,9,10,11,12,13,14,15,16,17,18,19,20,21,22,23,24,25,26,27,28,29,30,31,32,33,34,35,36,37,38,39,40,41,42,43,44,45,46,47,48,49,50,51,52,53,54,55,56,57,58,59,60,61,62,63,64,65,66,67,68,69,70,71,72,73,74,75,76,77,78,79,80,81,82,83,84,85,86,87,88,89,90,91,92,93,94,95,96,97,98,99]
CFO=-1089.4333153070165,STO=4
EsN0dB=15.24,GRXdB=10,N0=0.0005011872272007167
packet_number=725,correct=True,payload=[0,1,2,3,4,5,6,7,8,9,10,11,12,13,14,15,16,17,18,19,20,21,22,23,24,25,26,27,28,29,30,31,32,33,34,35,36,37,38,39,40,41,42,43,44,45,46,47,48,49,50,51,52,53,54,55,56,57,58,59,60,61,62,63,64,65,66,67,68,69,70,71,72,73,74,75,76,77,78,79,80,81,82,83,84,85,86,87,88,89,90,91,92,93,94,95,96,97,98,99]
CFO=-1073.1480573234596,STO=4
EsN0dB=15.21,GRXdB=10,N0=0.0005011872272007167
packet_number=726,correct=True,payload=[0,1,2,3,4,5,6,7,8,9,10,11,12,13,14,15,16,17,18,19,20,21,22,23,24,25,26,27,28,29,30,31,32,33,34,35,36,37,38,39,40,41,42,43,44,45,46,47,48,49,50,51,52,53,54,55,56,57,58,59,60,61,62,63,64,65,66,67,68,69,70,71,72,73,74,75,76,77,78,79,80,81,82,83,84,85,86,87,88,89,90,91,92,93,94,95,96,97,98,99]
CFO=-968.9350823957496,STO=4
EsN0dB=15.30,GRXdB=10,N0=0.0005011872272007167
packet_number=727,correct=True,payload=[0,1,2,3,4,5,6,7,8,9,10,11,12,13,14,15,16,17,18,19,20,21,22,23,24,25,26,27,28,29,30,31,32,33,34,35,36,37,38,39,40,41,42,43,44,45,46,47,48,49,50,51,52,53,54,55,56,57,58,59,60,61,62,63,64,65,66,67,68,69,70,71,72,73,74,75,76,77,78,79,80,81,82,83,84,85,86,87,88,89,90,91,92,93,94,95,96,97,98,99]
CFO=-1024.3514546296615,STO=4
EsN0dB=15.35,GRXdB=10,N0=0.0005011872272007167
packet_number=728,correct=True,payload=[0,1,2,3,4,5,6,7,8,9,10,11,12,13,14,15,16,17,18,19,20,21,22,23,24,25,26,27,28,29,30,31,32,33,34,35,36,37,38,39,40,41,42,43,44,45,46,47,48,49,50,51,52,53,54,55,56,57,58,59,60,61,62,63,64,65,66,67,68,69,70,71,72,73,74,75,76,77,78,79,80,81,82,83,84,85,86,87,88,89,90,91,92,93,94,95,96,97,98,99]
CFO=-1068.8391091626972,STO=4
EsN0dB=15.18,GRXdB=10,N0=0.0005011872272007167
packet_number=729,correct=True,payload=[0,1,2,3,4,5,6,7,8,9,10,11,12,13,14,15,16,17,18,19,20,21,22,23,24,25,26,27,28,29,30,31,32,33,34,35,36,37,38,39,40,41,42,43,44,45,46,47,48,49,50,51,52,53,54,55,56,57,58,59,60,61,62,63,64,65,66,67,68,69,70,71,72,73,74,75,76,77,78,79,80,81,82,83,84,85,86,87,88,89,90,91,92,93,94,95,96,97,98,99]
CFO=-1125.7382609187691,STO=5
EsN0dB=15.21,GRXdB=10,N0=0.0005011872272007167
packet_number=730,correct=True,payload=[0,1,2,3,4,5,6,7,8,9,10,11,12,13,14,15,16,17,18,19,20,21,22,23,24,25,26,27,28,29,30,31,32,33,34,35,36,37,38,39,40,41,42,43,44,45,46,47,48,49,50,51,52,53,54,55,56,57,58,59,60,61,62,63,64,65,66,67,68,69,70,71,72,73,74,75,76,77,78,79,80,81,82,83,84,85,86,87,88,89,90,91,92,93,94,95,96,97,98,99]
CFO=-1116.7977093067648,STO=4
EsN0dB=15.21,GRXdB=10,N0=0.0005011872272007167
packet_number=731,correct=True,payload=[0,1,2,3,4,5,6,7,8,9,10,11,12,13,14,15,16,17,18,19,20,21,22,23,24,25,26,27,28,29,30,31,32,33,34,35,36,37,38,39,40,41,42,43,44,45,46,47,48,49,50,51,52,53,54,55,56,57,58,59,60,61,62,63,64,65,66,67,68,69,70,71,72,73,74,75,76,77,78,79,80,81,82,83,84,85,86,87,88,89,90,91,92,93,94,95,96,97,98,99]
CFO=-1047.5042543802545,STO=7
EsN0dB=15.25,GRXdB=10,N0=0.0005011872272007167
packet_number=732,correct=True,payload=[0,1,2,3,4,5,6,7,8,9,10,11,12,13,14,15,16,17,18,19,20,21,22,23,24,25,26,27,28,29,30,31,32,33,34,35,36,37,38,39,40,41,42,43,44,45,46,47,48,49,50,51,52,53,54,55,56,57,58,59,60,61,62,63,64,65,66,67,68,69,70,71,72,73,74,75,76,77,78,79,80,81,82,83,84,85,86,87,88,89,90,91,92,93,94,95,96,97,98,99]
CFO=-1022.0524319277829,STO=5
EsN0dB=15.27,GRXdB=10,N0=0.0005011872272007167
packet_number=733,correct=True,payload=[0,1,2,3,4,5,6,7,8,9,10,11,12,13,14,15,16,17,18,19,20,21,22,23,24,25,26,27,28,29,30,31,32,33,34,35,36,37,38,39,40,41,42,43,44,45,46,47,48,49,50,51,52,53,54,55,56,57,58,59,60,61,62,63,64,65,66,67,68,69,70,71,72,73,74,75,76,77,78,79,80,81,82,83,84,85,86,87,88,89,90,91,92,93,94,95,96,97,98,99]
CFO=-1007.86342540512,STO=5
EsN0dB=15.25,GRXdB=10,N0=0.0005011872272007167
packet_number=734,correct=True,payload=[0,1,2,3,4,5,6,7,8,9,10,11,12,13,14,15,16,17,18,19,20,21,22,23,24,25,26,27,28,29,30,31,32,33,34,35,36,37,38,39,40,41,42,43,44,45,46,47,48,49,50,51,52,53,54,55,56,57,58,59,60,61,62,63,64,65,66,67,68,69,70,71,72,73,74,75,76,77,78,79,80,81,82,83,84,85,86,87,88,89,90,91,92,93,94,95,96,97,98,99]
CFO=-974.5952459313784,STO=4
EsN0dB=15.27,GRXdB=10,N0=0.0005011872272007167
packet_number=735,correct=True,payload=[0,1,2,3,4,5,6,7,8,9,10,11,12,13,14,15,16,17,18,19,20,21,22,23,24,25,26,27,28,29,30,31,32,33,34,35,36,37,38,39,40,41,42,43,44,45,46,47,48,49,50,51,52,53,54,55,56,57,58,59,60,61,62,63,64,65,66,67,68,69,70,71,72,73,74,75,76,77,78,79,80,81,82,83,84,85,86,87,88,89,90,91,92,93,94,95,96,97,98,99]
CFO=-1085.5613332415924,STO=4
EsN0dB=15.24,GRXdB=10,N0=0.0005011872272007167
packet_number=736,correct=True,payload=[0,1,2,3,4,5,6,7,8,9,10,11,12,13,14,15,16,17,18,19,20,21,22,23,24,25,26,27,28,29,30,31,32,33,34,35,36,37,38,39,40,41,42,43,44,45,46,47,48,49,50,51,52,53,54,55,56,57,58,59,60,61,62,63,64,65,66,67,68,69,70,71,72,73,74,75,76,77,78,79,80,81,82,83,84,85,86,87,88,89,90,91,92,93,94,95,96,97,98,99]
CFO=-1263.383411008105,STO=5
EsN0dB=15.26,GRXdB=10,N0=0.0005011872272007167
packet_number=737,correct=True,payload=[0,1,2,3,4,5,6,7,8,9,10,11,12,13,14,15,16,17,18,19,20,21,22,23,24,25,26,27,28,29,30,31,32,33,34,35,36,37,38,39,40,41,42,43,44,45,46,47,48,49,50,51,52,53,54,55,56,57,58,59,60,61,62,63,64,65,66,67,68,69,70,71,72,73,74,75,76,77,78,79,80,81,82,83,84,85,86,87,88,89,90,91,92,93,94,95,96,97,98,99]
CFO=-972.9412966511121,STO=1
EsN0dB=15.20,GRXdB=10,N0=0.0005011872272007167
packet_number=738,correct=True,payload=[0,1,2,3,4,5,6,7,8,9,10,11,12,13,14,15,16,17,18,19,20,21,22,23,24,25,26,27,28,29,30,31,32,33,34,35,36,37,38,39,40,41,42,43,44,45,46,47,48,49,50,51,52,53,54,55,56,57,58,59,60,61,62,63,64,65,66,67,68,69,70,71,72,73,74,75,76,77,78,79,80,81,82,83,84,85,86,87,88,89,90,91,92,93,94,95,96,97,98,99]
CFO=-1009.5484425597359,STO=4
EsN0dB=15.31,GRXdB=10,N0=0.0005011872272007167
packet_number=739,correct=True,payload=[0,1,2,3,4,5,6,7,8,9,10,11,12,13,14,15,16,17,18,19,20,21,22,23,24,25,26,27,28,29,30,31,32,33,34,35,36,37,38,39,40,41,42,43,44,45,46,47,48,49,50,51,52,53,54,55,56,57,58,59,60,61,62,63,64,65,66,67,68,69,70,71,72,73,74,75,76,77,78,79,80,81,82,83,84,85,86,87,88,89,90,91,92,93,94,95,96,97,98,99]
CFO=-924.117835661359,STO=5
EsN0dB=15.22,GRXdB=10,N0=0.0005011872272007167
packet_number=740,correct=True,payload=[0,1,2,3,4,5,6,7,8,9,10,11,12,13,14,15,16,17,18,19,20,21,22,23,24,25,26,27,28,29,30,31,32,33,34,35,36,37,38,39,40,41,42,43,44,45,46,47,48,49,50,51,52,53,54,55,56,57,58,59,60,61,62,63,64,65,66,67,68,69,70,71,72,73,74,75,76,77,78,79,80,81,82,83,84,85,86,87,88,89,90,91,92,93,94,95,96,97,98,99]
CFO=-924.9104814861324,STO=4
EsN0dB=15.15,GRXdB=10,N0=0.0005011872272007167
packet_number=741,correct=True,payload=[0,1,2,3,4,5,6,7,8,9,10,11,12,13,14,15,16,17,18,19,20,21,22,23,24,25,26,27,28,29,30,31,32,33,34,35,36,37,38,39,40,41,42,43,44,45,46,47,48,49,50,51,52,53,54,55,56,57,58,59,60,61,62,63,64,65,66,67,68,69,70,71,72,73,74,75,76,77,78,79,80,81,82,83,84,85,86,87,88,89,90,91,92,93,94,95,96,97,98,99]
CFO=-939.6451916643578,STO=4
EsN0dB=15.29,GRXdB=10,N0=0.0005011872272007167
packet_number=742,correct=True,payload=[0,1,2,3,4,5,6,7,8,9,10,11,12,13,14,15,16,17,18,19,20,21,22,23,24,25,26,27,28,29,30,31,32,33,34,35,36,37,38,39,40,41,42,43,44,45,46,47,48,49,50,51,52,53,54,55,56,57,58,59,60,61,62,63,64,65,66,67,68,69,70,71,72,73,74,75,76,77,78,79,80,81,82,83,84,85,86,87,88,89,90,91,92,93,94,95,96,97,98,99]
CFO=-898.1881371263325,STO=3
EsN0dB=15.25,GRXdB=10,N0=0.0005011872272007167
packet_number=743,correct=True,payload=[0,1,2,3,4,5,6,7,8,9,10,11,12,13,14,15,16,17,18,19,20,21,22,23,24,25,26,27,28,29,30,31,32,33,34,35,36,37,38,39,40,41,42,43,44,45,46,47,48,49,50,51,52,53,54,55,56,57,58,59,60,61,62,63,64,65,66,67,68,69,70,71,72,73,74,75,76,77,78,79,80,81,82,83,84,85,86,87,88,89,90,91,92,93,94,95,96,97,98,99]
CFO=-1064.5588572828226,STO=4
EsN0dB=15.21,GRXdB=10,N0=0.0005011872272007167
packet_number=744,correct=True,payload=[0,1,2,3,4,5,6,7,8,9,10,11,12,13,14,15,16,17,18,19,20,21,22,23,24,25,26,27,28,29,30,31,32,33,34,35,36,37,38,39,40,41,42,43,44,45,46,47,48,49,50,51,52,53,54,55,56,57,58,59,60,61,62,63,64,65,66,67,68,69,70,71,72,73,74,75,76,77,78,79,80,81,82,83,84,85,86,87,88,89,90,91,92,93,94,95,96,97,98,99]
CFO=-887.5436549018543,STO=4
EsN0dB=15.24,GRXdB=10,N0=0.0005011872272007167
packet_number=745,correct=True,payload=[0,1,2,3,4,5,6,7,8,9,10,11,12,13,14,15,16,17,18,19,20,21,22,23,24,25,26,27,28,29,30,31,32,33,34,35,36,37,38,39,40,41,42,43,44,45,46,47,48,49,50,51,52,53,54,55,56,57,58,59,60,61,62,63,64,65,66,67,68,69,70,71,72,73,74,75,76,77,78,79,80,81,82,83,84,85,86,87,88,89,90,91,92,93,94,95,96,97,98,99]
CFO=-1055.8830940808293,STO=4
EsN0dB=15.32,GRXdB=10,N0=0.0005011872272007167
packet_number=746,correct=True,payload=[0,1,2,3,4,5,6,7,8,9,10,11,12,13,14,15,16,17,18,19,20,21,22,23,24,25,26,27,28,29,30,31,32,33,34,35,36,37,38,39,40,41,42,43,44,45,46,47,48,49,50,51,52,53,54,55,56,57,58,59,60,61,62,63,64,65,66,67,68,69,70,71,72,73,74,75,76,77,78,79,80,81,82,83,84,85,86,87,88,89,90,91,92,93,94,95,96,97,98,99]
CFO=-1127.0235459953972,STO=5
EsN0dB=15.18,GRXdB=10,N0=0.0005011872272007167
packet_number=747,correct=True,payload=[0,1,2,3,4,5,6,7,8,9,10,11,12,13,14,15,16,17,18,19,20,21,22,23,24,25,26,27,28,29,30,31,32,33,34,35,36,37,38,39,40,41,42,43,44,45,46,47,48,49,50,51,52,53,54,55,56,57,58,59,60,61,62,63,64,65,66,67,68,69,70,71,72,73,74,75,76,77,78,79,80,81,82,83,84,85,86,87,88,89,90,91,92,93,94,95,96,97,98,99]
CFO=-1133.2112704966055,STO=4
EsN0dB=15.21,GRXdB=10,N0=0.0005011872272007167
packet_number=748,correct=True,payload=[0,1,2,3,4,5,6,7,8,9,10,11,12,13,14,15,16,17,18,19,20,21,22,23,24,25,26,27,28,29,30,31,32,33,34,35,36,37,38,39,40,41,42,43,44,45,46,47,48,49,50,51,52,53,54,55,56,57,58,59,60,61,62,63,64,65,66,67,68,69,70,71,72,73,74,75,76,77,78,79,80,81,82,83,84,85,86,87,88,89,90,91,92,93,94,95,96,97,98,99]
CFO=-1021.8043632516776,STO=4
EsN0dB=15.25,GRXdB=10,N0=0.0005011872272007167
packet_number=749,correct=True,payload=[0,1,2,3,4,5,6,7,8,9,10,11,12,13,14,15,16,17,18,19,20,21,22,23,24,25,26,27,28,29,30,31,32,33,34,35,36,37,38,39,40,41,42,43,44,45,46,47,48,49,50,51,52,53,54,55,56,57,58,59,60,61,62,63,64,65,66,67,68,69,70,71,72,73,74,75,76,77,78,79,80,81,82,83,84,85,86,87,88,89,90,91,92,93,94,95,96,97,98,99]
CFO=-1043.6653560436228,STO=5
EsN0dB=15.23,GRXdB=10,N0=0.0005011872272007167
packet_number=750,correct=True,payload=[0,1,2,3,4,5,6,7,8,9,10,11,12,13,14,15,16,17,18,19,20,21,22,23,24,25,26,27,28,29,30,31,32,33,34,35,36,37,38,39,40,41,42,43,44,45,46,47,48,49,50,51,52,53,54,55,56,57,58,59,60,61,62,63,64,65,66,67,68,69,70,71,72,73,74,75,76,77,78,79,80,81,82,83,84,85,86,87,88,89,90,91,92,93,94,95,96,97,98,99]
CFO=-1129.2656504541922,STO=5
EsN0dB=15.20,GRXdB=10,N0=0.0005011872272007167
packet_number=751,correct=True,payload=[0,1,2,3,4,5,6,7,8,9,10,11,12,13,14,15,16,17,18,19,20,21,22,23,24,25,26,27,28,29,30,31,32,33,34,35,36,37,38,39,40,41,42,43,44,45,46,47,48,49,50,51,52,53,54,55,56,57,58,59,60,61,62,63,64,65,66,67,68,69,70,71,72,73,74,75,76,77,78,79,80,81,82,83,84,85,86,87,88,89,90,91,92,93,94,95,96,97,98,99]
CFO=-1043.896467826476,STO=4
EsN0dB=15.24,GRXdB=10,N0=0.0005011872272007167
packet_number=752,correct=True,payload=[0,1,2,3,4,5,6,7,8,9,10,11,12,13,14,15,16,17,18,19,20,21,22,23,24,25,26,27,28,29,30,31,32,33,34,35,36,37,38,39,40,41,42,43,44,45,46,47,48,49,50,51,52,53,54,55,56,57,58,59,60,61,62,63,64,65,66,67,68,69,70,71,72,73,74,75,76,77,78,79,80,81,82,83,84,85,86,87,88,89,90,91,92,93,94,95,96,97,98,99]
CFO=-1181.5163604454435,STO=4
EsN0dB=15.19,GRXdB=10,N0=0.0005011872272007167
packet_number=753,correct=True,payload=[0,1,2,3,4,5,6,7,8,9,10,11,12,13,14,15,16,17,18,19,20,21,22,23,24,25,26,27,28,29,30,31,32,33,34,35,36,37,38,39,40,41,42,43,44,45,46,47,48,49,50,51,52,53,54,55,56,57,58,59,60,61,62,63,64,65,66,67,68,69,70,71,72,73,74,75,76,77,78,79,80,81,82,83,84,85,86,87,88,89,90,91,92,93,94,95,96,97,98,99]
CFO=-1117.594564709933,STO=5
EsN0dB=15.25,GRXdB=10,N0=0.0005011872272007167
packet_number=754,correct=True,payload=[0,1,2,3,4,5,6,7,8,9,10,11,12,13,14,15,16,17,18,19,20,21,22,23,24,25,26,27,28,29,30,31,32,33,34,35,36,37,38,39,40,41,42,43,44,45,46,47,48,49,50,51,52,53,54,55,56,57,58,59,60,61,62,63,64,65,66,67,68,69,70,71,72,73,74,75,76,77,78,79,80,81,82,83,84,85,86,87,88,89,90,91,92,93,94,95,96,97,98,99]
CFO=-1040.16867864353,STO=5
EsN0dB=15.24,GRXdB=10,N0=0.0005011872272007167
packet_number=755,correct=True,payload=[0,1,2,3,4,5,6,7,8,9,10,11,12,13,14,15,16,17,18,19,20,21,22,23,24,25,26,27,28,29,30,31,32,33,34,35,36,37,38,39,40,41,42,43,44,45,46,47,48,49,50,51,52,53,54,55,56,57,58,59,60,61,62,63,64,65,66,67,68,69,70,71,72,73,74,75,76,77,78,79,80,81,82,83,84,85,86,87,88,89,90,91,92,93,94,95,96,97,98,99]
CFO=-1030.7294995061802,STO=4
EsN0dB=15.26,GRXdB=10,N0=0.0005011872272007167
packet_number=756,correct=True,payload=[0,1,2,3,4,5,6,7,8,9,10,11,12,13,14,15,16,17,18,19,20,21,22,23,24,25,26,27,28,29,30,31,32,33,34,35,36,37,38,39,40,41,42,43,44,45,46,47,48,49,50,51,52,53,54,55,56,57,58,59,60,61,62,63,64,65,66,67,68,69,70,71,72,73,74,75,76,77,78,79,80,81,82,83,84,85,86,87,88,89,90,91,92,93,94,95,96,97,98,99]
CFO=-1003.7791857248639,STO=4
EsN0dB=15.21,GRXdB=10,N0=0.0005011872272007167
packet_number=757,correct=True,payload=[0,1,2,3,4,5,6,7,8,9,10,11,12,13,14,15,16,17,18,19,20,21,22,23,24,25,26,27,28,29,30,31,32,33,34,35,36,37,38,39,40,41,42,43,44,45,46,47,48,49,50,51,52,53,54,55,56,57,58,59,60,61,62,63,64,65,66,67,68,69,70,71,72,73,74,75,76,77,78,79,80,81,82,83,84,85,86,87,88,89,90,91,92,93,94,95,96,97,98,99]
CFO=-1091.9670071819412,STO=6
EsN0dB=15.20,GRXdB=10,N0=0.0005011872272007167
packet_number=758,correct=True,payload=[0,1,2,3,4,5,6,7,8,9,10,11,12,13,14,15,16,17,18,19,20,21,22,23,24,25,26,27,28,29,30,31,32,33,34,35,36,37,38,39,40,41,42,43,44,45,46,47,48,49,50,51,52,53,54,55,56,57,58,59,60,61,62,63,64,65,66,67,68,69,70,71,72,73,74,75,76,77,78,79,80,81,82,83,84,85,86,87,88,89,90,91,92,93,94,95,96,97,98,99]
CFO=-1120.696016059615,STO=4
EsN0dB=15.25,GRXdB=10,N0=0.0005011872272007167
packet_number=759,correct=True,payload=[0,1,2,3,4,5,6,7,8,9,10,11,12,13,14,15,16,17,18,19,20,21,22,23,24,25,26,27,28,29,30,31,32,33,34,35,36,37,38,39,40,41,42,43,44,45,46,47,48,49,50,51,52,53,54,55,56,57,58,59,60,61,62,63,64,65,66,67,68,69,70,71,72,73,74,75,76,77,78,79,80,81,82,83,84,85,86,87,88,89,90,91,92,93,94,95,96,97,98,99]
CFO=-977.2363117002866,STO=4
EsN0dB=15.27,GRXdB=10,N0=0.0005011872272007167
packet_number=760,correct=True,payload=[0,1,2,3,4,5,6,7,8,9,10,11,12,13,14,15,16,17,18,19,20,21,22,23,24,25,26,27,28,29,30,31,32,33,34,35,36,37,38,39,40,41,42,43,44,45,46,47,48,49,50,51,52,53,54,55,56,57,58,59,60,61,62,63,64,65,66,67,68,69,70,71,72,73,74,75,76,77,78,79,80,81,82,83,84,85,86,87,88,89,90,91,92,93,94,95,96,97,98,99]
CFO=-972.4289731735247,STO=4
EsN0dB=15.31,GRXdB=10,N0=0.0005011872272007167
packet_number=761,correct=True,payload=[0,1,2,3,4,5,6,7,8,9,10,11,12,13,14,15,16,17,18,19,20,21,22,23,24,25,26,27,28,29,30,31,32,33,34,35,36,37,38,39,40,41,42,43,44,45,46,47,48,49,50,51,52,53,54,55,56,57,58,59,60,61,62,63,64,65,66,67,68,69,70,71,72,73,74,75,76,77,78,79,80,81,82,83,84,85,86,87,88,89,90,91,92,93,94,95,96,97,98,99]
CFO=-1000.8227573153715,STO=5
EsN0dB=15.14,GRXdB=10,N0=0.0005011872272007167
packet_number=762,correct=True,payload=[0,1,2,3,4,5,6,7,8,9,10,11,12,13,14,15,16,17,18,19,20,21,22,23,24,25,26,27,28,29,30,31,32,33,34,35,36,37,38,39,40,41,42,43,44,45,46,47,48,49,50,51,52,53,54,55,56,57,58,59,60,61,62,63,64,65,66,67,68,69,70,71,72,73,74,75,76,77,78,79,80,81,82,83,84,85,86,87,88,89,90,91,92,93,94,95,96,97,98,99]
CFO=-1036.0486279020006,STO=4
EsN0dB=15.19,GRXdB=10,N0=0.0005011872272007167
packet_number=763,correct=True,payload=[0,1,2,3,4,5,6,7,8,9,10,11,12,13,14,15,16,17,18,19,20,21,22,23,24,25,26,27,28,29,30,31,32,33,34,35,36,37,38,39,40,41,42,43,44,45,46,47,48,49,50,51,52,53,54,55,56,57,58,59,60,61,62,63,64,65,66,67,68,69,70,71,72,73,74,75,76,77,78,79,80,81,82,83,84,85,86,87,88,89,90,91,92,93,94,95,96,97,98,99]
CFO=-1170.8875900276498,STO=4
EsN0dB=15.33,GRXdB=10,N0=0.0005011872272007167
packet_number=764,correct=True,payload=[0,1,2,3,4,5,6,7,8,9,10,11,12,13,14,15,16,17,18,19,20,21,22,23,24,25,26,27,28,29,30,31,32,33,34,35,36,37,38,39,40,41,42,43,44,45,46,47,48,49,50,51,52,53,54,55,56,57,58,59,60,61,62,63,64,65,66,67,68,69,70,71,72,73,74,75,76,77,78,79,80,81,82,83,84,85,86,87,88,89,90,91,92,93,94,95,96,97,98,99]
CFO=-907.3255309956671,STO=7
EsN0dB=15.26,GRXdB=10,N0=0.0005011872272007167
packet_number=765,correct=True,payload=[0,1,2,3,4,5,6,7,8,9,10,11,12,13,14,15,16,17,18,19,20,21,22,23,24,25,26,27,28,29,30,31,32,33,34,35,36,37,38,39,40,41,42,43,44,45,46,47,48,49,50,51,52,53,54,55,56,57,58,59,60,61,62,63,64,65,66,67,68,69,70,71,72,73,74,75,76,77,78,79,80,81,82,83,84,85,86,87,88,89,90,91,92,93,94,95,96,97,98,99]
CFO=-1181.7568400224711,STO=4
EsN0dB=15.21,GRXdB=10,N0=0.0005011872272007167
packet_number=766,correct=True,payload=[0,1,2,3,4,5,6,7,8,9,10,11,12,13,14,15,16,17,18,19,20,21,22,23,24,25,26,27,28,29,30,31,32,33,34,35,36,37,38,39,40,41,42,43,44,45,46,47,48,49,50,51,52,53,54,55,56,57,58,59,60,61,62,63,64,65,66,67,68,69,70,71,72,73,74,75,76,77,78,79,80,81,82,83,84,85,86,87,88,89,90,91,92,93,94,95,96,97,98,99]
CFO=-1168.960196021237,STO=5
EsN0dB=15.19,GRXdB=10,N0=0.0005011872272007167
packet_number=767,correct=True,payload=[0,1,2,3,4,5,6,7,8,9,10,11,12,13,14,15,16,17,18,19,20,21,22,23,24,25,26,27,28,29,30,31,32,33,34,35,36,37,38,39,40,41,42,43,44,45,46,47,48,49,50,51,52,53,54,55,56,57,58,59,60,61,62,63,64,65,66,67,68,69,70,71,72,73,74,75,76,77,78,79,80,81,82,83,84,85,86,87,88,89,90,91,92,93,94,95,96,97,98,99]
CFO=-1056.3710494355967,STO=2
EsN0dB=15.21,GRXdB=10,N0=0.0005011872272007167
packet_number=768,correct=True,payload=[0,1,2,3,4,5,6,7,8,9,10,11,12,13,14,15,16,17,18,19,20,21,22,23,24,25,26,27,28,29,30,31,32,33,34,35,36,37,38,39,40,41,42,43,44,45,46,47,48,49,50,51,52,53,54,55,56,57,58,59,60,61,62,63,64,65,66,67,68,69,70,71,72,73,74,75,76,77,78,79,80,81,82,83,84,85,86,87,88,89,90,91,92,93,94,95,96,97,98,99]
CFO=-1021.2292518371887,STO=5
EsN0dB=15.25,GRXdB=10,N0=0.0005011872272007167
packet_number=769,correct=True,payload=[0,1,2,3,4,5,6,7,8,9,10,11,12,13,14,15,16,17,18,19,20,21,22,23,24,25,26,27,28,29,30,31,32,33,34,35,36,37,38,39,40,41,42,43,44,45,46,47,48,49,50,51,52,53,54,55,56,57,58,59,60,61,62,63,64,65,66,67,68,69,70,71,72,73,74,75,76,77,78,79,80,81,82,83,84,85,86,87,88,89,90,91,92,93,94,95,96,97,98,99]
CFO=-1077.9262252506414,STO=4
EsN0dB=15.21,GRXdB=10,N0=0.0005011872272007167
packet_number=770,correct=True,payload=[0,1,2,3,4,5,6,7,8,9,10,11,12,13,14,15,16,17,18,19,20,21,22,23,24,25,26,27,28,29,30,31,32,33,34,35,36,37,38,39,40,41,42,43,44,45,46,47,48,49,50,51,52,53,54,55,56,57,58,59,60,61,62,63,64,65,66,67,68,69,70,71,72,73,74,75,76,77,78,79,80,81,82,83,84,85,86,87,88,89,90,91,92,93,94,95,96,97,98,99]
CFO=-1135.525827135659,STO=4
EsN0dB=15.31,GRXdB=10,N0=0.0005011872272007167
packet_number=771,correct=True,payload=[0,1,2,3,4,5,6,7,8,9,10,11,12,13,14,15,16,17,18,19,20,21,22,23,24,25,26,27,28,29,30,31,32,33,34,35,36,37,38,39,40,41,42,43,44,45,46,47,48,49,50,51,52,53,54,55,56,57,58,59,60,61,62,63,64,65,66,67,68,69,70,71,72,73,74,75,76,77,78,79,80,81,82,83,84,85,86,87,88,89,90,91,92,93,94,95,96,97,98,99]
CFO=-1121.266028548161,STO=4
EsN0dB=15.26,GRXdB=10,N0=0.0005011872272007167
packet_number=772,correct=True,payload=[0,1,2,3,4,5,6,7,8,9,10,11,12,13,14,15,16,17,18,19,20,21,22,23,24,25,26,27,28,29,30,31,32,33,34,35,36,37,38,39,40,41,42,43,44,45,46,47,48,49,50,51,52,53,54,55,56,57,58,59,60,61,62,63,64,65,66,67,68,69,70,71,72,73,74,75,76,77,78,79,80,81,82,83,84,85,86,87,88,89,90,91,92,93,94,95,96,97,98,99]
CFO=-1063.4434968777332,STO=4
EsN0dB=15.26,GRXdB=10,N0=0.0005011872272007167
packet_number=773,correct=True,payload=[0,1,2,3,4,5,6,7,8,9,10,11,12,13,14,15,16,17,18,19,20,21,22,23,24,25,26,27,28,29,30,31,32,33,34,35,36,37,38,39,40,41,42,43,44,45,46,47,48,49,50,51,52,53,54,55,56,57,58,59,60,61,62,63,64,65,66,67,68,69,70,71,72,73,74,75,76,77,78,79,80,81,82,83,84,85,86,87,88,89,90,91,92,93,94,95,96,97,98,99]
CFO=-1102.2159669068262,STO=4
EsN0dB=15.21,GRXdB=10,N0=0.0005011872272007167
packet_number=774,correct=True,payload=[0,1,2,3,4,5,6,7,8,9,10,11,12,13,14,15,16,17,18,19,20,21,22,23,24,25,26,27,28,29,30,31,32,33,34,35,36,37,38,39,40,41,42,43,44,45,46,47,48,49,50,51,52,53,54,55,56,57,58,59,60,61,62,63,64,65,66,67,68,69,70,71,72,73,74,75,76,77,78,79,80,81,82,83,84,85,86,87,88,89,90,91,92,93,94,95,96,97,98,99]
CFO=-937.4234236194976,STO=4
EsN0dB=15.28,GRXdB=10,N0=0.0005011872272007167
packet_number=775,correct=True,payload=[0,1,2,3,4,5,6,7,8,9,10,11,12,13,14,15,16,17,18,19,20,21,22,23,24,25,26,27,28,29,30,31,32,33,34,35,36,37,38,39,40,41,42,43,44,45,46,47,48,49,50,51,52,53,54,55,56,57,58,59,60,61,62,63,64,65,66,67,68,69,70,71,72,73,74,75,76,77,78,79,80,81,82,83,84,85,86,87,88,89,90,91,92,93,94,95,96,97,98,99]
CFO=-1035.3103508573392,STO=4
EsN0dB=15.19,GRXdB=10,N0=0.0005011872272007167
packet_number=776,correct=True,payload=[0,1,2,3,4,5,6,7,8,9,10,11,12,13,14,15,16,17,18,19,20,21,22,23,24,25,26,27,28,29,30,31,32,33,34,35,36,37,38,39,40,41,42,43,44,45,46,47,48,49,50,51,52,53,54,55,56,57,58,59,60,61,62,63,64,65,66,67,68,69,70,71,72,73,74,75,76,77,78,79,80,81,82,83,84,85,86,87,88,89,90,91,92,93,94,95,96,97,98,99]
CFO=-1000.2646027941346,STO=4
EsN0dB=15.19,GRXdB=10,N0=0.0005011872272007167
packet_number=777,correct=True,payload=[0,1,2,3,4,5,6,7,8,9,10,11,12,13,14,15,16,17,18,19,20,21,22,23,24,25,26,27,28,29,30,31,32,33,34,35,36,37,38,39,40,41,42,43,44,45,46,47,48,49,50,51,52,53,54,55,56,57,58,59,60,61,62,63,64,65,66,67,68,69,70,71,72,73,74,75,76,77,78,79,80,81,82,83,84,85,86,87,88,89,90,91,92,93,94,95,96,97,98,99]
CFO=-935.6479301743136,STO=3
EsN0dB=15.22,GRXdB=10,N0=0.0005011872272007167
packet_number=778,correct=True,payload=[0,1,2,3,4,5,6,7,8,9,10,11,12,13,14,15,16,17,18,19,20,21,22,23,24,25,26,27,28,29,30,31,32,33,34,35,36,37,38,39,40,41,42,43,44,45,46,47,48,49,50,51,52,53,54,55,56,57,58,59,60,61,62,63,64,65,66,67,68,69,70,71,72,73,74,75,76,77,78,79,80,81,82,83,84,85,86,87,88,89,90,91,92,93,94,95,96,97,98,99]
CFO=-1130.967505922387,STO=4
EsN0dB=15.21,GRXdB=10,N0=0.0005011872272007167
packet_number=779,correct=True,payload=[0,1,2,3,4,5,6,7,8,9,10,11,12,13,14,15,16,17,18,19,20,21,22,23,24,25,26,27,28,29,30,31,32,33,34,35,36,37,38,39,40,41,42,43,44,45,46,47,48,49,50,51,52,53,54,55,56,57,58,59,60,61,62,63,64,65,66,67,68,69,70,71,72,73,74,75,76,77,78,79,80,81,82,83,84,85,86,87,88,89,90,91,92,93,94,95,96,97,98,99]
CFO=-1015.4589277852588,STO=5
EsN0dB=15.26,GRXdB=10,N0=0.0005011872272007167
packet_number=780,correct=True,payload=[0,1,2,3,4,5,6,7,8,9,10,11,12,13,14,15,16,17,18,19,20,21,22,23,24,25,26,27,28,29,30,31,32,33,34,35,36,37,38,39,40,41,42,43,44,45,46,47,48,49,50,51,52,53,54,55,56,57,58,59,60,61,62,63,64,65,66,67,68,69,70,71,72,73,74,75,76,77,78,79,80,81,82,83,84,85,86,87,88,89,90,91,92,93,94,95,96,97,98,99]
CFO=-1040.8763621325343,STO=4
EsN0dB=15.28,GRXdB=10,N0=0.0005011872272007167
packet_number=781,correct=True,payload=[0,1,2,3,4,5,6,7,8,9,10,11,12,13,14,15,16,17,18,19,20,21,22,23,24,25,26,27,28,29,30,31,32,33,34,35,36,37,38,39,40,41,42,43,44,45,46,47,48,49,50,51,52,53,54,55,56,57,58,59,60,61,62,63,64,65,66,67,68,69,70,71,72,73,74,75,76,77,78,79,80,81,82,83,84,85,86,87,88,89,90,91,92,93,94,95,96,97,98,99]
CFO=-1155.3861436832212,STO=4
EsN0dB=15.30,GRXdB=10,N0=0.0005011872272007167
packet_number=782,correct=True,payload=[0,1,2,3,4,5,6,7,8,9,10,11,12,13,14,15,16,17,18,19,20,21,22,23,24,25,26,27,28,29,30,31,32,33,34,35,36,37,38,39,40,41,42,43,44,45,46,47,48,49,50,51,52,53,54,55,56,57,58,59,60,61,62,63,64,65,66,67,68,69,70,71,72,73,74,75,76,77,78,79,80,81,82,83,84,85,86,87,88,89,90,91,92,93,94,95,96,97,98,99]
CFO=-995.8265213693765,STO=5
EsN0dB=15.27,GRXdB=10,N0=0.0005011872272007167
packet_number=783,correct=True,payload=[0,1,2,3,4,5,6,7,8,9,10,11,12,13,14,15,16,17,18,19,20,21,22,23,24,25,26,27,28,29,30,31,32,33,34,35,36,37,38,39,40,41,42,43,44,45,46,47,48,49,50,51,52,53,54,55,56,57,58,59,60,61,62,63,64,65,66,67,68,69,70,71,72,73,74,75,76,77,78,79,80,81,82,83,84,85,86,87,88,89,90,91,92,93,94,95,96,97,98,99]
CFO=-1050.5238857555041,STO=5
EsN0dB=15.25,GRXdB=10,N0=0.0005011872272007167
packet_number=784,correct=True,payload=[0,1,2,3,4,5,6,7,8,9,10,11,12,13,14,15,16,17,18,19,20,21,22,23,24,25,26,27,28,29,30,31,32,33,34,35,36,37,38,39,40,41,42,43,44,45,46,47,48,49,50,51,52,53,54,55,56,57,58,59,60,61,62,63,64,65,66,67,68,69,70,71,72,73,74,75,76,77,78,79,80,81,82,83,84,85,86,87,88,89,90,91,92,93,94,95,96,97,98,99]
CFO=-952.1857628615531,STO=6
EsN0dB=15.26,GRXdB=10,N0=0.0005011872272007167
packet_number=785,correct=True,payload=[0,1,2,3,4,5,6,7,8,9,10,11,12,13,14,15,16,17,18,19,20,21,22,23,24,25,26,27,28,29,30,31,32,33,34,35,36,37,38,39,40,41,42,43,44,45,46,47,48,49,50,51,52,53,54,55,56,57,58,59,60,61,62,63,64,65,66,67,68,69,70,71,72,73,74,75,76,77,78,79,80,81,82,83,84,85,86,87,88,89,90,91,92,93,94,95,96,97,98,99]
CFO=-875.7981604127307,STO=5
EsN0dB=15.28,GRXdB=10,N0=0.0005011872272007167
packet_number=786,correct=True,payload=[0,1,2,3,4,5,6,7,8,9,10,11,12,13,14,15,16,17,18,19,20,21,22,23,24,25,26,27,28,29,30,31,32,33,34,35,36,37,38,39,40,41,42,43,44,45,46,47,48,49,50,51,52,53,54,55,56,57,58,59,60,61,62,63,64,65,66,67,68,69,70,71,72,73,74,75,76,77,78,79,80,81,82,83,84,85,86,87,88,89,90,91,92,93,94,95,96,97,98,99]
CFO=-1105.3269046303553,STO=4
EsN0dB=15.30,GRXdB=10,N0=0.0005011872272007167
packet_number=787,correct=True,payload=[0,1,2,3,4,5,6,7,8,9,10,11,12,13,14,15,16,17,18,19,20,21,22,23,24,25,26,27,28,29,30,31,32,33,34,35,36,37,38,39,40,41,42,43,44,45,46,47,48,49,50,51,52,53,54,55,56,57,58,59,60,61,62,63,64,65,66,67,68,69,70,71,72,73,74,75,76,77,78,79,80,81,82,83,84,85,86,87,88,89,90,91,92,93,94,95,96,97,98,99]
CFO=-1053.9604432613398,STO=1
EsN0dB=15.32,GRXdB=10,N0=0.0005011872272007167
packet_number=788,correct=True,payload=[0,1,2,3,4,5,6,7,8,9,10,11,12,13,14,15,16,17,18,19,20,21,22,23,24,25,26,27,28,29,30,31,32,33,34,35,36,37,38,39,40,41,42,43,44,45,46,47,48,49,50,51,52,53,54,55,56,57,58,59,60,61,62,63,64,65,66,67,68,69,70,71,72,73,74,75,76,77,78,79,80,81,82,83,84,85,86,87,88,89,90,91,92,93,94,95,96,97,98,99]
CFO=-1154.8380684341969,STO=4
EsN0dB=15.26,GRXdB=10,N0=0.0005011872272007167
packet_number=789,correct=True,payload=[0,1,2,3,4,5,6,7,8,9,10,11,12,13,14,15,16,17,18,19,20,21,22,23,24,25,26,27,28,29,30,31,32,33,34,35,36,37,38,39,40,41,42,43,44,45,46,47,48,49,50,51,52,53,54,55,56,57,58,59,60,61,62,63,64,65,66,67,68,69,70,71,72,73,74,75,76,77,78,79,80,81,82,83,84,85,86,87,88,89,90,91,92,93,94,95,96,97,98,99]
CFO=-1105.232159471556,STO=4
EsN0dB=15.23,GRXdB=10,N0=0.0005011872272007167
packet_number=790,correct=True,payload=[0,1,2,3,4,5,6,7,8,9,10,11,12,13,14,15,16,17,18,19,20,21,22,23,24,25,26,27,28,29,30,31,32,33,34,35,36,37,38,39,40,41,42,43,44,45,46,47,48,49,50,51,52,53,54,55,56,57,58,59,60,61,62,63,64,65,66,67,68,69,70,71,72,73,74,75,76,77,78,79,80,81,82,83,84,85,86,87,88,89,90,91,92,93,94,95,96,97,98,99]
CFO=-1146.3885552484603,STO=5
EsN0dB=15.26,GRXdB=10,N0=0.0005011872272007167
packet_number=791,correct=True,payload=[0,1,2,3,4,5,6,7,8,9,10,11,12,13,14,15,16,17,18,19,20,21,22,23,24,25,26,27,28,29,30,31,32,33,34,35,36,37,38,39,40,41,42,43,44,45,46,47,48,49,50,51,52,53,54,55,56,57,58,59,60,61,62,63,64,65,66,67,68,69,70,71,72,73,74,75,76,77,78,79,80,81,82,83,84,85,86,87,88,89,90,91,92,93,94,95,96,97,98,99]
CFO=-1115.4806448777485,STO=4
EsN0dB=15.24,GRXdB=10,N0=0.0005011872272007167
packet_number=792,correct=True,payload=[0,1,2,3,4,5,6,7,8,9,10,11,12,13,14,15,16,17,18,19,20,21,22,23,24,25,26,27,28,29,30,31,32,33,34,35,36,37,38,39,40,41,42,43,44,45,46,47,48,49,50,51,52,53,54,55,56,57,58,59,60,61,62,63,64,65,66,67,68,69,70,71,72,73,74,75,76,77,78,79,80,81,82,83,84,85,86,87,88,89,90,91,92,93,94,95,96,97,98,99]
CFO=-1136.7678306316088,STO=5
EsN0dB=15.25,GRXdB=10,N0=0.0005011872272007167
packet_number=793,correct=True,payload=[0,1,2,3,4,5,6,7,8,9,10,11,12,13,14,15,16,17,18,19,20,21,22,23,24,25,26,27,28,29,30,31,32,33,34,35,36,37,38,39,40,41,42,43,44,45,46,47,48,49,50,51,52,53,54,55,56,57,58,59,60,61,62,63,64,65,66,67,68,69,70,71,72,73,74,75,76,77,78,79,80,81,82,83,84,85,86,87,88,89,90,91,92,93,94,95,96,97,98,99]
CFO=-1016.7631856095812,STO=4
EsN0dB=15.26,GRXdB=10,N0=0.0005011872272007167
packet_number=794,correct=True,payload=[0,1,2,3,4,5,6,7,8,9,10,11,12,13,14,15,16,17,18,19,20,21,22,23,24,25,26,27,28,29,30,31,32,33,34,35,36,37,38,39,40,41,42,43,44,45,46,47,48,49,50,51,52,53,54,55,56,57,58,59,60,61,62,63,64,65,66,67,68,69,70,71,72,73,74,75,76,77,78,79,80,81,82,83,84,85,86,87,88,89,90,91,92,93,94,95,96,97,98,99]
CFO=-1066.8278793274092,STO=4
EsN0dB=15.19,GRXdB=10,N0=0.0005011872272007167
packet_number=795,correct=True,payload=[0,1,2,3,4,5,6,7,8,9,10,11,12,13,14,15,16,17,18,19,20,21,22,23,24,25,26,27,28,29,30,31,32,33,34,35,36,37,38,39,40,41,42,43,44,45,46,47,48,49,50,51,52,53,54,55,56,57,58,59,60,61,62,63,64,65,66,67,68,69,70,71,72,73,74,75,76,77,78,79,80,81,82,83,84,85,86,87,88,89,90,91,92,93,94,95,96,97,98,99]
CFO=-906.4523695728653,STO=4
EsN0dB=15.22,GRXdB=10,N0=0.0005011872272007167
packet_number=796,correct=True,payload=[0,1,2,3,4,5,6,7,8,9,10,11,12,13,14,15,16,17,18,19,20,21,22,23,24,25,26,27,28,29,30,31,32,33,34,35,36,37,38,39,40,41,42,43,44,45,46,47,48,49,50,51,52,53,54,55,56,57,58,59,60,61,62,63,64,65,66,67,68,69,70,71,72,73,74,75,76,77,78,79,80,81,82,83,84,85,86,87,88,89,90,91,92,93,94,95,96,97,98,99]
CFO=-995.6254102438149,STO=4
EsN0dB=15.34,GRXdB=10,N0=0.0005011872272007167
packet_number=797,correct=True,payload=[0,1,2,3,4,5,6,7,8,9,10,11,12,13,14,15,16,17,18,19,20,21,22,23,24,25,26,27,28,29,30,31,32,33,34,35,36,37,38,39,40,41,42,43,44,45,46,47,48,49,50,51,52,53,54,55,56,57,58,59,60,61,62,63,64,65,66,67,68,69,70,71,72,73,74,75,76,77,78,79,80,81,82,83,84,85,86,87,88,89,90,91,92,93,94,95,96,97,98,99]
CFO=-1140.0638712248324,STO=4
EsN0dB=15.27,GRXdB=10,N0=0.0005011872272007167
packet_number=798,correct=True,payload=[0,1,2,3,4,5,6,7,8,9,10,11,12,13,14,15,16,17,18,19,20,21,22,23,24,25,26,27,28,29,30,31,32,33,34,35,36,37,38,39,40,41,42,43,44,45,46,47,48,49,50,51,52,53,54,55,56,57,58,59,60,61,62,63,64,65,66,67,68,69,70,71,72,73,74,75,76,77,78,79,80,81,82,83,84,85,86,87,88,89,90,91,92,93,94,95,96,97,98,99]
CFO=-1066.1160455498468,STO=5
EsN0dB=15.28,GRXdB=10,N0=0.0005011872272007167
packet_number=799,correct=True,payload=[0,1,2,3,4,5,6,7,8,9,10,11,12,13,14,15,16,17,18,19,20,21,22,23,24,25,26,27,28,29,30,31,32,33,34,35,36,37,38,39,40,41,42,43,44,45,46,47,48,49,50,51,52,53,54,55,56,57,58,59,60,61,62,63,64,65,66,67,68,69,70,71,72,73,74,75,76,77,78,79,80,81,82,83,84,85,86,87,88,89,90,91,92,93,94,95,96,97,98,99]
CFO=-1053.9744356627646,STO=4
EsN0dB=15.19,GRXdB=10,N0=0.0005011872272007167
packet_number=800,correct=True,payload=[0,1,2,3,4,5,6,7,8,9,10,11,12,13,14,15,16,17,18,19,20,21,22,23,24,25,26,27,28,29,30,31,32,33,34,35,36,37,38,39,40,41,42,43,44,45,46,47,48,49,50,51,52,53,54,55,56,57,58,59,60,61,62,63,64,65,66,67,68,69,70,71,72,73,74,75,76,77,78,79,80,81,82,83,84,85,86,87,88,89,90,91,92,93,94,95,96,97,98,99]
CFO=-1134.616439622728,STO=4
EsN0dB=14.28,GRXdB=10,N0=0.000630957365501672
packet_number=801,correct=True,payload=[0,1,2,3,4,5,6,7,8,9,10,11,12,13,14,15,16,17,18,19,20,21,22,23,24,25,26,27,28,29,30,31,32,33,34,35,36,37,38,39,40,41,42,43,44,45,46,47,48,49,50,51,52,53,54,55,56,57,58,59,60,61,62,63,64,65,66,67,68,69,70,71,72,73,74,75,76,77,78,79,80,81,82,83,84,85,86,87,88,89,90,91,92,93,94,95,96,97,98,99]
CFO=-1083.0289457430717,STO=4
EsN0dB=14.18,GRXdB=10,N0=0.000630957365501672
packet_number=802,correct=True,payload=[0,1,2,3,4,5,6,7,8,9,10,11,12,13,14,15,16,17,18,19,20,21,22,23,24,25,26,27,28,29,30,31,32,33,34,35,36,37,38,39,40,41,42,43,44,45,46,47,48,49,50,51,52,53,54,55,56,57,58,59,60,61,62,63,64,65,66,67,68,69,70,71,72,73,74,75,76,77,78,79,80,81,82,83,84,85,86,87,88,89,90,91,92,93,94,95,96,97,98,99]
CFO=-953.0143383272731,STO=4
EsN0dB=14.20,GRXdB=10,N0=0.000630957365501672
packet_number=803,correct=True,payload=[0,1,2,3,4,5,6,7,8,9,10,11,12,13,14,15,16,17,18,19,20,21,22,23,24,25,26,27,28,29,30,31,32,33,34,35,36,37,38,39,40,41,42,43,44,45,46,47,48,49,50,51,52,53,54,55,56,57,58,59,60,61,62,63,64,65,66,67,68,69,70,71,72,73,74,75,76,77,78,79,80,81,82,83,84,85,86,87,88,89,90,91,92,93,94,95,96,97,98,99]
CFO=-1003.780608680941,STO=5
EsN0dB=14.27,GRXdB=10,N0=0.000630957365501672
packet_number=804,correct=True,payload=[0,1,2,3,4,5,6,7,8,9,10,11,12,13,14,15,16,17,18,19,20,21,22,23,24,25,26,27,28,29,30,31,32,33,34,35,36,37,38,39,40,41,42,43,44,45,46,47,48,49,50,51,52,53,54,55,56,57,58,59,60,61,62,63,64,65,66,67,68,69,70,71,72,73,74,75,76,77,78,79,80,81,82,83,84,85,86,87,88,89,90,91,92,93,94,95,96,97,98,99]
CFO=-1136.7907165085153,STO=6
EsN0dB=14.33,GRXdB=10,N0=0.000630957365501672
packet_number=805,correct=True,payload=[0,1,2,3,4,5,6,7,8,9,10,11,12,13,14,15,16,17,18,19,20,21,22,23,24,25,26,27,28,29,30,31,32,33,34,35,36,37,38,39,40,41,42,43,44,45,46,47,48,49,50,51,52,53,54,55,56,57,58,59,60,61,62,63,64,65,66,67,68,69,70,71,72,73,74,75,76,77,78,79,80,81,82,83,84,85,86,87,88,89,90,91,92,93,94,95,96,97,98,99]
CFO=-1081.633855889162,STO=4
EsN0dB=14.25,GRXdB=10,N0=0.000630957365501672
packet_number=806,correct=True,payload=[0,1,2,3,4,5,6,7,8,9,10,11,12,13,14,15,16,17,18,19,20,21,22,23,24,25,26,27,28,29,30,31,32,33,34,35,36,37,38,39,40,41,42,43,44,45,46,47,48,49,50,51,52,53,54,55,56,57,58,59,60,61,62,63,64,65,66,67,68,69,70,71,72,73,74,75,76,77,78,79,80,81,82,83,84,85,86,87,88,89,90,91,92,93,94,95,96,97,98,99]
CFO=-1072.2531365306456,STO=4
EsN0dB=14.18,GRXdB=10,N0=0.000630957365501672
packet_number=807,correct=True,payload=[0,1,2,3,4,5,6,7,8,9,10,11,12,13,14,15,16,17,18,19,20,21,22,23,24,25,26,27,28,29,30,31,32,33,34,35,36,37,38,39,40,41,42,43,44,45,46,47,48,49,50,51,52,53,54,55,56,57,58,59,60,61,62,63,64,65,66,67,68,69,70,71,72,73,74,75,76,77,78,79,80,81,82,83,84,85,86,87,88,89,90,91,92,93,94,95,96,97,98,99]
CFO=-1056.5818840943516,STO=5
EsN0dB=14.28,GRXdB=10,N0=0.000630957365501672
packet_number=808,correct=True,payload=[0,1,2,3,4,5,6,7,8,9,10,11,12,13,14,15,16,17,18,19,20,21,22,23,24,25,26,27,28,29,30,31,32,33,34,35,36,37,38,39,40,41,42,43,44,45,46,47,48,49,50,51,52,53,54,55,56,57,58,59,60,61,62,63,64,65,66,67,68,69,70,71,72,73,74,75,76,77,78,79,80,81,82,83,84,85,86,87,88,89,90,91,92,93,94,95,96,97,98,99]
CFO=-1178.9027458708558,STO=4
EsN0dB=14.29,GRXdB=10,N0=0.000630957365501672
packet_number=809,correct=True,payload=[0,1,2,3,4,5,6,7,8,9,10,11,12,13,14,15,16,17,18,19,20,21,22,23,24,25,26,27,28,29,30,31,32,33,34,35,36,37,38,39,40,41,42,43,44,45,46,47,48,49,50,51,52,53,54,55,56,57,58,59,60,61,62,63,64,65,66,67,68,69,70,71,72,73,74,75,76,77,78,79,80,81,82,83,84,85,86,87,88,89,90,91,92,93,94,95,96,97,98,99]
CFO=-1054.6618420276702,STO=4
EsN0dB=14.27,GRXdB=10,N0=0.000630957365501672
packet_number=810,correct=True,payload=[0,1,2,3,4,5,6,7,8,9,10,11,12,13,14,15,16,17,18,19,20,21,22,23,24,25,26,27,28,29,30,31,32,33,34,35,36,37,38,39,40,41,42,43,44,45,46,47,48,49,50,51,52,53,54,55,56,57,58,59,60,61,62,63,64,65,66,67,68,69,70,71,72,73,74,75,76,77,78,79,80,81,82,83,84,85,86,87,88,89,90,91,92,93,94,95,96,97,98,99]
CFO=-966.6829579545783,STO=4
EsN0dB=14.24,GRXdB=10,N0=0.000630957365501672
packet_number=811,correct=True,payload=[0,1,2,3,4,5,6,7,8,9,10,11,12,13,14,15,16,17,18,19,20,21,22,23,24,25,26,27,28,29,30,31,32,33,34,35,36,37,38,39,40,41,42,43,44,45,46,47,48,49,50,51,52,53,54,55,56,57,58,59,60,61,62,63,64,65,66,67,68,69,70,71,72,73,74,75,76,77,78,79,80,81,82,83,84,85,86,87,88,89,90,91,92,93,94,95,96,97,98,99]
CFO=-907.5010289118411,STO=4
EsN0dB=14.19,GRXdB=10,N0=0.000630957365501672
packet_number=812,correct=True,payload=[0,1,2,3,4,5,6,7,8,9,10,11,12,13,14,15,16,17,18,19,20,21,22,23,24,25,26,27,28,29,30,31,32,33,34,35,36,37,38,39,40,41,42,43,44,45,46,47,48,49,50,51,52,53,54,55,56,57,58,59,60,61,62,63,64,65,66,67,68,69,70,71,72,73,74,75,76,77,78,79,80,81,82,83,84,85,86,87,88,89,90,91,92,93,94,95,96,97,98,99]
CFO=-1168.7525630136554,STO=4
EsN0dB=14.28,GRXdB=10,N0=0.000630957365501672
packet_number=813,correct=True,payload=[0,1,2,3,4,5,6,7,8,9,10,11,12,13,14,15,16,17,18,19,20,21,22,23,24,25,26,27,28,29,30,31,32,33,34,35,36,37,38,39,40,41,42,43,44,45,46,47,48,49,50,51,52,53,54,55,56,57,58,59,60,61,62,63,64,65,66,67,68,69,70,71,72,73,74,75,76,77,78,79,80,81,82,83,84,85,86,87,88,89,90,91,92,93,94,95,96,97,98,99]
CFO=-1232.4420611695816,STO=4
EsN0dB=14.15,GRXdB=10,N0=0.000630957365501672
packet_number=814,correct=True,payload=[0,1,2,3,4,5,6,7,8,9,10,11,12,13,14,15,16,17,18,19,20,21,22,23,24,25,26,27,28,29,30,31,32,33,34,35,36,37,38,39,40,41,42,43,44,45,46,47,48,49,50,51,52,53,54,55,56,57,58,59,60,61,62,63,64,65,66,67,68,69,70,71,72,73,74,75,76,77,78,79,80,81,82,83,84,85,86,87,88,89,90,91,92,93,94,95,96,97,98,99]
CFO=-872.5011711821224,STO=4
EsN0dB=14.13,GRXdB=10,N0=0.000630957365501672
packet_number=815,correct=True,payload=[0,1,2,3,4,5,6,7,8,9,10,11,12,13,14,15,16,17,18,19,20,21,22,23,24,25,26,27,28,29,30,31,32,33,34,35,36,37,38,39,40,41,42,43,44,45,46,47,48,49,50,51,52,53,54,55,56,57,58,59,60,61,62,63,64,65,66,67,68,69,70,71,72,73,74,75,76,77,78,79,80,81,82,83,84,85,86,87,88,89,90,91,92,93,94,95,96,97,98,99]
CFO=-1070.0565666663174,STO=5
EsN0dB=14.35,GRXdB=10,N0=0.000630957365501672
packet_number=816,correct=True,payload=[0,1,2,3,4,5,6,7,8,9,10,11,12,13,14,15,16,17,18,19,20,21,22,23,24,25,26,27,28,29,30,31,32,33,34,35,36,37,38,39,40,41,42,43,44,45,46,47,48,49,50,51,52,53,54,55,56,57,58,59,60,61,62,63,64,65,66,67,68,69,70,71,72,73,74,75,76,77,78,79,80,81,82,83,84,85,86,87,88,89,90,91,92,93,94,95,96,97,98,99]
CFO=-1130.7150497983773,STO=1
EsN0dB=14.24,GRXdB=10,N0=0.000630957365501672
packet_number=817,correct=True,payload=[0,1,2,3,4,5,6,7,8,9,10,11,12,13,14,15,16,17,18,19,20,21,22,23,24,25,26,27,28,29,30,31,32,33,34,35,36,37,38,39,40,41,42,43,44,45,46,47,48,49,50,51,52,53,54,55,56,57,58,59,60,61,62,63,64,65,66,67,68,69,70,71,72,73,74,75,76,77,78,79,80,81,82,83,84,85,86,87,88,89,90,91,92,93,94,95,96,97,98,99]
CFO=-901.5473806853133,STO=4
EsN0dB=14.24,GRXdB=10,N0=0.000630957365501672
packet_number=818,correct=True,payload=[0,1,2,3,4,5,6,7,8,9,10,11,12,13,14,15,16,17,18,19,20,21,22,23,24,25,26,27,28,29,30,31,32,33,34,35,36,37,38,39,40,41,42,43,44,45,46,47,48,49,50,51,52,53,54,55,56,57,58,59,60,61,62,63,64,65,66,67,68,69,70,71,72,73,74,75,76,77,78,79,80,81,82,83,84,85,86,87,88,89,90,91,92,93,94,95,96,97,98,99]
CFO=-1031.4451278332813,STO=4
EsN0dB=14.28,GRXdB=10,N0=0.000630957365501672
packet_number=819,correct=True,payload=[0,1,2,3,4,5,6,7,8,9,10,11,12,13,14,15,16,17,18,19,20,21,22,23,24,25,26,27,28,29,30,31,32,33,34,35,36,37,38,39,40,41,42,43,44,45,46,47,48,49,50,51,52,53,54,55,56,57,58,59,60,61,62,63,64,65,66,67,68,69,70,71,72,73,74,75,76,77,78,79,80,81,82,83,84,85,86,87,88,89,90,91,92,93,94,95,96,97,98,99]
CFO=-1028.8873642847193,STO=3
EsN0dB=14.19,GRXdB=10,N0=0.000630957365501672
packet_number=820,correct=True,payload=[0,1,2,3,4,5,6,7,8,9,10,11,12,13,14,15,16,17,18,19,20,21,22,23,24,25,26,27,28,29,30,31,32,33,34,35,36,37,38,39,40,41,42,43,44,45,46,47,48,49,50,51,52,53,54,55,56,57,58,59,60,61,62,63,64,65,66,67,68,69,70,71,72,73,74,75,76,77,78,79,80,81,82,83,84,85,86,87,88,89,90,91,92,93,94,95,96,97,98,99]
CFO=-1115.3196136816916,STO=4
EsN0dB=14.26,GRXdB=10,N0=0.000630957365501672
packet_number=821,correct=True,payload=[0,1,2,3,4,5,6,7,8,9,10,11,12,13,14,15,16,17,18,19,20,21,22,23,24,25,26,27,28,29,30,31,32,33,34,35,36,37,38,39,40,41,42,43,44,45,46,47,48,49,50,51,52,53,54,55,56,57,58,59,60,61,62,63,64,65,66,67,68,69,70,71,72,73,74,75,76,77,78,79,80,81,82,83,84,85,86,87,88,89,90,91,92,93,94,95,96,97,98,99]
CFO=-1062.0703442633453,STO=4
EsN0dB=14.21,GRXdB=10,N0=0.000630957365501672
packet_number=822,correct=True,payload=[0,1,2,3,4,5,6,7,8,9,10,11,12,13,14,15,16,17,18,19,20,21,22,23,24,25,26,27,28,29,30,31,32,33,34,35,36,37,38,39,40,41,42,43,44,45,46,47,48,49,50,51,52,53,54,55,56,57,58,59,60,61,62,63,64,65,66,67,68,69,70,71,72,73,74,75,76,77,78,79,80,81,82,83,84,85,86,87,88,89,90,91,92,93,94,95,96,97,98,99]
CFO=-1004.9290528148225,STO=4
EsN0dB=14.20,GRXdB=10,N0=0.000630957365501672
packet_number=823,correct=True,payload=[0,1,2,3,4,5,6,7,8,9,10,11,12,13,14,15,16,17,18,19,20,21,22,23,24,25,26,27,28,29,30,31,32,33,34,35,36,37,38,39,40,41,42,43,44,45,46,47,48,49,50,51,52,53,54,55,56,57,58,59,60,61,62,63,64,65,66,67,68,69,70,71,72,73,74,75,76,77,78,79,80,81,82,83,84,85,86,87,88,89,90,91,92,93,94,95,96,97,98,99]
CFO=-993.9967777237536,STO=4
EsN0dB=14.20,GRXdB=10,N0=0.000630957365501672
packet_number=824,correct=True,payload=[0,1,2,3,4,5,6,7,8,9,10,11,12,13,14,15,16,17,18,19,20,21,22,23,24,25,26,27,28,29,30,31,32,33,34,35,36,37,38,39,40,41,42,43,44,45,46,47,48,49,50,51,52,53,54,55,56,57,58,59,60,61,62,63,64,65,66,67,68,69,70,71,72,73,74,75,76,77,78,79,80,81,82,83,84,85,86,87,88,89,90,91,92,93,94,95,96,97,98,99]
CFO=-1132.7803519645947,STO=4
EsN0dB=14.37,GRXdB=10,N0=0.000630957365501672
packet_number=825,correct=True,payload=[0,1,2,3,4,5,6,7,8,9,10,11,12,13,14,15,16,17,18,19,20,21,22,23,24,25,26,27,28,29,30,31,32,33,34,35,36,37,38,39,40,41,42,43,44,45,46,47,48,49,50,51,52,53,54,55,56,57,58,59,60,61,62,63,64,65,66,67,68,69,70,71,72,73,74,75,76,77,78,79,80,81,82,83,84,85,86,87,88,89,90,91,92,93,94,95,96,97,98,99]
CFO=-914.5539107079178,STO=4
EsN0dB=14.24,GRXdB=10,N0=0.000630957365501672
packet_number=826,correct=True,payload=[0,1,2,3,4,5,6,7,8,9,10,11,12,13,14,15,16,17,18,19,20,21,22,23,24,25,26,27,28,29,30,31,32,33,34,35,36,37,38,39,40,41,42,43,44,45,46,47,48,49,50,51,52,53,54,55,56,57,58,59,60,61,62,63,64,65,66,67,68,69,70,71,72,73,74,75,76,77,78,79,80,81,82,83,84,85,86,87,88,89,90,91,92,93,94,95,96,97,98,99]
CFO=-1000.6676551029692,STO=7
EsN0dB=14.31,GRXdB=10,N0=0.000630957365501672
packet_number=827,correct=True,payload=[0,1,2,3,4,5,6,7,8,9,10,11,12,13,14,15,16,17,18,19,20,21,22,23,24,25,26,27,28,29,30,31,32,33,34,35,36,37,38,39,40,41,42,43,44,45,46,47,48,49,50,51,52,53,54,55,56,57,58,59,60,61,62,63,64,65,66,67,68,69,70,71,72,73,74,75,76,77,78,79,80,81,82,83,84,85,86,87,88,89,90,91,92,93,94,95,96,97,98,99]
CFO=-1043.056449422303,STO=5
EsN0dB=14.24,GRXdB=10,N0=0.000630957365501672
packet_number=828,correct=True,payload=[0,1,2,3,4,5,6,7,8,9,10,11,12,13,14,15,16,17,18,19,20,21,22,23,24,25,26,27,28,29,30,31,32,33,34,35,36,37,38,39,40,41,42,43,44,45,46,47,48,49,50,51,52,53,54,55,56,57,58,59,60,61,62,63,64,65,66,67,68,69,70,71,72,73,74,75,76,77,78,79,80,81,82,83,84,85,86,87,88,89,90,91,92,93,94,95,96,97,98,99]
CFO=-976.2408946345283,STO=4
EsN0dB=14.17,GRXdB=10,N0=0.000630957365501672
packet_number=829,correct=True,payload=[0,1,2,3,4,5,6,7,8,9,10,11,12,13,14,15,16,17,18,19,20,21,22,23,24,25,26,27,28,29,30,31,32,33,34,35,36,37,38,39,40,41,42,43,44,45,46,47,48,49,50,51,52,53,54,55,56,57,58,59,60,61,62,63,64,65,66,67,68,69,70,71,72,73,74,75,76,77,78,79,80,81,82,83,84,85,86,87,88,89,90,91,92,93,94,95,96,97,98,99]
CFO=-964.475300890816,STO=5
EsN0dB=14.26,GRXdB=10,N0=0.000630957365501672
packet_number=830,correct=True,payload=[0,1,2,3,4,5,6,7,8,9,10,11,12,13,14,15,16,17,18,19,20,21,22,23,24,25,26,27,28,29,30,31,32,33,34,35,36,37,38,39,40,41,42,43,44,45,46,47,48,49,50,51,52,53,54,55,56,57,58,59,60,61,62,63,64,65,66,67,68,69,70,71,72,73,74,75,76,77,78,79,80,81,82,83,84,85,86,87,88,89,90,91,92,93,94,95,96,97,98,99]
CFO=-1142.4078356228122,STO=5
EsN0dB=14.17,GRXdB=10,N0=0.000630957365501672
packet_number=831,correct=True,payload=[0,1,2,3,4,5,6,7,8,9,10,11,12,13,14,15,16,17,18,19,20,21,22,23,24,25,26,27,28,29,30,31,32,33,34,35,36,37,38,39,40,41,42,43,44,45,46,47,48,49,50,51,52,53,54,55,56,57,58,59,60,61,62,63,64,65,66,67,68,69,70,71,72,73,74,75,76,77,78,79,80,81,82,83,84,85,86,87,88,89,90,91,92,93,94,95,96,97,98,99]
CFO=-1029.8412191750592,STO=4
EsN0dB=14.33,GRXdB=10,N0=0.000630957365501672
packet_number=832,correct=True,payload=[0,1,2,3,4,5,6,7,8,9,10,11,12,13,14,15,16,17,18,19,20,21,22,23,24,25,26,27,28,29,30,31,32,33,34,35,36,37,38,39,40,41,42,43,44,45,46,47,48,49,50,51,52,53,54,55,56,57,58,59,60,61,62,63,64,65,66,67,68,69,70,71,72,73,74,75,76,77,78,79,80,81,82,83,84,85,86,87,88,89,90,91,92,93,94,95,96,97,98,99]
CFO=-1001.3145072196779,STO=4
EsN0dB=14.28,GRXdB=10,N0=0.000630957365501672
packet_number=833,correct=True,payload=[0,1,2,3,4,5,6,7,8,9,10,11,12,13,14,15,16,17,18,19,20,21,22,23,24,25,26,27,28,29,30,31,32,33,34,35,36,37,38,39,40,41,42,43,44,45,46,47,48,49,50,51,52,53,54,55,56,57,58,59,60,61,62,63,64,65,66,67,68,69,70,71,72,73,74,75,76,77,78,79,80,81,82,83,84,85,86,87,88,89,90,91,92,93,94,95,96,97,98,99]
CFO=-1105.0536970635549,STO=4
EsN0dB=14.17,GRXdB=10,N0=0.000630957365501672
packet_number=834,correct=True,payload=[0,1,2,3,4,5,6,7,8,9,10,11,12,13,14,15,16,17,18,19,20,21,22,23,24,25,26,27,28,29,30,31,32,33,34,35,36,37,38,39,40,41,42,43,44,45,46,47,48,49,50,51,52,53,54,55,56,57,58,59,60,61,62,63,64,65,66,67,68,69,70,71,72,73,74,75,76,77,78,79,80,81,82,83,84,85,86,87,88,89,90,91,92,93,94,95,96,97,98,99]
CFO=-1040.4535070182935,STO=5
EsN0dB=14.29,GRXdB=10,N0=0.000630957365501672
packet_number=835,correct=True,payload=[0,1,2,3,4,5,6,7,8,9,10,11,12,13,14,15,16,17,18,19,20,21,22,23,24,25,26,27,28,29,30,31,32,33,34,35,36,37,38,39,40,41,42,43,44,45,46,47,48,49,50,51,52,53,54,55,56,57,58,59,60,61,62,63,64,65,66,67,68,69,70,71,72,73,74,75,76,77,78,79,80,81,82,83,84,85,86,87,88,89,90,91,92,93,94,95,96,97,98,99]
CFO=-955.049699126035,STO=5
EsN0dB=14.22,GRXdB=10,N0=0.000630957365501672
packet_number=836,correct=True,payload=[0,1,2,3,4,5,6,7,8,9,10,11,12,13,14,15,16,17,18,19,20,21,22,23,24,25,26,27,28,29,30,31,32,33,34,35,36,37,38,39,40,41,42,43,44,45,46,47,48,49,50,51,52,53,54,55,56,57,58,59,60,61,62,63,64,65,66,67,68,69,70,71,72,73,74,75,76,77,78,79,80,81,82,83,84,85,86,87,88,89,90,91,92,93,94,95,96,97,98,99]
CFO=-1229.4465014679695,STO=5
EsN0dB=14.22,GRXdB=10,N0=0.000630957365501672
packet_number=837,correct=True,payload=[0,1,2,3,4,5,6,7,8,9,10,11,12,13,14,15,16,17,18,19,20,21,22,23,24,25,26,27,28,29,30,31,32,33,34,35,36,37,38,39,40,41,42,43,44,45,46,47,48,49,50,51,52,53,54,55,56,57,58,59,60,61,62,63,64,65,66,67,68,69,70,71,72,73,74,75,76,77,78,79,80,81,82,83,84,85,86,87,88,89,90,91,92,93,94,95,96,97,98,99]
CFO=-1088.2343562323986,STO=4
EsN0dB=14.26,GRXdB=10,N0=0.000630957365501672
packet_number=838,correct=True,payload=[0,1,2,3,4,5,6,7,8,9,10,11,12,13,14,15,16,17,18,19,20,21,22,23,24,25,26,27,28,29,30,31,32,33,34,35,36,37,38,39,40,41,42,43,44,45,46,47,48,49,50,51,52,53,54,55,56,57,58,59,60,61,62,63,64,65,66,67,68,69,70,71,72,73,74,75,76,77,78,79,80,81,82,83,84,85,86,87,88,89,90,91,92,93,94,95,96,97,98,99]
CFO=-1042.8632831348386,STO=5
EsN0dB=14.27,GRXdB=10,N0=0.000630957365501672
packet_number=839,correct=True,payload=[0,1,2,3,4,5,6,7,8,9,10,11,12,13,14,15,16,17,18,19,20,21,22,23,24,25,26,27,28,29,30,31,32,33,34,35,36,37,38,39,40,41,42,43,44,45,46,47,48,49,50,51,52,53,54,55,56,57,58,59,60,61,62,63,64,65,66,67,68,69,70,71,72,73,74,75,76,77,78,79,80,81,82,83,84,85,86,87,88,89,90,91,92,93,94,95,96,97,98,99]
CFO=-1057.6303655638178,STO=4
EsN0dB=14.28,GRXdB=10,N0=0.000630957365501672
packet_number=840,correct=True,payload=[0,1,2,3,4,5,6,7,8,9,10,11,12,13,14,15,16,17,18,19,20,21,22,23,24,25,26,27,28,29,30,31,32,33,34,35,36,37,38,39,40,41,42,43,44,45,46,47,48,49,50,51,52,53,54,55,56,57,58,59,60,61,62,63,64,65,66,67,68,69,70,71,72,73,74,75,76,77,78,79,80,81,82,83,84,85,86,87,88,89,90,91,92,93,94,95,96,97,98,99]
CFO=-847.0237355202632,STO=4
EsN0dB=14.24,GRXdB=10,N0=0.000630957365501672
packet_number=841,correct=True,payload=[0,1,2,3,4,5,6,7,8,9,10,11,12,13,14,15,16,17,18,19,20,21,22,23,24,25,26,27,28,29,30,31,32,33,34,35,36,37,38,39,40,41,42,43,44,45,46,47,48,49,50,51,52,53,54,55,56,57,58,59,60,61,62,63,64,65,66,67,68,69,70,71,72,73,74,75,76,77,78,79,80,81,82,83,84,85,86,87,88,89,90,91,92,93,94,95,96,97,98,99]
CFO=-1329.2563166846467,STO=4
EsN0dB=14.15,GRXdB=10,N0=0.000630957365501672
packet_number=842,correct=True,payload=[0,1,2,3,4,5,6,7,8,9,10,11,12,13,14,15,16,17,18,19,20,21,22,23,24,25,26,27,28,29,30,31,32,33,34,35,36,37,38,39,40,41,42,43,44,45,46,47,48,49,50,51,52,53,54,55,56,57,58,59,60,61,62,63,64,65,66,67,68,69,70,71,72,73,74,75,76,77,78,79,80,81,82,83,84,85,86,87,88,89,90,91,92,93,94,95,96,97,98,99]
CFO=-951.7307133660684,STO=4
EsN0dB=14.25,GRXdB=10,N0=0.000630957365501672
packet_number=843,correct=True,payload=[0,1,2,3,4,5,6,7,8,9,10,11,12,13,14,15,16,17,18,19,20,21,22,23,24,25,26,27,28,29,30,31,32,33,34,35,36,37,38,39,40,41,42,43,44,45,46,47,48,49,50,51,52,53,54,55,56,57,58,59,60,61,62,63,64,65,66,67,68,69,70,71,72,73,74,75,76,77,78,79,80,81,82,83,84,85,86,87,88,89,90,91,92,93,94,95,96,97,98,99]
CFO=-1057.0349770252303,STO=4
EsN0dB=14.27,GRXdB=10,N0=0.000630957365501672
packet_number=844,correct=True,payload=[0,1,2,3,4,5,6,7,8,9,10,11,12,13,14,15,16,17,18,19,20,21,22,23,24,25,26,27,28,29,30,31,32,33,34,35,36,37,38,39,40,41,42,43,44,45,46,47,48,49,50,51,52,53,54,55,56,57,58,59,60,61,62,63,64,65,66,67,68,69,70,71,72,73,74,75,76,77,78,79,80,81,82,83,84,85,86,87,88,89,90,91,92,93,94,95,96,97,98,99]
CFO=-1189.8031823197,STO=4
EsN0dB=14.17,GRXdB=10,N0=0.000630957365501672
packet_number=845,correct=True,payload=[0,1,2,3,4,5,6,7,8,9,10,11,12,13,14,15,16,17,18,19,20,21,22,23,24,25,26,27,28,29,30,31,32,33,34,35,36,37,38,39,40,41,42,43,44,45,46,47,48,49,50,51,52,53,54,55,56,57,58,59,60,61,62,63,64,65,66,67,68,69,70,71,72,73,74,75,76,77,78,79,80,81,82,83,84,85,86,87,88,89,90,91,92,93,94,95,96,97,98,99]
CFO=-993.1748427197267,STO=4
EsN0dB=14.19,GRXdB=10,N0=0.000630957365501672
packet_number=846,correct=True,payload=[0,1,2,3,4,5,6,7,8,9,10,11,12,13,14,15,16,17,18,19,20,21,22,23,24,25,26,27,28,29,30,31,32,33,34,35,36,37,38,39,40,41,42,43,44,45,46,47,48,49,50,51,52,53,54,55,56,57,58,59,60,61,62,63,64,65,66,67,68,69,70,71,72,73,74,75,76,77,78,79,80,81,82,83,84,85,86,87,88,89,90,91,92,93,94,95,96,97,98,99]
CFO=-1124.3614323345155,STO=4
EsN0dB=14.23,GRXdB=10,N0=0.000630957365501672
packet_number=847,correct=True,payload=[0,1,2,3,4,5,6,7,8,9,10,11,12,13,14,15,16,17,18,19,20,21,22,23,24,25,26,27,28,29,30,31,32,33,34,35,36,37,38,39,40,41,42,43,44,45,46,47,48,49,50,51,52,53,54,55,56,57,58,59,60,61,62,63,64,65,66,67,68,69,70,71,72,73,74,75,76,77,78,79,80,81,82,83,84,85,86,87,88,89,90,91,92,93,94,95,96,97,98,99]
CFO=-1048.470678715942,STO=4
EsN0dB=14.30,GRXdB=10,N0=0.000630957365501672
packet_number=848,correct=True,payload=[0,1,2,3,4,5,6,7,8,9,10,11,12,13,14,15,16,17,18,19,20,21,22,23,24,25,26,27,28,29,30,31,32,33,34,35,36,37,38,39,40,41,42,43,44,45,46,47,48,49,50,51,52,53,54,55,56,57,58,59,60,61,62,63,64,65,66,67,68,69,70,71,72,73,74,75,76,77,78,79,80,81,82,83,84,85,86,87,88,89,90,91,92,93,94,95,96,97,98,99]
CFO=-914.8759731000316,STO=4
EsN0dB=14.25,GRXdB=10,N0=0.000630957365501672
packet_number=849,correct=True,payload=[0,1,2,3,4,5,6,7,8,9,10,11,12,13,14,15,16,17,18,19,20,21,22,23,24,25,26,27,28,29,30,31,32,33,34,35,36,37,38,39,40,41,42,43,44,45,46,47,48,49,50,51,52,53,54,55,56,57,58,59,60,61,62,63,64,65,66,67,68,69,70,71,72,73,74,75,76,77,78,79,80,81,82,83,84,85,86,87,88,89,90,91,92,93,94,95,96,97,98,99]
CFO=-976.9313247810978,STO=0
EsN0dB=14.30,GRXdB=10,N0=0.000630957365501672
packet_number=850,correct=True,payload=[0,1,2,3,4,5,6,7,8,9,10,11,12,13,14,15,16,17,18,19,20,21,22,23,24,25,26,27,28,29,30,31,32,33,34,35,36,37,38,39,40,41,42,43,44,45,46,47,48,49,50,51,52,53,54,55,56,57,58,59,60,61,62,63,64,65,66,67,68,69,70,71,72,73,74,75,76,77,78,79,80,81,82,83,84,85,86,87,88,89,90,91,92,93,94,95,96,97,98,99]
CFO=-886.3544193604297,STO=4
EsN0dB=14.32,GRXdB=10,N0=0.000630957365501672
packet_number=851,correct=True,payload=[0,1,2,3,4,5,6,7,8,9,10,11,12,13,14,15,16,17,18,19,20,21,22,23,24,25,26,27,28,29,30,31,32,33,34,35,36,37,38,39,40,41,42,43,44,45,46,47,48,49,50,51,52,53,54,55,56,57,58,59,60,61,62,63,64,65,66,67,68,69,70,71,72,73,74,75,76,77,78,79,80,81,82,83,84,85,86,87,88,89,90,91,92,93,94,95,96,97,98,99]
CFO=-982.0067719487173,STO=4
EsN0dB=14.21,GRXdB=10,N0=0.000630957365501672
packet_number=852,correct=True,payload=[0,1,2,3,4,5,6,7,8,9,10,11,12,13,14,15,16,17,18,19,20,21,22,23,24,25,26,27,28,29,30,31,32,33,34,35,36,37,38,39,40,41,42,43,44,45,46,47,48,49,50,51,52,53,54,55,56,57,58,59,60,61,62,63,64,65,66,67,68,69,70,71,72,73,74,75,76,77,78,79,80,81,82,83,84,85,86,87,88,89,90,91,92,93,94,95,96,97,98,99]
CFO=-1029.2238933969502,STO=0
EsN0dB=14.19,GRXdB=10,N0=0.000630957365501672
packet_number=853,correct=True,payload=[0,1,2,3,4,5,6,7,8,9,10,11,12,13,14,15,16,17,18,19,20,21,22,23,24,25,26,27,28,29,30,31,32,33,34,35,36,37,38,39,40,41,42,43,44,45,46,47,48,49,50,51,52,53,54,55,56,57,58,59,60,61,62,63,64,65,66,67,68,69,70,71,72,73,74,75,76,77,78,79,80,81,82,83,84,85,86,87,88,89,90,91,92,93,94,95,96,97,98,99]
CFO=-1163.6464037107053,STO=4
EsN0dB=14.20,GRXdB=10,N0=0.000630957365501672
packet_number=854,correct=True,payload=[0,1,2,3,4,5,6,7,8,9,10,11,12,13,14,15,16,17,18,19,20,21,22,23,24,25,26,27,28,29,30,31,32,33,34,35,36,37,38,39,40,41,42,43,44,45,46,47,48,49,50,51,52,53,54,55,56,57,58,59,60,61,62,63,64,65,66,67,68,69,70,71,72,73,74,75,76,77,78,79,80,81,82,83,84,85,86,87,88,89,90,91,92,93,94,95,96,97,98,99]
CFO=-1052.6443274697085,STO=5
EsN0dB=14.22,GRXdB=10,N0=0.000630957365501672
packet_number=855,correct=True,payload=[0,1,2,3,4,5,6,7,8,9,10,11,12,13,14,15,16,17,18,19,20,21,22,23,24,25,26,27,28,29,30,31,32,33,34,35,36,37,38,39,40,41,42,43,44,45,46,47,48,49,50,51,52,53,54,55,56,57,58,59,60,61,62,63,64,65,66,67,68,69,70,71,72,73,74,75,76,77,78,79,80,81,82,83,84,85,86,87,88,89,90,91,92,93,94,95,96,97,98,99]
CFO=-975.1392301816811,STO=4
EsN0dB=14.27,GRXdB=10,N0=0.000630957365501672
packet_number=856,correct=True,payload=[0,1,2,3,4,5,6,7,8,9,10,11,12,13,14,15,16,17,18,19,20,21,22,23,24,25,26,27,28,29,30,31,32,33,34,35,36,37,38,39,40,41,42,43,44,45,46,47,48,49,50,51,52,53,54,55,56,57,58,59,60,61,62,63,64,65,66,67,68,69,70,71,72,73,74,75,76,77,78,79,80,81,82,83,84,85,86,87,88,89,90,91,92,93,94,95,96,97,98,99]
CFO=-1056.0355875404236,STO=6
EsN0dB=14.18,GRXdB=10,N0=0.000630957365501672
packet_number=857,correct=True,payload=[0,1,2,3,4,5,6,7,8,9,10,11,12,13,14,15,16,17,18,19,20,21,22,23,24,25,26,27,28,29,30,31,32,33,34,35,36,37,38,39,40,41,42,43,44,45,46,47,48,49,50,51,52,53,54,55,56,57,58,59,60,61,62,63,64,65,66,67,68,69,70,71,72,73,74,75,76,77,78,79,80,81,82,83,84,85,86,87,88,89,90,91,92,93,94,95,96,97,98,99]
CFO=-1015.4180177980426,STO=5
EsN0dB=14.35,GRXdB=10,N0=0.000630957365501672
packet_number=858,correct=True,payload=[0,1,2,3,4,5,6,7,8,9,10,11,12,13,14,15,16,17,18,19,20,21,22,23,24,25,26,27,28,29,30,31,32,33,34,35,36,37,38,39,40,41,42,43,44,45,46,47,48,49,50,51,52,53,54,55,56,57,58,59,60,61,62,63,64,65,66,67,68,69,70,71,72,73,74,75,76,77,78,79,80,81,82,83,84,85,86,87,88,89,90,91,92,93,94,95,96,97,98,99]
CFO=-915.9496527500295,STO=4
EsN0dB=14.30,GRXdB=10,N0=0.000630957365501672
packet_number=859,correct=True,payload=[0,1,2,3,4,5,6,7,8,9,10,11,12,13,14,15,16,17,18,19,20,21,22,23,24,25,26,27,28,29,30,31,32,33,34,35,36,37,38,39,40,41,42,43,44,45,46,47,48,49,50,51,52,53,54,55,56,57,58,59,60,61,62,63,64,65,66,67,68,69,70,71,72,73,74,75,76,77,78,79,80,81,82,83,84,85,86,87,88,89,90,91,92,93,94,95,96,97,98,99]
CFO=-1085.3959145976312,STO=3
EsN0dB=14.31,GRXdB=10,N0=0.000630957365501672
packet_number=860,correct=True,payload=[0,1,2,3,4,5,6,7,8,9,10,11,12,13,14,15,16,17,18,19,20,21,22,23,24,25,26,27,28,29,30,31,32,33,34,35,36,37,38,39,40,41,42,43,44,45,46,47,48,49,50,51,52,53,54,55,56,57,58,59,60,61,62,63,64,65,66,67,68,69,70,71,72,73,74,75,76,77,78,79,80,81,82,83,84,85,86,87,88,89,90,91,92,93,94,95,96,97,98,99]
CFO=-1002.7116129280301,STO=4
EsN0dB=14.22,GRXdB=10,N0=0.000630957365501672
packet_number=861,correct=True,payload=[0,1,2,3,4,5,6,7,8,9,10,11,12,13,14,15,16,17,18,19,20,21,22,23,24,25,26,27,28,29,30,31,32,33,34,35,36,37,38,39,40,41,42,43,44,45,46,47,48,49,50,51,52,53,54,55,56,57,58,59,60,61,62,63,64,65,66,67,68,69,70,71,72,73,74,75,76,77,78,79,80,81,82,83,84,85,86,87,88,89,90,91,92,93,94,95,96,97,98,99]
CFO=-1043.1862941643371,STO=3
EsN0dB=14.22,GRXdB=10,N0=0.000630957365501672
packet_number=862,correct=True,payload=[0,1,2,3,4,5,6,7,8,9,10,11,12,13,14,15,16,17,18,19,20,21,22,23,24,25,26,27,28,29,30,31,32,33,34,35,36,37,38,39,40,41,42,43,44,45,46,47,48,49,50,51,52,53,54,55,56,57,58,59,60,61,62,63,64,65,66,67,68,69,70,71,72,73,74,75,76,77,78,79,80,81,82,83,84,85,86,87,88,89,90,91,92,93,94,95,96,97,98,99]
CFO=-1146.0575993808648,STO=4
EsN0dB=14.21,GRXdB=10,N0=0.000630957365501672
packet_number=863,correct=True,payload=[0,1,2,3,4,5,6,7,8,9,10,11,12,13,14,15,16,17,18,19,20,21,22,23,24,25,26,27,28,29,30,31,32,33,34,35,36,37,38,39,40,41,42,43,44,45,46,47,48,49,50,51,52,53,54,55,56,57,58,59,60,61,62,63,64,65,66,67,68,69,70,71,72,73,74,75,76,77,78,79,80,81,82,83,84,85,86,87,88,89,90,91,92,93,94,95,96,97,98,99]
CFO=-1057.404115547561,STO=5
EsN0dB=14.21,GRXdB=10,N0=0.000630957365501672
packet_number=864,correct=True,payload=[0,1,2,3,4,5,6,7,8,9,10,11,12,13,14,15,16,17,18,19,20,21,22,23,24,25,26,27,28,29,30,31,32,33,34,35,36,37,38,39,40,41,42,43,44,45,46,47,48,49,50,51,52,53,54,55,56,57,58,59,60,61,62,63,64,65,66,67,68,69,70,71,72,73,74,75,76,77,78,79,80,81,82,83,84,85,86,87,88,89,90,91,92,93,94,95,96,97,98,99]
CFO=-1034.0998895544315,STO=5
EsN0dB=14.22,GRXdB=10,N0=0.000630957365501672
packet_number=865,correct=True,payload=[0,1,2,3,4,5,6,7,8,9,10,11,12,13,14,15,16,17,18,19,20,21,22,23,24,25,26,27,28,29,30,31,32,33,34,35,36,37,38,39,40,41,42,43,44,45,46,47,48,49,50,51,52,53,54,55,56,57,58,59,60,61,62,63,64,65,66,67,68,69,70,71,72,73,74,75,76,77,78,79,80,81,82,83,84,85,86,87,88,89,90,91,92,93,94,95,96,97,98,99]
CFO=-1017.3831201404984,STO=4
EsN0dB=14.24,GRXdB=10,N0=0.000630957365501672
packet_number=866,correct=True,payload=[0,1,2,3,4,5,6,7,8,9,10,11,12,13,14,15,16,17,18,19,20,21,22,23,24,25,26,27,28,29,30,31,32,33,34,35,36,37,38,39,40,41,42,43,44,45,46,47,48,49,50,51,52,53,54,55,56,57,58,59,60,61,62,63,64,65,66,67,68,69,70,71,72,73,74,75,76,77,78,79,80,81,82,83,84,85,86,87,88,89,90,91,92,93,94,95,96,97,98,99]
CFO=-1050.5126206865605,STO=5
EsN0dB=14.20,GRXdB=10,N0=0.000630957365501672
packet_number=867,correct=True,payload=[0,1,2,3,4,5,6,7,8,9,10,11,12,13,14,15,16,17,18,19,20,21,22,23,24,25,26,27,28,29,30,31,32,33,34,35,36,37,38,39,40,41,42,43,44,45,46,47,48,49,50,51,52,53,54,55,56,57,58,59,60,61,62,63,64,65,66,67,68,69,70,71,72,73,74,75,76,77,78,79,80,81,82,83,84,85,86,87,88,89,90,91,92,93,94,95,96,97,98,99]
CFO=-945.887047786332,STO=4
EsN0dB=14.22,GRXdB=10,N0=0.000630957365501672
packet_number=868,correct=True,payload=[0,1,2,3,4,5,6,7,8,9,10,11,12,13,14,15,16,17,18,19,20,21,22,23,24,25,26,27,28,29,30,31,32,33,34,35,36,37,38,39,40,41,42,43,44,45,46,47,48,49,50,51,52,53,54,55,56,57,58,59,60,61,62,63,64,65,66,67,68,69,70,71,72,73,74,75,76,77,78,79,80,81,82,83,84,85,86,87,88,89,90,91,92,93,94,95,96,97,98,99]
CFO=-924.5553946550629,STO=5
EsN0dB=14.27,GRXdB=10,N0=0.000630957365501672
packet_number=869,correct=True,payload=[0,1,2,3,4,5,6,7,8,9,10,11,12,13,14,15,16,17,18,19,20,21,22,23,24,25,26,27,28,29,30,31,32,33,34,35,36,37,38,39,40,41,42,43,44,45,46,47,48,49,50,51,52,53,54,55,56,57,58,59,60,61,62,63,64,65,66,67,68,69,70,71,72,73,74,75,76,77,78,79,80,81,82,83,84,85,86,87,88,89,90,91,92,93,94,95,96,97,98,99]
CFO=-1200.8507761428496,STO=4
EsN0dB=14.28,GRXdB=10,N0=0.000630957365501672
packet_number=870,correct=True,payload=[0,1,2,3,4,5,6,7,8,9,10,11,12,13,14,15,16,17,18,19,20,21,22,23,24,25,26,27,28,29,30,31,32,33,34,35,36,37,38,39,40,41,42,43,44,45,46,47,48,49,50,51,52,53,54,55,56,57,58,59,60,61,62,63,64,65,66,67,68,69,70,71,72,73,74,75,76,77,78,79,80,81,82,83,84,85,86,87,88,89,90,91,92,93,94,95,96,97,98,99]
CFO=-892.1831439013566,STO=4
EsN0dB=14.22,GRXdB=10,N0=0.000630957365501672
packet_number=871,correct=True,payload=[0,1,2,3,4,5,6,7,8,9,10,11,12,13,14,15,16,17,18,19,20,21,22,23,24,25,26,27,28,29,30,31,32,33,34,35,36,37,38,39,40,41,42,43,44,45,46,47,48,49,50,51,52,53,54,55,56,57,58,59,60,61,62,63,64,65,66,67,68,69,70,71,72,73,74,75,76,77,78,79,80,81,82,83,84,85,86,87,88,89,90,91,92,93,94,95,96,97,98,99]
CFO=-899.2436147965111,STO=3
EsN0dB=14.30,GRXdB=10,N0=0.000630957365501672
packet_number=872,correct=True,payload=[0,1,2,3,4,5,6,7,8,9,10,11,12,13,14,15,16,17,18,19,20,21,22,23,24,25,26,27,28,29,30,31,32,33,34,35,36,37,38,39,40,41,42,43,44,45,46,47,48,49,50,51,52,53,54,55,56,57,58,59,60,61,62,63,64,65,66,67,68,69,70,71,72,73,74,75,76,77,78,79,80,81,82,83,84,85,86,87,88,89,90,91,92,93,94,95,96,97,98,99]
CFO=-1046.6055390379017,STO=0
EsN0dB=14.42,GRXdB=10,N0=0.000630957365501672
packet_number=873,correct=True,payload=[0,1,2,3,4,5,6,7,8,9,10,11,12,13,14,15,16,17,18,19,20,21,22,23,24,25,26,27,28,29,30,31,32,33,34,35,36,37,38,39,40,41,42,43,44,45,46,47,48,49,50,51,52,53,54,55,56,57,58,59,60,61,62,63,64,65,66,67,68,69,70,71,72,73,74,75,76,77,78,79,80,81,82,83,84,85,86,87,88,89,90,91,92,93,94,95,96,97,98,99]
CFO=-1183.7812322014722,STO=4
EsN0dB=14.30,GRXdB=10,N0=0.000630957365501672
packet_number=874,correct=True,payload=[0,1,2,3,4,5,6,7,8,9,10,11,12,13,14,15,16,17,18,19,20,21,22,23,24,25,26,27,28,29,30,31,32,33,34,35,36,37,38,39,40,41,42,43,44,45,46,47,48,49,50,51,52,53,54,55,56,57,58,59,60,61,62,63,64,65,66,67,68,69,70,71,72,73,74,75,76,77,78,79,80,81,82,83,84,85,86,87,88,89,90,91,92,93,94,95,96,97,98,99]
CFO=-1116.8658926187918,STO=4
EsN0dB=14.23,GRXdB=10,N0=0.000630957365501672
packet_number=875,correct=True,payload=[0,1,2,3,4,5,6,7,8,9,10,11,12,13,14,15,16,17,18,19,20,21,22,23,24,25,26,27,28,29,30,31,32,33,34,35,36,37,38,39,40,41,42,43,44,45,46,47,48,49,50,51,52,53,54,55,56,57,58,59,60,61,62,63,64,65,66,67,68,69,70,71,72,73,74,75,76,77,78,79,80,81,82,83,84,85,86,87,88,89,90,91,92,93,94,95,96,97,98,99]
CFO=-1001.0305089026261,STO=4
EsN0dB=14.30,GRXdB=10,N0=0.000630957365501672
packet_number=876,correct=True,payload=[0,1,2,3,4,5,6,7,8,9,10,11,12,13,14,15,16,17,18,19,20,21,22,23,24,25,26,27,28,29,30,31,32,33,34,35,36,37,38,39,40,41,42,43,44,45,46,47,48,49,50,51,52,53,54,55,56,57,58,59,60,61,62,63,64,65,66,67,68,69,70,71,72,73,74,75,76,77,78,79,80,81,82,83,84,85,86,87,88,89,90,91,92,93,94,95,96,97,98,99]
CFO=-865.0033784526103,STO=4
EsN0dB=14.23,GRXdB=10,N0=0.000630957365501672
packet_number=877,correct=True,payload=[0,1,2,3,4,5,6,7,8,9,10,11,12,13,14,15,16,17,18,19,20,21,22,23,24,25,26,27,28,29,30,31,32,33,34,35,36,37,38,39,40,41,42,43,44,45,46,47,48,49,50,51,52,53,54,55,56,57,58,59,60,61,62,63,64,65,66,67,68,69,70,71,72,73,74,75,76,77,78,79,80,81,82,83,84,85,86,87,88,89,90,91,92,93,94,95,96,97,98,99]
CFO=-984.3905198270191,STO=4
EsN0dB=14.26,GRXdB=10,N0=0.000630957365501672
packet_number=878,correct=True,payload=[0,1,2,3,4,5,6,7,8,9,10,11,12,13,14,15,16,17,18,19,20,21,22,23,24,25,26,27,28,29,30,31,32,33,34,35,36,37,38,39,40,41,42,43,44,45,46,47,48,49,50,51,52,53,54,55,56,57,58,59,60,61,62,63,64,65,66,67,68,69,70,71,72,73,74,75,76,77,78,79,80,81,82,83,84,85,86,87,88,89,90,91,92,93,94,95,96,97,98,99]
CFO=-1107.578851202017,STO=4
EsN0dB=14.27,GRXdB=10,N0=0.000630957365501672
packet_number=879,correct=True,payload=[0,1,2,3,4,5,6,7,8,9,10,11,12,13,14,15,16,17,18,19,20,21,22,23,24,25,26,27,28,29,30,31,32,33,34,35,36,37,38,39,40,41,42,43,44,45,46,47,48,49,50,51,52,53,54,55,56,57,58,59,60,61,62,63,64,65,66,67,68,69,70,71,72,73,74,75,76,77,78,79,80,81,82,83,84,85,86,87,88,89,90,91,92,93,94,95,96,97,98,99]
CFO=-1064.1855684719335,STO=4
EsN0dB=14.18,GRXdB=10,N0=0.000630957365501672
packet_number=880,correct=True,payload=[0,1,2,3,4,5,6,7,8,9,10,11,12,13,14,15,16,17,18,19,20,21,22,23,24,25,26,27,28,29,30,31,32,33,34,35,36,37,38,39,40,41,42,43,44,45,46,47,48,49,50,51,52,53,54,55,56,57,58,59,60,61,62,63,64,65,66,67,68,69,70,71,72,73,74,75,76,77,78,79,80,81,82,83,84,85,86,87,88,89,90,91,92,93,94,95,96,97,98,99]
CFO=-1158.0316561898703,STO=4
EsN0dB=14.26,GRXdB=10,N0=0.000630957365501672
packet_number=881,correct=True,payload=[0,1,2,3,4,5,6,7,8,9,10,11,12,13,14,15,16,17,18,19,20,21,22,23,24,25,26,27,28,29,30,31,32,33,34,35,36,37,38,39,40,41,42,43,44,45,46,47,48,49,50,51,52,53,54,55,56,57,58,59,60,61,62,63,64,65,66,67,68,69,70,71,72,73,74,75,76,77,78,79,80,81,82,83,84,85,86,87,88,89,90,91,92,93,94,95,96,97,98,99]
CFO=-1154.6650606911578,STO=5
EsN0dB=14.22,GRXdB=10,N0=0.000630957365501672
packet_number=882,correct=True,payload=[0,1,2,3,4,5,6,7,8,9,10,11,12,13,14,15,16,17,18,19,20,21,22,23,24,25,26,27,28,29,30,31,32,33,34,35,36,37,38,39,40,41,42,43,44,45,46,47,48,49,50,51,52,53,54,55,56,57,58,59,60,61,62,63,64,65,66,67,68,69,70,71,72,73,74,75,76,77,78,79,80,81,82,83,84,85,86,87,88,89,90,91,92,93,94,95,96,97,98,99]
CFO=-931.5151914077635,STO=0
EsN0dB=14.23,GRXdB=10,N0=0.000630957365501672
packet_number=883,correct=True,payload=[0,1,2,3,4,5,6,7,8,9,10,11,12,13,14,15,16,17,18,19,20,21,22,23,24,25,26,27,28,29,30,31,32,33,34,35,36,37,38,39,40,41,42,43,44,45,46,47,48,49,50,51,52,53,54,55,56,57,58,59,60,61,62,63,64,65,66,67,68,69,70,71,72,73,74,75,76,77,78,79,80,81,82,83,84,85,86,87,88,89,90,91,92,93,94,95,96,97,98,99]
CFO=-1003.961442682404,STO=5
EsN0dB=14.27,GRXdB=10,N0=0.000630957365501672
packet_number=884,correct=True,payload=[0,1,2,3,4,5,6,7,8,9,10,11,12,13,14,15,16,17,18,19,20,21,22,23,24,25,26,27,28,29,30,31,32,33,34,35,36,37,38,39,40,41,42,43,44,45,46,47,48,49,50,51,52,53,54,55,56,57,58,59,60,61,62,63,64,65,66,67,68,69,70,71,72,73,74,75,76,77,78,79,80,81,82,83,84,85,86,87,88,89,90,91,92,93,94,95,96,97,98,99]
CFO=-986.9642323416118,STO=4
EsN0dB=14.29,GRXdB=10,N0=0.000630957365501672
packet_number=885,correct=True,payload=[0,1,2,3,4,5,6,7,8,9,10,11,12,13,14,15,16,17,18,19,20,21,22,23,24,25,26,27,28,29,30,31,32,33,34,35,36,37,38,39,40,41,42,43,44,45,46,47,48,49,50,51,52,53,54,55,56,57,58,59,60,61,62,63,64,65,66,67,68,69,70,71,72,73,74,75,76,77,78,79,80,81,82,83,84,85,86,87,88,89,90,91,92,93,94,95,96,97,98,99]
CFO=-1072.0043563765018,STO=4
EsN0dB=14.34,GRXdB=10,N0=0.000630957365501672
packet_number=886,correct=True,payload=[0,1,2,3,4,5,6,7,8,9,10,11,12,13,14,15,16,17,18,19,20,21,22,23,24,25,26,27,28,29,30,31,32,33,34,35,36,37,38,39,40,41,42,43,44,45,46,47,48,49,50,51,52,53,54,55,56,57,58,59,60,61,62,63,64,65,66,67,68,69,70,71,72,73,74,75,76,77,78,79,80,81,82,83,84,85,86,87,88,89,90,91,92,93,94,95,96,97,98,99]
CFO=-962.7271400602792,STO=4
EsN0dB=14.34,GRXdB=10,N0=0.000630957365501672
packet_number=887,correct=True,payload=[0,1,2,3,4,5,6,7,8,9,10,11,12,13,14,15,16,17,18,19,20,21,22,23,24,25,26,27,28,29,30,31,32,33,34,35,36,37,38,39,40,41,42,43,44,45,46,47,48,49,50,51,52,53,54,55,56,57,58,59,60,61,62,63,64,65,66,67,68,69,70,71,72,73,74,75,76,77,78,79,80,81,82,83,84,85,86,87,88,89,90,91,92,93,94,95,96,97,98,99]
CFO=-1049.0395054077571,STO=4
EsN0dB=14.21,GRXdB=10,N0=0.000630957365501672
packet_number=888,correct=True,payload=[0,1,2,3,4,5,6,7,8,9,10,11,12,13,14,15,16,17,18,19,20,21,22,23,24,25,26,27,28,29,30,31,32,33,34,35,36,37,38,39,40,41,42,43,44,45,46,47,48,49,50,51,52,53,54,55,56,57,58,59,60,61,62,63,64,65,66,67,68,69,70,71,72,73,74,75,76,77,78,79,80,81,82,83,84,85,86,87,88,89,90,91,92,93,94,95,96,97,98,99]
CFO=-964.677894262291,STO=4
EsN0dB=14.19,GRXdB=10,N0=0.000630957365501672
packet_number=889,correct=True,payload=[0,1,2,3,4,5,6,7,8,9,10,11,12,13,14,15,16,17,18,19,20,21,22,23,24,25,26,27,28,29,30,31,32,33,34,35,36,37,38,39,40,41,42,43,44,45,46,47,48,49,50,51,52,53,54,55,56,57,58,59,60,61,62,63,64,65,66,67,68,69,70,71,72,73,74,75,76,77,78,79,80,81,82,83,84,85,86,87,88,89,90,91,92,93,94,95,96,97,98,99]
CFO=-1085.1697831610477,STO=4
EsN0dB=14.26,GRXdB=10,N0=0.000630957365501672
packet_number=890,correct=True,payload=[0,1,2,3,4,5,6,7,8,9,10,11,12,13,14,15,16,17,18,19,20,21,22,23,24,25,26,27,28,29,30,31,32,33,34,35,36,37,38,39,40,41,42,43,44,45,46,47,48,49,50,51,52,53,54,55,56,57,58,59,60,61,62,63,64,65,66,67,68,69,70,71,72,73,74,75,76,77,78,79,80,81,82,83,84,85,86,87,88,89,90,91,92,93,94,95,96,97,98,99]
CFO=-1044.2229176664944,STO=4
EsN0dB=14.16,GRXdB=10,N0=0.000630957365501672
packet_number=891,correct=True,payload=[0,1,2,3,4,5,6,7,8,9,10,11,12,13,14,15,16,17,18,19,20,21,22,23,24,25,26,27,28,29,30,31,32,33,34,35,36,37,38,39,40,41,42,43,44,45,46,47,48,49,50,51,52,53,54,55,56,57,58,59,60,61,62,63,64,65,66,67,68,69,70,71,72,73,74,75,76,77,78,79,80,81,82,83,84,85,86,87,88,89,90,91,92,93,94,95,96,97,98,99]
CFO=-1028.400831886029,STO=5
EsN0dB=14.32,GRXdB=10,N0=0.000630957365501672
packet_number=892,correct=True,payload=[0,1,2,3,4,5,6,7,8,9,10,11,12,13,14,15,16,17,18,19,20,21,22,23,24,25,26,27,28,29,30,31,32,33,34,35,36,37,38,39,40,41,42,43,44,45,46,47,48,49,50,51,52,53,54,55,56,57,58,59,60,61,62,63,64,65,66,67,68,69,70,71,72,73,74,75,76,77,78,79,80,81,82,83,84,85,86,87,88,89,90,91,92,93,94,95,96,97,98,99]
CFO=-1064.1996794530314,STO=5
EsN0dB=14.12,GRXdB=10,N0=0.000630957365501672
packet_number=893,correct=True,payload=[0,1,2,3,4,5,6,7,8,9,10,11,12,13,14,15,16,17,18,19,20,21,22,23,24,25,26,27,28,29,30,31,32,33,34,35,36,37,38,39,40,41,42,43,44,45,46,47,48,49,50,51,52,53,54,55,56,57,58,59,60,61,62,63,64,65,66,67,68,69,70,71,72,73,74,75,76,77,78,79,80,81,82,83,84,85,86,87,88,89,90,91,92,93,94,95,96,97,98,99]
CFO=-899.777401194928,STO=5
EsN0dB=14.21,GRXdB=10,N0=0.000630957365501672
packet_number=894,correct=True,payload=[0,1,2,3,4,5,6,7,8,9,10,11,12,13,14,15,16,17,18,19,20,21,22,23,24,25,26,27,28,29,30,31,32,33,34,35,36,37,38,39,40,41,42,43,44,45,46,47,48,49,50,51,52,53,54,55,56,57,58,59,60,61,62,63,64,65,66,67,68,69,70,71,72,73,74,75,76,77,78,79,80,81,82,83,84,85,86,87,88,89,90,91,92,93,94,95,96,97,98,99]
CFO=-1128.5803785234023,STO=4
EsN0dB=14.25,GRXdB=10,N0=0.000630957365501672
packet_number=895,correct=True,payload=[0,1,2,3,4,5,6,7,8,9,10,11,12,13,14,15,16,17,18,19,20,21,22,23,24,25,26,27,28,29,30,31,32,33,34,35,36,37,38,39,40,41,42,43,44,45,46,47,48,49,50,51,52,53,54,55,56,57,58,59,60,61,62,63,64,65,66,67,68,69,70,71,72,73,74,75,76,77,78,79,80,81,82,83,84,85,86,87,88,89,90,91,92,93,94,95,96,97,98,99]
CFO=-992.2717399294695,STO=4
EsN0dB=14.29,GRXdB=10,N0=0.000630957365501672
packet_number=896,correct=True,payload=[0,1,2,3,4,5,6,7,8,9,10,11,12,13,14,15,16,17,18,19,20,21,22,23,24,25,26,27,28,29,30,31,32,33,34,35,36,37,38,39,40,41,42,43,44,45,46,47,48,49,50,51,52,53,54,55,56,57,58,59,60,61,62,63,64,65,66,67,68,69,70,71,72,73,74,75,76,77,78,79,80,81,82,83,84,85,86,87,88,89,90,91,92,93,94,95,96,97,98,99]
CFO=-1103.1048401363125,STO=4
EsN0dB=14.14,GRXdB=10,N0=0.000630957365501672
packet_number=897,correct=True,payload=[0,1,2,3,4,5,6,7,8,9,10,11,12,13,14,15,16,17,18,19,20,21,22,23,24,25,26,27,28,29,30,31,32,33,34,35,36,37,38,39,40,41,42,43,44,45,46,47,48,49,50,51,52,53,54,55,56,57,58,59,60,61,62,63,64,65,66,67,68,69,70,71,72,73,74,75,76,77,78,79,80,81,82,83,84,85,86,87,88,89,90,91,92,93,94,95,96,97,98,99]
CFO=-1002.4380496222103,STO=4
EsN0dB=14.29,GRXdB=10,N0=0.000630957365501672
packet_number=898,correct=True,payload=[0,1,2,3,4,5,6,7,8,9,10,11,12,13,14,15,16,17,18,19,20,21,22,23,24,25,26,27,28,29,30,31,32,33,34,35,36,37,38,39,40,41,42,43,44,45,46,47,48,49,50,51,52,53,54,55,56,57,58,59,60,61,62,63,64,65,66,67,68,69,70,71,72,73,74,75,76,77,78,79,80,81,82,83,84,85,86,87,88,89,90,91,92,93,94,95,96,97,98,99]
CFO=-794.1073785341184,STO=5
EsN0dB=14.17,GRXdB=10,N0=0.000630957365501672
packet_number=899,correct=True,payload=[0,1,2,3,4,5,6,7,8,9,10,11,12,13,14,15,16,17,18,19,20,21,22,23,24,25,26,27,28,29,30,31,32,33,34,35,36,37,38,39,40,41,42,43,44,45,46,47,48,49,50,51,52,53,54,55,56,57,58,59,60,61,62,63,64,65,66,67,68,69,70,71,72,73,74,75,76,77,78,79,80,81,82,83,84,85,86,87,88,89,90,91,92,93,94,95,96,97,98,99]
CFO=-1000.4540931117332,STO=6
EsN0dB=14.23,GRXdB=10,N0=0.000630957365501672
packet_number=900,correct=True,payload=[0,1,2,3,4,5,6,7,8,9,10,11,12,13,14,15,16,17,18,19,20,21,22,23,24,25,26,27,28,29,30,31,32,33,34,35,36,37,38,39,40,41,42,43,44,45,46,47,48,49,50,51,52,53,54,55,56,57,58,59,60,61,62,63,64,65,66,67,68,69,70,71,72,73,74,75,76,77,78,79,80,81,82,83,84,85,86,87,88,89,90,91,92,93,94,95,96,97,98,99]
CFO=-1034.3202105870337,STO=4
EsN0dB=13.27,GRXdB=10,N0=0.0007943282253108919
packet_number=901,correct=True,payload=[0,1,2,3,4,5,6,7,8,9,10,11,12,13,14,15,16,17,18,19,20,21,22,23,24,25,26,27,28,29,30,31,32,33,34,35,36,37,38,39,40,41,42,43,44,45,46,47,48,49,50,51,52,53,54,55,56,57,58,59,60,61,62,63,64,65,66,67,68,69,70,71,72,73,74,75,76,77,78,79,80,81,82,83,84,85,86,87,88,89,90,91,92,93,94,95,96,97,98,99]
CFO=-1015.9005184878478,STO=4
EsN0dB=13.31,GRXdB=10,N0=0.0007943282253108919
packet_number=902,correct=True,payload=[0,1,2,3,4,5,6,7,8,9,10,11,12,13,14,15,16,17,18,19,20,21,22,23,24,25,26,27,28,29,30,31,32,33,34,35,36,37,38,39,40,41,42,43,44,45,46,47,48,49,50,51,52,53,54,55,56,57,58,59,60,61,62,63,64,65,66,67,68,69,70,71,72,73,74,75,76,77,78,79,80,81,82,83,84,85,86,87,88,89,90,91,92,93,94,95,96,97,98,99]
CFO=-1124.3807608212292,STO=4
EsN0dB=13.30,GRXdB=10,N0=0.0007943282253108919
packet_number=903,correct=True,payload=[0,1,2,3,4,5,6,7,8,9,10,11,12,13,14,15,16,17,18,19,20,21,22,23,24,25,26,27,28,29,30,31,32,33,34,35,36,37,38,39,40,41,42,43,44,45,46,47,48,49,50,51,52,53,54,55,56,57,58,59,60,61,62,63,64,65,66,67,68,69,70,71,72,73,74,75,76,77,78,79,80,81,82,83,84,85,86,87,88,89,90,91,92,93,94,95,96,97,98,99]
CFO=-1192.4233187763077,STO=4
EsN0dB=13.27,GRXdB=10,N0=0.0007943282253108919
packet_number=904,correct=True,payload=[0,1,2,3,4,5,6,7,8,9,10,11,12,13,14,15,16,17,18,19,20,21,22,23,24,25,26,27,28,29,30,31,32,33,34,35,36,37,38,39,40,41,42,43,44,45,46,47,48,49,50,51,52,53,54,55,56,57,58,59,60,61,62,63,64,65,66,67,68,69,70,71,72,73,74,75,76,77,78,79,80,81,82,83,84,85,86,87,88,89,90,91,92,93,94,95,96,97,98,99]
CFO=-971.8198293928588,STO=5
EsN0dB=13.24,GRXdB=10,N0=0.0007943282253108919
packet_number=905,correct=True,payload=[0,1,2,3,4,5,6,7,8,9,10,11,12,13,14,15,16,17,18,19,20,21,22,23,24,25,26,27,28,29,30,31,32,33,34,35,36,37,38,39,40,41,42,43,44,45,46,47,48,49,50,51,52,53,54,55,56,57,58,59,60,61,62,63,64,65,66,67,68,69,70,71,72,73,74,75,76,77,78,79,80,81,82,83,84,85,86,87,88,89,90,91,92,93,94,95,96,97,98,99]
CFO=-965.656532304307,STO=4
EsN0dB=13.29,GRXdB=10,N0=0.0007943282253108919
packet_number=906,correct=True,payload=[0,1,2,3,4,5,6,7,8,9,10,11,12,13,14,15,16,17,18,19,20,21,22,23,24,25,26,27,28,29,30,31,32,33,34,35,36,37,38,39,40,41,42,43,44,45,46,47,48,49,50,51,52,53,54,55,56,57,58,59,60,61,62,63,64,65,66,67,68,69,70,71,72,73,74,75,76,77,78,79,80,81,82,83,84,85,86,87,88,89,90,91,92,93,94,95,96,97,98,99]
CFO=-1049.2582849046091,STO=4
EsN0dB=13.19,GRXdB=10,N0=0.0007943282253108919
packet_number=907,correct=True,payload=[0,1,2,3,4,5,6,7,8,9,10,11,12,13,14,15,16,17,18,19,20,21,22,23,24,25,26,27,28,29,30,31,32,33,34,35,36,37,38,39,40,41,42,43,44,45,46,47,48,49,50,51,52,53,54,55,56,57,58,59,60,61,62,63,64,65,66,67,68,69,70,71,72,73,74,75,76,77,78,79,80,81,82,83,84,85,86,87,88,89,90,91,92,93,94,95,96,97,98,99]
CFO=-1072.3698189289667,STO=4
EsN0dB=13.27,GRXdB=10,N0=0.0007943282253108919
packet_number=908,correct=True,payload=[0,1,2,3,4,5,6,7,8,9,10,11,12,13,14,15,16,17,18,19,20,21,22,23,24,25,26,27,28,29,30,31,32,33,34,35,36,37,38,39,40,41,42,43,44,45,46,47,48,49,50,51,52,53,54,55,56,57,58,59,60,61,62,63,64,65,66,67,68,69,70,71,72,73,74,75,76,77,78,79,80,81,82,83,84,85,86,87,88,89,90,91,92,93,94,95,96,97,98,99]
CFO=-1069.7288124498953,STO=4
EsN0dB=13.27,GRXdB=10,N0=0.0007943282253108919
packet_number=909,correct=True,payload=[0,1,2,3,4,5,6,7,8,9,10,11,12,13,14,15,16,17,18,19,20,21,22,23,24,25,26,27,28,29,30,31,32,33,34,35,36,37,38,39,40,41,42,43,44,45,46,47,48,49,50,51,52,53,54,55,56,57,58,59,60,61,62,63,64,65,66,67,68,69,70,71,72,73,74,75,76,77,78,79,80,81,82,83,84,85,86,87,88,89,90,91,92,93,94,95,96,97,98,99]
CFO=-1093.080470312261,STO=4
EsN0dB=13.15,GRXdB=10,N0=0.0007943282253108919
packet_number=910,correct=True,payload=[0,1,2,3,4,5,6,7,8,9,10,11,12,13,14,15,16,17,18,19,20,21,22,23,24,25,26,27,28,29,30,31,32,33,34,35,36,37,38,39,40,41,42,43,44,45,46,47,48,49,50,51,52,53,54,55,56,57,58,59,60,61,62,63,64,65,66,67,68,69,70,71,72,73,74,75,76,77,78,79,80,81,82,83,84,85,86,87,88,89,90,91,92,93,94,95,96,97,98,99]
CFO=-962.3660056658822,STO=4
EsN0dB=13.29,GRXdB=10,N0=0.0007943282253108919
packet_number=911,correct=True,payload=[0,1,2,3,4,5,6,7,8,9,10,11,12,13,14,15,16,17,18,19,20,21,22,23,24,25,26,27,28,29,30,31,32,33,34,35,36,37,38,39,40,41,42,43,44,45,46,47,48,49,50,51,52,53,54,55,56,57,58,59,60,61,62,63,64,65,66,67,68,69,70,71,72,73,74,75,76,77,78,79,80,81,82,83,84,85,86,87,88,89,90,91,92,93,94,95,96,97,98,99]
CFO=-1004.2061911276628,STO=4
EsN0dB=13.23,GRXdB=10,N0=0.0007943282253108919
packet_number=912,correct=True,payload=[0,1,2,3,4,5,6,7,8,9,10,11,12,13,14,15,16,17,18,19,20,21,22,23,24,25,26,27,28,29,30,31,32,33,34,35,36,37,38,39,40,41,42,43,44,45,46,47,48,49,50,51,52,53,54,55,56,57,58,59,60,61,62,63,64,65,66,67,68,69,70,71,72,73,74,75,76,77,78,79,80,81,82,83,84,85,86,87,88,89,90,91,92,93,94,95,96,97,98,99]
CFO=-1172.3059214974853,STO=4
EsN0dB=13.24,GRXdB=10,N0=0.0007943282253108919
packet_number=913,correct=True,payload=[0,1,2,3,4,5,6,7,8,9,10,11,12,13,14,15,16,17,18,19,20,21,22,23,24,25,26,27,28,29,30,31,32,33,34,35,36,37,38,39,40,41,42,43,44,45,46,47,48,49,50,51,52,53,54,55,56,57,58,59,60,61,62,63,64,65,66,67,68,69,70,71,72,73,74,75,76,77,78,79,80,81,82,83,84,85,86,87,88,89,90,91,92,93,94,95,96,97,98,99]
CFO=-1003.9773323585981,STO=4
EsN0dB=13.22,GRXdB=10,N0=0.0007943282253108919
packet_number=914,correct=True,payload=[0,1,2,3,4,5,6,7,8,9,10,11,12,13,14,15,16,17,18,19,20,21,22,23,24,25,26,27,28,29,30,31,32,33,34,35,36,37,38,39,40,41,42,43,44,45,46,47,48,49,50,51,52,53,54,55,56,57,58,59,60,61,62,63,64,65,66,67,68,69,70,71,72,73,74,75,76,77,78,79,80,81,82,83,84,85,86,87,88,89,90,91,92,93,94,95,96,97,98,99]
CFO=-949.1568822718026,STO=4
EsN0dB=13.15,GRXdB=10,N0=0.0007943282253108919
packet_number=915,correct=True,payload=[0,1,2,3,4,5,6,7,8,9,10,11,12,13,14,15,16,17,18,19,20,21,22,23,24,25,26,27,28,29,30,31,32,33,34,35,36,37,38,39,40,41,42,43,44,45,46,47,48,49,50,51,52,53,54,55,56,57,58,59,60,61,62,63,64,65,66,67,68,69,70,71,72,73,74,75,76,77,78,79,80,81,82,83,84,85,86,87,88,89,90,91,92,93,94,95,96,97,98,99]
CFO=-1069.9480662654396,STO=4
EsN0dB=13.17,GRXdB=10,N0=0.0007943282253108919
packet_number=916,correct=True,payload=[0,1,2,3,4,5,6,7,8,9,10,11,12,13,14,15,16,17,18,19,20,21,22,23,24,25,26,27,28,29,30,31,32,33,34,35,36,37,38,39,40,41,42,43,44,45,46,47,48,49,50,51,52,53,54,55,56,57,58,59,60,61,62,63,64,65,66,67,68,69,70,71,72,73,74,75,76,77,78,79,80,81,82,83,84,85,86,87,88,89,90,91,92,93,94,95,96,97,98,99]
CFO=-1240.92003347686,STO=5
EsN0dB=13.28,GRXdB=10,N0=0.0007943282253108919
packet_number=917,correct=True,payload=[0,1,2,3,4,5,6,7,8,9,10,11,12,13,14,15,16,17,18,19,20,21,22,23,24,25,26,27,28,29,30,31,32,33,34,35,36,37,38,39,40,41,42,43,44,45,46,47,48,49,50,51,52,53,54,55,56,57,58,59,60,61,62,63,64,65,66,67,68,69,70,71,72,73,74,75,76,77,78,79,80,81,82,83,84,85,86,87,88,89,90,91,92,93,94,95,96,97,98,99]
CFO=-1172.8274348997372,STO=4
EsN0dB=13.30,GRXdB=10,N0=0.0007943282253108919
packet_number=918,correct=True,payload=[0,1,2,3,4,5,6,7,8,9,10,11,12,13,14,15,16,17,18,19,20,21,22,23,24,25,26,27,28,29,30,31,32,33,34,35,36,37,38,39,40,41,42,43,44,45,46,47,48,49,50,51,52,53,54,55,56,57,58,59,60,61,62,63,64,65,66,67,68,69,70,71,72,73,74,75,76,77,78,79,80,81,82,83,84,85,86,87,88,89,90,91,92,93,94,95,96,97,98,99]
CFO=-881.8659415746081,STO=4
EsN0dB=13.28,GRXdB=10,N0=0.0007943282253108919
packet_number=919,correct=True,payload=[0,1,2,3,4,5,6,7,8,9,10,11,12,13,14,15,16,17,18,19,20,21,22,23,24,25,26,27,28,29,30,31,32,33,34,35,36,37,38,39,40,41,42,43,44,45,46,47,48,49,50,51,52,53,54,55,56,57,58,59,60,61,62,63,64,65,66,67,68,69,70,71,72,73,74,75,76,77,78,79,80,81,82,83,84,85,86,87,88,89,90,91,92,93,94,95,96,97,98,99]
CFO=-992.9931193707156,STO=5
EsN0dB=13.26,GRXdB=10,N0=0.0007943282253108919
packet_number=920,correct=True,payload=[0,1,2,3,4,5,6,7,8,9,10,11,12,13,14,15,16,17,18,19,20,21,22,23,24,25,26,27,28,29,30,31,32,33,34,35,36,37,38,39,40,41,42,43,44,45,46,47,48,49,50,51,52,53,54,55,56,57,58,59,60,61,62,63,64,65,66,67,68,69,70,71,72,73,74,75,76,77,78,79,80,81,82,83,84,85,86,87,88,89,90,91,92,93,94,95,96,97,98,99]
CFO=-958.7444045801886,STO=4
EsN0dB=13.19,GRXdB=10,N0=0.0007943282253108919
packet_number=921,correct=True,payload=[0,1,2,3,4,5,6,7,8,9,10,11,12,13,14,15,16,17,18,19,20,21,22,23,24,25,26,27,28,29,30,31,32,33,34,35,36,37,38,39,40,41,42,43,44,45,46,47,48,49,50,51,52,53,54,55,56,57,58,59,60,61,62,63,64,65,66,67,68,69,70,71,72,73,74,75,76,77,78,79,80,81,82,83,84,85,86,87,88,89,90,91,92,93,94,95,96,97,98,99]
CFO=-1003.973300649713,STO=4
EsN0dB=13.26,GRXdB=10,N0=0.0007943282253108919
packet_number=922,correct=True,payload=[0,1,2,3,4,5,6,7,8,9,10,11,12,13,14,15,16,17,18,19,20,21,22,23,24,25,26,27,28,29,30,31,32,33,34,35,36,37,38,39,40,41,42,43,44,45,46,47,48,49,50,51,52,53,54,55,56,57,58,59,60,61,62,63,64,65,66,67,68,69,70,71,72,73,74,75,76,77,78,79,80,81,82,83,84,85,86,87,88,89,90,91,92,93,94,95,96,97,98,99]
CFO=-1046.8775608079713,STO=4
EsN0dB=13.16,GRXdB=10,N0=0.0007943282253108919
packet_number=923,correct=True,payload=[0,1,2,3,4,5,6,7,8,9,10,11,12,13,14,15,16,17,18,19,20,21,22,23,24,25,26,27,28,29,30,31,32,33,34,35,36,37,38,39,40,41,42,43,44,45,46,47,48,49,50,51,52,53,54,55,56,57,58,59,60,61,62,63,64,65,66,67,68,69,70,71,72,73,74,75,76,77,78,79,80,81,82,83,84,85,86,87,88,89,90,91,92,93,94,95,96,97,98,99]
CFO=-1037.6392556368367,STO=4
EsN0dB=13.28,GRXdB=10,N0=0.0007943282253108919
packet_number=924,correct=True,payload=[0,1,2,3,4,5,6,7,8,9,10,11,12,13,14,15,16,17,18,19,20,21,22,23,24,25,26,27,28,29,30,31,32,33,34,35,36,37,38,39,40,41,42,43,44,45,46,47,48,49,50,51,52,53,54,55,56,57,58,59,60,61,62,63,64,65,66,67,68,69,70,71,72,73,74,75,76,77,78,79,80,81,82,83,84,85,86,87,88,89,90,91,92,93,94,95,96,97,98,99]
CFO=-943.1258608085832,STO=4
EsN0dB=13.29,GRXdB=10,N0=0.0007943282253108919
packet_number=925,correct=True,payload=[0,1,2,3,4,5,6,7,8,9,10,11,12,13,14,15,16,17,18,19,20,21,22,23,24,25,26,27,28,29,30,31,32,33,34,35,36,37,38,39,40,41,42,43,44,45,46,47,48,49,50,51,52,53,54,55,56,57,58,59,60,61,62,63,64,65,66,67,68,69,70,71,72,73,74,75,76,77,78,79,80,81,82,83,84,85,86,87,88,89,90,91,92,93,94,95,96,97,98,99]
CFO=-1149.67831111901,STO=4
EsN0dB=13.32,GRXdB=10,N0=0.0007943282253108919
packet_number=926,correct=True,payload=[0,1,2,3,4,5,6,7,8,9,10,11,12,13,14,15,16,17,18,19,20,21,22,23,24,25,26,27,28,29,30,31,32,33,34,35,36,37,38,39,40,41,42,43,44,45,46,47,48,49,50,51,52,53,54,55,56,57,58,59,60,61,62,63,64,65,66,67,68,69,70,71,72,73,74,75,76,77,78,79,80,81,82,83,84,85,86,87,88,89,90,91,92,93,94,95,96,97,98,99]
CFO=-1255.0479714678813,STO=7
EsN0dB=13.18,GRXdB=10,N0=0.0007943282253108919
packet_number=927,correct=True,payload=[0,1,2,3,4,5,6,7,8,9,10,11,12,13,14,15,16,17,18,19,20,21,22,23,24,25,26,27,28,29,30,31,32,33,34,35,36,37,38,39,40,41,42,43,44,45,46,47,48,49,50,51,52,53,54,55,56,57,58,59,60,61,62,63,64,65,66,67,68,69,70,71,72,73,74,75,76,77,78,79,80,81,82,83,84,85,86,87,88,89,90,91,92,93,94,95,96,97,98,99]
CFO=-1024.943167198383,STO=4
EsN0dB=13.19,GRXdB=10,N0=0.0007943282253108919
packet_number=928,correct=True,payload=[0,1,2,3,4,5,6,7,8,9,10,11,12,13,14,15,16,17,18,19,20,21,22,23,24,25,26,27,28,29,30,31,32,33,34,35,36,37,38,39,40,41,42,43,44,45,46,47,48,49,50,51,52,53,54,55,56,57,58,59,60,61,62,63,64,65,66,67,68,69,70,71,72,73,74,75,76,77,78,79,80,81,82,83,84,85,86,87,88,89,90,91,92,93,94,95,96,97,98,99]
CFO=-995.7278630813652,STO=3
EsN0dB=13.21,GRXdB=10,N0=0.0007943282253108919
packet_number=929,correct=True,payload=[0,1,2,3,4,5,6,7,8,9,10,11,12,13,14,15,16,17,18,19,20,21,22,23,24,25,26,27,28,29,30,31,32,33,34,35,36,37,38,39,40,41,42,43,44,45,46,47,48,49,50,51,52,53,54,55,56,57,58,59,60,61,62,63,64,65,66,67,68,69,70,71,72,73,74,75,76,77,78,79,80,81,82,83,84,85,86,87,88,89,90,91,92,93,94,95,96,97,98,99]
CFO=-1033.1318051033206,STO=4
EsN0dB=13.27,GRXdB=10,N0=0.0007943282253108919
packet_number=930,correct=True,payload=[0,1,2,3,4,5,6,7,8,9,10,11,12,13,14,15,16,17,18,19,20,21,22,23,24,25,26,27,28,29,30,31,32,33,34,35,36,37,38,39,40,41,42,43,44,45,46,47,48,49,50,51,52,53,54,55,56,57,58,59,60,61,62,63,64,65,66,67,68,69,70,71,72,73,74,75,76,77,78,79,80,81,82,83,84,85,86,87,88,89,90,91,92,93,94,95,96,97,98,99]
CFO=-1015.1107778650651,STO=4
EsN0dB=13.17,GRXdB=10,N0=0.0007943282253108919
packet_number=931,correct=True,payload=[0,1,2,3,4,5,6,7,8,9,10,11,12,13,14,15,16,17,18,19,20,21,22,23,24,25,26,27,28,29,30,31,32,33,34,35,36,37,38,39,40,41,42,43,44,45,46,47,48,49,50,51,52,53,54,55,56,57,58,59,60,61,62,63,64,65,66,67,68,69,70,71,72,73,74,75,76,77,78,79,80,81,82,83,84,85,86,87,88,89,90,91,92,93,94,95,96,97,98,99]
CFO=-982.2415004116,STO=4
EsN0dB=13.22,GRXdB=10,N0=0.0007943282253108919
packet_number=932,correct=True,payload=[0,1,2,3,4,5,6,7,8,9,10,11,12,13,14,15,16,17,18,19,20,21,22,23,24,25,26,27,28,29,30,31,32,33,34,35,36,37,38,39,40,41,42,43,44,45,46,47,48,49,50,51,52,53,54,55,56,57,58,59,60,61,62,63,64,65,66,67,68,69,70,71,72,73,74,75,76,77,78,79,80,81,82,83,84,85,86,87,88,89,90,91,92,93,94,95,96,97,98,99]
CFO=-1005.1151043219014,STO=4
EsN0dB=13.11,GRXdB=10,N0=0.0007943282253108919
packet_number=933,correct=True,payload=[0,1,2,3,4,5,6,7,8,9,10,11,12,13,14,15,16,17,18,19,20,21,22,23,24,25,26,27,28,29,30,31,32,33,34,35,36,37,38,39,40,41,42,43,44,45,46,47,48,49,50,51,52,53,54,55,56,57,58,59,60,61,62,63,64,65,66,67,68,69,70,71,72,73,74,75,76,77,78,79,80,81,82,83,84,85,86,87,88,89,90,91,92,93,94,95,96,97,98,99]
CFO=-952.211079621758,STO=4
EsN0dB=13.24,GRXdB=10,N0=0.0007943282253108919
packet_number=934,correct=True,payload=[0,1,2,3,4,5,6,7,8,9,10,11,12,13,14,15,16,17,18,19,20,21,22,23,24,25,26,27,28,29,30,31,32,33,34,35,36,37,38,39,40,41,42,43,44,45,46,47,48,49,50,51,52,53,54,55,56,57,58,59,60,61,62,63,64,65,66,67,68,69,70,71,72,73,74,75,76,77,78,79,80,81,82,83,84,85,86,87,88,89,90,91,92,93,94,95,96,97,98,99]
CFO=-982.7288035781654,STO=4
EsN0dB=13.26,GRXdB=10,N0=0.0007943282253108919
packet_number=935,correct=True,payload=[0,1,2,3,4,5,6,7,8,9,10,11,12,13,14,15,16,17,18,19,20,21,22,23,24,25,26,27,28,29,30,31,32,33,34,35,36,37,38,39,40,41,42,43,44,45,46,47,48,49,50,51,52,53,54,55,56,57,58,59,60,61,62,63,64,65,66,67,68,69,70,71,72,73,74,75,76,77,78,79,80,81,82,83,84,85,86,87,88,89,90,91,92,93,94,95,96,97,98,99]
CFO=-977.6199762325709,STO=5
EsN0dB=13.26,GRXdB=10,N0=0.0007943282253108919
packet_number=936,correct=True,payload=[0,1,2,3,4,5,6,7,8,9,10,11,12,13,14,15,16,17,18,19,20,21,22,23,24,25,26,27,28,29,30,31,32,33,34,35,36,37,38,39,40,41,42,43,44,45,46,47,48,49,50,51,52,53,54,55,56,57,58,59,60,61,62,63,64,65,66,67,68,69,70,71,72,73,74,75,76,77,78,79,80,81,82,83,84,85,86,87,88,89,90,91,92,93,94,95,96,97,98,99]
CFO=-966.6950530812336,STO=4
EsN0dB=13.28,GRXdB=10,N0=0.0007943282253108919
packet_number=937,correct=True,payload=[0,1,2,3,4,5,6,7,8,9,10,11,12,13,14,15,16,17,18,19,20,21,22,23,24,25,26,27,28,29,30,31,32,33,34,35,36,37,38,39,40,41,42,43,44,45,46,47,48,49,50,51,52,53,54,55,56,57,58,59,60,61,62,63,64,65,66,67,68,69,70,71,72,73,74,75,76,77,78,79,80,81,82,83,84,85,86,87,88,89,90,91,92,93,94,95,96,97,98,99]
CFO=-1106.3974419190165,STO=3
EsN0dB=13.18,GRXdB=10,N0=0.0007943282253108919
packet_number=938,correct=True,payload=[0,1,2,3,4,5,6,7,8,9,10,11,12,13,14,15,16,17,18,19,20,21,22,23,24,25,26,27,28,29,30,31,32,33,34,35,36,37,38,39,40,41,42,43,44,45,46,47,48,49,50,51,52,53,54,55,56,57,58,59,60,61,62,63,64,65,66,67,68,69,70,71,72,73,74,75,76,77,78,79,80,81,82,83,84,85,86,87,88,89,90,91,92,93,94,95,96,97,98,99]
CFO=-982.7716701299876,STO=5
EsN0dB=13.23,GRXdB=10,N0=0.0007943282253108919
packet_number=939,correct=True,payload=[0,1,2,3,4,5,6,7,8,9,10,11,12,13,14,15,16,17,18,19,20,21,22,23,24,25,26,27,28,29,30,31,32,33,34,35,36,37,38,39,40,41,42,43,44,45,46,47,48,49,50,51,52,53,54,55,56,57,58,59,60,61,62,63,64,65,66,67,68,69,70,71,72,73,74,75,76,77,78,79,80,81,82,83,84,85,86,87,88,89,90,91,92,93,94,95,96,97,98,99]
CFO=-1119.1454682542835,STO=5
EsN0dB=13.20,GRXdB=10,N0=0.0007943282253108919
packet_number=940,correct=True,payload=[0,1,2,3,4,5,6,7,8,9,10,11,12,13,14,15,16,17,18,19,20,21,22,23,24,25,26,27,28,29,30,31,32,33,34,35,36,37,38,39,40,41,42,43,44,45,46,47,48,49,50,51,52,53,54,55,56,57,58,59,60,61,62,63,64,65,66,67,68,69,70,71,72,73,74,75,76,77,78,79,80,81,82,83,84,85,86,87,88,89,90,91,92,93,94,95,96,97,98,99]
CFO=-1023.1350643430992,STO=4
EsN0dB=13.26,GRXdB=10,N0=0.0007943282253108919
packet_number=941,correct=True,payload=[0,1,2,3,4,5,6,7,8,9,10,11,12,13,14,15,16,17,18,19,20,21,22,23,24,25,26,27,28,29,30,31,32,33,34,35,36,37,38,39,40,41,42,43,44,45,46,47,48,49,50,51,52,53,54,55,56,57,58,59,60,61,62,63,64,65,66,67,68,69,70,71,72,73,74,75,76,77,78,79,80,81,82,83,84,85,86,87,88,89,90,91,92,93,94,95,96,97,98,99]
CFO=-1098.7833225302024,STO=4
EsN0dB=13.31,GRXdB=10,N0=0.0007943282253108919
packet_number=942,correct=True,payload=[0,1,2,3,4,5,6,7,8,9,10,11,12,13,14,15,16,17,18,19,20,21,22,23,24,25,26,27,28,29,30,31,32,33,34,35,36,37,38,39,40,41,42,43,44,45,46,47,48,49,50,51,52,53,54,55,56,57,58,59,60,61,62,63,64,65,66,67,68,69,70,71,72,73,74,75,76,77,78,79,80,81,82,83,84,85,86,87,88,89,90,91,92,93,94,95,96,97,98,99]
CFO=-1136.0231502846004,STO=4
EsN0dB=13.24,GRXdB=10,N0=0.0007943282253108919
packet_number=943,correct=True,payload=[0,1,2,3,4,5,6,7,8,9,10,11,12,13,14,15,16,17,18,19,20,21,22,23,24,25,26,27,28,29,30,31,32,33,34,35,36,37,38,39,40,41,42,43,44,45,46,47,48,49,50,51,52,53,54,55,56,57,58,59,60,61,62,63,64,65,66,67,68,69,70,71,72,73,74,75,76,77,78,79,80,81,82,83,84,85,86,87,88,89,90,91,92,93,94,95,96,97,98,99]
CFO=-1084.9687906151592,STO=4
EsN0dB=13.21,GRXdB=10,N0=0.0007943282253108919
packet_number=944,correct=True,payload=[0,1,2,3,4,5,6,7,8,9,10,11,12,13,14,15,16,17,18,19,20,21,22,23,24,25,26,27,28,29,30,31,32,33,34,35,36,37,38,39,40,41,42,43,44,45,46,47,48,49,50,51,52,53,54,55,56,57,58,59,60,61,62,63,64,65,66,67,68,69,70,71,72,73,74,75,76,77,78,79,80,81,82,83,84,85,86,87,88,89,90,91,92,93,94,95,96,97,98,99]
CFO=-1053.0633880344103,STO=4
EsN0dB=13.27,GRXdB=10,N0=0.0007943282253108919
packet_number=945,correct=True,payload=[0,1,2,3,4,5,6,7,8,9,10,11,12,13,14,15,16,17,18,19,20,21,22,23,24,25,26,27,28,29,30,31,32,33,34,35,36,37,38,39,40,41,42,43,44,45,46,47,48,49,50,51,52,53,54,55,56,57,58,59,60,61,62,63,64,65,66,67,68,69,70,71,72,73,74,75,76,77,78,79,80,81,82,83,84,85,86,87,88,89,90,91,92,93,94,95,96,97,98,99]
CFO=-984.4423391441596,STO=4
EsN0dB=13.30,GRXdB=10,N0=0.0007943282253108919
packet_number=946,correct=True,payload=[0,1,2,3,4,5,6,7,8,9,10,11,12,13,14,15,16,17,18,19,20,21,22,23,24,25,26,27,28,29,30,31,32,33,34,35,36,37,38,39,40,41,42,43,44,45,46,47,48,49,50,51,52,53,54,55,56,57,58,59,60,61,62,63,64,65,66,67,68,69,70,71,72,73,74,75,76,77,78,79,80,81,82,83,84,85,86,87,88,89,90,91,92,93,94,95,96,97,98,99]
CFO=-1176.0392839250665,STO=6
EsN0dB=13.30,GRXdB=10,N0=0.0007943282253108919
packet_number=947,correct=True,payload=[0,1,2,3,4,5,6,7,8,9,10,11,12,13,14,15,16,17,18,19,20,21,22,23,24,25,26,27,28,29,30,31,32,33,34,35,36,37,38,39,40,41,42,43,44,45,46,47,48,49,50,51,52,53,54,55,56,57,58,59,60,61,62,63,64,65,66,67,68,69,70,71,72,73,74,75,76,77,78,79,80,81,82,83,84,85,86,87,88,89,90,91,92,93,94,95,96,97,98,99]
CFO=-1087.5771876841309,STO=4
EsN0dB=13.15,GRXdB=10,N0=0.0007943282253108919
packet_number=948,correct=True,payload=[0,1,2,3,4,5,6,7,8,9,10,11,12,13,14,15,16,17,18,19,20,21,22,23,24,25,26,27,28,29,30,31,32,33,34,35,36,37,38,39,40,41,42,43,44,45,46,47,48,49,50,51,52,53,54,55,56,57,58,59,60,61,62,63,64,65,66,67,68,69,70,71,72,73,74,75,76,77,78,79,80,81,82,83,84,85,86,87,88,89,90,91,92,93,94,95,96,97,98,99]
CFO=-1110.862440929566,STO=5
EsN0dB=13.25,GRXdB=10,N0=0.0007943282253108919
packet_number=949,correct=True,payload=[0,1,2,3,4,5,6,7,8,9,10,11,12,13,14,15,16,17,18,19,20,21,22,23,24,25,26,27,28,29,30,31,32,33,34,35,36,37,38,39,40,41,42,43,44,45,46,47,48,49,50,51,52,53,54,55,56,57,58,59,60,61,62,63,64,65,66,67,68,69,70,71,72,73,74,75,76,77,78,79,80,81,82,83,84,85,86,87,88,89,90,91,92,93,94,95,96,97,98,99]
CFO=-1237.745062729862,STO=4
EsN0dB=13.23,GRXdB=10,N0=0.0007943282253108919
packet_number=950,correct=True,payload=[0,1,2,3,4,5,6,7,8,9,10,11,12,13,14,15,16,17,18,19,20,21,22,23,24,25,26,27,28,29,30,31,32,33,34,35,36,37,38,39,40,41,42,43,44,45,46,47,48,49,50,51,52,53,54,55,56,57,58,59,60,61,62,63,64,65,66,67,68,69,70,71,72,73,74,75,76,77,78,79,80,81,82,83,84,85,86,87,88,89,90,91,92,93,94,95,96,97,98,99]
CFO=-893.6697179730556,STO=4
EsN0dB=13.21,GRXdB=10,N0=0.0007943282253108919
packet_number=951,correct=True,payload=[0,1,2,3,4,5,6,7,8,9,10,11,12,13,14,15,16,17,18,19,20,21,22,23,24,25,26,27,28,29,30,31,32,33,34,35,36,37,38,39,40,41,42,43,44,45,46,47,48,49,50,51,52,53,54,55,56,57,58,59,60,61,62,63,64,65,66,67,68,69,70,71,72,73,74,75,76,77,78,79,80,81,82,83,84,85,86,87,88,89,90,91,92,93,94,95,96,97,98,99]
CFO=-1048.8670905630836,STO=4
EsN0dB=13.32,GRXdB=10,N0=0.0007943282253108919
packet_number=952,correct=True,payload=[0,1,2,3,4,5,6,7,8,9,10,11,12,13,14,15,16,17,18,19,20,21,22,23,24,25,26,27,28,29,30,31,32,33,34,35,36,37,38,39,40,41,42,43,44,45,46,47,48,49,50,51,52,53,54,55,56,57,58,59,60,61,62,63,64,65,66,67,68,69,70,71,72,73,74,75,76,77,78,79,80,81,82,83,84,85,86,87,88,89,90,91,92,93,94,95,96,97,98,99]
CFO=-954.7716297926377,STO=1
EsN0dB=13.24,GRXdB=10,N0=0.0007943282253108919
packet_number=953,correct=True,payload=[0,1,2,3,4,5,6,7,8,9,10,11,12,13,14,15,16,17,18,19,20,21,22,23,24,25,26,27,28,29,30,31,32,33,34,35,36,37,38,39,40,41,42,43,44,45,46,47,48,49,50,51,52,53,54,55,56,57,58,59,60,61,62,63,64,65,66,67,68,69,70,71,72,73,74,75,76,77,78,79,80,81,82,83,84,85,86,87,88,89,90,91,92,93,94,95,96,97,98,99]
CFO=-1178.8768955021221,STO=4
EsN0dB=13.24,GRXdB=10,N0=0.0007943282253108919
packet_number=954,correct=True,payload=[0,1,2,3,4,5,6,7,8,9,10,11,12,13,14,15,16,17,18,19,20,21,22,23,24,25,26,27,28,29,30,31,32,33,34,35,36,37,38,39,40,41,42,43,44,45,46,47,48,49,50,51,52,53,54,55,56,57,58,59,60,61,62,63,64,65,66,67,68,69,70,71,72,73,74,75,76,77,78,79,80,81,82,83,84,85,86,87,88,89,90,91,92,93,94,95,96,97,98,99]
CFO=-910.3149838441152,STO=4
EsN0dB=13.25,GRXdB=10,N0=0.0007943282253108919
packet_number=955,correct=True,payload=[0,1,2,3,4,5,6,7,8,9,10,11,12,13,14,15,16,17,18,19,20,21,22,23,24,25,26,27,28,29,30,31,32,33,34,35,36,37,38,39,40,41,42,43,44,45,46,47,48,49,50,51,52,53,54,55,56,57,58,59,60,61,62,63,64,65,66,67,68,69,70,71,72,73,74,75,76,77,78,79,80,81,82,83,84,85,86,87,88,89,90,91,92,93,94,95,96,97,98,99]
CFO=-1026.408100479743,STO=4
EsN0dB=13.20,GRXdB=10,N0=0.0007943282253108919
packet_number=956,correct=True,payload=[0,1,2,3,4,5,6,7,8,9,10,11,12,13,14,15,16,17,18,19,20,21,22,23,24,25,26,27,28,29,30,31,32,33,34,35,36,37,38,39,40,41,42,43,44,45,46,47,48,49,50,51,52,53,54,55,56,57,58,59,60,61,62,63,64,65,66,67,68,69,70,71,72,73,74,75,76,77,78,79,80,81,82,83,84,85,86,87,88,89,90,91,92,93,94,95,96,97,98,99]
CFO=-1005.2686649985536,STO=4
EsN0dB=13.28,GRXdB=10,N0=0.0007943282253108919
packet_number=957,correct=True,payload=[0,1,2,3,4,5,6,7,8,9,10,11,12,13,14,15,16,17,18,19,20,21,22,23,24,25,26,27,28,29,30,31,32,33,34,35,36,37,38,39,40,41,42,43,44,45,46,47,48,49,50,51,52,53,54,55,56,57,58,59,60,61,62,63,64,65,66,67,68,69,70,71,72,73,74,75,76,77,78,79,80,81,82,83,84,85,86,87,88,89,90,91,92,93,94,95,96,97,98,99]
CFO=-1082.8636456787835,STO=4
EsN0dB=13.29,GRXdB=10,N0=0.0007943282253108919
packet_number=958,correct=True,payload=[0,1,2,3,4,5,6,7,8,9,10,11,12,13,14,15,16,17,18,19,20,21,22,23,24,25,26,27,28,29,30,31,32,33,34,35,36,37,38,39,40,41,42,43,44,45,46,47,48,49,50,51,52,53,54,55,56,57,58,59,60,61,62,63,64,65,66,67,68,69,70,71,72,73,74,75,76,77,78,79,80,81,82,83,84,85,86,87,88,89,90,91,92,93,94,95,96,97,98,99]
CFO=-1065.6761149626811,STO=4
EsN0dB=13.18,GRXdB=10,N0=0.0007943282253108919
packet_number=959,correct=True,payload=[0,1,2,3,4,5,6,7,8,9,10,11,12,13,14,15,16,17,18,19,20,21,22,23,24,25,26,27,28,29,30,31,32,33,34,35,36,37,38,39,40,41,42,43,44,45,46,47,48,49,50,51,52,53,54,55,56,57,58,59,60,61,62,63,64,65,66,67,68,69,70,71,72,73,74,75,76,77,78,79,80,81,82,83,84,85,86,87,88,89,90,91,92,93,94,95,96,97,98,99]
CFO=-998.5197029046079,STO=4
EsN0dB=13.28,GRXdB=10,N0=0.0007943282253108919
packet_number=960,correct=True,payload=[0,1,2,3,4,5,6,7,8,9,10,11,12,13,14,15,16,17,18,19,20,21,22,23,24,25,26,27,28,29,30,31,32,33,34,35,36,37,38,39,40,41,42,43,44,45,46,47,48,49,50,51,52,53,54,55,56,57,58,59,60,61,62,63,64,65,66,67,68,69,70,71,72,73,74,75,76,77,78,79,80,81,82,83,84,85,86,87,88,89,90,91,92,93,94,95,96,97,98,99]
CFO=-1062.4602342284668,STO=4
EsN0dB=13.21,GRXdB=10,N0=0.0007943282253108919
packet_number=961,correct=True,payload=[0,1,2,3,4,5,6,7,8,9,10,11,12,13,14,15,16,17,18,19,20,21,22,23,24,25,26,27,28,29,30,31,32,33,34,35,36,37,38,39,40,41,42,43,44,45,46,47,48,49,50,51,52,53,54,55,56,57,58,59,60,61,62,63,64,65,66,67,68,69,70,71,72,73,74,75,76,77,78,79,80,81,82,83,84,85,86,87,88,89,90,91,92,93,94,95,96,97,98,99]
CFO=-941.9199648230893,STO=4
EsN0dB=13.22,GRXdB=10,N0=0.0007943282253108919
packet_number=962,correct=True,payload=[0,1,2,3,4,5,6,7,8,9,10,11,12,13,14,15,16,17,18,19,20,21,22,23,24,25,26,27,28,29,30,31,32,33,34,35,36,37,38,39,40,41,42,43,44,45,46,47,48,49,50,51,52,53,54,55,56,57,58,59,60,61,62,63,64,65,66,67,68,69,70,71,72,73,74,75,76,77,78,79,80,81,82,83,84,85,86,87,88,89,90,91,92,93,94,95,96,97,98,99]
CFO=-1097.6832589029418,STO=4
EsN0dB=13.28,GRXdB=10,N0=0.0007943282253108919
packet_number=963,correct=True,payload=[0,1,2,3,4,5,6,7,8,9,10,11,12,13,14,15,16,17,18,19,20,21,22,23,24,25,26,27,28,29,30,31,32,33,34,35,36,37,38,39,40,41,42,43,44,45,46,47,48,49,50,51,52,53,54,55,56,57,58,59,60,61,62,63,64,65,66,67,68,69,70,71,72,73,74,75,76,77,78,79,80,81,82,83,84,85,86,87,88,89,90,91,92,93,94,95,96,97,98,99]
CFO=-1157.3393880583678,STO=4
EsN0dB=13.16,GRXdB=10,N0=0.0007943282253108919
packet_number=964,correct=True,payload=[0,1,2,3,4,5,6,7,8,9,10,11,12,13,14,15,16,17,18,19,20,21,22,23,24,25,26,27,28,29,30,31,32,33,34,35,36,37,38,39,40,41,42,43,44,45,46,47,48,49,50,51,52,53,54,55,56,57,58,59,60,61,62,63,64,65,66,67,68,69,70,71,72,73,74,75,76,77,78,79,80,81,82,83,84,85,86,87,88,89,90,91,92,93,94,95,96,97,98,99]
CFO=-1006.5114985522151,STO=4
EsN0dB=13.22,GRXdB=10,N0=0.0007943282253108919
packet_number=965,correct=True,payload=[0,1,2,3,4,5,6,7,8,9,10,11,12,13,14,15,16,17,18,19,20,21,22,23,24,25,26,27,28,29,30,31,32,33,34,35,36,37,38,39,40,41,42,43,44,45,46,47,48,49,50,51,52,53,54,55,56,57,58,59,60,61,62,63,64,65,66,67,68,69,70,71,72,73,74,75,76,77,78,79,80,81,82,83,84,85,86,87,88,89,90,91,92,93,94,95,96,97,98,99]
CFO=-1141.0790318061602,STO=2
EsN0dB=13.27,GRXdB=10,N0=0.0007943282253108919
packet_number=966,correct=True,payload=[0,1,2,3,4,5,6,7,8,9,10,11,12,13,14,15,16,17,18,19,20,21,22,23,24,25,26,27,28,29,30,31,32,33,34,35,36,37,38,39,40,41,42,43,44,45,46,47,48,49,50,51,52,53,54,55,56,57,58,59,60,61,62,63,64,65,66,67,68,69,70,71,72,73,74,75,76,77,78,79,80,81,82,83,84,85,86,87,88,89,90,91,92,93,94,95,96,97,98,99]
CFO=-1064.9289444425378,STO=4
EsN0dB=13.23,GRXdB=10,N0=0.0007943282253108919
packet_number=967,correct=True,payload=[0,1,2,3,4,5,6,7,8,9,10,11,12,13,14,15,16,17,18,19,20,21,22,23,24,25,26,27,28,29,30,31,32,33,34,35,36,37,38,39,40,41,42,43,44,45,46,47,48,49,50,51,52,53,54,55,56,57,58,59,60,61,62,63,64,65,66,67,68,69,70,71,72,73,74,75,76,77,78,79,80,81,82,83,84,85,86,87,88,89,90,91,92,93,94,95,96,97,98,99]
CFO=-886.2195349822892,STO=5
EsN0dB=13.25,GRXdB=10,N0=0.0007943282253108919
packet_number=968,correct=True,payload=[0,1,2,3,4,5,6,7,8,9,10,11,12,13,14,15,16,17,18,19,20,21,22,23,24,25,26,27,28,29,30,31,32,33,34,35,36,37,38,39,40,41,42,43,44,45,46,47,48,49,50,51,52,53,54,55,56,57,58,59,60,61,62,63,64,65,66,67,68,69,70,71,72,73,74,75,76,77,78,79,80,81,82,83,84,85,86,87,88,89,90,91,92,93,94,95,96,97,98,99]
CFO=-1097.1483459976305,STO=4
EsN0dB=13.25,GRXdB=10,N0=0.0007943282253108919
packet_number=969,correct=True,payload=[0,1,2,3,4,5,6,7,8,9,10,11,12,13,14,15,16,17,18,19,20,21,22,23,24,25,26,27,28,29,30,31,32,33,34,35,36,37,38,39,40,41,42,43,44,45,46,47,48,49,50,51,52,53,54,55,56,57,58,59,60,61,62,63,64,65,66,67,68,69,70,71,72,73,74,75,76,77,78,79,80,81,82,83,84,85,86,87,88,89,90,91,92,93,94,95,96,97,98,99]
CFO=-994.5851700616286,STO=1
EsN0dB=13.23,GRXdB=10,N0=0.0007943282253108919
packet_number=970,correct=True,payload=[0,1,2,3,4,5,6,7,8,9,10,11,12,13,14,15,16,17,18,19,20,21,22,23,24,25,26,27,28,29,30,31,32,33,34,35,36,37,38,39,40,41,42,43,44,45,46,47,48,49,50,51,52,53,54,55,56,57,58,59,60,61,62,63,64,65,66,67,68,69,70,71,72,73,74,75,76,77,78,79,80,81,82,83,84,85,86,87,88,89,90,91,92,93,94,95,96,97,98,99]
CFO=-1103.4564288670258,STO=4
EsN0dB=13.34,GRXdB=10,N0=0.0007943282253108919
packet_number=971,correct=True,payload=[0,1,2,3,4,5,6,7,8,9,10,11,12,13,14,15,16,17,18,19,20,21,22,23,24,25,26,27,28,29,30,31,32,33,34,35,36,37,38,39,40,41,42,43,44,45,46,47,48,49,50,51,52,53,54,55,56,57,58,59,60,61,62,63,64,65,66,67,68,69,70,71,72,73,74,75,76,77,78,79,80,81,82,83,84,85,86,87,88,89,90,91,92,93,94,95,96,97,98,99]
CFO=-908.0562189412508,STO=4
EsN0dB=13.33,GRXdB=10,N0=0.0007943282253108919
packet_number=972,correct=True,payload=[0,1,2,3,4,5,6,7,8,9,10,11,12,13,14,15,16,17,18,19,20,21,22,23,24,25,26,27,28,29,30,31,32,33,34,35,36,37,38,39,40,41,42,43,44,45,46,47,48,49,50,51,52,53,54,55,56,57,58,59,60,61,62,63,64,65,66,67,68,69,70,71,72,73,74,75,76,77,78,79,80,81,82,83,84,85,86,87,88,89,90,91,92,93,94,95,96,97,98,99]
CFO=-1105.8761656761105,STO=1
EsN0dB=13.24,GRXdB=10,N0=0.0007943282253108919
packet_number=973,correct=True,payload=[0,1,2,3,4,5,6,7,8,9,10,11,12,13,14,15,16,17,18,19,20,21,22,23,24,25,26,27,28,29,30,31,32,33,34,35,36,37,38,39,40,41,42,43,44,45,46,47,48,49,50,51,52,53,54,55,56,57,58,59,60,61,62,63,64,65,66,67,68,69,70,71,72,73,74,75,76,77,78,79,80,81,82,83,84,85,86,87,88,89,90,91,92,93,94,95,96,97,98,99]
CFO=-1025.3064953167325,STO=4
EsN0dB=13.18,GRXdB=10,N0=0.0007943282253108919
packet_number=974,correct=True,payload=[0,1,2,3,4,5,6,7,8,9,10,11,12,13,14,15,16,17,18,19,20,21,22,23,24,25,26,27,28,29,30,31,32,33,34,35,36,37,38,39,40,41,42,43,44,45,46,47,48,49,50,51,52,53,54,55,56,57,58,59,60,61,62,63,64,65,66,67,68,69,70,71,72,73,74,75,76,77,78,79,80,81,82,83,84,85,86,87,88,89,90,91,92,93,94,95,96,97,98,99]
CFO=-961.881014802942,STO=5
EsN0dB=13.23,GRXdB=10,N0=0.0007943282253108919
packet_number=975,correct=True,payload=[0,1,2,3,4,5,6,7,8,9,10,11,12,13,14,15,16,17,18,19,20,21,22,23,24,25,26,27,28,29,30,31,32,33,34,35,36,37,38,39,40,41,42,43,44,45,46,47,48,49,50,51,52,53,54,55,56,57,58,59,60,61,62,63,64,65,66,67,68,69,70,71,72,73,74,75,76,77,78,79,80,81,82,83,84,85,86,87,88,89,90,91,92,93,94,95,96,97,98,99]
CFO=-1186.9382974178336,STO=5
EsN0dB=13.21,GRXdB=10,N0=0.0007943282253108919
packet_number=976,correct=True,payload=[0,1,2,3,4,5,6,7,8,9,10,11,12,13,14,15,16,17,18,19,20,21,22,23,24,25,26,27,28,29,30,31,32,33,34,35,36,37,38,39,40,41,42,43,44,45,46,47,48,49,50,51,52,53,54,55,56,57,58,59,60,61,62,63,64,65,66,67,68,69,70,71,72,73,74,75,76,77,78,79,80,81,82,83,84,85,86,87,88,89,90,91,92,93,94,95,96,97,98,99]
CFO=-977.3484287811937,STO=5
EsN0dB=13.26,GRXdB=10,N0=0.0007943282253108919
packet_number=977,correct=True,payload=[0,1,2,3,4,5,6,7,8,9,10,11,12,13,14,15,16,17,18,19,20,21,22,23,24,25,26,27,28,29,30,31,32,33,34,35,36,37,38,39,40,41,42,43,44,45,46,47,48,49,50,51,52,53,54,55,56,57,58,59,60,61,62,63,64,65,66,67,68,69,70,71,72,73,74,75,76,77,78,79,80,81,82,83,84,85,86,87,88,89,90,91,92,93,94,95,96,97,98,99]
CFO=-918.235394528522,STO=5
EsN0dB=13.18,GRXdB=10,N0=0.0007943282253108919
packet_number=978,correct=True,payload=[0,1,2,3,4,5,6,7,8,9,10,11,12,13,14,15,16,17,18,19,20,21,22,23,24,25,26,27,28,29,30,31,32,33,34,35,36,37,38,39,40,41,42,43,44,45,46,47,48,49,50,51,52,53,54,55,56,57,58,59,60,61,62,63,64,65,66,67,68,69,70,71,72,73,74,75,76,77,78,79,80,81,82,83,84,85,86,87,88,89,90,91,92,93,94,95,96,97,98,99]
CFO=-1068.7193436928758,STO=4
EsN0dB=13.21,GRXdB=10,N0=0.0007943282253108919
packet_number=979,correct=True,payload=[0,1,2,3,4,5,6,7,8,9,10,11,12,13,14,15,16,17,18,19,20,21,22,23,24,25,26,27,28,29,30,31,32,33,34,35,36,37,38,39,40,41,42,43,44,45,46,47,48,49,50,51,52,53,54,55,56,57,58,59,60,61,62,63,64,65,66,67,68,69,70,71,72,73,74,75,76,77,78,79,80,81,82,83,84,85,86,87,88,89,90,91,92,93,94,95,96,97,98,99]
CFO=-1301.0969645564996,STO=5
EsN0dB=13.21,GRXdB=10,N0=0.0007943282253108919
packet_number=980,correct=True,payload=[0,1,2,3,4,5,6,7,8,9,10,11,12,13,14,15,16,17,18,19,20,21,22,23,24,25,26,27,28,29,30,31,32,33,34,35,36,37,38,39,40,41,42,43,44,45,46,47,48,49,50,51,52,53,54,55,56,57,58,59,60,61,62,63,64,65,66,67,68,69,70,71,72,73,74,75,76,77,78,79,80,81,82,83,84,85,86,87,88,89,90,91,92,93,94,95,96,97,98,99]
CFO=-1075.215849662812,STO=4
EsN0dB=13.18,GRXdB=10,N0=0.0007943282253108919
packet_number=981,correct=True,payload=[0,1,2,3,4,5,6,7,8,9,10,11,12,13,14,15,16,17,18,19,20,21,22,23,24,25,26,27,28,29,30,31,32,33,34,35,36,37,38,39,40,41,42,43,44,45,46,47,48,49,50,51,52,53,54,55,56,57,58,59,60,61,62,63,64,65,66,67,68,69,70,71,72,73,74,75,76,77,78,79,80,81,82,83,84,85,86,87,88,89,90,91,92,93,94,95,96,97,98,99]
CFO=-1238.4051957699567,STO=4
EsN0dB=13.26,GRXdB=10,N0=0.0007943282253108919
packet_number=982,correct=True,payload=[0,1,2,3,4,5,6,7,8,9,10,11,12,13,14,15,16,17,18,19,20,21,22,23,24,25,26,27,28,29,30,31,32,33,34,35,36,37,38,39,40,41,42,43,44,45,46,47,48,49,50,51,52,53,54,55,56,57,58,59,60,61,62,63,64,65,66,67,68,69,70,71,72,73,74,75,76,77,78,79,80,81,82,83,84,85,86,87,88,89,90,91,92,93,94,95,96,97,98,99]
CFO=-1100.8232486463783,STO=5
EsN0dB=13.28,GRXdB=10,N0=0.0007943282253108919
packet_number=983,correct=True,payload=[0,1,2,3,4,5,6,7,8,9,10,11,12,13,14,15,16,17,18,19,20,21,22,23,24,25,26,27,28,29,30,31,32,33,34,35,36,37,38,39,40,41,42,43,44,45,46,47,48,49,50,51,52,53,54,55,56,57,58,59,60,61,62,63,64,65,66,67,68,69,70,71,72,73,74,75,76,77,78,79,80,81,82,83,84,85,86,87,88,89,90,91,92,93,94,95,96,97,98,99]
CFO=-1150.1662664737773,STO=4
EsN0dB=13.23,GRXdB=10,N0=0.0007943282253108919
packet_number=984,correct=True,payload=[0,1,2,3,4,5,6,7,8,9,10,11,12,13,14,15,16,17,18,19,20,21,22,23,24,25,26,27,28,29,30,31,32,33,34,35,36,37,38,39,40,41,42,43,44,45,46,47,48,49,50,51,52,53,54,55,56,57,58,59,60,61,62,63,64,65,66,67,68,69,70,71,72,73,74,75,76,77,78,79,80,81,82,83,84,85,86,87,88,89,90,91,92,93,94,95,96,97,98,99]
CFO=-1046.9359020071317,STO=4
EsN0dB=13.27,GRXdB=10,N0=0.0007943282253108919
packet_number=985,correct=True,payload=[0,1,2,3,4,5,6,7,8,9,10,11,12,13,14,15,16,17,18,19,20,21,22,23,24,25,26,27,28,29,30,31,32,33,34,35,36,37,38,39,40,41,42,43,44,45,46,47,48,49,50,51,52,53,54,55,56,57,58,59,60,61,62,63,64,65,66,67,68,69,70,71,72,73,74,75,76,77,78,79,80,81,82,83,84,85,86,87,88,89,90,91,92,93,94,95,96,97,98,99]
CFO=-920.8576061294087,STO=4
EsN0dB=13.28,GRXdB=10,N0=0.0007943282253108919
packet_number=986,correct=True,payload=[0,1,2,3,4,5,6,7,8,9,10,11,12,13,14,15,16,17,18,19,20,21,22,23,24,25,26,27,28,29,30,31,32,33,34,35,36,37,38,39,40,41,42,43,44,45,46,47,48,49,50,51,52,53,54,55,56,57,58,59,60,61,62,63,64,65,66,67,68,69,70,71,72,73,74,75,76,77,78,79,80,81,82,83,84,85,86,87,88,89,90,91,92,93,94,95,96,97,98,99]
CFO=-977.44785783708,STO=4
EsN0dB=13.25,GRXdB=10,N0=0.0007943282253108919
packet_number=987,correct=True,payload=[0,1,2,3,4,5,6,7,8,9,10,11,12,13,14,15,16,17,18,19,20,21,22,23,24,25,26,27,28,29,30,31,32,33,34,35,36,37,38,39,40,41,42,43,44,45,46,47,48,49,50,51,52,53,54,55,56,57,58,59,60,61,62,63,64,65,66,67,68,69,70,71,72,73,74,75,76,77,78,79,80,81,82,83,84,85,86,87,88,89,90,91,92,93,94,95,96,97,98,99]
CFO=-1076.4105398691986,STO=4
EsN0dB=13.12,GRXdB=10,N0=0.0007943282253108919
packet_number=988,correct=True,payload=[0,1,2,3,4,5,6,7,8,9,10,11,12,13,14,15,16,17,18,19,20,21,22,23,24,25,26,27,28,29,30,31,32,33,34,35,36,37,38,39,40,41,42,43,44,45,46,47,48,49,50,51,52,53,54,55,56,57,58,59,60,61,62,63,64,65,66,67,68,69,70,71,72,73,74,75,76,77,78,79,80,81,82,83,84,85,86,87,88,89,90,91,92,93,94,95,96,97,98,99]
CFO=-1120.452216251741,STO=4
EsN0dB=13.29,GRXdB=10,N0=0.0007943282253108919
packet_number=989,correct=True,payload=[0,1,2,3,4,5,6,7,8,9,10,11,12,13,14,15,16,17,18,19,20,21,22,23,24,25,26,27,28,29,30,31,32,33,34,35,36,37,38,39,40,41,42,43,44,45,46,47,48,49,50,51,52,53,54,55,56,57,58,59,60,61,62,63,64,65,66,67,68,69,70,71,72,73,74,75,76,77,78,79,80,81,82,83,84,85,86,87,88,89,90,91,92,93,94,95,96,97,98,99]
CFO=-903.1761910748844,STO=5
EsN0dB=13.31,GRXdB=10,N0=0.0007943282253108919
packet_number=990,correct=True,payload=[0,1,2,3,4,5,6,7,8,9,10,11,12,13,14,15,16,17,18,19,20,21,22,23,24,25,26,27,28,29,30,31,32,33,34,35,36,37,38,39,40,41,42,43,44,45,46,47,48,49,50,51,52,53,54,55,56,57,58,59,60,61,62,63,64,65,66,67,68,69,70,71,72,73,74,75,76,77,78,79,80,81,82,83,84,85,86,87,88,89,90,91,92,93,94,95,96,97,98,99]
CFO=-1028.381384819642,STO=4
EsN0dB=13.27,GRXdB=10,N0=0.0007943282253108919
packet_number=991,correct=True,payload=[0,1,2,3,4,5,6,7,8,9,10,11,12,13,14,15,16,17,18,19,20,21,22,23,24,25,26,27,28,29,30,31,32,33,34,35,36,37,38,39,40,41,42,43,44,45,46,47,48,49,50,51,52,53,54,55,56,57,58,59,60,61,62,63,64,65,66,67,68,69,70,71,72,73,74,75,76,77,78,79,80,81,82,83,84,85,86,87,88,89,90,91,92,93,94,95,96,97,98,99]
CFO=-1129.2579427754413,STO=4
EsN0dB=13.22,GRXdB=10,N0=0.0007943282253108919
packet_number=992,correct=True,payload=[0,1,2,3,4,5,6,7,8,9,10,11,12,13,14,15,16,17,18,19,20,21,22,23,24,25,26,27,28,29,30,31,32,33,34,35,36,37,38,39,40,41,42,43,44,45,46,47,48,49,50,51,52,53,54,55,56,57,58,59,60,61,62,63,64,65,66,67,68,69,70,71,72,73,74,75,76,77,78,79,80,81,82,83,84,85,86,87,88,89,90,91,92,93,94,95,96,97,98,99]
CFO=-769.4548423681133,STO=3
EsN0dB=13.26,GRXdB=10,N0=0.0007943282253108919
packet_number=993,correct=True,payload=[0,1,2,3,4,5,6,7,8,9,10,11,12,13,14,15,16,17,18,19,20,21,22,23,24,25,26,27,28,29,30,31,32,33,34,35,36,37,38,39,40,41,42,43,44,45,46,47,48,49,50,51,52,53,54,55,56,57,58,59,60,61,62,63,64,65,66,67,68,69,70,71,72,73,74,75,76,77,78,79,80,81,82,83,84,85,86,87,88,89,90,91,92,93,94,95,96,97,98,99]
CFO=-970.7248054017045,STO=4
EsN0dB=13.30,GRXdB=10,N0=0.0007943282253108919
packet_number=994,correct=True,payload=[0,1,2,3,4,5,6,7,8,9,10,11,12,13,14,15,16,17,18,19,20,21,22,23,24,25,26,27,28,29,30,31,32,33,34,35,36,37,38,39,40,41,42,43,44,45,46,47,48,49,50,51,52,53,54,55,56,57,58,59,60,61,62,63,64,65,66,67,68,69,70,71,72,73,74,75,76,77,78,79,80,81,82,83,84,85,86,87,88,89,90,91,92,93,94,95,96,97,98,99]
CFO=-1063.4485958036762,STO=4
EsN0dB=13.23,GRXdB=10,N0=0.0007943282253108919
packet_number=995,correct=True,payload=[0,1,2,3,4,5,6,7,8,9,10,11,12,13,14,15,16,17,18,19,20,21,22,23,24,25,26,27,28,29,30,31,32,33,34,35,36,37,38,39,40,41,42,43,44,45,46,47,48,49,50,51,52,53,54,55,56,57,58,59,60,61,62,63,64,65,66,67,68,69,70,71,72,73,74,75,76,77,78,79,80,81,82,83,84,85,86,87,88,89,90,91,92,93,94,95,96,97,98,99]
CFO=-1199.5403521755263,STO=4
EsN0dB=13.26,GRXdB=10,N0=0.0007943282253108919
packet_number=996,correct=True,payload=[0,1,2,3,4,5,6,7,8,9,10,11,12,13,14,15,16,17,18,19,20,21,22,23,24,25,26,27,28,29,30,31,32,33,34,35,36,37,38,39,40,41,42,43,44,45,46,47,48,49,50,51,52,53,54,55,56,57,58,59,60,61,62,63,64,65,66,67,68,69,70,71,72,73,74,75,76,77,78,79,80,81,82,83,84,85,86,87,88,89,90,91,92,93,94,95,96,97,98,99]
CFO=-1105.675054550549,STO=4
EsN0dB=13.24,GRXdB=10,N0=0.0007943282253108919
packet_number=997,correct=True,payload=[0,1,2,3,4,5,6,7,8,9,10,11,12,13,14,15,16,17,18,19,20,21,22,23,24,25,26,27,28,29,30,31,32,33,34,35,36,37,38,39,40,41,42,43,44,45,46,47,48,49,50,51,52,53,54,55,56,57,58,59,60,61,62,63,64,65,66,67,68,69,70,71,72,73,74,75,76,77,78,79,80,81,82,83,84,85,86,87,88,89,90,91,92,93,94,95,96,97,98,99]
CFO=-1023.4276003966135,STO=4
EsN0dB=13.36,GRXdB=10,N0=0.0007943282253108919
packet_number=998,correct=True,payload=[0,1,2,3,4,5,6,7,8,9,10,11,12,13,14,15,16,17,18,19,20,21,22,23,24,25,26,27,28,29,30,31,32,33,34,35,36,37,38,39,40,41,42,43,44,45,46,47,48,49,50,51,52,53,54,55,56,57,58,59,60,61,62,63,64,65,66,67,68,69,70,71,72,73,74,75,76,77,78,79,80,81,82,83,84,85,86,87,88,89,90,91,92,93,94,95,96,97,98,99]
CFO=-931.785671642083,STO=4
EsN0dB=13.28,GRXdB=10,N0=0.0007943282253108919
packet_number=999,correct=True,payload=[0,1,2,3,4,5,6,7,8,9,10,11,12,13,14,15,16,17,18,19,20,21,22,23,24,25,26,27,28,29,30,31,32,33,34,35,36,37,38,39,40,41,42,43,44,45,46,47,48,49,50,51,52,53,54,55,56,57,58,59,60,61,62,63,64,65,66,67,68,69,70,71,72,73,74,75,76,77,78,79,80,81,82,83,84,85,86,87,88,89,90,91,92,93,94,95,96,97,98,99]
CFO=-1126.747136777423,STO=4
EsN0dB=13.24,GRXdB=10,N0=0.0007943282253108919
packet_number=1000,correct=True,payload=[0,1,2,3,4,5,6,7,8,9,10,11,12,13,14,15,16,17,18,19,20,21,22,23,24,25,26,27,28,29,30,31,32,33,34,35,36,37,38,39,40,41,42,43,44,45,46,47,48,49,50,51,52,53,54,55,56,57,58,59,60,61,62,63,64,65,66,67,68,69,70,71,72,73,74,75,76,77,78,79,80,81,82,83,84,85,86,87,88,89,90,91,92,93,94,95,96,97,98,99]
CFO=-1047.4765067367514,STO=4
EsN0dB=12.23,GRXdB=10,N0=0.0010000000474974513
packet_number=1001,correct=True,payload=[0,1,2,3,4,5,6,7,8,9,10,11,12,13,14,15,16,17,18,19,20,21,22,23,24,25,26,27,28,29,30,31,32,33,34,35,36,37,38,39,40,41,42,43,44,45,46,47,48,49,50,51,52,53,54,55,56,57,58,59,60,61,62,63,64,65,66,67,68,69,70,71,72,73,74,75,76,77,78,79,80,81,82,83,84,85,86,87,88,89,90,91,92,93,94,95,96,97,98,99]
CFO=-925.6184021344826,STO=5
EsN0dB=12.25,GRXdB=10,N0=0.0010000000474974513
packet_number=1002,correct=True,payload=[0,1,2,3,4,5,6,7,8,9,10,11,12,13,14,15,16,17,18,19,20,21,22,23,24,25,26,27,28,29,30,31,32,33,34,35,36,37,38,39,40,41,42,43,44,45,46,47,48,49,50,51,52,53,54,55,56,57,58,59,60,61,62,63,64,65,66,67,68,69,70,71,72,73,74,75,76,77,78,79,80,81,82,83,84,85,86,87,88,89,90,91,92,93,94,95,96,97,98,99]
CFO=-963.6246103160647,STO=5
EsN0dB=12.26,GRXdB=10,N0=0.0010000000474974513
packet_number=1003,correct=True,payload=[0,1,2,3,4,5,6,7,8,9,10,11,12,13,14,15,16,17,18,19,20,21,22,23,24,25,26,27,28,29,30,31,32,33,34,35,36,37,38,39,40,41,42,43,44,45,46,47,48,49,50,51,52,53,54,55,56,57,58,59,60,61,62,63,64,65,66,67,68,69,70,71,72,73,74,75,76,77,78,79,80,81,82,83,84,85,86,87,88,89,90,91,92,93,94,95,96,97,98,99]
CFO=-945.5046876304517,STO=4
EsN0dB=12.23,GRXdB=10,N0=0.0010000000474974513
packet_number=1004,correct=True,payload=[0,1,2,3,4,5,6,7,8,9,10,11,12,13,14,15,16,17,18,19,20,21,22,23,24,25,26,27,28,29,30,31,32,33,34,35,36,37,38,39,40,41,42,43,44,45,46,47,48,49,50,51,52,53,54,55,56,57,58,59,60,61,62,63,64,65,66,67,68,69,70,71,72,73,74,75,76,77,78,79,80,81,82,83,84,85,86,87,88,89,90,91,92,93,94,95,96,97,98,99]
CFO=-968.1722000689219,STO=5
EsN0dB=12.29,GRXdB=10,N0=0.0010000000474974513
packet_number=1005,correct=True,payload=[0,1,2,3,4,5,6,7,8,9,10,11,12,13,14,15,16,17,18,19,20,21,22,23,24,25,26,27,28,29,30,31,32,33,34,35,36,37,38,39,40,41,42,43,44,45,46,47,48,49,50,51,52,53,54,55,56,57,58,59,60,61,62,63,64,65,66,67,68,69,70,71,72,73,74,75,76,77,78,79,80,81,82,83,84,85,86,87,88,89,90,91,92,93,94,95,96,97,98,99]
CFO=-822.961844705922,STO=4
EsN0dB=12.22,GRXdB=10,N0=0.0010000000474974513
packet_number=1006,correct=True,payload=[0,1,2,3,4,5,6,7,8,9,10,11,12,13,14,15,16,17,18,19,20,21,22,23,24,25,26,27,28,29,30,31,32,33,34,35,36,37,38,39,40,41,42,43,44,45,46,47,48,49,50,51,52,53,54,55,56,57,58,59,60,61,62,63,64,65,66,67,68,69,70,71,72,73,74,75,76,77,78,79,80,81,82,83,84,85,86,87,88,89,90,91,92,93,94,95,96,97,98,99]
CFO=-1396.2469543597394,STO=4
EsN0dB=12.25,GRXdB=10,N0=0.0010000000474974513
packet_number=1007,correct=True,payload=[0,1,2,3,4,5,6,7,8,9,10,11,12,13,14,15,16,17,18,19,20,21,22,23,24,25,26,27,28,29,30,31,32,33,34,35,36,37,38,39,40,41,42,43,44,45,46,47,48,49,50,51,52,53,54,55,56,57,58,59,60,61,62,63,64,65,66,67,68,69,70,71,72,73,74,75,76,77,78,79,80,81,82,83,84,85,86,87,88,89,90,91,92,93,94,95,96,97,98,99]
CFO=-927.5278313204225,STO=4
EsN0dB=12.21,GRXdB=10,N0=0.0010000000474974513
packet_number=1008,correct=True,payload=[0,1,2,3,4,5,6,7,8,9,10,11,12,13,14,15,16,17,18,19,20,21,22,23,24,25,26,27,28,29,30,31,32,33,34,35,36,37,38,39,40,41,42,43,44,45,46,47,48,49,50,51,52,53,54,55,56,57,58,59,60,61,62,63,64,65,66,67,68,69,70,71,72,73,74,75,76,77,78,79,80,81,82,83,84,85,86,87,88,89,90,91,92,93,94,95,96,97,98,99]
CFO=-897.4212230906198,STO=2
EsN0dB=12.28,GRXdB=10,N0=0.0010000000474974513
packet_number=1009,correct=True,payload=[0,1,2,3,4,5,6,7,8,9,10,11,12,13,14,15,16,17,18,19,20,21,22,23,24,25,26,27,28,29,30,31,32,33,34,35,36,37,38,39,40,41,42,43,44,45,46,47,48,49,50,51,52,53,54,55,56,57,58,59,60,61,62,63,64,65,66,67,68,69,70,71,72,73,74,75,76,77,78,79,80,81,82,83,84,85,86,87,88,89,90,91,92,93,94,95,96,97,98,99]
CFO=-1064.5237576995878,STO=4
EsN0dB=12.30,GRXdB=10,N0=0.0010000000474974513
packet_number=1010,correct=True,payload=[0,1,2,3,4,5,6,7,8,9,10,11,12,13,14,15,16,17,18,19,20,21,22,23,24,25,26,27,28,29,30,31,32,33,34,35,36,37,38,39,40,41,42,43,44,45,46,47,48,49,50,51,52,53,54,55,56,57,58,59,60,61,62,63,64,65,66,67,68,69,70,71,72,73,74,75,76,77,78,79,80,81,82,83,84,85,86,87,88,89,90,91,92,93,94,95,96,97,98,99]
CFO=-1058.8851756644615,STO=5
EsN0dB=12.30,GRXdB=10,N0=0.0010000000474974513
packet_number=1011,correct=True,payload=[0,1,2,3,4,5,6,7,8,9,10,11,12,13,14,15,16,17,18,19,20,21,22,23,24,25,26,27,28,29,30,31,32,33,34,35,36,37,38,39,40,41,42,43,44,45,46,47,48,49,50,51,52,53,54,55,56,57,58,59,60,61,62,63,64,65,66,67,68,69,70,71,72,73,74,75,76,77,78,79,80,81,82,83,84,85,86,87,88,89,90,91,92,93,94,95,96,97,98,99]
CFO=-1097.7257104259081,STO=4
EsN0dB=12.26,GRXdB=10,N0=0.0010000000474974513
packet_number=1012,correct=True,payload=[0,1,2,3,4,5,6,7,8,9,10,11,12,13,14,15,16,17,18,19,20,21,22,23,24,25,26,27,28,29,30,31,32,33,34,35,36,37,38,39,40,41,42,43,44,45,46,47,48,49,50,51,52,53,54,55,56,57,58,59,60,61,62,63,64,65,66,67,68,69,70,71,72,73,74,75,76,77,78,79,80,81,82,83,84,85,86,87,88,89,90,91,92,93,94,95,96,97,98,99]
CFO=-1039.7420289797506,STO=4
EsN0dB=12.24,GRXdB=10,N0=0.0010000000474974513
packet_number=1013,correct=True,payload=[0,1,2,3,4,5,6,7,8,9,10,11,12,13,14,15,16,17,18,19,20,21,22,23,24,25,26,27,28,29,30,31,32,33,34,35,36,37,38,39,40,41,42,43,44,45,46,47,48,49,50,51,52,53,54,55,56,57,58,59,60,61,62,63,64,65,66,67,68,69,70,71,72,73,74,75,76,77,78,79,80,81,82,83,84,85,86,87,88,89,90,91,92,93,94,95,96,97,98,99]
CFO=-1150.2773756274632,STO=4
EsN0dB=12.35,GRXdB=10,N0=0.0010000000474974513
packet_number=1014,correct=True,payload=[0,1,2,3,4,5,6,7,8,9,10,11,12,13,14,15,16,17,18,19,20,21,22,23,24,25,26,27,28,29,30,31,32,33,34,35,36,37,38,39,40,41,42,43,44,45,46,47,48,49,50,51,52,53,54,55,56,57,58,59,60,61,62,63,64,65,66,67,68,69,70,71,72,73,74,75,76,77,78,79,80,81,82,83,84,85,86,87,88,89,90,91,92,93,94,95,96,97,98,99]
CFO=-1059.2700852833132,STO=5
EsN0dB=12.30,GRXdB=10,N0=0.0010000000474974513
packet_number=1015,correct=True,payload=[0,1,2,3,4,5,6,7,8,9,10,11,12,13,14,15,16,17,18,19,20,21,22,23,24,25,26,27,28,29,30,31,32,33,34,35,36,37,38,39,40,41,42,43,44,45,46,47,48,49,50,51,52,53,54,55,56,57,58,59,60,61,62,63,64,65,66,67,68,69,70,71,72,73,74,75,76,77,78,79,80,81,82,83,84,85,86,87,88,89,90,91,92,93,94,95,96,97,98,99]
CFO=-916.9182708096693,STO=4
EsN0dB=12.36,GRXdB=10,N0=0.0010000000474974513
packet_number=1016,correct=True,payload=[0,1,2,3,4,5,6,7,8,9,10,11,12,13,14,15,16,17,18,19,20,21,22,23,24,25,26,27,28,29,30,31,32,33,34,35,36,37,38,39,40,41,42,43,44,45,46,47,48,49,50,51,52,53,54,55,56,57,58,59,60,61,62,63,64,65,66,67,68,69,70,71,72,73,74,75,76,77,78,79,80,81,82,83,84,85,86,87,88,89,90,91,92,93,94,95,96,97,98,99]
CFO=-951.4725654177504,STO=4
EsN0dB=12.22,GRXdB=10,N0=0.0010000000474974513
packet_number=1017,correct=True,payload=[0,1,2,3,4,5,6,7,8,9,10,11,12,13,14,15,16,17,18,19,20,21,22,23,24,25,26,27,28,29,30,31,32,33,34,35,36,37,38,39,40,41,42,43,44,45,46,47,48,49,50,51,52,53,54,55,56,57,58,59,60,61,62,63,64,65,66,67,68,69,70,71,72,73,74,75,76,77,78,79,80,81,82,83,84,85,86,87,88,89,90,91,92,93,94,95,96,97,98,99]
CFO=-1022.931700203749,STO=5
EsN0dB=12.25,GRXdB=10,N0=0.0010000000474974513
packet_number=1018,correct=True,payload=[0,1,2,3,4,5,6,7,8,9,10,11,12,13,14,15,16,17,18,19,20,21,22,23,24,25,26,27,28,29,30,31,32,33,34,35,36,37,38,39,40,41,42,43,44,45,46,47,48,49,50,51,52,53,54,55,56,57,58,59,60,61,62,63,64,65,66,67,68,69,70,71,72,73,74,75,76,77,78,79,80,81,82,83,84,85,86,87,88,89,90,91,92,93,94,95,96,97,98,99]
CFO=-1206.4807018618403,STO=0
EsN0dB=12.29,GRXdB=10,N0=0.0010000000474974513
packet_number=1019,correct=True,payload=[0,1,2,3,4,5,6,7,8,9,10,11,12,13,14,15,16,17,18,19,20,21,22,23,24,25,26,27,28,29,30,31,32,33,34,35,36,37,38,39,40,41,42,43,44,45,46,47,48,49,50,51,52,53,54,55,56,57,58,59,60,61,62,63,64,65,66,67,68,69,70,71,72,73,74,75,76,77,78,79,80,81,82,83,84,85,86,87,88,89,90,91,92,93,94,95,96,97,98,99]
CFO=-818.3739971540505,STO=4
EsN0dB=12.27,GRXdB=10,N0=0.0010000000474974513
packet_number=1020,correct=True,payload=[0,1,2,3,4,5,6,7,8,9,10,11,12,13,14,15,16,17,18,19,20,21,22,23,24,25,26,27,28,29,30,31,32,33,34,35,36,37,38,39,40,41,42,43,44,45,46,47,48,49,50,51,52,53,54,55,56,57,58,59,60,61,62,63,64,65,66,67,68,69,70,71,72,73,74,75,76,77,78,79,80,81,82,83,84,85,86,87,88,89,90,91,92,93,94,95,96,97,98,99]
CFO=-980.3557871602783,STO=4
EsN0dB=12.29,GRXdB=10,N0=0.0010000000474974513
packet_number=1021,correct=True,payload=[0,1,2,3,4,5,6,7,8,9,10,11,12,13,14,15,16,17,18,19,20,21,22,23,24,25,26,27,28,29,30,31,32,33,34,35,36,37,38,39,40,41,42,43,44,45,46,47,48,49,50,51,52,53,54,55,56,57,58,59,60,61,62,63,64,65,66,67,68,69,70,71,72,73,74,75,76,77,78,79,80,81,82,83,84,85,86,87,88,89,90,91,92,93,94,95,96,97,98,99]
CFO=-1226.268447649471,STO=5
EsN0dB=12.25,GRXdB=10,N0=0.0010000000474974513
packet_number=1022,correct=True,payload=[0,1,2,3,4,5,6,7,8,9,10,11,12,13,14,15,16,17,18,19,20,21,22,23,24,25,26,27,28,29,30,31,32,33,34,35,36,37,38,39,40,41,42,43,44,45,46,47,48,49,50,51,52,53,54,55,56,57,58,59,60,61,62,63,64,65,66,67,68,69,70,71,72,73,74,75,76,77,78,79,80,81,82,83,84,85,86,87,88,89,90,91,92,93,94,95,96,97,98,99]
CFO=-1016.0902459647926,STO=5
EsN0dB=12.29,GRXdB=10,N0=0.0010000000474974513
packet_number=1023,correct=True,payload=[0,1,2,3,4,5,6,7,8,9,10,11,12,13,14,15,16,17,18,19,20,21,22,23,24,25,26,27,28,29,30,31,32,33,34,35,36,37,38,39,40,41,42,43,44,45,46,47,48,49,50,51,52,53,54,55,56,57,58,59,60,61,62,63,64,65,66,67,68,69,70,71,72,73,74,75,76,77,78,79,80,81,82,83,84,85,86,87,88,89,90,91,92,93,94,95,96,97,98,99]
CFO=-1023.0789761577273,STO=4
EsN0dB=12.40,GRXdB=10,N0=0.0010000000474974513
packet_number=1024,correct=True,payload=[0,1,2,3,4,5,6,7,8,9,10,11,12,13,14,15,16,17,18,19,20,21,22,23,24,25,26,27,28,29,30,31,32,33,34,35,36,37,38,39,40,41,42,43,44,45,46,47,48,49,50,51,52,53,54,55,56,57,58,59,60,61,62,63,64,65,66,67,68,69,70,71,72,73,74,75,76,77,78,79,80,81,82,83,84,85,86,87,88,89,90,91,92,93,94,95,96,97,98,99]
CFO=-825.4259896025791,STO=6
EsN0dB=12.28,GRXdB=10,N0=0.0010000000474974513
packet_number=1025,correct=True,payload=[0,1,2,3,4,5,6,7,8,9,10,11,12,13,14,15,16,17,18,19,20,21,22,23,24,25,26,27,28,29,30,31,32,33,34,35,36,37,38,39,40,41,42,43,44,45,46,47,48,49,50,51,52,53,54,55,56,57,58,59,60,61,62,63,64,65,66,67,68,69,70,71,72,73,74,75,76,77,78,79,80,81,82,83,84,85,86,87,88,89,90,91,92,93,94,95,96,97,98,99]
CFO=-943.0727964048752,STO=4
EsN0dB=12.31,GRXdB=10,N0=0.0010000000474974513
packet_number=1026,correct=True,payload=[0,1,2,3,4,5,6,7,8,9,10,11,12,13,14,15,16,17,18,19,20,21,22,23,24,25,26,27,28,29,30,31,32,33,34,35,36,37,38,39,40,41,42,43,44,45,46,47,48,49,50,51,52,53,54,55,56,57,58,59,60,61,62,63,64,65,66,67,68,69,70,71,72,73,74,75,76,77,78,79,80,81,82,83,84,85,86,87,88,89,90,91,92,93,94,95,96,97,98,99]
CFO=-1032.6693443782676,STO=4
EsN0dB=12.16,GRXdB=10,N0=0.0010000000474974513
packet_number=1027,correct=True,payload=[0,1,2,3,4,5,6,7,8,9,10,11,12,13,14,15,16,17,18,19,20,21,22,23,24,25,26,27,28,29,30,31,32,33,34,35,36,37,38,39,40,41,42,43,44,45,46,47,48,49,50,51,52,53,54,55,56,57,58,59,60,61,62,63,64,65,66,67,68,69,70,71,72,73,74,75,76,77,78,79,80,81,82,83,84,85,86,87,88,89,90,91,92,93,94,95,96,97,98,99]
CFO=-1134.5826444158972,STO=5
EsN0dB=12.23,GRXdB=10,N0=0.0010000000474974513
packet_number=1028,correct=True,payload=[0,1,2,3,4,5,6,7,8,9,10,11,12,13,14,15,16,17,18,19,20,21,22,23,24,25,26,27,28,29,30,31,32,33,34,35,36,37,38,39,40,41,42,43,44,45,46,47,48,49,50,51,52,53,54,55,56,57,58,59,60,61,62,63,64,65,66,67,68,69,70,71,72,73,74,75,76,77,78,79,80,81,82,83,84,85,86,87,88,89,90,91,92,93,94,95,96,97,98,99]
CFO=-943.4449587088698,STO=4
EsN0dB=12.23,GRXdB=10,N0=0.0010000000474974513
packet_number=1029,correct=True,payload=[0,1,2,3,4,5,6,7,8,9,10,11,12,13,14,15,16,17,18,19,20,21,22,23,24,25,26,27,28,29,30,31,32,33,34,35,36,37,38,39,40,41,42,43,44,45,46,47,48,49,50,51,52,53,54,55,56,57,58,59,60,61,62,63,64,65,66,67,68,69,70,71,72,73,74,75,76,77,78,79,80,81,82,83,84,85,86,87,88,89,90,91,92,93,94,95,96,97,98,99]
CFO=-967.8298605527096,STO=5
EsN0dB=12.08,GRXdB=10,N0=0.0010000000474974513
packet_number=1030,correct=True,payload=[0,1,2,3,4,5,6,7,8,9,10,11,12,13,14,15,16,17,18,19,20,21,22,23,24,25,26,27,28,29,30,31,32,33,34,35,36,37,38,39,40,41,42,43,44,45,46,47,48,49,50,51,52,53,54,55,56,57,58,59,60,61,62,63,64,65,66,67,68,69,70,71,72,73,74,75,76,77,78,79,80,81,82,83,84,85,86,87,88,89,90,91,92,93,94,95,96,97,98,99]
CFO=-1032.0406349515417,STO=5
EsN0dB=12.17,GRXdB=10,N0=0.0010000000474974513
packet_number=1031,correct=True,payload=[0,1,2,3,4,5,6,7,8,9,10,11,12,13,14,15,16,17,18,19,20,21,22,23,24,25,26,27,28,29,30,31,32,33,34,35,36,37,38,39,40,41,42,43,44,45,46,47,48,49,50,51,52,53,54,55,56,57,58,59,60,61,62,63,64,65,66,67,68,69,70,71,72,73,74,75,76,77,78,79,80,81,82,83,84,85,86,87,88,89,90,91,92,93,94,95,96,97,98,99]
CFO=-906.8459355078527,STO=0
EsN0dB=12.23,GRXdB=10,N0=0.0010000000474974513
packet_number=1032,correct=True,payload=[0,1,2,3,4,5,6,7,8,9,10,11,12,13,14,15,16,17,18,19,20,21,22,23,24,25,26,27,28,29,30,31,32,33,34,35,36,37,38,39,40,41,42,43,44,45,46,47,48,49,50,51,52,53,54,55,56,57,58,59,60,61,62,63,64,65,66,67,68,69,70,71,72,73,74,75,76,77,78,79,80,81,82,83,84,85,86,87,88,89,90,91,92,93,94,95,96,97,98,99]
CFO=-1082.7322594009993,STO=4
EsN0dB=12.19,GRXdB=10,N0=0.0010000000474974513
packet_number=1033,correct=False,payload=[0,1,2,3,4,133,6,7,8,9,10,11,12,13,14,15,16,17,18,19,20,21,22,23,24,25,26,27,28,29,30,31,32,33,34,35,36,37,38,39,40,41,42,43,44,45,46,47,48,49,50,51,52,53,54,55,56,57,58,59,60,61,62,63,64,65,66,67,68,69,70,71,72,73,74,75,76,77,78,79,80,81,82,83,84,85,86,87,88,89,90,91,92,93,94,95,96,97,98,99]
CFO=-1100.8763723399227,STO=4
EsN0dB=12.28,GRXdB=10,N0=0.0010000000474974513
packet_number=1034,correct=True,payload=[0,1,2,3,4,5,6,7,8,9,10,11,12,13,14,15,16,17,18,19,20,21,22,23,24,25,26,27,28,29,30,31,32,33,34,35,36,37,38,39,40,41,42,43,44,45,46,47,48,49,50,51,52,53,54,55,56,57,58,59,60,61,62,63,64,65,66,67,68,69,70,71,72,73,74,75,76,77,78,79,80,81,82,83,84,85,86,87,88,89,90,91,92,93,94,95,96,97,98,99]
CFO=-991.8093384942531,STO=4
EsN0dB=12.28,GRXdB=10,N0=0.0010000000474974513
packet_number=1035,correct=True,payload=[0,1,2,3,4,5,6,7,8,9,10,11,12,13,14,15,16,17,18,19,20,21,22,23,24,25,26,27,28,29,30,31,32,33,34,35,36,37,38,39,40,41,42,43,44,45,46,47,48,49,50,51,52,53,54,55,56,57,58,59,60,61,62,63,64,65,66,67,68,69,70,71,72,73,74,75,76,77,78,79,80,81,82,83,84,85,86,87,88,89,90,91,92,93,94,95,96,97,98,99]
CFO=-960.5450962059044,STO=4
EsN0dB=12.20,GRXdB=10,N0=0.0010000000474974513
packet_number=1036,correct=True,payload=[0,1,2,3,4,5,6,7,8,9,10,11,12,13,14,15,16,17,18,19,20,21,22,23,24,25,26,27,28,29,30,31,32,33,34,35,36,37,38,39,40,41,42,43,44,45,46,47,48,49,50,51,52,53,54,55,56,57,58,59,60,61,62,63,64,65,66,67,68,69,70,71,72,73,74,75,76,77,78,79,80,81,82,83,84,85,86,87,88,89,90,91,92,93,94,95,96,97,98,99]
CFO=-979.559346785966,STO=4
EsN0dB=12.19,GRXdB=10,N0=0.0010000000474974513
packet_number=1037,correct=True,payload=[0,1,2,3,4,5,6,7,8,9,10,11,12,13,14,15,16,17,18,19,20,21,22,23,24,25,26,27,28,29,30,31,32,33,34,35,36,37,38,39,40,41,42,43,44,45,46,47,48,49,50,51,52,53,54,55,56,57,58,59,60,61,62,63,64,65,66,67,68,69,70,71,72,73,74,75,76,77,78,79,80,81,82,83,84,85,86,87,88,89,90,91,92,93,94,95,96,97,98,99]
CFO=-1231.640581159163,STO=1
EsN0dB=12.31,GRXdB=10,N0=0.0010000000474974513
packet_number=1038,correct=True,payload=[0,1,2,3,4,5,6,7,8,9,10,11,12,13,14,15,16,17,18,19,20,21,22,23,24,25,26,27,28,29,30,31,32,33,34,35,36,37,38,39,40,41,42,43,44,45,46,47,48,49,50,51,52,53,54,55,56,57,58,59,60,61,62,63,64,65,66,67,68,69,70,71,72,73,74,75,76,77,78,79,80,81,82,83,84,85,86,87,88,89,90,91,92,93,94,95,96,97,98,99]
CFO=-1247.0591403121014,STO=4
EsN0dB=12.25,GRXdB=10,N0=0.0010000000474974513
packet_number=1039,correct=True,payload=[0,1,2,3,4,5,6,7,8,9,10,11,12,13,14,15,16,17,18,19,20,21,22,23,24,25,26,27,28,29,30,31,32,33,34,35,36,37,38,39,40,41,42,43,44,45,46,47,48,49,50,51,52,53,54,55,56,57,58,59,60,61,62,63,64,65,66,67,68,69,70,71,72,73,74,75,76,77,78,79,80,81,82,83,84,85,86,87,88,89,90,91,92,93,94,95,96,97,98,99]
CFO=-991.2239699380418,STO=4
EsN0dB=12.27,GRXdB=10,N0=0.0010000000474974513
packet_number=1040,correct=True,payload=[0,1,2,3,4,5,6,7,8,9,10,11,12,13,14,15,16,17,18,19,20,21,22,23,24,25,26,27,28,29,30,31,32,33,34,35,36,37,38,39,40,41,42,43,44,45,46,47,48,49,50,51,52,53,54,55,56,57,58,59,60,61,62,63,64,65,66,67,68,69,70,71,72,73,74,75,76,77,78,79,80,81,82,83,84,85,86,87,88,89,90,91,92,93,94,95,96,97,98,99]
CFO=-1036.3559864146512,STO=4
EsN0dB=12.29,GRXdB=10,N0=0.0010000000474974513
packet_number=1041,correct=True,payload=[0,1,2,3,4,5,6,7,8,9,10,11,12,13,14,15,16,17,18,19,20,21,22,23,24,25,26,27,28,29,30,31,32,33,34,35,36,37,38,39,40,41,42,43,44,45,46,47,48,49,50,51,52,53,54,55,56,57,58,59,60,61,62,63,64,65,66,67,68,69,70,71,72,73,74,75,76,77,78,79,80,81,82,83,84,85,86,87,88,89,90,91,92,93,94,95,96,97,98,99]
CFO=-962.9756237652405,STO=4
EsN0dB=12.23,GRXdB=10,N0=0.0010000000474974513
packet_number=1042,correct=True,payload=[0,1,2,3,4,5,6,7,8,9,10,11,12,13,14,15,16,17,18,19,20,21,22,23,24,25,26,27,28,29,30,31,32,33,34,35,36,37,38,39,40,41,42,43,44,45,46,47,48,49,50,51,52,53,54,55,56,57,58,59,60,61,62,63,64,65,66,67,68,69,70,71,72,73,74,75,76,77,78,79,80,81,82,83,84,85,86,87,88,89,90,91,92,93,94,95,96,97,98,99]
CFO=-993.3118022421463,STO=5
EsN0dB=12.31,GRXdB=10,N0=0.0010000000474974513
packet_number=1043,correct=True,payload=[0,1,2,3,4,5,6,7,8,9,10,11,12,13,14,15,16,17,18,19,20,21,22,23,24,25,26,27,28,29,30,31,32,33,34,35,36,37,38,39,40,41,42,43,44,45,46,47,48,49,50,51,52,53,54,55,56,57,58,59,60,61,62,63,64,65,66,67,68,69,70,71,72,73,74,75,76,77,78,79,80,81,82,83,84,85,86,87,88,89,90,91,92,93,94,95,96,97,98,99]
CFO=-1053.0320830007142,STO=4
EsN0dB=12.31,GRXdB=10,N0=0.0010000000474974513
packet_number=1044,correct=True,payload=[0,1,2,3,4,5,6,7,8,9,10,11,12,13,14,15,16,17,18,19,20,21,22,23,24,25,26,27,28,29,30,31,32,33,34,35,36,37,38,39,40,41,42,43,44,45,46,47,48,49,50,51,52,53,54,55,56,57,58,59,60,61,62,63,64,65,66,67,68,69,70,71,72,73,74,75,76,77,78,79,80,81,82,83,84,85,86,87,88,89,90,91,92,93,94,95,96,97,98,99]
CFO=-821.8917817359533,STO=4
EsN0dB=12.31,GRXdB=10,N0=0.0010000000474974513
packet_number=1045,correct=True,payload=[0,1,2,3,4,5,6,7,8,9,10,11,12,13,14,15,16,17,18,19,20,21,22,23,24,25,26,27,28,29,30,31,32,33,34,35,36,37,38,39,40,41,42,43,44,45,46,47,48,49,50,51,52,53,54,55,56,57,58,59,60,61,62,63,64,65,66,67,68,69,70,71,72,73,74,75,76,77,78,79,80,81,82,83,84,85,86,87,88,89,90,91,92,93,94,95,96,97,98,99]
CFO=-1211.7930712162945,STO=5
EsN0dB=12.26,GRXdB=10,N0=0.0010000000474974513
packet_number=1046,correct=True,payload=[0,1,2,3,4,5,6,7,8,9,10,11,12,13,14,15,16,17,18,19,20,21,22,23,24,25,26,27,28,29,30,31,32,33,34,35,36,37,38,39,40,41,42,43,44,45,46,47,48,49,50,51,52,53,54,55,56,57,58,59,60,61,62,63,64,65,66,67,68,69,70,71,72,73,74,75,76,77,78,79,80,81,82,83,84,85,86,87,88,89,90,91,92,93,94,95,96,97,98,99]
CFO=-1005.1438006027894,STO=4
EsN0dB=12.23,GRXdB=10,N0=0.0010000000474974513
packet_number=1047,correct=True,payload=[0,1,2,3,4,5,6,7,8,9,10,11,12,13,14,15,16,17,18,19,20,21,22,23,24,25,26,27,28,29,30,31,32,33,34,35,36,37,38,39,40,41,42,43,44,45,46,47,48,49,50,51,52,53,54,55,56,57,58,59,60,61,62,63,64,65,66,67,68,69,70,71,72,73,74,75,76,77,78,79,80,81,82,83,84,85,86,87,88,89,90,91,92,93,94,95,96,97,98,99]
CFO=-971.8197701030222,STO=4
EsN0dB=12.35,GRXdB=10,N0=0.0010000000474974513
packet_number=1048,correct=True,payload=[0,1,2,3,4,5,6,7,8,9,10,11,12,13,14,15,16,17,18,19,20,21,22,23,24,25,26,27,28,29,30,31,32,33,34,35,36,37,38,39,40,41,42,43,44,45,46,47,48,49,50,51,52,53,54,55,56,57,58,59,60,61,62,63,64,65,66,67,68,69,70,71,72,73,74,75,76,77,78,79,80,81,82,83,84,85,86,87,88,89,90,91,92,93,94,95,96,97,98,99]
CFO=-1124.3155420010294,STO=4
EsN0dB=12.25,GRXdB=10,N0=0.0010000000474974513
packet_number=1049,correct=True,payload=[0,1,2,3,4,5,6,7,8,9,10,11,12,13,14,15,16,17,18,19,20,21,22,23,24,25,26,27,28,29,30,31,32,33,34,35,36,37,38,39,40,41,42,43,44,45,46,47,48,49,50,51,52,53,54,55,56,57,58,59,60,61,62,63,64,65,66,67,68,69,70,71,72,73,74,75,76,77,78,79,80,81,82,83,84,85,86,87,88,89,90,91,92,93,94,95,96,97,98,99]
CFO=-1150.3012101417544,STO=4
EsN0dB=12.23,GRXdB=10,N0=0.0010000000474974513
packet_number=1050,correct=True,payload=[0,1,2,3,4,5,6,7,8,9,10,11,12,13,14,15,16,17,18,19,20,21,22,23,24,25,26,27,28,29,30,31,32,33,34,35,36,37,38,39,40,41,42,43,44,45,46,47,48,49,50,51,52,53,54,55,56,57,58,59,60,61,62,63,64,65,66,67,68,69,70,71,72,73,74,75,76,77,78,79,80,81,82,83,84,85,86,87,88,89,90,91,92,93,94,95,96,97,98,99]
CFO=-843.4631436763749,STO=4
EsN0dB=12.18,GRXdB=10,N0=0.0010000000474974513
packet_number=1051,correct=True,payload=[0,1,2,3,4,5,6,7,8,9,10,11,12,13,14,15,16,17,18,19,20,21,22,23,24,25,26,27,28,29,30,31,32,33,34,35,36,37,38,39,40,41,42,43,44,45,46,47,48,49,50,51,52,53,54,55,56,57,58,59,60,61,62,63,64,65,66,67,68,69,70,71,72,73,74,75,76,77,78,79,80,81,82,83,84,85,86,87,88,89,90,91,92,93,94,95,96,97,98,99]
CFO=-1196.7657064048817,STO=3
EsN0dB=12.29,GRXdB=10,N0=0.0010000000474974513
packet_number=1052,correct=True,payload=[0,1,2,3,4,5,6,7,8,9,10,11,12,13,14,15,16,17,18,19,20,21,22,23,24,25,26,27,28,29,30,31,32,33,34,35,36,37,38,39,40,41,42,43,44,45,46,47,48,49,50,51,52,53,54,55,56,57,58,59,60,61,62,63,64,65,66,67,68,69,70,71,72,73,74,75,76,77,78,79,80,81,82,83,84,85,86,87,88,89,90,91,92,93,94,95,96,97,98,99]
CFO=-1159.7750145436469,STO=4
EsN0dB=12.33,GRXdB=10,N0=0.0010000000474974513
packet_number=1053,correct=True,payload=[0,1,2,3,4,5,6,7,8,9,10,11,12,13,14,15,16,17,18,19,20,21,22,23,24,25,26,27,28,29,30,31,32,33,34,35,36,37,38,39,40,41,42,43,44,45,46,47,48,49,50,51,52,53,54,55,56,57,58,59,60,61,62,63,64,65,66,67,68,69,70,71,72,73,74,75,76,77,78,79,80,81,82,83,84,85,86,87,88,89,90,91,92,93,94,95,96,97,98,99]
CFO=-1052.3771674662355,STO=4
EsN0dB=12.30,GRXdB=10,N0=0.0010000000474974513
packet_number=1054,correct=True,payload=[0,1,2,3,4,5,6,7,8,9,10,11,12,13,14,15,16,17,18,19,20,21,22,23,24,25,26,27,28,29,30,31,32,33,34,35,36,37,38,39,40,41,42,43,44,45,46,47,48,49,50,51,52,53,54,55,56,57,58,59,60,61,62,63,64,65,66,67,68,69,70,71,72,73,74,75,76,77,78,79,80,81,82,83,84,85,86,87,88,89,90,91,92,93,94,95,96,97,98,99]
CFO=-814.0268663385528,STO=4
EsN0dB=12.30,GRXdB=10,N0=0.0010000000474974513
packet_number=1055,correct=True,payload=[0,1,2,3,4,5,6,7,8,9,10,11,12,13,14,15,16,17,18,19,20,21,22,23,24,25,26,27,28,29,30,31,32,33,34,35,36,37,38,39,40,41,42,43,44,45,46,47,48,49,50,51,52,53,54,55,56,57,58,59,60,61,62,63,64,65,66,67,68,69,70,71,72,73,74,75,76,77,78,79,80,81,82,83,84,85,86,87,88,89,90,91,92,93,94,95,96,97,98,99]
CFO=-1102.3369181733785,STO=4
EsN0dB=12.34,GRXdB=10,N0=0.0010000000474974513
packet_number=1056,correct=True,payload=[0,1,2,3,4,5,6,7,8,9,10,11,12,13,14,15,16,17,18,19,20,21,22,23,24,25,26,27,28,29,30,31,32,33,34,35,36,37,38,39,40,41,42,43,44,45,46,47,48,49,50,51,52,53,54,55,56,57,58,59,60,61,62,63,64,65,66,67,68,69,70,71,72,73,74,75,76,77,78,79,80,81,82,83,84,85,86,87,88,89,90,91,92,93,94,95,96,97,98,99]
CFO=-967.558372391169,STO=4
EsN0dB=12.26,GRXdB=10,N0=0.0010000000474974513
packet_number=1057,correct=True,payload=[0,1,2,3,4,5,6,7,8,9,10,11,12,13,14,15,16,17,18,19,20,21,22,23,24,25,26,27,28,29,30,31,32,33,34,35,36,37,38,39,40,41,42,43,44,45,46,47,48,49,50,51,52,53,54,55,56,57,58,59,60,61,62,63,64,65,66,67,68,69,70,71,72,73,74,75,76,77,78,79,80,81,82,83,84,85,86,87,88,89,90,91,92,93,94,95,96,97,98,99]
CFO=-941.1250659845273,STO=5
EsN0dB=12.22,GRXdB=10,N0=0.0010000000474974513
packet_number=1058,correct=True,payload=[0,1,2,3,4,5,6,7,8,9,10,11,12,13,14,15,16,17,18,19,20,21,22,23,24,25,26,27,28,29,30,31,32,33,34,35,36,37,38,39,40,41,42,43,44,45,46,47,48,49,50,51,52,53,54,55,56,57,58,59,60,61,62,63,64,65,66,67,68,69,70,71,72,73,74,75,76,77,78,79,80,81,82,83,84,85,86,87,88,89,90,91,92,93,94,95,96,97,98,99]
CFO=-941.0370798670941,STO=4
EsN0dB=12.20,GRXdB=10,N0=0.0010000000474974513
packet_number=1059,correct=False,payload=[0,1,2,3,4,5,6,7,8,9,10,11,12,13,14,15,16,17,18,19,20,21,22,23,24,25,26,27,28,29,30,31,32,33,34,35,36,37,38,39,40,41,42,43,44,45,46,47,48,49,50,51,52,53,54,55,56,57,58,59,60,61,62,63,64,65,66,67,68,69,70,71,72,73,74,75,76,77,78,79,80,81,82,83,84,85,86,87,88,89,90,91,92,93,94,79,96,97,98,99]
CFO=-1014.3979954501181,STO=4
EsN0dB=12.17,GRXdB=10,N0=0.0010000000474974513
packet_number=1060,correct=True,payload=[0,1,2,3,4,5,6,7,8,9,10,11,12,13,14,15,16,17,18,19,20,21,22,23,24,25,26,27,28,29,30,31,32,33,34,35,36,37,38,39,40,41,42,43,44,45,46,47,48,49,50,51,52,53,54,55,56,57,58,59,60,61,62,63,64,65,66,67,68,69,70,71,72,73,74,75,76,77,78,79,80,81,82,83,84,85,86,87,88,89,90,91,92,93,94,95,96,97,98,99]
CFO=-1231.7057999793628,STO=5
EsN0dB=12.19,GRXdB=10,N0=0.0010000000474974513
packet_number=1061,correct=True,payload=[0,1,2,3,4,5,6,7,8,9,10,11,12,13,14,15,16,17,18,19,20,21,22,23,24,25,26,27,28,29,30,31,32,33,34,35,36,37,38,39,40,41,42,43,44,45,46,47,48,49,50,51,52,53,54,55,56,57,58,59,60,61,62,63,64,65,66,67,68,69,70,71,72,73,74,75,76,77,78,79,80,81,82,83,84,85,86,87,88,89,90,91,92,93,94,95,96,97,98,99]
CFO=-1067.0455916072033,STO=6
EsN0dB=12.22,GRXdB=10,N0=0.0010000000474974513
packet_number=1062,correct=True,payload=[0,1,2,3,4,5,6,7,8,9,10,11,12,13,14,15,16,17,18,19,20,21,22,23,24,25,26,27,28,29,30,31,32,33,34,35,36,37,38,39,40,41,42,43,44,45,46,47,48,49,50,51,52,53,54,55,56,57,58,59,60,61,62,63,64,65,66,67,68,69,70,71,72,73,74,75,76,77,78,79,80,81,82,83,84,85,86,87,88,89,90,91,92,93,94,95,96,97,98,99]
CFO=-1257.712456722225,STO=3
EsN0dB=12.21,GRXdB=10,N0=0.0010000000474974513
packet_number=1063,correct=True,payload=[0,1,2,3,4,5,6,7,8,9,10,11,12,13,14,15,16,17,18,19,20,21,22,23,24,25,26,27,28,29,30,31,32,33,34,35,36,37,38,39,40,41,42,43,44,45,46,47,48,49,50,51,52,53,54,55,56,57,58,59,60,61,62,63,64,65,66,67,68,69,70,71,72,73,74,75,76,77,78,79,80,81,82,83,84,85,86,87,88,89,90,91,92,93,94,95,96,97,98,99]
CFO=-1087.11211820627,STO=4
EsN0dB=12.25,GRXdB=10,N0=0.0010000000474974513
packet_number=1064,correct=True,payload=[0,1,2,3,4,5,6,7,8,9,10,11,12,13,14,15,16,17,18,19,20,21,22,23,24,25,26,27,28,29,30,31,32,33,34,35,36,37,38,39,40,41,42,43,44,45,46,47,48,49,50,51,52,53,54,55,56,57,58,59,60,61,62,63,64,65,66,67,68,69,70,71,72,73,74,75,76,77,78,79,80,81,82,83,84,85,86,87,88,89,90,91,92,93,94,95,96,97,98,99]
CFO=-982.9537492180181,STO=5
EsN0dB=12.16,GRXdB=10,N0=0.0010000000474974513
packet_number=1065,correct=True,payload=[0,1,2,3,4,5,6,7,8,9,10,11,12,13,14,15,16,17,18,19,20,21,22,23,24,25,26,27,28,29,30,31,32,33,34,35,36,37,38,39,40,41,42,43,44,45,46,47,48,49,50,51,52,53,54,55,56,57,58,59,60,61,62,63,64,65,66,67,68,69,70,71,72,73,74,75,76,77,78,79,80,81,82,83,84,85,86,87,88,89,90,91,92,93,94,95,96,97,98,99]
CFO=-1059.069448476444,STO=4
EsN0dB=12.23,GRXdB=10,N0=0.0010000000474974513
packet_number=1066,correct=True,payload=[0,1,2,3,4,5,6,7,8,9,10,11,12,13,14,15,16,17,18,19,20,21,22,23,24,25,26,27,28,29,30,31,32,33,34,35,36,37,38,39,40,41,42,43,44,45,46,47,48,49,50,51,52,53,54,55,56,57,58,59,60,61,62,63,64,65,66,67,68,69,70,71,72,73,74,75,76,77,78,79,80,81,82,83,84,85,86,87,88,89,90,91,92,93,94,95,96,97,98,99]
CFO=-926.2912231995981,STO=4
EsN0dB=12.31,GRXdB=10,N0=0.0010000000474974513
packet_number=1067,correct=True,payload=[0,1,2,3,4,5,6,7,8,9,10,11,12,13,14,15,16,17,18,19,20,21,22,23,24,25,26,27,28,29,30,31,32,33,34,35,36,37,38,39,40,41,42,43,44,45,46,47,48,49,50,51,52,53,54,55,56,57,58,59,60,61,62,63,64,65,66,67,68,69,70,71,72,73,74,75,76,77,78,79,80,81,82,83,84,85,86,87,88,89,90,91,92,93,94,95,96,97,98,99]
CFO=-1097.0828900180845,STO=5
EsN0dB=12.25,GRXdB=10,N0=0.0010000000474974513
packet_number=1068,correct=True,payload=[0,1,2,3,4,5,6,7,8,9,10,11,12,13,14,15,16,17,18,19,20,21,22,23,24,25,26,27,28,29,30,31,32,33,34,35,36,37,38,39,40,41,42,43,44,45,46,47,48,49,50,51,52,53,54,55,56,57,58,59,60,61,62,63,64,65,66,67,68,69,70,71,72,73,74,75,76,77,78,79,80,81,82,83,84,85,86,87,88,89,90,91,92,93,94,95,96,97,98,99]
CFO=-975.9596236499577,STO=4
EsN0dB=12.21,GRXdB=10,N0=0.0010000000474974513
packet_number=1069,correct=False,payload=[0,1,2,3,4,5,6,7,8,9,10,11,12,13,14,15,16,17,18,19,20,21,22,23,24,25,26,27,28,29,30,31,32,33,34,43,36,37,38,39,40,41,42,43,44,45,46,47,48,49,50,51,52,53,54,55,56,57,58,59,60,61,62,63,64,65,66,67,68,69,70,71,72,73,74,75,76,77,78,79,80,81,82,83,84,85,86,87,88,89,90,91,92,93,94,95,96,97,98,99]
CFO=-1137.7616468717804,STO=3
EsN0dB=12.33,GRXdB=10,N0=0.0010000000474974513
packet_number=1070,correct=True,payload=[0,1,2,3,4,5,6,7,8,9,10,11,12,13,14,15,16,17,18,19,20,21,22,23,24,25,26,27,28,29,30,31,32,33,34,35,36,37,38,39,40,41,42,43,44,45,46,47,48,49,50,51,52,53,54,55,56,57,58,59,60,61,62,63,64,65,66,67,68,69,70,71,72,73,74,75,76,77,78,79,80,81,82,83,84,85,86,87,88,89,90,91,92,93,94,95,96,97,98,99]
CFO=-1191.6169769992923,STO=5
EsN0dB=12.34,GRXdB=10,N0=0.0010000000474974513
packet_number=1071,correct=True,payload=[0,1,2,3,4,5,6,7,8,9,10,11,12,13,14,15,16,17,18,19,20,21,22,23,24,25,26,27,28,29,30,31,32,33,34,35,36,37,38,39,40,41,42,43,44,45,46,47,48,49,50,51,52,53,54,55,56,57,58,59,60,61,62,63,64,65,66,67,68,69,70,71,72,73,74,75,76,77,78,79,80,81,82,83,84,85,86,87,88,89,90,91,92,93,94,95,96,97,98,99]
CFO=-947.7232540241384,STO=5
EsN0dB=12.25,GRXdB=10,N0=0.0010000000474974513
packet_number=1072,correct=True,payload=[0,1,2,3,4,5,6,7,8,9,10,11,12,13,14,15,16,17,18,19,20,21,22,23,24,25,26,27,28,29,30,31,32,33,34,35,36,37,38,39,40,41,42,43,44,45,46,47,48,49,50,51,52,53,54,55,56,57,58,59,60,61,62,63,64,65,66,67,68,69,70,71,72,73,74,75,76,77,78,79,80,81,82,83,84,85,86,87,88,89,90,91,92,93,94,95,96,97,98,99]
CFO=-840.4145195710547,STO=4
EsN0dB=12.18,GRXdB=10,N0=0.0010000000474974513
packet_number=1073,correct=True,payload=[0,1,2,3,4,5,6,7,8,9,10,11,12,13,14,15,16,17,18,19,20,21,22,23,24,25,26,27,28,29,30,31,32,33,34,35,36,37,38,39,40,41,42,43,44,45,46,47,48,49,50,51,52,53,54,55,56,57,58,59,60,61,62,63,64,65,66,67,68,69,70,71,72,73,74,75,76,77,78,79,80,81,82,83,84,85,86,87,88,89,90,91,92,93,94,95,96,97,98,99]
CFO=-1039.114861088775,STO=5
EsN0dB=12.20,GRXdB=10,N0=0.0010000000474974513
packet_number=1074,correct=True,payload=[0,1,2,3,4,5,6,7,8,9,10,11,12,13,14,15,16,17,18,19,20,21,22,23,24,25,26,27,28,29,30,31,32,33,34,35,36,37,38,39,40,41,42,43,44,45,46,47,48,49,50,51,52,53,54,55,56,57,58,59,60,61,62,63,64,65,66,67,68,69,70,71,72,73,74,75,76,77,78,79,80,81,82,83,84,85,86,87,88,89,90,91,92,93,94,95,96,97,98,99]
CFO=-1215.7385726790346,STO=4
EsN0dB=12.33,GRXdB=10,N0=0.0010000000474974513
packet_number=1075,correct=True,payload=[0,1,2,3,4,5,6,7,8,9,10,11,12,13,14,15,16,17,18,19,20,21,22,23,24,25,26,27,28,29,30,31,32,33,34,35,36,37,38,39,40,41,42,43,44,45,46,47,48,49,50,51,52,53,54,55,56,57,58,59,60,61,62,63,64,65,66,67,68,69,70,71,72,73,74,75,76,77,78,79,80,81,82,83,84,85,86,87,88,89,90,91,92,93,94,95,96,97,98,99]
CFO=-926.575992284525,STO=4
EsN0dB=12.22,GRXdB=10,N0=0.0010000000474974513
packet_number=1076,correct=True,payload=[0,1,2,3,4,5,6,7,8,9,10,11,12,13,14,15,16,17,18,19,20,21,22,23,24,25,26,27,28,29,30,31,32,33,34,35,36,37,38,39,40,41,42,43,44,45,46,47,48,49,50,51,52,53,54,55,56,57,58,59,60,61,62,63,64,65,66,67,68,69,70,71,72,73,74,75,76,77,78,79,80,81,82,83,84,85,86,87,88,89,90,91,92,93,94,95,96,97,98,99]
CFO=-1050.088698355262,STO=5
EsN0dB=12.29,GRXdB=10,N0=0.0010000000474974513
packet_number=1077,correct=True,payload=[0,1,2,3,4,5,6,7,8,9,10,11,12,13,14,15,16,17,18,19,20,21,22,23,24,25,26,27,28,29,30,31,32,33,34,35,36,37,38,39,40,41,42,43,44,45,46,47,48,49,50,51,52,53,54,55,56,57,58,59,60,61,62,63,64,65,66,67,68,69,70,71,72,73,74,75,76,77,78,79,80,81,82,83,84,85,86,87,88,89,90,91,92,93,94,95,96,97,98,99]
CFO=-1039.8601343341486,STO=4
EsN0dB=12.32,GRXdB=10,N0=0.0010000000474974513
packet_number=1078,correct=True,payload=[0,1,2,3,4,5,6,7,8,9,10,11,12,13,14,15,16,17,18,19,20,21,22,23,24,25,26,27,28,29,30,31,32,33,34,35,36,37,38,39,40,41,42,43,44,45,46,47,48,49,50,51,52,53,54,55,56,57,58,59,60,61,62,63,64,65,66,67,68,69,70,71,72,73,74,75,76,77,78,79,80,81,82,83,84,85,86,87,88,89,90,91,92,93,94,95,96,97,98,99]
CFO=-1100.650122323666,STO=4
EsN0dB=12.32,GRXdB=10,N0=0.0010000000474974513
packet_number=1079,correct=False,payload=[0,1,2,3,4,5,6,7,8,9,10,11,12,13,14,15,16,17,18,19,20,21,22,23,24,25,26,27,28,29,30,31,32,33,34,35,36,37,38,39,40,41,42,43,44,45,46,47,48,49,50,51,52,53,54,55,56,57,58,59,60,61,62,63,64,65,66,67,68,69,70,71,72,73,74,75,76,77,78,79,80,81,82,83,84,85,86,87,88,25,90,91,92,93,94,95,96,97,98,99]
CFO=-1015.2959993144325,STO=4
EsN0dB=12.26,GRXdB=10,N0=0.0010000000474974513
packet_number=1080,correct=True,payload=[0,1,2,3,4,5,6,7,8,9,10,11,12,13,14,15,16,17,18,19,20,21,22,23,24,25,26,27,28,29,30,31,32,33,34,35,36,37,38,39,40,41,42,43,44,45,46,47,48,49,50,51,52,53,54,55,56,57,58,59,60,61,62,63,64,65,66,67,68,69,70,71,72,73,74,75,76,77,78,79,80,81,82,83,84,85,86,87,88,89,90,91,92,93,94,95,96,97,98,99]
CFO=-1030.7208431900447,STO=4
EsN0dB=12.32,GRXdB=10,N0=0.0010000000474974513
packet_number=1081,correct=False,payload=[0,1,2,3,4,5,6,7,8,9,10,11,12,13,14,15,16,17,18,19,20,21,22,23,24,25,26,27,28,29,30,31,32,33,34,35,36,37,38,39,40,41,42,43,44,45,46,47,48,49,50,51,52,53,54,55,56,57,58,59,62,61,62,63,64,65,66,67,68,69,70,71,72,73,74,75,76,77,78,79,80,81,82,83,84,85,86,87,88,89,90,91,92,93,94,95,96,97,98,99]
CFO=-934.2123453620435,STO=4
EsN0dB=12.19,GRXdB=10,N0=0.0010000000474974513
packet_number=1082,correct=True,payload=[0,1,2,3,4,5,6,7,8,9,10,11,12,13,14,15,16,17,18,19,20,21,22,23,24,25,26,27,28,29,30,31,32,33,34,35,36,37,38,39,40,41,42,43,44,45,46,47,48,49,50,51,52,53,54,55,56,57,58,59,60,61,62,63,64,65,66,67,68,69,70,71,72,73,74,75,76,77,78,79,80,81,82,83,84,85,86,87,88,89,90,91,92,93,94,95,96,97,98,99]
CFO=-981.7403827131195,STO=4
EsN0dB=12.31,GRXdB=10,N0=0.0010000000474974513
packet_number=1083,correct=True,payload=[0,1,2,3,4,5,6,7,8,9,10,11,12,13,14,15,16,17,18,19,20,21,22,23,24,25,26,27,28,29,30,31,32,33,34,35,36,37,38,39,40,41,42,43,44,45,46,47,48,49,50,51,52,53,54,55,56,57,58,59,60,61,62,63,64,65,66,67,68,69,70,71,72,73,74,75,76,77,78,79,80,81,82,83,84,85,86,87,88,89,90,91,92,93,94,95,96,97,98,99]
CFO=-1054.089102206643,STO=4
EsN0dB=12.31,GRXdB=10,N0=0.0010000000474974513
packet_number=1084,correct=True,payload=[0,1,2,3,4,5,6,7,8,9,10,11,12,13,14,15,16,17,18,19,20,21,22,23,24,25,26,27,28,29,30,31,32,33,34,35,36,37,38,39,40,41,42,43,44,45,46,47,48,49,50,51,52,53,54,55,56,57,58,59,60,61,62,63,64,65,66,67,68,69,70,71,72,73,74,75,76,77,78,79,80,81,82,83,84,85,86,87,88,89,90,91,92,93,94,95,96,97,98,99]
CFO=-975.0412240818717,STO=4
EsN0dB=12.16,GRXdB=10,N0=0.0010000000474974513
packet_number=1085,correct=True,payload=[0,1,2,3,4,5,6,7,8,9,10,11,12,13,14,15,16,17,18,19,20,21,22,23,24,25,26,27,28,29,30,31,32,33,34,35,36,37,38,39,40,41,42,43,44,45,46,47,48,49,50,51,52,53,54,55,56,57,58,59,60,61,62,63,64,65,66,67,68,69,70,71,72,73,74,75,76,77,78,79,80,81,82,83,84,85,86,87,88,89,90,91,92,93,94,95,96,97,98,99]
CFO=-1014.9090738411381,STO=4
EsN0dB=12.30,GRXdB=10,N0=0.0010000000474974513
packet_number=1086,correct=True,payload=[0,1,2,3,4,5,6,7,8,9,10,11,12,13,14,15,16,17,18,19,20,21,22,23,24,25,26,27,28,29,30,31,32,33,34,35,36,37,38,39,40,41,42,43,44,45,46,47,48,49,50,51,52,53,54,55,56,57,58,59,60,61,62,63,64,65,66,67,68,69,70,71,72,73,74,75,76,77,78,79,80,81,82,83,84,85,86,87,88,89,90,91,92,93,94,95,96,97,98,99]
CFO=-1007.0892187195121,STO=5
EsN0dB=12.23,GRXdB=10,N0=0.0010000000474974513
packet_number=1087,correct=False,payload=[0,1,2,3,4,5,6,7,8,9,10,11,12,13,14,15,16,17,18,19,20,21,22,23,24,25,26,27,28,29,30,31,32,33,34,35,36,37,38,39,40,41,42,43,44,45,46,47,48,49,50,51,52,53,54,55,56,57,58,59,60,61,62,63,64,73,66,67,68,69,70,71,72,73,74,75,76,77,78,79,80,81,82,83,84,85,86,87,88,89,90,91,92,93,94,95,96,97,98,99]
CFO=-993.7013364682485,STO=4
EsN0dB=12.21,GRXdB=10,N0=0.0010000000474974513
packet_number=1088,correct=True,payload=[0,1,2,3,4,5,6,7,8,9,10,11,12,13,14,15,16,17,18,19,20,21,22,23,24,25,26,27,28,29,30,31,32,33,34,35,36,37,38,39,40,41,42,43,44,45,46,47,48,49,50,51,52,53,54,55,56,57,58,59,60,61,62,63,64,65,66,67,68,69,70,71,72,73,74,75,76,77,78,79,80,81,82,83,84,85,86,87,88,89,90,91,92,93,94,95,96,97,98,99]
CFO=-982.1998196565087,STO=4
EsN0dB=12.24,GRXdB=10,N0=0.0010000000474974513
packet_number=1089,correct=True,payload=[0,1,2,3,4,5,6,7,8,9,10,11,12,13,14,15,16,17,18,19,20,21,22,23,24,25,26,27,28,29,30,31,32,33,34,35,36,37,38,39,40,41,42,43,44,45,46,47,48,49,50,51,52,53,54,55,56,57,58,59,60,61,62,63,64,65,66,67,68,69,70,71,72,73,74,75,76,77,78,79,80,81,82,83,84,85,86,87,88,89,90,91,92,93,94,95,96,97,98,99]
CFO=-1078.0551213552908,STO=4
EsN0dB=12.21,GRXdB=10,N0=0.0010000000474974513
packet_number=1090,correct=True,payload=[0,1,2,3,4,5,6,7,8,9,10,11,12,13,14,15,16,17,18,19,20,21,22,23,24,25,26,27,28,29,30,31,32,33,34,35,36,37,38,39,40,41,42,43,44,45,46,47,48,49,50,51,52,53,54,55,56,57,58,59,60,61,62,63,64,65,66,67,68,69,70,71,72,73,74,75,76,77,78,79,80,81,82,83,84,85,86,87,88,89,90,91,92,93,94,95,96,97,98,99]
CFO=-1068.4658203518084,STO=5
EsN0dB=12.31,GRXdB=10,N0=0.0010000000474974513
packet_number=1091,correct=True,payload=[0,1,2,3,4,5,6,7,8,9,10,11,12,13,14,15,16,17,18,19,20,21,22,23,24,25,26,27,28,29,30,31,32,33,34,35,36,37,38,39,40,41,42,43,44,45,46,47,48,49,50,51,52,53,54,55,56,57,58,59,60,61,62,63,64,65,66,67,68,69,70,71,72,73,74,75,76,77,78,79,80,81,82,83,84,85,86,87,88,89,90,91,92,93,94,95,96,97,98,99]
CFO=-957.6587483832086,STO=4
EsN0dB=12.27,GRXdB=10,N0=0.0010000000474974513
packet_number=1092,correct=True,payload=[0,1,2,3,4,5,6,7,8,9,10,11,12,13,14,15,16,17,18,19,20,21,22,23,24,25,26,27,28,29,30,31,32,33,34,35,36,37,38,39,40,41,42,43,44,45,46,47,48,49,50,51,52,53,54,55,56,57,58,59,60,61,62,63,64,65,66,67,68,69,70,71,72,73,74,75,76,77,78,79,80,81,82,83,84,85,86,87,88,89,90,91,92,93,94,95,96,97,98,99]
CFO=-1094.6604258765187,STO=4
EsN0dB=12.33,GRXdB=10,N0=0.0010000000474974513
packet_number=1093,correct=True,payload=[0,1,2,3,4,5,6,7,8,9,10,11,12,13,14,15,16,17,18,19,20,21,22,23,24,25,26,27,28,29,30,31,32,33,34,35,36,37,38,39,40,41,42,43,44,45,46,47,48,49,50,51,52,53,54,55,56,57,58,59,60,61,62,63,64,65,66,67,68,69,70,71,72,73,74,75,76,77,78,79,80,81,82,83,84,85,86,87,88,89,90,91,92,93,94,95,96,97,98,99]
CFO=-1207.4719093492038,STO=4
EsN0dB=12.23,GRXdB=10,N0=0.0010000000474974513
packet_number=1094,correct=True,payload=[0,1,2,3,4,5,6,7,8,9,10,11,12,13,14,15,16,17,18,19,20,21,22,23,24,25,26,27,28,29,30,31,32,33,34,35,36,37,38,39,40,41,42,43,44,45,46,47,48,49,50,51,52,53,54,55,56,57,58,59,60,61,62,63,64,65,66,67,68,69,70,71,72,73,74,75,76,77,78,79,80,81,82,83,84,85,86,87,88,89,90,91,92,93,94,95,96,97,98,99]
CFO=-928.5850283958607,STO=5
EsN0dB=12.25,GRXdB=10,N0=0.0010000000474974513
packet_number=1095,correct=True,payload=[0,1,2,3,4,5,6,7,8,9,10,11,12,13,14,15,16,17,18,19,20,21,22,23,24,25,26,27,28,29,30,31,32,33,34,35,36,37,38,39,40,41,42,43,44,45,46,47,48,49,50,51,52,53,54,55,56,57,58,59,60,61,62,63,64,65,66,67,68,69,70,71,72,73,74,75,76,77,78,79,80,81,82,83,84,85,86,87,88,89,90,91,92,93,94,95,96,97,98,99]
CFO=-1116.7092488706394,STO=4
EsN0dB=12.26,GRXdB=10,N0=0.0010000000474974513
packet_number=1096,correct=True,payload=[0,1,2,3,4,5,6,7,8,9,10,11,12,13,14,15,16,17,18,19,20,21,22,23,24,25,26,27,28,29,30,31,32,33,34,35,36,37,38,39,40,41,42,43,44,45,46,47,48,49,50,51,52,53,54,55,56,57,58,59,60,61,62,63,64,65,66,67,68,69,70,71,72,73,74,75,76,77,78,79,80,81,82,83,84,85,86,87,88,89,90,91,92,93,94,95,96,97,98,99]
CFO=-918.0476829060198,STO=4
EsN0dB=12.36,GRXdB=10,N0=0.0010000000474974513
packet_number=1097,correct=False,payload=[0,1,2,3,4,5,6,7,8,9,10,11,12,13,14,15,16,17,18,19,20,21,22,23,16,25,26,27,28,29,30,31,32,33,34,35,36,37,38,39,40,41,42,43,44,45,46,47,48,49,50,51,52,53,54,55,56,57,58,59,60,61,62,63,64,65,66,67,68,69,70,71,72,73,74,75,76,77,78,79,80,81,82,83,84,85,86,87,88,89,90,91,92,93,94,95,96,97,98,99]
CFO=-1029.2191502100266,STO=6
EsN0dB=12.27,GRXdB=10,N0=0.0010000000474974513
packet_number=1098,correct=True,payload=[0,1,2,3,4,5,6,7,8,9,10,11,12,13,14,15,16,17,18,19,20,21,22,23,24,25,26,27,28,29,30,31,32,33,34,35,36,37,38,39,40,41,42,43,44,45,46,47,48,49,50,51,52,53,54,55,56,57,58,59,60,61,62,63,64,65,66,67,68,69,70,71,72,73,74,75,76,77,78,79,80,81,82,83,84,85,86,87,88,89,90,91,92,93,94,95,96,97,98,99]
CFO=-1177.2320768566838,STO=4
EsN0dB=12.25,GRXdB=10,N0=0.0010000000474974513
packet_number=1099,correct=True,payload=[0,1,2,3,4,5,6,7,8,9,10,11,12,13,14,15,16,17,18,19,20,21,22,23,24,25,26,27,28,29,30,31,32,33,34,35,36,37,38,39,40,41,42,43,44,45,46,47,48,49,50,51,52,53,54,55,56,57,58,59,60,61,62,63,64,65,66,67,68,69,70,71,72,73,74,75,76,77,78,79,80,81,82,83,84,85,86,87,88,89,90,91,92,93,94,95,96,97,98,99]
CFO=-1088.7341695544749,STO=4
EsN0dB=12.21,GRXdB=10,N0=0.0010000000474974513
packet_number=1100,correct=True,payload=[0,1,2,3,4,5,6,7,8,9,10,11,12,13,14,15,16,17,18,19,20,21,22,23,24,25,26,27,28,29,30,31,32,33,34,35,36,37,38,39,40,41,42,43,44,45,46,47,48,49,50,51,52,53,54,55,56,57,58,59,60,61,62,63,64,65,66,67,68,69,70,71,72,73,74,75,76,77,78,79,80,81,82,83,84,85,86,87,88,89,90,91,92,93,94,95,96,97,98,99]
CFO=-931.2925580715362,STO=3
EsN0dB=11.14,GRXdB=10,N0=0.001258925418369472
packet_number=1101,correct=True,payload=[0,1,2,3,4,5,6,7,8,9,10,11,12,13,14,15,16,17,18,19,20,21,22,23,24,25,26,27,28,29,30,31,32,33,34,35,36,37,38,39,40,41,42,43,44,45,46,47,48,49,50,51,52,53,54,55,56,57,58,59,60,61,62,63,64,65,66,67,68,69,70,71,72,73,74,75,76,77,78,79,80,81,82,83,84,85,86,87,88,89,90,91,92,93,94,95,96,97,98,99]
CFO=-727.7467546621555,STO=1
EsN0dB=11.15,GRXdB=10,N0=0.001258925418369472
packet_number=1102,correct=False,payload=[0,1,2,3,4,5,6,7,8,9,10,11,12,13,14,15,16,17,18,19,20,21,22,23,24,25,26,27,28,29,30,31,32,33,34,33,36,37,38,39,40,41,42,43,44,45,46,47,48,49,50,51,52,53,54,55,56,57,58,59,60,61,62,63,64,65,66,67,68,69,70,71,72,73,74,75,76,77,78,79,80,81,82,83,84,85,86,87,88,89,90,91,92,93,94,95,96,97,98,99]
CFO=-1007.4438905217257,STO=4
EsN0dB=11.26,GRXdB=10,N0=0.001258925418369472
packet_number=1103,correct=True,payload=[0,1,2,3,4,5,6,7,8,9,10,11,12,13,14,15,16,17,18,19,20,21,22,23,24,25,26,27,28,29,30,31,32,33,34,35,36,37,38,39,40,41,42,43,44,45,46,47,48,49,50,51,52,53,54,55,56,57,58,59,60,61,62,63,64,65,66,67,68,69,70,71,72,73,74,75,76,77,78,79,80,81,82,83,84,85,86,87,88,89,90,91,92,93,94,95,96,97,98,99]
CFO=-907.7968851962019,STO=4
EsN0dB=11.23,GRXdB=10,N0=0.001258925418369472
packet_number=1104,correct=False,payload=[0,1,2,3,4,5,6,7,8,9,10,3,12,13,14,15,16,17,18,19,20,21,22,23,24,25,26,27,28,29,30,31,32,33,34,35,36,37,38,39,40,41,42,43,44,45,46,47,48,49,50,51,52,53,54,55,56,57,58,59,60,61,62,63,64,65,66,67,68,69,70,71,72,73,74,75,76,77,78,79,80,81,82,83,84,85,86,87,88,89,90,91,92,93,94,95,96,97,98,99]
CFO=-905.5002340877851,STO=4
EsN0dB=11.31,GRXdB=10,N0=0.001258925418369472
packet_number=1105,correct=True,payload=[0,1,2,3,4,5,6,7,8,9,10,11,12,13,14,15,16,17,18,19,20,21,22,23,24,25,26,27,28,29,30,31,32,33,34,35,36,37,38,39,40,41,42,43,44,45,46,47,48,49,50,51,52,53,54,55,56,57,58,59,60,61,62,63,64,65,66,67,68,69,70,71,72,73,74,75,76,77,78,79,80,81,82,83,84,85,86,87,88,89,90,91,92,93,94,95,96,97,98,99]
CFO=-1017.4562837987952,STO=5
EsN0dB=11.25,GRXdB=10,N0=0.001258925418369472
packet_number=1106,correct=True,payload=[0,1,2,3,4,5,6,7,8,9,10,11,12,13,14,15,16,17,18,19,20,21,22,23,24,25,26,27,28,29,30,31,32,33,34,35,36,37,38,39,40,41,42,43,44,45,46,47,48,49,50,51,52,53,54,55,56,57,58,59,60,61,62,63,64,65,66,67,68,69,70,71,72,73,74,75,76,77,78,79,80,81,82,83,84,85,86,87,88,89,90,91,92,93,94,95,96,97,98,99]
CFO=-859.3588674338293,STO=4
EsN0dB=11.23,GRXdB=10,N0=0.001258925418369472
packet_number=1107,correct=False,payload=[0,1,2,3,4,5,6,7,8,9,10,11,12,13,14,15,16,17,18,19,20,21,22,23,24,25,26,27,28,29,30,31,32,33,34,35,36,37,38,39,40,41,42,43,44,45,46,47,48,49,50,51,52,53,54,55,56,57,58,59,60,61,62,63,64,65,66,67,68,69,70,71,72,73,74,75,76,77,78,79,80,81,82,83,84,85,86,87,88,89,94,91,92,93,94,95,96,97,98,99]
CFO=-1024.5967959732857,STO=5
EsN0dB=11.39,GRXdB=10,N0=0.001258925418369472
packet_number=1108,correct=True,payload=[0,1,2,3,4,5,6,7,8,9,10,11,12,13,14,15,16,17,18,19,20,21,22,23,24,25,26,27,28,29,30,31,32,33,34,35,36,37,38,39,40,41,42,43,44,45,46,47,48,49,50,51,52,53,54,55,56,57,58,59,60,61,62,63,64,65,66,67,68,69,70,71,72,73,74,75,76,77,78,79,80,81,82,83,84,85,86,87,88,89,90,91,92,93,94,95,96,97,98,99]
CFO=-888.9982124618189,STO=3
EsN0dB=11.27,GRXdB=10,N0=0.001258925418369472
packet_number=1109,correct=True,payload=[0,1,2,3,4,5,6,7,8,9,10,11,12,13,14,15,16,17,18,19,20,21,22,23,24,25,26,27,28,29,30,31,32,33,34,35,36,37,38,39,40,41,42,43,44,45,46,47,48,49,50,51,52,53,54,55,56,57,58,59,60,61,62,63,64,65,66,67,68,69,70,71,72,73,74,75,76,77,78,79,80,81,82,83,84,85,86,87,88,89,90,91,92,93,94,95,96,97,98,99]
CFO=-1153.2130525941648,STO=4
EsN0dB=11.33,GRXdB=10,N0=0.001258925418369472
packet_number=1110,correct=True,payload=[0,1,2,3,4,5,6,7,8,9,10,11,12,13,14,15,16,17,18,19,20,21,22,23,24,25,26,27,28,29,30,31,32,33,34,35,36,37,38,39,40,41,42,43,44,45,46,47,48,49,50,51,52,53,54,55,56,57,58,59,60,61,62,63,64,65,66,67,68,69,70,71,72,73,74,75,76,77,78,79,80,81,82,83,84,85,86,87,88,89,90,91,92,93,94,95,96,97,98,99]
CFO=-1064.7764509829435,STO=4
EsN0dB=11.33,GRXdB=10,N0=0.001258925418369472
packet_number=1111,correct=False,payload=[0,1,2,3,4,5,6,7,8,9,10,11,12,13,14,15,48,17,18,19,20,21,22,23,24,25,26,27,28,29,30,31,32,33,34,35,36,37,38,39,40,41,42,43,44,45,46,47,48,49,50,51,52,53,54,55,56,57,58,59,60,61,62,63,64,65,66,67,68,69,70,71,72,73,74,75,76,77,78,79,80,81,82,83,84,85,86,87,88,89,90,91,92,93,94,95,96,97,98,99]
CFO=-874.8542069250938,STO=7
EsN0dB=11.27,GRXdB=10,N0=0.001258925418369472
packet_number=1112,correct=True,payload=[0,1,2,3,4,5,6,7,8,9,10,11,12,13,14,15,16,17,18,19,20,21,22,23,24,25,26,27,28,29,30,31,32,33,34,35,36,37,38,39,40,41,42,43,44,45,46,47,48,49,50,51,52,53,54,55,56,57,58,59,60,61,62,63,64,65,66,67,68,69,70,71,72,73,74,75,76,77,78,79,80,81,82,83,84,85,86,87,88,89,90,91,92,93,94,95,96,97,98,99]
CFO=-1125.5475848044396,STO=5
EsN0dB=11.13,GRXdB=10,N0=0.001258925418369472
packet_number=1113,correct=True,payload=[0,1,2,3,4,5,6,7,8,9,10,11,12,13,14,15,16,17,18,19,20,21,22,23,24,25,26,27,28,29,30,31,32,33,34,35,36,37,38,39,40,41,42,43,44,45,46,47,48,49,50,51,52,53,54,55,56,57,58,59,60,61,62,63,64,65,66,67,68,69,70,71,72,73,74,75,76,77,78,79,80,81,82,83,84,85,86,87,88,89,90,91,92,93,94,95,96,97,98,99]
CFO=-1018.4451196926968,STO=5
EsN0dB=11.33,GRXdB=10,N0=0.001258925418369472
packet_number=1114,correct=False,payload=[0,1,2,3,4,5,6,7,8,9,10,11,12,13,14,15,16,17,18,19,20,21,22,23,24,25,26,27,28,29,30,31,32,33,34,35,36,37,38,39,40,41,42,43,44,45,46,47,48,49,50,55,52,53,54,55,56,57,58,59,60,61,62,63,64,65,66,67,68,69,70,71,72,73,74,75,76,77,78,79,80,81,82,83,84,85,86,87,88,89,82,91,92,93,94,95,96,97,98,99]
CFO=-1191.8571008373005,STO=4
EsN0dB=11.31,GRXdB=10,N0=0.001258925418369472
packet_number=1115,correct=False,payload=[0,1,2,3,4,5,6,7,8,9,10,11,12,13,14,15,16,17,18,19,20,21,22,23,24,25,26,27,28,29,30,31,32,33,34,35,36,37,38,39,40,41,42,43,44,45,46,47,48,49,50,51,52,53,54,55,56,57,58,59,60,61,62,63,64,65,66,67,68,69,70,71,72,72,74,75,76,77,78,79,80,81,82,83,84,85,86,87,88,89,90,91,92,93,94,95,96,97,98,99]
CFO=-1175.3857913466647,STO=1
EsN0dB=11.25,GRXdB=10,N0=0.001258925418369472
packet_number=1116,correct=True,payload=[0,1,2,3,4,5,6,7,8,9,10,11,12,13,14,15,16,17,18,19,20,21,22,23,24,25,26,27,28,29,30,31,32,33,34,35,36,37,38,39,40,41,42,43,44,45,46,47,48,49,50,51,52,53,54,55,56,57,58,59,60,61,62,63,64,65,66,67,68,69,70,71,72,73,74,75,76,77,78,79,80,81,82,83,84,85,86,87,88,89,90,91,92,93,94,95,96,97,98,99]
CFO=-1222.975608707421,STO=4
EsN0dB=11.32,GRXdB=10,N0=0.001258925418369472
packet_number=1117,correct=False,payload=[0,1,2,3,4,5,6,7,8,9,10,11,12,13,14,15,16,17,18,19,20,21,22,23,24,25,26,27,28,29,30,31,32,33,34,35,36,37,38,39,40,41,42,43,44,45,46,47,48,49,50,51,52,53,54,55,56,57,58,59,60,61,62,63,64,67,66,67,68,69,70,71,72,73,74,75,76,77,78,79,80,81,82,83,84,85,86,87,88,89,90,91,92,93,94,95,96,97,98,99]
CFO=-930.0852984198018,STO=4
EsN0dB=11.28,GRXdB=10,N0=0.001258925418369472
packet_number=1118,correct=True,payload=[0,1,2,3,4,5,6,7,8,9,10,11,12,13,14,15,16,17,18,19,20,21,22,23,24,25,26,27,28,29,30,31,32,33,34,35,36,37,38,39,40,41,42,43,44,45,46,47,48,49,50,51,52,53,54,55,56,57,58,59,60,61,62,63,64,65,66,67,68,69,70,71,72,73,74,75,76,77,78,79,80,81,82,83,84,85,86,87,88,89,90,91,92,93,94,95,96,97,98,99]
CFO=-1140.2016608049635,STO=2
EsN0dB=11.37,GRXdB=10,N0=0.001258925418369472
packet_number=1119,correct=True,payload=[0,1,2,3,4,5,6,7,8,9,10,11,12,13,14,15,16,17,18,19,20,21,22,23,24,25,26,27,28,29,30,31,32,33,34,35,36,37,38,39,40,41,42,43,44,45,46,47,48,49,50,51,52,53,54,55,56,57,58,59,60,61,62,63,64,65,66,67,68,69,70,71,72,73,74,75,76,77,78,79,80,81,82,83,84,85,86,87,88,89,90,91,92,93,94,95,96,97,98,99]
CFO=-1157.082663066127,STO=5
EsN0dB=11.10,GRXdB=10,N0=0.001258925418369472
packet_number=1120,correct=False,payload=[0,1,2,3,4,5,6,7,8,9,10,11,12,13,14,15,16,17,18,19,20,21,22,23,24,25,26,27,28,29,30,31,32,33,34,35,36,37,38,39,40,41,42,43,44,45,46,47,48,49,50,51,52,53,54,55,56,57,58,59,60,61,62,63,64,65,66,67,68,69,70,71,72,73,74,75,108,77,78,79,80,81,82,83,84,85,86,87,88,89,90,91,92,93,94,95,96,97,98,99]
CFO=-1006.4511414986121,STO=5
EsN0dB=11.26,GRXdB=10,N0=0.001258925418369472
packet_number=1121,correct=True,payload=[0,1,2,3,4,5,6,7,8,9,10,11,12,13,14,15,16,17,18,19,20,21,22,23,24,25,26,27,28,29,30,31,32,33,34,35,36,37,38,39,40,41,42,43,44,45,46,47,48,49,50,51,52,53,54,55,56,57,58,59,60,61,62,63,64,65,66,67,68,69,70,71,72,73,74,75,76,77,78,79,80,81,82,83,84,85,86,87,88,89,90,91,92,93,94,95,96,97,98,99]
CFO=-939.7742656385168,STO=4
EsN0dB=11.31,GRXdB=10,N0=0.001258925418369472
packet_number=1122,correct=True,payload=[0,1,2,3,4,5,6,7,8,9,10,11,12,13,14,15,16,17,18,19,20,21,22,23,24,25,26,27,28,29,30,31,32,33,34,35,36,37,38,39,40,41,42,43,44,45,46,47,48,49,50,51,52,53,54,55,56,57,58,59,60,61,62,63,64,65,66,67,68,69,70,71,72,73,74,75,76,77,78,79,80,81,82,83,84,85,86,87,88,89,90,91,92,93,94,95,96,97,98,99]
CFO=-1171.7584391468265,STO=5
EsN0dB=11.20,GRXdB=10,N0=0.001258925418369472
packet_number=1123,correct=True,payload=[0,1,2,3,4,5,6,7,8,9,10,11,12,13,14,15,16,17,18,19,20,21,22,23,24,25,26,27,28,29,30,31,32,33,34,35,36,37,38,39,40,41,42,43,44,45,46,47,48,49,50,51,52,53,54,55,56,57,58,59,60,61,62,63,64,65,66,67,68,69,70,71,72,73,74,75,76,77,78,79,80,81,82,83,84,85,86,87,88,89,90,91,92,93,94,95,96,97,98,99]
CFO=-1162.500568329632,STO=5
EsN0dB=11.11,GRXdB=10,N0=0.001258925418369472
packet_number=1124,correct=True,payload=[0,1,2,3,4,5,6,7,8,9,10,11,12,13,14,15,16,17,18,19,20,21,22,23,24,25,26,27,28,29,30,31,32,33,34,35,36,37,38,39,40,41,42,43,44,45,46,47,48,49,50,51,52,53,54,55,56,57,58,59,60,61,62,63,64,65,66,67,68,69,70,71,72,73,74,75,76,77,78,79,80,81,82,83,84,85,86,87,88,89,90,91,92,93,94,95,96,97,98,99]
CFO=-1154.4852939067528,STO=5
EsN0dB=11.29,GRXdB=10,N0=0.001258925418369472
packet_number=1125,correct=True,payload=[0,1,2,3,4,5,6,7,8,9,10,11,12,13,14,15,16,17,18,19,20,21,22,23,24,25,26,27,28,29,30,31,32,33,34,35,36,37,38,39,40,41,42,43,44,45,46,47,48,49,50,51,52,53,54,55,56,57,58,59,60,61,62,63,64,65,66,67,68,69,70,71,72,73,74,75,76,77,78,79,80,81,82,83,84,85,86,87,88,89,90,91,92,93,94,95,96,97,98,99]
CFO=-953.6110312422644,STO=4
EsN0dB=11.25,GRXdB=10,N0=0.001258925418369472
packet_number=1126,correct=True,payload=[0,1,2,3,4,5,6,7,8,9,10,11,12,13,14,15,16,17,18,19,20,21,22,23,24,25,26,27,28,29,30,31,32,33,34,35,36,37,38,39,40,41,42,43,44,45,46,47,48,49,50,51,52,53,54,55,56,57,58,59,60,61,62,63,64,65,66,67,68,69,70,71,72,73,74,75,76,77,78,79,80,81,82,83,84,85,86,87,88,89,90,91,92,93,94,95,96,97,98,99]
CFO=-1354.953954799435,STO=4
EsN0dB=11.28,GRXdB=10,N0=0.001258925418369472
packet_number=1127,correct=True,payload=[0,1,2,3,4,5,6,7,8,9,10,11,12,13,14,15,16,17,18,19,20,21,22,23,24,25,26,27,28,29,30,31,32,33,34,35,36,37,38,39,40,41,42,43,44,45,46,47,48,49,50,51,52,53,54,55,56,57,58,59,60,61,62,63,64,65,66,67,68,69,70,71,72,73,74,75,76,77,78,79,80,81,82,83,84,85,86,87,88,89,90,91,92,93,94,95,96,97,98,99]
CFO=-1073.1216140563606,STO=5
EsN0dB=11.24,GRXdB=10,N0=0.001258925418369472
packet_number=1128,correct=True,payload=[0,1,2,3,4,5,6,7,8,9,10,11,12,13,14,15,16,17,18,19,20,21,22,23,24,25,26,27,28,29,30,31,32,33,34,35,36,37,38,39,40,41,42,43,44,45,46,47,48,49,50,51,52,53,54,55,56,57,58,59,60,61,62,63,64,65,66,67,68,69,70,71,72,73,74,75,76,77,78,79,80,81,82,83,84,85,86,87,88,89,90,91,92,93,94,95,96,97,98,99]
CFO=-939.870848782249,STO=5
EsN0dB=11.26,GRXdB=10,N0=0.001258925418369472
packet_number=1129,correct=False,payload=[0,1,2,3,4,5,6,7,8,9,10,11,12,13,14,15,16,17,18,19,20,21,22,23,24,25,26,27,28,29,30,31,32,33,34,35,36,37,38,39,40,41,42,43,44,45,46,47,48,49,50,51,52,53,54,55,56,57,58,59,60,61,62,63,64,65,66,67,68,69,70,71,72,73,74,75,76,77,78,79,80,81,82,83,84,85,86,87,88,121,90,91,92,93,94,95,96,97,98,99]
CFO=-1297.470560994046,STO=4
EsN0dB=11.24,GRXdB=10,N0=0.001258925418369472
packet_number=1130,correct=False,payload=[0,1,2,3,4,5,6,7,8,9,10,11,12,13,14,15,16,17,18,19,20,21,22,23,24,25,26,27,28,29,30,31,32,33,34,35,36,37,38,39,40,41,42,43,44,45,46,47,48,49,50,51,52,53,54,55,56,57,58,59,60,61,62,63,64,65,66,67,68,69,70,71,72,73,74,75,76,77,78,111,80,81,82,83,84,85,86,87,88,89,90,91,92,93,94,95,96,97,98,99]
CFO=-964.1982987744766,STO=4
EsN0dB=11.28,GRXdB=10,N0=0.001258925418369472
packet_number=1131,correct=True,payload=[0,1,2,3,4,5,6,7,8,9,10,11,12,13,14,15,16,17,18,19,20,21,22,23,24,25,26,27,28,29,30,31,32,33,34,35,36,37,38,39,40,41,42,43,44,45,46,47,48,49,50,51,52,53,54,55,56,57,58,59,60,61,62,63,64,65,66,67,68,69,70,71,72,73,74,75,76,77,78,79,80,81,82,83,84,85,86,87,88,89,90,91,92,93,94,95,96,97,98,99]
CFO=-887.8029293570667,STO=5
EsN0dB=11.30,GRXdB=10,N0=0.001258925418369472
packet_number=1132,correct=True,payload=[0,1,2,3,4,5,6,7,8,9,10,11,12,13,14,15,16,17,18,19,20,21,22,23,24,25,26,27,28,29,30,31,32,33,34,35,36,37,38,39,40,41,42,43,44,45,46,47,48,49,50,51,52,53,54,55,56,57,58,59,60,61,62,63,64,65,66,67,68,69,70,71,72,73,74,75,76,77,78,79,80,81,82,83,84,85,86,87,88,89,90,91,92,93,94,95,96,97,98,99]
CFO=-977.759722377308,STO=4
EsN0dB=11.15,GRXdB=10,N0=0.001258925418369472
packet_number=1133,correct=True,payload=[0,1,2,3,4,5,6,7,8,9,10,11,12,13,14,15,16,17,18,19,20,21,22,23,24,25,26,27,28,29,30,31,32,33,34,35,36,37,38,39,40,41,42,43,44,45,46,47,48,49,50,51,52,53,54,55,56,57,58,59,60,61,62,63,64,65,66,67,68,69,70,71,72,73,74,75,76,77,78,79,80,81,82,83,84,85,86,87,88,89,90,91,92,93,94,95,96,97,98,99]
CFO=-1088.042494321338,STO=4
EsN0dB=11.21,GRXdB=10,N0=0.001258925418369472
packet_number=1134,correct=False,payload=[0,1,2,3,4,5,6,7,8,9,10,11,12,13,14,15,16,17,18,19,20,21,22,23,24,25,26,27,28,29,30,31,32,33,34,43,36,37,38,39,40,41,42,43,44,45,46,47,48,49,50,51,52,53,54,55,56,57,58,59,60,61,62,63,64,65,66,67,68,69,70,71,72,73,74,75,76,77,78,79,80,81,82,83,84,85,86,87,88,89,90,91,92,93,94,95,96,97,98,99]
CFO=-919.6687263270034,STO=5
EsN0dB=11.31,GRXdB=10,N0=0.001258925418369472
packet_number=1135,correct=False,payload=[0,1,2,3,4,5,6,7,8,9,10,11,12,13,14,15,16,17,18,19,20,21,22,23,24,25,26,27,28,29,30,31,32,33,34,35,36,37,38,39,40,41,42,43,44,45,46,47,48,49,50,51,52,53,54,55,56,57,58,59,60,61,62,63,64,65,66,67,68,69,70,71,72,73,74,75,76,77,78,79,80,17,82,83,84,85,86,87,88,89,90,91,92,93,94,95,96,97,98,99]
CFO=-1084.3915447665547,STO=4
EsN0dB=11.16,GRXdB=10,N0=0.001258925418369472
packet_number=1136,correct=True,payload=[0,1,2,3,4,5,6,7,8,9,10,11,12,13,14,15,16,17,18,19,20,21,22,23,24,25,26,27,28,29,30,31,32,33,34,35,36,37,38,39,40,41,42,43,44,45,46,47,48,49,50,51,52,53,54,55,56,57,58,59,60,61,62,63,64,65,66,67,68,69,70,71,72,73,74,75,76,77,78,79,80,81,82,83,84,85,86,87,88,89,90,91,92,93,94,95,96,97,98,99]
CFO=-997.4695613197184,STO=4
EsN0dB=11.31,GRXdB=10,N0=0.001258925418369472
packet_number=1137,correct=True,payload=[0,1,2,3,4,5,6,7,8,9,10,11,12,13,14,15,16,17,18,19,20,21,22,23,24,25,26,27,28,29,30,31,32,33,34,35,36,37,38,39,40,41,42,43,44,45,46,47,48,49,50,51,52,53,54,55,56,57,58,59,60,61,62,63,64,65,66,67,68,69,70,71,72,73,74,75,76,77,78,79,80,81,82,83,84,85,86,87,88,89,90,91,92,93,94,95,96,97,98,99]
CFO=-910.3118414827783,STO=5
EsN0dB=11.17,GRXdB=10,N0=0.001258925418369472
packet_number=1138,correct=False,payload=[0,1,2,3,4,5,6,7,8,9,10,11,12,13,14,15,16,17,18,19,20,21,22,23,24,25,26,27,28,29,30,31,32,33,34,35,36,37,38,39,40,41,42,43,44,45,46,47,48,49,50,51,52,53,54,55,56,57,58,59,60,61,62,63,64,65,66,67,68,69,70,71,72,73,74,75,76,77,78,79,80,81,82,83,84,85,86,87,88,89,90,91,92,93,94,95,96,97,34,99]
CFO=-957.9251376188064,STO=4
EsN0dB=11.21,GRXdB=10,N0=0.001258925418369472
packet_number=1139,correct=True,payload=[0,1,2,3,4,5,6,7,8,9,10,11,12,13,14,15,16,17,18,19,20,21,22,23,24,25,26,27,28,29,30,31,32,33,34,35,36,37,38,39,40,41,42,43,44,45,46,47,48,49,50,51,52,53,54,55,56,57,58,59,60,61,62,63,64,65,66,67,68,69,70,71,72,73,74,75,76,77,78,79,80,81,82,83,84,85,86,87,88,89,90,91,92,93,94,95,96,97,98,99]
CFO=-976.5457036842075,STO=4
EsN0dB=11.21,GRXdB=10,N0=0.001258925418369472
packet_number=1140,correct=False,payload=[0,1,2,3,4,5,6,7,8,9,10,11,12,13,14,15,16,17,18,19,20,21,22,23,24,25,26,27,28,29,30,31,32,33,34,35,36,37,38,39,40,41,42,43,44,45,46,47,48,49,50,51,52,53,54,55,56,57,58,59,60,61,62,63,64,65,66,67,68,69,70,71,72,73,74,75,76,77,78,79,80,81,82,83,84,85,86,87,92,89,90,91,92,93,94,95,96,97,98,99]
CFO=-977.5487691388801,STO=5
EsN0dB=11.23,GRXdB=10,N0=0.001258925418369472
packet_number=1141,correct=False,payload=[0,1,2,3,4,5,6,7,8,9,10,11,12,13,14,15,16,17,18,19,20,21,23,23,24,57,26,27,28,29,30,31,32,33,34,35,36,37,38,39,40,41,42,43,44,45,46,47,48,49,50,51,52,53,54,55,56,57,58,59,60,61,62,63,64,65,66,67,68,69,70,71,72,73,74,75,76,77,78,79,80,81,82,83,84,85,86,87,88,89,90,91,92,93,94,95,96,97,98,99]
CFO=-1161.168088543114,STO=6
EsN0dB=11.29,GRXdB=10,N0=0.001258925418369472
packet_number=1142,correct=False,payload=[0,1,2,3,4,21,6,7,8,9,10,11,12,13,14,15,16,17,18,19,20,21,22,23,24,25,26,27,28,29,30,31,32,33,34,35,32,37,38,39,40,41,42,43,44,45,46,47,48,49,50,51,52,53,54,55,56,57,58,59,60,61,62,63,64,65,66,67,68,69,70,71,72,73,74,75,76,77,78,79,80,81,82,83,84,85,86,87,88,89,90,91,92,93,94,95,96,97,98,99]
CFO=-1076.5770257302177,STO=5
EsN0dB=11.07,GRXdB=10,N0=0.001258925418369472
packet_number=1143,correct=False,payload=[0,1,2,3,4,5,6,7,8,9,10,11,12,13,14,15,16,17,18,19,20,21,22,23,24,25,26,27,28,29,30,31,32,33,34,35,36,37,38,39,40,41,42,43,44,45,46,47,176,49,50,51,52,53,54,55,56,57,58,59,60,61,62,63,64,65,66,67,68,69,70,71,72,73,74,75,76,77,78,79,80,81,82,83,84,85,86,87,88,89,90,91,92,93,94,95,96,97,98,99]
CFO=-1122.7593023713896,STO=5
EsN0dB=11.14,GRXdB=10,N0=0.001258925418369472
packet_number=1144,correct=True,payload=[0,1,2,3,4,5,6,7,8,9,10,11,12,13,14,15,16,17,18,19,20,21,22,23,24,25,26,27,28,29,30,31,32,33,34,35,36,37,38,39,40,41,42,43,44,45,46,47,48,49,50,51,52,53,54,55,56,57,58,59,60,61,62,63,64,65,66,67,68,69,70,71,72,73,74,75,76,77,78,79,80,81,82,83,84,85,86,87,88,89,90,91,92,93,94,95,96,97,98,99]
CFO=-1097.1383853050909,STO=2
EsN0dB=11.23,GRXdB=10,N0=0.001258925418369472
packet_number=1145,correct=True,payload=[0,1,2,3,4,5,6,7,8,9,10,11,12,13,14,15,16,17,18,19,20,21,22,23,24,25,26,27,28,29,30,31,32,33,34,35,36,37,38,39,40,41,42,43,44,45,46,47,48,49,50,51,52,53,54,55,56,57,58,59,60,61,62,63,64,65,66,67,68,69,70,71,72,73,74,75,76,77,78,79,80,81,82,83,84,85,86,87,88,89,90,91,92,93,94,95,96,97,98,99]
CFO=-921.8423510245888,STO=5
EsN0dB=11.23,GRXdB=10,N0=0.001258925418369472
packet_number=1146,correct=True,payload=[0,1,2,3,4,5,6,7,8,9,10,11,12,13,14,15,16,17,18,19,20,21,22,23,24,25,26,27,28,29,30,31,32,33,34,35,36,37,38,39,40,41,42,43,44,45,46,47,48,49,50,51,52,53,54,55,56,57,58,59,60,61,62,63,64,65,66,67,68,69,70,71,72,73,74,75,76,77,78,79,80,81,82,83,84,85,86,87,88,89,90,91,92,93,94,95,96,97,98,99]
CFO=-1043.597409890942,STO=4
EsN0dB=11.11,GRXdB=10,N0=0.001258925418369472
packet_number=1147,correct=False,payload=[0,1,2,3,4,5,38,7,8,9,10,11,12,13,14,15,16,17,18,19,20,21,22,23,24,25,26,27,28,29,30,31,32,33,34,35,36,37,38,39,40,41,42,43,44,45,46,47,48,49,50,51,52,53,54,55,56,57,58,59,60,61,62,63,64,65,66,67,68,69,70,71,72,73,74,75,76,77,78,79,80,81,82,83,84,85,86,87,88,89,90,91,92,93,94,95,96,97,98,99]
CFO=-1099.3710033900388,STO=5
EsN0dB=11.31,GRXdB=10,N0=0.001258925418369472
packet_number=1148,correct=False,payload=[0,1,2,3,4,5,6,7,8,9,10,11,12,13,14,15,16,17,18,19,20,21,22,23,24,25,26,27,28,29,30,31,32,33,34,35,36,37,38,39,40,41,42,43,44,45,46,47,48,49,50,51,52,53,54,55,56,57,58,59,124,61,62,63,64,65,66,67,68,69,70,71,72,73,74,75,76,77,78,79,80,81,82,83,84,85,86,87,88,89,90,91,92,93,94,95,96,97,98,99]
CFO=-1056.3312066654382,STO=4
EsN0dB=11.18,GRXdB=10,N0=0.001258925418369472
packet_number=1149,correct=True,payload=[0,1,2,3,4,5,6,7,8,9,10,11,12,13,14,15,16,17,18,19,20,21,22,23,24,25,26,27,28,29,30,31,32,33,34,35,36,37,38,39,40,41,42,43,44,45,46,47,48,49,50,51,52,53,54,55,56,57,58,59,60,61,62,63,64,65,66,67,68,69,70,71,72,73,74,75,76,77,78,79,80,81,82,83,84,85,86,87,88,89,90,91,92,93,94,95,96,97,98,99]
CFO=-998.5466204903994,STO=4
EsN0dB=11.30,GRXdB=10,N0=0.001258925418369472
packet_number=1150,correct=True,payload=[0,1,2,3,4,5,6,7,8,9,10,11,12,13,14,15,16,17,18,19,20,21,22,23,24,25,26,27,28,29,30,31,32,33,34,35,36,37,38,39,40,41,42,43,44,45,46,47,48,49,50,51,52,53,54,55,56,57,58,59,60,61,62,63,64,65,66,67,68,69,70,71,72,73,74,75,76,77,78,79,80,81,82,83,84,85,86,87,88,89,90,91,92,93,94,95,96,97,98,99]
CFO=-1126.1108382516195,STO=4
EsN0dB=11.23,GRXdB=10,N0=0.001258925418369472
packet_number=1151,correct=False,payload=[0,1,2,3,4,5,6,7,8,9,10,11,12,13,14,15,16,17,18,19,20,21,22,23,24,25,26,27,28,29,30,31,32,33,34,35,36,5,38,39,40,41,42,43,44,45,46,47,48,49,50,51,52,53,54,55,56,57,58,59,60,61,62,63,64,65,66,67,68,69,70,71,72,73,74,75,76,77,78,79,80,81,82,83,84,85,86,87,88,89,90,91,92,93,94,95,96,97,98,99]
CFO=-989.9334673557979,STO=4
EsN0dB=11.29,GRXdB=10,N0=0.001258925418369472
packet_number=1152,correct=False,payload=[0,1,2,3,4,5,6,7,8,9,10,11,12,13,14,15,16,17,18,19,20,21,22,23,24,25,26,27,28,29,30,31,32,33,34,35,36,37,38,39,40,41,42,43,44,45,46,47,48,49,50,51,52,53,54,55,56,57,58,59,60,61,62,63,64,65,2,67,68,69,70,71,72,73,74,75,76,77,78,79,80,81,82,83,84,85,86,87,88,89,90,91,92,93,94,95,96,97,98,99]
CFO=-1168.4950079637028,STO=4
EsN0dB=11.22,GRXdB=10,N0=0.001258925418369472
packet_number=1153,correct=True,payload=[0,1,2,3,4,5,6,7,8,9,10,11,12,13,14,15,16,17,18,19,20,21,22,23,24,25,26,27,28,29,30,31,32,33,34,35,36,37,38,39,40,41,42,43,44,45,46,47,48,49,50,51,52,53,54,55,56,57,58,59,60,61,62,63,64,65,66,67,68,69,70,71,72,73,74,75,76,77,78,79,80,81,82,83,84,85,86,87,88,89,90,91,92,93,94,95,96,97,98,99]
CFO=-1177.9580216153438,STO=5
EsN0dB=11.37,GRXdB=10,N0=0.001258925418369472
packet_number=1154,correct=False,payload=[0,1,2,3,4,5,6,7,8,9,10,11,12,13,14,15,16,17,18,19,20,21,22,23,24,25,26,27,28,31,30,31,32,33,34,35,36,37,38,39,40,41,42,43,44,45,46,47,48,49,50,51,52,53,54,55,56,57,58,59,60,61,62,63,64,65,66,67,68,69,70,71,72,73,74,75,76,77,78,79,80,81,82,83,84,85,86,87,88,89,90,91,92,93,94,95,96,97,98,99]
CFO=-1112.7761982735735,STO=4
EsN0dB=11.24,GRXdB=10,N0=0.001258925418369472
packet_number=1155,correct=True,payload=[0,1,2,3,4,5,6,7,8,9,10,11,12,13,14,15,16,17,18,19,20,21,22,23,24,25,26,27,28,29,30,31,32,33,34,35,36,37,38,39,40,41,42,43,44,45,46,47,48,49,50,51,52,53,54,55,56,57,58,59,60,61,62,63,64,65,66,67,68,69,70,71,72,73,74,75,76,77,78,79,80,81,82,83,84,85,86,87,88,89,90,91,92,93,94,95,96,97,98,99]
CFO=-1202.8869077094864,STO=4
EsN0dB=11.28,GRXdB=10,N0=0.001258925418369472
packet_number=1156,correct=True,payload=[0,1,2,3,4,5,6,7,8,9,10,11,12,13,14,15,16,17,18,19,20,21,22,23,24,25,26,27,28,29,30,31,32,33,34,35,36,37,38,39,40,41,42,43,44,45,46,47,48,49,50,51,52,53,54,55,56,57,58,59,60,61,62,63,64,65,66,67,68,69,70,71,72,73,74,75,76,77,78,79,80,81,82,83,84,85,86,87,88,89,90,91,92,93,94,95,96,97,98,99]
CFO=-1101.5076905194567,STO=4
EsN0dB=11.23,GRXdB=10,N0=0.001258925418369472
packet_number=1157,correct=True,payload=[0,1,2,3,4,5,6,7,8,9,10,11,12,13,14,15,16,17,18,19,20,21,22,23,24,25,26,27,28,29,30,31,32,33,34,35,36,37,38,39,40,41,42,43,44,45,46,47,48,49,50,51,52,53,54,55,56,57,58,59,60,61,62,63,64,65,66,67,68,69,70,71,72,73,74,75,76,77,78,79,80,81,82,83,84,85,86,87,88,89,90,91,92,93,94,95,96,97,98,99]
CFO=-985.7218731066426,STO=4
EsN0dB=11.25,GRXdB=10,N0=0.001258925418369472
packet_number=1158,correct=True,payload=[0,1,2,3,4,5,6,7,8,9,10,11,12,13,14,15,16,17,18,19,20,21,22,23,24,25,26,27,28,29,30,31,32,33,34,35,36,37,38,39,40,41,42,43,44,45,46,47,48,49,50,51,52,53,54,55,56,57,58,59,60,61,62,63,64,65,66,67,68,69,70,71,72,73,74,75,76,77,78,79,80,81,82,83,84,85,86,87,88,89,90,91,92,93,94,95,96,97,98,99]
CFO=-985.4911170628086,STO=4
EsN0dB=11.21,GRXdB=10,N0=0.001258925418369472
packet_number=1159,correct=True,payload=[0,1,2,3,4,5,6,7,8,9,10,11,12,13,14,15,16,17,18,19,20,21,22,23,24,25,26,27,28,29,30,31,32,33,34,35,36,37,38,39,40,41,42,43,44,45,46,47,48,49,50,51,52,53,54,55,56,57,58,59,60,61,62,63,64,65,66,67,68,69,70,71,72,73,74,75,76,77,78,79,80,81,82,83,84,85,86,87,88,89,90,91,92,93,94,95,96,97,98,99]
CFO=-838.6584731922575,STO=4
EsN0dB=11.28,GRXdB=10,N0=0.001258925418369472
packet_number=1160,correct=True,payload=[0,1,2,3,4,5,6,7,8,9,10,11,12,13,14,15,16,17,18,19,20,21,22,23,24,25,26,27,28,29,30,31,32,33,34,35,36,37,38,39,40,41,42,43,44,45,46,47,48,49,50,51,52,53,54,55,56,57,58,59,60,61,62,63,64,65,66,67,68,69,70,71,72,73,74,75,76,77,78,79,80,81,82,83,84,85,86,87,88,89,90,91,92,93,94,95,96,97,98,99]
CFO=-1218.2502087347646,STO=4
EsN0dB=11.36,GRXdB=10,N0=0.001258925418369472
packet_number=1161,correct=True,payload=[0,1,2,3,4,5,6,7,8,9,10,11,12,13,14,15,16,17,18,19,20,21,22,23,24,25,26,27,28,29,30,31,32,33,34,35,36,37,38,39,40,41,42,43,44,45,46,47,48,49,50,51,52,53,54,55,56,57,58,59,60,61,62,63,64,65,66,67,68,69,70,71,72,73,74,75,76,77,78,79,80,81,82,83,84,85,86,87,88,89,90,91,92,93,94,95,96,97,98,99]
CFO=-1050.3200472974615,STO=5
EsN0dB=11.20,GRXdB=10,N0=0.001258925418369472
packet_number=1162,correct=True,payload=[0,1,2,3,4,5,6,7,8,9,10,11,12,13,14,15,16,17,18,19,20,21,22,23,24,25,26,27,28,29,30,31,32,33,34,35,36,37,38,39,40,41,42,43,44,45,46,47,48,49,50,51,52,53,54,55,56,57,58,59,60,61,62,63,64,65,66,67,68,69,70,71,72,73,74,75,76,77,78,79,80,81,82,83,84,85,86,87,88,89,90,91,92,93,94,95,96,97,98,99]
CFO=-1089.7690143615357,STO=4
EsN0dB=11.27,GRXdB=10,N0=0.001258925418369472
packet_number=1163,correct=True,payload=[0,1,2,3,4,5,6,7,8,9,10,11,12,13,14,15,16,17,18,19,20,21,22,23,24,25,26,27,28,29,30,31,32,33,34,35,36,37,38,39,40,41,42,43,44,45,46,47,48,49,50,51,52,53,54,55,56,57,58,59,60,61,62,63,64,65,66,67,68,69,70,71,72,73,74,75,76,77,78,79,80,81,82,83,84,85,86,87,88,89,90,91,92,93,94,95,96,97,98,99]
CFO=-1152.2533872998433,STO=4
EsN0dB=11.18,GRXdB=10,N0=0.001258925418369472
packet_number=1164,correct=True,payload=[0,1,2,3,4,5,6,7,8,9,10,11,12,13,14,15,16,17,18,19,20,21,22,23,24,25,26,27,28,29,30,31,32,33,34,35,36,37,38,39,40,41,42,43,44,45,46,47,48,49,50,51,52,53,54,55,56,57,58,59,60,61,62,63,64,65,66,67,68,69,70,71,72,73,74,75,76,77,78,79,80,81,82,83,84,85,86,87,88,89,90,91,92,93,94,95,96,97,98,99]
CFO=-1185.2685770410462,STO=4
EsN0dB=11.30,GRXdB=10,N0=0.001258925418369472
packet_number=1165,correct=False,payload=[0,1,2,3,4,4,6,7,8,9,10,11,12,13,14,15,16,17,18,19,20,21,22,23,24,25,26,27,28,29,30,31,32,33,34,35,36,37,38,39,40,41,42,43,44,45,46,47,48,49,50,51,52,53,54,55,56,57,58,59,60,61,62,63,64,65,66,67,68,69,70,71,72,73,74,75,76,77,78,79,80,81,82,83,84,85,86,87,88,89,90,91,92,93,94,95,96,97,98,99]
CFO=-868.5068741839056,STO=5
EsN0dB=11.16,GRXdB=10,N0=0.001258925418369472
packet_number=1166,correct=True,payload=[0,1,2,3,4,5,6,7,8,9,10,11,12,13,14,15,16,17,18,19,20,21,22,23,24,25,26,27,28,29,30,31,32,33,34,35,36,37,38,39,40,41,42,43,44,45,46,47,48,49,50,51,52,53,54,55,56,57,58,59,60,61,62,63,64,65,66,67,68,69,70,71,72,73,74,75,76,77,78,79,80,81,82,83,84,85,86,87,88,89,90,91,92,93,94,95,96,97,98,99]
CFO=-1087.2609356959986,STO=5
EsN0dB=11.31,GRXdB=10,N0=0.001258925418369472
packet_number=1167,correct=True,payload=[0,1,2,3,4,5,6,7,8,9,10,11,12,13,14,15,16,17,18,19,20,21,22,23,24,25,26,27,28,29,30,31,32,33,34,35,36,37,38,39,40,41,42,43,44,45,46,47,48,49,50,51,52,53,54,55,56,57,58,59,60,61,62,63,64,65,66,67,68,69,70,71,72,73,74,75,76,77,78,79,80,81,82,83,84,85,86,87,88,89,90,91,92,93,94,95,96,97,98,99]
CFO=-1058.828376001051,STO=5
EsN0dB=11.30,GRXdB=10,N0=0.001258925418369472
packet_number=1168,correct=True,payload=[0,1,2,3,4,5,6,7,8,9,10,11,12,13,14,15,16,17,18,19,20,21,22,23,24,25,26,27,28,29,30,31,32,33,34,35,36,37,38,39,40,41,42,43,44,45,46,47,48,49,50,51,52,53,54,55,56,57,58,59,60,61,62,63,64,65,66,67,68,69,70,71,72,73,74,75,76,77,78,79,80,81,82,83,84,85,86,87,88,89,90,91,92,93,94,95,96,97,98,99]
CFO=-813.4841864646542,STO=4
EsN0dB=11.19,GRXdB=10,N0=0.001258925418369472
packet_number=1169,correct=True,payload=[0,1,2,3,4,5,6,7,8,9,10,11,12,13,14,15,16,17,18,19,20,21,22,23,24,25,26,27,28,29,30,31,32,33,34,35,36,37,38,39,40,41,42,43,44,45,46,47,48,49,50,51,52,53,54,55,56,57,58,59,60,61,62,63,64,65,66,67,68,69,70,71,72,73,74,75,76,77,78,79,80,81,82,83,84,85,86,87,88,89,90,91,92,93,94,95,96,97,98,99]
CFO=-1119.2868152246074,STO=4
EsN0dB=11.29,GRXdB=10,N0=0.001258925418369472
packet_number=1170,correct=True,payload=[0,1,2,3,4,5,6,7,8,9,10,11,12,13,14,15,16,17,18,19,20,21,22,23,24,25,26,27,28,29,30,31,32,33,34,35,36,37,38,39,40,41,42,43,44,45,46,47,48,49,50,51,52,53,54,55,56,57,58,59,60,61,62,63,64,65,66,67,68,69,70,71,72,73,74,75,76,77,78,79,80,81,82,83,84,85,86,87,88,89,90,91,92,93,94,95,96,97,98,99]
CFO=-1005.4248344280138,STO=4
EsN0dB=11.23,GRXdB=10,N0=0.001258925418369472
packet_number=1171,correct=True,payload=[0,1,2,3,4,5,6,7,8,9,10,11,12,13,14,15,16,17,18,19,20,21,22,23,24,25,26,27,28,29,30,31,32,33,34,35,36,37,38,39,40,41,42,43,44,45,46,47,48,49,50,51,52,53,54,55,56,57,58,59,60,61,62,63,64,65,66,67,68,69,70,71,72,73,74,75,76,77,78,79,80,81,82,83,84,85,86,87,88,89,90,91,92,93,94,95,96,97,98,99]
CFO=-1344.0295652566265,STO=4
EsN0dB=11.30,GRXdB=10,N0=0.001258925418369472
packet_number=1172,correct=True,payload=[0,1,2,3,4,5,6,7,8,9,10,11,12,13,14,15,16,17,18,19,20,21,22,23,24,25,26,27,28,29,30,31,32,33,34,35,36,37,38,39,40,41,42,43,44,45,46,47,48,49,50,51,52,53,54,55,56,57,58,59,60,61,62,63,64,65,66,67,68,69,70,71,72,73,74,75,76,77,78,79,80,81,82,83,84,85,86,87,88,89,90,91,92,93,94,95,96,97,98,99]
CFO=-1059.7736931549284,STO=4
EsN0dB=11.19,GRXdB=10,N0=0.001258925418369472
packet_number=1173,correct=True,payload=[0,1,2,3,4,5,6,7,8,9,10,11,12,13,14,15,16,17,18,19,20,21,22,23,24,25,26,27,28,29,30,31,32,33,34,35,36,37,38,39,40,41,42,43,44,45,46,47,48,49,50,51,52,53,54,55,56,57,58,59,60,61,62,63,64,65,66,67,68,69,70,71,72,73,74,75,76,77,78,79,80,81,82,83,84,85,86,87,88,89,90,91,92,93,94,95,96,97,98,99]
CFO=-1162.2967298715894,STO=5
EsN0dB=11.35,GRXdB=10,N0=0.001258925418369472
packet_number=1174,correct=True,payload=[0,1,2,3,4,5,6,7,8,9,10,11,12,13,14,15,16,17,18,19,20,21,22,23,24,25,26,27,28,29,30,31,32,33,34,35,36,37,38,39,40,41,42,43,44,45,46,47,48,49,50,51,52,53,54,55,56,57,58,59,60,61,62,63,64,65,66,67,68,69,70,71,72,73,74,75,76,77,78,79,80,81,82,83,84,85,86,87,88,89,90,91,92,93,94,95,96,97,98,99]
CFO=-869.5346042105809,STO=4
EsN0dB=11.34,GRXdB=10,N0=0.001258925418369472
packet_number=1175,correct=True,payload=[0,1,2,3,4,5,6,7,8,9,10,11,12,13,14,15,16,17,18,19,20,21,22,23,24,25,26,27,28,29,30,31,32,33,34,35,36,37,38,39,40,41,42,43,44,45,46,47,48,49,50,51,52,53,54,55,56,57,58,59,60,61,62,63,64,65,66,67,68,69,70,71,72,73,74,75,76,77,78,79,80,81,82,83,84,85,86,87,88,89,90,91,92,93,94,95,96,97,98,99]
CFO=-1032.1014663238373,STO=4
EsN0dB=11.25,GRXdB=10,N0=0.001258925418369472
packet_number=1176,correct=False,payload=[0,1,2,3,4,5,6,7,8,9,10,11,12,13,14,15,16,17,18,19,20,21,22,23,24,25,26,91,28,29,30,31,32,33,34,35,36,37,38,39,40,41,42,43,44,45,46,47,48,49,50,51,52,53,54,55,56,57,58,27,60,61,62,63,64,65,66,67,68,69,70,71,72,73,74,75,76,77,78,79,80,81,82,83,84,85,86,87,88,89,90,91,92,93,94,95,96,97,98,99]
CFO=-1117.5574492722556,STO=5
EsN0dB=11.37,GRXdB=10,N0=0.001258925418369472
packet_number=1177,correct=False,payload=[0,1,2,3,4,5,6,7,8,9,10,11,12,13,14,15,16,17,18,19,20,21,22,23,24,25,26,27,28,29,30,31,32,33,34,35,36,37,38,39,40,41,42,43,46,45,46,47,48,49,50,51,52,53,54,55,56,57,58,59,60,61,62,63,64,65,66,67,68,69,70,71,72,73,74,75,76,77,78,79,80,81,82,83,84,85,86,87,88,89,90,91,92,93,94,95,96,97,98,99]
CFO=-1054.6718027202098,STO=4
EsN0dB=11.34,GRXdB=10,N0=0.001258925418369472
packet_number=1178,correct=True,payload=[0,1,2,3,4,5,6,7,8,9,10,11,12,13,14,15,16,17,18,19,20,21,22,23,24,25,26,27,28,29,30,31,32,33,34,35,36,37,38,39,40,41,42,43,44,45,46,47,48,49,50,51,52,53,54,55,56,57,58,59,60,61,62,63,64,65,66,67,68,69,70,71,72,73,74,75,76,77,78,79,80,81,82,83,84,85,86,87,88,89,90,91,92,93,94,95,96,97,98,99]
CFO=-994.1348044632309,STO=5
EsN0dB=11.32,GRXdB=10,N0=0.001258925418369472
packet_number=1179,correct=False,payload=[0,1,2,3,4,5,6,7,8,9,10,11,12,13,14,15,16,17,18,19,20,21,22,23,24,25,26,27,28,29,30,31,32,33,34,35,36,37,38,39,40,41,42,43,44,45,46,47,48,49,50,51,52,53,54,55,56,57,58,59,60,61,62,63,64,65,66,67,68,69,70,71,72,73,74,75,76,77,78,79,80,81,82,83,92,85,86,87,88,89,90,91,92,93,94,95,96,97,98,99]
CFO=-1044.5630041689178,STO=4
EsN0dB=11.31,GRXdB=10,N0=0.001258925418369472
packet_number=1180,correct=True,payload=[0,1,2,3,4,5,6,7,8,9,10,11,12,13,14,15,16,17,18,19,20,21,22,23,24,25,26,27,28,29,30,31,32,33,34,35,36,37,38,39,40,41,42,43,44,45,46,47,48,49,50,51,52,53,54,55,56,57,58,59,60,61,62,63,64,65,66,67,68,69,70,71,72,73,74,75,76,77,78,79,80,81,82,83,84,85,86,87,88,89,90,91,92,93,94,95,96,97,98,99]
CFO=-916.5743897577069,STO=4
EsN0dB=11.24,GRXdB=10,N0=0.001258925418369472
packet_number=1181,correct=False,payload=[0,1,2,3,4,5,6,7,8,9,10,11,12,13,14,15,16,17,18,19,20,21,22,23,24,25,26,27,28,29,30,31,32,33,34,35,36,37,38,39,40,41,42,43,44,45,46,47,48,49,50,51,52,53,54,55,56,57,58,59,60,61,62,63,64,65,66,67,68,69,70,71,64,73,74,75,76,77,78,79,80,81,82,83,84,85,86,87,88,89,90,91,92,93,94,95,96,97,98,99]
CFO=-1183.6898072735194,STO=4
EsN0dB=11.31,GRXdB=10,N0=0.001258925418369472
packet_number=1182,correct=True,payload=[0,1,2,3,4,5,6,7,8,9,10,11,12,13,14,15,16,17,18,19,20,21,22,23,24,25,26,27,28,29,30,31,32,33,34,35,36,37,38,39,40,41,42,43,44,45,46,47,48,49,50,51,52,53,54,55,56,57,58,59,60,61,62,63,64,65,66,67,68,69,70,71,72,73,74,75,76,77,78,79,80,81,82,83,84,85,86,87,88,89,90,91,92,93,94,95,96,97,98,99]
CFO=-1089.083030952707,STO=5
EsN0dB=11.30,GRXdB=10,N0=0.001258925418369472
packet_number=1183,correct=True,payload=[0,1,2,3,4,5,6,7,8,9,10,11,12,13,14,15,16,17,18,19,20,21,22,23,24,25,26,27,28,29,30,31,32,33,34,35,36,37,38,39,40,41,42,43,44,45,46,47,48,49,50,51,52,53,54,55,56,57,58,59,60,61,62,63,64,65,66,67,68,69,70,71,72,73,74,75,76,77,78,79,80,81,82,83,84,85,86,87,88,89,90,91,92,93,94,95,96,97,98,99]
CFO=-1054.0794972531228,STO=4
EsN0dB=11.17,GRXdB=10,N0=0.001258925418369472
packet_number=1184,correct=False,payload=[0,1,2,3,4,5,6,7,8,9,10,11,12,13,14,15,16,17,18,19,20,21,22,23,24,25,26,27,28,29,30,31,32,33,34,35,36,37,38,39,40,41,42,43,44,45,46,47,48,49,50,51,52,53,54,55,56,57,58,59,60,61,62,63,0,65,66,67,68,69,70,71,72,73,74,75,76,77,78,79,80,81,82,83,84,85,86,87,88,89,90,91,92,93,94,95,96,97,98,99]
CFO=-1234.9209692355387,STO=4
EsN0dB=11.43,GRXdB=10,N0=0.001258925418369472
packet_number=1185,correct=False,payload=[0,1,2,3,4,5,6,7,8,9,10,11,12,13,14,15,16,17,18,19,20,21,22,23,24,25,26,27,28,29,30,31,32,33,34,35,36,37,38,39,40,41,42,43,44,45,46,47,48,49,50,51,52,53,54,55,56,57,58,59,60,61,62,63,64,65,66,67,68,69,70,71,72,73,74,75,76,77,78,79,80,81,82,83,116,85,86,87,88,89,90,91,92,93,94,95,96,97,98,99]
CFO=-853.6358566714626,STO=4
EsN0dB=11.14,GRXdB=10,N0=0.001258925418369472
packet_number=1186,correct=True,payload=[0,1,2,3,4,5,6,7,8,9,10,11,12,13,14,15,16,17,18,19,20,21,22,23,24,25,26,27,28,29,30,31,32,33,34,35,36,37,38,39,40,41,42,43,44,45,46,47,48,49,50,51,52,53,54,55,56,57,58,59,60,61,62,63,64,65,66,67,68,69,70,71,72,73,74,75,76,77,78,79,80,81,82,83,84,85,86,87,88,89,90,91,92,93,94,95,96,97,98,99]
CFO=-1178.0546640489126,STO=5
EsN0dB=11.25,GRXdB=10,N0=0.001258925418369472
packet_number=1187,correct=True,payload=[0,1,2,3,4,5,6,7,8,9,10,11,12,13,14,15,16,17,18,19,20,21,22,23,24,25,26,27,28,29,30,31,32,33,34,35,36,37,38,39,40,41,42,43,44,45,46,47,48,49,50,51,52,53,54,55,56,57,58,59,60,61,62,63,64,65,66,67,68,69,70,71,72,73,74,75,76,77,78,79,80,81,82,83,84,85,86,87,88,89,90,91,92,93,94,95,96,97,98,99]
CFO=-838.6374845901205,STO=4
EsN0dB=11.32,GRXdB=10,N0=0.001258925418369472
packet_number=1188,correct=True,payload=[0,1,2,3,4,5,6,7,8,9,10,11,12,13,14,15,16,17,18,19,20,21,22,23,24,25,26,27,28,29,30,31,32,33,34,35,36,37,38,39,40,41,42,43,44,45,46,47,48,49,50,51,52,53,54,55,56,57,58,59,60,61,62,63,64,65,66,67,68,69,70,71,72,73,74,75,76,77,78,79,80,81,82,83,84,85,86,87,88,89,90,91,92,93,94,95,96,97,98,99]
CFO=-1018.4817608116817,STO=5
EsN0dB=11.33,GRXdB=10,N0=0.001258925418369472
packet_number=1189,correct=True,payload=[0,1,2,3,4,5,6,7,8,9,10,11,12,13,14,15,16,17,18,19,20,21,22,23,24,25,26,27,28,29,30,31,32,33,34,35,36,37,38,39,40,41,42,43,44,45,46,47,48,49,50,51,52,53,54,55,56,57,58,59,60,61,62,63,64,65,66,67,68,69,70,71,72,73,74,75,76,77,78,79,80,81,82,83,84,85,86,87,88,89,90,91,92,93,94,95,96,97,98,99]
CFO=-1082.6001616451765,STO=4
EsN0dB=11.32,GRXdB=10,N0=0.001258925418369472
packet_number=1190,correct=False,payload=[0,1,2,3,4,5,6,7,8,9,10,11,12,13,46,15,16,17,18,19,20,21,150,23,24,25,26,27,28,29,30,31,32,33,34,35,36,37,38,39,40,41,42,43,44,45,46,47,48,49,50,51,52,53,54,55,56,57,58,59,60,61,62,63,64,65,66,67,68,69,70,71,72,73,74,75,76,77,78,79,80,81,82,83,84,85,86,87,88,89,90,91,92,93,94,95,96,97,98,99]
CFO=-983.662618503753,STO=4
EsN0dB=11.24,GRXdB=10,N0=0.001258925418369472
packet_number=1191,correct=True,payload=[0,1,2,3,4,5,6,7,8,9,10,11,12,13,14,15,16,17,18,19,20,21,22,23,24,25,26,27,28,29,30,31,32,33,34,35,36,37,38,39,40,41,42,43,44,45,46,47,48,49,50,51,52,53,54,55,56,57,58,59,60,61,62,63,64,65,66,67,68,69,70,71,72,73,74,75,76,77,78,79,80,81,82,83,84,85,86,87,88,89,90,91,92,93,94,95,96,97,98,99]
CFO=-950.3776600062693,STO=4
EsN0dB=11.28,GRXdB=10,N0=0.001258925418369472
packet_number=1192,correct=True,payload=[0,1,2,3,4,5,6,7,8,9,10,11,12,13,14,15,16,17,18,19,20,21,22,23,24,25,26,27,28,29,30,31,32,33,34,35,36,37,38,39,40,41,42,43,44,45,46,47,48,49,50,51,52,53,54,55,56,57,58,59,60,61,62,63,64,65,66,67,68,69,70,71,72,73,74,75,76,77,78,79,80,81,82,83,84,85,86,87,88,89,90,91,92,93,94,95,96,97,98,99]
CFO=-795.4789896127562,STO=4
EsN0dB=11.17,GRXdB=10,N0=0.001258925418369472
packet_number=1193,correct=True,payload=[0,1,2,3,4,5,6,7,8,9,10,11,12,13,14,15,16,17,18,19,20,21,22,23,24,25,26,27,28,29,30,31,32,33,34,35,36,37,38,39,40,41,42,43,44,45,46,47,48,49,50,51,52,53,54,55,56,57,58,59,60,61,62,63,64,65,66,67,68,69,70,71,72,73,74,75,76,77,78,79,80,81,82,83,84,85,86,87,88,89,90,91,92,93,94,95,96,97,98,99]
CFO=-1184.016968591576,STO=4
EsN0dB=11.20,GRXdB=10,N0=0.001258925418369472
packet_number=1194,correct=False,payload=[0,1,2,3,4,5,6,7,8,9,10,11,12,13,14,15,16,17,18,19,20,21,22,23,24,25,154,27,28,29,30,31,32,33,34,35,36,37,38,39,40,41,42,43,44,45,46,47,48,49,50,51,52,53,54,55,56,57,58,59,60,61,62,63,64,65,66,67,68,69,70,71,72,73,74,75,76,77,78,79,80,81,82,83,84,85,86,87,88,89,90,91,92,93,94,95,96,97,98,99]
CFO=-953.9346351701284,STO=4
EsN0dB=11.16,GRXdB=10,N0=0.001258925418369472
packet_number=1195,correct=False,payload=[0,1,2,3,4,5,6,7,8,9,10,11,12,13,14,15,16,17,18,19,20,21,22,23,24,25,26,27,28,29,30,31,32,33,34,35,36,37,38,39,40,57,42,43,44,45,46,47,48,49,50,51,52,53,54,55,56,57,58,59,60,61,62,63,64,65,66,67,68,69,70,71,72,73,74,75,76,77,78,79,80,81,82,83,84,85,86,87,88,89,90,91,92,93,94,95,96,97,98,99]
CFO=-1073.6849860832135,STO=5
EsN0dB=11.21,GRXdB=10,N0=0.001258925418369472
packet_number=1196,correct=True,payload=[0,1,2,3,4,5,6,7,8,9,10,11,12,13,14,15,16,17,18,19,20,21,22,23,24,25,26,27,28,29,30,31,32,33,34,35,36,37,38,39,40,41,42,43,44,45,46,47,48,49,50,51,52,53,54,55,56,57,58,59,60,61,62,63,64,65,66,67,68,69,70,71,72,73,74,75,76,77,78,79,80,81,82,83,84,85,86,87,88,89,90,91,92,93,94,95,96,97,98,99]
CFO=-1224.1384009817464,STO=5
EsN0dB=11.24,GRXdB=10,N0=0.001258925418369472
packet_number=1197,correct=True,payload=[0,1,2,3,4,5,6,7,8,9,10,11,12,13,14,15,16,17,18,19,20,21,22,23,24,25,26,27,28,29,30,31,32,33,34,35,36,37,38,39,40,41,42,43,44,45,46,47,48,49,50,51,52,53,54,55,56,57,58,59,60,61,62,63,64,65,66,67,68,69,70,71,72,73,74,75,76,77,78,79,80,81,82,83,84,85,86,87,88,89,90,91,92,93,94,95,96,97,98,99]
CFO=-989.9058382919678,STO=4
EsN0dB=11.29,GRXdB=10,N0=0.001258925418369472
packet_number=1198,correct=True,payload=[0,1,2,3,4,5,6,7,8,9,10,11,12,13,14,15,16,17,18,19,20,21,22,23,24,25,26,27,28,29,30,31,32,33,34,35,36,37,38,39,40,41,42,43,44,45,46,47,48,49,50,51,52,53,54,55,56,57,58,59,60,61,62,63,64,65,66,67,68,69,70,71,72,73,74,75,76,77,78,79,80,81,82,83,84,85,86,87,88,89,90,91,92,93,94,95,96,97,98,99]
CFO=-943.4329228720511,STO=5
EsN0dB=11.14,GRXdB=10,N0=0.001258925418369472
packet_number=1199,correct=True,payload=[0,1,2,3,4,5,6,7,8,9,10,11,12,13,14,15,16,17,18,19,20,21,22,23,24,25,26,27,28,29,30,31,32,33,34,35,36,37,38,39,40,41,42,43,44,45,46,47,48,49,50,51,52,53,54,55,56,57,58,59,60,61,62,63,64,65,66,67,68,69,70,71,72,73,74,75,76,77,78,79,80,81,82,83,84,85,86,87,88,89,90,91,92,93,94,95,96,97,98,99]
CFO=-998.1497343245655,STO=4
EsN0dB=11.27,GRXdB=10,N0=0.001258925418369472
packet_number=1200,correct=True,payload=[0,1,2,3,4,5,6,7,8,9,10,11,12,13,14,15,16,17,18,19,20,21,22,23,24,25,26,27,28,29,30,31,32,33,34,35,36,37,38,39,40,41,42,43,44,45,46,47,48,49,50,51,52,53,54,55,56,57,58,59,60,61,62,63,64,65,66,67,68,69,70,71,72,73,74,75,76,77,78,79,80,81,82,83,84,85,86,87,88,89,90,91,92,93,94,95,96,97,98,99]
CFO=-1178.7765770986875,STO=4
EsN0dB=10.06,GRXdB=10,N0=0.0015848932089284062
packet_number=1201,correct=False,payload=[0,1,2,3,4,5,6,7,8,9,10,11,12,13,14,15,16,17,18,19,20,21,22,23,24,25,26,27,28,29,30,31,32,33,34,35,36,37,38,39,40,41,42,43,44,45,46,47,48,49,50,51,52,53,54,55,56,57,58,59,60,61,62,63,80,65,66,67,68,69,70,69,72,73,74,203,76,77,78,79,80,81,82,83,84,85,86,87,88,89,90,91,92,93,94,95,96,97,98,99]
CFO=-1090.74030046382,STO=4
EsN0dB=10.32,GRXdB=10,N0=0.0015848932089284062
packet_number=1202,correct=True,payload=[0,1,2,3,4,5,6,7,8,9,10,11,12,13,14,15,16,17,18,19,20,21,22,23,24,25,26,27,28,29,30,31,32,33,34,35,36,37,38,39,40,41,42,43,44,45,46,47,48,49,50,51,52,53,54,55,56,57,58,59,60,61,62,63,64,65,66,67,68,69,70,71,72,73,74,75,76,77,78,79,80,81,82,83,84,85,86,87,88,89,90,91,92,93,94,95,96,97,98,99]
CFO=-928.5579922303962,STO=4
EsN0dB=10.16,GRXdB=10,N0=0.0015848932089284062
packet_number=1203,correct=False,payload=[0,1,2,3,4,5,6,7,8,9,10,11,12,13,14,15,16,17,18,19,20,21,22,23,24,25,26,27,28,29,30,31,32,33,34,35,36,37,38,39,40,41,170,43,44,45,46,47,48,49,50,51,52,53,54,55,56,57,58,59,60,61,62,63,64,65,66,67,68,69,70,71,72,73,74,75,76,77,78,79,81,81,82,83,84,85,86,87,88,89,90,91,92,93,94,95,96,97,98,99]
CFO=-955.9842255296611,STO=5
EsN0dB=10.38,GRXdB=10,N0=0.0015848932089284062
packet_number=1204,correct=True,payload=[0,1,2,3,4,5,6,7,8,9,10,11,12,13,14,15,16,17,18,19,20,21,22,23,24,25,26,27,28,29,30,31,32,33,34,35,36,37,38,39,40,41,42,43,44,45,46,47,48,49,50,51,52,53,54,55,56,57,58,59,60,61,62,63,64,65,66,67,68,69,70,71,72,73,74,75,76,77,78,79,80,81,82,83,84,85,86,87,88,89,90,91,92,93,94,95,96,97,98,99]
CFO=-774.0232428535978,STO=4
EsN0dB=10.41,GRXdB=10,N0=0.0015848932089284062
packet_number=1205,correct=False,payload=[0,1,2,3,4,5,6,7,8,9,10,11,12,13,14,15,18,17,18,19,20,21,22,23,24,25,26,27,28,29,30,31,32,33,34,35,36,37,38,39,40,41,42,43,44,45,46,47,48,49,50,51,52,53,54,55,56,57,58,59,60,61,62,63,64,65,66,67,68,69,70,71,72,73,74,75,76,77,78,79,80,81,82,83,84,85,86,87,88,89,90,91,92,93,94,95,96,97,98,99]
CFO=-1149.7906060694268,STO=4
EsN0dB=10.34,GRXdB=10,N0=0.0015848932089284062
packet_number=1206,correct=False,payload=[0,1,2,3,4,5,6,7,8,9,10,11,12,13,14,15,16,17,18,19,20,21,22,23,24,25,18,27,28,29,30,31,32,33,34,35,36,37,38,39,40,41,42,43,44,45,46,47,48,49,50,51,52,53,54,55,56,57,58,59,60,61,62,63,64,65,66,67,68,69,70,71,72,73,74,75,76,77,78,79,80,81,82,83,84,85,86,87,88,89,90,91,92,93,94,95,96,97,98,99]
CFO=-954.4138156290871,STO=5
EsN0dB=10.29,GRXdB=10,N0=0.0015848932089284062
packet_number=1207,correct=True,payload=[0,1,2,3,4,5,6,7,8,9,10,11,12,13,14,15,16,17,18,19,20,21,22,23,24,25,26,27,28,29,30,31,32,33,34,35,36,37,38,39,40,41,42,43,44,45,46,47,48,49,50,51,52,53,54,55,56,57,58,59,60,61,62,63,64,65,66,67,68,69,70,71,72,73,74,75,76,77,78,79,80,81,82,83,84,85,86,87,88,89,90,91,92,93,94,95,96,97,98,99]
CFO=-1441.726409278504,STO=5
EsN0dB=10.25,GRXdB=10,N0=0.0015848932089284062
packet_number=1208,correct=False,payload=[0,1,2,3,4,5,6,7,8,9,10,11,12,13,14,15,16,17,18,19,20,21,22,23,24,25,26,27,28,29,30,31,32,33,34,35,4,37,38,39,40,41,42,43,44,45,46,47,48,49,50,51,52,53,54,55,56,57,58,59,60,61,62,63,64,65,66,67,68,69,70,71,72,73,74,75,76,77,78,78,80,81,82,83,84,85,86,87,88,89,90,91,92,93,94,95,96,97,98,99]
CFO=-1201.052005848084,STO=5
EsN0dB=10.19,GRXdB=10,N0=0.0015848932089284062
packet_number=1209,correct=False,payload=[0,1,2,3,4,5,6,7,8,9,10,11,12,13,14,15,16,17,18,19,20,21,22,23,24,25,26,27,28,29,30,31,32,33,34,35,36,37,38,103,40,41,42,43,44,45,46,47,48,49,50,51,52,53,54,55,56,57,58,59,60,61,62,63,64,65,66,67,68,69,70,71,72,73,74,75,76,77,78,79,80,81,82,83,84,85,86,87,88,89,90,91,92,93,94,95,96,97,98,99]
CFO=-1277.7788647416185,STO=4
EsN0dB=10.34,GRXdB=10,N0=0.0015848932089284062
packet_number=1210,correct=True,payload=[0,1,2,3,4,5,6,7,8,9,10,11,12,13,14,15,16,17,18,19,20,21,22,23,24,25,26,27,28,29,30,31,32,33,34,35,36,37,38,39,40,41,42,43,44,45,46,47,48,49,50,51,52,53,54,55,56,57,58,59,60,61,62,63,64,65,66,67,68,69,70,71,72,73,74,75,76,77,78,79,80,81,82,83,84,85,86,87,88,89,90,91,92,93,94,95,96,97,98,99]
CFO=-814.6387967415363,STO=4
EsN0dB=10.26,GRXdB=10,N0=0.0015848932089284062
packet_number=1211,correct=True,payload=[0,1,2,3,4,5,6,7,8,9,10,11,12,13,14,15,16,17,18,19,20,21,22,23,24,25,26,27,28,29,30,31,32,33,34,35,36,37,38,39,40,41,42,43,44,45,46,47,48,49,50,51,52,53,54,55,56,57,58,59,60,61,62,63,64,65,66,67,68,69,70,71,72,73,74,75,76,77,78,79,80,81,82,83,84,85,86,87,88,89,90,91,92,93,94,95,96,97,98,99]
CFO=-1050.8117972017678,STO=4
EsN0dB=10.25,GRXdB=10,N0=0.0015848932089284062
packet_number=1212,correct=False,payload=[0,1,2,3,4,5,6,7,8,9,10,11,12,13,14,15,16,17,18,19,20,21,22,23,24,25,26,27,28,29,30,31,32,33,34,35,36,37,38,39,40,41,42,43,44,45,46,47,48,49,50,51,52,53,54,55,56,57,58,59,60,61,62,63,64,65,66,67,68,69,70,71,72,105,74,75,76,77,78,79,80,81,82,83,84,85,86,87,88,89,90,91,92,93,94,95,112,97,98,99]
CFO=-1096.273465169569,STO=5
EsN0dB=10.15,GRXdB=10,N0=0.0015848932089284062
packet_number=1213,correct=False,payload=[0,1,2,3,4,5,6,7,8,9,10,11,12,13,14,15,16,17,18,19,20,21,22,23,24,25,26,27,28,28,30,31,32,33,34,35,36,37,38,39,40,41,42,47,44,45,46,47,48,49,50,51,52,53,54,55,56,57,58,59,60,61,62,63,64,65,66,67,68,69,70,71,72,73,74,75,76,77,78,79,80,81,82,83,84,85,86,87,88,89,90,91,92,93,94,95,96,97,98,99]
CFO=-931.0663080552795,STO=4
EsN0dB=10.29,GRXdB=10,N0=0.0015848932089284062
packet_number=1214,correct=True,payload=[0,1,2,3,4,5,6,7,8,9,10,11,12,13,14,15,16,17,18,19,20,21,22,23,24,25,26,27,28,29,30,31,32,33,34,35,36,37,38,39,40,41,42,43,44,45,46,47,48,49,50,51,52,53,54,55,56,57,58,59,60,61,62,63,64,65,66,67,68,69,70,71,72,73,74,75,76,77,78,79,80,81,82,83,84,85,86,87,88,89,90,91,92,93,94,95,96,97,98,99]
CFO=-972.0123434921212,STO=4
EsN0dB=10.31,GRXdB=10,N0=0.0015848932089284062
packet_number=1215,correct=False,payload=[0,9,2,3,4,5,6,7,8,9,10,11,12,13,14,15,16,17,18,19,20,21,22,23,24,25,26,27,28,29,30,31,32,33,34,35,36,37,38,39,40,41,46,43,44,45,46,47,48,49,50,51,52,53,54,55,56,57,58,59,60,61,62,63,64,65,66,67,68,69,70,71,72,73,74,75,76,77,78,79,80,81,82,83,84,85,86,87,88,89,90,91,92,93,94,95,96,97,98,99]
CFO=-1133.2360536482813,STO=4
EsN0dB=10.28,GRXdB=10,N0=0.0015848932089284062
packet_number=1216,correct=False,payload=[0,1,2,3,4,13,6,7,8,9,10,11,12,13,14,15,16,17,18,23,20,21,22,23,24,25,26,27,28,29,30,31,32,33,34,35,36,37,38,39,40,41,42,43,44,45,46,47,48,49,50,49,52,53,54,55,56,57,58,59,60,61,62,63,64,65,66,67,68,69,70,71,72,73,74,75,76,77,78,79,80,81,82,83,84,85,86,87,88,89,90,91,92,93,94,95,96,97,98,99]
CFO=-799.7288850963197,STO=4
EsN0dB=10.40,GRXdB=10,N0=0.0015848932089284062
packet_number=1217,correct=False,payload=[0,1,2,3,4,5,6,7,8,9,10,11,12,13,14,15,16,17,18,19,84,21,22,23,24,25,26,27,28,29,30,31,32,33,34,35,36,37,38,39,40,41,42,43,44,45,46,47,48,49,50,51,52,53,54,55,56,57,58,59,60,61,62,63,64,65,66,67,68,69,70,71,72,73,74,75,76,77,78,79,80,81,82,83,84,85,86,87,88,89,90,91,92,93,94,95,96,97,98,99]
CFO=-877.9186021269351,STO=4
EsN0dB=10.18,GRXdB=10,N0=0.0015848932089284062
packet_number=1218,correct=False,payload=[0,1,2,3,4,5,6,7,8,9,10,11,12,5,14,15,16,17,18,19,20,21,22,23,24,25,30,27,28,29,30,31,32,33,34,35,36,37,38,39,40,41,42,43,44,45,46,47,48,49,50,51,52,53,54,55,56,57,58,59,60,61,62,63,64,65,66,67,68,69,70,71,72,73,74,75,76,77,78,79,80,81,82,83,84,85,86,87,88,89,90,91,92,93,94,95,96,97,98,99]
CFO=-931.4035486455489,STO=4
EsN0dB=10.24,GRXdB=10,N0=0.0015848932089284062
packet_number=1219,correct=False,payload=[0,1,2,3,4,5,6,7,8,9,10,11,12,13,14,15,16,17,18,19,20,21,22,23,24,25,26,27,28,29,30,31,32,33,32,35,36,37,38,39,40,41,42,43,44,45,46,47,48,49,50,51,52,53,54,55,56,57,58,59,60,61,62,63,64,65,66,67,68,69,70,71,72,73,74,75,76,77,78,79,80,81,82,83,84,85,86,87,88,89,90,91,92,93,94,95,96,97,98,99]
CFO=-1170.9496071966762,STO=4
EsN0dB=10.20,GRXdB=10,N0=0.0015848932089284062
packet_number=1220,correct=True,payload=[0,1,2,3,4,5,6,7,8,9,10,11,12,13,14,15,16,17,18,19,20,21,22,23,24,25,26,27,28,29,30,31,32,33,34,35,36,37,38,39,40,41,42,43,44,45,46,47,48,49,50,51,52,53,54,55,56,57,58,59,60,61,62,63,64,65,66,67,68,69,70,71,72,73,74,75,76,77,78,79,80,81,82,83,84,85,86,87,88,89,90,91,92,93,94,95,96,97,98,99]
CFO=-937.1764814502867,STO=5
EsN0dB=10.34,GRXdB=10,N0=0.0015848932089284062
packet_number=1221,correct=False,payload=[0,1,2,3,4,5,6,7,8,9,14,11,12,13,14,15,16,17,18,19,20,21,22,23,24,25,26,27,28,29,30,31,32,33,34,35,36,37,38,39,40,41,42,43,44,45,46,47,48,49,50,51,52,53,54,55,56,57,58,57,60,61,62,63,64,65,66,67,68,69,70,71,72,73,74,75,76,77,78,79,80,81,82,83,84,85,86,87,88,89,90,91,92,93,94,95,96,97,98,99]
CFO=-880.0316326115711,STO=7
EsN0dB=10.25,GRXdB=10,N0=0.0015848932089284062
packet_number=1222,correct=False,payload=[0,1,2,3,4,5,6,7,8,9,10,11,12,13,14,15,16,17,18,19,20,21,22,23,24,25,26,27,28,29,30,31,32,33,34,35,36,37,38,39,40,41,42,43,44,45,46,47,48,49,50,51,52,53,55,55,56,57,58,59,60,61,62,63,64,65,66,67,68,69,70,71,72,73,202,75,76,77,78,79,80,81,82,83,84,85,86,87,88,89,90,91,92,93,94,95,96,97,98,99]
CFO=-1236.7776897567896,STO=4
EsN0dB=10.33,GRXdB=10,N0=0.0015848932089284062
packet_number=1223,correct=False,payload=[0,1,2,3,4,5,6,7,8,9,10,11,12,13,14,15,16,17,18,19,20,21,22,23,24,25,26,27,28,29,30,31,32,33,34,35,36,37,38,39,40,41,42,43,44,45,46,47,48,57,50,51,52,53,54,55,56,57,58,59,60,61,62,63,64,65,66,67,68,69,70,71,72,73,74,75,76,77,78,79,80,81,90,83,84,85,86,215,88,89,90,91,92,93,94,95,96,97,98,99]
CFO=-1264.9854223915577,STO=5
EsN0dB=10.30,GRXdB=10,N0=0.0015848932089284062
packet_number=1224,correct=False,payload=[0,1,2,3,4,5,6,7,8,9,10,11,12,13,14,15,16,17,18,19,20,21,22,23,24,25,26,27,28,29,30,31,32,33,34,35,36,37,38,39,40,41,42,43,44,45,46,47,48,49,50,51,52,53,54,55,56,57,58,59,28,61,62,63,64,65,66,67,68,69,70,71,72,73,74,75,76,77,78,79,80,81,66,83,84,85,86,87,88,89,90,91,92,93,94,95,96,97,98,99]
CFO=-1142.543609348501,STO=4
EsN0dB=10.12,GRXdB=10,N0=0.0015848932089284062
packet_number=1225,correct=False,payload=[0,1,2,3,4,5,6,7,8,9,10,11,12,13,14,15,16,17,18,19,20,21,22,23,24,25,26,27,28,29,30,31,32,33,34,35,36,37,38,39,40,41,42,43,44,45,46,47,48,49,50,51,52,53,54,55,56,57,58,59,60,61,62,63,64,65,66,67,68,69,198,71,72,73,74,75,76,77,78,79,80,81,82,83,84,85,86,87,24,89,90,91,92,93,94,95,96,97,98,99]
CFO=-1030.575938829528,STO=4
EsN0dB=10.21,GRXdB=10,N0=0.0015848932089284062
packet_number=1226,correct=False,payload=[0,1,2,3,36,5,6,7,8,9,74,11,12,13,14,15,16,17,18,19,20,21,22,23,24,25,26,27,28,29,30,31,32,33,34,35,36,37,38,39,40,41,42,43,44,45,46,47,48,49,50,51,52,53,54,55,56,57,58,59,60,61,62,63,64,65,66,67,68,69,70,71,72,73,74,75,76,77,78,79,80,81,82,83,84,85,86,87,88,89,90,91,92,93,94,95,96,97,98,99]
CFO=-1087.489557305717,STO=4
EsN0dB=10.30,GRXdB=10,N0=0.0015848932089284062
packet_number=1227,correct=False,payload=[0,1,2,3,4,5,6,7,8,9,10,11,12,13,14,15,16,17,18,19,20,21,22,23,24,25,26,27,28,29,30,31,32,33,34,35,36,37,38,39,40,41,42,43,44,45,46,47,48,49,50,51,52,53,54,55,56,57,58,59,60,61,62,63,64,65,66,67,68,69,70,71,72,73,74,75,78,77,78,79,80,81,82,83,84,85,86,87,88,89,90,91,92,93,94,95,96,97,98,99]
CFO=-1342.53676575209,STO=4
EsN0dB=10.23,GRXdB=10,N0=0.0015848932089284062
packet_number=1228,correct=False,payload=[0,1,2,3,4,5,6,7,8,9,10,11,12,13,14,15,16,17,18,19,20,21,22,23,24,25,26,27,28,29,30,31,32,33,34,35,36,37,38,38,40,41,42,43,44,45,46,47,48,49,50,51,52,53,54,55,56,57,58,59,60,61,62,63,64,65,66,67,68,69,70,71,72,73,74,75,76,77,78,79,80,81,82,83,84,85,86,87,88,89,90,91,92,93,94,95,96,97,98,99]
CFO=-1081.236969723328,STO=4
EsN0dB=10.30,GRXdB=10,N0=0.0015848932089284062
packet_number=1229,correct=False,payload=[0,1,2,3,4,5,6,7,8,9,10,11,12,13,14,15,16,17,18,19,20,21,22,23,24,25,26,27,28,29,30,31,32,33,34,35,36,37,38,39,40,41,42,43,44,45,46,47,48,49,50,51,52,53,54,55,56,57,58,187,60,61,62,63,64,65,66,67,68,69,70,71,72,73,74,75,76,77,78,79,80,81,82,83,84,85,86,87,88,89,90,91,92,93,94,95,96,97,98,99]
CFO=-1172.36058672678,STO=6
EsN0dB=10.32,GRXdB=10,N0=0.0015848932089284062
packet_number=1230,correct=True,payload=[0,1,2,3,4,5,6,7,8,9,10,11,12,13,14,15,16,17,18,19,20,21,22,23,24,25,26,27,28,29,30,31,32,33,34,35,36,37,38,39,40,41,42,43,44,45,46,47,48,49,50,51,52,53,54,55,56,57,58,59,60,61,62,63,64,65,66,67,68,69,70,71,72,73,74,75,76,77,78,79,80,81,82,83,84,85,86,87,88,89,90,91,92,93,94,95,96,97,98,99]
CFO=-930.0950812428317,STO=5
EsN0dB=10.34,GRXdB=10,N0=0.0015848932089284062
packet_number=1231,correct=True,payload=[0,1,2,3,4,5,6,7,8,9,10,11,12,13,14,15,16,17,18,19,20,21,22,23,24,25,26,27,28,29,30,31,32,33,34,35,36,37,38,39,40,41,42,43,44,45,46,47,48,49,50,51,52,53,54,55,56,57,58,59,60,61,62,63,64,65,66,67,68,69,70,71,72,73,74,75,76,77,78,79,80,81,82,83,84,85,86,87,88,89,90,91,92,93,94,95,96,97,98,99]
CFO=-1224.111601975628,STO=5
EsN0dB=10.09,GRXdB=10,N0=0.0015848932089284062
packet_number=1232,correct=False,payload=[0,1,2,3,4,5,6,7,8,9,10,11,12,13,14,15,16,17,18,27,20,21,22,23,24,25,26,27,28,29,30,31,32,33,34,35,36,37,38,47,40,41,42,43,44,45,46,175,48,49,50,51,52,53,54,55,56,57,58,59,60,61,62,63,64,65,66,67,68,5,70,71,72,73,74,75,76,77,78,79,80,81,82,83,84,85,86,87,88,89,82,91,92,93,94,95,96,97,98,99]
CFO=-1235.5822880723642,STO=6
EsN0dB=10.24,GRXdB=10,N0=0.0015848932089284062
packet_number=1233,correct=False,payload=[0,1,2,3,4,5,6,7,8,9,10,11,12,13,14,15,16,81,18,19,20,21,22,23,24,25,26,27,28,29,30,31,32,33,34,35,36,37,38,39,40,41,42,43,44,45,46,47,48,49,50,51,52,53,54,55,56,57,58,59,60,61,62,63,64,65,66,67,68,69,70,71,72,73,74,75,76,77,78,79,80,81,82,83,84,85,86,87,88,89,90,91,92,93,95,95,96,97,98,99]
CFO=-1162.1234849692041,STO=4
EsN0dB=10.23,GRXdB=10,N0=0.0015848932089284062
packet_number=1234,correct=True,payload=[0,1,2,3,4,5,6,7,8,9,10,11,12,13,14,15,16,17,18,19,20,21,22,23,24,25,26,27,28,29,30,31,32,33,34,35,36,37,38,39,40,41,42,43,44,45,46,47,48,49,50,51,52,53,54,55,56,57,58,59,60,61,62,63,64,65,66,67,68,69,70,71,72,73,74,75,76,77,78,79,80,81,82,83,84,85,86,87,88,89,90,91,92,93,94,95,96,97,98,99]
CFO=-1444.812326691011,STO=4
EsN0dB=10.12,GRXdB=10,N0=0.0015848932089284062
packet_number=1235,correct=False,payload=[0,1,2,3,4,5,6,7,8,9,10,11,12,13,14,15,16,17,18,19,20,21,22,23,24,25,26,27,28,29,30,31,32,33,34,35,36,37,38,39,40,41,42,43,44,45,46,47,48,49,50,51,52,53,54,55,56,57,58,59,60,61,62,63,64,67,66,67,68,69,70,71,72,73,74,75,76,77,78,79,80,80,82,83,84,85,86,87,88,89,90,91,92,93,94,95,96,97,98,99]
CFO=-894.3284280570734,STO=1
EsN0dB=10.15,GRXdB=10,N0=0.0015848932089284062
packet_number=1236,correct=False,payload=[0,1,2,3,4,5,6,7,8,41,10,11,12,13,14,15,16,17,18,19,20,21,22,23,24,25,26,27,28,29,30,31,32,33,34,35,36,36,38,39,40,9,42,43,44,45,46,47,48,49,50,51,52,53,54,55,56,57,58,59,60,61,62,63,64,65,66,67,68,69,70,71,72,73,74,75,76,77,78,79,80,81,82,83,84,85,86,87,88,89,90,91,92,93,94,95,96,97,98,99]
CFO=-1133.260481060938,STO=4
EsN0dB=10.22,GRXdB=10,N0=0.0015848932089284062
packet_number=1237,correct=True,payload=[0,1,2,3,4,5,6,7,8,9,10,11,12,13,14,15,16,17,18,19,20,21,22,23,24,25,26,27,28,29,30,31,32,33,34,35,36,37,38,39,40,41,42,43,44,45,46,47,48,49,50,51,52,53,54,55,56,57,58,59,60,61,62,63,64,65,66,67,68,69,70,71,72,73,74,75,76,77,78,79,80,81,82,83,84,85,86,87,88,89,90,91,92,93,94,95,96,97,98,99]
CFO=-771.1821924660226,STO=5
EsN0dB=10.24,GRXdB=10,N0=0.0015848932089284062
packet_number=1238,correct=False,payload=[0,1,2,3,4,5,6,7,8,9,10,11,12,13,14,15,16,17,18,19,20,21,22,23,24,25,26,27,28,29,30,31,32,33,34,35,164,37,38,39,40,41,42,43,44,45,46,47,48,49,50,51,52,53,54,55,56,57,58,59,60,61,30,63,64,65,66,67,68,69,70,71,72,73,74,75,76,77,78,79,80,81,82,83,84,85,86,87,88,89,90,91,92,93,94,95,96,97,98,99]
CFO=-1236.9199853644982,STO=4
EsN0dB=10.20,GRXdB=10,N0=0.0015848932089284062
packet_number=1239,correct=True,payload=[0,1,2,3,4,5,6,7,8,9,10,11,12,13,14,15,16,17,18,19,20,21,22,23,24,25,26,27,28,29,30,31,32,33,34,35,36,37,38,39,40,41,42,43,44,45,46,47,48,49,50,51,52,53,54,55,56,57,58,59,60,61,62,63,64,65,66,67,68,69,70,71,72,73,74,75,76,77,78,79,80,81,82,83,84,85,86,87,88,89,90,91,92,93,94,95,96,97,98,99]
CFO=-899.0237680826014,STO=4
EsN0dB=10.30,GRXdB=10,N0=0.0015848932089284062
packet_number=1240,correct=True,payload=[0,1,2,3,4,5,6,7,8,9,10,11,12,13,14,15,16,17,18,19,20,21,22,23,24,25,26,27,28,29,30,31,32,33,34,35,36,37,38,39,40,41,42,43,44,45,46,47,48,49,50,51,52,53,54,55,56,57,58,59,60,61,62,63,64,65,66,67,68,69,70,71,72,73,74,75,76,77,78,79,80,81,82,83,84,85,86,87,88,89,90,91,92,93,94,95,96,97,98,99]
CFO=-1192.2994030179282,STO=5
EsN0dB=10.20,GRXdB=10,N0=0.0015848932089284062
packet_number=1241,correct=False,payload=[0,1,2,3,4,1,6,7,8,9,10,11,12,13,14,15,16,17,18,19,20,21,22,23,24,25,26,27,28,29,30,31,32,33,34,35,36,37,38,39,40,41,42,43,44,45,46,47,48,49,50,51,52,53,54,55,56,57,58,59,60,61,62,63,64,65,66,67,68,69,70,71,72,73,74,75,76,77,78,79,80,81,82,83,84,85,86,87,88,91,90,91,92,93,94,95,96,97,98,99]
CFO=-944.0758618595478,STO=4
EsN0dB=10.38,GRXdB=10,N0=0.0015848932089284062
packet_number=1242,correct=False,payload=[0,1,2,3,4,5,6,7,8,9,10,11,12,13,14,15,16,17,18,19,84,21,22,23,24,25,154,27,28,29,30,31,32,33,34,35,36,37,38,39,40,41,42,43,44,45,46,47,48,49,50,51,52,53,54,55,56,57,58,59,60,61,62,63,64,65,66,67,68,69,70,71,88,73,74,75,76,77,78,79,80,81,82,83,84,85,86,87,88,89,90,91,92,93,94,95,96,97,98,97]
CFO=-1162.5522690670994,STO=4
EsN0dB=10.20,GRXdB=10,N0=0.0015848932089284062
packet_number=1243,correct=False,payload=[0,5,2,3,4,5,6,7,8,9,10,11,12,13,14,15,16,17,18,19,20,21,22,19,24,25,26,27,28,29,30,63,32,33,34,35,36,37,38,39,40,41,42,43,44,45,46,47,48,49,50,51,52,53,54,55,56,57,58,59,60,61,62,63,64,65,66,67,68,69,70,71,72,73,74,75,76,77,78,79,80,81,82,83,84,85,86,87,88,89,90,91,92,93,94,95,96,97,98,99]
CFO=-1331.3691692997731,STO=4
EsN0dB=10.39,GRXdB=10,N0=0.0015848932089284062
packet_number=1244,correct=False,payload=[0,1,2,3,4,5,6,7,8,9,10,11,92,13,14,15,16,17,18,19,20,21,22,23,24,25,26,27,28,29,30,31,32,33,34,35,36,37,38,39,40,41,42,43,44,45,46,47,48,49,50,51,52,53,54,55,56,57,58,59,60,61,62,63,64,65,66,67,68,69,70,71,72,73,74,75,76,77,78,79,80,81,82,83,84,85,86,87,88,89,90,91,92,93,94,95,96,97,98,99]
CFO=-1265.3913206125465,STO=4
EsN0dB=10.08,GRXdB=10,N0=0.0015848932089284062
packet_number=1245,correct=False,payload=[0,1,2,3,4,5,6,7,8,9,10,11,12,13,14,15,16,17,18,19,20,21,22,23,24,25,26,27,28,29,30,31,32,33,2,35,36,37,38,39,40,41,42,43,44,45,46,47,48,49,50,51,52,53,54,55,56,57,58,59,60,61,62,63,64,65,66,67,68,69,70,71,72,73,74,75,76,77,78,79,80,81,82,83,84,85,86,87,88,89,90,219,92,93,94,95,96,97,98,99]
CFO=-1282.719486820934,STO=4
EsN0dB=10.28,GRXdB=10,N0=0.0015848932089284062
packet_number=1246,correct=False,payload=[0,1,2,3,4,5,6,7,8,9,10,11,12,13,14,15,16,17,18,19,20,21,22,23,24,25,26,27,28,29,30,31,32,33,34,35,36,37,38,39,40,41,42,43,44,45,46,47,48,49,50,51,52,53,54,55,56,57,58,59,60,61,62,63,64,65,66,66,68,69,70,71,72,73,74,75,76,77,78,79,80,81,82,83,84,85,84,87,88,89,90,91,92,93,94,95,96,97,98,99]
CFO=-1285.798408032729,STO=4
EsN0dB=10.29,GRXdB=10,N0=0.0015848932089284062
packet_number=1247,correct=False,payload=[0,1,2,3,4,5,6,7,8,9,10,11,12,13,14,15,16,17,18,19,20,21,22,23,24,25,26,27,28,29,30,31,32,33,34,35,36,37,102,39,40,41,42,43,44,45,46,47,48,49,50,51,52,53,54,55,56,57,58,59,60,61,62,63,64,65,66,67,68,69,70,71,72,73,74,75,76,77,78,79,80,81,82,83,84,85,86,87,88,89,90,91,92,93,94,95,96,97,98,99]
CFO=-1127.6660106642014,STO=4
EsN0dB=10.22,GRXdB=10,N0=0.0015848932089284062
packet_number=1248,correct=False,payload=[0,1,2,3,4,5,6,7,8,9,10,11,12,13,14,15,16,17,18,19,20,21,22,23,24,25,26,27,28,29,30,31,32,33,34,35,36,37,38,39,40,41,42,43,44,45,46,47,48,49,50,51,52,53,54,55,56,57,58,59,56,61,62,63,64,65,66,67,68,69,70,71,72,73,74,75,76,77,78,79,80,81,82,83,84,85,86,87,88,123,90,91,92,93,94,95,96,101,98,99]
CFO=-964.0436708807665,STO=0
EsN0dB=10.19,GRXdB=10,N0=0.0015848932089284062
packet_number=1249,correct=False,payload=[0,1,2,3,4,5,6,7,8,9,10,11,12,13,14,15,16,17,18,19,20,21,22,23,24,25,26,27,28,29,30,31,32,33,34,35,36,37,38,39,40,41,46,43,44,45,46,47,48,49,50,51,52,53,54,55,56,57,58,59,60,61,62,63,64,65,66,67,68,69,70,71,72,73,74,75,76,77,78,79,80,81,82,83,84,85,86,87,88,89,90,91,92,93,94,93,96,97,98,99]
CFO=-1182.7867044832622,STO=5
EsN0dB=10.13,GRXdB=10,N0=0.0015848932089284062
packet_number=1250,correct=False,payload=[0,1,2,3,4,5,6,7,8,9,10,11,12,13,14,15,16,17,18,147,20,21,22,23,24,25,26,27,28,29,30,31,32,33,34,35,36,37,38,39,40,41,42,43,44,45,46,47,48,49,50,51,52,53,54,55,56,57,58,59,60,61,62,63,64,65,66,67,68,69,70,71,72,73,74,75,76,77,78,79,80,81,82,83,84,85,86,87,88,89,90,91,92,93,94,95,96,97,98,99]
CFO=-1155.9511758254973,STO=4
EsN0dB=10.33,GRXdB=10,N0=0.0015848932089284062
packet_number=1251,correct=False,payload=[0,1,2,3,4,5,6,7,8,9,10,11,12,5,14,15,16,17,18,19,20,21,22,23,24,25,26,27,28,29,30,31,32,33,34,35,36,37,38,39,41,41,42,43,44,45,46,47,48,49,50,51,52,53,54,55,56,57,58,59,60,61,62,63,64,65,66,67,68,69,70,71,72,73,74,75,76,77,78,79,80,81,82,83,84,85,86,87,88,89,90,91,92,93,94,95,96,97,98,99]
CFO=-1105.526829959186,STO=5
EsN0dB=10.31,GRXdB=10,N0=0.0015848932089284062
packet_number=1252,correct=False,payload=[0,1,2,3,4,5,6,7,8,9,10,11,12,13,14,15,16,17,18,19,20,21,22,23,24,25,26,27,28,29,30,31,32,33,34,35,36,37,38,39,40,41,42,43,44,45,46,47,48,49,50,51,52,53,54,55,56,57,58,59,60,61,62,63,64,65,66,67,68,69,70,71,72,73,74,75,76,77,78,79,80,81,82,83,84,85,86,87,88,121,90,91,92,93,94,95,96,97,98,99]
CFO=-914.379835747821,STO=5
EsN0dB=10.17,GRXdB=10,N0=0.0015848932089284062
packet_number=1253,correct=False,payload=[0,1,2,3,4,5,6,7,8,9,10,11,12,13,14,15,16,17,18,19,20,21,22,23,24,25,26,27,28,29,30,31,32,33,34,35,36,37,38,39,40,41,42,43,44,45,46,47,48,49,50,51,52,53,54,55,56,57,58,59,60,61,62,63,64,65,66,67,68,69,70,71,72,73,74,75,76,77,78,79,80,81,82,83,84,85,86,87,88,89,90,91,92,221,94,93,96,97,98,99]
CFO=-1038.5352436467085,STO=4
EsN0dB=10.27,GRXdB=10,N0=0.0015848932089284062
packet_number=1254,correct=True,payload=[0,1,2,3,4,5,6,7,8,9,10,11,12,13,14,15,16,17,18,19,20,21,22,23,24,25,26,27,28,29,30,31,32,33,34,35,36,37,38,39,40,41,42,43,44,45,46,47,48,49,50,51,52,53,54,55,56,57,58,59,60,61,62,63,64,65,66,67,68,69,70,71,72,73,74,75,76,77,78,79,80,81,82,83,84,85,86,87,88,89,90,91,92,93,94,95,96,97,98,99]
CFO=-1031.101483940665,STO=4
EsN0dB=10.39,GRXdB=10,N0=0.0015848932089284062
packet_number=1255,correct=False,payload=[0,1,2,3,4,5,6,7,8,9,10,11,28,13,15,15,16,17,18,19,20,21,22,23,24,25,26,27,28,29,30,31,32,33,34,35,36,37,38,39,40,41,42,43,44,45,46,47,48,49,50,51,52,53,54,55,56,57,58,59,60,61,62,63,64,65,66,67,68,69,70,71,72,73,74,75,76,77,78,79,80,81,82,83,84,85,86,87,88,89,90,91,92,93,94,95,96,97,98,99]
CFO=-1025.4791473207522,STO=5
EsN0dB=10.26,GRXdB=10,N0=0.0015848932089284062
packet_number=1256,correct=True,payload=[0,1,2,3,4,5,6,7,8,9,10,11,12,13,14,15,16,17,18,19,20,21,22,23,24,25,26,27,28,29,30,31,32,33,34,35,36,37,38,39,40,41,42,43,44,45,46,47,48,49,50,51,52,53,54,55,56,57,58,59,60,61,62,63,64,65,66,67,68,69,70,71,72,73,74,75,76,77,78,79,80,81,82,83,84,85,86,87,88,89,90,91,92,93,94,95,96,97,98,99]
CFO=-1274.1886279794574,STO=4
EsN0dB=10.26,GRXdB=10,N0=0.0015848932089284062
packet_number=1257,correct=False,payload=[0,1,2,3,4,5,6,7,8,9,10,11,12,13,14,15,16,17,18,19,20,21,22,23,24,25,26,27,28,29,30,31,32,33,34,35,36,37,34,39,40,41,42,43,44,45,46,47,48,49,50,51,52,53,54,55,56,57,58,59,60,61,62,63,64,65,66,67,68,69,70,71,72,73,74,75,76,77,78,79,80,81,82,83,84,85,86,87,88,89,90,91,92,93,94,95,96,97,98,99]
CFO=-933.7299039620748,STO=4
EsN0dB=10.30,GRXdB=10,N0=0.0015848932089284062
packet_number=1258,correct=False,payload=[0,1,2,3,4,5,6,7,8,9,10,11,12,13,14,15,16,17,18,19,20,21,22,23,24,25,26,27,28,29,30,31,32,33,34,35,36,37,38,39,40,41,42,43,44,173,46,47,48,49,50,51,52,53,54,55,56,57,58,59,60,61,62,63,64,65,66,67,68,69,70,71,72,73,74,75,76,77,78,79,80,81,82,83,84,85,86,87,88,89,90,91,92,93,94,95,96,97,98,99]
CFO=-916.9246148221796,STO=4
EsN0dB=10.30,GRXdB=10,N0=0.0015848932089284062
packet_number=1259,correct=False,payload=[0,1,2,3,4,5,6,7,8,11,10,11,12,13,14,15,16,17,18,19,20,21,22,23,24,25,26,27,28,29,30,31,32,33,34,35,36,37,38,39,40,41,42,43,44,45,46,47,48,49,50,51,52,53,54,55,56,57,58,59,60,61,62,61,64,65,66,67,68,69,70,71,72,73,72,75,76,77,78,79,80,81,82,83,84,117,86,87,88,89,90,91,92,93,94,95,96,97,98,99]
CFO=-1022.4633104950415,STO=5
EsN0dB=10.39,GRXdB=10,N0=0.0015848932089284062
packet_number=1260,correct=False,payload=[32,1,2,3,4,5,6,7,8,9,10,11,12,13,14,15,16,17,18,19,20,21,22,23,24,25,26,27,28,29,30,31,32,33,34,35,36,37,38,39,40,41,42,43,44,45,46,47,48,49,50,51,52,53,54,55,56,57,58,59,60,61,62,63,64,65,66,67,68,69,70,71,72,73,74,75,76,77,78,79,80,81,82,83,84,85,86,87,88,89,90,91,92,93,94,95,96,97,98,99]
CFO=-1014.3633701855757,STO=4
EsN0dB=10.34,GRXdB=10,N0=0.0015848932089284062
packet_number=1261,correct=False,payload=[0,1,2,3,4,5,6,7,8,9,10,11,12,13,14,15,16,17,18,19,20,21,22,23,24,25,26,27,28,29,30,31,32,33,34,35,36,37,38,39,40,41,42,43,44,45,46,47,48,49,50,51,52,53,54,55,56,57,58,59,60,61,62,63,64,65,66,67,68,69,70,71,72,73,74,75,76,77,78,79,64,81,82,83,84,117,86,87,88,89,90,91,92,93,94,95,96,97,98,99]
CFO=-1082.1024827572157,STO=4
EsN0dB=10.17,GRXdB=10,N0=0.0015848932089284062
packet_number=1262,correct=False,payload=[0,1,2,3,4,5,6,7,8,9,10,11,12,13,14,15,16,17,18,19,20,21,22,23,24,25,26,27,28,29,30,31,32,33,34,35,36,37,38,39,40,41,42,43,44,45,46,47,48,49,50,51,52,53,54,55,56,57,58,59,60,61,62,63,64,65,66,67,68,68,198,71,72,73,74,75,76,77,78,79,80,81,82,83,84,85,86,87,88,89,90,91,92,93,94,95,96,97,98,99]
CFO=-889.2595620613104,STO=3
EsN0dB=10.12,GRXdB=10,N0=0.0015848932089284062
packet_number=1263,correct=False,payload=[0,1,2,3,4,5,6,7,8,9,10,11,12,13,14,15,16,17,18,19,20,21,22,23,24,25,26,27,28,29,30,31,32,33,34,35,4,37,38,39,40,41,42,43,44,45,46,47,48,49,50,51,52,53,54,55,56,57,58,59,60,61,62,63,64,65,66,67,68,69,70,71,72,73,74,75,76,77,78,79,80,81,82,83,84,85,86,87,88,89,90,91,84,93,94,95,96,97,98,99]
CFO=-1245.727490583295,STO=5
EsN0dB=10.16,GRXdB=10,N0=0.0015848932089284062
packet_number=1264,correct=False,payload=[0,1,2,3,4,5,6,7,8,9,10,11,12,13,14,15,16,17,18,19,20,21,22,23,24,25,26,27,28,29,30,31,32,33,34,35,36,37,38,39,40,41,42,43,44,45,46,47,48,49,50,51,52,53,54,55,56,57,58,59,60,57,62,63,64,65,66,67,68,69,70,71,72,73,74,75,76,77,78,79,80,81,82,83,84,85,86,87,90,89,90,91,92,93,94,95,96,97,98,99]
CFO=-1315.5130511531308,STO=4
EsN0dB=10.28,GRXdB=10,N0=0.0015848932089284062
packet_number=1265,correct=False,payload=[0,1,2,3,4,5,6,7,8,9,10,11,12,13,14,15,16,17,18,19,20,21,22,23,24,25,26,27,28,29,30,31,32,33,34,35,36,37,38,39,40,41,42,43,44,45,46,47,48,49,50,51,52,53,54,55,56,57,58,59,60,61,62,63,64,65,66,67,68,69,70,71,72,73,75,75,76,77,78,79,80,81,82,83,84,85,86,87,88,89,90,91,92,93,94,95,96,97,98,99]
CFO=-966.2552410737409,STO=5
EsN0dB=10.26,GRXdB=10,N0=0.0015848932089284062
packet_number=1266,correct=False,payload=[0,1,2,3,4,5,6,7,8,9,10,11,12,13,14,15,16,17,18,19,20,21,22,23,24,25,26,27,28,29,30,31,96,33,34,35,36,37,38,39,40,41,40,43,44,45,46,47,48,49,50,51,52,53,54,55,56,57,58,59,60,61,62,63,64,65,66,67,68,69,70,71,72,73,74,75,76,77,78,79,80,81,82,83,84,85,86,87,88,89,90,91,92,93,94,95,96,97,98,99]
CFO=-1274.1155829008337,STO=4
EsN0dB=10.22,GRXdB=10,N0=0.0015848932089284062
packet_number=1267,correct=True,payload=[0,1,2,3,4,5,6,7,8,9,10,11,12,13,14,15,16,17,18,19,20,21,22,23,24,25,26,27,28,29,30,31,32,33,34,35,36,37,38,39,40,41,42,43,44,45,46,47,48,49,50,51,52,53,54,55,56,57,58,59,60,61,62,63,64,65,66,67,68,69,70,71,72,73,74,75,76,77,78,79,80,81,82,83,84,85,86,87,88,89,90,91,92,93,94,95,96,97,98,99]
CFO=-956.2236378896308,STO=4
EsN0dB=10.16,GRXdB=10,N0=0.0015848932089284062
packet_number=1268,correct=False,payload=[0,1,2,3,4,5,7,7,8,9,10,11,12,13,14,15,16,17,18,19,20,21,22,23,24,25,26,27,28,29,30,31,32,33,34,35,36,37,38,39,40,41,42,43,44,45,46,47,48,49,50,51,52,53,54,55,56,57,58,59,60,61,62,63,64,65,66,67,68,69,70,71,72,73,74,75,76,77,78,79,80,81,82,83,84,85,86,87,88,89,90,91,92,93,94,95,96,97,98,99]
CFO=-1053.2465936293352,STO=4
EsN0dB=10.24,GRXdB=10,N0=0.0015848932089284062
packet_number=1269,correct=False,payload=[0,1,2,3,4,5,2,7,8,9,10,11,12,13,14,15,16,17,18,19,20,21,22,23,24,25,26,27,28,29,30,31,32,33,34,35,36,37,38,39,40,41,42,43,44,45,46,47,48,49,50,51,52,53,54,55,56,57,58,59,60,61,62,63,64,65,66,67,68,69,70,71,72,73,74,75,76,77,78,79,80,81,82,83,84,85,86,87,88,89,90,91,92,93,94,95,96,97,98,99]
CFO=-1129.2111038045707,STO=4
EsN0dB=10.11,GRXdB=10,N0=0.0015848932089284062
packet_number=1270,correct=False,payload=[0,1,2,3,4,5,6,7,8,9,10,11,12,13,14,15,16,17,18,19,20,21,22,23,24,25,26,27,28,29,30,31,32,33,34,35,36,37,38,39,40,41,42,43,44,45,46,47,48,49,50,115,52,53,54,55,56,57,58,59,60,61,62,63,64,65,66,67,68,69,70,71,72,73,74,75,76,77,78,79,80,81,82,83,84,85,86,87,88,89,90,91,92,93,94,95,96,97,98,99]
CFO=-1143.4666335238373,STO=4
EsN0dB=10.37,GRXdB=10,N0=0.0015848932089284062
packet_number=1271,correct=False,payload=[0,1,2,3,4,5,6,7,8,9,10,11,12,13,14,15,16,17,18,19,20,21,22,23,24,25,26,27,28,29,30,159,32,33,34,35,36,37,38,39,40,41,42,43,44,45,46,47,48,49,50,51,52,53,54,119,56,57,58,59,60,61,62,63,64,65,66,67,68,69,70,71,72,73,74,75,76,77,78,79,80,81,82,83,84,21,86,83,88,89,90,91,92,93,94,95,96,97,98,99]
CFO=-1115.775908263744,STO=4
EsN0dB=10.41,GRXdB=10,N0=0.0015848932089284062
packet_number=1272,correct=False,payload=[0,1,2,3,4,5,6,7,8,9,10,11,12,13,142,14,16,17,18,19,20,21,22,23,24,25,26,27,28,29,30,31,32,33,34,35,36,37,38,39,40,41,42,43,44,45,46,47,48,49,50,51,52,53,54,55,56,57,58,59,60,61,62,63,64,65,66,67,68,69,70,71,72,73,74,75,76,77,78,79,80,81,82,83,84,85,86,87,88,89,90,91,92,93,94,95,96,97,98,99]
CFO=-936.5036603851712,STO=4
EsN0dB=10.33,GRXdB=10,N0=0.0015848932089284062
packet_number=1273,correct=False,payload=[0,1,2,3,4,5,6,7,8,9,10,11,12,13,14,15,16,17,18,19,20,21,22,23,24,25,26,27,28,29,30,31,32,33,34,35,36,37,38,39,40,41,42,43,44,45,46,47,48,49,50,51,52,53,54,55,56,185,58,59,60,61,62,63,72,65,66,67,68,69,70,71,72,73,74,75,76,77,78,79,80,81,82,83,84,85,86,87,88,89,90,91,92,93,94,95,96,97,98,99]
CFO=-872.2053148977617,STO=4
EsN0dB=10.29,GRXdB=10,N0=0.0015848932089284062
packet_number=1274,correct=False,payload=[0,1,2,7,4,5,6,7,8,9,10,11,12,13,14,15,16,17,18,19,20,21,22,23,24,25,26,27,28,29,30,31,32,33,34,35,36,37,38,39,40,41,42,43,44,45,46,47,48,49,50,51,52,53,54,55,56,57,58,59,60,61,62,63,64,65,66,67,68,69,70,71,72,73,74,75,76,77,78,79,80,81,82,83,84,85,86,87,88,89,90,91,92,93,94,95,96,97,98,99]
CFO=-980.2018707446068,STO=5
EsN0dB=10.24,GRXdB=10,N0=0.0015848932089284062
packet_number=1275,correct=False,payload=[0,1,2,3,4,5,6,7,8,9,10,11,12,13,14,15,16,17,18,19,20,21,22,23,24,25,26,27,28,29,30,31,32,33,34,35,36,37,38,39,40,41,42,43,44,45,46,47,48,49,50,51,52,53,54,55,56,57,58,43,60,61,62,63,64,65,66,67,68,69,70,71,72,73,74,75,76,77,78,79,80,81,82,83,84,85,86,87,88,89,90,91,92,93,94,95,96,97,98,99]
CFO=-897.9786068439817,STO=4
EsN0dB=10.28,GRXdB=10,N0=0.0015848932089284062
packet_number=1276,correct=False,payload=[0,1,2,3,4,5,6,7,8,9,10,11,12,13,14,15,16,17,18,19,20,21,22,23,24,25,26,27,28,29,30,31,32,33,34,35,36,37,38,39,40,41,42,43,44,45,46,47,48,49,50,51,52,53,54,55,24,57,58,59,60,60,62,63,64,65,66,67,68,69,70,103,72,73,74,75,76,77,78,79,80,81,82,83,84,85,86,87,88,89,90,91,92,93,94,95,96,97,98,99]
CFO=-1013.023419879653,STO=4
EsN0dB=10.29,GRXdB=10,N0=0.0015848932089284062
packet_number=1277,correct=False,payload=[0,1,2,3,4,5,6,7,8,9,10,11,12,13,14,15,16,17,18,23,20,21,22,23,24,25,26,27,28,29,30,31,32,33,34,35,36,36,38,39,40,41,42,43,44,45,46,47,48,49,50,51,52,53,54,55,56,57,58,59,60,61,62,63,64,65,66,67,68,69,70,71,72,73,74,75,76,77,78,79,80,81,82,83,84,85,86,87,88,89,90,91,92,93,94,95,96,97,98,99]
CFO=-1064.4000791005544,STO=4
EsN0dB=10.22,GRXdB=10,N0=0.0015848932089284062
packet_number=1278,correct=True,payload=[0,1,2,3,4,5,6,7,8,9,10,11,12,13,14,15,16,17,18,19,20,21,22,23,24,25,26,27,28,29,30,31,32,33,34,35,36,37,38,39,40,41,42,43,44,45,46,47,48,49,50,51,52,53,54,55,56,57,58,59,60,61,62,63,64,65,66,67,68,69,70,71,72,73,74,75,76,77,78,79,80,81,82,83,84,85,86,87,88,89,90,91,92,93,94,95,96,97,98,99]
CFO=-1234.5665345926711,STO=4
EsN0dB=10.20,GRXdB=10,N0=0.0015848932089284062
packet_number=1279,correct=False,payload=[0,1,2,1,4,5,6,7,8,9,10,11,12,13,14,15,16,17,18,19,20,21,22,23,24,25,26,27,28,29,30,31,32,33,34,35,36,37,38,39,40,41,42,43,44,45,46,47,48,49,50,51,52,53,54,55,56,57,58,59,60,61,62,63,64,65,66,67,68,69,70,71,72,73,74,75,76,77,78,79,80,81,82,83,84,85,86,87,88,89,90,91,92,29,94,95,96,97,98,99]
CFO=-887.5715804148671,STO=5
EsN0dB=10.39,GRXdB=10,N0=0.0015848932089284062
packet_number=1280,correct=True,payload=[0,1,2,3,4,5,6,7,8,9,10,11,12,13,14,15,16,17,18,19,20,21,22,23,24,25,26,27,28,29,30,31,32,33,34,35,36,37,38,39,40,41,42,43,44,45,46,47,48,49,50,51,52,53,54,55,56,57,58,59,60,61,62,63,64,65,66,67,68,69,70,71,72,73,74,75,76,77,78,79,80,81,82,83,84,85,86,87,88,89,90,91,92,93,94,95,96,97,98,99]
CFO=-866.5319890184198,STO=4
EsN0dB=10.28,GRXdB=10,N0=0.0015848932089284062
packet_number=1281,correct=True,payload=[0,1,2,3,4,5,6,7,8,9,10,11,12,13,14,15,16,17,18,19,20,21,22,23,24,25,26,27,28,29,30,31,32,33,34,35,36,37,38,39,40,41,42,43,44,45,46,47,48,49,50,51,52,53,54,55,56,57,58,59,60,61,62,63,64,65,66,67,68,69,70,71,72,73,74,75,76,77,78,79,80,81,82,83,84,85,86,87,88,89,90,91,92,93,94,95,96,97,98,99]
CFO=-1212.1969535828407,STO=5
EsN0dB=10.24,GRXdB=10,N0=0.0015848932089284062
packet_number=1282,correct=False,payload=[0,1,0,3,4,5,6,7,8,9,10,11,12,13,14,15,16,17,18,19,20,21,22,23,24,25,26,27,28,29,30,31,32,33,34,35,36,37,38,39,40,41,42,43,44,45,46,47,48,49,50,51,52,53,54,55,56,57,58,59,60,61,62,63,64,65,66,67,68,69,70,71,72,73,74,75,76,77,78,79,80,81,82,83,84,85,86,87,88,25,90,91,92,93,94,95,96,97,98,99]
CFO=-984.5150877736007,STO=5
EsN0dB=10.33,GRXdB=10,N0=0.0015848932089284062
packet_number=1283,correct=False,payload=[0,1,2,3,4,5,6,7,8,9,138,11,12,13,14,15,16,17,18,19,20,21,22,23,24,25,26,27,28,29,30,31,32,33,34,35,36,37,38,39,40,41,42,43,44,45,46,47,48,49,50,51,52,53,54,55,56,57,58,59,60,61,62,63,64,65,66,195,68,69,70,71,72,73,74,75,76,77,78,79,80,81,82,83,84,85,86,87,88,89,90,91,92,93,94,95,96,97,98,98]
CFO=-1010.9679598263023,STO=4
EsN0dB=10.38,GRXdB=10,N0=0.0015848932089284062
packet_number=1284,correct=False,payload=[0,1,2,3,4,5,6,7,8,9,10,11,12,13,14,15,16,17,18,19,20,21,22,23,24,25,26,27,28,29,30,31,32,33,34,35,36,37,38,39,40,41,42,43,44,45,46,47,48,49,50,51,52,53,54,55,56,57,58,59,60,61,62,63,64,65,66,67,68,69,70,71,72,73,74,75,76,77,78,79,80,81,82,83,84,85,86,87,92,89,90,91,92,93,94,95,96,97,98,99]
CFO=-1190.7099610798232,STO=4
EsN0dB=10.40,GRXdB=10,N0=0.0015848932089284062
packet_number=1285,correct=False,payload=[0,1,2,3,4,5,6,7,8,9,10,11,12,13,14,15,16,17,18,19,20,21,22,23,24,25,26,27,28,29,30,31,32,33,34,35,36,37,38,39,40,41,42,43,36,45,46,47,48,49,50,51,52,53,54,55,56,57,58,59,60,63,62,63,64,65,66,67,68,69,70,71,72,73,74,75,76,77,78,79,80,81,82,83,84,85,86,87,88,89,90,91,92,93,94,95,96,97,98,99]
CFO=-1046.3638736641433,STO=4
EsN0dB=10.24,GRXdB=10,N0=0.0015848932089284062
packet_number=1286,correct=False,payload=[0,1,2,3,4,21,6,7,8,9,10,11,12,13,14,15,16,17,18,19,20,21,22,23,24,25,26,27,28,29,30,31,32,33,34,35,36,37,38,39,40,41,42,43,44,45,46,47,48,49,50,51,52,53,54,55,56,57,58,59,60,61,62,63,64,65,66,67,68,69,70,71,72,73,74,75,76,77,78,79,80,81,82,83,84,85,86,87,88,89,90,91,92,93,94,95,96,97,98,99]
CFO=-963.2228623836342,STO=4
EsN0dB=10.35,GRXdB=10,N0=0.0015848932089284062
packet_number=1287,correct=False,payload=[0,1,2,3,4,5,6,7,8,9,10,43,12,13,14,15,16,17,18,19,20,21,22,23,25,25,26,27,28,29,30,31,32,33,34,35,36,37,38,39,40,41,42,43,44,45,46,47,48,49,50,51,52,53,54,55,56,57,58,59,60,61,62,63,64,65,66,67,68,69,70,71,72,73,74,75,76,77,78,79,80,81,82,83,20,85,86,87,88,89,90,91,93,93,94,95,96,97,98,99]
CFO=-895.1998700746154,STO=4
EsN0dB=10.22,GRXdB=10,N0=0.0015848932089284062
packet_number=1288,correct=False,payload=[0,1,2,3,4,5,6,7,8,9,10,11,12,13,14,15,16,17,18,19,20,21,22,23,24,25,26,27,28,29,30,31,34,33,34,35,36,37,38,39,40,41,42,43,44,45,46,47,48,49,50,51,52,53,54,55,56,57,58,59,60,61,62,63,64,65,66,67,68,69,70,71,72,73,74,75,76,77,78,79,80,81,82,83,84,85,86,87,88,89,90,91,92,93,94,95,96,97,98,99]
CFO=-926.4214829704881,STO=5
EsN0dB=10.32,GRXdB=10,N0=0.0015848932089284062
packet_number=1289,correct=False,payload=[0,1,2,3,4,5,6,7,8,9,10,11,12,13,14,15,16,17,18,19,20,21,22,23,24,25,26,27,28,29,30,31,32,33,34,35,36,37,38,39,40,41,42,43,44,44,46,47,48,49,50,51,52,53,54,55,56,57,58,59,60,61,62,63,64,65,66,67,68,69,70,71,72,73,74,75,76,77,78,79,80,81,82,83,84,85,86,87,88,89,90,91,92,93,94,95,96,97,98,99]
CFO=-1037.0713775824063,STO=4
EsN0dB=10.21,GRXdB=10,N0=0.0015848932089284062
packet_number=1290,correct=False,payload=[0,1,2,3,4,5,6,7,8,9,10,11,12,13,14,15,16,17,18,19,20,21,22,23,24,25,26,27,28,29,62,31,32,33,34,35,36,37,38,39,40,41,42,43,44,45,46,47,48,49,50,51,52,53,54,55,56,57,58,59,60,61,62,63,64,65,66,67,68,69,70,71,72,73,74,75,76,77,78,79,80,81,82,83,84,85,86,87,88,89,90,91,92,93,94,95,96,97,98,99]
CFO=-915.1424809153025,STO=5
EsN0dB=10.18,GRXdB=10,N0=0.0015848932089284062
packet_number=1291,correct=False,payload=[0,1,2,3,4,5,6,7,8,9,10,11,12,13,14,15,16,17,18,19,20,21,22,23,24,25,26,27,28,29,30,31,32,33,34,35,36,37,38,39,40,41,42,43,44,45,46,47,48,49,50,51,52,53,54,55,56,57,58,59,60,61,62,191,64,65,66,67,68,69,70,71,72,72,74,75,76,77,78,79,80,81,82,83,84,85,86,87,92,89,90,91,92,93,94,95,96,97,98,99]
CFO=-1026.8060538626348,STO=5
EsN0dB=10.23,GRXdB=10,N0=0.0015848932089284062
packet_number=1292,correct=False,payload=[0,1,2,3,4,5,6,7,8,9,10,11,12,13,14,15,16,17,18,19,20,21,22,23,24,25,26,27,28,29,30,31,32,33,34,35,36,37,38,39,40,41,42,43,44,45,46,47,50,49,50,51,52,53,54,55,56,57,58,59,60,61,62,63,64,65,66,67,68,69,70,71,72,73,74,75,76,77,78,79,80,81,82,83,84,85,86,87,88,89,90,91,92,93,94,95,96,97,98,99]
CFO=-1153.6630624535433,STO=5
EsN0dB=10.16,GRXdB=10,N0=0.0015848932089284062
packet_number=1293,correct=False,payload=[0,1,2,3,4,5,6,7,8,9,10,11,12,13,14,15,16,17,18,18,20,21,22,23,24,25,26,27,28,29,30,31,32,33,34,35,36,37,38,39,40,41,42,43,44,45,46,47,48,49,50,51,52,53,54,55,56,57,58,59,60,61,62,63,64,65,66,67,68,69,70,71,72,73,74,75,76,77,78,79,80,81,82,83,84,85,86,87,88,89,90,91,92,93,94,95,96,97,98,99]
CFO=-966.9414616419156,STO=4
EsN0dB=10.29,GRXdB=10,N0=0.0015848932089284062
packet_number=1294,correct=False,payload=[0,1,2,3,4,5,6,39,8,9,10,11,12,77,14,15,16,17,18,19,20,21,22,23,24,25,26,27,28,29,30,31,32,33,34,35,36,37,38,39,40,41,42,43,44,45,46,47,48,49,50,51,52,53,54,55,56,57,58,59,60,61,62,63,64,65,66,67,68,69,70,71,72,73,74,75,76,77,78,79,80,81,82,83,84,85,86,87,88,89,90,91,92,93,94,95,96,97,98,99]
CFO=-1145.1900704925347,STO=4
EsN0dB=10.26,GRXdB=10,N0=0.0015848932089284062
packet_number=1295,correct=False,payload=[0,1,2,3,4,5,6,7,8,9,10,11,12,13,14,15,16,17,18,19,20,21,22,23,24,25,26,27,28,29,30,31,32,33,34,35,36,37,38,39,40,41,42,43,44,45,62,47,48,49,50,51,52,53,54,55,56,57,58,59,60,61,62,63,64,65,66,67,68,69,70,71,72,73,74,75,76,77,78,79,80,81,82,83,84,85,86,87,88,89,90,91,92,93,94,95,112,97,98,99]
CFO=-944.9358609386366,STO=4
EsN0dB=10.31,GRXdB=10,N0=0.0015848932089284062
packet_number=1296,correct=False,payload=[0,1,3,3,4,5,6,7,8,9,10,11,12,13,14,15,16,17,18,19,20,21,22,23,24,25,26,27,28,29,30,31,32,33,34,35,36,37,38,39,40,41,42,43,44,45,46,47,48,49,50,51,52,53,54,55,56,57,58,59,60,63,62,63,64,65,66,67,68,69,70,71,72,73,74,75,76,77,78,79,80,81,82,83,84,85,86,87,90,89,90,91,92,93,94,95,96,97,98,99]
CFO=-1000.6699081167579,STO=4
EsN0dB=10.29,GRXdB=10,N0=0.0015848932089284062
packet_number=1297,correct=False,payload=[0,1,2,3,4,5,6,7,8,9,10,11,12,13,14,15,16,17,18,19,20,21,22,23,24,25,26,27,28,29,30,31,32,33,34,35,36,37,38,39,40,41,42,43,44,45,46,47,48,49,50,51,52,53,54,55,56,57,58,59,60,61,62,63,64,65,66,67,68,69,70,71,72,73,74,75,76,77,78,79,80,81,82,83,84,85,86,87,88,89,90,219,92,93,94,95,96,97,98,99]
CFO=-896.4973688575717,STO=4
EsN0dB=10.25,GRXdB=10,N0=0.0015848932089284062
packet_number=1298,correct=False,payload=[0,1,2,3,4,5,6,7,8,9,10,11,12,13,14,15,16,17,18,19,20,21,22,23,24,25,26,27,28,29,30,31,32,33,34,35,36,37,38,39,40,41,42,43,44,45,46,47,48,49,50,51,52,53,54,55,56,57,58,59,60,61,62,63,64,65,66,67,68,69,70,71,72,73,74,75,76,77,78,79,80,81,82,83,84,85,86,87,88,89,90,91,92,93,86,95,96,97,98,99]
CFO=-1361.0491871556328,STO=4
EsN0dB=10.20,GRXdB=10,N0=0.0015848932089284062
packet_number=1299,correct=True,payload=[0,1,2,3,4,5,6,7,8,9,10,11,12,13,14,15,16,17,18,19,20,21,22,23,24,25,26,27,28,29,30,31,32,33,34,35,36,37,38,39,40,41,42,43,44,45,46,47,48,49,50,51,52,53,54,55,56,57,58,59,60,61,62,63,64,65,66,67,68,69,70,71,72,73,74,75,76,77,78,79,80,81,82,83,84,85,86,87,88,89,90,91,92,93,94,95,96,97,98,99]
CFO=-1325.3199458567344,STO=4
EsN0dB=10.29,GRXdB=10,N0=0.0015848932089284062
packet_number=1300,correct=False,payload=[0,1,2,3,4,5,6,7,8,9,10,11,12,13,14,15,16,17,18,19,20,21,22,23,24,25,26,27,28,29,30,31,32,33,34,35,36,37,39,39,40,41,42,43,44,45,46,47,48,49,50,51,52,53,54,55,56,57,58,59,60,61,62,63,64,65,66,67,68,69,70,71,72,73,74,75,76,77,78,79,80,81,82,83,84,85,86,87,88,89,90,91,92,93,94,95,96,97,98,99]
CFO=-1035.0653652527342,STO=5
EsN0dB=9.32,GRXdB=10,N0=0.00199526222422719
packet_number=1301,correct=True,payload=[0,1,2,3,4,5,6,7,8,9,10,11,12,13,14,15,16,17,18,19,20,21,22,23,24,25,26,27,28,29,30,31,32,33,34,35,36,37,38,39,40,41,42,43,44,45,46,47,48,49,50,51,52,53,54,55,56,57,58,59,60,61,62,63,64,65,66,67,68,69,70,71,72,73,74,75,76,77,78,79,80,81,82,83,84,85,86,87,88,89,90,91,92,93,94,95,96,97,98,99]
CFO=-1134.974313076115,STO=4
EsN0dB=9.20,GRXdB=10,N0=0.00199526222422719
packet_number=1302,correct=False,payload=[0,1,2,3,4,1,6,7,8,9,10,75,28,13,14,15,16,17,18,19,20,21,22,23,24,25,26,27,28,29,30,31,34,33,34,35,36,37,38,39,40,41,42,43,44,45,46,47,48,49,50,51,52,53,54,55,56,57,58,59,60,61,126,63,64,65,66,67,68,69,70,71,72,73,74,75,76,77,78,79,80,81,82,83,84,85,86,87,88,89,94,123,92,125,94,95,96,97,98,99]
CFO=-1064.2388107451513,STO=4
EsN0dB=9.19,GRXdB=10,N0=0.00199526222422719
packet_number=1303,correct=False,payload=[0,1,2,3,4,5,6,7,8,9,10,11,12,13,14,15,16,17,146,19,20,21,18,23,24,25,26,27,28,29,30,31,32,33,34,35,36,37,38,39,40,41,42,43,44,45,46,47,48,49,50,51,48,53,54,55,56,57,58,59,60,61,62,63,64,129,66,67,68,69,70,87,72,73,74,75,76,77,78,79,80,81,82,83,84,85,86,87,88,89,90,91,84,93,94,95,96,97,98,99]
CFO=-1117.882950474889,STO=5
EsN0dB=9.33,GRXdB=10,N0=0.00199526222422719
packet_number=1304,correct=False,payload=[0,1,2,3,4,5,6,7,8,1,10,11,12,13,14,15,16,17,18,19,20,21,22,23,24,25,26,27,28,29,30,31,32,33,34,35,36,37,38,39,168,41,42,43,44,45,46,47,48,49,50,51,52,53,54,55,56,57,58,59,60,61,62,63,64,65,66,67,68,69,70,71,72,73,66,75,76,77,78,79,80,81,82,83,84,85,86,87,88,89,90,91,92,93,94,95,96,97,98,99]
CFO=-951.9450461251795,STO=4
EsN0dB=9.26,GRXdB=10,N0=0.00199526222422719
packet_number=1305,correct=False,payload=[0,1,2,3,4,5,6,7,8,41,10,11,12,13,14,15,16,17,18,19,20,21,23,23,24,25,26,27,28,29,30,31,32,33,34,35,36,37,38,39,40,41,42,43,44,45,46,47,48,49,50,51,52,53,54,55,56,57,58,58,60,61,62,63,68,65,66,67,68,69,70,71,72,73,74,75,76,77,78,79,80,81,82,83,84,85,86,87,88,89,90,91,92,93,94,95,96,97,98,99]
CFO=-1270.3551843077878,STO=6
EsN0dB=9.37,GRXdB=10,N0=0.00199526222422719
packet_number=1306,correct=False,payload=[1,1,2,3,4,5,6,7,8,9,10,11,12,13,14,79,16,17,18,19,20,21,22,23,24,25,26,27,28,29,30,31,32,33,35,35,36,37,38,39,40,41,42,43,44,45,46,47,48,49,50,51,116,53,54,55,56,57,58,59,60,61,62,63,64,65,66,67,68,69,70,71,72,73,74,75,76,77,78,79,80,81,82,83,84,85,86,87,88,89,90,91,92,93,222,95,96,97,98,99]
CFO=-1275.414741799213,STO=4
EsN0dB=9.23,GRXdB=10,N0=0.00199526222422719
packet_number=1307,correct=False,payload=[0,1,2,3,4,5,6,7,8,9,10,11,12,13,14,15,16,21,18,19,20,21,22,23,24,25,26,27,28,29,30,31,32,1,34,51,36,37,38,39,40,41,42,43,44,45,62,47,48,49,50,51,52,53,52,167,56,57,56,59,60,61,62,63,64,65,66,67,68,69,70,71,72,73,74,75,76,77,78,79,80,81,82,83,84,85,86,87,88,89,90,91,92,93,94,95,96,97,98,99]
CFO=-1101.6937420265356,STO=5
EsN0dB=9.21,GRXdB=10,N0=0.00199526222422719
packet_number=1308,correct=False,payload=[0,1,2,3,4,5,6,7,8,9,10,11,12,13,14,15,16,17,18,19,20,21,22,23,24,25,26,27,28,29,30,15,32,33,34,35,36,37,38,39,40,41,42,59,44,45,46,47,48,49,50,51,52,53,54,55,56,57,58,59,60,61,58,63,64,65,66,67,68,69,70,71,72,73,74,75,68,77,78,79,80,81,82,83,84,85,86,87,80,121,90,91,92,93,94,95,96,97,98,99]
CFO=-707.4873582248072,STO=4
EsN0dB=9.32,GRXdB=10,N0=0.00199526222422719
packet_number=1309,correct=False,payload=[0,1,2,3,0,5,6,7,12,9,10,11,12,13,14,15,16,17,18,19,20,21,22,23,24,25,26,27,28,29,30,31,32,33,34,35,36,37,38,39,40,41,42,43,44,45,46,47,32,49,50,51,52,53,54,55,56,57,58,59,60,61,62,63,64,65,66,67,68,69,70,71,72,73,74,75,76,77,78,79,80,81,82,83,84,85,86,87,88,89,90,91,92,93,94,95,96,97,98,99]
CFO=-1161.4571857861085,STO=5
EsN0dB=9.35,GRXdB=10,N0=0.00199526222422719
packet_number=1310,correct=False,payload=[0,1,2,3,4,5,6,7,8,9,10,11,12,13,14,15,16,17,18,19,20,23,22,23,24,25,26,27,29,29,22,31,32,161,34,35,36,37,38,39,40,41,42,43,44,45,46,47,48,49,50,51,52,53,54,55,56,57,58,59,60,61,62,63,72,65,66,67,68,69,70,71,72,73,74,75,76,77,78,79,80,81,82,83,84,85,86,87,88,89,90,123,92,93,94,95,96,97,98,99]
CFO=-934.7579304379328,STO=4
EsN0dB=9.30,GRXdB=10,N0=0.00199526222422719
packet_number=1311,correct=False,payload=[0,1,2,3,4,5,6,7,8,9,10,11,12,13,14,15,16,17,18,19,20,21,22,23,24,25,26,27,28,29,30,31,32,33,34,35,36,37,38,39,40,41,42,43,44,45,46,47,48,49,50,51,52,53,54,55,56,57,58,59,60,61,62,63,64,65,70,67,68,69,68,71,72,73,74,75,76,77,78,79,80,81,82,83,84,85,86,87,88,89,90,91,92,93,94,95,96,97,98,99]
CFO=-996.1794144764938,STO=4
EsN0dB=9.41,GRXdB=10,N0=0.00199526222422719
packet_number=1312,correct=False,payload=[0,1,2,3,4,4,6,7,8,9,10,11,12,13,14,15,16,17,18,19,20,21,22,23,24,25,26,27,28,29,30,31,32,33,34,35,36,37,38,39,40,41,42,43,44,45,46,47,48,49,50,51,52,53,54,55,56,57,58,59,62,61,62,63,64,65,66,67,68,69,70,71,72,73,74,75,76,77,78,79,80,81,82,83,84,85,86,87,88,89,90,91,92,93,94,95,96,97,98,99]
CFO=-1337.9176131665229,STO=4
EsN0dB=9.27,GRXdB=10,N0=0.00199526222422719
packet_number=1313,correct=False,payload=[0,1,2,3,37,5,6,7,8,9,10,11,12,13,14,15,16,17,18,19,20,21,22,23,24,25,10,27,28,29,30,23,32,33,42,35,36,37,38,39,40,41,42,43,44,45,46,47,48,49,50,51,52,53,54,55,56,57,58,59,60,61,62,63,64,65,66,67,68,69,70,71,72,73,74,75,76,77,78,79,80,81,82,83,84,85,86,87,88,89,90,91,92,93,94,95,96,97,98,98]
CFO=-1146.2827821800636,STO=4
EsN0dB=9.25,GRXdB=10,N0=0.00199526222422719
packet_number=1314,correct=False,payload=[0,1,2,3,132,5,22,7,8,9,10,11,12,13,14,15,16,17,18,19,20,21,22,55,16,25,26,27,28,29,30,31,32,33,34,35,36,37,36,39,40,41,42,43,44,45,46,47,48,49,50,51,52,53,54,183,56,57,58,59,60,61,54,63,64,65,66,67,70,69,70,71,72,73,74,75,76,77,78,79,80,81,82,83,84,85,86,119,88,89,90,91,92,93,94,95,100,97,98,99]
CFO=-821.766917340189,STO=5
EsN0dB=9.30,GRXdB=10,N0=0.00199526222422719
packet_number=1315,correct=False,payload=[0,1,2,3,4,5,6,7,8,9,42,11,12,13,14,15,16,17,18,19,20,21,18,23,24,153,26,27,28,29,30,31,32,33,34,35,36,37,38,39,40,41,42,43,44,45,110,47,48,49,50,51,52,53,54,55,56,57,58,59,60,61,54,63,68,65,66,67,68,69,198,71,72,73,74,75,76,77,78,79,80,81,83,83,84,85,86,87,88,89,90,91,92,93,94,95,96,97,98,99]
CFO=-1023.5683544685719,STO=5
EsN0dB=9.34,GRXdB=10,N0=0.00199526222422719
packet_number=1316,correct=False,payload=[0,1,2,3,4,5,6,7,8,9,10,11,12,15,14,15,16,17,18,19,20,21,22,23,24,25,26,27,28,29,30,31,32,33,34,35,36,37,38,39,40,41,42,43,44,45,46,47,48,49,58,51,52,53,54,55,56,57,58,59,60,61,62,63,64,65,66,67,68,69,70,71,72,73,74,75,76,77,78,79,80,81,82,83,84,85,86,87,88,89,90,91,92,93,94,95,96,97,98,99]
CFO=-794.0244913426282,STO=3
EsN0dB=9.23,GRXdB=10,N0=0.00199526222422719
packet_number=1317,correct=False,payload=[0,1,2,3,4,5,6,7,8,9,10,11,12,13,15,15,16,1,18,19,20,21,22,23,25,25,26,27,28,29,30,31,32,33,34,35,36,37,38,39,40,41,42,43,44,45,46,47,48,49,50,51,52,53,54,23,56,57,58,59,60,61,62,63,0,65,66,67,68,69,70,71,72,73,74,74,76,77,78,79,80,49,82,83,84,85,86,87,88,89,90,91,92,93,94,95,96,97,98,115]
CFO=-1093.5040369045403,STO=5
EsN0dB=9.35,GRXdB=10,N0=0.00199526222422719
packet_number=1318,correct=False,payload=[0,1,2,3,4,5,6,7,8,9,10,11,12,13,14,15,16,17,18,19,20,21,22,23,24,25,26,27,92,29,30,31,32,33,34,35,36,37,38,39,40,41,42,43,44,45,46,47,48,49,50,51,52,53,54,55,56,57,58,59,60,61,190,63,64,65,64,67,68,5,70,71,72,73,74,75,76,77,78,79,80,81,82,211,84,85,86,87,120,89,90,91,92,93,94,95,96,97,98,99]
CFO=-1133.408587072628,STO=4
EsN0dB=9.33,GRXdB=10,N0=0.00199526222422719
packet_number=1319,correct=False,payload=[0,1,2,7,36,5,6,7,8,137,10,11,12,13,14,14,16,17,18,19,20,21,22,23,24,25,26,27,28,25,30,31,32,33,34,39,36,37,38,39,40,41,42,43,12,45,46,47,48,49,50,51,52,53,54,55,56,57,58,59,60,61,62,63,64,65,66,67,68,69,70,71,72,73,74,75,76,77,78,79,80,81,82,83,84,85,86,87,88,89,90,91,92,93,94,95,96,97,98,99]
CFO=-1297.4224176467712,STO=4
EsN0dB=9.30,GRXdB=10,N0=0.00199526222422719
packet_number=1320,correct=False,payload=[0,1,2,3,68,5,6,7,0,9,10,11,12,13,14,15,16,17,18,19,20,21,22,23,24,25,26,27,28,29,30,15,32,33,34,35,36,37,38,39,40,41,42,43,44,45,46,47,48,49,50,51,52,53,54,55,56,57,58,59,60,61,62,63,64,65,66,67,68,69,70,71,72,73,74,75,76,77,78,79,80,81,82,83,84,85,86,87,88,89,90,91,92,93,94,95,96,97,98,99]
CFO=-823.1329551741915,STO=4
EsN0dB=9.28,GRXdB=10,N0=0.00199526222422719
packet_number=1321,correct=False,payload=[0,1,2,3,4,5,6,7,8,9,10,11,12,13,14,15,16,17,18,19,20,21,22,23,24,25,26,27,28,29,30,31,32,33,34,35,36,101,38,39,40,41,42,43,44,45,46,47,48,49,50,51,52,53,54,55,56,57,58,59,60,61,62,63,64,65,66,67,68,85,70,71,8,73,74,75,76,77,78,79,80,81,82,83,84,85,86,119,88,88,90,91,92,93,86,94,96,97,98,99]
CFO=-1096.5918515918167,STO=5
EsN0dB=9.16,GRXdB=10,N0=0.00199526222422719
packet_number=1322,correct=False,payload=[0,1,2,3,4,5,6,7,8,9,10,11,8,13,14,15,16,17,18,19,20,21,22,23,24,25,26,27,28,29,30,31,96,33,34,35,36,37,38,39,42,41,42,43,44,45,46,47,48,49,50,51,52,53,54,55,56,57,58,59,60,61,62,63,64,65,66,67,68,69,70,71,72,105,74,75,76,77,78,79,80,81,82,83,84,85,86,87,88,89,90,91,92,93,94,95,96,97,98,99]
CFO=-967.7296607289481,STO=5
EsN0dB=9.35,GRXdB=10,N0=0.00199526222422719
packet_number=1323,correct=False,payload=[0,1,2,3,4,5,6,7,8,9,10,11,12,13,14,15,16,17,18,19,20,21,22,23,24,25,26,27,28,29,30,31,32,33,34,131,36,37,38,39,40,41,42,43,44,45,46,47,48,49,50,51,52,53,54,55,56,57,58,59,60,61,62,63,96,65,66,67,68,69,70,71,72,73,74,75,76,77,78,79,80,81,82,83,84,85,86,87,88,89,88,91,88,93,94,95,96,97,98,99]
CFO=-678.3053749959277,STO=4
EsN0dB=9.35,GRXdB=10,N0=0.00199526222422719
packet_number=1324,correct=False,payload=[0,129,2,3,4,5,6,7,8,9,10,27,12,13,10,15,16,19,18,19,20,21,22,23,24,25,26,27,28,29,30,31,32,33,34,35,36,37,38,39,42,41,42,43,44,45,46,47,48,49,50,51,52,53,54,55,56,57,58,59,188,61,62,63,64,65,66,67,68,69,70,71,72,73,74,75,76,77,78,79,16,81,82,83,84,85,86,87,88,89,90,91,92,93,94,95,96,97,98,99]
CFO=-1134.6331593566338,STO=4
EsN0dB=9.26,GRXdB=10,N0=0.00199526222422719
packet_number=1325,correct=False,payload=[0,1,2,3,4,5,6,7,8,9,10,11,12,13,14,15,0,17,18,19,20,21,22,23,24,25,26,27,28,29,30,31,32,32,34,35,36,37,38,39,40,41,42,43,44,45,46,47,48,49,50,51,52,53,54,55,56,57,58,59,60,61,62,63,64,65,66,67,68,69,70,71,72,73,74,75,76,77,78,79,80,81,82,83,84,85,86,87,88,89,90,91,92,95,94,95,96,97,98,99]
CFO=-1172.048959345898,STO=3
EsN0dB=9.32,GRXdB=10,N0=0.00199526222422719
packet_number=1326,correct=False,payload=[0,1,2,3,4,5,6,7,8,9,10,11,4,15,14,15,16,17,18,19,20,21,22,23,24,25,26,27,28,29,30,31,32,33,34,35,36,37,38,39,40,41,42,59,44,45,46,47,48,57,50,51,52,53,54,55,56,57,58,59,60,61,62,63,64,65,66,67,68,69,70,71,72,73,74,75,76,77,78,79,80,81,210,83,84,85,86,87,88,121,90,91,92,93,94,95,96,97,98,99]
CFO=-939.3668851716144,STO=5
EsN0dB=9.31,GRXdB=10,N0=0.00199526222422719
packet_number=1327,correct=False,payload=[0,1,2,3,4,5,6,7,8,9,10,11,12,13,14,15,16,17,18,19,20,21,22,23,24,25,154,27,28,29,30,31,32,33,34,35,36,37,38,39,40,41,42,43,44,45,46,47,48,49,50,51,52,53,182,55,56,57,58,59,60,61,62,63,64,65,66,67,68,69,70,71,104,73,74,75,76,77,78,79,80,81,82,83,84,85,86,87,120,89,90,91,92,93,94,95,96,97,98,99]
CFO=-741.8646726708007,STO=4
EsN0dB=9.44,GRXdB=10,N0=0.00199526222422719
packet_number=1328,correct=False,payload=[0,1,2,3,4,5,6,7,8,9,10,11,12,13,14,15,16,25,18,19,20,21,22,23,24,25,26,27,28,29,30,31,32,33,34,35,36,37,38,39,40,41,58,43,44,45,46,47,48,49,178,51,52,53,54,55,56,57,58,59,60,61,62,63,64,65,66,67,68,69,70,71,72,73,74,75,76,77,78,79,80,81,82,83,84,85,86,87,88,89,90,91,92,89,94,95,96,97,98,99]
CFO=-945.7652071722315,STO=5
EsN0dB=9.15,GRXdB=10,N0=0.00199526222422719
packet_number=1329,correct=False,payload=[0,1,2,3,4,5,6,7,8,9,10,11,12,13,14,15,16,17,18,19,20,21,22,23,24,25,26,27,28,29,30,31,32,33,34,35,36,37,38,39,40,41,42,43,44,45,46,47,48,49,50,51,52,53,54,39,56,57,58,59,60,61,62,63,64,65,66,67,68,69,70,71,72,73,74,75,76,77,78,79,80,81,82,83,84,85,86,87,88,89,90,91,92,93,94,79,96,97,98,99]
CFO=-953.0069863875415,STO=4
EsN0dB=9.29,GRXdB=10,N0=0.00199526222422719
packet_number=1330,correct=False,payload=[0,1,2,3,4,5,6,7,8,9,10,11,12,25,14,15,16,17,18,19,20,21,22,23,24,25,26,27,28,29,30,31,32,33,34,35,36,37,38,39,40,41,42,43,44,45,46,47,48,49,50,51,52,53,54,55,56,57,58,59,60,61,62,63,64,65,194,67,68,69,70,71,72,73,74,75,76,77,78,79,80,81,82,83,84,85,86,87,88,89,90,91,92,93,94,95,96,97,98,99]
CFO=-1092.3801387629885,STO=5
EsN0dB=9.07,GRXdB=10,N0=0.00199526222422719
packet_number=1331,correct=False,payload=[0,1,2,3,4,5,6,7,8,9,10,11,12,13,14,15,16,17,82,19,20,21,22,23,24,25,26,27,28,29,30,31,32,33,34,35,36,37,38,39,40,41,42,42,44,37,46,47,48,49,50,51,52,53,54,55,56,57,58,59,188,61,62,47,64,65,66,67,84,69,70,71,72,73,74,75,76,77,78,79,80,81,82,83,84,85,86,87,88,89,122,91,92,93,94,95,112,97,98,99]
CFO=-823.3782372279792,STO=5
EsN0dB=9.40,GRXdB=10,N0=0.00199526222422719
packet_number=1332,correct=False,payload=[16,1,2,3,4,5,6,7,8,9,10,11,12,13,14,15,16,17,82,19,20,21,22,23,24,25,26,27,28,25,30,31,32,33,34,35,36,37,38,39,40,41,42,43,44,45,46,47,48,49,50,51,52,53,54,55,56,57,58,59,60,61,62,63,64,65,66,67,68,71,70,71,72,73,74,75,76,77,78,79,80,81,82,83,84,85,86,87,88,89,90,91,92,93,94,95,96,97,102,195]
CFO=-1306.3422178159847,STO=1
EsN0dB=9.42,GRXdB=10,N0=0.00199526222422719
packet_number=1333,correct=False,payload=[0,1,6,3,4,5,6,7,8,9,10,11,12,13,14,15,16,17,18,19,20,21,22,23,24,25,26,27,28,29,30,31,32,33,34,35,36,37,38,39,40,41,42,43,44,45,46,47,48,49,50,51,52,53,54,55,56,57,58,59,60,61,62,63,64,65,66,67,68,77,70,71,72,73,74,75,76,77,78,79,80,81,82,83,84,87,86,87,88,89,90,91,92,93,94,95,96,225,98,99]
CFO=-932.1907398053601,STO=4
EsN0dB=9.24,GRXdB=10,N0=0.00199526222422719
packet_number=1334,correct=False,payload=[0,1,2,3,4,5,6,7,8,9,10,11,12,13,14,15,16,17,18,19,20,21,22,23,24,25,26,27,28,29,30,31,32,33,34,35,36,37,38,39,40,41,42,43,44,45,46,47,48,49,48,51,52,53,54,55,56,57,58,59,60,61,62,63,64,65,66,67,68,69,70,71,72,73,74,75,76,77,78,79,80,81,82,83,84,85,86,87,88,89,90,91,92,93,94,95,96,97,98,99]
CFO=-823.3950162517215,STO=4
EsN0dB=9.08,GRXdB=10,N0=0.00199526222422719
packet_number=1335,correct=False,payload=[0,1,2,3,4,5,6,7,8,9,10,11,12,13,14,15,16,17,18,19,20,21,22,23,24,25,26,27,28,29,30,31,32,33,34,35,36,37,38,39,40,41,42,43,44,45,46,47,48,49,50,51,52,61,54,55,56,57,58,59,60,61,62,63,64,65,66,67,68,69,70,71,72,73,74,75,76,77,78,79,80,209,82,83,84,85,86,87,88,89,90,91,92,95,94,95,96,97,98,99]
CFO=-1249.9382547747387,STO=0
EsN0dB=9.19,GRXdB=10,N0=0.00199526222422719
packet_number=1336,correct=False,payload=[0,1,2,3,4,5,6,7,8,9,10,11,12,13,14,15,16,17,16,19,20,21,22,23,24,25,26,27,29,29,30,31,32,33,34,35,36,37,38,39,40,41,42,43,44,45,46,47,48,49,50,51,52,49,54,55,56,57,58,59,60,61,62,63,64,65,66,67,68,69,70,71,72,73,74,79,76,77,78,79,80,81,82,83,84,85,86,87,88,89,90,91,92,93,94,95,96,97,98,99]
CFO=-1059.4120251520026,STO=4
EsN0dB=9.27,GRXdB=10,N0=0.00199526222422719
packet_number=1337,correct=False,payload=[0,1,2,3,4,5,6,7,8,9,10,11,12,13,14,15,16,17,18,19,20,21,6,23,24,25,26,27,28,29,30,31,32,33,34,35,36,37,166,39,40,41,42,43,44,45,46,47,48,49,50,51,52,53,54,55,56,57,58,59,60,61,62,63,64,65,66,67,68,69,70,71,72,73,74,75,76,77,78,79,80,81,82,83,84,85,86,87,88,89,90,91,92,93,94,95,96,97,98,99]
CFO=-1062.4609457065053,STO=5
EsN0dB=9.20,GRXdB=10,N0=0.00199526222422719
packet_number=1338,correct=False,payload=[0,1,2,3,20,5,6,7,8,9,10,11,12,13,14,15,16,17,18,19,20,21,22,23,24,24,18,27,28,29,30,31,32,33,34,35,36,37,38,39,40,41,42,43,44,45,46,47,48,49,48,51,52,53,54,55,56,57,58,59,60,61,62,63,64,65,66,67,68,69,70,71,72,73,74,75,76,77,78,79,80,81,90,83,84,85,84,87,88,89,90,91,92,93,94,95,96,97,98,99]
CFO=-1223.7489853353172,STO=5
EsN0dB=9.41,GRXdB=10,N0=0.00199526222422719
packet_number=1339,correct=False,payload=[0,1,2,19,4,5,6,7,8,9,10,11,12,13,14,15,16,17,18,19,20,21,22,23,152,25,26,27,28,29,30,31,32,33,34,35,36,37,38,39,40,41,42,59,44,45,46,47,48,49,50,51,52,53,54,55,56,105,58,59,60,61,62,63,64,65,66,67,68,69,71,87,72,73,74,75,76,77,78,79,80,81,82,83,84,85,214,87,88,89,90,91,92,93,94,95,96,97,98,97]
CFO=-893.2946504670704,STO=4
EsN0dB=9.35,GRXdB=10,N0=0.00199526222422719
packet_number=1340,correct=False,payload=[0,1,2,3,4,13,6,7,8,9,10,11,12,13,14,15,16,17,18,19,20,21,22,23,24,25,26,27,156,29,30,31,32,33,34,35,36,37,38,103,40,41,42,43,44,45,46,47,48,49,50,51,52,53,54,55,56,57,58,59,60,61,62,63,64,65,66,67,68,69,70,71,72,73,202,75,76,77,78,79,80,81,82,83,84,85,86,87,88,89,90,91,92,93,94,93,96,97,98,99]
CFO=-977.2782889045606,STO=5
EsN0dB=9.07,GRXdB=10,N0=0.00199526222422719
packet_number=1341,correct=False,payload=[0,1,2,3,4,5,2,7,8,9,10,11,12,13,14,15,0,17,19,19,20,21,22,23,24,25,26,27,28,157,30,31,32,33,34,35,36,37,38,39,40,41,42,43,46,45,46,47,48,49,50,51,52,53,54,55,56,57,58,59,60,61,62,63,64,65,66,67,68,69,70,71,72,73,74,75,76,77,78,79,80,81,82,83,84,85,86,87,88,89,91,91,92,93,94,95,96,97,98,99]
CFO=-1202.44235251507,STO=4
EsN0dB=9.25,GRXdB=10,N0=0.00199526222422719
packet_number=1342,correct=True,payload=[0,1,2,3,4,5,6,7,8,9,10,11,12,13,14,15,16,17,18,19,20,21,22,23,24,25,26,27,28,29,30,31,32,33,34,35,36,37,38,39,40,41,42,43,44,45,46,47,48,49,50,51,52,53,54,55,56,57,58,59,60,61,62,63,64,65,66,67,68,69,70,71,72,73,74,75,76,77,78,79,80,81,82,83,84,85,86,87,88,89,90,91,92,93,94,95,96,97,98,99]
CFO=-1306.1437154432313,STO=5
EsN0dB=9.33,GRXdB=10,N0=0.00199526222422719
packet_number=1343,correct=False,payload=[0,1,2,3,4,5,6,135,8,9,10,11,12,13,14,15,16,17,18,19,20,21,22,23,24,25,26,27,28,29,30,63,32,33,34,35,36,37,38,39,40,41,42,43,44,45,46,43,48,49,50,51,52,53,54,55,56,57,58,59,60,61,62,63,64,65,66,67,68,69,70,71,72,73,74,75,76,77,78,79,80,81,82,83,84,85,86,87,88,89,90,91,92,93,94,95,96,97,98,99]
CFO=-1143.8283015267634,STO=5
EsN0dB=9.17,GRXdB=10,N0=0.00199526222422719
packet_number=1344,correct=False,payload=[0,1,2,3,4,5,6,7,8,9,10,11,12,13,14,15,16,17,18,19,20,21,22,23,24,25,26,27,28,29,30,31,32,33,34,163,36,37,38,39,40,41,42,43,44,45,46,47,48,49,50,51,52,53,54,23,56,57,56,59,60,61,62,63,64,65,66,67,68,69,70,199,72,73,74,75,76,77,78,79,80,81,80,81,84,85,86,95,88,89,90,91,92,93,94,95,96,97,98,99]
CFO=-969.5034347688724,STO=4
EsN0dB=9.43,GRXdB=10,N0=0.00199526222422719
packet_number=1345,correct=False,payload=[0,1,2,3,4,5,6,7,8,9,10,11,12,13,14,15,16,17,18,19,20,21,22,23,24,25,26,27,28,29,30,31,32,33,34,35,36,37,38,39,44,41,170,43,44,45,14,47,48,49,50,51,52,53,54,55,56,57,58,59,60,61,62,63,64,65,66,67,68,69,70,71,72,73,74,75,76,77,78,79,80,81,82,83,84,69,86,87,88,89,90,91,92,93,94,95,96,97,98,99]
CFO=-949.9443105909601,STO=4
EsN0dB=9.20,GRXdB=10,N0=0.00199526222422719
packet_number=1346,correct=False,payload=[0,1,2,3,4,5,6,7,8,9,10,11,12,13,14,143,16,17,18,19,20,21,22,23,26,29,26,27,28,29,30,31,32,33,34,35,36,37,38,39,40,41,170,43,44,45,46,47,48,49,50,51,52,53,54,55,56,57,58,59,60,61,62,63,64,65,98,67,68,69,70,71,72,73,74,75,76,77,78,79,80,81,82,83,84,85,86,87,216,217,122,91,92,93,94,95,96,97,98,99]
CFO=-1154.7286193959344,STO=4
EsN0dB=9.25,GRXdB=10,N0=0.00199526222422719
packet_number=1347,correct=False,payload=[0,1,2,67,4,5,6,7,8,9,10,11,12,13,14,15,16,17,18,19,20,21,22,23,24,25,26,27,28,29,30,31,32,33,34,35,36,37,38,39,40,41,42,43,44,45,46,47,48,49,50,51,52,53,54,55,56,57,58,59,60,61,62,63,64,65,66,67,68,69,70,71,72,73,106,75,76,77,78,79,80,81,82,83,84,85,86,87,88,89,90,91,92,93,94,95,96,97,102,99]
CFO=-765.3234672678037,STO=4
EsN0dB=9.06,GRXdB=10,N0=0.00199526222422719
packet_number=1348,correct=False,payload=[0,1,66,3,4,5,6,7,0,9,10,11,12,13,14,15,16,17,18,19,20,21,22,23,24,25,26,27,28,29,30,31,32,33,32,35,36,37,38,39,40,33,42,43,44,45,46,47,48,49,50,51,52,53,54,55,120,57,58,59,60,61,62,63,64,65,66,67,68,69,70,71,72,73,74,75,76,77,78,79,80,81,82,83,84,85,86,87,88,89,90,91,92,93,94,95,96,97,98,99]
CFO=-915.1079742304332,STO=4
EsN0dB=9.29,GRXdB=10,N0=0.00199526222422719
packet_number=1349,correct=False,payload=[0,1,2,7,36,5,6,7,8,9,10,11,12,141,14,15,16,17,18,19,20,21,22,23,24,25,26,27,28,29,30,31,32,33,34,35,36,37,38,39,40,41,40,43,44,45,46,47,48,49,50,51,20,53,54,55,56,57,58,59,60,61,62,63,64,65,66,67,68,69,70,71,72,73,74,75,76,77,78,79,80,81,82,83,84,85,86,87,88,89,90,91,92,93,94,95,96,99,98,99]
CFO=-1174.493716466005,STO=4
EsN0dB=9.12,GRXdB=10,N0=0.00199526222422719
packet_number=1350,correct=False,payload=[0,3,2,3,4,5,6,7,8,9,10,11,12,13,14,15,16,17,18,19,20,21,22,22,24,25,26,27,28,29,14,31,32,33,34,35,4,37,38,39,40,41,42,43,44,45,46,47,48,49,50,51,52,53,54,55,56,57,58,59,60,61,62,63,64,65,66,65,68,69,198,71,72,73,74,75,76,77,206,79,80,81,86,83,84,85,86,87,88,89,90,91,92,93,94,95,96,97,98,99]
CFO=-996.7251181320563,STO=5
EsN0dB=9.46,GRXdB=10,N0=0.00199526222422719
packet_number=1351,correct=False,payload=[0,1,2,3,4,5,6,7,8,9,10,11,12,13,14,15,16,17,18,19,20,21,22,23,24,25,26,27,28,29,30,31,32,33,50,35,36,37,38,39,40,41,43,43,44,45,46,47,52,49,50,51,52,53,54,55,56,57,58,59,60,61,62,63,64,69,66,67,68,69,70,71,72,73,74,75,76,77,78,79,80,81,82,83,84,85,22,87,88,89,90,91,92,93,94,95,96,97,98,99]
CFO=-948.5842610304485,STO=4
EsN0dB=9.38,GRXdB=10,N0=0.00199526222422719
packet_number=1352,correct=False,payload=[0,1,2,3,4,5,6,7,12,9,10,11,12,13,14,15,16,17,18,19,20,21,22,22,24,25,26,27,28,29,30,31,32,33,34,35,36,37,38,39,40,41,42,43,44,45,46,47,48,49,50,51,52,53,54,55,56,57,186,59,60,61,62,63,64,65,66,67,68,69,70,71,72,73,74,75,76,77,78,79,80,81,82,83,84,85,86,87,88,89,90,91,28,93,94,95,96,97,98,99]
CFO=-1237.4009445185534,STO=4
EsN0dB=9.35,GRXdB=10,N0=0.00199526222422719
packet_number=1353,correct=False,payload=[0,1,2,3,4,5,6,7,8,9,10,11,12,13,14,15,16,17,18,19,20,21,22,23,24,25,26,27,28,29,30,31,32,33,34,35,36,37,38,39,41,41,42,43,44,45,14,47,48,49,50,51,52,53,54,55,56,57,58,59,60,61,62,63,64,67,66,67,68,69,70,71,72,73,74,75,76,77,78,79,80,81,82,83,84,85,86,87,88,81,90,91,92,93,94,95,96,101,98,99]
CFO=-1142.5708826733116,STO=4
EsN0dB=9.31,GRXdB=10,N0=0.00199526222422719
packet_number=1354,correct=False,payload=[0,0,2,7,4,5,6,7,8,9,10,11,12,13,14,15,16,17,18,19,20,21,22,23,24,25,26,19,28,29,30,31,32,33,34,35,36,37,38,39,40,41,42,43,44,45,46,47,48,49,50,51,52,53,54,55,56,57,58,59,60,61,62,63,64,65,66,67,68,69,71,71,72,73,74,75,76,77,78,79,80,81,82,83,84,85,86,87,88,89,90,91,92,93,94,95,96,97,98,99]
CFO=-1057.4811923350699,STO=4
EsN0dB=9.24,GRXdB=10,N0=0.00199526222422719
packet_number=1355,correct=False,payload=[0,1,2,3,4,5,6,5,32,9,10,11,12,13,14,15,16,17,18,19,20,21,22,23,24,25,26,27,28,28,30,31,32,33,34,35,36,37,38,39,40,41,42,43,44,45,46,47,48,49,50,50,52,53,54,55,56,57,58,59,60,61,62,63,64,65,66,67,68,69,70,71,72,73,74,75,76,77,78,79,80,81,82,83,84,85,70,87,88,89,90,91,92,93,94,95,96,97,98,99]
CFO=-955.146163690094,STO=4
EsN0dB=9.31,GRXdB=10,N0=0.00199526222422719
packet_number=1356,correct=False,payload=[0,1,2,19,0,5,6,7,8,9,10,11,12,13,14,15,16,17,18,19,20,21,22,23,24,25,26,27,28,29,30,31,0,33,34,35,36,37,38,39,40,43,42,43,44,37,46,47,16,49,50,35,52,53,54,55,56,57,58,59,60,61,62,63,64,65,66,67,68,69,70,71,72,73,74,75,76,77,78,79,80,17,82,83,84,85,86,87,88,89,90,91,92,93,94,95,96,97,98,99]
CFO=-1029.8138272705753,STO=5
EsN0dB=9.22,GRXdB=10,N0=0.00199526222422719
packet_number=1357,correct=False,payload=[0,1,2,3,4,5,6,7,8,9,10,11,12,13,14,15,16,17,18,19,20,21,22,23,24,25,26,27,28,29,30,31,32,33,34,35,36,37,38,39,40,41,42,43,44,45,46,47,48,49,50,51,52,53,54,55,56,121,58,59,60,61,62,63,64,65,66,67,68,69,70,71,72,65,74,75,76,77,78,79,80,81,82,83,84,85,94,87,88,89,90,91,92,93,94,95,96,97,98,99]
CFO=-928.2822352006242,STO=3
EsN0dB=9.39,GRXdB=10,N0=0.00199526222422719
packet_number=1358,correct=False,payload=[0,1,2,3,4,5,6,7,8,9,10,139,12,13,14,15,16,17,18,19,20,149,22,23,24,25,26,27,28,29,30,31,32,33,34,35,36,37,38,39,40,41,42,43,44,41,46,47,48,49,58,51,52,53,54,55,56,57,58,59,60,61,62,63,64,65,66,67,68,69,70,71,72,73,74,75,76,77,78,79,80,81,82,83,84,85,94,87,88,89,90,91,92,93,94,95,96,97,98,115]
CFO=-972.6525551471368,STO=4
EsN0dB=9.32,GRXdB=10,N0=0.00199526222422719
packet_number=1359,correct=False,payload=[0,1,2,3,4,5,6,7,8,9,10,11,12,13,14,15,16,17,18,19,20,21,22,23,24,25,26,27,28,29,30,31,32,33,34,35,36,37,38,39,40,41,42,43,44,45,42,47,48,49,50,51,52,53,54,55,56,57,58,59,60,61,62,63,64,65,66,67,68,69,70,71,72,73,74,75,76,77,78,79,80,80,82,83,84,117,86,87,88,89,90,91,92,93,94,95,96,97,98,99]
CFO=-915.1214330233289,STO=4
EsN0dB=9.30,GRXdB=10,N0=0.00199526222422719
packet_number=1360,correct=False,payload=[0,1,2,3,4,7,6,7,8,9,10,11,12,13,14,15,16,17,18,19,28,21,22,23,24,25,26,27,28,29,30,31,32,33,34,35,36,37,38,39,40,41,42,43,44,45,46,47,48,49,50,51,52,53,54,55,56,61,58,51,60,61,62,63,64,65,66,71,68,69,70,71,72,73,74,75,76,77,78,79,80,81,82,83,84,85,86,87,88,89,90,91,92,93,94,95,96,97,98,99]
CFO=-1180.92073474751,STO=4
EsN0dB=9.23,GRXdB=10,N0=0.00199526222422719
packet_number=1361,correct=False,payload=[0,1,2,131,4,5,6,7,8,9,10,11,12,13,14,15,16,17,18,19,20,21,22,23,24,25,26,27,28,29,30,31,32,33,34,35,36,37,38,39,40,41,42,43,44,45,46,47,48,49,54,179,52,53,54,55,120,57,58,59,60,61,30,63,64,65,66,67,68,69,70,71,72,73,74,75,76,77,78,79,80,81,82,83,84,85,70,87,88,93,90,91,84,93,94,95,96,97,98,99]
CFO=-1272.6712824825913,STO=3
EsN0dB=9.11,GRXdB=10,N0=0.00199526222422719
packet_number=1362,correct=False,payload=[0,1,2,3,4,5,6,7,8,9,10,11,76,13,14,15,16,17,18,19,20,21,22,23,24,25,30,27,28,29,30,31,32,33,34,35,36,37,38,39,40,41,42,43,44,45,46,47,48,49,50,51,52,181,54,55,56,59,58,59,60,61,62,63,64,65,66,67,68,69,70,71,72,73,74,75,76,77,78,79,80,81,82,83,84,85,86,87,88,89,90,91,94,93,94,95,96,97,114,99]
CFO=-1172.5168747359132,STO=5
EsN0dB=9.30,GRXdB=10,N0=0.00199526222422719
packet_number=1363,correct=False,payload=[0,1,2,3,4,5,6,7,8,9,10,11,12,13,14,15,16,17,18,19,20,21,22,23,24,25,26,27,28,29,30,29,32,33,34,35,52,37,38,39,40,41,42,43,44,45,46,47,48,49,50,51,52,53,54,55,56,57,58,59,60,61,62,63,64,65,66,83,68,69,70,70,72,73,75,75,76,77,78,79,80,81,82,82,84,69,86,87,88,89,90,91,92,93,94,95,96,97,98,99]
CFO=-1135.6994277770634,STO=5
EsN0dB=9.32,GRXdB=10,N0=0.00199526222422719
packet_number=1364,correct=False,payload=[0,1,2,1,4,5,6,7,8,9,10,11,12,13,14,15,16,17,18,19,20,21,22,23,24,153,26,27,28,29,30,31,32,33,34,35,36,37,38,39,40,41,42,43,44,45,46,47,48,49,50,51,52,49,54,55,56,59,58,59,60,61,62,63,80,65,66,67,68,69,70,71,72,73,74,75,76,77,78,79,80,80,82,83,84,85,86,87,88,89,90,91,92,93,94,95,96,97,98,99]
CFO=-935.7350862340352,STO=4
EsN0dB=9.24,GRXdB=10,N0=0.00199526222422719
packet_number=1365,correct=False,payload=[0,1,2,3,4,5,6,7,8,9,10,11,12,13,14,15,24,17,18,19,20,53,22,23,24,25,26,27,28,29,30,31,32,33,34,35,36,37,38,39,40,41,42,43,44,45,46,47,48,49,50,51,52,53,54,55,56,57,58,59,60,61,62,63,64,64,66,67,68,197,70,71,72,73,74,75,76,77,78,79,80,81,82,83,86,85,86,87,88,89,90,91,92,93,94,95,96,97,98,99]
CFO=-802.1457759932503,STO=4
EsN0dB=9.33,GRXdB=10,N0=0.00199526222422719
packet_number=1366,correct=False,payload=[0,0,2,3,4,5,6,7,8,25,10,11,12,13,14,15,16,16,18,19,20,21,22,23,24,25,26,27,28,29,26,31,32,33,34,35,36,37,38,39,40,41,42,43,44,45,46,47,48,49,50,51,52,53,54,55,56,57,58,187,60,61,62,63,64,65,66,67,68,69,70,71,72,73,74,11,76,77,78,79,80,81,82,81,84,85,86,87,88,89,90,123,92,93,94,95,96,97,114,99]
CFO=-832.3698966790856,STO=4
EsN0dB=9.26,GRXdB=10,N0=0.00199526222422719
packet_number=1367,correct=False,payload=[0,1,2,3,4,5,6,7,8,9,10,11,12,13,14,15,16,17,18,19,20,21,22,23,24,25,26,27,28,29,30,31,32,33,34,35,36,37,38,39,40,41,42,35,44,45,46,47,48,49,50,51,60,53,54,55,56,57,58,59,60,61,62,63,64,65,66,67,68,69,70,71,216,73,74,75,76,77,78,79,80,81,82,83,84,85,86,87,88,89,90,91,92,93,94,95,96,97,98,99]
CFO=-1014.7897826900091,STO=4
EsN0dB=9.19,GRXdB=10,N0=0.00199526222422719
packet_number=1368,correct=False,payload=[0,1,6,3,4,5,6,7,8,9,10,11,12,13,14,15,16,17,18,17,20,21,22,23,24,25,26,27,28,29,30,31,32,33,34,35,36,37,38,39,40,41,42,43,44,45,46,47,48,49,50,51,52,53,54,55,56,57,58,59,60,61,62,63,64,65,66,67,68,69,70,71,73,73,74,75,76,77,78,79,80,81,82,83,84,85,86,87,88,89,90,91,92,93,94,95,96,97,98,99]
CFO=-1227.2455441557368,STO=4
EsN0dB=9.29,GRXdB=10,N0=0.00199526222422719
packet_number=1369,correct=False,payload=[0,1,2,3,4,5,6,7,8,9,10,11,12,13,14,15,16,17,18,19,20,21,22,31,24,25,26,27,28,29,30,31,32,33,34,35,36,37,38,39,40,41,42,43,44,45,46,47,48,49,50,51,52,53,54,55,56,57,58,59,60,61,62,63,64,65,66,67,68,69,70,71,72,73,74,75,76,77,78,79,80,81,82,83,84,85,86,87,88,89,90,91,92,93,94,95,96,97,99,99]
CFO=-1201.7116645694864,STO=4
EsN0dB=9.25,GRXdB=10,N0=0.00199526222422719
packet_number=1370,correct=False,payload=[0,1,2,3,4,5,6,135,8,9,10,11,12,13,14,15,16,17,18,19,20,21,22,23,24,25,26,26,28,29,30,31,32,33,34,35,36,37,38,39,40,41,42,43,44,45,44,47,48,49,50,51,52,53,54,55,56,57,58,59,60,61,62,63,64,65,66,67,68,69,70,71,72,73,74,75,76,77,78,79,80,81,82,83,84,85,86,87,88,217,90,91,92,93,94,95,96,97,226,99]
CFO=-1121.7293193309256,STO=4
EsN0dB=9.30,GRXdB=10,N0=0.00199526222422719
packet_number=1371,correct=False,payload=[0,1,2,3,4,5,6,7,8,9,10,11,12,13,46,15,16,17,18,19,20,21,22,23,24,25,27,27,28,29,30,31,32,33,34,35,36,37,38,39,40,41,42,43,44,45,46,47,48,49,50,51,52,53,54,55,56,57,58,59,60,61,62,63,64,65,98,67,68,69,70,71,72,73,74,75,76,77,78,79,80,81,82,83,84,85,86,87,88,89,90,91,92,93,94,95,96,97,98,99]
CFO=-1197.685766088391,STO=4
EsN0dB=9.15,GRXdB=10,N0=0.00199526222422719
packet_number=1372,correct=False,payload=[0,1,2,3,4,5,6,7,8,9,10,11,12,13,14,15,16,17,18,19,20,23,22,23,24,25,26,27,29,29,30,31,36,33,34,35,36,37,38,39,40,41,42,43,44,173,46,47,48,49,50,51,52,53,54,55,56,57,62,59,60,61,62,63,64,65,66,67,68,69,70,71,72,73,74,75,76,77,78,79,112,81,82,83,84,85,84,87,88,89,90,91,92,93,222,95,96,97,98,99]
CFO=-1107.6409869507165,STO=5
EsN0dB=9.31,GRXdB=10,N0=0.00199526222422719
packet_number=1373,correct=False,payload=[0,1,2,3,4,5,6,7,8,9,10,11,12,13,14,15,16,17,18,19,20,21,22,23,24,25,26,27,28,29,30,31,32,33,34,35,36,37,38,39,40,41,42,43,44,45,46,47,48,49,50,51,52,53,54,55,56,59,58,59,60,61,62,63,64,65,66,67,68,69,70,71,72,73,74,75,76,77,78,79,80,81,82,83,84,85,86,87,88,89,90,91,92,93,94,95,96,97,98,99]
CFO=-825.4568203175826,STO=4
EsN0dB=9.35,GRXdB=10,N0=0.00199526222422719
packet_number=1374,correct=False,payload=[0,1,2,3,4,5,6,7,8,9,10,11,12,13,14,15,16,17,18,19,20,21,22,23,24,25,26,27,28,29,30,31,32,33,34,35,36,37,38,39,40,41,42,43,108,45,46,47,48,49,50,50,52,53,54,55,56,57,58,59,52,61,62,63,64,65,66,66,68,69,70,71,72,73,202,75,108,77,78,79,80,81,82,83,84,85,86,87,88,89,90,91,92,93,94,95,96,97,98,99]
CFO=-924.5435959775904,STO=4
EsN0dB=9.26,GRXdB=10,N0=0.00199526222422719
packet_number=1375,correct=False,payload=[0,1,2,3,4,5,6,7,8,9,42,11,12,13,14,15,16,17,18,3,20,21,22,23,24,25,26,27,28,29,30,31,32,33,34,35,36,37,38,39,40,41,42,43,44,45,46,47,48,49,50,51,52,53,54,55,56,57,58,59,60,61,62,63,64,65,66,67,68,69,70,71,72,73,74,75,76,77,78,79,80,81,82,19,84,85,86,87,88,89,90,91,92,93,94,95,96,97,98,99]
CFO=-718.4481517272543,STO=5
EsN0dB=9.15,GRXdB=10,N0=0.00199526222422719
packet_number=1376,correct=False,payload=[0,1,2,3,4,5,6,7,8,9,2,11,12,13,14,143,16,17,2,19,20,21,22,23,88,27,26,155,28,29,30,31,32,33,34,35,36,37,39,39,40,41,42,43,44,45,46,47,48,49,50,51,52,53,54,55,56,57,58,59,60,61,62,63,64,65,66,67,68,69,70,71,72,73,74,75,76,77,78,79,80,81,82,83,84,85,86,87,88,89,90,91,28,93,94,95,96,97,98,99]
CFO=-931.1187202707855,STO=5
EsN0dB=9.15,GRXdB=10,N0=0.00199526222422719
packet_number=1377,correct=False,payload=[0,1,2,3,4,5,6,7,8,9,10,11,12,13,14,15,16,17,18,19,20,21,22,23,24,29,26,27,28,29,30,31,32,33,34,35,36,37,166,39,40,41,42,43,44,45,46,47,48,49,50,51,52,53,54,55,56,57,42,59,60,61,62,63,64,65,98,67,68,69,70,71,72,73,74,75,76,77,78,79,80,81,82,83,84,85,86,87,88,89,90,90,92,93,94,95,96,97,98,99]
CFO=-926.8588640946824,STO=5
EsN0dB=9.24,GRXdB=10,N0=0.00199526222422719
packet_number=1378,correct=False,payload=[0,1,2,3,4,5,6,7,8,9,10,11,12,13,14,13,16,17,18,19,20,21,22,23,24,25,26,27,28,29,94,31,32,33,34,35,38,37,38,39,40,41,42,43,44,45,46,47,48,49,50,51,52,53,54,55,56,57,58,59,60,61,62,63,64,65,66,67,68,69,70,71,72,73,74,75,76,77,78,79,80,81,82,83,84,85,86,87,88,89,90,91,92,93,94,95,96,97,98,99]
CFO=-1235.0454778922835,STO=3
EsN0dB=9.27,GRXdB=10,N0=0.00199526222422719
packet_number=1379,correct=False,payload=[0,1,2,3,4,5,6,7,8,9,10,11,12,13,14,15,16,17,18,19,20,21,22,23,24,25,26,27,28,29,30,31,32,33,34,35,36,37,38,39,40,41,42,43,44,13,46,47,48,49,50,51,52,53,182,55,48,57,58,59,60,61,62,63,64,65,66,67,68,69,70,71,72,73,74,107,76,77,78,79,80,81,82,83,84,85,86,87,88,89,90,91,84,93,94,91,96,97,98,99]
CFO=-1148.5510927466119,STO=5
EsN0dB=9.34,GRXdB=10,N0=0.00199526222422719
packet_number=1380,correct=False,payload=[0,1,2,3,4,5,6,7,8,9,10,11,12,13,14,15,16,17,18,19,20,21,22,23,24,25,26,27,28,29,30,31,36,33,34,35,36,37,38,39,40,41,42,43,44,45,46,47,48,49,50,51,52,53,54,55,56,57,58,59,60,61,62,63,64,65,66,67,68,69,70,71,72,73,74,75,76,77,78,79,80,81,82,83,84,85,86,87,88,89,90,91,92,93,94,95,96,97,98,99]
CFO=-1334.2161486710029,STO=4
EsN0dB=9.30,GRXdB=10,N0=0.00199526222422719
packet_number=1381,correct=False,payload=[0,1,2,3,4,5,6,7,8,9,10,11,12,13,14,15,16,17,18,19,20,21,22,23,24,25,30,27,28,29,31,31,32,33,34,35,36,53,38,39,40,41,42,43,108,45,46,46,48,49,50,51,52,53,54,55,56,57,58,59,56,61,62,63,64,65,66,67,68,69,70,71,105,73,74,75,76,77,78,79,80,81,82,83,84,85,86,87,88,89,90,91,92,93,94,95,96,97,96,99]
CFO=-1182.7672574168753,STO=5
EsN0dB=9.20,GRXdB=10,N0=0.00199526222422719
packet_number=1382,correct=False,payload=[0,129,2,3,4,5,6,7,12,9,10,11,12,13,14,15,18,17,18,19,20,21,22,23,24,25,26,27,30,29,30,31,32,33,34,35,164,37,38,39,40,33,42,43,44,45,46,47,48,49,50,51,52,53,54,55,56,57,58,59,60,61,62,63,0,65,66,67,68,69,70,71,72,73,74,75,76,77,78,79,80,81,82,83,212,85,86,87,88,89,90,91,92,93,94,95,96,97,98,99]
CFO=-660.1392062378094,STO=5
EsN0dB=9.26,GRXdB=10,N0=0.00199526222422719
packet_number=1383,correct=False,payload=[0,1,2,3,4,5,6,7,8,9,10,11,12,13,14,15,16,17,18,19,4,20,22,23,24,25,26,27,28,29,30,31,32,33,34,35,36,37,38,39,40,41,42,43,44,45,46,47,48,49,50,51,52,53,54,55,56,57,58,59,60,61,62,63,64,65,66,67,68,69,70,71,72,73,74,75,76,77,78,79,80,81,82,83,84,85,86,87,88,217,90,91,92,93,94,95,96,97,98,99]
CFO=-743.9775252859272,STO=4
EsN0dB=9.31,GRXdB=10,N0=0.00199526222422719
packet_number=1384,correct=False,payload=[0,1,2,3,4,5,6,7,8,9,10,11,12,13,14,15,16,17,18,19,20,21,22,23,24,25,26,27,28,29,30,31,32,33,34,35,52,37,38,39,40,41,42,43,44,45,62,47,48,49,50,51,52,53,54,55,56,57,58,59,60,61,126,63,64,65,66,67,68,69,70,71,72,73,74,75,76,77,78,79,80,81,82,83,84,85,86,23,88,89,90,91,92,93,94,95,96,97,114,99]
CFO=-1191.912596124307,STO=4
EsN0dB=9.35,GRXdB=10,N0=0.00199526222422719
packet_number=1385,correct=False,payload=[0,1,2,3,4,5,6,7,8,9,14,11,12,13,14,15,16,17,18,19,20,21,22,23,24,25,26,27,28,29,30,31,32,33,34,35,36,37,38,39,32,41,42,47,44,45,46,47,48,49,50,51,52,53,54,55,56,57,58,59,60,61,62,63,64,193,66,67,68,197,70,71,72,73,74,75,76,73,78,79,80,81,82,83,84,85,86,87,88,89,90,91,92,85,94,95,96,97,98,99]
CFO=-1083.3277665192597,STO=4
EsN0dB=9.31,GRXdB=10,N0=0.00199526222422719
packet_number=1386,correct=True,payload=[0,1,2,3,4,5,6,7,8,9,10,11,12,13,14,15,16,17,18,19,20,21,22,23,24,25,26,27,28,29,30,31,32,33,34,35,36,37,38,39,40,41,42,43,44,45,46,47,48,49,50,51,52,53,54,55,56,57,58,59,60,61,62,63,64,65,66,67,68,69,70,71,72,73,74,75,76,77,78,79,80,81,82,83,84,85,86,87,88,89,90,91,92,93,94,95,96,97,98,99]
CFO=-1245.339616472616,STO=4
EsN0dB=9.30,GRXdB=10,N0=0.00199526222422719
packet_number=1387,correct=False,payload=[0,1,2,3,4,5,6,7,8,9,10,11,12,77,14,15,16,17,18,19,20,21,22,23,24,25,26,27,28,29,30,31,32,33,34,35,36,37,38,39,40,41,42,43,44,45,46,47,48,49,50,51,52,53,54,55,56,57,58,59,60,61,62,63,64,65,66,67,68,69,70,71,72,73,74,75,76,77,78,79,80,81,82,83,84,85,86,87,88,89,90,91,92,93,94,95,96,97,98,99]
CFO=-1241.3355366513692,STO=4
EsN0dB=9.30,GRXdB=10,N0=0.00199526222422719
packet_number=1388,correct=False,payload=[0,1,2,3,4,5,6,7,8,9,10,11,12,13,14,15,16,17,18,17,20,21,22,23,24,25,26,27,28,29,30,31,36,33,34,35,36,37,38,39,40,41,42,43,44,45,46,43,48,49,50,51,52,53,54,55,56,57,58,59,60,61,62,63,64,65,66,67,68,69,70,71,72,73,74,75,76,77,78,79,80,81,82,83,84,69,86,87,88,89,90,91,92,93,94,95,96,97,98,99]
CFO=-907.3694647645472,STO=1
EsN0dB=9.26,GRXdB=10,N0=0.00199526222422719
packet_number=1389,correct=False,payload=[0,1,2,3,4,5,6,7,8,9,10,11,12,13,14,15,16,17,18,19,20,29,22,23,24,25,26,27,28,29,30,31,32,33,34,35,36,37,38,39,40,41,42,43,44,45,46,47,48,49,50,51,52,53,54,55,56,25,58,59,60,61,62,63,64,65,66,67,68,69,70,71,72,73,74,203,76,77,78,79,80,81,82,83,84,85,86,87,88,89,90,91,92,93,94,95,96,97,98,103]
CFO=-1031.6678204593452,STO=4
EsN0dB=9.33,GRXdB=10,N0=0.00199526222422719
packet_number=1390,correct=False,payload=[0,1,2,3,4,5,6,7,8,9,10,11,12,13,14,15,16,17,22,19,20,21,22,23,24,25,26,27,28,29,30,31,32,33,34,163,36,37,38,39,104,41,42,43,44,45,46,47,48,49,50,51,52,53,54,55,56,57,58,59,60,61,62,63,64,65,66,67,68,69,70,71,72,73,74,75,76,77,78,79,80,81,82,83,84,85,86,87,88,89,90,91,92,89,94,95,96,97,98,99]
CFO=-1024.956210962423,STO=4
EsN0dB=9.27,GRXdB=10,N0=0.00199526222422719
packet_number=1391,correct=False,payload=[0,1,2,3,4,5,6,7,8,9,10,11,12,13,14,15,16,17,18,17,20,21,22,31,24,25,26,27,28,29,30,31,32,33,34,35,36,165,36,39,40,169,42,43,44,45,46,47,48,49,50,51,52,53,54,55,56,57,58,59,60,61,62,63,64,65,66,67,68,69,70,71,72,73,74,67,92,77,78,79,80,81,82,83,84,85,86,87,88,89,90,91,92,93,94,95,96,97,98,35]
CFO=-1123.5271057546506,STO=5
EsN0dB=9.28,GRXdB=10,N0=0.00199526222422719
packet_number=1392,correct=False,payload=[0,1,2,3,4,5,6,7,8,9,10,11,12,13,14,15,16,17,18,19,20,21,22,23,24,25,26,27,28,29,30,31,32,33,34,35,36,37,38,39,40,41,42,43,44,45,46,47,48,49,50,51,52,53,54,55,48,57,58,59,60,61,62,59,64,65,66,67,68,69,70,71,72,9,74,75,76,77,78,79,80,81,82,83,84,87,86,87,88,89,90,91,92,93,94,95,96,97,98,99]
CFO=-1096.0465036752737,STO=5
EsN0dB=9.15,GRXdB=10,N0=0.00199526222422719
packet_number=1393,correct=False,payload=[0,1,2,3,4,5,6,7,8,9,10,11,12,13,14,15,16,17,18,19,20,21,22,23,24,25,26,27,28,29,30,31,96,33,34,35,36,37,38,39,40,169,42,43,44,45,46,47,48,49,50,51,52,53,54,55,56,57,58,59,60,125,62,63,64,65,66,67,68,69,70,71,72,73,74,75,76,77,76,79,80,81,82,83,84,85,86,87,88,89,90,91,92,93,94,95,96,97,98,227]
CFO=-1236.4395005291356,STO=5
EsN0dB=9.10,GRXdB=10,N0=0.00199526222422719
packet_number=1394,correct=False,payload=[0,1,0,3,4,5,6,7,8,9,10,11,12,13,14,15,16,17,18,19,20,21,22,23,24,25,26,27,28,28,30,31,32,33,34,35,36,37,38,39,40,41,42,43,44,45,46,47,48,49,50,51,52,53,54,55,56,57,58,59,60,61,62,63,64,65,66,67,68,69,70,71,72,73,74,75,76,77,78,79,80,81,82,83,84,85,86,87,88,89,90,91,92,93,94,95,96,97,98,99]
CFO=-1331.7916686749945,STO=4
EsN0dB=9.28,GRXdB=10,N0=0.00199526222422719
packet_number=1395,correct=False,payload=[0,1,2,3,4,5,6,7,8,9,10,11,12,13,14,15,16,17,18,19,20,21,22,23,24,25,26,27,28,93,30,31,32,33,34,35,36,37,38,39,40,41,42,43,44,45,46,47,48,49,50,51,52,53,54,55,56,57,58,59,60,29,62,63,64,65,66,67,68,69,70,71,72,73,74,75,76,77,78,207,80,81,82,83,84,85,86,87,88,89,90,27,92,93,94,95,96,97,98,99]
CFO=-1061.4072467314231,STO=5
EsN0dB=9.13,GRXdB=10,N0=0.00199526222422719
packet_number=1396,correct=False,payload=[0,1,2,3,4,5,6,5,8,9,10,11,12,13,14,15,0,17,18,19,20,21,22,23,24,25,58,27,28,29,30,31,32,33,34,35,36,37,38,39,40,41,42,43,44,45,46,47,48,49,50,51,52,53,54,55,56,57,58,59,60,61,62,63,64,65,66,67,68,69,68,71,72,73,74,75,76,77,78,79,80,81,210,83,84,85,86,87,88,89,90,91,92,93,94,95,96,97,98,97]
CFO=-835.1953538396494,STO=4
EsN0dB=9.25,GRXdB=10,N0=0.00199526222422719
packet_number=1397,correct=False,payload=[0,1,2,3,4,5,6,7,8,9,10,11,12,13,14,15,80,17,18,19,20,21,22,23,24,25,26,27,28,29,30,31,32,33,34,35,36,37,38,39,40,41,42,43,44,45,46,47,48,49,50,51,52,53,54,55,56,57,58,59,60,61,62,63,64,65,66,67,68,69,70,71,72,73,74,75,76,77,78,79,80,81,82,83,84,85,86,87,88,89,90,91,92,93,94,95,96,97,98,99]
CFO=-821.8767814073074,STO=5
EsN0dB=9.38,GRXdB=10,N0=0.00199526222422719
packet_number=1398,correct=False,payload=[0,9,2,3,4,5,6,7,8,9,10,11,12,13,30,15,16,17,18,19,20,21,22,23,24,25,26,27,28,29,30,31,32,33,34,51,36,37,38,39,40,41,42,43,44,45,46,47,48,33,50,51,52,53,54,55,56,57,58,59,60,61,62,63,64,65,66,67,68,69,70,71,72,73,74,75,76,77,78,79,80,81,82,83,84,85,86,87,88,89,90,91,92,93,94,95,96,97,98,99]
CFO=-1234.4008787893638,STO=4
EsN0dB=9.32,GRXdB=10,N0=0.00199526222422719
packet_number=1399,correct=False,payload=[0,1,6,3,4,5,6,7,8,9,10,11,12,13,14,15,16,17,18,19,20,21,22,23,24,25,26,27,28,29,30,31,32,33,34,35,36,37,38,39,44,41,42,43,44,45,46,47,48,49,50,51,52,53,54,55,56,57,58,59,60,61,62,63,64,65,66,67,68,69,70,71,72,73,74,75,76,77,78,79,80,81,82,83,84,85,86,87,88,89,90,91,92,93,94,95,96,97,98,99]
CFO=-1249.8564348003063,STO=4
EsN0dB=9.17,GRXdB=10,N0=0.00199526222422719
packet_number=1400,correct=False,payload=[0,1,2,3,4,5,6,7,8,9,10,11,12,13,6,15,16,17,18,19,52,21,22,23,24,25,18,27,28,29,30,31,32,33,34,35,36,37,38,39,40,41,42,43,44,45,46,47,48,49,50,49,52,53,54,55,56,57,58,123,28,61,62,63,64,65,66,67,68,71,70,71,72,73,74,75,76,77,78,79,80,81,82,83,84,85,86,87,88,89,90,91,92,93,94,95,96,97,98,99]
CFO=-1037.5253005709967,STO=4
EsN0dB=8.36,GRXdB=10,N0=0.002511886414140463
packet_number=1401,correct=False,payload=[0,1,2,3,4,5,6,7,8,9,26,11,12,13,14,47,16,17,18,19,20,21,22,23,24,25,26,27,28,29,30,31,32,33,34,35,36,37,38,39,40,41,42,43,44,45,46,47,48,49,50,51,52,53,54,55,56,57,58,59,60,61,190,63,64,65,66,67,68,69,70,71,72,73,74,75,76,77,78,79,80,80,82,115,84,85,86,87,88,89,90,91,92,93,94,95,96,97,98,99]
CFO=-1342.7398927320942,STO=5
EsN0dB=8.42,GRXdB=10,N0=0.002511886414140463
packet_number=1402,correct=False,payload=[0,1,2,3,4,5,6,7,8,9,10,11,12,13,14,15,16,17,18,19,20,53,22,23,24,25,26,91,28,29,30,31,32,33,34,35,36,37,38,47,41,41,42,43,44,45,174,47,112,49,50,51,52,53,38,55,57,57,58,59,60,61,62,63,64,65,66,67,68,65,70,71,72,73,78,75,108,77,78,79,80,81,82,19,84,85,86,87,89,89,90,91,92,93,94,95,96,97,98,99]
CFO=-949.5752906483024,STO=3
EsN0dB=8.26,GRXdB=10,N0=0.002511886414140463
packet_number=1403,correct=False,payload=[0,1,2,3,4,5,6,7,8,9,2,11,12,13,14,15,16,17,18,19,20,21,22,23,24,25,26,19,28,29,30,31,32,33,34,35,36,165,38,39,32,41,42,43,44,45,46,47,48,49,50,115,52,53,54,55,56,185,58,59,61,61,62,63,64,65,66,67,68,69,70,71,72,73,74,107,76,109,78,79,80,81,82,83,84,84,86,87,88,89,74,91,92,93,94,95,96,97,98,99]
CFO=-837.3545118171178,STO=1
EsN0dB=8.32,GRXdB=10,N0=0.002511886414140463
packet_number=1404,correct=False,payload=[0,1,2,3,4,5,38,7,8,9,10,155,12,13,14,15,16,17,18,19,20,21,22,23,24,25,10,27,28,29,30,31,32,33,34,35,36,37,38,39,40,41,42,43,46,45,46,47,48,57,50,51,52,53,53,55,56,57,58,59,60,61,62,63,64,65,66,67,64,69,70,71,72,73,74,75,76,77,78,79,80,81,114,83,84,85,86,87,88,89,90,91,92,93,94,95,96,97,98,99]
CFO=-1075.189880714405,STO=5
EsN0dB=8.17,GRXdB=10,N0=0.002511886414140463
packet_number=1405,correct=False,payload=[0,1,2,3,4,5,6,7,8,9,10,11,12,13,14,15,16,17,82,19,20,21,22,23,216,25,26,27,28,29,30,31,32,33,34,35,36,37,38,39,40,41,42,42,44,45,46,15,176,57,50,51,52,53,54,63,56,57,58,59,60,61,62,63,64,65,66,67,68,85,70,71,72,73,74,75,76,77,78,95,80,81,82,83,84,85,86,87,88,89,90,91,92,93,95,95,96,113,98,99]
CFO=-1210.9544757681986,STO=5
EsN0dB=8.20,GRXdB=10,N0=0.002511886414140463
packet_number=1406,correct=False,payload=[0,1,2,3,4,5,14,7,8,9,10,11,12,13,14,11,0,17,18,19,20,21,22,23,24,25,26,27,29,29,30,31,32,33,34,35,36,53,38,47,40,41,42,43,44,45,46,47,48,49,50,51,52,53,54,55,56,121,58,59,60,61,62,63,64,65,66,67,68,69,78,71,72,73,74,75,108,77,78,79,80,81,82,87,84,85,118,87,24,89,90,123,92,93,94,95,96,97,98,99]
CFO=-1068.9716812372124,STO=4
EsN0dB=8.32,GRXdB=10,N0=0.002511886414140463
packet_number=1407,correct=False,payload=[0,1,2,3,4,5,6,7,8,9,10,11,12,13,30,15,16,49,18,19,20,21,22,23,56,25,26,27,28,29,30,31,32,33,34,35,36,37,38,39,40,41,42,43,44,45,46,63,48,48,50,51,52,53,54,55,56,57,58,59,60,61,62,63,64,65,66,67,68,69,70,71,72,201,74,75,76,77,78,79,80,81,82,83,84,85,86,87,88,89,90,91,92,93,95,95,96,97,98,99]
CFO=-850.261731363509,STO=4
EsN0dB=8.15,GRXdB=10,N0=0.002511886414140463
packet_number=1408,correct=False,payload=[0,1,2,3,4,5,6,7,8,9,10,11,12,13,14,15,16,17,18,19,20,21,22,23,24,25,26,27,92,29,30,31,32,33,34,35,38,37,38,39,42,41,42,43,44,45,46,47,48,49,50,51,52,52,54,55,58,57,62,59,62,61,54,63,64,65,66,67,100,69,70,71,72,73,74,75,76,77,78,79,80,81,82,83,84,85,86,87,88,93,90,91,92,93,94,95,100,97,98,99]
CFO=-989.9152653759786,STO=4
EsN0dB=8.23,GRXdB=10,N0=0.002511886414140463
packet_number=1409,correct=False,payload=[0,1,2,3,4,5,6,7,8,9,10,11,76,13,14,15,16,17,18,19,20,21,22,23,24,25,26,27,28,29,30,31,32,33,34,35,36,37,38,39,40,41,170,43,44,45,46,47,48,49,50,51,52,53,54,55,58,57,58,59,60,61,62,63,64,65,66,67,68,69,70,71,72,73,90,75,76,77,78,79,80,81,82,83,86,85,86,85,72,89,218,91,28,93,94,95,96,97,98,99]
CFO=-878.2863176931886,STO=5
EsN0dB=8.42,GRXdB=10,N0=0.002511886414140463
packet_number=1410,correct=False,payload=[0,1,2,3,4,37,6,7,8,73,10,11,12,13,14,15,16,17,18,19,20,21,22,23,24,25,26,27,28,29,30,30,34,33,34,35,36,37,38,39,40,41,42,43,44,45,46,47,48,49,50,51,20,53,54,55,56,57,58,59,48,61,62,62,64,65,66,67,68,69,70,71,73,73,74,75,76,77,78,79,80,81,82,82,84,85,86,87,88,89,90,91,92,93,94,95,96,97,98,99]
CFO=-805.9195147995189,STO=5
EsN0dB=8.19,GRXdB=10,N0=0.002511886414140463
packet_number=1411,correct=False,payload=[0,1,2,3,4,5,6,7,8,9,10,11,12,13,14,15,16,17,18,19,20,21,22,23,24,25,26,27,28,25,30,95,32,33,34,35,36,37,38,39,40,105,42,43,44,45,46,39,48,49,50,51,52,53,54,55,56,57,58,59,60,63,62,63,66,65,66,75,68,69,70,71,72,73,74,75,76,77,78,79,80,81,82,83,84,85,86,87,88,89,90,219,220,93,94,91,224,97,98,99]
CFO=-667.5820372888442,STO=4
EsN0dB=8.24,GRXdB=10,N0=0.002511886414140463
packet_number=1412,correct=False,payload=[0,1,2,3,4,5,6,7,8,9,138,11,12,13,14,15,16,17,18,19,20,21,22,23,24,25,26,27,28,29,30,31,32,33,34,35,36,37,38,39,40,41,42,43,44,45,47,47,48,49,50,51,52,49,54,55,56,57,62,63,56,61,62,63,64,65,66,67,68,69,70,71,72,73,66,75,76,77,78,79,80,81,82,91,84,85,86,87,24,89,90,91,92,93,94,95,96,97,96,99]
CFO=-967.0180641107321,STO=5
EsN0dB=8.16,GRXdB=10,N0=0.002511886414140463
packet_number=1413,correct=False,payload=[0,1,2,3,4,5,6,7,8,11,10,75,12,13,14,15,16,17,18,19,20,21,22,23,24,25,26,27,28,29,30,27,32,33,34,35,36,37,38,103,40,41,42,41,44,45,46,47,48,17,50,51,52,53,54,55,56,57,58,59,60,61,62,127,64,65,66,67,68,69,70,71,72,73,202,75,76,77,78,79,80,81,82,83,84,85,86,87,88,89,90,91,92,125,94,127,96,97,98,99]
CFO=-960.7963072433466,STO=4
EsN0dB=8.18,GRXdB=10,N0=0.002511886414140463
packet_number=1414,correct=False,payload=[0,1,2,3,4,1,70,3,12,9,10,11,12,13,14,15,16,17,18,19,20,21,6,23,24,25,26,27,28,29,30,31,32,33,34,35,36,37,38,7,40,41,42,43,44,45,62,47,48,49,50,51,36,53,190,55,56,57,58,59,60,61,62,63,64,65,66,71,68,69,70,71,72,73,90,75,76,77,78,79,80,81,82,83,84,85,86,87,88,89,90,91,92,93,90,95,96,97,226,99]
CFO=-1476.7879284382298,STO=3
EsN0dB=8.31,GRXdB=10,N0=0.002511886414140463
packet_number=1415,correct=False,payload=[0,1,2,3,4,5,6,7,8,13,10,11,12,13,14,15,24,17,18,19,20,21,23,23,24,25,26,27,28,29,30,31,32,33,34,35,100,37,38,39,40,41,42,43,44,45,46,39,50,49,50,51,52,53,54,55,56,57,58,59,60,63,62,63,64,1,66,67,68,77,198,67,72,9,74,91,76,77,78,15,80,81,82,83,84,85,87,87,88,89,91,91,92,93,94,95,96,97,98,99]
CFO=-992.12499758402,STO=4
EsN0dB=8.20,GRXdB=10,N0=0.002511886414140463
packet_number=1416,correct=False,payload=[0,1,2,3,4,5,6,7,8,9,10,10,12,13,14,15,16,17,18,27,20,21,22,23,24,25,26,27,28,29,28,31,32,33,34,7,36,37,38,39,40,41,42,43,172,45,46,47,48,49,50,51,52,53,54,55,57,57,58,59,60,61,62,55,64,65,66,67,64,69,70,71,72,73,74,75,76,77,78,79,80,81,82,83,84,85,86,87,88,89,90,91,92,93,94,95,96,97,98,99]
CFO=-999.3139495549681,STO=5
EsN0dB=8.18,GRXdB=10,N0=0.002511886414140463
packet_number=1417,correct=False,payload=[0,1,2,3,4,4,6,7,8,9,10,11,12,5,30,15,16,17,18,19,20,21,22,151,16,25,26,27,28,29,30,31,32,1,34,35,36,37,38,39,40,41,42,43,44,45,46,47,48,49,50,55,52,53,54,55,24,57,58,59,60,61,190,63,64,65,66,67,68,69,70,71,72,72,74,75,76,77,78,111,80,81,82,83,84,85,86,87,80,89,90,91,92,93,94,95,96,97,98,99]
CFO=-1301.4061017642466,STO=4
EsN0dB=8.30,GRXdB=10,N0=0.002511886414140463
packet_number=1418,correct=False,payload=[0,1,2,3,4,5,6,7,8,9,10,11,12,13,14,15,16,17,18,19,20,21,22,23,24,25,26,27,28,29,30,31,48,33,34,35,36,39,38,39,40,41,42,43,40,45,46,47,48,49,50,51,52,53,54,55,56,57,58,59,60,61,62,62,64,65,66,67,70,69,70,71,72,73,74,75,76,77,78,79,80,81,82,83,84,85,86,87,120,89,90,91,92,95,94,95,96,97,98,97]
CFO=-1209.710337838133,STO=4
EsN0dB=8.41,GRXdB=10,N0=0.002511886414140463
packet_number=1419,correct=False,payload=[0,1,2,3,4,5,6,7,8,9,10,11,12,13,10,15,18,17,18,19,148,21,22,31,24,25,26,27,28,29,30,31,32,33,34,35,100,37,38,39,40,41,42,43,108,45,46,47,176,49,48,51,52,53,54,55,56,57,58,59,60,61,62,63,64,65,66,67,68,69,70,69,72,73,74,75,204,77,78,79,80,81,82,83,84,87,86,87,88,89,90,91,92,93,94,95,96,97,98,99]
CFO=-1138.6302429771683,STO=4
EsN0dB=8.37,GRXdB=10,N0=0.002511886414140463
packet_number=1420,correct=False,payload=[0,1,2,3,4,5,6,7,8,8,10,11,12,13,14,15,16,49,18,19,20,21,22,23,24,25,26,27,28,29,30,31,32,33,34,35,36,37,102,39,40,41,106,43,40,45,46,47,48,53,50,55,52,53,54,55,56,57,58,59,60,61,62,63,64,65,66,67,68,69,70,71,72,73,74,75,76,77,78,79,80,81,82,83,84,85,86,87,88,89,90,91,92,93,94,95,96,97,98,99]
CFO=-918.272035647507,STO=5
EsN0dB=8.49,GRXdB=10,N0=0.002511886414140463
packet_number=1421,correct=False,payload=[0,1,2,3,4,5,6,7,8,9,10,11,12,13,14,15,16,17,18,19,20,21,22,23,24,25,10,27,28,29,30,31,32,33,34,35,36,53,38,39,40,41,42,43,44,45,46,47,48,49,50,43,52,53,54,55,56,57,58,59,60,61,62,63,64,65,66,67,68,69,70,87,72,73,74,75,76,77,78,79,80,81,82,83,84,85,86,87,88,89,90,91,76,93,94,95,96,99,98,99]
CFO=-969.4812603700045,STO=5
EsN0dB=8.19,GRXdB=10,N0=0.002511886414140463
packet_number=1422,correct=False,payload=[0,1,2,3,4,5,6,7,8,9,10,11,12,15,14,15,20,17,18,19,20,21,22,23,24,25,26,27,28,29,30,31,32,33,2,43,36,37,38,39,40,41,42,170,44,37,46,47,48,51,50,51,180,53,54,55,56,57,58,59,60,61,62,127,64,65,66,67,68,69,70,71,72,73,74,67,76,77,78,79,80,81,82,83,84,84,86,87,88,89,90,91,92,93,94,95,96,96,98,99]
CFO=-1096.978658485438,STO=4
EsN0dB=8.20,GRXdB=10,N0=0.002511886414140463
packet_number=1423,correct=False,payload=[0,1,2,3,4,5,6,23,8,9,10,11,28,13,14,31,16,17,146,19,20,21,22,23,24,25,26,11,20,29,30,31,32,33,34,35,4,37,38,39,40,41,42,43,44,45,46,46,48,48,50,51,100,53,54,55,56,57,58,51,60,61,62,63,64,65,66,67,68,69,70,7,80,73,90,75,76,77,78,79,80,65,82,83,84,85,86,87,88,89,90,91,92,221,94,95,96,97,98,99]
CFO=-1325.8106285439828,STO=3
EsN0dB=8.30,GRXdB=10,N0=0.002511886414140463
packet_number=1424,correct=False,payload=[0,1,2,3,4,5,6,7,8,9,10,11,12,15,14,15,20,17,18,19,20,85,22,23,24,25,26,27,28,29,30,31,32,33,34,35,36,37,38,39,40,41,42,43,44,45,46,47,48,49,50,51,52,53,54,55,56,57,58,59,60,61,62,159,64,65,67,67,68,69,70,71,72,73,74,75,76,77,78,79,80,83,82,83,84,21,86,87,80,89,219,91,92,93,94,95,96,97,114,99]
CFO=-1142.8825100541935,STO=4
EsN0dB=8.30,GRXdB=10,N0=0.002511886414140463
packet_number=1425,correct=False,payload=[0,1,2,3,4,5,6,7,8,9,10,11,12,13,14,15,16,145,18,19,21,21,22,23,24,25,26,27,28,25,30,30,32,33,34,35,36,37,38,39,40,41,42,43,44,45,46,47,48,49,50,51,52,53,54,55,56,57,58,59,60,61,62,63,64,65,66,67,68,68,70,71,8,73,74,75,76,77,79,79,80,81,80,83,84,85,86,71,88,89,88,91,92,93,222,95,104,97,98,99]
CFO=-870.3864212922265,STO=5
EsN0dB=8.20,GRXdB=10,N0=0.002511886414140463
packet_number=1426,correct=False,payload=[0,1,2,3,4,5,14,7,24,9,10,11,12,13,14,15,16,17,18,83,20,21,150,18,24,25,154,27,28,93,30,31,32,97,34,35,36,37,38,39,40,41,47,43,44,45,46,47,48,113,58,51,52,53,54,55,56,57,58,59,60,61,60,63,96,65,66,65,68,69,70,71,72,73,202,75,76,77,78,79,80,81,82,83,84,85,86,87,88,89,90,91,76,93,94,95,96,97,98,99]
CFO=-666.7162278057739,STO=0
EsN0dB=8.32,GRXdB=10,N0=0.002511886414140463
packet_number=1427,correct=False,payload=[0,1,2,3,4,5,7,5,8,9,10,11,14,13,14,15,16,17,18,23,20,21,22,23,24,25,26,27,28,29,30,31,32,33,34,35,36,37,38,39,40,41,40,43,44,45,47,47,48,49,50,51,52,53,54,55,56,25,58,59,60,61,62,63,64,65,66,67,68,69,70,71,72,73,74,75,76,77,78,79,80,81,82,83,84,85,86,87,88,89,90,91,92,93,94,95,96,97,98,99]
CFO=-1165.7536830811966,STO=4
EsN0dB=7.94,GRXdB=10,N0=0.002511886414140463
packet_number=1428,correct=False,payload=[0,1,2,3,4,5,22,7,8,9,10,11,12,13,14,15,16,17,18,19,20,21,22,23,88,25,26,27,28,29,30,31,32,33,32,35,4,37,38,39,40,41,42,43,44,45,46,47,48,49,50,51,52,53,54,55,56,57,50,59,60,61,62,63,64,65,66,67,68,69,70,71,72,201,74,74,76,77,78,79,88,81,82,83,84,85,86,87,72,93,90,91,92,93,94,95,96,97,98,99]
CFO=-748.1031492720919,STO=5
EsN0dB=8.23,GRXdB=10,N0=0.002511886414140463
packet_number=1429,correct=False,payload=[0,1,130,3,4,5,6,7,8,9,10,11,12,15,14,15,16,17,18,19,20,21,22,23,24,25,26,27,28,29,22,31,32,33,34,35,36,37,38,39,40,41,10,43,44,45,46,47,48,49,50,51,52,53,54,55,56,57,58,59,60,61,62,63,64,65,67,67,68,69,70,71,72,73,74,203,76,77,78,79,16,81,82,83,84,85,86,87,88,89,90,91,92,93,94,95,96,97,98,99]
CFO=-841.7959134727224,STO=5
EsN0dB=8.14,GRXdB=10,N0=0.002511886414140463
packet_number=1430,correct=False,payload=[0,0,2,3,4,5,6,7,40,9,10,11,12,13,14,15,16,17,19,19,20,21,22,23,24,25,26,19,28,25,30,31,32,33,34,35,36,37,38,39,40,41,42,43,44,45,46,47,48,49,50,51,116,53,54,55,56,57,62,59,60,61,62,63,64,65,66,67,68,101,70,71,72,73,74,75,76,77,78,79,80,81,82,83,84,85,86,87,88,89,90,91,92,85,94,95,96,97,98,99]
CFO=-1385.5342295333976,STO=5
EsN0dB=8.12,GRXdB=10,N0=0.002511886414140463
packet_number=1431,correct=False,payload=[0,1,2,3,4,5,6,7,8,9,10,15,12,13,14,79,16,17,18,19,20,21,22,31,24,25,26,27,28,29,31,31,32,33,162,35,36,36,38,39,42,41,42,35,44,45,38,47,48,49,50,51,52,53,54,55,56,57,58,59,60,61,62,63,64,65,66,65,68,69,70,71,72,73,74,107,76,77,78,79,80,81,82,83,84,85,86,87,88,89,90,91,92,93,94,95,96,97,98,99]
CFO=-996.3451888594743,STO=4
EsN0dB=8.10,GRXdB=10,N0=0.002511886414140463
packet_number=1432,correct=False,payload=[0,1,2,3,4,5,6,7,8,9,10,11,140,13,14,15,16,17,18,19,20,21,22,23,24,25,26,27,28,29,30,31,32,33,34,35,36,37,166,39,40,41,42,43,44,45,46,47,48,49,50,51,52,53,54,55,56,57,58,59,126,61,62,63,64,65,66,67,68,69,70,71,72,73,74,75,76,77,78,79,80,81,82,83,92,85,86,87,88,89,90,91,92,93,94,95,224,97,98,99]
CFO=-675.9449280233882,STO=7
EsN0dB=8.17,GRXdB=10,N0=0.002511886414140463
packet_number=1433,correct=False,payload=[0,1,2,3,4,5,6,7,8,9,10,43,12,13,14,15,16,17,16,19,20,21,22,23,24,25,10,27,28,29,30,31,32,33,34,35,36,37,38,39,40,41,42,43,44,41,46,47,48,49,50,51,52,53,54,55,56,57,58,59,60,57,62,63,64,65,66,67,196,69,70,71,72,73,74,75,76,77,78,15,80,81,82,83,84,85,86,87,88,89,90,91,92,93,94,95,112,97,98,99]
CFO=-1299.9045273639015,STO=5
EsN0dB=8.08,GRXdB=10,N0=0.002511886414140463
packet_number=1434,correct=False,payload=[0,1,2,3,4,5,6,7,8,9,10,11,12,13,14,15,16,16,18,19,20,21,22,23,24,25,26,31,28,29,62,31,32,33,34,35,36,37,38,167,40,41,42,35,44,45,38,47,48,49,50,51,52,53,22,55,56,57,58,59,60,61,62,191,64,65,66,67,68,69,70,71,72,73,74,75,76,77,78,79,80,81,82,83,84,85,86,87,88,89,90,91,76,93,94,95,96,33,98,99]
CFO=-1015.2803467975845,STO=4
EsN0dB=8.35,GRXdB=10,N0=0.002511886414140463
packet_number=1435,correct=False,payload=[0,1,2,3,4,5,6,3,8,9,10,11,12,13,14,15,16,17,18,19,20,21,22,23,24,24,26,27,28,157,28,31,32,33,34,35,36,37,38,39,40,41,42,43,44,45,46,47,48,49,50,51,52,53,54,23,56,57,58,59,60,125,46,63,80,65,194,67,68,69,70,71,76,73,74,75,76,77,75,79,80,81,82,83,84,85,86,87,120,89,90,91,92,93,94,95,96,97,98,99]
CFO=-1141.0127457689025,STO=5
EsN0dB=8.31,GRXdB=10,N0=0.002511886414140463
packet_number=1436,correct=False,payload=[0,1,2,3,4,5,6,7,8,9,10,11,12,13,14,31,16,25,18,19,20,29,22,23,24,25,26,27,28,29,30,31,32,9,34,35,36,37,38,39,40,41,42,43,12,45,46,47,48,49,50,51,52,53,54,55,56,57,58,59,60,61,62,63,65,65,66,67,68,69,70,71,72,73,74,75,76,77,78,79,80,81,82,83,84,84,86,87,88,89,90,91,92,93,94,95,98,65,98,243]
CFO=-1092.1657467140408,STO=4
EsN0dB=8.23,GRXdB=10,N0=0.002511886414140463
packet_number=1437,correct=False,payload=[0,1,2,3,5,5,6,7,8,9,10,11,12,13,142,15,16,17,18,19,22,52,22,23,24,25,26,27,28,29,30,31,32,33,34,35,36,37,38,167,40,41,40,43,44,45,46,47,48,49,50,51,52,53,54,55,56,57,58,59,60,61,62,31,65,65,98,67,68,69,70,71,72,73,74,75,76,77,78,79,80,81,83,83,84,85,94,87,88,89,90,91,92,93,94,95,96,65,98,99]
CFO=-693.7885600707003,STO=5
EsN0dB=8.24,GRXdB=10,N0=0.002511886414140463
packet_number=1438,correct=False,payload=[0,1,2,3,4,5,6,7,8,9,74,11,12,13,6,15,16,17,18,19,20,21,22,23,24,25,26,27,28,29,30,31,32,33,34,35,36,37,38,7,40,41,42,43,44,44,46,47,48,49,50,51,52,53,54,55,56,57,58,187,60,61,62,63,66,65,66,67,68,69,70,71,72,73,74,75,76,77,70,79,80,81,82,83,84,85,86,87,88,89,90,91,92,77,94,95,96,97,98,99]
CFO=-460.1464945079942,STO=4
EsN0dB=8.48,GRXdB=10,N0=0.002511886414140463
packet_number=1439,correct=False,payload=[0,9,2,3,4,5,6,7,12,9,11,11,12,13,14,15,16,17,18,17,20,21,22,23,24,25,26,27,28,29,30,31,32,33,34,35,36,37,38,39,40,41,42,43,44,45,46,47,48,49,50,51,52,53,54,55,56,57,26,59,60,61,62,63,64,65,66,67,68,69,70,71,72,201,74,75,76,141,78,79,80,80,82,83,84,85,86,86,88,89,90,91,92,93,126,95,96,97,98,99]
CFO=-1152.1722788034494,STO=4
EsN0dB=8.31,GRXdB=10,N0=0.002511886414140463
packet_number=1440,correct=False,payload=[0,1,2,35,0,5,6,7,8,9,10,15,12,13,14,15,16,17,18,19,20,21,22,23,24,29,26,27,28,29,30,63,32,33,34,35,36,37,38,39,40,41,74,43,44,45,62,47,176,49,50,51,52,53,54,119,56,57,58,185,60,61,126,63,64,65,66,66,68,69,70,71,72,73,74,75,76,77,78,79,80,81,82,83,84,85,86,87,88,89,90,219,92,93,94,95,96,97,98,99]
CFO=-862.1236710916074,STO=4
EsN0dB=8.40,GRXdB=10,N0=0.002511886414140463
packet_number=1441,correct=False,payload=[16,1,2,3,4,5,6,7,137,9,10,11,12,13,10,15,16,17,18,19,20,21,22,23,24,25,26,27,28,29,30,31,32,33,34,35,36,37,38,39,40,41,42,43,44,45,46,47,48,49,50,51,52,53,52,55,56,57,58,59,60,61,62,63,64,65,66,67,68,69,198,71,72,73,74,75,76,77,78,79,80,81,82,83,84,85,86,87,88,89,90,91,124,93,94,95,96,96,106,99]
CFO=-1034.2689841682584,STO=4
EsN0dB=8.25,GRXdB=10,N0=0.002511886414140463
packet_number=1442,correct=False,payload=[0,1,2,3,4,5,6,7,8,9,10,11,12,13,14,15,16,17,18,19,20,21,22,23,24,25,26,27,28,29,30,31,32,33,32,35,4,37,39,39,40,41,42,43,44,45,46,47,48,49,50,55,52,53,54,55,56,57,58,59,60,61,62,63,64,65,66,67,68,69,66,71,72,73,74,75,76,77,78,79,81,81,82,83,84,81,86,87,88,89,90,91,92,93,94,95,96,97,102,99]
CFO=-1319.0122187263585,STO=7
EsN0dB=8.28,GRXdB=10,N0=0.002511886414140463
packet_number=1443,correct=False,payload=[0,1,2,3,4,5,6,7,8,9,10,139,12,79,14,15,16,17,18,19,20,21,22,23,24,25,26,27,28,29,30,31,32,35,34,99,36,37,38,39,40,105,42,43,44,44,46,47,32,49,54,51,52,53,54,55,40,57,58,59,60,61,62,63,64,65,66,67,68,69,70,71,72,73,74,75,76,73,78,79,80,81,80,83,84,85,86,87,88,89,10,91,92,93,94,95,96,97,66,99]
CFO=-888.3440084053786,STO=5
EsN0dB=8.05,GRXdB=10,N0=0.002511886414140463
packet_number=1444,correct=False,payload=[0,1,2,3,36,5,6,7,8,9,10,11,12,13,14,15,16,17,18,19,20,21,22,23,24,25,26,27,60,29,30,31,34,33,34,35,36,37,38,39,40,41,42,43,172,45,38,46,16,49,50,51,52,53,54,55,56,57,58,58,60,61,62,63,64,65,66,71,68,69,70,71,72,105,74,75,76,77,78,79,80,81,82,83,84,85,86,87,88,95,90,91,92,93,94,95,96,97,98,99]
CFO=-986.8521152607047,STO=5
EsN0dB=8.17,GRXdB=10,N0=0.002511886414140463
packet_number=1445,correct=False,payload=[0,1,2,3,4,5,6,7,8,9,10,11,12,13,14,15,24,17,18,19,20,21,54,23,24,25,26,27,28,29,30,31,32,33,34,35,36,37,38,47,40,41,42,43,44,45,46,47,48,49,50,51,52,53,54,55,56,57,58,59,60,61,62,63,64,1,66,65,84,69,70,71,72,73,74,75,76,77,78,79,80,81,82,83,84,85,86,87,89,89,90,91,92,93,94,95,96,97,98,103]
CFO=-599.9226695473576,STO=4
EsN0dB=8.37,GRXdB=10,N0=0.002511886414140463
packet_number=1446,correct=False,payload=[0,1,2,3,4,5,6,7,8,9,10,75,12,13,30,13,16,17,18,19,20,21,22,23,24,25,26,27,28,29,30,31,32,33,34,35,36,37,38,39,40,41,42,43,44,13,46,47,48,49,50,51,60,53,54,55,56,57,50,59,28,189,62,63,64,1,66,67,68,69,70,71,72,73,74,75,76,13,78,79,80,81,114,115,116,85,86,87,88,89,90,91,92,93,94,95,96,97,98,99]
CFO=-1218.452742816403,STO=4
EsN0dB=8.37,GRXdB=10,N0=0.002511886414140463
packet_number=1447,correct=False,payload=[16,1,2,3,4,5,6,7,8,137,10,11,12,13,14,15,16,17,18,23,20,53,22,23,28,25,26,27,28,29,30,31,32,33,34,35,36,37,38,103,40,41,42,59,44,109,46,47,48,49,50,53,52,53,54,55,56,57,58,51,60,61,62,63,64,65,66,65,68,77,70,71,72,73,74,75,76,109,78,79,80,81,80,83,84,85,86,87,88,89,90,91,92,93,94,95,96,97,98,99]
CFO=-949.7328237440031,STO=4
EsN0dB=8.40,GRXdB=10,N0=0.002511886414140463
packet_number=1448,correct=False,payload=[64,128,2,3,4,5,6,7,8,137,10,11,12,13,14,15,16,17,18,19,20,21,22,23,24,25,26,27,28,29,30,31,32,33,34,35,36,37,38,39,40,41,42,43,44,37,46,47,48,48,50,51,52,53,54,55,56,57,58,63,52,61,62,63,64,65,66,67,84,69,70,71,72,73,106,75,76,77,110,79,80,81,82,83,84,85,86,87,88,89,218,91,92,93,94,95,96,97,98,67]
CFO=-1284.431658720688,STO=3
EsN0dB=8.40,GRXdB=10,N0=0.002511886414140463
packet_number=1449,correct=False,payload=[0,1,2,15,4,5,6,7,8,9,10,11,12,15,14,15,17,17,18,19,20,149,22,23,88,25,26,27,148,29,30,31,32,33,34,35,36,37,38,39,40,41,42,107,44,61,46,47,16,49,50,51,52,53,54,55,56,57,58,63,60,61,62,63,64,65,66,67,68,69,66,71,72,73,74,75,76,77,78,79,81,81,82,83,84,85,86,87,88,89,90,91,92,93,94,95,96,97,98,99]
CFO=-1100.9795366555115,STO=1
EsN0dB=8.22,GRXdB=10,N0=0.002511886414140463
packet_number=1450,correct=False,payload=[0,1,2,3,4,5,6,7,8,9,138,43,12,13,14,15,16,17,18,19,20,21,22,7,24,25,26,27,28,29,30,31,96,33,34,35,36,37,38,39,40,41,42,43,44,45,46,47,48,49,50,51,52,53,54,55,56,41,58,59,60,61,62,63,64,65,66,67,100,69,70,71,72,73,74,75,76,77,78,79,80,81,82,83,84,85,94,87,88,89,122,91,92,93,94,95,96,97,98,99]
CFO=-608.2348081818188,STO=5
EsN0dB=8.41,GRXdB=10,N0=0.002511886414140463
packet_number=1451,correct=False,payload=[0,1,14,3,4,5,6,7,8,9,74,11,12,13,14,15,16,17,18,19,20,21,22,23,24,25,26,27,156,29,30,31,32,33,34,35,36,37,54,39,40,41,42,43,44,45,46,47,48,48,50,51,52,53,54,55,56,57,58,59,60,61,62,63,64,65,66,67,68,69,70,71,72,73,74,75,76,77,78,79,80,81,82,83,84,85,86,87,88,89,90,91,92,93,94,95,96,97,98,99]
CFO=-1397.3428676984418,STO=4
EsN0dB=8.43,GRXdB=10,N0=0.002511886414140463
packet_number=1452,correct=False,payload=[0,1,2,3,4,5,6,7,8,9,8,11,12,29,14,15,16,16,18,19,20,21,22,23,24,25,26,27,29,13,30,31,32,33,34,35,36,37,38,39,40,41,42,11,44,45,47,47,48,49,50,51,116,53,54,55,56,57,58,123,60,60,62,63,64,65,66,67,68,69,70,71,72,73,74,107,76,77,78,79,80,81,82,83,84,85,86,87,88,89,90,79,92,93,95,95,96,97,98,99]
CFO=-968.5386705486081,STO=1
EsN0dB=8.31,GRXdB=10,N0=0.002511886414140463
packet_number=1453,correct=False,payload=[0,1,2,3,4,5,6,7,8,9,10,10,12,13,14,15,16,17,18,18,16,21,22,23,24,25,26,25,28,29,30,31,40,33,34,35,36,37,38,39,40,41,42,43,44,45,46,47,48,49,50,51,52,53,54,55,56,57,58,59,60,61,62,63,64,65,66,67,68,68,70,71,72,73,74,75,76,77,78,79,80,81,82,83,80,85,84,87,88,89,90,91,92,93,94,95,96,97,98,99]
CFO=-989.7054979342814,STO=5
EsN0dB=8.03,GRXdB=10,N0=0.002511886414140463
packet_number=1454,correct=False,payload=[0,1,2,3,4,5,6,7,8,1,10,11,12,13,14,15,20,17,18,19,20,21,22,23,24,25,26,27,28,29,30,31,32,33,34,35,32,53,38,39,40,41,42,43,44,45,46,47,48,57,50,51,52,53,54,55,56,57,58,59,60,61,62,63,64,65,66,67,68,69,70,103,72,73,74,75,76,77,78,79,80,81,82,83,84,85,86,87,120,89,90,59,92,93,222,95,96,97,98,98]
CFO=-1278.4426737515792,STO=4
EsN0dB=8.37,GRXdB=10,N0=0.002511886414140463
packet_number=1455,correct=False,payload=[0,1,2,3,4,5,6,7,8,9,10,15,12,13,14,15,16,17,18,18,20,21,22,23,24,25,26,27,28,29,30,31,32,33,34,99,36,37,38,39,40,41,42,43,44,45,46,47,48,49,50,51,52,53,54,55,56,49,58,59,60,61,62,63,64,65,66,67,68,69,70,71,72,73,74,75,76,77,78,79,80,89,82,83,84,85,86,87,88,89,90,75,92,93,94,95,96,97,98,115]
CFO=-1475.1955220082973,STO=5
EsN0dB=8.18,GRXdB=10,N0=0.002511886414140463
packet_number=1456,correct=False,payload=[0,1,2,3,12,5,6,15,8,9,10,43,12,13,15,15,48,17,18,3,20,23,22,23,24,25,26,27,28,29,30,31,32,33,34,35,164,37,38,39,40,41,42,43,44,45,46,47,48,49,50,49,52,53,52,55,56,57,59,59,60,61,62,255,64,65,66,67,68,69,70,71,72,73,74,75,76,77,78,79,80,81,82,83,212,85,86,87,88,89,90,91,92,93,94,95,96,97,112,99]
CFO=-1272.3100887983578,STO=7
EsN0dB=8.38,GRXdB=10,N0=0.002511886414140463
packet_number=1457,correct=False,payload=[0,1,2,3,4,5,7,7,40,9,10,9,12,13,14,15,16,17,18,19,20,21,22,23,24,25,26,27,28,29,12,31,32,33,34,35,36,37,38,39,40,41,42,43,44,45,46,47,48,49,50,59,52,53,54,55,56,57,58,59,60,61,62,63,64,65,66,67,68,69,70,71,72,73,90,75,196,77,78,79,80,81,82,83,86,85,214,87,88,89,90,91,92,93,126,95,96,97,98,99]
CFO=-933.8317639012596,STO=5
EsN0dB=8.17,GRXdB=10,N0=0.002511886414140463
packet_number=1458,correct=False,payload=[0,1,2,99,4,5,6,7,8,9,11,11,12,13,14,47,16,17,18,19,20,21,22,23,24,25,26,27,28,25,94,95,32,33,34,35,36,37,38,39,40,41,42,43,44,45,46,47,48,49,50,51,52,53,54,183,56,57,58,59,60,61,58,63,64,65,64,67,68,69,70,71,72,73,74,75,76,77,78,79,80,81,66,83,84,85,86,23,88,88,90,27,92,93,94,95,96,97,98,99]
CFO=-1301.8348858621418,STO=4
EsN0dB=8.33,GRXdB=10,N0=0.002511886414140463
packet_number=1459,correct=False,payload=[0,1,2,3,4,13,22,7,8,9,10,11,12,13,14,15,16,17,18,19,20,21,86,23,25,16,26,27,28,29,30,31,32,33,34,35,36,37,38,39,40,41,42,43,44,45,46,45,48,113,50,51,52,21,54,55,56,57,58,59,28,61,62,63,64,65,66,67,70,69,70,199,72,73,74,75,76,77,78,79,80,81,82,83,84,85,86,87,88,89,90,91,92,93,94,95,96,97,98,99]
CFO=-1046.1940675722776,STO=7
EsN0dB=8.28,GRXdB=10,N0=0.002511886414140463
packet_number=1460,correct=False,payload=[64,1,2,3,4,13,6,7,8,9,10,11,12,13,14,79,16,19,18,19,20,21,22,23,24,17,26,27,28,29,30,31,48,33,34,35,36,37,38,39,40,41,170,43,44,45,46,47,48,49,50,51,52,53,54,55,56,57,58,59,60,61,62,63,64,65,66,67,68,69,70,71,72,73,74,75,76,77,78,79,80,81,82,83,86,85,86,87,88,89,90,91,92,93,94,95,96,97,98,99]
CFO=-642.2958113498435,STO=4
EsN0dB=8.33,GRXdB=10,N0=0.002511886414140463
packet_number=1461,correct=False,payload=[0,1,2,3,4,5,38,7,8,9,10,11,12,29,14,15,16,17,18,19,20,21,22,23,24,25,26,27,28,29,30,31,32,33,34,35,36,37,38,39,40,41,40,43,44,45,46,47,48,49,50,179,52,53,54,55,56,57,59,59,60,61,62,63,64,65,66,67,68,69,70,71,72,73,74,75,76,77,14,79,80,81,82,83,84,85,22,87,88,89,90,91,92,93,94,127,96,97,98,99]
CFO=-1025.6685190586777,STO=5
EsN0dB=8.19,GRXdB=10,N0=0.002511886414140463
packet_number=1462,correct=False,payload=[0,1,2,3,68,5,6,23,8,137,10,11,12,13,14,15,16,17,18,19,20,149,22,23,24,25,26,27,20,29,30,31,0,33,34,35,36,37,38,39,40,41,42,43,44,45,46,47,48,33,50,51,52,53,22,55,56,57,58,59,60,61,62,63,64,65,66,67,70,69,70,71,72,73,74,75,76,77,78,79,80,81,82,83,84,85,87,87,88,89,90,91,94,93,94,95,96,97,98,107]
CFO=-1268.7862566531273,STO=4
EsN0dB=8.27,GRXdB=10,N0=0.002511886414140463
packet_number=1463,correct=False,payload=[0,1,6,3,4,5,6,7,8,9,10,11,12,13,14,14,16,17,18,19,20,21,22,23,24,25,26,27,28,29,30,31,32,33,34,35,37,37,38,39,40,41,42,43,44,45,46,47,48,49,50,51,52,53,54,55,56,57,58,59,60,125,62,63,64,65,66,67,68,69,70,71,72,73,74,75,76,77,78,71,80,81,80,83,84,85,86,87,88,89,90,91,92,93,94,95,96,97,98,99]
CFO=-707.6021433483587,STO=4
EsN0dB=8.22,GRXdB=10,N0=0.002511886414140463
packet_number=1464,correct=False,payload=[0,1,2,3,132,5,6,7,8,9,10,11,76,13,14,15,16,17,18,19,20,21,22,23,24,29,26,27,28,29,30,95,32,33,34,35,36,37,38,39,40,41,34,43,44,45,46,111,48,49,50,51,52,53,118,55,56,57,58,59,60,61,62,63,64,65,66,75,68,5,70,71,104,73,74,75,76,77,78,79,80,81,82,19,84,85,86,87,88,89,90,91,92,92,90,95,96,97,98,99]
CFO=-954.3832813632663,STO=4
EsN0dB=8.26,GRXdB=10,N0=0.002511886414140463
packet_number=1465,correct=False,payload=[0,1,2,3,4,5,6,7,8,9,10,11,12,13,14,15,16,17,18,18,20,21,22,23,24,25,26,27,28,29,30,31,32,33,34,35,36,37,6,39,40,41,34,43,44,45,46,47,48,17,50,51,52,53,54,55,56,27,58,59,60,61,62,55,64,65,66,67,68,65,70,71,72,73,74,75,76,77,78,79,88,113,82,83,84,85,86,87,88,89,90,91,92,93,94,95,96,99,98,99]
CFO=-1085.9793265892365,STO=4
EsN0dB=8.36,GRXdB=10,N0=0.002511886414140463
packet_number=1466,correct=False,payload=[0,1,2,3,4,5,6,7,8,9,10,43,12,13,14,15,16,17,82,19,20,21,22,23,24,25,26,27,28,13,30,31,32,33,35,35,36,37,36,38,40,40,42,43,44,45,174,47,16,49,50,51,52,53,54,55,56,57,58,59,60,61,62,63,64,65,66,67,68,69,70,71,72,73,74,75,76,77,78,79,80,81,82,83,84,85,86,87,120,89,90,91,92,93,94,95,96,97,98,99]
CFO=-1000.2774093988284,STO=5
EsN0dB=8.31,GRXdB=10,N0=0.002511886414140463
packet_number=1467,correct=False,payload=[0,1,2,3,4,5,14,7,8,9,10,11,12,13,14,15,16,17,18,19,20,29,22,23,24,25,26,27,28,29,28,31,32,33,34,35,36,37,38,39,40,41,42,43,44,45,46,47,24,49,50,51,52,53,54,23,56,57,58,59,60,61,62,63,64,65,66,67,68,69,70,71,72,73,74,75,76,77,78,223,80,81,82,83,80,93,86,87,88,89,90,91,92,93,94,95,96,96,98,99]
CFO=-1166.9037873305015,STO=4
EsN0dB=8.27,GRXdB=10,N0=0.002511886414140463
packet_number=1468,correct=False,payload=[1,1,2,3,4,5,6,3,8,9,10,11,12,13,14,15,16,17,18,23,84,53,22,23,24,25,26,27,28,29,30,31,32,33,39,35,36,37,38,39,40,41,42,43,44,45,46,47,48,49,58,51,52,53,52,55,56,121,50,59,60,57,62,63,64,65,66,67,68,69,70,71,72,73,74,75,76,237,78,15,80,81,82,83,84,85,86,87,24,89,90,89,92,93,94,95,96,97,98,227]
CFO=-902.5102476308082,STO=4
EsN0dB=8.26,GRXdB=10,N0=0.002511886414140463
packet_number=1469,correct=False,payload=[0,1,2,3,4,5,6,7,8,9,10,11,12,13,142,15,16,17,18,19,20,21,22,23,24,25,26,27,28,29,30,31,32,33,34,35,36,37,38,39,40,41,42,43,44,45,46,47,48,49,50,51,52,53,54,55,56,57,58,59,60,61,62,63,64,65,66,67,68,69,70,71,72,73,74,75,76,77,78,79,64,81,82,83,84,85,86,71,88,89,122,91,92,221,94,95,96,97,98,99]
CFO=-1096.7926069783591,STO=4
EsN0dB=8.26,GRXdB=10,N0=0.002511886414140463
packet_number=1470,correct=False,payload=[0,1,2,3,4,5,6,135,8,9,10,11,12,13,14,15,16,17,18,19,148,21,22,23,24,25,26,27,28,29,30,31,32,33,34,35,36,37,38,39,40,41,42,43,44,45,46,47,50,49,50,51,52,53,54,55,61,57,58,59,60,61,62,63,64,65,66,67,68,69,70,71,72,73,78,75,76,77,78,79,80,81,82,83,84,85,86,87,72,89,90,91,92,93,94,95,96,97,98,99]
CFO=-1093.5252626660235,STO=3
EsN0dB=8.13,GRXdB=10,N0=0.002511886414140463
packet_number=1471,correct=False,payload=[0,1,2,3,4,5,6,7,0,9,10,11,4,13,14,15,16,17,18,3,20,21,22,31,24,25,26,27,28,29,30,31,32,33,34,35,36,37,38,39,40,41,42,43,44,45,46,47,48,17,50,51,52,53,54,55,56,57,58,59,60,61,62,63,64,65,66,67,68,77,70,7,72,73,74,75,76,77,78,79,80,81,82,83,84,85,86,87,88,89,90,91,92,95,94,95,96,101,98,99]
CFO=-1055.0488860806377,STO=4
EsN0dB=8.30,GRXdB=10,N0=0.002511886414140463
packet_number=1472,correct=False,payload=[0,1,2,3,4,5,6,7,8,1,10,43,12,13,14,15,144,17,18,19,20,21,22,23,24,25,26,27,28,29,30,31,32,41,34,3,36,37,38,39,32,41,42,43,12,45,46,47,48,49,50,51,52,53,54,55,56,57,58,58,60,61,54,63,64,81,66,67,69,69,70,71,72,73,72,74,76,77,78,79,80,81,82,91,84,85,86,87,88,89,90,91,92,93,94,95,96,97,98,99]
CFO=-663.5240630061777,STO=3
EsN0dB=8.26,GRXdB=10,N0=0.002511886414140463
packet_number=1473,correct=False,payload=[0,1,2,3,20,5,7,7,8,9,10,11,12,13,14,15,48,17,18,19,20,23,18,23,24,25,26,27,28,29,30,31,32,161,34,35,36,37,38,39,40,41,42,43,60,45,46,47,48,48,50,51,52,53,54,55,56,57,122,59,28,61,62,61,64,65,66,75,68,68,102,71,72,73,74,75,76,77,78,79,80,17,82,83,84,85,86,87,88,89,90,95,92,93,94,95,96,97,98,99]
CFO=-996.7880839384674,STO=4
EsN0dB=8.33,GRXdB=10,N0=0.002511886414140463
packet_number=1474,correct=False,payload=[0,1,2,3,4,5,6,7,8,9,10,11,12,13,6,14,16,17,146,19,20,23,22,23,24,25,26,27,28,29,30,31,32,33,34,35,36,165,38,39,40,105,58,43,44,45,46,47,48,49,50,51,52,53,50,55,56,57,58,59,60,61,62,63,80,65,66,67,68,101,70,71,72,73,74,75,76,77,78,79,80,81,82,83,84,85,86,87,24,89,90,91,92,93,94,95,96,97,98,99]
CFO=-824.7933077568047,STO=5
EsN0dB=8.25,GRXdB=10,N0=0.002511886414140463
packet_number=1475,correct=False,payload=[0,1,2,3,4,5,6,31,8,9,10,27,12,13,14,15,16,17,2,19,20,21,22,23,28,25,26,27,28,29,30,31,32,33,34,35,36,37,38,39,40,41,42,43,44,45,46,47,48,49,50,51,52,53,54,55,56,121,26,59,60,61,62,63,64,65,70,67,68,69,70,199,72,73,74,75,108,77,78,79,80,81,90,83,84,85,86,87,88,91,90,155,92,95,94,95,96,97,98,111]
CFO=-915.6078468423461,STO=5
EsN0dB=8.15,GRXdB=10,N0=0.002511886414140463
packet_number=1476,correct=False,payload=[0,1,2,3,4,5,38,7,8,9,10,11,12,15,14,15,16,19,18,19,20,21,22,23,24,25,26,27,28,29,30,31,32,33,34,35,36,37,38,39,40,41,42,43,44,45,46,47,176,49,50,51,52,53,54,55,120,57,58,59,60,61,62,63,64,65,66,83,68,69,70,71,72,73,74,75,76,77,78,79,80,81,82,83,84,85,86,87,88,89,90,91,92,125,94,31,96,97,114,99]
CFO=-1033.0834245966996,STO=4
EsN0dB=8.22,GRXdB=10,N0=0.002511886414140463
packet_number=1477,correct=False,payload=[0,1,2,7,4,5,6,7,40,9,42,11,12,13,14,15,17,16,82,19,20,21,6,23,8,24,26,27,28,29,30,30,32,33,34,35,36,37,38,7,40,169,42,43,60,45,46,47,48,49,50,51,52,53,54,55,72,57,186,59,60,61,63,55,64,65,66,67,68,85,70,71,64,73,202,75,76,77,78,79,80,113,82,83,84,85,87,95,88,89,90,91,92,93,222,31,112,32,114,99]
CFO=-850.2148331028017,STO=5
EsN0dB=8.37,GRXdB=10,N0=0.002511886414140463
packet_number=1478,correct=False,payload=[0,65,2,3,4,5,6,7,8,9,10,11,12,13,14,15,16,17,18,19,20,21,22,23,24,25,90,27,28,25,30,31,32,9,34,35,36,37,6,39,40,41,42,43,44,165,46,47,48,49,50,51,52,53,54,55,56,57,58,59,60,61,62,63,64,65,67,67,68,69,70,71,72,73,74,75,68,77,78,79,80,81,82,83,84,85,70,87,88,89,90,91,92,93,94,95,96,97,98,99]
CFO=-1014.1473180212048,STO=4
EsN0dB=8.28,GRXdB=10,N0=0.002511886414140463
packet_number=1479,correct=False,payload=[0,1,0,3,6,5,22,7,8,9,42,9,12,13,14,15,16,17,82,19,20,21,22,18,24,25,26,27,28,31,30,31,32,33,34,3,36,37,38,39,56,41,42,43,44,45,46,47,48,49,51,51,52,181,54,55,56,57,58,59,60,61,62,60,64,65,64,67,68,69,198,71,72,73,74,75,76,77,78,79,80,81,86,83,84,85,86,87,88,89,90,91,88,93,94,95,96,97,98,99]
CFO=-875.3699692132009,STO=4
EsN0dB=8.26,GRXdB=10,N0=0.002511886414140463
packet_number=1480,correct=False,payload=[0,1,2,3,4,5,6,7,40,9,10,11,12,13,142,15,24,17,18,19,20,21,22,23,24,25,26,27,28,29,31,31,32,33,34,35,36,37,38,39,40,40,34,43,44,45,46,46,176,49,50,51,52,53,54,55,56,57,58,59,60,61,62,63,64,65,66,67,68,69,70,79,72,73,106,75,76,77,78,79,80,81,82,83,84,85,86,87,88,89,90,75,92,93,94,95,96,225,34,99]
CFO=-740.8330295149133,STO=4
EsN0dB=8.13,GRXdB=10,N0=0.002511886414140463
packet_number=1481,correct=False,payload=[0,1,2,3,4,5,6,7,8,13,10,11,12,13,14,15,16,17,18,19,20,21,22,23,24,25,26,27,28,29,30,31,36,37,34,35,52,37,38,39,40,41,42,43,36,45,46,63,48,49,50,51,52,53,54,55,56,57,58,59,60,61,62,63,64,65,66,67,196,69,70,71,200,72,74,75,76,77,78,79,80,81,82,83,84,85,86,87,88,89,90,91,92,93,94,95,96,97,96,99]
CFO=-967.5360201227913,STO=4
EsN0dB=8.39,GRXdB=10,N0=0.002511886414140463
packet_number=1482,correct=False,payload=[64,1,2,3,4,5,14,7,8,9,42,11,12,13,14,15,16,17,18,19,20,21,22,23,24,25,26,27,28,29,31,31,32,33,34,35,36,37,38,39,40,41,42,43,44,45,46,47,48,49,50,51,52,53,54,55,56,57,58,27,60,61,62,63,64,65,66,67,68,197,70,71,72,73,74,75,76,77,78,79,208,81,82,83,84,85,86,87,88,89,90,91,92,93,94,95,96,97,98,99]
CFO=-997.8247074406245,STO=3
EsN0dB=8.18,GRXdB=10,N0=0.002511886414140463
packet_number=1483,correct=False,payload=[0,129,2,3,28,5,14,7,8,9,10,11,12,13,14,15,16,17,18,19,20,20,86,23,24,25,26,27,28,29,30,31,32,33,34,35,36,37,39,39,40,41,42,42,44,45,46,47,48,49,50,51,52,53,54,55,56,57,58,59,60,61,62,63,64,97,66,67,68,69,70,199,72,73,74,75,76,77,78,79,80,81,82,83,212,85,86,87,88,89,90,91,124,21,78,95,96,97,98,99]
CFO=-1059.8616792723617,STO=5
EsN0dB=8.44,GRXdB=10,N0=0.002511886414140463
packet_number=1484,correct=False,payload=[0,0,2,3,4,5,6,135,8,9,10,11,76,13,14,15,144,17,18,19,20,21,22,23,24,9,26,27,28,29,30,31,32,33,34,39,36,37,38,39,40,41,42,35,44,45,46,47,48,177,50,51,52,53,54,51,56,57,58,59,60,61,62,63,64,65,66,67,68,69,70,71,72,73,74,75,76,77,78,79,80,81,82,83,84,85,86,87,88,89,90,91,92,93,94,95,96,97,98,99]
CFO=-1044.9691395492528,STO=4
EsN0dB=8.16,GRXdB=10,N0=0.002511886414140463
packet_number=1485,correct=False,payload=[0,1,2,3,4,5,6,7,8,9,10,11,12,13,14,15,16,17,18,19,28,21,22,23,24,25,26,27,156,29,30,31,32,33,34,35,164,37,38,39,40,41,42,43,44,45,46,47,48,51,54,51,53,53,54,55,56,57,58,59,60,61,62,63,64,65,66,67,68,69,70,71,72,73,78,75,76,77,78,79,80,81,82,83,84,85,86,87,88,89,90,91,92,93,94,95,104,97,98,99]
CFO=-690.5857231005259,STO=4
EsN0dB=8.16,GRXdB=10,N0=0.002511886414140463
packet_number=1486,correct=False,payload=[8,1,2,35,4,5,14,7,8,25,10,11,12,13,14,15,16,17,18,19,20,21,22,83,24,57,26,31,28,29,30,30,32,33,34,35,36,37,46,39,40,41,42,43,44,45,46,47,48,49,50,59,52,53,62,55,56,57,58,59,60,61,46,63,80,65,66,67,68,69,70,71,72,73,74,75,76,77,78,79,80,81,80,83,212,85,86,87,88,89,90,91,92,93,94,95,97,97,98,99]
CFO=-1008.6334818021696,STO=4
EsN0dB=8.10,GRXdB=10,N0=0.002511886414140463
packet_number=1487,correct=False,payload=[8,1,2,3,4,13,6,7,8,9,10,11,12,13,14,15,16,17,18,19,20,21,22,23,24,25,10,27,28,29,30,31,32,33,34,35,36,37,38,39,40,41,42,43,44,45,46,47,48,49,50,51,52,53,54,55,56,57,58,59,60,61,62,63,64,65,66,67,68,69,70,71,72,73,74,75,76,77,78,79,80,81,80,83,84,85,86,87,88,89,90,91,92,95,94,95,96,97,98,99]
CFO=-1095.9283983208754,STO=5
EsN0dB=8.28,GRXdB=10,N0=0.002511886414140463
packet_number=1488,correct=False,payload=[0,1,2,3,4,5,6,7,40,9,10,139,12,13,14,14,16,17,18,19,20,21,22,23,24,25,26,27,28,29,30,31,32,33,34,35,36,37,38,39,40,41,42,43,44,37,46,47,48,49,50,51,52,53,54,55,56,57,58,59,60,61,62,63,64,65,66,67,68,69,70,71,72,73,74,79,76,77,79,79,80,81,82,83,84,85,86,87,88,89,90,91,92,93,94,95,100,97,98,99]
CFO=-960.125087003818,STO=5
EsN0dB=8.32,GRXdB=10,N0=0.002511886414140463
packet_number=1489,correct=False,payload=[0,1,2,3,4,5,6,7,8,9,10,11,12,13,6,15,16,17,18,19,20,21,22,23,24,25,26,27,29,29,30,31,160,33,34,35,36,37,38,39,40,171,42,43,44,45,46,46,48,49,50,51,52,53,54,55,56,57,58,59,60,61,62,63,64,65,66,67,100,69,70,199,72,73,74,75,76,77,78,79,16,81,82,83,84,85,86,87,88,89,90,95,93,93,94,93,96,97,98,99]
CFO=-1000.6881693864138,STO=4
EsN0dB=8.42,GRXdB=10,N0=0.002511886414140463
packet_number=1490,correct=False,payload=[0,1,2,3,4,5,6,7,8,9,10,11,28,29,14,15,16,17,18,19,20,21,22,23,24,25,26,27,28,29,30,31,32,33,34,35,36,37,38,39,40,41,42,43,44,45,47,47,48,49,50,51,116,53,54,55,56,57,58,59,60,61,62,63,64,65,66,67,68,69,70,71,72,73,74,75,204,77,78,79,80,81,86,115,84,87,86,87,88,89,90,91,92,93,94,95,96,97,98,99]
CFO=-920.7512994524831,STO=5
EsN0dB=8.28,GRXdB=10,N0=0.002511886414140463
packet_number=1491,correct=False,payload=[0,1,2,3,4,5,6,7,8,9,10,27,12,13,14,15,24,17,18,19,20,85,22,23,88,25,26,27,28,29,30,31,32,33,34,35,36,37,38,39,40,41,42,43,44,45,46,47,16,49,50,51,52,53,54,55,56,57,58,59,60,61,126,63,64,65,66,71,68,69,70,71,72,73,74,75,76,77,78,79,80,81,82,19,84,85,86,87,90,89,90,219,92,221,94,79,96,97,98,99]
CFO=-1166.8838659454223,STO=4
EsN0dB=8.03,GRXdB=10,N0=0.002511886414140463
packet_number=1492,correct=False,payload=[0,1,2,3,4,5,6,7,8,9,10,11,12,77,6,15,16,17,18,19,20,21,22,23,24,25,26,27,28,29,30,31,32,33,34,163,36,37,38,39,40,41,42,43,44,44,46,47,48,49,50,51,52,53,54,55,56,57,58,59,60,61,62,63,64,65,66,67,68,69,68,71,72,89,74,75,76,77,78,79,80,81,82,83,84,213,22,87,88,89,90,91,92,93,94,95,96,97,98,99]
CFO=-1007.4725868026137,STO=5
EsN0dB=8.24,GRXdB=10,N0=0.002511886414140463
packet_number=1493,correct=False,payload=[0,1,2,3,4,5,4,7,8,9,10,11,12,13,78,7,16,17,18,19,20,149,22,23,24,25,26,27,28,29,30,31,34,33,34,35,36,37,38,39,40,41,42,43,44,45,46,47,52,49,50,51,20,53,54,55,56,57,58,59,60,61,63,63,64,193,64,67,68,69,78,69,72,73,74,67,76,79,78,79,112,81,82,83,84,85,86,87,88,89,90,91,92,93,94,91,96,97,226,98]
CFO=-1019.4945497995477,STO=4
EsN0dB=8.26,GRXdB=10,N0=0.002511886414140463
packet_number=1494,correct=False,payload=[0,5,2,3,4,133,6,7,136,9,10,11,12,13,14,15,16,17,18,19,20,21,22,23,24,25,26,27,28,29,30,31,32,33,50,34,36,37,38,39,40,41,42,43,44,45,46,47,50,49,50,51,52,53,54,55,56,57,58,59,60,61,62,63,64,65,66,195,68,69,70,71,72,73,90,75,76,77,110,79,80,81,90,83,84,85,86,87,80,89,90,91,92,93,94,95,96,97,98,99]
CFO=-707.4671403905452,STO=4
EsN0dB=8.30,GRXdB=10,N0=0.002511886414140463
packet_number=1495,correct=False,payload=[0,129,2,3,4,5,6,7,8,9,10,11,140,13,14,15,16,17,18,19,148,21,22,23,24,185,26,91,28,29,30,27,32,41,34,35,36,33,38,39,40,169,42,59,44,45,46,47,48,49,50,51,52,53,54,55,56,57,58,59,44,61,62,127,80,65,66,67,68,69,70,71,72,73,66,75,76,77,78,79,80,81,82,83,84,85,86,87,88,89,90,91,92,93,94,95,96,97,96,99]
CFO=-1258.8475013530472,STO=4
EsN0dB=8.38,GRXdB=10,N0=0.002511886414140463
packet_number=1496,correct=False,payload=[0,1,2,3,36,5,6,7,8,9,10,11,12,13,14,15,16,17,18,19,28,21,22,23,24,25,26,27,28,61,30,31,32,33,34,3,36,37,38,39,40,41,42,43,44,45,46,47,48,49,50,51,52,53,54,55,56,25,58,59,60,61,62,63,64,65,66,67,68,69,70,71,104,73,74,75,76,77,78,79,80,81,82,83,84,85,86,87,88,89,90,91,92,93,94,95,96,97,102,99]
CFO=-871.396008628919,STO=5
EsN0dB=8.28,GRXdB=10,N0=0.002511886414140463
packet_number=1497,correct=False,payload=[0,1,2,3,4,5,6,7,8,9,10,11,12,13,14,15,16,17,18,19,20,21,22,23,24,25,26,27,156,93,30,15,32,32,34,35,36,37,38,39,40,41,42,43,44,45,46,47,48,49,50,51,52,53,22,55,56,57,58,59,60,61,62,63,64,65,74,67,68,69,70,69,72,65,74,107,76,77,78,79,80,85,82,83,84,84,82,87,88,89,90,91,92,93,94,95,96,97,98,99]
CFO=-835.5292741990723,STO=5
EsN0dB=8.33,GRXdB=10,N0=0.002511886414140463
packet_number=1498,correct=False,payload=[0,3,2,3,4,5,6,7,8,9,26,15,12,13,14,15,16,17,18,19,20,21,22,23,24,25,26,27,28,29,30,31,32,33,34,35,36,37,38,39,40,41,42,43,44,45,46,47,48,49,50,51,52,53,54,55,56,57,58,59,60,61,62,63,64,65,66,65,68,69,70,71,72,73,74,67,76,77,78,79,80,81,82,67,80,85,86,71,88,89,90,91,92,93,94,95,96,97,98,99]
CFO=-1182.1978378266947,STO=5
EsN0dB=8.17,GRXdB=10,N0=0.002511886414140463
packet_number=1499,correct=False,payload=[1,1,2,3,4,5,6,7,8,9,10,11,8,13,14,15,16,17,18,19,20,21,22,23,24,25,26,27,156,29,30,31,36,33,34,35,36,37,38,39,40,41,42,43,44,45,46,47,48,49,50,51,52,53,54,53,56,57,58,59,60,61,62,63,64,65,66,67,68,69,70,71,72,73,106,75,76,77,78,79,88,81,82,83,84,85,86,87,88,89,90,91,92,93,222,95,96,113,99,107]
CFO=-818.878494373214,STO=5
EsN0dB=8.29,GRXdB=10,N0=0.002511886414140463
packet_number=1500,correct=False,payload=[0,1,2,3,4,5,6,7,8,9,10,11,12,13,14,15,16,17,18,19,20,21,22,23,24,25,26,27,28,29,30,31,32,33,34,35,36,37,38,39,40,41,10,43,44,45,46,47,48,49,50,51,52,53,54,55,56,57,58,59,28,61,62,59,64,65,106,67,68,69,70,71,72,73,202,75,76,69,78,79,80,81,82,83,84,85,86,87,88,89,90,91,92,93,94,95,224,97,98,99]
CFO=-1196.2230858208197,STO=4
EsN0dB=7.16,GRXdB=10,N0=0.003162277629598975
packet_number=1501,correct=False,payload=[0,1,2,67,4,5,6,7,8,9,10,11,12,13,70,11,16,17,18,19,22,21,22,23,24,25,18,27,28,61,28,31,32,1,34,35,4,37,4,39,40,41,42,47,36,45,38,47,48,48,50,51,52,53,22,55,56,57,58,59,44,61,62,63,64,65,66,67,68,69,70,71,72,73,74,75,76,77,78,79,80,65,82,83,84,85,86,87,88,73,90,91,92,85,94,95,96,97,98,99]
CFO=-1011.8274252968622,STO=4
EsN0dB=7.13,GRXdB=10,N0=0.003162277629598975
packet_number=1502,correct=False,payload=[0,1,2,3,4,5,6,39,8,9,10,11,12,13,14,15,16,17,26,17,20,21,22,23,24,25,26,27,156,29,30,15,32,33,34,35,36,37,38,39,40,41,42,43,44,44,47,47,48,49,50,51,124,52,54,55,184,57,58,59,60,61,62,55,64,65,66,3,68,69,70,71,72,73,74,75,76,77,78,79,80,81,82,19,84,85,214,87,88,89,216,90,92,93,94,95,96,107,98,35]
CFO=-1412.9595734851143,STO=5
EsN0dB=7.43,GRXdB=10,N0=0.003162277629598975
packet_number=1503,correct=False,payload=[0,1,2,11,4,5,6,7,136,9,10,139,12,13,14,15,16,17,18,147,148,5,22,55,24,25,18,19,28,60,30,31,32,161,42,35,36,37,38,39,40,41,42,43,44,45,46,47,48,53,50,51,36,117,54,55,24,57,58,59,60,61,54,63,68,65,66,67,68,69,70,71,72,73,74,75,76,77,78,79,80,81,82,81,84,85,86,87,88,89,90,83,92,93,94,93,96,97,226,99]
CFO=-1113.1633609062142,STO=3
EsN0dB=7.28,GRXdB=10,N0=0.003162277629598975
packet_number=1504,correct=False,payload=[0,1,2,3,4,5,6,7,8,9,10,11,12,13,14,15,16,17,18,27,20,21,150,55,24,25,26,27,28,29,30,31,32,33,2,35,36,37,39,39,40,169,42,171,44,45,46,15,48,117,50,51,52,53,54,55,48,61,62,57,62,61,190,63,192,65,70,67,68,101,70,71,72,73,74,75,76,77,78,79,80,81,82,19,84,85,86,83,88,89,90,91,92,93,94,95,96,97,98,99]
CFO=-957.2251025187167,STO=4
EsN0dB=7.29,GRXdB=10,N0=0.003162277629598975
packet_number=1505,correct=False,payload=[0,1,2,3,4,5,6,7,8,9,74,11,12,13,14,15,16,25,18,83,20,21,22,23,24,25,26,27,28,29,30,15,32,33,34,35,36,37,38,39,40,59,46,43,236,45,44,175,112,49,50,51,52,53,54,55,56,57,58,59,60,61,62,63,64,65,66,83,68,69,70,71,72,13,74,75,76,77,70,79,80,81,82,83,84,85,87,95,88,121,90,91,220,93,94,93,96,97,98,99]
CFO=-1245.963345553072,STO=6
EsN0dB=7.45,GRXdB=10,N0=0.003162277629598975
packet_number=1506,correct=False,payload=[0,1,6,3,4,5,6,3,8,25,10,11,12,13,14,15,16,17,18,3,4,21,18,23,24,25,26,31,28,29,30,31,32,33,34,35,32,37,38,39,32,41,42,171,44,45,46,47,176,57,50,51,52,53,54,55,56,57,58,59,56,60,62,63,96,65,66,67,196,65,70,7,72,73,74,75,76,77,78,79,80,81,82,83,20,87,86,87,88,89,83,91,92,93,30,95,96,97,98,99]
CFO=-1085.4759558769672,STO=4
EsN0dB=7.24,GRXdB=10,N0=0.003162277629598975
packet_number=1507,correct=False,payload=[0,129,10,2,4,5,6,7,136,9,10,11,12,13,22,15,16,17,0,23,20,21,22,23,24,25,18,27,28,29,30,31,32,33,34,163,36,37,39,39,40,41,58,11,46,13,46,175,48,57,50,50,52,53,54,55,56,49,58,56,60,61,62,63,64,65,66,67,85,69,66,71,64,65,74,11,76,77,78,79,80,65,82,83,84,85,94,87,72,209,218,91,92,93,94,95,96,97,98,99]
CFO=-1051.3390024283283,STO=5
EsN0dB=7.44,GRXdB=10,N0=0.003162277629598975
packet_number=1508,correct=False,payload=[4,1,0,3,84,13,38,3,12,9,10,11,12,13,14,15,16,17,2,19,20,21,22,151,24,25,26,91,28,29,30,31,32,33,34,35,36,36,38,39,56,41,42,43,12,45,174,47,48,113,50,50,52,61,50,55,40,57,58,27,60,61,62,63,64,65,66,67,68,69,70,71,72,73,72,75,76,69,78,203,81,81,82,83,84,213,86,87,88,89,90,91,92,93,94,95,96,97,98,99]
CFO=-630.5769972871652,STO=5
EsN0dB=7.21,GRXdB=10,N0=0.003162277629598975
packet_number=1509,correct=False,payload=[0,1,0,3,4,5,6,7,8,9,26,11,12,13,14,15,16,17,18,19,20,21,23,23,24,25,26,27,24,61,30,31,32,33,34,43,36,37,36,39,232,41,42,107,44,45,46,43,48,51,50,51,52,53,54,55,56,40,58,59,56,61,63,63,80,97,66,83,68,69,78,103,72,169,74,91,76,77,78,79,80,81,80,83,116,87,86,87,88,89,80,91,92,93,94,95,96,64,98,97]
CFO=-991.2823704270389,STO=4
EsN0dB=7.27,GRXdB=10,N0=0.003162277629598975
packet_number=1510,correct=False,payload=[16,1,2,3,4,4,6,7,136,9,10,139,12,13,14,15,24,213,18,19,20,29,22,23,28,25,26,59,28,29,26,31,32,37,34,35,36,37,38,39,40,41,42,107,44,45,44,47,48,49,50,51,52,53,54,55,40,57,122,59,60,61,62,63,64,75,66,67,76,73,70,71,72,73,74,75,76,93,74,79,80,81,146,83,84,113,86,87,88,89,90,75,92,93,94,95,112,97,98,99]
CFO=-992.9438495165465,STO=3
EsN0dB=7.36,GRXdB=10,N0=0.003162277629598975
packet_number=1511,correct=False,payload=[0,1,2,67,36,5,6,7,8,9,10,11,12,13,14,15,80,25,18,3,20,23,22,21,26,25,27,27,60,29,30,63,32,161,34,35,36,37,38,39,40,41,42,43,44,173,14,43,48,49,50,51,52,49,38,55,56,56,58,59,60,61,62,63,64,65,66,67,68,69,78,71,72,73,74,75,76,77,78,79,80,65,82,83,84,85,118,87,88,121,90,91,92,93,94,95,112,97,98,99]
CFO=-1211.1111195163512,STO=4
EsN0dB=7.16,GRXdB=10,N0=0.003162277629598975
packet_number=1512,correct=False,payload=[0,1,2,131,4,5,2,71,8,41,10,11,12,13,14,15,16,17,18,19,20,21,22,23,24,25,26,27,28,29,30,31,32,33,34,35,36,37,39,35,40,43,170,43,44,45,46,47,48,177,114,51,52,53,54,55,56,57,62,59,60,61,62,63,64,97,66,2,68,69,70,71,72,73,74,75,76,77,76,79,80,81,114,83,84,85,86,87,88,81,90,91,92,93,94,95,96,97,98,67]
CFO=-1323.485043995332,STO=5
EsN0dB=7.33,GRXdB=10,N0=0.003162277629598975
packet_number=1513,correct=False,payload=[0,0,2,3,4,5,6,7,8,73,10,11,12,13,6,15,16,17,50,19,20,21,23,23,24,13,26,27,28,29,30,31,32,33,34,43,36,37,38,167,40,41,42,43,44,45,46,47,48,49,50,19,52,53,54,55,56,57,58,59,60,45,62,63,64,65,66,67,68,71,6,71,72,105,202,75,76,77,78,75,88,81,70,91,84,85,86,87,88,89,90,91,92,93,78,95,96,97,99,115]
CFO=-756.6336523745492,STO=4
EsN0dB=7.43,GRXdB=10,N0=0.003162277629598975
packet_number=1514,correct=False,payload=[0,1,6,35,4,5,6,7,8,9,10,11,28,29,14,15,0,17,18,51,20,21,22,23,24,25,26,27,28,29,30,31,32,33,34,35,36,53,38,39,40,41,42,43,44,47,46,47,48,49,50,51,52,53,54,54,24,57,58,59,60,61,62,127,64,65,98,67,68,69,70,71,200,73,74,75,76,79,78,79,81,81,82,83,84,85,86,87,88,89,90,90,92,93,94,87,98,97,98,103]
CFO=-1259.4134821327082,STO=4
EsN0dB=7.23,GRXdB=10,N0=0.003162277629598975
packet_number=1515,correct=False,payload=[0,1,2,3,4,5,6,7,8,9,10,11,14,13,14,15,20,17,18,19,20,21,22,23,152,25,26,27,28,29,30,31,96,33,34,35,36,37,38,39,40,40,42,43,12,45,46,45,48,49,50,51,52,53,54,55,56,57,58,59,60,57,62,63,192,65,98,65,68,69,70,71,72,73,74,75,78,77,78,79,80,89,82,83,116,85,86,87,88,89,90,27,92,93,94,95,96,96,66,99]
CFO=-1110.4222731830541,STO=5
EsN0dB=7.48,GRXdB=10,N0=0.003162277629598975
packet_number=1516,correct=False,payload=[2,1,2,3,20,5,6,7,8,9,138,11,14,13,10,15,16,17,18,19,20,149,22,23,26,25,26,27,28,29,62,31,32,33,38,35,36,37,38,39,32,41,42,43,44,45,47,47,48,49,50,51,52,53,54,55,56,57,58,59,124,61,62,191,64,65,66,67,68,69,70,71,72,73,74,75,76,77,78,79,80,81,82,211,84,85,86,71,88,89,90,91,28,93,94,95,96,97,98,99]
CFO=-1013.2886826083565,STO=4
EsN0dB=7.38,GRXdB=10,N0=0.003162277629598975
packet_number=1517,correct=False,payload=[0,1,2,3,4,5,6,7,8,9,10,75,12,13,78,15,16,17,18,19,20,21,22,23,24,25,26,27,28,31,31,31,96,33,34,33,4,37,102,103,40,33,106,43,44,45,44,175,48,49,50,51,52,53,54,55,56,57,58,59,60,61,62,63,64,67,66,67,76,69,70,71,72,65,74,75,76,77,78,79,80,81,82,83,84,85,86,87,88,89,90,91,92,93,94,95,96,97,230,99]
CFO=-851.4898017478707,STO=4
EsN0dB=7.26,GRXdB=10,N0=0.003162277629598975
packet_number=1518,correct=False,payload=[0,1,2,3,4,5,22,71,8,8,10,11,12,13,14,15,80,17,18,19,20,151,22,23,24,25,26,27,28,29,30,31,32,33,34,35,36,37,38,23,56,41,42,43,44,45,42,47,48,49,50,51,52,53,54,55,56,57,62,59,188,61,190,63,64,64,98,67,76,69,70,7,72,73,74,75,76,77,78,79,80,81,82,83,84,69,214,87,72,89,90,91,92,93,94,95,96,225,106,99]
CFO=-972.9733131628466,STO=4
EsN0dB=7.06,GRXdB=10,N0=0.003162277629598975
packet_number=1519,correct=False,payload=[0,1,34,3,20,133,6,7,8,9,10,9,12,15,14,15,16,16,18,18,20,181,22,23,24,25,26,27,20,29,30,31,32,35,34,35,36,165,39,39,40,41,42,43,44,47,46,47,48,49,50,51,52,53,52,51,40,57,58,59,60,61,62,63,64,65,70,3,68,101,66,71,72,201,74,75,76,77,78,79,80,81,66,82,84,85,86,87,88,93,90,91,92,93,94,95,96,97,226,99]
CFO=-1454.3974774059354,STO=4
EsN0dB=7.29,GRXdB=10,N0=0.003162277629598975
packet_number=1520,correct=False,payload=[0,9,2,131,4,5,6,7,12,9,10,11,44,13,14,143,80,17,18,3,20,25,22,23,24,25,26,27,14,29,98,29,32,33,34,35,36,37,38,39,8,169,42,43,44,45,46,47,48,49,50,50,52,117,54,55,56,57,58,59,60,109,58,187,64,65,66,67,68,69,86,71,72,89,74,75,76,77,78,79,80,81,82,83,84,84,86,87,88,91,90,91,92,93,222,95,97,97,98,99]
CFO=-691.841778287737,STO=4
EsN0dB=7.30,GRXdB=10,N0=0.003162277629598975
packet_number=1521,correct=False,payload=[16,1,2,3,4,7,6,7,8,9,10,11,12,13,30,15,16,17,18,19,20,21,22,23,24,25,10,59,28,29,94,63,32,33,34,35,36,37,38,39,40,41,42,43,44,45,46,47,49,49,50,51,20,53,54,39,56,59,58,59,60,61,158,63,64,65,66,67,196,69,70,71,72,73,74,75,76,77,78,79,64,81,82,83,84,85,82,87,88,89,90,91,92,92,94,95,96,97,98,99]
CFO=-1160.5965345188176,STO=7
EsN0dB=7.27,GRXdB=10,N0=0.003162277629598975
packet_number=1522,correct=False,payload=[0,1,2,1,36,5,6,7,8,9,2,43,4,13,10,15,16,17,18,3,20,21,150,23,88,25,30,27,28,29,30,15,32,33,34,35,36,101,36,39,8,41,42,41,44,45,46,47,48,49,50,51,52,53,54,55,56,25,58,107,60,61,62,63,64,65,66,67,68,69,70,71,74,73,78,75,76,77,78,79,112,81,82,115,84,85,86,87,82,121,90,91,92,93,94,95,224,97,98,99]
CFO=-1189.389102101268,STO=5
EsN0dB=7.36,GRXdB=10,N0=0.003162277629598975
packet_number=1523,correct=False,payload=[0,1,2,3,4,5,38,7,8,9,10,11,12,13,14,15,16,17,18,19,20,21,22,23,24,25,26,27,28,29,18,31,48,49,34,32,36,37,7,39,40,41,42,43,44,45,46,39,48,49,50,51,20,53,54,55,56,57,50,59,60,61,62,63,64,65,66,67,84,5,70,71,72,73,74,75,76,77,78,95,80,81,82,67,84,85,86,87,88,89,90,91,92,93,222,95,96,97,98,99]
CFO=-1023.4405255809803,STO=5
EsN0dB=7.43,GRXdB=10,N0=0.003162277629598975
packet_number=1524,correct=False,payload=[0,1,2,3,4,5,6,7,8,9,10,9,12,13,14,79,16,17,18,83,20,21,22,23,24,25,26,27,28,61,30,159,33,32,34,163,36,37,38,39,104,57,42,43,44,45,38,46,112,49,50,51,52,53,54,55,56,185,58,59,60,44,62,63,68,65,66,75,68,69,70,71,72,105,90,75,76,13,78,79,80,81,82,83,84,85,84,87,88,89,218,91,92,93,94,95,97,97,98,99]
CFO=-1105.8998816107287,STO=3
EsN0dB=7.33,GRXdB=10,N0=0.003162277629598975
packet_number=1525,correct=False,payload=[0,1,2,3,12,5,6,7,8,9,10,11,12,13,14,7,16,17,18,18,84,21,30,23,24,25,26,27,28,13,30,61,32,33,34,35,36,45,46,39,104,41,42,43,110,45,46,47,48,49,50,51,53,53,54,55,56,57,58,59,52,61,62,63,64,65,66,67,5,69,70,71,72,88,74,75,77,77,78,79,88,209,82,83,84,85,86,83,81,89,90,91,92,93,78,95,96,97,50,99]
CFO=-1400.5786698177353,STO=0
EsN0dB=7.26,GRXdB=10,N0=0.003162277629598975
packet_number=1526,correct=False,payload=[0,1,2,3,4,7,6,7,8,9,138,11,12,9,14,15,208,17,82,19,28,23,22,23,24,25,30,27,28,29,30,31,32,33,34,35,36,37,38,39,40,41,42,171,108,45,46,63,48,57,50,51,52,53,54,183,56,57,58,59,60,61,62,63,96,65,66,65,68,101,70,70,74,73,74,75,76,77,78,79,80,81,83,83,84,85,86,87,88,89,90,115,92,93,86,95,96,97,98,99]
CFO=-1110.9938272073503,STO=4
EsN0dB=7.08,GRXdB=10,N0=0.003162277629598975
packet_number=1527,correct=False,payload=[0,1,3,3,4,5,6,7,8,73,10,11,12,13,10,15,0,17,18,19,20,5,22,85,24,25,26,27,28,29,30,31,32,33,34,35,36,101,38,39,44,41,42,43,44,45,38,39,48,49,50,19,52,117,52,127,56,57,58,59,60,61,62,63,64,65,66,67,68,65,70,71,72,73,74,75,72,77,78,79,212,83,80,83,84,69,86,215,216,89,90,91,92,77,94,95,100,97,98,99]
CFO=-1244.2713321977437,STO=4
EsN0dB=7.14,GRXdB=10,N0=0.003162277629598975
packet_number=1528,correct=False,payload=[0,3,2,3,4,5,6,7,8,9,10,11,13,13,14,15,16,17,18,19,20,21,30,23,24,25,26,25,28,29,30,31,32,161,34,35,36,37,62,167,40,41,42,43,44,45,46,47,50,49,50,55,52,61,54,55,56,57,58,59,60,61,62,63,64,65,66,67,68,69,70,71,73,73,72,75,76,77,78,79,80,81,82,83,84,85,84,87,88,89,88,91,92,93,94,95,96,97,98,99]
CFO=-888.7149849126422,STO=4
EsN0dB=7.18,GRXdB=10,N0=0.003162277629598975
packet_number=1529,correct=False,payload=[0,3,2,0,4,5,6,15,8,9,10,11,13,13,12,15,16,17,18,19,20,21,22,23,248,89,14,27,60,85,31,31,32,33,34,51,36,37,38,7,40,41,42,43,40,45,46,47,48,49,162,51,36,53,54,55,56,57,56,59,52,61,58,63,64,65,82,3,68,69,70,71,72,77,74,75,76,77,70,79,80,81,82,83,84,85,86,87,216,89,90,91,92,93,94,91,96,97,98,99]
CFO=-1421.823285468956,STO=4
EsN0dB=7.35,GRXdB=10,N0=0.003162277629598975
packet_number=1530,correct=False,payload=[0,1,2,3,20,5,6,7,72,9,8,11,12,13,14,15,16,17,18,27,20,21,22,22,24,25,26,27,28,31,30,31,32,33,34,35,36,37,38,39,40,41,42,43,44,45,46,46,48,48,50,51,52,53,54,55,56,57,58,59,60,57,62,63,64,65,66,67,68,65,86,71,72,73,74,75,76,77,78,79,208,81,90,83,84,85,86,87,72,89,90,91,92,93,94,95,96,97,96,98]
CFO=-1180.3335282063658,STO=4
EsN0dB=7.27,GRXdB=10,N0=0.003162277629598975
packet_number=1531,correct=False,payload=[0,1,10,1,4,5,6,13,8,73,74,11,12,13,14,15,20,17,18,19,22,21,22,7,24,25,26,155,28,61,30,31,32,33,34,35,36,37,38,39,40,41,50,43,60,45,46,47,16,49,50,123,52,53,54,55,56,57,58,59,60,61,62,63,64,67,66,67,68,69,70,71,72,73,74,75,76,79,74,79,80,81,82,66,84,81,86,86,88,89,91,91,92,93,94,95,96,97,34,99]
CFO=-992.3357136631018,STO=5
EsN0dB=7.04,GRXdB=10,N0=0.003162277629598975
packet_number=1532,correct=False,payload=[0,5,2,3,4,5,6,7,8,9,10,11,12,137,14,15,16,17,18,19,52,21,22,150,24,25,26,27,28,29,30,31,32,33,34,35,36,37,38,39,40,41,42,43,172,45,46,47,50,49,50,51,52,53,54,55,56,57,63,59,60,61,62,59,64,65,66,67,68,69,70,71,72,73,74,75,76,77,14,79,80,81,210,83,84,85,86,87,88,217,90,91,92,93,94,95,96,112,98,115]
CFO=-942.2216908012682,STO=5
EsN0dB=7.41,GRXdB=10,N0=0.003162277629598975
packet_number=1533,correct=False,payload=[0,1,2,3,4,5,6,3,8,9,10,11,12,13,14,15,16,17,19,19,20,21,30,23,24,29,30,27,28,29,26,31,32,33,34,35,100,53,38,39,40,41,42,43,44,45,46,111,112,49,50,55,52,53,54,55,56,57,58,59,44,63,60,63,64,65,66,71,68,65,70,71,72,73,74,75,76,109,14,79,80,81,82,83,80,85,86,87,88,29,90,91,92,85,94,95,96,105,98,99]
CFO=-1031.6742237616922,STO=3
EsN0dB=7.24,GRXdB=10,N0=0.003162277629598975
packet_number=1534,correct=False,payload=[0,1,2,3,4,5,6,7,10,9,10,10,12,13,14,15,16,145,18,19,20,20,22,23,28,9,26,27,28,29,30,31,32,33,34,35,36,37,38,39,40,43,42,43,44,45,46,47,48,51,50,115,52,21,54,183,24,57,58,59,62,61,62,63,64,65,66,67,68,69,70,71,72,73,74,75,76,77,79,95,80,81,82,83,84,85,86,87,80,217,218,91,92,93,94,31,96,97,98,99]
CFO=-1074.1316757117454,STO=4
EsN0dB=7.36,GRXdB=10,N0=0.003162277629598975
packet_number=1535,correct=False,payload=[0,1,2,67,4,5,6,7,8,9,10,11,12,13,78,13,17,17,18,27,20,21,22,23,24,25,18,27,92,29,61,31,32,33,2,35,36,37,38,39,40,41,42,43,44,45,46,175,48,49,58,51,52,53,54,55,56,56,58,59,60,61,62,63,64,65,66,67,69,68,70,71,72,73,74,75,92,77,78,79,80,81,82,83,84,85,86,87,92,89,74,91,84,95,94,95,96,97,98,67]
CFO=-1133.6656678038883,STO=5
EsN0dB=7.23,GRXdB=10,N0=0.003162277629598975
packet_number=1536,correct=False,payload=[8,1,2,3,4,133,6,7,8,11,10,11,12,13,14,15,80,17,18,19,20,20,22,19,24,25,18,27,28,29,30,31,40,33,34,51,36,45,39,39,40,41,50,43,44,45,47,47,240,49,51,50,52,53,118,55,56,57,58,59,60,61,62,63,68,193,66,67,68,197,70,71,72,73,74,75,76,77,78,111,80,81,82,87,212,69,86,87,88,89,122,91,92,93,94,127,96,97,98,99]
CFO=-829.927451862604,STO=4
EsN0dB=7.29,GRXdB=10,N0=0.003162277629598975
packet_number=1537,correct=False,payload=[0,1,2,35,7,5,6,7,8,1,10,11,12,13,14,15,16,17,18,83,20,21,22,23,88,25,26,27,28,29,30,29,32,33,34,35,36,37,46,39,44,41,42,43,108,45,174,47,32,49,50,51,52,53,54,55,120,57,58,187,60,63,62,63,66,65,66,67,68,69,6,87,72,75,202,75,76,77,78,79,80,113,82,83,84,85,86,87,24,89,90,91,92,93,92,95,32,97,98,99]
CFO=-617.9458312197287,STO=4
EsN0dB=7.28,GRXdB=10,N0=0.003162277629598975
packet_number=1538,correct=False,payload=[0,1,2,3,4,5,6,71,8,25,10,43,12,13,14,15,16,25,18,17,20,21,23,23,24,9,26,27,28,29,26,31,32,32,34,35,36,37,38,39,40,41,42,43,44,45,46,31,52,49,50,51,52,53,182,55,56,57,58,59,60,61,126,55,64,65,66,67,68,69,70,7,76,77,10,74,76,77,78,79,80,80,82,83,84,85,86,87,88,89,90,219,92,92,94,95,97,97,98,97]
CFO=-1062.8464482237225,STO=4
EsN0dB=7.17,GRXdB=10,N0=0.003162277629598975
packet_number=1539,correct=False,payload=[8,1,2,131,132,5,6,15,8,41,10,3,12,13,14,15,48,17,18,51,84,21,22,23,24,25,154,27,92,29,28,31,33,33,34,35,36,36,38,135,40,11,42,43,44,44,46,47,48,49,50,51,52,53,54,55,60,57,42,59,60,61,62,63,64,65,64,67,70,101,70,71,72,73,72,75,76,77,74,79,88,81,82,83,84,85,86,87,72,121,26,91,92,92,94,95,96,97,102,35]
CFO=-1163.6124899242016,STO=5
EsN0dB=7.42,GRXdB=10,N0=0.003162277629598975
packet_number=1540,correct=False,payload=[64,1,18,3,4,5,6,7,8,9,10,11,12,13,14,15,16,17,18,19,4,21,22,23,24,25,26,27,28,29,30,31,32,33,32,35,36,37,38,7,168,9,34,170,44,45,46,47,48,48,50,51,36,53,118,55,57,57,58,59,60,61,62,63,64,65,66,67,68,69,70,71,0,73,74,75,76,13,78,79,80,81,82,83,84,85,86,87,88,89,90,91,92,89,95,95,96,97,98,99]
CFO=-777.8490381363532,STO=3
EsN0dB=7.36,GRXdB=10,N0=0.003162277629598975
packet_number=1541,correct=False,payload=[0,1,6,3,4,135,6,7,8,1,10,11,12,29,14,14,16,17,18,19,20,21,23,23,24,25,154,27,28,29,14,30,49,33,34,35,36,37,38,39,40,41,42,43,44,45,110,111,48,49,50,51,52,53,54,55,56,57,58,59,60,61,58,63,64,65,66,3,68,69,70,71,72,77,14,75,76,77,110,75,80,81,82,87,84,85,86,87,88,89,90,91,92,93,94,95,96,99,98,99]
CFO=-775.1221799739641,STO=4
EsN0dB=7.32,GRXdB=10,N0=0.003162277629598975
packet_number=1542,correct=False,payload=[0,9,34,3,4,5,6,7,8,9,6,43,12,13,14,15,16,17,18,3,20,23,22,23,144,27,26,27,28,29,30,31,0,161,32,43,36,37,38,39,40,41,42,11,44,45,46,47,48,49,50,50,52,53,54,55,56,57,58,123,60,61,62,63,64,65,66,67,68,69,70,71,72,73,74,75,76,93,78,79,80,81,82,91,84,85,86,87,88,217,90,91,92,93,94,95,96,97,98,99]
CFO=-1071.796130470555,STO=4
EsN0dB=7.24,GRXdB=10,N0=0.003162277629598975
packet_number=1543,correct=False,payload=[0,1,2,3,4,5,6,7,1,9,10,11,12,13,142,15,16,17,18,19,84,21,22,23,24,25,26,27,28,29,22,47,32,33,34,35,36,37,38,39,168,41,43,43,44,45,46,47,48,49,114,51,52,53,54,119,56,57,58,59,60,61,62,63,64,65,66,67,68,85,70,87,74,73,74,75,76,77,110,75,82,81,82,83,84,93,86,87,216,121,90,75,92,29,94,95,96,97,98,99]
CFO=-1328.6097017272841,STO=4
EsN0dB=7.43,GRXdB=10,N0=0.003162277629598975
packet_number=1544,correct=False,payload=[0,1,130,3,4,5,6,7,24,73,10,11,12,13,14,15,16,17,18,19,20,49,30,55,24,25,26,27,28,29,30,31,32,33,34,35,36,101,46,39,40,41,42,43,44,45,46,39,48,177,50,51,52,53,52,54,56,57,58,59,60,61,62,63,64,65,66,67,68,69,70,71,72,217,74,75,76,77,78,15,80,81,82,83,84,87,86,87,88,89,90,91,92,93,126,95,96,97,98,99]
CFO=-858.7089322456203,STO=5
EsN0dB=7.29,GRXdB=10,N0=0.003162277629598975
packet_number=1545,correct=False,payload=[0,0,2,3,4,5,6,7,8,9,10,11,12,13,14,15,16,17,146,19,20,21,22,23,24,25,26,27,28,29,30,63,32,33,34,35,36,37,38,39,40,41,42,43,44,45,46,47,48,49,51,51,52,53,54,54,60,57,58,59,44,61,62,63,64,65,66,67,68,65,198,71,72,73,75,75,76,73,206,79,80,89,82,83,84,85,70,87,72,89,82,89,76,93,94,95,96,97,98,99]
CFO=-1183.2901937752044,STO=4
EsN0dB=7.39,GRXdB=10,N0=0.003162277629598975
packet_number=1546,correct=False,payload=[64,1,2,3,12,5,6,7,8,137,10,11,12,13,14,15,16,17,18,19,20,29,22,23,152,25,26,27,28,29,30,15,32,33,34,35,36,37,38,38,40,41,170,107,44,45,46,47,48,49,50,51,180,53,54,23,56,185,58,59,124,61,62,63,64,65,66,67,69,69,70,71,72,73,74,75,76,79,70,79,80,83,82,83,84,117,87,87,88,93,218,91,92,93,94,95,32,97,98,99]
CFO=-1221.2137519246423,STO=5
EsN0dB=7.23,GRXdB=10,N0=0.003162277629598975
packet_number=1547,correct=False,payload=[1,1,0,3,4,133,6,7,8,9,14,11,12,9,30,15,16,17,18,17,20,21,18,23,24,89,27,155,28,61,30,159,32,33,34,35,36,37,38,39,40,41,42,43,44,45,46,47,48,49,54,51,52,53,54,55,56,57,184,59,60,61,60,63,192,65,66,3,68,69,70,71,72,73,74,75,77,77,78,79,88,65,82,83,84,85,86,87,88,89,90,91,95,93,94,95,96,97,98,99]
CFO=-1078.00828238442,STO=5
EsN0dB=7.45,GRXdB=10,N0=0.003162277629598975
packet_number=1548,correct=False,payload=[0,1,0,3,4,5,6,7,8,9,10,11,12,13,14,15,16,17,18,147,144,21,22,21,24,25,26,27,28,29,30,31,0,49,34,35,36,37,38,39,40,41,42,43,44,45,46,47,48,49,50,51,52,53,54,55,56,57,187,59,60,61,62,63,64,65,82,67,68,69,70,67,73,73,74,75,68,205,78,79,80,81,82,83,20,85,94,87,88,89,94,123,92,93,94,95,96,101,98,99]
CFO=-1215.673353858835,STO=6
EsN0dB=7.27,GRXdB=10,N0=0.003162277629598975
packet_number=1549,correct=False,payload=[32,1,0,3,5,5,6,7,8,9,10,11,12,9,14,15,16,1,18,19,28,5,22,23,24,25,26,27,28,29,30,31,32,33,34,35,36,37,14,39,32,41,42,43,44,47,46,46,48,49,54,51,52,21,54,55,40,121,58,59,60,61,62,63,80,65,66,67,68,69,70,71,72,73,74,75,204,77,70,79,80,81,82,83,84,117,84,215,88,89,90,90,124,93,30,87,96,97,98,99]
CFO=-1112.167173072581,STO=4
EsN0dB=7.16,GRXdB=10,N0=0.003162277629598975
packet_number=1550,correct=False,payload=[0,1,2,3,4,5,6,7,8,9,10,11,4,13,14,15,16,17,18,19,84,21,23,21,24,25,26,27,88,21,30,31,32,33,34,35,36,37,38,39,40,41,42,43,44,109,46,47,56,49,50,51,52,53,182,63,56,57,58,59,60,61,62,63,68,65,64,67,68,69,70,71,72,73,10,75,76,79,78,79,80,65,82,67,84,85,86,86,88,89,91,91,92,93,94,223,98,97,99,99]
CFO=-1241.3415842146967,STO=4
EsN0dB=7.34,GRXdB=10,N0=0.003162277629598975
packet_number=1551,correct=False,payload=[0,1,2,3,4,5,7,7,0,9,10,11,12,13,14,15,80,17,146,19,21,21,23,23,24,25,26,27,92,29,28,29,32,33,34,35,36,37,38,39,40,41,42,43,44,45,46,63,48,17,50,50,52,177,54,183,56,185,58,59,60,61,62,63,64,69,74,67,68,69,70,71,72,73,74,105,76,77,78,79,80,81,82,115,80,85,86,83,88,89,90,91,92,93,28,95,97,97,98,99]
CFO=-1151.8068162509844,STO=4
EsN0dB=7.20,GRXdB=10,N0=0.003162277629598975
packet_number=1552,correct=False,payload=[0,1,2,3,4,5,2,7,8,25,11,11,12,13,14,15,16,17,26,19,20,85,22,22,24,25,26,27,60,29,30,31,32,33,34,51,36,37,6,39,40,41,42,59,44,45,46,111,48,49,50,51,36,53,54,55,56,57,58,59,60,61,62,63,64,65,66,67,68,69,70,71,72,73,74,107,77,77,78,78,80,81,80,115,84,85,86,87,120,89,94,91,92,93,222,95,96,97,98,98]
CFO=-1496.5756742258607,STO=5
EsN0dB=7.35,GRXdB=10,N0=0.003162277629598975
packet_number=1553,correct=False,payload=[0,1,2,67,4,5,6,7,0,11,138,11,12,13,14,15,16,17,22,19,16,85,22,22,24,25,26,27,156,29,14,29,36,33,34,35,36,37,36,39,40,41,42,43,44,45,46,47,48,57,54,50,52,53,54,53,56,57,58,59,60,61,62,63,64,65,66,67,68,69,70,71,72,9,74,75,76,77,78,79,80,81,210,19,84,85,86,87,88,89,90,91,92,93,90,95,96,97,98,99]
CFO=-1168.8272682077024,STO=4
EsN0dB=7.12,GRXdB=10,N0=0.003162277629598975
packet_number=1554,correct=False,payload=[1,1,2,3,4,5,6,7,8,41,10,75,12,13,14,15,16,17,19,19,20,21,22,39,24,25,26,27,21,61,30,15,32,33,34,35,100,37,38,7,12,105,42,11,44,44,46,47,48,49,48,51,52,53,54,119,56,57,58,59,56,61,62,63,64,65,66,11,68,69,68,71,72,73,74,75,76,205,78,111,208,81,82,83,84,117,86,87,88,73,90,91,93,93,94,95,96,97,98,99]
CFO=-1169.4276370925595,STO=4
EsN0dB=7.09,GRXdB=10,N0=0.003162277629598975
packet_number=1555,correct=False,payload=[0,1,2,3,4,5,6,7,8,9,138,3,12,13,14,15,16,81,18,19,20,21,22,23,24,25,27,27,13,29,30,27,42,33,35,35,36,37,38,35,12,57,42,43,44,45,42,111,48,177,50,51,52,53,54,54,120,121,58,59,60,61,59,63,64,65,66,67,68,69,70,71,72,75,10,75,77,77,78,207,80,81,82,83,84,85,86,86,88,89,91,91,92,93,126,95,64,105,98,99]
CFO=-787.8444745201706,STO=4
EsN0dB=7.28,GRXdB=10,N0=0.003162277629598975
packet_number=1556,correct=False,payload=[0,5,2,3,4,5,6,7,8,9,10,15,12,13,14,15,16,17,18,19,20,21,22,22,24,25,26,27,28,29,26,23,32,37,34,35,44,37,38,39,56,41,42,43,44,45,42,47,48,49,50,51,52,85,54,55,24,57,122,63,60,61,183,63,64,65,66,67,76,73,70,71,72,73,74,75,44,77,78,79,80,81,82,67,116,85,86,87,88,89,94,91,92,95,94,95,96,201,98,115]
CFO=-1082.4432807376777,STO=4
EsN0dB=7.20,GRXdB=10,N0=0.003162277629598975
packet_number=1557,correct=False,payload=[0,1,130,3,4,5,14,7,8,9,138,11,12,13,14,14,16,17,18,19,20,21,22,23,24,25,26,27,28,29,30,31,32,161,50,33,36,45,34,39,56,41,42,43,12,45,62,47,16,49,50,51,52,21,54,55,56,61,58,59,60,61,62,31,64,73,66,67,196,85,70,71,104,73,74,75,76,77,78,79,112,81,82,95,84,81,70,87,88,89,92,91,92,29,95,95,96,97,34,99]
CFO=-1177.9136728176081,STO=5
EsN0dB=7.29,GRXdB=10,N0=0.003162277629598975
packet_number=1558,correct=False,payload=[128,1,2,3,4,5,6,7,8,9,10,27,12,13,14,15,144,17,18,19,20,21,22,23,24,25,26,27,28,25,15,31,32,33,34,35,44,37,166,38,40,41,42,43,44,45,46,47,48,17,50,51,52,61,114,55,56,57,42,59,60,57,62,63,64,65,70,3,68,65,70,71,72,73,78,79,78,77,78,79,80,81,82,83,85,85,84,95,88,89,90,91,124,29,94,95,96,97,98,97]
CFO=-1284.933725056553,STO=6
EsN0dB=7.47,GRXdB=10,N0=0.003162277629598975
packet_number=1559,correct=False,payload=[20,129,2,10,4,5,6,7,0,9,10,11,12,13,14,15,146,81,18,19,20,21,22,23,24,25,26,27,28,29,30,31,32,33,162,35,36,37,38,167,40,41,42,169,44,45,174,47,48,48,50,51,52,181,54,55,56,57,58,59,60,61,62,63,64,65,66,67,68,69,70,71,24,72,74,75,76,77,78,75,80,81,210,83,84,85,86,87,88,89,90,91,76,93,94,95,96,97,98,99]
CFO=-1220.3356694454071,STO=4
EsN0dB=7.09,GRXdB=10,N0=0.003162277629598975
packet_number=1560,correct=False,payload=[0,33,2,3,4,5,6,7,8,9,10,11,12,5,14,15,16,145,18,19,20,21,18,23,24,25,26,59,28,13,30,31,32,33,34,35,36,37,38,39,40,41,42,43,108,45,46,47,32,49,51,51,36,53,54,23,56,56,58,59,60,53,62,63,64,65,66,67,68,69,70,103,72,73,74,75,76,77,76,71,80,80,82,83,84,85,82,87,88,89,90,91,220,29,94,95,104,97,98,99]
CFO=-951.5917972790429,STO=5
EsN0dB=7.42,GRXdB=10,N0=0.003162277629598975
packet_number=1561,correct=False,payload=[0,1,18,3,4,5,2,7,8,73,8,11,12,13,14,14,16,17,18,19,20,21,22,23,152,25,26,27,28,29,30,31,32,33,34,35,100,37,36,39,40,41,42,43,44,45,46,47,16,49,50,51,52,53,54,55,56,57,58,59,60,61,62,63,72,67,66,67,68,69,70,70,74,77,74,75,108,77,78,79,80,81,83,83,84,85,87,87,88,89,26,75,28,93,94,95,96,97,98,99]
CFO=-1144.1746727518607,STO=4
EsN0dB=7.29,GRXdB=10,N0=0.003162277629598975
packet_number=1562,correct=False,payload=[0,1,10,3,4,37,70,7,8,9,10,11,12,13,14,15,16,21,18,19,20,21,22,23,24,25,58,27,28,29,30,31,32,33,34,35,36,37,38,39,40,41,42,107,45,46,46,47,48,49,50,51,52,53,38,55,56,57,58,187,92,61,62,63,72,65,66,67,68,69,68,71,74,73,74,75,76,77,78,79,82,113,114,83,84,117,87,87,88,89,90,91,92,93,94,95,64,97,98,99]
CFO=-1227.9631883372804,STO=4
EsN0dB=7.30,GRXdB=10,N0=0.003162277629598975
packet_number=1563,correct=False,payload=[0,9,10,3,5,5,6,7,12,9,10,11,12,13,14,15,16,17,18,23,20,21,22,23,24,25,26,59,28,29,30,62,32,49,38,3,32,37,38,39,40,41,42,43,44,45,14,15,48,113,50,51,52,53,54,55,184,57,58,27,60,61,62,63,64,65,66,67,68,69,70,71,72,72,202,75,76,77,78,79,80,65,82,83,84,85,86,87,89,89,90,91,92,93,94,95,96,97,98,98]
CFO=-1028.7581124410506,STO=4
EsN0dB=7.50,GRXdB=10,N0=0.003162277629598975
packet_number=1564,correct=False,payload=[0,1,2,3,4,21,6,7,8,9,10,3,12,13,14,15,16,17,82,19,20,21,22,23,24,25,24,27,28,29,30,31,32,1,34,35,36,37,38,39,168,34,43,171,44,61,46,47,48,49,50,51,52,53,54,55,56,57,58,59,60,53,62,63,66,65,66,3,69,85,71,71,72,73,74,75,76,77,78,79,80,81,82,83,92,85,86,215,80,89,90,89,92,93,94,87,96,97,98,99]
CFO=-1017.1422848244515,STO=4
EsN0dB=7.26,GRXdB=10,N0=0.003162277629598975
packet_number=1565,correct=False,payload=[0,1,2,3,4,5,6,7,8,9,10,11,12,13,14,15,81,17,19,51,52,21,22,23,24,25,26,27,28,29,30,95,32,33,34,35,36,37,38,39,40,41,42,43,44,45,42,47,48,49,50,51,52,53,54,55,56,57,58,51,60,61,62,61,64,65,98,67,70,69,71,71,72,73,74,75,76,77,78,71,64,81,114,83,84,85,86,87,88,89,26,91,92,93,94,95,96,33,98,99]
CFO=-1097.3187449878617,STO=4
EsN0dB=7.16,GRXdB=10,N0=0.003162277629598975
packet_number=1566,correct=False,payload=[16,1,10,3,4,5,38,7,8,9,10,11,12,15,14,15,16,21,24,27,20,21,18,23,24,25,26,27,28,29,30,93,32,49,34,43,36,37,38,39,40,41,42,43,172,45,62,111,112,49,50,51,49,117,50,55,56,57,58,59,60,61,62,61,64,65,66,67,4,77,70,71,72,73,74,75,76,77,78,79,64,81,82,83,84,87,86,87,88,89,26,90,92,93,94,95,96,101,99,99]
CFO=-606.3619015351909,STO=4
EsN0dB=7.26,GRXdB=10,N0=0.003162277629598975
packet_number=1567,correct=False,payload=[0,1,2,3,4,4,134,7,8,9,10,43,12,13,14,15,16,17,18,19,4,17,54,23,56,25,26,27,28,29,30,31,32,33,34,51,36,37,35,39,40,33,42,43,44,45,46,47,52,57,54,51,52,53,54,55,24,59,58,59,60,61,62,63,64,65,66,67,68,69,70,71,72,73,74,11,76,77,78,79,80,89,16,83,84,85,86,87,92,89,26,91,93,94,94,95,96,97,98,99]
CFO=-1226.4195181529883,STO=5
EsN0dB=7.21,GRXdB=10,N0=0.003162277629598975
packet_number=1568,correct=False,payload=[0,1,2,3,4,13,22,7,8,9,10,11,12,13,14,7,16,17,18,19,148,21,150,23,24,25,26,27,28,29,30,29,32,33,34,35,36,37,38,39,42,41,42,43,44,45,46,47,48,49,48,51,52,53,38,55,60,57,58,51,60,61,62,127,64,65,66,67,68,85,71,199,74,75,74,75,76,77,110,111,80,209,82,83,84,85,86,87,88,89,218,91,92,93,94,95,64,97,98,99]
CFO=-1197.8107490638283,STO=5
EsN0dB=7.25,GRXdB=10,N0=0.003162277629598975
packet_number=1569,correct=False,payload=[0,1,2,3,12,5,6,7,8,9,10,11,44,13,14,15,16,17,18,19,20,149,22,23,24,25,26,27,28,29,158,31,32,33,98,99,36,37,38,39,40,41,42,43,44,45,46,47,48,49,50,51,52,53,54,183,56,57,50,59,28,61,30,63,64,65,66,67,68,69,70,103,74,105,74,91,76,77,78,79,80,81,82,83,84,85,86,87,88,89,82,91,92,221,90,95,96,97,102,99]
CFO=-851.5691315491683,STO=3
EsN0dB=7.08,GRXdB=10,N0=0.003162277629598975
packet_number=1570,correct=False,payload=[0,1,2,3,4,5,6,15,8,13,10,11,12,45,78,15,16,49,18,19,20,53,22,23,24,25,26,27,92,29,30,31,32,33,34,39,36,37,38,167,40,41,42,43,44,45,46,47,56,49,34,19,54,61,54,55,56,49,58,59,60,61,62,191,64,65,67,67,68,69,70,71,72,73,74,11,76,13,110,79,80,81,82,83,84,117,82,87,88,89,90,91,92,89,94,95,100,105,106,99]
CFO=-700.2372191425444,STO=4
EsN0dB=7.26,GRXdB=10,N0=0.003162277629598975
packet_number=1571,correct=False,payload=[0,5,34,3,4,5,6,7,8,9,130,11,12,13,14,15,16,17,50,19,28,20,22,7,24,72,26,27,28,29,30,31,32,97,34,35,36,37,38,39,40,41,43,43,45,44,46,47,48,53,50,51,52,53,118,55,56,57,122,59,60,61,62,63,64,65,70,67,68,77,70,69,75,201,74,75,77,77,78,79,80,83,82,83,84,93,86,87,88,89,26,91,92,93,94,94,96,97,98,99]
CFO=-498.4886685483599,STO=0
EsN0dB=7.44,GRXdB=10,N0=0.003162277629598975
packet_number=1572,correct=False,payload=[0,1,2,3,6,5,14,7,8,9,10,11,12,13,14,15,16,17,22,19,20,21,22,23,24,25,58,27,28,157,30,31,34,33,34,35,36,53,38,39,40,33,42,59,172,13,110,47,112,49,50,51,20,53,54,55,56,57,186,57,60,61,60,63,64,65,66,67,70,205,70,71,72,73,74,75,76,77,78,77,120,81,82,83,84,85,86,87,88,89,90,91,92,93,94,94,32,97,98,35]
CFO=-1647.6393001221172,STO=5
EsN0dB=7.42,GRXdB=10,N0=0.003162277629598975
packet_number=1573,correct=False,payload=[0,5,2,3,4,5,6,7,8,9,10,11,12,13,30,15,16,17,18,19,20,21,22,23,24,25,26,27,28,29,30,31,32,33,40,35,164,37,38,39,40,105,42,47,44,45,46,47,48,49,50,51,52,49,54,55,56,57,58,59,60,61,62,59,64,65,66,107,68,69,70,71,72,73,202,75,76,77,78,79,80,83,82,83,84,85,82,87,89,89,88,91,92,93,222,95,96,97,98,99]
CFO=-1034.2902099297416,STO=5
EsN0dB=7.26,GRXdB=10,N0=0.003162277629598975
packet_number=1574,correct=False,payload=[1,1,2,3,4,5,6,7,9,9,10,11,12,15,14,15,16,17,50,19,20,21,22,7,24,9,26,27,28,61,30,31,32,33,34,35,36,229,38,39,40,41,58,43,44,45,46,47,48,49,50,115,60,37,22,55,56,25,58,59,60,61,58,63,64,65,66,67,68,69,6,71,72,73,74,75,12,73,78,79,84,81,210,83,84,85,86,87,88,25,90,90,92,93,94,95,96,97,98,227]
CFO=-1306.7140836707965,STO=4
EsN0dB=7.27,GRXdB=10,N0=0.003162277629598975
packet_number=1575,correct=False,payload=[32,1,2,3,4,5,6,23,8,9,10,11,12,13,14,15,16,17,146,19,21,21,22,23,24,25,26,27,28,29,30,15,32,33,34,163,36,37,38,39,40,41,42,43,44,45,46,43,48,48,114,51,52,53,54,55,56,57,58,59,60,61,62,63,64,65,66,99,68,69,103,71,72,73,74,75,92,77,70,71,80,81,82,91,84,85,86,87,88,89,91,91,92,92,94,95,96,97,98,99]
CFO=-825.0873260562325,STO=5
EsN0dB=7.32,GRXdB=10,N0=0.003162277629598975
packet_number=1576,correct=False,payload=[0,1,2,35,4,5,6,7,8,9,26,3,12,13,14,15,16,17,18,19,18,21,22,23,24,25,26,19,28,29,30,31,0,33,34,35,60,37,102,39,40,41,40,43,44,45,46,47,48,53,50,51,52,53,50,55,58,57,58,59,60,61,62,63,64,65,66,67,68,69,71,71,72,73,74,91,76,77,78,79,80,213,82,83,84,85,86,83,88,89,90,122,92,93,94,95,96,96,98,99]
CFO=-1031.3618849027719,STO=4
EsN0dB=7.26,GRXdB=10,N0=0.003162277629598975
packet_number=1577,correct=False,payload=[0,1,2,3,4,5,6,7,136,137,10,11,12,12,14,15,0,17,18,19,0,21,22,23,24,25,26,27,28,29,30,31,32,33,38,35,36,37,62,38,40,41,34,43,44,45,174,47,48,176,50,51,52,53,54,55,120,57,250,59,60,189,62,63,64,97,66,66,68,77,70,71,104,73,74,75,76,77,78,79,82,81,82,83,84,85,86,71,88,89,90,123,94,29,94,95,96,97,74,67]
CFO=-1325.4129123204375,STO=5
EsN0dB=7.29,GRXdB=10,N0=0.003162277629598975
packet_number=1578,correct=False,payload=[0,1,2,3,36,5,6,7,8,9,10,11,76,13,10,15,0,17,18,19,20,21,23,7,24,25,26,27,28,29,28,159,32,49,34,43,36,37,166,103,40,41,42,43,60,45,62,47,176,49,50,19,52,53,54,55,56,59,58,59,60,61,30,63,64,65,66,67,68,77,66,71,72,73,74,75,76,77,78,79,80,81,82,83,84,85,86,85,72,89,88,91,92,93,94,95,96,97,110,99]
CFO=-1208.3535492186315,STO=4
EsN0dB=7.22,GRXdB=10,N0=0.003162277629598975
packet_number=1579,correct=False,payload=[0,1,2,3,4,5,6,7,8,9,10,11,143,13,14,15,17,17,19,19,20,21,22,23,24,29,27,27,28,29,30,31,32,33,34,35,36,37,38,35,40,41,42,43,44,45,46,47,48,49,50,51,60,49,54,55,56,57,58,59,60,189,62,63,64,65,66,67,64,69,70,71,89,73,74,75,76,77,78,79,80,81,82,83,84,85,86,87,89,89,74,91,28,93,94,95,64,97,106,99]
CFO=-1134.9817835955198,STO=6
EsN0dB=7.24,GRXdB=10,N0=0.003162277629598975
packet_number=1580,correct=False,payload=[8,1,2,3,20,1,6,7,12,9,10,11,12,13,14,15,16,17,18,19,20,21,22,23,24,25,26,27,28,29,30,31,32,33,34,35,38,37,38,35,40,41,42,43,44,45,46,15,48,49,32,51,180,53,54,23,56,57,58,51,56,61,62,62,64,65,66,67,68,69,70,71,72,73,74,67,76,77,78,71,80,69,82,83,84,85,86,71,88,89,90,27,92,77,94,95,96,97,98,99]
CFO=-1344.1492121467747,STO=4
EsN0dB=7.26,GRXdB=10,N0=0.003162277629598975
packet_number=1581,correct=False,payload=[0,9,6,3,4,5,134,7,8,9,10,11,14,13,14,15,16,17,18,19,20,28,22,23,8,25,26,27,28,21,28,31,32,37,34,35,36,37,6,39,40,41,42,43,44,45,44,47,48,49,50,51,180,53,54,23,56,57,58,59,44,63,62,63,64,65,66,67,68,69,70,71,72,79,90,75,76,77,78,79,80,81,19,83,92,85,86,87,88,89,90,123,92,93,94,223,96,97,98,99]
CFO=-1469.9405452156188,STO=4
EsN0dB=7.36,GRXdB=10,N0=0.003162277629598975
packet_number=1582,correct=False,payload=[17,65,3,3,36,5,6,7,8,9,10,11,140,13,14,13,18,17,18,19,20,21,22,23,24,24,154,19,28,29,30,63,32,33,34,163,100,101,38,37,40,41,42,43,44,45,46,45,48,49,50,51,52,53,54,55,56,57,26,187,44,61,62,55,64,65,70,67,68,69,78,71,8,73,74,75,76,77,74,79,80,81,82,83,84,85,86,87,88,89,94,75,92,93,94,95,96,97,98,99]
CFO=-1389.309924904272,STO=4
EsN0dB=7.35,GRXdB=10,N0=0.003162277629598975
packet_number=1583,correct=False,payload=[0,1,2,3,5,5,6,7,32,9,10,11,12,13,14,15,16,16,18,19,20,17,22,21,24,25,58,27,93,29,30,27,32,33,34,35,36,37,38,39,40,41,58,43,44,45,47,47,48,56,178,51,52,61,54,55,56,57,58,59,60,61,54,63,64,65,66,81,64,101,70,69,72,73,74,107,76,77,78,79,208,81,82,83,84,85,86,87,88,89,90,91,92,95,94,31,96,97,98,99]
CFO=-1473.8867581563975,STO=3
EsN0dB=7.38,GRXdB=10,N0=0.003162277629598975
packet_number=1584,correct=False,payload=[0,1,2,3,4,5,7,7,25,9,10,11,12,13,14,11,16,17,18,19,20,21,22,23,8,25,26,91,30,29,30,31,32,33,34,35,36,101,38,39,40,41,42,43,44,45,47,47,48,49,50,51,60,53,54,55,60,57,26,59,60,61,62,63,64,97,66,67,68,101,70,71,72,73,74,75,72,205,78,79,80,83,82,83,84,85,86,87,88,88,88,83,30,93,94,95,96,97,98,99]
CFO=-1085.891103312457,STO=4
EsN0dB=7.34,GRXdB=10,N0=0.003162277629598975
packet_number=1585,correct=False,payload=[0,1,18,3,4,7,6,7,8,9,138,11,12,77,14,11,16,17,18,19,22,21,22,23,24,25,26,27,28,31,30,31,32,33,34,51,32,37,38,39,12,40,34,63,44,41,46,47,48,49,50,35,52,53,54,55,56,57,186,59,60,61,62,127,64,65,66,67,68,69,70,71,72,73,202,75,76,77,78,79,80,81,82,113,84,85,86,215,88,89,90,91,92,93,94,95,96,97,98,103]
CFO=-1013.2306971482152,STO=4
EsN0dB=7.19,GRXdB=10,N0=0.003162277629598975
packet_number=1586,correct=False,payload=[0,1,2,3,6,5,6,7,8,9,10,15,14,15,14,15,16,17,18,19,20,23,22,23,24,25,30,31,28,29,30,31,32,33,34,35,4,37,38,39,8,41,10,42,44,45,46,47,176,49,50,51,52,55,118,55,56,57,58,59,60,61,62,63,64,65,66,67,72,69,70,71,72,73,74,79,76,77,78,71,80,81,82,81,20,81,86,87,88,9,88,91,124,29,94,91,96,97,66,99]
CFO=-1091.5322941003915,STO=4
EsN0dB=7.25,GRXdB=10,N0=0.003162277629598975
packet_number=1587,correct=False,payload=[0,1,2,3,4,5,6,71,8,9,10,15,12,77,14,15,16,145,18,19,23,21,22,23,24,25,27,27,28,29,30,31,32,33,2,35,38,37,38,39,40,41,43,43,44,45,46,47,48,49,50,50,52,53,54,55,56,57,58,59,60,61,62,63,64,65,66,67,68,69,70,71,72,73,74,75,76,77,78,79,80,65,82,83,84,85,86,87,88,89,26,91,92,221,222,95,64,65,98,99]
CFO=-461.55409451741497,STO=5
EsN0dB=7.15,GRXdB=10,N0=0.003162277629598975
packet_number=1588,correct=False,payload=[0,1,2,163,4,1,6,71,8,11,10,11,28,13,14,31,16,17,18,19,20,21,22,22,24,25,26,27,28,29,30,31,32,33,42,33,100,37,38,39,40,41,42,47,44,47,42,45,48,49,50,51,60,53,182,39,56,57,58,59,60,61,62,63,64,65,66,67,68,69,70,7,72,73,74,75,76,77,78,79,80,81,82,83,84,85,86,87,88,89,90,91,84,93,94,95,96,105,98,99]
CFO=-1129.2884177514256,STO=4
EsN0dB=7.15,GRXdB=10,N0=0.003162277629598975
packet_number=1589,correct=False,payload=[0,1,2,3,4,5,6,7,8,9,10,11,12,13,14,15,16,17,18,19,148,21,22,31,24,31,26,27,29,29,30,159,32,43,34,35,36,37,102,35,40,41,106,43,44,45,46,47,48,177,50,55,52,20,54,55,56,123,58,59,60,61,62,63,0,65,66,67,68,197,70,7,72,9,90,75,78,77,78,79,80,89,82,83,84,85,86,85,88,25,90,91,92,221,94,95,96,101,98,35]
CFO=-806.7878737455605,STO=4
EsN0dB=7.31,GRXdB=10,N0=0.003162277629598975
packet_number=1590,correct=False,payload=[0,3,2,3,36,5,6,15,8,9,10,11,44,13,46,15,16,17,18,3,20,21,22,23,24,25,26,27,29,29,30,63,32,33,34,35,38,37,38,47,40,41,42,43,44,45,46,47,48,49,51,51,52,53,54,55,56,45,58,58,60,61,62,191,80,65,66,67,68,69,70,71,72,73,74,75,76,77,74,79,80,81,18,83,84,85,86,87,88,91,90,27,88,93,94,95,114,97,98,99]
CFO=-813.7886990651506,STO=7
EsN0dB=7.46,GRXdB=10,N0=0.003162277629598975
packet_number=1591,correct=False,payload=[0,129,6,3,12,69,134,7,0,9,10,10,12,13,14,15,16,17,18,19,20,20,22,23,24,25,26,27,28,29,30,31,32,33,34,35,36,37,38,167,40,41,42,43,44,45,46,47,48,49,58,51,52,53,54,55,56,57,58,187,60,61,60,63,64,65,66,195,68,71,70,71,72,73,74,75,76,73,78,77,80,81,82,67,84,85,86,87,88,89,90,91,92,93,94,95,98,97,99,99]
CFO=-1008.1245378452652,STO=4
EsN0dB=7.31,GRXdB=10,N0=0.003162277629598975
packet_number=1592,correct=False,payload=[0,0,6,3,4,5,6,7,8,9,10,11,12,13,14,15,16,17,18,19,20,21,22,23,24,25,90,27,28,29,30,31,32,33,34,35,36,5,38,39,40,33,42,43,60,45,46,43,48,49,50,51,52,53,54,55,56,61,58,59,60,61,62,59,0,65,66,67,64,69,6,103,104,73,74,107,76,77,78,79,80,81,80,83,116,85,86,87,88,89,90,91,92,93,126,95,96,97,98,99]
CFO=-839.3691211730888,STO=4
EsN0dB=7.41,GRXdB=10,N0=0.003162277629598975
packet_number=1593,correct=False,payload=[128,1,6,3,4,5,6,7,8,11,10,11,12,15,78,15,16,17,18,19,28,17,22,23,24,25,26,27,28,29,30,31,160,41,35,35,36,165,54,47,40,41,59,43,12,45,46,47,112,49,50,51,52,53,54,51,58,57,58,59,60,61,62,63,80,67,66,67,68,69,102,71,104,105,74,75,92,77,79,79,80,81,82,83,84,85,86,87,88,89,90,91,92,93,94,95,104,100,98,67]
CFO=-1227.065065893293,STO=4
EsN0dB=7.34,GRXdB=10,N0=0.003162277629598975
packet_number=1594,correct=False,payload=[0,1,2,3,4,5,6,7,8,9,10,11,12,13,14,15,17,17,18,19,20,21,22,31,56,25,26,27,28,28,30,31,32,33,34,35,36,37,38,39,8,41,43,43,44,45,45,47,48,49,50,51,52,53,54,39,56,56,58,123,60,61,62,63,64,193,66,67,68,69,70,71,72,73,74,75,76,73,78,79,88,81,18,83,84,85,118,87,216,89,90,91,92,93,90,95,96,97,98,35]
CFO=-936.1455497724379,STO=5
EsN0dB=7.42,GRXdB=10,N0=0.003162277629598975
packet_number=1595,correct=False,payload=[8,1,2,7,4,5,102,7,8,9,74,75,12,9,14,13,16,17,18,19,52,21,54,23,24,25,26,27,28,25,26,31,32,33,34,35,36,37,39,7,40,41,42,43,44,45,46,47,16,49,50,55,54,52,54,55,56,57,58,59,60,61,62,63,72,89,66,67,68,69,70,71,72,75,90,74,68,77,78,79,80,17,82,91,84,85,86,87,88,89,90,91,92,92,94,127,96,97,96,75]
CFO=-1321.452825557907,STO=4
EsN0dB=7.25,GRXdB=10,N0=0.003162277629598975
packet_number=1596,correct=False,payload=[0,1,2,3,4,5,6,7,8,9,10,11,140,13,14,15,16,145,18,19,20,21,22,21,24,25,26,27,28,21,30,15,32,32,34,43,52,33,34,39,40,45,42,43,44,45,46,47,48,49,50,57,52,53,62,55,62,57,58,59,60,61,62,63,0,65,66,67,68,69,70,69,90,77,78,75,76,69,78,79,80,81,82,83,84,85,82,87,88,89,90,91,92,93,94,30,96,97,98,99]
CFO=-1132.9928467387729,STO=5
EsN0dB=7.22,GRXdB=10,N0=0.003162277629598975
packet_number=1597,correct=False,payload=[0,1,131,3,4,5,6,135,8,73,10,11,12,13,14,15,16,25,16,19,20,21,22,23,24,25,26,27,28,29,28,31,160,33,162,163,36,37,38,39,40,47,34,43,44,45,46,47,60,51,58,49,52,53,54,55,56,57,58,59,60,61,62,61,64,65,66,67,68,69,70,70,72,73,74,75,76,77,78,79,80,81,82,83,84,85,82,87,88,89,90,91,92,93,94,95,96,97,98,99]
CFO=-638.2454854560913,STO=4
EsN0dB=7.12,GRXdB=10,N0=0.003162277629598975
packet_number=1598,correct=False,payload=[0,1,2,3,4,5,6,7,8,9,11,9,12,13,14,15,16,17,18,19,20,21,150,23,24,153,26,27,28,29,30,31,32,33,34,35,36,37,38,39,40,41,46,43,45,45,46,47,48,177,50,51,52,49,54,55,56,57,58,59,60,61,62,191,66,65,66,67,68,69,70,71,72,73,66,75,12,77,78,79,80,81,114,83,84,85,86,87,88,93,154,91,92,93,94,95,96,97,98,227]
CFO=-1385.6309905466394,STO=5
EsN0dB=6.28,GRXdB=10,N0=0.003981071524322033
packet_number=1599,correct=False,payload=[0,1,34,3,20,1,6,7,8,9,10,139,12,13,14,15,18,17,18,19,84,21,22,23,24,25,26,27,28,29,30,31,33,35,32,35,37,36,38,39,40,41,42,43,44,45,46,47,48,49,50,19,52,53,46,55,184,57,58,59,60,25,62,47,64,67,194,99,68,69,70,71,72,91,202,75,76,77,78,101,80,113,82,83,68,85,86,87,72,89,90,91,92,93,95,91,113,112,98,82]
CFO=-743.9098162925925,STO=5
EsN0dB=6.07,GRXdB=10,N0=0.003981071524322033
packet_number=1600,correct=False,payload=[128,33,2,3,4,1,6,7,40,9,10,11,12,11,14,15,16,17,18,19,20,5,22,151,153,25,26,11,28,61,190,31,32,33,98,35,36,165,36,39,32,41,170,43,44,111,46,47,48,49,50,51,52,53,55,103,57,57,58,59,60,61,62,62,72,97,66,65,76,69,70,71,76,73,106,79,76,77,78,15,82,81,82,83,80,85,86,214,90,217,90,26,92,89,214,95,96,97,226,235]
CFO=-894.5544409139839,STO=5
EsN0dB=6.30,GRXdB=10,N0=0.003981071524322033
packet_number=1601,correct=False,payload=[3,0,2,3,5,5,14,7,8,1,14,11,12,13,14,15,20,17,146,19,22,149,22,55,24,27,26,27,28,29,30,159,32,33,34,35,36,37,36,39,41,169,42,35,44,61,44,47,52,49,50,51,52,53,50,55,56,41,58,59,60,61,62,63,64,65,66,67,64,69,70,71,200,41,74,75,78,77,78,75,80,17,82,83,84,85,86,87,120,73,26,25,222,77,94,95,32,97,98,227]
CFO=-1077.0129246084985,STO=4
EsN0dB=6.17,GRXdB=10,N0=0.003981071524322033
packet_number=1602,correct=False,payload=[80,1,2,3,4,5,6,6,8,11,10,11,13,13,14,31,16,17,18,19,16,17,18,21,152,27,18,27,28,29,30,31,32,35,34,35,44,37,38,39,40,57,40,171,44,45,46,47,48,49,48,51,52,55,54,55,56,57,58,59,60,61,62,63,69,65,66,67,68,69,76,103,74,65,202,75,76,76,78,79,80,113,90,83,117,85,86,119,88,91,90,91,92,93,94,95,96,97,98,227]
CFO=-775.8509706447783,STO=5
EsN0dB=6.09,GRXdB=10,N0=0.003981071524322033
packet_number=1603,correct=False,payload=[0,1,2,3,4,5,6,5,8,9,170,11,12,13,14,31,16,19,26,19,20,23,22,23,24,29,10,27,28,31,30,31,32,33,34,35,100,39,39,39,40,169,40,235,44,45,46,47,176,49,50,51,52,181,54,55,56,17,58,123,60,61,62,63,192,65,82,67,197,69,70,71,104,73,74,75,76,77,78,95,114,81,82,83,149,85,86,87,88,89,90,91,92,93,94,95,96,97,106,99]
CFO=-992.6614520250814,STO=4
EsN0dB=6.25,GRXdB=10,N0=0.003981071524322033
packet_number=1604,correct=False,payload=[0,1,2,131,4,5,6,7,8,9,26,9,12,13,14,7,16,17,18,19,22,21,86,23,24,17,26,155,28,157,30,31,32,33,34,35,36,37,34,39,40,41,42,43,60,45,62,63,48,49,178,51,52,53,38,55,56,57,42,51,60,63,62,63,64,81,66,67,69,69,66,71,72,73,202,75,76,69,78,79,112,81,90,83,85,85,86,87,88,89,90,91,93,93,94,95,96,97,227,99]
CFO=-1136.5948228885698,STO=4
EsN0dB=6.40,GRXdB=10,N0=0.003981071524322033
packet_number=1605,correct=False,payload=[0,129,0,1,4,5,7,7,8,11,42,139,12,12,14,143,0,17,6,3,20,17,22,23,92,25,26,27,28,29,14,31,40,33,34,3,44,37,46,39,168,33,42,43,44,109,63,47,56,113,34,50,52,53,54,119,40,121,58,59,60,61,62,61,70,64,66,195,204,69,6,71,200,73,74,75,72,77,78,75,80,81,18,83,84,85,118,119,88,95,90,91,92,93,94,95,96,33,98,99]
CFO=-984.5760377255692,STO=5
EsN0dB=6.35,GRXdB=10,N0=0.003981071524322033
packet_number=1606,correct=False,payload=[0,1,2,3,4,69,6,35,8,8,8,11,13,13,14,143,144,17,18,19,4,5,22,55,24,25,26,27,28,29,30,31,32,33,2,99,36,37,38,103,40,173,42,43,45,45,102,47,49,53,50,51,60,53,54,63,56,57,58,59,28,61,62,127,64,65,66,67,68,69,71,70,88,9,74,75,76,77,78,79,80,65,82,115,84,85,86,83,24,219,90,91,92,29,94,93,96,97,98,99]
CFO=-1062.5093262131263,STO=4
EsN0dB=6.11,GRXdB=10,N0=0.003981071524322033
packet_number=1607,correct=False,payload=[8,1,2,3,4,5,6,7,8,25,10,11,12,45,10,15,18,17,18,19,20,21,23,23,88,25,26,26,28,93,30,63,32,33,34,19,36,37,231,39,56,57,46,43,36,45,47,47,48,53,50,51,52,53,22,55,56,25,42,59,60,189,62,63,64,65,66,67,68,69,70,71,72,73,72,75,76,77,78,79,80,81,82,83,80,85,86,87,216,89,90,83,92,93,94,95,96,109,98,99]
CFO=-1388.3512082473355,STO=5
EsN0dB=6.22,GRXdB=10,N0=0.003981071524322033
packet_number=1608,correct=False,payload=[64,1,2,3,5,3,134,15,24,11,2,11,12,77,14,15,16,81,18,19,28,21,22,23,16,25,26,27,28,29,30,31,32,33,34,35,36,37,38,39,42,41,42,43,44,45,47,47,48,49,122,51,36,21,54,55,41,25,58,59,56,61,62,63,80,65,66,67,69,100,70,71,72,104,94,75,13,77,14,79,80,81,82,83,86,85,86,87,216,89,90,243,92,93,94,95,98,117,98,98]
CFO=-1321.3100556315062,STO=5
EsN0dB=6.45,GRXdB=10,N0=0.003981071524322033
packet_number=1609,correct=False,payload=[0,5,18,135,68,4,14,7,72,13,14,11,12,45,15,15,48,61,18,19,21,5,22,23,24,25,26,27,28,61,30,28,32,33,34,99,60,37,38,7,40,40,42,43,172,45,110,47,48,49,50,19,52,53,182,55,184,57,57,59,60,53,62,63,65,97,70,67,84,69,70,7,73,73,74,75,72,79,78,79,114,81,82,83,84,85,70,87,88,89,90,91,220,93,94,95,96,97,66,97]
CFO=-984.8769929358729,STO=4
EsN0dB=6.29,GRXdB=10,N0=0.003981071524322033
packet_number=1610,correct=False,payload=[0,1,10,3,36,1,6,55,8,42,74,27,12,13,14,15,24,17,26,19,80,17,150,23,56,25,26,27,156,28,30,31,32,49,50,35,36,36,38,7,40,9,42,57,108,41,46,239,48,49,50,51,52,53,182,55,56,57,186,59,60,61,62,47,64,65,66,67,68,69,70,71,72,105,74,91,205,77,94,79,80,65,82,83,84,21,86,84,92,89,90,83,92,93,222,95,64,97,98,115]
CFO=-972.3312042330615,STO=5
EsN0dB=6.25,GRXdB=10,N0=0.003981071524322033
packet_number=1611,correct=False,payload=[66,1,6,3,4,3,6,7,136,9,10,3,76,45,14,70,18,29,18,83,20,21,22,23,24,25,26,59,28,93,15,47,0,32,34,179,36,37,39,135,40,9,43,43,44,45,46,111,176,48,50,51,60,53,55,55,56,57,56,19,188,61,62,63,68,67,66,67,4,101,38,103,72,65,74,75,76,76,78,79,80,65,82,83,116,85,86,87,90,89,90,91,92,221,126,86,96,97,98,107]
CFO=-878.3237888698852,STO=3
EsN0dB=6.42,GRXdB=10,N0=0.003981071524322033
packet_number=1612,correct=False,payload=[0,64,66,3,4,5,6,71,8,9,10,11,12,13,14,79,16,17,18,19,20,21,22,23,56,25,26,25,28,25,94,31,128,33,34,35,36,33,38,167,40,41,42,43,44,45,46,45,57,49,50,59,52,149,54,119,48,57,114,59,60,57,126,63,82,65,75,67,68,69,70,199,72,73,202,203,72,77,78,79,80,83,74,87,116,85,86,83,88,81,26,89,92,93,92,223,96,97,98,115]
CFO=-976.915790843923,STO=6
EsN0dB=6.12,GRXdB=10,N0=0.003981071524322033
packet_number=1613,correct=False,payload=[4,1,2,11,4,5,6,71,40,9,26,11,12,13,15,15,16,17,18,19,20,21,22,23,152,25,18,91,28,25,14,31,32,33,34,35,36,37,38,39,40,41,43,11,44,61,14,47,48,51,50,51,52,53,54,55,56,121,58,59,60,57,62,191,200,65,66,67,68,197,86,111,72,65,74,75,108,77,76,79,80,17,82,83,84,21,116,67,88,89,90,91,92,93,95,95,96,33,98,99]
CFO=-1036.0810001527543,STO=4
EsN0dB=6.43,GRXdB=10,N0=0.003981071524322033
packet_number=1614,correct=False,payload=[0,1,2,3,4,5,6,23,8,9,10,11,132,15,14,30,145,17,19,19,20,29,22,199,24,24,22,155,28,31,30,31,32,33,34,35,52,37,38,39,169,41,42,171,44,45,46,47,48,49,50,51,52,37,54,21,40,89,58,59,60,61,62,191,68,65,2,99,68,65,70,71,72,73,90,75,76,76,78,79,80,81,82,82,84,117,86,127,88,89,90,91,92,93,94,95,96,97,102,115]
CFO=-1439.0715289776808,STO=5
EsN0dB=6.36,GRXdB=10,N0=0.003981071524322033
packet_number=1615,correct=False,payload=[0,1,2,35,4,37,6,7,8,13,26,11,12,13,14,15,16,17,18,19,20,85,22,23,24,25,26,27,20,29,30,31,33,39,50,35,36,37,36,37,40,41,42,43,172,45,174,47,48,48,50,50,60,53,54,55,56,57,56,57,124,61,62,53,64,65,194,82,68,77,70,71,72,72,74,75,108,77,78,77,82,80,82,83,212,21,86,87,88,89,90,95,88,93,94,95,96,96,70,99]
CFO=-1326.321706935003,STO=4
EsN0dB=6.09,GRXdB=10,N0=0.003981071524322033
packet_number=1616,correct=False,payload=[0,1,18,3,36,0,6,7,8,41,10,11,12,36,46,15,16,49,18,83,20,21,22,19,26,26,26,27,31,29,28,31,32,32,34,33,38,37,38,47,24,41,43,11,44,45,42,47,112,49,50,51,52,53,54,55,58,57,58,63,60,61,62,23,64,80,66,3,68,69,6,71,200,73,74,73,78,73,78,111,112,65,18,87,84,85,86,87,88,89,90,89,92,88,95,95,96,96,98,99]
CFO=-1904.1631812374862,STO=5
EsN0dB=6.33,GRXdB=10,N0=0.003981071524322033
packet_number=1617,correct=False,payload=[0,17,2,3,0,5,14,135,12,9,138,11,12,5,10,29,16,17,18,51,20,5,182,23,24,25,30,159,28,29,30,31,32,33,34,35,32,37,54,39,40,45,34,11,44,45,44,43,48,33,50,19,52,52,54,55,56,57,58,59,60,61,62,63,64,65,66,71,68,69,70,69,216,67,90,11,76,77,74,79,112,81,210,83,84,84,86,87,88,89,90,91,92,93,94,95,96,103,114,107]
CFO=-1044.6616624569292,STO=5
EsN0dB=6.13,GRXdB=10,N0=0.003981071524322033
packet_number=1618,correct=False,payload=[0,1,2,3,4,7,6,7,8,9,10,11,14,13,14,79,16,17,82,147,20,21,20,23,26,25,27,27,28,25,30,22,48,33,106,35,38,37,39,38,40,169,42,43,44,45,46,45,49,49,50,113,20,53,54,55,56,57,62,51,56,61,62,63,72,69,39,194,68,69,70,71,72,65,76,75,77,93,78,15,112,81,82,87,68,85,86,87,88,89,74,219,92,85,94,93,96,97,98,35]
CFO=-1141.2522767085454,STO=4
EsN0dB=5.95,GRXdB=10,N0=0.003981071524322033
packet_number=1619,correct=False,payload=[0,1,2,3,12,5,6,7,8,9,26,11,12,13,30,15,16,17,19,19,16,23,22,151,25,25,26,27,28,29,30,31,32,33,38,35,36,45,22,39,40,41,34,43,44,45,46,38,48,49,50,179,52,53,54,55,184,49,58,59,60,61,62,63,65,64,194,67,68,69,70,79,88,73,74,74,76,79,110,79,80,81,208,83,212,69,86,87,88,89,90,91,220,93,94,95,96,97,98,99]
CFO=-874.8574678661038,STO=4
EsN0dB=6.12,GRXdB=10,N0=0.003981071524322033
packet_number=1620,correct=False,payload=[0,1,2,3,4,33,6,55,8,9,10,131,14,13,14,15,16,17,16,19,21,21,22,87,16,25,18,11,28,29,30,63,36,33,50,35,36,37,38,103,41,41,170,43,13,13,46,47,17,49,50,51,60,53,54,55,56,57,58,59,60,61,45,63,64,69,66,83,68,65,66,103,73,73,202,107,92,77,78,79,26,81,82,83,84,85,86,87,88,89,90,91,92,93,30,95,96,97,96,99]
CFO=-1048.0882592702253,STO=4
EsN0dB=6.20,GRXdB=10,N0=0.003981071524322033
packet_number=1621,correct=False,payload=[0,1,2,3,4,5,6,7,8,9,142,11,76,29,14,15,144,61,18,19,148,21,22,19,24,25,26,27,20,31,30,23,32,33,34,35,4,37,38,37,40,41,43,43,44,44,41,47,18,49,50,51,52,53,50,55,56,57,58,59,60,53,62,62,64,65,66,67,68,69,70,71,72,73,106,75,76,77,78,79,80,83,86,83,213,85,86,7,216,89,26,91,92,93,94,94,96,225,98,243]
CFO=-730.7136180828797,STO=4
EsN0dB=6.50,GRXdB=10,N0=0.003981071524322033
packet_number=1622,correct=False,payload=[1,64,2,3,4,5,6,7,136,73,30,11,12,13,14,15,152,81,16,3,20,21,30,23,24,25,26,27,28,13,30,30,44,33,38,35,36,37,38,47,42,41,42,43,44,45,46,47,56,48,186,51,52,53,54,55,56,57,58,63,60,61,62,47,64,65,66,67,196,69,68,79,72,73,74,90,76,77,78,79,88,211,82,83,80,85,222,87,88,89,90,123,92,93,94,94,96,97,98,99]
CFO=-997.2137849648623,STO=5
EsN0dB=6.42,GRXdB=10,N0=0.003981071524322033
packet_number=1623,correct=False,payload=[0,17,2,3,4,5,6,7,72,201,10,11,9,15,14,143,16,17,146,19,21,21,23,15,24,153,26,155,24,29,30,19,33,35,34,35,36,39,38,39,104,41,106,35,40,45,238,63,48,49,50,51,116,53,54,55,56,57,58,59,248,61,190,63,64,65,66,98,68,69,70,71,72,65,74,75,76,109,79,79,80,17,82,83,84,21,82,119,92,89,90,91,92,93,190,95,98,33,98,99]
CFO=-1055.666686177439,STO=0
EsN0dB=6.55,GRXdB=10,N0=0.003981071524322033
packet_number=1624,correct=False,payload=[0,17,2,3,4,5,6,39,8,9,10,11,12,45,14,15,16,17,2,151,20,149,6,23,28,25,26,25,28,157,30,30,48,97,34,35,36,39,54,39,48,43,42,43,44,45,46,47,48,49,50,19,180,36,54,55,56,185,50,27,62,61,62,119,16,65,66,67,68,69,70,71,72,73,74,74,76,77,78,79,80,208,82,83,84,85,214,87,88,89,90,91,88,93,126,95,96,99,96,99]
CFO=-1382.7699001943117,STO=4
EsN0dB=6.46,GRXdB=10,N0=0.003981071524322033
packet_number=1625,correct=False,payload=[32,1,0,3,4,5,6,5,10,8,10,11,12,13,14,15,16,17,18,19,20,53,22,23,24,24,26,9,28,30,30,15,32,33,34,35,36,37,38,47,40,45,42,43,44,45,46,47,48,61,50,51,52,53,54,55,48,57,58,59,60,62,62,63,64,97,66,67,68,69,70,69,72,73,202,75,76,77,78,79,88,209,90,211,212,117,86,95,80,89,90,91,220,93,94,95,96,97,64,113]
CFO=-627.7145432685971,STO=6
EsN0dB=6.40,GRXdB=10,N0=0.003981071524322033
packet_number=1626,correct=False,payload=[0,9,130,3,36,1,6,7,72,73,2,11,12,13,14,79,20,25,18,23,16,21,22,23,24,25,26,27,28,29,30,27,0,49,34,35,36,37,38,39,40,41,46,47,44,37,46,47,16,53,50,51,52,53,54,55,56,41,58,59,60,61,62,63,71,97,98,67,68,197,66,71,72,73,72,75,76,77,78,79,88,81,83,83,84,85,94,87,88,89,88,91,92,93,30,31,98,65,98,227]
CFO=-1579.9964742450268,STO=5
EsN0dB=6.35,GRXdB=10,N0=0.003981071524322033
packet_number=1627,correct=False,payload=[144,1,2,3,4,5,6,3,8,9,10,11,12,15,14,15,18,145,18,23,20,17,20,23,25,25,25,27,28,31,15,15,32,33,34,227,164,37,38,39,40,169,42,171,111,45,46,47,56,56,178,179,52,53,38,61,56,57,58,59,30,61,62,63,208,65,82,67,68,76,70,67,64,73,74,75,76,93,78,79,80,85,114,83,84,21,86,55,88,89,90,91,84,92,92,95,64,97,98,99]
CFO=-1250.7713955578724,STO=4
EsN0dB=6.43,GRXdB=10,N0=0.003981071524322033
packet_number=1628,correct=False,payload=[128,1,2,67,4,5,38,7,0,9,10,11,12,13,14,15,16,21,2,51,4,23,22,31,8,25,26,27,28,29,30,63,32,33,178,35,44,37,38,39,56,105,40,15,44,45,46,47,176,49,50,51,21,117,50,39,56,41,56,59,188,61,62,63,64,83,66,67,68,77,66,71,72,1,90,75,76,69,78,79,80,81,82,83,84,85,210,87,88,89,122,91,92,93,94,91,98,97,98,99]
CFO=-1236.6014803625771,STO=4
EsN0dB=6.25,GRXdB=10,N0=0.003981071524322033
packet_number=1629,correct=False,payload=[1,1,2,3,4,21,70,23,8,9,40,11,12,13,14,15,16,17,18,83,20,21,22,147,24,24,26,25,28,29,30,159,32,33,58,35,38,117,38,39,40,41,42,43,44,173,47,47,48,53,48,35,52,53,22,55,56,51,59,59,60,189,62,47,32,193,66,67,68,69,70,70,72,201,74,75,76,77,78,78,48,81,18,83,84,85,86,85,88,93,90,95,28,93,94,95,64,97,98,99]
CFO=-1248.7860160913183,STO=5
EsN0dB=6.33,GRXdB=10,N0=0.003981071524322033
packet_number=1630,correct=False,payload=[64,65,2,3,4,37,6,23,8,9,8,11,12,13,14,13,24,17,2,147,20,21,86,23,24,9,26,27,29,13,30,31,33,33,34,35,36,5,38,7,40,41,106,11,40,45,46,47,48,51,50,35,52,53,118,55,56,57,58,59,60,45,62,63,64,65,66,67,68,69,70,67,8,232,74,75,220,73,78,79,210,113,87,83,92,85,86,19,88,89,90,91,92,88,94,95,96,97,98,99]
CFO=-1394.961194964419,STO=4
EsN0dB=6.36,GRXdB=10,N0=0.003981071524322033
packet_number=1631,correct=False,payload=[2,1,34,3,68,37,6,7,40,9,11,75,76,13,14,15,16,3,18,18,20,21,30,23,16,25,26,27,28,29,158,23,32,1,34,227,36,37,110,39,40,41,42,43,44,45,46,46,48,53,178,51,52,53,52,55,56,56,50,59,60,189,62,63,64,65,195,67,68,69,70,71,72,9,202,75,204,79,46,79,80,91,64,211,100,69,86,87,88,89,90,91,28,93,94,95,32,105,98,99]
CFO=-1024.6423305677524,STO=4
EsN0dB=6.56,GRXdB=10,N0=0.003981071524322033
packet_number=1632,correct=False,payload=[2,65,2,0,36,13,2,167,8,9,10,11,76,13,14,143,18,1,18,19,20,85,22,23,24,27,26,63,28,29,20,31,32,160,34,35,36,37,38,37,44,45,46,43,108,109,34,47,48,49,50,51,52,53,54,55,44,57,58,43,62,61,62,63,64,73,66,83,68,69,102,71,88,73,74,74,76,77,78,199,84,89,82,83,84,125,86,87,88,89,118,87,92,93,30,95,96,97,226,99]
CFO=-1088.7405728568217,STO=4
EsN0dB=6.29,GRXdB=10,N0=0.003981071524322033
packet_number=1633,correct=False,payload=[0,1,2,3,132,13,6,7,8,9,10,3,172,13,14,15,16,16,18,19,20,21,54,19,88,9,24,27,28,29,30,31,32,33,34,34,36,37,4,39,40,41,42,43,44,45,46,47,48,49,50,39,4,52,54,55,58,56,58,59,125,61,62,63,67,69,64,64,4,85,70,102,8,73,74,203,76,73,79,79,80,81,90,83,84,117,86,87,88,25,90,91,92,93,94,93,96,97,67,227]
CFO=-1371.022093401563,STO=5
EsN0dB=6.46,GRXdB=10,N0=0.003981071524322033
packet_number=1634,correct=False,payload=[32,129,2,3,134,5,6,71,8,77,10,10,12,13,142,15,16,17,18,127,20,5,22,23,24,25,24,123,12,29,30,31,32,33,34,35,36,37,34,7,32,45,58,41,44,41,46,47,48,48,50,51,36,53,54,55,88,57,58,187,60,61,62,63,64,65,66,67,4,69,70,71,72,73,104,75,76,77,110,79,80,81,82,82,84,85,86,87,92,81,90,95,92,92,94,95,96,97,98,107]
CFO=-1144.9895522653387,STO=4
EsN0dB=6.44,GRXdB=10,N0=0.003981071524322033
packet_number=1635,correct=False,payload=[4,1,2,1,4,5,6,7,8,9,10,11,4,13,15,14,16,17,18,11,4,20,30,23,88,25,26,91,28,29,14,30,32,161,32,35,36,45,38,47,8,41,42,43,41,45,46,47,48,33,178,51,54,21,54,55,24,57,60,51,60,61,62,63,64,65,66,75,68,5,70,71,72,73,74,75,76,77,78,79,81,81,82,83,76,213,214,87,88,121,90,94,92,125,94,95,96,97,98,123]
CFO=-923.4797584404589,STO=4
EsN0dB=6.61,GRXdB=10,N0=0.003981071524322033
packet_number=1636,correct=False,payload=[0,3,10,3,5,5,6,39,72,9,26,155,12,13,14,15,16,25,154,23,20,117,22,23,24,89,26,27,28,29,30,95,32,33,162,35,32,53,38,35,41,41,42,43,108,45,46,47,48,53,50,115,20,53,52,39,56,57,58,58,60,191,62,63,64,65,66,67,68,69,70,71,72,73,74,75,76,77,78,79,208,81,82,83,84,85,86,83,88,89,90,91,92,93,94,95,96,97,98,99]
CFO=-1136.3434339816179,STO=5
EsN0dB=6.23,GRXdB=10,N0=0.003981071524322033
packet_number=1637,correct=False,payload=[0,5,2,3,4,133,6,7,8,25,10,11,9,73,12,15,24,17,22,19,116,29,22,7,24,25,26,83,28,29,30,31,0,41,34,42,37,37,102,39,32,41,42,43,36,45,46,47,48,49,50,51,52,181,22,55,57,9,58,59,60,61,46,63,64,73,66,67,68,69,6,7,200,72,106,75,204,77,78,79,80,17,86,83,84,86,86,55,88,89,94,91,92,93,94,95,96,97,50,107]
CFO=-1136.7583442577616,STO=5
EsN0dB=6.38,GRXdB=10,N0=0.003981071524322033
packet_number=1638,correct=False,payload=[0,1,0,3,4,28,6,7,8,9,10,139,12,13,10,143,16,17,22,21,20,85,6,23,152,25,90,27,53,29,2,31,36,33,35,35,36,53,132,37,40,41,42,107,13,61,46,47,48,49,50,51,60,53,54,53,56,57,62,59,60,45,62,47,64,65,66,11,68,69,198,71,72,73,74,75,204,69,126,67,112,81,82,80,92,69,86,87,88,89,91,91,88,29,86,95,99,97,106,99]
CFO=-1161.815414978515,STO=4
EsN0dB=6.27,GRXdB=10,N0=0.003981071524322033
packet_number=1639,correct=False,payload=[0,17,2,131,68,5,6,7,8,9,10,11,13,44,14,11,18,17,18,51,52,20,22,23,24,57,26,26,92,29,30,31,0,33,34,35,36,5,36,39,40,41,42,43,44,45,46,47,32,49,50,51,52,53,54,55,56,59,42,51,60,60,62,63,64,64,66,3,68,79,70,77,72,72,90,203,78,77,78,78,80,81,82,83,84,85,118,23,88,89,90,123,92,85,94,95,98,97,98,98]
CFO=-1357.7849259147974,STO=5
EsN0dB=6.23,GRXdB=10,N0=0.003981071524322033
packet_number=1640,correct=False,payload=[0,1,2,17,132,133,7,14,32,25,10,139,12,13,142,47,16,17,18,147,20,21,22,23,24,25,26,91,28,157,30,31,32,33,34,103,36,37,54,103,40,41,42,171,44,173,46,47,176,49,50,51,52,53,54,55,60,57,58,57,60,61,62,62,64,129,64,67,68,13,70,67,72,89,74,11,76,93,78,79,80,16,82,83,84,85,94,87,89,75,90,91,92,125,94,95,96,97,98,99]
CFO=-1119.9975817851118,STO=4
EsN0dB=6.57,GRXdB=10,N0=0.003981071524322033
packet_number=1641,correct=False,payload=[0,1,34,3,4,5,150,7,8,1,10,75,76,141,14,11,16,17,146,19,20,21,22,23,24,57,26,11,28,28,30,63,96,37,34,35,36,47,38,39,40,41,42,43,46,45,110,45,176,49,50,59,52,53,54,55,56,57,58,63,60,61,62,63,64,65,66,67,68,68,230,71,72,73,74,75,76,77,110,79,81,81,82,211,116,85,86,86,88,25,90,75,92,93,127,95,104,97,98,99]
CFO=-561.1025897795189,STO=4
EsN0dB=6.22,GRXdB=10,N0=0.003981071524322033
packet_number=1642,correct=False,payload=[128,1,2,3,4,69,6,39,8,9,10,3,12,13,14,15,16,17,18,27,20,21,18,22,24,25,30,27,156,29,30,77,33,161,38,35,36,101,38,7,40,41,42,43,46,45,46,47,32,49,50,51,52,49,38,53,56,57,58,43,60,61,62,63,64,65,66,67,68,69,100,71,74,92,74,203,76,77,78,15,80,81,82,83,84,93,86,215,92,88,94,91,88,93,94,95,32,105,98,99]
CFO=-699.8960061332265,STO=4
EsN0dB=6.45,GRXdB=10,N0=0.003981071524322033
packet_number=1643,correct=False,payload=[0,1,2,131,6,5,2,7,8,9,26,11,12,29,14,15,16,17,22,19,148,17,22,31,24,25,26,27,20,29,30,159,32,1,42,67,45,37,38,39,34,41,42,43,44,47,46,111,48,177,50,51,52,53,54,119,56,49,50,59,60,61,190,63,64,65,98,67,76,69,70,71,200,105,202,75,76,77,78,79,50,81,90,81,87,81,86,87,94,89,82,123,92,92,94,127,68,1,98,99]
CFO=-596.1328631953852,STO=5
EsN0dB=6.44,GRXdB=10,N0=0.003981071524322033
packet_number=1644,correct=False,payload=[0,1,3,3,4,5,6,7,8,137,10,11,12,13,14,143,16,17,18,91,20,21,20,87,92,25,26,27,28,29,94,31,40,33,34,35,36,53,38,39,40,169,58,42,44,47,47,47,16,49,114,51,48,181,86,51,56,57,59,58,124,61,62,63,0,81,194,67,68,77,71,87,72,9,74,75,76,205,78,207,112,241,82,83,84,21,126,87,88,89,90,91,92,87,94,95,96,97,98,99]
CFO=-1240.0477614016063,STO=5
EsN0dB=6.36,GRXdB=10,N0=0.003981071524322033
packet_number=1645,correct=False,payload=[0,3,10,3,4,5,6,7,136,9,11,3,52,13,14,15,18,17,18,19,20,5,22,21,24,25,26,11,30,29,30,22,32,33,35,37,36,37,38,39,44,41,170,43,44,45,46,63,48,55,50,51,52,53,54,55,60,57,62,59,52,61,60,63,80,65,2,75,64,69,70,71,72,8,78,75,78,77,70,14,80,81,66,91,84,84,86,86,88,89,94,91,92,92,94,95,98,97,96,99]
CFO=-815.4379051584932,STO=5
EsN0dB=6.13,GRXdB=10,N0=0.003981071524322033
packet_number=1646,correct=False,payload=[0,129,2,3,5,5,134,7,8,9,42,11,12,13,14,31,16,17,18,51,16,85,6,7,88,25,26,27,152,29,30,30,32,33,34,35,36,37,38,39,44,41,42,43,44,45,110,47,112,49,58,50,52,53,54,183,48,57,58,43,60,29,62,63,64,65,66,67,68,86,66,71,72,73,74,91,124,204,14,78,80,81,82,83,84,21,86,119,88,89,90,95,124,85,94,95,96,97,66,99]
CFO=-1255.0575764214018,STO=4
EsN0dB=6.59,GRXdB=10,N0=0.003981071524322033
packet_number=1647,correct=False,payload=[0,1,2,3,4,7,6,103,8,9,10,139,12,13,14,15,16,81,18,19,21,21,22,23,16,25,90,27,28,29,158,159,32,33,34,35,36,37,39,39,40,41,42,43,44,45,62,47,48,57,50,51,52,55,54,55,56,57,58,58,36,53,46,63,64,65,98,227,196,69,68,7,104,73,106,75,76,77,78,109,88,81,82,83,85,85,118,87,88,89,90,11,92,93,94,94,98,97,98,99]
CFO=-681.8564211761324,STO=4
EsN0dB=6.26,GRXdB=10,N0=0.003981071524322033
packet_number=1648,correct=False,payload=[32,3,2,7,132,5,6,7,8,9,10,11,12,13,14,14,144,19,18,147,20,21,18,21,24,16,58,155,28,25,158,55,128,97,50,39,36,33,39,39,41,33,42,11,44,45,46,47,48,49,50,179,124,53,54,119,122,57,58,59,60,61,62,47,80,65,98,67,68,69,70,7,74,73,74,66,76,204,110,15,80,81,210,83,68,149,86,87,24,89,88,91,92,93,94,223,96,97,98,35]
CFO=-775.9125727849488,STO=4
EsN0dB=6.27,GRXdB=10,N0=0.003981071524322033
packet_number=1649,correct=False,payload=[0,1,2,3,4,13,10,7,8,9,10,75,12,9,14,15,16,21,18,19,20,21,22,55,24,153,26,27,28,29,30,31,34,33,34,34,36,37,38,7,40,41,42,43,44,47,44,47,48,49,50,51,52,53,54,55,56,57,58,59,60,61,62,62,64,65,64,67,68,69,70,199,104,72,74,83,204,77,78,79,80,81,114,19,84,85,87,87,88,89,90,91,92,95,94,93,96,105,98,99]
CFO=-724.0483732381359,STO=5
EsN0dB=6.33,GRXdB=10,N0=0.003981071524322033
packet_number=1650,correct=False,payload=[1,1,18,3,68,4,6,7,8,9,138,11,8,5,14,15,16,17,2,19,20,21,118,86,24,137,26,27,28,29,62,31,96,33,36,35,36,5,38,39,56,33,42,42,12,45,46,47,32,85,114,50,48,53,62,55,24,57,59,51,188,61,58,63,64,73,86,75,68,77,70,71,192,73,74,75,68,77,206,79,80,81,18,83,84,85,86,87,90,73,74,95,28,93,94,79,224,103,98,99]
CFO=-564.7021943358541,STO=4
EsN0dB=6.41,GRXdB=10,N0=0.003981071524322033
packet_number=1651,correct=False,payload=[64,1,2,3,5,5,7,7,24,73,10,75,12,13,10,15,16,17,18,19,4,21,22,23,24,25,26,27,60,29,30,30,32,33,34,35,36,165,38,45,40,41,10,43,45,45,46,47,240,177,50,34,53,53,54,55,56,121,56,26,60,61,62,63,64,65,66,1,68,68,102,71,72,73,74,75,76,77,78,79,112,81,86,19,84,83,86,83,200,89,90,95,93,93,94,95,160,97,98,227]
CFO=-967.6996007818198,STO=5
EsN0dB=6.37,GRXdB=10,N0=0.003981071524322033
packet_number=1652,correct=False,payload=[64,1,2,7,4,5,2,71,8,1,10,11,12,25,14,175,16,19,18,19,20,16,22,23,24,25,26,26,12,31,30,31,32,161,34,35,36,103,54,47,58,40,74,43,44,173,46,47,48,57,50,59,52,52,54,23,56,121,58,59,52,181,60,62,64,65,64,67,68,69,70,67,72,72,74,75,76,77,198,71,80,81,82,81,84,93,86,87,120,89,88,223,12,93,126,95,224,97,114,115]
CFO=-1246.5133180768657,STO=4
EsN0dB=6.40,GRXdB=10,N0=0.003981071524322033
packet_number=1653,correct=False,payload=[0,1,0,131,4,5,6,6,8,41,10,11,12,13,22,14,16,17,18,19,20,21,22,19,24,25,26,27,28,28,30,31,32,33,34,35,172,37,54,39,40,43,106,43,172,45,46,47,49,57,50,51,60,61,54,119,48,57,58,59,52,61,62,63,64,65,66,67,69,69,70,95,72,73,74,105,76,77,78,199,80,81,82,83,85,85,86,87,88,88,90,19,92,93,94,78,96,97,98,99]
CFO=-1238.1705265969106,STO=4
EsN0dB=6.25,GRXdB=10,N0=0.003981071524322033
packet_number=1654,correct=False,payload=[0,0,2,67,4,1,6,7,8,41,10,11,12,13,14,15,16,17,18,19,20,20,22,23,24,27,26,27,30,29,158,23,32,33,34,35,38,36,38,39,40,41,42,47,46,45,46,47,48,49,50,50,16,53,54,115,56,57,58,59,60,61,62,63,64,1,74,3,68,69,70,71,64,72,74,75,76,77,78,77,80,65,82,67,20,85,86,86,88,77,90,91,88,94,94,95,96,99,98,99]
CFO=-1163.138882709878,STO=5
EsN0dB=6.19,GRXdB=10,N0=0.003981071524322033
packet_number=1655,correct=False,payload=[1,1,10,67,20,5,6,39,0,41,10,11,12,9,15,15,16,17,18,19,52,85,86,51,8,25,26,27,28,13,30,27,40,35,34,35,52,33,102,39,32,169,42,43,44,45,46,47,48,49,50,35,36,49,190,53,56,185,170,59,60,56,62,31,64,65,66,67,4,117,70,67,72,201,74,75,76,77,78,79,80,83,82,82,212,85,86,87,88,89,90,91,92,85,94,95,32,97,98,99]
CFO=-622.2661037392714,STO=4
EsN0dB=6.36,GRXdB=10,N0=0.003981071524322033
packet_number=1656,correct=False,payload=[66,1,2,3,4,21,6,3,8,9,10,11,12,77,142,143,16,17,22,3,20,29,22,23,24,25,26,27,28,29,94,23,32,165,34,35,36,41,39,39,40,41,43,41,172,109,46,47,48,49,48,51,52,53,54,55,56,61,58,123,188,61,62,127,96,65,66,67,84,77,6,71,72,73,74,75,76,77,79,79,84,81,64,27,84,213,86,87,88,89,124,91,92,85,94,79,96,97,98,67]
CFO=-1351.5181087716378,STO=4
EsN0dB=6.29,GRXdB=10,N0=0.003981071524322033
packet_number=1657,correct=False,payload=[0,161,0,131,4,69,6,7,24,11,42,43,4,45,14,15,144,17,18,19,20,21,22,55,24,25,19,27,28,29,30,31,32,33,34,35,36,36,38,35,40,33,42,175,44,61,47,47,48,57,50,51,52,53,54,54,56,57,58,59,60,53,62,63,64,65,66,67,64,69,66,71,72,73,106,75,76,77,78,79,80,81,82,83,84,85,94,87,88,89,90,91,92,29,222,95,98,97,98,99]
CFO=-1278.7674634761738,STO=4
EsN0dB=6.40,GRXdB=10,N0=0.003981071524322033
packet_number=1658,correct=False,payload=[0,9,2,3,128,7,70,39,8,1,10,11,76,13,14,143,24,17,154,19,20,21,22,23,24,217,26,27,8,21,30,31,0,33,50,35,36,53,38,7,40,41,42,43,44,45,46,47,48,49,50,51,20,53,54,55,56,41,58,59,60,61,62,63,72,81,66,67,68,69,70,67,64,73,70,75,76,77,78,79,80,81,82,83,84,85,86,85,120,89,90,95,84,93,94,95,96,97,98,99]
CFO=-1467.2632533565816,STO=4
EsN0dB=6.25,GRXdB=10,N0=0.003981071524322033
packet_number=1659,correct=False,payload=[0,1,66,3,4,37,6,135,8,13,10,11,44,13,14,15,16,17,18,23,20,21,22,23,24,24,27,27,12,29,60,31,32,33,34,33,36,1,38,103,168,41,42,107,44,45,60,47,48,113,50,51,180,53,55,55,57,56,58,59,60,61,62,63,64,65,66,67,68,77,70,71,72,73,74,75,76,109,78,79,80,81,82,83,92,85,118,87,90,89,90,75,92,93,94,31,192,97,98,99]
CFO=-586.5555387388848,STO=4
EsN0dB=6.50,GRXdB=10,N0=0.003981071524322033
packet_number=1660,correct=False,payload=[2,9,2,11,6,5,6,7,8,1,10,43,12,13,14,15,24,17,18,19,20,21,158,23,24,25,26,31,20,28,30,15,32,33,34,35,36,37,38,39,40,41,42,43,44,41,46,47,48,113,50,49,54,53,54,22,120,57,58,59,28,53,126,43,64,81,66,67,228,69,102,79,72,73,74,74,204,79,78,79,16,85,82,211,84,85,86,87,88,89,90,91,28,93,94,95,96,97,98,115]
CFO=-994.7425845776562,STO=4
EsN0dB=6.55,GRXdB=10,N0=0.003981071524322033
packet_number=1661,correct=False,payload=[0,1,34,19,132,5,7,5,8,9,170,75,13,5,46,31,16,145,18,19,20,21,22,151,27,17,27,27,28,93,30,31,36,33,34,35,38,36,38,39,40,41,42,43,44,45,46,47,56,48,50,51,52,53,62,55,120,41,58,59,56,61,54,63,192,64,210,67,68,69,71,67,72,73,74,75,76,77,78,79,80,81,82,115,84,213,86,87,88,89,74,93,92,93,94,31,96,97,98,67]
CFO=-1561.1954299171819,STO=3
EsN0dB=6.14,GRXdB=10,N0=0.003981071524322033
packet_number=1662,correct=False,payload=[0,17,2,131,132,5,6,7,8,137,10,11,12,13,14,15,16,16,18,19,16,53,30,23,16,25,26,27,28,31,30,31,33,33,34,35,36,37,6,39,40,41,170,41,44,45,62,175,48,49,50,59,52,53,54,55,56,57,59,43,60,61,62,63,64,97,66,67,68,69,70,71,72,73,74,75,76,77,70,79,80,81,82,83,84,117,86,87,88,89,90,75,76,93,94,31,96,97,102,96]
CFO=-966.3291754999128,STO=6
EsN0dB=6.02,GRXdB=10,N0=0.003981071524322033
packet_number=1663,correct=False,payload=[0,1,2,3,4,5,38,7,8,9,10,9,76,13,14,15,16,17,22,19,20,5,22,23,56,25,218,27,28,29,30,31,96,33,34,39,4,37,38,39,40,41,42,43,46,45,46,175,48,49,54,49,36,53,50,55,56,57,58,115,60,61,190,63,64,65,226,67,68,69,70,71,76,73,74,75,12,77,78,207,80,89,82,115,84,85,214,87,88,89,26,25,92,93,94,93,96,97,118,35]
CFO=-1377.8363928953816,STO=7
EsN0dB=6.43,GRXdB=10,N0=0.003981071524322033
packet_number=1664,correct=False,payload=[0,1,2,3,4,4,70,7,8,9,10,11,12,13,14,15,16,17,18,19,20,21,22,23,24,89,58,154,60,29,190,31,32,33,34,35,44,37,36,39,40,41,42,41,44,45,46,47,48,49,50,51,16,52,86,47,56,57,58,123,60,125,62,63,64,65,74,99,68,77,70,71,72,73,202,91,76,77,94,79,80,81,82,83,84,85,22,87,88,73,90,89,76,93,222,95,112,96,98,99]
CFO=-729.0974957183294,STO=3
EsN0dB=6.13,GRXdB=10,N0=0.003981071524322033
packet_number=1665,correct=False,payload=[0,1,2,3,4,5,134,5,8,11,10,11,13,13,14,47,16,17,18,18,22,21,22,7,24,25,26,27,28,13,62,159,32,39,50,35,36,53,38,38,40,41,106,43,44,45,46,47,48,49,50,51,52,53,52,181,51,56,24,59,44,63,60,63,64,81,66,66,77,69,70,71,72,65,72,203,76,77,78,79,80,81,83,83,84,85,86,87,216,89,90,91,92,93,94,95,96,97,99,99]
CFO=-861.2353907604866,STO=4
EsN0dB=6.12,GRXdB=10,N0=0.003981071524322033
packet_number=1666,correct=False,payload=[0,1,0,3,4,5,6,7,136,25,10,11,13,13,14,13,20,17,18,19,20,21,22,23,28,25,26,27,28,61,28,31,34,1,34,35,44,37,38,39,40,41,42,43,44,45,46,47,48,51,50,179,36,53,60,183,24,185,26,51,60,61,190,63,64,1,66,67,36,69,86,199,8,77,74,75,92,77,111,79,80,80,86,83,84,84,86,87,90,89,90,82,92,93,94,95,96,97,114,99]
CFO=-1536.3031849420242,STO=4
EsN0dB=6.31,GRXdB=10,N0=0.003981071524322033
packet_number=1667,correct=False,payload=[0,1,2,3,44,21,6,7,8,9,10,139,92,77,14,15,144,153,18,19,20,21,22,151,28,25,26,10,28,93,94,31,32,33,98,35,36,37,38,55,8,41,42,43,44,101,46,47,48,49,178,51,52,37,118,51,57,52,58,59,60,29,46,63,64,65,200,66,68,69,68,71,72,9,226,83,72,13,70,79,80,209,82,67,92,213,86,119,72,89,90,91,220,93,94,95,96,97,98,98]
CFO=-852.7041761799906,STO=5
EsN0dB=6.26,GRXdB=10,N0=0.003981071524322033
packet_number=1668,correct=False,payload=[12,1,2,3,4,23,6,7,8,73,10,11,12,45,14,15,20,17,18,83,20,21,22,23,16,25,26,59,28,61,26,31,32,33,34,43,4,37,38,7,40,41,58,43,40,45,46,111,48,59,50,51,52,117,54,119,56,57,58,59,60,61,30,63,64,65,65,65,68,69,70,71,72,73,74,75,76,77,206,79,80,81,66,83,84,84,86,86,88,73,90,91,94,93,94,95,96,97,98,231]
CFO=-1382.8366605502617,STO=4
EsN0dB=6.12,GRXdB=10,N0=0.003981071524322033
packet_number=1669,correct=False,payload=[0,1,2,1,68,5,4,7,8,13,10,11,12,13,6,15,0,17,16,18,16,21,22,23,24,25,27,59,28,21,31,31,32,41,3,35,172,37,38,38,40,41,42,43,44,37,174,47,48,49,50,51,52,116,118,23,56,57,58,51,188,25,62,63,65,1,194,67,68,133,70,71,73,73,10,11,76,77,78,79,80,81,80,81,85,93,22,87,88,89,91,122,124,29,222,95,100,97,112,35]
CFO=-1198.4764553485584,STO=4
EsN0dB=6.23,GRXdB=10,N0=0.003981071524322033
packet_number=1670,correct=False,payload=[0,1,2,3,4,1,6,7,8,25,26,10,12,77,14,15,16,145,18,19,20,23,22,23,24,25,154,27,221,31,30,27,32,37,98,35,32,37,166,39,40,41,42,42,36,45,46,47,48,49,50,51,52,53,54,183,48,57,58,59,56,45,58,63,64,65,66,67,64,69,70,69,72,89,66,75,76,77,78,79,81,80,82,87,100,21,118,71,88,89,90,91,92,93,92,95,98,97,98,99]
CFO=-1031.1361092052075,STO=3
EsN0dB=6.49,GRXdB=10,N0=0.003981071524322033
packet_number=1671,correct=False,payload=[64,1,18,3,4,37,134,135,10,12,10,1,12,13,14,15,0,16,18,19,20,29,22,151,24,25,26,27,28,52,30,15,32,33,34,35,36,37,38,39,40,41,58,43,45,44,38,43,176,49,50,51,52,61,54,55,56,41,58,59,60,60,62,63,65,65,66,67,68,69,87,71,64,201,78,73,76,77,78,79,81,81,82,83,84,85,86,87,88,89,90,83,84,93,94,95,64,97,98,99]
CFO=-357.9070707244475,STO=5
EsN0dB=6.33,GRXdB=10,N0=0.003981071524322033
packet_number=1672,correct=False,payload=[1,17,2,3,4,5,78,7,8,141,10,39,13,13,14,15,16,17,80,19,20,21,22,23,24,9,24,27,28,25,30,31,32,35,34,35,164,37,166,39,40,40,42,43,44,45,46,47,112,177,50,19,36,53,62,55,56,57,60,59,188,63,62,63,64,65,66,67,68,69,70,87,89,75,74,75,76,77,78,199,80,81,94,211,84,87,86,87,89,81,90,83,92,93,94,95,32,225,98,114]
CFO=-963.6356975154987,STO=4
EsN0dB=6.31,GRXdB=10,N0=0.003981071524322033
packet_number=1673,correct=False,payload=[0,1,0,1,4,5,6,6,8,8,10,11,12,78,14,11,48,17,18,19,20,21,22,17,24,24,58,90,24,29,30,29,32,32,42,35,36,37,38,63,40,33,42,43,174,45,46,15,177,49,50,51,52,53,22,53,184,56,122,59,60,61,60,63,64,64,64,67,69,69,70,71,200,73,74,75,76,77,78,79,88,81,82,119,20,117,86,87,80,121,91,91,92,93,94,95,96,97,66,99]
CFO=-1382.3657806684193,STO=3
EsN0dB=6.28,GRXdB=10,N0=0.003981071524322033
packet_number=1674,correct=False,payload=[8,193,2,11,4,5,0,7,8,9,10,11,12,13,30,14,16,25,26,19,20,21,22,22,24,25,26,91,28,28,30,31,160,33,34,43,36,37,38,39,32,41,42,11,46,45,46,47,48,49,58,51,54,7,54,63,56,57,58,59,60,61,62,31,64,73,66,65,4,65,70,79,72,89,74,106,68,205,78,93,209,81,66,83,84,85,22,87,88,95,122,91,92,93,30,79,96,97,98,99]
CFO=-383.3144554444285,STO=4
EsN0dB=6.35,GRXdB=10,N0=0.003981071524322033
packet_number=1675,correct=False,payload=[32,1,2,3,36,5,6,7,8,9,10,15,12,13,78,15,17,17,22,19,20,21,23,23,9,61,27,27,28,29,30,31,32,33,39,35,36,37,38,35,56,41,122,43,44,47,44,47,48,49,50,51,52,53,54,55,56,57,58,19,60,28,190,63,97,65,66,67,4,69,70,199,72,105,74,75,76,73,78,15,80,81,82,19,84,84,70,87,88,89,90,11,92,29,94,215,96,97,98,99]
CFO=-607.0764626452343,STO=4
EsN0dB=6.40,GRXdB=10,N0=0.003981071524322033
packet_number=1676,correct=False,payload=[0,9,2,7,4,5,6,7,8,25,10,3,8,13,14,15,16,17,18,19,20,53,22,7,24,25,26,13,28,63,30,31,32,33,34,35,5,53,38,103,40,41,42,43,44,63,46,55,56,49,50,51,52,53,22,55,56,121,58,59,28,61,62,31,64,1,66,67,68,69,70,71,74,73,74,75,76,109,78,79,80,81,86,83,85,21,86,87,90,89,90,219,92,93,30,95,96,97,98,99]
CFO=-1044.3320109657375,STO=4
EsN0dB=6.44,GRXdB=10,N0=0.003981071524322033
packet_number=1677,correct=False,payload=[0,3,2,3,4,5,6,69,8,9,10,15,12,77,142,30,0,19,18,19,20,21,22,23,24,28,26,27,28,29,30,31,32,33,34,35,36,37,36,55,40,41,10,43,44,45,174,31,48,49,50,49,60,181,54,55,24,57,58,57,44,61,62,63,64,67,66,67,196,69,102,71,72,65,74,83,76,77,78,75,80,113,82,82,212,85,86,87,88,89,90,91,80,95,94,95,96,97,114,99]
CFO=-942.8394908980697,STO=5
EsN0dB=6.37,GRXdB=10,N0=0.003981071524322033
packet_number=1678,correct=False,payload=[32,1,2,3,4,5,70,7,88,9,10,15,12,13,14,46,32,16,2,51,4,29,22,147,8,89,26,27,30,29,30,31,32,33,48,35,4,37,38,119,104,41,106,43,44,40,46,47,48,49,178,51,52,53,54,23,56,57,186,59,60,61,63,191,64,0,66,67,68,77,70,71,72,77,74,75,76,77,78,77,80,81,210,83,84,84,86,87,88,125,75,91,92,85,126,93,96,65,98,99]
CFO=-1101.748170096484,STO=3
EsN0dB=6.17,GRXdB=10,N0=0.003981071524322033
packet_number=1679,correct=False,payload=[0,1,2,3,0,5,7,23,8,9,170,11,14,13,14,143,48,17,27,19,20,149,20,23,24,17,154,27,30,29,30,31,48,33,66,35,0,39,54,39,40,41,42,43,44,37,62,47,176,41,122,179,52,53,55,119,56,121,186,59,252,61,62,63,192,3,74,195,68,69,70,111,72,73,106,75,76,45,206,79,88,81,82,83,86,85,94,119,89,89,90,123,28,93,94,127,192,97,98,3]
CFO=-851.7848279745199,STO=0
EsN0dB=6.17,GRXdB=10,N0=0.003981071524322033
packet_number=1680,correct=False,payload=[0,1,2,3,32,5,6,7,104,9,11,11,4,13,14,15,48,49,18,19,4,21,22,151,16,25,90,27,28,157,22,31,96,33,34,34,36,165,52,39,40,233,42,35,44,109,14,47,50,35,50,54,52,53,183,55,48,57,58,59,52,57,62,63,65,65,66,67,4,69,70,103,88,65,74,75,76,76,78,79,80,81,82,83,85,85,86,86,88,219,218,91,92,221,94,95,112,101,98,103]
CFO=-1136.9133278904908,STO=5
EsN0dB=6.25,GRXdB=10,N0=0.003981071524322033
packet_number=1681,correct=False,payload=[0,1,130,3,4,5,6,21,8,9,10,11,12,13,14,15,16,16,176,51,68,21,22,23,25,25,26,27,52,157,30,31,32,33,35,50,5,37,38,37,40,41,42,42,36,45,46,47,48,51,34,51,16,55,54,55,56,1,59,59,60,52,62,127,64,73,66,67,4,65,78,71,88,72,74,73,76,77,78,79,80,81,82,67,92,84,86,87,80,89,218,27,92,93,222,95,101,97,98,67]
CFO=-935.355571990309,STO=5
EsN0dB=6.08,GRXdB=10,N0=0.003981071524322033
packet_number=1682,correct=False,payload=[4,1,18,3,4,5,70,7,8,5,10,11,9,12,14,15,16,19,18,19,28,29,22,22,154,9,26,27,28,29,158,31,32,33,34,35,46,37,38,39,40,41,106,43,44,189,46,58,48,49,50,49,44,117,54,39,56,41,42,59,60,61,62,127,73,65,82,67,68,69,66,71,72,73,74,107,68,77,78,79,80,81,66,19,84,85,70,87,88,9,90,83,92,93,86,254,64,97,34,99]
CFO=-1406.2251966909587,STO=1
EsN0dB=6.46,GRXdB=10,N0=0.003981071524322033
packet_number=1683,correct=False,payload=[0,1,2,20,68,5,6,39,8,9,14,11,132,13,14,15,16,17,146,19,23,85,150,22,16,25,30,25,28,61,30,31,32,37,34,179,36,37,38,37,40,41,42,11,44,45,110,47,48,49,50,51,53,53,54,55,56,57,58,59,60,61,62,63,64,65,66,67,68,69,70,71,73,201,74,91,77,77,78,79,80,80,82,83,84,85,86,87,88,88,90,219,93,85,94,207,98,97,66,99]
CFO=-993.3357553361105,STO=3
EsN0dB=6.38,GRXdB=10,N0=0.003981071524322033
packet_number=1684,correct=False,payload=[2,17,6,3,4,68,6,39,156,73,8,11,12,15,14,15,16,17,146,19,20,37,22,55,24,25,26,27,28,29,31,95,160,33,34,35,36,165,38,39,40,41,42,43,44,37,46,63,16,48,50,35,60,53,54,51,56,57,186,123,60,60,62,47,64,65,98,99,68,65,66,87,74,109,74,107,76,67,78,79,80,81,82,83,80,85,214,86,88,89,219,91,92,85,95,79,96,97,98,99]
CFO=-816.8945971525734,STO=2
EsN0dB=6.23,GRXdB=10,N0=0.003981071524322033
packet_number=1685,correct=False,payload=[0,3,2,3,28,5,134,135,8,11,11,11,12,5,6,15,16,17,18,179,20,21,6,87,28,25,26,27,28,13,30,31,48,33,34,35,36,37,38,35,136,40,42,43,28,109,46,47,48,17,58,59,38,37,54,51,56,57,58,187,60,61,63,191,64,97,194,66,102,13,102,71,96,73,67,75,76,73,78,79,80,89,210,83,64,81,86,87,88,89,91,91,92,76,222,95,96,99,98,105]
CFO=-1139.4087185310073,STO=5
EsN0dB=6.32,GRXdB=10,N0=0.003981071524322033
packet_number=1686,correct=False,payload=[0,1,2,2,7,5,6,7,8,73,10,11,12,13,30,15,18,17,18,19,20,52,22,21,24,57,26,139,94,29,158,31,32,33,162,35,36,39,38,7,41,41,42,107,44,173,63,47,48,33,50,51,20,53,54,55,56,57,58,59,60,127,62,63,64,65,66,67,84,85,66,103,72,73,106,79,92,77,78,78,82,81,86,211,116,71,86,87,88,91,90,91,92,93,94,95,98,97,98,99]
CFO=-1141.3622000655002,STO=5
EsN0dB=6.50,GRXdB=10,N0=0.003981071524322033
packet_number=1687,correct=False,payload=[0,1,2,3,4,69,6,7,40,9,10,11,12,13,14,15,16,17,18,27,20,29,22,23,24,25,26,11,28,60,30,31,32,33,34,35,44,37,38,39,42,41,42,43,44,45,38,47,48,49,50,51,116,21,55,55,56,49,58,59,28,61,190,63,72,65,66,67,68,69,70,69,72,72,74,73,78,79,78,79,80,81,126,87,116,85,86,87,92,89,90,75,92,93,94,95,96,99,98,99]
CFO=-833.2316744532708,STO=5
EsN0dB=6.47,GRXdB=10,N0=0.003981071524322033
packet_number=1688,correct=False,payload=[4,17,146,19,4,69,38,7,8,9,10,11,12,13,14,15,16,17,18,19,20,21,22,23,24,25,94,27,20,29,30,94,164,33,34,35,36,45,38,39,104,41,42,107,44,47,62,47,48,49,50,147,52,21,52,53,56,61,186,27,60,61,62,63,64,65,66,67,68,5,70,71,76,77,74,75,68,77,78,79,80,81,82,19,88,85,86,95,88,91,90,91,92,93,93,79,64,97,98,99]
CFO=-1121.0062204844196,STO=6
EsN0dB=6.04,GRXdB=10,N0=0.003981071524322033
packet_number=1689,correct=False,payload=[0,1,2,2,4,5,6,15,8,9,10,11,12,13,14,15,16,17,18,17,20,21,22,27,24,25,154,63,28,13,22,28,112,33,50,35,36,37,38,7,40,41,42,43,44,45,46,47,48,49,50,51,52,189,55,54,56,57,50,59,60,61,62,63,64,65,67,67,68,5,2,71,204,77,202,75,76,205,78,75,80,81,82,83,80,85,82,87,88,89,90,91,220,29,94,95,97,97,98,99]
CFO=-712.3394605781607,STO=5
EsN0dB=6.24,GRXdB=10,N0=0.003981071524322033
packet_number=1690,correct=False,payload=[0,1,2,3,4,5,6,7,8,9,10,11,12,13,14,95,16,17,18,19,150,29,22,23,88,25,27,155,60,29,30,31,40,33,34,35,164,37,38,39,40,43,26,47,45,109,46,47,120,49,50,49,52,117,54,183,56,59,59,59,52,63,62,63,68,69,82,67,68,69,199,71,72,73,74,75,76,77,71,79,82,81,82,19,87,85,30,87,88,121,90,91,92,88,94,31,100,97,98,99]
CFO=-1151.8765410987617,STO=5
EsN0dB=6.13,GRXdB=10,N0=0.003981071524322033
packet_number=1691,correct=False,payload=[4,1,2,131,12,5,7,7,9,13,10,11,14,15,14,15,36,1,18,19,20,21,22,37,24,25,10,91,28,28,30,31,32,33,34,35,36,5,38,39,40,41,170,43,12,45,46,47,48,49,50,51,54,53,54,55,120,57,58,43,60,61,62,63,64,65,194,195,100,69,198,67,72,65,90,67,108,77,78,79,88,80,87,67,84,21,87,87,120,89,90,219,93,92,94,95,100,97,102,98]
CFO=-843.3223303145799,STO=4
EsN0dB=6.38,GRXdB=10,N0=0.003981071524322033
packet_number=1692,correct=False,payload=[0,1,2,1,4,4,70,7,8,9,59,139,12,13,14,15,16,25,82,3,148,21,22,23,24,25,26,155,28,13,30,31,32,49,34,35,96,37,38,119,44,41,58,43,44,13,46,47,114,33,50,51,100,53,54,183,56,57,58,59,124,189,62,63,64,65,66,67,68,125,70,71,72,65,74,75,76,77,78,79,80,81,82,82,116,84,87,215,88,217,90,219,92,93,94,87,96,232,226,227]
CFO=-712.4698389287238,STO=4
EsN0dB=6.32,GRXdB=10,N0=0.003981071524322033
packet_number=1693,correct=False,payload=[0,1,2,3,4,5,70,135,1,25,10,11,12,13,142,15,16,17,18,19,0,21,6,23,8,25,26,89,12,25,30,31,32,33,34,49,36,53,38,39,24,57,42,43,44,173,46,47,48,49,50,19,52,181,54,38,60,121,58,59,44,61,54,63,64,1,66,67,68,68,70,71,8,65,75,75,78,205,78,79,80,81,82,87,84,85,94,87,88,89,90,75,92,93,94,90,64,117,98,99]
CFO=-993.2389350330321,STO=4
EsN0dB=6.41,GRXdB=10,N0=0.003981071524322033
packet_number=1694,correct=False,payload=[0,1,2,131,4,5,6,7,24,9,10,11,12,13,12,47,3,49,50,51,52,21,22,21,88,24,26,27,92,29,30,31,32,99,34,35,36,37,38,39,45,105,46,171,44,45,46,47,16,49,50,115,50,53,54,55,56,57,56,42,60,60,30,63,64,65,2,67,68,69,70,71,72,73,91,75,14,109,78,15,80,25,220,83,84,85,86,87,92,89,90,90,92,93,94,15,224,97,98,99]
CFO=-1424.195827568151,STO=4
EsN0dB=6.26,GRXdB=10,N0=0.003981071524322033
packet_number=1695,correct=False,payload=[16,1,2,3,4,5,6,6,8,9,10,11,8,13,14,15,16,17,18,83,20,21,22,55,152,25,26,27,60,29,30,15,96,33,34,35,164,101,38,7,41,41,42,107,32,13,46,47,56,49,34,51,52,55,54,55,56,57,58,59,60,63,30,63,64,65,98,67,68,69,70,3,72,9,72,73,108,65,76,79,80,81,82,83,84,85,86,87,90,113,90,91,92,29,14,79,108,97,98,99]
CFO=-1049.6780569473497,STO=4
EsN0dB=6.31,GRXdB=10,N0=0.003981071524322033
packet_number=1696,correct=False,payload=[16,1,2,3,140,21,6,7,8,9,10,11,140,13,14,15,16,17,18,19,68,21,22,23,24,25,26,50,12,28,14,27,32,33,34,35,100,37,54,35,32,121,42,47,110,45,46,47,49,49,50,51,52,53,54,55,56,61,58,59,60,61,190,63,64,101,66,71,100,69,6,71,76,77,74,75,76,108,78,79,88,81,82,83,116,85,86,119,24,89,90,91,92,213,90,95,112,97,98,99]
CFO=-920.0114215822349,STO=5
EsN0dB=5.23,GRXdB=10,N0=0.005011872388422489
packet_number=1697,correct=False,payload=[4,179,34,11,4,13,6,7,72,89,42,11,4,13,15,15,144,17,2,17,20,21,92,23,26,27,154,27,20,30,30,63,96,33,34,35,102,101,38,39,32,41,46,35,108,173,47,111,96,52,18,35,52,33,55,119,56,57,32,59,60,125,46,47,64,5,34,67,196,85,68,87,76,81,74,75,204,13,78,74,80,219,82,83,84,23,95,87,89,91,90,91,84,60,222,95,224,97,58,99]
CFO=-696.9422457663787,STO=5
EsN0dB=5.29,GRXdB=10,N0=0.005011872388422489
packet_number=1698,correct=False,payload=[64,65,18,3,1,133,4,151,8,41,123,11,28,13,10,73,22,17,24,23,20,20,22,23,30,153,30,155,29,29,30,31,36,33,130,41,0,97,38,39,168,40,42,43,44,111,14,41,48,33,51,115,52,53,116,55,56,57,58,59,60,57,180,63,64,64,67,66,204,5,198,69,88,73,104,79,76,77,78,78,80,84,82,83,84,21,86,71,88,249,90,123,92,93,94,31,96,97,98,103]
CFO=-1132.532046129143,STO=5
EsN0dB=4.95,GRXdB=10,N0=0.005011872388422489
packet_number=1699,correct=False,payload=[8,0,2,3,21,5,7,7,8,9,42,11,44,149,6,31,21,145,18,18,28,21,22,23,152,27,26,155,28,29,30,63,0,161,34,38,36,7,39,39,40,41,42,43,44,37,46,175,112,48,50,242,180,117,52,23,184,57,58,59,60,29,60,31,68,65,67,227,68,5,86,199,72,77,75,107,76,77,78,79,112,49,82,85,212,91,86,85,208,89,90,91,76,93,94,95,64,97,98,99]
CFO=-1676.554597666216,STO=5
EsN0dB=5.45,GRXdB=10,N0=0.005011872388422489
packet_number=1700,correct=False,payload=[2,1,0,3,4,21,6,3,8,13,35,11,4,13,14,15,16,17,146,19,20,17,22,23,24,25,26,95,28,25,30,55,33,165,2,35,36,37,166,115,40,41,42,43,44,45,108,47,48,49,50,51,52,53,52,53,184,57,58,59,52,60,60,63,64,65,66,194,20,69,78,23,120,65,74,75,104,77,14,79,80,81,114,91,80,21,118,23,92,89,90,83,220,93,223,91,96,99,98,99]
CFO=-1300.520904504626,STO=7
EsN0dB=5.16,GRXdB=10,N0=0.005011872388422489
packet_number=1701,correct=False,payload=[160,1,2,83,12,5,6,7,9,3,8,24,28,237,14,15,16,117,2,51,20,21,22,22,0,28,10,27,60,31,30,63,40,37,51,35,36,33,22,39,40,42,42,43,44,41,62,165,48,177,50,34,53,53,6,55,56,57,26,59,62,57,28,63,64,64,66,67,100,213,70,71,108,89,64,91,76,109,78,15,80,81,80,83,84,17,86,117,88,90,90,91,92,89,94,31,96,113,98,99]
CFO=-927.9950945222355,STO=2
EsN0dB=5.39,GRXdB=10,N0=0.005011872388422489
packet_number=1702,correct=False,payload=[32,0,2,3,4,1,6,23,24,9,10,11,28,77,14,15,20,145,18,19,16,23,22,21,88,57,90,155,94,28,14,159,33,33,34,51,100,45,38,39,40,43,28,43,32,47,62,47,48,49,50,177,180,117,22,55,48,59,58,51,28,61,126,63,64,73,66,67,68,69,68,70,74,105,74,15,76,77,110,207,82,80,50,83,84,85,87,119,88,92,90,91,92,29,94,95,96,113,116,99]
CFO=-875.8175481892811,STO=4
EsN0dB=5.54,GRXdB=10,N0=0.005011872388422489
packet_number=1703,correct=False,payload=[32,129,2,67,20,5,22,7,40,137,42,11,24,13,106,15,18,80,86,19,22,21,22,21,56,25,26,27,28,29,14,63,32,33,34,163,100,37,34,35,40,57,34,163,100,15,38,15,50,49,50,177,18,53,54,63,56,57,62,59,62,117,62,58,72,65,66,65,196,197,72,71,72,9,74,107,78,68,76,79,112,81,86,211,84,85,84,85,88,221,26,219,13,205,220,95,96,33,98,99]
CFO=-1163.9272003765836,STO=3
EsN0dB=5.34,GRXdB=10,N0=0.005011872388422489
packet_number=1704,correct=False,payload=[16,1,70,3,4,5,0,23,10,73,8,11,172,13,79,15,16,17,18,51,21,21,30,31,24,25,26,27,29,29,30,31,32,33,162,34,36,37,46,55,40,41,42,35,44,40,42,47,56,185,58,49,53,53,54,55,8,25,58,59,60,60,62,31,64,65,66,19,68,69,82,71,76,89,70,107,68,77,94,79,80,209,94,83,84,81,70,86,88,89,122,91,77,93,94,95,100,103,98,99]
CFO=-866.6299358283926,STO=5
EsN0dB=5.16,GRXdB=10,N0=0.005011872388422489
packet_number=1705,correct=False,payload=[12,1,2,3,4,4,30,7,168,9,142,11,0,13,142,14,16,17,16,19,21,21,20,7,152,57,26,19,28,9,30,31,32,33,34,35,160,37,54,39,41,41,58,43,172,45,46,47,16,17,50,52,60,181,52,55,56,57,58,63,124,61,247,29,64,81,66,66,4,69,6,69,74,75,74,75,204,77,78,79,80,69,82,67,84,85,87,119,88,91,90,91,92,93,94,95,96,97,98,99]
CFO=-1255.2240622824208,STO=4
EsN0dB=5.74,GRXdB=10,N0=0.005011872388422489
packet_number=1706,correct=False,payload=[0,17,2,3,4,37,6,7,136,8,10,11,8,13,142,15,152,17,34,51,20,21,22,199,24,57,26,27,157,29,30,31,33,163,34,35,36,46,38,39,168,41,10,43,12,45,174,47,32,53,183,51,54,53,22,183,41,56,58,123,28,61,60,54,65,65,66,83,4,69,70,6,72,73,78,9,76,37,78,207,0,81,82,83,116,85,86,119,88,73,90,91,92,93,92,94,96,97,99,65]
CFO=-809.0995844724598,STO=3
EsN0dB=5.37,GRXdB=10,N0=0.005011872388422489
packet_number=1707,correct=False,payload=[0,2,2,7,4,7,54,23,40,9,10,11,12,13,130,159,16,1,18,147,20,21,22,23,20,25,26,29,28,29,30,31,32,33,70,99,36,37,54,47,56,43,42,43,168,45,46,63,48,145,54,51,118,53,54,55,56,105,59,59,60,125,60,61,65,65,74,66,5,69,70,71,201,89,74,75,94,77,78,79,80,81,82,83,84,213,22,71,24,89,90,91,92,95,62,95,64,97,98,99]
CFO=-463.92811886252326,STO=5
EsN0dB=5.33,GRXdB=10,N0=0.005011872388422489
packet_number=1708,correct=False,payload=[0,0,6,7,0,5,6,7,8,41,10,11,140,13,14,15,28,21,26,51,28,21,22,31,29,25,90,59,28,29,94,31,0,33,34,99,36,36,36,39,40,44,42,43,44,173,46,47,52,49,242,51,52,21,54,55,60,57,58,57,60,29,62,63,64,102,2,71,68,197,70,67,104,89,74,75,204,77,78,78,16,81,66,19,84,85,86,83,88,121,74,91,140,77,76,95,96,100,226,99]
CFO=-1541.1474017471173,STO=6
EsN0dB=5.06,GRXdB=10,N0=0.005011872388422489
packet_number=1709,correct=False,payload=[0,1,10,11,4,69,142,7,8,11,74,15,24,21,158,15,17,18,18,3,148,29,22,23,24,153,90,27,29,12,18,31,0,32,42,35,164,36,38,167,40,41,40,187,60,63,46,7,176,49,50,51,180,53,54,39,40,57,58,107,56,61,190,61,64,65,66,67,68,85,6,71,192,73,74,75,76,205,76,75,80,89,90,83,84,69,82,85,72,112,90,90,92,125,94,94,96,96,226,227]
CFO=-1071.853997351023,STO=5
EsN0dB=5.44,GRXdB=10,N0=0.005011872388422489
packet_number=1710,correct=False,payload=[0,0,2,3,102,1,4,7,8,9,14,11,12,13,142,15,16,1,18,17,20,21,22,23,56,25,26,26,20,29,30,157,32,161,38,35,52,101,39,38,40,105,42,43,61,41,46,39,49,17,50,51,52,53,118,55,56,57,58,59,28,52,46,63,68,97,66,67,4,101,198,7,88,73,74,79,77,125,78,15,80,81,18,83,86,85,70,103,200,89,82,75,88,93,95,95,224,105,98,115]
CFO=-812.9926144298574,STO=5
EsN0dB=5.38,GRXdB=10,N0=0.005011872388422489
packet_number=1711,correct=False,payload=[16,1,2,3,4,37,38,7,8,9,10,11,4,13,140,7,16,128,16,51,148,20,20,151,24,81,90,59,24,12,30,31,32,33,34,59,36,37,38,39,40,41,74,43,44,109,46,47,48,49,50,51,52,52,54,53,56,57,62,11,60,189,62,63,64,65,192,66,100,69,64,71,72,75,78,123,76,77,104,79,82,81,114,75,84,85,86,87,92,121,90,91,92,95,30,95,96,97,98,103]
CFO=-993.0961058167946,STO=4
EsN0dB=5.13,GRXdB=10,N0=0.005011872388422489
packet_number=1712,correct=False,payload=[130,17,2,3,2,37,6,7,136,137,74,155,28,13,14,15,16,17,18,19,22,21,23,23,24,25,138,27,156,45,158,15,35,0,34,33,36,37,38,55,40,233,43,107,12,45,34,47,16,49,54,147,52,53,54,55,24,56,48,51,60,55,58,63,64,65,66,71,198,71,70,71,72,73,106,203,92,109,78,78,80,68,86,83,84,93,70,87,88,58,90,91,92,93,90,223,224,33,42,99]
CFO=-1190.5864010604628,STO=4
EsN0dB=5.05,GRXdB=10,N0=0.005011872388422489
packet_number=1713,correct=False,payload=[0,65,34,2,4,5,6,7,152,9,139,11,12,76,14,31,26,17,51,147,80,21,22,23,26,56,26,155,28,21,30,155,32,1,2,35,36,33,38,39,40,41,42,43,45,61,42,47,32,49,50,139,60,53,55,55,56,120,42,187,60,253,62,63,64,65,18,67,68,69,38,71,74,65,74,72,76,77,76,79,80,208,80,83,85,116,70,87,88,89,89,91,124,93,30,95,96,101,96,35]
CFO=-725.0478220127792,STO=3
EsN0dB=5.39,GRXdB=10,N0=0.005011872388422489
packet_number=1714,correct=False,payload=[96,65,0,3,6,165,38,7,72,136,26,11,76,13,46,142,0,17,18,19,6,21,6,23,4,25,26,26,28,29,30,31,32,49,38,51,52,37,38,39,168,41,42,11,4,125,46,46,21,51,54,51,36,55,54,55,187,57,114,42,180,61,62,63,112,193,74,75,68,69,70,71,72,121,78,79,92,237,78,95,80,81,82,87,84,28,86,87,88,89,90,91,92,93,94,95,106,97,98,99]
CFO=-1112.6854848236594,STO=6
EsN0dB=5.34,GRXdB=10,N0=0.005011872388422489
packet_number=1715,correct=False,payload=[2,131,2,3,70,5,6,103,8,11,11,11,12,13,14,15,24,17,2,19,4,21,18,23,24,25,26,75,20,29,30,31,32,97,34,163,32,33,150,55,56,107,62,40,44,45,14,47,48,57,50,51,53,53,54,55,56,121,58,59,48,60,124,125,64,65,130,99,196,1,70,215,104,77,106,67,76,77,14,79,80,81,82,83,92,85,214,31,88,127,90,91,220,93,82,95,104,97,98,99]
CFO=-994.5108798964374,STO=4
EsN0dB=5.49,GRXdB=10,N0=0.005011872388422489
packet_number=1716,correct=False,payload=[0,1,34,3,4,5,6,7,136,9,10,139,12,76,14,15,48,17,18,18,21,21,22,21,28,56,90,91,28,31,30,79,32,1,34,35,37,37,54,39,40,41,40,43,44,45,46,47,52,49,50,51,52,53,54,126,24,57,26,59,60,61,62,127,64,65,66,67,68,69,70,70,72,105,73,75,140,77,94,77,112,81,208,83,84,68,86,87,88,89,90,91,92,221,86,127,96,97,98,99]
CFO=-521.1402320207994,STO=3
EsN0dB=5.38,GRXdB=10,N0=0.005011872388422489
packet_number=1717,correct=False,payload=[0,1,10,1,4,5,22,7,8,13,14,11,140,13,14,15,148,17,26,19,20,21,6,31,60,153,26,27,30,29,28,95,100,32,32,35,36,165,38,7,40,41,202,43,44,41,46,111,48,49,54,35,36,55,55,55,56,57,56,59,60,93,62,63,64,73,66,66,68,69,70,71,74,8,74,79,76,79,78,79,81,81,68,211,212,213,82,125,88,8,90,75,92,77,30,95,96,97,114,115]
CFO=-661.8134919320107,STO=4
EsN0dB=5.13,GRXdB=10,N0=0.005011872388422489
packet_number=1718,correct=False,payload=[0,1,2,3,4,69,70,11,8,27,10,11,12,13,14,15,16,17,18,19,20,5,22,53,8,89,26,155,20,85,30,13,50,49,34,99,36,37,7,135,41,41,42,41,44,45,46,47,48,49,162,179,180,53,62,50,40,52,63,59,60,13,62,61,70,65,194,67,68,69,70,7,72,201,74,107,12,13,110,79,16,89,90,95,80,85,86,87,88,217,95,91,76,95,94,125,96,101,98,99]
CFO=-805.1459010122765,STO=5
EsN0dB=5.64,GRXdB=10,N0=0.005011872388422489
packet_number=1719,correct=False,payload=[0,1,67,6,4,21,130,3,72,9,2,11,8,141,142,31,0,17,4,19,28,49,20,23,24,9,58,27,92,27,22,30,178,33,34,35,32,37,230,53,168,41,42,195,60,47,46,39,56,112,50,18,52,16,86,55,58,49,58,59,60,61,62,55,64,69,66,67,68,69,7,87,234,104,74,75,68,77,76,205,112,81,82,83,84,85,212,87,88,89,90,91,92,93,30,93,96,97,98,115]
CFO=-1453.2326692771676,STO=4
EsN0dB=5.14,GRXdB=10,N0=0.005011872388422489
packet_number=1720,correct=False,payload=[0,1,0,32,4,7,6,7,8,9,2,139,44,13,14,31,48,25,2,19,84,149,150,23,24,25,18,31,28,29,30,31,32,35,34,99,38,45,44,39,40,41,50,43,61,45,46,47,48,21,50,51,52,53,54,103,57,121,58,59,44,60,126,59,64,107,67,71,68,71,70,211,200,73,90,75,76,69,78,79,81,81,86,83,80,79,70,86,90,89,218,90,93,93,94,199,96,193,67,97]
CFO=-1025.974217455905,STO=5
EsN0dB=5.25,GRXdB=10,N0=0.005011872388422489
packet_number=1721,correct=False,payload=[128,9,2,3,4,13,70,7,41,25,10,11,12,5,10,7,16,80,19,17,4,21,22,23,16,25,26,19,28,93,30,31,98,33,2,3,36,119,38,47,40,41,32,111,60,45,47,111,48,33,50,51,52,53,54,55,56,59,50,57,60,61,62,191,80,65,67,19,196,69,86,103,77,72,74,75,76,77,110,79,80,81,80,83,84,85,23,87,88,93,90,91,28,125,82,95,96,97,98,99]
CFO=-1149.0659656871708,STO=6
EsN0dB=5.37,GRXdB=10,N0=0.005011872388422489
packet_number=1722,correct=False,payload=[0,1,1,3,132,133,6,7,72,9,78,138,142,45,62,15,32,0,16,27,16,21,150,19,16,25,28,59,28,29,22,31,36,161,10,163,37,37,38,33,40,111,42,39,12,109,46,47,50,49,114,99,52,61,54,55,56,57,186,123,60,61,190,131,64,65,66,66,68,85,78,79,73,73,74,107,76,77,110,78,92,81,18,83,84,85,86,87,248,25,90,91,93,93,218,215,96,105,102,115]
CFO=-1305.3538562407755,STO=5
EsN0dB=5.22,GRXdB=10,N0=0.005011872388422489
packet_number=1723,correct=False,payload=[0,0,2,3,4,5,6,7,8,9,10,3,12,13,14,63,0,17,18,19,28,21,22,23,28,73,18,27,62,157,94,93,32,113,34,35,4,5,167,37,232,40,42,43,45,45,46,47,50,176,34,51,28,53,52,54,26,57,62,175,60,61,62,63,72,87,98,83,100,69,70,103,8,105,74,75,68,77,78,31,80,81,90,87,84,85,84,21,88,89,88,89,125,93,214,95,240,100,114,35]
CFO=-671.7527808406198,STO=4
EsN0dB=5.46,GRXdB=10,N0=0.005011872388422489
packet_number=1724,correct=False,payload=[0,1,2,3,4,19,22,135,136,9,10,11,4,140,46,15,16,53,16,17,20,133,22,87,216,25,10,26,28,29,30,31,32,41,3,35,36,37,36,39,169,57,10,59,44,45,46,47,48,49,50,115,52,53,54,53,56,41,58,187,61,61,62,63,64,64,66,211,64,69,66,71,72,73,74,79,79,79,78,79,80,81,210,83,212,85,94,87,89,89,90,219,92,125,94,95,96,97,100,163]
CFO=-615.8315556485251,STO=5
EsN0dB=5.22,GRXdB=10,N0=0.005011872388422489
packet_number=1725,correct=False,payload=[16,5,2,9,4,5,6,7,8,13,14,11,36,9,10,63,16,16,82,18,22,119,22,151,28,25,26,155,25,29,28,13,32,33,34,35,76,21,46,3,52,41,42,43,40,44,14,7,56,53,50,179,52,53,54,55,48,57,58,59,60,61,62,111,64,65,66,67,196,68,70,71,72,73,75,75,108,69,78,71,84,17,82,83,88,215,86,71,88,89,90,91,84,93,94,95,104,117,98,99]
CFO=-793.2041571641881,STO=3
EsN0dB=5.39,GRXdB=10,N0=0.005011872388422489
packet_number=1726,correct=False,payload=[20,1,2,3,4,5,6,215,0,9,14,41,12,13,46,7,0,23,2,19,16,19,20,7,184,25,26,27,60,29,30,191,0,33,50,35,164,37,38,39,40,41,99,59,44,47,62,47,48,49,98,51,52,53,54,54,56,57,54,59,60,61,62,63,64,65,66,67,196,197,86,23,72,72,74,93,76,109,78,111,82,93,90,211,84,228,86,87,92,93,90,123,94,92,30,79,96,97,98,107]
CFO=-840.4564967753287,STO=3
EsN0dB=5.41,GRXdB=10,N0=0.005011872388422489
packet_number=1727,correct=False,payload=[0,65,18,3,5,1,6,5,200,25,14,11,77,12,14,47,128,17,18,51,20,29,54,23,30,25,24,91,20,156,158,155,97,161,170,51,36,7,39,55,44,41,42,59,12,32,46,43,49,48,18,177,176,61,54,55,185,184,186,58,60,116,62,30,65,64,66,65,100,71,65,71,8,73,74,107,76,13,11,79,82,81,210,71,84,213,70,212,88,89,90,90,84,93,94,127,72,96,32,99]
CFO=-1033.9624557133195,STO=2
EsN0dB=5.33,GRXdB=10,N0=0.005011872388422489
packet_number=1728,correct=False,payload=[16,193,2,129,0,37,150,3,136,8,26,163,92,9,14,15,16,1,86,17,85,70,6,147,24,25,26,57,156,13,30,31,32,37,50,39,36,165,166,39,104,41,168,35,108,47,38,47,56,57,115,51,52,51,54,55,120,57,186,43,60,45,182,63,65,81,67,195,71,101,70,67,64,77,74,75,106,93,70,7,80,73,80,83,196,21,70,87,88,89,110,91,92,89,95,87,97,97,32,99]
CFO=-1363.0158310338386,STO=4
EsN0dB=4.87,GRXdB=10,N0=0.005011872388422489
packet_number=1729,correct=False,payload=[5,133,2,130,196,69,6,55,8,9,30,203,12,12,78,15,48,17,147,83,20,85,22,149,8,89,27,27,28,25,94,31,32,33,2,35,36,36,38,103,40,11,42,171,172,45,46,47,48,61,50,51,52,57,62,55,58,57,58,127,52,61,53,54,64,65,66,67,70,69,198,87,72,73,74,75,92,77,14,15,112,81,82,83,84,85,86,87,88,89,90,91,220,89,202,95,224,99,114,235]
CFO=-1164.4756313646271,STO=5
EsN0dB=5.41,GRXdB=10,N0=0.005011872388422489
packet_number=1730,correct=False,payload=[0,1,2,3,4,5,6,7,0,9,10,47,14,13,14,31,16,17,18,19,20,21,26,23,24,27,26,27,28,159,94,27,32,33,44,2,36,37,38,35,40,57,42,13,164,109,46,111,48,37,114,59,52,53,38,119,56,61,58,59,60,125,63,191,64,67,82,195,4,69,70,111,72,73,10,75,80,77,78,15,80,81,64,83,84,215,94,115,88,88,218,91,94,93,126,89,96,97,98,35]
CFO=-1144.841920572341,STO=4
EsN0dB=5.25,GRXdB=10,N0=0.005011872388422489
packet_number=1731,correct=False,payload=[0,1,146,35,4,5,6,7,8,9,10,11,28,77,70,15,48,17,16,155,20,21,22,19,153,153,30,15,92,25,54,30,56,33,34,35,36,37,134,103,40,33,58,42,45,44,54,47,80,49,50,51,180,52,54,55,56,61,58,59,62,63,62,63,68,65,66,67,100,87,70,71,72,201,74,42,78,77,110,79,208,69,99,83,84,85,126,87,216,89,90,123,92,93,94,95,96,97,118,99]
CFO=-1397.0304102598484,STO=5
EsN0dB=5.19,GRXdB=10,N0=0.005011872388422489
packet_number=1732,correct=False,payload=[32,1,3,3,5,5,6,7,8,8,74,11,12,77,14,11,116,1,18,83,20,20,22,23,24,24,26,91,28,29,30,23,32,33,34,35,36,101,38,39,169,41,42,9,44,45,46,46,176,49,51,51,52,181,22,55,176,49,58,59,60,93,126,63,64,1,86,83,116,69,199,7,66,73,75,75,76,76,76,79,64,83,114,17,212,245,118,95,216,89,218,75,92,125,92,31,96,113,99,227]
CFO=-1046.9705272716742,STO=3
EsN0dB=5.28,GRXdB=10,N0=0.005011872388422489
packet_number=1733,correct=True,payload=[0,1,66,11,4,5,10,23,136,9,10,27,44,5,14,15,16,17,18,147,20,21,23,31,24,27,26,59,28,29,62,31,160,32,34,35,100,45,34,103,104,169,42,59,44,45,42,47,48,49,50,51,52,55,54,39,56,57,42,58,126,61,60,187,128,1,66,99,12,81,6,70,72,201,74,75,92,85,78,79,209,19,83,211,84,85,86,87,88,25,74,90,76,93,94,95,112,97,98,99]
CFO=-1782.9853089299013,STO=2
EsN0dB=5.40,GRXdB=10,N0=0.005011872388422489
packet_number=1734,correct=False,payload=[243,166,79,240,2,16,36,16,72,16,96,112,0,144,194,160,208,217,250,241,0,48,37,25,0,116,33,177,129,129,128,184,195,193,225,243,0,18,35,178,72,210,34,114,130,130,178,248,194,194,176,119,131,17,35,59,71,80,243,55,147,147,179,179,207,209,225,244,6,20,38,53,66,88,34,118,134,212,34,246,214,212,228,183,5,180,165,21,5,77,100,117,141,159,165,183,199,213,228,250]
CFO=-1376.2806275844343,STO=4
EsN0dB=5.38,GRXdB=10,N0=0.005011872388422489
packet_number=1735,correct=False,payload=[1,65,2,3,4,6,4,7,8,9,10,67,44,13,10,3,16,145,18,3,20,21,30,55,24,17,26,31,156,28,30,95,48,32,34,163,36,33,39,55,40,41,42,41,60,109,42,47,56,96,54,51,53,49,22,54,56,57,58,59,60,53,60,63,64,3,66,83,68,69,70,173,72,105,78,73,204,77,61,79,84,81,82,88,212,85,118,85,80,217,90,91,220,20,95,31,97,99,227,97]
CFO=-741.9871654731031,STO=3
EsN0dB=5.25,GRXdB=10,N0=0.005011872388422489
packet_number=1736,correct=False,payload=[0,67,6,67,4,7,134,5,16,9,8,19,60,13,14,7,16,17,19,19,21,31,18,7,24,9,18,27,28,93,30,31,168,53,34,35,36,101,46,53,56,41,35,107,44,45,46,111,48,17,48,51,54,53,54,55,56,41,58,185,60,61,62,47,72,81,3,195,68,64,134,7,72,89,3,235,68,77,78,95,85,17,83,83,86,65,86,87,80,89,90,107,84,77,95,95,64,65,98,35]
CFO=-1306.7145579894889,STO=4
EsN0dB=5.57,GRXdB=10,N0=0.005011872388422489
packet_number=1737,correct=False,payload=[17,17,138,39,2,133,6,6,74,13,10,11,14,73,31,15,16,147,48,19,20,53,22,23,16,88,218,27,28,29,30,31,96,32,34,35,180,36,162,39,32,44,46,42,44,45,46,47,48,49,50,51,61,61,62,55,56,57,58,59,60,29,58,63,96,65,70,67,5,101,70,71,72,65,74,207,76,77,78,95,84,80,82,119,84,85,94,87,88,89,26,91,93,93,30,95,96,97,38,97]
CFO=-1075.3152194288616,STO=4
EsN0dB=5.34,GRXdB=10,N0=0.005011872388422489
packet_number=1738,correct=False,payload=[0,1,50,3,4,5,6,71,136,137,10,27,110,5,138,15,144,17,18,19,20,21,22,23,88,25,26,147,28,29,62,31,34,1,34,39,164,44,38,39,40,57,42,43,12,45,46,63,48,49,50,51,52,117,54,55,56,49,58,27,60,63,62,63,64,65,70,67,68,69,70,71,8,73,74,75,76,69,76,76,80,65,86,85,84,81,86,83,88,88,75,91,92,93,94,223,64,96,34,99]
CFO=-611.868445104331,STO=4
EsN0dB=5.43,GRXdB=10,N0=0.005011872388422489
packet_number=1739,correct=False,payload=[64,17,2,3,6,21,6,7,9,28,10,11,12,13,14,15,16,21,50,19,132,21,22,7,24,25,10,155,28,29,30,159,128,33,50,35,36,35,55,35,72,41,110,45,40,173,110,47,50,48,58,51,36,53,182,53,56,56,58,59,62,52,46,63,64,201,224,67,64,5,71,71,24,89,74,67,76,93,79,71,16,17,82,91,84,87,86,95,88,91,26,91,93,92,126,127,96,99,98,99]
CFO=-1020.9948198234888,STO=5
EsN0dB=5.28,GRXdB=10,N0=0.005011872388422489
packet_number=1740,correct=False,payload=[1,129,34,171,20,5,166,5,40,33,10,27,12,13,14,15,50,1,18,82,86,5,22,23,24,25,58,25,92,28,28,31,32,33,34,39,36,37,166,37,40,41,42,43,44,41,110,111,59,59,176,51,52,181,53,55,56,121,58,26,60,53,62,47,64,65,67,75,84,69,78,197,200,75,74,75,76,77,76,111,82,81,114,91,68,87,82,85,73,88,90,123,28,93,126,31,96,65,98,119]
CFO=-1230.795463829047,STO=2
EsN0dB=5.22,GRXdB=10,N0=0.005011872388422489
packet_number=1741,correct=False,payload=[201,0,64,3,4,5,148,39,8,9,13,13,12,9,14,14,16,17,18,19,20,21,18,23,58,25,58,155,92,29,31,95,0,33,35,163,37,37,54,35,120,35,42,43,46,5,46,175,48,49,50,49,52,53,48,54,56,57,186,57,124,61,62,63,64,225,66,3,196,69,194,71,200,72,74,121,77,78,78,207,80,19,118,83,84,85,87,87,120,89,90,83,60,221,94,222,98,101,98,99]
CFO=-1174.1069095723838,STO=5
EsN0dB=5.28,GRXdB=10,N0=0.005011872388422489
packet_number=1742,correct=False,payload=[64,129,0,17,0,5,6,39,8,73,139,11,8,13,14,78,28,49,18,35,148,21,22,23,24,21,26,27,56,29,62,23,226,1,38,35,38,37,54,7,41,57,34,43,12,45,46,47,176,57,55,51,52,21,54,53,152,57,26,51,60,61,62,46,224,65,66,67,69,69,130,71,104,73,106,75,76,79,78,15,80,85,81,115,84,117,82,23,88,88,88,91,124,93,94,91,224,99,34,101]
CFO=-1062.7243111604394,STO=4
EsN0dB=5.35,GRXdB=10,N0=0.005011872388422489
packet_number=1743,correct=False,payload=[0,17,2,1,4,69,22,7,8,9,10,43,12,13,7,13,145,17,19,146,20,29,22,23,16,25,58,25,31,141,30,31,34,33,34,35,37,37,6,39,40,33,34,43,108,45,238,39,48,49,50,51,52,53,54,55,250,56,58,18,60,61,62,63,8,65,6,83,69,69,70,71,72,73,74,75,76,197,78,79,80,85,82,83,84,85,22,85,88,81,200,91,92,93,85,91,96,97,98,99]
CFO=-1130.280692455847,STO=3
EsN0dB=5.50,GRXdB=10,N0=0.005011872388422489
packet_number=1744,correct=False,payload=[128,1,0,3,5,197,6,5,40,129,10,139,140,13,14,15,16,21,18,51,28,20,22,23,8,25,26,27,156,29,30,31,52,0,34,39,36,45,38,39,40,41,35,47,56,15,44,47,48,177,34,19,60,53,54,63,56,56,8,57,180,61,62,123,96,65,66,7,69,69,7,69,72,73,72,239,76,79,78,79,82,209,86,83,87,85,84,87,120,89,90,91,92,221,126,90,96,33,110,97]
CFO=-857.3390998620789,STO=5
EsN0dB=5.37,GRXdB=10,N0=0.005011872388422489
packet_number=1745,correct=False,payload=[0,1,2,19,4,5,70,7,24,49,203,11,12,15,142,15,16,147,18,19,52,17,55,23,24,29,26,27,84,29,14,31,32,41,162,35,36,53,38,39,40,33,42,43,8,45,47,175,24,117,58,51,48,21,54,55,56,185,122,51,62,61,124,63,16,65,83,64,68,197,86,71,72,217,106,79,76,73,78,79,80,81,66,67,84,84,86,87,80,89,218,91,92,93,94,95,96,33,196,115]
CFO=-1198.64495706402,STO=4
EsN0dB=5.26,GRXdB=10,N0=0.005011872388422489
packet_number=1746,correct=False,payload=[0,65,2,19,4,53,84,7,8,9,10,10,12,13,14,15,18,17,18,27,20,93,22,23,24,56,27,27,29,93,30,31,33,41,34,35,32,165,38,151,44,41,42,171,45,45,46,45,56,177,50,34,52,52,54,55,56,57,58,59,61,63,30,115,64,65,66,67,68,77,71,99,200,105,78,91,76,77,110,207,80,81,82,83,212,85,86,83,88,93,90,27,92,93,222,219,32,97,98,67]
CFO=-510.28853181759547,STO=4
EsN0dB=5.13,GRXdB=10,N0=0.005011872388422489
packet_number=1747,correct=False,payload=[0,1,18,3,4,7,15,7,8,25,2,31,14,13,79,31,16,17,18,87,20,23,22,87,24,61,26,15,28,23,31,31,16,35,34,35,36,33,174,37,168,160,42,107,44,41,46,46,49,49,58,179,52,53,54,23,112,57,42,50,60,61,62,63,64,67,66,67,100,69,84,75,88,73,10,27,77,207,76,79,88,83,16,83,84,85,87,87,92,17,90,91,120,93,222,95,32,99,98,99]
CFO=-697.0589874545364,STO=0
EsN0dB=5.38,GRXdB=10,N0=0.005011872388422489
packet_number=1748,correct=False,payload=[0,1,2,19,4,5,6,7,8,15,10,11,28,13,30,13,16,81,18,179,16,21,22,21,24,25,26,27,30,141,30,19,96,33,2,35,36,37,34,39,40,41,42,43,44,42,46,47,48,48,50,51,116,61,118,183,121,33,58,251,60,61,62,191,64,97,2,195,196,69,70,71,72,83,138,79,77,77,198,77,80,89,82,83,80,84,84,87,92,89,122,91,92,93,94,95,96,101,98,97]
CFO=-853.9439266621517,STO=3
EsN0dB=5.44,GRXdB=10,N0=0.005011872388422489
packet_number=1749,correct=False,payload=[0,1,2,2,68,5,7,3,26,41,12,67,14,41,12,43,88,17,16,153,20,5,95,23,25,24,26,63,24,31,94,31,224,41,33,51,164,45,38,39,44,59,106,43,4,45,34,111,120,16,18,51,53,61,48,118,25,41,122,27,188,60,62,63,64,193,67,75,68,197,78,87,64,77,72,73,30,101,15,79,88,17,66,83,68,87,86,87,88,89,26,211,120,95,214,127,97,96,114,226]
CFO=-1238.8530711952196,STO=0
EsN0dB=5.08,GRXdB=10,N0=0.005011872388422489
packet_number=1750,correct=False,payload=[0,3,4,6,4,47,140,7,50,100,0,11,28,12,14,28,24,37,55,22,64,30,56,7,0,17,30,159,28,94,62,15,96,97,36,103,32,36,108,38,42,27,98,98,232,61,142,63,50,32,50,54,48,60,126,55,52,59,58,59,252,24,94,127,96,193,134,38,76,207,4,70,73,75,184,83,28,14,14,207,252,209,98,247,20,103,143,22,216,113,16,95,120,188,86,122,96,225,230,79]
CFO=-891.0630403093438,STO=4
EsN0dB=5.10,GRXdB=10,N0=0.005011872388422489
packet_number=1751,correct=False,payload=[0,1,18,3,4,13,6,6,8,17,30,11,28,77,14,15,16,19,50,83,22,5,22,55,28,25,26,27,92,29,31,15,32,35,32,35,52,97,38,167,40,41,35,43,58,45,46,45,52,57,50,35,52,52,54,63,56,59,58,43,60,61,30,47,64,65,99,83,196,69,78,103,9,89,74,67,204,77,204,95,80,81,82,83,93,84,86,87,88,27,91,83,12,92,94,79,96,97,106,99]
CFO=-981.5422360793854,STO=1
EsN0dB=5.40,GRXdB=10,N0=0.005011872388422489
packet_number=1752,correct=False,payload=[248,0,0,16,92,0,140,56,92,32,72,64,248,32,44,48,56,128,140,146,88,192,200,176,120,80,200,208,253,224,120,240,253,0,13,73,153,32,169,25,185,193,80,81,9,35,105,81,252,145,137,144,153,160,164,241,249,128,205,145,152,225,233,225,234,2,2,18,30,2,14,50,14,64,14,35,104,98,120,51,120,2,74,202,174,162,170,17,202,224,67,211,251,227,107,48,249,0,9,155]
CFO=-915.4446219223371,STO=4
EsN0dB=5.37,GRXdB=10,N0=0.005011872388422489
packet_number=1753,correct=False,payload=[2,17,18,3,21,17,6,39,136,129,138,11,0,13,15,7,16,17,17,18,20,21,6,23,24,24,26,31,60,29,27,31,0,32,10,35,37,37,154,6,8,41,43,3,108,45,44,63,48,49,178,50,52,245,54,55,48,61,58,59,61,57,30,63,77,65,66,67,68,69,64,71,73,73,74,75,76,77,78,79,84,81,82,83,20,85,86,87,92,89,92,75,92,125,94,95,104,97,106,99]
CFO=-986.2301055855086,STO=5
EsN0dB=5.31,GRXdB=10,N0=0.005011872388422489
packet_number=1754,correct=False,payload=[0,1,34,3,20,13,23,3,0,9,26,139,12,29,6,29,16,17,18,83,20,5,22,55,24,152,27,27,28,29,14,63,32,33,34,34,44,37,38,39,40,8,42,43,108,13,46,63,16,49,50,51,52,53,38,63,56,113,42,35,62,61,62,30,64,64,66,67,68,68,70,111,80,8,74,73,76,77,78,15,80,85,18,83,20,81,86,87,88,89,90,27,92,93,95,95,98,97,98,99]
CFO=-1364.9287583201346,STO=5
EsN0dB=5.40,GRXdB=10,N0=0.005011872388422489
packet_number=1755,correct=False,payload=[64,1,2,3,5,21,4,7,0,9,8,15,8,45,14,15,18,21,18,19,20,21,22,55,24,57,24,91,60,29,30,87,34,225,34,35,100,37,38,39,40,37,46,43,44,47,46,43,48,49,18,241,52,49,54,55,120,57,114,123,60,60,54,59,64,65,64,66,4,69,199,87,74,73,106,9,76,108,94,79,64,65,115,83,84,85,82,85,24,89,88,90,92,93,94,95,96,97,106,99]
CFO=-872.2536954043826,STO=5
EsN0dB=4.85,GRXdB=10,N0=0.005011872388422489
packet_number=1756,correct=False,payload=[0,1,2,3,108,5,6,135,8,1,10,11,204,13,30,15,16,49,26,19,20,21,86,23,88,25,26,19,28,29,30,15,2,165,98,35,36,37,38,167,8,105,42,43,44,47,46,45,112,49,186,51,52,53,62,23,57,57,50,51,60,61,254,63,64,77,64,67,84,69,4,199,72,73,14,75,44,77,78,79,80,81,82,83,85,68,22,83,88,80,90,95,92,77,222,31,0,113,106,99]
CFO=-894.1921207228559,STO=3
EsN0dB=5.17,GRXdB=10,N0=0.005011872388422489
packet_number=1757,correct=False,payload=[0,1,10,3,4,13,6,15,40,41,10,139,13,29,30,23,32,25,19,23,20,21,158,31,24,25,122,31,30,29,30,31,0,3,98,131,36,37,52,103,40,41,46,107,44,45,104,43,48,57,114,51,52,53,118,55,56,57,56,51,44,61,62,51,64,69,2,67,68,69,70,101,72,73,74,79,110,93,79,71,112,83,18,83,116,85,86,85,90,89,90,219,92,93,78,93,96,104,98,67]
CFO=-1406.8581749859159,STO=3
EsN0dB=5.10,GRXdB=10,N0=0.005011872388422489
packet_number=1758,correct=False,payload=[0,0,2,3,132,5,70,71,74,9,2,11,12,13,14,15,16,145,18,19,21,21,30,22,16,9,26,27,28,29,157,31,40,49,162,42,38,61,34,47,40,41,42,43,6,47,46,47,48,49,50,51,52,53,54,39,56,58,58,63,60,189,191,63,64,65,194,99,85,85,100,71,72,201,72,91,76,77,78,111,80,113,82,115,84,85,54,87,104,89,26,89,93,93,94,62,96,97,66,103]
CFO=-983.3291724630226,STO=3
EsN0dB=5.39,GRXdB=10,N0=0.005011872388422489
packet_number=1759,correct=False,payload=[8,12,2,11,5,5,6,7,8,9,10,107,12,77,14,13,17,17,18,19,22,21,22,23,24,25,90,25,12,25,14,31,34,33,34,115,36,36,38,46,40,57,42,107,44,109,46,235,48,49,50,49,180,53,54,39,24,24,58,59,60,61,62,63,64,65,66,11,68,69,71,67,72,65,73,66,76,77,102,79,80,89,82,83,116,85,85,215,80,93,90,91,28,85,222,95,96,97,98,102]
CFO=-810.150674694734,STO=0
EsN0dB=5.28,GRXdB=10,N0=0.005011872388422489
packet_number=1760,correct=False,payload=[0,2,71,3,0,6,12,7,12,19,0,26,76,15,14,21,32,16,6,19,20,25,52,23,56,19,16,59,60,60,30,14,48,3,34,35,70,35,108,39,8,40,3,179,60,47,46,31,48,49,34,51,20,52,118,55,112,120,58,27,44,59,62,62,64,195,86,64,4,70,68,199,64,8,74,100,204,76,206,111,16,193,18,3,221,69,150,39,88,73,58,223,92,24,94,126,96,119,229,107]
CFO=-1252.974487304221,STO=5
EsN0dB=5.11,GRXdB=10,N0=0.005011872388422489
packet_number=1761,correct=False,payload=[64,1,2,3,0,7,7,7,8,9,74,11,46,13,14,31,16,17,154,83,144,21,22,151,28,25,18,27,156,159,30,31,32,33,34,35,36,167,34,39,40,56,42,171,44,41,62,47,48,49,50,50,53,61,54,55,56,56,58,63,60,125,62,59,80,65,67,65,76,101,70,65,72,77,202,107,76,73,12,119,80,83,82,83,84,21,86,85,80,89,74,91,92,92,94,95,96,97,226,98]
CFO=-1173.6489548749082,STO=5
EsN0dB=5.17,GRXdB=10,N0=0.005011872388422489
packet_number=1762,correct=False,payload=[0,5,18,3,6,5,6,7,12,41,10,11,12,13,14,159,16,17,18,1,20,148,30,22,88,23,90,27,80,157,30,63,232,33,34,35,36,37,38,39,44,41,170,59,44,13,42,39,48,53,55,51,116,53,52,183,16,117,122,123,188,61,62,55,64,193,103,67,68,93,67,15,64,9,8,75,108,207,78,79,80,81,80,81,244,85,86,87,80,81,216,90,92,94,126,95,97,97,34,97]
CFO=-867.7141690692956,STO=5
EsN0dB=5.32,GRXdB=10,N0=0.005011872388422489
packet_number=1763,correct=False,payload=[40,1,82,3,4,133,84,7,8,9,10,27,14,69,14,15,16,17,18,17,157,21,22,23,13,25,30,27,28,15,31,27,36,33,34,35,36,37,6,39,40,41,56,42,44,40,46,39,48,49,178,33,52,37,54,55,56,58,58,59,60,21,126,29,65,8,74,3,68,69,70,79,72,73,82,75,76,77,78,79,84,200,80,83,80,85,86,223,88,89,218,11,76,29,94,95,96,97,98,99]
CFO=-1483.7409661495642,STO=4
EsN0dB=5.18,GRXdB=10,N0=0.005011872388422489
packet_number=1764,correct=False,payload=[0,33,2,3,84,5,38,15,8,41,9,11,12,157,46,79,18,21,24,147,20,21,6,23,144,25,26,27,28,31,30,31,244,33,34,35,36,53,7,103,8,41,46,43,108,47,44,63,56,49,50,51,60,21,54,55,56,57,58,187,52,52,190,62,80,65,72,67,212,77,198,7,74,73,90,75,76,77,78,75,80,81,82,83,92,85,100,87,72,89,90,83,92,93,90,93,64,105,227,67]
CFO=-1713.5840650805517,STO=5
EsN0dB=5.34,GRXdB=10,N0=0.005011872388422489
packet_number=1765,correct=False,payload=[0,7,192,3,4,5,6,12,26,41,18,11,76,13,14,13,0,17,18,19,86,21,30,23,88,25,26,19,28,57,30,31,4,33,226,59,36,165,46,103,56,173,58,171,60,45,170,47,48,53,82,115,48,55,54,55,56,188,58,59,60,29,126,53,64,193,66,67,68,87,70,71,74,73,74,75,12,79,78,79,16,81,82,87,84,85,86,87,88,89,90,27,124,93,86,95,97,225,98,99]
CFO=-1311.9837643429385,STO=4
EsN0dB=5.30,GRXdB=10,N0=0.005011872388422489
packet_number=1766,correct=False,payload=[0,0,2,2,4,4,6,7,8,43,10,11,8,15,6,15,16,21,18,51,148,23,6,23,0,24,58,59,28,29,46,31,32,33,34,163,36,37,39,39,8,41,106,43,40,109,46,47,48,49,50,50,52,117,54,50,56,57,62,59,188,47,62,63,0,65,65,11,69,69,70,199,200,73,74,75,30,204,78,79,80,85,66,91,85,85,84,87,88,57,82,123,92,93,14,91,96,105,103,97]
CFO=-1090.915916959667,STO=5
EsN0dB=5.00,GRXdB=10,N0=0.005011872388422489
packet_number=1767,correct=False,payload=[4,145,2,3,4,1,6,7,16,9,10,11,8,13,36,13,128,33,18,19,4,63,86,21,144,25,154,27,28,25,12,31,160,33,34,103,4,37,38,39,44,41,42,43,44,39,46,175,48,49,242,51,48,181,182,55,56,41,58,107,56,63,30,63,69,65,194,2,100,85,84,71,65,73,74,91,69,77,206,79,80,81,82,66,84,85,22,87,89,93,26,91,220,77,78,79,32,99,194,99]
CFO=-1243.3682294074865,STO=4
EsN0dB=5.59,GRXdB=10,N0=0.005011872388422489
packet_number=1768,correct=False,payload=[8,1,2,19,4,5,14,7,32,41,3,27,44,13,6,143,16,17,2,19,20,20,87,19,216,25,30,27,28,29,28,31,32,33,34,39,37,37,36,103,40,41,170,43,44,45,43,47,49,49,50,49,52,21,54,55,48,59,58,59,92,61,62,55,16,65,66,67,68,199,70,71,8,64,72,11,78,73,78,77,88,81,18,83,68,85,70,87,88,121,90,27,92,93,86,95,96,97,98,99]
CFO=-758.0449876436724,STO=3
EsN0dB=5.31,GRXdB=10,N0=0.005011872388422489
packet_number=1769,correct=False,payload=[34,1,2,67,4,0,6,7,8,13,10,11,12,141,10,15,17,1,48,19,4,21,22,23,24,40,10,27,28,29,30,14,160,35,36,35,36,37,38,111,104,11,42,43,45,45,46,47,48,49,50,51,53,49,54,55,56,184,58,59,44,61,190,63,68,195,65,67,124,77,198,79,96,73,80,9,76,77,78,15,80,80,82,211,64,85,86,87,88,89,90,91,92,84,94,87,96,96,98,99]
CFO=-1631.8124711547282,STO=4
EsN0dB=5.27,GRXdB=10,N0=0.005011872388422489
packet_number=1770,correct=False,payload=[0,49,2,20,4,132,4,6,200,9,10,139,76,37,142,79,18,1,54,27,20,21,18,87,24,61,18,27,60,157,30,159,32,33,50,131,36,47,50,7,40,41,40,43,44,45,38,47,48,17,50,35,60,52,118,53,56,184,58,59,60,61,62,63,80,69,66,3,4,69,70,71,76,73,74,74,93,77,94,75,80,81,82,83,84,85,86,71,88,25,75,94,28,77,254,95,96,97,34,99]
CFO=-1004.3615304994113,STO=3
EsN0dB=5.22,GRXdB=10,N0=0.005011872388422489
packet_number=1771,correct=False,payload=[139,1,130,71,4,5,38,23,8,9,3,11,12,13,14,79,24,17,16,211,22,149,23,6,16,9,18,27,140,29,62,31,32,33,34,35,4,36,34,39,56,169,46,11,44,45,10,61,48,57,115,51,52,53,6,55,56,25,50,187,28,61,62,27,64,97,198,67,100,5,198,71,72,73,74,74,76,77,78,207,104,81,83,19,84,69,66,87,216,121,91,91,92,93,78,95,100,97,114,99]
CFO=-1187.1372741092794,STO=6
EsN0dB=5.28,GRXdB=10,N0=0.005011872388422489
packet_number=1772,correct=False,payload=[0,33,2,67,132,5,6,103,8,9,10,11,137,13,14,15,16,17,18,19,4,21,22,94,24,25,27,27,28,53,94,30,50,33,34,179,4,165,38,103,57,43,42,43,44,108,46,47,48,53,176,55,20,52,62,23,56,57,58,63,52,125,62,31,66,65,98,83,68,69,70,71,89,72,10,75,76,75,78,7,80,81,82,115,84,53,86,119,24,89,90,75,92,93,86,31,104,97,98,99]
CFO=-911.3112309675851,STO=5
EsN0dB=5.22,GRXdB=10,N0=0.005011872388422489
packet_number=1773,correct=False,payload=[157,204,68,20,64,148,195,1,65,129,130,2,2,194,3,11,71,135,204,76,68,132,199,1,101,197,198,2,69,6,71,7,71,145,200,72,73,136,201,9,9,137,202,42,74,138,203,11,201,131,204,12,76,156,237,13,77,141,206,14,78,142,142,15,79,199,64,25,80,144,145,33,81,145,150,26,82,146,195,83,91,211,212,21,82,20,213,85,93,165,214,54,118,150,223,23,87,151,136,25]
CFO=-961.9789616129148,STO=4
EsN0dB=5.04,GRXdB=10,N0=0.005011872388422489
packet_number=1774,correct=False,payload=[0,33,130,3,4,5,14,7,8,9,74,75,13,13,14,15,17,49,2,19,12,21,150,23,24,16,26,26,20,189,30,11,32,49,51,33,36,37,38,39,8,41,2,43,44,45,45,47,176,49,52,179,52,53,54,55,57,57,58,59,124,61,62,31,192,97,66,103,100,69,206,79,72,73,106,11,76,79,110,79,84,81,82,83,214,85,70,87,120,120,94,95,93,93,94,89,96,99,98,227]
CFO=-700.4186460423729,STO=6
EsN0dB=5.08,GRXdB=10,N0=0.005011872388422489
packet_number=1775,correct=False,payload=[129,33,10,3,4,21,54,205,72,13,154,11,12,13,6,15,144,145,130,16,4,5,62,23,24,17,26,19,28,61,30,31,160,33,34,39,100,37,6,35,164,45,42,43,32,37,14,175,53,49,50,33,33,21,119,54,48,57,50,59,60,61,62,31,76,65,66,1,64,69,70,87,72,137,76,91,76,77,78,70,68,65,82,83,116,85,86,87,89,89,90,90,92,93,94,223,96,225,96,99]
CFO=-936.0835918932481,STO=4
EsN0dB=5.32,GRXdB=10,N0=0.005011872388422489
packet_number=1776,correct=False,payload=[0,1,2,3,4,13,68,7,11,73,2,11,12,13,14,143,52,17,82,19,84,213,22,23,30,25,26,27,30,13,14,31,0,32,34,51,36,37,38,39,56,9,34,43,100,45,190,167,16,49,50,59,53,117,51,55,56,57,10,27,60,61,62,63,64,65,98,83,68,69,70,71,76,105,75,75,76,77,78,79,82,65,34,83,92,85,84,83,88,89,82,91,244,85,94,95,104,97,100,99]
CFO=-726.70117839468,STO=4
EsN0dB=5.35,GRXdB=10,N0=0.005011872388422489
packet_number=1777,correct=False,payload=[0,9,2,1,4,5,6,135,136,9,10,27,12,13,78,7,16,17,22,19,20,21,22,39,24,57,26,15,60,29,158,31,32,37,162,35,4,37,54,6,32,43,42,47,40,47,46,47,50,49,48,49,52,53,54,63,16,57,26,123,188,61,62,57,64,81,82,1,70,69,102,71,72,89,74,75,76,69,76,79,81,85,82,83,86,85,82,87,88,91,90,94,93,92,95,95,112,225,226,103]
CFO=-737.3613724258428,STO=4
EsN0dB=5.44,GRXdB=10,N0=0.005011872388422489
packet_number=1778,correct=False,payload=[2,129,2,67,4,37,6,71,8,9,138,10,12,13,14,15,16,17,18,19,16,21,150,147,18,17,24,27,88,29,31,31,32,44,2,35,32,33,38,37,8,109,42,43,44,45,62,47,48,49,54,19,53,37,54,39,40,57,30,59,56,61,62,63,0,65,2,195,68,69,70,71,72,73,10,75,12,77,78,79,64,83,82,91,20,93,86,83,88,89,218,91,92,89,94,95,224,97,98,99]
CFO=-539.9611384438869,STO=2
EsN0dB=5.33,GRXdB=10,N0=0.005011872388422489
packet_number=1779,correct=False,payload=[0,9,70,35,20,4,7,167,9,11,10,131,136,13,206,79,80,25,22,19,144,21,30,30,62,25,26,27,30,21,30,31,46,33,34,35,36,37,38,39,42,57,111,43,44,45,54,15,144,49,18,61,182,117,54,23,184,57,62,59,60,61,62,63,64,65,193,67,128,69,4,71,72,75,106,75,76,77,12,79,16,81,112,81,228,92,22,23,144,89,42,91,94,29,94,207,32,97,98,99]
CFO=-1341.2186341060162,STO=4
EsN0dB=5.18,GRXdB=10,N0=0.005011872388422489
packet_number=1780,correct=False,payload=[32,64,2,67,36,68,66,133,8,73,10,11,44,29,14,15,17,21,82,83,16,21,6,87,72,25,58,26,28,29,30,31,44,37,0,34,36,37,38,166,104,160,106,43,36,45,46,63,48,49,178,35,180,53,118,59,112,57,58,51,60,157,62,47,64,65,66,67,70,70,70,71,72,89,202,75,92,44,222,79,216,209,82,83,84,81,86,86,92,90,218,89,92,95,222,79,80,97,34,99]
CFO=-1179.881621072218,STO=4
EsN0dB=5.37,GRXdB=10,N0=0.005011872388422489
packet_number=1781,correct=False,payload=[0,0,2,3,4,5,6,7,0,41,10,11,12,13,15,143,12,169,2,3,20,53,22,55,25,25,26,25,28,157,94,31,56,33,50,35,36,37,44,39,40,40,42,10,108,109,47,15,56,185,50,51,52,53,110,183,24,56,58,51,61,61,59,63,64,65,66,195,84,65,78,70,72,73,72,74,76,109,46,95,80,17,82,83,80,85,214,85,88,121,27,95,92,93,78,93,98,81,0,99]
CFO=-849.3307623500755,STO=4
EsN0dB=5.09,GRXdB=10,N0=0.005011872388422489
packet_number=1782,correct=False,payload=[0,5,130,1,4,5,134,71,24,9,10,75,12,13,14,15,24,48,18,19,20,29,2,23,24,25,26,31,28,29,30,31,32,33,162,35,36,37,38,38,40,41,42,43,36,45,46,47,48,49,54,50,52,53,54,55,60,57,26,59,60,61,62,59,100,211,66,79,68,65,70,79,65,109,74,75,76,77,78,15,88,65,88,19,84,209,86,87,88,89,58,91,94,77,86,95,96,225,98,67]
CFO=-864.3070786122228,STO=4
EsN0dB=5.41,GRXdB=10,N0=0.005011872388422489
packet_number=1783,correct=False,payload=[0,65,6,3,132,5,15,135,8,8,10,43,12,45,10,15,80,145,18,23,158,52,150,17,24,25,24,27,12,31,31,31,32,57,34,32,36,37,166,7,44,41,170,43,44,45,62,35,48,51,50,51,52,117,54,55,156,185,58,63,60,56,62,63,65,65,67,67,68,65,70,67,72,73,74,11,12,77,94,75,80,193,210,86,208,213,86,87,88,88,26,91,92,93,94,95,97,97,34,99]
CFO=-685.6280255482852,STO=5
EsN0dB=5.49,GRXdB=10,N0=0.005011872388422489
packet_number=1784,correct=False,payload=[1,9,130,3,4,5,6,135,24,77,10,11,4,13,111,15,16,81,26,19,28,84,22,19,26,145,26,27,92,25,126,30,32,33,34,163,38,37,54,39,42,41,42,43,32,47,38,46,48,121,50,51,61,53,55,55,56,25,58,59,184,61,59,62,64,73,82,83,68,71,70,71,96,73,202,75,204,13,206,111,116,81,82,83,84,81,86,83,120,217,90,217,92,89,79,86,96,97,98,99]
CFO=-1077.2550643009492,STO=3
EsN0dB=5.61,GRXdB=10,N0=0.005011872388422489
packet_number=1785,correct=False,payload=[68,1,2,3,12,4,6,7,0,9,2,15,8,13,15,47,24,17,18,19,20,213,22,7,56,25,155,31,28,24,30,31,33,32,178,35,44,53,166,163,120,45,42,63,60,173,46,47,49,49,50,51,52,53,182,167,40,57,122,59,56,63,62,63,64,201,34,66,68,65,70,101,200,201,74,79,76,71,70,75,112,81,82,67,85,85,118,87,88,89,90,91,124,93,94,223,224,97,98,99]
CFO=-1008.8427749251744,STO=5
EsN0dB=5.23,GRXdB=10,N0=0.005011872388422489
packet_number=1786,correct=False,payload=[0,1,2,2,6,149,6,3,8,11,14,27,8,13,14,15,216,25,26,3,68,21,22,19,24,25,26,27,20,31,62,31,36,33,35,34,36,37,166,39,44,233,42,43,44,47,46,39,16,49,50,51,52,21,54,50,56,57,62,43,60,61,58,63,80,1,66,99,68,65,70,211,72,77,75,203,68,93,78,77,80,81,66,67,84,93,94,87,94,216,90,91,92,93,94,95,192,97,98,99]
CFO=-699.6415341547743,STO=5
EsN0dB=5.32,GRXdB=10,N0=0.005011872388422489
packet_number=1787,correct=False,payload=[0,65,2,6,5,5,15,7,136,9,46,11,12,12,15,15,28,145,18,19,148,29,6,21,26,25,26,27,156,31,158,15,33,33,34,35,36,103,36,15,168,41,170,59,44,45,14,47,48,49,51,59,4,113,54,55,56,57,58,59,44,63,62,47,64,67,66,71,100,103,68,87,72,69,234,75,72,109,206,79,80,209,82,87,84,81,18,87,95,17,82,95,28,93,222,95,96,97,98,107]
CFO=-1188.7765195100826,STO=4
EsN0dB=5.30,GRXdB=10,N0=0.005011872388422489
packet_number=1788,correct=False,payload=[0,1,64,3,4,5,14,7,8,9,10,43,12,141,78,47,148,20,26,19,20,21,22,31,24,57,26,27,28,29,222,91,32,33,38,35,52,37,38,39,168,33,42,171,40,41,46,167,50,49,54,51,28,37,54,55,40,25,58,59,60,61,78,95,193,68,66,67,76,69,70,79,72,73,14,75,76,85,94,79,80,81,82,83,84,117,30,83,88,89,90,91,94,93,78,94,96,101,98,99]
CFO=-546.9574577358994,STO=4
EsN0dB=5.32,GRXdB=10,N0=0.005011872388422489
packet_number=1789,correct=True,payload=[2,3,130,3,4,5,30,39,8,9,10,11,12,5,142,141,16,17,18,23,20,21,22,151,88,9,30,27,28,29,143,31,36,49,34,3,36,37,38,39,56,11,42,43,44,37,110,44,48,57,34,51,180,117,23,167,40,57,30,59,60,61,54,63,64,193,2,67,68,77,6,195,72,105,74,75,198,77,78,79,88,1,83,245,20,85,82,87,88,217,78,91,93,223,126,95,113,105,98,99]
CFO=-1169.55926052969,STO=5
EsN0dB=5.31,GRXdB=10,N0=0.005011872388422489
packet_number=1790,correct=False,payload=[0,1,2,19,4,5,6,7,8,9,10,15,12,13,132,15,18,81,3,19,16,157,22,15,28,29,26,19,28,21,22,159,44,33,34,35,100,33,102,54,56,57,58,11,140,45,46,47,48,51,178,49,60,53,22,55,40,59,186,59,29,61,254,61,64,64,194,67,68,69,70,103,74,9,74,67,76,77,78,63,80,208,82,89,116,85,22,215,88,91,90,91,20,93,94,95,98,225,224,103]
CFO=-1291.1700672237284,STO=5
EsN0dB=5.09,GRXdB=10,N0=0.005011872388422489
packet_number=1791,correct=False,payload=[0,1,74,67,4,5,6,7,8,8,10,2,12,5,15,15,16,16,18,19,20,21,22,23,24,25,27,26,28,29,30,29,32,161,34,51,36,37,38,43,8,45,42,59,44,44,46,47,48,113,50,179,164,53,54,183,56,59,114,43,156,61,59,63,64,65,66,66,84,65,7,7,72,65,78,79,72,93,78,79,80,81,82,67,84,17,82,81,72,89,90,31,92,93,30,95,96,97,226,67]
CFO=-1148.050923685516,STO=4
EsN0dB=4.03,GRXdB=10,N0=0.0063095735386013985
packet_number=1792,correct=False,payload=[4,1,18,7,4,5,22,7,8,1,10,11,8,13,14,15,148,0,18,7,20,157,22,51,24,153,26,111,28,29,94,21,102,33,34,35,108,45,46,39,40,45,170,43,36,45,46,7,58,49,178,51,116,53,55,50,56,121,56,155,60,63,62,63,65,65,67,195,68,71,70,71,73,9,94,75,92,77,77,69,88,83,66,211,84,85,87,87,24,93,90,91,92,76,94,79,160,97,102,99]
CFO=-951.9073970789732,STO=4
EsN0dB=4.24,GRXdB=10,N0=0.0063095735386013985
packet_number=1793,correct=False,payload=[128,1,34,3,4,5,7,103,8,9,43,11,8,13,14,15,90,21,2,23,20,21,22,17,24,25,24,25,156,29,30,30,150,241,38,34,36,37,38,39,40,41,40,59,46,174,42,47,48,49,50,51,52,53,38,61,122,33,41,43,52,125,62,29,67,73,66,65,64,69,70,71,73,104,74,74,64,85,206,79,81,149,84,83,86,85,210,87,89,93,90,91,127,93,90,31,104,96,98,102]
CFO=-1008.438773978955,STO=4
EsN0dB=4.29,GRXdB=10,N0=0.0063095735386013985
packet_number=1794,correct=False,payload=[0,1,34,18,4,69,7,143,168,9,9,3,140,15,110,15,48,1,50,147,148,29,118,23,24,25,90,210,156,25,14,31,128,33,34,3,52,53,38,7,40,41,42,11,44,45,15,55,57,56,48,59,48,37,62,55,48,185,50,187,60,63,62,63,64,65,98,67,68,197,102,193,72,73,202,202,72,69,95,71,208,212,90,67,84,88,118,214,88,94,91,203,84,89,30,95,96,97,34,11]
CFO=-1056.7352076116576,STO=4
EsN0dB=4.15,GRXdB=10,N0=0.0063095735386013985
packet_number=1795,correct=False,payload=[16,1,2,179,12,5,38,7,76,9,4,11,12,45,94,15,16,85,18,17,19,20,22,86,24,24,10,11,92,157,30,29,32,48,162,35,14,37,38,167,42,41,10,43,45,173,46,47,50,49,58,209,52,53,54,55,24,57,46,59,190,60,126,95,64,97,82,78,69,68,70,7,72,74,72,75,78,173,78,79,80,85,208,215,86,117,198,87,90,91,90,91,92,117,94,91,98,109,98,235]
CFO=-830.5648176054655,STO=5
EsN0dB=4.16,GRXdB=10,N0=0.0063095735386013985
packet_number=1796,correct=False,payload=[0,5,2,3,4,7,138,7,8,73,11,11,12,13,14,15,24,17,16,121,20,21,54,31,24,25,26,27,85,29,62,31,0,48,34,43,37,37,38,37,10,40,106,169,34,63,60,46,112,117,50,119,116,53,54,55,124,61,184,59,56,56,62,185,66,97,198,211,6,69,86,111,15,75,76,75,76,202,78,111,80,17,83,83,84,95,86,87,90,89,90,95,92,221,78,83,64,97,102,99]
CFO=-1347.008523804006,STO=6
EsN0dB=4.13,GRXdB=10,N0=0.0063095735386013985
packet_number=1797,correct=False,payload=[129,1,2,139,20,5,6,135,24,11,26,203,12,13,12,15,16,211,146,19,4,23,30,159,25,24,26,27,24,93,54,31,32,42,178,39,36,33,6,39,8,184,178,3,140,175,14,174,112,49,114,243,53,53,30,23,120,57,58,58,60,53,60,63,80,81,66,67,196,77,79,71,88,73,106,75,76,91,78,111,66,83,122,243,84,85,70,31,84,17,218,27,93,121,92,95,96,97,98,99]
CFO=-945.830603861941,STO=5
EsN0dB=4.26,GRXdB=10,N0=0.0063095735386013985
packet_number=1798,correct=False,payload=[0,17,83,66,0,7,47,6,8,9,138,11,12,45,6,15,144,25,2,3,21,29,212,23,24,25,26,27,60,29,92,30,48,33,10,39,38,52,34,103,42,41,42,63,36,164,46,102,48,49,50,35,52,23,22,55,40,41,59,59,28,61,62,63,0,1,74,67,68,69,84,67,96,73,122,75,12,77,78,79,80,80,90,85,85,80,22,87,88,93,94,91,93,93,14,87,104,97,106,35]
CFO=-1242.6012560819372,STO=4
EsN0dB=4.12,GRXdB=10,N0=0.0063095735386013985
packet_number=1799,correct=False,payload=[0,9,16,3,4,37,18,31,8,72,11,43,13,12,14,15,16,17,82,17,80,21,53,23,26,25,186,27,92,48,14,31,36,33,170,51,36,33,7,53,89,9,42,47,44,109,46,175,48,49,52,179,61,61,50,183,58,61,58,43,60,125,62,63,80,68,66,67,68,77,78,71,200,73,89,75,200,75,70,111,80,85,18,115,85,85,86,77,88,89,10,27,60,93,94,91,116,225,66,35]
CFO=-1628.5938630880328,STO=4
EsN0dB=4.19,GRXdB=10,N0=0.0063095735386013985
packet_number=1800,correct=False,payload=[73,1,66,2,4,20,3,71,193,25,10,9,13,12,203,7,80,83,18,19,28,53,22,23,17,93,10,122,13,24,30,31,32,33,160,51,36,21,36,119,44,40,170,35,100,45,42,39,80,49,34,51,54,119,54,55,242,24,50,59,62,190,62,94,64,8,230,67,100,69,214,9,64,73,26,15,76,73,78,79,80,81,66,83,84,87,70,87,121,81,88,123,92,157,90,92,96,115,114,123]
CFO=-849.4895405323437,STO=4
EsN0dB=4.30,GRXdB=10,N0=0.0063095735386013985
packet_number=1801,correct=False,payload=[32,1,34,131,133,5,6,22,12,9,42,11,13,13,14,207,0,49,18,23,20,21,70,21,24,89,26,27,28,25,30,29,96,3,39,33,44,45,6,39,104,57,42,41,44,12,44,63,48,33,54,55,36,53,55,55,10,31,58,59,140,63,30,63,64,64,66,67,68,71,198,70,73,75,206,75,84,76,78,78,82,89,90,91,84,213,94,86,88,89,122,89,92,213,92,95,96,105,34,115]
CFO=-1824.302380163843,STO=3
EsN0dB=4.22,GRXdB=10,N0=0.0063095735386013985
packet_number=1802,correct=False,payload=[129,35,2,3,68,1,6,21,200,1,10,195,14,9,42,7,16,17,146,3,149,21,6,6,88,25,78,19,28,29,30,31,36,9,162,179,38,37,39,33,169,35,170,11,40,41,6,55,48,51,51,50,52,61,50,54,56,57,63,187,184,61,191,63,64,65,66,67,4,68,70,79,80,8,88,195,76,77,70,71,16,85,66,83,84,85,80,17,24,89,187,121,28,124,94,223,96,161,98,99]
CFO=-8.917788946789468,STO=5
EsN0dB=4.12,GRXdB=10,N0=0.0063095735386013985
packet_number=1803,correct=False,payload=[160,35,0,3,16,37,6,5,24,13,10,5,12,13,14,78,16,16,19,146,116,53,22,23,72,25,10,31,56,173,30,29,40,33,38,33,36,101,166,38,8,171,58,41,44,41,46,45,48,49,50,55,4,53,54,53,56,17,26,56,61,61,62,57,193,81,114,67,4,69,78,71,40,9,42,75,108,73,78,79,64,21,86,115,213,85,82,80,88,93,90,89,92,93,90,95,104,65,120,227]
CFO=-1709.8617305625678,STO=4
EsN0dB=4.42,GRXdB=10,N0=0.0063095735386013985
packet_number=1804,correct=False,payload=[129,131,2,163,4,5,6,131,8,11,27,43,76,15,14,14,16,89,18,19,84,19,30,150,12,29,58,13,21,29,30,30,96,33,35,35,52,37,6,234,232,41,42,43,62,13,46,47,48,1,50,127,128,53,22,55,152,60,58,59,62,61,190,119,64,65,66,10,76,69,38,71,73,201,74,107,93,45,78,15,112,17,144,67,118,69,82,70,88,121,92,91,92,91,87,93,97,97,98,35]
CFO=-312.41300086097453,STO=5
EsN0dB=4.32,GRXdB=10,N0=0.0063095735386013985
packet_number=1805,correct=False,payload=[16,5,10,3,0,69,22,5,40,137,10,11,30,77,134,15,17,17,18,82,16,13,22,23,56,46,90,11,28,13,30,50,32,33,162,39,36,5,38,39,40,41,58,43,56,109,46,111,32,48,50,51,4,63,118,59,184,185,59,19,124,61,62,63,64,67,66,99,196,69,14,69,72,73,74,75,76,13,78,79,68,83,83,115,84,68,70,223,88,121,90,79,84,85,118,127,96,97,34,19]
CFO=-914.3833931380137,STO=6
EsN0dB=4.43,GRXdB=10,N0=0.0063095735386013985
packet_number=1806,correct=False,payload=[8,1,143,153,28,13,86,7,46,137,234,15,12,1,31,13,6,24,18,49,156,21,30,23,24,73,190,90,12,17,30,30,38,33,98,39,36,41,38,39,40,43,44,51,28,62,174,47,53,59,48,49,22,55,54,51,56,89,62,123,60,177,62,63,192,97,99,3,70,69,70,71,72,73,74,107,64,77,206,205,80,147,82,211,88,93,70,81,24,89,90,75,92,93,94,70,96,96,34,35]
CFO=-1649.4909217174254,STO=7
EsN0dB=4.05,GRXdB=10,N0=0.0063095735386013985
packet_number=1807,correct=False,payload=[1,1,2,3,16,21,6,7,10,9,26,11,140,5,14,15,176,19,19,16,20,101,30,30,25,27,24,25,156,25,30,31,34,225,98,39,104,37,6,231,105,40,42,171,45,47,38,46,48,48,210,19,52,53,52,183,48,57,42,51,220,61,62,251,64,65,98,67,6,5,66,71,66,73,90,203,76,93,206,79,64,92,48,83,118,71,126,89,91,25,122,251,92,221,94,78,96,97,106,243]
CFO=-894.424833331296,STO=4
EsN0dB=4.38,GRXdB=10,N0=0.0063095735386013985
packet_number=1808,correct=False,payload=[157,32,4,24,36,16,20,24,29,9,52,0,40,48,52,16,112,88,72,200,76,89,84,64,92,98,116,88,116,16,244,120,124,128,132,9,140,144,148,218,92,160,164,160,172,176,244,152,236,208,236,194,205,80,208,216,220,224,231,104,238,240,100,248,249,33,5,8,29,209,29,217,29,33,165,32,173,115,54,57,21,225,69,73,5,113,85,89,213,228,69,105,109,101,117,105,111,193,133,137]
CFO=-739.5134156229257,STO=4
EsN0dB=3.97,GRXdB=10,N0=0.0063095735386013985
packet_number=1809,correct=False,payload=[130,1,146,19,12,7,6,7,8,72,10,15,12,141,78,105,16,19,144,19,52,87,54,55,216,49,18,27,92,29,14,31,32,33,234,3,36,37,38,167,45,9,42,11,44,45,42,45,112,57,50,55,53,61,50,21,40,83,62,62,60,61,46,127,64,97,66,67,68,101,197,103,217,73,74,91,76,77,110,111,17,81,82,83,212,22,90,23,120,81,90,31,92,93,126,94,104,1,114,3]
CFO=-914.182697041308,STO=4
EsN0dB=4.33,GRXdB=10,N0=0.0063095735386013985
packet_number=1810,correct=False,payload=[0,1,42,51,4,5,7,71,136,9,72,11,8,15,14,14,16,17,18,178,148,20,30,23,29,25,58,91,116,61,222,31,32,34,42,115,102,100,46,43,129,13,34,59,45,46,39,39,112,57,50,115,182,49,214,183,120,155,58,51,60,61,62,191,64,73,100,75,69,69,70,39,72,83,106,75,104,77,70,95,112,113,82,91,84,80,70,87,88,73,90,75,108,126,90,223,96,113,226,242]
CFO=-936.5471791251954,STO=2
EsN0dB=4.35,GRXdB=10,N0=0.0063095735386013985
packet_number=1811,correct=False,payload=[0,1,74,3,132,21,46,5,8,9,9,3,12,41,30,1,16,17,18,19,16,85,22,29,25,9,24,27,84,7,10,143,32,33,0,35,38,69,166,34,40,41,8,107,44,45,46,102,32,32,34,35,116,21,54,51,62,61,56,63,236,53,182,137,100,65,198,219,228,68,66,79,72,73,14,75,77,109,78,94,82,18,80,83,100,125,84,82,124,25,122,73,28,85,94,31,224,99,98,102]
CFO=-1576.4271075053296,STO=5
EsN0dB=4.45,GRXdB=10,N0=0.0063095735386013985
packet_number=1812,correct=False,payload=[0,0,130,135,64,140,4,139,9,9,10,5,78,9,13,79,17,67,2,19,84,69,214,22,152,11,27,25,29,153,138,23,32,46,98,43,36,37,50,39,40,43,40,43,45,13,14,45,48,49,48,49,52,51,54,189,56,169,187,59,56,117,31,63,64,65,98,99,68,64,70,87,72,73,74,203,72,205,106,79,80,80,82,23,84,85,78,215,90,89,26,210,68,93,82,123,96,34,98,99]
CFO=-887.1372230723366,STO=4
EsN0dB=3.95,GRXdB=10,N0=0.0063095735386013985
packet_number=1813,correct=False,payload=[0,32,18,73,4,4,70,3,24,9,10,138,14,13,46,10,18,1,18,19,28,85,23,27,8,25,26,153,24,93,30,31,36,81,32,163,32,52,166,7,56,57,42,11,44,45,42,47,52,33,50,183,52,53,150,54,56,121,58,251,188,45,62,159,96,65,82,66,68,69,78,71,168,41,104,9,206,101,78,79,112,229,80,83,20,84,84,117,88,89,62,223,124,25,118,223,64,225,98,99]
CFO=-1.4249940494167705,STO=6
EsN0dB=4.50,GRXdB=10,N0=0.0063095735386013985
packet_number=1814,correct=False,payload=[64,65,18,147,132,5,6,7,10,11,27,11,13,13,12,13,128,17,18,17,22,23,22,23,24,121,26,27,29,28,62,87,0,1,98,35,36,37,165,52,44,41,42,42,44,5,2,43,24,51,48,51,54,165,118,54,56,25,63,51,60,61,62,63,66,85,66,195,100,7,66,77,75,73,72,99,77,77,76,107,80,81,82,67,84,117,85,87,88,89,88,91,92,89,94,71,96,81,194,97]
CFO=-931.3654845704868,STO=6
EsN0dB=4.36,GRXdB=10,N0=0.0063095735386013985
packet_number=1815,correct=False,payload=[0,65,2,7,12,5,134,39,9,137,11,15,76,45,15,13,24,25,18,19,22,21,182,23,8,153,138,27,28,157,30,31,32,34,42,179,96,5,38,35,105,43,142,41,44,45,47,15,48,49,50,186,50,49,54,55,52,41,56,187,60,61,127,63,96,65,226,1,66,69,6,71,64,211,10,75,204,77,206,79,80,81,82,83,84,57,86,85,88,88,90,73,92,92,94,94,64,225,70,71]
CFO=-809.2896083985873,STO=3
EsN0dB=4.58,GRXdB=10,N0=0.0063095735386013985
packet_number=1816,correct=False,payload=[80,131,2,51,2,65,2,135,136,13,138,139,14,13,6,15,144,1,18,19,20,20,54,19,72,249,78,121,12,7,28,63,32,73,34,35,164,65,39,55,58,169,47,187,46,45,7,15,48,17,54,59,164,21,23,53,48,57,122,59,188,62,190,55,68,97,64,99,68,64,78,67,8,201,42,73,198,77,142,79,82,209,82,118,23,213,116,86,120,75,242,91,92,77,118,223,96,105,98,114]
CFO=-307.9634764977632,STO=5
EsN0dB=4.27,GRXdB=10,N0=0.0063095735386013985
packet_number=1817,correct=False,payload=[2,35,2,18,36,7,6,8,8,137,10,11,44,13,6,175,25,149,2,19,214,85,6,23,152,24,26,91,20,25,158,95,2,33,34,163,36,37,54,39,9,41,42,235,45,45,38,107,48,49,179,48,176,52,54,55,56,57,234,59,127,62,62,55,64,105,78,67,4,69,86,71,74,73,74,75,72,207,15,79,65,81,82,27,84,84,86,95,84,25,88,91,92,92,30,95,96,101,114,99]
CFO=-1350.5650839390094,STO=4
EsN0dB=4.17,GRXdB=10,N0=0.0063095735386013985
packet_number=1818,correct=False,payload=[64,13,2,3,69,165,22,7,24,8,58,11,12,205,14,73,16,9,82,17,20,53,7,23,24,57,26,19,92,25,140,31,36,101,32,35,36,33,166,55,32,61,46,43,104,45,44,175,114,179,50,57,60,53,22,55,60,249,26,59,252,29,46,159,72,65,2,86,64,69,70,199,72,73,98,123,76,79,78,15,64,81,90,83,86,85,84,21,88,125,90,91,88,73,222,79,124,96,98,99]
CFO=-880.1725052632027,STO=5
EsN0dB=4.28,GRXdB=10,N0=0.0063095735386013985
packet_number=1819,correct=False,payload=[0,139,2,3,4,5,22,3,8,57,10,203,12,13,12,14,176,209,91,19,20,149,22,87,25,25,90,91,20,29,26,159,32,32,55,35,39,37,100,55,48,41,72,3,44,175,46,15,50,177,50,49,52,39,62,37,56,49,19,47,172,29,54,63,64,225,66,65,69,69,142,71,72,77,91,75,76,13,78,71,80,113,82,87,69,121,86,71,136,89,123,95,88,125,95,31,16,33,98,227]
CFO=-575.4916402106855,STO=3
EsN0dB=4.52,GRXdB=10,N0=0.0063095735386013985
packet_number=1820,correct=False,payload=[243,45,192,0,64,144,224,33,64,129,192,3,70,130,195,18,195,131,198,4,68,132,229,5,70,133,198,15,70,167,71,5,71,151,136,0,89,233,67,13,73,139,219,10,74,202,201,67,8,137,212,12,79,141,205,141,78,189,198,14,102,158,230,79,77,207,80,16,80,146,213,17,81,145,195,2,82,144,211,24,80,147,134,16,214,212,213,21,5,1,214,22,82,20,215,151,103,189,90,152]
CFO=-1354.533471278656,STO=5
EsN0dB=3.87,GRXdB=10,N0=0.0063095735386013985
packet_number=1821,correct=False,payload=[66,1,2,27,32,5,12,7,40,9,72,11,8,205,14,31,16,49,18,17,20,81,22,7,18,49,152,27,54,29,30,29,32,233,162,115,52,33,86,55,41,35,142,171,40,44,47,47,56,49,54,51,4,53,22,55,124,41,58,123,124,13,62,55,72,65,66,115,68,101,66,79,104,89,202,67,92,77,78,79,80,85,80,64,84,70,90,63,88,89,24,155,93,93,94,23,96,105,66,49]
CFO=-1211.6409334957195,STO=4
EsN0dB=4.35,GRXdB=10,N0=0.0063095735386013985
packet_number=1822,correct=False,payload=[0,64,10,71,29,149,22,7,8,9,10,11,12,108,14,7,16,17,50,87,52,61,2,31,56,27,138,11,156,13,30,63,32,1,35,171,36,23,39,39,184,160,42,11,20,41,110,46,48,21,42,51,49,53,52,39,16,57,58,59,60,61,190,63,8,82,66,99,5,69,70,71,72,77,74,75,206,125,78,77,80,81,90,115,84,81,214,87,216,89,214,89,90,109,94,95,33,97,99,99]
CFO=-552.0514626223576,STO=5
EsN0dB=4.29,GRXdB=10,N0=0.0063095735386013985
packet_number=1823,correct=False,payload=[193,1,18,41,8,5,86,15,44,25,63,11,12,13,14,21,144,177,2,83,20,20,20,55,24,9,26,154,24,93,22,63,32,1,32,35,125,37,37,39,56,105,11,59,44,41,46,47,48,49,38,83,60,52,54,49,56,58,58,59,60,61,52,63,84,1,86,67,68,69,70,87,201,91,74,107,108,205,76,78,100,68,83,115,212,21,86,151,88,89,195,115,12,92,82,159,100,97,99,231]
CFO=-992.0897201312756,STO=5
EsN0dB=4.22,GRXdB=10,N0=0.0063095735386013985
packet_number=1824,correct=False,payload=[164,1,3,11,4,1,38,6,8,72,74,17,13,141,14,71,20,145,54,19,52,182,214,23,8,147,26,27,30,17,30,79,32,160,34,35,45,101,38,39,40,41,170,43,12,45,44,15,177,113,50,179,52,21,62,183,60,61,186,58,60,40,62,127,64,97,67,99,68,69,70,67,76,73,74,139,12,77,94,74,80,81,82,51,20,69,86,87,72,89,91,75,220,93,94,221,204,99,100,99]
CFO=-912.124153916457,STO=5
EsN0dB=4.20,GRXdB=10,N0=0.0063095735386013985
packet_number=1825,correct=False,payload=[32,1,6,163,4,23,6,7,12,9,8,42,12,220,14,14,24,107,50,87,20,21,54,22,24,24,154,31,28,28,158,159,224,97,34,43,36,37,38,103,40,33,170,59,60,47,45,47,48,61,48,17,182,61,78,155,56,57,32,57,124,63,62,61,65,67,66,195,76,196,70,103,72,73,74,67,76,77,77,79,80,209,82,81,212,81,54,215,90,121,88,91,220,125,94,95,96,55,106,35]
CFO=-1387.4642322926186,STO=4
EsN0dB=4.15,GRXdB=10,N0=0.0063095735386013985
packet_number=1826,correct=False,payload=[12,9,2,1,4,13,10,39,8,73,26,9,29,13,46,45,17,81,59,59,20,181,150,23,24,88,26,17,28,25,94,151,160,49,34,100,36,37,174,37,104,45,34,107,44,45,175,175,48,48,50,179,48,37,54,87,56,43,58,59,188,125,62,63,64,113,197,74,68,77,70,99,93,73,74,75,14,93,86,79,32,83,16,83,84,21,86,87,88,121,219,89,88,61,94,95,65,97,98,99]
CFO=-1191.2978790990057,STO=0
EsN0dB=4.42,GRXdB=10,N0=0.0063095735386013985
packet_number=1827,correct=False,payload=[33,17,10,201,36,69,14,15,10,24,10,11,14,9,142,15,22,17,50,23,28,21,19,23,24,153,26,25,28,29,30,31,32,33,2,3,37,164,36,39,0,41,34,46,44,45,46,7,50,57,50,35,52,53,54,119,24,185,58,11,61,61,30,127,64,65,91,83,64,77,70,71,64,89,8,26,76,13,202,70,80,115,86,83,85,85,82,87,88,89,74,91,92,61,126,95,96,193,194,193]
CFO=-902.6928603273676,STO=5
EsN0dB=4.07,GRXdB=10,N0=0.0063095735386013985
packet_number=1828,correct=False,payload=[128,209,2,11,5,39,38,7,152,25,10,67,10,45,47,143,16,5,50,27,20,21,30,19,25,25,26,27,28,93,142,31,40,33,38,43,180,37,6,37,168,57,42,59,60,45,166,111,179,17,50,51,116,181,60,53,44,59,58,19,180,109,127,63,64,1,66,67,196,69,70,55,104,77,74,203,77,77,77,203,112,85,66,123,92,93,214,31,89,9,67,91,92,93,94,127,96,225,98,131]
CFO=-1691.620263712037,STO=4
EsN0dB=4.32,GRXdB=10,N0=0.0063095735386013985
packet_number=1829,correct=False,payload=[0,1,3,163,4,13,6,7,9,9,10,11,0,77,14,11,16,17,22,93,52,151,82,27,25,89,82,31,30,29,28,31,48,33,34,35,60,101,180,38,40,9,75,43,45,45,10,47,48,241,16,51,48,53,18,55,58,57,58,126,188,249,254,59,112,81,66,75,193,133,70,67,76,72,74,75,12,79,76,79,64,81,80,83,84,117,86,87,216,89,82,91,92,93,94,93,96,65,98,99]
CFO=-1664.0458651112456,STO=4
EsN0dB=4.23,GRXdB=10,N0=0.0063095735386013985
packet_number=1830,correct=False,payload=[1,1,98,83,37,165,2,39,24,8,74,139,76,76,0,11,144,21,218,19,116,141,55,52,56,25,26,1,156,29,90,31,32,35,42,33,4,5,14,103,40,40,138,107,42,39,44,46,57,25,50,51,60,53,22,118,52,57,60,59,61,125,158,63,64,1,82,83,68,69,86,85,64,88,90,11,78,253,206,95,88,65,94,71,84,84,66,213,16,77,122,31,92,121,94,207,224,65,50,99]
CFO=-1300.1152434429835,STO=4
EsN0dB=4.41,GRXdB=10,N0=0.0063095735386013985
packet_number=1831,correct=False,payload=[4,17,139,17,6,5,6,5,8,9,18,11,28,13,38,11,144,145,18,51,20,20,150,83,26,217,26,19,60,95,62,159,160,33,2,35,37,132,38,39,104,45,43,41,172,37,106,47,48,177,19,51,52,53,54,23,53,57,190,123,20,61,62,189,192,83,130,65,84,65,70,71,72,73,152,75,76,77,78,207,81,73,82,91,212,81,82,54,217,89,94,122,88,93,14,95,36,105,34,98]
CFO=-1307.9324898118014,STO=4
EsN0dB=4.13,GRXdB=10,N0=0.0063095735386013985
packet_number=1832,correct=False,payload=[0,1,2,99,5,3,86,21,136,136,14,11,77,21,74,27,0,49,162,51,20,5,22,23,58,11,138,26,60,61,22,31,18,97,34,33,37,37,167,103,4,41,42,43,236,61,46,79,48,112,50,179,52,53,178,55,56,57,122,83,60,29,126,63,96,65,70,91,68,197,102,67,8,72,78,75,65,79,174,75,80,83,90,91,84,81,23,223,90,57,26,91,88,125,94,93,98,101,115,107]
CFO=-252.305557469766,STO=4
EsN0dB=4.47,GRXdB=10,N0=0.0063095735386013985
packet_number=1833,correct=False,payload=[13,97,34,3,68,5,4,71,8,9,10,11,12,29,14,143,16,131,80,147,84,21,16,23,92,25,58,27,28,77,14,46,32,160,98,163,96,53,174,39,56,44,10,42,40,61,108,47,32,49,50,243,52,53,50,55,58,61,170,59,60,57,59,61,65,67,66,67,65,7,150,71,72,73,78,75,68,12,126,79,80,85,82,81,118,85,118,23,88,24,90,25,222,93,94,223,96,1,98,97]
CFO=-1390.9571151431724,STO=4
EsN0dB=4.46,GRXdB=10,N0=0.0063095735386013985
packet_number=1834,correct=False,payload=[28,5,150,3,1,7,32,7,136,104,75,11,24,13,14,15,16,1,82,19,84,29,22,27,8,57,26,11,30,16,31,93,32,33,34,33,36,35,38,37,40,105,42,11,204,173,6,47,116,49,2,51,21,181,54,55,60,18,60,59,52,45,62,49,212,65,67,99,68,149,214,71,76,73,88,75,76,77,78,111,216,81,82,114,84,85,70,87,88,25,26,89,28,92,12,95,112,97,96,99]
CFO=-1317.941207119005,STO=4
EsN0dB=4.34,GRXdB=10,N0=0.0063095735386013985
packet_number=1835,correct=False,payload=[1,33,130,5,4,129,4,7,8,9,138,3,28,141,14,15,146,17,19,25,20,21,22,23,152,25,26,27,92,93,158,95,52,33,38,161,36,53,38,39,24,33,42,42,44,169,46,109,56,177,34,35,52,181,118,119,56,73,54,59,60,60,191,127,72,64,66,67,98,69,70,87,72,201,74,15,76,77,14,79,80,83,82,91,86,213,114,65,72,73,94,91,52,100,30,159,0,9,98,195]
CFO=-1128.9261568501342,STO=4
EsN0dB=4.53,GRXdB=10,N0=0.0063095735386013985
packet_number=1836,correct=False,payload=[0,1,2,139,4,6,47,23,8,8,142,11,13,9,76,15,18,17,18,11,20,37,86,19,24,155,26,91,91,29,29,63,2,49,34,35,164,37,34,43,40,41,110,58,45,15,46,39,189,177,50,51,52,53,50,55,32,59,58,57,62,29,56,63,98,65,66,65,76,69,86,71,76,91,74,91,76,13,78,111,80,87,86,19,84,85,94,87,25,121,90,91,18,213,94,95,132,97,98,33]
CFO=-1228.4977455035726,STO=5
EsN0dB=4.32,GRXdB=10,N0=0.0063095735386013985
packet_number=1837,correct=False,payload=[32,1,2,3,20,5,4,7,136,43,10,11,232,141,30,39,16,144,90,19,22,29,4,7,26,25,122,19,60,124,30,31,33,33,34,39,36,125,4,39,40,41,62,43,172,46,60,43,160,33,48,179,53,55,54,247,57,56,62,239,62,53,58,55,64,73,67,67,68,133,70,77,72,73,74,79,74,13,94,15,22,147,114,82,92,85,22,87,24,217,186,91,220,124,94,79,96,225,99,67]
CFO=-1305.0812415723403,STO=6
EsN0dB=4.37,GRXdB=10,N0=0.0063095735386013985
packet_number=1838,correct=False,payload=[36,1,2,147,36,5,6,47,136,9,74,41,12,137,22,15,16,17,18,19,152,21,86,23,24,27,154,27,28,29,22,31,32,97,32,51,45,37,38,39,40,41,42,171,44,60,54,43,80,33,184,51,52,21,182,55,122,57,34,107,60,60,30,47,64,65,66,71,68,71,69,71,104,9,66,67,29,236,78,239,82,81,86,91,92,214,86,85,90,89,90,106,92,92,214,86,224,97,226,107]
CFO=-1098.8088171599168,STO=4
EsN0dB=4.12,GRXdB=10,N0=0.0063095735386013985
packet_number=1839,correct=False,payload=[20,1,66,3,0,5,134,71,8,73,138,9,44,8,14,13,48,53,26,17,16,17,64,23,24,31,30,27,13,29,158,30,160,37,99,35,36,61,38,39,45,40,42,171,42,174,43,174,177,149,50,49,52,53,60,54,56,189,26,43,63,125,60,31,192,97,66,97,76,97,4,215,72,73,139,75,78,77,206,207,84,197,114,87,84,93,222,215,88,120,90,83,76,93,126,95,104,113,96,3]
CFO=-1041.9902995815464,STO=4
EsN0dB=4.35,GRXdB=10,N0=0.0063095735386013985
packet_number=1840,correct=False,payload=[0,3,16,3,4,1,6,5,40,1,202,27,140,13,10,13,144,17,2,147,148,21,22,23,24,77,26,203,28,21,20,63,32,50,32,34,38,33,38,39,104,108,106,42,44,45,46,47,48,49,42,115,54,53,126,55,48,49,58,63,60,63,62,51,80,65,66,67,68,69,78,71,89,73,202,75,68,93,78,111,80,89,82,87,84,69,86,215,80,24,74,91,92,93,70,223,224,117,98,99]
CFO=-754.8943257296578,STO=3
EsN0dB=4.57,GRXdB=10,N0=0.0063095735386013985
packet_number=1841,correct=False,payload=[0,0,42,18,140,5,70,5,136,1,34,11,12,77,14,15,20,17,51,19,53,53,182,15,84,25,28,159,20,109,62,31,36,33,34,43,33,5,38,38,73,105,138,35,46,63,60,47,48,49,178,51,54,49,87,15,56,57,10,59,44,61,56,95,72,65,203,203,52,69,66,71,73,73,90,65,12,76,78,111,82,81,82,81,84,85,213,87,89,89,88,99,220,93,78,92,96,113,34,99]
CFO=-783.9005738830172,STO=4
EsN0dB=4.19,GRXdB=10,N0=0.0063095735386013985
packet_number=1842,correct=False,payload=[0,9,2,3,0,4,87,103,8,75,14,11,12,139,78,7,16,145,214,2,20,53,31,87,25,81,154,59,157,28,30,63,96,49,54,35,116,37,38,39,40,41,34,41,44,100,46,37,56,35,121,51,116,117,38,53,56,41,58,123,60,61,190,119,64,76,98,83,101,69,70,135,70,201,120,75,206,101,86,11,80,81,219,83,84,21,70,119,94,89,210,94,92,87,94,71,105,97,34,99]
CFO=-2001.0075559895163,STO=4
EsN0dB=4.35,GRXdB=10,N0=0.0063095735386013985
packet_number=1843,correct=False,payload=[24,132,4,8,156,2,18,208,28,40,37,40,44,184,52,42,184,64,5,72,76,212,212,88,252,96,109,104,101,240,116,121,60,128,196,232,12,144,20,146,154,160,164,196,173,164,160,56,172,192,198,200,206,208,148,216,154,240,252,232,204,240,244,248,249,33,4,9,29,17,21,25,13,33,37,41,45,49,61,189,61,65,68,71,79,193,80,89,29,97,101,193,105,113,117,124,125,129,135,153]
CFO=-510.7716846956027,STO=5
EsN0dB=4.27,GRXdB=10,N0=0.0063095735386013985
packet_number=1844,correct=False,payload=[4,35,36,3,7,4,6,70,8,137,8,15,12,15,14,14,8,19,82,147,132,21,22,146,16,8,58,9,28,93,46,29,108,97,50,163,32,53,38,14,186,57,58,170,45,44,54,175,112,49,50,51,52,53,54,55,56,185,58,43,60,61,62,63,64,67,66,67,68,197,66,195,72,73,110,75,76,93,78,73,216,81,82,71,28,85,94,31,16,73,90,91,93,93,90,95,96,96,118,99]
CFO=-1105.5088058488761,STO=5
EsN0dB=4.06,GRXdB=10,N0=0.0063095735386013985
packet_number=1845,correct=False,payload=[0,1,66,7,36,71,4,7,8,9,10,171,12,12,10,207,16,17,26,147,52,21,50,155,28,29,26,218,28,31,158,31,64,35,35,33,4,1,38,167,40,33,42,43,46,45,62,46,48,113,58,51,112,117,38,63,56,127,120,63,124,60,190,63,0,81,66,1,76,69,98,71,72,9,122,235,108,77,207,68,240,81,66,82,84,85,71,71,88,24,83,121,92,13,158,79,100,97,114,99]
CFO=-1455.146308041502,STO=5
EsN0dB=4.11,GRXdB=10,N0=0.0063095735386013985
packet_number=1846,correct=False,payload=[132,1,146,99,68,69,23,7,72,57,10,11,12,73,70,11,2,145,84,150,20,21,182,54,17,153,18,27,38,21,218,159,33,35,162,79,36,39,38,39,40,43,42,35,44,45,172,39,190,48,34,51,54,21,62,183,56,57,58,43,60,57,63,63,176,193,34,65,70,81,70,87,104,81,78,201,72,77,206,79,16,19,82,82,84,85,214,119,133,29,91,83,84,220,75,95,32,225,98,99]
CFO=-1075.5996920646057,STO=4
EsN0dB=4.55,GRXdB=10,N0=0.0063095735386013985
packet_number=1847,correct=False,payload=[32,1,86,35,20,39,21,5,40,25,10,13,12,13,14,15,2,17,18,18,16,29,22,23,88,24,26,27,24,17,30,159,42,227,34,39,4,150,38,39,56,32,42,171,44,173,15,45,48,48,48,49,86,117,188,55,26,57,42,59,108,173,62,95,64,65,66,102,68,199,100,69,104,73,126,75,68,77,74,207,80,17,84,81,68,117,150,85,90,89,123,27,116,89,94,93,42,224,102,97]
CFO=-1273.9766075239716,STO=3
EsN0dB=4.19,GRXdB=10,N0=0.0063095735386013985
packet_number=1848,correct=False,payload=[3,80,2,2,4,197,4,12,128,9,10,11,62,14,54,95,16,81,114,147,4,29,22,23,24,155,30,157,28,30,30,31,40,33,162,35,164,37,34,167,46,41,6,41,172,41,174,47,48,53,50,50,52,49,54,87,58,57,122,59,44,61,60,61,97,117,67,67,65,71,70,103,72,89,72,137,12,69,110,93,68,81,88,83,29,85,86,86,220,72,90,91,92,85,94,95,112,101,34,99]
CFO=-1082.0669088552886,STO=4
EsN0dB=4.55,GRXdB=10,N0=0.0063095735386013985
packet_number=1849,correct=False,payload=[0,35,18,3,0,5,6,7,128,201,42,11,60,133,14,11,16,17,18,83,28,21,22,22,92,145,18,27,92,31,31,27,48,41,34,35,60,37,38,103,104,61,58,59,44,45,102,47,113,49,34,178,60,55,54,55,40,187,122,155,44,61,30,159,168,65,2,99,80,68,6,7,100,199,90,72,45,73,76,79,80,81,210,91,84,31,22,23,92,89,90,26,93,93,94,31,98,226,98,98]
CFO=-1455.2901451849607,STO=4
EsN0dB=3.95,GRXdB=10,N0=0.0063095735386013985
packet_number=1850,correct=False,payload=[64,1,0,15,132,4,36,7,8,8,134,11,12,28,142,143,16,21,18,51,22,23,22,23,24,9,137,155,12,25,30,175,35,33,39,35,37,101,35,7,121,45,112,42,45,77,174,34,60,49,48,114,52,21,50,183,24,56,58,59,60,189,190,63,128,193,66,195,68,86,7,67,66,8,74,11,76,77,74,76,80,89,18,83,86,85,70,119,72,77,80,83,94,95,94,87,33,225,98,98]
CFO=-1531.1903851773814,STO=5
EsN0dB=4.46,GRXdB=10,N0=0.0063095735386013985
packet_number=1851,correct=False,payload=[0,1,194,27,68,133,6,37,12,13,4,71,76,141,12,79,0,17,18,17,20,23,20,151,88,29,30,27,60,31,30,55,160,49,6,35,36,53,36,167,42,56,60,139,40,45,236,47,32,67,50,19,52,177,182,55,42,33,50,122,52,119,14,61,196,65,68,11,70,69,66,15,10,73,74,195,36,77,78,111,20,89,82,83,84,85,82,85,80,25,90,91,92,13,94,95,96,97,34,163]
CFO=-1112.4401434800352,STO=3
EsN0dB=4.27,GRXdB=10,N0=0.0063095735386013985
packet_number=1852,correct=False,payload=[2,1,2,67,4,21,6,71,72,73,27,11,13,77,9,15,23,177,82,91,20,21,54,19,16,153,18,19,92,29,31,21,160,33,96,51,180,53,38,45,42,41,170,43,40,41,71,47,162,113,34,59,54,53,46,55,40,25,58,62,54,63,62,175,198,69,68,71,230,69,70,67,200,75,202,67,76,77,14,111,16,89,82,91,86,87,22,82,88,73,90,91,92,117,90,95,96,96,106,99]
CFO=-588.6290229025453,STO=6
EsN0dB=4.54,GRXdB=10,N0=0.0063095735386013985
packet_number=1853,correct=False,payload=[128,65,0,135,0,7,22,69,56,41,66,15,12,13,14,15,16,16,18,3,86,181,20,3,28,25,26,11,156,29,30,23,33,41,3,167,36,37,46,103,45,41,58,11,44,45,110,47,17,161,26,55,53,116,54,46,17,59,58,41,44,185,63,187,1,65,66,195,68,69,69,71,106,73,74,75,68,236,74,70,208,209,66,219,100,85,71,87,88,25,88,121,116,221,94,71,96,97,34,35]
CFO=-1168.1284781941802,STO=5
EsN0dB=3.97,GRXdB=10,N0=0.0063095735386013985
packet_number=1854,correct=False,payload=[128,1,146,1,4,5,6,7,0,137,14,7,156,141,76,15,80,17,18,19,29,85,86,23,24,25,58,27,28,29,28,27,32,53,50,35,68,37,38,39,40,43,42,43,37,189,46,171,48,49,50,47,48,53,46,55,52,41,58,186,60,189,158,55,64,65,66,3,92,45,86,71,72,233,10,75,64,77,94,79,16,85,82,211,84,21,86,87,73,90,89,75,92,95,95,95,105,105,98,107]
CFO=-1079.7231816166548,STO=4
EsN0dB=4.49,GRXdB=10,N0=0.0063095735386013985
packet_number=1855,correct=False,payload=[16,61,2,11,12,133,6,20,8,8,10,138,44,9,46,13,23,17,18,23,20,23,22,18,24,25,26,11,28,29,30,45,40,33,179,35,36,229,38,37,40,47,110,43,108,45,46,30,52,57,51,49,244,61,164,55,120,57,50,57,52,61,255,63,66,1,2,103,68,213,78,70,72,104,74,11,238,205,14,95,216,81,82,19,76,68,86,215,88,25,88,99,156,77,94,255,80,33,34,99]
CFO=-1094.2751605186477,STO=5
EsN0dB=4.40,GRXdB=10,N0=0.0063095735386013985
packet_number=1856,correct=False,payload=[6,3,6,3,5,5,6,7,72,136,28,11,0,12,72,13,17,16,2,179,20,69,55,36,88,27,24,27,92,29,60,157,33,49,42,35,37,33,102,158,40,40,41,171,44,109,110,45,48,51,182,123,52,52,182,55,49,183,46,187,60,247,62,62,1,68,194,71,108,65,70,71,72,73,202,9,76,233,204,79,96,81,66,67,4,81,86,87,26,25,90,219,93,221,222,63,224,101,99,103]
CFO=-403.3330462106483,STO=6
EsN0dB=4.20,GRXdB=10,N0=0.0063095735386013985
packet_number=1857,correct=False,payload=[80,129,34,3,5,39,6,20,8,9,26,43,44,15,6,12,17,57,16,19,20,17,16,95,25,89,18,25,77,189,22,23,40,65,6,39,36,101,6,47,48,45,172,171,36,45,46,111,48,32,50,19,116,117,54,50,32,161,50,51,38,61,62,63,64,81,75,65,68,69,70,71,216,9,90,73,76,93,79,91,80,50,112,19,84,85,70,87,90,69,74,91,150,77,30,31,53,97,110,39]
CFO=-1624.718323632416,STO=0
EsN0dB=4.43,GRXdB=10,N0=0.0063095735386013985
packet_number=1858,correct=False,payload=[0,67,70,131,118,61,7,135,8,9,10,11,12,13,142,71,16,17,18,129,20,5,20,23,20,155,90,147,12,189,28,151,34,17,26,11,37,37,38,39,40,201,43,27,44,76,47,15,54,181,50,35,52,53,52,55,24,57,26,59,124,61,62,61,192,73,19,66,68,81,70,71,76,81,90,67,30,68,14,207,208,81,118,211,116,87,22,5,92,65,82,83,116,77,70,77,104,105,98,97]
CFO=-1026.0788047275707,STO=4
EsN0dB=4.31,GRXdB=10,N0=0.0063095735386013985
packet_number=1859,correct=False,payload=[32,7,2,3,20,77,142,11,0,9,2,138,92,156,78,15,16,17,26,23,20,21,179,21,56,25,27,26,94,13,22,31,0,97,34,3,36,173,230,55,36,105,14,39,44,61,44,191,48,25,50,55,6,181,54,63,56,61,58,107,60,61,62,127,67,65,70,226,77,199,98,100,200,201,74,75,76,77,78,69,81,81,212,81,84,85,84,7,88,89,18,91,92,93,94,31,100,113,98,99]
CFO=-1295.0290055251126,STO=4
EsN0dB=4.33,GRXdB=10,N0=0.0063095735386013985
packet_number=1860,correct=False,payload=[128,17,2,3,15,5,194,46,26,137,138,11,12,45,14,15,144,153,2,18,20,37,22,22,24,25,26,187,220,29,158,62,32,48,174,163,166,165,38,39,40,33,42,35,62,61,174,41,56,57,34,51,62,55,48,47,34,185,59,59,42,255,62,55,64,69,66,67,100,69,66,70,88,73,14,203,92,101,78,13,80,89,66,79,116,117,74,83,120,217,90,123,92,28,126,151,68,96,98,43]
CFO=-1305.2017185202003,STO=3
EsN0dB=3.97,GRXdB=10,N0=0.0063095735386013985
packet_number=1861,correct=False,payload=[0,7,10,143,4,133,6,67,8,64,137,139,15,15,14,15,16,145,146,82,28,53,19,17,24,25,158,77,28,29,30,31,48,9,50,33,37,37,38,45,78,41,44,187,44,13,166,175,50,57,50,177,60,183,182,119,57,57,56,171,124,57,158,31,195,68,2,195,80,65,102,84,77,73,139,67,204,77,238,71,208,88,82,115,84,85,86,93,88,73,202,89,94,31,30,95,98,33,99,115]
CFO=-1197.621495905576,STO=4
EsN0dB=4.60,GRXdB=10,N0=0.0063095735386013985
packet_number=1862,correct=False,payload=[0,1,2,7,16,53,6,135,8,10,13,9,12,69,31,14,18,113,10,19,4,53,22,23,24,153,26,27,28,33,26,31,32,37,34,35,36,37,38,39,40,41,40,43,32,45,48,175,52,19,50,55,52,53,182,53,56,49,51,123,20,60,62,61,81,67,102,211,96,65,38,71,72,217,74,75,8,235,74,14,80,81,82,219,85,128,87,214,88,93,90,90,124,95,222,79,96,67,98,99]
CFO=-1180.8915641479298,STO=5
EsN0dB=4.25,GRXdB=10,N0=0.0063095735386013985
packet_number=1863,correct=False,payload=[136,17,2,2,68,7,6,135,8,75,80,11,132,45,14,47,16,45,18,19,36,21,22,23,18,25,159,24,153,92,30,95,50,97,32,33,36,101,102,6,52,41,46,13,44,41,58,45,48,65,50,51,48,117,50,150,56,57,186,155,116,188,62,63,65,67,82,67,68,100,70,87,72,77,106,107,77,77,78,79,89,81,82,115,85,85,22,85,88,123,90,95,92,21,94,93,32,97,234,248]
CFO=-1041.4826600010458,STO=4
EsN0dB=4.30,GRXdB=10,N0=0.0063095735386013985
packet_number=1864,correct=False,payload=[128,2,6,33,60,5,70,207,12,1,11,10,77,13,4,7,56,49,18,18,21,17,30,27,24,25,26,27,28,28,94,63,160,33,34,38,36,65,38,55,32,45,106,107,40,45,38,47,48,17,50,51,38,37,36,179,250,121,59,41,21,49,26,59,8,65,34,7,100,69,70,87,72,73,94,111,76,69,76,95,80,67,91,219,92,85,214,81,80,89,251,90,244,109,94,75,96,97,6,103]
CFO=-688.1714409564033,STO=7
EsN0dB=4.37,GRXdB=10,N0=0.0063095735386013985
packet_number=1865,correct=False,payload=[0,137,34,7,36,21,22,7,145,9,136,139,204,13,14,15,112,209,90,17,28,149,82,1,24,57,22,27,94,157,30,31,36,161,18,163,36,165,54,39,40,43,74,11,44,13,178,39,49,59,51,145,52,55,30,119,41,121,62,122,60,61,186,63,88,96,98,3,4,71,86,7,8,73,74,139,68,77,70,239,80,86,82,83,80,85,86,83,88,89,218,123,92,77,94,95,96,121,2,99]
CFO=-1457.9107559602608,STO=4
EsN0dB=4.36,GRXdB=10,N0=0.0063095735386013985
packet_number=1866,correct=False,payload=[8,1,2,35,20,69,6,7,8,9,10,139,4,13,12,70,16,49,18,51,20,153,22,31,10,25,24,23,52,13,14,23,32,33,34,3,132,37,38,39,24,43,234,43,36,45,46,15,49,112,50,51,52,53,62,51,56,185,59,58,56,29,62,31,2,225,66,67,72,21,70,199,64,73,72,203,76,68,70,95,81,21,82,83,220,87,86,87,88,89,94,107,28,93,94,79,32,97,66,111]
CFO=-803.4102503372508,STO=4
EsN0dB=4.60,GRXdB=10,N0=0.0063095735386013985
packet_number=1867,correct=False,payload=[0,1,66,7,4,5,71,129,44,9,8,3,28,45,30,153,16,17,18,27,20,21,22,23,28,28,26,11,28,93,28,31,0,97,178,35,100,5,102,167,40,45,42,43,36,37,46,47,176,49,114,91,52,61,62,54,56,57,40,59,60,61,62,59,72,97,66,67,68,229,70,71,72,73,72,105,76,237,86,79,80,85,82,115,64,209,90,87,80,91,122,211,212,93,28,95,64,33,66,99]
CFO=-1061.6707307650304,STO=6
EsN0dB=4.01,GRXdB=10,N0=0.0063095735386013985
packet_number=1868,correct=False,payload=[0,65,2,2,4,5,166,7,8,107,8,42,61,13,38,15,16,17,18,19,20,20,18,87,152,217,218,27,28,57,30,93,50,41,34,35,133,39,39,39,41,42,170,11,49,37,174,47,48,17,240,55,52,181,182,55,48,187,16,59,61,55,58,55,66,65,98,67,196,69,102,67,72,105,10,203,76,93,78,111,20,80,81,215,84,252,87,83,88,121,74,90,86,255,78,95,104,113,70,99]
CFO=-1176.4011890873387,STO=3
EsN0dB=4.67,GRXdB=10,N0=0.0063095735386013985
packet_number=1869,correct=False,payload=[2,133,2,9,4,1,6,15,8,9,138,9,0,14,12,207,0,16,19,19,148,144,22,23,16,25,31,27,28,30,22,30,40,45,34,179,100,5,182,55,40,24,106,43,34,61,62,175,48,49,48,51,46,23,58,17,104,25,62,59,60,189,126,63,64,64,66,11,68,69,70,71,72,205,10,78,12,69,78,66,64,17,74,19,20,69,78,87,90,93,218,91,252,85,86,79,97,161,114,98]
CFO=-1032.6225054073968,STO=4
EsN0dB=4.08,GRXdB=10,N0=0.0063095735386013985
packet_number=1870,correct=False,payload=[16,73,3,7,12,77,6,7,8,137,10,27,8,5,13,15,208,12,26,19,20,21,62,23,0,17,58,25,156,57,30,95,40,32,34,43,100,61,38,39,10,41,186,43,108,45,173,43,112,49,22,49,52,69,54,35,57,185,42,31,60,149,58,43,65,65,98,71,68,69,194,199,73,105,90,27,108,69,94,205,80,81,83,82,80,85,87,87,88,89,75,95,76,93,90,127,104,65,96,227]
CFO=-764.533074456819,STO=4
EsN0dB=4.59,GRXdB=10,N0=0.0063095735386013985
packet_number=1871,correct=False,payload=[8,1,36,171,68,7,22,39,8,43,34,26,9,44,14,15,80,17,18,27,20,21,55,7,24,25,26,9,28,159,26,22,33,33,162,35,100,53,38,38,200,41,106,41,44,45,14,45,48,161,178,115,48,53,55,35,56,41,58,123,156,53,62,63,64,196,66,97,68,69,71,71,72,73,202,75,76,79,74,15,81,81,18,123,92,69,118,83,88,88,218,91,92,93,90,95,96,101,96,103]
CFO=-926.0691827617362,STO=4
EsN0dB=4.07,GRXdB=10,N0=0.0063095735386013985
packet_number=1872,correct=False,payload=[4,17,70,3,4,5,6,3,8,9,10,135,4,13,78,15,136,49,18,19,84,117,22,7,24,25,26,27,28,61,62,30,32,1,32,35,36,45,38,229,233,41,56,43,13,108,42,103,34,49,10,51,116,53,50,55,252,1,58,43,172,172,46,59,196,65,98,67,84,69,70,71,72,73,72,79,76,77,76,79,16,113,82,83,212,85,70,86,89,8,91,91,92,92,94,95,104,97,96,71]
CFO=-860.1647348921524,STO=4
EsN0dB=4.05,GRXdB=10,N0=0.0063095735386013985
packet_number=1873,correct=False,payload=[128,69,34,3,20,5,14,7,16,137,26,11,12,13,15,15,16,20,18,19,148,21,22,23,26,25,26,31,157,125,31,27,34,1,38,3,44,33,102,37,40,232,46,43,44,45,174,15,50,49,50,115,52,53,23,39,120,57,42,27,37,60,62,55,80,69,90,67,84,69,118,7,73,77,74,75,78,77,76,77,80,88,82,75,84,84,70,87,30,157,90,27,88,95,95,87,32,225,98,82]
CFO=-1039.2909519033142,STO=4
EsN0dB=4.31,GRXdB=10,N0=0.0063095735386013985
packet_number=1874,correct=False,payload=[240,0,18,161,176,64,64,64,112,160,147,32,177,196,208,224,240,5,17,49,49,69,213,225,65,197,145,161,8,156,149,251,242,2,18,32,18,67,80,106,119,130,178,182,186,198,214,226,211,131,59,35,55,67,83,51,113,3,214,163,179,195,243,227,190,4,16,36,20,68,148,45,116,132,212,164,148,228,209,36,245,1,21,101,23,69,69,117,119,133,151,241,116,133,215,229,246,134,22,38]
CFO=-1319.1497711471434,STO=5
EsN0dB=3.78,GRXdB=10,N0=0.0063095735386013985
packet_number=1875,correct=False,payload=[116,91,208,0,16,33,48,64,113,113,80,140,154,100,144,192,208,96,241,1,16,33,57,69,24,113,113,29,145,161,177,193,217,161,243,2,50,106,50,66,114,98,114,194,146,226,178,198,208,192,246,43,147,33,67,67,98,99,115,130,147,163,179,195,211,103,116,4,20,36,52,5,196,100,116,132,7,164,244,196,212,244,213,13,29,1,60,231,117,101,97,132,29,165,133,229,149,229,246,6]
CFO=-849.5559451492744,STO=5
EsN0dB=4.09,GRXdB=10,N0=0.0063095735386013985
packet_number=1876,correct=False,payload=[136,2,2,3,0,4,6,28,0,8,7,130,12,15,62,46,20,17,18,35,20,22,31,23,24,25,182,19,28,15,26,31,56,35,42,34,52,45,166,30,8,41,42,43,44,173,42,62,49,49,62,39,52,53,63,55,44,121,154,59,60,63,62,59,68,11,34,65,132,100,6,70,104,233,203,75,76,77,76,78,112,83,82,94,84,85,86,119,26,95,26,211,206,92,90,31,224,97,98,99]
CFO=-930.3695338961996,STO=4
EsN0dB=4.42,GRXdB=10,N0=0.0063095735386013985
packet_number=1877,correct=False,payload=[16,1,2,145,36,13,6,7,72,9,74,43,140,7,6,13,0,112,50,8,20,164,82,23,24,89,30,27,28,29,23,30,32,35,102,35,100,53,6,51,40,41,168,43,44,109,110,47,48,49,178,51,52,53,62,55,24,59,58,187,56,61,62,63,80,69,66,3,85,97,71,71,76,75,74,75,108,77,68,79,64,81,85,83,20,213,86,85,114,121,26,91,28,92,79,117,96,97,99,35]
CFO=-255.99685375831842,STO=5
EsN0dB=4.15,GRXdB=10,N0=0.0063095735386013985
packet_number=1878,correct=False,payload=[17,139,34,16,20,69,150,87,15,9,42,139,2,205,12,29,48,21,18,55,20,17,22,151,24,18,58,191,92,29,26,27,0,41,4,55,32,37,36,39,36,41,10,43,124,43,46,47,177,153,50,51,52,100,54,53,60,25,26,51,92,125,63,31,224,97,66,67,220,69,66,79,76,109,74,91,44,77,78,76,208,81,208,81,84,93,70,7,26,89,83,95,92,93,94,95,97,97,10,35]
CFO=-1023.7300971426673,STO=5
EsN0dB=4.18,GRXdB=10,N0=0.0063095735386013985
packet_number=1879,correct=False,payload=[16,32,2,3,148,53,150,131,61,157,10,3,44,9,14,15,20,130,27,19,20,21,22,23,72,120,26,57,29,157,190,30,57,9,42,11,100,165,38,167,72,41,42,89,60,45,110,173,54,49,22,33,36,45,54,21,20,169,59,43,60,61,54,63,80,67,18,83,68,69,70,69,72,89,74,203,92,93,142,207,80,73,80,22,80,93,87,87,88,89,90,83,124,95,122,95,97,97,96,98]
CFO=-1277.36300582809,STO=6
EsN0dB=4.45,GRXdB=10,N0=0.0063095735386013985
packet_number=1880,correct=False,payload=[0,64,2,144,4,135,5,39,14,9,14,11,76,77,10,15,16,65,20,25,212,21,22,21,24,25,25,139,28,93,62,31,160,33,102,35,4,37,38,39,40,40,170,41,172,29,46,63,56,53,54,51,116,49,54,55,56,41,63,63,60,63,62,55,96,97,70,75,68,77,14,67,64,73,74,74,72,13,206,71,80,65,82,83,148,87,86,87,88,25,83,107,124,89,94,79,64,97,35,67]
CFO=-1007.0333676934864,STO=3
EsN0dB=4.29,GRXdB=10,N0=0.0063095735386013985
packet_number=1881,correct=False,payload=[160,1,2,11,4,5,6,39,4,21,27,143,12,13,14,15,16,49,18,3,22,18,22,83,24,89,26,59,8,61,30,31,40,33,34,35,36,5,99,135,56,105,74,107,36,173,46,46,48,49,178,49,20,189,54,63,56,9,62,19,188,85,62,63,64,193,226,67,100,64,6,38,8,73,74,11,124,109,78,79,72,85,122,115,84,93,86,87,90,89,82,219,220,79,94,95,98,225,98,107]
CFO=-1074.8595177451748,STO=4
EsN0dB=4.85,GRXdB=10,N0=0.0063095735386013985
packet_number=1882,correct=False,payload=[66,1,70,3,20,132,6,7,10,9,155,9,13,173,14,15,16,1,18,83,84,23,22,87,146,25,68,27,20,53,246,85,40,43,163,43,52,37,38,39,40,9,42,47,44,33,15,175,48,49,50,35,116,117,252,55,56,249,106,187,60,13,126,23,66,80,66,67,68,29,70,71,88,73,74,15,4,77,206,45,208,82,82,89,100,85,86,215,88,88,26,211,84,125,94,95,108,97,98,195]
CFO=-1327.5513781449515,STO=5
EsN0dB=4.47,GRXdB=10,N0=0.0063095735386013985
packet_number=1883,correct=False,payload=[128,1,3,15,20,165,6,39,8,1,2,35,76,15,14,15,16,17,18,19,20,20,35,95,16,25,26,7,30,29,23,31,163,41,34,33,36,45,36,39,42,41,40,43,44,13,46,79,160,49,176,51,60,53,54,63,56,49,58,59,44,29,30,237,66,65,32,67,68,65,71,67,72,65,74,73,76,109,95,79,68,117,210,81,68,212,87,214,216,73,90,207,92,221,94,95,100,97,176,99]
CFO=-1494.1242766440607,STO=0
EsN0dB=3.46,GRXdB=10,N0=0.007943281903862953
packet_number=1884,correct=False,payload=[53,176,72,56,20,24,40,32,240,60,192,88,112,236,252,162,81,88,132,168,16,16,33,153,187,249,208,10,244,208,192,132,224,249,35,3,98,11,96,40,57,118,65,249,48,195,66,105,49,89,129,143,155,57,65,251,227,113,225,195,211,18,97,229,241,238,4,11,66,25,121,91,36,59,68,203,212,89,135,72,116,217,174,29,18,156,170,109,38,122,194,223,210,254,195,106,226,239,227,1]
CFO=-700.5357434695497,STO=4
EsN0dB=3.21,GRXdB=10,N0=0.007943281903862953
packet_number=1885,correct=False,payload=[148,41,70,128,64,128,241,65,97,129,195,34,65,130,192,1,115,1,192,4,196,133,205,156,65,135,198,38,70,134,14,7,71,167,232,128,104,136,203,139,73,105,202,75,75,168,203,59,9,169,196,168,92,6,109,9,109,21,198,78,72,20,175,15,79,143,217,16,65,144,211,49,100,17,210,82,66,83,131,19,211,146,212,25,84,20,21,21,87,151,215,22,212,178,190,215,87,21,200,24]
CFO=-926.9872858806394,STO=3
EsN0dB=3.84,GRXdB=10,N0=0.007943281903862953
packet_number=1886,correct=False,payload=[128,219,34,195,20,69,2,7,8,9,74,3,4,4,139,11,24,49,2,145,20,21,188,150,152,94,138,152,25,29,18,23,32,37,50,37,37,37,2,173,33,45,42,155,44,45,46,15,120,96,58,18,182,53,186,39,176,121,170,123,100,61,62,63,64,66,82,203,68,101,70,71,72,77,74,106,84,76,70,13,80,65,114,83,93,125,86,71,88,217,42,211,68,85,222,199,117,227,226,227]
CFO=-1203.1663999989607,STO=6
EsN0dB=3.28,GRXdB=10,N0=0.007943281903862953
packet_number=1887,correct=False,payload=[84,179,132,35,6,3,132,38,70,15,200,17,138,27,44,15,79,143,152,144,18,51,25,21,22,23,16,27,56,155,156,29,31,31,32,121,40,32,164,49,134,39,108,73,42,170,44,45,46,110,24,179,18,123,180,51,18,57,56,58,106,59,116,125,62,181,64,69,225,67,65,193,134,119,72,233,202,75,20,77,46,79,83,83,211,243,68,21,86,87,89,89,90,91,84,95,216,95,98,105]
CFO=-449.1387730999214,STO=4
EsN0dB=3.18,GRXdB=10,N0=0.007943281903862953
packet_number=1888,correct=False,payload=[17,19,162,35,4,149,14,142,72,25,138,8,24,141,14,79,82,50,2,147,16,21,6,23,24,145,58,15,28,28,14,95,160,45,40,169,39,101,38,163,1,107,42,11,36,47,14,47,52,112,178,150,14,55,54,183,184,25,59,63,14,25,134,191,64,80,192,67,196,69,70,198,250,1,74,76,132,205,72,66,80,85,82,115,88,84,68,87,88,89,154,91,92,221,118,95,96,127,162,99]
CFO=-237.6920950072756,STO=4
EsN0dB=3.33,GRXdB=10,N0=0.007943281903862953
packet_number=1889,correct=False,payload=[4,137,2,131,4,65,46,70,8,8,196,3,106,15,10,13,16,17,17,19,50,85,52,31,152,25,31,9,60,82,86,220,104,161,42,34,48,69,166,35,234,40,74,67,47,47,190,39,60,177,122,179,180,53,52,55,57,59,56,51,60,61,238,59,1,208,194,83,4,69,86,68,72,74,234,91,204,79,4,95,216,89,66,67,206,93,80,118,72,73,90,27,13,157,78,127,116,105,98,96]
CFO=-1121.030054998711,STO=4
EsN0dB=3.50,GRXdB=10,N0=0.007943281903862953
packet_number=1890,correct=False,payload=[156,9,34,3,20,71,2,6,40,9,10,10,12,21,46,7,57,25,66,17,140,21,22,23,24,24,213,27,61,13,30,31,64,163,34,107,150,37,38,163,40,99,170,186,44,27,78,58,52,51,34,51,54,37,55,53,154,186,50,191,60,61,62,63,73,81,134,65,68,69,68,71,108,193,60,79,236,109,76,111,240,89,81,27,116,117,214,119,24,29,82,90,94,85,22,31,104,105,34,99]
CFO=-855.9705718549415,STO=4
EsN0dB=3.17,GRXdB=10,N0=0.007943281903862953
packet_number=1891,correct=False,payload=[101,147,129,35,0,5,232,131,66,3,122,11,12,77,20,143,16,53,26,19,140,81,86,71,24,17,26,11,28,25,190,199,48,33,34,33,97,13,119,7,41,65,63,47,168,127,46,47,48,177,50,51,164,53,183,119,52,225,58,57,158,63,60,63,64,81,64,3,68,213,67,135,108,88,207,75,12,111,14,207,16,113,81,86,84,85,86,117,217,89,90,210,94,221,78,30,96,101,102,100]
CFO=-1611.8501760883082,STO=5
EsN0dB=3.44,GRXdB=10,N0=0.007943281903862953
packet_number=1892,correct=False,payload=[38,132,195,1,130,147,208,1,140,4,196,7,180,134,135,79,174,24,216,13,130,74,207,12,136,102,221,45,142,28,143,14,128,20,18,49,144,18,147,83,136,30,1,21,148,30,151,23,153,157,153,25,24,144,155,187,156,12,25,93,222,58,30,27,128,40,166,46,182,34,131,34,164,244,176,37,134,34,167,34,170,42,169,128,170,72,135,155,164,60,189,61,175,132,164,41,160,112,149,113]
CFO=-1584.2616665064188,STO=5
EsN0dB=3.35,GRXdB=10,N0=0.007943281903862953
packet_number=1893,correct=False,payload=[50,19,2,18,34,5,134,167,40,13,30,77,28,13,15,143,20,21,67,17,84,85,21,31,56,25,26,27,12,29,252,31,48,39,43,35,32,39,38,47,42,47,106,11,12,45,14,47,49,53,112,51,53,41,182,63,56,169,187,185,61,121,42,25,66,65,2,67,4,197,70,70,4,105,74,27,76,77,74,11,208,209,146,211,84,95,212,219,91,64,251,91,124,93,94,93,64,65,98,107]
CFO=-522.2746837532562,STO=4
EsN0dB=3.12,GRXdB=10,N0=0.007943281903862953
packet_number=1894,correct=False,payload=[4,1,2,35,8,37,214,29,90,9,194,10,9,221,30,15,16,153,150,147,128,21,18,63,25,57,186,23,141,157,106,30,98,227,38,160,52,225,38,103,56,41,43,43,165,169,182,42,48,53,38,59,52,52,54,53,176,112,50,63,30,60,58,30,96,67,66,3,116,69,70,102,72,89,152,11,14,77,79,77,84,118,66,219,20,69,86,71,104,91,90,222,92,95,26,119,225,97,98,51]
CFO=-65.72791238127031,STO=6
EsN0dB=3.06,GRXdB=10,N0=0.007943281903862953
packet_number=1895,correct=False,payload=[49,223,92,0,17,164,56,36,80,40,120,128,148,162,48,192,212,132,241,129,217,101,65,73,81,71,48,1,211,163,147,225,209,225,226,34,7,42,176,14,82,64,97,2,227,170,208,163,246,234,244,131,18,51,127,67,211,43,81,130,146,163,153,211,211,3,180,21,20,78,124,64,84,40,102,140,144,168,188,196,208,174,245,7,80,33,55,5,119,101,245,132,156,165,181,133,212,253,254,42]
CFO=-1116.0277714893882,STO=3
EsN0dB=3.63,GRXdB=10,N0=0.007943281903862953
packet_number=1896,correct=False,payload=[128,96,160,40,2,2,195,1,134,12,133,5,135,6,135,7,136,0,201,75,154,41,155,147,142,88,157,43,174,78,139,31,208,56,145,153,146,16,146,24,164,16,151,116,186,158,255,23,192,58,153,26,26,58,139,27,156,220,157,61,158,78,191,155,34,98,161,161,166,2,163,83,36,32,163,37,128,34,167,207,104,24,177,45,63,62,187,11,172,28,45,109,238,62,164,51,208,48,179,36]
CFO=-1354.0105349203268,STO=5
EsN0dB=3.19,GRXdB=10,N0=0.007943281903862953
packet_number=1897,correct=False,payload=[141,64,128,193,3,201,129,194,34,75,210,131,7,199,195,214,6,12,4,197,5,67,141,134,6,70,162,2,7,110,79,200,9,74,200,75,16,105,9,205,70,106,170,200,3,11,206,206,13,12,141,237,5,245,247,206,190,92,142,207,98,79,139,208,21,64,128,201,21,81,177,210,19,82,210,211,19,243,147,208,20,80,148,197,31,17,21,214,22,86,214,210,23,18,167,248,24,72,185,240]
CFO=-1044.7516644288048,STO=5
EsN0dB=3.52,GRXdB=10,N0=0.007943281903862953
packet_number=1898,correct=False,payload=[128,1,2,11,20,65,19,7,8,9,138,11,0,1,140,47,80,27,18,83,22,93,150,52,24,157,139,19,20,29,158,87,32,17,34,35,36,103,54,101,8,109,40,43,44,44,46,47,56,19,50,35,35,63,48,7,248,153,32,63,29,61,62,63,67,1,66,67,69,69,70,103,72,73,26,59,78,143,110,127,112,81,114,217,85,85,22,87,64,221,123,27,28,93,108,31,101,99,114,227]
CFO=-1385.9747530189288,STO=2
EsN0dB=3.63,GRXdB=10,N0=0.007943281903862953
packet_number=1899,correct=False,payload=[138,227,109,192,129,81,145,160,17,105,208,194,66,130,130,199,33,74,7,223,4,68,0,229,17,229,133,214,134,236,178,207,39,103,135,204,0,8,128,200,1,83,174,202,11,78,142,207,10,107,131,236,4,92,204,199,68,157,141,238,14,204,164,223,79,79,239,224,16,80,136,213,16,17,129,242,66,82,80,211,23,219,147,212,28,214,84,141,39,155,205,215,206,210,144,147,31,87,151,88]
CFO=-910.6111365776587,STO=5
EsN0dB=3.07,GRXdB=10,N0=0.007943281903862953
packet_number=1900,correct=False,payload=[4,1,15,131,36,31,6,31,137,1,10,3,12,77,141,1,83,17,17,19,52,77,134,21,72,41,82,27,61,93,30,27,161,56,166,2,39,33,6,39,42,9,102,43,36,13,174,108,32,49,114,51,62,53,182,255,56,59,174,58,120,57,63,63,65,66,226,66,78,213,82,87,104,77,202,75,72,72,78,107,80,65,83,19,85,93,86,114,249,25,81,27,94,93,86,90,104,89,102,218]
CFO=-710.5345000842137,STO=5
EsN0dB=2.89,GRXdB=10,N0=0.007943281903862953
packet_number=1901,correct=False,payload=[0,13,194,19,20,7,132,5,136,9,11,11,133,77,5,79,24,25,38,51,148,4,150,38,120,25,26,19,24,13,158,30,33,32,58,35,52,36,230,35,56,185,42,11,63,172,45,47,19,17,51,59,52,21,22,55,120,59,24,59,44,17,26,63,112,73,66,194,68,87,6,101,72,9,50,107,28,76,230,199,80,17,2,67,48,21,86,85,89,89,24,219,64,93,86,95,72,99,98,103]
CFO=-1065.8047739079843,STO=4
EsN0dB=3.32,GRXdB=10,N0=0.007943281903862953
packet_number=1902,correct=False,payload=[9,225,2,3,4,7,134,21,8,45,38,9,132,45,10,111,80,49,22,17,29,116,86,18,16,57,30,22,14,215,158,25,48,97,178,47,32,39,2,38,76,105,58,43,44,60,111,111,52,24,34,242,52,49,50,39,25,57,58,51,52,63,54,157,85,73,66,66,68,85,102,85,64,73,10,203,8,29,78,207,80,249,135,215,85,117,86,119,88,248,122,95,232,85,74,79,98,129,98,103]
CFO=-971.6809133058332,STO=4
EsN0dB=3.43,GRXdB=10,N0=0.007943281903862953
packet_number=1903,correct=False,payload=[20,0,0,23,87,21,38,5,26,9,8,139,13,77,14,9,24,49,2,19,20,213,22,151,40,27,58,27,89,29,62,30,48,32,10,19,38,53,150,39,10,41,59,191,61,125,46,15,179,17,38,115,25,53,54,117,56,45,62,186,44,46,118,62,136,81,67,65,74,70,198,75,120,9,92,75,68,71,77,95,209,83,114,83,116,213,86,70,88,25,90,27,92,223,90,93,32,97,162,55]
CFO=-728.6129791740816,STO=6
EsN0dB=3.36,GRXdB=10,N0=0.007943281903862953
packet_number=1904,correct=False,payload=[0,152,160,48,0,16,32,96,128,208,241,176,108,240,128,245,129,5,33,49,67,81,114,112,132,149,48,177,213,209,224,226,34,0,34,48,66,146,98,118,134,154,170,17,174,146,226,195,3,87,35,83,67,115,99,51,161,179,161,179,215,203,195,113,4,20,37,52,100,84,102,116,133,149,174,181,206,197,196,183,77,21,37,149,117,215,100,125,5,153,36,133,197,215,213,247,159,6,34,52]
CFO=-1181.4111802754123,STO=4
EsN0dB=3.35,GRXdB=10,N0=0.007943281903862953
packet_number=1905,correct=False,payload=[32,8,18,11,0,133,158,167,0,9,10,11,6,79,126,15,208,147,58,26,60,149,215,119,188,17,26,91,140,25,60,27,162,181,2,163,6,109,54,98,104,49,106,43,45,45,44,111,164,49,54,51,49,29,54,17,176,40,24,121,52,60,46,127,16,1,74,67,68,69,2,215,104,73,72,67,72,205,85,79,80,81,86,83,116,85,86,83,216,91,74,91,94,93,90,127,112,101,96,107]
CFO=-1639.4281320792925,STO=7
EsN0dB=3.15,GRXdB=10,N0=0.007943281903862953
packet_number=1906,correct=False,payload=[4,192,10,2,152,39,6,6,8,141,14,8,45,8,14,15,17,21,24,19,144,5,26,23,91,155,42,141,28,25,222,21,32,177,43,32,108,37,62,231,44,17,42,41,44,13,108,47,120,57,54,115,164,112,16,23,56,61,58,59,188,137,62,53,64,193,66,112,76,69,68,71,72,77,206,155,204,85,102,79,220,85,146,147,244,215,134,84,90,216,122,195,79,89,78,79,96,97,98,96]
CFO=-657.7433039430158,STO=4
EsN0dB=3.28,GRXdB=10,N0=0.007943281903862953
packet_number=1907,correct=False,payload=[222,252,32,5,2,67,148,5,34,7,42,16,15,10,24,13,30,15,82,25,146,19,20,25,22,21,216,27,90,19,24,93,62,43,32,49,146,51,36,45,166,55,173,44,38,35,44,169,62,47,32,49,50,37,44,37,182,183,38,57,226,187,56,25,62,143,68,67,68,65,228,69,70,67,72,89,94,75,77,207,14,111,90,213,83,83,84,113,246,87,88,107,106,203,220,205,94,88,96,103]
CFO=-696.5855581097225,STO=0
EsN0dB=3.15,GRXdB=10,N0=0.007943281903862953
packet_number=1908,correct=False,payload=[249,212,110,188,66,0,0,8,32,0,26,9,0,84,124,120,114,45,56,126,64,160,24,88,69,196,216,20,64,117,112,200,228,32,161,91,8,5,24,140,133,23,249,185,225,36,249,217,161,100,32,186,132,181,208,248,241,220,248,213,226,77,240,232,184,228,236,188,10,128,25,153,19,53,91,15,81,99,42,39,33,44,125,57,0,196,192,72,163,68,113,10,34,229,233,253,8,245,253,56]
CFO=-1789.1714918953596,STO=3
EsN0dB=3.26,GRXdB=10,N0=0.007943281903862953
packet_number=1909,correct=False,payload=[136,1,42,32,132,5,6,67,2,11,74,51,12,45,14,15,208,49,18,179,20,28,146,5,24,44,94,10,28,61,31,154,96,43,32,195,54,23,46,37,139,45,46,35,108,21,44,37,48,37,50,163,184,55,55,19,126,41,122,249,60,189,186,62,64,67,72,82,76,7,86,103,232,97,74,89,76,173,66,203,68,113,83,82,76,95,102,117,88,91,74,83,31,93,90,127,96,113,99,163]
CFO=-1729.5614902327657,STO=4
EsN0dB=3.32,GRXdB=10,N0=0.007943281903862953
packet_number=1910,correct=False,payload=[128,19,6,19,100,69,6,43,9,10,200,10,68,173,6,31,196,81,2,17,112,21,151,22,24,185,26,14,29,29,30,90,40,35,50,131,36,33,66,39,137,171,170,43,52,45,173,15,33,243,50,51,22,37,48,183,60,57,58,59,244,47,190,31,64,73,202,67,5,105,70,71,24,44,74,75,76,77,74,70,84,91,86,83,212,84,82,86,89,24,91,91,92,31,30,215,32,99,100,51]
CFO=-906.0321232114326,STO=4
EsN0dB=3.30,GRXdB=10,N0=0.007943281903862953
packet_number=1911,correct=False,payload=[18,49,146,131,132,7,2,7,0,9,12,15,45,69,15,47,26,17,19,215,20,21,150,19,40,27,194,27,156,31,86,63,164,97,162,225,44,77,2,39,40,105,10,11,28,109,46,61,56,17,104,59,34,119,126,87,120,105,59,59,60,61,23,50,64,129,66,99,101,1,82,71,65,77,202,11,8,72,194,111,64,81,83,89,84,119,94,71,24,92,24,95,127,89,91,91,224,97,224,70]
CFO=-1305.2482017520517,STO=4
EsN0dB=3.25,GRXdB=10,N0=0.007943281903862953
packet_number=1912,correct=False,payload=[1,0,66,11,5,20,6,7,8,8,3,73,5,6,14,14,22,21,82,147,68,93,70,135,25,25,51,23,26,17,14,63,242,57,34,43,100,167,70,231,56,41,58,63,13,109,46,44,48,129,58,16,52,165,182,117,56,57,58,59,13,181,62,45,64,145,64,195,197,4,70,197,76,195,90,203,94,77,78,75,92,83,91,83,28,69,102,83,120,20,10,78,88,117,78,95,225,107,104,97]
CFO=-1509.9030808438479,STO=7
EsN0dB=3.16,GRXdB=10,N0=0.007943281903862953
packet_number=1913,correct=False,payload=[0,129,131,7,6,7,39,39,8,129,106,3,12,31,142,23,49,16,16,147,4,21,23,135,25,139,91,27,26,154,26,31,33,161,99,35,44,7,38,5,40,65,170,99,36,37,47,37,50,121,50,55,16,51,62,53,56,57,50,191,61,60,38,55,64,64,192,67,88,69,130,65,64,77,10,123,76,77,78,110,216,86,115,75,87,84,215,85,88,217,90,203,84,221,126,95,112,73,230,99]
CFO=-119.12388708891841,STO=4
EsN0dB=3.46,GRXdB=10,N0=0.007943281903862953
packet_number=1914,correct=False,payload=[12,33,14,76,100,65,76,39,72,10,34,9,12,12,30,63,28,17,18,21,22,23,82,151,8,17,26,153,92,153,159,159,226,33,11,52,164,41,160,5,44,57,186,3,44,45,110,15,48,17,48,51,60,61,119,179,120,25,57,59,60,61,54,124,64,65,66,3,68,205,198,54,64,89,74,70,44,77,78,79,112,84,19,211,212,213,86,87,28,76,27,91,88,93,24,94,100,97,234,103]
CFO=-980.4894264518513,STO=3
EsN0dB=3.72,GRXdB=10,N0=0.007943281903862953
packet_number=1915,correct=False,payload=[0,64,46,130,4,5,69,130,8,29,74,11,140,45,28,15,144,148,157,19,52,12,23,49,153,25,74,151,124,29,24,60,1,32,35,35,188,5,118,5,96,45,42,41,12,37,40,111,52,177,58,45,16,85,22,21,60,53,62,27,44,121,62,55,68,73,2,67,70,85,46,103,8,104,75,91,236,79,15,47,112,83,69,26,86,212,94,95,8,75,18,27,92,93,94,95,65,32,99,59]
CFO=-1127.6047049732135,STO=4
EsN0dB=3.19,GRXdB=10,N0=0.007943281903862953
packet_number=1916,correct=False,payload=[240,0,40,0,98,130,32,234,225,1,115,65,97,129,160,17,194,38,96,90,98,130,136,200,226,3,41,83,119,131,247,219,101,5,46,71,98,128,13,228,229,69,53,77,117,21,229,68,228,70,134,198,87,158,134,198,231,79,19,65,103,134,171,223,232,152,40,64,104,152,74,192,233,9,41,209,105,9,244,217,234,107,234,103,194,194,170,202,233,137,43,74,106,139,175,207,228,8,45,76]
CFO=-341.5722167926207,STO=5
EsN0dB=3.38,GRXdB=10,N0=0.007943281903862953
packet_number=1917,correct=False,payload=[96,131,2,211,4,21,23,7,24,9,26,9,8,57,206,15,112,29,86,51,30,93,30,52,25,177,27,91,30,29,158,30,161,33,50,39,36,233,50,47,32,163,38,171,46,47,12,47,51,49,0,161,53,49,20,34,117,57,54,62,172,31,30,46,68,97,66,67,84,5,71,110,72,89,235,67,124,205,194,79,82,113,82,211,94,71,22,94,73,25,26,91,89,45,158,94,108,225,226,97]
CFO=-792.3647316583805,STO=5
EsN0dB=2.83,GRXdB=10,N0=0.007943281903862953
packet_number=1918,correct=False,payload=[144,47,64,4,192,160,193,128,1,177,130,82,66,167,227,35,71,130,196,44,64,4,197,65,8,149,222,166,198,166,207,11,215,159,136,8,72,136,216,136,201,235,217,10,202,142,203,12,75,203,207,32,92,172,205,25,13,63,220,78,175,142,239,15,79,207,112,48,208,144,209,3,84,149,128,82,212,146,146,19,66,139,176,176,84,144,197,5,64,181,193,22,87,158,151,23,86,7,208,18]
CFO=-834.7621230040133,STO=3
EsN0dB=3.15,GRXdB=10,N0=0.007943281903862953
packet_number=1919,correct=False,payload=[14,19,2,2,4,71,14,39,8,66,16,138,28,205,10,15,16,18,2,18,24,53,70,87,24,24,26,154,196,61,31,95,32,49,34,35,34,197,34,6,47,8,42,39,46,129,44,46,176,49,179,18,7,53,118,117,56,185,58,123,60,23,42,63,74,71,96,66,96,93,71,7,72,201,74,106,12,77,70,79,58,80,82,211,69,113,212,15,177,89,58,91,91,93,58,95,65,231,99,99]
CFO=-1397.6613727003628,STO=5
EsN0dB=3.00,GRXdB=10,N0=0.007943281903862953
packet_number=1920,correct=False,payload=[68,67,10,135,100,9,198,150,45,11,72,75,140,9,39,31,16,1,16,19,116,21,23,31,156,93,186,19,28,29,30,6,37,1,35,35,32,61,54,39,9,41,8,40,76,38,110,47,48,57,18,160,54,53,86,119,60,125,26,121,180,188,182,62,64,65,126,33,68,101,70,15,105,73,88,3,78,101,206,14,81,209,86,19,84,84,85,245,90,253,122,93,13,29,94,95,232,97,96,113]
CFO=-1407.3764867369944,STO=2
EsN0dB=3.09,GRXdB=10,N0=0.007943281903862953
packet_number=1921,correct=False,payload=[128,1,138,2,4,4,6,35,72,8,2,11,132,93,149,15,165,145,16,2,84,69,30,119,57,9,24,31,44,29,62,19,32,1,7,1,164,100,46,191,104,9,233,170,40,13,52,47,176,145,58,15,62,165,54,63,60,56,114,41,60,53,126,25,65,128,115,77,100,68,86,134,72,1,10,67,93,69,46,79,104,89,86,95,148,78,126,92,120,121,218,78,76,31,118,95,99,43,96,99]
CFO=-1486.580000682697,STO=4
EsN0dB=2.78,GRXdB=10,N0=0.007943281903862953
packet_number=1922,correct=False,payload=[17,9,16,199,6,52,6,71,16,5,59,11,4,45,222,13,16,16,18,55,20,53,23,73,24,89,218,19,20,187,62,31,41,35,16,35,32,37,52,167,180,56,0,38,108,45,62,47,136,81,178,114,52,21,119,188,41,55,122,155,180,57,190,121,66,105,3,199,76,5,68,198,74,75,74,103,69,77,94,75,81,9,83,87,212,213,86,23,155,221,218,91,92,93,124,29,101,96,106,43]
CFO=-1052.4551928911292,STO=3
EsN0dB=3.47,GRXdB=10,N0=0.007943281903862953
packet_number=1923,correct=False,payload=[66,1,34,3,36,7,6,87,140,13,42,33,132,59,38,11,25,17,81,139,20,55,30,22,8,25,27,27,28,30,27,27,58,35,98,35,54,37,32,230,234,41,106,58,44,45,47,255,80,48,54,43,116,53,21,39,250,8,58,59,60,189,126,159,192,69,219,54,9,81,102,86,12,107,234,15,44,76,223,143,80,81,82,211,196,81,87,87,80,152,90,123,112,87,94,31,33,97,114,18]
CFO=-557.2360030892204,STO=6
EsN0dB=2.80,GRXdB=10,N0=0.007943281903862953
packet_number=1924,correct=False,payload=[22,170,80,113,16,41,10,18,0,85,22,135,0,9,138,9,76,15,41,13,176,32,18,149,29,147,118,53,16,61,51,51,76,21,31,31,48,33,110,39,44,37,102,37,40,169,122,43,108,110,186,47,176,48,59,247,52,117,50,145,104,57,60,59,157,109,62,62,64,65,66,79,68,35,42,227,90,105,72,73,73,5,218,71,65,83,18,3,115,95,86,87,72,81,88,211,84,95,78,31]
CFO=-1341.7887651742353,STO=4
EsN0dB=3.11,GRXdB=10,N0=0.007943281903862953
packet_number=1925,correct=False,payload=[2,41,19,35,4,180,6,231,10,11,40,11,76,12,4,7,41,16,240,51,145,21,94,19,88,88,174,18,24,153,30,63,33,33,226,35,100,53,38,46,48,41,42,43,44,41,58,15,58,1,186,37,52,29,39,63,56,48,50,59,60,29,62,63,96,85,107,195,68,69,83,7,96,109,66,75,76,13,15,73,216,23,18,123,84,220,218,86,57,221,218,91,92,93,94,91,99,99,114,35]
CFO=-964.6689414969727,STO=5
EsN0dB=3.43,GRXdB=10,N0=0.007943281903862953
packet_number=1926,correct=False,payload=[1,69,34,3,164,5,6,7,105,76,42,11,76,44,14,143,17,17,18,19,85,36,6,155,28,25,186,11,28,29,62,30,40,160,32,43,164,29,100,35,170,41,46,45,36,173,110,70,60,49,50,48,188,53,54,34,56,113,56,35,53,61,62,63,72,73,166,70,80,197,71,111,72,233,136,92,72,77,108,106,88,81,114,103,68,97,86,21,24,105,243,27,126,89,86,79,113,237,42,251]
CFO=-344.17272831333185,STO=5
EsN0dB=3.13,GRXdB=10,N0=0.007943281903862953
packet_number=1927,correct=False,payload=[0,19,18,1,84,5,6,3,152,8,0,69,8,9,14,46,17,19,50,19,53,53,22,19,218,17,90,89,28,28,14,31,40,37,230,35,160,47,6,35,40,104,38,43,169,45,46,45,60,243,54,59,180,52,54,119,60,185,30,43,48,63,158,191,0,99,67,75,84,69,230,87,75,65,250,11,76,205,74,143,92,209,210,94,64,253,22,66,152,9,158,15,93,89,222,91,96,49,66,111]
CFO=-281.6854798179518,STO=5
EsN0dB=3.44,GRXdB=10,N0=0.007943281903862953
packet_number=1928,correct=False,payload=[17,131,14,35,4,54,2,36,20,57,90,43,12,47,12,127,28,153,19,51,50,12,23,23,16,33,206,57,31,29,28,31,48,33,34,121,4,52,34,103,45,225,34,15,40,36,42,111,32,161,51,50,52,85,254,187,32,57,57,27,188,63,120,47,64,251,10,51,2,116,72,71,232,75,111,75,36,68,78,111,82,51,211,67,84,85,22,95,82,89,26,91,125,221,90,223,96,97,98,98]
CFO=-1825.5873095014517,STO=5
EsN0dB=3.09,GRXdB=10,N0=0.007943281903862953
packet_number=1929,correct=False,payload=[9,1,66,34,196,13,22,65,4,73,11,11,94,13,62,27,80,17,82,18,84,20,16,20,24,24,90,91,25,13,24,86,34,161,54,58,164,37,39,35,72,57,170,47,255,109,47,45,112,17,127,55,52,48,54,23,60,57,50,187,28,60,50,127,64,229,86,67,64,65,72,70,76,73,18,90,108,221,79,111,82,85,115,83,85,92,100,87,88,89,90,95,220,89,62,85,96,69,97,99]
CFO=-685.1379950492387,STO=3
EsN0dB=3.11,GRXdB=10,N0=0.007943281903862953
packet_number=1930,correct=False,payload=[0,130,1,224,18,128,3,134,69,213,45,130,132,134,7,188,200,137,69,138,10,133,11,143,12,141,5,197,134,139,135,144,80,145,147,154,94,145,147,0,92,149,181,146,222,167,23,216,30,152,8,156,219,147,26,152,86,191,123,222,62,143,62,224,32,161,32,130,2,161,51,164,168,36,37,38,240,163,37,153,160,249,105,143,174,171,43,168,60,173,45,175,31,175,39,176,152,179,49,241]
CFO=-399.60418981064447,STO=4
EsN0dB=3.66,GRXdB=10,N0=0.007943281903862953
packet_number=1931,correct=False,payload=[132,18,10,107,6,13,196,7,40,25,2,7,12,13,47,175,146,145,18,19,20,145,23,55,89,73,153,25,220,29,18,62,96,49,39,33,100,37,39,39,40,57,170,175,44,47,44,63,42,49,52,49,52,45,114,118,48,57,186,57,173,61,30,63,64,65,2,64,68,197,4,15,72,73,107,75,84,207,4,95,81,217,66,211,92,213,4,247,76,89,90,82,92,14,94,85,36,105,32,99]
CFO=-971.6184218181145,STO=4
EsN0dB=3.32,GRXdB=10,N0=0.007943281903862953
packet_number=1932,correct=False,payload=[126,110,38,215,3,161,4,3,132,5,6,135,136,47,3,41,9,93,78,15,18,80,50,23,28,21,22,71,90,25,27,123,28,157,18,95,4,0,35,35,54,33,33,135,32,11,170,49,136,125,44,47,58,117,50,113,48,53,54,183,58,51,122,59,4,63,30,63,68,68,66,67,66,197,102,103,74,24,78,219,20,205,110,77,210,81,80,87,208,245,52,85,112,89,27,27,92,125,92,223]
CFO=-1644.6301037580995,STO=3
EsN0dB=3.30,GRXdB=10,N0=0.007943281903862953
packet_number=1933,correct=False,payload=[0,1,8,3,132,69,230,13,1,13,154,10,44,13,13,235,16,17,19,160,6,21,22,23,136,136,27,27,28,141,14,157,0,97,49,59,164,37,50,55,176,43,10,33,44,45,2,44,60,120,51,55,48,52,54,51,62,57,58,187,188,52,62,255,72,137,103,67,84,111,23,109,73,73,75,90,72,108,78,86,208,89,6,83,68,29,118,112,80,79,83,91,92,109,103,118,106,127,224,103]
CFO=-489.9293209404232,STO=3
EsN0dB=3.24,GRXdB=10,N0=0.007943281903862953
packet_number=1934,correct=False,payload=[128,65,14,3,14,21,7,102,0,25,178,11,10,73,6,15,80,217,19,3,4,29,26,6,24,25,24,155,156,29,159,30,160,32,34,39,36,4,132,49,168,173,42,170,188,45,44,47,48,145,50,18,48,49,122,167,27,92,16,186,60,125,190,63,66,129,64,67,108,77,69,71,206,171,2,74,76,109,93,69,80,83,80,83,84,85,84,86,220,89,89,115,77,93,90,93,32,113,98,102]
CFO=-1361.7521274577132,STO=3
EsN0dB=3.38,GRXdB=10,N0=0.007943281903862953
packet_number=1935,correct=False,payload=[100,215,130,165,78,192,32,133,68,6,8,153,35,10,28,72,13,9,16,208,130,19,52,20,22,53,24,25,27,25,10,9,28,22,36,33,0,35,40,165,54,7,168,41,42,43,61,60,46,47,180,50,58,49,50,55,54,54,49,57,58,59,188,59,46,63,84,97,18,99,119,69,70,7,104,235,104,121,228,77,198,77,208,81,112,147,92,103,118,247,88,73,119,75,65,77,110,215,192,99]
CFO=-1142.2575951770066,STO=5
EsN0dB=3.44,GRXdB=10,N0=0.007943281903862953
packet_number=1936,correct=False,payload=[22,5,0,40,2,85,14,14,8,153,74,203,28,77,14,43,160,49,20,51,20,29,118,22,25,121,26,27,28,15,30,31,40,55,34,35,44,165,98,39,168,17,123,39,14,45,186,105,36,179,51,113,244,53,38,55,56,25,58,57,190,229,62,127,1,65,102,67,68,65,2,6,72,73,47,75,83,93,78,223,80,81,115,51,92,85,6,87,88,9,82,219,25,94,90,95,96,97,66,99]
CFO=-1461.4204771243933,STO=3
EsN0dB=3.31,GRXdB=10,N0=0.007943281903862953
packet_number=1937,correct=False,payload=[40,137,2,11,4,37,12,7,8,11,74,27,4,88,14,47,17,18,2,179,20,17,21,23,16,17,26,8,29,29,150,31,32,129,0,35,167,7,54,103,32,105,186,35,228,109,94,63,50,49,50,51,22,245,54,55,56,57,48,59,45,61,38,47,64,17,194,99,68,4,96,71,204,73,79,33,77,107,78,223,96,5,210,83,84,117,86,115,208,220,120,67,13,90,94,93,32,101,98,119]
CFO=-1172.450944437675,STO=4
EsN0dB=3.24,GRXdB=10,N0=0.007943281903862953
packet_number=1938,correct=False,payload=[108,33,2,35,132,148,18,71,8,9,2,11,84,29,30,158,21,21,22,151,84,84,20,23,24,25,219,27,14,29,94,63,41,65,50,35,228,37,38,40,12,105,234,35,40,44,6,63,48,177,50,34,48,189,18,23,56,49,40,107,116,57,46,45,192,65,98,79,70,69,6,15,74,76,202,91,232,77,94,71,214,81,82,251,30,69,85,215,92,89,80,95,212,95,88,222,73,97,98,115]
CFO=-1067.797268154924,STO=5
EsN0dB=3.80,GRXdB=10,N0=0.007943281903862953
packet_number=1939,correct=False,payload=[0,65,2,4,76,9,15,14,8,9,138,139,6,140,10,15,18,17,82,21,53,21,6,7,26,25,27,91,140,30,31,29,8,1,2,43,164,39,34,167,41,41,62,38,108,108,46,47,32,1,34,179,20,37,62,171,62,56,50,59,230,29,30,15,34,232,78,139,165,64,103,66,74,73,26,75,93,95,76,74,120,81,82,90,117,85,86,87,24,93,218,74,92,87,126,77,112,37,98,202]
CFO=-539.9303670187198,STO=4
EsN0dB=3.03,GRXdB=10,N0=0.007943281903862953
packet_number=1940,correct=False,payload=[4,1,0,67,68,65,6,39,32,77,128,15,93,77,7,31,178,177,18,211,21,7,132,23,26,57,31,59,188,93,22,31,33,34,34,33,100,33,118,35,105,40,46,3,60,45,172,42,48,49,24,163,52,77,114,55,59,57,34,171,56,29,190,62,64,1,102,203,68,69,70,215,90,201,78,11,77,77,30,110,96,81,80,17,84,87,21,85,81,220,14,114,93,93,28,92,100,33,3,251]
CFO=-1325.770192875459,STO=7
EsN0dB=3.49,GRXdB=10,N0=0.007943281903862953
packet_number=1941,correct=False,payload=[54,73,2,47,132,73,46,7,18,17,10,22,60,69,14,14,2,24,83,51,18,21,30,63,20,27,26,35,60,23,126,94,160,65,2,103,36,63,230,47,136,17,58,11,12,43,174,15,48,48,50,43,56,117,86,119,112,123,248,43,92,158,252,127,208,65,78,91,7,225,78,87,72,201,82,71,72,93,149,79,112,80,16,114,70,103,70,79,24,57,90,121,88,29,108,95,100,225,70,97]
CFO=-1157.554373005681,STO=5
EsN0dB=2.95,GRXdB=10,N0=0.007943281903862953
packet_number=1942,correct=False,payload=[16,1,0,11,28,45,135,7,204,73,8,15,8,223,10,15,144,189,129,18,86,21,60,55,24,57,158,27,92,23,26,31,52,33,32,35,0,97,43,103,32,176,43,75,12,47,46,143,50,89,49,51,48,55,22,63,56,59,59,51,60,187,254,191,80,65,192,67,67,69,70,98,33,89,136,75,140,236,78,101,216,241,82,82,84,93,23,6,94,125,90,91,126,221,90,79,104,225,96,67]
CFO=-1403.9936458230686,STO=4
EsN0dB=3.51,GRXdB=10,N0=0.007943281903862953
packet_number=1943,correct=False,payload=[176,1,4,3,44,108,4,13,0,108,14,9,12,13,10,95,16,16,2,147,22,53,68,23,26,19,10,50,24,13,26,31,32,33,32,42,36,172,118,181,41,41,186,43,116,45,110,127,240,57,66,51,44,53,52,23,56,57,248,59,188,45,60,15,16,81,82,3,6,71,70,71,92,3,66,238,202,73,132,79,107,85,82,83,80,85,94,83,88,73,82,93,209,85,30,73,96,121,98,98]
CFO=-1142.8480033693243,STO=6
EsN0dB=2.53,GRXdB=10,N0=0.007943281903862953
packet_number=1944,correct=False,payload=[68,145,74,3,132,15,2,7,10,9,11,3,8,14,12,11,64,21,18,27,52,149,62,31,56,153,26,26,143,157,30,23,0,49,34,3,36,117,38,39,40,36,190,43,36,69,46,173,112,55,50,19,180,52,56,179,250,27,59,186,60,61,58,27,65,64,66,3,72,85,70,70,64,200,26,64,72,9,70,111,80,65,82,83,51,21,86,215,90,123,202,83,205,89,89,30,112,105,162,98]
CFO=-447.12736539512383,STO=5
EsN0dB=3.54,GRXdB=10,N0=0.007943281903862953
packet_number=1945,correct=False,payload=[128,1,6,3,4,4,246,70,120,152,10,59,142,9,143,59,0,19,50,147,133,21,30,151,56,89,62,31,28,13,93,191,160,32,2,34,164,37,180,39,168,41,142,41,44,47,61,30,112,17,18,71,176,57,150,119,56,49,234,59,188,49,62,63,226,85,67,99,68,197,78,85,96,83,91,107,125,205,206,199,64,73,84,86,76,85,22,65,154,89,219,91,28,253,94,119,97,36,98,7]
CFO=-372.1041406648806,STO=4
EsN0dB=3.55,GRXdB=10,N0=0.007943281903862953
packet_number=1946,correct=False,payload=[1,129,7,19,6,205,6,21,72,9,10,43,14,29,15,5,146,193,3,3,52,81,78,23,28,8,30,27,26,29,91,31,36,33,98,3,164,5,70,36,40,40,10,43,44,125,46,108,53,113,50,58,20,37,46,119,8,155,58,57,116,21,30,55,4,80,66,67,68,197,70,127,72,201,75,75,72,77,13,79,112,1,66,81,68,81,82,21,72,89,22,91,92,93,124,94,114,177,74,103]
CFO=-616.7548169832078,STO=3
EsN0dB=3.35,GRXdB=10,N0=0.007943281903862953
packet_number=1947,correct=False,payload=[68,25,2,75,0,1,22,87,8,8,42,26,44,9,15,15,16,80,146,18,28,20,18,7,16,24,218,11,60,13,15,31,100,32,162,163,52,161,50,55,96,45,42,111,172,15,174,99,16,49,114,177,49,181,52,52,56,57,59,59,188,53,154,63,64,193,66,107,76,213,70,99,200,43,234,111,93,4,14,111,64,80,86,115,84,85,84,17,116,73,66,95,76,93,220,67,112,247,98,226]
CFO=-801.5777200693102,STO=3
EsN0dB=3.50,GRXdB=10,N0=0.007943281903862953
packet_number=1948,correct=False,payload=[0,71,20,67,4,213,7,177,72,9,138,26,108,45,14,7,20,177,26,19,20,92,214,151,8,27,10,25,28,28,60,29,96,49,34,35,52,165,6,70,40,40,170,35,46,77,46,47,116,241,114,51,52,4,246,54,186,185,186,59,60,62,126,127,96,81,86,98,69,69,22,87,72,64,75,201,92,13,78,79,84,65,82,91,84,23,86,95,16,93,88,82,0,221,94,239,92,97,98,35]
CFO=-955.1569544403453,STO=1
EsN0dB=3.10,GRXdB=10,N0=0.007943281903862953
packet_number=1949,correct=False,payload=[135,138,131,102,197,115,36,200,192,66,196,73,146,0,97,3,195,1,65,131,224,188,198,192,224,12,1,179,134,2,3,10,199,1,211,7,226,24,138,204,217,234,44,224,227,15,237,203,193,201,227,203,220,28,108,28,77,133,69,215,238,14,10,142,239,143,198,199,240,0,81,0,209,11,195,0,243,2,28,195,115,9,209,209,16,28,70,150,223,216,72,87,198,150,14,195,204,19,88,155]
CFO=-1504.2826414987044,STO=5
EsN0dB=3.74,GRXdB=10,N0=0.007943281903862953
packet_number=1950,correct=False,payload=[138,205,51,67,34,20,6,7,37,35,8,122,10,13,132,22,16,17,26,22,22,85,22,23,17,153,90,219,92,53,62,31,32,40,33,35,36,5,44,7,44,42,42,41,77,45,46,45,42,24,50,114,124,53,54,55,56,91,112,179,60,29,62,71,68,121,2,67,68,14,230,199,74,41,74,75,140,77,26,95,80,85,144,87,68,208,118,67,8,89,202,91,254,20,95,93,96,96,99,35]
CFO=-1121.4163875736397,STO=5
EsN0dB=3.19,GRXdB=10,N0=0.007943281903862953
packet_number=1951,correct=False,payload=[81,214,8,192,8,45,147,20,24,40,113,38,172,173,48,52,104,60,67,69,40,204,16,92,88,92,64,97,110,116,50,104,120,57,132,164,136,156,145,21,152,144,200,164,140,200,50,186,185,188,192,100,216,214,208,244,216,156,226,228,249,100,176,245,248,239,137,197,1,13,23,17,219,24,33,36,41,47,49,21,123,29,73,69,85,141,210,21,113,94,96,119,107,239,113,117,56,125,129,133]
CFO=-1384.0090577781075,STO=5
EsN0dB=3.07,GRXdB=10,N0=0.007943281903862953
packet_number=1952,correct=False,payload=[0,17,2,11,4,5,6,135,8,169,8,10,72,12,5,43,18,17,24,87,20,22,88,54,24,80,90,91,156,28,30,87,178,49,51,178,164,231,170,39,24,40,42,107,44,169,58,43,16,49,122,59,52,61,82,51,122,43,122,171,92,57,56,191,73,201,66,67,68,101,68,199,90,93,75,75,76,69,84,79,80,81,146,83,86,85,68,199,88,91,75,123,92,124,26,119,121,192,86,99]
CFO=-488.94881526855613,STO=6
EsN0dB=3.31,GRXdB=10,N0=0.007943281903862953
packet_number=1953,correct=False,payload=[133,3,98,131,45,5,78,22,10,13,10,39,12,72,35,5,16,21,18,27,20,148,20,23,24,27,26,128,60,93,62,95,177,131,160,35,60,33,6,171,10,19,42,15,172,46,44,107,32,49,50,51,52,1,54,86,184,27,187,27,60,189,46,157,1,71,2,83,68,85,84,103,72,105,75,11,108,79,204,47,80,85,198,64,55,197,87,86,88,73,234,90,92,93,114,27,37,96,112,103]
CFO=-1951.491767578424,STO=3
EsN0dB=3.59,GRXdB=10,N0=0.007943281903862953
packet_number=1954,correct=False,payload=[0,3,2,129,22,45,22,151,44,73,155,11,14,13,78,15,16,5,18,25,84,84,167,215,60,48,30,31,24,28,94,26,148,8,99,49,44,166,34,35,32,41,42,43,40,101,46,47,49,49,50,50,48,180,53,53,121,57,26,59,112,37,62,63,8,97,227,67,68,100,198,71,192,64,74,79,140,78,110,201,112,82,86,83,197,117,245,254,25,123,90,31,92,27,30,31,253,209,226,195]
CFO=-885.2440985914468,STO=4
EsN0dB=3.12,GRXdB=10,N0=0.007943281903862953
packet_number=1955,correct=False,payload=[7,8,34,135,14,21,2,6,24,1,162,11,140,41,10,111,112,49,18,146,86,86,150,87,24,25,10,9,28,13,74,11,40,163,34,35,4,165,6,103,104,41,10,43,38,61,110,55,112,49,178,54,52,55,182,22,56,185,58,115,62,60,31,31,0,97,82,67,68,197,71,71,192,122,10,75,204,79,78,85,85,81,74,115,86,85,94,77,88,127,94,73,84,221,198,27,240,1,98,67]
CFO=-712.9473592722592,STO=4
EsN0dB=2.95,GRXdB=10,N0=0.007943281903862953
packet_number=1956,correct=False,payload=[32,18,130,14,69,5,6,23,16,9,142,11,12,12,143,15,2,16,18,18,28,25,82,85,2,25,42,27,24,189,126,23,33,37,34,171,228,41,102,183,105,49,56,13,172,109,14,75,176,52,16,27,55,53,52,183,50,41,120,54,124,20,63,53,72,1,98,75,68,72,7,23,73,11,224,105,205,69,46,14,16,81,114,73,82,21,95,95,122,91,122,63,140,252,124,93,96,97,96,99]
CFO=-675.1401870719595,STO=5
EsN0dB=3.07,GRXdB=10,N0=0.007943281903862953
packet_number=1957,correct=False,payload=[0,1,134,19,36,165,28,135,24,31,12,11,8,93,6,14,16,49,146,19,20,145,22,7,4,25,26,31,214,157,30,155,1,97,18,35,104,53,38,35,41,105,40,43,60,12,62,47,48,48,54,35,49,48,54,103,27,61,58,62,126,61,62,173,192,87,66,67,100,204,22,95,32,9,6,91,77,29,66,202,112,112,82,83,212,21,84,87,88,85,82,82,92,95,94,82,232,97,99,99]
CFO=-1303.0081131476993,STO=6
EsN0dB=2.88,GRXdB=10,N0=0.007943281903862953
packet_number=1958,correct=False,payload=[150,1,2,195,172,199,6,7,136,137,26,43,14,13,222,109,49,121,34,151,149,53,20,23,152,25,154,27,29,173,26,23,96,165,66,47,38,172,110,39,232,169,162,107,44,28,63,63,45,49,54,34,52,17,54,164,59,24,250,122,40,56,62,27,68,71,206,194,6,77,70,7,72,40,74,11,77,89,74,239,64,211,90,19,132,85,102,85,88,89,218,91,124,93,105,27,80,229,234,227]
CFO=-1014.2700479828535,STO=4
EsN0dB=3.03,GRXdB=10,N0=0.007943281903862953
packet_number=1959,correct=False,payload=[196,213,34,21,4,13,68,151,10,73,138,2,12,45,14,159,16,17,18,147,144,145,22,151,56,89,26,19,26,30,30,79,32,49,46,171,36,6,38,53,32,42,40,35,180,45,172,57,176,56,34,179,52,85,22,182,58,121,114,107,60,61,190,62,224,75,74,89,68,71,70,71,8,9,74,107,108,85,7,91,80,96,80,2,210,121,23,211,90,89,216,95,60,95,55,79,32,113,98,97]
CFO=-1366.9469843561349,STO=5
EsN0dB=3.62,GRXdB=10,N0=0.007943281903862953
packet_number=1960,correct=False,payload=[16,39,3,0,0,4,6,14,26,2,9,75,12,13,15,15,17,33,56,19,20,29,146,22,24,201,154,43,28,157,20,223,34,161,34,51,44,5,10,47,132,227,170,34,44,45,188,15,56,49,178,18,36,241,54,53,188,51,187,123,62,25,30,62,192,67,102,67,68,5,66,71,78,121,74,74,76,73,202,79,80,89,54,83,84,113,118,86,218,89,123,91,94,11,94,94,101,225,98,111]
CFO=-761.9813584715846,STO=4
EsN0dB=3.14,GRXdB=10,N0=0.007943281903862953
packet_number=1961,correct=False,payload=[68,80,34,155,20,5,36,7,3,1,10,195,136,41,14,15,16,16,18,27,20,148,14,23,29,88,146,27,58,157,62,31,32,33,35,33,36,39,166,39,32,33,104,139,46,61,37,245,176,51,54,50,52,55,246,39,57,57,43,51,172,61,62,63,80,64,86,65,7,7,102,75,72,72,72,137,76,238,78,21,81,81,86,87,84,85,94,71,88,90,210,91,204,109,90,31,112,112,67,99]
CFO=-452.94767077926133,STO=4
EsN0dB=3.32,GRXdB=10,N0=0.007943281903862953
packet_number=1962,correct=False,payload=[72,145,42,3,5,5,6,7,9,25,26,3,12,125,136,15,16,80,144,19,148,21,117,13,220,57,10,27,220,13,6,93,32,35,2,35,44,101,38,35,169,169,234,43,164,45,44,47,48,53,186,33,52,109,55,39,56,25,62,59,174,61,62,38,192,65,6,97,96,70,68,37,12,65,108,67,68,149,78,47,72,81,82,67,228,85,22,247,221,89,120,83,84,29,95,111,74,195,107,99]
CFO=-1005.093522821399,STO=4
EsN0dB=3.13,GRXdB=10,N0=0.007943281903862953
packet_number=1963,correct=False,payload=[4,197,32,3,4,37,38,21,24,13,26,11,141,5,92,23,17,81,50,3,0,23,22,55,26,17,42,25,16,61,31,31,64,161,3,33,164,33,15,191,160,41,10,47,45,61,46,47,48,49,114,19,11,55,244,247,56,57,58,115,113,61,62,63,81,0,66,75,68,196,84,71,8,75,250,234,76,77,68,63,84,72,210,115,84,93,22,87,208,216,3,91,84,93,78,92,96,101,98,99]
CFO=-785.1809971930484,STO=4
EsN0dB=3.03,GRXdB=10,N0=0.007943281903862953
packet_number=1964,correct=False,payload=[115,241,148,144,32,176,6,213,65,116,210,208,160,168,208,208,161,220,7,81,51,49,65,113,192,113,138,144,177,144,97,195,163,242,130,18,2,22,194,55,178,50,128,208,166,242,198,211,226,242,7,3,99,183,197,67,66,121,151,49,165,145,67,211,183,244,116,53,92,52,100,84,112,118,196,148,165,36,246,214,228,231,133,21,164,149,87,81,101,145,199,151,228,244,197,212,225,242,38,22]
CFO=-1332.8361184355758,STO=5
EsN0dB=3.10,GRXdB=10,N0=0.007943281903862953
packet_number=1965,correct=False,payload=[47,210,220,4,68,42,4,28,86,88,20,48,52,32,237,58,84,8,190,192,100,72,73,80,104,88,93,112,118,32,232,72,70,92,26,0,149,136,141,128,159,152,220,160,212,160,12,233,164,176,176,132,197,204,108,208,220,221,156,248,228,233,36,248,240,152,253,65,13,233,15,16,21,21,29,96,37,33,13,57,5,41,53,65,245,73,84,80,5,27,88,193,97,96,109,49,229,121,29,133]
CFO=-1260.2516032621118,STO=7
EsN0dB=2.67,GRXdB=10,N0=0.007943281903862953
packet_number=1966,correct=False,payload=[68,183,1,129,194,35,5,5,137,7,15,145,10,75,9,5,7,15,20,16,22,18,148,21,30,147,8,89,138,155,44,28,158,30,224,1,38,35,164,45,178,7,49,105,158,51,5,33,52,39,164,50,113,51,36,49,62,126,56,57,58,26,152,61,98,183,82,65,9,163,150,7,94,206,73,65,74,203,12,205,79,15,216,57,83,67,52,68,87,87,88,83,68,211,124,81,94,95,96,225]
CFO=-1061.6694263886263,STO=5
EsN0dB=3.23,GRXdB=10,N0=0.007943281903862953
packet_number=1967,correct=False,payload=[179,129,214,3,44,13,7,15,12,5,26,11,128,77,34,5,113,16,19,19,12,21,28,7,92,139,26,27,80,13,14,25,176,97,178,43,172,53,162,53,136,185,42,35,36,13,42,47,48,61,50,51,61,62,55,63,112,185,30,27,24,60,30,31,65,161,110,67,68,84,102,103,89,77,74,9,220,205,238,67,80,149,66,83,84,213,66,87,72,91,94,219,84,93,222,87,96,97,66,99]
CFO=-1551.918704931966,STO=4
EsN0dB=3.43,GRXdB=10,N0=0.007943281903862953
packet_number=1968,correct=False,payload=[0,1,194,67,6,5,34,23,72,89,26,9,12,28,142,7,16,17,147,17,16,4,22,19,28,83,18,31,28,27,30,223,44,0,42,35,100,39,62,39,8,161,108,42,44,40,166,111,97,49,166,23,52,17,62,63,121,57,58,63,28,189,54,59,5,113,74,65,4,77,102,7,0,100,107,10,76,89,94,71,192,17,14,27,116,21,23,87,88,213,122,123,244,93,18,29,104,113,96,99]
CFO=-642.7979962653817,STO=3
EsN0dB=3.13,GRXdB=10,N0=0.007943281903862953
packet_number=1969,correct=False,payload=[208,1,7,3,1,129,51,7,136,11,138,91,13,137,14,47,0,147,18,19,54,84,55,23,24,25,91,87,60,25,86,92,34,49,38,115,55,101,16,39,60,40,2,11,109,45,38,47,48,113,55,177,20,117,180,151,218,121,58,59,189,61,126,127,96,68,82,35,228,104,70,39,74,83,9,79,12,77,110,87,92,81,82,67,84,212,80,215,16,217,218,91,76,125,30,95,193,33,58,101]
CFO=-818.199625744771,STO=5
EsN0dB=3.09,GRXdB=10,N0=0.007943281903862953
packet_number=1970,correct=False,payload=[20,5,2,131,96,149,6,7,0,77,138,27,14,11,12,65,128,25,26,27,84,32,6,134,28,89,26,19,93,153,14,154,164,33,98,99,16,37,38,199,232,40,170,106,40,41,46,47,178,49,186,19,32,53,55,62,56,57,58,26,56,45,46,127,64,227,66,194,4,101,212,71,72,208,74,75,108,28,76,79,208,81,82,115,68,69,208,86,90,89,90,91,76,69,88,95,96,97,66,98]
CFO=-659.4509698151921,STO=4
EsN0dB=3.23,GRXdB=10,N0=0.007943281903862953
packet_number=1971,correct=False,payload=[16,137,134,130,0,13,22,14,57,137,10,82,44,9,15,79,208,24,16,147,20,21,22,3,16,169,56,89,60,54,62,223,2,33,98,50,38,37,47,35,120,169,172,43,172,109,14,47,112,179,50,51,53,21,54,55,56,43,34,56,40,42,48,188,84,81,88,3,68,81,70,111,88,9,139,73,86,69,78,79,80,1,83,211,68,117,87,231,113,124,91,90,157,93,94,29,106,105,98,103]
CFO=-577.8108214569895,STO=7
EsN0dB=3.21,GRXdB=10,N0=0.007943281903862953
packet_number=1972,correct=False,payload=[16,75,2,3,0,5,70,6,218,73,128,139,12,141,30,15,232,19,18,18,84,13,63,23,26,73,42,59,28,28,190,95,3,34,34,35,44,39,46,183,232,72,32,35,60,13,238,38,48,177,96,115,37,37,182,119,56,186,58,51,248,49,62,43,72,3,192,242,76,197,102,86,24,105,2,107,214,77,70,15,120,145,2,83,84,215,158,87,88,57,122,120,216,89,212,247,68,37,103,102]
CFO=-799.5163903221415,STO=4
EsN0dB=2.40,GRXdB=10,N0=0.009999999776482582
packet_number=1973,correct=False,payload=[196,45,135,113,84,32,64,48,66,211,64,113,113,210,160,176,193,80,224,81,19,4,64,33,75,113,97,119,193,146,161,178,209,213,228,241,20,16,162,178,2,86,6,114,154,134,162,178,170,155,255,235,131,83,231,51,249,81,47,114,130,245,135,147,218,215,163,156,4,4,33,112,100,68,119,66,188,84,176,180,132,236,100,213,138,177,45,37,28,69,45,113,161,133,173,245,198,221,237,247]
CFO=-1272.458550549067,STO=3
EsN0dB=2.68,GRXdB=10,N0=0.009999999776482582
packet_number=1974,correct=False,payload=[5,95,26,226,14,33,90,97,160,12,226,65,93,224,69,229,131,245,195,224,14,18,65,133,34,162,192,235,131,163,81,107,211,129,97,176,86,174,84,36,164,188,132,229,165,52,71,102,129,165,201,230,134,78,6,68,134,198,150,227,135,39,202,35,131,167,199,104,50,168,200,104,136,171,195,219,1,233,106,233,201,169,88,234,10,254,8,106,202,164,202,239,99,74,75,103,155,227,235,238]
CFO=-385.33644638504944,STO=2
EsN0dB=2.81,GRXdB=10,N0=0.009999999776482582
packet_number=1975,correct=False,payload=[74,186,241,34,32,196,64,192,0,233,241,137,229,192,122,65,17,192,219,1,1,40,32,129,33,131,226,59,35,103,103,193,177,3,105,6,38,201,50,207,18,192,231,13,48,101,205,159,129,229,82,2,230,94,98,192,150,66,99,1,103,134,69,199,207,143,184,207,12,192,121,141,161,200,192,131,161,1,173,234,171,223,234,14,62,104,99,165,243,228,226,83,165,73,110,137,33,218,196,12]
CFO=-1244.1095895236483,STO=5
EsN0dB=1.77,GRXdB=10,N0=0.009999999776482582
packet_number=1976,correct=False,payload=[46,1,234,7,4,133,135,15,8,13,82,59,60,73,2,39,116,19,17,23,130,21,30,29,26,155,146,25,152,63,30,31,226,33,34,87,40,5,118,175,120,43,42,11,44,36,38,46,56,97,51,53,12,59,48,191,40,36,40,59,251,109,62,63,64,96,97,51,196,7,70,71,9,75,70,195,92,157,222,109,22,27,99,145,87,67,86,85,92,195,212,193,220,92,218,79,96,128,34,99]
CFO=-1311.5001964360754,STO=4
EsN0dB=2.11,GRXdB=10,N0=0.009999999776482582
packet_number=1977,correct=False,payload=[36,9,26,3,166,5,66,6,40,154,10,11,28,221,14,55,16,19,50,50,16,21,12,151,89,26,12,1,12,13,26,31,32,45,66,59,5,39,166,130,40,235,106,43,188,9,158,171,48,121,58,119,84,21,182,44,40,57,58,235,180,125,62,55,82,48,67,3,71,15,4,199,88,65,111,202,72,64,103,7,20,125,91,19,84,95,90,89,244,121,218,91,73,213,94,89,64,105,102,99]
CFO=-1300.116310660041,STO=3
EsN0dB=2.25,GRXdB=10,N0=0.009999999776482582
packet_number=1978,correct=False,payload=[130,65,4,39,4,142,7,37,152,43,11,138,12,29,110,142,18,25,50,16,25,20,150,55,64,9,63,27,222,29,154,111,36,53,62,51,32,7,38,119,136,1,238,43,46,13,6,255,52,51,242,73,48,55,62,53,52,61,124,27,184,169,62,183,68,83,2,75,80,65,70,79,98,65,67,218,104,7,74,111,225,211,114,67,119,65,226,215,16,88,74,90,93,13,6,25,116,236,227,99]
CFO=-1237.4682977728687,STO=6
EsN0dB=1.70,GRXdB=10,N0=0.009999999776482582
packet_number=1979,correct=False,payload=[0,9,22,33,4,141,7,31,40,73,10,11,45,47,130,21,19,65,80,23,84,117,86,26,136,153,131,58,30,93,75,15,48,43,171,35,4,103,55,39,72,25,235,106,104,40,42,175,17,59,58,55,36,53,55,63,24,184,45,122,58,173,184,63,68,65,210,35,84,26,71,71,72,89,11,185,205,77,91,183,192,83,90,118,94,87,86,215,93,87,80,75,12,119,220,121,96,225,98,249]
CFO=-1858.2745078668866,STO=6
EsN0dB=2.20,GRXdB=10,N0=0.009999999776482582
packet_number=1980,correct=False,payload=[194,1,128,3,4,71,2,38,81,9,10,9,15,13,29,13,16,57,84,211,20,17,34,189,204,146,24,219,60,61,252,31,32,46,54,43,52,167,36,47,44,165,42,3,172,109,42,47,16,57,50,153,116,55,49,54,74,57,62,58,124,143,58,22,65,65,66,1,52,197,70,199,64,201,91,75,68,81,207,126,88,89,90,83,64,212,146,247,80,89,117,31,82,124,122,91,101,97,121,103]
CFO=-1319.3753096853616,STO=7
EsN0dB=2.35,GRXdB=10,N0=0.009999999776482582
packet_number=1981,correct=False,payload=[217,1,3,15,4,13,7,12,152,13,2,13,78,57,31,76,1,12,6,107,6,5,148,78,136,25,91,27,157,159,30,31,178,32,226,3,4,52,163,7,120,12,12,163,36,46,46,15,50,49,32,50,243,63,183,35,24,49,60,42,60,61,28,251,70,161,67,195,116,37,94,198,24,200,155,107,237,73,92,206,65,199,114,219,196,84,86,87,92,25,94,123,60,85,76,223,36,64,102,99]
CFO=-1177.0862238587827,STO=4
EsN0dB=2.49,GRXdB=10,N0=0.009999999776482582
packet_number=1982,correct=False,payload=[64,16,14,21,148,1,50,154,138,25,26,67,13,5,102,13,17,151,19,23,28,17,149,21,136,121,26,13,92,61,62,27,33,51,67,97,36,225,37,183,42,41,182,107,108,52,47,31,113,49,50,179,54,119,62,117,40,57,184,62,56,61,62,167,64,101,98,67,12,197,102,67,72,201,10,25,100,165,10,81,88,113,74,74,80,229,206,86,236,89,218,202,144,87,206,31,226,101,50,99]
CFO=-1123.8976672330584,STO=5
EsN0dB=2.08,GRXdB=10,N0=0.009999999776482582
packet_number=1983,correct=False,payload=[159,15,96,91,5,0,57,65,146,7,199,3,132,132,140,45,5,78,7,7,140,40,141,8,171,43,191,27,156,68,149,221,140,12,141,13,208,34,145,48,34,146,147,81,159,80,149,63,147,150,167,150,185,156,137,4,150,72,194,27,157,126,219,28,190,26,215,131,188,100,45,160,226,242,34,35,164,108,164,43,230,39,166,37,169,12,137,9,234,34,127,42,44,108,236,181,190,46,175,59]
CFO=-1232.8824660754399,STO=4
EsN0dB=2.10,GRXdB=10,N0=0.009999999776482582
packet_number=1984,correct=False,payload=[114,67,22,71,20,7,34,71,140,203,42,171,28,12,46,7,13,177,88,51,31,5,22,21,24,9,123,59,150,13,30,23,0,43,32,163,32,61,230,39,8,153,106,43,40,25,46,175,176,161,34,50,54,37,54,119,58,49,57,43,120,253,63,63,98,65,194,72,4,69,78,199,74,73,202,90,78,77,106,95,20,84,18,91,220,93,54,70,248,155,90,91,88,85,94,91,96,7,106,99]
CFO=-1568.5572117616593,STO=2
EsN0dB=2.73,GRXdB=10,N0=0.009999999776482582
packet_number=1985,correct=False,payload=[102,38,64,52,48,16,221,72,160,68,200,140,240,200,192,225,241,3,57,132,184,72,8,161,121,194,145,153,184,199,193,241,250,2,130,2,30,97,123,98,52,97,146,130,146,241,226,98,243,99,17,32,51,67,83,226,115,201,147,179,171,135,242,51,244,14,21,36,48,6,116,70,84,69,190,37,164,245,61,228,249,140,61,39,52,13,249,180,37,106,149,135,180,64,214,225,226,103,21,46]
CFO=-884.0051188771607,STO=4
EsN0dB=2.36,GRXdB=10,N0=0.009999999776482582
packet_number=1986,correct=False,payload=[137,19,2,2,14,5,6,180,196,19,170,75,12,40,14,143,210,17,130,19,228,69,86,22,24,25,88,26,24,216,22,86,32,40,164,67,32,37,70,63,32,238,184,43,252,45,46,111,56,25,186,51,38,53,211,55,24,249,78,59,100,60,42,189,100,65,70,75,116,65,78,9,88,26,72,211,93,69,46,79,80,65,82,195,69,215,84,83,86,57,106,90,94,93,231,87,165,104,69,227]
CFO=-1502.0934235741076,STO=3
EsN0dB=2.42,GRXdB=10,N0=0.009999999776482582
packet_number=1987,correct=False,payload=[0,161,3,71,148,5,7,84,8,27,142,193,0,21,94,15,0,1,34,129,16,20,30,69,11,25,26,159,28,152,158,127,48,33,39,163,52,45,36,55,41,41,44,139,46,200,6,54,34,23,52,49,57,189,50,118,249,113,62,58,63,172,223,179,65,145,0,19,78,69,102,231,3,89,90,105,92,90,30,6,213,211,210,51,112,135,70,5,82,213,31,221,94,89,62,90,97,113,224,111]
CFO=-1042.483709601276,STO=4
EsN0dB=2.64,GRXdB=10,N0=0.009999999776482582
packet_number=1988,correct=False,payload=[8,145,0,11,6,38,6,32,8,3,71,7,6,13,140,29,28,80,18,19,13,181,94,7,56,89,26,159,14,22,222,31,60,5,34,242,30,37,165,166,10,33,42,63,45,45,43,171,38,25,50,59,112,23,30,179,24,33,90,159,60,21,126,173,208,101,68,82,68,133,196,71,42,203,64,75,80,75,15,78,116,81,22,86,210,113,212,23,88,73,122,91,124,149,86,110,173,1,112,115]
CFO=-731.4553932278974,STO=1
EsN0dB=2.15,GRXdB=10,N0=0.009999999776482582
packet_number=1989,correct=False,payload=[127,25,6,21,64,17,16,129,30,151,22,71,8,76,14,177,16,77,199,111,32,29,8,27,10,89,4,2,40,153,92,118,220,95,206,13,0,0,129,67,160,3,150,51,184,136,14,22,148,51,143,14,9,65,176,59,102,146,214,63,29,28,170,27,30,28,182,31,129,96,85,163,175,13,198,199,136,1,65,103,230,69,207,75,162,97,112,227,188,44,157,11,12,233,222,53,116,23,7,46]
CFO=-1640.656380333164,STO=1
EsN0dB=2.64,GRXdB=10,N0=0.009999999776482582
packet_number=1990,correct=False,payload=[85,231,24,17,10,18,12,196,4,15,122,1,10,43,4,205,10,47,60,160,91,147,18,13,22,22,0,139,26,43,252,5,24,25,72,166,163,127,96,229,54,37,32,169,56,171,45,45,62,41,57,114,50,19,246,245,54,51,252,105,55,25,61,20,146,62,66,5,16,99,100,81,5,97,12,89,74,143,110,79,106,207,193,81,82,243,80,223,87,219,216,217,92,24,124,153,222,91,96,98]
CFO=-1401.8222148494353,STO=5
EsN0dB=2.25,GRXdB=10,N0=0.009999999776482582
packet_number=1991,correct=False,payload=[8,1,131,66,4,1,36,143,130,1,14,138,13,20,47,15,16,25,98,59,52,5,22,141,17,120,26,79,214,21,61,31,163,35,1,34,165,52,34,37,40,104,42,111,173,45,42,109,49,44,134,59,180,53,62,23,36,19,48,51,156,249,62,62,64,69,74,91,70,245,6,39,64,1,74,75,76,207,198,43,210,80,147,67,86,30,126,87,192,73,82,95,220,201,247,93,224,97,46,71]
CFO=-1579.9913753190838,STO=6
EsN0dB=2.27,GRXdB=10,N0=0.009999999776482582
packet_number=1992,correct=False,payload=[12,13,130,19,100,96,6,39,12,77,107,11,28,205,138,205,144,17,114,26,20,53,135,86,24,29,26,57,28,31,156,31,32,37,162,34,84,146,38,119,72,41,74,58,44,44,46,39,50,33,48,19,28,181,118,17,249,224,26,27,181,29,62,191,2,97,69,147,69,192,92,103,96,89,68,9,68,93,102,79,16,18,99,19,84,81,90,31,89,216,90,123,92,125,94,77,101,69,99,73]
CFO=-736.9519168146613,STO=4
EsN0dB=2.58,GRXdB=10,N0=0.009999999776482582
packet_number=1993,correct=False,payload=[32,9,6,3,70,4,7,133,56,73,10,5,36,13,62,15,16,16,22,149,22,49,22,23,120,88,154,23,156,150,20,117,32,97,6,50,36,45,39,167,59,105,34,71,60,111,171,171,52,153,32,51,48,52,60,35,120,153,122,93,60,44,184,51,6,129,66,69,76,67,101,71,108,59,10,91,86,77,86,143,81,229,89,195,93,85,210,94,74,123,31,75,108,220,220,81,165,98,96,99]
CFO=-164.74199870167362,STO=6
EsN0dB=2.33,GRXdB=10,N0=0.009999999776482582
packet_number=1994,correct=False,payload=[218,32,132,202,157,112,52,88,94,52,61,188,5,20,156,44,92,128,71,200,204,144,68,88,28,102,125,72,204,240,54,251,236,136,137,136,172,49,176,144,156,33,180,168,167,20,0,250,252,64,212,216,142,145,206,206,217,232,193,232,169,240,244,185,61,52,133,13,173,6,7,157,29,5,124,40,109,113,180,252,61,11,69,202,89,27,209,121,95,97,117,109,45,117,112,81,125,195,37,9]
CFO=-1729.5499880044758,STO=3
EsN0dB=1.83,GRXdB=10,N0=0.009999999776482582
packet_number=1995,correct=False,payload=[4,1,37,15,76,215,38,213,70,11,26,11,4,13,46,63,152,17,23,70,0,134,22,22,126,81,98,155,36,13,87,77,2,77,146,34,36,37,55,47,88,9,44,43,104,184,60,127,184,56,112,35,54,45,18,63,60,33,59,63,109,54,55,95,64,75,74,71,196,229,68,215,233,239,88,95,78,73,207,75,112,81,214,99,84,85,94,86,88,92,86,123,14,93,94,94,99,43,122,75]
CFO=-1673.6867482725224,STO=2
EsN0dB=2.46,GRXdB=10,N0=0.009999999776482582
packet_number=1996,correct=False,payload=[251,1,1,1,17,20,3,158,55,15,9,18,41,105,141,14,6,146,9,49,54,20,28,22,50,158,24,30,19,12,185,29,31,32,109,130,17,54,130,54,38,56,29,107,170,164,163,28,45,64,21,16,39,52,53,58,50,56,113,186,163,141,62,62,55,192,1,70,87,196,69,38,231,204,78,139,78,77,73,12,23,32,209,27,67,118,19,22,87,94,91,218,211,85,28,94,127,112,33,102]
CFO=-143.32481998118794,STO=5
EsN0dB=2.37,GRXdB=10,N0=0.009999999776482582
packet_number=1997,correct=True,payload=[0,33,26,3,164,1,20,31,24,137,3,75,12,37,79,15,80,97,58,18,181,7,151,35,16,65,24,27,28,56,92,151,48,44,66,227,61,39,2,231,12,40,42,107,41,76,194,102,178,17,32,35,52,54,52,183,124,156,186,89,191,109,244,39,2,73,66,97,72,194,70,71,104,9,10,75,69,13,94,82,89,80,102,91,92,87,87,87,92,73,26,83,40,109,78,126,100,230,106,107]
CFO=-1615.5378853417496,STO=4
EsN0dB=2.88,GRXdB=10,N0=0.009999999776482582
packet_number=1998,correct=False,payload=[0,7,14,7,6,132,10,7,40,139,10,7,142,8,38,157,19,16,18,49,16,26,84,27,12,17,187,1,16,12,14,38,50,33,38,161,37,37,54,38,188,11,42,47,56,196,238,174,188,169,51,51,172,52,53,31,40,24,59,43,189,125,46,189,102,65,67,65,109,201,88,71,233,76,74,75,76,124,38,5,80,48,72,3,76,85,86,87,232,89,104,91,28,93,95,127,64,227,110,109]
CFO=-447.6034034927456,STO=7
EsN0dB=2.46,GRXdB=10,N0=0.009999999776482582
packet_number=1999,correct=False,payload=[20,1,202,51,4,45,15,7,196,1,246,3,12,85,82,7,0,19,0,19,87,28,23,22,72,88,26,107,36,19,26,71,3,37,56,66,36,164,62,101,10,169,46,27,44,13,44,183,212,51,35,41,180,176,110,54,176,25,59,87,40,191,122,123,196,37,3,64,69,133,6,71,16,249,111,203,204,201,46,79,210,65,87,71,124,21,220,177,88,152,210,218,20,28,30,207,224,97,64,111]
CFO=-1453.9876660557347,STO=6
EsN0dB=2.37,GRXdB=10,N0=0.009999999776482582
packet_number=2000,correct=False,payload=[19,189,32,3,32,82,4,5,5,71,10,76,95,25,110,133,14,13,176,9,145,67,81,1,23,135,72,9,24,62,25,27,30,63,226,67,162,58,100,229,164,45,104,44,78,174,12,174,60,99,48,127,62,63,181,19,22,190,56,42,50,123,86,41,7,108,192,200,2,3,192,195,118,110,72,84,90,61,220,76,94,14,86,20,86,71,93,85,84,23,245,81,90,219,92,119,90,20,114,65]
CFO=-454.46480876169943,STO=3
EsN0dB=2.22,GRXdB=10,N0=0.009999999776482582
packet_number=2001,correct=False,payload=[50,84,2,67,76,35,150,5,136,40,8,73,5,9,12,47,32,145,176,17,28,20,86,118,140,25,18,155,92,189,54,151,40,37,112,39,164,53,6,71,57,57,42,172,111,33,44,97,178,250,54,181,52,1,63,63,144,57,180,123,52,45,188,63,112,89,66,67,86,34,94,70,76,29,107,171,104,73,135,76,128,69,66,91,220,212,116,71,84,89,122,113,88,63,126,79,231,225,54,55]
CFO=-1258.8522445399708,STO=5
EsN0dB=2.70,GRXdB=10,N0=0.009999999776482582
packet_number=2002,correct=False,payload=[0,54,2,206,16,37,131,7,25,17,74,43,25,5,14,27,68,157,23,50,24,157,54,93,16,25,10,58,12,85,158,95,160,187,4,163,44,85,51,63,44,41,170,49,44,41,46,13,112,52,52,58,21,191,54,178,24,121,171,122,58,57,62,189,66,80,65,71,199,101,34,71,220,95,74,89,45,0,198,107,81,83,182,31,84,17,87,151,81,121,92,89,94,124,94,18,104,97,110,98]
CFO=-551.0532589342818,STO=5
EsN0dB=2.05,GRXdB=10,N0=0.009999999776482582
packet_number=2003,correct=False,payload=[16,1,3,10,4,15,30,23,30,11,46,11,143,141,42,107,186,81,50,23,86,25,2,135,24,25,154,79,28,29,90,27,96,33,58,39,100,71,39,38,32,43,44,43,12,37,14,47,115,36,234,49,53,52,19,1,56,41,63,186,254,49,63,138,64,68,91,219,0,69,70,103,72,192,74,75,205,77,106,79,72,97,26,35,95,113,242,87,94,216,122,83,92,89,90,85,230,99,194,38]
CFO=-2001.3239265573218,STO=4
EsN0dB=1.95,GRXdB=10,N0=0.009999999776482582
packet_number=2004,correct=False,payload=[5,73,74,1,14,77,2,39,56,141,46,131,8,45,142,200,12,146,58,22,22,85,84,22,8,89,50,11,20,29,18,14,224,53,6,115,180,133,102,5,235,11,42,7,44,45,14,47,60,37,115,113,40,181,38,119,42,152,179,50,252,113,62,107,64,73,88,66,198,101,78,199,0,73,90,106,76,235,79,110,16,219,19,65,85,85,151,114,76,93,62,138,156,85,93,94,26,97,66,98]
CFO=-1120.6388606571854,STO=5
EsN0dB=2.16,GRXdB=10,N0=0.009999999776482582
packet_number=2005,correct=False,payload=[128,65,80,3,4,5,70,15,4,137,154,193,136,4,14,77,82,48,48,51,55,5,18,145,184,25,24,9,27,151,58,63,36,45,162,182,37,4,37,174,168,41,42,3,165,32,174,33,244,16,18,53,116,177,54,39,16,57,58,187,178,57,124,62,228,113,64,72,68,69,142,199,65,9,234,75,74,76,172,15,80,85,82,27,84,5,19,147,90,143,24,91,253,69,95,95,80,97,103,232]
CFO=-1380.263600223871,STO=5
EsN0dB=2.34,GRXdB=10,N0=0.009999999776482582
packet_number=2006,correct=False,payload=[150,176,36,57,0,19,28,23,70,7,10,15,40,10,28,136,141,12,16,83,82,11,38,245,135,87,88,131,90,56,93,13,62,21,0,33,42,98,36,45,126,167,32,41,42,39,238,37,36,47,48,48,2,61,13,37,22,39,24,57,186,59,125,57,94,34,64,208,5,3,102,69,86,106,104,77,104,203,14,95,78,15,89,75,80,91,80,245,118,87,104,88,90,121,77,21,126,11,112,105]
CFO=-409.0248112291557,STO=3
EsN0dB=2.25,GRXdB=10,N0=0.009999999776482582
packet_number=2007,correct=False,payload=[104,176,5,128,9,5,18,132,6,221,133,134,0,242,5,8,72,201,137,150,11,77,31,140,40,13,76,210,78,47,15,105,24,177,23,146,26,147,155,212,5,61,21,254,214,162,151,168,24,185,9,210,153,11,26,220,28,133,93,147,30,223,31,162,40,33,3,195,35,195,103,160,36,165,37,180,34,6,38,240,168,137,40,170,38,32,170,52,44,237,111,190,106,167,47,209,176,169,115,225]
CFO=-328.354170278141,STO=4
EsN0dB=2.49,GRXdB=10,N0=0.009999999776482582
packet_number=2008,correct=False,payload=[0,181,1,162,18,131,35,141,12,85,5,170,38,7,51,140,4,151,9,139,2,136,27,140,192,76,139,174,6,222,70,160,16,152,64,176,34,102,22,148,18,28,164,30,83,151,81,144,3,185,9,186,24,19,185,220,252,157,77,30,191,150,53,137,162,160,40,161,42,163,42,228,44,165,45,172,70,162,35,190,99,161,43,138,107,195,3,188,56,137,104,172,44,143,42,224,52,180,49,241]
CFO=-156.96459510301398,STO=0
EsN0dB=2.62,GRXdB=10,N0=0.009999999776482582
packet_number=2009,correct=False,payload=[144,176,2,64,160,40,64,132,49,56,161,58,210,25,112,105,80,124,208,136,20,10,8,105,208,56,132,145,128,81,224,40,240,185,3,1,129,62,41,25,60,125,195,1,130,83,103,105,115,249,161,128,161,41,227,33,227,240,199,232,187,209,129,163,177,80,2,25,18,24,6,56,54,46,72,82,90,91,83,236,34,22,74,137,48,40,242,168,179,187,14,205,208,218,216,140,99,250,106,90]
CFO=-1086.4076363684394,STO=6
EsN0dB=2.21,GRXdB=10,N0=0.009999999776482582
packet_number=2010,correct=False,payload=[97,1,10,1,45,15,174,3,90,29,1,35,69,29,78,207,1,49,26,49,16,149,22,54,24,129,70,81,144,29,30,87,49,161,110,3,6,36,6,102,32,41,56,54,124,45,238,61,176,177,50,19,180,51,54,165,96,57,180,59,60,26,30,63,75,65,4,65,92,92,86,65,202,27,10,8,89,204,78,207,80,81,114,209,117,215,58,87,8,27,251,27,88,93,204,23,224,33,106,230]
CFO=-1182.5412445599648,STO=6
EsN0dB=1.85,GRXdB=10,N0=0.009999999776482582
packet_number=2011,correct=False,payload=[16,67,34,7,180,213,4,23,8,9,138,9,60,13,24,43,144,49,50,155,15,177,22,7,60,5,18,123,28,53,252,143,0,229,34,35,37,4,20,51,56,41,171,107,110,36,238,34,36,97,64,55,36,35,36,245,88,58,43,126,93,56,47,63,104,97,2,66,200,88,66,195,72,71,79,107,100,73,130,206,16,85,50,83,116,5,74,17,8,81,122,219,220,189,95,223,0,99,98,111]
CFO=-1052.0521405822944,STO=5
EsN0dB=1.94,GRXdB=10,N0=0.009999999776482582
packet_number=2012,correct=False,payload=[1,16,130,33,36,32,7,7,78,192,106,27,44,61,14,45,0,19,17,27,8,149,22,85,8,88,155,157,28,93,94,95,40,99,35,35,36,45,35,127,168,34,58,10,32,47,47,132,34,23,114,18,116,17,54,54,90,121,50,58,61,181,62,55,80,83,34,15,101,133,206,81,72,91,74,91,76,12,94,69,80,81,18,87,68,85,86,71,176,121,221,154,120,237,94,93,114,97,102,99]
CFO=-1102.3070360957597,STO=3
EsN0dB=2.16,GRXdB=10,N0=0.009999999776482582
packet_number=2013,correct=False,payload=[0,1,91,107,36,5,2,131,44,7,195,75,10,141,30,91,52,17,144,27,148,93,46,23,25,13,186,8,120,124,30,27,153,115,187,35,134,52,181,101,32,53,174,79,108,45,246,39,16,51,162,50,52,183,116,63,93,40,122,23,60,52,30,39,64,64,98,67,162,76,69,3,64,235,138,11,204,236,222,207,81,201,23,21,116,207,118,254,80,102,74,123,117,221,124,95,32,65,202,99]
CFO=-1848.180768934077,STO=5
EsN0dB=2.33,GRXdB=10,N0=0.009999999776482582
packet_number=2014,correct=False,payload=[128,96,146,50,4,133,22,45,138,137,74,171,37,173,8,5,82,53,18,23,29,91,86,53,18,25,86,153,20,25,23,29,32,13,34,99,100,35,66,103,32,43,42,173,164,45,46,38,176,49,178,33,12,117,254,55,176,25,126,59,56,63,126,45,72,16,64,87,78,13,54,103,80,73,107,14,236,237,76,111,80,85,82,19,80,89,70,71,88,81,122,19,178,93,223,104,66,114,198,67]
CFO=-1159.9321326104916,STO=7
EsN0dB=2.68,GRXdB=10,N0=0.009999999776482582
packet_number=2015,correct=False,payload=[248,72,74,200,98,141,148,45,26,24,82,29,48,61,184,47,25,120,48,61,81,85,216,12,82,16,208,92,98,101,104,111,48,92,112,188,160,212,136,148,184,20,89,220,132,164,32,172,214,190,57,190,208,200,204,204,240,212,217,207,164,172,232,60,252,118,248,252,65,9,26,13,213,86,24,93,32,149,109,29,161,244,56,61,66,77,201,173,57,117,11,85,202,117,33,45,99,101,121,125]
CFO=-2519.5910916788116,STO=4
EsN0dB=2.19,GRXdB=10,N0=0.009999999776482582
packet_number=2016,correct=False,payload=[66,81,34,129,148,13,14,14,78,137,140,138,12,101,10,143,152,16,18,17,16,53,54,87,154,17,26,10,116,61,76,30,160,57,59,155,36,101,63,55,41,233,11,47,108,165,78,47,50,113,9,54,16,53,23,52,57,57,16,185,29,61,3,127,0,65,73,66,228,29,74,230,74,25,106,173,109,76,14,75,80,69,86,147,84,17,86,158,26,153,220,19,123,84,62,95,113,33,99,35]
CFO=-1244.559836542373,STO=5
EsN0dB=2.60,GRXdB=10,N0=0.009999999776482582
packet_number=2017,correct=False,payload=[128,132,8,67,82,14,135,34,4,141,199,133,2,31,134,6,140,88,138,9,139,14,138,3,13,8,5,140,143,5,143,23,179,20,145,215,146,62,241,18,131,76,189,149,150,222,211,126,196,25,189,9,152,26,57,155,154,28,183,37,158,127,159,31,160,48,137,41,162,162,241,34,168,162,37,37,176,22,185,46,136,46,41,43,11,174,237,139,168,42,180,44,174,46,175,7,168,54,164,129]
CFO=-943.7127116107081,STO=3
EsN0dB=2.11,GRXdB=10,N0=0.009999999776482582
packet_number=2018,correct=False,payload=[63,251,152,191,32,3,10,69,132,76,7,15,47,24,142,23,13,45,138,87,176,81,16,203,149,29,4,69,52,155,25,59,90,31,30,12,34,241,0,38,164,101,38,39,32,8,42,45,108,45,171,13,56,149,51,55,52,57,6,167,56,111,58,59,28,53,60,55,64,81,72,206,100,69,102,22,75,73,219,219,120,109,76,79,82,48,74,83,156,86,242,87,82,81,243,211,92,92,95,223]
CFO=-780.7532914896857,STO=4
EsN0dB=2.40,GRXdB=10,N0=0.009999999776482582
packet_number=2019,correct=False,payload=[32,0,71,3,5,5,18,71,40,25,10,11,156,141,14,47,179,85,2,114,4,113,22,19,48,88,24,13,20,55,30,30,64,179,96,35,100,39,38,109,40,105,40,35,108,47,42,47,16,17,50,59,20,116,122,5,248,56,16,63,124,189,62,63,192,65,72,67,112,79,74,7,24,74,202,91,70,29,78,79,23,81,87,65,212,93,86,247,252,225,90,27,95,0,94,77,36,67,167,235]
CFO=-1501.6205278378227,STO=4
EsN0dB=2.59,GRXdB=10,N0=0.009999999776482582
packet_number=2020,correct=False,payload=[68,1,78,2,16,8,38,47,42,41,154,25,28,13,78,31,0,51,26,23,20,132,22,151,24,17,24,27,52,25,28,31,32,165,0,1,172,37,54,47,42,51,42,51,164,109,110,5,116,33,60,50,36,21,50,55,32,123,51,59,31,159,170,191,93,192,64,99,104,131,70,197,204,72,74,127,100,105,78,79,112,16,91,231,116,23,247,87,81,75,88,77,63,93,94,218,96,104,66,99]
CFO=118.48092586773302,STO=7
EsN0dB=2.09,GRXdB=10,N0=0.009999999776482582
packet_number=2021,correct=False,payload=[163,4,231,11,36,199,5,39,8,11,10,7,30,92,14,15,18,17,30,83,254,39,42,87,223,152,50,13,12,27,90,159,98,32,110,17,39,38,14,167,40,29,106,45,172,109,140,39,113,177,112,50,189,53,54,182,26,57,56,123,32,61,62,31,136,193,82,6,0,128,78,114,32,105,110,11,76,13,202,111,95,65,115,82,84,86,92,85,92,200,18,91,236,91,62,86,241,227,98,98]
CFO=-1174.959023103212,STO=5
EsN0dB=1.97,GRXdB=10,N0=0.009999999776482582
packet_number=2022,correct=False,payload=[2,68,2,7,180,12,23,35,96,12,30,3,0,71,192,159,200,1,30,243,22,23,18,150,62,24,28,91,142,31,31,43,224,193,42,35,32,45,23,174,168,37,14,59,172,111,170,166,52,177,50,211,20,61,55,7,56,49,176,49,184,188,26,46,0,2,2,20,64,205,198,71,205,73,66,75,236,207,206,95,85,217,94,19,68,23,118,87,26,121,58,89,204,89,142,78,96,97,114,99]
CFO=-755.2217242070607,STO=4
EsN0dB=2.59,GRXdB=10,N0=0.009999999776482582
packet_number=2023,correct=False,payload=[130,0,2,5,6,69,39,7,73,129,10,11,28,141,4,10,53,49,51,50,48,151,54,147,24,1,59,24,16,61,182,31,36,33,198,66,40,167,182,111,56,107,106,105,44,61,159,75,112,33,51,62,56,55,54,31,56,25,50,63,213,61,178,103,133,79,194,193,102,85,103,79,88,73,206,192,10,108,79,94,81,85,114,82,76,84,67,86,72,81,90,91,214,221,86,127,104,241,226,237]
CFO=-1470.5628513399977,STO=2
EsN0dB=2.58,GRXdB=10,N0=0.009999999776482582
packet_number=2024,correct=False,payload=[132,4,2,33,7,31,54,79,6,9,65,71,8,15,150,13,180,17,18,17,16,52,22,52,24,93,25,157,8,55,54,13,33,113,54,3,118,46,106,63,41,41,66,18,46,25,13,173,48,145,53,49,29,56,54,39,50,109,61,56,60,109,158,13,116,1,103,67,64,45,195,37,24,100,106,39,76,76,67,7,208,9,120,11,26,117,18,211,12,19,10,93,90,28,157,213,96,192,52,99]
CFO=-121.25991461890455,STO=4
EsN0dB=2.40,GRXdB=10,N0=0.009999999776482582
packet_number=2025,correct=False,payload=[22,1,2,3,5,5,210,7,14,88,71,10,196,29,62,69,28,3,22,145,152,29,31,211,57,6,26,91,148,109,93,87,123,41,170,171,39,37,37,39,40,41,48,41,202,21,12,31,184,249,176,51,20,149,182,63,57,185,186,58,180,29,166,159,64,48,3,211,65,69,132,103,200,129,90,91,76,79,75,95,112,73,194,3,148,21,22,65,74,81,78,203,124,93,76,223,107,119,98,99]
CFO=-2139.5771532102654,STO=4
EsN0dB=2.23,GRXdB=10,N0=0.009999999776482582
packet_number=2026,correct=False,payload=[0,33,138,3,0,69,194,166,13,10,27,139,204,21,23,139,144,3,18,53,144,129,6,22,25,155,2,91,26,140,38,31,232,32,4,35,36,37,38,22,39,43,171,59,76,45,111,163,48,25,49,55,172,17,70,247,57,113,58,179,60,248,44,63,64,65,75,91,70,60,6,79,108,89,206,95,206,15,94,84,80,83,82,67,221,149,81,87,84,73,74,218,212,101,92,82,96,102,115,178]
CFO=-1324.524039090951,STO=2
EsN0dB=2.40,GRXdB=10,N0=0.009999999776482582
packet_number=2027,correct=False,payload=[97,129,5,39,128,5,2,19,89,16,138,91,196,13,142,127,16,144,129,67,60,81,30,31,25,57,168,27,28,25,20,45,176,43,163,131,64,37,38,98,42,185,42,59,182,25,183,109,52,49,62,7,20,53,214,55,188,57,187,41,218,185,158,186,100,72,141,193,92,236,82,7,200,65,70,105,6,74,90,95,98,217,48,27,71,84,75,127,120,88,242,103,92,101,94,7,193,103,226,35]
CFO=-918.6511348623773,STO=4
EsN0dB=1.96,GRXdB=10,N0=0.009999999776482582
packet_number=2028,correct=False,payload=[17,4,88,2,5,5,199,7,8,8,136,87,14,5,14,47,34,21,18,11,77,51,21,214,43,213,38,91,156,25,31,45,59,63,32,235,53,5,98,55,40,57,142,107,124,69,166,38,184,113,50,35,180,53,117,118,56,57,122,107,46,63,29,52,64,125,72,66,40,205,102,89,44,10,64,7,85,37,14,11,16,112,48,195,86,85,67,7,90,93,90,27,20,93,118,203,98,225,98,225]
CFO=-623.0713190093925,STO=6
EsN0dB=1.99,GRXdB=10,N0=0.009999999776482582
packet_number=2029,correct=False,payload=[0,133,10,3,44,69,6,7,0,9,6,1,32,15,8,143,138,83,18,19,85,69,23,179,32,25,25,27,220,13,112,31,32,39,10,71,38,40,38,46,9,41,126,75,32,13,14,9,0,57,54,55,50,55,250,49,168,25,138,26,53,29,63,54,96,71,198,195,126,93,70,205,216,89,67,75,196,77,70,79,84,9,2,67,92,93,82,23,64,123,18,26,48,221,14,127,32,209,98,227]
CFO=-192.29930700708104,STO=4
EsN0dB=2.54,GRXdB=10,N0=0.009999999776482582
packet_number=2030,correct=False,payload=[0,8,26,35,4,5,6,199,56,43,6,11,12,149,14,199,48,1,3,23,20,21,6,87,28,25,28,26,12,85,20,127,96,49,48,43,68,46,6,35,33,2,75,57,176,29,14,63,0,245,52,90,52,33,178,55,62,9,16,127,44,52,246,191,81,73,74,3,4,61,78,231,72,73,66,83,68,77,79,46,122,80,82,27,148,21,86,87,120,121,104,25,95,92,84,119,101,96,99,99]
CFO=-1574.776715615256,STO=2
EsN0dB=2.83,GRXdB=10,N0=0.009999999776482582
packet_number=2031,correct=False,payload=[151,125,244,210,223,4,4,66,76,17,132,16,94,36,36,36,38,16,56,120,22,224,110,72,14,82,68,156,76,34,116,232,13,48,48,254,254,192,70,200,78,216,176,152,158,206,230,141,244,240,180,253,156,208,228,202,205,208,52,245,254,228,70,246,76,114,240,250,221,9,19,40,133,16,27,192,21,225,55,184,37,123,49,120,169,80,68,204,251,99,207,24,73,89,100,9,105,121,181,61]
CFO=-502.5228083167352,STO=0
EsN0dB=1.55,GRXdB=10,N0=0.009999999776482582
packet_number=2032,correct=False,payload=[156,36,153,210,0,150,36,197,7,81,211,154,65,65,2,230,72,67,3,206,148,2,37,209,33,73,129,212,2,132,194,6,143,79,15,236,14,105,152,200,1,137,9,106,42,14,128,195,143,59,8,254,136,142,205,239,109,3,133,238,27,204,170,15,71,127,191,112,73,75,128,209,17,227,144,130,131,2,17,227,23,133,19,244,45,21,36,229,55,87,29,195,132,78,151,91,54,67,167,212]
CFO=-1370.6779751902543,STO=5
EsN0dB=2.12,GRXdB=10,N0=0.009999999776482582
packet_number=2033,correct=False,payload=[68,10,2,3,148,1,4,7,72,73,46,11,77,159,78,199,22,16,18,83,196,6,151,21,20,49,138,91,24,95,30,31,48,45,2,163,109,33,165,35,56,97,42,43,12,133,46,143,176,49,50,51,252,84,38,117,58,41,90,42,13,21,88,124,192,81,210,87,70,37,118,102,232,76,110,115,206,76,79,107,50,19,82,83,144,85,198,119,200,249,122,91,88,109,190,94,192,225,103,97]
CFO=-987.4706861253813,STO=6
EsN0dB=2.14,GRXdB=10,N0=0.009999999776482582
packet_number=2034,correct=False,payload=[213,53,196,132,76,2,67,6,75,161,64,1,66,138,195,2,31,130,204,100,65,133,205,4,71,132,198,40,70,135,196,196,198,197,136,24,73,152,137,138,77,153,232,155,194,207,139,11,43,235,204,134,72,236,195,141,79,165,14,12,104,22,213,85,110,143,240,17,84,74,49,86,85,209,211,18,126,146,210,19,82,146,114,180,84,214,213,95,117,214,214,214,86,22,214,19,31,150,145,90]
CFO=-1686.6612617833925,STO=3
EsN0dB=2.37,GRXdB=10,N0=0.009999999776482582
packet_number=2035,correct=False,payload=[1,1,194,33,145,45,7,81,72,1,154,12,8,9,206,131,20,17,18,147,246,185,150,31,56,9,10,156,172,95,86,87,2,32,50,161,48,53,34,63,40,33,34,185,60,109,15,111,112,49,50,43,36,119,62,54,56,60,57,27,248,61,62,63,22,73,1,243,68,81,70,42,4,195,27,207,108,109,12,79,81,101,82,83,114,85,119,87,88,73,90,25,28,93,70,126,98,40,84,71]
CFO=-1099.9041376002538,STO=5
EsN0dB=2.01,GRXdB=10,N0=0.009999999776482582
packet_number=2036,correct=False,payload=[104,181,81,19,6,3,68,205,38,133,10,11,8,35,8,13,46,46,154,81,210,3,87,145,22,7,8,18,18,90,252,153,62,29,176,163,40,51,36,37,36,7,31,36,75,191,42,141,62,63,180,112,51,26,86,176,55,115,113,49,234,123,44,189,63,37,66,81,102,99,213,71,196,3,138,73,75,91,72,85,14,31,214,81,86,115,198,81,87,199,56,219,94,87,28,78,90,90,224,3]
CFO=-1407.7286683660732,STO=4
EsN0dB=2.41,GRXdB=10,N0=0.009999999776482582
packet_number=2037,correct=False,payload=[6,181,26,3,36,88,130,38,24,153,8,75,172,35,74,15,1,159,16,151,31,84,150,27,26,11,26,59,124,217,122,63,45,94,34,96,43,45,52,103,40,107,202,35,44,237,44,59,60,53,184,147,48,16,102,34,24,10,234,43,44,117,62,191,64,66,193,91,96,103,102,199,12,64,90,73,108,193,111,207,80,81,18,95,20,85,62,71,216,17,90,216,204,237,78,223,96,17,102,226]
CFO=-1690.8566106173344,STO=4
EsN0dB=2.10,GRXdB=10,N0=0.009999999776482582
packet_number=2038,correct=False,payload=[2,69,70,37,6,134,22,163,24,142,26,11,13,9,14,207,10,57,50,115,16,5,178,23,24,131,25,90,16,61,92,27,32,36,38,55,180,47,100,37,8,57,106,43,106,173,12,3,48,176,56,50,164,49,122,54,40,63,62,63,60,174,63,23,72,77,194,15,197,69,66,7,17,73,74,2,92,105,90,79,82,113,89,127,84,221,71,71,28,219,83,125,92,75,31,95,104,71,107,100]
CFO=-619.7328268932025,STO=3
EsN0dB=2.22,GRXdB=10,N0=0.009999999776482582
packet_number=2039,correct=False,payload=[160,129,23,2,206,132,6,22,131,172,9,67,196,13,68,135,34,17,122,23,156,219,22,20,56,59,18,131,28,157,27,29,168,33,33,51,45,197,10,13,48,41,43,56,56,41,45,15,50,41,122,59,28,225,2,119,177,145,107,59,60,61,252,18,112,205,98,65,196,71,70,214,200,9,72,107,52,237,108,124,144,193,82,82,213,69,85,72,64,217,86,91,24,93,222,31,100,107,226,207]
CFO=-1354.5052493164605,STO=5
EsN0dB=2.11,GRXdB=10,N0=0.009999999776482582
packet_number=2040,correct=False,payload=[192,1,226,19,129,61,38,38,76,9,10,9,164,13,2,223,16,33,246,19,22,27,23,3,40,53,26,27,176,31,57,78,116,20,38,35,44,53,38,39,219,43,8,35,9,61,143,11,182,49,122,162,60,32,54,119,186,41,42,27,172,55,90,107,64,73,194,219,193,65,102,95,90,105,74,15,29,205,111,15,80,85,2,83,117,81,214,69,57,201,89,91,92,63,92,94,97,97,81,106]
CFO=-1367.8024181178098,STO=5
EsN0dB=2.20,GRXdB=10,N0=0.009999999776482582
packet_number=2041,correct=False,payload=[36,198,2,3,100,69,70,103,8,136,11,66,46,25,14,151,20,5,23,83,18,158,22,22,25,129,50,31,93,12,22,46,112,33,226,47,173,165,174,231,138,57,161,43,132,33,237,47,60,52,51,59,116,1,54,151,10,57,184,83,125,45,125,63,88,73,66,17,77,113,67,75,76,24,120,75,76,12,7,15,112,64,82,83,20,213,252,87,126,77,74,25,220,95,79,95,226,105,102,33]
CFO=-1770.9953624447016,STO=1
EsN0dB=1.63,GRXdB=10,N0=0.009999999776482582
packet_number=2042,correct=False,payload=[215,195,109,148,244,0,3,96,112,136,208,24,193,1,131,77,129,146,144,100,80,3,3,98,80,18,98,67,104,33,241,99,243,216,199,240,226,166,97,60,178,212,198,226,51,156,132,68,224,196,65,203,214,6,1,99,111,15,150,137,67,179,229,35,247,211,150,143,224,195,176,104,148,196,218,193,239,173,1,207,201,140,164,108,242,73,16,133,65,53,163,229,109,44,0,243,187,199,13,237]
CFO=-1099.7993131692417,STO=6
EsN0dB=2.26,GRXdB=10,N0=0.009999999776482582
packet_number=2043,correct=False,payload=[164,216,45,214,12,64,134,193,81,249,224,224,26,98,129,151,3,203,130,192,4,4,136,197,21,85,207,198,5,70,134,199,167,201,161,72,12,236,152,193,29,201,161,131,27,66,130,203,131,98,139,140,141,76,44,210,89,141,132,110,10,110,202,79,135,77,189,68,184,22,16,65,221,85,177,96,19,91,146,51,183,83,155,148,244,166,150,182,13,69,159,214,12,79,130,209,21,23,155,216]
CFO=-75.30007862199122,STO=2
EsN0dB=2.50,GRXdB=10,N0=0.009999999776482582
packet_number=2044,correct=False,payload=[206,18,64,0,4,238,68,139,97,241,211,8,64,15,193,23,3,130,116,76,128,132,145,140,103,133,198,8,28,70,78,15,239,215,236,160,18,165,237,0,72,230,72,12,75,36,194,141,225,132,196,140,14,252,107,13,141,199,166,138,38,12,79,163,79,138,16,64,56,212,137,32,24,225,98,90,202,146,147,215,193,18,248,108,204,144,92,94,30,224,115,164,118,139,67,18,87,203,188,152]
CFO=-1082.0292005192457,STO=4
EsN0dB=2.76,GRXdB=10,N0=0.009999999776482582
packet_number=2045,correct=False,payload=[29,61,192,82,0,162,203,1,65,3,198,18,64,194,51,15,67,199,2,4,64,132,197,21,99,181,230,7,133,22,65,15,195,135,244,0,28,170,109,15,11,137,139,138,107,170,127,75,75,139,205,9,78,132,221,79,73,165,206,10,239,138,207,45,70,195,212,17,81,113,209,93,253,176,176,16,51,50,131,155,243,208,156,22,80,180,88,152,109,189,202,18,86,132,87,23,223,151,201,16]
CFO=-1531.2452875660222,STO=4
EsN0dB=1.64,GRXdB=10,N0=0.009999999776482582
packet_number=2046,correct=False,payload=[244,78,175,53,5,128,0,78,160,201,11,65,135,211,130,2,2,130,3,99,217,246,52,4,4,89,135,69,133,202,130,6,62,134,195,71,135,204,72,17,136,201,153,117,137,202,14,75,202,221,7,79,143,220,0,78,44,77,25,153,5,77,30,79,134,111,15,219,45,88,17,120,148,209,16,83,159,199,18,26,132,209,19,19,147,241,84,20,212,213,91,165,209,198,30,118,212,215,15,103]
CFO=-774.9613859372533,STO=6
EsN0dB=2.25,GRXdB=10,N0=0.009999999776482582
packet_number=2047,correct=False,payload=[148,167,9,133,19,33,4,37,37,7,9,13,42,5,8,29,44,47,48,88,16,211,20,51,46,23,24,153,59,31,12,223,62,151,40,33,167,195,159,0,134,55,40,169,8,136,173,233,44,111,48,115,58,54,53,53,47,191,184,17,126,115,48,173,118,55,67,100,4,3,66,245,70,67,204,105,202,123,64,96,78,75,68,67,90,81,124,65,126,87,86,93,90,83,232,77,214,115,36,117]
CFO=3102.96750938214,STO=0
EsN0dB=2.11,GRXdB=10,N0=0.009999999776482582
packet_number=2048,correct=False,payload=[64,83,2,71,3,149,145,39,33,40,10,99,172,141,6,11,24,19,50,153,52,45,21,23,26,19,158,47,8,28,28,25,133,161,2,40,36,33,231,33,40,45,42,58,112,188,43,26,50,33,18,51,98,53,150,53,120,61,120,59,60,57,183,54,48,64,69,1,69,78,203,5,8,73,75,202,76,77,84,91,80,217,87,195,85,213,86,215,94,24,90,121,193,75,94,222,97,99,98,111]
CFO=-1568.7265435348327,STO=1
EsN0dB=2.49,GRXdB=10,N0=0.009999999776482582
packet_number=2049,correct=False,payload=[172,223,252,0,130,64,112,196,0,52,92,1,144,213,48,228,176,130,241,3,49,161,115,67,177,241,35,9,167,33,241,195,193,213,240,129,18,66,114,98,100,102,94,2,150,7,117,192,246,136,217,78,39,207,178,71,65,98,85,147,195,167,159,215,227,113,224,4,22,84,100,156,168,160,253,6,16,164,116,165,176,234,247,15,27,40,116,93,185,239,255,141,149,15,177,135,205,197,229,52]
CFO=-883.5242190129422,STO=5
EsN0dB=2.29,GRXdB=10,N0=0.009999999776482582
packet_number=2050,correct=False,payload=[16,1,115,167,4,149,6,79,73,29,25,25,128,13,28,44,90,18,149,19,20,21,20,115,208,241,31,18,138,107,158,31,34,33,58,102,102,45,36,47,74,57,62,34,172,60,14,55,176,49,58,54,182,57,50,179,224,185,58,47,29,63,186,63,196,192,80,67,84,70,107,30,106,193,234,65,20,77,110,205,65,81,70,75,214,118,71,87,250,239,74,91,94,93,124,77,96,168,99,111]
CFO=-613.7800087243863,STO=5
EsN0dB=2.52,GRXdB=10,N0=0.009999999776482582
packet_number=2051,correct=False,payload=[64,51,40,37,19,131,96,13,76,182,138,9,72,11,12,188,14,54,50,21,187,115,29,80,150,22,128,25,19,91,24,21,158,47,32,57,34,3,4,21,36,34,50,241,92,59,12,37,6,69,48,17,50,51,52,53,62,55,56,184,127,251,89,245,59,127,64,65,66,66,76,70,36,65,40,73,74,202,29,64,70,199,80,211,219,1,92,84,198,87,205,123,210,88,92,28,126,119,104,228]
CFO=-543.214075325942,STO=4
EsN0dB=2.37,GRXdB=10,N0=0.009999999776482582
packet_number=2052,correct=False,payload=[48,9,130,19,5,141,134,3,8,73,26,43,8,141,134,47,148,16,242,17,148,20,19,21,152,24,178,11,28,217,158,62,224,33,2,32,32,39,50,183,40,45,54,67,44,37,46,198,152,113,178,49,56,20,246,55,73,60,57,120,188,125,62,167,192,81,66,75,92,7,71,79,60,104,82,201,204,76,78,31,208,117,82,113,29,85,214,87,27,153,222,121,92,52,206,95,96,96,226,96]
CFO=-869.988052880479,STO=6
EsN0dB=2.03,GRXdB=10,N0=0.009999999776482582
packet_number=2053,correct=False,payload=[204,129,21,72,75,153,49,72,12,33,180,40,157,54,53,56,52,112,13,1,76,246,92,104,124,101,180,104,45,81,85,93,92,140,213,8,133,16,254,145,146,32,244,136,238,176,180,60,188,194,199,195,205,214,222,216,220,161,192,240,232,80,252,248,253,49,198,77,13,37,21,105,31,41,37,104,5,51,243,49,125,80,21,89,73,209,81,0,95,227,227,249,45,80,63,122,115,128,133,139]
CFO=-991.4718607446375,STO=1
EsN0dB=1.94,GRXdB=10,N0=0.009999999776482582
packet_number=2054,correct=False,payload=[48,45,216,195,0,10,17,68,64,26,156,12,212,170,136,57,128,18,158,22,48,100,109,78,48,6,108,95,224,38,81,118,48,254,254,124,128,38,136,138,13,85,184,28,83,38,56,126,88,182,204,28,113,68,232,230,194,215,136,252,104,240,76,204,176,112,108,223,3,60,69,13,129,46,4,135,1,0,45,62,144,16,157,184,0,118,129,146,129,76,44,212,168,35,0,60,52,249,34,32]
CFO=-1487.9184094528694,STO=3
EsN0dB=2.17,GRXdB=10,N0=0.009999999776482582
packet_number=2055,correct=False,payload=[103,167,139,48,144,17,96,48,68,88,96,48,198,144,185,104,192,182,160,240,33,9,39,81,8,81,115,240,160,153,160,242,217,213,193,240,3,2,34,51,2,82,34,114,134,179,176,50,195,242,194,234,7,49,51,51,71,95,125,114,131,146,131,150,195,211,251,188,36,21,112,180,84,85,164,118,133,132,168,180,68,245,198,100,37,145,71,176,85,115,200,149,133,135,183,165,215,193,225,164]
CFO=-1484.8535992221723,STO=3
EsN0dB=2.38,GRXdB=10,N0=0.009999999776482582
packet_number=2056,correct=False,payload=[168,35,2,19,133,7,6,23,0,33,27,195,28,47,130,31,27,49,18,17,28,135,28,86,90,45,28,19,61,157,82,127,32,32,55,55,38,37,103,7,8,40,187,110,42,15,2,13,240,48,114,48,112,121,54,55,184,57,126,59,188,189,190,89,64,104,194,83,71,87,86,207,201,200,3,203,12,105,12,77,84,81,16,85,84,20,4,2,72,94,94,155,205,93,124,79,99,101,54,97]
