CFO=-1058.1940933296898,STO=5
EsN0dB=22.20,GRXdB=10,N0=9.999999747378752e-05
packet_number=1,correct=True,payload=[0,1,2,3,4,5,6,7,8,9,10,11,12,13,14,15,16,17,18,19,20,21,22,23,24,25,26,27,28,29,30,31,32,33,34,35,36,37,38,39,40,41,42,43,44,45,46,47,48,49,50,51,52,53,54,55,56,57,58,59,60,61,62,63,64,65,66,67,68,69,70,71,72,73,74,75,76,77,78,79,80,81,82,83,84,85,86,87,88,89,90,91,92,93,94,95,96,97,98,99]
CFO=-1081.2678004383317,STO=4
EsN0dB=22.18,GRXdB=10,N0=9.999999747378752e-05
packet_number=2,correct=True,payload=[0,1,2,3,4,5,6,7,8,9,10,11,12,13,14,15,16,17,18,19,20,21,22,23,24,25,26,27,28,29,30,31,32,33,34,35,36,37,38,39,40,41,42,43,44,45,46,47,48,49,50,51,52,53,54,55,56,57,58,59,60,61,62,63,64,65,66,67,68,69,70,71,72,73,74,75,76,77,78,79,80,81,82,83,84,85,86,87,88,89,90,91,92,93,94,95,96,97,98,99]
CFO=-1141.48113547761,STO=5
EsN0dB=22.19,GRXdB=10,N0=9.999999747378752e-05
packet_number=3,correct=True,payload=[0,1,2,3,4,5,6,7,8,9,10,11,12,13,14,15,16,17,18,19,20,21,22,23,24,25,26,27,28,29,30,31,32,33,34,35,36,37,38,39,40,41,42,43,44,45,46,47,48,49,50,51,52,53,54,55,56,57,58,59,60,61,62,63,64,65,66,67,68,69,70,71,72,73,74,75,76,77,78,79,80,81,82,83,84,85,86,87,88,89,90,91,92,93,94,95,96,97,98,99]
CFO=-1008.1382930873438,STO=4
EsN0dB=22.20,GRXdB=10,N0=9.999999747378752e-05
packet_number=4,correct=True,payload=[0,1,2,3,4,5,6,7,8,9,10,11,12,13,14,15,16,17,18,19,20,21,22,23,24,25,26,27,28,29,30,31,32,33,34,35,36,37,38,39,40,41,42,43,44,45,46,47,48,49,50,51,52,53,54,55,56,57,58,59,60,61,62,63,64,65,66,67,68,69,70,71,72,73,74,75,76,77,78,79,80,81,82,83,84,85,86,87,88,89,90,91,92,93,94,95,96,97,98,99]
CFO=-996.3175597956442,STO=5
EsN0dB=22.20,GRXdB=10,N0=9.999999747378752e-05
packet_number=5,correct=True,payload=[0,1,2,3,4,5,6,7,8,9,10,11,12,13,14,15,16,17,18,19,20,21,22,23,24,25,26,27,28,29,30,31,32,33,34,35,36,37,38,39,40,41,42,43,44,45,46,47,48,49,50,51,52,53,54,55,56,57,58,59,60,61,62,63,64,65,66,67,68,69,70,71,72,73,74,75,76,77,78,79,80,81,82,83,84,85,86,87,88,89,90,91,92,93,94,95,96,97,98,99]
CFO=-1047.8550130532562,STO=4
EsN0dB=22.18,GRXdB=10,N0=9.999999747378752e-05
packet_number=6,correct=True,payload=[0,1,2,3,4,5,6,7,8,9,10,11,12,13,14,15,16,17,18,19,20,21,22,23,24,25,26,27,28,29,30,31,32,33,34,35,36,37,38,39,40,41,42,43,44,45,46,47,48,49,50,51,52,53,54,55,56,57,58,59,60,61,62,63,64,65,66,67,68,69,70,71,72,73,74,75,76,77,78,79,80,81,82,83,84,85,86,87,88,89,90,91,92,93,94,95,96,97,98,99]
CFO=-1005.1385830971734,STO=4
EsN0dB=22.18,GRXdB=10,N0=9.999999747378752e-05
packet_number=7,correct=True,payload=[0,1,2,3,4,5,6,7,8,9,10,11,12,13,14,15,16,17,18,19,20,21,22,23,24,25,26,27,28,29,30,31,32,33,34,35,36,37,38,39,40,41,42,43,44,45,46,47,48,49,50,51,52,53,54,55,56,57,58,59,60,61,62,63,64,65,66,67,68,69,70,71,72,73,74,75,76,77,78,79,80,81,82,83,84,85,86,87,88,89,90,91,92,93,94,95,96,97,98,99]
CFO=-1067.8584552662387,STO=5
EsN0dB=22.23,GRXdB=10,N0=9.999999747378752e-05
packet_number=8,correct=True,payload=[0,1,2,3,4,5,6,7,8,9,10,11,12,13,14,15,16,17,18,19,20,21,22,23,24,25,26,27,28,29,30,31,32,33,34,35,36,37,38,39,40,41,42,43,44,45,46,47,48,49,50,51,52,53,54,55,56,57,58,59,60,61,62,63,64,65,66,67,68,69,70,71,72,73,74,75,76,77,78,79,80,81,82,83,84,85,86,87,88,89,90,91,92,93,94,95,96,97,98,99]
CFO=-1055.1473072093027,STO=5
EsN0dB=22.22,GRXdB=10,N0=9.999999747378752e-05
packet_number=9,correct=True,payload=[0,1,2,3,4,5,6,7,8,9,10,11,12,13,14,15,16,17,18,19,20,21,22,23,24,25,26,27,28,29,30,31,32,33,34,35,36,37,38,39,40,41,42,43,44,45,46,47,48,49,50,51,52,53,54,55,56,57,58,59,60,61,62,63,64,65,66,67,68,69,70,71,72,73,74,75,76,77,78,79,80,81,82,83,84,85,86,87,88,89,90,91,92,93,94,95,96,97,98,99]
CFO=-1081.2402899541746,STO=4
EsN0dB=22.20,GRXdB=10,N0=9.999999747378752e-05
packet_number=10,correct=True,payload=[0,1,2,3,4,5,6,7,8,9,10,11,12,13,14,15,16,17,18,19,20,21,22,23,24,25,26,27,28,29,30,31,32,33,34,35,36,37,38,39,40,41,42,43,44,45,46,47,48,49,50,51,52,53,54,55,56,57,58,59,60,61,62,63,64,65,66,67,68,69,70,71,72,73,74,75,76,77,78,79,80,81,82,83,84,85,86,87,88,89,90,91,92,93,94,95,96,97,98,99]
CFO=-1049.6305064984404,STO=4
EsN0dB=22.22,GRXdB=10,N0=9.999999747378752e-05
packet_number=11,correct=True,payload=[0,1,2,3,4,5,6,7,8,9,10,11,12,13,14,15,16,17,18,19,20,21,22,23,24,25,26,27,28,29,30,31,32,33,34,35,36,37,38,39,40,41,42,43,44,45,46,47,48,49,50,51,52,53,54,55,56,57,58,59,60,61,62,63,64,65,66,67,68,69,70,71,72,73,74,75,76,77,78,79,80,81,82,83,84,85,86,87,88,89,90,91,92,93,94,95,96,97,98,99]
CFO=-1028.6644344993092,STO=4
EsN0dB=22.21,GRXdB=10,N0=9.999999747378752e-05
packet_number=12,correct=True,payload=[0,1,2,3,4,5,6,7,8,9,10,11,12,13,14,15,16,17,18,19,20,21,22,23,24,25,26,27,28,29,30,31,32,33,34,35,36,37,38,39,40,41,42,43,44,45,46,47,48,49,50,51,52,53,54,55,56,57,58,59,60,61,62,63,64,65,66,67,68,69,70,71,72,73,74,75,76,77,78,79,80,81,82,83,84,85,86,87,88,89,90,91,92,93,94,95,96,97,98,99]
CFO=-1074.9329185628178,STO=4
EsN0dB=22.20,GRXdB=10,N0=9.999999747378752e-05
packet_number=13,correct=True,payload=[0,1,2,3,4,5,6,7,8,9,10,11,12,13,14,15,16,17,18,19,20,21,22,23,24,25,26,27,28,29,30,31,32,33,34,35,36,37,38,39,40,41,42,43,44,45,46,47,48,49,50,51,52,53,54,55,56,57,58,59,60,61,62,63,64,65,66,67,68,69,70,71,72,73,74,75,76,77,78,79,80,81,82,83,84,85,86,87,88,89,90,91,92,93,94,95,96,97,98,99]
CFO=-1027.8420844664265,STO=4
EsN0dB=22.18,GRXdB=10,N0=9.999999747378752e-05
packet_number=14,correct=True,payload=[0,1,2,3,4,5,6,7,8,9,10,11,12,13,14,15,16,17,18,19,20,21,22,23,24,25,26,27,28,29,30,31,32,33,34,35,36,37,38,39,40,41,42,43,44,45,46,47,48,49,50,51,52,53,54,55,56,57,58,59,60,61,62,63,64,65,66,67,68,69,70,71,72,73,74,75,76,77,78,79,80,81,82,83,84,85,86,87,88,89,90,91,92,93,94,95,96,97,98,99]
CFO=-1013.06397412785,STO=4
EsN0dB=22.19,GRXdB=10,N0=9.999999747378752e-05
packet_number=15,correct=True,payload=[0,1,2,3,4,5,6,7,8,9,10,11,12,13,14,15,16,17,18,19,20,21,22,23,24,25,26,27,28,29,30,31,32,33,34,35,36,37,38,39,40,41,42,43,44,45,46,47,48,49,50,51,52,53,54,55,56,57,58,59,60,61,62,63,64,65,66,67,68,69,70,71,72,73,74,75,76,77,78,79,80,81,82,83,84,85,86,87,88,89,90,91,92,93,94,95,96,97,98,99]
CFO=-1035.273116839989,STO=4
EsN0dB=22.23,GRXdB=10,N0=9.999999747378752e-05
packet_number=16,correct=True,payload=[0,1,2,3,4,5,6,7,8,9,10,11,12,13,14,15,16,17,18,19,20,21,22,23,24,25,26,27,28,29,30,31,32,33,34,35,36,37,38,39,40,41,42,43,44,45,46,47,48,49,50,51,52,53,54,55,56,57,58,59,60,61,62,63,64,65,66,67,68,69,70,71,72,73,74,75,76,77,78,79,80,81,82,83,84,85,86,87,88,89,90,91,92,93,94,95,96,97,98,99]
CFO=-1065.2019148499924,STO=4
EsN0dB=22.22,GRXdB=10,N0=9.999999747378752e-05
packet_number=17,correct=True,payload=[0,1,2,3,4,5,6,7,8,9,10,11,12,13,14,15,16,17,18,19,20,21,22,23,24,25,26,27,28,29,30,31,32,33,34,35,36,37,38,39,40,41,42,43,44,45,46,47,48,49,50,51,52,53,54,55,56,57,58,59,60,61,62,63,64,65,66,67,68,69,70,71,72,73,74,75,76,77,78,79,80,81,82,83,84,85,86,87,88,89,90,91,92,93,94,95,96,97,98,99]
CFO=-1041.4570467916583,STO=4
EsN0dB=22.20,GRXdB=10,N0=9.999999747378752e-05
packet_number=18,correct=True,payload=[0,1,2,3,4,5,6,7,8,9,10,11,12,13,14,15,16,17,18,19,20,21,22,23,24,25,26,27,28,29,30,31,32,33,34,35,36,37,38,39,40,41,42,43,44,45,46,47,48,49,50,51,52,53,54,55,56,57,58,59,60,61,62,63,64,65,66,67,68,69,70,71,72,73,74,75,76,77,78,79,80,81,82,83,84,85,86,87,88,89,90,91,92,93,94,95,96,97,98,99]
CFO=-1059.6024641069857,STO=5
EsN0dB=22.20,GRXdB=10,N0=9.999999747378752e-05
packet_number=19,correct=True,payload=[0,1,2,3,4,5,6,7,8,9,10,11,12,13,14,15,16,17,18,19,20,21,22,23,24,25,26,27,28,29,30,31,32,33,34,35,36,37,38,39,40,41,42,43,44,45,46,47,48,49,50,51,52,53,54,55,56,57,58,59,60,61,62,63,64,65,66,67,68,69,70,71,72,73,74,75,76,77,78,79,80,81,82,83,84,85,86,87,88,89,90,91,92,93,94,95,96,97,98,99]
CFO=-1120.6414694099933,STO=4
EsN0dB=22.27,GRXdB=10,N0=9.999999747378752e-05
packet_number=20,correct=True,payload=[0,1,2,3,4,5,6,7,8,9,10,11,12,13,14,15,16,17,18,19,20,21,22,23,24,25,26,27,28,29,30,31,32,33,34,35,36,37,38,39,40,41,42,43,44,45,46,47,48,49,50,51,52,53,54,55,56,57,58,59,60,61,62,63,64,65,66,67,68,69,70,71,72,73,74,75,76,77,78,79,80,81,82,83,84,85,86,87,88,89,90,91,92,93,94,95,96,97,98,99]
CFO=-1075.9926651012277,STO=5
EsN0dB=22.24,GRXdB=10,N0=9.999999747378752e-05
packet_number=21,correct=True,payload=[0,1,2,3,4,5,6,7,8,9,10,11,12,13,14,15,16,17,18,19,20,21,22,23,24,25,26,27,28,29,30,31,32,33,34,35,36,37,38,39,40,41,42,43,44,45,46,47,48,49,50,51,52,53,54,55,56,57,58,59,60,61,62,63,64,65,66,67,68,69,70,71,72,73,74,75,76,77,78,79,80,81,82,83,84,85,86,87,88,89,90,91,92,93,94,95,96,97,98,99]
CFO=-1046.6916278805654,STO=4
EsN0dB=22.20,GRXdB=10,N0=9.999999747378752e-05
packet_number=22,correct=True,payload=[0,1,2,3,4,5,6,7,8,9,10,11,12,13,14,15,16,17,18,19,20,21,22,23,24,25,26,27,28,29,30,31,32,33,34,35,36,37,38,39,40,41,42,43,44,45,46,47,48,49,50,51,52,53,54,55,56,57,58,59,60,61,62,63,64,65,66,67,68,69,70,71,72,73,74,75,76,77,78,79,80,81,82,83,84,85,86,87,88,89,90,91,92,93,94,95,96,97,98,99]
CFO=-1004.4874621122334,STO=5
EsN0dB=22.17,GRXdB=10,N0=9.999999747378752e-05
packet_number=23,correct=True,payload=[0,1,2,3,4,5,6,7,8,9,10,11,12,13,14,15,16,17,18,19,20,21,22,23,24,25,26,27,28,29,30,31,32,33,34,35,36,37,38,39,40,41,42,43,44,45,46,47,48,49,50,51,52,53,54,55,56,57,58,59,60,61,62,63,64,65,66,67,68,69,70,71,72,73,74,75,76,77,78,79,80,81,82,83,84,85,86,87,88,89,90,91,92,93,94,95,96,97,98,99]
CFO=-1071.007575644503,STO=4
EsN0dB=22.25,GRXdB=10,N0=9.999999747378752e-05
packet_number=24,correct=True,payload=[0,1,2,3,4,5,6,7,8,9,10,11,12,13,14,15,16,17,18,19,20,21,22,23,24,25,26,27,28,29,30,31,32,33,34,35,36,37,38,39,40,41,42,43,44,45,46,47,48,49,50,51,52,53,54,55,56,57,58,59,60,61,62,63,64,65,66,67,68,69,70,71,72,73,74,75,76,77,78,79,80,81,82,83,84,85,86,87,88,89,90,91,92,93,94,95,96,97,98,99]
CFO=-1031.1861498272517,STO=5
EsN0dB=22.18,GRXdB=10,N0=9.999999747378752e-05
packet_number=25,correct=True,payload=[0,1,2,3,4,5,6,7,8,9,10,11,12,13,14,15,16,17,18,19,20,21,22,23,24,25,26,27,28,29,30,31,32,33,34,35,36,37,38,39,40,41,42,43,44,45,46,47,48,49,50,51,52,53,54,55,56,57,58,59,60,61,62,63,64,65,66,67,68,69,70,71,72,73,74,75,76,77,78,79,80,81,82,83,84,85,86,87,88,89,90,91,92,93,94,95,96,97,98,99]
CFO=-1057.8596986515747,STO=4
EsN0dB=22.19,GRXdB=10,N0=9.999999747378752e-05
packet_number=26,correct=True,payload=[0,1,2,3,4,5,6,7,8,9,10,11,12,13,14,15,16,17,18,19,20,21,22,23,24,25,26,27,28,29,30,31,32,33,34,35,36,37,38,39,40,41,42,43,44,45,46,47,48,49,50,51,52,53,54,55,56,57,58,59,60,61,62,63,64,65,66,67,68,69,70,71,72,73,74,75,76,77,78,79,80,81,82,83,84,85,86,87,88,89,90,91,92,93,94,95,96,97,98,99]
CFO=-1081.501520973993,STO=5
EsN0dB=22.27,GRXdB=10,N0=9.999999747378752e-05
packet_number=27,correct=True,payload=[0,1,2,3,4,5,6,7,8,9,10,11,12,13,14,15,16,17,18,19,20,21,22,23,24,25,26,27,28,29,30,31,32,33,34,35,36,37,38,39,40,41,42,43,44,45,46,47,48,49,50,51,52,53,54,55,56,57,58,59,60,61,62,63,64,65,66,67,68,69,70,71,72,73,74,75,76,77,78,79,80,81,82,83,84,85,86,87,88,89,90,91,92,93,94,95,96,97,98,99]
CFO=-1046.6265276400386,STO=5
EsN0dB=22.26,GRXdB=10,N0=9.999999747378752e-05
packet_number=28,correct=True,payload=[0,1,2,3,4,5,6,7,8,9,10,11,12,13,14,15,16,17,18,19,20,21,22,23,24,25,26,27,28,29,30,31,32,33,34,35,36,37,38,39,40,41,42,43,44,45,46,47,48,49,50,51,52,53,54,55,56,57,58,59,60,61,62,63,64,65,66,67,68,69,70,71,72,73,74,75,76,77,78,79,80,81,82,83,84,85,86,87,88,89,90,91,92,93,94,95,96,97,98,99]
CFO=-1102.201381607036,STO=4
EsN0dB=22.24,GRXdB=10,N0=9.999999747378752e-05
packet_number=29,correct=True,payload=[0,1,2,3,4,5,6,7,8,9,10,11,12,13,14,15,16,17,18,19,20,21,22,23,24,25,26,27,28,29,30,31,32,33,34,35,36,37,38,39,40,41,42,43,44,45,46,47,48,49,50,51,52,53,54,55,56,57,58,59,60,61,62,63,64,65,66,67,68,69,70,71,72,73,74,75,76,77,78,79,80,81,82,83,84,85,86,87,88,89,90,91,92,93,94,95,96,97,98,99]
CFO=-1052.5252734779256,STO=4
EsN0dB=22.22,GRXdB=10,N0=9.999999747378752e-05
packet_number=30,correct=True,payload=[0,1,2,3,4,5,6,7,8,9,10,11,12,13,14,15,16,17,18,19,20,21,22,23,24,25,26,27,28,29,30,31,32,33,34,35,36,37,38,39,40,41,42,43,44,45,46,47,48,49,50,51,52,53,54,55,56,57,58,59,60,61,62,63,64,65,66,67,68,69,70,71,72,73,74,75,76,77,78,79,80,81,82,83,84,85,86,87,88,89,90,91,92,93,94,95,96,97,98,99]
CFO=-1087.4880157699668,STO=4
EsN0dB=22.25,GRXdB=10,N0=9.999999747378752e-05
packet_number=31,correct=True,payload=[0,1,2,3,4,5,6,7,8,9,10,11,12,13,14,15,16,17,18,19,20,21,22,23,24,25,26,27,28,29,30,31,32,33,34,35,36,37,38,39,40,41,42,43,44,45,46,47,48,49,50,51,52,53,54,55,56,57,58,59,60,61,62,63,64,65,66,67,68,69,70,71,72,73,74,75,76,77,78,79,80,81,82,83,84,85,86,87,88,89,90,91,92,93,94,95,96,97,98,99]
CFO=-1087.7492467897853,STO=5
EsN0dB=22.26,GRXdB=10,N0=9.999999747378752e-05
packet_number=32,correct=True,payload=[0,1,2,3,4,5,6,7,8,9,10,11,12,13,14,15,16,17,18,19,20,21,22,23,24,25,26,27,28,29,30,31,32,33,34,35,36,37,38,39,40,41,42,43,44,45,46,47,48,49,50,51,52,53,54,55,56,57,58,59,60,61,62,63,64,65,66,67,68,69,70,71,72,73,74,75,76,77,78,79,80,81,82,83,84,85,86,87,88,89,90,91,92,93,94,95,96,97,98,99]
CFO=-1023.128305301733,STO=5
EsN0dB=22.20,GRXdB=10,N0=9.999999747378752e-05
packet_number=33,correct=True,payload=[0,1,2,3,4,5,6,7,8,9,10,11,12,13,14,15,16,17,18,19,20,21,22,23,24,25,26,27,28,29,30,31,32,33,34,35,36,37,38,39,40,41,42,43,44,45,46,47,48,49,50,51,52,53,54,55,56,57,58,59,60,61,62,63,64,65,66,67,68,69,70,71,72,73,74,75,76,77,78,79,80,81,82,83,84,85,86,87,88,89,90,91,92,93,94,95,96,97,98,99]
CFO=-1025.2634508954006,STO=5
EsN0dB=22.19,GRXdB=10,N0=9.999999747378752e-05
packet_number=34,correct=True,payload=[0,1,2,3,4,5,6,7,8,9,10,11,12,13,14,15,16,17,18,19,20,21,22,23,24,25,26,27,28,29,30,31,32,33,34,35,36,37,38,39,40,41,42,43,44,45,46,47,48,49,50,51,52,53,54,55,56,57,58,59,60,61,62,63,64,65,66,67,68,69,70,71,72,73,74,75,76,77,78,79,80,81,82,83,84,85,86,87,88,89,90,91,92,93,94,95,96,97,98,99]
CFO=-1017.7119415739783,STO=5
EsN0dB=22.25,GRXdB=10,N0=9.999999747378752e-05
packet_number=35,correct=True,payload=[0,1,2,3,4,5,6,7,8,9,10,11,12,13,14,15,16,17,18,19,20,21,22,23,24,25,26,27,28,29,30,31,32,33,34,35,36,37,38,39,40,41,42,43,44,45,46,47,48,49,50,51,52,53,54,55,56,57,58,59,60,61,62,63,64,65,66,67,68,69,70,71,72,73,74,75,76,77,78,79,80,81,82,83,84,85,86,87,88,89,90,91,92,93,94,95,96,97,98,99]
CFO=-1011.7263954153891,STO=4
EsN0dB=22.16,GRXdB=10,N0=9.999999747378752e-05
packet_number=36,correct=True,payload=[0,1,2,3,4,5,6,7,8,9,10,11,12,13,14,15,16,17,18,19,20,21,22,23,24,25,26,27,28,29,30,31,32,33,34,35,36,37,38,39,40,41,42,43,44,45,46,47,48,49,50,51,52,53,54,55,56,57,58,59,60,61,62,63,64,65,66,67,68,69,70,71,72,73,74,75,76,77,78,79,80,81,82,83,84,85,86,87,88,89,90,91,92,93,94,95,96,97,98,99]
CFO=-1070.6393857595572,STO=5
EsN0dB=22.16,GRXdB=10,N0=9.999999747378752e-05
packet_number=37,correct=True,payload=[0,1,2,3,4,5,6,7,8,9,10,11,12,13,14,15,16,17,18,19,20,21,22,23,24,25,26,27,28,29,30,31,32,33,34,35,36,37,38,39,40,41,42,43,44,45,46,47,48,49,50,51,52,53,54,55,56,57,58,59,60,61,62,63,64,65,66,67,68,69,70,71,72,73,74,75,76,77,78,79,80,81,82,83,84,85,86,87,88,89,90,91,92,93,94,95,96,97,98,99]
CFO=-1032.526811611213,STO=5
EsN0dB=22.25,GRXdB=10,N0=9.999999747378752e-05
packet_number=38,correct=True,payload=[0,1,2,3,4,5,6,7,8,9,10,11,12,13,14,15,16,17,18,19,20,21,22,23,24,25,26,27,28,29,30,31,32,33,34,35,36,37,38,39,40,41,42,43,44,45,46,47,48,49,50,51,52,53,54,55,56,57,58,59,60,61,62,63,64,65,66,67,68,69,70,71,72,73,74,75,76,77,78,79,80,81,82,83,84,85,86,87,88,89,90,91,92,93,94,95,96,97,98,99]
CFO=-1063.9322822902122,STO=4
EsN0dB=22.22,GRXdB=10,N0=9.999999747378752e-05
packet_number=39,correct=True,payload=[0,1,2,3,4,5,6,7,8,9,10,11,12,13,14,15,16,17,18,19,20,21,22,23,24,25,26,27,28,29,30,31,32,33,34,35,36,37,38,39,40,41,42,43,44,45,46,47,48,49,50,51,52,53,54,55,56,57,58,59,60,61,62,63,64,65,66,67,68,69,70,71,72,73,74,75,76,77,78,79,80,81,82,83,84,85,86,87,88,89,90,91,92,93,94,95,96,97,98,99]
CFO=-1098.2125985636178,STO=5
EsN0dB=22.20,GRXdB=10,N0=9.999999747378752e-05
packet_number=40,correct=True,payload=[0,1,2,3,4,5,6,7,8,9,10,11,12,13,14,15,16,17,18,19,20,21,22,23,24,25,26,27,28,29,30,31,32,33,34,35,36,37,38,39,40,41,42,43,44,45,46,47,48,49,50,51,52,53,54,55,56,57,58,59,60,61,62,63,64,65,66,67,68,69,70,71,72,73,74,75,76,77,78,79,80,81,82,83,84,85,86,87,88,89,90,91,92,93,94,95,96,97,98,99]
CFO=-1080.8027309604706,STO=4
EsN0dB=22.18,GRXdB=10,N0=9.999999747378752e-05
packet_number=41,correct=True,payload=[0,1,2,3,4,5,6,7,8,9,10,11,12,13,14,15,16,17,18,19,20,21,22,23,24,25,26,27,28,29,30,31,32,33,34,35,36,37,38,39,40,41,42,43,44,45,46,47,48,49,50,51,52,53,54,55,56,57,58,59,60,61,62,63,64,65,66,67,68,69,70,71,72,73,74,75,76,77,78,79,80,81,82,83,84,85,86,87,88,89,90,91,92,93,94,95,96,97,98,99]
CFO=-1079.9241741625433,STO=5
EsN0dB=22.16,GRXdB=10,N0=9.999999747378752e-05
packet_number=42,correct=True,payload=[0,1,2,3,4,5,6,7,8,9,10,11,12,13,14,15,16,17,18,19,20,21,22,23,24,25,26,27,28,29,30,31,32,33,34,35,36,37,38,39,40,41,42,43,44,45,46,47,48,49,50,51,52,53,54,55,56,57,58,59,60,61,62,63,64,65,66,67,68,69,70,71,72,73,74,75,76,77,78,79,80,81,82,83,84,85,86,87,88,89,90,91,92,93,94,95,96,97,98,99]
CFO=-1004.9803978132707,STO=4
EsN0dB=22.23,GRXdB=10,N0=9.999999747378752e-05
packet_number=43,correct=True,payload=[0,1,2,3,4,5,6,7,8,9,10,11,12,13,14,15,16,17,18,19,20,21,22,23,24,25,26,27,28,29,30,31,32,33,34,35,36,37,38,39,40,41,42,43,44,45,46,47,48,49,50,51,52,53,54,55,56,57,58,59,60,61,62,63,64,65,66,67,68,69,70,71,72,73,74,75,76,77,78,79,80,81,82,83,84,85,86,87,88,89,90,91,92,93,94,95,96,97,98,99]
CFO=-1005.0693325680885,STO=4
EsN0dB=22.21,GRXdB=10,N0=9.999999747378752e-05
packet_number=44,correct=True,payload=[0,1,2,3,4,5,6,7,8,9,10,11,12,13,14,15,16,17,18,19,20,21,22,23,24,25,26,27,28,29,30,31,32,33,34,35,36,37,38,39,40,41,42,43,44,45,46,47,48,49,50,51,52,53,54,55,56,57,58,59,60,61,62,63,64,65,66,67,68,69,70,71,72,73,74,75,76,77,78,79,80,81,82,83,84,85,86,87,88,89,90,91,92,93,94,95,96,97,98,99]
CFO=-1090.00131194112,STO=4
EsN0dB=22.24,GRXdB=10,N0=9.999999747378752e-05
packet_number=45,correct=True,payload=[0,1,2,3,4,5,6,7,8,9,10,11,12,13,14,15,16,17,18,19,20,21,22,23,24,25,26,27,28,29,30,31,32,33,34,35,36,37,38,39,40,41,42,43,44,45,46,47,48,49,50,51,52,53,54,55,56,57,58,59,60,61,62,63,64,65,66,67,68,69,70,71,72,73,74,75,76,77,78,79,80,81,82,83,84,85,86,87,88,89,90,91,92,93,94,95,96,97,98,99]
CFO=-1076.9579036401844,STO=6
EsN0dB=22.25,GRXdB=10,N0=9.999999747378752e-05
packet_number=46,correct=True,payload=[0,1,2,3,4,5,6,7,8,9,10,11,12,13,14,15,16,17,18,19,20,21,22,23,24,25,26,27,28,29,30,31,32,33,34,35,36,37,38,39,40,41,42,43,44,45,46,47,48,49,50,51,52,53,54,55,56,57,58,59,60,61,62,63,64,65,66,67,68,69,70,71,72,73,74,75,76,77,78,79,80,81,82,83,84,85,86,87,88,89,90,91,92,93,94,95,96,97,98,99]
CFO=-1024.2893188809621,STO=5
EsN0dB=22.20,GRXdB=10,N0=9.999999747378752e-05
packet_number=47,correct=True,payload=[0,1,2,3,4,5,6,7,8,9,10,11,12,13,14,15,16,17,18,19,20,21,22,23,24,25,26,27,28,29,30,31,32,33,34,35,36,37,38,39,40,41,42,43,44,45,46,47,48,49,50,51,52,53,54,55,56,57,58,59,60,61,62,63,64,65,66,67,68,69,70,71,72,73,74,75,76,77,78,79,80,81,82,83,84,85,86,87,88,89,90,91,92,93,94,95,96,97,98,99]
CFO=-1121.09064921166,STO=4
EsN0dB=22.18,GRXdB=10,N0=9.999999747378752e-05
packet_number=48,correct=True,payload=[0,1,2,3,4,5,6,7,8,9,10,11,12,13,14,15,16,17,18,19,20,21,22,23,24,25,26,27,28,29,30,31,32,33,34,35,36,37,38,39,40,41,42,43,44,45,46,47,48,49,50,51,52,53,54,55,56,57,58,59,60,61,62,63,64,65,66,67,68,69,70,71,72,73,74,75,76,77,78,79,80,81,82,83,84,85,86,87,88,89,90,91,92,93,94,95,96,97,98,99]
CFO=-1017.8331299998767,STO=4
EsN0dB=22.21,GRXdB=10,N0=9.999999747378752e-05
packet_number=49,correct=True,payload=[0,1,2,3,4,5,6,7,8,9,10,11,12,13,14,15,16,17,18,19,20,21,22,23,24,25,26,27,28,29,30,31,32,33,34,35,36,37,38,39,40,41,42,43,44,45,46,47,48,49,50,51,52,53,54,55,56,57,58,59,60,61,62,63,64,65,66,67,68,69,70,71,72,73,74,75,76,77,78,79,80,81,82,83,84,85,86,87,88,89,90,91,92,93,94,95,96,97,98,99]
CFO=-990.6391349903595,STO=4
EsN0dB=22.18,GRXdB=10,N0=9.999999747378752e-05
packet_number=50,correct=True,payload=[0,1,2,3,4,5,6,7,8,9,10,11,12,13,14,15,16,17,18,19,20,21,22,23,24,25,26,27,28,29,30,31,32,33,34,35,36,37,38,39,40,41,42,43,44,45,46,47,48,49,50,51,52,53,54,55,56,57,58,59,60,61,62,63,64,65,66,67,68,69,70,71,72,73,74,75,76,77,78,79,80,81,82,83,84,85,86,87,88,89,90,91,92,93,94,95,96,97,98,99]
CFO=-1104.3680693937456,STO=4
EsN0dB=22.19,GRXdB=10,N0=9.999999747378752e-05
packet_number=51,correct=True,payload=[0,1,2,3,4,5,6,7,8,9,10,11,12,13,14,15,16,17,18,19,20,21,22,23,24,25,26,27,28,29,30,31,32,33,34,35,36,37,38,39,40,41,42,43,44,45,46,47,48,49,50,51,52,53,54,55,56,57,58,59,60,61,62,63,64,65,66,67,68,69,70,71,72,73,74,75,76,77,78,79,80,81,82,83,84,85,86,87,88,89,90,91,92,93,94,95,96,97,98,99]
CFO=-1043.9085629531314,STO=4
EsN0dB=22.22,GRXdB=10,N0=9.999999747378752e-05
packet_number=52,correct=True,payload=[0,1,2,3,4,5,6,7,8,9,10,11,12,13,14,15,16,17,18,19,20,21,22,23,24,25,26,27,28,29,30,31,32,33,34,35,36,37,38,39,40,41,42,43,44,45,46,47,48,49,50,51,52,53,54,55,56,57,58,59,60,61,62,63,64,65,66,67,68,69,70,71,72,73,74,75,76,77,78,79,80,81,82,83,84,85,86,87,88,89,90,91,92,93,94,95,96,97,98,99]
CFO=-1045.8418859431988,STO=5
EsN0dB=22.24,GRXdB=10,N0=9.999999747378752e-05
packet_number=53,correct=True,payload=[0,1,2,3,4,5,6,7,8,9,10,11,12,13,14,15,16,17,18,19,20,21,22,23,24,25,26,27,28,29,30,31,32,33,34,35,36,37,38,39,40,41,42,43,44,45,46,47,48,49,50,51,52,53,54,55,56,57,58,59,60,61,62,63,64,65,66,67,68,69,70,71,72,73,74,75,76,77,78,79,80,81,82,83,84,85,86,87,88,89,90,91,92,93,94,95,96,97,98,99]
CFO=-1043.080165356921,STO=5
EsN0dB=22.21,GRXdB=10,N0=9.999999747378752e-05
packet_number=54,correct=True,payload=[0,1,2,3,4,5,6,7,8,9,10,11,12,13,14,15,16,17,18,19,20,21,22,23,24,25,26,27,28,29,30,31,32,33,34,35,36,37,38,39,40,41,42,43,44,45,46,47,48,49,50,51,52,53,54,55,56,57,58,59,60,61,62,63,64,65,66,67,68,69,70,71,72,73,74,75,76,77,78,79,80,81,82,83,84,85,86,87,88,89,90,91,92,93,94,95,96,97,98,99]
CFO=-1114.042392022834,STO=4
EsN0dB=22.25,GRXdB=10,N0=9.999999747378752e-05
packet_number=55,correct=True,payload=[0,1,2,3,4,5,6,7,8,9,10,11,12,13,14,15,16,17,18,19,20,21,22,23,24,25,26,27,28,29,30,31,32,33,34,35,36,37,38,39,40,41,42,43,44,45,46,47,48,49,50,51,52,53,54,55,56,57,58,59,60,61,62,63,64,65,66,67,68,69,70,71,72,73,74,75,76,77,78,79,80,81,82,83,84,85,86,87,88,89,90,91,92,93,94,95,96,97,98,99]
CFO=-966.4540991855137,STO=5
EsN0dB=22.22,GRXdB=10,N0=9.999999747378752e-05
packet_number=56,correct=True,payload=[0,1,2,3,4,5,6,7,8,9,10,11,12,13,14,15,16,17,18,19,20,21,22,23,24,25,26,27,28,29,30,31,32,33,34,35,36,37,38,39,40,41,42,43,44,45,46,47,48,49,50,51,52,53,54,55,56,57,58,59,60,61,62,63,64,65,66,67,68,69,70,71,72,73,74,75,76,77,78,79,80,81,82,83,84,85,86,87,88,89,90,91,92,93,94,95,96,97,98,99]
CFO=-975.8332177184433,STO=4
EsN0dB=22.21,GRXdB=10,N0=9.999999747378752e-05
packet_number=57,correct=True,payload=[0,1,2,3,4,5,6,7,8,9,10,11,12,13,14,15,16,17,18,19,20,21,22,23,24,25,26,27,28,29,30,31,32,33,34,35,36,37,38,39,40,41,42,43,44,45,46,47,48,49,50,51,52,53,54,55,56,57,58,59,60,61,62,63,64,65,66,67,68,69,70,71,72,73,74,75,76,77,78,79,80,81,82,83,84,85,86,87,88,89,90,91,92,93,94,95,96,97,98,99]
CFO=-1066.2442301764577,STO=4
EsN0dB=22.20,GRXdB=10,N0=9.999999747378752e-05
packet_number=58,correct=True,payload=[0,1,2,3,4,5,6,7,8,9,10,11,12,13,14,15,16,17,18,19,20,21,22,23,24,25,26,27,28,29,30,31,32,33,34,35,36,37,38,39,40,41,42,43,44,45,46,47,48,49,50,51,52,53,54,55,56,57,58,59,60,61,62,63,64,65,66,67,68,69,70,71,72,73,74,75,76,77,78,79,80,81,82,83,84,85,86,87,88,89,90,91,92,93,94,95,96,97,98,99]
CFO=-1089.3358428157362,STO=5
EsN0dB=22.22,GRXdB=10,N0=9.999999747378752e-05
packet_number=59,correct=True,payload=[0,1,2,3,4,5,6,7,8,9,10,11,12,13,14,15,16,17,18,19,20,21,22,23,24,25,26,27,28,29,30,31,32,33,34,35,36,37,38,39,40,41,42,43,44,45,46,47,48,49,50,51,52,53,54,55,56,57,58,59,60,61,62,63,64,65,66,67,68,69,70,71,72,73,74,75,76,77,78,79,80,81,82,83,84,85,86,87,88,89,90,91,92,93,94,95,96,97,98,99]
CFO=-1064.5630075713807,STO=5
EsN0dB=22.19,GRXdB=10,N0=9.999999747378752e-05
packet_number=60,correct=True,payload=[0,1,2,3,4,5,6,7,8,9,10,11,12,13,14,15,16,17,18,19,20,21,22,23,24,25,26,27,28,29,30,31,32,33,34,35,36,37,38,39,40,41,42,43,44,45,46,47,48,49,50,51,52,53,54,55,56,57,58,59,60,61,62,63,64,65,66,67,68,69,70,71,72,73,74,75,76,77,78,79,80,81,82,83,84,85,86,87,88,89,90,91,92,93,94,95,96,97,98,99]
CFO=-1077.828871339034,STO=4
EsN0dB=22.23,GRXdB=10,N0=9.999999747378752e-05
packet_number=61,correct=True,payload=[0,1,2,3,4,5,6,7,8,9,10,11,12,13,14,15,16,17,18,19,20,21,22,23,24,25,26,27,28,29,30,31,32,33,34,35,36,37,38,39,40,41,42,43,44,45,46,47,48,49,50,51,52,53,54,55,56,57,58,59,60,61,62,63,64,65,66,67,68,69,70,71,72,73,74,75,76,77,78,79,80,81,82,83,84,85,86,87,88,89,90,91,92,93,94,95,96,97,98,99]
CFO=-1061.7361867445763,STO=4
EsN0dB=22.25,GRXdB=10,N0=9.999999747378752e-05
packet_number=62,correct=True,payload=[0,1,2,3,4,5,6,7,8,9,10,11,12,13,14,15,16,17,18,19,20,21,22,23,24,25,26,27,28,29,30,31,32,33,34,35,36,37,38,39,40,41,42,43,44,45,46,47,48,49,50,51,52,53,54,55,56,57,58,59,60,61,62,63,64,65,66,67,68,69,70,71,72,73,74,75,76,77,78,79,80,81,82,83,84,85,86,87,88,89,90,91,92,93,94,95,96,97,98,99]
CFO=-976.0193878051954,STO=4
EsN0dB=22.24,GRXdB=10,N0=9.999999747378752e-05
packet_number=63,correct=True,payload=[0,1,2,3,4,5,6,7,8,9,10,11,12,13,14,15,16,17,18,19,20,21,22,23,24,25,26,27,28,29,30,31,32,33,34,35,36,37,38,39,40,41,42,43,44,45,46,47,48,49,50,51,52,53,54,55,56,57,58,59,60,61,62,63,64,65,66,67,68,69,70,71,72,73,74,75,76,77,78,79,80,81,82,83,84,85,86,87,88,89,90,91,92,93,94,95,96,97,98,99]
CFO=-1021.2910318468688,STO=4
EsN0dB=22.25,GRXdB=10,N0=9.999999747378752e-05
packet_number=64,correct=True,payload=[0,1,2,3,4,5,6,7,8,9,10,11,12,13,14,15,16,17,18,19,20,21,22,23,24,25,26,27,28,29,30,31,32,33,34,35,36,37,38,39,40,41,42,43,44,45,46,47,48,49,50,51,52,53,54,55,56,57,58,59,60,61,62,63,64,65,66,67,68,69,70,71,72,73,74,75,76,77,78,79,80,81,82,83,84,85,86,87,88,89,90,91,92,93,94,95,96,97,98,99]
CFO=-1054.6714469811905,STO=4
EsN0dB=22.23,GRXdB=10,N0=9.999999747378752e-05
packet_number=65,correct=True,payload=[0,1,2,3,4,5,6,7,8,9,10,11,12,13,14,15,16,17,18,19,20,21,22,23,24,25,26,27,28,29,30,31,32,33,34,35,36,37,38,39,40,41,42,43,44,45,46,47,48,49,50,51,52,53,54,55,56,57,58,59,60,61,62,63,64,65,66,67,68,69,70,71,72,73,74,75,76,77,78,79,80,81,82,83,84,85,86,87,88,89,90,91,92,93,94,95,96,97,98,99]
CFO=-1043.4806089129477,STO=4
EsN0dB=22.21,GRXdB=10,N0=9.999999747378752e-05
packet_number=66,correct=True,payload=[0,1,2,3,4,5,6,7,8,9,10,11,12,13,14,15,16,17,18,19,20,21,22,23,24,25,26,27,28,29,30,31,32,33,34,35,36,37,38,39,40,41,42,43,44,45,46,47,48,49,50,51,52,53,54,55,56,57,58,59,60,61,62,63,64,65,66,67,68,69,70,71,72,73,74,75,76,77,78,79,80,81,82,83,84,85,86,87,88,89,90,91,92,93,94,95,96,97,98,99]
CFO=-1060.680946233744,STO=4
EsN0dB=22.24,GRXdB=10,N0=9.999999747378752e-05
packet_number=67,correct=True,payload=[0,1,2,3,4,5,6,7,8,9,10,11,12,13,14,15,16,17,18,19,20,21,22,23,24,25,26,27,28,29,30,31,32,33,34,35,36,37,38,39,40,41,42,43,44,45,46,47,48,49,50,51,52,53,54,55,56,57,58,59,60,61,62,63,64,65,66,67,68,69,70,71,72,73,74,75,76,77,78,79,80,81,82,83,84,85,86,87,88,89,90,91,92,93,94,95,96,97,98,99]
CFO=-1039.7959827310067,STO=5
EsN0dB=22.25,GRXdB=10,N0=9.999999747378752e-05
packet_number=68,correct=True,payload=[0,1,2,3,4,5,6,7,8,9,10,11,12,13,14,15,16,17,18,19,20,21,22,23,24,25,26,27,28,29,30,31,32,33,34,35,36,37,38,39,40,41,42,43,44,45,46,47,48,49,50,51,52,53,54,55,56,57,58,59,60,61,62,63,64,65,66,67,68,69,70,71,72,73,74,75,76,77,78,79,80,81,82,83,84,85,86,87,88,89,90,91,92,93,94,95,96,97,98,99]
CFO=-1068.925435164707,STO=2
EsN0dB=22.21,GRXdB=10,N0=9.999999747378752e-05
packet_number=69,correct=True,payload=[0,1,2,3,4,5,6,7,8,9,10,11,12,13,14,15,16,17,18,19,20,21,22,23,24,25,26,27,28,29,30,31,32,33,34,35,36,37,38,39,40,41,42,43,44,45,46,47,48,49,50,51,52,53,54,55,56,57,58,59,60,61,62,63,64,65,66,67,68,69,70,71,72,73,74,75,76,77,78,79,80,81,82,83,84,85,86,87,88,89,90,91,92,93,94,95,96,97,98,99]
CFO=-1036.788090743393,STO=4
EsN0dB=22.21,GRXdB=10,N0=9.999999747378752e-05
packet_number=70,correct=True,payload=[0,1,2,3,4,5,6,7,8,9,10,11,12,13,14,15,16,17,18,19,20,21,22,23,24,25,26,27,28,29,30,31,32,33,34,35,36,37,38,39,40,41,42,43,44,45,46,47,48,49,50,51,52,53,54,55,56,57,58,59,60,61,62,63,64,65,66,67,68,69,70,71,72,73,74,75,76,77,78,79,80,81,82,83,84,85,86,87,88,89,90,91,92,93,94,95,96,97,98,99]
CFO=-1019.9072070619027,STO=5
EsN0dB=22.24,GRXdB=10,N0=9.999999747378752e-05
packet_number=71,correct=True,payload=[0,1,2,3,4,5,6,7,8,9,10,11,12,13,14,15,16,17,18,19,20,21,22,23,24,25,26,27,28,29,30,31,32,33,34,35,36,37,38,39,40,41,42,43,44,45,46,47,48,49,50,51,52,53,54,55,56,57,58,59,60,61,62,63,64,65,66,67,68,69,70,71,72,73,74,75,76,77,78,79,80,81,82,83,84,85,86,87,88,89,90,91,92,93,94,95,96,97,98,99]
CFO=-1078.863834725768,STO=4
EsN0dB=22.24,GRXdB=10,N0=9.999999747378752e-05
packet_number=72,correct=True,payload=[0,1,2,3,4,5,6,7,8,9,10,11,12,13,14,15,16,17,18,19,20,21,22,23,24,25,26,27,28,29,30,31,32,33,34,35,36,37,38,39,40,41,42,43,44,45,46,47,48,49,50,51,52,53,54,55,56,57,58,59,60,61,62,63,64,65,66,67,68,69,70,71,72,73,74,75,76,77,78,79,80,81,82,83,84,85,86,87,88,89,90,91,92,93,94,95,96,97,98,99]
CFO=-1013.1257541375302,STO=4
EsN0dB=22.23,GRXdB=10,N0=9.999999747378752e-05
packet_number=73,correct=True,payload=[0,1,2,3,4,5,6,7,8,9,10,11,12,13,14,15,16,17,18,19,20,21,22,23,24,25,26,27,28,29,30,31,32,33,34,35,36,37,38,39,40,41,42,43,44,45,46,47,48,49,50,51,52,53,54,55,56,57,58,59,60,61,62,63,64,65,66,67,68,69,70,71,72,73,74,75,76,77,78,79,80,81,82,83,84,85,86,87,88,89,90,91,92,93,94,95,96,97,98,99]
CFO=-1046.1307460268472,STO=4
EsN0dB=22.22,GRXdB=10,N0=9.999999747378752e-05
packet_number=74,correct=True,payload=[0,1,2,3,4,5,6,7,8,9,10,11,12,13,14,15,16,17,18,19,20,21,22,23,24,25,26,27,28,29,30,31,32,33,34,35,36,37,38,39,40,41,42,43,44,45,46,47,48,49,50,51,52,53,54,55,56,57,58,59,60,61,62,63,64,65,66,67,68,69,70,71,72,73,74,75,76,77,78,79,80,81,82,83,84,85,86,87,88,89,90,91,92,93,94,95,96,97,98,99]
CFO=-1097.8975323722163,STO=4
EsN0dB=22.19,GRXdB=10,N0=9.999999747378752e-05
packet_number=75,correct=True,payload=[0,1,2,3,4,5,6,7,8,9,10,11,12,13,14,15,16,17,18,19,20,21,22,23,24,25,26,27,28,29,30,31,32,33,34,35,36,37,38,39,40,41,42,43,44,45,46,47,48,49,50,51,52,53,54,55,56,57,58,59,60,61,62,63,64,65,66,67,68,69,70,71,72,73,74,75,76,77,78,79,80,81,82,83,84,85,86,87,88,89,90,91,92,93,94,95,96,97,98,99]
CFO=-1096.6278998124365,STO=5
EsN0dB=22.25,GRXdB=10,N0=9.999999747378752e-05
packet_number=76,correct=True,payload=[0,1,2,3,4,5,6,7,8,9,10,11,12,13,14,15,16,17,18,19,20,21,22,23,24,25,26,27,28,29,30,31,32,33,34,35,36,37,38,39,40,41,42,43,44,45,46,47,48,49,50,51,52,53,54,55,56,57,58,59,60,61,62,63,64,65,66,67,68,69,70,71,72,73,74,75,76,77,78,79,80,81,82,83,84,85,86,87,88,89,90,91,92,93,94,95,96,97,98,99]
CFO=-1134.9879497385205,STO=4
EsN0dB=22.24,GRXdB=10,N0=9.999999747378752e-05
packet_number=77,correct=True,payload=[0,1,2,3,4,5,6,7,8,9,10,11,12,13,14,15,16,17,18,19,20,21,22,23,24,25,26,27,28,29,30,31,32,33,34,35,36,37,38,39,40,41,42,43,44,45,46,47,48,49,50,51,52,53,54,55,56,57,58,59,60,61,62,63,64,65,66,67,68,69,70,71,72,73,74,75,76,77,78,79,80,81,82,83,84,85,86,87,88,89,90,91,92,93,94,95,96,97,98,99]
CFO=-1066.7534112927083,STO=4
EsN0dB=22.23,GRXdB=10,N0=9.999999747378752e-05
packet_number=78,correct=True,payload=[0,1,2,3,4,5,6,7,8,9,10,11,12,13,14,15,16,17,18,19,20,21,22,23,24,25,26,27,28,29,30,31,32,33,34,35,36,37,38,39,40,41,42,43,44,45,46,47,48,49,50,51,52,53,54,55,56,57,58,59,60,61,62,63,64,65,66,67,68,69,70,71,72,73,74,75,76,77,78,79,80,81,82,83,84,85,86,87,88,89,90,91,92,93,94,95,96,97,98,99]
CFO=-1054.6100227105296,STO=5
EsN0dB=22.19,GRXdB=10,N0=9.999999747378752e-05
packet_number=79,correct=True,payload=[0,1,2,3,4,5,6,7,8,9,10,11,12,13,14,15,16,17,18,19,20,21,22,23,24,25,26,27,28,29,30,31,32,33,34,35,36,37,38,39,40,41,42,43,44,45,46,47,48,49,50,51,52,53,54,55,56,57,58,59,60,61,62,63,64,65,66,67,68,69,70,71,72,73,74,75,76,77,78,79,80,81,82,83,84,85,86,87,88,89,90,91,92,93,94,95,96,97,98,99]
CFO=-1077.503844455093,STO=4
EsN0dB=22.19,GRXdB=10,N0=9.999999747378752e-05
packet_number=80,correct=True,payload=[0,1,2,3,4,5,6,7,8,9,10,11,12,13,14,15,16,17,18,19,20,21,22,23,24,25,26,27,28,29,30,31,32,33,34,35,36,37,38,39,40,41,42,43,44,45,46,47,48,49,50,51,52,53,54,55,56,57,58,59,60,61,62,63,64,65,66,67,68,69,70,71,72,73,74,75,76,77,78,79,80,81,82,83,84,85,86,87,88,89,90,91,92,93,94,95,96,97,98,99]
CFO=-1087.41331057592,STO=5
EsN0dB=22.21,GRXdB=10,N0=9.999999747378752e-05
packet_number=81,correct=True,payload=[0,1,2,3,4,5,6,7,8,9,10,11,12,13,14,15,16,17,18,19,20,21,22,23,24,25,26,27,28,29,30,31,32,33,34,35,36,37,38,39,40,41,42,43,44,45,46,47,48,49,50,51,52,53,54,55,56,57,58,59,60,61,62,63,64,65,66,67,68,69,70,71,72,73,74,75,76,77,78,79,80,81,82,83,84,85,86,87,88,89,90,91,92,93,94,95,96,97,98,99]
CFO=-997.5282582578982,STO=4
EsN0dB=22.19,GRXdB=10,N0=9.999999747378752e-05
packet_number=82,correct=True,payload=[0,1,2,3,4,5,6,7,8,9,10,11,12,13,14,15,16,17,18,19,20,21,22,23,24,25,26,27,28,29,30,31,32,33,34,35,36,37,38,39,40,41,42,43,44,45,46,47,48,49,50,51,52,53,54,55,56,57,58,59,60,61,62,63,64,65,66,67,68,69,70,71,72,73,74,75,76,77,78,79,80,81,82,83,84,85,86,87,88,89,90,91,92,93,94,95,96,97,98,99]
CFO=-980.0502073427241,STO=3
EsN0dB=22.20,GRXdB=10,N0=9.999999747378752e-05
packet_number=83,correct=True,payload=[0,1,2,3,4,5,6,7,8,9,10,11,12,13,14,15,16,17,18,19,20,21,22,23,24,25,26,27,28,29,30,31,32,33,34,35,36,37,38,39,40,41,42,43,44,45,46,47,48,49,50,51,52,53,54,55,56,57,58,59,60,61,62,63,64,65,66,67,68,69,70,71,72,73,74,75,76,77,78,79,80,81,82,83,84,85,86,87,88,89,90,91,92,93,94,95,96,97,98,99]
CFO=-1063.6572960283154,STO=5
EsN0dB=22.21,GRXdB=10,N0=9.999999747378752e-05
packet_number=84,correct=True,payload=[0,1,2,3,4,5,6,7,8,9,10,11,12,13,14,15,16,17,18,19,20,21,22,23,24,25,26,27,28,29,30,31,32,33,34,35,36,37,38,39,40,41,42,43,44,45,46,47,48,49,50,51,52,53,54,55,56,57,58,59,60,61,62,63,64,65,66,67,68,69,70,71,72,73,74,75,76,77,78,79,80,81,82,83,84,85,86,87,88,89,90,91,92,93,94,95,96,97,98,99]
CFO=-1027.9495176502464,STO=4
EsN0dB=22.17,GRXdB=10,N0=9.999999747378752e-05
packet_number=85,correct=True,payload=[0,1,2,3,4,5,6,7,8,9,10,11,12,13,14,15,16,17,18,19,20,21,22,23,24,25,26,27,28,29,30,31,32,33,34,35,36,37,38,39,40,41,42,43,44,45,46,47,48,49,50,51,52,53,54,55,56,57,58,59,60,61,62,63,64,65,66,67,68,69,70,71,72,73,74,75,76,77,78,79,80,81,82,83,84,85,86,87,88,89,90,91,92,93,94,95,96,97,98,99]
CFO=-1087.1818430540472,STO=1
EsN0dB=22.23,GRXdB=10,N0=9.999999747378752e-05
packet_number=86,correct=True,payload=[0,1,2,3,4,5,6,7,8,9,10,11,12,13,14,15,16,17,18,19,20,21,22,23,24,25,26,27,28,29,30,31,32,33,34,35,36,37,38,39,40,41,42,43,44,45,46,47,48,49,50,51,52,53,54,55,56,57,58,59,60,61,62,63,64,65,66,67,68,69,70,71,72,73,74,75,76,77,78,79,80,81,82,83,84,85,86,87,88,89,90,91,92,93,94,95,96,97,98,99]
CFO=-1058.0883202612931,STO=5
EsN0dB=22.23,GRXdB=10,N0=9.999999747378752e-05
packet_number=87,correct=True,payload=[0,1,2,3,4,5,6,7,8,9,10,11,12,13,14,15,16,17,18,19,20,21,22,23,24,25,26,27,28,29,30,31,32,33,34,35,36,37,38,39,40,41,42,43,44,45,46,47,48,49,50,51,52,53,54,55,56,57,58,59,60,61,62,63,64,65,66,67,68,69,70,71,72,73,74,75,76,77,78,79,80,81,82,83,84,85,86,87,88,89,90,91,92,93,94,95,96,97,98,99]
CFO=-1037.6517065025112,STO=4
EsN0dB=22.14,GRXdB=10,N0=9.999999747378752e-05
packet_number=88,correct=True,payload=[0,1,2,3,4,5,6,7,8,9,10,11,12,13,14,15,16,17,18,19,20,21,22,23,24,25,26,27,28,29,30,31,32,33,34,35,36,37,38,39,40,41,42,43,44,45,46,47,48,49,50,51,52,53,54,55,56,57,58,59,60,61,62,63,64,65,66,67,68,69,70,71,72,73,74,75,76,77,78,79,80,81,82,83,84,85,86,87,88,89,90,91,92,93,94,95,96,97,98,99]
CFO=-1013.5948553242762,STO=5
EsN0dB=22.24,GRXdB=10,N0=9.999999747378752e-05
packet_number=89,correct=True,payload=[0,1,2,3,4,5,6,7,8,9,10,11,12,13,14,15,16,17,18,19,20,21,22,23,24,25,26,27,28,29,30,31,32,33,34,35,36,37,38,39,40,41,42,43,44,45,46,47,48,49,50,51,52,53,54,55,56,57,58,59,60,61,62,63,64,65,66,67,68,69,70,71,72,73,74,75,76,77,78,79,80,81,82,83,84,85,86,87,88,89,90,91,92,93,94,95,96,97,98,99]
CFO=-1065.3589143371642,STO=4
EsN0dB=22.20,GRXdB=10,N0=9.999999747378752e-05
packet_number=90,correct=True,payload=[0,1,2,3,4,5,6,7,8,9,10,11,12,13,14,15,16,17,18,19,20,21,22,23,24,25,26,27,28,29,30,31,32,33,34,35,36,37,38,39,40,41,42,43,44,45,46,47,48,49,50,51,52,53,54,55,56,57,58,59,60,61,62,63,64,65,66,67,68,69,70,71,72,73,74,75,76,77,78,79,80,81,82,83,84,85,86,87,88,89,90,91,92,93,94,95,96,97,98,99]
CFO=-1013.0825911365251,STO=5
EsN0dB=22.20,GRXdB=10,N0=9.999999747378752e-05
packet_number=91,correct=True,payload=[0,1,2,3,4,5,6,7,8,9,10,11,12,13,14,15,16,17,18,19,20,21,22,23,24,25,26,27,28,29,30,31,32,33,34,35,36,37,38,39,40,41,42,43,44,45,46,47,48,49,50,51,52,53,54,55,56,57,58,59,60,61,62,63,64,65,66,67,68,69,70,71,72,73,74,75,76,77,78,79,80,81,82,83,84,85,86,87,88,89,90,91,92,93,94,95,96,97,98,99]
CFO=-1022.2247281927833,STO=4
EsN0dB=22.21,GRXdB=10,N0=9.999999747378752e-05
packet_number=92,correct=True,payload=[0,1,2,3,4,5,6,7,8,9,10,11,12,13,14,15,16,17,18,19,20,21,22,23,24,25,26,27,28,29,30,31,32,33,34,35,36,37,38,39,40,41,42,43,44,45,46,47,48,49,50,51,52,53,54,55,56,57,58,59,60,61,62,63,64,65,66,67,68,69,70,71,72,73,74,75,76,77,78,79,80,81,82,83,84,85,86,87,88,89,90,91,92,93,94,95,96,97,98,99]
CFO=-1025.688440443757,STO=7
EsN0dB=22.18,GRXdB=10,N0=9.999999747378752e-05
packet_number=93,correct=True,payload=[0,1,2,3,4,5,6,7,8,9,10,11,12,13,14,15,16,17,18,19,20,21,22,23,24,25,26,27,28,29,30,31,32,33,34,35,36,37,38,39,40,41,42,43,44,45,46,47,48,49,50,51,52,53,54,55,56,57,58,59,60,61,62,63,64,65,66,67,68,69,70,71,72,73,74,75,76,77,78,79,80,81,82,83,84,85,86,87,88,89,90,91,92,93,94,95,96,97,98,99]
CFO=-1008.8787045661209,STO=4
EsN0dB=22.23,GRXdB=10,N0=9.999999747378752e-05
packet_number=94,correct=True,payload=[0,1,2,3,4,5,6,7,8,9,10,11,12,13,14,15,16,17,18,19,20,21,22,23,24,25,26,27,28,29,30,31,32,33,34,35,36,37,38,39,40,41,42,43,44,45,46,47,48,49,50,51,52,53,54,55,56,57,58,59,60,61,62,63,64,65,66,67,68,69,70,71,72,73,74,75,76,77,78,79,80,81,82,83,84,85,86,87,88,89,90,91,92,93,94,95,96,97,98,99]
CFO=-1142.5656651676957,STO=4
EsN0dB=22.26,GRXdB=10,N0=9.999999747378752e-05
packet_number=95,correct=True,payload=[0,1,2,3,4,5,6,7,8,9,10,11,12,13,14,15,16,17,18,19,20,21,22,23,24,25,26,27,28,29,30,31,32,33,34,35,36,37,38,39,40,41,42,43,44,45,46,47,48,49,50,51,52,53,54,55,56,57,58,59,60,61,62,63,64,65,66,67,68,69,70,71,72,73,74,75,76,77,78,79,80,81,82,83,84,85,86,87,88,89,90,91,92,93,94,95,96,97,98,99]
CFO=-1035.8530900210744,STO=5
EsN0dB=22.17,GRXdB=10,N0=9.999999747378752e-05
packet_number=96,correct=True,payload=[0,1,2,3,4,5,6,7,8,9,10,11,12,13,14,15,16,17,18,19,20,21,22,23,24,25,26,27,28,29,30,31,32,33,34,35,36,37,38,39,40,41,42,43,44,45,46,47,48,49,50,51,52,53,54,55,56,57,58,59,60,61,62,63,64,65,66,67,68,69,70,71,72,73,74,75,76,77,78,79,80,81,82,83,84,85,86,87,88,89,90,91,92,93,94,95,96,97,98,99]
CFO=-1043.4732569732162,STO=5
EsN0dB=22.25,GRXdB=10,N0=9.999999747378752e-05
packet_number=97,correct=True,payload=[0,1,2,3,4,5,6,7,8,9,10,11,12,13,14,15,16,17,18,19,20,21,22,23,24,25,26,27,28,29,30,31,32,33,34,35,36,37,38,39,40,41,42,43,44,45,46,47,48,49,50,51,52,53,54,55,56,57,58,59,60,61,62,63,64,65,66,67,68,69,70,71,72,73,74,75,76,77,78,79,80,81,82,83,84,85,86,87,88,89,90,91,92,93,94,95,96,97,98,99]
CFO=-982.1477038901854,STO=4
EsN0dB=22.22,GRXdB=10,N0=9.999999747378752e-05
packet_number=98,correct=True,payload=[0,1,2,3,4,5,6,7,8,9,10,11,12,13,14,15,16,17,18,19,20,21,22,23,24,25,26,27,28,29,30,31,32,33,34,35,36,37,38,39,40,41,42,43,44,45,46,47,48,49,50,51,52,53,54,55,56,57,58,59,60,61,62,63,64,65,66,67,68,69,70,71,72,73,74,75,76,77,78,79,80,81,82,83,84,85,86,87,88,89,90,91,92,93,94,95,96,97,98,99]
CFO=-1051.9563282064373,STO=5
EsN0dB=22.22,GRXdB=10,N0=9.999999747378752e-05
packet_number=99,correct=True,payload=[0,1,2,3,4,5,6,7,8,9,10,11,12,13,14,15,16,17,18,19,20,21,22,23,24,25,26,27,28,29,30,31,32,33,34,35,36,37,38,39,40,41,42,43,44,45,46,47,48,49,50,51,52,53,54,55,56,57,58,59,60,61,62,63,64,65,66,67,68,69,70,71,72,73,74,75,76,77,78,79,80,81,82,83,84,85,86,87,88,89,90,91,92,93,94,95,96,97,98,99]
CFO=-1066.443681186596,STO=4
EsN0dB=22.24,GRXdB=10,N0=9.999999747378752e-05
packet_number=100,correct=True,payload=[0,1,2,3,4,5,6,7,8,9,10,11,12,13,14,15,16,17,18,19,20,21,22,23,24,25,26,27,28,29,30,31,32,33,34,35,36,37,38,39,40,41,42,43,44,45,46,47,48,49,50,51,52,53,54,55,56,57,58,59,60,61,62,63,64,65,66,67,68,69,70,71,72,73,74,75,76,77,78,79,80,81,82,83,84,85,86,87,88,89,90,91,92,93,94,95,96,97,98,99]
CFO=-1051.0750440760287,STO=4
EsN0dB=21.26,GRXdB=10,N0=0.0001258925476577133
packet_number=101,correct=True,payload=[0,1,2,3,4,5,6,7,8,9,10,11,12,13,14,15,16,17,18,19,20,21,22,23,24,25,26,27,28,29,30,31,32,33,34,35,36,37,38,39,40,41,42,43,44,45,46,47,48,49,50,51,52,53,54,55,56,57,58,59,60,61,62,63,64,65,66,67,68,69,70,71,72,73,74,75,76,77,78,79,80,81,82,83,84,85,86,87,88,89,90,91,92,93,94,95,96,97,98,99]
CFO=-1051.8829273887943,STO=4
EsN0dB=21.20,GRXdB=10,N0=0.0001258925476577133
packet_number=102,correct=True,payload=[0,1,2,3,4,5,6,7,8,9,10,11,12,13,14,15,16,17,18,19,20,21,22,23,24,25,26,27,28,29,30,31,32,33,34,35,36,37,38,39,40,41,42,43,44,45,46,47,48,49,50,51,52,53,54,55,56,57,58,59,60,61,62,63,64,65,66,67,68,69,70,71,72,73,74,75,76,77,78,79,80,81,82,83,84,85,86,87,88,89,90,91,92,93,94,95,96,97,98,99]
CFO=-1026.2328397229153,STO=4
EsN0dB=21.22,GRXdB=10,N0=0.0001258925476577133
packet_number=103,correct=True,payload=[0,1,2,3,4,5,6,7,8,9,10,11,12,13,14,15,16,17,18,19,20,21,22,23,24,25,26,27,28,29,30,31,32,33,34,35,36,37,38,39,40,41,42,43,44,45,46,47,48,49,50,51,52,53,54,55,56,57,58,59,60,61,62,63,64,65,66,67,68,69,70,71,72,73,74,75,76,77,78,79,80,81,82,83,84,85,86,87,88,89,90,91,92,93,94,95,96,97,98,99]
CFO=-1018.97588230945,STO=5
EsN0dB=21.23,GRXdB=10,N0=0.0001258925476577133
packet_number=104,correct=True,payload=[0,1,2,3,4,5,6,7,8,9,10,11,12,13,14,15,16,17,18,19,20,21,22,23,24,25,26,27,28,29,30,31,32,33,34,35,36,37,38,39,40,41,42,43,44,45,46,47,48,49,50,51,52,53,54,55,56,57,58,59,60,61,62,63,64,65,66,67,68,69,70,71,72,73,74,75,76,77,78,79,80,81,82,83,84,85,86,87,88,89,90,91,92,93,94,95,96,97,98,99]
CFO=-1084.6366489508328,STO=4
EsN0dB=21.24,GRXdB=10,N0=0.0001258925476577133
packet_number=105,correct=True,payload=[0,1,2,3,4,5,6,7,8,9,10,11,12,13,14,15,16,17,18,19,20,21,22,23,24,25,26,27,28,29,30,31,32,33,34,35,36,37,38,39,40,41,42,43,44,45,46,47,48,49,50,51,52,53,54,55,56,57,58,59,60,61,62,63,64,65,66,67,68,69,70,71,72,73,74,75,76,77,78,79,80,81,82,83,84,85,86,87,88,89,90,91,92,93,94,95,96,97,98,99]
CFO=-1049.979842215365,STO=5
EsN0dB=21.28,GRXdB=10,N0=0.0001258925476577133
packet_number=106,correct=True,payload=[0,1,2,3,4,5,6,7,8,9,10,11,12,13,14,15,16,17,18,19,20,21,22,23,24,25,26,27,28,29,30,31,32,33,34,35,36,37,38,39,40,41,42,43,44,45,46,47,48,49,50,51,52,53,54,55,56,57,58,59,60,61,62,63,64,65,66,67,68,69,70,71,72,73,74,75,76,77,78,79,80,81,82,83,84,85,86,87,88,89,90,91,92,93,94,95,96,97,98,99]
CFO=-1037.9223053165038,STO=4
EsN0dB=21.19,GRXdB=10,N0=0.0001258925476577133
packet_number=107,correct=True,payload=[0,1,2,3,4,5,6,7,8,9,10,11,12,13,14,15,16,17,18,19,20,21,22,23,24,25,26,27,28,29,30,31,32,33,34,35,36,37,38,39,40,41,42,43,44,45,46,47,48,49,50,51,52,53,54,55,56,57,58,59,60,61,62,63,64,65,66,67,68,69,70,71,72,73,74,75,76,77,78,79,80,81,82,83,84,85,86,87,88,89,90,91,92,93,94,95,96,97,98,99]
CFO=-1133.3354234143312,STO=4
EsN0dB=21.24,GRXdB=10,N0=0.0001258925476577133
packet_number=108,correct=True,payload=[0,1,2,3,4,5,6,7,8,9,10,11,12,13,14,15,16,17,18,19,20,21,22,23,24,25,26,27,28,29,30,31,32,33,34,35,36,37,38,39,40,41,42,43,44,45,46,47,48,49,50,51,52,53,54,55,56,57,58,59,60,61,62,63,64,65,66,67,68,69,70,71,72,73,74,75,76,77,78,79,80,81,82,83,84,85,86,87,88,89,90,91,92,93,94,95,96,97,98,99]
CFO=-1007.4556299093617,STO=5
EsN0dB=21.25,GRXdB=10,N0=0.0001258925476577133
packet_number=109,correct=True,payload=[0,1,2,3,4,5,6,7,8,9,10,11,12,13,14,15,16,17,18,19,20,21,22,23,24,25,26,27,28,29,30,31,32,33,34,35,36,37,38,39,40,41,42,43,44,45,46,47,48,49,50,51,52,53,54,55,56,57,58,59,60,61,62,63,64,65,66,67,68,69,70,71,72,73,74,75,76,77,78,79,80,81,82,83,84,85,86,87,88,89,90,91,92,93,94,95,96,97,98,99]
CFO=-1024.6479038123878,STO=4
EsN0dB=21.19,GRXdB=10,N0=0.0001258925476577133
packet_number=110,correct=True,payload=[0,1,2,3,4,5,6,7,8,9,10,11,12,13,14,15,16,17,18,19,20,21,22,23,24,25,26,27,28,29,30,31,32,33,34,35,36,37,38,39,40,41,42,43,44,45,46,47,48,49,50,51,52,53,54,55,56,57,58,59,60,61,62,63,64,65,66,67,68,69,70,71,72,73,74,75,76,77,78,79,80,81,82,83,84,85,86,87,88,89,90,91,92,93,94,95,96,97,98,99]
CFO=-1018.3946047519603,STO=5
EsN0dB=21.22,GRXdB=10,N0=0.0001258925476577133
packet_number=111,correct=True,payload=[0,1,2,3,4,5,6,7,8,9,10,11,12,13,14,15,16,17,18,19,20,21,22,23,24,25,26,27,28,29,30,31,32,33,34,35,36,37,38,39,40,41,42,43,44,45,46,47,48,49,50,51,52,53,54,55,56,57,58,59,60,61,62,63,64,65,66,67,68,69,70,71,72,73,74,75,76,77,78,79,80,81,82,83,84,85,86,87,88,89,90,91,92,93,94,95,96,97,98,99]
CFO=-1042.9296877517693,STO=4
EsN0dB=21.22,GRXdB=10,N0=0.0001258925476577133
packet_number=112,correct=True,payload=[0,1,2,3,4,5,6,7,8,9,10,11,12,13,14,15,16,17,18,19,20,21,22,23,24,25,26,27,28,29,30,31,32,33,34,35,36,37,38,39,40,41,42,43,44,45,46,47,48,49,50,51,52,53,54,55,56,57,58,59,60,61,62,63,64,65,66,67,68,69,70,71,72,73,74,75,76,77,78,79,80,81,82,83,84,85,86,87,88,89,90,91,92,93,94,95,96,97,98,99]
CFO=-1071.8152217979225,STO=4
EsN0dB=21.26,GRXdB=10,N0=0.0001258925476577133
packet_number=113,correct=True,payload=[0,1,2,3,4,5,6,7,8,9,10,11,12,13,14,15,16,17,18,19,20,21,22,23,24,25,26,27,28,29,30,31,32,33,34,35,36,37,38,39,40,41,42,43,44,45,46,47,48,49,50,51,52,53,54,55,56,57,58,59,60,61,62,63,64,65,66,67,68,69,70,71,72,73,74,75,76,77,78,79,80,81,82,83,84,85,86,87,88,89,90,91,92,93,94,95,96,97,98,99]
CFO=-1048.1956924540452,STO=5
EsN0dB=21.20,GRXdB=10,N0=0.0001258925476577133
packet_number=114,correct=True,payload=[0,1,2,3,4,5,6,7,8,9,10,11,12,13,14,15,16,17,18,19,20,21,22,23,24,25,26,27,28,29,30,31,32,33,34,35,36,37,38,39,40,41,42,43,44,45,46,47,48,49,50,51,52,53,54,55,56,57,58,59,60,61,62,63,64,65,66,67,68,69,70,71,72,73,74,75,76,77,78,79,80,81,82,83,84,85,86,87,88,89,90,91,92,93,94,95,96,97,98,99]
CFO=-1110.4523924200191,STO=4
EsN0dB=21.23,GRXdB=10,N0=0.0001258925476577133
packet_number=115,correct=True,payload=[0,1,2,3,4,5,6,7,8,9,10,11,12,13,14,15,16,17,18,19,20,21,22,23,24,25,26,27,28,29,30,31,32,33,34,35,36,37,38,39,40,41,42,43,44,45,46,47,48,49,50,51,52,53,54,55,56,57,58,59,60,61,62,63,64,65,66,67,68,69,70,71,72,73,74,75,76,77,78,79,80,81,82,83,84,85,86,87,88,89,90,91,92,93,94,95,96,97,98,99]
CFO=-1001.207192615531,STO=5
EsN0dB=21.22,GRXdB=10,N0=0.0001258925476577133
packet_number=116,correct=True,payload=[0,1,2,3,4,5,6,7,8,9,10,11,12,13,14,15,16,17,18,19,20,21,22,23,24,25,26,27,28,29,30,31,32,33,34,35,36,37,38,39,40,41,42,43,44,45,46,47,48,49,50,51,52,53,54,55,56,57,58,59,60,61,62,63,64,65,66,67,68,69,70,71,72,73,74,75,76,77,78,79,80,81,82,83,84,85,86,87,88,89,90,91,92,93,94,95,96,97,98,99]
CFO=-1052.407879601566,STO=4
EsN0dB=21.28,GRXdB=10,N0=0.0001258925476577133
packet_number=117,correct=True,payload=[0,1,2,3,4,5,6,7,8,9,10,11,12,13,14,15,16,17,18,19,20,21,22,23,24,25,26,27,28,29,30,31,32,33,34,35,36,37,38,39,40,41,42,43,44,45,46,47,48,49,50,51,52,53,54,55,56,57,58,59,60,61,62,63,64,65,66,67,68,69,70,71,72,73,74,75,76,77,78,79,80,81,82,83,84,85,86,87,88,89,90,91,92,93,94,95,96,97,98,99]
CFO=-1106.5029778280668,STO=4
EsN0dB=21.22,GRXdB=10,N0=0.0001258925476577133
packet_number=118,correct=True,payload=[0,1,2,3,4,5,6,7,8,9,10,11,12,13,14,15,16,17,18,19,20,21,22,23,24,25,26,27,28,29,30,31,32,33,34,35,36,37,38,39,40,41,42,43,44,45,46,47,48,49,50,51,52,53,54,55,56,57,58,59,60,61,62,63,64,65,66,67,68,69,70,71,72,73,74,75,76,77,78,79,80,81,82,83,84,85,86,87,88,89,90,91,92,93,94,95,96,97,98,99]
CFO=-994.7840874632379,STO=2
EsN0dB=21.26,GRXdB=10,N0=0.0001258925476577133
packet_number=119,correct=True,payload=[0,1,2,3,4,5,6,7,8,9,10,11,12,13,14,15,16,17,18,19,20,21,22,23,24,25,26,27,28,29,30,31,32,33,34,35,36,37,38,39,40,41,42,43,44,45,46,47,48,49,50,51,52,53,54,55,56,57,58,59,60,61,62,63,64,65,66,67,68,69,70,71,72,73,74,75,76,77,78,79,80,81,82,83,84,85,86,87,88,89,90,91,92,93,94,95,96,97,98,99]
CFO=-1082.1022455978696,STO=4
EsN0dB=21.22,GRXdB=10,N0=0.0001258925476577133
packet_number=120,correct=True,payload=[0,1,2,3,4,5,6,7,8,9,10,11,12,13,14,15,16,17,18,19,20,21,22,23,24,25,26,27,28,29,30,31,32,33,34,35,36,37,38,39,40,41,42,43,44,45,46,47,48,49,50,51,52,53,54,55,56,57,58,59,60,61,62,63,64,65,66,67,68,69,70,71,72,73,74,75,76,77,78,79,80,81,82,83,84,85,86,87,88,89,90,91,92,93,94,95,96,97,98,99]
CFO=-1060.8690135952654,STO=5
EsN0dB=21.17,GRXdB=10,N0=0.0001258925476577133
packet_number=121,correct=True,payload=[0,1,2,3,4,5,6,7,8,9,10,11,12,13,14,15,16,17,18,19,20,21,22,23,24,25,26,27,28,29,30,31,32,33,34,35,36,37,38,39,40,41,42,43,44,45,46,47,48,49,50,51,52,53,54,55,56,57,58,59,60,61,62,63,64,65,66,67,68,69,70,71,72,73,74,75,76,77,78,79,80,81,82,83,84,85,86,87,88,89,90,91,92,93,94,95,96,97,98,99]
CFO=-1093.9596200085539,STO=4
EsN0dB=21.22,GRXdB=10,N0=0.0001258925476577133
packet_number=122,correct=True,payload=[0,1,2,3,4,5,6,7,8,9,10,11,12,13,14,15,16,17,18,19,20,21,22,23,24,25,26,27,28,29,30,31,32,33,34,35,36,37,38,39,40,41,42,43,44,45,46,47,48,49,50,51,52,53,54,55,56,57,58,59,60,61,62,63,64,65,66,67,68,69,70,71,72,73,74,75,76,77,78,79,80,81,82,83,84,85,86,87,88,89,90,91,92,93,94,95,96,97,98,99]
CFO=-1041.4450702446761,STO=4
EsN0dB=21.18,GRXdB=10,N0=0.0001258925476577133
packet_number=123,correct=True,payload=[0,1,2,3,4,5,6,7,8,9,10,11,12,13,14,15,16,17,18,19,20,21,22,23,24,25,26,27,28,29,30,31,32,33,34,35,36,37,38,39,40,41,42,43,44,45,46,47,48,49,50,51,52,53,54,55,56,57,58,59,60,61,62,63,64,65,66,67,68,69,70,71,72,73,74,75,76,77,78,79,80,81,82,83,84,85,86,87,88,89,90,91,92,93,94,95,96,97,98,99]
CFO=-1113.12790558396,STO=5
EsN0dB=21.17,GRXdB=10,N0=0.0001258925476577133
packet_number=124,correct=True,payload=[0,1,2,3,4,5,6,7,8,9,10,11,12,13,14,15,16,17,18,19,20,21,22,23,24,25,26,27,28,29,30,31,32,33,34,35,36,37,38,39,40,41,42,43,44,45,46,47,48,49,50,51,52,53,54,55,56,57,58,59,60,61,62,63,64,65,66,67,68,69,70,71,72,73,74,75,76,77,78,79,80,81,82,83,84,85,86,87,88,89,90,91,92,93,94,95,96,97,98,99]
CFO=-1073.0380153868318,STO=5
EsN0dB=21.18,GRXdB=10,N0=0.0001258925476577133
packet_number=125,correct=True,payload=[0,1,2,3,4,5,6,7,8,9,10,11,12,13,14,15,16,17,18,19,20,21,22,23,24,25,26,27,28,29,30,31,32,33,34,35,36,37,38,39,40,41,42,43,44,45,46,47,48,49,50,51,52,53,54,55,56,57,58,59,60,61,62,63,64,65,66,67,68,69,70,71,72,73,74,75,76,77,78,79,80,81,82,83,84,85,86,87,88,89,90,91,92,93,94,95,96,97,98,99]
CFO=-1103.6500694731826,STO=5
EsN0dB=21.25,GRXdB=10,N0=0.0001258925476577133
packet_number=126,correct=True,payload=[0,1,2,3,4,5,6,7,8,9,10,11,12,13,14,15,16,17,18,19,20,21,22,23,24,25,26,27,28,29,30,31,32,33,34,35,36,37,38,39,40,41,42,43,44,45,46,47,48,49,50,51,52,53,54,55,56,57,58,59,60,61,62,63,64,65,66,67,68,69,70,71,72,73,74,75,76,77,78,79,80,81,82,83,84,85,86,87,88,89,90,91,92,93,94,95,96,97,98,99]
CFO=-1037.1242641166045,STO=5
EsN0dB=21.21,GRXdB=10,N0=0.0001258925476577133
packet_number=127,correct=True,payload=[0,1,2,3,4,5,6,7,8,9,10,11,12,13,14,15,16,17,18,19,20,21,22,23,24,25,26,27,28,29,30,31,32,33,34,35,36,37,38,39,40,41,42,43,44,45,46,47,48,49,50,51,52,53,54,55,56,57,58,59,60,61,62,63,64,65,66,67,68,69,70,71,72,73,74,75,76,77,78,79,80,81,82,83,84,85,86,87,88,89,90,91,92,93,94,95,96,97,98,99]
CFO=-1134.7287345731447,STO=4
EsN0dB=21.17,GRXdB=10,N0=0.0001258925476577133
packet_number=128,correct=True,payload=[0,1,2,3,4,5,6,7,8,9,10,11,12,13,14,15,16,17,18,19,20,21,22,23,24,25,26,27,28,29,30,31,32,33,34,35,36,37,38,39,40,41,42,43,44,45,46,47,48,49,50,51,52,53,54,55,56,57,58,59,60,61,62,63,64,65,66,67,68,69,70,71,72,73,74,75,76,77,78,79,80,81,82,83,84,85,86,87,88,89,90,91,92,93,94,95,96,97,98,99]
CFO=-1010.0149349936739,STO=6
EsN0dB=21.24,GRXdB=10,N0=0.0001258925476577133
packet_number=129,correct=True,payload=[0,1,2,3,4,5,6,7,8,9,10,11,12,13,14,15,16,17,18,19,20,21,22,23,24,25,26,27,28,29,30,31,32,33,34,35,36,37,38,39,40,41,42,43,44,45,46,47,48,49,50,51,52,53,54,55,56,57,58,59,60,61,62,63,64,65,66,67,68,69,70,71,72,73,74,75,76,77,78,79,80,81,82,83,84,85,86,87,88,89,90,91,92,93,94,95,96,97,98,99]
CFO=-1012.9570152627224,STO=4
EsN0dB=21.23,GRXdB=10,N0=0.0001258925476577133
packet_number=130,correct=True,payload=[0,1,2,3,4,5,6,7,8,9,10,11,12,13,14,15,16,17,18,19,20,21,22,23,24,25,26,27,28,29,30,31,32,33,34,35,36,37,38,39,40,41,42,43,44,45,46,47,48,49,50,51,52,53,54,55,56,57,58,59,60,61,62,63,64,65,66,67,68,69,70,71,72,73,74,75,76,77,78,79,80,81,82,83,84,85,86,87,88,89,90,91,92,93,94,95,96,97,98,99]
CFO=-1008.4947435846537,STO=4
EsN0dB=21.19,GRXdB=10,N0=0.0001258925476577133
packet_number=131,correct=True,payload=[0,1,2,3,4,5,6,7,8,9,10,11,12,13,14,15,16,17,18,19,20,21,22,23,24,25,26,27,28,29,30,31,32,33,34,35,36,37,38,39,40,41,42,43,44,45,46,47,48,49,50,51,52,53,54,55,56,57,58,59,60,61,62,63,64,65,66,67,68,69,70,71,72,73,74,75,76,77,78,79,80,81,82,83,84,85,86,87,88,89,90,91,92,93,94,95,96,97,98,99]
CFO=-1059.3076750396829,STO=5
EsN0dB=21.26,GRXdB=10,N0=0.0001258925476577133
packet_number=132,correct=True,payload=[0,1,2,3,4,5,6,7,8,9,10,11,12,13,14,15,16,17,18,19,20,21,22,23,24,25,26,27,28,29,30,31,32,33,34,35,36,37,38,39,40,41,42,43,44,45,46,47,48,49,50,51,52,53,54,55,56,57,58,59,60,61,62,63,64,65,66,67,68,69,70,71,72,73,74,75,76,77,78,79,80,81,82,83,84,85,86,87,88,89,90,91,92,93,94,95,96,97,98,99]
CFO=-1123.2440560749835,STO=5
EsN0dB=21.25,GRXdB=10,N0=0.0001258925476577133
packet_number=133,correct=True,payload=[0,1,2,3,4,5,6,7,8,9,10,11,12,13,14,15,16,17,18,19,20,21,22,23,24,25,26,27,28,29,30,31,32,33,34,35,36,37,38,39,40,41,42,43,44,45,46,47,48,49,50,51,52,53,54,55,56,57,58,59,60,61,62,63,64,65,66,67,68,69,70,71,72,73,74,75,76,77,78,79,80,81,82,83,84,85,86,87,88,89,90,91,92,93,94,95,96,97,98,99]
CFO=-1090.7555972416487,STO=5
EsN0dB=21.20,GRXdB=10,N0=0.0001258925476577133
packet_number=134,correct=True,payload=[0,1,2,3,4,5,6,7,8,9,10,11,12,13,14,15,16,17,18,19,20,21,22,23,24,25,26,27,28,29,30,31,32,33,34,35,36,37,38,39,40,41,42,43,44,45,46,47,48,49,50,51,52,53,54,55,56,57,58,59,60,61,62,63,64,65,66,67,68,69,70,71,72,73,74,75,76,77,78,79,80,81,82,83,84,85,86,87,88,89,90,91,92,93,94,95,96,97,98,99]
CFO=-1064.9730560809276,STO=4
EsN0dB=21.24,GRXdB=10,N0=0.0001258925476577133
packet_number=135,correct=True,payload=[0,1,2,3,4,5,6,7,8,9,10,11,12,13,14,15,16,17,18,19,20,21,22,23,24,25,26,27,28,29,30,31,32,33,34,35,36,37,38,39,40,41,42,43,44,45,46,47,48,49,50,51,52,53,54,55,56,57,58,59,60,61,62,63,64,65,66,67,68,69,70,71,72,73,74,75,76,77,78,79,80,81,82,83,84,85,86,87,88,89,90,91,92,93,94,95,96,97,98,99]
CFO=-1063.39618358817,STO=4
EsN0dB=21.21,GRXdB=10,N0=0.0001258925476577133
packet_number=136,correct=True,payload=[0,1,2,3,4,5,6,7,8,9,10,11,12,13,14,15,16,17,18,19,20,21,22,23,24,25,26,27,28,29,30,31,32,33,34,35,36,37,38,39,40,41,42,43,44,45,46,47,48,49,50,51,52,53,54,55,56,57,58,59,60,61,62,63,64,65,66,67,68,69,70,71,72,73,74,75,76,77,78,79,80,81,82,83,84,85,86,87,88,89,90,91,92,93,94,95,96,97,98,99]
CFO=-1041.23494706396,STO=4
EsN0dB=21.26,GRXdB=10,N0=0.0001258925476577133
packet_number=137,correct=True,payload=[0,1,2,3,4,5,6,7,8,9,10,11,12,13,14,15,16,17,18,19,20,21,22,23,24,25,26,27,28,29,30,31,32,33,34,35,36,37,38,39,40,41,42,43,44,45,46,47,48,49,50,51,52,53,54,55,56,57,58,59,60,61,62,63,64,65,66,67,68,69,70,71,72,73,74,75,76,77,78,79,80,81,82,83,84,85,86,87,88,89,90,91,92,93,94,95,96,97,98,99]
CFO=-1101.3789129944803,STO=4
EsN0dB=21.19,GRXdB=10,N0=0.0001258925476577133
packet_number=138,correct=True,payload=[0,1,2,3,4,5,6,7,8,9,10,11,12,13,14,15,16,17,18,19,20,21,22,23,24,25,26,27,28,29,30,31,32,33,34,35,36,37,38,39,40,41,42,43,44,45,46,47,48,49,50,51,52,53,54,55,56,57,58,59,60,61,62,63,64,65,66,67,68,69,70,71,72,73,74,75,76,77,78,79,80,81,82,83,84,85,86,87,88,89,90,91,92,93,94,95,96,97,98,99]
CFO=-1102.7613148233693,STO=4
EsN0dB=21.19,GRXdB=10,N0=0.0001258925476577133
packet_number=139,correct=True,payload=[0,1,2,3,4,5,6,7,8,9,10,11,12,13,14,15,16,17,18,19,20,21,22,23,24,25,26,27,28,29,30,31,32,33,34,35,36,37,38,39,40,41,42,43,44,45,46,47,48,49,50,51,52,53,54,55,56,57,58,59,60,61,62,63,64,65,66,67,68,69,70,71,72,73,74,75,76,77,78,79,80,81,82,83,84,85,86,87,88,89,90,91,92,93,94,95,96,97,98,99]
CFO=-1099.1241205106644,STO=4
EsN0dB=21.21,GRXdB=10,N0=0.0001258925476577133
packet_number=140,correct=True,payload=[0,1,2,3,4,5,6,7,8,9,10,11,12,13,14,15,16,17,18,19,20,21,22,23,24,25,26,27,28,29,30,31,32,33,34,35,36,37,38,39,40,41,42,43,44,45,46,47,48,49,50,51,52,53,54,55,56,57,58,59,60,61,62,63,64,65,66,67,68,69,70,71,72,73,74,75,76,77,78,79,80,81,82,83,84,85,86,87,88,89,90,91,92,93,94,95,96,97,98,99]
CFO=-1031.1168992981668,STO=4
EsN0dB=21.23,GRXdB=10,N0=0.0001258925476577133
packet_number=141,correct=True,payload=[0,1,2,3,4,5,6,7,8,9,10,11,12,13,14,15,16,17,18,19,20,21,22,23,24,25,26,27,28,29,30,31,32,33,34,35,36,37,38,39,40,41,42,43,44,45,46,47,48,49,50,51,52,53,54,55,56,57,58,59,60,61,62,63,64,65,66,67,68,69,70,71,72,73,74,75,76,77,78,79,80,81,82,83,84,85,86,87,88,89,90,91,92,93,94,95,96,97,98,99]
CFO=-1079.508670988034,STO=4
EsN0dB=21.22,GRXdB=10,N0=0.0001258925476577133
packet_number=142,correct=True,payload=[0,1,2,3,4,5,6,7,8,9,10,11,12,13,14,15,16,17,18,19,20,21,22,23,24,25,26,27,28,29,30,31,32,33,34,35,36,37,38,39,40,41,42,43,44,45,46,47,48,49,50,51,52,53,54,55,56,57,58,59,60,61,62,63,64,65,66,67,68,69,70,71,72,73,74,75,76,77,78,79,80,81,82,83,84,85,86,87,88,89,90,91,92,93,94,95,96,97,98,99]
CFO=-1125.1610150701647,STO=4
EsN0dB=21.19,GRXdB=10,N0=0.0001258925476577133
packet_number=143,correct=True,payload=[0,1,2,3,4,5,6,7,8,9,10,11,12,13,14,15,16,17,18,19,20,21,22,23,24,25,26,27,28,29,30,31,32,33,34,35,36,37,38,39,40,41,42,43,44,45,46,47,48,49,50,51,52,53,54,55,56,57,58,59,60,61,62,63,64,65,66,67,68,69,70,71,72,73,74,75,76,77,78,79,80,81,82,83,84,85,86,87,88,89,90,91,92,93,94,95,96,97,98,99]
CFO=-1115.9530662953412,STO=5
EsN0dB=21.22,GRXdB=10,N0=0.0001258925476577133
packet_number=144,correct=True,payload=[0,1,2,3,4,5,6,7,8,9,10,11,12,13,14,15,16,17,18,19,20,21,22,23,24,25,26,27,28,29,30,31,32,33,34,35,36,37,38,39,40,41,42,43,44,45,46,47,48,49,50,51,52,53,54,55,56,57,58,59,60,61,62,63,64,65,66,67,68,69,70,71,72,73,74,75,76,77,78,79,80,81,82,83,84,85,86,87,88,89,90,91,92,93,94,95,96,97,98,99]
CFO=-1035.458338289356,STO=4
EsN0dB=21.22,GRXdB=10,N0=0.0001258925476577133
packet_number=145,correct=True,payload=[0,1,2,3,4,5,6,7,8,9,10,11,12,13,14,15,16,17,18,19,20,21,22,23,24,25,26,27,28,29,30,31,32,33,34,35,36,37,38,39,40,41,42,43,44,45,46,47,48,49,50,51,52,53,54,55,56,57,58,59,60,61,62,63,64,65,66,67,68,69,70,71,72,73,74,75,76,77,78,79,80,81,82,83,84,85,86,87,88,89,90,91,92,93,94,95,96,97,98,99]
CFO=-1035.8062510502036,STO=4
EsN0dB=21.23,GRXdB=10,N0=0.0001258925476577133
packet_number=146,correct=True,payload=[0,1,2,3,4,5,6,7,8,9,10,11,12,13,14,15,16,17,18,19,20,21,22,23,24,25,26,27,28,29,30,31,32,33,34,35,36,37,38,39,40,41,42,43,44,45,46,47,48,49,50,51,52,53,54,55,56,57,58,59,60,61,62,63,64,65,66,67,68,69,70,71,72,73,74,75,76,77,78,79,80,81,82,83,84,85,86,87,88,89,90,91,92,93,94,95,96,97,98,99]
CFO=-1044.4630415045026,STO=5
EsN0dB=21.24,GRXdB=10,N0=0.0001258925476577133
packet_number=147,correct=True,payload=[0,1,2,3,4,5,6,7,8,9,10,11,12,13,14,15,16,17,18,19,20,21,22,23,24,25,26,27,28,29,30,31,32,33,34,35,36,37,38,39,40,41,42,43,44,45,46,47,48,49,50,51,52,53,54,55,56,57,58,59,60,61,62,63,64,65,66,67,68,69,70,71,72,73,74,75,76,77,78,79,80,81,82,83,84,85,86,87,88,89,90,91,92,93,94,95,96,97,98,99]
CFO=-1046.9570091889418,STO=5
EsN0dB=21.23,GRXdB=10,N0=0.0001258925476577133
packet_number=148,correct=True,payload=[0,1,2,3,4,5,6,7,8,9,10,11,12,13,14,15,16,17,18,19,20,21,22,23,24,25,26,27,28,29,30,31,32,33,34,35,36,37,38,39,40,41,42,43,44,45,46,47,48,49,50,51,52,53,54,55,56,57,58,59,60,61,62,63,64,65,66,67,68,69,70,71,72,73,74,75,76,77,78,79,80,81,82,83,84,85,86,87,88,89,90,91,92,93,94,95,96,97,98,99]
CFO=-1030.4687428050543,STO=4
EsN0dB=21.20,GRXdB=10,N0=0.0001258925476577133
packet_number=149,correct=True,payload=[0,1,2,3,4,5,6,7,8,9,10,11,12,13,14,15,16,17,18,19,20,21,22,23,24,25,26,27,28,29,30,31,32,33,34,35,36,37,38,39,40,41,42,43,44,45,46,47,48,49,50,51,52,53,54,55,56,57,58,59,60,61,62,63,64,65,66,67,68,69,70,71,72,73,74,75,76,77,78,79,80,81,82,83,84,85,86,87,88,89,90,91,92,93,94,95,96,97,98,99]
CFO=-1048.2517806394171,STO=5
EsN0dB=21.25,GRXdB=10,N0=0.0001258925476577133
packet_number=150,correct=True,payload=[0,1,2,3,4,5,6,7,8,9,10,11,12,13,14,15,16,17,18,19,20,21,22,23,24,25,26,27,28,29,30,31,32,33,34,35,36,37,38,39,40,41,42,43,44,45,46,47,48,49,50,51,52,53,54,55,56,57,58,59,60,61,62,63,64,65,66,67,68,69,70,71,72,73,74,75,76,77,78,79,80,81,82,83,84,85,86,87,88,89,90,91,92,93,94,95,96,97,98,99]
CFO=-1032.63068740484,STO=4
EsN0dB=21.24,GRXdB=10,N0=0.0001258925476577133
packet_number=151,correct=True,payload=[0,1,2,3,4,5,6,7,8,9,10,11,12,13,14,15,16,17,18,19,20,21,22,23,24,25,26,27,28,29,30,31,32,33,34,35,36,37,38,39,40,41,42,43,44,45,46,47,48,49,50,51,52,53,54,55,56,57,58,59,60,61,62,63,64,65,66,67,68,69,70,71,72,73,74,75,76,77,78,79,80,81,82,83,84,85,86,87,88,89,90,91,92,93,94,95,96,97,98,99]
CFO=-1026.3771511850664,STO=4
EsN0dB=21.19,GRXdB=10,N0=0.0001258925476577133
packet_number=152,correct=True,payload=[0,1,2,3,4,5,6,7,8,9,10,11,12,13,14,15,16,17,18,19,20,21,22,23,24,25,26,27,28,29,30,31,32,33,34,35,36,37,38,39,40,41,42,43,44,45,46,47,48,49,50,51,52,53,54,55,56,57,58,59,60,61,62,63,64,65,66,67,68,69,70,71,72,73,74,75,76,77,78,79,80,81,82,83,84,85,86,87,88,89,90,91,92,93,94,95,96,97,98,99]
CFO=-1050.4574811385735,STO=4
EsN0dB=21.24,GRXdB=10,N0=0.0001258925476577133
packet_number=153,correct=True,payload=[0,1,2,3,4,5,6,7,8,9,10,11,12,13,14,15,16,17,18,19,20,21,22,23,24,25,26,27,28,29,30,31,32,33,34,35,36,37,38,39,40,41,42,43,44,45,46,47,48,49,50,51,52,53,54,55,56,57,58,59,60,61,62,63,64,65,66,67,68,69,70,71,72,73,74,75,76,77,78,79,80,81,82,83,84,85,86,87,88,89,90,91,92,93,94,95,96,97,98,99]
CFO=-1035.5227270518444,STO=5
EsN0dB=21.22,GRXdB=10,N0=0.0001258925476577133
packet_number=154,correct=True,payload=[0,1,2,3,4,5,6,7,8,9,10,11,12,13,14,15,16,17,18,19,20,21,22,23,24,25,26,27,28,29,30,31,32,33,34,35,36,37,38,39,40,41,42,43,44,45,46,47,48,49,50,51,52,53,54,55,56,57,58,59,60,61,62,63,64,65,66,67,68,69,70,71,72,73,74,75,76,77,78,79,80,81,82,83,84,85,86,87,88,89,90,91,92,93,94,95,96,97,98,99]
CFO=-1042.455013320388,STO=5
EsN0dB=21.21,GRXdB=10,N0=0.0001258925476577133
packet_number=155,correct=True,payload=[0,1,2,3,4,5,6,7,8,9,10,11,12,13,14,15,16,17,18,19,20,21,22,23,24,25,26,27,28,29,30,31,32,33,34,35,36,37,38,39,40,41,42,43,44,45,46,47,48,49,50,51,52,53,54,55,56,57,58,59,60,61,62,63,64,65,66,67,68,69,70,71,72,73,74,75,76,77,78,79,80,81,82,83,84,85,86,87,88,89,90,91,92,93,94,95,96,97,98,99]
CFO=-1077.2988202003196,STO=4
EsN0dB=21.23,GRXdB=10,N0=0.0001258925476577133
packet_number=156,correct=True,payload=[0,1,2,3,4,5,6,7,8,9,10,11,12,13,14,15,16,17,18,19,20,21,22,23,24,25,26,27,28,29,30,31,32,33,34,35,36,37,38,39,40,41,42,43,44,45,46,47,48,49,50,51,52,53,54,55,56,57,58,59,60,61,62,63,64,65,66,67,68,69,70,71,72,73,74,75,76,77,78,79,80,81,82,83,84,85,86,87,88,89,90,91,92,93,94,95,96,97,98,99]
CFO=-1052.7063446387347,STO=5
EsN0dB=21.26,GRXdB=10,N0=0.0001258925476577133
packet_number=157,correct=True,payload=[0,1,2,3,4,5,6,7,8,9,10,11,12,13,14,15,16,17,18,19,20,21,22,23,24,25,26,27,28,29,30,31,32,33,34,35,36,37,38,39,40,41,42,43,44,45,46,47,48,49,50,51,52,53,54,55,56,57,58,59,60,61,62,63,64,65,66,67,68,69,70,71,72,73,74,75,76,77,78,79,80,81,82,83,84,85,86,87,88,89,90,91,92,93,94,95,96,97,98,99]
CFO=-1019.400516118787,STO=6
EsN0dB=21.21,GRXdB=10,N0=0.0001258925476577133
packet_number=158,correct=True,payload=[0,1,2,3,4,5,6,7,8,9,10,11,12,13,14,15,16,17,18,19,20,21,22,23,24,25,26,27,28,29,30,31,32,33,34,35,36,37,38,39,40,41,42,43,44,45,46,47,48,49,50,51,52,53,54,55,56,57,58,59,60,61,62,63,64,65,66,67,68,69,70,71,72,73,74,75,76,77,78,79,80,81,82,83,84,85,86,87,88,89,90,91,92,93,94,95,96,97,98,99]
CFO=-1084.1530810439697,STO=4
EsN0dB=21.16,GRXdB=10,N0=0.0001258925476577133
packet_number=159,correct=True,payload=[0,1,2,3,4,5,6,7,8,9,10,11,12,13,14,15,16,17,18,19,20,21,22,23,24,25,26,27,28,29,30,31,32,33,34,35,36,37,38,39,40,41,42,43,44,45,46,47,48,49,50,51,52,53,54,55,56,57,58,59,60,61,62,63,64,65,66,67,68,69,70,71,72,73,74,75,76,77,78,79,80,81,82,83,84,85,86,87,88,89,90,91,92,93,94,95,96,97,98,99]
CFO=-1042.2729935221942,STO=4
EsN0dB=21.16,GRXdB=10,N0=0.0001258925476577133
packet_number=160,correct=True,payload=[0,1,2,3,4,5,6,7,8,9,10,11,12,13,14,15,16,17,18,19,20,21,22,23,24,25,26,27,28,29,30,31,32,33,34,35,36,37,38,39,40,41,42,43,44,45,46,47,48,49,50,51,52,53,54,55,56,57,58,59,60,61,62,63,64,65,66,67,68,69,70,71,72,73,74,75,76,77,78,79,80,81,82,83,84,85,86,87,88,89,90,91,92,93,94,95,96,97,98,99]
CFO=-1057.559929238002,STO=5
EsN0dB=21.21,GRXdB=10,N0=0.0001258925476577133
packet_number=161,correct=True,payload=[0,1,2,3,4,5,6,7,8,9,10,11,12,13,14,15,16,17,18,19,20,21,22,23,24,25,26,27,28,29,30,31,32,33,34,35,36,37,38,39,40,41,42,43,44,45,46,47,48,49,50,51,52,53,54,55,56,57,58,59,60,61,62,63,64,65,66,67,68,69,70,71,72,73,74,75,76,77,78,79,80,81,82,83,84,85,86,87,88,89,90,91,92,93,94,95,96,97,98,99]
CFO=-1029.6816109350793,STO=4
EsN0dB=21.18,GRXdB=10,N0=0.0001258925476577133
packet_number=162,correct=True,payload=[0,1,2,3,4,5,6,7,8,9,10,11,12,13,14,15,16,17,18,19,20,21,22,23,24,25,26,27,28,29,30,31,32,33,34,35,36,37,38,39,40,41,42,43,44,45,46,47,48,49,50,51,52,53,54,55,56,57,58,59,60,61,62,63,64,65,66,67,68,69,70,71,72,73,74,75,76,77,78,79,80,81,82,83,84,85,86,87,88,89,90,91,92,93,94,95,96,97,98,99]
CFO=-1083.4245275325015,STO=5
EsN0dB=21.16,GRXdB=10,N0=0.0001258925476577133
packet_number=163,correct=True,payload=[0,1,2,3,4,5,6,7,8,9,10,11,12,13,14,15,16,17,18,19,20,21,22,23,24,25,26,27,28,29,30,31,32,33,34,35,36,37,38,39,40,41,42,43,44,45,46,47,48,49,50,51,52,53,54,55,56,57,58,59,60,61,62,63,64,65,66,67,68,69,70,71,72,73,74,75,76,77,78,79,80,81,82,83,84,85,86,87,88,89,90,91,92,93,94,95,96,97,98,99]
CFO=-1009.6447292542854,STO=4
EsN0dB=21.20,GRXdB=10,N0=0.0001258925476577133
packet_number=164,correct=True,payload=[0,1,2,3,4,5,6,7,8,9,10,11,12,13,14,15,16,17,18,19,20,21,22,23,24,25,26,27,28,29,30,31,32,33,34,35,36,37,38,39,40,41,42,43,44,45,46,47,48,49,50,51,52,53,54,55,56,57,58,59,60,61,62,63,64,65,66,67,68,69,70,71,72,73,74,75,76,77,78,79,80,81,82,83,84,85,86,87,88,89,90,91,92,93,94,95,96,97,98,99]
CFO=-1103.9311032984072,STO=5
EsN0dB=21.19,GRXdB=10,N0=0.0001258925476577133
packet_number=165,correct=True,payload=[0,1,2,3,4,5,6,7,8,9,10,11,12,13,14,15,16,17,18,19,20,21,22,23,24,25,26,27,28,29,30,31,32,33,34,35,36,37,38,39,40,41,42,43,44,45,46,47,48,49,50,51,52,53,54,55,56,57,58,59,60,61,62,63,64,65,66,67,68,69,70,71,72,73,74,75,76,77,78,79,80,81,82,83,84,85,86,87,88,89,90,91,92,93,94,95,96,97,98,99]
CFO=-1012.8436530952479,STO=4
EsN0dB=21.20,GRXdB=10,N0=0.0001258925476577133
packet_number=166,correct=True,payload=[0,1,2,3,4,5,6,7,8,9,10,11,12,13,14,15,16,17,18,19,20,21,22,23,24,25,26,27,28,29,30,31,32,33,34,35,36,37,38,39,40,41,42,43,44,45,46,47,48,49,50,51,52,53,54,55,56,57,58,59,60,61,62,63,64,65,66,67,68,69,70,71,72,73,74,75,76,77,78,79,80,81,82,83,84,85,86,87,88,89,90,91,92,93,94,95,96,97,98,99]
CFO=-1066.7447549765727,STO=4
EsN0dB=21.23,GRXdB=10,N0=0.0001258925476577133
packet_number=167,correct=True,payload=[0,1,2,3,4,5,6,7,8,9,10,11,12,13,14,15,16,17,18,19,20,21,22,23,24,25,26,27,28,29,30,31,32,33,34,35,36,37,38,39,40,41,42,43,44,45,46,47,48,49,50,51,52,53,54,55,56,57,58,59,60,61,62,63,64,65,66,67,68,69,70,71,72,73,74,75,76,77,78,79,80,81,82,83,84,85,86,87,88,89,90,91,92,93,94,95,96,97,98,99]
CFO=-1014.0858937505438,STO=5
EsN0dB=21.26,GRXdB=10,N0=0.0001258925476577133
packet_number=168,correct=True,payload=[0,1,2,3,4,5,6,7,8,9,10,11,12,13,14,15,16,17,18,19,20,21,22,23,24,25,26,27,28,29,30,31,32,33,34,35,36,37,38,39,40,41,42,43,44,45,46,47,48,49,50,51,52,53,54,55,56,57,58,59,60,61,62,63,64,65,66,67,68,69,70,71,72,73,74,75,76,77,78,79,80,81,82,83,84,85,86,87,88,89,90,91,92,93,94,95,96,97,98,99]
CFO=-1088.3596949468551,STO=5
EsN0dB=21.21,GRXdB=10,N0=0.0001258925476577133
packet_number=169,correct=True,payload=[0,1,2,3,4,5,6,7,8,9,10,11,12,13,14,15,16,17,18,19,20,21,22,23,24,25,26,27,28,29,30,31,32,33,34,35,36,37,38,39,40,41,42,43,44,45,46,47,48,49,50,51,52,53,54,55,56,57,58,59,60,61,62,63,64,65,66,67,68,69,70,71,72,73,74,75,76,77,78,79,80,81,82,83,84,85,86,87,88,89,90,91,92,93,94,95,96,97,98,99]
CFO=-1076.0789911032375,STO=4
EsN0dB=21.24,GRXdB=10,N0=0.0001258925476577133
packet_number=170,correct=True,payload=[0,1,2,3,4,5,6,7,8,9,10,11,12,13,14,15,16,17,18,19,20,21,22,23,24,25,26,27,28,29,30,31,32,33,34,35,36,37,38,39,40,41,42,43,44,45,46,47,48,49,50,51,52,53,54,55,56,57,58,59,60,61,62,63,64,65,66,67,68,69,70,71,72,73,74,75,76,77,78,79,80,81,82,83,84,85,86,87,88,89,90,91,92,93,94,95,96,97,98,99]
CFO=-1115.0038360122517,STO=4
EsN0dB=21.20,GRXdB=10,N0=0.0001258925476577133
packet_number=171,correct=True,payload=[0,1,2,3,4,5,6,7,8,9,10,11,12,13,14,15,16,17,18,19,20,21,22,23,24,25,26,27,28,29,30,31,32,33,34,35,36,37,38,39,40,41,42,43,44,45,46,47,48,49,50,51,52,53,54,55,56,57,58,59,60,61,62,63,64,65,66,67,68,69,70,71,72,73,74,75,76,77,78,79,80,81,82,83,84,85,86,87,88,89,90,91,92,93,94,95,96,97,98,99]
CFO=-1041.7687927522134,STO=4
EsN0dB=21.21,GRXdB=10,N0=0.0001258925476577133
packet_number=172,correct=True,payload=[0,1,2,3,4,5,6,7,8,9,10,11,12,13,14,15,16,17,18,19,20,21,22,23,24,25,26,27,28,29,30,31,32,33,34,35,36,37,38,39,40,41,42,43,44,45,46,47,48,49,50,51,52,53,54,55,56,57,58,59,60,61,62,63,64,65,66,67,68,69,70,71,72,73,74,75,76,77,78,79,80,81,82,83,84,85,86,87,88,89,90,91,92,93,94,95,96,97,98,99]
CFO=-1044.2708238544228,STO=4
EsN0dB=21.22,GRXdB=10,N0=0.0001258925476577133
packet_number=173,correct=True,payload=[0,1,2,3,4,5,6,7,8,9,10,11,12,13,14,15,16,17,18,19,20,21,22,23,24,25,26,27,28,29,30,31,32,33,34,35,36,37,38,39,40,41,42,43,44,45,46,47,48,49,50,51,52,53,54,55,56,57,58,59,60,61,62,63,64,65,66,67,68,69,70,71,72,73,74,75,76,77,78,79,80,81,82,83,84,85,86,87,88,89,90,91,92,93,94,95,96,97,98,99]
CFO=-1077.338662970478,STO=5
EsN0dB=21.21,GRXdB=10,N0=0.0001258925476577133
packet_number=174,correct=True,payload=[0,1,2,3,4,5,6,7,8,9,10,11,12,13,14,15,16,17,18,19,20,21,22,23,24,25,26,27,28,29,30,31,32,33,34,35,36,37,38,39,40,41,42,43,44,45,46,47,48,49,50,51,52,53,54,55,56,57,58,59,60,61,62,63,64,65,66,67,68,69,70,71,72,73,74,75,76,77,78,79,80,81,82,83,84,85,86,87,88,89,90,91,92,93,94,95,96,97,98,99]
CFO=-1005.4196169223978,STO=6
EsN0dB=21.27,GRXdB=10,N0=0.0001258925476577133
packet_number=175,correct=True,payload=[0,1,2,3,4,5,6,7,8,9,10,11,12,13,14,15,16,17,18,19,20,21,22,23,24,25,26,27,28,29,30,31,32,33,34,35,36,37,38,39,40,41,42,43,44,45,46,47,48,49,50,51,52,53,54,55,56,57,58,59,60,61,62,63,64,65,66,67,68,69,70,71,72,73,74,75,76,77,78,79,80,81,82,83,84,85,86,87,88,89,90,91,92,93,94,95,96,97,98,99]
CFO=-1014.5362593489416,STO=4
EsN0dB=21.20,GRXdB=10,N0=0.0001258925476577133
packet_number=176,correct=True,payload=[0,1,2,3,4,5,6,7,8,9,10,11,12,13,14,15,16,17,18,19,20,21,22,23,24,25,26,27,28,29,30,31,32,33,34,35,36,37,38,39,40,41,42,43,44,45,46,47,48,49,50,51,52,53,54,55,56,57,58,59,60,61,62,63,64,65,66,67,68,69,70,71,72,73,74,75,76,77,78,79,80,81,82,83,84,85,86,87,88,89,90,91,92,93,94,95,96,97,98,99]
CFO=-1080.555255182731,STO=5
EsN0dB=21.19,GRXdB=10,N0=0.0001258925476577133
packet_number=177,correct=True,payload=[0,1,2,3,4,5,6,7,8,9,10,11,12,13,14,15,16,17,18,19,20,21,22,23,24,25,26,27,28,29,30,31,32,33,34,35,36,37,38,39,40,41,42,43,44,45,46,47,48,49,50,51,52,53,54,55,56,57,58,59,60,61,62,63,64,65,66,67,68,69,70,71,72,73,74,75,76,77,78,79,80,81,82,83,84,85,86,87,88,89,90,91,92,93,94,95,96,97,98,99]
CFO=-993.0760065622059,STO=6
EsN0dB=21.24,GRXdB=10,N0=0.0001258925476577133
packet_number=178,correct=True,payload=[0,1,2,3,4,5,6,7,8,9,10,11,12,13,14,15,16,17,18,19,20,21,22,23,24,25,26,27,28,29,30,31,32,33,34,35,36,37,38,39,40,41,42,43,44,45,46,47,48,49,50,51,52,53,54,55,56,57,58,59,60,61,62,63,64,65,66,67,68,69,70,71,72,73,74,75,76,77,78,79,80,81,82,83,84,85,86,87,88,89,90,91,92,93,94,95,96,97,98,99]
CFO=-1056.5859158032365,STO=5
EsN0dB=21.17,GRXdB=10,N0=0.0001258925476577133
packet_number=179,correct=True,payload=[0,1,2,3,4,5,6,7,8,9,10,11,12,13,14,15,16,17,18,19,20,21,22,23,24,25,26,27,28,29,30,31,32,33,34,35,36,37,38,39,40,41,42,43,44,45,46,47,48,49,50,51,52,53,54,55,56,57,58,59,60,61,62,63,64,65,66,67,68,69,70,71,72,73,74,75,76,77,78,79,80,81,82,83,84,85,86,87,88,89,90,91,92,93,94,95,96,97,98,99]
CFO=-1017.8898110836141,STO=4
EsN0dB=21.25,GRXdB=10,N0=0.0001258925476577133
packet_number=180,correct=True,payload=[0,1,2,3,4,5,6,7,8,9,10,11,12,13,14,15,16,17,18,19,20,21,22,23,24,25,26,27,28,29,30,31,32,33,34,35,36,37,38,39,40,41,42,43,44,45,46,47,48,49,50,51,52,53,54,55,56,57,58,59,60,61,62,63,64,65,66,67,68,69,70,71,72,73,74,75,76,77,78,79,80,81,82,83,84,85,86,87,88,89,90,91,92,93,94,95,96,97,98,99]
CFO=-1115.8342494629046,STO=5
EsN0dB=21.20,GRXdB=10,N0=0.0001258925476577133
packet_number=181,correct=True,payload=[0,1,2,3,4,5,6,7,8,9,10,11,12,13,14,15,16,17,18,19,20,21,22,23,24,25,26,27,28,29,30,31,32,33,34,35,36,37,38,39,40,41,42,43,44,45,46,47,48,49,50,51,52,53,54,55,56,57,58,59,60,61,62,63,64,65,66,67,68,69,70,71,72,73,74,75,76,77,78,79,80,81,82,83,84,85,86,87,88,89,90,91,92,93,94,95,96,97,98,99]
CFO=-1090.4159850579174,STO=5
EsN0dB=21.27,GRXdB=10,N0=0.0001258925476577133
packet_number=182,correct=True,payload=[0,1,2,3,4,5,6,7,8,9,10,11,12,13,14,15,16,17,18,19,20,21,22,23,24,25,26,27,28,29,30,31,32,33,34,35,36,37,38,39,40,41,42,43,44,45,46,47,48,49,50,51,52,53,54,55,56,57,58,59,60,61,62,63,64,65,66,67,68,69,70,71,72,73,74,75,76,77,78,79,80,81,82,83,84,85,86,87,88,89,90,91,92,93,94,95,96,97,98,99]
CFO=-1069.1176528147867,STO=4
EsN0dB=21.19,GRXdB=10,N0=0.0001258925476577133
packet_number=183,correct=True,payload=[0,1,2,3,4,5,6,7,8,9,10,11,12,13,14,15,16,17,18,19,20,21,22,23,24,25,26,27,28,29,30,31,32,33,34,35,36,37,38,39,40,41,42,43,44,45,46,47,48,49,50,51,52,53,54,55,56,57,58,59,60,61,62,63,64,65,66,67,68,69,70,71,72,73,74,75,76,77,78,79,80,81,82,83,84,85,86,87,88,89,90,91,92,93,94,95,96,97,98,99]
CFO=-1069.2052831932006,STO=5
EsN0dB=21.25,GRXdB=10,N0=0.0001258925476577133
packet_number=184,correct=True,payload=[0,1,2,3,4,5,6,7,8,9,10,11,12,13,14,15,16,17,18,19,20,21,22,23,24,25,26,27,28,29,30,31,32,33,34,35,36,37,38,39,40,41,42,43,44,45,46,47,48,49,50,51,52,53,54,55,56,57,58,59,60,61,62,63,64,65,66,67,68,69,70,71,72,73,74,75,76,77,78,79,80,81,82,83,84,85,86,87,88,89,90,91,92,93,94,95,96,97,98,99]
CFO=-1061.357206109379,STO=4
EsN0dB=21.27,GRXdB=10,N0=0.0001258925476577133
packet_number=185,correct=True,payload=[0,1,2,3,4,5,6,7,8,9,10,11,12,13,14,15,16,17,18,19,20,21,22,23,24,25,26,27,28,29,30,31,32,33,34,35,36,37,38,39,40,41,42,43,44,45,46,47,48,49,50,51,52,53,54,55,56,57,58,59,60,61,62,63,64,65,66,67,68,69,70,71,72,73,74,75,76,77,78,79,80,81,82,83,84,85,86,87,88,89,90,91,92,93,94,95,96,97,98,99]
CFO=-1035.6053770839885,STO=4
EsN0dB=21.21,GRXdB=10,N0=0.0001258925476577133
packet_number=186,correct=True,payload=[0,1,2,3,4,5,6,7,8,9,10,11,12,13,14,15,16,17,18,19,20,21,22,23,24,25,26,27,28,29,30,31,32,33,34,35,36,37,38,39,40,41,42,43,44,45,46,47,48,49,50,51,52,53,54,55,56,57,58,59,60,61,62,63,64,65,66,67,68,69,70,71,72,73,74,75,76,77,78,79,80,81,82,83,84,85,86,87,88,89,90,91,92,93,94,95,96,97,98,99]
CFO=-1082.7456589040585,STO=5
EsN0dB=21.18,GRXdB=10,N0=0.0001258925476577133
packet_number=187,correct=True,payload=[0,1,2,3,4,5,6,7,8,9,10,11,12,13,14,15,16,17,18,19,20,21,22,23,24,25,26,27,28,29,30,31,32,33,34,35,36,37,38,39,40,41,42,43,44,45,46,47,48,49,50,51,52,53,54,55,56,57,58,59,60,61,62,63,64,65,66,67,68,69,70,71,72,73,74,75,76,77,78,79,80,81,82,83,84,85,86,87,88,89,90,91,92,93,94,95,96,97,98,99]
CFO=-1037.4345871210824,STO=5
EsN0dB=21.22,GRXdB=10,N0=0.0001258925476577133
packet_number=188,correct=True,payload=[0,1,2,3,4,5,6,7,8,9,10,11,12,13,14,15,16,17,18,19,20,21,22,23,24,25,26,27,28,29,30,31,32,33,34,35,36,37,38,39,40,41,42,43,44,45,46,47,48,49,50,51,52,53,54,55,56,57,58,59,60,61,62,63,64,65,66,67,68,69,70,71,72,73,74,75,76,77,78,79,80,81,82,83,84,85,86,87,88,89,90,91,92,93,94,95,96,97,98,99]
CFO=-1089.0258755502775,STO=4
EsN0dB=21.22,GRXdB=10,N0=0.0001258925476577133
packet_number=189,correct=True,payload=[0,1,2,3,4,5,6,7,8,9,10,11,12,13,14,15,16,17,18,19,20,21,22,23,24,25,26,27,28,29,30,31,32,33,34,35,36,37,38,39,40,41,42,43,44,45,46,47,48,49,50,51,52,53,54,55,56,57,58,59,60,61,62,63,64,65,66,67,68,69,70,71,72,73,74,75,76,77,78,79,80,81,82,83,84,85,86,87,88,89,90,91,92,93,94,95,96,97,98,99]
CFO=-1118.317900715785,STO=4
EsN0dB=21.23,GRXdB=10,N0=0.0001258925476577133
packet_number=190,correct=True,payload=[0,1,2,3,4,5,6,7,8,9,10,11,12,13,14,15,16,17,18,19,20,21,22,23,24,25,26,27,28,29,30,31,32,33,34,35,36,37,38,39,40,41,42,43,44,45,46,47,48,49,50,51,52,53,54,55,56,57,58,59,60,61,62,63,64,65,66,67,68,69,70,71,72,73,74,75,76,77,78,79,80,81,82,83,84,85,86,87,88,89,90,91,92,93,94,95,96,97,98,99]
CFO=-977.6846021544052,STO=3
EsN0dB=21.19,GRXdB=10,N0=0.0001258925476577133
packet_number=191,correct=True,payload=[0,1,2,3,4,5,6,7,8,9,10,11,12,13,14,15,16,17,18,19,20,21,22,23,24,25,26,27,28,29,30,31,32,33,34,35,36,37,38,39,40,41,42,43,44,45,46,47,48,49,50,51,52,53,54,55,56,57,58,59,60,61,62,63,64,65,66,67,68,69,70,71,72,73,74,75,76,77,78,79,80,81,82,83,84,85,86,87,88,89,90,91,92,93,94,95,96,97,98,99]
CFO=-1115.2653041914164,STO=4
EsN0dB=21.21,GRXdB=10,N0=0.0001258925476577133
packet_number=192,correct=True,payload=[0,1,2,3,4,5,6,7,8,9,10,11,12,13,14,15,16,17,18,19,20,21,22,23,24,25,26,27,28,29,30,31,32,33,34,35,36,37,38,39,40,41,42,43,44,45,46,47,48,49,50,51,52,53,54,55,56,57,58,59,60,61,62,63,64,65,66,67,68,69,70,71,72,73,74,75,76,77,78,79,80,81,82,83,84,85,86,87,88,89,90,91,92,93,94,95,96,97,98,99]
CFO=-1037.4632834019703,STO=4
EsN0dB=21.18,GRXdB=10,N0=0.0001258925476577133
packet_number=193,correct=True,payload=[0,1,2,3,4,5,6,7,8,9,10,11,12,13,14,15,16,17,18,19,20,21,22,23,24,25,26,27,28,29,30,31,32,33,34,35,36,37,38,39,40,41,42,43,44,45,46,47,48,49,50,51,52,53,54,55,56,57,58,59,60,61,62,63,64,65,66,67,68,69,70,71,72,73,74,75,76,77,78,79,80,81,82,83,84,85,86,87,88,89,90,91,92,93,94,95,96,97,98,99]
CFO=-1055.868508781039,STO=4
EsN0dB=21.21,GRXdB=10,N0=0.0001258925476577133
packet_number=194,correct=True,payload=[0,1,2,3,4,5,6,7,8,9,10,11,12,13,14,15,16,17,18,19,20,21,22,23,24,25,26,27,28,29,30,31,32,33,34,35,36,37,38,39,40,41,42,43,44,45,46,47,48,49,50,51,52,53,54,55,56,57,58,59,60,61,62,63,64,65,66,67,68,69,70,71,72,73,74,75,76,77,78,79,80,81,82,83,84,85,86,87,88,89,90,91,92,93,94,95,96,97,98,99]
CFO=-989.9462146706552,STO=4
EsN0dB=21.22,GRXdB=10,N0=0.0001258925476577133
packet_number=195,correct=True,payload=[0,1,2,3,4,5,6,7,8,9,10,11,12,13,14,15,16,17,18,19,20,21,22,23,24,25,26,27,28,29,30,31,32,33,34,35,36,37,38,39,40,41,42,43,44,45,46,47,48,49,50,51,52,53,54,55,56,57,58,59,60,61,62,63,64,65,66,67,68,69,70,71,72,73,74,75,76,77,78,79,80,81,82,83,84,85,86,87,88,89,90,91,92,93,94,95,96,97,98,99]
CFO=-992.0249756297682,STO=5
EsN0dB=21.21,GRXdB=10,N0=0.0001258925476577133
packet_number=196,correct=True,payload=[0,1,2,3,4,5,6,7,8,9,10,11,12,13,14,15,16,17,18,19,20,21,22,23,24,25,26,27,28,29,30,31,32,33,34,35,36,37,38,39,40,41,42,43,44,45,46,47,48,49,50,51,52,53,54,55,56,57,58,59,60,61,62,63,64,65,66,67,68,69,70,71,72,73,74,75,76,77,78,79,80,81,82,83,84,85,86,87,88,89,90,91,92,93,94,95,96,97,98,99]
CFO=-1066.4216253674012,STO=4
EsN0dB=21.17,GRXdB=10,N0=0.0001258925476577133
packet_number=197,correct=True,payload=[0,1,2,3,4,5,6,7,8,9,10,11,12,13,14,15,16,17,18,19,20,21,22,23,24,25,26,27,28,29,30,31,32,33,34,35,36,37,38,39,40,41,42,43,44,45,46,47,48,49,50,51,52,53,54,55,56,57,58,59,60,61,62,63,64,65,66,67,68,69,70,71,72,73,74,75,76,77,78,79,80,81,82,83,84,85,86,87,88,89,90,91,92,93,94,95,96,97,98,99]
CFO=-1052.8221969793442,STO=4
EsN0dB=21.24,GRXdB=10,N0=0.0001258925476577133
packet_number=198,correct=True,payload=[0,1,2,3,4,5,6,7,8,9,10,11,12,13,14,15,16,17,18,19,20,21,22,23,24,25,26,27,28,29,30,31,32,33,34,35,36,37,38,39,40,41,42,43,44,45,46,47,48,49,50,51,52,53,54,55,56,57,58,59,60,61,62,63,64,65,66,67,68,69,70,71,72,73,74,75,76,77,78,79,80,81,82,83,84,85,86,87,88,89,90,91,92,93,94,95,96,97,98,99]
CFO=-1055.1206267828572,STO=4
EsN0dB=21.23,GRXdB=10,N0=0.0001258925476577133
packet_number=199,correct=True,payload=[0,1,2,3,4,5,6,7,8,9,10,11,12,13,14,15,16,17,18,19,20,21,22,23,24,25,26,27,28,29,30,31,32,33,34,35,36,37,38,39,40,41,42,43,44,45,46,47,48,49,50,51,52,53,54,55,56,57,58,59,60,61,62,63,64,65,66,67,68,69,70,71,72,73,74,75,76,77,78,79,80,81,82,83,84,85,86,87,88,89,90,91,92,93,94,95,96,97,98,99]
CFO=-1039.5164904415324,STO=4
EsN0dB=21.24,GRXdB=10,N0=0.0001258925476577133
packet_number=200,correct=True,payload=[0,1,2,3,4,5,6,7,8,9,10,11,12,13,14,15,16,17,18,19,20,21,22,23,24,25,26,27,28,29,30,31,32,33,34,35,36,37,38,39,40,41,42,43,44,45,46,47,48,49,50,51,52,53,54,55,56,57,58,59,60,61,62,63,64,65,66,67,68,69,70,71,72,73,74,75,76,77,78,79,80,81,82,83,84,85,86,87,88,89,90,91,92,93,94,95,96,97,98,99]
CFO=-1059.7110830875367,STO=4
EsN0dB=20.26,GRXdB=10,N0=0.00015848931798245758
packet_number=201,correct=True,payload=[0,1,2,3,4,5,6,7,8,9,10,11,12,13,14,15,16,17,18,19,20,21,22,23,24,25,26,27,28,29,30,31,32,33,34,35,36,37,38,39,40,41,42,43,44,45,46,47,48,49,50,51,52,53,54,55,56,57,58,59,60,61,62,63,64,65,66,67,68,69,70,71,72,73,74,75,76,77,78,79,80,81,82,83,84,85,86,87,88,89,90,91,92,93,94,95,96,97,98,99]
CFO=-991.9417919890952,STO=5
EsN0dB=20.21,GRXdB=10,N0=0.00015848931798245758
packet_number=202,correct=True,payload=[0,1,2,3,4,5,6,7,8,9,10,11,12,13,14,15,16,17,18,19,20,21,22,23,24,25,26,27,28,29,30,31,32,33,34,35,36,37,38,39,40,41,42,43,44,45,46,47,48,49,50,51,52,53,54,55,56,57,58,59,60,61,62,63,64,65,66,67,68,69,70,71,72,73,74,75,76,77,78,79,80,81,82,83,84,85,86,87,88,89,90,91,92,93,94,95,96,97,98,99]
CFO=-958.9254757409979,STO=4
EsN0dB=20.27,GRXdB=10,N0=0.00015848931798245758
packet_number=203,correct=True,payload=[0,1,2,3,4,5,6,7,8,9,10,11,12,13,14,15,16,17,18,19,20,21,22,23,24,25,26,27,28,29,30,31,32,33,34,35,36,37,38,39,40,41,42,43,44,45,46,47,48,49,50,51,52,53,54,55,56,57,58,59,60,61,62,63,64,65,66,67,68,69,70,71,72,73,74,75,76,77,78,79,80,81,82,83,84,85,86,87,88,89,90,91,92,93,94,95,96,97,98,99]
CFO=-1037.2880226451425,STO=5
EsN0dB=20.27,GRXdB=10,N0=0.00015848931798245758
packet_number=204,correct=True,payload=[0,1,2,3,4,5,6,7,8,9,10,11,12,13,14,15,16,17,18,19,20,21,22,23,24,25,26,27,28,29,30,31,32,33,34,35,36,37,38,39,40,41,42,43,44,45,46,47,48,49,50,51,52,53,54,55,56,57,58,59,60,61,62,63,64,65,66,67,68,69,70,71,72,73,74,75,76,77,78,79,80,81,82,83,84,85,86,87,88,89,90,91,92,93,94,95,96,97,98,99]
CFO=-1094.7427201696437,STO=5
EsN0dB=20.19,GRXdB=10,N0=0.00015848931798245758
packet_number=205,correct=True,payload=[0,1,2,3,4,5,6,7,8,9,10,11,12,13,14,15,16,17,18,19,20,21,22,23,24,25,26,27,28,29,30,31,32,33,34,35,36,37,38,39,40,41,42,43,44,45,46,47,48,49,50,51,52,53,54,55,56,57,58,59,60,61,62,63,64,65,66,67,68,69,70,71,72,73,74,75,76,77,78,79,80,81,82,83,84,85,86,87,88,89,90,91,92,93,94,95,96,97,98,99]
CFO=-1064.754632323095,STO=4
EsN0dB=20.23,GRXdB=10,N0=0.00015848931798245758
packet_number=206,correct=True,payload=[0,1,2,3,4,5,6,7,8,9,10,11,12,13,14,15,16,17,18,19,20,21,22,23,24,25,26,27,28,29,30,31,32,33,34,35,36,37,38,39,40,41,42,43,44,45,46,47,48,49,50,51,52,53,54,55,56,57,58,59,60,61,62,63,64,65,66,67,68,69,70,71,72,73,74,75,76,77,78,79,80,81,82,83,84,85,86,87,88,89,90,91,92,93,94,95,96,97,98,99]
CFO=-1075.8289065726897,STO=4
EsN0dB=20.18,GRXdB=10,N0=0.00015848931798245758
packet_number=207,correct=True,payload=[0,1,2,3,4,5,6,7,8,9,10,11,12,13,14,15,16,17,18,19,20,21,22,23,24,25,26,27,28,29,30,31,32,33,34,35,36,37,38,39,40,41,42,43,44,45,46,47,48,49,50,51,52,53,54,55,56,57,58,59,60,61,62,63,64,65,66,67,68,69,70,71,72,73,74,75,76,77,78,79,80,81,82,83,84,85,86,87,88,89,90,91,92,93,94,95,96,97,98,99]
CFO=-1118.9183881803153,STO=7
EsN0dB=20.20,GRXdB=10,N0=0.00015848931798245758
packet_number=208,correct=True,payload=[0,1,2,3,4,5,6,7,8,9,10,11,12,13,14,15,16,17,18,19,20,21,22,23,24,25,26,27,28,29,30,31,32,33,34,35,36,37,38,39,40,41,42,43,44,45,46,47,48,49,50,51,52,53,54,55,56,57,58,59,60,61,62,63,64,65,66,67,68,69,70,71,72,73,74,75,76,77,78,79,80,81,82,83,84,85,86,87,88,89,90,91,92,93,94,95,96,97,98,99]
CFO=-1048.6783117235236,STO=4
EsN0dB=20.19,GRXdB=10,N0=0.00015848931798245758
packet_number=209,correct=True,payload=[0,1,2,3,4,5,6,7,8,9,10,11,12,13,14,15,16,17,18,19,20,21,22,23,24,25,26,27,28,29,30,31,32,33,34,35,36,37,38,39,40,41,42,43,44,45,46,47,48,49,50,51,52,53,54,55,56,57,58,59,60,61,62,63,64,65,66,67,68,69,70,71,72,73,74,75,76,77,78,79,80,81,82,83,84,85,86,87,88,89,90,91,92,93,94,95,96,97,98,99]
CFO=-1057.815468433512,STO=4
EsN0dB=20.18,GRXdB=10,N0=0.00015848931798245758
packet_number=210,correct=True,payload=[0,1,2,3,4,5,6,7,8,9,10,11,12,13,14,15,16,17,18,19,20,21,22,23,24,25,26,27,28,29,30,31,32,33,34,35,36,37,38,39,40,41,42,43,44,45,46,47,48,49,50,51,52,53,54,55,56,57,58,59,60,61,62,63,64,65,66,67,68,69,70,71,72,73,74,75,76,77,78,79,80,81,82,83,84,85,86,87,88,89,90,91,92,93,94,95,96,97,98,99]
CFO=-1097.2899301273005,STO=5
EsN0dB=20.23,GRXdB=10,N0=0.00015848931798245758
packet_number=211,correct=True,payload=[0,1,2,3,4,5,6,7,8,9,10,11,12,13,14,15,16,17,18,19,20,21,22,23,24,25,26,27,28,29,30,31,32,33,34,35,36,37,38,39,40,41,42,43,44,45,46,47,48,49,50,51,52,53,54,55,56,57,58,59,60,61,62,63,64,65,66,67,68,69,70,71,72,73,74,75,76,77,78,79,80,81,82,83,84,85,86,87,88,89,90,91,92,93,94,95,96,97,98,99]
CFO=-1096.2783269361655,STO=4
EsN0dB=20.21,GRXdB=10,N0=0.00015848931798245758
packet_number=212,correct=True,payload=[0,1,2,3,4,5,6,7,8,9,10,11,12,13,14,15,16,17,18,19,20,21,22,23,24,25,26,27,28,29,30,31,32,33,34,35,36,37,38,39,40,41,42,43,44,45,46,47,48,49,50,51,52,53,54,55,56,57,58,59,60,61,62,63,64,65,66,67,68,69,70,71,72,73,74,75,76,77,78,79,80,81,82,83,84,85,86,87,88,89,90,91,92,93,94,95,96,97,98,99]
CFO=-1083.465556099391,STO=4
EsN0dB=20.17,GRXdB=10,N0=0.00015848931798245758
packet_number=213,correct=True,payload=[0,1,2,3,4,5,6,7,8,9,10,11,12,13,14,15,16,17,18,19,20,21,22,23,24,25,26,27,28,29,30,31,32,33,34,35,36,37,38,39,40,41,42,43,44,45,46,47,48,49,50,51,52,53,54,55,56,57,58,59,60,61,62,63,64,65,66,67,68,69,70,71,72,73,74,75,76,77,78,79,80,81,82,83,84,85,86,87,88,89,90,91,92,93,94,95,96,97,98,99]
CFO=-1008.7323772495272,STO=5
EsN0dB=20.21,GRXdB=10,N0=0.00015848931798245758
packet_number=214,correct=True,payload=[0,1,2,3,4,5,6,7,8,9,10,11,12,13,14,15,16,17,18,19,20,21,22,23,24,25,26,27,28,29,30,31,32,33,34,35,36,37,38,39,40,41,42,43,44,45,46,47,48,49,50,51,52,53,54,55,56,57,58,59,60,61,62,63,64,65,66,67,68,69,70,71,72,73,74,75,76,77,78,79,80,81,82,83,84,85,86,87,88,89,90,91,92,93,94,95,96,97,98,99]
CFO=-1033.6189304003763,STO=4
EsN0dB=20.22,GRXdB=10,N0=0.00015848931798245758
packet_number=215,correct=True,payload=[0,1,2,3,4,5,6,7,8,9,10,11,12,13,14,15,16,17,18,19,20,21,22,23,24,25,26,27,28,29,30,31,32,33,34,35,36,37,38,39,40,41,42,43,44,45,46,47,48,49,50,51,52,53,54,55,56,57,58,59,60,61,62,63,64,65,66,67,68,69,70,71,72,73,74,75,76,77,78,79,80,81,82,83,84,85,86,87,88,89,90,91,92,93,94,95,96,97,98,99]
CFO=-1000.6358757505809,STO=5
EsN0dB=20.22,GRXdB=10,N0=0.00015848931798245758
packet_number=216,correct=True,payload=[0,1,2,3,4,5,6,7,8,9,10,11,12,13,14,15,16,17,18,19,20,21,22,23,24,25,26,27,28,29,30,31,32,33,34,35,36,37,38,39,40,41,42,43,44,45,46,47,48,49,50,51,52,53,54,55,56,57,58,59,60,61,62,63,64,65,66,67,68,69,70,71,72,73,74,75,76,77,78,79,80,81,82,83,84,85,86,87,88,89,90,91,92,93,94,95,96,97,98,99]
CFO=-964.4731664567004,STO=4
EsN0dB=20.16,GRXdB=10,N0=0.00015848931798245758
packet_number=217,correct=True,payload=[0,1,2,3,4,5,6,7,8,9,10,11,12,13,14,15,16,17,18,19,20,21,22,23,24,25,26,27,28,29,30,31,32,33,34,35,36,37,38,39,40,41,42,43,44,45,46,47,48,49,50,51,52,53,54,55,56,57,58,59,60,61,62,63,64,65,66,67,68,69,70,71,72,73,74,75,76,77,78,79,80,81,82,83,84,85,86,87,88,89,90,91,92,93,94,95,96,97,98,99]
CFO=-979.5740506654292,STO=1
EsN0dB=20.22,GRXdB=10,N0=0.00015848931798245758
packet_number=218,correct=True,payload=[0,1,2,3,4,5,6,7,8,9,10,11,12,13,14,15,16,17,18,19,20,21,22,23,24,25,26,27,28,29,30,31,32,33,34,35,36,37,38,39,40,41,42,43,44,45,46,47,48,49,50,51,52,53,54,55,56,57,58,59,60,61,62,63,64,65,66,67,68,69,70,71,72,73,74,75,76,77,78,79,80,81,82,83,84,85,86,87,88,89,90,91,92,93,94,95,96,97,98,99]
CFO=-981.742932176091,STO=5
EsN0dB=20.25,GRXdB=10,N0=0.00015848931798245758
packet_number=219,correct=True,payload=[0,1,2,3,4,5,6,7,8,9,10,11,12,13,14,15,16,17,18,19,20,21,22,23,24,25,26,27,28,29,30,31,32,33,34,35,36,37,38,39,40,41,42,43,44,45,46,47,48,49,50,51,52,53,54,55,56,57,58,59,60,61,62,63,64,65,66,67,68,69,70,71,72,73,74,75,76,77,78,79,80,81,82,83,84,85,86,87,88,89,90,91,92,93,94,95,96,97,98,99]
CFO=-1110.9399920357673,STO=5
EsN0dB=20.18,GRXdB=10,N0=0.00015848931798245758
packet_number=220,correct=True,payload=[0,1,2,3,4,5,6,7,8,9,10,11,12,13,14,15,16,17,18,19,20,21,22,23,24,25,26,27,28,29,30,31,32,33,34,35,36,37,38,39,40,41,42,43,44,45,46,47,48,49,50,51,52,53,54,55,56,57,58,59,60,61,62,63,64,65,66,67,68,69,70,71,72,73,74,75,76,77,78,79,80,81,82,83,84,85,86,87,88,89,90,91,92,93,94,95,96,97,98,99]
CFO=-1054.6349244418786,STO=4
EsN0dB=20.27,GRXdB=10,N0=0.00015848931798245758
packet_number=221,correct=True,payload=[0,1,2,3,4,5,6,7,8,9,10,11,12,13,14,15,16,17,18,19,20,21,22,23,24,25,26,27,28,29,30,31,32,33,34,35,36,37,38,39,40,41,42,43,44,45,46,47,48,49,50,51,52,53,54,55,56,57,58,59,60,61,62,63,64,65,66,67,68,69,70,71,72,73,74,75,76,77,78,79,80,81,82,83,84,85,86,87,88,89,90,91,92,93,94,95,96,97,98,99]
CFO=-1067.0821141465153,STO=4
EsN0dB=20.24,GRXdB=10,N0=0.00015848931798245758
packet_number=222,correct=True,payload=[0,1,2,3,4,5,6,7,8,9,10,11,12,13,14,15,16,17,18,19,20,21,22,23,24,25,26,27,28,29,30,31,32,33,34,35,36,37,38,39,40,41,42,43,44,45,46,47,48,49,50,51,52,53,54,55,56,57,58,59,60,61,62,63,64,65,66,67,68,69,70,71,72,73,74,75,76,77,78,79,80,81,82,83,84,85,86,87,88,89,90,91,92,93,94,95,96,97,98,99]
CFO=-1067.118518106154,STO=5
EsN0dB=20.23,GRXdB=10,N0=0.00015848931798245758
packet_number=223,correct=True,payload=[0,1,2,3,4,5,6,7,8,9,10,11,12,13,14,15,16,17,18,19,20,21,22,23,24,25,26,27,28,29,30,31,32,33,34,35,36,37,38,39,40,41,42,43,44,45,46,47,48,49,50,51,52,53,54,55,56,57,58,59,60,61,62,63,64,65,66,67,68,69,70,71,72,73,74,75,76,77,78,79,80,81,82,83,84,85,86,87,88,89,90,91,92,93,94,95,96,97,98,99]
CFO=-981.1972878103651,STO=4
EsN0dB=20.20,GRXdB=10,N0=0.00015848931798245758
packet_number=224,correct=True,payload=[0,1,2,3,4,5,6,7,8,9,10,11,12,13,14,15,16,17,18,19,20,21,22,23,24,25,26,27,28,29,30,31,32,33,34,35,36,37,38,39,40,41,42,43,44,45,46,47,48,49,50,51,52,53,54,55,56,57,58,59,60,61,62,63,64,65,66,67,68,69,70,71,72,73,74,75,76,77,78,79,80,81,82,83,84,85,86,87,88,89,90,91,92,93,94,95,96,97,98,99]
CFO=-1037.213791769788,STO=6
EsN0dB=20.20,GRXdB=10,N0=0.00015848931798245758
packet_number=225,correct=True,payload=[0,1,2,3,4,5,6,7,8,9,10,11,12,13,14,15,16,17,18,19,20,21,22,23,24,25,26,27,28,29,30,31,32,33,34,35,36,37,38,39,40,41,42,43,44,45,46,47,48,49,50,51,52,53,54,55,56,57,58,59,60,61,62,63,64,65,66,67,68,69,70,71,72,73,74,75,76,77,78,79,80,81,82,83,84,85,86,87,88,89,90,91,92,93,94,95,96,97,98,99]
CFO=-1094.7153282651598,STO=5
EsN0dB=20.22,GRXdB=10,N0=0.00015848931798245758
packet_number=226,correct=True,payload=[0,1,2,3,4,5,6,7,8,9,10,11,12,13,14,15,16,17,18,19,20,21,22,23,24,25,26,27,28,29,30,31,32,33,34,35,36,37,38,39,40,41,42,43,44,45,46,47,48,49,50,51,52,53,54,55,56,57,58,59,60,61,62,63,64,65,66,67,68,69,70,71,72,73,74,75,76,77,78,79,80,81,82,83,84,85,86,87,88,89,90,91,92,93,94,95,96,97,98,99]
CFO=-1024.9897690099076,STO=5
EsN0dB=20.22,GRXdB=10,N0=0.00015848931798245758
packet_number=227,correct=True,payload=[0,1,2,3,4,5,6,7,8,9,10,11,12,13,14,15,16,17,18,19,20,21,22,23,24,25,26,27,28,29,30,31,32,33,34,35,36,37,38,39,40,41,42,43,44,45,46,47,48,49,50,51,52,53,54,55,56,57,58,59,60,61,62,63,64,65,66,67,68,69,70,71,72,73,74,75,76,77,78,79,80,81,82,83,84,85,86,87,88,89,90,91,92,93,94,95,96,97,98,99]
CFO=-999.7990589975813,STO=5
EsN0dB=20.28,GRXdB=10,N0=0.00015848931798245758
packet_number=228,correct=True,payload=[0,1,2,3,4,5,6,7,8,9,10,11,12,13,14,15,16,17,18,19,20,21,22,23,24,25,26,27,28,29,30,31,32,33,34,35,36,37,38,39,40,41,42,43,44,45,46,47,48,49,50,51,52,53,54,55,56,57,58,59,60,61,62,63,64,65,66,67,68,69,70,71,72,73,74,75,76,77,78,79,80,81,82,83,84,85,86,87,88,89,90,91,92,93,94,95,96,97,98,99]
CFO=-1082.3594449088027,STO=4
EsN0dB=20.21,GRXdB=10,N0=0.00015848931798245758
packet_number=229,correct=True,payload=[0,1,2,3,4,5,6,7,8,9,10,11,12,13,14,15,16,17,18,19,20,21,22,23,24,25,26,27,28,29,30,31,32,33,34,35,36,37,38,39,40,41,42,43,44,45,46,47,48,49,50,51,52,53,54,55,56,57,58,59,60,61,62,63,64,65,66,67,68,69,70,71,72,73,74,75,76,77,78,79,80,81,82,83,84,85,86,87,88,89,90,91,92,93,94,95,96,97,98,99]
CFO=-1090.293373675942,STO=4
EsN0dB=20.25,GRXdB=10,N0=0.00015848931798245758
packet_number=230,correct=True,payload=[0,1,2,3,4,5,6,7,8,9,10,11,12,13,14,15,16,17,18,19,20,21,22,23,24,25,26,27,28,29,30,31,32,33,34,35,36,37,38,39,40,41,42,43,44,45,46,47,48,49,50,51,52,53,54,55,56,57,58,59,60,61,62,63,64,65,66,67,68,69,70,71,72,73,74,75,76,77,78,79,80,81,82,83,84,85,86,87,88,89,90,91,92,93,94,95,96,97,98,99]
CFO=-992.7043185769037,STO=5
EsN0dB=20.19,GRXdB=10,N0=0.00015848931798245758
packet_number=231,correct=True,payload=[0,1,2,3,4,5,6,7,8,9,10,11,12,13,14,15,16,17,18,19,20,21,22,23,24,25,26,27,28,29,30,31,32,33,34,35,36,37,38,39,40,41,42,43,44,45,46,47,48,49,50,51,52,53,54,55,56,57,58,59,60,61,62,63,64,65,66,67,68,69,70,71,72,73,74,75,76,77,78,79,80,81,82,83,84,85,86,87,88,89,90,91,92,93,94,95,96,97,98,99]
CFO=-1047.8698355123925,STO=5
EsN0dB=20.20,GRXdB=10,N0=0.00015848931798245758
packet_number=232,correct=True,payload=[0,1,2,3,4,5,6,7,8,9,10,11,12,13,14,15,16,17,18,19,20,21,22,23,24,25,26,27,28,29,30,31,32,33,34,35,36,37,38,39,40,41,42,43,44,45,46,47,48,49,50,51,52,53,54,55,56,57,58,59,60,61,62,63,64,65,66,67,68,69,70,71,72,73,74,75,76,77,78,79,80,81,82,83,84,85,86,87,88,89,90,91,92,93,94,95,96,97,98,99]
CFO=-1092.0632938764907,STO=4
EsN0dB=20.17,GRXdB=10,N0=0.00015848931798245758
packet_number=233,correct=True,payload=[0,1,2,3,4,5,6,7,8,9,10,11,12,13,14,15,16,17,18,19,20,21,22,23,24,25,26,27,28,29,30,31,32,33,34,35,36,37,38,39,40,41,42,43,44,45,46,47,48,49,50,51,52,53,54,55,56,57,58,59,60,61,62,63,64,65,66,67,68,69,70,71,72,73,74,75,76,77,78,79,80,81,82,83,84,85,86,87,88,89,90,91,92,93,94,95,96,97,98,99]
CFO=-1112.3261884141953,STO=4
EsN0dB=20.27,GRXdB=10,N0=0.00015848931798245758
packet_number=234,correct=True,payload=[0,1,2,3,4,5,6,7,8,9,10,11,12,13,14,15,16,17,18,19,20,21,22,23,24,25,26,27,28,29,30,31,32,33,34,35,36,37,38,39,40,41,42,43,44,45,46,47,48,49,50,51,52,53,54,55,56,57,58,59,60,61,62,63,64,65,66,67,68,69,70,71,72,73,74,75,76,77,78,79,80,81,82,83,84,85,86,87,88,89,90,91,92,93,94,95,96,97,98,99]
CFO=-1091.2646597782261,STO=4
EsN0dB=20.26,GRXdB=10,N0=0.00015848931798245758
packet_number=235,correct=True,payload=[0,1,2,3,4,5,6,7,8,9,10,11,12,13,14,15,16,17,18,19,20,21,22,23,24,25,26,27,28,29,30,31,32,33,34,35,36,37,38,39,40,41,42,43,44,45,46,47,48,49,50,51,52,53,54,55,56,57,58,59,60,61,62,63,64,65,66,67,68,69,70,71,72,73,74,75,76,77,78,79,80,81,82,83,84,85,86,87,88,89,90,91,92,93,94,95,96,97,98,99]
CFO=-1033.136192551225,STO=5
EsN0dB=20.18,GRXdB=10,N0=0.00015848931798245758
packet_number=236,correct=True,payload=[0,1,2,3,4,5,6,7,8,9,10,11,12,13,14,15,16,17,18,19,20,21,22,23,24,25,26,27,28,29,30,31,32,33,34,35,36,37,38,39,40,41,42,43,44,45,46,47,48,49,50,51,52,53,54,55,56,57,58,59,60,61,62,63,64,65,66,67,68,69,70,71,72,73,74,75,76,77,78,79,80,81,82,83,84,85,86,87,88,89,90,91,92,93,94,95,96,97,98,99]
CFO=-1043.76270995523,STO=5
EsN0dB=20.20,GRXdB=10,N0=0.00015848931798245758
packet_number=237,correct=True,payload=[0,1,2,3,4,5,6,7,8,9,10,11,12,13,14,15,16,17,18,19,20,21,22,23,24,25,26,27,28,29,30,31,32,33,34,35,36,37,38,39,40,41,42,43,44,45,46,47,48,49,50,51,52,53,54,55,56,57,58,59,60,61,62,63,64,65,66,67,68,69,70,71,72,73,74,75,76,77,78,79,80,81,82,83,84,85,86,87,88,89,90,91,92,93,94,95,96,97,98,99]
CFO=-1126.0418248818808,STO=4
EsN0dB=20.20,GRXdB=10,N0=0.00015848931798245758
packet_number=238,correct=True,payload=[0,1,2,3,4,5,6,7,8,9,10,11,12,13,14,15,16,17,18,19,20,21,22,23,24,25,26,27,28,29,30,31,32,33,34,35,36,37,38,39,40,41,42,43,44,45,46,47,48,49,50,51,52,53,54,55,56,57,58,59,60,61,62,63,64,65,66,67,68,69,70,71,72,73,74,75,76,77,78,79,80,81,82,83,84,85,86,87,88,89,90,91,92,93,94,95,96,97,98,99]
CFO=-1039.1500792516827,STO=4
EsN0dB=20.20,GRXdB=10,N0=0.00015848931798245758
packet_number=239,correct=True,payload=[0,1,2,3,4,5,6,7,8,9,10,11,12,13,14,15,16,17,18,19,20,21,22,23,24,25,26,27,28,29,30,31,32,33,34,35,36,37,38,39,40,41,42,43,44,45,46,47,48,49,50,51,52,53,54,55,56,57,58,59,60,61,62,63,64,65,66,67,68,69,70,71,72,73,74,75,76,77,78,79,80,81,82,83,84,85,86,87,88,89,90,91,92,93,94,95,96,97,98,99]
CFO=-1038.2065407929017,STO=5
EsN0dB=20.24,GRXdB=10,N0=0.00015848931798245758
packet_number=240,correct=True,payload=[0,1,2,3,4,5,6,7,8,9,10,11,12,13,14,15,16,17,18,19,20,21,22,23,24,25,26,27,28,29,30,31,32,33,34,35,36,37,38,39,40,41,42,43,44,45,46,47,48,49,50,51,52,53,54,55,56,57,58,59,60,61,62,63,64,65,66,67,68,69,70,71,72,73,74,75,76,77,78,79,80,81,82,83,84,85,86,87,88,89,90,91,92,93,94,95,96,97,98,99]
CFO=-1026.6074329102082,STO=5
EsN0dB=20.21,GRXdB=10,N0=0.00015848931798245758
packet_number=241,correct=True,payload=[0,1,2,3,4,5,6,7,8,9,10,11,12,13,14,15,16,17,18,19,20,21,22,23,24,25,26,27,28,29,30,31,32,33,34,35,36,37,38,39,40,41,42,43,44,45,46,47,48,49,50,51,52,53,54,55,56,57,58,59,60,61,62,63,64,65,66,67,68,69,70,71,72,73,74,75,76,77,78,79,80,81,82,83,84,85,86,87,88,89,90,91,92,93,94,95,96,97,98,99]
CFO=-1066.8824259770308,STO=4
EsN0dB=20.25,GRXdB=10,N0=0.00015848931798245758
packet_number=242,correct=True,payload=[0,1,2,3,4,5,6,7,8,9,10,11,12,13,14,15,16,17,18,19,20,21,22,23,24,25,26,27,28,29,30,31,32,33,34,35,36,37,38,39,40,41,42,43,44,45,46,47,48,49,50,51,52,53,54,55,56,57,58,59,60,61,62,63,64,65,66,67,68,69,70,71,72,73,74,75,76,77,78,79,80,81,82,83,84,85,86,87,88,89,90,91,92,93,94,95,96,97,98,99]
CFO=-942.562133042711,STO=4
EsN0dB=20.24,GRXdB=10,N0=0.00015848931798245758
packet_number=243,correct=True,payload=[0,1,2,3,4,5,6,7,8,9,10,11,12,13,14,15,16,17,18,19,20,21,22,23,24,25,26,27,28,29,30,31,32,33,34,35,36,37,38,39,40,41,42,43,44,45,46,47,48,49,50,51,52,53,54,55,56,57,58,59,60,61,62,63,64,65,66,67,68,69,70,71,72,73,74,75,76,77,78,79,80,81,82,83,84,85,86,87,88,89,90,91,92,93,94,95,96,97,98,99]
CFO=-1118.633796964898,STO=5
EsN0dB=20.27,GRXdB=10,N0=0.00015848931798245758
packet_number=244,correct=True,payload=[0,1,2,3,4,5,6,7,8,9,10,11,12,13,14,15,16,17,18,19,20,21,22,23,24,25,26,27,28,29,30,31,32,33,34,35,36,37,38,39,40,41,42,43,44,45,46,47,48,49,50,51,52,53,54,55,56,57,58,59,60,61,62,63,64,65,66,67,68,69,70,71,72,73,74,75,76,77,78,79,80,81,82,83,84,85,86,87,88,89,90,91,92,93,94,95,96,97,98,99]
CFO=-1006.4233938551089,STO=4
EsN0dB=20.22,GRXdB=10,N0=0.00015848931798245758
packet_number=245,correct=True,payload=[0,1,2,3,4,5,6,7,8,9,10,11,12,13,14,15,16,17,18,19,20,21,22,23,24,25,26,27,28,29,30,31,32,33,34,35,36,37,38,39,40,41,42,43,44,45,46,47,48,49,50,51,52,53,54,55,56,57,58,59,60,61,62,63,64,65,66,67,68,69,70,71,72,73,74,75,76,77,78,79,80,81,82,83,84,85,86,87,88,89,90,91,92,93,94,95,96,97,98,99]
CFO=-1083.4405357883688,STO=5
EsN0dB=20.20,GRXdB=10,N0=0.00015848931798245758
packet_number=246,correct=True,payload=[0,1,2,3,4,5,6,7,8,9,10,11,12,13,14,15,16,17,18,19,20,21,22,23,24,25,26,27,28,29,30,31,32,33,34,35,36,37,38,39,40,41,42,43,44,45,46,47,48,49,50,51,52,53,54,55,56,57,58,59,60,61,62,63,64,65,66,67,68,69,70,71,72,73,74,75,76,77,78,79,80,81,82,83,84,85,86,87,88,89,90,91,92,93,94,95,96,97,98,99]
CFO=-1107.8205165757754,STO=4
EsN0dB=20.25,GRXdB=10,N0=0.00015848931798245758
packet_number=247,correct=True,payload=[0,1,2,3,4,5,6,7,8,9,10,11,12,13,14,15,16,17,18,19,20,21,22,23,24,25,26,27,28,29,30,31,32,33,34,35,36,37,38,39,40,41,42,43,44,45,46,47,48,49,50,51,52,53,54,55,56,57,58,59,60,61,62,63,64,65,66,67,68,69,70,71,72,73,74,75,76,77,78,79,80,81,82,83,84,85,86,87,88,89,90,91,92,93,94,95,96,97,98,99]
CFO=-1047.1961843895654,STO=4
EsN0dB=20.24,GRXdB=10,N0=0.00015848931798245758
packet_number=248,correct=True,payload=[0,1,2,3,4,5,6,7,8,9,10,11,12,13,14,15,16,17,18,19,20,21,22,23,24,25,26,27,28,29,30,31,32,33,34,35,36,37,38,39,40,41,42,43,44,45,46,47,48,49,50,51,52,53,54,55,56,57,58,59,60,61,62,63,64,65,66,67,68,69,70,71,72,73,74,75,76,77,78,79,80,81,82,83,84,85,86,87,88,89,90,91,92,93,94,95,96,97,98,99]
CFO=-1035.3062005687812,STO=4
EsN0dB=20.21,GRXdB=10,N0=0.00015848931798245758
packet_number=249,correct=True,payload=[0,1,2,3,4,5,6,7,8,9,10,11,12,13,14,15,16,17,18,19,20,21,22,23,24,25,26,27,28,29,30,31,32,33,34,35,36,37,38,39,40,41,42,43,44,45,46,47,48,49,50,51,52,53,54,55,56,57,58,59,60,61,62,63,64,65,66,67,68,69,70,71,72,73,74,75,76,77,78,79,80,81,82,83,84,85,86,87,88,89,90,91,92,93,94,95,96,97,98,99]
CFO=-1118.472410029822,STO=4
EsN0dB=20.26,GRXdB=10,N0=0.00015848931798245758
packet_number=250,correct=True,payload=[0,1,2,3,4,5,6,7,8,9,10,11,12,13,14,15,16,17,18,19,20,21,22,23,24,25,26,27,28,29,30,31,32,33,34,35,36,37,38,39,40,41,42,43,44,45,46,47,48,49,50,51,52,53,54,55,56,57,58,59,60,61,62,63,64,65,66,67,68,69,70,71,72,73,74,75,76,77,78,79,80,81,82,83,84,85,86,87,88,89,90,91,92,93,94,95,96,97,98,99]
CFO=-980.0748719147269,STO=3
EsN0dB=20.29,GRXdB=10,N0=0.00015848931798245758
packet_number=251,correct=True,payload=[0,1,2,3,4,5,6,7,8,9,10,11,12,13,14,15,16,17,18,19,20,21,22,23,24,25,26,27,28,29,30,31,32,33,34,35,36,37,38,39,40,41,42,43,44,45,46,47,48,49,50,51,52,53,54,55,56,57,58,59,60,61,62,63,64,65,66,67,68,69,70,71,72,73,74,75,76,77,78,79,80,81,82,83,84,85,86,87,88,89,90,91,92,93,94,95,96,97,98,99]
CFO=-1084.0193231727235,STO=5
EsN0dB=20.21,GRXdB=10,N0=0.00015848931798245758
packet_number=252,correct=True,payload=[0,1,2,3,4,5,6,7,8,9,10,11,12,13,14,15,16,17,18,19,20,21,22,23,24,25,26,27,28,29,30,31,32,33,34,35,36,37,38,39,40,41,42,43,44,45,46,47,48,49,50,51,52,53,54,55,56,57,58,59,60,61,62,63,64,65,66,67,68,69,70,71,72,73,74,75,76,77,78,79,80,81,82,83,84,85,86,87,88,89,90,91,92,93,94,95,96,97,98,99]
CFO=-1068.4442388513057,STO=5
EsN0dB=20.21,GRXdB=10,N0=0.00015848931798245758
packet_number=253,correct=True,payload=[0,1,2,3,4,5,6,7,8,9,10,11,12,13,14,15,16,17,18,19,20,21,22,23,24,25,26,27,28,29,30,31,32,33,34,35,36,37,38,39,40,41,42,43,44,45,46,47,48,49,50,51,52,53,54,55,56,57,58,59,60,61,62,63,64,65,66,67,68,69,70,71,72,73,74,75,76,77,78,79,80,81,82,83,84,85,86,87,88,89,90,91,92,93,94,95,96,97,98,99]
CFO=-1017.2154484827483,STO=4
EsN0dB=20.24,GRXdB=10,N0=0.00015848931798245758
packet_number=254,correct=True,payload=[0,1,2,3,4,5,6,7,8,9,10,11,12,13,14,15,16,17,18,19,20,21,22,23,24,25,26,27,28,29,30,31,32,33,34,35,36,37,38,39,40,41,42,43,44,45,46,47,48,49,50,51,52,53,54,55,56,57,58,59,60,61,62,63,64,65,66,67,68,69,70,71,72,73,74,75,76,77,78,79,80,81,82,83,84,85,86,87,88,89,90,91,92,93,94,95,96,97,98,99]
CFO=-1090.6025108836889,STO=4
EsN0dB=20.28,GRXdB=10,N0=0.00015848931798245758
packet_number=255,correct=True,payload=[0,1,2,3,4,5,6,7,8,9,10,11,12,13,14,15,16,17,18,19,20,21,22,23,24,25,26,27,28,29,30,31,32,33,34,35,36,37,38,39,40,41,42,43,44,45,46,47,48,49,50,51,52,53,54,55,56,57,58,59,60,61,62,63,64,65,66,67,68,69,70,71,72,73,74,75,76,77,78,79,80,81,82,83,84,85,86,87,88,89,90,91,92,93,94,95,96,97,98,99]
CFO=-986.8703765303608,STO=4
EsN0dB=20.27,GRXdB=10,N0=0.00015848931798245758
packet_number=256,correct=True,payload=[0,1,2,3,4,5,6,7,8,9,10,11,12,13,14,15,16,17,18,19,20,21,22,23,24,25,26,27,28,29,30,31,32,33,34,35,36,37,38,39,40,41,42,43,44,45,46,47,48,49,50,51,52,53,54,55,56,57,58,59,60,61,62,63,64,65,66,67,68,69,70,71,72,73,74,75,76,77,78,79,80,81,82,83,84,85,86,87,88,89,90,91,92,93,94,95,96,97,98,99]
CFO=-1100.9496545778927,STO=4
EsN0dB=20.23,GRXdB=10,N0=0.00015848931798245758
packet_number=257,correct=True,payload=[0,1,2,3,4,5,6,7,8,9,10,11,12,13,14,15,16,17,18,19,20,21,22,23,24,25,26,27,28,29,30,31,32,33,34,35,36,37,38,39,40,41,42,43,44,45,46,47,48,49,50,51,52,53,54,55,56,57,58,59,60,61,62,63,64,65,66,67,68,69,70,71,72,73,74,75,76,77,78,79,80,81,82,83,84,85,86,87,88,89,90,91,92,93,94,95,96,97,98,99]
CFO=-922.5616553215558,STO=0
EsN0dB=20.25,GRXdB=10,N0=0.00015848931798245758
packet_number=258,correct=True,payload=[0,1,2,3,4,5,6,7,8,9,10,11,12,13,14,15,16,17,18,19,20,21,22,23,24,25,26,27,28,29,30,31,32,33,34,35,36,37,38,39,40,41,42,43,44,45,46,47,48,49,50,51,52,53,54,55,56,57,58,59,60,61,62,63,64,65,66,67,68,69,70,71,72,73,74,75,76,77,78,79,80,81,82,83,84,85,86,87,88,89,90,91,92,93,94,95,96,97,98,99]
CFO=-993.190850975594,STO=4
EsN0dB=20.25,GRXdB=10,N0=0.00015848931798245758
packet_number=259,correct=True,payload=[0,1,2,3,4,5,6,7,8,9,10,11,12,13,14,15,16,17,18,19,20,21,22,23,24,25,26,27,28,29,30,31,32,33,34,35,36,37,38,39,40,41,42,43,44,45,46,47,48,49,50,51,52,53,54,55,56,57,58,59,60,61,62,63,64,65,66,67,68,69,70,71,72,73,74,75,76,77,78,79,80,81,82,83,84,85,86,87,88,89,90,91,92,93,94,95,96,97,98,99]
CFO=-1112.3844110336827,STO=4
EsN0dB=20.31,GRXdB=10,N0=0.00015848931798245758
packet_number=260,correct=True,payload=[0,1,2,3,4,5,6,7,8,9,10,11,12,13,14,15,16,17,18,19,20,21,22,23,24,25,26,27,28,29,30,31,32,33,34,35,36,37,38,39,40,41,42,43,44,45,46,47,48,49,50,51,52,53,54,55,56,57,58,59,60,61,62,63,64,65,66,67,68,69,70,71,72,73,74,75,76,77,78,79,80,81,82,83,84,85,86,87,88,89,90,91,92,93,94,95,96,97,98,99]
CFO=-1011.9418546813946,STO=4
EsN0dB=20.22,GRXdB=10,N0=0.00015848931798245758
packet_number=261,correct=True,payload=[0,1,2,3,4,5,6,7,8,9,10,11,12,13,14,15,16,17,18,19,20,21,22,23,24,25,26,27,28,29,30,31,32,33,34,35,36,37,38,39,40,41,42,43,44,45,46,47,48,49,50,51,52,53,54,55,56,57,58,59,60,61,62,63,64,65,66,67,68,69,70,71,72,73,74,75,76,77,78,79,80,81,82,83,84,85,86,87,88,89,90,91,92,93,94,95,96,97,98,99]
CFO=-1071.5586153853546,STO=4
EsN0dB=20.23,GRXdB=10,N0=0.00015848931798245758
packet_number=262,correct=True,payload=[0,1,2,3,4,5,6,7,8,9,10,11,12,13,14,15,16,17,18,19,20,21,22,23,24,25,26,27,28,29,30,31,32,33,34,35,36,37,38,39,40,41,42,43,44,45,46,47,48,49,50,51,52,53,54,55,56,57,58,59,60,61,62,63,64,65,66,67,68,69,70,71,72,73,74,75,76,77,78,79,80,81,82,83,84,85,86,87,88,89,90,91,92,93,94,95,96,97,98,99]
CFO=-1072.3338892880204,STO=5
EsN0dB=20.21,GRXdB=10,N0=0.00015848931798245758
packet_number=263,correct=True,payload=[0,1,2,3,4,5,6,7,8,9,10,11,12,13,14,15,16,17,18,19,20,21,22,23,24,25,26,27,28,29,30,31,32,33,34,35,36,37,38,39,40,41,42,43,44,45,46,47,48,49,50,51,52,53,54,55,56,57,58,59,60,61,62,63,64,65,66,67,68,69,70,71,72,73,74,75,76,77,78,79,80,81,82,83,84,85,86,87,88,89,90,91,92,93,94,95,96,97,98,99]
CFO=-1055.9793807753788,STO=4
EsN0dB=20.24,GRXdB=10,N0=0.00015848931798245758
packet_number=264,correct=True,payload=[0,1,2,3,4,5,6,7,8,9,10,11,12,13,14,15,16,17,18,19,20,21,22,23,24,25,26,27,28,29,30,31,32,33,34,35,36,37,38,39,40,41,42,43,44,45,46,47,48,49,50,51,52,53,54,55,56,57,58,59,60,61,62,63,64,65,66,67,68,69,70,71,72,73,74,75,76,77,78,79,80,81,82,83,84,85,86,87,88,89,90,91,92,93,94,95,96,97,98,99]
CFO=-1074.7084472416575,STO=5
EsN0dB=20.19,GRXdB=10,N0=0.00015848931798245758
packet_number=265,correct=True,payload=[0,1,2,3,4,5,6,7,8,9,10,11,12,13,14,15,16,17,18,19,20,21,22,23,24,25,26,27,28,29,30,31,32,33,34,35,36,37,38,39,40,41,42,43,44,45,46,47,48,49,50,51,52,53,54,55,56,57,58,59,60,61,62,63,64,65,66,67,68,69,70,71,72,73,74,75,76,77,78,79,80,81,82,83,84,85,86,87,88,89,90,91,92,93,94,95,96,97,98,99]
CFO=-1039.5275183511299,STO=4
EsN0dB=20.21,GRXdB=10,N0=0.00015848931798245758
packet_number=266,correct=True,payload=[0,1,2,3,4,5,6,7,8,9,10,11,12,13,14,15,16,17,18,19,20,21,22,23,24,25,26,27,28,29,30,31,32,33,34,35,36,37,38,39,40,41,42,43,44,45,46,47,48,49,50,51,52,53,54,55,56,57,58,59,60,61,62,63,64,65,66,67,68,69,70,71,72,73,74,75,76,77,78,79,80,81,82,83,84,85,86,87,88,89,90,91,92,93,94,95,96,97,98,99]
CFO=-1001.2217779153211,STO=4
EsN0dB=20.20,GRXdB=10,N0=0.00015848931798245758
packet_number=267,correct=True,payload=[0,1,2,3,4,5,6,7,8,9,10,11,12,13,14,15,16,17,18,19,20,21,22,23,24,25,26,27,28,29,30,31,32,33,34,35,36,37,38,39,40,41,42,43,44,45,46,47,48,49,50,51,52,53,54,55,56,57,58,59,60,61,62,63,64,65,66,67,68,69,70,71,72,73,74,75,76,77,78,79,80,81,82,83,84,85,86,87,88,89,90,91,92,93,94,95,96,97,98,99]
CFO=-984.0120135105142,STO=0
EsN0dB=20.30,GRXdB=10,N0=0.00015848931798245758
packet_number=268,correct=True,payload=[0,1,2,3,4,5,6,7,8,9,10,11,12,13,14,15,16,17,18,19,20,21,22,23,24,25,26,27,28,29,30,31,32,33,34,35,36,37,38,39,40,41,42,43,44,45,46,47,48,49,50,51,52,53,54,55,56,57,58,59,60,61,62,63,64,65,66,67,68,69,70,71,72,73,74,75,76,77,78,79,80,81,82,83,84,85,86,87,88,89,90,91,92,93,94,95,96,97,98,99]
CFO=-1068.5879574150915,STO=5
EsN0dB=20.26,GRXdB=10,N0=0.00015848931798245758
packet_number=269,correct=True,payload=[0,1,2,3,4,5,6,7,8,9,10,11,12,13,14,15,16,17,18,19,20,21,22,23,24,25,26,27,28,29,30,31,32,33,34,35,36,37,38,39,40,41,42,43,44,45,46,47,48,49,50,51,52,53,54,55,56,57,58,59,60,61,62,63,64,65,66,67,68,69,70,71,72,73,74,75,76,77,78,79,80,81,82,83,84,85,86,87,88,89,90,91,92,93,94,95,96,97,98,99]
CFO=-1042.3171051605837,STO=4
EsN0dB=20.23,GRXdB=10,N0=0.00015848931798245758
packet_number=270,correct=True,payload=[0,1,2,3,4,5,6,7,8,9,10,11,12,13,14,15,16,17,18,19,20,21,22,23,24,25,26,27,28,29,30,31,32,33,34,35,36,37,38,39,40,41,42,43,44,45,46,47,48,49,50,51,52,53,54,55,56,57,58,59,60,61,62,63,64,65,66,67,68,69,70,71,72,73,74,75,76,77,78,79,80,81,82,83,84,85,86,87,88,89,90,91,92,93,94,95,96,97,98,99]
CFO=-1063.6695097346437,STO=0
EsN0dB=20.24,GRXdB=10,N0=0.00015848931798245758
packet_number=271,correct=True,payload=[0,1,2,3,4,5,6,7,8,9,10,11,12,13,14,15,16,17,18,19,20,21,22,23,24,25,26,27,28,29,30,31,32,33,34,35,36,37,38,39,40,41,42,43,44,45,46,47,48,49,50,51,52,53,54,55,56,57,58,59,60,61,62,63,64,65,66,67,68,69,70,71,72,73,74,75,76,77,78,79,80,81,82,83,84,85,86,87,88,89,90,91,92,93,94,95,96,97,98,99]
CFO=-1038.6527561027413,STO=4
EsN0dB=20.28,GRXdB=10,N0=0.00015848931798245758
packet_number=272,correct=True,payload=[0,1,2,3,4,5,6,7,8,9,10,11,12,13,14,15,16,17,18,19,20,21,22,23,24,25,26,27,28,29,30,31,32,33,34,35,36,37,38,39,40,41,42,43,44,45,46,47,48,49,50,51,52,53,54,55,56,57,58,59,60,61,62,63,64,65,66,67,68,69,70,71,72,73,74,75,76,77,78,79,80,81,82,83,84,85,86,87,88,89,90,91,92,93,94,95,96,97,98,99]
CFO=-1010.4205960553165,STO=4
EsN0dB=20.20,GRXdB=10,N0=0.00015848931798245758
packet_number=273,correct=True,payload=[0,1,2,3,4,5,6,7,8,9,10,11,12,13,14,15,16,17,18,19,20,21,22,23,24,25,26,27,28,29,30,31,32,33,34,35,36,37,38,39,40,41,42,43,44,45,46,47,48,49,50,51,52,53,54,55,56,57,58,59,60,61,62,63,64,65,66,67,68,69,70,71,72,73,74,75,76,77,78,79,80,81,82,83,84,85,86,87,88,89,90,91,92,93,94,95,96,97,98,99]
CFO=-1096.5197551505778,STO=4
EsN0dB=20.24,GRXdB=10,N0=0.00015848931798245758
packet_number=274,correct=True,payload=[0,1,2,3,4,5,6,7,8,9,10,11,12,13,14,15,16,17,18,19,20,21,22,23,24,25,26,27,28,29,30,31,32,33,34,35,36,37,38,39,40,41,42,43,44,45,46,47,48,49,50,51,52,53,54,55,56,57,58,59,60,61,62,63,64,65,66,67,68,69,70,71,72,73,74,75,76,77,78,79,80,81,82,83,84,85,86,87,88,89,90,91,92,93,94,95,96,97,98,99]
CFO=-1015.0037004202644,STO=4
EsN0dB=20.21,GRXdB=10,N0=0.00015848931798245758
packet_number=275,correct=True,payload=[0,1,2,3,4,5,6,7,8,9,10,11,12,13,14,15,16,17,18,19,20,21,22,23,24,25,26,27,28,29,30,31,32,33,34,35,36,37,38,39,40,41,42,43,44,45,46,47,48,49,50,51,52,53,54,55,56,57,58,59,60,61,62,63,64,65,66,67,68,69,70,71,72,73,74,75,76,77,78,79,80,81,82,83,84,85,86,87,88,89,90,91,92,93,94,95,96,97,98,99]
CFO=-1075.640602051822,STO=4
EsN0dB=20.23,GRXdB=10,N0=0.00015848931798245758
packet_number=276,correct=True,payload=[0,1,2,3,4,5,6,7,8,9,10,11,12,13,14,15,16,17,18,19,20,21,22,23,24,25,26,27,28,29,30,31,32,33,34,35,36,37,38,39,40,41,42,43,44,45,46,47,48,49,50,51,52,53,54,55,56,57,58,59,60,61,62,63,64,65,66,67,68,69,70,71,72,73,74,75,76,77,78,79,80,81,82,83,84,85,86,87,88,89,90,91,92,93,94,95,96,97,98,99]
CFO=-1048.9856702361742,STO=4
EsN0dB=20.25,GRXdB=10,N0=0.00015848931798245758
packet_number=277,correct=True,payload=[0,1,2,3,4,5,6,7,8,9,10,11,12,13,14,15,16,17,18,19,20,21,22,23,24,25,26,27,28,29,30,31,32,33,34,35,36,37,38,39,40,41,42,43,44,45,46,47,48,49,50,51,52,53,54,55,56,57,58,59,60,61,62,63,64,65,66,67,68,69,70,71,72,73,74,75,76,77,78,79,80,81,82,83,84,85,86,87,88,89,90,91,92,93,94,95,96,97,98,99]
CFO=-1035.173747073939,STO=4
EsN0dB=20.20,GRXdB=10,N0=0.00015848931798245758
packet_number=278,correct=True,payload=[0,1,2,3,4,5,6,7,8,9,10,11,12,13,14,15,16,17,18,19,20,21,22,23,24,25,26,27,28,29,30,31,32,33,34,35,36,37,38,39,40,41,42,43,44,45,46,47,48,49,50,51,52,53,54,55,56,57,58,59,60,61,62,63,64,65,66,67,68,69,70,71,72,73,74,75,76,77,78,79,80,81,82,83,84,85,86,87,88,89,90,91,92,93,94,95,96,97,98,99]
CFO=-1007.8781292845832,STO=4
EsN0dB=20.22,GRXdB=10,N0=0.00015848931798245758
packet_number=279,correct=True,payload=[0,1,2,3,4,5,6,7,8,9,10,11,12,13,14,15,16,17,18,19,20,21,22,23,24,25,26,27,28,29,30,31,32,33,34,35,36,37,38,39,40,41,42,43,44,45,46,47,48,49,50,51,52,53,54,55,56,57,58,59,60,61,62,63,64,65,66,67,68,69,70,71,72,73,74,75,76,77,78,79,80,81,82,83,84,85,86,87,88,89,90,91,92,93,94,95,96,97,98,99]
CFO=-1051.624186542111,STO=4
EsN0dB=20.27,GRXdB=10,N0=0.00015848931798245758
packet_number=280,correct=True,payload=[0,1,2,3,4,5,6,7,8,9,10,11,12,13,14,15,16,17,18,19,20,21,22,23,24,25,26,27,28,29,30,31,32,33,34,35,36,37,38,39,40,41,42,43,44,45,46,47,48,49,50,51,52,53,54,55,56,57,58,59,60,61,62,63,64,65,66,67,68,69,70,71,72,73,74,75,76,77,78,79,80,81,82,83,84,85,86,87,88,89,90,91,92,93,94,95,96,97,98,99]
CFO=-959.0251419562304,STO=3
EsN0dB=20.21,GRXdB=10,N0=0.00015848931798245758
packet_number=281,correct=True,payload=[0,1,2,3,4,5,6,7,8,9,10,11,12,13,14,15,16,17,18,19,20,21,22,23,24,25,26,27,28,29,30,31,32,33,34,35,36,37,38,39,40,41,42,43,44,45,46,47,48,49,50,51,52,53,54,55,56,57,58,59,60,61,62,63,64,65,66,67,68,69,70,71,72,73,74,75,76,77,78,79,80,81,82,83,84,85,86,87,88,89,90,91,92,93,94,95,96,97,98,99]
CFO=-1117.880104562735,STO=4
EsN0dB=20.25,GRXdB=10,N0=0.00015848931798245758
packet_number=282,correct=True,payload=[0,1,2,3,4,5,6,7,8,9,10,11,12,13,14,15,16,17,18,19,20,21,22,23,24,25,26,27,28,29,30,31,32,33,34,35,36,37,38,39,40,41,42,43,44,45,46,47,48,49,50,51,52,53,54,55,56,57,58,59,60,61,62,63,64,65,66,67,68,69,70,71,72,73,74,75,76,77,78,79,80,81,82,83,84,85,86,87,88,89,90,91,92,93,94,95,96,97,98,99]
CFO=-996.9149641886742,STO=4
EsN0dB=20.23,GRXdB=10,N0=0.00015848931798245758
packet_number=283,correct=True,payload=[0,1,2,3,4,5,6,7,8,9,10,11,12,13,14,15,16,17,18,19,20,21,22,23,24,25,26,27,28,29,30,31,32,33,34,35,36,37,38,39,40,41,42,43,44,45,46,47,48,49,50,51,52,53,54,55,56,57,58,59,60,61,62,63,64,65,66,67,68,69,70,71,72,73,74,75,76,77,78,79,80,81,82,83,84,85,86,87,88,89,90,91,92,93,94,95,96,97,98,99]
CFO=-1072.8518453000797,STO=4
EsN0dB=20.26,GRXdB=10,N0=0.00015848931798245758
packet_number=284,correct=True,payload=[0,1,2,3,4,5,6,7,8,9,10,11,12,13,14,15,16,17,18,19,20,21,22,23,24,25,26,27,28,29,30,31,32,33,34,35,36,37,38,39,40,41,42,43,44,45,46,47,48,49,50,51,52,53,54,55,56,57,58,59,60,61,62,63,64,65,66,67,68,69,70,71,72,73,74,75,76,77,78,79,80,81,82,83,84,85,86,87,88,89,90,91,92,93,94,95,96,97,98,99]
CFO=-1045.2842057406542,STO=5
EsN0dB=20.20,GRXdB=10,N0=0.00015848931798245758
packet_number=285,correct=True,payload=[0,1,2,3,4,5,6,7,8,9,10,11,12,13,14,15,16,17,18,19,20,21,22,23,24,25,26,27,28,29,30,31,32,33,34,35,36,37,38,39,40,41,42,43,44,45,46,47,48,49,50,51,52,53,54,55,56,57,58,59,60,61,62,63,64,65,66,67,68,69,70,71,72,73,74,75,76,77,78,79,80,81,82,83,84,85,86,87,88,89,90,91,92,93,94,95,96,97,98,99]
CFO=-986.7976279009197,STO=4
EsN0dB=20.23,GRXdB=10,N0=0.00015848931798245758
packet_number=286,correct=True,payload=[0,1,2,3,4,5,6,7,8,9,10,11,12,13,14,15,16,17,18,19,20,21,22,23,24,25,26,27,28,29,30,31,32,33,34,35,36,37,38,39,40,41,42,43,44,45,46,47,48,49,50,51,52,53,54,55,56,57,58,59,60,61,62,63,64,65,66,67,68,69,70,71,72,73,74,75,76,77,78,79,80,81,82,83,84,85,86,87,88,89,90,91,92,93,94,95,96,97,98,99]
CFO=-1024.4186893043038,STO=5
EsN0dB=20.24,GRXdB=10,N0=0.00015848931798245758
packet_number=287,correct=True,payload=[0,1,2,3,4,5,6,7,8,9,10,11,12,13,14,15,16,17,18,19,20,21,22,23,24,25,26,27,28,29,30,31,32,33,34,35,36,37,38,39,40,41,42,43,44,45,46,47,48,49,50,51,52,53,54,55,56,57,58,59,60,61,62,63,64,65,66,67,68,69,70,71,72,73,74,75,76,77,78,79,80,81,82,83,84,85,86,87,88,89,90,91,92,93,94,95,96,97,98,99]
CFO=-1059.2545513461382,STO=5
EsN0dB=20.19,GRXdB=10,N0=0.00015848931798245758
packet_number=288,correct=True,payload=[0,1,2,3,4,5,6,7,8,9,10,11,12,13,14,15,16,17,18,19,20,21,22,23,24,25,26,27,28,29,30,31,32,33,34,35,36,37,38,39,40,41,42,43,44,45,46,47,48,49,50,51,52,53,54,55,56,57,58,59,60,61,62,63,64,65,66,67,68,69,70,71,72,73,74,75,76,77,78,79,80,81,82,83,84,85,86,87,88,89,90,91,92,93,94,95,96,97,98,99]
CFO=-1090.4432583827283,STO=5
EsN0dB=20.23,GRXdB=10,N0=0.00015848931798245758
packet_number=289,correct=True,payload=[0,1,2,3,4,5,6,7,8,9,10,11,12,13,14,15,16,17,18,19,20,21,22,23,24,25,26,27,28,29,30,31,32,33,34,35,36,37,38,39,40,41,42,43,44,45,46,47,48,49,50,51,52,53,54,55,56,57,58,59,60,61,62,63,64,65,66,67,68,69,70,71,72,73,74,75,76,77,78,79,80,81,82,83,84,85,86,87,88,89,90,91,92,93,94,95,96,97,98,99]
CFO=-1006.3670685103909,STO=4
EsN0dB=20.26,GRXdB=10,N0=0.00015848931798245758
packet_number=290,correct=True,payload=[0,1,2,3,4,5,6,7,8,9,10,11,12,13,14,15,16,17,18,19,20,21,22,23,24,25,26,27,28,29,30,31,32,33,34,35,36,37,38,39,40,41,42,43,44,45,46,47,48,49,50,51,52,53,54,55,56,57,58,59,60,61,62,63,64,65,66,67,68,69,70,71,72,73,74,75,76,77,78,79,80,81,82,83,84,85,86,87,88,89,90,91,92,93,94,95,96,97,98,99]
CFO=-1034.0806796473908,STO=5
EsN0dB=20.20,GRXdB=10,N0=0.00015848931798245758
packet_number=291,correct=True,payload=[0,1,2,3,4,5,6,7,8,9,10,11,12,13,14,15,16,17,18,19,20,21,22,23,24,25,26,27,28,29,30,31,32,33,34,35,36,37,38,39,40,41,42,43,44,45,46,47,48,49,50,51,52,53,54,55,56,57,58,59,60,61,62,63,64,65,66,67,68,69,70,71,72,73,74,75,76,77,78,79,80,81,82,83,84,85,86,87,88,89,90,91,92,93,94,95,96,97,98,99]
CFO=-1009.4321159004342,STO=4
EsN0dB=20.25,GRXdB=10,N0=0.00015848931798245758
packet_number=292,correct=True,payload=[0,1,2,3,4,5,6,7,8,9,10,11,12,13,14,15,16,17,18,19,20,21,22,23,24,25,26,27,28,29,30,31,32,33,34,35,36,37,38,39,40,41,42,43,44,45,46,47,48,49,50,51,52,53,54,55,56,57,58,59,60,61,62,63,64,65,66,67,68,69,70,71,72,73,74,75,76,77,78,79,80,81,82,83,84,85,86,87,88,89,90,91,92,93,94,95,96,97,98,99]
CFO=-1024.8596871085274,STO=5
EsN0dB=20.22,GRXdB=10,N0=0.00015848931798245758
packet_number=293,correct=True,payload=[0,1,2,3,4,5,6,7,8,9,10,11,12,13,14,15,16,17,18,19,20,21,22,23,24,25,26,27,28,29,30,31,32,33,34,35,36,37,38,39,40,41,42,43,44,45,46,47,48,49,50,51,52,53,54,55,56,57,58,59,60,61,62,63,64,65,66,67,68,69,70,71,72,73,74,75,76,77,78,79,80,81,82,83,84,85,86,87,88,89,90,91,92,93,94,95,96,97,98,99]
CFO=-1066.8543225945084,STO=4
EsN0dB=20.22,GRXdB=10,N0=0.00015848931798245758
packet_number=294,correct=True,payload=[0,1,2,3,4,5,6,7,8,9,10,11,12,13,14,15,16,17,18,19,20,21,22,23,24,25,26,27,28,29,30,31,32,33,34,35,36,37,38,39,40,41,42,43,44,45,46,47,48,49,50,51,52,53,54,55,56,57,58,59,60,61,62,63,64,65,66,67,68,69,70,71,72,73,74,75,76,77,78,79,80,81,82,83,84,85,86,87,88,89,90,91,92,93,94,95,96,97,98,99]
CFO=-993.1026276988147,STO=4
EsN0dB=20.25,GRXdB=10,N0=0.00015848931798245758
packet_number=295,correct=True,payload=[0,1,2,3,4,5,6,7,8,9,10,11,12,13,14,15,16,17,18,19,20,21,22,23,24,25,26,27,28,29,30,31,32,33,34,35,36,37,38,39,40,41,42,43,44,45,46,47,48,49,50,51,52,53,54,55,56,57,58,59,60,61,62,63,64,65,66,67,68,69,70,71,72,73,74,75,76,77,78,79,80,81,82,83,84,85,86,87,88,89,90,91,92,93,94,95,96,97,98,99]
CFO=-963.5014653255603,STO=4
EsN0dB=20.20,GRXdB=10,N0=0.00015848931798245758
packet_number=296,correct=True,payload=[0,1,2,3,4,5,6,7,8,9,10,11,12,13,14,15,16,17,18,19,20,21,22,23,24,25,26,27,28,29,30,31,32,33,34,35,36,37,38,39,40,41,42,43,44,45,46,47,48,49,50,51,52,53,54,55,56,57,58,59,60,61,62,63,64,65,66,67,68,69,70,71,72,73,74,75,76,77,78,79,80,81,82,83,84,85,86,87,88,89,90,91,92,93,94,95,96,97,98,99]
CFO=-1039.916933997559,STO=5
EsN0dB=20.21,GRXdB=10,N0=0.00015848931798245758
packet_number=297,correct=True,payload=[0,1,2,3,4,5,6,7,8,9,10,11,12,13,14,15,16,17,18,19,20,21,22,23,24,25,26,27,28,29,30,31,32,33,34,35,36,37,38,39,40,41,42,43,44,45,46,47,48,49,50,51,52,53,54,55,56,57,58,59,60,61,62,63,64,65,66,67,68,69,70,71,72,73,74,75,76,77,78,79,80,81,82,83,84,85,86,87,88,89,90,91,92,93,94,95,96,97,98,99]
CFO=-1002.5944562110167,STO=5
EsN0dB=20.22,GRXdB=10,N0=0.00015848931798245758
packet_number=298,correct=True,payload=[0,1,2,3,4,5,6,7,8,9,10,11,12,13,14,15,16,17,18,19,20,21,22,23,24,25,26,27,28,29,30,31,32,33,34,35,36,37,38,39,40,41,42,43,44,45,46,47,48,49,50,51,52,53,54,55,56,57,58,59,60,61,62,63,64,65,66,67,68,69,70,71,72,73,74,75,76,77,78,79,80,81,82,83,84,85,86,87,88,89,90,91,92,93,94,95,96,97,98,99]
CFO=-959.0560912509071,STO=4
EsN0dB=20.22,GRXdB=10,N0=0.00015848931798245758
packet_number=299,correct=True,payload=[0,1,2,3,4,5,6,7,8,9,10,11,12,13,14,15,16,17,18,19,20,21,22,23,24,25,26,27,28,29,30,31,32,33,34,35,36,37,38,39,40,41,42,43,44,45,46,47,48,49,50,51,52,53,54,55,56,57,58,59,60,61,62,63,64,65,66,67,68,69,70,71,72,73,74,75,76,77,78,79,80,81,82,83,84,85,86,87,88,89,90,91,92,93,94,95,96,97,98,99]
CFO=-1081.0371629741705,STO=4
EsN0dB=20.20,GRXdB=10,N0=0.00015848931798245758
packet_number=300,correct=True,payload=[0,1,2,3,4,5,6,7,8,9,10,11,12,13,14,15,16,17,18,19,20,21,22,23,24,25,26,27,28,29,30,31,32,33,34,35,36,37,38,39,40,41,42,43,44,45,46,47,48,49,50,51,52,53,54,55,56,57,58,59,60,61,62,63,64,65,66,67,68,69,70,71,72,73,74,75,76,77,78,79,80,81,82,83,84,85,86,87,88,89,90,91,92,93,94,95,96,97,98,99]
CFO=-954.3005127514491,STO=5
EsN0dB=19.23,GRXdB=10,N0=0.0001995262282434851
packet_number=301,correct=True,payload=[0,1,2,3,4,5,6,7,8,9,10,11,12,13,14,15,16,17,18,19,20,21,22,23,24,25,26,27,28,29,30,31,32,33,34,35,36,37,38,39,40,41,42,43,44,45,46,47,48,49,50,51,52,53,54,55,56,57,58,59,60,61,62,63,64,65,66,67,68,69,70,71,72,73,74,75,76,77,78,79,80,81,82,83,84,85,86,87,88,89,90,91,92,93,94,95,96,97,98,99]
CFO=-1128.8845353848794,STO=4
EsN0dB=19.26,GRXdB=10,N0=0.0001995262282434851
packet_number=302,correct=True,payload=[0,1,2,3,4,5,6,7,8,9,10,11,12,13,14,15,16,17,18,19,20,21,22,23,24,25,26,27,28,29,30,31,32,33,34,35,36,37,38,39,40,41,42,43,44,45,46,47,48,49,50,51,52,53,54,55,56,57,58,59,60,61,62,63,64,65,66,67,68,69,70,71,72,73,74,75,76,77,78,79,80,81,82,83,84,85,86,87,88,89,90,91,92,93,94,95,96,97,98,99]
CFO=-1000.098828411154,STO=4
EsN0dB=19.26,GRXdB=10,N0=0.0001995262282434851
packet_number=303,correct=True,payload=[0,1,2,3,4,5,6,7,8,9,10,11,12,13,14,15,16,17,18,19,20,21,22,23,24,25,26,27,28,29,30,31,32,33,34,35,36,37,38,39,40,41,42,43,44,45,46,47,48,49,50,51,52,53,54,55,56,57,58,59,60,61,62,63,64,65,66,67,68,69,70,71,72,73,74,75,76,77,78,79,80,81,82,83,84,85,86,87,88,89,90,91,92,93,94,95,96,97,98,99]
CFO=-1048.5864124768784,STO=5
EsN0dB=19.21,GRXdB=10,N0=0.0001995262282434851
packet_number=304,correct=True,payload=[0,1,2,3,4,5,6,7,8,9,10,11,12,13,14,15,16,17,18,19,20,21,22,23,24,25,26,27,28,29,30,31,32,33,34,35,36,37,38,39,40,41,42,43,44,45,46,47,48,49,50,51,52,53,54,55,56,57,58,59,60,61,62,63,64,65,66,67,68,69,70,71,72,73,74,75,76,77,78,79,80,81,82,83,84,85,86,87,88,89,90,91,92,93,94,95,96,97,98,99]
CFO=-1071.114771668977,STO=5
EsN0dB=19.21,GRXdB=10,N0=0.0001995262282434851
packet_number=305,correct=True,payload=[0,1,2,3,4,5,6,7,8,9,10,11,12,13,14,15,16,17,18,19,20,21,22,23,24,25,26,27,28,29,30,31,32,33,34,35,36,37,38,39,40,41,42,43,44,45,46,47,48,49,50,51,52,53,54,55,56,57,58,59,60,61,62,63,64,65,66,67,68,69,70,71,72,73,74,75,76,77,78,79,80,81,82,83,84,85,86,87,88,89,90,91,92,93,94,95,96,97,98,99]
CFO=-1057.168141998111,STO=4
EsN0dB=19.23,GRXdB=10,N0=0.0001995262282434851
packet_number=306,correct=True,payload=[0,1,2,3,4,5,6,7,8,9,10,11,12,13,14,15,16,17,18,19,20,21,22,23,24,25,26,27,28,29,30,31,32,33,34,35,36,37,38,39,40,41,42,43,44,45,46,47,48,49,50,51,52,53,54,55,56,57,58,59,60,61,62,63,64,65,66,67,68,69,70,71,72,73,74,75,76,77,78,79,80,81,82,83,84,85,86,87,88,89,90,91,92,93,94,95,96,97,98,99]
CFO=-1012.9312834736617,STO=5
EsN0dB=19.23,GRXdB=10,N0=0.0001995262282434851
packet_number=307,correct=True,payload=[0,1,2,3,4,5,6,7,8,9,10,11,12,13,14,15,16,17,18,19,20,21,22,23,24,25,26,27,28,29,30,31,32,33,34,35,36,37,38,39,40,41,42,43,44,45,46,47,48,49,50,51,52,53,54,55,56,57,58,59,60,61,62,63,64,65,66,67,68,69,70,71,72,73,74,75,76,77,78,79,80,81,82,83,84,85,86,87,88,89,90,91,92,93,94,95,96,97,98,99]
CFO=-982.5840177973218,STO=5
EsN0dB=19.25,GRXdB=10,N0=0.0001995262282434851
packet_number=308,correct=True,payload=[0,1,2,3,4,5,6,7,8,9,10,11,12,13,14,15,16,17,18,19,20,21,22,23,24,25,26,27,28,29,30,31,32,33,34,35,36,37,38,39,40,41,42,43,44,45,46,47,48,49,50,51,52,53,54,55,56,57,58,59,60,61,62,63,64,65,66,67,68,69,70,71,72,73,74,75,76,77,78,79,80,81,82,83,84,85,86,87,88,89,90,91,92,93,94,95,96,97,98,99]
CFO=-1005.37135499545,STO=4
EsN0dB=19.22,GRXdB=10,N0=0.0001995262282434851
packet_number=309,correct=True,payload=[0,1,2,3,4,5,6,7,8,9,10,11,12,13,14,15,16,17,18,19,20,21,22,23,24,25,26,27,28,29,30,31,32,33,34,35,36,37,38,39,40,41,42,43,44,45,46,47,48,49,50,51,52,53,54,55,56,57,58,59,60,61,62,63,64,65,66,67,68,69,70,71,72,73,74,75,76,77,78,79,80,81,82,83,84,85,86,87,88,89,90,91,92,93,94,95,96,97,98,99]
CFO=-1029.7483712910293,STO=2
EsN0dB=19.22,GRXdB=10,N0=0.0001995262282434851
packet_number=310,correct=True,payload=[0,1,2,3,4,5,6,7,8,9,10,11,12,13,14,15,16,17,18,19,20,21,22,23,24,25,26,27,28,29,30,31,32,33,34,35,36,37,38,39,40,41,42,43,44,45,46,47,48,49,50,51,52,53,54,55,56,57,58,59,60,61,62,63,64,65,66,67,68,69,70,71,72,73,74,75,76,77,78,79,80,81,82,83,84,85,86,87,88,89,90,91,92,93,94,95,96,97,98,99]
CFO=-1057.0401945308463,STO=4
EsN0dB=19.21,GRXdB=10,N0=0.0001995262282434851
packet_number=311,correct=True,payload=[0,1,2,3,4,5,6,7,8,9,10,11,12,13,14,15,16,17,18,19,20,21,22,23,24,25,26,27,28,29,30,31,32,33,34,35,36,37,38,39,40,41,42,43,44,45,46,47,48,49,50,51,52,53,54,55,56,57,58,59,60,61,62,63,64,65,66,67,68,69,70,71,72,73,74,75,76,77,78,79,80,81,82,83,84,85,86,87,88,89,90,91,92,93,94,95,96,97,98,99]
CFO=-1061.5934168181752,STO=4
EsN0dB=19.22,GRXdB=10,N0=0.0001995262282434851
packet_number=312,correct=True,payload=[0,1,2,3,4,5,6,7,8,9,10,11,12,13,14,15,16,17,18,19,20,21,22,23,24,25,26,27,28,29,30,31,32,33,34,35,36,37,38,39,40,41,42,43,44,45,46,47,48,49,50,51,52,53,54,55,56,57,58,59,60,61,62,63,64,65,66,67,68,69,70,71,72,73,74,75,76,77,78,79,80,81,82,83,84,85,86,87,88,89,90,91,92,93,94,95,96,97,98,99]
CFO=-1077.1440737269365,STO=4
EsN0dB=19.24,GRXdB=10,N0=0.0001995262282434851
packet_number=313,correct=True,payload=[0,1,2,3,4,5,6,7,8,9,10,11,12,13,14,15,16,17,18,19,20,21,22,23,24,25,26,27,28,29,30,31,32,33,34,35,36,37,38,39,40,41,42,43,44,45,46,47,48,49,50,51,52,53,54,55,56,57,58,59,60,61,62,63,64,65,66,67,68,69,70,71,72,73,74,75,76,77,78,79,80,81,82,83,84,85,86,87,88,89,90,91,92,93,94,95,96,97,98,99]
CFO=-955.9978621920666,STO=5
EsN0dB=19.26,GRXdB=10,N0=0.0001995262282434851
packet_number=314,correct=True,payload=[0,1,2,3,4,5,6,7,8,9,10,11,12,13,14,15,16,17,18,19,20,21,22,23,24,25,26,27,28,29,30,31,32,33,34,35,36,37,38,39,40,41,42,43,44,45,46,47,48,49,50,51,52,53,54,55,56,57,58,59,60,61,62,63,64,65,66,67,68,69,70,71,72,73,74,75,76,77,78,79,80,81,82,83,84,85,86,87,88,89,90,91,92,93,94,95,96,97,98,99]
CFO=-1086.5719877953427,STO=5
EsN0dB=19.24,GRXdB=10,N0=0.0001995262282434851
packet_number=315,correct=True,payload=[0,1,2,3,4,5,6,7,8,9,10,11,12,13,14,15,16,17,18,19,20,21,22,23,24,25,26,27,28,29,30,31,32,33,34,35,36,37,38,39,40,41,42,43,44,45,46,47,48,49,50,51,52,53,54,55,56,57,58,59,60,61,62,63,64,65,66,67,68,69,70,71,72,73,74,75,76,77,78,79,80,81,82,83,84,85,86,87,88,89,90,91,92,93,94,95,96,97,98,99]
CFO=-1037.3037937416636,STO=5
EsN0dB=19.25,GRXdB=10,N0=0.0001995262282434851
packet_number=316,correct=True,payload=[0,1,2,3,4,5,6,7,8,9,10,11,12,13,14,15,16,17,18,19,20,21,22,23,24,25,26,27,28,29,30,31,32,33,34,35,36,37,38,39,40,41,42,43,44,45,46,47,48,49,50,51,52,53,54,55,56,57,58,59,60,61,62,63,64,65,66,67,68,69,70,71,72,73,74,75,76,77,78,79,80,81,82,83,84,85,86,87,88,89,90,91,92,93,94,95,96,97,98,99]
CFO=-1072.6788375570407,STO=5
EsN0dB=19.21,GRXdB=10,N0=0.0001995262282434851
packet_number=317,correct=True,payload=[0,1,2,3,4,5,6,7,8,9,10,11,12,13,14,15,16,17,18,19,20,21,22,23,24,25,26,27,28,29,30,31,32,33,34,35,36,37,38,39,40,41,42,43,44,45,46,47,48,49,50,51,52,53,54,55,56,57,58,59,60,61,62,63,64,65,66,67,68,69,70,71,72,73,74,75,76,77,78,79,80,81,82,83,84,85,86,87,88,89,90,91,92,93,94,95,96,97,98,99]
CFO=-1050.4794183780953,STO=4
EsN0dB=19.19,GRXdB=10,N0=0.0001995262282434851
packet_number=318,correct=True,payload=[0,1,2,3,4,5,6,7,8,9,10,11,12,13,14,15,16,17,18,19,20,21,22,23,24,25,26,27,28,29,30,31,32,33,34,35,36,37,38,39,40,41,42,43,44,45,46,47,48,49,50,51,52,53,54,55,56,57,58,59,60,61,62,63,64,65,66,67,68,69,70,71,72,73,74,75,76,77,78,79,80,81,82,83,84,85,86,87,88,89,90,91,92,93,94,95,96,97,98,99]
CFO=-1029.6698715474436,STO=5
EsN0dB=19.29,GRXdB=10,N0=0.0001995262282434851
packet_number=319,correct=True,payload=[0,1,2,3,4,5,6,7,8,9,10,11,12,13,14,15,16,17,18,19,20,21,22,23,24,25,26,27,28,29,30,31,32,33,34,35,36,37,38,39,40,41,42,43,44,45,46,47,48,49,50,51,52,53,54,55,56,57,58,59,60,61,62,63,64,65,66,67,68,69,70,71,72,73,74,75,76,77,78,79,80,81,82,83,84,85,86,87,88,89,90,91,92,93,94,95,96,97,98,99]
CFO=-1053.4511435654163,STO=5
EsN0dB=19.21,GRXdB=10,N0=0.0001995262282434851
packet_number=320,correct=True,payload=[0,1,2,3,4,5,6,7,8,9,10,11,12,13,14,15,16,17,18,19,20,21,22,23,24,25,26,27,28,29,30,31,32,33,34,35,36,37,38,39,40,41,42,43,44,45,46,47,48,49,50,51,52,53,54,55,56,57,58,59,60,61,62,63,64,65,66,67,68,69,70,71,72,73,74,75,76,77,78,79,80,81,82,83,84,85,86,87,88,89,90,91,92,93,94,95,96,97,98,99]
CFO=-1029.464965872343,STO=4
EsN0dB=19.27,GRXdB=10,N0=0.0001995262282434851
packet_number=321,correct=True,payload=[0,1,2,3,4,5,6,7,8,9,10,11,12,13,14,15,16,17,18,19,20,21,22,23,24,25,26,27,28,29,30,31,32,33,34,35,36,37,38,39,40,41,42,43,44,45,46,47,48,49,50,51,52,53,54,55,56,57,58,59,60,61,62,63,64,65,66,67,68,69,70,71,72,73,74,75,76,77,78,79,80,81,82,83,84,85,86,87,88,89,90,91,92,93,94,95,96,97,98,99]
CFO=-1047.3094279773668,STO=5
EsN0dB=19.24,GRXdB=10,N0=0.0001995262282434851
packet_number=322,correct=True,payload=[0,1,2,3,4,5,6,7,8,9,10,11,12,13,14,15,16,17,18,19,20,21,22,23,24,25,26,27,28,29,30,31,32,33,34,35,36,37,38,39,40,41,42,43,44,45,46,47,48,49,50,51,52,53,54,55,56,57,58,59,60,61,62,63,64,65,66,67,68,69,70,71,72,73,74,75,76,77,78,79,80,81,82,83,84,85,86,87,88,89,90,91,92,93,94,95,96,97,98,99]
CFO=-1104.7348363226145,STO=5
EsN0dB=19.30,GRXdB=10,N0=0.0001995262282434851
packet_number=323,correct=True,payload=[0,1,2,3,4,5,6,7,8,9,10,11,12,13,14,15,16,17,18,19,20,21,22,23,24,25,26,27,28,29,30,31,32,33,34,35,36,37,38,39,40,41,42,43,44,45,46,47,48,49,50,51,52,53,54,55,56,57,58,59,60,61,62,63,64,65,66,67,68,69,70,71,72,73,74,75,76,77,78,79,80,81,82,83,84,85,86,87,88,89,90,91,92,93,94,95,96,97,98,99]
CFO=-1009.8050489723038,STO=4
EsN0dB=19.26,GRXdB=10,N0=0.0001995262282434851
packet_number=324,correct=True,payload=[0,1,2,3,4,5,6,7,8,9,10,11,12,13,14,15,16,17,18,19,20,21,22,23,24,25,26,27,28,29,30,31,32,33,34,35,36,37,38,39,40,41,42,43,44,45,46,47,48,49,50,51,52,53,54,55,56,57,58,59,60,61,62,63,64,65,66,67,68,69,70,71,72,73,74,75,76,77,78,79,80,81,82,83,84,85,86,87,88,89,90,91,92,93,94,95,96,97,98,99]
CFO=-1105.3295133831634,STO=4
EsN0dB=19.22,GRXdB=10,N0=0.0001995262282434851
packet_number=325,correct=True,payload=[0,1,2,3,4,5,6,7,8,9,10,11,12,13,14,15,16,17,18,19,20,21,22,23,24,25,26,27,28,29,30,31,32,33,34,35,36,37,38,39,40,41,42,43,44,45,46,47,48,49,50,51,52,53,54,55,56,57,58,59,60,61,62,63,64,65,66,67,68,69,70,71,72,73,74,75,76,77,78,79,80,81,82,83,84,85,86,87,88,89,90,91,92,93,94,95,96,97,98,99]
CFO=-1071.2586088124358,STO=5
EsN0dB=19.21,GRXdB=10,N0=0.0001995262282434851
packet_number=326,correct=True,payload=[0,1,2,3,4,5,6,7,8,9,10,11,12,13,14,15,16,17,18,19,20,21,22,23,24,25,26,27,28,29,30,31,32,33,34,35,36,37,38,39,40,41,42,43,44,45,46,47,48,49,50,51,52,53,54,55,56,57,58,59,60,61,62,63,64,65,66,67,68,69,70,71,72,73,74,75,76,77,78,79,80,81,82,83,84,85,86,87,88,89,90,91,92,93,94,95,96,97,98,99]
CFO=-1021.5476382594367,STO=4
EsN0dB=19.27,GRXdB=10,N0=0.0001995262282434851
packet_number=327,correct=True,payload=[0,1,2,3,4,5,6,7,8,9,10,11,12,13,14,15,16,17,18,19,20,21,22,23,24,25,26,27,28,29,30,31,32,33,34,35,36,37,38,39,40,41,42,43,44,45,46,47,48,49,50,51,52,53,54,55,56,57,58,59,60,61,62,63,64,65,66,67,68,69,70,71,72,73,74,75,76,77,78,79,80,81,82,83,84,85,86,87,88,89,90,91,92,93,94,95,96,97,98,99]
CFO=-1006.0740581381843,STO=4
EsN0dB=19.23,GRXdB=10,N0=0.0001995262282434851
packet_number=328,correct=True,payload=[0,1,2,3,4,5,6,7,8,9,10,11,12,13,14,15,16,17,18,19,20,21,22,23,24,25,26,27,28,29,30,31,32,33,34,35,36,37,38,39,40,41,42,43,44,45,46,47,48,49,50,51,52,53,54,55,56,57,58,59,60,61,62,63,64,65,66,67,68,69,70,71,72,73,74,75,76,77,78,79,80,81,82,83,84,85,86,87,88,89,90,91,92,93,94,95,96,97,98,99]
CFO=-1031.789364624263,STO=4
EsN0dB=19.18,GRXdB=10,N0=0.0001995262282434851
packet_number=329,correct=True,payload=[0,1,2,3,4,5,6,7,8,9,10,11,12,13,14,15,16,17,18,19,20,21,22,23,24,25,26,27,28,29,30,31,32,33,34,35,36,37,38,39,40,41,42,43,44,45,46,47,48,49,50,51,52,53,54,55,56,57,58,59,60,61,62,63,64,65,66,67,68,69,70,71,72,73,74,75,76,77,78,79,80,81,82,83,84,85,86,87,88,89,90,91,92,93,94,95,96,97,98,99]
CFO=-1001.6269646582714,STO=4
EsN0dB=19.25,GRXdB=10,N0=0.0001995262282434851
packet_number=330,correct=True,payload=[0,1,2,3,4,5,6,7,8,9,10,11,12,13,14,15,16,17,18,19,20,21,22,23,24,25,26,27,28,29,30,31,32,33,34,35,36,37,38,39,40,41,42,43,44,45,46,47,48,49,50,51,52,53,54,55,56,57,58,59,60,61,62,63,64,65,66,67,68,69,70,71,72,73,74,75,76,77,78,79,80,81,82,83,84,85,86,87,88,89,90,91,92,93,94,95,96,97,98,99]
CFO=-1016.1647139994934,STO=6
EsN0dB=19.23,GRXdB=10,N0=0.0001995262282434851
packet_number=331,correct=True,payload=[0,1,2,3,4,5,6,7,8,9,10,11,12,13,14,15,16,17,18,19,20,21,22,23,24,25,26,27,28,29,30,31,32,33,34,35,36,37,38,39,40,41,42,43,44,45,46,47,48,49,50,51,52,53,54,55,56,57,58,59,60,61,62,63,64,65,66,67,68,69,70,71,72,73,74,75,76,77,78,79,80,81,82,83,84,85,86,87,88,89,90,91,92,93,94,95,96,97,98,99]
CFO=-1026.279322954767,STO=4
EsN0dB=19.21,GRXdB=10,N0=0.0001995262282434851
packet_number=332,correct=True,payload=[0,1,2,3,4,5,6,7,8,9,10,11,12,13,14,15,16,17,18,19,20,21,22,23,24,25,26,27,28,29,30,31,32,33,34,35,36,37,38,39,40,41,42,43,44,45,46,47,48,49,50,51,52,53,54,55,56,57,58,59,60,61,62,63,64,65,66,67,68,69,70,71,72,73,74,75,76,77,78,79,80,81,82,83,84,85,86,87,88,89,90,91,92,93,94,95,96,97,98,99]
CFO=-974.3030063270469,STO=0
EsN0dB=19.22,GRXdB=10,N0=0.0001995262282434851
packet_number=333,correct=True,payload=[0,1,2,3,4,5,6,7,8,9,10,11,12,13,14,15,16,17,18,19,20,21,22,23,24,25,26,27,28,29,30,31,32,33,34,35,36,37,38,39,40,41,42,43,44,45,46,47,48,49,50,51,52,53,54,55,56,57,58,59,60,61,62,63,64,65,66,67,68,69,70,71,72,73,74,75,76,77,78,79,80,81,82,83,84,85,86,87,88,89,90,91,92,93,94,95,96,97,98,99]
CFO=-1046.3695654884516,STO=5
EsN0dB=19.24,GRXdB=10,N0=0.0001995262282434851
packet_number=334,correct=True,payload=[0,1,2,3,4,5,6,7,8,9,10,11,12,13,14,15,16,17,18,19,20,21,22,23,24,25,26,27,28,29,30,31,32,33,34,35,36,37,38,39,40,41,42,43,44,45,46,47,48,49,50,51,52,53,54,55,56,57,58,59,60,61,62,63,64,65,66,67,68,69,70,71,72,73,74,75,76,77,78,79,80,81,82,83,84,85,86,87,88,89,90,91,92,93,94,95,96,97,98,99]
CFO=-968.3833904666961,STO=5
EsN0dB=19.26,GRXdB=10,N0=0.0001995262282434851
packet_number=335,correct=True,payload=[0,1,2,3,4,5,6,7,8,9,10,11,12,13,14,15,16,17,18,19,20,21,22,23,24,25,26,27,28,29,30,31,32,33,34,35,36,37,38,39,40,41,42,43,44,45,46,47,48,49,50,51,52,53,54,55,56,57,58,59,60,61,62,63,64,65,66,67,68,69,70,71,72,73,74,75,76,77,78,79,80,81,82,83,84,85,86,87,88,89,90,91,92,93,94,95,96,97,98,99]
CFO=-1088.4296569539786,STO=5
EsN0dB=19.20,GRXdB=10,N0=0.0001995262282434851
packet_number=336,correct=True,payload=[0,1,2,3,4,5,6,7,8,9,10,11,12,13,14,15,16,17,18,19,20,21,22,23,24,25,26,27,28,29,30,31,32,33,34,35,36,37,38,39,40,41,42,43,44,45,46,47,48,49,50,51,52,53,54,55,56,57,58,59,60,61,62,63,64,65,66,67,68,69,70,71,72,73,74,75,76,77,78,79,80,81,82,83,84,85,86,87,88,89,90,91,92,93,94,95,96,97,98,99]
CFO=-1010.579848556277,STO=4
EsN0dB=19.26,GRXdB=10,N0=0.0001995262282434851
packet_number=337,correct=True,payload=[0,1,2,3,4,5,6,7,8,9,10,11,12,13,14,15,16,17,18,19,20,21,22,23,24,25,26,27,28,29,30,31,32,33,34,35,36,37,38,39,40,41,42,43,44,45,46,47,48,49,50,51,52,53,54,55,56,57,58,59,60,61,62,63,64,65,66,67,68,69,70,71,72,73,74,75,76,77,78,79,80,81,82,83,84,85,86,87,88,89,90,91,92,93,94,95,96,97,98,99]
CFO=-966.7703511736461,STO=4
EsN0dB=19.19,GRXdB=10,N0=0.0001995262282434851
packet_number=338,correct=True,payload=[0,1,2,3,4,5,6,7,8,9,10,11,12,13,14,15,16,17,18,19,20,21,22,23,24,25,26,27,28,29,30,31,32,33,34,35,36,37,38,39,40,41,42,43,44,45,46,47,48,49,50,51,52,53,54,55,56,57,58,59,60,61,62,63,64,65,66,67,68,69,70,71,72,73,74,75,76,77,78,79,80,81,82,83,84,85,86,87,88,89,90,91,92,93,94,95,96,97,98,99]
CFO=-1054.120644399685,STO=5
EsN0dB=19.30,GRXdB=10,N0=0.0001995262282434851
packet_number=339,correct=True,payload=[0,1,2,3,4,5,6,7,8,9,10,11,12,13,14,15,16,17,18,19,20,21,22,23,24,25,26,27,28,29,30,31,32,33,34,35,36,37,38,39,40,41,42,43,44,45,46,47,48,49,50,51,52,53,54,55,56,57,58,59,60,61,62,63,64,65,66,67,68,69,70,71,72,73,74,75,76,77,78,79,80,81,82,83,84,85,86,87,88,89,90,91,92,93,94,95,96,97,98,99]
CFO=-1045.0155042014312,STO=4
EsN0dB=19.27,GRXdB=10,N0=0.0001995262282434851
packet_number=340,correct=True,payload=[0,1,2,3,4,5,6,7,8,9,10,11,12,13,14,15,16,17,18,19,20,21,22,23,24,25,26,27,28,29,30,31,32,33,34,35,36,37,38,39,40,41,42,43,44,45,46,47,48,49,50,51,52,53,54,55,56,57,58,59,60,61,62,63,64,65,66,67,68,69,70,71,72,73,74,75,76,77,78,79,80,81,82,83,84,85,86,87,88,89,90,91,92,93,94,95,96,97,98,99]
CFO=-1039.3402810473199,STO=5
EsN0dB=19.26,GRXdB=10,N0=0.0001995262282434851
packet_number=341,correct=True,payload=[0,1,2,3,4,5,6,7,8,9,10,11,12,13,14,15,16,17,18,19,20,21,22,23,24,25,26,27,28,29,30,31,32,33,34,35,36,37,38,39,40,41,42,43,44,45,46,47,48,49,50,51,52,53,54,55,56,57,58,59,60,61,62,63,64,65,66,67,68,69,70,71,72,73,74,75,76,77,78,79,80,81,82,83,84,85,86,87,88,89,90,91,92,93,94,95,96,97,98,99]
CFO=-1048.5108772251199,STO=5
EsN0dB=19.29,GRXdB=10,N0=0.0001995262282434851
packet_number=342,correct=True,payload=[0,1,2,3,4,5,6,7,8,9,10,11,12,13,14,15,16,17,18,19,20,21,22,23,24,25,26,27,28,29,30,31,32,33,34,35,36,37,38,39,40,41,42,43,44,45,46,47,48,49,50,51,52,53,54,55,56,57,58,59,60,61,62,63,64,65,66,67,68,69,70,71,72,73,74,75,76,77,78,79,80,81,82,83,84,85,86,87,88,89,90,91,92,93,94,95,96,97,98,99]
CFO=-1016.9861153949913,STO=4
EsN0dB=19.22,GRXdB=10,N0=0.0001995262282434851
packet_number=343,correct=True,payload=[0,1,2,3,4,5,6,7,8,9,10,11,12,13,14,15,16,17,18,19,20,21,22,23,24,25,26,27,28,29,30,31,32,33,34,35,36,37,38,39,40,41,42,43,44,45,46,47,48,49,50,51,52,53,54,55,56,57,58,59,60,61,62,63,64,65,66,67,68,69,70,71,72,73,74,75,76,77,78,79,80,81,82,83,84,85,86,87,88,89,90,91,92,93,94,95,96,97,98,99]
CFO=-1098.3521668388453,STO=4
EsN0dB=19.29,GRXdB=10,N0=0.0001995262282434851
packet_number=344,correct=True,payload=[0,1,2,3,4,5,6,7,8,9,10,11,12,13,14,15,16,17,18,19,20,21,22,23,24,25,26,27,28,29,30,31,32,33,34,35,36,37,38,39,40,41,42,43,44,45,46,47,48,49,50,51,52,53,54,55,56,57,58,59,60,61,62,63,64,65,66,67,68,69,70,71,72,73,74,75,76,77,78,79,80,81,82,83,84,85,86,87,88,89,90,91,92,93,94,95,96,97,98,99]
CFO=-1025.9876169589643,STO=4
EsN0dB=19.19,GRXdB=10,N0=0.0001995262282434851
packet_number=345,correct=True,payload=[0,1,2,3,4,5,6,7,8,9,10,11,12,13,14,15,16,17,18,19,20,21,22,23,24,25,26,27,28,29,30,31,32,33,34,35,36,37,38,39,40,41,42,43,44,45,46,47,48,49,50,51,52,53,54,55,56,57,58,59,60,61,62,63,64,65,66,67,68,69,70,71,72,73,74,75,76,77,78,79,80,81,82,83,84,85,86,87,88,89,90,91,92,93,94,95,96,97,98,99]
CFO=-929.8284548478878,STO=5
EsN0dB=19.26,GRXdB=10,N0=0.0001995262282434851
packet_number=346,correct=True,payload=[0,1,2,3,4,5,6,7,8,9,10,11,12,13,14,15,16,17,18,19,20,21,22,23,24,25,26,27,28,29,30,31,32,33,34,35,36,37,38,39,40,41,42,43,44,45,46,47,48,49,50,51,52,53,54,55,56,57,58,59,60,61,62,63,64,65,66,67,68,69,70,71,72,73,74,75,76,77,78,79,80,81,82,83,84,85,86,87,88,89,90,91,92,93,94,95,96,97,98,99]
CFO=-1003.0077063717371,STO=3
EsN0dB=19.24,GRXdB=10,N0=0.0001995262282434851
packet_number=347,correct=True,payload=[0,1,2,3,4,5,6,7,8,9,10,11,12,13,14,15,16,17,18,19,20,21,22,23,24,25,26,27,28,29,30,31,32,33,34,35,36,37,38,39,40,41,42,43,44,45,46,47,48,49,50,51,52,53,54,55,56,57,58,59,60,61,62,63,64,65,66,67,68,69,70,71,72,73,74,75,76,77,78,79,80,81,82,83,84,85,86,87,88,89,90,91,92,93,94,95,96,97,98,99]
CFO=-1096.5644596873328,STO=4
EsN0dB=19.19,GRXdB=10,N0=0.0001995262282434851
packet_number=348,correct=True,payload=[0,1,2,3,4,5,6,7,8,9,10,11,12,13,14,15,16,17,18,19,20,21,22,23,24,25,26,27,28,29,30,31,32,33,34,35,36,37,38,39,40,41,42,43,44,45,46,47,48,49,50,51,52,53,54,55,56,57,58,59,60,61,62,63,64,65,66,67,68,69,70,71,72,73,74,75,76,77,78,79,80,81,82,83,84,85,86,87,88,89,90,91,92,93,94,95,96,97,98,99]
CFO=-1111.2832801893642,STO=4
EsN0dB=19.21,GRXdB=10,N0=0.0001995262282434851
packet_number=349,correct=True,payload=[0,1,2,3,4,5,6,7,8,9,10,11,12,13,14,15,16,17,18,19,20,21,22,23,24,25,26,27,28,29,30,31,32,33,34,35,36,37,38,39,40,41,42,43,44,45,46,47,48,49,50,51,52,53,54,55,56,57,58,59,60,61,62,63,64,65,66,67,68,69,70,71,72,73,74,75,76,77,78,79,80,81,82,83,84,85,86,87,88,89,90,91,92,93,94,95,96,97,98,99]
CFO=-903.2539200505953,STO=7
EsN0dB=19.26,GRXdB=10,N0=0.0001995262282434851
packet_number=350,correct=True,payload=[0,1,2,3,4,5,6,7,8,9,10,11,12,13,14,15,16,17,18,19,20,21,22,23,24,25,26,27,28,29,30,31,32,33,34,35,36,37,38,39,40,41,42,43,44,45,46,47,48,49,50,51,52,53,54,55,56,57,58,59,60,61,62,63,64,65,66,67,68,69,70,71,72,73,74,75,76,77,78,79,80,81,82,83,84,85,86,87,88,89,90,91,92,93,94,95,96,97,98,99]
CFO=-1035.9255422013327,STO=4
EsN0dB=19.23,GRXdB=10,N0=0.0001995262282434851
packet_number=351,correct=True,payload=[0,1,2,3,4,5,6,7,8,9,10,11,12,13,14,15,16,17,18,19,20,21,22,23,24,25,26,27,28,29,30,31,32,33,34,35,36,37,38,39,40,41,42,43,44,45,46,47,48,49,50,51,52,53,54,55,56,57,58,59,60,61,62,63,64,65,66,67,68,69,70,71,72,73,74,75,76,77,78,79,80,81,82,83,84,85,86,87,88,89,90,91,92,93,94,95,96,97,98,99]
CFO=-1046.6995727186625,STO=5
EsN0dB=19.19,GRXdB=10,N0=0.0001995262282434851
packet_number=352,correct=True,payload=[0,1,2,3,4,5,6,7,8,9,10,11,12,13,14,15,16,17,18,19,20,21,22,23,24,25,26,27,28,29,30,31,32,33,34,35,36,37,38,39,40,41,42,43,44,45,46,47,48,49,50,51,52,53,54,55,56,57,58,59,60,61,62,63,64,65,66,67,68,69,70,71,72,73,74,75,76,77,78,79,80,81,82,83,84,85,86,87,88,89,90,91,92,93,94,95,96,97,98,99]
CFO=-1089.4460033320372,STO=4
EsN0dB=19.26,GRXdB=10,N0=0.0001995262282434851
packet_number=353,correct=True,payload=[0,1,2,3,4,5,6,7,8,9,10,11,12,13,14,15,16,17,18,19,20,21,22,23,24,25,26,27,28,29,30,31,32,33,34,35,36,37,38,39,40,41,42,43,44,45,46,47,48,49,50,51,52,53,54,55,56,57,58,59,60,61,62,63,64,65,66,67,68,69,70,71,72,73,74,75,76,77,78,79,80,81,82,83,84,85,86,87,88,89,90,91,92,93,94,95,96,97,98,99]
CFO=-1083.1930600106289,STO=4
EsN0dB=19.17,GRXdB=10,N0=0.0001995262282434851
packet_number=354,correct=True,payload=[0,1,2,3,4,5,6,7,8,9,10,11,12,13,14,15,16,17,18,19,20,21,22,23,24,25,26,27,28,29,30,31,32,33,34,35,36,37,38,39,40,41,42,43,44,45,46,47,48,49,50,51,52,53,54,55,56,57,58,59,60,61,62,63,64,65,66,67,68,69,70,71,72,73,74,75,76,77,78,79,80,81,82,83,84,85,86,87,88,89,90,91,92,93,94,95,96,97,98,99]
CFO=-1028.1208652778623,STO=5
EsN0dB=19.26,GRXdB=10,N0=0.0001995262282434851
packet_number=355,correct=True,payload=[0,1,2,3,4,5,6,7,8,9,10,11,12,13,14,15,16,17,18,19,20,21,22,23,24,25,26,27,28,29,30,31,32,33,34,35,36,37,38,39,40,41,42,43,44,45,46,47,48,49,50,51,52,53,54,55,56,57,58,59,60,61,62,63,64,65,66,67,68,69,70,71,72,73,74,75,76,77,78,79,80,81,82,83,84,85,86,87,88,89,90,91,92,93,94,95,96,97,98,99]
CFO=-934.2837896150805,STO=6
EsN0dB=19.28,GRXdB=10,N0=0.0001995262282434851
packet_number=356,correct=True,payload=[0,1,2,3,4,5,6,7,8,9,10,11,12,13,14,15,16,17,18,19,20,21,22,23,24,25,26,27,28,29,30,31,32,33,34,35,36,37,38,39,40,41,42,43,44,45,46,47,48,49,50,51,52,53,54,55,56,57,58,59,60,61,62,63,64,65,66,67,68,69,70,71,72,73,74,75,76,77,78,79,80,81,82,83,84,85,86,87,88,89,90,91,92,93,94,95,96,97,98,99]
CFO=-1046.4152186625913,STO=4
EsN0dB=19.23,GRXdB=10,N0=0.0001995262282434851
packet_number=357,correct=True,payload=[0,1,2,3,4,5,6,7,8,9,10,11,12,13,14,15,16,17,18,19,20,21,22,23,24,25,26,27,28,29,30,31,32,33,34,35,36,37,38,39,40,41,42,43,44,45,46,47,48,49,50,51,52,53,54,55,56,57,58,59,60,61,62,63,64,65,66,67,68,69,70,71,72,73,74,75,76,77,78,79,80,81,82,83,84,85,86,87,88,89,90,91,92,93,94,95,96,97,98,99]
CFO=-1028.8472843552147,STO=4
EsN0dB=19.27,GRXdB=10,N0=0.0001995262282434851
packet_number=358,correct=True,payload=[0,1,2,3,4,5,6,7,8,9,10,11,12,13,14,15,16,17,18,19,20,21,22,23,24,25,26,27,28,29,30,31,32,33,34,35,36,37,38,39,40,41,42,43,44,45,46,47,48,49,50,51,52,53,54,55,56,57,58,59,60,61,62,63,64,65,66,67,68,69,70,71,72,73,74,75,76,77,78,79,80,81,82,83,84,85,86,87,88,89,90,91,92,93,94,95,96,97,98,99]
CFO=-999.8426963172786,STO=4
EsN0dB=19.27,GRXdB=10,N0=0.0001995262282434851
packet_number=359,correct=True,payload=[0,1,2,3,4,5,6,7,8,9,10,11,12,13,14,15,16,17,18,19,20,21,22,23,24,25,26,27,28,29,30,31,32,33,34,35,36,37,38,39,40,41,42,43,44,45,46,47,48,49,50,51,52,53,54,55,56,57,58,59,60,61,62,63,64,65,66,67,68,69,70,71,72,73,74,75,76,77,78,79,80,81,82,83,84,85,86,87,88,89,90,91,92,93,94,95,96,97,98,99]
CFO=-1081.453259047045,STO=0
EsN0dB=19.27,GRXdB=10,N0=0.0001995262282434851
packet_number=360,correct=True,payload=[0,1,2,3,4,5,6,7,8,9,10,11,12,13,14,15,16,17,18,19,20,21,22,23,24,25,26,27,28,29,30,31,32,33,34,35,36,37,38,39,40,41,42,43,44,45,46,47,48,49,50,51,52,53,54,55,56,57,58,59,60,61,62,63,64,65,66,67,68,69,70,71,72,73,74,75,76,77,78,79,80,81,82,83,84,85,86,87,88,89,90,91,92,93,94,95,96,97,98,99]
CFO=-954.7778552254749,STO=4
EsN0dB=19.17,GRXdB=10,N0=0.0001995262282434851
packet_number=361,correct=True,payload=[0,1,2,3,4,5,6,7,8,9,10,11,12,13,14,15,16,17,18,19,20,21,22,23,24,25,26,27,28,29,30,31,32,33,34,35,36,37,38,39,40,41,42,43,44,45,46,47,48,49,50,51,52,53,54,55,56,57,58,59,60,61,62,63,64,65,66,67,68,69,70,71,72,73,74,75,76,77,78,79,80,81,82,83,84,85,86,87,88,89,90,91,92,93,94,95,96,97,98,99]
CFO=-934.8874787307842,STO=4
EsN0dB=19.24,GRXdB=10,N0=0.0001995262282434851
packet_number=362,correct=True,payload=[0,1,2,3,4,5,6,7,8,9,10,11,12,13,14,15,16,17,18,19,20,21,22,23,24,25,26,27,28,29,30,31,32,33,34,35,36,37,38,39,40,41,42,43,44,45,46,47,48,49,50,51,52,53,54,55,56,57,58,59,60,61,62,63,64,65,66,67,68,69,70,71,72,73,74,75,76,77,78,79,80,81,82,83,84,85,86,87,88,89,90,91,92,93,94,95,96,97,98,99]
CFO=-1047.2195445851642,STO=5
EsN0dB=19.25,GRXdB=10,N0=0.0001995262282434851
packet_number=363,correct=True,payload=[0,1,2,3,4,5,6,7,8,9,10,11,12,13,14,15,16,17,18,19,20,21,22,23,24,25,26,27,28,29,30,31,32,33,34,35,36,37,38,39,40,41,42,43,44,45,46,47,48,49,50,51,52,53,54,55,56,57,58,59,60,61,62,63,64,65,66,67,68,69,70,71,72,73,74,75,76,77,78,79,80,81,82,83,84,85,86,87,88,89,90,91,92,93,94,95,96,97,98,99]
CFO=-1050.017906290427,STO=5
EsN0dB=19.25,GRXdB=10,N0=0.0001995262282434851
packet_number=364,correct=True,payload=[0,1,2,3,4,5,6,7,8,9,10,11,12,13,14,15,16,17,18,19,20,21,22,23,24,25,26,27,28,29,30,31,32,33,34,35,36,37,38,39,40,41,42,43,44,45,46,47,48,49,50,51,52,53,54,55,56,57,58,59,60,61,62,63,64,65,66,67,68,69,70,71,72,73,74,75,76,77,78,79,80,81,82,83,84,85,86,87,88,89,90,91,92,93,94,95,96,97,98,99]
CFO=-1018.0057820038966,STO=4
EsN0dB=19.25,GRXdB=10,N0=0.0001995262282434851
packet_number=365,correct=True,payload=[0,1,2,3,4,5,6,7,8,9,10,11,12,13,14,15,16,17,18,19,20,21,22,23,24,25,26,27,28,29,30,31,32,33,34,35,36,37,38,39,40,41,42,43,44,45,46,47,48,49,50,51,52,53,54,55,56,57,58,59,60,61,62,63,64,65,66,67,68,69,70,71,72,73,74,75,76,77,78,79,80,81,82,83,84,85,86,87,88,89,90,91,92,93,94,95,96,97,98,99]
CFO=-997.6502767415084,STO=4
EsN0dB=19.25,GRXdB=10,N0=0.0001995262282434851
packet_number=366,correct=True,payload=[0,1,2,3,4,5,6,7,8,9,10,11,12,13,14,15,16,17,18,19,20,21,22,23,24,25,26,27,28,29,30,31,32,33,34,35,36,37,38,39,40,41,42,43,44,45,46,47,48,49,50,51,52,53,54,55,56,57,58,59,60,61,62,63,64,65,66,67,68,69,70,71,72,73,74,75,76,77,78,79,80,81,82,83,84,85,86,87,88,89,90,91,92,93,94,95,96,97,98,99]
CFO=-1017.0576189378648,STO=4
EsN0dB=19.23,GRXdB=10,N0=0.0001995262282434851
packet_number=367,correct=True,payload=[0,1,2,3,4,5,6,7,8,9,10,11,12,13,14,15,16,17,18,19,20,21,22,23,24,25,26,27,28,29,30,31,32,33,34,35,36,37,38,39,40,41,42,43,44,45,46,47,48,49,50,51,52,53,54,55,56,57,58,59,60,61,62,63,64,65,66,67,68,69,70,71,72,73,74,75,76,77,78,79,80,81,82,83,84,85,86,87,88,89,90,91,92,93,94,95,96,97,98,99]
CFO=-1023.9871778739275,STO=5
EsN0dB=19.29,GRXdB=10,N0=0.0001995262282434851
packet_number=368,correct=True,payload=[0,1,2,3,4,5,6,7,8,9,10,11,12,13,14,15,16,17,18,19,20,21,22,23,24,25,26,27,28,29,30,31,32,33,34,35,36,37,38,39,40,41,42,43,44,45,46,47,48,49,50,51,52,53,54,55,56,57,58,59,60,61,62,63,64,65,66,67,68,69,70,71,72,73,74,75,76,77,78,79,80,81,82,83,84,85,86,87,88,89,90,91,92,93,94,95,96,97,98,99]
CFO=-1113.9657895540174,STO=5
EsN0dB=19.23,GRXdB=10,N0=0.0001995262282434851
packet_number=369,correct=True,payload=[0,1,2,3,4,5,6,7,8,9,10,11,12,13,14,15,16,17,18,19,20,21,22,23,24,25,26,27,28,29,30,31,32,33,34,35,36,37,38,39,40,41,42,43,44,45,46,47,48,49,50,51,52,53,54,55,56,57,58,59,60,61,62,63,64,65,66,67,68,69,70,71,72,73,74,75,76,77,78,79,80,81,82,83,84,85,86,87,88,89,90,91,92,93,94,95,96,97,98,99]
CFO=-1034.0451057454636,STO=5
EsN0dB=19.25,GRXdB=10,N0=0.0001995262282434851
packet_number=370,correct=True,payload=[0,1,2,3,4,5,6,7,8,9,10,11,12,13,14,15,16,17,18,19,20,21,22,23,24,25,26,27,28,29,30,31,32,33,34,35,36,37,38,39,40,41,42,43,44,45,46,47,48,49,50,51,52,53,54,55,56,57,58,59,60,61,62,63,64,65,66,67,68,69,70,71,72,73,74,75,76,77,78,79,80,81,82,83,84,85,86,87,88,89,90,91,92,93,94,95,96,97,98,99]
CFO=-1003.666535035428,STO=5
EsN0dB=19.25,GRXdB=10,N0=0.0001995262282434851
packet_number=371,correct=True,payload=[0,1,2,3,4,5,6,7,8,9,10,11,12,13,14,15,16,17,18,19,20,21,22,23,24,25,26,27,28,29,30,31,32,33,34,35,36,37,38,39,40,41,42,43,44,45,46,47,48,49,50,51,52,53,54,55,56,57,58,59,60,61,62,63,64,65,66,67,68,69,70,71,72,73,74,75,76,77,78,79,80,81,82,83,84,85,86,87,88,89,90,91,92,93,94,95,96,97,98,99]
CFO=-1051.0742140183172,STO=4
EsN0dB=19.25,GRXdB=10,N0=0.0001995262282434851
packet_number=372,correct=True,payload=[0,1,2,3,4,5,6,7,8,9,10,11,12,13,14,15,16,17,18,19,20,21,22,23,24,25,26,27,28,29,30,31,32,33,34,35,36,37,38,39,40,41,42,43,44,45,46,47,48,49,50,51,52,53,54,55,56,57,58,59,60,61,62,63,64,65,66,67,68,69,70,71,72,73,74,75,76,77,78,79,80,81,82,83,84,85,86,87,88,89,90,91,92,93,94,95,96,97,98,99]
CFO=-1036.5254367674977,STO=7
EsN0dB=19.27,GRXdB=10,N0=0.0001995262282434851
packet_number=373,correct=True,payload=[0,1,2,3,4,5,6,7,8,9,10,11,12,13,14,15,16,17,18,19,20,21,22,23,24,25,26,27,28,29,30,31,32,33,34,35,36,37,38,39,40,41,42,43,44,45,46,47,48,49,50,51,52,53,54,55,56,57,58,59,60,61,62,63,64,65,66,67,68,69,70,71,72,73,74,75,76,77,78,79,80,81,82,83,84,85,86,87,88,89,90,91,92,93,94,95,96,97,98,99]
CFO=-1065.5678517211495,STO=5
EsN0dB=19.38,GRXdB=10,N0=0.0001995262282434851
packet_number=374,correct=True,payload=[0,1,2,3,4,5,6,7,8,9,10,11,12,13,14,15,16,17,18,19,20,21,22,23,24,25,26,27,28,29,30,31,32,33,34,35,36,37,38,39,40,41,42,43,44,45,46,47,48,49,50,51,52,53,54,55,56,57,58,59,60,61,62,63,64,65,66,67,68,69,70,71,72,73,74,75,76,77,78,79,80,81,82,83,84,85,86,87,88,89,90,91,92,93,94,95,96,97,98,99]
CFO=-1130.2077659568963,STO=4
EsN0dB=19.17,GRXdB=10,N0=0.0001995262282434851
packet_number=375,correct=True,payload=[0,1,2,3,4,5,6,7,8,9,10,11,12,13,14,15,16,17,18,19,20,21,22,23,24,25,26,27,28,29,30,31,32,33,34,35,36,37,38,39,40,41,42,43,44,45,46,47,48,49,50,51,52,53,54,55,56,57,58,59,60,61,62,63,64,65,66,67,68,69,70,71,72,73,74,75,76,77,78,79,80,81,82,83,84,85,86,87,88,89,90,91,92,93,94,95,96,97,98,99]
CFO=-1083.6460343618346,STO=4
EsN0dB=19.27,GRXdB=10,N0=0.0001995262282434851
packet_number=376,correct=True,payload=[0,1,2,3,4,5,6,7,8,9,10,11,12,13,14,15,16,17,18,19,20,21,22,23,24,25,26,27,28,29,30,31,32,33,34,35,36,37,38,39,40,41,42,43,44,45,46,47,48,49,50,51,52,53,54,55,56,57,58,59,60,61,62,63,64,65,66,67,68,69,70,71,72,73,74,75,76,77,78,79,80,81,82,83,84,85,86,87,88,89,90,91,92,93,94,95,96,97,98,99]
CFO=-1109.8100463308879,STO=5
EsN0dB=19.26,GRXdB=10,N0=0.0001995262282434851
packet_number=377,correct=True,payload=[0,1,2,3,4,5,6,7,8,9,10,11,12,13,14,15,16,17,18,19,20,21,22,23,24,25,26,27,28,29,30,31,32,33,34,35,36,37,38,39,40,41,42,43,44,45,46,47,48,49,50,51,52,53,54,55,56,57,58,59,60,61,62,63,64,65,66,67,68,69,70,71,72,73,74,75,76,77,78,79,80,81,82,83,84,85,86,87,88,89,90,91,92,93,94,95,96,97,98,99]
CFO=-990.1993229828669,STO=5
EsN0dB=19.20,GRXdB=10,N0=0.0001995262282434851
packet_number=378,correct=True,payload=[0,1,2,3,4,5,6,7,8,9,10,11,12,13,14,15,16,17,18,19,20,21,22,23,24,25,26,27,28,29,30,31,32,33,34,35,36,37,38,39,40,41,42,43,44,45,46,47,48,49,50,51,52,53,54,55,56,57,58,59,60,61,62,63,64,65,66,67,68,69,70,71,72,73,74,75,76,77,78,79,80,81,82,83,84,85,86,87,88,89,90,91,92,93,94,95,96,97,98,99]
CFO=-1034.299933462935,STO=4
EsN0dB=19.26,GRXdB=10,N0=0.0001995262282434851
packet_number=379,correct=True,payload=[0,1,2,3,4,5,6,7,8,9,10,11,12,13,14,15,16,17,18,19,20,21,22,23,24,25,26,27,28,29,30,31,32,33,34,35,36,37,38,39,40,41,42,43,44,45,46,47,48,49,50,51,52,53,54,55,56,57,58,59,60,61,62,63,64,65,66,67,68,69,70,71,72,73,74,75,76,77,78,79,80,81,82,83,84,85,86,87,88,89,90,91,92,93,94,95,96,97,98,99]
CFO=-1088.9261500452085,STO=5
EsN0dB=19.25,GRXdB=10,N0=0.0001995262282434851
packet_number=380,correct=True,payload=[0,1,2,3,4,5,6,7,8,9,10,11,12,13,14,15,16,17,18,19,20,21,22,23,24,25,26,27,28,29,30,31,32,33,34,35,36,37,38,39,40,41,42,43,44,45,46,47,48,49,50,51,52,53,54,55,56,57,58,59,60,61,62,63,64,65,66,67,68,69,70,71,72,73,74,75,76,77,78,79,80,81,82,83,84,85,86,87,88,89,90,91,92,93,94,95,96,97,98,99]
CFO=-1121.8330765448798,STO=4
EsN0dB=19.25,GRXdB=10,N0=0.0001995262282434851
packet_number=381,correct=True,payload=[0,1,2,3,4,5,6,7,8,9,10,11,12,13,14,15,16,17,18,19,20,21,22,23,24,25,26,27,28,29,30,31,32,33,34,35,36,37,38,39,40,41,42,43,44,45,46,47,48,49,50,51,52,53,54,55,56,57,58,59,60,61,62,63,64,65,66,67,68,69,70,71,72,73,74,75,76,77,78,79,80,81,82,83,84,85,86,87,88,89,90,91,92,93,94,95,96,97,98,99]
CFO=-1041.8938943073238,STO=4
EsN0dB=19.23,GRXdB=10,N0=0.0001995262282434851
packet_number=382,correct=True,payload=[0,1,2,3,4,5,6,7,8,9,10,11,12,13,14,15,16,17,18,19,20,21,22,23,24,25,26,27,28,29,30,31,32,33,34,35,36,37,38,39,40,41,42,43,44,45,46,47,48,49,50,51,52,53,54,55,56,57,58,59,60,61,62,63,64,65,66,67,68,69,70,71,72,73,74,75,76,77,78,79,80,81,82,83,84,85,86,87,88,89,90,91,92,93,94,95,96,97,98,99]
CFO=-956.042270279639,STO=4
EsN0dB=19.20,GRXdB=10,N0=0.0001995262282434851
packet_number=383,correct=True,payload=[0,1,2,3,4,5,6,7,8,9,10,11,12,13,14,15,16,17,18,19,20,21,22,23,24,25,26,27,28,29,30,31,32,33,34,35,36,37,38,39,40,41,42,43,44,45,46,47,48,49,50,51,52,53,54,55,56,57,58,59,60,61,62,63,64,65,66,67,68,69,70,71,72,73,74,75,76,77,78,79,80,81,82,83,84,85,86,87,88,89,90,91,92,93,94,95,96,97,98,99]
CFO=-1027.926513193667,STO=4
EsN0dB=19.30,GRXdB=10,N0=0.0001995262282434851
packet_number=384,correct=True,payload=[0,1,2,3,4,5,6,7,8,9,10,11,12,13,14,15,16,17,18,19,20,21,22,23,24,25,26,27,28,29,30,31,32,33,34,35,36,37,38,39,40,41,42,43,44,45,46,47,48,49,50,51,52,53,54,55,56,57,58,59,60,61,62,63,64,65,66,67,68,69,70,71,72,73,74,75,76,77,78,79,80,81,82,83,84,85,86,87,88,89,90,91,92,93,94,95,96,97,98,99]
CFO=-984.7062974964591,STO=4
EsN0dB=19.24,GRXdB=10,N0=0.0001995262282434851
packet_number=385,correct=True,payload=[0,1,2,3,4,5,6,7,8,9,10,11,12,13,14,15,16,17,18,19,20,21,22,23,24,25,26,27,28,29,30,31,32,33,34,35,36,37,38,39,40,41,42,43,44,45,46,47,48,49,50,51,52,53,54,55,56,57,58,59,60,61,62,63,64,65,66,67,68,69,70,71,72,73,74,75,76,77,78,79,80,81,82,83,84,85,86,87,88,89,90,91,92,93,94,95,96,97,98,99]
CFO=-998.703264238552,STO=4
EsN0dB=19.21,GRXdB=10,N0=0.0001995262282434851
packet_number=386,correct=True,payload=[0,1,2,3,4,5,6,7,8,9,10,11,12,13,14,15,16,17,18,19,20,21,22,23,24,25,26,27,28,29,30,31,32,33,34,35,36,37,38,39,40,41,42,43,44,45,46,47,48,49,50,51,52,53,54,55,56,57,58,59,60,61,62,63,64,65,66,67,68,69,70,71,72,73,74,75,76,77,78,79,80,81,82,83,84,85,86,87,88,89,90,91,92,93,94,95,96,97,98,99]
CFO=-995.2778532219868,STO=5
EsN0dB=19.23,GRXdB=10,N0=0.0001995262282434851
packet_number=387,correct=True,payload=[0,1,2,3,4,5,6,7,8,9,10,11,12,13,14,15,16,17,18,19,20,21,22,23,24,25,26,27,28,29,30,31,32,33,34,35,36,37,38,39,40,41,42,43,44,45,46,47,48,49,50,51,52,53,54,55,56,57,58,59,60,61,62,63,64,65,66,67,68,69,70,71,72,73,74,75,76,77,78,79,80,81,82,83,84,85,86,87,88,89,90,91,92,93,94,95,96,97,98,99]
CFO=-1101.7338219560402,STO=5
EsN0dB=19.20,GRXdB=10,N0=0.0001995262282434851
packet_number=388,correct=True,payload=[0,1,2,3,4,5,6,7,8,9,10,11,12,13,14,15,16,17,18,19,20,21,22,23,24,25,26,27,28,29,30,31,32,33,34,35,36,37,38,39,40,41,42,43,44,45,46,47,48,49,50,51,52,53,54,55,56,57,58,59,60,61,62,63,64,65,66,67,68,69,70,71,72,73,74,75,76,77,78,79,80,81,82,83,84,85,86,87,88,89,90,91,92,93,94,95,96,97,98,99]
CFO=-1057.7648349131023,STO=4
EsN0dB=19.26,GRXdB=10,N0=0.0001995262282434851
packet_number=389,correct=True,payload=[0,1,2,3,4,5,6,7,8,9,10,11,12,13,14,15,16,17,18,19,20,21,22,23,24,25,26,27,28,29,30,31,32,33,34,35,36,37,38,39,40,41,42,43,44,45,46,47,48,49,50,51,52,53,54,55,56,57,58,59,60,61,62,63,64,65,66,67,68,69,70,71,72,73,74,75,76,77,78,79,80,81,82,83,84,85,86,87,88,89,90,91,92,93,94,95,96,97,98,99]
CFO=-1039.6539242826443,STO=4
EsN0dB=19.29,GRXdB=10,N0=0.0001995262282434851
packet_number=390,correct=True,payload=[0,1,2,3,4,5,6,7,8,9,10,11,12,13,14,15,16,17,18,19,20,21,22,23,24,25,26,27,28,29,30,31,32,33,34,35,36,37,38,39,40,41,42,43,44,45,46,47,48,49,50,51,52,53,54,55,56,57,58,59,60,61,62,63,64,65,66,67,68,69,70,71,72,73,74,75,76,77,78,79,80,81,82,83,84,85,86,87,88,89,90,91,92,93,94,95,96,97,98,99]
CFO=-1079.1734462522072,STO=4
EsN0dB=19.28,GRXdB=10,N0=0.0001995262282434851
packet_number=391,correct=True,payload=[0,1,2,3,4,5,6,7,8,9,10,11,12,13,14,15,16,17,18,19,20,21,22,23,24,25,26,27,28,29,30,31,32,33,34,35,36,37,38,39,40,41,42,43,44,45,46,47,48,49,50,51,52,53,54,55,56,57,58,59,60,61,62,63,64,65,66,67,68,69,70,71,72,73,74,75,76,77,78,79,80,81,82,83,84,85,86,87,88,89,90,91,92,93,94,95,96,97,98,99]
CFO=-1048.161304348849,STO=5
EsN0dB=19.18,GRXdB=10,N0=0.0001995262282434851
packet_number=392,correct=True,payload=[0,1,2,3,4,5,6,7,8,9,10,11,12,13,14,15,16,17,18,19,20,21,22,23,24,25,26,27,28,29,30,31,32,33,34,35,36,37,38,39,40,41,42,43,44,45,46,47,48,49,50,51,52,53,54,55,56,57,58,59,60,61,62,63,64,65,66,67,68,69,70,71,72,73,74,75,76,77,78,79,80,81,82,83,84,85,86,87,88,89,90,91,92,93,94,95,96,97,98,99]
CFO=-982.5422184625575,STO=5
EsN0dB=19.28,GRXdB=10,N0=0.0001995262282434851
packet_number=393,correct=True,payload=[0,1,2,3,4,5,6,7,8,9,10,11,12,13,14,15,16,17,18,19,20,21,22,23,24,25,26,27,28,29,30,31,32,33,34,35,36,37,38,39,40,41,42,43,44,45,46,47,48,49,50,51,52,53,54,55,56,57,58,59,60,61,62,63,64,65,66,67,68,69,70,71,72,73,74,75,76,77,78,79,80,81,82,83,84,85,86,87,88,89,90,91,92,93,94,95,96,97,98,99]
CFO=-1168.7034710289959,STO=5
EsN0dB=19.18,GRXdB=10,N0=0.0001995262282434851
packet_number=394,correct=True,payload=[0,1,2,3,4,5,6,7,8,9,10,11,12,13,14,15,16,17,18,19,20,21,22,23,24,25,26,27,28,29,30,31,32,33,34,35,36,37,38,39,40,41,42,43,44,45,46,47,48,49,50,51,52,53,54,55,56,57,58,59,60,61,62,63,64,65,66,67,68,69,70,71,72,73,74,75,76,77,78,79,80,81,82,83,84,85,86,87,88,89,90,91,92,93,94,95,96,97,98,99]
CFO=-1078.4573436064138,STO=5
EsN0dB=19.23,GRXdB=10,N0=0.0001995262282434851
packet_number=395,correct=True,payload=[0,1,2,3,4,5,6,7,8,9,10,11,12,13,14,15,16,17,18,19,20,21,22,23,24,25,26,27,28,29,30,31,32,33,34,35,36,37,38,39,40,41,42,43,44,45,46,47,48,49,50,51,52,53,54,55,56,57,58,59,60,61,62,63,64,65,66,67,68,69,70,71,72,73,74,75,76,77,78,79,80,81,82,83,84,85,86,87,88,89,90,91,92,93,94,95,96,97,98,99]
CFO=-1074.2955528199564,STO=6
EsN0dB=19.27,GRXdB=10,N0=0.0001995262282434851
packet_number=396,correct=True,payload=[0,1,2,3,4,5,6,7,8,9,10,11,12,13,14,15,16,17,18,19,20,21,22,23,24,25,26,27,28,29,30,31,32,33,34,35,36,37,38,39,40,41,42,43,44,45,46,47,48,49,50,51,52,53,54,55,56,57,58,59,60,61,62,63,64,65,66,67,68,69,70,71,72,73,74,75,76,77,78,79,80,81,82,83,84,85,86,87,88,89,90,91,92,93,94,95,96,97,98,99]
CFO=-1017.1293596400847,STO=4
EsN0dB=19.21,GRXdB=10,N0=0.0001995262282434851
packet_number=397,correct=True,payload=[0,1,2,3,4,5,6,7,8,9,10,11,12,13,14,15,16,17,18,19,20,21,22,23,24,25,26,27,28,29,30,31,32,33,34,35,36,37,38,39,40,41,42,43,44,45,46,47,48,49,50,51,52,53,54,55,56,57,58,59,60,61,62,63,64,65,66,67,68,69,70,71,72,73,74,75,76,77,78,79,80,81,82,83,84,85,86,87,88,89,90,91,92,93,94,95,96,97,98,99]
CFO=-1074.230571159103,STO=5
EsN0dB=19.22,GRXdB=10,N0=0.0001995262282434851
packet_number=398,correct=True,payload=[0,1,2,3,4,5,6,7,8,9,10,11,12,13,14,15,16,17,18,19,20,21,22,23,24,25,26,27,28,29,30,31,32,33,34,35,36,37,38,39,40,41,42,43,44,45,46,47,48,49,50,51,52,53,54,55,56,57,58,59,60,61,62,63,64,65,66,67,68,69,70,71,72,73,74,75,76,77,78,79,80,81,82,83,84,85,86,87,88,89,90,91,92,93,94,95,96,97,98,99]
CFO=-1023.4366124517683,STO=6
EsN0dB=19.21,GRXdB=10,N0=0.0001995262282434851
packet_number=399,correct=True,payload=[0,1,2,3,4,5,6,7,8,9,10,11,12,13,14,15,16,17,18,19,20,21,22,23,24,25,26,27,28,29,30,31,32,33,34,35,36,37,38,39,40,41,42,43,44,45,46,47,48,49,50,51,52,53,54,55,56,57,58,59,60,61,62,63,64,65,66,67,68,69,70,71,72,73,74,75,76,77,78,79,80,81,82,83,84,85,86,87,88,89,90,91,92,93,94,95,96,97,98,99]
CFO=-1060.5388877853816,STO=4
EsN0dB=19.24,GRXdB=10,N0=0.0001995262282434851
packet_number=400,correct=True,payload=[0,1,2,3,4,5,6,7,8,9,10,11,12,13,14,15,16,17,18,19,20,21,22,23,24,25,26,27,28,29,30,31,32,33,34,35,36,37,38,39,40,41,42,43,44,45,46,47,48,49,50,51,52,53,54,55,56,57,58,59,60,61,62,63,64,65,66,67,68,69,70,71,72,73,74,75,76,77,78,79,80,81,82,83,84,85,86,87,88,89,90,91,92,93,94,95,96,97,98,99]
CFO=-865.3090175600009,STO=5
EsN0dB=18.31,GRXdB=10,N0=0.0002511886414140463
packet_number=401,correct=True,payload=[0,1,2,3,4,5,6,7,8,9,10,11,12,13,14,15,16,17,18,19,20,21,22,23,24,25,26,27,28,29,30,31,32,33,34,35,36,37,38,39,40,41,42,43,44,45,46,47,48,49,50,51,52,53,54,55,56,57,58,59,60,61,62,63,64,65,66,67,68,69,70,71,72,73,74,75,76,77,78,79,80,81,82,83,84,85,86,87,88,89,90,91,92,93,94,95,96,97,98,99]
CFO=-954.774712864138,STO=4
EsN0dB=18.21,GRXdB=10,N0=0.0002511886414140463
packet_number=402,correct=True,payload=[0,1,2,3,4,5,6,7,8,9,10,11,12,13,14,15,16,17,18,19,20,21,22,23,24,25,26,27,28,29,30,31,32,33,34,35,36,37,38,39,40,41,42,43,44,45,46,47,48,49,50,51,52,53,54,55,56,57,58,59,60,61,62,63,64,65,66,67,68,69,70,71,72,73,74,75,76,77,78,79,80,81,82,83,84,85,86,87,88,89,90,91,92,93,94,95,96,97,98,99]
CFO=-1054.2232158169084,STO=4
EsN0dB=18.29,GRXdB=10,N0=0.0002511886414140463
packet_number=403,correct=True,payload=[0,1,2,3,4,5,6,7,8,9,10,11,12,13,14,15,16,17,18,19,20,21,22,23,24,25,26,27,28,29,30,31,32,33,34,35,36,37,38,39,40,41,42,43,44,45,46,47,48,49,50,51,52,53,54,55,56,57,58,59,60,61,62,63,64,65,66,67,68,69,70,71,72,73,74,75,76,77,78,79,80,81,82,83,84,85,86,87,88,89,90,91,92,93,94,95,96,97,98,99]
CFO=-911.8617370999077,STO=5
EsN0dB=18.26,GRXdB=10,N0=0.0002511886414140463
packet_number=404,correct=True,payload=[0,1,2,3,4,5,6,7,8,9,10,11,12,13,14,15,16,17,18,19,20,21,22,23,24,25,26,27,28,29,30,31,32,33,34,35,36,37,38,39,40,41,42,43,44,45,46,47,48,49,50,51,52,53,54,55,56,57,58,59,60,61,62,63,64,65,66,67,68,69,70,71,72,73,74,75,76,77,78,79,80,81,82,83,84,85,86,87,88,89,90,91,92,93,94,95,96,97,98,99]
CFO=-957.3277332257765,STO=5
EsN0dB=18.25,GRXdB=10,N0=0.0002511886414140463
packet_number=405,correct=True,payload=[0,1,2,3,4,5,6,7,8,9,10,11,12,13,14,15,16,17,18,19,20,21,22,23,24,25,26,27,28,29,30,31,32,33,34,35,36,37,38,39,40,41,42,43,44,45,46,47,48,49,50,51,52,53,54,55,56,57,58,59,60,61,62,63,64,65,66,67,68,69,70,71,72,73,74,75,76,77,78,79,80,81,82,83,84,85,86,87,88,89,90,91,92,93,94,95,96,97,98,99]
CFO=-1109.436757519999,STO=4
EsN0dB=18.29,GRXdB=10,N0=0.0002511886414140463
packet_number=406,correct=True,payload=[0,1,2,3,4,5,6,7,8,9,10,11,12,13,14,15,16,17,18,19,20,21,22,23,24,25,26,27,28,29,30,31,32,33,34,35,36,37,38,39,40,41,42,43,44,45,46,47,48,49,50,51,52,53,54,55,56,57,58,59,60,61,62,63,64,65,66,67,68,69,70,71,72,73,74,75,76,77,78,79,80,81,82,83,84,85,86,87,88,89,90,91,92,93,94,95,96,97,98,99]
CFO=-958.4484297161548,STO=4
EsN0dB=18.24,GRXdB=10,N0=0.0002511886414140463
packet_number=407,correct=True,payload=[0,1,2,3,4,5,6,7,8,9,10,11,12,13,14,15,16,17,18,19,20,21,22,23,24,25,26,27,28,29,30,31,32,33,34,35,36,37,38,39,40,41,42,43,44,45,46,47,48,49,50,51,52,53,54,55,56,57,58,59,60,61,62,63,64,65,66,67,68,69,70,71,72,73,74,75,76,77,78,79,80,81,82,83,84,85,86,87,88,89,90,91,92,93,94,95,96,97,98,99]
CFO=-948.4589816058284,STO=4
EsN0dB=18.30,GRXdB=10,N0=0.0002511886414140463
packet_number=408,correct=True,payload=[0,1,2,3,4,5,6,7,8,9,10,11,12,13,14,15,16,17,18,19,20,21,22,23,24,25,26,27,28,29,30,31,32,33,34,35,36,37,38,39,40,41,42,43,44,45,46,47,48,49,50,51,52,53,54,55,56,57,58,59,60,61,62,63,64,65,66,67,68,69,70,71,72,73,74,75,76,77,78,79,80,81,82,83,84,85,86,87,88,89,90,91,92,93,94,95,96,97,98,99]
CFO=-937.7941629674151,STO=4
EsN0dB=18.22,GRXdB=10,N0=0.0002511886414140463
packet_number=409,correct=True,payload=[0,1,2,3,4,5,6,7,8,9,10,11,12,13,14,15,16,17,18,19,20,21,22,23,24,25,26,27,28,29,30,31,32,33,34,35,36,37,38,39,40,41,42,43,44,45,46,47,48,49,50,51,52,53,54,55,56,57,58,59,60,61,62,63,64,65,66,67,68,69,70,71,72,73,74,75,76,77,78,79,80,81,82,83,84,85,86,87,88,89,90,91,92,93,94,95,96,97,98,99]
CFO=-1059.8108085926058,STO=5
EsN0dB=18.28,GRXdB=10,N0=0.0002511886414140463
packet_number=410,correct=True,payload=[0,1,2,3,4,5,6,7,8,9,10,11,12,13,14,15,16,17,18,19,20,21,22,23,24,25,26,27,28,29,30,31,32,33,34,35,36,37,38,39,40,41,42,43,44,45,46,47,48,49,50,51,52,53,54,55,56,57,58,59,60,61,62,63,64,65,66,67,68,69,70,71,72,73,74,75,76,77,78,79,80,81,82,83,84,85,86,87,88,89,90,91,92,93,94,95,96,97,98,99]
CFO=-1003.4808392673682,STO=5
EsN0dB=18.24,GRXdB=10,N0=0.0002511886414140463
packet_number=411,correct=True,payload=[0,1,2,3,4,5,6,7,8,9,10,11,12,13,14,15,16,17,18,19,20,21,22,23,24,25,26,27,28,29,30,31,32,33,34,35,36,37,38,39,40,41,42,43,44,45,46,47,48,49,50,51,52,53,54,55,56,57,58,59,60,61,62,63,64,65,66,67,68,69,70,71,72,73,74,75,76,77,78,79,80,81,82,83,84,85,86,87,88,89,90,91,92,93,94,95,96,97,98,99]
CFO=-1112.5214891357753,STO=5
EsN0dB=18.21,GRXdB=10,N0=0.0002511886414140463
packet_number=412,correct=True,payload=[0,1,2,3,4,5,6,7,8,9,10,11,12,13,14,15,16,17,18,19,20,21,22,23,24,25,26,27,28,29,30,31,32,33,34,35,36,37,38,39,40,41,42,43,44,45,46,47,48,49,50,51,52,53,54,55,56,57,58,59,60,61,62,63,64,65,66,67,68,69,70,71,72,73,74,75,76,77,78,79,80,81,82,83,84,85,86,87,88,89,90,91,92,93,94,95,96,97,98,99]
CFO=-962.3423490211006,STO=4
EsN0dB=18.26,GRXdB=10,N0=0.0002511886414140463
packet_number=413,correct=True,payload=[0,1,2,3,4,5,6,7,8,9,10,11,12,13,14,15,16,17,18,19,20,21,22,23,24,25,26,27,28,29,30,31,32,33,34,35,36,37,38,39,40,41,42,43,44,45,46,47,48,49,50,51,52,53,54,55,56,57,58,59,60,61,62,63,64,65,66,67,68,69,70,71,72,73,74,75,76,77,78,79,80,81,82,83,84,85,86,87,88,89,90,91,92,93,94,95,96,97,98,99]
CFO=-1082.459288993545,STO=5
EsN0dB=18.26,GRXdB=10,N0=0.0002511886414140463
packet_number=414,correct=True,payload=[0,1,2,3,4,5,6,7,8,9,10,11,12,13,14,15,16,17,18,19,20,21,22,23,24,25,26,27,28,29,30,31,32,33,34,35,36,37,38,39,40,41,42,43,44,45,46,47,48,49,50,51,52,53,54,55,56,57,58,59,60,61,62,63,64,65,66,67,68,69,70,71,72,73,74,75,76,77,78,79,80,81,82,83,84,85,86,87,88,89,90,91,92,93,94,95,96,97,98,99]
CFO=-1012.6204861504915,STO=4
EsN0dB=18.28,GRXdB=10,N0=0.0002511886414140463
packet_number=415,correct=True,payload=[0,1,2,3,4,5,6,7,8,9,10,11,12,13,14,15,16,17,18,19,20,21,22,23,24,25,26,27,28,29,30,31,32,33,34,35,36,37,38,39,40,41,42,43,44,45,46,47,48,49,50,51,52,53,54,55,56,57,58,59,60,61,62,63,64,65,66,67,68,69,70,71,72,73,74,75,76,77,78,79,80,81,82,83,84,85,86,87,88,89,90,91,92,93,94,95,96,97,98,99]
CFO=-1144.2192587089428,STO=4
EsN0dB=18.25,GRXdB=10,N0=0.0002511886414140463
packet_number=416,correct=True,payload=[0,1,2,3,4,5,6,7,8,9,10,11,12,13,14,15,16,17,18,19,20,21,22,23,24,25,26,27,28,29,30,31,32,33,34,35,36,37,38,39,40,41,42,43,44,45,46,47,48,49,50,51,52,53,54,55,56,57,58,59,60,61,62,63,64,65,66,67,68,69,70,71,72,73,74,75,76,77,78,79,80,81,82,83,84,85,86,87,88,89,90,91,92,93,94,95,96,97,98,99]
CFO=-953.3344441547808,STO=5
EsN0dB=18.23,GRXdB=10,N0=0.0002511886414140463
packet_number=417,correct=True,payload=[0,1,2,3,4,5,6,7,8,9,10,11,12,13,14,15,16,17,18,19,20,21,22,23,24,25,26,27,28,29,30,31,32,33,34,35,36,37,38,39,40,41,42,43,44,45,46,47,48,49,50,51,52,53,54,55,56,57,58,59,60,61,62,63,64,65,66,67,68,69,70,71,72,73,74,75,76,77,78,79,80,81,82,83,84,85,86,87,88,89,90,91,92,93,94,95,96,97,98,99]
CFO=-1047.9796402896743,STO=5
EsN0dB=18.25,GRXdB=10,N0=0.0002511886414140463
packet_number=418,correct=True,payload=[0,1,2,3,4,5,6,7,8,9,10,11,12,13,14,15,16,17,18,19,20,21,22,23,24,25,26,27,28,29,30,31,32,33,34,35,36,37,38,39,40,41,42,43,44,45,46,47,48,49,50,51,52,53,54,55,56,57,58,59,60,61,62,63,64,65,66,67,68,69,70,71,72,73,74,75,76,77,78,79,80,81,82,83,84,85,86,87,88,89,90,91,92,93,94,95,96,97,98,99]
CFO=-986.8762462241787,STO=4
EsN0dB=18.26,GRXdB=10,N0=0.0002511886414140463
packet_number=419,correct=True,payload=[0,1,2,3,4,5,6,7,8,9,10,11,12,13,14,15,16,17,18,19,20,21,22,23,24,25,26,27,28,29,30,31,32,33,34,35,36,37,38,39,40,41,42,43,44,45,46,47,48,49,50,51,52,53,54,55,56,57,58,59,60,61,62,63,64,65,66,67,68,69,70,71,72,73,74,75,76,77,78,79,80,81,82,83,84,85,86,87,88,89,90,91,92,93,94,95,96,97,98,99]
CFO=-1073.1807853132327,STO=7
EsN0dB=18.28,GRXdB=10,N0=0.0002511886414140463
packet_number=420,correct=True,payload=[0,1,2,3,4,5,6,7,8,9,10,11,12,13,14,15,16,17,18,19,20,21,22,23,24,25,26,27,28,29,30,31,32,33,34,35,36,37,38,39,40,41,42,43,44,45,46,47,48,49,50,51,52,53,54,55,56,57,58,59,60,61,62,63,64,65,66,67,68,69,70,71,72,73,74,75,76,77,78,79,80,81,82,83,84,85,86,87,88,89,90,91,92,93,94,95,96,97,98,99]
CFO=-987.3664545927348,STO=4
EsN0dB=18.32,GRXdB=10,N0=0.0002511886414140463
packet_number=421,correct=True,payload=[0,1,2,3,4,5,6,7,8,9,10,11,12,13,14,15,16,17,18,19,20,21,22,23,24,25,26,27,28,29,30,31,32,33,34,35,36,37,38,39,40,41,42,43,44,45,46,47,48,49,50,51,52,53,54,55,56,57,58,59,60,61,62,63,64,65,66,67,68,69,70,71,72,73,74,75,76,77,78,79,80,81,82,83,84,85,86,87,88,89,90,91,92,93,94,95,96,97,98,99]
CFO=-1035.7049840093844,STO=5
EsN0dB=18.21,GRXdB=10,N0=0.0002511886414140463
packet_number=422,correct=True,payload=[0,1,2,3,4,5,6,7,8,9,10,11,12,13,14,15,16,17,18,19,20,21,22,23,24,25,26,27,28,29,30,31,32,33,34,35,36,37,38,39,40,41,42,43,44,45,46,47,48,49,50,51,52,53,54,55,56,57,58,59,60,61,62,63,64,65,66,67,68,69,70,71,72,73,74,75,76,77,78,79,80,81,82,83,84,85,86,87,88,89,90,91,92,93,94,95,96,97,98,99]
CFO=-919.7602698346293,STO=4
EsN0dB=18.23,GRXdB=10,N0=0.0002511886414140463
packet_number=423,correct=True,payload=[0,1,2,3,4,5,6,7,8,9,10,11,12,13,14,15,16,17,18,19,20,21,22,23,24,25,26,27,28,29,30,31,32,33,34,35,36,37,38,39,40,41,42,43,44,45,46,47,48,49,50,51,52,53,54,55,56,57,58,59,60,61,62,63,64,65,66,67,68,69,70,71,72,73,74,75,76,77,78,79,80,81,82,83,84,85,86,87,88,89,90,91,92,93,94,95,96,97,98,99]
CFO=-1150.0672524467468,STO=6
EsN0dB=18.25,GRXdB=10,N0=0.0002511886414140463
packet_number=424,correct=True,payload=[0,1,2,3,4,5,6,7,8,9,10,11,12,13,14,15,16,17,18,19,20,21,22,23,24,25,26,27,28,29,30,31,32,33,34,35,36,37,38,39,40,41,42,43,44,45,46,47,48,49,50,51,52,53,54,55,56,57,58,59,60,61,62,63,64,65,66,67,68,69,70,71,72,73,74,75,76,77,78,79,80,81,82,83,84,85,86,87,88,89,90,91,92,93,94,95,96,97,98,99]
CFO=-1054.4213624506426,STO=4
EsN0dB=18.27,GRXdB=10,N0=0.0002511886414140463
packet_number=425,correct=True,payload=[0,1,2,3,4,5,6,7,8,9,10,11,12,13,14,15,16,17,18,19,20,21,22,23,24,25,26,27,28,29,30,31,32,33,34,35,36,37,38,39,40,41,42,43,44,45,46,47,48,49,50,51,52,53,54,55,56,57,58,59,60,61,62,63,64,65,66,67,68,69,70,71,72,73,74,75,76,77,78,79,80,81,82,83,84,85,86,87,88,89,90,91,92,93,94,95,96,97,98,99]
CFO=-1095.3691765825806,STO=4
EsN0dB=18.22,GRXdB=10,N0=0.0002511886414140463
packet_number=426,correct=True,payload=[0,1,2,3,4,5,6,7,8,9,10,11,12,13,14,15,16,17,18,19,20,21,22,23,24,25,26,27,28,29,30,31,32,33,34,35,36,37,38,39,40,41,42,43,44,45,46,47,48,49,50,51,52,53,54,55,56,57,58,59,60,61,62,63,64,65,66,67,68,69,70,71,72,73,74,75,76,77,78,79,80,81,82,83,84,85,86,87,88,89,90,91,92,93,94,95,96,97,98,99]
CFO=-1084.0883365424622,STO=4
EsN0dB=18.21,GRXdB=10,N0=0.0002511886414140463
packet_number=427,correct=True,payload=[0,1,2,3,4,5,6,7,8,9,10,11,12,13,14,15,16,17,18,19,20,21,22,23,24,25,26,27,28,29,30,31,32,33,34,35,36,37,38,39,40,41,42,43,44,45,46,47,48,49,50,51,52,53,54,55,56,57,58,59,60,61,62,63,64,65,66,67,68,69,70,71,72,73,74,75,76,77,78,79,80,81,82,83,84,85,86,87,88,89,90,91,92,93,94,95,96,97,98,99]
CFO=-1027.9393197983607,STO=4
EsN0dB=18.27,GRXdB=10,N0=0.0002511886414140463
packet_number=428,correct=True,payload=[0,1,2,3,4,5,6,7,8,9,10,11,12,13,14,15,16,17,18,19,20,21,22,23,24,25,26,27,28,29,30,31,32,33,34,35,36,37,38,39,40,41,42,43,44,45,46,47,48,49,50,51,52,53,54,55,56,57,58,59,60,61,62,63,64,65,66,67,68,69,70,71,72,73,74,75,76,77,78,79,80,81,82,83,84,85,86,87,88,89,90,91,92,93,94,95,96,97,98,99]
CFO=-1014.986150628647,STO=5
EsN0dB=18.25,GRXdB=10,N0=0.0002511886414140463
packet_number=429,correct=True,payload=[0,1,2,3,4,5,6,7,8,9,10,11,12,13,14,15,16,17,18,19,20,21,22,23,24,25,26,27,28,29,30,31,32,33,34,35,36,37,38,39,40,41,42,43,44,45,46,47,48,49,50,51,52,53,54,55,56,57,58,59,60,61,62,63,64,65,66,67,68,69,70,71,72,73,74,75,76,77,78,79,80,81,82,83,84,85,86,87,88,89,90,91,92,93,94,95,96,97,98,99]
CFO=-941.1286826645564,STO=4
EsN0dB=18.22,GRXdB=10,N0=0.0002511886414140463
packet_number=430,correct=True,payload=[0,1,2,3,4,5,6,7,8,9,10,11,12,13,14,15,16,17,18,19,20,21,22,23,24,25,26,27,28,29,30,31,32,33,34,35,36,37,38,39,40,41,42,43,44,45,46,47,48,49,50,51,52,53,54,55,56,57,58,59,60,61,62,63,64,65,66,67,68,69,70,71,72,73,74,75,76,77,78,79,80,81,82,83,84,85,86,87,88,89,90,91,92,93,94,95,96,97,98,99]
CFO=-1099.979079953647,STO=5
EsN0dB=18.23,GRXdB=10,N0=0.0002511886414140463
packet_number=431,correct=True,payload=[0,1,2,3,4,5,6,7,8,9,10,11,12,13,14,15,16,17,18,19,20,21,22,23,24,25,26,27,28,29,30,31,32,33,34,35,36,37,38,39,40,41,42,43,44,45,46,47,48,49,50,51,52,53,54,55,56,57,58,59,60,61,62,63,64,65,66,67,68,69,70,71,72,73,74,75,76,77,78,79,80,81,82,83,84,85,86,87,88,89,90,91,92,93,94,95,96,97,98,99]
CFO=-1020.3945695183046,STO=5
EsN0dB=18.26,GRXdB=10,N0=0.0002511886414140463
packet_number=432,correct=True,payload=[0,1,2,3,4,5,6,7,8,9,10,11,12,13,14,15,16,17,18,19,20,21,22,23,24,25,26,27,28,29,30,31,32,33,34,35,36,37,38,39,40,41,42,43,44,45,46,47,48,49,50,51,52,53,54,55,56,57,58,59,60,61,62,63,64,65,66,67,68,69,70,71,72,73,74,75,76,77,78,79,80,81,82,83,84,85,86,87,88,89,90,91,92,93,94,95,96,97,98,99]
CFO=-1189.720769446902,STO=5
EsN0dB=18.26,GRXdB=10,N0=0.0002511886414140463
packet_number=433,correct=True,payload=[0,1,2,3,4,5,6,7,8,9,10,11,12,13,14,15,16,17,18,19,20,21,22,23,24,25,26,27,28,29,30,31,32,33,34,35,36,37,38,39,40,41,42,43,44,45,46,47,48,49,50,51,52,53,54,55,56,57,58,59,60,61,62,63,64,65,66,67,68,69,70,71,72,73,74,75,76,77,78,79,80,81,82,83,84,85,86,87,88,89,90,91,92,93,94,95,96,97,98,99]
CFO=-965.3179873376336,STO=5
EsN0dB=18.19,GRXdB=10,N0=0.0002511886414140463
packet_number=434,correct=True,payload=[0,1,2,3,4,5,6,7,8,9,10,11,12,13,14,15,16,17,18,19,20,21,22,23,24,25,26,27,28,29,30,31,32,33,34,35,36,37,38,39,40,41,42,43,44,45,46,47,48,49,50,51,52,53,54,55,56,57,58,59,60,61,62,63,64,65,66,67,68,69,70,71,72,73,74,75,76,77,78,79,80,81,82,83,84,85,86,87,88,89,90,91,92,93,94,95,96,97,98,99]
CFO=-992.4544119158654,STO=4
EsN0dB=18.21,GRXdB=10,N0=0.0002511886414140463
packet_number=435,correct=True,payload=[0,1,2,3,4,5,6,7,8,9,10,11,12,13,14,15,16,17,18,19,20,21,22,23,24,25,26,27,28,29,30,31,32,33,34,35,36,37,38,39,40,41,42,43,44,45,46,47,48,49,50,51,52,53,54,55,56,57,58,59,60,61,62,63,64,65,66,67,68,69,70,71,72,73,74,75,76,77,78,79,80,81,82,83,84,85,86,87,88,89,90,91,92,93,94,95,96,97,98,99]
CFO=-1058.523151922516,STO=4
EsN0dB=18.21,GRXdB=10,N0=0.0002511886414140463
packet_number=436,correct=True,payload=[0,1,2,3,4,5,6,7,8,9,10,11,12,13,14,15,16,17,18,19,20,21,22,23,24,25,26,27,28,29,30,31,32,33,34,35,36,37,38,39,40,41,42,43,44,45,46,47,48,49,50,51,52,53,54,55,56,57,58,59,60,61,62,63,64,65,66,67,68,69,70,71,72,73,74,75,76,77,78,79,80,81,82,83,84,85,86,87,88,89,90,91,92,93,94,95,96,97,98,99]
CFO=-1038.1119142137754,STO=4
EsN0dB=18.23,GRXdB=10,N0=0.0002511886414140463
packet_number=437,correct=True,payload=[0,1,2,3,4,5,6,7,8,9,10,11,12,13,14,15,16,17,18,19,20,21,22,23,24,25,26,27,28,29,30,31,32,33,34,35,36,37,38,39,40,41,42,43,44,45,46,47,48,49,50,51,52,53,54,55,56,57,58,59,60,61,62,63,64,65,66,67,68,69,70,71,72,73,74,75,76,77,78,79,80,81,82,83,84,85,86,87,88,89,90,91,92,93,94,95,96,97,98,99]
CFO=-986.9115236769231,STO=6
EsN0dB=18.27,GRXdB=10,N0=0.0002511886414140463
packet_number=438,correct=True,payload=[0,1,2,3,4,5,6,7,8,9,10,11,12,13,14,15,16,17,18,19,20,21,22,23,24,25,26,27,28,29,30,31,32,33,34,35,36,37,38,39,40,41,42,43,44,45,46,47,48,49,50,51,52,53,54,55,56,57,58,59,60,61,62,63,64,65,66,67,68,69,70,71,72,73,74,75,76,77,78,79,80,81,82,83,84,85,86,87,88,89,90,91,92,93,94,95,96,97,98,99]
CFO=-1092.4677691414024,STO=4
EsN0dB=18.21,GRXdB=10,N0=0.0002511886414140463
packet_number=439,correct=True,payload=[0,1,2,3,4,5,6,7,8,9,10,11,12,13,14,15,16,17,18,19,20,21,22,23,24,25,26,27,28,29,30,31,32,33,34,35,36,37,38,39,40,41,42,43,44,45,46,47,48,49,50,51,52,53,54,55,56,57,58,59,60,61,62,63,64,65,66,67,68,69,70,71,72,73,74,75,76,77,78,79,80,81,82,83,84,85,86,87,88,89,90,91,92,93,94,95,96,97,98,99]
CFO=-992.0708659632542,STO=4
EsN0dB=18.27,GRXdB=10,N0=0.0002511886414140463
packet_number=440,correct=True,payload=[0,1,2,3,4,5,6,7,8,9,10,11,12,13,14,15,16,17,18,19,20,21,22,23,24,25,26,27,28,29,30,31,32,33,34,35,36,37,38,39,40,41,42,43,44,45,46,47,48,49,50,51,52,53,54,55,56,57,58,59,60,61,62,63,64,65,66,67,68,69,70,71,72,73,74,75,76,77,78,79,80,81,82,83,84,85,86,87,88,89,90,91,92,93,94,95,96,97,98,99]
CFO=-953.569765516029,STO=5
EsN0dB=18.24,GRXdB=10,N0=0.0002511886414140463
packet_number=441,correct=True,payload=[0,1,2,3,4,5,6,7,8,9,10,11,12,13,14,15,16,17,18,19,20,21,22,23,24,25,26,27,28,29,30,31,32,33,34,35,36,37,38,39,40,41,42,43,44,45,46,47,48,49,50,51,52,53,54,55,56,57,58,59,60,61,62,63,64,65,66,67,68,69,70,71,72,73,74,75,76,77,78,79,80,81,82,83,84,85,86,87,88,89,90,91,92,93,94,95,96,97,98,99]
CFO=-1090.1025789819394,STO=5
EsN0dB=18.19,GRXdB=10,N0=0.0002511886414140463
packet_number=442,correct=True,payload=[0,1,2,3,4,5,6,7,8,9,10,11,12,13,14,15,16,17,18,19,20,21,22,23,24,25,26,27,28,29,30,31,32,33,34,35,36,37,38,39,40,41,42,43,44,45,46,47,48,49,50,51,52,53,54,55,56,57,58,59,60,61,62,63,64,65,66,67,68,69,70,71,72,73,74,75,76,77,78,79,80,81,82,83,84,85,86,87,88,89,90,91,92,93,94,95,96,97,98,99]
CFO=-1081.1941624613423,STO=5
EsN0dB=18.26,GRXdB=10,N0=0.0002511886414140463
packet_number=443,correct=True,payload=[0,1,2,3,4,5,6,7,8,9,10,11,12,13,14,15,16,17,18,19,20,21,22,23,24,25,26,27,28,29,30,31,32,33,34,35,36,37,38,39,40,41,42,43,44,45,46,47,48,49,50,51,52,53,54,55,56,57,58,59,60,61,62,63,64,65,66,67,68,69,70,71,72,73,74,75,76,77,78,79,80,81,82,83,84,85,86,87,88,89,90,91,92,93,94,95,96,97,98,99]
CFO=-1055.5693322658317,STO=5
EsN0dB=18.25,GRXdB=10,N0=0.0002511886414140463
packet_number=444,correct=True,payload=[0,1,2,3,4,5,6,7,8,9,10,11,12,13,14,15,16,17,18,19,20,21,22,23,24,25,26,27,28,29,30,31,32,33,34,35,36,37,38,39,40,41,42,43,44,45,46,47,48,49,50,51,52,53,54,55,56,57,58,59,60,61,62,63,64,65,66,67,68,69,70,71,72,73,74,75,76,77,78,79,80,81,82,83,84,85,86,87,88,89,90,91,92,93,94,95,96,97,98,99]
CFO=-1064.9298930799227,STO=5
EsN0dB=18.24,GRXdB=10,N0=0.0002511886414140463
packet_number=445,correct=True,payload=[0,1,2,3,4,5,6,7,8,9,10,11,12,13,14,15,16,17,18,19,20,21,22,23,24,25,26,27,28,29,30,31,32,33,34,35,36,37,38,39,40,41,42,43,44,45,46,47,48,49,50,51,52,53,54,55,56,57,58,59,60,61,62,63,64,65,66,67,68,69,70,71,72,73,74,75,76,77,78,79,80,81,82,83,84,85,86,87,88,89,90,91,92,93,94,95,96,97,98,99]
CFO=-1120.9433732576817,STO=4
EsN0dB=18.25,GRXdB=10,N0=0.0002511886414140463
packet_number=446,correct=True,payload=[0,1,2,3,4,5,6,7,8,9,10,11,12,13,14,15,16,17,18,19,20,21,22,23,24,25,26,27,28,29,30,31,32,33,34,35,36,37,38,39,40,41,42,43,44,45,46,47,48,49,50,51,52,53,54,55,56,57,58,59,60,61,62,63,64,65,66,67,68,69,70,71,72,73,74,75,76,77,78,79,80,81,82,83,84,85,86,87,88,89,90,91,92,93,94,95,96,97,98,99]
CFO=-1090.0045135922935,STO=4
EsN0dB=18.29,GRXdB=10,N0=0.0002511886414140463
packet_number=447,correct=True,payload=[0,1,2,3,4,5,6,7,8,9,10,11,12,13,14,15,16,17,18,19,20,21,22,23,24,25,26,27,28,29,30,31,32,33,34,35,36,37,38,39,40,41,42,43,44,45,46,47,48,49,50,51,52,53,54,55,56,57,58,59,60,61,62,63,64,65,66,67,68,69,70,71,72,73,74,75,76,77,78,79,80,81,82,83,84,85,86,87,88,89,90,91,92,93,94,95,96,97,98,99]
CFO=-925.4019942310925,STO=4
EsN0dB=18.25,GRXdB=10,N0=0.0002511886414140463
packet_number=448,correct=True,payload=[0,1,2,3,4,5,6,7,8,9,10,11,12,13,14,15,16,17,18,19,20,21,22,23,24,25,26,27,28,29,30,31,32,33,34,35,36,37,38,39,40,41,42,43,44,45,46,47,48,49,50,51,52,53,54,55,56,57,58,59,60,61,62,63,64,65,66,67,68,69,70,71,72,73,74,75,76,77,78,79,80,81,82,83,84,85,86,87,88,89,90,91,92,93,94,95,96,97,98,99]
CFO=-1019.6215486294277,STO=4
EsN0dB=18.31,GRXdB=10,N0=0.0002511886414140463
packet_number=449,correct=True,payload=[0,1,2,3,4,5,6,7,8,9,10,11,12,13,14,15,16,17,18,19,20,21,22,23,24,25,26,27,28,29,30,31,32,33,34,35,36,37,38,39,40,41,42,43,44,45,46,47,48,49,50,51,52,53,54,55,56,57,58,59,60,61,62,63,64,65,66,67,68,69,70,71,72,73,74,75,76,77,78,79,80,81,82,83,84,85,86,87,88,89,90,91,92,93,94,95,96,97,98,99]
CFO=-971.0160370788147,STO=4
EsN0dB=18.25,GRXdB=10,N0=0.0002511886414140463
packet_number=450,correct=True,payload=[0,1,2,3,4,5,6,7,8,9,10,11,12,13,14,15,16,17,18,19,20,21,22,23,24,25,26,27,28,29,30,31,32,33,34,35,36,37,38,39,40,41,42,43,44,45,46,47,48,49,50,51,52,53,54,55,56,57,58,59,60,61,62,63,64,65,66,67,68,69,70,71,72,73,74,75,76,77,78,79,80,81,82,83,84,85,86,87,88,89,90,91,92,93,94,95,96,97,98,99]
CFO=-1000.6313697230036,STO=5
EsN0dB=18.22,GRXdB=10,N0=0.0002511886414140463
packet_number=451,correct=True,payload=[0,1,2,3,4,5,6,7,8,9,10,11,12,13,14,15,16,17,18,19,20,21,22,23,24,25,26,27,28,29,30,31,32,33,34,35,36,37,38,39,40,41,42,43,44,45,46,47,48,49,50,51,52,53,54,55,56,57,58,59,60,61,62,63,64,65,66,67,68,69,70,71,72,73,74,75,76,77,78,79,80,81,82,83,84,85,86,87,88,89,90,91,92,93,94,95,96,97,98,99]
CFO=-997.2727190623882,STO=4
EsN0dB=18.17,GRXdB=10,N0=0.0002511886414140463
packet_number=452,correct=True,payload=[0,1,2,3,4,5,6,7,8,9,10,11,12,13,14,15,16,17,18,19,20,21,22,23,24,25,26,27,28,29,30,31,32,33,34,35,36,37,38,39,40,41,42,43,44,45,46,47,48,49,50,51,52,53,54,55,56,57,58,59,60,61,62,63,64,65,66,67,68,69,70,71,72,73,74,75,76,77,78,79,80,81,82,83,84,85,86,87,88,89,90,91,92,93,94,95,96,97,98,99]
CFO=-1075.4381865498565,STO=5
EsN0dB=18.23,GRXdB=10,N0=0.0002511886414140463
packet_number=453,correct=True,payload=[0,1,2,3,4,5,6,7,8,9,10,11,12,13,14,15,16,17,18,19,20,21,22,23,24,25,26,27,28,29,30,31,32,33,34,35,36,37,38,39,40,41,42,43,44,45,46,47,48,49,50,51,52,53,54,55,56,57,58,59,60,61,62,63,64,65,66,67,68,69,70,71,72,73,74,75,76,77,78,79,80,81,82,83,84,85,86,87,88,89,90,91,92,93,94,95,96,97,98,99]
CFO=-1110.6399854628482,STO=5
EsN0dB=18.23,GRXdB=10,N0=0.0002511886414140463
packet_number=454,correct=True,payload=[0,1,2,3,4,5,6,7,8,9,10,11,12,13,14,15,16,17,18,19,20,21,22,23,24,25,26,27,28,29,30,31,32,33,34,35,36,37,38,39,40,41,42,43,44,45,46,47,48,49,50,51,52,53,54,55,56,57,58,59,60,61,62,63,64,65,66,67,68,69,70,71,72,73,74,75,76,77,78,79,80,81,82,83,84,85,86,87,88,89,90,91,92,93,94,95,96,97,98,99]
CFO=-1074.546704567562,STO=4
EsN0dB=18.26,GRXdB=10,N0=0.0002511886414140463
packet_number=455,correct=True,payload=[0,1,2,3,4,5,6,7,8,9,10,11,12,13,14,15,16,17,18,19,20,21,22,23,24,25,26,27,28,29,30,31,32,33,34,35,36,37,38,39,40,41,42,43,44,45,46,47,48,49,50,51,52,53,54,55,56,57,58,59,60,61,62,63,64,65,66,67,68,69,70,71,72,73,74,75,76,77,78,79,80,81,82,83,84,85,86,87,88,89,90,91,92,93,94,95,96,97,98,99]
CFO=-1009.9038258399881,STO=5
EsN0dB=18.24,GRXdB=10,N0=0.0002511886414140463
packet_number=456,correct=True,payload=[0,1,2,3,4,5,6,7,8,9,10,11,12,13,14,15,16,17,18,19,20,21,22,23,24,25,26,27,28,29,30,31,32,33,34,35,36,37,38,39,40,41,42,43,44,45,46,47,48,49,50,51,52,53,54,55,56,57,58,59,60,61,62,63,64,65,66,67,68,69,70,71,72,73,74,75,76,77,78,79,80,81,82,83,84,85,86,87,88,89,90,91,92,93,94,95,96,97,98,99]
CFO=-1125.5682176675573,STO=1
EsN0dB=18.29,GRXdB=10,N0=0.0002511886414140463
packet_number=457,correct=True,payload=[0,1,2,3,4,5,6,7,8,9,10,11,12,13,14,15,16,17,18,19,20,21,22,23,24,25,26,27,28,29,30,31,32,33,34,35,36,37,38,39,40,41,42,43,44,45,46,47,48,49,50,51,52,53,54,55,56,57,58,59,60,61,62,63,64,65,66,67,68,69,70,71,72,73,74,75,76,77,78,79,80,81,82,83,84,85,86,87,88,89,90,91,92,93,94,95,96,97,98,99]
CFO=-1038.0436123220752,STO=5
EsN0dB=18.24,GRXdB=10,N0=0.0002511886414140463
packet_number=458,correct=True,payload=[0,1,2,3,4,5,6,7,8,9,10,11,12,13,14,15,16,17,18,19,20,21,22,23,24,25,26,27,28,29,30,31,32,33,34,35,36,37,38,39,40,41,42,43,44,45,46,47,48,49,50,51,52,53,54,55,56,57,58,59,60,61,62,63,64,65,66,67,68,69,70,71,72,73,74,75,76,77,78,79,80,81,82,83,84,85,86,87,88,89,90,91,92,93,94,95,96,97,98,99]
CFO=-1039.760883147772,STO=4
EsN0dB=18.25,GRXdB=10,N0=0.0002511886414140463
packet_number=459,correct=True,payload=[0,1,2,3,4,5,6,7,8,9,10,11,12,13,14,15,16,17,18,19,20,21,22,23,24,25,26,27,28,29,30,31,32,33,34,35,36,37,38,39,40,41,42,43,44,45,46,47,48,49,50,51,52,53,54,55,56,57,58,59,60,61,62,63,64,65,66,67,68,69,70,71,72,73,74,75,76,77,78,79,80,81,82,83,84,85,86,87,88,89,90,91,92,93,94,95,96,97,98,99]
CFO=-1074.7319260169295,STO=4
EsN0dB=18.26,GRXdB=10,N0=0.0002511886414140463
packet_number=460,correct=True,payload=[0,1,2,3,4,5,6,7,8,9,10,11,12,13,14,15,16,17,18,19,20,21,22,23,24,25,26,27,28,29,30,31,32,33,34,35,36,37,38,39,40,41,42,43,44,45,46,47,48,49,50,51,52,53,54,55,56,57,58,59,60,61,62,63,64,65,66,67,68,69,70,71,72,73,74,75,76,77,78,79,80,81,82,83,84,85,86,87,88,89,90,91,92,93,94,95,96,97,98,99]
CFO=-1053.7350233027948,STO=4
EsN0dB=18.24,GRXdB=10,N0=0.0002511886414140463
packet_number=461,correct=True,payload=[0,1,2,3,4,5,6,7,8,9,10,11,12,13,14,15,16,17,18,19,20,21,22,23,24,25,26,27,28,29,30,31,32,33,34,35,36,37,38,39,40,41,42,43,44,45,46,47,48,49,50,51,52,53,54,55,56,57,58,59,60,61,62,63,64,65,66,67,68,69,70,71,72,73,74,75,76,77,78,79,80,81,82,83,84,85,86,87,88,89,90,91,92,93,94,95,96,97,98,99]
CFO=-1007.753502048165,STO=4
EsN0dB=18.24,GRXdB=10,N0=0.0002511886414140463
packet_number=462,correct=True,payload=[0,1,2,3,4,5,6,7,8,9,10,11,12,13,14,15,16,17,18,19,20,21,22,23,24,25,26,27,28,29,30,31,32,33,34,35,36,37,38,39,40,41,42,43,44,45,46,47,48,49,50,51,52,53,54,55,56,57,58,59,60,61,62,63,64,65,66,67,68,69,70,71,72,73,74,75,76,77,78,79,80,81,82,83,84,85,86,87,88,89,90,91,92,93,94,95,96,97,98,99]
CFO=-1031.479871677497,STO=4
EsN0dB=18.23,GRXdB=10,N0=0.0002511886414140463
packet_number=463,correct=True,payload=[0,1,2,3,4,5,6,7,8,9,10,11,12,13,14,15,16,17,18,19,20,21,22,23,24,25,26,27,28,29,30,31,32,33,34,35,36,37,38,39,40,41,42,43,44,45,46,47,48,49,50,51,52,53,54,55,56,57,58,59,60,61,62,63,64,65,66,67,68,69,70,71,72,73,74,75,76,77,78,79,80,81,82,83,84,85,86,87,88,89,90,91,92,93,94,95,96,97,98,99]
CFO=-1036.5383619518645,STO=5
EsN0dB=18.26,GRXdB=10,N0=0.0002511886414140463
packet_number=464,correct=True,payload=[0,1,2,3,4,5,6,7,8,9,10,11,12,13,14,15,16,17,18,19,20,21,22,23,24,25,26,27,28,29,30,31,32,33,34,35,36,37,38,39,40,41,42,43,44,45,46,47,48,49,50,51,52,53,54,55,56,57,58,59,60,61,62,63,64,65,66,67,68,69,70,71,72,73,74,75,76,77,78,79,80,81,82,83,84,85,86,87,88,89,90,91,92,93,94,95,96,97,98,99]
CFO=-973.8533522066878,STO=4
EsN0dB=18.23,GRXdB=10,N0=0.0002511886414140463
packet_number=465,correct=True,payload=[0,1,2,3,4,5,6,7,8,9,10,11,12,13,14,15,16,17,18,19,20,21,22,23,24,25,26,27,28,29,30,31,32,33,34,35,36,37,38,39,40,41,42,43,44,45,46,47,48,49,50,51,52,53,54,55,56,57,58,59,60,61,62,63,64,65,66,67,68,69,70,71,72,73,74,75,76,77,78,79,80,81,82,83,84,85,86,87,88,89,90,91,92,93,94,95,96,97,98,99]
CFO=-1031.0101775923854,STO=4
EsN0dB=18.27,GRXdB=10,N0=0.0002511886414140463
packet_number=466,correct=True,payload=[0,1,2,3,4,5,6,7,8,9,10,11,12,13,14,15,16,17,18,19,20,21,22,23,24,25,26,27,28,29,30,31,32,33,34,35,36,37,38,39,40,41,42,43,44,45,46,47,48,49,50,51,52,53,54,55,56,57,58,59,60,61,62,63,64,65,66,67,68,69,70,71,72,73,74,75,76,77,78,79,80,81,82,83,84,85,86,87,88,89,90,91,92,93,94,95,96,97,98,99]
CFO=-972.0495775094716,STO=4
EsN0dB=18.28,GRXdB=10,N0=0.0002511886414140463
packet_number=467,correct=True,payload=[0,1,2,3,4,5,6,7,8,9,10,11,12,13,14,15,16,17,18,19,20,21,22,23,24,25,26,27,28,29,30,31,32,33,34,35,36,37,38,39,40,41,42,43,44,45,46,47,48,49,50,51,52,53,54,55,56,57,58,59,60,61,62,63,64,65,66,67,68,69,70,71,72,73,74,75,76,77,78,79,80,81,82,83,84,85,86,87,88,89,90,91,92,93,94,95,96,97,98,99]
CFO=-1041.756579045885,STO=5
EsN0dB=18.28,GRXdB=10,N0=0.0002511886414140463
packet_number=468,correct=True,payload=[0,1,2,3,4,5,6,7,8,9,10,11,12,13,14,15,16,17,18,19,20,21,22,23,24,25,26,27,28,29,30,31,32,33,34,35,36,37,38,39,40,41,42,43,44,45,46,47,48,49,50,51,52,53,54,55,56,57,58,59,60,61,62,63,64,65,66,67,68,69,70,71,72,73,74,75,76,77,78,79,80,81,82,83,84,85,86,87,88,89,90,91,92,93,94,95,96,97,98,99]
CFO=-1044.7985033996756,STO=4
EsN0dB=18.26,GRXdB=10,N0=0.0002511886414140463
packet_number=469,correct=True,payload=[0,1,2,3,4,5,6,7,8,9,10,11,12,13,14,15,16,17,18,19,20,21,22,23,24,25,26,27,28,29,30,31,32,33,34,35,36,37,38,39,40,41,42,43,44,45,46,47,48,49,50,51,52,53,54,55,56,57,58,59,60,61,62,63,64,65,66,67,68,69,70,71,72,73,74,75,76,77,78,79,80,81,82,83,84,85,86,87,88,89,90,91,92,93,94,95,96,97,98,99]
CFO=-1122.5434873663648,STO=5
EsN0dB=18.25,GRXdB=10,N0=0.0002511886414140463
packet_number=470,correct=True,payload=[0,1,2,3,4,5,6,7,8,9,10,11,12,13,14,15,16,17,18,19,20,21,22,23,24,25,26,27,28,29,30,31,32,33,34,35,36,37,38,39,40,41,42,43,44,45,46,47,48,49,50,51,52,53,54,55,56,57,58,59,60,61,62,63,64,65,66,67,68,69,70,71,72,73,74,75,76,77,78,79,80,81,82,83,84,85,86,87,88,89,90,91,92,93,94,95,96,97,98,99]
CFO=-969.0503418379936,STO=4
EsN0dB=18.24,GRXdB=10,N0=0.0002511886414140463
packet_number=471,correct=True,payload=[0,1,2,3,4,5,6,7,8,9,10,11,12,13,14,15,16,17,18,19,20,21,22,23,24,25,26,27,28,29,30,31,32,33,34,35,36,37,38,39,40,41,42,43,44,45,46,47,48,49,50,51,52,53,54,55,56,57,58,59,60,61,62,63,64,65,66,67,68,69,70,71,72,73,74,75,76,77,78,79,80,81,82,83,84,85,86,87,88,89,90,91,92,93,94,95,96,97,98,99]
CFO=-1096.256508276317,STO=4
EsN0dB=18.22,GRXdB=10,N0=0.0002511886414140463
packet_number=472,correct=True,payload=[0,1,2,3,4,5,6,7,8,9,10,11,12,13,14,15,16,17,18,19,20,21,22,23,24,25,26,27,28,29,30,31,32,33,34,35,36,37,38,39,40,41,42,43,44,45,46,47,48,49,50,51,52,53,54,55,56,57,58,59,60,61,62,63,64,65,66,67,68,69,70,71,72,73,74,75,76,77,78,79,80,81,82,83,84,85,86,87,88,89,90,91,92,93,94,95,96,97,98,99]
CFO=-1031.2540959799326,STO=4
EsN0dB=18.24,GRXdB=10,N0=0.0002511886414140463
packet_number=473,correct=True,payload=[0,1,2,3,4,5,6,7,8,9,10,11,12,13,14,15,16,17,18,19,20,21,22,23,24,25,26,27,28,29,30,31,32,33,34,35,36,37,38,39,40,41,42,43,44,45,46,47,48,49,50,51,52,53,54,55,56,57,58,59,60,61,62,63,64,65,66,67,68,69,70,71,72,73,74,75,76,77,78,79,80,81,82,83,84,85,86,87,88,89,90,91,92,93,94,95,96,97,98,99]
CFO=-1043.4134928179785,STO=4
EsN0dB=18.25,GRXdB=10,N0=0.0002511886414140463
packet_number=474,correct=True,payload=[0,1,2,3,4,5,6,7,8,9,10,11,12,13,14,15,16,17,18,19,20,21,22,23,24,25,26,27,28,29,30,31,32,33,34,35,36,37,38,39,40,41,42,43,44,45,46,47,48,49,50,51,52,53,54,55,56,57,58,59,60,61,62,63,64,65,66,67,68,69,70,71,72,73,74,75,76,77,78,79,80,81,82,83,84,85,86,87,88,89,90,91,92,93,94,95,96,97,98,99]
CFO=-1025.3056652590208,STO=4
EsN0dB=18.20,GRXdB=10,N0=0.0002511886414140463
packet_number=475,correct=True,payload=[0,1,2,3,4,5,6,7,8,9,10,11,12,13,14,15,16,17,18,19,20,21,22,23,24,25,26,27,28,29,30,31,32,33,34,35,36,37,38,39,40,41,42,43,44,45,46,47,48,49,50,51,52,53,54,55,56,57,58,59,60,61,62,63,64,65,66,67,68,69,70,71,72,73,74,75,76,77,78,79,80,81,82,83,84,85,86,87,88,89,90,91,92,93,94,95,96,97,98,99]
CFO=-1024.6774301509872,STO=4
EsN0dB=18.22,GRXdB=10,N0=0.0002511886414140463
packet_number=476,correct=True,payload=[0,1,2,3,4,5,6,7,8,9,10,11,12,13,14,15,16,17,18,19,20,21,22,23,24,25,26,27,28,29,30,31,32,33,34,35,36,37,38,39,40,41,42,43,44,45,46,47,48,49,50,51,52,53,54,55,56,57,58,59,60,61,62,63,64,65,66,67,68,69,70,71,72,73,74,75,76,77,78,79,80,81,82,83,84,85,86,87,88,89,90,91,92,93,94,95,96,97,98,99]
CFO=-1062.791901574101,STO=5
EsN0dB=18.21,GRXdB=10,N0=0.0002511886414140463
packet_number=477,correct=True,payload=[0,1,2,3,4,5,6,7,8,9,10,11,12,13,14,15,16,17,18,19,20,21,22,23,24,25,26,27,28,29,30,31,32,33,34,35,36,37,38,39,40,41,42,43,44,45,46,47,48,49,50,51,52,53,54,55,56,57,58,59,60,61,62,63,64,65,66,67,68,69,70,71,72,73,74,75,76,77,78,79,80,81,82,83,84,85,86,87,88,89,90,91,92,93,94,95,96,97,98,99]
CFO=-1108.5068557236232,STO=5
EsN0dB=18.27,GRXdB=10,N0=0.0002511886414140463
packet_number=478,correct=True,payload=[0,1,2,3,4,5,6,7,8,9,10,11,12,13,14,15,16,17,18,19,20,21,22,23,24,25,26,27,28,29,30,31,32,33,34,35,36,37,38,39,40,41,42,43,44,45,46,47,48,49,50,51,52,53,54,55,56,57,58,59,60,61,62,63,64,65,66,67,68,69,70,71,72,73,74,75,76,77,78,79,80,81,82,83,84,85,86,87,88,89,90,91,92,93,94,95,96,97,98,99]
CFO=-969.0044515045075,STO=4
EsN0dB=18.22,GRXdB=10,N0=0.0002511886414140463
packet_number=479,correct=True,payload=[0,1,2,3,4,5,6,7,8,9,10,11,12,13,14,15,16,17,18,19,20,21,22,23,24,25,26,27,28,29,30,31,32,33,34,35,36,37,38,39,40,41,42,43,44,45,46,47,48,49,50,51,52,53,54,55,56,57,58,59,60,61,62,63,64,65,66,67,68,69,70,71,72,73,74,75,76,77,78,79,80,81,82,83,84,85,86,87,88,89,90,91,92,93,94,95,96,97,98,99]
CFO=-1064.5523354008026,STO=5
EsN0dB=18.24,GRXdB=10,N0=0.0002511886414140463
packet_number=480,correct=True,payload=[0,1,2,3,4,5,6,7,8,9,10,11,12,13,14,15,16,17,18,19,20,21,22,23,24,25,26,27,28,29,30,31,32,33,34,35,36,37,38,39,40,41,42,43,44,45,46,47,48,49,50,51,52,53,54,55,56,57,58,59,60,61,62,63,64,65,66,67,68,69,70,71,72,73,74,75,76,77,78,79,80,81,82,83,84,85,86,87,88,89,90,91,92,93,94,95,96,97,98,99]
CFO=-1087.4855255968318,STO=4
EsN0dB=18.30,GRXdB=10,N0=0.0002511886414140463
packet_number=481,correct=True,payload=[0,1,2,3,4,5,6,7,8,9,10,11,12,13,14,15,16,17,18,19,20,21,22,23,24,25,26,27,28,29,30,31,32,33,34,35,36,37,38,39,40,41,42,43,44,45,46,47,48,49,50,51,52,53,54,55,56,57,58,59,60,61,62,63,64,65,66,67,68,69,70,71,72,73,74,75,76,77,78,79,80,81,82,83,84,85,86,87,88,89,90,91,92,93,94,95,96,97,98,99]
CFO=-1087.0700224223228,STO=5
EsN0dB=18.26,GRXdB=10,N0=0.0002511886414140463
packet_number=482,correct=True,payload=[0,1,2,3,4,5,6,7,8,9,10,11,12,13,14,15,16,17,18,19,20,21,22,23,24,25,26,27,28,29,30,31,32,33,34,35,36,37,38,39,40,41,42,43,44,45,46,47,48,49,50,51,52,53,54,55,56,57,58,59,60,61,62,63,64,65,66,67,68,69,70,71,72,73,74,75,76,77,78,79,80,81,82,83,84,85,86,87,88,89,90,91,92,93,94,95,96,97,98,99]
CFO=-1032.6523874850157,STO=4
EsN0dB=18.28,GRXdB=10,N0=0.0002511886414140463
packet_number=483,correct=True,payload=[0,1,2,3,4,5,6,7,8,9,10,11,12,13,14,15,16,17,18,19,20,21,22,23,24,25,26,27,28,29,30,31,32,33,34,35,36,37,38,39,40,41,42,43,44,45,46,47,48,49,50,51,52,53,54,55,56,57,58,59,60,61,62,63,64,65,66,67,68,69,70,71,72,73,74,75,76,77,78,79,80,81,82,83,84,85,86,87,88,89,90,91,92,93,94,95,96,97,98,99]
CFO=-990.8447521434985,STO=4
EsN0dB=18.28,GRXdB=10,N0=0.0002511886414140463
packet_number=484,correct=True,payload=[0,1,2,3,4,5,6,7,8,9,10,11,12,13,14,15,16,17,18,19,20,21,22,23,24,25,26,27,28,29,30,31,32,33,34,35,36,37,38,39,40,41,42,43,44,45,46,47,48,49,50,51,52,53,54,55,56,57,58,59,60,61,62,63,64,65,66,67,68,69,70,71,72,73,74,75,76,77,78,79,80,81,82,83,84,85,86,87,88,89,90,91,92,93,94,95,96,97,98,99]
CFO=-925.5234791061737,STO=4
EsN0dB=18.22,GRXdB=10,N0=0.0002511886414140463
packet_number=485,correct=True,payload=[0,1,2,3,4,5,6,7,8,9,10,11,12,13,14,15,16,17,18,19,20,21,22,23,24,25,26,27,28,29,30,31,32,33,34,35,36,37,38,39,40,41,42,43,44,45,46,47,48,49,50,51,52,53,54,55,56,57,58,59,60,61,62,63,64,65,66,67,68,69,70,71,72,73,74,75,76,77,78,79,80,81,82,83,84,85,86,87,88,89,90,91,92,93,94,95,96,97,98,99]
CFO=-979.6914445417888,STO=4
EsN0dB=18.25,GRXdB=10,N0=0.0002511886414140463
packet_number=486,correct=True,payload=[0,1,2,3,4,5,6,7,8,9,10,11,12,13,14,15,16,17,18,19,20,21,22,23,24,25,26,27,28,29,30,31,32,33,34,35,36,37,38,39,40,41,42,43,44,45,46,47,48,49,50,51,52,53,54,55,56,57,58,59,60,61,62,63,64,65,66,67,68,69,70,71,72,73,74,75,76,77,78,79,80,81,82,83,84,85,86,87,88,89,90,91,92,93,94,95,96,97,98,99]
CFO=-1018.2564594328098,STO=2
EsN0dB=18.24,GRXdB=10,N0=0.0002511886414140463
packet_number=487,correct=True,payload=[0,1,2,3,4,5,6,7,8,9,10,11,12,13,14,15,16,17,18,19,20,21,22,23,24,25,26,27,28,29,30,31,32,33,34,35,36,37,38,39,40,41,42,43,44,45,46,47,48,49,50,51,52,53,54,55,56,57,58,59,60,61,62,63,64,65,66,67,68,69,70,71,72,73,74,75,76,77,78,79,80,81,82,83,84,85,86,87,88,89,90,91,92,93,94,95,96,97,98,99]
CFO=-1089.0221995804118,STO=5
EsN0dB=18.29,GRXdB=10,N0=0.0002511886414140463
packet_number=488,correct=True,payload=[0,1,2,3,4,5,6,7,8,9,10,11,12,13,14,15,16,17,18,19,20,21,22,23,24,25,26,27,28,29,30,31,32,33,34,35,36,37,38,39,40,41,42,43,44,45,46,47,48,49,50,51,52,53,54,55,56,57,58,59,60,61,62,63,64,65,66,67,68,69,70,71,72,73,74,75,76,77,78,79,80,81,82,83,84,85,86,87,88,89,90,91,92,93,94,95,96,97,98,99]
CFO=-1047.7001480002,STO=4
EsN0dB=18.28,GRXdB=10,N0=0.0002511886414140463
packet_number=489,correct=True,payload=[0,1,2,3,4,5,6,7,8,9,10,11,12,13,14,15,16,17,18,19,20,21,22,23,24,25,26,27,28,29,30,31,32,33,34,35,36,37,38,39,40,41,42,43,44,45,46,47,48,49,50,51,52,53,54,55,56,57,58,59,60,61,62,63,64,65,66,67,68,69,70,71,72,73,74,75,76,77,78,79,80,81,82,83,84,85,86,87,88,89,90,91,92,93,94,95,96,97,98,99]
CFO=-1141.2251219634077,STO=4
EsN0dB=18.28,GRXdB=10,N0=0.0002511886414140463
packet_number=490,correct=True,payload=[0,1,2,3,4,5,6,7,8,9,10,11,12,13,14,15,16,17,18,19,20,21,22,23,24,25,26,27,28,29,30,31,32,33,34,35,36,37,38,39,40,41,42,43,44,45,46,47,48,49,50,51,52,53,54,55,56,57,58,59,60,61,62,63,64,65,66,67,68,69,70,71,72,73,74,75,76,77,78,79,80,81,82,83,84,85,86,87,88,89,90,91,92,93,94,95,96,97,98,99]
CFO=-1059.8965416962503,STO=5
EsN0dB=18.29,GRXdB=10,N0=0.0002511886414140463
packet_number=491,correct=True,payload=[0,1,2,3,4,5,6,7,8,9,10,11,12,13,14,15,16,17,18,19,20,21,22,23,24,25,26,27,28,29,30,31,32,33,34,35,36,37,38,39,40,41,42,43,44,45,46,47,48,49,50,51,52,53,54,55,56,57,58,59,60,61,62,63,64,65,66,67,68,69,70,71,72,73,74,75,76,77,78,79,80,81,82,83,84,85,86,87,88,89,90,91,92,93,94,95,96,97,98,99]
CFO=-1060.7549399497523,STO=4
EsN0dB=18.24,GRXdB=10,N0=0.0002511886414140463
packet_number=492,correct=True,payload=[0,1,2,3,4,5,6,7,8,9,10,11,12,13,14,15,16,17,18,19,20,21,22,23,24,25,26,27,28,29,30,31,32,33,34,35,36,37,38,39,40,41,42,43,44,45,46,47,48,49,50,51,52,53,54,55,56,57,58,59,60,61,62,63,64,65,66,67,68,69,70,71,72,73,74,75,76,77,78,79,80,81,82,83,84,85,86,87,88,89,90,91,92,93,94,95,96,97,98,99]
CFO=-950.2047115530668,STO=2
EsN0dB=18.22,GRXdB=10,N0=0.0002511886414140463
packet_number=493,correct=True,payload=[0,1,2,3,4,5,6,7,8,9,10,11,12,13,14,15,16,17,18,19,20,21,22,23,24,25,26,27,28,29,30,31,32,33,34,35,36,37,38,39,40,41,42,43,44,45,46,47,48,49,50,51,52,53,54,55,56,57,58,59,60,61,62,63,64,65,66,67,68,69,70,71,72,73,74,75,76,77,78,79,80,81,82,83,84,85,86,87,88,89,90,91,92,93,94,95,96,97,98,99]
CFO=-981.3882603738773,STO=4
EsN0dB=18.32,GRXdB=10,N0=0.0002511886414140463
packet_number=494,correct=True,payload=[0,1,2,3,4,5,6,7,8,9,10,11,12,13,14,15,16,17,18,19,20,21,22,23,24,25,26,27,28,29,30,31,32,33,34,35,36,37,38,39,40,41,42,43,44,45,46,47,48,49,50,51,52,53,54,55,56,57,58,59,60,61,62,63,64,65,66,67,68,69,70,71,72,73,74,75,76,77,78,79,80,81,82,83,84,85,86,87,88,89,90,91,92,93,94,95,96,97,98,99]
CFO=-984.3542344470534,STO=5
EsN0dB=18.25,GRXdB=10,N0=0.0002511886414140463
packet_number=495,correct=True,payload=[0,1,2,3,4,5,6,7,8,9,10,11,12,13,14,15,16,17,18,19,20,21,22,23,24,25,26,27,28,29,30,31,32,33,34,35,36,37,38,39,40,41,42,43,44,45,46,47,48,49,50,51,52,53,54,55,56,57,58,59,60,61,62,63,64,65,66,67,68,69,70,71,72,73,74,75,76,77,78,79,80,81,82,83,84,85,86,87,88,89,90,91,92,93,94,95,96,97,98,99]
CFO=-1031.99261018394,STO=4
EsN0dB=18.29,GRXdB=10,N0=0.0002511886414140463
packet_number=496,correct=True,payload=[0,1,2,3,4,5,6,7,8,9,10,11,12,13,14,15,16,17,18,19,20,21,22,23,24,25,26,27,28,29,30,31,32,33,34,35,36,37,38,39,40,41,42,43,44,45,46,47,48,49,50,51,52,53,54,55,56,57,58,59,60,61,62,63,64,65,66,67,68,69,70,71,72,73,74,75,76,77,78,79,80,81,82,83,84,85,86,87,88,89,90,91,92,93,94,95,96,97,98,99]
CFO=-1009.9414155963578,STO=5
EsN0dB=18.30,GRXdB=10,N0=0.0002511886414140463
packet_number=497,correct=True,payload=[0,1,2,3,4,5,6,7,8,9,10,11,12,13,14,15,16,17,18,19,20,21,22,23,24,25,26,27,28,29,30,31,32,33,34,35,36,37,38,39,40,41,42,43,44,45,46,47,48,49,50,51,52,53,54,55,56,57,58,59,60,61,62,63,64,65,66,67,68,69,70,71,72,73,74,75,76,77,78,79,80,81,82,83,84,85,86,87,88,89,90,91,92,93,94,95,96,97,98,99]
CFO=-1103.5045722143007,STO=4
EsN0dB=18.23,GRXdB=10,N0=0.0002511886414140463
packet_number=498,correct=True,payload=[0,1,2,3,4,5,6,7,8,9,10,11,12,13,14,15,16,17,18,19,20,21,22,23,24,25,26,27,28,29,30,31,32,33,34,35,36,37,38,39,40,41,42,43,44,45,46,47,48,49,50,51,52,53,54,55,56,57,58,59,60,61,62,63,64,65,66,67,68,69,70,71,72,73,74,75,76,77,78,79,80,81,82,83,84,85,86,87,88,89,90,91,92,93,94,95,96,97,98,99]
CFO=-1078.45758076576,STO=4
EsN0dB=18.25,GRXdB=10,N0=0.0002511886414140463
packet_number=499,correct=True,payload=[0,1,2,3,4,5,6,7,8,9,10,11,12,13,14,15,16,17,18,19,20,21,22,23,24,25,26,27,28,29,30,31,32,33,34,35,36,37,38,39,40,41,42,43,44,45,46,47,48,49,50,51,52,53,54,55,56,57,58,59,60,61,62,63,64,65,66,67,68,69,70,71,72,73,74,75,76,77,78,79,80,81,82,83,84,85,86,87,88,89,90,91,92,93,94,95,96,97,98,99]
CFO=-1085.5248107022805,STO=4
EsN0dB=18.22,GRXdB=10,N0=0.0002511886414140463
packet_number=500,correct=True,payload=[0,1,2,3,4,5,6,7,8,9,10,11,12,13,14,15,16,17,18,19,20,21,22,23,24,25,26,27,28,29,30,31,32,33,34,35,36,37,38,39,40,41,42,43,44,45,46,47,48,49,50,51,52,53,54,55,56,57,58,59,60,61,62,63,64,65,66,67,68,69,70,71,72,73,74,75,76,77,78,79,80,81,82,83,84,85,86,87,88,89,90,91,92,93,94,95,96,97,98,99]
CFO=-1081.0030120283207,STO=4
EsN0dB=17.27,GRXdB=10,N0=0.0003162277571391314
packet_number=501,correct=True,payload=[0,1,2,3,4,5,6,7,8,9,10,11,12,13,14,15,16,17,18,19,20,21,22,23,24,25,26,27,28,29,30,31,32,33,34,35,36,37,38,39,40,41,42,43,44,45,46,47,48,49,50,51,52,53,54,55,56,57,58,59,60,61,62,63,64,65,66,67,68,69,70,71,72,73,74,75,76,77,78,79,80,81,82,83,84,85,86,87,88,89,90,91,92,93,94,95,96,97,98,99]
CFO=-1028.6868460575233,STO=4
EsN0dB=17.22,GRXdB=10,N0=0.0003162277571391314
packet_number=502,correct=True,payload=[0,1,2,3,4,5,6,7,8,9,10,11,12,13,14,15,16,17,18,19,20,21,22,23,24,25,26,27,28,29,30,31,32,33,34,35,36,37,38,39,40,41,42,43,44,45,46,47,48,49,50,51,52,53,54,55,56,57,58,59,60,61,62,63,64,65,66,67,68,69,70,71,72,73,74,75,76,77,78,79,80,81,82,83,84,85,86,87,88,89,90,91,92,93,94,95,96,97,98,99]
CFO=-1076.1290317252817,STO=4
EsN0dB=17.23,GRXdB=10,N0=0.0003162277571391314
packet_number=503,correct=True,payload=[0,1,2,3,4,5,6,7,8,9,10,11,12,13,14,15,16,17,18,19,20,21,22,23,24,25,26,27,28,29,30,31,32,33,34,35,36,37,38,39,40,41,42,43,44,45,46,47,48,49,50,51,52,53,54,55,56,57,58,59,60,61,62,63,64,65,66,67,68,69,70,71,72,73,74,75,76,77,78,79,80,81,82,83,84,85,86,87,88,89,90,91,92,93,94,95,96,97,98,99]
CFO=-1065.048117013994,STO=4
EsN0dB=17.21,GRXdB=10,N0=0.0003162277571391314
packet_number=504,correct=True,payload=[0,1,2,3,4,5,6,7,8,9,10,11,12,13,14,15,16,17,18,19,20,21,22,23,24,25,26,27,28,29,30,31,32,33,34,35,36,37,38,39,40,41,42,43,44,45,46,47,48,49,50,51,52,53,54,55,56,57,58,59,60,61,62,63,64,65,66,67,68,69,70,71,72,73,74,75,76,77,78,79,80,81,82,83,84,85,86,87,88,89,90,91,92,93,94,95,96,97,98,99]
CFO=-979.5438721386276,STO=5
EsN0dB=17.29,GRXdB=10,N0=0.0003162277571391314
packet_number=505,correct=True,payload=[0,1,2,3,4,5,6,7,8,9,10,11,12,13,14,15,16,17,18,19,20,21,22,23,24,25,26,27,28,29,30,31,32,33,34,35,36,37,38,39,40,41,42,43,44,45,46,47,48,49,50,51,52,53,54,55,56,57,58,59,60,61,62,63,64,65,66,67,68,69,70,71,72,73,74,75,76,77,78,79,80,81,82,83,84,85,86,87,88,89,90,91,92,93,94,95,96,97,98,99]
CFO=-1065.814616020851,STO=4
EsN0dB=17.22,GRXdB=10,N0=0.0003162277571391314
packet_number=506,correct=True,payload=[0,1,2,3,4,5,6,7,8,9,10,11,12,13,14,15,16,17,18,19,20,21,22,23,24,25,26,27,28,29,30,31,32,33,34,35,36,37,38,39,40,41,42,43,44,45,46,47,48,49,50,51,52,53,54,55,56,57,58,59,60,61,62,63,64,65,66,67,68,69,70,71,72,73,74,75,76,77,78,79,80,81,82,83,84,85,86,87,88,89,90,91,92,93,94,95,96,97,98,99]
CFO=-1141.745923887621,STO=4
EsN0dB=17.31,GRXdB=10,N0=0.0003162277571391314
packet_number=507,correct=True,payload=[0,1,2,3,4,5,6,7,8,9,10,11,12,13,14,15,16,17,18,19,20,21,22,23,24,25,26,27,28,29,30,31,32,33,34,35,36,37,38,39,40,41,42,43,44,45,46,47,48,49,50,51,52,53,54,55,56,57,58,59,60,61,62,63,64,65,66,67,68,69,70,71,72,73,74,75,76,77,78,79,80,81,82,83,84,85,86,87,88,89,90,91,92,93,94,95,96,97,98,99]
CFO=-1021.6074024146743,STO=5
EsN0dB=17.22,GRXdB=10,N0=0.0003162277571391314
packet_number=508,correct=True,payload=[0,1,2,3,4,5,6,7,8,9,10,11,12,13,14,15,16,17,18,19,20,21,22,23,24,25,26,27,28,29,30,31,32,33,34,35,36,37,38,39,40,41,42,43,44,45,46,47,48,49,50,51,52,53,54,55,56,57,58,59,60,61,62,63,64,65,66,67,68,69,70,71,72,73,74,75,76,77,78,79,80,81,82,83,84,85,86,87,88,89,90,91,92,93,94,95,96,97,98,99]
CFO=-1006.5694840123564,STO=4
EsN0dB=17.24,GRXdB=10,N0=0.0003162277571391314
packet_number=509,correct=True,payload=[0,1,2,3,4,5,6,7,8,9,10,11,12,13,14,15,16,17,18,19,20,21,22,23,24,25,26,27,28,29,30,31,32,33,34,35,36,37,38,39,40,41,42,43,44,45,46,47,48,49,50,51,52,53,54,55,56,57,58,59,60,61,62,63,64,65,66,67,68,69,70,71,72,73,74,75,76,77,78,79,80,81,82,83,84,85,86,87,88,89,90,91,92,93,94,95,96,97,98,99]
CFO=-1042.638456074659,STO=4
EsN0dB=17.24,GRXdB=10,N0=0.0003162277571391314
packet_number=510,correct=True,payload=[0,1,2,3,4,5,6,7,8,9,10,11,12,13,14,15,16,17,18,19,20,21,22,23,24,25,26,27,28,29,30,31,32,33,34,35,36,37,38,39,40,41,42,43,44,45,46,47,48,49,50,51,52,53,54,55,56,57,58,59,60,61,62,63,64,65,66,67,68,69,70,71,72,73,74,75,76,77,78,79,80,81,82,83,84,85,86,87,88,89,90,91,92,93,94,95,96,97,98,99]
CFO=-1047.4698662750584,STO=5
EsN0dB=17.28,GRXdB=10,N0=0.0003162277571391314
packet_number=511,correct=True,payload=[0,1,2,3,4,5,6,7,8,9,10,11,12,13,14,15,16,17,18,19,20,21,22,23,24,25,26,27,28,29,30,31,32,33,34,35,36,37,38,39,40,41,42,43,44,45,46,47,48,49,50,51,52,53,54,55,56,57,58,59,60,61,62,63,64,65,66,67,68,69,70,71,72,73,74,75,76,77,78,79,80,81,82,83,84,85,86,87,88,89,90,91,92,93,94,95,96,97,98,99]
CFO=-1079.99081593882,STO=6
EsN0dB=17.26,GRXdB=10,N0=0.0003162277571391314
packet_number=512,correct=True,payload=[0,1,2,3,4,5,6,7,8,9,10,11,12,13,14,15,16,17,18,19,20,21,22,23,24,25,26,27,28,29,30,31,32,33,34,35,36,37,38,39,40,41,42,43,44,45,46,47,48,49,50,51,52,53,54,55,56,57,58,59,60,61,62,63,64,65,66,67,68,69,70,71,72,73,74,75,76,77,78,79,80,81,82,83,84,85,86,87,88,89,90,91,92,93,94,95,96,97,98,99]
CFO=-1032.6280786520322,STO=4
EsN0dB=17.26,GRXdB=10,N0=0.0003162277571391314
packet_number=513,correct=True,payload=[0,1,2,3,4,5,6,7,8,9,10,11,12,13,14,15,16,17,18,19,20,21,22,23,24,25,26,27,28,29,30,31,32,33,34,35,36,37,38,39,40,41,42,43,44,45,46,47,48,49,50,51,52,53,54,55,56,57,58,59,60,61,62,63,64,65,66,67,68,69,70,71,72,73,74,75,76,77,78,79,80,81,82,83,84,85,86,87,88,89,90,91,92,93,94,95,96,97,98,99]
CFO=-1018.9534707512358,STO=4
EsN0dB=17.31,GRXdB=10,N0=0.0003162277571391314
packet_number=514,correct=True,payload=[0,1,2,3,4,5,6,7,8,9,10,11,12,13,14,15,16,17,18,19,20,21,22,23,24,25,26,27,28,29,30,31,32,33,34,35,36,37,38,39,40,41,42,43,44,45,46,47,48,49,50,51,52,53,54,55,56,57,58,59,60,61,62,63,64,65,66,67,68,69,70,71,72,73,74,75,76,77,78,79,80,81,82,83,84,85,86,87,88,89,90,91,92,93,94,95,96,97,98,99]
CFO=-969.3313756632181,STO=5
EsN0dB=17.24,GRXdB=10,N0=0.0003162277571391314
packet_number=515,correct=True,payload=[0,1,2,3,4,5,6,7,8,9,10,11,12,13,14,15,16,17,18,19,20,21,22,23,24,25,26,27,28,29,30,31,32,33,34,35,36,37,38,39,40,41,42,43,44,45,46,47,48,49,50,51,52,53,54,55,56,57,58,59,60,61,62,63,64,65,66,67,68,69,70,71,72,73,74,75,76,77,78,79,80,81,82,83,84,85,86,87,88,89,90,91,92,93,94,95,96,97,98,99]
CFO=-1034.0079903077863,STO=4
EsN0dB=17.33,GRXdB=10,N0=0.0003162277571391314
packet_number=516,correct=True,payload=[0,1,2,3,4,5,6,7,8,9,10,11,12,13,14,15,16,17,18,19,20,21,22,23,24,25,26,27,28,29,30,31,32,33,34,35,36,37,38,39,40,41,42,43,44,45,46,47,48,49,50,51,52,53,54,55,56,57,58,59,60,61,62,63,64,65,66,67,68,69,70,71,72,73,74,75,76,77,78,79,80,81,82,83,84,85,86,87,88,89,90,91,92,93,94,95,96,97,98,99]
CFO=-940.7996833615668,STO=5
EsN0dB=17.26,GRXdB=10,N0=0.0003162277571391314
packet_number=517,correct=True,payload=[0,1,2,3,4,5,6,7,8,9,10,11,12,13,14,15,16,17,18,19,20,21,22,23,24,25,26,27,28,29,30,31,32,33,34,35,36,37,38,39,40,41,42,43,44,45,46,47,48,49,50,51,52,53,54,55,56,57,58,59,60,61,62,63,64,65,66,67,68,69,70,71,72,73,74,75,76,77,78,79,80,81,82,83,84,85,86,87,88,89,90,91,92,93,94,95,96,97,98,99]
CFO=-1106.6480007682567,STO=5
EsN0dB=17.20,GRXdB=10,N0=0.0003162277571391314
packet_number=518,correct=True,payload=[0,1,2,3,4,5,6,7,8,9,10,11,12,13,14,15,16,17,18,19,20,21,22,23,24,25,26,27,28,29,30,31,32,33,34,35,36,37,38,39,40,41,42,43,44,45,46,47,48,49,50,51,52,53,54,55,56,57,58,59,60,61,62,63,64,65,66,67,68,69,70,71,72,73,74,75,76,77,78,79,80,81,82,83,84,85,86,87,88,89,90,91,92,93,94,95,96,97,98,99]
CFO=-1099.7923169685293,STO=4
EsN0dB=17.19,GRXdB=10,N0=0.0003162277571391314
packet_number=519,correct=True,payload=[0,1,2,3,4,5,6,7,8,9,10,11,12,13,14,15,16,17,18,19,20,21,22,23,24,25,26,27,28,29,30,31,32,33,34,35,36,37,38,39,40,41,42,43,44,45,46,47,48,49,50,51,52,53,54,55,56,57,58,59,60,61,62,63,64,65,66,67,68,69,70,71,72,73,74,75,76,77,78,79,80,81,82,83,84,85,86,87,88,89,90,91,92,93,94,95,96,97,98,99]
CFO=-1048.2906747721906,STO=3
EsN0dB=17.23,GRXdB=10,N0=0.0003162277571391314
packet_number=520,correct=True,payload=[0,1,2,3,4,5,6,7,8,9,10,11,12,13,14,15,16,17,18,19,20,21,22,23,24,25,26,27,28,29,30,31,32,33,34,35,36,37,38,39,40,41,42,43,44,45,46,47,48,49,50,51,52,53,54,55,56,57,58,59,60,61,62,63,64,65,66,67,68,69,70,71,72,73,74,75,76,77,78,79,80,81,82,83,84,85,86,87,88,89,90,91,92,93,94,95,96,97,98,99]
CFO=-1033.8956953573695,STO=5
EsN0dB=17.26,GRXdB=10,N0=0.0003162277571391314
packet_number=521,correct=True,payload=[0,1,2,3,4,5,6,7,8,9,10,11,12,13,14,15,16,17,18,19,20,21,22,23,24,25,26,27,28,29,30,31,32,33,34,35,36,37,38,39,40,41,42,43,44,45,46,47,48,49,50,51,52,53,54,55,56,57,58,59,60,61,62,63,64,65,66,67,68,69,70,71,72,73,74,75,76,77,78,79,80,81,82,83,84,85,86,87,88,89,90,91,92,93,94,95,96,97,98,99]
CFO=-1135.790496965997,STO=5
EsN0dB=17.27,GRXdB=10,N0=0.0003162277571391314
packet_number=522,correct=True,payload=[0,1,2,3,4,5,6,7,8,9,10,11,12,13,14,15,16,17,18,19,20,21,22,23,24,25,26,27,28,29,30,31,32,33,34,35,36,37,38,39,40,41,42,43,44,45,46,47,48,49,50,51,52,53,54,55,56,57,58,59,60,61,62,63,64,65,66,67,68,69,70,71,72,73,74,75,76,77,78,79,80,81,82,83,84,85,86,87,88,89,90,91,92,93,94,95,96,97,98,99]
CFO=-992.3849835172709,STO=4
EsN0dB=17.24,GRXdB=10,N0=0.0003162277571391314
packet_number=523,correct=True,payload=[0,1,2,3,4,5,6,7,8,9,10,11,12,13,14,15,16,17,18,19,20,21,22,23,24,25,26,27,28,29,30,31,32,33,34,35,36,37,38,39,40,41,42,43,44,45,46,47,48,49,50,51,52,53,54,55,56,57,58,59,60,61,62,63,64,65,66,67,68,69,70,71,72,73,74,75,76,77,78,79,80,81,82,83,84,85,86,87,88,89,90,91,92,93,94,95,96,97,98,99]
CFO=-1062.3843432376889,STO=4
EsN0dB=17.24,GRXdB=10,N0=0.0003162277571391314
packet_number=524,correct=True,payload=[0,1,2,3,4,5,6,7,8,9,10,11,12,13,14,15,16,17,18,19,20,21,22,23,24,25,26,27,28,29,30,31,32,33,34,35,36,37,38,39,40,41,42,43,44,45,46,47,48,49,50,51,52,53,54,55,56,57,58,59,60,61,62,63,64,65,66,67,68,69,70,71,72,73,74,75,76,77,78,79,80,81,82,83,84,85,86,87,88,89,90,91,92,93,94,95,96,97,98,99]
CFO=-1081.4207682166184,STO=5
EsN0dB=17.26,GRXdB=10,N0=0.0003162277571391314
packet_number=525,correct=True,payload=[0,1,2,3,4,5,6,7,8,9,10,11,12,13,14,15,16,17,18,19,20,21,22,23,24,25,26,27,28,29,30,31,32,33,34,35,36,37,38,39,40,41,42,43,44,45,46,47,48,49,50,51,52,53,54,55,56,57,58,59,60,61,62,63,64,65,66,67,68,69,70,71,72,73,74,75,76,77,78,79,80,81,82,83,84,85,86,87,88,89,90,91,92,93,94,95,96,97,98,99]
CFO=-1237.9595733584827,STO=4
EsN0dB=17.23,GRXdB=10,N0=0.0003162277571391314
packet_number=526,correct=True,payload=[0,1,2,3,4,5,6,7,8,9,10,11,12,13,14,15,16,17,18,19,20,21,22,23,24,25,26,27,28,29,30,31,32,33,34,35,36,37,38,39,40,41,42,43,44,45,46,47,48,49,50,51,52,53,54,55,56,57,58,59,60,61,62,63,64,65,66,67,68,69,70,71,72,73,74,75,76,77,78,79,80,81,82,83,84,85,86,87,88,89,90,91,92,93,94,95,96,97,98,99]
CFO=-1017.3324866200887,STO=4
EsN0dB=17.26,GRXdB=10,N0=0.0003162277571391314
packet_number=527,correct=True,payload=[0,1,2,3,4,5,6,7,8,9,10,11,12,13,14,15,16,17,18,19,20,21,22,23,24,25,26,27,28,29,30,31,32,33,34,35,36,37,38,39,40,41,42,43,44,45,46,47,48,49,50,51,52,53,54,55,56,57,58,59,60,61,62,63,64,65,66,67,68,69,70,71,72,73,74,75,76,77,78,79,80,81,82,83,84,85,86,87,88,89,90,91,92,93,94,95,96,97,98,99]
CFO=-966.9938145675851,STO=5
EsN0dB=17.27,GRXdB=10,N0=0.0003162277571391314
packet_number=528,correct=True,payload=[0,1,2,3,4,5,6,7,8,9,10,11,12,13,14,15,16,17,18,19,20,21,22,23,24,25,26,27,28,29,30,31,32,33,34,35,36,37,38,39,40,41,42,43,44,45,46,47,48,49,50,51,52,53,54,55,56,57,58,59,60,61,62,63,64,65,66,67,68,69,70,71,72,73,74,75,76,77,78,79,80,81,82,83,84,85,86,87,88,89,90,91,92,93,94,95,96,97,98,99]
CFO=-1104.609853347177,STO=4
EsN0dB=17.25,GRXdB=10,N0=0.0003162277571391314
packet_number=529,correct=True,payload=[0,1,2,3,4,5,6,7,8,9,10,11,12,13,14,15,16,17,18,19,20,21,22,23,24,25,26,27,28,29,30,31,32,33,34,35,36,37,38,39,40,41,42,43,44,45,46,47,48,49,50,51,52,53,54,55,56,57,58,59,60,61,62,63,64,65,66,67,68,69,70,71,72,73,74,75,76,77,78,79,80,81,82,83,84,85,86,87,88,89,90,91,92,93,94,95,96,97,98,99]
CFO=-1018.84236159755,STO=4
EsN0dB=17.29,GRXdB=10,N0=0.0003162277571391314
packet_number=530,correct=True,payload=[0,1,2,3,4,5,6,7,8,9,10,11,12,13,14,15,16,17,18,19,20,21,22,23,24,25,26,27,28,29,30,31,32,33,34,35,36,37,38,39,40,41,42,43,44,45,46,47,48,49,50,51,52,53,54,55,56,57,58,59,60,61,62,63,64,65,66,67,68,69,70,71,72,73,74,75,76,77,78,79,80,81,82,83,84,85,86,87,88,89,90,91,92,93,94,95,96,97,98,99]
CFO=-1081.8507381112445,STO=5
EsN0dB=17.34,GRXdB=10,N0=0.0003162277571391314
packet_number=531,correct=True,payload=[0,1,2,3,4,5,6,7,8,9,10,11,12,13,14,15,16,17,18,19,20,21,22,23,24,25,26,27,28,29,30,31,32,33,34,35,36,37,38,39,40,41,42,43,44,45,46,47,48,49,50,51,52,53,54,55,56,57,58,59,60,61,62,63,64,65,66,67,68,69,70,71,72,73,74,75,76,77,78,79,80,81,82,83,84,85,86,87,88,89,90,91,92,93,94,95,96,97,98,99]
CFO=-974.3999452097984,STO=4
EsN0dB=17.28,GRXdB=10,N0=0.0003162277571391314
packet_number=532,correct=True,payload=[0,1,2,3,4,5,6,7,8,9,10,11,12,13,14,15,16,17,18,19,20,21,22,23,24,25,26,27,28,29,30,31,32,33,34,35,36,37,38,39,40,41,42,43,44,45,46,47,48,49,50,51,52,53,54,55,56,57,58,59,60,61,62,63,64,65,66,67,68,69,70,71,72,73,74,75,76,77,78,79,80,81,82,83,84,85,86,87,88,89,90,91,92,93,94,95,96,97,98,99]
CFO=-962.4396436428714,STO=4
EsN0dB=17.22,GRXdB=10,N0=0.0003162277571391314
packet_number=533,correct=True,payload=[0,1,2,3,4,5,6,7,8,9,10,11,12,13,14,15,16,17,18,19,20,21,22,23,24,25,26,27,28,29,30,31,32,33,34,35,36,37,38,39,40,41,42,43,44,45,46,47,48,49,50,51,52,53,54,55,56,57,58,59,60,61,62,63,64,65,66,67,68,69,70,71,72,73,74,75,76,77,78,79,80,81,82,83,84,85,86,87,88,89,90,91,92,93,94,95,96,97,98,99]
CFO=-964.0083341381855,STO=4
EsN0dB=17.22,GRXdB=10,N0=0.0003162277571391314
packet_number=534,correct=True,payload=[0,1,2,3,4,5,6,7,8,9,10,11,12,13,14,15,16,17,18,19,20,21,22,23,24,25,26,27,28,29,30,31,32,33,34,35,36,37,38,39,40,41,42,43,44,45,46,47,48,49,50,51,52,53,54,55,56,57,58,59,60,61,62,63,64,65,66,67,68,69,70,71,72,73,74,75,76,77,78,79,80,81,82,83,84,85,86,87,88,89,90,91,92,93,94,95,96,97,98,99]
CFO=-1055.9253084444495,STO=4
EsN0dB=17.20,GRXdB=10,N0=0.0003162277571391314
packet_number=535,correct=True,payload=[0,1,2,3,4,5,6,7,8,9,10,11,12,13,14,15,16,17,18,19,20,21,22,23,24,25,26,27,28,29,30,31,32,33,34,35,36,37,38,39,40,41,42,43,44,45,46,47,48,49,50,51,52,53,54,55,56,57,58,59,60,61,62,63,64,65,66,67,68,69,70,71,72,73,74,75,76,77,78,79,80,81,82,83,84,85,86,87,88,89,90,91,92,93,94,95,96,97,98,99]
CFO=-1134.256431735225,STO=5
EsN0dB=17.19,GRXdB=10,N0=0.0003162277571391314
packet_number=536,correct=True,payload=[0,1,2,3,4,5,6,7,8,9,10,11,12,13,14,15,16,17,18,19,20,21,22,23,24,25,26,27,28,29,30,31,32,33,34,35,36,37,38,39,40,41,42,43,44,45,46,47,48,49,50,51,52,53,54,55,56,57,58,59,60,61,62,63,64,65,66,67,68,69,70,71,72,73,74,75,76,77,78,79,80,81,82,83,84,85,86,87,88,89,90,91,92,93,94,95,96,97,98,99]
CFO=-1047.4296677658806,STO=4
EsN0dB=17.21,GRXdB=10,N0=0.0003162277571391314
packet_number=537,correct=True,payload=[0,1,2,3,4,5,6,7,8,9,10,11,12,13,14,15,16,17,18,19,20,21,22,23,24,25,26,27,28,29,30,31,32,33,34,35,36,37,38,39,40,41,42,43,44,45,46,47,48,49,50,51,52,53,54,55,56,57,58,59,60,61,62,63,64,65,66,67,68,69,70,71,72,73,74,75,76,77,78,79,80,81,82,83,84,85,86,87,88,89,90,91,92,93,94,95,96,97,98,99]
CFO=-1043.748361814786,STO=5
EsN0dB=17.30,GRXdB=10,N0=0.0003162277571391314
packet_number=538,correct=True,payload=[0,1,2,3,4,5,6,7,8,9,10,11,12,13,14,15,16,17,18,19,20,21,22,23,24,25,26,27,28,29,30,31,32,33,34,35,36,37,38,39,40,41,42,43,44,45,46,47,48,49,50,51,52,53,54,55,56,57,58,59,60,61,62,63,64,65,66,67,68,69,70,71,72,73,74,75,76,77,78,79,80,81,82,83,84,85,86,87,88,89,90,91,92,93,94,95,96,97,98,99]
CFO=-1037.959302174508,STO=4
EsN0dB=17.29,GRXdB=10,N0=0.0003162277571391314
packet_number=539,correct=True,payload=[0,1,2,3,4,5,6,7,8,9,10,11,12,13,14,15,16,17,18,19,20,21,22,23,24,25,26,27,28,29,30,31,32,33,34,35,36,37,38,39,40,41,42,43,44,45,46,47,48,49,50,51,52,53,54,55,56,57,58,59,60,61,62,63,64,65,66,67,68,69,70,71,72,73,74,75,76,77,78,79,80,81,82,83,84,85,86,87,88,89,90,91,92,93,94,95,96,97,98,99]
CFO=-1033.0553212141772,STO=5
EsN0dB=17.16,GRXdB=10,N0=0.0003162277571391314
packet_number=540,correct=True,payload=[0,1,2,3,4,5,6,7,8,9,10,11,12,13,14,15,16,17,18,19,20,21,22,23,24,25,26,27,28,29,30,31,32,33,34,35,36,37,38,39,40,41,42,43,44,45,46,47,48,49,50,51,52,53,54,55,56,57,58,59,60,61,62,63,64,65,66,67,68,69,70,71,72,73,74,75,76,77,78,79,80,81,82,83,84,85,86,87,88,89,90,91,92,93,94,95,96,97,98,99]
CFO=-1110.9204263897072,STO=5
EsN0dB=17.22,GRXdB=10,N0=0.0003162277571391314
packet_number=541,correct=True,payload=[0,1,2,3,4,5,6,7,8,9,10,11,12,13,14,15,16,17,18,19,20,21,22,23,24,25,26,27,28,29,30,31,32,33,34,35,36,37,38,39,40,41,42,43,44,45,46,47,48,49,50,51,52,53,54,55,56,57,58,59,60,61,62,63,64,65,66,67,68,69,70,71,72,73,74,75,76,77,78,79,80,81,82,83,84,85,86,87,88,89,90,91,92,93,94,95,96,97,98,99]
CFO=-1139.2546835356627,STO=5
EsN0dB=17.22,GRXdB=10,N0=0.0003162277571391314
packet_number=542,correct=True,payload=[0,1,2,3,4,5,6,7,8,9,10,11,12,13,14,15,16,17,18,19,20,21,22,23,24,25,26,27,28,29,30,31,32,33,34,35,36,37,38,39,40,41,42,43,44,45,46,47,48,49,50,51,52,53,54,55,56,57,58,59,60,61,62,63,64,65,66,67,68,69,70,71,72,73,74,75,76,77,78,79,80,81,82,83,84,85,86,87,88,89,90,91,92,93,94,95,96,97,98,99]
CFO=-1021.354116232953,STO=4
EsN0dB=17.23,GRXdB=10,N0=0.0003162277571391314
packet_number=543,correct=True,payload=[0,1,2,3,4,5,6,7,8,9,10,11,12,13,14,15,16,17,18,19,20,21,22,23,24,25,26,27,28,29,30,31,32,33,34,35,36,37,38,39,40,41,42,43,44,45,46,47,48,49,50,51,52,53,54,55,56,57,58,59,60,61,62,63,64,65,66,67,68,69,70,71,72,73,74,75,76,77,78,79,80,81,82,83,84,85,86,87,88,89,90,91,92,93,94,95,96,97,98,99]
CFO=-1087.5304672929333,STO=5
EsN0dB=17.21,GRXdB=10,N0=0.0003162277571391314
packet_number=544,correct=True,payload=[0,1,2,3,4,5,6,7,8,9,10,11,12,13,14,15,16,17,18,19,20,21,22,23,24,25,26,27,28,29,30,31,32,33,34,35,36,37,38,39,40,41,42,43,44,45,46,47,48,49,50,51,52,53,54,55,56,57,58,59,60,61,62,63,64,65,66,67,68,69,70,71,72,73,74,75,76,77,78,79,80,81,82,83,84,85,86,87,88,89,90,91,92,93,94,95,96,97,98,99]
CFO=-993.0973509033621,STO=5
EsN0dB=17.23,GRXdB=10,N0=0.0003162277571391314
packet_number=545,correct=True,payload=[0,1,2,3,4,5,6,7,8,9,10,11,12,13,14,15,16,17,18,19,20,21,22,23,24,25,26,27,28,29,30,31,32,33,34,35,36,37,38,39,40,41,42,43,44,45,46,47,48,49,50,51,52,53,54,55,56,57,58,59,60,61,62,63,64,65,66,67,68,69,70,71,72,73,74,75,76,77,78,79,80,81,82,83,84,85,86,87,88,89,90,91,92,93,94,95,96,97,98,99]
CFO=-1001.5293735873179,STO=5
EsN0dB=17.17,GRXdB=10,N0=0.0003162277571391314
packet_number=546,correct=True,payload=[0,1,2,3,4,5,6,7,8,9,10,11,12,13,14,15,16,17,18,19,20,21,22,23,24,25,26,27,28,29,30,31,32,33,34,35,36,37,38,39,40,41,42,43,44,45,46,47,48,49,50,51,52,53,54,55,56,57,58,59,60,61,62,63,64,65,66,67,68,69,70,71,72,73,74,75,76,77,78,79,80,81,82,83,84,85,86,87,88,89,90,91,92,93,94,95,96,97,98,99]
CFO=-971.1969303701144,STO=5
EsN0dB=17.25,GRXdB=10,N0=0.0003162277571391314
packet_number=547,correct=True,payload=[0,1,2,3,4,5,6,7,8,9,10,11,12,13,14,15,16,17,18,19,20,21,22,23,24,25,26,27,28,29,30,31,32,33,34,35,36,37,38,39,40,41,42,43,44,45,46,47,48,49,50,51,52,53,54,55,56,57,58,59,60,61,62,63,64,65,66,67,68,69,70,71,72,73,74,75,76,77,78,79,80,81,82,83,84,85,86,87,88,89,90,91,92,93,94,95,96,97,98,99]
CFO=-1099.3187097542059,STO=4
EsN0dB=17.24,GRXdB=10,N0=0.0003162277571391314
packet_number=548,correct=True,payload=[0,1,2,3,4,5,6,7,8,9,10,11,12,13,14,15,16,17,18,19,20,21,22,23,24,25,26,27,28,29,30,31,32,33,34,35,36,37,38,39,40,41,42,43,44,45,46,47,48,49,50,51,52,53,54,55,56,57,58,59,60,61,62,63,64,65,66,67,68,69,70,71,72,73,74,75,76,77,78,79,80,81,82,83,84,85,86,87,88,89,90,91,92,93,94,95,96,97,98,99]
CFO=-1042.8751411021476,STO=3
EsN0dB=17.27,GRXdB=10,N0=0.0003162277571391314
packet_number=549,correct=True,payload=[0,1,2,3,4,5,6,7,8,9,10,11,12,13,14,15,16,17,18,19,20,21,22,23,24,25,26,27,28,29,30,31,32,33,34,35,36,37,38,39,40,41,42,43,44,45,46,47,48,49,50,51,52,53,54,55,56,57,58,59,60,61,62,63,64,65,66,67,68,69,70,71,72,73,74,75,76,77,78,79,80,81,82,83,84,85,86,87,88,89,90,91,92,93,94,95,96,97,98,99]
CFO=-936.0394209650219,STO=5
EsN0dB=17.16,GRXdB=10,N0=0.0003162277571391314
packet_number=550,correct=True,payload=[0,1,2,3,4,5,6,7,8,9,10,11,12,13,14,15,16,17,18,19,20,21,22,23,24,25,26,27,28,29,30,31,32,33,34,35,36,37,38,39,40,41,42,43,44,45,46,47,48,49,50,51,52,53,54,55,56,57,58,59,60,61,62,63,64,65,66,67,68,69,70,71,72,73,74,75,76,77,78,79,80,81,82,83,84,85,86,87,88,89,90,91,92,93,94,95,96,97,98,99]
CFO=-993.0427449639039,STO=5
EsN0dB=17.25,GRXdB=10,N0=0.0003162277571391314
packet_number=551,correct=True,payload=[0,1,2,3,4,5,6,7,8,9,10,11,12,13,14,15,16,17,18,19,20,21,22,23,24,25,26,27,28,29,30,31,32,33,34,35,36,37,38,39,40,41,42,43,44,45,46,47,48,49,50,51,52,53,54,55,56,57,58,59,60,61,62,63,64,65,66,67,68,69,70,71,72,73,74,75,76,77,78,79,80,81,82,83,84,85,86,87,88,89,90,91,92,93,94,95,96,97,98,99]
CFO=-1028.6184255861501,STO=5
EsN0dB=17.20,GRXdB=10,N0=0.0003162277571391314
packet_number=552,correct=True,payload=[0,1,2,3,4,5,6,7,8,9,10,11,12,13,14,15,16,17,18,19,20,21,22,23,24,25,26,27,28,29,30,31,32,33,34,35,36,37,38,39,40,41,42,43,44,45,46,47,48,49,50,51,52,53,54,55,56,57,58,59,60,61,62,63,64,65,66,67,68,69,70,71,72,73,74,75,76,77,78,79,80,81,82,83,84,85,86,87,88,89,90,91,92,93,94,95,96,97,98,99]
CFO=-998.1968104547825,STO=5
EsN0dB=17.24,GRXdB=10,N0=0.0003162277571391314
packet_number=553,correct=True,payload=[0,1,2,3,4,5,6,7,8,9,10,11,12,13,14,15,16,17,18,19,20,21,22,23,24,25,26,27,28,29,30,31,32,33,34,35,36,37,38,39,40,41,42,43,44,45,46,47,48,49,50,51,52,53,54,55,56,57,58,59,60,61,62,63,64,65,66,67,68,69,70,71,72,73,74,75,76,77,78,79,80,81,82,83,84,85,86,87,88,89,90,91,92,93,94,95,96,97,98,99]
CFO=-1013.8401966679004,STO=5
EsN0dB=17.23,GRXdB=10,N0=0.0003162277571391314
packet_number=554,correct=True,payload=[0,1,2,3,4,5,6,7,8,9,10,11,12,13,14,15,16,17,18,19,20,21,22,23,24,25,26,27,28,29,30,31,32,33,34,35,36,37,38,39,40,41,42,43,44,45,46,47,48,49,50,51,52,53,54,55,56,57,58,59,60,61,62,63,64,65,66,67,68,69,70,71,72,73,74,75,76,77,78,79,80,81,82,83,84,85,86,87,88,89,90,91,92,93,94,95,96,97,98,99]
CFO=-1062.2361186463258,STO=5
EsN0dB=17.23,GRXdB=10,N0=0.0003162277571391314
packet_number=555,correct=True,payload=[0,1,2,3,4,5,6,7,8,9,10,11,12,13,14,15,16,17,18,19,20,21,22,23,24,25,26,27,28,29,30,31,32,33,34,35,36,37,38,39,40,41,42,43,44,45,46,47,48,49,50,51,52,53,54,55,56,57,58,59,60,61,62,63,64,65,66,67,68,69,70,71,72,73,74,75,76,77,78,79,80,81,82,83,84,85,86,87,88,89,90,91,92,93,94,95,96,97,98,99]
CFO=-979.297937896638,STO=5
EsN0dB=17.23,GRXdB=10,N0=0.0003162277571391314
packet_number=556,correct=True,payload=[0,1,2,3,4,5,6,7,8,9,10,11,12,13,14,15,16,17,18,19,20,21,22,23,24,25,26,27,28,29,30,31,32,33,34,35,36,37,38,39,40,41,42,43,44,45,46,47,48,49,50,51,52,53,54,55,56,57,58,59,60,61,62,63,64,65,66,67,68,69,70,71,72,73,74,75,76,77,78,79,80,81,82,83,84,85,86,87,88,89,90,91,92,93,94,95,96,97,98,99]
CFO=-1055.84360704969,STO=5
EsN0dB=17.29,GRXdB=10,N0=0.0003162277571391314
packet_number=557,correct=True,payload=[0,1,2,3,4,5,6,7,8,9,10,11,12,13,14,15,16,17,18,19,20,21,22,23,24,25,26,27,28,29,30,31,32,33,34,35,36,37,38,39,40,41,42,43,44,45,46,47,48,49,50,51,52,53,54,55,56,57,58,59,60,61,62,63,64,65,66,67,68,69,70,71,72,73,74,75,76,77,78,79,80,81,82,83,84,85,86,87,88,89,90,91,92,93,94,95,96,97,98,99]
CFO=-1015.7283408025204,STO=1
EsN0dB=17.20,GRXdB=10,N0=0.0003162277571391314
packet_number=558,correct=True,payload=[0,1,2,3,4,5,6,7,8,9,10,11,12,13,14,15,16,17,18,19,20,21,22,23,24,25,26,27,28,29,30,31,32,33,34,35,36,37,38,39,40,41,42,43,44,45,46,47,48,49,50,51,52,53,54,55,56,57,58,59,60,61,62,63,64,65,66,67,68,69,70,71,72,73,74,75,76,77,78,79,80,81,82,83,84,85,86,87,88,89,90,91,92,93,94,95,96,97,98,99]
CFO=-949.3809978539437,STO=4
EsN0dB=17.32,GRXdB=10,N0=0.0003162277571391314
packet_number=559,correct=True,payload=[0,1,2,3,4,5,6,7,8,9,10,11,12,13,14,15,16,17,18,19,20,21,22,23,24,25,26,27,28,29,30,31,32,33,34,35,36,37,38,39,40,41,42,43,44,45,46,47,48,49,50,51,52,53,54,55,56,57,58,59,60,61,62,63,64,65,66,67,68,69,70,71,72,73,74,75,76,77,78,79,80,81,82,83,84,85,86,87,88,89,90,91,92,93,94,95,96,97,98,99]
CFO=-979.9972615186892,STO=5
EsN0dB=17.20,GRXdB=10,N0=0.0003162277571391314
packet_number=560,correct=True,payload=[0,1,2,3,4,5,6,7,8,9,10,11,12,13,14,15,16,17,18,19,20,21,22,23,24,25,26,27,28,29,30,31,32,33,34,35,36,37,38,39,40,41,42,43,44,45,46,47,48,49,50,51,52,53,54,55,56,57,58,59,60,61,62,63,64,65,66,67,68,69,70,71,72,73,74,75,76,77,78,79,80,81,82,83,84,85,86,87,88,89,90,91,92,93,94,95,96,97,98,99]
CFO=-1141.8330799473426,STO=4
EsN0dB=17.21,GRXdB=10,N0=0.0003162277571391314
packet_number=561,correct=True,payload=[0,1,2,3,4,5,6,7,8,9,10,11,12,13,14,15,16,17,18,19,20,21,22,23,24,25,26,27,28,29,30,31,32,33,34,35,36,37,38,39,40,41,42,43,44,45,46,47,48,49,50,51,52,53,54,55,56,57,58,59,60,61,62,63,64,65,66,67,68,69,70,71,72,73,74,75,76,77,78,79,80,81,82,83,84,85,86,87,88,89,90,91,92,93,94,95,96,97,98,99]
CFO=-1055.2919744104731,STO=4
EsN0dB=17.16,GRXdB=10,N0=0.0003162277571391314
packet_number=562,correct=True,payload=[0,1,2,3,4,5,6,7,8,9,10,11,12,13,14,15,16,17,18,19,20,21,22,23,24,25,26,27,28,29,30,31,32,33,34,35,36,37,38,39,40,41,42,43,44,45,46,47,48,49,50,51,52,53,54,55,56,57,58,59,60,61,62,63,64,65,66,67,68,69,70,71,72,73,74,75,76,77,78,79,80,81,82,83,84,85,86,87,88,89,90,91,92,93,94,95,96,97,98,99]
CFO=-1020.7896769890422,STO=5
EsN0dB=17.24,GRXdB=10,N0=0.0003162277571391314
packet_number=563,correct=True,payload=[0,1,2,3,4,5,6,7,8,9,10,11,12,13,14,15,16,17,18,19,20,21,22,23,24,25,26,27,28,29,30,31,32,33,34,35,36,37,38,39,40,41,42,43,44,45,46,47,48,49,50,51,52,53,54,55,56,57,58,59,60,61,62,63,64,65,66,67,68,69,70,71,72,73,74,75,76,77,78,79,80,81,82,83,84,85,86,87,88,89,90,91,92,93,94,95,96,97,98,99]
CFO=-1053.716999192485,STO=5
EsN0dB=17.23,GRXdB=10,N0=0.0003162277571391314
packet_number=564,correct=True,payload=[0,1,2,3,4,5,6,7,8,9,10,11,12,13,14,15,16,17,18,19,20,21,22,23,24,25,26,27,28,29,30,31,32,33,34,35,36,37,38,39,40,41,42,43,44,45,46,47,48,49,50,51,52,53,54,55,56,57,58,59,60,61,62,63,64,65,66,67,68,69,70,71,72,73,74,75,76,77,78,79,80,81,82,83,84,85,86,87,88,89,90,91,92,93,94,95,96,97,98,99]
CFO=-1121.3924344796756,STO=4
EsN0dB=17.21,GRXdB=10,N0=0.0003162277571391314
packet_number=565,correct=True,payload=[0,1,2,3,4,5,6,7,8,9,10,11,12,13,14,15,16,17,18,19,20,21,22,23,24,25,26,27,28,29,30,31,32,33,34,35,36,37,38,39,40,41,42,43,44,45,46,47,48,49,50,51,52,53,54,55,56,57,58,59,60,61,62,63,64,65,66,67,68,69,70,71,72,73,74,75,76,77,78,79,80,81,82,83,84,85,86,87,88,89,90,91,92,93,94,95,96,97,98,99]
CFO=-1117.905362033103,STO=5
EsN0dB=17.18,GRXdB=10,N0=0.0003162277571391314
packet_number=566,correct=True,payload=[0,1,2,3,4,5,6,7,8,9,10,11,12,13,14,15,16,17,18,19,20,21,22,23,24,25,26,27,28,29,30,31,32,33,34,35,36,37,38,39,40,41,42,43,44,45,46,47,48,49,50,51,52,53,54,55,56,57,58,59,60,61,62,63,64,65,66,67,68,69,70,71,72,73,74,75,76,77,78,79,80,81,82,83,84,85,86,87,88,89,90,91,92,93,94,95,96,97,98,99]
CFO=-1126.2652289859834,STO=4
EsN0dB=17.22,GRXdB=10,N0=0.0003162277571391314
packet_number=567,correct=True,payload=[0,1,2,3,4,5,6,7,8,9,10,11,12,13,14,15,16,17,18,19,20,21,22,23,24,25,26,27,28,29,30,31,32,33,34,35,36,37,38,39,40,41,42,43,44,45,46,47,48,49,50,51,52,53,54,55,56,57,58,59,60,61,62,63,64,65,66,67,68,69,70,71,72,73,74,75,76,77,78,79,80,81,82,83,84,85,86,87,88,89,90,91,92,93,94,95,96,97,98,99]
CFO=-1134.4670292346339,STO=4
EsN0dB=17.20,GRXdB=10,N0=0.0003162277571391314
packet_number=568,correct=True,payload=[0,1,2,3,4,5,6,7,8,9,10,11,12,13,14,15,16,17,18,19,20,21,22,23,24,25,26,27,28,29,30,31,32,33,34,35,36,37,38,39,40,41,42,43,44,45,46,47,48,49,50,51,52,53,54,55,56,57,58,59,60,61,62,63,64,65,66,67,68,69,70,71,72,73,74,75,76,77,78,79,80,81,82,83,84,85,86,87,88,89,90,91,92,93,94,95,96,97,98,99]
CFO=-1011.3974554022361,STO=4
EsN0dB=17.28,GRXdB=10,N0=0.0003162277571391314
packet_number=569,correct=True,payload=[0,1,2,3,4,5,6,7,8,9,10,11,12,13,14,15,16,17,18,19,20,21,22,23,24,25,26,27,28,29,30,31,32,33,34,35,36,37,38,39,40,41,42,43,44,45,46,47,48,49,50,51,52,53,54,55,56,57,58,59,60,61,62,63,64,65,66,67,68,69,70,71,72,73,74,75,76,77,78,79,80,81,82,83,84,85,86,87,88,89,90,91,92,93,94,95,96,97,98,99]
CFO=-959.1794141109211,STO=4
EsN0dB=17.24,GRXdB=10,N0=0.0003162277571391314
packet_number=570,correct=True,payload=[0,1,2,3,4,5,6,7,8,9,10,11,12,13,14,15,16,17,18,19,20,21,22,23,24,25,26,27,28,29,30,31,32,33,34,35,36,37,38,39,40,41,42,43,44,45,46,47,48,49,50,51,52,53,54,55,56,57,58,59,60,61,62,63,64,65,66,67,68,69,70,71,72,73,74,75,76,77,78,79,80,81,82,83,84,85,86,87,88,89,90,91,92,93,94,95,96,97,98,99]
CFO=-868.1439610944121,STO=4
EsN0dB=17.24,GRXdB=10,N0=0.0003162277571391314
packet_number=571,correct=True,payload=[0,1,2,3,4,5,6,7,8,9,10,11,12,13,14,15,16,17,18,19,20,21,22,23,24,25,26,27,28,29,30,31,32,33,34,35,36,37,38,39,40,41,42,43,44,45,46,47,48,49,50,51,52,53,54,55,56,57,58,59,60,61,62,63,64,65,66,67,68,69,70,71,72,73,74,75,76,77,78,79,80,81,82,83,84,85,86,87,88,89,90,91,92,93,94,95,96,97,98,99]
CFO=-1046.2977062065588,STO=4
EsN0dB=17.21,GRXdB=10,N0=0.0003162277571391314
packet_number=572,correct=True,payload=[0,1,2,3,4,5,6,7,8,9,10,11,12,13,14,15,16,17,18,19,20,21,22,23,24,25,26,27,28,29,30,31,32,33,34,35,36,37,38,39,40,41,42,43,44,45,46,47,48,49,50,51,52,53,54,55,56,57,58,59,60,61,62,63,64,65,66,67,68,69,70,71,72,73,74,75,76,77,78,79,80,81,82,83,84,85,86,87,88,89,90,91,92,93,94,95,96,97,98,99]
CFO=-1109.5757328968612,STO=5
EsN0dB=17.24,GRXdB=10,N0=0.0003162277571391314
packet_number=573,correct=True,payload=[0,1,2,3,4,5,6,7,8,9,10,11,12,13,14,15,16,17,18,19,20,21,22,23,24,25,26,27,28,29,30,31,32,33,34,35,36,37,38,39,40,41,42,43,44,45,46,47,48,49,50,51,52,53,54,55,56,57,58,59,60,61,62,63,64,65,66,67,68,69,70,71,72,73,74,75,76,77,78,79,80,81,82,83,84,85,86,87,88,89,90,91,92,93,94,95,96,97,98,99]
CFO=-941.1410742403945,STO=5
EsN0dB=17.29,GRXdB=10,N0=0.0003162277571391314
packet_number=574,correct=True,payload=[0,1,2,3,4,5,6,7,8,9,10,11,12,13,14,15,16,17,18,19,20,21,22,23,24,25,26,27,28,29,30,31,32,33,34,35,36,37,38,39,40,41,42,43,44,45,46,47,48,49,50,51,52,53,54,55,56,57,58,59,60,61,62,63,64,65,66,67,68,69,70,71,72,73,74,75,76,77,78,79,80,81,82,83,84,85,86,87,88,89,90,91,92,93,94,95,96,97,98,99]
CFO=-1021.7437690387284,STO=5
EsN0dB=17.33,GRXdB=10,N0=0.0003162277571391314
packet_number=575,correct=True,payload=[0,1,2,3,4,5,6,7,8,9,10,11,12,13,14,15,16,17,18,19,20,21,22,23,24,25,26,27,28,29,30,31,32,33,34,35,36,37,38,39,40,41,42,43,44,45,46,47,48,49,50,51,52,53,54,55,56,57,58,59,60,61,62,63,64,65,66,67,68,69,70,71,72,73,74,75,76,77,78,79,80,81,82,83,84,85,86,87,88,89,90,91,92,93,94,95,96,97,98,99]
CFO=-987.5580793444491,STO=5
EsN0dB=17.22,GRXdB=10,N0=0.0003162277571391314
packet_number=576,correct=True,payload=[0,1,2,3,4,5,6,7,8,9,10,11,12,13,14,15,16,17,18,19,20,21,22,23,24,25,26,27,28,29,30,31,32,33,34,35,36,37,38,39,40,41,42,43,44,45,46,47,48,49,50,51,52,53,54,55,56,57,58,59,60,61,62,63,64,65,66,67,68,69,70,71,72,73,74,75,76,77,78,79,80,81,82,83,84,85,86,87,88,89,90,91,92,93,94,95,96,97,98,99]
CFO=-995.7706703433508,STO=4
EsN0dB=17.24,GRXdB=10,N0=0.0003162277571391314
packet_number=577,correct=True,payload=[0,1,2,3,4,5,6,7,8,9,10,11,12,13,14,15,16,17,18,19,20,21,22,23,24,25,26,27,28,29,30,31,32,33,34,35,36,37,38,39,40,41,42,43,44,45,46,47,48,49,50,51,52,53,54,55,56,57,58,59,60,61,62,63,64,65,66,67,68,69,70,71,72,73,74,75,76,77,78,79,80,81,82,83,84,85,86,87,88,89,90,91,92,93,94,95,96,97,98,99]
CFO=-1057.756652915659,STO=1
EsN0dB=17.30,GRXdB=10,N0=0.0003162277571391314
packet_number=578,correct=True,payload=[0,1,2,3,4,5,6,7,8,9,10,11,12,13,14,15,16,17,18,19,20,21,22,23,24,25,26,27,28,29,30,31,32,33,34,35,36,37,38,39,40,41,42,43,44,45,46,47,48,49,50,51,52,53,54,55,56,57,58,59,60,61,62,63,64,65,66,67,68,69,70,71,72,73,74,75,76,77,78,79,80,81,82,83,84,85,86,87,88,89,90,91,92,93,94,95,96,97,98,99]
CFO=-905.2132712789061,STO=3
EsN0dB=17.27,GRXdB=10,N0=0.0003162277571391314
packet_number=579,correct=True,payload=[0,1,2,3,4,5,6,7,8,9,10,11,12,13,14,15,16,17,18,19,20,21,22,23,24,25,26,27,28,29,30,31,32,33,34,35,36,37,38,39,40,41,42,43,44,45,46,47,48,49,50,51,52,53,54,55,56,57,58,59,60,61,62,63,64,65,66,67,68,69,70,71,72,73,74,75,76,77,78,79,80,81,82,83,84,85,86,87,88,89,90,91,92,93,94,95,96,97,98,99]
CFO=-1066.1243461269632,STO=5
EsN0dB=17.20,GRXdB=10,N0=0.0003162277571391314
packet_number=580,correct=True,payload=[0,1,2,3,4,5,6,7,8,9,10,11,12,13,14,15,16,17,18,19,20,21,22,23,24,25,26,27,28,29,30,31,32,33,34,35,36,37,38,39,40,41,42,43,44,45,46,47,48,49,50,51,52,53,54,55,56,57,58,59,60,61,62,63,64,65,66,67,68,69,70,71,72,73,74,75,76,77,78,79,80,81,82,83,84,85,86,87,88,89,90,91,92,93,94,95,96,97,98,99]
CFO=-978.3009792951297,STO=4
EsN0dB=17.25,GRXdB=10,N0=0.0003162277571391314
packet_number=581,correct=True,payload=[0,1,2,3,4,5,6,7,8,9,10,11,12,13,14,15,16,17,18,19,20,21,22,23,24,25,26,27,28,29,30,31,32,33,34,35,36,37,38,39,40,41,42,43,44,45,46,47,48,49,50,51,52,53,54,55,56,57,58,59,60,61,62,63,64,65,66,67,68,69,70,71,72,73,74,75,76,77,78,79,80,81,82,83,84,85,86,87,88,89,90,91,92,93,94,95,96,97,98,99]
CFO=-909.0318924914394,STO=4
EsN0dB=17.27,GRXdB=10,N0=0.0003162277571391314
packet_number=582,correct=True,payload=[0,1,2,3,4,5,6,7,8,9,10,11,12,13,14,15,16,17,18,19,20,21,22,23,24,25,26,27,28,29,30,31,32,33,34,35,36,37,38,39,40,41,42,43,44,45,46,47,48,49,50,51,52,53,54,55,56,57,58,59,60,61,62,63,64,65,66,67,68,69,70,71,72,73,74,75,76,77,78,79,80,81,82,83,84,85,86,87,88,89,90,91,92,93,94,95,96,97,98,99]
CFO=-1120.44296703724,STO=5
EsN0dB=17.25,GRXdB=10,N0=0.0003162277571391314
packet_number=583,correct=True,payload=[0,1,2,3,4,5,6,7,8,9,10,11,12,13,14,15,16,17,18,19,20,21,22,23,24,25,26,27,28,29,30,31,32,33,34,35,36,37,38,39,40,41,42,43,44,45,46,47,48,49,50,51,52,53,54,55,56,57,58,59,60,61,62,63,64,65,66,67,68,69,70,71,72,73,74,75,76,77,78,79,80,81,82,83,84,85,86,87,88,89,90,91,92,93,94,95,96,97,98,99]
CFO=-1020.5657985662473,STO=5
EsN0dB=17.21,GRXdB=10,N0=0.0003162277571391314
packet_number=584,correct=True,payload=[0,1,2,3,4,5,6,7,8,9,10,11,12,13,14,15,16,17,18,19,20,21,22,23,24,25,26,27,28,29,30,31,32,33,34,35,36,37,38,39,40,41,42,43,44,45,46,47,48,49,50,51,52,53,54,55,56,57,58,59,60,61,62,63,64,65,66,67,68,69,70,71,72,73,74,75,76,77,78,79,80,81,82,83,84,85,86,87,88,89,90,91,92,93,94,95,96,97,98,99]
CFO=-1071.4323280335134,STO=1
EsN0dB=17.24,GRXdB=10,N0=0.0003162277571391314
packet_number=585,correct=True,payload=[0,1,2,3,4,5,6,7,8,9,10,11,12,13,14,15,16,17,18,19,20,21,22,23,24,25,26,27,28,29,30,31,32,33,34,35,36,37,38,39,40,41,42,43,44,45,46,47,48,49,50,51,52,53,54,55,56,57,58,59,60,61,62,63,64,65,66,67,68,69,70,71,72,73,74,75,76,77,78,79,80,81,82,83,84,85,86,87,88,89,90,91,92,93,94,95,96,97,98,99]
CFO=-985.3009152671714,STO=5
EsN0dB=17.17,GRXdB=10,N0=0.0003162277571391314
packet_number=586,correct=True,payload=[0,1,2,3,4,5,6,7,8,9,10,11,12,13,14,15,16,17,18,19,20,21,22,23,24,25,26,27,28,29,30,31,32,33,34,35,36,37,38,39,40,41,42,43,44,45,46,47,48,49,50,51,52,53,54,55,56,57,58,59,60,61,62,63,64,65,66,67,68,69,70,71,72,73,74,75,76,77,78,79,80,81,82,83,84,85,86,87,88,89,90,91,92,93,94,95,96,97,98,99]
CFO=-1038.7587663304841,STO=4
EsN0dB=17.30,GRXdB=10,N0=0.0003162277571391314
packet_number=587,correct=True,payload=[0,1,2,3,4,5,6,7,8,9,10,11,12,13,14,15,16,17,18,19,20,21,22,23,24,25,26,27,28,29,30,31,32,33,34,35,36,37,38,39,40,41,42,43,44,45,46,47,48,49,50,51,52,53,54,55,56,57,58,59,60,61,62,63,64,65,66,67,68,69,70,71,72,73,74,75,76,77,78,79,80,81,82,83,84,85,86,87,88,89,90,91,92,93,94,95,96,97,98,99]
CFO=-1038.2944083306616,STO=0
EsN0dB=17.25,GRXdB=10,N0=0.0003162277571391314
packet_number=588,correct=False,payload=[0,3,0,3,4,5,6,7,8,9,14,11,12,9,14,15,16,17,2,19,20,21,54,23,24,25,58,27,28,63,28,31,32,33,34,35,32,37,38,39,40,41,58,35,60,45,44,47,112,49,50,99,52,53,54,55,120,121,58,59,60,61,62,63,64,65,66,67,68,71,70,71,88,73,74,74,28,77,78,79,192,81,242,83,64,215,86,87,88,89,90,219,92,95,30,95,96,97,230,99]
CFO=-1038.507258843859,STO=5
EsN0dB=17.17,GRXdB=10,N0=0.0003162277571391314
packet_number=589,correct=True,payload=[0,1,2,3,4,5,6,7,8,9,10,11,12,13,14,15,16,17,18,19,20,21,22,23,24,25,26,27,28,29,30,31,32,33,34,35,36,37,38,39,40,41,42,43,44,45,46,47,48,49,50,51,52,53,54,55,56,57,58,59,60,61,62,63,64,65,66,67,68,69,70,71,72,73,74,75,76,77,78,79,80,81,82,83,84,85,86,87,88,89,90,91,92,93,94,95,96,97,98,99]
CFO=-996.566102790442,STO=5
EsN0dB=17.20,GRXdB=10,N0=0.0003162277571391314
packet_number=590,correct=True,payload=[0,1,2,3,4,5,6,7,8,9,10,11,12,13,14,15,16,17,18,19,20,21,22,23,24,25,26,27,28,29,30,31,32,33,34,35,36,37,38,39,40,41,42,43,44,45,46,47,48,49,50,51,52,53,54,55,56,57,58,59,60,61,62,63,64,65,66,67,68,69,70,71,72,73,74,75,76,77,78,79,80,81,82,83,84,85,86,87,88,89,90,91,92,93,94,95,96,97,98,99]
CFO=-1035.5266401810563,STO=4
EsN0dB=17.27,GRXdB=10,N0=0.0003162277571391314
packet_number=591,correct=True,payload=[0,1,2,3,4,5,6,7,8,9,10,11,12,13,14,15,16,17,18,19,20,21,22,23,24,25,26,27,28,29,30,31,32,33,34,35,36,37,38,39,40,41,42,43,44,45,46,47,48,49,50,51,52,53,54,55,56,57,58,59,60,61,62,63,64,65,66,67,68,69,70,71,72,73,74,75,76,77,78,79,80,81,82,83,84,85,86,87,88,89,90,91,92,93,94,95,96,97,98,99]
CFO=-997.7170370974583,STO=5
EsN0dB=17.24,GRXdB=10,N0=0.0003162277571391314
packet_number=592,correct=True,payload=[0,1,2,3,4,5,6,7,8,9,10,11,12,13,14,15,16,17,18,19,20,21,22,23,24,25,26,27,28,29,30,31,32,33,34,35,36,37,38,39,40,41,42,43,44,45,46,47,48,49,50,51,52,53,54,55,56,57,58,59,60,61,62,63,64,65,66,67,68,69,70,71,72,73,74,75,76,77,78,79,80,81,82,83,84,85,86,87,88,89,90,91,92,93,94,95,96,97,98,99]
CFO=-1026.4516192197673,STO=5
EsN0dB=17.27,GRXdB=10,N0=0.0003162277571391314
packet_number=593,correct=True,payload=[0,1,2,3,4,5,6,7,8,9,10,11,12,13,14,15,16,17,18,19,20,21,22,23,24,25,26,27,28,29,30,31,32,33,34,35,36,37,38,39,40,41,42,43,44,45,46,47,48,49,50,51,52,53,54,55,56,57,58,59,60,61,62,63,64,65,66,67,68,69,70,71,72,73,74,75,76,77,78,79,80,81,82,83,84,85,86,87,88,89,90,91,92,93,94,95,96,97,98,99]
CFO=-982.8929178457226,STO=5
EsN0dB=17.25,GRXdB=10,N0=0.0003162277571391314
packet_number=594,correct=True,payload=[0,1,2,3,4,5,6,7,8,9,10,11,12,13,14,15,16,17,18,19,20,21,22,23,24,25,26,27,28,29,30,31,32,33,34,35,36,37,38,39,40,41,42,43,44,45,46,47,48,49,50,51,52,53,54,55,56,57,58,59,60,61,62,63,64,65,66,67,68,69,70,71,72,73,74,75,76,77,78,79,80,81,82,83,84,85,86,87,88,89,90,91,92,93,94,95,96,97,98,99]
CFO=-1061.279892162524,STO=5
EsN0dB=17.27,GRXdB=10,N0=0.0003162277571391314
packet_number=595,correct=True,payload=[0,1,2,3,4,5,6,7,8,9,10,11,12,13,14,15,16,17,18,19,20,21,22,23,24,25,26,27,28,29,30,31,32,33,34,35,36,37,38,39,40,41,42,43,44,45,46,47,48,49,50,51,52,53,54,55,56,57,58,59,60,61,62,63,64,65,66,67,68,69,70,71,72,73,74,75,76,77,78,79,80,81,82,83,84,85,86,87,88,89,90,91,92,93,94,95,96,97,98,99]
CFO=-1051.7415804184704,STO=4
EsN0dB=17.31,GRXdB=10,N0=0.0003162277571391314
packet_number=596,correct=True,payload=[0,1,2,3,4,5,6,7,8,9,10,11,12,13,14,15,16,17,18,19,20,21,22,23,24,25,26,27,28,29,30,31,32,33,34,35,36,37,38,39,40,41,42,43,44,45,46,47,48,49,50,51,52,53,54,55,56,57,58,59,60,61,62,63,64,65,66,67,68,69,70,71,72,73,74,75,76,77,78,79,80,81,82,83,84,85,86,87,88,89,90,91,92,93,94,95,96,97,98,99]
CFO=-1052.7531836096055,STO=4
EsN0dB=17.24,GRXdB=10,N0=0.0003162277571391314
packet_number=597,correct=True,payload=[0,1,2,3,4,5,6,7,8,9,10,11,12,13,14,15,16,17,18,19,20,21,22,23,24,25,26,27,28,29,30,31,32,33,34,35,36,37,38,39,40,41,42,43,44,45,46,47,48,49,50,51,52,53,54,55,56,57,58,59,60,61,62,63,64,65,66,67,68,69,70,71,72,73,74,75,76,77,78,79,80,81,82,83,84,85,86,87,88,89,90,91,92,93,94,95,96,97,98,99]
CFO=-1104.0940317692334,STO=4
EsN0dB=17.19,GRXdB=10,N0=0.0003162277571391314
packet_number=598,correct=True,payload=[0,1,2,3,4,5,6,7,8,9,10,11,12,13,14,15,16,17,18,19,20,21,22,23,24,25,26,27,28,29,30,31,32,33,34,35,36,37,38,39,40,41,42,43,44,45,46,47,48,49,50,51,52,53,54,55,56,57,58,59,60,61,62,63,64,65,66,67,68,69,70,71,72,73,74,75,76,77,78,79,80,81,82,83,84,85,86,87,88,89,90,91,92,93,94,95,96,97,98,99]
CFO=-1057.4418238836038,STO=4
EsN0dB=17.26,GRXdB=10,N0=0.0003162277571391314
packet_number=599,correct=True,payload=[0,1,2,3,4,5,6,7,8,9,10,11,12,13,14,15,16,17,18,19,20,21,22,23,24,25,26,27,28,29,30,31,32,33,34,35,36,37,38,39,40,41,42,43,44,45,46,47,48,49,50,51,52,53,54,55,56,57,58,59,60,61,62,63,64,65,66,67,68,69,70,71,72,73,74,75,76,77,78,79,80,81,82,83,84,85,86,87,88,89,90,91,92,93,94,95,96,97,98,99]
CFO=-1000.5290354651264,STO=4
EsN0dB=17.28,GRXdB=10,N0=0.0003162277571391314
packet_number=600,correct=True,payload=[0,1,2,3,4,5,6,7,8,9,10,11,12,13,14,15,16,17,18,19,20,21,22,23,24,25,26,27,28,29,30,31,32,33,34,35,36,37,38,39,40,41,42,43,44,45,46,47,48,49,50,51,52,53,54,55,56,57,58,59,60,61,62,63,64,65,66,67,68,69,70,71,72,73,74,75,76,77,78,79,80,81,82,83,84,85,86,87,88,89,90,91,92,93,94,95,96,97,98,99]
CFO=-1098.2278953414464,STO=4
EsN0dB=16.28,GRXdB=10,N0=0.0003981071640737355
packet_number=601,correct=True,payload=[0,1,2,3,4,5,6,7,8,9,10,11,12,13,14,15,16,17,18,19,20,21,22,23,24,25,26,27,28,29,30,31,32,33,34,35,36,37,38,39,40,41,42,43,44,45,46,47,48,49,50,51,52,53,54,55,56,57,58,59,60,61,62,63,64,65,66,67,68,69,70,71,72,73,74,75,76,77,78,79,80,81,82,83,84,85,86,87,88,89,90,91,92,93,94,95,96,97,98,99]
CFO=-1037.165411263167,STO=4
EsN0dB=16.28,GRXdB=10,N0=0.0003981071640737355
packet_number=602,correct=True,payload=[0,1,2,3,4,5,6,7,8,9,10,11,12,13,14,15,16,17,18,19,20,21,22,23,24,25,26,27,28,29,30,31,32,33,34,35,36,37,38,39,40,41,42,43,44,45,46,47,48,49,50,51,52,53,54,55,56,57,58,59,60,61,62,63,64,65,66,67,68,69,70,71,72,73,74,75,76,77,78,79,80,81,82,83,84,85,86,87,88,89,90,91,92,93,94,95,96,97,98,99]
CFO=-1006.3262771028478,STO=5
EsN0dB=16.28,GRXdB=10,N0=0.0003981071640737355
packet_number=603,correct=True,payload=[0,1,2,3,4,5,6,7,8,9,10,11,12,13,14,15,16,17,18,19,20,21,22,23,24,25,26,27,28,29,30,31,32,33,34,35,36,37,38,39,40,41,42,43,44,45,46,47,48,49,50,51,52,53,54,55,56,57,58,59,60,61,62,63,64,65,66,67,68,69,70,71,72,73,74,75,76,77,78,79,80,81,82,83,84,85,86,87,88,89,90,91,92,93,94,95,96,97,98,99]
CFO=-1155.2258239652028,STO=5
EsN0dB=16.31,GRXdB=10,N0=0.0003981071640737355
packet_number=604,correct=True,payload=[0,1,2,3,4,5,6,7,8,9,10,11,12,13,14,15,16,17,18,19,20,21,22,23,24,25,26,27,28,29,30,31,32,33,34,35,36,37,38,39,40,41,42,43,44,45,46,47,48,49,50,51,52,53,54,55,56,57,58,59,60,61,62,63,64,65,66,67,68,69,70,71,72,73,74,75,76,77,78,79,80,81,82,83,84,85,86,87,88,89,90,91,92,93,94,95,96,97,98,99]
CFO=-1036.8303051070134,STO=4
EsN0dB=16.30,GRXdB=10,N0=0.0003981071640737355
packet_number=605,correct=True,payload=[0,1,2,3,4,5,6,7,8,9,10,11,12,13,14,15,16,17,18,19,20,21,22,23,24,25,26,27,28,29,30,31,32,33,34,35,36,37,38,39,40,41,42,43,44,45,46,47,48,49,50,51,52,53,54,55,56,57,58,59,60,61,62,63,64,65,66,67,68,69,70,71,72,73,74,75,76,77,78,79,80,81,82,83,84,85,86,87,88,89,90,91,92,93,94,95,96,97,98,99]
CFO=-1080.2701896486212,STO=5
EsN0dB=16.23,GRXdB=10,N0=0.0003981071640737355
packet_number=606,correct=True,payload=[0,1,2,3,4,5,6,7,8,9,10,11,12,13,14,15,16,17,18,19,20,21,22,23,24,25,26,27,28,29,30,31,32,33,34,35,36,37,38,39,40,41,42,43,44,45,46,47,48,49,50,51,52,53,54,55,56,57,58,59,60,61,62,63,64,65,66,67,68,69,70,71,72,73,74,75,76,77,78,79,80,81,82,83,84,85,86,87,88,89,90,91,92,93,94,95,96,97,98,99]
CFO=-972.3803555075575,STO=5
EsN0dB=16.19,GRXdB=10,N0=0.0003981071640737355
packet_number=607,correct=True,payload=[0,1,2,3,4,5,6,7,8,9,10,11,12,13,14,15,16,17,18,19,20,21,22,23,24,25,26,27,28,29,30,31,32,33,34,35,36,37,38,39,40,41,42,43,44,45,46,47,48,49,50,51,52,53,54,55,56,57,58,59,60,61,62,63,64,65,66,67,68,69,70,71,72,73,74,75,76,77,78,79,80,81,82,83,84,85,86,87,88,89,90,91,92,93,94,95,96,97,98,99]
CFO=-1029.969285221997,STO=3
EsN0dB=16.18,GRXdB=10,N0=0.0003981071640737355
packet_number=608,correct=True,payload=[0,1,2,3,4,5,6,7,8,9,10,11,12,13,14,15,16,17,18,19,20,21,22,23,24,25,26,27,28,29,30,31,32,33,34,35,36,37,38,39,40,41,42,43,44,45,46,47,48,49,50,51,52,53,54,55,56,57,58,59,60,61,62,63,64,65,66,67,68,69,70,71,72,73,74,75,76,77,78,79,80,81,82,83,84,85,86,87,88,89,90,91,92,93,94,95,96,97,98,99]
CFO=-1088.6795043251802,STO=4
EsN0dB=16.26,GRXdB=10,N0=0.0003981071640737355
packet_number=609,correct=True,payload=[0,1,2,3,4,5,6,7,8,9,10,11,12,13,14,15,16,17,18,19,20,21,22,23,24,25,26,27,28,29,30,31,32,33,34,35,36,37,38,39,40,41,42,43,44,45,46,47,48,49,50,51,52,53,54,55,56,57,58,59,60,61,62,63,64,65,66,67,68,69,70,71,72,73,74,75,76,77,78,79,80,81,82,83,84,85,86,87,88,89,90,91,92,93,94,95,96,97,98,99]
CFO=-1021.6958628507998,STO=4
EsN0dB=16.30,GRXdB=10,N0=0.0003981071640737355
packet_number=610,correct=True,payload=[0,1,2,3,4,5,6,7,8,9,10,11,12,13,14,15,16,17,18,19,20,21,22,23,24,25,26,27,28,29,30,31,32,33,34,35,36,37,38,39,40,41,42,43,44,45,46,47,48,49,50,51,52,53,54,55,56,57,58,59,60,61,62,63,64,65,66,67,68,69,70,71,72,73,74,75,76,77,78,79,80,81,82,83,84,85,86,87,88,89,90,91,92,93,94,95,96,97,98,99]
CFO=-992.6164510391436,STO=5
EsN0dB=16.24,GRXdB=10,N0=0.0003981071640737355
packet_number=611,correct=True,payload=[0,1,2,3,4,5,6,7,8,9,10,11,12,13,14,15,16,17,18,19,20,21,22,23,24,25,26,27,28,29,30,31,32,33,34,35,36,37,38,39,40,41,42,43,44,45,46,47,48,49,50,51,52,53,54,55,56,57,58,59,60,61,62,63,64,65,66,67,68,69,70,71,72,73,74,75,76,77,78,79,80,81,82,83,84,85,86,87,88,89,90,91,92,93,94,95,96,97,98,99]
CFO=-836.6500892691237,STO=7
EsN0dB=16.25,GRXdB=10,N0=0.0003981071640737355
packet_number=612,correct=True,payload=[0,1,2,3,4,5,6,7,8,9,10,11,12,13,14,15,16,17,18,19,20,21,22,23,24,25,26,27,28,29,30,31,32,33,34,35,36,37,38,39,40,41,42,43,44,45,46,47,48,49,50,51,52,53,54,55,56,57,58,59,60,61,62,63,64,65,66,67,68,69,70,71,72,73,74,75,76,77,78,79,80,81,82,83,84,85,86,87,88,89,90,91,92,93,94,95,96,97,98,99]
CFO=-999.4267188240772,STO=4
EsN0dB=16.24,GRXdB=10,N0=0.0003981071640737355
packet_number=613,correct=True,payload=[0,1,2,3,4,5,6,7,8,9,10,11,12,13,14,15,16,17,18,19,20,21,22,23,24,25,26,27,28,29,30,31,32,33,34,35,36,37,38,39,40,41,42,43,44,45,46,47,48,49,50,51,52,53,54,55,56,57,58,59,60,61,62,63,64,65,66,67,68,69,70,71,72,73,74,75,76,77,78,79,80,81,82,83,84,85,86,87,88,89,90,91,92,93,94,95,96,97,98,99]
CFO=-974.8983355757978,STO=4
EsN0dB=16.27,GRXdB=10,N0=0.0003981071640737355
packet_number=614,correct=True,payload=[0,1,2,3,4,5,6,7,8,9,10,11,12,13,14,15,16,17,18,19,20,21,22,23,24,25,26,27,28,29,30,31,32,33,34,35,36,37,38,39,40,41,42,43,44,45,46,47,48,49,50,51,52,53,54,55,56,57,58,59,60,61,62,63,64,65,66,67,68,69,70,71,72,73,74,75,76,77,78,79,80,81,82,83,84,85,86,87,88,89,90,91,92,93,94,95,96,97,98,99]
CFO=-1016.1853468626111,STO=4
EsN0dB=16.26,GRXdB=10,N0=0.0003981071640737355
packet_number=615,correct=True,payload=[0,1,2,3,4,5,6,7,8,9,10,11,12,13,14,15,16,17,18,19,20,21,22,23,24,25,26,27,28,29,30,31,32,33,34,35,36,37,38,39,40,41,42,43,44,45,46,47,48,49,50,51,52,53,54,55,56,57,58,59,60,61,62,63,64,65,66,67,68,69,70,71,72,73,74,75,76,77,78,79,80,81,82,83,84,85,86,87,88,89,90,91,92,93,94,95,96,97,98,99]
CFO=-1132.3699477160285,STO=4
EsN0dB=16.22,GRXdB=10,N0=0.0003981071640737355
packet_number=616,correct=True,payload=[0,1,2,3,4,5,6,7,8,9,10,11,12,13,14,15,16,17,18,19,20,21,22,23,24,25,26,27,28,29,30,31,32,33,34,35,36,37,38,39,40,41,42,43,44,45,46,47,48,49,50,51,52,53,54,55,56,57,58,59,60,61,62,63,64,65,66,67,68,69,70,71,72,73,74,75,76,77,78,79,80,81,82,83,84,85,86,87,88,89,90,91,92,93,94,95,96,97,98,99]
CFO=-987.0192533099258,STO=4
EsN0dB=16.26,GRXdB=10,N0=0.0003981071640737355
packet_number=617,correct=True,payload=[0,1,2,3,4,5,6,7,8,9,10,11,12,13,14,15,16,17,18,19,20,21,22,23,24,25,26,27,28,29,30,31,32,33,34,35,36,37,38,39,40,41,42,43,44,45,46,47,48,49,50,51,52,53,54,55,56,57,58,59,60,61,62,63,64,65,66,67,68,69,70,71,72,73,74,75,76,77,78,79,80,81,82,83,84,85,86,87,88,89,90,91,92,93,94,95,96,97,98,99]
CFO=-1073.6022174713962,STO=1
EsN0dB=16.17,GRXdB=10,N0=0.0003981071640737355
packet_number=618,correct=True,payload=[0,1,2,3,4,5,6,7,8,9,10,11,12,13,14,15,16,17,18,19,20,21,22,23,24,25,26,27,28,29,30,31,32,33,34,35,36,37,38,39,40,41,42,43,44,45,46,47,48,49,50,51,52,53,54,55,56,57,58,59,60,61,62,63,64,65,66,67,68,69,70,71,72,73,74,75,76,77,78,79,80,81,82,83,84,85,86,87,88,89,90,91,92,93,94,95,96,97,98,99]
CFO=-1116.1997120153694,STO=4
EsN0dB=16.25,GRXdB=10,N0=0.0003981071640737355
packet_number=619,correct=True,payload=[0,1,2,3,4,5,6,7,8,9,10,11,12,13,14,15,16,17,18,19,20,21,22,23,24,25,26,27,28,29,30,31,32,33,34,35,36,37,38,39,40,41,42,43,44,45,46,47,48,49,50,51,52,53,54,55,56,57,58,59,60,61,62,63,64,65,66,67,68,69,70,71,72,73,74,75,76,77,78,79,80,81,82,83,84,85,86,87,88,89,90,91,92,93,94,95,96,97,98,99]
CFO=-1037.0478988071343,STO=4
EsN0dB=16.27,GRXdB=10,N0=0.0003981071640737355
packet_number=620,correct=True,payload=[0,1,2,3,4,5,6,7,8,9,10,11,12,13,14,15,16,17,18,19,20,21,22,23,24,25,26,27,28,29,30,31,32,33,34,35,36,37,38,39,40,41,42,43,44,45,46,47,48,49,50,51,52,53,54,55,56,57,58,59,60,61,62,63,64,65,66,67,68,69,70,71,72,73,74,75,76,77,78,79,80,81,82,83,84,85,86,87,88,89,90,91,92,93,94,95,96,97,98,99]
CFO=-994.0872540143216,STO=4
EsN0dB=16.29,GRXdB=10,N0=0.0003981071640737355
packet_number=621,correct=True,payload=[0,1,2,3,4,5,6,7,8,9,10,11,12,13,14,15,16,17,18,19,20,21,22,23,24,25,26,27,28,29,30,31,32,33,34,35,36,37,38,39,40,41,42,43,44,45,46,47,48,49,50,51,52,53,54,55,56,57,58,59,60,61,62,63,64,65,66,67,68,69,70,71,72,73,74,75,76,77,78,79,80,81,82,83,84,85,86,87,88,89,90,91,92,93,94,95,96,97,98,99]
CFO=-975.5666506133358,STO=4
EsN0dB=16.23,GRXdB=10,N0=0.0003981071640737355
packet_number=622,correct=True,payload=[0,1,2,3,4,5,6,7,8,9,10,11,12,13,14,15,16,17,18,19,20,21,22,23,24,25,26,27,28,29,30,31,32,33,34,35,36,37,38,39,40,41,42,43,44,45,46,47,48,49,50,51,52,53,54,55,56,57,58,59,60,61,62,63,64,65,66,67,68,69,70,71,72,73,74,75,76,77,78,79,80,81,82,83,84,85,86,87,88,89,90,91,92,93,94,95,96,97,98,99]
CFO=-1030.6325013335922,STO=4
EsN0dB=16.24,GRXdB=10,N0=0.0003981071640737355
packet_number=623,correct=True,payload=[0,1,2,3,4,5,6,7,8,9,10,11,12,13,14,15,16,17,18,19,20,21,22,23,24,25,26,27,28,29,30,31,32,33,34,35,36,37,38,39,40,41,42,43,44,45,46,47,48,49,50,51,52,53,54,55,56,57,58,59,60,61,62,63,64,65,66,67,68,69,70,71,72,73,74,75,76,77,78,79,80,81,82,83,84,85,86,87,88,89,90,91,92,93,94,95,96,97,98,99]
CFO=-876.3563149339677,STO=4
EsN0dB=16.22,GRXdB=10,N0=0.0003981071640737355
packet_number=624,correct=True,payload=[0,1,2,3,4,5,6,7,8,9,10,11,12,13,14,15,16,17,18,19,20,21,22,23,24,25,26,27,28,29,30,31,32,33,34,35,36,37,38,39,40,41,42,43,44,45,46,47,48,49,50,51,52,53,54,55,56,57,58,59,60,61,62,63,64,65,66,67,68,69,70,71,72,73,74,75,76,77,78,79,80,81,82,83,84,85,86,87,88,89,90,91,92,93,94,95,96,97,98,99]
CFO=-1121.0441659798087,STO=5
EsN0dB=16.20,GRXdB=10,N0=0.0003981071640737355
packet_number=625,correct=True,payload=[0,1,2,3,4,5,6,7,8,9,10,11,12,13,14,15,16,17,18,19,20,21,22,23,24,25,26,27,28,29,30,31,32,33,34,35,36,37,38,39,40,41,42,43,44,45,46,47,48,49,50,51,52,53,54,55,56,57,58,59,60,61,62,63,64,65,66,67,68,69,70,71,72,73,74,75,76,77,78,79,80,81,82,83,84,85,86,87,88,89,90,91,92,93,94,95,96,97,98,99]
CFO=-997.0495521176318,STO=4
EsN0dB=16.27,GRXdB=10,N0=0.0003981071640737355
packet_number=626,correct=True,payload=[0,1,2,3,4,5,6,7,8,9,10,11,12,13,14,15,16,17,18,19,20,21,22,23,24,25,26,27,28,29,30,31,32,33,34,35,36,37,38,39,40,41,42,43,44,45,46,47,48,49,50,51,52,53,54,55,56,57,58,59,60,61,62,63,64,65,66,67,68,69,70,71,72,73,74,75,76,77,78,79,80,81,82,83,84,85,86,87,88,89,90,91,92,93,94,95,96,97,98,99]
CFO=-1163.3895601387915,STO=4
EsN0dB=16.22,GRXdB=10,N0=0.0003981071640737355
packet_number=627,correct=True,payload=[0,1,2,3,4,5,6,7,8,9,10,11,12,13,14,15,16,17,18,19,20,21,22,23,24,25,26,27,28,29,30,31,32,33,34,35,36,37,38,39,40,41,42,43,44,45,46,47,48,49,50,51,52,53,54,55,56,57,58,59,60,61,62,63,64,65,66,67,68,69,70,71,72,73,74,75,76,77,78,79,80,81,82,83,84,85,86,87,88,89,90,91,92,93,94,95,96,97,98,99]
CFO=-1077.999151749592,STO=6
EsN0dB=16.29,GRXdB=10,N0=0.0003981071640737355
packet_number=628,correct=True,payload=[0,1,2,3,4,5,6,7,8,9,10,11,12,13,14,15,16,17,18,19,20,21,22,23,24,25,26,27,28,29,30,31,32,33,34,35,36,37,38,39,40,41,42,43,44,45,46,47,48,49,50,51,52,53,54,55,56,57,58,59,60,61,62,63,64,65,66,67,68,69,70,71,72,73,74,75,76,77,78,79,80,81,82,83,84,85,86,87,88,89,90,91,92,93,94,95,96,97,98,99]
CFO=-1162.6834181855374,STO=5
EsN0dB=16.32,GRXdB=10,N0=0.0003981071640737355
packet_number=629,correct=True,payload=[0,1,2,3,4,5,6,7,8,9,10,11,12,13,14,15,16,17,18,19,20,21,22,23,24,25,26,27,28,29,30,31,32,33,34,35,36,37,38,39,40,41,42,43,44,45,46,47,48,49,50,51,52,53,54,55,56,57,58,59,60,61,62,63,64,65,66,67,68,69,70,71,72,73,74,75,76,77,78,79,80,81,82,83,84,85,86,87,88,89,90,91,92,93,94,95,96,97,98,99]
CFO=-1032.0701612901414,STO=4
EsN0dB=16.15,GRXdB=10,N0=0.0003981071640737355
packet_number=630,correct=True,payload=[0,1,2,3,4,5,6,7,8,9,10,11,12,13,14,15,16,17,18,19,20,21,22,23,24,25,26,27,28,29,30,31,32,33,34,35,36,37,38,39,40,41,42,43,44,45,46,47,48,49,50,51,52,53,54,55,56,57,58,59,60,61,62,63,64,65,66,67,68,69,70,71,72,73,74,75,76,77,78,79,80,81,82,83,84,85,86,87,88,89,90,91,92,93,94,95,96,97,98,99]
CFO=-1132.4971837052544,STO=5
EsN0dB=16.26,GRXdB=10,N0=0.0003981071640737355
packet_number=631,correct=True,payload=[0,1,2,3,4,5,6,7,8,9,10,11,12,13,14,15,16,17,18,19,20,21,22,23,24,25,26,27,28,29,30,31,32,33,34,35,36,37,38,39,40,41,42,43,44,45,46,47,48,49,50,51,52,53,54,55,56,57,58,59,60,61,62,63,64,65,66,67,68,69,70,71,72,73,74,75,76,77,78,79,80,81,82,83,84,85,86,87,88,89,90,91,92,93,94,95,96,97,98,99]
CFO=-1148.829399239355,STO=4
EsN0dB=16.29,GRXdB=10,N0=0.0003981071640737355
packet_number=632,correct=True,payload=[0,1,2,3,4,5,6,7,8,9,10,11,12,13,14,15,16,17,18,19,20,21,22,23,24,25,26,27,28,29,30,31,32,33,34,35,36,37,38,39,40,41,42,43,44,45,46,47,48,49,50,51,52,53,54,55,56,57,58,59,60,61,62,63,64,65,66,67,68,69,70,71,72,73,74,75,76,77,78,79,80,81,82,83,84,85,86,87,88,89,90,91,92,93,94,95,96,97,98,99]
CFO=-953.917737566713,STO=5
EsN0dB=16.24,GRXdB=10,N0=0.0003981071640737355
packet_number=633,correct=True,payload=[0,1,2,3,4,5,6,7,8,9,10,11,12,13,14,15,16,17,18,19,20,21,22,23,24,25,26,27,28,29,30,31,32,33,34,35,36,37,38,39,40,41,42,43,44,45,46,47,48,49,50,51,52,53,54,55,56,57,58,59,60,61,62,63,64,65,66,67,68,69,70,71,72,73,74,75,76,77,78,79,80,81,82,83,84,85,86,87,88,89,90,91,92,93,94,95,96,97,98,99]
CFO=-1126.4333749624257,STO=5
EsN0dB=16.28,GRXdB=10,N0=0.0003981071640737355
packet_number=634,correct=True,payload=[0,1,2,3,4,5,6,7,8,9,10,11,12,13,14,15,16,17,18,19,20,21,22,23,24,25,26,27,28,29,30,31,32,33,34,35,36,37,38,39,40,41,42,43,44,45,46,47,48,49,50,51,52,53,54,55,56,57,58,59,60,61,62,63,64,65,66,67,68,69,70,71,72,73,74,75,76,77,78,79,80,81,82,83,84,85,86,87,88,89,90,91,92,93,94,95,96,97,98,99]
CFO=-1035.352090902267,STO=5
EsN0dB=16.24,GRXdB=10,N0=0.0003981071640737355
packet_number=635,correct=True,payload=[0,1,2,3,4,5,6,7,8,9,10,11,12,13,14,15,16,17,18,19,20,21,22,23,24,25,26,27,28,29,30,31,32,33,34,35,36,37,38,39,40,41,42,43,44,45,46,47,48,49,50,51,52,53,54,55,56,57,58,59,60,61,62,63,64,65,66,67,68,69,70,71,72,73,74,75,76,77,78,79,80,81,82,83,84,85,86,87,88,89,90,91,92,93,94,95,96,97,98,99]
CFO=-1025.1074000456135,STO=5
EsN0dB=16.19,GRXdB=10,N0=0.0003981071640737355
packet_number=636,correct=True,payload=[0,1,2,3,4,5,6,7,8,9,10,11,12,13,14,15,16,17,18,19,20,21,22,23,24,25,26,27,28,29,30,31,32,33,34,35,36,37,38,39,40,41,42,43,44,45,46,47,48,49,50,51,52,53,54,55,56,57,58,59,60,61,62,63,64,65,66,67,68,69,70,71,72,73,74,75,76,77,78,79,80,81,82,83,84,85,86,87,88,89,90,91,92,93,94,95,96,97,98,99]
CFO=-1076.2796279101067,STO=5
EsN0dB=16.28,GRXdB=10,N0=0.0003981071640737355
packet_number=637,correct=True,payload=[0,1,2,3,4,5,6,7,8,9,10,11,12,13,14,15,16,17,18,19,20,21,22,23,24,25,26,27,28,29,30,31,32,33,34,35,36,37,38,39,40,41,42,43,44,45,46,47,48,49,50,51,52,53,54,55,56,57,58,59,60,61,62,63,64,65,66,67,68,69,70,71,72,73,74,75,76,77,78,79,80,81,82,83,84,85,86,87,88,89,90,91,92,93,94,95,96,97,98,99]
CFO=-1133.6747984387164,STO=4
EsN0dB=16.30,GRXdB=10,N0=0.0003981071640737355
packet_number=638,correct=True,payload=[0,1,2,3,4,5,6,7,8,9,10,11,12,13,14,15,16,17,18,19,20,21,22,23,24,25,26,27,28,29,30,31,32,33,34,35,36,37,38,39,40,41,42,43,44,45,46,47,48,49,50,51,52,53,54,55,56,57,58,59,60,61,62,63,64,65,66,67,68,69,70,71,72,73,74,75,76,77,78,79,80,81,82,83,84,85,86,87,88,89,90,91,92,93,94,95,96,97,98,99]
CFO=-1111.83064396035,STO=5
EsN0dB=16.21,GRXdB=10,N0=0.0003981071640737355
packet_number=639,correct=True,payload=[0,1,2,3,4,5,6,7,8,9,10,11,12,13,14,15,16,17,18,19,20,21,22,23,24,25,26,27,28,29,30,31,32,33,34,35,36,37,38,39,40,41,42,43,44,45,46,47,48,49,50,51,52,53,54,55,56,57,58,59,60,61,62,63,64,65,66,67,68,69,70,71,72,73,74,75,76,77,78,79,80,81,82,83,84,85,86,87,88,89,90,91,92,93,94,95,96,97,98,99]
CFO=-1081.3920719357304,STO=6
EsN0dB=16.28,GRXdB=10,N0=0.0003981071640737355
packet_number=640,correct=True,payload=[0,1,2,3,4,5,6,7,8,9,10,11,12,13,14,15,16,17,18,19,20,21,22,23,24,25,26,27,28,29,30,31,32,33,34,35,36,37,38,39,40,41,42,43,44,45,46,47,48,49,50,51,52,53,54,55,56,57,58,59,60,61,62,63,64,65,66,67,68,69,70,71,72,73,74,75,76,77,78,79,80,81,82,83,84,85,86,87,88,89,90,91,92,93,94,95,96,97,98,99]
CFO=-1001.688033189913,STO=5
EsN0dB=16.20,GRXdB=10,N0=0.0003981071640737355
packet_number=641,correct=True,payload=[0,1,2,3,4,5,6,7,8,9,10,11,12,13,14,15,16,17,18,19,20,21,22,23,24,25,26,27,28,29,30,31,32,33,34,35,36,37,38,39,40,41,42,43,44,45,46,47,48,49,50,51,52,53,54,55,56,57,58,59,60,61,62,63,64,65,66,67,68,69,70,71,72,73,74,75,76,77,78,79,80,81,82,83,84,85,86,87,88,89,90,91,92,93,94,95,96,97,98,99]
CFO=-1061.3498541696474,STO=4
EsN0dB=16.33,GRXdB=10,N0=0.0003981071640737355
packet_number=642,correct=True,payload=[0,1,2,3,4,5,6,7,8,9,10,11,12,13,14,15,16,17,18,19,20,21,22,23,24,25,26,27,28,29,30,31,32,33,34,35,36,37,38,39,40,41,42,43,44,45,46,47,48,49,50,51,52,53,54,55,56,57,58,59,60,61,62,63,64,65,66,67,68,69,70,71,72,73,74,75,76,77,78,79,80,81,82,83,84,85,86,87,88,89,90,91,92,93,94,95,96,97,98,99]
CFO=-1119.4901793639576,STO=4
EsN0dB=16.25,GRXdB=10,N0=0.0003981071640737355
packet_number=643,correct=True,payload=[0,1,2,3,4,5,6,7,8,9,10,11,12,13,14,15,16,17,18,19,20,21,22,23,24,25,26,27,28,29,30,31,32,33,34,35,36,37,38,39,40,41,42,43,44,45,46,47,48,49,50,51,52,53,54,55,56,57,58,59,60,61,62,63,64,65,66,67,68,69,70,71,72,73,74,75,76,77,78,79,80,81,82,83,84,85,86,87,88,89,90,91,92,93,94,95,96,97,98,99]
CFO=-1052.4988302108263,STO=4
EsN0dB=16.30,GRXdB=10,N0=0.0003981071640737355
packet_number=644,correct=True,payload=[0,1,2,3,4,5,6,7,8,9,10,11,12,13,14,15,16,17,18,19,20,21,22,23,24,25,26,27,28,29,30,31,32,33,34,35,36,37,38,39,40,41,42,43,44,45,46,47,48,49,50,51,52,53,54,55,56,57,58,59,60,61,62,63,64,65,66,67,68,69,70,71,72,73,74,75,76,77,78,79,80,81,82,83,84,85,86,87,88,89,90,91,92,93,94,95,96,97,98,99]
CFO=-916.1806459532098,STO=5
EsN0dB=16.25,GRXdB=10,N0=0.0003981071640737355
packet_number=645,correct=True,payload=[0,1,2,3,4,5,6,7,8,9,10,11,12,13,14,15,16,17,18,19,20,21,22,23,24,25,26,27,28,29,30,31,32,33,34,35,36,37,38,39,40,41,42,43,44,45,46,47,48,49,50,51,52,53,54,55,56,57,58,59,60,61,62,63,64,65,66,67,68,69,70,71,72,73,74,75,76,77,78,79,80,81,82,83,84,85,86,87,88,89,90,91,92,93,94,95,96,97,98,99]
CFO=-996.8108512357007,STO=5
EsN0dB=16.29,GRXdB=10,N0=0.0003981071640737355
packet_number=646,correct=True,payload=[0,1,2,3,4,5,6,7,8,9,10,11,12,13,14,15,16,17,18,19,20,21,22,23,24,25,26,27,28,29,30,31,32,33,34,35,36,37,38,39,40,41,42,43,44,45,46,47,48,49,50,51,52,53,54,55,56,57,58,59,60,61,62,63,64,65,66,67,68,69,70,71,72,73,74,75,76,77,78,79,80,81,82,83,84,85,86,87,88,89,90,91,92,93,94,95,96,97,98,99]
CFO=-986.3679544554763,STO=4
EsN0dB=16.25,GRXdB=10,N0=0.0003981071640737355
packet_number=647,correct=True,payload=[0,1,2,3,4,5,6,7,8,9,10,11,12,13,14,15,16,17,18,19,20,21,22,23,24,25,26,27,28,29,30,31,32,33,34,35,36,37,38,39,40,41,42,43,44,45,46,47,48,49,50,51,52,53,54,55,56,57,58,59,60,61,62,63,64,65,66,67,68,69,70,71,72,73,74,75,76,77,78,79,80,81,82,83,84,85,86,87,88,89,90,91,92,93,94,95,96,97,98,99]
CFO=-1032.0713470868723,STO=4
EsN0dB=16.25,GRXdB=10,N0=0.0003981071640737355
packet_number=648,correct=True,payload=[0,1,2,3,4,5,6,7,8,9,10,11,12,13,14,15,16,17,18,19,20,21,22,23,24,25,26,27,28,29,30,31,32,33,34,35,36,37,38,39,40,41,42,43,44,45,46,47,48,49,50,51,52,53,54,55,56,57,58,59,60,61,62,63,64,65,66,67,68,69,70,71,72,73,74,75,76,77,78,79,80,81,82,83,84,85,86,87,88,89,90,91,92,93,94,95,96,97,98,99]
CFO=-1018.6866664867822,STO=4
EsN0dB=16.24,GRXdB=10,N0=0.0003981071640737355
packet_number=649,correct=True,payload=[0,1,2,3,4,5,6,7,8,9,10,11,12,13,14,15,16,17,18,19,20,21,22,23,24,25,26,27,28,29,30,31,32,33,34,35,36,37,38,39,40,41,42,43,44,45,46,47,48,49,50,51,52,53,54,55,56,57,58,59,60,61,62,63,64,65,66,67,68,69,70,71,72,73,74,75,76,77,78,79,80,81,82,83,84,85,86,87,88,89,90,91,92,93,94,95,96,97,98,99]
CFO=-1082.0456830938053,STO=4
EsN0dB=16.22,GRXdB=10,N0=0.0003981071640737355
packet_number=650,correct=True,payload=[0,1,2,3,4,5,6,7,8,9,10,11,12,13,14,15,16,17,18,19,20,21,22,23,24,25,26,27,28,29,30,31,32,33,34,35,36,37,38,39,40,41,42,43,44,45,46,47,48,49,50,51,52,53,54,55,56,57,58,59,60,61,62,63,64,65,66,67,68,69,70,71,72,73,74,75,76,77,78,79,80,81,82,83,84,85,86,87,88,89,90,91,92,93,94,95,96,97,98,99]
CFO=-1027.4638153092678,STO=4
EsN0dB=16.29,GRXdB=10,N0=0.0003981071640737355
packet_number=651,correct=True,payload=[0,1,2,3,4,5,6,7,8,9,10,11,12,13,14,15,16,17,18,19,20,21,22,23,24,25,26,27,28,29,30,31,32,33,34,35,36,37,38,39,40,41,42,43,44,45,46,47,48,49,50,51,52,53,54,55,56,57,58,59,60,61,62,63,64,65,66,67,68,69,70,71,72,73,74,75,76,77,78,79,80,81,82,83,84,85,86,87,88,89,90,91,92,93,94,95,96,97,98,99]
CFO=-903.1897684474533,STO=5
EsN0dB=16.27,GRXdB=10,N0=0.0003981071640737355
packet_number=652,correct=True,payload=[0,1,2,3,4,5,6,7,8,9,10,11,12,13,14,15,16,17,18,19,20,21,22,23,24,25,26,27,28,29,30,31,32,33,34,35,36,37,38,39,40,41,42,43,44,45,46,47,48,49,50,51,52,53,54,55,56,57,58,59,60,61,62,63,64,65,66,67,68,69,70,71,72,73,74,75,76,77,78,79,80,81,82,83,84,85,86,87,88,89,90,91,92,93,94,95,96,97,98,99]
CFO=-891.2163638266497,STO=5
EsN0dB=16.27,GRXdB=10,N0=0.0003981071640737355
packet_number=653,correct=True,payload=[0,1,2,3,4,5,6,7,8,9,10,11,12,13,14,15,16,17,18,19,20,21,22,23,24,25,26,27,28,29,30,31,32,33,34,35,36,37,38,39,40,41,42,43,44,45,46,47,48,49,50,51,52,53,54,55,56,57,58,59,60,61,62,63,64,65,66,67,68,69,70,71,72,73,74,75,76,77,78,79,80,81,82,83,84,85,86,87,88,89,90,91,92,93,94,95,96,97,98,99]
CFO=-1076.7822871443373,STO=4
EsN0dB=16.19,GRXdB=10,N0=0.0003981071640737355
packet_number=654,correct=True,payload=[0,1,2,3,4,5,6,7,8,9,10,11,12,13,14,15,16,17,18,19,20,21,22,23,24,25,26,27,28,29,30,31,32,33,34,35,36,37,38,39,40,41,42,43,44,45,46,47,48,49,50,51,52,53,54,55,56,57,58,59,60,61,62,63,64,65,66,67,68,69,70,71,72,73,74,75,76,77,78,79,80,81,82,83,84,85,86,87,88,89,90,91,92,93,94,95,96,97,98,99]
CFO=-998.128152824063,STO=5
EsN0dB=16.31,GRXdB=10,N0=0.0003981071640737355
packet_number=655,correct=True,payload=[0,1,2,3,4,5,6,7,8,9,10,11,12,13,14,15,16,17,18,19,20,21,22,23,24,25,26,27,28,29,30,31,32,33,34,35,36,37,38,39,40,41,42,43,44,45,46,47,48,49,50,51,52,53,54,55,56,57,58,59,60,61,62,63,64,65,66,67,68,69,70,71,72,73,74,75,76,77,78,79,80,81,82,83,84,85,86,87,88,89,90,91,92,93,94,95,96,97,98,99]
CFO=-1070.9582465004974,STO=5
EsN0dB=16.28,GRXdB=10,N0=0.0003981071640737355
packet_number=656,correct=True,payload=[0,1,2,3,4,5,6,7,8,9,10,11,12,13,14,15,16,17,18,19,20,21,22,23,24,25,26,27,28,29,30,31,32,33,34,35,36,37,38,39,40,41,42,43,44,45,46,47,48,49,50,51,52,53,54,55,56,57,58,59,60,61,62,63,64,65,66,67,68,69,70,71,72,73,74,75,76,77,78,79,80,81,82,83,84,85,86,87,88,89,90,91,92,93,94,95,96,97,98,99]
CFO=-1047.0676440239354,STO=4
EsN0dB=16.19,GRXdB=10,N0=0.0003981071640737355
packet_number=657,correct=True,payload=[0,1,2,3,4,5,6,7,8,9,10,11,12,13,14,15,16,17,18,19,20,21,22,23,24,25,26,27,28,29,30,31,32,33,34,35,36,37,38,39,40,41,42,43,44,45,46,47,48,49,50,51,52,53,54,55,56,57,58,59,60,61,62,63,64,65,66,67,68,69,70,71,72,73,74,75,76,77,78,79,80,81,82,83,84,85,86,87,88,89,90,91,92,93,94,95,96,97,98,99]
CFO=-967.1032636058476,STO=5
EsN0dB=16.37,GRXdB=10,N0=0.0003981071640737355
packet_number=658,correct=True,payload=[0,1,2,3,4,5,6,7,8,9,10,11,12,13,14,15,16,17,18,19,20,21,22,23,24,25,26,27,28,29,30,31,32,33,34,35,36,37,38,39,40,41,42,43,44,45,46,47,48,49,50,51,52,53,54,55,56,57,58,59,60,61,62,63,64,65,66,67,68,69,70,71,72,73,74,75,76,77,78,79,80,81,82,83,84,85,86,87,88,89,90,91,92,93,94,95,96,97,98,99]
CFO=-1090.4379222974392,STO=1
EsN0dB=16.16,GRXdB=10,N0=0.0003981071640737355
packet_number=659,correct=False,payload=[0,1,2,3,4,4,2,7,8,5,10,11,12,13,14,15,16,17,18,19,20,21,22,23,24,25,26,25,28,29,30,31,32,1,34,35,36,38,166,39,40,41,42,43,44,45,174,47,48,49,50,51,20,53,22,55,56,57,58,59,60,61,62,63,64,65,67,67,68,71,70,7,72,73,74,75,76,13,78,79,64,81,18,91,80,87,86,83,92,121,90,91,92,93,94,95,96,97,98,99]
CFO=-1081.785637870718,STO=5
EsN0dB=16.30,GRXdB=10,N0=0.0003981071640737355
packet_number=660,correct=True,payload=[0,1,2,3,4,5,6,7,8,9,10,11,12,13,14,15,16,17,18,19,20,21,22,23,24,25,26,27,28,29,30,31,32,33,34,35,36,37,38,39,40,41,42,43,44,45,46,47,48,49,50,51,52,53,54,55,56,57,58,59,60,61,62,63,64,65,66,67,68,69,70,71,72,73,74,75,76,77,78,79,80,81,82,83,84,85,86,87,88,89,90,91,92,93,94,95,96,97,98,99]
CFO=-1027.517769060524,STO=4
EsN0dB=16.20,GRXdB=10,N0=0.0003981071640737355
packet_number=661,correct=True,payload=[0,1,2,3,4,5,6,7,8,9,10,11,12,13,14,15,16,17,18,19,20,21,22,23,24,25,26,27,28,29,30,31,32,33,34,35,36,37,38,39,40,41,42,43,44,45,46,47,48,49,50,51,52,53,54,55,56,57,58,59,60,61,62,63,64,65,66,67,68,69,70,71,72,73,74,75,76,77,78,79,80,81,82,83,84,85,86,87,88,89,90,91,92,93,94,95,96,97,98,99]
CFO=-1136.6011076112436,STO=5
EsN0dB=16.17,GRXdB=10,N0=0.0003981071640737355
packet_number=662,correct=True,payload=[0,1,2,3,4,5,6,7,8,9,10,11,12,13,14,15,16,17,18,19,20,21,22,23,24,25,26,27,28,29,30,31,32,33,34,35,36,37,38,39,40,41,42,43,44,45,46,47,48,49,50,51,52,53,54,55,56,57,58,59,60,61,62,63,64,65,66,67,68,69,70,71,72,73,74,75,76,77,78,79,80,81,82,83,84,85,86,87,88,89,90,91,92,93,94,95,96,97,98,99]
CFO=-957.429237425942,STO=5
EsN0dB=16.24,GRXdB=10,N0=0.0003981071640737355
packet_number=663,correct=True,payload=[0,1,2,3,4,5,6,7,8,9,10,11,12,13,14,15,16,17,18,19,20,21,22,23,24,25,26,27,28,29,30,31,32,33,34,35,36,37,38,39,40,41,42,43,44,45,46,47,48,49,50,51,52,53,54,55,56,57,58,59,60,61,62,63,64,65,66,67,68,69,70,71,72,73,74,75,76,77,78,79,80,81,82,83,84,85,86,87,88,89,90,91,92,93,94,95,96,97,98,99]
CFO=-950.0952625148042,STO=4
EsN0dB=16.22,GRXdB=10,N0=0.0003981071640737355
packet_number=664,correct=True,payload=[0,1,2,3,4,5,6,7,8,9,10,11,12,13,14,15,16,17,18,19,20,21,22,23,24,25,26,27,28,29,30,31,32,33,34,35,36,37,38,39,40,41,42,43,44,45,46,47,48,49,50,51,52,53,54,55,56,57,58,59,60,61,62,63,64,65,66,67,68,69,70,71,72,73,74,75,76,77,78,79,80,81,82,83,84,85,86,87,88,89,90,91,92,93,94,95,96,97,98,99]
CFO=-1019.493601162163,STO=4
EsN0dB=16.23,GRXdB=10,N0=0.0003981071640737355
packet_number=665,correct=True,payload=[0,1,2,3,4,5,6,7,8,9,10,11,12,13,14,15,16,17,18,19,20,21,22,23,24,25,26,27,28,29,30,31,32,33,34,35,36,37,38,39,40,41,42,43,44,45,46,47,48,49,50,51,52,53,54,55,56,57,58,59,60,61,62,63,64,65,66,67,68,69,70,71,72,73,74,75,76,77,78,79,80,81,82,83,84,85,86,87,88,89,90,91,92,93,94,95,96,97,98,99]
CFO=-1013.4287252022764,STO=5
EsN0dB=16.25,GRXdB=10,N0=0.0003981071640737355
packet_number=666,correct=True,payload=[0,1,2,3,4,5,6,7,8,9,10,11,12,13,14,15,16,17,18,19,20,21,22,23,24,25,26,27,28,29,30,31,32,33,34,35,36,37,38,39,40,41,42,43,44,45,46,47,48,49,50,51,52,53,54,55,56,57,58,59,60,61,62,63,64,65,66,67,68,69,70,71,72,73,74,75,76,77,78,79,80,81,82,83,84,85,86,87,88,89,90,91,92,93,94,95,96,97,98,99]
CFO=-970.977557974897,STO=4
EsN0dB=16.27,GRXdB=10,N0=0.0003981071640737355
packet_number=667,correct=True,payload=[0,1,2,3,4,5,6,7,8,9,10,11,12,13,14,15,16,17,18,19,20,21,22,23,24,25,26,27,28,29,30,31,32,33,34,35,36,37,38,39,40,41,42,43,44,45,46,47,48,49,50,51,52,53,54,55,56,57,58,59,60,61,62,63,64,65,66,67,68,69,70,71,72,73,74,75,76,77,78,79,80,81,82,83,84,85,86,87,88,89,90,91,92,93,94,95,96,97,98,99]
CFO=-1093.9456276071292,STO=0
EsN0dB=16.25,GRXdB=10,N0=0.0003981071640737355
packet_number=668,correct=True,payload=[0,1,2,3,4,5,6,7,8,9,10,11,12,13,14,15,16,17,18,19,20,21,22,23,24,25,26,27,28,29,30,31,32,33,34,35,36,37,38,39,40,41,42,43,44,45,46,47,48,49,50,51,52,53,54,55,56,57,58,59,60,61,62,63,64,65,66,67,68,69,70,71,72,73,74,75,76,77,78,79,80,81,82,83,84,85,86,87,88,89,90,91,92,93,94,95,96,97,98,99]
CFO=-1067.2089943967221,STO=5
EsN0dB=16.30,GRXdB=10,N0=0.0003981071640737355
packet_number=669,correct=True,payload=[0,1,2,3,4,5,6,7,8,9,10,11,12,13,14,15,16,17,18,19,20,21,22,23,24,25,26,27,28,29,30,31,32,33,34,35,36,37,38,39,40,41,42,43,44,45,46,47,48,49,50,51,52,53,54,55,56,57,58,59,60,61,62,63,64,65,66,67,68,69,70,71,72,73,74,75,76,77,78,79,80,81,82,83,84,85,86,87,88,89,90,91,92,93,94,95,96,97,98,99]
CFO=-1034.2025795513277,STO=5
EsN0dB=16.30,GRXdB=10,N0=0.0003981071640737355
packet_number=670,correct=True,payload=[0,1,2,3,4,5,6,7,8,9,10,11,12,13,14,15,16,17,18,19,20,21,22,23,24,25,26,27,28,29,30,31,32,33,34,35,36,37,38,39,40,41,42,43,44,45,46,47,48,49,50,51,52,53,54,55,56,57,58,59,60,61,62,63,64,65,66,67,68,69,70,71,72,73,74,75,76,77,78,79,80,81,82,83,84,85,86,87,88,89,90,91,92,93,94,95,96,97,98,99]
CFO=-956.5539415690245,STO=4
EsN0dB=16.24,GRXdB=10,N0=0.0003981071640737355
packet_number=671,correct=True,payload=[0,1,2,3,4,5,6,7,8,9,10,11,12,13,14,15,16,17,18,19,20,21,22,23,24,25,26,27,28,29,30,31,32,33,34,35,36,37,38,39,40,41,42,43,44,45,46,47,48,49,50,51,52,53,54,55,56,57,58,59,60,61,62,63,64,65,66,67,68,69,70,71,72,73,74,75,76,77,78,79,80,81,82,83,84,85,86,87,88,89,90,91,92,93,94,95,96,97,98,99]
CFO=-1150.1623533445654,STO=4
EsN0dB=16.30,GRXdB=10,N0=0.0003981071640737355
packet_number=672,correct=True,payload=[0,1,2,3,4,5,6,7,8,9,10,11,12,13,14,15,16,17,18,19,20,21,22,23,24,25,26,27,28,29,30,31,32,33,34,35,36,37,38,39,40,41,42,43,44,45,46,47,48,49,50,51,52,53,54,55,56,57,58,59,60,61,62,63,64,65,66,67,68,69,70,71,72,73,74,75,76,77,78,79,80,81,82,83,84,85,86,87,88,89,90,91,92,93,94,95,96,97,98,99]
CFO=-1085.0797811891719,STO=5
EsN0dB=16.31,GRXdB=10,N0=0.0003981071640737355
packet_number=673,correct=True,payload=[0,1,2,3,4,5,6,7,8,9,10,11,12,13,14,15,16,17,18,19,20,21,22,23,24,25,26,27,28,29,30,31,32,33,34,35,36,37,38,39,40,41,42,43,44,45,46,47,48,49,50,51,52,53,54,55,56,57,58,59,60,61,62,63,64,65,66,67,68,69,70,71,72,73,74,75,76,77,78,79,80,81,82,83,84,85,86,87,88,89,90,91,92,93,94,95,96,97,98,99]
CFO=-1027.933035075687,STO=7
EsN0dB=16.27,GRXdB=10,N0=0.0003981071640737355
packet_number=674,correct=True,payload=[0,1,2,3,4,5,6,7,8,9,10,11,12,13,14,15,16,17,18,19,20,21,22,23,24,25,26,27,28,29,30,31,32,33,34,35,36,37,38,39,40,41,42,43,44,45,46,47,48,49,50,51,52,53,54,55,56,57,58,59,60,61,62,63,64,65,66,67,68,69,70,71,72,73,74,75,76,77,78,79,80,81,82,83,84,85,86,87,88,89,90,91,92,93,94,95,96,97,98,99]
CFO=-991.920684807285,STO=4
EsN0dB=16.18,GRXdB=10,N0=0.0003981071640737355
packet_number=675,correct=True,payload=[0,1,2,3,4,5,6,7,8,9,10,11,12,13,14,15,16,17,18,19,20,21,22,23,24,25,26,27,28,29,30,31,32,33,34,35,36,37,38,39,40,41,42,43,44,45,46,47,48,49,50,51,52,53,54,55,56,57,58,59,60,61,62,63,64,65,66,67,68,69,70,71,72,73,74,75,76,77,78,79,80,81,82,83,84,85,86,87,88,89,90,91,92,93,94,95,96,97,98,99]
CFO=-906.3661621505285,STO=5
EsN0dB=16.24,GRXdB=10,N0=0.0003981071640737355
packet_number=676,correct=True,payload=[0,1,2,3,4,5,6,7,8,9,10,11,12,13,14,15,16,17,18,19,20,21,22,23,24,25,26,27,28,29,30,31,32,33,34,35,36,37,38,39,40,41,42,43,44,45,46,47,48,49,50,51,52,53,54,55,56,57,58,59,60,61,62,63,64,65,66,67,68,69,70,71,72,73,74,75,76,77,78,79,80,81,82,83,84,85,86,87,88,89,90,91,92,93,94,95,96,97,98,99]
CFO=-1056.6319247163958,STO=4
EsN0dB=16.26,GRXdB=10,N0=0.0003981071640737355
packet_number=677,correct=True,payload=[0,1,2,3,4,5,6,7,8,9,10,11,12,13,14,15,16,17,18,19,20,21,22,23,24,25,26,27,28,29,30,31,32,33,34,35,36,37,38,39,40,41,42,43,44,45,46,47,48,49,50,51,52,53,54,55,56,57,58,59,60,61,62,63,64,65,66,67,68,69,70,71,72,73,74,75,76,77,78,79,80,81,82,83,84,85,86,87,88,89,90,91,92,93,94,95,96,97,98,99]
CFO=-1075.6848322698847,STO=5
EsN0dB=16.27,GRXdB=10,N0=0.0003981071640737355
packet_number=678,correct=True,payload=[0,1,2,3,4,5,6,7,8,9,10,11,12,13,14,15,16,17,18,19,20,21,22,23,24,25,26,27,28,29,30,31,32,33,34,35,36,37,38,39,40,41,42,43,44,45,46,47,48,49,50,51,52,53,54,55,56,57,58,59,60,61,62,63,64,65,66,67,68,69,70,71,72,73,74,75,76,77,78,79,80,81,82,83,84,85,86,87,88,89,90,91,92,93,94,95,96,97,98,99]
CFO=-1038.326306262723,STO=5
EsN0dB=16.36,GRXdB=10,N0=0.0003981071640737355
packet_number=679,correct=True,payload=[0,1,2,3,4,5,6,7,8,9,10,11,12,13,14,15,16,17,18,19,20,21,22,23,24,25,26,27,28,29,30,31,32,33,34,35,36,37,38,39,40,41,42,43,44,45,46,47,48,49,50,51,52,53,54,55,56,57,58,59,60,61,62,63,64,65,66,67,68,69,70,71,72,73,74,75,76,77,78,79,80,81,82,83,84,85,86,87,88,89,90,91,92,93,94,95,96,97,98,99]
CFO=-920.1296455163061,STO=4
EsN0dB=16.25,GRXdB=10,N0=0.0003981071640737355
packet_number=680,correct=True,payload=[0,1,2,3,4,5,6,7,8,9,10,11,12,13,14,15,16,17,18,19,20,21,22,23,24,25,26,27,28,29,30,31,32,33,34,35,36,37,38,39,40,41,42,43,44,45,46,47,48,49,50,51,52,53,54,55,56,57,58,59,60,61,62,63,64,65,66,67,68,69,70,71,72,73,74,75,76,77,78,79,80,81,82,83,84,85,86,87,88,89,90,91,92,93,94,95,96,97,98,99]
CFO=-1085.0438515482256,STO=5
EsN0dB=16.22,GRXdB=10,N0=0.0003981071640737355
packet_number=681,correct=True,payload=[0,1,2,3,4,5,6,7,8,9,10,11,12,13,14,15,16,17,18,19,20,21,22,23,24,25,26,27,28,29,30,31,32,33,34,35,36,37,38,39,40,41,42,43,44,45,46,47,48,49,50,51,52,53,54,55,56,57,58,59,60,61,62,63,64,65,66,67,68,69,70,71,72,73,74,75,76,77,78,79,80,81,82,83,84,85,86,87,88,89,90,91,92,93,94,95,96,97,98,99]
CFO=-878.6001387980226,STO=4
EsN0dB=16.30,GRXdB=10,N0=0.0003981071640737355
packet_number=682,correct=True,payload=[0,1,2,3,4,5,6,7,8,9,10,11,12,13,14,15,16,17,18,19,20,21,22,23,24,25,26,27,28,29,30,31,32,33,34,35,36,37,38,39,40,41,42,43,44,45,46,47,48,49,50,51,52,53,54,55,56,57,58,59,60,61,62,63,64,65,66,67,68,69,70,71,72,73,74,75,76,77,78,79,80,81,82,83,84,85,86,87,88,89,90,91,92,93,94,95,96,97,98,99]
CFO=-966.9011445530648,STO=5
EsN0dB=16.29,GRXdB=10,N0=0.0003981071640737355
packet_number=683,correct=True,payload=[0,1,2,3,4,5,6,7,8,9,10,11,12,13,14,15,16,17,18,19,20,21,22,23,24,25,26,27,28,29,30,31,32,33,34,35,36,37,38,39,40,41,42,43,44,45,46,47,48,49,50,51,52,53,54,55,56,57,58,59,60,61,62,63,64,65,66,67,68,69,70,71,72,73,74,75,76,77,78,79,80,81,82,83,84,85,86,87,88,89,90,91,92,93,94,95,96,97,98,99]
CFO=-1135.470806167345,STO=1
EsN0dB=16.28,GRXdB=10,N0=0.0003981071640737355
packet_number=684,correct=False,payload=[0,1,2,3,4,5,6,7,8,8,10,11,12,13,14,7,16,17,18,3,20,21,22,23,24,25,26,27,28,29,30,31,32,33,34,35,36,37,38,39,40,41,42,43,44,45,46,47,176,49,50,51,52,53,54,55,56,57,58,59,60,61,190,63,64,65,66,67,68,69,70,71,72,73,74,75,76,77,78,79,80,81,82,83,84,85,86,87,88,89,90,91,92,93,94,95,96,97,98,99]
CFO=-1087.5309416116256,STO=4
EsN0dB=16.21,GRXdB=10,N0=0.0003981071640737355
packet_number=685,correct=True,payload=[0,1,2,3,4,5,6,7,8,9,10,11,12,13,14,15,16,17,18,19,20,21,22,23,24,25,26,27,28,29,30,31,32,33,34,35,36,37,38,39,40,41,42,43,44,45,46,47,48,49,50,51,52,53,54,55,56,57,58,59,60,61,62,63,64,65,66,67,68,69,70,71,72,73,74,75,76,77,78,79,80,81,82,83,84,85,86,87,88,89,90,91,92,93,94,95,96,97,98,99]
CFO=-1078.7073095572885,STO=5
EsN0dB=16.26,GRXdB=10,N0=0.0003981071640737355
packet_number=686,correct=True,payload=[0,1,2,3,4,5,6,7,8,9,10,11,12,13,14,15,16,17,18,19,20,21,22,23,24,25,26,27,28,29,30,31,32,33,34,35,36,37,38,39,40,41,42,43,44,45,46,47,48,49,50,51,52,53,54,55,56,57,58,59,60,61,62,63,64,65,66,67,68,69,70,71,72,73,74,75,76,77,78,79,80,81,82,83,84,85,86,87,88,89,90,91,92,93,94,95,96,97,98,99]
CFO=-1052.0219027656565,STO=5
EsN0dB=16.25,GRXdB=10,N0=0.0003981071640737355
packet_number=687,correct=True,payload=[0,1,2,3,4,5,6,7,8,9,10,11,12,13,14,15,16,17,18,19,20,21,22,23,24,25,26,27,28,29,30,31,32,33,34,35,36,37,38,39,40,41,42,43,44,45,46,47,48,49,50,51,52,53,54,55,56,57,58,59,60,61,62,63,64,65,66,67,68,69,70,71,72,73,74,75,76,77,78,79,80,81,82,83,84,85,86,87,88,89,90,91,92,93,94,95,96,97,98,99]
CFO=-985.732130248365,STO=4
EsN0dB=16.31,GRXdB=10,N0=0.0003981071640737355
packet_number=688,correct=True,payload=[0,1,2,3,4,5,6,7,8,9,10,11,12,13,14,15,16,17,18,19,20,21,22,23,24,25,26,27,28,29,30,31,32,33,34,35,36,37,38,39,40,41,42,43,44,45,46,47,48,49,50,51,52,53,54,55,56,57,58,59,60,61,62,63,64,65,66,67,68,69,70,71,72,73,74,75,76,77,78,79,80,81,82,83,84,85,86,87,88,89,90,91,92,93,94,95,96,97,98,99]
CFO=-1034.5902165026607,STO=5
EsN0dB=16.26,GRXdB=10,N0=0.0003981071640737355
packet_number=689,correct=True,payload=[0,1,2,3,4,5,6,7,8,9,10,11,12,13,14,15,16,17,18,19,20,21,22,23,24,25,26,27,28,29,30,31,32,33,34,35,36,37,38,39,40,41,42,43,44,45,46,47,48,49,50,51,52,53,54,55,56,57,58,59,60,61,62,63,64,65,66,67,68,69,70,71,72,73,74,75,76,77,78,79,80,81,82,83,84,85,86,87,88,89,90,91,92,93,94,95,96,97,98,99]
CFO=-1094.6871063029641,STO=5
EsN0dB=16.28,GRXdB=10,N0=0.0003981071640737355
packet_number=690,correct=True,payload=[0,1,2,3,4,5,6,7,8,9,10,11,12,13,14,15,16,17,18,19,20,21,22,23,24,25,26,27,28,29,30,31,32,33,34,35,36,37,38,39,40,41,42,43,44,45,46,47,48,49,50,51,52,53,54,55,56,57,58,59,60,61,62,63,64,65,66,67,68,69,70,71,72,73,74,75,76,77,78,79,80,81,82,83,84,85,86,87,88,89,90,91,92,93,94,95,96,97,98,99]
CFO=-1097.1534449235735,STO=4
EsN0dB=16.25,GRXdB=10,N0=0.0003981071640737355
packet_number=691,correct=True,payload=[0,1,2,3,4,5,6,7,8,9,10,11,12,13,14,15,16,17,18,19,20,21,22,23,24,25,26,27,28,29,30,31,32,33,34,35,36,37,38,39,40,41,42,43,44,45,46,47,48,49,50,51,52,53,54,55,56,57,58,59,60,61,62,63,64,65,66,67,68,69,70,71,72,73,74,75,76,77,78,79,80,81,82,83,84,85,86,87,88,89,90,91,92,93,94,95,96,97,98,99]
CFO=-926.9215927417472,STO=4
EsN0dB=16.29,GRXdB=10,N0=0.0003981071640737355
packet_number=692,correct=True,payload=[0,1,2,3,4,5,6,7,8,9,10,11,12,13,14,15,16,17,18,19,20,21,22,23,24,25,26,27,28,29,30,31,32,33,34,35,36,37,38,39,40,41,42,43,44,45,46,47,48,49,50,51,52,53,54,55,56,57,58,59,60,61,62,63,64,65,66,67,68,69,70,71,72,73,74,75,76,77,78,79,80,81,82,83,84,85,86,87,88,89,90,91,92,93,94,95,96,97,98,99]
CFO=-1116.9928914486718,STO=4
EsN0dB=16.24,GRXdB=10,N0=0.0003981071640737355
packet_number=693,correct=True,payload=[0,1,2,3,4,5,6,7,8,9,10,11,12,13,14,15,16,17,18,19,20,21,22,23,24,25,26,27,28,29,30,31,32,33,34,35,36,37,38,39,40,41,42,43,44,45,46,47,48,49,50,51,52,53,54,55,56,57,58,59,60,61,62,63,64,65,66,67,68,69,70,71,72,73,74,75,76,77,78,79,80,81,82,83,84,85,86,87,88,89,90,91,92,93,94,95,96,97,98,99]
CFO=-942.9120023681645,STO=5
EsN0dB=16.25,GRXdB=10,N0=0.0003981071640737355
packet_number=694,correct=True,payload=[0,1,2,3,4,5,6,7,8,9,10,11,12,13,14,15,16,17,18,19,20,21,22,23,24,25,26,27,28,29,30,31,32,33,34,35,36,37,38,39,40,41,42,43,44,45,46,47,48,49,50,51,52,53,54,55,56,57,58,59,60,61,62,63,64,65,66,67,68,69,70,71,72,73,74,75,76,77,78,79,80,81,82,83,84,85,86,87,88,89,90,91,92,93,94,95,96,97,98,99]
CFO=-1055.5058921407283,STO=4
EsN0dB=16.35,GRXdB=10,N0=0.0003981071640737355
packet_number=695,correct=True,payload=[0,1,2,3,4,5,6,7,8,9,10,11,12,13,14,15,16,17,18,19,20,21,22,23,24,25,26,27,28,29,30,31,32,33,34,35,36,37,38,39,40,41,42,43,44,45,46,47,48,49,50,51,52,53,54,55,56,57,58,59,60,61,62,63,64,65,66,67,68,69,70,71,72,73,74,75,76,77,78,79,80,81,82,83,84,85,86,87,88,89,90,91,92,93,94,95,96,97,98,99]
CFO=-1021.9994268139114,STO=4
EsN0dB=16.24,GRXdB=10,N0=0.0003981071640737355
packet_number=696,correct=True,payload=[0,1,2,3,4,5,6,7,8,9,10,11,12,13,14,15,16,17,18,19,20,21,22,23,24,25,26,27,28,29,30,31,32,33,34,35,36,37,38,39,40,41,42,43,44,45,46,47,48,49,50,51,52,53,54,55,56,57,58,59,60,61,62,63,64,65,66,67,68,69,70,71,72,73,74,75,76,77,78,79,80,81,82,83,84,85,86,87,88,89,90,91,92,93,94,95,96,97,98,99]
CFO=-1102.1119725335257,STO=4
EsN0dB=16.16,GRXdB=10,N0=0.0003981071640737355
packet_number=697,correct=True,payload=[0,1,2,3,4,5,6,7,8,9,10,11,12,13,14,15,16,17,18,19,20,21,22,23,24,25,26,27,28,29,30,31,32,33,34,35,36,37,38,39,40,41,42,43,44,45,46,47,48,49,50,51,52,53,54,55,56,57,58,59,60,61,62,63,64,65,66,67,68,69,70,71,72,73,74,75,76,77,78,79,80,81,82,83,84,85,86,87,88,89,90,91,92,93,94,95,96,97,98,99]
CFO=-984.65376670128,STO=4
EsN0dB=16.29,GRXdB=10,N0=0.0003981071640737355
packet_number=698,correct=True,payload=[0,1,2,3,4,5,6,7,8,9,10,11,12,13,14,15,16,17,18,19,20,21,22,23,24,25,26,27,28,29,30,31,32,33,34,35,36,37,38,39,40,41,42,43,44,45,46,47,48,49,50,51,52,53,54,55,56,57,58,59,60,61,62,63,64,65,66,67,68,69,70,71,72,73,74,75,76,77,78,79,80,81,82,83,84,85,86,87,88,89,90,91,92,93,94,95,96,97,98,99]
CFO=-1116.2335072222002,STO=4
EsN0dB=16.22,GRXdB=10,N0=0.0003981071640737355
packet_number=699,correct=True,payload=[0,1,2,3,4,5,6,7,8,9,10,11,12,13,14,15,16,17,18,19,20,21,22,23,24,25,26,27,28,29,30,31,32,33,34,35,36,37,38,39,40,41,42,43,44,45,46,47,48,49,50,51,52,53,54,55,56,57,58,59,60,61,62,63,64,65,66,67,68,69,70,71,72,73,74,75,76,77,78,79,80,81,82,83,84,85,86,87,88,89,90,91,92,93,94,95,96,97,98,99]
CFO=-1115.3357405172321,STO=4
EsN0dB=16.21,GRXdB=10,N0=0.0003981071640737355
packet_number=700,correct=True,payload=[0,1,2,3,4,5,6,7,8,9,10,11,12,13,14,15,16,17,18,19,20,21,22,23,24,25,26,27,28,29,30,31,32,33,34,35,36,37,38,39,40,41,42,43,44,45,46,47,48,49,50,51,52,53,54,55,56,57,58,59,60,61,62,63,64,65,66,67,68,69,70,71,72,73,74,75,76,77,78,79,80,81,82,83,84,85,86,87,88,89,90,91,92,93,94,95,96,97,98,99]
CFO=-1020.1609675623164,STO=4
EsN0dB=15.34,GRXdB=10,N0=0.0005011872272007167
packet_number=701,correct=True,payload=[0,1,2,3,4,5,6,7,8,9,10,11,12,13,14,15,16,17,18,19,20,21,22,23,24,25,26,27,28,29,30,31,32,33,34,35,36,37,38,39,40,41,42,43,44,45,46,47,48,49,50,51,52,53,54,55,56,57,58,59,60,61,62,63,64,65,66,67,68,69,70,71,72,73,74,75,76,77,78,79,80,81,82,83,84,85,86,87,88,89,90,91,92,93,94,95,96,97,98,99]
CFO=-1091.3254911505217,STO=5
EsN0dB=15.27,GRXdB=10,N0=0.0005011872272007167
packet_number=702,correct=True,payload=[0,1,2,3,4,5,6,7,8,9,10,11,12,13,14,15,16,17,18,19,20,21,22,23,24,25,26,27,28,29,30,31,32,33,34,35,36,37,38,39,40,41,42,43,44,45,46,47,48,49,50,51,52,53,54,55,56,57,58,59,60,61,62,63,64,65,66,67,68,69,70,71,72,73,74,75,76,77,78,79,80,81,82,83,84,85,86,87,88,89,90,91,92,93,94,95,96,97,98,99]
CFO=-1035.7393721145806,STO=1
EsN0dB=15.26,GRXdB=10,N0=0.0005011872272007167
packet_number=703,correct=True,payload=[0,1,2,3,4,5,6,7,8,9,10,11,12,13,14,15,16,17,18,19,20,21,22,23,24,25,26,27,28,29,30,31,32,33,34,35,36,37,38,39,40,41,42,43,44,45,46,47,48,49,50,51,52,53,54,55,56,57,58,59,60,61,62,63,64,65,66,67,68,69,70,71,72,73,74,75,76,77,78,79,80,81,82,83,84,85,86,87,88,89,90,91,92,93,94,95,96,97,98,99]
CFO=-1111.801829099789,STO=4
EsN0dB=15.29,GRXdB=10,N0=0.0005011872272007167
packet_number=704,correct=True,payload=[0,1,2,3,4,5,6,7,8,9,10,11,12,13,14,15,16,17,18,19,20,21,22,23,24,25,26,27,28,29,30,31,32,33,34,35,36,37,38,39,40,41,42,43,44,45,46,47,48,49,50,51,52,53,54,55,56,57,58,59,60,61,62,63,64,65,66,67,68,69,70,71,72,73,74,75,76,77,78,79,80,81,82,83,84,85,86,87,88,89,90,91,92,93,94,95,96,97,98,99]
CFO=-1100.9711174987222,STO=5
EsN0dB=15.29,GRXdB=10,N0=0.0005011872272007167
packet_number=705,correct=True,payload=[0,1,2,3,4,5,6,7,8,9,10,11,12,13,14,15,16,17,18,19,20,21,22,23,24,25,26,27,28,29,30,31,32,33,34,35,36,37,38,39,40,41,42,43,44,45,46,47,48,49,50,51,52,53,54,55,56,57,58,59,60,61,62,63,64,65,66,67,68,69,70,71,72,73,74,75,76,77,78,79,80,81,82,83,84,85,86,87,88,89,90,91,92,93,94,95,96,97,98,99]
CFO=-1085.2076100767636,STO=4
EsN0dB=15.23,GRXdB=10,N0=0.0005011872272007167
packet_number=706,correct=True,payload=[0,1,2,3,4,5,6,7,8,9,10,11,12,13,14,15,16,17,18,19,20,21,22,23,24,25,26,27,28,29,30,31,32,33,34,35,36,37,38,39,40,41,42,43,44,45,46,47,48,49,50,51,52,53,54,55,56,57,58,59,60,61,62,63,64,65,66,67,68,69,70,71,72,73,74,75,76,77,78,79,80,81,82,83,84,85,86,87,88,89,90,91,92,93,94,95,96,97,98,99]
CFO=-955.0575846742954,STO=4
EsN0dB=15.29,GRXdB=10,N0=0.0005011872272007167
packet_number=707,correct=True,payload=[0,1,2,3,4,5,6,7,8,9,10,11,12,13,14,15,16,17,18,19,20,21,22,23,24,25,26,27,28,29,30,31,32,33,34,35,36,37,38,39,40,41,42,43,44,45,46,47,48,49,50,51,52,53,54,55,56,57,58,59,60,61,62,63,64,65,66,67,68,69,70,71,72,73,74,75,76,77,78,79,80,81,82,83,84,85,86,87,88,89,90,91,92,93,94,95,96,97,98,99]
CFO=-1062.1563145263358,STO=4
EsN0dB=15.17,GRXdB=10,N0=0.0005011872272007167
packet_number=708,correct=True,payload=[0,1,2,3,4,5,6,7,8,9,10,11,12,13,14,15,16,17,18,19,20,21,22,23,24,25,26,27,28,29,30,31,32,33,34,35,36,37,38,39,40,41,42,43,44,45,46,47,48,49,50,51,52,53,54,55,56,57,58,59,60,61,62,63,64,65,66,67,68,69,70,71,72,73,74,75,76,77,78,79,80,81,82,83,84,85,86,87,88,89,90,91,92,93,94,95,96,97,98,99]
CFO=-957.1374721403027,STO=4
EsN0dB=15.29,GRXdB=10,N0=0.0005011872272007167
packet_number=709,correct=True,payload=[0,1,2,3,4,5,6,7,8,9,10,11,12,13,14,15,16,17,18,19,20,21,22,23,24,25,26,27,28,29,30,31,32,33,34,35,36,37,38,39,40,41,42,43,44,45,46,47,48,49,50,51,52,53,54,55,56,57,58,59,60,61,62,63,64,65,66,67,68,69,70,71,72,73,74,75,76,77,78,79,80,81,82,83,84,85,86,87,88,89,90,91,92,93,94,95,96,97,98,99]
CFO=-1042.8839159979564,STO=4
EsN0dB=15.23,GRXdB=10,N0=0.0005011872272007167
packet_number=710,correct=True,payload=[0,1,2,3,4,5,6,7,8,9,10,11,12,13,14,15,16,17,18,19,20,21,22,23,24,25,26,27,28,29,30,31,32,33,34,35,36,37,38,39,40,41,42,43,44,45,46,47,48,49,50,51,52,53,54,55,56,57,58,59,60,61,62,63,64,65,66,67,68,69,70,71,72,73,74,75,76,77,78,79,80,81,82,83,84,85,86,87,88,89,90,91,92,93,94,95,96,97,98,99]
CFO=-982.102643614411,STO=4
EsN0dB=15.26,GRXdB=10,N0=0.0005011872272007167
packet_number=711,correct=True,payload=[0,1,2,3,4,5,6,7,8,9,10,11,12,13,14,15,16,17,18,19,20,21,22,23,24,25,26,27,28,29,30,31,32,33,34,35,36,37,38,39,40,41,42,43,44,45,46,47,48,49,50,51,52,53,54,55,56,57,58,59,60,61,62,63,64,65,66,67,68,69,70,71,72,73,74,75,76,77,78,79,80,81,82,83,84,85,86,87,88,89,90,91,92,93,94,95,96,97,98,99]
CFO=-1107.835694773931,STO=5
EsN0dB=15.26,GRXdB=10,N0=0.0005011872272007167
packet_number=712,correct=True,payload=[0,1,2,3,4,5,6,7,8,9,10,11,12,13,14,15,16,17,18,19,20,21,22,23,24,25,26,27,28,29,30,31,32,33,34,35,36,37,38,39,40,41,42,43,44,45,46,47,48,49,50,51,52,53,54,55,56,57,58,59,60,61,62,63,64,65,66,67,68,69,70,71,72,73,74,75,76,77,78,79,80,81,82,83,84,85,86,87,88,89,90,91,92,93,94,95,96,97,98,99]
CFO=-1062.4113794031537,STO=4
EsN0dB=15.21,GRXdB=10,N0=0.0005011872272007167
packet_number=713,correct=True,payload=[0,1,2,3,4,5,6,7,8,9,10,11,12,13,14,15,16,17,18,19,20,21,22,23,24,25,26,27,28,29,30,31,32,33,34,35,36,37,38,39,40,41,42,43,44,45,46,47,48,49,50,51,52,53,54,55,56,57,58,59,60,61,62,63,64,65,66,67,68,69,70,71,72,73,74,75,76,77,78,79,80,81,82,83,84,85,86,87,88,89,90,91,92,93,94,95,96,97,98,99]
CFO=-1173.7282846762057,STO=4
EsN0dB=15.26,GRXdB=10,N0=0.0005011872272007167
packet_number=714,correct=True,payload=[0,1,2,3,4,5,6,7,8,9,10,11,12,13,14,15,16,17,18,19,20,21,22,23,24,25,26,27,28,29,30,31,32,33,34,35,36,37,38,39,40,41,42,43,44,45,46,47,48,49,50,51,52,53,54,55,56,57,58,59,60,61,62,63,64,65,66,67,68,69,70,71,72,73,74,75,76,77,78,79,80,81,82,83,84,85,86,87,88,89,90,91,92,93,94,95,96,97,98,99]
CFO=-1119.2046395111558,STO=6
EsN0dB=15.26,GRXdB=10,N0=0.0005011872272007167
packet_number=715,correct=True,payload=[0,1,2,3,4,5,6,7,8,9,10,11,12,13,14,15,16,17,18,19,20,21,22,23,24,25,26,27,28,29,30,31,32,33,34,35,36,37,38,39,40,41,42,43,44,45,46,47,48,49,50,51,52,53,54,55,56,57,58,59,60,61,62,63,64,65,66,67,68,69,70,71,72,73,74,75,76,77,78,79,80,81,82,83,84,85,86,87,88,89,90,91,92,93,94,95,96,97,98,99]
CFO=-1008.7329701478926,STO=1
EsN0dB=15.18,GRXdB=10,N0=0.0005011872272007167
packet_number=716,correct=True,payload=[0,1,2,3,4,5,6,7,8,9,10,11,12,13,14,15,16,17,18,19,20,21,22,23,24,25,26,27,28,29,30,31,32,33,34,35,36,37,38,39,40,41,42,43,44,45,46,47,48,49,50,51,52,53,54,55,56,57,58,59,60,61,62,63,64,65,66,67,68,69,70,71,72,73,74,75,76,77,78,79,80,81,82,83,84,85,86,87,88,89,90,91,92,93,94,95,96,97,98,99]
CFO=-1069.994668076964,STO=5
EsN0dB=15.30,GRXdB=10,N0=0.0005011872272007167
packet_number=717,correct=True,payload=[0,1,2,3,4,5,6,7,8,9,10,11,12,13,14,15,16,17,18,19,20,21,22,23,24,25,26,27,28,29,30,31,32,33,34,35,36,37,38,39,40,41,42,43,44,45,46,47,48,49,50,51,52,53,54,55,56,57,58,59,60,61,62,63,64,65,66,67,68,69,70,71,72,73,74,75,76,77,78,79,80,81,82,83,84,85,86,87,88,89,90,91,92,93,94,95,96,97,98,99]
CFO=-1035.7813493188546,STO=5
EsN0dB=15.27,GRXdB=10,N0=0.0005011872272007167
packet_number=718,correct=True,payload=[0,1,2,3,4,5,6,7,8,9,10,11,12,13,14,15,16,17,18,19,20,21,22,23,24,25,26,27,28,29,30,31,32,33,34,35,36,37,38,39,40,41,42,43,44,45,46,47,48,49,50,51,52,53,54,55,56,57,58,59,60,61,62,63,64,65,66,67,68,69,70,71,72,73,74,75,76,77,78,79,80,81,82,83,84,85,86,87,88,89,90,91,92,93,94,95,96,97,98,99]
CFO=-1041.4136466313073,STO=0
EsN0dB=15.32,GRXdB=10,N0=0.0005011872272007167
packet_number=719,correct=True,payload=[0,1,2,3,4,5,6,7,8,9,10,11,12,13,14,15,16,17,18,19,20,21,22,23,24,25,26,27,28,29,30,31,32,33,34,35,36,37,38,39,40,41,42,43,44,45,46,47,48,49,50,51,52,53,54,55,56,57,58,59,60,61,62,63,64,65,66,67,68,69,70,71,72,73,74,75,76,77,78,79,80,81,82,83,84,85,86,87,88,89,90,91,92,93,94,95,96,97,98,99]
CFO=-1032.4473632302422,STO=4
EsN0dB=15.28,GRXdB=10,N0=0.0005011872272007167
packet_number=720,correct=True,payload=[0,1,2,3,4,5,6,7,8,9,10,11,12,13,14,15,16,17,18,19,20,21,22,23,24,25,26,27,28,29,30,31,32,33,34,35,36,37,38,39,40,41,42,43,44,45,46,47,48,49,50,51,52,53,54,55,56,57,58,59,60,61,62,63,64,65,66,67,68,69,70,71,72,73,74,75,76,77,78,79,80,81,82,83,84,85,86,87,88,89,90,91,92,93,94,95,96,97,98,99]
CFO=-1101.1237295379894,STO=4
EsN0dB=15.27,GRXdB=10,N0=0.0005011872272007167
packet_number=721,correct=True,payload=[0,1,2,3,4,5,6,7,8,9,10,11,12,13,14,15,16,17,18,19,20,21,22,23,24,25,26,27,28,29,30,31,32,33,34,35,36,37,38,39,40,41,42,43,44,45,46,47,48,49,50,51,52,53,54,55,56,57,58,59,60,61,62,63,64,65,66,67,68,69,70,71,72,73,74,75,76,77,78,79,80,81,82,83,84,85,86,87,88,89,90,91,92,93,94,95,96,97,98,99]
CFO=-1076.0823113340841,STO=6
EsN0dB=15.19,GRXdB=10,N0=0.0005011872272007167
packet_number=722,correct=True,payload=[0,1,2,3,4,5,6,7,8,9,10,11,12,13,14,15,16,17,18,19,20,21,22,23,24,25,26,27,28,29,30,31,32,33,34,35,36,37,38,39,40,41,42,43,44,45,46,47,48,49,50,51,52,53,54,55,56,57,58,59,60,61,62,63,64,65,66,67,68,69,70,71,72,73,74,75,76,77,78,79,80,81,82,83,84,85,86,87,88,89,90,91,92,93,94,95,96,97,98,99]
CFO=-1001.8061385443111,STO=2
EsN0dB=15.28,GRXdB=10,N0=0.0005011872272007167
packet_number=723,correct=True,payload=[0,1,2,3,4,5,6,7,8,9,10,11,12,13,14,15,16,17,18,19,20,21,22,23,24,25,26,27,28,29,30,31,32,33,34,35,36,37,38,39,40,41,42,43,44,45,46,47,48,49,50,51,52,53,54,55,56,57,58,59,60,61,62,63,64,65,66,67,68,69,70,71,72,73,74,75,76,77,78,79,80,81,82,83,84,85,86,87,88,89,90,91,92,93,94,95,96,97,98,99]
CFO=-992.4697086936941,STO=3
EsN0dB=15.25,GRXdB=10,N0=0.0005011872272007167
packet_number=724,correct=True,payload=[0,1,2,3,4,5,6,7,8,9,10,11,12,13,14,15,16,17,18,19,20,21,22,23,24,25,26,27,28,29,30,31,32,33,34,35,36,37,38,39,40,41,42,43,44,45,46,47,48,49,50,51,52,53,54,55,56,57,58,59,60,61,62,63,64,65,66,67,68,69,70,71,72,73,74,75,76,77,78,79,80,81,82,83,84,85,86,87,88,89,90,91,92,93,94,95,96,97,98,99]
CFO=-1034.8206168074755,STO=7
EsN0dB=15.30,GRXdB=10,N0=0.0005011872272007167
packet_number=725,correct=True,payload=[0,1,2,3,4,5,6,7,8,9,10,11,12,13,14,15,16,17,18,19,20,21,22,23,24,25,26,27,28,29,30,31,32,33,34,35,36,37,38,39,40,41,42,43,44,45,46,47,48,49,50,51,52,53,54,55,56,57,58,59,60,61,62,63,64,65,66,67,68,69,70,71,72,73,74,75,76,77,78,79,80,81,82,83,84,85,86,87,88,89,90,91,92,93,94,95,96,97,98,99]
CFO=-974.5816685588096,STO=5
EsN0dB=15.27,GRXdB=10,N0=0.0005011872272007167
packet_number=726,correct=True,payload=[0,1,2,3,4,5,6,7,8,9,10,11,12,13,14,15,16,17,18,19,20,21,22,23,24,25,26,27,28,29,30,31,32,33,34,35,36,37,38,39,40,41,42,43,44,45,46,47,48,49,50,51,52,53,54,55,56,57,58,59,60,61,62,63,64,65,66,67,68,69,70,71,72,73,74,75,76,77,78,79,80,81,82,83,84,85,86,87,88,89,90,91,92,93,94,95,96,97,98,99]
CFO=-1146.0113533083595,STO=5
EsN0dB=15.24,GRXdB=10,N0=0.0005011872272007167
packet_number=727,correct=True,payload=[0,1,2,3,4,5,6,7,8,9,10,11,12,13,14,15,16,17,18,19,20,21,22,23,24,25,26,27,28,29,30,31,32,33,34,35,36,37,38,39,40,41,42,43,44,45,46,47,48,49,50,51,52,53,54,55,56,57,58,59,60,61,62,63,64,65,66,67,68,69,70,71,72,73,74,75,76,77,78,79,80,81,82,83,84,85,86,87,88,89,90,91,92,93,94,95,96,97,98,99]
CFO=-1125.9079484309616,STO=4
EsN0dB=15.29,GRXdB=10,N0=0.0005011872272007167
packet_number=728,correct=True,payload=[0,1,2,3,4,5,6,7,8,9,10,11,12,13,14,15,16,17,18,19,20,21,22,23,24,25,26,27,28,29,30,31,32,33,34,35,36,37,38,39,40,41,42,43,44,45,46,47,48,49,50,51,52,53,54,55,56,57,58,59,60,61,62,63,64,65,66,67,68,69,70,71,72,73,74,75,76,77,78,79,80,81,82,83,84,85,86,87,88,89,90,91,92,93,94,95,96,97,98,99]
CFO=-979.5687145801402,STO=2
EsN0dB=15.23,GRXdB=10,N0=0.0005011872272007167
packet_number=729,correct=True,payload=[0,1,2,3,4,5,6,7,8,9,10,11,12,13,14,15,16,17,18,19,20,21,22,23,24,25,26,27,28,29,30,31,32,33,34,35,36,37,38,39,40,41,42,43,44,45,46,47,48,49,50,51,52,53,54,55,56,57,58,59,60,61,62,63,64,65,66,67,68,69,70,71,72,73,74,75,76,77,78,79,80,81,82,83,84,85,86,87,88,89,90,91,92,93,94,95,96,97,98,99]
CFO=-1135.940025933764,STO=4
EsN0dB=15.24,GRXdB=10,N0=0.0005011872272007167
packet_number=730,correct=True,payload=[0,1,2,3,4,5,6,7,8,9,10,11,12,13,14,15,16,17,18,19,20,21,22,23,24,25,26,27,28,29,30,31,32,33,34,35,36,37,38,39,40,41,42,43,44,45,46,47,48,49,50,51,52,53,54,55,56,57,58,59,60,61,62,63,64,65,66,67,68,69,70,71,72,73,74,75,76,77,78,79,80,81,82,83,84,85,86,87,88,89,90,91,92,93,94,95,96,97,98,99]
CFO=-1015.4468326586035,STO=4
EsN0dB=15.28,GRXdB=10,N0=0.0005011872272007167
packet_number=731,correct=True,payload=[0,1,2,3,4,5,6,7,8,9,10,11,12,13,14,15,16,17,18,19,20,21,22,23,24,25,26,27,28,29,30,31,32,33,34,35,36,37,38,39,40,41,42,43,44,45,46,47,48,49,50,51,52,53,54,55,56,57,58,59,60,61,62,63,64,65,66,67,68,69,70,71,72,73,74,75,76,77,78,79,80,81,82,83,84,85,86,87,88,89,90,91,92,93,94,95,96,97,98,99]
CFO=-1003.8365782866397,STO=6
EsN0dB=15.19,GRXdB=10,N0=0.0005011872272007167
packet_number=732,correct=True,payload=[0,1,2,3,4,5,6,7,8,9,10,11,12,13,14,15,16,17,18,19,20,21,22,23,24,25,26,27,28,29,30,31,32,33,34,35,36,37,38,39,40,41,42,43,44,45,46,47,48,49,50,51,52,53,54,55,56,57,58,59,60,61,62,63,64,65,66,67,68,69,70,71,72,73,74,75,76,77,78,79,80,81,82,83,84,85,86,87,88,89,90,91,92,93,94,95,96,97,98,99]
CFO=-948.2410321666881,STO=4
EsN0dB=15.30,GRXdB=10,N0=0.0005011872272007167
packet_number=733,correct=True,payload=[0,1,2,3,4,5,6,7,8,9,10,11,12,13,14,15,16,17,18,19,20,21,22,23,24,25,26,27,28,29,30,31,32,33,34,35,36,37,38,39,40,41,42,43,44,45,46,47,48,49,50,51,52,53,54,55,56,57,58,59,60,61,62,63,64,65,66,67,68,69,70,71,72,73,74,75,76,77,78,79,80,81,82,83,84,85,86,87,88,89,90,91,92,93,94,95,96,97,98,99]
CFO=-1124.304751250778,STO=5
EsN0dB=15.22,GRXdB=10,N0=0.0005011872272007167
packet_number=734,correct=True,payload=[0,1,2,3,4,5,6,7,8,9,10,11,12,13,14,15,16,17,18,19,20,21,22,23,24,25,26,27,28,29,30,31,32,33,34,35,36,37,38,39,40,41,42,43,44,45,46,47,48,49,50,51,52,53,54,55,56,57,58,59,60,61,62,63,64,65,66,67,68,69,70,71,72,73,74,75,76,77,78,79,80,81,82,83,84,85,86,87,88,89,90,91,92,93,94,95,96,97,98,99]
CFO=-1074.563542881141,STO=4
EsN0dB=15.29,GRXdB=10,N0=0.0005011872272007167
packet_number=735,correct=True,payload=[0,1,2,3,4,5,6,7,8,9,10,11,12,13,14,15,16,17,18,19,20,21,22,23,24,25,26,27,28,29,30,31,32,33,34,35,36,37,38,39,40,41,42,43,44,45,46,47,48,49,50,51,52,53,54,55,56,57,58,59,60,61,62,63,64,65,66,67,68,69,70,71,72,73,74,75,76,77,78,79,80,81,82,83,84,85,86,87,88,89,90,91,92,93,94,95,96,97,98,99]
CFO=-938.8032759854152,STO=1
EsN0dB=15.22,GRXdB=10,N0=0.0005011872272007167
packet_number=736,correct=True,payload=[0,1,2,3,4,5,6,7,8,9,10,11,12,13,14,15,16,17,18,19,20,21,22,23,24,25,26,27,28,29,30,31,32,33,34,35,36,37,38,39,40,41,42,43,44,45,46,47,48,49,50,51,52,53,54,55,56,57,58,59,60,61,62,63,64,65,66,67,68,69,70,71,72,73,74,75,76,77,78,79,80,81,82,83,84,85,86,87,88,89,90,91,92,93,94,95,96,97,98,99]
CFO=-1102.3524521105533,STO=5
EsN0dB=15.21,GRXdB=10,N0=0.0005011872272007167
packet_number=737,correct=True,payload=[0,1,2,3,4,5,6,7,8,9,10,11,12,13,14,15,16,17,18,19,20,21,22,23,24,25,26,27,28,29,30,31,32,33,34,35,36,37,38,39,40,41,42,43,44,45,46,47,48,49,50,51,52,53,54,55,56,57,58,59,60,61,62,63,64,65,66,67,68,69,70,71,72,73,74,75,76,77,78,79,80,81,82,83,84,85,86,87,88,89,90,91,92,93,94,95,96,97,98,99]
CFO=-1015.1537037067238,STO=5
EsN0dB=15.30,GRXdB=10,N0=0.0005011872272007167
packet_number=738,correct=True,payload=[0,1,2,3,4,5,6,7,8,9,10,11,12,13,14,15,16,17,18,19,20,21,22,23,24,25,26,27,28,29,30,31,32,33,34,35,36,37,38,39,40,41,42,43,44,45,46,47,48,49,50,51,52,53,54,55,56,57,58,59,60,61,62,63,64,65,66,67,68,69,70,71,72,73,74,75,76,77,78,79,80,81,82,83,84,85,86,87,88,89,90,91,92,93,94,95,96,97,98,99]
CFO=-990.29383098232,STO=6
EsN0dB=15.16,GRXdB=10,N0=0.0005011872272007167
packet_number=739,correct=True,payload=[0,1,2,3,4,5,6,7,8,9,10,11,12,13,14,15,16,17,18,19,20,21,22,23,24,25,26,27,28,29,30,31,32,33,34,35,36,37,38,39,40,41,42,43,44,45,46,47,48,49,50,51,52,53,54,55,56,57,58,59,60,61,62,63,64,65,66,67,68,69,70,71,72,73,74,75,76,77,78,79,80,81,82,83,84,85,86,87,88,89,90,91,92,93,94,95,96,97,98,99]
CFO=-1067.9438326308639,STO=4
EsN0dB=15.21,GRXdB=10,N0=0.0005011872272007167
packet_number=740,correct=True,payload=[0,1,2,3,4,5,6,7,8,9,10,11,12,13,14,15,16,17,18,19,20,21,22,23,24,25,26,27,28,29,30,31,32,33,34,35,36,37,38,39,40,41,42,43,44,45,46,47,48,49,50,51,52,53,54,55,56,57,58,59,60,61,62,63,64,65,66,67,68,69,70,71,72,73,74,75,76,77,78,79,80,81,82,83,84,85,86,87,88,89,90,91,92,93,94,95,96,97,98,99]
CFO=-1090.3598968725457,STO=4
EsN0dB=15.24,GRXdB=10,N0=0.0005011872272007167
packet_number=741,correct=True,payload=[0,1,2,3,4,5,6,7,8,9,10,11,12,13,14,15,16,17,18,19,20,21,22,23,24,25,26,27,28,29,30,31,32,33,34,35,36,37,38,39,40,41,42,43,44,45,46,47,48,49,50,51,52,53,54,55,56,57,58,59,60,61,62,63,64,65,66,67,68,69,70,71,72,73,74,75,76,77,78,79,80,81,82,83,84,85,86,87,88,89,90,91,92,93,94,95,96,97,98,99]
CFO=-1024.9450644731526,STO=4
EsN0dB=15.33,GRXdB=10,N0=0.0005011872272007167
packet_number=742,correct=True,payload=[0,1,2,3,4,5,6,7,8,9,10,11,12,13,14,15,16,17,18,19,20,21,22,23,24,25,26,27,28,29,30,31,32,33,34,35,36,37,38,39,40,41,42,43,44,45,46,47,48,49,50,51,52,53,54,55,56,57,58,59,60,61,62,63,64,65,66,67,68,69,70,71,72,73,74,75,76,77,78,79,80,81,82,83,84,85,86,87,88,89,90,91,92,93,94,95,96,97,98,99]
CFO=-998.7822383008303,STO=4
EsN0dB=15.27,GRXdB=10,N0=0.0005011872272007167
packet_number=743,correct=True,payload=[0,1,2,3,4,5,6,7,8,9,10,11,12,13,14,15,16,17,18,19,20,21,22,23,24,25,26,27,28,29,30,31,32,33,34,35,36,37,38,39,40,41,42,43,44,45,46,47,48,49,50,51,52,53,54,55,56,57,58,59,60,61,62,63,64,65,66,67,68,69,70,71,72,73,74,75,76,77,78,79,80,81,82,83,84,85,86,87,88,89,90,91,92,93,94,95,96,97,98,99]
CFO=-1212.4505955035813,STO=0
EsN0dB=15.37,GRXdB=10,N0=0.0005011872272007167
packet_number=744,correct=False,payload=[0,1,2,3,4,4,6,7,8,9,10,11,12,12,14,15,16,17,18,18,20,21,22,23,24,25,26,27,28,29,30,31,32,33,34,99,36,37,38,39,40,41,42,43,44,45,46,47,48,49,114,51,52,53,54,55,56,57,58,63,60,61,126,63,64,65,66,67,68,69,70,71,72,73,74,75,76,77,94,79,80,81,210,83,84,85,86,87,88,89,90,219,60,93,94,95,96,97,98,99]
CFO=-1079.8083218219338,STO=4
EsN0dB=15.19,GRXdB=10,N0=0.0005011872272007167
packet_number=745,correct=True,payload=[0,1,2,3,4,5,6,7,8,9,10,11,12,13,14,15,16,17,18,19,20,21,22,23,24,25,26,27,28,29,30,31,32,33,34,35,36,37,38,39,40,41,42,43,44,45,46,47,48,49,50,51,52,53,54,55,56,57,58,59,60,61,62,63,64,65,66,67,68,69,70,71,72,73,74,75,76,77,78,79,80,81,82,83,84,85,86,87,88,89,90,91,92,93,94,95,96,97,98,99]
CFO=-1170.8891315634,STO=4
EsN0dB=15.35,GRXdB=10,N0=0.0005011872272007167
packet_number=746,correct=True,payload=[0,1,2,3,4,5,6,7,8,9,10,11,12,13,14,15,16,17,18,19,20,21,22,23,24,25,26,27,28,29,30,31,32,33,34,35,36,37,38,39,40,41,42,43,44,45,46,47,48,49,50,51,52,53,54,55,56,57,58,59,60,61,62,63,64,65,66,67,68,69,70,71,72,73,74,75,76,77,78,79,80,81,82,83,84,85,86,87,88,89,90,91,92,93,94,95,96,97,98,99]
CFO=-1025.474878452521,STO=4
EsN0dB=15.23,GRXdB=10,N0=0.0005011872272007167
packet_number=747,correct=True,payload=[0,1,2,3,4,5,6,7,8,9,10,11,12,13,14,15,16,17,18,19,20,21,22,23,24,25,26,27,28,29,30,31,32,33,34,35,36,37,38,39,40,41,42,43,44,45,46,47,48,49,50,51,52,53,54,55,56,57,58,59,60,61,62,63,64,65,66,67,68,69,70,71,72,73,74,75,76,77,78,79,80,81,82,83,84,85,86,87,88,89,90,91,92,93,94,95,96,97,98,99]
CFO=-854.8353493546095,STO=5
EsN0dB=15.26,GRXdB=10,N0=0.0005011872272007167
packet_number=748,correct=True,payload=[0,1,2,3,4,5,6,7,8,9,10,11,12,13,14,15,16,17,18,19,20,21,22,23,24,25,26,27,28,29,30,31,32,33,34,35,36,37,38,39,40,41,42,43,44,45,46,47,48,49,50,51,52,53,54,55,56,57,58,59,60,61,62,63,64,65,66,67,68,69,70,71,72,73,74,75,76,77,78,79,80,81,82,83,84,85,86,87,88,89,90,91,92,93,94,95,96,97,98,99]
CFO=-1091.0205042313328,STO=5
EsN0dB=15.30,GRXdB=10,N0=0.0005011872272007167
packet_number=749,correct=True,payload=[0,1,2,3,4,5,6,7,8,9,10,11,12,13,14,15,16,17,18,19,20,21,22,23,24,25,26,27,28,29,30,31,32,33,34,35,36,37,38,39,40,41,42,43,44,45,46,47,48,49,50,51,52,53,54,55,56,57,58,59,60,61,62,63,64,65,66,67,68,69,70,71,72,73,74,75,76,77,78,79,80,81,82,83,84,85,86,87,88,89,90,91,92,93,94,95,96,97,98,99]
CFO=-1121.6885279233825,STO=4
EsN0dB=15.32,GRXdB=10,N0=0.0005011872272007167
packet_number=750,correct=True,payload=[0,1,2,3,4,5,6,7,8,9,10,11,12,13,14,15,16,17,18,19,20,21,22,23,24,25,26,27,28,29,30,31,32,33,34,35,36,37,38,39,40,41,42,43,44,45,46,47,48,49,50,51,52,53,54,55,56,57,58,59,60,61,62,63,64,65,66,67,68,69,70,71,72,73,74,75,76,77,78,79,80,81,82,83,84,85,86,87,88,89,90,91,92,93,94,95,96,97,98,99]
CFO=-1017.9201674799252,STO=4
EsN0dB=15.23,GRXdB=10,N0=0.0005011872272007167
packet_number=751,correct=True,payload=[0,1,2,3,4,5,6,7,8,9,10,11,12,13,14,15,16,17,18,19,20,21,22,23,24,25,26,27,28,29,30,31,32,33,34,35,36,37,38,39,40,41,42,43,44,45,46,47,48,49,50,51,52,53,54,55,56,57,58,59,60,61,62,63,64,65,66,67,68,69,70,71,72,73,74,75,76,77,78,79,80,81,82,83,84,85,86,87,88,89,90,91,92,93,94,95,96,97,98,99]
CFO=-1117.985284732766,STO=4
EsN0dB=15.35,GRXdB=10,N0=0.0005011872272007167
packet_number=752,correct=True,payload=[0,1,2,3,4,5,6,7,8,9,10,11,12,13,14,15,16,17,18,19,20,21,22,23,24,25,26,27,28,29,30,31,32,33,34,35,36,37,38,39,40,41,42,43,44,45,46,47,48,49,50,51,52,53,54,55,56,57,58,59,60,61,62,63,64,65,66,67,68,69,70,71,72,73,74,75,76,77,78,79,80,81,82,83,84,85,86,87,88,89,90,91,92,93,94,95,96,97,98,99]
CFO=-985.0587755747206,STO=5
EsN0dB=15.27,GRXdB=10,N0=0.0005011872272007167
packet_number=753,correct=True,payload=[0,1,2,3,4,5,6,7,8,9,10,11,12,13,14,15,16,17,18,19,20,21,22,23,24,25,26,27,28,29,30,31,32,33,34,35,36,37,38,39,40,41,42,43,44,45,46,47,48,49,50,51,52,53,54,55,56,57,58,59,60,61,62,63,64,65,66,67,68,69,70,71,72,73,74,75,76,77,78,79,80,81,82,83,84,85,86,87,88,89,90,91,92,93,94,95,96,97,98,99]
CFO=-1014.4092605190617,STO=5
EsN0dB=15.30,GRXdB=10,N0=0.0005011872272007167
packet_number=754,correct=True,payload=[0,1,2,3,4,5,6,7,8,9,10,11,12,13,14,15,16,17,18,19,20,21,22,23,24,25,26,27,28,29,30,31,32,33,34,35,36,37,38,39,40,41,42,43,44,45,46,47,48,49,50,51,52,53,54,55,56,57,58,59,60,61,62,63,64,65,66,67,68,69,70,71,72,73,74,75,76,77,78,79,80,81,82,83,84,85,86,87,88,89,90,91,92,93,94,95,96,97,98,99]
CFO=-1142.4894184378986,STO=5
EsN0dB=15.35,GRXdB=10,N0=0.0005011872272007167
packet_number=755,correct=True,payload=[0,1,2,3,4,5,6,7,8,9,10,11,12,13,14,15,16,17,18,19,20,21,22,23,24,25,26,27,28,29,30,31,32,33,34,35,36,37,38,39,40,41,42,43,44,45,46,47,48,49,50,51,52,53,54,55,56,57,58,59,60,61,62,63,64,65,66,67,68,69,70,71,72,73,74,75,76,77,78,79,80,81,82,83,84,85,86,87,88,89,90,91,92,93,94,95,96,97,98,99]
CFO=-1019.1088101229843,STO=4
EsN0dB=15.19,GRXdB=10,N0=0.0005011872272007167
packet_number=756,correct=True,payload=[0,1,2,3,4,5,6,7,8,9,10,11,12,13,14,15,16,17,18,19,20,21,22,23,24,25,26,27,28,29,30,31,32,33,34,35,36,37,38,39,40,41,42,43,44,45,46,47,48,49,50,51,52,53,54,55,56,57,58,59,60,61,62,63,64,65,66,67,68,69,70,71,72,73,74,75,76,77,78,79,80,81,82,83,84,85,86,87,88,89,90,91,92,93,94,95,96,97,98,99]
CFO=-1148.973117803141,STO=5
EsN0dB=15.30,GRXdB=10,N0=0.0005011872272007167
packet_number=757,correct=True,payload=[0,1,2,3,4,5,6,7,8,9,10,11,12,13,14,15,16,17,18,19,20,21,22,23,24,25,26,27,28,29,30,31,32,33,34,35,36,37,38,39,40,41,42,43,44,45,46,47,48,49,50,51,52,53,54,55,56,57,58,59,60,61,62,63,64,65,66,67,68,69,70,71,72,73,74,75,76,77,78,79,80,81,82,83,84,85,86,87,88,89,90,91,92,93,94,95,96,97,98,99]
CFO=-1039.383681207671,STO=5
EsN0dB=15.24,GRXdB=10,N0=0.0005011872272007167
packet_number=758,correct=True,payload=[0,1,2,3,4,5,6,7,8,9,10,11,12,13,14,15,16,17,18,19,20,21,22,23,24,25,26,27,28,29,30,31,32,33,34,35,36,37,38,39,40,41,42,43,44,45,46,47,48,49,50,51,52,53,54,55,56,57,58,59,60,61,62,63,64,65,66,67,68,69,70,71,72,73,74,75,76,77,78,79,80,81,82,83,84,85,86,87,88,89,90,91,92,93,94,95,96,97,98,99]
CFO=-1050.0317801121785,STO=5
EsN0dB=15.34,GRXdB=10,N0=0.0005011872272007167
packet_number=759,correct=True,payload=[0,1,2,3,4,5,6,7,8,9,10,11,12,13,14,15,16,17,18,19,20,21,22,23,24,25,26,27,28,29,30,31,32,33,34,35,36,37,38,39,40,41,42,43,44,45,46,47,48,49,50,51,52,53,54,55,56,57,58,59,60,61,62,63,64,65,66,67,68,69,70,71,72,73,74,75,76,77,78,79,80,81,82,83,84,85,86,87,88,89,90,91,92,93,94,95,96,97,98,99]
CFO=-1182.716979635485,STO=4
EsN0dB=15.20,GRXdB=10,N0=0.0005011872272007167
packet_number=760,correct=True,payload=[0,1,2,3,4,5,6,7,8,9,10,11,12,13,14,15,16,17,18,19,20,21,22,23,24,25,26,27,28,29,30,31,32,33,34,35,36,37,38,39,40,41,42,43,44,45,46,47,48,49,50,51,52,53,54,55,56,57,58,59,60,61,62,63,64,65,66,67,68,69,70,71,72,73,74,75,76,77,78,79,80,81,82,83,84,85,86,87,88,89,90,91,92,93,94,95,96,97,98,99]
CFO=-1030.697720153792,STO=5
EsN0dB=15.33,GRXdB=10,N0=0.0005011872272007167
packet_number=761,correct=True,payload=[0,1,2,3,4,5,6,7,8,9,10,11,12,13,14,15,16,17,18,19,20,21,22,23,24,25,26,27,28,29,30,31,32,33,34,35,36,37,38,39,40,41,42,43,44,45,46,47,48,49,50,51,52,53,54,55,56,57,58,59,60,61,62,63,64,65,66,67,68,69,70,71,72,73,74,75,76,77,78,79,80,81,82,83,84,85,86,87,88,89,90,91,92,93,94,95,96,97,98,99]
CFO=-1060.657467458472,STO=4
EsN0dB=15.25,GRXdB=10,N0=0.0005011872272007167
packet_number=762,correct=True,payload=[0,1,2,3,4,5,6,7,8,9,10,11,12,13,14,15,16,17,18,19,20,21,22,23,24,25,26,27,28,29,30,31,32,33,34,35,36,37,38,39,40,41,42,43,44,45,46,47,48,49,50,51,52,53,54,55,56,57,58,59,60,61,62,63,64,65,66,67,68,69,70,71,72,73,74,75,76,77,78,79,80,81,82,83,84,85,86,87,88,89,90,91,92,93,94,95,96,97,98,99]
CFO=-1088.609779477403,STO=5
EsN0dB=15.28,GRXdB=10,N0=0.0005011872272007167
packet_number=763,correct=True,payload=[0,1,2,3,4,5,6,7,8,9,10,11,12,13,14,15,16,17,18,19,20,21,22,23,24,25,26,27,28,29,30,31,32,33,34,35,36,37,38,39,40,41,42,43,44,45,46,47,48,49,50,51,52,53,54,55,56,57,58,59,60,61,62,63,64,65,66,67,68,69,70,71,72,73,74,75,76,77,78,79,80,81,82,83,84,85,86,87,88,89,90,91,92,93,94,95,96,97,98,99]
CFO=-1106.054746663785,STO=4
EsN0dB=15.29,GRXdB=10,N0=0.0005011872272007167
packet_number=764,correct=True,payload=[0,1,2,3,4,5,6,7,8,9,10,11,12,13,14,15,16,17,18,19,20,21,22,23,24,25,26,27,28,29,30,31,32,33,34,35,36,37,38,39,40,41,42,43,44,45,46,47,48,49,50,51,52,53,54,55,56,57,58,59,60,61,62,63,64,65,66,67,68,69,70,71,72,73,74,75,76,77,78,79,80,81,82,83,84,85,86,87,88,89,90,91,92,93,94,95,96,97,98,99]
CFO=-909.3729276312478,STO=5
EsN0dB=15.25,GRXdB=10,N0=0.0005011872272007167
packet_number=765,correct=True,payload=[0,1,2,3,4,5,6,7,8,9,10,11,12,13,14,15,16,17,18,19,20,21,22,23,24,25,26,27,28,29,30,31,32,33,34,35,36,37,38,39,40,41,42,43,44,45,46,47,48,49,50,51,52,53,54,55,56,57,58,59,60,61,62,63,64,65,66,67,68,69,70,71,72,73,74,75,76,77,78,79,80,81,82,83,84,85,86,87,88,89,90,91,92,93,94,95,96,97,98,99]
CFO=-1069.061564629415,STO=5
EsN0dB=15.26,GRXdB=10,N0=0.0005011872272007167
packet_number=766,correct=True,payload=[0,1,2,3,4,5,6,7,8,9,10,11,12,13,14,15,16,17,18,19,20,21,22,23,24,25,26,27,28,29,30,31,32,33,34,35,36,37,38,39,40,41,42,43,44,45,46,47,48,49,50,51,52,53,54,55,56,57,58,59,60,61,62,63,64,65,66,67,68,69,70,71,72,73,74,75,76,77,78,79,80,81,82,83,84,85,86,87,88,89,90,91,92,93,94,95,96,97,98,99]
CFO=-1017.8160545269517,STO=4
EsN0dB=15.21,GRXdB=10,N0=0.0005011872272007167
packet_number=767,correct=True,payload=[0,1,2,3,4,5,6,7,8,9,10,11,12,13,14,15,16,17,18,19,20,21,22,23,24,25,26,27,28,29,30,31,32,33,34,35,36,37,38,39,40,41,42,43,44,45,46,47,48,49,50,51,52,53,54,55,56,57,58,59,60,61,62,63,64,65,66,67,68,69,70,71,72,73,74,75,76,77,78,79,80,81,82,83,84,85,86,87,88,89,90,91,92,93,94,95,96,97,98,99]
CFO=-1078.009586760824,STO=4
EsN0dB=15.21,GRXdB=10,N0=0.0005011872272007167
packet_number=768,correct=True,payload=[0,1,2,3,4,5,6,7,8,9,10,11,12,13,14,15,16,17,18,19,20,21,22,23,24,25,26,27,28,29,30,31,32,33,34,35,36,37,38,39,40,41,42,43,44,45,46,47,48,49,50,51,52,53,54,55,56,57,58,59,60,61,62,63,64,65,66,67,68,69,70,71,72,73,74,75,76,77,78,79,80,81,82,83,84,85,86,87,88,89,90,91,92,93,94,95,96,97,98,99]
CFO=-1008.5630454763539,STO=4
EsN0dB=15.28,GRXdB=10,N0=0.0005011872272007167
packet_number=769,correct=True,payload=[0,1,2,3,4,5,6,7,8,9,10,11,12,13,14,15,16,17,18,19,20,21,22,23,24,25,26,27,28,29,30,31,32,33,34,35,36,37,38,39,40,41,42,43,44,45,46,47,48,49,50,51,52,53,54,55,56,57,58,59,60,61,62,63,64,65,66,67,68,69,70,71,72,73,74,75,76,77,78,79,80,81,82,83,84,85,86,87,88,89,90,91,92,93,94,95,96,97,98,99]
CFO=-943.3521108248399,STO=5
EsN0dB=15.26,GRXdB=10,N0=0.0005011872272007167
packet_number=770,correct=True,payload=[0,1,2,3,4,5,6,7,8,9,10,11,12,13,14,15,16,17,18,19,20,21,22,23,24,25,26,27,28,29,30,31,32,33,34,35,36,37,38,39,40,41,42,43,44,45,46,47,48,49,50,51,52,53,54,55,56,57,58,59,60,61,62,63,64,65,66,67,68,69,70,71,72,73,74,75,76,77,78,79,80,81,82,83,84,85,86,87,88,89,90,91,92,93,94,95,96,97,98,99]
CFO=-943.3239481524809,STO=4
EsN0dB=15.24,GRXdB=10,N0=0.0005011872272007167
packet_number=771,correct=True,payload=[0,1,2,3,4,5,6,7,8,9,10,11,12,13,14,15,16,17,18,19,20,21,22,23,24,25,26,27,28,29,30,31,32,33,34,35,36,37,38,39,40,41,42,43,44,45,46,47,48,49,50,51,52,53,54,55,56,57,58,59,60,61,62,63,64,65,66,67,68,69,70,71,72,73,74,75,76,77,78,79,80,81,82,83,84,85,86,87,88,89,90,91,92,93,94,95,96,97,98,99]
CFO=-982.6341177092027,STO=0
EsN0dB=15.27,GRXdB=10,N0=0.0005011872272007167
packet_number=772,correct=True,payload=[0,1,2,3,4,5,6,7,8,9,10,11,12,13,14,15,16,17,18,19,20,21,22,23,24,25,26,27,28,29,30,31,32,33,34,35,36,37,38,39,40,41,42,43,44,45,46,47,48,49,50,51,52,53,54,55,56,57,58,59,60,61,62,63,64,65,66,67,68,69,70,71,72,73,74,75,76,77,78,79,80,81,82,83,84,85,86,87,88,89,90,91,92,93,94,95,96,97,98,99]
CFO=-1107.0255584473769,STO=5
EsN0dB=15.18,GRXdB=10,N0=0.0005011872272007167
packet_number=773,correct=True,payload=[0,1,2,3,4,5,6,7,8,9,10,11,12,13,14,15,16,17,18,19,20,21,22,23,24,25,26,27,28,29,30,31,32,33,34,35,36,37,38,39,40,41,42,43,44,45,46,47,48,49,50,51,52,53,54,55,56,57,58,59,60,61,62,63,64,65,66,67,68,69,70,71,72,73,74,75,76,77,78,79,80,81,82,83,84,85,86,87,88,89,90,91,92,93,94,95,96,97,98,99]
CFO=-977.7015590476572,STO=4
EsN0dB=15.27,GRXdB=10,N0=0.0005011872272007167
packet_number=774,correct=True,payload=[0,1,2,3,4,5,6,7,8,9,10,11,12,13,14,15,16,17,18,19,20,21,22,23,24,25,26,27,28,29,30,31,32,33,34,35,36,37,38,39,40,41,42,43,44,45,46,47,48,49,50,51,52,53,54,55,56,57,58,59,60,61,62,63,64,65,66,67,68,69,70,71,72,73,74,75,76,77,78,79,80,81,82,83,84,85,86,87,88,89,90,91,92,93,94,95,96,97,98,99]
CFO=-1054.4045241370638,STO=5
EsN0dB=15.23,GRXdB=10,N0=0.0005011872272007167
packet_number=775,correct=True,payload=[0,1,2,3,4,5,6,7,8,9,10,11,12,13,14,15,16,17,18,19,20,21,22,23,24,25,26,27,28,29,30,31,32,33,34,35,36,37,38,39,40,41,42,43,44,45,46,47,48,49,50,51,52,53,54,55,56,57,58,59,60,61,62,63,64,65,66,67,68,69,70,71,72,73,74,75,76,77,78,79,80,81,82,83,84,85,86,87,88,89,90,91,92,93,94,95,96,97,98,99]
CFO=-1078.0644891494649,STO=4
EsN0dB=15.30,GRXdB=10,N0=0.0005011872272007167
packet_number=776,correct=True,payload=[0,1,2,3,4,5,6,7,8,9,10,11,12,13,14,15,16,17,18,19,20,21,22,23,24,25,26,27,28,29,30,31,32,33,34,35,36,37,38,39,40,41,42,43,44,45,46,47,48,49,50,51,52,53,54,55,56,57,58,59,60,61,62,63,64,65,66,67,68,69,70,71,72,73,74,75,76,77,78,79,80,81,82,83,84,85,86,87,88,89,90,91,92,93,94,95,96,97,98,99]
CFO=-1079.5934554542937,STO=6
EsN0dB=15.21,GRXdB=10,N0=0.0005011872272007167
packet_number=777,correct=True,payload=[0,1,2,3,4,5,6,7,8,9,10,11,12,13,14,15,16,17,18,19,20,21,22,23,24,25,26,27,28,29,30,31,32,33,34,35,36,37,38,39,40,41,42,43,44,45,46,47,48,49,50,51,52,53,54,55,56,57,58,59,60,61,62,63,64,65,66,67,68,69,70,71,72,73,74,75,76,77,78,79,80,81,82,83,84,85,86,87,88,89,90,91,92,93,94,95,96,97,98,99]
CFO=-1182.022458490194,STO=1
EsN0dB=15.17,GRXdB=10,N0=0.0005011872272007167
packet_number=778,correct=False,payload=[0,1,2,7,4,0,6,7,24,11,4,31,12,31,12,31,16,19,38,22,60,35,44,55,16,58,60,59,28,28,30,31,32,1,4,99,12,45,100,39,40,73,110,31,44,44,30,47,112,49,100,35,36,118,118,39,112,56,124,51,124,59,60,62,64,1,64,71,4,13,76,143,152,8,82,27,76,76,206,142,96,241,148,131,64,159,28,143,152,217,112,31,124,88,94,255,64,227,98,227]
CFO=-1120.3568781945762,STO=5
EsN0dB=15.29,GRXdB=10,N0=0.0005011872272007167
packet_number=779,correct=True,payload=[0,1,2,3,4,5,6,7,8,9,10,11,12,13,14,15,16,17,18,19,20,21,22,23,24,25,26,27,28,29,30,31,32,33,34,35,36,37,38,39,40,41,42,43,44,45,46,47,48,49,50,51,52,53,54,55,56,57,58,59,60,61,62,63,64,65,66,67,68,69,70,71,72,73,74,75,76,77,78,79,80,81,82,83,84,85,86,87,88,89,90,91,92,93,94,95,96,97,98,99]
CFO=-1115.8799026370443,STO=5
EsN0dB=15.32,GRXdB=10,N0=0.0005011872272007167
packet_number=780,correct=True,payload=[0,1,2,3,4,5,6,7,8,9,10,11,12,13,14,15,16,17,18,19,20,21,22,23,24,25,26,27,28,29,30,31,32,33,34,35,36,37,38,39,40,41,42,43,44,45,46,47,48,49,50,51,52,53,54,55,56,57,58,59,60,61,62,63,64,65,66,67,68,69,70,71,72,73,74,75,76,77,78,79,80,81,82,83,84,85,86,87,88,89,90,91,92,93,94,95,96,97,98,99]
CFO=-911.1955564964852,STO=4
EsN0dB=15.30,GRXdB=10,N0=0.0005011872272007167
packet_number=781,correct=True,payload=[0,1,2,3,4,5,6,7,8,9,10,11,12,13,14,15,16,17,18,19,20,21,22,23,24,25,26,27,28,29,30,31,32,33,34,35,36,37,38,39,40,41,42,43,44,45,46,47,48,49,50,51,52,53,54,55,56,57,58,59,60,61,62,63,64,65,66,67,68,69,70,71,72,73,74,75,76,77,78,79,80,81,82,83,84,85,86,87,88,89,90,91,92,93,94,95,96,97,98,99]
CFO=-975.1583807988852,STO=4
EsN0dB=15.27,GRXdB=10,N0=0.0005011872272007167
packet_number=782,correct=True,payload=[0,1,2,3,4,5,6,7,8,9,10,11,12,13,14,15,16,17,18,19,20,21,22,23,24,25,26,27,28,29,30,31,32,33,34,35,36,37,38,39,40,41,42,43,44,45,46,47,48,49,50,51,52,53,54,55,56,57,58,59,60,61,62,63,64,65,66,67,68,69,70,71,72,73,74,75,76,77,78,79,80,81,82,83,84,85,86,87,88,89,90,91,92,93,94,95,96,97,98,99]
CFO=-1006.395883370952,STO=4
EsN0dB=15.32,GRXdB=10,N0=0.0005011872272007167
packet_number=783,correct=True,payload=[0,1,2,3,4,5,6,7,8,9,10,11,12,13,14,15,16,17,18,19,20,21,22,23,24,25,26,27,28,29,30,31,32,33,34,35,36,37,38,39,40,41,42,43,44,45,46,47,48,49,50,51,52,53,54,55,56,57,58,59,60,61,62,63,64,65,66,67,68,69,70,71,72,73,74,75,76,77,78,79,80,81,82,83,84,85,86,87,88,89,90,91,92,93,94,95,96,97,98,99]
CFO=-986.5512786300742,STO=5
EsN0dB=15.29,GRXdB=10,N0=0.0005011872272007167
packet_number=784,correct=True,payload=[0,1,2,3,4,5,6,7,8,9,10,11,12,13,14,15,16,17,18,19,20,21,22,23,24,25,26,27,28,29,30,31,32,33,34,35,36,37,38,39,40,41,42,43,44,45,46,47,48,49,50,51,52,53,54,55,56,57,58,59,60,61,62,63,64,65,66,67,68,69,70,71,72,73,74,75,76,77,78,79,80,81,82,83,84,85,86,87,88,89,90,91,92,93,94,95,96,97,98,99]
CFO=-1102.6161733035065,STO=6
EsN0dB=15.23,GRXdB=10,N0=0.0005011872272007167
packet_number=785,correct=True,payload=[0,1,2,3,4,5,6,7,8,9,10,11,12,13,14,15,16,17,18,19,20,21,22,23,24,25,26,27,28,29,30,31,32,33,34,35,36,37,38,39,40,41,42,43,44,45,46,47,48,49,50,51,52,53,54,55,56,57,58,59,60,61,62,63,64,65,66,67,68,69,70,71,72,73,74,75,76,77,78,79,80,81,82,83,84,85,86,87,88,89,90,91,92,93,94,95,96,97,98,99]
CFO=-1108.6760689171235,STO=1
EsN0dB=15.29,GRXdB=10,N0=0.0005011872272007167
packet_number=786,correct=False,payload=[124,105,59,238,0,6,0,4,0,20,12,28,0,52,20,14,16,26,28,62,96,2,76,38,112,32,76,44,32,96,116,118,56,58,60,124,192,68,204,68,128,74,76,78,64,50,64,94,184,30,92,222,96,98,224,110,96,206,104,94,224,102,244,118,120,114,124,126,129,135,140,5,144,139,28,31,144,182,12,140,24,19,152,156,225,32,168,231,201,53,205,142,161,242,232,102,176,243,248,63]
CFO=-968.2349287159868,STO=4
EsN0dB=15.21,GRXdB=10,N0=0.0005011872272007167
packet_number=787,correct=True,payload=[0,1,2,3,4,5,6,7,8,9,10,11,12,13,14,15,16,17,18,19,20,21,22,23,24,25,26,27,28,29,30,31,32,33,34,35,36,37,38,39,40,41,42,43,44,45,46,47,48,49,50,51,52,53,54,55,56,57,58,59,60,61,62,63,64,65,66,67,68,69,70,71,72,73,74,75,76,77,78,79,80,81,82,83,84,85,86,87,88,89,90,91,92,93,94,95,96,97,98,99]
CFO=-1131.9781604761374,STO=4
EsN0dB=15.21,GRXdB=10,N0=0.0005011872272007167
packet_number=788,correct=True,payload=[0,1,2,3,4,5,6,7,8,9,10,11,12,13,14,15,16,17,18,19,20,21,22,23,24,25,26,27,28,29,30,31,32,33,34,35,36,37,38,39,40,41,42,43,44,45,46,47,48,49,50,51,52,53,54,55,56,57,58,59,60,61,62,63,64,65,66,67,68,69,70,71,72,73,74,75,76,77,78,79,80,81,82,83,84,85,86,87,88,89,90,91,92,93,94,95,96,97,98,99]
CFO=-1138.7236837595635,STO=5
EsN0dB=15.26,GRXdB=10,N0=0.0005011872272007167
packet_number=789,correct=True,payload=[0,1,2,3,4,5,6,7,8,9,10,11,12,13,14,15,16,17,18,19,20,21,22,23,24,25,26,27,28,29,30,31,32,33,34,35,36,37,38,39,40,41,42,43,44,45,46,47,48,49,50,51,52,53,54,55,56,57,58,59,60,61,62,63,64,65,66,67,68,69,70,71,72,73,74,75,76,77,78,79,80,81,82,83,84,85,86,87,88,89,90,91,92,93,94,95,96,97,98,99]
CFO=-1133.8136552359053,STO=4
EsN0dB=15.25,GRXdB=10,N0=0.0005011872272007167
packet_number=790,correct=True,payload=[0,1,2,3,4,5,6,7,8,9,10,11,12,13,14,15,16,17,18,19,20,21,22,23,24,25,26,27,28,29,30,31,32,33,34,35,36,37,38,39,40,41,42,43,44,45,46,47,48,49,50,51,52,53,54,55,56,57,58,59,60,61,62,63,64,65,66,67,68,69,70,71,72,73,74,75,76,77,78,79,80,81,82,83,84,85,86,87,88,89,90,91,92,93,94,95,96,97,98,99]
CFO=-935.3709280579742,STO=5
EsN0dB=15.25,GRXdB=10,N0=0.0005011872272007167
packet_number=791,correct=True,payload=[0,1,2,3,4,5,6,7,8,9,10,11,12,13,14,15,16,17,18,19,20,21,22,23,24,25,26,27,28,29,30,31,32,33,34,35,36,37,38,39,40,41,42,43,44,45,46,47,48,49,50,51,52,53,54,55,56,57,58,59,60,61,62,63,64,65,66,67,68,69,70,71,72,73,74,75,76,77,78,79,80,81,82,83,84,85,86,87,88,89,90,91,92,93,94,95,96,97,98,99]
CFO=-1073.742141485643,STO=4
EsN0dB=15.23,GRXdB=10,N0=0.0005011872272007167
packet_number=792,correct=True,payload=[0,1,2,3,4,5,6,7,8,9,10,11,12,13,14,15,16,17,18,19,20,21,22,23,24,25,26,27,28,29,30,31,32,33,34,35,36,37,38,39,40,41,42,43,44,45,46,47,48,49,50,51,52,53,54,55,56,57,58,59,60,61,62,63,64,65,66,67,68,69,70,71,72,73,74,75,76,77,78,79,80,81,82,83,84,85,86,87,88,89,90,91,92,93,94,95,96,97,98,99]
CFO=-1066.5320230430484,STO=5
EsN0dB=15.22,GRXdB=10,N0=0.0005011872272007167
packet_number=793,correct=True,payload=[0,1,2,3,4,5,6,7,8,9,10,11,12,13,14,15,16,17,18,19,20,21,22,23,24,25,26,27,28,29,30,31,32,33,34,35,36,37,38,39,40,41,42,43,44,45,46,47,48,49,50,51,52,53,54,55,56,57,58,59,60,61,62,63,64,65,66,67,68,69,70,71,72,73,74,75,76,77,78,79,80,81,82,83,84,85,86,87,88,89,90,91,92,93,94,95,96,97,98,99]
CFO=-993.4236228738706,STO=4
EsN0dB=15.34,GRXdB=10,N0=0.0005011872272007167
packet_number=794,correct=True,payload=[0,1,2,3,4,5,6,7,8,9,10,11,12,13,14,15,16,17,18,19,20,21,22,23,24,25,26,27,28,29,30,31,32,33,34,35,36,37,38,39,40,41,42,43,44,45,46,47,48,49,50,51,52,53,54,55,56,57,58,59,60,61,62,63,64,65,66,67,68,69,70,71,72,73,74,75,76,77,78,79,80,81,82,83,84,85,86,87,88,89,90,91,92,93,94,95,96,97,98,99]
CFO=-1008.9927782116339,STO=4
EsN0dB=15.22,GRXdB=10,N0=0.0005011872272007167
packet_number=795,correct=True,payload=[0,1,2,3,4,5,6,7,8,9,10,11,12,13,14,15,16,17,18,19,20,21,22,23,24,25,26,27,28,29,30,31,32,33,34,35,36,37,38,39,40,41,42,43,44,45,46,47,48,49,50,51,52,53,54,55,56,57,58,59,60,61,62,63,64,65,66,67,68,69,70,71,72,73,74,75,76,77,78,79,80,81,82,83,84,85,86,87,88,89,90,91,92,93,94,95,96,97,98,99]
CFO=-1091.457114587652,STO=5
EsN0dB=15.25,GRXdB=10,N0=0.0005011872272007167
packet_number=796,correct=True,payload=[0,1,2,3,4,5,6,7,8,9,10,11,12,13,14,15,16,17,18,19,20,21,22,23,24,25,26,27,28,29,30,31,32,33,34,35,36,37,38,39,40,41,42,43,44,45,46,47,48,49,50,51,52,53,54,55,56,57,58,59,60,61,62,63,64,65,66,67,68,69,70,71,72,73,74,75,76,77,78,79,80,81,82,83,84,85,86,87,88,89,90,91,92,93,94,95,96,97,98,99]
CFO=-1075.9129795609108,STO=5
EsN0dB=15.32,GRXdB=10,N0=0.0005011872272007167
packet_number=797,correct=True,payload=[0,1,2,3,4,5,6,7,8,9,10,11,12,13,14,15,16,17,18,19,20,21,22,23,24,25,26,27,28,29,30,31,32,33,34,35,36,37,38,39,40,41,42,43,44,45,46,47,48,49,50,51,52,53,54,55,56,57,58,59,60,61,62,63,64,65,66,67,68,69,70,71,72,73,74,75,76,77,78,79,80,81,82,83,84,85,86,87,88,89,90,91,92,93,94,95,96,97,98,99]
CFO=-959.1794734007577,STO=4
EsN0dB=15.18,GRXdB=10,N0=0.0005011872272007167
packet_number=798,correct=True,payload=[0,1,2,3,4,5,6,7,8,9,10,11,12,13,14,15,16,17,18,19,20,21,22,23,24,25,26,27,28,29,30,31,32,33,34,35,36,37,38,39,40,41,42,43,44,45,46,47,48,49,50,51,52,53,54,55,56,57,58,59,60,61,62,63,64,65,66,67,68,69,70,71,72,73,74,75,76,77,78,79,80,81,82,83,84,85,86,87,88,89,90,91,92,93,94,95,96,97,98,99]
CFO=-1011.0969745106248,STO=2
EsN0dB=15.20,GRXdB=10,N0=0.0005011872272007167
packet_number=799,correct=True,payload=[0,1,2,3,4,5,6,7,8,9,10,11,12,13,14,15,16,17,18,19,20,21,22,23,24,25,26,27,28,29,30,31,32,33,34,35,36,37,38,39,40,41,42,43,44,45,46,47,48,49,50,51,52,53,54,55,56,57,58,59,60,61,62,63,64,65,66,67,68,69,70,71,72,73,74,75,76,77,78,79,80,81,82,83,84,85,86,87,88,89,90,91,92,93,94,95,96,97,98,99]
CFO=-1252.691556204227,STO=4
EsN0dB=15.23,GRXdB=10,N0=0.0005011872272007167
packet_number=800,correct=True,payload=[0,1,2,3,4,5,6,7,8,9,10,11,12,13,14,15,16,17,18,19,20,21,22,23,24,25,26,27,28,29,30,31,32,33,34,35,36,37,38,39,40,41,42,43,44,45,46,47,48,49,50,51,52,53,54,55,56,57,58,59,60,61,62,63,64,65,66,67,68,69,70,71,72,73,74,75,76,77,78,79,80,81,82,83,84,85,86,87,88,89,90,91,92,93,94,95,96,97,98,99]
CFO=-979.4270711606335,STO=5
EsN0dB=14.25,GRXdB=10,N0=0.000630957365501672
packet_number=801,correct=True,payload=[0,1,2,3,4,5,6,7,8,9,10,11,12,13,14,15,16,17,18,19,20,21,22,23,24,25,26,27,28,29,30,31,32,33,34,35,36,37,38,39,40,41,42,43,44,45,46,47,48,49,50,51,52,53,54,55,56,57,58,59,60,61,62,63,64,65,66,67,68,69,70,71,72,73,74,75,76,77,78,79,80,81,82,83,84,85,86,87,88,89,90,91,92,93,94,95,96,97,98,99]
CFO=-944.910899917451,STO=5
EsN0dB=14.25,GRXdB=10,N0=0.000630957365501672
packet_number=802,correct=True,payload=[0,1,2,3,4,5,6,7,8,9,10,11,12,13,14,15,16,17,18,19,20,21,22,23,24,25,26,27,28,29,30,31,32,33,34,35,36,37,38,39,40,41,42,43,44,45,46,47,48,49,50,51,52,53,54,55,56,57,58,59,60,61,62,63,64,65,66,67,68,69,70,71,72,73,74,75,76,77,78,79,80,81,82,83,84,85,86,87,88,89,90,91,92,93,94,95,96,97,98,99]
CFO=-986.8525302895606,STO=5
EsN0dB=14.38,GRXdB=10,N0=0.000630957365501672
packet_number=803,correct=True,payload=[0,1,2,3,4,5,6,7,8,9,10,11,12,13,14,15,16,17,18,19,20,21,22,23,24,25,26,27,28,29,30,31,32,33,34,35,36,37,38,39,40,41,42,43,44,45,46,47,48,49,50,51,52,53,54,55,56,57,58,59,60,61,62,63,64,65,66,67,68,69,70,71,72,73,74,75,76,77,78,79,80,81,82,83,84,85,86,87,88,89,90,91,92,93,94,95,96,97,98,99]
CFO=-1006.3623253234673,STO=5
EsN0dB=14.21,GRXdB=10,N0=0.000630957365501672
packet_number=804,correct=True,payload=[0,1,2,3,4,5,6,7,8,9,10,11,12,13,14,15,16,17,18,19,20,21,22,23,24,25,26,27,28,29,30,31,32,33,34,35,36,37,38,39,40,41,42,43,44,45,46,47,48,49,50,51,52,53,54,55,56,57,58,59,60,61,62,63,64,65,66,67,68,69,70,71,72,73,74,75,76,77,78,79,80,81,82,83,84,85,86,87,88,89,90,91,92,93,94,95,96,97,98,99]
CFO=-874.4838233161956,STO=1
EsN0dB=14.31,GRXdB=10,N0=0.000630957365501672
packet_number=805,correct=True,payload=[0,1,2,3,4,5,6,7,8,9,10,11,12,13,14,15,16,17,18,19,20,21,22,23,24,25,26,27,28,29,30,31,32,33,34,35,36,37,38,39,40,41,42,43,44,45,46,47,48,49,50,51,52,53,54,55,56,57,58,59,60,61,62,63,64,65,66,67,68,69,70,71,72,73,74,75,76,77,78,79,80,81,82,83,84,85,86,87,88,89,90,91,92,93,94,95,96,97,98,99]
CFO=-1068.0404750644327,STO=4
EsN0dB=14.22,GRXdB=10,N0=0.000630957365501672
packet_number=806,correct=True,payload=[0,1,2,3,4,5,6,7,8,9,10,11,12,13,14,15,16,17,18,19,20,21,22,23,24,25,26,27,28,29,30,31,32,33,34,35,36,37,38,39,40,41,42,43,44,45,46,47,48,49,50,51,52,53,54,55,56,57,58,59,60,61,62,63,64,65,66,67,68,69,70,71,72,73,74,75,76,77,78,79,80,81,82,83,84,85,86,87,88,89,90,91,92,93,94,95,96,97,98,99]
CFO=-940.5465157595187,STO=5
EsN0dB=14.29,GRXdB=10,N0=0.000630957365501672
packet_number=807,correct=True,payload=[0,1,2,3,4,5,6,7,8,9,10,11,12,13,14,15,16,17,18,19,20,21,22,23,24,25,26,27,28,29,30,31,32,33,34,35,36,37,38,39,40,41,42,43,44,45,46,47,48,49,50,51,52,53,54,55,56,57,58,59,60,61,62,63,64,65,66,67,68,69,70,71,72,73,74,75,76,77,78,79,80,81,82,83,84,85,86,87,88,89,90,91,92,93,94,95,96,97,98,99]
CFO=-984.4409754779191,STO=0
EsN0dB=14.22,GRXdB=10,N0=0.000630957365501672
packet_number=808,correct=False,payload=[0,1,0,3,4,5,6,3,0,12,143,1,12,12,15,15,144,25,24,19,146,3,10,31,24,9,12,25,30,29,15,31,32,17,1,35,182,22,38,39,152,49,10,51,4,62,47,63,152,57,51,49,22,49,187,59,184,57,61,27,60,61,62,63,224,0,66,67,70,65,198,3,8,105,198,75,108,69,78,111,112,81,82,89,86,83,150,107,24,25,90,89,78,125,30,79,224,97,98,99]
CFO=-1133.1484232698676,STO=4
EsN0dB=14.28,GRXdB=10,N0=0.000630957365501672
packet_number=809,correct=True,payload=[0,1,2,3,4,5,6,7,8,9,10,11,12,13,14,15,16,17,18,19,20,21,22,23,24,25,26,27,28,29,30,31,32,33,34,35,36,37,38,39,40,41,42,43,44,45,46,47,48,49,50,51,52,53,54,55,56,57,58,59,60,61,62,63,64,65,66,67,68,69,70,71,72,73,74,75,76,77,78,79,80,81,82,83,84,85,86,87,88,89,90,91,92,93,94,95,96,97,98,99]
CFO=-1041.8529843201075,STO=4
EsN0dB=14.29,GRXdB=10,N0=0.000630957365501672
packet_number=810,correct=True,payload=[0,1,2,3,4,5,6,7,8,9,10,11,12,13,14,15,16,17,18,19,20,21,22,23,24,25,26,27,28,29,30,31,32,33,34,35,36,37,38,39,40,41,42,43,44,45,46,47,48,49,50,51,52,53,54,55,56,57,58,59,60,61,62,63,64,65,66,67,68,69,70,71,72,73,74,75,76,77,78,79,80,81,82,83,84,85,86,87,88,89,90,91,92,93,94,95,96,97,98,99]
CFO=-865.5328366929593,STO=5
EsN0dB=14.20,GRXdB=10,N0=0.000630957365501672
packet_number=811,correct=True,payload=[0,1,2,3,4,5,6,7,8,9,10,11,12,13,14,15,16,17,18,19,20,21,22,23,24,25,26,27,28,29,30,31,32,33,34,35,36,37,38,39,40,41,42,43,44,45,46,47,48,49,50,51,52,53,54,55,56,57,58,59,60,61,62,63,64,65,66,67,68,69,70,71,72,73,74,75,76,77,78,79,80,81,82,83,84,85,86,87,88,89,90,91,92,93,94,95,96,97,98,99]
CFO=-914.8667238855305,STO=4
EsN0dB=14.26,GRXdB=10,N0=0.000630957365501672
packet_number=812,correct=True,payload=[0,1,2,3,4,5,6,7,8,9,10,11,12,13,14,15,16,17,18,19,20,21,22,23,24,25,26,27,28,29,30,31,32,33,34,35,36,37,38,39,40,41,42,43,44,45,46,47,48,49,50,51,52,53,54,55,56,57,58,59,60,61,62,63,64,65,66,67,68,69,70,71,72,73,74,75,76,77,78,79,80,81,82,83,84,85,86,87,88,89,90,91,92,93,94,95,96,97,98,99]
CFO=-918.7669279131502,STO=5
EsN0dB=14.29,GRXdB=10,N0=0.000630957365501672
packet_number=813,correct=True,payload=[0,1,2,3,4,5,6,7,8,9,10,11,12,13,14,15,16,17,18,19,20,21,22,23,24,25,26,27,28,29,30,31,32,33,34,35,36,37,38,39,40,41,42,43,44,45,46,47,48,49,50,51,52,53,54,55,56,57,58,59,60,61,62,63,64,65,66,67,68,69,70,71,72,73,74,75,76,77,78,79,80,81,82,83,84,85,86,87,88,89,90,91,92,93,94,95,96,97,98,99]
CFO=-1209.685436106784,STO=1
EsN0dB=14.15,GRXdB=10,N0=0.000630957365501672
packet_number=814,correct=False,payload=[216,245,223,26,166,121,192,0,0,128,129,1,1,129,130,2,135,132,130,2,7,135,128,0,5,13,135,15,65,137,132,14,140,4,143,15,207,135,128,8,25,144,144,3,137,17,210,26,208,23,154,10,7,143,216,24,140,29,153,9,89,159,204,30,95,15,159,14,95,31,192,16,176,145,226,3,225,161,144,6,115,48,247,23,3,19,156,4,232,57,187,26,233,55,150,4,174,166,182,47]
CFO=-951.2998541238941,STO=5
EsN0dB=14.31,GRXdB=10,N0=0.000630957365501672
packet_number=815,correct=True,payload=[0,1,2,3,4,5,6,7,8,9,10,11,12,13,14,15,16,17,18,19,20,21,22,23,24,25,26,27,28,29,30,31,32,33,34,35,36,37,38,39,40,41,42,43,44,45,46,47,48,49,50,51,52,53,54,55,56,57,58,59,60,61,62,63,64,65,66,67,68,69,70,71,72,73,74,75,76,77,78,79,80,81,82,83,84,85,86,87,88,89,90,91,92,93,94,95,96,97,98,99]
CFO=-1010.3174317397278,STO=4
EsN0dB=14.24,GRXdB=10,N0=0.000630957365501672
packet_number=816,correct=True,payload=[0,1,2,3,4,5,6,7,8,9,10,11,12,13,14,15,16,17,18,19,20,21,22,23,24,25,26,27,28,29,30,31,32,33,34,35,36,37,38,39,40,41,42,43,44,45,46,47,48,49,50,51,52,53,54,55,56,57,58,59,60,61,62,63,64,65,66,67,68,69,70,71,72,73,74,75,76,77,78,79,80,81,82,83,84,85,86,87,88,89,90,91,92,93,94,95,96,97,98,99]
CFO=-939.7950763711442,STO=0
EsN0dB=14.24,GRXdB=10,N0=0.000630957365501672
packet_number=817,correct=False,payload=[0,1,2,3,4,7,6,7,8,9,10,11,12,29,14,15,16,17,18,19,28,5,22,23,24,25,26,27,28,28,62,30,32,33,34,35,36,37,38,103,40,41,42,43,44,45,46,47,48,49,50,51,52,53,54,55,56,57,50,59,60,61,62,63,64,65,2,67,68,69,70,79,72,73,74,75,76,77,78,79,80,81,86,83,84,85,86,71,88,89,122,91,92,93,94,95,96,99,102,99]
CFO=-903.0803194091908,STO=4
EsN0dB=14.26,GRXdB=10,N0=0.000630957365501672
packet_number=818,correct=True,payload=[0,1,2,3,4,5,6,7,8,9,10,11,12,13,14,15,16,17,18,19,20,21,22,23,24,25,26,27,28,29,30,31,32,33,34,35,36,37,38,39,40,41,42,43,44,45,46,47,48,49,50,51,52,53,54,55,56,57,58,59,60,61,62,63,64,65,66,67,68,69,70,71,72,73,74,75,76,77,78,79,80,81,82,83,84,85,86,87,88,89,90,91,92,93,94,95,96,97,98,99]
CFO=-992.3393896329676,STO=5
EsN0dB=14.20,GRXdB=10,N0=0.000630957365501672
packet_number=819,correct=True,payload=[0,1,2,3,4,5,6,7,8,9,10,11,12,13,14,15,16,17,18,19,20,21,22,23,24,25,26,27,28,29,30,31,32,33,34,35,36,37,38,39,40,41,42,43,44,45,46,47,48,49,50,51,52,53,54,55,56,57,58,59,60,61,62,63,64,65,66,67,68,69,70,71,72,73,74,75,76,77,78,79,80,81,82,83,84,85,86,87,88,89,90,91,92,93,94,95,96,97,98,99]
CFO=-934.38007630963,STO=4
EsN0dB=14.22,GRXdB=10,N0=0.000630957365501672
packet_number=820,correct=True,payload=[0,1,2,3,4,5,6,7,8,9,10,11,12,13,14,15,16,17,18,19,20,21,22,23,24,25,26,27,28,29,30,31,32,33,34,35,36,37,38,39,40,41,42,43,44,45,46,47,48,49,50,51,52,53,54,55,56,57,58,59,60,61,62,63,64,65,66,67,68,69,70,71,72,73,74,75,76,77,78,79,80,81,82,83,84,85,86,87,88,89,90,91,92,93,94,95,96,97,98,99]
CFO=-1162.559739586504,STO=4
EsN0dB=14.33,GRXdB=10,N0=0.000630957365501672
packet_number=821,correct=True,payload=[0,1,2,3,4,5,6,7,8,9,10,11,12,13,14,15,16,17,18,19,20,21,22,23,24,25,26,27,28,29,30,31,32,33,34,35,36,37,38,39,40,41,42,43,44,45,46,47,48,49,50,51,52,53,54,55,56,57,58,59,60,61,62,63,64,65,66,67,68,69,70,71,72,73,74,75,76,77,78,79,80,81,82,83,84,85,86,87,88,89,90,91,92,93,94,95,96,97,98,99]
CFO=-897.996690244128,STO=1
EsN0dB=14.29,GRXdB=10,N0=0.000630957365501672
packet_number=822,correct=False,payload=[0,3,2,3,4,5,4,7,8,24,10,11,12,12,12,15,16,16,48,55,16,21,22,55,24,58,26,27,28,28,62,31,64,1,34,35,68,71,38,15,32,32,108,47,12,44,46,47,32,51,114,50,100,61,54,119,56,56,62,51,124,125,62,127,64,65,68,195,68,205,70,71,72,73,94,95,12,77,78,95,80,64,18,67,60,85,54,55,88,219,90,90,220,219,94,95,224,97,98,99]
CFO=-1078.515091907209,STO=5
EsN0dB=14.27,GRXdB=10,N0=0.000630957365501672
packet_number=823,correct=True,payload=[0,1,2,3,4,5,6,7,8,9,10,11,12,13,14,15,16,17,18,19,20,21,22,23,24,25,26,27,28,29,30,31,32,33,34,35,36,37,38,39,40,41,42,43,44,45,46,47,48,49,50,51,52,53,54,55,56,57,58,59,60,61,62,63,64,65,66,67,68,69,70,71,72,73,74,75,76,77,78,79,80,81,82,83,84,85,86,87,88,89,90,91,92,93,94,95,96,97,98,99]
CFO=-1128.1355861696397,STO=5
EsN0dB=14.24,GRXdB=10,N0=0.000630957365501672
packet_number=824,correct=True,payload=[0,1,2,3,4,5,6,7,8,9,10,11,12,13,14,15,16,17,18,19,20,21,22,23,24,25,26,27,28,29,30,31,32,33,34,35,36,37,38,39,40,41,42,43,44,45,46,47,48,49,50,51,52,53,54,55,56,57,58,59,60,61,62,63,64,65,66,67,68,69,70,71,72,73,74,75,76,77,78,79,80,81,82,83,84,85,86,87,88,89,90,91,92,93,94,95,96,97,98,99]
CFO=-1146.9491999428321,STO=7
EsN0dB=14.24,GRXdB=10,N0=0.000630957365501672
packet_number=825,correct=True,payload=[0,1,2,3,4,5,6,7,8,9,10,11,12,13,14,15,16,17,18,19,20,21,22,23,24,25,26,27,28,29,30,31,32,33,34,35,36,37,38,39,40,41,42,43,44,45,46,47,48,49,50,51,52,53,54,55,56,57,58,59,60,61,62,63,64,65,66,67,68,69,70,71,72,73,74,75,76,77,78,79,80,81,82,83,84,85,86,87,88,89,90,91,92,93,94,95,96,97,98,99]
CFO=-1023.3320251801025,STO=3
EsN0dB=14.25,GRXdB=10,N0=0.000630957365501672
packet_number=826,correct=True,payload=[0,1,2,3,4,5,6,7,8,9,10,11,12,13,14,15,16,17,18,19,20,21,22,23,24,25,26,27,28,29,30,31,32,33,34,35,36,37,38,39,40,41,42,43,44,45,46,47,48,49,50,51,52,53,54,55,56,57,58,59,60,61,62,63,64,65,66,67,68,69,70,71,72,73,74,75,76,77,78,79,80,81,82,83,84,85,86,87,88,89,90,91,92,93,94,95,96,97,98,99]
CFO=-1200.8333449309052,STO=4
EsN0dB=14.17,GRXdB=10,N0=0.000630957365501672
packet_number=827,correct=True,payload=[0,1,2,3,4,5,6,7,8,9,10,11,12,13,14,15,16,17,18,19,20,21,22,23,24,25,26,27,28,29,30,31,32,33,34,35,36,37,38,39,40,41,42,43,44,45,46,47,48,49,50,51,52,53,54,55,56,57,58,59,60,61,62,63,64,65,66,67,68,69,70,71,72,73,74,75,76,77,78,79,80,81,82,83,84,85,86,87,88,89,90,91,92,93,94,95,96,97,98,99]
CFO=-903.218879757197,STO=4
EsN0dB=14.32,GRXdB=10,N0=0.000630957365501672
packet_number=828,correct=True,payload=[0,1,2,3,4,5,6,7,8,9,10,11,12,13,14,15,16,17,18,19,20,21,22,23,24,25,26,27,28,29,30,31,32,33,34,35,36,37,38,39,40,41,42,43,44,45,46,47,48,49,50,51,52,53,54,55,56,57,58,59,60,61,62,63,64,65,66,67,68,69,70,71,72,73,74,75,76,77,78,79,80,81,82,83,84,85,86,87,88,89,90,91,92,93,94,95,96,97,98,99]
CFO=-1152.065675677341,STO=4
EsN0dB=14.17,GRXdB=10,N0=0.000630957365501672
packet_number=829,correct=True,payload=[0,1,2,3,4,5,6,7,8,9,10,11,12,13,14,15,16,17,18,19,20,21,22,23,24,25,26,27,28,29,30,31,32,33,34,35,36,37,38,39,40,41,42,43,44,45,46,47,48,49,50,51,52,53,54,55,56,57,58,59,60,61,62,63,64,65,66,67,68,69,70,71,72,73,74,75,76,77,78,79,80,81,82,83,84,85,86,87,88,89,90,91,92,93,94,95,96,97,98,99]
CFO=-1105.3704233703795,STO=5
EsN0dB=14.21,GRXdB=10,N0=0.000630957365501672
packet_number=830,correct=True,payload=[0,1,2,3,4,5,6,7,8,9,10,11,12,13,14,15,16,17,18,19,20,21,22,23,24,25,26,27,28,29,30,31,32,33,34,35,36,37,38,39,40,41,42,43,44,45,46,47,48,49,50,51,52,53,54,55,56,57,58,59,60,61,62,63,64,65,66,67,68,69,70,71,72,73,74,75,76,77,78,79,80,81,82,83,84,85,86,87,88,89,90,91,92,93,94,95,96,97,98,99]
CFO=-1155.054239178241,STO=4
EsN0dB=14.24,GRXdB=10,N0=0.000630957365501672
packet_number=831,correct=True,payload=[0,1,2,3,4,5,6,7,8,9,10,11,12,13,14,15,16,17,18,19,20,21,22,23,24,25,26,27,28,29,30,31,32,33,34,35,36,37,38,39,40,41,42,43,44,45,46,47,48,49,50,51,52,53,54,55,56,57,58,59,60,61,62,63,64,65,66,67,68,69,70,71,72,73,74,75,76,77,78,79,80,81,82,83,84,85,86,87,88,89,90,91,92,93,94,95,96,97,98,99]
CFO=-911.0240309993599,STO=4
EsN0dB=14.32,GRXdB=10,N0=0.000630957365501672
packet_number=832,correct=True,payload=[0,1,2,3,4,5,6,7,8,9,10,11,12,13,14,15,16,17,18,19,20,21,22,23,24,25,26,27,28,29,30,31,32,33,34,35,36,37,38,39,40,41,42,43,44,45,46,47,48,49,50,51,52,53,54,55,56,57,58,59,60,61,62,63,64,65,66,67,68,69,70,71,72,73,74,75,76,77,78,79,80,81,82,83,84,85,86,87,88,89,90,91,92,93,94,95,96,97,98,99]
CFO=-1105.080258910327,STO=4
EsN0dB=14.24,GRXdB=10,N0=0.000630957365501672
packet_number=833,correct=True,payload=[0,1,2,3,4,5,6,7,8,9,10,11,12,13,14,15,16,17,18,19,20,21,22,23,24,25,26,27,28,29,30,31,32,33,34,35,36,37,38,39,40,41,42,43,44,45,46,47,48,49,50,51,52,53,54,55,56,57,58,59,60,61,62,63,64,65,66,67,68,69,70,71,72,73,74,75,76,77,78,79,80,81,82,83,84,85,86,87,88,89,90,91,92,93,94,95,96,97,98,99]
CFO=-817.4584434981188,STO=5
EsN0dB=14.20,GRXdB=10,N0=0.000630957365501672
packet_number=834,correct=True,payload=[0,1,2,3,4,5,6,7,8,9,10,11,12,13,14,15,16,17,18,19,20,21,22,23,24,25,26,27,28,29,30,31,32,33,34,35,36,37,38,39,40,41,42,43,44,45,46,47,48,49,50,51,52,53,54,55,56,57,58,59,60,61,62,63,64,65,66,67,68,69,70,71,72,73,74,75,76,77,78,79,80,81,82,83,84,85,86,87,88,89,90,91,92,93,94,95,96,97,98,99]
CFO=-1092.2885952553627,STO=6
EsN0dB=14.23,GRXdB=10,N0=0.000630957365501672
packet_number=835,correct=True,payload=[0,1,2,3,4,5,6,7,8,9,10,11,12,13,14,15,16,17,18,19,20,21,22,23,24,25,26,27,28,29,30,31,32,33,34,35,36,37,38,39,40,41,42,43,44,45,46,47,48,49,50,51,52,53,54,55,56,57,58,59,60,61,62,63,64,65,66,67,68,69,70,71,72,73,74,75,76,77,78,79,80,81,82,83,84,85,86,87,88,89,90,91,92,93,94,95,96,97,98,99]
CFO=-1110.879279243145,STO=4
EsN0dB=14.23,GRXdB=10,N0=0.000630957365501672
packet_number=836,correct=True,payload=[0,1,2,3,4,5,6,7,8,9,10,11,12,13,14,15,16,17,18,19,20,21,22,23,24,25,26,27,28,29,30,31,32,33,34,35,36,37,38,39,40,41,42,43,44,45,46,47,48,49,50,51,52,53,54,55,56,57,58,59,60,61,62,63,64,65,66,67,68,69,70,71,72,73,74,75,76,77,78,79,80,81,82,83,84,85,86,87,88,89,90,91,92,93,94,95,96,97,98,99]
CFO=-980.8793757068095,STO=5
EsN0dB=14.28,GRXdB=10,N0=0.000630957365501672
packet_number=837,correct=True,payload=[0,1,2,3,4,5,6,7,8,9,10,11,12,13,14,15,16,17,18,19,20,21,22,23,24,25,26,27,28,29,30,31,32,33,34,35,36,37,38,39,40,41,42,43,44,45,46,47,48,49,50,51,52,53,54,55,56,57,58,59,60,61,62,63,64,65,66,67,68,69,70,71,72,73,74,75,76,77,78,79,80,81,82,83,84,85,86,87,88,89,90,91,92,93,94,95,96,97,98,99]
CFO=-1022.7481388698048,STO=7
EsN0dB=14.30,GRXdB=10,N0=0.000630957365501672
packet_number=838,correct=True,payload=[0,1,2,3,4,5,6,7,8,9,10,11,12,13,14,15,16,17,18,19,20,21,22,23,24,25,26,27,28,29,30,31,32,33,34,35,36,37,38,39,40,41,42,43,44,45,46,47,48,49,50,51,52,53,54,55,56,57,58,59,60,61,62,63,64,65,66,67,68,69,70,71,72,73,74,75,76,77,78,79,80,81,82,83,84,85,86,87,88,89,90,91,92,93,94,95,96,97,98,99]
CFO=-1168.5886859054442,STO=4
EsN0dB=14.24,GRXdB=10,N0=0.000630957365501672
packet_number=839,correct=True,payload=[0,1,2,3,4,5,6,7,8,9,10,11,12,13,14,15,16,17,18,19,20,21,22,23,24,25,26,27,28,29,30,31,32,33,34,35,36,37,38,39,40,41,42,43,44,45,46,47,48,49,50,51,52,53,54,55,56,57,58,59,60,61,62,63,64,65,66,67,68,69,70,71,72,73,74,75,76,77,78,79,80,81,82,83,84,85,86,87,88,89,90,91,92,93,94,95,96,97,98,99]
CFO=-1009.0457833255053,STO=4
EsN0dB=14.25,GRXdB=10,N0=0.000630957365501672
packet_number=840,correct=True,payload=[0,1,2,3,4,5,6,7,8,9,10,11,12,13,14,15,16,17,18,19,20,21,22,23,24,25,26,27,28,29,30,31,32,33,34,35,36,37,38,39,40,41,42,43,44,45,46,47,48,49,50,51,52,53,54,55,56,57,58,59,60,61,62,63,64,65,66,67,68,69,70,71,72,73,74,75,76,77,78,79,80,81,82,83,84,85,86,87,88,89,90,91,92,93,94,95,96,97,98,99]
CFO=-979.8191548497073,STO=3
EsN0dB=14.24,GRXdB=10,N0=0.000630957365501672
packet_number=841,correct=True,payload=[0,1,2,3,4,5,6,7,8,9,10,11,12,13,14,15,16,17,18,19,20,21,22,23,24,25,26,27,28,29,30,31,32,33,34,35,36,37,38,39,40,41,42,43,44,45,46,47,48,49,50,51,52,53,54,55,56,57,58,59,60,61,62,63,64,65,66,67,68,69,70,71,72,73,74,75,76,77,78,79,80,81,82,83,84,85,86,87,88,89,90,91,92,93,94,95,96,97,98,99]
CFO=-1038.232035422616,STO=4
EsN0dB=14.18,GRXdB=10,N0=0.000630957365501672
packet_number=842,correct=True,payload=[0,1,2,3,4,5,6,7,8,9,10,11,12,13,14,15,16,17,18,19,20,21,22,23,24,25,26,27,28,29,30,31,32,33,34,35,36,37,38,39,40,41,42,43,44,45,46,47,48,49,50,51,52,53,54,55,56,57,58,59,60,61,62,63,64,65,66,67,68,69,70,71,72,73,74,75,76,77,78,79,80,81,82,83,84,85,86,87,88,89,90,91,92,93,94,95,96,97,98,99]
CFO=-1066.3581852422976,STO=4
EsN0dB=14.28,GRXdB=10,N0=0.000630957365501672
packet_number=843,correct=True,payload=[0,1,2,3,4,5,6,7,8,9,10,11,12,13,14,15,16,17,18,19,20,21,22,23,24,25,26,27,28,29,30,31,32,33,34,35,36,37,38,39,40,41,42,43,44,45,46,47,48,49,50,51,52,53,54,55,56,57,58,59,60,61,62,63,64,65,66,67,68,69,70,71,72,73,74,75,76,77,78,79,80,81,82,83,84,85,86,87,88,89,90,91,92,93,94,95,96,97,98,99]
CFO=-966.379097542284,STO=4
EsN0dB=14.30,GRXdB=10,N0=0.000630957365501672
packet_number=844,correct=True,payload=[0,1,2,3,4,5,6,7,8,9,10,11,12,13,14,15,16,17,18,19,20,21,22,23,24,25,26,27,28,29,30,31,32,33,34,35,36,37,38,39,40,41,42,43,44,45,46,47,48,49,50,51,52,53,54,55,56,57,58,59,60,61,62,63,64,65,66,67,68,69,70,71,72,73,74,75,76,77,78,79,80,81,82,83,84,85,86,87,88,89,90,91,92,93,94,95,96,97,98,99]
CFO=-1014.9312482400061,STO=2
EsN0dB=14.29,GRXdB=10,N0=0.000630957365501672
packet_number=845,correct=True,payload=[0,1,2,3,4,5,6,7,8,9,10,11,12,13,14,15,16,17,18,19,20,21,22,23,24,25,26,27,28,29,30,31,32,33,34,35,36,37,38,39,40,41,42,43,44,45,46,47,48,49,50,51,52,53,54,55,56,57,58,59,60,61,62,63,64,65,66,67,68,69,70,71,72,73,74,75,76,77,78,79,80,81,82,83,84,85,86,87,88,89,90,91,92,93,94,95,96,97,98,99]
CFO=-1037.720957031596,STO=4
EsN0dB=14.24,GRXdB=10,N0=0.000630957365501672
packet_number=846,correct=True,payload=[0,1,2,3,4,5,6,7,8,9,10,11,12,13,14,15,16,17,18,19,20,21,22,23,24,25,26,27,28,29,30,31,32,33,34,35,36,37,38,39,40,41,42,43,44,45,46,47,48,49,50,51,52,53,54,55,56,57,58,59,60,61,62,63,64,65,66,67,68,69,70,71,72,73,74,75,76,77,78,79,80,81,82,83,84,85,86,87,88,89,90,91,92,93,94,95,96,97,98,99]
CFO=-1068.9312455686884,STO=4
EsN0dB=14.25,GRXdB=10,N0=0.000630957365501672
packet_number=847,correct=True,payload=[0,1,2,3,4,5,6,7,8,9,10,11,12,13,14,15,16,17,18,19,20,21,22,23,24,25,26,27,28,29,30,31,32,33,34,35,36,37,38,39,40,41,42,43,44,45,46,47,48,49,50,51,52,53,54,55,56,57,58,59,60,61,62,63,64,65,66,67,68,69,70,71,72,73,74,75,76,77,78,79,80,81,82,83,84,85,86,87,88,89,90,91,92,93,94,95,96,97,98,99]
CFO=-983.1968375478536,STO=6
EsN0dB=14.23,GRXdB=10,N0=0.000630957365501672
packet_number=848,correct=True,payload=[0,1,2,3,4,5,6,7,8,9,10,11,12,13,14,15,16,17,18,19,20,21,22,23,24,25,26,27,28,29,30,31,32,33,34,35,36,37,38,39,40,41,42,43,44,45,46,47,48,49,50,51,52,53,54,55,56,57,58,59,60,61,62,63,64,65,66,67,68,69,70,71,72,73,74,75,76,77,78,79,80,81,82,83,84,85,86,87,88,89,90,91,92,93,94,95,96,97,98,99]
CFO=-1020.2258306434968,STO=1
EsN0dB=14.24,GRXdB=10,N0=0.000630957365501672
packet_number=849,correct=False,payload=[0,0,1,3,6,5,6,3,8,9,11,13,12,4,14,7,144,17,146,17,22,28,30,23,24,25,142,11,156,28,14,31,32,33,33,35,36,21,38,51,172,41,42,41,36,47,62,47,48,17,27,49,52,53,179,63,184,57,58,59,62,63,62,63,160,97,98,3,70,101,66,71,72,73,202,75,76,103,110,111,80,73,178,83,32,85,126,87,28,76,88,123,124,31,94,95,32,49,96,99]
CFO=-984.4199868757821,STO=4
EsN0dB=14.30,GRXdB=10,N0=0.000630957365501672
packet_number=850,correct=True,payload=[0,1,2,3,4,5,6,7,8,9,10,11,12,13,14,15,16,17,18,19,20,21,22,23,24,25,26,27,28,29,30,31,32,33,34,35,36,37,38,39,40,41,42,43,44,45,46,47,48,49,50,51,52,53,54,55,56,57,58,59,60,61,62,63,64,65,66,67,68,69,70,71,72,73,74,75,76,77,78,79,80,81,82,83,84,85,86,87,88,89,90,91,92,93,94,95,96,97,98,99]
CFO=-1103.1523905852218,STO=4
EsN0dB=14.33,GRXdB=10,N0=0.000630957365501672
packet_number=851,correct=True,payload=[0,1,2,3,4,5,6,7,8,9,10,11,12,13,14,15,16,17,18,19,20,21,22,23,24,25,26,27,28,29,30,31,32,33,34,35,36,37,38,39,40,41,42,43,44,45,46,47,48,49,50,51,52,53,54,55,56,57,58,59,60,61,62,63,64,65,66,67,68,69,70,71,72,73,74,75,76,77,78,79,80,81,82,83,84,85,86,87,88,89,90,91,92,93,94,95,96,97,98,99]
CFO=-870.3586143588868,STO=3
EsN0dB=14.24,GRXdB=10,N0=0.000630957365501672
packet_number=852,correct=True,payload=[0,1,2,3,4,5,6,7,8,9,10,11,12,13,14,15,16,17,18,19,20,21,22,23,24,25,26,27,28,29,30,31,32,33,34,35,36,37,38,39,40,41,42,43,44,45,46,47,48,49,50,51,52,53,54,55,56,57,58,59,60,61,62,63,64,65,66,67,68,69,70,71,72,73,74,75,76,77,78,79,80,81,82,83,84,85,86,87,88,89,90,91,92,93,94,95,96,97,98,99]
CFO=-905.7483027638905,STO=5
EsN0dB=14.29,GRXdB=10,N0=0.000630957365501672
packet_number=853,correct=True,payload=[0,1,2,3,4,5,6,7,8,9,10,11,12,13,14,15,16,17,18,19,20,21,22,23,24,25,26,27,28,29,30,31,32,33,34,35,36,37,38,39,40,41,42,43,44,45,46,47,48,49,50,51,52,53,54,55,56,57,58,59,60,61,62,63,64,65,66,67,68,69,70,71,72,73,74,75,76,77,78,79,80,81,82,83,84,85,86,87,88,89,90,91,92,93,94,95,96,97,98,99]
CFO=-1108.716267426301,STO=1
EsN0dB=14.16,GRXdB=10,N0=0.000630957365501672
packet_number=854,correct=False,payload=[0,1,2,3,6,5,6,7,12,13,10,11,12,5,14,15,16,17,18,19,20,21,22,23,24,25,24,11,156,29,30,31,32,33,178,35,36,37,38,39,40,41,58,43,44,45,46,47,56,49,58,51,52,53,54,63,56,57,58,59,60,61,191,63,192,65,194,67,68,71,70,71,104,73,10,75,76,77,78,79,80,81,82,83,84,85,86,87,88,89,90,91,92,93,62,95,96,97,34,99]
CFO=-1139.0947195566637,STO=4
EsN0dB=14.22,GRXdB=10,N0=0.000630957365501672
packet_number=855,correct=True,payload=[0,1,2,3,4,5,6,7,8,9,10,11,12,13,14,15,16,17,18,19,20,21,22,23,24,25,26,27,28,29,30,31,32,33,34,35,36,37,38,39,40,41,42,43,44,45,46,47,48,49,50,51,52,53,54,55,56,57,58,59,60,61,62,63,64,65,66,67,68,69,70,71,72,73,74,75,76,77,78,79,80,81,82,83,84,85,86,87,88,89,90,91,92,93,94,95,96,97,98,99]
CFO=-1046.0253286974698,STO=1
EsN0dB=14.31,GRXdB=10,N0=0.000630957365501672
packet_number=856,correct=False,payload=[0,1,1,3,0,1,135,3,140,1,136,11,4,6,142,15,8,9,11,17,138,15,146,31,140,24,14,31,140,31,15,31,48,1,162,33,38,53,130,51,48,57,19,7,132,30,134,63,184,56,18,49,180,29,183,55,152,29,187,31,60,63,190,63,32,64,1,97,2,96,130,103,104,12,71,37,38,5,198,7,96,65,64,89,102,63,82,71,72,8,127,79,126,124,95,95,112,113,162,115]
CFO=-1006.6577072891357,STO=1
EsN0dB=14.22,GRXdB=10,N0=0.000630957365501672
packet_number=857,correct=False,payload=[0,1,130,3,4,5,7,7,8,9,2,11,12,12,14,7,16,17,18,19,20,16,22,23,152,25,26,27,28,29,30,31,48,32,34,35,36,37,166,39,8,41,42,43,44,37,47,47,48,49,50,51,48,53,54,63,184,57,58,59,60,61,62,63,64,65,66,67,68,69,70,71,72,65,78,75,76,77,70,79,80,81,80,83,84,85,86,83,88,89,90,91,92,93,94,95,96,97,98,99]
CFO=-1152.935576159133,STO=5
EsN0dB=14.28,GRXdB=10,N0=0.000630957365501672
packet_number=858,correct=True,payload=[0,1,2,3,4,5,6,7,8,9,10,11,12,13,14,15,16,17,18,19,20,21,22,23,24,25,26,27,28,29,30,31,32,33,34,35,36,37,38,39,40,41,42,43,44,45,46,47,48,49,50,51,52,53,54,55,56,57,58,59,60,61,62,63,64,65,66,67,68,69,70,71,72,73,74,75,76,77,78,79,80,81,82,83,84,85,86,87,88,89,90,91,92,93,94,95,96,97,98,99]
CFO=-1230.757399753985,STO=5
EsN0dB=14.26,GRXdB=10,N0=0.000630957365501672
packet_number=859,correct=True,payload=[0,1,2,3,4,5,6,7,8,9,10,11,12,13,14,15,16,17,18,19,20,21,22,23,24,25,26,27,28,29,30,31,32,33,34,35,36,37,38,39,40,41,42,43,44,45,46,47,48,49,50,51,52,53,54,55,56,57,58,59,60,61,62,63,64,65,66,67,68,69,70,71,72,73,74,75,76,77,78,79,80,81,82,83,84,85,86,87,88,89,90,91,92,93,94,95,96,97,98,99]
CFO=-995.993481549088,STO=4
EsN0dB=14.25,GRXdB=10,N0=0.000630957365501672
packet_number=860,correct=True,payload=[0,1,2,3,4,5,6,7,8,9,10,11,12,13,14,15,16,17,18,19,20,21,22,23,24,25,26,27,28,29,30,31,32,33,34,35,36,37,38,39,40,41,42,43,44,45,46,47,48,49,50,51,52,53,54,55,56,57,58,59,60,61,62,63,64,65,66,67,68,69,70,71,72,73,74,75,76,77,78,79,80,81,82,83,84,85,86,87,88,89,90,91,92,93,94,95,96,97,98,99]
CFO=-1011.7750130813563,STO=4
EsN0dB=14.19,GRXdB=10,N0=0.000630957365501672
packet_number=861,correct=True,payload=[0,1,2,3,4,5,6,7,8,9,10,11,12,13,14,15,16,17,18,19,20,21,22,23,24,25,26,27,28,29,30,31,32,33,34,35,36,37,38,39,40,41,42,43,44,45,46,47,48,49,50,51,52,53,54,55,56,57,58,59,60,61,62,63,64,65,66,67,68,69,70,71,72,73,74,75,76,77,78,79,80,81,82,83,84,85,86,87,88,89,90,91,92,93,94,95,96,97,98,99]
CFO=-1029.7943802041884,STO=3
EsN0dB=14.29,GRXdB=10,N0=0.000630957365501672
packet_number=862,correct=True,payload=[0,1,2,3,4,5,6,7,8,9,10,11,12,13,14,15,16,17,18,19,20,21,22,23,24,25,26,27,28,29,30,31,32,33,34,35,36,37,38,39,40,41,42,43,44,45,46,47,48,49,50,51,52,53,54,55,56,57,58,59,60,61,62,63,64,65,66,67,68,69,70,71,72,73,74,75,76,77,78,79,80,81,82,83,84,85,86,87,88,89,90,91,92,93,94,95,96,97,98,99]
CFO=-1043.8291145721607,STO=4
EsN0dB=14.32,GRXdB=10,N0=0.000630957365501672
packet_number=863,correct=True,payload=[0,1,2,3,4,5,6,7,8,9,10,11,12,13,14,15,16,17,18,19,20,21,22,23,24,25,26,27,28,29,30,31,32,33,34,35,36,37,38,39,40,41,42,43,44,45,46,47,48,49,50,51,52,53,54,55,56,57,58,59,60,61,62,63,64,65,66,67,68,69,70,71,72,73,74,75,76,77,78,79,80,81,82,83,84,85,86,87,88,89,90,91,92,93,94,95,96,97,98,99]
CFO=-1143.75181763762,STO=5
EsN0dB=14.24,GRXdB=10,N0=0.000630957365501672
packet_number=864,correct=True,payload=[0,1,2,3,4,5,6,7,8,9,10,11,12,13,14,15,16,17,18,19,20,21,22,23,24,25,26,27,28,29,30,31,32,33,34,35,36,37,38,39,40,41,42,43,44,45,46,47,48,49,50,51,52,53,54,55,56,57,58,59,60,61,62,63,64,65,66,67,68,69,70,71,72,73,74,75,76,77,78,79,80,81,82,83,84,85,86,87,88,89,90,91,92,93,94,95,96,97,98,99]
CFO=-1078.3015299159729,STO=4
EsN0dB=14.27,GRXdB=10,N0=0.000630957365501672
packet_number=865,correct=True,payload=[0,1,2,3,4,5,6,7,8,9,10,11,12,13,14,15,16,17,18,19,20,21,22,23,24,25,26,27,28,29,30,31,32,33,34,35,36,37,38,39,40,41,42,43,44,45,46,47,48,49,50,51,52,53,54,55,56,57,58,59,60,61,62,63,64,65,66,67,68,69,70,71,72,73,74,75,76,77,78,79,80,81,82,83,84,85,86,87,88,89,90,91,92,93,94,95,96,97,98,99]
CFO=-923.8895697906597,STO=3
EsN0dB=14.26,GRXdB=10,N0=0.000630957365501672
packet_number=866,correct=True,payload=[0,1,2,3,4,5,6,7,8,9,10,11,12,13,14,15,16,17,18,19,20,21,22,23,24,25,26,27,28,29,30,31,32,33,34,35,36,37,38,39,40,41,42,43,44,45,46,47,48,49,50,51,52,53,54,55,56,57,58,59,60,61,62,63,64,65,66,67,68,69,70,71,72,73,74,75,76,77,78,79,80,81,82,83,84,85,86,87,88,89,90,91,92,93,94,95,96,97,98,99]
CFO=-967.2201831635149,STO=5
EsN0dB=14.29,GRXdB=10,N0=0.000630957365501672
packet_number=867,correct=True,payload=[0,1,2,3,4,5,6,7,8,9,10,11,12,13,14,15,16,17,18,19,20,21,22,23,24,25,26,27,28,29,30,31,32,33,34,35,36,37,38,39,40,41,42,43,44,45,46,47,48,49,50,51,52,53,54,55,56,57,58,59,60,61,62,63,64,65,66,67,68,69,70,71,72,73,74,75,76,77,78,79,80,81,82,83,84,85,86,87,88,89,90,91,92,93,94,95,96,97,98,99]
CFO=-932.7792507229083,STO=4
EsN0dB=14.27,GRXdB=10,N0=0.000630957365501672
packet_number=868,correct=True,payload=[0,1,2,3,4,5,6,7,8,9,10,11,12,13,14,15,16,17,18,19,20,21,22,23,24,25,26,27,28,29,30,31,32,33,34,35,36,37,38,39,40,41,42,43,44,45,46,47,48,49,50,51,52,53,54,55,56,57,58,59,60,61,62,63,64,65,66,67,68,69,70,71,72,73,74,75,76,77,78,79,80,81,82,83,84,85,86,87,88,89,90,91,92,93,94,95,96,97,98,99]
CFO=-1128.85655058203,STO=7
EsN0dB=14.26,GRXdB=10,N0=0.000630957365501672
packet_number=869,correct=True,payload=[0,1,2,3,4,5,6,7,8,9,10,11,12,13,14,15,16,17,18,19,20,21,22,23,24,25,26,27,28,29,30,31,32,33,34,35,36,37,38,39,40,41,42,43,44,45,46,47,48,49,50,51,52,53,54,55,56,57,58,59,60,61,62,63,64,65,66,67,68,69,70,71,72,73,74,75,76,77,78,79,80,81,82,83,84,85,86,87,88,89,90,91,92,93,94,95,96,97,98,99]
CFO=-993.1613839268309,STO=5
EsN0dB=14.23,GRXdB=10,N0=0.000630957365501672
packet_number=870,correct=True,payload=[0,1,2,3,4,5,6,7,8,9,10,11,12,13,14,15,16,17,18,19,20,21,22,23,24,25,26,27,28,29,30,31,32,33,34,35,36,37,38,39,40,41,42,43,44,45,46,47,48,49,50,51,52,53,54,55,56,57,58,59,60,61,62,63,64,65,66,67,68,69,70,71,72,73,74,75,76,77,78,79,80,81,82,83,84,85,86,87,88,89,90,91,92,93,94,95,96,97,98,99]
CFO=-949.9936397349657,STO=4
EsN0dB=14.31,GRXdB=10,N0=0.000630957365501672
packet_number=871,correct=True,payload=[0,1,2,3,4,5,6,7,8,9,10,11,12,13,14,15,16,17,18,19,20,21,22,23,24,25,26,27,28,29,30,31,32,33,34,35,36,37,38,39,40,41,42,43,44,45,46,47,48,49,50,51,52,53,54,55,56,57,58,59,60,61,62,63,64,65,66,67,68,69,70,71,72,73,74,75,76,77,78,79,80,81,82,83,84,85,86,87,88,89,90,91,92,93,94,95,96,97,98,99]
CFO=-905.2338448521873,STO=6
EsN0dB=14.27,GRXdB=10,N0=0.000630957365501672
packet_number=872,correct=True,payload=[0,1,2,3,4,5,6,7,8,9,10,11,12,13,14,15,16,17,18,19,20,21,22,23,24,25,26,27,28,29,30,31,32,33,34,35,36,37,38,39,40,41,42,43,44,45,46,47,48,49,50,51,52,53,54,55,56,57,58,59,60,61,62,63,64,65,66,67,68,69,70,71,72,73,74,75,76,77,78,79,80,81,82,83,84,85,86,87,88,89,90,91,92,93,94,95,96,97,98,99]
CFO=-1218.3796977377795,STO=5
EsN0dB=14.23,GRXdB=10,N0=0.000630957365501672
packet_number=873,correct=True,payload=[0,1,2,3,4,5,6,7,8,9,10,11,12,13,14,15,16,17,18,19,20,21,22,23,24,25,26,27,28,29,30,31,32,33,34,35,36,37,38,39,40,41,42,43,44,45,46,47,48,49,50,51,52,53,54,55,56,57,58,59,60,61,62,63,64,65,66,67,68,69,70,71,72,73,74,75,76,77,78,79,80,81,82,83,84,85,86,87,88,89,90,91,92,93,94,95,96,97,98,99]
CFO=-1115.3372820529821,STO=7
EsN0dB=14.20,GRXdB=10,N0=0.000630957365501672
packet_number=874,correct=False,payload=[0,1,2,3,4,5,6,7,8,9,10,11,12,13,14,15,16,17,18,19,20,21,22,23,24,25,26,27,28,29,30,31,32,33,34,35,36,37,38,39,40,41,42,43,44,45,46,47,48,51,50,51,52,53,54,55,56,57,58,59,60,61,62,63,64,65,66,67,68,69,70,71,72,73,74,75,76,77,78,79,80,81,82,83,84,85,86,87,88,89,90,91,92,93,94,95,96,97,98,99]
CFO=-936.7605039570852,STO=4
EsN0dB=14.33,GRXdB=10,N0=0.000630957365501672
packet_number=875,correct=True,payload=[0,1,2,3,4,5,6,7,8,9,10,11,12,13,14,15,16,17,18,19,20,21,22,23,24,25,26,27,28,29,30,31,32,33,34,35,36,37,38,39,40,41,42,43,44,45,46,47,48,49,50,51,52,53,54,55,56,57,58,59,60,61,62,63,64,65,66,67,68,69,70,71,72,73,74,75,76,77,78,79,80,81,82,83,84,85,86,87,88,89,90,91,92,93,94,95,96,97,98,99]
CFO=-1057.8307652113406,STO=1
EsN0dB=14.27,GRXdB=10,N0=0.000630957365501672
packet_number=876,correct=False,payload=[0,1,2,3,128,7,134,7,128,9,138,1,14,15,7,15,16,25,1,3,148,17,6,23,8,25,26,9,156,29,30,31,32,33,2,35,36,36,38,35,56,8,10,35,46,45,46,39,16,57,48,19,16,55,54,55,56,57,58,31,62,29,63,31,192,65,66,65,68,4,71,71,232,105,202,73,76,68,207,79,88,8,242,83,94,57,94,71,72,25,75,95,46,93,126,95,48,97,161,115]
CFO=-1142.5174032407479,STO=4
EsN0dB=14.23,GRXdB=10,N0=0.000630957365501672
packet_number=877,correct=True,payload=[0,1,2,3,4,5,6,7,8,9,10,11,12,13,14,15,16,17,18,19,20,21,22,23,24,25,26,27,28,29,30,31,32,33,34,35,36,37,38,39,40,41,42,43,44,45,46,47,48,49,50,51,52,53,54,55,56,57,58,59,60,61,62,63,64,65,66,67,68,69,70,71,72,73,74,75,76,77,78,79,80,81,82,83,84,85,86,87,88,89,90,91,92,93,94,95,96,97,98,99]
CFO=-977.9806363082756,STO=2
EsN0dB=14.26,GRXdB=10,N0=0.000630957365501672
packet_number=878,correct=True,payload=[0,1,2,3,4,5,6,7,8,9,10,11,12,13,14,15,16,17,18,19,20,21,22,23,24,25,26,27,28,29,30,31,32,33,34,35,36,37,38,39,40,41,42,43,44,45,46,47,48,49,50,51,52,53,54,55,56,57,58,59,60,61,62,63,64,65,66,67,68,69,70,71,72,73,74,75,76,77,78,79,80,81,82,83,84,85,86,87,88,89,90,91,92,93,94,95,96,97,98,99]
CFO=-969.6479241005331,STO=2
EsN0dB=14.29,GRXdB=10,N0=0.000630957365501672
packet_number=879,correct=False,payload=[0,1,2,3,4,5,6,7,8,9,10,11,12,13,14,15,16,17,2,19,20,21,22,23,24,25,26,27,28,29,30,31,32,33,34,35,36,37,38,39,40,41,42,43,44,45,46,47,48,49,50,51,52,53,54,55,56,57,58,59,60,61,62,63,64,65,66,67,68,69,70,71,72,73,74,75,76,77,78,79,80,81,82,83,84,85,86,87,88,89,90,91,92,93,94,95,96,97,98,99]
CFO=-981.4915432691391,STO=4
EsN0dB=14.28,GRXdB=10,N0=0.000630957365501672
packet_number=880,correct=True,payload=[0,1,2,3,4,5,6,7,8,9,10,11,12,13,14,15,16,17,18,19,20,21,22,23,24,25,26,27,28,29,30,31,32,33,34,35,36,37,38,39,40,41,42,43,44,45,46,47,48,49,50,51,52,53,54,55,56,57,58,59,60,61,62,63,64,65,66,67,68,69,70,71,72,73,74,75,76,77,78,79,80,81,82,83,84,85,86,87,88,89,90,91,92,93,94,95,96,97,98,99]
CFO=-1156.8170445984042,STO=5
EsN0dB=14.24,GRXdB=10,N0=0.000630957365501672
packet_number=881,correct=True,payload=[0,1,2,3,4,5,6,7,8,9,10,11,12,13,14,15,16,17,18,19,20,21,22,23,24,25,26,27,28,29,30,31,32,33,34,35,36,37,38,39,40,41,42,43,44,45,46,47,48,49,50,51,52,53,54,55,56,57,58,59,60,61,62,63,64,65,66,67,68,69,70,71,72,73,74,75,76,77,78,79,80,81,82,83,84,85,86,87,88,89,90,91,92,93,94,95,96,97,98,99]
CFO=-901.8026234316407,STO=5
EsN0dB=14.28,GRXdB=10,N0=0.000630957365501672
packet_number=882,correct=True,payload=[0,1,2,3,4,5,6,7,8,9,10,11,12,13,14,15,16,17,18,19,20,21,22,23,24,25,26,27,28,29,30,31,32,33,34,35,36,37,38,39,40,41,42,43,44,45,46,47,48,49,50,51,52,53,54,55,56,57,58,59,60,61,62,63,64,65,66,67,68,69,70,71,72,73,74,75,76,77,78,79,80,81,82,83,84,85,86,87,88,89,90,91,92,93,94,95,96,97,98,99]
CFO=-1033.2566694990849,STO=5
EsN0dB=14.28,GRXdB=10,N0=0.000630957365501672
packet_number=883,correct=True,payload=[0,1,2,3,4,5,6,7,8,9,10,11,12,13,14,15,16,17,18,19,20,21,22,23,24,25,26,27,28,29,30,31,32,33,34,35,36,37,38,39,40,41,42,43,44,45,46,47,48,49,50,51,52,53,54,55,56,57,58,59,60,61,62,63,64,65,66,67,68,69,70,71,72,73,74,75,76,77,78,79,80,81,82,83,84,85,86,87,88,89,90,91,92,93,94,95,96,97,98,99]
CFO=-1008.3762824912363,STO=6
EsN0dB=14.18,GRXdB=10,N0=0.000630957365501672
packet_number=884,correct=True,payload=[0,1,2,3,4,5,6,7,8,9,10,11,12,13,14,15,16,17,18,19,20,21,22,23,24,25,26,27,28,29,30,31,32,33,34,35,36,37,38,39,40,41,42,43,44,45,46,47,48,49,50,51,52,53,54,55,56,57,58,59,60,61,62,63,64,65,66,67,68,69,70,71,72,73,74,75,76,77,78,79,80,81,82,83,84,85,86,87,88,89,90,91,92,93,94,95,96,97,98,99]
CFO=-1029.3867032881033,STO=2
EsN0dB=14.26,GRXdB=10,N0=0.000630957365501672
packet_number=885,correct=False,payload=[0,1,2,3,6,3,6,7,8,1,10,11,12,13,14,15,16,17,2,19,20,21,22,23,24,25,26,27,156,29,30,31,32,33,34,35,52,37,38,39,40,40,42,43,44,45,62,47,48,49,50,51,52,53,54,55,56,57,184,59,60,61,62,63,64,65,66,67,68,69,70,71,72,64,78,75,76,77,78,79,80,81,82,83,84,85,86,71,88,89,90,91,92,93,94,79,96,97,35,99]
CFO=-936.7388038769096,STO=1
EsN0dB=14.22,GRXdB=10,N0=0.000630957365501672
packet_number=886,correct=False,payload=[0,1,2,3,4,5,6,7,8,9,10,11,12,13,14,15,16,17,18,19,20,21,22,23,24,25,26,27,28,29,30,31,32,33,34,35,36,37,38,39,40,41,42,43,44,45,46,47,48,49,50,51,52,21,54,55,56,57,58,59,60,61,62,63,64,65,66,65,68,71,71,71,72,73,74,75,76,77,78,79,80,81,82,83,84,85,86,87,88,88,94,91,76,93,94,95,96,97,34,99]
CFO=-952.0878160515804,STO=3
EsN0dB=14.19,GRXdB=10,N0=0.000630957365501672
packet_number=887,correct=True,payload=[0,1,2,3,4,5,6,7,8,9,10,11,12,13,14,15,16,17,18,19,20,21,22,23,24,25,26,27,28,29,30,31,32,33,34,35,36,37,38,39,40,41,42,43,44,45,46,47,48,49,50,51,52,53,54,55,56,57,58,59,60,61,62,63,64,65,66,67,68,69,70,71,72,73,74,75,76,77,78,79,80,81,82,83,84,85,86,87,88,89,90,91,92,93,94,95,96,97,98,99]
CFO=-921.1303393775169,STO=4
EsN0dB=14.28,GRXdB=10,N0=0.000630957365501672
packet_number=888,correct=True,payload=[0,1,2,3,4,5,6,7,8,9,10,11,12,13,14,15,16,17,18,19,20,21,22,23,24,25,26,27,28,29,30,31,32,33,34,35,36,37,38,39,40,41,42,43,44,45,46,47,48,49,50,51,52,53,54,55,56,57,58,59,60,61,62,63,64,65,66,67,68,69,70,71,72,73,74,75,76,77,78,79,80,81,82,83,84,85,86,87,88,89,90,91,92,93,94,95,96,97,98,99]
CFO=-1064.8427370202012,STO=3
EsN0dB=14.18,GRXdB=10,N0=0.000630957365501672
packet_number=889,correct=True,payload=[0,1,2,3,4,5,6,7,8,9,10,11,12,13,14,15,16,17,18,19,20,21,22,23,24,25,26,27,28,29,30,31,32,33,34,35,36,37,38,39,40,41,42,43,44,45,46,47,48,49,50,51,52,53,54,55,56,57,58,59,60,61,62,63,64,65,66,67,68,69,70,71,72,73,74,75,76,77,78,79,80,81,82,83,84,85,86,87,88,89,90,91,92,93,94,95,96,97,98,99]
CFO=-1090.6625121982727,STO=4
EsN0dB=14.24,GRXdB=10,N0=0.000630957365501672
packet_number=890,correct=True,payload=[0,1,2,3,4,5,6,7,8,9,10,11,12,13,14,15,16,17,18,19,20,21,22,23,24,25,26,27,28,29,30,31,32,33,34,35,36,37,38,39,40,41,42,43,44,45,46,47,48,49,50,51,52,53,54,55,56,57,58,59,60,61,62,63,64,65,66,67,68,69,70,71,72,73,74,75,76,77,78,79,80,81,82,83,84,85,86,87,88,89,90,91,92,93,94,95,96,97,98,99]
CFO=-974.8217923968178,STO=6
EsN0dB=14.27,GRXdB=10,N0=0.000630957365501672
packet_number=891,correct=True,payload=[0,1,2,3,4,5,6,7,8,9,10,11,12,13,14,15,16,17,18,19,20,21,22,23,24,25,26,27,28,29,30,31,32,33,34,35,36,37,38,39,40,41,42,43,44,45,46,47,48,49,50,51,52,53,54,55,56,57,58,59,60,61,62,63,64,65,66,67,68,69,70,71,72,73,74,75,76,77,78,79,80,81,82,83,84,85,86,87,88,89,90,91,92,93,94,95,96,97,98,99]
CFO=-1146.3689896024005,STO=4
EsN0dB=14.27,GRXdB=10,N0=0.000630957365501672
packet_number=892,correct=True,payload=[0,1,2,3,4,5,6,7,8,9,10,11,12,13,14,15,16,17,18,19,20,21,22,23,24,25,26,27,28,29,30,31,32,33,34,35,36,37,38,39,40,41,42,43,44,45,46,47,48,49,50,51,52,53,54,55,56,57,58,59,60,61,62,63,64,65,66,67,68,69,70,71,72,73,74,75,76,77,78,79,80,81,82,83,84,85,86,87,88,89,90,91,92,93,94,95,96,97,98,99]
CFO=-1068.145536654791,STO=5
EsN0dB=14.25,GRXdB=10,N0=0.000630957365501672
packet_number=893,correct=True,payload=[0,1,2,3,4,5,6,7,8,9,10,11,12,13,14,15,16,17,18,19,20,21,22,23,24,25,26,27,28,29,30,31,32,33,34,35,36,37,38,39,40,41,42,43,44,45,46,47,48,49,50,51,52,53,54,55,56,57,58,59,60,61,62,63,64,65,66,67,68,69,70,71,72,73,74,75,76,77,78,79,80,81,82,83,84,85,86,87,88,89,90,91,92,93,94,95,96,97,98,99]
CFO=-944.2648185686174,STO=7
EsN0dB=14.29,GRXdB=10,N0=0.000630957365501672
packet_number=894,correct=True,payload=[0,1,2,3,4,5,6,7,8,9,10,11,12,13,14,15,16,17,18,19,20,21,22,23,24,25,26,27,28,29,30,31,32,33,34,35,36,37,38,39,40,41,42,43,44,45,46,47,48,49,50,51,52,53,54,55,56,57,58,59,60,61,62,63,64,65,66,67,68,69,70,71,72,73,74,75,76,77,78,79,80,81,82,83,84,85,86,87,88,89,90,91,92,93,94,95,96,97,98,99]
CFO=-909.352946956332,STO=4
EsN0dB=14.28,GRXdB=10,N0=0.000630957365501672
packet_number=895,correct=True,payload=[0,1,2,3,4,5,6,7,8,9,10,11,12,13,14,15,16,17,18,19,20,21,22,23,24,25,26,27,28,29,30,31,32,33,34,35,36,37,38,39,40,41,42,43,44,45,46,47,48,49,50,51,52,53,54,55,56,57,58,59,60,61,62,63,64,65,66,67,68,69,70,71,72,73,74,75,76,77,78,79,80,81,82,83,84,85,86,87,88,89,90,91,92,93,94,95,96,97,98,99]
CFO=-910.4792166913455,STO=4
EsN0dB=14.23,GRXdB=10,N0=0.000630957365501672
packet_number=896,correct=True,payload=[0,1,2,3,4,5,6,7,8,9,10,11,12,13,14,15,16,17,18,19,20,21,22,23,24,25,26,27,28,29,30,31,32,33,34,35,36,37,38,39,40,41,42,43,44,45,46,47,48,49,50,51,52,53,54,55,56,57,58,59,60,61,62,63,64,65,66,67,68,69,70,71,72,73,74,75,76,77,78,79,80,81,82,83,84,85,86,87,88,89,90,91,92,93,94,95,96,97,98,99]
CFO=-1056.4735022731468,STO=5
EsN0dB=14.27,GRXdB=10,N0=0.000630957365501672
packet_number=897,correct=True,payload=[0,1,2,3,4,5,6,7,8,9,10,11,12,13,14,15,16,17,18,19,20,21,22,23,24,25,26,27,28,29,30,31,32,33,34,35,36,37,38,39,40,41,42,43,44,45,46,47,48,49,50,51,52,53,54,55,56,57,58,59,60,61,62,63,64,65,66,67,68,69,70,71,72,73,74,75,76,77,78,79,80,81,82,83,84,85,86,87,88,89,90,91,92,93,94,95,96,97,98,99]
CFO=-1023.6754319133726,STO=4
EsN0dB=14.18,GRXdB=10,N0=0.000630957365501672
packet_number=898,correct=True,payload=[0,1,2,3,4,5,6,7,8,9,10,11,12,13,14,15,16,17,18,19,20,21,22,23,24,25,26,27,28,29,30,31,32,33,34,35,36,37,38,39,40,41,42,43,44,45,46,47,48,49,50,51,52,53,54,55,56,57,58,59,60,61,62,63,64,65,66,67,68,69,70,71,72,73,74,75,76,77,78,79,80,81,82,83,84,85,86,87,88,89,90,91,92,93,94,95,96,97,98,99]
CFO=-971.251477019736,STO=2
EsN0dB=14.29,GRXdB=10,N0=0.000630957365501672
packet_number=899,correct=False,payload=[0,1,2,3,4,5,6,7,8,9,10,11,12,13,14,15,16,17,18,19,20,21,22,23,24,25,26,27,28,28,30,31,32,33,34,35,36,53,38,39,40,41,42,43,60,45,46,47,48,49,50,51,52,53,54,55,56,57,58,59,60,61,62,63,64,65,66,67,68,69,70,71,72,73,74,75,76,77,78,79,80,81,82,83,84,85,86,87,88,89,90,91,92,93,94,95,96,97,98,99]
CFO=-1027.0685892588572,STO=5
EsN0dB=14.26,GRXdB=10,N0=0.000630957365501672
packet_number=900,correct=True,payload=[0,1,2,3,4,5,6,7,8,9,10,11,12,13,14,15,16,17,18,19,20,21,22,23,24,25,26,27,28,29,30,31,32,33,34,35,36,37,38,39,40,41,42,43,44,45,46,47,48,49,50,51,52,53,54,55,56,57,58,59,60,61,62,63,64,65,66,67,68,69,70,71,72,73,74,75,76,77,78,79,80,81,82,83,84,85,86,87,88,89,90,91,92,93,94,95,96,97,98,99]
CFO=-967.6189073142816,STO=4
EsN0dB=13.21,GRXdB=10,N0=0.0007943282253108919
packet_number=901,correct=True,payload=[0,1,2,3,4,5,6,7,8,9,10,11,12,13,14,15,16,17,18,19,20,21,22,23,24,25,26,27,28,29,30,31,32,33,34,35,36,37,38,39,40,41,42,43,44,45,46,47,48,49,50,51,52,53,54,55,56,57,58,59,60,61,62,63,64,65,66,67,68,69,70,71,72,73,74,75,76,77,78,79,80,81,82,83,84,85,86,87,88,89,90,91,92,93,94,95,96,97,98,99]
CFO=-944.5144287804729,STO=0
EsN0dB=13.28,GRXdB=10,N0=0.0007943282253108919
packet_number=902,correct=False,payload=[0,3,6,3,4,5,6,7,8,1,10,11,12,13,14,15,16,17,2,19,20,21,6,23,24,25,26,27,24,61,30,30,32,33,34,7,36,37,38,39,104,40,42,43,44,45,46,47,48,49,50,115,52,53,54,55,56,57,58,59,60,61,62,63,64,65,66,67,68,197,70,71,72,72,72,75,76,77,78,79,112,81,114,83,84,84,86,23,88,89,26,91,92,93,94,95,96,99,102,99]
CFO=-970.7846288467787,STO=1
EsN0dB=13.13,GRXdB=10,N0=0.0007943282253108919
packet_number=903,correct=False,payload=[0,1,2,3,4,5,6,7,8,13,142,11,12,5,14,7,144,25,10,27,14,23,19,19,24,24,27,27,28,28,158,31,32,33,2,3,36,39,6,23,40,9,162,27,4,13,46,39,16,49,19,57,20,53,178,23,24,25,186,59,60,31,30,63,32,65,2,35,64,69,71,71,200,109,43,73,102,77,78,79,80,81,74,123,224,69,87,87,88,89,75,31,30,28,78,31,96,97,96,35]
CFO=-879.4788141756233,STO=0
EsN0dB=13.27,GRXdB=10,N0=0.0007943282253108919
packet_number=904,correct=False,payload=[0,1,4,7,4,1,4,15,0,9,2,2,12,13,14,31,32,48,0,3,0,54,4,15,24,18,62,27,28,29,30,30,32,33,34,98,36,13,38,7,16,41,18,79,12,105,62,46,112,32,114,119,36,59,118,119,56,58,56,59,60,125,62,63,64,2,198,2,72,71,76,71,8,90,76,194,28,13,14,222,208,3,100,67,80,5,100,167,184,120,122,151,120,218,222,223,64,97,96,227]
CFO=-807.0081354883262,STO=4
EsN0dB=13.30,GRXdB=10,N0=0.0007943282253108919
packet_number=905,correct=True,payload=[0,1,2,3,4,5,6,7,8,9,10,11,12,13,14,15,16,17,18,19,20,21,22,23,24,25,26,27,28,29,30,31,32,33,34,35,36,37,38,39,40,41,42,43,44,45,46,47,48,49,50,51,52,53,54,55,56,57,58,59,60,61,62,63,64,65,66,67,68,69,70,71,72,73,74,75,76,77,78,79,80,81,82,83,84,85,86,87,88,89,90,91,92,93,94,95,96,97,98,99]
CFO=-975.8738312564767,STO=6
EsN0dB=13.21,GRXdB=10,N0=0.0007943282253108919
packet_number=906,correct=True,payload=[0,1,2,3,4,5,6,7,8,9,10,11,12,13,14,15,16,17,18,19,20,21,22,23,24,25,26,27,28,29,30,31,32,33,34,35,36,37,38,39,40,41,42,43,44,45,46,47,48,49,50,51,52,53,54,55,56,57,58,59,60,61,62,63,64,65,66,67,68,69,70,71,72,73,74,75,76,77,78,79,80,81,82,83,84,85,86,87,88,89,90,91,92,93,94,95,96,97,98,99]
CFO=-912.8273313778836,STO=4
EsN0dB=13.27,GRXdB=10,N0=0.0007943282253108919
packet_number=907,correct=True,payload=[0,1,2,3,4,5,6,7,8,9,10,11,12,13,14,15,16,17,18,19,20,21,22,23,24,25,26,27,28,29,30,31,32,33,34,35,36,37,38,39,40,41,42,43,44,45,46,47,48,49,50,51,52,53,54,55,56,57,58,59,60,61,62,63,64,65,66,67,68,69,70,71,72,73,74,75,76,77,78,79,80,81,82,83,84,85,86,87,88,89,90,91,92,93,94,95,96,97,98,99]
CFO=-986.1507164943745,STO=3
EsN0dB=13.30,GRXdB=10,N0=0.0007943282253108919
packet_number=908,correct=True,payload=[0,1,2,3,4,5,6,7,8,9,10,11,12,13,14,15,16,17,18,19,20,21,22,23,24,25,26,27,28,29,30,31,32,33,34,35,36,37,38,39,40,41,42,43,44,45,46,47,48,49,50,51,52,53,54,55,56,57,58,59,60,61,62,63,64,65,66,67,68,69,70,71,72,73,74,75,76,77,78,79,80,81,82,83,84,85,86,87,88,89,90,91,92,93,94,95,96,97,98,99]
CFO=-1111.401029804743,STO=1
EsN0dB=13.26,GRXdB=10,N0=0.0007943282253108919
packet_number=909,correct=False,payload=[0,3,6,3,4,1,6,7,8,9,26,26,12,13,14,15,16,17,18,51,20,29,4,23,24,24,58,27,60,29,30,31,32,33,98,35,36,37,38,38,40,41,58,46,28,12,126,63,48,50,50,54,52,117,60,55,120,57,58,59,60,126,62,63,64,65,66,67,76,69,70,70,72,73,90,75,204,13,78,95,208,81,210,19,116,213,86,71,88,91,90,59,92,95,94,95,96,97,66,99]
CFO=-1191.2944402884862,STO=5
EsN0dB=13.33,GRXdB=10,N0=0.0007943282253108919
packet_number=910,correct=True,payload=[0,1,2,3,4,5,6,7,8,9,10,11,12,13,14,15,16,17,18,19,20,21,22,23,24,25,26,27,28,29,30,31,32,33,34,35,36,37,38,39,40,41,42,43,44,45,46,47,48,49,50,51,52,53,54,55,56,57,58,59,60,61,62,63,64,65,66,67,68,69,70,71,72,73,74,75,76,77,78,79,80,81,82,83,84,85,86,87,88,89,90,91,92,93,94,95,96,97,98,99]
CFO=-996.9122368561931,STO=5
EsN0dB=13.25,GRXdB=10,N0=0.0007943282253108919
packet_number=911,correct=True,payload=[0,1,2,3,4,5,6,7,8,9,10,11,12,13,14,15,16,17,18,19,20,21,22,23,24,25,26,27,28,29,30,31,32,33,34,35,36,37,38,39,40,41,42,43,44,45,46,47,48,49,50,51,52,53,54,55,56,57,58,59,60,61,62,63,64,65,66,67,68,69,70,71,72,73,74,75,76,77,78,79,80,81,82,83,84,85,86,87,88,89,90,91,92,93,94,95,96,97,98,99]
CFO=-888.079279285204,STO=4
EsN0dB=13.16,GRXdB=10,N0=0.0007943282253108919
packet_number=912,correct=True,payload=[0,1,2,3,4,5,6,7,8,9,10,11,12,13,14,15,16,17,18,19,20,21,22,23,24,25,26,27,28,29,30,31,32,33,34,35,36,37,38,39,40,41,42,43,44,45,46,47,48,49,50,51,52,53,54,55,56,57,58,59,60,61,62,63,64,65,66,67,68,69,70,71,72,73,74,75,76,77,78,79,80,81,82,83,84,85,86,87,88,89,90,91,92,93,94,95,96,97,98,99]
CFO=-953.2870715753812,STO=4
EsN0dB=13.26,GRXdB=10,N0=0.0007943282253108919
packet_number=913,correct=True,payload=[0,1,2,3,4,5,6,7,8,9,10,11,12,13,14,15,16,17,18,19,20,21,22,23,24,25,26,27,28,29,30,31,32,33,34,35,36,37,38,39,40,41,42,43,44,45,46,47,48,49,50,51,52,53,54,55,56,57,58,59,60,61,62,63,64,65,66,67,68,69,70,71,72,73,74,75,76,77,78,79,80,81,82,83,84,85,86,87,88,89,90,91,92,93,94,95,96,97,98,99]
CFO=-961.1324213267217,STO=5
EsN0dB=13.27,GRXdB=10,N0=0.0007943282253108919
packet_number=914,correct=True,payload=[0,1,2,3,4,5,6,7,8,9,10,11,12,13,14,15,16,17,18,19,20,21,22,23,24,25,26,27,28,29,30,31,32,33,34,35,36,37,38,39,40,41,42,43,44,45,46,47,48,49,50,51,52,53,54,55,56,57,58,59,60,61,62,63,64,65,66,67,68,69,70,71,72,73,74,75,76,77,78,79,80,81,82,83,84,85,86,87,88,89,90,91,92,93,94,95,96,97,98,99]
CFO=-1021.8107665540244,STO=2
EsN0dB=13.22,GRXdB=10,N0=0.0007943282253108919
packet_number=915,correct=False,payload=[0,1,2,3,4,5,6,7,8,9,10,11,12,13,14,15,16,17,18,19,20,21,22,23,24,25,26,27,28,29,30,31,32,33,34,35,36,37,38,39,40,41,42,43,44,45,38,47,48,49,50,51,52,53,54,55,56,57,58,59,60,61,62,63,64,65,66,67,68,69,70,71,72,73,74,75,76,77,78,79,80,81,82,83,84,85,86,87,88,89,90,91,92,93,94,95,96,97,98,99]
CFO=-1076.2530660633345,STO=4
EsN0dB=13.25,GRXdB=10,N0=0.0007943282253108919
packet_number=916,correct=True,payload=[0,1,2,3,4,5,6,7,8,9,10,11,12,13,14,15,16,17,18,19,20,21,22,23,24,25,26,27,28,29,30,31,32,33,34,35,36,37,38,39,40,41,42,43,44,45,46,47,48,49,50,51,52,53,54,55,56,57,58,59,60,61,62,63,64,65,66,67,68,69,70,71,72,73,74,75,76,77,78,79,80,81,82,83,84,85,86,87,88,89,90,91,92,93,94,95,96,97,98,99]
CFO=-995.8162049378176,STO=1
EsN0dB=13.31,GRXdB=10,N0=0.0007943282253108919
packet_number=917,correct=False,payload=[198,168,206,240,0,48,64,96,192,224,64,112,1,128,128,225,193,225,193,240,1,2,34,99,2,98,227,225,131,147,67,179,131,131,193,244,0,32,68,102,2,22,194,230,4,148,128,96,195,194,195,227,2,19,102,38,135,167,199,247,135,51,7,51,131,227,231,248,0,44,104,108,4,56,96,105,129,32,4,52,204,184,204,224,3,32,109,119,128,80,73,251,139,19,97,225,141,233,233,254]
CFO=-999.133115553505,STO=6
EsN0dB=13.18,GRXdB=10,N0=0.0007943282253108919
packet_number=918,correct=True,payload=[0,1,2,3,4,5,6,7,8,9,10,11,12,13,14,15,16,17,18,19,20,21,22,23,24,25,26,27,28,29,30,31,32,33,34,35,36,37,38,39,40,41,42,43,44,45,46,47,48,49,50,51,52,53,54,55,56,57,58,59,60,61,62,63,64,65,66,67,68,69,70,71,72,73,74,75,76,77,78,79,80,81,82,83,84,85,86,87,88,89,90,91,92,93,94,95,96,97,98,99]
CFO=-1159.901064736142,STO=0
EsN0dB=13.22,GRXdB=10,N0=0.0007943282253108919
packet_number=919,correct=False,payload=[0,1,2,3,4,5,6,7,8,9,10,15,12,13,14,15,16,17,18,19,20,21,22,23,24,25,26,27,28,29,30,31,32,33,34,35,38,37,38,39,40,41,42,43,60,45,46,47,48,49,50,51,52,53,54,55,56,57,58,59,60,61,62,63,64,65,66,67,68,69,70,71,72,73,74,75,76,77,78,79,80,81,82,83,84,85,86,87,88,89,90,91,92,93,94,95,96,97,98,99]
CFO=-1109.5609104377247,STO=5
EsN0dB=13.27,GRXdB=10,N0=0.0007943282253108919
packet_number=920,correct=True,payload=[0,1,2,3,4,5,6,7,8,9,10,11,12,13,14,15,16,17,18,19,20,21,22,23,24,25,26,27,28,29,30,31,32,33,34,35,36,37,38,39,40,41,42,43,44,45,46,47,48,49,50,51,52,53,54,55,56,57,58,59,60,61,62,63,64,65,66,67,68,69,70,71,72,73,74,75,76,77,78,79,80,81,82,83,84,85,86,87,88,89,90,91,92,93,94,95,96,97,98,99]
CFO=-884.9085774064372,STO=5
EsN0dB=13.26,GRXdB=10,N0=0.0007943282253108919
packet_number=921,correct=True,payload=[0,1,2,3,4,5,6,7,8,9,10,11,12,13,14,15,16,17,18,19,20,21,22,23,24,25,26,27,28,29,30,31,32,33,34,35,36,37,38,39,40,41,42,43,44,45,46,47,48,49,50,51,52,53,54,55,56,57,58,59,60,61,62,63,64,65,66,67,68,69,70,71,72,73,74,75,76,77,78,79,80,81,82,83,84,85,86,87,88,89,90,91,92,93,94,95,96,97,98,99]
CFO=-1097.0988982739518,STO=0
EsN0dB=13.39,GRXdB=10,N0=0.0007943282253108919
packet_number=922,correct=False,payload=[0,1,6,3,4,5,6,7,8,9,10,10,12,13,14,15,16,17,18,18,20,21,22,55,56,25,26,59,60,29,30,31,32,33,34,35,36,37,46,39,56,41,58,43,44,41,46,111,48,35,50,51,52,53,54,55,56,56,58,51,60,61,62,63,0,64,192,195,68,69,68,71,216,73,10,67,204,77,78,79,80,81,82,83,212,85,86,71,88,89,88,95,92,93,222,127,96,97,226,231]
CFO=-1145.9392568671203,STO=6
EsN0dB=13.19,GRXdB=10,N0=0.0007943282253108919
packet_number=923,correct=True,payload=[0,1,2,3,4,5,6,7,8,9,10,11,12,13,14,15,16,17,18,19,20,21,22,23,24,25,26,27,28,29,30,31,32,33,34,35,36,37,38,39,40,41,42,43,44,45,46,47,48,49,50,51,52,53,54,55,56,57,58,59,60,61,62,63,64,65,66,67,68,69,70,71,72,73,74,75,76,77,78,79,80,81,82,83,84,85,86,87,88,89,90,91,92,93,94,95,96,97,98,99]
CFO=-1037.13635924326,STO=2
EsN0dB=13.18,GRXdB=10,N0=0.0007943282253108919
packet_number=924,correct=False,payload=[0,1,2,3,4,5,6,7,8,9,10,11,12,13,14,15,16,17,0,19,20,21,22,23,24,25,26,27,28,29,30,31,0,33,34,35,36,37,34,39,40,41,42,43,44,45,14,47,48,49,50,19,52,53,182,55,56,57,58,59,60,61,62,63,64,65,66,67,68,71,70,71,72,73,74,75,76,77,79,79,88,81,82,83,84,85,87,87,72,89,90,91,108,93,78,95,96,49,98,99]
CFO=-1128.6460716622944,STO=5
EsN0dB=13.24,GRXdB=10,N0=0.0007943282253108919
packet_number=925,correct=True,payload=[0,1,2,3,4,5,6,7,8,9,10,11,12,13,14,15,16,17,18,19,20,21,22,23,24,25,26,27,28,29,30,31,32,33,34,35,36,37,38,39,40,41,42,43,44,45,46,47,48,49,50,51,52,53,54,55,56,57,58,59,60,61,62,63,64,65,66,67,68,69,70,71,72,73,74,75,76,77,78,79,80,81,82,83,84,85,86,87,88,89,90,91,92,93,94,95,96,97,98,99]
CFO=-1130.9112991573422,STO=3
EsN0dB=13.31,GRXdB=10,N0=0.0007943282253108919
packet_number=926,correct=True,payload=[0,1,2,3,4,5,6,7,8,9,10,11,12,13,14,15,16,17,18,19,20,21,22,23,24,25,26,27,28,29,30,31,32,33,34,35,36,37,38,39,40,41,42,43,44,45,46,47,48,49,50,51,52,53,54,55,56,57,58,59,60,61,62,63,64,65,66,67,68,69,70,71,72,73,74,75,76,77,78,79,80,81,82,83,84,85,86,87,88,89,90,91,92,93,94,95,96,97,98,99]
CFO=-1013.816124994263,STO=2
EsN0dB=13.33,GRXdB=10,N0=0.0007943282253108919
packet_number=927,correct=False,payload=[0,1,2,3,4,5,6,7,8,9,10,11,12,13,14,15,16,17,18,19,20,21,22,23,24,25,10,27,28,29,30,31,32,33,162,35,36,53,38,39,40,41,42,41,44,45,46,47,48,49,50,51,52,53,55,55,56,57,58,59,60,61,62,63,64,65,66,67,68,69,70,71,72,73,74,75,76,77,78,79,80,81,82,83,84,85,86,87,88,89,90,91,92,93,94,95,96,97,98,99]
CFO=-967.7032767516855,STO=2
EsN0dB=13.20,GRXdB=10,N0=0.0007943282253108919
packet_number=928,correct=True,payload=[0,1,2,3,4,5,6,7,8,9,10,11,12,13,14,15,16,17,18,19,20,21,22,23,24,25,26,27,28,29,30,31,32,33,34,35,36,37,38,39,40,41,42,43,44,45,46,47,48,49,50,51,52,53,54,55,56,57,58,59,60,61,62,63,64,65,66,67,68,69,70,71,72,73,74,75,76,77,78,79,80,81,82,83,84,85,86,87,88,89,90,91,92,93,94,95,96,97,98,99]
CFO=-1221.412372877069,STO=1
EsN0dB=13.24,GRXdB=10,N0=0.0007943282253108919
packet_number=929,correct=True,payload=[0,1,2,3,4,5,6,7,8,9,10,11,12,13,14,15,16,17,18,19,20,21,22,23,24,25,26,27,28,29,30,31,32,33,34,35,36,37,38,39,40,41,42,43,44,45,46,47,48,49,50,51,52,53,54,55,56,57,58,59,60,61,62,63,64,65,66,67,68,69,70,71,72,73,74,75,76,77,78,79,80,81,82,83,84,85,86,87,88,89,90,91,92,93,94,95,96,97,98,99]
CFO=-1074.3349212714224,STO=4
EsN0dB=13.29,GRXdB=10,N0=0.0007943282253108919
packet_number=930,correct=True,payload=[0,1,2,3,4,5,6,7,8,9,10,11,12,13,14,15,16,17,18,19,20,21,22,23,24,25,26,27,28,29,30,31,32,33,34,35,36,37,38,39,40,41,42,43,44,45,46,47,48,49,50,51,52,53,54,55,56,57,58,59,60,61,62,63,64,65,66,67,68,69,70,71,72,73,74,75,76,77,78,79,80,81,82,83,84,85,86,87,88,89,90,91,92,93,94,95,96,97,98,99]
CFO=-1044.8453423705462,STO=4
EsN0dB=13.20,GRXdB=10,N0=0.0007943282253108919
packet_number=931,correct=True,payload=[0,1,2,3,4,5,6,7,8,9,10,11,12,13,14,15,16,17,18,19,20,21,22,23,24,25,26,27,28,29,30,31,32,33,34,35,36,37,38,39,40,41,42,43,44,45,46,47,48,49,50,51,52,53,54,55,56,57,58,59,60,61,62,63,64,65,66,67,68,69,70,71,72,73,74,75,76,77,78,79,80,81,82,83,84,85,86,87,88,89,90,91,92,93,94,95,96,97,98,99]
CFO=-981.8905045792521,STO=4
EsN0dB=13.30,GRXdB=10,N0=0.0007943282253108919
packet_number=932,correct=True,payload=[0,1,2,3,4,5,6,7,8,9,10,11,12,13,14,15,16,17,18,19,20,21,22,23,24,25,26,27,28,29,30,31,32,33,34,35,36,37,38,39,40,41,42,43,44,45,46,47,48,49,50,51,52,53,54,55,56,57,58,59,60,61,62,63,64,65,66,67,68,69,70,71,72,73,74,75,76,77,78,79,80,81,82,83,84,85,86,87,88,89,90,91,92,93,94,95,96,97,98,99]
CFO=-941.8406350217919,STO=1
EsN0dB=13.31,GRXdB=10,N0=0.0007943282253108919
packet_number=933,correct=False,payload=[0,1,129,3,4,5,7,7,140,13,130,1,140,7,6,15,16,9,3,25,16,21,22,15,28,25,13,27,30,31,142,31,48,33,34,33,160,37,162,35,36,33,26,59,60,37,14,47,48,49,48,49,52,24,54,63,56,57,187,59,60,60,62,63,0,65,130,67,196,69,71,71,68,9,130,11,76,109,206,79,88,89,210,83,156,85,86,67,124,88,202,95,124,125,94,127,160,113,242,99]
CFO=-1003.7298565808583,STO=0
EsN0dB=13.31,GRXdB=10,N0=0.0007943282253108919
packet_number=934,correct=False,payload=[0,1,2,3,4,5,6,7,8,9,10,15,12,13,14,15,16,17,18,19,20,21,30,23,24,25,26,27,28,29,30,31,32,97,34,35,32,37,38,39,40,105,42,43,44,13,46,47,48,49,50,51,52,53,54,119,120,57,126,123,60,61,62,63,64,67,66,131,68,69,70,71,72,73,74,75,76,205,78,79,80,17,82,83,84,85,86,87,88,89,90,91,92,93,94,223,96,97,98,99]
CFO=-1230.4735200166062,STO=4
EsN0dB=13.36,GRXdB=10,N0=0.0007943282253108919
packet_number=935,correct=True,payload=[0,1,2,3,4,5,6,7,8,9,10,11,12,13,14,15,16,17,18,19,20,21,22,23,24,25,26,27,28,29,30,31,32,33,34,35,36,37,38,39,40,41,42,43,44,45,46,47,48,49,50,51,52,53,54,55,56,57,58,59,60,61,62,63,64,65,66,67,68,69,70,71,72,73,74,75,76,77,78,79,80,81,82,83,84,85,86,87,88,89,90,91,92,93,94,95,96,97,98,99]
CFO=-1113.1892112749479,STO=2
EsN0dB=13.24,GRXdB=10,N0=0.0007943282253108919
packet_number=936,correct=False,payload=[0,1,2,3,4,5,6,7,8,9,10,11,12,13,14,15,16,17,18,19,20,21,22,23,24,25,26,27,28,29,30,31,32,33,34,35,36,37,38,39,40,41,42,43,44,45,46,47,48,49,50,59,52,53,54,55,56,57,58,59,60,61,62,63,64,65,66,67,68,69,70,71,72,73,74,75,76,77,78,79,80,81,82,83,84,85,86,87,88,89,90,91,92,93,94,95,96,97,98,99]
CFO=-1143.6938321774787,STO=4
EsN0dB=13.17,GRXdB=10,N0=0.0007943282253108919
packet_number=937,correct=True,payload=[0,1,2,3,4,5,6,7,8,9,10,11,12,13,14,15,16,17,18,19,20,21,22,23,24,25,26,27,28,29,30,31,32,33,34,35,36,37,38,39,40,41,42,43,44,45,46,47,48,49,50,51,52,53,54,55,56,57,58,59,60,61,62,63,64,65,66,67,68,69,70,71,72,73,74,75,76,77,78,79,80,81,82,83,84,85,86,87,88,89,90,91,92,93,94,95,96,97,98,99]
CFO=-1001.4049835102459,STO=5
EsN0dB=13.28,GRXdB=10,N0=0.0007943282253108919
packet_number=938,correct=True,payload=[0,1,2,3,4,5,6,7,8,9,10,11,12,13,14,15,16,17,18,19,20,21,22,23,24,25,26,27,28,29,30,31,32,33,34,35,36,37,38,39,40,41,42,43,44,45,46,47,48,49,50,51,52,53,54,55,56,57,58,59,60,61,62,63,64,65,66,67,68,69,70,71,72,73,74,75,76,77,78,79,80,81,82,83,84,85,86,87,88,89,90,91,92,93,94,95,96,97,98,99]
CFO=-1043.843818451624,STO=1
EsN0dB=13.26,GRXdB=10,N0=0.0007943282253108919
packet_number=939,correct=False,payload=[0,1,0,3,4,5,6,7,8,9,10,11,12,13,14,15,16,17,18,19,20,21,22,23,24,24,26,27,30,29,30,31,32,33,34,35,36,37,38,39,32,41,42,43,44,45,46,47,48,49,50,51,52,53,182,55,56,57,58,59,60,61,62,63,64,65,66,67,68,71,70,71,72,73,74,75,204,77,78,79,80,81,82,83,84,85,86,119,88,89,90,91,92,93,94,95,96,97,98,97]
CFO=-1149.8541647742034,STO=2
EsN0dB=13.26,GRXdB=10,N0=0.0007943282253108919
packet_number=940,correct=False,payload=[0,1,2,3,4,5,6,7,8,9,10,11,12,13,14,15,16,17,18,19,20,21,22,23,24,25,26,27,28,29,30,31,32,33,34,35,36,37,38,39,40,41,42,43,44,45,46,47,48,49,50,51,52,53,54,55,56,57,58,59,60,61,62,63,64,65,66,67,68,69,70,71,72,73,74,75,76,77,78,79,80,81,82,83,84,85,86,95,88,89,90,91,92,93,94,95,96,97,98,99]
CFO=-1059.4162940202336,STO=4
EsN0dB=13.24,GRXdB=10,N0=0.0007943282253108919
packet_number=941,correct=True,payload=[0,1,2,3,4,5,6,7,8,9,10,11,12,13,14,15,16,17,18,19,20,21,22,23,24,25,26,27,28,29,30,31,32,33,34,35,36,37,38,39,40,41,42,43,44,45,46,47,48,49,50,51,52,53,54,55,56,57,58,59,60,61,62,63,64,65,66,67,68,69,70,71,72,73,74,75,76,77,78,79,80,81,82,83,84,85,86,87,88,89,90,91,92,93,94,95,96,97,98,99]
CFO=-1066.2649816192486,STO=4
EsN0dB=13.18,GRXdB=10,N0=0.0007943282253108919
packet_number=942,correct=True,payload=[0,1,2,3,4,5,6,7,8,9,10,11,12,13,14,15,16,17,18,19,20,21,22,23,24,25,26,27,28,29,30,31,32,33,34,35,36,37,38,39,40,41,42,43,44,45,46,47,48,49,50,51,52,53,54,55,56,57,58,59,60,61,62,63,64,65,66,67,68,69,70,71,72,73,74,75,76,77,78,79,80,81,82,83,84,85,86,87,88,89,90,91,92,93,94,95,96,97,98,99]
CFO=-1000.2272501971111,STO=4
EsN0dB=13.31,GRXdB=10,N0=0.0007943282253108919
packet_number=943,correct=True,payload=[0,1,2,3,4,5,6,7,8,9,10,11,12,13,14,15,16,17,18,19,20,21,22,23,24,25,26,27,28,29,30,31,32,33,34,35,36,37,38,39,40,41,42,43,44,45,46,47,48,49,50,51,52,53,54,55,56,57,58,59,60,61,62,63,64,65,66,67,68,69,70,71,72,73,74,75,76,77,78,79,80,81,82,83,84,85,86,87,88,89,90,91,92,93,94,95,96,97,98,99]
CFO=-966.6485105595456,STO=5
EsN0dB=13.29,GRXdB=10,N0=0.0007943282253108919
packet_number=944,correct=True,payload=[0,1,2,3,4,5,6,7,8,9,10,11,12,13,14,15,16,17,18,19,20,21,22,23,24,25,26,27,28,29,30,31,32,33,34,35,36,37,38,39,40,41,42,43,44,45,46,47,48,49,50,51,52,53,54,55,56,57,58,59,60,61,62,63,64,65,66,67,68,69,70,71,72,73,74,75,76,77,78,79,80,81,82,83,84,85,86,87,88,89,90,91,92,93,94,95,96,97,98,99]
CFO=-989.7084031362722,STO=4
EsN0dB=13.32,GRXdB=10,N0=0.0007943282253108919
packet_number=945,correct=True,payload=[0,1,2,3,4,5,6,7,8,9,10,11,12,13,14,15,16,17,18,19,20,21,22,23,24,25,26,27,28,29,30,31,32,33,34,35,36,37,38,39,40,41,42,43,44,45,46,47,48,49,50,51,52,53,54,55,56,57,58,59,60,61,62,63,64,65,66,67,68,69,70,71,72,73,74,75,76,77,78,79,80,81,82,83,84,85,86,87,88,89,90,91,92,93,94,95,96,97,98,99]
CFO=-1113.019049444063,STO=5
EsN0dB=13.17,GRXdB=10,N0=0.0007943282253108919
packet_number=946,correct=True,payload=[0,1,2,3,4,5,6,7,8,9,10,11,12,13,14,15,16,17,18,19,20,21,22,23,24,25,26,27,28,29,30,31,32,33,34,35,36,37,38,39,40,41,42,43,44,45,46,47,48,49,50,51,52,53,54,55,56,57,58,59,60,61,62,63,64,65,66,67,68,69,70,71,72,73,74,75,76,77,78,79,80,81,82,83,84,85,86,87,88,89,90,91,92,93,94,95,96,97,98,99]
CFO=-1124.2281487819616,STO=5
EsN0dB=13.24,GRXdB=10,N0=0.0007943282253108919
packet_number=947,correct=True,payload=[0,1,2,3,4,5,6,7,8,9,10,11,12,13,14,15,16,17,18,19,20,21,22,23,24,25,26,27,28,29,30,31,32,33,34,35,36,37,38,39,40,41,42,43,44,45,46,47,48,49,50,51,52,53,54,55,56,57,58,59,60,61,62,63,64,65,66,67,68,69,70,71,72,73,74,75,76,77,78,79,80,81,82,83,84,85,86,87,88,89,90,91,92,93,94,95,96,97,98,99]
CFO=-1091.1305461679608,STO=4
EsN0dB=13.19,GRXdB=10,N0=0.0007943282253108919
packet_number=948,correct=True,payload=[0,1,2,3,4,5,6,7,8,9,10,11,12,13,14,15,16,17,18,19,20,21,22,23,24,25,26,27,28,29,30,31,32,33,34,35,36,37,38,39,40,41,42,43,44,45,46,47,48,49,50,51,52,53,54,55,56,57,58,59,60,61,62,63,64,65,66,67,68,69,70,71,72,73,74,75,76,77,78,79,80,81,82,83,84,85,86,87,88,89,90,91,92,93,94,95,96,97,98,99]
CFO=-1071.0693556541833,STO=5
EsN0dB=13.21,GRXdB=10,N0=0.0007943282253108919
packet_number=949,correct=True,payload=[0,1,2,3,4,5,6,7,8,9,10,11,12,13,14,15,16,17,18,19,20,21,22,23,24,25,26,27,28,29,30,31,32,33,34,35,36,37,38,39,40,41,42,43,44,45,46,47,48,49,50,51,52,53,54,55,56,57,58,59,60,61,62,63,64,65,66,67,68,69,70,71,72,73,74,75,76,77,78,79,80,81,82,83,84,85,86,87,88,89,90,91,92,93,94,95,96,97,98,99]
CFO=-1111.831711177408,STO=1
EsN0dB=13.28,GRXdB=10,N0=0.0007943282253108919
packet_number=950,correct=False,payload=[0,0,129,3,4,5,7,7,8,0,138,7,134,14,6,7,136,24,152,11,144,13,26,19,156,12,137,15,140,15,142,31,176,33,128,33,54,20,18,19,60,57,169,43,62,61,22,23,24,24,57,19,22,59,19,31,188,57,61,63,156,63,31,63,64,33,32,67,66,66,38,35,108,8,135,111,238,101,78,7,112,1,153,75,240,22,150,19,204,25,92,25,220,95,158,79,32,33,177,97]
CFO=-1048.4628524575182,STO=4
EsN0dB=13.21,GRXdB=10,N0=0.0007943282253108919
packet_number=951,correct=True,payload=[0,1,2,3,4,5,6,7,8,9,10,11,12,13,14,15,16,17,18,19,20,21,22,23,24,25,26,27,28,29,30,31,32,33,34,35,36,37,38,39,40,41,42,43,44,45,46,47,48,49,50,51,52,53,54,55,56,57,58,59,60,61,62,63,64,65,66,67,68,69,70,71,72,73,74,75,76,77,78,79,80,81,82,83,84,85,86,87,88,89,90,91,92,93,94,95,96,97,98,99]
CFO=-951.9439789081216,STO=7
EsN0dB=13.21,GRXdB=10,N0=0.0007943282253108919
packet_number=952,correct=True,payload=[0,1,2,3,4,5,6,7,8,9,10,11,12,13,14,15,16,17,18,19,20,21,22,23,24,25,26,27,28,29,30,31,32,33,34,35,36,37,38,39,40,41,42,43,44,45,46,47,48,49,50,51,52,53,54,55,56,57,58,59,60,61,62,63,64,65,66,67,68,69,70,71,72,73,74,75,76,77,78,79,80,81,82,83,84,85,86,87,88,89,90,91,92,93,94,95,96,97,98,99]
CFO=-1065.789714289502,STO=7
EsN0dB=13.18,GRXdB=10,N0=0.0007943282253108919
packet_number=953,correct=False,payload=[0,1,2,3,4,5,6,7,8,9,10,27,12,13,14,15,16,17,18,19,20,21,22,23,24,25,26,31,24,29,30,31,32,33,2,35,36,37,38,39,40,41,42,43,44,45,46,15,48,49,50,51,52,53,54,55,56,57,58,63,60,61,126,63,64,65,66,67,68,69,70,71,72,73,72,75,76,77,78,79,80,209,82,83,84,85,86,87,88,89,90,91,92,93,94,95,96,97,98,227]
CFO=-939.8601173218343,STO=4
EsN0dB=13.34,GRXdB=10,N0=0.0007943282253108919
packet_number=954,correct=True,payload=[0,1,2,3,4,5,6,7,8,9,10,11,12,13,14,15,16,17,18,19,20,21,22,23,24,25,26,27,28,29,30,31,32,33,34,35,36,37,38,39,40,41,42,43,44,45,46,47,48,49,50,51,52,53,54,55,56,57,58,59,60,61,62,63,64,65,66,67,68,69,70,71,72,73,74,75,76,77,78,79,80,81,82,83,84,85,86,87,88,89,90,91,92,93,94,95,96,97,98,99]
CFO=-980.3026041768973,STO=6
EsN0dB=13.31,GRXdB=10,N0=0.0007943282253108919
packet_number=955,correct=True,payload=[0,1,2,3,4,5,6,7,8,9,10,11,12,13,14,15,16,17,18,19,20,21,22,23,24,25,26,27,28,29,30,31,32,33,34,35,36,37,38,39,40,41,42,43,44,45,46,47,48,49,50,51,52,53,54,55,56,57,58,59,60,61,62,63,64,65,66,67,68,69,70,71,72,73,74,75,76,77,78,79,80,81,82,83,84,85,86,87,88,89,90,91,92,93,94,95,96,97,98,99]
CFO=-934.9004632049877,STO=5
EsN0dB=13.19,GRXdB=10,N0=0.0007943282253108919
packet_number=956,correct=True,payload=[0,1,2,3,4,5,6,7,8,9,10,11,12,13,14,15,16,17,18,19,20,21,22,23,24,25,26,27,28,29,30,31,32,33,34,35,36,37,38,39,40,41,42,43,44,45,46,47,48,49,50,51,52,53,54,55,56,57,58,59,60,61,62,63,64,65,66,67,68,69,70,71,72,73,74,75,76,77,78,79,80,81,82,83,84,85,86,87,88,89,90,91,92,93,94,95,96,97,98,99]
CFO=-966.0848420835099,STO=5
EsN0dB=13.21,GRXdB=10,N0=0.0007943282253108919
packet_number=957,correct=True,payload=[0,1,2,3,4,5,6,7,8,9,10,11,12,13,14,15,16,17,18,19,20,21,22,23,24,25,26,27,28,29,30,31,32,33,34,35,36,37,38,39,40,41,42,43,44,45,46,47,48,49,50,51,52,53,54,55,56,57,58,59,60,61,62,63,64,65,66,67,68,69,70,71,72,73,74,75,76,77,78,79,80,81,82,83,84,85,86,87,88,89,90,91,92,93,94,95,96,97,98,99]
CFO=-1173.42187480094,STO=4
EsN0dB=13.21,GRXdB=10,N0=0.0007943282253108919
packet_number=958,correct=True,payload=[0,1,2,3,4,5,6,7,8,9,10,11,12,13,14,15,16,17,18,19,20,21,22,23,24,25,26,27,28,29,30,31,32,33,34,35,36,37,38,39,40,41,42,43,44,45,46,47,48,49,50,51,52,53,54,55,56,57,58,59,60,61,62,63,64,65,66,67,68,69,70,71,72,73,74,75,76,77,78,79,80,81,82,83,84,85,86,87,88,89,90,91,92,93,94,95,96,97,98,99]
CFO=-1070.8731062952186,STO=3
EsN0dB=13.35,GRXdB=10,N0=0.0007943282253108919
packet_number=959,correct=True,payload=[0,1,2,3,4,5,6,7,8,9,10,11,12,13,14,15,16,17,18,19,20,21,22,23,24,25,26,27,28,29,30,31,32,33,34,35,36,37,38,39,40,41,42,43,44,45,46,47,48,49,50,51,52,53,54,55,56,57,58,59,60,61,62,63,64,65,66,67,68,69,70,71,72,73,74,75,76,77,78,79,80,81,82,83,84,85,86,87,88,89,90,91,92,93,94,95,96,97,98,99]
CFO=-884.2560334654202,STO=1
EsN0dB=13.25,GRXdB=10,N0=0.0007943282253108919
packet_number=960,correct=False,payload=[0,3,2,6,4,4,12,6,0,8,8,3,28,11,30,31,48,17,52,22,32,63,62,22,48,57,16,62,28,61,30,30,0,0,98,3,44,98,78,39,32,107,32,110,56,74,62,78,112,51,96,38,96,49,116,63,112,51,48,62,56,63,62,62,64,3,70,71,192,13,6,143,192,218,154,3,216,217,12,31,144,16,2,83,0,116,110,7,88,49,22,122,120,219,28,31,64,226,194,103]
CFO=-772.630643172823,STO=4
EsN0dB=13.26,GRXdB=10,N0=0.0007943282253108919
packet_number=961,correct=True,payload=[0,1,2,3,4,5,6,7,8,9,10,11,12,13,14,15,16,17,18,19,20,21,22,23,24,25,26,27,28,29,30,31,32,33,34,35,36,37,38,39,40,41,42,43,44,45,46,47,48,49,50,51,52,53,54,55,56,57,58,59,60,61,62,63,64,65,66,67,68,69,70,71,72,73,74,75,76,77,78,79,80,81,82,83,84,85,86,87,88,89,90,91,92,93,94,95,96,97,98,99]
CFO=-908.2688322951021,STO=4
EsN0dB=13.25,GRXdB=10,N0=0.0007943282253108919
packet_number=962,correct=True,payload=[0,1,2,3,4,5,6,7,8,9,10,11,12,13,14,15,16,17,18,19,20,21,22,23,24,25,26,27,28,29,30,31,32,33,34,35,36,37,38,39,40,41,42,43,44,45,46,47,48,49,50,51,52,53,54,55,56,57,58,59,60,61,62,63,64,65,66,67,68,69,70,71,72,73,74,75,76,77,78,79,80,81,82,83,84,85,86,87,88,89,90,91,92,93,94,95,96,97,98,99]
CFO=-916.0759993917075,STO=5
EsN0dB=13.17,GRXdB=10,N0=0.0007943282253108919
packet_number=963,correct=True,payload=[0,1,2,3,4,5,6,7,8,9,10,11,12,13,14,15,16,17,18,19,20,21,22,23,24,25,26,27,28,29,30,31,32,33,34,35,36,37,38,39,40,41,42,43,44,45,46,47,48,49,50,51,52,53,54,55,56,57,58,59,60,61,62,63,64,65,66,67,68,69,70,71,72,73,74,75,76,77,78,79,80,81,82,83,84,85,86,87,88,89,90,91,92,93,94,95,96,97,98,99]
CFO=-986.066939955336,STO=2
EsN0dB=13.25,GRXdB=10,N0=0.0007943282253108919
packet_number=964,correct=False,payload=[0,1,2,3,4,5,6,7,8,9,10,11,12,5,14,15,16,17,146,19,20,21,22,23,24,25,26,27,28,29,30,31,32,33,34,35,4,37,38,39,40,41,42,43,44,45,46,47,48,49,50,51,60,53,54,63,56,57,56,59,60,61,62,63,64,65,66,67,68,69,71,71,72,73,74,75,76,77,78,79,80,81,82,83,84,85,86,87,120,89,90,91,92,125,94,95,96,97,98,99]
CFO=-1030.04920792166,STO=5
EsN0dB=13.22,GRXdB=10,N0=0.0007943282253108919
packet_number=965,correct=True,payload=[0,1,2,3,4,5,6,7,8,9,10,11,12,13,14,15,16,17,18,19,20,21,22,23,24,25,26,27,28,29,30,31,32,33,34,35,36,37,38,39,40,41,42,43,44,45,46,47,48,49,50,51,52,53,54,55,56,57,58,59,60,61,62,63,64,65,66,67,68,69,70,71,72,73,74,75,76,77,78,79,80,81,82,83,84,85,86,87,88,89,90,91,92,93,94,95,96,97,98,99]
CFO=-1193.6914098003374,STO=4
EsN0dB=13.34,GRXdB=10,N0=0.0007943282253108919
packet_number=966,correct=True,payload=[0,1,2,3,4,5,6,7,8,9,10,11,12,13,14,15,16,17,18,19,20,21,22,23,24,25,26,27,28,29,30,31,32,33,34,35,36,37,38,39,40,41,42,43,44,45,46,47,48,49,50,51,52,53,54,55,56,57,58,59,60,61,62,63,64,65,66,67,68,69,70,71,72,73,74,75,76,77,78,79,80,81,82,83,84,85,86,87,88,89,90,91,92,93,94,95,96,97,98,99]
CFO=-1120.8106826034934,STO=4
EsN0dB=13.27,GRXdB=10,N0=0.0007943282253108919
packet_number=967,correct=True,payload=[0,1,2,3,4,5,6,7,8,9,10,11,12,13,14,15,16,17,18,19,20,21,22,23,24,25,26,27,28,29,30,31,32,33,34,35,36,37,38,39,40,41,42,43,44,45,46,47,48,49,50,51,52,53,54,55,56,57,58,59,60,61,62,63,64,65,66,67,68,69,70,71,72,73,74,75,76,77,78,79,80,81,82,83,84,85,86,87,88,89,90,91,92,93,94,95,96,97,98,99]
CFO=-1185.0831184323326,STO=1
EsN0dB=13.28,GRXdB=10,N0=0.0007943282253108919
packet_number=968,correct=False,payload=[0,1,131,3,132,0,3,7,8,8,10,11,12,13,6,15,16,17,18,27,20,29,22,23,24,25,154,27,28,28,30,31,0,33,18,35,36,33,38,35,172,57,42,59,62,45,54,39,48,49,58,59,148,53,22,55,184,57,63,59,28,63,30,63,64,65,96,67,4,69,70,71,64,77,72,73,68,109,78,79,88,57,80,27,84,84,86,87,92,121,90,95,108,93,110,95,48,97,98,99]
CFO=-1149.3371573995287,STO=4
EsN0dB=13.33,GRXdB=10,N0=0.0007943282253108919
packet_number=969,correct=True,payload=[0,1,2,3,4,5,6,7,8,9,10,11,12,13,14,15,16,17,18,19,20,21,22,23,24,25,26,27,28,29,30,31,32,33,34,35,36,37,38,39,40,41,42,43,44,45,46,47,48,49,50,51,52,53,54,55,56,57,58,59,60,61,62,63,64,65,66,67,68,69,70,71,72,73,74,75,76,77,78,79,80,81,82,83,84,85,86,87,88,89,90,91,92,93,94,95,96,97,98,99]
CFO=-1031.9862068815933,STO=4
EsN0dB=13.21,GRXdB=10,N0=0.0007943282253108919
packet_number=970,correct=True,payload=[0,1,2,3,4,5,6,7,8,9,10,11,12,13,14,15,16,17,18,19,20,21,22,23,24,25,26,27,28,29,30,31,32,33,34,35,36,37,38,39,40,41,42,43,44,45,46,47,48,49,50,51,52,53,54,55,56,57,58,59,60,61,62,63,64,65,66,67,68,69,70,71,72,73,74,75,76,77,78,79,80,81,82,83,84,85,86,87,88,89,90,91,92,93,94,95,96,97,98,99]
CFO=-876.7274100209044,STO=5
EsN0dB=13.32,GRXdB=10,N0=0.0007943282253108919
packet_number=971,correct=True,payload=[0,1,2,3,4,5,6,7,8,9,10,11,12,13,14,15,16,17,18,19,20,21,22,23,24,25,26,27,28,29,30,31,32,33,34,35,36,37,38,39,40,41,42,43,44,45,46,47,48,49,50,51,52,53,54,55,56,57,58,59,60,61,62,63,64,65,66,67,68,69,70,71,72,73,74,75,76,77,78,79,80,81,82,83,84,85,86,87,88,89,90,91,92,93,94,95,96,97,98,99]
CFO=-1147.5469600748813,STO=4
EsN0dB=13.23,GRXdB=10,N0=0.0007943282253108919
packet_number=972,correct=True,payload=[0,1,2,3,4,5,6,7,8,9,10,11,12,13,14,15,16,17,18,19,20,21,22,23,24,25,26,27,28,29,30,31,32,33,34,35,36,37,38,39,40,41,42,43,44,45,46,47,48,49,50,51,52,53,54,55,56,57,58,59,60,61,62,63,64,65,66,67,68,69,70,71,72,73,74,75,76,77,78,79,80,81,82,83,84,85,86,87,88,89,90,91,92,93,94,95,96,97,98,99]
CFO=-1128.708681729686,STO=4
EsN0dB=13.34,GRXdB=10,N0=0.0007943282253108919
packet_number=973,correct=True,payload=[0,1,2,3,4,5,6,7,8,9,10,11,12,13,14,15,16,17,18,19,20,21,22,23,24,25,26,27,28,29,30,31,32,33,34,35,36,37,38,39,40,41,42,43,44,45,46,47,48,49,50,51,52,53,54,55,56,57,58,59,60,61,62,63,64,65,66,67,68,69,70,71,72,73,74,75,76,77,78,79,80,81,82,83,84,85,86,87,88,89,90,91,92,93,94,95,96,97,98,99]
CFO=-989.3625655197037,STO=0
EsN0dB=13.24,GRXdB=10,N0=0.0007943282253108919
packet_number=974,correct=False,payload=[0,1,2,3,4,5,6,7,8,9,10,11,12,13,14,15,16,17,18,23,20,21,22,23,24,25,26,27,28,29,30,31,32,33,34,3,36,37,38,39,8,41,46,43,44,45,46,47,48,49,50,51,52,51,54,55,56,57,58,59,60,61,62,63,64,65,66,67,68,69,70,71,72,73,74,75,76,77,78,79,80,81,80,83,84,85,86,87,88,89,90,83,92,125,94,95,96,97,98,99]
CFO=-1057.738154486657,STO=4
EsN0dB=13.34,GRXdB=10,N0=0.0007943282253108919
packet_number=975,correct=True,payload=[0,1,2,3,4,5,6,7,8,9,10,11,12,13,14,15,16,17,18,19,20,21,22,23,24,25,26,27,28,29,30,31,32,33,34,35,36,37,38,39,40,41,42,43,44,45,46,47,48,49,50,51,52,53,54,55,56,57,58,59,60,61,62,63,64,65,66,67,68,69,70,71,72,73,74,75,76,77,78,79,80,81,82,83,84,85,86,87,88,89,90,91,92,93,94,95,96,97,98,99]
CFO=-1033.3837869086378,STO=5
EsN0dB=13.24,GRXdB=10,N0=0.0007943282253108919
packet_number=976,correct=True,payload=[0,1,2,3,4,5,6,7,8,9,10,11,12,13,14,15,16,17,18,19,20,21,22,23,24,25,26,27,28,29,30,31,32,33,34,35,36,37,38,39,40,41,42,43,44,45,46,47,48,49,50,51,52,53,54,55,56,57,58,59,60,61,62,63,64,65,66,67,68,69,70,71,72,73,74,75,76,77,78,79,80,81,82,83,84,85,86,87,88,89,90,91,92,93,94,95,96,97,98,99]
CFO=-1016.9495928556795,STO=3
EsN0dB=13.25,GRXdB=10,N0=0.0007943282253108919
packet_number=977,correct=True,payload=[0,1,2,3,4,5,6,7,8,9,10,11,12,13,14,15,16,17,18,19,20,21,22,23,24,25,26,27,28,29,30,31,32,33,34,35,36,37,38,39,40,41,42,43,44,45,46,47,48,49,50,51,52,53,54,55,56,57,58,59,60,61,62,63,64,65,66,67,68,69,70,71,72,73,74,75,76,77,78,79,80,81,82,83,84,85,86,87,88,89,90,91,92,93,94,95,96,97,98,99]
CFO=-878.1129542111304,STO=0
EsN0dB=13.23,GRXdB=10,N0=0.0007943282253108919
packet_number=978,correct=False,payload=[0,1,2,2,0,5,6,7,24,9,10,11,8,13,14,15,16,17,18,19,20,21,22,23,24,25,26,27,28,29,30,31,32,33,34,35,36,37,38,39,40,41,42,43,44,45,46,47,48,48,50,51,52,53,54,55,56,57,58,59,60,61,62,63,64,65,66,67,68,69,70,71,72,72,74,75,76,77,78,79,80,81,82,83,84,69,86,87,88,89,90,91,92,93,94,95,96,97,98,99]
CFO=-887.6626496038006,STO=5
EsN0dB=13.30,GRXdB=10,N0=0.0007943282253108919
packet_number=979,correct=True,payload=[0,1,2,3,4,5,6,7,8,9,10,11,12,13,14,15,16,17,18,19,20,21,22,23,24,25,26,27,28,29,30,31,32,33,34,35,36,37,38,39,40,41,42,43,44,45,46,47,48,49,50,51,52,53,54,55,56,57,58,59,60,61,62,63,64,65,66,67,68,69,70,71,72,73,74,75,76,77,78,79,80,81,82,83,84,85,86,87,88,89,90,91,92,93,94,95,96,97,98,99]
CFO=-1043.07743802444,STO=4
EsN0dB=13.30,GRXdB=10,N0=0.0007943282253108919
packet_number=980,correct=True,payload=[0,1,2,3,4,5,6,7,8,9,10,11,12,13,14,15,16,17,18,19,20,21,22,23,24,25,26,27,28,29,30,31,32,33,34,35,36,37,38,39,40,41,42,43,44,45,46,47,48,49,50,51,52,53,54,55,56,57,58,59,60,61,62,63,64,65,66,67,68,69,70,71,72,73,74,75,76,77,78,79,80,81,82,83,84,85,86,87,88,89,90,91,92,93,94,95,96,97,98,99]
CFO=-999.3412228797789,STO=5
EsN0dB=13.29,GRXdB=10,N0=0.0007943282253108919
packet_number=981,correct=True,payload=[0,1,2,3,4,5,6,7,8,9,10,11,12,13,14,15,16,17,18,19,20,21,22,23,24,25,26,27,28,29,30,31,32,33,34,35,36,37,38,39,40,41,42,43,44,45,46,47,48,49,50,51,52,53,54,55,56,57,58,59,60,61,62,63,64,65,66,67,68,69,70,71,72,73,74,75,76,77,78,79,80,81,82,83,84,85,86,87,88,89,90,91,92,93,94,95,96,97,98,99]
CFO=-1032.4087062568146,STO=5
EsN0dB=13.27,GRXdB=10,N0=0.0007943282253108919
packet_number=982,correct=True,payload=[0,1,2,3,4,5,6,7,8,9,10,11,12,13,14,15,16,17,18,19,20,21,22,23,24,25,26,27,28,29,30,31,32,33,34,35,36,37,38,39,40,41,42,43,44,45,46,47,48,49,50,51,52,53,54,55,56,57,58,59,60,61,62,63,64,65,66,67,68,69,70,71,72,73,74,75,76,77,78,79,80,81,82,83,84,85,86,87,88,89,90,91,92,93,94,95,96,97,98,99]
CFO=-1072.2615556874352,STO=4
EsN0dB=13.32,GRXdB=10,N0=0.0007943282253108919
packet_number=983,correct=True,payload=[0,1,2,3,4,5,6,7,8,9,10,11,12,13,14,15,16,17,18,19,20,21,22,23,24,25,26,27,28,29,30,31,32,33,34,35,36,37,38,39,40,41,42,43,44,45,46,47,48,49,50,51,52,53,54,55,56,57,58,59,60,61,62,63,64,65,66,67,68,69,70,71,72,73,74,75,76,77,78,79,80,81,82,83,84,85,86,87,88,89,90,91,92,93,94,95,96,97,98,99]
CFO=-863.067683869081,STO=7
EsN0dB=13.35,GRXdB=10,N0=0.0007943282253108919
packet_number=984,correct=True,payload=[0,1,2,3,4,5,6,7,8,9,10,11,12,13,14,15,16,17,18,19,20,21,22,23,24,25,26,27,28,29,30,31,32,33,34,35,36,37,38,39,40,41,42,43,44,45,46,47,48,49,50,51,52,53,54,55,56,57,58,59,60,61,62,63,64,65,66,67,68,69,70,71,72,73,74,75,76,77,78,79,80,81,82,83,84,85,86,87,88,89,90,91,92,93,94,95,96,97,98,99]
CFO=-1004.0049614224282,STO=1
EsN0dB=13.31,GRXdB=10,N0=0.0007943282253108919
packet_number=985,correct=False,payload=[0,1,0,3,4,5,130,7,8,1,15,11,6,4,14,15,16,9,18,1,4,21,147,19,8,24,26,25,28,29,30,31,32,32,34,51,180,39,6,39,40,41,42,43,12,47,190,47,176,49,179,49,180,31,191,55,56,25,62,59,60,62,190,63,64,65,66,67,68,97,70,71,232,77,10,75,68,77,142,7,16,81,34,67,86,77,86,127,88,121,24,75,30,93,95,95,48,97,226,35]
CFO=-1005.287400586902,STO=2
EsN0dB=13.27,GRXdB=10,N0=0.0007943282253108919
packet_number=986,correct=False,payload=[0,1,2,3,4,5,6,7,8,9,10,11,12,13,14,15,16,17,18,19,20,21,22,23,24,25,26,27,28,29,30,31,32,33,34,35,36,37,38,39,40,41,42,43,44,37,46,47,48,49,50,51,52,53,54,55,56,57,58,59,60,61,62,63,64,65,66,67,68,69,70,71,72,73,74,75,76,77,78,79,80,81,82,83,84,85,86,87,88,89,90,91,92,93,94,95,96,97,98,99]
CFO=-1027.8059176661338,STO=4
EsN0dB=13.17,GRXdB=10,N0=0.0007943282253108919
packet_number=987,correct=True,payload=[0,1,2,3,4,5,6,7,8,9,10,11,12,13,14,15,16,17,18,19,20,21,22,23,24,25,26,27,28,29,30,31,32,33,34,35,36,37,38,39,40,41,42,43,44,45,46,47,48,49,50,51,52,53,54,55,56,57,58,59,60,61,62,63,64,65,66,67,68,69,70,71,72,73,74,75,76,77,78,79,80,81,82,83,84,85,86,87,88,89,90,91,92,93,94,95,96,97,98,99]
CFO=-1061.77010053108,STO=6
EsN0dB=13.13,GRXdB=10,N0=0.0007943282253108919
packet_number=988,correct=True,payload=[0,1,2,3,4,5,6,7,8,9,10,11,12,13,14,15,16,17,18,19,20,21,22,23,24,25,26,27,28,29,30,31,32,33,34,35,36,37,38,39,40,41,42,43,44,45,46,47,48,49,50,51,52,53,54,55,56,57,58,59,60,61,62,63,64,65,66,67,68,69,70,71,72,73,74,75,76,77,78,79,80,81,82,83,84,85,86,87,88,89,90,91,92,93,94,95,96,97,98,99]
CFO=-949.1852821035077,STO=4
EsN0dB=13.20,GRXdB=10,N0=0.0007943282253108919
packet_number=989,correct=True,payload=[0,1,2,3,4,5,6,7,8,9,10,11,12,13,14,15,16,17,18,19,20,21,22,23,24,25,26,27,28,29,30,31,32,33,34,35,36,37,38,39,40,41,42,43,44,45,46,47,48,49,50,51,52,53,54,55,56,57,58,59,60,61,62,63,64,65,66,67,68,69,70,71,72,73,74,75,76,77,78,79,80,81,82,83,84,85,86,87,88,89,90,91,92,93,94,95,96,97,98,99]
CFO=-934.7137595097066,STO=1
EsN0dB=13.28,GRXdB=10,N0=0.0007943282253108919
packet_number=990,correct=False,payload=[128,1,130,1,2,5,135,7,8,5,128,3,12,12,142,7,136,25,2,19,22,13,10,23,156,24,152,9,158,28,142,15,0,32,178,1,20,48,167,7,184,5,51,59,62,39,6,15,48,25,144,51,48,62,63,55,56,25,59,31,188,61,190,31,32,97,227,67,166,35,70,71,200,13,4,73,236,77,207,79,152,72,210,35,104,93,142,83,156,25,74,91,92,63,159,31,96,113,50,115]
CFO=-1007.7685616666475,STO=7
EsN0dB=13.29,GRXdB=10,N0=0.0007943282253108919
packet_number=991,correct=True,payload=[0,1,2,3,4,5,6,7,8,9,10,11,12,13,14,15,16,17,18,19,20,21,22,23,24,25,26,27,28,29,30,31,32,33,34,35,36,37,38,39,40,41,42,43,44,45,46,47,48,49,50,51,52,53,54,55,56,57,58,59,60,61,62,63,64,65,66,67,68,69,70,71,72,73,74,75,76,77,78,79,80,81,82,83,84,85,86,87,88,89,90,91,92,93,94,95,96,97,98,99]
CFO=-740.9210156323464,STO=5
EsN0dB=13.17,GRXdB=10,N0=0.0007943282253108919
packet_number=992,correct=True,payload=[0,1,2,3,4,5,6,7,8,9,10,11,12,13,14,15,16,17,18,19,20,21,22,23,24,25,26,27,28,29,30,31,32,33,34,35,36,37,38,39,40,41,42,43,44,45,46,47,48,49,50,51,52,53,54,55,56,57,58,59,60,61,62,63,64,65,66,67,68,69,70,71,72,73,74,75,76,77,78,79,80,81,82,83,84,85,86,87,88,89,90,91,92,93,94,95,96,97,98,99]
CFO=-996.6144832970629,STO=5
EsN0dB=13.23,GRXdB=10,N0=0.0007943282253108919
packet_number=993,correct=True,payload=[0,1,2,3,4,5,6,7,8,9,10,11,12,13,14,15,16,17,18,19,20,21,22,23,24,25,26,27,28,29,30,31,32,33,34,35,36,37,38,39,40,41,42,43,44,45,46,47,48,49,50,51,52,53,54,55,56,57,58,59,60,61,62,63,64,65,66,67,68,69,70,71,72,73,74,75,76,77,78,79,80,81,82,83,84,85,86,87,88,89,90,91,92,93,94,95,96,97,98,99]
CFO=-968.5766753338336,STO=2
EsN0dB=13.22,GRXdB=10,N0=0.0007943282253108919
packet_number=994,correct=True,payload=[0,1,2,3,4,5,6,7,8,9,10,11,12,13,14,15,16,17,18,19,20,21,22,23,24,25,26,27,28,29,30,31,32,33,34,35,36,37,38,39,40,41,42,43,44,45,46,47,48,49,50,51,52,53,54,55,56,57,58,59,60,61,62,63,64,65,66,67,68,69,70,71,72,73,74,75,76,77,78,79,80,81,82,83,84,85,86,87,88,89,90,91,92,93,94,95,96,97,98,99]
CFO=-1263.9936220058287,STO=0
EsN0dB=13.31,GRXdB=10,N0=0.0007943282253108919
packet_number=995,correct=False,payload=[0,1,2,3,4,4,6,7,8,9,2,10,8,13,14,15,0,17,18,19,20,21,22,55,24,25,18,63,28,61,30,62,32,97,34,34,32,37,38,39,56,8,46,43,60,45,46,47,112,51,50,50,52,49,54,55,56,57,58,51,60,61,62,63,64,65,66,67,68,69,68,71,8,73,90,95,76,77,78,79,80,81,82,83,84,95,86,86,88,88,82,83,92,89,156,95,96,65,226,103]
CFO=-989.489386480074,STO=1
EsN0dB=13.25,GRXdB=10,N0=0.0007943282253108919
packet_number=996,correct=False,payload=[0,3,6,7,0,3,6,7,24,11,18,3,12,13,14,15,16,17,50,18,20,37,62,23,24,25,26,27,28,30,30,31,32,96,32,34,68,39,46,39,24,57,110,43,44,13,44,14,48,34,50,51,52,117,118,118,120,121,50,58,56,61,124,127,192,64,66,6,68,197,70,199,88,75,138,79,92,221,14,79,0,209,18,35,148,85,86,215,88,208,94,95,220,61,94,223,96,66,96,99]
CFO=-1171.7171734205908,STO=5
EsN0dB=13.33,GRXdB=10,N0=0.0007943282253108919
packet_number=997,correct=True,payload=[0,1,2,3,4,5,6,7,8,9,10,11,12,13,14,15,16,17,18,19,20,21,22,23,24,25,26,27,28,29,30,31,32,33,34,35,36,37,38,39,40,41,42,43,44,45,46,47,48,49,50,51,52,53,54,55,56,57,58,59,60,61,62,63,64,65,66,67,68,69,70,71,72,73,74,75,76,77,78,79,80,81,82,83,84,85,86,87,88,89,90,91,92,93,94,95,96,97,98,99]
CFO=-915.4057870793999,STO=3
EsN0dB=13.31,GRXdB=10,N0=0.0007943282253108919
packet_number=998,correct=False,payload=[0,1,2,3,4,5,6,7,8,9,10,11,12,13,14,15,16,17,18,19,20,21,22,23,24,25,26,27,28,29,30,31,32,33,34,35,36,37,38,39,40,41,42,43,44,45,46,47,48,49,50,51,52,53,54,55,56,57,58,59,60,61,62,63,64,65,66,67,68,69,70,71,72,73,74,75,76,77,14,79,80,81,82,83,84,85,86,87,88,89,90,91,92,93,94,95,96,97,98,99]
CFO=-968.0763284032282,STO=4
EsN0dB=13.25,GRXdB=10,N0=0.0007943282253108919
packet_number=999,correct=True,payload=[0,1,2,3,4,5,6,7,8,9,10,11,12,13,14,15,16,17,18,19,20,21,22,23,24,25,26,27,28,29,30,31,32,33,34,35,36,37,38,39,40,41,42,43,44,45,46,47,48,49,50,51,52,53,54,55,56,57,58,59,60,61,62,63,64,65,66,67,68,69,70,71,72,73,74,75,76,77,78,79,80,81,82,83,84,85,86,87,88,89,90,91,92,93,94,95,96,97,98,99]
CFO=-857.383685819161,STO=4
EsN0dB=13.20,GRXdB=10,N0=0.0007943282253108919
packet_number=1000,correct=True,payload=[0,1,2,3,4,5,6,7,8,9,10,11,12,13,14,15,16,17,18,19,20,21,22,23,24,25,26,27,28,29,30,31,32,33,34,35,36,37,38,39,40,41,42,43,44,45,46,47,48,49,50,51,52,53,54,55,56,57,58,59,60,61,62,63,64,65,66,67,68,69,70,71,72,73,74,75,76,77,78,79,80,81,82,83,84,85,86,87,88,89,90,91,92,93,94,95,96,97,98,99]
CFO=-1112.3123145924435,STO=3
EsN0dB=12.33,GRXdB=10,N0=0.0010000000474974513
packet_number=1001,correct=True,payload=[0,1,2,3,4,5,6,7,8,9,10,11,12,13,14,15,16,17,18,19,20,21,22,23,24,25,26,27,28,29,30,31,32,33,34,35,36,37,38,39,40,41,42,43,44,45,46,47,48,49,50,51,52,53,54,55,56,57,58,59,60,61,62,63,64,65,66,67,68,69,70,71,72,73,74,75,76,77,78,79,80,81,82,83,84,85,86,87,88,89,90,91,92,93,94,95,96,97,98,99]
CFO=-1154.8166055133674,STO=5
EsN0dB=12.23,GRXdB=10,N0=0.0010000000474974513
packet_number=1002,correct=True,payload=[0,1,2,3,4,5,6,7,8,9,10,11,12,13,14,15,16,17,18,19,20,21,22,23,24,25,26,27,28,29,30,31,32,33,34,35,36,37,38,39,40,41,42,43,44,45,46,47,48,49,50,51,52,53,54,55,56,57,58,59,60,61,62,63,64,65,66,67,68,69,70,71,72,73,74,75,76,77,78,79,80,81,82,83,84,85,86,87,88,89,90,91,92,93,94,95,96,97,98,99]
CFO=-981.3411842436603,STO=1
EsN0dB=12.25,GRXdB=10,N0=0.0010000000474974513
packet_number=1003,correct=False,payload=[60,231,128,84,133,192,0,0,128,192,128,224,192,195,3,97,193,65,3,33,129,224,2,34,134,64,130,132,198,227,2,67,194,71,3,131,195,232,0,64,128,236,0,173,197,197,0,9,138,79,11,47,205,236,4,68,12,100,6,76,205,207,15,39,198,103,15,231,143,232,16,48,136,65,17,200,201,234,11,120,90,203,3,43,155,194,4,102,204,66,21,56,214,199,27,6,95,199,147,71]
CFO=-1001.5023374218532,STO=7
EsN0dB=12.22,GRXdB=10,N0=0.0010000000474974513
packet_number=1004,correct=False,payload=[0,1,2,3,4,5,6,7,8,9,10,11,12,13,14,15,16,17,18,19,20,21,22,23,24,25,26,27,28,29,30,31,32,33,34,35,36,37,38,39,40,41,42,43,44,45,46,47,48,49,50,51,52,53,54,55,56,57,58,59,60,61,62,63,64,65,66,67,68,69,70,71,72,73,74,75,76,73,78,79,80,81,82,83,84,85,86,87,88,89,90,91,92,93,94,95,96,97,98,99]
CFO=-1019.624631700928,STO=6
EsN0dB=12.28,GRXdB=10,N0=0.0010000000474974513
packet_number=1005,correct=True,payload=[0,1,2,3,4,5,6,7,8,9,10,11,12,13,14,15,16,17,18,19,20,21,22,23,24,25,26,27,28,29,30,31,32,33,34,35,36,37,38,39,40,41,42,43,44,45,46,47,48,49,50,51,52,53,54,55,56,57,58,59,60,61,62,63,64,65,66,67,68,69,70,71,72,73,74,75,76,77,78,79,80,81,82,83,84,85,86,87,88,89,90,91,92,93,94,95,96,97,98,99]
CFO=-846.5413534101311,STO=1
EsN0dB=12.29,GRXdB=10,N0=0.0010000000474974513
packet_number=1006,correct=False,payload=[0,1,2,1,4,7,2,3,136,8,10,11,12,14,14,15,16,8,2,3,20,21,22,23,24,25,8,27,28,29,30,31,32,33,162,33,36,38,166,39,0,33,160,63,46,47,46,47,48,17,50,49,52,28,26,55,184,57,58,61,60,61,158,31,224,1,130,3,64,69,71,71,72,5,79,75,76,77,111,7,48,16,114,19,84,69,102,87,92,89,105,127,76,92,206,127,96,33,98,35]
CFO=-1090.528042848988,STO=7
EsN0dB=12.28,GRXdB=10,N0=0.0010000000474974513
packet_number=1007,correct=True,payload=[0,1,2,3,4,5,6,7,8,9,10,11,12,13,14,15,16,17,18,19,20,21,22,23,24,25,26,27,28,29,30,31,32,33,34,35,36,37,38,39,40,41,42,43,44,45,46,47,48,49,50,51,52,53,54,55,56,57,58,59,60,61,62,63,64,65,66,67,68,69,70,71,72,73,74,75,76,77,78,79,80,81,82,83,84,85,86,87,88,89,90,91,92,93,94,95,96,97,98,99]
CFO=-1073.5254964229068,STO=6
EsN0dB=12.16,GRXdB=10,N0=0.0010000000474974513
packet_number=1008,correct=False,payload=[0,1,2,3,4,5,6,7,8,9,10,11,12,13,14,15,16,17,18,19,20,21,22,23,24,25,26,27,28,29,30,31,36,33,34,35,36,37,38,39,40,41,42,43,44,45,46,47,48,49,50,51,52,53,54,55,56,57,58,59,60,61,62,63,64,65,66,67,68,69,70,71,72,73,74,75,76,77,78,79,80,81,82,83,84,85,86,87,88,89,90,91,92,93,94,95,96,97,98,99]
CFO=-977.0618810011705,STO=5
EsN0dB=12.19,GRXdB=10,N0=0.0010000000474974513
packet_number=1009,correct=True,payload=[0,1,2,3,4,5,6,7,8,9,10,11,12,13,14,15,16,17,18,19,20,21,22,23,24,25,26,27,28,29,30,31,32,33,34,35,36,37,38,39,40,41,42,43,44,45,46,47,48,49,50,51,52,53,54,55,56,57,58,59,60,61,62,63,64,65,66,67,68,69,70,71,72,73,74,75,76,77,78,79,80,81,82,83,84,85,86,87,88,89,90,91,92,93,94,95,96,97,98,99]
CFO=-806.734097863814,STO=4
EsN0dB=12.28,GRXdB=10,N0=0.0010000000474974513
packet_number=1010,correct=True,payload=[0,1,2,3,4,5,6,7,8,9,10,11,12,13,14,15,16,17,18,19,20,21,22,23,24,25,26,27,28,29,30,31,32,33,34,35,36,37,38,39,40,41,42,43,44,45,46,47,48,49,50,51,52,53,54,55,56,57,58,59,60,61,62,63,64,65,66,67,68,69,70,71,72,73,74,75,76,77,78,79,80,81,82,83,84,85,86,87,88,89,90,91,92,93,94,95,96,97,98,99]
CFO=-928.4814490514162,STO=3
EsN0dB=12.38,GRXdB=10,N0=0.0010000000474974513
packet_number=1011,correct=False,payload=[0,1,2,3,4,5,6,7,8,9,10,11,12,13,14,15,16,17,18,19,20,21,22,23,24,25,26,27,28,29,30,31,32,33,34,35,36,37,38,39,40,41,42,43,44,45,46,47,48,49,50,51,52,53,54,55,56,57,186,59,60,61,62,63,64,65,66,67,68,69,70,71,72,73,74,75,76,77,78,79,80,81,82,83,84,85,86,87,88,89,90,91,92,77,94,95,96,97,98,99]
CFO=-847.1606950426828,STO=4
EsN0dB=12.29,GRXdB=10,N0=0.0010000000474974513
packet_number=1012,correct=True,payload=[0,1,2,3,4,5,6,7,8,9,10,11,12,13,14,15,16,17,18,19,20,21,22,23,24,25,26,27,28,29,30,31,32,33,34,35,36,37,38,39,40,41,42,43,44,45,46,47,48,49,50,51,52,53,54,55,56,57,58,59,60,61,62,63,64,65,66,67,68,69,70,71,72,73,74,75,76,77,78,79,80,81,82,83,84,85,86,87,88,89,90,91,92,93,94,95,96,97,98,99]
CFO=-907.1655670166681,STO=4
EsN0dB=12.27,GRXdB=10,N0=0.0010000000474974513
packet_number=1013,correct=True,payload=[0,1,2,3,4,5,6,7,8,9,10,11,12,13,14,15,16,17,18,19,20,21,22,23,24,25,26,27,28,29,30,31,32,33,34,35,36,37,38,39,40,41,42,43,44,45,46,47,48,49,50,51,52,53,54,55,56,57,58,59,60,61,62,63,64,65,66,67,68,69,70,71,72,73,74,75,76,77,78,79,80,81,82,83,84,85,86,87,88,89,90,91,92,93,94,95,96,97,98,99]
CFO=-1085.3342531676242,STO=5
EsN0dB=12.29,GRXdB=10,N0=0.0010000000474974513
packet_number=1014,correct=True,payload=[0,1,2,3,4,5,6,7,8,9,10,11,12,13,14,15,16,17,18,19,20,21,22,23,24,25,26,27,28,29,30,31,32,33,34,35,36,37,38,39,40,41,42,43,44,45,46,47,48,49,50,51,52,53,54,55,56,57,58,59,60,61,62,63,64,65,66,67,68,69,70,71,72,73,74,75,76,77,78,79,80,81,82,83,84,85,86,87,88,89,90,91,92,93,94,95,96,97,98,99]
CFO=-1132.0350787192208,STO=4
EsN0dB=12.24,GRXdB=10,N0=0.0010000000474974513
packet_number=1015,correct=True,payload=[0,1,2,3,4,5,6,7,8,9,10,11,12,13,14,15,16,17,18,19,20,21,22,23,24,25,26,27,28,29,30,31,32,33,34,35,36,37,38,39,40,41,42,43,44,45,46,47,48,49,50,51,52,53,54,55,56,57,58,59,60,61,62,63,64,65,66,67,68,69,70,71,72,73,74,75,76,77,78,79,80,81,82,83,84,85,86,87,88,89,90,91,92,93,94,95,96,97,98,99]
CFO=-1067.9763234612906,STO=4
EsN0dB=12.25,GRXdB=10,N0=0.0010000000474974513
packet_number=1016,correct=True,payload=[0,1,2,3,4,5,6,7,8,9,10,11,12,13,14,15,16,17,18,19,20,21,22,23,24,25,26,27,28,29,30,31,32,33,34,35,36,37,38,39,40,41,42,43,44,45,46,47,48,49,50,51,52,53,54,55,56,57,58,59,60,61,62,63,64,65,66,67,68,69,70,71,72,73,74,75,76,77,78,79,80,81,82,83,84,85,86,87,88,89,90,91,92,93,94,95,96,97,98,99]
CFO=-1221.8983123773937,STO=3
EsN0dB=12.29,GRXdB=10,N0=0.0010000000474974513
packet_number=1017,correct=True,payload=[0,1,2,3,4,5,6,7,8,9,10,11,12,13,14,15,16,17,18,19,20,21,22,23,24,25,26,27,28,29,30,31,32,33,34,35,36,37,38,39,40,41,42,43,44,45,46,47,48,49,50,51,52,53,54,55,56,57,58,59,60,61,62,63,64,65,66,67,68,69,70,71,72,73,74,75,76,77,78,79,80,81,82,83,84,85,86,87,88,89,90,91,92,93,94,95,96,97,98,99]
CFO=-1270.717208049733,STO=4
EsN0dB=12.26,GRXdB=10,N0=0.0010000000474974513
packet_number=1018,correct=True,payload=[0,1,2,3,4,5,6,7,8,9,10,11,12,13,14,15,16,17,18,19,20,21,22,23,24,25,26,27,28,29,30,31,32,33,34,35,36,37,38,39,40,41,42,43,44,45,46,47,48,49,50,51,52,53,54,55,56,57,58,59,60,61,62,63,64,65,66,67,68,69,70,71,72,73,74,75,76,77,78,79,80,81,82,83,84,85,86,87,88,89,90,91,92,93,94,95,96,97,98,99]
CFO=-905.7547060662373,STO=4
EsN0dB=12.20,GRXdB=10,N0=0.0010000000474974513
packet_number=1019,correct=True,payload=[0,1,2,3,4,5,6,7,8,9,10,11,12,13,14,15,16,17,18,19,20,21,22,23,24,25,26,27,28,29,30,31,32,33,34,35,36,37,38,39,40,41,42,43,44,45,46,47,48,49,50,51,52,53,54,55,56,57,58,59,60,61,62,63,64,65,66,67,68,69,70,71,72,73,74,75,76,77,78,79,80,81,82,83,84,85,86,87,88,89,90,91,92,93,94,95,96,97,98,99]
CFO=-1027.1176812435167,STO=3
EsN0dB=12.27,GRXdB=10,N0=0.0010000000474974513
packet_number=1020,correct=False,payload=[0,1,2,3,4,5,6,7,8,9,10,11,12,13,14,15,16,17,18,19,20,21,6,23,24,25,26,27,28,29,30,31,32,33,34,35,36,37,38,39,40,41,42,43,44,45,46,47,48,49,50,51,52,53,54,55,56,57,58,59,60,61,62,63,64,65,66,67,68,69,70,71,72,73,74,75,76,77,78,79,80,81,82,83,84,85,86,87,88,89,90,91,92,93,94,95,96,97,98,99]
CFO=-1126.3174040421432,STO=3
EsN0dB=12.25,GRXdB=10,N0=0.0010000000474974513
packet_number=1021,correct=True,payload=[0,1,2,3,4,5,6,7,8,9,10,11,12,13,14,15,16,17,18,19,20,21,22,23,24,25,26,27,28,29,30,31,32,33,34,35,36,37,38,39,40,41,42,43,44,45,46,47,48,49,50,51,52,53,54,55,56,57,58,59,60,61,62,63,64,65,66,67,68,69,70,71,72,73,74,75,76,77,78,79,80,81,82,83,84,85,86,87,88,89,90,91,92,93,94,95,96,97,98,99]
CFO=-857.4402483232251,STO=5
EsN0dB=12.25,GRXdB=10,N0=0.0010000000474974513
packet_number=1022,correct=True,payload=[0,1,2,3,4,5,6,7,8,9,10,11,12,13,14,15,16,17,18,19,20,21,22,23,24,25,26,27,28,29,30,31,32,33,34,35,36,37,38,39,40,41,42,43,44,45,46,47,48,49,50,51,52,53,54,55,56,57,58,59,60,61,62,63,64,65,66,67,68,69,70,71,72,73,74,75,76,77,78,79,80,81,82,83,84,85,86,87,88,89,90,91,92,93,94,95,96,97,98,99]
CFO=-873.5356009603274,STO=3
EsN0dB=12.28,GRXdB=10,N0=0.0010000000474974513
packet_number=1023,correct=True,payload=[0,1,2,3,4,5,6,7,8,9,10,11,12,13,14,15,16,17,18,19,20,21,22,23,24,25,26,27,28,29,30,31,32,33,34,35,36,37,38,39,40,41,42,43,44,45,46,47,48,49,50,51,52,53,54,55,56,57,58,59,60,61,62,63,64,65,66,67,68,69,70,71,72,73,74,75,76,77,78,79,80,81,82,83,84,85,86,87,88,89,90,91,92,93,94,95,96,97,98,99]
CFO=-1207.9357930303338,STO=6
EsN0dB=12.23,GRXdB=10,N0=0.0010000000474974513
packet_number=1024,correct=True,payload=[0,1,2,3,4,5,6,7,8,9,10,11,12,13,14,15,16,17,18,19,20,21,22,23,24,25,26,27,28,29,30,31,32,33,34,35,36,37,38,39,40,41,42,43,44,45,46,47,48,49,50,51,52,53,54,55,56,57,58,59,60,61,62,63,64,65,66,67,68,69,70,71,72,73,74,75,76,77,78,79,80,81,82,83,84,85,86,87,88,89,90,91,92,93,94,95,96,97,98,99]
CFO=-1154.4939502228883,STO=7
EsN0dB=12.22,GRXdB=10,N0=0.0010000000474974513
packet_number=1025,correct=False,payload=[0,1,2,3,4,5,6,7,8,9,10,11,12,13,14,15,16,17,18,22,20,21,22,23,56,25,26,27,28,29,30,31,32,33,34,35,36,37,38,39,40,41,42,43,44,45,46,47,48,48,50,51,52,53,54,55,56,57,58,59,60,61,62,63,64,65,66,67,68,69,70,71,72,73,74,203,76,76,78,79,80,81,82,83,84,85,86,87,88,89,90,95,88,93,94,95,96,97,98,99]
CFO=-1038.1917183337653,STO=6
EsN0dB=12.22,GRXdB=10,N0=0.0010000000474974513
packet_number=1026,correct=True,payload=[0,1,2,3,4,5,6,7,8,9,10,11,12,13,14,15,16,17,18,19,20,21,22,23,24,25,26,27,28,29,30,31,32,33,34,35,36,37,38,39,40,41,42,43,44,45,46,47,48,49,50,51,52,53,54,55,56,57,58,59,60,61,62,63,64,65,66,67,68,69,70,71,72,73,74,75,76,77,78,79,80,81,82,83,84,85,86,87,88,89,90,91,92,93,94,95,96,97,98,99]
CFO=-1070.8873358559892,STO=4
EsN0dB=12.30,GRXdB=10,N0=0.0010000000474974513
packet_number=1027,correct=True,payload=[0,1,2,3,4,5,6,7,8,9,10,11,12,13,14,15,16,17,18,19,20,21,22,23,24,25,26,27,28,29,30,31,32,33,34,35,36,37,38,39,40,41,42,43,44,45,46,47,48,49,50,51,52,53,54,55,56,57,58,59,60,61,62,63,64,65,66,67,68,69,70,71,72,73,74,75,76,77,78,79,80,81,82,83,84,85,86,87,88,89,90,91,92,93,94,95,96,97,98,99]
CFO=-1158.6934493453882,STO=3
EsN0dB=12.31,GRXdB=10,N0=0.0010000000474974513
packet_number=1028,correct=False,payload=[0,1,2,3,4,5,6,7,8,9,10,11,12,13,14,15,16,17,18,19,20,21,22,23,24,9,26,27,28,29,30,31,32,33,34,35,36,39,166,39,40,41,34,43,44,45,46,47,48,49,178,51,60,53,54,55,56,57,58,59,60,61,63,63,64,65,98,67,64,69,71,71,72,73,74,111,76,77,78,79,112,81,66,83,84,85,86,87,88,89,90,91,92,93,94,95,96,97,34,99]
CFO=-1106.7902963759652,STO=5
EsN0dB=12.21,GRXdB=10,N0=0.0010000000474974513
packet_number=1029,correct=True,payload=[0,1,2,3,4,5,6,7,8,9,10,11,12,13,14,15,16,17,18,19,20,21,22,23,24,25,26,27,28,29,30,31,32,33,34,35,36,37,38,39,40,41,42,43,44,45,46,47,48,49,50,51,52,53,54,55,56,57,58,59,60,61,62,63,64,65,66,67,68,69,70,71,72,73,74,75,76,77,78,79,80,81,82,83,84,85,86,87,88,89,90,91,92,93,94,95,96,97,98,99]
CFO=-1269.2499031749112,STO=6
EsN0dB=12.30,GRXdB=10,N0=0.0010000000474974513
packet_number=1030,correct=True,payload=[0,1,2,3,4,5,6,7,8,9,10,11,12,13,14,15,16,17,18,19,20,21,22,23,24,25,26,27,28,29,30,31,32,33,34,35,36,37,38,39,40,41,42,43,44,45,46,47,48,49,50,51,52,53,54,55,56,57,58,59,60,61,62,63,64,65,66,67,68,69,70,71,72,73,74,75,76,77,78,79,80,81,82,83,84,85,86,87,88,89,90,91,92,93,94,95,96,97,98,99]
CFO=-1104.3653420612645,STO=3
EsN0dB=12.25,GRXdB=10,N0=0.0010000000474974513
packet_number=1031,correct=True,payload=[0,1,2,3,4,5,6,7,8,9,10,11,12,13,14,15,16,17,18,19,20,21,22,23,24,25,26,27,28,29,30,31,32,33,34,35,36,37,38,39,40,41,42,43,44,45,46,47,48,49,50,51,52,53,54,55,56,57,58,59,60,61,62,63,64,65,66,67,68,69,70,71,72,73,74,75,76,77,78,79,80,81,82,83,84,85,86,87,88,89,90,91,92,93,94,95,96,97,98,99]
CFO=-984.2521373485225,STO=0
EsN0dB=12.27,GRXdB=10,N0=0.0010000000474974513
packet_number=1032,correct=False,payload=[0,1,2,3,4,5,6,6,8,1,10,11,8,25,30,15,16,1,6,50,20,47,28,23,24,25,26,31,28,29,28,63,32,35,102,98,36,0,38,39,40,65,8,35,12,127,110,62,32,49,48,115,112,53,54,55,48,56,122,63,124,61,60,63,0,66,64,195,196,76,70,199,72,0,10,90,204,77,94,79,80,17,86,82,64,213,118,95,88,56,218,27,220,95,222,127,96,97,66,99]
CFO=-997.6246635321208,STO=2
EsN0dB=12.23,GRXdB=10,N0=0.0010000000474974513
packet_number=1033,correct=False,payload=[0,1,2,3,4,5,6,3,8,9,10,11,12,13,14,15,16,17,18,19,20,21,22,23,24,25,27,27,28,29,30,31,32,33,2,35,36,37,38,39,8,41,42,43,44,45,46,47,48,49,50,51,52,53,54,55,56,57,58,59,60,61,62,63,64,65,66,67,68,69,70,71,72,73,74,75,76,77,78,79,80,81,210,83,80,85,86,87,88,89,90,91,92,93,94,95,96,97,98,99]
CFO=-912.8641503663782,STO=4
EsN0dB=12.26,GRXdB=10,N0=0.0010000000474974513
packet_number=1034,correct=True,payload=[0,1,2,3,4,5,6,7,8,9,10,11,12,13,14,15,16,17,18,19,20,21,22,23,24,25,26,27,28,29,30,31,32,33,34,35,36,37,38,39,40,41,42,43,44,45,46,47,48,49,50,51,52,53,54,55,56,57,58,59,60,61,62,63,64,65,66,67,68,69,70,71,72,73,74,75,76,77,78,79,80,81,82,83,84,85,86,87,88,89,90,91,92,93,94,95,96,97,98,99]
CFO=-1068.5833328078409,STO=5
EsN0dB=12.27,GRXdB=10,N0=0.0010000000474974513
packet_number=1035,correct=True,payload=[0,1,2,3,4,5,6,7,8,9,10,11,12,13,14,15,16,17,18,19,20,21,22,23,24,25,26,27,28,29,30,31,32,33,34,35,36,37,38,39,40,41,42,43,44,45,46,47,48,49,50,51,52,53,54,55,56,57,58,59,60,61,62,63,64,65,66,67,68,69,70,71,72,73,74,75,76,77,78,79,80,81,82,83,84,85,86,87,88,89,90,91,92,93,94,95,96,97,98,99]
CFO=-891.7550712814999,STO=4
EsN0dB=12.20,GRXdB=10,N0=0.0010000000474974513
packet_number=1036,correct=True,payload=[0,1,2,3,4,5,6,7,8,9,10,11,12,13,14,15,16,17,18,19,20,21,22,23,24,25,26,27,28,29,30,31,32,33,34,35,36,37,38,39,40,41,42,43,44,45,46,47,48,49,50,51,52,53,54,55,56,57,58,59,60,61,62,63,64,65,66,67,68,69,70,71,72,73,74,75,76,77,78,79,80,81,82,83,84,85,86,87,88,89,90,91,92,93,94,95,96,97,98,99]
CFO=-983.9185134382824,STO=7
EsN0dB=12.29,GRXdB=10,N0=0.0010000000474974513
packet_number=1037,correct=False,payload=[0,1,2,3,4,5,6,15,8,9,2,11,12,15,14,15,16,17,18,19,4,21,22,23,24,25,26,27,28,29,30,31,32,33,34,35,36,37,38,39,40,41,42,43,44,45,46,47,48,49,50,51,52,53,54,55,56,57,58,59,60,61,62,63,64,64,66,67,68,69,70,71,72,73,74,75,76,77,78,79,64,81,86,19,68,85,86,87,88,81,90,91,92,93,94,127,96,97,98,99]
CFO=-748.5166365921584,STO=6
EsN0dB=12.34,GRXdB=10,N0=0.0010000000474974513
packet_number=1038,correct=False,payload=[0,1,2,3,4,5,6,7,8,9,10,11,12,13,14,15,16,17,18,19,20,21,22,23,24,25,26,27,28,29,30,31,32,33,34,35,36,37,38,39,40,41,42,43,44,45,46,47,48,49,50,51,52,53,54,55,56,57,58,59,60,61,62,63,64,65,66,67,68,69,70,71,72,73,74,75,76,77,78,79,80,81,82,83,84,85,86,87,24,89,90,91,92,93,94,95,96,97,98,99]
CFO=-979.6110475234334,STO=1
EsN0dB=12.32,GRXdB=10,N0=0.0010000000474974513
packet_number=1039,correct=False,payload=[0,1,6,3,8,15,14,6,8,18,28,2,28,26,12,30,48,33,38,18,56,15,38,47,24,51,28,23,56,62,62,30,64,64,64,102,0,67,4,70,8,88,20,107,28,56,14,95,112,34,116,115,120,100,110,55,112,56,48,123,56,58,124,127,64,3,196,2,136,195,196,79,192,152,142,154,200,138,220,142,208,178,0,227,144,123,238,22,56,147,124,146,152,156,188,158,64,99,224,231]
CFO=-872.837225975661,STO=4
EsN0dB=12.27,GRXdB=10,N0=0.0010000000474974513
packet_number=1040,correct=True,payload=[0,1,2,3,4,5,6,7,8,9,10,11,12,13,14,15,16,17,18,19,20,21,22,23,24,25,26,27,28,29,30,31,32,33,34,35,36,37,38,39,40,41,42,43,44,45,46,47,48,49,50,51,52,53,54,55,56,57,58,59,60,61,62,63,64,65,66,67,68,69,70,71,72,73,74,75,76,77,78,79,80,81,82,83,84,85,86,87,88,89,90,91,92,93,94,95,96,97,98,99]
CFO=-1079.1619440239174,STO=5
EsN0dB=12.17,GRXdB=10,N0=0.0010000000474974513
packet_number=1041,correct=False,payload=[0,1,2,3,4,5,6,7,8,9,10,11,12,13,14,15,16,17,18,19,20,21,22,23,24,25,26,27,28,29,30,31,32,33,34,35,36,37,38,39,40,41,42,43,44,45,46,47,48,49,50,51,52,53,54,55,56,57,58,59,60,61,62,63,64,65,66,67,68,69,70,71,72,73,74,75,76,77,78,79,80,81,82,83,85,85,86,87,88,89,90,91,92,93,94,95,96,97,98,99]
CFO=-961.1108991160557,STO=0
EsN0dB=12.26,GRXdB=10,N0=0.0010000000474974513
packet_number=1042,correct=True,payload=[0,1,2,3,4,5,6,7,8,9,10,11,12,13,14,15,16,17,18,19,20,21,22,23,24,25,26,27,28,29,30,31,32,33,34,35,36,37,38,39,40,41,42,43,44,45,46,47,48,49,50,51,52,53,54,55,56,57,58,59,60,61,62,63,64,65,66,67,68,69,70,71,72,73,74,75,76,77,78,79,80,81,82,83,84,85,86,87,88,89,90,91,92,93,94,95,96,97,98,99]
CFO=-1086.4330124184808,STO=5
EsN0dB=12.35,GRXdB=10,N0=0.0010000000474974513
packet_number=1043,correct=True,payload=[0,1,2,3,4,5,6,7,8,9,10,11,12,13,14,15,16,17,18,19,20,21,22,23,24,25,26,27,28,29,30,31,32,33,34,35,36,37,38,39,40,41,42,43,44,45,46,47,48,49,50,51,52,53,54,55,56,57,58,59,60,61,62,63,64,65,66,67,68,69,70,71,72,73,74,75,76,77,78,79,80,81,82,83,84,85,86,87,88,89,90,91,92,93,94,95,96,97,98,99]
CFO=-1182.1361763966877,STO=4
EsN0dB=12.33,GRXdB=10,N0=0.0010000000474974513
packet_number=1044,correct=True,payload=[0,1,2,3,4,5,6,7,8,9,10,11,12,13,14,15,16,17,18,19,20,21,22,23,24,25,26,27,28,29,30,31,32,33,34,35,36,37,38,39,40,41,42,43,44,45,46,47,48,49,50,51,52,53,54,55,56,57,58,59,60,61,62,63,64,65,66,67,68,69,70,71,72,73,74,75,76,77,78,79,80,81,82,83,84,85,86,87,88,89,90,91,92,93,94,95,96,97,98,99]
CFO=-1049.4183674632814,STO=3
EsN0dB=12.22,GRXdB=10,N0=0.0010000000474974513
packet_number=1045,correct=True,payload=[0,1,2,3,4,5,6,7,8,9,10,11,12,13,14,15,16,17,18,19,20,21,22,23,24,25,26,27,28,29,30,31,32,33,34,35,36,37,38,39,40,41,42,43,44,45,46,47,48,49,50,51,52,53,54,55,56,57,58,59,60,61,62,63,64,65,66,67,68,69,70,71,72,73,74,75,76,77,78,79,80,81,82,83,84,85,86,87,88,89,90,91,92,93,94,95,96,97,98,99]
CFO=-786.7840757935588,STO=5
EsN0dB=12.31,GRXdB=10,N0=0.0010000000474974513
packet_number=1046,correct=True,payload=[0,1,2,3,4,5,6,7,8,9,10,11,12,13,14,15,16,17,18,19,20,21,22,23,24,25,26,27,28,29,30,31,32,33,34,35,36,37,38,39,40,41,42,43,44,45,46,47,48,49,50,51,52,53,54,55,56,57,58,59,60,61,62,63,64,65,66,67,68,69,70,71,72,73,74,75,76,77,78,79,80,81,82,83,84,85,86,87,88,89,90,91,92,93,94,95,96,97,98,99]
CFO=-1016.8247284599151,STO=3
EsN0dB=12.33,GRXdB=10,N0=0.0010000000474974513
packet_number=1047,correct=True,payload=[0,1,2,3,4,5,6,7,8,9,10,11,12,13,14,15,16,17,18,19,20,21,22,23,24,25,26,27,28,29,30,31,32,33,34,35,36,37,38,39,40,41,42,43,44,45,46,47,48,49,50,51,52,53,54,55,56,57,58,59,60,61,62,63,64,65,66,67,68,69,70,71,72,73,74,75,76,77,78,79,80,81,82,83,84,85,86,87,88,89,90,91,92,93,94,95,96,97,98,99]
CFO=-773.0293673235898,STO=3
EsN0dB=12.22,GRXdB=10,N0=0.0010000000474974513
packet_number=1048,correct=False,payload=[0,1,2,3,4,5,6,7,8,9,10,11,12,13,14,15,16,17,18,19,20,21,22,23,24,25,26,27,28,29,30,31,32,33,34,35,36,37,38,39,40,41,42,43,44,47,46,47,48,49,50,51,52,53,54,55,56,57,58,59,60,61,62,127,64,65,66,67,68,69,70,71,72,73,74,75,76,77,78,79,80,81,114,83,84,85,86,87,88,89,90,219,92,93,94,95,96,97,98,99]
CFO=-825.746332589433,STO=3
EsN0dB=12.28,GRXdB=10,N0=0.0010000000474974513
packet_number=1049,correct=False,payload=[0,1,2,3,4,5,6,7,8,9,11,11,12,13,14,15,16,17,18,19,20,21,22,23,24,25,26,27,28,29,30,31,32,33,34,35,36,37,38,39,40,41,42,43,44,45,46,47,48,49,50,51,52,53,54,55,56,57,58,59,60,61,62,63,64,65,66,67,68,69,70,71,72,73,74,75,76,77,78,79,80,81,82,83,84,85,86,87,88,89,90,91,92,93,94,95,96,97,98,99]
CFO=-1233.917785201193,STO=7
EsN0dB=12.25,GRXdB=10,N0=0.0010000000474974513
packet_number=1050,correct=False,payload=[0,1,2,3,4,5,6,7,8,9,10,11,12,13,14,15,16,17,18,19,20,21,22,23,24,25,26,27,28,29,30,31,32,33,34,35,36,37,38,39,40,41,42,43,44,45,46,47,48,49,50,51,52,53,54,55,56,57,58,59,60,61,62,63,64,65,66,67,68,69,70,71,72,73,74,75,76,77,78,79,80,81,210,83,84,85,86,87,88,89,90,91,92,93,94,95,96,97,98,99]
CFO=-879.5630057435175,STO=5
EsN0dB=12.20,GRXdB=10,N0=0.0010000000474974513
packet_number=1051,correct=True,payload=[0,1,2,3,4,5,6,7,8,9,10,11,12,13,14,15,16,17,18,19,20,21,22,23,24,25,26,27,28,29,30,31,32,33,34,35,36,37,38,39,40,41,42,43,44,45,46,47,48,49,50,51,52,53,54,55,56,57,58,59,60,61,62,63,64,65,66,67,68,69,70,71,72,73,74,75,76,77,78,79,80,81,82,83,84,85,86,87,88,89,90,91,92,93,94,95,96,97,98,99]
CFO=-1036.0825416885045,STO=5
EsN0dB=12.28,GRXdB=10,N0=0.0010000000474974513
packet_number=1052,correct=True,payload=[0,1,2,3,4,5,6,7,8,9,10,11,12,13,14,15,16,17,18,19,20,21,22,23,24,25,26,27,28,29,30,31,32,33,34,35,36,37,38,39,40,41,42,43,44,45,46,47,48,49,50,51,52,53,54,55,56,57,58,59,60,61,62,63,64,65,66,67,68,69,70,71,72,73,74,75,76,77,78,79,80,81,82,83,84,85,86,87,88,89,90,91,92,93,94,95,96,97,98,99]
CFO=-1064.2669141276738,STO=2
EsN0dB=12.28,GRXdB=10,N0=0.0010000000474974513
packet_number=1053,correct=False,payload=[0,1,2,3,4,5,6,7,8,9,10,11,12,13,14,15,16,17,18,27,20,29,22,23,24,25,26,27,28,29,30,31,32,33,35,35,36,37,38,39,40,41,42,43,44,45,46,47,48,49,48,51,52,53,54,55,56,57,58,59,60,61,63,63,64,97,66,67,68,69,70,71,72,73,74,75,76,77,78,79,80,81,82,83,84,85,86,87,88,89,90,91,92,93,94,95,32,97,98,99]
CFO=-982.9368516146027,STO=2
EsN0dB=12.24,GRXdB=10,N0=0.0010000000474974513
packet_number=1054,correct=False,payload=[0,1,2,3,4,5,6,7,8,9,10,11,12,13,14,15,16,17,18,19,20,21,22,23,24,25,26,27,28,29,30,31,32,33,34,35,36,37,38,39,40,41,42,43,44,45,46,47,48,49,50,51,52,53,54,55,56,57,58,59,60,61,63,63,64,65,66,67,68,69,70,71,72,73,74,75,76,77,78,79,80,81,82,83,84,85,86,87,88,89,88,91,92,93,126,95,96,97,98,99]
CFO=-996.395940959557,STO=1
EsN0dB=12.36,GRXdB=10,N0=0.0010000000474974513
packet_number=1055,correct=True,payload=[0,1,2,3,4,5,6,7,8,9,10,11,12,13,14,15,16,17,18,19,20,21,22,23,24,25,26,27,28,29,30,31,32,33,34,35,36,37,38,39,40,41,42,43,44,45,46,47,48,49,50,51,52,53,54,55,56,57,58,59,60,61,62,63,64,65,66,67,68,69,70,71,72,73,74,75,76,77,78,79,80,81,82,83,84,85,86,87,88,89,90,91,92,93,94,95,96,97,98,99]
CFO=-1057.720011796674,STO=1
EsN0dB=12.21,GRXdB=10,N0=0.0010000000474974513
packet_number=1056,correct=False,payload=[128,1,1,3,4,1,2,7,8,13,10,11,12,13,14,15,16,17,147,3,20,21,18,7,24,25,26,27,28,29,14,15,32,33,34,33,166,37,50,35,168,41,58,43,36,45,182,63,48,49,18,49,52,49,54,55,56,61,58,59,60,61,191,63,64,65,66,67,4,5,6,71,72,73,74,11,12,77,78,79,208,81,18,19,84,85,87,87,88,89,90,95,28,29,94,127,96,97,98,99]
CFO=-922.9086194450185,STO=7
EsN0dB=12.21,GRXdB=10,N0=0.0010000000474974513
packet_number=1057,correct=False,payload=[0,1,2,3,4,5,6,7,8,9,10,11,12,13,14,15,16,17,18,19,20,21,22,23,24,25,26,27,28,29,30,31,32,33,34,35,36,37,38,39,40,41,42,43,44,45,46,47,48,49,50,51,52,49,54,55,56,57,58,59,60,61,62,63,64,65,66,67,68,69,70,71,72,73,74,75,76,77,78,79,80,81,82,83,84,85,86,87,88,89,90,91,92,93,94,95,96,97,98,99]
CFO=-1123.3002628400286,STO=5
EsN0dB=12.25,GRXdB=10,N0=0.0010000000474974513
packet_number=1058,correct=True,payload=[0,1,2,3,4,5,6,7,8,9,10,11,12,13,14,15,16,17,18,19,20,21,22,23,24,25,26,27,28,29,30,31,32,33,34,35,36,37,38,39,40,41,42,43,44,45,46,47,48,49,50,51,52,53,54,55,56,57,58,59,60,61,62,63,64,65,66,67,68,69,70,71,72,73,74,75,76,77,78,79,80,81,82,83,84,85,86,87,88,89,90,91,92,93,94,95,96,97,98,99]
CFO=-989.9297913859322,STO=5
EsN0dB=12.19,GRXdB=10,N0=0.0010000000474974513
packet_number=1059,correct=True,payload=[0,1,2,3,4,5,6,7,8,9,10,11,12,13,14,15,16,17,18,19,20,21,22,23,24,25,26,27,28,29,30,31,32,33,34,35,36,37,38,39,40,41,42,43,44,45,46,47,48,49,50,51,52,53,54,55,56,57,58,59,60,61,62,63,64,65,66,67,68,69,70,71,72,73,74,75,76,77,78,79,80,81,82,83,84,85,86,87,88,89,90,91,92,93,94,95,96,97,98,99]
CFO=-1039.09126373383,STO=3
EsN0dB=12.14,GRXdB=10,N0=0.0010000000474974513
packet_number=1060,correct=True,payload=[0,1,2,3,4,5,6,7,8,9,10,11,12,13,14,15,16,17,18,19,20,21,22,23,24,25,26,27,28,29,30,31,32,33,34,35,36,37,38,39,40,41,42,43,44,45,46,47,48,49,50,51,52,53,54,55,56,57,58,59,60,61,62,63,64,65,66,67,68,69,70,71,72,73,74,75,76,77,78,79,80,81,82,83,84,85,86,87,88,89,90,91,92,93,94,95,96,97,98,99]
CFO=-665.2744175606665,STO=2
EsN0dB=12.31,GRXdB=10,N0=0.0010000000474974513
packet_number=1061,correct=False,payload=[128,1,0,3,4,1,6,7,8,9,10,11,14,13,14,15,16,17,18,19,20,19,22,7,24,25,26,27,28,13,30,31,32,33,34,51,38,37,38,39,40,41,42,43,44,45,46,47,48,49,50,51,52,53,54,55,56,57,58,59,60,61,62,63,64,97,66,67,68,69,70,71,64,73,74,75,78,77,78,79,112,81,82,83,84,87,86,7,88,89,90,91,92,93,94,95,96,97,98,99]
CFO=-1004.269275513747,STO=6
EsN0dB=12.25,GRXdB=10,N0=0.0010000000474974513
packet_number=1062,correct=False,payload=[0,1,2,3,4,5,6,7,8,9,10,11,12,13,14,15,16,81,18,19,20,21,22,23,24,25,26,27,28,29,30,31,32,33,34,35,36,37,38,39,40,41,42,43,44,45,46,47,48,49,50,51,52,53,54,55,56,57,58,59,60,61,62,63,64,65,66,67,68,69,70,71,72,73,74,75,76,77,78,79,80,81,82,83,84,85,86,87,88,89,90,91,92,93,94,95,96,97,98,99]
CFO=-797.2280397908411,STO=5
EsN0dB=12.32,GRXdB=10,N0=0.0010000000474974513
packet_number=1063,correct=True,payload=[0,1,2,3,4,5,6,7,8,9,10,11,12,13,14,15,16,17,18,19,20,21,22,23,24,25,26,27,28,29,30,31,32,33,34,35,36,37,38,39,40,41,42,43,44,45,46,47,48,49,50,51,52,53,54,55,56,57,58,59,60,61,62,63,64,65,66,67,68,69,70,71,72,73,74,75,76,77,78,79,80,81,82,83,84,85,86,87,88,89,90,91,92,93,94,95,96,97,98,99]
CFO=-844.3666022056514,STO=5
EsN0dB=12.31,GRXdB=10,N0=0.0010000000474974513
packet_number=1064,correct=True,payload=[0,1,2,3,4,5,6,7,8,9,10,11,12,13,14,15,16,17,18,19,20,21,22,23,24,25,26,27,28,29,30,31,32,33,34,35,36,37,38,39,40,41,42,43,44,45,46,47,48,49,50,51,52,53,54,55,56,57,58,59,60,61,62,63,64,65,66,67,68,69,70,71,72,73,74,75,76,77,78,79,80,81,82,83,84,85,86,87,88,89,90,91,92,93,94,95,96,97,98,99]
CFO=-1117.466380083322,STO=7
EsN0dB=12.19,GRXdB=10,N0=0.0010000000474974513
packet_number=1065,correct=True,payload=[0,1,2,3,4,5,6,7,8,9,10,11,12,13,14,15,16,17,18,19,20,21,22,23,24,25,26,27,28,29,30,31,32,33,34,35,36,37,38,39,40,41,42,43,44,45,46,47,48,49,50,51,52,53,54,55,56,57,58,59,60,61,62,63,64,65,66,67,68,69,70,71,72,73,74,75,76,77,78,79,80,81,82,83,84,85,86,87,88,89,90,91,92,93,94,95,96,97,98,99]
CFO=-924.1832323510683,STO=5
EsN0dB=12.23,GRXdB=10,N0=0.0010000000474974513
packet_number=1066,correct=True,payload=[0,1,2,3,4,5,6,7,8,9,10,11,12,13,14,15,16,17,18,19,20,21,22,23,24,25,26,27,28,29,30,31,32,33,34,35,36,37,38,39,40,41,42,43,44,45,46,47,48,49,50,51,52,53,54,55,56,57,58,59,60,61,62,63,64,65,66,67,68,69,70,71,72,73,74,75,76,77,78,79,80,81,82,83,84,85,86,87,88,89,90,91,92,93,94,95,96,97,98,99]
CFO=-1009.4679269617075,STO=5
EsN0dB=12.25,GRXdB=10,N0=0.0010000000474974513
packet_number=1067,correct=True,payload=[0,1,2,3,4,5,6,7,8,9,10,11,12,13,14,15,16,17,18,19,20,21,22,23,24,25,26,27,28,29,30,31,32,33,34,35,36,37,38,39,40,41,42,43,44,45,46,47,48,49,50,51,52,53,54,55,56,57,58,59,60,61,62,63,64,65,66,67,68,69,70,71,72,73,74,75,76,77,78,79,80,81,82,83,84,85,86,87,88,89,90,91,92,93,94,95,96,97,98,99]
CFO=-961.1416705412228,STO=6
EsN0dB=12.31,GRXdB=10,N0=0.0010000000474974513
packet_number=1068,correct=False,payload=[0,1,2,3,4,5,6,7,8,9,10,11,12,13,14,15,16,17,18,19,20,21,22,23,24,25,26,27,28,29,30,31,32,33,34,35,36,37,38,39,40,41,42,43,44,45,46,47,48,49,50,51,52,53,54,55,56,41,58,59,60,61,62,63,64,65,66,67,68,69,70,71,72,73,74,75,76,77,78,79,80,81,82,83,84,85,86,87,88,89,90,91,92,93,94,95,96,97,98,99]
CFO=-1080.7333618517127,STO=4
EsN0dB=12.24,GRXdB=10,N0=0.0010000000474974513
packet_number=1069,correct=True,payload=[0,1,2,3,4,5,6,7,8,9,10,11,12,13,14,15,16,17,18,19,20,21,22,23,24,25,26,27,28,29,30,31,32,33,34,35,36,37,38,39,40,41,42,43,44,45,46,47,48,49,50,51,52,53,54,55,56,57,58,59,60,61,62,63,64,65,66,67,68,69,70,71,72,73,74,75,76,77,78,79,80,81,82,83,84,85,86,87,88,89,90,91,92,93,94,95,96,97,98,99]
CFO=-1016.8150049267217,STO=4
EsN0dB=12.22,GRXdB=10,N0=0.0010000000474974513
packet_number=1070,correct=True,payload=[0,1,2,3,4,5,6,7,8,9,10,11,12,13,14,15,16,17,18,19,20,21,22,23,24,25,26,27,28,29,30,31,32,33,34,35,36,37,38,39,40,41,42,43,44,45,46,47,48,49,50,51,52,53,54,55,56,57,58,59,60,61,62,63,64,65,66,67,68,69,70,71,72,73,74,75,76,77,78,79,80,81,82,83,84,85,86,87,88,89,90,91,92,93,94,95,96,97,98,99]
CFO=-1219.2056051608547,STO=5
EsN0dB=12.18,GRXdB=10,N0=0.0010000000474974513
packet_number=1071,correct=True,payload=[0,1,2,3,4,5,6,7,8,9,10,11,12,13,14,15,16,17,18,19,20,21,22,23,24,25,26,27,28,29,30,31,32,33,34,35,36,37,38,39,40,41,42,43,44,45,46,47,48,49,50,51,52,53,54,55,56,57,58,59,60,61,62,63,64,65,66,67,68,69,70,71,72,73,74,75,76,77,78,79,80,81,82,83,84,85,86,87,88,89,90,91,92,93,94,95,96,97,98,99]
CFO=-1018.8376184106264,STO=6
EsN0dB=12.33,GRXdB=10,N0=0.0010000000474974513
packet_number=1072,correct=True,payload=[0,1,2,3,4,5,6,7,8,9,10,11,12,13,14,15,16,17,18,19,20,21,22,23,24,25,26,27,28,29,30,31,32,33,34,35,36,37,38,39,40,41,42,43,44,45,46,47,48,49,50,51,52,53,54,55,56,57,58,59,60,61,62,63,64,65,66,67,68,69,70,71,72,73,74,75,76,77,78,79,80,81,82,83,84,85,86,87,88,89,90,91,92,93,94,95,96,97,98,99]
CFO=-1118.2933547234552,STO=1
EsN0dB=12.21,GRXdB=10,N0=0.0010000000474974513
packet_number=1073,correct=False,payload=[0,0,2,3,132,7,6,7,12,13,10,11,12,12,14,15,16,24,2,27,4,23,6,23,152,25,154,11,156,13,14,31,32,49,32,49,38,33,134,39,40,33,46,43,36,45,46,7,48,49,178,51,188,51,182,55,56,61,58,63,60,63,62,63,192,65,0,3,68,101,70,71,72,65,202,75,78,13,78,79,120,89,195,83,52,85,55,31,216,41,219,91,28,125,94,95,48,49,34,99]
CFO=-1054.7032263335786,STO=3
EsN0dB=12.23,GRXdB=10,N0=0.0010000000474974513
packet_number=1074,correct=True,payload=[0,1,2,3,4,5,6,7,8,9,10,11,12,13,14,15,16,17,18,19,20,21,22,23,24,25,26,27,28,29,30,31,32,33,34,35,36,37,38,39,40,41,42,43,44,45,46,47,48,49,50,51,52,53,54,55,56,57,58,59,60,61,62,63,64,65,66,67,68,69,70,71,72,73,74,75,76,77,78,79,80,81,82,83,84,85,86,87,88,89,90,91,92,93,94,95,96,97,98,99]
CFO=-1175.6368245145975,STO=4
EsN0dB=12.36,GRXdB=10,N0=0.0010000000474974513
packet_number=1075,correct=True,payload=[0,1,2,3,4,5,6,7,8,9,10,11,12,13,14,15,16,17,18,19,20,21,22,23,24,25,26,27,28,29,30,31,32,33,34,35,36,37,38,39,40,41,42,43,44,45,46,47,48,49,50,51,52,53,54,55,56,57,58,59,60,61,62,63,64,65,66,67,68,69,70,71,72,73,74,75,76,77,78,79,80,81,82,83,84,85,86,87,88,89,90,91,92,93,94,95,96,97,98,99]
CFO=-981.1885722043929,STO=5
EsN0dB=12.20,GRXdB=10,N0=0.0010000000474974513
packet_number=1076,correct=True,payload=[0,1,2,3,4,5,6,7,8,9,10,11,12,13,14,15,16,17,18,19,20,21,22,23,24,25,26,27,28,29,30,31,32,33,34,35,36,37,38,39,40,41,42,43,44,45,46,47,48,49,50,51,52,53,54,55,56,57,58,59,60,61,62,63,64,65,66,67,68,69,70,71,72,73,74,75,76,77,78,79,80,81,82,83,84,85,86,87,88,89,90,91,92,93,94,95,96,97,98,99]
CFO=-1052.0692160552194,STO=1
EsN0dB=12.33,GRXdB=10,N0=0.0010000000474974513
packet_number=1077,correct=False,payload=[0,1,2,1,4,5,2,7,0,9,10,1,156,13,15,15,0,17,146,19,148,21,23,31,24,25,30,31,28,12,31,31,0,33,34,35,36,53,38,39,40,41,38,15,38,45,174,47,16,49,26,51,60,53,22,55,184,57,58,59,188,29,62,63,64,65,194,65,4,5,198,103,236,9,138,75,76,77,206,111,80,81,82,83,84,85,86,95,88,77,218,91,92,93,223,95,96,97,98,99]
CFO=-1259.1786943799889,STO=0
EsN0dB=12.22,GRXdB=10,N0=0.0010000000474974513
packet_number=1078,correct=True,payload=[0,1,2,3,4,5,6,7,8,9,10,11,12,13,14,15,16,17,18,19,20,21,22,23,24,25,26,27,28,29,30,31,32,33,34,35,36,37,38,39,40,41,42,43,44,45,46,47,48,49,50,51,52,53,54,55,56,57,58,59,60,61,62,63,64,65,66,67,68,69,70,71,72,73,74,75,76,77,78,79,80,81,82,83,84,85,86,87,88,89,90,91,92,93,94,95,96,97,98,99]
CFO=-1107.6657701023923,STO=4
EsN0dB=12.24,GRXdB=10,N0=0.0010000000474974513
packet_number=1079,correct=True,payload=[0,1,2,3,4,5,6,7,8,9,10,11,12,13,14,15,16,17,18,19,20,21,22,23,24,25,26,27,28,29,30,31,32,33,34,35,36,37,38,39,40,41,42,43,44,45,46,47,48,49,50,51,52,53,54,55,56,57,58,59,60,61,62,63,64,65,66,67,68,69,70,71,72,73,74,75,76,77,78,79,80,81,82,83,84,85,86,87,88,89,90,91,92,93,94,95,96,97,98,99]
CFO=-1227.7420372469667,STO=4
EsN0dB=12.24,GRXdB=10,N0=0.0010000000474974513
packet_number=1080,correct=True,payload=[0,1,2,3,4,5,6,7,8,9,10,11,12,13,14,15,16,17,18,19,20,21,22,23,24,25,26,27,28,29,30,31,32,33,34,35,36,37,38,39,40,41,42,43,44,45,46,47,48,49,50,51,52,53,54,55,56,57,58,59,60,61,62,63,64,65,66,67,68,69,70,71,72,73,74,75,76,77,78,79,80,81,82,83,84,85,86,87,88,89,90,91,92,93,94,95,96,97,98,99]
CFO=-1137.187365515003,STO=2
EsN0dB=12.40,GRXdB=10,N0=0.0010000000474974513
packet_number=1081,correct=True,payload=[0,1,2,3,4,5,6,7,8,9,10,11,12,13,14,15,16,17,18,19,20,21,22,23,24,25,26,27,28,29,30,31,32,33,34,35,36,37,38,39,40,41,42,43,44,45,46,47,48,49,50,51,52,53,54,55,56,57,58,59,60,61,62,63,64,65,66,67,68,69,70,71,72,73,74,75,76,77,78,79,80,81,82,83,84,85,86,87,88,89,90,91,92,93,94,95,96,97,98,99]
CFO=-1268.325811782517,STO=5
EsN0dB=12.26,GRXdB=10,N0=0.0010000000474974513
packet_number=1082,correct=True,payload=[0,1,2,3,4,5,6,7,8,9,10,11,12,13,14,15,16,17,18,19,20,21,22,23,24,25,26,27,28,29,30,31,32,33,34,35,36,37,38,39,40,41,42,43,44,45,46,47,48,49,50,51,52,53,54,55,56,57,58,59,60,61,62,63,64,65,66,67,68,69,70,71,72,73,74,75,76,77,78,79,80,81,82,83,84,85,86,87,88,89,90,91,92,93,94,95,96,97,98,99]
CFO=-1099.9723209122808,STO=6
EsN0dB=12.30,GRXdB=10,N0=0.0010000000474974513
packet_number=1083,correct=True,payload=[0,1,2,3,4,5,6,7,8,9,10,11,12,13,14,15,16,17,18,19,20,21,22,23,24,25,26,27,28,29,30,31,32,33,34,35,36,37,38,39,40,41,42,43,44,45,46,47,48,49,50,51,52,53,54,55,56,57,58,59,60,61,62,63,64,65,66,67,68,69,70,71,72,73,74,75,76,77,78,79,80,81,82,83,84,85,86,87,88,89,90,91,92,93,94,95,96,97,98,99]
CFO=-1145.9015485310777,STO=5
EsN0dB=12.27,GRXdB=10,N0=0.0010000000474974513
packet_number=1084,correct=True,payload=[0,1,2,3,4,5,6,7,8,9,10,11,12,13,14,15,16,17,18,19,20,21,22,23,24,25,26,27,28,29,30,31,32,33,34,35,36,37,38,39,40,41,42,43,44,45,46,47,48,49,50,51,52,53,54,55,56,57,58,59,60,61,62,63,64,65,66,67,68,69,70,71,72,73,74,75,76,77,78,79,80,81,82,83,84,85,86,87,88,89,90,91,92,93,94,95,96,97,98,99]
CFO=-1054.0519867689657,STO=4
EsN0dB=12.22,GRXdB=10,N0=0.0010000000474974513
packet_number=1085,correct=True,payload=[0,1,2,3,4,5,6,7,8,9,10,11,12,13,14,15,16,17,18,19,20,21,22,23,24,25,26,27,28,29,30,31,32,33,34,35,36,37,38,39,40,41,42,43,44,45,46,47,48,49,50,51,52,53,54,55,56,57,58,59,60,61,62,63,64,65,66,67,68,69,70,71,72,73,74,75,76,77,78,79,80,81,82,83,84,85,86,87,88,89,90,91,92,93,94,95,96,97,98,99]
CFO=-929.3159535007906,STO=5
EsN0dB=12.39,GRXdB=10,N0=0.0010000000474974513
packet_number=1086,correct=True,payload=[0,1,2,3,4,5,6,7,8,9,10,11,12,13,14,15,16,17,18,19,20,21,22,23,24,25,26,27,28,29,30,31,32,33,34,35,36,37,38,39,40,41,42,43,44,45,46,47,48,49,50,51,52,53,54,55,56,57,58,59,60,61,62,63,64,65,66,67,68,69,70,71,72,73,74,75,76,77,78,79,80,81,82,83,84,85,86,87,88,89,90,91,92,93,94,95,96,97,98,99]
CFO=-1196.4549090817115,STO=7
EsN0dB=12.15,GRXdB=10,N0=0.0010000000474974513
packet_number=1087,correct=True,payload=[0,1,2,3,4,5,6,7,8,9,10,11,12,13,14,15,16,17,18,19,20,21,22,23,24,25,26,27,28,29,30,31,32,33,34,35,36,37,38,39,40,41,42,43,44,45,46,47,48,49,50,51,52,53,54,55,56,57,58,59,60,61,62,63,64,65,66,67,68,69,70,71,72,73,74,75,76,77,78,79,80,81,82,83,84,85,86,87,88,89,90,91,92,93,94,95,96,97,98,99]
CFO=-940.6950960899011,STO=5
EsN0dB=12.11,GRXdB=10,N0=0.0010000000474974513
packet_number=1088,correct=True,payload=[0,1,2,3,4,5,6,7,8,9,10,11,12,13,14,15,16,17,18,19,20,21,22,23,24,25,26,27,28,29,30,31,32,33,34,35,36,37,38,39,40,41,42,43,44,45,46,47,48,49,50,51,52,53,54,55,56,57,58,59,60,61,62,63,64,65,66,67,68,69,70,71,72,73,74,75,76,77,78,79,80,81,82,83,84,85,86,87,88,89,90,91,92,93,94,95,96,97,98,99]
CFO=-1135.4625055902286,STO=0
EsN0dB=12.33,GRXdB=10,N0=0.0010000000474974513
packet_number=1089,correct=False,payload=[0,1,2,3,4,5,4,7,8,9,10,18,12,13,12,15,0,17,50,19,20,21,22,23,24,25,26,27,28,29,30,31,32,33,34,99,36,37,38,39,40,41,106,35,60,109,46,15,48,49,98,51,52,49,54,55,56,57,58,59,124,61,62,63,64,64,64,71,4,68,70,14,72,9,74,11,72,77,78,79,80,81,84,83,68,85,118,119,88,89,90,91,92,121,94,31,96,97,98,99]
CFO=-964.9834147900087,STO=4
EsN0dB=12.29,GRXdB=10,N0=0.0010000000474974513
packet_number=1090,correct=False,payload=[0,1,2,3,4,5,6,7,8,9,10,11,12,13,14,15,16,17,18,19,20,21,22,23,24,25,26,27,28,29,30,31,32,33,34,35,36,37,38,39,40,41,42,43,44,45,46,47,48,49,50,51,52,53,54,55,56,57,58,59,60,61,62,63,64,65,66,67,68,69,70,71,72,73,74,75,76,77,78,79,80,81,82,83,85,85,86,87,88,89,90,91,92,93,94,95,96,97,98,99]
CFO=-1000.8452874532587,STO=4
EsN0dB=12.17,GRXdB=10,N0=0.0010000000474974513
packet_number=1091,correct=True,payload=[0,1,2,3,4,5,6,7,8,9,10,11,12,13,14,15,16,17,18,19,20,21,22,23,24,25,26,27,28,29,30,31,32,33,34,35,36,37,38,39,40,41,42,43,44,45,46,47,48,49,50,51,52,53,54,55,56,57,58,59,60,61,62,63,64,65,66,67,68,69,70,71,72,73,74,75,76,77,78,79,80,81,82,83,84,85,86,87,88,89,90,91,92,93,94,95,96,97,98,99]
CFO=-1121.5746914372155,STO=4
EsN0dB=12.36,GRXdB=10,N0=0.0010000000474974513
packet_number=1092,correct=True,payload=[0,1,2,3,4,5,6,7,8,9,10,11,12,13,14,15,16,17,18,19,20,21,22,23,24,25,26,27,28,29,30,31,32,33,34,35,36,37,38,39,40,41,42,43,44,45,46,47,48,49,50,51,52,53,54,55,56,57,58,59,60,61,62,63,64,65,66,67,68,69,70,71,72,73,74,75,76,77,78,79,80,81,82,83,84,85,86,87,88,89,90,91,92,93,94,95,96,97,98,99]
CFO=-961.3744424394994,STO=4
EsN0dB=12.25,GRXdB=10,N0=0.0010000000474974513
packet_number=1093,correct=True,payload=[0,1,2,3,4,5,6,7,8,9,10,11,12,13,14,15,16,17,18,19,20,21,22,23,24,25,26,27,28,29,30,31,32,33,34,35,36,37,38,39,40,41,42,43,44,45,46,47,48,49,50,51,52,53,54,55,56,57,58,59,60,61,62,63,64,65,66,67,68,69,70,71,72,73,74,75,76,77,78,79,80,81,82,83,84,85,86,87,88,89,90,91,92,93,94,95,96,97,98,99]
CFO=-1088.5359043410676,STO=2
EsN0dB=12.25,GRXdB=10,N0=0.0010000000474974513
packet_number=1094,correct=False,payload=[0,1,6,3,4,7,6,15,8,9,10,26,12,13,30,15,16,1,22,19,20,21,22,22,24,16,58,27,28,31,30,31,96,33,34,39,36,37,38,39,40,41,44,43,44,76,62,15,48,49,50,54,52,98,62,39,56,49,58,63,60,61,62,63,192,193,2,67,196,1,70,79,72,219,74,11,76,76,78,79,64,51,178,67,148,157,254,151,216,89,86,91,92,93,94,95,96,227,96,103]
CFO=-1100.9073216345994,STO=5
EsN0dB=12.34,GRXdB=10,N0=0.0010000000474974513
packet_number=1095,correct=True,payload=[0,1,2,3,4,5,6,7,8,9,10,11,12,13,14,15,16,17,18,19,20,21,22,23,24,25,26,27,28,29,30,31,32,33,34,35,36,37,38,39,40,41,42,43,44,45,46,47,48,49,50,51,52,53,54,55,56,57,58,59,60,61,62,63,64,65,66,67,68,69,70,71,72,73,74,75,76,77,78,79,80,81,82,83,84,85,86,87,88,89,90,91,92,93,94,95,96,97,98,99]
CFO=-1076.5606617353312,STO=5
EsN0dB=12.19,GRXdB=10,N0=0.0010000000474974513
packet_number=1096,correct=True,payload=[0,1,2,3,4,5,6,7,8,9,10,11,12,13,14,15,16,17,18,19,20,21,22,23,24,25,26,27,28,29,30,31,32,33,34,35,36,37,38,39,40,41,42,43,44,45,46,47,48,49,50,51,52,53,54,55,56,57,58,59,60,61,62,63,64,65,66,67,68,69,70,71,72,73,74,75,76,77,78,79,80,81,82,83,84,85,86,87,88,89,90,91,92,93,94,95,96,97,98,99]
CFO=-849.5370316914165,STO=6
EsN0dB=12.18,GRXdB=10,N0=0.0010000000474974513
packet_number=1097,correct=True,payload=[0,1,2,3,4,5,6,7,8,9,10,11,12,13,14,15,16,17,18,19,20,21,22,23,24,25,26,27,28,29,30,31,32,33,34,35,36,37,38,39,40,41,42,43,44,45,46,47,48,49,50,51,52,53,54,55,56,57,58,59,60,61,62,63,64,65,66,67,68,69,70,71,72,73,74,75,76,77,78,79,80,81,82,83,84,85,86,87,88,89,90,91,92,93,94,95,96,97,98,99]
CFO=-1118.828979106805,STO=1
EsN0dB=12.30,GRXdB=10,N0=0.0010000000474974513
packet_number=1098,correct=False,payload=[240,186,18,216,0,0,8,12,32,24,16,24,96,44,56,104,96,112,48,124,0,4,0,156,144,52,184,88,224,224,224,88,224,248,248,125,128,8,153,9,177,141,153,60,33,197,168,184,160,237,241,124,129,192,136,157,192,249,217,248,224,224,208,237,241,240,248,248,2,12,1,9,51,26,57,24,33,12,65,61,51,42,50,127,0,207,73,88,0,113,243,121,97,109,81,120,114,246,115,251]
CFO=-1057.7388659646956,STO=4
EsN0dB=12.26,GRXdB=10,N0=0.0010000000474974513
packet_number=1099,correct=True,payload=[0,1,2,3,4,5,6,7,8,9,10,11,12,13,14,15,16,17,18,19,20,21,22,23,24,25,26,27,28,29,30,31,32,33,34,35,36,37,38,39,40,41,42,43,44,45,46,47,48,49,50,51,52,53,54,55,56,57,58,59,60,61,62,63,64,65,66,67,68,69,70,71,72,73,74,75,76,77,78,79,80,81,82,83,84,85,86,87,88,89,90,91,92,93,94,95,96,97,98,99]
CFO=-1041.722546679708,STO=5
EsN0dB=12.28,GRXdB=10,N0=0.0010000000474974513
packet_number=1100,correct=True,payload=[0,1,2,3,4,5,6,7,8,9,10,11,12,13,14,15,16,17,18,19,20,21,22,23,24,25,26,27,28,29,30,31,32,33,34,35,36,37,38,39,40,41,42,43,44,45,46,47,48,49,50,51,52,53,54,55,56,57,58,59,60,61,62,63,64,65,66,67,68,69,70,71,72,73,74,75,76,77,78,79,80,81,82,83,84,85,86,87,88,89,90,91,92,93,94,95,96,97,98,99]
CFO=-1025.0082674389098,STO=5
EsN0dB=11.37,GRXdB=10,N0=0.001258925418369472
packet_number=1101,correct=False,payload=[0,1,2,3,4,5,6,7,8,9,10,11,12,13,14,15,16,17,18,19,20,21,22,23,24,25,26,27,28,29,94,31,32,33,34,35,36,37,38,39,40,41,42,43,44,45,46,47,48,49,50,51,52,53,54,55,56,57,58,59,60,61,62,63,64,65,66,67,68,69,70,71,72,73,74,75,76,77,78,79,80,81,82,83,84,85,86,87,88,89,90,91,92,93,94,95,96,97,98,99]
CFO=-1181.1752067259622,STO=1
EsN0dB=11.27,GRXdB=10,N0=0.001258925418369472
packet_number=1102,correct=False,payload=[128,0,1,3,130,5,6,7,140,5,12,7,140,15,6,15,16,24,19,27,20,31,10,27,140,25,15,31,12,12,14,31,48,48,18,35,148,32,54,7,44,49,47,31,44,54,190,31,16,49,50,49,150,53,190,31,184,24,186,31,158,61,158,63,128,32,99,3,230,98,2,3,44,73,103,105,68,13,134,47,216,89,8,81,255,57,86,71,216,73,72,89,108,92,78,95,224,33,112,99]
CFO=-898.1805480272548,STO=2
EsN0dB=11.21,GRXdB=10,N0=0.001258925418369472
packet_number=1103,correct=False,payload=[0,1,2,3,4,5,6,7,8,9,10,11,12,13,14,7,16,17,18,27,20,21,22,23,24,25,154,27,28,29,30,31,32,49,34,35,36,35,6,39,32,41,42,43,44,45,46,47,48,49,50,51,52,53,54,55,56,57,56,59,60,61,62,31,64,65,66,67,192,65,70,71,76,73,74,107,76,77,78,71,80,81,66,83,80,85,86,119,88,89,90,91,92,93,94,95,96,97,98,99]
CFO=-1061.7467403354813,STO=4
EsN0dB=11.44,GRXdB=10,N0=0.001258925418369472
packet_number=1104,correct=True,payload=[0,1,2,3,4,5,6,7,8,9,10,11,12,13,14,15,16,17,18,19,20,21,22,23,24,25,26,27,28,29,30,31,32,33,34,35,36,37,38,39,40,41,42,43,44,45,46,47,48,49,50,51,52,53,54,55,56,57,58,59,60,61,62,63,64,65,66,67,68,69,70,71,72,73,74,75,76,77,78,79,80,81,82,83,84,85,86,87,88,89,90,91,92,93,94,95,96,97,98,99]
CFO=-975.5141198181567,STO=6
EsN0dB=11.14,GRXdB=10,N0=0.001258925418369472
packet_number=1105,correct=True,payload=[0,1,2,3,4,5,6,7,8,9,10,11,12,13,14,15,16,17,18,19,20,21,22,23,24,25,26,27,28,29,30,31,32,33,34,35,36,37,38,39,40,41,42,43,44,45,46,47,48,49,50,51,52,53,54,55,56,57,58,59,60,61,62,63,64,65,66,67,68,69,70,71,72,73,74,75,76,77,78,79,80,81,82,83,84,85,86,87,88,89,90,91,92,93,94,95,96,97,98,99]
CFO=-953.5716627907984,STO=4
EsN0dB=11.22,GRXdB=10,N0=0.001258925418369472
packet_number=1106,correct=True,payload=[0,1,2,3,4,5,6,7,8,9,10,11,12,13,14,15,16,17,18,19,20,21,22,23,24,25,26,27,28,29,30,31,32,33,34,35,36,37,38,39,40,41,42,43,44,45,46,47,48,49,50,51,52,53,54,55,56,57,58,59,60,61,62,63,64,65,66,67,68,69,70,71,72,73,74,75,76,77,78,79,80,81,82,83,84,85,86,87,88,89,90,91,92,93,94,95,96,97,98,99]
CFO=-1104.168144064915,STO=3
EsN0dB=11.34,GRXdB=10,N0=0.001258925418369472
packet_number=1107,correct=True,payload=[0,1,2,3,4,5,6,7,8,9,10,11,12,13,14,15,16,17,18,19,20,21,22,23,24,25,26,27,28,29,30,31,32,33,34,35,36,37,38,39,40,41,42,43,44,45,46,47,48,49,50,51,52,53,54,55,56,57,58,59,60,61,62,63,64,65,66,67,68,69,70,71,72,73,74,75,76,77,78,79,80,81,82,83,84,85,86,87,88,89,90,91,92,93,94,95,96,97,98,99]
CFO=-1157.9730778313635,STO=1
EsN0dB=11.27,GRXdB=10,N0=0.001258925418369472
packet_number=1108,correct=False,payload=[163,179,152,0,0,8,24,32,56,24,56,0,104,80,60,96,96,120,56,0,204,152,136,160,136,176,56,192,104,192,88,240,232,248,124,129,1,17,153,176,168,48,60,1,236,224,89,97,109,56,60,128,140,153,201,177,164,176,185,192,193,232,232,224,233,241,248,3,2,10,26,50,40,18,63,34,72,66,31,99,103,120,120,130,137,208,154,161,232,179,122,194,226,123,94,115,106,122,125,3]
CFO=-979.8431672335081,STO=4
EsN0dB=11.19,GRXdB=10,N0=0.001258925418369472
packet_number=1109,correct=True,payload=[0,1,2,3,4,5,6,7,8,9,10,11,12,13,14,15,16,17,18,19,20,21,22,23,24,25,26,27,28,29,30,31,32,33,34,35,36,37,38,39,40,41,42,43,44,45,46,47,48,49,50,51,52,53,54,55,56,57,58,59,60,61,62,63,64,65,66,67,68,69,70,71,72,73,74,75,76,77,78,79,80,81,82,83,84,85,86,87,88,89,90,91,92,93,94,95,96,97,98,99]
CFO=-966.192512426676,STO=3
EsN0dB=11.29,GRXdB=10,N0=0.001258925418369472
packet_number=1110,correct=True,payload=[0,1,2,3,4,5,6,7,8,9,10,11,12,13,14,15,16,17,18,19,20,21,22,23,24,25,26,27,28,29,30,31,32,33,34,35,36,37,38,39,40,41,42,43,44,45,46,47,48,49,50,51,52,53,54,55,56,57,58,59,60,61,62,63,64,65,66,67,68,69,70,71,72,73,74,75,76,77,78,79,80,81,82,83,84,85,86,87,88,89,90,91,92,93,94,95,96,97,98,99]
CFO=-1213.7633910643663,STO=6
EsN0dB=11.43,GRXdB=10,N0=0.001258925418369472
packet_number=1111,correct=True,payload=[0,1,2,3,4,5,6,7,8,9,10,11,12,13,14,15,16,17,18,19,20,21,22,23,24,25,26,27,28,29,30,31,32,33,34,35,36,37,38,39,40,41,42,43,44,45,46,47,48,49,50,51,52,53,54,55,56,57,58,59,60,61,62,63,64,65,66,67,68,69,70,71,72,73,74,75,76,77,78,79,80,81,82,83,84,85,86,87,88,89,90,91,92,93,94,95,96,97,98,99]
CFO=-1079.1135635172966,STO=4
EsN0dB=11.29,GRXdB=10,N0=0.001258925418369472
packet_number=1112,correct=True,payload=[0,1,2,3,4,5,6,7,8,9,10,11,12,13,14,15,16,17,18,19,20,21,22,23,24,25,26,27,28,29,30,31,32,33,34,35,36,37,38,39,40,41,42,43,44,45,46,47,48,49,50,51,52,53,54,55,56,57,58,59,60,61,62,63,64,65,66,67,68,69,70,71,72,73,74,75,76,77,78,79,80,81,82,83,84,85,86,87,88,89,90,91,92,93,94,95,96,97,98,99]
CFO=-1255.6604354793938,STO=5
EsN0dB=11.26,GRXdB=10,N0=0.001258925418369472
packet_number=1113,correct=True,payload=[0,1,2,3,4,5,6,7,8,9,10,11,12,13,14,15,16,17,18,19,20,21,22,23,24,25,26,27,28,29,30,31,32,33,34,35,36,37,38,39,40,41,42,43,44,45,46,47,48,49,50,51,52,53,54,55,56,57,58,59,60,61,62,63,64,65,66,67,68,69,70,71,72,73,74,75,76,77,78,79,80,81,82,83,84,85,86,87,88,89,90,91,92,93,94,95,96,97,98,99]
CFO=-1207.6303317924526,STO=1
EsN0dB=11.24,GRXdB=10,N0=0.001258925418369472
packet_number=1114,correct=False,payload=[7,198,104,90,112,0,32,0,112,0,112,96,97,0,177,129,48,128,144,224,243,1,0,34,114,193,99,66,227,131,163,1,179,193,209,193,244,6,0,98,32,68,38,98,231,130,147,231,224,135,150,224,226,2,35,35,54,199,23,194,119,131,39,39,227,195,243,195,228,8,56,72,56,136,80,96,252,0,36,165,100,197,148,236,243,11,4,3,117,142,241,104,99,129,145,105,51,133,237,229]
CFO=-935.2339685355547,STO=4
EsN0dB=11.18,GRXdB=10,N0=0.001258925418369472
packet_number=1115,correct=True,payload=[0,1,2,3,4,5,6,7,8,9,10,11,12,13,14,15,16,17,18,19,20,21,22,23,24,25,26,27,28,29,30,31,32,33,34,35,36,37,38,39,40,41,42,43,44,45,46,47,48,49,50,51,52,53,54,55,56,57,58,59,60,61,62,63,64,65,66,67,68,69,70,71,72,73,74,75,76,77,78,79,80,81,82,83,84,85,86,87,88,89,90,91,92,93,94,95,96,97,98,99]
CFO=-794.695711582157,STO=3
EsN0dB=11.25,GRXdB=10,N0=0.001258925418369472
packet_number=1116,correct=True,payload=[0,1,2,3,4,5,6,7,8,9,10,11,12,13,14,15,16,17,18,19,20,21,22,23,24,25,26,27,28,29,30,31,32,33,34,35,36,37,38,39,40,41,42,43,44,45,46,47,48,49,50,51,52,53,54,55,56,57,58,59,60,61,62,63,64,65,66,67,68,69,70,71,72,73,74,75,76,77,78,79,80,81,82,83,84,85,86,87,88,89,90,91,92,93,94,95,96,97,98,99]
CFO=-1070.3647552366795,STO=3
EsN0dB=11.42,GRXdB=10,N0=0.001258925418369472
packet_number=1117,correct=False,payload=[0,1,2,3,4,5,6,7,8,9,10,11,12,13,14,15,16,17,18,19,20,21,22,23,24,25,26,27,28,29,30,31,32,33,34,35,36,37,38,39,40,41,42,43,44,45,46,47,48,49,50,51,52,53,54,55,56,57,58,59,60,61,62,63,64,65,194,67,68,69,70,71,72,73,74,75,76,77,78,79,80,81,82,83,84,85,86,87,88,89,90,91,92,93,94,95,96,97,98,99]
CFO=-993.7094591758553,STO=7
EsN0dB=11.31,GRXdB=10,N0=0.001258925418369472
packet_number=1118,correct=False,payload=[0,1,2,3,4,5,6,7,8,9,10,11,12,13,14,13,16,17,18,19,20,21,22,23,24,25,26,27,28,29,30,31,32,33,34,35,36,37,38,39,40,41,42,43,44,45,46,47,48,49,50,51,52,53,54,55,56,57,58,59,60,61,62,63,64,65,66,67,68,69,70,71,72,73,74,75,76,77,78,79,80,81,82,83,84,85,86,87,88,89,90,91,92,93,94,95,96,97,98,99]
CFO=-1056.9267137836987,STO=5
EsN0dB=11.24,GRXdB=10,N0=0.001258925418369472
packet_number=1119,correct=False,payload=[0,1,2,3,4,5,6,7,8,9,10,11,12,13,14,15,16,17,18,19,20,21,22,23,24,25,26,59,28,29,30,31,32,33,34,35,36,37,38,39,40,41,42,43,44,45,46,47,48,49,50,51,52,53,54,55,56,57,58,59,60,61,62,63,64,65,66,67,68,69,70,71,72,73,74,75,76,77,78,79,80,81,82,83,84,85,86,87,88,89,90,91,92,93,94,95,96,97,98,99]
CFO=-959.1638208839098,STO=5
EsN0dB=11.23,GRXdB=10,N0=0.001258925418369472
packet_number=1120,correct=False,payload=[0,1,2,3,4,5,6,7,8,9,10,11,12,13,14,15,16,17,18,19,20,21,22,23,24,25,26,27,28,29,30,31,32,33,34,35,36,37,38,39,40,41,42,43,44,45,46,47,48,49,50,51,52,53,54,55,56,57,58,58,60,61,62,63,64,65,66,67,68,77,70,71,72,73,74,75,76,77,78,79,80,81,82,83,84,85,86,87,88,89,90,91,92,93,94,95,96,97,98,99]
CFO=-811.7037719630368,STO=5
EsN0dB=11.26,GRXdB=10,N0=0.001258925418369472
packet_number=1121,correct=True,payload=[0,1,2,3,4,5,6,7,8,9,10,11,12,13,14,15,16,17,18,19,20,21,22,23,24,25,26,27,28,29,30,31,32,33,34,35,36,37,38,39,40,41,42,43,44,45,46,47,48,49,50,51,52,53,54,55,56,57,58,59,60,61,62,63,64,65,66,67,68,69,70,71,72,73,74,75,76,77,78,79,80,81,82,83,84,85,86,87,88,89,90,91,92,93,94,95,96,97,98,99]
CFO=-858.2679937312333,STO=5
EsN0dB=11.11,GRXdB=10,N0=0.001258925418369472
packet_number=1122,correct=True,payload=[0,1,2,3,4,5,6,7,8,9,10,11,12,13,14,15,16,17,18,19,20,21,22,23,24,25,26,27,28,29,30,31,32,33,34,35,36,37,38,39,40,41,42,43,44,45,46,47,48,49,50,51,52,53,54,55,56,57,58,59,60,61,62,63,64,65,66,67,68,69,70,71,72,73,74,75,76,77,78,79,80,81,82,83,84,85,86,87,88,89,90,91,92,93,94,95,96,97,98,99]
CFO=-1062.6069172840798,STO=1
EsN0dB=11.45,GRXdB=10,N0=0.001258925418369472
packet_number=1123,correct=False,payload=[0,1,2,3,4,5,134,7,8,1,10,11,12,13,6,15,16,17,18,19,4,5,22,23,24,25,26,27,28,29,30,31,32,33,130,35,36,33,38,39,40,45,40,35,44,45,46,47,48,49,50,51,20,53,54,55,24,57,58,59,60,61,62,63,64,65,66,67,68,71,70,71,8,65,74,75,78,109,14,71,80,81,82,83,116,85,18,87,72,89,90,31,124,93,95,95,96,97,226,99]
CFO=-921.5603092721431,STO=3
EsN0dB=11.23,GRXdB=10,N0=0.001258925418369472
packet_number=1124,correct=False,payload=[0,1,2,3,4,5,6,7,8,13,10,11,12,13,14,15,16,17,18,19,20,21,22,23,24,25,26,31,28,29,30,31,32,33,34,35,36,37,38,39,40,41,42,43,44,45,46,47,48,49,50,51,52,53,54,55,56,57,58,59,60,61,62,63,64,65,66,67,68,69,70,71,72,73,74,75,204,77,78,79,80,81,82,83,84,85,86,87,88,89,90,91,92,93,94,95,96,97,98,99]
CFO=-910.8462800693972,STO=5
EsN0dB=11.21,GRXdB=10,N0=0.001258925418369472
packet_number=1125,correct=True,payload=[0,1,2,3,4,5,6,7,8,9,10,11,12,13,14,15,16,17,18,19,20,21,22,23,24,25,26,27,28,29,30,31,32,33,34,35,36,37,38,39,40,41,42,43,44,45,46,47,48,49,50,51,52,53,54,55,56,57,58,59,60,61,62,63,64,65,66,67,68,69,70,71,72,73,74,75,76,77,78,79,80,81,82,83,84,85,86,87,88,89,90,91,92,93,94,95,96,97,98,99]
CFO=-856.3313505103193,STO=6
EsN0dB=11.16,GRXdB=10,N0=0.001258925418369472
packet_number=1126,correct=True,payload=[0,1,2,3,4,5,6,7,8,9,10,11,12,13,14,15,16,17,18,19,20,21,22,23,24,25,26,27,28,29,30,31,32,33,34,35,36,37,38,39,40,41,42,43,44,45,46,47,48,49,50,51,52,53,54,55,56,57,58,59,60,61,62,63,64,65,66,67,68,69,70,71,72,73,74,75,76,77,78,79,80,81,82,83,84,85,86,87,88,89,90,91,92,93,94,95,96,97,98,99]
CFO=-1333.3900040885815,STO=6
EsN0dB=11.24,GRXdB=10,N0=0.001258925418369472
packet_number=1127,correct=False,payload=[0,1,2,3,4,5,6,7,8,9,10,11,12,13,14,15,16,17,18,19,20,21,22,23,24,25,26,27,28,29,30,31,32,33,34,35,36,37,38,39,40,41,42,43,44,45,46,47,48,49,50,51,52,53,54,55,56,57,58,59,60,61,62,63,64,65,66,67,68,69,70,71,72,73,74,75,76,77,14,79,80,81,82,83,84,85,86,87,88,89,90,91,92,93,94,95,96,97,98,99]
CFO=-967.8850001006967,STO=4
EsN0dB=11.22,GRXdB=10,N0=0.001258925418369472
packet_number=1128,correct=True,payload=[0,1,2,3,4,5,6,7,8,9,10,11,12,13,14,15,16,17,18,19,20,21,22,23,24,25,26,27,28,29,30,31,32,33,34,35,36,37,38,39,40,41,42,43,44,45,46,47,48,49,50,51,52,53,54,55,56,57,58,59,60,61,62,63,64,65,66,67,68,69,70,71,72,73,74,75,76,77,78,79,80,81,82,83,84,85,86,87,88,89,90,91,92,93,94,95,96,97,98,99]
CFO=-859.9112115510849,STO=4
EsN0dB=11.23,GRXdB=10,N0=0.001258925418369472
packet_number=1129,correct=True,payload=[0,1,2,3,4,5,6,7,8,9,10,11,12,13,14,15,16,17,18,19,20,21,22,23,24,25,26,27,28,29,30,31,32,33,34,35,36,37,38,39,40,41,42,43,44,45,46,47,48,49,50,51,52,53,54,55,56,57,58,59,60,61,62,63,64,65,66,67,68,69,70,71,72,73,74,75,76,77,78,79,80,81,82,83,84,85,86,87,88,89,90,91,92,93,94,95,96,97,98,99]
CFO=-1210.4544252867759,STO=5
EsN0dB=11.30,GRXdB=10,N0=0.001258925418369472
packet_number=1130,correct=True,payload=[0,1,2,3,4,5,6,7,8,9,10,11,12,13,14,15,16,17,18,19,20,21,22,23,24,25,26,27,28,29,30,31,32,33,34,35,36,37,38,39,40,41,42,43,44,45,46,47,48,49,50,51,52,53,54,55,56,57,58,59,60,61,62,63,64,65,66,67,68,69,70,71,72,73,74,75,76,77,78,79,80,81,82,83,84,85,86,87,88,89,90,91,92,93,94,95,96,97,98,99]
CFO=-914.5769744543339,STO=5
EsN0dB=11.39,GRXdB=10,N0=0.001258925418369472
packet_number=1131,correct=True,payload=[0,1,2,3,4,5,6,7,8,9,10,11,12,13,14,15,16,17,18,19,20,21,22,23,24,25,26,27,28,29,30,31,32,33,34,35,36,37,38,39,40,41,42,43,44,45,46,47,48,49,50,51,52,53,54,55,56,57,58,59,60,61,62,63,64,65,66,67,68,69,70,71,72,73,74,75,76,77,78,79,80,81,82,83,84,85,86,87,88,89,90,91,92,93,94,95,96,97,98,99]
CFO=-1103.6001474308116,STO=5
EsN0dB=11.33,GRXdB=10,N0=0.001258925418369472
packet_number=1132,correct=False,payload=[0,1,2,3,4,5,6,7,8,9,10,11,12,13,14,15,16,17,18,19,20,21,22,23,24,25,26,27,28,29,30,31,32,33,34,35,36,37,38,39,40,41,42,43,44,45,46,47,48,49,50,51,52,53,54,55,56,57,58,59,28,61,62,63,64,65,66,67,68,69,70,71,72,73,74,75,76,77,78,79,80,81,82,83,84,85,86,87,88,89,90,91,92,93,94,95,96,97,98,99]
CFO=-982.5386610723648,STO=5
EsN0dB=11.26,GRXdB=10,N0=0.001258925418369472
packet_number=1133,correct=False,payload=[0,1,2,3,4,5,6,7,8,9,10,11,12,13,14,15,16,17,18,19,20,21,22,23,24,25,26,27,28,29,30,31,32,33,34,35,36,37,38,39,40,41,42,43,44,45,46,47,48,49,50,51,52,53,54,55,56,57,58,59,60,61,62,63,64,65,66,67,68,69,70,71,72,73,74,75,76,77,78,79,80,81,82,83,84,85,86,87,88,89,90,91,92,93,94,95,100,97,98,99]
CFO=-1129.898154430457,STO=0
EsN0dB=11.31,GRXdB=10,N0=0.001258925418369472
packet_number=1134,correct=False,payload=[0,3,2,7,12,2,6,14,24,1,2,11,12,31,12,15,0,17,2,3,56,20,6,7,24,57,26,58,60,63,28,31,0,34,100,34,36,5,44,46,120,64,40,107,104,59,28,31,48,49,102,51,108,111,52,111,56,59,120,51,120,125,62,127,0,66,4,67,204,137,70,198,72,201,10,67,140,157,142,94,64,17,0,7,152,83,84,102,184,57,16,155,24,62,126,30,64,64,98,103]
CFO=-913.248407797028,STO=4
EsN0dB=11.31,GRXdB=10,N0=0.001258925418369472
packet_number=1135,correct=True,payload=[0,1,2,3,4,5,6,7,8,9,10,11,12,13,14,15,16,17,18,19,20,21,22,23,24,25,26,27,28,29,30,31,32,33,34,35,36,37,38,39,40,41,42,43,44,45,46,47,48,49,50,51,52,53,54,55,56,57,58,59,60,61,62,63,64,65,66,67,68,69,70,71,72,73,74,75,76,77,78,79,80,81,82,83,84,85,86,87,88,89,90,91,92,93,94,95,96,97,98,99]
CFO=-846.1410284337776,STO=5
EsN0dB=11.28,GRXdB=10,N0=0.001258925418369472
packet_number=1136,correct=True,payload=[0,1,2,3,4,5,6,7,8,9,10,11,12,13,14,15,16,17,18,19,20,21,22,23,24,25,26,27,28,29,30,31,32,33,34,35,36,37,38,39,40,41,42,43,44,45,46,47,48,49,50,51,52,53,54,55,56,57,58,59,60,61,62,63,64,65,66,67,68,69,70,71,72,73,74,75,76,77,78,79,80,81,82,83,84,85,86,87,88,89,90,91,92,93,94,95,96,97,98,99]
CFO=-910.1113232555823,STO=7
EsN0dB=11.20,GRXdB=10,N0=0.001258925418369472
packet_number=1137,correct=False,payload=[0,1,2,3,4,5,6,7,8,9,10,11,12,29,14,15,16,49,18,19,20,21,30,23,24,24,26,27,28,29,30,31,32,1,34,35,36,37,38,39,40,41,42,43,44,45,46,111,48,33,48,51,52,53,54,55,56,57,58,123,60,57,60,63,64,65,66,67,68,69,70,71,72,65,72,75,76,77,78,79,80,81,82,83,84,93,86,23,88,249,90,91,92,93,94,95,96,97,98,99]
CFO=-961.0383283561243,STO=0
EsN0dB=11.16,GRXdB=10,N0=0.001258925418369472
packet_number=1138,correct=False,payload=[0,0,2,6,4,1,6,7,8,26,2,11,8,28,14,14,16,17,6,18,60,20,30,14,56,19,30,59,60,24,30,30,32,96,32,99,4,45,36,38,40,105,2,42,8,125,78,79,112,32,102,51,120,117,54,55,56,113,58,123,60,61,124,63,128,193,2,66,196,15,6,198,8,75,74,195,28,220,14,15,208,195,210,71,224,66,94,111,112,184,58,123,124,153,222,31,96,97,70,103]
CFO=-1073.7541180326252,STO=0
EsN0dB=11.23,GRXdB=10,N0=0.001258925418369472
packet_number=1139,correct=False,payload=[0,1,2,7,4,4,6,6,8,25,14,11,12,13,14,15,16,17,22,19,16,21,54,23,24,25,26,59,28,61,28,63,32,32,98,35,36,37,36,39,104,43,40,42,44,45,108,46,48,49,114,51,52,53,54,63,56,48,58,59,60,60,62,63,192,65,66,195,76,196,78,7,72,73,74,75,76,12,78,79,80,83,114,83,84,71,70,71,88,25,122,91,88,93,30,95,224,225,98,103]
CFO=-1025.8805395141635,STO=1
EsN0dB=11.31,GRXdB=10,N0=0.001258925418369472
packet_number=1140,correct=False,payload=[0,1,2,3,4,5,6,7,8,9,2,15,6,13,15,7,24,17,26,17,22,7,30,23,28,25,30,27,156,29,30,31,160,33,35,51,4,33,166,39,44,41,42,43,44,45,142,63,48,49,178,51,52,53,22,55,24,57,59,59,60,61,63,63,64,97,64,3,68,67,70,67,72,105,72,73,76,77,78,79,112,97,82,83,212,68,6,23,72,89,91,91,204,93,94,95,96,97,98,35]
CFO=-1184.3867000122723,STO=1
EsN0dB=11.27,GRXdB=10,N0=0.001258925418369472
packet_number=1141,correct=False,payload=[128,1,130,3,132,6,6,3,0,12,2,9,140,4,14,15,24,25,139,3,8,7,150,23,28,25,11,27,14,29,158,31,48,49,51,49,34,55,134,3,140,40,24,41,132,13,174,47,176,16,250,57,178,52,22,55,60,24,27,25,62,61,63,63,96,97,67,99,198,5,103,71,164,13,170,105,68,108,79,103,72,73,50,51,36,14,6,87,124,29,10,107,220,109,30,111,96,97,99,35]
CFO=-793.6150357314467,STO=5
EsN0dB=11.30,GRXdB=10,N0=0.001258925418369472
packet_number=1142,correct=True,payload=[0,1,2,3,4,5,6,7,8,9,10,11,12,13,14,15,16,17,18,19,20,21,22,23,24,25,26,27,28,29,30,31,32,33,34,35,36,37,38,39,40,41,42,43,44,45,46,47,48,49,50,51,52,53,54,55,56,57,58,59,60,61,62,63,64,65,66,67,68,69,70,71,72,73,74,75,76,77,78,79,80,81,82,83,84,85,86,87,88,89,90,91,92,93,94,95,96,97,98,99]
CFO=-1076.6249319181463,STO=4
EsN0dB=11.31,GRXdB=10,N0=0.001258925418369472
packet_number=1143,correct=False,payload=[0,1,2,3,4,5,6,7,8,9,10,11,12,13,14,15,16,17,18,19,20,21,22,23,24,25,26,27,28,29,30,31,32,33,34,35,36,37,38,39,40,41,42,43,44,45,46,47,48,49,50,51,52,53,54,55,56,57,58,59,60,61,62,63,64,65,66,67,68,69,102,71,72,73,74,75,76,77,78,79,80,81,82,83,84,85,86,87,88,89,90,91,92,93,94,95,96,97,98,99]
CFO=-903.880554333042,STO=1
EsN0dB=11.27,GRXdB=10,N0=0.001258925418369472
packet_number=1144,correct=False,payload=[0,1,4,7,4,5,12,15,0,9,14,11,8,11,92,15,48,49,2,19,28,9,30,23,24,27,28,19,28,27,62,31,0,33,64,103,36,100,6,39,0,41,36,107,44,13,44,46,32,33,38,51,116,55,54,62,48,56,58,59,60,127,126,63,64,129,66,67,196,198,132,71,8,72,74,71,8,77,76,95,176,193,130,115,64,85,206,86,120,81,122,91,124,93,94,94,64,97,98,231]
CFO=-907.9470663521711,STO=4
EsN0dB=11.25,GRXdB=10,N0=0.001258925418369472
packet_number=1145,correct=False,payload=[0,1,2,3,4,5,6,7,8,9,10,11,12,13,14,15,16,17,18,19,20,21,22,23,24,25,26,27,28,29,30,31,32,33,34,35,36,37,38,39,40,41,42,43,44,45,46,47,48,49,50,51,52,53,54,55,56,57,58,59,60,61,62,63,64,65,66,67,68,69,70,71,72,73,74,75,76,77,78,79,80,81,82,83,116,85,86,87,88,89,90,91,92,93,94,95,96,97,98,99]
CFO=-951.865953483228,STO=1
EsN0dB=11.29,GRXdB=10,N0=0.001258925418369472
packet_number=1146,correct=False,payload=[15,224,0,32,96,32,192,0,192,241,128,176,1,225,193,209,193,225,1,16,67,49,2,146,225,241,129,1,1,115,193,195,195,244,6,34,34,48,70,164,100,227,3,23,134,119,133,209,192,247,7,23,71,118,198,182,199,103,131,183,99,167,199,179,199,224,4,60,8,124,76,136,100,125,8,40,173,249,141,240,192,249,1,38,96,106,3,20,234,123,1,53,43,107,131,141,203,252,12,46]
CFO=-1236.8066231970238,STO=6
EsN0dB=11.18,GRXdB=10,N0=0.001258925418369472
packet_number=1147,correct=True,payload=[0,1,2,3,4,5,6,7,8,9,10,11,12,13,14,15,16,17,18,19,20,21,22,23,24,25,26,27,28,29,30,31,32,33,34,35,36,37,38,39,40,41,42,43,44,45,46,47,48,49,50,51,52,53,54,55,56,57,58,59,60,61,62,63,64,65,66,67,68,69,70,71,72,73,74,75,76,77,78,79,80,81,82,83,84,85,86,87,88,89,90,91,92,93,94,95,96,97,98,99]
CFO=-1043.0149465367213,STO=1
EsN0dB=11.25,GRXdB=10,N0=0.001258925418369472
packet_number=1148,correct=False,payload=[128,1,2,3,4,1,2,7,8,9,10,9,14,13,142,7,16,17,2,19,28,21,18,19,152,25,10,27,156,29,30,15,32,33,34,35,34,33,166,39,8,41,42,35,60,45,46,47,48,49,50,51,22,55,30,23,56,57,58,59,188,60,190,63,64,65,67,67,68,101,70,71,64,105,106,75,68,79,206,79,112,81,82,51,86,29,86,87,72,25,122,91,92,29,94,95,96,97,34,99]
CFO=-1017.158530239665,STO=4
EsN0dB=11.26,GRXdB=10,N0=0.001258925418369472
packet_number=1149,correct=True,payload=[0,1,2,3,4,5,6,7,8,9,10,11,12,13,14,15,16,17,18,19,20,21,22,23,24,25,26,27,28,29,30,31,32,33,34,35,36,37,38,39,40,41,42,43,44,45,46,47,48,49,50,51,52,53,54,55,56,57,58,59,60,61,62,63,64,65,66,67,68,69,70,71,72,73,74,75,76,77,78,79,80,81,82,83,84,85,86,87,88,89,90,91,92,93,94,95,96,97,98,99]
CFO=-835.4188172335885,STO=7
EsN0dB=11.33,GRXdB=10,N0=0.001258925418369472
packet_number=1150,correct=False,payload=[0,1,2,3,4,5,6,7,8,9,10,11,12,13,14,15,16,17,18,19,20,21,22,23,24,25,26,27,28,29,30,31,32,33,34,35,36,37,38,39,40,41,42,43,44,45,46,47,48,49,50,51,52,53,54,55,56,57,58,59,60,61,62,63,64,65,66,67,68,69,70,71,8,73,74,75,76,77,78,79,80,81,82,83,84,85,86,87,88,89,90,91,92,93,94,95,96,97,98,99]
CFO=-985.6462192752109,STO=4
EsN0dB=11.27,GRXdB=10,N0=0.001258925418369472
packet_number=1151,correct=True,payload=[0,1,2,3,4,5,6,7,8,9,10,11,12,13,14,15,16,17,18,19,20,21,22,23,24,25,26,27,28,29,30,31,32,33,34,35,36,37,38,39,40,41,42,43,44,45,46,47,48,49,50,51,52,53,54,55,56,57,58,59,60,61,62,63,64,65,66,67,68,69,70,71,72,73,74,75,76,77,78,79,80,81,82,83,84,85,86,87,88,89,90,91,92,93,94,95,96,97,98,99]
CFO=-1001.8426610836229,STO=0
EsN0dB=11.39,GRXdB=10,N0=0.001258925418369472
packet_number=1152,correct=False,payload=[0,1,2,7,4,5,4,6,8,25,10,11,12,13,14,15,16,17,18,3,20,21,22,31,24,17,26,31,28,31,30,63,32,97,34,3,32,5,38,39,104,41,42,43,44,45,46,111,48,115,50,55,52,49,118,63,56,59,58,59,124,61,62,63,64,65,198,66,76,69,70,71,72,193,66,75,76,77,76,79,16,83,18,86,84,84,86,87,88,89,88,95,92,93,94,159,224,224,102,99]
CFO=-1048.9508078122856,STO=1
EsN0dB=11.17,GRXdB=10,N0=0.001258925418369472
packet_number=1153,correct=False,payload=[193,240,0,0,32,48,96,80,112,48,64,192,160,16,192,120,112,241,0,25,129,145,97,24,241,48,129,145,224,241,193,241,241,243,0,18,48,50,96,8,114,113,130,155,195,210,226,208,226,243,3,19,19,51,163,203,241,115,129,155,243,249,195,201,243,244,6,16,0,20,32,12,36,126,130,194,164,80,196,230,246,241,5,13,36,49,96,157,96,48,197,209,225,223,195,221,247,254,7,22]
CFO=-1441.7061321544056,STO=1
EsN0dB=11.27,GRXdB=10,N0=0.001258925418369472
packet_number=1154,correct=False,payload=[139,48,0,16,48,48,32,0,48,120,192,144,64,144,96,88,112,248,1,129,145,177,1,216,48,120,192,137,177,241,225,208,225,243,3,2,1,57,32,51,99,50,193,88,33,18,64,113,224,243,131,147,51,17,99,177,51,57,129,209,163,249,225,219,243,244,0,10,52,58,36,124,100,114,194,150,230,26,198,102,98,251,135,19,131,181,229,119,247,240,195,159,165,211,224,222,228,246,6,10]
CFO=-1023.9871778739275,STO=3
EsN0dB=11.23,GRXdB=10,N0=0.001258925418369472
packet_number=1155,correct=True,payload=[0,1,2,3,4,5,6,7,8,9,10,11,12,13,14,15,16,17,18,19,20,21,22,23,24,25,26,27,28,29,30,31,32,33,34,35,36,37,38,39,40,41,42,43,44,45,46,47,48,49,50,51,52,53,54,55,56,57,58,59,60,61,62,63,64,65,66,67,68,69,70,71,72,73,74,75,76,77,78,79,80,81,82,83,84,85,86,87,88,89,90,91,92,93,94,95,96,97,98,99]
CFO=-911.5624420050273,STO=6
EsN0dB=11.25,GRXdB=10,N0=0.001258925418369472
packet_number=1156,correct=True,payload=[0,1,2,3,4,5,6,7,8,9,10,11,12,13,14,15,16,17,18,19,20,21,22,23,24,25,26,27,28,29,30,31,32,33,34,35,36,37,38,39,40,41,42,43,44,45,46,47,48,49,50,51,52,53,54,55,56,57,58,59,60,61,62,63,64,65,66,67,68,69,70,71,72,73,74,75,76,77,78,79,80,81,82,83,84,85,86,87,88,89,90,91,92,93,94,95,96,97,98,99]
CFO=-772.8296791541054,STO=4
EsN0dB=11.29,GRXdB=10,N0=0.001258925418369472
packet_number=1157,correct=True,payload=[0,1,2,3,4,5,6,7,8,9,10,11,12,13,14,15,16,17,18,19,20,21,22,23,24,25,26,27,28,29,30,31,32,33,34,35,36,37,38,39,40,41,42,43,44,45,46,47,48,49,50,51,52,53,54,55,56,57,58,59,60,61,62,63,64,65,66,67,68,69,70,71,72,73,74,75,76,77,78,79,80,81,82,83,84,85,86,87,88,89,90,91,92,93,94,95,96,97,98,99]
CFO=-1241.69969482743,STO=5
EsN0dB=11.33,GRXdB=10,N0=0.001258925418369472
packet_number=1158,correct=True,payload=[0,1,2,3,4,5,6,7,8,9,10,11,12,13,14,15,16,17,18,19,20,21,22,23,24,25,26,27,28,29,30,31,32,33,34,35,36,37,38,39,40,41,42,43,44,45,46,47,48,49,50,51,52,53,54,55,56,57,58,59,60,61,62,63,64,65,66,67,68,69,70,71,72,73,74,75,76,77,78,79,80,81,82,83,84,85,86,87,88,89,90,91,92,93,94,95,96,97,98,99]
CFO=-991.1185526086643,STO=0
EsN0dB=11.19,GRXdB=10,N0=0.001258925418369472
packet_number=1159,correct=False,payload=[0,1,2,3,4,3,14,6,16,9,10,11,12,9,14,15,16,17,16,18,60,5,22,55,56,25,26,27,28,29,62,31,96,33,34,35,8,37,36,38,16,41,42,99,44,45,46,47,48,49,114,50,124,49,52,119,56,121,126,58,60,59,60,127,64,66,66,66,76,77,198,198,88,9,70,71,76,77,206,79,0,17,80,115,84,101,214,95,88,88,90,95,92,93,92,223,224,99,226,67]
CFO=-1133.781757303844,STO=4
EsN0dB=11.36,GRXdB=10,N0=0.001258925418369472
packet_number=1160,correct=True,payload=[0,1,2,3,4,5,6,7,8,9,10,11,12,13,14,15,16,17,18,19,20,21,22,23,24,25,26,27,28,29,30,31,32,33,34,35,36,37,38,39,40,41,42,43,44,45,46,47,48,49,50,51,52,53,54,55,56,57,58,59,60,61,62,63,64,65,66,67,68,69,70,71,72,73,74,75,76,77,78,79,80,81,82,83,84,85,86,87,88,89,90,91,92,93,94,95,96,97,98,99]
CFO=-1065.378479983224,STO=7
EsN0dB=11.21,GRXdB=10,N0=0.001258925418369472
packet_number=1161,correct=False,payload=[0,1,2,3,4,5,6,7,8,9,10,11,12,13,14,15,16,17,18,19,20,21,22,23,24,25,26,27,28,29,30,31,32,33,34,35,36,37,38,39,40,41,42,43,44,45,46,47,48,49,50,51,52,53,54,39,56,57,58,59,60,61,62,63,64,65,66,67,68,69,70,71,72,73,74,75,76,77,78,79,80,81,82,83,84,85,94,87,88,89,90,91,92,93,94,95,96,97,98,99]
CFO=-865.3309547995227,STO=6
EsN0dB=11.25,GRXdB=10,N0=0.001258925418369472
packet_number=1162,correct=True,payload=[0,1,2,3,4,5,6,7,8,9,10,11,12,13,14,15,16,17,18,19,20,21,22,23,24,25,26,27,28,29,30,31,32,33,34,35,36,37,38,39,40,41,42,43,44,45,46,47,48,49,50,51,52,53,54,55,56,57,58,59,60,61,62,63,64,65,66,67,68,69,70,71,72,73,74,75,76,77,78,79,80,81,82,83,84,85,86,87,88,89,90,91,92,93,94,95,96,97,98,99]
CFO=-1193.6144515925018,STO=5
EsN0dB=11.19,GRXdB=10,N0=0.001258925418369472
packet_number=1163,correct=True,payload=[0,1,2,3,4,5,6,7,8,9,10,11,12,13,14,15,16,17,18,19,20,21,22,23,24,25,26,27,28,29,30,31,32,33,34,35,36,37,38,39,40,41,42,43,44,45,46,47,48,49,50,51,52,53,54,55,56,57,58,59,60,61,62,63,64,65,66,67,68,69,70,71,72,73,74,75,76,77,78,79,80,81,82,83,84,85,86,87,88,89,90,91,92,93,94,95,96,97,98,99]
CFO=-1137.6160310332252,STO=4
EsN0dB=11.39,GRXdB=10,N0=0.001258925418369472
packet_number=1164,correct=False,payload=[0,1,2,3,4,5,6,7,8,9,10,11,12,13,14,15,16,17,18,19,20,21,22,23,24,25,26,27,28,29,30,31,32,33,34,35,36,37,38,39,40,41,42,43,44,45,46,47,112,49,50,51,52,53,54,55,56,57,58,59,60,61,62,63,64,65,66,67,68,69,70,71,72,73,74,75,76,77,78,79,80,81,82,83,84,85,86,87,88,89,90,91,92,93,94,95,96,97,98,99]
CFO=-913.6848402838375,STO=5
EsN0dB=11.42,GRXdB=10,N0=0.001258925418369472
packet_number=1165,correct=True,payload=[0,1,2,3,4,5,6,7,8,9,10,11,12,13,14,15,16,17,18,19,20,21,22,23,24,25,26,27,28,29,30,31,32,33,34,35,36,37,38,39,40,41,42,43,44,45,46,47,48,49,50,51,52,53,54,55,56,57,58,59,60,61,62,63,64,65,66,67,68,69,70,71,72,73,74,75,76,77,78,79,80,81,82,83,84,85,86,87,88,89,90,91,92,93,94,95,96,97,98,99]
CFO=-1038.7121645189595,STO=4
EsN0dB=11.19,GRXdB=10,N0=0.001258925418369472
packet_number=1166,correct=True,payload=[0,1,2,3,4,5,6,7,8,9,10,11,12,13,14,15,16,17,18,19,20,21,22,23,24,25,26,27,28,29,30,31,32,33,34,35,36,37,38,39,40,41,42,43,44,45,46,47,48,49,50,51,52,53,54,55,56,57,58,59,60,61,62,63,64,65,66,67,68,69,70,71,72,73,74,75,76,77,78,79,80,81,82,83,84,85,86,87,88,89,90,91,92,93,94,95,96,97,98,99]
CFO=-1076.6878977245574,STO=2
EsN0dB=11.18,GRXdB=10,N0=0.001258925418369472
packet_number=1167,correct=False,payload=[0,1,2,3,4,5,6,7,8,9,10,11,12,13,14,15,16,25,18,19,20,20,22,23,24,25,26,27,28,29,30,31,32,33,34,35,36,37,38,39,40,41,42,43,44,45,46,47,48,49,50,51,52,53,54,55,56,57,58,59,60,61,62,63,64,65,66,67,68,65,70,71,72,73,75,75,76,77,78,79,80,81,82,83,84,85,86,87,88,89,90,91,92,93,94,95,96,97,98,99]
CFO=-1040.1402195219885,STO=1
EsN0dB=11.20,GRXdB=10,N0=0.001258925418369472
packet_number=1168,correct=False,payload=[0,1,2,3,4,5,6,7,8,9,10,11,12,5,14,15,16,17,26,19,20,20,23,23,8,29,26,27,28,13,30,31,0,32,34,35,36,33,6,35,40,41,40,47,46,45,38,47,48,49,48,51,190,53,54,55,60,57,63,27,60,60,63,63,64,65,66,67,196,69,70,7,72,77,110,111,76,69,78,15,80,81,82,9,94,85,150,87,152,89,91,91,92,77,94,95,224,97,98,99]
CFO=-1059.3069635616444,STO=5
EsN0dB=11.22,GRXdB=10,N0=0.001258925418369472
packet_number=1169,correct=True,payload=[0,1,2,3,4,5,6,7,8,9,10,11,12,13,14,15,16,17,18,19,20,21,22,23,24,25,26,27,28,29,30,31,32,33,34,35,36,37,38,39,40,41,42,43,44,45,46,47,48,49,50,51,52,53,54,55,56,57,58,59,60,61,62,63,64,65,66,67,68,69,70,71,72,73,74,75,76,77,78,79,80,81,82,83,84,85,86,87,88,89,90,91,92,93,94,95,96,97,98,99]
CFO=-964.7240217551233,STO=5
EsN0dB=11.25,GRXdB=10,N0=0.001258925418369472
packet_number=1170,correct=True,payload=[0,1,2,3,4,5,6,7,8,9,10,11,12,13,14,15,16,17,18,19,20,21,22,23,24,25,26,27,28,29,30,31,32,33,34,35,36,37,38,39,40,41,42,43,44,45,46,47,48,49,50,51,52,53,54,55,56,57,58,59,60,61,62,63,64,65,66,67,68,69,70,71,72,73,74,75,76,77,78,79,80,81,82,83,84,85,86,87,88,89,90,91,92,93,94,95,96,97,98,99]
CFO=-998.265705244848,STO=5
EsN0dB=11.28,GRXdB=10,N0=0.001258925418369472
packet_number=1171,correct=True,payload=[0,1,2,3,4,5,6,7,8,9,10,11,12,13,14,15,16,17,18,19,20,21,22,23,24,25,26,27,28,29,30,31,32,33,34,35,36,37,38,39,40,41,42,43,44,45,46,47,48,49,50,51,52,53,54,55,56,57,58,59,60,61,62,63,64,65,66,67,68,69,70,71,72,73,74,75,76,77,78,79,80,81,82,83,84,85,86,87,88,89,90,91,92,93,94,95,96,97,98,99]
CFO=-980.9627965068286,STO=4
EsN0dB=11.10,GRXdB=10,N0=0.001258925418369472
packet_number=1172,correct=True,payload=[0,1,2,3,4,5,6,7,8,9,10,11,12,13,14,15,16,17,18,19,20,21,22,23,24,25,26,27,28,29,30,31,32,33,34,35,36,37,38,39,40,41,42,43,44,45,46,47,48,49,50,51,52,53,54,55,56,57,58,59,60,61,62,63,64,65,66,67,68,69,70,71,72,73,74,75,76,77,78,79,80,81,82,83,84,85,86,87,88,89,90,91,92,93,94,95,96,97,98,99]
CFO=-1101.4411673228528,STO=5
EsN0dB=11.28,GRXdB=10,N0=0.001258925418369472
packet_number=1173,correct=True,payload=[0,1,2,3,4,5,6,7,8,9,10,11,12,13,14,15,16,17,18,19,20,21,22,23,24,25,26,27,28,29,30,31,32,33,34,35,36,37,38,39,40,41,42,43,44,45,46,47,48,49,50,51,52,53,54,55,56,57,58,59,60,61,62,63,64,65,66,67,68,69,70,71,72,73,74,75,76,77,78,79,80,81,82,83,84,85,86,87,88,89,90,91,92,93,94,95,96,97,98,99]
CFO=-1298.2885235790243,STO=5
EsN0dB=11.37,GRXdB=10,N0=0.001258925418369472
packet_number=1174,correct=False,payload=[0,1,2,3,4,5,6,7,8,9,10,11,12,13,14,15,17,17,18,19,20,21,22,23,24,25,26,27,28,29,30,31,32,33,34,35,36,37,38,39,40,41,42,43,44,45,46,47,48,49,50,51,52,53,54,55,56,57,58,59,60,61,62,63,64,65,66,67,68,69,70,71,72,73,74,75,76,77,78,79,80,81,82,83,84,85,86,87,88,89,90,91,92,93,94,95,96,97,98,99]
CFO=-1033.5845422951802,STO=4
EsN0dB=11.23,GRXdB=10,N0=0.001258925418369472
packet_number=1175,correct=False,payload=[0,1,2,3,12,5,6,7,8,9,10,11,12,13,14,15,16,17,18,19,20,21,22,23,24,25,26,27,28,29,30,31,32,33,34,35,36,37,38,39,40,41,42,43,44,45,46,47,48,49,50,51,52,53,54,55,56,57,58,59,60,61,62,63,64,65,66,67,68,69,70,71,72,73,74,75,76,77,78,79,80,81,82,83,84,85,86,87,88,89,90,91,92,93,94,95,96,97,98,99]
CFO=-852.2214976206757,STO=5
EsN0dB=11.27,GRXdB=10,N0=0.001258925418369472
packet_number=1176,correct=True,payload=[0,1,2,3,4,5,6,7,8,9,10,11,12,13,14,15,16,17,18,19,20,21,22,23,24,25,26,27,28,29,30,31,32,33,34,35,36,37,38,39,40,41,42,43,44,45,46,47,48,49,50,51,52,53,54,55,56,57,58,59,60,61,62,63,64,65,66,67,68,69,70,71,72,73,74,75,76,77,78,79,80,81,82,83,84,85,86,87,88,89,90,91,92,93,94,95,96,97,98,99]
CFO=-687.1734151378372,STO=6
EsN0dB=11.35,GRXdB=10,N0=0.001258925418369472
packet_number=1177,correct=True,payload=[0,1,2,3,4,5,6,7,8,9,10,11,12,13,14,15,16,17,18,19,20,21,22,23,24,25,26,27,28,29,30,31,32,33,34,35,36,37,38,39,40,41,42,43,44,45,46,47,48,49,50,51,52,53,54,55,56,57,58,59,60,61,62,63,64,65,66,67,68,69,70,71,72,73,74,75,76,77,78,79,80,81,82,83,84,85,86,87,88,89,90,91,92,93,94,95,96,97,98,99]
CFO=-922.9938189401341,STO=5
EsN0dB=11.32,GRXdB=10,N0=0.001258925418369472
packet_number=1178,correct=False,payload=[0,1,2,3,4,5,6,7,8,9,10,11,12,13,14,15,16,17,18,19,20,21,22,23,24,25,26,27,28,29,62,31,32,33,34,35,36,37,38,39,40,41,42,43,44,45,46,47,48,17,50,51,52,53,54,55,56,57,58,59,60,61,62,63,64,65,66,67,68,69,70,71,72,73,74,75,76,77,78,79,80,81,82,83,84,85,86,87,88,89,90,91,92,93,94,95,96,97,98,99]
CFO=-1041.9620776193508,STO=1
EsN0dB=11.40,GRXdB=10,N0=0.001258925418369472
packet_number=1179,correct=False,payload=[0,0,131,3,6,5,134,7,8,9,143,3,4,7,6,15,16,17,155,19,10,5,6,7,24,12,26,9,28,13,159,31,176,48,0,3,36,33,35,7,184,9,26,55,14,5,14,63,48,48,18,27,182,61,50,63,152,57,63,27,60,63,190,63,64,65,98,1,102,69,198,71,72,101,2,9,142,77,78,7,240,121,81,75,16,113,86,87,156,72,95,75,124,79,222,95,96,33,97,99]
CFO=-1142.6678808458996,STO=5
EsN0dB=11.15,GRXdB=10,N0=0.001258925418369472
packet_number=1180,correct=False,payload=[0,1,2,3,4,5,6,7,8,9,10,11,12,13,14,15,16,17,18,19,20,21,22,23,24,25,26,27,28,29,30,31,36,33,34,35,36,37,38,39,40,41,42,43,44,45,46,47,48,49,50,51,52,53,54,55,56,57,58,59,60,61,62,63,64,65,66,67,68,69,70,71,72,73,74,75,76,77,78,79,80,81,82,83,84,85,86,87,88,89,90,91,92,93,94,95,96,97,98,99]
CFO=-975.3367839170498,STO=2
EsN0dB=11.34,GRXdB=10,N0=0.001258925418369472
packet_number=1181,correct=False,payload=[0,1,2,3,132,5,6,3,8,9,10,11,12,13,14,15,16,25,18,19,20,23,150,23,24,25,26,27,28,29,30,31,0,33,34,35,36,36,38,39,40,41,43,11,44,45,46,47,48,57,18,51,52,53,54,63,56,57,58,59,60,61,30,63,64,65,66,99,196,69,70,71,104,72,74,75,78,77,78,79,80,89,18,91,212,87,87,95,216,89,74,91,28,93,222,95,112,97,34,99]
CFO=-1096.3842185842354,STO=7
EsN0dB=11.23,GRXdB=10,N0=0.001258925418369472
packet_number=1182,correct=False,payload=[0,1,2,3,4,5,6,7,8,9,10,11,12,13,14,15,16,17,18,19,20,21,22,23,24,25,26,27,28,29,30,31,32,33,34,35,36,37,38,39,40,33,42,43,44,45,46,47,48,49,50,51,52,53,54,55,56,57,58,59,60,61,62,63,64,65,66,67,68,69,70,71,72,73,10,11,76,77,78,79,80,81,82,83,84,85,86,87,88,89,90,90,92,93,94,95,96,97,98,99]
CFO=-922.7548808988568,STO=7
EsN0dB=11.26,GRXdB=10,N0=0.001258925418369472
packet_number=1183,correct=False,payload=[0,1,2,3,4,13,6,7,8,8,10,10,12,13,14,15,16,17,18,19,20,21,54,23,24,25,26,27,28,29,30,31,32,33,32,35,36,37,38,39,40,9,42,43,40,47,46,46,48,49,50,99,36,53,54,55,56,57,50,59,60,61,62,62,128,65,66,67,68,65,70,71,72,75,74,75,76,76,78,79,112,65,114,83,84,85,86,87,88,25,26,91,92,93,94,95,96,97,102,99]
CFO=-1192.9145943619217,STO=1
EsN0dB=11.32,GRXdB=10,N0=0.001258925418369472
packet_number=1184,correct=False,payload=[128,0,1,3,6,6,130,3,12,4,12,7,4,4,135,15,152,16,16,11,138,20,23,3,24,9,27,31,142,13,30,31,32,17,1,33,36,5,34,35,136,40,48,9,174,60,143,7,176,24,59,51,26,48,54,23,188,29,157,61,60,62,62,63,192,65,128,65,68,37,66,35,140,8,230,15,192,13,78,15,0,25,10,113,150,79,10,19,44,109,24,63,254,14,175,95,32,33,227,97]
CFO=-997.1418071032963,STO=2
EsN0dB=11.26,GRXdB=10,N0=0.001258925418369472
packet_number=1185,correct=False,payload=[0,1,2,3,4,5,6,7,8,9,10,11,12,13,14,15,16,17,18,19,20,21,22,23,24,25,26,27,28,29,30,31,32,33,34,35,36,37,38,39,40,41,42,43,44,61,46,47,48,49,50,51,52,53,54,55,56,57,58,59,60,61,62,63,64,65,66,67,68,69,70,71,72,73,74,75,76,77,78,79,80,81,82,83,84,85,86,87,88,89,90,91,92,93,94,95,96,97,98,99]
CFO=-1003.3360534865247,STO=1
EsN0dB=11.32,GRXdB=10,N0=0.001258925418369472
packet_number=1186,correct=False,payload=[0,1,3,3,0,0,134,7,8,0,9,11,12,13,14,15,24,1,18,27,4,21,30,23,152,25,26,31,28,31,14,15,32,17,32,51,4,54,54,35,168,41,40,43,172,36,6,47,48,49,50,49,176,61,182,51,60,57,58,59,60,61,158,63,64,65,66,65,70,101,70,7,64,9,238,75,76,13,78,79,192,25,90,81,84,93,246,87,72,88,90,93,78,109,126,95,96,97,96,115]
CFO=-869.5135563186074,STO=7
EsN0dB=11.33,GRXdB=10,N0=0.001258925418369472
packet_number=1187,correct=True,payload=[0,1,2,3,4,5,6,7,8,9,10,11,12,13,14,15,16,17,18,19,20,21,22,23,24,25,26,27,28,29,30,31,32,33,34,35,36,37,38,39,40,41,42,43,44,45,46,47,48,49,50,51,52,53,54,55,56,57,58,59,60,61,62,63,64,65,66,67,68,69,70,71,72,73,74,75,76,77,78,79,80,81,82,83,84,85,86,87,88,89,90,91,92,93,94,95,96,97,98,99]
CFO=-1110.6237400476348,STO=2
EsN0dB=11.31,GRXdB=10,N0=0.001258925418369472
packet_number=1188,correct=False,payload=[0,1,2,3,0,4,7,7,8,9,10,11,140,13,14,15,0,17,18,19,20,21,22,23,24,25,26,27,28,29,31,31,32,33,34,35,36,33,38,39,40,45,42,43,44,45,46,47,48,49,50,51,54,53,54,55,56,57,62,59,60,61,62,63,64,65,194,99,68,69,70,71,72,73,74,75,12,77,78,79,64,17,82,115,84,85,94,87,88,89,122,75,92,77,126,95,96,97,98,99]
CFO=-1094.6752483356552,STO=7
EsN0dB=11.23,GRXdB=10,N0=0.001258925418369472
packet_number=1189,correct=False,payload=[0,1,2,3,4,5,6,7,8,9,10,11,12,15,14,15,16,17,18,19,20,21,22,23,24,25,26,27,28,29,30,31,32,33,34,35,36,37,38,39,40,41,42,43,44,45,46,47,48,49,50,51,52,53,54,55,56,57,58,59,60,61,62,63,64,65,66,67,68,69,70,71,72,73,74,75,76,77,78,79,80,65,82,83,84,85,86,87,88,89,90,91,92,93,94,95,96,97,98,99]
CFO=-985.9145057855782,STO=5
EsN0dB=11.20,GRXdB=10,N0=0.001258925418369472
packet_number=1190,correct=True,payload=[0,1,2,3,4,5,6,7,8,9,10,11,12,13,14,15,16,17,18,19,20,21,22,23,24,25,26,27,28,29,30,31,32,33,34,35,36,37,38,39,40,41,42,43,44,45,46,47,48,49,50,51,52,53,54,55,56,57,58,59,60,61,62,63,64,65,66,67,68,69,70,71,72,73,74,75,76,77,78,79,80,81,82,83,84,85,86,87,88,89,90,91,92,93,94,95,96,97,98,99]
CFO=-789.3520371940067,STO=6
EsN0dB=11.32,GRXdB=10,N0=0.001258925418369472
packet_number=1191,correct=False,payload=[0,1,2,3,4,5,6,15,8,8,10,11,12,13,14,15,16,17,18,19,20,21,22,23,24,25,26,59,28,29,30,31,32,33,34,35,36,37,38,39,40,41,42,43,44,45,46,47,48,49,50,51,52,53,54,55,56,57,58,59,60,61,62,63,64,65,66,67,68,69,70,71,72,73,74,75,76,77,78,79,80,81,82,83,84,85,86,87,88,89,90,83,92,93,94,95,96,97,98,99]
CFO=-1061.3984718356146,STO=5
EsN0dB=11.20,GRXdB=10,N0=0.001258925418369472
packet_number=1192,correct=True,payload=[0,1,2,3,4,5,6,7,8,9,10,11,12,13,14,15,16,17,18,19,20,21,22,23,24,25,26,27,28,29,30,31,32,33,34,35,36,37,38,39,40,41,42,43,44,45,46,47,48,49,50,51,52,53,54,55,56,57,58,59,60,61,62,63,64,65,66,67,68,69,70,71,72,73,74,75,76,77,78,79,80,81,82,83,84,85,86,87,88,89,90,91,92,93,94,95,96,97,98,99]
CFO=-1034.762275608315,STO=4
EsN0dB=11.18,GRXdB=10,N0=0.001258925418369472
packet_number=1193,correct=True,payload=[0,1,2,3,4,5,6,7,8,9,10,11,12,13,14,15,16,17,18,19,20,21,22,23,24,25,26,27,28,29,30,31,32,33,34,35,36,37,38,39,40,41,42,43,44,45,46,47,48,49,50,51,52,53,54,55,56,57,58,59,60,61,62,63,64,65,66,67,68,69,70,71,72,73,74,75,76,77,78,79,80,81,82,83,84,85,86,87,88,89,90,91,92,93,94,95,96,97,98,99]
CFO=-1113.4532882069204,STO=1
EsN0dB=11.29,GRXdB=10,N0=0.001258925418369472
packet_number=1194,correct=False,payload=[0,1,2,3,4,5,6,7,8,1,10,11,12,13,6,15,16,1,18,19,144,21,22,23,24,25,10,27,28,29,30,31,32,33,34,35,36,37,38,39,44,45,171,41,36,45,46,15,48,49,50,51,52,61,54,63,56,57,62,59,60,61,62,63,64,65,66,67,68,69,102,71,72,73,106,75,76,79,78,79,64,80,82,83,68,85,86,23,88,89,216,89,92,93,94,79,32,97,98,99]
CFO=-1013.4836275909173,STO=5
EsN0dB=11.24,GRXdB=10,N0=0.001258925418369472
packet_number=1195,correct=True,payload=[0,1,2,3,4,5,6,7,8,9,10,11,12,13,14,15,16,17,18,19,20,21,22,23,24,25,26,27,28,29,30,31,32,33,34,35,36,37,38,39,40,41,42,43,44,45,46,47,48,49,50,51,52,53,54,55,56,57,58,59,60,61,62,63,64,65,66,67,68,69,70,71,72,73,74,75,76,77,78,79,80,81,82,83,84,85,86,87,88,89,90,91,92,93,94,95,96,97,98,99]
CFO=-1070.666777664041,STO=5
EsN0dB=11.25,GRXdB=10,N0=0.001258925418369472
packet_number=1196,correct=True,payload=[0,1,2,3,4,5,6,7,8,9,10,11,12,13,14,15,16,17,18,19,20,21,22,23,24,25,26,27,28,29,30,31,32,33,34,35,36,37,38,39,40,41,42,43,44,45,46,47,48,49,50,51,52,53,54,55,56,57,58,59,60,61,62,63,64,65,66,67,68,69,70,71,72,73,74,75,76,77,78,79,80,81,82,83,84,85,86,87,88,89,90,91,92,93,94,95,96,97,98,99]
CFO=-852.3315395573037,STO=6
EsN0dB=11.20,GRXdB=10,N0=0.001258925418369472
packet_number=1197,correct=False,payload=[0,1,2,3,132,5,6,7,12,1,10,11,12,13,14,15,16,16,146,3,20,21,22,23,24,25,26,27,28,29,30,31,32,48,34,35,36,37,38,39,56,41,10,43,44,37,46,47,48,49,48,49,60,52,54,51,56,57,58,59,60,62,62,63,0,65,67,67,68,68,70,71,72,73,64,11,12,77,78,15,80,81,114,83,84,20,86,23,88,89,90,91,92,93,94,95,96,97,98,99]
CFO=-1180.346809129752,STO=7
EsN0dB=11.31,GRXdB=10,N0=0.001258925418369472
packet_number=1198,correct=False,payload=[0,1,2,3,4,5,6,7,8,9,10,11,12,9,14,15,16,17,18,19,28,21,22,23,24,25,26,27,60,29,30,31,32,33,34,34,36,37,38,39,40,41,106,43,44,45,46,47,48,49,50,51,52,53,54,55,48,121,58,58,60,61,62,63,64,65,66,67,68,69,70,71,72,89,66,75,72,77,222,79,80,81,82,83,84,85,86,87,88,81,90,123,28,93,126,94,96,67,102,99]
CFO=-1064.1303103442735,STO=4
EsN0dB=11.20,GRXdB=10,N0=0.001258925418369472
packet_number=1199,correct=True,payload=[0,1,2,3,4,5,6,7,8,9,10,11,12,13,14,15,16,17,18,19,20,21,22,23,24,25,26,27,28,29,30,31,32,33,34,35,36,37,38,39,40,41,42,43,44,45,46,47,48,49,50,51,52,53,54,55,56,57,58,59,60,61,62,63,64,65,66,67,68,69,70,71,72,73,74,75,76,77,78,79,80,81,82,83,84,85,86,87,88,89,90,91,92,93,94,95,96,97,98,99]
CFO=-911.3932288115271,STO=3
EsN0dB=11.18,GRXdB=10,N0=0.001258925418369472
packet_number=1200,correct=True,payload=[0,1,2,3,4,5,6,7,8,9,10,11,12,13,14,15,16,17,18,19,20,21,22,23,24,25,26,27,28,29,30,31,32,33,34,35,36,37,38,39,40,41,42,43,44,45,46,47,48,49,50,51,52,53,54,55,56,57,58,59,60,61,62,63,64,65,66,67,68,69,70,71,72,73,74,75,76,77,78,79,80,81,82,83,84,85,86,87,88,89,90,91,92,93,94,95,96,97,98,99]
CFO=-1019.0169108763392,STO=5
EsN0dB=10.30,GRXdB=10,N0=0.0015848932089284062
packet_number=1201,correct=False,payload=[0,1,2,3,4,5,6,7,8,9,10,11,12,13,14,15,16,17,18,19,20,21,22,23,24,25,26,27,28,29,30,31,32,33,34,35,36,37,38,39,40,41,42,43,44,45,46,47,48,49,50,51,52,53,54,55,56,57,58,59,60,61,62,63,64,65,66,67,68,69,70,71,72,72,74,75,76,77,78,79,80,81,82,83,84,85,86,87,88,89,90,91,92,93,94,95,96,97,98,99]
CFO=-1105.0845277785584,STO=1
EsN0dB=10.28,GRXdB=10,N0=0.0015848932089284062
packet_number=1202,correct=False,payload=[120,18,126,0,4,12,14,16,6,28,12,32,38,36,52,48,20,24,30,96,96,76,12,72,68,88,62,112,116,60,108,112,118,120,124,192,134,0,12,128,156,24,140,208,230,184,12,176,156,152,30,224,68,236,204,96,124,220,220,224,96,120,238,240,244,120,253,129,5,8,133,17,17,137,29,33,182,169,165,17,53,61,60,65,69,41,12,64,22,73,79,97,97,45,125,113,116,253,124,129]
CFO=-1052.1141577513208,STO=0
EsN0dB=10.22,GRXdB=10,N0=0.0015848932089284062
packet_number=1203,correct=False,payload=[0,1,2,3,12,5,6,7,0,9,26,3,12,13,14,15,16,16,18,3,20,21,22,23,16,25,58,19,28,29,28,31,32,33,34,35,32,39,38,47,0,41,40,46,44,45,111,47,48,49,50,119,52,53,126,55,120,57,122,59,60,60,62,63,64,64,66,67,64,69,70,79,72,75,202,75,92,77,78,79,80,83,86,82,84,69,116,87,88,89,90,83,88,93,94,94,96,97,66,67]
CFO=-1306.5923023465327,STO=6
EsN0dB=10.40,GRXdB=10,N0=0.0015848932089284062
packet_number=1204,correct=False,payload=[0,1,2,3,4,5,6,7,8,9,10,11,12,13,14,15,16,17,18,19,20,21,22,23,24,25,26,27,28,29,30,31,32,33,34,35,36,37,38,39,40,41,42,43,44,45,46,47,48,49,50,51,52,53,54,55,56,57,58,59,60,61,62,63,68,65,66,67,68,69,70,71,72,73,74,91,76,77,78,79,80,81,82,83,84,85,86,87,88,89,90,91,92,93,94,95,96,97,98,99]
CFO=-1348.7661117185535,STO=2
EsN0dB=10.10,GRXdB=10,N0=0.0015848932089284062
packet_number=1205,correct=False,payload=[0,1,2,3,4,5,6,7,8,9,10,11,12,13,7,15,16,25,18,19,20,21,23,23,24,25,26,27,28,13,30,31,160,33,34,3,36,37,38,39,40,41,170,43,44,45,46,47,48,49,50,49,52,53,62,55,56,57,58,59,60,61,62,63,64,65,66,67,68,101,70,7,72,73,74,75,76,77,78,79,144,81,82,81,84,85,86,87,216,89,90,27,92,92,94,95,96,97,99,99]
CFO=-807.7116686887721,STO=4
EsN0dB=10.23,GRXdB=10,N0=0.0015848932089284062
packet_number=1206,correct=False,payload=[0,1,2,3,4,5,6,7,8,9,10,11,12,13,14,15,16,17,18,19,20,21,22,23,24,25,26,27,28,29,30,31,32,33,34,35,36,37,38,39,40,41,42,43,44,45,46,63,48,49,50,51,52,53,54,55,56,57,42,59,60,61,62,63,64,65,66,67,68,69,70,71,72,73,74,75,76,77,78,79,80,81,82,83,84,85,86,87,88,89,90,123,92,93,94,95,96,97,98,99]
CFO=-997.0323580650338,STO=6
EsN0dB=10.30,GRXdB=10,N0=0.0015848932089284062
packet_number=1207,correct=False,payload=[0,1,2,3,4,5,6,7,8,9,10,11,12,13,14,15,16,17,18,19,20,21,22,23,24,25,26,27,28,29,30,31,32,33,34,35,36,37,38,39,40,41,42,43,44,45,46,47,48,49,50,51,52,53,54,55,24,57,58,59,60,61,62,63,64,65,66,67,68,69,70,71,72,73,74,75,76,77,78,79,80,81,82,83,84,85,86,87,88,89,90,91,92,93,94,95,96,97,98,99]
CFO=-978.798065284725,STO=5
EsN0dB=10.33,GRXdB=10,N0=0.0015848932089284062
packet_number=1208,correct=False,payload=[0,1,2,3,4,5,6,7,8,9,10,11,12,13,14,15,16,17,18,83,20,21,22,151,24,25,26,27,28,29,30,31,32,33,34,35,36,37,38,39,40,41,42,43,44,45,46,47,48,49,50,51,52,53,54,55,56,57,58,59,60,61,62,63,64,65,66,67,68,69,70,71,72,73,74,75,76,77,78,79,80,81,82,83,84,85,86,86,88,89,90,91,92,93,94,95,96,97,98,99]
CFO=-1219.5563638338565,STO=7
EsN0dB=10.43,GRXdB=10,N0=0.0015848932089284062
packet_number=1209,correct=False,payload=[32,1,2,3,4,5,6,7,8,9,8,27,12,13,14,15,16,17,18,19,20,21,22,23,24,25,26,27,28,29,30,31,32,33,34,35,32,37,38,39,40,41,42,11,44,45,46,47,48,49,50,49,52,53,54,55,56,185,58,59,60,61,62,127,64,65,66,67,68,69,70,71,72,73,74,75,76,77,78,95,80,89,82,67,84,85,86,83,88,25,90,123,92,93,94,95,96,97,98,99]
CFO=-1153.784725198134,STO=0
EsN0dB=10.33,GRXdB=10,N0=0.0015848932089284062
packet_number=1210,correct=False,payload=[0,1,2,130,4,13,6,7,8,25,14,11,12,13,14,15,16,17,18,19,20,21,6,23,24,25,26,27,28,92,30,31,96,33,2,35,4,5,38,39,40,41,10,43,44,45,46,47,48,49,50,51,52,53,54,63,56,57,58,59,60,61,62,63,64,65,66,67,68,64,70,71,72,73,74,75,76,77,206,79,112,81,82,83,116,85,86,23,248,89,122,91,88,221,94,94,96,97,96,99]
CFO=-957.7625055971628,STO=1
EsN0dB=10.45,GRXdB=10,N0=0.0015848932089284062
packet_number=1211,correct=False,payload=[0,1,130,3,4,5,7,3,140,8,4,11,132,15,14,15,18,1,147,19,150,5,154,31,8,24,28,29,140,31,14,15,16,33,130,35,32,17,167,39,24,13,171,35,44,46,62,63,48,49,178,49,188,49,54,23,184,24,186,57,31,60,159,63,0,0,97,1,68,67,39,71,32,65,98,79,110,109,206,79,88,113,115,83,22,83,87,23,104,92,28,9,126,124,79,15,224,112,97,97]
CFO=-971.8584270764497,STO=5
EsN0dB=10.01,GRXdB=10,N0=0.0015848932089284062
packet_number=1212,correct=False,payload=[0,1,2,3,4,5,6,7,8,9,10,11,12,13,14,15,16,17,18,19,20,21,22,23,24,25,26,27,28,29,30,31,36,49,34,35,36,37,38,39,40,41,42,43,44,45,46,47,48,49,50,51,52,53,54,55,56,57,58,59,60,61,62,63,64,65,66,67,68,69,70,71,72,73,74,75,76,77,78,79,80,81,82,83,68,85,86,87,88,89,90,91,92,77,94,95,96,97,98,99]
CFO=-1147.505575768973,STO=5
EsN0dB=10.33,GRXdB=10,N0=0.0015848932089284062
packet_number=1213,correct=True,payload=[0,1,2,3,4,5,6,7,8,9,10,11,12,13,14,15,16,17,18,19,20,21,22,23,24,25,26,27,28,29,30,31,32,33,34,35,36,37,38,39,40,41,42,43,44,45,46,47,48,49,50,51,52,53,54,55,56,57,58,59,60,61,62,63,64,65,66,67,68,69,70,71,72,73,74,75,76,77,78,79,80,81,82,83,84,85,86,87,88,89,90,91,92,93,94,95,96,97,98,99]
CFO=-1247.962954580397,STO=1
EsN0dB=10.36,GRXdB=10,N0=0.0015848932089284062
packet_number=1214,correct=False,payload=[0,1,2,3,6,2,6,7,136,8,142,3,14,12,14,15,16,17,10,1,16,13,23,23,8,29,11,11,30,30,14,31,48,32,146,35,132,37,38,51,148,25,174,9,52,45,46,39,56,49,18,19,54,55,183,63,24,61,56,59,60,29,174,31,64,65,64,67,70,66,194,67,124,1,203,107,6,69,111,79,160,80,56,91,82,21,23,75,12,25,88,11,126,125,110,95,112,96,51,33]
CFO=-979.358176370568,STO=1
EsN0dB=10.32,GRXdB=10,N0=0.0015848932089284062
packet_number=1215,correct=False,payload=[51,128,0,129,1,128,2,130,3,136,4,5,7,6,4,143,7,128,8,128,27,150,2,15,11,12,12,136,13,156,12,142,15,128,48,128,17,144,34,150,23,20,53,179,37,158,22,159,55,144,16,144,51,158,25,54,55,28,24,189,59,190,30,191,63,224,96,227,99,160,33,130,3,164,44,37,1,204,13,231,15,224,32,202,3,0,99,47,11,172,61,57,47,12,111,223,31,96,48,112]
CFO=-1087.5227596141824,STO=1
EsN0dB=10.25,GRXdB=10,N0=0.0015848932089284062
packet_number=1216,correct=False,payload=[0,1,0,3,132,6,6,7,8,8,8,1,12,13,14,15,144,25,2,17,20,29,22,19,152,8,27,31,140,15,159,31,160,33,162,3,180,39,130,7,44,13,58,43,164,61,62,15,48,17,179,51,180,21,182,55,24,56,62,25,188,61,62,63,64,65,66,67,70,65,198,103,108,73,66,107,76,69,78,79,88,89,82,91,116,1,247,83,88,9,90,91,126,95,94,127,112,97,51,99]
CFO=-1109.6277893733477,STO=4
EsN0dB=10.30,GRXdB=10,N0=0.0015848932089284062
packet_number=1217,correct=False,payload=[0,1,2,3,4,5,6,7,8,9,10,11,12,13,14,15,16,17,18,19,20,21,22,23,24,25,26,27,28,29,30,31,32,33,34,35,36,37,38,39,40,41,42,43,44,45,46,47,48,49,50,51,52,53,54,55,56,57,58,59,60,61,62,63,64,65,66,67,68,69,68,71,72,73,74,75,76,77,78,79,80,81,82,83,84,85,86,87,88,89,90,91,92,93,94,95,96,97,98,99]
CFO=-988.4042046017863,STO=5
EsN0dB=10.30,GRXdB=10,N0=0.0015848932089284062
packet_number=1218,correct=True,payload=[0,1,2,3,4,5,6,7,8,9,10,11,12,13,14,15,16,17,18,19,20,21,22,23,24,25,26,27,28,29,30,31,32,33,34,35,36,37,38,39,40,41,42,43,44,45,46,47,48,49,50,51,52,53,54,55,56,57,58,59,60,61,62,63,64,65,66,67,68,69,70,71,72,73,74,75,76,77,78,79,80,81,82,83,84,85,86,87,88,89,90,91,92,93,94,95,96,97,98,99]
CFO=-1225.6006069306254,STO=1
EsN0dB=10.29,GRXdB=10,N0=0.0015848932089284062
packet_number=1219,correct=False,payload=[62,61,72,219,128,0,129,3,132,7,130,3,12,12,14,5,14,14,7,7,144,0,154,17,138,24,142,11,12,28,27,13,142,31,14,15,144,33,145,1,16,2,179,23,180,5,185,9,20,6,167,7,144,24,179,25,154,56,155,51,28,28,191,27,28,62,62,63,32,97,227,33,162,7,39,39,160,12,225,11,196,39,110,103,104,32,235,41,166,19,114,15,236,104,232,11,158,46,254,15]
CFO=-1125.5556482222098,STO=3
EsN0dB=10.20,GRXdB=10,N0=0.0015848932089284062
packet_number=1220,correct=False,payload=[0,1,2,3,4,5,6,7,8,9,10,11,12,13,14,15,16,17,18,19,20,21,22,23,24,25,26,27,28,29,30,31,32,33,34,35,36,53,6,39,40,41,42,43,44,45,46,47,48,49,50,51,52,61,54,55,56,57,58,59,60,61,62,63,64,65,66,67,68,69,70,71,72,73,74,75,76,77,78,79,80,81,82,83,84,85,86,87,88,89,90,91,92,93,94,95,96,97,98,99]
CFO=-1072.7467837097215,STO=3
EsN0dB=10.23,GRXdB=10,N0=0.0015848932089284062
packet_number=1221,correct=False,payload=[0,0,2,3,4,5,6,7,8,9,10,11,12,13,14,15,16,17,18,19,20,21,22,23,24,25,26,27,28,29,30,31,32,33,34,35,36,37,38,39,40,41,42,43,44,45,46,47,48,53,50,51,52,53,54,55,56,59,58,59,60,61,62,63,64,65,66,67,68,69,70,71,72,73,74,75,76,77,78,79,80,81,82,83,84,85,86,87,88,89,90,91,92,93,94,95,96,97,98,99]
CFO=-1029.4251231021847,STO=7
EsN0dB=10.27,GRXdB=10,N0=0.0015848932089284062
packet_number=1222,correct=False,payload=[0,1,2,3,4,5,6,7,8,9,10,11,12,12,14,15,16,17,18,19,20,21,22,23,24,25,26,27,28,29,30,31,32,33,34,35,36,37,38,39,56,41,42,43,45,45,46,47,48,48,50,51,52,53,54,55,56,59,56,59,60,61,62,63,0,65,66,67,68,69,70,71,72,73,74,75,76,77,78,95,80,81,82,83,84,85,86,87,88,89,90,91,92,93,94,95,96,97,99,99]
CFO=-881.0177411729918,STO=7
EsN0dB=10.13,GRXdB=10,N0=0.0015848932089284062
packet_number=1223,correct=False,payload=[0,1,2,3,4,5,6,7,8,9,10,11,12,13,14,15,16,17,18,19,20,21,22,23,24,25,26,27,30,29,30,31,32,33,34,35,36,37,38,39,40,41,42,43,44,45,62,47,48,49,50,51,52,53,54,55,56,57,58,59,60,61,62,63,64,65,66,67,68,69,70,71,72,73,74,75,76,77,78,79,80,81,82,83,84,85,86,87,88,89,90,91,92,92,94,95,96,97,98,99]
CFO=-837.8048181256789,STO=2
EsN0dB=10.34,GRXdB=10,N0=0.0015848932089284062
packet_number=1224,correct=False,payload=[0,1,2,3,4,5,6,7,8,9,10,11,12,13,14,15,16,17,18,19,20,5,22,3,24,25,26,11,28,29,30,31,32,33,34,51,36,37,38,35,40,41,42,43,60,45,46,47,48,51,48,49,52,61,55,55,60,61,26,59,60,61,62,63,64,65,66,67,68,69,66,71,72,73,74,75,76,77,78,79,80,81,18,83,80,85,86,87,88,89,90,91,92,77,94,95,96,97,98,99]
CFO=-1184.412668960679,STO=1
EsN0dB=10.33,GRXdB=10,N0=0.0015848932089284062
packet_number=1225,correct=False,payload=[0,2,6,7,4,3,4,7,0,19,0,22,24,26,12,30,48,18,48,54,48,34,44,38,24,48,52,59,60,29,60,62,64,66,70,67,76,65,108,71,24,65,80,82,88,122,28,126,112,97,36,102,32,122,118,46,112,50,116,127,56,122,126,127,128,128,134,134,140,65,12,142,144,200,140,214,88,30,14,142,32,130,228,38,104,163,172,174,48,26,240,55,88,184,222,191,96,194,96,71]
CFO=-846.8066161388346,STO=2
EsN0dB=10.14,GRXdB=10,N0=0.0015848932089284062
packet_number=1226,correct=False,payload=[2,1,2,3,6,5,6,7,8,13,10,15,12,13,14,15,16,17,19,11,20,21,18,23,24,8,26,27,28,29,30,31,160,33,34,35,36,37,38,39,40,41,42,41,44,45,46,47,48,49,50,49,52,61,54,55,56,57,58,59,60,61,62,63,64,65,64,67,68,101,70,71,72,73,74,73,76,77,78,79,80,81,210,83,84,85,86,87,88,89,90,91,92,93,94,95,96,97,99,99]
CFO=-1140.605898910529,STO=2
EsN0dB=10.21,GRXdB=10,N0=0.0015848932089284062
packet_number=1227,correct=False,payload=[0,33,2,3,4,5,6,7,8,13,10,11,12,13,14,15,24,17,18,19,148,21,22,23,24,25,26,27,28,29,14,15,32,49,34,35,36,37,38,35,56,41,42,59,172,45,46,47,48,49,50,51,52,53,54,55,56,57,58,59,60,61,62,63,64,65,66,67,68,69,70,71,72,73,74,75,76,77,79,79,80,81,82,83,84,85,86,85,88,89,90,91,92,93,94,95,96,97,98,35]
CFO=-911.6769306793962,STO=5
EsN0dB=10.24,GRXdB=10,N0=0.0015848932089284062
packet_number=1228,correct=False,payload=[0,1,2,3,4,5,6,7,8,9,10,11,12,13,14,15,16,17,18,19,20,21,22,23,24,25,26,27,28,29,30,31,32,33,34,35,36,37,38,39,40,41,42,43,44,45,46,47,48,49,50,51,52,53,54,55,56,57,58,59,60,61,62,63,64,65,66,66,68,69,70,71,72,73,74,75,76,77,14,79,80,81,82,83,84,85,86,87,88,89,90,91,92,93,94,95,96,97,98,99]
CFO=-1027.351283199505,STO=4
EsN0dB=10.27,GRXdB=10,N0=0.0015848932089284062
packet_number=1229,correct=True,payload=[0,1,2,3,4,5,6,7,8,9,10,11,12,13,14,15,16,17,18,19,20,21,22,23,24,25,26,27,28,29,30,31,32,33,34,35,36,37,38,39,40,41,42,43,44,45,46,47,48,49,50,51,52,53,54,55,56,57,58,59,60,61,62,63,64,65,66,67,68,69,70,71,72,73,74,75,76,77,78,79,80,81,82,83,84,85,86,87,88,89,90,91,92,93,94,95,96,97,98,99]
CFO=-989.7152214674749,STO=6
EsN0dB=10.33,GRXdB=10,N0=0.0015848932089284062
packet_number=1230,correct=False,payload=[0,1,2,3,4,5,6,7,8,9,10,11,12,13,14,15,16,17,18,19,20,21,22,23,24,25,26,27,28,29,30,31,32,33,34,35,36,37,38,39,40,41,42,43,44,45,46,175,48,49,50,51,52,53,54,55,56,57,58,59,60,61,62,63,64,65,66,67,68,69,70,71,72,73,106,75,76,77,78,95,80,81,82,83,84,85,86,87,88,89,90,91,92,93,94,95,96,97,98,99]
CFO=-861.2558457540946,STO=6
EsN0dB=10.33,GRXdB=10,N0=0.0015848932089284062
packet_number=1231,correct=False,payload=[0,1,2,3,4,5,6,7,8,9,10,11,12,13,14,15,16,17,18,19,20,21,22,23,24,25,26,27,28,29,30,31,32,33,34,35,36,37,38,39,8,41,42,43,44,45,46,47,48,49,50,51,52,53,54,55,56,57,58,59,60,61,62,63,64,65,66,67,68,69,70,71,72,73,74,75,76,77,78,79,80,81,82,83,116,85,86,87,8,89,90,91,92,93,94,95,96,97,98,115]
CFO=-1042.9634829586,STO=3
EsN0dB=10.24,GRXdB=10,N0=0.0015848932089284062
packet_number=1232,correct=False,payload=[0,1,2,3,4,5,6,7,8,9,10,11,12,13,14,15,16,17,18,19,20,21,22,19,24,25,26,27,28,29,30,31,32,33,34,35,36,37,38,39,40,41,42,43,44,44,46,47,48,49,50,51,52,53,54,55,56,57,58,59,60,61,62,63,192,65,66,67,68,69,198,71,72,73,74,75,76,77,78,79,80,81,82,83,84,85,86,87,88,89,90,91,93,93,94,95,32,97,98,99]
CFO=-847.6918133984551,STO=5
EsN0dB=10.38,GRXdB=10,N0=0.0015848932089284062
packet_number=1233,correct=False,payload=[0,1,2,3,4,5,6,7,8,9,10,11,12,13,14,15,16,17,18,19,20,21,22,23,24,25,26,27,28,29,30,31,32,49,34,35,36,37,38,39,40,41,42,43,44,45,46,47,48,49,50,51,52,53,54,55,56,57,58,59,60,61,62,63,64,65,66,67,68,69,70,71,72,73,74,75,76,77,78,79,80,81,82,83,84,85,86,87,88,89,90,91,92,93,94,95,96,97,98,99]
CFO=-1190.848580717666,STO=3
EsN0dB=10.37,GRXdB=10,N0=0.0015848932089284062
packet_number=1234,correct=False,payload=[0,1,2,3,4,5,6,7,8,9,10,11,12,13,14,15,16,17,18,19,20,21,22,23,24,25,26,27,28,29,30,31,32,33,34,35,36,37,38,39,40,41,42,43,44,45,46,47,48,49,50,51,52,53,54,55,56,57,58,59,60,61,62,63,64,65,66,67,68,69,70,71,72,73,74,75,76,77,78,79,80,81,82,83,84,85,86,87,88,89,90,91,92,93,94,95,96,113,98,99]
CFO=-1043.194001843088,STO=4
EsN0dB=10.22,GRXdB=10,N0=0.0015848932089284062
packet_number=1235,correct=True,payload=[0,1,2,3,4,5,6,7,8,9,10,11,12,13,14,15,16,17,18,19,20,21,22,23,24,25,26,27,28,29,30,31,32,33,34,35,36,37,38,39,40,41,42,43,44,45,46,47,48,49,50,51,52,53,54,55,56,57,58,59,60,61,62,63,64,65,66,67,68,69,70,71,72,73,74,75,76,77,78,79,80,81,82,83,84,85,86,87,88,89,90,91,92,93,94,95,96,97,98,99]
CFO=-1078.2621614645068,STO=5
EsN0dB=10.29,GRXdB=10,N0=0.0015848932089284062
packet_number=1236,correct=True,payload=[0,1,2,3,4,5,6,7,8,9,10,11,12,13,14,15,16,17,18,19,20,21,22,23,24,25,26,27,28,29,30,31,32,33,34,35,36,37,38,39,40,41,42,43,44,45,46,47,48,49,50,51,52,53,54,55,56,57,58,59,60,61,62,63,64,65,66,67,68,69,70,71,72,73,74,75,76,77,78,79,80,81,82,83,84,85,86,87,88,89,90,91,92,93,94,95,96,97,98,99]
CFO=-1175.8755253965285,STO=7
EsN0dB=10.34,GRXdB=10,N0=0.0015848932089284062
packet_number=1237,correct=False,payload=[0,1,2,3,4,5,6,7,8,9,10,11,8,13,14,15,16,17,18,19,20,21,22,23,24,25,16,26,28,29,30,31,32,97,34,35,36,37,38,39,40,41,42,43,40,45,46,47,48,49,50,51,52,53,54,55,56,57,58,51,56,60,62,63,64,65,66,67,68,69,70,71,8,73,74,67,76,77,76,79,80,81,82,82,84,85,86,86,88,89,90,91,92,93,94,95,96,97,98,35]
CFO=-1141.6299529673386,STO=5
EsN0dB=10.31,GRXdB=10,N0=0.0015848932089284062
packet_number=1238,correct=True,payload=[0,1,2,3,4,5,6,7,8,9,10,11,12,13,14,15,16,17,18,19,20,21,22,23,24,25,26,27,28,29,30,31,32,33,34,35,36,37,38,39,40,41,42,43,44,45,46,47,48,49,50,51,52,53,54,55,56,57,58,59,60,61,62,63,64,65,66,67,68,69,70,71,72,73,74,75,76,77,78,79,80,81,82,83,84,85,86,87,88,89,90,91,92,93,94,95,96,97,98,99]
CFO=-1095.251545546875,STO=1
EsN0dB=10.27,GRXdB=10,N0=0.0015848932089284062
packet_number=1239,correct=False,payload=[0,0,0,7,4,3,12,14,8,18,10,31,12,15,14,14,48,18,50,22,20,16,38,63,16,24,16,31,24,61,60,63,0,33,36,39,40,39,44,103,8,8,50,67,60,12,94,31,48,113,54,55,100,116,52,118,120,113,48,123,120,120,62,127,192,66,198,6,76,140,198,206,72,73,2,195,72,8,94,206,48,99,84,114,112,14,188,22,120,210,210,87,216,30,254,127,64,65,102,99]
CFO=-1128.0403666921482,STO=6
EsN0dB=10.28,GRXdB=10,N0=0.0015848932089284062
packet_number=1240,correct=True,payload=[0,1,2,3,4,5,6,7,8,9,10,11,12,13,14,15,16,17,18,19,20,21,22,23,24,25,26,27,28,29,30,31,32,33,34,35,36,37,38,39,40,41,42,43,44,45,46,47,48,49,50,51,52,53,54,55,56,57,58,59,60,61,62,63,64,65,66,67,68,69,70,71,72,73,74,75,76,77,78,79,80,81,82,83,84,85,86,87,88,89,90,91,92,93,94,95,96,97,98,99]
CFO=-941.6366779840762,STO=5
EsN0dB=10.16,GRXdB=10,N0=0.0015848932089284062
packet_number=1241,correct=False,payload=[0,1,2,3,4,5,6,7,8,9,10,11,12,45,14,15,16,17,18,19,20,21,22,23,24,25,26,27,28,29,30,31,32,33,34,35,36,37,38,39,40,41,42,43,44,45,46,47,48,49,50,51,52,53,54,55,56,57,58,59,60,61,62,63,64,65,66,67,68,69,70,71,72,73,74,75,76,77,78,79,16,81,82,83,84,85,86,87,88,89,90,91,92,93,94,95,96,97,98,99]
CFO=-1161.1508944905158,STO=5
EsN0dB=10.24,GRXdB=10,N0=0.0015848932089284062
packet_number=1242,correct=False,payload=[0,1,2,3,4,5,6,7,0,9,10,11,12,13,14,15,16,17,18,19,20,21,22,23,24,25,26,27,28,29,30,31,32,33,34,35,36,37,38,39,40,41,42,43,44,45,46,47,48,49,50,51,52,53,54,55,56,57,62,59,60,61,62,63,64,65,66,67,68,69,70,71,72,73,74,75,76,77,78,79,80,81,82,83,84,85,86,87,88,89,90,91,92,93,94,95,96,97,98,99]
CFO=-941.815318261587,STO=0
EsN0dB=10.28,GRXdB=10,N0=0.0015848932089284062
packet_number=1243,correct=False,payload=[0,1,2,3,4,4,6,7,8,25,10,11,12,13,14,15,16,49,18,19,52,21,22,23,24,57,26,27,28,24,28,31,32,33,34,103,100,37,6,47,40,41,58,11,44,45,14,47,48,113,50,51,53,53,54,55,56,57,58,59,60,61,62,63,96,65,192,67,76,69,134,71,8,65,72,75,205,77,14,15,80,80,146,115,84,71,86,87,88,89,90,27,220,95,254,95,64,97,98,195]
CFO=-846.2076702100545,STO=2
EsN0dB=10.23,GRXdB=10,N0=0.0015848932089284062
packet_number=1244,correct=False,payload=[0,1,130,3,4,5,6,7,8,9,10,11,12,13,14,15,16,17,16,19,20,21,22,23,24,25,26,27,28,29,30,31,32,33,34,35,36,37,38,39,40,41,42,43,44,45,46,47,48,49,50,51,52,53,54,55,56,57,58,59,60,61,62,63,64,65,66,67,68,69,70,71,72,73,74,75,76,77,78,79,80,81,82,83,84,85,86,87,88,89,90,91,92,93,94,95,96,97,98,99]
CFO=-994.0003351139462,STO=6
EsN0dB=10.32,GRXdB=10,N0=0.0015848932089284062
packet_number=1245,correct=False,payload=[0,1,2,3,4,5,6,7,8,9,10,11,12,13,14,15,16,17,18,19,20,21,22,23,24,25,26,27,28,29,30,31,32,33,34,35,36,37,38,39,40,41,42,43,44,45,46,47,48,49,50,51,52,53,54,55,56,57,58,59,60,61,62,63,64,65,66,67,68,69,70,71,72,73,74,75,76,77,78,79,80,81,82,83,84,87,86,87,88,89,90,91,92,93,94,95,96,97,98,99]
CFO=-1006.5547801328933,STO=5
EsN0dB=10.27,GRXdB=10,N0=0.0015848932089284062
packet_number=1246,correct=False,payload=[0,1,2,3,4,5,6,7,8,9,10,11,12,13,14,15,16,17,18,19,20,21,22,31,24,25,26,27,28,29,30,63,32,33,34,35,36,37,38,39,40,41,42,43,44,45,46,47,48,49,50,51,52,53,54,55,56,57,58,59,60,61,62,63,64,65,66,67,68,69,70,71,72,73,74,75,76,77,78,79,80,81,18,83,84,85,86,87,120,89,90,91,92,93,94,223,96,97,106,99]
CFO=-1117.2981155272066,STO=5
EsN0dB=10.33,GRXdB=10,N0=0.0015848932089284062
packet_number=1247,correct=False,payload=[0,1,2,3,4,5,6,7,8,9,10,11,12,13,14,15,16,17,18,19,28,21,22,23,24,25,26,27,28,29,30,31,32,33,34,35,36,37,38,39,40,41,42,43,44,45,46,47,48,49,50,51,52,53,54,55,56,57,58,59,60,61,62,63,64,65,66,67,68,69,70,71,72,73,74,75,76,77,78,79,80,81,82,83,84,85,86,87,88,89,90,91,92,93,94,95,96,97,98,99]
CFO=-954.0464558018527,STO=1
EsN0dB=10.15,GRXdB=10,N0=0.0015848932089284062
packet_number=1248,correct=False,payload=[131,104,124,0,0,8,12,0,16,28,28,48,32,64,54,24,48,24,28,96,100,0,44,16,0,120,76,96,100,56,110,48,126,56,124,0,134,196,14,24,216,220,222,240,224,92,204,144,144,152,188,192,64,232,76,240,248,216,252,96,100,124,236,248,254,248,254,129,130,129,141,17,23,12,30,17,135,149,166,176,152,189,30,64,67,105,39,192,127,248,173,32,100,121,45,49,117,248,190,129]
CFO=-1037.3115014204145,STO=0
EsN0dB=10.34,GRXdB=10,N0=0.0015848932089284062
packet_number=1249,correct=False,payload=[0,2,2,3,0,5,6,15,24,17,2,15,8,24,14,15,0,51,0,50,16,52,20,54,16,17,30,50,28,31,28,31,96,33,34,3,4,34,110,39,96,107,42,58,28,47,12,63,32,49,114,114,48,116,62,47,56,56,60,62,60,123,62,62,0,1,64,70,68,65,70,79,8,91,198,131,8,24,222,222,80,49,86,51,84,93,86,39,80,219,216,59,220,124,126,159,64,225,102,195]
CFO=-851.7300441655522,STO=5
EsN0dB=10.27,GRXdB=10,N0=0.0015848932089284062
packet_number=1250,correct=True,payload=[0,1,2,3,4,5,6,7,8,9,10,11,12,13,14,15,16,17,18,19,20,21,22,23,24,25,26,27,28,29,30,31,32,33,34,35,36,37,38,39,40,41,42,43,44,45,46,47,48,49,50,51,52,53,54,55,56,57,58,59,60,61,62,63,64,65,66,67,68,69,70,71,72,73,74,75,76,77,78,79,80,81,82,83,84,85,86,87,88,89,90,91,92,93,94,95,96,97,98,99]
CFO=-1149.325773750912,STO=1
EsN0dB=10.25,GRXdB=10,N0=0.0015848932089284062
packet_number=1251,correct=False,payload=[0,0,1,3,4,6,6,7,0,8,8,9,12,13,14,15,16,16,154,19,24,31,143,27,140,24,27,29,30,13,142,31,32,32,18,35,132,19,166,55,56,44,62,11,172,60,14,23,48,49,178,51,184,48,22,63,184,25,191,61,60,60,62,31,96,1,192,67,68,97,2,7,8,9,11,11,196,13,110,79,112,80,2,115,252,80,110,23,136,89,124,73,124,95,95,31,112,97,34,35]
CFO=-993.907665099426,STO=2
EsN0dB=10.16,GRXdB=10,N0=0.0015848932089284062
packet_number=1252,correct=False,payload=[128,1,2,3,4,5,2,7,8,9,8,15,12,13,14,15,0,17,2,19,20,17,22,31,88,9,26,27,28,29,158,15,32,33,33,43,244,37,38,39,8,41,40,35,46,45,14,47,48,49,50,51,52,53,55,55,56,57,59,59,60,60,62,63,64,65,2,67,68,68,70,71,72,73,74,75,76,77,78,79,64,81,81,115,84,85,87,87,24,89,90,95,92,95,94,95,96,97,98,33]
CFO=-1233.9343863554257,STO=1
EsN0dB=10.27,GRXdB=10,N0=0.0015848932089284062
packet_number=1253,correct=False,payload=[164,224,0,32,128,193,1,193,193,225,35,96,195,65,3,35,195,198,6,6,132,194,5,231,196,230,3,2,199,199,131,67,199,200,12,108,140,76,13,76,140,198,0,67,206,79,137,9,193,196,4,78,140,207,15,206,197,239,6,14,78,79,15,71,135,216,16,120,0,193,25,224,200,224,25,2,11,243,155,83,147,246,4,82,202,227,16,13,144,199,30,10,14,215,151,147,135,236,24,12]
CFO=-960.2536866592845,STO=4
EsN0dB=10.34,GRXdB=10,N0=0.0015848932089284062
packet_number=1254,correct=False,payload=[0,1,2,3,4,5,6,7,8,9,10,11,12,13,14,15,16,17,18,19,20,21,22,23,24,25,26,27,28,29,30,31,32,33,34,35,36,37,38,39,40,41,42,43,44,45,46,15,48,49,50,51,52,53,54,55,56,57,58,59,60,61,62,63,64,65,66,67,68,69,70,71,72,73,74,75,76,77,78,79,80,81,82,83,84,85,86,87,88,89,90,91,92,93,94,95,96,97,98,99]
CFO=-1362.4326562015797,STO=7
EsN0dB=10.35,GRXdB=10,N0=0.0015848932089284062
packet_number=1255,correct=False,payload=[0,1,2,3,4,7,6,7,8,9,10,11,12,13,14,15,16,17,50,19,20,21,22,23,24,25,26,27,28,29,30,31,32,33,34,35,44,37,38,39,40,41,40,43,44,41,46,47,48,49,50,51,52,53,54,55,56,57,122,59,60,61,62,63,64,65,66,71,68,69,78,71,72,73,74,75,76,77,78,78,80,81,82,83,84,117,22,87,88,89,90,91,92,92,94,95,96,97,66,99]
CFO=-1274.8900267457877,STO=5
EsN0dB=10.30,GRXdB=10,N0=0.0015848932089284062
packet_number=1256,correct=True,payload=[0,1,2,3,4,5,6,7,8,9,10,11,12,13,14,15,16,17,18,19,20,21,22,23,24,25,26,27,28,29,30,31,32,33,34,35,36,37,38,39,40,41,42,43,44,45,46,47,48,49,50,51,52,53,54,55,56,57,58,59,60,61,62,63,64,65,66,67,68,69,70,71,72,73,74,75,76,77,78,79,80,81,82,83,84,85,86,87,88,89,90,91,92,93,94,95,96,97,98,99]
CFO=-1337.7936974081433,STO=1
EsN0dB=10.25,GRXdB=10,N0=0.0015848932089284062
packet_number=1257,correct=False,payload=[207,129,184,105,128,0,129,1,195,2,131,3,132,4,1,129,130,7,67,131,200,8,77,12,143,13,67,3,140,6,204,6,135,15,207,159,136,24,155,24,202,9,81,145,136,14,25,28,203,14,143,131,216,12,216,136,138,26,29,29,220,28,158,157,207,15,223,15,208,16,129,161,144,50,115,163,224,0,18,53,247,55,71,163,144,0,52,185,202,28,19,157,156,20,84,53,247,38,79,31]
CFO=-1096.7531199472198,STO=4
EsN0dB=10.20,GRXdB=10,N0=0.0015848932089284062
packet_number=1258,correct=True,payload=[0,1,2,3,4,5,6,7,8,9,10,11,12,13,14,15,16,17,18,19,20,21,22,23,24,25,26,27,28,29,30,31,32,33,34,35,36,37,38,39,40,41,42,43,44,45,46,47,48,49,50,51,52,53,54,55,56,57,58,59,60,61,62,63,64,65,66,67,68,69,70,71,72,73,74,75,76,77,78,79,80,81,82,83,84,85,86,87,88,89,90,91,92,93,94,95,96,97,98,99]
CFO=-1005.643851084212,STO=4
EsN0dB=10.20,GRXdB=10,N0=0.0015848932089284062
packet_number=1259,correct=False,payload=[0,1,2,3,4,5,6,7,8,9,10,11,12,13,14,15,16,17,18,19,20,21,22,23,24,25,26,27,28,29,30,31,32,33,34,35,36,37,38,39,40,41,42,43,44,45,46,47,48,49,50,51,54,53,54,55,56,57,58,59,60,61,62,63,64,65,66,67,84,69,70,71,72,73,74,75,76,77,78,79,80,81,82,83,84,85,86,87,88,89,90,91,92,93,94,95,96,97,98,99]
CFO=-1339.4461051526594,STO=1
EsN0dB=10.44,GRXdB=10,N0=0.0015848932089284062
packet_number=1260,correct=False,payload=[0,1,130,3,4,4,6,3,136,5,138,13,14,6,143,15,8,17,18,19,156,5,142,31,24,9,10,29,140,29,31,31,48,33,35,35,176,38,182,55,152,57,43,27,12,13,142,31,16,49,50,155,150,55,191,19,60,24,58,31,60,30,190,31,64,97,128,67,132,68,98,71,100,65,111,11,68,101,175,79,96,49,113,121,216,127,78,23,216,89,10,123,124,93,62,95,96,33,35,97]
CFO=-921.0311474809768,STO=3
EsN0dB=10.22,GRXdB=10,N0=0.0015848932089284062
packet_number=1261,correct=False,payload=[0,1,2,3,4,5,6,7,8,9,10,11,12,13,14,15,16,17,18,19,20,21,22,23,24,25,26,91,28,29,30,31,32,33,34,35,36,37,38,39,40,41,42,43,44,45,46,47,48,49,50,51,52,53,54,55,56,57,58,123,60,61,62,63,64,65,66,67,4,69,70,71,72,73,74,75,76,77,78,79,80,81,82,83,84,85,86,87,88,89,74,91,92,93,94,95,96,97,98,99]
CFO=-942.2013543873331,STO=4
EsN0dB=10.30,GRXdB=10,N0=0.0015848932089284062
packet_number=1262,correct=False,payload=[0,1,2,3,4,5,6,7,8,9,10,11,12,13,14,15,16,17,18,19,20,21,22,23,24,25,26,27,28,29,30,31,32,33,34,35,36,37,38,39,40,41,42,11,44,45,46,47,48,49,50,51,52,53,54,55,56,57,58,59,60,61,62,63,64,65,66,75,68,69,70,71,72,73,74,75,76,77,78,79,80,81,82,83,84,85,86,87,88,89,90,91,92,93,94,95,96,97,98,99]
CFO=-1057.7542813221974,STO=1
EsN0dB=10.23,GRXdB=10,N0=0.0015848932089284062
packet_number=1263,correct=False,payload=[248,0,12,24,24,48,20,48,56,64,8,72,12,112,60,56,56,192,68,136,204,48,0,208,28,192,200,120,236,112,108,240,121,0,13,9,152,0,20,152,185,97,229,192,9,160,185,176,121,129,136,145,141,241,208,176,156,224,229,249,253,224,244,241,254,0,13,26,31,35,28,16,62,97,3,0,121,114,59,58,120,64,198,130,207,210,197,178,57,66,228,233,201,241,249,249,251,3,9,153]
CFO=-1307.9037935309136,STO=6
EsN0dB=10.15,GRXdB=10,N0=0.0015848932089284062
packet_number=1264,correct=False,payload=[0,1,2,3,4,5,6,7,8,9,10,11,12,13,14,15,16,17,18,19,20,21,22,23,24,25,26,27,28,29,30,31,32,33,34,35,36,37,38,39,40,41,42,43,44,45,46,47,48,49,50,51,52,53,54,55,56,57,58,59,60,61,62,63,64,65,66,67,68,69,70,71,72,73,74,75,76,77,78,79,80,81,66,83,84,85,86,87,88,88,90,91,92,93,94,95,96,97,98,99]
CFO=-909.0658062779434,STO=3
EsN0dB=10.25,GRXdB=10,N0=0.0015848932089284062
packet_number=1265,correct=False,payload=[0,1,2,3,4,5,6,7,8,9,10,11,12,13,14,15,16,17,18,19,20,21,22,31,24,25,26,27,28,29,30,31,32,33,34,35,36,37,38,39,40,41,42,43,44,45,46,47,48,49,50,51,52,53,54,55,56,57,50,59,60,61,62,63,64,65,66,67,68,69,70,71,72,73,74,75,76,77,78,79,80,81,82,83,84,85,86,87,88,89,90,91,92,93,94,95,96,97,98,99]
CFO=-890.8399919442605,STO=5
EsN0dB=10.31,GRXdB=10,N0=0.0015848932089284062
packet_number=1266,correct=False,payload=[0,1,2,3,4,5,6,7,8,9,10,11,12,13,14,15,16,17,18,19,20,21,22,23,24,25,26,27,28,29,30,31,32,33,34,35,36,37,38,39,40,41,42,43,44,44,46,47,48,49,50,51,52,53,54,55,56,57,58,59,60,61,62,63,64,65,66,67,68,69,70,71,72,73,74,75,76,77,78,79,80,81,82,83,84,85,86,87,88,89,90,91,92,93,94,95,96,97,98,99]
CFO=-918.2722728068532,STO=0
EsN0dB=10.33,GRXdB=10,N0=0.0015848932089284062
packet_number=1267,correct=False,payload=[0,1,2,3,4,4,134,7,24,9,10,27,12,13,14,15,16,49,18,19,4,21,52,23,24,25,18,27,28,31,30,31,32,97,42,35,36,37,38,39,8,41,42,34,44,45,46,47,48,49,50,51,52,61,54,55,56,57,58,59,60,125,62,63,64,193,198,67,68,197,70,71,72,73,74,75,76,77,78,15,80,80,86,83,84,85,86,215,120,88,90,91,92,93,94,95,96,97,98,99]
CFO=-877.8945897431342,STO=6
EsN0dB=10.15,GRXdB=10,N0=0.0015848932089284062
packet_number=1268,correct=True,payload=[0,1,2,3,4,5,6,7,8,9,10,11,12,13,14,15,16,17,18,19,20,21,22,23,24,25,26,27,28,29,30,31,32,33,34,35,36,37,38,39,40,41,42,43,44,45,46,47,48,49,50,51,52,53,54,55,56,57,58,59,60,61,62,63,64,65,66,67,68,69,70,71,72,73,74,75,76,77,78,79,80,81,82,83,84,85,86,87,88,89,90,91,92,93,94,95,96,97,98,99]
CFO=-1061.1125762437932,STO=2
EsN0dB=10.29,GRXdB=10,N0=0.0015848932089284062
packet_number=1269,correct=False,payload=[0,129,2,3,4,5,6,7,8,9,10,11,12,13,14,15,16,17,18,19,20,21,22,23,28,25,26,27,28,29,30,31,32,33,34,35,36,37,38,47,40,41,42,43,44,45,46,47,48,49,50,51,52,53,54,55,56,57,58,59,60,31,62,63,192,65,66,67,68,69,70,71,72,73,74,75,76,77,78,79,80,81,82,83,84,85,86,87,88,89,90,91,92,93,94,95,96,97,98,99]
CFO=-946.7899134172432,STO=7
EsN0dB=10.36,GRXdB=10,N0=0.0015848932089284062
packet_number=1270,correct=False,payload=[0,1,2,3,4,5,6,7,8,25,10,11,12,13,12,15,16,17,18,19,20,21,20,23,24,25,26,27,28,29,30,31,96,33,98,39,36,37,38,39,56,9,42,43,44,45,46,47,48,48,50,51,52,53,54,63,56,56,58,59,60,61,62,63,64,65,82,67,68,69,70,199,72,73,74,75,76,77,14,79,80,81,114,211,84,85,86,87,88,93,90,91,92,28,92,94,224,97,98,99]
CFO=-1097.2771235226069,STO=5
EsN0dB=10.33,GRXdB=10,N0=0.0015848932089284062
packet_number=1271,correct=False,payload=[0,1,2,3,4,5,6,7,8,9,10,11,12,13,14,15,16,17,18,18,20,21,22,23,24,25,26,27,28,29,30,31,32,33,34,35,36,37,38,39,40,40,42,43,44,45,46,47,48,49,50,51,52,53,54,55,56,57,58,59,60,61,62,63,64,65,66,67,68,69,70,71,72,73,74,75,76,77,78,79,80,81,82,83,84,93,86,87,88,89,90,91,92,93,94,95,96,97,98,99]
CFO=-884.1557150619857,STO=5
EsN0dB=10.26,GRXdB=10,N0=0.0015848932089284062
packet_number=1272,correct=False,payload=[0,1,2,3,4,5,6,7,8,9,10,11,13,13,14,15,16,17,18,19,20,21,22,23,24,89,26,27,28,29,30,95,32,33,34,35,36,37,38,39,40,41,42,43,44,45,46,47,48,49,50,51,52,53,54,55,56,57,58,59,60,61,62,63,64,65,66,67,68,69,70,71,72,73,74,75,76,77,78,79,80,81,82,83,84,85,86,87,88,89,90,91,92,93,94,95,96,97,98,99]
CFO=-1053.2445777748926,STO=1
EsN0dB=10.28,GRXdB=10,N0=0.0015848932089284062
packet_number=1273,correct=False,payload=[0,1,2,3,4,5,6,7,8,9,10,11,12,13,14,15,16,17,18,19,20,21,22,23,24,25,26,27,28,29,30,31,32,33,34,35,36,37,38,39,40,41,42,43,44,45,46,47,48,49,50,51,52,53,54,55,56,57,58,59,60,61,62,63,64,65,66,66,68,69,70,71,72,73,74,75,76,77,78,79,80,81,82,83,84,85,86,87,88,89,90,91,92,93,94,95,96,97,98,99]
CFO=-1156.871472668353,STO=1
EsN0dB=10.12,GRXdB=10,N0=0.0015848932089284062
packet_number=1274,correct=False,payload=[0,3,6,3,12,6,14,15,24,10,14,15,12,9,28,15,48,35,16,34,32,47,20,39,16,56,16,58,60,26,30,62,32,98,100,102,12,35,38,15,40,11,38,14,56,111,14,126,32,50,34,98,36,123,100,110,48,114,58,118,124,127,60,63,64,1,66,66,132,143,76,142,153,216,204,158,204,31,94,222,240,97,144,247,140,239,70,246,24,176,222,90,24,126,222,254,96,224,228,231]
CFO=-1140.2396063003525,STO=2
EsN0dB=10.26,GRXdB=10,N0=0.0015848932089284062
packet_number=1275,correct=False,payload=[0,1,2,3,4,5,134,7,136,9,10,11,12,15,14,15,16,17,19,3,20,5,22,7,24,9,24,11,28,13,158,31,32,33,162,35,36,53,38,39,44,41,42,41,44,45,174,47,56,49,50,51,60,53,54,55,56,57,58,59,60,53,158,63,64,65,66,67,68,69,70,71,64,41,74,75,12,77,78,79,80,81,82,81,84,92,118,71,88,89,90,95,92,93,94,95,96,97,98,99]
CFO=-939.9560482773645,STO=7
EsN0dB=10.27,GRXdB=10,N0=0.0015848932089284062
packet_number=1276,correct=False,payload=[0,1,2,3,8,7,6,7,0,9,10,11,12,15,14,15,16,1,18,19,20,21,6,23,24,17,26,27,28,31,30,31,32,1,34,35,36,101,102,39,40,9,42,43,44,45,62,47,48,113,50,51,52,53,54,55,56,57,50,59,60,125,62,63,64,65,66,67,64,69,70,71,64,73,74,75,76,79,76,79,80,81,86,83,20,85,86,95,88,89,90,123,92,93,94,95,96,99,96,99]
CFO=-1213.5242158637427,STO=7
EsN0dB=10.51,GRXdB=10,N0=0.0015848932089284062
packet_number=1277,correct=False,payload=[0,1,2,3,4,5,6,7,8,9,10,11,12,13,14,15,16,17,18,19,20,21,22,23,24,25,26,27,28,29,30,31,32,33,34,35,36,37,38,39,40,41,42,43,44,45,46,47,48,49,50,51,52,53,54,55,56,57,58,59,60,61,62,63,64,65,66,195,68,69,70,71,72,73,74,75,76,77,78,79,80,81,82,83,84,85,86,87,88,89,90,91,92,93,94,95,96,97,98,99]
CFO=-1380.627876979605,STO=1
EsN0dB=10.23,GRXdB=10,N0=0.0015848932089284062
packet_number=1278,correct=False,payload=[0,0,3,3,4,2,6,7,136,13,10,15,140,4,142,7,0,0,18,27,144,7,30,23,152,25,10,11,14,28,158,31,32,49,34,3,4,39,38,39,172,33,40,43,6,15,47,47,176,49,59,59,52,17,54,51,60,57,62,59,28,61,62,63,96,32,0,3,198,69,102,67,72,33,74,77,76,77,78,15,24,89,82,27,32,18,94,71,92,89,90,89,76,79,95,95,32,113,242,97]
CFO=-1072.8373785799627,STO=0
EsN0dB=10.16,GRXdB=10,N0=0.0015848932089284062
packet_number=1279,correct=False,payload=[0,1,66,3,4,4,6,7,8,9,26,15,12,13,14,15,16,17,18,19,28,53,4,23,24,25,26,59,28,29,60,31,32,1,34,3,36,1,38,39,40,40,40,43,44,61,110,110,48,49,34,50,48,37,62,118,56,49,58,59,60,61,62,63,192,67,128,67,204,199,70,71,72,75,72,75,76,13,30,79,64,49,86,51,84,119,94,87,152,89,154,91,92,93,94,127,96,65,70,67]
CFO=-849.4077798477477,STO=2
EsN0dB=10.11,GRXdB=10,N0=0.0015848932089284062
packet_number=1280,correct=False,payload=[0,1,2,19,4,5,6,7,8,9,11,11,14,13,14,15,144,25,2,19,20,22,54,23,24,25,26,27,28,29,30,31,32,33,35,35,36,37,54,35,40,41,42,41,108,45,62,15,48,57,51,59,52,53,54,55,56,61,62,59,60,61,62,63,64,65,66,67,196,69,70,67,8,105,10,1,68,108,78,111,80,81,82,83,84,85,87,83,24,25,88,91,94,93,94,111,96,97,114,99]
CFO=-840.1886845836539,STO=7
EsN0dB=10.27,GRXdB=10,N0=0.0015848932089284062
packet_number=1281,correct=False,payload=[0,1,2,3,4,5,6,7,8,9,10,11,12,13,14,15,16,17,18,19,20,21,22,23,24,25,26,27,28,29,30,31,32,33,34,35,36,37,38,39,40,41,42,43,44,45,47,47,48,49,50,51,52,53,54,55,56,57,58,59,60,61,62,63,64,65,66,67,68,69,70,71,72,73,74,75,76,77,78,79,80,81,82,83,84,85,86,87,88,89,90,91,92,93,94,95,96,99,98,99]
CFO=-1053.1869480537705,STO=6
EsN0dB=10.41,GRXdB=10,N0=0.0015848932089284062
packet_number=1282,correct=True,payload=[0,1,2,3,4,5,6,7,8,9,10,11,12,13,14,15,16,17,18,19,20,21,22,23,24,25,26,27,28,29,30,31,32,33,34,35,36,37,38,39,40,41,42,43,44,45,46,47,48,49,50,51,52,53,54,55,56,57,58,59,60,61,62,63,64,65,66,67,68,69,70,71,72,73,74,75,76,77,78,79,80,81,82,83,84,85,86,87,88,89,90,91,92,93,94,95,96,97,98,99]
CFO=-1088.1620226318132,STO=5
EsN0dB=10.24,GRXdB=10,N0=0.0015848932089284062
packet_number=1283,correct=False,payload=[0,1,2,3,4,5,22,7,8,9,10,11,12,13,14,15,16,17,18,19,20,21,22,23,24,25,26,27,28,29,30,31,32,33,34,35,36,37,38,39,40,41,42,43,44,45,46,47,48,49,50,51,52,53,54,55,56,57,58,59,60,61,62,63,64,65,66,67,68,69,70,71,72,73,74,75,76,77,78,79,80,81,82,83,84,85,86,87,88,89,90,91,92,93,94,95,96,97,98,99]
CFO=-1034.40179340212,STO=5
EsN0dB=10.29,GRXdB=10,N0=0.0015848932089284062
packet_number=1284,correct=False,payload=[0,1,2,3,4,5,6,7,8,9,10,11,12,13,14,15,16,17,18,19,20,21,22,23,24,25,26,27,28,29,30,31,32,33,34,35,36,37,38,39,40,41,42,43,44,45,46,47,48,49,50,51,52,53,54,55,56,57,58,59,60,61,62,63,64,65,66,67,68,69,70,71,72,75,74,75,108,77,78,79,80,81,82,83,84,85,86,87,88,93,90,91,92,93,94,95,96,225,98,99]
CFO=-1140.2701998560099,STO=3
EsN0dB=10.10,GRXdB=10,N0=0.0015848932089284062
packet_number=1285,correct=False,payload=[0,1,2,3,4,5,6,7,8,9,10,11,12,13,14,15,16,17,18,19,20,21,22,23,24,25,26,27,28,29,30,31,32,35,34,35,36,37,38,39,40,41,42,43,44,45,46,47,48,49,50,51,52,53,54,55,56,57,58,59,60,61,62,63,64,65,66,67,68,65,70,71,72,73,74,75,76,77,78,79,80,81,82,83,84,85,86,87,88,89,90,91,92,93,94,95,96,97,98,99]
CFO=-1006.9720620024987,STO=3
EsN0dB=10.12,GRXdB=10,N0=0.0015848932089284062
packet_number=1286,correct=False,payload=[0,1,2,3,4,5,6,7,8,9,2,11,12,13,30,15,16,17,18,19,20,21,22,23,24,25,26,27,28,29,30,31,32,33,34,35,36,37,38,39,40,41,42,43,44,45,46,47,48,49,50,51,52,53,54,55,56,57,58,59,60,61,62,62,64,65,66,67,68,69,70,71,72,73,74,75,76,77,78,79,80,81,82,83,68,85,86,87,88,89,90,91,92,93,94,95,96,97,98,99]
CFO=-1056.8244981054947,STO=2
EsN0dB=10.23,GRXdB=10,N0=0.0015848932089284062
packet_number=1287,correct=False,payload=[0,1,2,3,4,5,6,7,8,9,10,11,12,13,14,15,16,17,18,19,28,20,22,23,24,25,26,27,28,29,30,31,32,33,50,35,36,37,38,39,40,41,42,43,44,45,47,47,52,49,50,51,52,53,54,55,56,57,58,59,60,61,62,63,64,65,66,67,68,69,70,71,76,73,74,75,76,111,78,79,88,81,82,83,84,85,86,87,88,89,90,91,124,92,94,95,96,97,98,99]
CFO=-1210.157146046338,STO=4
EsN0dB=10.22,GRXdB=10,N0=0.0015848932089284062
packet_number=1288,correct=True,payload=[0,1,2,3,4,5,6,7,8,9,10,11,12,13,14,15,16,17,18,19,20,21,22,23,24,25,26,27,28,29,30,31,32,33,34,35,36,37,38,39,40,41,42,43,44,45,46,47,48,49,50,51,52,53,54,55,56,57,58,59,60,61,62,63,64,65,66,67,68,69,70,71,72,73,74,75,76,77,78,79,80,81,82,83,84,85,86,87,88,89,90,91,92,93,94,95,96,97,98,99]
CFO=-1141.1768600364599,STO=3
EsN0dB=10.22,GRXdB=10,N0=0.0015848932089284062
packet_number=1289,correct=False,payload=[0,1,2,3,4,5,6,7,8,9,10,11,12,13,14,15,16,17,18,19,20,21,22,23,24,25,26,27,28,29,30,31,32,33,34,35,36,37,38,39,40,41,42,43,44,45,46,47,48,49,50,51,52,53,54,55,56,57,58,59,60,61,62,63,64,65,66,67,68,69,70,71,72,73,74,75,76,77,78,79,80,81,82,83,84,85,86,87,88,89,90,91,92,93,90,31,96,97,98,99]
CFO=-1005.8581245534865,STO=4
EsN0dB=10.31,GRXdB=10,N0=0.0015848932089284062
packet_number=1290,correct=False,payload=[0,1,2,3,4,5,6,7,8,9,10,11,12,13,14,15,16,17,18,19,20,21,22,23,24,25,26,27,28,29,30,31,32,33,34,35,36,37,38,39,40,41,42,43,44,45,46,47,48,49,50,51,52,53,54,55,56,57,58,59,52,61,62,63,64,65,66,67,68,69,70,71,72,73,74,75,76,77,78,79,80,81,82,83,84,85,86,87,88,89,90,91,92,93,94,95,96,97,98,99]
CFO=-781.9293053975607,STO=3
EsN0dB=10.29,GRXdB=10,N0=0.0015848932089284062
packet_number=1291,correct=False,payload=[0,1,2,3,4,5,6,7,8,9,10,11,12,13,14,15,16,17,18,18,20,21,22,23,24,25,26,27,28,29,30,31,32,33,34,35,36,37,38,39,40,41,42,43,44,45,46,47,48,49,50,51,52,53,54,55,56,57,58,59,60,61,63,63,64,65,66,67,68,69,70,71,72,73,74,75,76,77,78,79,80,81,82,83,84,85,86,87,88,89,90,91,92,93,94,95,96,97,98,99]
CFO=-1153.47570657006,STO=7
EsN0dB=10.29,GRXdB=10,N0=0.0015848932089284062
packet_number=1292,correct=False,payload=[0,1,2,3,4,5,6,7,8,9,10,11,12,13,14,15,16,1,22,19,20,20,22,22,24,25,58,27,28,29,30,31,32,33,2,35,100,37,38,39,40,41,42,43,44,45,46,47,48,49,50,51,48,53,54,54,56,57,58,59,60,61,62,63,64,65,66,67,76,69,70,71,72,89,74,75,204,77,78,79,80,65,82,83,84,85,86,215,88,88,90,91,92,29,94,95,96,97,98,99]
CFO=-865.4471035893149,STO=1
EsN0dB=10.29,GRXdB=10,N0=0.0015848932089284062
packet_number=1293,correct=False,payload=[0,1,2,3,4,5,6,7,8,9,10,11,12,13,14,15,16,17,18,19,20,21,22,23,24,25,26,27,28,29,30,31,32,33,34,35,36,37,38,39,40,41,42,43,44,45,46,47,48,49,50,51,52,53,54,55,56,57,58,59,60,61,62,63,64,65,66,67,68,69,70,71,72,73,74,75,76,77,78,79,64,81,82,83,84,85,86,87,88,89,90,91,92,93,94,95,96,97,98,99]
CFO=-1025.136926384213,STO=4
EsN0dB=10.35,GRXdB=10,N0=0.0015848932089284062
packet_number=1294,correct=False,payload=[0,1,2,3,4,5,6,7,8,9,10,11,12,13,14,15,16,17,2,19,20,21,22,23,24,25,26,27,28,29,30,31,32,33,34,35,36,37,38,39,40,41,42,43,44,45,46,47,48,49,18,51,52,53,54,55,56,57,58,59,60,61,62,63,64,65,66,67,68,69,70,71,72,73,74,75,76,77,78,79,80,81,82,83,84,85,86,87,88,89,90,91,92,93,94,95,96,97,98,99]
CFO=-905.246532877208,STO=4
EsN0dB=10.23,GRXdB=10,N0=0.0015848932089284062
packet_number=1295,correct=False,payload=[0,1,2,3,4,5,6,7,8,9,10,11,12,13,14,15,16,17,18,19,20,21,22,23,24,25,26,27,28,29,30,31,32,33,34,35,52,37,38,39,40,41,42,43,44,45,46,47,48,49,50,51,52,53,54,55,56,57,58,59,60,61,62,63,64,65,64,67,68,69,70,71,72,73,74,75,76,77,78,79,80,81,82,83,84,85,86,87,88,89,90,91,92,93,94,95,96,97,98,99]
CFO=-944.4627280430055,STO=4
EsN0dB=10.16,GRXdB=10,N0=0.0015848932089284062
packet_number=1296,correct=False,payload=[0,1,2,3,4,5,6,7,8,9,10,11,12,13,14,15,16,17,18,19,20,21,22,23,24,25,26,27,28,29,30,31,32,33,34,35,36,37,38,39,40,41,42,43,44,45,46,47,48,49,178,51,52,53,54,55,56,57,58,59,60,61,62,63,64,65,66,67,68,69,70,71,72,73,74,75,76,76,78,79,80,81,82,83,84,85,86,87,88,89,90,91,92,93,78,95,96,97,98,99]
CFO=-929.963102066682,STO=4
EsN0dB=10.41,GRXdB=10,N0=0.0015848932089284062
packet_number=1297,correct=False,payload=[0,1,2,3,4,5,6,7,8,9,10,11,12,13,14,15,16,17,18,19,20,21,22,23,24,25,26,27,28,29,30,31,32,33,34,35,36,37,38,39,40,41,42,43,44,45,46,47,48,49,50,51,52,53,54,55,56,57,58,59,60,61,62,63,64,1,66,67,68,69,70,71,72,73,74,75,76,77,78,79,80,81,82,83,84,85,86,87,88,89,90,91,93,93,94,95,96,97,98,99]
CFO=-1203.392057116852,STO=5
EsN0dB=10.32,GRXdB=10,N0=0.0015848932089284062
packet_number=1298,correct=True,payload=[0,1,2,3,4,5,6,7,8,9,10,11,12,13,14,15,16,17,18,19,20,21,22,23,24,25,26,27,28,29,30,31,32,33,34,35,36,37,38,39,40,41,42,43,44,45,46,47,48,49,50,51,52,53,54,55,56,57,58,59,60,61,62,63,64,65,66,67,68,69,70,71,72,73,74,75,76,77,78,79,80,81,82,83,84,85,86,87,88,89,90,91,92,93,94,95,96,97,98,99]
CFO=-968.5099149778837,STO=1
EsN0dB=10.20,GRXdB=10,N0=0.0015848932089284062
packet_number=1299,correct=False,payload=[0,1,3,3,6,5,2,7,8,9,138,11,12,5,15,15,24,16,18,3,20,17,134,23,136,25,154,25,12,29,30,31,0,33,34,3,38,37,54,39,40,25,43,43,44,61,62,47,24,17,50,51,48,53,22,63,56,57,58,27,60,61,62,63,192,65,66,67,6,4,230,103,8,73,34,79,76,109,78,15,144,81,114,83,80,29,86,87,88,89,94,75,92,93,79,79,96,97,96,99]
CFO=-1039.0215388860527,STO=6
EsN0dB=10.34,GRXdB=10,N0=0.0015848932089284062
packet_number=1300,correct=False,payload=[0,1,2,3,4,5,6,7,8,9,10,11,12,13,14,15,16,17,18,19,20,21,22,23,24,25,26,27,28,29,30,31,32,33,34,35,36,37,38,39,40,41,42,43,44,45,46,47,48,49,50,51,52,53,54,55,56,57,58,59,60,57,62,63,64,65,66,67,68,69,70,71,72,73,74,75,76,73,78,79,80,81,82,83,84,85,86,87,88,89,90,91,92,93,94,95,96,97,98,99]
CFO=-1178.97389367471,STO=3
EsN0dB=9.16,GRXdB=10,N0=0.00199526222422719
packet_number=1301,correct=False,payload=[0,1,2,3,4,5,6,7,8,9,10,11,12,13,14,15,16,17,22,19,20,21,22,23,24,25,26,27,28,29,30,95,32,33,34,51,36,37,38,39,40,41,42,47,44,45,46,47,48,49,50,51,52,53,54,55,56,57,58,59,60,61,62,63,64,65,66,67,68,69,70,71,72,73,74,75,76,77,78,79,80,81,82,83,84,85,86,87,88,91,90,91,92,93,94,95,96,97,98,99]
CFO=-1111.0832362808605,STO=6
EsN0dB=9.37,GRXdB=10,N0=0.00199526222422719
packet_number=1302,correct=False,payload=[0,1,2,3,4,5,6,7,8,9,10,11,12,13,14,15,16,17,18,19,20,21,22,151,24,25,24,27,28,29,30,31,32,33,34,35,36,37,38,39,40,41,42,43,44,45,46,47,48,49,50,51,52,53,54,55,56,57,58,59,60,61,62,63,64,65,66,67,68,69,70,71,72,73,74,75,76,77,78,77,80,81,82,83,84,85,86,87,88,89,90,91,92,93,94,95,96,97,98,99]
CFO=-763.4486633464064,STO=3
EsN0dB=9.20,GRXdB=10,N0=0.00199526222422719
packet_number=1303,correct=False,payload=[132,1,2,3,4,5,6,7,8,9,10,11,12,13,14,15,16,49,18,19,21,21,18,23,24,24,26,27,28,29,30,31,32,33,34,35,36,37,38,39,40,40,42,43,44,44,46,47,48,49,50,51,52,53,54,55,56,57,58,59,60,61,62,63,64,65,66,67,68,69,70,71,72,121,74,75,76,77,78,111,80,81,82,83,84,85,86,87,88,89,90,91,92,93,94,95,96,97,98,119]
CFO=-1086.7786721655395,STO=5
EsN0dB=9.34,GRXdB=10,N0=0.00199526222422719
packet_number=1304,correct=False,payload=[0,1,2,3,4,5,6,7,8,9,10,11,12,45,14,15,16,17,18,19,16,21,22,23,24,25,26,27,156,29,30,31,32,33,34,3,36,37,38,39,40,41,42,43,44,45,46,47,48,49,50,51,52,53,182,55,56,57,58,59,60,61,62,63,64,65,66,67,196,69,86,71,88,75,74,75,76,77,78,207,80,81,82,83,84,85,86,87,88,89,90,91,92,93,94,95,96,225,98,99]
CFO=-1176.220592245222,STO=1
EsN0dB=9.33,GRXdB=10,N0=0.00199526222422719
packet_number=1305,correct=False,payload=[130,0,131,3,2,4,134,3,0,13,135,7,14,4,7,7,24,8,138,1,140,18,150,3,24,13,155,25,158,29,15,31,16,33,161,51,144,20,146,55,52,56,170,11,4,21,134,55,152,17,49,19,146,24,191,19,60,28,59,61,156,63,190,63,192,33,195,99,38,70,226,67,236,105,41,107,174,100,174,79,232,121,192,81,210,121,39,15,168,89,9,107,76,12,111,95,112,112,34,99]
CFO=-752.6936648666077,STO=1
EsN0dB=9.27,GRXdB=10,N0=0.00199526222422719
packet_number=1306,correct=False,payload=[193,139,48,0,0,48,56,64,8,96,112,128,16,144,184,224,64,96,240,128,1,33,57,96,97,224,113,192,137,225,209,193,209,241,250,3,3,2,19,67,82,66,123,130,50,186,179,98,216,96,243,131,1,131,51,199,19,99,113,131,163,163,177,227,211,227,254,4,16,36,28,102,36,102,48,132,70,164,188,192,210,228,245,132,1,131,180,100,143,97,60,131,151,180,149,193,217,246,251,6]
CFO=-701.1154794912892,STO=0
EsN0dB=9.29,GRXdB=10,N0=0.00199526222422719
packet_number=1307,correct=False,payload=[0,1,2,6,12,13,4,7,8,8,18,7,28,13,14,15,16,18,6,3,52,21,23,39,16,49,24,51,24,31,28,62,32,65,38,2,4,13,38,102,40,43,56,14,60,109,108,47,32,49,48,50,96,116,100,111,120,57,58,59,60,56,62,191,8,67,66,66,4,5,4,71,64,3,74,138,200,200,142,79,64,64,0,82,80,33,94,207,88,27,80,210,92,93,124,95,224,96,194,247]
CFO=-948.516670616787,STO=5
EsN0dB=9.22,GRXdB=10,N0=0.00199526222422719
packet_number=1308,correct=False,payload=[0,1,2,3,4,5,6,7,8,9,10,11,12,13,14,15,16,17,18,19,20,21,22,23,24,25,26,27,28,29,30,31,32,33,34,35,36,37,38,39,40,41,42,59,44,45,46,47,48,49,50,51,52,55,54,55,56,57,58,59,60,61,62,63,64,65,66,67,196,69,70,71,72,73,74,75,76,77,78,79,80,81,82,83,84,85,86,87,88,89,91,91,92,93,94,95,96,97,98,99]
CFO=-1223.8329397438654,STO=4
EsN0dB=9.33,GRXdB=10,N0=0.00199526222422719
packet_number=1309,correct=False,payload=[0,1,2,3,4,5,6,7,8,9,10,11,12,13,14,15,16,17,18,19,20,21,22,23,24,25,26,27,28,29,30,31,32,33,34,35,36,37,38,39,40,41,42,43,44,45,46,47,48,49,50,51,52,53,54,55,60,57,58,27,60,61,63,63,64,65,66,67,68,69,70,71,72,73,74,75,76,77,70,79,80,81,82,83,84,85,82,87,92,25,90,91,92,93,94,95,224,97,98,99]
CFO=-1037.9721087792018,STO=5
EsN0dB=9.26,GRXdB=10,N0=0.00199526222422719
packet_number=1310,correct=False,payload=[0,1,2,3,4,5,6,7,8,9,10,139,12,45,14,15,16,17,18,19,20,21,22,23,24,25,26,27,28,29,30,31,32,33,34,35,36,37,38,39,40,41,42,43,44,45,46,47,48,49,50,51,52,53,54,55,56,57,58,59,60,61,62,63,64,65,66,67,68,69,70,71,72,73,74,75,76,77,78,79,80,81,82,83,84,85,86,87,88,89,90,91,92,93,94,95,96,97,98,99]
CFO=-758.3305274964742,STO=4
EsN0dB=9.17,GRXdB=10,N0=0.00199526222422719
packet_number=1311,correct=False,payload=[0,1,2,2,4,1,14,15,8,10,14,10,12,13,14,15,0,17,16,23,21,21,22,23,28,29,58,18,60,29,28,29,32,33,98,39,36,37,38,39,40,45,42,43,44,13,46,63,48,49,50,114,48,53,52,55,56,57,58,59,60,61,62,127,64,65,70,67,68,4,70,199,72,73,78,75,76,73,78,79,64,81,82,83,68,85,30,87,88,89,80,91,92,125,94,95,96,97,98,99]
CFO=-1100.8048687970493,STO=1
EsN0dB=9.21,GRXdB=10,N0=0.00199526222422719
packet_number=1312,correct=False,payload=[192,0,192,1,128,2,65,131,134,4,199,6,134,2,71,3,140,4,201,137,138,2,1,9,140,12,196,14,142,6,135,135,144,16,1,17,151,27,209,19,140,22,5,29,150,6,151,15,152,12,152,24,138,31,155,11,158,28,12,29,158,30,223,15,224,48,177,49,144,0,241,17,164,32,167,33,226,38,151,167,184,8,172,0,174,42,159,41,164,60,229,45,158,62,191,47,208,56,217,49]
CFO=-1214.173083834894,STO=4
EsN0dB=9.30,GRXdB=10,N0=0.00199526222422719
packet_number=1313,correct=False,payload=[0,1,2,3,4,5,6,7,8,9,10,11,12,13,14,15,16,17,18,19,20,21,22,23,24,25,26,27,28,29,30,31,32,33,34,35,36,37,38,39,8,41,42,43,44,45,46,47,48,49,50,51,52,53,54,55,56,57,58,59,60,61,62,63,64,65,66,67,12,69,70,71,72,73,74,75,76,77,78,79,80,81,82,83,84,85,86,87,88,89,90,91,92,93,94,95,96,97,98,99]
CFO=-871.6888411316161,STO=5
EsN0dB=9.36,GRXdB=10,N0=0.00199526222422719
packet_number=1314,correct=False,payload=[0,1,2,3,4,5,6,7,8,9,10,11,12,13,14,15,16,17,18,19,20,21,22,23,24,25,26,27,28,29,30,31,32,33,34,35,36,37,38,39,40,41,42,43,44,45,46,47,48,49,50,51,52,53,54,55,56,57,58,59,60,61,62,63,64,65,66,67,68,69,70,71,72,73,74,75,76,77,78,79,80,81,82,115,85,85,86,87,88,89,90,91,92,93,94,95,96,97,98,115]
CFO=-1033.2361552156403,STO=5
EsN0dB=9.21,GRXdB=10,N0=0.00199526222422719
packet_number=1315,correct=False,payload=[0,1,2,3,4,5,6,7,8,9,10,11,12,13,14,15,16,17,18,19,20,21,22,23,24,25,26,27,28,29,30,31,32,33,34,35,36,37,38,39,40,41,42,43,44,45,46,47,48,49,50,51,52,53,54,55,56,57,58,59,60,61,62,63,64,65,66,67,68,69,70,71,72,73,74,75,76,77,78,79,80,81,82,83,84,85,86,87,80,89,90,91,92,93,94,95,96,97,98,99]
CFO=-1004.8939532315877,STO=3
EsN0dB=9.18,GRXdB=10,N0=0.00199526222422719
packet_number=1316,correct=False,payload=[0,1,2,3,4,5,6,7,8,41,26,11,12,13,14,15,16,17,82,19,20,21,22,19,24,25,26,27,28,29,30,31,32,35,34,35,36,37,38,39,40,41,42,43,44,45,46,47,48,49,50,51,60,53,54,55,56,57,58,59,60,61,62,63,64,65,66,83,68,69,70,71,72,73,74,75,76,77,78,79,80,65,82,83,84,87,86,87,88,89,90,91,92,93,94,95,96,97,98,99]
CFO=-1088.7661860662095,STO=3
EsN0dB=9.33,GRXdB=10,N0=0.00199526222422719
packet_number=1317,correct=False,payload=[0,1,2,131,4,5,6,7,8,9,14,11,12,13,14,13,16,17,18,19,20,21,22,23,24,25,26,27,28,29,30,31,32,33,34,35,36,37,38,39,40,41,106,43,44,45,47,47,48,49,50,51,52,53,54,55,56,57,58,59,60,60,62,63,64,65,66,67,68,69,70,71,72,73,74,75,204,77,78,79,80,81,82,83,84,85,86,87,120,89,122,91,92,93,94,95,96,97,98,99]
CFO=-948.5818894369867,STO=4
EsN0dB=9.22,GRXdB=10,N0=0.00199526222422719
packet_number=1318,correct=False,payload=[0,65,2,3,4,4,6,7,8,9,10,11,12,13,14,15,16,17,18,19,20,21,22,23,24,25,26,27,28,29,30,31,32,33,34,35,36,37,38,39,40,41,42,43,44,45,46,47,48,49,50,51,52,21,54,55,56,57,58,59,60,61,62,63,64,65,66,67,68,69,70,71,72,73,74,75,76,77,78,79,80,80,82,83,84,85,86,87,88,89,90,91,92,93,94,95,96,97,98,99]
CFO=-937.0644829490527,STO=4
EsN0dB=9.33,GRXdB=10,N0=0.00199526222422719
packet_number=1319,correct=False,payload=[0,1,2,3,4,5,6,7,8,9,10,11,12,13,14,15,16,17,18,19,20,21,22,23,24,25,26,27,28,29,30,31,32,33,34,35,36,37,38,39,40,41,42,43,44,45,46,47,48,49,50,115,52,53,54,55,56,57,58,59,60,61,62,63,64,65,66,67,68,69,70,7,72,73,74,75,108,77,78,79,80,81,82,83,84,85,86,87,88,89,90,91,92,93,94,95,96,97,98,99]
CFO=-1035.243116182697,STO=0
EsN0dB=9.17,GRXdB=10,N0=0.00199526222422719
packet_number=1320,correct=False,payload=[0,1,2,3,12,13,6,7,8,9,26,27,12,13,30,14,16,1,16,18,20,17,54,39,24,24,26,31,28,61,30,31,0,33,34,98,68,45,38,39,32,33,40,106,56,47,44,47,48,49,34,55,52,44,54,119,48,25,58,51,60,61,60,127,64,65,98,67,68,128,6,6,88,3,76,75,12,95,76,79,0,81,82,79,0,116,86,86,16,218,88,91,156,93,126,95,96,73,98,99]
CFO=-967.342320226798,STO=3
EsN0dB=9.27,GRXdB=10,N0=0.00199526222422719
packet_number=1321,correct=False,payload=[0,1,2,3,4,5,6,7,8,9,10,11,12,13,14,15,16,17,18,19,20,21,22,23,24,25,26,27,28,29,30,31,32,33,34,35,36,33,38,39,40,41,10,43,44,45,46,47,48,49,50,51,52,53,54,55,56,57,58,59,60,61,62,191,64,65,66,3,68,5,70,71,72,73,74,75,76,77,78,79,80,81,82,83,84,85,86,87,88,89,90,91,92,92,94,95,96,97,98,99]
CFO=-1158.8613581624845,STO=2
EsN0dB=9.36,GRXdB=10,N0=0.00199526222422719
packet_number=1322,correct=False,payload=[0,1,2,1,4,5,6,7,8,9,10,11,140,13,46,15,16,145,18,19,20,21,22,21,28,25,26,31,28,29,30,31,32,33,34,35,36,37,38,39,40,41,42,43,44,45,46,47,48,49,34,51,52,53,54,55,56,61,58,59,60,61,62,63,96,65,66,99,76,69,70,71,72,73,66,75,76,77,206,79,64,81,82,83,84,93,118,87,88,89,90,123,92,93,94,95,96,97,98,99]
CFO=-770.3547435071971,STO=5
EsN0dB=9.27,GRXdB=10,N0=0.00199526222422719
packet_number=1323,correct=False,payload=[0,1,2,3,4,5,6,7,8,9,10,11,12,13,14,15,16,17,18,19,20,21,30,23,24,25,26,27,28,29,30,31,32,33,34,35,36,37,38,39,40,41,42,43,44,45,46,47,48,49,50,51,52,53,54,55,56,57,58,59,60,61,62,63,64,65,66,67,64,69,70,71,72,73,74,75,76,77,78,79,80,81,82,83,85,85,86,87,88,89,90,91,92,93,94,95,112,41,98,99]
CFO=-957.9895263812946,STO=5
EsN0dB=9.29,GRXdB=10,N0=0.00199526222422719
packet_number=1324,correct=False,payload=[0,1,2,3,4,5,6,7,8,9,10,11,12,13,14,15,16,17,18,19,20,85,22,23,24,25,26,27,28,29,30,31,32,33,34,35,36,37,38,39,40,41,42,43,44,45,46,47,48,49,50,51,52,53,54,55,56,57,58,59,60,61,62,63,64,69,66,67,68,69,70,71,72,73,78,75,72,77,78,79,80,81,82,83,84,85,86,87,88,89,90,91,92,93,94,95,96,97,98,99]
CFO=-1294.0028170341875,STO=0
EsN0dB=9.28,GRXdB=10,N0=0.00199526222422719
packet_number=1325,correct=False,payload=[0,1,2,3,0,4,12,7,8,8,10,26,12,12,12,15,16,51,50,38,52,45,4,22,56,16,62,27,28,28,28,31,32,1,38,7,44,100,36,38,32,33,34,98,124,106,62,30,32,97,32,98,124,45,110,111,48,50,118,118,120,125,126,127,64,67,130,195,204,71,134,70,208,217,66,83,220,95,14,206,128,48,50,147,132,124,190,63,216,152,188,87,88,252,94,95,64,225,98,67]
CFO=-1096.091445371375,STO=4
EsN0dB=9.30,GRXdB=10,N0=0.00199526222422719
packet_number=1326,correct=False,payload=[0,1,2,3,4,5,6,7,24,9,10,11,12,13,14,15,16,17,18,19,52,23,22,23,24,25,26,27,28,29,30,31,32,33,34,35,36,37,38,39,40,41,42,43,44,45,46,47,176,49,50,51,52,53,54,55,56,57,58,187,60,61,62,63,64,65,66,67,68,69,70,71,72,201,74,75,76,77,78,79,80,81,82,83,84,213,86,87,88,89,90,91,92,93,94,95,96,97,98,97]
CFO=-897.147007596598,STO=0
EsN0dB=9.33,GRXdB=10,N0=0.00199526222422719
packet_number=1327,correct=False,payload=[0,1,2,3,0,5,14,6,72,25,2,7,12,9,14,15,16,49,50,22,12,51,30,23,24,25,26,27,60,29,24,31,96,33,48,39,36,37,100,103,40,97,98,43,44,13,126,47,112,49,34,55,52,60,52,55,48,57,62,59,60,61,62,63,192,64,66,195,68,69,70,71,72,75,88,11,204,75,78,207,80,16,210,83,212,148,214,23,88,90,122,159,28,93,94,95,224,225,100,99]
CFO=-950.395031928377,STO=3
EsN0dB=9.22,GRXdB=10,N0=0.00199526222422719
packet_number=1328,correct=False,payload=[0,1,2,3,4,5,6,7,9,9,10,11,12,13,14,15,16,17,18,19,20,29,22,23,24,25,26,27,28,29,30,31,32,33,34,35,36,37,38,39,40,41,42,43,44,45,46,47,48,49,50,51,52,53,62,55,56,57,58,123,60,61,62,63,64,65,66,67,68,69,70,71,72,9,74,75,76,77,78,79,80,81,82,83,84,85,86,87,88,89,90,91,92,95,94,95,96,97,98,99]
CFO=-1491.3751255031304,STO=0
EsN0dB=9.17,GRXdB=10,N0=0.00199526222422719
packet_number=1329,correct=False,payload=[188,0,12,0,8,32,24,48,28,96,44,32,108,112,116,56,120,64,76,16,152,224,156,240,220,96,76,192,108,112,248,240,253,1,5,153,25,145,189,16,56,193,236,56,60,160,228,49,252,192,193,152,220,240,176,216,156,192,229,233,253,224,245,249,255,0,0,2,31,1,20,25,62,3,38,89,46,98,126,112,29,3,75,200,203,66,147,251,31,192,196,96,200,96,104,115,253,129,139,139]
CFO=-997.1312535123913,STO=2
EsN0dB=9.19,GRXdB=10,N0=0.00199526222422719
packet_number=1330,correct=False,payload=[0,1,2,3,4,5,6,7,8,9,10,11,12,13,14,15,24,17,18,19,20,21,22,3,24,25,154,27,28,29,30,31,32,33,34,35,6,101,38,39,40,8,42,43,44,45,46,47,48,33,50,51,52,53,54,55,56,57,58,59,60,61,62,63,64,65,66,67,68,69,70,71,72,73,74,75,76,77,70,79,80,81,90,83,84,69,86,87,88,89,24,91,220,93,94,95,96,96,98,35]
CFO=-1138.8703668151766,STO=5
EsN0dB=9.42,GRXdB=10,N0=0.00199526222422719
packet_number=1331,correct=False,payload=[0,1,2,3,4,5,6,7,0,9,10,11,12,13,14,47,16,17,18,19,20,21,22,23,24,25,26,27,28,29,30,31,32,161,34,35,36,37,38,39,40,57,42,43,44,45,46,47,48,49,50,49,52,53,54,23,56,57,58,59,60,29,62,63,64,65,66,67,68,69,70,71,72,73,72,75,76,77,78,79,80,81,82,67,84,117,86,87,88,89,90,91,92,93,94,95,96,97,98,99]
CFO=-1062.542884260611,STO=5
EsN0dB=9.32,GRXdB=10,N0=0.00199526222422719
packet_number=1332,correct=False,payload=[0,1,2,3,4,5,6,7,8,9,10,11,12,13,14,15,16,17,18,19,20,21,22,23,24,25,26,27,28,29,30,15,32,33,34,35,36,37,38,39,56,41,42,43,44,45,46,47,48,49,50,51,52,53,52,53,56,57,58,59,60,61,62,61,64,65,66,67,68,69,70,71,76,73,74,75,76,77,78,79,80,81,82,83,84,85,118,87,88,89,90,91,92,93,92,95,96,97,98,99]
CFO=-736.548686636317,STO=1
EsN0dB=9.20,GRXdB=10,N0=0.00199526222422719
packet_number=1333,correct=False,payload=[0,1,2,1,4,7,3,7,0,8,8,11,12,13,15,15,16,16,128,19,144,23,18,15,8,9,13,9,156,31,14,31,128,49,162,35,38,33,166,39,44,60,25,43,28,61,158,47,48,49,59,49,22,25,178,51,184,28,56,59,60,60,62,63,192,64,194,65,66,65,98,7,72,9,42,7,78,68,198,77,48,113,82,81,140,117,71,83,88,25,72,91,28,92,126,95,96,113,112,113]
CFO=-725.9175446250614,STO=5
EsN0dB=9.31,GRXdB=10,N0=0.00199526222422719
packet_number=1334,correct=False,payload=[0,1,2,3,4,5,6,7,8,9,10,11,12,13,15,15,16,17,18,19,20,21,22,23,24,25,26,26,28,29,30,31,32,33,34,35,36,37,38,39,40,41,42,43,44,45,46,47,48,49,50,51,52,53,54,55,56,57,58,59,124,61,62,191,64,65,66,67,68,69,70,71,72,73,74,75,76,77,78,203,64,81,82,83,84,85,86,87,88,89,94,91,92,93,94,95,96,97,98,99]
CFO=-1235.33042484672,STO=7
EsN0dB=9.34,GRXdB=10,N0=0.00199526222422719
packet_number=1335,correct=False,payload=[0,1,2,3,4,5,6,7,8,13,10,11,12,13,14,15,16,17,18,19,20,21,22,23,24,25,26,27,28,29,30,31,32,33,38,35,4,37,38,38,40,41,42,43,44,45,46,47,48,49,50,51,52,53,38,55,56,57,59,58,60,61,60,63,64,65,66,67,69,69,198,71,72,73,66,75,76,77,78,79,80,65,82,83,84,85,86,119,88,25,90,91,92,93,94,95,96,97,98,99]
CFO=-1149.222372275977,STO=5
EsN0dB=9.17,GRXdB=10,N0=0.00199526222422719
packet_number=1336,correct=False,payload=[0,1,2,3,4,5,6,7,12,9,10,11,12,13,14,15,16,82,18,19,20,21,22,23,24,25,26,27,28,29,30,31,32,33,34,35,36,37,38,39,40,41,42,41,44,45,46,47,48,49,50,51,52,53,54,55,56,57,58,59,60,61,62,63,64,65,66,67,68,69,70,71,72,73,74,75,76,77,78,79,80,81,82,83,84,85,86,87,88,89,90,91,92,93,94,95,96,97,98,99]
CFO=-971.3218540557152,STO=5
EsN0dB=9.30,GRXdB=10,N0=0.00199526222422719
packet_number=1337,correct=False,payload=[0,1,2,3,4,37,134,7,8,9,10,11,12,13,14,15,16,17,18,19,20,21,22,23,24,25,26,27,28,29,95,31,32,33,34,35,36,37,38,7,40,41,42,43,46,45,46,47,48,49,50,51,52,53,54,55,56,57,58,59,60,61,62,63,64,65,66,67,68,85,70,71,72,73,72,75,76,77,78,79,80,81,82,83,84,85,86,95,88,89,90,91,92,93,94,95,96,97,98,99]
CFO=-757.5004104950042,STO=1
EsN0dB=9.24,GRXdB=10,N0=0.00199526222422719
packet_number=1338,correct=False,payload=[0,1,2,3,4,5,6,7,8,9,10,11,12,13,14,15,16,17,18,19,28,29,23,23,24,25,26,27,156,29,30,31,32,33,34,35,36,37,38,39,40,41,42,43,44,45,46,47,16,49,50,51,52,53,54,55,56,57,58,59,60,61,62,127,64,65,66,67,68,69,70,71,72,73,74,75,76,77,78,79,80,81,82,83,84,85,86,87,88,89,90,75,92,93,94,95,96,97,98,99]
CFO=-884.0501198630985,STO=2
EsN0dB=9.26,GRXdB=10,N0=0.00199526222422719
packet_number=1339,correct=False,payload=[128,0,2,3,4,5,6,7,8,9,10,11,4,13,14,15,16,1,18,19,20,21,30,31,24,25,26,27,28,29,30,31,32,33,34,35,32,37,38,39,0,45,42,43,44,45,14,47,56,17,176,57,180,53,22,55,28,57,59,63,62,60,30,63,64,65,64,65,68,69,198,71,72,73,74,75,68,109,78,79,88,81,82,83,212,93,22,83,216,89,218,95,124,77,94,95,96,225,98,99]
CFO=-712.1034277388741,STO=0
EsN0dB=9.26,GRXdB=10,N0=0.00199526222422719
packet_number=1340,correct=False,payload=[0,0,130,7,4,5,4,7,8,9,6,11,12,25,28,14,0,1,2,6,56,4,22,23,56,16,48,19,28,61,28,63,0,98,34,2,12,4,4,47,56,75,98,171,60,12,44,63,32,51,54,51,40,43,102,54,56,59,62,127,60,61,30,126,64,67,68,66,68,65,78,206,193,138,66,2,12,76,94,79,160,67,18,211,20,245,84,86,56,91,30,219,120,93,122,158,96,64,224,227]
CFO=-1047.3675320171812,STO=5
EsN0dB=9.15,GRXdB=10,N0=0.00199526222422719
packet_number=1341,correct=False,payload=[64,33,2,3,20,5,6,7,8,9,10,43,12,13,14,15,16,17,18,19,20,21,22,23,24,25,26,27,28,29,30,31,32,33,34,35,36,37,38,39,40,41,42,43,44,13,46,47,48,49,50,51,52,37,54,55,56,57,58,59,60,60,62,63,64,65,66,67,68,69,70,71,74,73,74,75,76,77,78,79,80,81,82,83,84,85,86,87,88,89,90,91,92,93,94,95,96,97,98,99]
CFO=-867.3544576309755,STO=6
EsN0dB=9.38,GRXdB=10,N0=0.00199526222422719
packet_number=1342,correct=False,payload=[0,129,2,3,4,5,6,7,8,9,10,11,12,13,14,15,16,17,18,19,20,21,22,23,24,25,18,27,24,29,30,31,160,33,34,43,36,37,38,39,40,41,42,43,44,45,46,47,49,49,50,51,52,53,54,55,56,57,58,59,60,61,62,63,64,65,66,67,68,69,70,71,72,73,74,75,76,77,78,79,80,81,82,83,84,85,86,87,88,89,90,91,92,93,94,95,96,97,98,99]
CFO=-963.5724352599049,STO=0
EsN0dB=9.14,GRXdB=10,N0=0.00199526222422719
packet_number=1343,correct=False,payload=[95,8,7,9,192,0,1,128,193,1,1,131,194,4,66,3,135,3,195,131,132,12,77,140,198,8,205,133,198,12,4,142,199,15,79,135,192,0,192,8,147,2,203,9,140,0,142,135,203,23,139,131,200,12,77,156,221,15,207,137,158,14,30,159,207,15,79,15,224,16,33,145,219,32,81,145,214,6,71,54,243,3,115,23,248,4,157,132,192,22,61,149,244,52,70,183,223,7,55,23]
CFO=-960.7711683526514,STO=4
EsN0dB=9.23,GRXdB=10,N0=0.00199526222422719
packet_number=1344,correct=False,payload=[0,0,6,3,6,0,4,15,16,1,14,11,28,13,30,15,16,51,0,34,52,60,54,22,24,26,16,26,60,61,30,30,0,1,32,99,12,35,14,7,0,56,4,14,28,74,60,62,48,50,50,50,60,100,118,127,120,57,120,63,60,57,126,126,0,66,192,71,76,133,204,7,8,138,218,134,72,95,204,78,112,161,144,23,125,85,222,183,176,217,92,58,216,24,188,30,64,97,96,71]
CFO=-1067.4065481320908,STO=0
EsN0dB=9.10,GRXdB=10,N0=0.00199526222422719
packet_number=1345,correct=False,payload=[120,0,0,48,16,0,104,48,56,0,0,48,120,96,120,240,249,0,1,161,177,160,120,241,49,129,192,225,176,193,248,240,251,1,10,48,59,66,80,34,106,0,80,162,147,194,99,115,121,131,1,19,147,163,51,51,57,131,217,177,145,225,249,241,254,0,24,16,60,0,52,102,62,128,216,162,252,198,248,118,117,129,129,146,149,99,199,37,125,197,207,165,188,199,198,244,255,7,31,38]
CFO=-1185.9687900106458,STO=6
EsN0dB=9.34,GRXdB=10,N0=0.00199526222422719
packet_number=1346,correct=False,payload=[0,1,2,3,4,5,6,7,8,9,10,11,12,13,14,15,16,17,18,19,20,21,22,23,24,25,26,27,28,29,30,31,32,49,34,35,36,37,38,39,40,41,42,43,44,45,46,47,48,49,50,51,52,53,54,55,56,57,58,59,60,61,62,63,64,1,74,67,4,69,70,71,72,73,10,75,76,77,78,79,80,81,82,83,84,85,86,87,88,89,90,91,92,93,94,95,96,97,98,99]
CFO=-867.8822557559014,STO=4
EsN0dB=9.22,GRXdB=10,N0=0.00199526222422719
packet_number=1347,correct=False,payload=[0,1,2,3,4,5,6,7,8,9,10,11,12,13,14,11,16,19,18,19,20,21,22,23,26,25,26,27,28,29,30,31,32,33,34,35,36,37,38,39,40,41,42,43,44,45,46,39,48,49,50,51,52,53,54,55,56,57,58,59,60,61,54,63,64,65,66,67,68,69,70,71,72,73,74,75,76,77,78,95,80,81,82,83,84,85,86,215,88,89,90,83,92,93,94,95,96,97,98,99]
CFO=-1249.7725989714313,STO=5
EsN0dB=9.31,GRXdB=10,N0=0.00199526222422719
packet_number=1348,correct=False,payload=[0,1,2,67,132,5,6,7,8,9,10,11,12,13,14,15,16,17,18,19,20,21,22,23,24,25,26,27,28,29,30,31,32,33,34,35,36,37,38,39,40,41,42,43,44,45,46,47,48,49,50,51,52,53,118,55,56,57,58,59,60,61,62,63,64,65,66,67,78,69,70,199,72,73,74,75,76,77,78,71,80,81,82,83,84,85,86,87,88,89,90,91,92,93,94,95,96,97,98,99]
CFO=-1226.935458310605,STO=2
EsN0dB=9.32,GRXdB=10,N0=0.00199526222422719
packet_number=1349,correct=False,payload=[0,17,2,3,4,5,6,7,136,9,10,11,12,13,14,15,16,17,18,17,20,21,22,7,24,25,26,27,28,29,30,31,32,33,34,35,36,37,38,39,40,41,42,43,44,45,46,47,48,49,58,51,52,53,50,55,56,57,58,59,60,61,62,63,192,65,66,67,68,65,70,71,72,73,74,75,76,77,78,79,80,81,82,115,86,85,82,87,88,89,90,91,92,93,78,95,96,96,96,35]
CFO=-984.1862070502842,STO=1
EsN0dB=9.23,GRXdB=10,N0=0.00199526222422719
packet_number=1350,correct=False,payload=[0,1,2,3,4,4,3,3,8,1,130,9,12,15,143,15,16,25,26,19,16,5,30,23,152,25,152,27,28,29,31,31,176,33,33,2,36,37,166,39,28,32,19,3,60,39,14,63,48,17,26,51,180,53,58,51,56,61,58,57,60,61,62,63,64,1,34,67,68,71,70,99,8,65,98,79,68,77,111,71,80,17,248,67,88,85,86,87,88,93,217,89,124,77,206,95,224,97,50,115]
CFO=-756.1696501137461,STO=0
EsN0dB=9.26,GRXdB=10,N0=0.00199526222422719
packet_number=1351,correct=False,payload=[0,1,2,3,4,5,6,6,24,9,2,11,12,13,14,15,16,17,18,23,20,21,54,55,88,25,26,19,28,27,30,31,96,33,2,35,37,33,38,6,8,32,42,59,44,45,46,14,48,57,50,51,56,53,54,55,56,57,58,59,60,53,62,63,0,64,64,3,68,69,70,78,0,65,74,75,76,205,14,95,240,81,64,115,64,193,214,151,196,91,94,123,28,221,94,95,64,97,226,231]
CFO=-1328.6823910668886,STO=2
EsN0dB=9.53,GRXdB=10,N0=0.00199526222422719
packet_number=1352,correct=False,payload=[0,1,6,3,4,5,135,7,8,1,9,11,12,5,6,15,16,17,26,19,28,21,22,19,28,24,10,27,28,29,30,31,32,33,2,179,32,37,178,39,8,41,42,43,44,45,62,47,48,49,50,51,180,53,54,55,56,57,58,59,60,61,62,63,64,65,66,67,230,69,71,71,72,73,75,73,76,77,78,79,88,81,82,83,84,21,118,87,88,89,218,91,92,125,94,95,96,97,226,99]
CFO=-870.774117533396,STO=4
EsN0dB=9.28,GRXdB=10,N0=0.00199526222422719
packet_number=1353,correct=False,payload=[0,1,2,3,4,5,6,7,8,9,10,11,12,13,14,15,16,17,18,19,20,21,22,22,24,25,26,27,28,29,30,31,32,33,34,35,36,37,54,39,40,41,42,43,44,45,46,175,48,17,50,51,52,53,54,119,56,56,58,59,60,61,62,63,64,65,66,67,68,69,70,71,72,73,74,203,76,77,78,79,80,81,82,83,84,85,86,87,88,121,90,91,92,125,94,95,112,97,98,99]
CFO=-934.399108347161,STO=6
EsN0dB=9.37,GRXdB=10,N0=0.00199526222422719
packet_number=1354,correct=False,payload=[0,1,2,3,4,5,6,7,8,9,10,11,12,13,14,15,16,17,18,19,20,21,22,23,24,25,26,27,28,29,28,31,32,33,34,35,36,37,38,39,40,41,42,43,44,45,46,47,48,49,50,51,52,53,54,55,56,57,58,59,60,61,62,63,64,67,66,67,68,69,70,71,72,73,74,75,76,77,78,79,80,81,82,211,84,85,86,87,88,89,90,91,92,93,94,95,96,97,98,99]
CFO=-624.6221632639066,STO=3
EsN0dB=9.39,GRXdB=10,N0=0.00199526222422719
packet_number=1355,correct=False,payload=[0,1,2,3,4,5,6,7,8,9,10,11,12,13,14,15,16,17,50,19,20,21,30,23,24,25,26,27,28,29,30,31,32,33,34,35,36,37,38,39,168,105,42,43,44,45,46,47,48,49,50,51,52,53,54,55,56,57,58,59,60,61,62,63,64,65,66,65,68,69,70,71,8,73,74,75,76,77,78,79,80,81,66,83,84,85,86,87,88,89,90,91,92,93,94,95,96,97,98,99]
CFO=-1024.2371438248022,STO=6
EsN0dB=9.22,GRXdB=10,N0=0.00199526222422719
packet_number=1356,correct=False,payload=[0,1,2,3,4,5,6,7,8,9,10,75,12,13,14,15,16,17,18,19,20,21,22,23,24,25,26,27,28,29,30,31,32,33,34,35,36,37,38,39,40,41,46,43,44,45,46,47,48,49,50,51,52,53,54,55,56,57,58,59,60,61,62,63,64,65,66,67,68,69,70,71,72,73,74,75,76,77,78,79,80,81,82,83,84,85,86,87,88,89,90,91,92,93,94,95,96,97,98,99]
CFO=-1276.9010194217294,STO=5
EsN0dB=9.26,GRXdB=10,N0=0.00199526222422719
packet_number=1357,correct=False,payload=[0,1,2,2,4,5,6,7,8,9,10,11,12,13,14,15,16,17,18,19,28,21,22,23,24,25,26,27,28,29,30,31,32,33,34,35,36,37,38,39,40,41,40,43,44,45,46,47,48,49,58,51,52,53,54,55,56,57,58,59,60,61,62,63,64,97,74,67,68,69,70,71,72,73,74,75,76,77,78,79,80,81,82,83,84,85,86,87,88,89,90,91,92,29,94,95,96,97,98,99]
CFO=-1043.1239212562914,STO=1
EsN0dB=9.17,GRXdB=10,N0=0.00199526222422719
packet_number=1358,correct=False,payload=[0,1,130,3,4,5,7,7,140,9,10,3,12,15,142,7,16,16,2,17,84,28,30,19,12,29,26,27,30,13,31,31,32,49,34,3,164,36,162,55,152,25,40,43,60,62,142,47,48,48,50,51,182,21,55,55,56,24,62,57,156,29,190,63,0,65,99,3,102,101,71,103,0,105,72,73,204,15,78,15,192,81,90,89,112,71,22,95,200,93,122,59,92,15,94,15,96,97,98,35]
CFO=-1214.2664060376162,STO=2
EsN0dB=9.22,GRXdB=10,N0=0.00199526222422719
packet_number=1359,correct=False,payload=[0,1,2,3,4,5,6,7,8,1,10,11,12,13,14,15,16,17,18,19,20,21,22,23,24,25,26,27,29,29,158,31,32,33,34,35,36,33,38,47,168,41,42,43,44,45,46,47,48,49,50,51,52,53,62,55,56,57,58,59,60,61,62,63,64,65,66,67,100,69,70,79,72,73,74,75,76,77,78,79,48,81,82,83,84,85,86,87,88,73,90,91,28,93,94,127,224,97,98,99]
CFO=-1408.5677381328615,STO=6
EsN0dB=9.22,GRXdB=10,N0=0.00199526222422719
packet_number=1360,correct=False,payload=[0,1,2,3,4,5,6,7,136,9,10,11,12,13,14,15,16,17,18,19,20,21,22,23,24,25,26,27,28,29,30,31,32,33,34,35,36,37,38,39,40,41,42,43,44,45,46,47,48,49,50,51,52,53,54,55,56,57,58,59,60,61,60,63,64,65,66,67,64,69,70,71,72,73,74,75,76,77,78,79,80,81,82,83,84,85,86,87,88,89,90,91,76,93,94,95,96,97,98,99]
CFO=-980.655437994178,STO=5
EsN0dB=9.25,GRXdB=10,N0=0.00199526222422719
packet_number=1361,correct=False,payload=[0,65,2,3,4,5,6,7,8,9,10,11,12,13,14,15,16,17,18,19,20,21,22,21,24,25,26,27,28,29,30,31,32,33,34,35,36,45,38,103,40,41,42,43,44,45,46,47,48,49,50,51,52,53,54,55,56,57,58,59,60,61,62,63,64,65,66,67,4,69,71,71,72,73,74,75,76,77,78,79,80,85,82,83,84,85,86,87,88,89,90,91,92,92,94,95,96,97,98,99]
CFO=-1304.8523828032758,STO=2
EsN0dB=9.11,GRXdB=10,N0=0.00199526222422719
packet_number=1362,correct=False,payload=[0,1,2,3,4,5,6,7,8,9,10,11,12,13,14,15,16,145,18,19,20,21,22,23,24,25,26,27,156,29,30,31,32,33,34,163,36,37,38,39,168,41,42,43,44,45,44,39,48,49,50,51,52,53,22,55,56,57,58,59,60,61,62,63,64,65,66,67,68,69,6,71,72,9,74,75,76,77,78,79,80,81,66,83,84,85,86,87,88,89,90,91,92,93,94,31,96,97,98,99]
CFO=-999.0292397598778,STO=5
EsN0dB=9.19,GRXdB=10,N0=0.00199526222422719
packet_number=1363,correct=False,payload=[0,1,2,3,4,21,6,7,8,9,10,11,12,13,14,15,16,17,18,19,20,21,22,23,24,25,26,27,28,29,30,31,32,33,34,35,36,37,38,39,40,41,42,43,44,45,46,47,48,49,50,51,52,53,54,55,56,57,58,59,60,61,62,63,64,65,66,67,68,69,102,71,72,73,10,75,76,77,78,79,80,81,82,83,20,85,86,87,88,89,90,91,92,93,94,95,96,97,98,99]
CFO=-1009.1242830690912,STO=1
EsN0dB=9.36,GRXdB=10,N0=0.00199526222422719
packet_number=1364,correct=False,payload=[0,0,6,3,12,5,14,7,24,27,2,11,28,46,14,31,16,17,16,18,0,52,4,15,56,17,30,59,28,27,30,30,96,33,34,39,108,97,14,47,72,65,32,107,28,73,46,47,48,48,48,35,44,54,54,119,56,57,48,62,60,57,126,63,64,192,2,67,200,71,70,79,192,9,200,200,136,89,14,30,208,65,22,211,220,251,52,63,24,56,222,27,188,154,94,159,96,225,66,103]
CFO=-1074.4533823648399,STO=0
EsN0dB=9.18,GRXdB=10,N0=0.00199526222422719
packet_number=1365,correct=False,payload=[60,14,140,175,0,2,6,2,0,13,6,7,8,9,2,2,12,15,28,31,48,35,22,23,12,6,22,14,48,59,56,63,24,29,62,30,96,3,38,7,0,111,6,102,32,43,6,27,28,43,126,110,32,32,52,54,112,36,108,38,48,120,56,63,56,56,62,126,0,67,2,71,64,67,76,71,136,65,22,219,140,207,94,14,240,130,150,87,44,19,244,247,120,123,16,218,152,190,28,127]
CFO=-1319.2876793069477,STO=4
EsN0dB=9.45,GRXdB=10,N0=0.00199526222422719
packet_number=1366,correct=False,payload=[0,1,2,3,4,5,6,7,8,9,10,11,12,13,14,15,16,17,18,19,20,21,22,23,24,25,26,27,28,29,30,31,36,33,34,35,36,37,38,39,40,41,42,43,44,45,46,47,48,49,50,51,52,53,54,55,56,57,58,59,60,61,62,63,64,65,66,67,68,69,102,71,72,73,74,75,76,77,78,15,80,81,82,83,84,85,86,87,88,89,90,91,92,93,94,95,96,97,98,99]
CFO=-893.0613449602648,STO=5
EsN0dB=9.21,GRXdB=10,N0=0.00199526222422719
packet_number=1367,correct=True,payload=[0,1,2,3,4,5,6,7,8,9,10,11,12,13,14,15,16,17,18,19,20,21,22,23,24,25,26,27,28,29,30,31,32,33,34,35,36,37,38,39,40,41,42,43,44,45,46,47,48,49,50,51,52,53,54,55,56,57,58,59,60,125,62,63,64,65,66,67,68,69,70,71,72,73,74,75,76,77,78,79,80,81,82,83,84,85,86,87,88,89,90,91,93,93,94,95,96,97,98,99]
CFO=-1009.5348058973306,STO=4
EsN0dB=9.21,GRXdB=10,N0=0.00199526222422719
packet_number=1368,correct=False,payload=[0,128,2,3,4,5,6,7,12,9,10,11,12,13,14,15,16,17,18,19,20,21,22,23,24,25,26,27,28,29,62,31,32,33,34,35,36,37,38,39,40,41,42,43,44,45,38,47,48,49,50,51,52,53,54,55,56,57,58,59,60,61,62,63,64,65,66,67,68,69,70,71,72,73,74,75,76,77,78,79,80,81,82,83,84,85,86,87,88,89,90,91,93,93,94,95,96,97,98,99]
CFO=-1076.3889583686962,STO=6
EsN0dB=9.23,GRXdB=10,N0=0.00199526222422719
packet_number=1369,correct=False,payload=[0,1,3,3,4,5,6,7,8,9,10,11,12,13,14,15,16,17,18,18,20,21,22,23,24,25,58,27,28,29,30,31,32,33,34,35,36,37,38,55,40,41,42,43,44,45,46,46,48,49,50,51,52,53,54,55,56,57,58,59,60,61,62,63,64,65,66,67,68,77,70,71,72,73,74,75,76,93,78,79,80,81,82,83,84,81,86,87,88,89,90,90,92,93,94,95,96,97,98,99]
CFO=-958.8731821051649,STO=5
EsN0dB=9.19,GRXdB=10,N0=0.00199526222422719
packet_number=1370,correct=False,payload=[0,1,2,3,4,5,6,7,8,9,10,11,12,13,14,15,16,17,18,19,20,21,22,23,24,25,26,25,28,29,30,30,32,33,34,35,36,37,38,39,40,41,42,43,44,45,46,47,48,49,50,51,52,61,54,55,56,57,58,59,60,189,62,63,64,65,66,67,68,69,70,71,72,73,74,75,76,77,78,111,80,81,82,83,84,85,86,87,88,89,90,91,92,93,94,95,96,96,98,99]
CFO=-1137.4185958775295,STO=2
EsN0dB=9.55,GRXdB=10,N0=0.00199526222422719
packet_number=1371,correct=False,payload=[0,1,1,3,68,5,6,7,8,1,10,3,142,29,14,15,0,16,18,19,20,21,150,23,24,9,26,27,28,29,30,31,32,33,130,35,36,45,54,39,44,41,42,59,44,13,46,47,48,49,50,51,52,53,62,55,56,57,58,59,60,61,62,63,64,65,66,65,68,69,70,71,72,64,42,75,70,77,46,47,80,17,66,67,84,85,70,87,88,89,90,91,220,125,94,95,96,97,98,99]
CFO=-979.180603310115,STO=1
EsN0dB=9.18,GRXdB=10,N0=0.00199526222422719
packet_number=1372,correct=False,payload=[128,1,2,3,4,7,134,7,8,8,139,79,4,5,15,15,24,17,154,27,52,31,22,19,28,9,26,25,28,29,30,31,32,33,32,33,4,21,7,35,44,1,40,41,44,13,174,15,48,49,56,57,52,17,55,55,29,61,186,63,188,31,190,63,96,65,66,67,4,101,70,71,72,64,74,75,76,76,79,111,80,81,0,83,22,85,102,23,24,89,26,91,76,93,14,95,100,97,99,115]
CFO=-749.7311296039513,STO=4
EsN0dB=9.32,GRXdB=10,N0=0.00199526222422719
packet_number=1373,correct=False,payload=[0,1,2,3,4,5,6,7,8,9,10,11,12,13,14,15,16,17,18,19,20,21,54,23,24,25,26,27,28,29,30,31,48,33,34,35,36,37,38,39,40,41,42,43,44,45,46,47,16,49,50,51,52,53,54,55,56,57,58,59,60,61,62,63,64,65,66,67,68,69,70,71,72,73,74,75,76,77,78,79,80,81,82,83,84,85,86,87,88,89,90,123,92,93,94,95,96,97,98,99]
CFO=-904.8507732182685,STO=7
EsN0dB=9.40,GRXdB=10,N0=0.00199526222422719
packet_number=1374,correct=False,payload=[0,0,2,3,4,5,6,7,8,9,10,11,12,13,14,15,17,17,18,19,20,5,22,23,24,25,18,27,28,29,30,31,32,49,34,35,4,39,38,39,40,41,42,40,44,44,46,47,48,49,50,51,48,53,54,55,56,57,24,59,60,61,62,63,64,65,66,67,68,69,70,71,72,73,74,75,76,77,76,79,112,81,82,82,20,85,94,87,120,88,90,91,92,93,94,126,224,97,98,99]
CFO=-1260.448326939769,STO=4
EsN0dB=9.39,GRXdB=10,N0=0.00199526222422719
packet_number=1375,correct=False,payload=[0,17,2,3,4,5,6,7,8,9,12,11,12,13,14,15,16,17,18,19,20,21,22,23,152,25,26,27,28,29,30,31,32,33,34,35,36,37,38,39,40,41,42,43,44,45,46,47,48,51,50,51,52,53,54,55,56,57,58,59,60,61,62,63,64,65,66,99,68,69,70,71,72,73,74,75,76,77,78,79,80,81,90,83,84,85,86,87,88,89,90,91,92,93,94,95,96,97,98,99]
CFO=-924.9558382110895,STO=7
EsN0dB=9.37,GRXdB=10,N0=0.00199526222422719
packet_number=1376,correct=False,payload=[0,1,2,3,4,5,6,7,8,9,10,11,76,9,14,31,16,17,2,19,20,21,22,23,24,17,24,27,28,29,30,31,32,33,34,35,36,37,38,39,40,43,42,43,44,109,46,47,48,49,54,55,52,52,54,55,56,57,58,59,60,61,62,63,64,65,66,67,68,5,70,71,72,72,74,75,76,79,78,79,112,81,82,83,84,81,86,86,88,89,90,91,92,92,94,31,64,97,98,99]
CFO=-1172.3929589775337,STO=4
EsN0dB=9.42,GRXdB=10,N0=0.00199526222422719
packet_number=1377,correct=False,payload=[0,1,2,3,4,37,6,7,8,9,10,11,12,13,42,15,16,17,18,19,20,21,22,23,24,29,26,27,28,31,30,31,32,33,34,35,37,37,38,39,40,41,42,43,44,45,46,47,48,49,50,51,53,53,54,55,56,57,58,59,60,61,62,63,64,65,66,67,68,69,70,71,105,73,74,75,76,77,78,79,80,81,82,83,84,85,86,87,88,89,90,91,92,93,94,95,96,97,98,99]
CFO=-1241.0109840861205,STO=1
EsN0dB=9.31,GRXdB=10,N0=0.00199526222422719
packet_number=1378,correct=False,payload=[0,1,128,3,4,5,7,7,8,9,2,11,140,13,14,15,16,17,146,17,28,29,151,31,28,24,26,25,28,29,30,15,48,33,34,33,230,1,34,55,40,47,175,43,36,45,63,39,48,49,58,59,54,21,54,55,60,57,59,57,60,61,62,63,192,65,64,1,68,69,70,71,168,72,74,79,78,77,102,79,72,17,82,19,84,88,126,86,88,89,90,91,76,93,94,127,160,96,99,35]
CFO=-1102.2947038097582,STO=0
EsN0dB=9.37,GRXdB=10,N0=0.00199526222422719
packet_number=1379,correct=False,payload=[59,61,192,0,65,0,194,1,67,129,192,2,198,0,199,7,195,3,196,8,1,132,192,13,71,141,198,6,197,12,198,7,79,135,216,8,137,8,128,27,209,1,200,26,78,159,195,19,143,135,152,24,89,152,156,8,73,15,158,14,206,30,158,15,15,15,160,0,209,177,208,49,65,35,146,34,22,180,163,18,195,55,132,16,189,184,151,3,45,49,148,6,253,31,222,46,159,143,216,48]
CFO=-1095.5159782178666,STO=3
EsN0dB=9.27,GRXdB=10,N0=0.00199526222422719
packet_number=1380,correct=False,payload=[0,1,2,3,4,5,6,7,8,9,10,11,8,13,14,15,16,17,2,17,20,17,30,23,24,25,26,27,28,29,30,31,32,33,34,35,164,37,38,39,40,1,42,43,44,45,62,47,48,49,18,51,36,53,54,55,56,57,58,59,124,61,62,63,64,65,66,67,68,69,70,71,72,73,74,75,76,77,78,79,80,81,82,83,84,85,86,95,88,25,90,91,92,93,94,95,96,97,98,99]
CFO=-1138.2388114762964,STO=3
EsN0dB=9.24,GRXdB=10,N0=0.00199526222422719
packet_number=1381,correct=False,payload=[0,1,2,3,4,4,6,7,8,9,14,11,12,13,14,15,16,17,18,19,20,21,22,23,24,25,26,27,28,29,30,31,32,33,34,35,36,37,38,39,40,41,42,43,44,45,46,175,48,49,50,51,52,53,54,55,56,57,58,59,60,61,62,63,64,65,66,67,68,69,70,71,72,73,74,75,76,77,78,207,80,81,82,83,84,85,86,87,88,89,90,91,92,93,94,95,97,97,98,99]
CFO=-666.2888666639558,STO=1
EsN0dB=9.36,GRXdB=10,N0=0.00199526222422719
packet_number=1382,correct=False,payload=[249,208,16,220,0,12,0,28,16,0,16,56,96,76,64,124,32,44,56,120,0,64,128,140,240,148,80,252,192,204,80,76,224,96,248,121,0,129,8,8,1,157,48,185,0,65,105,88,176,169,112,57,129,140,145,221,224,168,217,216,193,192,193,252,241,249,240,248,1,0,8,10,50,58,59,24,65,64,1,79,33,121,114,123,66,76,2,217,49,105,249,12,64,207,114,237,240,103,123,127]
CFO=-1095.8654325144644,STO=4
EsN0dB=9.30,GRXdB=10,N0=0.00199526222422719
packet_number=1383,correct=False,payload=[0,1,2,3,4,5,6,7,72,9,10,11,12,13,14,11,16,17,18,19,20,21,22,23,24,25,26,27,28,29,30,31,32,33,34,35,36,37,38,37,40,41,42,43,44,41,46,47,48,49,50,51,52,53,54,55,56,57,58,59,60,61,62,63,64,65,66,195,68,69,70,71,72,73,74,75,76,77,78,79,80,81,82,83,84,85,86,87,88,89,90,91,92,93,94,95,96,97,98,99]
CFO=-1365.5753732774972,STO=5
EsN0dB=9.24,GRXdB=10,N0=0.00199526222422719
packet_number=1384,correct=False,payload=[0,1,2,3,132,5,6,7,8,9,10,11,12,13,14,15,16,17,18,19,20,23,22,23,24,25,26,27,28,29,30,31,48,33,34,35,36,37,38,39,40,41,42,43,172,45,46,47,48,49,50,51,52,53,182,55,56,57,58,59,60,61,62,63,64,65,66,67,68,69,70,71,104,73,74,75,76,77,78,79,80,81,82,83,84,85,87,87,88,88,90,91,92,93,94,95,96,97,98,99]
CFO=-1083.2020720657838,STO=7
EsN0dB=9.45,GRXdB=10,N0=0.00199526222422719
packet_number=1385,correct=False,payload=[0,1,2,3,4,5,6,7,8,9,10,11,12,13,14,15,16,17,18,19,20,149,22,23,24,25,26,27,28,29,30,31,32,33,34,35,32,37,38,39,40,41,42,59,44,45,46,47,48,49,50,51,52,53,54,55,56,57,58,59,60,61,62,63,64,65,66,67,68,69,70,70,72,73,74,75,76,77,78,79,80,81,82,81,84,85,86,87,88,89,90,91,92,85,94,95,96,97,98,99]
CFO=-1091.0240616215256,STO=0
EsN0dB=9.27,GRXdB=10,N0=0.00199526222422719
packet_number=1386,correct=False,payload=[231,228,239,87,240,0,0,96,32,64,16,192,241,0,145,129,112,192,160,224,241,1,1,99,50,65,97,227,115,129,161,225,51,193,193,225,228,6,0,2,102,64,50,96,100,2,160,2,228,134,178,196,243,3,35,35,54,198,67,66,243,3,55,163,55,129,167,227,248,12,52,36,44,4,140,228,248,4,48,13,112,205,249,228,255,2,5,40,60,5,51,230,109,141,133,173,185,193,255,199]
CFO=-1044.6854969712203,STO=6
EsN0dB=9.25,GRXdB=10,N0=0.00199526222422719
packet_number=1387,correct=False,payload=[0,1,2,3,4,5,6,7,8,9,10,11,12,13,14,15,16,17,18,19,4,21,22,23,24,25,26,31,28,29,30,23,32,33,34,35,36,37,38,39,40,41,42,43,44,109,46,47,48,49,50,51,52,53,54,54,56,57,58,59,60,61,62,63,64,65,82,67,68,69,70,71,72,73,106,75,204,77,78,79,80,81,82,83,84,85,86,87,88,91,90,91,92,29,94,31,96,97,98,99]
CFO=-980.3109640438502,STO=2
EsN0dB=9.21,GRXdB=10,N0=0.00199526222422719
packet_number=1388,correct=False,payload=[0,1,2,3,6,7,2,7,8,9,10,11,4,13,14,15,144,25,19,19,6,20,19,7,28,25,27,27,28,28,30,31,32,33,162,33,36,36,38,39,168,41,43,27,60,45,14,47,48,49,178,49,52,53,54,55,56,57,58,59,60,61,191,63,64,97,98,35,68,69,70,71,68,73,74,15,76,45,79,79,80,89,82,83,92,52,108,87,88,89,218,19,92,93,94,95,96,113,32,99]
CFO=-1172.8467633864511,STO=7
EsN0dB=9.11,GRXdB=10,N0=0.00199526222422719
packet_number=1389,correct=False,payload=[0,1,2,7,4,5,6,7,8,9,10,11,12,13,14,31,144,17,18,19,20,23,22,23,24,57,30,27,28,29,30,63,32,101,34,35,36,37,38,39,40,41,58,43,60,45,46,63,48,49,50,51,36,53,54,55,56,121,58,59,60,61,62,63,64,65,66,3,68,69,70,70,72,73,74,75,76,77,78,79,80,209,80,83,84,69,86,87,88,89,90,123,220,93,94,31,96,96,98,99]
CFO=-1305.2464230569556,STO=2
EsN0dB=9.38,GRXdB=10,N0=0.00199526222422719
packet_number=1390,correct=False,payload=[0,1,2,3,4,5,6,7,140,9,11,15,12,13,14,15,144,17,18,19,20,21,22,19,8,25,154,27,28,29,22,31,32,33,34,33,36,37,38,39,40,41,42,43,44,37,15,47,48,48,50,51,52,53,54,55,24,56,58,59,60,61,62,63,64,65,66,67,70,69,66,71,72,65,74,75,76,77,78,71,80,81,82,83,84,85,86,87,120,89,90,123,92,89,94,95,32,97,98,99]
CFO=-1100.5009490949183,STO=5
EsN0dB=9.32,GRXdB=10,N0=0.00199526222422719
packet_number=1391,correct=False,payload=[0,1,2,3,4,5,6,7,8,9,10,11,12,13,14,15,16,17,18,19,20,21,22,23,24,25,26,27,28,29,30,31,32,33,34,35,36,37,38,39,40,41,42,43,44,45,46,47,48,49,50,51,52,53,54,55,56,57,58,43,60,61,62,63,64,65,66,67,68,69,70,71,72,73,74,75,76,77,78,79,80,81,82,83,84,85,86,87,88,89,90,89,92,93,94,95,96,97,98,99]
CFO=-1075.0467550489848,STO=4
EsN0dB=9.21,GRXdB=10,N0=0.00199526222422719
packet_number=1392,correct=False,payload=[0,1,2,3,4,5,6,7,8,9,138,11,12,13,14,15,16,17,18,19,28,21,22,23,24,25,26,27,28,29,30,31,32,33,34,35,36,37,38,39,40,41,42,43,44,45,46,47,48,48,50,51,52,53,54,55,56,57,58,59,60,61,62,63,64,65,66,67,68,69,70,71,72,73,74,75,76,77,78,79,80,81,82,83,84,85,86,87,88,89,90,91,92,93,94,95,96,97,98,99]
CFO=-1084.0863206880197,STO=7
EsN0dB=9.08,GRXdB=10,N0=0.00199526222422719
packet_number=1393,correct=False,payload=[0,1,2,3,4,5,6,7,8,9,10,11,12,13,14,15,16,17,16,19,20,21,22,23,56,25,26,27,28,29,30,31,32,33,34,35,36,37,38,39,41,41,42,43,44,45,46,47,48,49,50,51,52,53,54,55,56,57,122,59,60,61,62,63,64,65,66,67,68,69,70,71,72,73,74,75,76,77,74,79,80,80,82,83,84,85,86,87,88,89,90,91,92,93,30,95,96,97,98,99]
CFO=-1387.9683144829262,STO=0
EsN0dB=9.36,GRXdB=10,N0=0.00199526222422719
packet_number=1394,correct=False,payload=[0,4,0,24,32,60,56,28,0,36,40,40,48,60,48,124,64,68,200,216,32,24,184,248,98,108,112,200,240,253,248,124,0,133,153,140,0,144,152,156,192,13,8,44,240,116,177,60,129,196,200,140,241,212,216,220,193,197,192,237,240,237,248,253,1,7,27,30,17,13,59,31,32,35,11,127,49,60,49,127,1,65,137,13,67,95,219,184,97,192,201,239,113,117,113,249,129,15,3,143]
CFO=-1146.8909773233447,STO=5
EsN0dB=9.39,GRXdB=10,N0=0.00199526222422719
packet_number=1395,correct=False,payload=[0,1,2,3,4,5,6,7,8,9,10,11,12,13,14,15,16,17,18,19,21,21,22,23,24,25,26,27,28,29,30,31,32,33,34,35,36,37,38,39,40,41,170,43,44,45,46,47,48,49,50,51,52,53,54,55,56,57,58,59,60,61,62,63,64,65,66,67,68,69,70,71,72,73,74,75,76,77,78,79,80,81,86,83,84,85,22,87,88,89,90,91,92,93,94,95,96,97,98,99]
CFO=-1191.797573841409,STO=6
EsN0dB=9.27,GRXdB=10,N0=0.00199526222422719
packet_number=1396,correct=False,payload=[0,1,2,3,4,5,6,7,8,9,10,11,12,13,14,15,16,17,18,19,20,21,54,23,88,25,26,27,28,29,30,31,32,33,34,35,36,37,38,39,40,41,42,11,44,45,46,47,48,57,50,51,52,53,54,55,56,57,58,59,60,61,62,63,64,65,66,67,68,69,70,71,72,73,74,75,76,77,78,79,80,81,82,83,84,117,86,87,88,89,90,91,92,93,94,95,96,97,98,99]
CFO=-926.2496017343434,STO=5
EsN0dB=9.43,GRXdB=10,N0=0.00199526222422719
packet_number=1397,correct=False,payload=[0,1,2,3,4,5,6,7,8,9,10,15,12,13,14,15,16,17,18,19,20,21,22,20,24,25,26,27,28,29,30,31,32,33,34,35,36,37,38,39,40,41,42,43,44,45,46,47,48,49,50,51,52,53,54,55,56,57,58,59,60,61,62,63,64,65,66,67,68,69,70,71,72,73,74,75,76,77,78,79,80,81,82,83,84,85,86,87,88,89,90,91,92,93,94,95,97,97,98,99]
CFO=-1365.3567123603182,STO=2
EsN0dB=9.19,GRXdB=10,N0=0.00199526222422719
packet_number=1398,correct=False,payload=[0,0,48,56,0,104,33,120,64,216,192,248,224,96,96,112,1,145,129,184,65,216,225,185,128,217,177,240,225,217,224,122,0,10,1,50,99,43,98,51,67,153,35,248,226,216,113,99,139,19,145,19,35,129,113,59,133,145,163,147,201,193,241,252,2,18,2,28,98,78,38,62,198,220,176,60,118,202,112,119,5,145,132,17,66,189,37,240,134,139,160,147,231,207,242,254,3,14,39,62]
CFO=-1283.4857486684448,STO=3
EsN0dB=9.36,GRXdB=10,N0=0.00199526222422719
packet_number=1399,correct=False,payload=[0,1,2,3,4,5,6,7,8,9,10,11,12,13,14,15,16,17,18,19,20,21,22,23,24,57,26,27,28,29,30,31,32,33,34,35,36,36,38,39,40,41,43,43,44,45,46,15,48,49,58,51,52,53,54,118,56,121,58,59,60,59,62,63,64,65,66,67,68,69,70,71,72,73,72,73,76,77,78,79,80,81,82,83,84,85,86,87,88,89,90,219,92,93,94,95,96,97,98,99]
CFO=-1156.2890093141323,STO=0
EsN0dB=9.19,GRXdB=10,N0=0.00199526222422719
packet_number=1400,correct=False,payload=[0,1,4,2,12,13,6,7,0,0,10,11,12,29,14,31,0,49,2,51,52,13,30,7,56,25,54,59,28,60,30,31,32,34,0,35,100,110,38,14,8,1,36,99,40,42,14,111,48,49,38,102,48,55,62,39,50,186,58,123,124,61,62,127,64,193,194,6,0,0,70,71,80,75,20,75,12,95,76,206,16,241,242,83,12,103,44,119,16,217,90,82,24,156,126,223,192,99,98,227]
CFO=-1080.7566034676386,STO=6
EsN0dB=8.16,GRXdB=10,N0=0.002511886414140463
packet_number=1401,correct=False,payload=[0,1,2,3,4,5,6,7,8,11,10,11,12,13,14,15,16,17,18,19,180,29,23,23,24,17,26,27,28,29,30,31,32,33,50,39,36,37,38,39,40,41,42,43,44,45,46,47,48,49,50,51,52,53,38,55,56,57,58,123,61,61,62,63,64,65,66,67,68,69,70,71,72,201,74,75,76,77,78,79,80,81,18,83,84,85,86,86,88,73,90,91,92,81,94,95,32,97,98,99]
CFO=-1060.9957752657992,STO=5
EsN0dB=8.26,GRXdB=10,N0=0.002511886414140463
packet_number=1402,correct=False,payload=[4,1,34,3,20,21,6,7,8,9,2,11,12,13,14,15,16,25,18,19,20,21,22,23,24,25,26,27,28,29,30,31,32,161,34,35,36,37,38,39,40,41,42,43,44,45,46,47,48,49,50,51,52,53,54,55,184,57,58,59,60,61,62,63,64,65,66,67,68,69,70,67,72,73,75,75,76,77,78,79,80,81,82,83,84,85,86,87,88,89,90,91,92,93,94,95,96,97,98,99]
CFO=-1115.775908263744,STO=1
EsN0dB=8.37,GRXdB=10,N0=0.002511886414140463
packet_number=1403,correct=False,payload=[0,0,6,2,12,7,4,7,8,9,42,27,8,24,28,30,0,50,52,47,48,5,54,63,48,18,48,54,56,26,60,62,32,0,4,34,8,65,110,6,96,17,96,50,12,89,126,46,96,51,54,114,104,124,102,127,120,123,120,119,56,125,126,62,128,2,132,71,72,204,204,70,216,139,136,151,72,8,94,15,240,51,128,183,108,235,14,222,112,144,82,151,122,252,156,63,192,225,98,99]
CFO=-971.2103298731736,STO=6
EsN0dB=8.25,GRXdB=10,N0=0.002511886414140463
packet_number=1404,correct=False,payload=[0,1,2,3,4,5,134,7,72,9,10,11,12,13,14,15,16,17,18,19,20,21,22,23,24,25,26,27,28,29,30,31,32,33,34,35,32,37,38,39,40,41,42,43,44,45,46,47,48,49,50,51,52,21,54,55,56,57,58,59,60,61,62,63,64,65,66,75,68,69,70,71,72,73,75,75,76,79,78,79,84,81,82,83,84,85,86,87,88,89,90,91,92,93,94,94,96,97,98,99]
CFO=-1329.3084917408064,STO=6
EsN0dB=8.20,GRXdB=10,N0=0.002511886414140463
packet_number=1405,correct=False,payload=[0,17,2,3,4,5,6,7,10,9,10,11,12,13,14,15,16,17,18,18,52,5,22,23,24,25,26,27,28,29,30,31,162,33,34,35,36,37,38,39,40,41,42,43,44,47,46,47,48,49,50,51,52,53,54,55,56,57,58,59,60,61,62,63,64,65,66,67,68,69,70,71,72,73,74,75,76,77,70,79,80,81,82,83,84,85,86,23,80,89,90,91,92,93,94,31,96,97,98,227]
CFO=-1228.5264417844603,STO=5
EsN0dB=8.19,GRXdB=10,N0=0.002511886414140463
packet_number=1406,correct=False,payload=[0,1,2,3,4,5,22,7,8,9,8,11,12,13,14,143,16,17,18,19,20,21,54,23,24,25,26,155,28,25,30,31,32,33,34,35,36,53,38,39,40,41,42,43,44,45,46,47,48,49,50,51,54,53,54,55,56,57,58,59,60,61,62,63,64,65,66,67,68,69,70,71,72,73,74,75,76,77,78,79,80,83,82,83,84,85,86,87,88,89,90,91,92,93,94,95,96,97,98,99]
CFO=-1229.1487479088394,STO=0
EsN0dB=8.26,GRXdB=10,N0=0.002511886414140463
packet_number=1407,correct=False,payload=[124,191,240,0,0,96,96,192,32,64,224,0,145,0,160,128,224,193,225,3,3,32,50,2,146,98,97,129,179,227,227,195,195,225,246,2,2,100,114,144,82,98,116,134,50,1,163,196,134,194,226,3,19,3,35,135,222,102,103,131,7,35,231,195,147,195,244,4,48,44,96,204,248,96,113,137,157,233,124,200,208,225,246,137,40,13,114,129,122,87,231,3,13,11,97,143,213,197,230,14]
CFO=-1044.305330539292,STO=2
EsN0dB=8.36,GRXdB=10,N0=0.002511886414140463
packet_number=1408,correct=False,payload=[32,1,2,3,4,5,7,7,8,9,10,3,12,13,14,15,16,17,3,19,20,21,22,23,24,9,26,27,28,29,30,31,48,33,34,3,36,37,38,39,40,41,42,59,44,37,47,47,48,49,50,49,52,61,246,55,56,57,59,59,60,61,62,62,64,65,98,67,68,69,70,71,72,73,72,47,76,77,78,79,80,81,82,83,84,85,118,95,88,89,90,91,94,93,94,79,96,96,98,99]
CFO=-1432.3041870344061,STO=6
EsN0dB=8.31,GRXdB=10,N0=0.002511886414140463
packet_number=1409,correct=False,payload=[0,1,34,3,4,5,6,7,8,9,26,11,12,13,14,15,16,17,18,19,52,21,22,23,24,57,26,27,28,29,30,31,32,161,34,35,36,37,38,39,40,41,42,43,44,45,46,47,48,49,50,51,52,53,54,55,56,57,58,59,60,61,62,63,64,65,66,67,68,77,70,71,72,73,74,75,76,77,78,79,80,81,82,83,84,85,86,87,88,89,90,91,92,77,94,95,96,97,98,99]
CFO=-1052.448552429436,STO=0
EsN0dB=8.18,GRXdB=10,N0=0.002511886414140463
packet_number=1410,correct=False,payload=[0,1,6,6,16,7,14,7,16,3,28,14,12,27,12,31,128,0,2,3,28,23,54,54,56,51,16,51,28,57,28,30,0,35,0,66,32,10,36,110,0,83,94,115,108,121,44,78,96,114,102,54,112,110,38,38,56,57,126,115,56,124,124,55,128,67,66,134,84,8,84,7,64,80,14,31,28,205,6,222,224,3,192,151,136,66,100,230,240,144,48,250,124,223,126,127,192,64,224,67]
CFO=-947.3360913914979,STO=2
EsN0dB=8.21,GRXdB=10,N0=0.002511886414140463
packet_number=1411,correct=False,payload=[0,5,6,3,20,5,7,7,8,9,10,43,12,13,7,15,16,17,18,19,22,21,22,23,24,25,26,27,28,29,158,31,32,33,34,35,36,5,38,7,40,41,2,59,44,45,46,47,48,49,50,179,52,53,54,55,56,57,58,59,28,61,62,63,64,65,66,67,70,69,70,67,72,73,74,75,8,77,78,79,80,65,82,83,84,21,86,87,24,89,90,91,92,93,30,79,96,97,98,99]
CFO=-947.4144725554107,STO=7
EsN0dB=8.45,GRXdB=10,N0=0.002511886414140463
packet_number=1412,correct=False,payload=[0,1,2,3,6,5,6,7,8,9,8,11,12,13,12,15,16,19,18,23,20,21,22,31,56,25,90,27,28,29,30,31,32,0,34,35,32,101,38,47,40,40,10,39,44,45,46,63,48,113,114,243,52,53,54,55,56,57,56,123,60,61,62,63,72,65,194,67,196,69,70,71,64,75,78,27,93,9,78,79,210,81,82,211,84,84,22,87,88,89,90,27,28,95,92,223,96,101,98,103]
CFO=-716.2073516448631,STO=6
EsN0dB=8.14,GRXdB=10,N0=0.002511886414140463
packet_number=1413,correct=False,payload=[0,1,2,3,4,5,6,13,8,8,10,11,12,29,14,15,16,17,18,19,20,21,22,23,16,25,27,27,28,29,30,223,32,33,34,35,36,37,38,39,40,41,42,43,44,45,42,47,48,49,50,51,52,53,54,23,58,57,58,59,60,61,30,63,96,65,66,67,68,69,70,71,72,73,75,203,76,77,78,79,80,81,82,83,92,85,86,95,88,89,90,91,92,93,94,95,96,97,98,99]
CFO=-1222.7613352381466,STO=6
EsN0dB=8.20,GRXdB=10,N0=0.002511886414140463
packet_number=1414,correct=False,payload=[0,1,2,3,4,5,6,7,8,9,10,11,12,29,14,15,16,17,18,19,20,21,22,151,24,25,26,27,28,29,30,31,32,33,34,35,36,37,38,39,40,41,42,43,44,45,46,47,48,17,50,51,52,53,54,55,56,57,58,59,57,61,62,63,64,65,66,67,68,69,70,71,72,73,74,75,76,77,78,79,80,81,82,83,84,85,86,87,88,89,90,91,92,77,94,95,96,97,98,99]
CFO=-975.5209381493594,STO=4
EsN0dB=8.42,GRXdB=10,N0=0.002511886414140463
packet_number=1415,correct=False,payload=[0,1,2,3,4,5,6,7,0,9,10,11,12,14,14,15,16,17,2,23,20,21,22,31,24,25,154,27,28,31,31,31,32,33,34,35,36,37,38,39,40,41,42,43,44,45,46,47,16,55,50,51,52,53,62,55,52,61,58,59,60,61,62,63,64,65,2,67,68,69,70,71,76,73,74,91,76,77,206,79,80,81,82,83,84,85,86,87,88,89,90,91,92,93,94,95,96,33,98,99]
CFO=-873.6532319960332,STO=2
EsN0dB=8.23,GRXdB=10,N0=0.002511886414140463
packet_number=1416,correct=False,payload=[0,1,2,1,4,5,6,7,8,9,10,11,12,77,14,15,16,1,18,19,20,21,22,23,24,25,26,27,28,29,31,27,32,33,34,35,36,37,38,39,40,41,43,43,44,45,110,47,48,49,50,51,52,53,54,55,56,57,58,59,60,61,62,63,64,65,66,67,68,69,70,103,72,73,74,75,76,77,79,79,80,81,82,83,86,85,86,87,72,89,88,91,92,93,86,127,96,97,98,99]
CFO=-1317.9706148779314,STO=0
EsN0dB=8.24,GRXdB=10,N0=0.002511886414140463
packet_number=1417,correct=False,payload=[86,127,0,1,128,3,6,4,2,7,0,10,130,15,12,4,143,7,0,1,18,27,148,23,143,15,168,25,155,31,28,12,30,31,16,49,130,49,37,32,54,3,48,9,47,43,172,45,190,47,50,49,19,59,56,57,150,31,184,57,56,59,56,30,158,63,64,64,35,99,228,1,70,39,192,69,7,231,70,44,79,79,112,120,16,3,80,68,86,123,88,29,26,75,88,29,94,47,224,49]
CFO=-1258.0944018492494,STO=5
EsN0dB=8.31,GRXdB=10,N0=0.002511886414140463
packet_number=1418,correct=False,payload=[0,1,2,3,4,5,6,39,136,9,10,11,12,13,14,15,16,17,18,19,20,21,22,19,24,25,26,27,28,29,30,31,32,33,34,35,36,37,38,39,40,41,42,43,108,45,46,47,16,49,50,51,52,53,54,55,56,185,58,59,60,61,62,63,64,65,66,67,68,69,70,71,72,73,74,75,76,5,78,79,80,81,82,211,84,85,86,87,88,89,90,91,92,93,94,95,96,97,98,99]
CFO=-942.2604663543688,STO=4
EsN0dB=8.33,GRXdB=10,N0=0.002511886414140463
packet_number=1419,correct=False,payload=[0,1,2,3,4,5,6,7,8,9,10,11,12,13,14,15,16,145,18,19,20,21,22,23,24,25,26,27,28,29,30,31,32,33,34,35,38,37,38,39,40,41,42,43,44,45,46,47,48,53,50,51,52,53,54,55,56,185,56,59,52,61,62,63,64,65,66,67,68,101,70,71,72,73,74,75,12,77,78,79,64,17,82,83,84,85,86,87,88,89,90,91,92,93,94,95,96,97,98,99]
CFO=-1253.3928363908842,STO=1
EsN0dB=8.29,GRXdB=10,N0=0.002511886414140463
packet_number=1420,correct=False,payload=[0,5,2,3,6,5,6,7,8,9,10,11,12,13,14,15,16,17,18,19,20,21,22,23,24,25,26,27,28,31,26,31,32,33,34,163,36,33,102,39,40,41,42,43,44,45,46,47,48,49,50,51,48,53,54,55,56,57,58,27,60,61,62,63,0,65,66,67,68,68,70,69,72,73,74,75,76,69,78,79,80,81,82,83,84,85,86,87,88,89,90,91,92,125,94,95,96,97,98,99]
CFO=-1422.3137309968583,STO=3
EsN0dB=8.39,GRXdB=10,N0=0.002511886414140463
packet_number=1421,correct=False,payload=[0,65,2,3,4,5,6,7,8,13,10,11,12,13,14,15,16,17,18,19,20,21,54,23,24,25,26,27,28,29,30,31,32,33,34,35,36,53,102,39,40,41,42,107,44,45,46,47,176,49,50,51,52,53,54,55,48,57,58,59,60,61,62,63,64,65,66,67,68,69,70,103,72,73,74,75,76,77,78,79,80,81,82,83,84,21,86,87,88,89,90,91,92,93,94,95,96,97,98,99]
CFO=-977.0076900905681,STO=6
EsN0dB=8.16,GRXdB=10,N0=0.002511886414140463
packet_number=1422,correct=False,payload=[8,1,2,3,4,5,6,7,8,9,26,11,12,13,6,15,16,17,18,19,20,21,22,23,24,25,26,19,28,29,31,31,32,33,34,35,36,37,38,39,40,105,42,43,44,109,46,47,49,49,50,51,52,53,54,55,56,57,58,59,52,61,62,63,64,65,66,67,68,69,70,71,74,73,74,74,76,77,78,15,80,81,82,83,84,85,86,87,88,89,90,89,84,125,94,95,224,97,98,107]
CFO=-953.4843881514038,STO=6
EsN0dB=8.32,GRXdB=10,N0=0.002511886414140463
packet_number=1423,correct=False,payload=[0,1,2,3,4,4,6,7,8,9,10,11,12,13,14,15,16,17,18,19,20,21,23,23,152,25,26,59,28,29,30,31,96,33,2,35,36,33,38,7,40,41,42,43,44,45,46,47,48,49,50,51,52,53,54,55,120,57,58,59,60,61,62,63,65,65,64,67,68,69,70,71,72,73,74,75,76,77,78,79,80,81,82,83,84,85,86,87,88,89,88,91,92,93,30,95,96,97,98,99]
CFO=-1106.360089321993,STO=2
EsN0dB=8.19,GRXdB=10,N0=0.002511886414140463
packet_number=1424,correct=False,payload=[2,1,2,3,4,5,70,7,12,41,10,11,12,5,14,13,16,81,18,27,16,21,18,21,24,25,30,11,28,29,30,31,160,32,162,33,32,37,166,7,40,41,10,43,44,45,46,47,48,49,50,59,52,53,54,23,56,61,57,27,188,29,62,63,64,96,66,67,124,5,6,71,72,105,74,11,76,79,78,95,80,81,82,83,84,85,90,87,88,93,90,89,92,93,94,31,96,97,98,99]
CFO=-738.6282183633051,STO=6
EsN0dB=8.29,GRXdB=10,N0=0.002511886414140463
packet_number=1425,correct=False,payload=[0,1,2,3,4,5,6,7,8,9,10,11,12,15,14,15,16,17,18,19,20,21,22,23,24,25,26,58,24,29,30,31,32,33,34,35,36,101,38,39,40,41,42,43,172,45,46,47,48,49,50,51,52,53,54,23,56,57,62,59,60,57,30,63,64,97,66,67,68,69,70,71,72,73,74,75,76,77,78,79,80,81,18,83,68,84,86,87,88,88,90,123,92,93,94,95,96,97,98,99]
CFO=-1041.2420618443452,STO=4
EsN0dB=8.35,GRXdB=10,N0=0.002511886414140463
packet_number=1426,correct=False,payload=[0,1,2,3,4,5,38,7,8,9,10,11,12,5,14,15,16,17,18,19,20,21,22,23,24,9,26,27,28,29,30,31,32,33,34,35,32,37,38,39,40,41,42,43,44,45,46,39,48,49,178,51,52,53,22,55,56,57,58,59,60,61,62,63,64,65,66,67,68,69,70,71,64,73,74,67,76,77,78,79,80,83,82,83,84,85,86,87,88,89,90,91,92,93,94,95,224,97,98,99]
CFO=-1228.565335917234,STO=0
EsN0dB=8.32,GRXdB=10,N0=0.002511886414140463
packet_number=1427,correct=False,payload=[109,126,102,184,54,0,1,6,7,12,6,4,6,24,9,30,6,12,13,12,15,48,48,6,2,60,33,38,22,24,25,22,23,60,28,28,22,96,0,0,99,64,97,100,14,88,1,44,103,108,47,108,15,112,49,38,114,108,114,110,103,112,50,54,58,120,254,124,127,128,193,64,2,78,142,134,207,208,0,2,206,216,30,206,223,16,113,98,67,249,44,166,222,184,90,150,27,252,62,158]
CFO=-1206.4630334905496,STO=6
EsN0dB=8.24,GRXdB=10,N0=0.002511886414140463
packet_number=1428,correct=False,payload=[0,65,2,3,4,5,38,7,8,9,10,11,12,13,14,15,16,17,18,19,16,21,22,23,24,25,26,27,28,28,30,31,32,41,34,35,36,37,38,39,40,41,42,43,44,45,46,47,48,49,50,51,52,21,54,55,56,57,58,27,60,61,62,63,64,65,66,83,69,69,70,71,72,73,74,75,76,77,78,79,80,81,82,83,84,85,86,87,88,89,90,91,92,93,94,95,96,97,98,98]
CFO=-923.0914693009241,STO=3
EsN0dB=8.22,GRXdB=10,N0=0.002511886414140463
packet_number=1429,correct=False,payload=[0,1,2,3,4,5,6,7,8,9,10,11,12,13,14,15,16,1,18,19,20,21,23,23,88,25,26,27,12,29,30,31,32,17,50,35,36,45,38,39,40,43,42,43,172,45,46,47,48,49,50,51,52,53,54,55,56,57,58,59,60,61,62,63,64,65,66,67,68,69,70,71,72,73,74,75,76,77,78,78,80,81,82,83,84,85,94,87,72,89,90,91,92,93,30,95,224,97,98,99]
CFO=-1122.8498972416307,STO=2
EsN0dB=8.31,GRXdB=10,N0=0.002511886414140463
packet_number=1430,correct=False,payload=[0,1,2,3,4,5,6,7,8,9,10,11,12,13,14,15,18,49,26,19,20,21,22,23,28,29,26,27,28,29,30,31,32,33,34,35,36,37,38,39,40,41,42,43,44,45,46,45,48,49,50,51,116,53,55,55,56,57,58,59,60,61,62,63,64,65,66,67,68,69,70,71,72,73,74,75,76,77,78,79,80,81,82,83,84,85,86,87,88,89,90,91,220,93,94,95,96,97,98,99]
CFO=-1051.2097505846596,STO=2
EsN0dB=8.14,GRXdB=10,N0=0.002511886414140463
packet_number=1431,correct=False,payload=[0,1,2,3,4,1,6,3,8,9,10,3,14,77,14,15,16,17,16,27,22,22,38,23,24,29,24,27,28,29,158,31,32,49,162,51,36,39,166,39,40,41,58,11,172,5,46,63,56,49,146,59,60,53,190,21,56,57,58,63,44,61,62,63,64,65,66,67,6,69,198,71,72,73,234,75,108,77,78,79,25,81,66,81,82,68,214,87,88,25,218,91,92,124,86,111,32,97,98,99]
CFO=-928.5461935529237,STO=1
EsN0dB=8.20,GRXdB=10,N0=0.002511886414140463
packet_number=1432,correct=False,payload=[0,1,130,3,128,7,135,7,128,9,10,5,12,13,14,7,24,1,18,11,6,15,22,31,152,24,26,25,158,13,157,15,48,1,35,51,0,37,38,53,40,41,59,5,164,28,14,39,144,49,179,49,180,53,54,23,60,25,58,59,60,61,31,63,161,97,66,67,4,5,71,83,76,76,138,75,12,13,134,47,24,193,65,19,68,95,70,95,88,89,120,107,236,29,111,31,112,49,194,99]
CFO=-1037.70269576194,STO=6
EsN0dB=8.04,GRXdB=10,N0=0.002511886414140463
packet_number=1433,correct=False,payload=[0,0,2,3,4,5,6,7,8,9,10,10,44,29,14,15,16,17,18,83,20,21,22,23,24,25,26,59,28,29,30,31,32,161,98,99,36,37,38,39,40,41,42,51,44,45,46,47,48,49,50,51,48,181,54,55,56,57,59,59,60,49,58,63,64,65,66,67,68,65,70,71,200,73,74,75,68,77,78,79,88,81,82,83,212,21,86,87,88,89,90,27,92,93,94,31,96,97,98,99]
CFO=-1147.7305214088256,STO=4
EsN0dB=8.13,GRXdB=10,N0=0.002511886414140463
packet_number=1434,correct=False,payload=[0,1,2,3,132,5,6,7,8,9,2,11,12,13,14,15,16,17,18,19,20,21,22,23,24,25,26,27,28,29,30,31,32,33,34,35,36,37,38,39,42,41,106,43,44,45,46,63,48,49,50,51,52,37,54,55,56,57,58,59,62,61,62,63,64,65,66,67,84,5,70,71,72,73,74,75,76,77,78,79,80,81,82,83,86,85,86,87,88,89,90,91,92,93,78,95,96,97,98,99]
CFO=-1345.4155244757083,STO=1
EsN0dB=8.43,GRXdB=10,N0=0.002511886414140463
packet_number=1435,correct=False,payload=[128,0,3,3,4,7,7,7,8,9,9,7,4,15,6,15,0,1,146,3,20,23,22,23,8,9,26,27,28,29,158,31,32,33,178,33,36,35,34,55,56,60,46,29,140,44,46,47,16,49,50,19,176,57,246,23,152,57,55,61,58,31,62,63,64,97,66,67,70,69,66,7,8,1,206,105,68,71,79,47,120,120,104,83,92,1,18,87,92,92,90,89,30,77,47,127,96,97,224,113]
CFO=-1667.5558234347243,STO=6
EsN0dB=8.23,GRXdB=10,N0=0.002511886414140463
packet_number=1436,correct=False,payload=[0,1,2,3,20,5,6,7,10,9,10,11,12,13,14,15,16,17,18,19,20,21,22,23,24,25,26,31,28,29,31,31,32,161,34,51,36,37,38,39,44,43,42,43,44,45,46,47,48,49,50,55,52,53,54,55,56,57,58,58,28,29,62,63,64,65,66,67,68,69,6,71,72,73,74,75,76,77,78,15,80,65,82,83,84,85,86,86,88,89,90,91,92,93,30,95,224,97,98,99]
CFO=-1150.9187730792098,STO=3
EsN0dB=8.23,GRXdB=10,N0=0.002511886414140463
packet_number=1437,correct=False,payload=[0,9,66,3,4,5,18,7,8,13,138,11,12,13,12,15,16,17,18,19,20,21,22,23,28,57,152,27,156,25,30,31,32,1,2,35,36,37,6,39,40,40,42,43,44,45,46,47,48,49,50,51,52,53,54,55,56,57,58,59,60,61,62,63,64,65,66,67,64,69,70,71,72,93,10,75,76,77,78,79,80,81,90,83,84,85,86,119,88,89,90,91,92,93,94,95,96,97,98,227]
CFO=-1150.5515318316484,STO=7
EsN0dB=8.38,GRXdB=10,N0=0.002511886414140463
packet_number=1438,correct=False,payload=[0,1,2,1,20,5,6,7,8,9,10,11,12,13,14,15,16,1,18,23,20,21,22,23,24,25,154,27,28,31,30,31,160,33,34,35,36,33,38,39,40,41,42,43,44,45,46,63,48,49,54,51,52,37,54,55,56,57,58,59,60,125,62,63,64,1,66,67,68,69,70,101,72,73,74,75,76,77,94,78,112,81,82,87,84,85,86,95,120,91,90,91,92,93,94,95,96,96,98,99]
CFO=-945.869320125205,STO=2
EsN0dB=8.14,GRXdB=10,N0=0.002511886414140463
packet_number=1439,correct=False,payload=[0,1,2,3,4,7,6,7,8,9,10,11,14,13,15,15,16,17,48,17,4,21,82,23,8,25,27,27,28,31,30,31,32,33,34,3,36,37,98,39,40,41,42,43,44,45,182,47,176,49,50,51,48,52,54,55,56,25,186,59,60,61,46,63,64,65,66,67,196,69,6,103,72,200,74,75,70,13,78,15,80,91,82,83,86,81,86,87,88,89,94,91,92,93,94,95,96,113,98,99]
CFO=-968.9012871889188,STO=2
EsN0dB=8.31,GRXdB=10,N0=0.002511886414140463
packet_number=1440,correct=False,payload=[0,0,2,3,4,1,6,3,8,9,14,11,12,77,14,15,16,17,18,19,20,53,22,23,140,25,26,27,28,29,30,31,160,33,34,35,36,37,38,39,41,41,34,27,44,45,14,47,48,49,50,51,52,53,54,55,56,57,58,59,60,61,62,63,65,65,66,67,196,69,71,71,200,77,74,75,76,76,78,79,80,80,82,83,84,85,78,87,88,89,90,91,220,93,94,95,96,97,98,35]
CFO=-1204.6965521005206,STO=5
EsN0dB=8.14,GRXdB=10,N0=0.002511886414140463
packet_number=1441,correct=False,payload=[0,1,2,11,4,5,6,7,8,9,10,11,8,13,14,15,144,49,18,19,20,21,22,23,24,25,27,27,28,29,30,31,32,33,34,35,36,37,34,39,40,41,42,43,44,45,46,47,48,49,50,51,36,53,54,55,56,57,58,59,60,61,62,63,64,65,66,67,68,69,70,71,72,73,106,75,76,109,78,79,80,81,83,83,84,85,86,95,88,89,90,91,76,93,94,95,96,97,98,99]
CFO=-1169.9269760959437,STO=4
EsN0dB=8.13,GRXdB=10,N0=0.002511886414140463
packet_number=1442,correct=False,payload=[0,1,2,3,4,5,6,7,8,9,10,11,13,13,14,15,16,17,18,19,20,21,22,23,24,25,26,27,28,29,30,23,32,33,34,35,36,37,38,7,40,41,42,43,44,45,46,47,48,49,50,51,52,53,54,55,56,59,58,59,60,61,62,63,64,65,70,67,68,69,70,71,72,73,74,75,78,77,78,79,80,81,82,83,84,85,86,215,88,89,90,91,84,93,90,95,96,97,98,99]
CFO=-876.1723978610044,STO=2
EsN0dB=8.19,GRXdB=10,N0=0.002511886414140463
packet_number=1443,correct=False,payload=[0,1,2,3,132,33,6,7,8,9,2,3,12,15,14,15,0,17,18,17,28,17,22,23,24,25,11,27,14,29,30,31,160,1,162,35,38,36,38,39,168,57,44,43,44,37,46,47,49,17,50,51,180,57,22,55,24,56,59,59,29,61,190,31,96,33,98,97,4,5,2,39,12,77,74,47,68,77,78,79,112,89,114,17,240,68,210,95,200,89,220,73,76,95,30,31,96,49,98,99]
CFO=-1007.1849125156962,STO=6
EsN0dB=8.25,GRXdB=10,N0=0.002511886414140463
packet_number=1444,correct=False,payload=[0,1,10,3,4,5,6,7,8,9,10,11,12,13,78,7,16,17,18,19,20,21,22,23,24,25,26,27,28,29,30,31,32,33,34,35,37,37,38,39,40,105,42,35,44,173,46,47,48,49,50,51,52,53,54,55,56,57,58,59,60,61,62,62,64,69,66,67,68,69,70,67,72,73,75,75,76,77,78,79,80,81,82,91,84,85,86,87,88,89,91,91,92,93,94,95,96,97,98,99]
CFO=-1123.0775702139645,STO=6
EsN0dB=8.25,GRXdB=10,N0=0.002511886414140463
packet_number=1445,correct=False,payload=[0,1,2,3,4,5,6,7,8,9,10,27,8,13,14,15,16,17,18,19,20,21,22,23,24,25,26,31,28,29,30,31,32,33,38,35,36,37,38,39,40,105,42,43,44,45,47,47,48,49,50,51,52,53,54,39,56,49,58,59,60,61,30,63,64,65,66,67,68,69,70,71,72,89,74,75,76,77,76,79,88,81,82,83,84,85,94,87,88,89,90,91,92,93,94,127,98,97,98,99]
CFO=-937.3018201647434,STO=5
EsN0dB=8.28,GRXdB=10,N0=0.002511886414140463
packet_number=1446,correct=False,payload=[0,1,2,3,4,5,14,7,72,9,10,15,12,13,14,15,16,17,18,19,20,21,22,23,24,25,26,27,28,29,26,31,32,33,34,35,36,37,38,39,40,41,42,43,44,45,46,47,48,49,50,51,52,53,54,55,56,57,58,59,44,61,62,127,66,65,74,67,68,69,70,71,76,73,72,75,76,77,78,79,80,81,82,83,84,85,86,87,88,89,90,91,92,93,94,95,96,97,98,99]
CFO=-879.1311978639585,STO=3
EsN0dB=8.20,GRXdB=10,N0=0.002511886414140463
packet_number=1447,correct=False,payload=[0,1,3,3,4,5,6,7,8,9,10,139,44,13,142,15,0,17,18,19,20,21,22,151,24,41,26,27,28,31,30,31,32,97,34,35,36,37,38,39,40,33,42,47,44,45,46,47,48,49,50,51,116,53,54,55,56,57,58,59,52,61,62,63,64,65,66,67,68,69,70,71,72,105,74,75,76,205,78,79,80,81,80,83,84,85,86,87,88,89,82,75,92,93,86,95,96,97,98,99]
CFO=-1007.9662339816895,STO=5
EsN0dB=8.00,GRXdB=10,N0=0.002511886414140463
packet_number=1448,correct=False,payload=[0,1,42,3,4,4,6,7,8,9,10,11,12,13,142,15,16,17,18,19,20,21,22,23,24,25,26,27,28,29,30,31,32,33,32,35,32,33,38,39,40,41,40,43,44,45,46,47,48,49,50,51,52,53,54,55,56,57,58,59,60,61,62,63,64,65,66,67,68,85,70,71,72,73,106,75,76,77,78,79,80,81,82,83,84,85,86,87,88,89,90,91,92,93,94,95,96,97,98,99]
CFO=-790.0454911222399,STO=4
EsN0dB=8.13,GRXdB=10,N0=0.002511886414140463
packet_number=1449,correct=False,payload=[0,33,2,3,4,5,6,7,8,9,10,35,12,13,14,15,16,17,18,19,20,21,22,23,24,25,26,27,28,29,30,31,32,33,35,35,52,37,38,39,40,9,42,43,44,45,46,47,48,51,50,51,52,21,54,55,56,169,58,27,60,61,60,63,64,65,66,67,68,69,70,71,72,73,74,75,76,77,78,79,81,81,82,83,84,85,20,87,80,89,90,91,88,93,94,95,32,97,98,99]
CFO=-1099.198351386019,STO=4
EsN0dB=8.30,GRXdB=10,N0=0.002511886414140463
packet_number=1450,correct=False,payload=[0,0,4,7,44,0,14,38,8,10,24,30,24,9,30,31,0,48,52,19,36,27,12,13,56,17,16,31,56,25,28,31,64,32,64,67,64,73,108,15,120,26,42,55,60,109,124,14,48,96,50,50,32,56,60,118,48,57,116,119,60,121,60,63,0,65,130,2,68,70,132,95,24,130,86,94,200,203,142,91,80,97,18,83,12,196,174,102,120,185,252,123,252,158,60,223,192,224,96,227]
CFO=-1186.2020362276146,STO=0
EsN0dB=8.17,GRXdB=10,N0=0.002511886414140463
packet_number=1451,correct=False,payload=[0,0,2,2,4,5,6,7,9,16,10,15,72,7,28,31,48,19,18,19,36,53,30,23,16,24,26,63,28,57,28,31,32,32,2,67,44,7,60,103,56,25,104,59,108,44,46,126,50,49,48,107,52,37,54,39,56,123,58,43,60,61,126,62,0,67,192,67,136,77,70,71,66,83,88,78,92,204,14,143,112,145,198,147,12,79,22,198,248,57,90,87,24,73,156,95,64,97,102,195]
CFO=-872.6495143531587,STO=3
EsN0dB=8.18,GRXdB=10,N0=0.002511886414140463
packet_number=1452,correct=False,payload=[0,1,2,2,36,5,6,7,8,9,10,11,12,13,14,15,16,17,18,19,20,17,22,23,152,25,154,27,28,93,158,31,32,33,34,35,36,37,38,39,40,41,42,43,44,45,46,47,48,49,50,35,20,53,54,55,56,57,58,47,60,61,62,63,64,64,66,65,64,69,70,71,74,105,74,75,76,77,142,95,80,81,82,83,84,213,86,71,88,89,90,91,92,93,94,95,96,97,98,99]
CFO=-1067.6127581835951,STO=5
EsN0dB=8.11,GRXdB=10,N0=0.002511886414140463
packet_number=1453,correct=False,payload=[128,1,2,2,4,5,6,7,24,5,10,11,12,13,14,15,16,17,18,19,20,21,30,23,24,25,24,27,28,29,30,31,32,33,34,35,36,1,38,39,40,41,34,43,44,45,46,47,48,49,50,51,52,53,54,23,56,57,58,59,60,60,62,63,64,65,66,67,68,69,70,71,72,73,74,75,76,77,78,79,80,81,114,82,84,85,94,87,88,89,90,91,220,93,94,95,64,96,98,99]
CFO=-1341.240689925211,STO=6
EsN0dB=8.48,GRXdB=10,N0=0.002511886414140463
packet_number=1454,correct=False,payload=[0,1,2,3,20,5,6,7,12,9,10,11,12,13,10,14,16,17,18,19,20,21,22,23,24,25,26,27,28,29,30,31,32,37,34,35,36,37,38,39,40,41,42,43,44,37,46,47,48,49,50,51,52,53,118,55,56,169,58,59,60,53,62,63,64,65,66,67,68,69,70,79,72,73,74,75,76,77,78,95,80,81,66,83,68,87,86,87,88,89,90,91,92,29,94,95,96,97,98,99]
CFO=-1005.9361499783801,STO=7
EsN0dB=8.36,GRXdB=10,N0=0.002511886414140463
packet_number=1455,correct=False,payload=[20,1,0,3,4,4,6,7,8,11,10,15,12,29,14,15,16,17,18,19,20,21,22,135,24,25,26,27,28,29,30,30,32,35,2,35,44,37,38,46,40,41,42,59,124,41,44,47,48,49,34,51,52,54,54,55,56,57,58,59,60,61,62,63,64,65,66,67,68,105,6,71,72,89,74,3,76,78,14,79,80,81,82,115,92,92,214,87,88,81,90,91,220,125,94,223,96,65,102,99]
CFO=-1443.4123750705048,STO=6
EsN0dB=8.40,GRXdB=10,N0=0.002511886414140463
packet_number=1456,correct=False,payload=[0,1,2,3,4,5,6,7,8,3,10,11,12,13,14,15,16,17,18,19,20,21,22,23,24,27,26,27,28,29,30,31,32,33,34,35,36,37,38,39,40,41,42,42,44,45,46,47,48,49,50,51,52,53,54,55,56,57,58,59,60,61,62,63,64,65,66,67,68,69,70,71,72,73,74,75,76,77,78,71,208,81,82,83,116,85,214,87,24,217,90,91,92,92,94,127,64,97,98,99]
CFO=-1025.9934273629456,STO=1
EsN0dB=8.30,GRXdB=10,N0=0.002511886414140463
packet_number=1457,correct=False,payload=[103,140,156,132,224,0,96,128,193,1,97,129,195,1,66,194,67,7,3,193,100,6,2,0,224,4,129,130,199,3,230,134,199,3,39,151,236,8,104,200,200,13,65,137,203,11,71,194,35,131,203,207,196,6,12,206,237,5,101,140,206,7,102,206,199,7,175,203,248,16,80,208,193,17,81,129,210,2,91,2,211,19,65,131,212,22,112,16,199,17,69,197,214,30,38,22,243,31,87,213]
CFO=-967.6551334044108,STO=0
EsN0dB=8.24,GRXdB=10,N0=0.002511886414140463
packet_number=1458,correct=False,payload=[0,3,2,5,4,5,14,6,8,8,18,10,140,29,14,15,48,50,2,23,28,21,28,23,56,16,62,58,60,24,28,63,0,2,98,35,96,8,14,7,88,98,18,127,40,60,126,47,48,51,114,55,36,113,118,118,56,49,106,127,60,57,62,63,0,73,4,130,192,194,14,143,88,64,18,43,156,13,78,78,160,225,0,3,208,94,6,38,56,145,94,59,92,29,94,14,104,225,98,195]
CFO=-1198.3445947520818,STO=4
EsN0dB=8.15,GRXdB=10,N0=0.002511886414140463
packet_number=1459,correct=False,payload=[0,5,2,3,4,5,6,7,8,9,10,11,12,13,14,15,16,17,18,19,20,21,22,23,24,25,26,27,28,29,30,31,32,33,38,35,36,37,38,39,40,41,42,59,108,45,46,47,48,49,34,51,52,53,54,23,56,121,186,27,60,61,62,63,64,64,66,67,76,69,70,71,72,73,74,75,108,77,78,79,80,81,82,83,84,85,86,87,216,89,94,91,92,93,94,95,64,97,98,103]
CFO=-1296.9009042445193,STO=5
EsN0dB=8.26,GRXdB=10,N0=0.002511886414140463
packet_number=1460,correct=False,payload=[0,1,2,3,4,5,14,7,8,137,10,11,12,13,142,31,16,17,18,19,52,21,22,23,24,89,26,27,28,29,158,23,32,33,42,35,36,37,38,103,40,41,42,43,60,45,46,47,48,49,50,19,180,52,54,55,56,57,58,59,60,125,62,63,64,65,66,67,68,69,70,71,72,73,74,75,76,77,78,79,80,81,82,83,84,85,86,87,88,89,90,91,84,93,94,95,96,97,98,99]
CFO=-1200.7484418849724,STO=3
EsN0dB=8.23,GRXdB=10,N0=0.002511886414140463
packet_number=1461,correct=False,payload=[0,1,2,3,4,5,6,7,8,9,10,11,12,12,14,15,16,17,18,19,20,21,22,7,24,25,26,27,28,29,30,31,34,33,34,35,36,37,54,39,40,41,42,43,44,45,46,47,48,49,50,51,52,53,54,55,56,57,58,59,60,61,62,63,64,65,66,67,68,85,198,67,72,73,74,75,72,77,78,79,80,85,82,83,84,85,86,87,88,89,90,91,92,93,94,31,98,97,98,107]
CFO=-1098.1529529880534,STO=5
EsN0dB=8.30,GRXdB=10,N0=0.002511886414140463
packet_number=1462,correct=False,payload=[0,9,2,3,4,5,6,7,8,9,10,11,12,13,14,15,0,17,18,19,20,149,22,23,24,25,10,27,28,29,30,31,40,33,34,99,36,45,54,35,40,41,42,43,44,45,46,47,48,49,50,51,52,53,54,55,56,57,58,59,60,61,62,63,64,65,82,67,68,69,70,71,72,89,74,75,76,77,78,79,80,81,82,83,84,21,86,87,92,89,90,219,92,77,94,95,96,113,98,99]
CFO=-999.765975268789,STO=6
EsN0dB=8.23,GRXdB=10,N0=0.002511886414140463
packet_number=1463,correct=False,payload=[0,1,2,3,20,5,6,7,8,9,10,11,12,9,14,11,16,17,18,19,20,21,22,23,24,25,26,11,28,29,30,31,32,1,34,35,36,37,38,39,45,41,42,43,44,45,46,45,48,49,50,51,52,53,54,55,48,57,58,59,60,61,62,63,64,65,66,67,68,69,70,71,72,73,74,75,76,77,78,79,80,81,82,83,84,85,86,87,88,89,88,91,92,93,94,223,96,97,98,99]
CFO=-842.4499396596531,STO=1
EsN0dB=8.47,GRXdB=10,N0=0.002511886414140463
packet_number=1464,correct=False,payload=[128,0,0,1,134,2,135,7,128,5,139,11,134,15,142,15,152,8,136,3,30,10,27,7,24,28,157,15,30,14,155,31,128,48,0,3,162,56,43,7,148,1,144,19,150,4,150,31,176,25,177,49,62,23,19,47,28,56,191,31,188,30,158,31,32,33,226,99,224,6,6,3,104,12,72,33,100,101,134,111,176,97,193,89,180,32,190,3,92,40,110,207,44,13,239,79,160,33,179,33]
CFO=-647.6361655071472,STO=1
EsN0dB=8.16,GRXdB=10,N0=0.002511886414140463
packet_number=1465,correct=False,payload=[0,0,130,3,2,3,135,7,12,13,8,15,12,7,134,15,16,81,131,9,24,31,3,7,24,25,14,31,156,13,31,31,112,33,0,3,4,1,146,39,40,17,49,23,4,60,166,63,184,57,178,17,55,21,22,51,120,57,58,31,190,63,63,63,176,97,98,3,198,4,102,7,96,69,139,11,38,76,118,15,192,65,210,105,212,1,86,83,88,88,90,127,124,79,62,95,224,113,241,113]
CFO=-907.9079943498878,STO=7
EsN0dB=8.38,GRXdB=10,N0=0.002511886414140463
packet_number=1466,correct=False,payload=[0,3,2,7,12,1,6,7,24,9,10,11,12,13,14,15,4,19,18,19,20,21,22,23,24,25,26,27,28,29,30,31,32,33,34,35,36,229,38,39,40,1,42,47,44,61,46,63,56,49,34,50,60,53,54,54,120,57,58,59,60,61,62,119,64,65,66,67,68,69,70,71,72,73,74,75,76,73,254,79,80,81,82,83,84,85,86,71,216,89,90,27,88,221,94,95,96,97,98,99]
CFO=-670.5643753569068,STO=5
EsN0dB=8.31,GRXdB=10,N0=0.002511886414140463
packet_number=1467,correct=False,payload=[0,1,2,3,4,5,6,7,8,9,10,11,12,13,10,15,16,17,18,19,20,21,22,23,24,25,26,27,28,29,30,31,32,33,34,35,36,37,38,103,40,41,58,43,44,45,46,47,48,49,50,51,52,53,22,55,56,57,58,59,60,61,126,63,64,65,194,67,68,69,6,71,72,73,74,75,76,77,78,79,80,81,82,83,84,85,87,87,92,91,90,75,92,125,94,95,96,97,98,99]
CFO=-1332.898135604602,STO=0
EsN0dB=8.13,GRXdB=10,N0=0.002511886414140463
packet_number=1468,correct=False,payload=[0,1,6,3,36,5,6,6,8,9,14,3,16,12,14,15,16,17,18,19,28,17,22,23,120,27,26,27,28,29,30,31,32,32,34,35,44,13,38,39,152,41,42,43,44,45,46,47,50,49,50,51,60,53,54,63,120,57,122,58,60,60,62,63,64,193,70,67,100,69,70,71,204,209,74,79,156,205,6,15,80,113,66,19,56,85,86,87,88,24,26,95,92,93,94,95,96,97,96,99]
CFO=-1040.566750606095,STO=0
EsN0dB=8.33,GRXdB=10,N0=0.002511886414140463
packet_number=1469,correct=False,payload=[0,1,2,3,4,14,6,6,8,25,14,31,8,11,30,15,16,49,130,18,60,21,22,23,24,27,26,51,28,30,31,62,96,33,38,38,32,1,36,6,104,57,48,58,120,45,52,47,48,51,98,50,60,102,52,47,56,58,54,127,60,59,62,63,64,64,194,195,76,75,68,71,72,201,204,67,76,207,78,207,80,81,50,115,88,124,38,71,152,91,216,31,216,26,62,94,96,97,98,1]
CFO=-1024.6857307281036,STO=6
EsN0dB=8.26,GRXdB=10,N0=0.002511886414140463
packet_number=1470,correct=False,payload=[0,1,2,3,4,5,6,7,8,9,26,11,12,13,14,15,16,17,18,19,20,21,22,23,16,25,26,27,28,29,30,30,160,33,34,163,36,37,38,39,40,41,42,43,108,45,44,47,48,49,50,51,54,53,54,55,56,57,42,59,60,61,62,63,64,65,66,67,68,69,70,71,72,73,74,75,92,77,78,79,80,81,82,83,84,85,86,87,88,89,90,95,92,93,94,95,96,97,98,99]
CFO=-1143.9454582437768,STO=4
EsN0dB=8.17,GRXdB=10,N0=0.002511886414140463
packet_number=1471,correct=False,payload=[0,1,2,3,4,5,6,7,8,8,10,11,12,15,14,15,16,17,18,19,20,21,22,23,24,25,26,19,28,29,62,31,32,33,34,35,52,37,38,39,44,41,58,43,44,45,46,47,48,49,50,51,52,53,54,55,56,57,58,123,60,61,126,63,64,65,66,67,68,69,70,71,72,75,74,75,76,93,78,77,80,81,82,83,84,85,84,87,88,89,88,91,92,93,94,95,96,97,98,99]
CFO=-591.1621811689412,STO=5
EsN0dB=8.38,GRXdB=10,N0=0.002511886414140463
packet_number=1472,correct=False,payload=[0,1,2,3,4,5,6,7,8,9,10,75,12,77,14,15,16,17,18,19,20,21,22,23,24,25,26,27,28,29,30,31,32,33,34,35,36,37,38,39,40,41,170,43,44,45,46,47,48,49,50,51,52,53,62,39,40,57,58,59,60,61,62,63,64,193,66,67,68,69,70,71,72,73,74,75,76,77,78,79,80,81,82,83,84,85,86,87,24,89,90,91,220,93,94,95,96,97,98,99]
CFO=-1105.101010353118,STO=3
EsN0dB=8.23,GRXdB=10,N0=0.002511886414140463
packet_number=1473,correct=False,payload=[0,1,2,3,4,5,6,7,8,9,10,11,12,13,6,15,16,17,18,19,20,21,22,23,24,25,18,27,28,28,30,15,32,37,34,35,36,37,38,39,40,57,42,43,44,45,46,39,48,49,50,51,52,55,54,55,56,57,58,59,60,61,62,63,64,81,66,67,68,69,70,71,72,73,74,79,76,77,78,79,80,81,82,83,84,85,86,215,88,89,74,91,92,93,94,95,96,97,98,99]
CFO=-1262.7681010844383,STO=2
EsN0dB=8.12,GRXdB=10,N0=0.002511886414140463
packet_number=1474,correct=False,payload=[0,1,2,3,4,5,6,7,136,9,10,11,12,13,14,15,24,17,18,19,20,21,22,23,24,153,26,27,28,29,30,31,32,33,34,35,36,5,38,167,40,44,42,11,44,45,46,47,176,33,50,51,52,54,54,55,56,185,58,59,60,61,62,63,64,65,66,67,68,69,70,71,72,89,74,75,76,77,78,79,80,81,66,83,84,84,86,87,120,89,94,91,92,93,94,95,96,97,98,35]
CFO=-1291.7469573333137,STO=4
EsN0dB=8.24,GRXdB=10,N0=0.002511886414140463
packet_number=1475,correct=False,payload=[0,1,66,3,4,5,6,7,8,9,74,11,12,13,14,15,16,17,18,19,20,21,22,23,24,25,26,27,28,61,30,31,32,33,34,35,36,37,38,39,40,41,42,43,44,45,46,47,48,49,50,51,52,52,54,55,56,57,58,59,60,61,62,127,64,73,66,67,68,69,70,7,72,89,74,75,76,77,78,79,80,81,82,83,84,85,86,87,92,89,90,91,92,93,94,95,96,97,98,99]
CFO=-840.3224424548999,STO=3
EsN0dB=8.35,GRXdB=10,N0=0.002511886414140463
packet_number=1476,correct=False,payload=[0,1,2,3,4,5,6,7,8,9,10,11,12,13,6,15,16,17,18,19,148,85,22,87,24,25,26,27,28,29,30,31,32,33,34,35,100,37,38,39,40,43,42,43,44,45,46,47,48,49,55,49,52,53,54,55,56,57,58,59,28,61,62,55,64,65,66,67,64,69,70,71,72,201,74,75,76,77,78,79,80,80,82,83,84,85,86,87,88,89,90,91,92,93,222,91,96,101,98,99]
CFO=-1279.2321772150156,STO=1
EsN0dB=8.07,GRXdB=10,N0=0.002511886414140463
packet_number=1477,correct=False,payload=[128,1,130,1,6,2,7,3,128,9,136,7,14,15,143,15,0,25,138,3,148,15,23,7,8,29,25,27,28,31,22,15,16,32,187,33,20,38,23,3,32,32,51,15,164,45,31,7,48,48,155,57,62,49,54,59,56,57,186,123,156,29,63,63,32,65,194,2,68,133,198,99,76,77,203,79,13,77,206,79,104,81,3,83,86,93,86,7,193,120,72,127,92,93,94,15,96,33,226,115]
CFO=-1309.297104689727,STO=3
EsN0dB=8.32,GRXdB=10,N0=0.002511886414140463
packet_number=1478,correct=False,payload=[0,1,2,3,4,5,6,7,8,9,14,11,12,13,14,15,16,17,18,19,21,21,23,31,24,27,30,27,28,29,30,31,32,33,34,35,100,37,38,39,40,41,43,43,44,45,46,47,112,49,50,51,52,53,54,55,56,59,58,59,60,61,62,63,64,65,66,67,68,69,70,71,72,73,74,75,204,77,78,71,80,81,82,83,84,85,86,87,88,89,90,91,92,93,126,95,64,97,98,99]
CFO=-990.154321996929,STO=5
EsN0dB=8.38,GRXdB=10,N0=0.002511886414140463
packet_number=1479,correct=False,payload=[0,1,2,3,4,5,6,7,8,9,10,11,12,141,14,15,16,17,18,19,20,21,22,23,24,25,26,27,28,29,31,31,32,33,98,35,36,37,38,39,40,41,42,43,60,45,46,47,50,49,50,51,180,53,54,55,56,61,26,59,60,61,62,63,64,65,66,67,68,69,70,7,72,73,74,75,76,77,78,95,80,81,82,83,212,84,86,87,88,89,90,91,92,93,94,95,96,97,98,99]
CFO=-1163.3114161342248,STO=5
EsN0dB=8.35,GRXdB=10,N0=0.002511886414140463
packet_number=1480,correct=False,payload=[0,1,2,3,4,4,6,7,8,9,10,11,12,13,14,15,144,17,18,19,20,21,22,23,24,25,26,27,28,29,30,31,32,33,34,35,36,37,38,167,40,41,42,42,44,45,46,47,48,49,50,51,28,53,54,55,56,57,58,59,60,61,60,63,64,65,66,67,68,69,70,71,72,65,74,75,76,77,78,79,80,81,90,83,84,85,86,87,88,89,90,91,92,93,94,95,96,97,102,99]
CFO=-1220.819000192924,STO=4
EsN0dB=8.37,GRXdB=10,N0=0.002511886414140463
packet_number=1481,correct=False,payload=[0,1,2,3,4,5,6,7,8,9,10,11,12,9,14,15,16,17,18,19,20,149,22,23,24,9,26,27,28,29,30,26,32,33,34,35,36,37,38,39,40,41,42,43,44,45,46,47,48,49,48,51,52,53,54,55,56,57,58,59,60,61,62,63,64,65,66,67,68,69,70,71,72,73,74,75,76,69,78,79,80,81,82,83,84,85,82,87,88,89,94,91,92,93,94,95,96,97,98,99]
CFO=-1023.9505367549425,STO=1
EsN0dB=8.24,GRXdB=10,N0=0.002511886414140463
packet_number=1482,correct=False,payload=[224,0,32,64,96,128,160,192,112,1,49,193,33,128,129,193,227,2,18,66,114,130,32,66,227,147,35,195,227,131,131,195,228,4,4,68,112,0,148,100,229,69,4,101,229,130,177,193,230,6,35,70,102,134,167,196,247,135,55,71,119,135,167,199,236,8,60,64,112,136,136,104,233,9,40,73,104,137,169,205,232,10,58,70,107,138,130,78,239,3,43,75,235,139,171,193,254,14,60,108]
CFO=-797.0817124742474,STO=2
EsN0dB=8.23,GRXdB=10,N0=0.002511886414140463
packet_number=1483,correct=False,payload=[0,9,18,3,0,4,4,7,8,9,10,11,12,13,14,15,16,25,18,19,20,20,158,23,152,25,26,27,12,21,6,31,32,48,35,50,36,39,39,39,24,44,178,43,44,61,46,47,176,57,18,51,180,21,50,19,188,57,58,59,60,61,62,63,64,64,66,3,132,101,70,71,76,73,66,107,76,77,206,79,16,81,82,91,84,101,86,23,56,88,90,75,222,92,94,127,96,97,98,99]
CFO=-960.2466904585722,STO=1
EsN0dB=8.29,GRXdB=10,N0=0.002511886414140463
packet_number=1484,correct=False,payload=[3,226,96,171,176,0,24,48,48,96,56,32,248,64,144,96,184,192,80,112,113,1,136,32,152,192,105,49,177,128,200,161,177,193,216,241,249,1,0,51,59,0,81,48,115,128,67,240,185,98,203,98,249,129,155,33,19,1,99,35,115,193,211,163,155,227,217,227,252,6,38,38,52,100,84,102,120,2,22,36,182,228,100,100,240,7,16,178,53,1,203,39,183,133,141,178,150,199,195,224]
CFO=-1231.9998775686272,STO=5
EsN0dB=8.17,GRXdB=10,N0=0.002511886414140463
packet_number=1485,correct=False,payload=[0,65,2,1,4,5,6,7,8,9,10,11,12,141,14,15,16,17,18,19,20,21,30,23,24,25,26,27,28,29,30,31,32,33,34,35,36,37,38,35,40,41,43,43,44,47,46,47,48,49,50,49,54,37,54,55,56,57,58,59,60,61,62,63,64,65,66,67,68,5,70,71,72,73,74,75,92,77,78,79,80,81,82,83,86,69,86,81,88,81,90,91,92,93,92,95,100,97,106,99]
CFO=-889.2026438182269,STO=3
EsN0dB=8.20,GRXdB=10,N0=0.002511886414140463
packet_number=1486,correct=False,payload=[4,1,3,9,4,1,6,7,8,9,10,5,4,5,142,15,128,1,19,11,16,29,30,15,24,25,26,25,158,29,14,31,0,49,34,35,2,34,6,23,8,25,42,39,44,29,38,63,48,48,144,51,56,22,50,55,152,29,186,57,60,29,62,63,226,65,65,71,68,101,198,7,104,105,14,67,68,47,46,47,80,81,18,67,196,116,94,87,72,17,90,89,140,95,222,127,32,97,98,113]
CFO=-1384.22439846444,STO=4
EsN0dB=7.92,GRXdB=10,N0=0.002511886414140463
packet_number=1487,correct=False,payload=[0,1,2,19,4,1,6,7,8,9,10,11,12,13,14,30,16,17,2,19,20,21,20,23,24,25,27,27,28,29,30,31,32,33,34,35,36,37,38,39,40,41,162,43,44,45,46,47,48,49,58,51,52,53,54,55,48,25,58,59,60,61,62,63,64,65,66,67,68,69,70,70,72,73,74,107,76,77,78,79,80,81,114,83,84,85,86,87,88,89,90,91,84,93,94,95,96,97,98,99]
CFO=-835.4530274692751,STO=3
EsN0dB=8.02,GRXdB=10,N0=0.002511886414140463
packet_number=1488,correct=False,payload=[0,129,2,3,4,5,6,7,8,25,10,11,14,13,14,15,16,17,26,19,20,21,22,23,24,25,26,27,28,29,62,31,32,33,34,35,36,37,38,39,40,43,42,43,172,13,46,47,16,49,50,51,52,53,54,55,56,57,56,59,60,61,54,63,64,65,66,67,68,69,70,71,8,73,74,79,78,77,78,79,80,81,82,19,84,85,118,87,88,89,90,91,92,93,94,95,96,97,98,99]
CFO=-882.7684514664999,STO=1
EsN0dB=8.36,GRXdB=10,N0=0.002511886414140463
packet_number=1489,correct=False,payload=[0,1,34,3,6,5,7,7,136,1,10,15,12,13,14,15,24,17,19,19,20,21,23,23,8,25,28,31,28,29,158,31,32,33,34,35,36,37,6,167,0,25,44,43,44,60,38,47,56,49,18,51,52,55,22,55,56,61,58,27,30,53,190,63,64,65,98,67,68,101,70,71,8,37,105,73,76,77,110,71,80,65,214,67,68,213,86,91,152,89,46,121,94,125,94,95,96,97,98,99]
CFO=-961.3212594561184,STO=3
EsN0dB=8.35,GRXdB=10,N0=0.002511886414140463
packet_number=1490,correct=False,payload=[0,1,2,3,4,5,6,3,8,9,10,11,12,13,14,15,16,17,18,19,20,21,22,23,24,25,26,27,28,29,22,31,32,33,35,51,36,37,38,39,40,169,46,43,44,47,46,47,48,48,50,51,52,53,22,119,56,57,58,59,60,61,46,63,64,65,66,67,68,69,70,71,72,73,74,75,76,77,78,79,88,81,82,83,84,21,214,87,88,89,90,91,92,93,94,95,97,97,98,99]
CFO=-969.2609986272389,STO=4
EsN0dB=8.18,GRXdB=10,N0=0.002511886414140463
packet_number=1491,correct=False,payload=[0,1,2,19,4,5,70,7,8,9,10,11,12,13,14,15,16,17,18,19,21,21,22,23,24,25,26,27,28,29,30,31,32,33,34,35,32,37,52,39,40,41,43,43,44,45,46,47,48,49,50,51,52,53,54,55,56,57,58,59,60,61,58,63,64,65,67,67,68,69,70,71,72,105,202,75,76,77,78,79,80,81,82,83,84,85,214,87,88,88,90,91,28,89,94,95,96,97,98,99]
CFO=-789.3974532088004,STO=5
EsN0dB=8.22,GRXdB=10,N0=0.002511886414140463
packet_number=1492,correct=False,payload=[0,1,2,3,4,5,6,3,8,13,10,11,12,13,14,15,16,17,18,151,20,21,22,23,24,25,10,27,28,29,30,31,32,1,34,35,36,37,38,39,40,169,42,43,44,45,46,47,48,49,50,51,53,53,54,55,56,57,58,59,60,61,60,63,64,65,98,67,196,69,70,71,72,73,74,75,76,77,78,79,80,81,82,83,84,117,86,87,88,89,90,91,92,93,94,95,96,97,98,99]
CFO=-933.0507981742855,STO=1
EsN0dB=8.04,GRXdB=10,N0=0.002511886414140463
packet_number=1493,correct=False,payload=[181,230,0,0,20,2,0,11,6,14,24,27,18,10,28,31,28,14,0,33,18,22,24,31,30,15,26,48,56,55,56,63,30,63,68,64,96,98,34,71,44,69,80,113,16,55,44,125,12,110,32,50,112,38,232,98,61,118,112,17,120,250,124,60,62,63,128,129,0,7,4,10,4,142,128,138,132,7,140,219,138,159,224,98,48,66,52,235,28,141,184,145,210,63,88,248,92,191,96,194]
CFO=-1037.4670779515093,STO=7
EsN0dB=8.33,GRXdB=10,N0=0.002511886414140463
packet_number=1494,correct=False,payload=[0,1,2,3,4,4,6,6,8,73,10,11,12,13,142,143,16,21,18,43,20,21,22,23,56,25,26,59,28,29,30,31,32,49,34,35,36,45,46,39,104,41,42,42,44,61,46,63,112,113,50,51,52,53,182,55,56,57,58,27,60,29,126,63,64,65,67,67,68,69,70,71,72,73,75,11,76,77,78,79,80,81,82,67,212,85,86,87,88,73,90,91,220,93,222,95,64,99,98,99]
CFO=-1114.2739781243797,STO=7
EsN0dB=8.22,GRXdB=10,N0=0.002511886414140463
packet_number=1495,correct=False,payload=[0,1,3,3,4,5,6,23,8,8,10,11,12,13,14,7,16,17,18,23,20,21,22,23,24,25,26,59,28,29,30,31,32,33,34,35,36,37,38,39,40,169,42,43,44,45,62,47,48,17,50,51,116,53,38,55,56,57,58,43,60,61,62,63,64,65,66,75,204,69,70,71,88,75,74,75,76,77,78,79,80,81,82,19,84,81,86,87,88,89,90,27,92,93,94,223,96,97,98,99]
CFO=-1155.7608554501871,STO=4
EsN0dB=8.25,GRXdB=10,N0=0.002511886414140463
packet_number=1496,correct=False,payload=[0,1,2,3,4,5,6,7,8,169,10,11,12,29,14,15,16,17,18,19,20,21,22,7,24,25,26,27,28,29,30,31,32,33,34,43,36,37,39,39,44,41,42,43,12,45,46,47,48,49,50,51,36,53,52,55,56,57,58,59,56,61,62,63,64,65,66,67,196,69,70,71,72,73,74,75,76,77,78,79,84,81,82,83,84,85,86,87,88,89,82,90,92,92,94,95,96,97,98,99]
CFO=-742.5172166118177,STO=3
EsN0dB=8.36,GRXdB=10,N0=0.002511886414140463
packet_number=1497,correct=False,payload=[0,1,2,3,4,5,6,7,8,9,10,11,12,13,14,143,16,17,34,19,52,53,22,23,24,25,26,27,28,28,30,23,32,33,34,35,36,37,38,39,40,41,42,43,44,45,46,47,48,49,50,51,52,53,118,55,56,61,58,59,60,61,62,63,64,65,66,67,68,68,70,71,72,77,74,75,76,77,78,79,80,65,82,83,84,85,86,87,88,89,90,91,92,93,94,95,96,97,98,35]
CFO=-749.6369180536809,STO=6
EsN0dB=8.21,GRXdB=10,N0=0.002511886414140463
packet_number=1498,correct=False,payload=[64,1,2,3,4,5,6,7,8,9,10,11,12,13,14,15,17,17,18,147,20,21,22,23,56,25,26,27,28,29,28,31,32,33,34,35,36,37,36,39,40,41,42,43,44,45,110,47,48,49,50,50,52,53,54,55,56,57,58,59,60,45,62,63,0,65,66,67,4,69,70,71,72,73,74,75,76,77,78,79,112,81,82,83,84,81,86,87,88,89,90,90,92,93,94,79,96,97,98,99]
CFO=-1319.4946008364907,STO=4
EsN0dB=8.42,GRXdB=10,N0=0.002511886414140463
packet_number=1499,correct=False,payload=[0,1,32,3,4,5,6,7,8,9,11,11,12,13,14,15,16,17,18,19,20,21,22,23,24,25,154,27,28,61,30,31,32,33,34,35,36,37,38,39,40,41,42,43,44,45,46,47,48,49,50,51,52,53,54,55,56,57,58,59,62,61,62,63,66,65,66,67,196,69,70,71,72,73,74,75,76,77,78,79,80,81,82,83,84,85,86,215,88,89,90,91,92,93,94,95,96,99,98,99]
CFO=-1134.1424766693851,STO=1
EsN0dB=7.09,GRXdB=10,N0=0.003162277629598975
packet_number=1500,correct=False,payload=[1,0,130,3,2,5,6,7,168,9,131,11,14,14,15,15,16,17,154,11,2,16,2,19,140,25,142,27,28,28,159,31,0,33,3,1,6,165,167,34,40,41,40,41,12,44,47,63,176,53,58,51,156,55,54,19,24,8,56,59,60,61,190,63,64,66,0,1,5,70,98,7,72,89,74,7,68,5,78,79,72,89,113,83,20,85,151,87,220,74,115,93,214,95,223,63,112,97,227,103]
CFO=-1299.3799308901491,STO=3
EsN0dB=7.45,GRXdB=10,N0=0.003162277629598975
packet_number=1501,correct=False,payload=[0,1,2,1,4,5,6,7,8,9,42,15,12,5,14,15,16,17,18,147,20,17,150,23,26,17,26,27,28,29,26,31,32,33,34,3,36,37,39,55,40,41,42,43,44,45,42,47,48,49,250,50,52,53,54,55,56,61,58,59,60,41,186,191,64,65,194,67,68,69,70,71,72,73,202,73,108,69,78,103,16,81,88,83,80,85,22,71,88,89,106,91,92,93,94,95,96,96,98,99]
CFO=-495.79937049742216,STO=4
EsN0dB=7.23,GRXdB=10,N0=0.003162277629598975
packet_number=1502,correct=False,payload=[0,1,2,3,12,5,4,7,8,9,10,11,12,13,14,15,16,144,18,23,20,21,86,23,56,25,58,27,60,29,30,31,160,33,34,34,36,37,38,39,40,41,42,43,76,45,46,47,48,49,50,51,180,53,54,119,120,57,58,59,60,61,62,63,64,65,66,67,68,69,198,71,72,73,106,75,76,77,78,79,82,89,82,99,84,85,86,87,88,89,26,83,92,93,94,95,96,97,98,99]
CFO=-1284.4929644116755,STO=0
EsN0dB=7.36,GRXdB=10,N0=0.003162277629598975
packet_number=1503,correct=False,payload=[0,3,2,3,4,5,6,7,8,9,14,27,12,12,14,78,16,17,2,19,20,21,22,23,24,25,26,26,28,29,82,29,32,33,34,51,38,37,6,39,41,73,10,43,44,44,47,47,48,113,50,51,60,117,54,55,56,57,10,57,60,57,62,63,68,69,66,67,68,77,70,71,136,73,74,10,92,75,78,71,112,81,82,195,85,21,86,23,88,89,90,91,92,93,94,95,96,225,242,99]
CFO=-959.0106752361133,STO=5
EsN0dB=7.20,GRXdB=10,N0=0.003162277629598975
packet_number=1504,correct=False,payload=[16,1,2,3,4,5,6,7,8,9,11,11,12,13,46,15,16,25,18,19,20,21,86,23,24,25,26,27,28,29,30,31,32,161,34,35,100,37,38,39,0,41,34,42,46,45,46,43,48,52,50,51,52,53,54,55,56,56,58,59,60,61,62,63,64,65,66,67,68,69,70,71,8,201,74,67,76,77,78,79,80,81,210,83,84,85,86,95,88,221,90,105,84,93,94,95,96,103,98,195]
CFO=-1600.8668524479738,STO=1
EsN0dB=7.29,GRXdB=10,N0=0.003162277629598975
packet_number=1505,correct=False,payload=[32,1,2,3,5,7,6,15,8,11,27,10,12,13,14,15,16,17,6,19,16,23,62,23,16,27,26,27,28,29,30,31,32,32,2,3,36,37,38,55,40,41,186,35,44,41,46,47,48,49,114,51,52,53,62,63,56,57,56,59,60,56,62,63,64,67,66,67,76,69,70,198,85,73,74,75,204,77,78,78,80,81,70,83,242,117,70,85,88,81,26,219,92,93,94,95,96,97,98,99]
CFO=-1057.5972818350256,STO=2
EsN0dB=7.53,GRXdB=10,N0=0.003162277629598975
packet_number=1506,correct=False,payload=[0,1,66,3,4,5,6,7,8,1,10,9,12,13,14,15,16,17,18,19,20,29,22,55,24,25,30,27,28,29,30,31,32,33,34,35,36,53,166,39,40,46,42,43,12,45,46,47,49,185,34,51,52,53,54,23,56,57,58,59,62,127,62,191,65,65,66,67,68,69,68,71,72,73,10,75,76,77,206,207,80,81,82,83,84,125,86,87,88,89,90,91,29,93,92,95,96,97,98,99]
CFO=-1394.7304389205851,STO=4
EsN0dB=7.48,GRXdB=10,N0=0.003162277629598975
packet_number=1507,correct=False,payload=[16,129,2,3,4,69,6,7,24,9,10,11,28,13,14,13,144,16,18,19,20,21,86,23,24,25,26,25,28,29,30,31,48,32,50,35,36,39,39,39,40,45,42,43,44,41,46,47,48,49,50,51,52,53,54,55,56,57,186,59,60,61,62,63,64,65,66,67,68,69,102,71,72,73,250,75,76,73,70,79,80,81,82,209,84,85,86,95,88,89,90,95,84,93,94,95,97,97,98,99]
CFO=-1230.4645079614515,STO=1
EsN0dB=7.10,GRXdB=10,N0=0.003162277629598975
packet_number=1508,correct=False,payload=[0,73,130,3,4,4,38,71,170,11,3,43,12,4,142,23,8,1,131,19,132,21,22,22,24,21,27,27,30,29,31,95,8,44,162,35,48,39,182,35,136,33,56,17,44,127,46,23,178,57,48,51,252,117,54,179,56,61,59,63,62,61,30,63,128,65,66,1,68,100,6,71,68,65,196,75,68,77,14,79,0,17,26,83,144,84,94,23,88,93,218,91,77,125,253,93,224,100,112,99]
CFO=-1300.5934752645574,STO=4
EsN0dB=7.28,GRXdB=10,N0=0.003162277629598975
packet_number=1509,correct=False,payload=[0,1,2,3,4,5,2,7,8,13,10,9,13,15,14,15,16,17,16,147,20,21,23,23,24,25,26,26,28,29,30,30,32,33,34,35,36,36,38,39,40,41,40,43,44,45,46,47,48,49,50,51,52,53,54,55,56,57,58,59,60,61,62,47,64,67,70,67,68,69,70,71,72,73,74,75,76,77,79,79,80,213,82,83,85,85,86,87,90,17,90,91,92,125,94,31,96,33,106,99]
CFO=-858.0547874790166,STO=7
EsN0dB=7.12,GRXdB=10,N0=0.003162277629598975
packet_number=1510,correct=False,payload=[0,1,2,2,4,5,6,35,8,9,10,15,12,13,14,15,16,17,50,19,20,5,22,23,24,25,26,27,28,29,30,63,32,33,32,35,36,45,34,39,56,41,58,43,44,45,46,111,48,49,50,51,52,53,54,55,56,56,62,255,28,61,62,63,64,64,66,71,68,69,70,71,72,205,74,195,76,77,70,207,80,81,82,83,84,85,86,87,88,89,90,91,88,29,86,93,96,97,242,98]
CFO=-880.7385453327001,STO=6
EsN0dB=7.31,GRXdB=10,N0=0.003162277629598975
packet_number=1511,correct=False,payload=[0,1,6,3,4,4,6,7,8,11,26,11,12,13,14,15,16,17,18,19,20,85,22,51,24,153,26,59,28,29,30,31,32,33,98,34,36,37,38,39,40,41,42,43,44,45,46,47,48,49,50,51,52,53,54,55,56,57,50,51,60,61,62,63,64,65,74,83,68,69,70,71,64,73,74,75,76,77,74,71,80,81,82,83,84,85,86,87,90,89,74,91,92,93,94,95,96,97,98,99]
CFO=-1414.734711191279,STO=0
EsN0dB=7.23,GRXdB=10,N0=0.003162277629598975
packet_number=1512,correct=False,payload=[0,3,2,7,4,8,22,14,0,26,28,27,28,30,159,15,16,3,52,119,52,55,38,63,24,27,24,22,8,90,30,31,96,107,32,35,68,111,100,79,0,17,0,46,56,111,62,190,64,115,38,35,52,46,116,39,48,241,58,59,60,62,108,63,192,198,70,2,64,77,204,206,216,19,78,83,220,153,222,142,16,49,19,18,64,35,78,135,80,123,242,178,248,252,30,78,64,99,70,99]
CFO=-1330.933981899531,STO=6
EsN0dB=7.32,GRXdB=10,N0=0.003162277629598975
packet_number=1513,correct=False,payload=[0,1,2,3,0,5,2,7,8,9,138,11,12,45,14,15,17,17,50,19,52,5,30,23,24,29,26,27,28,29,30,151,32,33,34,35,36,39,38,35,40,41,42,43,36,45,46,175,48,49,50,51,52,55,54,55,56,57,58,55,60,61,62,63,66,65,66,67,68,69,70,71,72,77,78,107,76,77,78,79,80,81,82,83,84,85,70,87,88,89,95,91,92,93,94,95,32,97,98,99]
CFO=-1661.8760942530357,STO=1
EsN0dB=7.24,GRXdB=10,N0=0.003162277629598975
packet_number=1514,correct=False,payload=[128,0,0,1,130,0,131,3,136,4,47,3,12,5,6,7,136,65,2,19,190,39,19,27,156,28,137,9,142,28,142,15,161,0,145,1,178,49,163,3,104,56,235,53,30,28,158,23,144,48,179,9,182,61,54,23,156,24,184,63,156,45,62,31,104,96,67,65,194,71,235,227,76,105,227,47,142,45,111,103,248,96,177,113,74,126,235,27,184,9,120,77,220,44,46,95,226,48,176,113]
CFO=-1023.5659828751101,STO=5
EsN0dB=7.35,GRXdB=10,N0=0.003162277629598975
packet_number=1515,correct=False,payload=[0,1,2,3,5,5,6,199,8,41,10,15,4,29,14,15,16,17,18,19,20,21,22,23,24,25,26,27,28,29,28,31,34,33,162,33,36,37,38,39,40,45,42,43,44,45,14,111,16,49,18,51,52,53,54,55,40,57,58,59,188,61,28,63,64,65,66,67,100,69,70,71,72,73,75,67,76,13,78,79,80,81,82,115,84,85,86,71,88,89,74,91,92,221,94,95,96,97,34,99]
CFO=-1288.8748390713888,STO=3
EsN0dB=7.22,GRXdB=10,N0=0.003162277629598975
packet_number=1516,correct=False,payload=[0,5,2,3,4,4,6,7,40,9,10,43,140,13,14,15,16,17,18,19,20,21,22,23,24,49,26,27,28,29,30,95,32,32,34,35,36,37,38,39,40,33,106,43,168,173,38,47,48,49,50,51,52,53,54,55,56,57,58,58,40,109,62,63,64,65,66,67,68,69,70,79,72,73,74,75,204,77,78,79,80,81,83,82,84,85,82,87,88,89,82,91,28,93,30,95,96,97,98,99]
CFO=-1419.3999912696786,STO=4
EsN0dB=7.09,GRXdB=10,N0=0.003162277629598975
packet_number=1517,correct=False,payload=[0,1,2,2,4,5,2,3,8,9,10,11,12,13,206,15,16,17,18,19,21,21,22,23,24,25,26,155,28,29,26,31,32,33,34,35,38,37,54,39,40,41,42,43,44,45,46,47,48,49,50,51,52,53,54,39,56,41,58,59,60,63,62,47,64,65,66,67,68,197,70,71,72,73,74,75,76,77,78,15,80,81,82,83,84,85,86,87,92,89,26,91,92,93,94,95,66,97,98,97]
CFO=-744.9433567232493,STO=4
EsN0dB=7.36,GRXdB=10,N0=0.003162277629598975
packet_number=1518,correct=False,payload=[4,129,0,3,0,5,6,6,24,11,6,139,28,13,14,31,16,17,34,3,20,29,22,23,24,25,26,59,24,29,22,31,32,1,34,3,4,37,46,15,122,43,50,43,60,109,46,79,96,35,50,50,52,48,118,39,48,58,58,59,190,61,62,62,64,1,66,67,76,103,68,70,88,73,66,78,220,13,78,79,0,81,96,16,200,81,86,87,177,220,58,83,124,88,30,126,80,97,246,99]
CFO=-1150.9946640699877,STO=0
EsN0dB=7.17,GRXdB=10,N0=0.003162277629598975
packet_number=1519,correct=False,payload=[0,1,2,3,4,5,6,7,0,9,138,27,12,28,6,7,16,17,16,19,28,148,20,47,56,152,24,27,28,93,30,31,32,33,34,35,4,5,103,54,40,105,46,42,46,109,44,63,48,113,54,51,62,37,54,127,56,57,114,59,60,61,62,63,192,105,66,67,64,69,206,70,72,193,72,67,76,204,70,78,80,113,80,82,80,84,86,23,88,89,88,95,28,89,222,62,96,65,98,99]
CFO=-1447.3625011404954,STO=5
EsN0dB=7.24,GRXdB=10,N0=0.003162277629598975
packet_number=1520,correct=False,payload=[0,1,2,3,4,5,6,7,8,9,10,3,140,5,14,79,0,25,18,19,22,21,22,23,24,25,26,27,28,28,30,15,32,33,34,35,36,37,38,39,56,41,42,42,44,45,46,111,48,49,50,51,52,53,54,55,56,57,58,63,60,61,62,63,64,65,66,67,68,69,70,71,72,1,74,75,73,205,76,79,80,81,82,83,84,85,86,95,88,89,90,91,92,93,86,95,96,97,98,99]
CFO=-1347.077774333091,STO=0
EsN0dB=7.36,GRXdB=10,N0=0.003162277629598975
packet_number=1521,correct=False,payload=[0,11,2,6,4,15,6,7,130,11,10,14,12,12,46,15,0,51,18,51,4,25,118,23,24,17,26,26,60,25,30,26,32,37,2,99,96,37,6,183,104,121,34,43,12,45,46,127,48,51,50,51,36,113,52,62,176,57,62,187,124,121,62,55,192,193,64,75,196,200,6,207,72,73,74,19,204,109,78,78,80,17,82,66,204,69,86,222,80,219,86,90,88,90,94,95,224,97,98,83]
CFO=-1015.261255470217,STO=5
EsN0dB=7.15,GRXdB=10,N0=0.003162277629598975
packet_number=1522,correct=False,payload=[0,1,2,3,4,5,6,7,12,9,11,11,12,13,14,15,16,17,19,19,20,21,22,23,24,25,26,27,28,29,30,31,32,33,34,99,36,37,38,39,40,41,42,43,44,61,46,63,48,33,50,51,52,53,54,55,56,56,58,59,124,61,62,63,64,69,66,67,68,69,86,83,72,73,74,75,92,77,78,79,80,81,82,83,84,85,70,87,88,89,90,89,76,93,78,95,104,97,98,99]
CFO=-898.6028102431301,STO=1
EsN0dB=7.28,GRXdB=10,N0=0.003162277629598975
packet_number=1523,correct=False,payload=[167,128,150,31,224,0,64,194,225,144,193,128,99,0,67,130,67,1,1,131,192,4,100,82,229,4,103,129,231,70,67,130,67,135,163,199,164,28,76,136,117,9,227,199,236,14,68,3,235,137,69,193,238,4,12,70,196,13,78,157,230,15,47,6,239,7,143,135,216,16,40,0,248,17,80,192,202,10,9,203,243,9,33,155,254,4,90,200,207,150,78,149,246,6,95,110,251,23,211,83]
CFO=-1243.5820285580687,STO=5
EsN0dB=7.41,GRXdB=10,N0=0.003162277629598975
packet_number=1524,correct=False,payload=[0,1,2,43,4,5,7,7,14,9,10,11,8,13,14,15,24,17,18,19,20,21,22,23,24,25,154,31,28,61,14,31,32,33,162,35,36,37,38,39,40,41,42,43,44,13,46,47,48,49,18,51,52,53,54,55,56,57,58,59,62,61,62,63,64,65,66,67,68,69,70,71,72,73,74,75,76,77,78,15,80,81,82,83,84,85,86,87,88,89,90,91,92,93,94,95,96,97,98,99]
CFO=-1104.288739592448,STO=2
EsN0dB=7.41,GRXdB=10,N0=0.003162277629598975
packet_number=1525,correct=False,payload=[128,0,2,3,68,1,6,7,0,25,10,11,12,6,14,15,88,17,26,27,16,21,146,23,24,25,138,27,28,29,30,31,32,49,34,51,44,45,36,167,56,41,34,43,44,45,47,39,52,49,51,51,52,21,54,23,184,57,187,59,62,61,63,63,192,65,66,65,70,69,70,67,73,73,230,195,12,76,78,79,8,81,82,51,84,221,86,87,89,89,90,65,124,93,78,31,96,97,115,99]
CFO=-833.3817370295668,STO=5
EsN0dB=7.21,GRXdB=10,N0=0.003162277629598975
packet_number=1526,correct=False,payload=[0,1,2,3,4,69,6,3,0,201,10,3,12,13,12,15,24,17,18,19,20,21,22,23,24,25,26,27,28,29,30,31,0,1,34,35,36,5,38,39,40,41,42,43,44,45,46,47,48,49,50,51,52,21,54,183,24,41,122,59,60,61,62,63,64,65,66,67,68,69,2,71,72,73,72,67,76,77,94,79,80,81,82,83,84,85,66,87,88,89,90,91,94,93,94,95,96,97,98,99]
CFO=-1014.6808079704389,STO=4
EsN0dB=7.11,GRXdB=10,N0=0.003162277629598975
packet_number=1527,correct=False,payload=[4,33,6,1,4,5,6,23,8,9,10,139,12,79,14,15,16,17,18,19,20,17,6,23,24,25,18,27,28,29,30,31,32,33,34,35,36,37,38,39,40,41,42,43,44,45,46,47,48,49,50,51,52,53,55,55,56,57,50,43,60,61,62,63,64,67,64,67,68,69,70,7,72,73,74,75,76,77,78,79,80,17,82,83,80,21,86,87,88,89,88,91,92,93,90,95,96,97,98,99]
CFO=-818.2646666954611,STO=4
EsN0dB=7.18,GRXdB=10,N0=0.003162277629598975
packet_number=1528,correct=False,payload=[0,1,2,2,12,5,6,7,8,9,10,11,140,9,14,15,16,17,18,19,20,21,22,23,24,25,30,27,28,29,30,31,32,33,34,35,36,37,38,39,56,41,42,11,44,45,46,47,48,49,98,51,52,36,54,55,56,57,58,43,60,61,62,63,64,193,66,67,68,69,66,71,74,73,74,75,76,77,78,79,80,81,90,83,84,21,94,87,216,89,90,27,92,93,94,127,96,97,98,99]
CFO=-821.3097334105886,STO=3
EsN0dB=7.22,GRXdB=10,N0=0.003162277629598975
packet_number=1529,correct=False,payload=[0,1,18,35,4,7,6,39,8,9,10,11,12,12,14,15,16,19,18,19,20,21,6,23,24,25,26,25,28,29,62,63,48,33,34,1,4,37,38,39,40,45,42,43,174,45,47,47,48,49,51,51,60,53,54,53,56,57,58,59,30,60,62,47,192,64,66,75,4,65,70,70,72,73,74,75,68,127,78,71,80,82,210,83,148,85,87,87,89,89,88,123,30,93,126,127,96,65,98,115]
CFO=-1473.9714240429842,STO=3
EsN0dB=7.49,GRXdB=10,N0=0.003162277629598975
packet_number=1530,correct=False,payload=[0,19,2,3,4,5,6,7,8,9,10,11,12,13,15,15,16,17,18,83,28,21,22,23,88,25,26,19,28,29,30,95,32,33,34,35,4,37,38,39,40,41,42,43,44,45,46,47,48,49,58,51,48,53,62,51,56,57,58,59,60,63,62,55,64,65,66,67,68,69,70,71,72,73,74,75,76,77,74,79,16,81,82,19,84,85,86,87,88,89,90,91,124,93,94,11,96,97,102,99]
CFO=-1247.0498910976003,STO=2
EsN0dB=7.13,GRXdB=10,N0=0.003162277629598975
packet_number=1531,correct=False,payload=[0,64,2,3,128,5,2,7,8,9,10,131,12,15,14,15,24,17,2,17,20,20,158,7,156,25,10,27,28,29,126,15,32,33,34,3,36,60,35,35,41,25,34,47,140,47,62,15,48,17,32,51,52,53,54,55,24,56,59,27,156,61,62,95,0,65,64,97,4,69,70,71,248,64,75,75,204,70,14,15,48,49,66,83,88,29,18,119,92,120,88,91,28,77,95,127,32,97,50,99]
CFO=-919.0127435754667,STO=4
EsN0dB=7.16,GRXdB=10,N0=0.003162277629598975
packet_number=1532,correct=False,payload=[0,1,66,3,132,13,23,7,8,11,10,75,12,44,14,15,144,17,18,19,28,21,22,23,24,25,26,31,28,29,30,95,32,33,34,34,36,37,54,39,40,41,34,43,44,45,46,63,52,48,50,51,52,53,54,51,24,57,58,59,60,29,62,63,192,65,74,67,69,69,70,71,72,73,74,73,204,77,78,79,80,81,82,83,84,213,86,215,80,89,122,91,92,93,94,95,96,97,98,99]
CFO=-574.6954962855559,STO=1
EsN0dB=7.13,GRXdB=10,N0=0.003162277629598975
packet_number=1533,correct=False,payload=[61,15,16,151,0,1,1,33,129,6,11,7,8,9,134,13,12,13,142,15,144,0,152,11,30,17,159,23,14,25,78,153,156,31,142,31,132,33,34,35,98,37,182,99,168,5,186,47,44,61,46,38,16,17,177,57,184,56,22,59,60,49,30,57,188,61,30,63,96,65,66,1,146,68,34,117,164,120,130,10,4,15,135,79,52,17,114,83,0,53,86,55,124,120,239,57,100,125,95,15]
CFO=-1289.8488525061541,STO=7
EsN0dB=7.16,GRXdB=10,N0=0.003162277629598975
packet_number=1534,correct=False,payload=[0,1,2,3,4,1,6,71,8,9,138,11,12,15,14,31,16,17,26,19,20,85,20,30,16,25,26,27,60,56,30,159,160,50,34,35,36,101,46,175,40,41,42,35,44,45,39,47,48,49,50,179,52,21,54,55,40,56,58,59,60,61,63,63,64,193,66,2,4,5,70,70,73,73,74,11,12,205,94,79,80,81,82,83,20,213,86,86,24,91,88,91,92,93,94,95,66,97,226,227]
CFO=-943.2612195054161,STO=4
EsN0dB=7.29,GRXdB=10,N0=0.003162277629598975
packet_number=1535,correct=False,payload=[0,1,2,3,4,5,6,7,12,9,10,11,140,13,14,11,16,21,26,18,28,145,150,87,184,25,30,27,28,29,30,31,32,33,34,34,52,37,6,35,40,41,42,43,44,45,46,47,48,241,50,51,52,53,54,55,57,57,58,59,60,29,62,63,64,65,66,67,68,69,70,71,72,73,74,75,76,77,78,79,80,81,82,83,84,85,70,87,90,89,90,91,92,93,94,93,96,97,98,99]
CFO=-1099.0770443804474,STO=1
EsN0dB=7.11,GRXdB=10,N0=0.003162277629598975
packet_number=1536,correct=False,payload=[80,0,48,96,120,64,112,64,240,40,129,98,177,0,129,224,224,1,1,96,96,96,99,65,243,131,129,1,49,195,209,227,226,6,54,96,100,0,114,96,241,144,36,0,96,128,241,198,226,2,35,98,39,35,163,67,247,135,19,71,103,135,131,199,248,12,0,40,120,137,64,100,121,13,177,228,120,132,165,192,179,13,10,35,50,67,36,101,237,13,17,105,243,197,203,199,231,4,20,108]
CFO=-1621.7200365983228,STO=2
EsN0dB=7.20,GRXdB=10,N0=0.003162277629598975
packet_number=1537,correct=False,payload=[128,1,128,3,12,5,6,7,10,9,11,11,30,13,15,15,16,3,18,27,52,7,2,23,24,25,26,27,4,29,30,31,32,33,34,35,36,117,38,39,40,41,40,139,40,45,142,47,48,49,50,35,48,49,54,55,184,41,26,57,60,61,62,63,0,64,66,75,68,65,66,71,200,72,74,75,68,5,78,79,80,89,2,19,84,83,86,84,88,9,26,91,28,93,94,94,96,33,98,107]
CFO=-852.7065477734524,STO=2
EsN0dB=7.16,GRXdB=10,N0=0.003162277629598975
packet_number=1538,correct=False,payload=[0,1,67,3,132,37,6,7,10,9,138,11,4,13,15,15,144,49,18,3,20,5,22,19,8,25,10,27,28,29,222,31,32,33,34,35,6,5,4,39,40,41,42,43,108,45,110,47,176,49,50,99,60,21,22,63,56,61,59,59,30,61,62,55,64,97,98,67,6,13,198,71,76,73,74,75,76,77,78,79,112,65,82,19,20,85,118,87,88,89,89,83,92,93,30,95,96,97,65,99]
CFO=-1296.7913366265836,STO=4
EsN0dB=7.21,GRXdB=10,N0=0.003162277629598975
packet_number=1539,correct=False,payload=[0,5,2,3,4,5,6,7,12,13,14,11,12,141,14,15,16,17,18,19,20,21,22,23,24,217,26,27,28,29,30,31,32,33,50,35,44,37,38,37,40,41,43,43,172,45,38,43,48,49,50,49,52,53,52,54,56,57,58,59,60,57,62,63,64,65,2,67,68,197,70,71,200,73,106,67,108,77,78,79,80,81,82,83,84,87,86,87,88,88,74,91,92,93,94,95,96,97,98,99]
CFO=-967.4099699302961,STO=2
EsN0dB=7.23,GRXdB=10,N0=0.003162277629598975
packet_number=1540,correct=False,payload=[0,17,2,3,0,5,6,7,8,9,6,79,13,13,14,143,16,17,18,19,20,53,22,23,24,25,26,27,28,29,30,31,160,33,34,3,36,33,38,39,40,41,170,43,46,61,46,63,48,49,50,51,36,117,54,55,56,57,58,27,56,15,62,63,64,65,66,67,68,69,230,71,72,205,74,75,76,77,206,79,80,81,82,83,84,85,86,87,72,89,91,75,92,92,94,95,64,97,226,99]
CFO=-780.7557816628206,STO=7
EsN0dB=7.07,GRXdB=10,N0=0.003162277629598975
packet_number=1541,correct=False,payload=[0,1,6,67,0,45,6,7,8,25,26,15,8,13,8,15,80,49,16,18,20,21,22,55,82,57,26,27,28,24,30,31,32,49,34,7,36,101,46,39,40,57,42,43,44,9,46,47,48,49,50,11,52,53,54,39,56,49,58,59,56,57,62,62,64,65,66,70,76,5,70,7,24,67,72,75,76,77,78,203,16,81,210,67,20,85,70,71,216,73,90,91,28,29,94,94,224,97,98,98]
CFO=-1436.1479471376344,STO=7
EsN0dB=7.25,GRXdB=10,N0=0.003162277629598975
packet_number=1542,correct=False,payload=[0,1,2,3,4,1,10,7,8,41,10,27,28,141,14,15,0,17,2,17,16,21,22,23,24,29,26,27,29,157,30,31,32,33,34,35,36,37,60,39,40,43,42,42,60,61,46,47,176,49,50,51,53,37,54,55,56,57,58,63,60,61,46,127,72,65,66,67,64,69,6,70,104,201,74,75,76,73,78,95,80,81,82,83,84,85,198,87,120,89,90,91,216,93,94,95,96,97,34,99]
CFO=-952.6738960858302,STO=3
EsN0dB=7.25,GRXdB=10,N0=0.003162277629598975
packet_number=1543,correct=False,payload=[0,1,2,3,4,5,6,7,8,1,10,11,12,13,10,15,16,17,82,19,20,21,94,23,24,25,26,27,28,29,30,31,32,161,35,43,36,37,54,39,175,41,42,43,46,45,42,47,48,49,58,51,52,53,54,55,56,57,58,63,60,61,62,63,65,65,74,67,68,69,71,71,72,73,74,75,76,77,78,15,88,81,210,83,116,85,86,119,80,81,94,91,92,93,94,95,96,97,98,99]
CFO=-1903.4877514195628,STO=2
EsN0dB=7.21,GRXdB=10,N0=0.003162277629598975
packet_number=1544,correct=False,payload=[0,0,2,3,4,5,22,7,40,13,10,11,142,13,14,15,16,17,18,3,20,21,22,23,24,25,154,27,28,29,30,31,32,33,34,35,100,33,46,35,108,40,106,35,44,45,47,47,48,49,178,19,48,53,54,55,56,57,187,57,60,21,62,63,64,65,66,99,69,69,70,7,108,81,74,79,76,77,78,79,80,81,18,83,84,69,118,87,88,89,26,91,93,93,94,95,96,112,32,99]
CFO=-686.1701125238185,STO=6
EsN0dB=7.38,GRXdB=10,N0=0.003162277629598975
packet_number=1545,correct=False,payload=[1,1,3,23,4,5,6,7,0,9,10,11,28,13,14,7,16,17,18,19,20,21,16,23,24,25,26,27,28,29,30,31,32,35,34,35,36,37,38,38,40,41,42,43,44,45,46,47,48,1,50,49,52,53,54,55,56,57,62,59,60,61,62,62,64,65,66,67,76,69,70,71,8,91,74,75,76,205,14,79,80,81,82,83,84,81,86,87,92,89,90,91,92,93,94,95,96,97,34,99]
CFO=-781.9252143988391,STO=0
EsN0dB=7.44,GRXdB=10,N0=0.003162277629598975
packet_number=1546,correct=False,payload=[0,3,1,3,4,15,6,7,24,25,76,18,8,15,12,15,40,51,54,1,28,4,6,31,56,57,58,27,12,27,30,31,224,98,102,34,36,44,6,71,16,11,42,111,12,44,28,46,36,49,50,98,37,49,54,39,120,120,60,59,120,121,60,191,192,0,6,71,0,72,76,7,136,201,80,19,72,203,78,74,128,19,96,246,117,157,22,118,112,89,94,219,220,57,222,159,64,224,226,99]
CFO=-1326.8924309015877,STO=1
EsN0dB=7.22,GRXdB=10,N0=0.003162277629598975
packet_number=1547,correct=False,payload=[33,176,0,24,48,56,96,8,98,120,192,72,226,240,96,200,240,120,0,145,177,176,225,16,48,120,129,208,241,249,193,201,240,242,98,17,32,16,67,114,96,59,2,80,144,185,193,88,114,251,129,19,129,51,67,25,243,243,129,131,225,211,227,235,225,240,6,20,39,62,68,36,98,118,214,208,21,118,198,214,100,120,166,22,145,27,133,30,229,188,133,151,244,147,193,241,115,246,23,14]
CFO=-1323.2417185061504,STO=6
EsN0dB=7.55,GRXdB=10,N0=0.003162277629598975
packet_number=1548,correct=False,payload=[1,1,2,3,4,5,6,6,8,9,10,11,12,141,14,15,48,17,18,19,20,21,22,23,56,25,26,59,60,29,28,31,32,33,34,35,100,37,38,167,41,45,40,43,40,47,46,47,48,49,50,55,61,53,62,119,56,57,58,59,60,61,62,127,64,65,2,67,68,197,70,103,72,73,74,74,72,79,78,75,64,81,82,83,84,87,86,87,90,91,90,91,94,93,94,79,96,97,98,99]
CFO=-1177.9229220321092,STO=1
EsN0dB=7.23,GRXdB=10,N0=0.003162277629598975
packet_number=1549,correct=False,payload=[48,0,16,33,16,33,9,32,112,64,72,184,144,224,208,112,241,141,1,145,145,64,1,33,185,196,148,129,177,227,224,112,115,3,2,33,25,35,40,98,112,195,195,97,248,99,74,247,249,33,9,19,145,65,1,97,115,131,137,245,155,225,243,227,250,0,2,0,16,68,4,164,122,140,144,176,252,194,214,230,116,134,129,54,95,161,132,102,57,193,148,181,187,193,133,227,250,7,6,35]
CFO=-812.2729543938713,STO=3
EsN0dB=7.44,GRXdB=10,N0=0.003162277629598975
packet_number=1550,correct=False,payload=[0,1,2,3,20,5,6,7,40,9,10,11,12,13,14,15,80,17,18,19,20,21,22,23,24,217,58,27,28,29,22,31,32,33,34,35,164,37,38,39,40,41,42,43,44,45,46,47,48,49,50,115,53,53,54,53,56,57,58,59,60,61,62,63,64,69,66,67,68,69,70,71,72,9,74,75,76,77,198,79,80,81,82,83,84,85,22,87,88,89,90,91,84,93,94,95,96,225,102,99]
CFO=-771.1413417686429,STO=0
EsN0dB=7.16,GRXdB=10,N0=0.003162277629598975
packet_number=1551,correct=False,payload=[2,1,2,7,20,9,14,7,8,25,12,11,12,79,14,27,16,17,162,22,20,61,62,23,24,25,26,27,28,61,62,22,32,5,36,11,0,53,46,38,40,9,42,175,44,46,63,15,32,103,54,51,16,39,54,55,58,57,48,51,56,61,62,62,192,194,130,67,76,101,134,71,64,11,26,67,72,79,222,78,16,201,92,23,68,64,86,103,240,121,56,27,28,113,175,95,224,97,226,227]
CFO=-1156.752774415589,STO=1
EsN0dB=7.23,GRXdB=10,N0=0.003162277629598975
packet_number=1552,correct=False,payload=[156,224,0,32,192,192,128,160,193,227,1,101,19,193,131,33,199,226,2,42,198,104,163,226,192,226,3,39,67,99,131,163,195,196,12,44,68,68,137,224,128,229,193,41,64,229,129,235,207,236,6,102,78,231,134,167,199,239,7,103,111,231,143,167,199,192,8,12,64,113,137,141,200,193,9,57,24,73,153,25,193,98,14,34,106,106,142,151,219,243,143,250,74,123,139,138,203,204,12,38]
CFO=-518.790457218838,STO=6
EsN0dB=7.15,GRXdB=10,N0=0.003162277629598975
packet_number=1553,correct=False,payload=[0,1,2,3,4,5,5,7,8,11,10,11,12,15,14,15,18,17,18,19,20,21,22,23,152,27,26,11,20,13,23,31,32,41,34,99,36,36,38,39,40,11,106,43,44,45,46,15,48,113,50,99,52,53,54,54,56,57,58,59,60,61,62,62,64,65,66,66,68,69,70,71,200,65,74,75,76,77,78,79,80,241,82,83,92,85,86,87,88,89,90,219,220,93,94,95,224,97,98,99]
CFO=-1459.3312218642118,STO=6
EsN0dB=7.42,GRXdB=10,N0=0.003162277629598975
packet_number=1554,correct=False,payload=[0,1,2,3,4,5,142,37,8,9,10,11,12,12,14,31,16,21,146,19,20,21,30,23,24,17,26,27,28,29,62,31,32,33,34,35,36,37,38,39,40,97,42,107,44,45,47,42,48,49,34,51,52,55,54,55,56,57,58,59,62,61,60,63,8,193,70,67,70,69,198,199,72,73,74,75,76,76,78,79,16,81,66,83,80,85,94,87,90,89,90,90,92,77,78,95,96,97,98,99]
CFO=-1286.4294890529166,STO=3
EsN0dB=7.26,GRXdB=10,N0=0.003162277629598975
packet_number=1555,correct=False,payload=[1,1,2,19,4,37,36,13,8,9,10,11,12,15,15,15,16,17,18,19,21,21,22,23,152,25,90,27,28,29,30,31,32,33,34,35,36,37,38,39,72,41,42,47,44,45,46,47,48,48,50,51,60,53,54,53,56,57,58,59,44,61,54,63,64,65,98,83,68,69,6,71,72,89,42,75,12,77,78,71,88,67,82,83,84,85,86,87,88,89,90,91,28,93,94,95,96,97,34,99]
CFO=-706.0572873673357,STO=2
EsN0dB=7.16,GRXdB=10,N0=0.003162277629598975
packet_number=1556,correct=False,payload=[128,65,2,3,4,4,6,135,8,13,10,11,12,141,10,23,0,25,18,27,4,21,22,23,8,9,137,27,28,92,30,31,176,0,34,35,38,37,38,103,32,43,42,41,44,45,174,47,48,16,51,51,60,53,22,53,56,57,58,59,28,61,62,59,192,97,2,67,100,71,70,71,74,65,74,73,76,77,102,79,80,81,114,115,112,69,70,87,72,89,90,91,124,93,30,31,96,97,96,97]
CFO=-1224.9935975840751,STO=0
EsN0dB=7.49,GRXdB=10,N0=0.003162277629598975
packet_number=1557,correct=False,payload=[180,107,194,64,73,129,129,24,65,7,198,4,131,132,195,3,67,3,136,0,0,152,204,3,141,131,132,14,67,133,133,14,199,7,200,8,153,9,200,19,81,9,206,8,128,154,219,2,27,191,216,28,152,156,206,31,79,153,140,12,159,157,222,15,79,157,192,0,117,176,240,1,67,179,148,22,227,149,211,19,103,39,164,32,224,145,182,57,183,7,158,47,236,183,135,7,79,175,216,24]
CFO=-821.7816212196522,STO=5
EsN0dB=7.32,GRXdB=10,N0=0.003162277629598975
packet_number=1558,correct=False,payload=[0,1,2,3,6,5,6,143,8,9,10,11,12,13,14,15,16,17,18,18,20,23,22,23,24,25,27,27,28,29,30,31,32,33,34,35,164,37,38,39,40,169,42,43,44,45,46,47,48,49,50,51,52,53,54,55,56,57,58,59,60,60,62,63,64,65,64,67,68,69,70,71,72,73,74,75,76,79,78,79,64,81,90,83,92,93,86,87,88,73,90,91,124,93,94,95,96,97,106,99]
CFO=-1116.0922788315495,STO=0
EsN0dB=7.37,GRXdB=10,N0=0.003162277629598975
packet_number=1559,correct=False,payload=[1,1,2,7,4,4,6,15,72,9,10,11,13,58,14,15,48,17,54,51,20,21,46,63,56,24,24,31,56,58,157,29,0,3,96,98,100,36,6,71,40,96,76,35,56,93,76,111,32,49,114,38,48,61,62,127,48,113,62,122,120,60,126,59,192,203,196,67,132,7,196,70,136,195,80,79,24,206,222,94,200,209,16,102,92,94,94,30,48,119,126,219,220,191,95,126,97,118,76,231]
CFO=-834.2225854914516,STO=0
EsN0dB=7.10,GRXdB=10,N0=0.003162277629598975
packet_number=1560,correct=False,payload=[0,129,6,23,0,4,134,7,136,9,26,27,12,28,4,15,16,49,130,19,28,31,20,23,28,25,26,51,28,31,62,31,0,0,2,35,36,13,46,103,34,41,56,35,44,45,14,46,50,49,18,52,52,53,118,55,56,57,62,58,56,29,60,44,64,64,66,66,4,7,206,71,8,73,74,218,76,79,30,79,16,81,82,71,20,22,86,103,120,25,94,91,88,125,94,223,96,65,66,99]
CFO=-738.8464642516282,STO=7
EsN0dB=7.32,GRXdB=10,N0=0.003162277629598975
packet_number=1561,correct=False,payload=[0,1,198,7,4,5,6,7,8,73,26,11,8,77,14,15,48,17,18,27,20,21,54,23,24,25,26,19,28,29,60,63,32,33,34,3,32,37,38,55,40,41,106,43,12,41,46,47,48,49,114,115,52,55,55,53,56,57,58,59,56,61,62,47,81,65,66,66,64,69,70,7,104,73,74,75,76,77,207,79,80,81,66,83,148,81,70,87,88,120,90,123,92,93,30,95,96,96,66,99]
CFO=-1179.8525690523109,STO=3
EsN0dB=7.41,GRXdB=10,N0=0.003162277629598975
packet_number=1562,correct=False,payload=[0,0,2,1,4,4,6,7,24,9,138,11,12,13,14,15,16,49,18,19,20,21,22,23,26,25,26,27,28,29,30,31,32,33,34,35,36,37,38,39,40,41,42,43,44,45,46,47,176,49,50,51,54,53,54,55,60,57,58,59,60,61,62,63,64,65,66,67,76,69,70,71,96,73,74,75,76,77,78,79,208,83,82,115,68,85,86,87,72,81,90,91,92,93,94,95,96,33,98,99]
CFO=-929.2251214712032,STO=7
EsN0dB=7.29,GRXdB=10,N0=0.003162277629598975
packet_number=1563,correct=False,payload=[0,1,0,3,4,5,14,7,24,9,18,75,12,12,14,7,56,17,18,19,20,21,22,23,24,25,26,27,28,29,14,27,32,33,32,35,32,37,46,39,41,41,42,107,14,108,46,38,112,49,50,51,52,53,54,55,56,9,58,55,60,61,62,63,72,65,66,3,5,69,70,71,72,73,202,75,76,77,204,79,80,241,66,123,84,85,86,87,88,80,90,91,92,93,94,95,96,97,98,103]
CFO=-1232.3292919004728,STO=7
EsN0dB=7.05,GRXdB=10,N0=0.003162277629598975
packet_number=1564,correct=False,payload=[0,97,2,3,4,5,6,15,8,9,138,10,12,13,14,15,18,85,50,83,20,21,22,23,25,89,58,27,28,61,30,63,32,33,34,35,100,37,38,39,40,41,42,42,44,61,46,47,48,49,51,50,180,61,22,55,56,57,58,57,60,61,62,63,64,65,66,114,68,69,70,70,74,73,66,75,76,204,78,79,80,81,82,115,84,117,86,87,88,89,90,91,76,221,94,95,98,97,162,99]
CFO=-702.5647009659647,STO=0
EsN0dB=7.29,GRXdB=10,N0=0.003162277629598975
packet_number=1565,correct=False,payload=[16,1,2,2,4,11,4,7,136,9,26,43,12,31,14,15,48,19,50,19,20,148,22,22,16,57,26,59,60,61,62,63,32,1,6,99,38,101,102,38,40,59,106,11,44,13,38,63,48,49,54,50,36,49,118,55,56,58,44,59,56,125,60,63,64,1,2,66,6,71,198,7,200,195,74,75,76,93,78,79,80,81,118,3,244,22,22,87,88,209,26,83,220,92,94,31,72,113,66,99]
CFO=-958.5003676129685,STO=4
EsN0dB=7.24,GRXdB=10,N0=0.003162277629598975
packet_number=1566,correct=False,payload=[0,1,2,3,0,1,6,7,8,105,10,11,12,13,6,15,16,17,18,27,20,21,70,23,24,25,26,27,156,29,30,31,32,33,34,35,44,37,42,39,40,105,42,43,44,45,110,47,56,49,50,51,52,53,62,55,56,57,58,185,60,61,30,63,64,65,66,67,68,77,68,71,80,73,74,75,72,77,78,78,80,65,82,19,84,85,86,87,88,89,90,91,92,93,94,95,96,97,98,99]
CFO=-871.7821040445017,STO=5
EsN0dB=7.40,GRXdB=10,N0=0.003162277629598975
packet_number=1567,correct=False,payload=[0,1,2,3,4,5,70,7,8,9,10,11,12,13,14,15,16,17,90,19,20,21,22,7,28,25,154,25,28,29,30,23,32,33,34,35,36,37,38,39,40,40,42,43,44,45,46,47,48,49,50,51,52,53,62,55,56,57,58,59,60,61,62,63,66,65,194,3,68,69,86,71,72,105,74,75,76,77,78,207,80,81,82,87,212,85,86,87,88,89,90,90,92,77,94,95,96,97,98,97]
CFO=-1072.2690262068397,STO=1
EsN0dB=7.17,GRXdB=10,N0=0.003162277629598975
packet_number=1568,correct=False,payload=[194,228,0,32,96,112,144,144,128,113,128,33,0,32,132,208,193,241,1,2,39,33,2,81,97,113,131,129,33,243,193,209,225,232,6,22,70,54,192,84,70,116,6,144,230,112,197,247,224,242,6,39,39,114,67,199,102,99,139,151,103,167,131,147,231,208,12,60,8,36,204,216,236,125,12,176,32,180,192,152,192,224,14,28,33,45,77,85,67,111,129,16,205,231,135,209,101,231,6,52]
CFO=-1050.8306513697892,STO=5
EsN0dB=7.24,GRXdB=10,N0=0.003162277629598975
packet_number=1569,correct=False,payload=[0,1,2,3,4,69,6,15,8,57,10,11,12,13,46,15,16,49,18,3,22,21,22,23,24,25,26,27,60,29,30,159,32,33,32,43,36,53,38,103,32,41,42,43,36,45,46,47,48,48,50,51,52,53,54,55,56,57,58,59,60,61,62,63,64,65,82,67,68,69,70,70,72,73,73,75,76,79,78,79,210,81,82,83,84,85,70,87,88,121,218,27,92,93,94,95,96,65,98,99]
CFO=-1247.2910821526664,STO=1
EsN0dB=7.37,GRXdB=10,N0=0.003162277629598975
packet_number=1570,correct=False,payload=[0,1,2,7,4,5,6,7,8,9,74,11,12,15,14,47,16,17,18,19,20,21,23,23,24,25,26,27,28,5,30,31,32,33,34,35,36,37,38,39,40,41,42,43,44,45,46,15,48,49,50,50,52,53,54,55,56,57,122,27,60,61,62,47,64,1,66,67,68,69,86,71,64,73,74,75,76,77,78,79,80,81,90,83,84,85,86,23,88,89,74,91,92,28,94,239,96,97,34,99]
CFO=-811.1312693013559,STO=2
EsN0dB=7.25,GRXdB=10,N0=0.003162277629598975
packet_number=1571,correct=False,payload=[0,33,130,131,12,5,6,39,0,9,10,15,12,13,14,15,18,17,18,19,20,21,26,23,56,28,24,155,30,29,26,31,0,32,162,35,38,49,36,39,60,45,40,43,46,45,42,47,176,48,50,51,52,176,54,55,184,57,26,59,60,29,62,31,96,73,193,83,100,69,38,7,72,77,74,67,12,69,78,79,80,81,26,83,20,85,86,223,88,89,88,91,92,93,92,95,96,97,3,99]
CFO=-1079.5721111131375,STO=6
EsN0dB=7.14,GRXdB=10,N0=0.003162277629598975
packet_number=1572,correct=False,payload=[0,1,2,3,4,5,6,7,8,9,11,11,12,13,14,159,20,17,18,19,20,21,22,87,24,25,26,27,28,13,30,30,32,33,34,35,36,4,38,39,40,43,42,43,44,45,46,47,48,49,18,51,52,53,54,55,120,57,58,123,45,61,62,63,64,69,66,67,68,69,70,71,72,73,106,67,76,93,78,79,80,81,210,83,84,85,86,83,88,89,122,83,94,85,94,95,96,99,98,99]
CFO=-818.6929171848274,STO=4
EsN0dB=7.31,GRXdB=10,N0=0.003162277629598975
packet_number=1573,correct=False,payload=[0,1,2,3,4,5,6,7,8,9,11,11,12,13,110,15,16,17,2,147,20,21,22,31,88,25,26,27,60,31,30,31,33,33,34,35,36,53,38,39,40,41,42,59,44,45,46,47,48,49,50,51,52,53,52,53,56,57,58,59,60,53,62,63,64,65,66,67,68,69,70,71,72,73,74,67,76,73,78,79,80,81,82,81,84,85,86,95,88,73,82,91,92,93,126,95,96,97,115,99]
CFO=-1227.807848965532,STO=7
EsN0dB=7.16,GRXdB=10,N0=0.003162277629598975
packet_number=1574,correct=False,payload=[0,129,2,3,68,5,6,6,152,9,74,11,12,15,14,15,16,19,2,147,28,21,22,23,56,25,26,91,28,29,30,31,32,33,38,39,4,37,118,39,40,41,42,43,44,61,62,47,112,48,50,51,53,53,182,39,56,57,122,59,60,61,62,63,64,1,66,71,68,69,70,71,88,121,72,91,76,77,79,79,64,82,66,83,80,73,114,71,88,153,90,223,92,93,94,95,96,97,98,103]
CFO=-609.4894404129528,STO=1
EsN0dB=7.44,GRXdB=10,N0=0.003162277629598975
packet_number=1575,correct=False,payload=[7,108,55,0,1,0,1,4,5,131,7,128,9,0,9,12,13,142,7,8,24,27,1,0,5,147,31,12,24,8,27,172,12,158,31,48,65,34,131,38,99,23,3,180,4,154,33,182,54,31,15,48,49,49,56,22,60,63,19,152,61,62,63,62,53,31,23,96,1,1,67,6,0,67,67,220,72,168,75,102,6,135,79,72,112,194,33,0,81,55,15,72,92,122,57,126,125,30,127,96]
CFO=-1148.2217969944395,STO=5
EsN0dB=7.35,GRXdB=10,N0=0.003162277629598975
packet_number=1576,correct=False,payload=[0,1,2,1,4,5,6,7,8,9,11,11,12,13,14,15,16,17,18,18,20,21,22,23,24,25,26,27,12,29,30,31,32,129,34,35,36,37,38,39,40,41,10,43,172,45,46,47,48,49,114,51,52,53,54,55,56,57,58,51,60,61,62,63,64,65,66,67,102,229,70,71,9,5,74,75,92,77,78,79,81,81,82,83,84,85,86,119,88,89,26,91,92,89,94,95,100,241,98,99]
CFO=-1171.8040923209662,STO=2
EsN0dB=7.32,GRXdB=10,N0=0.003162277629598975
packet_number=1577,correct=False,payload=[132,17,2,35,4,5,6,7,8,25,11,3,12,13,142,7,52,17,146,3,20,6,30,215,152,25,90,31,28,31,14,15,32,49,50,35,36,37,2,39,40,41,106,171,44,45,142,11,48,57,16,49,52,21,62,55,184,57,58,59,60,63,30,63,66,1,66,67,64,65,102,71,108,65,202,83,236,77,78,15,80,81,115,83,64,81,86,183,88,76,123,91,92,93,30,95,224,33,96,35]
CFO=-995.984469493933,STO=0
EsN0dB=7.18,GRXdB=10,N0=0.003162277629598975
packet_number=1578,correct=False,payload=[4,0,4,3,8,38,14,70,0,26,10,2,28,44,14,15,32,17,18,51,28,35,6,39,24,48,54,22,8,62,30,31,32,35,2,162,76,103,14,39,48,45,48,90,92,76,62,31,96,34,96,35,56,189,102,111,120,56,126,51,108,117,60,63,0,193,130,199,12,197,12,22,8,89,200,66,8,91,156,223,148,67,5,167,244,101,245,143,248,217,144,251,92,8,254,158,64,96,64,67]
CFO=-1077.3970041696384,STO=0
EsN0dB=7.24,GRXdB=10,N0=0.003162277629598975
packet_number=1579,correct=False,payload=[0,3,66,3,4,5,6,15,0,41,10,22,28,8,30,15,48,32,16,51,0,21,12,23,24,49,62,27,40,31,92,31,32,1,102,35,32,6,46,110,88,56,0,35,232,111,78,126,112,49,114,98,52,55,124,23,56,113,50,59,56,127,125,63,18,193,74,130,204,4,7,6,72,73,2,194,76,73,78,159,112,195,36,23,20,123,156,87,56,94,90,191,120,221,30,158,192,65,226,231]
CFO=-1015.8347067692825,STO=4
EsN0dB=7.27,GRXdB=10,N0=0.003162277629598975
packet_number=1580,correct=False,payload=[0,1,0,3,4,5,6,39,72,9,75,11,12,13,111,15,16,49,82,19,20,21,22,23,24,25,26,27,28,29,30,31,36,49,34,35,36,39,38,39,40,41,42,43,44,45,46,47,48,33,18,51,52,53,50,23,56,57,58,59,60,61,62,63,64,65,66,67,69,69,70,95,72,73,74,75,76,205,78,79,80,81,82,81,84,85,118,87,88,89,94,219,92,93,126,95,96,97,231,99]
CFO=-998.0373207944757,STO=7
EsN0dB=7.30,GRXdB=10,N0=0.003162277629598975
packet_number=1581,correct=False,payload=[0,1,66,3,4,69,6,7,8,25,10,10,12,13,14,15,81,89,18,19,20,53,22,23,24,25,28,27,29,29,30,31,32,33,34,51,100,45,39,47,40,41,42,43,44,41,47,47,48,51,114,179,52,53,62,55,120,57,122,59,60,59,62,63,80,65,70,67,196,69,70,7,104,73,74,75,68,76,78,79,80,81,82,91,84,85,86,87,88,25,90,91,28,93,94,63,224,97,98,97]
CFO=-1310.7646467238949,STO=3
EsN0dB=7.30,GRXdB=10,N0=0.003162277629598975
packet_number=1582,correct=False,payload=[0,1,194,3,4,5,6,3,8,41,10,3,13,13,10,15,16,17,18,23,20,21,22,23,24,25,10,27,28,29,30,31,36,33,34,35,36,37,38,39,40,41,42,43,60,45,46,47,176,49,50,51,52,21,54,55,56,57,56,59,60,125,62,191,64,65,66,67,84,69,70,71,72,73,74,75,76,79,78,79,80,81,82,81,80,85,86,213,88,89,94,91,92,93,94,95,96,97,226,99]
CFO=-987.1412717935359,STO=4
EsN0dB=7.50,GRXdB=10,N0=0.003162277629598975
packet_number=1583,correct=False,payload=[0,1,34,3,4,5,6,6,8,13,10,11,12,13,14,15,16,17,18,19,20,20,22,23,24,25,26,27,28,29,31,191,32,33,34,35,36,5,46,39,40,169,42,42,46,45,46,43,48,49,50,51,52,117,118,51,56,57,58,59,28,61,62,63,64,65,65,67,68,69,70,7,74,73,10,75,12,77,78,79,81,81,82,83,84,85,86,87,88,93,90,91,92,93,95,95,240,97,98,99]
CFO=-752.9269703734134,STO=0
EsN0dB=7.51,GRXdB=10,N0=0.003162277629598975
packet_number=1584,correct=False,payload=[100,137,0,0,8,12,0,148,48,60,96,164,16,40,32,116,58,44,192,68,192,152,228,36,120,88,96,104,120,76,208,108,122,120,1,9,8,12,17,132,184,29,160,173,201,156,161,117,56,188,192,136,208,136,176,172,224,248,193,192,224,248,240,225,249,254,2,13,11,30,49,23,16,30,97,65,33,93,49,62,49,56,73,5,138,91,35,35,89,26,66,70,98,110,98,241,112,127,131,141]
CFO=-1415.0849955455885,STO=4
EsN0dB=7.19,GRXdB=10,N0=0.003162277629598975
packet_number=1585,correct=False,payload=[0,1,2,11,4,5,6,6,8,9,10,11,12,13,14,15,16,17,18,19,20,21,22,23,24,25,26,27,28,29,30,31,36,33,34,35,36,37,39,39,40,41,42,171,44,45,46,47,48,49,50,51,52,189,54,55,56,57,58,59,60,61,58,63,0,67,66,67,68,69,70,71,72,73,74,203,76,77,78,79,80,81,82,83,84,117,86,87,88,89,91,91,92,93,94,207,96,97,98,225]
CFO=-750.6777511342327,STO=2
EsN0dB=7.34,GRXdB=10,N0=0.003162277629598975
packet_number=1586,correct=False,payload=[128,65,128,3,4,21,70,7,24,73,10,11,8,13,14,13,16,17,18,19,20,21,22,23,16,25,26,27,28,29,30,23,32,33,34,35,36,53,38,39,44,41,42,11,4,45,46,47,48,53,50,51,52,117,54,55,40,49,58,58,52,61,62,55,65,65,66,195,68,197,70,71,72,73,74,74,76,77,78,207,80,209,82,83,84,84,86,87,72,89,94,75,92,93,92,95,96,97,98,99]
CFO=-1034.9846124953597,STO=5
EsN0dB=7.09,GRXdB=10,N0=0.003162277629598975
packet_number=1587,correct=False,payload=[0,17,2,3,4,5,6,7,8,9,138,11,13,13,14,15,16,17,18,19,20,21,22,23,24,25,58,27,28,28,30,28,0,33,50,35,36,41,38,39,40,43,42,42,44,45,46,47,48,177,50,51,52,117,54,55,60,57,58,59,60,189,62,63,64,65,66,67,68,69,70,70,200,73,74,75,108,77,78,79,64,80,86,83,70,117,86,87,88,89,90,91,220,109,30,95,96,97,98,115]
CFO=-1046.3258095890812,STO=1
EsN0dB=7.23,GRXdB=10,N0=0.003162277629598975
packet_number=1588,correct=False,payload=[0,1,64,3,6,3,70,7,0,12,6,33,140,143,6,7,8,17,9,17,0,28,22,23,24,29,140,21,28,61,15,31,0,49,51,1,38,180,38,39,32,9,34,39,62,45,166,47,56,25,19,51,31,31,54,51,156,57,30,31,29,61,94,63,128,33,162,7,128,68,135,3,88,64,72,27,108,37,199,79,72,89,48,83,28,85,223,87,220,93,10,91,92,125,127,79,160,105,112,119]
CFO=-647.5710652666205,STO=0
EsN0dB=7.25,GRXdB=10,N0=0.003162277629598975
packet_number=1589,correct=False,payload=[2,1,2,35,4,7,7,7,8,9,10,11,44,13,14,15,48,145,22,3,4,21,30,21,16,89,26,27,24,29,30,31,96,97,34,35,36,45,38,39,8,41,42,43,44,61,44,47,32,49,50,51,52,53,52,55,56,57,58,59,60,61,28,127,64,64,66,67,68,85,70,71,72,73,74,75,76,73,78,95,80,17,211,83,84,93,94,215,88,89,90,91,92,28,94,31,98,99,98,99]
CFO=-1394.9921442590958,STO=4
EsN0dB=7.43,GRXdB=10,N0=0.003162277629598975
packet_number=1590,correct=False,payload=[0,1,2,3,4,5,22,39,8,9,10,11,12,13,6,15,16,17,18,19,20,21,6,55,24,25,26,27,92,29,30,31,32,35,38,35,36,37,102,39,8,9,42,43,44,37,46,47,48,49,50,51,244,181,180,119,56,57,58,59,60,61,62,63,64,65,66,67,68,69,70,71,72,73,202,75,76,109,78,79,80,81,114,83,85,21,86,87,88,89,26,91,92,92,94,95,96,225,98,99]
CFO=-1023.2359756448992,STO=6
EsN0dB=7.20,GRXdB=10,N0=0.003162277629598975
packet_number=1591,correct=False,payload=[0,1,2,3,4,5,6,7,24,9,10,11,12,13,14,15,16,17,18,19,20,21,22,23,24,25,26,27,30,29,30,31,32,33,34,35,36,37,38,39,40,41,42,43,44,45,42,47,48,49,82,51,52,53,38,55,60,59,58,55,61,61,62,63,64,65,66,67,68,69,70,71,72,89,74,75,76,79,78,79,16,81,86,83,84,85,86,95,88,217,26,91,92,92,94,95,96,97,98,99]
CFO=-1062.2119283930153,STO=3
EsN0dB=7.23,GRXdB=10,N0=0.003162277629598975
packet_number=1592,correct=False,payload=[0,1,2,3,4,13,6,7,8,13,66,11,4,13,14,13,16,24,18,3,20,21,22,23,24,153,26,27,28,29,158,31,0,1,35,35,36,37,38,39,40,9,42,43,44,44,46,47,48,49,50,51,52,53,54,55,56,57,58,59,20,61,62,63,64,97,66,71,68,69,70,71,104,73,67,74,76,79,78,75,84,81,18,83,116,21,86,87,88,81,90,91,92,125,95,95,104,97,98,115]
CFO=-583.4208850807375,STO=4
EsN0dB=7.31,GRXdB=10,N0=0.003162277629598975
packet_number=1593,correct=False,payload=[32,1,2,3,4,5,6,23,8,9,72,9,12,13,14,15,16,17,18,19,20,21,20,23,24,25,27,27,28,29,26,31,32,33,34,35,36,49,38,39,8,43,43,47,44,47,46,47,48,49,50,51,52,55,50,55,56,57,58,27,60,29,190,63,64,65,2,67,68,69,70,71,72,73,72,75,76,77,78,79,80,81,82,19,86,21,22,87,88,89,122,91,92,93,94,95,96,105,98,103]
CFO=-1528.186762057999,STO=6
EsN0dB=7.31,GRXdB=10,N0=0.003162277629598975
packet_number=1594,correct=False,payload=[128,1,2,3,6,5,6,70,8,9,10,11,140,13,142,15,16,19,82,19,20,21,7,21,24,57,26,27,28,29,30,15,32,161,34,35,36,37,38,39,42,33,42,59,44,45,110,47,48,49,34,51,36,53,54,55,56,121,58,59,188,61,62,47,64,64,66,67,68,85,198,71,72,73,74,75,76,76,78,73,80,81,82,83,80,213,86,87,88,73,90,91,92,93,94,223,96,97,102,99]
CFO=-896.3375234582458,STO=1
EsN0dB=7.15,GRXdB=10,N0=0.003162277629598975
packet_number=1595,correct=False,payload=[225,139,112,4,8,16,16,32,56,112,112,128,16,48,84,192,124,160,241,1,9,128,48,129,241,208,48,193,129,129,153,192,232,225,243,0,0,34,58,1,10,97,114,2,210,147,179,226,146,98,241,129,9,147,51,227,129,113,113,195,153,163,177,233,193,241,246,134,20,50,60,98,22,96,116,70,150,212,190,230,252,240,183,4,29,52,188,1,99,176,248,133,201,183,189,230,210,230,190,18]
CFO=-954.9403686674455,STO=1
EsN0dB=7.15,GRXdB=10,N0=0.003162277629598975
packet_number=1596,correct=False,payload=[120,191,128,9,160,3,134,4,6,7,0,8,2,3,134,68,143,15,24,9,147,17,156,12,55,23,24,25,30,27,156,13,206,31,160,33,178,35,52,33,38,39,36,56,40,35,142,37,247,47,48,17,50,59,52,52,22,51,40,120,154,63,150,63,47,63,64,64,3,73,196,68,99,99,108,73,2,15,78,108,238,71,80,17,64,83,16,85,86,87,88,88,90,75,26,31,223,111,96,96]
CFO=-1339.6073735080624,STO=6
EsN0dB=7.22,GRXdB=10,N0=0.003162277629598975
packet_number=1597,correct=False,payload=[0,1,2,3,4,5,6,131,8,9,26,11,12,13,14,15,18,17,18,19,20,21,18,23,24,25,26,27,28,21,30,15,32,33,34,35,52,37,38,39,40,41,42,43,44,45,46,47,49,49,50,51,180,53,38,55,56,57,58,27,60,29,54,63,64,1,66,67,68,69,70,71,72,73,74,75,76,77,78,79,80,81,18,71,84,85,86,215,88,89,90,91,92,93,94,95,97,97,98,99]
CFO=-1223.1230032410724,STO=2
EsN0dB=6.30,GRXdB=10,N0=0.003981071524322033
packet_number=1598,correct=False,payload=[0,9,6,9,132,21,7,7,0,9,8,3,13,13,10,15,16,0,18,19,80,21,28,17,72,27,26,15,28,29,158,31,32,50,35,35,50,5,52,39,136,49,34,43,60,5,166,63,24,48,50,51,182,20,138,55,56,53,250,27,62,29,190,61,64,65,66,97,132,69,70,71,96,77,42,75,76,76,79,79,112,81,114,123,84,95,71,95,216,77,90,95,76,93,126,63,98,99,96,35]
CFO=-1473.0594277772452,STO=4
EsN0dB=6.12,GRXdB=10,N0=0.003981071524322033
packet_number=1599,correct=False,payload=[0,5,2,3,4,137,4,7,14,1,10,11,76,13,12,15,152,17,82,17,20,21,18,31,24,25,24,27,28,157,30,23,32,33,34,35,36,37,182,39,40,59,42,43,44,45,46,47,48,53,54,51,52,181,22,55,56,57,58,59,188,189,22,47,64,65,66,67,68,69,199,71,72,233,74,77,76,77,78,77,81,81,82,83,86,85,86,87,88,81,90,115,84,92,94,95,104,97,98,99]
CFO=-386.1279953478468,STO=7
EsN0dB=6.24,GRXdB=10,N0=0.003981071524322033
packet_number=1600,correct=False,payload=[0,1,2,3,4,21,6,15,8,9,10,43,140,9,14,15,80,17,18,19,20,21,22,23,24,25,26,27,28,29,14,31,32,33,98,3,52,5,38,34,104,57,40,43,36,45,46,47,48,49,50,51,52,53,54,55,56,185,58,57,124,61,62,63,64,3,66,83,68,69,70,71,72,73,74,75,76,77,78,79,112,80,67,119,84,85,86,119,90,93,91,89,92,93,95,95,96,99,98,115]
CFO=-1411.8188370299838,STO=6
EsN0dB=6.31,GRXdB=10,N0=0.003981071524322033
packet_number=1601,correct=False,payload=[128,1,2,10,4,1,6,7,8,45,27,9,29,13,12,15,16,1,18,19,20,21,22,23,24,25,26,27,29,29,30,31,40,33,34,35,52,173,38,47,40,105,42,27,36,45,172,47,48,177,50,19,116,53,55,39,48,56,58,59,60,45,62,63,96,65,82,99,68,69,134,103,72,105,74,75,76,77,12,79,80,81,82,209,116,85,86,95,88,91,90,83,28,85,222,95,32,225,98,99]
CFO=-1194.161341044795,STO=1
EsN0dB=6.12,GRXdB=10,N0=0.003981071524322033
packet_number=1602,correct=False,payload=[154,253,0,0,24,12,16,0,200,10,32,48,49,36,16,4,24,60,32,68,72,76,8,92,72,76,96,48,112,36,48,246,52,92,0,146,12,142,144,212,136,158,228,160,168,46,176,222,184,220,192,68,236,100,208,192,208,220,224,228,232,108,112,245,176,253,0,0,8,12,17,17,25,61,33,21,109,62,145,45,57,61,64,37,73,76,1,17,92,222,225,101,97,105,120,159,121,249,128,65]
CFO=-838.0390129800327,STO=7
EsN0dB=6.38,GRXdB=10,N0=0.003981071524322033
packet_number=1603,correct=False,payload=[4,5,2,3,4,5,68,7,24,43,10,11,12,15,14,23,24,145,50,19,4,6,54,23,56,24,92,27,30,28,30,31,0,163,34,103,36,37,6,39,104,9,42,43,44,47,38,45,48,48,50,51,20,55,38,55,60,57,58,59,28,57,58,63,64,193,72,71,96,76,199,199,76,201,74,91,92,13,78,79,80,17,82,115,84,85,215,87,88,89,90,91,76,93,94,223,112,97,226,111]
CFO=-1040.5700708369413,STO=3
EsN0dB=6.19,GRXdB=10,N0=0.003981071524322033
packet_number=1604,correct=False,payload=[10,1,2,3,0,5,6,133,8,9,10,11,12,15,14,15,18,21,18,18,148,5,50,23,24,25,26,26,28,29,30,31,32,33,34,35,37,37,38,39,40,41,42,42,44,101,102,175,48,49,50,51,52,151,54,55,56,57,30,59,60,45,14,63,64,65,66,99,68,65,70,71,88,75,74,79,76,77,78,79,64,208,82,82,84,93,85,119,88,89,210,91,93,157,126,127,112,113,96,103]
CFO=-1532.8858373432292,STO=0
EsN0dB=6.45,GRXdB=10,N0=0.003981071524322033
packet_number=1605,correct=False,payload=[8,3,2,2,4,1,14,6,0,26,154,11,12,29,6,15,16,27,22,55,36,5,14,23,24,28,40,18,28,29,30,30,32,65,98,34,36,5,38,103,16,41,46,67,44,40,62,63,50,49,50,187,36,53,126,55,56,56,122,63,60,57,62,59,68,65,210,67,12,5,199,71,88,73,94,67,8,73,78,203,96,107,100,82,148,244,6,87,80,121,90,219,252,193,28,94,192,227,226,231]
CFO=-969.0844927838436,STO=2
EsN0dB=6.39,GRXdB=10,N0=0.003981071524322033
packet_number=1606,correct=False,payload=[16,9,2,135,44,139,20,19,16,9,16,27,12,29,27,7,0,48,18,22,8,21,46,30,48,81,30,51,26,30,158,63,224,3,32,238,196,42,78,7,98,80,38,34,204,60,136,63,32,48,98,55,96,53,118,103,48,58,18,246,124,185,119,63,129,64,0,135,196,132,78,215,88,207,128,2,72,95,222,29,240,80,212,6,212,127,102,223,248,241,88,90,28,56,125,59,64,193,102,225]
CFO=-1021.1166011477527,STO=5
EsN0dB=6.15,GRXdB=10,N0=0.003981071524322033
packet_number=1607,correct=False,payload=[0,65,2,3,20,5,6,7,8,9,10,137,12,13,46,15,16,17,22,19,20,21,22,87,24,25,26,26,92,29,28,31,32,33,34,34,36,37,46,39,168,41,42,43,44,9,62,175,48,177,50,50,52,21,55,55,48,57,58,59,120,61,62,63,192,65,66,67,68,69,70,71,72,73,76,11,76,77,79,79,80,81,86,83,84,85,86,215,88,25,123,91,93,93,90,127,40,97,98,115]
CFO=-872.8335500057951,STO=2
EsN0dB=6.11,GRXdB=10,N0=0.003981071524322033
packet_number=1608,correct=False,payload=[1,32,2,3,132,5,7,3,141,8,3,11,12,13,10,23,130,17,19,3,154,20,22,23,56,25,8,27,156,29,62,63,32,97,178,3,36,101,102,55,8,41,98,43,44,111,14,47,112,49,48,51,52,49,50,31,184,57,60,59,188,61,126,63,66,233,66,67,84,101,222,87,68,65,74,67,76,93,78,95,208,81,81,65,150,85,86,87,120,89,222,83,60,109,78,31,100,96,112,107]
CFO=-1151.0470762854936,STO=4
EsN0dB=6.31,GRXdB=10,N0=0.003981071524322033
packet_number=1609,correct=False,payload=[16,1,0,3,4,69,6,7,136,9,10,11,14,13,14,15,8,81,19,19,20,21,22,55,24,25,26,27,29,29,26,19,32,33,34,35,37,45,38,39,40,41,42,43,56,45,62,47,48,49,58,83,52,53,118,55,184,57,58,59,124,61,56,63,66,65,66,67,84,69,70,103,72,75,66,75,76,77,78,207,81,87,82,83,92,85,86,151,88,89,90,91,94,93,94,127,84,97,110,99]
CFO=-731.4127045455848,STO=4
EsN0dB=6.36,GRXdB=10,N0=0.003981071524322033
packet_number=1610,correct=False,payload=[18,1,2,129,4,5,22,7,8,9,10,27,12,13,14,15,20,19,90,19,28,21,6,23,24,25,26,27,92,63,30,31,32,33,35,33,108,37,36,38,40,41,42,63,44,45,174,47,48,57,34,53,52,21,52,55,40,57,58,63,60,60,60,51,64,81,67,67,68,69,6,71,106,73,106,75,76,69,70,79,96,81,82,51,149,117,94,95,72,89,90,91,92,93,86,93,96,33,226,99]
CFO=-1035.984950617551,STO=0
EsN0dB=6.13,GRXdB=10,N0=0.003981071524322033
packet_number=1611,correct=False,payload=[0,3,6,3,12,4,4,7,72,13,14,139,28,45,14,13,16,16,146,3,36,7,52,55,25,25,146,27,16,60,62,31,112,33,226,115,164,103,102,47,40,43,114,39,44,12,104,46,56,113,162,55,52,55,58,63,56,48,126,59,60,255,62,63,192,194,38,67,68,71,70,71,72,81,78,75,78,205,78,142,80,96,210,33,213,6,71,71,88,88,58,123,92,204,92,95,96,96,102,67]
CFO=-1273.1837838296885,STO=5
EsN0dB=6.28,GRXdB=10,N0=0.003981071524322033
packet_number=1612,correct=False,payload=[0,1,2,19,4,5,6,7,41,9,10,11,44,13,14,15,48,17,18,19,20,21,22,23,24,24,122,27,28,29,30,31,0,161,34,35,52,37,46,37,40,105,42,43,44,169,46,47,48,49,50,50,180,53,118,55,56,57,48,187,60,61,62,63,0,65,66,67,68,69,6,75,72,73,74,75,72,205,70,79,80,81,82,83,84,85,86,87,216,89,90,91,92,93,78,87,32,97,98,99]
CFO=-1013.99826337213,STO=6
EsN0dB=6.03,GRXdB=10,N0=0.003981071524322033
packet_number=1613,correct=False,payload=[136,1,50,2,4,5,6,7,8,9,74,11,40,13,10,15,16,1,18,147,20,53,22,87,16,153,26,27,24,29,28,223,48,161,32,35,36,5,38,39,232,41,42,11,44,61,42,47,32,49,56,51,52,53,51,55,48,57,58,59,60,61,62,159,64,65,66,67,68,69,70,71,74,73,72,75,76,205,78,207,82,81,82,83,84,85,119,87,90,120,90,217,93,93,94,91,96,97,66,83]
CFO=-793.5084326053383,STO=2
EsN0dB=6.28,GRXdB=10,N0=0.003981071524322033
packet_number=1614,correct=False,payload=[0,1,130,3,16,5,134,71,136,9,10,11,12,45,14,79,48,17,22,27,28,21,30,31,28,25,154,11,156,124,14,31,160,33,178,35,38,37,7,7,32,41,58,43,60,47,110,79,48,147,50,49,52,53,52,119,152,24,58,47,58,61,62,63,64,65,67,67,4,69,82,71,78,12,74,75,204,76,78,79,208,64,82,107,20,85,86,126,28,9,92,91,94,92,78,95,68,97,226,99]
CFO=-1001.0072672867004,STO=5
EsN0dB=6.17,GRXdB=10,N0=0.003981071524322033
packet_number=1615,correct=False,payload=[0,1,18,83,4,13,6,7,8,9,14,11,12,141,12,15,48,49,18,18,20,21,22,23,28,17,18,27,29,93,30,31,32,33,18,3,36,37,38,39,40,41,42,43,110,45,46,111,48,49,18,51,52,52,118,119,56,57,186,59,60,61,62,63,192,65,66,99,69,69,82,79,72,73,74,75,76,77,110,111,80,193,82,83,84,85,214,215,88,89,90,91,92,89,94,95,98,97,98,99]
CFO=-781.3056356069412,STO=2
EsN0dB=6.24,GRXdB=10,N0=0.003981071524322033
packet_number=1616,correct=False,payload=[0,25,34,129,4,4,150,7,8,9,15,11,76,13,14,15,16,49,145,25,20,21,214,167,24,25,24,153,28,29,31,159,32,33,34,51,38,101,38,47,41,41,42,43,44,46,46,47,177,49,18,51,52,5,54,54,62,184,24,59,61,62,62,62,64,97,2,67,68,70,198,71,88,73,74,91,76,76,15,79,208,81,18,19,84,93,86,87,92,121,90,123,92,93,94,95,112,97,98,99]
CFO=-1200.0606797810474,STO=4
EsN0dB=6.05,GRXdB=10,N0=0.003981071524322033
packet_number=1617,correct=False,payload=[0,9,66,3,4,1,6,7,136,25,14,139,12,9,14,15,56,17,18,19,20,21,23,159,24,153,28,59,28,9,30,31,96,33,32,35,36,37,46,39,41,45,58,43,44,53,42,39,176,51,50,51,52,21,52,55,176,57,62,27,180,61,62,63,64,65,66,67,68,69,70,135,73,73,10,91,8,77,78,79,64,81,64,82,84,85,86,87,120,88,18,73,220,93,94,87,112,97,98,99]
CFO=-1543.2910850772473,STO=3
EsN0dB=6.50,GRXdB=10,N0=0.003981071524322033
packet_number=1618,correct=False,payload=[197,53,193,4,64,128,225,1,65,136,194,2,66,131,195,2,65,131,196,4,196,132,197,1,69,133,202,7,70,135,67,75,103,199,232,8,8,136,201,72,73,137,218,26,74,138,203,11,75,137,204,14,76,140,205,13,77,207,206,14,78,174,207,15,79,143,208,16,80,132,121,17,81,145,210,18,82,146,211,18,87,147,212,20,84,148,213,21,69,148,242,22,86,150,247,21,82,151,248,24]
CFO=-960.5069135511693,STO=1
EsN0dB=6.26,GRXdB=10,N0=0.003981071524322033
packet_number=1619,correct=False,payload=[130,1,138,3,4,34,134,2,132,1,15,11,12,10,6,6,16,25,16,11,6,24,30,31,8,29,11,139,12,13,158,31,16,49,34,33,38,33,38,35,32,177,3,39,140,15,152,63,24,39,48,59,52,53,59,51,56,121,63,21,60,62,15,63,64,65,96,67,84,69,66,39,200,101,78,71,76,76,230,111,64,65,27,17,22,207,71,23,88,92,123,91,156,63,206,127,96,97,32,99]
CFO=-905.9713511289737,STO=6
EsN0dB=6.27,GRXdB=10,N0=0.003981071524322033
packet_number=1620,correct=False,payload=[0,9,66,3,5,5,2,7,0,9,10,11,12,12,14,15,16,17,18,51,20,53,22,23,8,25,26,26,28,28,30,31,36,97,98,51,36,37,38,6,40,43,42,123,44,45,62,47,48,49,50,35,52,53,62,55,56,56,58,27,124,61,63,62,192,65,18,65,68,69,198,87,232,73,74,75,76,77,78,79,64,105,82,81,84,85,118,79,90,26,66,91,120,93,94,30,68,99,98,99]
CFO=-1406.0782764759997,STO=2
EsN0dB=6.42,GRXdB=10,N0=0.003981071524322033
packet_number=1621,correct=False,payload=[0,1,34,1,6,5,39,7,8,9,142,15,141,9,158,15,0,25,131,19,20,60,150,151,24,29,141,11,140,28,30,29,32,17,32,49,32,37,39,23,40,5,136,13,174,4,63,167,16,16,26,51,52,62,182,19,60,57,186,27,60,61,63,63,192,32,198,67,230,7,7,67,32,69,74,107,76,77,11,78,18,121,118,67,204,16,195,23,88,89,170,122,252,76,158,79,112,114,97,97]
CFO=-446.9933407196133,STO=4
EsN0dB=6.45,GRXdB=10,N0=0.003981071524322033
packet_number=1622,correct=False,payload=[0,1,6,7,68,5,150,7,8,9,10,11,12,13,14,15,48,17,144,17,28,21,20,23,24,25,26,139,28,29,30,31,160,37,34,51,38,37,38,167,40,43,42,43,12,41,46,111,48,49,50,35,20,181,62,55,56,57,27,59,30,45,62,15,88,65,66,67,64,69,6,71,72,77,74,75,92,205,76,79,112,81,80,19,84,85,86,87,88,217,90,91,92,77,94,91,96,97,98,99]
CFO=-981.8344756837168,STO=1
EsN0dB=6.33,GRXdB=10,N0=0.003981071524322033
packet_number=1623,correct=False,payload=[64,3,0,3,8,8,12,151,88,146,86,142,25,27,30,14,32,32,4,196,13,40,34,143,56,114,22,190,52,26,60,24,64,2,114,79,108,84,76,78,64,82,66,127,44,94,30,126,96,114,96,38,109,110,108,62,32,114,120,114,60,121,60,126,0,128,130,134,8,64,132,76,192,209,106,146,8,31,92,206,48,128,132,182,220,170,180,174,49,176,181,182,60,251,125,95,64,193,196,195]
CFO=-1687.2258196069763,STO=0
EsN0dB=6.63,GRXdB=10,N0=0.003981071524322033
packet_number=1624,correct=False,payload=[162,92,2,36,24,200,16,28,24,28,32,32,40,68,48,4,56,61,68,69,72,206,208,212,216,28,224,100,96,108,112,64,121,120,193,140,200,140,144,140,152,156,2,224,184,173,183,117,184,188,192,197,200,205,208,212,242,220,225,132,232,188,240,236,240,247,1,5,1,29,21,80,25,21,33,41,41,47,50,53,57,255,67,128,83,77,17,79,11,91,33,101,105,125,115,116,248,123,129,141]
CFO=-736.963300463278,STO=4
EsN0dB=6.27,GRXdB=10,N0=0.003981071524322033
packet_number=1625,correct=False,payload=[0,65,0,7,0,14,7,7,8,9,27,14,12,21,14,31,16,17,50,16,4,17,55,5,0,17,18,51,28,30,30,31,32,41,32,67,164,55,38,38,41,41,34,107,24,109,62,15,16,113,98,51,184,49,43,55,56,56,62,183,108,61,62,44,64,64,2,131,36,67,78,31,196,129,98,75,192,77,76,79,72,81,155,82,68,87,198,86,24,89,90,255,92,217,222,95,96,193,226,67]
CFO=-1204.1134958479345,STO=2
EsN0dB=6.16,GRXdB=10,N0=0.003981071524322033
packet_number=1626,correct=False,payload=[0,1,2,11,4,7,6,7,8,73,2,11,36,13,7,13,18,17,82,19,4,53,19,19,152,25,59,27,20,29,30,31,40,49,34,35,164,101,38,43,40,169,106,43,108,45,46,111,48,49,122,51,52,52,50,87,24,57,58,57,60,45,58,63,68,81,90,67,100,69,198,103,72,81,82,67,76,76,78,79,80,81,82,83,84,85,84,87,88,80,88,203,108,93,94,95,72,97,98,99]
CFO=-1071.0228724223318,STO=6
EsN0dB=5.82,GRXdB=10,N0=0.003981071524322033
packet_number=1627,correct=False,payload=[0,129,10,3,4,5,6,3,8,11,10,11,14,13,14,15,16,17,18,19,20,21,22,22,24,57,26,25,30,29,30,31,36,33,34,35,36,37,50,55,40,41,42,131,60,45,42,45,36,49,50,179,52,53,54,55,56,25,58,187,60,61,62,63,64,68,74,67,68,65,215,71,65,65,74,75,76,77,74,79,208,81,90,83,84,85,86,87,88,89,74,123,92,93,94,127,96,67,98,99]
CFO=-843.3077450147898,STO=5
EsN0dB=6.45,GRXdB=10,N0=0.003981071524322033
packet_number=1628,correct=False,payload=[0,1,2,131,4,133,6,175,8,9,74,11,28,13,12,15,80,17,18,19,20,20,20,39,24,27,26,27,28,29,30,87,34,97,35,35,36,37,170,39,40,33,42,171,44,45,174,47,32,112,50,115,36,53,55,55,56,41,58,123,60,121,62,63,64,80,66,3,68,69,102,71,72,73,66,203,76,109,74,71,80,81,82,83,86,85,70,83,72,91,90,75,92,89,94,221,96,97,98,99]
CFO=-1247.1340826654946,STO=4
EsN0dB=6.30,GRXdB=10,N0=0.003981071524322033
packet_number=1629,correct=False,payload=[16,9,2,131,20,133,6,7,8,24,10,11,12,5,10,15,16,17,18,19,20,21,22,23,24,153,26,27,28,153,22,63,96,41,34,35,36,37,38,167,44,33,42,43,40,44,46,111,48,51,178,51,52,53,54,55,56,57,58,123,56,61,60,63,64,65,66,65,100,4,68,75,72,73,202,75,76,205,94,79,80,81,82,81,84,85,22,23,88,89,90,91,92,93,94,27,96,69,102,99]
CFO=-1249.8972262078494,STO=6
EsN0dB=6.34,GRXdB=10,N0=0.003981071524322033
packet_number=1630,correct=False,payload=[0,1,10,3,132,5,6,23,26,9,10,43,12,9,24,15,16,17,18,19,4,21,22,87,152,25,26,91,28,29,94,63,36,33,34,3,36,37,38,39,184,9,98,163,44,61,46,47,48,49,114,51,52,49,54,55,58,57,58,59,60,61,62,63,64,65,66,195,68,69,70,71,72,73,74,203,76,77,78,77,64,81,211,83,92,85,86,83,88,25,90,91,92,93,94,95,32,113,98,99]
CFO=-1484.655096849419,STO=7
EsN0dB=6.40,GRXdB=10,N0=0.003981071524322033
packet_number=1631,correct=False,payload=[0,1,2,3,5,5,158,23,0,9,42,11,8,13,14,31,20,17,16,19,20,21,22,23,24,153,26,27,24,95,14,63,32,99,2,11,52,37,46,46,42,57,170,27,44,47,110,61,16,53,50,51,116,53,54,54,56,123,42,59,28,47,62,31,64,65,78,67,100,68,214,79,120,72,74,75,76,77,78,79,16,17,94,83,84,221,87,95,24,89,216,123,92,93,30,95,96,99,122,97]
CFO=-1013.5009402231884,STO=7
EsN0dB=6.22,GRXdB=10,N0=0.003981071524322033
packet_number=1632,correct=False,payload=[0,1,2,35,4,1,6,6,8,9,10,11,12,9,14,15,16,17,16,19,21,53,22,7,24,89,26,31,28,29,30,27,162,32,42,43,34,37,38,39,40,45,42,43,44,109,46,47,48,49,54,50,44,53,50,55,56,57,58,59,60,28,62,191,80,65,99,87,68,228,68,71,73,73,74,79,76,77,78,143,64,83,82,87,84,95,86,83,88,91,90,123,28,125,94,31,96,65,98,99]
CFO=-1151.5342015825495,STO=7
EsN0dB=6.21,GRXdB=10,N0=0.003981071524322033
packet_number=1633,correct=False,payload=[0,81,2,7,4,5,6,5,8,8,10,11,12,13,14,15,16,53,18,27,0,29,150,21,24,89,26,27,28,29,28,31,32,33,34,99,36,39,39,111,56,41,42,35,44,45,14,47,48,49,50,43,176,52,118,55,56,57,44,59,60,61,62,62,65,65,66,67,100,5,94,71,200,107,72,75,76,13,77,79,80,81,82,19,84,87,86,87,88,95,26,89,92,93,94,127,96,33,163,99]
CFO=-676.4347213630886,STO=2
EsN0dB=6.25,GRXdB=10,N0=0.003981071524322033
packet_number=1634,correct=False,payload=[16,11,2,3,4,5,6,3,8,8,8,3,76,28,142,15,16,29,82,19,20,20,150,89,152,21,30,31,29,25,14,31,32,33,38,35,164,165,38,35,48,9,174,41,38,45,46,39,32,57,50,51,54,56,54,31,56,89,58,187,60,61,62,63,64,81,194,67,69,71,70,83,64,73,110,73,76,206,79,103,64,65,82,81,84,119,190,127,88,73,94,91,220,93,30,94,96,97,106,99]
CFO=-992.237114664927,STO=7
EsN0dB=6.10,GRXdB=10,N0=0.003981071524322033
packet_number=1635,correct=False,payload=[0,1,6,5,4,13,6,7,8,41,10,139,60,41,14,15,16,16,34,19,52,213,22,23,92,153,90,27,28,21,30,63,32,41,96,43,37,37,62,37,56,56,42,43,108,45,46,47,48,49,98,50,60,53,54,55,56,57,58,59,56,124,63,175,0,195,66,67,64,68,66,71,72,105,74,75,76,13,76,91,66,81,210,83,84,84,86,87,80,91,122,91,92,29,94,95,97,97,98,227]
CFO=-1543.158157263713,STO=4
EsN0dB=6.25,GRXdB=10,N0=0.003981071524322033
packet_number=1636,correct=False,payload=[16,1,2,3,68,1,6,7,40,9,14,11,12,13,14,13,16,147,22,19,20,21,22,23,24,25,26,27,28,61,18,159,32,163,98,35,36,37,38,111,40,40,42,11,44,61,42,47,48,113,178,87,148,53,54,39,112,57,106,59,60,61,62,31,64,65,66,199,68,68,198,199,72,77,74,11,76,77,86,71,80,81,82,83,88,85,86,213,92,93,74,91,76,93,94,95,96,99,98,195]
CFO=-746.3789415355194,STO=4
EsN0dB=6.26,GRXdB=10,N0=0.003981071524322033
packet_number=1637,correct=False,payload=[0,5,130,3,4,5,6,23,76,8,10,11,13,5,14,15,16,53,18,19,150,29,22,23,8,25,90,27,28,63,30,95,32,41,160,35,36,33,36,47,40,41,42,43,44,45,238,39,48,49,58,33,52,57,54,55,104,57,59,59,60,61,62,47,64,129,194,67,70,69,102,7,202,73,74,75,74,77,78,79,80,81,82,83,116,85,86,87,88,89,90,91,92,93,222,95,96,229,67,99]
CFO=-1247.5358305979253,STO=4
EsN0dB=6.24,GRXdB=10,N0=0.003981071524322033
packet_number=1638,correct=False,payload=[0,3,2,3,4,5,6,15,8,9,10,203,140,141,14,7,16,17,154,51,20,29,22,87,8,25,26,27,28,31,158,31,32,33,178,35,36,37,46,39,40,169,42,43,44,45,46,47,48,49,50,51,52,49,54,55,58,57,58,59,60,31,62,63,64,65,66,67,68,69,70,71,72,8,74,75,92,77,79,79,80,81,18,87,92,85,86,87,88,89,94,91,92,93,94,95,248,113,98,99]
CFO=-1303.466423584194,STO=4
EsN0dB=6.44,GRXdB=10,N0=0.003981071524322033
packet_number=1639,correct=False,payload=[0,129,0,3,6,5,6,7,24,9,10,11,13,13,14,79,16,25,18,19,28,21,22,151,8,49,26,27,88,29,30,31,48,33,34,163,4,53,6,39,40,43,42,43,44,45,46,47,48,49,50,19,52,52,55,51,40,57,58,43,60,61,62,63,64,73,98,66,68,77,100,66,72,73,74,73,76,69,70,79,88,81,82,67,84,117,86,87,88,89,94,91,77,93,30,127,96,97,98,3]
CFO=-982.6526754280413,STO=0
EsN0dB=6.18,GRXdB=10,N0=0.003981071524322033
packet_number=1640,correct=False,payload=[38,57,192,0,64,0,193,3,192,131,192,4,4,130,199,3,35,163,140,8,132,8,208,131,159,1,220,14,71,143,79,31,91,133,176,8,9,153,185,30,25,11,28,18,20,27,223,10,138,171,200,24,204,204,130,31,73,26,156,158,142,205,222,31,111,143,192,16,176,48,212,19,99,163,213,19,83,134,210,3,151,183,244,40,197,177,152,14,119,159,220,28,119,142,214,30,223,15,152,16]
CFO=-824.0583509429898,STO=4
EsN0dB=6.10,GRXdB=10,N0=0.003981071524322033
packet_number=1641,correct=False,payload=[0,1,2,3,4,5,6,6,8,41,138,11,12,137,14,15,208,17,18,3,20,21,22,23,24,24,90,59,29,29,12,143,32,99,34,163,36,36,38,7,40,43,26,43,44,45,42,47,48,49,49,51,20,53,54,55,124,57,58,187,60,61,62,62,0,73,66,67,68,69,70,71,72,72,74,75,76,77,78,79,80,81,102,80,68,85,119,87,216,89,90,219,92,253,86,87,100,113,98,99]
CFO=-1111.4268801734768,STO=6
EsN0dB=6.26,GRXdB=10,N0=0.003981071524322033
packet_number=1642,correct=False,payload=[0,0,18,3,4,5,6,7,8,73,10,3,12,13,14,47,16,17,18,3,20,21,16,23,24,25,26,27,8,29,30,95,0,33,34,99,36,37,34,38,40,9,42,42,44,37,46,63,48,17,50,51,52,53,62,23,56,57,58,63,61,61,62,127,64,64,66,67,20,69,70,70,72,73,98,75,204,77,78,79,64,81,82,83,20,85,86,87,72,89,90,91,28,93,94,223,96,112,110,115]
CFO=-945.4353778115303,STO=3
EsN0dB=6.30,GRXdB=10,N0=0.003981071524322033
packet_number=1643,correct=False,payload=[0,1,3,3,4,69,6,135,8,40,10,11,4,13,142,31,16,17,19,19,22,21,22,21,25,25,26,91,156,29,30,31,32,33,34,163,36,5,2,35,32,41,42,43,44,45,46,47,48,49,48,51,52,53,54,55,56,61,60,63,12,61,62,63,80,65,98,67,68,69,70,199,72,73,58,75,76,79,14,79,80,193,82,83,204,85,82,86,88,89,90,218,28,93,30,126,96,97,98,113]
CFO=-1044.898584643764,STO=1
EsN0dB=6.63,GRXdB=10,N0=0.003981071524322033
packet_number=1644,correct=False,payload=[128,1,0,17,0,1,6,5,4,9,14,13,12,13,134,15,16,25,18,19,4,17,94,19,24,12,24,29,60,28,30,31,240,33,18,162,54,4,38,59,60,57,34,57,46,45,47,47,16,19,187,49,50,49,22,51,184,57,28,27,60,60,62,63,64,0,34,97,92,3,66,68,68,73,98,75,158,79,79,67,122,89,89,81,133,85,78,215,88,125,8,89,76,77,127,79,96,97,227,97]
CFO=-1518.8377034721977,STO=4
EsN0dB=6.35,GRXdB=10,N0=0.003981071524322033
packet_number=1645,correct=False,payload=[0,1,2,7,28,5,2,7,8,9,10,11,12,15,28,15,18,145,18,19,16,21,38,23,24,25,91,27,28,29,30,31,48,97,42,35,228,37,38,39,41,41,42,107,12,45,46,45,176,53,50,50,36,53,50,55,24,56,58,43,44,41,62,63,96,65,74,67,196,69,230,79,200,73,74,75,76,69,70,79,80,113,82,83,84,85,95,87,92,89,90,91,124,93,94,95,96,105,34,115]
CFO=-1197.8243857262337,STO=1
EsN0dB=6.06,GRXdB=10,N0=0.003981071524322033
packet_number=1646,correct=False,payload=[23,110,224,0,0,192,105,128,0,180,232,3,65,132,197,3,193,1,228,6,100,4,228,7,69,135,194,4,195,163,71,39,103,134,232,72,76,132,233,109,13,201,236,170,106,199,239,137,67,129,236,12,78,140,228,12,78,206,206,12,78,206,67,7,195,135,208,16,122,80,217,0,112,217,208,17,82,83,105,27,225,251,218,85,50,208,113,3,84,222,230,23,99,31,215,7,63,147,232,28]
CFO=-981.4503368327402,STO=5
EsN0dB=6.31,GRXdB=10,N0=0.003981071524322033
packet_number=1647,correct=False,payload=[0,1,74,3,5,5,6,15,24,7,10,11,12,13,14,7,16,81,18,19,148,21,86,23,24,16,26,27,28,29,30,31,32,129,34,39,36,37,38,39,40,41,42,43,44,45,46,34,48,48,50,49,52,181,182,53,60,57,46,58,62,63,126,31,64,65,66,67,68,69,70,99,72,73,66,11,204,205,94,79,16,81,82,19,84,85,86,87,90,89,218,91,220,93,86,94,96,97,226,99]
CFO=-1195.0563804172823,STO=4
EsN0dB=6.39,GRXdB=10,N0=0.003981071524322033
packet_number=1648,correct=False,payload=[17,3,2,3,4,5,38,39,8,40,11,27,140,31,47,15,88,17,18,19,148,21,23,23,186,25,26,27,92,29,10,159,32,35,34,51,36,39,38,39,104,9,122,43,44,175,110,47,48,49,50,51,52,36,54,119,56,57,58,59,124,29,62,63,64,65,66,67,68,69,71,71,64,73,74,75,92,13,78,79,80,89,82,83,84,84,215,119,72,89,82,219,92,93,94,95,98,97,66,99]
CFO=-1320.0382886376105,STO=4
EsN0dB=6.23,GRXdB=10,N0=0.003981071524322033
packet_number=1649,correct=False,payload=[0,17,2,1,4,5,6,7,8,9,26,11,12,12,30,15,18,49,3,19,84,21,150,23,24,25,58,27,28,93,94,31,1,33,34,35,36,101,38,39,40,105,46,47,44,45,46,46,48,49,50,51,52,49,118,53,24,57,186,59,60,61,60,63,72,193,64,67,100,77,66,71,200,73,90,67,104,77,78,79,80,89,82,83,84,85,86,80,88,81,90,95,92,221,94,95,96,97,98,227]
CFO=-1006.4801935185193,STO=3
EsN0dB=6.03,GRXdB=10,N0=0.003981071524322033
packet_number=1650,correct=False,payload=[0,9,2,3,4,5,6,7,9,41,10,139,12,77,14,15,16,17,147,51,16,21,22,7,24,25,24,9,28,29,30,63,96,33,48,35,36,37,38,55,58,40,40,107,44,45,46,45,48,113,48,51,52,53,54,179,56,40,122,41,61,45,63,63,0,65,66,67,68,69,70,71,64,69,10,11,72,77,86,79,196,89,66,67,84,85,84,87,72,89,74,91,92,93,30,95,96,97,34,51]
CFO=-843.5834427547252,STO=5
EsN0dB=6.26,GRXdB=10,N0=0.003981071524322033
packet_number=1651,correct=False,payload=[16,1,2,71,20,1,6,39,73,9,43,27,12,143,14,15,18,20,18,49,28,28,22,23,24,25,26,19,24,29,14,31,232,33,34,35,36,37,38,47,40,41,58,43,44,45,46,47,48,49,54,51,52,53,55,51,56,57,56,63,60,53,63,63,64,65,18,67,84,69,6,79,200,65,10,74,76,77,78,79,80,81,82,87,84,85,70,119,120,89,90,91,92,93,222,95,96,97,98,103]
CFO=-973.2944269175756,STO=0
EsN0dB=6.46,GRXdB=10,N0=0.003981071524322033
packet_number=1652,correct=False,payload=[83,239,69,193,240,0,16,0,52,128,32,193,241,0,177,44,48,128,65,97,224,1,177,33,35,160,83,193,227,129,129,7,227,195,209,195,226,2,22,35,160,78,214,192,98,7,144,97,50,132,214,198,242,2,1,111,35,194,87,67,99,163,151,235,179,231,211,195,240,84,26,36,60,196,228,100,112,133,132,164,36,4,156,225,177,5,17,67,36,6,118,99,125,139,31,225,191,203,221,229]
CFO=-1142.1476718200518,STO=3
EsN0dB=6.35,GRXdB=10,N0=0.003981071524322033
packet_number=1653,correct=False,payload=[0,1,2,7,4,5,4,7,12,9,10,11,141,13,74,15,16,89,18,3,148,21,22,23,24,9,26,91,28,29,30,31,164,161,34,35,36,37,38,99,40,41,42,43,172,165,46,15,57,33,51,50,52,53,54,54,56,57,56,59,60,44,62,63,68,97,18,67,68,68,70,71,72,89,106,203,76,76,78,79,80,65,210,83,84,93,86,39,88,89,88,91,92,93,94,95,100,113,99,99]
CFO=-1176.5119425020052,STO=7
EsN0dB=6.40,GRXdB=10,N0=0.003981071524322033
packet_number=1654,correct=False,payload=[16,3,2,3,12,7,6,135,8,9,10,11,4,13,14,14,16,49,18,51,20,21,22,23,24,25,26,31,29,25,22,31,56,160,34,35,36,37,38,39,41,8,10,43,44,13,46,47,49,113,50,51,52,37,54,55,56,57,50,91,188,63,61,63,64,65,66,67,68,101,134,68,72,72,74,75,76,77,78,111,64,81,86,67,84,69,84,95,76,73,122,91,92,93,94,94,96,97,98,75]
CFO=-1151.767922118211,STO=1
EsN0dB=6.21,GRXdB=10,N0=0.003981071524322033
packet_number=1655,correct=False,payload=[30,97,112,115,4,33,3,1,0,37,38,7,136,13,135,3,194,5,15,7,144,16,8,19,12,14,20,35,152,29,26,73,156,28,30,31,0,49,38,3,16,55,214,39,59,36,42,9,6,54,63,39,16,25,18,27,6,63,155,19,60,60,62,59,28,62,31,127,192,1,96,75,134,1,6,99,108,73,168,45,75,109,111,103,144,81,146,67,84,119,98,31,120,61,91,15,12,76,94,123]
CFO=-1249.0314760146157,STO=1
EsN0dB=6.36,GRXdB=10,N0=0.003981071524322033
packet_number=1656,correct=False,payload=[128,1,130,3,6,2,2,3,12,9,2,65,14,64,134,13,48,24,10,19,20,23,26,19,25,25,26,31,28,13,158,13,60,48,34,35,164,5,150,45,172,45,132,97,190,36,38,47,56,187,178,59,36,52,62,55,60,60,59,185,60,29,62,63,160,1,192,67,64,67,199,71,76,69,251,7,76,69,66,111,208,81,114,83,94,109,86,103,120,25,220,11,24,95,222,79,96,96,119,99]
CFO=-1163.4278613731997,STO=2
EsN0dB=6.55,GRXdB=10,N0=0.003981071524322033
packet_number=1657,correct=False,payload=[0,2,2,3,5,5,2,23,8,9,10,11,13,13,14,15,16,81,18,19,20,4,14,23,154,27,26,19,28,29,30,31,0,33,50,35,164,37,34,7,8,169,42,43,44,45,62,47,16,49,50,19,52,21,54,119,56,57,62,63,62,60,50,63,64,97,66,67,68,69,70,55,72,73,90,79,68,77,78,79,84,85,82,83,85,85,86,87,88,89,123,91,20,127,94,223,96,99,98,123]
CFO=-1152.4358814167297,STO=3
EsN0dB=6.28,GRXdB=10,N0=0.003981071524322033
packet_number=1658,correct=False,payload=[8,1,2,19,4,5,6,7,72,9,10,11,12,13,14,15,16,17,26,19,20,21,22,23,88,24,26,27,25,29,30,31,32,33,98,35,36,33,34,39,40,41,42,130,44,173,46,47,58,49,50,50,52,61,22,191,56,185,50,19,60,189,126,63,64,73,130,67,108,69,70,71,88,201,74,75,76,77,78,71,80,85,82,83,84,85,86,23,88,73,90,83,92,93,94,95,96,65,98,67]
CFO=-840.966507949291,STO=0
EsN0dB=6.47,GRXdB=10,N0=0.003981071524322033
packet_number=1659,correct=False,payload=[95,9,185,189,192,0,0,1,192,65,195,131,196,4,6,3,159,2,71,167,196,4,77,192,197,5,193,6,200,6,78,133,207,11,135,143,192,8,216,153,212,24,75,137,138,11,8,155,218,69,139,134,216,0,76,141,144,26,143,13,206,12,79,30,223,30,215,43,160,8,80,161,131,3,193,145,214,18,211,52,147,38,7,83,220,28,16,156,242,21,215,141,212,54,70,166,198,21,135,151]
CFO=-1020.3695492072825,STO=4
EsN0dB=6.21,GRXdB=10,N0=0.003981071524322033
packet_number=1660,correct=False,payload=[65,1,66,1,12,5,38,7,136,0,10,11,12,77,14,15,17,145,50,19,148,21,22,23,81,89,26,27,28,29,30,159,32,33,34,35,36,101,38,35,40,41,170,43,172,44,44,45,16,49,50,51,36,49,54,55,56,185,58,59,60,61,62,59,66,65,66,67,68,69,70,71,72,73,74,75,76,77,78,15,80,80,86,103,84,92,86,87,80,121,90,91,92,93,86,95,96,97,34,99]
CFO=-1353.9717593672262,STO=4
EsN0dB=6.46,GRXdB=10,N0=0.003981071524322033
packet_number=1661,correct=False,payload=[0,1,2,3,4,13,6,7,8,9,10,11,140,13,12,7,16,20,16,19,84,17,20,23,24,24,90,91,28,61,22,31,40,33,34,35,36,165,102,39,40,41,42,43,44,45,46,47,58,49,114,51,52,53,22,55,24,59,122,59,60,61,62,63,68,0,74,35,70,69,102,71,88,73,74,75,108,76,78,79,16,80,82,83,84,84,82,86,88,89,91,83,28,93,94,95,64,73,102,99]
CFO=-1460.236933407277,STO=4
EsN0dB=6.09,GRXdB=10,N0=0.003981071524322033
packet_number=1662,correct=False,payload=[0,1,18,1,0,5,6,135,8,15,2,11,12,13,14,15,16,17,18,19,20,29,86,23,56,29,26,27,28,29,30,31,128,33,35,35,44,37,38,37,42,43,42,41,44,45,46,47,48,49,50,51,52,53,55,51,56,57,56,59,56,61,62,63,64,199,66,66,68,69,70,7,104,73,10,75,108,77,78,77,80,81,82,83,212,87,118,87,88,89,90,91,92,93,78,95,96,33,98,107]
CFO=-607.1444087979152,STO=0
EsN0dB=6.17,GRXdB=10,N0=0.003981071524322033
packet_number=1663,correct=False,payload=[151,208,2,0,32,56,64,66,48,56,65,10,4,56,96,112,240,113,0,25,129,30,232,160,177,185,128,136,216,144,192,241,240,243,1,16,51,27,33,54,49,57,137,138,192,120,98,227,115,241,1,81,195,145,225,1,97,179,199,217,65,146,193,203,161,120,36,10,38,26,12,46,48,124,194,138,82,220,106,108,87,115,3,135,150,28,163,194,50,179,194,207,162,220,238,221,226,243,7,3]
CFO=-901.2511093720967,STO=4
EsN0dB=6.49,GRXdB=10,N0=0.003981071524322033
packet_number=1664,correct=False,payload=[0,128,2,3,4,5,6,5,11,73,42,11,31,13,14,15,16,17,18,147,20,20,22,23,24,26,26,27,28,31,94,31,32,33,34,35,36,53,46,39,42,41,42,35,44,45,46,47,48,49,50,51,52,37,54,119,24,57,58,123,61,61,126,63,72,3,66,67,84,69,70,71,72,9,74,75,140,77,78,79,16,81,66,87,84,85,86,95,88,91,91,219,84,93,94,127,96,33,102,99]
CFO=-1415.9117330263755,STO=6
EsN0dB=6.52,GRXdB=10,N0=0.003981071524322033
packet_number=1665,correct=True,payload=[196,1,66,3,20,83,6,5,8,9,10,9,12,13,14,15,32,16,19,19,20,53,23,23,24,24,26,27,156,29,22,31,40,33,54,35,32,41,38,39,34,33,42,11,110,45,46,47,48,17,178,50,52,55,54,119,56,185,58,59,188,57,62,63,64,75,67,67,68,71,86,71,72,9,74,75,76,77,206,79,80,83,83,83,84,85,54,86,200,89,90,91,92,93,90,94,98,97,234,99]
CFO=-1217.4468314495764,STO=6
EsN0dB=6.58,GRXdB=10,N0=0.003981071524322033
packet_number=1666,correct=False,payload=[0,1,4,3,4,1,12,6,8,8,26,94,4,11,14,14,48,16,38,55,20,134,142,62,24,27,50,50,29,56,60,27,0,0,70,71,44,6,38,38,57,9,56,35,188,43,14,46,116,49,50,115,252,109,52,127,50,48,122,122,56,120,52,110,224,65,98,194,68,227,70,15,92,75,10,83,76,204,78,223,116,0,19,83,136,67,14,102,146,123,218,223,124,92,60,254,192,67,2,227]
CFO=-1131.5861360769002,STO=7
EsN0dB=6.23,GRXdB=10,N0=0.003981071524322033
packet_number=1667,correct=False,payload=[0,1,2,43,4,133,69,7,8,11,8,3,12,45,12,15,20,49,18,19,28,21,22,23,24,49,26,27,28,29,28,23,0,33,2,35,36,37,14,39,48,41,42,107,44,45,127,31,32,57,18,51,52,37,54,55,56,57,58,59,56,61,63,127,72,67,66,83,68,69,70,67,72,73,10,75,95,77,78,79,208,81,82,83,92,85,94,87,88,89,82,91,12,95,94,95,64,67,98,39]
CFO=-885.8703771348743,STO=0
EsN0dB=6.24,GRXdB=10,N0=0.003981071524322033
packet_number=1668,correct=False,payload=[0,1,2,7,12,5,6,22,10,41,170,11,12,13,14,14,16,17,34,19,78,21,22,55,24,159,24,56,152,29,30,30,32,96,34,55,44,33,206,70,0,9,38,39,60,47,46,111,48,33,38,97,108,49,53,127,56,41,120,58,56,124,46,63,64,1,66,18,68,6,70,71,88,193,74,239,76,141,76,95,144,209,210,211,20,95,206,151,112,57,26,123,12,117,142,223,64,101,98,103]
CFO=-776.0177529549801,STO=0
EsN0dB=6.14,GRXdB=10,N0=0.003981071524322033
packet_number=1669,correct=False,payload=[98,116,96,201,222,0,68,4,6,148,14,8,156,16,20,16,14,16,210,52,94,0,36,32,36,8,26,44,76,16,48,48,52,58,58,188,62,1,192,200,150,88,202,140,78,80,128,220,86,88,80,188,92,224,102,230,78,232,222,92,200,112,226,148,108,88,248,252,95,64,3,148,6,216,137,185,158,144,147,32,150,56,150,152,61,64,32,76,46,136,2,125,143,177,246,51,62,185,182,188]
CFO=-782.6590447057596,STO=0
EsN0dB=6.34,GRXdB=10,N0=0.003981071524322033
packet_number=1670,correct=False,payload=[0,1,2,7,8,6,6,71,8,25,2,6,10,31,8,15,0,19,19,66,8,20,158,6,16,58,82,26,28,28,60,31,0,2,0,0,36,101,108,36,73,120,28,75,124,107,12,78,50,48,106,51,40,55,38,39,56,113,50,55,57,252,126,63,66,67,194,192,192,4,4,206,128,11,10,87,140,75,206,158,48,133,80,100,92,101,230,231,248,242,222,83,24,23,94,126,96,241,96,231]
CFO=-1068.4453060683636,STO=1
EsN0dB=6.17,GRXdB=10,N0=0.003981071524322033
packet_number=1671,correct=False,payload=[128,0,128,65,4,64,2,33,0,12,143,3,134,30,38,31,224,17,17,17,2,73,151,15,136,9,8,15,146,13,14,47,148,17,128,19,130,48,182,35,32,5,63,63,244,47,173,39,56,49,190,145,248,16,146,63,60,156,191,61,190,28,158,59,96,97,67,67,128,97,102,103,236,64,103,32,36,68,71,107,216,122,203,83,254,14,3,55,136,56,205,59,140,125,78,15,40,49,245,51]
CFO=-653.0936763814643,STO=0
EsN0dB=6.24,GRXdB=10,N0=0.003981071524322033
packet_number=1672,correct=False,payload=[0,129,214,3,4,1,132,23,136,19,132,73,8,29,12,63,16,16,18,51,144,20,54,23,24,27,26,31,24,13,28,63,40,49,0,35,44,109,6,103,40,0,36,87,104,59,126,124,116,49,34,113,52,40,60,118,48,50,62,122,56,122,62,63,64,131,66,195,68,8,14,70,72,73,0,67,76,203,94,143,192,113,112,230,116,164,244,195,248,80,90,154,120,220,62,31,96,101,226,67]
CFO=-1057.389648827444,STO=5
EsN0dB=6.50,GRXdB=10,N0=0.003981071524322033
packet_number=1673,correct=False,payload=[0,1,10,7,4,5,14,6,8,9,138,11,12,13,14,15,16,17,18,17,22,21,22,23,24,24,26,27,28,29,30,31,32,41,34,162,36,37,34,39,42,41,42,43,44,173,46,47,50,49,50,51,48,181,54,55,56,57,50,59,180,47,30,63,64,65,66,67,68,69,70,71,72,8,106,75,76,77,78,15,16,1,210,83,92,85,94,86,92,73,122,75,92,77,94,127,96,193,66,103]
CFO=-1012.9776481258401,STO=4
EsN0dB=6.15,GRXdB=10,N0=0.003981071524322033
packet_number=1674,correct=False,payload=[0,1,2,3,6,5,14,133,8,9,10,11,12,13,14,15,17,17,16,27,20,21,22,23,24,25,26,27,126,155,30,31,33,33,34,35,36,37,38,38,40,41,42,59,46,44,42,47,48,49,50,51,36,49,54,55,56,57,58,59,60,61,186,61,192,65,67,67,64,69,70,71,72,73,74,75,76,73,78,15,16,81,86,91,20,85,222,215,88,209,90,219,92,93,94,91,96,109,98,99]
CFO=-952.368316268276,STO=4
EsN0dB=6.35,GRXdB=10,N0=0.003981071524322033
packet_number=1675,correct=False,payload=[136,1,3,3,20,5,6,7,8,9,130,11,12,25,134,13,16,1,18,19,20,20,22,23,16,25,90,27,24,29,28,159,32,161,34,35,36,36,102,39,40,45,42,43,44,36,62,47,48,49,50,33,52,49,54,55,56,57,58,59,60,61,62,63,96,65,66,67,68,71,86,71,106,89,72,75,76,77,78,79,16,83,83,83,84,69,86,151,216,89,90,91,94,93,94,95,104,33,98,99]
CFO=-1161.5362784280599,STO=5
EsN0dB=6.18,GRXdB=10,N0=0.003981071524322033
packet_number=1676,correct=False,payload=[0,1,128,131,4,69,22,7,8,136,10,11,12,5,14,14,144,113,18,17,20,21,22,23,24,57,26,27,16,29,26,31,32,33,50,35,36,37,38,39,56,41,8,43,44,47,46,175,48,57,58,51,52,53,182,55,56,185,58,59,60,61,54,63,68,73,194,115,68,69,70,199,72,72,74,75,76,77,74,79,64,81,82,83,84,85,86,87,88,89,90,90,94,93,94,94,96,97,99,99]
CFO=-855.0144046609762,STO=4
EsN0dB=6.38,GRXdB=10,N0=0.003981071524322033
packet_number=1677,correct=False,payload=[0,5,2,3,4,101,7,7,0,11,10,11,12,13,14,15,136,17,16,19,20,4,31,22,28,25,26,27,12,29,30,30,36,33,2,35,36,37,102,55,40,33,42,43,44,45,44,47,48,49,50,33,52,181,54,55,56,57,62,123,60,60,62,63,96,81,66,67,68,69,70,71,72,201,75,107,76,73,94,79,82,81,82,83,84,85,86,87,88,89,90,111,220,93,94,127,97,97,238,235]
CFO=-1013.1939374495572,STO=0
EsN0dB=6.43,GRXdB=10,N0=0.003981071524322033
packet_number=1678,correct=False,payload=[198,188,0,0,8,12,240,4,16,28,64,36,40,12,48,60,56,120,64,196,216,216,68,212,88,120,64,104,200,200,80,124,120,252,130,4,24,140,48,52,16,60,192,228,160,76,160,49,185,188,192,128,65,153,80,92,216,253,232,228,224,236,225,240,184,250,83,11,9,79,2,20,27,62,1,47,73,43,41,103,51,93,192,13,0,75,66,23,152,93,227,233,81,172,112,116,114,255,131,139]
CFO=-1641.0237401603983,STO=6
EsN0dB=6.28,GRXdB=10,N0=0.003981071524322033
packet_number=1679,correct=False,payload=[0,1,8,3,132,7,6,7,8,77,10,11,12,13,6,15,16,16,50,19,16,85,22,23,24,25,26,27,30,29,30,159,32,33,162,35,48,53,38,7,40,33,42,35,48,45,46,46,48,49,50,51,52,53,55,55,56,57,34,59,60,61,54,47,64,65,2,192,68,69,70,79,72,73,74,95,76,77,78,15,80,81,82,83,84,85,86,87,88,121,90,81,220,84,94,95,97,113,226,107]
CFO=-1038.3359112162434,STO=1
EsN0dB=6.30,GRXdB=10,N0=0.003981071524322033
packet_number=1680,correct=False,payload=[128,1,0,7,134,33,134,15,12,9,10,46,164,6,14,7,16,31,146,17,148,87,19,7,24,9,74,25,156,29,30,15,1,32,34,3,132,37,7,19,8,32,40,40,36,29,46,55,52,19,58,183,36,55,23,55,60,41,60,63,29,61,158,63,192,65,118,67,64,5,78,119,76,72,109,75,12,77,14,15,90,80,81,83,126,84,107,17,88,91,158,91,92,95,222,79,104,97,226,33]
CFO=-1374.245681814528,STO=3
EsN0dB=6.43,GRXdB=10,N0=0.003981071524322033
packet_number=1681,correct=False,payload=[0,1,18,3,36,4,6,7,8,13,10,11,8,13,14,7,0,17,26,49,20,21,18,23,56,185,154,27,5,29,22,94,32,33,34,35,38,37,38,39,41,9,42,175,44,45,42,46,48,57,50,48,52,53,102,55,184,57,58,59,60,57,62,29,64,81,66,67,68,69,78,71,88,8,74,75,76,77,78,79,88,81,82,211,80,85,30,85,88,89,90,91,93,85,94,95,96,105,96,99]
CFO=-1481.5817488822593,STO=4
EsN0dB=6.37,GRXdB=10,N0=0.003981071524322033
packet_number=1682,correct=False,payload=[0,3,2,1,4,5,6,7,8,9,2,11,60,13,14,15,16,17,16,18,22,21,22,19,152,25,26,27,28,29,30,31,32,1,34,35,36,101,39,39,40,41,42,43,12,43,46,47,48,49,48,59,52,53,54,55,57,57,58,59,60,61,62,63,64,67,18,211,68,77,102,71,105,73,74,75,92,45,78,79,80,81,19,83,84,85,86,87,88,93,91,219,92,93,94,31,96,97,98,99]
CFO=-525.2447488251539,STO=0
EsN0dB=6.32,GRXdB=10,N0=0.003981071524322033
packet_number=1683,correct=False,payload=[24,216,220,1,6,12,36,0,6,28,12,64,62,120,14,56,22,56,30,2,140,68,204,40,28,88,46,32,102,102,38,52,56,40,124,0,4,196,6,24,90,141,158,48,116,14,14,120,26,88,116,64,74,76,230,240,222,68,108,32,98,116,230,240,124,216,253,129,6,140,12,217,30,28,156,160,5,149,21,145,28,184,28,0,228,108,188,24,215,253,206,33,163,32,229,49,225,124,56,145]
CFO=-1284.3039484127694,STO=4
EsN0dB=6.11,GRXdB=10,N0=0.003981071524322033
packet_number=1684,correct=False,payload=[0,1,2,19,0,5,6,7,8,9,10,11,12,13,14,15,16,17,18,19,17,21,6,82,24,25,30,3,28,28,30,31,160,33,34,39,36,36,39,39,40,41,42,43,44,173,47,111,48,49,58,51,52,61,183,55,56,57,50,59,60,63,30,191,64,193,66,67,68,69,78,71,72,73,74,75,76,77,78,79,80,82,89,83,84,85,214,87,88,89,90,27,92,95,94,87,98,97,106,71]
CFO=-1108.356971016837,STO=1
EsN0dB=6.36,GRXdB=10,N0=0.003981071524322033
packet_number=1685,correct=False,payload=[128,1,2,3,129,7,55,7,8,40,2,11,140,13,14,15,24,1,152,31,128,151,158,23,28,8,26,59,156,93,46,31,56,33,114,33,0,5,182,35,40,41,171,59,46,108,14,167,144,49,144,51,52,32,180,40,24,62,186,57,60,13,30,63,128,65,226,19,132,198,70,71,236,71,203,73,204,69,142,79,88,113,91,17,108,85,86,203,88,121,88,121,124,92,94,95,96,97,54,97]
CFO=-1087.3331507169107,STO=2
EsN0dB=6.13,GRXdB=10,N0=0.003981071524322033
packet_number=1686,correct=False,payload=[0,1,2,35,0,13,2,135,141,9,10,11,44,13,6,7,16,17,18,19,24,5,31,151,128,25,26,27,28,30,24,31,160,97,33,3,164,21,50,39,168,41,42,43,44,5,14,39,16,61,50,51,16,33,54,59,57,57,186,59,62,31,54,27,32,65,67,67,68,69,70,199,72,5,72,3,236,77,14,86,248,65,208,17,112,21,216,119,8,95,120,11,92,93,20,95,224,97,98,35]
CFO=-1002.0959472653443,STO=7
EsN0dB=6.48,GRXdB=10,N0=0.003981071524322033
packet_number=1687,correct=False,payload=[0,1,2,19,68,5,7,6,0,9,12,11,12,9,14,15,16,17,16,2,21,21,54,183,24,121,8,27,28,29,28,95,104,32,160,67,36,37,38,7,40,41,10,35,44,8,38,47,50,49,50,35,32,52,54,55,56,57,58,43,28,61,60,63,65,65,194,67,68,101,71,69,204,65,72,74,76,77,78,79,82,81,18,115,84,85,86,70,88,25,90,91,92,87,86,95,50,97,98,99]
CFO=-683.5388295779403,STO=5
EsN0dB=6.10,GRXdB=10,N0=0.003981071524322033
packet_number=1688,correct=False,payload=[0,129,66,35,4,4,6,7,10,9,10,89,12,13,14,7,16,17,19,19,148,21,22,22,24,25,90,3,28,29,30,31,34,33,34,35,36,37,38,39,108,49,42,43,60,45,14,46,50,49,50,115,52,181,55,54,56,57,56,43,60,61,58,63,64,64,66,65,68,69,70,71,72,73,74,75,76,77,78,79,48,113,114,83,84,80,86,87,88,89,90,29,92,93,94,127,96,109,99,99]
CFO=-816.8426592557598,STO=5
EsN0dB=6.19,GRXdB=10,N0=0.003981071524322033
packet_number=1689,correct=False,payload=[0,1,18,3,12,5,78,7,8,9,10,11,4,13,14,15,16,3,18,19,20,20,22,87,28,25,26,27,188,31,24,31,32,33,32,35,36,37,38,39,72,41,10,11,12,45,62,45,56,48,50,50,116,53,54,118,24,57,186,43,60,125,62,61,64,65,66,67,68,197,70,71,108,73,18,75,92,77,74,79,80,67,82,83,86,85,86,87,88,89,91,91,92,91,92,95,98,97,226,99]
CFO=-1089.9793747015983,STO=5
EsN0dB=6.30,GRXdB=10,N0=0.003981071524322033
packet_number=1690,correct=False,payload=[0,1,2,3,4,5,7,7,1,9,10,11,12,13,14,47,16,145,50,19,212,21,22,23,28,25,26,27,28,29,30,31,32,36,34,35,36,37,100,37,32,41,42,43,44,44,46,47,112,48,50,53,52,55,54,55,56,57,58,43,60,61,58,63,72,65,194,67,212,69,70,199,72,73,75,75,84,77,76,77,81,64,82,83,84,85,86,87,88,89,90,87,94,93,94,95,96,97,66,99]
CFO=-1078.375167892962,STO=4
EsN0dB=6.03,GRXdB=10,N0=0.003981071524322033
packet_number=1691,correct=False,payload=[4,33,2,7,132,197,6,7,8,13,12,11,12,13,14,15,20,17,18,19,54,21,22,23,26,25,26,27,28,21,31,30,32,33,34,35,100,5,102,39,40,105,42,43,44,61,46,47,48,49,50,51,52,53,54,23,56,121,58,59,60,125,62,63,64,65,66,67,81,69,70,87,72,97,74,91,76,77,78,95,88,81,82,83,84,84,86,87,24,89,90,91,92,93,78,31,96,109,98,99]
CFO=-1175.3263829304465,STO=0
EsN0dB=6.53,GRXdB=10,N0=0.003981071524322033
packet_number=1692,correct=False,payload=[2,1,2,2,4,5,6,7,12,9,10,73,12,13,14,15,17,177,18,19,20,21,18,23,24,9,26,27,28,31,30,95,38,41,34,43,76,37,46,39,40,41,42,43,44,45,46,47,48,57,178,51,52,53,54,39,56,177,58,59,60,29,62,63,64,65,66,67,68,53,70,199,72,73,74,75,76,77,78,79,81,81,82,83,84,84,86,87,216,25,90,91,92,93,126,95,96,97,67,99]
CFO=-968.9796090629951,STO=1
EsN0dB=6.38,GRXdB=10,N0=0.003981071524322033
packet_number=1693,correct=False,payload=[9,112,2,48,96,48,64,164,64,225,0,177,225,97,192,129,193,224,8,19,42,122,66,139,64,115,1,35,98,115,103,49,131,230,0,4,96,96,70,38,194,113,5,51,99,224,132,165,197,227,6,38,70,98,2,166,226,99,3,7,71,103,199,179,199,176,8,8,204,110,12,204,200,252,133,33,64,233,173,136,201,247,10,34,12,106,194,11,206,72,11,139,75,109,137,207,201,238,4,44]
CFO=-370.36857892460984,STO=3
EsN0dB=6.31,GRXdB=10,N0=0.003981071524322033
packet_number=1694,correct=False,payload=[129,1,2,2,4,5,2,7,8,9,74,11,14,5,30,47,48,17,18,3,20,19,22,23,24,25,26,25,125,29,30,31,33,33,34,33,36,37,166,39,40,41,186,171,124,45,42,47,48,49,162,59,48,53,54,55,56,57,58,59,44,61,62,47,72,64,66,67,77,77,70,207,72,73,74,75,12,205,204,79,81,81,82,83,212,85,84,87,90,93,88,27,76,93,222,95,96,97,98,99]
CFO=-1238.221990175032,STO=5
EsN0dB=5.04,GRXdB=10,N0=0.005011872388422489
packet_number=1695,correct=False,payload=[4,1,6,19,4,5,6,39,8,73,10,11,108,141,158,9,16,17,146,19,20,29,6,23,24,17,26,27,28,31,30,63,32,57,163,35,37,37,34,37,40,40,42,43,44,45,62,47,112,49,50,51,180,21,18,55,56,57,58,57,58,63,54,63,69,33,82,67,68,196,86,7,8,69,66,75,79,69,78,79,208,81,82,91,124,156,86,71,88,93,122,27,94,93,94,78,96,97,34,99]
CFO=-507.86849855932803,STO=4
EsN0dB=5.65,GRXdB=10,N0=0.005011872388422489
packet_number=1696,correct=False,payload=[5,1,74,3,13,23,14,7,8,1,10,11,76,13,14,15,16,149,18,51,20,69,26,23,24,41,18,91,28,29,22,31,40,97,42,107,12,47,38,37,164,41,34,43,36,45,42,47,48,119,126,119,52,53,54,55,56,57,58,63,60,189,62,123,0,65,74,99,64,21,70,87,72,64,74,75,77,77,78,11,80,81,82,80,94,85,86,71,90,91,90,91,92,93,94,95,64,101,99,99]
CFO=-846.5761565441832,STO=3
EsN0dB=5.42,GRXdB=10,N0=0.005011872388422489
packet_number=1697,correct=False,payload=[16,9,66,7,5,5,6,7,232,9,10,27,188,13,12,13,17,21,26,87,20,17,22,22,24,25,154,27,28,25,158,159,224,16,34,35,36,39,38,39,40,43,44,43,108,37,14,111,48,177,34,51,54,53,182,119,58,49,58,59,60,61,62,63,64,65,74,67,68,197,198,70,72,75,74,107,204,77,110,79,24,81,26,83,220,85,94,86,121,25,122,91,84,76,90,95,96,97,103,99]
CFO=-1348.236297739185,STO=1
EsN0dB=5.29,GRXdB=10,N0=0.005011872388422489
packet_number=1698,correct=False,payload=[216,24,4,16,10,0,40,49,156,102,104,24,28,96,118,48,121,64,198,144,157,192,148,120,92,64,225,96,222,16,112,240,124,132,13,17,184,177,4,32,185,0,1,129,180,163,5,113,121,192,136,217,221,240,211,176,185,196,129,209,253,241,232,209,126,2,2,19,63,16,26,25,31,22,173,10,103,98,41,82,59,131,206,218,158,129,79,242,27,98,204,238,217,234,244,242,219,1,130,19]
CFO=-755.1896484054897,STO=5
EsN0dB=5.57,GRXdB=10,N0=0.005011872388422489
packet_number=1699,correct=False,payload=[32,3,2,1,4,77,6,3,31,9,10,91,140,13,14,11,18,17,18,19,52,85,22,23,24,25,26,27,28,61,16,31,48,33,35,35,60,37,38,4,40,97,42,43,44,141,110,47,48,48,50,51,52,55,54,55,24,121,59,59,60,61,62,191,80,65,82,67,68,69,199,71,88,73,72,75,76,93,78,79,88,80,218,83,84,17,86,87,216,89,2,91,30,92,94,95,98,65,66,35]
CFO=-2122.63852122798,STO=0
EsN0dB=5.13,GRXdB=10,N0=0.005011872388422489
packet_number=1700,correct=False,payload=[207,132,162,119,0,0,65,129,192,11,163,27,197,4,0,2,138,5,227,3,142,8,197,12,198,4,129,5,206,128,79,11,142,23,207,135,136,24,1,145,202,10,17,145,202,42,151,21,211,18,26,155,158,93,29,152,136,12,137,185,216,6,68,14,238,15,135,79,192,16,208,147,243,145,211,129,214,38,117,135,242,50,135,131,248,28,249,36,106,3,255,145,216,30,100,174,143,30,6,191]
CFO=-915.921430787834,STO=6
EsN0dB=5.16,GRXdB=10,N0=0.005011872388422489
packet_number=1701,correct=False,payload=[0,1,10,3,142,5,22,7,8,13,10,10,12,13,14,13,88,17,146,18,84,21,22,3,24,25,90,19,28,14,30,31,0,33,50,163,172,37,54,38,40,9,62,43,45,164,38,47,49,249,34,115,116,53,54,49,56,57,49,25,60,63,156,61,80,81,74,67,69,65,78,71,72,9,74,219,76,77,192,5,80,113,82,83,80,213,86,95,92,97,211,91,252,93,126,91,96,105,98,115]
CFO=-1398.218578584215,STO=3
EsN0dB=5.33,GRXdB=10,N0=0.005011872388422489
packet_number=1702,correct=False,payload=[4,1,38,65,16,17,4,7,8,13,10,43,8,13,142,15,49,149,203,147,20,22,20,23,24,61,24,27,28,29,22,87,56,1,34,35,38,101,54,39,40,9,42,171,108,43,46,47,48,48,34,51,48,241,52,53,56,57,186,51,126,125,62,63,64,65,82,67,77,77,70,71,72,65,74,79,68,77,78,79,208,81,82,19,84,84,86,86,88,89,83,95,68,93,94,92,96,96,98,225]
CFO=-915.7718425302303,STO=0
EsN0dB=5.11,GRXdB=10,N0=0.005011872388422489
packet_number=1703,correct=False,payload=[0,17,18,161,4,5,5,15,8,153,10,11,148,13,6,79,56,37,18,55,20,16,22,63,56,18,94,19,52,157,30,95,32,35,34,39,108,38,38,173,184,1,40,63,56,87,12,111,62,49,34,35,52,62,246,55,56,40,48,63,28,56,24,103,64,65,132,67,196,5,86,70,88,73,72,203,141,204,76,110,24,81,114,51,160,240,6,198,88,81,182,178,92,125,222,95,96,97,40,203]
CFO=-1210.7272771145572,STO=3
EsN0dB=5.18,GRXdB=10,N0=0.005011872388422489
packet_number=1704,correct=False,payload=[0,1,2,1,134,5,192,70,12,137,34,43,4,29,142,19,80,17,83,19,20,21,22,31,8,25,26,27,22,21,30,95,40,33,162,35,36,37,54,39,40,41,43,43,44,45,14,111,50,49,58,35,32,17,54,55,56,121,50,59,60,61,62,43,64,65,66,67,196,101,71,71,72,72,66,67,76,65,110,95,81,81,114,87,84,86,86,87,88,93,94,89,92,93,90,23,120,97,105,51]
CFO=-916.1104467867402,STO=1
EsN0dB=5.27,GRXdB=10,N0=0.005011872388422489
packet_number=1705,correct=False,payload=[220,70,194,239,61,101,32,224,0,64,8,161,128,195,35,35,128,103,129,227,199,226,12,64,198,197,140,103,193,230,39,195,198,227,138,227,135,232,0,12,73,233,136,72,200,218,12,127,202,195,135,223,131,110,4,4,140,214,12,6,142,238,14,78,239,207,15,207,207,208,24,89,96,108,8,145,193,144,24,2,152,163,27,19,147,220,156,70,144,65,150,147,216,240,30,60,146,231,138,79]
CFO=-750.5464834361215,STO=2
EsN0dB=5.31,GRXdB=10,N0=0.005011872388422489
packet_number=1706,correct=False,payload=[130,1,2,3,68,5,14,71,8,11,3,11,140,12,134,31,0,49,18,147,20,20,118,19,24,17,26,15,28,29,14,13,96,129,51,51,164,5,38,36,9,72,42,43,44,44,12,47,50,177,176,19,20,37,54,21,40,61,58,123,62,61,62,62,96,1,98,99,84,197,70,199,72,69,234,75,76,76,86,79,72,81,86,243,92,77,86,87,209,89,90,89,92,93,62,31,162,105,98,97]
CFO=-1419.0740157483528,STO=0
EsN0dB=5.25,GRXdB=10,N0=0.005011872388422489
packet_number=1707,correct=False,payload=[0,7,6,3,4,5,14,135,83,9,14,9,15,207,14,91,208,17,82,23,0,53,22,23,24,27,18,31,24,30,30,159,98,17,38,179,60,37,46,38,120,1,58,74,36,61,60,79,52,49,62,51,116,117,180,46,184,33,58,114,60,189,54,111,97,101,130,7,68,69,130,196,73,78,94,75,92,77,76,95,144,240,122,195,52,87,119,87,29,209,90,91,92,253,76,29,104,99,96,99]
CFO=-666.4133160308643,STO=5
EsN0dB=5.24,GRXdB=10,N0=0.005011872388422489
packet_number=1708,correct=False,payload=[7,1,6,19,2,4,6,7,72,9,0,137,12,45,14,143,148,17,18,19,84,17,150,22,8,25,25,27,60,29,31,31,112,49,162,35,37,36,38,39,44,9,234,42,46,45,46,47,176,112,50,59,60,167,50,51,184,25,58,90,60,28,191,63,81,65,2,195,102,85,70,71,72,73,74,91,76,85,78,143,64,89,83,199,84,85,86,87,120,89,90,127,76,93,94,95,96,225,98,107]
CFO=-812.0428505382391,STO=4
EsN0dB=5.29,GRXdB=10,N0=0.005011872388422489
packet_number=1709,correct=False,payload=[0,1,2,3,68,5,14,7,8,129,10,11,14,5,14,15,88,83,58,27,80,5,86,55,24,89,26,91,28,29,30,28,32,0,98,51,36,5,38,39,120,161,42,43,44,13,135,37,72,33,50,51,52,53,54,55,56,49,58,59,28,61,43,45,65,68,194,139,68,69,78,199,72,73,10,75,108,77,78,111,80,83,83,83,84,85,84,87,89,89,90,94,92,81,94,31,48,97,98,99]
CFO=-1165.544508537865,STO=4
EsN0dB=4.84,GRXdB=10,N0=0.005011872388422489
packet_number=1710,correct=False,payload=[0,1,147,3,4,37,6,7,8,9,10,11,20,13,174,15,50,16,18,18,20,21,22,23,8,24,26,25,62,93,30,31,32,33,42,38,52,33,103,39,56,41,40,59,44,61,46,47,32,49,50,59,52,51,54,55,248,185,58,123,60,189,174,61,192,1,106,65,68,85,70,79,72,73,66,75,72,79,78,79,80,81,82,83,80,117,214,71,120,93,90,123,120,125,94,91,228,96,98,99]
CFO=-670.2373919083598,STO=3
EsN0dB=4.97,GRXdB=10,N0=0.005011872388422489
packet_number=1711,correct=False,payload=[248,75,209,188,0,36,148,28,56,4,16,28,32,4,105,56,48,60,52,92,128,12,200,136,208,254,56,24,192,200,96,104,112,244,112,120,128,7,141,140,177,12,192,26,163,109,153,41,33,112,40,157,129,65,145,152,193,172,144,252,196,228,201,76,244,241,176,250,18,25,154,141,3,24,43,31,160,108,65,122,57,34,56,254,64,203,9,26,145,164,145,179,160,101,200,248,82,113,112,125]
CFO=-579.8465972846071,STO=0
EsN0dB=5.07,GRXdB=10,N0=0.005011872388422489
packet_number=1712,correct=False,payload=[168,173,254,0,139,6,7,8,141,13,134,73,14,16,146,24,12,14,47,20,21,51,3,10,57,52,23,16,49,106,22,28,154,60,62,36,32,38,66,97,38,79,37,8,58,126,27,188,73,124,29,52,160,56,55,112,247,117,119,80,57,56,58,60,127,255,95,240,193,16,199,228,135,206,14,1,152,40,202,8,22,198,159,225,145,182,146,80,15,110,63,252,243,50,30,184,61,62,222,192]
CFO=-1043.1051856679433,STO=5
EsN0dB=5.35,GRXdB=10,N0=0.005011872388422489
packet_number=1713,correct=False,payload=[0,1,0,3,36,20,4,135,10,41,10,11,76,12,14,73,0,1,18,19,148,23,22,23,24,25,26,23,60,159,158,19,96,1,34,33,36,37,38,39,42,105,40,59,172,61,46,103,49,49,18,27,52,53,54,115,56,57,58,27,61,53,62,62,197,97,66,67,196,69,70,87,72,75,42,75,12,77,206,31,80,113,90,83,84,93,86,86,24,89,90,91,92,241,94,95,96,81,112,99]
CFO=-1342.2066399422063,STO=2
EsN0dB=5.18,GRXdB=10,N0=0.005011872388422489
packet_number=1714,correct=False,payload=[6,1,0,3,68,5,7,3,8,9,170,9,8,15,46,15,144,17,51,19,20,149,178,55,26,25,26,29,28,21,14,141,178,112,162,11,4,53,38,39,232,49,42,57,44,61,62,42,176,53,50,51,36,49,183,51,56,249,58,105,61,61,190,63,96,193,66,67,134,69,70,71,200,73,10,75,76,76,79,203,88,81,211,83,68,7,86,103,92,89,218,95,126,31,93,70,112,97,102,97]
CFO=-1699.6281861951848,STO=3
EsN0dB=5.53,GRXdB=10,N0=0.005011872388422489
packet_number=1715,correct=False,payload=[0,1,2,67,0,1,12,103,9,5,10,9,76,5,39,79,2,17,22,9,16,21,22,117,24,29,24,11,29,31,14,29,224,49,162,35,36,37,135,83,168,13,42,58,62,44,110,47,48,57,19,59,20,53,19,51,152,57,58,63,190,57,54,63,64,64,65,69,196,103,102,71,221,105,74,65,38,44,94,103,240,81,115,91,116,126,182,79,152,89,170,89,154,93,95,101,96,101,98,1]
CFO=-1560.828781567986,STO=4
EsN0dB=5.26,GRXdB=10,N0=0.005011872388422489
packet_number=1716,correct=False,payload=[0,69,108,3,36,5,6,35,12,9,10,11,108,12,14,14,16,17,82,19,4,21,23,55,137,153,26,27,28,29,30,15,32,1,162,35,100,37,114,39,40,41,42,51,44,36,44,43,16,121,50,50,36,181,54,93,56,57,58,51,62,61,14,55,68,67,64,71,228,85,70,199,72,73,78,75,76,69,14,71,16,81,82,83,84,85,86,87,88,91,90,93,120,81,94,94,98,97,99,67]
CFO=-666.7239947743614,STO=3
EsN0dB=5.39,GRXdB=10,N0=0.005011872388422489
packet_number=1717,correct=False,payload=[0,137,38,2,0,13,6,7,8,41,154,11,140,141,78,15,48,16,18,25,22,149,22,23,24,25,30,19,90,29,30,31,48,57,160,35,36,41,38,39,56,41,42,45,12,45,46,47,60,17,58,58,54,181,54,55,184,121,56,63,188,5,63,51,203,65,71,99,13,69,71,71,220,77,207,75,76,79,78,79,80,80,18,83,84,85,118,87,88,93,222,123,124,125,94,95,96,224,96,99]
CFO=-918.4488379400849,STO=5
EsN0dB=5.32,GRXdB=10,N0=0.005011872388422489
packet_number=1718,correct=False,payload=[0,1,2,3,4,7,54,7,144,9,10,11,76,5,15,31,144,17,19,87,20,85,22,23,24,157,30,169,24,92,94,27,33,33,34,35,4,101,38,7,40,41,42,47,44,61,46,44,4,49,16,49,36,55,54,119,48,25,58,59,44,61,126,15,64,65,194,103,68,5,70,222,200,73,74,107,76,77,78,79,80,81,82,83,84,85,86,87,92,221,90,91,250,93,92,95,96,33,106,99]
CFO=-861.4755738883314,STO=5
EsN0dB=5.46,GRXdB=10,N0=0.005011872388422489
packet_number=1719,correct=False,payload=[0,1,6,3,4,1,6,7,8,1,42,139,94,13,46,143,16,17,18,21,54,21,22,87,24,25,90,11,20,13,158,31,32,33,42,51,36,33,38,35,40,45,10,43,12,141,174,47,33,49,97,59,52,245,54,55,56,57,58,63,60,61,60,63,64,1,66,66,70,69,78,71,104,8,74,75,108,77,78,79,80,91,82,87,116,84,86,85,88,73,90,11,108,89,94,95,102,101,102,107]
CFO=-749.4268541628011,STO=4
EsN0dB=5.23,GRXdB=10,N0=0.005011872388422489
packet_number=1720,correct=False,payload=[1,1,2,131,4,29,6,39,75,137,11,9,12,9,15,15,0,49,18,19,20,22,22,23,24,25,91,27,28,157,30,63,32,33,34,35,36,37,46,55,41,185,40,9,44,45,46,39,50,49,51,51,180,93,54,183,57,153,58,123,23,61,187,47,0,69,67,203,68,68,70,87,104,73,74,79,72,77,78,79,88,113,18,83,84,84,118,87,88,89,80,91,76,213,62,87,96,97,98,107]
CFO=833.2349946841173,STO=4
EsN0dB=5.37,GRXdB=10,N0=0.005011872388422489
packet_number=1721,correct=False,payload=[12,65,3,2,68,29,6,7,8,9,14,11,12,5,12,15,16,17,18,27,53,21,22,21,25,153,24,91,156,29,62,31,32,97,34,35,36,37,38,63,40,109,42,59,44,12,46,55,112,51,178,51,52,53,54,54,56,57,18,27,188,29,190,127,64,65,64,67,68,103,100,71,104,233,74,74,76,205,76,79,16,81,80,115,84,93,246,117,88,89,90,74,84,93,78,95,112,97,98,35]
CFO=-1092.0260598591403,STO=5
EsN0dB=5.32,GRXdB=10,N0=0.005011872388422489
packet_number=1722,correct=False,payload=[16,25,10,67,12,5,6,71,6,9,74,155,8,13,14,13,16,17,18,23,20,21,134,23,24,25,24,159,156,31,30,23,32,5,35,35,164,45,38,5,104,41,43,43,12,37,174,63,48,49,50,51,20,53,54,63,42,153,90,3,60,109,62,127,64,73,70,211,92,69,134,71,216,12,202,75,88,79,94,79,208,81,24,209,117,85,86,87,88,88,122,91,92,93,94,94,98,105,66,99]
CFO=-1373.3787458245636,STO=3
EsN0dB=5.29,GRXdB=10,N0=0.005011872388422489
packet_number=1723,correct=False,payload=[2,1,0,3,4,101,134,7,136,9,10,11,4,13,14,45,48,17,19,18,20,149,22,55,216,57,154,155,28,93,31,30,33,33,42,35,52,37,39,117,40,32,42,41,60,109,142,47,176,177,50,34,52,53,54,55,28,57,45,175,52,63,58,191,193,67,2,65,69,69,70,71,72,65,74,90,76,77,78,201,80,89,146,83,213,21,118,87,121,217,91,91,88,93,94,95,96,97,98,99]
CFO=-822.2101088683647,STO=4
EsN0dB=5.17,GRXdB=10,N0=0.005011872388422489
packet_number=1724,correct=False,payload=[4,11,134,3,6,14,6,7,0,25,10,11,12,79,14,15,19,17,2,51,20,29,86,23,24,25,24,27,28,93,31,27,0,131,34,113,32,37,20,39,42,9,138,34,44,44,46,47,16,113,178,61,52,180,118,62,57,41,58,59,60,61,191,63,64,65,66,71,64,68,70,71,72,200,10,75,94,79,78,71,16,81,86,83,80,5,86,85,88,209,90,75,92,93,127,30,97,225,96,99]
CFO=-1196.743650585687,STO=2
EsN0dB=5.41,GRXdB=10,N0=0.005011872388422489
packet_number=1725,correct=False,payload=[20,191,61,193,0,192,17,226,0,11,9,199,16,7,6,198,66,7,199,137,0,228,5,73,141,3,155,197,4,68,44,142,103,75,143,128,40,154,26,128,25,15,139,194,20,20,131,134,61,79,145,140,9,157,28,221,11,25,15,188,28,159,29,159,15,31,159,240,32,48,146,147,51,227,17,244,36,151,180,231,19,55,7,254,36,233,37,251,96,65,19,198,38,252,172,190,62,222,0,232]
CFO=-1024.9621399460775,STO=4
EsN0dB=5.32,GRXdB=10,N0=0.005011872388422489
packet_number=1726,correct=False,payload=[1,3,3,131,12,37,22,39,8,42,10,11,14,13,14,175,0,17,26,17,12,21,20,151,24,29,26,25,28,28,14,31,32,33,50,43,36,37,38,39,107,45,42,35,61,175,46,39,52,49,146,51,52,53,52,59,40,57,58,187,44,61,62,63,66,9,66,75,70,149,70,71,72,89,64,67,204,77,78,71,80,81,86,19,212,69,86,86,90,89,90,111,29,221,94,95,246,97,96,99]
CFO=-1624.3405287939497,STO=0
EsN0dB=5.35,GRXdB=10,N0=0.005011872388422489
packet_number=1727,correct=False,payload=[103,136,158,156,128,0,48,64,244,1,160,192,161,2,9,64,97,129,1,144,224,14,67,162,64,19,135,146,99,130,39,2,199,2,135,231,224,12,40,140,77,137,133,129,199,4,11,15,195,131,228,193,133,12,6,197,78,206,166,204,205,3,78,199,231,7,78,143,192,24,16,144,104,25,65,128,246,81,34,146,121,25,112,203,210,0,2,198,118,146,23,152,255,66,11,195,242,3,18,211]
CFO=-1143.875021917961,STO=4
EsN0dB=5.22,GRXdB=10,N0=0.005011872388422489
packet_number=1728,correct=False,payload=[128,1,2,35,4,5,14,7,8,11,6,11,72,13,14,15,146,87,82,18,18,21,18,7,24,27,155,7,28,61,30,31,48,1,34,35,33,45,102,181,40,105,34,41,44,45,46,47,48,33,114,51,52,53,30,151,60,121,58,57,62,45,124,63,72,65,66,65,68,69,70,71,104,77,106,74,12,100,70,79,80,209,80,83,85,117,87,87,88,89,74,75,92,81,94,31,104,97,226,98]
CFO=-1630.387973541892,STO=2
EsN0dB=5.55,GRXdB=10,N0=0.005011872388422489
packet_number=1729,correct=False,payload=[0,1,50,3,4,97,22,7,10,9,40,131,12,77,14,15,16,17,18,3,20,21,23,31,24,25,154,27,149,28,30,31,32,35,34,131,116,181,38,71,56,9,42,3,44,44,46,111,48,35,50,49,52,53,50,55,56,41,59,57,60,60,26,63,64,1,66,67,84,196,70,79,64,73,72,203,192,77,14,79,64,89,66,91,85,93,194,87,120,88,91,91,93,221,94,95,96,97,98,97]
CFO=-1109.5858121690737,STO=0
EsN0dB=5.18,GRXdB=10,N0=0.005011872388422489
packet_number=1730,correct=False,payload=[64,65,2,51,4,133,70,7,16,11,129,11,142,13,2,23,0,25,16,86,52,7,22,31,24,27,18,59,28,29,158,191,105,3,32,167,32,100,10,39,104,43,49,34,12,173,110,110,121,56,118,113,112,101,118,103,57,56,122,119,60,61,127,125,1,192,0,33,76,96,164,163,72,73,138,68,104,78,94,207,80,65,83,87,196,157,92,247,216,217,66,82,92,113,124,30,105,97,226,102]
CFO=-715.4145872404166,STO=1
EsN0dB=5.30,GRXdB=10,N0=0.005011872388422489
packet_number=1731,correct=False,payload=[111,67,112,16,210,1,32,66,68,96,96,128,176,16,16,193,208,226,227,65,1,33,112,66,65,97,113,129,35,169,49,233,211,227,246,128,22,2,48,6,2,98,114,192,68,160,163,198,214,226,211,3,19,35,52,66,95,194,123,135,151,7,185,194,211,243,244,10,10,100,84,197,156,100,244,8,39,229,189,196,193,100,225,1,17,49,50,68,60,235,119,147,53,181,241,193,209,229,246,132]
CFO=-309.8057895887338,STO=0
EsN0dB=5.21,GRXdB=10,N0=0.005011872388422489
packet_number=1732,correct=False,payload=[128,1,6,3,12,135,68,15,18,72,130,2,28,15,14,15,48,17,49,19,48,23,22,23,24,8,24,23,60,25,62,61,32,33,33,75,8,173,6,7,96,41,146,10,32,57,42,42,51,57,54,51,118,181,118,55,120,185,58,50,56,184,31,51,1,65,198,66,196,77,6,7,200,73,192,93,92,77,140,46,113,65,86,115,148,205,36,54,220,88,90,71,92,63,20,207,98,225,230,35]
CFO=-1358.829968573744,STO=5
EsN0dB=4.95,GRXdB=10,N0=0.005011872388422489
packet_number=1733,correct=False,payload=[4,3,2,3,4,149,2,7,8,11,11,75,44,143,78,11,28,81,210,51,20,17,30,21,24,153,27,27,13,31,30,30,1,53,2,99,52,37,35,15,42,41,42,171,236,44,46,47,16,33,54,59,52,53,54,55,24,57,26,123,124,29,60,127,64,73,66,3,70,5,71,79,202,9,74,43,204,79,78,94,80,81,82,83,20,81,86,87,88,89,126,83,92,93,94,63,98,97,98,66]
CFO=-1016.9931115957037,STO=0
EsN0dB=5.25,GRXdB=10,N0=0.005011872388422489
packet_number=1734,correct=False,payload=[36,0,2,3,36,4,46,39,68,9,10,10,76,76,14,31,4,2,16,51,144,28,28,22,26,50,24,144,56,45,26,63,96,34,38,6,164,179,2,70,48,138,122,35,108,57,62,62,224,48,118,51,100,53,118,182,58,28,59,59,60,63,126,63,0,66,224,195,70,70,78,79,72,73,68,75,216,14,13,7,16,192,66,67,124,71,214,103,106,186,90,251,120,73,94,85,96,193,114,162]
CFO=-1118.9274002354703,STO=6
EsN0dB=5.37,GRXdB=10,N0=0.005011872388422489
packet_number=1735,correct=False,payload=[80,1,1,3,4,107,14,5,9,25,14,11,76,13,14,14,16,17,18,19,52,5,22,22,25,25,178,27,28,16,22,15,34,33,39,43,32,101,39,39,40,41,34,171,172,45,42,39,112,53,106,51,20,53,54,55,56,57,58,62,60,63,62,59,64,65,98,71,68,71,70,67,72,72,74,11,76,79,206,79,208,81,114,83,220,85,6,23,88,89,64,91,124,77,126,95,224,113,98,107]
CFO=-1774.1322691166376,STO=5
EsN0dB=5.41,GRXdB=10,N0=0.005011872388422489
packet_number=1736,correct=False,payload=[0,3,129,3,132,21,38,7,78,9,26,11,8,13,14,142,16,3,18,19,16,145,22,14,8,29,26,19,24,29,95,31,32,33,130,34,36,103,174,165,40,9,42,58,40,109,46,47,32,19,114,51,180,33,30,51,56,185,58,58,52,61,62,55,32,65,66,67,64,5,70,71,72,73,74,75,92,77,14,79,80,81,243,82,84,85,86,215,25,89,122,91,28,92,26,31,96,96,98,67]
CFO=-412.7022040510383,STO=1
EsN0dB=5.34,GRXdB=10,N0=0.005011872388422489
packet_number=1737,correct=False,payload=[123,128,137,0,3,8,2,7,11,128,20,2,5,20,67,151,11,200,25,140,3,8,10,152,27,220,24,11,77,62,95,199,59,145,32,146,39,6,33,35,35,148,21,158,25,190,11,135,143,152,16,240,19,176,56,147,53,156,21,158,29,156,28,30,63,160,1,66,67,102,2,39,7,200,84,212,101,0,229,167,79,248,56,195,113,74,19,14,211,44,28,43,191,44,93,143,79,180,64,41]
CFO=-1025.8422382797553,STO=5
EsN0dB=5.14,GRXdB=10,N0=0.005011872388422489
packet_number=1738,correct=False,payload=[16,17,10,39,4,5,6,151,8,137,10,139,44,173,14,15,144,17,4,19,28,21,22,23,152,25,25,59,24,21,30,31,224,33,34,163,36,37,38,47,56,169,42,43,12,45,44,15,120,52,50,51,52,113,38,183,184,253,56,51,58,61,62,119,64,65,66,65,102,85,70,199,72,11,74,75,76,206,78,79,80,81,82,67,92,213,86,87,86,201,90,91,84,125,156,91,114,105,226,195]
CFO=-1023.4511977515584,STO=4
EsN0dB=5.04,GRXdB=10,N0=0.005011872388422489
packet_number=1739,correct=False,payload=[2,67,2,3,4,5,6,7,8,75,10,201,140,45,30,15,17,49,2,67,20,21,18,23,24,121,90,27,28,189,30,159,32,161,42,39,36,37,34,39,44,33,43,35,45,44,14,47,112,53,48,51,180,61,52,167,48,121,56,57,60,13,62,63,64,81,66,65,68,69,68,71,200,89,74,75,76,77,78,79,80,65,83,83,212,69,86,87,88,89,90,11,92,157,94,95,32,33,99,35]
CFO=-582.6461447866008,STO=3
EsN0dB=5.34,GRXdB=10,N0=0.005011872388422489
packet_number=1740,correct=False,payload=[96,0,49,64,96,12,193,228,225,41,80,245,105,129,193,129,243,3,18,194,224,195,50,192,225,35,33,65,179,243,97,193,224,68,4,77,116,132,100,68,196,5,37,68,245,199,117,193,230,2,60,70,226,148,150,215,227,3,131,131,119,66,167,231,236,8,124,72,120,200,236,105,37,25,137,96,73,168,169,72,238,10,34,50,72,138,207,67,237,79,195,239,43,139,229,81,232,12,12,66]
CFO=-1075.9846016834576,STO=7
EsN0dB=5.24,GRXdB=10,N0=0.005011872388422489
packet_number=1741,correct=False,payload=[0,129,2,7,20,5,70,7,10,9,14,27,140,9,30,15,0,17,48,27,84,149,94,147,24,59,26,26,30,29,30,155,34,49,42,3,4,13,34,39,40,41,43,170,44,173,110,110,112,49,178,49,55,53,118,55,120,25,58,59,56,63,60,127,195,225,74,193,76,79,68,71,72,41,202,73,70,77,78,15,80,1,18,115,84,116,84,23,88,89,24,59,124,93,30,31,96,101,98,99]
CFO=-1342.7231729981884,STO=0
EsN0dB=5.40,GRXdB=10,N0=0.005011872388422489
packet_number=1742,correct=False,payload=[172,64,0,40,12,16,20,24,28,96,100,8,40,60,44,56,61,65,4,72,10,193,5,104,124,64,68,232,124,112,124,121,126,16,142,136,152,161,184,8,156,32,164,200,140,177,180,186,61,192,197,249,204,213,224,216,208,232,228,233,236,244,240,248,249,3,13,19,29,17,37,57,29,1,37,249,100,49,113,57,63,72,69,136,76,81,84,89,253,96,103,254,199,97,116,113,63,131,13,137]
CFO=-1009.4159890648939,STO=6
EsN0dB=5.33,GRXdB=10,N0=0.005011872388422489
packet_number=1743,correct=False,payload=[16,17,74,3,4,5,134,7,8,200,10,11,12,13,14,143,16,145,82,19,20,53,6,23,10,27,26,19,92,61,30,31,32,129,102,35,44,37,38,55,62,41,42,122,124,173,42,111,176,49,48,51,126,55,54,53,56,25,56,59,189,61,122,63,64,65,82,67,4,77,70,79,72,89,206,75,76,73,79,78,80,75,82,83,92,79,86,79,252,125,30,89,252,73,92,95,97,233,98,99]
CFO=-445.9742670090735,STO=6
EsN0dB=5.33,GRXdB=10,N0=0.005011872388422489
packet_number=1744,correct=False,payload=[72,65,2,67,0,5,134,37,24,9,10,75,12,5,6,15,32,16,18,19,148,21,22,23,24,17,24,27,92,29,26,31,32,32,58,99,36,63,166,15,24,171,42,15,44,13,62,191,48,33,50,51,36,181,54,23,32,121,58,59,60,191,30,31,64,83,66,67,64,68,198,71,72,137,78,75,76,13,78,79,64,81,112,69,150,85,86,87,64,89,82,91,92,93,78,94,64,225,224,107]
CFO=-345.0682420045113,STO=3
EsN0dB=5.17,GRXdB=10,N0=0.005011872388422489
packet_number=1745,correct=False,payload=[5,1,2,66,0,69,4,7,76,9,10,101,12,12,142,15,48,17,18,18,60,29,6,23,56,155,26,26,28,139,93,159,40,41,146,35,36,37,38,118,40,169,42,43,172,53,46,15,58,177,50,50,52,53,54,183,188,57,58,51,60,61,62,181,80,67,202,75,100,69,6,71,72,73,104,75,108,77,94,79,80,85,66,83,84,81,86,31,92,88,90,91,92,125,94,223,96,227,98,99]
CFO=-712.2124024584442,STO=4
EsN0dB=5.16,GRXdB=10,N0=0.005011872388422489
packet_number=1746,correct=False,payload=[12,9,138,3,132,5,134,7,72,16,98,11,20,13,14,7,16,17,22,81,52,21,30,23,26,25,26,51,24,29,78,31,32,33,2,35,38,33,36,167,40,11,58,43,44,109,110,63,49,33,50,51,52,53,54,54,60,57,54,123,56,60,62,63,200,65,66,115,197,69,70,67,200,73,58,91,108,93,7,11,80,81,90,67,84,85,86,151,25,89,74,219,124,77,94,223,100,65,98,99]
CFO=-987.6866197100792,STO=6
EsN0dB=5.24,GRXdB=10,N0=0.005011872388422489
packet_number=1747,correct=False,payload=[32,1,4,67,4,37,6,7,8,11,10,11,13,13,14,135,21,81,16,18,20,93,22,7,24,25,27,31,28,9,94,95,32,105,162,35,4,37,38,23,44,41,43,171,45,45,46,43,48,33,19,51,52,49,39,23,56,53,58,35,60,37,62,63,64,65,6,67,68,5,70,71,64,77,74,91,76,77,78,77,80,81,87,83,84,85,22,92,120,89,90,89,94,25,86,75,100,101,234,102]
CFO=-1338.2097934810179,STO=2
EsN0dB=5.34,GRXdB=10,N0=0.005011872388422489
packet_number=1748,correct=False,payload=[218,108,0,36,9,12,16,20,25,30,0,100,73,46,48,52,24,12,64,38,8,124,82,20,88,92,40,120,44,126,113,84,104,220,192,160,8,14,0,188,152,208,176,166,56,36,208,20,24,222,64,96,232,204,208,84,249,92,112,224,240,108,240,248,250,125,1,69,9,13,17,20,153,28,33,39,57,36,49,21,61,123,81,229,105,69,83,245,93,91,97,97,109,221,49,85,57,105,131,133]
CFO=-420.68252711527407,STO=1
EsN0dB=5.52,GRXdB=10,N0=0.005011872388422489
packet_number=1749,correct=False,payload=[56,0,112,160,48,64,16,48,59,8,48,128,152,64,192,96,241,129,145,33,57,1,65,41,113,192,153,245,50,195,241,225,250,0,30,0,50,54,24,66,114,194,136,33,214,194,214,240,243,65,1,19,19,129,23,241,51,129,193,129,187,193,211,227,112,6,152,5,80,98,84,38,116,132,165,197,244,164,96,232,92,5,1,16,149,4,117,33,249,4,149,166,185,225,245,243,242,6,50,39]
CFO=-586.6687230368498,STO=1
EsN0dB=5.12,GRXdB=10,N0=0.005011872388422489
packet_number=1750,correct=False,payload=[160,1,2,1,134,5,7,71,160,12,206,43,36,78,6,7,129,25,153,147,14,25,7,19,24,25,154,9,108,30,143,31,145,148,3,19,184,53,39,23,32,40,169,51,20,61,172,111,144,81,179,19,16,21,58,63,56,120,24,56,157,28,156,63,0,1,225,67,244,6,55,195,72,72,130,71,100,69,135,175,130,0,80,91,108,56,95,91,8,7,27,107,152,92,127,203,48,97,33,101]
CFO=-1794.3447672932787,STO=3
EsN0dB=5.40,GRXdB=10,N0=0.005011872388422489
packet_number=1751,correct=False,payload=[16,65,2,3,6,22,4,7,40,9,14,11,72,13,14,15,24,17,18,19,20,21,22,19,0,25,26,27,30,29,22,30,48,33,50,33,38,101,70,165,44,33,42,43,36,47,62,47,48,48,56,50,60,117,6,55,56,57,58,123,60,61,60,127,16,65,66,75,68,69,134,71,72,73,74,74,92,89,74,103,64,17,64,19,212,93,214,95,80,89,90,91,92,29,94,95,96,97,98,99]
CFO=-1236.7195857169752,STO=6
EsN0dB=5.64,GRXdB=10,N0=0.005011872388422489
packet_number=1752,correct=False,payload=[0,17,18,3,76,7,4,23,42,9,11,3,12,45,74,15,16,17,16,19,20,145,22,23,24,25,152,27,28,93,28,59,100,33,34,35,52,53,36,39,32,41,50,11,44,173,110,47,48,48,51,51,20,61,182,55,56,57,42,59,58,61,58,29,192,65,128,195,4,69,70,83,74,75,74,99,81,69,78,95,80,81,82,83,220,48,87,23,88,89,88,91,92,93,30,78,96,97,99,99]
CFO=-1300.5322881532427,STO=5
EsN0dB=5.43,GRXdB=10,N0=0.005011872388422489
packet_number=1753,correct=False,payload=[8,0,34,7,36,71,134,6,8,8,10,15,12,45,14,15,4,19,18,27,84,19,6,31,24,89,90,27,28,29,30,31,32,1,226,163,36,5,34,191,24,60,40,43,42,173,46,43,56,113,50,115,48,53,118,59,56,59,58,59,52,125,126,143,0,97,48,71,84,69,70,71,72,73,74,233,76,29,78,79,80,217,18,83,92,85,150,87,88,88,90,219,92,93,94,127,98,97,98,67]
CFO=-442.7049957770502,STO=7
EsN0dB=5.37,GRXdB=10,N0=0.005011872388422489
packet_number=1754,correct=False,payload=[26,124,0,5,8,12,0,80,152,56,0,0,64,44,49,61,56,28,66,132,200,140,0,20,92,92,97,100,96,236,112,116,120,210,136,132,141,12,176,132,152,152,131,228,160,172,185,44,187,152,66,196,193,172,209,245,216,248,224,253,232,224,248,244,249,249,0,13,9,157,48,22,57,25,101,38,61,109,50,117,185,61,64,5,201,197,209,100,25,89,67,68,235,125,117,115,253,79,3,193]
CFO=-1245.351593019598,STO=3
EsN0dB=5.54,GRXdB=10,N0=0.005011872388422489
packet_number=1755,correct=False,payload=[0,129,2,2,0,12,6,15,24,43,105,27,12,13,14,15,2,17,24,17,20,21,54,23,30,152,26,27,28,29,158,31,100,33,34,35,36,37,38,39,40,41,58,43,44,61,10,175,48,81,58,49,54,28,54,59,56,45,62,59,52,25,46,63,64,65,66,67,84,69,70,71,204,72,10,91,78,77,206,111,92,83,82,195,212,17,246,95,88,89,90,91,124,93,62,94,112,97,114,99]
CFO=-1382.094233217042,STO=2
EsN0dB=5.12,GRXdB=10,N0=0.005011872388422489
packet_number=1756,correct=False,payload=[33,142,192,0,0,64,65,1,65,129,130,0,98,2,251,65,115,129,230,132,78,36,196,69,85,133,134,15,70,138,229,7,71,199,200,13,0,136,193,143,109,237,207,11,78,78,171,9,75,131,198,14,73,156,197,13,77,141,206,15,78,138,203,86,207,143,216,0,16,144,211,152,85,149,209,18,66,131,243,83,121,147,242,16,118,148,197,23,85,8,214,2,214,143,215,19,77,159,248,216]
CFO=-1109.0053646692957,STO=0
EsN0dB=5.13,GRXdB=10,N0=0.005011872388422489
packet_number=1757,correct=False,payload=[128,1,128,3,36,5,6,6,8,1,10,139,4,15,4,15,0,18,178,3,28,22,54,23,24,25,18,27,20,59,60,31,48,97,62,39,44,37,38,47,10,169,10,127,44,172,86,23,34,113,48,51,20,39,117,54,34,88,58,123,60,45,188,62,81,192,82,70,68,205,68,14,216,30,70,43,76,75,204,79,16,83,82,67,116,53,22,87,88,73,94,67,92,85,87,74,224,97,98,99]
CFO=-1360.116558026776,STO=6
EsN0dB=5.42,GRXdB=10,N0=0.005011872388422489
packet_number=1758,correct=False,payload=[0,1,2,3,6,5,6,7,10,16,138,11,12,13,14,15,17,25,34,19,20,16,22,23,25,25,26,223,124,61,30,31,36,33,34,51,36,37,34,55,40,49,58,99,60,13,46,47,48,48,50,35,52,55,54,37,56,57,18,31,60,60,50,62,64,65,82,2,68,69,69,71,72,88,74,79,76,77,78,75,80,81,82,83,20,85,86,87,88,88,94,83,92,84,86,93,34,97,98,103]
CFO=-935.3462041961349,STO=0
EsN0dB=5.17,GRXdB=10,N0=0.005011872388422489
packet_number=1759,correct=False,payload=[2,4,4,3,12,5,12,71,168,56,74,3,12,28,14,14,0,3,2,178,56,53,70,7,24,17,18,31,29,63,60,62,33,67,6,7,0,1,70,39,88,99,34,203,45,54,28,15,48,81,36,18,116,61,52,38,48,18,121,115,60,63,125,63,194,129,198,131,144,129,194,86,88,201,152,90,72,89,77,79,32,83,82,179,92,49,12,47,120,112,158,86,60,9,158,30,192,101,224,199]
CFO=-958.8942299971385,STO=5
EsN0dB=5.43,GRXdB=10,N0=0.005011872388422489
packet_number=1760,correct=False,payload=[0,1,2,3,4,5,6,135,10,25,10,11,8,19,1,15,24,149,82,19,20,21,30,23,24,25,26,27,152,29,62,31,32,33,7,107,36,45,38,39,32,41,170,27,36,37,46,13,112,57,34,51,53,53,54,55,56,49,50,59,60,53,26,63,80,65,70,67,76,71,70,71,64,9,74,75,72,89,222,79,144,81,82,119,84,85,94,243,216,93,58,123,92,93,94,79,98,113,98,99]
CFO=-882.7032326463001,STO=1
EsN0dB=5.02,GRXdB=10,N0=0.005011872388422489
packet_number=1761,correct=False,payload=[96,43,204,0,1,12,6,0,28,9,14,100,44,32,54,28,122,24,30,64,68,228,110,12,192,220,110,128,98,125,116,120,56,48,124,133,212,68,78,16,2,8,154,112,96,40,190,80,116,88,190,96,34,0,230,16,72,124,94,96,100,226,118,240,248,249,124,128,67,0,15,145,24,13,143,160,54,53,45,176,60,184,153,69,192,77,102,96,10,189,253,116,241,125,254,120,113,249,188,129]
CFO=-799.453483805567,STO=1
EsN0dB=5.51,GRXdB=10,N0=0.005011872388422489
packet_number=1762,correct=False,payload=[223,0,25,2,3,2,51,70,7,4,1,140,3,26,5,142,13,128,17,144,17,72,20,22,31,25,37,24,27,156,74,158,31,16,55,18,163,32,37,55,54,13,57,44,63,44,23,22,155,48,121,146,29,6,126,50,51,24,56,123,107,52,61,158,31,128,229,66,67,72,67,82,71,130,41,88,11,70,101,15,127,16,5,35,27,150,85,23,83,88,93,88,94,236,27,74,31,32,113,114]
CFO=-943.4425278255713,STO=2
EsN0dB=5.13,GRXdB=10,N0=0.005011872388422489
packet_number=1763,correct=False,payload=[161,34,9,144,133,0,195,1,196,12,133,79,6,39,199,135,137,8,137,40,137,15,139,11,205,14,45,13,141,14,207,7,208,16,3,17,243,18,155,3,156,12,134,21,150,14,151,23,72,24,93,137,26,24,152,27,140,156,189,29,68,30,31,63,164,32,129,1,163,50,163,3,164,54,165,41,166,39,165,167,168,76,169,185,170,105,137,43,165,108,175,93,174,46,47,111,168,16,208,117]
CFO=-702.0390372751546,STO=4
EsN0dB=5.14,GRXdB=10,N0=0.005011872388422489
packet_number=1764,correct=False,payload=[8,1,50,3,134,5,6,7,8,41,14,155,45,9,30,15,16,17,18,51,4,23,38,23,24,25,27,27,28,29,22,15,32,0,42,35,36,37,38,35,8,43,42,43,36,45,110,175,48,51,50,51,52,53,54,51,40,57,177,59,60,57,58,63,64,81,66,67,76,69,76,70,72,105,194,75,92,77,14,15,80,83,82,83,84,85,22,119,88,25,90,89,92,93,126,223,208,97,226,35]
CFO=-1329.8039176149787,STO=5
EsN0dB=5.38,GRXdB=10,N0=0.005011872388422489
packet_number=1765,correct=False,payload=[0,1,2,5,16,5,22,7,3,25,11,11,12,13,14,31,16,1,18,11,52,29,86,25,16,25,26,27,156,125,158,31,32,33,32,35,36,229,38,42,40,41,43,75,44,61,46,47,112,19,50,51,52,53,102,23,56,57,42,51,60,63,63,57,64,65,66,3,68,85,6,71,74,73,74,75,204,77,78,79,208,81,114,211,84,81,214,23,120,89,90,27,92,93,94,79,235,97,98,35]
CFO=-1329.1897934880428,STO=3
EsN0dB=5.24,GRXdB=10,N0=0.005011872388422489
packet_number=1766,correct=False,payload=[0,1,3,1,4,5,6,7,8,8,2,3,12,35,14,15,128,153,25,51,0,7,14,183,10,29,39,154,26,28,31,79,144,48,35,131,6,52,54,63,10,77,11,25,6,63,167,55,248,25,50,35,158,30,146,43,56,25,58,27,190,183,31,31,64,65,70,3,70,39,135,103,100,73,76,137,108,46,70,79,80,81,81,3,206,117,86,71,172,21,94,93,28,93,253,79,112,97,97,107]
CFO=-384.1958581545102,STO=6
EsN0dB=5.08,GRXdB=10,N0=0.005011872388422489
packet_number=1767,correct=False,payload=[1,1,6,7,4,5,6,143,8,9,11,11,12,13,14,15,16,145,18,19,20,53,23,31,8,25,90,59,28,61,30,31,32,13,32,59,36,33,34,135,40,9,42,43,44,45,46,63,32,49,50,18,61,53,54,49,56,153,58,59,60,63,62,127,64,65,66,67,72,65,70,77,72,201,202,73,124,93,78,79,16,83,82,211,87,85,214,87,88,121,218,219,88,93,94,78,100,73,98,67]
CFO=-897.9807412780973,STO=4
EsN0dB=5.27,GRXdB=10,N0=0.005011872388422489
packet_number=1768,correct=False,payload=[0,1,2,3,2,13,134,135,9,9,10,9,12,12,14,7,144,1,18,34,20,49,22,20,24,25,154,27,24,29,30,55,32,37,34,43,36,37,38,39,44,41,43,41,172,57,46,47,48,49,50,51,52,53,54,54,42,41,58,27,56,61,62,63,64,65,66,99,69,65,70,70,200,233,10,105,78,205,78,71,88,1,115,87,92,85,86,71,24,121,218,219,72,93,62,94,64,97,98,98]
CFO=-591.9297473928559,STO=2
EsN0dB=5.15,GRXdB=10,N0=0.005011872388422489
packet_number=1769,correct=False,payload=[122,9,16,0,16,64,192,96,112,24,145,160,176,192,208,192,249,1,65,32,49,67,115,32,113,144,145,163,177,129,209,97,242,2,19,34,50,66,82,98,115,130,155,35,50,74,209,234,115,3,19,35,115,67,83,99,51,147,131,179,179,214,215,251,244,132,16,38,16,68,4,100,84,4,156,190,180,196,246,228,245,135,21,37,181,69,85,228,117,129,181,197,176,199,213,241,242,7,30,167]
CFO=-1180.8752001530434,STO=2
EsN0dB=5.25,GRXdB=10,N0=0.005011872388422489
packet_number=1770,correct=False,payload=[0,3,6,3,24,5,192,47,8,9,4,3,12,12,14,15,16,17,18,51,20,21,22,23,24,29,15,91,28,153,158,15,32,33,2,33,182,37,54,167,32,41,163,43,60,60,38,47,184,49,48,49,244,58,182,54,56,25,58,61,48,53,188,31,192,65,67,3,68,71,67,69,212,9,79,199,76,77,14,111,80,12,243,123,68,69,114,71,24,65,27,7,92,126,94,95,96,96,100,51]
CFO=-1603.9575130474045,STO=2
EsN0dB=5.16,GRXdB=10,N0=0.005011872388422489
packet_number=1771,correct=False,payload=[95,138,77,53,200,0,212,196,81,33,128,132,194,38,81,130,241,3,101,131,198,36,70,169,133,37,103,133,239,198,100,166,199,195,70,135,204,200,72,9,193,5,65,9,202,11,66,202,73,203,219,137,202,18,68,5,237,132,197,145,207,136,70,206,77,15,199,77,144,37,64,81,209,1,89,195,195,19,92,210,67,27,83,131,244,52,68,148,151,1,71,149,230,54,86,159,87,11,85,151]
CFO=-1465.3338434957261,STO=2
EsN0dB=5.27,GRXdB=10,N0=0.005011872388422489
packet_number=1772,correct=False,payload=[32,128,162,67,132,4,80,7,17,1,27,9,12,15,78,11,16,17,73,29,20,21,22,51,24,29,10,159,12,29,30,31,144,37,33,35,36,5,38,163,56,37,186,43,44,41,44,47,48,33,115,35,182,53,54,59,60,27,50,59,45,61,63,63,96,1,66,67,68,85,70,197,72,72,74,107,76,73,78,111,0,25,82,83,20,85,86,87,88,25,79,91,92,93,94,95,96,97,66,33]
CFO=-828.1947063895691,STO=1
EsN0dB=5.38,GRXdB=10,N0=0.005011872388422489
packet_number=1773,correct=False,payload=[184,2,88,0,24,32,64,32,120,68,72,84,192,64,64,176,113,11,155,188,144,1,8,176,145,0,233,193,217,193,233,243,249,0,24,17,49,1,79,33,51,17,153,112,2,96,227,98,251,33,27,131,177,67,75,115,243,201,217,161,211,195,232,243,246,16,18,52,48,64,184,112,114,64,14,3,186,224,68,165,111,1,204,61,177,43,194,178,56,197,203,245,212,233,182,162,255,146,15,35]
CFO=-1298.6518516973736,STO=6
EsN0dB=5.26,GRXdB=10,N0=0.005011872388422489
packet_number=1774,correct=False,payload=[10,1,6,195,4,5,6,7,8,9,0,3,12,29,14,15,16,19,16,19,20,17,22,7,24,9,26,27,24,13,31,31,40,33,34,163,44,37,38,55,41,97,42,43,44,45,54,47,48,17,50,83,52,49,54,55,56,57,58,59,60,61,62,51,0,69,66,67,68,85,70,71,73,73,78,11,76,141,78,79,80,89,82,82,82,93,94,70,88,25,218,27,220,92,218,95,160,97,99,103]
CFO=-377.3787127485374,STO=3
EsN0dB=5.06,GRXdB=10,N0=0.005011872388422489
packet_number=1775,correct=False,payload=[69,1,3,71,12,5,3,5,8,8,110,3,76,13,15,11,128,18,18,19,4,149,22,17,90,153,25,9,12,14,158,223,32,33,106,3,38,37,44,51,2,57,42,43,45,13,108,47,49,49,50,16,124,53,54,37,168,25,50,59,60,61,190,47,192,1,66,107,84,69,86,67,92,96,74,75,108,69,78,79,80,210,82,83,84,85,70,87,116,89,218,75,92,29,78,79,96,97,226,107]
CFO=-1405.000387247607,STO=2
EsN0dB=5.25,GRXdB=10,N0=0.005011872388422489
packet_number=1776,correct=False,payload=[4,0,130,35,4,36,2,19,136,9,74,139,140,143,134,15,130,144,147,18,145,5,22,26,16,153,25,15,30,15,30,31,33,33,130,3,0,7,34,227,46,39,10,43,140,14,46,71,148,49,115,51,60,51,58,51,56,61,58,27,222,45,191,63,64,32,98,67,100,5,196,71,68,87,178,77,70,142,239,15,152,81,78,211,116,80,79,71,88,24,27,93,94,95,126,63,32,113,98,35]
CFO=-1436.0116990932536,STO=5
EsN0dB=5.34,GRXdB=10,N0=0.005011872388422489
packet_number=1777,correct=False,payload=[145,33,6,35,68,133,6,135,24,9,8,11,12,29,14,63,16,97,18,183,84,31,134,23,26,25,56,1,24,29,6,31,32,41,34,35,36,55,6,39,41,41,46,67,52,173,174,47,148,17,50,51,52,55,54,55,58,59,26,59,60,125,126,63,64,97,194,67,64,85,70,111,78,74,74,75,76,77,78,15,80,85,82,83,21,85,86,87,217,73,248,26,13,93,94,95,96,113,34,226]
CFO=-906.372743322385,STO=7
EsN0dB=5.08,GRXdB=10,N0=0.005011872388422489
packet_number=1778,correct=False,payload=[84,4,42,3,4,21,6,7,14,152,34,75,12,13,14,143,16,49,18,18,16,21,86,23,24,25,26,26,28,61,30,63,40,33,35,51,100,69,102,39,40,105,42,43,45,45,47,47,24,49,56,51,52,52,62,55,56,57,58,57,52,61,62,63,97,65,66,65,196,69,70,69,88,65,90,75,12,73,14,79,12,81,18,83,76,85,86,87,88,89,30,211,88,93,94,95,104,99,98,99]
CFO=-1231.0138875868797,STO=0
EsN0dB=5.13,GRXdB=10,N0=0.005011872388422489
packet_number=1779,correct=False,payload=[179,167,204,80,7,96,0,240,96,225,128,160,80,233,70,33,193,227,1,241,131,224,66,198,66,66,194,163,198,194,3,35,7,99,7,35,131,232,148,4,68,228,144,164,209,192,9,53,70,134,197,231,147,235,142,53,34,102,140,133,230,239,7,37,78,5,151,163,195,200,24,56,146,104,136,200,201,137,9,57,88,59,139,41,137,194,30,3,78,62,129,232,202,223,33,39,43,91,131,11]
CFO=-1503.819587875286,STO=4
EsN0dB=5.06,GRXdB=10,N0=0.005011872388422489
packet_number=1780,correct=False,payload=[64,9,132,3,4,21,30,5,24,8,15,15,141,12,14,15,16,16,22,19,29,21,18,19,25,25,26,31,28,159,30,26,49,33,34,34,36,37,39,15,104,41,10,42,44,45,46,39,56,33,54,65,52,53,54,55,56,121,58,59,60,61,190,51,64,69,194,67,68,69,71,110,232,73,74,79,76,77,78,207,80,89,82,80,84,85,70,213,217,120,90,91,92,93,222,31,100,97,226,67]
CFO=-1043.2806835841172,STO=5
EsN0dB=5.32,GRXdB=10,N0=0.005011872388422489
packet_number=1781,correct=False,payload=[0,1,4,1,4,5,14,135,8,9,43,10,12,13,14,47,48,17,18,147,20,29,28,151,24,25,28,27,92,29,30,31,32,97,34,35,36,37,38,39,40,41,48,187,40,13,46,47,48,53,50,55,184,53,62,39,120,56,58,59,125,183,62,21,64,65,66,71,64,69,70,87,64,75,72,75,92,77,78,207,92,81,83,51,20,85,116,87,88,89,250,91,84,77,126,95,112,97,112,99]
CFO=-873.4301243411135,STO=6
EsN0dB=5.63,GRXdB=10,N0=0.005011872388422489
packet_number=1782,correct=False,payload=[10,1,6,1,4,21,6,23,8,9,10,75,76,8,10,15,16,147,18,1,20,21,17,21,26,25,30,11,28,29,30,31,32,33,34,35,36,167,36,35,40,40,42,107,44,45,44,45,48,49,182,23,36,165,54,55,56,153,58,59,62,175,54,63,192,64,66,67,68,69,86,71,74,73,74,203,202,77,78,79,80,81,82,83,80,85,214,87,72,89,26,123,92,93,94,94,96,113,226,99]
CFO=-1240.515321052602,STO=7
EsN0dB=5.21,GRXdB=10,N0=0.005011872388422489
packet_number=1783,correct=False,payload=[0,1,2,7,4,5,6,135,8,0,10,15,28,13,10,15,16,19,0,19,20,21,90,151,84,25,138,27,12,13,31,31,34,33,34,39,36,37,166,23,41,233,163,39,44,45,62,47,0,33,114,59,52,55,34,55,40,26,122,59,60,60,62,127,64,73,66,67,68,69,76,215,72,89,72,111,76,105,78,79,80,1,82,18,84,85,86,86,10,89,126,91,92,28,212,95,112,97,99,115]
CFO=-1437.6279400374772,STO=0
EsN0dB=5.15,GRXdB=10,N0=0.005011872388422489
packet_number=1784,correct=False,payload=[199,27,96,8,16,33,48,64,194,96,120,128,64,1,48,128,208,192,161,1,16,65,55,65,82,97,121,3,145,33,113,193,193,193,242,34,22,2,242,74,82,102,116,131,155,134,55,193,246,242,243,11,9,35,55,195,211,67,243,131,150,163,243,195,211,227,252,0,24,52,52,68,252,100,117,128,220,38,173,136,212,207,252,70,4,35,45,7,212,100,97,141,151,171,165,201,149,195,119,14]
CFO=-1182.7990367692635,STO=5
EsN0dB=5.17,GRXdB=10,N0=0.005011872388422489
packet_number=1785,correct=False,payload=[0,17,0,3,20,5,6,5,8,9,10,31,12,45,28,15,16,17,18,27,18,20,22,31,8,25,26,27,84,29,28,23,32,33,32,43,36,37,34,39,40,41,106,47,44,45,46,47,48,49,51,115,53,53,38,23,56,57,58,187,60,61,58,63,64,73,74,67,68,197,70,71,200,73,74,3,72,93,78,79,80,65,86,211,80,21,86,85,120,89,26,83,92,125,94,94,98,97,98,107]
CFO=-780.5297095160736,STO=0
EsN0dB=5.56,GRXdB=10,N0=0.005011872388422489
packet_number=1786,correct=False,payload=[79,71,193,192,25,224,0,0,64,96,130,224,180,227,0,33,1,195,5,165,193,194,130,36,2,230,144,32,192,162,7,38,66,203,131,231,203,228,14,44,136,65,140,165,6,229,14,111,77,109,143,199,196,206,6,238,76,101,175,142,134,100,15,39,69,97,131,7,135,241,184,40,89,88,152,48,140,243,10,115,203,35,73,137,203,242,18,120,194,122,8,47,212,223,2,19,194,43,111,103]
CFO=-1025.017516653411,STO=5
EsN0dB=5.38,GRXdB=10,N0=0.005011872388422489
packet_number=1787,correct=False,payload=[0,5,6,3,4,37,2,7,24,9,11,11,6,13,14,47,18,17,16,155,16,17,210,19,24,57,26,27,28,28,30,27,32,34,42,35,36,45,38,167,40,43,42,47,44,45,46,47,48,49,50,39,52,117,54,55,56,57,42,59,60,61,126,63,64,65,194,67,70,101,6,85,72,105,74,75,204,93,102,79,80,81,82,83,84,245,22,119,88,121,218,83,92,93,94,223,96,65,98,227]
CFO=-1088.136883741118,STO=6
EsN0dB=5.09,GRXdB=10,N0=0.005011872388422489
packet_number=1788,correct=False,payload=[0,73,10,2,4,69,7,7,9,9,222,35,13,13,202,15,0,17,154,19,85,21,22,22,24,24,26,11,20,25,30,31,32,45,50,35,4,37,54,39,40,43,58,43,44,109,46,167,48,117,18,51,36,245,55,54,180,57,58,187,186,61,46,62,68,65,66,97,68,196,198,71,72,141,74,219,77,77,70,79,80,69,66,83,116,85,86,87,88,217,91,123,92,217,126,87,64,97,32,99]
CFO=-1517.5207576228547,STO=3
EsN0dB=5.46,GRXdB=10,N0=0.005011872388422489
packet_number=1789,correct=False,payload=[16,2,2,3,12,5,22,7,8,25,8,123,12,133,31,15,16,17,18,17,16,21,34,87,24,89,42,26,24,31,159,27,32,33,34,35,36,37,7,7,40,41,40,169,44,173,63,79,81,1,50,23,52,181,55,63,28,57,58,59,60,61,62,59,66,65,66,75,68,85,66,71,88,9,74,91,12,13,132,95,80,101,2,3,68,87,70,71,88,81,90,219,81,93,90,93,224,97,114,35]
CFO=-599.0054557760026,STO=0
EsN0dB=4.99,GRXdB=10,N0=0.0063095735386013985
packet_number=1790,correct=False,payload=[8,67,6,3,6,71,54,143,72,11,12,63,8,77,28,62,18,145,2,39,20,22,18,22,72,25,16,19,25,120,31,46,64,33,114,3,36,41,184,7,57,104,2,40,44,49,0,63,160,113,55,50,116,84,53,2,48,120,60,123,61,241,62,187,193,75,67,194,44,71,68,142,72,72,74,26,197,77,12,199,178,66,72,7,16,198,146,215,88,25,92,91,92,31,92,95,192,225,96,99]
CFO=-834.5611897479615,STO=2
EsN0dB=4.36,GRXdB=10,N0=0.0063095735386013985
packet_number=1791,correct=False,payload=[32,85,99,70,143,1,70,1,20,9,2,75,142,77,4,15,16,0,146,0,18,65,26,85,12,184,0,11,156,29,150,157,50,112,3,35,34,46,6,183,76,13,42,43,44,11,34,7,16,32,18,51,55,21,21,23,24,121,59,50,60,28,60,63,78,100,197,66,212,5,196,103,108,85,79,97,206,77,47,15,80,27,66,83,112,85,22,123,89,89,89,203,60,9,220,79,224,81,102,37]
CFO=-1773.2171897793983,STO=1
EsN0dB=4.49,GRXdB=10,N0=0.0063095735386013985
packet_number=1792,correct=False,payload=[64,3,4,2,28,137,12,143,0,11,16,142,12,29,30,15,49,132,38,75,0,20,54,6,26,41,30,16,24,23,22,142,96,97,34,8,96,65,41,111,88,199,17,2,40,32,78,111,113,98,112,39,60,39,42,38,120,120,104,59,120,61,172,175,128,64,128,66,9,14,118,143,136,67,168,4,156,67,14,7,84,9,152,139,36,4,246,102,48,241,224,246,152,158,254,191,100,192,194,183]
CFO=-783.3808391758615,STO=2
EsN0dB=4.04,GRXdB=10,N0=0.0063095735386013985
packet_number=1793,correct=False,payload=[42,193,6,34,4,114,76,15,28,73,2,1,8,72,94,31,80,39,18,50,76,31,21,22,17,60,8,27,28,14,155,29,0,35,32,118,160,164,37,63,9,97,0,13,96,47,172,110,33,115,51,50,48,33,126,175,90,54,50,122,60,109,60,31,96,209,2,71,68,26,104,15,0,137,66,11,136,9,204,206,208,81,150,21,6,20,86,238,72,137,146,39,56,30,212,122,96,227,114,209]
CFO=-1196.4342762185938,STO=7
EsN0dB=4.04,GRXdB=10,N0=0.0063095735386013985
packet_number=1794,correct=False,payload=[158,43,244,118,34,1,198,67,0,133,6,39,40,10,58,27,152,123,14,14,80,57,17,29,21,29,22,14,20,16,24,27,12,29,20,31,33,160,71,35,228,49,102,7,40,33,46,97,44,127,46,75,176,113,50,119,116,54,63,31,120,105,50,58,120,124,62,55,70,69,192,67,70,7,70,223,79,64,202,203,157,93,76,215,48,209,242,39,240,21,118,87,25,89,90,91,92,73,84,126]
CFO=-1336.7798412032196,STO=6
EsN0dB=4.39,GRXdB=10,N0=0.0063095735386013985
packet_number=1795,correct=False,payload=[225,128,2,11,36,205,22,15,10,168,74,41,12,141,143,23,16,1,26,3,52,181,119,7,20,25,154,11,60,25,18,29,0,47,114,3,38,47,167,37,40,43,34,11,60,44,46,174,56,49,50,51,52,53,54,63,184,59,24,187,60,189,62,239,64,65,67,67,70,199,70,103,40,9,106,75,76,69,78,79,80,81,90,83,84,65,22,7,24,93,94,91,76,92,94,95,96,1,66,81]
CFO=-1461.272133953357,STO=3
EsN0dB=4.26,GRXdB=10,N0=0.0063095735386013985
packet_number=1796,correct=False,payload=[32,1,18,11,6,36,133,135,25,9,72,26,140,3,14,73,20,24,144,19,22,21,18,167,1,25,26,138,28,29,31,93,32,41,34,35,47,37,166,183,172,41,40,58,14,91,36,39,50,41,50,51,52,21,60,55,120,56,186,63,191,29,63,59,104,65,64,82,212,69,100,67,72,9,107,11,72,77,76,79,20,81,99,19,246,81,88,23,248,121,90,75,124,93,122,94,96,33,98,99]
CFO=-2096.4113062931697,STO=4
EsN0dB=4.21,GRXdB=10,N0=0.0063095735386013985
packet_number=1797,correct=False,payload=[32,37,24,3,5,4,6,7,72,8,24,10,12,79,29,7,72,4,50,51,20,85,22,23,24,139,91,31,44,29,30,31,32,161,178,35,229,37,6,35,40,41,42,171,109,45,62,109,16,163,49,115,52,117,50,23,120,57,184,59,60,59,191,31,66,65,70,82,76,67,196,67,64,105,78,10,104,89,12,94,81,81,210,19,244,53,92,83,88,93,72,27,92,93,91,95,96,97,98,99]
CFO=-1250.4774365482813,STO=5
EsN0dB=3.98,GRXdB=10,N0=0.0063095735386013985
packet_number=1798,correct=False,payload=[145,5,2,39,4,29,22,7,8,73,136,10,8,5,140,103,0,145,16,19,21,21,158,17,26,25,10,27,28,25,142,31,192,35,162,35,38,39,46,39,104,41,34,35,61,44,46,47,114,57,48,59,116,52,54,53,120,25,58,59,60,125,30,63,194,97,2,203,4,69,86,71,72,73,218,11,69,205,78,79,80,81,82,85,212,64,26,71,88,83,218,58,92,220,94,95,96,101,99,99]
CFO=-1097.5573272901197,STO=5
EsN0dB=4.31,GRXdB=10,N0=0.0063095735386013985
packet_number=1799,correct=False,payload=[4,1,88,6,132,85,132,15,0,1,27,47,0,15,4,5,48,1,18,82,20,21,54,215,24,25,24,15,21,29,4,29,20,36,34,33,228,37,16,166,42,40,42,47,46,173,46,47,48,49,18,51,180,53,182,55,24,57,58,186,60,53,30,62,65,64,66,67,70,213,110,67,73,73,72,11,76,125,94,73,88,81,83,67,84,85,86,6,80,121,90,209,92,92,30,90,96,96,128,231]
CFO=-1331.5807154365666,STO=2
EsN0dB=4.39,GRXdB=10,N0=0.0063095735386013985
packet_number=1800,correct=False,payload=[8,1,38,3,4,5,6,7,8,3,14,138,204,12,14,15,144,81,18,7,16,20,30,23,24,25,90,27,92,21,30,95,32,35,33,9,55,39,38,55,34,179,43,35,44,39,38,46,48,52,178,59,52,181,182,22,24,56,59,62,47,61,158,182,12,65,82,65,68,21,228,246,40,89,74,75,236,29,78,127,208,113,2,99,84,75,116,87,72,121,91,155,93,216,78,79,34,1,58,131]
CFO=-981.7046902315193,STO=4
EsN0dB=4.34,GRXdB=10,N0=0.0063095735386013985
packet_number=1801,correct=False,payload=[0,5,226,3,8,5,38,71,8,24,10,11,108,88,41,141,0,19,10,19,31,20,18,214,16,9,27,27,28,29,31,79,33,41,134,51,38,47,46,53,41,41,34,99,60,101,42,14,48,17,54,34,52,116,50,55,56,170,59,63,124,61,62,59,68,77,86,65,132,85,142,95,72,75,74,203,76,76,201,207,88,97,82,83,228,119,146,87,88,24,24,91,28,93,94,95,97,65,106,67]
CFO=-1904.22970443409,STO=1
EsN0dB=3.74,GRXdB=10,N0=0.0063095735386013985
packet_number=1802,correct=False,payload=[30,120,191,1,13,135,15,128,136,199,131,128,12,148,123,6,4,6,9,136,67,7,147,4,0,47,7,136,12,138,15,133,148,159,30,16,49,145,27,188,51,26,55,18,123,23,100,36,44,183,11,216,33,49,57,140,5,150,19,25,61,141,25,60,94,175,95,224,197,35,57,103,102,118,71,72,45,77,70,202,15,229,167,120,68,123,113,244,97,47,83,214,109,156,3,252,79,141,47,16]
CFO=-1079.097080942737,STO=4
EsN0dB=4.39,GRXdB=10,N0=0.0063095735386013985
packet_number=1803,correct=False,payload=[181,49,0,16,18,3,4,21,134,134,8,9,137,11,12,45,111,143,16,17,18,19,20,21,50,55,152,89,74,27,28,93,30,47,32,40,32,99,36,33,36,98,50,33,44,15,60,44,46,47,48,49,50,51,52,25,55,87,56,57,58,59,52,53,62,191,64,194,67,71,196,69,246,199,64,93,74,75,76,205,166,78,80,85,82,67,86,85,78,55,92,24,90,43,20,93,78,31,104,33]
CFO=-1137.9218480101256,STO=6
EsN0dB=4.43,GRXdB=10,N0=0.0063095735386013985
packet_number=1804,correct=False,payload=[148,15,80,4,64,160,205,1,81,133,134,32,66,130,131,135,65,131,68,5,86,133,133,133,5,212,199,7,71,22,203,7,71,135,200,74,72,8,200,137,65,137,203,10,202,168,195,141,67,235,204,4,68,140,237,12,13,141,94,15,207,138,129,15,79,143,192,0,80,144,241,16,81,144,210,51,86,54,67,19,83,147,86,29,212,214,213,85,109,149,86,22,82,230,215,59,215,151,200,24]
CFO=-1456.7700195051302,STO=5
EsN0dB=4.07,GRXdB=10,N0=0.0063095735386013985
packet_number=1805,correct=False,payload=[0,17,26,39,128,133,38,7,8,11,138,47,141,45,10,63,128,53,22,27,20,81,86,19,56,24,122,27,28,158,30,87,0,35,98,204,44,37,166,167,44,104,10,43,37,141,46,47,56,17,51,19,23,21,55,27,58,57,42,56,252,61,62,63,65,65,98,131,76,73,2,71,9,72,75,75,6,77,78,79,80,89,114,91,116,69,86,215,216,88,26,91,29,217,78,95,96,97,106,98]
CFO=-806.5290143192041,STO=2
EsN0dB=4.03,GRXdB=10,N0=0.0063095735386013985
packet_number=1806,correct=False,payload=[152,99,195,239,129,161,0,32,8,99,4,0,128,193,131,33,201,199,147,107,67,254,4,46,39,210,20,128,200,227,6,170,71,103,129,199,135,141,68,33,12,33,132,59,205,226,3,3,193,229,7,109,134,134,14,44,76,102,10,46,181,237,70,100,7,125,7,255,135,64,146,88,16,107,137,80,225,104,9,0,219,76,28,219,65,234,16,120,140,222,17,94,201,236,150,246,3,47,143,67]
CFO=108.14700380707875,STO=4
EsN0dB=3.92,GRXdB=10,N0=0.0063095735386013985
packet_number=1807,correct=False,payload=[0,17,68,3,4,229,2,130,136,16,10,75,12,9,14,7,16,21,82,55,148,21,22,23,24,57,26,11,26,29,29,15,160,11,33,43,4,53,38,39,9,43,34,171,36,171,46,47,96,17,115,113,116,69,54,63,58,156,58,51,52,61,56,63,192,65,66,67,100,69,70,101,72,9,66,91,64,197,78,77,114,93,82,19,80,61,70,87,120,73,90,75,92,89,95,91,64,65,227,99]
CFO=-1043.4120698619015,STO=6
EsN0dB=4.41,GRXdB=10,N0=0.0063095735386013985
packet_number=1808,correct=False,payload=[18,9,16,139,0,5,68,15,8,9,10,74,104,13,146,15,18,25,114,19,4,17,6,7,56,91,26,27,25,77,30,14,161,5,32,35,172,37,38,38,40,43,42,171,40,38,46,61,48,49,48,113,36,55,22,126,56,188,122,185,28,21,60,39,24,65,66,71,76,197,68,71,108,93,78,67,76,204,70,111,192,91,82,83,198,101,242,87,120,92,67,91,89,93,30,223,106,81,34,98]
CFO=-948.8226061733604,STO=5
EsN0dB=4.51,GRXdB=10,N0=0.0063095735386013985
packet_number=1809,correct=False,payload=[32,67,154,67,4,69,23,15,8,9,43,10,14,13,6,151,24,1,90,19,146,21,54,55,92,89,26,51,30,29,190,31,32,97,50,163,160,37,39,179,40,43,34,59,236,45,46,172,32,49,50,51,36,53,50,55,52,53,46,59,60,21,30,62,66,113,3,67,101,77,86,207,73,77,72,83,78,108,78,205,96,81,150,123,212,21,114,69,92,73,90,27,93,89,94,111,32,113,98,103]
CFO=-1587.2384906196828,STO=5
EsN0dB=4.18,GRXdB=10,N0=0.0063095735386013985
packet_number=1810,correct=False,payload=[144,0,10,2,20,69,4,15,170,137,74,31,76,4,10,143,16,17,144,146,20,21,86,21,0,57,30,27,156,29,30,155,56,33,42,131,32,5,38,39,10,40,42,75,45,45,46,33,48,49,51,35,52,55,58,3,56,57,58,123,60,237,30,62,0,65,74,71,96,69,70,71,72,11,75,79,12,13,78,207,80,85,90,99,84,85,246,87,120,88,218,95,84,13,86,219,96,43,35,43]
CFO=-584.551067944963,STO=7
EsN0dB=4.53,GRXdB=10,N0=0.0063095735386013985
packet_number=1811,correct=False,payload=[33,1,2,15,12,5,179,5,12,57,2,3,40,68,4,175,16,83,18,26,12,53,6,51,24,25,26,83,28,158,51,10,98,1,130,163,36,103,2,39,105,153,34,23,44,191,12,62,49,51,48,115,118,61,54,183,58,57,58,31,60,61,58,125,68,65,2,66,92,71,70,7,8,105,75,111,76,15,78,79,80,80,22,113,84,92,82,71,88,219,30,219,93,57,126,95,96,97,195,215]
CFO=-736.2633246530247,STO=6
EsN0dB=4.30,GRXdB=10,N0=0.0063095735386013985
packet_number=1812,correct=False,payload=[40,1,130,35,52,49,6,7,72,9,2,19,12,14,78,14,16,16,18,19,28,53,23,23,152,153,26,27,156,93,90,95,160,41,34,35,4,33,46,39,124,41,42,75,12,37,38,10,48,113,18,51,180,183,54,55,56,57,59,59,92,189,62,60,96,65,66,67,68,197,70,71,8,73,75,91,76,69,78,111,212,81,18,83,124,83,88,215,90,217,27,75,74,93,110,93,98,227,96,243]
CFO=-988.4688898134572,STO=1
EsN0dB=3.97,GRXdB=10,N0=0.0063095735386013985
packet_number=1813,correct=False,payload=[222,148,146,171,96,1,199,129,128,1,67,17,237,1,137,146,101,3,71,2,168,148,141,197,198,2,73,129,228,6,75,129,199,135,199,3,216,25,208,145,214,16,91,161,194,22,24,152,158,6,2,23,10,10,65,78,72,28,159,205,222,78,252,152,158,12,135,22,225,0,133,48,193,51,147,3,228,6,231,140,183,38,83,177,198,10,16,33,131,51,207,128,204,148,44,222,158,126,191,51]
CFO=-295.05601979202584,STO=4
EsN0dB=4.53,GRXdB=10,N0=0.0063095735386013985
packet_number=1814,correct=False,payload=[0,0,10,3,68,5,6,7,25,13,72,23,12,46,46,15,16,57,82,6,84,149,30,51,222,155,26,27,28,95,185,30,32,145,42,35,36,101,38,103,40,41,172,187,100,44,43,47,48,163,50,51,52,49,54,191,112,57,186,59,239,57,110,63,64,85,96,67,68,69,78,71,66,77,202,74,77,77,206,111,80,81,82,115,85,21,70,159,184,89,90,67,92,93,94,95,97,101,98,99]
CFO=-482.09553270720903,STO=7
EsN0dB=4.17,GRXdB=10,N0=0.0063095735386013985
packet_number=1815,correct=False,payload=[225,82,221,0,68,0,140,20,148,24,12,48,84,40,44,52,54,56,60,76,8,72,204,80,245,88,252,97,100,232,110,112,120,120,124,130,164,160,172,145,48,189,154,168,228,136,140,226,144,176,244,200,212,208,204,216,212,145,222,230,228,233,236,240,244,248,221,5,151,88,47,17,149,25,29,0,5,57,40,32,93,61,61,68,101,239,77,177,77,89,92,97,102,42,111,117,119,113,125,129]
CFO=-1045.312664862196,STO=4
EsN0dB=4.09,GRXdB=10,N0=0.0063095735386013985
packet_number=1816,correct=False,payload=[21,65,4,3,100,5,4,135,8,25,10,11,13,69,46,142,16,17,34,83,28,21,22,135,24,9,154,27,12,159,14,30,40,33,98,105,36,101,38,39,104,43,34,59,39,110,42,127,48,49,58,51,52,247,87,63,56,61,58,51,124,61,62,23,65,97,66,67,68,65,71,67,8,73,200,11,206,77,102,67,112,81,82,87,84,20,86,115,88,89,90,26,92,89,122,95,112,225,98,119]
CFO=-1124.788081998295,STO=6
EsN0dB=4.39,GRXdB=10,N0=0.0063095735386013985
packet_number=1817,correct=False,payload=[48,17,2,35,5,69,6,6,8,9,2,11,12,13,6,11,16,179,18,83,25,52,116,16,154,16,24,25,42,28,30,31,32,33,34,38,44,37,6,39,40,9,170,59,37,47,14,47,48,33,51,59,36,5,54,55,56,57,58,107,28,29,188,61,193,64,74,82,4,77,22,71,10,73,74,74,72,201,78,111,32,80,86,87,28,93,70,87,122,88,122,123,94,93,95,79,100,98,96,39]
CFO=-780.175274873206,STO=7
EsN0dB=4.24,GRXdB=10,N0=0.0063095735386013985
packet_number=1818,correct=False,payload=[0,17,18,10,6,5,6,87,72,9,139,11,76,1,14,11,0,17,18,19,28,21,6,23,120,121,146,91,24,21,30,159,34,33,163,163,32,37,38,15,41,41,43,43,46,173,46,45,48,52,50,51,50,61,54,60,44,40,42,123,60,25,127,63,64,0,66,11,64,5,6,135,104,73,74,75,76,79,254,87,208,81,82,83,84,217,214,215,216,77,66,91,52,93,94,23,100,73,254,243]
CFO=-1589.7010346907532,STO=1
EsN0dB=4.18,GRXdB=10,N0=0.0063095735386013985
packet_number=1819,correct=False,payload=[247,192,128,64,128,161,65,161,0,225,1,35,40,197,2,99,147,164,66,2,194,194,131,194,130,199,2,196,227,71,3,163,231,192,9,12,141,200,133,55,148,232,75,6,78,106,31,55,201,206,14,14,6,197,229,109,143,207,31,141,255,199,143,64,101,130,0,18,72,241,176,132,144,218,1,3,40,99,25,235,129,134,56,8,80,244,143,180,151,194,143,17,194,251,31,3,159,196,9,56]
CFO=-857.8596053371097,STO=2
EsN0dB=4.06,GRXdB=10,N0=0.0063095735386013985
packet_number=1820,correct=False,payload=[16,133,130,2,4,5,133,7,8,12,8,65,13,13,6,143,0,17,91,51,148,9,27,54,28,13,26,154,30,159,15,63,50,33,32,33,116,49,55,35,164,56,43,42,45,45,142,47,16,59,112,19,52,22,54,23,184,59,26,59,180,95,46,63,64,73,91,3,100,67,198,71,12,77,74,107,76,76,110,79,80,82,243,101,66,85,214,7,25,249,88,91,92,156,111,95,224,225,34,99]
CFO=-832.1879361707282,STO=0
EsN0dB=4.28,GRXdB=10,N0=0.0063095735386013985
packet_number=1821,correct=False,payload=[100,190,91,98,129,57,32,50,80,176,96,105,199,185,132,184,192,100,136,179,1,129,33,113,19,48,82,97,129,128,147,225,11,193,128,226,0,151,56,178,14,6,98,242,131,198,20,162,135,130,243,119,3,30,33,55,227,246,227,243,7,131,167,179,195,135,243,229,4,128,36,116,196,132,172,205,133,148,196,249,200,220,224,252,15,24,223,48,141,200,98,85,77,23,133,190,137,159,193,244]
CFO=-1173.2230166891673,STO=0
EsN0dB=4.36,GRXdB=10,N0=0.0063095735386013985
packet_number=1822,correct=False,payload=[2,2,70,14,4,1,6,3,24,155,2,203,77,29,31,15,57,27,230,3,4,17,70,21,25,25,26,49,60,60,28,62,96,161,4,2,36,33,68,35,224,32,101,43,12,0,14,54,48,48,56,65,36,254,114,54,112,58,124,59,92,123,62,118,64,2,42,96,68,1,204,196,72,89,84,70,196,77,94,75,16,13,242,94,0,222,14,6,60,104,154,90,120,86,125,223,80,103,98,4]
CFO=-1168.1831434234748,STO=1
EsN0dB=4.01,GRXdB=10,N0=0.0063095735386013985
packet_number=1823,correct=False,payload=[128,1,10,87,4,4,130,21,8,13,10,69,6,12,78,23,0,27,17,9,14,148,166,3,13,8,158,11,94,28,30,159,130,57,41,3,135,108,55,35,9,12,30,186,92,111,158,39,150,52,24,22,158,25,31,87,168,25,38,59,30,190,159,63,80,1,10,73,54,2,71,55,4,65,178,77,78,69,110,31,80,120,10,107,64,68,44,90,44,88,202,75,220,116,191,79,120,113,115,99]
CFO=-429.6273179505914,STO=3
EsN0dB=4.52,GRXdB=10,N0=0.0063095735386013985
packet_number=1824,correct=False,payload=[0,9,2,119,134,71,14,22,8,137,10,10,6,29,44,143,16,148,18,19,52,22,22,151,24,9,25,27,28,173,30,30,146,35,38,35,32,68,54,35,40,106,168,33,44,44,174,175,32,113,180,51,117,53,54,179,184,57,112,59,60,61,8,47,66,89,0,3,68,85,198,95,9,201,72,227,76,204,78,78,64,89,80,115,214,85,210,211,80,73,90,123,92,220,95,95,232,97,97,243]
CFO=-909.8398943838781,STO=1
EsN0dB=3.89,GRXdB=10,N0=0.0063095735386013985
packet_number=1825,correct=False,payload=[39,191,0,65,130,3,4,71,130,131,147,9,10,43,12,5,142,15,34,81,214,19,16,87,82,50,24,153,148,59,28,15,12,62,32,49,51,39,114,165,38,167,41,45,11,43,24,47,60,47,56,49,49,59,116,61,54,51,158,25,58,47,124,61,30,31,224,3,128,65,196,213,66,127,136,69,74,203,40,207,79,76,80,115,72,66,102,65,218,95,94,77,246,19,244,117,223,91,98,119]
CFO=-1533.3756899727662,STO=6
EsN0dB=4.30,GRXdB=10,N0=0.0063095735386013985
packet_number=1826,correct=False,payload=[128,147,131,7,4,5,6,23,32,67,8,75,4,13,14,143,24,209,16,3,20,116,22,209,56,121,31,11,28,29,30,30,40,33,98,35,36,36,50,117,40,33,39,51,53,45,44,45,96,49,50,35,48,245,54,183,112,9,186,47,60,116,58,63,64,73,66,71,100,71,71,71,72,73,90,11,44,221,108,79,80,113,82,210,84,69,86,19,88,89,24,123,76,30,94,9,112,65,98,35]
CFO=-906.7342334558014,STO=5
EsN0dB=4.48,GRXdB=10,N0=0.0063095735386013985
packet_number=1827,correct=False,payload=[32,33,66,3,4,5,22,47,24,143,10,67,140,5,31,27,16,145,130,22,132,53,54,119,16,61,26,27,124,29,30,95,50,33,32,35,37,37,166,167,168,32,154,35,108,37,78,45,48,185,50,43,48,45,55,55,56,57,254,41,108,181,62,62,64,65,66,67,68,193,70,6,72,73,74,75,93,141,66,79,84,83,210,83,212,85,212,83,202,221,210,91,156,93,86,79,96,105,98,34]
CFO=-1293.932973606737,STO=1
EsN0dB=4.28,GRXdB=10,N0=0.0063095735386013985
packet_number=1828,correct=False,payload=[42,65,1,3,35,0,0,130,67,139,141,0,141,7,31,22,15,16,21,204,17,50,1,2,23,16,28,30,25,13,13,29,31,32,49,33,43,160,5,162,39,9,104,122,45,12,101,22,55,52,50,18,48,147,5,18,23,120,25,60,185,24,62,191,27,226,95,98,35,130,84,63,65,76,73,98,199,204,8,194,95,68,104,82,83,26,219,67,87,188,29,252,27,94,9,94,127,116,112,96]
CFO=-1354.2144919580426,STO=4
EsN0dB=4.57,GRXdB=10,N0=0.0063095735386013985
packet_number=1829,correct=False,payload=[1,0,0,2,30,5,76,199,8,9,129,11,12,45,78,141,145,17,130,1,20,17,19,23,88,57,26,155,28,85,28,31,68,33,160,162,36,141,38,39,33,41,46,43,110,45,38,239,48,177,114,51,54,21,22,43,62,57,58,27,124,61,126,63,64,65,2,79,196,69,70,85,72,72,74,91,204,93,79,77,96,209,82,91,68,93,86,117,80,91,90,92,124,85,110,95,96,5,99,115]
CFO=-563.4503487270376,STO=7
EsN0dB=4.22,GRXdB=10,N0=0.0063095735386013985
packet_number=1830,correct=False,payload=[10,203,2,35,4,71,12,67,8,9,8,73,132,139,15,15,32,153,88,7,22,53,135,23,26,57,70,19,21,15,28,63,202,5,98,35,36,124,38,39,56,34,42,75,60,13,46,47,48,152,116,147,28,53,50,83,56,252,59,59,56,61,62,125,0,65,66,198,68,2,198,68,24,9,79,95,76,153,79,71,72,246,82,90,116,247,100,67,208,217,88,91,92,95,94,90,226,97,98,99]
CFO=-1110.188671227066,STO=5
EsN0dB=3.77,GRXdB=10,N0=0.0063095735386013985
packet_number=1831,correct=False,payload=[16,19,134,7,118,69,6,7,13,171,11,171,12,61,78,134,18,213,18,19,22,13,54,23,25,17,26,27,180,17,62,159,44,33,42,33,36,69,78,39,169,233,38,43,42,37,46,7,48,112,50,63,60,53,54,55,120,57,58,187,61,60,50,191,0,65,67,67,69,69,70,103,200,73,74,91,72,204,78,107,17,81,66,91,92,95,20,83,216,89,82,91,120,92,94,205,96,41,115,227]
CFO=-1247.7935042275508,STO=1
EsN0dB=4.28,GRXdB=10,N0=0.0063095735386013985
packet_number=1832,correct=False,payload=[0,1,130,131,134,2,14,17,88,213,133,19,132,151,15,3,144,9,139,1,188,14,6,23,158,25,176,24,158,29,151,95,50,41,131,33,148,144,146,7,16,100,46,129,6,44,15,47,184,59,156,179,20,231,63,187,34,61,155,124,52,29,61,219,136,33,67,35,228,100,166,71,166,64,16,125,70,111,207,43,152,125,50,9,68,69,250,102,88,120,202,19,230,110,238,31,96,177,51,71]
CFO=-1049.749323330877,STO=5
EsN0dB=4.58,GRXdB=10,N0=0.0063095735386013985
packet_number=1833,correct=False,payload=[0,129,2,195,132,7,2,1,24,73,27,79,12,9,14,10,48,3,18,19,20,21,22,19,24,93,26,26,28,61,28,95,179,129,18,35,36,37,36,5,40,45,58,171,44,45,62,175,176,56,178,163,132,117,22,55,25,57,58,27,60,56,190,58,0,71,194,131,68,69,70,79,88,9,74,203,78,199,78,11,80,81,86,87,20,101,118,87,80,91,90,18,92,92,94,95,96,233,98,99]
CFO=-696.2691875419171,STO=6
EsN0dB=4.33,GRXdB=10,N0=0.0063095735386013985
packet_number=1834,correct=False,payload=[181,47,138,4,64,128,195,33,65,161,200,18,64,67,197,3,195,8,196,4,68,132,229,5,69,151,148,54,6,206,198,7,79,7,198,10,72,130,13,8,75,139,203,10,76,139,201,3,76,129,204,78,93,166,77,7,77,141,238,14,71,175,203,7,79,159,208,16,112,144,181,17,67,169,210,2,82,70,147,19,66,147,212,20,213,150,213,20,85,149,22,22,215,31,215,23,151,214,88,152]
CFO=-509.60835881274835,STO=6
EsN0dB=4.50,GRXdB=10,N0=0.0063095735386013985
packet_number=1835,correct=False,payload=[0,9,2,2,36,3,2,39,56,233,10,27,4,39,206,11,16,17,51,17,20,21,30,55,24,17,10,59,29,21,30,26,32,65,35,99,44,23,38,39,216,44,10,167,76,60,38,43,112,49,178,59,60,53,52,51,56,49,58,187,61,49,121,60,81,65,66,67,196,65,205,215,72,75,74,75,76,93,94,207,113,82,214,91,85,81,92,87,92,25,218,67,94,93,254,95,224,97,82,99]
CFO=-353.9821131900703,STO=5
EsN0dB=3.85,GRXdB=10,N0=0.0063095735386013985
packet_number=1836,correct=False,payload=[0,11,2,2,68,5,6,7,8,8,138,2,24,13,78,13,16,21,146,19,93,23,86,151,152,49,26,11,28,28,31,31,40,177,34,43,52,33,38,23,40,9,58,51,44,237,44,47,48,113,48,51,54,53,62,51,60,49,166,35,60,61,14,63,64,211,66,3,74,69,102,71,72,77,74,203,76,75,204,205,88,81,210,82,20,5,86,23,88,216,90,27,93,221,218,89,112,101,226,247]
CFO=-749.0387428927759,STO=4
EsN0dB=4.17,GRXdB=10,N0=0.0063095735386013985
packet_number=1837,correct=False,payload=[73,1,2,3,100,5,22,7,8,25,66,139,28,29,14,47,0,209,0,83,17,21,54,115,56,25,26,27,30,28,30,31,40,35,34,35,36,39,38,39,41,40,43,59,43,45,42,107,48,32,50,19,188,117,54,55,44,57,190,57,60,61,127,55,64,193,97,35,116,253,70,79,104,73,74,75,8,149,110,79,82,83,70,114,20,215,223,85,88,89,26,220,92,13,118,87,98,113,122,227]
CFO=-2068.2083168453255,STO=7
EsN0dB=4.57,GRXdB=10,N0=0.0063095735386013985
packet_number=1838,correct=False,payload=[151,0,3,2,19,132,5,86,6,130,0,146,43,12,1,14,12,17,16,14,55,132,183,29,23,57,25,31,59,28,24,26,31,105,195,48,35,52,36,38,38,40,185,42,11,61,93,126,47,16,48,160,55,52,21,62,61,185,19,56,63,124,153,46,63,3,1,70,199,68,94,84,109,24,76,75,134,76,77,142,103,84,49,49,83,92,125,255,114,216,122,222,73,106,85,94,95,96,104,96]
CFO=-1283.16593929012,STO=6
EsN0dB=4.28,GRXdB=10,N0=0.0063095735386013985
packet_number=1839,correct=False,payload=[130,1,6,3,6,13,7,22,73,9,57,139,12,141,46,15,80,121,131,23,20,21,23,23,24,31,26,11,9,31,26,27,32,97,98,43,32,44,38,35,232,9,62,63,44,45,14,102,56,177,178,51,120,61,20,51,57,185,18,187,52,61,186,59,64,1,66,71,68,5,206,67,74,233,138,67,76,77,206,135,80,65,114,83,84,75,196,71,88,217,88,91,92,93,31,94,96,112,98,99]
CFO=-1197.3174576237718,STO=4
EsN0dB=4.37,GRXdB=10,N0=0.0063095735386013985
packet_number=1840,correct=False,payload=[33,33,2,3,132,23,6,23,8,161,2,43,4,45,10,15,56,21,26,19,20,55,54,23,24,93,30,27,24,31,92,31,36,53,34,51,4,49,4,35,40,49,106,43,180,14,62,63,52,117,10,39,60,33,53,63,60,56,47,27,56,237,62,63,65,97,98,3,71,204,70,71,72,93,106,75,76,77,78,79,82,81,82,209,85,20,94,87,92,81,90,91,92,121,58,95,96,98,96,98]
CFO=-602.9243953919705,STO=1
EsN0dB=4.20,GRXdB=10,N0=0.0063095735386013985
packet_number=1841,correct=False,payload=[14,55,224,128,66,224,98,145,229,144,226,33,74,91,67,3,6,225,232,11,46,70,211,134,10,146,131,1,235,130,243,15,9,3,224,64,12,72,64,228,56,149,184,5,40,5,101,21,175,133,224,6,100,140,111,135,40,199,231,13,214,206,87,199,39,139,204,58,232,73,64,128,73,253,204,6,112,129,89,145,155,145,164,28,8,138,112,142,124,140,226,19,107,167,43,135,239,139,204,92]
CFO=-760.3983791256629,STO=4
EsN0dB=4.20,GRXdB=10,N0=0.0063095735386013985
packet_number=1842,correct=False,payload=[0,9,2,42,0,133,132,7,26,8,138,3,12,13,15,15,18,17,84,22,16,53,48,151,26,25,10,30,20,29,86,31,48,131,34,35,52,37,38,39,105,41,34,35,44,109,47,109,24,33,50,55,36,53,54,55,56,57,58,57,52,189,62,71,194,193,194,67,68,69,38,229,8,201,0,75,13,73,70,79,80,65,114,83,150,85,86,87,90,85,90,121,30,88,94,79,96,99,98,99]
CFO=-1001.9444024431345,STO=4
EsN0dB=4.35,GRXdB=10,N0=0.0063095735386013985
packet_number=1843,correct=False,payload=[0,11,2,131,68,101,6,7,12,41,235,200,14,13,142,15,16,18,54,146,20,1,22,19,56,17,30,31,30,31,30,23,40,33,102,39,228,37,98,166,40,105,42,27,44,45,44,15,48,16,98,115,148,39,62,53,56,25,51,27,52,124,54,57,72,65,82,3,132,85,102,70,120,73,66,75,68,77,78,79,80,65,66,17,84,85,82,23,92,89,90,123,28,95,31,95,104,97,115,35]
CFO=-203.55963276375485,STO=3
EsN0dB=4.23,GRXdB=10,N0=0.0063095735386013985
packet_number=1844,correct=False,payload=[0,1,194,19,68,15,10,7,8,75,200,10,13,13,10,7,20,49,16,3,94,21,54,86,24,89,120,152,25,29,30,135,43,33,8,35,36,165,36,39,168,41,174,45,44,45,46,37,116,17,50,51,20,181,38,22,60,59,44,219,188,61,54,175,216,65,6,65,77,69,102,99,74,73,78,75,77,76,94,79,209,17,114,67,84,85,70,55,56,89,90,25,126,93,92,223,112,97,98,107]
CFO=-613.8209187116026,STO=2
EsN0dB=4.34,GRXdB=10,N0=0.0063095735386013985
packet_number=1845,correct=False,payload=[32,15,34,167,7,5,3,38,72,11,10,73,13,11,134,135,16,17,16,19,28,21,54,55,24,153,26,59,148,61,30,31,104,34,38,47,44,45,38,47,200,47,115,98,40,109,46,11,32,50,42,51,116,61,54,167,56,57,58,107,60,253,62,127,98,97,224,194,68,77,70,71,64,69,202,79,12,111,76,13,80,91,58,82,80,85,118,69,89,41,184,219,92,93,78,95,98,115,106,99]
CFO=-36.75117574405135,STO=1
EsN0dB=4.28,GRXdB=10,N0=0.0063095735386013985
packet_number=1846,correct=False,payload=[195,234,9,21,37,4,128,21,189,122,160,36,0,146,16,184,16,60,225,64,74,108,208,84,168,220,117,12,48,174,120,56,60,55,128,0,14,38,216,88,140,94,32,100,164,230,240,188,124,62,192,228,160,68,192,252,74,126,170,148,56,118,240,118,248,127,2,133,0,4,8,132,140,59,169,2,44,7,50,185,29,156,194,39,105,143,93,35,201,180,108,101,26,40,40,54,61,126,136,165]
CFO=-1351.172567604252,STO=6
EsN0dB=4.12,GRXdB=10,N0=0.0063095735386013985
packet_number=1847,correct=False,payload=[66,192,2,147,4,5,38,7,137,9,42,43,36,13,14,30,16,177,18,55,28,20,22,183,16,9,88,58,28,25,31,131,96,39,50,107,132,41,38,47,40,41,186,42,41,15,36,47,48,49,50,51,50,52,183,54,122,35,58,43,181,37,63,54,65,81,194,67,67,85,70,79,8,73,78,75,204,15,78,223,80,80,82,83,148,83,115,119,72,89,90,89,92,29,94,95,194,97,98,115]
CFO=-882.4357761936445,STO=0
EsN0dB=4.39,GRXdB=10,N0=0.0063095735386013985
packet_number=1848,correct=False,payload=[0,1,1,3,0,7,138,5,24,18,11,91,76,13,61,30,56,3,18,0,24,21,95,167,121,26,30,11,28,90,28,47,0,100,2,38,4,103,70,7,9,59,38,179,40,57,61,110,32,65,118,51,48,46,174,103,121,120,54,122,40,26,218,174,129,99,66,66,1,15,77,79,4,13,90,14,138,76,78,132,48,144,98,79,120,29,214,30,98,94,18,82,152,95,54,63,96,201,231,250]
CFO=-858.8674139787058,STO=2
EsN0dB=4.66,GRXdB=10,N0=0.0063095735386013985
packet_number=1849,correct=False,payload=[208,95,64,9,0,1,6,19,194,7,8,5,2,35,28,15,22,7,0,40,26,17,133,21,143,19,152,8,26,23,9,29,186,31,146,17,54,49,168,135,34,5,16,45,190,35,63,41,134,47,224,48,51,59,49,49,23,23,152,56,152,27,127,63,158,61,192,192,64,65,0,164,162,39,217,216,12,75,36,7,39,69,4,250,208,65,114,120,94,183,233,84,26,17,92,89,188,63,224,97]
CFO=-1314.8510208382665,STO=7
EsN0dB=4.13,GRXdB=10,N0=0.0063095735386013985
packet_number=1850,correct=False,payload=[137,157,197,228,0,66,132,131,17,69,130,194,1,66,130,131,3,73,147,196,4,76,174,149,4,23,133,196,6,87,166,103,7,71,7,136,248,64,136,137,155,73,153,202,30,11,138,146,155,74,75,196,4,141,143,201,141,77,157,192,12,71,142,15,15,93,141,208,16,64,151,193,17,113,211,211,22,64,18,209,18,115,151,212,20,84,148,212,21,101,183,242,22,228,152,131,31,87,183,208]
CFO=-1309.715098037371,STO=3
EsN0dB=4.31,GRXdB=10,N0=0.0063095735386013985
packet_number=1851,correct=False,payload=[16,9,19,3,36,1,134,6,8,9,174,15,60,133,42,31,8,17,19,19,52,21,22,20,88,17,26,27,4,29,92,143,0,33,40,51,36,37,4,103,59,57,58,171,36,9,45,111,48,48,34,19,32,21,52,53,56,48,55,63,24,61,126,15,64,67,66,67,68,109,70,7,104,100,202,75,76,201,78,207,80,81,66,71,84,117,22,87,90,83,92,82,94,27,94,95,96,99,252,99]
CFO=-794.0430490614668,STO=3
EsN0dB=4.42,GRXdB=10,N0=0.0063095735386013985
packet_number=1852,correct=False,payload=[0,137,2,1,4,4,6,7,0,9,8,9,132,13,142,13,48,65,90,19,20,85,31,23,25,63,56,251,124,61,26,62,32,233,34,35,164,53,34,183,40,41,34,43,44,37,14,47,96,33,50,51,124,53,7,54,56,57,50,241,62,125,62,63,64,0,66,66,68,69,86,69,74,73,74,75,76,73,206,79,88,65,94,83,84,101,86,71,216,92,126,91,88,20,94,95,82,225,98,33]
CFO=-735.11974228574,STO=2
EsN0dB=4.14,GRXdB=10,N0=0.0063095735386013985
packet_number=1853,correct=False,payload=[144,65,50,7,4,1,7,35,8,8,10,26,12,12,78,43,18,21,14,19,22,1,20,21,12,27,24,27,14,45,189,159,48,37,2,51,18,49,174,55,40,133,35,27,36,45,166,174,52,33,6,107,184,37,50,183,56,49,59,43,24,61,62,31,64,96,68,67,96,45,198,71,96,79,218,123,106,76,175,71,80,201,210,83,84,83,222,27,72,128,203,91,220,27,78,94,105,225,34,227]
CFO=-701.2839812067508,STO=4
EsN0dB=4.02,GRXdB=10,N0=0.0063095735386013985
packet_number=1854,correct=False,payload=[1,1,2,35,132,69,6,7,13,8,10,11,164,45,14,79,16,81,26,17,20,21,20,5,61,29,26,27,44,217,31,29,36,33,43,39,181,39,38,103,120,185,58,67,42,45,46,161,32,49,114,51,100,37,22,55,10,25,186,251,62,61,60,78,66,69,64,67,140,101,70,119,200,75,74,73,109,15,78,79,80,65,210,67,84,116,151,223,80,77,90,59,92,21,126,95,96,167,100,103]
CFO=-1845.4759665908828,STO=3
EsN0dB=4.42,GRXdB=10,N0=0.0063095735386013985
packet_number=1855,correct=False,payload=[203,208,16,160,42,80,64,70,228,245,1,111,205,113,225,208,224,195,129,57,32,49,64,195,115,243,192,3,163,227,193,165,225,231,22,64,68,100,134,101,76,198,134,33,108,247,210,149,199,246,7,35,35,96,7,146,98,103,3,243,15,87,167,131,99,116,13,16,36,44,6,204,228,104,5,32,96,184,200,225,71,234,5,29,77,60,157,165,231,217,7,131,72,252,199,63,255,224,14,134]
CFO=-1547.9778280764763,STO=1
EsN0dB=4.29,GRXdB=10,N0=0.0063095735386013985
packet_number=1856,correct=False,payload=[12,1,135,67,0,5,38,7,67,9,15,41,135,129,6,111,16,17,82,17,20,19,22,63,30,8,26,27,28,38,158,91,13,33,51,115,49,100,150,99,181,33,168,138,56,13,91,15,57,185,48,59,20,117,86,50,156,44,57,57,46,45,190,63,64,196,98,67,96,197,38,102,200,40,96,3,196,12,206,85,192,17,81,179,92,116,158,127,89,26,110,95,60,79,158,221,96,192,226,113]
CFO=-738.4948755209149,STO=4
EsN0dB=4.51,GRXdB=10,N0=0.0063095735386013985
packet_number=1857,correct=False,payload=[0,69,2,3,4,4,4,7,10,9,10,10,12,141,78,79,17,145,19,23,52,21,246,23,0,25,90,26,29,29,14,31,8,35,35,171,165,33,134,103,8,105,11,43,40,37,46,47,16,49,50,51,20,49,182,51,56,57,58,25,40,61,30,63,0,73,67,82,20,85,86,71,72,108,74,67,12,201,78,79,208,81,18,81,84,116,71,86,100,89,123,91,84,77,84,95,100,105,96,98]
CFO=-789.5009732634084,STO=6
EsN0dB=4.06,GRXdB=10,N0=0.0063095735386013985
packet_number=1858,correct=False,payload=[8,3,130,75,5,5,6,7,8,41,14,10,13,93,150,15,144,21,146,19,117,21,22,23,24,45,26,155,87,29,30,55,33,177,96,1,164,37,6,102,40,41,2,41,60,109,46,47,112,49,51,19,48,55,114,39,176,169,18,59,28,61,60,31,105,73,66,69,69,199,70,71,76,73,88,67,76,73,94,79,84,1,90,242,84,93,70,87,92,73,90,219,198,92,30,79,228,73,98,99]
CFO=-201.54365974154325,STO=5
EsN0dB=4.54,GRXdB=10,N0=0.0063095735386013985
packet_number=1859,correct=False,payload=[1,37,26,3,5,7,6,6,104,11,10,43,12,13,14,63,16,21,18,55,20,85,22,20,56,1,30,11,28,157,158,51,48,25,34,35,54,37,38,39,168,9,42,59,44,45,46,47,36,49,52,39,52,55,6,55,248,57,42,58,124,188,186,127,192,73,66,67,78,69,79,71,76,73,74,111,12,77,14,93,240,81,18,77,92,85,86,84,89,89,122,27,20,93,94,94,104,225,226,99]
CFO=-1133.4050296824355,STO=6
EsN0dB=4.50,GRXdB=10,N0=0.0063095735386013985
packet_number=1860,correct=False,payload=[10,115,15,3,4,1,198,39,10,25,26,11,172,29,14,183,48,17,146,2,22,61,54,23,24,25,24,58,24,23,22,31,162,97,35,99,116,45,39,52,58,3,43,175,108,105,78,46,48,49,50,51,54,53,54,87,56,120,122,59,204,63,57,63,68,193,66,75,68,221,78,71,192,67,88,75,92,79,78,75,81,129,80,19,18,117,86,87,120,89,90,91,28,221,92,215,96,227,38,115]
CFO=-1436.4454635374186,STO=0
EsN0dB=4.23,GRXdB=10,N0=0.0063095735386013985
packet_number=1861,correct=False,payload=[130,19,144,3,6,5,70,2,8,9,10,43,4,237,14,143,16,17,146,43,20,21,22,23,28,56,30,83,13,21,24,31,32,1,34,35,36,37,32,38,56,45,138,43,8,12,44,183,240,21,51,43,60,53,182,39,176,169,58,217,60,63,61,47,64,65,66,67,108,45,38,71,72,73,234,69,76,77,75,79,81,81,22,83,84,95,86,87,74,251,154,219,125,85,78,95,32,217,98,104]
CFO=-1087.713554308185,STO=1
EsN0dB=4.62,GRXdB=10,N0=0.0063095735386013985
packet_number=1862,correct=False,payload=[83,134,216,2,1,192,83,128,97,73,128,0,117,195,193,96,131,225,192,6,32,0,129,192,98,130,195,6,37,2,195,130,231,243,196,38,104,208,202,12,109,237,200,2,39,78,121,199,245,203,76,18,74,156,206,7,70,94,199,73,15,15,70,167,47,135,112,9,35,146,210,24,217,218,250,16,51,65,43,11,233,251,142,148,54,142,219,129,192,153,211,19,123,246,83,151,223,149,222,154]
CFO=-1482.516986763924,STO=2
EsN0dB=4.40,GRXdB=10,N0=0.0063095735386013985
packet_number=1863,correct=False,payload=[0,33,0,3,1,1,1,71,72,1,136,1,44,133,10,6,129,25,2,19,148,5,130,55,20,24,15,24,30,15,30,95,32,81,18,16,228,101,38,34,44,12,42,143,124,174,167,15,56,240,56,63,60,53,54,37,60,57,58,59,158,21,63,59,96,133,75,195,176,99,69,231,232,88,74,65,12,205,102,79,120,0,34,86,119,92,22,117,28,89,114,93,100,55,31,95,64,121,114,97]
CFO=-231.09432199652025,STO=7
EsN0dB=4.30,GRXdB=10,N0=0.0063095735386013985
packet_number=1864,correct=False,payload=[179,171,27,114,68,20,32,48,192,0,64,112,130,177,32,248,188,64,194,247,1,2,1,209,80,1,32,65,33,145,164,231,83,241,209,244,18,18,98,180,7,82,82,98,210,134,32,240,128,131,226,230,3,50,32,51,1,87,103,117,3,91,163,167,71,199,226,244,30,28,4,119,6,69,102,87,132,23,228,182,192,213,192,195,143,13,69,54,142,22,229,117,132,157,117,53,205,195,231,244]
CFO=-1148.1711634740298,STO=5
EsN0dB=4.10,GRXdB=10,N0=0.0063095735386013985
packet_number=1865,correct=False,payload=[0,179,6,19,24,37,6,23,8,25,202,27,132,45,138,47,16,113,66,83,20,137,22,21,88,27,18,27,30,29,30,15,36,225,34,33,4,45,36,39,40,137,44,161,45,103,46,47,52,57,178,51,116,181,182,182,40,25,186,49,184,117,63,191,64,65,98,99,68,21,74,66,72,41,208,90,76,77,78,95,16,233,211,83,68,197,82,150,120,89,82,91,93,61,88,93,64,227,226,98]
CFO=-1507.5307759039995,STO=3
EsN0dB=4.62,GRXdB=10,N0=0.0063095735386013985
packet_number=1866,correct=False,payload=[94,220,1,130,8,12,16,20,24,28,48,68,120,36,48,182,49,28,64,84,68,76,80,84,80,216,96,12,34,5,244,116,120,116,136,140,168,12,212,148,25,156,36,165,128,201,161,180,184,188,68,164,200,94,208,92,216,253,224,228,232,236,114,240,252,92,5,5,11,45,17,19,25,29,33,39,41,45,49,63,59,60,81,69,75,77,80,85,77,124,96,97,109,125,125,119,33,125,1,13]
CFO=-1266.0948538129924,STO=0
EsN0dB=4.37,GRXdB=10,N0=0.0063095735386013985
packet_number=1867,correct=False,payload=[0,11,6,170,37,141,18,15,8,3,12,27,95,141,13,31,18,144,82,167,24,19,34,183,89,57,118,27,26,127,22,63,32,99,35,65,172,37,110,55,0,58,58,104,44,45,10,63,32,97,50,51,161,53,116,55,120,121,62,42,29,95,126,114,64,64,214,83,6,0,198,110,90,72,80,235,220,76,110,71,49,112,199,82,92,7,178,158,253,176,242,87,53,30,220,127,225,97,96,111]
CFO=-1198.0154175795826,STO=1
EsN0dB=4.31,GRXdB=10,N0=0.0063095735386013985
packet_number=1868,correct=False,payload=[1,0,158,3,128,1,130,23,4,8,11,11,142,13,206,14,144,9,14,11,36,75,76,21,24,49,26,251,12,4,20,27,16,29,167,49,132,183,130,23,45,2,206,39,148,15,63,7,248,189,167,17,12,88,19,50,42,52,25,31,28,46,26,31,225,33,67,65,224,70,226,103,38,252,42,67,135,15,195,14,248,16,208,3,20,178,214,87,220,201,205,27,142,60,126,29,98,84,99,117]
CFO=-744.9099765452743,STO=5
EsN0dB=4.41,GRXdB=10,N0=0.0063095735386013985
packet_number=1869,correct=False,payload=[132,37,129,3,52,5,134,135,10,1,10,75,13,141,14,7,20,17,19,19,21,21,22,31,48,153,90,59,12,29,30,31,32,53,162,107,36,51,38,39,40,41,168,175,60,41,174,47,32,112,50,51,52,53,39,183,122,56,62,51,60,61,62,63,64,89,66,67,76,77,87,103,56,73,64,79,13,73,109,77,65,67,22,123,124,84,23,87,88,89,90,91,28,117,30,127,98,97,2,167]
CFO=-786.3473468575665,STO=0
EsN0dB=4.34,GRXdB=10,N0=0.0063095735386013985
packet_number=1870,correct=False,payload=[173,0,4,40,24,22,12,56,30,96,52,40,4,51,44,120,120,64,0,74,76,4,212,56,92,96,44,176,92,112,116,232,124,152,204,3,139,128,16,10,24,128,96,16,36,176,189,249,24,208,132,136,206,117,240,217,186,224,48,224,248,240,248,248,206,129,11,3,29,5,86,16,93,75,97,57,165,112,36,41,63,195,202,217,92,0,242,91,222,225,72,96,172,127,125,219,253,129,165,155]
CFO=-2006.558981964921,STO=7
EsN0dB=4.13,GRXdB=10,N0=0.0063095735386013985
packet_number=1871,correct=False,payload=[0,15,3,131,12,5,134,0,8,9,45,75,200,30,8,47,16,177,2,51,28,20,22,23,12,25,43,159,156,31,46,31,33,1,32,3,38,45,100,231,56,41,114,57,44,44,60,59,56,113,50,115,98,53,102,55,120,59,58,58,32,63,62,159,64,64,98,3,132,85,20,206,200,73,10,171,76,207,78,94,16,67,118,17,224,213,222,86,80,157,86,87,92,93,254,95,224,120,78,99]
CFO=-1456.0513081065287,STO=0
EsN0dB=4.28,GRXdB=10,N0=0.0063095735386013985
packet_number=1872,correct=False,payload=[254,57,45,146,67,38,66,12,23,4,12,16,0,2,46,12,31,22,30,48,19,50,54,12,152,12,54,81,17,24,170,88,28,63,31,34,2,2,198,64,72,39,14,188,11,4,7,144,171,158,15,116,18,114,99,112,102,116,175,155,59,28,55,124,121,254,60,224,195,134,192,64,79,142,14,129,89,16,30,190,139,14,91,240,107,129,115,56,42,166,117,246,177,214,158,253,29,137,219,192]
CFO=-1059.596060804639,STO=6
EsN0dB=4.58,GRXdB=10,N0=0.0063095735386013985
packet_number=1873,correct=False,payload=[1,65,50,3,21,0,14,7,8,9,139,41,5,13,12,7,16,17,114,147,20,20,22,23,24,25,26,107,88,60,95,31,33,97,34,99,44,45,38,41,40,107,42,11,44,45,15,47,81,17,48,3,20,54,63,55,56,49,56,59,61,61,190,143,6,65,70,195,70,197,102,69,72,92,202,75,76,13,78,111,210,82,82,83,20,85,84,215,31,89,91,91,92,79,95,239,64,96,98,67]
CFO=-229.6513852445185,STO=0
EsN0dB=4.15,GRXdB=10,N0=0.0063095735386013985
packet_number=1874,correct=False,payload=[126,22,224,0,32,64,129,67,36,192,160,161,34,11,229,131,211,129,100,6,102,66,118,164,34,128,163,19,110,2,203,35,229,161,229,148,33,228,100,143,68,200,176,7,111,164,229,37,39,201,230,130,68,70,70,158,94,213,239,133,78,15,67,3,7,66,204,41,158,76,234,16,33,201,248,17,43,201,113,1,201,241,254,24,36,226,104,142,150,137,202,3,42,219,102,15,195,251,200,136]
CFO=-1147.5876329027515,STO=0
EsN0dB=4.04,GRXdB=10,N0=0.0063095735386013985
packet_number=1875,correct=False,payload=[115,224,103,94,1,14,64,96,53,80,16,4,113,4,80,96,208,134,1,192,243,69,35,9,19,133,119,225,113,1,179,35,163,229,241,249,116,2,16,215,50,68,244,106,234,22,50,102,228,128,162,201,235,130,18,35,34,195,41,50,236,135,241,175,59,201,183,231,100,6,16,12,112,68,152,72,73,0,140,47,32,197,248,196,240,15,25,6,73,14,189,200,249,1,181,207,71,141,179,239]
CFO=-1390.9850999460216,STO=5
EsN0dB=4.37,GRXdB=10,N0=0.0063095735386013985
packet_number=1876,correct=False,payload=[0,1,34,99,4,17,6,5,8,5,10,11,12,45,142,95,16,17,6,51,28,20,95,23,24,29,122,27,28,29,30,31,32,1,192,35,4,41,46,52,40,11,45,43,108,61,190,45,48,169,18,19,52,51,54,183,168,57,58,27,124,45,62,63,96,65,66,75,76,69,68,67,196,73,75,77,108,69,78,76,80,19,66,51,92,85,84,119,75,122,218,75,124,89,22,95,98,113,34,99]
CFO=-1190.388847325094,STO=7
EsN0dB=4.27,GRXdB=10,N0=0.0063095735386013985
packet_number=1877,correct=False,payload=[2,1,3,19,4,5,7,7,8,129,10,11,12,4,142,11,0,25,18,19,4,5,22,23,60,25,26,27,60,29,30,47,96,64,14,51,100,47,46,133,136,77,170,56,38,45,12,11,52,17,51,51,36,181,54,55,60,63,27,123,30,53,62,123,68,81,194,195,100,69,238,70,72,73,202,91,12,205,206,75,16,117,82,83,93,85,86,87,88,89,122,91,94,93,94,221,32,67,102,99]
CFO=-755.3707195662989,STO=4
EsN0dB=4.41,GRXdB=10,N0=0.0063095735386013985
packet_number=1878,correct=False,payload=[129,64,42,2,70,21,6,7,8,9,142,139,12,29,14,15,20,0,38,211,84,5,118,15,88,25,18,57,28,157,28,95,32,33,34,167,4,49,54,39,36,113,170,43,60,45,44,47,177,57,54,115,52,61,54,199,61,57,62,57,124,61,186,63,98,69,67,67,84,5,67,5,109,75,202,75,132,125,92,69,244,193,82,82,21,85,214,85,24,81,66,90,28,88,94,31,96,225,162,99]
CFO=-1796.0032226011224,STO=3
EsN0dB=3.85,GRXdB=10,N0=0.0063095735386013985
packet_number=1879,correct=False,payload=[162,1,0,1,132,5,4,7,72,9,10,163,12,13,142,30,61,25,146,19,12,17,54,151,88,17,90,27,24,25,150,27,32,161,42,161,36,51,38,111,32,44,42,50,44,37,175,47,38,35,48,51,49,53,22,55,56,57,248,62,62,57,254,63,64,10,66,83,124,7,198,71,8,73,75,43,12,77,42,15,81,81,86,83,84,21,87,87,90,73,242,194,157,95,95,223,104,113,102,65]
CFO=153.4878242655414,STO=3
EsN0dB=4.32,GRXdB=10,N0=0.0063095735386013985
packet_number=1880,correct=False,payload=[0,1,34,59,21,7,6,69,8,73,74,18,5,13,14,15,145,81,18,19,20,145,94,53,46,25,122,27,188,13,30,127,32,35,35,67,172,5,38,45,0,40,42,43,4,45,62,46,49,16,51,49,180,189,54,151,52,61,58,59,28,45,63,63,64,225,99,99,64,65,6,69,200,73,110,73,68,73,239,239,81,209,112,65,94,69,70,87,64,93,83,91,92,92,126,151,96,65,56,80]
CFO=-2068.931178532485,STO=3
EsN0dB=4.51,GRXdB=10,N0=0.0063095735386013985
packet_number=1881,correct=False,payload=[129,1,67,143,12,5,22,7,25,9,10,11,12,13,14,15,16,17,82,83,180,21,151,85,29,9,122,25,62,21,30,223,32,1,2,35,160,37,36,7,40,105,42,50,44,45,110,143,48,113,58,179,52,49,54,55,60,25,42,59,52,61,62,47,96,209,82,3,96,129,82,71,66,88,74,67,77,77,78,79,80,195,82,3,148,84,20,31,204,90,90,26,220,117,94,87,99,229,98,99]
CFO=-805.9775595494966,STO=3
EsN0dB=4.33,GRXdB=10,N0=0.0063095735386013985
packet_number=1882,correct=False,payload=[4,24,2,3,12,145,20,7,5,13,10,3,77,13,13,47,1,17,144,27,16,65,83,151,81,17,218,147,30,45,62,123,32,49,34,2,44,5,2,51,32,171,42,41,42,45,110,45,50,49,50,19,52,53,100,63,57,57,122,59,60,61,190,62,64,65,194,67,64,117,134,103,73,73,74,203,204,69,222,111,91,85,66,67,20,5,116,87,88,121,90,83,30,85,108,125,227,49,98,102]
CFO=-1860.7414393858612,STO=3
EsN0dB=4.58,GRXdB=10,N0=0.0063095735386013985
packet_number=1883,correct=False,payload=[128,16,2,2,4,133,22,3,9,17,15,9,13,13,14,15,17,149,146,19,86,21,18,23,17,25,80,10,28,61,22,31,32,35,3,35,36,103,102,103,56,53,43,51,231,109,46,47,208,176,39,123,48,117,182,55,40,51,26,187,52,61,62,191,32,73,11,199,196,71,70,71,200,73,202,75,76,77,202,95,80,80,82,83,148,20,94,71,94,93,210,75,154,61,86,127,224,35,226,99]
CFO=-1492.4129348020185,STO=3
EsN0dB=4.25,GRXdB=10,N0=0.0063095735386013985
packet_number=1884,correct=False,payload=[0,1,18,3,0,53,4,143,8,8,2,1,44,189,14,29,80,81,19,23,4,21,20,31,13,25,14,31,44,61,31,31,44,33,34,34,4,37,38,43,42,227,40,63,62,188,39,126,177,51,18,51,52,181,28,183,32,57,42,63,62,61,118,63,64,201,34,71,68,5,70,71,200,72,10,79,78,13,72,78,85,65,90,83,84,149,84,199,88,81,26,154,94,121,94,159,97,96,66,99]
CFO=-1151.5893411305365,STO=5
EsN0dB=4.29,GRXdB=10,N0=0.0063095735386013985
packet_number=1885,correct=False,payload=[0,69,66,11,4,5,2,23,8,73,14,43,12,13,12,15,16,19,82,19,20,21,18,176,24,153,26,27,30,39,30,154,48,33,34,39,36,237,36,39,40,45,238,59,41,52,46,39,112,57,50,183,52,55,54,39,56,57,58,42,62,125,46,61,209,97,98,65,80,229,70,85,72,73,66,74,76,109,78,106,80,89,82,75,20,21,214,87,88,89,126,11,92,157,94,93,112,225,228,107]
CFO=-412.8733738091444,STO=6
EsN0dB=3.14,GRXdB=10,N0=0.007943281903862953
packet_number=1886,correct=False,payload=[34,1,64,1,76,8,7,14,8,9,64,11,12,5,10,15,18,181,23,19,16,247,22,31,152,179,22,23,92,143,14,59,51,49,6,34,116,37,37,39,8,185,186,43,24,47,110,107,176,161,32,177,52,52,52,23,56,27,46,127,153,61,58,63,80,97,82,195,76,69,78,71,75,137,74,66,76,79,79,207,86,16,242,81,212,69,20,87,90,217,90,94,112,93,126,23,65,193,34,35]
CFO=-955.706808384466,STO=7
EsN0dB=3.25,GRXdB=10,N0=0.007943281903862953
packet_number=1887,correct=False,payload=[6,170,48,50,4,213,53,4,136,11,143,139,44,205,76,75,50,17,82,43,148,40,22,15,92,11,122,27,25,15,30,58,40,33,182,47,104,37,100,175,64,41,186,43,60,41,102,63,57,112,183,85,230,52,166,27,57,81,122,27,184,189,117,63,64,67,224,194,228,73,103,215,25,69,76,72,12,9,79,31,88,80,114,147,82,103,150,247,56,202,90,251,212,93,78,79,2,75,96,115]
CFO=-771.580323718424,STO=0
EsN0dB=3.01,GRXdB=10,N0=0.007943281903862953
packet_number=1888,correct=False,payload=[64,40,166,65,10,78,143,3,8,16,27,29,56,73,30,31,48,113,51,179,87,159,61,31,26,11,186,207,56,54,24,31,176,115,96,54,60,7,110,60,121,59,31,3,13,28,44,122,18,48,112,50,40,37,102,55,185,45,62,27,184,59,116,253,129,96,160,250,68,8,12,135,0,201,43,78,73,200,210,13,121,193,22,43,88,180,82,49,12,1,121,91,248,27,250,87,32,228,172,98]
CFO=-993.9129418948786,STO=6
EsN0dB=3.05,GRXdB=10,N0=0.007943281903862953
packet_number=1889,correct=False,payload=[3,161,2,3,132,5,142,230,9,25,10,10,141,100,8,11,144,16,34,147,16,85,2,23,56,57,77,51,28,48,26,31,0,49,39,163,37,5,36,97,56,9,170,35,44,45,42,126,100,49,52,34,52,52,54,38,120,49,59,58,88,127,63,63,96,193,70,98,22,71,68,67,112,73,66,74,76,109,74,79,82,80,16,87,216,84,214,67,89,89,126,91,84,93,86,95,96,99,66,99]
CFO=-997.2857628264281,STO=5
EsN0dB=3.19,GRXdB=10,N0=0.007943281903862953
packet_number=1890,correct=False,payload=[0,69,6,3,4,21,6,183,8,8,42,11,12,37,6,30,16,19,90,18,22,21,50,151,27,9,56,59,12,63,94,95,177,176,170,35,36,37,100,39,8,42,122,41,32,37,109,45,32,49,51,34,60,181,50,55,186,60,55,51,124,45,62,255,80,99,2,75,4,69,71,119,72,75,105,11,9,201,75,71,80,85,82,242,212,117,22,86,88,121,122,67,207,93,78,92,120,9,98,98]
CFO=-822.0266068242572,STO=7
EsN0dB=3.13,GRXdB=10,N0=0.007943281903862953
packet_number=1891,correct=False,payload=[4,21,3,31,136,12,54,47,8,139,136,9,12,141,28,11,216,1,206,18,17,68,134,23,105,145,18,11,213,60,119,94,32,9,38,48,36,229,38,167,42,61,10,23,108,45,46,106,48,55,114,56,4,177,54,63,188,61,48,141,200,189,26,62,194,65,66,87,68,81,71,71,238,108,74,106,109,205,107,15,64,216,74,115,92,79,114,149,208,81,120,202,20,76,116,159,230,96,98,227]
CFO=-849.087021832038,STO=1
EsN0dB=3.03,GRXdB=10,N0=0.007943281903862953
packet_number=1892,correct=False,payload=[183,8,32,135,131,6,100,6,81,22,4,15,1,46,38,38,15,216,81,56,3,16,23,22,23,152,25,11,15,216,20,146,95,32,51,130,98,46,6,182,102,76,52,250,104,160,44,62,7,179,33,20,171,52,49,6,19,218,59,50,201,28,62,110,31,96,1,192,67,228,20,99,199,16,109,232,6,72,73,78,110,73,25,210,89,221,71,94,127,120,17,46,3,124,92,28,47,112,32,242]
CFO=-193.78798586797745,STO=4
EsN0dB=3.31,GRXdB=10,N0=0.007943281903862953
packet_number=1893,correct=False,payload=[8,0,70,3,55,133,6,70,12,8,210,11,15,157,14,14,208,25,18,27,214,1,14,31,12,26,154,152,28,157,158,127,52,32,34,35,100,0,38,55,170,105,42,59,236,45,12,47,48,49,50,51,116,183,54,182,48,17,46,58,118,189,190,47,80,97,74,71,88,71,70,7,72,73,66,73,68,77,94,206,82,85,66,66,84,149,82,103,88,81,110,27,13,117,78,126,0,120,67,43]
CFO=-957.8899787457351,STO=6
EsN0dB=3.21,GRXdB=10,N0=0.007943281903862953
packet_number=1894,correct=False,payload=[1,24,130,3,141,37,12,55,8,9,138,79,30,13,46,11,113,51,18,19,0,94,24,21,24,185,58,27,28,148,30,31,116,57,51,122,133,1,174,37,56,173,106,171,172,229,46,174,48,80,51,19,51,53,62,55,172,147,58,187,29,61,246,127,28,113,80,67,196,65,125,67,72,76,74,75,60,12,223,93,80,81,66,211,124,49,84,23,88,81,122,121,92,249,30,93,100,35,38,83]
CFO=-419.4100782882582,STO=0
EsN0dB=3.21,GRXdB=10,N0=0.007943281903862953
packet_number=1895,correct=False,payload=[214,224,32,0,34,65,161,138,130,232,32,97,65,65,135,17,227,198,70,2,4,95,4,51,195,238,2,35,194,203,3,129,130,68,12,37,136,226,194,237,212,206,69,61,0,215,141,37,69,230,24,38,198,125,10,206,68,244,118,103,6,64,145,230,143,232,25,48,169,64,196,30,113,200,27,2,0,125,57,105,243,26,43,64,108,72,158,24,215,202,2,71,203,95,2,129,131,204,26,92]
CFO=-778.4125880327158,STO=1
EsN0dB=2.97,GRXdB=10,N0=0.007943281903862953
packet_number=1896,correct=False,payload=[60,78,247,244,25,226,236,0,22,8,158,17,144,220,38,160,36,169,164,201,48,28,62,33,112,72,239,48,126,92,86,113,96,45,74,114,126,52,124,128,193,144,76,24,16,200,220,152,71,120,172,21,251,157,188,196,150,194,253,152,84,222,70,240,224,228,85,240,150,120,189,5,133,5,12,145,150,27,31,1,39,33,68,161,53,31,189,57,196,200,46,113,70,92,93,105,32,61,239,240]
CFO=-1238.889119415839,STO=2
EsN0dB=3.31,GRXdB=10,N0=0.007943281903862953
packet_number=1897,correct=False,payload=[125,67,96,128,22,130,44,74,80,112,112,133,209,168,232,104,16,240,65,1,137,33,49,70,81,225,53,1,177,97,155,161,91,177,114,10,16,34,51,200,31,98,58,44,210,163,178,193,82,114,227,1,131,35,178,66,19,113,122,131,144,226,178,195,211,227,255,21,70,48,54,68,192,42,120,4,20,229,182,196,148,110,253,7,4,133,52,109,21,4,113,199,149,105,180,165,213,165,214,22]
CFO=-527.5916777149611,STO=2
EsN0dB=3.41,GRXdB=10,N0=0.007943281903862953
packet_number=1898,correct=False,payload=[16,152,18,6,48,192,88,164,56,208,144,161,184,160,208,232,241,37,17,160,184,65,240,227,112,160,217,225,49,193,209,97,242,171,1,38,35,66,82,106,51,19,251,226,183,198,210,226,250,175,27,34,27,67,83,99,19,53,151,163,182,206,130,211,84,12,30,164,44,101,244,68,182,173,212,164,180,68,212,228,245,13,149,1,117,205,157,97,85,38,213,101,189,193,213,229,254,139,118,162]
CFO=-568.6892579740124,STO=4
EsN0dB=3.23,GRXdB=10,N0=0.007943281903862953
packet_number=1899,correct=False,payload=[65,1,50,131,4,5,22,7,0,10,10,75,137,28,28,79,144,145,54,19,132,23,22,22,88,88,26,155,28,189,54,15,36,35,98,163,36,36,119,119,172,9,58,51,104,239,46,43,160,177,58,114,20,53,182,53,56,80,114,187,62,53,29,59,64,65,66,211,101,69,68,78,74,73,194,139,204,72,30,71,92,197,72,83,22,79,87,83,124,89,93,75,220,93,95,255,96,241,114,107]
CFO=-1367.277110166019,STO=6
EsN0dB=3.17,GRXdB=10,N0=0.007943281903862953
packet_number=1900,correct=False,payload=[133,19,0,1,4,229,102,137,128,79,110,155,8,13,158,15,144,89,18,144,23,77,30,6,24,92,155,25,12,24,62,29,17,1,51,3,36,7,38,39,168,41,58,73,45,165,46,11,40,51,114,55,182,53,126,55,186,117,122,51,60,61,190,61,192,64,67,203,76,93,64,116,108,89,106,75,220,73,78,91,208,88,66,199,93,125,62,85,85,92,90,75,77,73,220,27,97,195,114,99]
CFO=-1544.6382687432285,STO=3
EsN0dB=3.30,GRXdB=10,N0=0.007943281903862953
packet_number=1901,correct=False,payload=[183,246,20,32,98,97,129,161,192,225,6,97,65,175,129,161,225,227,162,42,66,98,226,163,194,227,7,11,83,67,139,163,193,164,4,32,71,12,128,100,196,167,5,53,71,101,197,227,133,166,134,38,39,38,166,162,198,214,3,39,195,46,3,7,199,232,8,32,88,40,56,170,200,225,9,47,107,163,129,169,122,234,43,46,47,120,136,170,202,233,27,123,41,107,153,170,3,236,14,44]
CFO=-317.3785246716392,STO=3
EsN0dB=3.06,GRXdB=10,N0=0.007943281903862953
packet_number=1902,correct=False,payload=[44,65,82,81,150,39,55,7,32,73,30,139,141,77,44,138,80,19,16,49,21,61,22,191,56,89,176,211,136,29,29,30,36,49,34,33,174,165,51,39,104,40,43,191,12,109,12,47,51,96,50,51,60,149,52,126,56,41,56,59,62,92,62,53,172,5,2,64,76,37,71,35,74,77,90,111,76,77,76,79,80,81,90,81,144,1,22,211,216,86,122,107,93,95,95,239,112,96,64,99]
CFO=-264.6139496670502,STO=5
EsN0dB=3.24,GRXdB=10,N0=0.007943281903862953
packet_number=1903,correct=False,payload=[4,192,2,65,22,133,6,22,16,9,2,89,12,15,36,111,18,137,147,26,20,213,82,223,24,57,26,15,189,28,31,159,160,227,33,101,1,161,103,173,176,41,40,103,5,61,174,45,16,49,51,39,52,55,18,19,16,8,34,187,112,191,150,123,64,73,227,67,86,68,68,75,72,73,74,107,109,85,14,79,80,113,218,83,148,84,214,87,88,105,90,219,92,95,28,15,96,81,162,97]
CFO=-1078.6769531609773,STO=0
EsN0dB=3.51,GRXdB=10,N0=0.007943281903862953
packet_number=1904,correct=False,payload=[1,5,4,3,0,69,196,7,9,26,15,24,0,31,204,30,4,27,150,21,148,161,30,52,17,11,154,25,52,23,60,151,68,11,4,71,36,77,110,39,1,241,56,114,12,13,88,157,60,104,58,2,44,57,95,44,57,51,50,55,112,252,254,63,128,136,70,71,201,20,78,69,80,195,206,231,76,88,78,218,133,20,98,135,96,33,144,38,233,86,242,223,218,224,204,254,65,97,72,22]
CFO=-1327.0599839796644,STO=3
EsN0dB=3.36,GRXdB=10,N0=0.007943281903862953
packet_number=1905,correct=False,payload=[224,154,34,96,96,136,160,128,169,17,35,73,80,165,161,194,224,7,0,74,120,130,130,194,235,42,43,99,67,67,131,195,197,2,52,68,96,196,166,199,101,38,51,65,108,197,225,229,102,14,38,196,106,130,53,234,211,23,26,69,39,167,247,111,232,200,96,202,120,140,170,105,173,15,175,74,105,237,33,237,178,10,58,92,242,154,163,202,207,2,47,75,35,171,171,155,236,76,108,93]
CFO=-562.7021109898366,STO=7
EsN0dB=3.35,GRXdB=10,N0=0.007943281903862953
packet_number=1906,correct=False,payload=[16,1,18,3,12,169,6,135,8,12,10,11,12,9,14,15,80,19,146,19,150,149,86,147,24,25,18,27,28,29,150,31,50,17,54,42,44,41,54,101,184,45,236,35,42,45,46,61,50,181,50,55,180,116,54,190,60,56,122,51,221,61,56,223,80,1,98,75,21,65,31,6,200,72,184,95,76,69,138,95,209,81,82,80,68,116,83,23,120,203,90,123,30,92,95,95,64,225,33,239]
CFO=-1146.262267896619,STO=3
EsN0dB=3.31,GRXdB=10,N0=0.007943281903862953
packet_number=1907,correct=False,payload=[24,1,3,183,5,13,6,7,128,83,10,8,45,77,138,43,24,25,150,27,149,12,155,23,58,61,58,27,87,60,30,30,33,0,34,43,36,45,54,119,33,60,138,123,6,137,46,42,48,113,54,179,22,49,62,55,56,169,56,62,190,61,62,109,65,65,64,33,64,73,4,79,204,73,72,75,76,33,92,207,24,83,80,114,84,85,70,94,120,81,26,94,220,92,122,114,57,97,22,99]
CFO=-1279.2778303891555,STO=6
EsN0dB=3.77,GRXdB=10,N0=0.007943281903862953
packet_number=1908,correct=False,payload=[0,38,32,209,4,133,2,199,0,9,10,29,76,6,78,14,20,25,18,18,54,149,22,86,56,127,42,30,29,29,62,31,233,163,38,40,4,37,132,191,40,120,122,99,44,125,14,173,176,49,50,103,126,20,52,55,136,56,153,59,100,241,62,190,68,193,118,235,66,85,103,230,75,137,42,9,76,77,70,102,220,18,66,95,80,116,112,85,72,85,91,66,124,237,110,27,212,65,98,219]
CFO=-298.556995705268,STO=4
EsN0dB=2.82,GRXdB=10,N0=0.007943281903862953
packet_number=1909,correct=False,payload=[4,9,203,17,4,20,134,31,232,2,14,11,12,109,12,15,194,145,34,22,22,21,222,53,20,17,90,11,28,29,30,63,172,161,178,34,12,45,2,175,0,48,58,187,36,53,46,15,56,49,19,34,48,53,38,51,122,33,56,123,61,45,62,63,200,65,71,67,108,197,71,71,72,65,202,75,76,73,206,77,88,80,82,51,213,197,220,85,88,89,26,81,92,77,94,91,96,225,234,105]
CFO=-1080.3056449708754,STO=0
EsN0dB=3.25,GRXdB=10,N0=0.007943281903862953
packet_number=1910,correct=False,payload=[0,193,2,2,0,173,38,31,8,0,14,7,13,12,78,47,112,87,16,23,128,5,12,23,24,24,24,255,187,28,63,5,36,33,44,7,25,133,111,6,104,54,10,43,12,41,12,56,36,48,50,67,52,55,38,130,115,58,30,123,44,245,92,126,80,0,68,130,80,135,4,71,64,74,134,219,205,128,156,59,161,81,67,209,182,85,28,84,72,93,82,107,159,222,222,5,200,225,202,67]
CFO=-1476.3608044557577,STO=6
EsN0dB=3.41,GRXdB=10,N0=0.007943281903862953
packet_number=1911,correct=False,payload=[128,16,6,1,68,77,86,15,200,73,186,3,0,5,14,143,20,33,91,178,4,13,22,49,88,25,86,41,20,153,20,95,50,129,162,51,230,37,54,39,49,41,42,107,108,45,172,129,144,177,170,18,61,181,46,55,56,152,38,187,56,93,60,55,64,75,67,67,6,97,206,70,72,9,12,81,72,87,206,110,80,81,82,99,84,81,86,66,88,217,212,123,93,89,202,94,120,70,98,225]
CFO=-1136.9059759507593,STO=3
EsN0dB=3.29,GRXdB=10,N0=0.007943281903862953
packet_number=1912,correct=False,payload=[137,65,147,11,76,205,74,7,42,24,10,19,12,13,14,15,16,1,70,155,22,92,134,18,72,113,26,23,116,156,78,29,36,45,194,38,101,37,46,37,44,41,40,47,12,109,110,95,188,49,118,49,30,69,22,52,60,60,50,55,56,60,30,30,32,65,199,11,196,79,110,79,72,73,75,75,174,221,110,255,80,217,74,82,6,17,86,22,12,219,74,91,216,93,94,93,96,65,227,242]
CFO=-1578.5432803513027,STO=3
EsN0dB=2.70,GRXdB=10,N0=0.007943281903862953
packet_number=1913,correct=False,payload=[64,3,6,65,36,144,7,7,28,141,34,19,12,141,46,156,20,16,34,151,20,20,22,47,90,187,35,24,20,28,60,29,32,33,34,6,100,101,54,124,44,61,105,51,174,169,36,190,48,17,34,49,20,28,182,63,56,57,251,59,54,133,63,119,200,64,66,65,108,101,102,71,72,201,94,95,76,45,127,95,80,81,218,89,84,121,119,211,8,81,82,59,120,92,238,95,229,105,106,99]
CFO=-887.6495465499241,STO=2
EsN0dB=2.70,GRXdB=10,N0=0.007943281903862953
packet_number=1914,correct=False,payload=[15,53,24,121,160,108,65,9,202,139,195,0,68,66,192,7,246,7,155,22,204,10,72,9,12,34,35,49,239,10,140,15,14,46,231,141,192,16,93,25,211,58,13,91,195,16,60,246,210,90,143,215,157,156,217,89,78,94,27,155,158,12,223,157,158,47,159,29,128,32,240,97,139,38,211,33,140,86,224,2,38,67,3,39,152,32,168,40,226,4,209,40,180,108,205,37,239,47,206,11]
CFO=-755.8040096917715,STO=1
EsN0dB=3.50,GRXdB=10,N0=0.007943281903862953
packet_number=1915,correct=False,payload=[165,75,42,3,199,69,6,66,8,11,88,1,18,157,42,149,0,9,18,73,24,96,184,34,153,25,50,27,29,15,143,15,130,229,144,146,182,194,36,47,4,189,58,11,140,47,129,27,112,21,50,49,20,48,51,158,45,15,136,159,126,61,26,62,72,85,96,119,196,199,167,19,68,55,15,15,100,4,71,45,120,89,106,113,29,39,59,7,126,57,112,249,110,125,214,79,54,97,160,57]
CFO=-880.4324911964536,STO=0
EsN0dB=3.16,GRXdB=10,N0=0.007943281903862953
packet_number=1916,correct=False,payload=[73,129,4,129,4,87,6,3,72,13,34,15,12,205,14,46,0,82,18,3,20,22,22,55,24,24,27,191,30,25,14,127,96,169,2,58,228,245,10,2,32,81,10,55,44,45,174,43,36,113,222,187,53,134,180,90,57,243,146,35,56,185,110,63,16,129,74,197,192,87,238,79,72,124,90,105,204,9,159,95,80,17,86,81,68,104,199,231,216,58,190,31,188,111,90,63,97,183,50,43]
CFO=-2059.710423152968,STO=3
EsN0dB=3.55,GRXdB=10,N0=0.007943281903862953
packet_number=1917,correct=False,payload=[32,41,2,141,22,231,12,9,4,137,24,34,45,207,174,31,144,64,138,59,148,22,54,55,24,11,26,31,12,61,94,31,32,105,34,51,164,44,38,33,144,96,38,43,40,25,36,59,48,16,50,115,116,103,174,119,60,89,34,59,44,61,255,175,68,65,90,66,66,69,70,35,8,77,34,67,172,85,102,252,64,17,240,67,148,22,86,71,84,9,94,83,110,93,94,63,232,41,194,19]
CFO=-536.4995013371924,STO=3
EsN0dB=3.25,GRXdB=10,N0=0.007943281903862953
packet_number=1918,correct=False,payload=[0,1,34,147,1,133,5,7,72,9,170,3,12,12,14,15,144,12,6,81,28,81,6,67,16,31,42,219,92,13,26,63,33,101,46,34,42,101,54,103,32,41,42,187,168,53,174,62,208,37,182,49,52,17,70,38,56,41,123,27,28,55,58,63,64,8,66,71,66,5,212,71,72,72,75,105,13,69,206,15,80,91,82,130,84,81,150,71,80,127,82,74,12,76,95,127,36,99,74,75]
CFO=-1935.0077700627678,STO=6
EsN0dB=3.29,GRXdB=10,N0=0.007943281903862953
packet_number=1919,correct=False,payload=[0,3,34,35,4,4,86,15,128,9,74,11,6,63,158,29,208,17,2,3,22,19,22,17,48,89,58,163,180,85,158,31,32,65,50,7,36,33,39,39,40,105,42,103,40,13,47,47,16,51,179,163,55,53,55,55,26,57,112,159,44,189,62,127,65,0,208,195,12,69,70,69,92,217,74,75,70,76,142,223,80,85,83,91,94,84,86,87,248,92,58,25,88,205,126,222,69,98,98,99]
CFO=-1078.680629130843,STO=7
EsN0dB=3.19,GRXdB=10,N0=0.007943281903862953
packet_number=1920,correct=False,payload=[1,2,98,39,13,101,68,13,73,8,14,7,140,172,31,35,159,180,22,52,220,29,52,166,108,153,132,11,30,191,30,159,230,165,107,7,76,22,46,47,8,115,34,111,125,41,14,46,176,116,61,123,48,119,53,55,45,185,32,50,36,127,62,95,128,99,82,115,77,133,36,199,76,83,98,75,140,78,75,78,192,209,240,91,84,236,86,214,90,73,58,31,21,92,186,29,98,96,82,109]
CFO=-1334.424493156623,STO=2
EsN0dB=3.27,GRXdB=10,N0=0.007943281903862953
packet_number=1921,correct=False,payload=[75,32,100,20,160,48,96,80,99,57,0,144,164,208,225,210,196,233,165,16,33,57,192,72,96,112,161,152,169,145,200,185,227,241,151,31,56,49,128,11,96,112,98,130,34,80,194,186,242,225,99,19,99,51,83,83,225,211,131,136,35,179,210,211,227,246,4,56,4,36,68,125,56,119,149,26,175,253,196,212,232,140,13,157,177,177,133,29,85,245,132,81,165,183,212,246,225,118,39,84]
CFO=-1532.949751787025,STO=0
EsN0dB=3.11,GRXdB=10,N0=0.007943281903862953
packet_number=1922,correct=False,payload=[224,138,164,67,60,4,6,15,17,73,4,19,28,30,46,14,64,51,86,179,16,17,54,22,92,15,28,31,76,74,62,152,64,208,158,238,12,166,42,100,24,106,98,62,104,61,37,206,88,51,178,123,116,63,117,63,248,251,120,51,58,40,18,61,65,194,155,195,92,132,13,7,129,160,200,10,76,206,204,30,228,66,214,104,64,80,118,23,222,154,30,90,200,221,30,214,224,35,98,227]
CFO=-1998.4699509853797,STO=5
EsN0dB=3.43,GRXdB=10,N0=0.007943281903862953
packet_number=1923,correct=False,payload=[155,192,49,67,131,4,13,15,71,51,41,138,129,204,46,2,79,19,149,26,19,4,149,78,55,90,9,68,195,140,77,30,30,6,49,36,35,40,229,6,39,36,45,171,42,52,31,42,142,190,21,48,58,4,37,52,183,56,89,58,63,174,61,122,63,64,65,78,73,84,97,6,102,72,73,74,203,76,109,90,79,80,81,82,67,212,213,214,254,92,75,89,80,204,73,159,223,112,101,104]
CFO=-650.9798158391166,STO=0
EsN0dB=3.65,GRXdB=10,N0=0.007943281903862953
packet_number=1924,correct=False,payload=[16,131,74,17,196,9,68,15,72,9,22,43,24,124,38,19,16,17,18,19,28,133,20,22,16,9,90,155,92,29,222,31,160,225,34,33,35,53,37,7,122,56,42,7,44,45,166,15,48,48,50,103,52,37,58,103,57,185,126,59,62,49,46,163,64,131,68,65,78,48,66,71,24,9,216,91,52,104,78,79,221,23,90,247,20,70,119,21,205,124,24,95,28,212,214,123,97,96,110,66]
CFO=-705.733386990289,STO=1
EsN0dB=3.53,GRXdB=10,N0=0.007943281903862953
packet_number=1925,correct=False,payload=[103,248,0,56,10,57,0,32,112,56,4,143,32,240,194,120,96,240,1,157,33,217,216,179,167,53,208,201,161,235,133,164,225,125,137,67,114,58,43,123,114,210,80,85,162,243,196,203,98,119,1,0,177,147,147,57,179,50,131,139,139,241,223,79,226,246,4,56,16,16,66,28,116,243,0,205,134,36,244,116,36,243,6,16,87,53,117,213,96,125,87,143,129,213,194,220,253,99,38,30]
CFO=-1100.0782125603505,STO=5
EsN0dB=3.51,GRXdB=10,N0=0.007943281903862953
packet_number=1926,correct=False,payload=[31,55,16,145,0,2,4,14,46,11,10,1,12,95,39,13,78,79,144,151,30,19,135,5,22,19,28,56,35,11,92,19,14,31,160,73,96,33,44,36,133,39,41,57,112,62,44,13,46,47,56,25,42,50,52,49,114,39,56,55,59,59,54,57,54,111,64,200,66,74,196,69,70,197,221,67,26,67,76,71,90,71,80,81,16,19,216,84,88,23,90,89,91,83,88,139,94,31,32,68]
CFO=-1041.9888766254692,STO=2
EsN0dB=3.50,GRXdB=10,N0=0.007943281903862953
packet_number=1927,correct=False,payload=[99,11,141,175,192,129,0,145,193,129,1,129,192,1,34,139,131,3,129,144,198,36,21,133,79,73,79,131,193,11,99,6,101,51,47,203,188,0,104,66,77,141,110,205,225,10,72,158,225,8,103,129,204,14,68,148,77,1,143,173,202,10,174,159,223,12,46,198,96,28,92,145,221,19,80,56,201,2,80,131,147,1,73,213,240,0,94,26,197,69,131,209,214,39,26,157,183,151,55,159]
CFO=-1621.5229571816465,STO=2
EsN0dB=2.95,GRXdB=10,N0=0.007943281903862953
packet_number=1928,correct=False,payload=[208,8,16,36,24,96,81,106,114,96,132,242,160,192,82,96,209,33,130,40,24,105,112,57,123,193,17,229,188,192,215,177,120,38,11,96,179,81,82,162,80,129,6,42,22,194,68,100,243,3,117,35,55,33,83,99,97,219,147,55,173,219,144,225,182,134,84,116,100,108,20,116,246,135,196,167,176,194,232,100,244,5,21,5,189,101,21,85,117,134,0,231,182,253,214,99,227,148,31,46]
CFO=-712.1567885917648,STO=4
EsN0dB=3.13,GRXdB=10,N0=0.007943281903862953
packet_number=1929,correct=False,payload=[32,65,34,129,6,39,30,71,138,14,139,43,12,13,14,15,50,129,3,31,20,53,50,21,120,25,184,26,12,29,30,159,40,73,2,39,4,37,46,199,10,57,42,43,44,12,46,175,180,51,50,34,164,4,23,53,58,57,42,59,21,47,62,127,208,192,82,195,20,101,6,3,64,75,72,67,76,77,78,79,80,213,82,19,86,69,86,87,218,120,194,223,84,80,94,106,72,113,74,127]
CFO=-481.03489682125104,STO=7
EsN0dB=3.44,GRXdB=10,N0=0.007943281903862953
packet_number=1930,correct=False,payload=[32,65,2,195,132,7,206,3,24,9,10,11,12,29,158,107,48,17,154,51,192,23,22,22,240,16,26,27,12,25,30,29,32,97,96,32,36,37,38,39,90,233,8,47,44,9,46,167,48,35,38,53,28,57,86,6,61,57,62,127,188,189,62,27,64,67,210,77,65,69,68,71,9,3,74,75,14,64,70,95,82,49,114,83,21,213,238,215,124,89,35,203,124,95,254,95,112,226,66,227]
CFO=-1008.0324014392739,STO=5
EsN0dB=2.94,GRXdB=10,N0=0.007943281903862953
packet_number=1931,correct=False,payload=[16,25,10,7,62,13,38,135,12,129,10,15,61,13,78,142,48,17,2,18,21,149,22,6,56,25,90,30,20,25,30,87,40,33,50,177,54,175,39,35,43,57,74,170,36,44,35,13,52,49,42,183,244,52,6,55,80,41,58,58,180,17,60,158,67,67,2,83,36,111,70,19,88,77,74,75,77,78,78,239,84,83,52,77,84,85,214,69,24,65,24,91,122,85,90,94,40,80,34,99]
CFO=-1481.4795332040553,STO=6
EsN0dB=3.16,GRXdB=10,N0=0.007943281903862953
packet_number=1932,correct=False,payload=[4,65,2,35,165,7,6,7,9,15,34,15,12,15,47,7,132,184,19,83,90,181,22,23,24,121,91,18,60,29,6,14,226,128,51,35,36,37,46,39,127,105,42,11,40,41,14,143,52,179,50,187,52,55,48,118,56,25,48,115,60,61,59,215,81,73,66,75,86,205,66,7,12,89,75,91,74,69,76,71,80,83,66,87,221,125,22,29,88,73,218,27,28,253,82,215,33,33,99,101]
CFO=-1304.971911113751,STO=5
EsN0dB=2.79,GRXdB=10,N0=0.007943281903862953
packet_number=1933,correct=False,payload=[0,1,6,3,6,37,14,7,137,49,2,138,20,143,143,46,53,219,18,19,25,145,150,15,28,217,26,91,45,95,30,30,112,99,47,107,5,5,38,181,24,41,40,43,45,41,38,247,24,113,182,51,80,117,38,117,57,89,59,27,60,61,44,55,128,65,2,195,100,117,70,87,72,68,88,91,108,77,72,79,80,88,218,87,84,119,78,71,154,77,90,89,124,81,31,95,113,113,96,107]
CFO=-2326.2526265290608,STO=2
EsN0dB=3.38,GRXdB=10,N0=0.007943281903862953
packet_number=1934,correct=False,payload=[100,0,16,32,48,98,108,96,120,56,186,228,120,202,88,236,144,33,209,34,49,94,209,1,65,1,5,193,7,32,209,176,150,2,66,54,242,18,218,114,89,50,210,59,241,33,210,111,115,11,27,35,57,73,83,226,219,206,34,161,191,199,199,99,252,133,52,41,118,110,148,52,118,128,214,36,52,84,210,164,117,0,16,39,53,197,109,32,119,197,149,204,61,197,217,125,126,22,114,183]
CFO=-593.2765753198178,STO=4
EsN0dB=3.41,GRXdB=10,N0=0.007943281903862953
packet_number=1935,correct=False,payload=[83,112,2,4,27,12,0,31,142,140,232,100,1,30,176,48,120,120,72,76,105,76,80,80,95,220,80,226,105,105,116,112,240,93,132,4,9,76,18,148,232,156,10,140,233,188,144,181,186,189,224,197,200,236,144,216,230,142,224,192,201,232,160,212,168,243,0,12,143,9,17,27,27,17,6,37,105,56,49,60,45,60,9,212,75,141,85,80,73,88,107,225,105,235,216,99,49,155,128,135]
CFO=-925.2427417301319,STO=7
EsN0dB=3.39,GRXdB=10,N0=0.007943281903862953
packet_number=1936,correct=False,payload=[8,25,128,131,52,15,4,7,44,25,18,73,20,61,12,201,8,49,18,27,178,21,92,7,17,57,90,186,13,157,30,31,24,9,178,199,132,5,38,73,32,33,106,45,40,25,78,42,176,58,242,7,37,165,54,55,5,56,58,122,124,53,62,46,66,225,2,194,133,193,198,69,10,203,193,74,90,221,76,207,82,17,80,83,244,1,150,215,92,89,120,207,76,205,94,95,107,113,97,35]
CFO=-1409.9804963580618,STO=3
EsN0dB=3.15,GRXdB=10,N0=0.007943281903862953
packet_number=1937,correct=False,payload=[0,53,10,10,65,6,6,39,41,9,10,74,8,62,43,6,56,9,62,131,28,21,86,135,56,58,58,71,22,29,94,15,68,33,10,107,36,164,6,133,42,13,41,43,44,45,46,43,146,48,18,107,52,127,119,182,56,125,58,31,120,29,62,59,64,65,82,1,70,77,198,79,24,40,74,79,204,93,205,111,65,81,210,83,85,85,214,215,73,89,114,155,116,25,94,95,102,33,178,97]
CFO=2626.00045860134,STO=6
EsN0dB=3.46,GRXdB=10,N0=0.007943281903862953
packet_number=1938,correct=False,payload=[8,1,70,3,2,78,78,69,12,17,74,10,4,4,70,199,16,17,22,19,28,20,130,23,157,29,90,59,8,29,27,29,64,225,58,203,36,37,102,39,168,73,12,43,46,13,43,46,53,49,54,51,20,55,151,59,56,184,58,59,61,60,30,27,64,215,212,83,70,109,71,127,204,89,90,66,111,29,70,79,80,17,114,91,213,84,82,94,88,88,82,87,92,93,78,94,96,105,98,123]
CFO=-1232.54214241367,STO=5
EsN0dB=3.00,GRXdB=10,N0=0.007943281903862953
packet_number=1939,correct=False,payload=[36,3,2,130,6,4,6,31,10,13,26,11,92,204,14,39,16,17,55,27,4,149,15,21,31,63,26,27,20,77,62,11,55,49,39,35,32,45,70,39,105,41,170,75,44,238,111,47,34,120,51,19,52,53,50,55,52,63,250,107,60,61,62,62,96,67,68,195,100,79,4,103,68,13,75,75,68,13,206,121,82,33,216,81,104,95,90,87,250,219,123,83,217,89,222,27,97,161,126,99]
CFO=-892.551808104995,STO=6
EsN0dB=3.45,GRXdB=10,N0=0.007943281903862953
packet_number=1940,correct=False,payload=[99,216,0,4,8,200,8,16,73,156,68,160,40,108,48,20,40,44,104,80,72,124,80,116,156,94,48,96,88,110,252,112,121,60,16,133,136,6,144,189,216,252,160,45,185,174,176,144,188,188,193,196,201,204,200,206,72,156,224,36,248,236,212,228,232,245,64,9,129,13,17,28,11,181,97,41,44,45,179,101,121,45,33,69,73,204,81,87,232,213,112,101,41,191,117,113,249,253,129,197]
CFO=-1236.8330664641228,STO=4
EsN0dB=3.12,GRXdB=10,N0=0.007943281903862953
packet_number=1941,correct=False,payload=[0,129,2,3,4,21,86,7,8,9,10,75,12,93,14,14,16,83,18,150,20,13,18,5,28,124,26,24,28,28,31,31,32,129,235,161,44,37,38,7,44,173,42,163,44,109,228,111,180,33,34,41,60,53,22,87,186,120,186,119,252,53,62,11,72,73,66,71,102,68,68,71,232,197,74,67,76,205,78,79,82,0,118,211,92,85,87,87,76,65,90,95,92,125,94,95,98,97,32,35]
CFO=-813.2348134121448,STO=7
EsN0dB=3.29,GRXdB=10,N0=0.007943281903862953
packet_number=1942,correct=False,payload=[2,11,176,34,13,129,70,6,137,105,10,34,44,10,142,31,21,49,114,18,46,53,86,19,184,9,24,27,156,17,28,107,64,80,34,134,196,37,36,39,74,56,186,123,107,205,47,34,112,113,122,99,60,44,30,191,120,29,58,115,60,23,56,61,64,97,203,66,132,4,136,199,40,65,200,65,156,77,78,79,240,129,86,122,92,92,92,87,210,147,94,222,14,120,86,79,224,65,238,103]
CFO=-1501.762467706512,STO=1
EsN0dB=2.97,GRXdB=10,N0=0.007943281903862953
packet_number=1943,correct=False,payload=[16,197,80,0,6,17,14,6,8,5,95,3,8,143,166,195,26,1,31,145,244,28,24,87,138,56,146,11,78,93,135,76,132,49,162,35,86,103,168,107,61,24,46,187,140,21,174,0,58,49,166,51,20,97,23,53,20,63,62,255,252,45,46,187,64,197,130,98,14,30,110,60,140,93,26,104,8,109,78,111,104,20,57,19,81,44,118,59,104,104,218,23,92,29,90,63,224,39,98,19]
CFO=-872.8714362113476,STO=2
EsN0dB=3.35,GRXdB=10,N0=0.007943281903862953
packet_number=1944,correct=False,payload=[96,33,9,130,132,12,159,5,130,202,42,70,28,45,142,31,22,24,19,11,28,157,22,10,136,211,8,11,9,25,124,7,33,33,18,96,176,46,54,39,156,13,73,59,36,15,39,31,184,57,59,49,52,55,54,19,154,49,50,59,156,115,124,55,4,49,109,97,71,79,70,86,88,105,14,207,68,72,102,71,64,210,18,19,84,69,71,68,121,25,123,89,216,77,30,126,210,65,226,101]
CFO=-386.227187244387,STO=5
EsN0dB=3.33,GRXdB=10,N0=0.007943281903862953
packet_number=1945,correct=False,payload=[0,1,9,35,28,21,38,135,12,153,131,11,12,141,14,15,152,49,90,145,20,21,182,7,40,233,26,93,204,5,178,27,32,37,34,35,36,37,6,45,104,104,46,171,108,109,62,38,32,181,60,18,59,53,78,26,24,57,56,121,108,61,58,62,70,73,98,227,92,85,198,67,72,77,74,79,64,7,76,79,80,81,86,66,20,29,158,85,88,153,83,25,124,156,222,31,64,101,98,97]
CFO=-1097.4038851931405,STO=3
EsN0dB=3.16,GRXdB=10,N0=0.007943281903862953
packet_number=1946,correct=False,payload=[0,149,6,67,21,13,130,69,73,74,78,11,172,13,45,15,86,56,82,19,148,23,4,94,26,31,26,145,92,61,30,31,33,32,50,51,52,52,34,167,78,105,42,171,188,165,93,46,48,115,26,177,56,20,146,55,60,63,122,56,42,61,30,45,200,169,96,65,197,16,70,81,88,73,123,75,76,78,78,207,208,97,18,83,212,213,82,87,17,145,114,89,150,95,250,123,100,33,35,75]
CFO=-1120.4924147609186,STO=6
EsN0dB=3.13,GRXdB=10,N0=0.007943281903862953
packet_number=1947,correct=False,payload=[60,97,13,4,132,69,6,15,9,129,1,9,44,13,14,74,48,17,54,11,86,23,6,51,186,8,136,155,29,185,94,31,0,225,34,163,37,49,22,79,104,33,10,46,28,11,14,47,160,21,50,51,244,181,60,39,40,24,58,59,60,62,58,26,72,77,74,67,102,5,6,71,72,57,74,74,78,78,76,71,64,81,82,67,69,113,20,87,94,89,90,131,93,77,95,95,68,99,67,96]
CFO=-1759.6747982140978,STO=5
EsN0dB=3.36,GRXdB=10,N0=0.007943281903862953
packet_number=1948,correct=False,payload=[0,1,50,71,16,141,6,23,12,153,3,15,46,5,22,15,150,57,58,19,177,22,18,23,88,72,89,219,60,29,214,62,128,4,131,35,228,5,38,37,41,169,106,106,44,69,43,46,176,49,146,19,52,53,50,29,172,61,90,91,60,53,190,79,64,33,67,195,84,37,214,133,76,193,74,91,228,237,238,79,80,209,212,83,64,21,86,23,88,29,90,115,78,93,86,126,98,75,34,7]
CFO=-1107.382483263379,STO=6
EsN0dB=3.39,GRXdB=10,N0=0.007943281903862953
packet_number=1949,correct=False,payload=[16,31,34,114,148,143,22,19,74,9,6,9,28,89,14,15,16,0,145,19,16,53,4,15,24,25,90,123,46,117,158,159,32,43,51,50,44,37,38,53,44,40,40,70,46,47,42,47,50,123,48,51,120,48,50,55,120,25,26,62,62,29,56,189,64,209,80,67,2,69,71,103,6,73,106,75,140,79,90,111,81,17,102,86,149,85,119,215,55,93,90,74,126,93,93,77,96,97,58,99]
CFO=-121.28546112722599,STO=6
EsN0dB=3.22,GRXdB=10,N0=0.007943281903862953
packet_number=1950,correct=False,payload=[22,9,27,19,132,5,70,6,8,11,10,163,14,47,94,47,16,17,20,23,20,23,22,135,24,25,26,27,152,140,70,31,0,33,34,99,4,65,50,110,104,41,46,78,44,172,47,46,16,35,114,59,36,37,22,55,62,57,46,123,60,49,62,47,194,71,64,66,68,12,6,71,10,73,78,107,12,12,79,206,82,153,80,19,117,81,94,199,89,89,90,219,36,95,94,91,96,99,242,71]
CFO=-1345.6423673903303,STO=4
EsN0dB=3.30,GRXdB=10,N0=0.007943281903862953
packet_number=1951,correct=False,payload=[199,7,104,0,16,100,48,166,168,192,245,43,113,75,97,161,65,176,99,3,34,36,72,146,98,210,225,146,51,193,96,131,227,199,230,72,36,68,70,4,180,193,225,21,49,100,229,197,149,69,230,34,101,197,103,134,6,247,231,151,141,71,110,134,167,243,72,8,29,124,108,218,186,196,97,137,33,79,113,137,249,25,234,11,37,15,106,9,216,82,251,75,47,3,43,139,142,193,239,45]
CFO=-803.0556378248737,STO=2
EsN0dB=3.03,GRXdB=10,N0=0.007943281903862953
packet_number=1952,correct=False,payload=[50,0,163,11,4,36,27,110,156,12,34,19,36,12,15,15,208,163,22,3,22,93,26,94,24,25,31,29,13,147,12,30,35,226,128,35,172,9,240,53,108,44,46,191,125,43,62,61,120,240,54,51,52,57,115,31,184,52,249,57,156,45,182,159,64,68,67,79,70,84,199,71,68,96,98,75,140,13,14,71,66,80,66,17,80,1,115,17,218,217,15,75,142,61,95,83,208,104,98,50]
CFO=-1129.5937604096337,STO=4
EsN0dB=3.41,GRXdB=10,N0=0.007943281903862953
packet_number=1953,correct=False,payload=[0,16,34,83,134,5,30,12,26,1,47,75,22,9,14,31,144,17,18,179,149,21,20,150,80,56,11,91,28,13,30,31,6,40,160,163,6,53,46,53,140,105,42,102,8,109,39,13,58,57,184,81,54,87,39,119,24,24,186,187,95,61,182,95,194,111,75,166,84,85,70,2,64,64,42,91,78,15,78,78,80,81,18,23,84,93,110,71,216,91,90,201,204,85,90,126,40,227,98,99]
CFO=-1389.6561775496964,STO=4
EsN0dB=3.51,GRXdB=10,N0=0.007943281903862953
packet_number=1954,correct=False,payload=[16,33,2,133,68,5,22,28,12,73,76,56,24,4,6,43,0,33,34,19,16,13,18,93,28,17,26,89,93,29,30,26,32,37,34,232,47,33,38,99,40,41,43,234,104,161,46,15,48,52,178,51,20,37,62,63,184,185,119,123,41,29,31,63,68,65,178,99,196,77,102,70,104,73,91,66,108,77,76,110,69,80,80,83,86,85,70,209,88,217,88,95,30,119,220,95,114,98,104,99]
CFO=-1074.114244499801,STO=2
EsN0dB=3.05,GRXdB=10,N0=0.007943281903862953
packet_number=1955,correct=False,payload=[124,57,246,150,0,36,10,4,24,156,48,29,4,12,184,45,28,182,56,60,64,212,232,104,216,2,124,79,96,4,36,100,120,116,121,93,192,160,9,207,17,130,58,148,162,184,178,42,210,180,178,84,208,130,72,76,64,254,89,196,36,224,178,100,242,247,248,237,1,13,33,7,28,13,21,100,1,48,24,55,126,28,185,17,193,65,201,101,88,71,252,76,161,65,232,44,113,125,56,185]
CFO=-1402.7355154915783,STO=4
EsN0dB=3.56,GRXdB=10,N0=0.007943281903862953
packet_number=1956,correct=False,payload=[32,32,134,2,4,37,22,19,72,11,10,75,12,45,14,15,16,145,18,215,18,21,18,83,120,25,26,27,29,31,157,23,96,33,178,171,32,45,38,47,41,33,74,107,174,45,44,37,88,50,34,179,52,33,126,55,56,61,58,59,188,41,60,21,73,77,71,227,68,5,70,94,72,75,106,107,76,141,207,73,208,176,211,83,20,69,87,86,92,141,123,88,120,93,126,95,112,245,82,67]
CFO=-1493.165559987124,STO=5
EsN0dB=3.37,GRXdB=10,N0=0.007943281903862953
packet_number=1957,correct=False,payload=[164,177,104,0,224,194,176,192,235,1,160,0,240,197,137,241,230,11,32,69,100,195,67,226,227,129,239,66,163,135,163,193,188,4,132,9,100,132,38,128,229,165,97,198,103,148,132,198,231,18,98,67,162,135,175,199,230,11,223,71,39,165,231,231,236,14,48,105,61,1,243,232,160,141,235,205,200,137,169,233,174,58,103,73,100,58,11,220,255,143,127,201,139,139,171,207,236,62,92,76]
CFO=-1703.7264182768654,STO=0
EsN0dB=3.03,GRXdB=10,N0=0.007943281903862953
packet_number=1958,correct=False,payload=[238,52,224,16,37,0,65,129,176,132,250,8,112,129,71,17,7,193,134,130,32,32,233,196,3,194,226,163,23,191,99,211,167,195,204,8,32,230,84,132,169,128,196,49,32,201,220,65,131,197,236,28,188,196,85,116,198,142,198,74,72,168,175,77,183,159,130,0,180,200,73,129,109,203,194,27,41,87,193,129,138,141,110,82,107,242,90,246,234,162,206,155,43,190,123,189,183,239,140,156]
CFO=-1624.3896207786092,STO=0
EsN0dB=3.10,GRXdB=10,N0=0.007943281903862953
packet_number=1959,correct=False,payload=[160,32,0,11,40,1,4,15,74,65,139,147,24,40,140,107,32,33,48,179,188,23,53,14,120,122,154,218,188,60,30,63,33,33,167,179,44,36,102,5,121,120,12,79,96,168,174,78,48,51,96,122,32,243,247,105,48,104,58,210,60,122,94,31,12,137,67,212,4,197,204,101,201,234,34,223,8,90,44,14,16,135,182,198,124,87,22,198,89,217,148,82,216,82,124,125,64,3,130,226]
CFO=-1019.0173851950316,STO=5
EsN0dB=3.39,GRXdB=10,N0=0.007943281903862953
packet_number=1960,correct=False,payload=[128,3,130,171,4,5,4,23,0,1,24,139,12,137,6,143,3,99,2,55,20,23,14,31,88,25,27,27,24,21,22,27,138,37,34,38,212,53,162,39,12,32,96,43,201,59,54,239,48,55,2,179,164,5,38,19,56,35,250,59,56,45,190,63,72,107,194,74,76,69,70,9,105,73,106,11,76,79,126,75,200,17,112,83,92,87,22,214,90,153,94,83,94,221,94,85,235,80,34,99]
CFO=-1982.676205746783,STO=1
EsN0dB=3.12,GRXdB=10,N0=0.007943281903862953
packet_number=1961,correct=False,payload=[214,232,0,20,96,80,32,17,100,240,17,129,34,176,133,245,140,242,2,35,194,25,213,51,99,241,145,161,162,116,193,177,227,181,5,22,0,40,68,114,66,243,14,156,130,164,237,214,103,227,21,50,163,33,7,145,73,251,3,147,51,23,130,151,97,244,2,56,164,48,132,160,12,221,140,249,236,57,152,236,101,112,7,19,36,55,198,196,37,179,144,183,239,149,69,21,215,230,130,46]
CFO=473.40773366839704,STO=2
EsN0dB=3.31,GRXdB=10,N0=0.007943281903862953
packet_number=1962,correct=False,payload=[98,129,100,131,0,131,135,6,18,141,213,131,7,159,7,140,28,139,8,206,16,144,25,142,25,133,28,14,31,175,15,144,0,152,4,146,65,146,3,144,34,149,85,130,22,151,151,10,153,154,136,154,18,91,146,124,76,216,188,254,159,142,22,162,36,138,131,162,34,131,97,133,228,161,5,132,22,166,87,136,40,139,73,190,110,143,107,254,38,165,173,238,50,143,47,244,48,183,57,165]
CFO=-408.5962346456884,STO=6
EsN0dB=3.46,GRXdB=10,N0=0.007943281903862953
packet_number=1963,correct=False,payload=[130,5,144,1,146,10,145,19,220,140,165,68,174,22,131,75,129,8,140,137,138,226,139,139,148,79,44,15,154,30,15,15,144,17,92,17,146,82,179,103,24,20,149,149,158,22,145,22,152,24,209,41,26,26,187,15,20,46,155,125,154,30,191,27,176,41,161,103,196,35,161,34,132,4,164,37,166,102,167,183,40,50,240,1,170,10,171,11,200,44,143,44,222,78,175,175,178,60,177,48]
CFO=-1179.8281416396542,STO=4
EsN0dB=3.09,GRXdB=10,N0=0.007943281903862953
packet_number=1964,correct=False,payload=[46,156,212,53,18,161,34,3,12,68,22,103,8,131,10,27,76,13,10,27,184,21,2,25,148,37,145,117,184,57,11,31,24,24,30,159,44,201,54,35,36,37,166,119,40,169,34,42,60,36,170,191,48,117,51,51,116,61,50,63,58,49,58,35,44,61,46,63,70,116,78,66,68,68,6,107,72,123,73,66,76,77,78,79,208,85,83,83,86,85,86,23,92,91,14,127,76,29,94,119]
CFO=-760.5445878625835,STO=6
EsN0dB=3.39,GRXdB=10,N0=0.007943281903862953
packet_number=1965,correct=False,payload=[192,80,48,71,192,77,162,211,226,19,33,73,115,35,160,226,99,2,42,224,35,130,162,210,235,11,35,67,99,135,163,194,230,1,38,64,229,164,100,199,223,5,165,69,245,131,173,197,166,38,38,70,118,174,246,70,247,5,47,199,103,151,173,85,233,8,12,66,90,136,172,136,236,57,25,9,41,155,169,75,110,106,104,122,72,218,40,78,243,130,35,43,170,171,47,225,237,12,44,204]
CFO=-1368.7163116583183,STO=3
EsN0dB=3.00,GRXdB=10,N0=0.007943281903862953
packet_number=1966,correct=False,payload=[0,1,34,89,128,5,6,7,1,8,10,27,140,5,95,137,16,25,22,195,30,53,22,54,144,24,68,31,154,28,16,189,96,35,51,47,100,38,38,118,76,40,75,38,36,61,47,109,48,177,18,51,100,63,182,39,249,123,62,59,244,61,50,30,96,73,66,3,76,5,198,95,168,72,154,79,72,125,78,76,48,81,94,83,246,119,66,82,217,121,82,219,73,95,94,83,2,97,227,163]
CFO=-642.7321845468165,STO=0
EsN0dB=3.58,GRXdB=10,N0=0.007943281903862953
packet_number=1967,correct=False,payload=[83,35,236,91,224,82,17,20,48,80,17,36,240,192,177,164,29,128,214,177,225,1,17,33,32,81,81,65,248,161,129,161,177,195,179,99,182,178,22,79,32,194,0,96,174,99,145,178,242,212,235,244,178,3,27,43,115,67,35,103,107,135,145,167,243,155,215,224,238,4,84,32,52,244,37,108,196,0,118,167,244,204,228,220,229,4,108,76,48,194,17,228,101,9,155,189,249,231,145,225]
CFO=-1308.8625101878501,STO=2
EsN0dB=3.30,GRXdB=10,N0=0.007943281903862953
packet_number=1968,correct=False,payload=[65,17,36,7,1,84,158,3,8,8,20,43,140,11,14,12,152,24,3,25,124,53,4,79,16,0,154,18,122,20,20,158,40,161,18,177,98,33,39,19,33,33,56,43,172,45,46,45,57,48,50,51,242,34,20,83,60,42,11,251,52,60,236,24,32,201,98,105,72,69,95,101,72,89,104,106,12,71,78,71,49,17,82,91,64,81,87,102,88,81,26,91,88,5,62,14,58,33,226,97]
CFO=-480.43334213966295,STO=1
EsN0dB=3.05,GRXdB=10,N0=0.007943281903862953
packet_number=1969,correct=False,payload=[120,9,24,41,0,228,96,224,57,128,128,182,176,250,80,193,121,9,0,144,184,249,56,231,120,131,152,249,209,221,200,32,244,0,10,40,49,25,39,98,29,65,7,242,113,72,248,202,114,133,209,230,51,160,115,243,176,4,209,145,187,97,203,251,112,134,14,244,158,98,122,114,164,100,194,180,80,68,88,180,49,85,15,116,60,97,68,99,57,225,145,115,146,103,244,225,251,15,7,167]
CFO=-1094.2927103102652,STO=2
EsN0dB=3.54,GRXdB=10,N0=0.007943281903862953
packet_number=1970,correct=False,payload=[64,173,223,2,144,8,97,161,72,129,202,3,231,6,193,137,229,139,228,4,68,0,240,21,69,129,199,7,6,11,67,55,67,131,77,136,210,169,197,136,128,13,207,11,74,211,42,155,139,192,196,40,69,132,228,143,0,131,206,47,78,202,174,143,77,207,208,64,16,152,177,85,81,157,66,27,66,160,251,3,75,149,149,24,116,136,84,93,73,210,182,30,21,7,247,31,86,85,200,144]
CFO=-547.8518449201845,STO=1
EsN0dB=3.31,GRXdB=10,N0=0.007943281903862953
packet_number=1971,correct=False,payload=[64,12,32,32,80,0,96,16,128,164,96,56,233,176,192,48,135,90,161,240,96,64,0,176,129,144,245,184,65,129,96,240,3,3,18,50,83,79,107,19,140,145,128,54,226,74,194,239,139,10,51,51,65,1,81,179,169,203,176,187,227,211,243,252,21,1,164,188,196,73,112,125,132,138,2,254,196,204,230,244,3,11,96,55,68,213,212,55,141,211,185,217,35,207,245,210,23,132,36,63]
CFO=-1623.9512317271935,STO=6
EsN0dB=2.32,GRXdB=10,N0=0.009999999776482582
packet_number=1972,correct=False,payload=[128,1,67,11,39,7,6,6,136,7,186,91,12,5,206,238,24,145,180,146,4,149,21,28,144,57,30,217,84,191,158,30,0,40,162,35,116,68,98,99,42,47,168,35,164,45,55,39,217,48,49,55,164,49,39,30,121,57,59,56,29,108,30,27,0,143,67,64,4,69,69,70,74,224,2,138,76,77,110,223,80,77,162,115,84,69,151,182,136,89,82,87,94,221,78,127,195,226,67,235]
CFO=-1275.4896841526063,STO=6
EsN0dB=2.09,GRXdB=10,N0=0.009999999776482582
packet_number=1973,correct=True,payload=[32,1,2,191,85,20,6,13,136,9,30,11,76,12,130,39,19,129,51,7,37,68,21,135,24,136,26,27,189,153,92,53,99,97,32,3,132,55,102,39,44,42,43,75,54,61,46,47,48,51,34,167,180,188,50,55,28,49,234,40,44,125,15,123,66,84,66,19,102,197,64,107,129,73,10,119,76,197,70,79,16,213,82,195,85,117,215,151,216,92,78,119,12,93,218,91,104,97,98,119]
CFO=-402.62414727999504,STO=7
EsN0dB=2.68,GRXdB=10,N0=0.009999999776482582
packet_number=1974,correct=False,payload=[76,132,6,194,28,133,135,131,29,43,10,57,12,33,4,183,17,89,178,3,52,29,159,39,218,91,23,95,24,28,69,23,36,115,98,0,42,44,246,107,49,41,62,98,109,108,46,110,50,181,60,48,36,62,46,55,185,121,58,35,56,73,126,62,194,205,104,67,88,69,96,199,72,137,56,75,204,15,204,109,16,81,18,210,86,117,94,87,77,209,187,219,245,125,30,30,104,105,164,35]
CFO=-820.4529952725097,STO=4
EsN0dB=2.11,GRXdB=10,N0=0.009999999776482582
packet_number=1975,correct=False,payload=[13,128,16,65,144,197,5,227,142,194,50,98,201,203,15,65,215,204,100,78,132,205,21,199,133,135,150,70,198,197,69,229,131,136,93,8,186,75,9,217,66,106,18,203,222,94,9,235,139,236,128,142,134,205,11,77,13,239,6,198,78,254,243,75,174,208,83,120,208,209,53,209,49,242,18,66,178,245,16,81,48,244,132,85,20,81,5,147,181,223,18,247,214,207,23,87,183,152,59,25]
CFO=-1063.3824283460917,STO=6
EsN0dB=2.21,GRXdB=10,N0=0.009999999776482582
packet_number=1976,correct=False,payload=[128,33,130,3,2,21,132,7,12,63,26,74,12,13,174,85,16,21,3,59,25,55,240,63,60,30,58,27,159,11,22,61,33,129,38,3,180,45,183,38,34,57,42,136,174,255,206,54,58,101,42,50,180,37,46,39,61,9,184,55,56,189,54,62,72,145,138,227,68,197,6,54,67,75,64,43,92,93,70,40,4,5,102,85,180,93,83,243,8,91,106,187,95,95,90,127,96,69,234,193]
CFO=-1164.3070110694925,STO=4
EsN0dB=1.96,GRXdB=10,N0=0.009999999776482582
packet_number=1977,correct=False,payload=[96,67,167,176,8,173,5,26,40,105,210,244,72,232,20,8,98,108,97,58,8,140,144,152,162,169,32,160,244,16,210,224,100,201,229,209,33,43,53,27,125,57,54,249,68,201,115,117,105,169,105,125,129,137,113,137,240,233,161,173,204,200,57,207,225,224,209,154,2,12,18,154,199,26,51,226,66,108,81,94,42,250,253,192,68,157,186,155,186,170,242,122,212,202,210,90,234,226,91,235]
CFO=-1627.8257039657526,STO=4
EsN0dB=1.77,GRXdB=10,N0=0.009999999776482582
packet_number=1978,correct=False,payload=[17,65,39,10,24,4,4,7,200,77,27,1,28,44,46,23,24,49,80,226,20,149,22,21,8,28,27,11,153,29,30,31,44,33,18,35,36,39,38,69,136,41,122,11,42,65,47,47,48,37,50,179,60,180,18,53,56,185,58,57,182,61,254,163,81,137,66,10,196,229,87,215,74,9,75,201,76,77,2,199,128,209,82,30,68,53,86,79,94,80,124,203,214,117,202,55,96,97,112,35]
CFO=-631.3321719352421,STO=3
EsN0dB=1.34,GRXdB=10,N0=0.009999999776482582
packet_number=1979,correct=False,payload=[229,30,216,96,48,50,48,82,144,40,50,153,150,160,161,64,201,160,243,1,9,0,185,67,81,113,113,73,18,162,153,225,149,233,240,2,144,1,114,166,144,118,242,2,18,146,112,194,210,226,243,3,179,3,121,193,87,35,244,42,243,234,129,135,177,225,4,37,0,45,52,86,100,173,116,134,85,176,176,228,96,196,245,20,48,68,54,8,21,97,232,71,5,101,133,205,137,244,3,2]
CFO=-1138.3648616687917,STO=6
EsN0dB=2.53,GRXdB=10,N0=0.009999999776482582
packet_number=1980,correct=False,payload=[76,23,32,9,34,51,4,125,6,115,13,104,76,23,144,143,20,111,17,17,18,51,167,69,22,157,114,184,31,218,18,61,154,30,40,99,162,35,38,96,102,37,44,59,34,3,40,43,62,111,49,48,55,61,60,183,103,63,58,17,190,61,60,181,38,155,32,71,70,67,220,69,118,71,72,75,66,91,140,13,92,47,82,209,67,3,212,89,162,87,28,89,30,123,31,209,30,31,102,97]
CFO=-912.4392201078584,STO=0
EsN0dB=2.46,GRXdB=10,N0=0.009999999776482582
packet_number=1981,correct=False,payload=[131,42,252,62,192,144,84,145,217,160,208,129,199,2,71,140,67,1,103,135,224,156,65,36,149,33,3,133,130,74,110,190,87,7,15,134,147,72,108,8,28,161,41,131,204,68,73,10,129,15,223,129,61,72,69,204,138,12,153,197,204,15,26,14,5,21,143,7,208,32,51,209,145,1,133,217,115,22,2,32,211,118,139,146,156,5,92,145,39,55,140,141,163,132,134,142,178,10,45,55]
CFO=-2103.0119252160794,STO=0
EsN0dB=2.66,GRXdB=10,N0=0.009999999776482582
packet_number=1982,correct=False,payload=[52,81,132,60,182,68,212,32,43,1,3,135,2,196,194,24,3,30,27,141,14,200,2,128,17,4,6,19,129,82,180,216,189,182,153,153,75,186,62,40,184,4,79,70,2,14,109,44,9,94,111,188,125,108,207,114,48,168,109,112,49,54,38,186,185,32,59,54,187,63,166,192,194,132,79,224,9,142,7,32,131,71,242,74,78,127,89,0,214,66,3,216,149,222,38,56,125,23,230,152]
CFO=-840.4922485467655,STO=3
EsN0dB=2.75,GRXdB=10,N0=0.009999999776482582
packet_number=1983,correct=False,payload=[106,204,2,12,131,44,48,36,136,124,113,100,10,44,42,52,232,63,80,76,1,21,62,212,120,92,226,116,50,45,242,70,127,113,32,194,138,140,0,148,153,156,161,4,104,140,48,179,189,204,224,132,137,78,114,214,94,92,224,237,169,233,240,198,250,109,1,4,41,9,21,63,25,17,23,12,105,15,181,151,49,159,193,133,24,109,113,68,221,69,101,229,103,105,113,61,99,125,161,132]
CFO=-1114.2739781243797,STO=3
EsN0dB=2.52,GRXdB=10,N0=0.009999999776482582
packet_number=1984,correct=False,payload=[4,7,100,67,102,12,22,21,200,3,1,9,12,13,206,15,24,17,148,19,116,1,82,151,220,9,58,28,28,60,153,29,40,161,36,162,36,101,105,166,60,43,43,107,44,47,34,13,48,48,163,51,52,101,55,31,61,121,58,175,57,63,46,62,98,66,10,107,198,69,79,205,208,76,66,43,111,76,206,89,16,81,210,3,85,87,87,127,83,105,219,90,76,92,94,222,224,33,158,25]
CFO=-963.7547515072815,STO=4
EsN0dB=2.25,GRXdB=10,N0=0.009999999776482582
packet_number=1985,correct=False,payload=[0,0,0,67,38,68,71,5,132,73,11,25,14,77,15,75,48,16,82,193,32,61,86,133,72,93,24,31,45,61,26,63,44,242,56,65,100,36,34,103,234,81,43,107,108,165,166,53,148,177,50,17,55,61,42,231,110,49,42,159,110,62,199,62,198,225,79,83,69,65,98,19,120,65,128,75,4,111,254,202,80,82,0,91,117,87,85,215,152,89,74,87,89,89,75,103,224,176,98,19]
CFO=-599.5135696751953,STO=5
EsN0dB=2.17,GRXdB=10,N0=0.009999999776482582
packet_number=1986,correct=True,payload=[131,84,62,145,9,100,192,223,69,11,152,226,0,48,166,130,19,131,131,196,143,4,129,199,135,69,137,212,34,64,183,215,143,199,134,232,23,72,172,201,27,72,11,201,0,66,138,73,67,3,41,221,160,220,220,213,77,79,140,206,134,142,142,138,15,79,135,222,80,80,156,221,17,31,145,210,154,123,130,243,129,89,131,214,183,85,132,153,149,64,149,252,6,80,158,227,18,85,29,218]
CFO=-624.381031498677,STO=1
EsN0dB=1.69,GRXdB=10,N0=0.009999999776482582
packet_number=1987,correct=False,payload=[53,29,60,150,0,2,0,76,52,134,8,62,96,44,115,76,120,180,52,248,2,164,88,206,112,254,184,220,160,109,204,56,18,104,120,248,1,0,136,4,160,25,185,62,100,12,64,112,51,231,116,185,106,244,213,92,148,6,152,157,240,204,152,76,228,207,248,191,129,7,72,20,9,4,58,79,67,3,99,57,113,189,58,38,97,2,88,85,160,100,89,17,70,168,89,218,97,175,224,77]
CFO=-202.32284677342093,STO=4
EsN0dB=2.44,GRXdB=10,N0=0.009999999776482582
packet_number=1988,correct=False,payload=[143,152,247,144,128,6,3,196,5,7,133,14,73,30,31,12,109,22,6,176,181,121,6,0,13,86,27,152,29,170,11,145,45,25,31,8,163,82,103,52,115,18,39,168,41,126,136,8,61,47,61,52,49,50,0,48,53,62,55,172,49,111,185,63,60,190,191,3,21,98,7,68,85,70,71,101,73,106,75,76,108,70,79,70,17,66,66,212,5,86,67,123,122,219,75,84,205,30,95,167]
CFO=-949.7292070639738,STO=3
EsN0dB=2.22,GRXdB=10,N0=0.009999999776482582
packet_number=1989,correct=False,payload=[129,80,64,146,163,199,179,228,68,139,231,134,38,151,7,140,168,1,1,138,146,3,35,141,8,69,77,149,86,203,58,16,89,144,131,147,22,51,16,23,23,216,86,30,94,150,7,188,24,171,9,239,174,27,152,153,24,156,156,180,84,151,141,176,37,241,39,166,96,163,33,165,13,14,165,139,54,235,47,200,32,137,41,174,100,170,161,236,76,173,47,143,37,185,47,176,59,177,41,194]
CFO=-900.0127818460127,STO=3
EsN0dB=2.57,GRXdB=10,N0=0.009999999776482582
packet_number=1990,correct=False,payload=[36,2,34,139,46,65,7,67,20,17,126,11,44,153,142,96,81,116,48,91,22,29,119,71,152,29,26,27,28,93,26,13,39,149,166,39,36,177,37,39,41,123,174,111,26,45,140,34,160,131,178,27,118,121,54,135,176,221,42,58,61,125,173,61,64,199,67,75,68,101,70,198,76,201,104,73,69,73,110,78,80,85,19,211,16,253,86,74,72,192,82,90,124,29,106,127,99,116,194,105]
CFO=-1965.2581561461925,STO=3
EsN0dB=2.50,GRXdB=10,N0=0.009999999776482582
packet_number=1991,correct=False,payload=[209,52,80,128,100,145,66,33,160,145,194,138,203,130,225,35,195,75,98,136,64,236,215,145,5,135,102,6,146,54,195,15,102,27,88,200,89,90,225,138,169,137,206,11,40,90,234,17,81,15,228,12,84,140,205,76,7,67,206,71,12,138,238,47,172,134,82,220,80,145,217,21,69,144,90,64,162,208,95,83,147,179,80,6,116,144,23,148,145,149,211,23,70,10,223,22,84,179,217,88]
CFO=-1332.7233491664667,STO=1
EsN0dB=2.75,GRXdB=10,N0=0.009999999776482582
packet_number=1992,correct=False,payload=[228,100,0,42,16,133,240,96,87,17,217,1,161,128,225,200,97,33,0,17,50,145,160,113,117,19,45,137,112,1,193,131,192,22,35,28,82,64,50,194,254,166,170,182,229,39,197,197,242,69,114,103,34,198,124,166,111,114,3,109,127,101,247,161,186,113,34,0,106,199,132,12,97,43,148,229,236,152,184,237,204,168,27,72,102,48,119,92,251,13,91,6,91,195,200,199,252,79,16,20]
CFO=-1310.2896165534944,STO=4
EsN0dB=2.37,GRXdB=10,N0=0.009999999776482582
packet_number=1993,correct=False,payload=[167,184,136,65,19,188,96,234,48,168,64,64,121,90,105,120,116,248,220,128,137,8,176,168,176,224,224,169,197,212,228,104,240,241,81,29,81,27,177,40,177,57,137,73,113,85,97,121,88,113,171,139,150,185,225,171,115,185,128,193,193,249,225,173,144,62,2,138,18,32,131,11,114,117,222,42,82,90,240,106,126,120,2,160,154,158,32,11,155,59,192,130,206,248,131,108,50,102,1,131]
CFO=-2041.0787105982963,STO=4
EsN0dB=2.19,GRXdB=10,N0=0.009999999776482582
packet_number=1994,correct=False,payload=[12,33,134,64,74,69,103,70,8,143,151,105,8,205,163,72,18,132,18,27,16,28,14,21,26,26,26,19,93,27,156,86,160,33,166,99,44,164,34,167,104,41,42,41,8,39,44,39,32,81,50,63,21,113,52,118,24,186,74,59,108,61,95,183,40,67,2,99,212,245,78,87,9,11,10,203,76,76,74,93,16,75,208,87,245,85,94,83,121,89,86,219,92,69,92,124,104,101,242,43]
CFO=-1255.9768060471993,STO=5
EsN0dB=2.34,GRXdB=10,N0=0.009999999776482582
packet_number=1995,correct=False,payload=[2,128,2,3,204,133,142,3,204,25,99,11,36,5,63,75,48,17,80,19,48,33,151,215,16,76,154,75,118,127,158,63,100,49,47,162,196,5,182,39,45,33,62,45,172,105,110,255,48,81,34,23,36,51,118,183,18,59,59,51,44,29,190,127,161,89,66,103,70,95,64,71,200,65,90,83,77,76,78,127,1,80,80,179,150,21,77,119,88,95,223,74,222,77,89,95,96,97,119,243]
CFO=-1576.3459990089357,STO=3
EsN0dB=2.42,GRXdB=10,N0=0.009999999776482582
packet_number=1996,correct=False,payload=[151,4,1,2,3,39,193,12,7,73,11,10,13,76,68,10,75,1,81,128,19,64,20,63,12,40,11,6,27,29,29,14,15,32,23,38,167,41,4,166,50,56,32,42,43,142,43,6,38,55,112,38,51,53,20,52,119,58,49,122,59,60,189,62,63,65,65,90,71,64,151,54,192,12,9,95,105,80,77,71,79,148,117,114,81,84,148,118,215,74,251,91,89,12,93,86,37,33,64,72]
CFO=-619.1901470193038,STO=0
EsN0dB=2.26,GRXdB=10,N0=0.009999999776482582
packet_number=1997,correct=False,payload=[94,124,237,52,1,192,78,3,42,70,66,10,136,10,18,2,93,107,24,10,72,219,176,3,105,124,30,117,216,24,24,83,196,105,10,31,32,97,166,131,168,43,96,198,24,162,57,62,56,102,132,22,96,179,55,166,96,109,118,103,248,45,108,58,60,48,190,167,20,128,73,211,15,135,12,199,57,75,30,103,72,206,140,61,81,243,146,17,244,208,62,163,240,161,76,80,160,93,28,125]
CFO=-2705.5406202389468,STO=5
EsN0dB=2.45,GRXdB=10,N0=0.009999999776482582
packet_number=1998,correct=False,payload=[10,2,132,41,130,32,139,193,165,4,5,69,148,2,135,7,138,8,25,12,15,15,167,75,77,46,15,49,10,26,135,31,149,20,49,17,163,18,128,3,156,28,231,145,152,154,151,71,140,89,25,8,186,144,62,27,151,44,157,29,206,94,223,89,32,32,163,41,166,10,163,35,97,36,181,36,134,135,166,252,144,48,104,109,239,202,43,43,190,111,141,25,166,61,115,141,56,51,49,185]
CFO=-489.3721447014892,STO=7
EsN0dB=1.72,GRXdB=10,N0=0.009999999776482582
packet_number=1999,correct=False,payload=[148,47,133,64,122,201,208,0,67,209,216,14,70,176,195,139,9,131,111,45,68,132,132,196,149,77,78,4,71,135,133,15,77,167,128,8,73,200,203,40,73,129,12,106,74,163,234,19,13,227,140,4,76,125,204,13,95,15,200,142,206,138,215,30,207,206,158,6,106,176,193,24,99,129,197,19,82,151,215,59,67,147,148,80,68,116,209,153,29,220,212,70,6,166,255,127,211,141,252,59]
CFO=-1316.064802372021,STO=6
EsN0dB=2.36,GRXdB=10,N0=0.009999999776482582
packet_number=2000,correct=False,payload=[0,33,2,19,132,67,70,95,9,8,46,9,142,197,30,67,48,157,18,6,24,21,54,23,158,81,26,29,156,201,82,87,13,69,2,38,32,53,36,6,46,13,40,109,40,44,8,43,80,53,54,183,112,49,54,48,177,53,106,59,20,41,63,47,4,17,18,86,76,71,69,97,109,9,66,107,78,205,70,70,25,81,83,219,84,209,90,69,120,89,50,61,92,73,90,127,96,35,98,106]
CFO=-437.802259903287,STO=2
EsN0dB=1.78,GRXdB=10,N0=0.009999999776482582
packet_number=2001,correct=False,payload=[246,160,4,40,109,51,30,28,57,32,44,184,108,48,36,56,58,65,224,13,10,66,68,152,86,32,64,109,230,104,118,120,53,128,193,136,196,154,212,156,156,144,136,170,169,176,150,190,220,20,68,201,136,185,208,121,244,225,232,236,108,152,176,11,189,129,157,33,204,25,133,25,5,87,45,105,189,50,83,177,175,73,229,105,42,17,89,27,16,121,32,105,104,180,51,249,253,37,165,11]
CFO=1929.4270549081095,STO=3
EsN0dB=2.43,GRXdB=10,N0=0.009999999776482582
packet_number=2002,correct=False,payload=[159,8,1,24,58,64,37,2,56,1,64,17,232,162,104,80,184,135,168,152,153,168,172,176,191,100,192,240,154,224,236,241,184,0,171,19,25,33,45,153,177,0,73,84,89,99,96,65,27,129,157,189,200,39,139,178,129,237,153,241,123,193,233,113,216,89,12,2,78,101,43,2,18,66,81,3,74,178,122,114,104,131,202,66,152,167,42,170,170,66,195,251,218,226,248,242,113,3,2,251]
CFO=-1863.1034278941509,STO=0
EsN0dB=2.69,GRXdB=10,N0=0.009999999776482582
packet_number=2003,correct=False,payload=[224,196,18,4,0,64,160,92,20,5,32,103,16,48,48,52,56,60,208,4,72,84,208,133,112,105,226,22,121,123,48,105,108,248,8,229,13,139,241,12,188,180,66,101,18,109,115,205,150,181,192,88,193,174,176,153,16,216,192,205,25,231,225,213,250,247,2,4,1,29,41,1,186,29,37,67,11,139,113,145,125,47,195,1,73,76,246,127,91,29,224,138,75,247,53,121,232,55,193,76]
CFO=-549.6961738655975,STO=2
EsN0dB=2.31,GRXdB=10,N0=0.009999999776482582
packet_number=2004,correct=False,payload=[224,17,32,24,64,7,96,98,160,152,40,177,64,193,228,112,142,188,33,177,160,97,115,114,136,69,192,129,226,147,155,10,2,28,104,179,2,82,90,176,28,151,185,26,210,209,102,243,9,19,35,186,71,91,227,83,159,195,187,243,6,118,241,244,36,16,54,84,36,96,112,24,198,150,228,16,101,244,236,243,13,17,229,53,225,21,51,62,135,239,138,231,237,193,117,242,6,14,230,188]
CFO=-1607.088490735686,STO=5
EsN0dB=2.28,GRXdB=10,N0=0.009999999776482582
packet_number=2005,correct=False,payload=[152,179,7,34,0,4,102,31,30,8,72,57,109,9,12,30,113,51,18,63,212,57,63,22,19,25,10,27,31,28,126,79,161,181,164,39,36,53,239,7,44,69,42,233,168,45,12,63,49,53,218,187,120,21,47,55,58,253,58,58,188,12,62,53,112,73,82,11,68,97,74,81,77,72,13,75,78,20,14,207,84,213,208,193,28,87,102,118,24,91,18,91,92,125,79,29,114,96,106,67]
CFO=-829.0442111675894,STO=3
EsN0dB=2.02,GRXdB=10,N0=0.009999999776482582
packet_number=2006,correct=False,payload=[117,92,156,96,12,224,173,112,64,192,16,168,144,203,246,224,245,133,152,1,53,73,19,96,123,200,72,179,243,193,115,241,114,64,2,33,59,99,18,103,50,5,154,141,169,227,209,242,155,219,186,55,156,134,118,173,115,234,194,163,213,209,83,163,116,101,20,101,54,180,70,102,244,76,149,245,244,160,84,112,125,4,135,0,53,69,247,125,118,149,146,230,180,161,211,101,222,2,22,39]
CFO=-1711.0943662643435,STO=6
EsN0dB=2.07,GRXdB=10,N0=0.009999999776482582
packet_number=2007,correct=False,payload=[96,1,2,11,79,135,214,7,12,23,8,8,92,139,204,13,64,137,18,88,17,125,71,4,17,9,218,19,158,2,55,31,172,13,50,143,52,57,38,5,172,79,164,51,46,245,46,45,50,51,144,121,21,189,199,53,218,9,52,59,28,55,222,252,46,243,131,194,101,110,102,149,76,51,233,43,224,21,66,131,82,65,16,155,212,92,215,246,152,88,94,93,8,252,94,115,134,192,234,39]
CFO=-1048.2580653620907,STO=1
EsN0dB=2.80,GRXdB=10,N0=0.009999999776482582
packet_number=2008,correct=False,payload=[78,157,152,8,142,82,1,200,227,128,161,132,162,102,2,147,131,33,35,150,192,73,108,14,215,17,125,149,207,7,39,151,231,170,134,135,227,140,185,52,73,9,73,185,146,142,63,13,124,10,97,219,134,4,192,192,239,29,3,143,206,130,108,199,102,7,109,2,196,32,196,133,250,25,209,128,184,24,70,0,211,27,147,154,187,32,78,20,193,95,222,133,214,135,26,133,199,55,127,135]
CFO=-789.3247638691959,STO=1
EsN0dB=2.30,GRXdB=10,N0=0.009999999776482582
packet_number=2009,correct=False,payload=[220,17,7,187,48,19,12,34,162,164,6,14,152,220,134,10,56,147,30,28,216,34,80,7,8,50,22,50,25,59,56,45,52,119,5,31,168,104,80,3,64,106,46,66,40,88,22,254,204,121,30,31,161,99,86,102,92,47,99,102,28,113,18,171,104,87,124,22,133,146,64,39,45,96,132,11,241,27,6,85,78,79,12,92,1,169,130,7,144,249,236,57,88,99,152,219,248,222,126,79]
CFO=-1274.919315925041,STO=5
EsN0dB=1.88,GRXdB=10,N0=0.009999999776482582
packet_number=2010,correct=False,payload=[69,237,194,0,135,144,144,193,49,7,202,43,176,145,227,131,118,214,132,45,102,100,225,37,69,165,23,162,68,129,103,87,199,134,201,4,14,202,155,125,72,203,10,43,102,62,203,40,51,143,72,15,12,132,157,179,69,159,206,142,70,131,3,74,87,13,88,50,34,144,205,16,113,209,25,50,66,154,219,19,89,131,244,21,23,146,211,23,65,213,194,214,90,196,129,143,31,149,216,24]
CFO=-608.1515059614727,STO=3
EsN0dB=2.01,GRXdB=10,N0=0.009999999776482582
packet_number=2011,correct=False,payload=[171,201,116,67,22,160,52,4,80,32,112,128,172,176,113,164,220,228,241,144,87,57,41,33,208,51,48,129,145,161,48,73,203,113,98,128,0,3,18,122,83,67,116,6,18,162,176,194,219,128,83,39,25,41,155,67,20,227,50,227,135,161,147,67,71,7,194,4,84,36,252,225,85,97,16,148,180,164,190,192,84,244,229,7,28,101,53,109,85,100,254,213,148,165,139,129,251,69,54,6]
CFO=-1127.523952215839,STO=0
EsN0dB=2.17,GRXdB=10,N0=0.009999999776482582
packet_number=2012,correct=False,payload=[4,66,99,31,70,21,133,1,108,137,42,7,137,11,138,79,22,147,122,55,28,45,39,22,26,32,116,221,120,222,28,78,32,32,32,7,54,128,238,54,8,97,161,47,38,249,14,15,122,57,49,255,54,112,126,38,140,62,105,124,251,57,60,123,65,131,196,72,86,37,78,87,217,72,2,81,78,87,78,79,87,81,72,94,104,116,94,98,88,91,234,16,29,221,126,27,96,226,104,115]
CFO=-867.0076120871859,STO=0
EsN0dB=2.28,GRXdB=10,N0=0.009999999776482582
packet_number=2013,correct=False,payload=[208,8,6,130,4,52,6,6,10,1,137,30,11,0,10,27,120,33,8,49,80,9,166,39,48,56,114,89,40,176,60,15,70,96,161,98,58,38,142,164,56,53,10,75,176,17,124,170,112,73,182,118,46,62,37,127,100,61,114,63,108,114,31,62,24,118,66,96,76,197,154,71,224,201,151,102,204,9,14,83,16,185,5,71,168,69,62,246,16,81,122,255,253,241,60,76,112,167,234,103]
CFO=-954.7256208794786,STO=4
EsN0dB=2.14,GRXdB=10,N0=0.009999999776482582
packet_number=2014,correct=False,payload=[32,35,2,1,4,69,18,5,32,75,168,0,76,156,138,14,146,65,147,155,144,28,118,7,16,13,216,10,26,25,22,43,32,33,34,37,36,37,54,102,143,91,86,34,44,47,46,239,2,97,48,113,38,101,122,127,252,101,57,171,54,127,63,15,35,5,106,83,130,213,206,193,90,213,64,8,204,221,78,207,95,81,86,115,144,29,187,87,88,219,155,123,119,77,126,153,68,68,226,243]
CFO=-793.7121524837078,STO=6
EsN0dB=2.58,GRXdB=10,N0=0.009999999776482582
packet_number=2015,correct=False,payload=[3,101,2,119,102,39,10,21,77,129,138,219,204,141,12,15,80,16,18,19,90,55,46,55,24,29,88,25,156,61,93,155,172,35,42,243,109,37,164,39,24,41,9,7,188,116,4,61,189,49,50,51,37,181,38,33,56,49,168,30,60,53,56,117,80,96,98,67,77,101,98,69,93,196,28,89,76,108,206,73,192,114,80,210,68,85,215,83,8,80,123,219,28,92,90,92,160,117,106,41]
CFO=-570.6053276216453,STO=5
EsN0dB=2.24,GRXdB=10,N0=0.009999999776482582
packet_number=2016,correct=False,payload=[4,35,67,150,4,25,38,51,8,3,154,11,68,7,14,79,17,17,24,11,16,7,214,149,24,113,10,159,94,28,30,62,48,167,38,114,45,1,102,39,112,41,43,139,44,5,15,141,112,48,170,59,20,213,54,119,56,121,26,187,124,221,58,63,192,193,66,107,85,101,70,87,152,201,76,42,110,127,79,143,82,81,59,87,86,85,82,86,208,88,90,91,132,95,94,79,192,208,84,251]
CFO=-964.8348937494629,STO=2
EsN0dB=2.01,GRXdB=10,N0=0.009999999776482582
packet_number=2017,correct=False,payload=[0,55,26,50,2,37,6,23,14,138,83,119,4,141,133,5,83,105,50,95,53,29,125,135,66,89,251,14,140,188,222,93,57,23,59,132,164,72,46,38,10,13,9,39,188,133,63,171,104,81,48,39,29,182,182,39,169,157,59,35,56,13,62,183,72,224,192,3,70,81,82,70,192,76,64,67,110,79,15,37,57,53,34,22,80,100,18,94,28,81,72,203,92,93,94,95,96,107,96,99]
CFO=-858.7749811235318,STO=4
EsN0dB=2.01,GRXdB=10,N0=0.009999999776482582
packet_number=2018,correct=False,payload=[86,68,4,32,57,0,22,24,92,96,36,48,38,147,52,26,52,64,196,88,77,113,92,75,93,161,101,120,108,96,114,120,88,128,213,140,141,181,30,88,156,34,160,129,42,176,181,154,188,192,192,200,235,148,112,216,237,163,237,140,252,58,228,252,185,13,101,45,29,211,33,29,25,1,45,43,175,52,55,122,191,81,69,73,85,117,125,80,26,96,229,51,253,229,118,99,249,211,151,137]
CFO=-1220.8365499845415,STO=2
EsN0dB=2.73,GRXdB=10,N0=0.009999999776482582
packet_number=2019,correct=False,payload=[51,164,0,3,2,0,22,143,40,15,26,15,78,8,190,87,10,17,2,87,154,29,20,149,220,13,138,251,31,92,12,159,34,34,50,35,1,33,6,39,52,8,42,56,24,52,95,111,44,60,19,187,118,93,70,55,56,31,88,57,100,115,215,54,72,116,66,19,68,193,115,6,108,65,78,79,76,69,74,15,240,88,22,243,45,115,86,63,17,89,104,15,124,62,92,55,245,233,66,1]
CFO=-1248.1375038591864,STO=1
EsN0dB=2.43,GRXdB=10,N0=0.009999999776482582
packet_number=2020,correct=False,payload=[196,38,55,18,41,130,66,22,64,15,147,184,8,172,11,28,77,93,6,136,2,145,16,216,26,43,139,157,144,80,27,44,92,31,27,136,243,224,115,161,5,110,247,40,44,160,63,140,183,191,13,49,115,190,49,24,105,46,61,136,58,47,43,12,23,15,15,100,240,72,35,47,93,183,9,113,153,125,79,238,52,44,46,232,117,114,122,3,75,174,3,90,56,2,113,68,191,62,134,105]
CFO=-1922.1565794119117,STO=5
EsN0dB=2.12,GRXdB=10,N0=0.009999999776482582
packet_number=2021,correct=False,payload=[64,213,0,7,14,0,148,17,134,87,72,157,2,251,7,142,6,15,84,81,154,145,6,22,23,29,24,20,218,29,180,4,9,63,160,41,226,97,61,41,38,127,40,129,147,172,4,221,47,95,48,49,112,49,44,117,70,119,57,179,56,163,31,61,30,179,80,64,11,7,204,101,204,71,72,69,72,75,72,175,142,95,16,89,118,19,95,84,86,229,72,21,219,92,87,28,70,95,52,193]
CFO=-547.8910355021409,STO=6
EsN0dB=1.99,GRXdB=10,N0=0.009999999776482582
packet_number=2022,correct=False,payload=[0,0,10,3,44,1,12,211,138,165,10,88,188,141,6,131,144,17,53,55,144,84,4,151,56,215,42,205,13,29,30,125,64,1,19,35,228,149,164,53,40,40,78,46,12,169,46,231,104,156,114,51,44,60,38,55,56,191,122,99,190,59,62,191,8,67,202,111,68,89,2,111,64,104,81,25,88,104,14,111,19,181,87,115,84,113,38,31,233,84,218,127,126,13,29,78,32,97,214,67]
CFO=-741.0485480707553,STO=2
EsN0dB=1.60,GRXdB=10,N0=0.009999999776482582
packet_number=2023,correct=False,payload=[245,21,224,38,79,73,73,1,204,145,194,42,115,194,66,135,224,149,21,150,6,166,67,199,145,96,198,194,71,230,131,3,67,199,198,20,120,144,182,138,142,156,2,72,92,146,170,107,7,11,140,24,110,236,143,45,100,157,198,108,2,142,253,105,207,199,208,176,84,48,241,153,88,80,254,26,80,130,179,91,79,131,174,24,19,214,245,16,213,21,231,22,182,179,138,21,68,150,192,28]
CFO=-960.334854445515,STO=3
EsN0dB=2.23,GRXdB=10,N0=0.009999999776482582
packet_number=2024,correct=False,payload=[83,96,150,4,51,74,120,38,70,128,136,128,160,210,82,96,243,3,17,33,49,64,81,81,55,145,145,1,235,193,167,224,116,11,26,162,50,66,82,33,242,6,115,163,138,104,222,250,225,35,19,5,57,105,87,134,119,209,131,163,242,130,251,227,224,0,20,34,252,12,12,236,108,55,4,148,178,7,149,229,213,37,20,57,176,76,69,97,117,132,213,133,55,117,209,236,212,66,20,238]
CFO=-1276.4250406139442,STO=4
EsN0dB=2.40,GRXdB=10,N0=0.009999999776482582
packet_number=2025,correct=False,payload=[118,147,2,5,6,2,4,69,54,11,169,43,46,75,25,141,142,79,62,71,242,93,25,28,150,47,24,239,26,15,156,101,154,23,243,103,34,35,110,165,54,3,104,40,122,43,45,45,38,47,18,21,106,3,178,93,55,118,184,57,26,74,124,13,62,159,68,14,64,34,2,65,70,213,104,111,66,211,84,65,78,70,120,65,84,19,80,29,85,116,93,89,90,89,220,85,210,205,0,80]
CFO=-949.7894455379038,STO=1
EsN0dB=2.55,GRXdB=10,N0=0.009999999776482582
packet_number=2026,correct=False,payload=[165,221,5,56,18,32,192,24,0,96,56,56,146,72,248,133,193,144,104,249,1,144,176,241,115,97,179,241,137,193,233,243,192,65,65,244,146,19,74,56,194,81,96,34,154,50,112,248,194,223,99,248,144,121,51,27,121,49,235,179,33,147,227,179,195,247,115,95,68,142,55,18,70,252,242,162,133,236,242,169,160,102,198,208,176,17,163,180,69,95,167,120,240,206,173,222,101,85,199,198]
CFO=-658.2085512903865,STO=3
EsN0dB=2.30,GRXdB=10,N0=0.009999999776482582
packet_number=2027,correct=False,payload=[9,18,130,31,20,13,76,133,152,137,10,11,66,13,142,133,16,56,2,26,60,149,18,215,72,72,10,175,156,21,4,159,114,43,36,35,32,37,38,39,3,61,42,11,12,37,47,167,1,5,32,107,16,43,54,39,42,185,58,27,29,7,159,158,8,33,2,87,0,71,7,37,136,45,162,79,68,1,110,79,220,73,18,99,215,213,54,113,44,221,8,72,41,57,20,23,100,224,114,1]
CFO=-1425.0392847828434,STO=5
EsN0dB=2.64,GRXdB=10,N0=0.009999999776482582
packet_number=2028,correct=False,payload=[2,89,163,171,1,5,14,20,56,72,26,75,8,204,238,31,49,139,50,18,132,150,20,35,26,17,74,26,28,29,62,205,96,169,34,35,53,37,30,231,40,43,42,15,45,143,46,45,112,21,50,179,56,49,54,62,136,2,17,60,104,21,62,190,251,88,66,134,68,81,198,103,192,15,11,203,10,89,222,63,82,83,82,83,253,65,184,213,88,27,126,107,124,52,118,46,229,37,2,73]
CFO=-612.5911882118176,STO=0
EsN0dB=2.02,GRXdB=10,N0=0.009999999776482582
packet_number=2029,correct=False,payload=[4,89,0,40,2,28,16,104,60,80,192,152,96,208,68,43,162,48,160,73,218,152,2,48,181,181,144,132,148,216,225,24,176,59,1,3,56,26,99,105,225,112,81,71,65,91,225,41,123,114,9,1,195,123,64,169,180,117,67,153,147,16,131,235,233,254,82,65,56,6,106,41,48,26,158,144,94,90,64,122,240,244,130,139,53,26,169,129,178,48,128,241,128,154,192,255,48,223,22,29]
CFO=-821.6620336193404,STO=7
EsN0dB=2.11,GRXdB=10,N0=0.009999999776482582
packet_number=2030,correct=False,payload=[34,115,2,2,4,21,233,22,8,141,67,50,172,140,10,14,48,17,23,35,20,29,198,42,92,17,178,28,156,157,30,111,41,229,14,51,132,176,38,39,124,17,106,55,42,47,20,168,97,41,160,14,20,53,22,5,102,89,52,51,62,61,174,59,64,0,69,150,85,67,102,79,194,201,90,75,104,12,44,251,8,99,4,211,150,181,70,205,94,120,89,95,192,29,80,79,108,101,229,114]
CFO=-1413.343060147889,STO=2
EsN0dB=2.18,GRXdB=10,N0=0.009999999776482582
packet_number=2031,correct=False,payload=[112,1,7,71,134,133,151,39,200,32,138,11,1,79,175,11,145,25,151,147,31,151,62,7,8,50,154,219,12,181,63,29,36,35,99,62,44,197,103,34,32,63,174,34,174,46,42,47,48,49,50,75,52,52,74,63,24,13,159,253,30,63,158,157,97,64,74,81,84,7,22,4,238,221,73,10,68,73,78,101,80,48,114,3,86,87,248,35,137,91,82,27,222,125,215,79,97,225,96,82]
CFO=-1311.8291364492284,STO=4
EsN0dB=1.81,GRXdB=10,N0=0.009999999776482582
packet_number=2032,correct=False,payload=[32,9,75,147,134,1,130,79,29,141,129,19,12,57,12,13,184,25,48,51,23,16,55,55,28,29,31,11,13,149,74,7,32,169,167,43,48,167,164,161,40,168,34,32,60,172,230,38,52,53,48,33,212,52,22,55,57,109,62,40,44,21,62,159,80,67,82,67,103,85,70,67,89,65,74,111,70,141,78,79,100,89,82,115,4,85,159,86,80,89,248,115,92,93,215,77,32,96,107,227]
CFO=-921.1400629107103,STO=7
EsN0dB=2.39,GRXdB=10,N0=0.009999999776482582
packet_number=2033,correct=False,payload=[96,64,212,18,36,75,4,142,78,141,90,15,8,84,30,14,128,21,128,51,30,53,62,52,25,56,30,212,184,157,76,44,160,49,34,39,97,33,32,37,102,123,186,43,45,79,47,159,177,177,50,51,36,127,166,63,60,50,36,113,93,124,62,63,82,70,98,1,100,253,70,86,216,95,207,201,76,125,4,71,101,67,114,195,192,245,198,214,64,239,219,191,52,93,206,61,96,97,80,107]
CFO=-1554.0173279863216,STO=7
EsN0dB=2.19,GRXdB=10,N0=0.009999999776482582
packet_number=2034,correct=False,payload=[23,79,1,5,192,217,227,65,97,33,202,66,195,131,218,97,99,64,222,30,212,202,220,68,68,45,198,236,71,132,167,43,47,142,64,9,72,152,104,139,25,32,138,42,126,218,215,91,3,7,220,108,198,220,207,11,69,6,10,14,205,170,143,111,77,71,240,40,0,189,195,17,105,156,210,144,122,178,195,90,83,153,212,16,160,144,183,49,69,129,210,21,31,116,83,27,87,151,216,220]
CFO=-889.4697445318633,STO=3
EsN0dB=2.10,GRXdB=10,N0=0.009999999776482582
packet_number=2035,correct=False,payload=[37,140,133,181,193,0,0,128,131,0,123,144,230,19,66,7,226,18,19,15,135,4,8,157,87,9,5,135,198,6,82,151,46,135,71,167,132,136,72,9,201,9,65,200,143,24,74,202,235,235,203,167,140,12,72,132,207,13,76,157,222,31,10,207,220,78,63,126,218,32,114,32,81,51,65,145,97,147,28,218,243,54,83,131,148,28,7,148,85,20,84,133,210,115,118,150,95,151,105,131]
CFO=-534.9738552632101,STO=0
EsN0dB=2.24,GRXdB=10,N0=0.009999999776482582
packet_number=2036,correct=False,payload=[129,135,4,6,70,20,6,23,93,65,46,134,20,169,14,30,136,17,169,178,16,67,62,60,25,21,53,23,40,62,156,30,96,35,66,202,4,101,76,2,120,159,12,27,9,73,16,29,48,47,32,113,32,102,122,190,61,51,48,113,120,46,232,120,202,229,136,198,8,196,196,102,192,83,18,206,73,77,222,154,114,16,240,76,78,71,196,223,80,141,193,91,184,169,62,207,216,114,233,135]
CFO=-803.2005421853903,STO=7
EsN0dB=2.95,GRXdB=10,N0=0.009999999776482582
packet_number=2037,correct=False,payload=[1,153,134,19,16,15,10,29,28,9,58,9,11,14,12,14,4,93,23,22,146,175,6,214,136,8,26,90,84,31,142,31,36,164,162,103,176,21,134,103,172,24,59,166,60,253,174,63,48,176,122,115,53,53,38,182,168,32,58,31,44,116,92,157,108,0,6,71,97,207,14,78,92,1,94,19,76,89,94,238,80,73,118,51,20,149,70,215,113,26,85,114,94,157,46,95,198,77,50,99]
CFO=-417.9411132980131,STO=0
EsN0dB=2.42,GRXdB=10,N0=0.009999999776482582
packet_number=2038,correct=False,payload=[228,116,11,180,9,128,184,48,80,40,242,113,130,96,169,212,67,202,224,112,15,2,33,97,82,34,64,101,3,216,101,35,17,176,233,242,26,20,198,86,194,67,114,124,162,143,234,134,201,135,242,246,3,54,115,224,54,193,71,123,3,27,115,50,195,178,35,180,68,192,220,52,240,100,37,211,9,91,100,61,133,131,232,255,2,52,160,89,179,65,203,165,131,211,197,223,203,193,195,229]
CFO=-947.4981898046127,STO=4
EsN0dB=2.18,GRXdB=10,N0=0.009999999776482582
packet_number=2039,correct=False,payload=[4,195,65,71,64,21,10,68,3,88,22,10,0,93,12,143,16,129,18,211,92,16,6,23,17,137,19,122,76,21,30,91,96,161,38,3,98,196,238,167,32,57,170,26,124,43,15,8,52,55,114,115,240,183,230,7,28,59,58,32,60,69,186,111,64,195,98,99,30,73,66,71,200,137,72,25,196,221,67,111,208,213,114,65,100,230,24,117,121,217,210,91,218,93,250,222,96,5,34,242]
CFO=-126.31105295354054,STO=6
EsN0dB=2.87,GRXdB=10,N0=0.009999999776482582
packet_number=2040,correct=False,payload=[0,9,11,145,0,197,135,7,140,9,74,4,136,5,14,196,28,145,130,0,52,55,62,151,16,19,50,26,92,145,92,27,224,125,162,35,132,20,34,39,45,45,58,51,14,105,63,37,176,35,51,51,52,181,38,22,48,121,58,43,125,61,56,30,193,204,74,75,92,76,90,117,108,197,202,9,76,95,107,71,16,85,82,86,81,85,70,83,117,89,90,106,21,71,86,63,99,38,99,67]
CFO=-733.8449515101805,STO=7
EsN0dB=2.34,GRXdB=10,N0=0.009999999776482582
packet_number=2041,correct=False,payload=[239,152,196,31,148,0,65,0,208,6,232,161,210,194,66,18,131,7,73,117,196,162,36,2,135,23,71,135,198,174,108,167,199,107,151,135,137,155,64,130,217,25,65,139,206,140,107,131,139,53,139,171,140,94,68,140,157,77,4,69,140,140,73,158,93,13,207,13,209,10,210,80,176,117,211,145,146,146,83,247,18,21,6,151,220,61,37,20,85,21,215,173,246,214,118,215,199,27,87,145]
CFO=-1017.3952152671535,STO=2
EsN0dB=2.28,GRXdB=10,N0=0.009999999776482582
packet_number=2042,correct=False,payload=[79,187,147,13,130,160,64,71,241,17,83,137,193,36,9,0,81,65,197,131,209,149,64,132,228,39,162,197,7,43,103,135,198,135,192,135,172,76,106,160,88,11,171,139,202,139,74,130,10,7,161,193,111,141,68,10,140,73,127,142,206,78,86,134,219,175,111,143,240,16,92,16,80,12,245,241,150,18,122,18,177,147,19,147,213,1,16,133,53,28,79,134,146,19,82,154,223,167,103,223]
CFO=-1932.8870911892172,STO=7
EsN0dB=2.22,GRXdB=10,N0=0.009999999776482582
packet_number=2043,correct=False,payload=[131,129,129,0,130,32,22,7,196,4,153,5,6,6,130,69,8,8,24,69,234,10,139,27,157,136,148,5,170,78,135,23,213,8,145,17,137,134,147,16,112,71,76,20,184,13,148,55,152,57,141,217,134,26,155,217,212,52,157,30,156,63,175,19,228,46,178,33,224,56,82,137,180,48,37,37,47,2,183,167,57,28,43,33,232,101,139,63,174,173,173,232,236,15,235,200,176,56,177,51]
CFO=-989.1700514204413,STO=6
EsN0dB=2.13,GRXdB=10,N0=0.009999999776482582
packet_number=2044,correct=False,payload=[42,161,67,3,0,160,133,183,8,11,192,10,14,13,0,223,9,145,18,158,52,108,90,6,24,95,88,10,16,124,93,223,33,108,2,96,172,48,36,167,40,113,174,59,45,37,174,63,113,187,34,81,55,61,116,55,50,121,26,187,15,119,63,126,246,67,66,123,205,65,194,18,157,237,202,155,15,109,110,79,80,81,116,155,212,85,79,87,120,216,102,75,116,77,122,55,137,73,202,103]
CFO=-1570.6764676791327,STO=4
EsN0dB=2.02,GRXdB=10,N0=0.009999999776482582
packet_number=2045,correct=False,payload=[51,194,36,47,252,160,5,96,17,192,16,96,116,193,16,32,176,225,218,112,248,17,89,43,96,22,83,103,57,132,152,97,187,193,89,193,178,131,10,108,50,66,148,98,50,2,13,166,46,210,2,250,247,1,178,35,19,107,209,99,123,134,179,175,167,131,209,231,254,136,22,164,180,172,252,97,36,228,53,228,44,204,140,227,239,6,62,96,36,4,148,237,112,131,131,37,101,151,193,133]
CFO=-1124.8541308762065,STO=4
EsN0dB=2.60,GRXdB=10,N0=0.009999999776482582
packet_number=2046,correct=False,payload=[40,33,3,3,133,36,6,15,220,9,8,91,92,36,78,63,48,241,146,23,22,39,20,83,24,216,122,90,90,62,28,56,48,145,0,103,37,5,36,5,56,105,42,163,172,44,12,47,112,21,181,53,53,53,54,119,24,249,62,57,182,29,60,189,242,70,69,64,79,67,80,7,104,67,70,75,78,77,28,71,74,113,2,145,213,72,214,109,238,81,90,211,28,93,90,95,66,33,122,97]
CFO=-1295.2857305173536,STO=4
EsN0dB=2.33,GRXdB=10,N0=0.009999999776482582
packet_number=2047,correct=False,payload=[0,1,2,91,133,166,6,6,2,105,222,123,190,13,130,143,82,25,50,187,20,145,38,150,24,25,122,139,29,45,31,95,81,64,34,106,53,165,7,46,165,129,24,43,44,126,79,175,176,54,50,51,224,143,50,125,188,34,40,122,77,45,46,62,65,65,227,11,68,109,70,6,32,193,106,75,92,13,100,71,210,88,164,82,81,21,214,22,84,73,90,211,126,92,126,95,98,193,163,115]
CFO=-858.0074741894535,STO=7
EsN0dB=2.19,GRXdB=10,N0=0.009999999776482582
packet_number=2048,correct=False,payload=[53,57,144,136,65,200,5,33,65,196,207,198,120,206,162,0,8,211,132,132,4,134,237,7,15,137,198,174,6,180,199,69,79,134,72,72,192,26,140,25,75,200,202,8,114,130,142,10,9,235,204,100,64,42,217,24,19,159,140,14,94,12,206,38,207,143,216,56,119,176,218,52,80,177,86,26,49,26,130,186,65,211,254,63,84,150,241,153,213,157,255,2,215,226,149,19,118,135,152,28]
CFO=-940.9109703847623,STO=7
EsN0dB=2.09,GRXdB=10,N0=0.009999999776482582
packet_number=2049,correct=False,payload=[28,0,16,12,145,20,89,4,64,140,40,1,32,84,56,120,20,216,99,77,240,100,93,30,112,92,224,1,116,48,105,60,145,173,128,188,12,173,137,254,160,244,11,175,176,158,92,184,197,138,200,101,112,84,220,221,2,246,200,236,249,209,180,221,65,14,11,140,91,33,27,156,196,37,24,169,3,66,152,252,7,86,75,73,5,229,145,74,99,111,47,97,127,117,234,95,208,13,201,135]
CFO=-1382.3644762920153,STO=4
EsN0dB=2.02,GRXdB=10,N0=0.009999999776482582
packet_number=2050,correct=False,payload=[0,36,128,0,6,53,6,135,72,185,10,91,72,29,126,31,48,65,22,19,20,159,134,23,154,24,30,168,84,28,30,31,36,161,10,34,36,125,166,166,40,3,232,40,44,61,47,47,48,209,26,19,28,188,54,1,25,57,146,151,189,223,62,31,72,64,2,243,108,77,198,71,10,77,72,122,88,37,78,27,84,81,176,123,85,192,86,87,120,72,67,91,92,89,22,95,234,193,242,227]
CFO=-461.6592746874462,STO=5
EsN0dB=2.33,GRXdB=10,N0=0.009999999776482582
packet_number=2051,correct=False,payload=[136,12,128,84,217,4,27,28,41,44,92,108,49,84,176,28,208,78,0,109,81,52,88,156,96,100,232,237,241,116,188,124,192,181,217,141,149,20,252,188,224,36,172,172,185,188,112,174,72,160,66,128,196,157,82,84,232,164,232,177,113,212,250,253,53,39,74,13,80,61,58,30,5,53,41,41,52,55,137,47,1,229,105,47,83,17,85,92,64,100,105,109,121,117,28,127,193,131,185,143]
CFO=-1791.4039914006344,STO=3
EsN0dB=2.69,GRXdB=10,N0=0.009999999776482582
packet_number=2052,correct=False,payload=[0,7,2,3,132,4,166,7,8,15,200,17,44,45,26,31,17,187,78,19,22,221,70,31,18,89,15,211,28,93,155,31,112,106,195,57,37,71,109,35,108,111,43,27,111,12,47,63,16,241,32,117,29,191,26,46,248,41,34,63,188,169,52,111,79,65,66,66,4,73,79,71,8,13,70,11,72,77,70,113,8,88,112,123,112,85,18,7,145,89,26,31,12,84,214,107,192,105,98,64]
CFO=-2219.0760491216365,STO=7
EsN0dB=2.25,GRXdB=10,N0=0.009999999776482582
packet_number=2053,correct=False,payload=[87,75,25,60,208,1,65,137,233,3,128,129,195,82,66,139,129,3,74,139,234,37,2,220,197,11,85,217,142,190,14,15,197,103,231,2,172,137,72,137,76,120,75,141,143,110,78,130,139,11,119,201,200,12,93,44,141,20,109,141,206,156,222,106,29,28,10,135,208,26,17,96,209,19,209,189,210,58,118,150,247,95,81,163,196,16,246,148,244,112,214,135,254,86,119,54,203,31,87,209]
CFO=-1476.4000543275506,STO=2
EsN0dB=2.31,GRXdB=10,N0=0.009999999776482582
packet_number=2054,correct=False,payload=[243,163,133,201,12,2,28,56,24,16,36,5,38,50,88,56,48,10,80,17,110,248,116,88,88,64,98,120,108,112,49,88,236,144,132,138,12,134,80,89,156,48,164,148,200,224,23,56,178,197,228,108,220,220,116,220,87,96,228,236,252,113,113,40,125,43,37,29,36,161,149,149,92,33,15,201,98,180,176,188,191,97,36,104,69,81,221,168,93,113,172,233,221,113,103,121,108,133,199,75]
CFO=-598.5897154421473,STO=4
EsN0dB=2.34,GRXdB=10,N0=0.009999999776482582
packet_number=2055,correct=False,payload=[90,5,34,75,12,4,66,19,152,45,94,59,6,5,76,7,16,21,146,101,188,16,20,91,144,9,90,155,212,93,150,15,32,48,51,33,7,37,166,166,38,73,42,45,32,32,44,107,20,113,114,55,124,29,61,39,59,49,58,58,26,53,182,51,216,209,138,75,20,95,68,66,92,107,11,79,94,207,68,91,194,80,214,91,68,69,91,55,188,88,218,82,76,91,78,95,98,65,42,3]
CFO=-971.3466964972276,STO=4
EsN0dB=1.93,GRXdB=10,N0=0.009999999776482582
packet_number=2056,correct=False,payload=[0,1,6,3,4,37,22,5,0,41,136,79,9,173,78,95,18,87,18,9,68,18,54,22,1,153,58,50,12,85,29,31,32,1,39,55,69,83,174,39,153,235,107,15,108,45,46,166,28,38,57,19,38,117,22,245,24,123,178,27,60,21,22,31,96,64,66,7,86,69,210,226,73,93,214,18,72,5,110,79,8,16,66,83,19,215,114,21,78,89,122,25,92,93,78,14,33,113,96,99]
