CFO=-935.9888467344488,STO=4
EsN0dB=17.31,GRXdB=10,N0=0.0003162277571391314
packet_number=1,correct=True,payload=[0,1,2,3,4,5,6,7,8,9,10,11,12,13,14,15,16,17,18,19,20,21,22,23,24,25,26,27,28,29,30,31,32,33,34,35,36,37,38,39,40,41,42,43,44,45,46,47,48,49,50,51,52,53,54,55,56,57,58,59,60,61,62,63,64,65,66,67,68,69,70,71,72,73,74,75,76,77,78,79,80,81,82,83,84,85,86,87,88,89,90,91,92,93,94,95,96,97,98,99]
CFO=-895.5331382458363,STO=5
EsN0dB=17.35,GRXdB=10,N0=0.0003162277571391314
packet_number=2,correct=True,payload=[0,1,2,3,4,5,6,7,8,9,10,11,12,13,14,15,16,17,18,19,20,21,22,23,24,25,26,27,28,29,30,31,32,33,34,35,36,37,38,39,40,41,42,43,44,45,46,47,48,49,50,51,52,53,54,55,56,57,58,59,60,61,62,63,64,65,66,67,68,69,70,71,72,73,74,75,76,77,78,79,80,81,82,83,84,85,86,87,88,89,90,91,92,93,94,95,96,97,98,99]
CFO=-954.8300895714713,STO=4
EsN0dB=17.40,GRXdB=10,N0=0.0003162277571391314
packet_number=3,correct=True,payload=[0,1,2,3,4,5,6,7,8,9,10,11,12,13,14,15,16,17,18,19,20,21,22,23,24,25,26,27,28,29,30,31,32,33,34,35,36,37,38,39,40,41,42,43,44,45,46,47,48,49,50,51,52,53,54,55,56,57,58,59,60,61,62,63,64,65,66,67,68,69,70,71,72,73,74,75,76,77,78,79,80,81,82,83,84,85,86,87,88,89,90,91,92,93,94,95,96,97,98,99]
CFO=-959.5508649368771,STO=4
EsN0dB=17.36,GRXdB=10,N0=0.0003162277571391314
packet_number=4,correct=True,payload=[0,1,2,3,4,5,6,7,8,9,10,11,12,13,14,15,16,17,18,19,20,21,22,23,24,25,26,27,28,29,30,31,32,33,34,35,36,37,38,39,40,41,42,43,44,45,46,47,48,49,50,51,52,53,54,55,56,57,58,59,60,61,62,63,64,65,66,67,68,69,70,71,72,73,74,75,76,77,78,79,80,81,82,83,84,85,86,87,88,89,90,91,92,93,94,95,96,97,98,99]
CFO=-870.8137824340447,STO=6
EsN0dB=17.35,GRXdB=10,N0=0.0003162277571391314
packet_number=5,correct=True,payload=[0,1,2,3,4,5,6,7,8,9,10,11,12,13,14,15,16,17,18,19,20,21,22,23,24,25,26,27,28,29,30,31,32,33,34,35,36,37,38,39,40,41,42,43,44,45,46,47,48,49,50,51,52,53,54,55,56,57,58,59,60,61,62,63,64,65,66,67,68,69,70,71,72,73,74,75,76,77,78,79,80,81,82,83,84,85,86,87,88,89,90,91,92,93,94,95,96,97,98,99]
CFO=-903.6943249564533,STO=5
EsN0dB=17.36,GRXdB=10,N0=0.0003162277571391314
packet_number=6,correct=True,payload=[0,1,2,3,4,5,6,7,8,9,10,11,12,13,14,15,16,17,18,19,20,21,22,23,24,25,26,27,28,29,30,31,32,33,34,35,36,37,38,39,40,41,42,43,44,45,46,47,48,49,50,51,52,53,54,55,56,57,58,59,60,61,62,63,64,65,66,67,68,69,70,71,72,73,74,75,76,77,78,79,80,81,82,83,84,85,86,87,88,89,90,91,92,93,94,95,96,97,98,99]
CFO=-923.3822859491786,STO=5
EsN0dB=17.34,GRXdB=10,N0=0.0003162277571391314
packet_number=7,correct=True,payload=[0,1,2,3,4,5,6,7,8,9,10,11,12,13,14,15,16,17,18,19,20,21,22,23,24,25,26,27,28,29,30,31,32,33,34,35,36,37,38,39,40,41,42,43,44,45,46,47,48,49,50,51,52,53,54,55,56,57,58,59,60,61,62,63,64,65,66,67,68,69,70,71,72,73,74,75,76,77,78,79,80,81,82,83,84,85,86,87,88,89,90,91,92,93,94,95,96,97,98,99]
CFO=-895.2225187921757,STO=4
EsN0dB=17.32,GRXdB=10,N0=0.0003162277571391314
packet_number=8,correct=True,payload=[0,1,2,3,4,5,6,7,8,9,10,11,12,13,14,15,16,17,18,19,20,21,22,23,24,25,26,27,28,29,30,31,32,33,34,35,36,37,38,39,40,41,42,43,44,45,46,47,48,49,50,51,52,53,54,55,56,57,58,59,60,61,62,63,64,65,66,67,68,69,70,71,72,73,74,75,76,77,78,79,80,81,82,83,84,85,86,87,88,89,90,91,92,93,94,95,96,97,98,99]
CFO=-879.9453658993979,STO=4
EsN0dB=17.41,GRXdB=10,N0=0.0003162277571391314
packet_number=9,correct=True,payload=[0,1,2,3,4,5,6,7,8,9,10,11,12,13,14,15,16,17,18,19,20,21,22,23,24,25,26,27,28,29,30,31,32,33,34,35,36,37,38,39,40,41,42,43,44,45,46,47,48,49,50,51,52,53,54,55,56,57,58,59,60,61,62,63,64,65,66,67,68,69,70,71,72,73,74,75,76,77,78,79,80,81,82,83,84,85,86,87,88,89,90,91,92,93,94,95,96,97,98,99]
CFO=-937.9056871499567,STO=5
EsN0dB=17.34,GRXdB=10,N0=0.0003162277571391314
packet_number=10,correct=True,payload=[0,1,2,3,4,5,6,7,8,9,10,11,12,13,14,15,16,17,18,19,20,21,22,23,24,25,26,27,28,29,30,31,32,33,34,35,36,37,38,39,40,41,42,43,44,45,46,47,48,49,50,51,52,53,54,55,56,57,58,59,60,61,62,63,64,65,66,67,68,69,70,71,72,73,74,75,76,77,78,79,80,81,82,83,84,85,86,87,88,89,90,91,92,93,94,95,96,97,98,99]
CFO=-833.7415077577234,STO=5
EsN0dB=17.35,GRXdB=10,N0=0.0003162277571391314
packet_number=11,correct=True,payload=[0,1,2,3,4,5,6,7,8,9,10,11,12,13,14,15,16,17,18,19,20,21,22,23,24,25,26,27,28,29,30,31,32,33,34,35,36,37,38,39,40,41,42,43,44,45,46,47,48,49,50,51,52,53,54,55,56,57,58,59,60,61,62,63,64,65,66,67,68,69,70,71,72,73,74,75,76,77,78,79,80,81,82,83,84,85,86,87,88,89,90,91,92,93,94,95,96,97,98,99]
CFO=-816.5146085901549,STO=5
EsN0dB=17.35,GRXdB=10,N0=0.0003162277571391314
packet_number=12,correct=True,payload=[0,1,2,3,4,5,6,7,8,9,10,11,12,13,14,15,16,17,18,19,20,21,22,23,24,25,26,27,28,29,30,31,32,33,34,35,36,37,38,39,40,41,42,43,44,45,46,47,48,49,50,51,52,53,54,55,56,57,58,59,60,61,62,63,64,65,66,67,68,69,70,71,72,73,74,75,76,77,78,79,80,81,82,83,84,85,86,87,88,89,90,91,92,93,94,95,96,97,98,99]
CFO=-942.9923400966833,STO=5
EsN0dB=17.36,GRXdB=10,N0=0.0003162277571391314
packet_number=13,correct=True,payload=[0,1,2,3,4,5,6,7,8,9,10,11,12,13,14,15,16,17,18,19,20,21,22,23,24,25,26,27,28,29,30,31,32,33,34,35,36,37,38,39,40,41,42,43,44,45,46,47,48,49,50,51,52,53,54,55,56,57,58,59,60,61,62,63,64,65,66,67,68,69,70,71,72,73,74,75,76,77,78,79,80,81,82,83,84,85,86,87,88,89,90,91,92,93,94,95,96,97,98,99]
CFO=-949.1034028392387,STO=5
EsN0dB=17.33,GRXdB=10,N0=0.0003162277571391314
packet_number=14,correct=True,payload=[0,1,2,3,4,5,6,7,8,9,10,11,12,13,14,15,16,17,18,19,20,21,22,23,24,25,26,27,28,29,30,31,32,33,34,35,36,37,38,39,40,41,42,43,44,45,46,47,48,49,50,51,52,53,54,55,56,57,58,59,60,61,62,63,64,65,66,67,68,69,70,71,72,73,74,75,76,77,78,79,80,81,82,83,84,85,86,87,88,89,90,91,92,93,94,95,96,97,98,99]
CFO=-817.1765796151826,STO=5
EsN0dB=17.33,GRXdB=10,N0=0.0003162277571391314
packet_number=15,correct=True,payload=[0,1,2,3,4,5,6,7,8,9,10,11,12,13,14,15,16,17,18,19,20,21,22,23,24,25,26,27,28,29,30,31,32,33,34,35,36,37,38,39,40,41,42,43,44,45,46,47,48,49,50,51,52,53,54,55,56,57,58,59,60,61,62,63,64,65,66,67,68,69,70,71,72,73,74,75,76,77,78,79,80,81,82,83,84,85,86,87,88,89,90,91,92,93,94,95,96,97,98,99]
CFO=-937.1497417340048,STO=5
EsN0dB=17.32,GRXdB=10,N0=0.0003162277571391314
packet_number=16,correct=True,payload=[0,1,2,3,4,5,6,7,8,9,10,11,12,13,14,15,16,17,18,19,20,21,22,23,24,25,26,27,28,29,30,31,32,33,34,35,36,37,38,39,40,41,42,43,44,45,46,47,48,49,50,51,52,53,54,55,56,57,58,59,60,61,62,63,64,65,66,67,68,69,70,71,72,73,74,75,76,77,78,79,80,81,82,83,84,85,86,87,88,89,90,91,92,93,94,95,96,97,98,99]
CFO=-929.3384243488413,STO=4
EsN0dB=17.41,GRXdB=10,N0=0.0003162277571391314
packet_number=17,correct=True,payload=[0,1,2,3,4,5,6,7,8,9,10,11,12,13,14,15,16,17,18,19,20,21,22,23,24,25,26,27,28,29,30,31,32,33,34,35,36,37,38,39,40,41,42,43,44,45,46,47,48,49,50,51,52,53,54,55,56,57,58,59,60,61,62,63,64,65,66,67,68,69,70,71,72,73,74,75,76,77,78,79,80,81,82,83,84,85,86,87,88,89,90,91,92,93,94,95,96,97,98,99]
CFO=-863.0440865141359,STO=5
EsN0dB=17.29,GRXdB=10,N0=0.0003162277571391314
packet_number=18,correct=True,payload=[0,1,2,3,4,5,6,7,8,9,10,11,12,13,14,15,16,17,18,19,20,21,22,23,24,25,26,27,28,29,30,31,32,33,34,35,36,37,38,39,40,41,42,43,44,45,46,47,48,49,50,51,52,53,54,55,56,57,58,59,60,61,62,63,64,65,66,67,68,69,70,71,72,73,74,75,76,77,78,79,80,81,82,83,84,85,86,87,88,89,90,91,92,93,94,95,96,97,98,99]
CFO=-1042.7316596977082,STO=4
EsN0dB=17.36,GRXdB=10,N0=0.0003162277571391314
packet_number=19,correct=True,payload=[0,1,2,3,4,5,6,7,8,9,10,11,12,13,14,15,16,17,18,19,20,21,22,23,24,25,26,27,28,29,30,31,32,33,34,35,36,37,38,39,40,41,42,43,44,45,46,47,48,49,50,51,52,53,54,55,56,57,58,59,60,61,62,63,64,65,66,67,68,69,70,71,72,73,74,75,76,77,78,79,80,81,82,83,84,85,86,87,88,89,90,91,92,93,94,95,96,97,98,99]
CFO=-908.5107941180432,STO=4
EsN0dB=17.35,GRXdB=10,N0=0.0003162277571391314
packet_number=20,correct=True,payload=[0,1,2,3,4,5,6,7,8,9,10,11,12,13,14,15,16,17,18,19,20,21,22,23,24,25,26,27,28,29,30,31,32,33,34,35,36,37,38,39,40,41,42,43,44,45,46,47,48,49,50,51,52,53,54,55,56,57,58,59,60,61,62,63,64,65,66,67,68,69,70,71,72,73,74,75,76,77,78,79,80,81,82,83,84,85,86,87,88,89,90,91,92,93,94,95,96,97,98,99]
CFO=-990.5036577138536,STO=4
EsN0dB=17.26,GRXdB=10,N0=0.0003162277571391314
packet_number=21,correct=True,payload=[0,1,2,3,4,5,6,7,8,9,10,11,12,13,14,15,16,17,18,19,20,21,22,23,24,25,26,27,28,29,30,31,32,33,34,35,36,37,38,39,40,41,42,43,44,45,46,47,48,49,50,51,52,53,54,55,56,57,58,59,60,61,62,63,64,65,66,67,68,69,70,71,72,73,74,75,76,77,78,79,80,81,82,83,84,85,86,87,88,89,90,91,92,93,94,95,96,97,98,99]
CFO=-922.4060195006244,STO=5
EsN0dB=17.40,GRXdB=10,N0=0.0003162277571391314
packet_number=22,correct=True,payload=[0,1,2,3,4,5,6,7,8,9,10,11,12,13,14,15,16,17,18,19,20,21,22,23,24,25,26,27,28,29,30,31,32,33,34,35,36,37,38,39,40,41,42,43,44,45,46,47,48,49,50,51,52,53,54,55,56,57,58,59,60,61,62,63,64,65,66,67,68,69,70,71,72,73,74,75,76,77,78,79,80,81,82,83,84,85,86,87,88,89,90,91,92,93,94,95,96,97,98,99]
CFO=-976.2765871161287,STO=4
EsN0dB=17.34,GRXdB=10,N0=0.0003162277571391314
packet_number=23,correct=True,payload=[0,1,2,3,4,5,6,7,8,9,10,11,12,13,14,15,16,17,18,19,20,21,22,23,24,25,26,27,28,29,30,31,32,33,34,35,36,37,38,39,40,41,42,43,44,45,46,47,48,49,50,51,52,53,54,55,56,57,58,59,60,61,62,63,64,65,66,67,68,69,70,71,72,73,74,75,76,77,78,79,80,81,82,83,84,85,86,87,88,89,90,91,92,93,94,95,96,97,98,99]
CFO=-934.8627548689449,STO=4
EsN0dB=17.39,GRXdB=10,N0=0.0003162277571391314
packet_number=24,correct=True,payload=[0,1,2,3,4,5,6,7,8,9,10,11,12,13,14,15,16,17,18,19,20,21,22,23,24,25,26,27,28,29,30,31,32,33,34,35,36,37,38,39,40,41,42,43,44,45,46,47,48,49,50,51,52,53,54,55,56,57,58,59,60,61,62,63,64,65,66,67,68,69,70,71,72,73,74,75,76,77,78,79,80,81,82,83,84,85,86,87,88,89,90,91,92,93,94,95,96,97,98,99]
CFO=-876.6145221721223,STO=4
EsN0dB=17.34,GRXdB=10,N0=0.0003162277571391314
packet_number=25,correct=True,payload=[0,1,2,3,4,5,6,7,8,9,10,11,12,13,14,15,16,17,18,19,20,21,22,23,24,25,26,27,28,29,30,31,32,33,34,35,36,37,38,39,40,41,42,43,44,45,46,47,48,49,50,51,52,53,54,55,56,57,58,59,60,61,62,63,64,65,66,67,68,69,70,71,72,73,74,75,76,77,78,79,80,81,82,83,84,85,86,87,88,89,90,91,92,93,94,95,96,97,98,99]
CFO=-925.7818642138379,STO=5
EsN0dB=17.38,GRXdB=10,N0=0.0003162277571391314
packet_number=26,correct=True,payload=[0,1,2,3,4,5,6,7,8,9,10,11,12,13,14,15,16,17,18,19,20,21,22,23,24,25,26,27,28,29,30,31,32,33,34,35,36,37,38,39,40,41,42,43,44,45,46,47,48,49,50,51,52,53,54,55,56,57,58,59,60,61,62,63,64,65,66,67,68,69,70,71,72,73,74,75,76,77,78,79,80,81,82,83,84,85,86,87,88,89,90,91,92,93,94,95,96,97,98,99]
CFO=-946.6074785901934,STO=4
EsN0dB=17.33,GRXdB=10,N0=0.0003162277571391314
packet_number=27,correct=True,payload=[0,1,2,3,4,5,6,7,8,9,10,11,12,13,14,15,16,17,18,19,20,21,22,23,24,25,26,27,28,29,30,31,32,33,34,35,36,37,38,39,40,41,42,43,44,45,46,47,48,49,50,51,52,53,54,55,56,57,58,59,60,61,62,63,64,65,66,67,68,69,70,71,72,73,74,75,76,77,78,79,80,81,82,83,84,85,86,87,88,89,90,91,92,93,94,95,96,97,98,99]
CFO=-1047.946437981209,STO=5
EsN0dB=17.34,GRXdB=10,N0=0.0003162277571391314
packet_number=28,correct=True,payload=[0,1,2,3,4,5,6,7,8,9,10,11,12,13,14,15,16,17,18,19,20,21,22,23,24,25,26,27,28,29,30,31,32,33,34,35,36,37,38,39,40,41,42,43,44,45,46,47,48,49,50,51,52,53,54,55,56,57,58,59,60,61,62,63,64,65,66,67,68,69,70,71,72,73,74,75,76,77,78,79,80,81,82,83,84,85,86,87,88,89,90,91,92,93,94,95,96,97,98,99]
CFO=-868.6217778871303,STO=5
EsN0dB=17.39,GRXdB=10,N0=0.0003162277571391314
packet_number=29,correct=True,payload=[0,1,2,3,4,5,6,7,8,9,10,11,12,13,14,15,16,17,18,19,20,21,22,23,24,25,26,27,28,29,30,31,32,33,34,35,36,37,38,39,40,41,42,43,44,45,46,47,48,49,50,51,52,53,54,55,56,57,58,59,60,61,62,63,64,65,66,67,68,69,70,71,72,73,74,75,76,77,78,79,80,81,82,83,84,85,86,87,88,89,90,91,92,93,94,95,96,97,98,99]
CFO=-942.2198528163352,STO=4
EsN0dB=17.35,GRXdB=10,N0=0.0003162277571391314
packet_number=30,correct=True,payload=[0,1,2,3,4,5,6,7,8,9,10,11,12,13,14,15,16,17,18,19,20,21,22,23,24,25,26,27,28,29,30,31,32,33,34,35,36,37,38,39,40,41,42,43,44,45,46,47,48,49,50,51,52,53,54,55,56,57,58,59,60,61,62,63,64,65,66,67,68,69,70,71,72,73,74,75,76,77,78,79,80,81,82,83,84,85,86,87,88,89,90,91,92,93,94,95,96,97,98,99]
CFO=-966.5162942240496,STO=5
EsN0dB=17.28,GRXdB=10,N0=0.0003162277571391314
packet_number=31,correct=True,payload=[0,1,2,3,4,5,6,7,8,9,10,11,12,13,14,15,16,17,18,19,20,21,22,23,24,25,26,27,28,29,30,31,32,33,34,35,36,37,38,39,40,41,42,43,44,45,46,47,48,49,50,51,52,53,54,55,56,57,58,59,60,61,62,63,64,65,66,67,68,69,70,71,72,73,74,75,76,77,78,79,80,81,82,83,84,85,86,87,88,89,90,91,92,93,94,95,96,97,98,99]
CFO=-928.981736692185,STO=4
EsN0dB=17.32,GRXdB=10,N0=0.0003162277571391314
packet_number=32,correct=True,payload=[0,1,2,3,4,5,6,7,8,9,10,11,12,13,14,15,16,17,18,19,20,21,22,23,24,25,26,27,28,29,30,31,32,33,34,35,36,37,38,39,40,41,42,43,44,45,46,47,48,49,50,51,52,53,54,55,56,57,58,59,60,61,62,63,64,65,66,67,68,69,70,71,72,73,74,75,76,77,78,79,80,81,82,83,84,85,86,87,88,89,90,91,92,93,94,95,96,97,98,99]
CFO=-877.1552454814149,STO=5
EsN0dB=17.39,GRXdB=10,N0=0.0003162277571391314
packet_number=33,correct=True,payload=[0,1,2,3,4,5,6,7,8,9,10,11,12,13,14,15,16,17,18,19,20,21,22,23,24,25,26,27,28,29,30,31,32,33,34,35,36,37,38,39,40,41,42,43,44,45,46,47,48,49,50,51,52,53,54,55,56,57,58,59,60,61,62,63,64,65,66,67,68,69,70,71,72,73,74,75,76,77,78,79,80,81,82,83,84,85,86,87,88,89,90,91,92,93,94,95,96,97,98,99]
CFO=-874.9367976674014,STO=5
EsN0dB=17.32,GRXdB=10,N0=0.0003162277571391314
packet_number=34,correct=True,payload=[0,1,2,3,4,5,6,7,8,9,10,11,12,13,14,15,16,17,18,19,20,21,22,23,24,25,26,27,28,29,30,31,32,33,34,35,36,37,38,39,40,41,42,43,44,45,46,47,48,49,50,51,52,53,54,55,56,57,58,59,60,61,62,63,64,65,66,67,68,69,70,71,72,73,74,75,76,77,78,79,80,81,82,83,84,85,86,87,88,89,90,91,92,93,94,95,96,97,98,99]
CFO=-953.0879170144257,STO=4
EsN0dB=17.38,GRXdB=10,N0=0.0003162277571391314
packet_number=35,correct=True,payload=[0,1,2,3,4,5,6,7,8,9,10,11,12,13,14,15,16,17,18,19,20,21,22,23,24,25,26,27,28,29,30,31,32,33,34,35,36,37,38,39,40,41,42,43,44,45,46,47,48,49,50,51,52,53,54,55,56,57,58,59,60,61,62,63,64,65,66,67,68,69,70,71,72,73,74,75,76,77,78,79,80,81,82,83,84,85,86,87,88,89,90,91,92,93,94,95,96,97,98,99]
CFO=-924.7523554920662,STO=4
EsN0dB=17.33,GRXdB=10,N0=0.0003162277571391314
packet_number=36,correct=True,payload=[0,1,2,3,4,5,6,7,8,9,10,11,12,13,14,15,16,17,18,19,20,21,22,23,24,25,26,27,28,29,30,31,32,33,34,35,36,37,38,39,40,41,42,43,44,45,46,47,48,49,50,51,52,53,54,55,56,57,58,59,60,61,62,63,64,65,66,67,68,69,70,71,72,73,74,75,76,77,78,79,80,81,82,83,84,85,86,87,88,89,90,91,92,93,94,95,96,97,98,99]
CFO=-961.4751165819532,STO=4
EsN0dB=17.32,GRXdB=10,N0=0.0003162277571391314
packet_number=37,correct=True,payload=[0,1,2,3,4,5,6,7,8,9,10,11,12,13,14,15,16,17,18,19,20,21,22,23,24,25,26,27,28,29,30,31,32,33,34,35,36,37,38,39,40,41,42,43,44,45,46,47,48,49,50,51,52,53,54,55,56,57,58,59,60,61,62,63,64,65,66,67,68,69,70,71,72,73,74,75,76,77,78,79,80,81,82,83,84,85,86,87,88,89,90,91,92,93,94,95,96,97,98,99]
CFO=-864.298066557068,STO=4
EsN0dB=17.34,GRXdB=10,N0=0.0003162277571391314
packet_number=38,correct=True,payload=[0,1,2,3,4,5,6,7,8,9,10,11,12,13,14,15,16,17,18,19,20,21,22,23,24,25,26,27,28,29,30,31,32,33,34,35,36,37,38,39,40,41,42,43,44,45,46,47,48,49,50,51,52,53,54,55,56,57,58,59,60,61,62,63,64,65,66,67,68,69,70,71,72,73,74,75,76,77,78,79,80,81,82,83,84,85,86,87,88,89,90,91,92,93,94,95,96,97,98,99]
CFO=-868.1142568863029,STO=6
EsN0dB=17.41,GRXdB=10,N0=0.0003162277571391314
packet_number=39,correct=True,payload=[0,1,2,3,4,5,6,7,8,9,10,11,12,13,14,15,16,17,18,19,20,21,22,23,24,25,26,27,28,29,30,31,32,33,34,35,36,37,38,39,40,41,42,43,44,45,46,47,48,49,50,51,52,53,54,55,56,57,58,59,60,61,62,63,64,65,66,67,68,69,70,71,72,73,74,75,76,77,78,79,80,81,82,83,84,85,86,87,88,89,90,91,92,93,94,95,96,97,98,99]
CFO=-871.8306624206323,STO=5
EsN0dB=17.38,GRXdB=10,N0=0.0003162277571391314
packet_number=40,correct=True,payload=[0,1,2,3,4,5,6,7,8,9,10,11,12,13,14,15,16,17,18,19,20,21,22,23,24,25,26,27,28,29,30,31,32,33,34,35,36,37,38,39,40,41,42,43,44,45,46,47,48,49,50,51,52,53,54,55,56,57,58,59,60,61,62,63,64,65,66,67,68,69,70,71,72,73,74,75,76,77,78,79,80,81,82,83,84,85,86,87,88,89,90,91,92,93,94,95,96,97,98,99]
CFO=-854.4829898560212,STO=4
EsN0dB=17.40,GRXdB=10,N0=0.0003162277571391314
packet_number=41,correct=True,payload=[0,1,2,3,4,5,6,7,8,9,10,11,12,13,14,15,16,17,18,19,20,21,22,23,24,25,26,27,28,29,30,31,32,33,34,35,36,37,38,39,40,41,42,43,44,45,46,47,48,49,50,51,52,53,54,55,56,57,58,59,60,61,62,63,64,65,66,67,68,69,70,71,72,73,74,75,76,77,78,79,80,81,82,83,84,85,86,87,88,89,90,91,92,93,94,95,96,97,98,99]
CFO=-875.6660033670713,STO=4
EsN0dB=17.43,GRXdB=10,N0=0.0003162277571391314
packet_number=42,correct=True,payload=[0,1,2,3,4,5,6,7,8,9,10,11,12,13,14,15,16,17,18,19,20,21,22,23,24,25,26,27,28,29,30,31,32,33,34,35,36,37,38,39,40,41,42,43,44,45,46,47,48,49,50,51,52,53,54,55,56,57,58,59,60,61,62,63,64,65,66,67,68,69,70,71,72,73,74,75,76,77,78,79,80,81,82,83,84,85,86,87,88,89,90,91,92,93,94,95,96,97,98,99]
CFO=-936.628584070772,STO=5
EsN0dB=17.30,GRXdB=10,N0=0.0003162277571391314
packet_number=43,correct=True,payload=[0,1,2,3,4,5,6,7,8,9,10,11,12,13,14,15,16,17,18,19,20,21,22,23,24,25,26,27,28,29,30,31,32,33,34,35,36,37,38,39,40,41,42,43,44,45,46,47,48,49,50,51,52,53,54,55,56,57,58,59,60,61,62,63,64,65,66,67,68,69,70,71,72,73,74,75,76,77,78,79,80,81,82,83,84,85,86,87,88,89,90,91,92,93,94,95,96,97,98,99]
CFO=-996.5353906551115,STO=4
EsN0dB=17.37,GRXdB=10,N0=0.0003162277571391314
packet_number=44,correct=True,payload=[0,1,2,3,4,5,6,7,8,9,10,11,12,13,14,15,16,17,18,19,20,21,22,23,24,25,26,27,28,29,30,31,32,33,34,35,36,37,38,39,40,41,42,43,44,45,46,47,48,49,50,51,52,53,54,55,56,57,58,59,60,61,62,63,64,65,66,67,68,69,70,71,72,73,74,75,76,77,78,79,80,81,82,83,84,85,86,87,88,89,90,91,92,93,94,95,96,97,98,99]
CFO=-946.6164906453482,STO=4
EsN0dB=17.29,GRXdB=10,N0=0.0003162277571391314
packet_number=45,correct=True,payload=[0,1,2,3,4,5,6,7,8,9,10,11,12,13,14,15,16,17,18,19,20,21,22,23,24,25,26,27,28,29,30,31,32,33,34,35,36,37,38,39,40,41,42,43,44,45,46,47,48,49,50,51,52,53,54,55,56,57,58,59,60,61,62,63,64,65,66,67,68,69,70,71,72,73,74,75,76,77,78,79,80,81,82,83,84,85,86,87,88,89,90,91,92,93,94,95,96,97,98,99]
CFO=-865.7922890176814,STO=5
EsN0dB=17.32,GRXdB=10,N0=0.0003162277571391314
packet_number=46,correct=True,payload=[0,1,2,3,4,5,6,7,8,9,10,11,12,13,14,15,16,17,18,19,20,21,22,23,24,25,26,27,28,29,30,31,32,33,34,35,36,37,38,39,40,41,42,43,44,45,46,47,48,49,50,51,52,53,54,55,56,57,58,59,60,61,62,63,64,65,66,67,68,69,70,71,72,73,74,75,76,77,78,79,80,81,82,83,84,85,86,87,88,89,90,91,92,93,94,95,96,97,98,99]
CFO=-905.0275755108464,STO=4
EsN0dB=17.38,GRXdB=10,N0=0.0003162277571391314
packet_number=47,correct=True,payload=[0,1,2,3,4,5,6,7,8,9,10,11,12,13,14,15,16,17,18,19,20,21,22,23,24,25,26,27,28,29,30,31,32,33,34,35,36,37,38,39,40,41,42,43,44,45,46,47,48,49,50,51,52,53,54,55,56,57,58,59,60,61,62,63,64,65,66,67,68,69,70,71,72,73,74,75,76,77,78,79,80,81,82,83,84,85,86,87,88,89,90,91,92,93,94,95,96,97,98,99]
CFO=-981.2979619528189,STO=5
EsN0dB=17.33,GRXdB=10,N0=0.0003162277571391314
packet_number=48,correct=True,payload=[0,1,2,3,4,5,6,7,8,9,10,11,12,13,14,15,16,17,18,19,20,21,22,23,24,25,26,27,28,29,30,31,32,33,34,35,36,37,38,39,40,41,42,43,44,45,46,47,48,49,50,51,52,53,54,55,56,57,58,59,60,61,62,63,64,65,66,67,68,69,70,71,72,73,74,75,76,77,78,79,80,81,82,83,84,85,86,87,88,89,90,91,92,93,94,95,96,97,98,99]
CFO=-1007.9115687523947,STO=4
EsN0dB=17.36,GRXdB=10,N0=0.0003162277571391314
packet_number=49,correct=True,payload=[0,1,2,3,4,5,6,7,8,9,10,11,12,13,14,15,16,17,18,19,20,21,22,23,24,25,26,27,28,29,30,31,32,33,34,35,36,37,38,39,40,41,42,43,44,45,46,47,48,49,50,51,52,53,54,55,56,57,58,59,60,61,62,63,64,65,66,67,68,69,70,71,72,73,74,75,76,77,78,79,80,81,82,83,84,85,86,87,88,89,90,91,92,93,94,95,96,97,98,99]
CFO=-822.6527667880115,STO=5
EsN0dB=17.31,GRXdB=10,N0=0.0003162277571391314
packet_number=50,correct=True,payload=[0,1,2,3,4,5,6,7,8,9,10,11,12,13,14,15,16,17,18,19,20,21,22,23,24,25,26,27,28,29,30,31,32,33,34,35,36,37,38,39,40,41,42,43,44,45,46,47,48,49,50,51,52,53,54,55,56,57,58,59,60,61,62,63,64,65,66,67,68,69,70,71,72,73,74,75,76,77,78,79,80,81,82,83,84,85,86,87,88,89,90,91,92,93,94,95,96,97,98,99]
CFO=-960.5492464944626,STO=5
EsN0dB=17.38,GRXdB=10,N0=0.0003162277571391314
packet_number=51,correct=True,payload=[0,1,2,3,4,5,6,7,8,9,10,11,12,13,14,15,16,17,18,19,20,21,22,23,24,25,26,27,28,29,30,31,32,33,34,35,36,37,38,39,40,41,42,43,44,45,46,47,48,49,50,51,52,53,54,55,56,57,58,59,60,61,62,63,64,65,66,67,68,69,70,71,72,73,74,75,76,77,78,79,80,81,82,83,84,85,86,87,88,89,90,91,92,93,94,95,96,97,98,99]
CFO=-874.5314330549414,STO=5
EsN0dB=17.39,GRXdB=10,N0=0.0003162277571391314
packet_number=52,correct=True,payload=[0,1,2,3,4,5,6,7,8,9,10,11,12,13,14,15,16,17,18,19,20,21,22,23,24,25,26,27,28,29,30,31,32,33,34,35,36,37,38,39,40,41,42,43,44,45,46,47,48,49,50,51,52,53,54,55,56,57,58,59,60,61,62,63,64,65,66,67,68,69,70,71,72,73,74,75,76,77,78,79,80,81,82,83,84,85,86,87,88,89,90,91,92,93,94,95,96,97,98,99]
CFO=-831.7167005498666,STO=5
EsN0dB=17.35,GRXdB=10,N0=0.0003162277571391314
packet_number=53,correct=True,payload=[0,1,2,3,4,5,6,7,8,9,10,11,12,13,14,15,16,17,18,19,20,21,22,23,24,25,26,27,28,29,30,31,32,33,34,35,36,37,38,39,40,41,42,43,44,45,46,47,48,49,50,51,52,53,54,55,56,57,58,59,60,61,62,63,64,65,66,67,68,69,70,71,72,73,74,75,76,77,78,79,80,81,82,83,84,85,86,87,88,89,90,91,92,93,94,95,96,97,98,99]
CFO=-927.1696614178526,STO=5
EsN0dB=17.31,GRXdB=10,N0=0.0003162277571391314
packet_number=54,correct=True,payload=[0,1,2,3,4,5,6,7,8,9,10,11,12,13,14,15,16,17,18,19,20,21,22,23,24,25,26,27,28,29,30,31,32,33,34,35,36,37,38,39,40,41,42,43,44,45,46,47,48,49,50,51,52,53,54,55,56,57,58,59,60,61,62,63,64,65,66,67,68,69,70,71,72,73,74,75,76,77,78,79,80,81,82,83,84,85,86,87,88,89,90,91,92,93,94,95,96,97,98,99]
CFO=-825.5244107312442,STO=6
EsN0dB=17.40,GRXdB=10,N0=0.0003162277571391314
packet_number=55,correct=True,payload=[0,1,2,3,4,5,6,7,8,9,10,11,12,13,14,15,16,17,18,19,20,21,22,23,24,25,26,27,28,29,30,31,32,33,34,35,36,37,38,39,40,41,42,43,44,45,46,47,48,49,50,51,52,53,54,55,56,57,58,59,60,61,62,63,64,65,66,67,68,69,70,71,72,73,74,75,76,77,78,79,80,81,82,83,84,85,86,87,88,89,90,91,92,93,94,95,96,97,98,99]
CFO=-880.5149040692515,STO=4
EsN0dB=17.35,GRXdB=10,N0=0.0003162277571391314
packet_number=56,correct=True,payload=[0,1,2,3,4,5,6,7,8,9,10,11,12,13,14,15,16,17,18,19,20,21,22,23,24,25,26,27,28,29,30,31,32,33,34,35,36,37,38,39,40,41,42,43,44,45,46,47,48,49,50,51,52,53,54,55,56,57,58,59,60,61,62,63,64,65,66,67,68,69,70,71,72,73,74,75,76,77,78,79,80,81,82,83,84,85,86,87,88,89,90,91,92,93,94,95,96,97,98,99]
CFO=-839.7696833087886,STO=4
EsN0dB=17.38,GRXdB=10,N0=0.0003162277571391314
packet_number=57,correct=True,payload=[0,1,2,3,4,5,6,7,8,9,10,11,12,13,14,15,16,17,18,19,20,21,22,23,24,25,26,27,28,29,30,31,32,33,34,35,36,37,38,39,40,41,42,43,44,45,46,47,48,49,50,51,52,53,54,55,56,57,58,59,60,61,62,63,64,65,66,67,68,69,70,71,72,73,74,75,76,77,78,79,80,81,82,83,84,85,86,87,88,89,90,91,92,93,94,95,96,97,98,99]
CFO=-858.2282102509115,STO=5
EsN0dB=17.44,GRXdB=10,N0=0.0003162277571391314
packet_number=58,correct=True,payload=[0,1,2,3,4,5,6,7,8,9,10,11,12,13,14,15,16,17,18,19,20,21,22,23,24,25,26,27,28,29,30,31,32,33,34,35,36,37,38,39,40,41,42,43,44,45,46,47,48,49,50,51,52,53,54,55,56,57,58,59,60,61,62,63,64,65,66,67,68,69,70,71,72,73,74,75,76,77,78,79,80,81,82,83,84,85,86,87,88,89,90,91,92,93,94,95,96,97,98,99]
CFO=-782.1112659059181,STO=5
EsN0dB=17.32,GRXdB=10,N0=0.0003162277571391314
packet_number=59,correct=True,payload=[0,1,2,3,4,5,6,7,8,9,10,11,12,13,14,15,16,17,18,19,20,21,22,23,24,25,26,27,28,29,30,31,32,33,34,35,36,37,38,39,40,41,42,43,44,45,46,47,48,49,50,51,52,53,54,55,56,57,58,59,60,61,62,63,64,65,66,67,68,69,70,71,72,73,74,75,76,77,78,79,80,81,82,83,84,85,86,87,88,89,90,91,92,93,94,95,96,97,98,99]
CFO=-892.7088075921667,STO=5
EsN0dB=17.37,GRXdB=10,N0=0.0003162277571391314
packet_number=60,correct=True,payload=[0,1,2,3,4,5,6,7,8,9,10,11,12,13,14,15,16,17,18,19,20,21,22,23,24,25,26,27,28,29,30,31,32,33,34,35,36,37,38,39,40,41,42,43,44,45,46,47,48,49,50,51,52,53,54,55,56,57,58,59,60,61,62,63,64,65,66,67,68,69,70,71,72,73,74,75,76,77,78,79,80,81,82,83,84,85,86,87,88,89,90,91,92,93,94,95,96,97,98,99]
CFO=-927.0168715090755,STO=5
EsN0dB=17.33,GRXdB=10,N0=0.0003162277571391314
packet_number=61,correct=True,payload=[0,1,2,3,4,5,6,7,8,9,10,11,12,13,14,15,16,17,18,19,20,21,22,23,24,25,26,27,28,29,30,31,32,33,34,35,36,37,38,39,40,41,42,43,44,45,46,47,48,49,50,51,52,53,54,55,56,57,58,59,60,61,62,63,64,65,66,67,68,69,70,71,72,73,74,75,76,77,78,79,80,81,82,83,84,85,86,87,88,89,90,91,92,93,94,95,96,97,98,99]
CFO=-1037.3679453448055,STO=6
EsN0dB=17.41,GRXdB=10,N0=0.0003162277571391314
packet_number=62,correct=True,payload=[0,1,2,3,4,5,6,7,8,9,10,11,12,13,14,15,16,17,18,19,20,21,22,23,24,25,26,27,28,29,30,31,32,33,34,35,36,37,38,39,40,41,42,43,44,45,46,47,48,49,50,51,52,53,54,55,56,57,58,59,60,61,62,63,64,65,66,67,68,69,70,71,72,73,74,75,76,77,78,79,80,81,82,83,84,85,86,87,88,89,90,91,92,93,94,95,96,97,98,99]
CFO=-934.8389203546537,STO=5
EsN0dB=17.38,GRXdB=10,N0=0.0003162277571391314
packet_number=63,correct=True,payload=[0,1,2,3,4,5,6,7,8,9,10,11,12,13,14,15,16,17,18,19,20,21,22,23,24,25,26,27,28,29,30,31,32,33,34,35,36,37,38,39,40,41,42,43,44,45,46,47,48,49,50,51,52,53,54,55,56,57,58,59,60,61,62,63,64,65,66,67,68,69,70,71,72,73,74,75,76,77,78,79,80,81,82,83,84,85,86,87,88,89,90,91,92,93,94,95,96,97,98,99]
CFO=-893.7925072245408,STO=4
EsN0dB=17.38,GRXdB=10,N0=0.0003162277571391314
packet_number=64,correct=True,payload=[0,1,2,3,4,5,6,7,8,9,10,11,12,13,14,15,16,17,18,19,20,21,22,23,24,25,26,27,28,29,30,31,32,33,34,35,36,37,38,39,40,41,42,43,44,45,46,47,48,49,50,51,52,53,54,55,56,57,58,59,60,61,62,63,64,65,66,67,68,69,70,71,72,73,74,75,76,77,78,79,80,81,82,83,84,85,86,87,88,89,90,91,92,93,94,95,96,97,98,99]
CFO=-803.7665229650512,STO=4
EsN0dB=17.36,GRXdB=10,N0=0.0003162277571391314
packet_number=65,correct=True,payload=[0,1,2,3,4,5,6,7,8,9,10,11,12,13,14,15,16,17,18,19,20,21,22,23,24,25,26,27,28,29,30,31,32,33,34,35,36,37,38,39,40,41,42,43,44,45,46,47,48,49,50,51,52,53,54,55,56,57,58,59,60,61,62,63,64,65,66,67,68,69,70,71,72,73,74,75,76,77,78,79,80,81,82,83,84,85,86,87,88,89,90,91,92,93,94,95,96,97,98,99]
CFO=-887.0548694893753,STO=6
EsN0dB=17.42,GRXdB=10,N0=0.0003162277571391314
packet_number=66,correct=True,payload=[0,1,2,3,4,5,6,7,8,9,10,11,12,13,14,15,16,17,18,19,20,21,22,23,24,25,26,27,28,29,30,31,32,33,34,35,36,37,38,39,40,41,42,43,44,45,46,47,48,49,50,51,52,53,54,55,56,57,58,59,60,61,62,63,64,65,66,67,68,69,70,71,72,73,74,75,76,77,78,79,80,81,82,83,84,85,86,87,88,89,90,91,92,93,94,95,96,97,98,99]
CFO=-954.8079744624399,STO=4
EsN0dB=17.37,GRXdB=10,N0=0.0003162277571391314
packet_number=67,correct=True,payload=[0,1,2,3,4,5,6,7,8,9,10,11,12,13,14,15,16,17,18,19,20,21,22,23,24,25,26,27,28,29,30,31,32,33,34,35,36,37,38,39,40,41,42,43,44,45,46,47,48,49,50,51,52,53,54,55,56,57,58,59,60,61,62,63,64,65,66,67,68,69,70,71,72,73,74,75,76,77,78,79,80,81,82,83,84,85,86,87,88,89,90,91,92,93,94,95,96,97,98,99]
CFO=-932.4359625693113,STO=4
EsN0dB=17.38,GRXdB=10,N0=0.0003162277571391314
packet_number=68,correct=True,payload=[0,1,2,3,4,5,6,7,8,9,10,11,12,13,14,15,16,17,18,19,20,21,22,23,24,25,26,27,28,29,30,31,32,33,34,35,36,37,38,39,40,41,42,43,44,45,46,47,48,49,50,51,52,53,54,55,56,57,58,59,60,61,62,63,64,65,66,67,68,69,70,71,72,73,74,75,76,77,78,79,80,81,82,83,84,85,86,87,88,89,90,91,92,93,94,95,96,97,98,99]
CFO=-929.5803861717824,STO=5
EsN0dB=17.39,GRXdB=10,N0=0.0003162277571391314
packet_number=69,correct=True,payload=[0,1,2,3,4,5,6,7,8,9,10,11,12,13,14,15,16,17,18,19,20,21,22,23,24,25,26,27,28,29,30,31,32,33,34,35,36,37,38,39,40,41,42,43,44,45,46,47,48,49,50,51,52,53,54,55,56,57,58,59,60,61,62,63,64,65,66,67,68,69,70,71,72,73,74,75,76,77,78,79,80,81,82,83,84,85,86,87,88,89,90,91,92,93,94,95,96,97,98,99]
CFO=-925.1787679964997,STO=4
EsN0dB=17.36,GRXdB=10,N0=0.0003162277571391314
packet_number=70,correct=True,payload=[0,1,2,3,4,5,6,7,8,9,10,11,12,13,14,15,16,17,18,19,20,21,22,23,24,25,26,27,28,29,30,31,32,33,34,35,36,37,38,39,40,41,42,43,44,45,46,47,48,49,50,51,52,53,54,55,56,57,58,59,60,61,62,63,64,65,66,67,68,69,70,71,72,73,74,75,76,77,78,79,80,81,82,83,84,85,86,87,88,89,90,91,92,93,94,95,96,97,98,99]
CFO=-866.9543698139682,STO=0
EsN0dB=17.36,GRXdB=10,N0=0.0003162277571391314
packet_number=71,correct=False,payload=[0,1,6,3,4,5,6,7,8,25,10,11,8,15,14,15,16,49,18,51,20,21,22,23,56,25,30,31,28,31,30,31,32,33,34,39,36,37,102,39,0,43,42,11,44,40,46,47,48,49,34,51,52,53,54,55,120,57,58,59,60,61,62,63,64,64,194,67,68,69,70,199,72,73,74,207,76,79,14,223,80,81,114,83,20,244,84,119,216,89,94,27,24,125,94,30,96,97,98,99]
CFO=-840.0366654427518,STO=5
EsN0dB=17.38,GRXdB=10,N0=0.0003162277571391314
packet_number=72,correct=True,payload=[0,1,2,3,4,5,6,7,8,9,10,11,12,13,14,15,16,17,18,19,20,21,22,23,24,25,26,27,28,29,30,31,32,33,34,35,36,37,38,39,40,41,42,43,44,45,46,47,48,49,50,51,52,53,54,55,56,57,58,59,60,61,62,63,64,65,66,67,68,69,70,71,72,73,74,75,76,77,78,79,80,81,82,83,84,85,86,87,88,89,90,91,92,93,94,95,96,97,98,99]
CFO=-999.8957014311501,STO=4
EsN0dB=17.41,GRXdB=10,N0=0.0003162277571391314
packet_number=73,correct=True,payload=[0,1,2,3,4,5,6,7,8,9,10,11,12,13,14,15,16,17,18,19,20,21,22,23,24,25,26,27,28,29,30,31,32,33,34,35,36,37,38,39,40,41,42,43,44,45,46,47,48,49,50,51,52,53,54,55,56,57,58,59,60,61,62,63,64,65,66,67,68,69,70,71,72,73,74,75,76,77,78,79,80,81,82,83,84,85,86,87,88,89,90,91,92,93,94,95,96,97,98,99]
CFO=-861.9124806938332,STO=5
EsN0dB=17.32,GRXdB=10,N0=0.0003162277571391314
packet_number=74,correct=True,payload=[0,1,2,3,4,5,6,7,8,9,10,11,12,13,14,15,16,17,18,19,20,21,22,23,24,25,26,27,28,29,30,31,32,33,34,35,36,37,38,39,40,41,42,43,44,45,46,47,48,49,50,51,52,53,54,55,56,57,58,59,60,61,62,63,64,65,66,67,68,69,70,71,72,73,74,75,76,77,78,79,80,81,82,83,84,85,86,87,88,89,90,91,92,93,94,95,96,97,98,99]
CFO=-925.6473948645532,STO=5
EsN0dB=17.37,GRXdB=10,N0=0.0003162277571391314
packet_number=75,correct=True,payload=[0,1,2,3,4,5,6,7,8,9,10,11,12,13,14,15,16,17,18,19,20,21,22,23,24,25,26,27,28,29,30,31,32,33,34,35,36,37,38,39,40,41,42,43,44,45,46,47,48,49,50,51,52,53,54,55,56,57,58,59,60,61,62,63,64,65,66,67,68,69,70,71,72,73,74,75,76,77,78,79,80,81,82,83,84,85,86,87,88,89,90,91,92,93,94,95,96,97,98,99]
CFO=-889.7370231150093,STO=4
EsN0dB=17.39,GRXdB=10,N0=0.0003162277571391314
packet_number=76,correct=True,payload=[0,1,2,3,4,5,6,7,8,9,10,11,12,13,14,15,16,17,18,19,20,21,22,23,24,25,26,27,28,29,30,31,32,33,34,35,36,37,38,39,40,41,42,43,44,45,46,47,48,49,50,51,52,53,54,55,56,57,58,59,60,61,62,63,64,65,66,67,68,69,70,71,72,73,74,75,76,77,78,79,80,81,82,83,84,85,86,87,88,89,90,91,92,93,94,95,96,97,98,99]
CFO=-877.6465210670289,STO=5
EsN0dB=17.33,GRXdB=10,N0=0.0003162277571391314
packet_number=77,correct=True,payload=[0,1,2,3,4,5,6,7,8,9,10,11,12,13,14,15,16,17,18,19,20,21,22,23,24,25,26,27,28,29,30,31,32,33,34,35,36,37,38,39,40,41,42,43,44,45,46,47,48,49,50,51,52,53,54,55,56,57,58,59,60,61,62,63,64,65,66,67,68,69,70,71,72,73,74,75,76,77,78,79,80,81,82,83,84,85,86,87,88,89,90,91,92,93,94,95,96,97,98,99]
CFO=-1030.4551061426487,STO=4
EsN0dB=17.39,GRXdB=10,N0=0.0003162277571391314
packet_number=78,correct=True,payload=[0,1,2,3,4,5,6,7,8,9,10,11,12,13,14,15,16,17,18,19,20,21,22,23,24,25,26,27,28,29,30,31,32,33,34,35,36,37,38,39,40,41,42,43,44,45,46,47,48,49,50,51,52,53,54,55,56,57,58,59,60,61,62,63,64,65,66,67,68,69,70,71,72,73,74,75,76,77,78,79,80,81,82,83,84,85,86,87,88,89,90,91,92,93,94,95,96,97,98,99]
CFO=-963.1443033502117,STO=4
EsN0dB=17.33,GRXdB=10,N0=0.0003162277571391314
packet_number=79,correct=True,payload=[0,1,2,3,4,5,6,7,8,9,10,11,12,13,14,15,16,17,18,19,20,21,22,23,24,25,26,27,28,29,30,31,32,33,34,35,36,37,38,39,40,41,42,43,44,45,46,47,48,49,50,51,52,53,54,55,56,57,58,59,60,61,62,63,64,65,66,67,68,69,70,71,72,73,74,75,76,77,78,79,80,81,82,83,84,85,86,87,88,89,90,91,92,93,94,95,96,97,98,99]
CFO=-945.2280412531316,STO=5
EsN0dB=17.34,GRXdB=10,N0=0.0003162277571391314
packet_number=80,correct=True,payload=[0,1,2,3,4,5,6,7,8,9,10,11,12,13,14,15,16,17,18,19,20,21,22,23,24,25,26,27,28,29,30,31,32,33,34,35,36,37,38,39,40,41,42,43,44,45,46,47,48,49,50,51,52,53,54,55,56,57,58,59,60,61,62,63,64,65,66,67,68,69,70,71,72,73,74,75,76,77,78,79,80,81,82,83,84,85,86,87,88,89,90,91,92,93,94,95,96,97,98,99]
CFO=-980.6372360143587,STO=4
EsN0dB=17.30,GRXdB=10,N0=0.0003162277571391314
packet_number=81,correct=True,payload=[0,1,2,3,4,5,6,7,8,9,10,11,12,13,14,15,16,17,18,19,20,21,22,23,24,25,26,27,28,29,30,31,32,33,34,35,36,37,38,39,40,41,42,43,44,45,46,47,48,49,50,51,52,53,54,55,56,57,58,59,60,61,62,63,64,65,66,67,68,69,70,71,72,73,74,75,76,77,78,79,80,81,82,83,84,85,86,87,88,89,90,91,92,93,94,95,96,97,98,99]
CFO=-921.4571449565543,STO=5
EsN0dB=17.37,GRXdB=10,N0=0.0003162277571391314
packet_number=82,correct=True,payload=[0,1,2,3,4,5,6,7,8,9,10,11,12,13,14,15,16,17,18,19,20,21,22,23,24,25,26,27,28,29,30,31,32,33,34,35,36,37,38,39,40,41,42,43,44,45,46,47,48,49,50,51,52,53,54,55,56,57,58,59,60,61,62,63,64,65,66,67,68,69,70,71,72,73,74,75,76,77,78,79,80,81,82,83,84,85,86,87,88,89,90,91,92,93,94,95,96,97,98,99]
CFO=-1011.1604146357282,STO=5
EsN0dB=17.35,GRXdB=10,N0=0.0003162277571391314
packet_number=83,correct=True,payload=[0,1,2,3,4,5,6,7,8,9,10,11,12,13,14,15,16,17,18,19,20,21,22,23,24,25,26,27,28,29,30,31,32,33,34,35,36,37,38,39,40,41,42,43,44,45,46,47,48,49,50,51,52,53,54,55,56,57,58,59,60,61,62,63,64,65,66,67,68,69,70,71,72,73,74,75,76,77,78,79,80,81,82,83,84,85,86,87,88,89,90,91,92,93,94,95,96,97,98,99]
CFO=-956.3992543854779,STO=5
EsN0dB=17.38,GRXdB=10,N0=0.0003162277571391314
packet_number=84,correct=True,payload=[0,1,2,3,4,5,6,7,8,9,10,11,12,13,14,15,16,17,18,19,20,21,22,23,24,25,26,27,28,29,30,31,32,33,34,35,36,37,38,39,40,41,42,43,44,45,46,47,48,49,50,51,52,53,54,55,56,57,58,59,60,61,62,63,64,65,66,67,68,69,70,71,72,73,74,75,76,77,78,79,80,81,82,83,84,85,86,87,88,89,90,91,92,93,94,95,96,97,98,99]
CFO=-824.5448240518435,STO=5
EsN0dB=17.30,GRXdB=10,N0=0.0003162277571391314
packet_number=85,correct=True,payload=[0,1,2,3,4,5,6,7,8,9,10,11,12,13,14,15,16,17,18,19,20,21,22,23,24,25,26,27,28,29,30,31,32,33,34,35,36,37,38,39,40,41,42,43,44,45,46,47,48,49,50,51,52,53,54,55,56,57,58,59,60,61,62,63,64,65,66,67,68,69,70,71,72,73,74,75,76,77,78,79,80,81,82,83,84,85,86,87,88,89,90,91,92,93,94,95,96,97,98,99]
CFO=-822.5742077545891,STO=4
EsN0dB=17.32,GRXdB=10,N0=0.0003162277571391314
packet_number=86,correct=True,payload=[0,1,2,3,4,5,6,7,8,9,10,11,12,13,14,15,16,17,18,19,20,21,22,23,24,25,26,27,28,29,30,31,32,33,34,35,36,37,38,39,40,41,42,43,44,45,46,47,48,49,50,51,52,53,54,55,56,57,58,59,60,61,62,63,64,65,66,67,68,69,70,71,72,73,74,75,76,77,78,79,80,81,82,83,84,85,86,87,88,89,90,91,92,93,94,95,96,97,98,99]
CFO=-909.7659599577062,STO=5
EsN0dB=17.41,GRXdB=10,N0=0.0003162277571391314
packet_number=87,correct=True,payload=[0,1,2,3,4,5,6,7,8,9,10,11,12,13,14,15,16,17,18,19,20,21,22,23,24,25,26,27,28,29,30,31,32,33,34,35,36,37,38,39,40,41,42,43,44,45,46,47,48,49,50,51,52,53,54,55,56,57,58,59,60,61,62,63,64,65,66,67,68,69,70,71,72,73,74,75,76,77,78,79,80,81,82,83,84,85,86,87,88,89,90,91,92,93,94,95,96,97,98,99]
CFO=-923.5503133459478,STO=5
EsN0dB=17.31,GRXdB=10,N0=0.0003162277571391314
packet_number=88,correct=True,payload=[0,1,2,3,4,5,6,7,8,9,10,11,12,13,14,15,16,17,18,19,20,21,22,23,24,25,26,27,28,29,30,31,32,33,34,35,36,37,38,39,40,41,42,43,44,45,46,47,48,49,50,51,52,53,54,55,56,57,58,59,60,61,62,63,64,65,66,67,68,69,70,71,72,73,74,75,76,77,78,79,80,81,82,83,84,85,86,87,88,89,90,91,92,93,94,95,96,97,98,99]
CFO=-999.8704439607818,STO=4
EsN0dB=17.39,GRXdB=10,N0=0.0003162277571391314
packet_number=89,correct=True,payload=[0,1,2,3,4,5,6,7,8,9,10,11,12,13,14,15,16,17,18,19,20,21,22,23,24,25,26,27,28,29,30,31,32,33,34,35,36,37,38,39,40,41,42,43,44,45,46,47,48,49,50,51,52,53,54,55,56,57,58,59,60,61,62,63,64,65,66,67,68,69,70,71,72,73,74,75,76,77,78,79,80,81,82,83,84,85,86,87,88,89,90,91,92,93,94,95,96,97,98,99]
CFO=-954.5555183384303,STO=5
EsN0dB=17.33,GRXdB=10,N0=0.0003162277571391314
packet_number=90,correct=True,payload=[0,1,2,3,4,5,6,7,8,9,10,11,12,13,14,15,16,17,18,19,20,21,22,23,24,25,26,27,28,29,30,31,32,33,34,35,36,37,38,39,40,41,42,43,44,45,46,47,48,49,50,51,52,53,54,55,56,57,58,59,60,61,62,63,64,65,66,67,68,69,70,71,72,73,74,75,76,77,78,79,80,81,82,83,84,85,86,87,88,89,90,91,92,93,94,95,96,97,98,99]
CFO=-855.3971798457123,STO=5
EsN0dB=17.31,GRXdB=10,N0=0.0003162277571391314
packet_number=91,correct=True,payload=[0,1,2,3,4,5,6,7,8,9,10,11,12,13,14,15,16,17,18,19,20,21,22,23,24,25,26,27,28,29,30,31,32,33,34,35,36,37,38,39,40,41,42,43,44,45,46,47,48,49,50,51,52,53,54,55,56,57,58,59,60,61,62,63,64,65,66,67,68,69,70,71,72,73,74,75,76,77,78,79,80,81,82,83,84,85,86,87,88,89,90,91,92,93,94,95,96,97,98,99]
CFO=-1004.9257325839759,STO=4
EsN0dB=17.36,GRXdB=10,N0=0.0003162277571391314
packet_number=92,correct=True,payload=[0,1,2,3,4,5,6,7,8,9,10,11,12,13,14,15,16,17,18,19,20,21,22,23,24,25,26,27,28,29,30,31,32,33,34,35,36,37,38,39,40,41,42,43,44,45,46,47,48,49,50,51,52,53,54,55,56,57,58,59,60,61,62,63,64,65,66,67,68,69,70,71,72,73,74,75,76,77,78,79,80,81,82,83,84,85,86,87,88,89,90,91,92,93,94,95,96,97,98,99]
CFO=-835.0248955595819,STO=5
EsN0dB=17.36,GRXdB=10,N0=0.0003162277571391314
packet_number=93,correct=True,payload=[0,1,2,3,4,5,6,7,8,9,10,11,12,13,14,15,16,17,18,19,20,21,22,23,24,25,26,27,28,29,30,31,32,33,34,35,36,37,38,39,40,41,42,43,44,45,46,47,48,49,50,51,52,53,54,55,56,57,58,59,60,61,62,63,64,65,66,67,68,69,70,71,72,73,74,75,76,77,78,79,80,81,82,83,84,85,86,87,88,89,90,91,92,93,94,95,96,97,98,99]
CFO=-855.2266622758082,STO=5
EsN0dB=17.35,GRXdB=10,N0=0.0003162277571391314
packet_number=94,correct=True,payload=[0,1,2,3,4,5,6,7,8,9,10,11,12,13,14,15,16,17,18,19,20,21,22,23,24,25,26,27,28,29,30,31,32,33,34,35,36,37,38,39,40,41,42,43,44,45,46,47,48,49,50,51,52,53,54,55,56,57,58,59,60,61,62,63,64,65,66,67,68,69,70,71,72,73,74,75,76,77,78,79,80,81,82,83,84,85,86,87,88,89,90,91,92,93,94,95,96,97,98,99]
CFO=-967.196822967916,STO=5
EsN0dB=17.32,GRXdB=10,N0=0.0003162277571391314
packet_number=95,correct=True,payload=[0,1,2,3,4,5,6,7,8,9,10,11,12,13,14,15,16,17,18,19,20,21,22,23,24,25,26,27,28,29,30,31,32,33,34,35,36,37,38,39,40,41,42,43,44,45,46,47,48,49,50,51,52,53,54,55,56,57,58,59,60,61,62,63,64,65,66,67,68,69,70,71,72,73,74,75,76,77,78,79,80,81,82,83,84,85,86,87,88,89,90,91,92,93,94,95,96,97,98,99]
CFO=-1051.3477773241368,STO=5
EsN0dB=17.33,GRXdB=10,N0=0.0003162277571391314
packet_number=96,correct=True,payload=[0,1,2,3,4,5,6,7,8,9,10,11,12,13,14,15,16,17,18,19,20,21,22,23,24,25,26,27,28,29,30,31,32,33,34,35,36,37,38,39,40,41,42,43,44,45,46,47,48,49,50,51,52,53,54,55,56,57,58,59,60,61,62,63,64,65,66,67,68,69,70,71,72,73,74,75,76,77,78,79,80,81,82,83,84,85,86,87,88,89,90,91,92,93,94,95,96,97,98,99]
CFO=-911.8270525455287,STO=5
EsN0dB=17.38,GRXdB=10,N0=0.0003162277571391314
packet_number=97,correct=True,payload=[0,1,2,3,4,5,6,7,8,9,10,11,12,13,14,15,16,17,18,19,20,21,22,23,24,25,26,27,28,29,30,31,32,33,34,35,36,37,38,39,40,41,42,43,44,45,46,47,48,49,50,51,52,53,54,55,56,57,58,59,60,61,62,63,64,65,66,67,68,69,70,71,72,73,74,75,76,77,78,79,80,81,82,83,84,85,86,87,88,89,90,91,92,93,94,95,96,97,98,99]
CFO=-882.258262423028,STO=4
EsN0dB=17.41,GRXdB=10,N0=0.0003162277571391314
packet_number=98,correct=True,payload=[0,1,2,3,4,5,6,7,8,9,10,11,12,13,14,15,16,17,18,19,20,21,22,23,24,25,26,27,28,29,30,31,32,33,34,35,36,37,38,39,40,41,42,43,44,45,46,47,48,49,50,51,52,53,54,55,56,57,58,59,60,61,62,63,64,65,66,67,68,69,70,71,72,73,74,75,76,77,78,79,80,81,82,83,84,85,86,87,88,89,90,91,92,93,94,95,96,97,98,99]
CFO=-1037.2940702084702,STO=5
EsN0dB=17.34,GRXdB=10,N0=0.0003162277571391314
packet_number=99,correct=True,payload=[0,1,2,3,4,5,6,7,8,9,10,11,12,13,14,15,16,17,18,19,20,21,22,23,24,25,26,27,28,29,30,31,32,33,34,35,36,37,38,39,40,41,42,43,44,45,46,47,48,49,50,51,52,53,54,55,56,57,58,59,60,61,62,63,64,65,66,67,68,69,70,71,72,73,74,75,76,77,78,79,80,81,82,83,84,85,86,87,88,89,90,91,92,93,94,95,96,97,98,99]
CFO=-906.8588606922195,STO=4
EsN0dB=17.39,GRXdB=10,N0=0.0003162277571391314
packet_number=100,correct=True,payload=[0,1,2,3,4,5,6,7,8,9,10,11,12,13,14,15,16,17,18,19,20,21,22,23,24,25,26,27,28,29,30,31,32,33,34,35,36,37,38,39,40,41,42,43,44,45,46,47,48,49,50,51,52,53,54,55,56,57,58,59,60,61,62,63,64,65,66,67,68,69,70,71,72,73,74,75,76,77,78,79,80,81,82,83,84,85,86,87,88,89,90,91,92,93,94,95,96,97,98,99]
CFO=-804.9000853499598,STO=5
EsN0dB=14.34,GRXdB=10,N0=0.000630957365501672
packet_number=101,correct=True,payload=[0,1,2,3,4,5,6,7,8,9,10,11,12,13,14,15,16,17,18,19,20,21,22,23,24,25,26,27,28,29,30,31,32,33,34,35,36,37,38,39,40,41,42,43,44,45,46,47,48,49,50,51,52,53,54,55,56,57,58,59,60,61,62,63,64,65,66,67,68,69,70,71,72,73,74,75,76,77,78,79,80,81,82,83,84,85,86,87,88,89,90,91,92,93,94,95,96,97,98,99]
CFO=-765.4049907930535,STO=1
EsN0dB=14.36,GRXdB=10,N0=0.000630957365501672
packet_number=102,correct=False,payload=[0,1,3,1,4,5,6,7,8,8,10,7,12,13,14,7,144,1,19,19,20,21,23,23,8,25,26,27,28,29,30,31,32,33,48,35,4,37,134,39,40,56,43,43,44,13,62,15,56,56,50,51,52,53,54,55,56,56,26,59,60,63,62,63,64,97,66,67,68,65,102,71,72,73,74,67,44,13,78,15,120,81,16,83,68,116,86,19,120,89,120,27,92,93,95,95,32,97,98,99]
CFO=-735.9738123811743,STO=4
EsN0dB=14.35,GRXdB=10,N0=0.000630957365501672
packet_number=103,correct=True,payload=[0,1,2,3,4,5,6,7,8,9,10,11,12,13,14,15,16,17,18,19,20,21,22,23,24,25,26,27,28,29,30,31,32,33,34,35,36,37,38,39,40,41,42,43,44,45,46,47,48,49,50,51,52,53,54,55,56,57,58,59,60,61,62,63,64,65,66,67,68,69,70,71,72,73,74,75,76,77,78,79,80,81,82,83,84,85,86,87,88,89,90,91,92,93,94,95,96,97,98,99]
CFO=-945.3574709663098,STO=5
EsN0dB=14.42,GRXdB=10,N0=0.000630957365501672
packet_number=104,correct=True,payload=[0,1,2,3,4,5,6,7,8,9,10,11,12,13,14,15,16,17,18,19,20,21,22,23,24,25,26,27,28,29,30,31,32,33,34,35,36,37,38,39,40,41,42,43,44,45,46,47,48,49,50,51,52,53,54,55,56,57,58,59,60,61,62,63,64,65,66,67,68,69,70,71,72,73,74,75,76,77,78,79,80,81,82,83,84,85,86,87,88,89,90,91,92,93,94,95,96,97,98,99]
CFO=-813.1711954175317,STO=4
EsN0dB=14.47,GRXdB=10,N0=0.000630957365501672
packet_number=105,correct=True,payload=[0,1,2,3,4,5,6,7,8,9,10,11,12,13,14,15,16,17,18,19,20,21,22,23,24,25,26,27,28,29,30,31,32,33,34,35,36,37,38,39,40,41,42,43,44,45,46,47,48,49,50,51,52,53,54,55,56,57,58,59,60,61,62,63,64,65,66,67,68,69,70,71,72,73,74,75,76,77,78,79,80,81,82,83,84,85,86,87,88,89,90,91,92,93,94,95,96,97,98,99]
CFO=-839.3847144001003,STO=5
EsN0dB=14.39,GRXdB=10,N0=0.000630957365501672
packet_number=106,correct=True,payload=[0,1,2,3,4,5,6,7,8,9,10,11,12,13,14,15,16,17,18,19,20,21,22,23,24,25,26,27,28,29,30,31,32,33,34,35,36,37,38,39,40,41,42,43,44,45,46,47,48,49,50,51,52,53,54,55,56,57,58,59,60,61,62,63,64,65,66,67,68,69,70,71,72,73,74,75,76,77,78,79,80,81,82,83,84,85,86,87,88,89,90,91,92,93,94,95,96,97,98,99]
CFO=-900.8378592113763,STO=0
EsN0dB=14.32,GRXdB=10,N0=0.000630957365501672
packet_number=107,correct=False,payload=[0,3,0,3,0,1,14,7,24,9,14,10,12,13,14,15,0,17,50,23,20,21,28,63,24,25,26,58,60,31,30,31,32,33,36,99,100,5,38,39,32,43,14,43,44,41,46,63,48,48,50,35,48,55,54,55,120,58,56,51,124,63,126,126,192,1,66,195,64,133,6,7,72,72,14,79,200,204,14,95,112,113,82,115,84,85,22,86,88,81,210,55,92,61,94,159,64,96,98,99]
CFO=-928.2736381743251,STO=5
EsN0dB=14.33,GRXdB=10,N0=0.000630957365501672
packet_number=108,correct=True,payload=[0,1,2,3,4,5,6,7,8,9,10,11,12,13,14,15,16,17,18,19,20,21,22,23,24,25,26,27,28,29,30,31,32,33,34,35,36,37,38,39,40,41,42,43,44,45,46,47,48,49,50,51,52,53,54,55,56,57,58,59,60,61,62,63,64,65,66,67,68,69,70,71,72,73,74,75,76,77,78,79,80,81,82,83,84,85,86,87,88,89,90,91,92,93,94,95,96,97,98,99]
CFO=-914.2380144588047,STO=2
EsN0dB=14.44,GRXdB=10,N0=0.000630957365501672
packet_number=109,correct=False,payload=[0,1,2,3,4,5,6,7,8,9,10,11,12,13,14,15,16,17,18,19,20,21,22,23,24,25,26,27,28,29,30,31,32,33,34,35,36,37,38,39,40,41,34,43,44,45,46,47,48,49,50,51,52,53,54,55,56,57,58,59,60,61,62,63,64,65,66,67,68,69,70,71,72,73,74,75,76,77,78,79,80,81,82,83,84,85,86,87,88,89,90,91,92,93,94,95,96,97,98,99]
CFO=-986.2288604989411,STO=4
EsN0dB=14.38,GRXdB=10,N0=0.000630957365501672
packet_number=110,correct=True,payload=[0,1,2,3,4,5,6,7,8,9,10,11,12,13,14,15,16,17,18,19,20,21,22,23,24,25,26,27,28,29,30,31,32,33,34,35,36,37,38,39,40,41,42,43,44,45,46,47,48,49,50,51,52,53,54,55,56,57,58,59,60,61,62,63,64,65,66,67,68,69,70,71,72,73,74,75,76,77,78,79,80,81,82,83,84,85,86,87,88,89,90,91,92,93,94,95,96,97,98,99]
CFO=-885.2586246014004,STO=4
EsN0dB=14.36,GRXdB=10,N0=0.000630957365501672
packet_number=111,correct=True,payload=[0,1,2,3,4,5,6,7,8,9,10,11,12,13,14,15,16,17,18,19,20,21,22,23,24,25,26,27,28,29,30,31,32,33,34,35,36,37,38,39,40,41,42,43,44,45,46,47,48,49,50,51,52,53,54,55,56,57,58,59,60,61,62,63,64,65,66,67,68,69,70,71,72,73,74,75,76,77,78,79,80,81,82,83,84,85,86,87,88,89,90,91,92,93,94,95,96,97,98,99]
CFO=-859.2565331759523,STO=5
EsN0dB=14.29,GRXdB=10,N0=0.000630957365501672
packet_number=112,correct=True,payload=[0,1,2,3,4,5,6,7,8,9,10,11,12,13,14,15,16,17,18,19,20,21,22,23,24,25,26,27,28,29,30,31,32,33,34,35,36,37,38,39,40,41,42,43,44,45,46,47,48,49,50,51,52,53,54,55,56,57,58,59,60,61,62,63,64,65,66,67,68,69,70,71,72,73,74,75,76,77,78,79,80,81,82,83,84,85,86,87,88,89,90,91,92,93,94,95,96,97,98,99]
CFO=-960.3600526260467,STO=5
EsN0dB=14.44,GRXdB=10,N0=0.000630957365501672
packet_number=113,correct=True,payload=[0,1,2,3,4,5,6,7,8,9,10,11,12,13,14,15,16,17,18,19,20,21,22,23,24,25,26,27,28,29,30,31,32,33,34,35,36,37,38,39,40,41,42,43,44,45,46,47,48,49,50,51,52,53,54,55,56,57,58,59,60,61,62,63,64,65,66,67,68,69,70,71,72,73,74,75,76,77,78,79,80,81,82,83,84,85,86,87,88,89,90,91,92,93,94,95,96,97,98,99]
CFO=-940.7065983181909,STO=4
EsN0dB=14.38,GRXdB=10,N0=0.000630957365501672
packet_number=114,correct=True,payload=[0,1,2,3,4,5,6,7,8,9,10,11,12,13,14,15,16,17,18,19,20,21,22,23,24,25,26,27,28,29,30,31,32,33,34,35,36,37,38,39,40,41,42,43,44,45,46,47,48,49,50,51,52,53,54,55,56,57,58,59,60,61,62,63,64,65,66,67,68,69,70,71,72,73,74,75,76,77,78,79,80,81,82,83,84,85,86,87,88,89,90,91,92,93,94,95,96,97,98,99]
CFO=-969.2854853297321,STO=4
EsN0dB=14.34,GRXdB=10,N0=0.000630957365501672
packet_number=115,correct=True,payload=[0,1,2,3,4,5,6,7,8,9,10,11,12,13,14,15,16,17,18,19,20,21,22,23,24,25,26,27,28,29,30,31,32,33,34,35,36,37,38,39,40,41,42,43,44,45,46,47,48,49,50,51,52,53,54,55,56,57,58,59,60,61,62,63,64,65,66,67,68,69,70,71,72,73,74,75,76,77,78,79,80,81,82,83,84,85,86,87,88,89,90,91,92,93,94,95,96,97,98,99]
CFO=-904.043008485176,STO=5
EsN0dB=14.37,GRXdB=10,N0=0.000630957365501672
packet_number=116,correct=True,payload=[0,1,2,3,4,5,6,7,8,9,10,11,12,13,14,15,16,17,18,19,20,21,22,23,24,25,26,27,28,29,30,31,32,33,34,35,36,37,38,39,40,41,42,43,44,45,46,47,48,49,50,51,52,53,54,55,56,57,58,59,60,61,62,63,64,65,66,67,68,69,70,71,72,73,74,75,76,77,78,79,80,81,82,83,84,85,86,87,88,89,90,91,92,93,94,95,96,97,98,99]
CFO=-823.9759380701919,STO=5
EsN0dB=14.33,GRXdB=10,N0=0.000630957365501672
packet_number=117,correct=True,payload=[0,1,2,3,4,5,6,7,8,9,10,11,12,13,14,15,16,17,18,19,20,21,22,23,24,25,26,27,28,29,30,31,32,33,34,35,36,37,38,39,40,41,42,43,44,45,46,47,48,49,50,51,52,53,54,55,56,57,58,59,60,61,62,63,64,65,66,67,68,69,70,71,72,73,74,75,76,77,78,79,80,81,82,83,84,85,86,87,88,89,90,91,92,93,94,95,96,97,98,99]
CFO=-862.7698117302775,STO=5
EsN0dB=14.34,GRXdB=10,N0=0.000630957365501672
packet_number=118,correct=True,payload=[0,1,2,3,4,5,6,7,8,9,10,11,12,13,14,15,16,17,18,19,20,21,22,23,24,25,26,27,28,29,30,31,32,33,34,35,36,37,38,39,40,41,42,43,44,45,46,47,48,49,50,51,52,53,54,55,56,57,58,59,60,61,62,63,64,65,66,67,68,69,70,71,72,73,74,75,76,77,78,79,80,81,82,83,84,85,86,87,88,89,90,91,92,93,94,95,96,97,98,99]
CFO=-943.1541420606153,STO=5
EsN0dB=14.43,GRXdB=10,N0=0.000630957365501672
packet_number=119,correct=True,payload=[0,1,2,3,4,5,6,7,8,9,10,11,12,13,14,15,16,17,18,19,20,21,22,23,24,25,26,27,28,29,30,31,32,33,34,35,36,37,38,39,40,41,42,43,44,45,46,47,48,49,50,51,52,53,54,55,56,57,58,59,60,61,62,63,64,65,66,67,68,69,70,71,72,73,74,75,76,77,78,79,80,81,82,83,84,85,86,87,88,89,90,91,92,93,94,95,96,97,98,99]
CFO=-897.4031396904735,STO=6
EsN0dB=14.48,GRXdB=10,N0=0.000630957365501672
packet_number=120,correct=True,payload=[0,1,2,3,4,5,6,7,8,9,10,11,12,13,14,15,16,17,18,19,20,21,22,23,24,25,26,27,28,29,30,31,32,33,34,35,36,37,38,39,40,41,42,43,44,45,46,47,48,49,50,51,52,53,54,55,56,57,58,59,60,61,62,63,64,65,66,67,68,69,70,71,72,73,74,75,76,77,78,79,80,81,82,83,84,85,86,87,88,89,90,91,92,93,94,95,96,97,98,99]
CFO=-796.8597906160585,STO=4
EsN0dB=14.39,GRXdB=10,N0=0.000630957365501672
packet_number=121,correct=True,payload=[0,1,2,3,4,5,6,7,8,9,10,11,12,13,14,15,16,17,18,19,20,21,22,23,24,25,26,27,28,29,30,31,32,33,34,35,36,37,38,39,40,41,42,43,44,45,46,47,48,49,50,51,52,53,54,55,56,57,58,59,60,61,62,63,64,65,66,67,68,69,70,71,72,73,74,75,76,77,78,79,80,81,82,83,84,85,86,87,88,89,90,91,92,93,94,95,96,97,98,99]
CFO=-883.0944269878257,STO=4
EsN0dB=14.33,GRXdB=10,N0=0.000630957365501672
packet_number=122,correct=True,payload=[0,1,2,3,4,5,6,7,8,9,10,11,12,13,14,15,16,17,18,19,20,21,22,23,24,25,26,27,28,29,30,31,32,33,34,35,36,37,38,39,40,41,42,43,44,45,46,47,48,49,50,51,52,53,54,55,56,57,58,59,60,61,62,63,64,65,66,67,68,69,70,71,72,73,74,75,76,77,78,79,80,81,82,83,84,85,86,87,88,89,90,91,92,93,94,95,96,97,98,99]
CFO=-1008.0089226640021,STO=4
EsN0dB=14.40,GRXdB=10,N0=0.000630957365501672
packet_number=123,correct=True,payload=[0,1,2,3,4,5,6,7,8,9,10,11,12,13,14,15,16,17,18,19,20,21,22,23,24,25,26,27,28,29,30,31,32,33,34,35,36,37,38,39,40,41,42,43,44,45,46,47,48,49,50,51,52,53,54,55,56,57,58,59,60,61,62,63,64,65,66,67,68,69,70,71,72,73,74,75,76,77,78,79,80,81,82,83,84,85,86,87,88,89,90,91,92,93,94,95,96,97,98,99]
CFO=-953.050979446258,STO=5
EsN0dB=14.41,GRXdB=10,N0=0.000630957365501672
packet_number=124,correct=True,payload=[0,1,2,3,4,5,6,7,8,9,10,11,12,13,14,15,16,17,18,19,20,21,22,23,24,25,26,27,28,29,30,31,32,33,34,35,36,37,38,39,40,41,42,43,44,45,46,47,48,49,50,51,52,53,54,55,56,57,58,59,60,61,62,63,64,65,66,67,68,69,70,71,72,73,74,75,76,77,78,79,80,81,82,83,84,85,86,87,88,89,90,91,92,93,94,95,96,97,98,99]
CFO=-889.6418036375176,STO=2
EsN0dB=14.38,GRXdB=10,N0=0.000630957365501672
packet_number=125,correct=False,payload=[0,1,2,3,4,7,6,15,16,25,14,11,12,29,14,14,16,32,50,19,20,23,4,23,56,17,26,23,28,30,30,31,32,33,102,34,100,41,14,6,40,48,50,127,24,60,46,15,48,51,48,51,52,55,118,62,56,49,62,51,124,61,62,62,0,64,66,67,8,70,70,199,200,89,90,78,204,77,78,15,112,99,82,135,4,213,214,23,80,27,246,91,28,29,124,95,96,225,230,199]
CFO=-1002.9472307384609,STO=5
EsN0dB=14.28,GRXdB=10,N0=0.000630957365501672
packet_number=126,correct=True,payload=[0,1,2,3,4,5,6,7,8,9,10,11,12,13,14,15,16,17,18,19,20,21,22,23,24,25,26,27,28,29,30,31,32,33,34,35,36,37,38,39,40,41,42,43,44,45,46,47,48,49,50,51,52,53,54,55,56,57,58,59,60,61,62,63,64,65,66,67,68,69,70,71,72,73,74,75,76,77,78,79,80,81,82,83,84,85,86,87,88,89,90,91,92,93,94,95,96,97,98,99]
CFO=-874.1999435788169,STO=5
EsN0dB=14.39,GRXdB=10,N0=0.000630957365501672
packet_number=127,correct=True,payload=[0,1,2,3,4,5,6,7,8,9,10,11,12,13,14,15,16,17,18,19,20,21,22,23,24,25,26,27,28,29,30,31,32,33,34,35,36,37,38,39,40,41,42,43,44,45,46,47,48,49,50,51,52,53,54,55,56,57,58,59,60,61,62,63,64,65,66,67,68,69,70,71,72,73,74,75,76,77,78,79,80,81,82,83,84,85,86,87,88,89,90,91,92,93,94,95,96,97,98,99]
CFO=-848.4109398259125,STO=4
EsN0dB=14.30,GRXdB=10,N0=0.000630957365501672
packet_number=128,correct=True,payload=[0,1,2,3,4,5,6,7,8,9,10,11,12,13,14,15,16,17,18,19,20,21,22,23,24,25,26,27,28,29,30,31,32,33,34,35,36,37,38,39,40,41,42,43,44,45,46,47,48,49,50,51,52,53,54,55,56,57,58,59,60,61,62,63,64,65,66,67,68,69,70,71,72,73,74,75,76,77,78,79,80,81,82,83,84,85,86,87,88,89,90,91,92,93,94,95,96,97,98,99]
CFO=-950.3014132764721,STO=3
EsN0dB=14.39,GRXdB=10,N0=0.000630957365501672
packet_number=129,correct=True,payload=[0,1,2,3,4,5,6,7,8,9,10,11,12,13,14,15,16,17,18,19,20,21,22,23,24,25,26,27,28,29,30,31,32,33,34,35,36,37,38,39,40,41,42,43,44,45,46,47,48,49,50,51,52,53,54,55,56,57,58,59,60,61,62,63,64,65,66,67,68,69,70,71,72,73,74,75,76,77,78,79,80,81,82,83,84,85,86,87,88,89,90,91,92,93,94,95,96,97,98,99]
CFO=-821.554007537155,STO=4
EsN0dB=14.39,GRXdB=10,N0=0.000630957365501672
packet_number=130,correct=True,payload=[0,1,2,3,4,5,6,7,8,9,10,11,12,13,14,15,16,17,18,19,20,21,22,23,24,25,26,27,28,29,30,31,32,33,34,35,36,37,38,39,40,41,42,43,44,45,46,47,48,49,50,51,52,53,54,55,56,57,58,59,60,61,62,63,64,65,66,67,68,69,70,71,72,73,74,75,76,77,78,79,80,81,82,83,84,85,86,87,88,89,90,91,92,93,94,95,96,97,98,99]
CFO=-822.5324084198247,STO=5
EsN0dB=14.30,GRXdB=10,N0=0.000630957365501672
packet_number=131,correct=True,payload=[0,1,2,3,4,5,6,7,8,9,10,11,12,13,14,15,16,17,18,19,20,21,22,23,24,25,26,27,28,29,30,31,32,33,34,35,36,37,38,39,40,41,42,43,44,45,46,47,48,49,50,51,52,53,54,55,56,57,58,59,60,61,62,63,64,65,66,67,68,69,70,71,72,73,74,75,76,77,78,79,80,81,82,83,84,85,86,87,88,89,90,91,92,93,94,95,96,97,98,99]
CFO=-1006.3164349899813,STO=5
EsN0dB=14.37,GRXdB=10,N0=0.000630957365501672
packet_number=132,correct=True,payload=[0,1,2,3,4,5,6,7,8,9,10,11,12,13,14,15,16,17,18,19,20,21,22,23,24,25,26,27,28,29,30,31,32,33,34,35,36,37,38,39,40,41,42,43,44,45,46,47,48,49,50,51,52,53,54,55,56,57,58,59,60,61,62,63,64,65,66,67,68,69,70,71,72,73,74,75,76,77,78,79,80,81,82,83,84,85,86,87,88,89,90,91,92,93,94,95,96,97,98,99]
CFO=-972.5873956167735,STO=5
EsN0dB=14.35,GRXdB=10,N0=0.000630957365501672
packet_number=133,correct=True,payload=[0,1,2,3,4,5,6,7,8,9,10,11,12,13,14,15,16,17,18,19,20,21,22,23,24,25,26,27,28,29,30,31,32,33,34,35,36,37,38,39,40,41,42,43,44,45,46,47,48,49,50,51,52,53,54,55,56,57,58,59,60,61,62,63,64,65,66,67,68,69,70,71,72,73,74,75,76,77,78,79,80,81,82,83,84,85,86,87,88,89,90,91,92,93,94,95,96,97,98,99]
CFO=-1050.8963445086813,STO=4
EsN0dB=14.42,GRXdB=10,N0=0.000630957365501672
packet_number=134,correct=True,payload=[0,1,2,3,4,5,6,7,8,9,10,11,12,13,14,15,16,17,18,19,20,21,22,23,24,25,26,27,28,29,30,31,32,33,34,35,36,37,38,39,40,41,42,43,44,45,46,47,48,49,50,51,52,53,54,55,56,57,58,59,60,61,62,63,64,65,66,67,68,69,70,71,72,73,74,75,76,77,78,79,80,81,82,83,84,85,86,87,88,89,90,91,92,93,94,95,96,97,98,99]
CFO=-960.987279806859,STO=4
EsN0dB=14.38,GRXdB=10,N0=0.000630957365501672
packet_number=135,correct=True,payload=[0,1,2,3,4,5,6,7,8,9,10,11,12,13,14,15,16,17,18,19,20,21,22,23,24,25,26,27,28,29,30,31,32,33,34,35,36,37,38,39,40,41,42,43,44,45,46,47,48,49,50,51,52,53,54,55,56,57,58,59,60,61,62,63,64,65,66,67,68,69,70,71,72,73,74,75,76,77,78,79,80,81,82,83,84,85,86,87,88,89,90,91,92,93,94,95,96,97,98,99]
CFO=-849.3958033007656,STO=7
EsN0dB=14.40,GRXdB=10,N0=0.000630957365501672
packet_number=136,correct=True,payload=[0,1,2,3,4,5,6,7,8,9,10,11,12,13,14,15,16,17,18,19,20,21,22,23,24,25,26,27,28,29,30,31,32,33,34,35,36,37,38,39,40,41,42,43,44,45,46,47,48,49,50,51,52,53,54,55,56,57,58,59,60,61,62,63,64,65,66,67,68,69,70,71,72,73,74,75,76,77,78,79,80,81,82,83,84,85,86,87,88,89,90,91,92,93,94,95,96,97,98,99]
CFO=-999.6057741304438,STO=5
EsN0dB=14.35,GRXdB=10,N0=0.000630957365501672
packet_number=137,correct=True,payload=[0,1,2,3,4,5,6,7,8,9,10,11,12,13,14,15,16,17,18,19,20,21,22,23,24,25,26,27,28,29,30,31,32,33,34,35,36,37,38,39,40,41,42,43,44,45,46,47,48,49,50,51,52,53,54,55,56,57,58,59,60,61,62,63,64,65,66,67,68,69,70,71,72,73,74,75,76,77,78,79,80,81,82,83,84,85,86,87,88,89,90,91,92,93,94,95,96,97,98,99]
CFO=-807.1754514070569,STO=4
EsN0dB=14.41,GRXdB=10,N0=0.000630957365501672
packet_number=138,correct=True,payload=[0,1,2,3,4,5,6,7,8,9,10,11,12,13,14,15,16,17,18,19,20,21,22,23,24,25,26,27,28,29,30,31,32,33,34,35,36,37,38,39,40,41,42,43,44,45,46,47,48,49,50,51,52,53,54,55,56,57,58,59,60,61,62,63,64,65,66,67,68,69,70,71,72,73,74,75,76,77,78,79,80,81,82,83,84,85,86,87,88,89,90,91,92,93,94,95,96,97,98,99]
CFO=-947.0712436916504,STO=5
EsN0dB=14.29,GRXdB=10,N0=0.000630957365501672
packet_number=139,correct=True,payload=[0,1,2,3,4,5,6,7,8,9,10,11,12,13,14,15,16,17,18,19,20,21,22,23,24,25,26,27,28,29,30,31,32,33,34,35,36,37,38,39,40,41,42,43,44,45,46,47,48,49,50,51,52,53,54,55,56,57,58,59,60,61,62,63,64,65,66,67,68,69,70,71,72,73,74,75,76,77,78,79,80,81,82,83,84,85,86,87,88,89,90,91,92,93,94,95,96,97,98,99]
CFO=-849.7419966563533,STO=4
EsN0dB=14.43,GRXdB=10,N0=0.000630957365501672
packet_number=140,correct=True,payload=[0,1,2,3,4,5,6,7,8,9,10,11,12,13,14,15,16,17,18,19,20,21,22,23,24,25,26,27,28,29,30,31,32,33,34,35,36,37,38,39,40,41,42,43,44,45,46,47,48,49,50,51,52,53,54,55,56,57,58,59,60,61,62,63,64,65,66,67,68,69,70,71,72,73,74,75,76,77,78,79,80,81,82,83,84,85,86,87,88,89,90,91,92,93,94,95,96,97,98,99]
CFO=-941.3295566307718,STO=5
EsN0dB=14.43,GRXdB=10,N0=0.000630957365501672
packet_number=141,correct=True,payload=[0,1,2,3,4,5,6,7,8,9,10,11,12,13,14,15,16,17,18,19,20,21,22,23,24,25,26,27,28,29,30,31,32,33,34,35,36,37,38,39,40,41,42,43,44,45,46,47,48,49,50,51,52,53,54,55,56,57,58,59,60,61,62,63,64,65,66,67,68,69,70,71,72,73,74,75,76,77,78,79,80,81,82,83,84,85,86,87,88,89,90,91,92,93,94,95,96,97,98,99]
CFO=-991.4078277211687,STO=6
EsN0dB=14.30,GRXdB=10,N0=0.000630957365501672
packet_number=142,correct=True,payload=[0,1,2,3,4,5,6,7,8,9,10,11,12,13,14,15,16,17,18,19,20,21,22,23,24,25,26,27,28,29,30,31,32,33,34,35,36,37,38,39,40,41,42,43,44,45,46,47,48,49,50,51,52,53,54,55,56,57,58,59,60,61,62,63,64,65,66,67,68,69,70,71,72,73,74,75,76,77,78,79,80,81,82,83,84,85,86,87,88,89,90,91,92,93,94,95,96,97,98,99]
CFO=-706.4119591695494,STO=2
EsN0dB=14.47,GRXdB=10,N0=0.000630957365501672
packet_number=143,correct=False,payload=[0,1,2,3,4,5,6,7,8,9,10,11,14,13,15,15,144,17,18,3,20,21,22,23,24,25,24,27,28,29,30,31,32,33,34,35,36,33,38,39,40,41,42,43,44,36,46,47,48,49,50,51,52,53,54,55,152,57,59,63,60,61,62,63,64,65,66,67,68,69,70,71,8,73,74,75,76,77,78,79,80,81,82,115,84,21,86,71,88,89,90,91,92,93,94,95,96,97,114,99]
CFO=-861.8003043230897,STO=4
EsN0dB=14.36,GRXdB=10,N0=0.000630957365501672
packet_number=144,correct=True,payload=[0,1,2,3,4,5,6,7,8,9,10,11,12,13,14,15,16,17,18,19,20,21,22,23,24,25,26,27,28,29,30,31,32,33,34,35,36,37,38,39,40,41,42,43,44,45,46,47,48,49,50,51,52,53,54,55,56,57,58,59,60,61,62,63,64,65,66,67,68,69,70,71,72,73,74,75,76,77,78,79,80,81,82,83,84,85,86,87,88,89,90,91,92,93,94,95,96,97,98,99]
CFO=-728.2496510557323,STO=4
EsN0dB=14.34,GRXdB=10,N0=0.000630957365501672
packet_number=145,correct=True,payload=[0,1,2,3,4,5,6,7,8,9,10,11,12,13,14,15,16,17,18,19,20,21,22,23,24,25,26,27,28,29,30,31,32,33,34,35,36,37,38,39,40,41,42,43,44,45,46,47,48,49,50,51,52,53,54,55,56,57,58,59,60,61,62,63,64,65,66,67,68,69,70,71,72,73,74,75,76,77,78,79,80,81,82,83,84,85,86,87,88,89,90,91,92,93,94,95,96,97,98,99]
CFO=-881.1577837669116,STO=4
EsN0dB=14.36,GRXdB=10,N0=0.000630957365501672
packet_number=146,correct=True,payload=[0,1,2,3,4,5,6,7,8,9,10,11,12,13,14,15,16,17,18,19,20,21,22,23,24,25,26,27,28,29,30,31,32,33,34,35,36,37,38,39,40,41,42,43,44,45,46,47,48,49,50,51,52,53,54,55,56,57,58,59,60,61,62,63,64,65,66,67,68,69,70,71,72,73,74,75,76,77,78,79,80,81,82,83,84,85,86,87,88,89,90,91,92,93,94,95,96,97,98,99]
CFO=-955.6447319256031,STO=5
EsN0dB=14.42,GRXdB=10,N0=0.000630957365501672
packet_number=147,correct=True,payload=[0,1,2,3,4,5,6,7,8,9,10,11,12,13,14,15,16,17,18,19,20,21,22,23,24,25,26,27,28,29,30,31,32,33,34,35,36,37,38,39,40,41,42,43,44,45,46,47,48,49,50,51,52,53,54,55,56,57,58,59,60,61,62,63,64,65,66,67,68,69,70,71,72,73,74,75,76,77,78,79,80,81,82,83,84,85,86,87,88,89,90,91,92,93,94,95,96,97,98,99]
CFO=-947.1618385618915,STO=4
EsN0dB=14.32,GRXdB=10,N0=0.000630957365501672
packet_number=148,correct=True,payload=[0,1,2,3,4,5,6,7,8,9,10,11,12,13,14,15,16,17,18,19,20,21,22,23,24,25,26,27,28,29,30,31,32,33,34,35,36,37,38,39,40,41,42,43,44,45,46,47,48,49,50,51,52,53,54,55,56,57,58,59,60,61,62,63,64,65,66,67,68,69,70,71,72,73,74,75,76,77,78,79,80,81,82,83,84,85,86,87,88,89,90,91,92,93,94,95,96,97,98,99]
CFO=-961.1135078688637,STO=1
EsN0dB=14.35,GRXdB=10,N0=0.000630957365501672
packet_number=149,correct=False,payload=[100,16,246,0,2,4,6,0,11,4,6,0,16,22,2,12,28,12,30,32,49,0,39,56,42,4,47,48,56,24,23,28,58,60,30,32,97,2,71,32,74,44,110,72,104,116,79,104,122,92,31,96,32,116,114,44,112,44,62,48,113,52,114,56,122,124,126,128,128,196,198,8,200,142,206,128,0,220,22,152,74,158,158,144,195,20,198,12,18,132,126,248,177,86,154,248,188,30,190,224]
CFO=-952.2739861383325,STO=5
EsN0dB=14.28,GRXdB=10,N0=0.000630957365501672
packet_number=150,correct=True,payload=[0,1,2,3,4,5,6,7,8,9,10,11,12,13,14,15,16,17,18,19,20,21,22,23,24,25,26,27,28,29,30,31,32,33,34,35,36,37,38,39,40,41,42,43,44,45,46,47,48,49,50,51,52,53,54,55,56,57,58,59,60,61,62,63,64,65,66,67,68,69,70,71,72,73,74,75,76,77,78,79,80,81,82,83,84,85,86,87,88,89,90,91,92,93,94,95,96,97,98,99]
CFO=-781.6219468849101,STO=6
EsN0dB=14.28,GRXdB=10,N0=0.000630957365501672
packet_number=151,correct=True,payload=[0,1,2,3,4,5,6,7,8,9,10,11,12,13,14,15,16,17,18,19,20,21,22,23,24,25,26,27,28,29,30,31,32,33,34,35,36,37,38,39,40,41,42,43,44,45,46,47,48,49,50,51,52,53,54,55,56,57,58,59,60,61,62,63,64,65,66,67,68,69,70,71,72,73,74,75,76,77,78,79,80,81,82,83,84,85,86,87,88,89,90,91,92,93,94,95,96,97,98,99]
CFO=-675.4634945506408,STO=6
EsN0dB=14.36,GRXdB=10,N0=0.000630957365501672
packet_number=152,correct=True,payload=[0,1,2,3,4,5,6,7,8,9,10,11,12,13,14,15,16,17,18,19,20,21,22,23,24,25,26,27,28,29,30,31,32,33,34,35,36,37,38,39,40,41,42,43,44,45,46,47,48,49,50,51,52,53,54,55,56,57,58,59,60,61,62,63,64,65,66,67,68,69,70,71,72,73,74,75,76,77,78,79,80,81,82,83,84,85,86,87,88,89,90,91,92,93,94,95,96,97,98,99]
CFO=-976.9692109866502,STO=5
EsN0dB=14.36,GRXdB=10,N0=0.000630957365501672
packet_number=153,correct=True,payload=[0,1,2,3,4,5,6,7,8,9,10,11,12,13,14,15,16,17,18,19,20,21,22,23,24,25,26,27,28,29,30,31,32,33,34,35,36,37,38,39,40,41,42,43,44,45,46,47,48,49,50,51,52,53,54,55,56,57,58,59,60,61,62,63,64,65,66,67,68,69,70,71,72,73,74,75,76,77,78,79,80,81,82,83,84,85,86,87,88,89,90,91,92,93,94,95,96,97,98,99]
CFO=-798.4048244665912,STO=4
EsN0dB=14.46,GRXdB=10,N0=0.000630957365501672
packet_number=154,correct=True,payload=[0,1,2,3,4,5,6,7,8,9,10,11,12,13,14,15,16,17,18,19,20,21,22,23,24,25,26,27,28,29,30,31,32,33,34,35,36,37,38,39,40,41,42,43,44,45,46,47,48,49,50,51,52,53,54,55,56,57,58,59,60,61,62,63,64,65,66,67,68,69,70,71,72,73,74,75,76,77,78,79,80,81,82,83,84,85,86,87,88,89,90,91,92,93,94,95,96,97,98,99]
CFO=-1006.9542750515351,STO=4
EsN0dB=14.44,GRXdB=10,N0=0.000630957365501672
packet_number=155,correct=True,payload=[0,1,2,3,4,5,6,7,8,9,10,11,12,13,14,15,16,17,18,19,20,21,22,23,24,25,26,27,28,29,30,31,32,33,34,35,36,37,38,39,40,41,42,43,44,45,46,47,48,49,50,51,52,53,54,55,56,57,58,59,60,61,62,63,64,65,66,67,68,69,70,71,72,73,74,75,76,77,78,79,80,81,82,83,84,85,86,87,88,89,90,91,92,93,94,95,96,97,98,99]
CFO=-813.6829852865903,STO=5
EsN0dB=14.36,GRXdB=10,N0=0.000630957365501672
packet_number=156,correct=True,payload=[0,1,2,3,4,5,6,7,8,9,10,11,12,13,14,15,16,17,18,19,20,21,22,23,24,25,26,27,28,29,30,31,32,33,34,35,36,37,38,39,40,41,42,43,44,45,46,47,48,49,50,51,52,53,54,55,56,57,58,59,60,61,62,63,64,65,66,67,68,69,70,71,72,73,74,75,76,77,78,79,80,81,82,83,84,85,86,87,88,89,90,91,92,93,94,95,96,97,98,99]
CFO=-831.7661482735454,STO=4
EsN0dB=14.32,GRXdB=10,N0=0.000630957365501672
packet_number=157,correct=True,payload=[0,1,2,3,4,5,6,7,8,9,10,11,12,13,14,15,16,17,18,19,20,21,22,23,24,25,26,27,28,29,30,31,32,33,34,35,36,37,38,39,40,41,42,43,44,45,46,47,48,49,50,51,52,53,54,55,56,57,58,59,60,61,62,63,64,65,66,67,68,69,70,71,72,73,74,75,76,77,78,79,80,81,82,83,84,85,86,87,88,89,90,91,92,93,94,95,96,97,98,99]
CFO=-894.0020967967283,STO=4
EsN0dB=14.36,GRXdB=10,N0=0.000630957365501672
packet_number=158,correct=True,payload=[0,1,2,3,4,5,6,7,8,9,10,11,12,13,14,15,16,17,18,19,20,21,22,23,24,25,26,27,28,29,30,31,32,33,34,35,36,37,38,39,40,41,42,43,44,45,46,47,48,49,50,51,52,53,54,55,56,57,58,59,60,61,62,63,64,65,66,67,68,69,70,71,72,73,74,75,76,77,78,79,80,81,82,83,84,85,86,87,88,89,90,91,92,93,94,95,96,97,98,99]
CFO=-909.9842058460292,STO=6
EsN0dB=14.29,GRXdB=10,N0=0.000630957365501672
packet_number=159,correct=True,payload=[0,1,2,3,4,5,6,7,8,9,10,11,12,13,14,15,16,17,18,19,20,21,22,23,24,25,26,27,28,29,30,31,32,33,34,35,36,37,38,39,40,41,42,43,44,45,46,47,48,49,50,51,52,53,54,55,56,57,58,59,60,61,62,63,64,65,66,67,68,69,70,71,72,73,74,75,76,77,78,79,80,81,82,83,84,85,86,87,88,89,90,91,92,93,94,95,96,97,98,99]
CFO=-1028.9791449516913,STO=5
EsN0dB=14.38,GRXdB=10,N0=0.000630957365501672
packet_number=160,correct=True,payload=[0,1,2,3,4,5,6,7,8,9,10,11,12,13,14,15,16,17,18,19,20,21,22,23,24,25,26,27,28,29,30,31,32,33,34,35,36,37,38,39,40,41,42,43,44,45,46,47,48,49,50,51,52,53,54,55,56,57,58,59,60,61,62,63,64,65,66,67,68,69,70,71,72,73,74,75,76,77,78,79,80,81,82,83,84,85,86,87,88,89,90,91,92,93,94,95,96,97,98,99]
CFO=-942.6827878600806,STO=2
EsN0dB=14.31,GRXdB=10,N0=0.000630957365501672
packet_number=161,correct=False,payload=[0,1,2,3,4,5,6,7,8,9,10,11,12,13,14,15,16,17,18,19,20,21,22,23,24,25,26,27,28,29,30,31,32,33,34,35,36,37,38,39,40,41,42,43,44,45,46,47,48,49,50,51,52,53,54,55,56,57,58,59,60,61,62,63,64,65,66,67,68,69,70,71,72,73,10,75,76,77,78,79,80,81,82,83,84,85,86,87,88,89,90,91,92,93,94,95,96,97,98,99]
CFO=-774.7578439283935,STO=5
EsN0dB=14.46,GRXdB=10,N0=0.000630957365501672
packet_number=162,correct=True,payload=[0,1,2,3,4,5,6,7,8,9,10,11,12,13,14,15,16,17,18,19,20,21,22,23,24,25,26,27,28,29,30,31,32,33,34,35,36,37,38,39,40,41,42,43,44,45,46,47,48,49,50,51,52,53,54,55,56,57,58,59,60,61,62,63,64,65,66,67,68,69,70,71,72,73,74,75,76,77,78,79,80,81,82,83,84,85,86,87,88,89,90,91,92,93,94,95,96,97,98,99]
CFO=-983.2929463728934,STO=5
EsN0dB=14.27,GRXdB=10,N0=0.000630957365501672
packet_number=163,correct=True,payload=[0,1,2,3,4,5,6,7,8,9,10,11,12,13,14,15,16,17,18,19,20,21,22,23,24,25,26,27,28,29,30,31,32,33,34,35,36,37,38,39,40,41,42,43,44,45,46,47,48,49,50,51,52,53,54,55,56,57,58,59,60,61,62,63,64,65,66,67,68,69,70,71,72,73,74,75,76,77,78,79,80,81,82,83,84,85,86,87,88,89,90,91,92,93,94,95,96,97,98,99]
CFO=-834.0294784938237,STO=7
EsN0dB=14.32,GRXdB=10,N0=0.000630957365501672
packet_number=164,correct=True,payload=[0,1,2,3,4,5,6,7,8,9,10,11,12,13,14,15,16,17,18,19,20,21,22,23,24,25,26,27,28,29,30,31,32,33,34,35,36,37,38,39,40,41,42,43,44,45,46,47,48,49,50,51,52,53,54,55,56,57,58,59,60,61,62,63,64,65,66,67,68,69,70,71,72,73,74,75,76,77,78,79,80,81,82,83,84,85,86,87,88,89,90,91,92,93,94,95,96,97,98,99]
CFO=-1011.4055188200063,STO=5
EsN0dB=14.40,GRXdB=10,N0=0.000630957365501672
packet_number=165,correct=True,payload=[0,1,2,3,4,5,6,7,8,9,10,11,12,13,14,15,16,17,18,19,20,21,22,23,24,25,26,27,28,29,30,31,32,33,34,35,36,37,38,39,40,41,42,43,44,45,46,47,48,49,50,51,52,53,54,55,56,57,58,59,60,61,62,63,64,65,66,67,68,69,70,71,72,73,74,75,76,77,78,79,80,81,82,83,84,85,86,87,88,89,90,91,92,93,94,95,96,97,98,99]
CFO=-830.4536491619431,STO=2
EsN0dB=14.32,GRXdB=10,N0=0.000630957365501672
packet_number=166,correct=False,payload=[0,1,2,3,4,5,6,7,8,9,10,11,12,13,14,15,16,17,18,27,20,21,22,23,24,25,26,27,28,29,30,31,32,33,34,35,36,37,38,39,40,41,42,43,44,45,46,47,48,49,50,51,52,49,54,55,56,57,58,59,60,61,62,63,64,65,66,67,68,69,70,71,72,73,74,75,76,77,78,79,80,81,82,83,84,81,70,87,88,89,90,91,92,93,94,95,96,97,98,99]
CFO=-824.0003654828486,STO=4
EsN0dB=14.35,GRXdB=10,N0=0.000630957365501672
packet_number=167,correct=True,payload=[0,1,2,3,4,5,6,7,8,9,10,11,12,13,14,15,16,17,18,19,20,21,22,23,24,25,26,27,28,29,30,31,32,33,34,35,36,37,38,39,40,41,42,43,44,45,46,47,48,49,50,51,52,53,54,55,56,57,58,59,60,61,62,63,64,65,66,67,68,69,70,71,72,73,74,75,76,77,78,79,80,81,82,83,84,85,86,87,88,89,90,91,92,93,94,95,96,97,98,99]
CFO=-835.4743718104314,STO=1
EsN0dB=14.42,GRXdB=10,N0=0.000630957365501672
packet_number=168,correct=False,payload=[0,1,2,1,132,5,6,7,8,8,0,9,14,12,6,15,24,17,26,19,148,28,158,7,152,9,26,25,28,13,14,15,48,33,176,35,36,37,38,39,32,40,18,35,172,45,47,47,16,48,50,51,54,63,18,63,56,56,26,59,60,29,158,63,128,1,66,67,192,97,70,71,76,104,9,75,196,76,14,79,88,81,10,91,212,81,82,87,92,93,126,11,92,79,78,127,224,97,99,99]
CFO=-843.7154219308749,STO=4
EsN0dB=14.30,GRXdB=10,N0=0.000630957365501672
packet_number=169,correct=True,payload=[0,1,2,3,4,5,6,7,8,9,10,11,12,13,14,15,16,17,18,19,20,21,22,23,24,25,26,27,28,29,30,31,32,33,34,35,36,37,38,39,40,41,42,43,44,45,46,47,48,49,50,51,52,53,54,55,56,57,58,59,60,61,62,63,64,65,66,67,68,69,70,71,72,73,74,75,76,77,78,79,80,81,82,83,84,85,86,87,88,89,90,91,92,93,94,95,96,97,98,99]
CFO=-877.7899431816319,STO=5
EsN0dB=14.29,GRXdB=10,N0=0.000630957365501672
packet_number=170,correct=True,payload=[0,1,2,3,4,5,6,7,8,9,10,11,12,13,14,15,16,17,18,19,20,21,22,23,24,25,26,27,28,29,30,31,32,33,34,35,36,37,38,39,40,41,42,43,44,45,46,47,48,49,50,51,52,53,54,55,56,57,58,59,60,61,62,63,64,65,66,67,68,69,70,71,72,73,74,75,76,77,78,79,80,81,82,83,84,85,86,87,88,89,90,91,92,93,94,95,96,97,98,99]
CFO=-894.9524535867122,STO=6
EsN0dB=14.36,GRXdB=10,N0=0.000630957365501672
packet_number=171,correct=True,payload=[0,1,2,3,4,5,6,7,8,9,10,11,12,13,14,15,16,17,18,19,20,21,22,23,24,25,26,27,28,29,30,31,32,33,34,35,36,37,38,39,40,41,42,43,44,45,46,47,48,49,50,51,52,53,54,55,56,57,58,59,60,61,62,63,64,65,66,67,68,69,70,71,72,73,74,75,76,77,78,79,80,81,82,83,84,85,86,87,88,89,90,91,92,93,94,95,96,97,98,99]
CFO=-725.7992021113171,STO=4
EsN0dB=14.42,GRXdB=10,N0=0.000630957365501672
packet_number=172,correct=True,payload=[0,1,2,3,4,5,6,7,8,9,10,11,12,13,14,15,16,17,18,19,20,21,22,23,24,25,26,27,28,29,30,31,32,33,34,35,36,37,38,39,40,41,42,43,44,45,46,47,48,49,50,51,52,53,54,55,56,57,58,59,60,61,62,63,64,65,66,67,68,69,70,71,72,73,74,75,76,77,78,79,80,81,82,83,84,85,86,87,88,89,90,91,92,93,94,95,96,97,98,99]
CFO=-741.6799848299622,STO=4
EsN0dB=14.35,GRXdB=10,N0=0.000630957365501672
packet_number=173,correct=True,payload=[0,1,2,3,4,5,6,7,8,9,10,11,12,13,14,15,16,17,18,19,20,21,22,23,24,25,26,27,28,29,30,31,32,33,34,35,36,37,38,39,40,41,42,43,44,45,46,47,48,49,50,51,52,53,54,55,56,57,58,59,60,61,62,63,64,65,66,67,68,69,70,71,72,73,74,75,76,77,78,79,80,81,82,83,84,85,86,87,88,89,90,91,92,93,94,95,96,97,98,99]
CFO=-871.3820162274943,STO=4
EsN0dB=14.33,GRXdB=10,N0=0.000630957365501672
packet_number=174,correct=True,payload=[0,1,2,3,4,5,6,7,8,9,10,11,12,13,14,15,16,17,18,19,20,21,22,23,24,25,26,27,28,29,30,31,32,33,34,35,36,37,38,39,40,41,42,43,44,45,46,47,48,49,50,51,52,53,54,55,56,57,58,59,60,61,62,63,64,65,66,67,68,69,70,71,72,73,74,75,76,77,78,79,80,81,82,83,84,85,86,87,88,89,90,91,92,93,94,95,96,97,98,99]
CFO=-712.685713223585,STO=3
EsN0dB=14.36,GRXdB=10,N0=0.000630957365501672
packet_number=175,correct=False,payload=[0,1,2,3,4,5,6,7,8,9,10,11,12,13,14,15,16,17,18,19,20,21,22,23,24,25,26,27,28,29,30,31,32,33,34,35,36,37,38,39,40,41,42,43,44,45,46,47,48,49,50,51,52,53,54,55,56,57,58,59,60,61,62,63,64,65,66,67,4,69,70,71,72,73,74,75,76,77,78,79,80,81,82,83,84,85,86,87,88,89,90,91,92,93,94,95,96,33,98,99]
CFO=-746.8286549457151,STO=1
EsN0dB=14.42,GRXdB=10,N0=0.000630957365501672
packet_number=176,correct=False,payload=[0,1,0,1,128,1,6,7,8,8,138,5,12,15,15,15,24,16,145,27,20,4,14,23,8,29,26,27,156,13,30,31,32,32,162,33,164,53,34,3,44,49,42,11,46,44,158,47,176,17,178,59,52,53,62,55,28,56,56,27,188,61,62,63,64,65,66,65,228,101,166,71,72,77,66,107,76,76,71,15,112,113,178,19,84,84,119,107,76,25,26,79,252,77,94,95,96,97,114,35]
CFO=-903.4084886544687,STO=4
EsN0dB=14.23,GRXdB=10,N0=0.000630957365501672
packet_number=177,correct=True,payload=[0,1,2,3,4,5,6,7,8,9,10,11,12,13,14,15,16,17,18,19,20,21,22,23,24,25,26,27,28,29,30,31,32,33,34,35,36,37,38,39,40,41,42,43,44,45,46,47,48,49,50,51,52,53,54,55,56,57,58,59,60,61,62,63,64,65,66,67,68,69,70,71,72,73,74,75,76,77,78,79,80,81,82,83,84,85,86,87,88,89,90,91,92,93,94,95,96,97,98,99]
CFO=-1015.5813020078882,STO=5
EsN0dB=14.47,GRXdB=10,N0=0.000630957365501672
packet_number=178,correct=True,payload=[0,1,2,3,4,5,6,7,8,9,10,11,12,13,14,15,16,17,18,19,20,21,22,23,24,25,26,27,28,29,30,31,32,33,34,35,36,37,38,39,40,41,42,43,44,45,46,47,48,49,50,51,52,53,54,55,56,57,58,59,60,61,62,63,64,65,66,67,68,69,70,71,72,73,74,75,76,77,78,79,80,81,82,83,84,85,86,87,88,89,90,91,92,93,94,95,96,97,98,99]
CFO=-1069.2784468514974,STO=5
EsN0dB=14.34,GRXdB=10,N0=0.000630957365501672
packet_number=179,correct=True,payload=[0,1,2,3,4,5,6,7,8,9,10,11,12,13,14,15,16,17,18,19,20,21,22,23,24,25,26,27,28,29,30,31,32,33,34,35,36,37,38,39,40,41,42,43,44,45,46,47,48,49,50,51,52,53,54,55,56,57,58,59,60,61,62,63,64,65,66,67,68,69,70,71,72,73,74,75,76,77,78,79,80,81,82,83,84,85,86,87,88,89,90,91,92,93,94,95,96,97,98,99]
CFO=-1043.647450512986,STO=4
EsN0dB=14.32,GRXdB=10,N0=0.000630957365501672
packet_number=180,correct=True,payload=[0,1,2,3,4,5,6,7,8,9,10,11,12,13,14,15,16,17,18,19,20,21,22,23,24,25,26,27,28,29,30,31,32,33,34,35,36,37,38,39,40,41,42,43,44,45,46,47,48,49,50,51,52,53,54,55,56,57,58,59,60,61,62,63,64,65,66,67,68,69,70,71,72,73,74,75,76,77,78,79,80,81,82,83,84,85,86,87,88,89,90,91,92,93,94,95,96,97,98,99]
CFO=-839.5733746599873,STO=5
EsN0dB=14.33,GRXdB=10,N0=0.000630957365501672
packet_number=181,correct=True,payload=[0,1,2,3,4,5,6,7,8,9,10,11,12,13,14,15,16,17,18,19,20,21,22,23,24,25,26,27,28,29,30,31,32,33,34,35,36,37,38,39,40,41,42,43,44,45,46,47,48,49,50,51,52,53,54,55,56,57,58,59,60,61,62,63,64,65,66,67,68,69,70,71,72,73,74,75,76,77,78,79,80,81,82,83,84,85,86,87,88,89,90,91,92,93,94,95,96,97,98,99]
CFO=-797.823487619265,STO=4
EsN0dB=14.39,GRXdB=10,N0=0.000630957365501672
packet_number=182,correct=True,payload=[0,1,2,3,4,5,6,7,8,9,10,11,12,13,14,15,16,17,18,19,20,21,22,23,24,25,26,27,28,29,30,31,32,33,34,35,36,37,38,39,40,41,42,43,44,45,46,47,48,49,50,51,52,53,54,55,56,57,58,59,60,61,62,63,64,65,66,67,68,69,70,71,72,73,74,75,76,77,78,79,80,81,82,83,84,85,86,87,88,89,90,91,92,93,94,95,96,97,98,99]
CFO=-1027.5266625360057,STO=5
EsN0dB=14.39,GRXdB=10,N0=0.000630957365501672
packet_number=183,correct=True,payload=[0,1,2,3,4,5,6,7,8,9,10,11,12,13,14,15,16,17,18,19,20,21,22,23,24,25,26,27,28,29,30,31,32,33,34,35,36,37,38,39,40,41,42,43,44,45,46,47,48,49,50,51,52,53,54,55,56,57,58,59,60,61,62,63,64,65,66,67,68,69,70,71,72,73,74,75,76,77,78,79,80,81,82,83,84,85,86,87,88,89,90,91,92,93,94,95,96,97,98,99]
CFO=-809.9931415990333,STO=5
EsN0dB=14.37,GRXdB=10,N0=0.000630957365501672
packet_number=184,correct=True,payload=[0,1,2,3,4,5,6,7,8,9,10,11,12,13,14,15,16,17,18,19,20,21,22,23,24,25,26,27,28,29,30,31,32,33,34,35,36,37,38,39,40,41,42,43,44,45,46,47,48,49,50,51,52,53,54,55,56,57,58,59,60,61,62,63,64,65,66,67,68,69,70,71,72,73,74,75,76,77,78,79,80,81,82,83,84,85,86,87,88,89,90,91,92,93,94,95,96,97,98,99]
CFO=-1122.6174810823734,STO=5
EsN0dB=14.45,GRXdB=10,N0=0.000630957365501672
packet_number=185,correct=True,payload=[0,1,2,3,4,5,6,7,8,9,10,11,12,13,14,15,16,17,18,19,20,21,22,23,24,25,26,27,28,29,30,31,32,33,34,35,36,37,38,39,40,41,42,43,44,45,46,47,48,49,50,51,52,53,54,55,56,57,58,59,60,61,62,63,64,65,66,67,68,69,70,71,72,73,74,75,76,77,78,79,80,81,82,83,84,85,86,87,88,89,90,91,92,93,94,95,96,97,98,99]
CFO=-1008.2767941455135,STO=4
EsN0dB=14.40,GRXdB=10,N0=0.000630957365501672
packet_number=186,correct=True,payload=[0,1,2,3,4,5,6,7,8,9,10,11,12,13,14,15,16,17,18,19,20,21,22,23,24,25,26,27,28,29,30,31,32,33,34,35,36,37,38,39,40,41,42,43,44,45,46,47,48,49,50,51,52,53,54,55,56,57,58,59,60,61,62,63,64,65,66,67,68,69,70,71,72,73,74,75,76,77,78,79,80,81,82,83,84,85,86,87,88,89,90,91,92,93,94,95,96,97,98,99]
CFO=-839.1500452270542,STO=4
EsN0dB=14.43,GRXdB=10,N0=0.000630957365501672
packet_number=187,correct=True,payload=[0,1,2,3,4,5,6,7,8,9,10,11,12,13,14,15,16,17,18,19,20,21,22,23,24,25,26,27,28,29,30,31,32,33,34,35,36,37,38,39,40,41,42,43,44,45,46,47,48,49,50,51,52,53,54,55,56,57,58,59,60,61,62,63,64,65,66,67,68,69,70,71,72,73,74,75,76,77,78,79,80,81,82,83,84,85,86,87,88,89,90,91,92,93,94,95,96,97,98,99]
CFO=-869.2826816951001,STO=4
EsN0dB=14.33,GRXdB=10,N0=0.000630957365501672
packet_number=188,correct=True,payload=[0,1,2,3,4,5,6,7,8,9,10,11,12,13,14,15,16,17,18,19,20,21,22,23,24,25,26,27,28,29,30,31,32,33,34,35,36,37,38,39,40,41,42,43,44,45,46,47,48,49,50,51,52,53,54,55,56,57,58,59,60,61,62,63,64,65,66,67,68,69,70,71,72,73,74,75,76,77,78,79,80,81,82,83,84,85,86,87,88,89,90,91,92,93,94,95,96,97,98,99]
CFO=-969.2809200123181,STO=5
EsN0dB=14.40,GRXdB=10,N0=0.000630957365501672
packet_number=189,correct=True,payload=[0,1,2,3,4,5,6,7,8,9,10,11,12,13,14,15,16,17,18,19,20,21,22,23,24,25,26,27,28,29,30,31,32,33,34,35,36,37,38,39,40,41,42,43,44,45,46,47,48,49,50,51,52,53,54,55,56,57,58,59,60,61,62,63,64,65,66,67,68,69,70,71,72,73,74,75,76,77,78,79,80,81,82,83,84,85,86,87,88,89,90,91,92,93,94,95,96,97,98,99]
CFO=-1046.313833042099,STO=5
EsN0dB=14.34,GRXdB=10,N0=0.000630957365501672
packet_number=190,correct=True,payload=[0,1,2,3,4,5,6,7,8,9,10,11,12,13,14,15,16,17,18,19,20,21,22,23,24,25,26,27,28,29,30,31,32,33,34,35,36,37,38,39,40,41,42,43,44,45,46,47,48,49,50,51,52,53,54,55,56,57,58,59,60,61,62,63,64,65,66,67,68,69,70,71,72,73,74,75,76,77,78,79,80,81,82,83,84,85,86,87,88,89,90,91,92,93,94,95,96,97,98,99]
CFO=-908.5256758670162,STO=4
EsN0dB=14.41,GRXdB=10,N0=0.000630957365501672
packet_number=191,correct=True,payload=[0,1,2,3,4,5,6,7,8,9,10,11,12,13,14,15,16,17,18,19,20,21,22,23,24,25,26,27,28,29,30,31,32,33,34,35,36,37,38,39,40,41,42,43,44,45,46,47,48,49,50,51,52,53,54,55,56,57,58,59,60,61,62,63,64,65,66,67,68,69,70,71,72,73,74,75,76,77,78,79,80,81,82,83,84,85,86,87,88,89,90,91,92,93,94,95,96,97,98,99]
CFO=-879.337526495136,STO=5
EsN0dB=14.40,GRXdB=10,N0=0.000630957365501672
packet_number=192,correct=True,payload=[0,1,2,3,4,5,6,7,8,9,10,11,12,13,14,15,16,17,18,19,20,21,22,23,24,25,26,27,28,29,30,31,32,33,34,35,36,37,38,39,40,41,42,43,44,45,46,47,48,49,50,51,52,53,54,55,56,57,58,59,60,61,62,63,64,65,66,67,68,69,70,71,72,73,74,75,76,77,78,79,80,81,82,83,84,85,86,87,88,89,90,91,92,93,94,95,96,97,98,99]
CFO=-818.2930665271663,STO=5
EsN0dB=14.31,GRXdB=10,N0=0.000630957365501672
packet_number=193,correct=True,payload=[0,1,2,3,4,5,6,7,8,9,10,11,12,13,14,15,16,17,18,19,20,21,22,23,24,25,26,27,28,29,30,31,32,33,34,35,36,37,38,39,40,41,42,43,44,45,46,47,48,49,50,51,52,53,54,55,56,57,58,59,60,61,62,63,64,65,66,67,68,69,70,71,72,73,74,75,76,77,78,79,80,81,82,83,84,85,86,87,88,89,90,91,92,93,94,95,96,97,98,99]
CFO=-704.6820596086686,STO=6
EsN0dB=14.41,GRXdB=10,N0=0.000630957365501672
packet_number=194,correct=True,payload=[0,1,2,3,4,5,6,7,8,9,10,11,12,13,14,15,16,17,18,19,20,21,22,23,24,25,26,27,28,29,30,31,32,33,34,35,36,37,38,39,40,41,42,43,44,45,46,47,48,49,50,51,52,53,54,55,56,57,58,59,60,61,62,63,64,65,66,67,68,69,70,71,72,73,74,75,76,77,78,79,80,81,82,83,84,85,86,87,88,89,90,91,92,93,94,95,96,97,98,99]
CFO=-782.9810478080369,STO=5
EsN0dB=14.38,GRXdB=10,N0=0.000630957365501672
packet_number=195,correct=True,payload=[0,1,2,3,4,5,6,7,8,9,10,11,12,13,14,15,16,17,18,19,20,21,22,23,24,25,26,27,28,29,30,31,32,33,34,35,36,37,38,39,40,41,42,43,44,45,46,47,48,49,50,51,52,53,54,55,56,57,58,59,60,61,62,63,64,65,66,67,68,69,70,71,72,73,74,75,76,77,78,79,80,81,82,83,84,85,86,87,88,89,90,91,92,93,94,95,96,97,98,99]
CFO=-927.1075256691531,STO=4
EsN0dB=14.30,GRXdB=10,N0=0.000630957365501672
packet_number=196,correct=True,payload=[0,1,2,3,4,5,6,7,8,9,10,11,12,13,14,15,16,17,18,19,20,21,22,23,24,25,26,27,28,29,30,31,32,33,34,35,36,37,38,39,40,41,42,43,44,45,46,47,48,49,50,51,52,53,54,55,56,57,58,59,60,61,62,63,64,65,66,67,68,69,70,71,72,73,74,75,76,77,78,79,80,81,82,83,84,85,86,87,88,89,90,91,92,93,94,95,96,97,98,99]
CFO=-906.6064045682099,STO=5
EsN0dB=14.32,GRXdB=10,N0=0.000630957365501672
packet_number=197,correct=True,payload=[0,1,2,3,4,5,6,7,8,9,10,11,12,13,14,15,16,17,18,19,20,21,22,23,24,25,26,27,28,29,30,31,32,33,34,35,36,37,38,39,40,41,42,43,44,45,46,47,48,49,50,51,52,53,54,55,56,57,58,59,60,61,62,63,64,65,66,67,68,69,70,71,72,73,74,75,76,77,78,79,80,81,82,83,84,85,86,87,88,89,90,91,92,93,94,95,96,97,98,99]
CFO=-898.0107419353892,STO=5
EsN0dB=14.35,GRXdB=10,N0=0.000630957365501672
packet_number=198,correct=True,payload=[0,1,2,3,4,5,6,7,8,9,10,11,12,13,14,15,16,17,18,19,20,21,22,23,24,25,26,27,28,29,30,31,32,33,34,35,36,37,38,39,40,41,42,43,44,45,46,47,48,49,50,51,52,53,54,55,56,57,58,59,60,61,62,63,64,65,66,67,68,69,70,71,72,73,74,75,76,77,78,79,80,81,82,83,84,85,86,87,88,89,90,91,92,93,94,95,96,97,98,99]
CFO=-876.1566267644833,STO=4
EsN0dB=14.40,GRXdB=10,N0=0.000630957365501672
packet_number=199,correct=True,payload=[0,1,2,3,4,5,6,7,8,9,10,11,12,13,14,15,16,17,18,19,20,21,22,23,24,25,26,27,28,29,30,31,32,33,34,35,36,37,38,39,40,41,42,43,44,45,46,47,48,49,50,51,52,53,54,55,56,57,58,59,60,61,62,63,64,65,66,67,68,69,70,71,72,73,74,75,76,77,78,79,80,81,82,83,84,85,86,87,88,89,90,91,92,93,94,95,96,97,98,99]
CFO=-1006.9762122910569,STO=3
EsN0dB=14.38,GRXdB=10,N0=0.000630957365501672
packet_number=200,correct=False,payload=[0,1,2,3,4,5,6,7,8,9,10,11,12,13,14,15,16,17,18,19,20,21,22,23,24,25,26,27,28,29,30,31,32,33,34,35,36,37,38,39,40,41,42,43,44,45,46,47,48,49,50,51,52,53,54,55,56,57,58,59,60,61,62,63,64,65,66,67,68,69,70,71,72,73,74,75,76,77,78,79,80,81,82,83,84,85,86,87,88,89,90,91,76,93,94,95,96,97,98,99]
CFO=-947.727878631389,STO=5
EsN0dB=12.29,GRXdB=10,N0=0.0010000000474974513
packet_number=201,correct=True,payload=[0,1,2,3,4,5,6,7,8,9,10,11,12,13,14,15,16,17,18,19,20,21,22,23,24,25,26,27,28,29,30,31,32,33,34,35,36,37,38,39,40,41,42,43,44,45,46,47,48,49,50,51,52,53,54,55,56,57,58,59,60,61,62,63,64,65,66,67,68,69,70,71,72,73,74,75,76,77,78,79,80,81,82,83,84,85,86,87,88,89,90,91,92,93,94,95,96,97,98,99]
CFO=-1041.2891379745622,STO=4
EsN0dB=12.40,GRXdB=10,N0=0.0010000000474974513
packet_number=202,correct=True,payload=[0,1,2,3,4,5,6,7,8,9,10,11,12,13,14,15,16,17,18,19,20,21,22,23,24,25,26,27,28,29,30,31,32,33,34,35,36,37,38,39,40,41,42,43,44,45,46,47,48,49,50,51,52,53,54,55,56,57,58,59,60,61,62,63,64,65,66,67,68,69,70,71,72,73,74,75,76,77,78,79,80,81,82,83,84,85,86,87,88,89,90,91,92,93,94,95,96,97,98,99]
CFO=-855.5263131097079,STO=1
EsN0dB=12.44,GRXdB=10,N0=0.0010000000474974513
packet_number=203,correct=False,payload=[0,0,6,3,4,5,14,7,8,1,10,23,12,25,28,15,0,49,18,19,20,6,20,23,16,25,58,22,60,28,30,31,96,33,34,2,4,32,102,38,120,57,98,39,124,105,46,47,96,51,50,115,36,63,124,55,56,56,62,62,60,57,62,63,64,67,64,3,196,70,4,198,72,217,30,202,136,76,94,15,208,83,130,35,48,91,108,118,248,80,218,215,92,125,190,126,224,65,66,99]
CFO=-932.5869144931555,STO=4
EsN0dB=12.34,GRXdB=10,N0=0.0010000000474974513
packet_number=204,correct=False,payload=[176,0,16,32,48,0,120,112,48,128,16,32,176,224,88,112,248,1,8,32,185,96,121,113,57,128,192,129,241,225,209,224,242,1,26,34,18,64,66,96,112,2,128,162,251,65,209,243,115,131,147,51,51,163,27,225,115,129,209,163,249,227,227,241,240,4,2,20,52,68,80,100,118,4,214,148,144,192,86,230,244,1,149,7,149,164,17,101,113,134,197,165,215,198,245,226,242,6,2,54]
CFO=-828.537105195618,STO=4
EsN0dB=12.45,GRXdB=10,N0=0.0010000000474974513
packet_number=205,correct=True,payload=[0,1,2,3,4,5,6,7,8,9,10,11,12,13,14,15,16,17,18,19,20,21,22,23,24,25,26,27,28,29,30,31,32,33,34,35,36,37,38,39,40,41,42,43,44,45,46,47,48,49,50,51,52,53,54,55,56,57,58,59,60,61,62,63,64,65,66,67,68,69,70,71,72,73,74,75,76,77,78,79,80,81,82,83,84,85,86,87,88,89,90,91,92,93,94,95,96,97,98,99]
CFO=-765.7344644147354,STO=2
EsN0dB=12.35,GRXdB=10,N0=0.0010000000474974513
packet_number=206,correct=False,payload=[0,1,2,3,4,5,6,7,8,8,8,11,12,13,14,15,16,17,18,19,20,21,22,23,24,25,26,27,28,29,30,31,0,33,34,35,36,37,38,39,40,41,42,41,44,45,46,47,16,49,50,51,52,53,54,55,56,57,56,59,60,61,62,63,64,65,66,67,68,69,70,71,104,73,74,73,76,77,78,79,80,81,114,83,84,85,86,87,88,73,90,91,92,93,94,95,112,97,98,99]
CFO=-809.9557890020099,STO=4
EsN0dB=12.27,GRXdB=10,N0=0.0010000000474974513
packet_number=207,correct=True,payload=[0,1,2,3,4,5,6,7,8,9,10,11,12,13,14,15,16,17,18,19,20,21,22,23,24,25,26,27,28,29,30,31,32,33,34,35,36,37,38,39,40,41,42,43,44,45,46,47,48,49,50,51,52,53,54,55,56,57,58,59,60,61,62,63,64,65,66,67,68,69,70,71,72,73,74,75,76,77,78,79,80,81,82,83,84,85,86,87,88,89,90,91,92,93,94,95,96,97,98,99]
CFO=-904.9670998775703,STO=3
EsN0dB=12.29,GRXdB=10,N0=0.0010000000474974513
packet_number=208,correct=True,payload=[0,1,2,3,4,5,6,7,8,9,10,11,12,13,14,15,16,17,18,19,20,21,22,23,24,25,26,27,28,29,30,31,32,33,34,35,36,37,38,39,40,41,42,43,44,45,46,47,48,49,50,51,52,53,54,55,56,57,58,59,60,61,62,63,64,65,66,67,68,69,70,71,72,73,74,75,76,77,78,79,80,81,82,83,84,85,86,87,88,89,90,91,92,93,94,95,96,97,98,99]
CFO=-1107.1747316761246,STO=5
EsN0dB=12.25,GRXdB=10,N0=0.0010000000474974513
packet_number=209,correct=True,payload=[0,1,2,3,4,5,6,7,8,9,10,11,12,13,14,15,16,17,18,19,20,21,22,23,24,25,26,27,28,29,30,31,32,33,34,35,36,37,38,39,40,41,42,43,44,45,46,47,48,49,50,51,52,53,54,55,56,57,58,59,60,61,62,63,64,65,66,67,68,69,70,71,72,73,74,75,76,77,78,79,80,81,82,83,84,85,86,87,88,89,90,91,92,93,94,95,96,97,98,99]
CFO=-957.7316155923228,STO=5
EsN0dB=12.37,GRXdB=10,N0=0.0010000000474974513
packet_number=210,correct=True,payload=[0,1,2,3,4,5,6,7,8,9,10,11,12,13,14,15,16,17,18,19,20,21,22,23,24,25,26,27,28,29,30,31,32,33,34,35,36,37,38,39,40,41,42,43,44,45,46,47,48,49,50,51,52,53,54,55,56,57,58,59,60,61,62,63,64,65,66,67,68,69,70,71,72,73,74,75,76,77,78,79,80,81,82,83,84,85,86,87,88,89,90,91,92,93,94,95,96,97,98,99]
CFO=-915.6232029100114,STO=3
EsN0dB=12.30,GRXdB=10,N0=0.0010000000474974513
packet_number=211,correct=True,payload=[0,1,2,3,4,5,6,7,8,9,10,11,12,13,14,15,16,17,18,19,20,21,22,23,24,25,26,27,28,29,30,31,32,33,34,35,36,37,38,39,40,41,42,43,44,45,46,47,48,49,50,51,52,53,54,55,56,57,58,59,60,61,62,63,64,65,66,67,68,69,70,71,72,73,74,75,76,77,78,79,80,81,82,83,84,85,86,87,88,89,90,91,92,93,94,95,96,97,98,99]
CFO=-1305.296819418019,STO=5
EsN0dB=12.32,GRXdB=10,N0=0.0010000000474974513
packet_number=212,correct=True,payload=[0,1,2,3,4,5,6,7,8,9,10,11,12,13,14,15,16,17,18,19,20,21,22,23,24,25,26,27,28,29,30,31,32,33,34,35,36,37,38,39,40,41,42,43,44,45,46,47,48,49,50,51,52,53,54,55,56,57,58,59,60,61,62,63,64,65,66,67,68,69,70,71,72,73,74,75,76,77,78,79,80,81,82,83,84,85,86,87,88,89,90,91,92,93,94,95,96,97,98,99]
CFO=-836.4882873051918,STO=5
EsN0dB=12.40,GRXdB=10,N0=0.0010000000474974513
packet_number=213,correct=True,payload=[0,1,2,3,4,5,6,7,8,9,10,11,12,13,14,15,16,17,18,19,20,21,22,23,24,25,26,27,28,29,30,31,32,33,34,35,36,37,38,39,40,41,42,43,44,45,46,47,48,49,50,51,52,53,54,55,56,57,58,59,60,61,62,63,64,65,66,67,68,69,70,71,72,73,74,75,76,77,78,79,80,81,82,83,84,85,86,87,88,89,90,91,92,93,94,95,96,97,98,99]
CFO=-640.3072302321158,STO=6
EsN0dB=12.38,GRXdB=10,N0=0.0010000000474974513
packet_number=214,correct=True,payload=[0,1,2,3,4,5,6,7,8,9,10,11,12,13,14,15,16,17,18,19,20,21,22,23,24,25,26,27,28,29,30,31,32,33,34,35,36,37,38,39,40,41,42,43,44,45,46,47,48,49,50,51,52,53,54,55,56,57,58,59,60,61,62,63,64,65,66,67,68,69,70,71,72,73,74,75,76,77,78,79,80,81,82,83,84,85,86,87,88,89,90,91,92,93,94,95,96,97,98,99]
CFO=-1012.3339976603048,STO=5
EsN0dB=12.30,GRXdB=10,N0=0.0010000000474974513
packet_number=215,correct=True,payload=[0,1,2,3,4,5,6,7,8,9,10,11,12,13,14,15,16,17,18,19,20,21,22,23,24,25,26,27,28,29,30,31,32,33,34,35,36,37,38,39,40,41,42,43,44,45,46,47,48,49,50,51,52,53,54,55,56,57,58,59,60,61,62,63,64,65,66,67,68,69,70,71,72,73,74,75,76,77,78,79,80,81,82,83,84,85,86,87,88,89,90,91,92,93,94,95,96,97,98,99]
CFO=-924.4557284398303,STO=0
EsN0dB=12.41,GRXdB=10,N0=0.0010000000474974513
packet_number=216,correct=False,payload=[0,1,6,2,4,4,14,6,8,11,12,18,8,29,12,31,0,49,48,18,4,60,38,14,24,57,58,27,56,29,30,31,32,65,66,67,4,37,46,7,64,56,62,75,108,72,60,110,48,49,34,51,36,125,54,55,56,123,56,59,56,59,126,127,192,129,194,67,12,67,6,79,216,3,26,91,216,31,222,15,80,19,82,70,124,64,70,6,152,27,248,159,24,94,94,222,96,65,66,103]
CFO=-862.1896606796823,STO=2
EsN0dB=12.33,GRXdB=10,N0=0.0010000000474974513
packet_number=217,correct=False,payload=[0,1,2,3,4,5,6,7,8,9,10,11,12,13,14,15,16,17,18,19,20,21,22,23,24,25,26,27,28,29,30,31,32,33,34,35,36,37,38,39,40,41,42,43,44,45,46,47,48,49,50,51,52,21,54,55,56,57,58,59,60,61,62,63,64,65,66,67,68,68,70,71,72,73,74,75,76,77,78,79,80,81,82,83,84,85,86,87,88,89,90,91,92,93,94,95,96,97,98,99]
CFO=-970.234774902658,STO=4
EsN0dB=12.29,GRXdB=10,N0=0.0010000000474974513
packet_number=218,correct=True,payload=[0,1,2,3,4,5,6,7,8,9,10,11,12,13,14,15,16,17,18,19,20,21,22,23,24,25,26,27,28,29,30,31,32,33,34,35,36,37,38,39,40,41,42,43,44,45,46,47,48,49,50,51,52,53,54,55,56,57,58,59,60,61,62,63,64,65,66,67,68,69,70,71,72,73,74,75,76,77,78,79,80,81,82,83,84,85,86,87,88,89,90,91,92,93,94,95,96,97,98,99]
CFO=-1056.4245288681605,STO=5
EsN0dB=12.29,GRXdB=10,N0=0.0010000000474974513
packet_number=219,correct=True,payload=[0,1,2,3,4,5,6,7,8,9,10,11,12,13,14,15,16,17,18,19,20,21,22,23,24,25,26,27,28,29,30,31,32,33,34,35,36,37,38,39,40,41,42,43,44,45,46,47,48,49,50,51,52,53,54,55,56,57,58,59,60,61,62,63,64,65,66,67,68,69,70,71,72,73,74,75,76,77,78,79,80,81,82,83,84,85,86,87,88,89,90,91,92,93,94,95,96,97,98,99]
CFO=-1008.6172363869563,STO=6
EsN0dB=12.35,GRXdB=10,N0=0.0010000000474974513
packet_number=220,correct=True,payload=[0,1,2,3,4,5,6,7,8,9,10,11,12,13,14,15,16,17,18,19,20,21,22,23,24,25,26,27,28,29,30,31,32,33,34,35,36,37,38,39,40,41,42,43,44,45,46,47,48,49,50,51,52,53,54,55,56,57,58,59,60,61,62,63,64,65,66,67,68,69,70,71,72,73,74,75,76,77,78,79,80,81,82,83,84,85,86,87,88,89,90,91,92,93,94,95,96,97,98,99]
CFO=-972.4354357657081,STO=0
EsN0dB=12.34,GRXdB=10,N0=0.0010000000474974513
packet_number=221,correct=False,payload=[0,1,2,3,4,5,6,7,8,9,14,11,12,12,14,15,0,16,18,19,20,20,30,63,24,57,24,31,28,61,30,31,96,1,34,35,0,39,102,39,8,104,10,47,44,105,46,127,48,49,50,55,52,53,62,62,56,121,50,59,60,61,62,63,64,65,66,67,68,13,70,71,72,201,194,11,76,12,78,207,64,81,82,19,84,92,94,87,88,89,126,27,124,61,94,223,96,97,102,99]
CFO=-995.5408629369015,STO=6
EsN0dB=12.33,GRXdB=10,N0=0.0010000000474974513
packet_number=222,correct=False,payload=[0,1,2,3,4,5,6,7,8,8,10,11,12,13,14,15,16,17,18,19,20,21,22,23,24,25,26,27,28,29,30,31,32,33,34,35,36,37,38,39,40,41,42,43,44,45,46,47,48,49,50,51,52,53,54,55,56,57,58,59,60,61,62,63,64,65,66,67,68,69,70,71,72,73,74,75,76,77,78,79,80,81,82,83,84,85,86,87,88,89,90,91,92,93,94,95,96,97,98,99]
CFO=-850.4867362931982,STO=5
EsN0dB=12.53,GRXdB=10,N0=0.0010000000474974513
packet_number=223,correct=True,payload=[0,1,2,3,4,5,6,7,8,9,10,11,12,13,14,15,16,17,18,19,20,21,22,23,24,25,26,27,28,29,30,31,32,33,34,35,36,37,38,39,40,41,42,43,44,45,46,47,48,49,50,51,52,53,54,55,56,57,58,59,60,61,62,63,64,65,66,67,68,69,70,71,72,73,74,75,76,77,78,79,80,81,82,83,84,85,86,87,88,89,90,91,92,93,94,95,96,97,98,99]
CFO=-975.7524649610687,STO=5
EsN0dB=12.39,GRXdB=10,N0=0.0010000000474974513
packet_number=224,correct=True,payload=[0,1,2,3,4,5,6,7,8,9,10,11,12,13,14,15,16,17,18,19,20,21,22,23,24,25,26,27,28,29,30,31,32,33,34,35,36,37,38,39,40,41,42,43,44,45,46,47,48,49,50,51,52,53,54,55,56,57,58,59,60,61,62,63,64,65,66,67,68,69,70,71,72,73,74,75,76,77,78,79,80,81,82,83,84,85,86,87,88,89,90,91,92,93,94,95,96,97,98,99]
CFO=-1009.0469691222362,STO=2
EsN0dB=12.32,GRXdB=10,N0=0.0010000000474974513
packet_number=225,correct=False,payload=[0,1,2,3,4,5,6,7,8,8,10,11,12,13,14,15,16,17,18,19,20,21,22,23,24,25,26,27,28,13,30,31,32,33,34,35,36,39,34,39,32,41,42,43,44,45,46,15,48,49,178,59,52,53,54,51,60,57,58,59,60,61,62,63,64,65,66,67,68,69,70,67,72,73,74,75,76,77,14,79,80,81,82,83,84,85,86,87,88,25,90,91,92,93,94,95,96,97,98,99]
CFO=-1086.7127418673012,STO=4
EsN0dB=12.36,GRXdB=10,N0=0.0010000000474974513
packet_number=226,correct=True,payload=[0,1,2,3,4,5,6,7,8,9,10,11,12,13,14,15,16,17,18,19,20,21,22,23,24,25,26,27,28,29,30,31,32,33,34,35,36,37,38,39,40,41,42,43,44,45,46,47,48,49,50,51,52,53,54,55,56,57,58,59,60,61,62,63,64,65,66,67,68,69,70,71,72,73,74,75,76,77,78,79,80,81,82,83,84,85,86,87,88,89,90,91,92,93,94,95,96,97,98,99]
CFO=-905.9651256961364,STO=7
EsN0dB=12.43,GRXdB=10,N0=0.0010000000474974513
packet_number=227,correct=True,payload=[0,1,2,3,4,5,6,7,8,9,10,11,12,13,14,15,16,17,18,19,20,21,22,23,24,25,26,27,28,29,30,31,32,33,34,35,36,37,38,39,40,41,42,43,44,45,46,47,48,49,50,51,52,53,54,55,56,57,58,59,60,61,62,63,64,65,66,67,68,69,70,71,72,73,74,75,76,77,78,79,80,81,82,83,84,85,86,87,88,89,90,91,92,93,94,95,96,97,98,99]
CFO=-863.1414997155797,STO=4
EsN0dB=12.33,GRXdB=10,N0=0.0010000000474974513
packet_number=228,correct=True,payload=[0,1,2,3,4,5,6,7,8,9,10,11,12,13,14,15,16,17,18,19,20,21,22,23,24,25,26,27,28,29,30,31,32,33,34,35,36,37,38,39,40,41,42,43,44,45,46,47,48,49,50,51,52,53,54,55,56,57,58,59,60,61,62,63,64,65,66,67,68,69,70,71,72,73,74,75,76,77,78,79,80,81,82,83,84,85,86,87,88,89,90,91,92,93,94,95,96,97,98,99]
CFO=-1147.3990912225377,STO=5
EsN0dB=12.43,GRXdB=10,N0=0.0010000000474974513
packet_number=229,correct=True,payload=[0,1,2,3,4,5,6,7,8,9,10,11,12,13,14,15,16,17,18,19,20,21,22,23,24,25,26,27,28,29,30,31,32,33,34,35,36,37,38,39,40,41,42,43,44,45,46,47,48,49,50,51,52,53,54,55,56,57,58,59,60,61,62,63,64,65,66,67,68,69,70,71,72,73,74,75,76,77,78,79,80,81,82,83,84,85,86,87,88,89,90,91,92,93,94,95,96,97,98,99]
CFO=-1049.4844163411929,STO=0
EsN0dB=12.45,GRXdB=10,N0=0.0010000000474974513
packet_number=230,correct=False,payload=[0,1,2,3,4,5,6,7,0,9,14,10,12,13,14,15,16,17,50,6,4,21,22,31,24,25,26,31,28,31,62,31,32,33,34,35,36,45,6,39,104,9,122,11,60,45,46,47,48,98,34,51,52,35,52,55,56,49,58,59,60,61,60,63,64,1,66,67,68,77,198,71,72,75,138,3,92,77,76,94,80,81,242,51,76,85,84,70,88,217,222,123,92,223,222,223,96,97,98,99]
CFO=-916.4826090907347,STO=5
EsN0dB=12.38,GRXdB=10,N0=0.0010000000474974513
packet_number=231,correct=True,payload=[0,1,2,3,4,5,6,7,8,9,10,11,12,13,14,15,16,17,18,19,20,21,22,23,24,25,26,27,28,29,30,31,32,33,34,35,36,37,38,39,40,41,42,43,44,45,46,47,48,49,50,51,52,53,54,55,56,57,58,59,60,61,62,63,64,65,66,67,68,69,70,71,72,73,74,75,76,77,78,79,80,81,82,83,84,85,86,87,88,89,90,91,92,93,94,95,96,97,98,99]
CFO=-1148.6971829038594,STO=1
EsN0dB=12.36,GRXdB=10,N0=0.0010000000474974513
packet_number=232,correct=False,payload=[0,1,128,3,0,1,6,3,8,9,129,15,140,5,14,15,24,0,11,19,148,5,150,23,152,29,152,15,28,28,30,31,160,33,161,35,150,53,22,35,188,9,42,59,140,45,47,47,16,17,179,51,184,53,62,63,24,57,56,25,62,28,30,63,64,65,67,3,128,68,7,71,200,9,72,15,100,45,206,71,144,89,90,115,102,28,230,87,40,73,154,95,222,125,158,95,224,97,243,35]
CFO=-1045.4886370970623,STO=4
EsN0dB=12.53,GRXdB=10,N0=0.0010000000474974513
packet_number=233,correct=True,payload=[0,1,2,3,4,5,6,7,8,9,10,11,12,13,14,15,16,17,18,19,20,21,22,23,24,25,26,27,28,29,30,31,32,33,34,35,36,37,38,39,40,41,42,43,44,45,46,47,48,49,50,51,52,53,54,55,56,57,58,59,60,61,62,63,64,65,66,67,68,69,70,71,72,73,74,75,76,77,78,79,80,81,82,83,84,85,86,87,88,89,90,91,92,93,94,95,96,97,98,99]
CFO=-1053.6758520459227,STO=2
EsN0dB=12.55,GRXdB=10,N0=0.0010000000474974513
packet_number=234,correct=False,payload=[128,1,2,3,4,3,2,7,8,8,10,9,14,13,14,15,16,17,26,19,20,21,6,23,24,29,26,27,12,29,30,31,128,33,50,51,148,39,38,39,168,33,46,43,60,5,46,47,16,49,50,19,52,53,22,55,56,57,58,59,60,61,62,63,64,65,66,1,198,71,66,71,64,73,202,75,76,5,78,111,80,81,18,83,86,20,86,95,88,89,91,91,92,93,78,95,224,112,114,99]
CFO=-1031.1595879804795,STO=4
EsN0dB=12.43,GRXdB=10,N0=0.0010000000474974513
packet_number=235,correct=True,payload=[0,1,2,3,4,5,6,7,8,9,10,11,12,13,14,15,16,17,18,19,20,21,22,23,24,25,26,27,28,29,30,31,32,33,34,35,36,37,38,39,40,41,42,43,44,45,46,47,48,49,50,51,52,53,54,55,56,57,58,59,60,61,62,63,64,65,66,67,68,69,70,71,72,73,74,75,76,77,78,79,80,81,82,83,84,85,86,87,88,89,90,91,92,93,94,95,96,97,98,99]
CFO=-940.004488073822,STO=2
EsN0dB=12.44,GRXdB=10,N0=0.0010000000474974513
packet_number=236,correct=False,payload=[0,1,2,3,4,5,6,7,8,9,10,11,12,13,14,15,16,25,18,19,20,21,22,23,24,25,26,27,28,29,30,31,32,33,34,35,36,37,38,39,40,41,42,43,44,45,46,47,48,49,50,51,52,53,54,55,56,57,58,59,60,61,62,63,64,65,66,67,68,69,70,71,72,73,74,75,76,77,78,79,80,17,82,83,84,85,86,87,88,89,90,91,92,93,94,95,96,97,96,99]
CFO=-876.8274912649928,STO=2
EsN0dB=12.34,GRXdB=10,N0=0.0010000000474974513
packet_number=237,correct=False,payload=[8,0,25,128,0,65,128,130,2,195,3,132,6,132,2,198,6,199,7,200,8,13,141,202,14,203,3,140,12,133,13,134,14,15,135,208,0,153,24,154,17,211,139,148,28,216,141,195,30,95,147,152,24,216,157,200,24,153,31,220,28,30,143,158,30,207,143,240,0,33,49,177,18,1,33,166,54,177,32,183,50,135,135,168,24,105,169,186,23,239,19,238,44,197,61,158,54,183,7,184]
CFO=-847.5097343104247,STO=4
EsN0dB=12.31,GRXdB=10,N0=0.0010000000474974513
packet_number=238,correct=True,payload=[0,1,2,3,4,5,6,7,8,9,10,11,12,13,14,15,16,17,18,19,20,21,22,23,24,25,26,27,28,29,30,31,32,33,34,35,36,37,38,39,40,41,42,43,44,45,46,47,48,49,50,51,52,53,54,55,56,57,58,59,60,61,62,63,64,65,66,67,68,69,70,71,72,73,74,75,76,77,78,79,80,81,82,83,84,85,86,87,88,89,90,91,92,93,94,95,96,97,98,99]
CFO=-956.5765309967481,STO=4
EsN0dB=12.26,GRXdB=10,N0=0.0010000000474974513
packet_number=239,correct=True,payload=[0,1,2,3,4,5,6,7,8,9,10,11,12,13,14,15,16,17,18,19,20,21,22,23,24,25,26,27,28,29,30,31,32,33,34,35,36,37,38,39,40,41,42,43,44,45,46,47,48,49,50,51,52,53,54,55,56,57,58,59,60,61,62,63,64,65,66,67,68,69,70,71,72,73,74,75,76,77,78,79,80,81,82,83,84,85,86,87,88,89,90,91,92,93,94,95,96,97,98,99]
CFO=-1084.3654572384748,STO=5
EsN0dB=12.40,GRXdB=10,N0=0.0010000000474974513
packet_number=240,correct=False,payload=[0,1,2,3,4,5,6,7,8,9,10,11,12,13,14,15,16,17,18,19,20,21,22,23,24,25,26,27,28,29,30,31,32,33,34,35,36,37,38,39,40,41,42,43,44,45,46,39,48,49,50,51,52,53,54,55,56,57,58,59,60,61,62,63,64,65,66,67,68,69,70,71,72,73,74,75,76,77,78,79,80,81,82,83,84,85,86,87,88,89,90,91,92,93,94,95,96,97,98,99]
CFO=-680.1800010478154,STO=4
EsN0dB=12.33,GRXdB=10,N0=0.0010000000474974513
packet_number=241,correct=True,payload=[0,1,2,3,4,5,6,7,8,9,10,11,12,13,14,15,16,17,18,19,20,21,22,23,24,25,26,27,28,29,30,31,32,33,34,35,36,37,38,39,40,41,42,43,44,45,46,47,48,49,50,51,52,53,54,55,56,57,58,59,60,61,62,63,64,65,66,67,68,69,70,71,72,73,74,75,76,77,78,79,80,81,82,83,84,85,86,87,88,89,90,91,92,93,94,95,96,97,98,99]
CFO=-886.1882892384299,STO=4
EsN0dB=12.46,GRXdB=10,N0=0.0010000000474974513
packet_number=242,correct=True,payload=[0,1,2,3,4,5,6,7,8,9,10,11,12,13,14,15,16,17,18,19,20,21,22,23,24,25,26,27,28,29,30,31,32,33,34,35,36,37,38,39,40,41,42,43,44,45,46,47,48,49,50,51,52,53,54,55,56,57,58,59,60,61,62,63,64,65,66,67,68,69,70,71,72,73,74,75,76,77,78,79,80,81,82,83,84,85,86,87,88,89,90,91,92,93,94,95,96,97,98,99]
CFO=-1023.5544806468203,STO=1
EsN0dB=12.41,GRXdB=10,N0=0.0010000000474974513
packet_number=243,correct=False,payload=[0,1,2,3,4,5,6,7,8,9,10,11,12,13,14,15,16,17,54,19,20,21,22,23,24,24,26,27,28,29,30,31,32,33,34,35,36,37,38,39,40,9,42,43,44,45,46,47,48,49,50,51,52,53,54,55,56,57,58,59,60,61,62,63,64,65,66,67,68,69,70,71,72,73,74,75,76,77,78,79,80,81,82,83,84,85,86,87,88,91,90,91,92,93,94,95,96,97,98,99]
CFO=-959.3627975753557,STO=5
EsN0dB=12.27,GRXdB=10,N0=0.0010000000474974513
packet_number=244,correct=True,payload=[0,1,2,3,4,5,6,7,8,9,10,11,12,13,14,15,16,17,18,19,20,21,22,23,24,25,26,27,28,29,30,31,32,33,34,35,36,37,38,39,40,41,42,43,44,45,46,47,48,49,50,51,52,53,54,55,56,57,58,59,60,61,62,63,64,65,66,67,68,69,70,71,72,73,74,75,76,77,78,79,80,81,82,83,84,85,86,87,88,89,90,91,92,93,94,95,96,97,98,99]
CFO=-957.1098430764727,STO=7
EsN0dB=12.40,GRXdB=10,N0=0.0010000000474974513
packet_number=245,correct=False,payload=[0,1,2,3,4,5,6,7,8,9,10,11,12,13,14,15,16,17,18,19,20,21,22,23,24,25,26,27,28,29,30,31,32,33,34,35,36,37,38,39,40,41,42,43,44,61,46,47,48,49,50,51,52,53,54,55,56,57,58,59,60,61,62,63,64,65,66,67,68,69,70,71,72,73,74,75,76,77,78,79,80,81,82,83,84,85,86,87,88,89,90,91,92,93,94,95,96,97,98,99]
CFO=-849.7877091203297,STO=0
EsN0dB=12.35,GRXdB=10,N0=0.0010000000474974513
packet_number=246,correct=False,payload=[0,1,2,3,4,5,6,7,8,9,10,11,12,13,14,15,16,17,18,19,20,53,22,23,24,25,26,27,28,29,30,31,32,33,34,35,36,37,38,39,40,41,42,43,60,45,46,47,48,49,50,51,52,53,62,55,56,57,58,59,60,61,62,63,64,65,66,67,68,69,70,71,72,73,74,75,76,77,78,79,80,81,86,83,84,85,86,87,88,89,90,91,92,125,94,95,224,97,98,99]
CFO=-919.178695827957,STO=2
EsN0dB=12.38,GRXdB=10,N0=0.0010000000474974513
packet_number=247,correct=False,payload=[0,1,2,3,4,5,6,7,8,9,10,11,12,13,14,15,16,17,18,19,20,21,22,23,24,25,26,27,28,29,30,31,32,33,34,35,36,37,38,39,40,41,42,43,44,45,46,47,48,49,50,51,52,53,54,55,56,57,58,59,60,61,62,63,64,97,66,67,68,69,70,71,72,73,74,75,76,77,78,79,80,81,82,83,84,85,86,87,88,89,90,91,92,93,94,95,96,97,98,99]
CFO=-911.8040480889491,STO=5
EsN0dB=12.29,GRXdB=10,N0=0.0010000000474974513
packet_number=248,correct=True,payload=[0,1,2,3,4,5,6,7,8,9,10,11,12,13,14,15,16,17,18,19,20,21,22,23,24,25,26,27,28,29,30,31,32,33,34,35,36,37,38,39,40,41,42,43,44,45,46,47,48,49,50,51,52,53,54,55,56,57,58,59,60,61,62,63,64,65,66,67,68,69,70,71,72,73,74,75,76,77,78,79,80,81,82,83,84,85,86,87,88,89,90,91,92,93,94,95,96,97,98,99]
CFO=-869.6693700090483,STO=4
EsN0dB=12.26,GRXdB=10,N0=0.0010000000474974513
packet_number=249,correct=True,payload=[0,1,2,3,4,5,6,7,8,9,10,11,12,13,14,15,16,17,18,19,20,21,22,23,24,25,26,27,28,29,30,31,32,33,34,35,36,37,38,39,40,41,42,43,44,45,46,47,48,49,50,51,52,53,54,55,56,57,58,59,60,61,62,63,64,65,66,67,68,69,70,71,72,73,74,75,76,77,78,79,80,81,82,83,84,85,86,87,88,89,90,91,92,93,94,95,96,97,98,99]
CFO=-880.5250426313007,STO=2
EsN0dB=12.38,GRXdB=10,N0=0.0010000000474974513
packet_number=250,correct=False,payload=[0,1,2,3,4,5,6,7,8,9,10,11,12,13,14,15,16,17,18,19,20,21,22,23,24,25,26,27,28,29,30,31,32,33,34,35,38,53,38,39,40,45,42,43,44,45,46,47,48,49,50,51,52,53,54,55,56,57,58,59,60,61,62,63,64,65,66,67,68,69,70,71,72,73,74,75,76,77,78,79,80,81,82,83,84,85,86,87,88,89,90,91,92,125,94,95,96,97,98,99]
CFO=-1047.6611352877533,STO=1
EsN0dB=12.34,GRXdB=10,N0=0.0010000000474974513
packet_number=251,correct=False,payload=[128,1,0,1,4,2,3,3,0,1,10,11,4,5,14,15,144,9,2,1,158,28,158,23,24,13,31,13,14,29,159,31,32,32,33,3,4,51,166,7,132,32,133,59,134,15,46,47,48,49,50,59,182,56,158,51,56,28,58,31,60,63,63,31,64,32,0,35,102,69,34,7,40,9,202,75,110,69,103,71,232,9,82,123,210,4,86,31,216,92,56,57,76,77,110,79,32,96,98,99]
CFO=-1031.7242643837365,STO=2
EsN0dB=12.44,GRXdB=10,N0=0.0010000000474974513
packet_number=252,correct=False,payload=[0,1,2,3,4,5,6,7,8,9,10,11,12,13,14,15,16,17,18,19,20,21,22,23,24,25,26,27,28,29,30,31,32,33,34,35,36,37,38,39,40,41,42,43,44,45,46,47,48,49,50,51,52,53,54,55,56,57,58,59,60,61,62,63,64,65,66,67,68,69,70,71,72,73,74,75,76,77,78,79,80,81,82,83,84,85,86,87,88,89,90,91,92,93,94,95,96,97,98,99]
CFO=-863.366623224942,STO=5
EsN0dB=12.38,GRXdB=10,N0=0.0010000000474974513
packet_number=253,correct=True,payload=[0,1,2,3,4,5,6,7,8,9,10,11,12,13,14,15,16,17,18,19,20,21,22,23,24,25,26,27,28,29,30,31,32,33,34,35,36,37,38,39,40,41,42,43,44,45,46,47,48,49,50,51,52,53,54,55,56,57,58,59,60,61,62,63,64,65,66,67,68,69,70,71,72,73,74,75,76,77,78,79,80,81,82,83,84,85,86,87,88,89,90,91,92,93,94,95,96,97,98,99]
CFO=-1028.2490499044732,STO=1
EsN0dB=12.35,GRXdB=10,N0=0.0010000000474974513
packet_number=254,correct=False,payload=[128,1,130,1,4,6,2,7,12,13,14,5,4,12,6,7,128,9,2,1,6,4,22,7,24,25,156,27,28,29,30,31,32,32,34,35,36,51,54,39,168,61,56,43,172,45,46,39,16,17,178,27,52,53,22,23,24,57,59,25,60,61,62,63,32,97,64,67,0,33,70,71,76,73,42,75,76,79,78,7,112,81,90,19,84,93,90,87,72,93,26,79,92,93,30,95,96,96,226,115]
CFO=-930.578886309041,STO=5
EsN0dB=12.36,GRXdB=10,N0=0.0010000000474974513
packet_number=255,correct=True,payload=[0,1,2,3,4,5,6,7,8,9,10,11,12,13,14,15,16,17,18,19,20,21,22,23,24,25,26,27,28,29,30,31,32,33,34,35,36,37,38,39,40,41,42,43,44,45,46,47,48,49,50,51,52,53,54,55,56,57,58,59,60,61,62,63,64,65,66,67,68,69,70,71,72,73,74,75,76,77,78,79,80,81,82,83,84,85,86,87,88,89,90,91,92,93,94,95,96,97,98,99]
CFO=-809.606749734268,STO=5
EsN0dB=12.32,GRXdB=10,N0=0.0010000000474974513
packet_number=256,correct=False,payload=[0,1,2,3,4,5,6,7,8,9,10,11,12,13,14,15,16,17,18,19,20,21,22,23,24,25,26,27,28,29,30,31,32,33,34,35,36,37,38,39,40,41,42,43,44,45,46,47,48,49,50,51,52,53,54,55,56,57,58,59,60,61,62,63,64,65,66,67,68,69,70,71,72,73,74,75,76,77,78,79,80,81,82,83,84,85,86,87,88,89,90,91,92,93,94,95,96,97,98,67]
CFO=-801.1124134321032,STO=1
EsN0dB=12.41,GRXdB=10,N0=0.0010000000474974513
packet_number=257,correct=False,payload=[0,0,3,3,4,5,6,7,8,13,2,11,12,13,14,15,16,16,18,19,4,21,22,23,24,24,26,31,158,13,158,31,32,33,34,35,32,37,38,39,40,41,42,43,172,45,174,15,48,49,18,51,54,53,54,55,56,61,58,59,60,61,62,63,0,65,66,67,68,100,70,71,72,72,202,75,78,77,78,79,64,81,82,83,84,117,86,83,88,25,90,91,92,77,94,95,96,97,98,99]
CFO=-986.484281114778,STO=4
EsN0dB=12.33,GRXdB=10,N0=0.0010000000474974513
packet_number=258,correct=True,payload=[0,1,2,3,4,5,6,7,8,9,10,11,12,13,14,15,16,17,18,19,20,21,22,23,24,25,26,27,28,29,30,31,32,33,34,35,36,37,38,39,40,41,42,43,44,45,46,47,48,49,50,51,52,53,54,55,56,57,58,59,60,61,62,63,64,65,66,67,68,69,70,71,72,73,74,75,76,77,78,79,80,81,82,83,84,85,86,87,88,89,90,91,92,93,94,95,96,97,98,99]
CFO=-998.1572048439702,STO=7
EsN0dB=12.28,GRXdB=10,N0=0.0010000000474974513
packet_number=259,correct=False,payload=[0,1,2,3,4,5,6,7,8,9,10,11,12,13,14,15,16,17,18,19,20,21,22,23,24,25,26,27,28,29,30,31,32,33,34,35,36,37,38,39,40,41,42,43,44,45,46,47,48,49,50,51,52,53,54,55,56,57,58,59,60,61,62,63,64,65,66,67,68,69,70,71,72,73,74,75,76,77,78,79,80,81,82,83,84,85,86,87,88,89,90,91,92,93,94,95,96,96,98,99]
CFO=-976.6727025140874,STO=1
EsN0dB=12.28,GRXdB=10,N0=0.0010000000474974513
packet_number=260,correct=False,payload=[0,1,2,3,0,5,2,7,136,13,2,11,140,13,14,15,144,17,18,3,136,21,131,23,24,25,158,9,156,29,15,31,16,17,0,51,6,6,2,39,32,13,42,51,38,61,46,55,48,49,176,59,60,55,26,19,56,57,186,27,62,60,63,63,224,32,130,99,68,39,230,99,104,65,202,65,78,76,110,79,192,121,80,17,88,119,66,87,124,89,91,91,30,28,30,95,112,112,50,99]
CFO=-737.1406956542213,STO=4
EsN0dB=12.44,GRXdB=10,N0=0.0010000000474974513
packet_number=261,correct=True,payload=[0,1,2,3,4,5,6,7,8,9,10,11,12,13,14,15,16,17,18,19,20,21,22,23,24,25,26,27,28,29,30,31,32,33,34,35,36,37,38,39,40,41,42,43,44,45,46,47,48,49,50,51,52,53,54,55,56,57,58,59,60,61,62,63,64,65,66,67,68,69,70,71,72,73,74,75,76,77,78,79,80,81,82,83,84,85,86,87,88,89,90,91,92,93,94,95,96,97,98,99]
CFO=-873.3774156764247,STO=4
EsN0dB=12.40,GRXdB=10,N0=0.0010000000474974513
packet_number=262,correct=True,payload=[0,1,2,3,4,5,6,7,8,9,10,11,12,13,14,15,16,17,18,19,20,21,22,23,24,25,26,27,28,29,30,31,32,33,34,35,36,37,38,39,40,41,42,43,44,45,46,47,48,49,50,51,52,53,54,55,56,57,58,59,60,61,62,63,64,65,66,67,68,69,70,71,72,73,74,75,76,77,78,79,80,81,82,83,84,85,86,87,88,89,90,91,92,93,94,95,96,97,98,99]
CFO=-825.5440356671406,STO=4
EsN0dB=12.37,GRXdB=10,N0=0.0010000000474974513
packet_number=263,correct=True,payload=[0,1,2,3,4,5,6,7,8,9,10,11,12,13,14,15,16,17,18,19,20,21,22,23,24,25,26,27,28,29,30,31,32,33,34,35,36,37,38,39,40,41,42,43,44,45,46,47,48,49,50,51,52,53,54,55,56,57,58,59,60,61,62,63,64,65,66,67,68,69,70,71,72,73,74,75,76,77,78,79,80,81,82,83,84,85,86,87,88,89,90,91,92,93,94,95,96,97,98,99]
CFO=-910.2136575134593,STO=2
EsN0dB=12.37,GRXdB=10,N0=0.0010000000474974513
packet_number=264,correct=False,payload=[0,1,3,3,6,5,6,7,8,9,10,11,12,13,14,15,16,17,18,19,20,20,22,23,24,25,26,27,28,29,30,31,32,33,34,35,36,37,38,39,24,41,42,43,44,45,47,47,48,17,50,51,52,53,182,55,56,57,58,59,60,61,62,63,96,65,66,67,68,69,6,71,72,9,74,75,76,77,78,79,208,81,82,83,84,85,86,87,120,89,58,91,92,93,94,95,96,97,98,99]
CFO=-1058.7834343049497,STO=5
EsN0dB=12.44,GRXdB=10,N0=0.0010000000474974513
packet_number=265,correct=True,payload=[0,1,2,3,4,5,6,7,8,9,10,11,12,13,14,15,16,17,18,19,20,21,22,23,24,25,26,27,28,29,30,31,32,33,34,35,36,37,38,39,40,41,42,43,44,45,46,47,48,49,50,51,52,53,54,55,56,57,58,59,60,61,62,63,64,65,66,67,68,69,70,71,72,73,74,75,76,77,78,79,80,81,82,83,84,85,86,87,88,89,90,91,92,93,94,95,96,97,98,99]
CFO=-1040.9983806161442,STO=4
EsN0dB=12.33,GRXdB=10,N0=0.0010000000474974513
packet_number=266,correct=True,payload=[0,1,2,3,4,5,6,7,8,9,10,11,12,13,14,15,16,17,18,19,20,21,22,23,24,25,26,27,28,29,30,31,32,33,34,35,36,37,38,39,40,41,42,43,44,45,46,47,48,49,50,51,52,53,54,55,56,57,58,59,60,61,62,63,64,65,66,67,68,69,70,71,72,73,74,75,76,77,78,79,80,81,82,83,84,85,86,87,88,89,90,91,92,93,94,95,96,97,98,99]
CFO=-1041.2720625016373,STO=4
EsN0dB=12.38,GRXdB=10,N0=0.0010000000474974513
packet_number=267,correct=True,payload=[0,1,2,3,4,5,6,7,8,9,10,11,12,13,14,15,16,17,18,19,20,21,22,23,24,25,26,27,28,29,30,31,32,33,34,35,36,37,38,39,40,41,42,43,44,45,46,47,48,49,50,51,52,53,54,55,56,57,58,59,60,61,62,63,64,65,66,67,68,69,70,71,72,73,74,75,76,77,78,79,80,81,82,83,84,85,86,87,88,89,90,91,92,93,94,95,96,97,98,99]
CFO=-819.0758702390732,STO=3
EsN0dB=12.44,GRXdB=10,N0=0.0010000000474974513
packet_number=268,correct=True,payload=[0,1,2,3,4,5,6,7,8,9,10,11,12,13,14,15,16,17,18,19,20,21,22,23,24,25,26,27,28,29,30,31,32,33,34,35,36,37,38,39,40,41,42,43,44,45,46,47,48,49,50,51,52,53,54,55,56,57,58,59,60,61,62,63,64,65,66,67,68,69,70,71,72,73,74,75,76,77,78,79,80,81,82,83,84,85,86,87,88,89,90,91,92,93,94,95,96,97,98,99]
CFO=-1024.6875094232,STO=2
EsN0dB=12.35,GRXdB=10,N0=0.0010000000474974513
packet_number=269,correct=False,payload=[0,1,2,3,4,5,6,7,8,9,10,11,12,13,14,15,16,17,18,19,20,21,22,23,24,25,26,27,28,29,30,31,32,33,34,35,36,37,38,39,168,41,42,43,44,45,46,47,48,49,178,51,52,53,54,55,56,57,58,59,60,61,62,63,64,65,66,67,68,69,70,71,72,73,74,75,76,109,78,79,80,81,82,83,84,85,86,87,88,89,90,91,92,93,94,95,96,113,98,99]
CFO=-658.8647712012693,STO=7
EsN0dB=12.36,GRXdB=10,N0=0.0010000000474974513
packet_number=270,correct=True,payload=[0,1,2,3,4,5,6,7,8,9,10,11,12,13,14,15,16,17,18,19,20,21,22,23,24,25,26,27,28,29,30,31,32,33,34,35,36,37,38,39,40,41,42,43,44,45,46,47,48,49,50,51,52,53,54,55,56,57,58,59,60,61,62,63,64,65,66,67,68,69,70,71,72,73,74,75,76,77,78,79,80,81,82,83,84,85,86,87,88,89,90,91,92,93,94,95,96,97,98,99]
CFO=-1083.2163016265547,STO=5
EsN0dB=12.37,GRXdB=10,N0=0.0010000000474974513
packet_number=271,correct=True,payload=[0,1,2,3,4,5,6,7,8,9,10,11,12,13,14,15,16,17,18,19,20,21,22,23,24,25,26,27,28,29,30,31,32,33,34,35,36,37,38,39,40,41,42,43,44,45,46,47,48,49,50,51,52,53,54,55,56,57,58,59,60,61,62,63,64,65,66,67,68,69,70,71,72,73,74,75,76,77,78,79,80,81,82,83,84,85,86,87,88,89,90,91,92,93,94,95,96,97,98,99]
CFO=-1005.5036899106191,STO=5
EsN0dB=12.38,GRXdB=10,N0=0.0010000000474974513
packet_number=272,correct=True,payload=[0,1,2,3,4,5,6,7,8,9,10,11,12,13,14,15,16,17,18,19,20,21,22,23,24,25,26,27,28,29,30,31,32,33,34,35,36,37,38,39,40,41,42,43,44,45,46,47,48,49,50,51,52,53,54,55,56,57,58,59,60,61,62,63,64,65,66,67,68,69,70,71,72,73,74,75,76,77,78,79,80,81,82,83,84,85,86,87,88,89,90,91,92,93,94,95,96,97,98,99]
CFO=-957.2313279515539,STO=4
EsN0dB=12.39,GRXdB=10,N0=0.0010000000474974513
packet_number=273,correct=True,payload=[0,1,2,3,4,5,6,7,8,9,10,11,12,13,14,15,16,17,18,19,20,21,22,23,24,25,26,27,28,29,30,31,32,33,34,35,36,37,38,39,40,41,42,43,44,45,46,47,48,49,50,51,52,53,54,55,56,57,58,59,60,61,62,63,64,65,66,67,68,69,70,71,72,73,74,75,76,77,78,79,80,81,82,83,84,85,86,87,88,89,90,91,92,93,94,95,96,97,98,99]
CFO=-851.9181115270736,STO=7
EsN0dB=12.34,GRXdB=10,N0=0.0010000000474974513
packet_number=274,correct=False,payload=[0,1,2,3,4,5,6,7,8,9,10,11,12,15,14,15,16,17,18,19,20,21,22,23,24,25,26,27,28,29,30,31,96,33,34,35,36,37,38,39,40,41,42,43,44,44,62,47,48,49,50,51,52,53,54,55,56,57,58,59,60,61,62,63,64,65,66,71,68,69,70,71,72,73,74,75,76,77,78,79,80,81,82,83,84,85,86,87,88,89,90,91,92,93,94,95,96,97,98,99]
CFO=-965.6672044748851,STO=4
EsN0dB=12.35,GRXdB=10,N0=0.0010000000474974513
packet_number=275,correct=True,payload=[0,1,2,3,4,5,6,7,8,9,10,11,12,13,14,15,16,17,18,19,20,21,22,23,24,25,26,27,28,29,30,31,32,33,34,35,36,37,38,39,40,41,42,43,44,45,46,47,48,49,50,51,52,53,54,55,56,57,58,59,60,61,62,63,64,65,66,67,68,69,70,71,72,73,74,75,76,77,78,79,80,81,82,83,84,85,86,87,88,89,90,91,92,93,94,95,96,97,98,99]
CFO=-743.5749472957849,STO=4
EsN0dB=12.26,GRXdB=10,N0=0.0010000000474974513
packet_number=276,correct=True,payload=[0,1,2,3,4,5,6,7,8,9,10,11,12,13,14,15,16,17,18,19,20,21,22,23,24,25,26,27,28,29,30,31,32,33,34,35,36,37,38,39,40,41,42,43,44,45,46,47,48,49,50,51,52,53,54,55,56,57,58,59,60,61,62,63,64,65,66,67,68,69,70,71,72,73,74,75,76,77,78,79,80,81,82,83,84,85,86,87,88,89,90,91,92,93,94,95,96,97,98,99]
CFO=-744.6491012644752,STO=2
EsN0dB=12.40,GRXdB=10,N0=0.0010000000474974513
packet_number=277,correct=False,payload=[0,1,2,3,4,5,6,7,8,9,10,11,12,13,14,15,16,17,18,19,20,21,22,23,24,17,26,27,28,29,30,31,32,33,38,35,36,37,38,38,40,41,42,43,44,45,46,47,48,49,50,51,52,53,52,55,56,57,58,59,60,61,62,63,64,65,66,67,68,69,70,71,72,73,74,75,76,77,78,95,80,81,82,83,84,85,94,87,88,89,90,91,92,93,94,95,96,97,98,99]
CFO=-953.8079327894312,STO=4
EsN0dB=12.34,GRXdB=10,N0=0.0010000000474974513
packet_number=278,correct=True,payload=[0,1,2,3,4,5,6,7,8,9,10,11,12,13,14,15,16,17,18,19,20,21,22,23,24,25,26,27,28,29,30,31,32,33,34,35,36,37,38,39,40,41,42,43,44,45,46,47,48,49,50,51,52,53,54,55,56,57,58,59,60,61,62,63,64,65,66,67,68,69,70,71,72,73,74,75,76,77,78,79,80,81,82,83,84,85,86,87,88,89,90,91,92,93,94,95,96,97,98,99]
CFO=-893.872014895348,STO=5
EsN0dB=12.35,GRXdB=10,N0=0.0010000000474974513
packet_number=279,correct=True,payload=[0,1,2,3,4,5,6,7,8,9,10,11,12,13,14,15,16,17,18,19,20,21,22,23,24,25,26,27,28,29,30,31,32,33,34,35,36,37,38,39,40,41,42,43,44,45,46,47,48,49,50,51,52,53,54,55,56,57,58,59,60,61,62,63,64,65,66,67,68,69,70,71,72,73,74,75,76,77,78,79,80,81,82,83,84,85,86,87,88,89,90,91,92,93,94,95,96,97,98,99]
CFO=-999.3220129727382,STO=7
EsN0dB=12.39,GRXdB=10,N0=0.0010000000474974513
packet_number=280,correct=True,payload=[0,1,2,3,4,5,6,7,8,9,10,11,12,13,14,15,16,17,18,19,20,21,22,23,24,25,26,27,28,29,30,31,32,33,34,35,36,37,38,39,40,41,42,43,44,45,46,47,48,49,50,51,52,53,54,55,56,57,58,59,60,61,62,63,64,65,66,67,68,69,70,71,72,73,74,75,76,77,78,79,80,81,82,83,84,85,86,87,88,89,90,91,92,93,94,95,96,97,98,99]
CFO=-859.7863471553206,STO=5
EsN0dB=12.33,GRXdB=10,N0=0.0010000000474974513
packet_number=281,correct=True,payload=[0,1,2,3,4,5,6,7,8,9,10,11,12,13,14,15,16,17,18,19,20,21,22,23,24,25,26,27,28,29,30,31,32,33,34,35,36,37,38,39,40,41,42,43,44,45,46,47,48,49,50,51,52,53,54,55,56,57,58,59,60,61,62,63,64,65,66,67,68,69,70,71,72,73,74,75,76,77,78,79,80,81,82,83,84,85,86,87,88,89,90,91,92,93,94,95,96,97,98,99]
CFO=-779.4411481171028,STO=4
EsN0dB=12.41,GRXdB=10,N0=0.0010000000474974513
packet_number=282,correct=True,payload=[0,1,2,3,4,5,6,7,8,9,10,11,12,13,14,15,16,17,18,19,20,21,22,23,24,25,26,27,28,29,30,31,32,33,34,35,36,37,38,39,40,41,42,43,44,45,46,47,48,49,50,51,52,53,54,55,56,57,58,59,60,61,62,63,64,65,66,67,68,69,70,71,72,73,74,75,76,77,78,79,80,81,82,83,84,85,86,87,88,89,90,91,92,93,94,95,96,97,98,99]
CFO=-981.281657247769,STO=4
EsN0dB=12.40,GRXdB=10,N0=0.0010000000474974513
packet_number=283,correct=False,payload=[0,1,2,3,4,5,6,7,8,9,10,11,12,13,14,15,16,17,18,19,20,21,22,23,24,25,26,27,28,29,30,31,32,33,34,35,36,37,38,39,40,41,42,43,44,45,46,47,48,49,50,51,52,53,54,55,56,57,58,59,60,61,62,63,64,65,66,67,68,69,70,71,72,73,74,75,76,77,78,79,80,81,82,83,84,85,86,87,88,89,88,91,92,93,94,95,96,97,98,99]
CFO=-709.0311469887723,STO=4
EsN0dB=12.33,GRXdB=10,N0=0.0010000000474974513
packet_number=284,correct=True,payload=[0,1,2,3,4,5,6,7,8,9,10,11,12,13,14,15,16,17,18,19,20,21,22,23,24,25,26,27,28,29,30,31,32,33,34,35,36,37,38,39,40,41,42,43,44,45,46,47,48,49,50,51,52,53,54,55,56,57,58,59,60,61,62,63,64,65,66,67,68,69,70,71,72,73,74,75,76,77,78,79,80,81,82,83,84,85,86,87,88,89,90,91,92,93,94,95,96,97,98,99]
CFO=-915.4216767555941,STO=4
EsN0dB=12.31,GRXdB=10,N0=0.0010000000474974513
packet_number=285,correct=True,payload=[0,1,2,3,4,5,6,7,8,9,10,11,12,13,14,15,16,17,18,19,20,21,22,23,24,25,26,27,28,29,30,31,32,33,34,35,36,37,38,39,40,41,42,43,44,45,46,47,48,49,50,51,52,53,54,55,56,57,58,59,60,61,62,63,64,65,66,67,68,69,70,71,72,73,74,75,76,77,78,79,80,81,82,83,84,85,86,87,88,89,90,91,92,93,94,95,96,97,98,99]
CFO=-961.1800903553041,STO=5
EsN0dB=12.52,GRXdB=10,N0=0.0010000000474974513
packet_number=286,correct=False,payload=[0,1,2,3,4,5,6,7,8,9,10,43,12,13,14,15,16,17,18,19,20,21,22,23,24,25,26,27,28,29,30,31,32,33,34,35,36,37,38,39,40,41,42,43,44,45,46,47,48,49,50,51,52,53,54,55,56,57,58,59,60,61,62,63,64,65,66,67,68,69,70,71,72,73,74,75,76,77,78,79,80,81,82,83,84,85,86,87,88,89,90,91,92,93,94,95,96,97,98,99]
CFO=-1052.021547026637,STO=4
EsN0dB=12.26,GRXdB=10,N0=0.0010000000474974513
packet_number=287,correct=True,payload=[0,1,2,3,4,5,6,7,8,9,10,11,12,13,14,15,16,17,18,19,20,21,22,23,24,25,26,27,28,29,30,31,32,33,34,35,36,37,38,39,40,41,42,43,44,45,46,47,48,49,50,51,52,53,54,55,56,57,58,59,60,61,62,63,64,65,66,67,68,69,70,71,72,73,74,75,76,77,78,79,80,81,82,83,84,85,86,87,88,89,90,91,92,93,94,95,96,97,98,99]
CFO=-1012.9325878500657,STO=5
EsN0dB=12.35,GRXdB=10,N0=0.0010000000474974513
packet_number=288,correct=True,payload=[0,1,2,3,4,5,6,7,8,9,10,11,12,13,14,15,16,17,18,19,20,21,22,23,24,25,26,27,28,29,30,31,32,33,34,35,36,37,38,39,40,41,42,43,44,45,46,47,48,49,50,51,52,53,54,55,56,57,58,59,60,61,62,63,64,65,66,67,68,69,70,71,72,73,74,75,76,77,78,79,80,81,82,83,84,85,86,87,88,89,90,91,92,93,94,95,96,97,98,99]
CFO=-809.605563937537,STO=4
EsN0dB=12.30,GRXdB=10,N0=0.0010000000474974513
packet_number=289,correct=False,payload=[0,1,2,3,4,5,6,7,8,9,10,11,12,13,14,15,16,17,18,19,20,21,22,23,24,25,26,27,28,29,30,31,32,33,34,35,36,37,38,39,40,41,42,43,44,45,46,47,48,49,50,51,52,53,54,55,56,57,58,59,60,61,62,63,64,65,66,67,68,69,70,71,72,73,74,75,76,77,78,79,80,81,82,91,84,85,86,87,88,89,90,91,92,93,94,95,96,97,98,99]
CFO=-835.7319861502206,STO=7
EsN0dB=12.41,GRXdB=10,N0=0.0010000000474974513
packet_number=290,correct=True,payload=[0,1,2,3,4,5,6,7,8,9,10,11,12,13,14,15,16,17,18,19,20,21,22,23,24,25,26,27,28,29,30,31,32,33,34,35,36,37,38,39,40,41,42,43,44,45,46,47,48,49,50,51,52,53,54,55,56,57,58,59,60,61,62,63,64,65,66,67,68,69,70,71,72,73,74,75,76,77,78,79,80,81,82,83,84,85,86,87,88,89,90,91,92,93,94,95,96,97,98,99]
CFO=-1013.8892886525598,STO=3
EsN0dB=12.36,GRXdB=10,N0=0.0010000000474974513
packet_number=291,correct=True,payload=[0,1,2,3,4,5,6,7,8,9,10,11,12,13,14,15,16,17,18,19,20,21,22,23,24,25,26,27,28,29,30,31,32,33,34,35,36,37,38,39,40,41,42,43,44,45,46,47,48,49,50,51,52,53,54,55,56,57,58,59,60,61,62,63,64,65,66,67,68,69,70,71,72,73,74,75,76,77,78,79,80,81,82,83,84,85,86,87,88,89,90,91,92,93,94,95,96,97,98,99]
CFO=-991.3972148404271,STO=6
EsN0dB=12.41,GRXdB=10,N0=0.0010000000474974513
packet_number=292,correct=True,payload=[0,1,2,3,4,5,6,7,8,9,10,11,12,13,14,15,16,17,18,19,20,21,22,23,24,25,26,27,28,29,30,31,32,33,34,35,36,37,38,39,40,41,42,43,44,45,46,47,48,49,50,51,52,53,54,55,56,57,58,59,60,61,62,63,64,65,66,67,68,69,70,71,72,73,74,75,76,77,78,79,80,81,82,83,84,85,86,87,88,89,90,91,92,93,94,95,96,97,98,99]
CFO=-929.6094381916896,STO=5
EsN0dB=12.35,GRXdB=10,N0=0.0010000000474974513
packet_number=293,correct=True,payload=[0,1,2,3,4,5,6,7,8,9,10,11,12,13,14,15,16,17,18,19,20,21,22,23,24,25,26,27,28,29,30,31,32,33,34,35,36,37,38,39,40,41,42,43,44,45,46,47,48,49,50,51,52,53,54,55,56,57,58,59,60,61,62,63,64,65,66,67,68,69,70,71,72,73,74,75,76,77,78,79,80,81,82,83,84,85,86,87,88,89,90,91,92,93,94,95,96,97,98,99]
CFO=-859.1728159267503,STO=3
EsN0dB=12.40,GRXdB=10,N0=0.0010000000474974513
packet_number=294,correct=True,payload=[0,1,2,3,4,5,6,7,8,9,10,11,12,13,14,15,16,17,18,19,20,21,22,23,24,25,26,27,28,29,30,31,32,33,34,35,36,37,38,39,40,41,42,43,44,45,46,47,48,49,50,51,52,53,54,55,56,57,58,59,60,61,62,63,64,65,66,67,68,69,70,71,72,73,74,75,76,77,78,79,80,81,82,83,84,85,86,87,88,89,90,91,92,93,94,95,96,97,98,99]
CFO=-782.0209674848596,STO=6
EsN0dB=12.32,GRXdB=10,N0=0.0010000000474974513
packet_number=295,correct=True,payload=[0,1,2,3,4,5,6,7,8,9,10,11,12,13,14,15,16,17,18,19,20,21,22,23,24,25,26,27,28,29,30,31,32,33,34,35,36,37,38,39,40,41,42,43,44,45,46,47,48,49,50,51,52,53,54,55,56,57,58,59,60,61,62,63,64,65,66,67,68,69,70,71,72,73,74,75,76,77,78,79,80,81,82,83,84,85,86,87,88,89,90,91,92,93,94,95,96,97,98,99]
CFO=-1015.0079692884956,STO=3
EsN0dB=12.37,GRXdB=10,N0=0.0010000000474974513
packet_number=296,correct=True,payload=[0,1,2,3,4,5,6,7,8,9,10,11,12,13,14,15,16,17,18,19,20,21,22,23,24,25,26,27,28,29,30,31,32,33,34,35,36,37,38,39,40,41,42,43,44,45,46,47,48,49,50,51,52,53,54,55,56,57,58,59,60,61,62,63,64,65,66,67,68,69,70,71,72,73,74,75,76,77,78,79,80,81,82,83,84,85,86,87,88,89,90,91,92,93,94,95,96,97,98,99]
CFO=-759.1379364905475,STO=4
EsN0dB=12.37,GRXdB=10,N0=0.0010000000474974513
packet_number=297,correct=True,payload=[0,1,2,3,4,5,6,7,8,9,10,11,12,13,14,15,16,17,18,19,20,21,22,23,24,25,26,27,28,29,30,31,32,33,34,35,36,37,38,39,40,41,42,43,44,45,46,47,48,49,50,51,52,53,54,55,56,57,58,59,60,61,62,63,64,65,66,67,68,69,70,71,72,73,74,75,76,77,78,79,80,81,82,83,84,85,86,87,88,89,90,91,92,93,94,95,96,97,98,99]
CFO=-732.6928906962698,STO=4
EsN0dB=12.26,GRXdB=10,N0=0.0010000000474974513
packet_number=298,correct=True,payload=[0,1,2,3,4,5,6,7,8,9,10,11,12,13,14,15,16,17,18,19,20,21,22,23,24,25,26,27,28,29,30,31,32,33,34,35,36,37,38,39,40,41,42,43,44,45,46,47,48,49,50,51,52,53,54,55,56,57,58,59,60,61,62,63,64,65,66,67,68,69,70,71,72,73,74,75,76,77,78,79,80,81,82,83,84,85,86,87,88,89,90,91,92,93,94,95,96,97,98,99]
CFO=-680.240535970928,STO=4
EsN0dB=12.39,GRXdB=10,N0=0.0010000000474974513
packet_number=299,correct=True,payload=[0,1,2,3,4,5,6,7,8,9,10,11,12,13,14,15,16,17,18,19,20,21,22,23,24,25,26,27,28,29,30,31,32,33,34,35,36,37,38,39,40,41,42,43,44,45,46,47,48,49,50,51,52,53,54,55,56,57,58,59,60,61,62,63,64,65,66,67,68,69,70,71,72,73,74,75,76,77,78,79,80,81,82,83,84,85,86,87,88,89,90,91,92,93,94,95,96,97,98,99]
CFO=-837.3642946401478,STO=1
EsN0dB=12.33,GRXdB=10,N0=0.0010000000474974513
packet_number=300,correct=False,payload=[0,1,2,3,4,5,6,7,8,9,10,11,12,13,14,15,16,17,18,19,20,21,22,23,24,25,26,27,28,29,30,31,32,33,34,3,44,37,38,39,40,41,62,43,44,45,46,47,48,49,50,51,52,53,54,55,56,57,58,59,124,61,62,63,64,65,66,67,68,69,6,71,72,73,74,75,76,77,30,79,80,81,82,83,84,85,86,87,88,89,90,95,92,93,30,95,96,97,98,99]
CFO=-1073.4531628223215,STO=1
EsN0dB=10.18,GRXdB=10,N0=0.0015848932089284062
packet_number=301,correct=False,payload=[1,0,3,3,0,5,130,3,128,13,130,3,142,7,14,7,128,24,2,1,22,5,27,11,156,28,14,13,30,13,143,31,0,16,163,3,2,38,176,23,160,21,36,53,6,55,6,63,144,49,59,49,148,55,191,19,152,28,28,59,188,60,30,63,192,97,130,3,36,65,99,39,160,64,142,103,134,109,47,79,176,113,65,113,88,49,91,77,76,45,78,95,142,30,255,127,96,97,225,99]
CFO=-1074.9374245903953,STO=6
EsN0dB=10.15,GRXdB=10,N0=0.0015848932089284062
packet_number=302,correct=False,payload=[0,1,2,3,4,5,6,7,8,9,10,11,12,13,14,15,16,17,18,19,20,21,22,23,24,25,18,27,28,29,30,31,32,33,34,35,36,37,38,39,40,41,42,43,44,45,46,47,48,49,50,51,52,53,54,55,56,57,58,59,60,61,62,63,64,65,66,67,68,69,70,71,72,73,74,75,76,77,78,79,80,81,82,83,84,85,86,87,88,89,94,91,92,93,94,95,96,97,98,99]
CFO=-1127.2741048446373,STO=6
EsN0dB=10.40,GRXdB=10,N0=0.0015848932089284062
packet_number=303,correct=False,payload=[0,1,2,3,4,5,6,7,8,9,10,11,12,13,14,15,16,17,18,19,20,21,22,23,24,25,26,27,28,29,30,31,32,33,34,35,36,33,38,39,40,41,42,43,44,45,46,47,48,49,50,51,52,53,54,55,56,57,58,59,60,61,62,63,64,65,64,67,68,69,70,71,72,73,74,67,76,77,78,79,80,81,82,83,84,85,86,87,88,89,90,91,92,93,94,95,96,97,98,99]
CFO=-646.6072496837409,STO=4
EsN0dB=10.45,GRXdB=10,N0=0.0015848932089284062
packet_number=304,correct=False,payload=[0,1,2,3,4,5,6,7,8,9,10,11,44,13,14,15,16,17,18,19,20,21,22,22,24,153,26,27,28,29,30,31,32,33,34,35,36,37,38,39,40,41,42,43,44,45,46,47,48,49,50,51,52,53,54,55,56,57,58,59,60,61,62,63,64,65,66,67,68,69,70,71,72,73,74,75,76,77,78,79,80,81,82,83,84,85,86,87,88,89,90,91,92,93,94,95,96,97,98,99]
CFO=-945.3043472727653,STO=1
EsN0dB=10.47,GRXdB=10,N0=0.0015848932089284062
packet_number=305,correct=False,payload=[0,1,2,3,6,5,6,7,12,1,142,13,12,13,14,15,16,16,154,11,20,7,18,31,24,8,30,25,28,29,31,31,0,49,34,33,36,37,34,39,40,40,56,45,44,47,47,15,176,49,50,19,52,53,54,23,56,57,56,59,28,60,62,63,0,64,194,3,2,4,70,39,76,73,74,71,76,77,6,79,48,81,89,67,80,117,94,7,56,88,126,29,220,93,94,95,96,97,114,35]
CFO=-914.9036614536983,STO=5
EsN0dB=10.35,GRXdB=10,N0=0.0015848932089284062
packet_number=306,correct=False,payload=[0,1,2,3,4,5,6,7,8,9,10,11,12,13,14,15,18,17,18,3,20,21,22,23,24,25,26,27,28,29,30,31,32,33,34,35,36,37,38,39,40,41,42,43,44,45,46,47,48,49,50,51,52,53,54,55,56,57,58,59,60,61,62,63,64,65,66,67,68,69,70,71,72,73,74,75,76,77,78,79,80,81,82,83,84,85,86,87,88,89,90,91,92,93,94,95,96,97,98,99]
CFO=-1085.107291673329,STO=5
EsN0dB=10.42,GRXdB=10,N0=0.0015848932089284062
packet_number=307,correct=False,payload=[0,1,2,131,4,5,6,7,8,9,10,11,12,13,14,15,16,17,18,19,20,21,22,23,24,25,26,27,28,29,30,31,32,33,34,35,36,37,38,39,40,41,42,43,44,45,46,47,48,49,50,51,52,53,54,55,56,57,58,59,60,61,62,63,64,65,66,67,68,69,70,71,72,73,74,75,76,77,78,79,80,81,82,83,84,85,86,87,88,89,90,90,92,93,94,95,96,97,98,99]
CFO=-817.9498969532424,STO=5
EsN0dB=10.33,GRXdB=10,N0=0.0015848932089284062
packet_number=308,correct=False,payload=[0,1,2,3,4,5,6,7,8,9,10,11,12,13,14,15,16,17,18,19,16,21,22,23,24,25,26,27,28,29,30,31,32,33,35,35,36,37,38,39,40,41,42,43,44,45,46,47,48,49,50,51,52,53,54,55,56,57,58,59,60,61,62,63,64,65,66,67,68,69,70,71,72,73,74,75,76,77,78,79,80,81,82,83,84,85,86,87,88,89,90,91,92,93,94,95,96,97,98,99]
CFO=-995.9598049219302,STO=4
EsN0dB=10.51,GRXdB=10,N0=0.0015848932089284062
packet_number=309,correct=False,payload=[0,1,2,3,4,5,6,7,8,9,10,11,12,13,14,15,16,17,18,19,20,21,22,23,24,25,26,27,28,29,30,31,32,33,34,35,36,37,38,39,40,41,42,43,44,45,46,47,48,49,50,51,52,53,54,55,56,57,58,59,60,61,62,63,64,65,66,67,68,69,70,71,72,73,74,75,76,76,78,79,80,81,82,83,84,85,86,87,88,89,90,91,92,93,94,95,96,97,98,99]
CFO=-869.1861578412045,STO=1
EsN0dB=10.41,GRXdB=10,N0=0.0015848932089284062
packet_number=310,correct=False,payload=[0,1,3,3,0,7,2,7,136,9,2,11,140,13,15,15,16,17,130,19,20,21,22,23,28,9,30,31,30,31,30,15,32,49,32,51,36,37,50,39,40,5,42,43,46,46,46,47,48,57,50,51,56,53,30,55,56,56,58,63,28,61,190,31,224,65,66,67,100,69,70,71,72,73,74,3,76,5,70,79,80,113,90,81,20,85,230,87,220,93,106,91,28,95,94,95,96,96,114,99]
CFO=-816.9524640330416,STO=1
EsN0dB=10.25,GRXdB=10,N0=0.0015848932089284062
packet_number=311,correct=False,payload=[0,1,2,3,132,0,134,3,12,5,2,11,6,15,71,15,24,25,18,3,8,31,23,27,24,9,159,31,158,29,14,31,160,1,32,33,160,23,7,39,8,41,35,51,164,61,182,55,176,48,147,51,52,53,54,55,60,57,60,31,62,63,62,63,64,65,66,3,36,100,227,3,200,68,67,15,196,13,143,15,144,81,80,81,112,63,94,87,24,88,94,95,126,92,14,111,96,33,224,99]
CFO=-628.7454749464459,STO=7
EsN0dB=10.35,GRXdB=10,N0=0.0015848932089284062
packet_number=312,correct=False,payload=[0,1,2,3,4,5,6,7,8,9,10,11,12,13,14,15,16,17,18,19,20,21,22,23,24,25,26,27,28,29,30,31,32,1,34,35,32,37,38,39,40,41,42,43,44,45,46,47,48,49,50,51,52,49,54,55,56,57,58,59,124,61,62,63,64,65,66,67,68,69,70,199,72,73,74,75,76,77,78,15,80,81,82,83,20,85,22,87,88,89,90,91,88,95,94,95,96,97,98,99]
CFO=-1174.8748315353178,STO=4
EsN0dB=10.37,GRXdB=10,N0=0.0015848932089284062
packet_number=313,correct=False,payload=[0,1,2,3,4,5,6,7,8,9,10,11,12,13,14,13,16,17,18,19,20,21,22,23,24,25,26,27,28,29,30,31,32,33,34,35,36,37,38,39,40,41,42,43,44,45,46,47,48,49,50,51,52,53,182,55,56,57,58,59,188,61,62,63,64,65,66,67,68,69,70,71,72,73,74,75,76,77,78,79,80,81,82,83,84,85,86,87,88,89,90,91,92,93,94,95,96,97,98,99]
CFO=-581.2981903527445,STO=4
EsN0dB=10.42,GRXdB=10,N0=0.0015848932089284062
packet_number=314,correct=False,payload=[0,1,2,3,4,5,6,7,8,9,10,11,12,13,14,15,16,17,18,19,20,21,22,23,24,25,26,27,28,29,30,31,32,33,34,35,36,37,38,39,40,41,42,43,44,45,46,47,48,49,178,51,52,53,54,55,56,57,58,59,60,61,62,63,64,65,66,67,68,69,70,71,72,77,74,75,76,77,78,79,80,81,82,83,84,85,86,87,88,93,90,91,92,93,94,95,96,97,98,99]
CFO=-1018.7063507125152,STO=5
EsN0dB=10.44,GRXdB=10,N0=0.0015848932089284062
packet_number=315,correct=False,payload=[0,1,2,3,4,5,6,7,8,9,10,11,12,13,14,15,16,17,18,19,20,21,22,23,24,25,26,27,28,29,30,31,32,33,34,35,36,37,38,39,40,41,42,43,44,45,46,47,48,49,50,51,52,53,54,55,56,57,58,59,60,61,62,63,64,65,66,67,68,69,70,71,72,73,74,75,76,77,78,79,80,81,82,83,84,85,86,87,88,89,90,91,92,89,94,95,96,97,98,99]
CFO=-759.5234982976012,STO=1
EsN0dB=10.39,GRXdB=10,N0=0.0015848932089284062
packet_number=316,correct=False,payload=[0,0,2,3,4,5,6,7,8,0,10,11,12,13,14,15,16,25,19,19,24,4,14,19,24,25,26,31,28,28,30,31,48,33,162,35,36,36,54,39,40,33,42,43,6,45,38,47,144,49,51,51,52,49,54,55,56,57,27,59,60,61,62,63,224,65,2,99,96,64,70,71,200,73,74,75,76,77,70,79,88,80,19,83,20,21,90,87,72,89,26,91,124,93,94,95,112,33,226,35]
CFO=-876.5712998812808,STO=6
EsN0dB=10.19,GRXdB=10,N0=0.0015848932089284062
packet_number=317,correct=False,payload=[32,1,2,3,4,5,6,7,8,9,10,11,12,13,14,15,16,17,18,19,20,21,22,23,24,25,26,27,28,29,30,31,32,33,34,35,36,37,38,39,40,41,42,43,44,45,46,47,48,49,50,51,52,53,54,55,56,57,58,59,60,61,62,63,64,65,66,67,68,69,70,71,72,73,74,75,76,77,78,79,80,81,82,83,84,85,86,87,120,89,74,91,92,93,94,95,96,97,98,99]
CFO=-964.0387498243333,STO=7
EsN0dB=10.44,GRXdB=10,N0=0.0015848932089284062
packet_number=318,correct=False,payload=[0,1,2,3,4,5,6,5,8,9,10,11,12,13,14,15,16,17,18,19,20,21,22,23,25,25,26,27,28,29,30,31,32,33,34,35,36,37,38,39,40,41,42,43,44,45,46,47,48,49,50,51,52,53,54,55,56,57,58,59,60,61,62,63,64,65,66,67,68,69,70,71,72,73,74,75,76,77,78,79,80,81,82,83,84,85,86,87,88,89,90,91,92,93,94,95,96,97,98,99]
CFO=-1129.0442622045323,STO=2
EsN0dB=10.30,GRXdB=10,N0=0.0015848932089284062
packet_number=319,correct=False,payload=[0,1,2,3,0,5,6,7,8,13,138,11,12,12,6,15,16,1,18,17,20,21,22,23,24,25,26,27,28,29,31,31,48,33,34,51,36,37,38,39,40,41,42,43,28,5,46,47,48,49,50,51,60,49,54,55,56,56,186,31,60,61,62,63,64,97,194,67,68,68,70,103,72,72,138,75,14,109,14,79,80,81,83,83,116,84,86,103,92,89,94,123,92,125,94,95,96,97,114,99]
CFO=-816.0299734662341,STO=5
EsN0dB=10.42,GRXdB=10,N0=0.0015848932089284062
packet_number=320,correct=False,payload=[0,1,2,3,4,5,6,7,8,9,10,11,140,13,14,15,16,17,18,19,20,21,22,23,24,25,26,27,28,29,30,31,32,33,34,35,36,37,38,39,40,41,42,43,44,45,46,47,48,49,50,51,52,53,54,55,56,57,58,59,60,61,62,63,64,65,66,67,68,69,70,71,72,73,74,75,76,77,78,79,80,81,82,83,84,85,86,87,88,89,90,91,92,93,94,95,96,97,98,99]
CFO=-791.0914824185712,STO=1
EsN0dB=10.47,GRXdB=10,N0=0.0015848932089284062
packet_number=321,correct=False,payload=[0,1,129,3,132,1,6,7,12,9,10,15,14,12,14,15,144,17,19,17,22,21,146,23,8,25,10,27,28,15,30,31,32,33,3,3,2,37,55,35,24,45,10,25,44,47,54,47,16,25,50,27,184,52,18,31,24,61,62,25,60,61,62,63,32,65,2,99,66,68,230,67,72,97,32,79,78,77,198,71,112,97,137,75,212,55,218,71,216,120,78,25,92,124,94,95,48,113,227,99]
CFO=-807.3978475839381,STO=5
EsN0dB=10.31,GRXdB=10,N0=0.0015848932089284062
packet_number=322,correct=True,payload=[0,1,2,3,4,5,6,7,8,9,10,11,12,13,14,15,16,17,18,19,20,21,22,23,24,25,26,27,28,29,30,31,32,33,34,35,36,37,38,39,40,41,42,43,44,45,46,47,48,49,50,51,52,53,54,55,56,57,58,59,60,61,62,63,64,65,66,67,68,69,70,71,72,73,74,75,76,77,78,79,80,81,82,83,84,85,86,87,88,89,90,91,92,93,94,95,96,97,98,99]
CFO=-1183.7308358404086,STO=1
EsN0dB=10.30,GRXdB=10,N0=0.0015848932089284062
packet_number=323,correct=False,payload=[184,0,24,16,56,64,64,112,48,192,208,240,24,224,232,96,249,0,0,1,145,64,32,177,56,129,209,208,209,224,248,224,249,3,9,33,16,33,106,49,51,128,209,64,242,99,107,224,123,131,137,147,17,131,249,161,115,193,211,177,185,193,217,225,246,0,28,0,24,34,70,102,112,134,74,196,152,68,90,112,255,129,6,164,186,98,15,48,51,197,157,199,176,230,224,226,247,3,11,55]
CFO=-905.1418863157056,STO=0
EsN0dB=10.47,GRXdB=10,N0=0.0015848932089284062
packet_number=324,correct=False,payload=[0,1,2,3,4,5,14,15,0,9,10,14,28,15,14,15,16,17,2,19,4,17,22,22,24,153,24,27,28,31,30,31,32,97,34,39,36,39,38,38,104,105,38,63,108,41,46,47,48,50,32,51,48,61,54,55,56,120,56,122,124,60,60,62,192,2,198,67,68,64,70,7,72,73,202,75,92,205,94,95,16,83,82,83,220,245,86,86,216,89,90,91,28,93,92,31,96,97,96,99]
CFO=-1141.4749693346093,STO=5
EsN0dB=10.38,GRXdB=10,N0=0.0015848932089284062
packet_number=325,correct=False,payload=[0,1,2,3,4,5,6,7,8,9,10,11,12,13,14,15,16,17,18,19,20,21,22,23,24,25,26,27,28,29,30,31,32,33,34,35,36,37,38,39,40,41,42,43,44,45,46,47,48,48,50,51,52,53,54,55,56,57,50,57,60,61,62,63,64,65,66,67,68,69,70,71,72,73,74,75,76,77,78,79,80,81,82,83,84,85,86,87,88,89,90,91,92,85,94,95,96,97,98,99]
CFO=-1031.8511446339432,STO=4
EsN0dB=10.25,GRXdB=10,N0=0.0015848932089284062
packet_number=326,correct=False,payload=[0,1,2,3,4,5,6,7,8,9,10,11,12,13,14,15,16,17,18,19,20,21,22,23,24,25,26,27,28,29,30,31,32,33,34,35,36,37,38,39,40,41,42,43,44,45,46,47,48,49,50,51,52,53,54,55,56,49,58,59,60,61,62,63,64,65,66,67,68,69,70,71,72,73,74,75,76,77,78,79,80,81,82,91,84,85,86,87,88,89,90,91,92,93,94,95,96,97,98,99]
CFO=-1018.7521224663282,STO=2
EsN0dB=10.34,GRXdB=10,N0=0.0015848932089284062
packet_number=327,correct=False,payload=[128,1,130,3,130,4,134,7,8,13,2,9,12,15,135,15,144,17,16,27,132,4,30,19,8,29,26,27,30,12,158,31,176,16,162,51,148,21,38,39,16,33,139,41,38,4,62,47,48,24,48,51,144,57,150,51,156,60,62,25,28,62,30,63,64,97,67,65,70,70,98,39,64,77,72,105,100,111,78,15,80,16,49,107,192,19,26,39,56,73,154,27,30,45,95,95,32,33,35,99]
CFO=-1238.8886450971468,STO=7
EsN0dB=10.42,GRXdB=10,N0=0.0015848932089284062
packet_number=328,correct=False,payload=[0,1,2,3,4,5,6,7,8,9,10,11,12,13,14,15,16,17,18,19,20,21,22,23,24,25,26,27,28,29,30,63,34,33,34,39,36,37,38,39,40,41,42,43,44,45,46,47,48,113,50,51,52,53,54,55,56,57,58,59,60,61,62,63,64,65,66,67,68,5,70,71,72,73,74,75,76,77,78,79,80,81,82,83,92,85,86,87,88,89,90,91,92,93,94,95,96,97,98,99]
CFO=-784.1304998691396,STO=1
EsN0dB=10.30,GRXdB=10,N0=0.0015848932089284062
packet_number=329,correct=False,payload=[128,1,1,3,128,5,6,7,0,8,5,5,140,15,14,7,16,1,154,17,14,3,22,31,8,24,28,11,158,14,159,31,144,0,33,17,6,0,38,55,24,8,38,41,14,37,142,55,50,57,51,27,20,24,150,23,156,29,158,63,28,60,62,31,64,96,66,65,6,38,50,39,64,105,230,39,12,79,134,111,0,121,208,19,186,70,214,3,24,57,74,91,220,14,254,63,240,33,113,115]
CFO=-620.5620545471244,STO=5
EsN0dB=10.48,GRXdB=10,N0=0.0015848932089284062
packet_number=330,correct=False,payload=[0,1,2,3,4,5,6,7,8,11,10,11,12,13,14,15,16,17,18,19,20,21,22,23,24,25,26,27,28,29,30,31,32,33,34,35,36,37,38,39,40,41,42,43,44,45,46,47,48,49,50,51,52,53,54,55,56,57,58,59,60,61,62,63,64,65,66,67,68,69,86,71,72,73,74,75,76,77,78,79,80,81,82,83,84,85,86,87,88,89,90,91,92,93,94,95,96,97,98,99]
CFO=-906.8403622632173,STO=4
EsN0dB=10.40,GRXdB=10,N0=0.0015848932089284062
packet_number=331,correct=False,payload=[0,1,2,3,4,5,6,7,8,9,10,11,12,13,14,15,16,17,18,19,20,21,22,23,24,25,26,27,28,29,30,31,32,33,34,35,36,37,38,39,168,41,42,43,44,45,46,47,48,49,50,51,52,53,54,55,56,57,58,59,60,61,62,63,64,65,66,67,68,69,70,71,72,73,74,75,76,77,78,79,80,81,82,83,84,85,86,87,88,89,90,91,92,93,94,95,96,97,98,99]
CFO=-862.8333704350541,STO=0
EsN0dB=10.48,GRXdB=10,N0=0.0015848932089284062
packet_number=332,correct=False,payload=[0,1,2,3,4,1,6,7,8,9,10,11,12,13,14,15,16,1,34,3,20,21,22,6,16,17,30,26,28,29,30,31,32,33,34,38,32,69,38,46,40,41,38,43,44,41,46,47,48,49,50,54,60,113,116,55,56,49,126,59,60,61,62,62,64,1,66,67,68,77,134,7,0,137,204,86,204,78,94,79,64,82,82,195,80,165,94,86,112,88,84,114,92,28,94,95,96,225,98,99]
CFO=-978.9142140745171,STO=7
EsN0dB=10.49,GRXdB=10,N0=0.0015848932089284062
packet_number=333,correct=False,payload=[0,1,2,3,4,5,6,7,8,9,10,11,12,13,14,15,16,17,18,19,20,21,22,23,24,25,26,27,60,29,30,31,32,33,34,35,36,37,38,39,40,41,42,43,44,45,46,47,48,49,50,51,52,53,54,55,56,57,58,59,60,61,62,63,64,65,66,67,68,69,70,71,72,73,74,75,76,77,78,79,80,81,82,83,84,85,86,87,88,89,90,91,92,93,94,95,96,97,98,99]
CFO=-1033.2726777549522,STO=3
EsN0dB=10.35,GRXdB=10,N0=0.0015848932089284062
packet_number=334,correct=False,payload=[0,1,2,3,4,5,6,7,8,25,10,11,12,13,14,15,16,17,18,19,20,21,22,23,152,25,26,27,28,29,30,31,32,33,34,35,36,37,38,39,40,41,42,43,44,45,46,47,48,49,50,51,52,53,54,55,56,57,58,59,60,61,62,63,64,65,70,67,68,69,70,71,72,73,74,75,76,77,78,79,80,81,82,83,84,85,86,87,88,89,90,91,92,93,94,95,96,97,98,99]
CFO=-918.1063798441995,STO=2
EsN0dB=10.26,GRXdB=10,N0=0.0015848932089284062
packet_number=335,correct=False,payload=[0,1,2,1,68,1,6,7,8,9,10,11,12,13,14,15,16,17,18,3,20,21,22,23,24,25,26,27,28,29,30,31,32,32,34,35,36,37,38,39,40,41,42,43,44,45,174,47,16,49,50,51,180,61,54,55,60,57,58,59,60,61,62,63,64,65,66,67,68,69,70,71,72,73,74,43,76,77,78,79,80,81,66,83,84,85,86,87,88,89,94,95,94,93,94,95,96,97,226,99]
CFO=-834.7567276288877,STO=3
EsN0dB=10.37,GRXdB=10,N0=0.0015848932089284062
packet_number=336,correct=False,payload=[0,1,2,3,4,5,6,7,8,9,10,11,44,13,14,15,16,17,18,19,20,21,22,23,24,25,26,27,28,29,30,31,32,33,34,33,36,37,38,39,40,41,42,43,44,45,46,47,48,49,50,51,52,53,54,55,56,57,58,59,60,61,62,63,64,65,66,67,68,69,70,71,72,73,78,75,76,77,78,79,80,81,82,83,84,85,86,87,88,89,90,91,92,93,94,95,96,97,98,99]
CFO=-1305.6944170618913,STO=3
EsN0dB=10.48,GRXdB=10,N0=0.0015848932089284062
packet_number=337,correct=False,payload=[0,0,130,3,132,5,7,7,8,9,2,3,4,13,142,15,16,17,18,19,20,21,27,7,24,25,8,11,28,13,30,31,160,33,32,35,36,39,54,39,40,41,40,33,44,37,38,47,176,48,50,49,60,61,54,55,56,57,58,59,60,63,62,63,64,65,66,67,68,69,70,103,8,105,10,67,140,77,70,111,80,89,210,75,86,87,215,31,92,89,90,95,92,92,126,15,96,97,98,99]
CFO=-884.4350887717868,STO=6
EsN0dB=10.39,GRXdB=10,N0=0.0015848932089284062
packet_number=338,correct=False,payload=[0,1,2,3,4,5,6,7,10,25,10,11,12,13,14,15,16,17,18,19,20,21,22,23,24,25,26,27,28,29,30,31,32,33,34,35,36,37,38,39,40,41,42,43,44,45,46,47,48,49,50,51,52,53,54,55,56,57,58,59,60,61,62,63,64,65,66,67,68,69,70,71,72,9,74,75,78,77,78,79,80,81,82,83,84,85,86,87,88,89,90,91,92,93,94,95,96,97,98,99]
CFO=-650.6647496477151,STO=4
EsN0dB=10.17,GRXdB=10,N0=0.0015848932089284062
packet_number=339,correct=False,payload=[0,1,2,3,4,5,6,7,8,9,10,11,12,13,14,15,16,17,18,19,20,21,22,23,24,25,26,27,28,29,30,31,32,33,34,35,36,37,38,39,40,41,42,43,44,45,46,47,48,49,50,51,52,53,54,55,56,57,58,59,60,61,62,63,64,65,66,67,68,69,70,71,72,73,75,75,76,77,78,79,80,81,82,83,84,85,86,87,88,89,90,91,92,93,94,95,96,97,98,99]
CFO=-885.0839567429381,STO=1
EsN0dB=10.37,GRXdB=10,N0=0.0015848932089284062
packet_number=340,correct=False,payload=[0,0,2,3,4,5,134,7,12,13,14,11,142,13,6,15,16,1,19,19,28,21,22,31,8,29,26,25,156,29,30,31,32,49,32,35,38,37,38,55,56,41,58,40,44,45,46,7,48,49,50,51,20,53,55,55,56,57,58,31,60,62,62,63,64,65,67,67,192,0,70,71,72,65,202,11,204,13,110,79,80,81,83,19,86,21,70,87,25,89,123,89,92,125,94,63,96,97,98,97]
CFO=-1185.1185737545868,STO=5
EsN0dB=10.15,GRXdB=10,N0=0.0015848932089284062
packet_number=341,correct=False,payload=[0,1,2,3,4,5,6,7,8,9,10,11,12,13,14,15,16,17,18,19,20,5,22,23,25,25,26,27,28,29,30,31,32,33,34,35,36,37,38,39,40,41,42,43,44,45,46,47,48,49,50,51,52,53,54,55,56,57,58,59,60,61,62,63,64,65,194,67,68,69,70,71,72,73,74,75,76,77,78,79,80,81,82,82,84,85,86,87,88,89,90,91,92,93,94,95,96,97,98,99]
CFO=-786.8987423374373,STO=4
EsN0dB=10.26,GRXdB=10,N0=0.0015848932089284062
packet_number=342,correct=False,payload=[0,1,2,3,4,5,6,7,8,9,10,11,12,13,14,15,16,17,18,19,20,21,22,23,24,25,26,27,28,29,30,31,32,33,34,35,36,37,38,39,40,41,42,43,44,45,46,47,48,49,50,51,52,53,54,55,56,57,58,59,60,61,62,63,64,65,66,67,68,69,70,71,72,73,74,75,76,77,78,79,80,81,82,83,84,85,86,87,88,89,90,91,92,93,94,95,96,97,98,103]
CFO=-1010.1868755196552,STO=7
EsN0dB=10.22,GRXdB=10,N0=0.0015848932089284062
packet_number=343,correct=False,payload=[0,1,2,3,4,5,6,7,8,11,10,15,12,13,14,15,16,19,18,19,20,21,22,23,24,25,26,27,28,29,30,31,32,33,2,35,36,37,38,39,40,105,42,43,13,13,46,47,48,49,50,51,56,53,38,55,56,41,58,59,60,61,62,63,64,65,66,67,68,69,70,71,72,73,74,75,76,77,78,79,80,81,82,19,84,85,86,215,88,89,90,27,92,93,94,95,96,99,98,99]
CFO=-787.8371818702756,STO=5
EsN0dB=10.42,GRXdB=10,N0=0.0015848932089284062
packet_number=344,correct=False,payload=[0,1,2,3,4,5,6,7,8,9,10,11,12,13,14,15,16,17,18,19,20,21,22,23,24,25,26,27,28,29,31,31,32,33,34,35,36,37,38,39,40,41,42,43,44,45,46,47,48,49,50,51,52,53,54,55,56,57,58,59,60,61,62,63,68,65,66,67,68,69,70,71,72,73,74,75,76,77,78,79,80,81,82,83,84,85,214,87,88,89,90,91,92,93,94,95,96,97,98,99]
CFO=-737.4319273313316,STO=2
EsN0dB=10.29,GRXdB=10,N0=0.0015848932089284062
packet_number=345,correct=False,payload=[0,1,2,3,4,5,6,7,8,9,14,11,12,13,6,15,16,17,18,19,20,21,6,23,24,25,26,27,28,29,30,31,32,33,34,35,4,37,38,39,40,41,42,43,44,45,46,47,48,49,50,51,52,53,54,55,56,57,58,59,60,61,62,63,64,65,66,67,68,69,70,71,72,73,74,75,76,77,78,15,80,65,114,83,84,85,86,87,88,93,90,91,92,93,94,95,96,97,98,99]
CFO=-851.603993973057,STO=7
EsN0dB=10.44,GRXdB=10,N0=0.0015848932089284062
packet_number=346,correct=False,payload=[0,1,2,3,68,5,6,7,8,9,10,11,12,13,14,15,16,17,18,19,20,21,22,23,24,25,26,27,28,29,30,31,32,33,34,35,36,37,38,39,40,41,42,43,44,41,46,47,48,49,50,51,52,53,54,55,56,57,58,59,60,61,62,63,64,65,66,67,68,69,70,71,72,73,74,75,76,77,78,79,80,83,82,83,84,85,86,87,88,89,90,91,92,93,94,95,96,97,98,99]
CFO=-764.2962115598208,STO=6
EsN0dB=10.33,GRXdB=10,N0=0.0015848932089284062
packet_number=347,correct=True,payload=[0,1,2,3,4,5,6,7,8,9,10,11,12,13,14,15,16,17,18,19,20,21,22,23,24,25,26,27,28,29,30,31,32,33,34,35,36,37,38,39,40,41,42,43,44,45,46,47,48,49,50,51,52,53,54,55,56,57,58,59,60,61,62,63,64,65,66,67,68,69,70,71,72,73,74,75,76,77,78,79,80,81,82,83,84,85,86,87,88,89,90,91,92,93,94,95,96,97,98,99]
CFO=-826.122348732803,STO=3
EsN0dB=10.31,GRXdB=10,N0=0.0015848932089284062
packet_number=348,correct=False,payload=[0,1,2,3,36,5,2,7,8,9,10,11,12,13,14,15,24,17,18,19,20,21,22,23,24,25,26,27,28,29,30,31,32,33,34,35,36,37,38,39,40,41,42,43,44,45,46,47,48,49,50,51,52,53,54,55,56,57,58,59,60,61,62,63,64,65,66,67,68,69,70,71,72,73,74,75,76,77,78,79,80,81,18,83,84,85,86,87,88,89,90,91,92,92,94,95,96,97,98,99]
CFO=-961.0219050714013,STO=1
EsN0dB=10.32,GRXdB=10,N0=0.0015848932089284062
packet_number=349,correct=False,payload=[241,194,48,220,0,8,24,24,48,0,24,24,64,120,112,124,96,116,56,120,192,192,144,12,224,196,56,220,192,76,192,216,96,228,112,253,1,128,153,29,48,168,153,29,65,105,200,56,32,104,241,56,129,196,216,204,225,205,177,249,192,193,216,220,224,224,240,250,3,9,18,10,49,19,26,26,64,75,72,88,98,112,113,57,1,143,192,24,240,37,154,216,224,234,208,202,115,250,248,251]
CFO=-740.7813880672824,STO=0
EsN0dB=10.40,GRXdB=10,N0=0.0015848932089284062
packet_number=350,correct=False,payload=[0,1,2,3,12,4,6,7,8,9,2,11,8,13,14,15,16,17,18,23,20,53,54,23,24,25,62,27,28,29,30,31,32,33,34,99,36,5,36,39,40,43,42,43,44,41,110,46,48,48,50,51,52,53,54,55,56,121,56,127,60,61,62,63,64,65,66,67,68,69,70,71,8,89,74,75,12,77,78,79,80,81,82,211,84,85,86,119,88,89,90,91,92,93,126,95,96,225,98,99]
CFO=-981.9729767418866,STO=3
EsN0dB=10.31,GRXdB=10,N0=0.0015848932089284062
packet_number=351,correct=False,payload=[0,1,2,3,4,5,6,7,8,9,10,11,12,13,14,143,16,17,18,19,20,21,22,23,24,25,26,27,28,29,30,31,32,33,34,35,36,37,38,39,40,41,42,43,44,45,46,47,48,49,50,51,52,53,52,55,56,57,58,59,60,61,62,63,64,73,66,67,68,69,70,71,72,73,74,75,76,77,78,79,80,81,82,83,84,85,87,87,88,89,90,91,92,93,94,95,96,97,98,99]
CFO=-891.7614745838468,STO=0
EsN0dB=10.35,GRXdB=10,N0=0.0015848932089284062
packet_number=352,correct=False,payload=[0,0,2,3,4,4,6,7,8,27,12,14,12,13,14,15,16,17,18,3,20,21,20,6,24,17,58,27,24,29,62,30,96,33,34,35,36,37,38,38,104,41,10,42,44,61,110,15,48,49,50,51,52,55,54,39,48,57,58,59,60,62,62,127,192,65,66,67,4,69,198,71,64,75,74,75,76,77,78,79,80,83,82,83,92,85,118,87,88,89,90,219,220,156,94,95,96,97,98,227]
CFO=-850.1808007366247,STO=3
EsN0dB=10.43,GRXdB=10,N0=0.0015848932089284062
packet_number=353,correct=True,payload=[0,1,2,3,4,5,6,7,8,9,10,11,12,13,14,15,16,17,18,19,20,21,22,23,24,25,26,27,28,29,30,31,32,33,34,35,36,37,38,39,40,41,42,43,44,45,46,47,48,49,50,51,52,53,54,55,56,57,58,59,60,61,62,63,64,65,66,67,68,69,70,71,72,73,74,75,76,77,78,79,80,81,82,83,84,85,86,87,88,89,90,91,92,93,94,95,96,97,98,99]
CFO=-1038.2903766217767,STO=2
EsN0dB=10.37,GRXdB=10,N0=0.0015848932089284062
packet_number=354,correct=False,payload=[0,1,2,3,4,4,6,7,8,9,10,3,12,13,14,15,16,17,146,19,20,21,22,23,24,25,26,27,28,29,30,31,32,33,34,35,36,37,38,39,36,41,42,3,44,61,46,47,48,49,50,51,52,61,22,55,56,25,58,59,62,61,62,63,64,65,67,67,68,69,71,71,72,9,74,73,76,77,206,79,80,81,82,83,84,85,118,87,88,89,90,95,92,93,94,95,96,97,34,99]
CFO=-849.717272794514,STO=6
EsN0dB=10.37,GRXdB=10,N0=0.0015848932089284062
packet_number=355,correct=False,payload=[0,1,2,3,4,5,6,7,8,9,10,11,140,13,14,15,16,17,18,19,20,21,22,23,24,25,26,27,28,29,30,31,32,33,34,35,36,37,38,39,40,41,42,43,44,45,46,47,48,49,50,51,52,53,54,55,56,57,58,59,60,61,62,63,64,65,66,67,68,69,70,71,72,73,74,75,76,77,78,79,80,81,82,83,84,85,86,87,88,89,90,91,92,93,94,95,96,97,98,99]
CFO=-822.0273775921322,STO=2
EsN0dB=10.41,GRXdB=10,N0=0.0015848932089284062
packet_number=356,correct=False,payload=[0,1,2,3,4,5,6,7,8,9,10,11,12,13,14,15,16,17,18,19,20,5,6,23,24,25,26,27,12,29,30,31,32,33,34,35,36,37,38,39,40,41,42,43,44,45,46,47,48,49,50,51,52,49,54,55,56,57,58,59,60,29,62,63,64,65,66,67,100,69,70,71,72,73,74,75,76,77,78,79,80,81,82,83,84,85,86,87,88,89,90,91,92,93,94,95,96,97,114,99]
CFO=-756.9872569597051,STO=1
EsN0dB=10.32,GRXdB=10,N0=0.0015848932089284062
packet_number=357,correct=False,payload=[0,3,6,6,0,13,6,14,8,26,14,11,8,15,14,30,32,16,52,18,4,2,54,38,16,50,58,58,28,29,62,62,0,3,70,35,64,64,76,7,88,81,36,59,56,105,62,62,112,35,112,34,100,61,38,38,48,56,54,122,120,127,124,63,0,3,132,67,200,4,142,14,64,27,70,207,200,206,12,94,208,163,182,226,228,19,46,39,16,185,16,63,156,220,158,94,96,193,198,99]
CFO=-800.7936712708358,STO=1
EsN0dB=10.23,GRXdB=10,N0=0.0015848932089284062
packet_number=358,correct=False,payload=[0,1,2,2,12,4,6,5,8,9,10,11,12,13,14,47,16,17,18,19,20,29,28,23,24,25,26,27,28,25,28,31,0,32,66,35,36,37,38,39,40,41,42,35,40,13,110,47,48,51,38,51,52,53,54,55,56,56,58,59,60,61,126,63,64,64,66,67,68,67,70,199,72,73,74,75,76,76,206,79,80,211,82,18,84,85,86,87,88,216,122,155,28,93,90,95,64,97,102,199]
CFO=-953.7852247820343,STO=5
EsN0dB=10.23,GRXdB=10,N0=0.0015848932089284062
packet_number=359,correct=False,payload=[0,1,2,3,4,5,6,7,8,9,10,11,12,13,15,15,16,17,18,19,20,21,22,23,24,25,26,27,28,29,30,31,32,33,34,35,36,37,38,39,40,41,42,43,44,45,46,47,48,49,50,51,52,53,54,55,56,57,58,59,60,61,62,63,64,65,66,67,68,69,70,71,72,73,74,75,76,77,78,79,80,81,82,83,84,85,86,87,88,89,90,91,92,93,94,95,96,97,98,99]
CFO=-977.5777618689507,STO=4
EsN0dB=10.43,GRXdB=10,N0=0.0015848932089284062
packet_number=360,correct=True,payload=[0,1,2,3,4,5,6,7,8,9,10,11,12,13,14,15,16,17,18,19,20,21,22,23,24,25,26,27,28,29,30,31,32,33,34,35,36,37,38,39,40,41,42,43,44,45,46,47,48,49,50,51,52,53,54,55,56,57,58,59,60,61,62,63,64,65,66,67,68,69,70,71,72,73,74,75,76,77,78,79,80,81,82,83,84,85,86,87,88,89,90,91,92,93,94,95,96,97,98,99]
CFO=-982.3224310384843,STO=5
EsN0dB=10.38,GRXdB=10,N0=0.0015848932089284062
packet_number=361,correct=False,payload=[0,1,2,131,4,5,6,7,8,9,10,11,12,13,14,15,16,17,18,19,84,21,22,23,24,25,26,27,28,29,30,31,32,33,34,35,36,37,38,39,40,41,42,43,44,45,46,47,48,49,50,51,52,53,54,55,56,57,58,59,60,61,62,63,64,65,66,67,68,69,70,71,72,73,74,75,76,77,78,79,80,81,82,83,84,85,86,87,88,89,90,91,92,93,94,223,96,97,98,99]
CFO=-1071.60486145786,STO=7
EsN0dB=10.31,GRXdB=10,N0=0.0015848932089284062
packet_number=362,correct=False,payload=[0,1,2,3,4,5,6,7,8,9,10,11,13,13,14,15,16,17,18,19,20,21,22,23,24,25,30,27,28,29,30,31,32,33,34,35,36,37,46,39,40,41,106,43,44,13,46,47,48,49,50,51,52,53,54,55,56,57,58,59,60,61,62,63,64,65,66,67,68,69,70,71,72,73,74,74,76,77,78,78,80,81,82,83,84,85,86,87,88,89,90,91,92,93,94,95,96,97,98,99]
CFO=-678.1320708037059,STO=4
EsN0dB=10.25,GRXdB=10,N0=0.0015848932089284062
packet_number=363,correct=True,payload=[0,1,2,3,4,5,6,7,8,9,10,11,12,13,14,15,16,17,18,19,20,21,22,23,24,25,26,27,28,29,30,31,32,33,34,35,36,37,38,39,40,41,42,43,44,45,46,47,48,49,50,51,52,53,54,55,56,57,58,59,60,61,62,63,64,65,66,67,68,69,70,71,72,73,74,75,76,77,78,79,80,81,82,83,84,85,86,87,88,89,90,91,92,93,94,95,96,97,98,99]
CFO=-955.6261742067644,STO=3
EsN0dB=10.41,GRXdB=10,N0=0.0015848932089284062
packet_number=364,correct=True,payload=[0,1,2,3,4,5,6,7,8,9,10,11,12,13,14,15,16,17,18,19,20,21,22,23,24,25,26,27,28,29,30,31,32,33,34,35,36,37,38,39,40,41,42,43,44,45,46,47,48,49,50,51,52,53,54,55,56,57,58,59,60,61,62,63,64,65,66,67,68,69,70,71,72,73,74,75,76,77,78,79,80,81,82,83,84,85,86,87,88,89,90,91,92,93,94,95,96,97,98,99]
CFO=-818.2093492779644,STO=4
EsN0dB=10.31,GRXdB=10,N0=0.0015848932089284062
packet_number=365,correct=True,payload=[0,1,2,3,4,5,6,7,8,9,10,11,12,13,14,15,16,17,18,19,20,21,22,23,24,25,26,27,28,29,30,31,32,33,34,35,36,37,38,39,40,41,42,43,44,45,46,47,48,49,50,51,52,53,54,55,56,57,58,59,60,61,62,63,64,65,66,67,68,69,70,71,72,73,74,75,76,77,78,79,80,81,82,83,84,85,86,87,88,89,90,91,92,93,94,95,96,97,98,99]
CFO=-1127.2904688395238,STO=3
EsN0dB=10.37,GRXdB=10,N0=0.0015848932089284062
packet_number=366,correct=False,payload=[0,1,2,3,4,5,6,7,8,9,10,11,12,13,14,15,16,17,18,19,20,21,22,23,24,25,26,27,28,29,30,31,32,33,34,35,36,37,38,37,40,43,42,43,44,45,46,47,48,49,18,51,52,53,54,55,56,57,58,59,60,60,62,63,64,65,66,67,68,69,70,71,72,73,74,75,78,77,78,79,80,81,82,83,84,85,87,87,88,89,90,91,92,93,94,95,96,33,98,99]
CFO=-631.4872741476445,STO=7
EsN0dB=10.40,GRXdB=10,N0=0.0015848932089284062
packet_number=367,correct=False,payload=[0,1,2,3,0,4,6,7,8,9,26,11,12,13,14,15,16,17,18,19,20,21,22,23,24,25,58,27,28,29,30,31,32,33,34,35,36,37,38,39,40,41,46,43,44,45,46,47,48,49,50,51,52,49,54,55,56,57,58,59,60,61,126,63,64,65,66,67,68,69,70,199,72,73,10,75,76,77,78,79,64,81,82,83,84,85,86,87,88,88,90,91,28,93,94,127,96,97,98,99]
CFO=-874.0495845533383,STO=6
EsN0dB=10.33,GRXdB=10,N0=0.0015848932089284062
packet_number=368,correct=False,payload=[0,1,2,3,4,5,6,7,8,9,10,11,12,13,14,15,16,17,18,19,20,21,22,23,24,25,26,27,28,29,30,31,32,33,34,35,36,37,38,39,40,41,42,43,44,45,46,47,48,49,50,51,52,53,54,55,56,57,58,59,60,61,62,63,64,65,66,67,68,69,70,71,72,73,74,75,76,77,78,79,80,81,82,83,84,85,118,87,88,89,90,91,92,93,94,95,96,97,98,99]
CFO=-992.8162577883011,STO=0
EsN0dB=10.22,GRXdB=10,N0=0.0015848932089284062
packet_number=369,correct=False,payload=[0,0,2,2,4,13,6,7,24,9,10,11,12,13,14,15,16,17,50,19,28,21,22,23,56,25,56,27,28,29,62,62,98,33,32,35,36,37,46,39,40,41,42,43,40,45,46,47,48,49,50,51,52,54,54,119,56,184,58,59,60,63,126,63,64,65,66,71,68,197,70,71,72,65,74,74,76,73,78,95,96,65,16,83,92,213,86,199,88,89,88,91,88,93,94,95,96,226,98,99]
CFO=-672.3902058733178,STO=4
EsN0dB=10.40,GRXdB=10,N0=0.0015848932089284062
packet_number=370,correct=False,payload=[0,1,2,3,4,5,6,7,8,9,10,11,12,13,14,15,16,17,18,19,20,21,22,23,24,25,26,27,28,29,30,31,32,33,34,35,36,37,38,39,40,41,42,43,44,45,46,47,48,49,50,51,52,53,54,55,56,57,58,59,60,61,62,63,64,65,66,67,68,69,70,71,72,73,74,75,76,79,78,79,80,81,82,83,84,85,86,87,88,89,90,91,92,93,94,95,96,97,98,99]
CFO=-1077.6645199121306,STO=2
EsN0dB=10.27,GRXdB=10,N0=0.0015848932089284062
packet_number=371,correct=False,payload=[0,1,0,3,2,4,2,3,8,12,14,3,14,15,143,7,152,17,27,19,154,22,11,31,152,29,152,15,14,28,30,31,32,0,1,33,34,39,166,55,172,33,10,1,166,46,142,15,48,16,58,59,24,54,55,55,24,57,59,63,188,61,62,63,224,65,2,65,68,69,134,71,104,105,130,103,206,109,174,79,144,16,90,123,124,87,23,79,216,25,218,89,76,95,126,79,48,96,163,113]
CFO=-1112.8596783634293,STO=4
EsN0dB=10.21,GRXdB=10,N0=0.0015848932089284062
packet_number=372,correct=False,payload=[0,1,2,3,4,5,6,7,8,9,10,11,12,13,14,15,16,17,18,19,20,21,22,23,24,25,26,27,28,29,30,31,32,33,34,35,36,37,38,39,40,41,42,43,44,45,46,47,48,49,50,51,52,53,54,55,56,57,58,59,60,61,62,31,64,65,66,67,68,69,70,71,72,73,74,75,76,77,78,79,80,81,66,83,84,85,86,87,88,89,90,91,92,93,94,95,96,97,98,99]
CFO=-1011.6788449664799,STO=5
EsN0dB=10.39,GRXdB=10,N0=0.0015848932089284062
packet_number=373,correct=False,payload=[0,1,2,3,4,5,6,7,8,9,10,11,12,13,14,15,16,17,18,19,20,21,150,23,24,25,26,27,28,29,30,31,32,33,34,35,36,37,38,39,40,41,42,43,44,45,46,47,48,49,50,51,52,53,54,55,56,57,58,59,60,61,62,63,64,65,66,67,68,69,70,71,72,73,74,75,76,77,78,79,80,81,82,83,84,85,86,87,88,89,90,91,92,93,94,95,96,97,98,99]
CFO=-975.6360790119303,STO=7
EsN0dB=10.26,GRXdB=10,N0=0.0015848932089284062
packet_number=374,correct=False,payload=[0,1,2,3,4,5,6,7,8,9,10,11,12,13,14,15,16,17,18,19,20,21,22,23,24,25,26,27,28,29,30,31,32,33,34,35,36,37,38,39,40,41,42,43,44,45,46,47,48,49,50,51,52,53,54,55,56,57,58,59,60,61,62,63,64,65,66,67,68,69,70,71,72,73,74,75,76,77,78,79,80,81,82,83,84,85,86,87,88,89,90,27,92,93,94,95,96,97,98,99]
CFO=-820.9919991765425,STO=4
EsN0dB=10.38,GRXdB=10,N0=0.0015848932089284062
packet_number=375,correct=True,payload=[0,1,2,3,4,5,6,7,8,9,10,11,12,13,14,15,16,17,18,19,20,21,22,23,24,25,26,27,28,29,30,31,32,33,34,35,36,37,38,39,40,41,42,43,44,45,46,47,48,49,50,51,52,53,54,55,56,57,58,59,60,61,62,63,64,65,66,67,68,69,70,71,72,73,74,75,76,77,78,79,80,81,82,83,84,85,86,87,88,89,90,91,92,93,94,95,96,97,98,99]
CFO=-669.8623244023745,STO=4
EsN0dB=10.32,GRXdB=10,N0=0.0015848932089284062
packet_number=376,correct=False,payload=[0,1,2,3,4,5,6,7,8,9,10,11,12,13,14,15,16,17,18,19,20,21,22,23,24,25,26,27,28,29,30,31,32,33,50,35,36,37,38,39,40,41,42,43,44,45,46,47,48,49,50,51,52,53,54,55,56,57,58,59,60,61,62,63,64,65,66,67,68,69,70,71,72,73,74,75,76,77,78,79,80,81,82,83,84,85,86,87,88,89,90,91,92,93,94,95,96,97,98,99]
CFO=-937.6566105466301,STO=6
EsN0dB=10.23,GRXdB=10,N0=0.0015848932089284062
packet_number=377,correct=False,payload=[0,1,2,3,4,5,6,7,8,9,10,11,12,13,14,15,16,17,18,19,20,21,22,23,24,25,26,27,28,29,30,31,32,33,34,35,36,37,38,39,40,41,42,43,44,45,46,47,48,49,50,51,52,53,54,55,56,57,58,59,60,61,62,63,64,65,66,67,68,69,70,71,200,73,74,75,76,77,78,79,80,81,82,83,84,85,86,87,88,89,90,91,92,93,94,95,96,97,98,99]
CFO=-991.3071535787149,STO=5
EsN0dB=10.32,GRXdB=10,N0=0.0015848932089284062
packet_number=378,correct=True,payload=[0,1,2,3,4,5,6,7,8,9,10,11,12,13,14,15,16,17,18,19,20,21,22,23,24,25,26,27,28,29,30,31,32,33,34,35,36,37,38,39,40,41,42,43,44,45,46,47,48,49,50,51,52,53,54,55,56,57,58,59,60,61,62,63,64,65,66,67,68,69,70,71,72,73,74,75,76,77,78,79,80,81,82,83,84,85,86,87,88,89,90,91,92,93,94,95,96,97,98,99]
CFO=-723.3367173300833,STO=7
EsN0dB=10.37,GRXdB=10,N0=0.0015848932089284062
packet_number=379,correct=False,payload=[0,0,2,3,4,5,6,7,8,9,10,11,12,13,14,15,16,17,18,19,20,21,22,55,24,25,26,27,28,29,30,31,32,33,34,35,36,5,38,39,40,41,42,43,44,45,46,47,48,49,50,35,52,53,54,55,56,57,58,59,60,61,62,63,64,65,66,67,68,69,70,71,72,73,74,75,76,77,78,79,80,81,82,91,84,85,86,87,120,89,90,219,92,93,94,95,96,65,98,99]
CFO=-1023.214749883416,STO=7
EsN0dB=10.24,GRXdB=10,N0=0.0015848932089284062
packet_number=380,correct=False,payload=[0,1,0,3,4,5,6,7,8,9,10,11,12,13,14,15,16,17,18,19,20,21,22,23,24,25,26,19,28,29,30,31,32,33,34,35,36,37,38,39,40,41,42,43,44,45,46,47,112,49,50,55,52,53,54,55,56,121,58,59,60,61,62,63,64,65,66,67,68,69,70,71,88,73,74,75,76,77,78,79,80,81,86,83,84,85,86,87,88,89,90,123,92,93,94,95,64,96,98,99]
CFO=-1250.3922963430023,STO=5
EsN0dB=10.38,GRXdB=10,N0=0.0015848932089284062
packet_number=381,correct=False,payload=[0,1,2,3,4,5,6,7,8,9,10,11,12,13,14,15,16,17,18,19,20,21,22,23,24,17,26,27,28,29,30,31,32,33,34,35,36,37,38,39,40,41,42,43,44,45,46,47,48,49,50,51,52,53,54,55,56,57,58,59,60,61,62,63,64,65,66,67,68,69,70,71,72,73,74,75,76,77,78,79,64,81,82,83,84,85,86,87,88,89,90,91,92,93,94,95,98,97,98,99]
CFO=-1192.3769541241293,STO=5
EsN0dB=10.29,GRXdB=10,N0=0.0015848932089284062
packet_number=382,correct=False,payload=[0,1,2,3,4,5,6,7,8,9,10,11,12,13,14,15,16,17,18,19,20,17,22,23,24,25,26,27,28,29,30,31,32,33,34,35,36,37,38,39,40,41,42,43,44,45,46,47,48,49,50,51,52,53,54,55,56,57,58,59,60,61,62,63,64,65,66,67,68,69,70,71,72,73,74,75,76,77,78,79,80,81,82,83,84,85,86,87,88,89,90,91,92,93,94,95,96,97,98,99]
CFO=-744.4519032681258,STO=0
EsN0dB=10.29,GRXdB=10,N0=0.0015848932089284062
packet_number=383,correct=False,payload=[0,1,6,3,4,5,6,6,8,9,10,11,12,12,14,15,16,17,18,19,20,21,22,23,24,25,26,27,28,29,30,31,32,33,34,39,36,37,4,39,8,41,58,43,40,29,46,47,48,49,50,35,52,53,54,55,56,57,58,59,60,61,126,63,64,65,2,66,76,69,70,71,72,73,74,75,76,77,78,79,80,81,86,19,80,85,86,87,88,89,218,91,92,29,30,94,96,225,98,99]
CFO=-860.7167825602252,STO=6
EsN0dB=10.19,GRXdB=10,N0=0.0015848932089284062
packet_number=384,correct=False,payload=[0,1,2,3,4,5,6,7,8,137,10,11,12,13,14,15,16,17,18,19,20,20,22,23,24,25,26,27,28,29,30,31,32,33,34,35,36,37,38,39,40,41,42,43,44,45,46,47,48,49,50,51,52,53,54,55,56,57,58,59,60,61,62,63,64,65,66,67,68,69,70,71,72,73,74,75,76,77,78,79,80,81,82,83,84,85,86,87,88,89,90,91,92,93,126,95,96,97,98,99]
CFO=-861.5745286255253,STO=5
EsN0dB=10.40,GRXdB=10,N0=0.0015848932089284062
packet_number=385,correct=False,payload=[0,1,2,3,4,5,6,7,8,9,10,11,12,13,10,15,16,17,18,19,20,21,22,23,24,25,26,27,28,29,30,31,32,33,34,35,36,37,38,39,40,41,42,43,44,45,46,47,48,49,50,51,52,53,54,55,56,57,58,59,60,61,62,63,64,65,66,67,68,69,70,71,72,73,74,75,76,77,78,79,80,81,82,83,84,85,86,87,88,89,90,91,92,93,94,95,96,96,98,99]
CFO=-990.1169693999055,STO=3
EsN0dB=10.34,GRXdB=10,N0=0.0015848932089284062
packet_number=386,correct=False,payload=[0,1,2,3,4,5,6,7,8,9,10,11,12,13,14,15,16,17,18,19,20,21,22,23,24,25,26,27,28,29,30,31,32,33,34,35,36,37,38,39,40,41,42,43,44,45,46,47,48,49,50,51,52,53,54,55,58,57,58,59,60,61,62,63,64,65,66,67,68,69,70,71,72,73,74,75,76,77,78,79,80,81,82,83,84,85,86,87,88,89,90,91,92,93,94,95,96,97,98,99]
CFO=-1078.0246463793064,STO=3
EsN0dB=10.34,GRXdB=10,N0=0.0015848932089284062
packet_number=387,correct=False,payload=[0,1,2,3,4,5,6,7,8,9,10,11,28,13,14,15,16,17,18,19,20,21,22,23,24,25,26,27,28,29,30,31,32,33,34,35,36,37,38,39,40,45,42,43,44,45,46,47,48,49,50,51,52,53,54,55,56,57,58,59,60,61,62,63,64,65,66,67,68,69,70,71,72,73,74,75,76,77,78,79,80,81,82,83,84,85,86,87,88,89,90,91,92,93,94,95,96,97,114,99]
CFO=-692.1024756990265,STO=0
EsN0dB=10.21,GRXdB=10,N0=0.0015848932089284062
packet_number=388,correct=False,payload=[0,3,2,3,4,5,6,7,8,9,10,27,12,13,14,15,16,21,34,19,4,53,22,23,56,25,30,26,28,29,30,31,32,33,34,35,36,37,39,39,168,41,42,106,44,45,46,47,112,49,48,35,52,53,60,55,56,121,58,123,60,63,62,63,64,65,66,67,68,69,70,71,72,73,74,75,12,93,14,79,80,81,82,67,84,85,86,86,88,89,90,95,92,93,94,95,96,97,66,99]
CFO=-741.8325968692296,STO=1
EsN0dB=10.32,GRXdB=10,N0=0.0015848932089284062
packet_number=389,correct=False,payload=[252,173,240,236,0,2,8,14,24,14,8,28,48,16,56,44,56,56,24,30,96,0,0,110,120,80,88,30,96,50,96,102,56,126,60,60,192,6,136,6,192,16,152,158,96,230,252,22,152,24,152,28,96,68,100,108,72,96,108,78,96,100,108,100,240,116,124,255,0,129,5,6,24,15,9,159,177,32,165,39,48,147,29,188,97,99,237,110,41,164,40,252,224,181,109,253,249,53,57,254]
CFO=-868.1193558122458,STO=4
EsN0dB=10.45,GRXdB=10,N0=0.0015848932089284062
packet_number=390,correct=True,payload=[0,1,2,3,4,5,6,7,8,9,10,11,12,13,14,15,16,17,18,19,20,21,22,23,24,25,26,27,28,29,30,31,32,33,34,35,36,37,38,39,40,41,42,43,44,45,46,47,48,49,50,51,52,53,54,55,56,57,58,59,60,61,62,63,64,65,66,67,68,69,70,71,72,73,74,75,76,77,78,79,80,81,82,83,84,85,86,87,88,89,90,91,92,93,94,95,96,97,98,99]
CFO=-1342.8664172432818,STO=5
EsN0dB=10.43,GRXdB=10,N0=0.0015848932089284062
packet_number=391,correct=True,payload=[0,1,2,3,4,5,6,7,8,9,10,11,12,13,14,15,16,17,18,19,20,21,22,23,24,25,26,27,28,29,30,31,32,33,34,35,36,37,38,39,40,41,42,43,44,45,46,47,48,49,50,51,52,53,54,55,56,57,58,59,60,61,62,63,64,65,66,67,68,69,70,71,72,73,74,75,76,77,78,79,80,81,82,83,84,85,86,87,88,89,90,91,92,93,94,95,96,97,98,99]
CFO=-897.4848410852328,STO=1
EsN0dB=10.35,GRXdB=10,N0=0.0015848932089284062
packet_number=392,correct=False,payload=[0,1,2,7,12,4,4,7,0,18,14,11,24,25,12,31,80,50,36,50,0,3,30,23,48,25,60,30,28,29,158,62,96,0,98,2,8,104,108,70,8,9,126,107,44,13,44,111,48,32,114,55,96,120,100,55,112,59,118,50,60,127,60,127,192,3,192,7,68,13,14,7,16,9,72,75,8,137,140,31,48,128,82,82,88,241,4,158,16,146,254,151,60,30,30,28,96,225,102,99]
CFO=-663.067056946087,STO=6
EsN0dB=10.38,GRXdB=10,N0=0.0015848932089284062
packet_number=393,correct=False,payload=[0,1,2,3,4,5,6,7,8,9,10,11,12,13,14,15,16,17,18,19,20,21,22,23,24,25,26,27,28,29,30,31,32,33,34,35,36,37,38,39,40,41,42,43,44,45,46,47,48,49,50,51,52,53,54,55,56,57,58,59,60,61,62,63,64,65,66,67,68,69,70,71,72,73,74,75,76,77,78,79,80,81,82,83,84,85,86,87,88,89,90,91,92,93,94,95,100,97,98,99]
CFO=-1013.9454954176048,STO=6
EsN0dB=10.55,GRXdB=10,N0=0.0015848932089284062
packet_number=394,correct=False,payload=[0,1,2,3,4,5,6,7,8,9,10,11,12,13,14,15,16,17,18,19,20,21,22,23,24,25,26,27,28,29,30,31,32,33,34,35,36,37,38,39,40,41,42,43,44,45,46,47,48,49,50,51,52,53,54,55,56,57,58,59,60,61,62,63,64,65,192,67,68,69,70,71,72,73,74,75,76,77,78,79,80,81,86,83,84,85,86,87,88,89,90,91,92,93,94,95,96,97,98,99]
CFO=-1058.636988408683,STO=5
EsN0dB=10.56,GRXdB=10,N0=0.0015848932089284062
packet_number=395,correct=False,payload=[0,1,2,3,4,5,6,7,8,9,10,15,12,13,14,15,16,17,18,19,20,21,22,23,24,25,26,27,28,29,30,31,32,33,34,35,36,37,38,39,40,41,42,43,44,45,46,47,48,49,50,51,52,53,54,55,56,57,58,59,60,61,62,63,64,65,66,67,68,69,70,71,72,73,74,75,76,77,78,79,80,81,82,83,84,85,86,87,88,89,90,91,92,93,94,95,96,97,98,99]
CFO=-834.800364948585,STO=4
EsN0dB=10.40,GRXdB=10,N0=0.0015848932089284062
packet_number=396,correct=False,payload=[0,1,2,3,4,5,6,7,8,9,10,11,28,13,14,15,16,17,18,83,20,21,22,23,24,25,26,27,28,29,30,31,32,33,34,35,36,37,38,39,40,41,42,43,44,45,46,47,48,49,50,51,52,53,54,55,56,57,58,59,60,61,62,63,64,65,66,67,68,69,70,71,72,73,74,75,76,77,78,79,80,81,82,83,84,85,86,87,88,89,90,91,92,93,94,95,96,97,98,99]
CFO=-753.5927359479799,STO=4
EsN0dB=10.30,GRXdB=10,N0=0.0015848932089284062
packet_number=397,correct=False,payload=[0,1,2,3,4,5,6,7,8,9,10,11,12,13,14,15,16,17,18,19,20,21,22,23,24,25,26,27,28,29,30,31,32,33,34,35,36,37,38,39,40,41,42,43,44,45,46,47,48,49,50,51,52,53,54,55,56,57,58,59,60,61,62,63,64,65,66,67,68,77,70,71,72,73,74,75,76,77,78,79,80,81,82,83,84,85,86,87,88,89,90,91,92,93,94,95,96,97,98,99]
CFO=-815.8494952037903,STO=4
EsN0dB=10.34,GRXdB=10,N0=0.0015848932089284062
packet_number=398,correct=False,payload=[0,1,2,3,4,5,6,7,8,9,10,11,12,13,14,15,16,17,18,19,20,21,22,23,24,25,26,27,28,29,30,31,32,33,34,35,36,37,38,39,40,41,42,43,44,45,46,47,48,49,50,51,52,53,54,55,56,57,58,59,60,61,62,31,64,65,66,67,68,69,70,71,72,73,74,75,76,77,78,79,80,81,82,83,84,69,86,87,88,89,90,91,92,93,94,95,96,96,98,99]
CFO=-966.3155388375075,STO=4
EsN0dB=10.32,GRXdB=10,N0=0.0015848932089284062
packet_number=399,correct=False,payload=[0,1,2,3,4,1,6,7,8,9,10,11,12,13,14,15,16,17,18,19,20,21,30,23,24,25,26,27,28,29,30,31,32,33,34,35,36,37,38,39,40,41,42,43,44,45,46,47,48,49,50,51,52,53,54,55,56,57,58,59,44,61,62,63,64,65,66,67,68,69,70,71,72,73,74,75,76,77,78,79,80,81,82,83,84,85,86,87,88,89,90,91,92,93,94,95,96,97,98,99]
CFO=-1179.7981409823622,STO=5
EsN0dB=10.35,GRXdB=10,N0=0.0015848932089284062
packet_number=400,correct=True,payload=[0,1,2,3,4,5,6,7,8,9,10,11,12,13,14,15,16,17,18,19,20,21,22,23,24,25,26,27,28,29,30,31,32,33,34,35,36,37,38,39,40,41,42,43,44,45,46,47,48,49,50,51,52,53,54,55,56,57,58,59,60,61,62,63,64,65,66,67,68,69,70,71,72,73,74,75,76,77,78,79,80,81,82,83,84,85,86,87,88,89,90,91,92,93,94,95,96,97,98,99]
CFO=-882.047190604927,STO=7
EsN0dB=7.21,GRXdB=10,N0=0.003162277629598975
packet_number=401,correct=False,payload=[0,1,10,3,4,9,14,7,9,9,90,15,12,13,14,15,16,17,18,19,20,21,30,7,17,25,26,18,28,61,30,63,32,9,2,33,36,37,54,39,40,57,120,11,44,45,46,15,48,49,34,51,52,53,62,183,56,57,40,63,106,61,58,59,0,1,210,67,68,69,70,71,72,73,74,95,28,77,78,79,112,80,82,67,80,93,82,87,89,89,122,91,92,29,222,91,96,97,98,99]
CFO=-814.5384783381018,STO=0
EsN0dB=7.45,GRXdB=10,N0=0.003162277629598975
packet_number=402,correct=False,payload=[56,50,57,55,64,1,2,3,12,15,6,135,24,19,0,30,24,31,14,15,16,16,18,39,52,44,38,14,88,57,26,58,28,59,28,30,1,35,64,7,0,96,12,47,32,0,12,110,60,40,94,47,192,51,48,114,48,115,50,31,120,57,112,63,40,127,94,63,64,67,64,195,4,133,206,78,82,75,72,70,220,77,110,14,16,195,178,6,196,117,84,126,24,25,218,219,92,184,122,223]
CFO=-737.509063408677,STO=7
EsN0dB=7.32,GRXdB=10,N0=0.003162277629598975
packet_number=403,correct=False,payload=[0,1,2,3,36,5,6,7,24,9,10,11,4,13,14,15,16,17,18,51,52,5,22,23,24,57,26,27,20,157,30,31,32,33,34,35,36,37,102,55,40,41,106,43,44,45,44,46,48,49,50,51,52,53,38,55,58,57,122,59,60,61,62,63,80,65,66,67,68,69,70,71,76,73,74,75,72,77,78,95,80,81,115,18,84,85,94,215,88,89,90,74,92,93,94,91,96,97,98,99]
CFO=-702.3631155217108,STO=7
EsN0dB=7.62,GRXdB=10,N0=0.003162277629598975
packet_number=404,correct=False,payload=[64,1,2,67,4,5,6,135,0,9,10,11,28,9,14,79,16,19,18,19,84,5,6,23,24,25,10,27,24,29,30,27,36,33,34,35,36,37,38,39,32,41,10,43,44,45,46,47,50,49,114,179,52,53,54,55,56,57,58,187,52,61,62,63,64,65,66,67,4,69,70,71,200,72,74,75,12,77,78,79,16,81,82,83,86,85,86,86,24,89,90,123,92,93,222,95,96,97,98,67]
CFO=-734.0662211801674,STO=7
EsN0dB=7.31,GRXdB=10,N0=0.003162277629598975
packet_number=405,correct=False,payload=[0,1,0,3,4,5,6,7,8,73,10,15,8,45,14,47,16,17,16,19,20,29,22,23,56,9,30,27,28,29,30,31,128,1,34,35,44,37,38,39,40,41,42,43,36,45,174,47,50,49,50,51,52,52,118,55,120,57,58,59,60,125,62,47,64,81,66,11,68,69,70,71,72,73,26,19,76,77,14,79,88,81,84,83,84,85,194,83,88,89,82,123,92,29,94,95,64,225,98,99]
CFO=-854.0684353188967,STO=0
EsN0dB=7.34,GRXdB=10,N0=0.003162277629598975
packet_number=406,correct=False,payload=[0,3,32,3,4,5,134,7,24,8,14,11,24,13,30,15,32,48,18,19,20,20,20,23,56,25,62,18,24,29,30,63,64,97,38,3,36,33,38,15,40,59,40,43,108,45,126,31,120,97,98,55,36,60,54,126,48,120,58,123,124,125,30,63,64,226,66,3,68,192,68,71,72,73,66,203,72,77,78,15,73,113,2,87,148,209,86,222,112,19,210,83,220,95,222,223,98,64,32,103]
CFO=-741.8998908337086,STO=3
EsN0dB=7.38,GRXdB=10,N0=0.003162277629598975
packet_number=407,correct=False,payload=[1,1,42,3,4,5,6,7,8,9,10,11,12,5,14,15,16,17,18,19,20,21,22,23,26,25,26,27,30,29,30,31,36,33,34,35,36,37,38,7,42,41,34,43,60,45,46,47,48,49,50,51,52,55,38,51,56,59,58,59,56,53,62,63,64,65,66,67,68,69,70,71,72,73,74,203,76,77,78,79,80,81,82,67,84,85,214,119,88,89,90,91,92,93,90,95,33,96,66,99]
CFO=-826.7888257854081,STO=1
EsN0dB=7.04,GRXdB=10,N0=0.003162277629598975
packet_number=408,correct=False,payload=[22,211,128,1,131,3,4,5,2,7,136,16,5,3,172,15,7,7,128,8,170,17,4,24,150,15,60,4,129,9,28,29,6,31,176,1,22,51,6,37,39,49,124,17,170,35,46,39,54,15,48,49,178,57,48,21,150,51,28,25,154,59,126,94,63,95,96,33,99,99,4,4,71,71,136,65,100,75,206,78,198,7,89,81,120,73,116,22,118,67,200,217,211,89,156,79,30,31,32,49]
CFO=-1014.5525047641551,STO=5
EsN0dB=7.36,GRXdB=10,N0=0.003162277629598975
packet_number=409,correct=False,payload=[0,1,194,3,4,5,22,7,8,9,10,11,12,13,14,31,16,17,19,19,20,149,22,23,24,153,26,27,28,29,94,63,32,33,34,99,36,37,38,39,104,41,42,122,44,45,46,47,112,49,50,51,52,53,54,55,56,57,26,59,60,61,63,47,64,65,67,67,69,101,70,199,72,73,74,11,76,77,78,79,80,81,82,83,84,87,86,87,88,25,74,89,92,93,94,87,96,99,98,99]
CFO=-1073.4009877661617,STO=1
EsN0dB=7.42,GRXdB=10,N0=0.003162277629598975
packet_number=410,correct=False,payload=[207,0,64,8,12,16,20,12,28,32,32,34,62,48,176,40,60,64,6,84,108,24,92,120,92,96,98,96,108,112,124,56,60,128,134,140,142,144,180,204,140,32,4,100,164,116,182,56,60,192,64,200,204,104,92,216,92,240,224,232,76,248,252,252,253,129,3,140,14,8,19,24,157,160,145,29,12,177,19,185,62,65,69,197,101,81,85,57,156,97,161,124,60,57,252,249,125,128,134,141]
CFO=-792.9186766012227,STO=5
EsN0dB=7.38,GRXdB=10,N0=0.003162277629598975
packet_number=411,correct=False,payload=[0,1,0,3,4,5,6,7,8,11,10,11,12,13,10,15,16,17,18,19,21,21,22,23,24,25,58,90,28,29,30,15,32,33,32,35,36,37,34,39,32,35,42,43,44,45,38,47,48,49,50,51,52,53,38,55,56,57,42,59,60,61,62,63,64,65,66,67,68,69,70,79,72,73,66,75,76,77,78,87,80,81,82,83,84,85,86,119,120,89,90,91,92,95,94,95,96,97,98,99]
CFO=-752.8964361075925,STO=2
EsN0dB=7.39,GRXdB=10,N0=0.003162277629598975
packet_number=412,correct=False,payload=[0,1,6,3,4,5,134,135,8,1,10,15,6,13,31,15,144,1,18,11,148,5,23,23,24,29,30,31,28,31,159,31,16,1,162,51,36,5,38,39,168,173,9,43,44,44,63,39,176,49,50,51,180,16,182,55,188,187,59,57,60,61,62,31,32,65,64,3,68,71,71,71,72,8,74,79,13,69,126,79,112,80,26,83,84,23,70,19,232,89,26,107,76,73,94,95,96,96,224,35]
CFO=-1420.2159380002145,STO=7
EsN0dB=7.43,GRXdB=10,N0=0.003162277629598975
packet_number=413,correct=False,payload=[0,0,18,3,4,5,6,7,24,17,34,9,78,13,14,15,48,81,146,83,20,23,86,23,24,25,26,27,29,29,30,22,64,33,34,35,36,101,38,47,8,41,106,107,45,109,44,47,160,48,55,51,52,52,52,55,56,57,58,47,60,125,62,63,72,65,66,67,76,69,70,7,72,72,206,11,204,73,78,79,82,85,210,211,84,85,246,215,120,89,122,91,92,221,92,95,224,97,98,99]
CFO=-1194.1523289896402,STO=2
EsN0dB=7.57,GRXdB=10,N0=0.003162277629598975
packet_number=414,correct=False,payload=[0,1,2,3,4,5,196,3,8,12,2,11,4,13,158,15,16,17,26,155,20,12,158,23,24,9,26,9,28,15,30,31,32,33,32,163,38,35,39,39,56,41,174,45,168,61,46,47,176,49,34,49,52,48,55,183,56,57,56,59,62,63,126,47,128,65,2,99,194,69,6,71,72,73,72,75,70,108,70,79,80,81,154,1,212,79,118,83,28,88,122,107,92,93,94,95,32,113,96,99]
CFO=-704.597927330611,STO=3
EsN0dB=7.32,GRXdB=10,N0=0.003162277629598975
packet_number=415,correct=False,payload=[2,0,130,3,4,7,134,7,10,9,3,11,12,12,14,15,26,16,2,19,20,81,22,7,10,29,30,120,28,12,30,31,0,33,50,39,36,181,102,7,24,45,58,187,172,45,174,175,184,49,50,27,150,55,54,151,60,61,62,58,188,61,190,63,224,65,64,67,64,4,199,7,8,73,10,89,110,73,206,79,112,83,99,3,102,71,210,87,121,89,250,27,124,93,78,79,96,96,226,97]
CFO=-813.2306038337501,STO=0
EsN0dB=7.42,GRXdB=10,N0=0.003162277629598975
packet_number=416,correct=False,payload=[0,1,0,3,4,7,6,6,8,8,24,15,0,9,30,15,48,17,48,19,84,21,54,15,24,25,147,58,28,93,28,31,0,1,66,35,12,13,4,39,40,32,42,106,44,44,62,46,32,49,50,242,62,52,60,119,56,56,26,58,60,125,60,123,64,33,2,71,68,69,70,206,72,137,74,7,204,14,110,78,112,81,19,82,212,53,116,71,88,240,30,27,28,88,62,62,96,73,224,67]
CFO=-892.7109420262824,STO=4
EsN0dB=7.27,GRXdB=10,N0=0.003162277629598975
packet_number=417,correct=False,payload=[0,33,2,3,134,133,6,7,8,8,10,10,12,13,14,15,16,17,146,19,20,21,22,23,24,25,26,27,28,29,30,31,32,33,34,33,36,101,38,39,40,41,42,15,44,45,46,39,48,49,50,51,60,117,54,55,58,57,58,59,60,61,62,47,192,67,82,67,68,69,70,71,72,73,10,75,76,77,78,79,80,81,82,211,20,85,86,83,88,89,90,89,92,93,94,95,96,97,102,99]
CFO=-852.4941122891107,STO=1
EsN0dB=7.32,GRXdB=10,N0=0.003162277629598975
packet_number=418,correct=False,payload=[36,192,0,32,0,224,128,96,192,194,1,98,129,97,225,203,201,200,1,2,192,197,132,103,133,231,199,7,67,199,147,71,195,200,12,68,200,72,129,69,129,198,4,79,204,101,11,103,143,228,4,4,196,5,133,104,133,238,14,78,206,199,135,239,143,200,42,0,208,193,8,101,144,240,17,120,193,65,139,187,139,228,20,68,204,225,150,32,144,202,10,38,214,247,3,183,135,216,24,152]
CFO=-613.7170429179754,STO=5
EsN0dB=7.01,GRXdB=10,N0=0.003162277629598975
packet_number=419,correct=False,payload=[17,1,2,3,4,5,6,3,12,25,10,11,140,13,142,15,80,1,18,19,20,85,54,23,24,25,26,27,28,29,30,29,32,33,34,51,36,37,38,35,40,41,170,43,44,45,44,47,48,17,18,51,52,53,118,23,56,57,58,57,60,61,62,63,96,65,194,67,68,101,70,71,72,73,74,75,76,77,78,79,80,89,82,211,84,85,82,87,88,89,122,91,92,93,78,95,96,97,2,99]
CFO=-888.8053426235372,STO=2
EsN0dB=7.59,GRXdB=10,N0=0.003162277629598975
packet_number=420,correct=False,payload=[32,1,2,3,4,5,4,7,8,9,136,3,12,14,174,15,48,16,18,19,20,21,22,23,24,25,26,27,12,29,30,31,32,33,34,3,36,37,166,39,184,43,46,41,54,37,28,47,48,48,50,51,52,53,22,63,58,57,58,59,60,61,186,31,0,65,80,67,100,69,66,79,68,105,74,79,76,77,67,71,208,17,66,83,84,86,86,85,88,121,74,121,93,77,94,95,96,80,98,35]
CFO=-803.601222900763,STO=2
EsN0dB=7.43,GRXdB=10,N0=0.003162277629598975
packet_number=421,correct=False,payload=[0,0,66,1,6,5,6,3,136,8,4,11,140,45,142,7,128,1,19,18,12,23,30,23,24,25,158,27,28,29,14,15,0,33,50,35,132,7,38,3,32,8,34,57,164,29,38,47,176,49,48,27,62,55,55,53,24,61,56,59,62,29,159,62,64,97,66,3,32,0,67,103,224,65,76,99,126,47,70,15,80,25,90,83,118,69,215,87,124,89,26,57,156,111,202,95,96,96,114,35]
CFO=-883.8840490309353,STO=1
EsN0dB=7.29,GRXdB=10,N0=0.003162277629598975
packet_number=422,correct=False,payload=[4,0,3,3,134,7,130,3,5,1,13,7,140,13,38,7,128,8,154,17,24,1,10,3,24,17,158,11,14,29,156,31,128,33,194,3,6,38,51,167,140,5,8,7,182,60,175,47,24,48,26,51,18,48,151,55,188,57,191,57,188,61,191,62,160,5,114,97,6,96,134,39,36,109,200,34,108,109,135,11,80,113,75,187,27,85,247,39,24,9,14,105,110,124,223,7,112,32,97,32]
CFO=-826.3623539911382,STO=6
EsN0dB=7.53,GRXdB=10,N0=0.003162277629598975
packet_number=423,correct=False,payload=[0,1,2,3,4,5,6,7,8,1,10,11,12,13,14,15,16,17,18,19,21,23,22,23,24,24,26,155,28,29,30,31,0,33,34,35,36,37,38,103,40,41,122,43,60,109,46,47,48,49,51,51,176,53,54,55,56,59,58,59,60,61,62,63,72,65,66,67,68,69,70,71,72,107,74,75,108,77,78,79,80,81,90,83,84,85,86,83,88,89,90,91,92,93,94,91,96,97,64,99]
CFO=-693.4112395509263,STO=2
EsN0dB=7.38,GRXdB=10,N0=0.003162277629598975
packet_number=424,correct=False,payload=[0,1,129,3,4,5,134,3,136,8,2,91,12,13,14,7,0,17,18,19,4,21,30,23,24,25,26,27,28,157,30,29,32,33,50,35,36,37,38,35,40,59,42,9,44,41,13,7,49,48,50,51,60,53,54,55,48,56,56,59,60,61,62,63,0,65,66,97,76,69,70,103,204,73,202,79,76,108,206,71,80,81,80,83,100,85,86,83,88,91,90,91,92,93,126,95,96,96,98,99]
CFO=-1096.9663261994367,STO=6
EsN0dB=7.34,GRXdB=10,N0=0.003162277629598975
packet_number=425,correct=False,payload=[0,1,2,3,4,69,6,5,8,11,10,11,12,13,14,15,16,17,18,19,20,17,22,23,24,25,154,27,28,29,30,31,32,37,34,35,164,37,38,39,104,169,42,43,44,45,46,47,48,49,50,51,60,117,54,119,184,57,58,187,60,61,45,31,64,65,66,67,68,65,70,71,72,73,74,75,78,77,14,79,16,81,82,83,84,85,86,87,88,89,122,91,92,93,94,95,224,97,98,103]
CFO=-683.3422837697929,STO=1
EsN0dB=7.36,GRXdB=10,N0=0.003162277629598975
packet_number=426,correct=False,payload=[79,184,32,0,32,48,96,80,240,48,0,152,144,248,192,217,224,241,129,1,33,48,193,81,225,97,129,152,160,176,193,201,224,242,0,18,34,50,64,80,112,114,130,72,18,184,96,210,240,247,1,19,161,187,97,91,99,51,129,155,131,147,195,201,227,244,4,6,54,52,16,86,100,52,4,16,180,228,196,216,100,245,132,29,39,52,66,83,101,119,133,157,144,180,199,219,231,115,6,130]
CFO=-1041.997532941605,STO=4
EsN0dB=7.46,GRXdB=10,N0=0.003162277629598975
packet_number=427,correct=False,payload=[0,1,2,3,4,5,6,7,8,105,138,11,12,13,14,15,48,17,18,18,20,21,22,23,24,25,26,27,28,29,30,31,32,33,162,35,36,37,38,39,40,41,42,43,44,45,62,47,48,49,50,51,52,53,54,55,56,185,186,59,60,61,62,63,64,97,202,67,68,69,70,71,72,73,74,91,76,77,78,79,84,17,82,83,84,85,86,215,88,89,90,123,92,93,94,95,96,97,98,99]
CFO=-1135.645355446134,STO=0
EsN0dB=7.30,GRXdB=10,N0=0.003162277629598975
packet_number=428,correct=False,payload=[0,1,2,7,4,4,14,7,136,1,10,19,12,29,14,15,16,16,2,19,20,21,30,23,24,25,2,27,28,29,60,27,0,33,62,2,36,37,34,5,40,43,42,107,40,41,110,47,48,32,34,55,60,53,62,55,56,57,126,59,60,57,46,63,64,75,65,194,84,69,6,71,72,75,72,75,76,77,94,78,80,81,82,115,84,213,86,71,152,89,90,90,92,217,222,95,97,97,98,99]
CFO=-622.8243768401815,STO=1
EsN0dB=7.52,GRXdB=10,N0=0.003162277629598975
packet_number=429,correct=False,payload=[0,0,1,135,32,66,2,3,36,8,168,11,12,13,38,15,8,16,146,3,132,3,150,7,136,153,10,31,150,13,28,11,18,33,34,33,160,4,55,23,140,1,160,13,38,13,158,39,184,56,58,27,52,55,62,55,24,28,188,57,60,157,63,31,232,65,0,1,132,65,70,103,200,32,104,143,70,77,47,111,84,81,203,75,254,65,254,71,28,89,45,106,124,108,94,62,225,80,33,113]
CFO=-360.8552578466601,STO=5
EsN0dB=7.41,GRXdB=10,N0=0.003162277629598975
packet_number=430,correct=False,payload=[0,1,2,3,4,101,6,7,8,25,42,11,44,13,14,14,16,17,18,17,180,23,22,23,24,9,154,27,28,29,30,31,48,33,34,35,36,37,38,39,40,41,42,43,44,173,46,47,48,49,50,35,52,53,54,55,56,177,58,59,188,61,62,63,192,65,74,67,69,77,102,71,72,73,74,75,12,109,78,94,80,81,82,83,84,213,214,87,88,25,122,91,92,93,94,94,96,97,226,99]
CFO=-1064.631428042754,STO=5
EsN0dB=7.45,GRXdB=10,N0=0.003162277629598975
packet_number=431,correct=False,payload=[0,1,2,131,4,5,4,7,8,1,42,11,12,13,14,13,16,17,82,147,20,21,22,22,24,25,26,27,12,93,30,31,32,33,34,35,36,37,38,55,57,41,42,43,44,45,174,47,48,33,50,51,52,53,54,55,56,57,58,59,62,45,62,63,72,65,66,67,68,69,70,71,76,1,74,75,76,93,78,79,80,81,114,83,84,125,86,87,88,89,90,91,92,93,94,95,96,97,98,99]
CFO=-1392.7040308871415,STO=3
EsN0dB=7.33,GRXdB=10,N0=0.003162277629598975
packet_number=432,correct=False,payload=[74,33,182,0,2,6,6,4,9,7,7,12,8,26,11,24,31,30,30,48,51,16,38,48,12,14,6,16,59,60,27,56,31,60,31,66,33,32,67,68,37,86,47,24,98,98,115,104,13,44,110,48,97,112,115,124,58,54,47,56,51,126,126,120,123,62,127,132,81,130,131,204,65,206,6,192,10,2,139,204,12,222,79,32,241,132,227,64,13,62,38,48,209,54,155,60,60,92,95,64]
CFO=-777.9720645471846,STO=3
EsN0dB=7.49,GRXdB=10,N0=0.003162277629598975
packet_number=433,correct=False,payload=[4,1,2,19,4,5,134,7,8,9,10,11,12,13,14,15,144,17,18,147,20,149,22,23,24,56,24,59,12,61,30,31,32,49,34,35,52,37,38,39,40,41,42,43,108,45,46,39,48,49,50,51,60,51,54,55,56,57,58,27,60,61,62,63,72,66,66,83,68,69,70,71,72,73,74,74,76,93,78,79,80,81,66,83,84,85,86,87,88,89,26,91,92,93,74,95,96,97,98,98]
CFO=-960.0550657068579,STO=0
EsN0dB=7.39,GRXdB=10,N0=0.003162277629598975
packet_number=434,correct=False,payload=[0,1,2,7,4,5,6,7,8,9,10,5,12,13,14,15,16,150,18,3,20,21,22,23,16,26,26,51,29,25,30,158,112,33,34,35,44,33,39,39,8,59,40,42,40,43,62,63,48,49,50,179,53,49,116,119,48,121,58,123,108,61,62,63,0,65,99,197,68,65,70,67,184,89,72,91,12,77,78,79,80,17,82,215,208,213,204,87,80,88,94,122,92,93,95,63,96,64,226,67]
CFO=-608.3143751424626,STO=5
EsN0dB=7.37,GRXdB=10,N0=0.003162277629598975
packet_number=435,correct=False,payload=[16,1,2,3,4,5,6,7,8,9,10,11,12,5,46,45,48,49,18,19,20,21,22,23,88,25,26,25,28,31,30,23,34,33,34,35,36,37,38,39,40,41,42,42,44,45,46,47,48,49,50,51,54,53,38,55,56,57,58,59,60,61,62,63,64,65,66,71,6,69,70,71,72,73,74,75,76,77,76,79,0,81,82,83,84,85,86,87,90,89,90,95,92,93,94,95,96,97,114,99]
CFO=-693.1587834269167,STO=3
EsN0dB=7.13,GRXdB=10,N0=0.003162277629598975
packet_number=436,correct=False,payload=[32,33,2,3,4,5,2,3,8,9,10,11,12,13,14,15,16,17,2,19,20,21,22,23,88,17,26,27,28,29,30,31,32,33,34,35,52,37,164,39,40,41,43,43,60,45,46,47,48,49,50,51,52,29,55,39,56,25,58,59,60,61,62,63,64,65,82,67,68,69,70,79,74,73,74,75,76,105,78,79,82,81,82,67,84,84,82,83,72,89,90,83,92,29,94,95,96,97,98,99]
CFO=-1025.8282458783306,STO=5
EsN0dB=7.48,GRXdB=10,N0=0.003162277629598975
packet_number=437,correct=False,payload=[0,33,0,3,4,13,6,7,8,9,10,11,76,13,14,15,16,17,18,19,20,21,20,23,56,25,90,27,28,29,30,159,32,33,34,35,36,37,38,39,40,105,42,43,44,45,46,47,48,49,50,51,52,53,54,55,56,41,58,59,44,61,62,63,64,65,66,67,68,69,70,71,72,73,74,75,76,77,78,79,112,81,82,83,84,85,86,87,88,89,91,91,92,93,94,95,96,97,34,99]
CFO=-864.6957234907769,STO=5
EsN0dB=7.30,GRXdB=10,N0=0.003162277629598975
packet_number=438,correct=False,payload=[0,1,2,3,4,5,6,23,8,9,10,11,12,13,14,15,16,17,146,19,28,16,22,7,24,57,24,155,28,29,62,31,32,35,34,35,36,36,39,39,40,41,10,35,44,13,46,47,56,49,50,51,52,53,50,55,56,185,186,57,56,61,62,63,64,65,66,67,68,69,70,70,72,73,74,94,109,77,78,79,80,81,66,83,84,85,86,87,88,89,90,123,92,93,94,75,96,97,98,99]
CFO=-952.7687005344661,STO=7
EsN0dB=7.57,GRXdB=10,N0=0.003162277629598975
packet_number=439,correct=False,payload=[0,1,2,7,20,4,6,7,24,9,26,11,12,13,14,12,16,17,50,18,20,23,6,87,24,25,26,154,29,29,30,23,32,33,34,35,36,37,166,39,40,41,74,43,12,45,46,15,32,33,50,51,52,53,54,63,56,40,56,127,60,45,62,62,64,65,70,67,4,69,70,71,76,9,74,75,76,77,76,15,80,89,82,83,84,85,86,71,88,89,26,91,92,93,94,126,96,97,102,97]
CFO=-787.8563324874797,STO=5
EsN0dB=7.50,GRXdB=10,N0=0.003162277629598975
packet_number=440,correct=False,payload=[0,1,2,3,4,5,6,23,8,8,10,8,12,45,14,15,16,17,22,19,20,21,22,21,24,25,26,27,28,29,22,31,32,33,34,35,44,165,38,39,40,41,42,43,44,45,46,47,48,49,50,19,52,53,54,55,56,57,58,59,60,61,62,127,64,65,72,67,68,69,70,71,72,75,74,67,76,93,78,79,80,81,82,83,84,117,86,87,88,89,26,123,92,93,94,95,96,97,98,99]
CFO=-824.3304320028959,STO=6
EsN0dB=7.44,GRXdB=10,N0=0.003162277629598975
packet_number=441,correct=False,payload=[0,5,2,3,68,5,6,7,8,9,10,75,12,13,14,13,16,17,18,51,20,21,6,23,28,24,26,27,28,29,30,31,160,33,34,35,36,36,38,39,41,43,42,43,44,45,46,111,112,49,51,51,53,53,30,55,41,57,58,43,124,61,62,63,72,65,66,75,68,69,70,103,104,73,74,75,76,77,78,79,82,81,82,83,84,85,86,87,88,89,90,91,92,93,94,95,96,97,98,99]
CFO=-798.2923516466649,STO=0
EsN0dB=7.48,GRXdB=10,N0=0.003162277629598975
packet_number=442,correct=False,payload=[85,166,0,1,6,7,0,13,4,14,0,43,0,26,12,30,14,15,48,0,130,6,6,20,20,191,56,25,16,31,60,30,24,63,96,0,2,103,36,100,14,39,40,49,46,55,9,111,30,110,96,35,114,34,112,118,62,114,56,51,48,91,124,60,62,127,64,194,4,131,68,7,68,143,72,8,64,79,12,223,78,76,64,82,18,99,196,245,62,71,80,24,150,190,28,154,126,60,96,97]
CFO=-799.4349260867284,STO=1
EsN0dB=7.30,GRXdB=10,N0=0.003162277629598975
packet_number=443,correct=False,payload=[248,120,226,156,0,0,8,6,0,6,24,30,16,6,56,44,24,50,56,60,0,66,104,46,16,24,108,94,112,100,112,108,56,54,124,126,64,66,68,8,152,250,24,204,144,198,160,164,48,248,186,62,128,102,84,100,112,216,252,204,96,244,112,228,120,122,252,255,128,132,9,15,17,129,153,159,1,148,44,143,184,28,61,13,65,80,96,108,16,91,28,140,161,101,236,255,112,181,189,125]
CFO=-1087.974192429638,STO=4
EsN0dB=7.30,GRXdB=10,N0=0.003162277629598975
packet_number=444,correct=False,payload=[0,1,2,195,4,101,6,7,8,9,10,11,12,13,14,15,16,17,82,19,20,17,22,23,28,25,26,27,30,29,30,31,32,33,34,35,164,37,38,6,40,9,42,42,44,13,46,47,48,49,50,51,52,53,54,39,57,43,59,59,60,61,62,63,96,65,66,67,69,69,70,199,72,73,74,75,76,77,78,78,80,81,82,82,68,85,82,87,80,89,90,91,124,93,94,95,112,105,115,99]
CFO=-1190.7093681814576,STO=4
EsN0dB=7.40,GRXdB=10,N0=0.003162277629598975
packet_number=445,correct=False,payload=[0,1,2,3,4,5,7,7,24,9,10,11,12,13,14,15,16,21,18,19,20,21,22,23,24,25,26,91,28,29,30,29,32,33,34,99,36,101,38,39,40,41,42,43,44,45,62,47,97,49,34,35,52,53,54,55,56,57,58,59,60,61,62,61,64,65,66,67,68,68,70,71,72,73,66,75,76,77,78,95,80,81,82,83,84,213,87,87,88,89,90,91,92,93,94,95,96,97,98,99]
CFO=-1167.095649241562,STO=1
EsN0dB=7.38,GRXdB=10,N0=0.003162277629598975
packet_number=446,correct=False,payload=[2,1,0,1,6,4,6,3,128,5,138,15,14,12,14,15,8,17,3,27,6,19,46,87,28,24,26,9,28,29,142,15,176,17,50,59,36,36,35,39,32,49,58,11,53,45,46,31,48,40,186,51,180,60,22,59,24,45,31,31,188,28,62,31,36,193,129,65,68,100,70,71,200,233,194,203,76,64,14,7,4,112,131,97,150,49,215,19,88,89,30,77,103,93,126,95,112,96,34,115]
CFO=-1002.6545761052736,STO=4
EsN0dB=7.17,GRXdB=10,N0=0.003162277629598975
packet_number=447,correct=False,payload=[0,1,2,3,6,5,6,7,8,73,10,11,12,13,14,15,80,81,18,19,20,21,22,23,24,21,26,27,28,29,30,31,32,49,34,35,36,37,38,39,40,41,42,43,12,45,46,47,48,57,50,51,20,53,54,55,56,57,58,59,60,61,62,63,96,65,66,67,64,69,70,71,72,73,74,75,76,77,78,79,80,81,82,83,20,85,214,87,88,89,90,91,92,93,94,95,96,99,98,99]
CFO=-889.0346757112942,STO=5
EsN0dB=7.25,GRXdB=10,N0=0.003162277629598975
packet_number=448,correct=False,payload=[0,1,3,131,4,5,6,15,8,9,10,11,12,9,14,15,24,17,18,19,20,84,150,23,24,25,26,155,92,28,158,31,48,49,34,35,36,37,39,39,40,41,42,43,44,45,12,111,48,49,58,51,52,61,54,183,56,41,58,59,60,53,46,63,96,65,66,67,68,197,70,71,72,73,74,75,76,77,68,79,80,81,82,83,84,85,86,87,88,89,90,27,92,93,94,29,96,97,98,97]
CFO=-845.9248576897336,STO=2
EsN0dB=7.45,GRXdB=10,N0=0.003162277629598975
packet_number=449,correct=False,payload=[0,1,2,3,132,4,2,7,9,9,6,11,14,13,14,15,128,17,48,19,20,21,30,23,88,25,26,25,30,31,30,31,32,33,34,35,0,37,6,39,168,41,106,51,44,37,110,15,80,49,50,59,52,55,182,55,56,57,58,59,60,56,54,55,64,193,82,67,68,69,70,67,64,73,10,75,68,101,78,79,81,80,210,83,84,69,96,87,216,89,90,91,92,93,94,87,96,97,34,115]
CFO=-961.9721432817121,STO=6
EsN0dB=7.26,GRXdB=10,N0=0.003162277629598975
packet_number=450,correct=False,payload=[8,1,2,11,4,5,6,7,8,8,10,11,44,79,14,14,16,17,19,19,20,21,22,23,24,25,26,27,12,29,30,31,32,33,34,39,36,45,103,7,168,41,42,43,40,109,46,47,49,49,114,115,52,53,54,55,56,61,50,59,60,61,190,63,64,65,2,67,76,69,70,87,72,75,74,75,76,77,14,94,80,81,114,83,80,85,86,87,88,89,90,91,92,93,94,95,96,97,98,99]
CFO=-671.8992267368866,STO=6
EsN0dB=7.51,GRXdB=10,N0=0.003162277629598975
packet_number=451,correct=False,payload=[0,1,2,3,4,13,6,7,8,1,10,11,12,13,14,79,16,17,18,19,20,21,22,87,24,25,26,27,28,29,30,31,96,33,99,35,36,37,166,39,168,105,42,43,44,45,38,45,48,51,50,51,52,53,54,55,56,57,58,59,60,61,62,63,64,65,66,67,68,69,70,71,72,201,74,75,76,205,78,78,80,89,82,83,84,85,86,87,24,89,90,91,84,93,94,95,96,97,98,67]
CFO=-748.9826547074041,STO=7
EsN0dB=7.47,GRXdB=10,N0=0.003162277629598975
packet_number=452,correct=False,payload=[0,3,2,3,4,5,4,7,8,9,10,15,12,41,14,15,16,17,146,23,20,21,20,87,24,17,26,27,62,61,20,95,40,49,34,35,36,37,166,39,40,57,42,170,8,45,62,47,48,49,50,115,112,53,118,55,56,57,48,59,60,126,62,63,64,65,66,195,4,69,86,71,72,72,74,73,76,77,78,95,209,113,3,65,20,69,134,119,88,88,90,91,188,93,222,95,98,97,98,99]
CFO=-1221.595934211013,STO=3
EsN0dB=7.06,GRXdB=10,N0=0.003162277629598975
packet_number=453,correct=False,payload=[0,1,2,3,4,5,22,39,8,9,2,10,12,13,14,15,16,16,18,3,20,21,22,54,24,25,26,25,28,29,30,31,32,33,2,35,36,37,38,39,56,41,10,41,60,63,46,47,48,177,50,51,52,61,38,55,56,59,58,59,60,61,62,63,72,65,98,67,68,5,14,103,72,73,74,91,76,77,78,111,80,83,16,83,92,117,22,67,88,89,74,91,28,93,94,95,96,97,96,99]
CFO=-820.8696249539132,STO=0
EsN0dB=7.40,GRXdB=10,N0=0.003162277629598975
packet_number=454,correct=False,payload=[0,0,2,3,0,6,12,7,8,9,12,26,12,13,31,6,112,17,18,19,20,54,62,63,24,57,16,15,60,29,30,63,48,97,34,3,0,32,38,38,8,32,96,35,172,45,126,15,48,96,50,55,36,53,52,63,56,24,42,59,60,60,62,63,64,64,82,134,68,5,70,71,80,66,76,94,76,31,70,78,112,81,4,103,116,5,114,117,248,89,138,211,156,126,94,92,64,65,226,99]
CFO=-854.1678643747831,STO=5
EsN0dB=7.32,GRXdB=10,N0=0.003162277629598975
packet_number=455,correct=False,payload=[24,1,2,19,4,13,6,7,8,9,10,11,12,13,14,15,16,49,18,19,20,21,22,7,24,25,26,91,28,29,22,31,32,33,34,35,36,37,36,39,44,41,42,47,44,45,46,47,48,49,50,179,20,53,54,55,56,57,59,59,60,61,62,63,4,65,66,195,68,69,70,70,202,73,74,75,76,77,78,79,16,81,82,83,84,213,86,87,88,89,90,75,92,93,94,95,96,97,98,99]
CFO=-1344.4981921246801,STO=2
EsN0dB=7.43,GRXdB=10,N0=0.003162277629598975
packet_number=456,correct=False,payload=[77,240,171,167,220,0,8,24,28,48,56,48,28,32,44,8,20,96,52,48,124,66,132,152,220,192,64,216,184,64,68,120,232,224,104,120,252,128,140,16,73,176,32,17,24,97,137,192,92,32,164,57,124,193,196,152,201,241,156,177,253,225,224,240,236,224,247,249,247,3,10,0,9,34,17,50,59,96,103,122,57,58,99,49,60,66,73,218,92,35,17,56,126,96,74,193,201,96,110,243]
CFO=-1039.0885364013486,STO=6
EsN0dB=7.56,GRXdB=10,N0=0.003162277629598975
packet_number=457,correct=False,payload=[0,1,2,3,4,5,6,15,44,11,10,15,12,13,14,15,24,17,18,19,20,21,86,23,25,25,26,27,28,29,30,31,32,35,34,35,52,37,166,39,40,41,42,43,40,45,46,47,48,49,51,51,52,52,54,55,56,57,58,58,60,45,62,63,192,65,66,67,68,69,70,87,72,73,74,75,76,77,78,79,80,81,83,83,84,85,86,87,88,89,90,91,88,89,94,94,96,97,98,99]
CFO=-729.7985387456404,STO=4
EsN0dB=7.35,GRXdB=10,N0=0.003162277629598975
packet_number=458,correct=False,payload=[0,1,10,3,20,37,6,7,8,25,170,11,12,13,14,15,16,17,18,19,20,21,86,7,24,25,26,27,28,29,30,31,32,33,32,35,36,37,38,39,40,41,42,43,44,13,46,43,48,49,50,51,52,53,54,55,56,57,56,59,60,61,62,62,100,1,66,67,68,69,70,71,72,105,74,75,72,77,78,31,80,213,82,83,84,85,86,87,89,89,90,91,84,93,94,95,96,97,98,99]
CFO=-976.92047474101,STO=5
EsN0dB=7.40,GRXdB=10,N0=0.003162277629598975
packet_number=459,correct=False,payload=[1,1,2,3,4,5,6,7,8,9,10,11,12,77,6,15,80,17,18,19,20,21,22,23,28,25,26,27,28,29,30,31,34,33,34,35,36,37,38,35,40,41,42,43,44,45,46,47,48,49,50,51,52,53,54,119,56,57,30,59,60,61,62,63,64,65,66,67,68,69,70,71,72,73,74,75,76,79,78,79,80,81,83,83,212,117,84,115,120,89,90,91,92,93,94,95,96,105,98,99]
CFO=-795.3016537116494,STO=5
EsN0dB=7.31,GRXdB=10,N0=0.003162277629598975
packet_number=460,correct=False,payload=[0,1,2,3,4,5,6,7,8,13,10,11,12,29,14,15,0,17,2,19,20,21,22,23,25,25,26,27,28,29,30,31,32,33,35,35,36,37,38,39,40,41,42,43,44,45,46,47,48,49,50,51,52,53,118,55,56,56,58,59,60,61,62,63,0,65,66,67,68,69,70,71,72,105,74,75,76,77,76,79,80,81,82,211,84,85,86,87,88,93,90,91,92,93,94,95,96,97,98,99]
CFO=-674.1681894916367,STO=5
EsN0dB=7.46,GRXdB=10,N0=0.003162277629598975
packet_number=461,correct=False,payload=[0,1,2,3,36,5,6,7,8,9,138,11,12,13,14,31,16,16,18,19,20,21,22,23,88,25,26,31,28,93,30,31,32,5,34,35,36,37,166,39,40,41,42,43,164,45,46,47,16,49,179,51,52,49,54,183,56,57,58,57,60,61,62,63,64,65,70,7,68,197,102,71,72,73,74,75,76,79,77,71,80,81,18,83,84,85,86,87,88,121,90,91,92,93,94,95,225,97,98,98]
CFO=-1255.7141520713037,STO=3
EsN0dB=7.46,GRXdB=10,N0=0.003162277629598975
packet_number=462,correct=False,payload=[0,1,2,7,20,5,6,23,136,9,10,3,12,13,30,15,16,17,22,19,20,21,22,23,24,153,26,27,92,29,30,31,96,37,34,51,36,37,38,39,8,41,42,43,44,45,44,47,48,49,50,51,36,52,54,23,56,57,58,59,44,61,62,62,64,81,66,67,68,71,70,71,72,73,98,107,78,77,78,79,80,83,82,83,84,85,86,87,24,89,90,91,92,93,94,95,96,97,98,99]
CFO=-1108.0868465215367,STO=6
EsN0dB=7.36,GRXdB=10,N0=0.003162277629598975
packet_number=463,correct=False,payload=[0,1,0,3,4,5,6,7,0,9,8,3,12,13,14,15,64,17,18,55,20,21,22,23,24,25,26,27,28,29,30,31,32,33,98,35,36,37,38,39,32,41,42,43,44,45,47,37,48,49,50,50,52,53,54,55,56,57,122,59,61,189,62,63,64,73,66,67,68,69,70,79,72,73,194,75,76,77,94,79,80,81,82,83,84,85,86,87,88,89,218,91,92,93,30,95,96,97,98,35]
CFO=-606.8580388874016,STO=6
EsN0dB=7.33,GRXdB=10,N0=0.003162277629598975
packet_number=464,correct=False,payload=[0,65,2,107,4,21,6,7,8,9,10,59,12,13,46,15,84,17,18,27,21,53,22,23,24,27,26,59,28,31,158,31,32,33,34,35,36,37,38,39,40,169,42,43,44,45,46,47,52,49,50,55,52,49,54,63,56,57,58,59,60,61,62,59,72,1,66,99,68,69,70,71,92,73,74,75,76,77,78,79,80,81,82,83,84,84,86,87,120,89,90,91,88,93,94,95,98,97,98,99]
CFO=-943.2112381732084,STO=0
EsN0dB=7.46,GRXdB=10,N0=0.003162277629598975
packet_number=465,correct=False,payload=[0,0,2,2,4,5,4,15,8,25,10,3,44,61,14,31,48,17,22,19,0,20,54,23,9,24,22,63,28,31,30,31,0,35,38,35,100,36,36,7,96,9,42,43,60,13,110,47,32,113,58,39,116,49,54,23,56,115,186,59,60,58,63,63,64,192,66,67,204,77,70,71,72,200,78,82,12,93,78,203,80,81,82,179,52,147,30,95,88,185,218,91,28,95,30,95,96,225,2,99]
CFO=-809.8966177451376,STO=5
EsN0dB=7.41,GRXdB=10,N0=0.003162277629598975
packet_number=466,correct=False,payload=[0,1,2,3,4,5,6,7,8,9,10,11,8,45,30,31,17,17,18,19,20,21,22,23,26,27,154,11,28,29,30,31,32,33,34,35,36,37,38,39,40,41,42,43,44,45,46,47,52,49,18,51,52,53,54,55,56,57,58,59,60,61,62,63,64,65,66,99,68,69,70,71,72,201,74,75,76,79,78,79,80,81,82,81,84,85,82,71,88,89,90,91,92,93,87,95,32,97,98,99]
CFO=-1051.7019748076582,STO=7
EsN0dB=7.14,GRXdB=10,N0=0.003162277629598975
packet_number=467,correct=False,payload=[4,1,0,3,4,5,6,7,8,9,12,27,12,13,14,15,17,17,18,59,20,21,22,23,24,25,26,91,28,29,158,31,32,33,32,3,52,165,38,47,40,41,42,43,108,45,110,43,112,49,50,51,52,37,54,55,48,57,56,43,60,29,62,63,64,81,98,67,68,69,70,71,72,201,74,75,4,9,76,79,80,81,82,83,84,85,86,87,88,57,90,91,92,92,94,223,96,97,98,99]
CFO=-955.3271755610667,STO=5
EsN0dB=7.41,GRXdB=10,N0=0.003162277629598975
packet_number=468,correct=False,payload=[0,1,2,3,4,5,6,23,8,9,10,11,12,13,14,14,16,21,18,19,20,21,22,23,24,25,26,27,24,29,26,30,32,33,35,35,36,37,38,39,44,41,38,171,44,61,47,47,48,49,48,51,52,53,54,55,56,57,58,59,60,61,63,63,65,65,98,67,68,69,70,71,72,89,74,75,76,77,78,79,80,112,118,83,84,85,86,23,88,89,90,91,88,29,94,95,96,97,98,99]
CFO=-1122.6982338397481,STO=2
EsN0dB=7.41,GRXdB=10,N0=0.003162277629598975
packet_number=469,correct=False,payload=[0,3,2,3,4,5,6,11,40,72,10,15,12,13,14,15,0,17,26,19,20,21,142,19,24,25,26,9,28,29,30,63,32,33,3,35,36,37,38,39,40,41,42,35,44,45,46,15,80,17,58,51,180,53,54,55,56,57,59,186,60,61,60,63,64,65,66,99,69,69,70,7,72,73,74,107,172,205,78,15,80,81,82,83,214,85,86,95,88,89,90,91,92,223,79,31,96,97,226,99]
CFO=-960.3657444503551,STO=3
EsN0dB=7.42,GRXdB=10,N0=0.003162277629598975
packet_number=470,correct=False,payload=[0,1,2,3,68,5,6,7,10,1,10,139,12,13,14,15,80,17,18,19,20,20,22,23,24,25,10,31,28,29,30,30,36,33,34,35,36,33,38,47,40,41,42,43,44,45,46,47,52,49,50,51,116,53,54,55,48,11,58,59,60,52,62,63,64,65,66,67,68,69,68,23,72,73,74,71,76,13,78,79,82,81,82,83,84,85,86,86,89,89,90,91,92,85,126,95,64,97,98,67]
CFO=-1182.4621519180134,STO=5
EsN0dB=7.26,GRXdB=10,N0=0.003162277629598975
packet_number=471,correct=False,payload=[0,1,130,3,4,21,6,7,8,9,10,3,76,13,14,15,16,17,18,19,84,149,22,23,24,25,26,27,28,29,30,27,32,33,162,35,36,37,38,36,40,41,42,107,44,45,46,175,48,49,50,51,116,53,55,55,56,56,58,59,60,60,62,59,64,65,98,67,68,69,70,71,72,89,74,75,204,77,78,79,82,113,82,83,84,85,86,87,88,91,90,90,92,93,30,95,96,33,98,99]
CFO=-983.6451280019722,STO=1
EsN0dB=7.40,GRXdB=10,N0=0.003162277629598975
packet_number=472,correct=False,payload=[0,1,10,135,4,7,6,7,8,13,10,11,12,13,12,15,16,17,22,51,16,21,22,55,88,24,58,154,28,29,26,159,0,97,98,3,36,36,38,39,56,41,42,43,40,45,45,47,48,49,50,35,52,53,54,55,80,57,58,58,60,61,62,61,64,65,66,67,68,69,70,71,0,73,74,79,78,93,78,79,84,17,82,83,84,49,86,87,216,89,222,91,92,221,94,95,96,225,98,99]
CFO=-1488.1808262694187,STO=6
EsN0dB=7.37,GRXdB=10,N0=0.003162277629598975
packet_number=473,correct=False,payload=[0,1,2,3,4,133,6,7,8,9,10,75,76,13,14,15,16,17,18,19,20,21,22,23,56,25,26,27,28,29,30,31,32,43,34,35,36,37,38,39,104,41,42,43,44,45,46,47,48,49,50,51,52,53,54,55,56,57,58,59,188,60,62,63,72,65,98,67,84,69,70,71,72,73,10,67,76,77,74,79,16,81,82,83,84,85,118,87,88,89,90,91,92,85,94,95,96,97,98,99]
CFO=-1038.499195426089,STO=4
EsN0dB=7.53,GRXdB=10,N0=0.003162277629598975
packet_number=474,correct=False,payload=[0,1,18,3,36,5,6,7,9,9,10,11,12,13,14,15,16,17,26,19,20,145,22,19,24,25,26,27,28,29,28,95,32,33,34,35,96,37,38,167,40,41,42,43,44,45,46,15,48,49,50,51,52,53,54,55,56,57,62,59,60,61,62,63,64,65,66,99,68,69,70,71,72,73,74,75,76,77,78,79,80,81,82,83,84,85,86,87,92,121,90,91,92,93,94,95,96,97,98,99]
CFO=-976.9574715990143,STO=2
EsN0dB=7.42,GRXdB=10,N0=0.003162277629598975
packet_number=475,correct=False,payload=[0,1,2,3,0,1,6,7,108,1,14,9,140,15,14,15,16,17,18,19,20,5,23,23,28,29,26,31,28,28,62,31,98,33,34,33,40,5,38,39,40,57,46,59,44,45,110,47,40,21,51,51,48,53,55,55,57,57,185,59,28,61,190,63,64,65,192,67,100,69,70,71,64,109,75,67,204,77,14,71,80,81,94,107,68,85,86,71,216,89,90,91,92,93,220,95,232,113,98,99]
CFO=-827.9568355653496,STO=5
EsN0dB=7.50,GRXdB=10,N0=0.003162277629598975
packet_number=476,correct=False,payload=[0,17,2,3,4,5,6,71,8,9,10,11,12,13,14,15,152,17,146,19,20,21,22,22,24,25,26,27,28,29,30,31,33,35,162,163,38,37,38,39,41,41,42,42,44,45,46,47,48,49,51,35,36,53,55,51,56,57,90,59,60,61,46,63,64,97,66,67,84,69,70,71,72,9,74,75,14,69,206,79,80,81,82,83,84,85,86,87,88,89,74,91,92,29,94,95,224,97,226,99]
CFO=-1205.412654746314,STO=5
EsN0dB=7.16,GRXdB=10,N0=0.003162277629598975
packet_number=477,correct=False,payload=[4,1,2,3,4,5,134,7,8,9,42,11,8,13,14,15,16,17,18,18,20,21,22,23,88,24,26,25,156,29,30,31,32,33,38,35,36,37,38,39,40,41,46,43,12,47,46,47,48,177,58,51,52,53,54,62,56,57,58,59,62,61,62,63,64,65,66,73,68,69,70,71,72,73,74,75,76,69,78,79,81,81,82,87,84,85,86,87,72,217,90,91,92,93,94,95,96,97,98,98]
CFO=-669.7852476148656,STO=6
EsN0dB=7.44,GRXdB=10,N0=0.003162277629598975
packet_number=478,correct=False,payload=[0,1,2,3,4,5,6,7,9,73,10,11,12,13,14,15,16,17,18,19,4,85,30,23,24,25,27,27,60,29,30,31,32,33,98,35,36,37,36,39,40,41,42,43,44,45,46,47,48,49,50,51,52,53,38,54,120,57,122,25,60,61,126,63,0,65,66,67,68,4,68,71,72,73,74,75,76,73,78,79,80,80,82,83,84,89,86,87,88,91,90,91,92,93,94,95,112,97,98,103]
CFO=-917.0520879707519,STO=7
EsN0dB=7.25,GRXdB=10,N0=0.003162277629598975
packet_number=479,correct=False,payload=[0,1,2,3,4,5,6,15,8,9,10,11,4,73,14,78,16,17,16,19,20,23,22,151,24,24,90,27,28,25,30,63,96,33,34,35,36,53,38,47,40,43,58,43,60,109,38,47,49,49,52,51,52,53,62,247,56,56,58,59,60,61,126,63,192,64,66,67,68,205,70,71,72,81,74,123,76,77,76,75,80,193,114,83,84,21,206,87,218,216,94,219,92,93,94,95,64,225,98,99]
CFO=-1136.7164856331606,STO=3
EsN0dB=7.32,GRXdB=10,N0=0.003162277629598975
packet_number=480,correct=False,payload=[0,65,6,3,68,5,7,87,9,9,10,11,76,77,14,15,16,17,18,19,20,5,22,23,24,25,26,25,12,28,30,29,32,33,34,35,36,37,38,7,40,41,42,107,44,45,14,47,112,49,50,51,52,45,55,55,56,57,58,63,60,61,62,61,64,65,66,3,68,69,70,71,72,73,74,75,76,77,78,79,80,17,82,211,68,85,22,87,88,89,90,91,92,77,94,95,96,67,98,99]
CFO=-673.7302154690769,STO=1
EsN0dB=7.11,GRXdB=10,N0=0.003162277629598975
packet_number=481,correct=False,payload=[223,122,95,12,33,105,192,4,129,1,194,2,65,129,196,2,1,129,3,7,135,3,196,36,13,0,132,36,143,9,196,6,77,134,214,7,207,15,144,24,8,152,195,26,219,217,140,20,24,10,198,18,203,31,200,24,72,28,156,11,157,153,220,30,223,159,254,30,31,11,153,48,96,17,171,1,195,131,168,80,64,151,199,51,135,167,232,8,213,60,196,47,127,15,228,36,250,14,238,14]
CFO=-795.0408377206868,STO=2
EsN0dB=7.52,GRXdB=10,N0=0.003162277629598975
packet_number=482,correct=False,payload=[154,107,248,181,35,120,0,0,16,48,36,56,32,120,128,64,144,248,192,240,112,241,129,169,17,49,17,169,241,121,193,201,209,208,224,192,97,241,2,2,35,27,35,40,114,59,1,2,64,249,225,202,225,251,1,155,171,59,65,241,225,41,195,193,161,251,192,221,243,246,0,30,36,26,64,74,98,54,198,212,49,180,96,192,244,255,7,142,52,27,2,70,240,55,198,205,209,223,230,231]
CFO=-1270.3768843879634,STO=5
EsN0dB=7.54,GRXdB=10,N0=0.003162277629598975
packet_number=483,correct=False,payload=[0,1,2,3,4,5,6,39,8,9,10,11,12,29,14,15,16,17,18,19,20,21,22,151,24,25,26,27,30,29,14,30,48,33,50,35,36,37,38,39,40,41,106,43,46,45,46,46,160,49,50,51,52,53,54,55,56,57,62,59,188,61,62,59,64,65,66,67,68,68,70,70,104,73,74,75,76,73,74,79,80,89,82,67,84,81,94,87,84,89,122,91,92,92,94,23,96,97,98,99]
CFO=-1035.6181836886822,STO=4
EsN0dB=7.49,GRXdB=10,N0=0.003162277629598975
packet_number=484,correct=False,payload=[0,1,2,3,4,5,4,7,8,9,10,11,12,13,14,15,16,24,18,19,20,21,22,23,24,25,26,19,28,29,158,31,32,33,34,35,36,37,38,7,40,41,42,43,44,45,46,47,48,49,50,51,52,52,54,55,56,41,58,59,60,61,62,63,64,65,66,67,69,69,70,71,72,73,74,75,76,93,78,111,80,113,86,82,84,117,86,87,88,25,122,91,92,93,94,95,108,97,98,99]
CFO=-1465.8561869556897,STO=5
EsN0dB=7.09,GRXdB=10,N0=0.003162277629598975
packet_number=485,correct=False,payload=[0,1,2,3,4,5,6,7,24,9,10,11,12,5,14,15,16,17,18,27,20,21,22,23,24,29,26,59,28,29,26,31,32,33,34,35,36,37,38,39,40,169,42,43,44,173,34,47,48,49,50,179,52,61,54,55,56,57,58,43,60,45,62,63,64,67,98,67,68,69,70,67,72,89,72,75,68,77,78,79,66,81,66,83,84,21,86,87,88,89,90,90,92,93,94,95,96,99,226,99]
CFO=-820.8981433652914,STO=5
EsN0dB=7.43,GRXdB=10,N0=0.003162277629598975
packet_number=486,correct=False,payload=[0,1,2,3,20,5,6,135,8,1,10,10,12,137,78,15,80,17,18,19,20,20,22,23,88,25,26,27,28,29,30,31,32,33,34,35,36,37,39,39,40,41,10,43,44,45,46,47,48,49,50,35,52,53,54,55,56,57,58,59,60,61,30,63,64,67,66,75,68,69,70,71,72,73,74,75,76,77,78,79,80,81,82,67,84,85,94,87,88,89,90,91,92,93,94,95,96,97,98,99]
CFO=-908.6834461220631,STO=3
EsN0dB=7.19,GRXdB=10,N0=0.003162277629598975
packet_number=487,correct=False,payload=[0,1,2,3,4,5,6,7,8,25,10,11,12,13,14,15,16,17,50,19,20,21,22,23,24,25,26,31,28,29,30,29,32,97,34,35,36,5,38,39,44,45,58,43,60,45,174,43,48,49,35,51,54,53,50,55,184,57,30,123,60,61,63,63,64,67,66,67,68,69,71,71,72,73,72,107,76,77,79,79,80,81,210,83,84,81,86,83,92,89,90,218,92,93,94,63,96,96,114,99]
CFO=-721.0465288138499,STO=2
EsN0dB=7.35,GRXdB=10,N0=0.003162277629598975
packet_number=488,correct=False,payload=[143,147,26,31,128,0,0,1,192,0,129,129,196,4,132,133,134,5,135,7,132,12,141,1,128,11,11,155,166,12,236,5,142,5,79,7,144,16,81,145,138,8,153,139,212,24,153,29,159,23,151,19,156,24,152,9,216,29,93,27,158,28,93,158,206,159,159,31,208,32,193,33,144,18,179,177,164,36,180,36,243,38,163,39,172,16,173,13,8,58,168,45,220,38,228,37,158,6,167,174]
CFO=-880.9691827968612,STO=7
EsN0dB=7.34,GRXdB=10,N0=0.003162277629598975
packet_number=489,correct=False,payload=[0,1,2,3,132,5,6,3,8,11,10,15,12,13,14,15,144,1,18,19,20,21,22,23,24,25,26,27,28,29,30,95,32,33,42,35,36,45,38,7,40,41,42,43,44,41,46,47,52,49,118,51,52,53,182,55,56,57,58,59,60,61,62,63,64,65,66,3,68,69,86,71,72,73,66,75,76,13,78,79,16,81,82,211,84,85,86,87,80,88,90,75,92,93,94,95,114,97,96,99]
CFO=-606.8339672137643,STO=4
EsN0dB=7.56,GRXdB=10,N0=0.003162277629598975
packet_number=490,correct=False,payload=[0,17,2,131,4,5,6,7,8,9,10,139,76,141,14,14,16,17,18,19,20,21,31,7,24,153,26,91,28,29,22,31,40,33,34,35,100,37,38,39,40,41,42,43,44,47,46,47,48,49,50,51,52,117,54,183,56,57,62,59,60,61,62,63,64,65,66,67,68,77,78,207,72,73,74,107,76,77,78,15,80,81,80,83,84,85,86,83,88,89,90,219,92,93,94,95,224,97,98,103]
CFO=-894.914270931977,STO=3
EsN0dB=7.55,GRXdB=10,N0=0.003162277629598975
packet_number=491,correct=False,payload=[128,1,2,1,4,5,6,7,9,9,10,11,168,15,14,15,16,17,26,19,20,21,6,23,56,25,26,27,28,29,31,15,32,37,34,33,38,37,34,35,40,33,42,43,236,45,238,47,48,53,50,51,52,53,54,55,56,57,58,51,60,61,62,63,64,65,66,67,68,69,70,7,72,73,74,79,76,77,76,79,80,89,82,83,84,117,86,87,89,89,10,91,92,93,78,95,98,97,98,227]
CFO=-765.0280853021353,STO=6
EsN0dB=7.19,GRXdB=10,N0=0.003162277629598975
packet_number=492,correct=False,payload=[0,1,2,3,4,5,70,7,8,9,10,11,12,13,14,47,20,17,18,19,20,21,22,23,24,25,26,27,28,29,30,31,32,37,34,35,44,37,38,39,40,33,46,175,46,45,110,63,48,49,54,51,52,61,54,55,56,41,58,123,62,60,62,63,64,65,66,67,68,69,70,71,8,73,74,107,8,69,78,79,80,81,82,83,84,85,86,87,88,88,94,90,92,93,94,95,104,97,98,99]
CFO=-937.3906956297246,STO=4
EsN0dB=7.36,GRXdB=10,N0=0.003162277629598975
packet_number=493,correct=False,payload=[0,65,2,3,4,4,6,15,8,9,10,43,4,77,10,15,16,17,18,19,20,21,22,23,16,25,90,27,28,29,14,31,32,49,50,35,4,37,54,39,104,33,42,43,44,109,44,47,48,49,50,51,52,53,54,38,57,121,58,59,124,61,62,61,64,65,98,67,196,69,70,71,72,73,74,11,76,77,74,79,80,81,80,82,84,85,82,87,89,85,90,91,92,93,94,94,96,97,98,99]
CFO=-650.9197552346961,STO=4
EsN0dB=7.32,GRXdB=10,N0=0.003162277629598975
packet_number=494,correct=False,payload=[0,1,2,3,4,5,6,7,8,9,14,11,12,13,14,15,16,17,18,19,20,21,53,23,88,17,26,27,28,29,30,31,32,48,34,35,36,101,38,39,40,57,42,43,44,109,46,47,48,177,50,51,54,61,54,55,56,57,58,59,52,61,62,63,64,65,66,67,68,69,70,71,72,73,74,73,204,77,79,79,80,81,82,83,84,85,86,119,88,89,90,91,92,92,90,95,96,97,98,99]
CFO=-510.2457245556098,STO=0
EsN0dB=7.42,GRXdB=10,N0=0.003162277629598975
packet_number=495,correct=False,payload=[0,0,4,11,8,15,4,38,24,11,6,22,140,29,30,46,0,51,16,34,48,32,52,55,24,30,16,26,28,57,30,62,32,35,34,34,12,44,110,166,32,1,50,54,76,77,124,15,48,48,38,51,48,116,55,103,56,19,42,119,121,58,60,126,0,128,70,66,4,64,76,199,192,65,92,83,24,78,140,143,88,210,114,86,204,249,68,62,176,121,176,219,120,254,60,223,193,103,196,99]
CFO=-635.3616278065304,STO=4
EsN0dB=7.20,GRXdB=10,N0=0.003162277629598975
packet_number=496,correct=False,payload=[0,1,2,3,4,5,6,7,8,9,11,9,12,13,14,15,16,17,2,19,20,29,86,22,24,25,26,19,28,29,30,31,32,33,34,163,100,37,38,39,40,41,42,43,46,45,46,47,112,49,50,51,54,53,54,39,56,41,58,59,60,189,62,63,68,65,66,195,68,85,71,71,72,73,75,75,76,77,78,79,80,81,82,83,84,21,22,87,88,89,26,91,88,93,94,95,32,65,98,97]
CFO=-598.26445139886,STO=0
EsN0dB=7.39,GRXdB=10,N0=0.003162277629598975
packet_number=497,correct=False,payload=[0,11,2,18,10,3,6,5,4,1,10,139,12,13,30,15,128,49,10,7,20,23,6,23,57,26,178,63,20,61,28,31,32,11,98,3,32,33,36,39,72,43,40,99,32,105,78,47,113,114,96,55,68,33,55,62,48,59,122,51,124,125,62,62,128,65,130,67,132,1,70,71,72,90,0,19,76,30,78,207,112,97,226,83,64,73,86,150,216,57,90,222,252,125,94,95,248,99,108,99]
CFO=-1175.4328674768817,STO=2
EsN0dB=7.46,GRXdB=10,N0=0.003162277629598975
packet_number=498,correct=False,payload=[0,1,2,67,0,5,6,7,8,9,42,11,12,13,14,15,16,17,2,19,20,21,23,23,24,57,27,27,28,29,30,23,32,41,35,35,36,37,38,39,40,41,46,43,60,45,46,15,48,49,50,51,52,53,52,55,56,121,58,59,60,61,62,55,64,65,66,67,84,197,70,87,72,73,66,75,76,77,72,79,80,81,90,83,84,85,86,23,88,217,90,75,92,93,94,95,96,97,96,115]
CFO=-650.993571081195,STO=4
EsN0dB=7.38,GRXdB=10,N0=0.003162277629598975
packet_number=499,correct=False,payload=[0,1,2,67,4,133,6,7,8,9,10,11,12,5,14,15,16,17,16,19,20,29,22,23,24,25,26,27,12,29,30,95,32,97,34,35,36,37,38,39,40,41,58,43,44,45,62,47,48,49,50,19,52,53,54,55,56,57,58,59,60,61,62,63,64,65,66,79,68,69,70,71,72,73,74,75,76,79,78,79,80,81,82,89,92,85,118,87,92,81,90,91,88,221,94,95,96,97,98,99]
CFO=-1294.6406570957413,STO=4
EsN0dB=7.28,GRXdB=10,N0=0.003162277629598975
packet_number=500,correct=False,payload=[0,1,2,67,4,5,14,7,24,73,10,11,12,45,14,15,16,17,2,19,20,21,31,23,16,25,30,27,28,29,30,15,32,33,34,35,37,36,38,39,40,41,42,43,60,45,46,47,48,57,50,51,52,53,54,51,56,57,58,59,60,61,62,63,64,65,66,67,68,69,70,71,200,73,74,75,76,77,78,79,80,81,82,83,84,85,94,85,88,89,90,89,92,93,94,95,96,101,98,99]
CFO=-938.2738177450661,STO=5
EsN0dB=4.22,GRXdB=10,N0=0.0063095735386013985
packet_number=501,correct=False,payload=[4,17,130,147,4,5,166,131,8,9,10,11,172,93,74,14,17,17,18,19,20,20,22,83,24,29,90,27,28,25,30,31,40,1,39,1,36,96,38,47,141,233,46,41,103,189,44,47,42,48,50,189,52,55,54,63,40,57,248,187,62,63,42,59,136,5,66,67,68,70,68,119,73,102,74,72,76,105,34,85,82,211,82,83,86,85,22,87,17,217,88,89,84,77,94,95,224,105,224,99]
CFO=-1092.7586450794934,STO=3
EsN0dB=4.39,GRXdB=10,N0=0.0063095735386013985
packet_number=502,correct=False,payload=[0,5,18,3,140,5,10,15,136,15,74,10,12,5,46,15,24,17,26,49,149,21,86,151,56,137,155,9,28,29,82,31,183,33,42,35,52,36,38,39,42,45,2,35,148,45,110,111,58,129,54,19,52,181,52,53,40,41,47,49,60,60,62,15,66,64,210,65,68,65,70,195,88,169,58,75,93,77,79,103,81,75,70,247,81,84,87,87,88,91,26,122,76,95,28,71,98,101,242,99]
CFO=-1508.536568691153,STO=1
EsN0dB=4.50,GRXdB=10,N0=0.0063095735386013985
packet_number=503,correct=False,payload=[7,97,67,10,114,0,48,32,36,192,176,192,120,6,49,129,115,216,224,113,224,1,17,193,98,2,99,64,225,1,135,161,241,129,241,227,226,98,52,2,32,204,80,234,241,7,116,162,39,134,100,194,162,1,102,102,33,195,102,198,103,131,175,167,235,247,147,199,236,12,164,62,56,195,212,100,124,164,141,229,236,139,156,201,246,39,87,108,45,76,171,76,109,135,213,47,39,197,193,249]
CFO=-1331.08742399651,STO=1
EsN0dB=3.88,GRXdB=10,N0=0.0063095735386013985
packet_number=504,correct=False,payload=[36,168,32,24,17,56,40,25,115,112,196,24,228,208,161,112,224,113,0,189,241,144,65,147,33,55,65,137,161,184,201,195,113,222,66,10,107,51,0,0,98,114,65,24,179,99,231,250,226,209,1,219,97,49,99,113,227,99,162,209,211,187,177,243,227,240,128,30,34,50,192,10,98,60,192,16,36,252,128,230,164,112,163,241,179,149,36,92,103,51,150,144,160,157,192,207,245,254,70,135]
CFO=-1100.0946951349101,STO=6
EsN0dB=4.55,GRXdB=10,N0=0.0063095735386013985
packet_number=505,correct=False,payload=[1,9,2,71,36,5,7,7,10,13,11,10,6,29,14,15,16,17,131,17,84,197,22,144,88,25,62,95,30,29,222,22,40,1,162,35,52,37,6,39,42,33,42,43,104,13,46,47,112,49,50,183,48,177,116,53,57,57,122,123,56,188,126,61,82,1,98,195,68,71,70,86,74,108,106,75,76,77,76,95,80,85,82,83,84,81,86,83,16,69,24,82,92,95,30,91,96,97,98,107]
CFO=-569.9565782301672,STO=0
EsN0dB=4.56,GRXdB=10,N0=0.0063095735386013985
packet_number=506,correct=False,payload=[66,53,186,0,152,50,56,32,21,96,57,212,128,244,178,64,224,116,216,5,136,195,49,129,234,112,56,229,193,208,208,225,184,242,241,5,13,27,149,1,233,35,59,73,65,192,112,227,248,113,253,1,51,115,17,9,19,49,186,193,195,209,145,199,195,81,244,4,46,150,28,164,14,58,247,202,114,18,88,102,204,212,122,198,3,22,186,131,197,51,127,128,123,130,211,98,74,227,240,2]
CFO=-1079.1834069447468,STO=0
EsN0dB=3.85,GRXdB=10,N0=0.0063095735386013985
packet_number=507,correct=False,payload=[0,1,6,7,2,71,14,7,10,0,11,3,12,77,26,47,18,55,18,23,6,149,20,23,24,24,18,19,184,29,12,95,106,177,112,3,44,35,34,37,56,113,38,59,253,13,46,127,32,37,50,3,52,53,118,98,40,57,56,59,57,45,124,111,128,131,74,71,68,5,70,103,74,73,88,107,44,237,90,79,64,65,18,86,150,245,198,213,64,93,154,59,44,31,95,125,232,233,164,35]
CFO=-818.1279443323878,STO=1
EsN0dB=4.35,GRXdB=10,N0=0.0063095735386013985
packet_number=508,correct=False,payload=[190,4,114,247,129,9,2,11,128,135,3,15,40,128,17,69,150,31,15,7,152,1,10,153,148,23,135,23,28,25,30,23,31,239,30,31,32,32,48,179,46,31,48,131,174,37,110,49,86,63,218,103,250,49,121,25,116,49,182,191,40,10,59,59,158,60,23,31,194,161,170,65,64,6,51,69,52,224,194,73,202,109,108,79,194,192,89,75,80,37,178,29,172,21,61,27,45,93,191,79]
CFO=-964.0819721151747,STO=2
EsN0dB=3.91,GRXdB=10,N0=0.0063095735386013985
packet_number=509,correct=False,payload=[20,191,1,33,18,1,216,5,36,7,136,137,74,17,8,29,151,14,49,217,26,51,20,152,151,7,28,49,26,43,76,157,158,159,0,33,165,49,166,39,179,63,172,57,59,11,148,169,174,47,16,121,50,51,144,5,186,55,61,56,41,11,61,63,30,173,224,97,82,67,192,81,230,207,72,73,107,7,76,79,78,79,80,64,83,210,54,65,214,103,84,157,92,11,204,28,222,127,112,97]
CFO=-1281.9060302635332,STO=7
EsN0dB=4.48,GRXdB=10,N0=0.0063095735386013985
packet_number=510,correct=False,payload=[48,101,66,20,64,128,193,9,64,177,131,0,64,195,195,19,67,135,204,8,4,164,197,128,7,3,230,14,246,150,197,71,71,135,200,73,72,217,97,13,89,137,250,14,66,194,203,75,203,139,221,12,76,164,223,93,13,173,222,14,110,142,195,29,78,142,145,17,80,208,144,49,83,19,210,6,82,130,243,19,67,151,52,60,54,143,151,21,20,149,86,22,22,178,215,23,93,23,216,16]
CFO=-1332.7200289356201,STO=5
EsN0dB=4.24,GRXdB=10,N0=0.0063095735386013985
packet_number=511,correct=False,payload=[164,193,2,19,68,37,2,38,9,9,106,11,12,5,22,15,13,17,49,23,20,29,22,35,186,129,26,27,156,77,20,93,42,35,34,35,36,37,54,37,8,41,234,42,62,37,10,175,48,52,51,55,52,53,54,179,57,189,58,27,111,45,62,31,64,65,71,67,4,85,6,211,72,65,110,73,76,109,14,79,244,83,192,83,116,94,94,119,121,91,90,217,92,125,246,30,112,97,98,35]
CFO=-1025.5007288212546,STO=5
EsN0dB=3.93,GRXdB=10,N0=0.0063095735386013985
packet_number=512,correct=False,payload=[0,1,134,3,4,5,6,5,8,73,2,11,12,45,142,15,26,0,146,19,52,21,22,183,152,25,51,31,188,29,94,127,32,97,10,43,32,39,39,39,168,33,46,43,108,13,110,47,49,144,177,49,53,53,182,21,121,59,170,62,20,237,190,11,195,193,71,67,196,193,118,131,73,73,72,75,78,197,78,95,112,209,86,211,84,91,102,87,72,217,222,26,88,93,88,95,96,97,96,99]
CFO=-1466.4890466709737,STO=2
EsN0dB=4.37,GRXdB=10,N0=0.0063095735386013985
packet_number=513,correct=False,payload=[4,145,18,67,4,1,134,7,8,137,123,11,140,13,14,207,120,17,144,9,20,20,22,147,156,25,18,24,28,92,62,31,32,33,34,147,33,52,38,7,32,169,102,3,164,45,62,7,24,49,62,51,60,21,114,55,52,33,184,19,62,157,54,127,224,113,36,3,68,5,214,39,204,78,78,107,78,79,78,78,152,40,90,115,214,89,216,93,89,89,122,79,220,27,26,31,97,97,102,103]
CFO=-996.2960968748149,STO=6
EsN0dB=4.20,GRXdB=10,N0=0.0063095735386013985
packet_number=514,correct=False,payload=[0,17,2,131,4,69,6,7,10,25,3,11,76,9,138,31,16,3,18,31,148,17,150,31,26,17,2,203,21,29,90,27,32,161,98,35,48,52,39,34,40,41,34,15,109,109,46,43,145,49,112,59,52,54,182,55,56,57,122,111,60,61,62,126,64,69,66,43,68,221,70,79,200,73,89,75,206,201,78,79,208,81,83,83,68,213,94,87,72,89,81,91,76,77,222,95,114,233,96,227]
CFO=-1128.6994325151852,STO=6
EsN0dB=4.23,GRXdB=10,N0=0.0063095735386013985
packet_number=515,correct=False,payload=[128,1,6,33,5,5,102,6,72,75,14,138,126,13,14,7,0,85,26,27,100,85,146,63,24,9,26,41,28,156,62,15,160,45,42,35,52,245,32,39,40,57,42,43,44,44,174,47,181,51,58,51,50,117,114,63,48,121,186,55,60,125,126,59,66,67,66,3,70,69,210,70,8,11,123,73,72,77,206,199,81,209,114,83,22,87,86,119,92,125,90,91,84,93,94,91,48,97,99,71]
CFO=-1333.537398622233,STO=6
EsN0dB=4.12,GRXdB=10,N0=0.0063095735386013985
packet_number=516,correct=False,payload=[160,9,2,1,134,6,6,6,0,9,10,75,12,141,46,15,84,17,146,17,28,21,18,151,28,25,156,115,28,85,22,151,224,33,50,35,164,37,44,35,168,43,186,123,100,45,172,43,80,115,58,35,53,117,54,35,58,123,63,27,31,125,60,63,192,72,66,3,112,64,30,69,64,27,74,79,76,13,78,87,81,81,83,82,73,86,94,31,24,25,82,91,92,93,94,15,112,97,226,98]
CFO=-703.9868269853391,STO=3
EsN0dB=4.53,GRXdB=10,N0=0.0063095735386013985
packet_number=517,correct=False,payload=[0,3,130,9,13,5,2,47,72,137,43,37,14,77,14,107,0,49,18,22,148,21,146,21,24,89,27,16,24,25,30,31,38,36,129,43,36,37,99,45,40,41,42,43,40,109,15,139,56,177,186,59,52,55,54,247,178,45,58,59,60,53,59,125,76,17,66,103,94,5,70,71,73,73,32,7,68,89,78,79,80,65,82,83,84,85,84,23,202,249,250,203,14,92,94,95,196,101,98,211]
CFO=-723.6282454563762,STO=2
EsN0dB=4.25,GRXdB=10,N0=0.0063095735386013985
packet_number=518,correct=False,payload=[128,69,128,3,2,5,35,7,108,65,8,17,12,13,14,15,17,16,82,43,70,55,31,19,25,153,25,133,36,29,30,31,13,33,32,35,0,37,38,35,0,12,10,45,168,109,59,23,56,117,18,55,92,51,182,51,137,40,27,27,132,164,178,59,96,65,64,33,108,69,135,111,68,1,34,75,76,92,76,127,16,1,18,113,118,68,91,7,88,91,58,11,252,141,30,123,42,104,103,97]
CFO=-743.4927715823333,STO=1
EsN0dB=3.94,GRXdB=10,N0=0.0063095735386013985
packet_number=519,correct=False,payload=[79,18,0,4,6,24,12,24,138,50,39,24,54,49,248,24,46,0,32,40,46,58,20,13,124,48,38,56,126,186,120,57,121,128,131,196,52,24,4,142,222,164,87,252,62,90,148,136,214,64,197,108,174,80,184,104,220,225,97,162,12,120,242,188,220,160,2,8,141,64,7,201,204,177,176,24,58,88,44,56,191,33,163,5,76,240,254,145,89,39,247,117,45,16,119,92,239,0,207,137]
CFO=-282.08716846054585,STO=3
EsN0dB=3.92,GRXdB=10,N0=0.0063095735386013985
packet_number=520,correct=False,payload=[128,3,134,3,4,133,2,7,137,10,14,11,6,9,78,15,0,23,2,19,151,1,86,23,25,9,58,26,30,13,30,31,32,33,35,41,36,37,114,47,96,45,50,41,44,47,15,15,48,17,114,33,20,33,50,23,56,61,187,127,60,61,94,127,106,81,0,203,68,69,70,71,77,73,74,75,76,54,90,72,208,193,210,83,84,21,86,247,200,89,114,219,92,95,62,92,192,105,50,98]
CFO=-865.692326353266,STO=6
EsN0dB=4.66,GRXdB=10,N0=0.0063095735386013985
packet_number=521,correct=False,payload=[0,1,3,3,2,5,4,39,168,9,26,75,0,29,14,15,20,27,18,19,20,23,146,19,28,25,154,26,93,28,62,31,32,33,34,35,100,109,34,39,110,169,170,11,36,47,38,175,56,113,34,179,52,53,182,119,48,185,58,91,61,63,111,59,66,65,78,67,68,69,70,3,72,130,2,11,76,252,14,79,64,81,194,91,84,86,83,71,88,121,250,95,90,93,78,95,240,99,66,99]
CFO=-1285.7104219152957,STO=1
EsN0dB=4.32,GRXdB=10,N0=0.0063095735386013985
packet_number=522,correct=False,payload=[0,1,66,3,132,1,133,38,0,3,58,202,5,13,78,14,16,17,148,19,52,188,54,6,24,57,122,123,60,141,54,31,32,3,34,35,36,68,52,33,104,104,250,58,12,237,38,47,34,49,98,50,100,53,62,12,250,38,5,125,124,125,60,63,176,68,82,131,20,101,14,198,73,201,88,27,204,77,206,77,80,81,82,251,16,220,70,79,90,91,152,31,44,121,226,223,68,81,98,99]
CFO=-943.6077686000231,STO=3
EsN0dB=3.87,GRXdB=10,N0=0.0063095735386013985
packet_number=523,correct=False,payload=[64,1,72,75,6,4,7,7,0,25,10,11,4,13,27,9,20,25,3,19,132,141,22,159,24,17,25,159,28,9,62,13,34,40,2,163,164,101,39,39,168,40,63,139,140,165,62,45,96,53,34,83,84,169,23,127,56,57,50,58,110,61,63,63,80,65,198,83,4,37,206,71,68,89,202,71,76,73,71,111,80,200,66,50,84,81,206,83,218,93,67,91,92,93,94,95,64,96,36,99]
CFO=-2191.959012319955,STO=5
EsN0dB=4.33,GRXdB=10,N0=0.0063095735386013985
packet_number=524,correct=False,payload=[16,65,64,27,196,4,20,7,40,9,58,27,37,29,134,143,0,17,23,83,20,5,6,151,8,152,26,27,94,53,26,31,32,0,38,163,60,173,54,7,105,41,42,63,188,45,238,63,48,49,178,50,52,21,178,55,176,57,58,27,56,29,62,57,64,193,82,67,68,85,70,231,72,201,8,91,76,205,78,79,80,89,66,91,20,85,70,87,217,89,122,217,92,93,92,91,32,113,98,67]
CFO=-1658.7270924544443,STO=6
EsN0dB=4.23,GRXdB=10,N0=0.0063095735386013985
packet_number=525,correct=False,payload=[0,1,2,34,4,5,4,3,24,25,14,11,28,13,30,22,88,145,2,81,20,21,150,55,152,25,26,26,28,61,94,143,114,49,35,51,48,37,38,39,108,41,42,10,45,14,175,47,52,161,50,51,52,5,38,183,48,157,58,177,52,53,48,61,161,200,66,83,76,77,70,79,24,204,66,95,206,87,30,15,76,81,195,211,220,117,214,113,90,89,26,219,94,93,94,123,88,97,166,67]
CFO=-86.02362384350259,STO=6
EsN0dB=4.31,GRXdB=10,N0=0.0063095735386013985
packet_number=526,correct=False,payload=[8,1,6,43,4,5,38,23,68,8,8,11,76,8,14,137,18,81,2,17,4,21,22,23,24,89,58,27,94,53,28,31,80,33,34,3,100,37,46,166,40,43,42,11,44,57,46,47,112,209,58,50,52,53,31,62,46,57,50,63,63,61,190,191,0,225,66,65,68,85,102,103,64,73,74,79,76,77,78,79,64,113,242,83,112,85,86,87,217,89,122,91,28,85,94,94,232,97,122,107]
CFO=-656.8373552406044,STO=4
EsN0dB=4.47,GRXdB=10,N0=0.0063095735386013985
packet_number=527,correct=False,payload=[65,0,86,3,116,5,6,33,200,155,8,11,140,13,14,15,18,17,82,49,21,4,27,21,24,153,18,27,92,28,30,127,32,185,3,33,182,13,134,103,170,41,42,41,44,45,42,46,161,49,50,51,48,61,162,55,52,57,58,30,188,61,126,121,4,203,64,99,69,68,68,11,104,73,10,74,36,93,203,79,84,81,82,211,64,85,82,87,89,29,88,91,223,93,94,119,200,99,66,99]
CFO=-1075.4292930743748,STO=1
EsN0dB=4.52,GRXdB=10,N0=0.0063095735386013985
packet_number=528,correct=False,payload=[0,3,10,3,132,0,6,25,136,9,1,29,132,15,142,47,16,129,146,19,80,208,14,23,12,31,31,29,29,29,30,84,178,49,2,51,34,21,103,58,40,189,58,42,124,53,47,47,176,43,146,120,48,49,55,19,56,169,58,93,56,58,63,127,240,1,192,104,102,85,230,101,72,1,78,47,110,86,14,15,80,72,73,107,248,69,67,86,88,9,154,15,204,59,251,95,51,100,96,115]
CFO=-330.1943192900776,STO=5
EsN0dB=4.45,GRXdB=10,N0=0.0063095735386013985
packet_number=529,correct=False,payload=[57,1,2,3,4,5,134,4,104,25,10,65,60,12,46,7,2,81,26,19,150,21,12,31,95,87,26,91,156,25,30,27,32,33,34,35,100,229,38,39,32,47,106,11,44,45,106,45,48,60,54,241,61,53,62,23,8,57,120,27,60,55,62,59,68,65,66,67,36,69,15,231,76,121,88,74,76,77,78,43,144,81,112,83,84,87,70,86,204,93,78,91,124,125,94,87,240,97,226,125]
CFO=-822.5889116340524,STO=1
EsN0dB=4.69,GRXdB=10,N0=0.0063095735386013985
packet_number=530,correct=False,payload=[226,2,97,129,197,1,193,192,194,2,96,131,227,33,3,129,196,132,66,130,228,5,230,209,226,6,66,131,71,7,7,131,140,36,108,200,201,157,81,177,219,47,1,139,11,141,25,79,206,76,126,14,182,135,69,199,126,6,71,198,199,7,131,143,72,25,82,16,193,17,252,209,91,122,90,194,203,25,248,173,245,30,70,217,213,16,246,197,242,26,11,158,226,155,103,199,208,40,174,220]
CFO=-561.5995571894412,STO=2
EsN0dB=4.44,GRXdB=10,N0=0.0063095735386013985
packet_number=531,correct=False,payload=[4,128,151,1,170,45,18,3,9,9,41,47,174,13,6,7,146,129,2,155,17,21,66,19,24,41,24,25,30,92,30,71,48,33,34,59,20,8,62,55,44,9,126,9,54,47,188,123,48,24,51,51,52,113,154,19,136,0,58,59,28,30,190,63,160,98,64,67,133,109,67,71,200,73,64,76,78,77,198,79,2,89,115,33,85,17,87,95,216,73,91,91,92,95,94,125,224,75,114,75]
CFO=-1183.9298125318546,STO=3
EsN0dB=3.92,GRXdB=10,N0=0.0063095735386013985
packet_number=532,correct=False,payload=[5,133,3,3,180,13,0,7,144,9,43,11,8,45,46,15,82,5,22,17,22,20,158,23,24,57,58,31,21,29,30,31,40,33,32,39,36,101,38,39,56,57,2,35,164,61,110,175,48,57,50,51,116,1,182,54,56,57,186,59,120,60,60,63,72,67,67,195,68,69,71,197,76,9,106,75,220,221,79,75,80,16,114,67,68,53,118,51,208,89,94,91,126,93,126,91,96,17,226,96]
CFO=-1349.1354874002302,STO=2
EsN0dB=4.50,GRXdB=10,N0=0.0063095735386013985
packet_number=533,correct=False,payload=[130,1,2,3,0,13,150,6,44,15,10,11,68,15,139,15,114,16,2,19,24,45,61,34,72,137,19,17,28,45,14,29,80,113,163,65,35,36,162,39,168,57,106,8,108,79,36,43,59,112,178,82,189,61,55,46,24,41,58,187,60,61,126,63,68,65,67,67,76,5,14,1,236,73,104,67,69,79,78,207,64,89,214,83,80,245,22,31,105,8,203,91,114,76,78,95,96,97,41,99]
CFO=-354.75658667994264,STO=5
EsN0dB=4.75,GRXdB=10,N0=0.0063095735386013985
packet_number=534,correct=False,payload=[8,193,18,3,20,173,68,39,73,65,2,15,12,28,138,3,144,113,152,51,22,84,179,23,16,92,42,27,28,93,158,159,160,33,33,35,38,37,166,119,106,41,40,63,44,45,44,62,17,113,50,51,54,61,150,63,120,57,58,51,60,61,62,175,208,69,2,67,68,197,4,195,218,73,64,67,76,95,110,71,80,73,16,113,21,85,119,215,28,89,90,95,88,77,95,78,225,101,65,99]
CFO=-688.8911009923896,STO=2
EsN0dB=4.53,GRXdB=10,N0=0.0063095735386013985
packet_number=535,correct=False,payload=[56,126,77,40,4,32,132,83,21,26,28,32,68,104,188,50,54,60,4,66,198,104,12,24,84,9,30,96,52,172,100,114,124,120,124,192,44,136,12,144,148,140,156,160,212,172,174,52,37,188,156,192,64,232,238,192,214,88,220,240,228,204,236,116,244,248,121,5,100,64,141,17,5,27,31,33,37,168,36,25,49,249,60,97,70,65,76,193,81,85,137,233,115,104,44,177,244,57,109,243]
CFO=-1091.0918891945332,STO=3
EsN0dB=4.45,GRXdB=10,N0=0.0063095735386013985
packet_number=536,correct=False,payload=[75,163,34,71,4,5,6,79,24,9,139,11,12,13,14,13,150,21,18,27,60,119,22,19,152,157,26,25,60,29,16,15,33,1,32,43,36,5,46,39,8,173,10,11,44,5,63,43,165,48,18,51,52,55,54,55,48,153,186,123,60,21,59,63,64,193,66,67,7,224,86,197,8,105,58,27,79,105,78,207,80,81,90,91,84,208,210,87,88,221,74,83,24,253,127,95,72,65,78,243]
CFO=-1242.6450119813076,STO=1
EsN0dB=4.35,GRXdB=10,N0=0.0063095735386013985
packet_number=537,correct=False,payload=[127,13,184,253,0,64,64,0,162,32,67,23,143,18,130,135,194,3,199,5,200,4,64,133,138,14,137,143,142,15,20,4,246,14,71,7,152,0,49,17,210,0,27,65,178,10,177,83,154,14,131,158,92,90,152,31,15,10,91,25,91,22,159,71,142,30,95,31,192,40,65,177,203,2,69,99,208,70,127,189,199,34,19,1,224,53,46,51,164,14,161,42,255,6,4,1,207,182,7,135]
CFO=-818.2027681061078,STO=5
EsN0dB=4.27,GRXdB=10,N0=0.0063095735386013985
packet_number=538,correct=False,payload=[8,128,2,3,4,5,4,5,65,41,8,79,12,45,76,43,16,27,34,51,4,53,6,21,24,25,28,27,44,25,30,95,112,33,35,35,101,35,38,7,40,41,58,131,172,173,175,43,176,48,54,145,52,149,52,167,120,41,27,107,61,124,30,125,64,193,74,67,69,69,70,71,106,89,72,74,76,197,78,125,80,120,82,83,92,87,150,95,72,217,82,91,92,29,122,127,107,97,230,227]
CFO=-1359.3244458105314,STO=1
EsN0dB=4.22,GRXdB=10,N0=0.0063095735386013985
packet_number=539,correct=False,payload=[118,195,218,117,137,0,64,0,225,225,19,193,224,3,32,0,199,163,83,192,230,78,80,132,128,130,39,197,231,14,70,195,209,2,39,131,24,12,33,201,196,45,56,133,228,5,76,71,67,22,139,79,254,76,46,14,102,156,111,76,224,3,41,135,231,6,15,175,216,8,80,104,56,137,176,152,248,15,74,145,187,147,155,151,214,91,70,188,92,130,249,208,182,11,111,114,94,139,99,142]
CFO=-1070.507050844388,STO=4
EsN0dB=4.49,GRXdB=10,N0=0.0063095735386013985
packet_number=540,correct=False,payload=[66,9,194,6,20,13,134,7,10,9,74,139,14,140,14,15,48,153,50,27,29,53,6,23,24,9,26,55,21,29,30,95,32,9,34,33,36,37,38,39,9,173,106,11,29,45,46,63,48,48,48,19,20,181,246,53,56,57,50,63,60,53,22,23,64,129,2,67,84,119,198,111,72,33,218,104,12,77,74,79,88,80,90,75,85,85,30,87,80,121,122,95,156,157,78,95,113,97,226,99]
CFO=-1094.4297884123578,STO=5
EsN0dB=3.89,GRXdB=10,N0=0.0063095735386013985
packet_number=541,correct=False,payload=[64,1,130,3,36,7,38,67,41,9,42,9,12,93,14,12,48,17,86,51,50,21,54,87,26,57,26,27,16,29,158,30,34,32,34,42,52,37,38,167,44,105,106,41,8,45,46,47,48,113,51,19,20,53,54,119,56,57,120,56,28,117,62,47,100,99,82,67,69,85,70,71,72,73,74,11,69,205,78,198,80,17,82,195,214,21,7,117,124,233,91,27,92,92,78,215,64,101,96,98]
CFO=-855.5570252450383,STO=6
EsN0dB=4.04,GRXdB=10,N0=0.0063095735386013985
packet_number=542,correct=False,payload=[34,33,82,3,36,5,6,55,8,25,12,10,12,9,142,143,24,52,50,147,85,149,118,23,24,88,88,155,28,29,95,15,34,9,34,35,66,45,238,35,40,57,9,47,28,37,46,139,208,35,50,17,32,141,116,55,56,89,122,26,60,209,110,63,192,69,82,66,68,236,69,207,92,41,66,107,12,76,77,77,144,81,214,83,68,21,214,247,216,209,90,27,92,29,94,92,96,115,98,99]
CFO=-1195.124089410617,STO=1
EsN0dB=4.50,GRXdB=10,N0=0.0063095735386013985
packet_number=543,correct=False,payload=[2,161,0,3,36,33,6,71,140,8,12,35,20,5,78,15,112,19,8,57,24,49,6,67,153,88,7,93,28,63,62,175,32,1,166,39,61,37,102,7,182,32,130,49,60,108,174,23,52,57,60,51,35,57,183,50,24,56,253,187,60,159,61,31,104,1,211,97,66,37,67,111,232,96,203,77,110,101,55,71,120,209,114,81,214,99,83,43,154,93,31,17,236,126,94,74,228,33,48,99]
CFO=-1467.9861150437412,STO=7
EsN0dB=4.34,GRXdB=10,N0=0.0063095735386013985
packet_number=544,correct=False,payload=[66,97,3,11,0,45,2,87,8,25,10,11,8,13,15,11,152,31,26,147,148,21,30,187,28,17,26,27,24,29,26,29,40,35,51,35,36,165,38,46,106,1,33,139,46,125,46,47,52,113,50,113,54,181,54,53,40,57,46,59,60,29,62,127,66,35,66,67,68,116,36,71,8,72,74,79,124,77,76,75,80,87,90,83,84,93,6,99,88,81,75,91,92,93,90,127,112,101,34,114]
CFO=3065.347633775487,STO=3
EsN0dB=4.13,GRXdB=10,N0=0.0063095735386013985
packet_number=545,correct=False,payload=[128,33,2,5,52,133,6,133,169,153,138,11,6,13,14,15,16,16,18,83,17,21,54,23,24,17,58,27,156,29,30,28,32,33,34,35,5,43,36,43,40,105,42,74,44,45,46,47,48,33,154,50,52,61,62,99,56,57,56,59,60,61,30,95,81,65,2,99,68,65,71,111,72,9,77,77,100,77,12,199,92,81,90,145,84,87,84,10,64,217,88,219,92,92,86,87,100,96,98,39]
CFO=-752.8608622056654,STO=4
EsN0dB=4.31,GRXdB=10,N0=0.0063095735386013985
packet_number=546,correct=False,payload=[0,197,66,1,92,36,134,7,8,27,72,7,140,9,6,15,80,23,134,19,20,149,19,23,30,14,26,59,20,29,7,31,0,33,34,35,48,37,38,47,40,33,42,131,28,45,46,47,32,41,18,51,60,52,54,51,48,59,54,62,188,53,62,63,68,65,67,195,68,101,230,71,72,90,202,75,76,13,206,15,213,89,82,115,84,85,82,87,24,201,88,75,92,92,94,94,225,37,98,107]
CFO=-1006.4178206104737,STO=4
EsN0dB=4.20,GRXdB=10,N0=0.0063095735386013985
packet_number=547,correct=False,payload=[201,2,2,19,36,7,6,67,12,33,10,75,14,157,70,15,20,5,18,19,6,25,30,55,24,25,26,27,92,157,31,23,44,163,66,35,37,126,6,37,168,169,42,35,108,173,44,159,48,19,186,51,60,21,39,33,56,43,58,27,60,61,42,27,64,65,194,67,68,69,70,71,73,105,72,75,202,77,82,111,80,21,82,115,68,124,20,21,88,93,120,90,220,205,94,27,104,64,98,99]
CFO=-988.0100457684335,STO=7
EsN0dB=4.19,GRXdB=10,N0=0.0063095735386013985
packet_number=548,correct=False,payload=[16,33,130,3,6,7,6,83,138,27,8,139,158,13,78,205,148,49,26,19,20,23,30,39,24,24,159,24,36,253,26,25,4,49,18,35,44,33,4,39,40,33,44,46,60,108,47,15,48,49,49,51,55,53,52,63,57,121,122,27,44,119,62,12,0,65,74,6,64,197,87,183,204,88,74,235,92,29,194,15,144,82,112,82,150,85,212,118,80,113,95,91,92,77,74,79,96,97,102,195]
CFO=-647.3095377976193,STO=6
EsN0dB=4.72,GRXdB=10,N0=0.0063095735386013985
packet_number=549,correct=False,payload=[44,129,35,131,0,68,70,15,10,9,138,11,12,13,13,15,16,17,144,19,20,85,22,23,8,24,26,27,30,29,30,95,57,32,66,99,33,41,38,39,36,123,42,42,44,46,46,59,50,49,18,48,52,53,54,55,56,57,62,55,60,53,60,191,84,192,2,67,0,85,71,71,40,105,75,75,140,73,94,75,84,81,110,115,84,117,84,85,80,89,90,91,84,93,91,95,96,97,98,99]
CFO=-1039.4932488256065,STO=3
EsN0dB=4.11,GRXdB=10,N0=0.0063095735386013985
packet_number=550,correct=False,payload=[4,27,2,35,4,36,143,39,128,9,42,8,4,13,12,15,18,65,26,19,54,21,55,149,24,25,186,10,148,29,21,23,32,0,162,53,228,37,32,39,40,56,106,3,104,169,14,47,56,177,179,179,54,53,22,19,56,25,58,47,58,93,186,43,64,97,130,66,128,5,70,70,76,73,74,75,12,77,79,207,80,81,214,19,68,29,87,127,121,89,184,89,220,93,102,127,96,113,34,99]
CFO=-1561.22566773382,STO=3
EsN0dB=4.55,GRXdB=10,N0=0.0063095735386013985
packet_number=551,correct=False,payload=[64,201,8,1,4,5,70,151,8,9,142,19,4,13,14,15,16,211,50,147,216,5,22,22,24,25,10,155,4,29,30,22,96,33,128,107,52,37,39,167,40,33,10,107,44,173,60,255,136,34,54,50,28,55,62,55,56,57,186,59,0,13,62,5,64,65,194,67,64,69,70,67,104,73,70,11,79,72,79,75,4,85,82,81,84,117,94,87,88,88,26,91,92,92,218,83,228,97,66,243]
CFO=-1148.9338679313478,STO=0
EsN0dB=4.04,GRXdB=10,N0=0.0063095735386013985
packet_number=552,correct=False,payload=[152,121,132,2,66,80,192,0,3,147,130,70,81,129,223,3,131,71,212,44,1,132,201,6,69,131,68,20,47,133,135,134,45,151,232,13,40,144,201,9,157,129,223,73,203,206,147,24,191,131,252,88,12,221,222,57,153,15,154,12,76,141,159,79,207,155,208,50,84,56,214,48,130,49,98,21,129,163,162,50,99,179,60,228,25,176,211,56,221,143,140,100,71,156,145,86,199,15,136,49]
CFO=-1064.8432113388935,STO=1
EsN0dB=4.31,GRXdB=10,N0=0.0063095735386013985
packet_number=553,correct=False,payload=[92,52,72,63,32,1,4,2,12,67,6,6,16,2,22,54,8,157,12,110,104,96,52,62,12,3,12,111,88,176,52,26,25,124,28,60,160,65,78,19,120,106,204,47,113,18,136,29,122,123,15,95,96,50,228,38,112,114,110,100,160,184,52,102,60,124,126,63,130,194,131,149,192,76,196,3,144,195,56,30,141,91,174,207,162,227,110,39,136,34,128,254,176,32,12,27,220,56,126,182]
CFO=-869.1682523105678,STO=7
EsN0dB=4.66,GRXdB=10,N0=0.0063095735386013985
packet_number=554,correct=False,payload=[207,138,23,75,208,0,68,128,227,1,5,193,194,211,10,164,195,1,65,130,196,4,68,128,196,3,197,137,198,130,4,150,102,15,70,143,221,42,72,138,75,9,73,136,194,8,106,10,203,15,75,131,220,12,92,140,221,13,77,159,206,12,79,142,95,47,206,141,212,20,82,144,209,17,73,147,218,58,82,144,195,18,19,211,222,0,81,148,197,21,93,149,214,18,22,22,212,29,87,183]
CFO=-6.412230562507341,STO=6
EsN0dB=4.63,GRXdB=10,N0=0.0063095735386013985
packet_number=555,correct=False,payload=[17,161,224,64,224,192,193,129,65,129,198,2,10,166,203,147,87,3,64,5,70,132,135,68,70,133,198,86,102,132,199,7,3,135,136,12,64,216,201,8,73,129,144,14,104,128,219,43,71,143,204,72,76,158,207,13,13,141,196,14,70,175,207,15,79,143,240,16,64,178,211,19,80,129,210,82,146,130,215,19,95,147,196,20,76,148,209,144,85,149,210,20,214,22,247,20,87,134,217,24]
CFO=-622.2586332198667,STO=6
EsN0dB=4.24,GRXdB=10,N0=0.0063095735386013985
packet_number=556,correct=False,payload=[4,33,2,131,4,5,2,6,9,1,128,9,44,69,14,15,20,17,54,179,84,21,22,23,24,24,18,26,62,29,158,30,161,35,98,35,4,125,38,7,1,107,170,75,44,45,46,171,112,55,50,53,52,117,22,175,184,41,50,63,116,61,62,155,2,65,75,75,80,69,70,71,72,75,74,75,12,77,70,222,80,16,82,82,84,85,86,87,96,124,90,114,92,124,122,95,96,99,98,101]
CFO=-1116.5601942215646,STO=6
EsN0dB=4.67,GRXdB=10,N0=0.0063095735386013985
packet_number=557,correct=False,payload=[1,1,2,3,16,141,134,7,72,25,206,11,12,13,70,11,4,81,90,71,22,85,22,39,26,25,30,19,108,29,62,27,82,33,96,97,36,5,39,37,45,47,40,33,44,13,110,47,16,97,178,35,61,37,54,55,176,169,58,51,29,61,46,59,65,73,66,67,196,69,86,87,200,9,72,75,68,77,14,13,81,80,82,82,84,199,86,215,88,201,86,91,92,92,90,95,96,97,66,99]
CFO=-214.52158241801467,STO=6
EsN0dB=4.54,GRXdB=10,N0=0.0063095735386013985
packet_number=558,correct=False,payload=[208,128,128,11,5,5,2,135,8,73,8,75,40,9,15,15,81,23,18,19,52,197,55,22,56,155,154,11,157,29,30,22,52,33,34,3,36,37,164,39,56,9,63,171,44,9,142,47,48,53,114,59,180,21,60,167,56,121,59,59,108,124,60,47,0,70,66,67,68,69,68,70,192,233,74,107,76,77,239,93,88,89,83,131,212,85,86,213,88,89,222,123,29,9,30,251,224,97,98,67]
CFO=-1375.7555567919894,STO=1
EsN0dB=4.49,GRXdB=10,N0=0.0063095735386013985
packet_number=559,correct=False,payload=[153,32,248,0,6,0,76,16,70,28,28,16,54,4,54,48,44,36,62,8,98,88,74,80,18,60,94,98,82,116,38,112,28,24,37,192,214,128,140,145,212,24,236,162,178,48,212,16,214,137,248,172,80,238,30,64,108,76,84,244,114,180,183,121,56,120,238,0,21,43,47,19,148,129,56,128,35,34,177,16,28,60,24,7,129,6,255,137,159,77,10,96,181,172,119,32,124,122,16,129]
CFO=-672.463843850307,STO=6
EsN0dB=4.04,GRXdB=10,N0=0.0063095735386013985
packet_number=560,correct=False,payload=[0,16,32,112,66,64,97,50,0,208,160,112,192,208,192,121,1,17,161,51,67,81,65,225,133,155,129,176,195,209,193,114,2,147,160,58,113,19,98,242,18,0,42,146,130,210,226,231,2,82,39,20,47,83,35,115,129,147,171,179,195,227,227,246,148,52,12,52,228,156,5,117,164,146,132,182,98,212,228,241,81,21,109,20,69,93,229,245,149,245,37,181,101,85,228,118,2,31,142,20]
CFO=-693.7478279529937,STO=6
EsN0dB=4.35,GRXdB=10,N0=0.0063095735386013985
packet_number=561,correct=False,payload=[191,12,208,24,65,132,205,1,65,131,210,66,80,170,67,3,83,3,164,12,92,140,197,5,97,134,198,6,102,198,7,7,103,135,204,72,93,200,201,129,15,137,202,8,75,138,203,25,73,139,202,8,76,156,207,1,77,141,202,74,204,140,79,15,79,143,144,34,88,156,209,17,89,35,210,66,82,151,211,19,83,183,214,20,81,28,209,4,84,145,214,22,86,148,213,151,95,151,200,24]
CFO=-106.91370109464188,STO=1
EsN0dB=4.12,GRXdB=10,N0=0.0063095735386013985
packet_number=562,correct=False,payload=[18,64,147,7,77,12,7,31,42,163,10,23,8,13,14,15,56,33,50,2,52,19,54,183,24,29,28,1,56,31,94,28,32,33,38,103,144,98,14,42,40,108,43,1,4,104,45,79,52,49,50,227,1,89,118,56,58,56,61,59,184,187,60,59,128,115,2,66,76,85,70,3,196,8,10,67,72,77,70,79,208,17,114,214,84,248,114,194,24,201,252,121,92,92,91,31,42,165,226,73]
CFO=-700.5503287693399,STO=1
EsN0dB=4.67,GRXdB=10,N0=0.0063095735386013985
packet_number=563,correct=False,payload=[252,138,137,26,8,24,117,8,54,101,12,8,56,240,36,32,56,192,134,64,72,177,100,154,56,96,204,240,224,112,120,120,121,1,129,144,8,2,132,152,49,176,51,8,121,177,180,176,173,162,193,170,220,240,212,156,153,168,237,185,249,226,230,248,255,65,26,8,95,17,56,27,27,35,97,187,1,83,229,253,61,97,79,129,155,146,221,8,25,67,67,105,125,240,103,250,117,139,1,137]
CFO=-444.8377697772559,STO=5
EsN0dB=4.76,GRXdB=10,N0=0.0063095735386013985
packet_number=564,correct=False,payload=[8,17,34,3,164,21,7,7,8,137,10,75,12,11,12,14,80,17,20,51,20,149,22,147,28,24,30,27,12,13,28,31,32,33,58,38,36,0,6,35,41,41,58,43,44,47,14,173,40,121,54,163,36,55,50,179,56,59,58,59,184,173,62,190,192,65,70,99,68,215,66,131,72,73,90,91,76,205,78,207,80,81,82,211,21,21,94,87,81,88,89,91,92,121,94,95,96,193,118,227]
CFO=-713.6452006483968,STO=2
EsN0dB=4.57,GRXdB=10,N0=0.0063095735386013985
packet_number=565,correct=False,payload=[16,0,129,11,5,101,78,65,72,9,14,27,68,7,134,1,4,28,50,16,32,5,86,17,9,25,59,59,60,29,142,158,225,37,2,65,48,129,166,131,73,25,34,11,44,47,174,47,146,49,114,51,180,20,54,55,172,57,63,59,40,13,190,59,112,96,18,83,38,101,86,103,73,105,72,203,74,15,142,79,153,65,82,81,86,80,16,87,88,185,218,91,24,221,91,31,112,41,102,98]
CFO=-1333.2445068296995,STO=6
EsN0dB=4.48,GRXdB=10,N0=0.0063095735386013985
packet_number=566,correct=False,payload=[32,193,54,30,92,33,22,3,0,25,10,11,13,13,30,47,33,51,80,83,20,21,22,127,16,25,26,59,4,13,62,148,0,35,34,33,36,69,102,35,56,57,42,81,42,47,46,63,146,49,54,35,52,53,54,23,56,57,51,59,53,60,46,122,98,199,66,115,196,133,82,71,70,72,72,99,76,79,78,79,82,113,218,67,212,84,87,215,24,89,18,91,30,157,12,95,96,99,106,98]
CFO=-571.5134700480089,STO=1
EsN0dB=4.39,GRXdB=10,N0=0.0063095735386013985
packet_number=567,correct=False,payload=[20,7,174,160,0,193,208,3,19,67,5,146,4,196,55,135,135,195,5,128,24,81,41,129,13,197,4,18,15,7,8,238,151,195,7,64,84,184,95,209,3,81,193,190,20,207,149,221,1,215,148,152,8,72,25,48,26,219,29,220,44,220,8,141,14,15,139,160,96,33,28,200,36,163,19,228,40,160,84,247,65,210,183,196,40,185,213,132,10,191,61,222,132,130,37,142,10,29,191,184]
CFO=-355.19144798608374,STO=4
EsN0dB=4.43,GRXdB=10,N0=0.0063095735386013985
packet_number=568,correct=False,payload=[4,1,2,2,4,21,4,70,136,73,138,139,70,13,10,15,17,17,2,23,21,11,22,23,88,29,26,11,28,157,62,15,33,33,70,163,100,101,38,166,41,41,42,43,44,13,46,47,32,33,50,35,48,5,54,55,56,61,56,51,12,55,62,61,73,65,194,83,68,69,6,71,104,73,74,73,76,77,79,111,22,20,82,83,116,247,82,85,74,81,122,93,212,89,94,255,98,97,114,115]
CFO=-1389.4669243914439,STO=4
EsN0dB=4.50,GRXdB=10,N0=0.0063095735386013985
packet_number=569,correct=False,payload=[32,3,10,11,160,1,6,15,137,9,138,11,45,141,14,15,146,17,146,151,16,23,30,23,24,24,24,27,28,13,158,222,32,96,162,35,38,165,172,167,24,40,42,42,108,109,44,47,53,181,114,43,52,49,59,23,56,57,106,59,61,61,63,63,192,65,74,83,69,77,70,71,72,73,74,75,76,111,12,7,82,81,82,115,84,21,87,95,72,89,90,91,28,101,95,87,112,105,110,171]
CFO=-970.2682143704695,STO=1
EsN0dB=4.13,GRXdB=10,N0=0.0063095735386013985
packet_number=570,correct=False,payload=[194,15,196,93,165,225,208,96,128,192,17,225,192,193,1,0,199,203,131,3,148,236,38,102,199,82,3,194,150,199,50,35,142,75,11,131,67,200,137,48,4,141,132,165,132,175,45,109,129,232,141,165,143,166,68,86,78,38,135,69,212,167,15,45,143,215,47,139,206,200,24,40,29,104,138,160,139,40,11,64,66,77,1,113,139,169,4,101,132,108,164,204,204,154,15,55,19,234,3,87]
CFO=-1237.5216586257595,STO=5
EsN0dB=4.48,GRXdB=10,N0=0.0063095735386013985
packet_number=571,correct=False,payload=[16,37,66,32,5,69,38,3,136,9,138,26,152,73,142,15,18,5,18,115,148,16,22,7,8,9,90,91,29,29,132,31,32,97,98,35,36,39,110,39,40,40,40,43,44,109,63,63,52,17,48,49,52,117,54,247,56,56,60,51,52,61,62,62,96,73,2,67,12,69,102,87,74,75,74,73,13,89,78,79,4,80,211,113,148,85,86,78,73,27,90,127,92,77,62,93,160,112,242,101]
CFO=-557.3263608001154,STO=0
EsN0dB=4.29,GRXdB=10,N0=0.0063095735386013985
packet_number=572,correct=False,payload=[49,114,62,8,0,135,129,2,128,3,54,128,29,64,35,156,5,135,7,24,28,222,81,6,30,151,3,28,8,168,5,140,4,198,3,160,81,242,67,14,129,146,7,134,17,41,2,156,62,182,181,25,16,136,27,149,25,191,58,60,188,254,25,14,23,190,63,224,41,225,97,4,99,131,163,234,104,96,45,132,37,231,7,80,98,201,186,253,154,234,103,188,45,129,87,236,95,47,13,49]
CFO=-1358.6207940304123,STO=3
EsN0dB=4.30,GRXdB=10,N0=0.0063095735386013985
packet_number=573,correct=False,payload=[0,13,18,82,133,5,4,27,8,9,8,11,13,141,10,15,16,25,146,83,20,21,150,7,88,27,26,27,92,220,127,31,64,37,2,3,36,37,47,41,42,57,170,43,100,44,111,45,48,49,58,7,52,55,54,55,56,61,51,106,28,61,191,191,64,67,82,35,4,68,198,207,104,192,106,99,77,77,94,111,16,112,240,115,84,85,92,87,89,89,122,90,94,93,94,121,98,1,100,99]
CFO=-1302.5565617525706,STO=0
EsN0dB=4.21,GRXdB=10,N0=0.0063095735386013985
packet_number=574,correct=False,payload=[226,228,130,112,0,0,98,160,0,16,66,240,64,49,160,244,148,211,232,227,33,49,35,181,192,96,194,161,129,241,195,241,203,193,225,240,4,146,2,7,70,6,104,102,38,129,162,162,128,223,231,243,67,51,115,51,66,86,207,99,135,245,69,178,227,223,211,252,4,4,140,29,236,84,96,124,205,28,100,164,196,92,229,246,9,28,9,53,69,83,97,119,139,153,47,177,129,133,237,255]
CFO=-1049.6490049274423,STO=4
EsN0dB=4.30,GRXdB=10,N0=0.0063095735386013985
packet_number=575,correct=False,payload=[0,1,2,9,68,4,4,71,0,29,10,11,14,205,14,139,56,59,26,23,84,5,22,54,88,25,27,31,22,61,14,29,34,33,98,35,134,37,2,111,42,41,106,46,42,37,110,15,56,113,48,51,52,116,62,55,50,57,186,59,28,189,54,191,65,69,66,74,68,69,102,71,72,201,106,73,68,93,74,74,16,88,18,99,68,85,118,231,90,17,82,203,84,92,126,79,113,101,18,99]
CFO=-409.8163601919531,STO=5
EsN0dB=4.36,GRXdB=10,N0=0.0063095735386013985
packet_number=576,correct=False,payload=[1,33,2,43,6,69,4,7,41,137,94,31,76,13,2,31,16,17,19,3,24,21,23,31,27,153,26,27,92,28,30,94,36,169,2,51,68,38,38,39,42,33,43,43,172,45,38,41,24,48,50,51,52,117,102,63,60,57,58,57,60,53,126,127,66,225,66,67,75,101,18,86,108,73,74,111,20,111,34,15,18,80,154,83,84,85,22,79,80,89,120,219,204,93,92,95,96,65,98,34]
CFO=-739.9116654550002,STO=4
EsN0dB=4.29,GRXdB=10,N0=0.0063095735386013985
packet_number=577,correct=False,payload=[34,1,138,67,5,5,6,7,10,41,6,11,8,12,14,143,48,16,147,27,84,21,22,27,136,59,58,139,28,29,14,31,32,33,34,7,6,37,38,39,42,41,42,41,44,45,126,143,48,53,50,51,60,39,23,55,96,113,58,57,120,53,54,47,77,1,74,65,71,73,86,71,74,233,70,91,76,108,76,79,82,149,146,97,20,85,86,67,88,89,90,83,93,205,74,87,96,97,98,107]
CFO=-1212.4584217620054,STO=3
EsN0dB=4.28,GRXdB=10,N0=0.0063095735386013985
packet_number=578,correct=False,payload=[1,133,1,129,37,5,38,1,40,11,26,11,14,93,46,15,17,17,86,2,36,53,22,87,24,8,8,11,124,93,31,31,42,105,106,226,132,183,102,38,168,72,46,43,142,60,167,11,49,113,2,179,26,21,54,55,56,57,190,63,60,60,62,63,2,65,99,67,64,204,68,67,88,73,107,75,76,76,222,79,80,81,86,115,84,85,94,95,88,122,24,31,212,93,78,87,120,32,224,99]
CFO=-887.7034410113438,STO=4
EsN0dB=4.22,GRXdB=10,N0=0.0063095735386013985
packet_number=579,correct=False,payload=[37,201,112,96,80,32,16,192,80,96,88,192,24,32,176,192,208,224,241,1,17,33,17,193,81,97,113,147,129,161,249,193,209,231,178,2,90,184,54,66,83,98,235,130,144,162,178,138,216,226,213,67,19,39,49,69,67,50,122,131,19,7,179,195,247,195,181,12,18,36,53,100,116,100,116,133,150,164,38,6,212,228,229,69,23,33,53,101,247,100,125,164,21,131,148,197,221,229,247,6]
CFO=-1616.4663641820482,STO=2
EsN0dB=4.19,GRXdB=10,N0=0.0063095735386013985
packet_number=580,correct=False,payload=[81,87,238,151,180,192,194,0,4,192,3,85,130,198,2,3,2,144,39,227,137,212,164,68,134,65,6,97,131,135,102,70,134,71,33,15,135,196,73,64,137,104,131,232,137,232,130,64,0,237,67,9,195,44,4,12,198,236,139,87,133,207,142,110,198,199,14,207,239,240,30,17,27,203,19,193,208,193,16,115,208,211,18,83,147,118,17,24,210,87,29,31,213,239,2,14,150,210,19,103]
CFO=-652.288876140199,STO=1
EsN0dB=4.30,GRXdB=10,N0=0.0063095735386013985
packet_number=581,correct=False,payload=[203,168,0,48,112,104,64,112,224,224,129,49,133,233,192,177,193,227,16,69,64,40,199,98,96,115,19,55,131,243,129,227,225,228,4,22,53,28,2,96,100,101,129,53,1,113,133,131,97,224,2,118,82,114,166,54,70,111,135,5,71,166,135,247,231,248,12,45,76,43,0,56,232,229,14,12,1,38,201,168,157,236,74,26,65,102,70,162,204,15,139,23,43,97,143,217,251,164,69,52]
CFO=-352.0650652601345,STO=3
EsN0dB=4.92,GRXdB=10,N0=0.0063095735386013985
packet_number=582,correct=False,payload=[0,1,18,3,2,41,2,2,8,25,202,11,52,4,40,15,16,3,130,18,20,87,50,82,24,25,24,3,28,29,26,94,99,129,160,35,38,165,38,39,40,81,167,43,94,253,52,47,24,240,40,59,116,61,2,55,56,57,58,59,15,137,158,31,96,65,138,67,70,65,194,3,68,1,74,107,76,93,143,7,64,81,82,87,68,93,82,87,24,89,202,127,84,31,218,207,224,104,98,47]
CFO=-1181.8307151588065,STO=0
EsN0dB=4.46,GRXdB=10,N0=0.0063095735386013985
packet_number=583,correct=False,payload=[16,131,2,135,68,15,22,79,8,65,8,47,12,29,29,15,128,146,34,115,81,20,4,25,49,17,24,50,56,16,142,59,160,162,110,38,100,47,22,99,40,57,188,35,45,43,62,15,32,119,226,98,48,100,22,79,60,25,122,63,60,125,46,62,198,193,70,83,12,5,76,71,90,88,192,31,92,123,79,223,192,250,18,73,120,21,26,95,89,50,212,146,30,90,94,159,100,97,98,3]
CFO=-764.7972106786281,STO=5
EsN0dB=4.12,GRXdB=10,N0=0.0063095735386013985
packet_number=584,correct=False,payload=[128,128,141,9,147,66,135,1,132,4,133,149,230,6,135,7,152,0,137,29,138,24,171,137,200,4,165,44,142,14,191,7,144,16,153,17,144,18,211,19,180,54,53,5,151,6,151,159,136,56,57,27,208,26,155,3,156,30,156,17,174,28,159,31,176,32,173,33,162,19,162,35,164,4,165,36,166,6,103,36,40,42,169,41,170,104,171,43,172,44,167,44,170,174,175,63,178,112,146,49]
CFO=-1244.5095587609826,STO=1
EsN0dB=4.04,GRXdB=10,N0=0.0063095735386013985
packet_number=585,correct=False,payload=[118,91,145,252,16,12,8,140,8,17,16,41,32,34,56,14,49,20,56,14,64,228,232,100,208,44,57,72,50,96,108,44,114,16,124,56,132,128,128,28,132,22,204,220,164,210,36,172,176,179,184,222,192,4,64,6,200,212,232,121,248,118,96,237,96,124,240,85,149,5,65,132,19,76,28,156,40,164,168,5,56,176,121,25,97,230,136,231,240,144,185,188,129,164,65,61,120,189,251,124]
CFO=-1221.727083329451,STO=6
EsN0dB=4.33,GRXdB=10,N0=0.0063095735386013985
packet_number=586,correct=False,payload=[139,69,132,128,65,132,129,145,65,129,194,198,143,138,199,1,67,130,196,20,66,132,199,13,39,133,198,198,70,130,103,131,103,15,97,20,72,136,203,1,4,137,74,10,138,12,203,75,79,167,204,12,66,73,141,12,93,141,238,14,46,206,207,12,79,175,212,16,92,132,147,144,81,19,242,18,66,154,211,50,83,211,220,24,84,212,215,20,117,180,206,22,215,148,199,23,87,151,80,24]
CFO=-485.7876294085548,STO=4
EsN0dB=4.38,GRXdB=10,N0=0.0063095735386013985
packet_number=587,correct=False,payload=[0,65,70,3,68,117,22,15,8,9,10,27,28,45,6,15,16,48,18,19,4,21,54,85,18,9,10,59,20,29,14,95,96,162,34,163,100,39,34,38,40,185,170,35,108,165,174,47,112,161,48,51,52,52,54,119,56,57,10,59,60,61,62,247,192,65,66,75,108,5,6,71,96,201,202,75,69,204,78,95,86,81,90,83,84,69,2,23,89,81,90,123,92,24,94,95,1,65,98,99]
CFO=-1282.0567450280312,STO=4
EsN0dB=3.97,GRXdB=10,N0=0.0063095735386013985
packet_number=588,correct=False,payload=[0,1,134,3,132,5,6,7,8,9,40,1,142,13,12,155,24,1,155,153,84,29,23,23,16,249,26,219,56,29,30,31,162,17,34,51,36,102,62,7,156,111,46,41,40,45,46,47,48,17,54,59,188,63,62,55,58,49,18,171,44,157,62,187,64,1,10,75,15,100,198,71,73,73,202,81,76,109,78,14,67,69,90,87,80,87,118,87,72,89,90,91,124,93,87,95,193,69,32,103]
CFO=-1356.6910284305377,STO=7
EsN0dB=4.41,GRXdB=10,N0=0.0063095735386013985
packet_number=589,correct=False,payload=[0,17,2,7,68,5,6,3,8,72,14,10,28,29,56,15,17,0,18,147,20,149,22,53,24,124,74,19,120,12,94,31,10,32,34,163,39,18,44,39,170,60,34,11,44,12,38,45,176,115,72,55,101,21,60,39,24,61,26,41,60,120,60,127,96,65,66,195,68,69,196,71,72,73,216,91,69,69,66,139,114,89,82,83,117,6,23,95,90,73,90,27,24,145,30,159,224,107,96,117]
CFO=-642.0111015547532,STO=0
EsN0dB=4.13,GRXdB=10,N0=0.0063095735386013985
packet_number=590,correct=False,payload=[172,111,208,0,101,2,193,73,73,129,226,26,82,195,23,5,11,139,200,70,68,133,196,0,101,135,2,30,100,6,215,7,7,167,200,72,216,8,49,99,193,161,208,42,102,146,139,137,207,3,140,174,220,141,237,28,205,141,140,10,232,142,175,11,79,15,212,0,153,130,215,129,225,179,208,35,248,147,206,11,19,3,164,128,112,155,218,5,25,137,214,82,94,176,143,134,87,207,217,113]
CFO=-557.2112199375445,STO=1
EsN0dB=4.36,GRXdB=10,N0=0.0063095735386013985
packet_number=591,correct=False,payload=[76,96,118,0,6,36,6,0,26,4,19,33,144,22,23,8,31,31,30,33,16,38,39,12,42,180,14,22,50,26,178,45,47,30,222,192,10,100,194,0,66,10,46,64,82,38,212,94,218,29,94,112,98,36,54,89,40,124,127,93,249,52,103,92,110,85,62,193,193,40,134,138,64,153,174,144,129,135,217,140,150,17,158,225,129,162,128,137,74,254,166,185,17,212,222,184,251,30,254,128]
CFO=-641.8388645795892,STO=2
EsN0dB=4.36,GRXdB=10,N0=0.0063095735386013985
packet_number=592,correct=False,payload=[4,1,2,67,172,133,7,1,1,203,138,3,13,45,14,15,16,0,150,49,96,21,22,39,136,25,94,219,12,5,30,27,33,33,34,51,50,53,46,39,56,33,42,43,47,60,46,63,24,56,32,35,52,49,54,5,57,125,55,45,244,21,58,23,192,169,18,65,32,197,71,199,84,41,66,75,76,77,78,95,88,209,83,71,64,69,82,67,72,89,222,73,88,90,94,127,224,105,50,35]
CFO=-812.1962926352182,STO=4
EsN0dB=4.12,GRXdB=10,N0=0.0063095735386013985
packet_number=593,correct=False,payload=[8,97,2,131,148,5,86,7,8,15,10,11,12,13,11,31,16,145,26,131,20,21,18,23,26,25,26,27,4,157,124,31,32,37,48,162,165,45,38,103,40,233,42,123,108,61,46,15,32,33,51,35,52,5,22,55,57,25,58,187,46,189,58,127,80,65,98,3,37,5,100,199,88,100,74,195,69,77,110,79,88,87,82,83,84,79,86,145,88,81,90,73,92,84,86,95,98,105,96,99]
CFO=-939.1372556346746,STO=2
EsN0dB=4.41,GRXdB=10,N0=0.0063095735386013985
packet_number=594,correct=False,payload=[18,1,10,35,12,5,22,19,20,107,4,11,8,133,15,79,17,16,65,35,132,53,86,23,26,91,30,27,29,15,26,30,0,33,46,35,228,37,38,39,232,41,171,51,44,237,46,47,0,49,54,19,54,53,54,39,56,57,58,59,188,29,46,26,66,97,66,67,6,11,6,71,76,217,106,203,72,111,110,79,18,81,250,83,84,68,82,3,76,217,82,219,100,77,126,207,224,97,104,99]
CFO=-1220.8639418890255,STO=3
EsN0dB=4.28,GRXdB=10,N0=0.0063095735386013985
packet_number=595,correct=False,payload=[32,41,2,19,70,71,70,6,10,13,95,11,4,12,78,79,16,1,18,91,28,20,12,151,24,9,90,31,28,25,31,79,40,33,106,33,20,97,44,39,41,25,34,7,77,77,42,45,21,49,30,55,48,117,54,55,40,59,190,27,60,61,22,63,64,71,64,81,68,69,70,67,0,89,194,203,72,79,75,203,80,81,80,83,212,93,215,87,216,81,90,89,92,76,63,30,240,97,226,113]
CFO=-310.2152451999153,STO=4
EsN0dB=1.64,GRXdB=10,N0=0.009999999776482582
packet_number=596,correct=False,payload=[20,3,138,193,12,3,6,17,168,9,74,138,8,77,15,39,82,179,18,83,22,159,148,27,184,113,24,146,4,20,22,58,41,40,2,11,38,37,66,7,45,169,142,43,116,173,72,188,48,248,35,19,51,181,54,52,61,41,126,187,62,45,190,191,72,1,216,199,118,5,68,87,88,108,10,76,68,15,142,207,80,72,38,51,212,93,28,81,82,74,219,90,125,76,62,85,104,101,66,106]
CFO=-1003.257790902285,STO=0
EsN0dB=2.36,GRXdB=10,N0=0.009999999776482582
packet_number=597,correct=False,payload=[9,197,211,16,4,195,192,137,65,88,237,130,67,65,97,5,175,137,174,2,70,194,4,146,96,133,102,70,214,218,111,219,98,165,77,5,32,202,97,201,5,217,12,13,103,229,233,79,112,237,212,190,22,85,206,132,67,157,167,6,32,197,10,151,175,2,205,48,13,152,73,137,137,152,98,24,32,151,107,35,195,147,235,0,7,216,114,136,123,199,58,13,35,231,89,151,38,223,124,92]
CFO=129.46601338070462,STO=5
EsN0dB=2.37,GRXdB=10,N0=0.009999999776482582
packet_number=598,correct=False,payload=[16,57,0,0,4,1,6,39,74,13,138,195,142,13,14,21,56,17,50,18,60,151,87,60,82,89,250,187,92,29,18,18,33,128,32,59,52,33,54,183,40,29,42,47,33,45,34,123,113,33,187,115,52,148,119,87,56,60,106,51,187,53,58,61,64,97,11,67,69,77,78,67,216,129,88,79,140,28,98,107,72,83,86,82,220,70,199,195,26,121,94,89,92,84,22,87,82,67,35,51]
CFO=-924.3826833612065,STO=5
EsN0dB=2.35,GRXdB=10,N0=0.009999999776482582
packet_number=599,correct=False,payload=[0,7,2,3,134,69,20,86,24,89,10,203,204,41,14,47,10,25,26,19,116,32,50,23,152,253,10,27,29,157,158,221,90,41,98,41,32,125,38,37,160,57,170,42,8,205,42,183,112,33,250,55,101,117,22,135,184,25,210,57,44,180,62,170,0,193,112,71,76,69,4,71,4,25,82,95,212,13,78,203,83,149,67,18,84,81,20,94,90,11,74,75,124,93,94,223,96,102,34,203]
CFO=-1690.550912220107,STO=5
EsN0dB=2.37,GRXdB=10,N0=0.009999999776482582
packet_number=600,correct=False,payload=[1,193,9,155,18,167,138,132,44,7,29,134,70,167,198,136,136,139,73,138,2,7,43,249,13,143,9,90,10,11,11,194,50,129,113,146,86,147,19,183,28,151,181,213,86,183,115,185,89,153,11,248,29,17,89,156,124,189,55,157,14,23,23,146,32,225,49,130,18,167,235,189,5,133,37,130,167,199,40,0,32,129,104,170,38,241,66,173,156,171,45,140,54,47,111,241,72,164,3,197]
CFO=-1581.680542762258,STO=6
EsN0dB=2.32,GRXdB=10,N0=0.009999999776482582
packet_number=601,correct=False,payload=[176,157,10,35,6,149,2,7,8,38,195,10,18,13,42,47,153,48,115,95,148,85,30,5,124,88,91,89,21,31,15,39,104,51,42,34,254,101,163,37,0,233,30,170,44,44,214,163,190,49,50,181,56,166,118,126,56,176,26,58,29,56,63,95,64,71,66,103,76,77,64,22,216,74,108,91,73,143,46,15,69,112,82,27,85,81,113,124,30,88,91,89,124,93,94,62,244,109,102,115]
CFO=-1703.470049023644,STO=4
EsN0dB=2.55,GRXdB=10,N0=0.009999999776482582
packet_number=602,correct=False,payload=[33,129,227,131,68,77,67,6,10,73,137,11,12,5,78,7,152,22,82,27,28,23,22,117,152,29,195,43,9,31,30,78,32,167,34,99,77,165,100,143,56,104,26,109,44,60,44,143,116,177,34,179,182,41,178,31,56,41,26,59,28,125,54,253,241,225,50,67,68,109,230,215,74,81,75,139,108,40,78,221,192,149,66,83,116,87,214,199,120,75,70,103,124,117,214,223,96,193,226,71]
CFO=-1090.9569455265564,STO=5
EsN0dB=2.25,GRXdB=10,N0=0.009999999776482582
packet_number=603,correct=False,payload=[21,137,2,35,69,144,6,7,10,139,10,59,108,13,74,142,64,1,46,157,20,53,18,19,30,40,27,59,158,175,26,30,52,65,160,39,100,129,38,39,40,41,170,43,44,38,47,119,116,49,42,33,52,29,62,117,56,57,34,119,60,246,30,246,192,104,75,66,68,113,38,77,88,65,74,9,108,73,78,31,192,51,82,91,198,119,86,71,89,112,26,90,202,92,102,94,105,209,123,3]
CFO=-919.2840538674978,STO=0
EsN0dB=2.92,GRXdB=10,N0=0.009999999776482582
packet_number=604,correct=False,payload=[83,227,2,41,6,38,36,43,142,174,89,19,74,86,184,53,23,7,24,243,114,98,176,23,40,60,24,149,112,54,56,31,26,54,12,9,34,130,160,74,231,238,180,160,196,189,108,28,236,15,36,32,116,114,48,100,62,57,40,48,32,23,58,254,26,68,1,65,70,6,192,132,158,74,56,114,200,71,216,76,240,214,0,112,112,245,29,18,205,99,90,216,62,26,230,206,12,55,97,102]
CFO=-6.041402743036926,STO=2
EsN0dB=2.03,GRXdB=10,N0=0.009999999776482582
packet_number=605,correct=False,payload=[182,128,0,38,3,14,5,34,6,40,17,27,43,172,17,60,175,17,251,48,17,148,11,142,107,26,0,59,51,28,156,127,159,46,49,98,15,36,53,39,166,42,57,6,38,52,193,4,173,54,121,242,177,122,52,34,149,40,24,26,27,220,62,21,63,100,194,64,163,4,38,198,203,72,13,64,9,76,69,239,93,32,241,91,115,116,133,148,31,74,91,10,83,38,93,94,143,104,99,234]
CFO=-1129.0903896973646,STO=7
EsN0dB=2.55,GRXdB=10,N0=0.009999999776482582
packet_number=606,correct=False,payload=[0,1,4,3,76,13,78,135,44,9,10,67,13,45,44,14,16,16,50,137,80,21,209,23,16,11,90,43,22,25,140,159,3,48,54,161,96,108,100,63,10,1,46,43,0,117,46,111,146,63,3,115,118,53,54,38,48,123,248,187,252,28,54,251,66,99,96,139,230,225,199,13,9,68,14,201,108,79,206,196,176,64,78,82,84,212,87,234,80,153,26,251,124,93,144,127,193,42,32,227]
CFO=-917.9869701133974,STO=4
EsN0dB=2.29,GRXdB=10,N0=0.009999999776482582
packet_number=607,correct=False,payload=[157,47,160,16,200,128,193,1,73,176,208,12,72,130,193,51,193,194,132,21,76,132,69,34,197,131,194,2,66,214,133,69,69,133,202,72,104,146,201,88,64,17,222,58,92,154,200,15,107,3,156,64,68,156,201,45,68,137,150,4,94,174,207,13,78,31,176,28,80,72,209,17,25,161,155,26,82,58,210,1,83,211,240,84,68,180,221,25,81,21,210,92,119,86,255,95,150,157,249,8]
CFO=-986.9766239174498,STO=1
EsN0dB=2.84,GRXdB=10,N0=0.009999999776482582
packet_number=608,correct=False,payload=[159,252,0,1,128,230,129,240,131,226,16,81,80,3,64,65,2,21,132,94,130,72,193,111,7,195,6,58,2,3,7,233,207,224,28,14,44,107,142,201,131,148,9,44,194,69,15,174,0,238,13,109,78,36,140,3,206,206,10,95,72,239,231,239,23,232,24,102,145,73,73,239,152,210,31,82,242,67,16,83,145,225,16,97,144,217,172,7,220,253,170,54,223,119,69,0,223,168,7,92]
CFO=-823.5769767600789,STO=0
EsN0dB=2.45,GRXdB=10,N0=0.009999999776482582
packet_number=609,correct=False,payload=[52,67,88,180,56,96,79,32,62,157,254,96,240,176,34,80,8,128,50,0,133,106,236,34,48,192,121,144,217,96,113,208,250,34,1,169,48,139,112,161,248,37,43,193,67,225,74,240,25,1,156,36,89,87,36,163,49,181,145,210,209,209,201,105,250,112,22,178,79,1,87,54,250,162,216,209,243,224,104,181,112,128,50,244,87,196,163,178,184,98,23,21,144,226,247,166,222,7,71,199]
CFO=-1115.9573351635725,STO=6
EsN0dB=2.61,GRXdB=10,N0=0.009999999776482582
packet_number=610,correct=False,payload=[0,29,6,75,4,37,198,3,169,1,74,138,148,25,14,38,144,114,82,18,21,21,86,7,24,24,218,74,36,21,26,31,20,168,166,3,4,53,43,164,8,33,10,43,60,235,14,46,32,49,51,50,116,188,183,55,24,60,42,143,12,47,62,47,82,107,91,195,68,148,134,83,80,65,203,139,44,72,70,95,84,80,68,66,92,81,150,83,76,90,194,11,60,27,133,94,40,65,98,67]
CFO=-160.16852893516443,STO=3
EsN0dB=1.53,GRXdB=10,N0=0.009999999776482582
packet_number=611,correct=False,payload=[40,65,128,3,130,141,10,7,10,1,0,3,140,13,12,31,20,65,86,17,52,135,4,23,11,25,90,31,156,29,31,157,32,44,34,135,4,4,118,19,106,37,56,168,12,60,60,59,216,177,134,43,90,109,116,55,60,25,88,59,125,125,46,55,1,83,70,97,95,119,70,209,204,3,110,12,200,79,78,95,17,93,18,83,212,85,214,83,121,9,80,72,74,89,94,73,0,118,114,125]
CFO=-1224.5904266955674,STO=3
EsN0dB=1.99,GRXdB=10,N0=0.009999999776482582
packet_number=612,correct=False,payload=[122,62,80,53,0,128,160,66,76,36,35,3,72,11,138,91,70,141,172,139,134,17,192,23,20,17,66,10,24,89,82,11,206,30,84,131,8,1,50,35,13,169,39,231,40,38,40,43,172,41,46,75,225,101,51,143,165,52,114,151,28,184,49,40,60,63,78,61,80,219,67,67,68,71,87,94,104,92,72,19,44,205,127,199,112,80,82,83,93,167,22,31,72,219,25,67,44,20,95,156]
CFO=-746.4936673692345,STO=7
EsN0dB=2.54,GRXdB=10,N0=0.009999999776482582
packet_number=613,correct=False,payload=[216,1,6,136,12,16,28,90,216,97,160,62,160,48,48,184,53,68,68,16,76,208,16,74,156,144,196,40,108,112,245,127,124,228,48,132,41,160,160,144,60,160,97,160,44,240,180,248,180,192,68,66,137,218,244,240,253,232,225,91,188,244,199,144,253,19,85,137,29,0,103,21,184,49,125,51,111,19,53,3,44,100,0,208,95,96,105,89,217,227,45,105,249,249,113,97,125,129,41,40]
CFO=-1342.7516321197302,STO=1
EsN0dB=2.16,GRXdB=10,N0=0.009999999776482582
packet_number=614,correct=False,payload=[99,146,151,244,192,0,141,64,193,20,83,161,148,65,9,197,19,146,197,26,33,132,13,9,206,2,38,40,10,38,69,6,206,71,247,152,144,198,157,152,139,153,81,91,130,196,142,128,2,20,209,243,88,128,72,222,138,29,109,157,196,14,199,136,219,28,159,13,202,121,152,177,209,2,177,34,141,54,67,49,87,88,99,178,76,28,23,161,254,106,53,73,88,28,204,60,228,59,7,31]
CFO=-1751.8751016368972,STO=2
EsN0dB=2.53,GRXdB=10,N0=0.009999999776482582
packet_number=615,correct=False,payload=[5,193,86,43,158,55,70,4,9,72,138,3,78,13,158,79,153,20,144,49,21,156,31,151,0,29,27,11,156,54,39,23,140,161,163,113,114,37,38,1,172,40,58,37,57,23,39,71,168,120,18,249,178,61,63,183,152,26,26,179,236,60,190,59,102,80,2,71,68,21,246,70,0,79,91,38,44,13,2,7,28,17,82,85,157,65,218,217,26,79,68,191,90,61,103,95,64,176,243,121]
CFO=-244.84618455433505,STO=3
EsN0dB=2.91,GRXdB=10,N0=0.009999999776482582
packet_number=616,correct=False,payload=[120,231,48,33,10,3,4,41,18,79,24,136,14,41,4,141,14,78,66,17,10,83,4,21,30,95,24,17,38,16,60,29,10,78,0,241,102,3,96,52,63,235,168,41,236,107,220,238,14,46,20,28,50,51,52,228,112,5,32,125,90,186,28,5,254,63,97,19,22,3,68,80,159,231,108,26,131,74,78,72,206,126,65,28,82,223,92,85,76,23,244,210,210,158,30,59,218,119,104,113]
CFO=-1535.7423030883062,STO=3
EsN0dB=2.02,GRXdB=10,N0=0.009999999776482582
packet_number=617,correct=False,payload=[165,217,242,25,33,220,10,76,24,220,2,20,144,120,40,104,81,114,98,124,112,62,100,132,75,10,228,121,186,134,224,72,26,120,193,216,60,124,65,102,17,159,37,189,121,200,4,32,43,78,96,176,161,237,192,198,243,140,171,160,234,180,225,235,210,201,217,1,74,191,3,23,25,31,130,202,184,8,6,230,72,126,247,240,242,56,20,140,64,223,146,167,179,153,98,239,49,239,251,232]
CFO=-1554.0149563928599,STO=6
EsN0dB=2.43,GRXdB=10,N0=0.009999999776482582
packet_number=618,correct=False,payload=[96,49,130,3,0,33,22,35,14,47,42,131,93,39,30,45,16,49,50,51,4,52,6,47,92,155,182,10,85,61,86,205,178,1,35,50,180,52,66,147,34,41,34,169,44,45,44,45,113,51,170,43,159,13,102,35,160,125,50,57,189,126,62,59,64,101,118,67,21,69,230,31,88,194,126,11,80,45,88,66,56,80,147,2,84,116,70,95,123,83,126,211,124,213,94,87,98,113,102,99]
CFO=-687.6571609142098,STO=4
EsN0dB=2.10,GRXdB=10,N0=0.009999999776482582
packet_number=619,correct=False,payload=[40,65,38,34,143,14,70,135,0,140,234,9,136,17,142,79,4,83,18,3,20,15,180,28,26,89,26,169,20,156,30,43,96,145,98,55,161,100,102,175,104,41,104,42,174,104,46,26,49,21,54,183,182,180,34,6,184,189,62,123,60,61,63,39,208,64,70,30,142,5,71,79,90,0,90,203,206,89,73,65,57,17,82,154,80,125,59,87,104,91,202,75,221,93,30,95,112,113,242,99]
CFO=-401.23703190910066,STO=0
EsN0dB=2.08,GRXdB=10,N0=0.009999999776482582
packet_number=620,correct=False,payload=[184,100,44,208,56,66,2,96,189,108,72,144,25,192,72,106,113,65,77,37,184,128,184,225,201,96,137,160,158,161,240,176,249,144,31,81,29,193,49,49,114,194,200,68,186,16,205,226,99,131,57,19,59,43,107,240,171,137,10,130,214,225,251,225,150,208,41,25,26,41,66,215,51,2,32,112,114,207,81,127,16,214,140,151,31,97,44,166,239,66,129,182,249,231,204,198,230,35,63,209]
CFO=-1433.124165473827,STO=0
EsN0dB=2.12,GRXdB=10,N0=0.009999999776482582
packet_number=621,correct=False,payload=[137,43,192,2,203,45,161,16,109,35,142,6,70,38,0,22,199,167,132,150,108,5,205,133,205,145,132,14,172,168,135,207,195,5,248,16,111,152,150,9,9,33,11,8,6,142,246,106,146,143,196,68,90,249,188,12,9,191,10,30,204,218,237,79,6,15,192,36,115,48,208,19,252,25,208,82,70,198,126,6,218,181,180,17,148,224,209,38,29,6,148,14,198,126,243,51,243,169,152,41]
CFO=-543.2830294058441,STO=0
EsN0dB=2.49,GRXdB=10,N0=0.009999999776482582
packet_number=622,correct=False,payload=[120,144,105,228,161,16,12,38,80,128,72,119,75,102,16,32,233,137,153,64,193,32,121,96,49,92,64,77,241,240,233,251,101,33,11,17,4,131,121,177,121,208,41,177,146,97,25,178,122,81,232,1,134,133,3,49,201,196,207,211,159,209,106,225,100,4,138,242,223,107,244,114,48,224,254,106,122,96,116,170,126,2,207,152,151,36,162,178,61,206,153,183,241,193,170,246,251,219,6,26]
CFO=552.8715596414515,STO=3
EsN0dB=2.94,GRXdB=10,N0=0.009999999776482582
packet_number=623,correct=False,payload=[68,169,3,35,52,87,110,23,8,43,27,135,76,29,3,7,18,45,18,51,84,21,28,22,4,25,26,9,28,17,28,13,88,33,56,19,48,39,64,39,42,122,59,43,124,57,44,55,16,51,18,51,52,61,52,215,48,57,62,12,112,253,7,62,66,109,198,227,66,109,71,79,60,65,95,91,46,7,90,111,208,193,98,83,69,87,83,22,154,209,94,219,252,21,93,86,96,41,234,247]
CFO=-1400.3482695129205,STO=3
EsN0dB=2.31,GRXdB=10,N0=0.009999999776482582
packet_number=624,correct=False,payload=[115,160,75,182,66,88,32,92,0,208,96,242,128,192,168,144,192,176,105,241,52,17,45,57,5,176,225,121,81,17,110,89,134,161,225,186,67,19,42,50,6,211,35,97,130,142,146,32,242,119,195,178,131,43,35,51,67,89,61,117,131,153,39,183,74,129,228,156,4,212,100,112,76,228,96,228,7,148,180,215,199,212,224,125,5,84,39,37,69,71,101,53,197,17,169,178,239,243,173,182]
CFO=-945.080409560134,STO=7
EsN0dB=2.26,GRXdB=10,N0=0.009999999776482582
packet_number=625,correct=False,payload=[43,9,209,32,6,147,83,204,7,45,13,158,2,163,15,137,40,145,57,2,45,139,71,0,12,223,76,136,30,109,15,171,176,145,89,224,178,134,27,149,58,229,50,158,20,31,105,152,115,249,25,31,151,188,95,185,94,13,125,149,59,156,95,160,96,58,33,34,2,195,19,228,92,12,5,176,21,166,29,8,30,41,49,42,235,171,186,108,76,252,77,46,12,171,15,16,56,179,123,65]
CFO=-1082.0262360274185,STO=4
EsN0dB=2.24,GRXdB=10,N0=0.009999999776482582
packet_number=626,correct=False,payload=[216,24,136,8,202,97,53,19,28,56,253,160,44,80,184,48,76,192,68,209,5,81,113,152,84,32,100,120,236,104,117,124,220,0,180,8,204,208,21,153,16,128,182,224,240,180,242,232,158,228,196,10,76,84,224,29,254,252,244,200,108,252,124,26,95,201,64,0,45,11,20,27,87,39,39,33,173,17,151,41,61,3,69,75,1,87,117,121,92,40,103,78,109,113,5,115,121,1,156,208]
CFO=-1002.2216417188201,STO=0
EsN0dB=2.65,GRXdB=10,N0=0.009999999776482582
packet_number=627,correct=False,payload=[245,229,1,145,138,67,53,15,108,71,48,8,16,43,44,17,14,31,246,69,50,51,27,17,30,247,48,179,16,62,188,44,48,31,34,32,167,163,16,125,100,5,221,41,200,194,12,159,106,175,53,243,2,119,48,79,2,94,88,51,63,51,63,175,30,188,228,64,68,71,64,39,102,85,2,33,64,14,84,141,174,219,122,177,88,192,9,188,136,197,68,25,115,27,28,25,10,217,224,232]
CFO=85.92887868470329,STO=4
EsN0dB=1.91,GRXdB=10,N0=0.009999999776482582
packet_number=628,correct=False,payload=[160,64,2,85,5,33,7,23,2,21,90,2,141,8,14,159,150,24,10,18,12,52,6,1,184,40,26,31,28,29,31,31,34,32,166,104,164,37,38,35,171,121,38,41,173,47,39,43,176,144,176,27,20,53,38,230,188,179,40,43,61,61,54,31,58,1,96,67,197,69,66,67,72,200,27,90,108,203,78,99,81,81,82,122,82,83,118,11,92,63,123,91,107,221,118,90,1,112,114,71]
CFO=-292.11168650918876,STO=1
EsN0dB=2.10,GRXdB=10,N0=0.009999999776482582
packet_number=629,correct=False,payload=[203,64,108,186,172,42,32,0,97,129,252,68,130,227,153,241,185,213,129,202,160,113,33,34,50,224,32,159,39,72,51,195,51,241,225,193,226,46,36,33,98,3,190,47,215,133,66,164,172,43,225,202,250,131,17,99,51,70,3,230,223,65,55,195,33,167,235,247,234,132,36,108,32,4,108,217,75,141,57,9,60,210,146,195,232,0,47,153,220,136,203,225,117,203,136,172,233,199,169,239]
CFO=-1569.4181001882964,STO=4
EsN0dB=2.51,GRXdB=10,N0=0.009999999776482582
packet_number=630,correct=False,payload=[5,64,6,1,37,71,2,81,8,56,138,11,28,30,14,13,16,80,22,82,85,87,26,23,24,27,26,27,28,61,50,31,240,181,32,34,100,5,46,35,184,42,175,11,14,13,191,15,50,49,112,234,96,69,4,23,16,49,62,59,28,187,250,31,11,1,42,95,84,69,36,71,72,75,73,79,66,69,14,207,64,81,82,82,212,125,2,79,88,89,78,95,28,125,110,95,96,33,64,99]
CFO=-505.7356059794492,STO=2
EsN0dB=1.73,GRXdB=10,N0=0.009999999776482582
packet_number=631,correct=False,payload=[8,1,130,227,4,5,132,7,152,57,65,139,4,75,135,207,152,129,2,97,29,69,102,85,24,29,152,89,127,21,30,109,2,36,168,35,52,38,32,167,41,10,107,171,12,13,53,47,48,48,50,179,156,3,166,37,184,155,120,115,94,191,42,124,0,73,32,95,7,131,70,67,141,74,100,99,125,39,30,196,80,22,82,87,183,217,255,114,88,89,30,112,72,22,223,215,32,103,102,96]
CFO=-594.8496532630364,STO=0
EsN0dB=2.36,GRXdB=10,N0=0.009999999776482582
packet_number=632,correct=False,payload=[0,65,0,50,0,181,68,80,34,40,194,121,97,104,193,120,19,145,48,187,160,141,48,140,64,84,240,250,225,137,240,249,1,169,17,63,73,171,248,113,109,65,91,127,112,73,119,125,24,129,1,137,186,35,245,179,213,136,233,223,241,73,225,250,135,88,48,50,58,104,50,105,199,80,97,216,109,254,19,158,167,24,147,154,107,233,163,185,211,139,70,186,179,172,242,215,70,10,20,30]
CFO=-478.7018121082772,STO=1
EsN0dB=2.16,GRXdB=10,N0=0.009999999776482582
packet_number=633,correct=False,payload=[164,129,134,35,17,4,6,7,228,9,57,136,142,28,27,118,48,200,200,15,22,128,2,95,136,153,72,59,60,21,222,93,131,48,35,49,224,11,167,103,164,37,40,52,4,95,126,63,144,80,81,86,142,34,34,63,56,120,62,139,31,143,7,63,248,177,70,67,64,69,34,134,58,221,100,79,6,124,5,23,138,41,74,34,102,67,83,218,120,27,20,89,62,118,188,71,208,97,50,65]
CFO=646.0152999556731,STO=6
EsN0dB=2.70,GRXdB=10,N0=0.009999999776482582
packet_number=634,correct=False,payload=[213,103,1,16,64,11,4,140,133,71,137,201,1,26,12,27,157,78,17,81,32,179,52,21,236,62,48,57,46,83,31,15,106,54,34,37,130,39,37,37,110,54,32,44,120,47,76,13,46,47,112,40,54,35,52,57,62,55,57,57,186,25,188,53,254,31,64,64,196,67,0,204,86,71,200,205,206,127,79,204,206,76,82,89,205,80,100,217,246,86,24,219,6,72,124,89,223,143,104,49]
CFO=-635.1134998405885,STO=1
EsN0dB=2.89,GRXdB=10,N0=0.009999999776482582
packet_number=635,correct=False,payload=[129,0,0,2,0,12,0,160,99,0,13,136,41,12,25,3,79,164,17,158,1,8,17,22,70,24,75,10,15,92,21,146,15,167,49,140,33,167,112,11,39,44,5,71,10,140,35,62,127,188,244,98,159,218,66,60,191,44,121,49,136,56,159,182,95,173,135,163,85,129,71,68,231,152,101,81,75,106,9,202,79,192,161,156,58,28,84,26,94,90,121,106,11,217,94,46,63,148,119,98]
CFO=-538.8101448470339,STO=4
EsN0dB=2.26,GRXdB=10,N0=0.009999999776482582
packet_number=636,correct=False,payload=[129,81,2,3,16,5,42,6,64,4,143,9,6,4,143,6,16,145,18,39,118,72,150,118,25,17,90,11,24,57,30,31,170,57,32,35,173,101,0,15,106,29,170,33,172,57,108,39,82,37,19,179,21,52,126,191,132,185,50,51,60,53,191,63,1,65,103,97,149,71,102,83,95,81,200,195,73,77,13,78,90,187,87,95,13,253,2,119,120,89,75,89,92,23,94,23,100,119,32,105]
CFO=-890.5350643149084,STO=4
EsN0dB=2.75,GRXdB=10,N0=0.009999999776482582
packet_number=637,correct=False,payload=[0,19,2,69,12,69,86,69,189,201,11,131,44,45,71,15,20,20,80,25,4,23,87,30,178,46,157,27,109,77,26,31,20,4,104,3,131,45,182,53,104,128,42,11,104,29,46,14,18,49,48,183,54,52,124,18,210,113,58,59,52,21,63,95,66,73,114,79,68,85,6,83,88,202,200,107,72,77,31,75,66,117,112,243,84,213,86,87,117,65,218,51,36,85,4,23,226,163,98,80]
CFO=-785.4441847774727,STO=3
EsN0dB=2.22,GRXdB=10,N0=0.009999999776482582
packet_number=638,correct=False,payload=[32,1,130,59,12,52,99,134,33,9,138,15,140,75,14,110,22,144,90,74,24,85,22,220,152,217,30,31,30,29,252,15,117,3,163,59,52,33,47,167,104,48,51,131,76,44,46,47,186,181,50,18,36,145,55,181,184,153,106,27,4,248,30,47,160,68,82,99,80,101,224,85,74,73,74,194,204,12,74,71,88,81,90,211,84,84,90,93,208,81,219,82,205,93,114,95,248,168,224,226]
CFO=-815.6587597996242,STO=0
EsN0dB=2.87,GRXdB=10,N0=0.009999999776482582
packet_number=639,correct=False,payload=[140,62,183,236,28,64,64,112,128,40,128,144,4,107,66,73,129,227,161,228,5,128,134,72,6,228,193,252,70,7,66,39,169,131,163,218,74,226,64,128,137,14,1,224,1,14,138,42,7,47,202,238,98,22,69,72,4,108,136,219,22,79,77,211,135,175,2,41,104,197,172,97,149,192,164,209,0,113,194,49,203,153,193,146,32,46,169,185,135,86,81,174,10,91,210,91,6,67,183,160]
CFO=-743.7633111064891,STO=3
EsN0dB=2.28,GRXdB=10,N0=0.009999999776482582
packet_number=640,correct=False,payload=[148,78,121,8,21,240,48,88,88,56,216,133,17,146,224,40,88,96,224,129,17,1,180,32,123,32,49,129,53,227,241,211,193,119,244,130,26,6,162,66,122,98,88,83,194,32,177,202,91,106,247,27,3,99,86,131,73,3,243,211,137,235,163,70,83,225,253,64,86,36,60,12,86,236,116,135,149,100,180,196,212,247,53,5,20,8,49,69,125,109,105,133,134,101,181,197,125,236,242,10]
CFO=41.350966492371846,STO=4
EsN0dB=2.13,GRXdB=10,N0=0.009999999776482582
packet_number=641,correct=False,payload=[224,99,186,30,4,7,103,15,96,9,2,11,0,4,15,31,212,81,42,19,21,85,150,85,95,25,19,41,204,117,30,207,50,35,38,35,100,85,143,115,40,175,171,59,173,45,46,47,184,32,35,7,52,53,245,167,40,251,58,251,124,82,90,31,80,65,91,203,196,69,199,71,90,77,75,154,201,237,78,210,68,93,128,242,36,5,114,87,152,88,90,91,86,222,206,83,102,69,80,83]
CFO=-133.20858055540955,STO=0
EsN0dB=2.32,GRXdB=10,N0=0.009999999776482582
packet_number=642,correct=False,payload=[240,222,209,6,208,0,16,48,48,120,176,48,56,44,117,49,56,125,64,0,78,104,97,80,127,92,233,109,105,108,102,248,241,249,1,204,20,31,64,37,26,159,144,229,200,8,178,34,185,28,173,149,217,200,128,148,240,157,180,200,197,236,217,244,249,188,192,8,25,94,59,55,17,25,19,43,45,139,27,35,59,93,165,193,144,206,82,65,45,127,67,229,191,65,48,100,115,11,137,155]
CFO=-619.1347703119706,STO=2
EsN0dB=2.83,GRXdB=10,N0=0.009999999776482582
packet_number=643,correct=False,payload=[34,222,128,16,76,140,16,124,28,94,120,38,16,62,16,48,56,44,16,72,72,77,68,112,106,84,116,68,209,108,48,120,121,124,193,4,136,197,153,177,174,220,238,164,184,236,240,52,56,252,212,213,194,204,225,133,248,148,84,100,44,228,241,246,91,127,35,142,160,135,16,17,153,9,50,167,42,95,52,108,40,121,195,67,72,108,209,85,217,217,161,117,236,47,88,213,117,104,1,175]
CFO=-443.97169348992117,STO=0
EsN0dB=2.38,GRXdB=10,N0=0.009999999776482582
packet_number=644,correct=False,payload=[74,244,0,80,192,12,226,60,4,20,0,46,40,42,50,228,208,156,84,200,134,156,48,108,116,12,96,232,101,44,112,92,114,125,224,1,184,189,208,149,56,29,194,204,222,185,96,228,104,189,192,138,156,188,208,168,248,232,240,196,201,128,161,140,184,243,199,132,11,94,146,20,91,222,163,47,108,104,16,225,57,56,229,6,138,88,193,51,112,88,75,97,106,140,239,122,125,125,145,19]
CFO=-1440.8004206113403,STO=1
EsN0dB=2.27,GRXdB=10,N0=0.009999999776482582
packet_number=645,correct=False,payload=[75,72,0,211,21,193,137,2,131,36,214,141,166,143,23,129,151,142,29,79,36,139,11,160,221,176,77,30,206,222,46,199,38,8,192,128,131,8,49,27,179,208,148,133,10,82,38,91,179,155,154,157,152,203,18,153,143,154,94,159,156,181,79,30,194,112,32,241,32,249,130,177,1,150,54,199,230,226,64,84,215,186,105,172,5,226,39,59,249,197,2,237,173,55,46,237,143,0,24,52]
CFO=185.78757837161197,STO=5
EsN0dB=2.11,GRXdB=10,N0=0.009999999776482582
packet_number=646,correct=False,payload=[66,17,10,1,4,3,100,67,168,8,10,11,4,13,14,207,64,65,82,23,20,21,38,55,140,57,216,179,16,149,54,30,104,39,99,35,96,37,190,39,234,105,46,43,8,77,44,39,184,51,150,51,208,5,50,23,120,59,91,58,56,45,63,61,66,73,35,71,65,69,46,103,120,77,106,41,8,77,199,223,72,81,68,91,69,93,87,151,68,88,254,87,93,13,79,95,112,65,110,103]
CFO=-1796.564934512552,STO=6
EsN0dB=2.76,GRXdB=10,N0=0.009999999776482582
packet_number=647,correct=False,payload=[213,253,193,8,208,20,192,17,197,146,210,7,66,2,86,3,67,211,85,156,5,134,198,0,117,129,124,6,94,4,215,67,79,133,226,12,216,6,193,73,75,202,194,74,40,129,219,3,201,202,204,104,76,108,239,69,79,223,206,14,78,143,223,45,235,143,68,8,80,144,157,57,215,25,194,2,81,131,171,147,170,179,223,0,86,148,145,29,71,31,230,148,18,180,213,211,217,3,248,40]
CFO=-1691.8692810255272,STO=7
EsN0dB=2.36,GRXdB=10,N0=0.009999999776482582
packet_number=648,correct=False,payload=[32,49,36,34,68,5,12,71,140,9,14,75,12,157,14,46,80,19,18,35,4,17,23,22,216,89,154,30,124,223,15,27,40,184,35,161,148,53,6,237,160,104,143,41,38,45,62,239,112,242,98,53,52,39,29,23,56,59,56,48,22,153,46,95,64,69,67,71,198,85,230,198,232,9,200,79,76,201,214,78,81,84,242,87,84,243,85,78,12,29,24,126,253,249,82,87,98,67,98,231]
CFO=-528.1545161332851,STO=2
EsN0dB=2.22,GRXdB=10,N0=0.009999999776482582
packet_number=649,correct=False,payload=[176,156,79,112,65,68,160,144,160,80,96,90,66,151,160,186,76,104,41,240,144,25,16,23,102,147,230,55,1,192,129,177,80,213,241,234,5,132,33,17,210,248,162,87,138,22,166,162,234,98,176,243,3,35,167,35,87,44,113,127,203,225,162,179,227,153,247,96,160,21,48,240,96,92,116,36,96,84,228,180,198,238,228,117,4,148,5,182,133,209,112,87,197,177,13,52,197,197,89,190]
CFO=-1636.5982281809877,STO=5
EsN0dB=2.53,GRXdB=10,N0=0.009999999776482582
packet_number=650,correct=False,payload=[19,179,9,3,98,2,5,5,6,5,26,8,0,2,79,141,2,15,17,93,179,3,20,157,22,151,56,221,219,23,20,29,11,134,172,51,112,37,196,131,55,229,26,1,43,42,44,45,61,62,40,53,34,49,112,126,33,117,56,63,122,91,190,59,28,57,80,221,67,3,100,116,86,71,58,72,88,73,76,15,76,107,115,85,64,82,210,69,118,211,153,89,90,51,245,89,78,123,112,97]
CFO=-1250.1270336142989,STO=0
EsN0dB=2.68,GRXdB=10,N0=0.009999999776482582
packet_number=651,correct=False,payload=[60,152,29,8,25,112,20,80,24,180,32,152,8,112,118,22,124,98,204,192,140,80,220,152,248,16,68,1,85,100,70,81,45,129,132,58,133,51,145,25,176,193,166,65,238,57,216,249,63,192,205,140,237,187,189,197,92,221,225,232,253,208,73,248,9,27,14,158,198,249,170,29,59,1,3,120,78,23,65,60,93,196,143,25,103,251,115,18,112,35,41,125,203,115,165,26,251,155,205,129]
CFO=-1175.201399955009,STO=4
EsN0dB=2.47,GRXdB=10,N0=0.009999999776482582
packet_number=652,correct=False,payload=[4,129,98,7,0,13,134,133,136,9,10,3,28,31,69,15,81,1,18,211,84,99,2,87,24,11,154,91,80,21,92,86,64,1,160,35,44,53,134,7,136,41,168,109,111,52,74,111,60,111,50,146,54,55,62,127,24,9,62,184,44,123,54,47,194,77,83,67,69,37,86,95,112,137,58,122,60,93,82,201,80,80,18,87,20,244,222,91,88,17,90,91,84,221,78,126,96,192,227,103]
CFO=-1173.0632898695144,STO=4
EsN0dB=2.62,GRXdB=10,N0=0.009999999776482582
packet_number=653,correct=False,payload=[1,165,10,130,128,177,22,7,128,25,11,10,14,89,140,14,149,145,10,63,28,148,22,55,24,25,18,11,156,89,26,75,160,33,186,186,180,169,179,35,168,225,42,41,60,97,42,47,33,85,51,243,34,55,127,63,24,57,190,121,13,45,8,31,224,71,42,129,69,101,15,39,169,11,114,91,108,5,74,110,145,81,82,58,93,197,86,87,88,91,95,211,204,28,90,207,32,121,130,41]
CFO=-400.74273254182293,STO=3
EsN0dB=1.90,GRXdB=10,N0=0.009999999776482582
packet_number=654,correct=False,payload=[0,193,113,233,18,17,38,233,89,41,198,143,137,7,6,14,136,81,83,19,216,149,4,151,28,24,20,21,142,61,95,191,36,185,34,9,20,45,198,109,40,40,186,169,68,21,60,139,6,49,176,40,112,85,50,21,24,43,56,127,62,29,190,155,72,1,99,75,69,4,70,87,64,9,202,25,93,93,237,79,64,17,89,21,92,85,86,86,124,211,210,1,12,125,22,95,228,192,246,71]
CFO=-1078.849605164997,STO=1
EsN0dB=2.15,GRXdB=10,N0=0.009999999776482582
packet_number=655,correct=False,payload=[68,134,129,6,102,38,106,38,15,78,76,135,8,19,14,6,114,4,21,183,48,19,20,251,24,16,54,31,24,26,30,59,102,73,98,102,42,83,103,38,64,19,110,50,224,175,100,79,32,160,52,35,172,126,186,164,240,58,43,119,152,59,184,127,161,167,195,210,72,19,166,6,159,70,14,13,45,200,94,14,0,208,123,131,232,132,74,242,117,190,64,118,76,70,124,154,208,193,104,117]
CFO=-1030.1022130355313,STO=3
EsN0dB=1.74,GRXdB=10,N0=0.009999999776482582
packet_number=656,correct=False,payload=[0,0,144,137,132,145,142,103,12,29,123,10,22,5,16,125,172,0,128,35,6,28,85,54,8,5,40,28,27,31,126,61,64,241,3,31,7,39,102,39,32,104,11,171,78,236,14,47,176,49,45,164,54,48,54,55,126,247,242,50,185,41,58,79,36,69,146,27,197,105,68,69,12,88,128,227,77,77,79,3,80,209,82,83,28,80,80,87,25,169,82,120,84,220,92,223,32,127,42,99]
CFO=-1916.5089853216305,STO=5
EsN0dB=2.15,GRXdB=10,N0=0.009999999776482582
packet_number=657,correct=False,payload=[24,0,74,147,196,69,14,15,8,65,74,83,44,13,13,235,28,152,18,27,20,1,50,109,26,1,50,10,60,60,158,159,162,1,34,161,36,36,103,39,163,43,75,185,172,110,33,175,176,37,48,187,180,62,118,55,48,17,58,188,61,188,59,59,64,73,226,74,101,68,71,231,88,204,78,159,104,37,79,95,89,85,82,146,84,81,118,103,89,25,242,10,87,109,139,126,32,117,98,81]
CFO=-988.4172483658263,STO=4
EsN0dB=1.99,GRXdB=10,N0=0.009999999776482582
packet_number=658,correct=False,payload=[6,41,2,19,4,13,20,71,8,33,131,1,29,5,10,79,80,77,19,19,16,29,86,52,84,216,31,35,18,29,30,87,32,35,163,43,172,33,166,38,40,9,106,59,138,109,106,175,48,228,58,51,132,21,60,51,25,51,59,187,184,61,62,175,66,193,87,65,142,69,106,15,105,8,110,75,92,101,90,71,80,17,196,195,4,215,86,87,24,91,118,123,90,25,222,125,113,32,96,110]
CFO=-521.1076226106995,STO=3
EsN0dB=2.87,GRXdB=10,N0=0.009999999776482582
packet_number=659,correct=False,payload=[129,129,67,44,132,165,130,11,8,73,192,15,8,29,78,41,9,4,18,19,20,60,22,77,24,21,26,19,94,97,254,159,64,107,53,35,32,5,55,189,168,40,42,70,13,124,46,47,56,17,118,10,57,53,134,153,40,49,187,187,17,22,62,62,146,225,225,194,80,97,86,199,40,25,118,75,84,61,78,135,86,17,22,194,70,85,86,85,126,77,90,91,28,102,95,91,232,102,98,230]
CFO=-2366.176742343209,STO=4
EsN0dB=2.17,GRXdB=10,N0=0.009999999776482582
packet_number=660,correct=False,payload=[17,1,71,38,132,21,22,42,8,13,138,9,76,9,94,95,48,81,58,23,20,156,110,23,34,15,122,49,24,188,28,87,160,1,34,67,36,1,194,39,8,45,138,169,45,191,53,29,249,57,114,51,53,53,120,63,60,41,120,59,44,21,126,127,17,75,98,65,68,205,69,67,120,72,192,97,30,109,79,78,212,208,86,115,100,91,84,199,88,217,27,91,73,29,14,95,104,205,98,118]
CFO=-1802.4432846466675,STO=0
EsN0dB=2.40,GRXdB=10,N0=0.009999999776482582
packet_number=661,correct=False,payload=[0,1,2,3,4,69,14,82,40,37,42,27,12,12,14,73,66,1,55,21,48,21,22,87,4,9,24,25,84,12,15,30,104,45,54,35,82,47,228,115,46,169,107,107,109,44,14,235,54,181,226,15,80,165,120,38,48,57,243,218,100,63,188,60,93,101,2,67,140,197,70,102,74,233,72,89,112,93,76,119,81,25,26,74,84,205,86,71,26,81,92,89,28,201,86,95,96,65,226,17]
CFO=-1395.0316312902348,STO=5
EsN0dB=2.38,GRXdB=10,N0=0.009999999776482582
packet_number=662,correct=False,payload=[129,21,114,14,80,69,14,87,52,147,142,11,168,15,142,175,148,89,70,17,84,3,30,41,153,147,56,25,84,28,30,87,33,35,2,43,20,237,38,172,5,171,250,57,44,45,6,38,48,57,146,99,48,7,148,55,24,189,40,58,61,57,46,178,64,33,107,39,213,71,103,244,204,75,80,11,76,76,105,71,118,27,64,82,80,85,118,118,88,21,82,117,92,93,94,31,97,89,230,67]
CFO=-2077.7959577333845,STO=7
EsN0dB=2.53,GRXdB=10,N0=0.009999999776482582
packet_number=663,correct=False,payload=[174,62,241,191,12,83,23,19,8,13,198,21,144,80,19,16,220,31,60,31,18,67,26,51,21,77,6,133,89,83,74,43,30,53,63,28,44,33,36,35,8,1,166,36,32,169,102,169,41,67,30,59,48,33,101,3,52,181,62,118,120,89,58,33,28,121,108,9,92,194,14,199,192,131,236,95,216,25,104,44,213,219,220,207,48,57,22,18,252,95,71,222,64,25,94,115,253,53,190,24]
CFO=-2029.1434293423913,STO=5
EsN0dB=2.67,GRXdB=10,N0=0.009999999776482582
packet_number=664,correct=False,payload=[192,3,114,130,142,146,62,39,40,4,40,10,98,15,54,71,48,3,23,6,20,2,50,20,152,57,27,153,28,29,31,27,99,33,42,34,15,101,46,47,8,171,42,107,12,45,38,43,176,17,32,150,20,151,54,62,136,139,122,59,28,29,54,170,196,65,66,66,36,213,78,7,24,105,200,187,76,229,79,111,116,81,82,214,94,17,86,64,22,81,86,203,200,93,94,223,34,37,96,71]
CFO=-1083.6664300656062,STO=7
EsN0dB=1.89,GRXdB=10,N0=0.009999999776482582
packet_number=665,correct=False,payload=[99,149,77,52,1,81,8,48,70,114,244,98,153,17,160,186,192,176,248,241,17,37,32,57,204,81,41,81,185,17,33,215,197,49,227,91,240,26,34,186,192,83,108,114,194,243,26,164,193,178,130,199,2,54,33,177,99,195,243,87,131,147,163,182,195,243,193,240,116,24,55,53,198,80,229,116,173,148,20,28,226,84,212,245,4,144,37,53,225,213,101,116,149,183,44,181,193,205,229,214]
CFO=-924.6788360947501,STO=4
EsN0dB=2.11,GRXdB=10,N0=0.009999999776482582
packet_number=666,correct=False,payload=[160,1,10,1,20,65,7,179,8,138,10,9,132,5,46,9,27,20,23,58,21,52,118,21,18,153,90,59,252,117,182,95,178,45,162,43,166,37,11,99,168,57,41,43,40,45,44,7,160,64,67,53,37,37,62,159,120,181,90,27,36,61,183,93,226,69,194,65,105,71,106,71,88,201,66,219,64,109,14,38,16,89,70,85,196,217,20,103,0,89,26,76,220,75,94,123,225,104,227,227]
CFO=-763.8131772614867,STO=6
EsN0dB=2.13,GRXdB=10,N0=0.009999999776482582
packet_number=667,correct=False,payload=[20,185,70,193,2,131,20,207,39,43,159,89,26,11,40,79,142,10,18,149,0,25,28,85,16,7,28,25,145,27,28,61,22,31,36,35,40,35,0,37,44,67,41,32,103,57,174,12,46,39,48,51,54,49,180,63,51,63,57,56,57,251,104,173,58,62,80,192,34,224,69,141,64,103,80,15,91,74,196,73,205,74,192,210,66,208,212,117,86,95,84,40,90,59,208,93,94,95,96,51]
CFO=-706.3606141711012,STO=0
EsN0dB=2.14,GRXdB=10,N0=0.009999999776482582
packet_number=668,correct=False,payload=[50,220,0,12,12,14,32,144,72,28,41,111,232,37,80,48,120,254,131,68,24,28,213,22,157,124,96,26,108,126,246,116,120,100,217,140,216,8,13,28,8,142,129,204,133,185,176,40,251,180,194,230,162,207,18,237,169,220,204,148,232,236,176,216,217,254,137,67,139,13,17,28,31,20,37,112,72,94,153,32,123,61,69,93,65,76,16,92,121,196,209,96,204,123,113,89,192,185,143,0]
CFO=-1703.4526178116996,STO=0
EsN0dB=1.93,GRXdB=10,N0=0.009999999776482582
packet_number=669,correct=False,payload=[50,114,255,35,9,131,221,6,7,131,2,10,133,1,9,254,14,135,4,210,56,7,39,138,52,139,27,169,9,29,61,156,47,143,95,132,216,231,51,210,17,30,22,142,179,215,44,181,4,53,159,186,185,177,12,155,16,29,194,29,220,158,200,190,30,183,95,66,35,162,37,192,34,167,99,12,0,206,35,134,36,245,71,160,24,200,8,169,187,107,105,134,236,183,5,188,108,156,119,147]
CFO=-249.14858118815937,STO=3
EsN0dB=2.44,GRXdB=10,N0=0.009999999776482582
packet_number=670,correct=False,payload=[4,183,0,132,138,35,68,4,20,7,24,77,138,131,44,15,30,11,20,181,124,23,86,31,22,15,28,153,26,154,13,76,158,159,68,36,16,59,172,5,102,39,40,40,42,35,74,15,124,42,225,17,34,155,62,16,30,119,62,107,51,59,60,25,62,57,84,213,194,131,4,5,192,71,76,74,139,88,37,88,222,207,16,208,83,83,220,93,215,23,24,93,70,155,66,109,212,217,25,108]
CFO=-1494.2454650699592,STO=3
EsN0dB=2.61,GRXdB=10,N0=0.009999999776482582
packet_number=671,correct=False,payload=[117,62,68,223,167,32,0,6,23,134,165,55,7,40,9,146,6,44,11,167,15,16,19,3,27,20,147,2,19,24,20,10,10,44,255,62,31,36,71,42,99,0,65,76,38,60,44,187,163,93,45,78,47,52,17,54,163,20,54,53,1,156,105,136,26,58,24,190,125,96,193,19,75,116,247,78,76,73,72,11,192,84,79,238,111,84,105,18,95,85,214,215,90,88,93,82,171,94,25,86]
CFO=-1465.7418761508304,STO=3
EsN0dB=2.49,GRXdB=10,N0=0.009999999776482582
packet_number=672,correct=False,payload=[96,129,27,35,4,37,71,135,61,153,8,26,188,28,78,59,16,145,18,15,204,131,22,70,28,25,154,34,76,157,22,29,36,4,59,243,52,19,46,103,9,41,32,35,47,5,175,61,48,49,34,163,48,53,54,47,62,105,62,51,124,123,238,31,85,73,194,99,228,84,68,70,73,105,89,10,14,13,94,111,88,89,83,87,84,92,82,106,92,73,90,67,220,249,12,45,116,104,107,3]
CFO=-860.381083505706,STO=2
EsN0dB=2.94,GRXdB=10,N0=0.009999999776482582
packet_number=673,correct=False,payload=[0,16,0,45,200,7,7,39,216,71,43,149,6,65,46,159,128,17,4,147,17,12,197,218,58,29,134,25,24,28,30,79,176,33,226,49,56,34,39,51,0,51,58,98,122,29,174,22,24,221,144,59,152,121,54,119,42,61,40,50,28,61,22,47,65,82,192,131,55,215,70,35,152,93,44,97,230,52,10,7,64,129,194,115,84,20,230,30,153,211,2,12,124,5,79,63,112,107,238,99]
CFO=-1067.123972771116,STO=4
EsN0dB=2.01,GRXdB=10,N0=0.009999999776482582
packet_number=674,correct=False,payload=[209,65,144,3,36,5,191,23,5,152,3,139,67,9,140,140,22,17,3,25,13,16,70,155,8,13,26,43,29,157,94,31,33,53,96,171,6,39,46,35,104,41,38,251,143,110,174,47,16,32,118,122,54,29,50,45,31,56,58,23,29,20,22,63,98,149,96,83,64,5,92,77,80,40,5,143,92,76,206,206,114,73,210,66,236,94,70,51,28,89,146,91,105,109,92,30,196,118,170,35]
CFO=-860.4853743281891,STO=3
EsN0dB=2.50,GRXdB=10,N0=0.009999999776482582
packet_number=675,correct=True,payload=[180,6,2,132,41,78,70,146,20,6,24,59,4,94,38,106,6,102,99,107,44,46,219,182,116,119,16,43,60,126,64,98,57,78,0,78,12,12,80,119,118,83,112,248,220,92,168,38,97,118,100,74,108,100,80,182,124,127,250,59,116,236,138,162,128,134,161,195,141,158,208,211,149,148,145,138,156,126,177,195,164,163,168,184,196,170,177,147,116,182,184,190,188,190,224,215,197,207,135,36]
CFO=-1292.1766900685936,STO=7
EsN0dB=2.44,GRXdB=10,N0=0.009999999776482582
packet_number=676,correct=False,payload=[37,17,2,128,6,5,69,46,11,97,32,57,28,13,7,47,68,51,146,151,0,21,6,3,57,95,208,50,43,178,15,95,128,43,136,39,35,53,47,167,40,47,42,40,44,32,150,34,56,56,178,107,20,52,86,55,29,83,181,171,56,119,61,61,0,65,66,64,100,133,70,7,250,72,30,71,45,79,74,11,116,209,129,131,118,68,87,94,94,16,27,171,60,254,94,66,97,110,242,73]
CFO=775.2913338776276,STO=5
EsN0dB=2.51,GRXdB=10,N0=0.009999999776482582
packet_number=677,correct=False,payload=[35,81,66,17,34,0,66,99,8,43,11,15,141,197,10,13,2,21,50,51,84,61,150,7,92,27,18,25,60,31,30,223,33,184,50,131,38,1,124,103,77,9,41,169,156,45,174,47,48,35,146,35,55,48,22,182,50,37,131,78,58,189,62,63,82,177,33,65,92,81,14,202,40,9,74,11,68,44,14,15,90,69,66,91,116,93,240,55,74,156,90,89,61,125,254,107,96,131,34,91]
CFO=-1378.4865652429369,STO=6
EsN0dB=2.97,GRXdB=10,N0=0.009999999776482582
packet_number=678,correct=False,payload=[16,34,0,3,37,5,10,39,72,35,10,7,0,12,222,62,176,55,4,19,30,149,22,22,94,190,26,11,28,25,58,95,104,33,107,11,111,127,247,37,116,41,42,23,44,23,78,41,36,49,50,115,180,23,58,165,49,61,250,19,63,45,126,127,65,65,6,82,68,29,206,103,64,89,32,106,72,14,94,195,80,89,214,83,84,213,148,7,72,91,217,153,92,124,89,223,244,104,106,99]
CFO=-1500.1306928251138,STO=7
EsN0dB=2.81,GRXdB=10,N0=0.009999999776482582
packet_number=679,correct=False,payload=[18,209,24,15,140,17,21,15,16,5,131,43,12,13,74,15,32,8,50,75,51,7,118,54,20,25,31,17,188,21,148,157,96,42,162,163,96,39,226,39,45,10,50,43,52,111,42,111,50,61,96,43,36,116,126,107,42,57,26,55,28,107,255,127,75,69,214,71,5,69,2,71,208,105,90,11,94,77,70,199,80,65,19,83,214,51,87,87,25,105,88,217,220,92,94,28,101,81,206,195]
CFO=-1188.0440528694025,STO=4
EsN0dB=2.56,GRXdB=10,N0=0.009999999776482582
packet_number=680,correct=False,payload=[10,5,3,5,4,37,71,7,136,40,42,75,19,53,175,130,16,20,18,89,150,20,6,117,24,185,14,215,12,29,12,63,32,55,43,107,148,37,68,6,40,57,10,27,44,173,14,102,48,97,57,83,37,53,62,22,57,89,62,27,36,109,186,63,201,73,8,99,96,193,2,87,78,139,106,78,76,13,76,71,86,81,94,195,86,69,255,91,89,92,88,90,125,121,94,92,128,43,227,99]
CFO=88.135757569361,STO=2
EsN0dB=2.62,GRXdB=10,N0=0.009999999776482582
packet_number=681,correct=False,payload=[130,73,96,208,32,64,176,4,48,104,240,128,160,96,97,133,231,220,196,2,42,102,2,198,242,96,170,19,39,67,99,211,3,66,68,164,116,99,36,192,224,229,244,151,237,5,117,132,229,204,231,10,100,101,114,198,162,199,235,36,50,7,230,163,165,67,251,92,40,204,236,220,60,234,172,73,36,1,249,128,168,77,226,26,3,74,14,162,72,216,107,3,43,185,127,169,170,195,246,3]
